OrderID,LineNo,OrderDate,ShipDate,StoreID,CustomerID,SKU,Quantity,UnitPrice,DiscountPct,Currency
SO-2023-004176,3,2023-05-06,2023-05-06,PL-KRK-01,C000413,VM-APP-0004,3,229.19,0.0,PLN
SO-2023-004262,1,2023-05-08,2023-05-08,PL-WAW-01,,VM-EBK-0003,1,8680.94,0.0,PLN
SO-2023-004372,3,2023-05-09,2023-05-11,CZ-WEB-01,C000461,VM-ACC-0017,3,288.0,0.0,CZK
SO-2023-004418,1,2023-05-10,2023-05-13,PL-MKT-01,C000820,VM-APP-0014,1,467.94,0.0,PLN
SO-2023-004582,1,2023-05-13,2023-05-14,PL-WEB-01,C000748,VM-BIK-0014,3,3657.64,0.1,PLN
SO-2023-004636,1,2023-05-14,2023-05-15,DE-WEB-01,C001482,VM-BIK-0009,1,1171.19,0.0,EUR
SO-2023-004923,3,2023-05-20,2023-05-20,PL-KRK-01,C002175,VM-NUT-0004,4,6.68,0.0,PLN
SO-2023-005018,3,2023-05-22,2023-05-22,PL-KRK-01,,VM-BIK-0017,1,1824.04,0.0,PLN
SO-2023-005085,1,2023-05-23,2023-05-23,PL-KRK-01,,VM-APP-0001,3,439.29,0.0,PLN
SO-2023-005216,4,2023-05-25,2023-05-25,PL-GDN-01,C001048,VM-APP-0006,2,296.04,0.12,PLN
SO-2023-005236,1,2023-05-25,2023-05-27,PL-MKT-01,C000919,VM-NUT-0006,7,9.54,0.0,PLN
SO-2023-005261,1,2023-05-26,2023-05-26,PL-WAW-01,C002317,VM-NUT-0009,2,81.17,0.05,PLN
SO-2023-005489,1,2023-05-29,2023-05-31,DE-WEB-01,C000604,VM-CMP-0018,1,12.87,0.0,EUR
SO-2023-005509,2,2023-05-30,2023-05-30,PL-WRO-01,C002429,VM-NUT-0010,4,33.42,0.0,PLN
SO-2023-005535,2,2023-05-30,2023-06-01,PL-WEB-01,C000697,VM-APP-0002,2,420.19,0.0,PLN
SO-2023-005610,1,2023-05-31,2023-06-02,DE-WEB-01,C002480,VM-CMP-0015,2,191.04,0.0,EUR
SO-2023-005615,1,2023-06-01,2023-06-01,PL-WAW-01,C001998,VM-CMP-0009,1,334.24,0.0,PLN
SO-2023-005616,1,2023-06-01,2023-06-01,PL-WAW-01,C001630,VM-ACC-0021,1,744.89,0.0,PLN
SO-2023-005617,1,2023-06-01,2023-06-01,PL-WAW-01,C000765,VM-NUT-0010,4,33.42,0.0,PLN
SO-2023-005617,2,2023-06-01,2023-06-01,PL-WAW-01,C000765,VM-BIK-0013,1,4583.99,0.0,PLN
SO-2023-005617,3,2023-06-01,2023-06-01,PL-WAW-01,C000765,VM-APP-0012,1,830.84,0.0,PLN
SO-2023-005618,1,2023-06-01,2023-06-01,PL-WAW-02,C000529,VM-NUT-0001,7,8.59,0.05,PLN
SO-2023-005619,1,2023-06-01,2023-06-01,PL-WAW-02,C001499,VM-NUT-0010,2,33.42,0.05,PLN
SO-2023-005619,2,2023-06-01,2023-06-01,PL-WAW-02,C001499,VM-BIK-0012,1,11278.54,0.05,PLN
SO-2023-005619,3,2023-06-01,2023-06-01,PL-WAW-02,C001499,VM-APP-0001,1,439.29,0.05,PLN
SO-2023-005619,4,2023-06-01,2023-06-01,PL-WAW-02,C001499,VM-ACC-0021,1,744.89,0.05,PLN
SO-2023-005620,1,2023-06-01,2023-06-01,PL-KRK-01,C000350,VM-APP-0012,1,830.84,0.0,PLN
SO-2023-005621,1,2023-06-01,2023-06-01,PL-KRK-01,C002007,VM-BIK-0013,1,4583.99,0.0,PLN
SO-2023-005621,2,2023-06-01,2023-06-01,PL-KRK-01,C002007,VM-ACC-0013,1,162.34,0.0,PLN
SO-2023-005621,3,2023-06-01,2023-06-01,PL-KRK-01,C002007,VM-ACC-0003,1,276.94,0.0,PLN
SO-2023-005621,4,2023-06-01,2023-06-01,PL-KRK-01,C002007,VM-APP-0003,2,296.04,0.0,PLN
SO-2023-005622,1,2023-06-01,2023-06-01,PL-KRK-01,C000861,VM-CMP-0016,1,2349.29,0.0,PLN
SO-2023-005622,2,2023-06-01,2023-06-01,PL-KRK-01,C000861,VM-ACC-0017,3,55.38,0.0,PLN
SO-2023-005622,3,2023-06-01,2023-06-01,PL-KRK-01,C000861,VM-NUT-0002,4,14.32,0.0,PLN
SO-2023-005623,1,2023-06-01,2023-06-01,PL-KRK-01,C000406,VM-BIK-0013,1,4583.99,0.0,PLN
SO-2023-005623,2,2023-06-01,2023-06-01,PL-KRK-01,C000406,VM-ACC-0008,2,381.99,0.0,PLN
SO-2023-005624,1,2023-06-01,2023-06-01,PL-KRK-01,,VM-APP-0020,1,171.89,0.0,PLN
SO-2023-005624,2,2023-06-01,2023-06-01,PL-KRK-01,,VM-CMP-0001,1,381.99,0.0,PLN
SO-2023-005624,3,2023-06-01,2023-06-01,PL-KRK-01,,VM-BIK-0012,1,11278.54,0.0,PLN
SO-2023-005624,4,2023-06-01,2023-06-01,PL-KRK-01,,VM-CMP-0012,1,515.69,0.0,PLN
SO-2023-005625,1,2023-06-01,2023-06-01,PL-KRK-01,C002483,VM-BIK-0011,1,8260.74,0.0,PLN
SO-2023-005626,1,2023-06-01,2023-06-01,PL-KRK-01,C002484,VM-APP-0010,2,162.34,0.0,PLN
SO-2023-005627,1,2023-06-01,2023-06-01,PL-KRK-01,,VM-ACC-0007,2,343.79,0.0,PLN
SO-2023-005628,1,2023-06-01,2023-06-01,PL-WRO-01,C002485,VM-ACC-0006,2,907.24,0.0,PLN
SO-2023-005628,2,2023-06-01,2023-06-01,PL-WRO-01,C002485,VM-ACC-0009,2,381.99,0.0,PLN
SO-2023-005628,3,2023-06-01,2023-06-01,PL-WRO-01,C002485,VM-ACC-0014,1,105.04,0.0,PLN
SO-2023-005628,4,2023-06-01,2023-06-01,PL-WRO-01,C002485,VM-NUT-0006,3,9.54,0.0,PLN
SO-2023-005629,1,2023-06-01,2023-06-01,PL-WRO-01,,VM-ACC-0019,3,47.74,0.0,PLN
SO-2023-005629,2,2023-06-01,2023-06-01,PL-WRO-01,,VM-CMP-0023,3,56.34,0.0,PLN
SO-2023-005629,3,2023-06-01,2023-06-01,PL-WRO-01,,VM-BIK-0021,1,1193.74,0.0,PLN
SO-2023-005630,1,2023-06-01,2023-06-01,PL-WRO-01,,VM-BIK-0020,1,1155.54,0.0,PLN
SO-2023-005631,1,2023-06-01,2023-06-01,PL-WRO-01,C001903,VM-APP-0010,1,162.34,0.0,PLN
SO-2023-005631,2,2023-06-01,2023-06-01,PL-WRO-01,C001903,VM-ACC-0017,1,55.38,0.0,PLN
SO-2023-005631,3,2023-06-01,2023-06-01,PL-WRO-01,C001903,VM-APP-0008,2,152.79,0.0,PLN
SO-2023-005632,1,2023-06-01,2023-06-01,PL-GDN-01,C000210,VM-APP-0009,1,334.24,0.0,PLN
SO-2023-005632,2,2023-06-01,2023-06-01,PL-GDN-01,C000210,VM-EBK-0002,1,9502.24,0.0,PLN
SO-2023-005632,3,2023-06-01,2023-06-01,PL-GDN-01,C000210,VM-BIK-0007,1,6732.74,0.0,PLN
SO-2023-005633,1,2023-06-01,2023-06-01,PL-GDN-01,C002486,VM-BIK-0010,5,6035.59,0.12,PLN
SO-2023-005634,1,2023-06-01,2023-06-01,PL-GDN-01,C002487,VM-NUT-0007,4,12.41,0.1,PLN
SO-2023-005635,1,2023-06-01,2023-06-01,PL-GDN-01,C002351,VM-NUT-0004,6,6.68,0.0,PLN
SO-2023-005635,2,2023-06-01,2023-06-01,PL-GDN-01,C002351,VM-CMP-0002,1,534.79,0.0,PLN
SO-2023-005635,3,2023-06-01,2023-06-01,PL-GDN-01,C002351,VM-EBK-0003,1,8680.94,0.0,PLN
SO-2023-005636,1,2023-06-01,2023-06-01,PL-GDN-01,,VM-ACC-0002,2,582.54,0.0,PLN
SO-2023-005637,1,2023-06-01,2023-06-01,PL-GDN-01,C002488,VM-CMP-0017,1,477.49,0.0,PLN
SO-2023-005638,1,2023-06-01,2023-06-01,PL-POZ-01,,VM-BIK-0008,1,5071.04,0.0,PLN
SO-2023-005639,1,2023-06-01,2023-06-02,PL-WEB-01,C002489,VM-NUT-0010,4,33.42,0.0,PLN
SO-2023-005640,1,2023-06-01,2023-06-02,PL-WEB-01,C002460,VM-ACC-0020,1,773.54,0.0,PLN
SO-2023-005640,2,2023-06-01,2023-06-02,PL-WEB-01,C002460,VM-NUT-0004,7,6.68,0.0,PLN
SO-2023-005641,1,2023-06-01,2023-06-02,PL-WEB-01,C001055,VM-NUT-0009,1,81.17,0.05,PLN
SO-2023-005642,1,2023-06-01,2023-06-05,PL-WEB-01,C002490,VM-ACC-0008,1,381.99,0.0,PLN
SO-2023-005642,2,2023-06-01,2023-06-05,PL-WEB-01,C002490,VM-CMP-0013,2,506.14,0.0,PLN
SO-2023-005642,3,2023-06-01,2023-06-05,PL-WEB-01,C002490,vm-acc-0018,1,47.74,0.0,PLN
SO-2023-005643,1,2023-06-01,2023-06-02,PL-WEB-01,C000928,VM-NUT-0003,4,10.5,0.0,PLN
SO-2023-005644,1,2023-06-01,2023-06-05,PL-WEB-01,C000803,VM-CMP-0022,2,34.37,0.0,PLN
SO-2023-005644,2,2023-06-01,2023-06-05,PL-WEB-01,C000803,VM-APP-0010,2,162.34,0.0,PLN
SO-2023-005644,3,2023-06-01,2023-06-05,PL-WEB-01,C000803,VM-APP-0011,1,391.54,0.0,PLN
SO-2023-005645,1,2023-06-01,2023-06-03,PL-WEB-01,C002491,VM-ACC-0008,2,381.99,0.0,PLN
SO-2023-005645,2,2023-06-01,2023-06-03,PL-WEB-01,C002491,VM-EBK-0010,1,12882.94,0.0,PLN
SO-2023-005645,3,2023-06-01,2023-06-03,PL-WEB-01,C002491,VM-BIK-0013,1,4583.99,0.0,PLN
SO-2023-005646,1,2023-06-01,2023-06-05,PL-WEB-01,C002492,VM-APP-0006,2,296.04,0.0,PLN
SO-2023-005647,1,2023-06-01,2023-06-04,PL-WEB-01,C001486,VM-CMP-0017,2,477.49,0.0,PLN
SO-2023-005648,1,2023-06-01,2023-06-04,PL-WEB-01,C001781,VM-BIK-0008,1,5071.04,0.05,PLN
SO-2023-005649,1,2023-06-01,2023-06-02,PL-WEB-01,C002145,VM-ACC-0008,4,381.99,0.1,PLN
SO-2023-005649,2,2023-06-01,2023-06-02,PL-WEB-01,C002145,VM-CMP-0013,2,506.14,0.1,PLN
SO-2023-005650,1,2023-06-01,2023-06-03,PL-WEB-01,C002149,VM-CMP-0015,2,878.59,0.1,PLN
SO-2023-005650,2,2023-06-01,2023-06-03,PL-WEB-01,C002149,VM-BIK-0009,1,5386.19,0.0,PLN
SO-2023-005651,1,2023-06-01,2023-06-05,PL-WEB-01,C002493,VM-CMP-0017,1,477.49,0.0,PLN
SO-2023-005652,1,2023-06-01,2023-06-03,PL-WEB-01,C001950, VM-CMP-0017 ,2,477.49,0.0,PLN
SO-2023-005652,2,2023-06-01,2023-06-03,PL-WEB-01,C001950,VM-BIK-0007,1,6732.74,0.0,PLN
SO-2023-005652,3,2023-06-01,2023-06-03,PL-WEB-01,C001950,VM-ACC-0021,1,744.89,0.0,PLN
SO-2023-005652,4,2023-06-01,2023-06-03,PL-WEB-01,C001950,VM-BIK-0017,1,1824.04,0.0,PLN
SO-2023-005653,1,2023-06-01,2023-06-03,PL-MKT-01,C001995,VM-APP-0002,2,420.19,0.0,PLN
SO-2023-005653,2,2023-06-01,2023-06-03,PL-MKT-01,C001995,VM-CMP-0010,2,372.44,0.0,PLN
SO-2023-005653,3,2023-06-01,2023-06-03,PL-MKT-01,C001995,VM-NUT-0006,3,9.54,0.0,PLN
SO-2023-005654,1,2023-06-01,2023-06-04,PL-MKT-01,C000413,VM-ACC-0011,1,68.75,0.0,PLN
SO-2023-005654,2,2023-06-01,2023-06-04,PL-MKT-01,C000413,VM-BIK-0004,1,4077.84,0.0,PLN
SO-2023-005655,1,2023-06-01,2023-06-04,PL-MKT-01,C002494,VM-APP-0012,1,830.84,0.0,PLN
SO-2023-005655,2,2023-06-01,2023-06-04,PL-MKT-01,C002494,VM-EBK-0008,1,14420.49,0.0,PLN
SO-2023-005655,3,2023-06-01,2023-06-04,PL-MKT-01,C002494,VM-BIK-0019,1,1155.54,0.0,PLN
SO-2023-005656,1,2023-06-01,2023-06-05,PL-MKT-01,C002495,VM-NUT-0003,4,10.5,0.0,PLN
SO-2023-005656,2,2023-06-01,2023-06-05,PL-MKT-01,C002495,VM-APP-0017,2,181.44,0.0,PLN
SO-2023-005656,3,2023-06-01,2023-06-05,PL-MKT-01,C002495,VM-BIK-0002,1,9196.64,0.0,PLN
SO-2023-005657,1,2023-06-01,2023-06-03,PL-MKT-01,C001644,VM-BIK-0007,2,6732.74,0.1,PLN
SO-2023-005657,2,2023-06-01,2023-06-03,PL-MKT-01,C001644,VM-ACC-0013,2,162.34,0.1,PLN
SO-2023-005657,3,2023-06-01,2023-06-03,PL-MKT-01,C001644,VM-APP-0010,2,162.34,0.1,PLN
SO-2023-005658,1,2023-06-01,2023-06-04,PL-MKT-01,C000338, VM-CMP-0015 ,2,878.59,0.1,PLN
SO-2023-005658,2,2023-06-01,2023-06-04,PL-MKT-01,C000338,VM-NUT-0011,4,51.56,0.12,PLN
SO-2023-005658,3,2023-06-01,2023-06-04,PL-MKT-01,C000338,VM-BIK-0004,5,4077.84,0.12,PLN
SO-2023-005658,4,2023-06-01,2023-06-04,PL-MKT-01,C000338,VM-NUT-0009,20,81.17,0.08,PLN
SO-2023-005659,1,2023-06-01,2023-06-05,PL-MKT-01,C002496,VM-CMP-0004,1,687.59,0.0,PLN
SO-2023-005660,1,2023-06-01,2023-06-02,PL-MKT-01,C002497,VM-APP-0002,1,420.19,0.0,PLN
SO-2023-005660,2,2023-06-01,2023-06-02,PL-MKT-01,C002497,VM-NUT-0004,5,6.68,0.0,PLN
SO-2023-005660,3,2023-06-01,2023-06-02,PL-MKT-01,C002497,VM-BIK-0009,1,5386.19,0.0,PLN
SO-2023-005660,4,2023-06-01,2023-06-02,PL-MKT-01,C002497,VM-NUT-0011,3,51.56,0.0,PLN
SO-2023-005661,1,2023-06-01,2023-06-03,PL-MKT-01,C002198,VM-ACC-0014,1,105.04,0.0,PLN
SO-2023-005662,1,2023-06-01,2023-06-01,CZ-PRG-01,C000616,VM-BIK-0007,1,35140.0,0.0,CZK
SO-2023-005662,2,2023-06-01,2023-06-01,CZ-PRG-01,C000616,VM-NUT-0004,3,35.0,0.0,CZK
SO-2023-005663,1,2023-06-01,2023-06-01,CZ-PRG-01,C002498,VM-BIK-0006,1,32847.0,0.0,CZK
SO-2023-005664,1,2023-06-01,2023-06-01,CZ-PRG-01,C002475,VM-APP-0008,2,797.0,0.05,CZK
SO-2023-005664,2,2023-06-01,2023-06-01,CZ-PRG-01,C002475,VM-EBK-0007,1,73270.0,0.0,CZK
SO-2023-005665,1,2023-06-01,2023-06-03,CZ-WEB-01,C002499,VM-ACC-0010,1,1246.0,0.05,CZK
SO-2023-005666,1,2023-06-01,2023-06-03,CZ-WEB-01,C002500,VM-CMP-0017,2,2492.0,0.0,CZK
SO-2023-005666,2,2023-06-01,2023-06-03,CZ-WEB-01,C002500,VM-BIK-0003,1,32598.0,0.0,CZK
SO-2023-005667,1,2023-06-01,2023-06-03,CZ-WEB-01,C000822,VM-CMP-0013,1,2642.0,0.1,CZK
SO-2023-005667,2,2023-06-01,2023-06-03,CZ-WEB-01,C000822,VM-NUT-0005,6,45.0,0.0,CZK
SO-2023-005668,1,2023-06-01,2023-06-04,CZ-WEB-01,C000718,VM-NUT-0006,9,50.0,0.0,CZK
SO-2023-005669,1,2023-06-01,2023-06-01,DE-BER-01,C000660,VM-ACC-0023,1,194.43,0.0,EUR
SO-2023-005670,1,2023-06-01,2023-06-01,DE-BER-01,C002481,VM-BIK-0004,1,892.72,0.05,EUR
SO-2023-005671,1,2023-06-01,2023-06-01,DE-BER-01,C000675,VM-CMP-0008,1,91.99,0.05,EUR
SO-2023-005671,2,2023-06-01,2023-06-01,DE-BER-01,C000675,VM-NUT-0011,4,11.29,0.05,EUR
SO-2023-005672,1,2023-06-01,2023-06-04,DE-WEB-01,C002501,VM-ACC-0013,1,35.54,0.0,EUR
SO-2023-005672,2,2023-06-01,2023-06-04,DE-WEB-01,C002501,VM-ACC-0007,2,75.26,0.0,EUR
SO-2023-005673,1,2023-06-01,2023-06-04,DE-WEB-01,C002502,VM-BIK-0012,1,2469.09,0.0,EUR
SO-2023-005673,2,2023-06-01,2023-06-04,DE-WEB-01,C002502,VM-ACC-0007,2,75.26,0.0,EUR
SO-2023-005673,3,2023-06-01,2023-06-04,DE-WEB-01,C002502,VM-APP-0017,1,39.72,0.0,EUR
SO-2023-005674,1,2023-06-01,2023-06-05,DE-WEB-01,C000165,VM-BIK-0002,1,2013.32,0.0,EUR
SO-2023-005675,1,2023-06-01,2023-06-05,DE-WEB-01,C002422,VM-EBK-0009,1,2071.86,0.0,EUR
SO-2023-005676,1,2023-06-01,2023-06-03,DE-WEB-01,C001437,VM-ACC-0008,1,83.62,0.0,EUR
SO-2023-005676,2,2023-06-01,2023-06-03,DE-WEB-01,C001437,VM-CMP-0015,1,192.34,0.0,EUR
SO-2023-005677,1,2023-06-01,2023-06-04,DE-WEB-01,C002503,VM-APP-0003,2,64.81,0.0,EUR
SO-2023-005678,1,2023-06-02,2023-06-02,PL-WAW-01,,VM-EBK-0003,1,8680.94,0.0,PLN
SO-2023-005679,1,2023-06-02,2023-06-02,PL-WAW-01,C001259,VM-NUT-0005,4,8.59,0.0,PLN
SO-2023-005680,1,2023-06-02,2023-06-02,PL-WAW-01,,VM-BIK-0010,1,6035.59,0.0,PLN
SO-2023-005680,2,2023-06-02,2023-06-02,PL-WAW-01,,VM-ACC-0008,2,381.99,0.0,PLN
SO-2023-005680,3,2023-06-02,2023-06-02,PL-WAW-01,,VM-CMP-0008,2,420.19,0.0,PLN
SO-2023-005681,1,2023-06-02,2023-06-02,PL-WAW-01,C002504,VM-CMP-0002,1,534.79,0.05,PLN
SO-2023-005681,2,2023-06-02,2023-06-02,PL-WAW-01,C002504,VM-CMP-0017,1,477.49,0.05,PLN
SO-2023-005682,1,2023-06-02,2023-06-02,PL-WAW-01,,VM-ACC-0013,1,162.34,0.0,PLN
SO-2023-005683,1,2023-06-02,2023-06-02,PL-WAW-01,C001851,VM-NUT-0001,8,8.59,0.1,PLN
SO-2023-005683,2,2023-06-02,2023-06-02,PL-WAW-01,C001851,VM-NUT-0005,14,8.59,0.08,PLN
SO-2023-005683,3,2023-06-02,2023-06-02,PL-WAW-01,C001851,VM-CMP-0017,8,477.49,0.08,PLN
SO-2023-005684,1,2023-06-02,2023-06-02,PL-WAW-01,,VM-ACC-0008,1,381.99,0.0,PLN
SO-2023-005684,2,2023-06-02,2023-06-02,PL-WAW-01,,VM-NUT-0006,11,9.54,0.0,PLN
SO-2023-005685,1,2023-06-02,2023-06-02,PL-WAW-01,C001560,VM-BIK-0021,1,1193.74,0.05,PLN
SO-2023-005685,2,2023-06-02,2023-06-02,PL-WAW-01,C001560,VM-NUT-0009,1,81.17,0.1,PLN
SO-2023-005686,1,2023-06-02,2023-06-02,PL-WAW-02,C001725,VM-BIK-0001,1,13073.94,0.0,PLN
SO-2023-005687,1,2023-06-02,2023-06-02,PL-WAW-02,C002505,VM-CMP-0017,1,477.49,0.0,PLN
SO-2023-005688,1,2023-06-02,2023-06-02,PL-WAW-02,C002506,VM-APP-0012,1,830.84,0.0,PLN
SO-2023-005689,1,2023-06-02,2023-06-02,PL-WAW-02,C001819,VM-NUT-0010,1,33.42,0.1,PLN
SO-2023-005690,1,2023-06-02,2023-06-02,PL-WAW-02,C000579,VM-APP-0018,2,124.14,0.0,PLN
SO-2023-005691,1,2023-06-02,2023-06-02,PL-KRK-01,C002507,vm-acc-0014,1,105.04,0.1,PLN
SO-2023-005691,2,2023-06-02,2023-06-02,PL-KRK-01,C002507,VM-NUT-0009,3,81.17,0.05,PLN
SO-2023-005692,1,2023-06-02,2023-06-02,PL-KRK-01,C000555,VM-BIK-0005,1,7076.54,0.05,PLN
SO-2023-005692,2,2023-06-02,2023-06-02,PL-KRK-01,C000555,VM-ACC-0007,2,343.79,0.05,PLN
SO-2023-005693,1,2023-06-02,2023-06-02,PL-KRK-01,C002121,VM-BIK-0004,1,4077.84,0.0,PLN
SO-2023-005693,2,2023-06-02,2023-06-02,PL-KRK-01,C002121,VM-ACC-0004,1,744.89,0.0,PLN
SO-2023-005693,3,2023-06-02,2023-06-02,PL-KRK-01,C002121,VM-ACC-0018,1,47.74,0.0,PLN
SO-2023-005694,1,2023-06-02,2023-06-02,PL-KRK-01,, VM-ACC-0020 ,1,773.54,0.0,PLN
SO-2023-005695,1,2023-06-02,2023-06-02,PL-KRK-01,C002508, VM-BIK-0007 ,1,6732.74,0.0,PLN
SO-2023-005695,2,2023-06-02,2023-06-02,PL-KRK-01,C002508,VM-ACC-0017,1,55.38,0.0,PLN
SO-2023-005696,1,2023-06-02,2023-06-02,PL-KRK-01,C001634,VM-ACC-0008,1,381.99,0.0,PLN
SO-2023-005697,1,2023-06-02,2023-06-02,PL-WRO-01,C002300,VM-BIK-0020,1,1155.54,0.05,PLN
SO-2023-005698,1,2023-06-02,2023-06-02,PL-WRO-01,C002509,VM-BIK-0007,1,6732.74,0.0,PLN
SO-2023-005698,2,2023-06-02,2023-06-02,PL-WRO-01,C002509,VM-ACC-0008,2,381.99,0.0,PLN
SO-2023-005699,1,2023-06-02,2023-06-02,PL-WRO-01,,VM-EBK-0003,1,8680.94,0.0,PLN
SO-2023-005699,2,2023-06-02,2023-06-02,PL-WRO-01,,VM-ACC-0009,1,381.99,0.0,PLN
SO-2023-005700,1,2023-06-02,2023-06-02,PL-WRO-01,C000983,VM-ACC-0014,1,105.04,0.05,PLN
SO-2023-005700,2,2023-06-02,2023-06-02,PL-WRO-01,C000983,VM-APP-0002,1,420.19,0.1,PLN
SO-2023-005700,3,2023-06-02,2023-06-02,PL-WRO-01,C000983,VM-BIK-0009,1,5386.19,0.05,PLN
SO-2023-005700,4,2023-06-02,2023-06-02,PL-WRO-01,C000983,VM-BIK-0007,1,6732.74,0.05,PLN
SO-2023-005701,1,2023-06-02,2023-06-02,PL-WRO-01,C002510,VM-BIK-0005,1,7076.54,0.0,PLN
SO-2023-005701,2,2023-06-02,2023-06-02,PL-WRO-01,C002510,VM-ACC-0008,2,381.99,0.0,PLN
SO-2023-005702,1,2023-06-02,2023-06-02,PL-GDN-01,C002292,VM-NUT-0006,6,9.54,0.0,PLN
SO-2023-005702,2,2023-06-02,2023-06-02,PL-GDN-01,C002292,VM-CMP-0017,2,477.49,0.0,PLN
SO-2023-005703,1,2023-06-02,2023-06-02,PL-GDN-01,C001619,VM-BIK-0016,1,3428.44,0.05,PLN
SO-2023-005704,1,2023-06-02,2023-06-02,PL-GDN-01,,VM-ACC-0020,1,773.54,0.0,PLN
SO-2023-005705,1,2023-06-02,2023-06-02,PL-GDN-01,,VM-BIK-0020,1,1155.54,0.0,PLN
SO-2023-005706,1,2023-06-02,2023-06-02,PL-GDN-01,C002511,vm-acc-0006,1,907.24,0.1,PLN
SO-2023-005707,1,2023-06-02,2023-06-03,PL-WEB-01,C002512,VM-NUT-0011,3,51.56,0.0,PLN
SO-2023-005708,1,2023-06-02,2023-06-05,PL-WEB-01,C000443,VM-ACC-0009,1,381.99,0.0,PLN
SO-2023-005708,2,2023-06-02,2023-06-05,PL-WEB-01,C000443,VM-CMP-0023,2,56.34,0.05,PLN
SO-2023-005708,3,2023-06-02,2023-06-05,PL-WEB-01,C000443,VM-APP-0013,1,420.19,0.0,PLN
SO-2023-005709,1,2023-06-02,2023-06-06,PL-WEB-01,C002513,VM-ACC-0011,2,68.75,0.05,PLN
SO-2023-005709,2,2023-06-02,2023-06-06,PL-WEB-01,C002513,VM-ACC-0008,2,381.99,0.05,PLN
SO-2023-005709,3,2023-06-02,2023-06-06,PL-WEB-01,C002513,VM-NUT-0004,11,6.68,0.05,PLN
SO-2023-005710,1,2023-06-02,2023-06-06,PL-WEB-01,C000238,VM-BIK-0011,1,8260.74,0.0,PLN
SO-2023-005710,2,2023-06-02,2023-06-06,PL-WEB-01,C000238,VM-ACC-0008,1,381.99,0.0,PLN
SO-2023-005711,1,2023-06-02,2023-06-06,PL-WEB-01,C001218,VM-APP-0020,1,171.89,0.0,PLN
SO-2023-005711,2,2023-06-02,2023-06-06,PL-WEB-01,C001218,VM-ACC-0010,2,238.74,0.0,PLN
SO-2023-005711,3,2023-06-02,2023-06-06,PL-WEB-01,C001218,VM-ACC-0007,2,343.79,0.0,PLN
SO-2023-005711,4,2023-06-02,2023-06-06,PL-WEB-01,C001218,VM-CMP-0017,2,477.49,0.0,PLN
SO-2023-005712,1,2023-06-02,2023-06-03,PL-WEB-01,C002514,VM-ACC-0021,1,744.89,0.0,PLN
SO-2023-005713,1,2023-06-02,2023-06-03,PL-WEB-01,C002515,VM-BIK-0017,1,1824.04,0.0,PLN
SO-2023-005713,2,2023-06-02,2023-06-03,PL-WEB-01,C002515,VM-ACC-0007,2,343.79,0.0,PLN
SO-2023-005714,1,2023-06-02,2023-06-05,PL-WEB-01,C002516,VM-NUT-0001,4,8.59,0.0,PLN
SO-2023-005714,2,2023-06-02,2023-06-05,PL-WEB-01,C002516,VM-CMP-0006,2,190.99,0.0,PLN
SO-2023-005714,3,2023-06-02,2023-06-05,PL-WEB-01,C002516,VM-BIK-0017,1,1824.04,0.0,PLN
SO-2023-005715,1,2023-06-02,2023-06-05,PL-WEB-01,C001557,VM-ACC-0008,2,381.99,0.0,PLN
SO-2023-005716,1,2023-06-02,2023-06-05,PL-WEB-01,C002517,VM-APP-0015,1,544.34,0.0,PLN
SO-2023-005717,1,2023-06-02,2023-06-04,PL-WEB-01,C000238,VM-ACC-0014,1,105.04,0.0,PLN
SO-2023-005718,1,2023-06-02,2023-06-04,PL-WEB-01,C002518,VM-NUT-0010,1,33.42,0.0,PLN
SO-2023-005719,1,2023-06-02,2023-06-04,PL-WEB-01,C002519,VM-ACC-0001,1,362.89,0.05,PLN
SO-2023-005719,2,2023-06-02,2023-06-04,PL-WEB-01,C002519,VM-APP-0010,1,162.34,0.05,PLN
SO-2023-005720,1,2023-06-02,2023-06-05,PL-WEB-01,C002520,VM-NUT-0006,3,9.54,0.0,PLN
SO-2023-005721,1,2023-06-02,2023-06-05,PL-WEB-01,C001375,VM-EBK-0010,1,12882.94,0.0,PLN
SO-2023-005722,1,2023-06-02,2023-06-03,PL-MKT-01,C000778,VM-CMP-0019,1,200.54,0.0,PLN
SO-2023-005723,1,2023-06-02,2023-06-06,PL-MKT-01,C002521,VM-CMP-0009,2,334.24,0.05,PLN
SO-2023-005724,1,2023-06-02,2023-06-06,PL-MKT-01,C000528,VM-BIK-0008,1,5071.04,0.0,PLN
SO-2023-005725,1,2023-06-02,2023-06-04,PL-MKT-01,C001442,VM-CMP-0008,2,420.19,0.05,PLN
SO-2023-005725,2,2023-06-02,2023-06-04,PL-MKT-01,C001442,VM-APP-0008,2,152.79,0.05,PLN
SO-2023-005725,3,2023-06-02,2023-06-04,PL-MKT-01,C001442,VM-APP-0002,1,420.19,0.05,PLN
SO-2023-005726,1,2023-06-02,2023-06-02,CZ-PRG-01,C002285,VM-BIK-0016,4,17894.0,0.1,CZK
SO-2023-005727,1,2023-06-02,2023-06-02,CZ-PRG-01,,VM-BIK-0001,1,68236.0,0.0,CZK
SO-2023-005728,1,2023-06-02,2023-06-02,CZ-PRG-01,C001202,VM-BIK-0017,1,9520.0,0.0,CZK
SO-2023-005729,1,2023-06-02,2023-06-02,CZ-PRG-01,C002522,VM-BIK-0007,1,35140.0,0.05,CZK
SO-2023-005729,2,2023-06-02,2023-06-02,CZ-PRG-01,C002522,VM-EBK-0003,1,45308.0,0.05,CZK
SO-2023-005730,1,2023-06-02,2023-06-06,CZ-WEB-01,C001544,VM-NUT-0009,3,424.0,0.0,CZK
SO-2023-005730,2,2023-06-02,2023-06-06,CZ-WEB-01,C001544,VM-BIK-0018,1,11962.0,0.0,CZK
SO-2023-005731,1,2023-06-02,2023-06-06,CZ-WEB-01,C002523,VM-BIK-0011,1,43115.0,0.0,CZK
SO-2023-005732,1,2023-06-02,2023-06-04,CZ-WEB-01,C002112,VM-CMP-0017,1,2492.0,0.0,CZK
SO-2023-005732,2,2023-06-02,2023-06-04,CZ-WEB-01,C002112,VM-NUT-0007,3,65.0,0.0,CZK
SO-2023-005733,1,2023-06-02,2023-06-06,CZ-WEB-01,C000101,VM-BIK-0013,1,23925.0,0.05,CZK
SO-2023-005733,2,2023-06-02,2023-06-06,CZ-WEB-01,C000101,VM-ACC-0001,1,1894.0,0.0,CZK
SO-2023-005733,3,2023-06-02,2023-06-06,CZ-WEB-01,C000101,VM-ACC-0007,2,1794.0,0.0,CZK
SO-2023-005733,4,2023-06-02,2023-06-06,CZ-WEB-01,C000101,VM-ACC-0018,2,249.0,0.0,CZK
SO-2023-005734,1,2023-06-02,2023-06-04,CZ-WEB-01,C001546,VM-ACC-0007,2,1794.0,0.0,CZK
SO-2023-005734,2,2023-06-02,2023-06-04,CZ-WEB-01,C001546,VM-ACC-0003,2,1445.0,0.0,CZK
SO-2023-005735,1,2023-06-02,2023-06-06,CZ-WEB-01,C001863,VM-ACC-0013,4,847.0,0.1,CZK
SO-2023-005736,1,2023-06-02,2023-06-06,CZ-WEB-01,C001149,VM-CMP-0013,8,2642.0,0.12,CZK
SO-2023-005736,2,2023-06-02,2023-06-06,CZ-WEB-01,C001149, VM-BIK-0004 ,4,21283.0,0.12,CZK
SO-2023-005736,3,2023-06-02,2023-06-06,CZ-WEB-01,C001149,VM-ACC-0022,4,7825.0,0.12,CZK
SO-2023-005737,1,2023-06-02,2023-06-02,DE-BER-01,C002524,VM-ACC-0020,1,169.34,0.0,EUR
SO-2023-005738,1,2023-06-02,2023-06-02,DE-BER-01,,VM-EBK-0010,1,2820.32,0.0,EUR
SO-2023-005739,1,2023-06-02,2023-06-02,DE-BER-01,C002525,VM-ACC-0002,1,127.53,0.0,EUR
SO-2023-005740,1,2023-06-02,2023-06-02,DE-BER-01,,VM-CMP-0015,1,192.34,0.0,EUR
SO-2023-005741,1,2023-06-02,2023-06-04,DE-WEB-01,C002526,VM-EBK-0008,1,3156.92,0.0,EUR
SO-2023-005742,1,2023-06-02,2023-06-05,DE-WEB-01,C000675,VM-APP-0008,1,33.45,0.05,EUR
SO-2023-005743,1,2023-06-02,2023-06-06,DE-WEB-01,C002527,VM-APP-0002,3,91.99,0.05,EUR
SO-2023-005743,2,2023-06-02,2023-06-06,DE-WEB-01,C002527,VM-APP-0013,1,91.99,0.05,EUR
SO-2023-005744,1,2023-06-02,2023-06-05,DE-WEB-01,C002528,VM-BIK-0007,1,1473.92,0.0,EUR
SO-2023-005745,1,2023-06-03,2023-06-03,PL-WAW-01,C001238,VM-BIK-0009,1,5386.19,0.0,PLN
SO-2023-005745,2,2023-06-03,2023-06-03,PL-WAW-01,C001238,VM-ACC-0004,1,744.89,0.0,PLN
SO-2023-005745,3,2023-06-03,2023-06-03,PL-WAW-01,C001238,VM-CMP-0012,2,515.69,0.0,PLN
SO-2023-005746,1,2023-06-03,2023-06-03,PL-WAW-01,C002529,VM-NUT-0003,6,10.5,0.0,PLN
SO-2023-005746,2,2023-06-03,2023-06-03,PL-WAW-01,C002529,VM-APP-0013,1,420.19,0.0,PLN
SO-2023-005746,3,2023-06-03,2023-06-03,PL-WAW-01,C002529,VM-ACC-0021,1,744.89,0.0,PLN
SO-2023-005747,1,2023-06-03,2023-06-03,PL-WAW-01,C001106,VM-CMP-0010,2,372.44,0.0,PLN
SO-2023-005747,2,2023-06-03,2023-06-03,PL-WAW-01,C001106,VM-CMP-0006,2,190.99,0.0,PLN
SO-2023-005748,1,2023-06-03,2023-06-03,PL-WAW-01,C002530,VM-ACC-0008,2,381.99,0.05,PLN
SO-2023-005749,1,2023-06-03,2023-06-03,PL-WAW-01,C002531,VM-CMP-0015,2,878.59,0.0,PLN
SO-2023-005750,1,2023-06-03,2023-06-03,PL-WAW-01,C001307,VM-EBK-0007,1,14038.49,0.0,PLN
SO-2023-005751,1,2023-06-03,2023-06-03,PL-WAW-02,C002532,VM-EBK-0007,1,14038.49,0.0,PLN
SO-2023-005751,2,2023-06-03,2023-06-03,PL-WAW-02,C002532,VM-ACC-0007,2,343.79,0.0,PLN
SO-2023-005752,1,2023-06-03,2023-06-03,PL-WAW-02,C002169,VM-ACC-0010,2,238.74,0.0,PLN
SO-2023-005753,1,2023-06-03,2023-06-03,PL-WAW-02,,VM-BIK-0012,1,11278.54,0.0,PLN
SO-2023-005753,2,2023-06-03,2023-06-03,PL-WAW-02,,VM-ACC-0008,2,381.99,0.0,PLN
SO-2023-005754,1,2023-06-03,2023-06-03,PL-WAW-02,,vm-bik-0011,1,8260.74,0.0,PLN
SO-2023-005754,2,2023-06-03,2023-06-03,PL-WAW-02,,VM-ACC-0021,1,744.89,0.0,PLN
SO-2023-005755,1,2023-06-03,2023-06-03,PL-WAW-02,C002331,VM-CMP-0016,1,2349.29,0.0,PLN
SO-2023-005755,2,2023-06-03,2023-06-03,PL-WAW-02,C002331,VM-NUT-0009,1,81.17,0.0,PLN
SO-2023-005756,1,2023-06-03,2023-06-03,PL-WAW-02,,VM-BIK-0012,1,11278.54,0.0,PLN
SO-2023-005757,1,2023-06-03,2023-06-03,PL-WAW-02,C002533,VM-BIK-0013,1,4583.99,0.0,PLN
SO-2023-005758,1,2023-06-03,2023-06-03,PL-KRK-01,C002534,VM-BIK-0007,1,6732.74,0.0,PLN
SO-2023-005758,2,2023-06-03,2023-06-03,PL-KRK-01,C002534,VM-ACC-0008,2,381.99,0.0,PLN
SO-2023-005758,3,2023-06-03,2023-06-03,PL-KRK-01,C002534,VM-ACC-0002,2,582.54,0.0,PLN
SO-2023-005759,1,2023-06-03,2023-06-03,PL-KRK-01,C001842,VM-EBK-0008,1,14420.49,0.0,PLN
SO-2023-005759,2,2023-06-03,2023-06-03,PL-KRK-01,C001842,VM-ACC-0004,1,744.89,0.0,PLN
SO-2023-005759,3,2023-06-03,2023-06-03,PL-KRK-01,C001842,VM-ACC-0018,2,47.74,0.0,PLN
SO-2023-005759,4,2023-06-03,2023-06-03,PL-KRK-01,C001842,VM-ACC-0008,1,381.99,0.0,PLN
SO-2023-005760,1,2023-06-03,2023-06-03,PL-KRK-01,C001089,VM-ACC-0020,1,773.54,0.0,PLN
SO-2023-005761,1,2023-06-03,2023-06-03,PL-KRK-01,,VM-NUT-0004,14,6.68,0.0,PLN
SO-2023-005762,1,2023-06-03,2023-06-03,PL-KRK-01,C001360,vm-bik-0017,1,1824.04,0.05,PLN
SO-2023-005762,2,2023-06-03,2023-06-03,PL-KRK-01,C001360,VM-ACC-0001,2,362.89,0.05,PLN
SO-2023-005763,1,2023-06-03,2023-06-03,PL-WRO-01,C002535,VM-NUT-0007,27,12.41,0.1,PLN
SO-2023-005764,1,2023-06-03,2023-06-03,PL-WRO-01,C000748,VM-ACC-0013,2,162.34,0.12,PLN
SO-2023-005764,2,2023-06-03,2023-06-03,PL-WRO-01,C000748,VM-CMP-0002,5,534.79,0.12,PLN
SO-2023-005764,3,2023-06-03,2023-06-03,PL-WRO-01,C000748,VM-ACC-0008,10,381.99,0.1,PLN
SO-2023-005764,4,2023-06-03,2023-06-03,PL-WRO-01,C000748,VM-CMP-0013,5,506.14,0.08,PLN
SO-2023-005765,1,2023-06-03,2023-06-03,PL-WRO-01,C002007,VM-APP-0001,2,439.29,0.0,PLN
SO-2023-005766,1,2023-06-03,2023-06-03,PL-WRO-01,C002012,VM-CMP-0019,3,200.54,0.0,PLN
SO-2023-005767,1,2023-06-03,2023-06-03,PL-GDN-01,C002536,VM-ACC-0008,1,381.99,0.0,PLN
SO-2023-005768,1,2023-06-03,2023-06-03,PL-GDN-01,C001380,VM-APP-0013,1,420.19,0.0,PLN
SO-2023-005769,1,2023-06-03,2023-06-03,PL-GDN-01,,VM-NUT-0004,10,6.68,0.0,PLN
SO-2023-005770,1,2023-06-03,2023-06-03,PL-GDN-01,C002537,VM-EBK-0003,1,8680.94,0.0,PLN
SO-2023-005770,2,2023-06-03,2023-06-03,PL-GDN-01,C002537,VM-ACC-0005,1,171.89,0.0,PLN
SO-2023-005770,3,2023-06-03,2023-06-03,PL-GDN-01,C002537,VM-ACC-0004,2,744.89,0.0,PLN
SO-2023-005771,1,2023-06-03,2023-06-03,PL-GDN-01,C002538,VM-CMP-0023,4,56.34,0.0,PLN
SO-2023-005772,1,2023-06-03,2023-06-03,PL-GDN-01,C001755,VM-ACC-0001,1,362.89,0.0,PLN
SO-2023-005773,1,2023-06-03,2023-06-03,PL-GDN-01,,VM-BIK-0007,1,6732.74,0.0,PLN
SO-2023-005774,1,2023-06-03,2023-06-03,PL-POZ-01,C002539,vm-cmp-0012,2,515.69,0.0,PLN
SO-2023-005774,2,2023-06-03,2023-06-03,PL-POZ-01,C002539,VM-ACC-0018,3,47.74,0.0,PLN
SO-2023-005775,1,2023-06-03,2023-06-03,PL-POZ-01,C002109,VM-BIK-0018,1,2291.99,0.05,PLN
SO-2023-005776,1,2023-06-03,2023-06-07,PL-WEB-01,C001570,VM-NUT-0009,3,81.17,0.05,PLN
SO-2023-005776,2,2023-06-03,2023-06-07,PL-WEB-01,C001570,VM-ACC-0011,1,68.75,0.05,PLN
SO-2023-005776,3,2023-06-03,2023-06-07,PL-WEB-01,C001570,VM-APP-0012,1,830.84,0.05,PLN
SO-2023-005777,1,2023-06-03,2023-06-06,PL-WEB-01,C001146,VM-ACC-0022,1,1499.34,0.1,PLN
SO-2023-005778,1,2023-06-03,2023-06-06,PL-WEB-01,C002129,VM-NUT-0006,4,9.54,0.0,PLN
SO-2023-005779,1,2023-06-03,2023-06-06,PL-WEB-01,C002540,VM-NUT-0011,3,51.56,0.05,PLN
SO-2023-005779,2,2023-06-03,2023-06-06,PL-WEB-01,C002540,VM-EBK-0003,1,8680.94,0.05,PLN
SO-2023-005780,1,2023-06-03,2023-06-06,PL-WEB-01,C001621, VM-BIK-0013 ,1,4583.99,0.0,PLN
SO-2023-005780,2,2023-06-03,2023-06-06,PL-WEB-01,C001621,VM-NUT-0004,5,6.68,0.0,PLN
SO-2023-005781,1,2023-06-03,2023-06-05,PL-WEB-01,C001403,VM-APP-0008,2,152.79,0.0,PLN
SO-2023-005781,2,2023-06-03,2023-06-05,PL-WEB-01,C001403,VM-APP-0010,2,162.34,0.0,PLN
SO-2023-005781,3,2023-06-03,2023-06-05,PL-WEB-01,C001403,VM-CMP-0017,2,477.49,0.0,PLN
SO-2023-005781,4,2023-06-03,2023-06-05,PL-WEB-01,C001403,VM-CMP-0010,2,372.44,0.0,PLN
SO-2023-005782,1,2023-06-03,2023-06-05,PL-WEB-01,C002541,VM-APP-0006,1,296.04,0.0,PLN
SO-2023-005782,2,2023-06-03,2023-06-05,PL-WEB-01,C002541,VM-ACC-0018,1,47.74,0.0,PLN
SO-2023-005783,1,2023-06-03,2023-06-04,PL-WEB-01,C002542,VM-BIK-0012,1,11278.54,0.0,PLN
SO-2023-005784,1,2023-06-03,2023-06-07,PL-WEB-01,C000696,VM-ACC-0023,1,888.14,0.0,PLN
SO-2023-005785,1,2023-06-03,2023-06-06,PL-WEB-01,C002543,VM-CMP-0015,1,878.59,0.0,PLN
SO-2023-005785,2,2023-06-03,2023-06-06,PL-WEB-01,C002543,VM-BIK-0009,1,5386.19,0.0,PLN
SO-2023-005785,3,2023-06-03,2023-06-06,PL-WEB-01,C002543,VM-NUT-0004,15,6.68,0.0,PLN
SO-2023-005785,4,2023-06-03,2023-06-06,PL-WEB-01,C002543,VM-ACC-0012,1,68.75,0.0,PLN
SO-2023-005786,1,2023-06-03,2023-06-05,PL-MKT-01,C002467, VM-NUT-0007 ,4,12.41,0.05,PLN
SO-2023-005786,2,2023-06-03,2023-06-05,PL-MKT-01,C002467,VM-ACC-0020,1,773.54,0.05,PLN
SO-2023-005787,1,2023-06-03,2023-06-06,PL-MKT-01,C002544,VM-BIK-0012,4,11278.54,0.1,PLN
SO-2023-005788,1,2023-06-03,2023-06-04,PL-MKT-01,C001491,VM-BIK-0003,1,6245.69,0.05,PLN
SO-2023-005788,2,2023-06-03,2023-06-04,PL-MKT-01,C001491,VM-APP-0001,2,439.29,0.05,PLN
SO-2023-005789,1,2023-06-03,2023-06-03,CZ-PRG-01,C002545,VM-BIK-0021,1,6230.0,0.0,CZK
SO-2023-005790,1,2023-06-03,2023-06-03,CZ-PRG-01,C002546,VM-NUT-0004,3,35.0,0.0,CZK
SO-2023-005790,2,2023-06-03,2023-06-03,CZ-PRG-01,C002546,VM-CMP-0016,2,12261.0,0.0,CZK
SO-2023-005791,1,2023-06-03,2023-06-03,CZ-PRG-01,,VM-BIK-0009,1,28112.0,0.1,CZK
SO-2023-005792,1,2023-06-03,2023-06-03,CZ-PRG-01,C000527,VM-NUT-0009,3,424.0,0.05,CZK
SO-2023-005793,1,2023-06-03,2023-06-03,CZ-PRG-01,C000614,VM-ACC-0008,2,1994.0,0.05,CZK
SO-2023-005793,2,2023-06-03,2023-06-03,CZ-PRG-01,C000614,VM-EBK-0002,1,49594.0,0.05,CZK
SO-2023-005793,3,2023-06-03,2023-06-03,CZ-PRG-01,C000614,VM-NUT-0009,4,424.0,0.05,CZK
SO-2023-005794,1,2023-06-03,2023-06-03,CZ-PRG-01,C000868,VM-EBK-0003,1,45308.0,0.0,CZK
SO-2023-005794,2,2023-06-03,2023-06-03,CZ-PRG-01,C000868,VM-ACC-0013,1,847.0,0.0,CZK
SO-2023-005795,1,2023-06-03,2023-06-06,CZ-WEB-01,C002547,VM-CMP-0012,2,2691.0,0.0,CZK
SO-2023-005796,1,2023-06-03,2023-06-05,CZ-WEB-01,C002548,VM-ACC-0019,3,249.0,0.0,CZK
SO-2023-005797,1,2023-06-03,2023-06-06,CZ-WEB-01,C000070,VM-BIK-0004,1,21283.0,0.0,CZK
SO-2023-005798,1,2023-06-03,2023-06-04,CZ-WEB-01,C002549,VM-ACC-0008,1,1994.0,0.0,CZK
SO-2023-005799,1,2023-06-03,2023-06-05,CZ-WEB-01,C002550,VM-EBK-0009,1,49395.0,0.0,CZK
SO-2023-005799,2,2023-06-03,2023-06-05,CZ-WEB-01,C002550,VM-CMP-0009,2,1744.0,0.0,CZK
SO-2023-005800,1,2023-06-03,2023-06-04,CZ-WEB-01,C002551,VM-NUT-0003,56,55.0,0.08,CZK
SO-2023-005801,1,2023-06-03,2023-06-03,DE-BER-01,C002552,VM-ACC-0002,2,127.53,0.0,EUR
SO-2023-005801,2,2023-06-03,2023-06-03,DE-BER-01,C002552,VM-BIK-0020,1,252.97,0.0,EUR
SO-2023-005802,1,2023-06-03,2023-06-03,DE-BER-01,C002194,VM-APP-0019,2,13.8,0.0,EUR
SO-2023-005803,1,2023-06-03,2023-06-03,DE-BER-01,C002482,VM-BIK-0012,1,2469.09,0.05,EUR
SO-2023-005804,1,2023-06-03,2023-06-06,DE-WEB-01,C002553,VM-APP-0006,2,64.81,0.05,EUR
SO-2023-005805,1,2023-06-03,2023-06-07,DE-WEB-01,C002554,VM-APP-0005,3,37.63,0.0,EUR
SO-2023-005806,1,2023-06-03,2023-06-07,DE-WEB-01,C000739,VM-NUT-0004,9,1.46,0.0,EUR
SO-2023-005806,2,2023-06-03,2023-06-07,DE-WEB-01,C000739,VM-ACC-0021,1,163.07,0.0,EUR
SO-2023-005806,3,2023-06-03,2023-06-07,DE-WEB-01,C000739,VM-APP-0010,1,35.54,0.0,EUR
SO-2023-005807,1,2023-06-03,2023-06-04,DE-WEB-01,C001551, VM-APP-0006 ,1,64.81,0.05,EUR
SO-2023-005807,2,2023-06-03,2023-06-04,DE-WEB-01,C001551,VM-APP-0004,3,50.17,0.05,EUR
SO-2023-005808,1,2023-06-04,2023-06-08,PL-WEB-01,C002555,VM-BIK-0004,1,4077.84,0.0,PLN
SO-2023-005809,1,2023-06-04,2023-06-05,PL-WEB-01,C002556,VM-APP-0001,1,439.29,0.0,PLN
SO-2023-005809,2,2023-06-04,2023-06-05,PL-WEB-01,C002556,VM-CMP-0016,1,2349.29,0.0,PLN
SO-2023-005809,3,2023-06-04,2023-06-05,PL-WEB-01,C002556,VM-CMP-0010,2,372.44,0.0,PLN
SO-2023-005810,1,2023-06-04,2023-06-07,PL-WEB-01,C002414,VM-ACC-0014,1,105.04,0.0,PLN
SO-2023-005810,2,2023-06-04,2023-06-07,PL-WEB-01,C002414,VM-APP-0018,2,124.14,0.0,PLN
SO-2023-005810,3,2023-06-04,2023-06-07,PL-WEB-01,C002414,VM-APP-0006,2,296.04,0.0,PLN
SO-2023-005811,1,2023-06-04,2023-06-06,PL-WEB-01,C001516,VM-NUT-0002,15,14.32,0.05,PLN
SO-2023-005811,2,2023-06-04,2023-06-06,PL-WEB-01,C001516,VM-BIK-0003,1,6245.69,0.05,PLN
SO-2023-005811,3,2023-06-04,2023-06-06,PL-WEB-01,C001516,VM-BIK-0007,1,6732.74,0.05,PLN
SO-2023-005811,4,2023-06-04,2023-06-06,PL-WEB-01,C001516,VM-NUT-0001,8,8.59,0.05,PLN
SO-2023-005812,1,2023-06-04,2023-06-05,PL-WEB-01,C002557,VM-BIK-0003,1,6245.69,0.0,PLN
SO-2023-005812,2,2023-06-04,2023-06-05,PL-WEB-01,C002557,VM-APP-0010,2,162.34,0.0,PLN
SO-2023-005813,1,2023-06-04,2023-06-06,PL-WEB-01,C001575,VM-BIK-0003,1,6245.69,0.0,PLN
SO-2023-005813,2,2023-06-04,2023-06-06,PL-WEB-01,C001575,VM-NUT-0004,13,6.68,0.0,PLN
SO-2023-005813,3,2023-06-04,2023-06-06,PL-WEB-01,C001575,VM-ACC-0014,1,105.04,0.1,PLN
SO-2023-005813,4,2023-06-04,2023-06-06,PL-WEB-01,C001575,VM-ACC-0020,1,773.54,0.0,PLN
SO-2023-005814,1,2023-06-04,2023-06-08,PL-WEB-01,C000588,VM-NUT-0005,11,8.59,0.0,PLN
SO-2023-005815,1,2023-06-04,2023-06-06,PL-WEB-01,C000788,VM-NUT-0003,50,10.5,0.1,PLN
SO-2023-005815,2,2023-06-04,2023-06-06,PL-WEB-01,C000788,vm-app-0020,4,171.89,0.08,PLN
SO-2023-005816,1,2023-06-04,2023-06-08,PL-WEB-01,C002558,VM-ACC-0008,2,381.99,0.0,PLN
SO-2023-005817,1,2023-06-04,2023-06-08,PL-WEB-01,C002559,VM-ACC-0014,1,105.04,0.0,PLN
SO-2023-005817,2,2023-06-04,2023-06-08,PL-WEB-01,C002559,VM-BIK-0016,1,3428.44,0.0,PLN
SO-2023-005817,3,2023-06-04,2023-06-08,PL-WEB-01,C002559,VM-EBK-0011,1,13981.19,0.0,PLN
SO-2023-005818,1,2023-06-04,2023-06-05,PL-WEB-01,C001032,VM-ACC-0004,5,744.89,0.1,PLN
SO-2023-005819,1,2023-06-04,2023-06-05,PL-WEB-01,C002560,VM-APP-0008,2,152.79,0.0,PLN
SO-2023-005819,2,2023-06-04,2023-06-05,PL-WEB-01,C002560,VM-NUT-0010,4,33.42,0.0,PLN
SO-2023-005820,1,2023-06-04,2023-06-08,PL-WEB-01,C002042,VM-APP-0008,1,152.79,0.0,PLN
SO-2023-005821,1,2023-06-04,2023-06-06,PL-WEB-01,C002561,VM-BIK-0021,1,1193.74,0.0,PLN
SO-2023-005821,2,2023-06-04,2023-06-06,PL-WEB-01,C002561,VM-ACC-0017,3,55.38,0.0,PLN
SO-2023-005822,1,2023-06-04,2023-06-07,PL-WEB-01,C002562,VM-NUT-0004,12,6.68,0.0,PLN
SO-2023-005822,2,2023-06-04,2023-06-07,PL-WEB-01,C002562,VM-APP-0016,1,582.54,0.0,PLN
SO-2023-005822,3,2023-06-04,2023-06-07,PL-WEB-01,C002562,VM-APP-0002,1,420.19,0.0,PLN
SO-2023-005822,4,2023-06-04,2023-06-07,PL-WEB-01,C002562,VM-ACC-0017,3,55.38,0.0,PLN
SO-2023-005823,1,2023-06-04,2023-06-06,PL-WEB-01,C002563,VM-BIK-0009,1,5386.19,0.0,PLN
SO-2023-005823,2,2023-06-04,2023-06-06,PL-WEB-01,C002563,VM-APP-0017,1,181.44,0.0,PLN
SO-2023-005824,1,2023-06-04,2023-06-05,PL-MKT-01,C001577,VM-BIK-0012,1,11278.54,0.0,PLN
SO-2023-005824,2,2023-06-04,2023-06-05,PL-MKT-01,C001577,VM-ACC-0007,1,343.79,0.0,PLN
SO-2023-005824,3,2023-06-04,2023-06-05,PL-MKT-01,C001577,VM-APP-0010,1,162.34,0.0,PLN
SO-2023-005825,1,2023-06-04,2023-06-07,PL-MKT-01,C002564,VM-NUT-0009,4,81.17,0.0,PLN
SO-2023-005825,2,2023-06-04,2023-06-07,PL-MKT-01,C002564,VM-NUT-0007,11,12.41,0.0,PLN
SO-2023-005826,1,2023-06-04,2023-06-05,PL-MKT-01,C002565,VM-APP-0002,2,420.19,0.08,PLN
SO-2023-005827,1,2023-06-04,2023-06-05,PL-MKT-01,C002566,VM-BIK-0001,1,13073.94,0.0,PLN
SO-2023-005828,1,2023-06-04,2023-06-08,PL-MKT-01,C002567,VM-NUT-0007,6,12.41,0.0,PLN
SO-2023-005828,2,2023-06-04,2023-06-08,PL-MKT-01,C002567,VM-ACC-0012,1,68.75,0.0,PLN
SO-2023-005829,1,2023-06-04,2023-06-06,PL-MKT-01,C002568,VM-ACC-0005,1,171.89,0.05,PLN
SO-2023-005829,2,2023-06-04,2023-06-06,PL-MKT-01,C002568,VM-BIK-0019,1,1155.54,0.05,PLN
SO-2023-005830,1,2023-06-04,2023-06-05,PL-MKT-01,C002569,VM-ACC-0020,1,773.54,0.0,PLN
SO-2023-005830,2,2023-06-04,2023-06-05,PL-MKT-01,C002569,VM-EBK-0009,1,9464.04,0.0,PLN
SO-2023-005830,3,2023-06-04,2023-06-05,PL-MKT-01,C002569,VM-BIK-0013,1,4583.99,0.0,PLN
SO-2023-005830,4,2023-06-04,2023-06-05,PL-MKT-01,C002569,VM-ACC-0008,1,381.99,0.0,PLN
SO-2023-005831,1,2023-06-04,2023-06-04,CZ-PRG-01,C002570,VM-ACC-0008,2,1994.0,0.0,CZK
SO-2023-005831,2,2023-06-04,2023-06-04,CZ-PRG-01,C002570,VM-BIK-0008,1,26467.0,0.0,CZK
SO-2023-005832,1,2023-06-04,2023-06-04,CZ-PRG-01,,VM-ACC-0014,1,548.0,0.0,CZK
SO-2023-005833,1,2023-06-04,2023-06-06,CZ-WEB-01,C002551,VM-ACC-0007,4,1794.0,0.12,CZK
SO-2023-005834,1,2023-06-04,2023-06-08,CZ-WEB-01,C002571,VM-APP-0001,2,2293.0,0.0,CZK
SO-2023-005835,1,2023-06-04,2023-06-08,CZ-WEB-01,C002572,VM-NUT-0004,3,35.0,0.0,CZK
SO-2023-005835,2,2023-06-04,2023-06-08,CZ-WEB-01,C002572,VM-APP-0001,3,2293.0,0.0,CZK
SO-2023-005835,3,2023-06-04,2023-06-08,CZ-WEB-01,C002572,VM-CMP-0020,1,1296.0,0.0,CZK
SO-2023-005836,1,2023-06-04,2023-06-08,CZ-WEB-01,C002573,VM-APP-0002,1,2193.0,0.0,CZK
SO-2023-005836,2,2023-06-04,2023-06-08,CZ-WEB-01,C002573,VM-NUT-0009,2,424.0,0.0,CZK
SO-2023-005836,3,2023-06-04,2023-06-08,CZ-WEB-01,C002573,VM-BIK-0007,1,35140.0,0.0,CZK
SO-2023-005837,1,2023-06-04,2023-06-08,CZ-WEB-01,C002574,VM-ACC-0014,1,548.0,0.0,CZK
SO-2023-005837,2,2023-06-04,2023-06-08,CZ-WEB-01,C002574,VM-ACC-0007,1,1794.0,0.0,CZK
SO-2023-005838,1,2023-06-04,2023-06-05,DE-WEB-01,C001967,VM-NUT-0006,10,2.09,0.0,EUR
SO-2023-005838,2,2023-06-04,2023-06-05,DE-WEB-01,C001967,vm-bik-0004,1,892.72,0.0,EUR
SO-2023-005839,1,2023-06-04,2023-06-06,DE-WEB-01,C000463,VM-BIK-0008,1,1110.15,0.0,EUR
SO-2023-005839,2,2023-06-04,2023-06-06,DE-WEB-01,C000463,VM-CMP-0009,1,73.17,0.0,EUR
SO-2023-005840,1,2023-06-04,2023-06-05,DE-WEB-01,C002575,VM-BIK-0004,1,892.72,0.0,EUR
SO-2023-005841,1,2023-06-04,2023-06-05,DE-WEB-01,C000695,VM-EBK-0010,1,2820.32,0.0,EUR
SO-2023-005842,1,2023-06-04,2023-06-06,DE-WEB-01,C002424,VM-ACC-0007,2,75.26,0.0,EUR
SO-2023-005843,1,2023-06-04,2023-06-07,DE-WEB-01,C002576,vm-acc-0008,1,83.62,0.0,EUR
SO-2023-005844,1,2023-06-05,2023-06-05,PL-WAW-01,C002577,VM-APP-0004,2,229.19,0.0,PLN
SO-2023-005844,2,2023-06-05,2023-06-05,PL-WAW-01,C002577,VM-BIK-0018,1,2291.99,0.0,PLN
SO-2023-005845,1,2023-06-05,2023-06-05,PL-WAW-01,C002578,VM-NUT-0003,11,10.5,0.0,PLN
SO-2023-005846,1,2023-06-05,2023-06-05,PL-WAW-01,C000406,VM-ACC-0012,1,68.75,0.1,PLN
SO-2023-005846,2,2023-06-05,2023-06-05,PL-WAW-01,C000406,VM-ACC-0008,1,381.99,0.0,PLN
SO-2023-005847,1,2023-06-05,2023-06-05,PL-WAW-01,C002579,VM-BIK-0014,1,3657.64,0.0,PLN
SO-2023-005848,1,2023-06-05,2023-06-05,PL-WAW-02,C002580,vm-bik-0012,1,11278.54,0.0,PLN
SO-2023-005849,1,2023-06-05,2023-06-05,PL-WAW-02,C000420,VM-ACC-0004,1,744.89,0.05,PLN
SO-2023-005849,2,2023-06-05,2023-06-05,PL-WAW-02,C000420,VM-EBK-0003,1,8680.94,0.05,PLN
SO-2023-005849,3,2023-06-05,2023-06-05,PL-WAW-02,C000420,VM-CMP-0020,4,248.29,0.05,PLN
SO-2023-005850,1,2023-06-05,2023-06-05,PL-WAW-02,,VM-BIK-0019,1,1155.54,0.0,PLN
SO-2023-005850,2,2023-06-05,2023-06-05,PL-WAW-02,,VM-ACC-0013,1,162.34,0.0,PLN
SO-2023-005851,1,2023-06-05,2023-06-05,PL-WAW-02,,VM-NUT-0003,11,10.5,0.0,PLN
SO-2023-005851,2,2023-06-05,2023-06-05,PL-WAW-02,,VM-APP-0012,1,830.84,0.0,PLN
SO-2023-005851,3,2023-06-05,2023-06-05,PL-WAW-02,,VM-EBK-0009,1,9464.04,0.1,PLN
SO-2023-005851,4,2023-06-05,2023-06-05,PL-WAW-02,,VM-BIK-0017,1,1824.04,0.0,PLN
SO-2023-005852,1,2023-06-05,2023-06-05,PL-KRK-01,,VM-CMP-0022,2,34.37,0.0,PLN
SO-2023-005852,2,2023-06-05,2023-06-05,PL-KRK-01,,VM-CMP-0015,1,878.59,0.1,PLN
SO-2023-005853,1,2023-06-05,2023-06-05,PL-KRK-01,C002581,VM-APP-0007,5,152.79,0.1,PLN
SO-2023-005853,2,2023-06-05,2023-06-05,PL-KRK-01,C002581,VM-NUT-0007,30,12.41,0.1,PLN
SO-2023-005854,1,2023-06-05,2023-06-05,PL-KRK-01,,VM-ACC-0008,1,381.99,0.0,PLN
SO-2023-005855,1,2023-06-05,2023-06-05,PL-KRK-01,,VM-NUT-0009,4,81.17,0.0,PLN
SO-2023-005855,2,2023-06-05,2023-06-05,PL-KRK-01,,VM-CMP-0007,1,601.64,0.0,PLN
SO-2023-005856,1,2023-06-05,2023-06-05,PL-WRO-01,,VM-BIK-0005,1,7076.54,0.0,PLN
SO-2023-005856,2,2023-06-05,2023-06-05,PL-WRO-01,,VM-CMP-0018,1,59.2,0.0,PLN
SO-2023-005857,1,2023-06-05,2023-06-05,PL-WRO-01,,VM-BIK-0009,1,5386.19,0.0,PLN
SO-2023-005857,2,2023-06-05,2023-06-05,PL-WRO-01,,VM-ACC-0012,1,68.75,0.0,PLN
SO-2023-005857,3,2023-06-05,2023-06-05,PL-WRO-01,,VM-ACC-0001,2,362.89,0.0,PLN
SO-2023-005858,1,2023-06-05,2023-06-05,PL-WRO-01,C001609,VM-ACC-0008,1,381.99,0.0,PLN
SO-2023-005858,2,2023-06-05,2023-06-05,PL-WRO-01,C001609,VM-APP-0014,1,467.94,0.0,PLN
SO-2023-005858,3,2023-06-05,2023-06-05,PL-WRO-01,C001609,VM-APP-0012,1,830.84,0.0,PLN
SO-2023-005858,4,2023-06-05,2023-06-05,PL-WRO-01,C001609,VM-NUT-0006,8,9.54,0.0,PLN
SO-2023-005859,1,2023-06-05,2023-06-05,PL-GDN-01,C002582,vm-acc-0005,6,171.89,0.08,PLN
SO-2023-005859,2,2023-06-05,2023-06-05,PL-GDN-01,C002582,VM-ACC-0020,5,773.54,0.1,PLN
SO-2023-005860,1,2023-06-05,2023-06-05,PL-GDN-01,,VM-CMP-0014,2,410.64,0.0,PLN
SO-2023-005861,1,2023-06-05,2023-06-05,PL-POZ-01,C002534,VM-CMP-0011,2,152.79,0.0,PLN
SO-2023-005862,1,2023-06-05,2023-06-05,PL-POZ-01,,VM-ACC-0021,1,744.89,0.0,PLN
SO-2023-005862,2,2023-06-05,2023-06-05,PL-POZ-01,,VM-APP-0008,1,152.79,0.0,PLN
SO-2023-005863,1,2023-06-05,2023-06-09,PL-WEB-01,C001793,VM-BIK-0016,1,3428.44,0.0,PLN
SO-2023-005863,2,2023-06-05,2023-06-09,PL-WEB-01,C001793,VM-ACC-0018,1,47.74,0.0,PLN
SO-2023-005864,1,2023-06-05,2023-06-08,PL-WEB-01,C002583,VM-NUT-0009,1,81.17,0.0,PLN
SO-2023-005865,1,2023-06-05,2023-06-08,PL-WEB-01,C001035,VM-CMP-0009,2,334.24,0.0,PLN
SO-2023-005866,1,2023-06-05,2023-06-08,PL-WEB-01,C002584,VM-CMP-0015,1,878.59,0.0,PLN
SO-2023-005867,1,2023-06-05,2023-06-08,PL-WEB-01,C002585,VM-BIK-0011,1,8260.74,0.0,PLN
SO-2023-005868,1,2023-06-05,2023-06-07,PL-WEB-01,C001068,VM-NUT-0003,6,10.5,0.0,PLN
SO-2023-005868,2,2023-06-05,2023-06-07,PL-WEB-01,C001068,VM-APP-0013,1,420.19,0.0,PLN
SO-2023-005868,3,2023-06-05,2023-06-07,PL-WEB-01,C001068,VM-APP-0020,1,171.89,0.0,PLN
SO-2023-005869,1,2023-06-05,2023-06-09,PL-WEB-01,C002586,VM-ACC-0001,2,362.89,0.0,PLN
SO-2023-005870,1,2023-06-05,2023-06-08,PL-WEB-01,C002587,VM-NUT-0002,15,14.32,0.0,PLN
SO-2023-005871,1,2023-06-05,2023-06-06,PL-WEB-01,C001062,VM-APP-0001,1,439.29,0.0,PLN
SO-2023-005872,1,2023-06-05,2023-06-06,PL-WEB-01,C002588,VM-ACC-0008,2,381.99,0.0,PLN
SO-2023-005873,1,2023-06-05,2023-06-07,PL-WEB-01,C002589,VM-NUT-0001,6,8.59,0.0,PLN
SO-2023-005873,2,2023-06-05,2023-06-07,PL-WEB-01,C002589,VM-BIK-0011,1,8260.74,0.0,PLN
SO-2023-005874,1,2023-06-05,2023-06-08,PL-WEB-01,C002590,VM-APP-0001,2,439.29,0.0,PLN
SO-2023-005874,2,2023-06-05,2023-06-08,PL-WEB-01,C002590,VM-NUT-0011,4,51.56,0.0,PLN
SO-2023-005875,1,2023-06-05,2023-06-07,PL-MKT-01,C002591,VM-BIK-0007,1,6732.74,0.0,PLN
SO-2023-005876,1,2023-06-05,2023-06-06,PL-MKT-01,C002592,VM-BIK-0021,1,1193.74,0.0,PLN
SO-2023-005877,1,2023-06-05,2023-06-09,PL-MKT-01,C001992,VM-ACC-0008,1,381.99,0.05,PLN
SO-2023-005877,2,2023-06-05,2023-06-09,PL-MKT-01,C001992,VM-APP-0016,1,582.54,0.05,PLN
SO-2023-005878,1,2023-06-05,2023-06-06,PL-MKT-01,C000672,VM-BIK-0007,1,6732.74,0.0,PLN
SO-2023-005878,2,2023-06-05,2023-06-06,PL-MKT-01,C000672,VM-ACC-0002,1,582.54,0.0,PLN
SO-2023-005879,1,2023-06-05,2023-06-09,PL-MKT-01,C002593,VM-NUT-0003,11,10.5,0.05,PLN
SO-2023-005879,2,2023-06-05,2023-06-09,PL-MKT-01,C002593,VM-APP-0007,2,152.79,0.05,PLN
SO-2023-005880,1,2023-06-05,2023-06-09,PL-MKT-01,C000838,VM-ACC-0008,2,381.99,0.05,PLN
SO-2023-005880,2,2023-06-05,2023-06-09,PL-MKT-01,C000838,VM-CMP-0020,2,248.29,0.05,PLN
SO-2023-005881,1,2023-06-05,2023-06-06,PL-MKT-01,C001750,VM-APP-0008,2,152.79,0.0,PLN
SO-2023-005882,1,2023-06-05,2023-06-06,PL-MKT-01,C002014,VM-NUT-0009,1,81.17,0.0,PLN
SO-2023-005883,1,2023-06-05,2023-06-07,PL-MKT-01,C002520,VM-BIK-0008,1,5071.04,0.0,PLN
SO-2023-005883,2,2023-06-05,2023-06-07,PL-MKT-01,C002520,VM-ACC-0004,2,744.89,0.0,PLN
SO-2023-005884,1,2023-06-05,2023-06-09,PL-MKT-01,C002594,VM-BIK-0017,1,1824.04,0.0,PLN
SO-2023-005885,1,2023-06-05,2023-06-06,PL-MKT-01,C001515,VM-NUT-0004,9,6.68,0.0,PLN
SO-2023-005885,2,2023-06-05,2023-06-06,PL-MKT-01,C001515,VM-CMP-0006,2,190.99,0.0,PLN
SO-2023-005885,3,2023-06-05,2023-06-06,PL-MKT-01,C001515,VM-NUT-0009,3,81.17,0.0,PLN
SO-2023-005885,4,2023-06-05,2023-06-06,PL-MKT-01,C001515,VM-BIK-0013,1,4583.99,0.0,PLN
SO-2023-005886,1,2023-06-05,2023-06-05,CZ-PRG-01,C000119,VM-NUT-0007,3,65.0,0.0,CZK
SO-2023-005886,2,2023-06-05,2023-06-05,CZ-PRG-01,C000119,VM-NUT-0004,11,35.0,0.0,CZK
SO-2023-005887,1,2023-06-05,2023-06-05,CZ-PRG-01,C000231,VM-NUT-0004,4,35.0,0.0,CZK
SO-2023-005887,2,2023-06-05,2023-06-05,CZ-PRG-01,C000231,VM-BIK-0009,1,28112.0,0.0,CZK
SO-2023-005888,1,2023-06-05,2023-06-05,CZ-PRG-01,C002595,VM-NUT-0009,1,424.0,0.05,CZK
SO-2023-005888,2,2023-06-05,2023-06-05,CZ-PRG-01,C002595,VM-ACC-0010,1,1246.0,0.0,CZK
SO-2023-005888,3,2023-06-05,2023-06-05,CZ-PRG-01,C002595,VM-NUT-0007,10,65.0,0.0,CZK
SO-2023-005888,4,2023-06-05,2023-06-05,CZ-PRG-01,C002595,VM-CMP-0004,1,3589.0,0.0,CZK
SO-2023-005889,1,2023-06-05,2023-06-07,CZ-WEB-01,C002499,VM-BIK-0006,1,32847.0,0.05,CZK
SO-2023-005889,2,2023-06-05,2023-06-07,CZ-WEB-01,C002499,VM-ACC-0017,1,289.0,0.05,CZK
SO-2023-005889,3,2023-06-05,2023-06-07,CZ-WEB-01,C002499,VM-ACC-0008,1,1994.0,0.05,CZK
SO-2023-005890,1,2023-06-05,2023-06-06,CZ-WEB-01,C000768,VM-NUT-0011,4,269.0,0.0,CZK
SO-2023-005891,1,2023-06-05,2023-06-08,CZ-WEB-01,C002548,VM-BIK-0002,1,47999.0,0.1,CZK
SO-2023-005891,2,2023-06-05,2023-06-08,CZ-WEB-01,C002548,VM-ACC-0008,1,1994.0,0.0,CZK
SO-2023-005892,1,2023-06-05,2023-06-05,DE-BER-01,C002596,VM-NUT-0004,3,1.46,0.0,EUR
SO-2023-005892,2,2023-06-05,2023-06-05,DE-BER-01,C002596,VM-BIK-0010,1,1321.31,0.0,EUR
SO-2023-005893,1,2023-06-05,2023-06-05,DE-BER-01,,VM-ACC-0008,2,83.62,0.0,EUR
SO-2023-005893,2,2023-06-05,2023-06-05,DE-BER-01,,VM-CMP-0016,2,514.3,0.0,EUR
SO-2023-005894,1,2023-06-05,2023-06-05,DE-BER-01,C001224,VM-ACC-0005,1,37.63,0.05,EUR
SO-2023-005895,1,2023-06-05,2023-06-07,DE-WEB-01,C000859,VM-BIK-0017,1,399.32,0.0,EUR
SO-2023-005896,1,2023-06-05,2023-06-07,DE-WEB-01,C002597,VM-EBK-0003,1,1900.42,0.05,EUR
SO-2023-005897,1,2023-06-05,2023-06-08,DE-WEB-01,C002598,VM-APP-0020,1,37.63,0.0,EUR
SO-2023-005897,2,2023-06-05,2023-06-08,DE-WEB-01,C002598,VM-APP-0002,2,91.99,0.0,EUR
SO-2023-005898,1,2023-06-06,2023-06-06,PL-WAW-01,C001497,vm-nut-0004,5,6.68,0.0,PLN
SO-2023-005898,2,2023-06-06,2023-06-06,PL-WAW-01,C001497,VM-APP-0013,1,420.19,0.0,PLN
SO-2023-005899,1,2023-06-06,2023-06-06,PL-WAW-01,,VM-ACC-0008,2,381.99,0.0,PLN
SO-2023-005900,1,2023-06-06,2023-06-06,PL-WAW-02,,VM-CMP-0016,1,2349.29,0.0,PLN
SO-2023-005901,1,2023-06-06,2023-06-06,PL-KRK-01,C002143,VM-APP-0006,2,296.04,0.05,PLN
SO-2023-005901,2,2023-06-06,2023-06-06,PL-KRK-01,C002143,VM-NUT-0006,4,9.54,0.1,PLN
SO-2023-005902,1,2023-06-06,2023-06-06,PL-KRK-01,C001819,VM-CMP-0009,2,334.24,0.0,PLN
SO-2023-005903,1,2023-06-06,2023-06-06,PL-WRO-01,C002599,VM-NUT-0004,4,6.68,0.0,PLN
SO-2023-005903,2,2023-06-06,2023-06-06,PL-WRO-01,C002599, VM-ACC-0008 ,1,381.99,0.05,PLN
SO-2023-005904,1,2023-06-06,2023-06-06,PL-WRO-01,C002600,VM-ACC-0009,2,381.99,0.0,PLN
SO-2023-005904,2,2023-06-06,2023-06-06,PL-WRO-01,C002600,VM-BIK-0003,1,6245.69,0.0,PLN
SO-2023-005905,1,2023-06-06,2023-06-06,PL-WRO-01,C001631,VM-BIK-0021,1,1193.74,0.0,PLN
SO-2023-005905,2,2023-06-06,2023-06-06,PL-WRO-01,C001631,VM-ACC-0020,1,773.54,0.0,PLN
SO-2023-005906,1,2023-06-06,2023-06-06,PL-WRO-01,C001126,VM-ACC-0008,6,381.99,0.08,PLN
SO-2023-005907,1,2023-06-06,2023-06-06,PL-WRO-01,C002601,VM-NUT-0006,8,9.54,0.1,PLN
SO-2023-005908,1,2023-06-06,2023-06-06,PL-WRO-01,,VM-NUT-0007,10,12.41,0.0,PLN
SO-2023-005908,2,2023-06-06,2023-06-06,PL-WRO-01,,VM-BIK-0018,1,2291.99,0.0,PLN
SO-2023-005909,1,2023-06-06,2023-06-06,PL-GDN-01,C002267,VM-BIK-0019,1,1155.54,0.0,PLN
SO-2023-005910,1,2023-06-06,2023-06-06,PL-GDN-01,C002467,VM-ACC-0008,2,381.99,0.05,PLN
SO-2023-005910,2,2023-06-06,2023-06-06,PL-GDN-01,C002467,VM-APP-0007,2,152.79,0.05,PLN
SO-2023-005910,3,2023-06-06,2023-06-06,PL-GDN-01,C002467,VM-ACC-0004,2,744.89,0.05,PLN
SO-2023-005911,1,2023-06-06,2023-06-06,PL-GDN-01,C002602,VM-BIK-0021,1,1193.74,0.0,PLN
SO-2023-005912,1,2023-06-06,2023-06-08,PL-WEB-01,C002603,VM-ACC-0020,1,773.54,0.0,PLN
SO-2023-005913,1,2023-06-06,2023-06-08,PL-WEB-01,C002604,VM-BIK-0013,1,4583.99,0.0,PLN
SO-2023-005913,2,2023-06-06,2023-06-08,PL-WEB-01,C002604, VM-ACC-0008 ,1,381.99,0.0,PLN
SO-2023-005913,3,2023-06-06,2023-06-08,PL-WEB-01,C002604,VM-ACC-0019,2,47.74,0.0,PLN
SO-2023-005913,4,2023-06-06,2023-06-08,PL-WEB-01,C002604,VM-CMP-0012,1,515.69,0.0,PLN
SO-2023-005914,1,2023-06-06,2023-06-07,PL-WEB-01,C002006,VM-APP-0001,2,439.29,0.0,PLN
SO-2023-005915,1,2023-06-06,2023-06-10,PL-WEB-01,C002605,vm-nut-0009,1,81.17,0.0,PLN
SO-2023-005916,1,2023-06-06,2023-06-10,PL-WEB-01,C001126,VM-APP-0001,8,439.29,0.12,PLN
SO-2023-005917,1,2023-06-06,2023-06-10,PL-WEB-01,C002223,VM-ACC-0008,2,381.99,0.0,PLN
SO-2023-005918,1,2023-06-06,2023-06-07,PL-WEB-01,C002606,VM-CMP-0012,2,515.69,0.0,PLN
SO-2023-005919,1,2023-06-06,2023-06-07,PL-WEB-01,C002607,VM-ACC-0004,1,744.89,0.0,PLN
SO-2023-005920,1,2023-06-06,2023-06-08,PL-WEB-01,C000446,VM-NUT-0002,11,14.32,0.0,PLN
SO-2023-005921,1,2023-06-06,2023-06-07,PL-WEB-01,C002608,VM-APP-0013,1,420.19,0.0,PLN
SO-2023-005921,2,2023-06-06,2023-06-07,PL-WEB-01,C002608,VM-ACC-0013,1,162.34,0.0,PLN
SO-2023-005922,1,2023-06-06,2023-06-07,PL-WEB-01,C001785,VM-APP-0002,2,420.19,0.0,PLN
SO-2023-005923,1,2023-06-06,2023-06-09,PL-WEB-01,C000174,VM-EBK-0003,1,8680.94,0.0,PLN
SO-2023-005924,1,2023-06-06,2023-06-10,PL-MKT-01,C002609,VM-APP-0020,1,171.89,0.0,PLN
SO-2023-005924,2,2023-06-06,2023-06-10,PL-MKT-01,C002609,VM-NUT-0001,12,8.59,0.0,PLN
SO-2023-005924,3,2023-06-06,2023-06-10,PL-MKT-01,C002609, VM-NUT-0003 ,6,10.5,0.0,PLN
SO-2023-005924,4,2023-06-06,2023-06-10,PL-MKT-01,C002609,VM-BIK-0011,1,8260.74,0.0,PLN
SO-2023-005925,1,2023-06-06,2023-06-09,PL-MKT-01,C002610,vm-nut-0002,9,14.32,0.0,PLN
SO-2023-005925,2,2023-06-06,2023-06-09,PL-MKT-01,C002610,VM-ACC-0018,1,47.74,0.0,PLN
SO-2023-005926,1,2023-06-06,2023-06-10,PL-MKT-01,C002611,VM-CMP-0013,2,506.14,0.0,PLN
SO-2023-005926,2,2023-06-06,2023-06-10,PL-MKT-01,C002611,VM-ACC-0008,1,381.99,0.0,PLN
SO-2023-005926,3,2023-06-06,2023-06-10,PL-MKT-01,C002611,VM-ACC-0020,1,773.54,0.0,PLN
SO-2023-005927,1,2023-06-06,2023-06-07,PL-MKT-01,C002411,VM-NUT-0004,4,6.68,0.0,PLN
SO-2023-005927,2,2023-06-06,2023-06-07,PL-MKT-01,C002411,VM-BIK-0012,1,11278.54,0.0,PLN
SO-2023-005927,3,2023-06-06,2023-06-07,PL-MKT-01,C002411,VM-BIK-0007,1,6732.74,0.0,PLN
SO-2023-005928,1,2023-06-06,2023-06-10,PL-MKT-01,C002612,VM-CMP-0004,1,687.59,0.0,PLN
SO-2023-005929,1,2023-06-06,2023-06-09,PL-MKT-01,C002613,VM-BIK-0018,1,2291.99,0.0,PLN
SO-2023-005930,1,2023-06-06,2023-06-07,PL-MKT-01,C000632,VM-NUT-0004,5,6.68,0.0,PLN
SO-2023-005931,1,2023-06-06,2023-06-06,CZ-PRG-01,,VM-APP-0020,1,897.0,0.0,CZK
SO-2023-005931,2,2023-06-06,2023-06-06,CZ-PRG-01,,VM-BIK-0019,1,6031.0,0.0,CZK
SO-2023-005932,1,2023-06-06,2023-06-06,CZ-PRG-01,C000797,VM-NUT-0002,6,75.0,0.1,CZK
SO-2023-005932,2,2023-06-06,2023-06-06,CZ-PRG-01,C000797,VM-BIK-0019,1,6031.0,0.0,CZK
SO-2023-005932,3,2023-06-06,2023-06-06,CZ-PRG-01,C000797,VM-NUT-0011,2,269.0,0.0,CZK
SO-2023-005933,1,2023-06-06,2023-06-06,CZ-PRG-01,C001424,VM-CMP-0012,1,2691.0,0.05,CZK
SO-2023-005933,2,2023-06-06,2023-06-06,CZ-PRG-01,C001424,VM-ACC-0008,2,1994.0,0.05,CZK
SO-2023-005933,3,2023-06-06,2023-06-06,CZ-PRG-01,C001424,VM-NUT-0002,9,75.0,0.05,CZK
SO-2023-005933,4,2023-06-06,2023-06-06,CZ-PRG-01,C001424,VM-NUT-0001,3,45.0,0.05,CZK
SO-2023-005934,1,2023-06-06,2023-06-06,CZ-PRG-01,C002614,VM-ACC-0008,1,1994.0,0.0,CZK
SO-2023-005934,2,2023-06-06,2023-06-06,CZ-PRG-01,C002614,VM-ACC-0009,2,1994.0,0.0,CZK
SO-2023-005934,3,2023-06-06,2023-06-06,CZ-PRG-01,C002614,VM-APP-0002,3,2193.0,0.0,CZK
SO-2023-005935,1,2023-06-06,2023-06-07,CZ-WEB-01,C002452,VM-ACC-0001,1,1894.0,0.0,CZK
SO-2023-005935,2,2023-06-06,2023-06-07,CZ-WEB-01,C002452,VM-BIK-0017,1,9520.0,0.0,CZK
SO-2023-005936,1,2023-06-06,2023-06-09,CZ-WEB-01,C002615,VM-ACC-0014,1,548.0,0.0,CZK
SO-2023-005937,1,2023-06-06,2023-06-07,CZ-WEB-01,C002616,VM-CMP-0009,1,1744.0,0.05,CZK
SO-2023-005938,1,2023-06-06,2023-06-10,CZ-WEB-01,C002617,VM-ACC-0011,2,359.0,0.0,CZK
SO-2023-005938,2,2023-06-06,2023-06-10,CZ-WEB-01,C002617,VM-ACC-0018,2,249.0,0.0,CZK
SO-2023-005939,1,2023-06-06,2023-06-06,DE-BER-01,,VM-ACC-0008,2,83.62,0.0,EUR
SO-2023-005939,2,2023-06-06,2023-06-06,DE-BER-01,,VM-APP-0012,1,181.89,0.0,EUR
SO-2023-005940,1,2023-06-06,2023-06-06,DE-BER-01,C001300,VM-NUT-0006,6,2.09,0.1,EUR
SO-2023-005941,1,2023-06-06,2023-06-06,DE-BER-01,C002618,VM-CMP-0001,1,83.62,0.0,EUR
SO-2023-005942,1,2023-06-06,2023-06-06,DE-BER-01,C000960,VM-CMP-0023,1,12.33,0.0,EUR
SO-2023-005942,2,2023-06-06,2023-06-06,DE-BER-01,C000960,VM-BIK-0003,1,1367.3,0.0,EUR
SO-2023-005942,3,2023-06-06,2023-06-06,DE-BER-01,C000960,VM-APP-0010,1,35.54,0.0,EUR
SO-2023-005943,1,2023-06-06,2023-06-08,DE-WEB-01,C002619,VM-ACC-0008,2,83.62,0.05,EUR
SO-2023-005943,2,2023-06-06,2023-06-08,DE-WEB-01,C002619,VM-ACC-0017,1,12.12,0.05,EUR
SO-2023-005944,1,2023-06-06,2023-06-08,DE-WEB-01,C002620,VM-APP-0013,1,91.99,0.0,EUR
SO-2023-005944,2,2023-06-06,2023-06-08,DE-WEB-01,C002620,VM-APP-0017,1,39.72,0.0,EUR
SO-2023-005945,1,2023-06-06,2023-06-10,DE-WEB-01,C001184,VM-BIK-0002,1,2013.32,0.0,EUR
SO-2023-005945,2,2023-06-06,2023-06-10,DE-WEB-01,C001184,VM-ACC-0017,3,12.12,0.0,EUR
SO-2023-005945,3,2023-06-06,2023-06-10,DE-WEB-01,C001184,VM-EBK-0010,1,2820.32,0.0,EUR
SO-2023-005946,1,2023-06-06,2023-06-08,DE-WEB-01,C002621,VM-CMP-0003,1,50.17,0.05,EUR
SO-2023-005946,2,2023-06-06,2023-06-08,DE-WEB-01,C002621,VM-EBK-0007,1,3073.29,0.1,EUR
SO-2023-005946,3,2023-06-06,2023-06-08,DE-WEB-01,C002621,VM-APP-0002,2,91.99,0.05,EUR
SO-2023-005947,1,2023-06-06,2023-06-10,DE-WEB-01,C002622,VM-BIK-0012,1,2469.09,0.05,EUR
SO-2023-005947,2,2023-06-06,2023-06-10,DE-WEB-01,C002622,VM-NUT-0001,15,1.88,0.05,EUR
SO-2023-005947,3,2023-06-06,2023-06-10,DE-WEB-01,C002622,VM-ACC-0007,2,75.26,0.05,EUR
SO-2023-005947,4,2023-06-06,2023-06-10,DE-WEB-01,C002622,VM-ACC-0008,1,83.62,0.05,EUR
SO-2023-005948,1,2023-06-06,2023-06-10,DE-WEB-01,C001989,VM-BIK-0004,5,892.72,0.08,EUR
SO-2023-005948,2,2023-06-06,2023-06-10,DE-WEB-01,C001989,VM-ACC-0002,4,127.53,0.12,EUR
SO-2023-005949,1,2023-06-06,2023-06-10,DE-WEB-01,C002623,VM-ACC-0022,1,328.23,0.0,EUR
SO-2023-005949,2,2023-06-06,2023-06-10,DE-WEB-01,C002623,VM-BIK-0004,1,892.72,0.0,EUR
SO-2023-005950,1,2023-06-06,2023-06-08,DE-WEB-01,C002138,VM-CMP-0001,1,83.62,0.0,EUR
SO-2023-005950,2,2023-06-06,2023-06-08,DE-WEB-01,C002138,VM-BIK-0018,1,501.76,0.0,EUR
SO-2023-005951,1,2023-06-06,2023-06-08,DE-WEB-01,C002624,VM-NUT-0003,12,2.3,0.0,EUR
SO-2023-005952,1,2023-06-07,2023-06-07,PL-WAW-01,C000284,VM-ACC-0018,3,47.74,0.05,PLN
SO-2023-005952,2,2023-06-07,2023-06-07,PL-WAW-01,C000284,VM-NUT-0007,10,12.41,0.05,PLN
SO-2023-005952,3,2023-06-07,2023-06-07,PL-WAW-01,C000284, VM-BIK-0009 ,1,5386.19,0.05,PLN
SO-2023-005952,4,2023-06-07,2023-06-07,PL-WAW-01,C000284,VM-CMP-0015,2,878.59,0.05,PLN
SO-2023-005953,1,2023-06-07,2023-06-07,PL-WAW-01,C001759,VM-EBK-0007,1,14038.49,0.0,PLN
SO-2023-005953,2,2023-06-07,2023-06-07,PL-WAW-01,C001759,VM-ACC-0018,1,47.74,0.0,PLN
SO-2023-005954,1,2023-06-07,2023-06-07,PL-WAW-01,C002625,VM-ACC-0021,1,744.89,0.0,PLN
SO-2023-005955,1,2023-06-07,2023-06-07,PL-WAW-01,,VM-APP-0013,1,420.19,0.0,PLN
SO-2023-005956,1,2023-06-07,2023-06-07,PL-WAW-01,,VM-APP-0005,2,171.89,0.0,PLN
SO-2023-005956,2,2023-06-07,2023-06-07,PL-WAW-01,,VM-APP-0007,2,152.79,0.0,PLN
SO-2023-005957,1,2023-06-07,2023-06-07,PL-WAW-01,C002132,VM-NUT-0002,5,14.32,0.05,PLN
SO-2023-005957,2,2023-06-07,2023-06-07,PL-WAW-01,C002132,VM-BIK-0004,1,4077.84,0.05,PLN
SO-2023-005957,3,2023-06-07,2023-06-07,PL-WAW-01,C002132,VM-BIK-0002,1,9196.64,0.05,PLN
SO-2023-005958,1,2023-06-07,2023-06-07,PL-WAW-02,,VM-APP-0002,2,420.19,0.0,PLN
SO-2023-005959,1,2023-06-07,2023-06-07,PL-WAW-02,,VM-NUT-0007,5,12.41,0.0,PLN
SO-2023-005960,1,2023-06-07,2023-06-07,PL-WAW-02,C000118,VM-NUT-0001,15,8.59,0.0,PLN
SO-2023-005960,2,2023-06-07,2023-06-07,PL-WAW-02,C000118,VM-ACC-0008,2,381.99,0.0,PLN
SO-2023-005961,1,2023-06-07,2023-06-07,PL-WAW-02,C002626,VM-APP-0003,3,296.04,0.0,PLN
SO-2023-005961,2,2023-06-07,2023-06-07,PL-WAW-02,C002626,VM-ACC-0001,2,362.89,0.0,PLN
SO-2023-005962,1,2023-06-07,2023-06-07,PL-WAW-02,C002627,VM-NUT-0010,3,33.42,0.05,PLN
SO-2023-005963,1,2023-06-07,2023-06-07,PL-WAW-02,C000607,VM-APP-0013,1,420.19,0.0,PLN
SO-2023-005963,2,2023-06-07,2023-06-07,PL-WAW-02,C000607,VM-BIK-0003,1,6245.69,0.0,PLN
SO-2023-005963,3,2023-06-07,2023-06-07,PL-WAW-02,C000607,VM-ACC-0018,1,47.74,0.0,PLN
SO-2023-005964,1,2023-06-07,2023-06-07,PL-KRK-01,,VM-APP-0006,3,296.04,0.0,PLN
SO-2023-005964,2,2023-06-07,2023-06-07,PL-KRK-01,,VM-BIK-0001,1,13073.94,0.0,PLN
SO-2023-005964,3,2023-06-07,2023-06-07,PL-KRK-01,,VM-ACC-0017,3,55.38,0.0,PLN
SO-2023-005964,4,2023-06-07,2023-06-07,PL-KRK-01,,VM-BIK-0011,1,8260.74,0.0,PLN
SO-2023-005965,1,2023-06-07,2023-06-07,PL-KRK-01,C002628,VM-BIK-0007,1,6732.74,0.0,PLN
SO-2023-005965,2,2023-06-07,2023-06-07,PL-KRK-01,C002628,VM-CMP-0001,1,381.99,0.0,PLN
SO-2023-005966,1,2023-06-07,2023-06-07,PL-KRK-01,C002629,VM-APP-0008,1,152.79,0.0,PLN
SO-2023-005966,2,2023-06-07,2023-06-07,PL-KRK-01,C002629,VM-NUT-0002,10,14.32,0.0,PLN
SO-2023-005967,1,2023-06-07,2023-06-07,PL-WRO-01,,VM-BIK-0020,1,1155.54,0.0,PLN
SO-2023-005967,2,2023-06-07,2023-06-07,PL-WRO-01,,VM-ACC-0001,1,362.89,0.0,PLN
SO-2023-005967,3,2023-06-07,2023-06-07,PL-WRO-01,,VM-ACC-0008,2,381.99,0.0,PLN
SO-2023-005968,1,2023-06-07,2023-06-07,PL-WRO-01,C002630,VM-CMP-0021,12,45.83,0.12,PLN
SO-2023-005968,2,2023-06-07,2023-06-07,PL-WRO-01,C002630,VM-CMP-0023,15,56.34,0.08,PLN
SO-2023-005969,1,2023-06-07,2023-06-07,PL-WRO-01,C001188,VM-BIK-0007,1,6732.74,0.0,PLN
SO-2023-005970,1,2023-06-07,2023-06-07,PL-WRO-01,C002631,VM-NUT-0004,9,6.68,0.0,PLN
SO-2023-005971,1,2023-06-07,2023-06-07,PL-GDN-01,C002632,VM-APP-0007,1,152.79,0.0,PLN
SO-2023-005971,2,2023-06-07,2023-06-07,PL-GDN-01,C002632,VM-NUT-0004,14,6.68,0.0,PLN
SO-2023-005972,1,2023-06-07,2023-06-07,PL-GDN-01,C002633,VM-APP-0012,1,830.84,0.0,PLN
SO-2023-005973,1,2023-06-07,2023-06-07,PL-POZ-01,C002634,VM-ACC-0007,1,343.79,0.0,PLN
SO-2023-005973,2,2023-06-07,2023-06-07,PL-POZ-01,C002634, VM-NUT-0004 ,9,6.68,0.0,PLN
SO-2023-005974,1,2023-06-07,2023-06-07,PL-POZ-01,C001312,VM-BIK-0007,1,6732.74,0.0,PLN
SO-2023-005975,1,2023-06-07,2023-06-08,PL-WEB-01,C000195,VM-NUT-0011,3,51.56,0.0,PLN
SO-2023-005975,2,2023-06-07,2023-06-08,PL-WEB-01,C000195,VM-CMP-0001,1,381.99,0.0,PLN
SO-2023-005976,1,2023-06-07,2023-06-08,PL-WEB-01,C001525,VM-ACC-0007,1,343.79,0.0,PLN
SO-2023-005977,1,2023-06-07,2023-06-08,PL-WEB-01,C001126,VM-ACC-0008,4,381.99,0.1,PLN
SO-2023-005977,2,2023-06-07,2023-06-08,PL-WEB-01,C001126,VM-APP-0003,4,296.04,0.1,PLN
SO-2023-005978,1,2023-06-07,2023-06-10,PL-WEB-01,C001619,VM-BIK-0011,1,8260.74,0.05,PLN
SO-2023-005979,1,2023-06-07,2023-06-10,PL-WEB-01,C002635,VM-CMP-0014,1,410.64,0.0,PLN
SO-2023-005980,1,2023-06-07,2023-06-09,PL-WEB-01,C001948,VM-EBK-0007,1,14038.49,0.05,PLN
SO-2023-005981,1,2023-06-07,2023-06-08,PL-WEB-01,C002636,VM-CMP-0013,1,506.14,0.0,PLN
SO-2023-005982,1,2023-06-07,2023-06-09,PL-WEB-01,C002637,VM-ACC-0022,1,1499.34,0.05,PLN
SO-2023-005982,2,2023-06-07,2023-06-09,PL-WEB-01,C002637,VM-BIK-0011,1,8260.74,0.05,PLN
SO-2023-005982,3,2023-06-07,2023-06-09,PL-WEB-01,C002637,VM-CMP-0002,1,534.79,0.05,PLN
SO-2023-005983,1,2023-06-07,2023-06-09,PL-WEB-01,C002638,VM-BIK-0008,1,5071.04,0.0,PLN
SO-2023-005983,2,2023-06-07,2023-06-09,PL-WEB-01,C002638,VM-ACC-0008,2,381.99,0.0,PLN
SO-2023-005984,1,2023-06-07,2023-06-09,PL-WEB-01,C001478,VM-ACC-0008,1,381.99,0.0,PLN
SO-2023-005984,2,2023-06-07,2023-06-09,PL-WEB-01,C001478,VM-APP-0006,3,296.04,0.0,PLN
SO-2023-005984,3,2023-06-07,2023-06-09,PL-WEB-01,C001478,VM-ACC-0014,1,105.04,0.0,PLN
SO-2023-005984,4,2023-06-07,2023-06-09,PL-WEB-01,C001478,VM-CMP-0015,2,878.59,0.0,PLN
SO-2023-005985,1,2023-06-07,2023-06-09,PL-MKT-01,C002639,vm-app-0013,1,420.19,0.0,PLN
SO-2023-005985,2,2023-06-07,2023-06-09,PL-MKT-01,C002639,VM-BIK-0009,1,5386.19,0.0,PLN
SO-2023-005986,1,2023-06-07,2023-06-11,PL-MKT-01,C000179,VM-APP-0010,2,162.34,0.0,PLN
SO-2023-005986,2,2023-06-07,2023-06-11,PL-MKT-01,C000179,VM-APP-0008,1,152.79,0.0,PLN
SO-2023-005986,3,2023-06-07,2023-06-11,PL-MKT-01,C000179,VM-APP-0002,1,420.19,0.0,PLN
SO-2023-005987,1,2023-06-07,2023-06-11,PL-MKT-01,C001135,VM-CMP-0001,1,381.99,0.05,PLN
SO-2023-005988,1,2023-06-07,2023-06-08,PL-MKT-01,C002640,VM-NUT-0004,11,6.68,0.0,PLN
SO-2023-005988,2,2023-06-07,2023-06-08,PL-MKT-01,C002640,VM-ACC-0013,1,162.34,0.0,PLN
SO-2023-005989,1,2023-06-07,2023-06-11,PL-MKT-01,C002303,VM-BIK-0002,1,9196.64,0.0,PLN
SO-2023-005989,2,2023-06-07,2023-06-11,PL-MKT-01,C002303,VM-ACC-0018,1,47.74,0.0,PLN
SO-2023-005990,1,2023-06-07,2023-06-07,CZ-PRG-01,C002641,VM-APP-0002,1,2193.0,0.0,CZK
SO-2023-005991,1,2023-06-07,2023-06-07,CZ-PRG-01,C001423,VM-ACC-0008,1,1994.0,0.1,CZK
SO-2023-005991,2,2023-06-07,2023-06-07,CZ-PRG-01,C001423,VM-BIK-0009,1,28112.0,0.0,CZK
SO-2023-005992,1,2023-06-07,2023-06-10,CZ-WEB-01,C000582,VM-NUT-0004,4,35.0,0.0,CZK
SO-2023-005992,2,2023-06-07,2023-06-10,CZ-WEB-01,C000582,VM-APP-0005,1,897.0,0.0,CZK
SO-2023-005993,1,2023-06-07,2023-06-09,CZ-WEB-01,C002642,VM-NUT-0010,3,174.0,0.05,CZK
SO-2023-005993,2,2023-06-07,2023-06-09,CZ-WEB-01,C002642,VM-BIK-0001,1,68236.0,0.1,CZK
SO-2023-005993,3,2023-06-07,2023-06-09,CZ-WEB-01,C002642,VM-CMP-0009,2,1744.0,0.05,CZK
SO-2023-005993,4,2023-06-07,2023-06-09,CZ-WEB-01,C002642,VM-BIK-0012,1,58865.0,0.0,CZK
SO-2023-005994,1,2023-06-07,2023-06-08,CZ-WEB-01,C002499,VM-ACC-0008,1,1994.0,0.05,CZK
SO-2023-005995,1,2023-06-07,2023-06-07,DE-BER-01,C002643,VM-ACC-0018,2,10.45,0.0,EUR
SO-2023-005996,1,2023-06-07,2023-06-07,DE-BER-01,C002644,VM-BIK-0012,1,2469.09,0.0,EUR
SO-2023-005997,1,2023-06-07,2023-06-10,DE-WEB-01,C001371,VM-CMP-0013,2,110.8,0.05,EUR
SO-2023-005997,2,2023-06-07,2023-06-10,DE-WEB-01,C001371,VM-ACC-0018,3,10.45,0.05,EUR
SO-2023-005997,3,2023-06-07,2023-06-10,DE-WEB-01,C001371,VM-EBK-0008,1,3156.92,0.05,EUR
SO-2023-005998,1,2023-06-07,2023-06-11,DE-WEB-01,C002645,VM-BIK-0016,1,750.55,0.0,EUR
SO-2023-005998,2,2023-06-07,2023-06-11,DE-WEB-01,C002645,VM-APP-0006,1,64.81,0.0,EUR
SO-2023-005999,1,2023-06-07,2023-06-11,DE-WEB-01,C002424,VM-BIK-0002,1,2013.32,0.0,EUR
SO-2023-005999,2,2023-06-07,2023-06-11,DE-WEB-01,C002424,VM-ACC-0013,1,35.54,0.0,EUR
SO-2023-005999,3,2023-06-07,2023-06-11,DE-WEB-01,C002424,VM-ACC-0004,1,163.07,0.0,EUR
SO-2023-005999,4,2023-06-07,2023-06-11,DE-WEB-01,C002424,VM-ACC-0008,2,83.62,0.0,EUR
SO-2023-006000,1,2023-06-07,2023-06-11,DE-WEB-01,C002646,VM-BIK-0002,1,2013.32,0.05,EUR
SO-2023-006001,1,2023-06-08,2023-06-08,PL-WAW-01,C002647,VM-BIK-0013,1,4583.99,0.05,PLN
SO-2023-006001,2,2023-06-08,2023-06-08,PL-WAW-01,C002647,VM-BIK-0012,1,11278.54,0.05,PLN
SO-2023-006001,3,2023-06-08,2023-06-08,PL-WAW-01,C002647,VM-ACC-0008,1,381.99,0.05,PLN
SO-2023-006002,1,2023-06-08,2023-06-08,PL-WAW-01,C002001,VM-ACC-0022,1,1499.34,0.0,PLN
SO-2023-006002,2,2023-06-08,2023-06-08,PL-WAW-01,C002001,VM-NUT-0009,3,81.17,0.0,PLN
SO-2023-006003,1,2023-06-08,2023-06-08,PL-WAW-01,C002648,VM-CMP-0001,2,381.99,0.0,PLN
SO-2023-006003,2,2023-06-08,2023-06-08,PL-WAW-01,C002648,VM-EBK-0002,1,9502.24,0.0,PLN
SO-2023-006003,3,2023-06-08,2023-06-08,PL-WAW-01,C002648,VM-ACC-0014,1,105.04,0.0,PLN
SO-2023-006003,4,2023-06-08,2023-06-08,PL-WAW-01,C002648,VM-APP-0004,2,229.19,0.0,PLN
SO-2023-006004,1,2023-06-08,2023-06-08,PL-WAW-01,C001251,VM-EBK-0010,1,12882.94,0.0,PLN
SO-2023-006004,2,2023-06-08,2023-06-08,PL-WAW-01,C001251,VM-ACC-0014,1,105.04,0.0,PLN
SO-2023-006004,3,2023-06-08,2023-06-08,PL-WAW-01,C001251,VM-ACC-0010,2,238.74,0.0,PLN
SO-2023-006005,1,2023-06-08,2023-06-08,PL-WAW-01,C001319,VM-BIK-0010,1,6035.59,0.0,PLN
SO-2023-006005,2,2023-06-08,2023-06-08,PL-WAW-01,C001319,VM-NUT-0011,2,51.56,0.0,PLN
SO-2023-006005,3,2023-06-08,2023-06-08,PL-WAW-01,C001319,VM-ACC-0005,2,171.89,0.0,PLN
SO-2023-006006,1,2023-06-08,2023-06-08,PL-WAW-01,C000690,VM-BIK-0018,1,2291.99,0.0,PLN
SO-2023-006006,2,2023-06-08,2023-06-08,PL-WAW-01,C000690,VM-ACC-0003,1,276.94,0.0,PLN
SO-2023-006006,3,2023-06-08,2023-06-08,PL-WAW-01,C000690,VM-ACC-0015,1,334.24,0.0,PLN
SO-2023-006006,4,2023-06-08,2023-06-08,PL-WAW-01,C000690,VM-APP-0002,2,420.19,0.0,PLN
SO-2023-006007,1,2023-06-08,2023-06-08,PL-WAW-01,,VM-ACC-0007,1,343.79,0.0,PLN
SO-2023-006007,2,2023-06-08,2023-06-08,PL-WAW-01,,VM-BIK-0012,1,11278.54,0.0,PLN
SO-2023-006008,1,2023-06-08,2023-06-08,PL-WAW-02,C000907,VM-CMP-0017,2,477.49,0.0,PLN
SO-2023-006008,2,2023-06-08,2023-06-08,PL-WAW-02,C000907,VM-APP-0019,2,63.02,0.0,PLN
SO-2023-006008,3,2023-06-08,2023-06-08,PL-WAW-02,C000907,VM-BIK-0018,1,2291.99,0.0,PLN
SO-2023-006008,4,2023-06-08,2023-06-08,PL-WAW-02,C000907,VM-ACC-0017,3,55.38,0.0,PLN
SO-2023-006009,1,2023-06-08,2023-06-08,PL-WAW-02,C001418,VM-NUT-0003,5,10.5,0.05,PLN
SO-2023-006009,2,2023-06-08,2023-06-08,PL-WAW-02,C001418,VM-CMP-0015,1,878.59,0.05,PLN
SO-2023-006009,3,2023-06-08,2023-06-08,PL-WAW-02,C001418,VM-ACC-0001,2,362.89,0.05,PLN
SO-2023-006010,1,2023-06-08,2023-06-08,PL-WAW-02,,VM-NUT-0002,3,14.32,0.0,PLN
SO-2023-006010,2,2023-06-08,2023-06-08,PL-WAW-02,,VM-ACC-0021,1,744.89,0.0,PLN
SO-2023-006011,1,2023-06-08,2023-06-08,PL-KRK-01,C002649,VM-APP-0015,1,544.34,0.0,PLN
SO-2023-006011,2,2023-06-08,2023-06-08,PL-KRK-01,C002649,VM-ACC-0004,2,744.89,0.0,PLN
SO-2023-006012,1,2023-06-08,2023-06-08,PL-KRK-01,,VM-ACC-0008,1,381.99,0.0,PLN
SO-2023-006013,1,2023-06-08,2023-06-08,PL-KRK-01,C002650,VM-NUT-0004,11,6.68,0.0,PLN
SO-2023-006013,2,2023-06-08,2023-06-08,PL-KRK-01,C002650,VM-BIK-0007,1,6732.74,0.0,PLN
SO-2023-006014,1,2023-06-08,2023-06-08,PL-KRK-01,C001755,VM-BIK-0007,1,6732.74,0.0,PLN
SO-2023-006014,2,2023-06-08,2023-06-08,PL-KRK-01,C001755,VM-ACC-0008,1,381.99,0.0,PLN
SO-2023-006014,3,2023-06-08,2023-06-08,PL-KRK-01,C001755,VM-CMP-0012,1,515.69,0.0,PLN
SO-2023-006015,1,2023-06-08,2023-06-08,PL-WRO-01,C002464,VM-ACC-0003,1,276.94,0.0,PLN
SO-2023-006016,1,2023-06-08,2023-06-08,PL-WRO-01,,VM-NUT-0001,12,8.59,0.0,PLN
SO-2023-006016,2,2023-06-08,2023-06-08,PL-WRO-01,,VM-APP-0008,2,152.79,0.0,PLN
SO-2023-006016,3,2023-06-08,2023-06-08,PL-WRO-01,,VM-APP-0012,1,830.84,0.0,PLN
SO-2023-006017,1,2023-06-08,2023-06-08,PL-WRO-01,C002651,VM-APP-0001,1,439.29,0.05,PLN
SO-2023-006018,1,2023-06-08,2023-06-08,PL-GDN-01,,VM-APP-0006,3,296.04,0.0,PLN
SO-2023-006019,1,2023-06-08,2023-06-08,PL-POZ-01,C002652,VM-EBK-0001,1,7324.84,0.0,PLN
SO-2023-006020,1,2023-06-08,2023-06-08,PL-POZ-01,,VM-NUT-0006,9,9.54,0.0,PLN
SO-2023-006020,2,2023-06-08,2023-06-08,PL-POZ-01,,VM-NUT-0010,4,33.42,0.0,PLN
SO-2023-006021,1,2023-06-08,2023-06-10,PL-WEB-01,C002291,VM-NUT-0009,4,81.17,0.05,PLN
SO-2023-006022,1,2023-06-08,2023-06-10,PL-WEB-01,C000935,VM-ACC-0014,1,105.04,0.05,PLN
SO-2023-006023,1,2023-06-08,2023-06-09,PL-WEB-01,C000763,VM-BIK-0007,1,6732.74,0.05,PLN
SO-2023-006024,1,2023-06-08,2023-06-10,PL-WEB-01,C002653,VM-ACC-0002,2,582.54,0.0,PLN
SO-2023-006025,1,2023-06-08,2023-06-11,PL-WEB-01,C002654,VM-ACC-0004,1,744.89,0.0,PLN
SO-2023-006025,2,2023-06-08,2023-06-11,PL-WEB-01,C002654,VM-APP-0004,3,229.19,0.1,PLN
SO-2023-006025,3,2023-06-08,2023-06-11,PL-WEB-01,C002654,VM-CMP-0008,2,420.19,0.0,PLN
SO-2023-006026,1,2023-06-08,2023-06-10,PL-WEB-01,C001463,VM-APP-0003,3,296.04,0.0,PLN
SO-2023-006027,1,2023-06-08,2023-06-09,PL-WEB-01,C002094,VM-ACC-0008,2,381.99,0.0,PLN
SO-2023-006027,2,2023-06-08,2023-06-09,PL-WEB-01,C002094,VM-CMP-0013,2,506.14,0.0,PLN
SO-2023-006028,1,2023-06-08,2023-06-10,PL-WEB-01,C002655,vm-cmp-0017,1,477.49,0.0,PLN
SO-2023-006028,2,2023-06-08,2023-06-10,PL-WEB-01,C002655,VM-NUT-0007,9,12.41,0.0,PLN
SO-2023-006029,1,2023-06-08,2023-06-12,PL-WEB-01,C002656,VM-BIK-0018,1,2291.99,0.0,PLN
SO-2023-006030,1,2023-06-08,2023-06-09,PL-WEB-01,C002657,VM-ACC-0015,1,334.24,0.05,PLN
SO-2023-006031,1,2023-06-08,2023-06-09,PL-MKT-01,C002658,VM-BIK-0021,1,1193.74,0.0,PLN
SO-2023-006031,2,2023-06-08,2023-06-09,PL-MKT-01,C002658,VM-ACC-0019,2,47.74,0.0,PLN
SO-2023-006031,3,2023-06-08,2023-06-09,PL-MKT-01,C002658,VM-ACC-0008,1,381.99,0.0,PLN
SO-2023-006031,4,2023-06-08,2023-06-09,PL-MKT-01,C002658,VM-ACC-0006,1,907.24,0.0,PLN
SO-2023-006032,1,2023-06-08,2023-06-09,PL-MKT-01,C002006,VM-CMP-0017,1,477.49,0.0,PLN
SO-2023-006033,1,2023-06-08,2023-06-10,PL-MKT-01,C002659,VM-APP-0002,2,420.19,0.05,PLN
SO-2023-006034,1,2023-06-08,2023-06-09,PL-MKT-01,C001046,VM-CMP-0001,2,381.99,0.08,PLN
SO-2023-006035,1,2023-06-08,2023-06-08,CZ-PRG-01,,VM-NUT-0011,4,269.0,0.0,CZK
SO-2023-006035,2,2023-06-08,2023-06-08,CZ-PRG-01,,VM-NUT-0010,4,174.0,0.0,CZK
SO-2023-006036,1,2023-06-08,2023-06-08,CZ-PRG-01,C002660,VM-NUT-0002,5,75.0,0.05,CZK
SO-2023-006037,1,2023-06-08,2023-06-10,CZ-WEB-01,C002661,VM-CMP-0015,2,4586.0,0.0,CZK
SO-2023-006037,2,2023-06-08,2023-06-10,CZ-WEB-01,C002661,VM-CMP-0007,1,3140.0,0.0,CZK
SO-2023-006037,3,2023-06-08,2023-06-10,CZ-WEB-01,C002661,VM-CMP-0019,1,1047.0,0.0,CZK
SO-2023-006038,1,2023-06-08,2023-06-11,CZ-WEB-01,C002416,vm-app-0013,1,2193.0,0.05,CZK
SO-2023-006038,2,2023-06-08,2023-06-11,CZ-WEB-01,C002416,VM-EBK-0008,1,75264.0,0.05,CZK
SO-2023-006039,1,2023-06-08,2023-06-10,CZ-WEB-01,C002662,VM-ACC-0007,2,1794.0,0.0,CZK
SO-2023-006039,2,2023-06-08,2023-06-10,CZ-WEB-01,C002662,VM-EBK-0002,1,49594.0,0.0,CZK
SO-2023-006040,1,2023-06-08,2023-06-12,CZ-WEB-01,C002478,VM-BIK-0019,1,6031.0,0.0,CZK
SO-2023-006040,2,2023-06-08,2023-06-12,CZ-WEB-01,C002478,VM-ACC-0010,1,1246.0,0.0,CZK
SO-2023-006041,1,2023-06-08,2023-06-09,CZ-WEB-01,C002116,VM-EBK-0001,1,38230.0,0.0,CZK
SO-2023-006042,1,2023-06-08,2023-06-08,DE-BER-01,C001300,VM-APP-0020,4,37.63,0.12,EUR
SO-2023-006043,1,2023-06-08,2023-06-08,DE-BER-01,C002663,VM-APP-0007,2,33.45,0.0,EUR
SO-2023-006043,2,2023-06-08,2023-06-08,DE-BER-01,C002663,VM-ACC-0018,3,10.45,0.0,EUR
SO-2023-006044,1,2023-06-08,2023-06-08,DE-BER-01,,VM-ACC-0021,1,163.07,0.0,EUR
SO-2023-006045,1,2023-06-08,2023-06-11,DE-WEB-01,C001675,VM-ACC-0018,2,10.45,0.0,EUR
SO-2023-006045,2,2023-06-08,2023-06-11,DE-WEB-01,C001675,VM-BIK-0007,1,1473.92,0.0,EUR
SO-2023-006045,3,2023-06-08,2023-06-11,DE-WEB-01,C001675,VM-CMP-0010,2,81.53,0.0,EUR
SO-2023-006046,1,2023-06-08,2023-06-09,DE-WEB-01,C002664,VM-ACC-0014,1,23.0,0.0,EUR
SO-2023-006047,1,2023-06-08,2023-06-10,DE-WEB-01,C001591,VM-ACC-0008,1,83.62,0.0,EUR
SO-2023-006048,1,2023-06-08,2023-06-12,DE-WEB-01,C002665,VM-CMP-0013,1,110.8,0.05,EUR
SO-2023-006048,2,2023-06-08,2023-06-12,DE-WEB-01,C002665,VM-APP-0020,2,37.63,0.05,EUR
SO-2023-006049,1,2023-06-08,2023-06-10,DE-WEB-01,C001470,VM-ACC-0018,4,10.45,0.12,EUR
SO-2023-006050,1,2023-06-08,2023-06-09,DE-WEB-01,C000463,VM-ACC-0009,1,83.62,0.0,EUR
SO-2023-006050,2,2023-06-08,2023-06-09,DE-WEB-01,C000463,VM-CMP-0021,2,10.03,0.0,EUR
SO-2023-006051,1,2023-06-08,2023-06-12,DE-WEB-01,C002099,VM-ACC-0003,1,60.63,0.0,EUR
SO-2023-006051,2,2023-06-08,2023-06-12,DE-WEB-01,C002099,VM-ACC-0021,1,163.07,0.0,EUR
SO-2023-006052,1,2023-06-09,2023-06-09,PL-WAW-01,,VM-CMP-0004,2,687.59,0.0,PLN
SO-2023-006053,1,2023-06-09,2023-06-09,PL-WAW-01,,VM-ACC-0017,3,55.38,0.0,PLN
SO-2023-006054,1,2023-06-09,2023-06-09,PL-WAW-01,C001102,VM-ACC-0004,2,744.89,0.05,PLN
SO-2023-006054,2,2023-06-09,2023-06-09,PL-WAW-01,C001102,VM-ACC-0013,1,162.34,0.05,PLN
SO-2023-006054,3,2023-06-09,2023-06-09,PL-WAW-01,C001102,VM-CMP-0017,2,477.49,0.05,PLN
SO-2023-006054,4,2023-06-09,2023-06-09,PL-WAW-01,C001102,VM-NUT-0009,4,81.17,0.05,PLN
SO-2023-006055,1,2023-06-09,2023-06-09,PL-WAW-01,,VM-APP-0002,3,420.19,0.0,PLN
SO-2023-006056,1,2023-06-09,2023-06-09,PL-WAW-01,C000241,VM-ACC-0014,1,105.04,0.0,PLN
SO-2023-006057,1,2023-06-09,2023-06-09,PL-WAW-01,,VM-ACC-0008,1,381.99,0.0,PLN
SO-2023-006058,1,2023-06-09,2023-06-09,PL-WAW-02,C002110,VM-NUT-0001,3,8.59,0.0,PLN
SO-2023-006058,2,2023-06-09,2023-06-09,PL-WAW-02,C002110,VM-BIK-0009,1,5386.19,0.0,PLN
SO-2023-006059,1,2023-06-09,2023-06-09,PL-WAW-02,C002666,VM-ACC-0023,1,888.14,0.0,PLN
SO-2023-006060,1,2023-06-09,2023-06-09,PL-WAW-02,C001903,VM-NUT-0002,3,14.32,0.0,PLN
SO-2023-006060,2,2023-06-09,2023-06-09,PL-WAW-02,C001903,VM-BIK-0004,1,4077.84,0.0,PLN
SO-2023-006060,3,2023-06-09,2023-06-09,PL-WAW-02,C001903,VM-ACC-0008,2,381.99,0.0,PLN
SO-2023-006060,4,2023-06-09,2023-06-09,PL-WAW-02,C001903,VM-CMP-0015,2,878.59,0.0,PLN
SO-2023-006061,1,2023-06-09,2023-06-09,PL-WAW-02,C000264,VM-NUT-0002,3,14.32,0.0,PLN
SO-2023-006062,1,2023-06-09,2023-06-09,PL-WAW-02,,VM-BIK-0014,1,3657.64,0.0,PLN
SO-2023-006062,2,2023-06-09,2023-06-09,PL-WAW-02,,VM-ACC-0018,2,47.74,0.0,PLN
SO-2023-006063,1,2023-06-09,2023-06-09,PL-KRK-01,C001461,VM-BIK-0013,1,4583.99,0.0,PLN
SO-2023-006064,1,2023-06-09,2023-06-09,PL-KRK-01,,VM-NUT-0003,5,10.5,0.0,PLN
SO-2023-006064,2,2023-06-09,2023-06-09,PL-KRK-01,,VM-EBK-0007,1,14038.49,0.0,PLN
SO-2023-006065,1,2023-06-09,2023-06-09,PL-KRK-01,C002667,VM-BIK-0007,1,6732.74,0.0,PLN
SO-2023-006066,1,2023-06-09,2023-06-09,PL-KRK-01,C002668,VM-NUT-0003,7,10.5,0.0,PLN
SO-2023-006067,1,2023-06-09,2023-06-09,PL-WRO-01,C002669,VM-NUT-0004,6,6.68,0.0,PLN
SO-2023-006068,1,2023-06-09,2023-06-09,PL-GDN-01,C001847,VM-EBK-0007,1,14038.49,0.0,PLN
SO-2023-006069,1,2023-06-09,2023-06-09,PL-GDN-01,C000510,VM-NUT-0001,14,8.59,0.0,PLN
SO-2023-006069,2,2023-06-09,2023-06-09,PL-GDN-01,C000510,VM-BIK-0005,1,7076.54,0.0,PLN
SO-2023-006070,1,2023-06-09,2023-06-09,PL-POZ-01,,VM-NUT-0004,5,6.68,0.0,PLN
SO-2023-006070,2,2023-06-09,2023-06-09,PL-POZ-01,,VM-BIK-0004,1,4077.84,0.0,PLN
SO-2023-006070,3,2023-06-09,2023-06-09,PL-POZ-01,,VM-CMP-0003,2,229.19,0.0,PLN
SO-2023-006071,1,2023-06-09,2023-06-09,PL-POZ-01,C002670,VM-BIK-0012,1,11278.54,0.0,PLN
SO-2023-006072,1,2023-06-09,2023-06-09,PL-POZ-01,C002012,VM-EBK-0008,1,14420.49,0.0,PLN
SO-2023-006073,1,2023-06-09,2023-06-13,PL-WEB-01,C002631,VM-NUT-0001,3,8.59,0.0,PLN
SO-2023-006073,2,2023-06-09,2023-06-13,PL-WEB-01,C002631,VM-APP-0010,1,162.34,0.0,PLN
SO-2023-006073,3,2023-06-09,2023-06-13,PL-WEB-01,C002631,VM-APP-0002,2,420.19,0.0,PLN
SO-2023-006074,1,2023-06-09,2023-06-12,PL-WEB-01,C001058,VM-APP-0003,2,296.04,0.05,PLN
SO-2023-006075,1,2023-06-09,2023-06-10,PL-WEB-01,C002671,VM-CMP-0013,1,506.14,0.0,PLN
SO-2023-006075,2,2023-06-09,2023-06-10,PL-WEB-01,C002671,VM-BIK-0009,1,5386.19,0.0,PLN
SO-2023-006076,1,2023-06-09,2023-06-11,PL-WEB-01,C000870,VM-BIK-0012,1,11278.54,0.0,PLN
SO-2023-006077,1,2023-06-09,2023-06-13,PL-WEB-01,C002121,VM-CMP-0015,1,878.59,0.0,PLN
SO-2023-006078,1,2023-06-09,2023-06-13,PL-WEB-01,C000820,VM-APP-0001,1,439.29,0.0,PLN
SO-2023-006078,2,2023-06-09,2023-06-13,PL-WEB-01,C000820,VM-BIK-0012,1,11278.54,0.0,PLN
SO-2023-006079,1,2023-06-09,2023-06-11,PL-WEB-01,C001248,VM-BIK-0012,1,11278.54,0.0,PLN
SO-2023-006080,1,2023-06-09,2023-06-13,PL-WEB-01,C002672,VM-APP-0002,1,420.19,0.05,PLN
SO-2023-006081,1,2023-06-09,2023-06-11,PL-WEB-01,C002673,VM-EBK-0001,1,7324.84,0.0,PLN
SO-2023-006081,2,2023-06-09,2023-06-11,PL-WEB-01,C002673,VM-BIK-0017,1,1824.04,0.0,PLN
SO-2023-006082,1,2023-06-09,2023-06-10,PL-WEB-01,C002674,VM-ACC-0023,1,888.14,0.05,PLN
SO-2023-006082,2,2023-06-09,2023-06-10,PL-WEB-01,C002674,VM-ACC-0018,2,47.74,0.05,PLN
SO-2023-006083,1,2023-06-09,2023-06-12,PL-WEB-01,C000080,VM-BIK-0003,3,6245.69,0.08,PLN
SO-2023-006083,2,2023-06-09,2023-06-12,PL-WEB-01,C000080,VM-ACC-0008,4,381.99,0.1,PLN
SO-2023-006083,3,2023-06-09,2023-06-12,PL-WEB-01,C000080,VM-BIK-0009,2,5386.19,0.1,PLN
SO-2023-006084,1,2023-06-09,2023-06-10,PL-WEB-01,C000370,VM-APP-0019,1,63.02,0.1,PLN
SO-2023-006085,1,2023-06-09,2023-06-12,PL-WEB-01,C002675,VM-NUT-0011,4,51.56,0.0,PLN
SO-2023-006086,1,2023-06-09,2023-06-10,PL-WEB-01,C001263,VM-APP-0012,1,830.84,0.05,PLN
SO-2023-006087,1,2023-06-09,2023-06-10,PL-MKT-01,C002676,VM-NUT-0007,9,12.41,0.0,PLN
SO-2023-006087,2,2023-06-09,2023-06-10,PL-MKT-01,C002676,VM-EBK-0007,1,14038.49,0.1,PLN
SO-2023-006088,1,2023-06-09,2023-06-13,PL-MKT-01,C000747,VM-BIK-0018,1,2291.99,0.0,PLN
SO-2023-006088,2,2023-06-09,2023-06-13,PL-MKT-01,C000747,VM-ACC-0018,1,47.74,0.0,PLN
SO-2023-006088,3,2023-06-09,2023-06-13,PL-MKT-01,C000747,VM-ACC-0017,3,55.38,0.0,PLN
SO-2023-006089,1,2023-06-09,2023-06-11,PL-MKT-01,C000625,VM-BIK-0012,1,11278.54,0.0,PLN
SO-2023-006090,1,2023-06-09,2023-06-13,PL-MKT-01,C002677,VM-ACC-0001,2,362.89,0.0,PLN
SO-2023-006090,2,2023-06-09,2023-06-13,PL-MKT-01,C002677,VM-NUT-0004,8,6.68,0.0,PLN
SO-2023-006091,1,2023-06-09,2023-06-12,PL-MKT-01,C001755,VM-NUT-0006,7,9.54,0.0,PLN
SO-2023-006092,1,2023-06-09,2023-06-12,PL-MKT-01,C002678,VM-APP-0013,1,420.19,0.0,PLN
SO-2023-006093,1,2023-06-09,2023-06-09,CZ-PRG-01,C002679,VM-NUT-0004,14,35.0,0.0,CZK
SO-2023-006094,1,2023-06-09,2023-06-09,CZ-PRG-01,C002452,VM-NUT-0009,2,424.0,0.0,CZK
SO-2023-006095,1,2023-06-09,2023-06-09,CZ-PRG-01,,VM-EBK-0011,1,72971.0,0.0,CZK
SO-2023-006096,1,2023-06-09,2023-06-09,CZ-PRG-01,C000163,VM-ACC-0001,1,1894.0,0.0,CZK
SO-2023-006097,1,2023-06-09,2023-06-09,CZ-PRG-01,,VM-BIK-0018,1,11962.0,0.0,CZK
SO-2023-006097,2,2023-06-09,2023-06-09,CZ-PRG-01,,VM-NUT-0007,6,65.0,0.0,CZK
SO-2023-006098,1,2023-06-09,2023-06-09,CZ-PRG-01,C002680,VM-APP-0020,2,897.0,0.05,CZK
SO-2023-006098,2,2023-06-09,2023-06-09,CZ-PRG-01,C002680,VM-CMP-0020,4,1296.0,0.05,CZK
SO-2023-006099,1,2023-06-09,2023-06-13,CZ-WEB-01,C000911,VM-ACC-0017,1,289.0,0.0,CZK
SO-2023-006100,1,2023-06-09,2023-06-12,CZ-WEB-01,C001147,VM-NUT-0009,4,424.0,0.05,CZK
SO-2023-006101,1,2023-06-09,2023-06-10,CZ-WEB-01,C002681,VM-BIK-0002,1,47999.0,0.0,CZK
SO-2023-006102,1,2023-06-09,2023-06-13,CZ-WEB-01,C002114,VM-NUT-0006,10,50.0,0.0,CZK
SO-2023-006103,1,2023-06-09,2023-06-12,CZ-WEB-01,C002682,VM-APP-0015,1,2841.0,0.0,CZK
SO-2023-006104,1,2023-06-09,2023-06-10,CZ-WEB-01,C002683,VM-EBK-0003,1,45308.0,0.0,CZK
SO-2023-006105,1,2023-06-09,2023-06-12,CZ-WEB-01,C001863,VM-NUT-0001,30,45.0,0.08,CZK
SO-2023-006105,2,2023-06-09,2023-06-12,CZ-WEB-01,C001863,VM-APP-0005,10,897.0,0.12,CZK
SO-2023-006106,1,2023-06-09,2023-06-09,DE-BER-01,,vm-ebk-0009,1,2071.86,0.0,EUR
SO-2023-006107,1,2023-06-09,2023-06-09,DE-BER-01,C002684,VM-BIK-0012,1,2469.09,0.0,EUR
SO-2023-006107,2,2023-06-09,2023-06-09,DE-BER-01,C002684,VM-ACC-0014,1,23.0,0.0,EUR
SO-2023-006107,3,2023-06-09,2023-06-09,DE-BER-01,C002684,VM-ACC-0021,1,163.07,0.0,EUR
SO-2023-006108,1,2023-06-09,2023-06-11,DE-WEB-01,C001281,VM-EBK-0003,1,1900.42,0.0,EUR
SO-2023-006108,2,2023-06-09,2023-06-11,DE-WEB-01,C001281,VM-ACC-0018,3,10.45,0.0,EUR
SO-2023-006108,3,2023-06-09,2023-06-11,DE-WEB-01,C001281,VM-ACC-0005,1,37.63,0.0,EUR
SO-2023-006109,1,2023-06-09,2023-06-13,DE-WEB-01,C000661,VM-ACC-0014,1,23.0,0.0,EUR
SO-2023-006109,2,2023-06-09,2023-06-13,DE-WEB-01,C000661,VM-CMP-0009,1,73.17,0.0,EUR
SO-2023-006110,1,2023-06-09,2023-06-10,DE-WEB-01,C002503,VM-APP-0001,1,96.17,0.0,EUR
SO-2023-006110,2,2023-06-09,2023-06-10,DE-WEB-01,C002503,VM-BIK-0010,1,1321.31,0.0,EUR
SO-2023-006110,3,2023-06-09,2023-06-10,DE-WEB-01,C002503,VM-BIK-0014,1,800.73,0.0,EUR
SO-2023-006111,1,2023-06-09,2023-06-13,DE-WEB-01,C001990,VM-CMP-0008,1,91.99,0.0,EUR
SO-2023-006111,2,2023-06-09,2023-06-13,DE-WEB-01,C001990,VM-CMP-0001,1,83.62,0.0,EUR
SO-2023-006111,3,2023-06-09,2023-06-13,DE-WEB-01,C001990,VM-BIK-0004,1,892.72,0.0,EUR
SO-2023-006111,4,2023-06-09,2023-06-13,DE-WEB-01,C001990,VM-CMP-0019,4,43.9,0.0,EUR
SO-2023-006112,1,2023-06-09,2023-06-10,DE-WEB-01,C002685,VM-NUT-0007,11,2.72,0.0,EUR
SO-2023-006113,1,2023-06-09,2023-06-10,DE-WEB-01,C000260,VM-ACC-0018,1,10.45,0.0,EUR
SO-2023-006114,1,2023-06-10,2023-06-10,PL-WAW-01,C002686,VM-CMP-0019,2,200.54,0.0,PLN
SO-2023-006114,2,2023-06-10,2023-06-10,PL-WAW-01,C002686,VM-EBK-0011,1,13981.19,0.0,PLN
SO-2023-006115,1,2023-06-10,2023-06-10,PL-WAW-01,C002004,VM-BIK-0013,1,4583.99,0.0,PLN
SO-2023-006115,2,2023-06-10,2023-06-10,PL-WAW-01,C002004,VM-ACC-0001,1,362.89,0.0,PLN
SO-2023-006115,3,2023-06-10,2023-06-10,PL-WAW-01,C002004,VM-BIK-0007,1,6732.74,0.0,PLN
SO-2023-006116,1,2023-06-10,2023-06-10,PL-WAW-01,C002687,VM-ACC-0008,2,381.99,0.0,PLN
SO-2023-006117,1,2023-06-10,2023-06-10,PL-WAW-01,C000198,VM-ACC-0003,2,276.94,0.0,PLN
SO-2023-006117,2,2023-06-10,2023-06-10,PL-WAW-01,C000198,VM-ACC-0019,3,47.74,0.0,PLN
SO-2023-006118,1,2023-06-10,2023-06-10,PL-WAW-01,,VM-APP-0008,2,152.79,0.0,PLN
SO-2023-006119,1,2023-06-10,2023-06-10,PL-WAW-01,C002688,VM-CMP-0019,2,200.54,0.05,PLN
SO-2023-006120,1,2023-06-10,2023-06-10,PL-WAW-01,C002105,VM-ACC-0019,3,47.74,0.0,PLN
SO-2023-006120,2,2023-06-10,2023-06-10,PL-WAW-01,C002105,VM-CMP-0021,1,45.83,0.0,PLN
SO-2023-006120,3,2023-06-10,2023-06-10,PL-WAW-01,C002105,VM-CMP-0020,1,248.29,0.0,PLN
SO-2023-006121,1,2023-06-10,2023-06-10,PL-WAW-01,,VM-NUT-0004,11,6.68,0.0,PLN
SO-2023-006122,1,2023-06-10,2023-06-10,PL-WAW-01,C000876,VM-CMP-0001,1,381.99,0.0,PLN
SO-2023-006122,2,2023-06-10,2023-06-10,PL-WAW-01,C000876,VM-ACC-0012,1,68.75,0.0,PLN
SO-2023-006123,1,2023-06-10,2023-06-10,PL-WAW-01,C001726,VM-BIK-0019,1,1155.54,0.0,PLN
SO-2023-006124,1,2023-06-10,2023-06-10,PL-WAW-02,C002689,VM-APP-0007,2,152.79,0.0,PLN
SO-2023-006125,1,2023-06-10,2023-06-10,PL-WAW-02,C000589,VM-ACC-0008,2,381.99,0.05,PLN
SO-2023-006126,1,2023-06-10,2023-06-10,PL-WAW-02,C002690,VM-NUT-0005,4,8.59,0.1,PLN
SO-2023-006127,1,2023-06-10,2023-06-10,PL-WAW-02,,VM-EBK-0007,1,14038.49,0.0,PLN
SO-2023-006128,1,2023-06-10,2023-06-10,PL-KRK-01,C000802,VM-ACC-0008,1,381.99,0.0,PLN
SO-2023-006129,1,2023-06-10,2023-06-10,PL-KRK-01,,VM-ACC-0007,1,343.79,0.0,PLN
SO-2023-006130,1,2023-06-10,2023-06-10,PL-KRK-01,,VM-BIK-0010,1,6035.59,0.0,PLN
SO-2023-006130,2,2023-06-10,2023-06-10,PL-KRK-01,,VM-BIK-0003,1,6245.69,0.0,PLN
SO-2023-006131,1,2023-06-10,2023-06-10,PL-KRK-01,C001781,VM-NUT-0010,1,33.42,0.05,PLN
SO-2023-006131,2,2023-06-10,2023-06-10,PL-KRK-01,C001781,VM-BIK-0007,1,6732.74,0.05,PLN
SO-2023-006131,3,2023-06-10,2023-06-10,PL-KRK-01,C001781,VM-BIK-0002,1,9196.64,0.05,PLN
SO-2023-006131,4,2023-06-10,2023-06-10,PL-KRK-01,C001781,vm-ebk-0011,1,13981.19,0.05,PLN
SO-2023-006132,1,2023-06-10,2023-06-10,PL-KRK-01,,VM-BIK-0018,1,2291.99,0.0,PLN
SO-2023-006133,1,2023-06-10,2023-06-10,PL-KRK-01,,VM-CMP-0009,1,334.24,0.05,PLN
SO-2023-006133,2,2023-06-10,2023-06-10,PL-KRK-01,,VM-NUT-0011,1,51.56,0.0,PLN
SO-2023-006134,1,2023-06-10,2023-06-10,PL-KRK-01,C002691, VM-NUT-0006 ,4,9.54,0.0,PLN
SO-2023-006134,2,2023-06-10,2023-06-10,PL-KRK-01,C002691,VM-NUT-0004,10,6.68,0.0,PLN
SO-2023-006135,1,2023-06-10,2023-06-10,PL-KRK-01,C000067,VM-APP-0005,1,171.89,0.0,PLN
SO-2023-006135,2,2023-06-10,2023-06-10,PL-KRK-01,C000067,VM-ACC-0018,3,47.74,0.0,PLN
SO-2023-006136,1,2023-06-10,2023-06-10,PL-KRK-01,C002692,VM-CMP-0023,2,56.34,0.0,PLN
SO-2023-006137,1,2023-06-10,2023-06-10,PL-KRK-01,C002693,VM-NUT-0010,4,33.42,0.0,PLN
SO-2023-006138,1,2023-06-10,2023-06-10,PL-WRO-01,C000744,VM-NUT-0006,22,9.54,0.08,PLN
SO-2023-006139,1,2023-06-10,2023-06-10,PL-WRO-01,C002694,VM-EBK-0011,1,13981.19,0.0,PLN
SO-2023-006140,1,2023-06-10,2023-06-10,PL-WRO-01,,VM-BIK-0004,1,4077.84,0.0,PLN
SO-2023-006140,2,2023-06-10,2023-06-10,PL-WRO-01,,VM-ACC-0019,2,47.74,0.0,PLN
SO-2023-006141,1,2023-06-10,2023-06-10,PL-WRO-01,C002695,VM-APP-0005,1,171.89,0.0,PLN
SO-2023-006141,2,2023-06-10,2023-06-10,PL-WRO-01,C002695,VM-CMP-0013,2,506.14,0.0,PLN
SO-2023-006141,3,2023-06-10,2023-06-10,PL-WRO-01,C002695,VM-APP-0002,1,420.19,0.0,PLN
SO-2023-006142,1,2023-06-10,2023-06-10,PL-WRO-01,C002696,VM-NUT-0006,11,9.54,0.0,PLN
SO-2023-006143,1,2023-06-10,2023-06-10,PL-WRO-01,C001628,VM-ACC-0021,1,744.89,0.0,PLN
SO-2023-006144,1,2023-06-10,2023-06-10,PL-WRO-01,C002697,VM-NUT-0006,11,9.54,0.0,PLN
SO-2023-006144,2,2023-06-10,2023-06-10,PL-WRO-01,C002697,VM-ACC-0014,1,105.04,0.0,PLN
SO-2023-006145,1,2023-06-10,2023-06-10,PL-GDN-01,C002698,VM-BIK-0011,1,8260.74,0.0,PLN
SO-2023-006146,1,2023-06-10,2023-06-10,PL-GDN-01,C001854,VM-ACC-0017,3,55.38,0.0,PLN
SO-2023-006146,2,2023-06-10,2023-06-10,PL-GDN-01,C001854,VM-NUT-0006,4,9.54,0.0,PLN
SO-2023-006146,3,2023-06-10,2023-06-10,PL-GDN-01,C001854,VM-CMP-0013,2,506.14,0.0,PLN
SO-2023-006147,1,2023-06-10,2023-06-10,PL-POZ-01,C000748,VM-ACC-0008,5,381.99,0.12,PLN
SO-2023-006148,1,2023-06-10,2023-06-10,PL-POZ-01,C000126,VM-BIK-0016,1,3428.44,0.0,PLN
SO-2023-006148,2,2023-06-10,2023-06-10,PL-POZ-01,C000126,VM-ACC-0008,2,381.99,0.0,PLN
SO-2023-006148,3,2023-06-10,2023-06-10,PL-POZ-01,C000126,VM-ACC-0019,1,47.74,0.0,PLN
SO-2023-006149,1,2023-06-10,2023-06-10,PL-POZ-01,C002197,VM-BIK-0010,1,6035.59,0.0,PLN
SO-2023-006150,1,2023-06-10,2023-06-12,PL-WEB-01,C002699,VM-APP-0001,2,439.29,0.0,PLN
SO-2023-006151,1,2023-06-10,2023-06-13,PL-WEB-01,C002700,VM-CMP-0012,1,515.69,0.0,PLN
SO-2023-006152,1,2023-06-10,2023-06-11,PL-WEB-01,C002701,VM-ACC-0021,1,744.89,0.0,PLN
SO-2023-006153,1,2023-06-10,2023-06-13,PL-WEB-01,C002702,VM-CMP-0019,2,200.54,0.1,PLN
SO-2023-006154,1,2023-06-10,2023-06-14,PL-WEB-01,C002703,VM-BIK-0017,1,1824.04,0.05,PLN
SO-2023-006155,1,2023-06-10,2023-06-12,PL-WEB-01,C001236,VM-BIK-0011,1,8260.74,0.0,PLN
SO-2023-006156,1,2023-06-10,2023-06-12,PL-WEB-01,C002010,VM-ACC-0004,1,744.89,0.0,PLN
SO-2023-006157,1,2023-06-10,2023-06-12,PL-WEB-01,C000627,VM-NUT-0004,3,6.68,0.0,PLN
SO-2023-006158,1,2023-06-10,2023-06-12,PL-WEB-01,C002704,VM-ACC-0007,1,343.79,0.0,PLN
SO-2023-006159,1,2023-06-10,2023-06-12,PL-WEB-01,C000632,VM-CMP-0013,1,506.14,0.0,PLN
SO-2023-006160,1,2023-06-10,2023-06-12,PL-WEB-01,C002705,VM-BIK-0012,1,11278.54,0.0,PLN
SO-2023-006161,1,2023-06-10,2023-06-13,PL-WEB-01,C000721,VM-ACC-0010,2,238.74,0.0,PLN
SO-2023-006162,1,2023-06-10,2023-06-14,PL-WEB-01,C001048,VM-NUT-0003,44,10.5,0.1,PLN
SO-2023-006162,2,2023-06-10,2023-06-14,PL-WEB-01,C001048,VM-CMP-0017,2,477.49,0.1,PLN
SO-2023-006162,3,2023-06-10,2023-06-14,PL-WEB-01,C001048,VM-EBK-0003,3,8680.94,0.12,PLN
SO-2023-006163,1,2023-06-10,2023-06-12,PL-WEB-01,C001540,VM-CMP-0014,2,410.64,0.0,PLN
SO-2023-006164,1,2023-06-10,2023-06-13,PL-MKT-01,C002650,VM-CMP-0017,2,477.49,0.0,PLN
SO-2023-006164,2,2023-06-10,2023-06-13,PL-MKT-01,C002650,VM-BIK-0012,1,11278.54,0.0,PLN
SO-2023-006165,1,2023-06-10,2023-06-11,PL-MKT-01,C001534,VM-ACC-0008,2,381.99,0.0,PLN
SO-2023-006166,1,2023-06-10,2023-06-11,PL-MKT-01,C002706,VM-BIK-0008,1,5071.04,0.0,PLN
SO-2023-006166,2,2023-06-10,2023-06-11,PL-MKT-01,C002706,VM-ACC-0001,2,362.89,0.1,PLN
SO-2023-006167,1,2023-06-10,2023-06-14,PL-MKT-01,C001021,VM-APP-0013,1,420.19,0.05,PLN
SO-2023-006168,1,2023-06-10,2023-06-11,PL-MKT-01,C002707,VM-NUT-0010,2,33.42,0.0,PLN
SO-2023-006169,1,2023-06-10,2023-06-10,CZ-PRG-01,C002708, VM-NUT-0009 ,2,424.0,0.0,CZK
SO-2023-006170,1,2023-06-10,2023-06-10,CZ-PRG-01,, VM-ACC-0020 ,1,4037.0,0.1,CZK
SO-2023-006170,2,2023-06-10,2023-06-10,CZ-PRG-01,,VM-NUT-0004,13,35.0,0.0,CZK
SO-2023-006170,3,2023-06-10,2023-06-10,CZ-PRG-01,,VM-CMP-0020,3,1296.0,0.0,CZK
SO-2023-006170,4,2023-06-10,2023-06-10,CZ-PRG-01,,VM-BIK-0012,1,58865.0,0.0,CZK
SO-2023-006171,1,2023-06-10,2023-06-14,CZ-WEB-01,C002709,VM-NUT-0003,5,55.0,0.0,CZK
SO-2023-006171,2,2023-06-10,2023-06-14,CZ-WEB-01,C002709,VM-ACC-0003,2,1445.0,0.0,CZK
SO-2023-006172,1,2023-06-10,2023-06-11,CZ-WEB-01,C000896,VM-CMP-0013,1,2642.0,0.05,CZK
SO-2023-006172,2,2023-06-10,2023-06-11,CZ-WEB-01,C000896,VM-CMP-0016,1,12261.0,0.05,CZK
SO-2023-006172,3,2023-06-10,2023-06-11,CZ-WEB-01,C000896,VM-EBK-0008,1,75264.0,0.05,CZK
SO-2023-006172,4,2023-06-10,2023-06-11,CZ-WEB-01,C000896,vm-acc-0008,2,1994.0,0.1,CZK
SO-2023-006173,1,2023-06-10,2023-06-11,CZ-WEB-01,C000911,VM-NUT-0003,3,55.0,0.0,CZK
SO-2023-006174,1,2023-06-10,2023-06-14,CZ-WEB-01,C002710,VM-BIK-0016,1,17894.0,0.0,CZK
SO-2023-006174,2,2023-06-10,2023-06-14,CZ-WEB-01,C002710,VM-CMP-0009,2,1744.0,0.0,CZK
SO-2023-006174,3,2023-06-10,2023-06-14,CZ-WEB-01,C002710,VM-ACC-0004,1,3888.0,0.0,CZK
SO-2023-006174,4,2023-06-10,2023-06-14,CZ-WEB-01,C002710,VM-BIK-0020,1,6031.0,0.0,CZK
SO-2023-006175,1,2023-06-10,2023-06-10,DE-BER-01,C000149,VM-APP-0001,1,96.17,0.0,EUR
SO-2023-006175,2,2023-06-10,2023-06-10,DE-BER-01,C000149,VM-NUT-0002,7,3.13,0.0,EUR
SO-2023-006175,3,2023-06-10,2023-06-10,DE-BER-01,C000149,VM-APP-0020,1,37.63,0.0,EUR
SO-2023-006175,4,2023-06-10,2023-06-10,DE-BER-01,C000149,VM-BIK-0013,1,1003.52,0.0,EUR
SO-2023-006176,1,2023-06-10,2023-06-10,DE-BER-01,C002079,VM-CMP-0017,2,104.53,0.05,EUR
SO-2023-006177,1,2023-06-10,2023-06-10,DE-BER-01,C001077,VM-ACC-0008,2,83.62,0.0,EUR
SO-2023-006177,2,2023-06-10,2023-06-10,DE-BER-01,C001077,VM-APP-0002,3,91.99,0.0,EUR
SO-2023-006178,1,2023-06-10,2023-06-10,DE-BER-01,C002037,VM-NUT-0002,14,3.13,0.0,EUR
SO-2023-006178,2,2023-06-10,2023-06-10,DE-BER-01,C002037,VM-ACC-0018,3,10.45,0.0,EUR
SO-2023-006179,1,2023-06-10,2023-06-10,DE-BER-01,C002711, VM-CMP-0009 ,2,73.17,0.0,EUR
SO-2023-006180,1,2023-06-10,2023-06-10,DE-BER-01,C002645, VM-BIK-0022 ,1,292.69,0.05,EUR
SO-2023-006181,1,2023-06-10,2023-06-12,DE-WEB-01,C002712,VM-ACC-0017,2,12.12,0.0,EUR
SO-2023-006181,2,2023-06-10,2023-06-12,DE-WEB-01,C002712,VM-ACC-0018,1,10.45,0.0,EUR
SO-2023-006181,3,2023-06-10,2023-06-12,DE-WEB-01,C002712,VM-ACC-0013,1,35.54,0.0,EUR
SO-2023-006181,4,2023-06-10,2023-06-12,DE-WEB-01,C002712,VM-ACC-0006,1,198.61,0.0,EUR
SO-2023-006182,1,2023-06-11,2023-06-13,PL-WEB-01,C002713,VM-APP-0009,1,334.24,0.0,PLN
SO-2023-006183,1,2023-06-11,2023-06-15,PL-WEB-01,C002714,vm-app-0008,1,152.79,0.0,PLN
SO-2023-006184,1,2023-06-11,2023-06-15,PL-WEB-01,C002715,VM-BIK-0009,1,5386.19,0.05,PLN
SO-2023-006185,1,2023-06-11,2023-06-14,PL-WEB-01,C001840, VM-NUT-0011 ,1,51.56,0.0,PLN
SO-2023-006186,1,2023-06-11,2023-06-12,PL-WEB-01,C002716,VM-ACC-0015,1,334.24,0.0,PLN
SO-2023-006186,2,2023-06-11,2023-06-12,PL-WEB-01,C002716,VM-NUT-0010,3,33.42,0.0,PLN
SO-2023-006186,3,2023-06-11,2023-06-12,PL-WEB-01,C002716,VM-EBK-0001,1,7324.84,0.0,PLN
SO-2023-006187,1,2023-06-11,2023-06-12,PL-WEB-01,C002717,VM-NUT-0004,9,6.68,0.05,PLN
SO-2023-006187,2,2023-06-11,2023-06-12,PL-WEB-01,C002717,VM-APP-0001,2,439.29,0.05,PLN
SO-2023-006188,1,2023-06-11,2023-06-12,PL-WEB-01,C001707,VM-ACC-0018,1,47.74,0.0,PLN
SO-2023-006188,2,2023-06-11,2023-06-12,PL-WEB-01,C001707,VM-CMP-0009,2,334.24,0.0,PLN
SO-2023-006189,1,2023-06-11,2023-06-13,PL-WEB-01,C002718,VM-BIK-0007,1,6732.74,0.05,PLN
SO-2023-006190,1,2023-06-11,2023-06-13,PL-WEB-01,C002719,VM-APP-0012,1,830.84,0.0,PLN
SO-2023-006191,1,2023-06-11,2023-06-15,PL-WEB-01,C000556,VM-NUT-0006,6,9.54,0.05,PLN
SO-2023-006192,1,2023-06-11,2023-06-13,PL-WEB-01,C000542,VM-BIK-0008,1,5071.04,0.0,PLN
SO-2023-006193,1,2023-06-11,2023-06-13,PL-WEB-01,C001046,VM-BIK-0007,4,6732.74,0.08,PLN
SO-2023-006194,1,2023-06-11,2023-06-15,PL-WEB-01,C002720, VM-CMP-0015 ,1,878.59,0.0,PLN
SO-2023-006194,2,2023-06-11,2023-06-15,PL-WEB-01,C002720,VM-CMP-0001,2,381.99,0.0,PLN
SO-2023-006195,1,2023-06-11,2023-06-15,PL-WEB-01,C002030,VM-ACC-0002,1,582.54,0.0,PLN
SO-2023-006195,2,2023-06-11,2023-06-15,PL-WEB-01,C002030,VM-CMP-0004,2,687.59,0.0,PLN
SO-2023-006195,3,2023-06-11,2023-06-15,PL-WEB-01,C002030,VM-CMP-0009,2,334.24,0.0,PLN
SO-2023-006196,1,2023-06-11,2023-06-13,PL-WEB-01,C002721,VM-EBK-0001,1,7324.84,0.0,PLN
SO-2023-006197,1,2023-06-11,2023-06-14,PL-WEB-01,C002564,VM-EBK-0001,1,7324.84,0.0,PLN
SO-2023-006198,1,2023-06-11,2023-06-12,PL-MKT-01,C002722,VM-CMP-0019,2,200.54,0.05,PLN
SO-2023-006199,1,2023-06-11,2023-06-15,PL-MKT-01,C000049,VM-NUT-0006,4,9.54,0.05,PLN
SO-2023-006200,1,2023-06-11,2023-06-14,PL-MKT-01,C001058,VM-ACC-0008,2,381.99,0.05,PLN
SO-2023-006200,2,2023-06-11,2023-06-14,PL-MKT-01,C001058,VM-BIK-0012,1,11278.54,0.05,PLN
SO-2023-006201,1,2023-06-11,2023-06-12,PL-MKT-01,C002723,VM-BIK-0007,1,6732.74,0.05,PLN
SO-2023-006201,2,2023-06-11,2023-06-12,PL-MKT-01,C002723,VM-ACC-0007,1,343.79,0.05,PLN
SO-2023-006201,3,2023-06-11,2023-06-12,PL-MKT-01,C002723,VM-NUT-0007,3,12.41,0.05,PLN
SO-2023-006201,4,2023-06-11,2023-06-12,PL-MKT-01,C002723,VM-ACC-0013,1,162.34,0.05,PLN
SO-2023-006202,1,2023-06-11,2023-06-15,PL-MKT-01,C002132,VM-BIK-0004,1,4077.84,0.1,PLN
SO-2023-006202,2,2023-06-11,2023-06-15,PL-MKT-01,C002132,VM-ACC-0007,1,343.79,0.05,PLN
SO-2023-006203,1,2023-06-11,2023-06-15,PL-MKT-01,C002047,VM-EBK-0008,5,14420.49,0.12,PLN
SO-2023-006204,1,2023-06-11,2023-06-14,PL-MKT-01,C002724,VM-ACC-0014,1,105.04,0.0,PLN
SO-2023-006204,2,2023-06-11,2023-06-14,PL-MKT-01,C002724,VM-ACC-0001,2,362.89,0.0,PLN
SO-2023-006204,3,2023-06-11,2023-06-14,PL-MKT-01,C002724,VM-BIK-0007,1,6732.74,0.0,PLN
SO-2023-006205,1,2023-06-11,2023-06-13,PL-MKT-01,C002086,VM-ACC-0003,1,276.94,0.05,PLN
SO-2023-006205,2,2023-06-11,2023-06-13,PL-MKT-01,C002086,VM-NUT-0001,11,8.59,0.05,PLN
SO-2023-006206,1,2023-06-11,2023-06-11,CZ-PRG-01,C002725,VM-NUT-0011,1,269.0,0.0,CZK
SO-2023-006206,2,2023-06-11,2023-06-11,CZ-PRG-01,C002725,VM-NUT-0005,9,45.0,0.0,CZK
SO-2023-006206,3,2023-06-11,2023-06-11,CZ-PRG-01,C002725,VM-CMP-0001,1,1994.0,0.0,CZK
SO-2023-006207,1,2023-06-11,2023-06-11,CZ-PRG-01,,VM-ACC-0018,2,249.0,0.0,CZK
SO-2023-006207,2,2023-06-11,2023-06-11,CZ-PRG-01,,VM-CMP-0012,1,2691.0,0.0,CZK
SO-2023-006208,1,2023-06-11,2023-06-13,CZ-WEB-01,C002726,VM-EBK-0009,1,49395.0,0.0,CZK
SO-2023-006208,2,2023-06-11,2023-06-13,CZ-WEB-01,C002726,VM-ACC-0009,2,1994.0,0.0,CZK
SO-2023-006208,3,2023-06-11,2023-06-13,CZ-WEB-01,C002726, VM-ACC-0008 ,2,1994.0,0.0,CZK
SO-2023-006209,1,2023-06-11,2023-06-12,CZ-WEB-01,C002727,VM-ACC-0008,1,1994.0,0.0,CZK
SO-2023-006210,1,2023-06-11,2023-06-12,CZ-WEB-01,C002728,VM-EBK-0002,1,49594.0,0.0,CZK
SO-2023-006211,1,2023-06-11,2023-06-14,CZ-WEB-01,C000718,VM-BIK-0006,1,32847.0,0.0,CZK
SO-2023-006211,2,2023-06-11,2023-06-14,CZ-WEB-01,C000718,VM-CMP-0013,1,2642.0,0.0,CZK
SO-2023-006211,3,2023-06-11,2023-06-14,CZ-WEB-01,C000718,VM-EBK-0008,1,75264.0,0.0,CZK
SO-2023-006212,1,2023-06-11,2023-06-12,DE-WEB-01,C002729,VM-NUT-0006,7,2.09,0.0,EUR
SO-2023-006212,2,2023-06-11,2023-06-12,DE-WEB-01,C002729,VM-APP-0012,1,181.89,0.0,EUR
SO-2023-006213,1,2023-06-11,2023-06-14,DE-WEB-01,C002730,VM-CMP-0010,1,81.53,0.0,EUR
SO-2023-006213,2,2023-06-11,2023-06-14,DE-WEB-01,C002730,VM-ACC-0020,1,169.34,0.0,EUR
SO-2023-006214,1,2023-06-11,2023-06-14,DE-WEB-01,C002731,VM-NUT-0001,10,1.88,0.0,EUR
SO-2023-006215,1,2023-06-11,2023-06-14,DE-WEB-01,C002732,VM-NUT-0003,12,2.3,0.0,EUR
SO-2023-006215,2,2023-06-11,2023-06-14,DE-WEB-01,C002732,VM-BIK-0001,1,2862.13,0.0,EUR
SO-2023-006216,1,2023-06-11,2023-06-15,DE-WEB-01,C001969,VM-NUT-0004,6,1.46,0.0,EUR
SO-2023-006216,2,2023-06-11,2023-06-15,DE-WEB-01,C001969, VM-BIK-0004 ,1,892.72,0.0,EUR
SO-2023-006217,1,2023-06-11,2023-06-14,DE-WEB-01,C000824,VM-APP-0010,2,35.54,0.05,EUR
SO-2023-006218,1,2023-06-11,2023-06-14,DE-WEB-01,C002424,VM-APP-0008,1,33.45,0.0,EUR
SO-2023-006219,1,2023-06-11,2023-06-14,DE-WEB-01,C002733,VM-BIK-0019,1,252.97,0.0,EUR
SO-2023-006220,1,2023-06-12,2023-06-12,PL-WAW-01,C001476,VM-NUT-0005,12,8.59,0.0,PLN
SO-2023-006220,2,2023-06-12,2023-06-12,PL-WAW-01,C001476,VM-EBK-0009,1,9464.04,0.0,PLN
SO-2023-006221,1,2023-06-12,2023-06-12,PL-WAW-01,,VM-BIK-0007,1,6732.74,0.0,PLN
SO-2023-006222,1,2023-06-12,2023-06-12,PL-WAW-01,C000397,VM-CMP-0013,2,506.14,0.05,PLN
SO-2023-006223,1,2023-06-12,2023-06-12,PL-WAW-01,C002734,VM-BIK-0019,1,1155.54,0.0,PLN
SO-2023-006224,1,2023-06-12,2023-06-12,PL-WAW-01,,VM-ACC-0001,1,362.89,0.0,PLN
SO-2023-006224,2,2023-06-12,2023-06-12,PL-WAW-01,,VM-APP-0008,2,152.79,0.0,PLN
SO-2023-006224,3,2023-06-12,2023-06-12,PL-WAW-01,,VM-ACC-0011,2,68.75,0.1,PLN
SO-2023-006225,1,2023-06-12,2023-06-12,PL-WAW-01,C001842,VM-EBK-0011,1,13981.19,0.0,PLN
SO-2023-006226,1,2023-06-12,2023-06-12,PL-WAW-01,,VM-APP-0004,2,229.19,0.0,PLN
SO-2023-006226,2,2023-06-12,2023-06-12,PL-WAW-01,,VM-BIK-0002,1,9196.64,0.0,PLN
SO-2023-006226,3,2023-06-12,2023-06-12,PL-WAW-01,,VM-ACC-0008,2,381.99,0.0,PLN
SO-2023-006227,1,2023-06-12,2023-06-12,PL-WAW-01,C002735,VM-EBK-0008,1,14420.49,0.05,PLN
SO-2023-006227,2,2023-06-12,2023-06-12,PL-WAW-01,C002735,VM-ACC-0002,2,582.54,0.05,PLN
SO-2023-006227,3,2023-06-12,2023-06-12,PL-WAW-01,C002735,VM-APP-0005,2,171.89,0.05,PLN
SO-2023-006228,1,2023-06-12,2023-06-12,PL-WAW-02,,VM-BIK-0021,1,1193.74,0.0,PLN
SO-2023-006229,1,2023-06-12,2023-06-12,PL-WAW-02,C000556,VM-BIK-0021,1,1193.74,0.05,PLN
SO-2023-006229,2,2023-06-12,2023-06-12,PL-WAW-02,C000556,VM-NUT-0001,3,8.59,0.05,PLN
SO-2023-006230,1,2023-06-12,2023-06-12,PL-WAW-02,,VM-ACC-0001,2,362.89,0.0,PLN
SO-2023-006231,1,2023-06-12,2023-06-12,PL-WAW-02,C001849,VM-ACC-0018,2,47.74,0.05,PLN
SO-2023-006232,1,2023-06-12,2023-06-12,PL-KRK-01,C001806,VM-ACC-0007,1,343.79,0.05,PLN
SO-2023-006232,2,2023-06-12,2023-06-12,PL-KRK-01,C001806,VM-NUT-0004,11,6.68,0.05,PLN
SO-2023-006233,1,2023-06-12,2023-06-12,PL-KRK-01,C002736,VM-NUT-0001,9,8.59,0.0,PLN
SO-2023-006234,1,2023-06-12,2023-06-12,PL-KRK-01,,VM-NUT-0004,9,6.68,0.0,PLN
SO-2023-006235,1,2023-06-12,2023-06-12,PL-KRK-01,C002737,VM-ACC-0006,2,907.24,0.0,PLN
SO-2023-006236,1,2023-06-12,2023-06-12,PL-KRK-01,C002540,VM-CMP-0019,3,200.54,0.05,PLN
SO-2023-006237,1,2023-06-12,2023-06-12,PL-KRK-01,,VM-NUT-0010,1,33.42,0.0,PLN
SO-2023-006237,2,2023-06-12,2023-06-12,PL-KRK-01,,VM-ACC-0002,2,582.54,0.0,PLN
SO-2023-006237,3,2023-06-12,2023-06-12,PL-KRK-01,,VM-APP-0001,1,439.29,0.0,PLN
SO-2023-006237,4,2023-06-12,2023-06-12,PL-KRK-01,,VM-ACC-0015,1,334.24,0.0,PLN
SO-2023-006238,1,2023-06-12,2023-06-12,PL-KRK-01,,VM-CMP-0002,2,534.79,0.0,PLN
SO-2023-006239,1,2023-06-12,2023-06-12,PL-KRK-01,,VM-ACC-0004,1,744.89,0.0,PLN
SO-2023-006239,2,2023-06-12,2023-06-12,PL-KRK-01,,VM-APP-0004,1,229.19,0.0,PLN
SO-2023-006239,3,2023-06-12,2023-06-12,PL-KRK-01,,VM-NUT-0007,11,12.41,0.0,PLN
SO-2023-006239,4,2023-06-12,2023-06-12,PL-KRK-01,,VM-APP-0009,1,334.24,0.0,PLN
SO-2023-006240,1,2023-06-12,2023-06-12,PL-WRO-01,C002738,VM-ACC-0002,1,582.54,0.0,PLN
SO-2023-006240,2,2023-06-12,2023-06-12,PL-WRO-01,C002738, VM-NUT-0004 ,6,6.68,0.0,PLN
SO-2023-006240,3,2023-06-12,2023-06-12,PL-WRO-01,C002738,VM-ACC-0008,2,381.99,0.0,PLN
SO-2023-006241,1,2023-06-12,2023-06-12,PL-WRO-01,C002612,VM-EBK-0006,1,19233.69,0.0,PLN
SO-2023-006241,2,2023-06-12,2023-06-12,PL-WRO-01,C002612,VM-ACC-0004,2,744.89,0.0,PLN
SO-2023-006241,3,2023-06-12,2023-06-12,PL-WRO-01,C002612,VM-CMP-0013,1,506.14,0.0,PLN
SO-2023-006241,4,2023-06-12,2023-06-12,PL-WRO-01,C002612,VM-ACC-0008,1,381.99,0.0,PLN
SO-2023-006242,1,2023-06-12,2023-06-12,PL-WRO-01,C002739,VM-NUT-0001,14,8.59,0.0,PLN
SO-2023-006242,2,2023-06-12,2023-06-12,PL-WRO-01,C002739,VM-APP-0013,1,420.19,0.0,PLN
SO-2023-006242,3,2023-06-12,2023-06-12,PL-WRO-01,C002739,VM-NUT-0004,3,6.68,0.0,PLN
SO-2023-006243,1,2023-06-12,2023-06-12,PL-WRO-01,C000579,VM-NUT-0005,9,8.59,0.0,PLN
SO-2023-006243,2,2023-06-12,2023-06-12,PL-WRO-01,C000579,VM-NUT-0011,4,51.56,0.0,PLN
SO-2023-006244,1,2023-06-12,2023-06-12,PL-WRO-01,C002184,VM-BIK-0007,1,6732.74,0.0,PLN
SO-2023-006244,2,2023-06-12,2023-06-12,PL-WRO-01,C002184,VM-ACC-0002,2,582.54,0.0,PLN
SO-2023-006245,1,2023-06-12,2023-06-12,PL-GDN-01,C000304,VM-NUT-0009,2,81.17,0.0,PLN
SO-2023-006246,1,2023-06-12,2023-06-14,PL-WEB-01,C002469,VM-BIK-0011,1,8260.74,0.0,PLN
SO-2023-006246,2,2023-06-12,2023-06-14,PL-WEB-01,C002469,VM-ACC-0015,1,334.24,0.0,PLN
SO-2023-006247,1,2023-06-12,2023-06-14,PL-WEB-01,C001708,VM-BIK-0007,1,6732.74,0.0,PLN
SO-2023-006248,1,2023-06-12,2023-06-14,PL-WEB-01,C000241,VM-ACC-0014,1,105.04,0.0,PLN
SO-2023-006248,2,2023-06-12,2023-06-14,PL-WEB-01,C000241,VM-BIK-0013,1,4583.99,0.0,PLN
SO-2023-006248,3,2023-06-12,2023-06-14,PL-WEB-01,C000241,VM-CMP-0023,4,56.34,0.0,PLN
SO-2023-006249,1,2023-06-12,2023-06-14,PL-WEB-01,C000921,VM-NUT-0003,12,10.5,0.1,PLN
SO-2023-006250,1,2023-06-12,2023-06-16,PL-WEB-01,C002201,VM-ACC-0017,1,55.38,0.05,PLN
SO-2023-006251,1,2023-06-12,2023-06-16,PL-WEB-01,C001946,VM-ACC-0013,1,162.34,0.0,PLN
SO-2023-006252,1,2023-06-12,2023-06-13,PL-WEB-01,C001269,VM-EBK-0008,1,14420.49,0.0,PLN
SO-2023-006253,1,2023-06-12,2023-06-16,PL-WEB-01,C002740,VM-BIK-0010,1,6035.59,0.0,PLN
SO-2023-006253,2,2023-06-12,2023-06-16,PL-WEB-01,C002740,VM-ACC-0003,2,276.94,0.0,PLN
SO-2023-006253,3,2023-06-12,2023-06-16,PL-WEB-01,C002740,VM-ACC-0013,1,162.34,0.0,PLN
SO-2023-006254,1,2023-06-12,2023-06-15,PL-WEB-01,C001155,VM-NUT-0006,10,9.54,0.05,PLN
SO-2023-006254,2,2023-06-12,2023-06-15,PL-WEB-01,C001155,VM-BIK-0007,1,6732.74,0.05,PLN
SO-2023-006255,1,2023-06-12,2023-06-14,PL-WEB-01,C001430,VM-NUT-0010,3,33.42,0.0,PLN
SO-2023-006256,1,2023-06-12,2023-06-16,PL-WEB-01,C002741,VM-NUT-0006,10,9.54,0.0,PLN
SO-2023-006257,1,2023-06-12,2023-06-14,PL-WEB-01,C001058,VM-NUT-0006,8,9.54,0.05,PLN
SO-2023-006257,2,2023-06-12,2023-06-14,PL-WEB-01,C001058,VM-ACC-0017,3,55.38,0.05,PLN
SO-2023-006257,3,2023-06-12,2023-06-14,PL-WEB-01,C001058,VM-NUT-0010,4,33.42,0.05,PLN
SO-2023-006258,1,2023-06-12,2023-06-14,PL-WEB-01,C002742,VM-ACC-0008,1,381.99,0.0,PLN
SO-2023-006258,2,2023-06-12,2023-06-14,PL-WEB-01,C002742,VM-APP-0003,1,296.04,0.0,PLN
SO-2023-006259,1,2023-06-12,2023-06-15,PL-WEB-01,C002743,VM-NUT-0002,12,14.32,0.05,PLN
SO-2023-006259,2,2023-06-12,2023-06-15,PL-WEB-01,C002743,VM-EBK-0009,1,9464.04,0.05,PLN
SO-2023-006259,3,2023-06-12,2023-06-15,PL-WEB-01,C002743,VM-NUT-0005,5,8.59,0.05,PLN
SO-2023-006260,1,2023-06-12,2023-06-13,PL-WEB-01,C002105,VM-APP-0012,1,830.84,0.0,PLN
SO-2023-006260,2,2023-06-12,2023-06-13,PL-WEB-01,C002105,VM-BIK-0009,1,5386.19,0.0,PLN
SO-2023-006261,1,2023-06-12,2023-06-13,PL-WEB-01,C002692,VM-CMP-0010,1,372.44,0.0,PLN
SO-2023-006262,1,2023-06-12,2023-06-14,PL-WEB-01,C001491,VM-BIK-0019,1,1155.54,0.05,PLN
SO-2023-006263,1,2023-06-12,2023-06-15,PL-WEB-01,C001616,VM-BIK-0006,1,6293.44,0.0,PLN
SO-2023-006263,2,2023-06-12,2023-06-15,PL-WEB-01,C001616,VM-ACC-0017,2,55.38,0.0,PLN
SO-2023-006264,1,2023-06-12,2023-06-16,PL-WEB-01,C002744,VM-APP-0001,1,439.29,0.0,PLN
SO-2023-006265,1,2023-06-12,2023-06-15,PL-MKT-01,C002745,VM-EBK-0008,1,14420.49,0.0,PLN
SO-2023-006266,1,2023-06-12,2023-06-15,PL-MKT-01,C002355,VM-BIK-0001,1,13073.94,0.0,PLN
SO-2023-006266,2,2023-06-12,2023-06-15,PL-MKT-01,C002355,VM-ACC-0005,2,171.89,0.0,PLN
SO-2023-006267,1,2023-06-12,2023-06-15,PL-MKT-01,C000425,VM-EBK-0011,1,13981.19,0.0,PLN
SO-2023-006267,2,2023-06-12,2023-06-15,PL-MKT-01,C000425,vm-acc-0017,2,55.38,0.0,PLN
SO-2023-006267,3,2023-06-12,2023-06-15,PL-MKT-01,C000425,VM-ACC-0008,1,381.99,0.0,PLN
SO-2023-006268,1,2023-06-12,2023-06-13,PL-MKT-01,C000638,VM-BIK-0007,1,6732.74,0.05,PLN
SO-2023-006268,2,2023-06-12,2023-06-13,PL-MKT-01,C000638,VM-ACC-0003,1,276.94,0.05,PLN
SO-2023-006268,3,2023-06-12,2023-06-13,PL-MKT-01,C000638, VM-ACC-0018 ,3,47.74,0.05,PLN
SO-2023-006269,1,2023-06-12,2023-06-15,PL-MKT-01,C001476,VM-NUT-0004,12,6.68,0.0,PLN
SO-2023-006269,2,2023-06-12,2023-06-15,PL-MKT-01,C001476,VM-ACC-0008,1,381.99,0.0,PLN
SO-2023-006270,1,2023-06-12,2023-06-15,PL-MKT-01,C000512,VM-ACC-0013,1,162.34,0.1,PLN
SO-2023-006271,1,2023-06-12,2023-06-14,PL-MKT-01,C002746,VM-BIK-0007,1,6732.74,0.0,PLN
SO-2023-006272,1,2023-06-12,2023-06-15,CZ-WEB-01,C000845,VM-CMP-0015,2,4586.0,0.05,CZK
SO-2023-006272,2,2023-06-12,2023-06-15,CZ-WEB-01,C000845,VM-ACC-0011,1,359.0,0.05,CZK
SO-2023-006272,3,2023-06-12,2023-06-15,CZ-WEB-01,C000845,VM-CMP-0002,2,2791.0,0.05,CZK
SO-2023-006273,1,2023-06-12,2023-06-15,CZ-WEB-01,C002747,VM-ACC-0011,1,359.0,0.1,CZK
SO-2023-006274,1,2023-06-12,2023-06-12,DE-BER-01,,VM-EBK-0003,1,1900.42,0.0,EUR
SO-2023-006275,1,2023-06-12,2023-06-12,DE-BER-01,C002748,VM-APP-0010,2,35.54,0.0,EUR
SO-2023-006275,2,2023-06-12,2023-06-12,DE-BER-01,C002748,VM-ACC-0003,1,60.63,0.0,EUR
SO-2023-006275,3,2023-06-12,2023-06-12,DE-BER-01,C002748,VM-ACC-0019,3,10.45,0.0,EUR
SO-2023-006276,1,2023-06-12,2023-06-14,DE-WEB-01,C002233,VM-CMP-0001,2,83.62,0.05,EUR
SO-2023-006276,2,2023-06-12,2023-06-14,DE-WEB-01,C002233,VM-ACC-0010,2,52.26,0.05,EUR
SO-2023-006277,1,2023-06-12,2023-06-16,DE-WEB-01,C002749,VM-ACC-0007,1,75.26,0.0,EUR
SO-2023-006278,1,2023-06-12,2023-06-14,DE-WEB-01,C000267,vm-nut-0004,7,1.46,0.05,EUR
SO-2023-006278,2,2023-06-12,2023-06-14,DE-WEB-01,C000267,VM-APP-0002,1,91.99,0.05,EUR
SO-2023-006279,1,2023-06-12,2023-06-13,DE-WEB-01,C002750,VM-NUT-0011,2,11.29,0.0,EUR
SO-2023-006280,1,2023-06-12,2023-06-15,DE-WEB-01,C002751,VM-APP-0002,1,91.99,0.05,EUR
SO-2023-006280,2,2023-06-12,2023-06-15,DE-WEB-01,C002751,VM-NUT-0010,4,7.32,0.05,EUR
SO-2023-006280,3,2023-06-12,2023-06-15,DE-WEB-01,C002751,VM-NUT-0005,5,1.88,0.05,EUR
SO-2023-006281,1,2023-06-13,2023-06-13,PL-WAW-01,,VM-APP-0017,2,181.44,0.0,PLN
SO-2023-006282,1,2023-06-13,2023-06-13,PL-WAW-01,C002752,VM-BIK-0007,1,6732.74,0.0,PLN
SO-2023-006282,2,2023-06-13,2023-06-13,PL-WAW-01,C002752,VM-ACC-0014,1,105.04,0.0,PLN
SO-2023-006283,1,2023-06-13,2023-06-13,PL-WAW-01,,VM-BIK-0007,1,6732.74,0.0,PLN
SO-2023-006283,2,2023-06-13,2023-06-13,PL-WAW-01,,VM-ACC-0009,2,381.99,0.0,PLN
SO-2023-006284,1,2023-06-13,2023-06-13,PL-WAW-01,,VM-APP-0002,1,420.19,0.0,PLN
SO-2023-006285,1,2023-06-13,2023-06-13,PL-WAW-01,,VM-NUT-0003,7,10.5,0.0,PLN
SO-2023-006285,2,2023-06-13,2023-06-13,PL-WAW-01,,VM-BIK-0006,1,6293.44,0.0,PLN
SO-2023-006286,1,2023-06-13,2023-06-13,PL-WAW-02,,VM-ACC-0009,2,381.99,0.0,PLN
SO-2023-006286,2,2023-06-13,2023-06-13,PL-WAW-02,,VM-ACC-0001,1,362.89,0.0,PLN
SO-2023-006286,3,2023-06-13,2023-06-13,PL-WAW-02,,VM-BIK-0021,1,1193.74,0.0,PLN
SO-2023-006287,1,2023-06-13,2023-06-13,PL-WAW-02,C002300,VM-BIK-0017,1,1824.04,0.05,PLN
SO-2023-006288,1,2023-06-13,2023-06-13,PL-WAW-02,C000716,VM-BIK-0007,1,6732.74,0.0,PLN
SO-2023-006289,1,2023-06-13,2023-06-13,PL-WAW-02,C002462,VM-NUT-0009,1,81.17,0.0,PLN
SO-2023-006290,1,2023-06-13,2023-06-13,PL-WAW-02,C001642,VM-APP-0018,1,124.14,0.1,PLN
SO-2023-006290,2,2023-06-13,2023-06-13,PL-WAW-02,C001642,VM-ACC-0007,2,343.79,0.0,PLN
SO-2023-006291,1,2023-06-13,2023-06-13,PL-WAW-02,C001332,VM-NUT-0009,1,81.17,0.0,PLN
SO-2023-006291,2,2023-06-13,2023-06-13,PL-WAW-02,C001332,VM-BIK-0007,1,6732.74,0.0,PLN
SO-2023-006291,3,2023-06-13,2023-06-13,PL-WAW-02,C001332,VM-CMP-0013,1,506.14,0.0,PLN
SO-2023-006292,1,2023-06-13,2023-06-13,PL-KRK-01,C001405,VM-BIK-0004,1,4077.84,0.0,PLN
SO-2023-006293,1,2023-06-13,2023-06-13,PL-KRK-01,C002753,VM-ACC-0014,1,105.04,0.0,PLN
SO-2023-006294,1,2023-06-13,2023-06-13,PL-KRK-01,C002754,VM-ACC-0018,2,47.74,0.0,PLN
SO-2023-006294,2,2023-06-13,2023-06-13,PL-KRK-01,C002754,VM-NUT-0010,3,33.42,0.0,PLN
SO-2023-006295,1,2023-06-13,2023-06-13,PL-KRK-01,C002375,VM-APP-0002,2,420.19,0.0,PLN
SO-2023-006295,2,2023-06-13,2023-06-13,PL-KRK-01,C002375,VM-NUT-0003,12,10.5,0.0,PLN
SO-2023-006296,1,2023-06-13,2023-06-13,PL-KRK-01,C002755,VM-BIK-0004,1,4077.84,0.0,PLN
SO-2023-006297,1,2023-06-13,2023-06-13,PL-WRO-01,,VM-ACC-0001,1,362.89,0.0,PLN
SO-2023-006297,2,2023-06-13,2023-06-13,PL-WRO-01,,VM-BIK-0017,1,1824.04,0.0,PLN
SO-2023-006298,1,2023-06-13,2023-06-13,PL-WRO-01,,VM-APP-0013,1,420.19,0.0,PLN
SO-2023-006299,1,2023-06-13,2023-06-13,PL-WRO-01,C000579,VM-ACC-0017,3,55.38,0.0,PLN
SO-2023-006300,1,2023-06-13,2023-06-13,PL-WRO-01,C002756,VM-ACC-0008,2,381.99,0.0,PLN
SO-2023-006300,2,2023-06-13,2023-06-13,PL-WRO-01,C002756,VM-APP-0011,2,391.54,0.0,PLN
SO-2023-006301,1,2023-06-13,2023-06-13,PL-GDN-01,C001248,VM-ACC-0022,1,1499.34,0.0,PLN
SO-2023-006301,2,2023-06-13,2023-06-13,PL-GDN-01,C001248,VM-CMP-0013,2,506.14,0.0,PLN
SO-2023-006301,3,2023-06-13,2023-06-13,PL-GDN-01,C001248,VM-ACC-0008,2,381.99,0.0,PLN
SO-2023-006301,4,2023-06-13,2023-06-13,PL-GDN-01,C001248,VM-APP-0002,1,420.19,0.0,PLN
SO-2023-006302,1,2023-06-13,2023-06-13,PL-POZ-01,C002740,VM-APP-0001,2,439.29,0.0,PLN
SO-2023-006303,1,2023-06-13,2023-06-17,PL-WEB-01,C002757,VM-CMP-0013,1,506.14,0.0,PLN
SO-2023-006304,1,2023-06-13,2023-06-15,PL-WEB-01,C001709,VM-NUT-0004,7,6.68,0.0,PLN
SO-2023-006305,1,2023-06-13,2023-06-14,PL-WEB-01,C001679,VM-CMP-0015,2,878.59,0.0,PLN
SO-2023-006305,2,2023-06-13,2023-06-14,PL-WEB-01,C001679,VM-BIK-0003,1,6245.69,0.0,PLN
SO-2023-006306,1,2023-06-13,2023-06-17,PL-WEB-01,C001875,VM-BIK-0009,1,5386.19,0.0,PLN
SO-2023-006307,1,2023-06-13,2023-06-17,PL-WEB-01,C002758,VM-NUT-0007,10,12.41,0.0,PLN
SO-2023-006307,2,2023-06-13,2023-06-17,PL-WEB-01,C002758,VM-BIK-0007,1,6732.74,0.0,PLN
SO-2023-006307,3,2023-06-13,2023-06-17,PL-WEB-01,C002758,VM-APP-0020,1,171.89,0.0,PLN
SO-2023-006308,1,2023-06-13,2023-06-15,PL-WEB-01,C001617,VM-BIK-0009,1,5386.19,0.0,PLN
SO-2023-006309,1,2023-06-13,2023-06-17,PL-WEB-01,C002677,VM-ACC-0004,2,744.89,0.0,PLN
SO-2023-006310,1,2023-06-13,2023-06-15,PL-WEB-01,C002759,VM-BIK-0002,1,9196.64,0.05,PLN
SO-2023-006311,1,2023-06-13,2023-06-14,PL-WEB-01,C002245,VM-CMP-0011,2,152.79,0.05,PLN
SO-2023-006311,2,2023-06-13,2023-06-14,PL-WEB-01,C002245,vm-cmp-0010,1,372.44,0.05,PLN
SO-2023-006312,1,2023-06-13,2023-06-14,PL-MKT-01,C001744,VM-APP-0013,1,420.19,0.0,PLN
SO-2023-006312,2,2023-06-13,2023-06-14,PL-MKT-01,C001744,VM-CMP-0013,2,506.14,0.0,PLN
SO-2023-006312,3,2023-06-13,2023-06-14,PL-MKT-01,C001744,VM-CMP-0001,2,381.99,0.0,PLN
SO-2023-006312,4,2023-06-13,2023-06-14,PL-MKT-01,C001744,VM-BIK-0018,1,2291.99,0.0,PLN
SO-2023-006313,1,2023-06-13,2023-06-16,PL-MKT-01,C002760,VM-EBK-0003,1,8680.94,0.0,PLN
SO-2023-006314,1,2023-06-13,2023-06-17,PL-MKT-01,C002761,VM-APP-0017,2,181.44,0.0,PLN
SO-2023-006314,2,2023-06-13,2023-06-17,PL-MKT-01,C002761,VM-ACC-0021,1,744.89,0.0,PLN
SO-2023-006314,3,2023-06-13,2023-06-17,PL-MKT-01,C002761,VM-ACC-0017,1,55.38,0.0,PLN
SO-2023-006315,1,2023-06-13,2023-06-15,PL-MKT-01,C002047,VM-NUT-0004,39,6.68,0.1,PLN
SO-2023-006316,1,2023-06-13,2023-06-15,PL-MKT-01,C002762,VM-BIK-0020,1,1155.54,0.0,PLN
SO-2023-006317,1,2023-06-13,2023-06-16,PL-MKT-01,C002763,VM-APP-0002,3,420.19,0.0,PLN
SO-2023-006317,2,2023-06-13,2023-06-16,PL-MKT-01,C002763,VM-CMP-0016,1,2349.29,0.0,PLN
SO-2023-006318,1,2023-06-13,2023-06-14,PL-MKT-01,C002675,VM-CMP-0013,2,506.14,0.0,PLN
SO-2023-006319,1,2023-06-13,2023-06-13,CZ-PRG-01,C002549,VM-NUT-0005,12,45.0,0.0,CZK
SO-2023-006320,1,2023-06-13,2023-06-13,CZ-PRG-01,C002764,VM-ACC-0022,1,7825.0,0.0,CZK
SO-2023-006321,1,2023-06-13,2023-06-13,CZ-PRG-01,,VM-BIK-0016,1,17894.0,0.0,CZK
SO-2023-006321,2,2023-06-13,2023-06-13,CZ-PRG-01,,VM-ACC-0017,3,289.0,0.0,CZK
SO-2023-006322,1,2023-06-13,2023-06-13,CZ-PRG-01,,VM-NUT-0006,8,50.0,0.05,CZK
SO-2023-006323,1,2023-06-13,2023-06-16,CZ-WEB-01,C001799,VM-APP-0006,3,1545.0,0.0,CZK
SO-2023-006324,1,2023-06-13,2023-06-16,CZ-WEB-01,C002765,VM-ACC-0014,1,548.0,0.0,CZK
SO-2023-006324,2,2023-06-13,2023-06-16,CZ-WEB-01,C002765,VM-ACC-0020,1,4037.0,0.0,CZK
SO-2023-006324,3,2023-06-13,2023-06-16,CZ-WEB-01,C002765,VM-CMP-0001,1,1994.0,0.0,CZK
SO-2023-006325,1,2023-06-13,2023-06-16,CZ-WEB-01,C002475,VM-EBK-0008,1,75264.0,0.0,CZK
SO-2023-006325,2,2023-06-13,2023-06-16,CZ-WEB-01,C002475,VM-NUT-0011,3,269.0,0.0,CZK
SO-2023-006325,3,2023-06-13,2023-06-16,CZ-WEB-01,C002475,VM-ACC-0008,2,1994.0,0.0,CZK
SO-2023-006326,1,2023-06-13,2023-06-16,CZ-WEB-01,C002766,VM-BIK-0014,1,19090.0,0.0,CZK
SO-2023-006327,1,2023-06-13,2023-06-14,CZ-WEB-01,C002767,VM-CMP-0017,2,2492.0,0.0,CZK
SO-2023-006327,2,2023-06-13,2023-06-14,CZ-WEB-01,C002767,VM-APP-0015,1,2841.0,0.0,CZK
SO-2023-006327,3,2023-06-13,2023-06-14,CZ-WEB-01,C002767,VM-ACC-0001,2,1894.0,0.0,CZK
SO-2023-006327,4,2023-06-13,2023-06-14,CZ-WEB-01,C002767,VM-ACC-0020,1,4037.0,0.0,CZK
SO-2023-006328,1,2023-06-13,2023-06-15,CZ-WEB-01,C002768,VM-ACC-0002,2,3040.0,0.05,CZK
SO-2023-006328,2,2023-06-13,2023-06-15,CZ-WEB-01,C002768,VM-ACC-0007,2,1794.0,0.05,CZK
SO-2023-006329,1,2023-06-13,2023-06-17,CZ-WEB-01,C000101,VM-ACC-0001,1,1894.0,0.0,CZK
SO-2023-006329,2,2023-06-13,2023-06-17,CZ-WEB-01,C000101,VM-ACC-0020,1,4037.0,0.0,CZK
SO-2023-006329,3,2023-06-13,2023-06-17,CZ-WEB-01,C000101,VM-BIK-0013,1,23925.0,0.0,CZK
SO-2023-006329,4,2023-06-13,2023-06-17,CZ-WEB-01,C000101,VM-EBK-0010,1,67239.0,0.0,CZK
SO-2023-006330,1,2023-06-13,2023-06-15,CZ-WEB-01,C000535,VM-NUT-0002,22,75.0,0.12,CZK
SO-2023-006331,1,2023-06-13,2023-06-14,CZ-WEB-01,C002551,VM-EBK-0009,3,49395.0,0.12,CZK
SO-2023-006331,2,2023-06-13,2023-06-14,CZ-WEB-01,C002551,VM-ACC-0014,2,548.0,0.1,CZK
SO-2023-006332,1,2023-06-13,2023-06-14,CZ-WEB-01,C001323,VM-ACC-0014,1,548.0,0.0,CZK
SO-2023-006332,2,2023-06-13,2023-06-14,CZ-WEB-01,C001323,VM-BIK-0020,1,6031.0,0.0,CZK
SO-2023-006332,3,2023-06-13,2023-06-14,CZ-WEB-01,C001323,VM-NUT-0001,6,45.0,0.0,CZK
SO-2023-006333,1,2023-06-13,2023-06-13,DE-BER-01,C002769,VM-ACC-0001,2,79.44,0.0,EUR
SO-2023-006333,2,2023-06-13,2023-06-13,DE-BER-01,C002769,VM-NUT-0006,8,2.09,0.0,EUR
SO-2023-006334,1,2023-06-13,2023-06-13,DE-BER-01,,VM-BIK-0009,1,1179.14,0.0,EUR
SO-2023-006334,2,2023-06-13,2023-06-13,DE-BER-01,,VM-NUT-0005,6,1.88,0.0,EUR
SO-2023-006335,1,2023-06-13,2023-06-13,DE-BER-01,C000359,VM-APP-0020,2,37.63,0.0,EUR
SO-2023-006335,2,2023-06-13,2023-06-13,DE-BER-01,C000359,VM-EBK-0008,1,3156.92,0.0,EUR
SO-2023-006335,3,2023-06-13,2023-06-13,DE-BER-01,C000359,VM-CMP-0017,2,104.53,0.0,EUR
SO-2023-006336,1,2023-06-13,2023-06-17,DE-WEB-01,C002424,VM-NUT-0003,8,2.3,0.0,EUR
SO-2023-006337,1,2023-06-13,2023-06-17,DE-WEB-01,C001917,VM-BIK-0007,1,1473.92,0.05,EUR
SO-2023-006337,2,2023-06-13,2023-06-17,DE-WEB-01,C001917,VM-ACC-0011,1,15.05,0.05,EUR
SO-2023-006338,1,2023-06-14,2023-06-14,PL-WAW-01,C000864,VM-BIK-0010,1,6035.59,0.0,PLN
SO-2023-006339,1,2023-06-14,2023-06-14,PL-WAW-01,,VM-EBK-0011,1,13981.19,0.05,PLN
SO-2023-006340,1,2023-06-14,2023-06-14,PL-WAW-01,,VM-APP-0012,1,830.84,0.0,PLN
SO-2023-006340,2,2023-06-14,2023-06-14,PL-WAW-01,,VM-APP-0018,2,124.14,0.0,PLN
SO-2023-006340,3,2023-06-14,2023-06-14,PL-WAW-01,,VM-ACC-0010,1,238.74,0.0,PLN
SO-2023-006340,4,2023-06-14,2023-06-14,PL-WAW-01,,VM-NUT-0004,14,6.68,0.0,PLN
SO-2023-006341,1,2023-06-14,2023-06-14,PL-WAW-01,C001678,VM-BIK-0007,1,6732.74,0.0,PLN
SO-2023-006341,2,2023-06-14,2023-06-14,PL-WAW-01,C001678,VM-ACC-0018,1,47.74,0.0,PLN
SO-2023-006341,3,2023-06-14,2023-06-14,PL-WAW-01,C001678,VM-ACC-0009,2,381.99,0.1,PLN
SO-2023-006341,4,2023-06-14,2023-06-14,PL-WAW-01,C001678,VM-ACC-0003,1,276.94,0.0,PLN
SO-2023-006342,1,2023-06-14,2023-06-14,PL-WAW-02,C001601,VM-NUT-0006,5,9.54,0.0,PLN
SO-2023-006342,2,2023-06-14,2023-06-14,PL-WAW-02,C001601,VM-APP-0010,2,162.34,0.0,PLN
SO-2023-006342,3,2023-06-14,2023-06-14,PL-WAW-02,C001601,VM-ACC-0008,1,381.99,0.0,PLN
SO-2023-006343,1,2023-06-14,2023-06-14,PL-WAW-02,C002770,VM-NUT-0003,14,10.5,0.0,PLN
SO-2023-006343,2,2023-06-14,2023-06-14,PL-WAW-02,C002770,VM-ACC-0008,2,381.99,0.0,PLN
SO-2023-006343,3,2023-06-14,2023-06-14,PL-WAW-02,C002770,VM-APP-0002,2,420.19,0.0,PLN
SO-2023-006343,4,2023-06-14,2023-06-14,PL-WAW-02,C002770,VM-BIK-0004,1,4077.84,0.0,PLN
SO-2023-006344,1,2023-06-14,2023-06-14,PL-WAW-02,C002047,VM-ACC-0017,9,55.38,0.1,PLN
SO-2023-006344,2,2023-06-14,2023-06-14,PL-WAW-02,C002047,VM-APP-0006,4,296.04,0.1,PLN
SO-2023-006344,3,2023-06-14,2023-06-14,PL-WAW-02,C002047,VM-BIK-0022,3,1336.99,0.12,PLN
SO-2023-006345,1,2023-06-14,2023-06-14,PL-WAW-02,,VM-APP-0012,1,830.84,0.0,PLN
SO-2023-006346,1,2023-06-14,2023-06-14,PL-KRK-01,,VM-EBK-0011,1,13981.19,0.0,PLN
SO-2023-006346,2,2023-06-14,2023-06-14,PL-KRK-01,,VM-ACC-0006,1,907.24,0.0,PLN
SO-2023-006347,1,2023-06-14,2023-06-14,PL-KRK-01,C002771,VM-CMP-0015,2,878.59,0.0,PLN
SO-2023-006347,2,2023-06-14,2023-06-14,PL-KRK-01,C002771,VM-CMP-0014,2,410.64,0.0,PLN
SO-2023-006347,3,2023-06-14,2023-06-14,PL-KRK-01,C002771,VM-NUT-0003,11,10.5,0.0,PLN
SO-2023-006348,1,2023-06-14,2023-06-14,PL-KRK-01,C002772,VM-BIK-0004,1,4077.84,0.0,PLN
SO-2023-006349,1,2023-06-14,2023-06-14,PL-WRO-01,,VM-ACC-0011,2,68.75,0.0,PLN
SO-2023-006349,2,2023-06-14,2023-06-14,PL-WRO-01,,VM-BIK-0019,1,1155.54,0.0,PLN
SO-2023-006349,3,2023-06-14,2023-06-14,PL-WRO-01,,VM-BIK-0016,1,3428.44,0.1,PLN
SO-2023-006349,4,2023-06-14,2023-06-14,PL-WRO-01,,VM-ACC-0023,1,888.14,0.0,PLN
SO-2023-006350,1,2023-06-14,2023-06-14,PL-WRO-01,C002773,VM-APP-0015,1,544.34,0.0,PLN
SO-2023-006350,2,2023-06-14,2023-06-14,PL-WRO-01,C002773,VM-EBK-0009,1,9464.04,0.0,PLN
SO-2023-006350,3,2023-06-14,2023-06-14,PL-WRO-01,C002773,VM-APP-0018,2,124.14,0.0,PLN
SO-2023-006350,4,2023-06-14,2023-06-14,PL-WRO-01,C002773,VM-APP-0001,2,439.29,0.0,PLN
SO-2023-006351,1,2023-06-14,2023-06-14,PL-WRO-01,C001058,VM-CMP-0001,1,381.99,0.05,PLN
SO-2023-006352,1,2023-06-14,2023-06-14,PL-WRO-01,C002774,VM-BIK-0007,1,6732.74,0.1,PLN
SO-2023-006353,1,2023-06-14,2023-06-14,PL-WRO-01,,VM-BIK-0020,1,1155.54,0.0,PLN
SO-2023-006354,1,2023-06-14,2023-06-14,PL-GDN-01,C000182,VM-APP-0006,2,296.04,0.0,PLN
SO-2023-006355,1,2023-06-14,2023-06-14,PL-GDN-01,C002775,VM-ACC-0002,1,582.54,0.05,PLN
SO-2023-006355,2,2023-06-14,2023-06-14,PL-GDN-01,C002775,VM-CMP-0017,2,477.49,0.05,PLN
SO-2023-006355,3,2023-06-14,2023-06-14,PL-GDN-01,C002775,VM-NUT-0004,4,6.68,0.05,PLN
SO-2023-006356,1,2023-06-14,2023-06-14,PL-GDN-01,C002776,VM-ACC-0017,1,55.38,0.05,PLN
SO-2023-006357,1,2023-06-14,2023-06-14,PL-GDN-01,C002777,VM-ACC-0002,1,582.54,0.0,PLN
SO-2023-006357,2,2023-06-14,2023-06-14,PL-GDN-01,C002777,VM-BIK-0022,1,1336.99,0.0,PLN
SO-2023-006357,3,2023-06-14,2023-06-14,PL-GDN-01,C002777,VM-BIK-0019,1,1155.54,0.0,PLN
SO-2023-006358,1,2023-06-14,2023-06-14,PL-POZ-01,C002778,VM-BIK-0007,1,6732.74,0.1,PLN
SO-2023-006358,2,2023-06-14,2023-06-14,PL-POZ-01,C002778,VM-ACC-0008,2,381.99,0.0,PLN
SO-2023-006358,3,2023-06-14,2023-06-14,PL-POZ-01,C002778,VM-ACC-0007,1,343.79,0.0,PLN
SO-2023-006359,1,2023-06-14,2023-06-17,PL-WEB-01,C001129,VM-ACC-0008,2,381.99,0.0,PLN
SO-2023-006359,2,2023-06-14,2023-06-17,PL-WEB-01,C001129,VM-CMP-0015,2,878.59,0.0,PLN
SO-2023-006360,1,2023-06-14,2023-06-17,PL-WEB-01,C001092, VM-BIK-0019 ,3,1155.54,0.1,PLN
SO-2023-006361,1,2023-06-14,2023-06-16,PL-WEB-01,C002752,VM-CMP-0013,1,506.14,0.0,PLN
SO-2023-006362,1,2023-06-14,2023-06-16,PL-WEB-01,C002779,VM-BIK-0013,1,4583.99,0.05,PLN
SO-2023-006362,2,2023-06-14,2023-06-16,PL-WEB-01,C002779,VM-ACC-0005,2,171.89,0.05,PLN
SO-2023-006362,3,2023-06-14,2023-06-16,PL-WEB-01,C002779,VM-ACC-0008,1,381.99,0.05,PLN
SO-2023-006363,1,2023-06-14,2023-06-15,PL-WEB-01,C002780,VM-ACC-0008,4,381.99,0.08,PLN
SO-2023-006363,2,2023-06-14,2023-06-15,PL-WEB-01,C002780,VM-APP-0005,15,171.89,0.08,PLN
SO-2023-006364,1,2023-06-14,2023-06-18,PL-WEB-01,C002781,VM-CMP-0013,1,506.14,0.0,PLN
SO-2023-006364,2,2023-06-14,2023-06-18,PL-WEB-01,C002781,VM-ACC-0008,1,381.99,0.0,PLN
SO-2023-006365,1,2023-06-14,2023-06-17,PL-WEB-01,C002782,VM-NUT-0007,9,12.41,0.05,PLN
SO-2023-006366,1,2023-06-14,2023-06-17,PL-WEB-01,C002783,VM-BIK-0007,1,6732.74,0.05,PLN
SO-2023-006366,2,2023-06-14,2023-06-17,PL-WEB-01,C002783,VM-NUT-0001,10,8.59,0.05,PLN
SO-2023-006366,3,2023-06-14,2023-06-17,PL-WEB-01,C002783,VM-ACC-0018,1,47.74,0.05,PLN
SO-2023-006367,1,2023-06-14,2023-06-18,PL-WEB-01,C001840,VM-NUT-0005,10,8.59,0.05,PLN
SO-2023-006368,1,2023-06-14,2023-06-18,PL-WEB-01,C000198,VM-BIK-0001,1,13073.94,0.0,PLN
SO-2023-006369,1,2023-06-14,2023-06-16,PL-WEB-01,C002784,VM-ACC-0012,1,68.75,0.0,PLN
SO-2023-006370,1,2023-06-14,2023-06-15,PL-WEB-01,C002785,VM-ACC-0017,1,55.38,0.0,PLN
SO-2023-006371,1,2023-06-14,2023-06-18,PL-WEB-01,C001744,VM-NUT-0006,4,9.54,0.0,PLN
SO-2023-006371,2,2023-06-14,2023-06-18,PL-WEB-01,C001744,VM-ACC-0002,2,582.54,0.0,PLN
SO-2023-006372,1,2023-06-14,2023-06-18,PL-MKT-01,C000080,VM-CMP-0001,4,381.99,0.12,PLN
SO-2023-006372,2,2023-06-14,2023-06-18,PL-MKT-01,C000080,VM-BIK-0017,4,1824.04,0.08,PLN
SO-2023-006373,1,2023-06-14,2023-06-18,PL-MKT-01,C002539,VM-APP-0005,3,171.89,0.0,PLN
SO-2023-006374,1,2023-06-14,2023-06-18,PL-MKT-01,C001897,VM-APP-0017,1,181.44,0.0,PLN
SO-2023-006375,1,2023-06-14,2023-06-16,PL-MKT-01,C002496,VM-APP-0001,3,439.29,0.0,PLN
SO-2023-006376,1,2023-06-14,2023-06-14,CZ-PRG-01,,VM-BIK-0022,1,6978.0,0.0,CZK
SO-2023-006376,2,2023-06-14,2023-06-14,CZ-PRG-01,,VM-NUT-0005,10,45.0,0.0,CZK
SO-2023-006377,1,2023-06-14,2023-06-14,CZ-PRG-01,C002786,VM-EBK-0003,1,45308.0,0.0,CZK
SO-2023-006378,1,2023-06-14,2023-06-16,CZ-WEB-01,C002787,VM-CMP-0019,1,1047.0,0.0,CZK
SO-2023-006379,1,2023-06-14,2023-06-16,CZ-WEB-01,C001408,VM-CMP-0015,2,4586.0,0.0,CZK
SO-2023-006379,2,2023-06-14,2023-06-16,CZ-WEB-01,C001408,VM-ACC-0008,2,1994.0,0.0,CZK
SO-2023-006379,3,2023-06-14,2023-06-16,CZ-WEB-01,C001408,VM-ACC-0012,1,359.0,0.0,CZK
SO-2023-006380,1,2023-06-14,2023-06-15,CZ-WEB-01,C000841,VM-EBK-0003,1,45308.0,0.0,CZK
SO-2023-006380,2,2023-06-14,2023-06-15,CZ-WEB-01,C000841,VM-ACC-0007,2,1794.0,0.0,CZK
SO-2023-006381,1,2023-06-14,2023-06-18,CZ-WEB-01,C002452,VM-BIK-0009,1,28112.0,0.0,CZK
SO-2023-006382,1,2023-06-14,2023-06-15,CZ-WEB-01,C001436,VM-CMP-0009,1,1744.0,0.05,CZK
SO-2023-006383,1,2023-06-14,2023-06-14,DE-BER-01,, VM-EBK-0011 ,1,3060.75,0.0,EUR
SO-2023-006384,1,2023-06-14,2023-06-14,DE-BER-01,C002788,VM-ACC-0014,1,23.0,0.0,EUR
SO-2023-006385,1,2023-06-14,2023-06-14,DE-BER-01,C002789,VM-ACC-0013,1,35.54,0.0,EUR
SO-2023-006385,2,2023-06-14,2023-06-14,DE-BER-01,C002789,VM-BIK-0004,1,892.72,0.0,EUR
SO-2023-006385,3,2023-06-14,2023-06-14,DE-BER-01,C002789,VM-NUT-0006,11,2.09,0.0,EUR
SO-2023-006386,1,2023-06-14,2023-06-17,DE-WEB-01,C002790,VM-ACC-0020,1,169.34,0.05,EUR
SO-2023-006387,1,2023-06-15,2023-06-15,PL-WAW-02,,VM-CMP-0013,1,506.14,0.0,PLN
SO-2023-006387,2,2023-06-15,2023-06-15,PL-WAW-02,, VM-APP-0007 ,2,152.79,0.0,PLN
SO-2023-006387,3,2023-06-15,2023-06-15,PL-WAW-02,,VM-ACC-0010,2,238.74,0.0,PLN
SO-2023-006387,4,2023-06-15,2023-06-15,PL-WAW-02,,VM-EBK-0003,1,8680.94,0.0,PLN
SO-2023-006388,1,2023-06-15,2023-06-15,PL-WAW-02,C002688,VM-BIK-0012,1,11278.54,0.05,PLN
SO-2023-006388,2,2023-06-15,2023-06-15,PL-WAW-02,C002688,VM-ACC-0008,2,381.99,0.05,PLN
SO-2023-006388,3,2023-06-15,2023-06-15,PL-WAW-02,C002688,VM-BIK-0007,1,6732.74,0.05,PLN
SO-2023-006388,4,2023-06-15,2023-06-15,PL-WAW-02,C002688,VM-BIK-0013,1,4583.99,0.05,PLN
SO-2023-006389,1,2023-06-15,2023-06-15,PL-KRK-01,C002294,VM-NUT-0004,14,6.68,0.0,PLN
SO-2023-006390,1,2023-06-15,2023-06-15,PL-KRK-01,C002541,VM-CMP-0009,1,334.24,0.0,PLN
SO-2023-006391,1,2023-06-15,2023-06-15,PL-KRK-01,C002130,VM-ACC-0005,2,171.89,0.0,PLN
SO-2023-006392,1,2023-06-15,2023-06-15,PL-KRK-01,C002604,VM-NUT-0006,3,9.54,0.0,PLN
SO-2023-006392,2,2023-06-15,2023-06-15,PL-KRK-01,C002604,VM-ACC-0004,1,744.89,0.0,PLN
SO-2023-006393,1,2023-06-15,2023-06-15,PL-KRK-01,,VM-BIK-0003,1,6245.69,0.0,PLN
SO-2023-006394,1,2023-06-15,2023-06-15,PL-KRK-01,C000397,VM-NUT-0005,10,8.59,0.05,PLN
SO-2023-006394,2,2023-06-15,2023-06-15,PL-KRK-01,C000397,VM-BIK-0001,1,13073.94,0.1,PLN
SO-2023-006395,1,2023-06-15,2023-06-15,PL-KRK-01,C001762,VM-CMP-0013,2,506.14,0.0,PLN
SO-2023-006395,2,2023-06-15,2023-06-15,PL-KRK-01,C001762,VM-ACC-0008,1,381.99,0.0,PLN
SO-2023-006396,1,2023-06-15,2023-06-15,PL-WRO-01,C002495,VM-CMP-0009,2,334.24,0.0,PLN
SO-2023-006396,2,2023-06-15,2023-06-15,PL-WRO-01,C002495,VM-BIK-0012,1,11278.54,0.0,PLN
SO-2023-006396,3,2023-06-15,2023-06-15,PL-WRO-01,C002495,VM-BIK-0016,1,3428.44,0.0,PLN
SO-2023-006396,4,2023-06-15,2023-06-15,PL-WRO-01,C002495,VM-ACC-0014,1,105.04,0.0,PLN
SO-2023-006397,1,2023-06-15,2023-06-15,PL-WRO-01,C001376,VM-NUT-0009,4,81.17,0.0,PLN
SO-2023-006398,1,2023-06-15,2023-06-15,PL-WRO-01,C000334,VM-APP-0002,1,420.19,0.0,PLN
SO-2023-006398,2,2023-06-15,2023-06-15,PL-WRO-01,C000334,VM-NUT-0004,8,6.68,0.0,PLN
SO-2023-006398,3,2023-06-15,2023-06-15,PL-WRO-01,C000334,VM-BIK-0018,1,2291.99,0.0,PLN
SO-2023-006399,1,2023-06-15,2023-06-15,PL-WRO-01,,VM-ACC-0008,1,381.99,0.0,PLN
SO-2023-006399,2,2023-06-15,2023-06-15,PL-WRO-01,,VM-APP-0015,1,544.34,0.0,PLN
SO-2023-006399,3,2023-06-15,2023-06-15,PL-WRO-01,,VM-BIK-0013,1,4583.99,0.0,PLN
SO-2023-006400,1,2023-06-15,2023-06-15,PL-WRO-01,C001058,VM-BIK-0014,1,3657.64,0.05,PLN
SO-2023-006400,2,2023-06-15,2023-06-15,PL-WRO-01,C001058,VM-NUT-0010,4,33.42,0.05,PLN
SO-2023-006401,1,2023-06-15,2023-06-15,PL-GDN-01,C002791,vm-app-0003,2,296.04,0.0,PLN
SO-2023-006401,2,2023-06-15,2023-06-15,PL-GDN-01,C002791,VM-BIK-0018,1,2291.99,0.0,PLN
SO-2023-006402,1,2023-06-15,2023-06-15,PL-GDN-01,C001101,VM-BIK-0022,1,1336.99,0.1,PLN
SO-2023-006402,2,2023-06-15,2023-06-15,PL-GDN-01,C001101,VM-NUT-0001,5,8.59,0.0,PLN
SO-2023-006403,1,2023-06-15,2023-06-15,PL-GDN-01,C002792,VM-BIK-0007,1,6732.74,0.0,PLN
SO-2023-006404,1,2023-06-15,2023-06-15,PL-GDN-01,C002697,VM-APP-0010,1,162.34,0.0,PLN
SO-2023-006405,1,2023-06-15,2023-06-15,PL-GDN-01,,VM-ACC-0004,2,744.89,0.1,PLN
SO-2023-006406,1,2023-06-15,2023-06-15,PL-GDN-01,C002793,VM-ACC-0002,1,582.54,0.0,PLN
SO-2023-006407,1,2023-06-15,2023-06-16,PL-WEB-01,C002794,VM-ACC-0002,1,582.54,0.0,PLN
SO-2023-006408,1,2023-06-15,2023-06-18,PL-WEB-01,C001902,VM-BIK-0009,1,5386.19,0.0,PLN
SO-2023-006408,2,2023-06-15,2023-06-18,PL-WEB-01,C001902,VM-NUT-0004,13,6.68,0.0,PLN
SO-2023-006409,1,2023-06-15,2023-06-17,PL-WEB-01,C002795,VM-NUT-0001,6,8.59,0.0,PLN
SO-2023-006410,1,2023-06-15,2023-06-17,PL-WEB-01,C000338,VM-ACC-0018,12,47.74,0.08,PLN
SO-2023-006410,2,2023-06-15,2023-06-17,PL-WEB-01,C000338,VM-CMP-0012,5,515.69,0.12,PLN
SO-2023-006410,3,2023-06-15,2023-06-17,PL-WEB-01,C000338,VM-NUT-0011,2,51.56,0.12,PLN
SO-2023-006411,1,2023-06-15,2023-06-19,PL-WEB-01,C002796,VM-ACC-0003,2,276.94,0.0,PLN
SO-2023-006411,2,2023-06-15,2023-06-19,PL-WEB-01,C002796,VM-APP-0010,1,162.34,0.0,PLN
SO-2023-006411,3,2023-06-15,2023-06-19,PL-WEB-01,C002796,VM-CMP-0013,1,506.14,0.0,PLN
SO-2023-006412,1,2023-06-15,2023-06-16,PL-WEB-01,C002797,VM-NUT-0009,2,81.17,0.1,PLN
SO-2023-006412,2,2023-06-15,2023-06-16,PL-WEB-01,C002797,VM-ACC-0013,1,162.34,0.05,PLN
SO-2023-006413,1,2023-06-15,2023-06-19,PL-WEB-01,C002798,VM-ACC-0008,1,381.99,0.0,PLN
SO-2023-006414,1,2023-06-15,2023-06-18,PL-WEB-01,C002799,VM-APP-0007,2,152.79,0.0,PLN
SO-2023-006414,2,2023-06-15,2023-06-18,PL-WEB-01,C002799,VM-BIK-0022,1,1336.99,0.0,PLN
SO-2023-006414,3,2023-06-15,2023-06-18,PL-WEB-01,C002799,VM-NUT-0003,12,10.5,0.0,PLN
SO-2023-006414,4,2023-06-15,2023-06-18,PL-WEB-01,C002799,VM-APP-0005,2,171.89,0.0,PLN
SO-2023-006415,1,2023-06-15,2023-06-19,PL-WEB-01,C002800,VM-BIK-0001,1,13073.94,0.0,PLN
SO-2023-006415,2,2023-06-15,2023-06-19,PL-WEB-01,C002800,VM-ACC-0001,1,362.89,0.0,PLN
SO-2023-006416,1,2023-06-15,2023-06-17,PL-WEB-01,C000382,VM-ACC-0008,1,381.99,0.05,PLN
SO-2023-006417,1,2023-06-15,2023-06-16,PL-WEB-01,C002431,VM-BIK-0014,1,3657.64,0.0,PLN
SO-2023-006417,2,2023-06-15,2023-06-16,PL-WEB-01,C002431,VM-ACC-0008,1,381.99,0.0,PLN
SO-2023-006417,3,2023-06-15,2023-06-16,PL-WEB-01,C002431,VM-ACC-0007,1,343.79,0.0,PLN
SO-2023-006418,1,2023-06-15,2023-06-18,PL-WEB-01,C001779,VM-BIK-0003,1,6245.69,0.05,PLN
SO-2023-006418,2,2023-06-15,2023-06-18,PL-WEB-01,C001779,VM-ACC-0021,1,744.89,0.05,PLN
SO-2023-006418,3,2023-06-15,2023-06-18,PL-WEB-01,C001779,VM-NUT-0010,3,33.42,0.05,PLN
SO-2023-006418,4,2023-06-15,2023-06-18,PL-WEB-01,C001779,VM-NUT-0004,10,6.68,0.05,PLN
SO-2023-006419,1,2023-06-15,2023-06-16,PL-WEB-01,C001812,VM-ACC-0014,1,105.04,0.0,PLN
SO-2023-006419,2,2023-06-15,2023-06-16,PL-WEB-01,C001812,VM-ACC-0007,1,343.79,0.0,PLN
SO-2023-006420,1,2023-06-15,2023-06-17,PL-MKT-01,C001926,VM-BIK-0019,1,1155.54,0.0,PLN
SO-2023-006421,1,2023-06-15,2023-06-17,PL-MKT-01,C002005,VM-BIK-0019,1,1155.54,0.05,PLN
SO-2023-006421,2,2023-06-15,2023-06-17,PL-MKT-01,C002005,vm-nut-0003,8,10.5,0.05,PLN
SO-2023-006422,1,2023-06-15,2023-06-16,PL-MKT-01,C002145,VM-ACC-0014,5,105.04,0.12,PLN
SO-2023-006422,2,2023-06-15,2023-06-16,PL-MKT-01,C002145,VM-BIK-0003,3,6245.69,0.1,PLN
SO-2023-006423,1,2023-06-15,2023-06-19,PL-MKT-01,C002801,VM-EBK-0011,3,13981.19,0.1,PLN
SO-2023-006423,2,2023-06-15,2023-06-19,PL-MKT-01,C002801,VM-EBK-0002,4,9502.24,0.12,PLN
SO-2023-006423,3,2023-06-15,2023-06-19,PL-MKT-01,C002801,VM-ACC-0004,4,744.89,0.12,PLN
SO-2023-006423,4,2023-06-15,2023-06-19,PL-MKT-01,C002801,VM-ACC-0008,8,381.99,0.08,PLN
SO-2023-006424,1,2023-06-15,2023-06-19,PL-MKT-01,C002802,VM-NUT-0011,3,51.56,0.0,PLN
SO-2023-006425,1,2023-06-15,2023-06-15,CZ-PRG-01,C002803,VM-BIK-0005,1,36934.0,0.05,CZK
SO-2023-006426,1,2023-06-15,2023-06-15,CZ-PRG-01,C002804,VM-ACC-0020,1,4037.0,0.05,CZK
SO-2023-006427,1,2023-06-15,2023-06-18,CZ-WEB-01,C002805,VM-APP-0012,1,4336.0,0.0,CZK
SO-2023-006427,2,2023-06-15,2023-06-18,CZ-WEB-01,C002805,VM-CMP-0022,1,179.0,0.0,CZK
SO-2023-006427,3,2023-06-15,2023-06-18,CZ-WEB-01,C002805,VM-CMP-0020,4,1296.0,0.0,CZK
SO-2023-006428,1,2023-06-15,2023-06-15,DE-BER-01,,VM-BIK-0018,1,501.76,0.0,EUR
SO-2023-006429,1,2023-06-15,2023-06-15,DE-BER-01,C001300,vm-nut-0001,20,1.88,0.08,EUR
SO-2023-006430,1,2023-06-15,2023-06-15,DE-BER-01,C002806,VM-BIK-0003,1,1367.3,0.1,EUR
SO-2023-006431,1,2023-06-15,2023-06-16,DE-WEB-01,C002807,VM-ACC-0008,2,83.62,0.0,EUR
SO-2023-006431,2,2023-06-15,2023-06-16,DE-WEB-01,C002807,VM-NUT-0003,14,2.3,0.0,EUR
SO-2023-006431,3,2023-06-15,2023-06-16,DE-WEB-01,C002807,VM-CMP-0002,1,117.08,0.0,EUR
SO-2023-006432,1,2023-06-15,2023-06-16,DE-WEB-01,C002118,VM-BIK-0007,1,1473.92,0.0,EUR
SO-2023-006433,1,2023-06-15,2023-06-18,DE-WEB-01,C002262,VM-ACC-0019,2,10.45,0.0,EUR
SO-2023-006434,1,2023-06-15,2023-06-19,DE-WEB-01,C000739,VM-APP-0020,1,37.63,0.0,EUR
SO-2023-006435,1,2023-06-15,2023-06-18,DE-WEB-01,C002482,VM-ACC-0014,1,23.0,0.05,EUR
SO-2023-006436,1,2023-06-16,2023-06-16,PL-WAW-01,,VM-BIK-0001,1,13073.94,0.0,PLN
SO-2023-006437,1,2023-06-16,2023-06-16,PL-WAW-01,C000446,VM-APP-0019,1,63.02,0.0,PLN
SO-2023-006438,1,2023-06-16,2023-06-16,PL-WAW-01,C002808,VM-NUT-0004,4,6.68,0.05,PLN
SO-2023-006438,2,2023-06-16,2023-06-16,PL-WAW-01,C002808,VM-NUT-0011,2,51.56,0.05,PLN
SO-2023-006439,1,2023-06-16,2023-06-16,PL-WAW-01,,VM-ACC-0008,1,381.99,0.0,PLN
SO-2023-006440,1,2023-06-16,2023-06-16,PL-WAW-01,C000744,VM-EBK-0003,3,8680.94,0.1,PLN
SO-2023-006441,1,2023-06-16,2023-06-16,PL-WAW-01,C002809,VM-BIK-0009,1,5386.19,0.0,PLN
SO-2023-006441,2,2023-06-16,2023-06-16,PL-WAW-01,C002809,VM-ACC-0014,1,105.04,0.0,PLN
SO-2023-006441,3,2023-06-16,2023-06-16,PL-WAW-01,C002809,VM-ACC-0008,2,381.99,0.0,PLN
SO-2023-006442,1,2023-06-16,2023-06-16,PL-WAW-02,C000580,VM-APP-0002,3,420.19,0.0,PLN
SO-2023-006443,1,2023-06-16,2023-06-16,PL-WAW-02,C000649,VM-CMP-0009,2,334.24,0.0,PLN
SO-2023-006443,2,2023-06-16,2023-06-16,PL-WAW-02,C000649,VM-ACC-0005,2,171.89,0.0,PLN
SO-2023-006444,1,2023-06-16,2023-06-16,PL-WAW-02,C001092,VM-ACC-0014,5,105.04,0.08,PLN
SO-2023-006445,1,2023-06-16,2023-06-16,PL-WAW-02,C002810,VM-BIK-0007,1,6732.74,0.0,PLN
SO-2023-006446,1,2023-06-16,2023-06-16,PL-WAW-02,C002811,VM-BIK-0003,1,6245.69,0.1,PLN
SO-2023-006446,2,2023-06-16,2023-06-16,PL-WAW-02,C002811,VM-ACC-0014,1,105.04,0.0,PLN
SO-2023-006447,1,2023-06-16,2023-06-16,PL-WAW-02,,VM-ACC-0001,2,362.89,0.0,PLN
SO-2023-006448,1,2023-06-16,2023-06-16,PL-WAW-02,C002180,VM-BIK-0007,1,6732.74,0.0,PLN
SO-2023-006448,2,2023-06-16,2023-06-16,PL-WAW-02,C002180,VM-ACC-0011,2,68.75,0.0,PLN
SO-2023-006449,1,2023-06-16,2023-06-16,PL-KRK-01,,VM-CMP-0019,2,200.54,0.0,PLN
SO-2023-006449,2,2023-06-16,2023-06-16,PL-KRK-01,,VM-NUT-0009,1,81.17,0.0,PLN
SO-2023-006449,3,2023-06-16,2023-06-16,PL-KRK-01,,VM-EBK-0011,1,13981.19,0.0,PLN
SO-2023-006450,1,2023-06-16,2023-06-16,PL-KRK-01,C002812,VM-EBK-0002,3,9502.24,0.12,PLN
SO-2023-006451,1,2023-06-16,2023-06-16,PL-KRK-01,C001835,VM-ACC-0005,1,171.89,0.0,PLN
SO-2023-006452,1,2023-06-16,2023-06-16,PL-KRK-01,,VM-APP-0002,2,420.19,0.0,PLN
SO-2023-006452,2,2023-06-16,2023-06-16,PL-KRK-01,,VM-BIK-0003,1,6245.69,0.0,PLN
SO-2023-006453,1,2023-06-16,2023-06-16,PL-KRK-01,C002813,VM-NUT-0006,3,9.54,0.05,PLN
SO-2023-006453,2,2023-06-16,2023-06-16,PL-KRK-01,C002813,VM-CMP-0010,1,372.44,0.05,PLN
SO-2023-006453,3,2023-06-16,2023-06-16,PL-KRK-01,C002813,VM-BIK-0009,1,5386.19,0.1,PLN
SO-2023-006454,1,2023-06-16,2023-06-16,PL-WRO-01,C002814,VM-NUT-0004,14,6.68,0.0,PLN
SO-2023-006454,2,2023-06-16,2023-06-16,PL-WRO-01,C002814,VM-BIK-0007,1,6732.74,0.0,PLN
SO-2023-006455,1,2023-06-16,2023-06-16,PL-WRO-01,C001000,VM-ACC-0017,1,55.38,0.05,PLN
SO-2023-006456,1,2023-06-16,2023-06-16,PL-WRO-01,C002815,VM-APP-0001,1,439.29,0.0,PLN
SO-2023-006456,2,2023-06-16,2023-06-16,PL-WRO-01,C002815,vm-nut-0010,2,33.42,0.0,PLN
SO-2023-006457,1,2023-06-16,2023-06-16,PL-WRO-01,C002266,VM-BIK-0013,1,4583.99,0.0,PLN
SO-2023-006457,2,2023-06-16,2023-06-16,PL-WRO-01,C002266,VM-BIK-0015,1,2950.94,0.0,PLN
SO-2023-006457,3,2023-06-16,2023-06-16,PL-WRO-01,C002266,VM-ACC-0017,2,55.38,0.0,PLN
SO-2023-006458,1,2023-06-16,2023-06-16,PL-WRO-01,C001669,vm-acc-0010,1,238.74,0.0,PLN
SO-2023-006458,2,2023-06-16,2023-06-16,PL-WRO-01,C001669,VM-BIK-0013,1,4583.99,0.0,PLN
SO-2023-006459,1,2023-06-16,2023-06-16,PL-GDN-01,,VM-ACC-0008,1,381.99,0.0,PLN
SO-2023-006459,2,2023-06-16,2023-06-16,PL-GDN-01,,VM-CMP-0023,2,56.34,0.0,PLN
SO-2023-006459,3,2023-06-16,2023-06-16,PL-GDN-01,,VM-APP-0008,2,152.79,0.0,PLN
SO-2023-006459,4,2023-06-16,2023-06-16,PL-GDN-01,,VM-BIK-0012,1,11278.54,0.0,PLN
SO-2023-006460,1,2023-06-16,2023-06-16,PL-GDN-01,,VM-ACC-0008,2,381.99,0.0,PLN
SO-2023-006461,1,2023-06-16,2023-06-16,PL-GDN-01,C002816,VM-APP-0006,1,296.04,0.0,PLN
SO-2023-006461,2,2023-06-16,2023-06-16,PL-GDN-01,C002816,VM-ACC-0006,1,907.24,0.0,PLN
SO-2023-006462,1,2023-06-16,2023-06-16,PL-GDN-01,C001637,VM-CMP-0001,1,381.99,0.0,PLN
SO-2023-006463,1,2023-06-16,2023-06-16,PL-GDN-01,C000155,VM-APP-0006,3,296.04,0.0,PLN
SO-2023-006464,1,2023-06-16,2023-06-16,PL-GDN-01,C002188,VM-CMP-0014,2,410.64,0.0,PLN
SO-2023-006464,2,2023-06-16,2023-06-16,PL-GDN-01,C002188,VM-BIK-0001,1,13073.94,0.0,PLN
SO-2023-006465,1,2023-06-16,2023-06-16,PL-GDN-01,C000611,VM-CMP-0009,1,334.24,0.0,PLN
SO-2023-006465,2,2023-06-16,2023-06-16,PL-GDN-01,C000611,VM-BIK-0016,1,3428.44,0.0,PLN
SO-2023-006466,1,2023-06-16,2023-06-16,PL-POZ-01,C002145,VM-NUT-0010,6,33.42,0.1,PLN
SO-2023-006467,1,2023-06-16,2023-06-16,PL-POZ-01,C000420,VM-CMP-0015,2,878.59,0.05,PLN
SO-2023-006468,1,2023-06-16,2023-06-16,PL-POZ-01,C002593,VM-BIK-0009,1,5386.19,0.05,PLN
SO-2023-006469,1,2023-06-16,2023-06-19,PL-WEB-01,C000983,VM-BIK-0019,1,1155.54,0.05,PLN
SO-2023-006469,2,2023-06-16,2023-06-19,PL-WEB-01,C000983,VM-ACC-0018,3,47.74,0.05,PLN
SO-2023-006469,3,2023-06-16,2023-06-19,PL-WEB-01,C000983,VM-NUT-0003,13,10.5,0.05,PLN
SO-2023-006469,4,2023-06-16,2023-06-19,PL-WEB-01,C000983,VM-BIK-0013,1,4583.99,0.05,PLN
SO-2023-006470,1,2023-06-16,2023-06-18,PL-WEB-01,C002817,VM-ACC-0003,2,276.94,0.0,PLN
SO-2023-006470,2,2023-06-16,2023-06-18,PL-WEB-01,C002817,VM-ACC-0021,1,744.89,0.0,PLN
SO-2023-006471,1,2023-06-16,2023-06-19,PL-WEB-01,C001362,VM-BIK-0009,1,5386.19,0.0,PLN
SO-2023-006471,2,2023-06-16,2023-06-19,PL-WEB-01,C001362,VM-NUT-0004,13,6.68,0.0,PLN
SO-2023-006471,3,2023-06-16,2023-06-19,PL-WEB-01,C001362,VM-CMP-0009,2,334.24,0.0,PLN
SO-2023-006472,1,2023-06-16,2023-06-20,PL-WEB-01,C002818,VM-EBK-0008,1,14420.49,0.0,PLN
SO-2023-006472,2,2023-06-16,2023-06-20,PL-WEB-01,C002818,VM-ACC-0019,3,47.74,0.0,PLN
SO-2023-006473,1,2023-06-16,2023-06-17,PL-WEB-01,C001319,VM-CMP-0009,2,334.24,0.0,PLN
SO-2023-006474,1,2023-06-16,2023-06-18,PL-WEB-01,C002819,VM-ACC-0008,2,381.99,0.0,PLN
SO-2023-006475,1,2023-06-16,2023-06-20,PL-WEB-01,C000653,VM-BIK-0016,1,3428.44,0.0,PLN
SO-2023-006476,1,2023-06-16,2023-06-17,PL-WEB-01,C000748,VM-CMP-0006,8,190.99,0.08,PLN
SO-2023-006477,1,2023-06-16,2023-06-19,PL-MKT-01,C002540, VM-NUT-0004 ,5,6.68,0.05,PLN
SO-2023-006478,1,2023-06-16,2023-06-20,PL-MKT-01,C002820,VM-CMP-0017,1,477.49,0.0,PLN
SO-2023-006479,1,2023-06-16,2023-06-19,PL-MKT-01,C002397,VM-NUT-0010,2,33.42,0.0,PLN
SO-2023-006480,1,2023-06-16,2023-06-19,PL-MKT-01,C002821,VM-EBK-0011,1,13981.19,0.1,PLN
SO-2023-006480,2,2023-06-16,2023-06-19,PL-MKT-01,C002821,VM-ACC-0005,1,171.89,0.05,PLN
SO-2023-006480,3,2023-06-16,2023-06-19,PL-MKT-01,C002821,VM-ACC-0014,1,105.04,0.0,PLN
SO-2023-006481,1,2023-06-16,2023-06-20,PL-MKT-01,C002822,VM-NUT-0009,4,81.17,0.05,PLN
SO-2023-006481,2,2023-06-16,2023-06-20,PL-MKT-01,C002822,VM-APP-0020,1,171.89,0.0,PLN
SO-2023-006482,1,2023-06-16,2023-06-16,CZ-PRG-01,,VM-ACC-0006,2,4735.0,0.0,CZK
SO-2023-006483,1,2023-06-16,2023-06-16,CZ-PRG-01,C001481,VM-BIK-0019,1,6031.0,0.05,CZK
SO-2023-006484,1,2023-06-16,2023-06-16,CZ-PRG-01,C002683,VM-APP-0006,3,1545.0,0.0,CZK
SO-2023-006485,1,2023-06-16,2023-06-16,CZ-PRG-01,C002823,VM-ACC-0001,2,1894.0,0.0,CZK
SO-2023-006485,2,2023-06-16,2023-06-16,CZ-PRG-01,C002823,VM-CMP-0010,1,1944.0,0.0,CZK
SO-2023-006485,3,2023-06-16,2023-06-16,CZ-PRG-01,C002823,VM-BIK-0016,1,17894.0,0.0,CZK
SO-2023-006485,4,2023-06-16,2023-06-16,CZ-PRG-01,C002823,VM-BIK-0007,1,35140.0,0.0,CZK
SO-2023-006486,1,2023-06-16,2023-06-16,CZ-PRG-01,C002824,VM-ACC-0020,1,4037.0,0.0,CZK
SO-2023-006487,1,2023-06-16,2023-06-18,CZ-WEB-01,C000702,VM-NUT-0006,10,50.0,0.0,CZK
SO-2023-006487,2,2023-06-16,2023-06-18,CZ-WEB-01,C000702,VM-APP-0010,1,847.0,0.0,CZK
SO-2023-006488,1,2023-06-16,2023-06-20,CZ-WEB-01,C002614,VM-NUT-0001,4,45.0,0.0,CZK
SO-2023-006489,1,2023-06-16,2023-06-18,CZ-WEB-01,C002614,VM-ACC-0003,2,1445.0,0.0,CZK
SO-2023-006490,1,2023-06-16,2023-06-17,CZ-WEB-01,C002825,VM-APP-0008,2,797.0,0.05,CZK
SO-2023-006490,2,2023-06-16,2023-06-17,CZ-WEB-01,C002825,VM-ACC-0018,1,249.0,0.0,CZK
SO-2023-006491,1,2023-06-16,2023-06-16,DE-BER-01,C002826,VM-APP-0009,2,73.17,0.0,EUR
SO-2023-006492,1,2023-06-16,2023-06-18,DE-WEB-01,C001255,VM-EBK-0009,1,2071.86,0.05,EUR
SO-2023-006493,1,2023-06-16,2023-06-20,DE-WEB-01,C002827,VM-NUT-0004,12,1.46,0.0,EUR
SO-2023-006493,2,2023-06-16,2023-06-20,DE-WEB-01,C002827,VM-NUT-0006,5,2.09,0.0,EUR
SO-2023-006494,1,2023-06-16,2023-06-17,DE-WEB-01,C002828,VM-CMP-0013,1,110.8,0.0,EUR
SO-2023-006494,2,2023-06-16,2023-06-17,DE-WEB-01,C002828,VM-EBK-0001,1,1603.55,0.0,EUR
SO-2023-006495,1,2023-06-16,2023-06-19,DE-WEB-01,C002829,VM-NUT-0004,3,1.46,0.0,EUR
SO-2023-006496,1,2023-06-17,2023-06-17,PL-WAW-01,C002830,VM-NUT-0004,13,6.68,0.0,PLN
SO-2023-006496,2,2023-06-17,2023-06-17,PL-WAW-01,C002830,VM-BIK-0016,1,3428.44,0.0,PLN
SO-2023-006497,1,2023-06-17,2023-06-17,PL-WAW-01,C001049,VM-NUT-0003,10,10.5,0.0,PLN
SO-2023-006497,2,2023-06-17,2023-06-17,PL-WAW-01,C001049,VM-ACC-0018,2,47.74,0.0,PLN
SO-2023-006498,1,2023-06-17,2023-06-17,PL-WAW-01,C000947,VM-BIK-0007,1,6732.74,0.0,PLN
SO-2023-006499,1,2023-06-17,2023-06-17,PL-WAW-01,,VM-BIK-0015,1,2950.94,0.1,PLN
SO-2023-006499,2,2023-06-17,2023-06-17,PL-WAW-01,,VM-ACC-0007,1,343.79,0.0,PLN
SO-2023-006499,3,2023-06-17,2023-06-17,PL-WAW-01,,VM-BIK-0007,1,6732.74,0.0,PLN
SO-2023-006500,1,2023-06-17,2023-06-17,PL-WAW-01,C000026,VM-BIK-0005,1,7076.54,0.0,PLN
SO-2023-006500,2,2023-06-17,2023-06-17,PL-WAW-01,C000026,VM-ACC-0002,2,582.54,0.0,PLN
SO-2023-006501,1,2023-06-17,2023-06-17,PL-WAW-01,C002831,VM-CMP-0015,1,878.59,0.0,PLN
SO-2023-006502,1,2023-06-17,2023-06-17,PL-WAW-02,C002717,VM-NUT-0009,1,81.17,0.05,PLN
SO-2023-006503,1,2023-06-17,2023-06-17,PL-WAW-02,C001977,VM-NUT-0009,2,81.17,0.05,PLN
SO-2023-006503,2,2023-06-17,2023-06-17,PL-WAW-02,C001977,VM-EBK-0011,1,13981.19,0.05,PLN
SO-2023-006504,1,2023-06-17,2023-06-17,PL-WAW-02,C002832,VM-EBK-0008,1,14420.49,0.0,PLN
SO-2023-006504,2,2023-06-17,2023-06-17,PL-WAW-02,C002832,VM-ACC-0015,1,334.24,0.0,PLN
SO-2023-006504,3,2023-06-17,2023-06-17,PL-WAW-02,C002832,VM-ACC-0018,2,47.74,0.0,PLN
SO-2023-006505,1,2023-06-17,2023-06-17,PL-WAW-02,C000613,VM-APP-0007,2,152.79,0.05,PLN
SO-2023-006506,1,2023-06-17,2023-06-17,PL-WAW-02,C000447,VM-NUT-0010,1,33.42,0.0,PLN
SO-2023-006507,1,2023-06-17,2023-06-17,PL-WAW-02,C002757,VM-BIK-0007,1,6732.74,0.0,PLN
SO-2023-006508,1,2023-06-17,2023-06-17,PL-WAW-02,C000468,VM-BIK-0011,1,8260.74,0.0,PLN
SO-2023-006508,2,2023-06-17,2023-06-17,PL-WAW-02,C000468,VM-ACC-0018,3,47.74,0.0,PLN
SO-2023-006509,1,2023-06-17,2023-06-17,PL-WAW-02,C002555,VM-BIK-0015,1,2950.94,0.0,PLN
SO-2023-006510,1,2023-06-17,2023-06-17,PL-WAW-02,C000627,VM-NUT-0004,11,6.68,0.0,PLN
SO-2023-006510,2,2023-06-17,2023-06-17,PL-WAW-02,C000627,VM-ACC-0020,1,773.54,0.0,PLN
SO-2023-006511,1,2023-06-17,2023-06-17,PL-KRK-01,C002833,VM-EBK-0008,1,14420.49,0.0,PLN
SO-2023-006512,1,2023-06-17,2023-06-17,PL-KRK-01,C000895,VM-EBK-0009,1,9464.04,0.0,PLN
SO-2023-006512,2,2023-06-17,2023-06-17,PL-KRK-01,C000895,VM-ACC-0019,2,47.74,0.0,PLN
SO-2023-006513,1,2023-06-17,2023-06-17,PL-WRO-01,C002834,VM-ACC-0022,1,1499.34,0.0,PLN
SO-2023-006514,1,2023-06-17,2023-06-17,PL-WRO-01,C001418,VM-APP-0002,3,420.19,0.05,PLN
SO-2023-006514,2,2023-06-17,2023-06-17,PL-WRO-01,C001418,VM-EBK-0003,1,8680.94,0.1,PLN
SO-2023-006515,1,2023-06-17,2023-06-17,PL-WRO-01,C002835,VM-CMP-0015,2,878.59,0.0,PLN
SO-2023-006516,1,2023-06-17,2023-06-17,PL-WRO-01,C002836,VM-BIK-0005,1,7076.54,0.0,PLN
SO-2023-006517,1,2023-06-17,2023-06-17,PL-WRO-01,C001510,VM-NUT-0002,14,14.32,0.0,PLN
SO-2023-006518,1,2023-06-17,2023-06-17,PL-WRO-01,C001984,VM-BIK-0018,1,2291.99,0.05,PLN
SO-2023-006518,2,2023-06-17,2023-06-17,PL-WRO-01,C001984,VM-ACC-0008,1,381.99,0.05,PLN
SO-2023-006519,1,2023-06-17,2023-06-17,PL-WRO-01,C002837,VM-NUT-0009,3,81.17,0.0,PLN
SO-2023-006519,2,2023-06-17,2023-06-17,PL-WRO-01,C002837,VM-NUT-0005,8,8.59,0.0,PLN
SO-2023-006520,1,2023-06-17,2023-06-17,PL-WRO-01,,VM-BIK-0005,1,7076.54,0.0,PLN
SO-2023-006520,2,2023-06-17,2023-06-17,PL-WRO-01,,VM-NUT-0011,1,51.56,0.0,PLN
SO-2023-006521,1,2023-06-17,2023-06-17,PL-WRO-01,C002838,VM-BIK-0020,1,1155.54,0.0,PLN
SO-2023-006521,2,2023-06-17,2023-06-17,PL-WRO-01,C002838,VM-ACC-0013,1,162.34,0.0,PLN
SO-2023-006522,1,2023-06-17,2023-06-17,PL-WRO-01,C001518,VM-CMP-0015,2,878.59,0.0,PLN
SO-2023-006522,2,2023-06-17,2023-06-17,PL-WRO-01,C001518,VM-BIK-0004,1,4077.84,0.0,PLN
SO-2023-006523,1,2023-06-17,2023-06-17,PL-GDN-01,,VM-ACC-0002,2,582.54,0.0,PLN
SO-2023-006524,1,2023-06-17,2023-06-17,PL-GDN-01,C001502,VM-NUT-0004,12,6.68,0.0,PLN
SO-2023-006525,1,2023-06-17,2023-06-17,PL-GDN-01,C002216,VM-NUT-0003,4,10.5,0.0,PLN
SO-2023-006526,1,2023-06-17,2023-06-17,PL-GDN-01,,vm-cmp-0004,1,687.59,0.0,PLN
SO-2023-006527,1,2023-06-17,2023-06-17,PL-GDN-01,,VM-ACC-0002,1,582.54,0.0,PLN
SO-2023-006527,2,2023-06-17,2023-06-17,PL-GDN-01,,VM-ACC-0018,2,47.74,0.0,PLN
SO-2023-006528,1,2023-06-17,2023-06-17,PL-GDN-01,C002839,VM-NUT-0004,10,6.68,0.0,PLN
SO-2023-006529,1,2023-06-17,2023-06-17,PL-POZ-01,C001336,VM-CMP-0015,2,878.59,0.0,PLN
SO-2023-006529,2,2023-06-17,2023-06-17,PL-POZ-01,C001336,VM-APP-0006,2,296.04,0.0,PLN
SO-2023-006530,1,2023-06-17,2023-06-17,PL-POZ-01,,VM-NUT-0004,4,6.68,0.0,PLN
SO-2023-006530,2,2023-06-17,2023-06-17,PL-POZ-01,,VM-ACC-0014,1,105.04,0.0,PLN
SO-2023-006531,1,2023-06-17,2023-06-19,PL-WEB-01,C002840,VM-ACC-0017,3,55.38,0.0,PLN
SO-2023-006531,2,2023-06-17,2023-06-19,PL-WEB-01,C002840,VM-BIK-0007,1,6732.74,0.0,PLN
SO-2023-006532,1,2023-06-17,2023-06-18,PL-WEB-01,C002841,VM-NUT-0009,1,81.17,0.0,PLN
SO-2023-006532,2,2023-06-17,2023-06-18,PL-WEB-01,C002841,VM-CMP-0017,2,477.49,0.0,PLN
SO-2023-006533,1,2023-06-17,2023-06-18,PL-WEB-01,C002842,VM-ACC-0008,4,381.99,0.08,PLN
SO-2023-006534,1,2023-06-17,2023-06-20,PL-WEB-01,C001893,VM-ACC-0008,2,381.99,0.0,PLN
SO-2023-006534,2,2023-06-17,2023-06-20,PL-WEB-01,C001893,VM-CMP-0006,2,190.99,0.0,PLN
SO-2023-006534,3,2023-06-17,2023-06-20,PL-WEB-01,C001893,VM-CMP-0008,1,420.19,0.0,PLN
SO-2023-006534,4,2023-06-17,2023-06-20,PL-WEB-01,C001893,VM-NUT-0005,5,8.59,0.0,PLN
SO-2023-006535,1,2023-06-17,2023-06-20,PL-WEB-01,C002843,VM-NUT-0004,16,6.68,0.08,PLN
SO-2023-006536,1,2023-06-17,2023-06-19,PL-WEB-01,C000717,VM-CMP-0010,1,372.44,0.1,PLN
SO-2023-006537,1,2023-06-17,2023-06-19,PL-WEB-01,C002844,VM-BIK-0012,1,11278.54,0.05,PLN
SO-2023-006538,1,2023-06-17,2023-06-19,PL-WEB-01,C002169,VM-ACC-0007,2,343.79,0.0,PLN
SO-2023-006538,2,2023-06-17,2023-06-19,PL-WEB-01,C002169,VM-CMP-0008,1,420.19,0.0,PLN
SO-2023-006539,1,2023-06-17,2023-06-19,PL-WEB-01,C000653,VM-ACC-0003,2,276.94,0.0,PLN
SO-2023-006540,1,2023-06-17,2023-06-20,PL-WEB-01,C002845,VM-NUT-0002,9,14.32,0.0,PLN
SO-2023-006540,2,2023-06-17,2023-06-20,PL-WEB-01,C002845,VM-ACC-0007,2,343.79,0.0,PLN
SO-2023-006540,3,2023-06-17,2023-06-20,PL-WEB-01,C002845,VM-CMP-0001,2,381.99,0.0,PLN
SO-2023-006541,1,2023-06-17,2023-06-19,PL-WEB-01,C000175,VM-BIK-0020,1,1155.54,0.0,PLN
SO-2023-006542,1,2023-06-17,2023-06-20,PL-WEB-01,C001258,VM-NUT-0002,56,14.32,0.08,PLN
SO-2023-006543,1,2023-06-17,2023-06-19,PL-WEB-01,C001745,VM-ACC-0003,1,276.94,0.0,PLN
SO-2023-006544,1,2023-06-17,2023-06-18,PL-WEB-01,C002846,VM-APP-0006,1,296.04,0.0,PLN
SO-2023-006544,2,2023-06-17,2023-06-18,PL-WEB-01,C002846,VM-CMP-0009,1,334.24,0.0,PLN
SO-2023-006545,1,2023-06-17,2023-06-19,PL-WEB-01,C000543,VM-EBK-0010,2,12882.94,0.1,PLN
SO-2023-006545,2,2023-06-17,2023-06-19,PL-WEB-01,C000543,VM-NUT-0005,48,8.59,0.1,PLN
SO-2023-006546,1,2023-06-17,2023-06-19,PL-MKT-01,C002532,VM-CMP-0013,1,506.14,0.0,PLN
SO-2023-006547,1,2023-06-17,2023-06-20,PL-MKT-01,C002847,vm-app-0011,1,391.54,0.0,PLN
SO-2023-006548,1,2023-06-17,2023-06-19,PL-MKT-01,C002848,VM-CMP-0015,1,878.59,0.1,PLN
SO-2023-006549,1,2023-06-17,2023-06-19,PL-MKT-01,C001718,VM-BIK-0010,1,6035.59,0.05,PLN
SO-2023-006549,2,2023-06-17,2023-06-19,PL-MKT-01,C001718,VM-ACC-0017,1,55.38,0.05,PLN
SO-2023-006550,1,2023-06-17,2023-06-21,PL-MKT-01,C002849,VM-CMP-0021,4,45.83,0.0,PLN
SO-2023-006551,1,2023-06-17,2023-06-19,PL-MKT-01,C002850,VM-NUT-0001,10,8.59,0.0,PLN
SO-2023-006551,2,2023-06-17,2023-06-19,PL-MKT-01,C002850,VM-NUT-0005,10,8.59,0.0,PLN
SO-2023-006552,1,2023-06-17,2023-06-17,CZ-PRG-01,C002851,VM-NUT-0009,4,424.0,0.0,CZK
SO-2023-006552,2,2023-06-17,2023-06-17,CZ-PRG-01,C002851,VM-APP-0002,1,2193.0,0.0,CZK
SO-2023-006552,3,2023-06-17,2023-06-17,CZ-PRG-01,C002851,VM-NUT-0010,1,174.0,0.0,CZK
SO-2023-006553,1,2023-06-17,2023-06-17,CZ-PRG-01,C001800,VM-ACC-0022,1,7825.0,0.0,CZK
SO-2023-006553,2,2023-06-17,2023-06-17,CZ-PRG-01,C001800,VM-BIK-0007,1,35140.0,0.0,CZK
SO-2023-006554,1,2023-06-17,2023-06-17,CZ-PRG-01,,VM-NUT-0007,8,65.0,0.1,CZK
SO-2023-006554,2,2023-06-17,2023-06-17,CZ-PRG-01,,VM-APP-0012,1,4336.0,0.0,CZK
SO-2023-006554,3,2023-06-17,2023-06-17,CZ-PRG-01,,VM-ACC-0018,3,249.0,0.0,CZK
SO-2023-006554,4,2023-06-17,2023-06-17,CZ-PRG-01,,VM-NUT-0009,1,424.0,0.0,CZK
SO-2023-006555,1,2023-06-17,2023-06-17,CZ-PRG-01,,VM-ACC-0014,1,548.0,0.0,CZK
SO-2023-006555,2,2023-06-17,2023-06-17,CZ-PRG-01,,VM-BIK-0011,1,43115.0,0.0,CZK
SO-2023-006555,3,2023-06-17,2023-06-17,CZ-PRG-01,,VM-ACC-0005,2,897.0,0.0,CZK
SO-2023-006556,1,2023-06-17,2023-06-17,CZ-PRG-01,C002852,VM-CMP-0013,1,2642.0,0.0,CZK
SO-2023-006557,1,2023-06-17,2023-06-17,CZ-PRG-01,C000822,VM-APP-0018,1,648.0,0.0,CZK
SO-2023-006557,2,2023-06-17,2023-06-17,CZ-PRG-01,C000822,VM-ACC-0020,1,4037.0,0.0,CZK
SO-2023-006558,1,2023-06-17,2023-06-17,CZ-PRG-01,,VM-ACC-0019,1,249.0,0.0,CZK
SO-2023-006558,2,2023-06-17,2023-06-17,CZ-PRG-01,,VM-APP-0010,1,847.0,0.0,CZK
SO-2023-006559,1,2023-06-17,2023-06-17,CZ-PRG-01,,VM-NUT-0001,14,45.0,0.0,CZK
SO-2023-006559,2,2023-06-17,2023-06-17,CZ-PRG-01,,VM-BIK-0012,1,58865.0,0.0,CZK
SO-2023-006560,1,2023-06-17,2023-06-18,CZ-WEB-01,C001586,VM-ACC-0008,2,1994.0,0.0,CZK
SO-2023-006561,1,2023-06-17,2023-06-20,CZ-WEB-01,C002382,VM-NUT-0002,10,75.0,0.0,CZK
SO-2023-006562,1,2023-06-17,2023-06-21,CZ-WEB-01,C002853,VM-APP-0006,2,1545.0,0.0,CZK
SO-2023-006563,1,2023-06-17,2023-06-20,CZ-WEB-01,C002854,VM-EBK-0009,1,49395.0,0.0,CZK
SO-2023-006563,2,2023-06-17,2023-06-20,CZ-WEB-01,C002854,VM-ACC-0008,1,1994.0,0.0,CZK
SO-2023-006564,1,2023-06-17,2023-06-17,DE-BER-01,,VM-APP-0004,3,50.17,0.0,EUR
SO-2023-006565,1,2023-06-17,2023-06-17,DE-BER-01,C001371,VM-APP-0001,3,96.17,0.05,EUR
SO-2023-006565,2,2023-06-17,2023-06-17,DE-BER-01,C001371,VM-ACC-0014,1,23.0,0.05,EUR
SO-2023-006566,1,2023-06-17,2023-06-17,DE-BER-01,,VM-APP-0007,2,33.45,0.0,EUR
SO-2023-006567,1,2023-06-17,2023-06-17,DE-BER-01,C002855,VM-BIK-0011,1,1808.43,0.0,EUR
SO-2023-006568,1,2023-06-17,2023-06-17,DE-BER-01,C002388,VM-EBK-0007,1,3073.29,0.0,EUR
SO-2023-006568,2,2023-06-17,2023-06-17,DE-BER-01,C002388,VM-BIK-0009,1,1179.14,0.0,EUR
SO-2023-006568,3,2023-06-17,2023-06-17,DE-BER-01,C002388,VM-ACC-0019,2,10.45,0.0,EUR
SO-2023-006569,1,2023-06-17,2023-06-21,DE-WEB-01,C002856,VM-ACC-0014,1,23.0,0.0,EUR
SO-2023-006570,1,2023-06-17,2023-06-20,DE-WEB-01,C002857,VM-BIK-0007,1,1473.92,0.0,EUR
SO-2023-006570,2,2023-06-17,2023-06-20,DE-WEB-01,C002857,VM-BIK-0010,1,1321.31,0.0,EUR
SO-2023-006570,3,2023-06-17,2023-06-20,DE-WEB-01,C002857,VM-CMP-0009,2,73.17,0.0,EUR
SO-2023-006571,1,2023-06-17,2023-06-20,DE-WEB-01,C001833,VM-BIK-0013,2,1003.52,0.12,EUR
SO-2023-006572,1,2023-06-17,2023-06-21,DE-WEB-01,C002790,VM-BIK-0003,1,1367.3,0.05,EUR
SO-2023-006572,2,2023-06-17,2023-06-21,DE-WEB-01,C002790,VM-ACC-0001,2,79.44,0.05,EUR
SO-2023-006573,1,2023-06-17,2023-06-21,DE-WEB-01,C002858,VM-EBK-0006,1,4210.62,0.0,EUR
SO-2023-006573,2,2023-06-17,2023-06-21,DE-WEB-01,C002858,VM-NUT-0003,12,2.3,0.0,EUR
SO-2023-006573,3,2023-06-17,2023-06-21,DE-WEB-01,C002858,VM-ACC-0013,1,35.54,0.0,EUR
SO-2023-006573,4,2023-06-17,2023-06-21,DE-WEB-01,C002858,VM-ACC-0009,1,83.62,0.0,EUR
SO-2023-006574,1,2023-06-17,2023-06-19,DE-WEB-01,C000941,VM-ACC-0017,1,12.12,0.0,EUR
SO-2023-006574,2,2023-06-17,2023-06-19,DE-WEB-01,C000941,VM-BIK-0007,1,1473.92,0.0,EUR
SO-2023-006574,3,2023-06-17,2023-06-19,DE-WEB-01,C000941,VM-NUT-0002,4,3.13,0.0,EUR
SO-2023-006575,1,2023-06-18,2023-06-21,PL-WEB-01,C001472,VM-NUT-0011,3,51.56,0.05,PLN
SO-2023-006576,1,2023-06-18,2023-06-22,PL-WEB-01,C002859,VM-BIK-0002,1,9196.64,0.0,PLN
SO-2023-006577,1,2023-06-18,2023-06-19,PL-WEB-01,C000609,VM-BIK-0004,1,4077.84,0.05,PLN
SO-2023-006577,2,2023-06-18,2023-06-19,PL-WEB-01,C000609,VM-BIK-0019,1,1155.54,0.05,PLN
SO-2023-006578,1,2023-06-18,2023-06-22,PL-WEB-01,C002860,VM-APP-0002,1,420.19,0.1,PLN
SO-2023-006579,1,2023-06-18,2023-06-19,PL-WEB-01,C000507,VM-CMP-0006,2,190.99,0.05,PLN
SO-2023-006579,2,2023-06-18,2023-06-19,PL-WEB-01,C000507,VM-ACC-0014,1,105.04,0.05,PLN
SO-2023-006579,3,2023-06-18,2023-06-19,PL-WEB-01,C000507,VM-APP-0010,1,162.34,0.05,PLN
SO-2023-006580,1,2023-06-18,2023-06-20,PL-WEB-01,C002861,VM-CMP-0017,1,477.49,0.0,PLN
SO-2023-006580,2,2023-06-18,2023-06-20,PL-WEB-01,C002861,VM-BIK-0020,1,1155.54,0.0,PLN
SO-2023-006580,3,2023-06-18,2023-06-20,PL-WEB-01,C002861,VM-CMP-0012,2,515.69,0.0,PLN
SO-2023-006581,1,2023-06-18,2023-06-21,PL-WEB-01,C002862,VM-ACC-0008,1,381.99,0.0,PLN
SO-2023-006581,2,2023-06-18,2023-06-21,PL-WEB-01,C002862,VM-EBK-0001,1,7324.84,0.0,PLN
SO-2023-006582,1,2023-06-18,2023-06-19,PL-WEB-01,C002863,VM-BIK-0009,1,5386.19,0.0,PLN
SO-2023-006583,1,2023-06-18,2023-06-21,PL-WEB-01,C002864,VM-BIK-0014,1,3657.64,0.0,PLN
SO-2023-006584,1,2023-06-18,2023-06-19,PL-WEB-01,C000970,VM-ACC-0017,2,55.38,0.0,PLN
SO-2023-006585,1,2023-06-18,2023-06-21,PL-WEB-01,C001789,VM-APP-0002,3,420.19,0.0,PLN
SO-2023-006585,2,2023-06-18,2023-06-21,PL-WEB-01,C001789,VM-CMP-0010,2,372.44,0.0,PLN
SO-2023-006586,1,2023-06-18,2023-06-22,PL-WEB-01,C002677,VM-CMP-0013,2,506.14,0.0,PLN
SO-2023-006586,2,2023-06-18,2023-06-22,PL-WEB-01,C002677,VM-BIK-0017,1,1824.04,0.0,PLN
SO-2023-006587,1,2023-06-18,2023-06-20,PL-WEB-01,C001560,VM-NUT-0004,11,6.68,0.05,PLN
SO-2023-006587,2,2023-06-18,2023-06-20,PL-WEB-01,C001560,VM-NUT-0011,4,51.56,0.05,PLN
SO-2023-006587,3,2023-06-18,2023-06-20,PL-WEB-01,C001560,VM-BIK-0012,1,11278.54,0.05,PLN
SO-2023-006587,4,2023-06-18,2023-06-20,PL-WEB-01,C001560,VM-CMP-0019,4,200.54,0.05,PLN
SO-2023-006588,1,2023-06-18,2023-06-19,PL-WEB-01,C002865,VM-NUT-0004,8,6.68,0.0,PLN
SO-2023-006588,2,2023-06-18,2023-06-19,PL-WEB-01,C002865,VM-ACC-0008,2,381.99,0.0,PLN
SO-2023-006588,3,2023-06-18,2023-06-19,PL-WEB-01,C002865,VM-EBK-0002,1,9502.24,0.0,PLN
SO-2023-006589,1,2023-06-18,2023-06-21,PL-MKT-01,C002866,VM-ACC-0009,2,381.99,0.0,PLN
SO-2023-006589,2,2023-06-18,2023-06-21,PL-MKT-01,C002866,VM-BIK-0005,1,7076.54,0.0,PLN
SO-2023-006589,3,2023-06-18,2023-06-21,PL-MKT-01,C002866,VM-CMP-0012,2,515.69,0.0,PLN
SO-2023-006589,4,2023-06-18,2023-06-21,PL-MKT-01,C002866,VM-BIK-0007,1,6732.74,0.0,PLN
SO-2023-006590,1,2023-06-18,2023-06-20,PL-MKT-01,C001130,VM-ACC-0008,2,381.99,0.05,PLN
SO-2023-006590,2,2023-06-18,2023-06-20,PL-MKT-01,C001130,VM-CMP-0010,2,372.44,0.05,PLN
SO-2023-006591,1,2023-06-18,2023-06-21,PL-MKT-01,C002693,VM-BIK-0017,1,1824.04,0.0,PLN
SO-2023-006592,1,2023-06-18,2023-06-21,PL-MKT-01,C000127,VM-ACC-0008,2,381.99,0.0,PLN
SO-2023-006593,1,2023-06-18,2023-06-20,PL-MKT-01,C002505,VM-ACC-0018,2,47.74,0.0,PLN
SO-2023-006594,1,2023-06-18,2023-06-18,CZ-PRG-01,C002824,VM-BIK-0017,1,9520.0,0.0,CZK
SO-2023-006595,1,2023-06-18,2023-06-18,CZ-PRG-01,,VM-ACC-0002,2,3040.0,0.0,CZK
SO-2023-006596,1,2023-06-18,2023-06-18,CZ-PRG-01,C002867,VM-APP-0002,2,2193.0,0.0,CZK
SO-2023-006596,2,2023-06-18,2023-06-18,CZ-PRG-01,C002867,vm-cmp-0010,1,1944.0,0.0,CZK
SO-2023-006597,1,2023-06-18,2023-06-18,CZ-PRG-01,,VM-APP-0001,3,2293.0,0.0,CZK
SO-2023-006597,2,2023-06-18,2023-06-18,CZ-PRG-01,,VM-BIK-0022,1,6978.0,0.0,CZK
SO-2023-006597,3,2023-06-18,2023-06-18,CZ-PRG-01,,VM-APP-0010,1,847.0,0.0,CZK
SO-2023-006597,4,2023-06-18,2023-06-18,CZ-PRG-01,,VM-EBK-0001,1,38230.0,0.0,CZK
SO-2023-006598,1,2023-06-18,2023-06-21,CZ-WEB-01,C000163,VM-CMP-0001,1,1994.0,0.0,CZK
SO-2023-006598,2,2023-06-18,2023-06-21,CZ-WEB-01,C000163,VM-ACC-0022,1,7825.0,0.0,CZK
SO-2023-006598,3,2023-06-18,2023-06-21,CZ-WEB-01,C000163,VM-NUT-0005,7,45.0,0.0,CZK
SO-2023-006598,4,2023-06-18,2023-06-21,CZ-WEB-01,C000163,VM-CMP-0017,2,2492.0,0.0,CZK
SO-2023-006599,1,2023-06-18,2023-06-21,CZ-WEB-01,C000490,VM-NUT-0006,12,50.0,0.05,CZK
SO-2023-006600,1,2023-06-18,2023-06-19,DE-WEB-01,C002868,VM-NUT-0006,12,2.09,0.0,EUR
SO-2023-006601,1,2023-06-18,2023-06-20,DE-WEB-01,C002665,VM-APP-0010,2,35.54,0.05,EUR
SO-2023-006601,2,2023-06-18,2023-06-20,DE-WEB-01,C002665,VM-ACC-0009,1,83.62,0.05,EUR
SO-2023-006602,1,2023-06-18,2023-06-22,DE-WEB-01,C002869,VM-CMP-0004,2,150.53,0.1,EUR
SO-2023-006602,2,2023-06-18,2023-06-22,DE-WEB-01,C002869,VM-NUT-0004,11,1.46,0.0,EUR
SO-2023-006602,3,2023-06-18,2023-06-22,DE-WEB-01,C002869,VM-NUT-0005,8,1.88,0.1,EUR
SO-2023-006603,1,2023-06-18,2023-06-19,DE-WEB-01,C000414,VM-APP-0001,2,96.17,0.05,EUR
SO-2023-006604,1,2023-06-18,2023-06-21,DE-WEB-01,C002643,VM-CMP-0008,1,91.99,0.0,EUR
SO-2023-006605,1,2023-06-18,2023-06-19,DE-WEB-01,C002870,VM-APP-0019,2,13.8,0.0,EUR
SO-2023-006605,2,2023-06-18,2023-06-19,DE-WEB-01,C002870,VM-APP-0008,2,33.45,0.0,EUR
SO-2023-006606,1,2023-06-18,2023-06-19,DE-WEB-01,C002871,VM-CMP-0013,1,110.8,0.0,EUR
SO-2023-006606,2,2023-06-18,2023-06-19,DE-WEB-01,C002871,VM-ACC-0018,3,10.45,0.0,EUR
SO-2023-006606,3,2023-06-18,2023-06-19,DE-WEB-01,C002871,VM-NUT-0011,4,11.29,0.0,EUR
SO-2023-006607,1,2023-06-18,2023-06-21,DE-WEB-01,C002872,VM-EBK-0007,1,3073.29,0.05,EUR
SO-2023-006608,1,2023-06-18,2023-06-19,DE-WEB-01,C000675,VM-ACC-0008,1,83.62,0.05,EUR
SO-2023-006609,1,2023-06-18,2023-06-22,DE-WEB-01,C002191,VM-CMP-0012,1,112.89,0.0,EUR
SO-2023-006610,1,2023-06-18,2023-06-19,DE-WEB-01,C002873,VM-APP-0001,3,96.17,0.0,EUR
SO-2023-006610,2,2023-06-18,2023-06-19,DE-WEB-01,C002873,VM-ACC-0008,2,83.62,0.0,EUR
SO-TEST-0026,1,2023-06-18,2023-06-18,TEST-01,TEST-QA,VM-CMP-0004,1,1.0,0.0,PLN
SO-2023-006611,1,2023-06-19,2023-06-19,PL-WAW-01,C002874,VM-CMP-0017,2,477.49,0.0,PLN
SO-2023-006612,1,2023-06-19,2023-06-19,PL-WAW-01,,VM-BIK-0016,1,3428.44,0.0,PLN
SO-2023-006613,1,2023-06-19,2023-06-19,PL-WAW-01,C000129,VM-ACC-0008,2,381.99,0.0,PLN
SO-2023-006613,2,2023-06-19,2023-06-19,PL-WAW-01,C000129,VM-CMP-0004,2,687.59,0.0,PLN
SO-2023-006613,3,2023-06-19,2023-06-19,PL-WAW-01,C000129,VM-CMP-0009,2,334.24,0.0,PLN
SO-2023-006613,4,2023-06-19,2023-06-19,PL-WAW-01,C000129,VM-APP-0020,2,171.89,0.0,PLN
SO-2023-006614,1,2023-06-19,2023-06-19,PL-WAW-01,C002875,VM-CMP-0013,1,506.14,0.0,PLN
SO-2023-006614,2,2023-06-19,2023-06-19,PL-WAW-01,C002875,VM-BIK-0009,1,5386.19,0.1,PLN
SO-2023-006614,3,2023-06-19,2023-06-19,PL-WAW-01,C002875,VM-BIK-0020,1,1155.54,0.0,PLN
SO-2023-006615,1,2023-06-19,2023-06-19,PL-WAW-01,C002876,VM-CMP-0013,1,506.14,0.0,PLN
SO-2023-006615,2,2023-06-19,2023-06-19,PL-WAW-01,C002876,VM-APP-0016,1,582.54,0.0,PLN
SO-2023-006616,1,2023-06-19,2023-06-19,PL-WAW-01,C002877,VM-ACC-0003,2,276.94,0.0,PLN
SO-2023-006617,1,2023-06-19,2023-06-19,PL-WAW-02,,vm-bik-0004,1,4077.84,0.0,PLN
SO-2023-006617,2,2023-06-19,2023-06-19,PL-WAW-02,,VM-APP-0006,2,296.04,0.0,PLN
SO-2023-006618,1,2023-06-19,2023-06-19,PL-KRK-01,C002428,VM-EBK-0001,1,7324.84,0.1,PLN
SO-2023-006619,1,2023-06-19,2023-06-19,PL-KRK-01,C000382,VM-APP-0002,1,420.19,0.05,PLN
SO-2023-006620,1,2023-06-19,2023-06-19,PL-KRK-01,C002878,VM-ACC-0013,1,162.34,0.0,PLN
SO-2023-006620,2,2023-06-19,2023-06-19,PL-KRK-01,C002878,VM-BIK-0003,1,6245.69,0.0,PLN
SO-2023-006620,3,2023-06-19,2023-06-19,PL-KRK-01,C002878,VM-ACC-0008,2,381.99,0.0,PLN
SO-2023-006621,1,2023-06-19,2023-06-19,PL-WRO-01,C002051,VM-BIK-0004,1,4077.84,0.0,PLN
SO-2023-006622,1,2023-06-19,2023-06-19,PL-WRO-01,,VM-ACC-0008,1,381.99,0.0,PLN
SO-2023-006623,1,2023-06-19,2023-06-19,PL-WRO-01,C002879,VM-CMP-0013,2,506.14,0.0,PLN
SO-2023-006624,1,2023-06-19,2023-06-19,PL-WRO-01,C002612,VM-CMP-0015,1,878.59,0.0,PLN
SO-2023-006624,2,2023-06-19,2023-06-19,PL-WRO-01,C002612,VM-BIK-0013,1,4583.99,0.0,PLN
SO-2023-006625,1,2023-06-19,2023-06-19,PL-WRO-01,C002880,VM-NUT-0011,4,51.56,0.0,PLN
SO-2023-006626,1,2023-06-19,2023-06-19,PL-GDN-01,C001737,VM-EBK-0009,1,9464.04,0.05,PLN
SO-2023-006626,2,2023-06-19,2023-06-19,PL-GDN-01,C001737,VM-ACC-0014,1,105.04,0.05,PLN
SO-2023-006627,1,2023-06-19,2023-06-19,PL-GDN-01,C000745,VM-BIK-0007,1,6732.74,0.0,PLN
SO-2023-006627,2,2023-06-19,2023-06-19,PL-GDN-01,C000745,VM-ACC-0007,1,343.79,0.0,PLN
SO-2023-006627,3,2023-06-19,2023-06-19,PL-GDN-01,C000745,VM-ACC-0014,1,105.04,0.0,PLN
SO-2023-006628,1,2023-06-19,2023-06-19,PL-POZ-01,C001984, VM-ACC-0008 ,2,381.99,0.05,PLN
SO-2023-006628,2,2023-06-19,2023-06-19,PL-POZ-01,C001984,VM-ACC-0011,2,68.75,0.05,PLN
SO-2023-006629,1,2023-06-19,2023-06-22,PL-WEB-01,C002881,VM-NUT-0005,3,8.59,0.05,PLN
SO-2023-006630,1,2023-06-19,2023-06-22,PL-WEB-01,C002746,vm-nut-0004,4,6.68,0.0,PLN
SO-2023-006631,1,2023-06-19,2023-06-23,PL-WEB-01,C002882,VM-BIK-0012,1,11278.54,0.0,PLN
SO-2023-006632,1,2023-06-19,2023-06-22,PL-WEB-01,C002883,VM-ACC-0008,1,381.99,0.0,PLN
SO-2023-006632,2,2023-06-19,2023-06-22,PL-WEB-01,C002883,VM-CMP-0011,1,152.79,0.0,PLN
SO-2023-006633,1,2023-06-19,2023-06-23,PL-WEB-01,C001362,VM-NUT-0002,14,14.32,0.0,PLN
SO-2023-006633,2,2023-06-19,2023-06-23,PL-WEB-01,C001362,VM-BIK-0006,1,6293.44,0.0,PLN
SO-2023-006633,3,2023-06-19,2023-06-23,PL-WEB-01,C001362,VM-ACC-0014,1,105.04,0.0,PLN
SO-2023-006634,1,2023-06-19,2023-06-22,PL-WEB-01,C000477,VM-NUT-0007,6,12.41,0.0,PLN
SO-2023-006635,1,2023-06-19,2023-06-20,PL-WEB-01,C002800,VM-APP-0010,1,162.34,0.0,PLN
SO-2023-006635,2,2023-06-19,2023-06-20,PL-WEB-01,C002800,VM-ACC-0017,1,55.38,0.0,PLN
SO-2023-006635,3,2023-06-19,2023-06-20,PL-WEB-01,C002800,VM-CMP-0010,1,372.44,0.0,PLN
SO-2023-006636,1,2023-06-19,2023-06-21,PL-WEB-01,C002884,VM-ACC-0014,1,105.04,0.0,PLN
SO-2023-006636,2,2023-06-19,2023-06-21,PL-WEB-01,C002884,VM-BIK-0004,1,4077.84,0.1,PLN
SO-2023-006637,1,2023-06-19,2023-06-20,PL-WEB-01,C002017,VM-ACC-0008,1,381.99,0.0,PLN
SO-2023-006637,2,2023-06-19,2023-06-20,PL-WEB-01,C002017,VM-CMP-0013,2,506.14,0.0,PLN
SO-2023-006637,3,2023-06-19,2023-06-20,PL-WEB-01,C002017,VM-ACC-0004,2,744.89,0.0,PLN
SO-2023-006638,1,2023-06-19,2023-06-23,PL-WEB-01,C002885,VM-ACC-0008,2,381.99,0.05,PLN
SO-2023-006639,1,2023-06-19,2023-06-20,PL-WEB-01,C002371,VM-APP-0010,2,162.34,0.05,PLN
SO-2023-006639,2,2023-06-19,2023-06-20,PL-WEB-01,C002371,VM-BIK-0007,1,6732.74,0.05,PLN
SO-2023-006640,1,2023-06-19,2023-06-20,PL-WEB-01,C002716,VM-ACC-0007,1,343.79,0.0,PLN
SO-2023-006641,1,2023-06-19,2023-06-23,PL-MKT-01,C002866,VM-CMP-0010,1,372.44,0.0,PLN
SO-2023-006642,1,2023-06-19,2023-06-22,PL-MKT-01,C000221,VM-BIK-0016,1,3428.44,0.0,PLN
SO-2023-006643,1,2023-06-19,2023-06-22,PL-MKT-01,C001744,VM-BIK-0004,1,4077.84,0.0,PLN
SO-2023-006644,1,2023-06-19,2023-06-21,PL-MKT-01,C002517,VM-BIK-0007,1,6732.74,0.0,PLN
SO-2023-006644,2,2023-06-19,2023-06-21,PL-MKT-01,C002517,VM-NUT-0006,3,9.54,0.0,PLN
SO-2023-006644,3,2023-06-19,2023-06-21,PL-MKT-01,C002517,VM-ACC-0001,1,362.89,0.0,PLN
SO-2023-006645,1,2023-06-19,2023-06-22,PL-MKT-01,C002886,VM-NUT-0009,1,81.17,0.05,PLN
SO-2023-006646,1,2023-06-19,2023-06-22,PL-MKT-01,C002887,VM-CMP-0018,3,59.2,0.0,PLN
SO-2023-006646,2,2023-06-19,2023-06-22,PL-MKT-01,C002887,VM-CMP-0006,2,190.99,0.0,PLN
SO-2023-006647,1,2023-06-19,2023-06-23,PL-MKT-01,C002888,VM-NUT-0009,1,81.17,0.0,PLN
SO-2023-006647,2,2023-06-19,2023-06-23,PL-MKT-01,C002888,VM-APP-0002,2,420.19,0.0,PLN
SO-2023-006647,3,2023-06-19,2023-06-23,PL-MKT-01,C002888,VM-ACC-0001,1,362.89,0.0,PLN
SO-2023-006647,4,2023-06-19,2023-06-23,PL-MKT-01,C002888,VM-ACC-0010,1,238.74,0.0,PLN
SO-2023-006648,1,2023-06-19,2023-06-21,PL-MKT-01,C002889,vm-cmp-0002,2,534.79,0.0,PLN
SO-2023-006649,1,2023-06-19,2023-06-21,PL-MKT-01,C002890,VM-CMP-0013,1,506.14,0.0,PLN
SO-2023-006649,2,2023-06-19,2023-06-21,PL-MKT-01,C002890,VM-ACC-0008,2,381.99,0.0,PLN
SO-2023-006650,1,2023-06-19,2023-06-22,PL-MKT-01,C002891,vm-bik-0001,1,13073.94,0.05,PLN
SO-2023-006651,1,2023-06-19,2023-06-19,CZ-PRG-01,C002892,VM-NUT-0005,11,45.0,0.05,CZK
SO-2023-006651,2,2023-06-19,2023-06-19,CZ-PRG-01,C002892,VM-ACC-0018,1,249.0,0.05,CZK
SO-2023-006651,3,2023-06-19,2023-06-19,CZ-PRG-01,C002892,VM-NUT-0002,12,75.0,0.05,CZK
SO-2023-006652,1,2023-06-19,2023-06-19,CZ-PRG-01,C000867,VM-CMP-0018,1,309.0,0.05,CZK
SO-2023-006653,1,2023-06-19,2023-06-19,CZ-PRG-01,C000645,VM-ACC-0003,1,1445.0,0.0,CZK
SO-2023-006653,2,2023-06-19,2023-06-19,CZ-PRG-01,C000645,VM-NUT-0010,1,174.0,0.0,CZK
SO-2023-006654,1,2023-06-19,2023-06-19,CZ-PRG-01,,VM-CMP-0017,2,2492.0,0.0,CZK
SO-2023-006655,1,2023-06-19,2023-06-23,CZ-WEB-01,C002893,VM-APP-0010,2,847.0,0.0,CZK
SO-2023-006656,1,2023-06-19,2023-06-21,CZ-WEB-01,C002894,VM-APP-0001,1,2293.0,0.0,CZK
SO-2023-006656,2,2023-06-19,2023-06-21,CZ-WEB-01,C002894,VM-NUT-0003,14,55.0,0.0,CZK
SO-2023-006657,1,2023-06-19,2023-06-22,CZ-WEB-01,C000536,VM-APP-0001,5,2293.0,0.1,CZK
SO-2023-006658,1,2023-06-19,2023-06-21,CZ-WEB-01,C000358,VM-BIK-0018,1,11962.0,0.0,CZK
SO-2023-006658,2,2023-06-19,2023-06-21,CZ-WEB-01,C000358,VM-NUT-0010,3,174.0,0.0,CZK
SO-2023-006658,3,2023-06-19,2023-06-21,CZ-WEB-01,C000358,VM-ACC-0005,1,897.0,0.0,CZK
SO-2023-006658,4,2023-06-19,2023-06-21,CZ-WEB-01,C000358,VM-ACC-0014,1,548.0,0.0,CZK
SO-2023-006659,1,2023-06-19,2023-06-23,CZ-WEB-01,C000535,VM-BIK-0007,3,35140.0,0.1,CZK
SO-2023-006660,1,2023-06-19,2023-06-23,CZ-WEB-01,C002895,VM-ACC-0006,1,4735.0,0.0,CZK
SO-2023-006661,1,2023-06-19,2023-06-19,DE-BER-01,C002896,VM-CMP-0011,2,33.45,0.0,EUR
SO-2023-006662,1,2023-06-19,2023-06-19,DE-BER-01,,VM-BIK-0012,1,2469.09,0.05,EUR
SO-2023-006663,1,2023-06-19,2023-06-20,DE-WEB-01,C002897,vm-nut-0011,3,11.29,0.0,EUR
SO-2023-006663,2,2023-06-19,2023-06-20,DE-WEB-01,C002897,VM-APP-0003,1,64.81,0.0,EUR
SO-2023-006664,1,2023-06-19,2023-06-22,DE-WEB-01,C002898,VM-EBK-0011,1,3060.75,0.0,EUR
SO-2023-006665,1,2023-06-19,2023-06-20,DE-WEB-01,C002789,VM-BIK-0022,1,292.69,0.0,EUR
SO-2023-006665,2,2023-06-19,2023-06-20,DE-WEB-01,C002789,VM-BIK-0018,1,501.76,0.0,EUR
SO-2023-006665,3,2023-06-19,2023-06-20,DE-WEB-01,C002789,VM-EBK-0008,1,3156.92,0.0,EUR
SO-2023-006665,4,2023-06-19,2023-06-20,DE-WEB-01,C002789,VM-ACC-0008,2,83.62,0.0,EUR
SO-2023-006666,1,2023-06-19,2023-06-20,DE-WEB-01,C002899,VM-NUT-0011,3,11.29,0.0,EUR
SO-2023-006666,2,2023-06-19,2023-06-20,DE-WEB-01,C002899,VM-BIK-0012,1,2469.09,0.0,EUR
SO-2023-006666,3,2023-06-19,2023-06-20,DE-WEB-01,C002899,VM-ACC-0017,3,12.12,0.0,EUR
SO-2023-006666,4,2023-06-19,2023-06-20,DE-WEB-01,C002899,VM-ACC-0003,2,60.63,0.0,EUR
SO-2023-006667,1,2023-06-19,2023-06-20,DE-WEB-01,C002900,VM-CMP-0017,1,104.53,0.0,EUR
SO-2023-006667,2,2023-06-19,2023-06-20,DE-WEB-01,C002900,VM-NUT-0007,12,2.72,0.0,EUR
SO-2023-006667,3,2023-06-19,2023-06-20,DE-WEB-01,C002900,VM-EBK-0002,1,2080.22,0.0,EUR
SO-2023-006667,4,2023-06-19,2023-06-20,DE-WEB-01,C002900,VM-BIK-0014,1,800.73,0.0,EUR
SO-2023-006668,1,2023-06-20,2023-06-20,PL-WAW-01,,VM-ACC-0008,2,381.99,0.0,PLN
SO-2023-006668,2,2023-06-20,2023-06-20,PL-WAW-01,,VM-NUT-0002,6,14.32,0.0,PLN
SO-2023-006669,1,2023-06-20,2023-06-20,PL-WAW-01,C001571,VM-BIK-0012,1,11278.54,0.0,PLN
SO-2023-006669,2,2023-06-20,2023-06-20,PL-WAW-01,C001571,VM-ACC-0017,3,55.38,0.0,PLN
SO-2023-006670,1,2023-06-20,2023-06-20,PL-WAW-01,C002901,VM-NUT-0004,3,6.68,0.0,PLN
SO-2023-006671,1,2023-06-20,2023-06-20,PL-WAW-01,C002902,VM-BIK-0007,1,6732.74,0.0,PLN
SO-2023-006672,1,2023-06-20,2023-06-20,PL-WAW-01,C001486,VM-CMP-0013,2,506.14,0.0,PLN
SO-2023-006673,1,2023-06-20,2023-06-20,PL-WAW-02,,VM-BIK-0008,1,5071.04,0.0,PLN
SO-2023-006674,1,2023-06-20,2023-06-20,PL-WAW-02,C002903,VM-ACC-0007,1,343.79,0.0,PLN
SO-2023-006674,2,2023-06-20,2023-06-20,PL-WAW-02,C002903,VM-NUT-0010,2,33.42,0.0,PLN
SO-2023-006675,1,2023-06-20,2023-06-20,PL-WAW-02,C000436,VM-BIK-0007,1,6732.74,0.0,PLN
SO-2023-006676,1,2023-06-20,2023-06-20,PL-KRK-01,C002176,VM-CMP-0015,2,878.59,0.05,PLN
SO-2023-006676,2,2023-06-20,2023-06-20,PL-KRK-01,C002176,VM-ACC-0010,1,238.74,0.05,PLN
SO-2023-006676,3,2023-06-20,2023-06-20,PL-KRK-01,C002176,VM-ACC-0008,1,381.99,0.05,PLN
SO-2023-006676,4,2023-06-20,2023-06-20,PL-KRK-01,C002176,VM-NUT-0006,6,9.54,0.05,PLN
SO-2023-006677,1,2023-06-20,2023-06-20,PL-KRK-01,C002904,VM-ACC-0008,2,381.99,0.0,PLN
SO-2023-006678,1,2023-06-20,2023-06-20,PL-KRK-01,,VM-BIK-0006,1,6293.44,0.0,PLN
SO-2023-006679,1,2023-06-20,2023-06-20,PL-WRO-01,C002905,VM-BIK-0011,1,8260.74,0.0,PLN
SO-2023-006679,2,2023-06-20,2023-06-20,PL-WRO-01,C002905,VM-ACC-0018,1,47.74,0.1,PLN
SO-2023-006680,1,2023-06-20,2023-06-20,PL-WRO-01,C000921,VM-CMP-0013,1,506.14,0.1,PLN
SO-2023-006680,2,2023-06-20,2023-06-20,PL-WRO-01,C000921,VM-EBK-0011,1,13981.19,0.0,PLN
SO-2023-006681,1,2023-06-20,2023-06-20,PL-WRO-01,C002494,vm-acc-0001,1,362.89,0.0,PLN
SO-2023-006681,2,2023-06-20,2023-06-20,PL-WRO-01,C002494,VM-BIK-0007,1,6732.74,0.0,PLN
SO-2023-006681,3,2023-06-20,2023-06-20,PL-WRO-01,C002494,VM-APP-0011,1,391.54,0.0,PLN
SO-2023-006682,1,2023-06-20,2023-06-20,PL-GDN-01,C002211,VM-ACC-0005,2,171.89,0.0,PLN
SO-2023-006682,2,2023-06-20,2023-06-20,PL-GDN-01,C002211,VM-ACC-0008,1,381.99,0.0,PLN
SO-2023-006683,1,2023-06-20,2023-06-20,PL-GDN-01,C001461, VM-CMP-0021 ,2,45.83,0.0,PLN
SO-2023-006684,1,2023-06-20,2023-06-20,PL-GDN-01,C002906,VM-APP-0012,1,830.84,0.0,PLN
SO-2023-006685,1,2023-06-20,2023-06-20,PL-POZ-01,C000092,VM-NUT-0011,3,51.56,0.0,PLN
SO-2023-006685,2,2023-06-20,2023-06-20,PL-POZ-01,C000092,VM-NUT-0007,3,12.41,0.1,PLN
SO-2023-006685,3,2023-06-20,2023-06-20,PL-POZ-01,C000092,VM-ACC-0021,1,744.89,0.0,PLN
SO-2023-006685,4,2023-06-20,2023-06-20,PL-POZ-01,C000092,VM-BIK-0017,1,1824.04,0.0,PLN
SO-2023-006686,1,2023-06-20,2023-06-22,PL-WEB-01,C002907,VM-ACC-0001,2,362.89,0.0,PLN
SO-2023-006687,1,2023-06-20,2023-06-23,PL-WEB-01,C002908,VM-NUT-0010,1,33.42,0.0,PLN
SO-2023-006687,2,2023-06-20,2023-06-23,PL-WEB-01,C002908,VM-BIK-0007,1,6732.74,0.0,PLN
SO-2023-006688,1,2023-06-20,2023-06-21,PL-WEB-01,C002909,VM-APP-0019,1,63.02,0.0,PLN
SO-2023-006688,2,2023-06-20,2023-06-21,PL-WEB-01,C002909,VM-NUT-0004,5,6.68,0.0,PLN
SO-2023-006688,3,2023-06-20,2023-06-21,PL-WEB-01,C002909,VM-NUT-0009,4,81.17,0.0,PLN
SO-2023-006689,1,2023-06-20,2023-06-24,PL-WEB-01,C002470,VM-ACC-0021,1,744.89,0.0,PLN
SO-2023-006690,1,2023-06-20,2023-06-24,PL-WEB-01,C002910,VM-ACC-0002,2,582.54,0.0,PLN
SO-2023-006690,2,2023-06-20,2023-06-24,PL-WEB-01,C002910,VM-BIK-0017,1,1824.04,0.0,PLN
SO-2023-006691,1,2023-06-20,2023-06-23,PL-WEB-01,C002911,VM-BIK-0019,1,1155.54,0.0,PLN
SO-2023-006691,2,2023-06-20,2023-06-23,PL-WEB-01,C002911,VM-ACC-0004,2,744.89,0.0,PLN
SO-2023-006692,1,2023-06-20,2023-06-24,PL-WEB-01,C002715,VM-ACC-0001,2,362.89,0.05,PLN
SO-2023-006692,2,2023-06-20,2023-06-24,PL-WEB-01,C002715,VM-BIK-0013,1,4583.99,0.05,PLN
SO-2023-006693,1,2023-06-20,2023-06-22,PL-WEB-01,C002058,VM-ACC-0004,2,744.89,0.0,PLN
SO-2023-006694,1,2023-06-20,2023-06-24,PL-WEB-01,C002144,VM-CMP-0017,2,477.49,0.0,PLN
SO-2023-006695,1,2023-06-20,2023-06-22,PL-WEB-01,C000041,VM-APP-0015,1,544.34,0.1,PLN
SO-2023-006696,1,2023-06-20,2023-06-21,PL-WEB-01,C002912,VM-APP-0013,1,420.19,0.05,PLN
SO-2023-006697,1,2023-06-20,2023-06-22,PL-WEB-01,C001377,VM-EBK-0003,1,8680.94,0.05,PLN
SO-2023-006698,1,2023-06-20,2023-06-23,PL-MKT-01,C002913,VM-ACC-0008,2,381.99,0.0,PLN
SO-2023-006698,2,2023-06-20,2023-06-23,PL-MKT-01,C002913,VM-BIK-0017,1,1824.04,0.0,PLN
SO-2023-006698,3,2023-06-20,2023-06-23,PL-MKT-01,C002913,VM-CMP-0009,2,334.24,0.0,PLN
SO-2023-006698,4,2023-06-20,2023-06-23,PL-MKT-01,C002913,VM-BIK-0020,1,1155.54,0.0,PLN
SO-2023-006699,1,2023-06-20,2023-06-22,PL-MKT-01,C001983,VM-BIK-0008,1,5071.04,0.1,PLN
SO-2023-006700,1,2023-06-20,2023-06-22,PL-MKT-01,C002914,VM-CMP-0016,2,2349.29,0.0,PLN
SO-2023-006700,2,2023-06-20,2023-06-22,PL-MKT-01,C002914,VM-NUT-0004,15,6.68,0.0,PLN
SO-2023-006700,3,2023-06-20,2023-06-22,PL-MKT-01,C002914,VM-APP-0018,1,124.14,0.0,PLN
SO-2023-006700,4,2023-06-20,2023-06-22,PL-MKT-01,C002914,VM-CMP-0013,1,506.14,0.0,PLN
SO-2023-006701,1,2023-06-20,2023-06-24,PL-MKT-01,C002915,VM-NUT-0005,6,8.59,0.0,PLN
SO-2023-006701,2,2023-06-20,2023-06-24,PL-MKT-01,C002915,VM-CMP-0017,2,477.49,0.0,PLN
SO-2023-006701,3,2023-06-20,2023-06-24,PL-MKT-01,C002915,VM-BIK-0011,1,8260.74,0.0,PLN
SO-2023-006701,4,2023-06-20,2023-06-24,PL-MKT-01,C002915,VM-ACC-0003,1,276.94,0.0,PLN
SO-2023-006702,1,2023-06-20,2023-06-23,PL-MKT-01,C002916,VM-CMP-0021,1,45.83,0.0,PLN
SO-2023-006702,2,2023-06-20,2023-06-23,PL-MKT-01,C002916,VM-BIK-0007,1,6732.74,0.0,PLN
SO-2023-006703,1,2023-06-20,2023-06-22,PL-MKT-01,C002917,VM-EBK-0008,1,14420.49,0.0,PLN
SO-2023-006703,2,2023-06-20,2023-06-22,PL-MKT-01,C002917,VM-ACC-0008,1,381.99,0.0,PLN
SO-2023-006704,1,2023-06-20,2023-06-22,PL-MKT-01,C001690,VM-CMP-0013,2,506.14,0.0,PLN
SO-2023-006704,2,2023-06-20,2023-06-22,PL-MKT-01,C001690,VM-CMP-0008,2,420.19,0.0,PLN
SO-2023-006705,1,2023-06-20,2023-06-23,PL-MKT-01,C002918,VM-NUT-0004,5,6.68,0.0,PLN
SO-2023-006705,2,2023-06-20,2023-06-23,PL-MKT-01,C002918,VM-ACC-0008,1,381.99,0.0,PLN
SO-2023-006705,3,2023-06-20,2023-06-23,PL-MKT-01,C002918,VM-BIK-0009,1,5386.19,0.0,PLN
SO-2023-006706,1,2023-06-20,2023-06-20,CZ-PRG-01,C001693,VM-NUT-0002,11,75.0,0.0,CZK
SO-2023-006706,2,2023-06-20,2023-06-20,CZ-PRG-01,C001693,VM-EBK-0006,1,100385.0,0.0,CZK
SO-2023-006706,3,2023-06-20,2023-06-20,CZ-PRG-01,C001693,VM-NUT-0004,11,35.0,0.0,CZK
SO-2023-006706,4,2023-06-20,2023-06-20,CZ-PRG-01,C001693,VM-NUT-0009,4,424.0,0.0,CZK
SO-2023-006707,1,2023-06-20,2023-06-20,CZ-PRG-01,C002919,VM-ACC-0006,2,4735.0,0.0,CZK
SO-2023-006707,2,2023-06-20,2023-06-20,CZ-PRG-01,C002919,VM-ACC-0002,2,3040.0,0.0,CZK
SO-2023-006707,3,2023-06-20,2023-06-20,CZ-PRG-01,C002919,VM-ACC-0020,1,4037.0,0.0,CZK
SO-2023-006708,1,2023-06-20,2023-06-21,CZ-WEB-01,C001391,VM-NUT-0002,7,75.0,0.0,CZK
SO-2023-006709,1,2023-06-20,2023-06-21,CZ-WEB-01,C001299,VM-CMP-0020,4,1296.0,0.0,CZK
SO-2023-006710,1,2023-06-20,2023-06-21,CZ-WEB-01,C002920,VM-ACC-0008,1,1994.0,0.05,CZK
SO-2023-006711,1,2023-06-20,2023-06-21,CZ-WEB-01,C000718,VM-ACC-0018,3,249.0,0.0,CZK
SO-2023-006711,2,2023-06-20,2023-06-21,CZ-WEB-01,C000718, VM-EBK-0010 ,1,67239.0,0.0,CZK
SO-2023-006712,1,2023-06-20,2023-06-23,CZ-WEB-01,C002921,VM-ACC-0008,1,1994.0,0.05,CZK
SO-2023-006713,1,2023-06-20,2023-06-20,DE-BER-01,C002922,VM-APP-0010,2,35.54,0.05,EUR
SO-2023-006713,2,2023-06-20,2023-06-20,DE-BER-01,C002922,VM-ACC-0018,1,10.45,0.0,EUR
SO-2023-006714,1,2023-06-20,2023-06-23,DE-WEB-01,C001968,VM-ACC-0015,1,73.17,0.0,EUR
SO-2023-006714,2,2023-06-20,2023-06-23,DE-WEB-01,C001968,VM-BIK-0020,1,252.97,0.0,EUR
SO-2023-006715,1,2023-06-20,2023-06-21,DE-WEB-01,C001281,VM-APP-0010,1,35.54,0.0,EUR
SO-2023-006715,2,2023-06-20,2023-06-21,DE-WEB-01,C001281,VM-APP-0009,2,73.17,0.0,EUR
SO-2023-006716,1,2023-06-20,2023-06-21,DE-WEB-01,C002923,VM-ACC-0003,2,60.63,0.0,EUR
SO-2023-006716,2,2023-06-20,2023-06-21,DE-WEB-01,C002923,VM-ACC-0008,2,83.62,0.0,EUR
SO-2023-006717,1,2023-06-21,2023-06-21,PL-WAW-01,C000510,VM-CMP-0009,2,334.24,0.05,PLN
SO-2023-006718,1,2023-06-21,2023-06-21,PL-WAW-01,C001612,VM-CMP-0019,1,200.54,0.0,PLN
SO-2023-006718,2,2023-06-21,2023-06-21,PL-WAW-01,C001612, VM-ACC-0017 ,3,55.38,0.0,PLN
SO-2023-006718,3,2023-06-21,2023-06-21,PL-WAW-01,C001612,VM-BIK-0009,1,5386.19,0.0,PLN
SO-2023-006718,4,2023-06-21,2023-06-21,PL-WAW-01,C001612,VM-NUT-0001,15,8.59,0.0,PLN
SO-2023-006719,1,2023-06-21,2023-06-21,PL-WAW-01,,VM-BIK-0003,1,6245.69,0.0,PLN
SO-2023-006720,1,2023-06-21,2023-06-21,PL-WAW-01,C001430,VM-ACC-0007,1,343.79,0.0,PLN
SO-2023-006720,2,2023-06-21,2023-06-21,PL-WAW-01,C001430,VM-APP-0001,2,439.29,0.0,PLN
SO-2023-006720,3,2023-06-21,2023-06-21,PL-WAW-01,C001430,VM-CMP-0022,3,34.37,0.0,PLN
SO-2023-006721,1,2023-06-21,2023-06-21,PL-WAW-02,C002924,VM-APP-0009,1,334.24,0.0,PLN
SO-2023-006722,1,2023-06-21,2023-06-21,PL-WAW-02,C002925,VM-CMP-0003,1,229.19,0.0,PLN
SO-2023-006722,2,2023-06-21,2023-06-21,PL-WAW-02,C002925,VM-ACC-0020,1,773.54,0.0,PLN
SO-2023-006722,3,2023-06-21,2023-06-21,PL-WAW-02,C002925,VM-APP-0013,1,420.19,0.0,PLN
SO-2023-006722,4,2023-06-21,2023-06-21,PL-WAW-02,C002925,VM-BIK-0007,1,6732.74,0.0,PLN
SO-2023-006723,1,2023-06-21,2023-06-21,PL-WAW-02,C000580,VM-CMP-0017,1,477.49,0.0,PLN
SO-2023-006723,2,2023-06-21,2023-06-21,PL-WAW-02,C000580,VM-CMP-0008,1,420.19,0.0,PLN
SO-2023-006723,3,2023-06-21,2023-06-21,PL-WAW-02,C000580,VM-CMP-0002,2,534.79,0.1,PLN
SO-2023-006723,4,2023-06-21,2023-06-21,PL-WAW-02,C000580,VM-CMP-0013,2,506.14,0.0,PLN
SO-2023-006724,1,2023-06-21,2023-06-21,PL-WAW-02,C001778,VM-CMP-0019,1,200.54,0.05,PLN
SO-2023-006724,2,2023-06-21,2023-06-21,PL-WAW-02,C001778,VM-ACC-0008,2,381.99,0.05,PLN
SO-2023-006725,1,2023-06-21,2023-06-21,PL-WAW-02,,VM-NUT-0009,2,81.17,0.0,PLN
SO-2023-006725,2,2023-06-21,2023-06-21,PL-WAW-02,,VM-ACC-0021,1,744.89,0.0,PLN
SO-2023-006726,1,2023-06-21,2023-06-21,PL-KRK-01,C002926,VM-ACC-0022,1,1499.34,0.0,PLN
SO-2023-006726,2,2023-06-21,2023-06-21,PL-KRK-01,C002926,VM-ACC-0017,1,55.38,0.1,PLN
SO-2023-006726,3,2023-06-21,2023-06-21,PL-KRK-01,C002926,VM-ACC-0014,1,105.04,0.0,PLN
SO-2023-006727,1,2023-06-21,2023-06-21,PL-KRK-01,C002927,VM-BIK-0004,1,4077.84,0.0,PLN
SO-2023-006727,2,2023-06-21,2023-06-21,PL-KRK-01,C002927,VM-NUT-0005,8,8.59,0.0,PLN
SO-2023-006727,3,2023-06-21,2023-06-21,PL-KRK-01,C002927,VM-NUT-0002,14,14.32,0.0,PLN
SO-2023-006728,1,2023-06-21,2023-06-21,PL-KRK-01,C002928,VM-NUT-0002,7,14.32,0.0,PLN
SO-2023-006728,2,2023-06-21,2023-06-21,PL-KRK-01,C002928,VM-BIK-0018,1,2291.99,0.0,PLN
SO-2023-006728,3,2023-06-21,2023-06-21,PL-KRK-01,C002928,VM-CMP-0022,4,34.37,0.0,PLN
SO-2023-006728,4,2023-06-21,2023-06-21,PL-KRK-01,C002928,VM-APP-0007,1,152.79,0.0,PLN
SO-2023-006729,1,2023-06-21,2023-06-21,PL-KRK-01,C002929,VM-BIK-0020,1,1155.54,0.0,PLN
SO-2023-006730,1,2023-06-21,2023-06-21,PL-KRK-01,,VM-ACC-0022,1,1499.34,0.0,PLN
SO-2023-006730,2,2023-06-21,2023-06-21,PL-KRK-01,,VM-BIK-0019,1,1155.54,0.0,PLN
SO-2023-006731,1,2023-06-21,2023-06-21,PL-KRK-01,C000872,VM-ACC-0007,2,343.79,0.0,PLN
SO-2023-006732,1,2023-06-21,2023-06-21,PL-KRK-01,,VM-ACC-0018,2,47.74,0.0,PLN
SO-2023-006733,1,2023-06-21,2023-06-21,PL-KRK-01,,VM-CMP-0004,2,687.59,0.0,PLN
SO-2023-006734,1,2023-06-21,2023-06-21,PL-KRK-01,C002930,VM-NUT-0004,6,6.68,0.0,PLN
SO-2023-006735,1,2023-06-21,2023-06-21,PL-KRK-01,C002068,VM-NUT-0002,3,14.32,0.0,PLN
SO-2023-006735,2,2023-06-21,2023-06-21,PL-KRK-01,C002068,VM-BIK-0006,1,6293.44,0.0,PLN
SO-2023-006735,3,2023-06-21,2023-06-21,PL-KRK-01,C002068,VM-APP-0010,2,162.34,0.0,PLN
SO-2023-006736,1,2023-06-21,2023-06-21,PL-WRO-01,C002931,VM-BIK-0017,1,1824.04,0.0,PLN
SO-2023-006737,1,2023-06-21,2023-06-21,PL-WRO-01,C000366,VM-BIK-0005,1,7076.54,0.0,PLN
SO-2023-006738,1,2023-06-21,2023-06-21,PL-WRO-01,C000366,VM-CMP-0011,1,152.79,0.05,PLN
SO-2023-006738,2,2023-06-21,2023-06-21,PL-WRO-01,C000366,VM-BIK-0019,1,1155.54,0.0,PLN
SO-2023-006739,1,2023-06-21,2023-06-21,PL-WRO-01,C002197,vm-acc-0019,1,47.74,0.0,PLN
SO-2023-006740,1,2023-06-21,2023-06-21,PL-WRO-01,C002171,VM-BIK-0004,1,4077.84,0.0,PLN
SO-2023-006741,1,2023-06-21,2023-06-21,PL-WRO-01,C002932,VM-APP-0010,2,162.34,0.0,PLN
SO-2023-006741,2,2023-06-21,2023-06-21,PL-WRO-01,C002932,vm-bik-0007,1,6732.74,0.0,PLN
SO-2023-006742,1,2023-06-21,2023-06-21,PL-GDN-01,,VM-ACC-0004,2,744.89,0.0,PLN
SO-2023-006742,2,2023-06-21,2023-06-21,PL-GDN-01,,VM-ACC-0015,1,334.24,0.0,PLN
SO-2023-006743,1,2023-06-21,2023-06-21,PL-GDN-01,C002933,VM-BIK-0001,1,13073.94,0.0,PLN
SO-2023-006744,1,2023-06-21,2023-06-21,PL-GDN-01,C002934, VM-EBK-0003 ,1,8680.94,0.0,PLN
SO-2023-006745,1,2023-06-21,2023-06-23,PL-WEB-01,C002935,VM-CMP-0017,2,477.49,0.0,PLN
SO-2023-006745,2,2023-06-21,2023-06-23,PL-WEB-01,C002935,VM-EBK-0002,1,9502.24,0.0,PLN
SO-2023-006745,3,2023-06-21,2023-06-23,PL-WEB-01,C002935,VM-EBK-0007,1,14038.49,0.0,PLN
SO-2023-006745,4,2023-06-21,2023-06-23,PL-WEB-01,C002935,VM-CMP-0016,2,2349.29,0.0,PLN
SO-2023-006746,1,2023-06-21,2023-06-22,PL-WEB-01,C000453,VM-BIK-0009,1,5386.19,0.0,PLN
SO-2023-006747,1,2023-06-21,2023-06-25,PL-WEB-01,C002936,VM-BIK-0004,1,4077.84,0.0,PLN
SO-2023-006747,2,2023-06-21,2023-06-25,PL-WEB-01,C002936,VM-NUT-0007,10,12.41,0.0,PLN
SO-2023-006747,3,2023-06-21,2023-06-25,PL-WEB-01,C002936,VM-ACC-0008,1,381.99,0.0,PLN
SO-2023-006748,1,2023-06-21,2023-06-25,PL-WEB-01,C002937,VM-BIK-0007,1,6732.74,0.0,PLN
SO-2023-006748,2,2023-06-21,2023-06-25,PL-WEB-01,C002937,VM-ACC-0003,1,276.94,0.0,PLN
SO-2023-006749,1,2023-06-21,2023-06-24,PL-WEB-01,C001806,VM-BIK-0012,1,11278.54,0.05,PLN
SO-2023-006749,2,2023-06-21,2023-06-24,PL-WEB-01,C001806,VM-ACC-0014,1,105.04,0.05,PLN
SO-2023-006750,1,2023-06-21,2023-06-24,PL-WEB-01,C002214,VM-BIK-0011,1,8260.74,0.0,PLN
SO-2023-006751,1,2023-06-21,2023-06-22,PL-WEB-01,C002938,VM-ACC-0020,1,773.54,0.05,PLN
SO-2023-006751,2,2023-06-21,2023-06-22,PL-WEB-01,C002938,VM-ACC-0004,1,744.89,0.05,PLN
SO-2023-006751,3,2023-06-21,2023-06-22,PL-WEB-01,C002938,VM-ACC-0003,1,276.94,0.05,PLN
SO-2023-006752,1,2023-06-21,2023-06-25,PL-WEB-01,C002018,VM-ACC-0014,1,105.04,0.0,PLN
SO-2023-006752,2,2023-06-21,2023-06-25,PL-WEB-01,C002018,VM-CMP-0020,2,248.29,0.0,PLN
SO-2023-006753,1,2023-06-21,2023-06-22,PL-WEB-01,C001484,VM-APP-0013,1,420.19,0.0,PLN
SO-2023-006754,1,2023-06-21,2023-06-22,PL-WEB-01,C002123,VM-APP-0006,1,296.04,0.05,PLN
SO-2023-006754,2,2023-06-21,2023-06-22,PL-WEB-01,C002123,VM-ACC-0006,1,907.24,0.05,PLN
SO-2023-006754,3,2023-06-21,2023-06-22,PL-WEB-01,C002123,VM-ACC-0022,1,1499.34,0.05,PLN
SO-2023-006754,4,2023-06-21,2023-06-22,PL-WEB-01,C002123,VM-BIK-0007,1,6732.74,0.05,PLN
SO-2023-006755,1,2023-06-21,2023-06-25,PL-WEB-01,C000963,VM-CMP-0007,2,601.64,0.0,PLN
SO-2023-006755,2,2023-06-21,2023-06-25,PL-WEB-01,C000963,VM-ACC-0001,1,362.89,0.0,PLN
SO-2023-006755,3,2023-06-21,2023-06-25,PL-WEB-01,C000963,VM-ACC-0020,1,773.54,0.1,PLN
SO-2023-006756,1,2023-06-21,2023-06-24,PL-MKT-01,C002939,VM-CMP-0016,2,2349.29,0.0,PLN
SO-2023-006757,1,2023-06-21,2023-06-25,PL-MKT-01,C002940,VM-BIK-0012,1,11278.54,0.0,PLN
SO-2023-006758,1,2023-06-21,2023-06-23,PL-MKT-01,C002941,VM-BIK-0020,1,1155.54,0.0,PLN
SO-2023-006758,2,2023-06-21,2023-06-23,PL-MKT-01,C002941,VM-ACC-0019,2,47.74,0.1,PLN
SO-2023-006758,3,2023-06-21,2023-06-23,PL-MKT-01,C002941,VM-ACC-0014,1,105.04,0.0,PLN
SO-2023-006758,4,2023-06-21,2023-06-23,PL-MKT-01,C002941,VM-ACC-0003,2,276.94,0.0,PLN
SO-2023-006759,1,2023-06-21,2023-06-24,PL-MKT-01,C001684,VM-BIK-0006,1,6293.44,0.0,PLN
SO-2023-006760,1,2023-06-21,2023-06-22,PL-MKT-01,C002942,VM-APP-0007,2,152.79,0.0,PLN
SO-2023-006760,2,2023-06-21,2023-06-22,PL-MKT-01,C002942,VM-NUT-0009,2,81.17,0.0,PLN
SO-2023-006761,1,2023-06-21,2023-06-23,PL-MKT-01,C000981,VM-APP-0007,1,152.79,0.0,PLN
SO-2023-006761,2,2023-06-21,2023-06-23,PL-MKT-01,C000981,VM-BIK-0004,1,4077.84,0.0,PLN
SO-2023-006762,1,2023-06-21,2023-06-22,PL-MKT-01,C002316,VM-NUT-0005,7,8.59,0.0,PLN
SO-2023-006763,1,2023-06-21,2023-06-23,PL-MKT-01,C002943, VM-EBK-0007 ,1,14038.49,0.0,PLN
SO-2023-006764,1,2023-06-21,2023-06-23,PL-MKT-01,C002593,VM-CMP-0006,1,190.99,0.05,PLN
SO-2023-006764,2,2023-06-21,2023-06-23,PL-MKT-01,C002593,VM-BIK-0009,1,5386.19,0.05,PLN
SO-2023-006765,1,2023-06-21,2023-06-25,PL-MKT-01,C002944,VM-APP-0018,1,124.14,0.05,PLN
SO-2023-006765,2,2023-06-21,2023-06-25,PL-MKT-01,C002944,VM-NUT-0010,1,33.42,0.05,PLN
SO-2023-006766,1,2023-06-21,2023-06-24,PL-MKT-01,C001817,VM-ACC-0021,1,744.89,0.05,PLN
SO-2023-006767,1,2023-06-21,2023-06-21,CZ-PRG-01,,VM-ACC-0006,1,4735.0,0.0,CZK
SO-2023-006768,1,2023-06-21,2023-06-21,CZ-PRG-01,C002945,VM-BIK-0007,1,35140.0,0.0,CZK
SO-2023-006769,1,2023-06-21,2023-06-21,CZ-PRG-01,C002946,VM-NUT-0004,4,35.0,0.0,CZK
SO-2023-006769,2,2023-06-21,2023-06-21,CZ-PRG-01,C002946,VM-CMP-0017,2,2492.0,0.0,CZK
SO-2023-006770,1,2023-06-21,2023-06-23,CZ-WEB-01,C002947,VM-BIK-0022,1,6978.0,0.0,CZK
SO-2023-006770,2,2023-06-21,2023-06-23,CZ-WEB-01,C002947,VM-ACC-0014,1,548.0,0.0,CZK
SO-2023-006771,1,2023-06-21,2023-06-23,CZ-WEB-01,C002948,VM-ACC-0013,1,847.0,0.0,CZK
SO-2023-006772,1,2023-06-21,2023-06-22,CZ-WEB-01,C002949,VM-APP-0006,3,1545.0,0.0,CZK
SO-2023-006773,1,2023-06-21,2023-06-21,DE-BER-01,,VM-EBK-0001,1,1603.55,0.0,EUR
SO-2023-006773,2,2023-06-21,2023-06-21,DE-BER-01,,VM-ACC-0003,1,60.63,0.0,EUR
SO-2023-006774,1,2023-06-21,2023-06-21,DE-BER-01,C002646,VM-BIK-0012,1,2469.09,0.05,EUR
SO-2023-006774,2,2023-06-21,2023-06-21,DE-BER-01,C002646,VM-ACC-0013,1,35.54,0.05,EUR
SO-2023-006774,3,2023-06-21,2023-06-21,DE-BER-01,C002646,VM-ACC-0014,1,23.0,0.05,EUR
SO-2023-006775,1,2023-06-21,2023-06-21,DE-BER-01,C002081,VM-BIK-0007,1,1473.92,0.05,EUR
SO-2023-006775,2,2023-06-21,2023-06-21,DE-BER-01,C002081,VM-ACC-0008,2,83.62,0.0,EUR
SO-2023-006776,1,2023-06-21,2023-06-25,DE-WEB-01,C002950,VM-CMP-0016,1,514.3,0.0,EUR
SO-2023-006777,1,2023-06-21,2023-06-24,DE-WEB-01,C001469,VM-NUT-0005,5,1.88,0.0,EUR
SO-2023-006778,1,2023-06-21,2023-06-22,DE-WEB-01,C001591,VM-CMP-0009,2,73.17,0.0,EUR
SO-2023-006779,1,2023-06-21,2023-06-25,DE-WEB-01,C002951,VM-BIK-0020,1,252.97,0.05,EUR
SO-2023-006779,2,2023-06-21,2023-06-25,DE-WEB-01,C002951,vm-cmp-0013,1,110.8,0.05,EUR
SO-2023-006779,3,2023-06-21,2023-06-25,DE-WEB-01,C002951,VM-ACC-0007,1,75.26,0.05,EUR
SO-2023-006779,4,2023-06-21,2023-06-25,DE-WEB-01,C002951,VM-BIK-0001,1,2862.13,0.05,EUR
SO-2023-006780,1,2023-06-21,2023-06-22,DE-WEB-01,C000887,VM-EBK-0001,1,1603.55,0.0,EUR
SO-2023-006781,1,2023-06-21,2023-06-24,DE-WEB-01,C002952,VM-ACC-0008,1,83.62,0.0,EUR
SO-2023-006781,2,2023-06-21,2023-06-24,DE-WEB-01,C002952,VM-ACC-0007,2,75.26,0.0,EUR
SO-2023-006781,3,2023-06-21,2023-06-24,DE-WEB-01,C002952,VM-BIK-0007,1,1473.92,0.0,EUR
SO-2023-006782,1,2023-06-21,2023-06-23,DE-WEB-01,C001989,VM-NUT-0001,15,1.88,0.1,EUR
SO-2023-006783,1,2023-06-21,2023-06-25,DE-WEB-01,C002953,VM-BIK-0004,1,892.72,0.0,EUR
SO-2023-006784,1,2023-06-21,2023-06-22,DE-WEB-01,C002954,VM-CMP-0006,1,41.81,0.0,EUR
SO-2023-006784,2,2023-06-21,2023-06-22,DE-WEB-01,C002954,VM-ACC-0008,1,83.62,0.0,EUR
SO-2023-006784,3,2023-06-21,2023-06-22,DE-WEB-01,C002954,VM-NUT-0002,14,3.13,0.0,EUR
SO-2023-006784,4,2023-06-21,2023-06-22,DE-WEB-01,C002954,VM-EBK-0009,1,2071.86,0.0,EUR
SO-2023-006785,1,2023-06-22,2023-06-22,PL-WAW-01,C002955,VM-APP-0010,2,162.34,0.0,PLN
SO-2023-006786,1,2023-06-22,2023-06-22,PL-WAW-01,C002956,vm-cmp-0007,2,601.64,0.05,PLN
SO-2023-006786,2,2023-06-22,2023-06-22,PL-WAW-01,C002956,VM-BIK-0007,1,6732.74,0.05,PLN
SO-2023-006787,1,2023-06-22,2023-06-22,PL-WAW-01,C002655,VM-CMP-0011,1,152.79,0.0,PLN
SO-2023-006788,1,2023-06-22,2023-06-22,PL-WAW-01,C002121,VM-CMP-0008,2,420.19,0.1,PLN
SO-2023-006788,2,2023-06-22,2023-06-22,PL-WAW-01,C002121,VM-NUT-0003,13,10.5,0.0,PLN
SO-2023-006789,1,2023-06-22,2023-06-22,PL-WAW-01,,VM-BIK-0013,1,4583.99,0.0,PLN
SO-2023-006790,1,2023-06-22,2023-06-22,PL-WAW-01,C002957,VM-BIK-0014,1,3657.64,0.0,PLN
SO-2023-006791,1,2023-06-22,2023-06-22,PL-WAW-01,C001140,VM-CMP-0017,6,477.49,0.08,PLN
SO-2023-006792,1,2023-06-22,2023-06-22,PL-WAW-01,,VM-ACC-0001,2,362.89,0.0,PLN
SO-2023-006792,2,2023-06-22,2023-06-22,PL-WAW-01,,VM-CMP-0004,2,687.59,0.0,PLN
SO-2023-006793,1,2023-06-22,2023-06-22,PL-WAW-02,C002958,VM-APP-0016,1,582.54,0.0,PLN
SO-2023-006794,1,2023-06-22,2023-06-22,PL-WAW-02,,VM-ACC-0010,2,238.74,0.0,PLN
SO-2023-006794,2,2023-06-22,2023-06-22,PL-WAW-02,,VM-CMP-0019,3,200.54,0.0,PLN
SO-2023-006795,1,2023-06-22,2023-06-22,PL-WAW-02,C002959,VM-ACC-0008,1,381.99,0.0,PLN
SO-2023-006795,2,2023-06-22,2023-06-22,PL-WAW-02,C002959,VM-NUT-0009,4,81.17,0.0,PLN
SO-2023-006796,1,2023-06-22,2023-06-22,PL-WAW-02,C002960,VM-NUT-0005,7,8.59,0.0,PLN
SO-2023-006797,1,2023-06-22,2023-06-22,PL-WAW-02,,VM-BIK-0020,1,1155.54,0.0,PLN
SO-2023-006797,2,2023-06-22,2023-06-22,PL-WAW-02,,VM-CMP-0009,1,334.24,0.0,PLN
SO-2023-006798,1,2023-06-22,2023-06-22,PL-KRK-01,C001418,VM-APP-0013,1,420.19,0.05,PLN
SO-2023-006798,2,2023-06-22,2023-06-22,PL-KRK-01,C001418,VM-EBK-0003,1,8680.94,0.05,PLN
SO-2023-006799,1,2023-06-22,2023-06-22,PL-WRO-01,C002961,VM-BIK-0007,1,6732.74,0.0,PLN
SO-2023-006800,1,2023-06-22,2023-06-22,PL-WRO-01,C001511,VM-ACC-0013,5,162.34,0.12,PLN
SO-2023-006800,2,2023-06-22,2023-06-22,PL-WRO-01,C001511,VM-BIK-0012,2,11278.54,0.08,PLN
SO-2023-006801,1,2023-06-22,2023-06-22,PL-WRO-01,C000756,VM-APP-0004,1,229.19,0.0,PLN
SO-2023-006802,1,2023-06-22,2023-06-22,PL-WRO-01,C002397,VM-NUT-0003,3,10.5,0.0,PLN
SO-2023-006803,1,2023-06-22,2023-06-22,PL-GDN-01,C002962,VM-ACC-0001,1,362.89,0.0,PLN
SO-2023-006804,1,2023-06-22,2023-06-22,PL-GDN-01,C001619,VM-ACC-0022,1,1499.34,0.05,PLN
SO-2023-006805,1,2023-06-22,2023-06-22,PL-GDN-01,,VM-BIK-0019,1,1155.54,0.0,PLN
SO-2023-006805,2,2023-06-22,2023-06-22,PL-GDN-01,,VM-ACC-0003,1,276.94,0.0,PLN
SO-2023-006806,1,2023-06-22,2023-06-22,PL-GDN-01,,VM-CMP-0018,2,59.2,0.0,PLN
SO-2023-006807,1,2023-06-22,2023-06-22,PL-GDN-01,C002242,VM-CMP-0013,1,506.14,0.0,PLN
SO-2023-006808,1,2023-06-22,2023-06-22,PL-POZ-01,C002353,VM-ACC-0018,1,47.74,0.0,PLN
SO-2023-006809,1,2023-06-22,2023-06-22,PL-POZ-01,C002125,VM-BIK-0009,1,5386.19,0.0,PLN
SO-2023-006809,2,2023-06-22,2023-06-22,PL-POZ-01,C002125,VM-ACC-0003,2,276.94,0.0,PLN
SO-2023-006810,1,2023-06-22,2023-06-22,PL-POZ-01,,VM-BIK-0019,1,1155.54,0.0,PLN
SO-2023-006811,1,2023-06-22,2023-06-22,PL-POZ-01,C002963,VM-APP-0002,2,420.19,0.0,PLN
SO-2023-006811,2,2023-06-22,2023-06-22,PL-POZ-01,C002963,VM-NUT-0009,3,81.17,0.0,PLN
SO-2023-006811,3,2023-06-22,2023-06-22,PL-POZ-01,C002963,VM-ACC-0018,2,47.74,0.0,PLN
SO-2023-006812,1,2023-06-22,2023-06-25,PL-WEB-01,C002918,VM-APP-0008,1,152.79,0.0,PLN
SO-2023-006812,2,2023-06-22,2023-06-25,PL-WEB-01,C002918,VM-BIK-0022,1,1336.99,0.0,PLN
SO-2023-006813,1,2023-06-22,2023-06-25,PL-WEB-01,C001613,VM-BIK-0018,1,2291.99,0.0,PLN
SO-2023-006814,1,2023-06-22,2023-06-26,PL-WEB-01,C002964,VM-BIK-0007,1,6732.74,0.0,PLN
SO-2023-006815,1,2023-06-22,2023-06-25,PL-WEB-01,C002965,VM-CMP-0009,1,334.24,0.0,PLN
SO-2023-006815,2,2023-06-22,2023-06-25,PL-WEB-01,C002965,VM-ACC-0007,2,343.79,0.0,PLN
SO-2023-006816,1,2023-06-22,2023-06-23,PL-WEB-01,C000668,VM-BIK-0020,1,1155.54,0.05,PLN
SO-2023-006816,2,2023-06-22,2023-06-23,PL-WEB-01,C000668, VM-ACC-0004 ,1,744.89,0.05,PLN
SO-2023-006817,1,2023-06-22,2023-06-26,PL-WEB-01,C000748,VM-EBK-0003,4,8680.94,0.12,PLN
SO-2023-006817,2,2023-06-22,2023-06-26,PL-WEB-01,C000748,VM-ACC-0003,4,276.94,0.1,PLN
SO-2023-006817,3,2023-06-22,2023-06-26,PL-WEB-01,C000748,VM-APP-0002,8,420.19,0.08,PLN
SO-2023-006818,1,2023-06-22,2023-06-25,PL-WEB-01,C000667,VM-ACC-0008,1,381.99,0.0,PLN
SO-2023-006818,2,2023-06-22,2023-06-25,PL-WEB-01,C000667,VM-NUT-0010,4,33.42,0.0,PLN
SO-2023-006819,1,2023-06-22,2023-06-24,PL-WEB-01,C002966,VM-ACC-0009,2,381.99,0.0,PLN
SO-2023-006820,1,2023-06-22,2023-06-25,PL-WEB-01,C001755,VM-APP-0001,3,439.29,0.0,PLN
SO-2023-006820,2,2023-06-22,2023-06-25,PL-WEB-01,C001755,VM-EBK-0008,1,14420.49,0.0,PLN
SO-2023-006820,3,2023-06-22,2023-06-25,PL-WEB-01,C001755,VM-BIK-0012,1,11278.54,0.0,PLN
SO-2023-006821,1,2023-06-22,2023-06-23,PL-WEB-01,C001046,VM-ACC-0018,4,47.74,0.1,PLN
SO-2023-006822,1,2023-06-22,2023-06-23,PL-WEB-01,C001815,VM-BIK-0013,1,4583.99,0.0,PLN
SO-2023-006822,2,2023-06-22,2023-06-23,PL-WEB-01,C001815,VM-ACC-0003,1,276.94,0.0,PLN
SO-2023-006823,1,2023-06-22,2023-06-24,PL-MKT-01,C002967,VM-BIK-0010,1,6035.59,0.0,PLN
SO-2023-006824,1,2023-06-22,2023-06-25,PL-MKT-01,C002968,VM-CMP-0009,1,334.24,0.0,PLN
SO-2023-006825,1,2023-06-22,2023-06-26,PL-MKT-01,C002693,VM-APP-0013,1,420.19,0.0,PLN
SO-2023-006825,2,2023-06-22,2023-06-26,PL-MKT-01,C002693,VM-CMP-0020,1,248.29,0.0,PLN
SO-2023-006826,1,2023-06-22,2023-06-26,PL-MKT-01,C002813,VM-BIK-0013,1,4583.99,0.05,PLN
SO-2023-006827,1,2023-06-22,2023-06-25,PL-MKT-01,C002969,VM-CMP-0022,2,34.37,0.08,PLN
SO-2023-006827,2,2023-06-22,2023-06-25,PL-MKT-01,C002969,VM-NUT-0009,5,81.17,0.12,PLN
SO-2023-006828,1,2023-06-22,2023-06-26,PL-MKT-01,C000310,VM-EBK-0002,1,9502.24,0.0,PLN
SO-2023-006828,2,2023-06-22,2023-06-26,PL-MKT-01,C000310,VM-ACC-0017,3,55.38,0.0,PLN
SO-2023-006829,1,2023-06-22,2023-06-22,CZ-PRG-01,C000896,VM-CMP-0015,1,4586.0,0.05,CZK
SO-2023-006829,2,2023-06-22,2023-06-22,CZ-PRG-01,C000896,VM-NUT-0004,9,35.0,0.05,CZK
SO-2023-006829,3,2023-06-22,2023-06-22,CZ-PRG-01,C000896,VM-APP-0002,2,2193.0,0.05,CZK
SO-2023-006830,1,2023-06-22,2023-06-22,CZ-PRG-01,C002498,VM-APP-0019,1,329.0,0.0,CZK
SO-2023-006831,1,2023-06-22,2023-06-22,CZ-PRG-01,,VM-APP-0008,2,797.0,0.0,CZK
SO-2023-006832,1,2023-06-22,2023-06-25,CZ-WEB-01,C000998,VM-BIK-0020,1,6031.0,0.0,CZK
SO-2023-006833,1,2023-06-22,2023-06-25,CZ-WEB-01,C002970,VM-CMP-0011,2,797.0,0.0,CZK
SO-2023-006833,2,2023-06-22,2023-06-25,CZ-WEB-01,C002970,VM-BIK-0007,1,35140.0,0.0,CZK
SO-2023-006833,3,2023-06-22,2023-06-25,CZ-WEB-01,C002970,VM-BIK-0022,1,6978.0,0.0,CZK
SO-2023-006834,1,2023-06-22,2023-06-26,CZ-WEB-01,C001798,VM-CMP-0023,3,294.0,0.0,CZK
SO-2023-006835,1,2023-06-22,2023-06-24,CZ-WEB-01,C002766,VM-APP-0002,3,2193.0,0.0,CZK
SO-2023-006835,2,2023-06-22,2023-06-24,CZ-WEB-01,C002766,VM-ACC-0009,2,1994.0,0.0,CZK
SO-2023-006835,3,2023-06-22,2023-06-24,CZ-WEB-01,C002766,VM-ACC-0010,2,1246.0,0.0,CZK
SO-2023-006835,4,2023-06-22,2023-06-24,CZ-WEB-01,C002766,VM-BIK-0003,1,32598.0,0.0,CZK
SO-2023-006836,1,2023-06-22,2023-06-22,DE-BER-01,,VM-BIK-0008,1,1110.15,0.0,EUR
SO-2023-006836,2,2023-06-22,2023-06-22,DE-BER-01,,VM-NUT-0007,9,2.72,0.0,EUR
SO-2023-006837,1,2023-06-22,2023-06-22,DE-BER-01,C002971,VM-ACC-0018,1,10.45,0.05,EUR
SO-2023-006837,2,2023-06-22,2023-06-22,DE-BER-01,C002971,VM-ACC-0005,2,37.63,0.05,EUR
SO-2023-006838,1,2023-06-22,2023-06-22,DE-BER-01,C002972,VM-APP-0006,1,64.81,0.0,EUR
SO-2023-006838,2,2023-06-22,2023-06-22,DE-BER-01,C002972,VM-APP-0001,1,96.17,0.0,EUR
SO-2023-006839,1,2023-06-22,2023-06-22,DE-BER-01,C002973,VM-NUT-0006,8,2.09,0.0,EUR
SO-2023-006839,2,2023-06-22,2023-06-22,DE-BER-01,C002973,VM-ACC-0008,1,83.62,0.0,EUR
SO-2023-006840,1,2023-06-22,2023-06-22,DE-BER-01,C002974,VM-APP-0017,2,39.72,0.0,EUR
SO-2023-006840,2,2023-06-22,2023-06-22,DE-BER-01,C002974,VM-BIK-0011,1,1808.43,0.0,EUR
SO-2023-006840,3,2023-06-22,2023-06-22,DE-BER-01,C002974,VM-CMP-0008,1,91.99,0.0,EUR
SO-2023-006841,1,2023-06-22,2023-06-23,DE-WEB-01,C002975,VM-BIK-0001,1,2862.13,0.0,EUR
SO-2023-006842,1,2023-06-22,2023-06-24,DE-WEB-01,C000062,VM-NUT-0006,9,2.09,0.0,EUR
SO-2023-006842,2,2023-06-22,2023-06-24,DE-WEB-01,C000062,VM-BIK-0015,1,646.02,0.0,EUR
SO-2023-006842,3,2023-06-22,2023-06-24,DE-WEB-01,C000062,VM-ACC-0018,1,10.45,0.0,EUR
SO-2023-006842,4,2023-06-22,2023-06-24,DE-WEB-01,C000062,VM-APP-0010,1,35.54,0.0,EUR
SO-2023-006843,1,2023-06-23,2023-06-23,PL-WAW-01,C002976,VM-APP-0001,1,439.29,0.0,PLN
SO-2023-006843,2,2023-06-23,2023-06-23,PL-WAW-01,C002976,VM-ACC-0008,2,381.99,0.0,PLN
SO-2023-006844,1,2023-06-23,2023-06-23,PL-WAW-01,C002977,VM-BIK-0011,1,8260.74,0.0,PLN
SO-2023-006844,2,2023-06-23,2023-06-23,PL-WAW-01,C002977,VM-CMP-0012,2,515.69,0.0,PLN
SO-2023-006845,1,2023-06-23,2023-06-23,PL-WAW-01,C002272,VM-ACC-0021,1,744.89,0.0,PLN
SO-2023-006846,1,2023-06-23,2023-06-23,PL-WAW-01,,VM-EBK-0002,1,9502.24,0.0,PLN
SO-2023-006846,2,2023-06-23,2023-06-23,PL-WAW-01,,VM-BIK-0005,1,7076.54,0.0,PLN
SO-2023-006846,3,2023-06-23,2023-06-23,PL-WAW-01,,VM-ACC-0008,1,381.99,0.0,PLN
SO-2023-006847,1,2023-06-23,2023-06-23,PL-WAW-01,C000003,VM-CMP-0013,2,506.14,0.05,PLN
SO-2023-006847,2,2023-06-23,2023-06-23,PL-WAW-01,C000003,VM-NUT-0002,9,14.32,0.05,PLN
SO-2023-006848,1,2023-06-23,2023-06-23,PL-WAW-01,C000408,VM-CMP-0020,1,248.29,0.0,PLN
SO-2023-006849,1,2023-06-23,2023-06-23,PL-WAW-01,C002635,VM-NUT-0004,6,6.68,0.0,PLN
SO-2023-006849,2,2023-06-23,2023-06-23,PL-WAW-01,C002635,VM-BIK-0019,1,1155.54,0.1,PLN
SO-2023-006849,3,2023-06-23,2023-06-23,PL-WAW-01,C002635,VM-ACC-0019,1,47.74,0.0,PLN
SO-2023-006850,1,2023-06-23,2023-06-23,PL-WAW-01,C002978,VM-APP-0002,2,420.19,0.0,PLN
SO-2023-006851,1,2023-06-23,2023-06-23,PL-WAW-01,C002722,VM-CMP-0001,2,381.99,0.05,PLN
SO-2023-006852,1,2023-06-23,2023-06-23,PL-WAW-01,C002979,VM-NUT-0009,2,81.17,0.0,PLN
SO-2023-006853,1,2023-06-23,2023-06-23,PL-WAW-02,C002980,VM-NUT-0007,10,12.41,0.1,PLN
SO-2023-006854,1,2023-06-23,2023-06-23,PL-WAW-02,C001109,vm-ebk-0001,1,7324.84,0.0,PLN
SO-2023-006855,1,2023-06-23,2023-06-23,PL-WAW-02,C002981,VM-BIK-0006,1,6293.44,0.0,PLN
SO-2023-006856,1,2023-06-23,2023-06-23,PL-WAW-02,C002187,VM-ACC-0019,3,47.74,0.05,PLN
SO-2023-006856,2,2023-06-23,2023-06-23,PL-WAW-02,C002187,VM-BIK-0012,1,11278.54,0.05,PLN
SO-2023-006857,1,2023-06-23,2023-06-23,PL-WAW-02,C002982,VM-APP-0005,2,171.89,0.0,PLN
SO-2023-006857,2,2023-06-23,2023-06-23,PL-WAW-02,C002982,VM-NUT-0004,5,6.68,0.0,PLN
SO-2023-006858,1,2023-06-23,2023-06-23,PL-WAW-02,C002983,VM-APP-0017,10,181.44,0.1,PLN
SO-2023-006859,1,2023-06-23,2023-06-23,PL-KRK-01,C002984,VM-CMP-0002,1,534.79,0.0,PLN
SO-2023-006859,2,2023-06-23,2023-06-23,PL-KRK-01,C002984,VM-ACC-0007,1,343.79,0.0,PLN
SO-2023-006859,3,2023-06-23,2023-06-23,PL-KRK-01,C002984,VM-ACC-0002,2,582.54,0.0,PLN
SO-2023-006860,1,2023-06-23,2023-06-23,PL-KRK-01,C001250,VM-CMP-0013,2,506.14,0.0,PLN
SO-2023-006861,1,2023-06-23,2023-06-23,PL-KRK-01,C002985,VM-APP-0018,1,124.14,0.0,PLN
SO-2023-006861,2,2023-06-23,2023-06-23,PL-KRK-01,C002985,VM-ACC-0020,1,773.54,0.0,PLN
SO-2023-006861,3,2023-06-23,2023-06-23,PL-KRK-01,C002985,vm-ebk-0007,1,14038.49,0.0,PLN
SO-2023-006861,4,2023-06-23,2023-06-23,PL-KRK-01,C002985,VM-EBK-0002,1,9502.24,0.0,PLN
SO-2023-006862,1,2023-06-23,2023-06-23,PL-KRK-01,,VM-BIK-0006,1,6293.44,0.0,PLN
SO-2023-006862,2,2023-06-23,2023-06-23,PL-KRK-01,,VM-ACC-0006,1,907.24,0.05,PLN
SO-2023-006863,1,2023-06-23,2023-06-23,PL-KRK-01,C002986,VM-BIK-0013,1,4583.99,0.0,PLN
SO-2023-006864,1,2023-06-23,2023-06-23,PL-KRK-01,C000602,VM-CMP-0016,1,2349.29,0.0,PLN
SO-2023-006864,2,2023-06-23,2023-06-23,PL-KRK-01,C000602,VM-APP-0013,1,420.19,0.0,PLN
SO-2023-006864,3,2023-06-23,2023-06-23,PL-KRK-01,C000602,VM-CMP-0023,4,56.34,0.0,PLN
SO-2023-006865,1,2023-06-23,2023-06-23,PL-KRK-01,,VM-ACC-0008,1,381.99,0.0,PLN
SO-2023-006866,1,2023-06-23,2023-06-23,PL-KRK-01,,VM-ACC-0014,1,105.04,0.0,PLN
SO-2023-006867,1,2023-06-23,2023-06-23,PL-KRK-01,C002987,VM-EBK-0003,1,8680.94,0.0,PLN
SO-2023-006867,2,2023-06-23,2023-06-23,PL-KRK-01,C002987,VM-ACC-0002,2,582.54,0.0,PLN
SO-2023-006868,1,2023-06-23,2023-06-23,PL-WRO-01,C002988,VM-APP-0003,2,296.04,0.0,PLN
SO-2023-006869,1,2023-06-23,2023-06-23,PL-WRO-01,,VM-APP-0005,1,171.89,0.0,PLN
SO-2023-006869,2,2023-06-23,2023-06-23,PL-WRO-01,,VM-APP-0010,1,162.34,0.0,PLN
SO-2023-006869,3,2023-06-23,2023-06-23,PL-WRO-01,,VM-CMP-0020,4,248.29,0.0,PLN
SO-2023-006869,4,2023-06-23,2023-06-23,PL-WRO-01,,VM-BIK-0012,1,11278.54,0.0,PLN
SO-2023-006870,1,2023-06-23,2023-06-23,PL-WRO-01,C002989,VM-NUT-0004,9,6.68,0.0,PLN
SO-2023-006870,2,2023-06-23,2023-06-23,PL-WRO-01,C002989,VM-BIK-0012,1,11278.54,0.0,PLN
SO-2023-006871,1,2023-06-23,2023-06-23,PL-WRO-01,C002990,VM-BIK-0011,1,8260.74,0.0,PLN
SO-2023-006872,1,2023-06-23,2023-06-23,PL-WRO-01,,VM-APP-0002,2,420.19,0.0,PLN
SO-2023-006872,2,2023-06-23,2023-06-23,PL-WRO-01,,VM-CMP-0002,2,534.79,0.0,PLN
SO-2023-006873,1,2023-06-23,2023-06-23,PL-WRO-01,,VM-BIK-0019,1,1155.54,0.0,PLN
SO-2023-006873,2,2023-06-23,2023-06-23,PL-WRO-01,,VM-ACC-0008,1,381.99,0.0,PLN
SO-2023-006873,3,2023-06-23,2023-06-23,PL-WRO-01,,VM-ACC-0003,2,276.94,0.0,PLN
SO-2023-006874,1,2023-06-23,2023-06-23,PL-GDN-01,C002991,VM-APP-0020,2,171.89,0.0,PLN
SO-2023-006875,1,2023-06-23,2023-06-23,PL-GDN-01,C000948,VM-EBK-0011,1,13981.19,0.0,PLN
SO-2023-006875,2,2023-06-23,2023-06-23,PL-GDN-01,C000948,VM-ACC-0014,1,105.04,0.0,PLN
SO-2023-006875,3,2023-06-23,2023-06-23,PL-GDN-01,C000948,VM-BIK-0019,1,1155.54,0.0,PLN
SO-2023-006875,4,2023-06-23,2023-06-23,PL-GDN-01,C000948,VM-CMP-0013,1,506.14,0.1,PLN
SO-2023-006876,1,2023-06-23,2023-06-23,PL-GDN-01,C002356,VM-CMP-0013,1,506.14,0.0,PLN
SO-2023-006876,2,2023-06-23,2023-06-23,PL-GDN-01,C002356,VM-CMP-0019,4,200.54,0.0,PLN
SO-2023-006876,3,2023-06-23,2023-06-23,PL-GDN-01,C002356,VM-BIK-0001,1,13073.94,0.1,PLN
SO-2023-006876,4,2023-06-23,2023-06-23,PL-GDN-01,C002356,VM-NUT-0010,1,33.42,0.0,PLN
SO-2023-006877,1,2023-06-23,2023-06-23,PL-POZ-01,,vm-nut-0005,10,8.59,0.0,PLN
SO-2023-006878,1,2023-06-23,2023-06-23,PL-POZ-01,C002992,VM-NUT-0006,6,9.54,0.0,PLN
SO-2023-006878,2,2023-06-23,2023-06-23,PL-POZ-01,C002992,VM-APP-0006,1,296.04,0.0,PLN
SO-2023-006879,1,2023-06-23,2023-06-26,PL-WEB-01,C000708,VM-EBK-0010,1,12882.94,0.0,PLN
SO-2023-006880,1,2023-06-23,2023-06-27,PL-WEB-01,C002993,VM-ACC-0021,1,744.89,0.0,PLN
SO-2023-006880,2,2023-06-23,2023-06-27,PL-WEB-01,C002993,VM-ACC-0005,2,171.89,0.0,PLN
SO-2023-006881,1,2023-06-23,2023-06-25,PL-WEB-01,C002994,VM-CMP-0013,1,506.14,0.0,PLN
SO-2023-006881,2,2023-06-23,2023-06-25,PL-WEB-01,C002994,VM-APP-0002,1,420.19,0.0,PLN
SO-2023-006882,1,2023-06-23,2023-06-26,PL-WEB-01,C002995,VM-APP-0003,2,296.04,0.0,PLN
SO-2023-006883,1,2023-06-23,2023-06-27,PL-WEB-01,C002996,VM-ACC-0001,2,362.89,0.0,PLN
SO-2023-006884,1,2023-06-23,2023-06-25,PL-WEB-01,C002997,VM-BIK-0019,1,1155.54,0.0,PLN
SO-2023-006885,1,2023-06-23,2023-06-27,PL-WEB-01,C002415,VM-ACC-0006,1,907.24,0.0,PLN
SO-2023-006885,2,2023-06-23,2023-06-27,PL-WEB-01,C002415,VM-BIK-0017,1,1824.04,0.0,PLN
SO-2023-006886,1,2023-06-23,2023-06-27,PL-WEB-01,C001046,VM-EBK-0007,5,14038.49,0.1,PLN
SO-2023-006886,2,2023-06-23,2023-06-27,PL-WEB-01,C001046,VM-ACC-0006,6,907.24,0.12,PLN
SO-2023-006886,3,2023-06-23,2023-06-27,PL-WEB-01,C001046,VM-APP-0001,15,439.29,0.08,PLN
SO-2023-006886,4,2023-06-23,2023-06-27,PL-WEB-01,C001046,VM-BIK-0012,2,11278.54,0.12,PLN
SO-2023-006887,1,2023-06-23,2023-06-27,PL-WEB-01,C002737,VM-NUT-0003,3,10.5,0.05,PLN
SO-2023-006888,1,2023-06-23,2023-06-27,PL-WEB-01,C002998,VM-ACC-0008,1,381.99,0.0,PLN
SO-2023-006888,2,2023-06-23,2023-06-27,PL-WEB-01,C002998,VM-NUT-0002,3,14.32,0.0,PLN
SO-2023-006889,1,2023-06-23,2023-06-26,PL-WEB-01,C002999,VM-ACC-0007,2,343.79,0.0,PLN
SO-2023-006890,1,2023-06-23,2023-06-26,PL-WEB-01,C003000,VM-BIK-0006,1,6293.44,0.05,PLN
SO-2023-006891,1,2023-06-23,2023-06-24,PL-WEB-01,C003001,VM-APP-0006,2,296.04,0.0,PLN
SO-2023-006891,2,2023-06-23,2023-06-24,PL-WEB-01,C003001,VM-EBK-0007,1,14038.49,0.0,PLN
SO-2023-006892,1,2023-06-23,2023-06-25,PL-WEB-01,C003002,VM-NUT-0004,6,6.68,0.0,PLN
SO-2023-006892,2,2023-06-23,2023-06-25,PL-WEB-01,C003002,VM-NUT-0010,3,33.42,0.0,PLN
SO-2023-006892,3,2023-06-23,2023-06-25,PL-WEB-01,C003002,VM-CMP-0004,2,687.59,0.0,PLN
SO-2023-006893,1,2023-06-23,2023-06-25,PL-WEB-01,C002441,VM-BIK-0007,1,6732.74,0.05,PLN
SO-2023-006893,2,2023-06-23,2023-06-25,PL-WEB-01,C002441,VM-APP-0002,3,420.19,0.05,PLN
SO-2023-006894,1,2023-06-23,2023-06-26,PL-WEB-01,C003003,VM-NUT-0004,3,6.68,0.0,PLN
SO-2023-006895,1,2023-06-23,2023-06-26,PL-WEB-01,C003004,VM-ACC-0014,1,105.04,0.0,PLN
SO-2023-006895,2,2023-06-23,2023-06-26,PL-WEB-01,C003004,VM-EBK-0011,1,13981.19,0.0,PLN
SO-2023-006896,1,2023-06-23,2023-06-25,PL-WEB-01,C000608,VM-ACC-0002,1,582.54,0.05,PLN
SO-2023-006896,2,2023-06-23,2023-06-25,PL-WEB-01,C000608,VM-APP-0012,1,830.84,0.05,PLN
SO-2023-006897,1,2023-06-23,2023-06-25,PL-WEB-01,C002145,VM-ACC-0008,4,381.99,0.12,PLN
SO-2023-006898,1,2023-06-23,2023-06-25,PL-MKT-01,C003005,VM-APP-0020,1,171.89,0.0,PLN
SO-2023-006899,1,2023-06-23,2023-06-27,PL-MKT-01,C003006,VM-ACC-0011,1,68.75,0.05,PLN
SO-2023-006900,1,2023-06-23,2023-06-24,PL-MKT-01,C003007,VM-BIK-0004,1,4077.84,0.0,PLN
SO-2023-006901,1,2023-06-23,2023-06-25,PL-MKT-01,C003008,VM-ACC-0017,1,55.38,0.0,PLN
SO-2023-006901,2,2023-06-23,2023-06-25,PL-MKT-01,C003008,VM-NUT-0002,13,14.32,0.0,PLN
SO-2023-006901,3,2023-06-23,2023-06-25,PL-MKT-01,C003008,VM-CMP-0012,2,515.69,0.0,PLN
SO-2023-006901,4,2023-06-23,2023-06-25,PL-MKT-01,C003008,VM-APP-0016,1,582.54,0.0,PLN
SO-2023-006902,1,2023-06-23,2023-06-27,PL-MKT-01,C001032,VM-EBK-0002,4,9502.24,0.1,PLN
SO-2023-006902,2,2023-06-23,2023-06-27,PL-MKT-01,C001032,VM-ACC-0007,4,343.79,0.08,PLN
SO-2023-006903,1,2023-06-23,2023-06-25,PL-MKT-01,C003009,VM-BIK-0002,1,9196.64,0.05,PLN
SO-2023-006904,1,2023-06-23,2023-06-25,PL-MKT-01,C003010,VM-CMP-0010,1,372.44,0.0,PLN
SO-2023-006904,2,2023-06-23,2023-06-25,PL-MKT-01,C003010,VM-BIK-0012,1,11278.54,0.0,PLN
SO-2023-006904,3,2023-06-23,2023-06-25,PL-MKT-01,C003010,VM-BIK-0004,1,4077.84,0.0,PLN
SO-2023-006905,1,2023-06-23,2023-06-23,CZ-PRG-01,,VM-CMP-0022,4,179.0,0.0,CZK
SO-2023-006906,1,2023-06-23,2023-06-23,CZ-PRG-01,,VM-ACC-0019,3,249.0,0.0,CZK
SO-2023-006906,2,2023-06-23,2023-06-23,CZ-PRG-01,,VM-ACC-0008,1,1994.0,0.0,CZK
SO-2023-006907,1,2023-06-23,2023-06-23,CZ-PRG-01,,VM-NUT-0011,1,269.0,0.0,CZK
SO-2023-006908,1,2023-06-23,2023-06-23,CZ-PRG-01,C000616,VM-NUT-0004,9,35.0,0.0,CZK
SO-2023-006908,2,2023-06-23,2023-06-23,CZ-PRG-01,C000616,VM-BIK-0007,1,35140.0,0.0,CZK
SO-2023-006909,1,2023-06-23,2023-06-23,CZ-PRG-01,C003011,VM-ACC-0008,2,1994.0,0.0,CZK
SO-2023-006909,2,2023-06-23,2023-06-23,CZ-PRG-01,C003011,VM-CMP-0017,2,2492.0,0.0,CZK
SO-2023-006910,1,2023-06-23,2023-06-25,CZ-WEB-01,C003012,VM-NUT-0004,9,35.0,0.0,CZK
SO-2023-006910,2,2023-06-23,2023-06-25,CZ-WEB-01,C003012,VM-EBK-0008,1,75264.0,0.0,CZK
SO-2023-006911,1,2023-06-23,2023-06-26,CZ-WEB-01,C003013,VM-ACC-0021,1,3888.0,0.0,CZK
SO-2023-006912,1,2023-06-23,2023-06-26,CZ-WEB-01,C003014,VM-APP-0009,1,1744.0,0.0,CZK
SO-2023-006913,1,2023-06-23,2023-06-26,CZ-WEB-01,C003015,VM-ACC-0007,1,1794.0,0.05,CZK
SO-2023-006914,1,2023-06-23,2023-06-23,DE-BER-01,C003016,VM-BIK-0019,1,252.97,0.0,EUR
SO-2023-006914,2,2023-06-23,2023-06-23,DE-BER-01,C003016,VM-ACC-0007,2,75.26,0.0,EUR
SO-2023-006914,3,2023-06-23,2023-06-23,DE-BER-01,C003016,VM-ACC-0002,1,127.53,0.0,EUR
SO-2023-006915,1,2023-06-23,2023-06-23,DE-BER-01,C003017,VM-EBK-0009,1,2071.86,0.05,EUR
SO-2023-006915,2,2023-06-23,2023-06-23,DE-BER-01,C003017,VM-ACC-0018,1,10.45,0.05,EUR
SO-2023-006916,1,2023-06-23,2023-06-23,DE-BER-01,C002899,VM-NUT-0001,7,1.88,0.0,EUR
SO-2023-006916,2,2023-06-23,2023-06-23,DE-BER-01,C002899,VM-ACC-0001,2,79.44,0.0,EUR
SO-2023-006917,1,2023-06-23,2023-06-23,DE-BER-01,C002481,VM-BIK-0012,1,2469.09,0.05,EUR
SO-2023-006918,1,2023-06-23,2023-06-24,DE-WEB-01,C003018,VM-NUT-0005,10,1.88,0.0,EUR
SO-2023-006919,1,2023-06-23,2023-06-27,DE-WEB-01,C003019,VM-APP-0001,2,96.17,0.05,EUR
SO-2023-006919,2,2023-06-23,2023-06-27,DE-WEB-01,C003019,VM-BIK-0011,1,1808.43,0.05,EUR
SO-2023-006919,3,2023-06-23,2023-06-27,DE-WEB-01,C003019,VM-ACC-0008,2,83.62,0.05,EUR
SO-2023-006920,1,2023-06-23,2023-06-24,DE-WEB-01,C003020,VM-CMP-0022,3,7.52,0.0,EUR
SO-2023-006921,1,2023-06-24,2023-06-24,PL-WAW-01,C003021,VM-BIK-0003,1,6245.69,0.0,PLN
SO-2023-006922,1,2023-06-24,2023-06-24,PL-WAW-01,C001560,VM-ACC-0013,1,162.34,0.05,PLN
SO-2023-006922,2,2023-06-24,2023-06-24,PL-WAW-01,C001560,VM-NUT-0006,3,9.54,0.05,PLN
SO-2023-006922,3,2023-06-24,2023-06-24,PL-WAW-01,C001560,VM-NUT-0010,1,33.42,0.05,PLN
SO-2023-006923,1,2023-06-24,2023-06-24,PL-WAW-01,,VM-ACC-0014,1,105.04,0.1,PLN
SO-2023-006923,2,2023-06-24,2023-06-24,PL-WAW-01,,VM-EBK-0009,1,9464.04,0.0,PLN
SO-2023-006923,3,2023-06-24,2023-06-24,PL-WAW-01,,VM-CMP-0018,1,59.2,0.0,PLN
SO-2023-006923,4,2023-06-24,2023-06-24,PL-WAW-01,,VM-ACC-0003,2,276.94,0.0,PLN
SO-2023-006924,1,2023-06-24,2023-06-24,PL-WAW-01,,VM-CMP-0018,3,59.2,0.0,PLN
SO-2023-006925,1,2023-06-24,2023-06-24,PL-WAW-01,C002467,VM-APP-0004,1,229.19,0.05,PLN
SO-2023-006925,2,2023-06-24,2023-06-24,PL-WAW-01,C002467,VM-NUT-0006,8,9.54,0.05,PLN
SO-2023-006925,3,2023-06-24,2023-06-24,PL-WAW-01,C002467,VM-ACC-0007,1,343.79,0.05,PLN
SO-2023-006926,1,2023-06-24,2023-06-24,PL-WAW-01,,VM-BIK-0012,1,11278.54,0.0,PLN
SO-2023-006927,1,2023-06-24,2023-06-24,PL-WAW-01,,VM-BIK-0006,1,6293.44,0.0,PLN
SO-2023-006928,1,2023-06-24,2023-06-24,PL-WAW-01,C003022,VM-BIK-0007,1,6732.74,0.05,PLN
SO-2023-006928,2,2023-06-24,2023-06-24,PL-WAW-01,C003022,VM-ACC-0007,2,343.79,0.05,PLN
SO-2023-006929,1,2023-06-24,2023-06-24,PL-WAW-01,C003023,VM-NUT-0004,6,6.68,0.05,PLN
SO-2023-006930,1,2023-06-24,2023-06-24,PL-WAW-01,C003024,VM-CMP-0019,3,200.54,0.0,PLN
SO-2023-006931,1,2023-06-24,2023-06-24,PL-WAW-02,C002687,VM-CMP-0009,2,334.24,0.0,PLN
SO-2023-006932,1,2023-06-24,2023-06-24,PL-WAW-02,,VM-BIK-0003,1,6245.69,0.0,PLN
SO-2023-006933,1,2023-06-24,2023-06-24,PL-WAW-02,C002046,VM-ACC-0014,1,105.04,0.05,PLN
SO-2023-006933,2,2023-06-24,2023-06-24,PL-WAW-02,C002046,VM-CMP-0006,1,190.99,0.05,PLN
SO-2023-006934,1,2023-06-24,2023-06-24,PL-WAW-02,C000444,VM-BIK-0016,1,3428.44,0.05,PLN
SO-2023-006934,2,2023-06-24,2023-06-24,PL-WAW-02,C000444,VM-CMP-0017,1,477.49,0.05,PLN
SO-2023-006935,1,2023-06-24,2023-06-24,PL-WAW-02,C002757,VM-BIK-0020,1,1155.54,0.0,PLN
SO-2023-006935,2,2023-06-24,2023-06-24,PL-WAW-02,C002757,VM-ACC-0005,1,171.89,0.0,PLN
SO-2023-006935,3,2023-06-24,2023-06-24,PL-WAW-02,C002757,VM-ACC-0014,1,105.04,0.0,PLN
SO-2023-006935,4,2023-06-24,2023-06-24,PL-WAW-02,C002757,VM-NUT-0009,3,81.17,0.0,PLN
SO-2023-006936,1,2023-06-24,2023-06-24,PL-WAW-02,C001296, VM-NUT-0003 ,15,10.5,0.0,PLN
SO-2023-006936,2,2023-06-24,2023-06-24,PL-WAW-02,C001296,VM-NUT-0004,15,6.68,0.0,PLN
SO-2023-006937,1,2023-06-24,2023-06-24,PL-WAW-02,C003025,VM-BIK-0018,1,2291.99,0.0,PLN
SO-2023-006937,2,2023-06-24,2023-06-24,PL-WAW-02,C003025,VM-NUT-0007,4,12.41,0.0,PLN
SO-2023-006937,3,2023-06-24,2023-06-24,PL-WAW-02,C003025,VM-ACC-0014,1,105.04,0.0,PLN
SO-2023-006938,1,2023-06-24,2023-06-24,PL-WAW-02,C003026,VM-NUT-0003,12,10.5,0.05,PLN
SO-2023-006938,2,2023-06-24,2023-06-24,PL-WAW-02,C003026,VM-NUT-0006,11,9.54,0.05,PLN
SO-2023-006938,3,2023-06-24,2023-06-24,PL-WAW-02,C003026,VM-BIK-0004,1,4077.84,0.05,PLN
SO-2023-006939,1,2023-06-24,2023-06-24,PL-WAW-02,C003027,VM-CMP-0013,2,506.14,0.0,PLN
SO-2023-006940,1,2023-06-24,2023-06-24,PL-KRK-01,C002561,VM-BIK-0014,1,3657.64,0.0,PLN
SO-2023-006940,2,2023-06-24,2023-06-24,PL-KRK-01,C002561,vm-acc-0005,2,171.89,0.0,PLN
SO-2023-006940,3,2023-06-24,2023-06-24,PL-KRK-01,C002561,VM-ACC-0018,3,47.74,0.0,PLN
SO-2023-006940,4,2023-06-24,2023-06-24,PL-KRK-01,C002561,VM-CMP-0008,1,420.19,0.0,PLN
SO-2023-006941,1,2023-06-24,2023-06-24,PL-KRK-01,C000653,VM-APP-0010,2,162.34,0.0,PLN
SO-2023-006942,1,2023-06-24,2023-06-24,PL-KRK-01,C000761,VM-APP-0003,2,296.04,0.05,PLN
SO-2023-006942,2,2023-06-24,2023-06-24,PL-KRK-01,C000761,VM-APP-0009,1,334.24,0.05,PLN
SO-2023-006943,1,2023-06-24,2023-06-24,PL-WRO-01,,VM-ACC-0019,1,47.74,0.0,PLN
SO-2023-006944,1,2023-06-24,2023-06-24,PL-WRO-01,,VM-APP-0013,1,420.19,0.0,PLN
SO-2023-006945,1,2023-06-24,2023-06-24,PL-WRO-01,,VM-NUT-0004,14,6.68,0.0,PLN
SO-2023-006945,2,2023-06-24,2023-06-24,PL-WRO-01,,VM-ACC-0019,3,47.74,0.0,PLN
SO-2023-006946,1,2023-06-24,2023-06-24,PL-WRO-01,C000870,VM-CMP-0009,2,334.24,0.0,PLN
SO-2023-006947,1,2023-06-24,2023-06-24,PL-GDN-01,C001582,VM-CMP-0017,1,477.49,0.0,PLN
SO-2023-006947,2,2023-06-24,2023-06-24,PL-GDN-01,C001582,VM-ACC-0008,2,381.99,0.0,PLN
SO-2023-006948,1,2023-06-24,2023-06-24,PL-GDN-01,C001430,VM-APP-0015,1,544.34,0.0,PLN
SO-2023-006948,2,2023-06-24,2023-06-24,PL-GDN-01,C001430,VM-BIK-0009,1,5386.19,0.0,PLN
SO-2023-006949,1,2023-06-24,2023-06-24,PL-GDN-01,,VM-APP-0017,1,181.44,0.0,PLN
SO-2023-006949,2,2023-06-24,2023-06-24,PL-GDN-01,,VM-ACC-0008,1,381.99,0.0,PLN
SO-2023-006950,1,2023-06-24,2023-06-24,PL-POZ-01,C001085, VM-APP-0002 ,3,420.19,0.05,PLN
SO-2023-006951,1,2023-06-24,2023-06-24,PL-POZ-01,C001447,VM-CMP-0004,1,687.59,0.0,PLN
SO-2023-006951,2,2023-06-24,2023-06-24,PL-POZ-01,C001447,VM-APP-0006,2,296.04,0.0,PLN
SO-2023-006952,1,2023-06-24,2023-06-25,PL-WEB-01,C001668,VM-ACC-0022,1,1499.34,0.0,PLN
SO-2023-006953,1,2023-06-24,2023-06-26,PL-WEB-01,C003028,VM-CMP-0018,1,59.2,0.0,PLN
SO-2023-006953,2,2023-06-24,2023-06-26,PL-WEB-01,C003028,VM-BIK-0013,1,4583.99,0.0,PLN
SO-2023-006954,1,2023-06-24,2023-06-26,PL-WEB-01,C003029,VM-BIK-0013,1,4583.99,0.0,PLN
SO-2023-006954,2,2023-06-24,2023-06-26,PL-WEB-01,C003029,VM-ACC-0018,2,47.74,0.0,PLN
SO-2023-006955,1,2023-06-24,2023-06-26,PL-WEB-01,C003030,VM-CMP-0017,1,477.49,0.05,PLN
SO-2023-006956,1,2023-06-24,2023-06-28,PL-WEB-01,C000716,VM-CMP-0007,1,601.64,0.0,PLN
SO-2023-006957,1,2023-06-24,2023-06-27,PL-WEB-01,C002998,VM-BIK-0020,1,1155.54,0.0,PLN
SO-2023-006958,1,2023-06-24,2023-06-28,PL-WEB-01,C003031,VM-CMP-0008,1,420.19,0.0,PLN
SO-2023-006959,1,2023-06-24,2023-06-26,PL-WEB-01,C000292,VM-CMP-0013,4,506.14,0.08,PLN
SO-2023-006959,2,2023-06-24,2023-06-26,PL-WEB-01,C000292,VM-ACC-0020,5,773.54,0.1,PLN
SO-2023-006959,3,2023-06-24,2023-06-26,PL-WEB-01,C000292,VM-BIK-0012,3,11278.54,0.1,PLN
SO-2023-006960,1,2023-06-24,2023-06-25,PL-WEB-01,C002273,VM-BIK-0004,1,4077.84,0.0,PLN
SO-2023-006961,1,2023-06-24,2023-06-25,PL-WEB-01,C003032,VM-CMP-0002,2,534.79,0.0,PLN
SO-2023-006961,2,2023-06-24,2023-06-25,PL-WEB-01,C003032,VM-APP-0010,1,162.34,0.0,PLN
SO-2023-006962,1,2023-06-24,2023-06-28,PL-WEB-01,C003033,VM-NUT-0010,1,33.42,0.0,PLN
SO-2023-006962,2,2023-06-24,2023-06-28,PL-WEB-01,C003033,VM-ACC-0014,1,105.04,0.0,PLN
SO-2023-006963,1,2023-06-24,2023-06-25,PL-MKT-01,C001560,VM-ACC-0001,2,362.89,0.05,PLN
SO-2023-006964,1,2023-06-24,2023-06-26,PL-MKT-01,C002252,VM-CMP-0009,1,334.24,0.0,PLN
SO-2023-006965,1,2023-06-24,2023-06-26,PL-MKT-01,C003034,VM-NUT-0009,2,81.17,0.0,PLN
SO-2023-006966,1,2023-06-24,2023-06-24,CZ-PRG-01,,VM-APP-0015,1,2841.0,0.0,CZK
SO-2023-006967,1,2023-06-24,2023-06-24,CZ-PRG-01,C003035,VM-ACC-0017,3,289.0,0.0,CZK
SO-2023-006967,2,2023-06-24,2023-06-24,CZ-PRG-01,C003035,VM-CMP-0013,2,2642.0,0.0,CZK
SO-2023-006967,3,2023-06-24,2023-06-24,CZ-PRG-01,C003035,VM-APP-0010,2,847.0,0.0,CZK
SO-2023-006968,1,2023-06-24,2023-06-24,CZ-PRG-01,C000807,VM-BIK-0003,1,32598.0,0.05,CZK
SO-2023-006969,1,2023-06-24,2023-06-25,CZ-WEB-01,C003036,VM-ACC-0002,1,3040.0,0.0,CZK
SO-2023-006969,2,2023-06-24,2023-06-25,CZ-WEB-01,C003036,VM-CMP-0017,2,2492.0,0.0,CZK
SO-2023-006969,3,2023-06-24,2023-06-25,CZ-WEB-01,C003036,VM-BIK-0017,1,9520.0,0.0,CZK
SO-2023-006970,1,2023-06-24,2023-06-26,CZ-WEB-01,C000998,VM-APP-0004,3,1196.0,0.0,CZK
SO-2023-006971,1,2023-06-24,2023-06-28,CZ-WEB-01,C003037,VM-CMP-0009,2,1744.0,0.0,CZK
SO-2023-006971,2,2023-06-24,2023-06-28,CZ-WEB-01,C003037,VM-BIK-0008,1,26467.0,0.0,CZK
SO-2023-006972,1,2023-06-24,2023-06-24,DE-BER-01,,VM-APP-0013,1,91.99,0.1,EUR
SO-2023-006973,1,2023-06-24,2023-06-24,DE-BER-01,C003038,VM-BIK-0012,1,2469.09,0.0,EUR
SO-2023-006973,2,2023-06-24,2023-06-24,DE-BER-01,C003038,VM-ACC-0018,3,10.45,0.0,EUR
SO-2023-006973,3,2023-06-24,2023-06-24,DE-BER-01,C003038,VM-ACC-0012,1,15.05,0.0,EUR
SO-2023-006974,1,2023-06-24,2023-06-24,DE-BER-01,C001016,VM-EBK-0007,1,3073.29,0.05,EUR
SO-2023-006975,1,2023-06-24,2023-06-24,DE-BER-01,,VM-ACC-0001,1,79.44,0.0,EUR
SO-2023-006975,2,2023-06-24,2023-06-24,DE-BER-01,,VM-BIK-0001,1,2862.13,0.0,EUR
SO-2023-006976,1,2023-06-24,2023-06-27,DE-WEB-01,C003039,VM-ACC-0015,1,73.17,0.0,EUR
SO-2023-006976,2,2023-06-24,2023-06-27,DE-WEB-01,C003039,VM-CMP-0002,1,117.08,0.0,EUR
SO-2023-006977,1,2023-06-24,2023-06-28,DE-WEB-01,C003040,VM-NUT-0006,3,2.09,0.0,EUR
SO-2023-006977,2,2023-06-24,2023-06-28,DE-WEB-01,C003040,VM-ACC-0002,2,127.53,0.0,EUR
SO-2023-006978,1,2023-06-24,2023-06-28,DE-WEB-01,C002789,VM-APP-0018,1,27.18,0.05,EUR
SO-2023-006978,2,2023-06-24,2023-06-28,DE-WEB-01,C002789,VM-ACC-0006,2,198.61,0.0,EUR
SO-2023-006978,3,2023-06-24,2023-06-28,DE-WEB-01,C002789,VM-BIK-0016,1,750.55,0.0,EUR
SO-2023-006979,1,2023-06-25,2023-06-28,PL-WEB-01,C002757,VM-BIK-0006,1,6293.44,0.0,PLN
SO-2023-006979,2,2023-06-25,2023-06-28,PL-WEB-01,C002757,VM-ACC-0008,1,381.99,0.0,PLN
SO-2023-006979,3,2023-06-25,2023-06-28,PL-WEB-01,C002757,VM-ACC-0013,1,162.34,0.0,PLN
SO-2023-006980,1,2023-06-25,2023-06-29,PL-WEB-01,C003041,VM-NUT-0002,13,14.32,0.0,PLN
SO-2023-006980,2,2023-06-25,2023-06-29,PL-WEB-01,C003041,VM-NUT-0001,3,8.59,0.0,PLN
SO-2023-006980,3,2023-06-25,2023-06-29,PL-WEB-01,C003041,VM-APP-0010,2,162.34,0.05,PLN
SO-2023-006981,1,2023-06-25,2023-06-26,PL-WEB-01,C002878,VM-APP-0004,2,229.19,0.0,PLN
SO-2023-006981,2,2023-06-25,2023-06-26,PL-WEB-01,C002878,VM-CMP-0016,1,2349.29,0.0,PLN
SO-2023-006982,1,2023-06-25,2023-06-27,PL-WEB-01,C000852,VM-ACC-0008,2,381.99,0.0,PLN
SO-2023-006982,2,2023-06-25,2023-06-27,PL-WEB-01,C000852,VM-BIK-0012,1,11278.54,0.0,PLN
SO-2023-006983,1,2023-06-25,2023-06-27,PL-WEB-01,C002635,VM-NUT-0004,8,6.68,0.0,PLN
SO-2023-006983,2,2023-06-25,2023-06-27,PL-WEB-01,C002635,VM-NUT-0009,4,81.17,0.0,PLN
SO-2023-006984,1,2023-06-25,2023-06-28,PL-WEB-01,C001130,VM-ACC-0021,1,744.89,0.05,PLN
SO-2023-006985,1,2023-06-25,2023-06-26,PL-WEB-01,C003042,VM-BIK-0014,1,3657.64,0.0,PLN
SO-2023-006986,1,2023-06-25,2023-06-26,PL-WEB-01,C001126,VM-APP-0010,4,162.34,0.1,PLN
SO-2023-006986,2,2023-06-25,2023-06-26,PL-WEB-01,C001126,VM-CMP-0017,10,477.49,0.1,PLN
SO-2023-006987,1,2023-06-25,2023-06-26,PL-WEB-01,C001812,VM-APP-0018,2,124.14,0.0,PLN
SO-2023-006987,2,2023-06-25,2023-06-26,PL-WEB-01,C001812,VM-CMP-0022,3,34.37,0.0,PLN
SO-2023-006987,3,2023-06-25,2023-06-26,PL-WEB-01,C001812,VM-NUT-0004,7,6.68,0.0,PLN
SO-2023-006988,1,2023-06-25,2023-06-26,PL-WEB-01,C003043,VM-APP-0013,1,420.19,0.0,PLN
SO-2023-006989,1,2023-06-25,2023-06-27,PL-WEB-01,C003044,VM-CMP-0010,1,372.44,0.0,PLN
SO-2023-006990,1,2023-06-25,2023-06-28,PL-WEB-01,C003045,VM-ACC-0022,1,1499.34,0.0,PLN
SO-2023-006991,1,2023-06-25,2023-06-26,PL-WEB-01,C003046,VM-NUT-0004,4,6.68,0.0,PLN
SO-2023-006991,2,2023-06-25,2023-06-26,PL-WEB-01,C003046,VM-BIK-0007,1,6732.74,0.0,PLN
SO-2023-006992,1,2023-06-25,2023-06-28,PL-WEB-01,C000292,VM-NUT-0001,24,8.59,0.1,PLN
SO-2023-006993,1,2023-06-25,2023-06-28,PL-WEB-01,C000374,VM-EBK-0002,1,9502.24,0.0,PLN
SO-2023-006994,1,2023-06-25,2023-06-28,PL-WEB-01,C003047,VM-ACC-0002,4,582.54,0.08,PLN
SO-2023-006994,2,2023-06-25,2023-06-28,PL-WEB-01,C003047,VM-APP-0002,9,420.19,0.08,PLN
SO-2023-006995,1,2023-06-25,2023-06-26,PL-WEB-01,C000447,VM-CMP-0003,2,229.19,0.0,PLN
SO-2023-006996,1,2023-06-25,2023-06-27,PL-MKT-01,C003048,VM-ACC-0008,2,381.99,0.0,PLN
SO-2023-006996,2,2023-06-25,2023-06-27,PL-MKT-01,C003048,VM-BIK-0002,1,9196.64,0.0,PLN
SO-2023-006997,1,2023-06-25,2023-06-26,PL-MKT-01,C003049,VM-ACC-0014,1,105.04,0.0,PLN
SO-2023-006998,1,2023-06-25,2023-06-28,PL-MKT-01,C001157,VM-BIK-0003,1,6245.69,0.05,PLN
SO-2023-006999,1,2023-06-25,2023-06-26,PL-MKT-01,C001929,VM-ACC-0018,3,47.74,0.0,PLN
SO-2023-007000,1,2023-06-25,2023-06-27,PL-MKT-01,C003050,VM-ACC-0005,1,171.89,0.05,PLN
SO-2023-007001,1,2023-06-25,2023-06-27,PL-MKT-01,C002776,VM-BIK-0014,1,3657.64,0.05,PLN
SO-2023-007001,2,2023-06-25,2023-06-27,PL-MKT-01,C002776,VM-ACC-0007,2,343.79,0.05,PLN
SO-2023-007002,1,2023-06-25,2023-06-27,PL-MKT-01,C003051,VM-NUT-0009,2,81.17,0.0,PLN
SO-2023-007002,2,2023-06-25,2023-06-27,PL-MKT-01,C003051, vm-app-0012 ,1,830.84,0.0,PLN
SO-2023-007003,1,2023-06-25,2023-06-28,PL-MKT-01,C002883,VM-ACC-0013,1,162.34,0.0,PLN
SO-2023-007003,2,2023-06-25,2023-06-28,PL-MKT-01,C002883,VM-NUT-0006,6,9.54,0.0,PLN
SO-2023-007003,3,2023-06-25,2023-06-28,PL-MKT-01,C002883,VM-APP-0006,2,296.04,0.0,PLN
SO-2023-007004,1,2023-06-25,2023-06-28,PL-MKT-01,C002120,VM-APP-0001,1,439.29,0.05,PLN
SO-2023-007005,1,2023-06-25,2023-06-26,PL-MKT-01,C001478,VM-NUT-0003,5,10.5,0.0,PLN
SO-2023-007006,1,2023-06-25,2023-06-29,PL-MKT-01,C003052, VM-EBK-0007 ,1,14038.49,0.0,PLN
SO-2023-007007,1,2023-06-25,2023-06-25,CZ-PRG-01,C002764,VM-ACC-0007,2,1794.0,0.0,CZK
SO-2023-007007,2,2023-06-25,2023-06-25,CZ-PRG-01,C002764,VM-CMP-0009,1,1744.0,0.0,CZK
SO-2023-007008,1,2023-06-25,2023-06-29,CZ-WEB-01,C000896,VM-NUT-0009,4,424.0,0.05,CZK
SO-2023-007009,1,2023-06-25,2023-06-29,CZ-WEB-01,C003053,VM-ACC-0013,1,847.0,0.0,CZK
SO-2023-007009,2,2023-06-25,2023-06-29,CZ-WEB-01,C003053,VM-CMP-0002,2,2791.0,0.0,CZK
SO-2023-007010,1,2023-06-25,2023-06-28,CZ-WEB-01,C002284,VM-APP-0010,2,847.0,0.0,CZK
SO-2023-007011,1,2023-06-25,2023-06-27,DE-WEB-01,C003054,VM-EBK-0002,1,2080.22,0.0,EUR
SO-2023-007011,2,2023-06-25,2023-06-27,DE-WEB-01,C003054,VM-BIK-0011,1,1808.43,0.0,EUR
SO-2023-007011,3,2023-06-25,2023-06-27,DE-WEB-01,C003054,VM-CMP-0019,4,43.9,0.0,EUR
SO-2023-007011,4,2023-06-25,2023-06-27,DE-WEB-01,C003054,VM-ACC-0013,1,35.54,0.05,EUR
SO-2023-007012,1,2023-06-25,2023-06-27,DE-WEB-01,C003055,VM-BIK-0007,1,1473.92,0.0,EUR
SO-2023-007013,1,2023-06-25,2023-06-27,DE-WEB-01,C002078,VM-BIK-0006,1,1377.75,0.0,EUR
SO-2023-007014,1,2023-06-25,2023-06-26,DE-WEB-01,C003056,VM-APP-0001,3,96.17,0.0,EUR
SO-2023-007015,1,2023-06-25,2023-06-27,DE-WEB-01,C001833,VM-BIK-0020,5,252.97,0.1,EUR
SO-2023-007015,2,2023-06-25,2023-06-27,DE-WEB-01,C001833,VM-ACC-0007,6,75.26,0.12,EUR
SO-2023-007015,3,2023-06-25,2023-06-27,DE-WEB-01,C001833,VM-APP-0001,6,96.17,0.12,EUR
SO-2023-007016,1,2023-06-25,2023-06-28,DE-WEB-01,C000062,vm-nut-0010,3,7.32,0.0,EUR
SO-2023-007016,2,2023-06-25,2023-06-28,DE-WEB-01,C000062,VM-ACC-0013,1,35.54,0.0,EUR
SO-2023-007017,1,2023-06-26,2023-06-26,PL-WAW-01,,VM-BIK-0009,1,5386.19,0.0,PLN
SO-2023-007018,1,2023-06-26,2023-06-26,PL-WAW-02,,VM-NUT-0004,12,6.68,0.0,PLN
SO-2023-007019,1,2023-06-26,2023-06-26,PL-WAW-02,,VM-APP-0013,1,420.19,0.0,PLN
SO-2023-007020,1,2023-06-26,2023-06-26,PL-WAW-02,C003057,VM-EBK-0002,1,9502.24,0.0,PLN
SO-2023-007020,2,2023-06-26,2023-06-26,PL-WAW-02,C003057,VM-ACC-0018,3,47.74,0.0,PLN
SO-2023-007021,1,2023-06-26,2023-06-26,PL-WAW-02,,vm-acc-0017,3,55.38,0.0,PLN
SO-2023-007022,1,2023-06-26,2023-06-26,PL-WAW-02,C002822,VM-CMP-0013,2,506.14,0.05,PLN
SO-2023-007023,1,2023-06-26,2023-06-26,PL-KRK-01,C001106,VM-ACC-0007,1,343.79,0.0,PLN
SO-2023-007023,2,2023-06-26,2023-06-26,PL-KRK-01,C001106,VM-BIK-0017,1,1824.04,0.0,PLN
SO-2023-007024,1,2023-06-26,2023-06-26,PL-KRK-01,C003058,VM-BIK-0009,1,5386.19,0.0,PLN
SO-2023-007024,2,2023-06-26,2023-06-26,PL-KRK-01,C003058,VM-CMP-0009,2,334.24,0.0,PLN
SO-2023-007025,1,2023-06-26,2023-06-26,PL-KRK-01,,VM-CMP-0006,2,190.99,0.0,PLN
SO-2023-007026,1,2023-06-26,2023-06-26,PL-KRK-01,C000820,VM-APP-0001,2,439.29,0.0,PLN
SO-2023-007027,1,2023-06-26,2023-06-26,PL-KRK-01,C003059,VM-APP-0002,3,420.19,0.05,PLN
SO-2023-007028,1,2023-06-26,2023-06-26,PL-KRK-01,C003060,VM-NUT-0009,1,81.17,0.0,PLN
SO-2023-007028,2,2023-06-26,2023-06-26,PL-KRK-01,C003060,VM-EBK-0007,1,14038.49,0.1,PLN
SO-2023-007028,3,2023-06-26,2023-06-26,PL-KRK-01,C003060,VM-NUT-0002,13,14.32,0.0,PLN
SO-2023-007029,1,2023-06-26,2023-06-26,PL-WRO-01,C003061,VM-ACC-0014,1,105.04,0.0,PLN
SO-2023-007029,2,2023-06-26,2023-06-26,PL-WRO-01,C003061,VM-NUT-0003,4,10.5,0.0,PLN
SO-2023-007029,3,2023-06-26,2023-06-26,PL-WRO-01,C003061,VM-CMP-0001,1,381.99,0.0,PLN
SO-2023-007029,4,2023-06-26,2023-06-26,PL-WRO-01,C003061,VM-BIK-0012,1,11278.54,0.0,PLN
SO-2023-007030,1,2023-06-26,2023-06-26,PL-WRO-01,C003062,VM-BIK-0014,1,3657.64,0.05,PLN
SO-2023-007030,2,2023-06-26,2023-06-26,PL-WRO-01,C003062,VM-NUT-0004,7,6.68,0.05,PLN
SO-2023-007031,1,2023-06-26,2023-06-26,PL-WRO-01,,VM-BIK-0007,1,6732.74,0.0,PLN
SO-2023-007031,2,2023-06-26,2023-06-26,PL-WRO-01,,VM-ACC-0018,1,47.74,0.0,PLN
SO-2023-007032,1,2023-06-26,2023-06-26,PL-WRO-01,C001196,VM-BIK-0009,1,5386.19,0.0,PLN
SO-2023-007032,2,2023-06-26,2023-06-26,PL-WRO-01,C001196,VM-ACC-0014,1,105.04,0.0,PLN
SO-2023-007032,3,2023-06-26,2023-06-26,PL-WRO-01,C001196,VM-ACC-0019,3,47.74,0.0,PLN
SO-2023-007033,1,2023-06-26,2023-06-26,PL-WRO-01,C000210,VM-APP-0007,2,152.79,0.0,PLN
SO-2023-007034,1,2023-06-26,2023-06-26,PL-WRO-01,,VM-ACC-0004,2,744.89,0.0,PLN
SO-2023-007035,1,2023-06-26,2023-06-26,PL-GDN-01,C003063,VM-CMP-0007,1,601.64,0.0,PLN
SO-2023-007036,1,2023-06-26,2023-06-26,PL-GDN-01,C002074, VM-ACC-0019 ,3,47.74,0.05,PLN
SO-2023-007037,1,2023-06-26,2023-06-26,PL-GDN-01,C003064,VM-BIK-0012,1,11278.54,0.0,PLN
SO-2023-007037,2,2023-06-26,2023-06-26,PL-GDN-01,C003064,VM-ACC-0008,2,381.99,0.0,PLN
SO-2023-007038,1,2023-06-26,2023-06-26,PL-GDN-01,C003065,VM-ACC-0014,1,105.04,0.0,PLN
SO-2023-007039,1,2023-06-26,2023-06-26,PL-POZ-01,,VM-NUT-0005,9,8.59,0.0,PLN
SO-2023-007040,1,2023-06-26,2023-06-29,PL-WEB-01,C003066,VM-ACC-0014,1,105.04,0.0,PLN
SO-2023-007041,1,2023-06-26,2023-06-29,PL-WEB-01,C003067,VM-APP-0013,1,420.19,0.0,PLN
SO-2023-007042,1,2023-06-26,2023-06-30,PL-WEB-01,C000771,VM-NUT-0009,3,81.17,0.05,PLN
SO-2023-007043,1,2023-06-26,2023-06-28,PL-WEB-01,C002413,VM-BIK-0022,1,1336.99,0.0,PLN
SO-2023-007043,2,2023-06-26,2023-06-28,PL-WEB-01,C002413,VM-CMP-0014,2,410.64,0.0,PLN
SO-2023-007044,1,2023-06-26,2023-06-30,PL-WEB-01,C001461,VM-APP-0014,1,467.94,0.0,PLN
SO-2023-007045,1,2023-06-26,2023-06-28,PL-WEB-01,C001336,VM-BIK-0001,1,13073.94,0.0,PLN
SO-2023-007046,1,2023-06-26,2023-06-27,PL-WEB-01,C000420,VM-ACC-0014,1,105.04,0.05,PLN
SO-2023-007046,2,2023-06-26,2023-06-27,PL-WEB-01,C000420, VM-ACC-0003 ,1,276.94,0.05,PLN
SO-2023-007047,1,2023-06-26,2023-06-29,PL-WEB-01,C002133,VM-ACC-0004,1,744.89,0.0,PLN
SO-2023-007048,1,2023-06-26,2023-06-30,PL-WEB-01,C003068,VM-NUT-0009,4,81.17,0.0,PLN
SO-2023-007049,1,2023-06-26,2023-06-28,PL-WEB-01,C003069,VM-CMP-0009,2,334.24,0.0,PLN
SO-2023-007049,2,2023-06-26,2023-06-28,PL-WEB-01,C003069,VM-APP-0006,1,296.04,0.0,PLN
SO-2023-007049,3,2023-06-26,2023-06-28,PL-WEB-01,C003069,vm-app-0007,1,152.79,0.0,PLN
SO-2023-007050,1,2023-06-26,2023-06-29,PL-WEB-01,C001727,VM-NUT-0002,6,14.32,0.0,PLN
SO-2023-007051,1,2023-06-26,2023-06-28,PL-WEB-01,C000653,VM-ACC-0008,2,381.99,0.0,PLN
SO-2023-007052,1,2023-06-26,2023-06-29,PL-WEB-01,C001137,VM-NUT-0002,11,14.32,0.05,PLN
SO-2023-007052,2,2023-06-26,2023-06-29,PL-WEB-01,C001137,VM-BIK-0007,1,6732.74,0.05,PLN
SO-2023-007052,3,2023-06-26,2023-06-29,PL-WEB-01,C001137,vm-acc-0008,1,381.99,0.05,PLN
SO-2023-007053,1,2023-06-26,2023-06-29,PL-WEB-01,C003070,VM-BIK-0012,2,11278.54,0.08,PLN
SO-2023-007054,1,2023-06-26,2023-06-27,PL-WEB-01,C003071,VM-CMP-0020,4,248.29,0.1,PLN
SO-2023-007054,2,2023-06-26,2023-06-27,PL-WEB-01,C003071,VM-BIK-0004,3,4077.84,0.12,PLN
SO-2023-007055,1,2023-06-26,2023-06-29,PL-MKT-01,C003072,VM-BIK-0012,1,11278.54,0.0,PLN
SO-2023-007056,1,2023-06-26,2023-06-27,PL-MKT-01,C001179,VM-CMP-0011,1,152.79,0.0,PLN
SO-2023-007057,1,2023-06-26,2023-06-27,PL-MKT-01,C003073,VM-NUT-0006,11,9.54,0.0,PLN
SO-2023-007058,1,2023-06-26,2023-06-27,PL-MKT-01,C003074,VM-CMP-0015,2,878.59,0.0,PLN
SO-2023-007059,1,2023-06-26,2023-06-29,PL-MKT-01,C003075,VM-BIK-0007,1,6732.74,0.0,PLN
SO-2023-007060,1,2023-06-26,2023-06-28,CZ-WEB-01,C003076,VM-APP-0019,2,329.0,0.0,CZK
SO-2023-007060,2,2023-06-26,2023-06-28,CZ-WEB-01,C003076,VM-NUT-0004,5,35.0,0.0,CZK
SO-2023-007061,1,2023-06-26,2023-06-29,CZ-WEB-01,C003077,VM-CMP-0015,2,4586.0,0.0,CZK
SO-2023-007062,1,2023-06-26,2023-06-30,CZ-WEB-01,C000998,VM-NUT-0011,4,269.0,0.0,CZK
SO-2023-007062,2,2023-06-26,2023-06-30,CZ-WEB-01,C000998,VM-NUT-0006,3,50.0,0.0,CZK
SO-2023-007062,3,2023-06-26,2023-06-30,CZ-WEB-01,C000998,VM-BIK-0003,1,32598.0,0.0,CZK
SO-2023-007063,1,2023-06-26,2023-06-26,DE-BER-01,,VM-BIK-0005,1,1549.19,0.0,EUR
SO-2023-007064,1,2023-06-26,2023-06-29,DE-WEB-01,C003078,VM-APP-0002,1,91.99,0.0,EUR
SO-2023-007065,1,2023-06-26,2023-06-30,DE-WEB-01,C003079,VM-NUT-0001,26,1.88,0.08,EUR
SO-2023-007066,1,2023-06-26,2023-06-30,DE-WEB-01,C003080,VM-NUT-0003,6,2.3,0.0,EUR
SO-2023-007066,2,2023-06-26,2023-06-30,DE-WEB-01,C003080,VM-CMP-0021,3,10.03,0.0,EUR
SO-2023-007066,3,2023-06-26,2023-06-30,DE-WEB-01,C003080,VM-BIK-0010,1,1321.31,0.0,EUR
SO-2023-007066,4,2023-06-26,2023-06-30,DE-WEB-01,C003080,VM-BIK-0004,1,892.72,0.0,EUR
SO-2023-007067,1,2023-06-26,2023-06-30,DE-WEB-01,C002953,VM-NUT-0005,3,1.88,0.0,EUR
SO-2023-007068,1,2023-06-26,2023-06-28,DE-WEB-01,C003081,VM-APP-0001,2,96.17,0.0,EUR
SO-2023-007069,1,2023-06-26,2023-06-30,DE-WEB-01,C003082,VM-APP-0020,1,37.63,0.0,EUR
SO-2023-007069,2,2023-06-26,2023-06-30,DE-WEB-01,C003082,VM-APP-0012,1,181.89,0.0,EUR
SO-2023-007069,3,2023-06-26,2023-06-30,DE-WEB-01,C003082,VM-ACC-0021,1,163.07,0.0,EUR
SO-2023-007070,1,2023-06-26,2023-06-28,DE-WEB-01,C000504,VM-EBK-0001,1,1603.55,0.05,EUR
SO-2023-007070,2,2023-06-26,2023-06-28,DE-WEB-01,C000504,VM-APP-0019,1,13.8,0.0,EUR
SO-2023-007070,3,2023-06-26,2023-06-28,DE-WEB-01,C000504,VM-BIK-0004,1,892.72,0.0,EUR
SO-2023-007070,4,2023-06-26,2023-06-28,DE-WEB-01,C000504,VM-ACC-0014,1,23.0,0.0,EUR
SO-2023-007071,1,2023-06-27,2023-06-27,PL-WAW-01,C001310,VM-BIK-0004,1,4077.84,0.0,PLN
SO-2023-007071,2,2023-06-27,2023-06-27,PL-WAW-01,C001310,VM-ACC-0008,1,381.99,0.0,PLN
SO-2023-007072,1,2023-06-27,2023-06-27,PL-WAW-01,,VM-BIK-0020,1,1155.54,0.0,PLN
SO-2023-007072,2,2023-06-27,2023-06-27,PL-WAW-01,,VM-ACC-0008,1,381.99,0.0,PLN
SO-2023-007072,3,2023-06-27,2023-06-27,PL-WAW-01,,VM-APP-0005,1,171.89,0.0,PLN
SO-2023-007073,1,2023-06-27,2023-06-27,PL-WAW-01,C003083,VM-BIK-0005,1,7076.54,0.05,PLN
SO-2023-007074,1,2023-06-27,2023-06-27,PL-WAW-01,C001752,VM-NUT-0010,1,33.42,0.05,PLN
SO-2023-007075,1,2023-06-27,2023-06-27,PL-WAW-01,C002981,VM-BIK-0012,1,11278.54,0.0,PLN
SO-2023-007076,1,2023-06-27,2023-06-27,PL-WAW-01,C003084,VM-CMP-0018,2,59.2,0.0,PLN
SO-2023-007077,1,2023-06-27,2023-06-27,PL-WAW-02,C003085,VM-ACC-0010,1,238.74,0.0,PLN
SO-2023-007078,1,2023-06-27,2023-06-27,PL-WAW-02,C003086,VM-EBK-0002,1,9502.24,0.0,PLN
SO-2023-007079,1,2023-06-27,2023-06-27,PL-WRO-01,,VM-ACC-0014,1,105.04,0.0,PLN
SO-2023-007080,1,2023-06-27,2023-06-27,PL-WRO-01,C002314,VM-CMP-0015,2,878.59,0.0,PLN
SO-2023-007081,1,2023-06-27,2023-06-27,PL-WRO-01,C003087,VM-NUT-0003,9,10.5,0.0,PLN
SO-2023-007082,1,2023-06-27,2023-06-27,PL-WRO-01,C003088,VM-APP-0002,2,420.19,0.05,PLN
SO-2023-007083,1,2023-06-27,2023-06-27,PL-GDN-01,C000894,VM-ACC-0003,1,276.94,0.05,PLN
SO-2023-007084,1,2023-06-27,2023-06-27,PL-GDN-01,C003089,VM-NUT-0009,2,81.17,0.0,PLN
SO-2023-007085,1,2023-06-27,2023-06-27,PL-GDN-01,C003090,VM-NUT-0010,3,33.42,0.05,PLN
SO-2023-007086,1,2023-06-27,2023-06-27,PL-GDN-01,C003091,VM-ACC-0008,2,381.99,0.05,PLN
SO-2023-007086,2,2023-06-27,2023-06-27,PL-GDN-01,C003091,VM-BIK-0004,1,4077.84,0.05,PLN
SO-2023-007087,1,2023-06-27,2023-06-27,PL-POZ-01,C001336,VM-ACC-0008,2,381.99,0.0,PLN
SO-2023-007088,1,2023-06-27,2023-06-28,PL-WEB-01,C003092,VM-BIK-0012,4,11278.54,0.1,PLN
SO-2023-007089,1,2023-06-27,2023-06-29,PL-WEB-01,C002985,VM-BIK-0016,1,3428.44,0.0,PLN
SO-2023-007089,2,2023-06-27,2023-06-29,PL-WEB-01,C002985,VM-CMP-0006,1,190.99,0.0,PLN
SO-2023-007090,1,2023-06-27,2023-06-30,PL-WEB-01,C002918,VM-APP-0007,2,152.79,0.0,PLN
SO-2023-007090,2,2023-06-27,2023-06-30,PL-WEB-01,C002918,VM-CMP-0013,1,506.14,0.0,PLN
SO-2023-007091,1,2023-06-27,2023-06-30,PL-WEB-01,C001461,VM-CMP-0013,2,506.14,0.0,PLN
SO-2023-007092,1,2023-06-27,2023-07-01,PL-WEB-01,C003093,VM-APP-0008,2,152.79,0.0,PLN
SO-2023-007092,2,2023-06-27,2023-07-01,PL-WEB-01,C003093,VM-BIK-0020,1,1155.54,0.0,PLN
SO-2023-007092,3,2023-06-27,2023-07-01,PL-WEB-01,C003093,VM-BIK-0007,1,6732.74,0.0,PLN
SO-2023-007093,1,2023-06-27,2023-06-29,PL-WEB-01,C002541,VM-BIK-0007,1,6732.74,0.0,PLN
SO-2023-007094,1,2023-06-27,2023-07-01,PL-WEB-01,C001085,VM-BIK-0013,1,4583.99,0.05,PLN
SO-2023-007094,2,2023-06-27,2023-07-01,PL-WEB-01,C001085,VM-ACC-0009,1,381.99,0.05,PLN
SO-2023-007095,1,2023-06-27,2023-07-01,PL-WEB-01,C002770,VM-BIK-0012,1,11278.54,0.0,PLN
SO-2023-007095,2,2023-06-27,2023-07-01,PL-WEB-01,C002770,VM-NUT-0005,7,8.59,0.0,PLN
SO-2023-007095,3,2023-06-27,2023-07-01,PL-WEB-01,C002770,VM-ACC-0008,2,381.99,0.0,PLN
SO-2023-007095,4,2023-06-27,2023-07-01,PL-WEB-01,C002770,VM-ACC-0007,1,343.79,0.0,PLN
SO-2023-007096,1,2023-06-27,2023-06-29,PL-WEB-01,C003094,VM-APP-0010,1,162.34,0.05,PLN
SO-2023-007097,1,2023-06-27,2023-07-01,PL-MKT-01,C003095,VM-CMP-0010,2,372.44,0.0,PLN
SO-2023-007097,2,2023-06-27,2023-07-01,PL-MKT-01,C003095,VM-APP-0008,1,152.79,0.0,PLN
SO-2023-007097,3,2023-06-27,2023-07-01,PL-MKT-01,C003095,VM-NUT-0006,12,9.54,0.05,PLN
SO-2023-007098,1,2023-06-27,2023-06-28,PL-MKT-01,C003096,VM-BIK-0004,1,4077.84,0.05,PLN
SO-2023-007098,2,2023-06-27,2023-06-28,PL-MKT-01,C003096,VM-BIK-0010,1,6035.59,0.05,PLN
SO-2023-007098,3,2023-06-27,2023-06-28,PL-MKT-01,C003096,VM-APP-0018,1,124.14,0.05,PLN
SO-2023-007098,4,2023-06-27,2023-06-28,PL-MKT-01,C003096,VM-ACC-0003,1,276.94,0.05,PLN
SO-2023-007099,1,2023-06-27,2023-07-01,PL-MKT-01,C003097,VM-APP-0019,1,63.02,0.0,PLN
SO-2023-007100,1,2023-06-27,2023-06-30,PL-MKT-01,C003098,VM-APP-0019,1,63.02,0.05,PLN
SO-2023-007101,1,2023-06-27,2023-06-29,PL-MKT-01,C003099,VM-NUT-0011,1,51.56,0.0,PLN
SO-2023-007102,1,2023-06-27,2023-06-27,CZ-PRG-01,,VM-CMP-0015,1,4586.0,0.0,CZK
SO-2023-007103,1,2023-06-27,2023-06-27,CZ-PRG-01,,VM-ACC-0008,1,1994.0,0.0,CZK
SO-2023-007104,1,2023-06-27,2023-06-29,CZ-WEB-01,C002727,VM-CMP-0020,3,1296.0,0.0,CZK
SO-2023-007105,1,2023-06-27,2023-07-01,CZ-WEB-01,C000101,VM-ACC-0014,1,548.0,0.0,CZK
SO-2023-007106,1,2023-06-27,2023-06-30,CZ-WEB-01,C003100,VM-BIK-0017,1,9520.0,0.0,CZK
SO-2023-007106,2,2023-06-27,2023-06-30,CZ-WEB-01,C003100,VM-ACC-0014,1,548.0,0.0,CZK
SO-2023-007106,3,2023-06-27,2023-06-30,CZ-WEB-01,C003100,VM-BIK-0004,1,21283.0,0.0,CZK
SO-2023-007107,1,2023-06-27,2023-06-29,CZ-WEB-01,C002452,VM-CMP-0013,1,2642.0,0.0,CZK
SO-2023-007108,1,2023-06-27,2023-06-29,CZ-WEB-01,C003101,VM-BIK-0020,1,6031.0,0.0,CZK
SO-2023-007109,1,2023-06-27,2023-06-28,CZ-WEB-01,C003102,VM-ACC-0009,1,1994.0,0.0,CZK
SO-2023-007109,2,2023-06-27,2023-06-28,CZ-WEB-01,C003102,VM-NUT-0006,11,50.0,0.0,CZK
SO-2023-007109,3,2023-06-27,2023-06-28,CZ-WEB-01,C003102, VM-BIK-0012 ,1,58865.0,0.0,CZK
SO-2023-007109,4,2023-06-27,2023-06-28,CZ-WEB-01,C003102,VM-BIK-0009,1,28112.0,0.0,CZK
SO-2023-007110,1,2023-06-27,2023-06-29,CZ-WEB-01,C002970,VM-CMP-0016,2,12261.0,0.0,CZK
SO-2023-007110,2,2023-06-27,2023-06-29,CZ-WEB-01,C002970,VM-APP-0011,1,2044.0,0.0,CZK
SO-2023-007111,1,2023-06-27,2023-06-28,CZ-WEB-01,C000718,VM-ACC-0014,1,548.0,0.0,CZK
SO-2023-007111,2,2023-06-27,2023-06-28,CZ-WEB-01,C000718,VM-ACC-0021,1,3888.0,0.0,CZK
SO-2023-007112,1,2023-06-27,2023-06-29,CZ-WEB-01,C000458,VM-BIK-0012,1,58865.0,0.0,CZK
SO-2023-007113,1,2023-06-27,2023-06-27,DE-BER-01,C002079, VM-BIK-0009 ,1,1179.14,0.05,EUR
SO-2023-007113,2,2023-06-27,2023-06-27,DE-BER-01,C002079,VM-ACC-0006,2,198.61,0.05,EUR
SO-2023-007114,1,2023-06-27,2023-06-27,DE-BER-01,C002482,VM-ACC-0014,1,23.0,0.05,EUR
SO-2023-007114,2,2023-06-27,2023-06-27,DE-BER-01,C002482,VM-ACC-0001,2,79.44,0.05,EUR
SO-2023-007115,1,2023-06-27,2023-06-30,DE-WEB-01,C000151,VM-BIK-0001,1,2862.13,0.0,EUR
SO-2023-007115,2,2023-06-27,2023-06-30,DE-WEB-01,C000151,VM-EBK-0007,1,3073.29,0.0,EUR
SO-2023-007115,3,2023-06-27,2023-06-30,DE-WEB-01,C000151,VM-ACC-0003,1,60.63,0.0,EUR
SO-2023-007116,1,2023-06-27,2023-06-29,DE-WEB-01,C000824,vm-ebk-0008,1,3156.92,0.05,EUR
SO-2023-007117,1,2023-06-27,2023-07-01,DE-WEB-01,C001676,VM-CMP-0017,2,104.53,0.0,EUR
SO-2023-007117,2,2023-06-27,2023-07-01,DE-WEB-01,C001676,VM-APP-0017,1,39.72,0.0,EUR
SO-2023-007117,3,2023-06-27,2023-07-01,DE-WEB-01,C001676,VM-NUT-0006,4,2.09,0.0,EUR
SO-2023-007117,4,2023-06-27,2023-07-01,DE-WEB-01,C001676,VM-NUT-0005,6,1.88,0.0,EUR
SO-2023-007118,1,2023-06-27,2023-07-01,DE-WEB-01,C000123,VM-APP-0002,3,91.99,0.0,EUR
SO-2023-007118,2,2023-06-27,2023-07-01,DE-WEB-01,C000123,VM-APP-0014,1,102.44,0.0,EUR
SO-2023-007119,1,2023-06-28,2023-06-28,PL-WAW-01,C003103,VM-CMP-0017,2,477.49,0.0,PLN
SO-2023-007119,2,2023-06-28,2023-06-28,PL-WAW-01,C003103,VM-CMP-0003,1,229.19,0.0,PLN
SO-2023-007120,1,2023-06-28,2023-06-28,PL-WAW-02,C003104,VM-APP-0014,1,467.94,0.0,PLN
SO-2023-007121,1,2023-06-28,2023-06-28,PL-KRK-01,C003105,VM-NUT-0001,6,8.59,0.0,PLN
SO-2023-007122,1,2023-06-28,2023-06-28,PL-KRK-01,C003106,VM-NUT-0001,6,8.59,0.0,PLN
SO-2023-007123,1,2023-06-28,2023-06-28,PL-KRK-01,,VM-NUT-0002,15,14.32,0.0,PLN
SO-2023-007123,2,2023-06-28,2023-06-28,PL-KRK-01,,VM-NUT-0006,8,9.54,0.0,PLN
SO-2023-007123,3,2023-06-28,2023-06-28,PL-KRK-01,,VM-APP-0003,1,296.04,0.0,PLN
SO-2023-007123,4,2023-06-28,2023-06-28,PL-KRK-01,,VM-ACC-0004,2,744.89,0.0,PLN
SO-2023-007124,1,2023-06-28,2023-06-28,PL-WRO-01,C000366,VM-BIK-0007,1,6732.74,0.05,PLN
SO-2023-007125,1,2023-06-28,2023-06-28,PL-WRO-01,C003107,VM-CMP-0018,3,59.2,0.05,PLN
SO-2023-007126,1,2023-06-28,2023-06-28,PL-WRO-01,,VM-CMP-0013,2,506.14,0.0,PLN
SO-2023-007127,1,2023-06-28,2023-06-28,PL-WRO-01,C000183,vm-ebk-0002,1,9502.24,0.05,PLN
SO-2023-007127,2,2023-06-28,2023-06-28,PL-WRO-01,C000183,VM-ACC-0019,3,47.74,0.05,PLN
SO-2023-007128,1,2023-06-28,2023-06-28,PL-WRO-01,C003108,VM-EBK-0001,1,7324.84,0.0,PLN
SO-2023-007129,1,2023-06-28,2023-06-28,PL-WRO-01,C001287,VM-NUT-0003,7,10.5,0.0,PLN
SO-2023-007129,2,2023-06-28,2023-06-28,PL-WRO-01,C001287,VM-BIK-0013,1,4583.99,0.0,PLN
SO-2023-007130,1,2023-06-28,2023-06-28,PL-WRO-01,C003109,VM-APP-0001,3,439.29,0.0,PLN
SO-2023-007131,1,2023-06-28,2023-06-28,PL-WRO-01,C003110,VM-BIK-0007,1,6732.74,0.0,PLN
SO-2023-007131,2,2023-06-28,2023-06-28,PL-WRO-01,C003110,VM-ACC-0019,2,47.74,0.0,PLN
SO-2023-007131,3,2023-06-28,2023-06-28,PL-WRO-01,C003110,VM-ACC-0020,1,773.54,0.0,PLN
SO-2023-007132,1,2023-06-28,2023-06-28,PL-GDN-01,C002391,VM-ACC-0007,2,343.79,0.05,PLN
SO-2023-007133,1,2023-06-28,2023-06-28,PL-GDN-01,C000990,VM-APP-0001,2,439.29,0.0,PLN
SO-2023-007133,2,2023-06-28,2023-06-28,PL-GDN-01,C000990,VM-APP-0017,2,181.44,0.0,PLN
SO-2023-007134,1,2023-06-28,2023-06-28,PL-GDN-01,C000051,VM-APP-0013,1,420.19,0.0,PLN
SO-2023-007134,2,2023-06-28,2023-06-28,PL-GDN-01,C000051,VM-NUT-0010,4,33.42,0.0,PLN
SO-2023-007135,1,2023-06-28,2023-06-28,PL-POZ-01,C003111,VM-BIK-0012,1,11278.54,0.0,PLN
SO-2023-007136,1,2023-06-28,2023-06-28,PL-POZ-01,C001417,VM-CMP-0013,2,506.14,0.0,PLN
SO-2023-007136,2,2023-06-28,2023-06-28,PL-POZ-01,C001417,VM-BIK-0007,1,6732.74,0.0,PLN
SO-2023-007137,1,2023-06-28,2023-06-28,PL-POZ-01,C002184,VM-EBK-0008,1,14420.49,0.0,PLN
SO-2023-007137,2,2023-06-28,2023-06-28,PL-POZ-01,C002184,VM-BIK-0012,1,11278.54,0.0,PLN
SO-2023-007138,1,2023-06-28,2023-06-29,PL-WEB-01,C003112,VM-CMP-0014,1,410.64,0.0,PLN
SO-2023-007138,2,2023-06-28,2023-06-29,PL-WEB-01,C003112,VM-NUT-0011,4,51.56,0.0,PLN
SO-2023-007139,1,2023-06-28,2023-06-29,PL-WEB-01,C003113,VM-CMP-0004,2,687.59,0.0,PLN
SO-2023-007140,1,2023-06-28,2023-07-02,PL-WEB-01,C000454,VM-NUT-0009,2,81.17,0.0,PLN
SO-2023-007140,2,2023-06-28,2023-07-02,PL-WEB-01,C000454,VM-CMP-0020,3,248.29,0.0,PLN
SO-2023-007140,3,2023-06-28,2023-07-02,PL-WEB-01,C000454,VM-BIK-0002,1,9196.64,0.0,PLN
SO-2023-007140,4,2023-06-28,2023-07-02,PL-WEB-01,C000454,VM-APP-0001,3,439.29,0.0,PLN
SO-2023-007141,1,2023-06-28,2023-06-30,PL-WEB-01,C002273,VM-NUT-0002,10,14.32,0.0,PLN
SO-2023-007142,1,2023-06-28,2023-06-30,PL-WEB-01,C003114,VM-BIK-0014,1,3657.64,0.0,PLN
SO-2023-007143,1,2023-06-28,2023-06-30,PL-WEB-01,C000508,VM-ACC-0002,2,582.54,0.0,PLN
SO-2023-007144,1,2023-06-28,2023-07-01,PL-WEB-01,C003115,VM-CMP-0022,3,34.37,0.0,PLN
SO-2023-007144,2,2023-06-28,2023-07-01,PL-WEB-01,C003115,VM-BIK-0012,1,11278.54,0.0,PLN
SO-2023-007145,1,2023-06-28,2023-07-02,PL-WEB-01,C003116,VM-ACC-0014,1,105.04,0.0,PLN
SO-2023-007146,1,2023-06-28,2023-06-29,PL-WEB-01,C003024,VM-EBK-0008,1,14420.49,0.0,PLN
SO-2023-007146,2,2023-06-28,2023-06-29,PL-WEB-01,C003024,VM-ACC-0002,2,582.54,0.0,PLN
SO-2023-007146,3,2023-06-28,2023-06-29,PL-WEB-01,C003024,VM-ACC-0007,2,343.79,0.0,PLN
SO-2023-007146,4,2023-06-28,2023-06-29,PL-WEB-01,C003024,VM-BIK-0002,1,9196.64,0.0,PLN
SO-2023-007147,1,2023-06-28,2023-07-01,PL-WEB-01,C003117,VM-BIK-0021,1,1193.74,0.0,PLN
SO-2023-007147,2,2023-06-28,2023-07-01,PL-WEB-01,C003117,VM-ACC-0009,1,381.99,0.0,PLN
SO-2023-007148,1,2023-06-28,2023-07-01,PL-WEB-01,C001787,VM-ACC-0020,1,773.54,0.0,PLN
SO-2023-007148,2,2023-06-28,2023-07-01,PL-WEB-01,C001787,VM-BIK-0013,1,4583.99,0.0,PLN
SO-2023-007148,3,2023-06-28,2023-07-01,PL-WEB-01,C001787,VM-BIK-0004,1,4077.84,0.0,PLN
SO-2023-007149,1,2023-06-28,2023-07-02,PL-WEB-01,C003118,VM-NUT-0011,3,51.56,0.0,PLN
SO-2023-007150,1,2023-06-28,2023-06-30,PL-WEB-01,C000906,VM-CMP-0019,2,200.54,0.0,PLN
SO-2023-007151,1,2023-06-28,2023-06-30,PL-WEB-01,C000748,VM-CMP-0010,8,372.44,0.08,PLN
SO-2023-007152,1,2023-06-28,2023-07-02,PL-MKT-01,C000476,VM-ACC-0002,2,582.54,0.0,PLN
SO-2023-007153,1,2023-06-28,2023-06-29,PL-MKT-01,C001268,VM-CMP-0008,1,420.19,0.0,PLN
SO-2023-007153,2,2023-06-28,2023-06-29,PL-MKT-01,C001268,VM-NUT-0004,12,6.68,0.0,PLN
SO-2023-007153,3,2023-06-28,2023-06-29,PL-MKT-01,C001268,VM-BIK-0007,1,6732.74,0.0,PLN
SO-2023-007153,4,2023-06-28,2023-06-29,PL-MKT-01,C001268,VM-APP-0013,1,420.19,0.0,PLN
SO-2023-007154,1,2023-06-28,2023-07-01,PL-MKT-01,C003119,VM-BIK-0009,1,5386.19,0.0,PLN
SO-2023-007154,2,2023-06-28,2023-07-01,PL-MKT-01,C003119,VM-ACC-0012,1,68.75,0.0,PLN
SO-2023-007154,3,2023-06-28,2023-07-01,PL-MKT-01,C003119,VM-ACC-0002,1,582.54,0.0,PLN
SO-2023-007155,1,2023-06-28,2023-07-01,PL-MKT-01,C002180,VM-BIK-0003,1,6245.69,0.0,PLN
SO-2023-007156,1,2023-06-28,2023-06-30,PL-MKT-01,C002408, VM-BIK-0021 ,1,1193.74,0.05,PLN
SO-2023-007157,1,2023-06-28,2023-07-01,PL-MKT-01,C000745,VM-BIK-0004,1,4077.84,0.0,PLN
SO-2023-007158,1,2023-06-28,2023-06-28,CZ-PRG-01,C000896,VM-CMP-0017,1,2492.0,0.05,CZK
SO-2023-007158,2,2023-06-28,2023-06-28,CZ-PRG-01,C000896,VM-BIK-0007,1,35140.0,0.05,CZK
SO-2023-007159,1,2023-06-28,2023-06-28,CZ-PRG-01,C001015,VM-NUT-0004,5,35.0,0.0,CZK
SO-2023-007160,1,2023-06-28,2023-06-28,CZ-PRG-01,,VM-BIK-0021,1,6230.0,0.0,CZK
SO-2023-007160,2,2023-06-28,2023-06-28,CZ-PRG-01,,VM-ACC-0017,1,289.0,0.0,CZK
SO-2023-007161,1,2023-06-28,2023-06-28,CZ-PRG-01,C002661,VM-ACC-0005,1,897.0,0.0,CZK
SO-2023-007161,2,2023-06-28,2023-06-28,CZ-PRG-01,C002661,VM-NUT-0004,6,35.0,0.0,CZK
SO-2023-007162,1,2023-06-28,2023-06-30,CZ-WEB-01,C003120,VM-BIK-0004,1,21283.0,0.0,CZK
SO-2023-007162,2,2023-06-28,2023-06-30,CZ-WEB-01,C003120,VM-ACC-0015,1,1744.0,0.0,CZK
SO-2023-007163,1,2023-06-28,2023-07-02,CZ-WEB-01,C000768,VM-CMP-0008,2,2193.0,0.0,CZK
SO-2023-007164,1,2023-06-28,2023-06-29,CZ-WEB-01,C000582,VM-CMP-0012,2,2691.0,0.0,CZK
SO-2023-007165,1,2023-06-28,2023-06-29,DE-WEB-01,C002748,VM-BIK-0007,1,1473.92,0.0,EUR
SO-2023-007165,2,2023-06-28,2023-06-29,DE-WEB-01,C002748,VM-ACC-0005,2,37.63,0.0,EUR
SO-2023-007165,3,2023-06-28,2023-06-29,DE-WEB-01,C002748,VM-ACC-0013,1,35.54,0.0,EUR
SO-2023-007166,1,2023-06-28,2023-06-30,DE-WEB-01,C001453,VM-ACC-0007,2,75.26,0.0,EUR
SO-2023-007167,1,2023-06-28,2023-06-29,DE-WEB-01,C000325,VM-CMP-0006,1,41.81,0.0,EUR
SO-2023-007168,1,2023-06-28,2023-06-30,DE-WEB-01,C003121,VM-ACC-0008,1,83.62,0.0,EUR
SO-2023-007169,1,2023-06-29,2023-06-29,PL-WAW-01,C002562,VM-BIK-0009,1,5386.19,0.0,PLN
SO-2023-007170,1,2023-06-29,2023-06-29,PL-WAW-01,,VM-NUT-0003,9,10.5,0.0,PLN
SO-2023-007170,2,2023-06-29,2023-06-29,PL-WAW-01,,VM-CMP-0017,1,477.49,0.0,PLN
SO-2023-007171,1,2023-06-29,2023-06-29,PL-WAW-01,C003122,VM-APP-0020,1,171.89,0.0,PLN
SO-2023-007171,2,2023-06-29,2023-06-29,PL-WAW-01,C003122,VM-BIK-0009,1,5386.19,0.0,PLN
SO-2023-007171,3,2023-06-29,2023-06-29,PL-WAW-01,C003122,VM-NUT-0010,3,33.42,0.0,PLN
SO-2023-007171,4,2023-06-29,2023-06-29,PL-WAW-01,C003122,VM-BIK-0001,1,13073.94,0.0,PLN
SO-2023-007172,1,2023-06-29,2023-06-29,PL-WAW-01,C003123,VM-APP-0002,3,420.19,0.0,PLN
SO-2023-007172,2,2023-06-29,2023-06-29,PL-WAW-01,C003123,VM-ACC-0007,1,343.79,0.0,PLN
SO-2023-007172,3,2023-06-29,2023-06-29,PL-WAW-01,C003123,VM-ACC-0014,1,105.04,0.1,PLN
SO-2023-007173,1,2023-06-29,2023-06-29,PL-WAW-01,C000413,VM-APP-0014,1,467.94,0.0,PLN
SO-2023-007174,1,2023-06-29,2023-06-29,PL-WAW-01,,VM-CMP-0017,2,477.49,0.05,PLN
SO-2023-007175,1,2023-06-29,2023-06-29,PL-WAW-01,C003124,VM-ACC-0023,1,888.14,0.0,PLN
SO-2023-007175,2,2023-06-29,2023-06-29,PL-WAW-01,C003124,VM-ACC-0012,1,68.75,0.0,PLN
SO-2023-007176,1,2023-06-29,2023-06-29,PL-WAW-01,C003125,VM-ACC-0003,1,276.94,0.0,PLN
SO-2023-007176,2,2023-06-29,2023-06-29,PL-WAW-01,C003125,VM-CMP-0020,3,248.29,0.0,PLN
SO-2023-007177,1,2023-06-29,2023-06-29,PL-WAW-02,C000197,VM-EBK-0007,1,14038.49,0.0,PLN
SO-2023-007178,1,2023-06-29,2023-06-29,PL-WAW-02,,VM-ACC-0001,1,362.89,0.0,PLN
SO-2023-007178,2,2023-06-29,2023-06-29,PL-WAW-02,,vm-nut-0002,6,14.32,0.0,PLN
SO-2023-007178,3,2023-06-29,2023-06-29,PL-WAW-02,,VM-BIK-0007,1,6732.74,0.0,PLN
SO-2023-007178,4,2023-06-29,2023-06-29,PL-WAW-02,,VM-BIK-0012,1,11278.54,0.0,PLN
SO-2023-007179,1,2023-06-29,2023-06-29,PL-WAW-02,C002379,VM-CMP-0016,2,2349.29,0.0,PLN
SO-2023-007179,2,2023-06-29,2023-06-29,PL-WAW-02,C002379,VM-APP-0012,1,830.84,0.0,PLN
SO-2023-007179,3,2023-06-29,2023-06-29,PL-WAW-02,C002379,VM-BIK-0009,1,5386.19,0.0,PLN
SO-2023-007179,4,2023-06-29,2023-06-29,PL-WAW-02,C002379,VM-EBK-0008,1,14420.49,0.1,PLN
SO-2023-007180,1,2023-06-29,2023-06-29,PL-WAW-02,C000653,VM-CMP-0017,2,477.49,0.0,PLN
SO-2023-007181,1,2023-06-29,2023-06-29,PL-WAW-02,C003126,VM-BIK-0018,1,2291.99,0.0,PLN
SO-2023-007181,2,2023-06-29,2023-06-29,PL-WAW-02,C003126,VM-ACC-0008,2,381.99,0.0,PLN
SO-2023-007181,3,2023-06-29,2023-06-29,PL-WAW-02,C003126,VM-ACC-0007,1,343.79,0.0,PLN
SO-2023-007182,1,2023-06-29,2023-06-29,PL-WAW-02,,VM-ACC-0008,2,381.99,0.0,PLN
SO-2023-007183,1,2023-06-29,2023-06-29,PL-KRK-01,,VM-CMP-0009,2,334.24,0.0,PLN
SO-2023-007184,1,2023-06-29,2023-06-29,PL-KRK-01,C001849,VM-CMP-0006,2,190.99,0.05,PLN
SO-2023-007184,2,2023-06-29,2023-06-29,PL-KRK-01,C001849,VM-ACC-0018,3,47.74,0.05,PLN
SO-2023-007184,3,2023-06-29,2023-06-29,PL-KRK-01,C001849, VM-BIK-0013 ,1,4583.99,0.05,PLN
SO-2023-007185,1,2023-06-29,2023-06-29,PL-KRK-01,C000092,VM-ACC-0004,2,744.89,0.0,PLN
SO-2023-007185,2,2023-06-29,2023-06-29,PL-KRK-01,C000092,VM-APP-0002,1,420.19,0.0,PLN
SO-2023-007186,1,2023-06-29,2023-06-29,PL-KRK-01,C003127,VM-NUT-0003,8,10.5,0.0,PLN
SO-2023-007187,1,2023-06-29,2023-06-29,PL-KRK-01,,VM-NUT-0005,7,8.59,0.0,PLN
SO-2023-007187,2,2023-06-29,2023-06-29,PL-KRK-01,,VM-CMP-0006,2,190.99,0.0,PLN
SO-2023-007187,3,2023-06-29,2023-06-29,PL-KRK-01,,VM-ACC-0008,2,381.99,0.0,PLN
SO-2023-007188,1,2023-06-29,2023-06-29,PL-KRK-01,C001146,VM-BIK-0016,1,3428.44,0.05,PLN
SO-2023-007189,1,2023-06-29,2023-06-29,PL-WRO-01,,VM-APP-0001,3,439.29,0.0,PLN
SO-2023-007189,2,2023-06-29,2023-06-29,PL-WRO-01,,VM-NUT-0010,3,33.42,0.0,PLN
SO-2023-007190,1,2023-06-29,2023-06-29,PL-WRO-01,C003128,VM-CMP-0015,10,878.59,0.1,PLN
SO-2023-007190,2,2023-06-29,2023-06-29,PL-WRO-01,C003128,VM-CMP-0012,8,515.69,0.12,PLN
SO-2023-007191,1,2023-06-29,2023-06-29,PL-GDN-01,C002518,VM-EBK-0008,1,14420.49,0.0,PLN
SO-2023-007191,2,2023-06-29,2023-06-29,PL-GDN-01,C002518, VM-ACC-0008 ,1,381.99,0.0,PLN
SO-2023-007192,1,2023-06-29,2023-06-29,PL-GDN-01,,VM-EBK-0002,1,9502.24,0.0,PLN
SO-2023-007192,2,2023-06-29,2023-06-29,PL-GDN-01,,VM-NUT-0006,11,9.54,0.0,PLN
SO-2023-007193,1,2023-06-29,2023-06-29,PL-GDN-01,,VM-APP-0002,2,420.19,0.0,PLN
SO-2023-007194,1,2023-06-29,2023-06-29,PL-POZ-01,C002810,VM-ACC-0014,1,105.04,0.0,PLN
SO-2023-007194,2,2023-06-29,2023-06-29,PL-POZ-01,C002810,VM-APP-0003,1,296.04,0.0,PLN
SO-2023-007194,3,2023-06-29,2023-06-29,PL-POZ-01,C002810,VM-ACC-0010,1,238.74,0.0,PLN
SO-2023-007194,4,2023-06-29,2023-06-29,PL-POZ-01,C002810,VM-ACC-0018,2,47.74,0.0,PLN
SO-2023-007195,1,2023-06-29,2023-07-01,PL-WEB-01,C003129,VM-BIK-0004,1,4077.84,0.0,PLN
SO-2023-007196,1,2023-06-29,2023-07-02,PL-WEB-01,C001248,VM-ACC-0008,2,381.99,0.1,PLN
SO-2023-007197,1,2023-06-29,2023-07-01,PL-WEB-01,C003130,VM-BIK-0012,1,11278.54,0.0,PLN
SO-2023-007197,2,2023-06-29,2023-07-01,PL-WEB-01,C003130,VM-CMP-0017,2,477.49,0.0,PLN
SO-2023-007198,1,2023-06-29,2023-07-01,PL-WEB-01,C003131,VM-BIK-0013,1,4583.99,0.05,PLN
SO-2023-007199,1,2023-06-29,2023-07-02,PL-WEB-01,C003132,VM-BIK-0017,1,1824.04,0.0,PLN
SO-2023-007199,2,2023-06-29,2023-07-02,PL-WEB-01,C003132,VM-BIK-0009,1,5386.19,0.0,PLN
SO-2023-007200,1,2023-06-29,2023-06-30,PL-WEB-01,C001930,VM-NUT-0002,14,14.32,0.05,PLN
SO-2023-007200,2,2023-06-29,2023-06-30,PL-WEB-01,C001930,VM-APP-0002,1,420.19,0.05,PLN
SO-2023-007201,1,2023-06-29,2023-07-01,PL-WEB-01,C002067,VM-BIK-0018,1,2291.99,0.0,PLN
SO-2023-007202,1,2023-06-29,2023-07-02,PL-WEB-01,C003133,VM-APP-0006,1,296.04,0.0,PLN
SO-2023-007203,1,2023-06-29,2023-07-02,PL-WEB-01,C003134,VM-ACC-0022,1,1499.34,0.0,PLN
SO-2023-007203,2,2023-06-29,2023-07-02,PL-WEB-01,C003134,VM-NUT-0010,4,33.42,0.0,PLN
SO-2023-007203,3,2023-06-29,2023-07-02,PL-WEB-01,C003134,VM-ACC-0014,1,105.04,0.05,PLN
SO-2023-007204,1,2023-06-29,2023-07-03,PL-WEB-01,C003135,VM-ACC-0018,1,47.74,0.0,PLN
SO-2023-007204,2,2023-06-29,2023-07-03,PL-WEB-01,C003135,VM-EBK-0009,1,9464.04,0.0,PLN
SO-2023-007204,3,2023-06-29,2023-07-03,PL-WEB-01,C003135,VM-BIK-0012,1,11278.54,0.0,PLN
SO-2023-007205,1,2023-06-29,2023-07-01,PL-WEB-01,C002811,VM-BIK-0013,1,4583.99,0.0,PLN
SO-2023-007206,1,2023-06-29,2023-07-01,PL-WEB-01,C003136,VM-EBK-0007,1,14038.49,0.0,PLN
SO-2023-007206,2,2023-06-29,2023-07-01,PL-WEB-01,C003136,VM-ACC-0007,1,343.79,0.0,PLN
SO-2023-007207,1,2023-06-29,2023-07-03,PL-WEB-01,C001171,VM-ACC-0008,2,381.99,0.0,PLN
SO-2023-007208,1,2023-06-29,2023-07-01,PL-WEB-01,C002120,VM-ACC-0001,1,362.89,0.05,PLN
SO-2023-007208,2,2023-06-29,2023-07-01,PL-WEB-01,C002120,VM-CMP-0017,2,477.49,0.05,PLN
SO-2023-007208,3,2023-06-29,2023-07-01,PL-WEB-01,C002120,VM-BIK-0007,1,6732.74,0.05,PLN
SO-2023-007208,4,2023-06-29,2023-07-01,PL-WEB-01,C002120,VM-NUT-0010,3,33.42,0.05,PLN
SO-2023-007209,1,2023-06-29,2023-07-01,PL-WEB-01,C003137,VM-NUT-0006,5,9.54,0.0,PLN
SO-2023-007209,2,2023-06-29,2023-07-01,PL-WEB-01,C003137,VM-APP-0020,2,171.89,0.0,PLN
SO-2023-007210,1,2023-06-29,2023-06-30,PL-MKT-01,C002405,VM-CMP-0002,2,534.79,0.0,PLN
SO-2023-007211,1,2023-06-29,2023-07-02,PL-MKT-01,C003138,VM-BIK-0017,1,1824.04,0.05,PLN
SO-2023-007211,2,2023-06-29,2023-07-02,PL-MKT-01,C003138,VM-NUT-0006,9,9.54,0.05,PLN
SO-2023-007211,3,2023-06-29,2023-07-02,PL-MKT-01,C003138,VM-ACC-0009,1,381.99,0.05,PLN
SO-2023-007211,4,2023-06-29,2023-07-02,PL-MKT-01,C003138,VM-ACC-0014,1,105.04,0.05,PLN
SO-2023-007212,1,2023-06-29,2023-06-30,PL-MKT-01,C001236,VM-CMP-0013,1,506.14,0.0,PLN
SO-2023-007212,2,2023-06-29,2023-06-30,PL-MKT-01,C001236,VM-EBK-0001,1,7324.84,0.0,PLN
SO-2023-007212,3,2023-06-29,2023-06-30,PL-MKT-01,C001236,VM-ACC-0018,3,47.74,0.0,PLN
SO-2023-007213,1,2023-06-29,2023-07-01,PL-MKT-01,C002566,VM-APP-0002,3,420.19,0.0,PLN
SO-2023-007214,1,2023-06-29,2023-07-03,PL-MKT-01,C000667,VM-EBK-0011,1,13981.19,0.0,PLN
SO-2023-007215,1,2023-06-29,2023-07-02,PL-MKT-01,C003139,VM-CMP-0010,2,372.44,0.0,PLN
SO-2023-007215,2,2023-06-29,2023-07-02,PL-MKT-01,C003139,VM-CMP-0016,1,2349.29,0.0,PLN
SO-2023-007215,3,2023-06-29,2023-07-02,PL-MKT-01,C003139,VM-APP-0014,1,467.94,0.0,PLN
SO-2023-007215,4,2023-06-29,2023-07-02,PL-MKT-01,C003139,VM-NUT-0011,2,51.56,0.0,PLN
SO-2023-007216,1,2023-06-29,2023-06-29,CZ-PRG-01,,VM-APP-0010,2,847.0,0.0,CZK
SO-2023-007216,2,2023-06-29,2023-06-29,CZ-PRG-01,,VM-ACC-0001,2,1894.0,0.0,CZK
SO-2023-007216,3,2023-06-29,2023-06-29,CZ-PRG-01,,VM-CMP-0003,1,1196.0,0.0,CZK
SO-2023-007217,1,2023-06-29,2023-06-29,CZ-PRG-01,,VM-CMP-0010,2,1944.0,0.0,CZK
SO-2023-007218,1,2023-06-29,2023-06-29,CZ-PRG-01,C003140,VM-CMP-0014,1,2143.0,0.0,CZK
SO-2023-007219,1,2023-06-29,2023-06-29,CZ-PRG-01,C003141,VM-APP-0012,1,4336.0,0.05,CZK
SO-2023-007219,2,2023-06-29,2023-06-29,CZ-PRG-01,C003141,vm-nut-0003,7,55.0,0.05,CZK
SO-2023-007219,3,2023-06-29,2023-06-29,CZ-PRG-01,C003141,VM-CMP-0020,2,1296.0,0.05,CZK
SO-2023-007220,1,2023-06-29,2023-06-29,CZ-PRG-01,C003142, VM-EBK-0001 ,1,38230.0,0.0,CZK
SO-2023-007221,1,2023-06-29,2023-07-03,CZ-WEB-01,C003013,VM-BIK-0004,1,21283.0,0.0,CZK
SO-2023-007222,1,2023-06-29,2023-06-30,CZ-WEB-01,C003143,VM-ACC-0014,1,548.0,0.05,CZK
SO-2023-007222,2,2023-06-29,2023-06-30,CZ-WEB-01,C003143,VM-BIK-0020,1,6031.0,0.0,CZK
SO-2023-007222,3,2023-06-29,2023-06-30,CZ-WEB-01,C003143,VM-ACC-0010,2,1246.0,0.0,CZK
SO-2023-007223,1,2023-06-29,2023-07-01,CZ-WEB-01,C003144,VM-NUT-0003,10,55.0,0.0,CZK
SO-2023-007224,1,2023-06-29,2023-07-01,CZ-WEB-01,C002948,VM-BIK-0005,1,36934.0,0.0,CZK
SO-2023-007224,2,2023-06-29,2023-07-01,CZ-WEB-01,C002948,VM-ACC-0008,2,1994.0,0.0,CZK
SO-2023-007225,1,2023-06-29,2023-07-03,CZ-WEB-01,C003145,VM-ACC-0010,1,1246.0,0.0,CZK
SO-2023-007225,2,2023-06-29,2023-07-03,CZ-WEB-01,C003145,VM-ACC-0018,1,249.0,0.0,CZK
SO-2023-007225,3,2023-06-29,2023-07-03,CZ-WEB-01,C003145,VM-BIK-0019,1,6031.0,0.0,CZK
SO-2023-007225,4,2023-06-29,2023-07-03,CZ-WEB-01,C003145,VM-BIK-0012,1,58865.0,0.0,CZK
SO-2023-007226,1,2023-06-29,2023-06-29,DE-BER-01,,VM-NUT-0005,11,1.88,0.0,EUR
SO-2023-007226,2,2023-06-29,2023-06-29,DE-BER-01,,VM-CMP-0018,1,12.96,0.0,EUR
SO-2023-007227,1,2023-06-29,2023-06-29,DE-BER-01,C003146,VM-NUT-0009,4,17.77,0.0,EUR
SO-2023-007228,1,2023-06-30,2023-06-30,PL-WAW-01,C003147,VM-EBK-0003,1,8680.94,0.0,PLN
SO-2023-007229,1,2023-06-30,2023-06-30,PL-WAW-01,C003148,VM-ACC-0014,1,105.04,0.0,PLN
SO-2023-007230,1,2023-06-30,2023-06-30,PL-WAW-01,C003149,VM-EBK-0008,4,14420.49,0.12,PLN
SO-2023-007230,2,2023-06-30,2023-06-30,PL-WAW-01,C003149,VM-ACC-0007,2,343.79,0.08,PLN
SO-2023-007231,1,2023-06-30,2023-06-30,PL-WAW-01,C002197,VM-ACC-0021,1,744.89,0.0,PLN
SO-2023-007232,1,2023-06-30,2023-06-30,PL-WAW-01,C003150,VM-BIK-0020,1,1155.54,0.0,PLN
SO-2023-007232,2,2023-06-30,2023-06-30,PL-WAW-01,C003150,VM-APP-0019,1,63.02,0.0,PLN
SO-2023-007233,1,2023-06-30,2023-06-30,PL-WAW-01,C003151,VM-APP-0008,1,152.79,0.0,PLN
SO-2023-007234,1,2023-06-30,2023-06-30,PL-WAW-01,C002566,VM-BIK-0012,1,11278.54,0.0,PLN
SO-2023-007235,1,2023-06-30,2023-06-30,PL-WAW-01,C003152,VM-ACC-0015,1,334.24,0.05,PLN
SO-2023-007236,1,2023-06-30,2023-06-30,PL-WAW-01,,VM-EBK-0011,1,13981.19,0.0,PLN
SO-2023-007237,1,2023-06-30,2023-06-30,PL-WAW-02,C003153,VM-ACC-0008,2,381.99,0.0,PLN
SO-2023-007238,1,2023-06-30,2023-06-30,PL-WAW-02,,VM-NUT-0003,8,10.5,0.0,PLN
SO-2023-007238,2,2023-06-30,2023-06-30,PL-WAW-02,,VM-APP-0006,3,296.04,0.0,PLN
SO-2023-007238,3,2023-06-30,2023-06-30,PL-WAW-02,,VM-ACC-0003,2,276.94,0.0,PLN
SO-2023-007239,1,2023-06-30,2023-06-30,PL-WAW-02,C001126,VM-NUT-0002,22,14.32,0.08,PLN
SO-2023-007240,1,2023-06-30,2023-06-30,PL-KRK-01,C003154,VM-NUT-0004,12,6.68,0.0,PLN
SO-2023-007241,1,2023-06-30,2023-06-30,PL-KRK-01,C002564,VM-EBK-0003,1,8680.94,0.0,PLN
SO-2023-007241,2,2023-06-30,2023-06-30,PL-KRK-01,C002564,VM-ACC-0018,3,47.74,0.0,PLN
SO-2023-007242,1,2023-06-30,2023-06-30,PL-WRO-01,C001557,VM-ACC-0023,1,888.14,0.0,PLN
SO-2023-007242,2,2023-06-30,2023-06-30,PL-WRO-01,C001557,VM-NUT-0002,13,14.32,0.0,PLN
SO-2023-007242,3,2023-06-30,2023-06-30,PL-WRO-01,C001557,VM-NUT-0004,13,6.68,0.0,PLN
SO-2023-007243,1,2023-06-30,2023-06-30,PL-WRO-01,C002011,VM-BIK-0011,1,8260.74,0.0,PLN
SO-2023-007243,2,2023-06-30,2023-06-30,PL-WRO-01,C002011,VM-NUT-0010,1,33.42,0.0,PLN
SO-2023-007243,3,2023-06-30,2023-06-30,PL-WRO-01,C002011,VM-CMP-0008,1,420.19,0.0,PLN
SO-2023-007244,1,2023-06-30,2023-06-30,PL-WRO-01,C003155,VM-ACC-0007,2,343.79,0.0,PLN
SO-2023-007245,1,2023-06-30,2023-06-30,PL-GDN-01,C003156,VM-ACC-0001,2,362.89,0.0,PLN
SO-2023-007245,2,2023-06-30,2023-06-30,PL-GDN-01,C003156,vm-cmp-0006,2,190.99,0.0,PLN
SO-2023-007245,3,2023-06-30,2023-06-30,PL-GDN-01,C003156,VM-CMP-0020,2,248.29,0.0,PLN
SO-2023-007246,1,2023-06-30,2023-06-30,PL-POZ-01,C001351,VM-BIK-0020,3,1155.54,0.08,PLN
SO-2023-007246,2,2023-06-30,2023-06-30,PL-POZ-01,C001351,VM-ACC-0010,10,238.74,0.08,PLN
SO-2023-007246,3,2023-06-30,2023-06-30,PL-POZ-01,C001351,VM-ACC-0008,8,381.99,0.08,PLN
SO-2023-007247,1,2023-06-30,2023-06-30,PL-POZ-01,C003099,VM-BIK-0013,1,4583.99,0.1,PLN
SO-2023-007248,1,2023-06-30,2023-07-04,PL-WEB-01,C003157,VM-CMP-0008,4,420.19,0.1,PLN
SO-2023-007248,2,2023-06-30,2023-07-04,PL-WEB-01,C003157,VM-NUT-0004,30,6.68,0.08,PLN
SO-2023-007248,3,2023-06-30,2023-07-04,PL-WEB-01,C003157,VM-NUT-0002,40,14.32,0.12,PLN
SO-2023-007248,4,2023-06-30,2023-07-04,PL-WEB-01,C003157,VM-BIK-0009,2,5386.19,0.12,PLN
SO-2023-007249,1,2023-06-30,2023-07-02,PL-WEB-01,C002322,VM-NUT-0009,3,81.17,0.05,PLN
SO-2023-007250,1,2023-06-30,2023-07-01,PL-WEB-01,C003024,VM-BIK-0013,1,4583.99,0.0,PLN
SO-2023-007251,1,2023-06-30,2023-07-01,PL-WEB-01,C003158,VM-ACC-0020,1,773.54,0.05,PLN
SO-2023-007252,1,2023-06-30,2023-07-03,PL-WEB-01,C001351,VM-EBK-0001,4,7324.84,0.12,PLN
SO-2023-007253,1,2023-06-30,2023-07-03,PL-WEB-01,C000085,VM-ACC-0008,1,381.99,0.0,PLN
SO-2023-007254,1,2023-06-30,2023-07-02,PL-WEB-01,C003159,VM-BIK-0012,1,11278.54,0.0,PLN
SO-2023-007255,1,2023-06-30,2023-07-04,PL-WEB-01,C001519,VM-NUT-0002,7,14.32,0.0,PLN
SO-2023-007256,1,2023-06-30,2023-07-03,PL-WEB-01,C003160,VM-APP-0020,2,171.89,0.0,PLN
SO-2023-007256,2,2023-06-30,2023-07-03,PL-WEB-01,C003160,VM-ACC-0020,1,773.54,0.0,PLN
SO-2023-007257,1,2023-06-30,2023-07-03,PL-MKT-01,C000129,VM-BIK-0001,1,13073.94,0.0,PLN
SO-2023-007258,1,2023-06-30,2023-07-02,PL-MKT-01,C000181,VM-ACC-0008,1,381.99,0.0,PLN
SO-2023-007258,2,2023-06-30,2023-07-02,PL-MKT-01,C000181,VM-APP-0002,1,420.19,0.0,PLN
SO-2023-007259,1,2023-06-30,2023-07-01,PL-MKT-01,C003161,VM-CMP-0015,2,878.59,0.05,PLN
SO-2023-007260,1,2023-06-30,2023-07-04,PL-MKT-01,C002520,VM-ACC-0008,1,381.99,0.0,PLN
SO-2023-007261,1,2023-06-30,2023-07-03,PL-MKT-01,C000406,VM-NUT-0003,15,10.5,0.0,PLN
SO-2023-007261,2,2023-06-30,2023-07-03,PL-MKT-01,C000406,VM-NUT-0009,2,81.17,0.0,PLN
SO-2023-007262,1,2023-06-30,2023-06-30,CZ-PRG-01,C002614,VM-BIK-0008,1,26467.0,0.0,CZK
SO-2023-007262,2,2023-06-30,2023-06-30,CZ-PRG-01,C002614,VM-ACC-0008,2,1994.0,0.0,CZK
SO-2023-007263,1,2023-06-30,2023-06-30,CZ-PRG-01,C003162,VM-APP-0013,1,2193.0,0.0,CZK
SO-2023-007264,1,2023-06-30,2023-06-30,CZ-PRG-01,C001545,VM-APP-0012,1,4336.0,0.0,CZK
SO-2023-007264,2,2023-06-30,2023-06-30,CZ-PRG-01,C001545,VM-APP-0005,2,897.0,0.0,CZK
SO-2023-007265,1,2023-06-30,2023-06-30,CZ-PRG-01,C002499,VM-EBK-0002,1,49594.0,0.05,CZK
SO-2023-007265,2,2023-06-30,2023-06-30,CZ-PRG-01,C002499,VM-CMP-0012,2,2691.0,0.05,CZK
SO-2023-007266,1,2023-06-30,2023-07-03,CZ-WEB-01,C003163,VM-ACC-0003,2,1445.0,0.05,CZK
SO-2023-007266,2,2023-06-30,2023-07-03,CZ-WEB-01,C003163,VM-ACC-0008,1,1994.0,0.05,CZK
SO-2023-007267,1,2023-06-30,2023-07-04,CZ-WEB-01,C003164,VM-APP-0006,3,1545.0,0.05,CZK
SO-2023-007267,2,2023-06-30,2023-07-04,CZ-WEB-01,C003164,VM-ACC-0014,1,548.0,0.05,CZK
SO-2023-007268,1,2023-06-30,2023-07-01,CZ-WEB-01,C003165,VM-EBK-0011,1,72971.0,0.0,CZK
SO-2023-007268,2,2023-06-30,2023-07-01,CZ-WEB-01,C003165,VM-CMP-0016,2,12261.0,0.05,CZK
SO-2023-007269,1,2023-06-30,2023-06-30,DE-BER-01,C000308,VM-BIK-0019,1,252.97,0.0,EUR
SO-2023-007270,1,2023-06-30,2023-06-30,DE-BER-01,,VM-NUT-0009,4,17.77,0.0,EUR
SO-2023-007270,2,2023-06-30,2023-06-30,DE-BER-01,,VM-APP-0004,3,50.17,0.0,EUR
SO-2023-007271,1,2023-06-30,2023-06-30,DE-BER-01,C003166,VM-APP-0009,1,73.17,0.0,EUR
SO-2023-007272,1,2023-06-30,2023-06-30,DE-BER-01,C002922,VM-EBK-0001,1,1603.55,0.0,EUR
SO-2023-007273,1,2023-06-30,2023-06-30,DE-BER-01,C002099,VM-APP-0001,2,96.17,0.0,EUR
SO-2023-007273,2,2023-06-30,2023-06-30,DE-BER-01,C002099,VM-APP-0018,2,27.18,0.0,EUR
SO-2023-007273,3,2023-06-30,2023-06-30,DE-BER-01,C002099,VM-APP-0004,1,50.17,0.0,EUR
SO-2023-007274,1,2023-06-30,2023-06-30,DE-BER-01,C003167,VM-BIK-0021,1,261.33,0.0,EUR
SO-2023-007275,1,2023-06-30,2023-07-02,DE-WEB-01,C001968,VM-BIK-0009,1,1179.14,0.0,EUR
SO-2023-007275,2,2023-06-30,2023-07-02,DE-WEB-01,C001968,VM-APP-0001,3,96.17,0.0,EUR
SO-2023-007275,3,2023-06-30,2023-07-02,DE-WEB-01,C001968,VM-ACC-0004,1,163.07,0.0,EUR
SO-2023-007276,1,2023-06-30,2023-07-02,DE-WEB-01,C003168,VM-ACC-0001,1,79.44,0.05,EUR
SO-2023-007276,2,2023-06-30,2023-07-02,DE-WEB-01,C003168,VM-CMP-0008,1,91.99,0.0,EUR
