OrderID,LineNo,OrderDate,ShipDate,StoreID,CustomerID,SKU,Quantity,UnitPrice,DiscountPct,Currency
SO-2023-011647,3,2023-10-07,2023-10-11,PL-MKT-01,C004983,VM-BIK-0004,1,4077.84,0.0,PLN
SO-2023-011864,1,2023-10-14,2023-10-14,PL-POZ-01,, VM-BIK-0004 ,1,4077.84,0.0,PLN
SO-2023-012369,2,2023-10-30,2023-10-30,PL-POZ-01,C005265,VM-NUT-0006,4,9.54,0.0,PLN
SO-2023-012386,2,2023-10-30,2023-11-01,CZ-WEB-01,C002710,VM-ACC-0004,1,3918.0,0.0,CZK
SO-2023-012420,1,2023-11-01,2023-11-01,PL-WAW-01,C005288,VM-ACC-0005,2,171.89,0.0,PLN
SO-2023-012421,1,2023-11-01,2023-11-01,PL-WAW-01,,VM-CMP-0009,1,334.24,0.0,PLN
SO-2023-012422,1,2023-11-01,2023-11-01,PL-WAW-01,C001037,VM-ACC-0011,3,68.75,0.12,PLN
SO-2023-012422,2,2023-11-01,2023-11-01,PL-WAW-01,C001037,VM-BIK-0006,3,6293.44,0.08,PLN
SO-2023-012422,3,2023-11-01,2023-11-01,PL-WAW-01,C001037,VM-NUT-0003,33,10.5,0.12,PLN
SO-2023-012422,4,2023-11-01,2023-11-01,PL-WAW-01,C001037,VM-APP-0010,4,162.34,0.1,PLN
SO-2023-012423,1,2023-11-01,2023-11-01,PL-WAW-01,,VM-CMP-0012,1,515.69,0.0,PLN
SO-2023-012423,2,2023-11-01,2023-11-01,PL-WAW-01,,VM-ACC-0007,1,343.79,0.0,PLN
SO-2023-012423,3,2023-11-01,2023-11-01,PL-WAW-01,,VM-ACC-0008,2,381.99,0.0,PLN
SO-2023-012424,1,2023-11-01,2023-11-01,PL-WAW-01,C005289,VM-ACC-0007,2,343.79,0.0,PLN
SO-2023-012424,2,2023-11-01,2023-11-01,PL-WAW-01,C005289,VM-APP-0001,3,439.29,0.0,PLN
SO-2023-012425,1,2023-11-01,2023-11-01,PL-WAW-01,C005290,VM-APP-0010,2,162.34,0.0,PLN
SO-2023-012426,1,2023-11-01,2023-11-01,PL-WAW-01,C005291,VM-BIK-0011,1,8260.74,0.05,PLN
SO-2023-012426,2,2023-11-01,2023-11-01,PL-WAW-01,C005291,VM-ACC-0018,2,47.74,0.05,PLN
SO-2023-012427,1,2023-11-01,2023-11-01,PL-WAW-02,C003910,VM-NUT-0006,9,9.54,0.1,PLN
SO-2023-012428,1,2023-11-01,2023-11-01,PL-WAW-02,,VM-CMP-0015,1,878.59,0.0,PLN
SO-2023-012428,2,2023-11-01,2023-11-01,PL-WAW-02,,VM-BIK-0019,1,1155.54,0.0,PLN
SO-2023-012429,1,2023-11-01,2023-11-01,PL-KRK-01,C005111,VM-APP-0015,1,544.34,0.05,PLN
SO-2023-012429,2,2023-11-01,2023-11-01,PL-KRK-01,C005111,VM-APP-0008,2,152.79,0.05,PLN
SO-2023-012429,3,2023-11-01,2023-11-01,PL-KRK-01,C005111,VM-CMP-0013,1,506.14,0.05,PLN
SO-2023-012430,1,2023-11-01,2023-11-01,PL-KRK-01,C001466,VM-BIK-0009,1,5386.19,0.05,PLN
SO-2023-012430,2,2023-11-01,2023-11-01,PL-KRK-01,C001466,VM-ACC-0019,1,47.74,0.05,PLN
SO-2023-012431,1,2023-11-01,2023-11-01,PL-KRK-01,C003730,VM-APP-0004,1,229.19,0.0,PLN
SO-2023-012431,2,2023-11-01,2023-11-01,PL-KRK-01,C003730,VM-APP-0005,1,171.89,0.0,PLN
SO-2023-012431,3,2023-11-01,2023-11-01,PL-KRK-01,C003730,VM-APP-0002,3,420.19,0.0,PLN
SO-2023-012431,4,2023-11-01,2023-11-01,PL-KRK-01,C003730,VM-NUT-0003,7,10.5,0.0,PLN
SO-2023-012432,1,2023-11-01,2023-11-01,PL-WRO-01,C005292,VM-CMP-0013,1,506.14,0.0,PLN
SO-2023-012432,2,2023-11-01,2023-11-01,PL-WRO-01,C005292,VM-ACC-0008,1,381.99,0.0,PLN
SO-2023-012432,3,2023-11-01,2023-11-01,PL-WRO-01,C005292,VM-NUT-0009,1,81.17,0.0,PLN
SO-2023-012433,1,2023-11-01,2023-11-01,PL-WRO-01,C005293,VM-CMP-0015,2,878.59,0.0,PLN
SO-2023-012434,1,2023-11-01,2023-11-01,PL-GDN-01,,VM-APP-0006,1,296.04,0.0,PLN
SO-2023-012434,2,2023-11-01,2023-11-01,PL-GDN-01,,VM-NUT-0004,8,6.68,0.0,PLN
SO-2023-012434,3,2023-11-01,2023-11-01,PL-GDN-01,,VM-NUT-0001,6,8.59,0.0,PLN
SO-2023-012435,1,2023-11-01,2023-11-01,PL-GDN-01,C004200,VM-BIK-0009,1,5386.19,0.0,PLN
SO-2023-012435,2,2023-11-01,2023-11-01,PL-GDN-01,C004200,VM-NUT-0003,13,10.5,0.0,PLN
SO-2023-012435,3,2023-11-01,2023-11-01,PL-GDN-01,C004200,VM-ACC-0012,1,68.75,0.0,PLN
SO-2023-012436,1,2023-11-01,2023-11-01,PL-POZ-01,C000334,VM-NUT-0004,11,6.68,0.0,PLN
SO-2023-012437,1,2023-11-01,2023-11-01,PL-POZ-01,C002042,VM-CMP-0013,1,506.14,0.0,PLN
SO-2023-012437,2,2023-11-01,2023-11-01,PL-POZ-01,C002042,VM-APP-0011,1,391.54,0.0,PLN
SO-2023-012438,1,2023-11-01,2023-11-03,PL-WEB-01,C005294,VM-BIK-0013,1,4583.99,0.0,PLN
SO-2023-012439,1,2023-11-01,2023-11-02,PL-WEB-01,C005295,VM-APP-0019,2,63.02,0.0,PLN
SO-2023-012439,2,2023-11-01,2023-11-02,PL-WEB-01,C005295,VM-APP-0003,3,296.04,0.0,PLN
SO-2023-012439,3,2023-11-01,2023-11-02,PL-WEB-01,C005295,VM-CMP-0008,2,420.19,0.0,PLN
SO-2023-012440,1,2023-11-01,2023-11-04,PL-WEB-01,C005296,VM-APP-0020,1,171.89,0.0,PLN
SO-2023-012440,2,2023-11-01,2023-11-04,PL-WEB-01,C005296,VM-BIK-0007,1,6732.74,0.0,PLN
SO-2023-012440,3,2023-11-01,2023-11-04,PL-WEB-01,C005296,VM-APP-0013,1,420.19,0.0,PLN
SO-2023-012440,4,2023-11-01,2023-11-04,PL-WEB-01,C005296,VM-ACC-0021,1,744.89,0.0,PLN
SO-2023-012441,1,2023-11-01,2023-11-02,PL-WEB-01,C005297,VM-NUT-0003,11,10.5,0.0,PLN
SO-2023-012442,1,2023-11-01,2023-11-04,PL-WEB-01,C004321,VM-APP-0001,3,439.29,0.0,PLN
SO-2023-012442,2,2023-11-01,2023-11-04,PL-WEB-01,C004321,VM-EBK-0002,1,9502.24,0.0,PLN
SO-2023-012443,1,2023-11-01,2023-11-05,PL-WEB-01,C004737,VM-BIK-0013,1,4583.99,0.0,PLN
SO-2023-012444,1,2023-11-01,2023-11-04,PL-WEB-01,C005298,vm-acc-0001,1,362.89,0.0,PLN
SO-2023-012444,2,2023-11-01,2023-11-04,PL-WEB-01,C005298,VM-NUT-0004,12,6.68,0.0,PLN
SO-2023-012445,1,2023-11-01,2023-11-03,PL-WEB-01,C002821,VM-APP-0017,2,181.44,0.0,PLN
SO-2023-012445,2,2023-11-01,2023-11-03,PL-WEB-01,C002821,VM-ACC-0020,1,773.54,0.0,PLN
SO-2023-012446,1,2023-11-01,2023-11-05,PL-WEB-01,C005299,VM-ACC-0021,1,744.89,0.0,PLN
SO-2023-012446,2,2023-11-01,2023-11-05,PL-WEB-01,C005299,VM-ACC-0014,1,105.04,0.0,PLN
SO-2023-012447,1,2023-11-01,2023-11-03,PL-WEB-01,C003676,VM-EBK-0008,1,14420.49,0.0,PLN
SO-2023-012448,1,2023-11-01,2023-11-05,PL-MKT-01,C005300,VM-BIK-0018,1,2291.99,0.0,PLN
SO-2023-012449,1,2023-11-01,2023-11-04,PL-MKT-01,C002562,VM-BIK-0012,1,11278.54,0.0,PLN
SO-2023-012450,1,2023-11-01,2023-11-03,PL-MKT-01,C000507,VM-CMP-0007,2,601.64,0.05,PLN
SO-2023-012451,1,2023-11-01,2023-11-02,PL-MKT-01,C005301,VM-ACC-0002,1,582.54,0.0,PLN
SO-2023-012452,1,2023-11-01,2023-11-01,CZ-PRG-01,C005302,VM-ACC-0004,2,3929.0,0.0,CZK
SO-2023-012453,1,2023-11-01,2023-11-01,CZ-PRG-01,C002853,VM-ACC-0007,1,1813.0,0.0,CZK
SO-2023-012453,2,2023-11-01,2023-11-01,CZ-PRG-01,C002853,VM-ACC-0014,1,554.0,0.0,CZK
SO-2023-012453,3,2023-11-01,2023-11-01,CZ-PRG-01,C002853,VM-APP-0002,3,2216.0,0.0,CZK
SO-2023-012453,4,2023-11-01,2023-11-01,CZ-PRG-01,C002853,VM-NUT-0004,6,35.0,0.0,CZK
SO-2023-012454,1,2023-11-01,2023-11-01,CZ-PRG-01,C004626,VM-EBK-0008,5,76057.0,0.08,CZK
SO-2023-012455,1,2023-11-01,2023-11-04,CZ-WEB-01,C005303,VM-ACC-0014,1,554.0,0.0,CZK
SO-2023-012456,1,2023-11-01,2023-11-05,CZ-WEB-01,C005304,VM-BIK-0009,1,28408.0,0.0,CZK
SO-2023-012457,1,2023-11-01,2023-11-03,CZ-WEB-01,C003666,VM-EBK-0009,1,49916.0,0.05,CZK
SO-2023-012458,1,2023-11-01,2023-11-01,DE-BER-01,,VM-APP-0001,2,98.83,0.0,EUR
SO-2023-012459,1,2023-11-01,2023-11-04,DE-WEB-01,C005305,VM-APP-0018,2,27.93,0.0,EUR
SO-2023-012459,2,2023-11-01,2023-11-04,DE-WEB-01,C005305,VM-ACC-0013,1,36.52,0.0,EUR
SO-2023-012459,3,2023-11-01,2023-11-04,DE-WEB-01,C005305,VM-APP-0008,1,34.37,0.0,EUR
SO-2023-012459,4,2023-11-01,2023-11-04,DE-WEB-01,C005305,VM-CMP-0007,2,135.36,0.1,EUR
SO-2023-012460,1,2023-11-01,2023-11-05,DE-WEB-01,C005306,VM-ACC-0012,1,15.47,0.0,EUR
SO-2023-012460,2,2023-11-01,2023-11-05,DE-WEB-01,C005306,VM-APP-0013,1,94.53,0.0,EUR
SO-2023-012461,1,2023-11-02,2023-11-02,PL-WAW-01,,VM-BIK-0003,1,6245.69,0.0,PLN
SO-2023-012462,1,2023-11-02,2023-11-02,PL-WAW-01,,VM-APP-0013,1,420.19,0.0,PLN
SO-2023-012463,1,2023-11-02,2023-11-02,PL-WAW-01,C005307,VM-ACC-0020,1,773.54,0.0,PLN
SO-2023-012464,1,2023-11-02,2023-11-02,PL-WAW-01,,VM-APP-0014,1,467.94,0.0,PLN
SO-2023-012465,1,2023-11-02,2023-11-02,PL-WAW-01,C005308,VM-NUT-0003,10,10.5,0.0,PLN
SO-2023-012465,2,2023-11-02,2023-11-02,PL-WAW-01,C005308,VM-NUT-0002,11,14.32,0.0,PLN
SO-2023-012466,1,2023-11-02,2023-11-02,PL-WAW-02,C005309,VM-ACC-0008,1,381.99,0.0,PLN
SO-2023-012466,2,2023-11-02,2023-11-02,PL-WAW-02,C005309,VM-NUT-0010,1,33.42,0.0,PLN
SO-2023-012467,1,2023-11-02,2023-11-02,PL-WAW-02,C005310,VM-NUT-0007,7,12.41,0.0,PLN
SO-2023-012468,1,2023-11-02,2023-11-02,PL-KRK-01,,VM-ACC-0012,1,68.75,0.0,PLN
SO-2023-012468,2,2023-11-02,2023-11-02,PL-KRK-01,,VM-APP-0003,3,296.04,0.0,PLN
SO-2023-012469,1,2023-11-02,2023-11-02,PL-KRK-01,C005311,VM-CMP-0014,2,410.64,0.0,PLN
SO-2023-012469,2,2023-11-02,2023-11-02,PL-KRK-01,C005311,VM-APP-0020,1,171.89,0.0,PLN
SO-2023-012469,3,2023-11-02,2023-11-02,PL-KRK-01,C005311,VM-CMP-0023,3,56.34,0.0,PLN
SO-2023-012470,1,2023-11-02,2023-11-02,PL-KRK-01,C002906,VM-ACC-0001,1,362.89,0.0,PLN
SO-2023-012470,2,2023-11-02,2023-11-02,PL-KRK-01,C002906,VM-ACC-0018,1,47.74,0.0,PLN
SO-2023-012471,1,2023-11-02,2023-11-02,PL-KRK-01,C001359,VM-NUT-0003,11,10.5,0.0,PLN
SO-2023-012471,2,2023-11-02,2023-11-02,PL-KRK-01,C001359,VM-CMP-0013,2,506.14,0.0,PLN
SO-2023-012471,3,2023-11-02,2023-11-02,PL-KRK-01,C001359,VM-NUT-0004,15,6.68,0.0,PLN
SO-2023-012472,1,2023-11-02,2023-11-02,PL-KRK-01,C005312,VM-APP-0001,1,439.29,0.05,PLN
SO-2023-012472,2,2023-11-02,2023-11-02,PL-KRK-01,C005312,VM-BIK-0012,1,11278.54,0.05,PLN
SO-2023-012473,1,2023-11-02,2023-11-02,PL-KRK-01,,VM-APP-0010,2,162.34,0.0,PLN
SO-2023-012473,2,2023-11-02,2023-11-02,PL-KRK-01,,VM-BIK-0011,1,8260.74,0.05,PLN
SO-2023-012473,3,2023-11-02,2023-11-02,PL-KRK-01,,VM-NUT-0005,10,8.59,0.0,PLN
SO-2023-012474,1,2023-11-02,2023-11-02,PL-KRK-01,C002013,vm-bik-0007,1,6732.74,0.0,PLN
SO-2023-012475,1,2023-11-02,2023-11-02,PL-WRO-01,C005313,VM-APP-0013,1,420.19,0.0,PLN
SO-2023-012476,1,2023-11-02,2023-11-02,PL-GDN-01,C005314,VM-ACC-0008,1,381.99,0.0,PLN
SO-2023-012476,2,2023-11-02,2023-11-02,PL-GDN-01,C005314,VM-BIK-0011,1,8260.74,0.0,PLN
SO-2023-012477,1,2023-11-02,2023-11-02,PL-GDN-01,C001525,VM-BIK-0007,1,6732.74,0.0,PLN
SO-2023-012477,2,2023-11-02,2023-11-02,PL-GDN-01,C001525,VM-ACC-0014,1,105.04,0.0,PLN
SO-2023-012478,1,2023-11-02,2023-11-02,PL-GDN-01,,VM-APP-0010,1,162.34,0.0,PLN
SO-2023-012478,2,2023-11-02,2023-11-02,PL-GDN-01,,VM-BIK-0007,1,6732.74,0.0,PLN
SO-2023-012479,1,2023-11-02,2023-11-02,PL-GDN-01,C002131,VM-ACC-0014,1,105.04,0.0,PLN
SO-2023-012479,2,2023-11-02,2023-11-02,PL-GDN-01,C002131,VM-APP-0011,1,391.54,0.0,PLN
SO-2023-012480,1,2023-11-02,2023-11-06,PL-WEB-01,C005315,VM-NUT-0001,11,8.59,0.0,PLN
SO-2023-012480,2,2023-11-02,2023-11-06,PL-WEB-01,C005315,VM-CMP-0017,2,477.49,0.0,PLN
SO-2023-012481,1,2023-11-02,2023-11-03,PL-WEB-01,C005316,VM-ACC-0020,1,773.54,0.0,PLN
SO-2023-012482,1,2023-11-02,2023-11-06,PL-WEB-01,C004825,VM-ACC-0020,1,773.54,0.05,PLN
SO-2023-012482,2,2023-11-02,2023-11-06,PL-WEB-01,C004825,VM-CMP-0023,4,56.34,0.05,PLN
SO-2023-012483,1,2023-11-02,2023-11-04,PL-WEB-01,C003722,VM-APP-0016,1,582.54,0.0,PLN
SO-2023-012483,2,2023-11-02,2023-11-04,PL-WEB-01,C003722,VM-CMP-0013,1,506.14,0.0,PLN
SO-2023-012483,3,2023-11-02,2023-11-04,PL-WEB-01,C003722,VM-ACC-0004,1,744.89,0.1,PLN
SO-2023-012484,1,2023-11-02,2023-11-05,PL-WEB-01,C001269,VM-CMP-0019,1,200.54,0.0,PLN
SO-2023-012484,2,2023-11-02,2023-11-05,PL-WEB-01,C001269,VM-APP-0018,1,124.14,0.0,PLN
SO-2023-012485,1,2023-11-02,2023-11-04,PL-WEB-01,C003553,VM-EBK-0001,1,7324.84,0.05,PLN
SO-2023-012486,1,2023-11-02,2023-11-04,PL-WEB-01,C005317,VM-APP-0001,3,439.29,0.1,PLN
SO-2023-012487,1,2023-11-02,2023-11-06,PL-WEB-01,C005318,VM-CMP-0016,2,2349.29,0.0,PLN
SO-2023-012488,1,2023-11-02,2023-11-05,PL-MKT-01,C005319,vm-nut-0010,1,33.42,0.0,PLN
SO-2023-012488,2,2023-11-02,2023-11-05,PL-MKT-01,C005319,VM-ACC-0008,1,381.99,0.0,PLN
SO-2023-012488,3,2023-11-02,2023-11-05,PL-MKT-01,C005319,VM-NUT-0007,3,12.41,0.0,PLN
SO-2023-012489,1,2023-11-02,2023-11-04,PL-MKT-01,C002448,VM-APP-0006,3,296.04,0.0,PLN
SO-2023-012490,1,2023-11-02,2023-11-06,PL-MKT-01,C005118,VM-NUT-0005,4,8.59,0.0,PLN
SO-2023-012491,1,2023-11-02,2023-11-05,PL-MKT-01,C004368,VM-NUT-0003,11,10.5,0.0,PLN
SO-2023-012491,2,2023-11-02,2023-11-05,PL-MKT-01,C004368,VM-ACC-0003,1,276.94,0.0,PLN
SO-2023-012492,1,2023-11-02,2023-11-03,PL-MKT-01,C000509,VM-CMP-0013,6,506.14,0.08,PLN
SO-2023-012492,2,2023-11-02,2023-11-03,PL-MKT-01,C000509,VM-BIK-0003,2,6245.69,0.12,PLN
SO-2023-012492,3,2023-11-02,2023-11-03,PL-MKT-01,C000509,VM-ACC-0013,2,162.34,0.08,PLN
SO-2023-012492,4,2023-11-02,2023-11-03,PL-MKT-01,C000509,VM-ACC-0003,5,276.94,0.08,PLN
SO-2023-012493,1,2023-11-02,2023-11-06,PL-MKT-01,C005320, VM-APP-0010 ,2,162.34,0.0,PLN
SO-2023-012493,2,2023-11-02,2023-11-06,PL-MKT-01,C005320,VM-BIK-0020,1,1155.54,0.0,PLN
SO-2023-012493,3,2023-11-02,2023-11-06,PL-MKT-01,C005320,VM-ACC-0014,1,105.04,0.0,PLN
SO-2023-012494,1,2023-11-02,2023-11-04,PL-MKT-01,C005321,VM-ACC-0001,2,362.89,0.0,PLN
SO-2023-012494,2,2023-11-02,2023-11-04,PL-MKT-01,C005321,VM-EBK-0007,1,14038.49,0.0,PLN
SO-2023-012495,1,2023-11-02,2023-11-06,PL-MKT-01,C005322,VM-CMP-0016,2,2349.29,0.0,PLN
SO-2023-012496,1,2023-11-02,2023-11-06,PL-MKT-01,C005011,VM-NUT-0004,9,6.68,0.05,PLN
SO-2023-012497,1,2023-11-02,2023-11-05,PL-MKT-01,C005323,VM-APP-0001,3,439.29,0.0,PLN
SO-2023-012498,1,2023-11-02,2023-11-02,CZ-PRG-01,C005324,VM-CMP-0010,2,1964.0,0.0,CZK
SO-2023-012498,2,2023-11-02,2023-11-02,CZ-PRG-01,C005324,VM-NUT-0004,15,35.0,0.0,CZK
SO-2023-012499,1,2023-11-02,2023-11-04,CZ-WEB-01,C005196,VM-APP-0018,2,655.0,0.0,CZK
SO-2023-012500,1,2023-11-02,2023-11-05,CZ-WEB-01,C004373,VM-APP-0006,1,1561.0,0.05,CZK
SO-2023-012500,2,2023-11-02,2023-11-05,CZ-WEB-01,C004373,VM-APP-0002,1,2216.0,0.0,CZK
SO-2023-012500,3,2023-11-02,2023-11-05,CZ-WEB-01,C004373,VM-NUT-0001,4,45.0,0.0,CZK
SO-2023-012500,4,2023-11-02,2023-11-05,CZ-WEB-01,C004373,VM-CMP-0013,2,2670.0,0.0,CZK
SO-2023-012501,1,2023-11-02,2023-11-04,DE-WEB-01,C005325,VM-APP-0011,1,88.09,0.0,EUR
SO-2023-012501,2,2023-11-02,2023-11-04,DE-WEB-01,C005325,VM-ACC-0005,1,38.67,0.0,EUR
SO-2023-012502,1,2023-11-02,2023-11-05,DE-WEB-01,C005326,VM-ACC-0015,1,75.2,0.05,EUR
SO-2023-012502,2,2023-11-02,2023-11-05,DE-WEB-01,C005326,VM-ACC-0020,1,174.03,0.05,EUR
SO-2023-012503,1,2023-11-02,2023-11-05,DE-WEB-01,C000122,VM-APP-0018,5,27.93,0.12,EUR
SO-2023-012503,2,2023-11-02,2023-11-05,DE-WEB-01,C000122,VM-CMP-0012,4,116.02,0.12,EUR
SO-2023-012504,1,2023-11-02,2023-11-04,DE-WEB-01,C005005,VM-APP-0004,3,51.56,0.0,EUR
SO-2023-012504,2,2023-11-02,2023-11-04,DE-WEB-01,C005005,VM-BIK-0019,1,259.97,0.0,EUR
SO-2023-012504,3,2023-11-02,2023-11-04,DE-WEB-01,C005005,VM-ACC-0014,1,23.63,0.0,EUR
SO-2023-012505,1,2023-11-02,2023-11-06,DE-WEB-01,C005327,VM-NUT-0009,2,18.26,0.0,EUR
SO-2023-012506,1,2023-11-02,2023-11-04,DE-WEB-01,C001327,vm-nut-0004,14,1.5,0.0,EUR
SO-2023-012507,1,2023-11-03,2023-11-03,PL-WAW-01,C005328,VM-CMP-0015,1,878.59,0.0,PLN
SO-2023-012507,2,2023-11-03,2023-11-03,PL-WAW-01,C005328,VM-APP-0007,2,152.79,0.0,PLN
SO-2023-012507,3,2023-11-03,2023-11-03,PL-WAW-01,C005328,VM-EBK-0007,1,14038.49,0.0,PLN
SO-2023-012508,1,2023-11-03,2023-11-03,PL-WAW-01,,VM-APP-0012,1,830.84,0.05,PLN
SO-2023-012508,2,2023-11-03,2023-11-03,PL-WAW-01,,VM-APP-0019,2,63.02,0.0,PLN
SO-2023-012509,1,2023-11-03,2023-11-03,PL-WAW-01,C005284,VM-ACC-0008,1,381.99,0.05,PLN
SO-2023-012509,2,2023-11-03,2023-11-03,PL-WAW-01,C005284,VM-ACC-0005,2,171.89,0.05,PLN
SO-2023-012509,3,2023-11-03,2023-11-03,PL-WAW-01,C005284,VM-CMP-0021,3,45.83,0.05,PLN
SO-2023-012509,4,2023-11-03,2023-11-03,PL-WAW-01,C005284,VM-CMP-0013,1,506.14,0.05,PLN
SO-2023-012510,1,2023-11-03,2023-11-03,PL-WAW-01,C005329,VM-BIK-0012,1,11278.54,0.0,PLN
SO-2023-012510,2,2023-11-03,2023-11-03,PL-WAW-01,C005329,VM-NUT-0004,4,6.68,0.0,PLN
SO-2023-012510,3,2023-11-03,2023-11-03,PL-WAW-01,C005329,VM-NUT-0007,3,12.41,0.0,PLN
SO-2023-012511,1,2023-11-03,2023-11-03,PL-WAW-01,C001478,VM-ACC-0008,2,381.99,0.0,PLN
SO-2023-012512,1,2023-11-03,2023-11-03,PL-WAW-01,,VM-ACC-0008,2,381.99,0.0,PLN
SO-2023-012512,2,2023-11-03,2023-11-03,PL-WAW-01,,VM-CMP-0017,2,477.49,0.0,PLN
SO-2023-012513,1,2023-11-03,2023-11-03,PL-WAW-01,,VM-ACC-0008,2,381.99,0.0,PLN
SO-2023-012513,2,2023-11-03,2023-11-03,PL-WAW-01,,VM-EBK-0007,1,14038.49,0.0,PLN
SO-2023-012514,1,2023-11-03,2023-11-03,PL-WAW-01,C004794,VM-NUT-0003,11,10.5,0.0,PLN
SO-2023-012515,1,2023-11-03,2023-11-03,PL-WAW-01,C005330,VM-APP-0012,1,830.84,0.0,PLN
SO-2023-012516,1,2023-11-03,2023-11-03,PL-WAW-01,C002430,VM-APP-0018,2,124.14,0.1,PLN
SO-2023-012516,2,2023-11-03,2023-11-03,PL-WAW-01,C002430,VM-APP-0012,1,830.84,0.0,PLN
SO-2023-012516,3,2023-11-03,2023-11-03,PL-WAW-01,C002430,VM-APP-0001,3,439.29,0.0,PLN
SO-2023-012517,1,2023-11-03,2023-11-03,PL-WAW-01,C005331,VM-APP-0006,1,296.04,0.0,PLN
SO-2023-012518,1,2023-11-03,2023-11-03,PL-WAW-02,,VM-APP-0002,2,420.19,0.0,PLN
SO-2023-012518,2,2023-11-03,2023-11-03,PL-WAW-02,,VM-ACC-0013,1,162.34,0.05,PLN
SO-2023-012518,3,2023-11-03,2023-11-03,PL-WAW-02,,VM-APP-0009,2,334.24,0.0,PLN
SO-2023-012519,1,2023-11-03,2023-11-03,PL-WAW-02,C005332,VM-APP-0012,1,830.84,0.05,PLN
SO-2023-012519,2,2023-11-03,2023-11-03,PL-WAW-02,C005332,VM-CMP-0009,2,334.24,0.05,PLN
SO-2023-012519,3,2023-11-03,2023-11-03,PL-WAW-02,C005332,VM-CMP-0002,2,534.79,0.05,PLN
SO-2023-012520,1,2023-11-03,2023-11-03,PL-WAW-02,,VM-ACC-0023,1,888.14,0.0,PLN
SO-2023-012521,1,2023-11-03,2023-11-03,PL-WAW-02,C002960,VM-CMP-0013,1,506.14,0.0,PLN
SO-2023-012522,1,2023-11-03,2023-11-03,PL-WAW-02,C005333,VM-CMP-0009,1,334.24,0.05,PLN
SO-2023-012522,2,2023-11-03,2023-11-03,PL-WAW-02,C005333,VM-NUT-0005,12,8.59,0.05,PLN
SO-2023-012523,1,2023-11-03,2023-11-03,PL-KRK-01,C005334,VM-APP-0013,1,420.19,0.0,PLN
SO-2023-012524,1,2023-11-03,2023-11-03,PL-KRK-01,,VM-APP-0002,1,420.19,0.0,PLN
SO-2023-012524,2,2023-11-03,2023-11-03,PL-KRK-01,,VM-NUT-0004,7,6.68,0.0,PLN
SO-2023-012524,3,2023-11-03,2023-11-03,PL-KRK-01,,VM-CMP-0017,2,477.49,0.0,PLN
SO-2023-012524,4,2023-11-03,2023-11-03,PL-KRK-01,,VM-ACC-0008,2,381.99,0.0,PLN
SO-2023-012525,1,2023-11-03,2023-11-03,PL-KRK-01,C001571,VM-APP-0008,2,152.79,0.0,PLN
SO-2023-012526,1,2023-11-03,2023-11-03,PL-KRK-01,,VM-CMP-0006,1,190.99,0.0,PLN
SO-2023-012527,1,2023-11-03,2023-11-03,PL-KRK-01,,VM-ACC-0017,1,55.38,0.0,PLN
SO-2023-012527,2,2023-11-03,2023-11-03,PL-KRK-01,,VM-APP-0015,1,544.34,0.0,PLN
SO-2023-012528,1,2023-11-03,2023-11-03,PL-WRO-01,C005082,VM-CMP-0013,2,506.14,0.0,PLN
SO-2023-012528,2,2023-11-03,2023-11-03,PL-WRO-01,C005082,VM-BIK-0013,1,4583.99,0.0,PLN
SO-2023-012529,1,2023-11-03,2023-11-03,PL-WRO-01,,VM-APP-0001,2,439.29,0.0,PLN
SO-2023-012530,1,2023-11-03,2023-11-03,PL-WRO-01,,VM-NUT-0007,12,12.41,0.0,PLN
SO-2023-012531,1,2023-11-03,2023-11-03,PL-GDN-01,,VM-ACC-0011,1,68.75,0.05,PLN
SO-2023-012531,2,2023-11-03,2023-11-03,PL-GDN-01,,VM-BIK-0007,1,6732.74,0.0,PLN
SO-2023-012531,3,2023-11-03,2023-11-03,PL-GDN-01,,VM-ACC-0008,1,381.99,0.0,PLN
SO-2023-012532,1,2023-11-03,2023-11-03,PL-GDN-01,C005335,VM-ACC-0008,1,381.99,0.0,PLN
SO-2023-012533,1,2023-11-03,2023-11-03,PL-GDN-01,C005336,VM-CMP-0008,1,420.19,0.0,PLN
SO-2023-012533,2,2023-11-03,2023-11-03,PL-GDN-01,C005336,VM-ACC-0003,2,276.94,0.0,PLN
SO-2023-012533,3,2023-11-03,2023-11-03,PL-GDN-01,C005336,VM-ACC-0008,2,381.99,0.0,PLN
SO-2023-012533,4,2023-11-03,2023-11-03,PL-GDN-01,C005336,VM-APP-0002,3,420.19,0.0,PLN
SO-2023-012534,1,2023-11-03,2023-11-03,PL-GDN-01,C005337,vm-app-0004,3,229.19,0.0,PLN
SO-2023-012534,2,2023-11-03,2023-11-03,PL-GDN-01,C005337,VM-EBK-0011,1,13981.19,0.0,PLN
SO-2023-012534,3,2023-11-03,2023-11-03,PL-GDN-01,C005337,VM-NUT-0004,9,6.68,0.0,PLN
SO-2023-012535,1,2023-11-03,2023-11-03,PL-GDN-01,C005338,VM-NUT-0006,3,9.54,0.05,PLN
SO-2023-012536,1,2023-11-03,2023-11-03,PL-POZ-01,,vm-app-0001,1,439.29,0.0,PLN
SO-2023-012536,2,2023-11-03,2023-11-03,PL-POZ-01,,VM-EBK-0007,1,14038.49,0.0,PLN
SO-2023-012537,1,2023-11-03,2023-11-03,PL-POZ-01,C001092,VM-EBK-0008,2,14420.49,0.1,PLN
SO-2023-012537,2,2023-11-03,2023-11-03,PL-POZ-01,C001092,VM-ACC-0014,2,105.04,0.12,PLN
SO-2023-012538,1,2023-11-03,2023-11-06,PL-WEB-01,C000953,VM-BIK-0008,1,5071.04,0.05,PLN
SO-2023-012539,1,2023-11-03,2023-11-07,PL-WEB-01,C004368,VM-BIK-0016,1,3428.44,0.0,PLN
SO-2023-012540,1,2023-11-03,2023-11-05,PL-WEB-01,C005339,VM-BIK-0004,1,4077.84,0.05,PLN
SO-2023-012541,1,2023-11-03,2023-11-07,PL-WEB-01,C005340,VM-APP-0001,3,439.29,0.05,PLN
SO-2023-012541,2,2023-11-03,2023-11-07,PL-WEB-01,C005340,VM-APP-0006,3,296.04,0.05,PLN
SO-2023-012542,1,2023-11-03,2023-11-05,PL-WEB-01,C002350,VM-BIK-0005,1,7076.54,0.0,PLN
SO-2023-012542,2,2023-11-03,2023-11-05,PL-WEB-01,C002350,VM-ACC-0002,1,582.54,0.05,PLN
SO-2023-012542,3,2023-11-03,2023-11-05,PL-WEB-01,C002350,VM-APP-0015,1,544.34,0.0,PLN
SO-2023-012543,1,2023-11-03,2023-11-04,PL-WEB-01,C000980,VM-BIK-0012,1,11278.54,0.0,PLN
SO-2023-012544,1,2023-11-03,2023-11-06,PL-WEB-01,C005341,VM-CMP-0016,2,2349.29,0.0,PLN
SO-2023-012544,2,2023-11-03,2023-11-06,PL-WEB-01,C005341,VM-APP-0015,1,544.34,0.0,PLN
SO-2023-012544,3,2023-11-03,2023-11-06,PL-WEB-01,C005341,VM-NUT-0009,1,81.17,0.0,PLN
SO-2023-012545,1,2023-11-03,2023-11-05,PL-WEB-01,C005342,VM-ACC-0008,2,381.99,0.0,PLN
SO-2023-012545,2,2023-11-03,2023-11-05,PL-WEB-01,C005342,VM-NUT-0001,14,8.59,0.0,PLN
SO-2023-012546,1,2023-11-03,2023-11-04,PL-WEB-01,C005343,VM-CMP-0017,2,477.49,0.0,PLN
SO-2023-012546,2,2023-11-03,2023-11-04,PL-WEB-01,C005343,VM-ACC-0008,2,381.99,0.0,PLN
SO-2023-012547,1,2023-11-03,2023-11-05,PL-WEB-01,C005344,VM-APP-0002,1,420.19,0.0,PLN
SO-2023-012548,1,2023-11-03,2023-11-04,PL-WEB-01,C003840,VM-BIK-0005,1,7076.54,0.0,PLN
SO-2023-012548,2,2023-11-03,2023-11-04,PL-WEB-01,C003840,VM-APP-0001,1,439.29,0.0,PLN
SO-2023-012548,3,2023-11-03,2023-11-04,PL-WEB-01,C003840,vm-ebk-0003,1,8680.94,0.0,PLN
SO-2023-012549,1,2023-11-03,2023-11-07,PL-WEB-01,C004985,VM-NUT-0004,33,6.68,0.1,PLN
SO-2023-012549,2,2023-11-03,2023-11-07,PL-WEB-01,C004985,VM-EBK-0006,5,19233.69,0.08,PLN
SO-2023-012550,1,2023-11-03,2023-11-06,PL-WEB-01,C002145,VM-APP-0011,3,391.54,0.12,PLN
SO-2023-012551,1,2023-11-03,2023-11-05,PL-MKT-01,C005345,VM-BIK-0012,1,11278.54,0.05,PLN
SO-2023-012552,1,2023-11-03,2023-11-06,PL-MKT-01,C001176,VM-BIK-0007,1,6732.74,0.05,PLN
SO-2023-012552,2,2023-11-03,2023-11-06,PL-MKT-01,C001176,VM-BIK-0020,1,1155.54,0.0,PLN
SO-2023-012552,3,2023-11-03,2023-11-06,PL-MKT-01,C001176,VM-BIK-0003,1,6245.69,0.0,PLN
SO-2023-012552,4,2023-11-03,2023-11-06,PL-MKT-01,C001176,VM-ACC-0002,2,582.54,0.0,PLN
SO-2023-012553,1,2023-11-03,2023-11-07,PL-MKT-01,C005346,VM-APP-0004,2,229.19,0.0,PLN
SO-2023-012554,1,2023-11-03,2023-11-06,PL-MKT-01,C005347,VM-CMP-0013,2,506.14,0.0,PLN
SO-2023-012555,1,2023-11-03,2023-11-03,CZ-PRG-01,C005348,VM-APP-0007,2,806.0,0.0,CZK
SO-2023-012556,1,2023-11-03,2023-11-03,CZ-PRG-01,,VM-APP-0003,3,1561.0,0.0,CZK
SO-2023-012557,1,2023-11-03,2023-11-06,CZ-WEB-01,C004283,VM-APP-0001,1,2317.0,0.05,CZK
SO-2023-012557,2,2023-11-03,2023-11-06,CZ-WEB-01,C004283,VM-CMP-0020,2,1310.0,0.05,CZK
SO-2023-012557,3,2023-11-03,2023-11-06,CZ-WEB-01,C004283,VM-BIK-0007,1,35510.0,0.05,CZK
SO-2023-012557,4,2023-11-03,2023-11-06,CZ-WEB-01,C004283,VM-CMP-0007,2,3173.0,0.05,CZK
SO-2023-012558,1,2023-11-03,2023-11-07,CZ-WEB-01,C005349,VM-APP-0007,1,806.0,0.05,CZK
SO-2023-012558,2,2023-11-03,2023-11-07,CZ-WEB-01,C005349,VM-APP-0001,2,2317.0,0.05,CZK
SO-2023-012559,1,2023-11-03,2023-11-04,CZ-WEB-01,C005350,VM-ACC-0008,1,2015.0,0.0,CZK
SO-2023-012560,1,2023-11-03,2023-11-05,CZ-WEB-01,C005351,VM-CMP-0009,2,1763.0,0.0,CZK
SO-2023-012561,1,2023-11-03,2023-11-07,CZ-WEB-01,C005352,VM-CMP-0009,2,1763.0,0.05,CZK
SO-2023-012562,1,2023-11-03,2023-11-03,DE-BER-01,C002230,VM-ACC-0017,3,12.46,0.0,EUR
SO-2023-012563,1,2023-11-03,2023-11-03,DE-BER-01,C004879,VM-ACC-0001,1,81.64,0.0,EUR
SO-2023-012563,2,2023-11-03,2023-11-03,DE-BER-01,C004879,VM-NUT-0004,15,1.5,0.0,EUR
SO-2023-012563,3,2023-11-03,2023-11-03,DE-BER-01,C004879,VM-NUT-0001,7,1.93,0.1,EUR
SO-2023-012564,1,2023-11-03,2023-11-05,DE-WEB-01,C005353,VM-ACC-0008,1,85.94,0.0,EUR
SO-2023-012564,2,2023-11-03,2023-11-05,DE-WEB-01,C005353,VM-CMP-0008,1,94.53,0.0,EUR
SO-2023-012564,3,2023-11-03,2023-11-05,DE-WEB-01,C005353,VM-CMP-0015,2,197.66,0.0,EUR
SO-2023-012564,4,2023-11-03,2023-11-05,DE-WEB-01,C005353,VM-ACC-0007,2,77.34,0.0,EUR
SO-2023-012565,1,2023-11-03,2023-11-04,DE-WEB-01,C005354,VM-EBK-0011,1,3145.45,0.05,EUR
SO-2023-012566,1,2023-11-04,2023-11-04,PL-WAW-01,C001944,VM-BIK-0012,1,11278.54,0.0,PLN
SO-2023-012566,2,2023-11-04,2023-11-04,PL-WAW-01,C001944,VM-APP-0019,2,63.02,0.0,PLN
SO-2023-012567,1,2023-11-04,2023-11-04,PL-WAW-01,C005355,VM-ACC-0014,1,105.04,0.05,PLN
SO-2023-012567,2,2023-11-04,2023-11-04,PL-WAW-01,C005355,VM-CMP-0006,1,190.99,0.05,PLN
SO-2023-012568,1,2023-11-04,2023-11-04,PL-WAW-01,,VM-ACC-0006,1,907.24,0.0,PLN
SO-2023-012568,2,2023-11-04,2023-11-04,PL-WAW-01,,VM-BIK-0007,1,6732.74,0.0,PLN
SO-2023-012569,1,2023-11-04,2023-11-04,PL-WAW-01,C005356,VM-APP-0012,1,830.84,0.0,PLN
SO-2023-012569,2,2023-11-04,2023-11-04,PL-WAW-01,C005356,VM-ACC-0008,2,381.99,0.0,PLN
SO-2023-012569,3,2023-11-04,2023-11-04,PL-WAW-01,C005356,VM-APP-0005,1,171.89,0.0,PLN
SO-2023-012569,4,2023-11-04,2023-11-04,PL-WAW-01,C005356,VM-APP-0001,2,439.29,0.0,PLN
SO-2023-012570,1,2023-11-04,2023-11-04,PL-WAW-01,C000444,VM-NUT-0002,4,14.32,0.05,PLN
SO-2023-012571,1,2023-11-04,2023-11-04,PL-WAW-01,,VM-APP-0010,2,162.34,0.0,PLN
SO-2023-012571,2,2023-11-04,2023-11-04,PL-WAW-01,,VM-ACC-0004,2,744.89,0.0,PLN
SO-2023-012571,3,2023-11-04,2023-11-04,PL-WAW-01,,VM-BIK-0007,1,6732.74,0.0,PLN
SO-2023-012571,4,2023-11-04,2023-11-04,PL-WAW-01,,VM-NUT-0006,11,9.54,0.0,PLN
SO-2023-012572,1,2023-11-04,2023-11-04,PL-WAW-02,C005357,VM-ACC-0008,2,381.99,0.0,PLN
SO-2023-012573,1,2023-11-04,2023-11-04,PL-WAW-02,C005358,VM-CMP-0009,1,334.24,0.0,PLN
SO-2023-012573,2,2023-11-04,2023-11-04,PL-WAW-02,C005358,VM-CMP-0001,1,381.99,0.0,PLN
SO-2023-012573,3,2023-11-04,2023-11-04,PL-WAW-02,C005358,VM-BIK-0007,1,6732.74,0.0,PLN
SO-2023-012574,1,2023-11-04,2023-11-04,PL-WAW-02,C003742,VM-ACC-0010,1,238.74,0.05,PLN
SO-2023-012575,1,2023-11-04,2023-11-04,PL-WAW-02,,VM-APP-0018,1,124.14,0.0,PLN
SO-2023-012576,1,2023-11-04,2023-11-04,PL-WAW-02,C001046,VM-NUT-0009,2,81.17,0.12,PLN
SO-2023-012577,1,2023-11-04,2023-11-04,PL-WAW-02,C000579,VM-APP-0013,1,420.19,0.0,PLN
SO-2023-012578,1,2023-11-04,2023-11-04,PL-KRK-01,C005359,VM-NUT-0003,9,10.5,0.0,PLN
SO-2023-012579,1,2023-11-04,2023-11-04,PL-KRK-01,C005360,VM-NUT-0006,7,9.54,0.0,PLN
SO-2023-012579,2,2023-11-04,2023-11-04,PL-KRK-01,C005360,VM-CMP-0020,1,248.29,0.0,PLN
SO-2023-012580,1,2023-11-04,2023-11-04,PL-KRK-01,C005361,VM-ACC-0008,2,381.99,0.0,PLN
SO-2023-012580,2,2023-11-04,2023-11-04,PL-KRK-01,C005361,VM-CMP-0019,3,200.54,0.0,PLN
SO-2023-012581,1,2023-11-04,2023-11-04,PL-KRK-01,C002067,VM-APP-0020,1,171.89,0.0,PLN
SO-2023-012582,1,2023-11-04,2023-11-04,PL-KRK-01,C005362,VM-NUT-0009,4,81.17,0.0,PLN
SO-2023-012583,1,2023-11-04,2023-11-04,PL-KRK-01,C003352,VM-NUT-0007,6,12.41,0.0,PLN
SO-2023-012584,1,2023-11-04,2023-11-04,PL-KRK-01,C005363,VM-ACC-0007,1,343.79,0.05,PLN
SO-2023-012584,2,2023-11-04,2023-11-04,PL-KRK-01,C005363,VM-ACC-0002,1,582.54,0.05,PLN
SO-2023-012584,3,2023-11-04,2023-11-04,PL-KRK-01,C005363,VM-ACC-0020,1,773.54,0.05,PLN
SO-2023-012585,1,2023-11-04,2023-11-04,PL-KRK-01,C005111,VM-ACC-0014,1,105.04,0.05,PLN
SO-2023-012586,1,2023-11-04,2023-11-04,PL-WRO-01,C000652,VM-BIK-0012,1,11278.54,0.05,PLN
SO-2023-012586,2,2023-11-04,2023-11-04,PL-WRO-01,C000652,VM-ACC-0001,1,362.89,0.05,PLN
SO-2023-012587,1,2023-11-04,2023-11-04,PL-GDN-01,,VM-NUT-0001,12,8.59,0.0,PLN
SO-2023-012587,2,2023-11-04,2023-11-04,PL-GDN-01,,VM-APP-0016,1,582.54,0.0,PLN
SO-2023-012588,1,2023-11-04,2023-11-04,PL-GDN-01,C003274,VM-NUT-0001,6,8.59,0.05,PLN
SO-2023-012589,1,2023-11-04,2023-11-04,PL-GDN-01,C005364,VM-BIK-0007,1,6732.74,0.0,PLN
SO-2023-012590,1,2023-11-04,2023-11-04,PL-GDN-01,,VM-ACC-0018,3,47.74,0.0,PLN
SO-2023-012590,2,2023-11-04,2023-11-04,PL-GDN-01,,VM-CMP-0017,2,477.49,0.0,PLN
SO-2023-012591,1,2023-11-04,2023-11-04,PL-POZ-01,C001362,VM-APP-0011,2,391.54,0.0,PLN
SO-2023-012592,1,2023-11-04,2023-11-04,PL-POZ-01,C005195,VM-ACC-0021,1,744.89,0.1,PLN
SO-2023-012592,2,2023-11-04,2023-11-04,PL-POZ-01,C005195,VM-APP-0016,1,582.54,0.05,PLN
SO-2023-012593,1,2023-11-04,2023-11-04,PL-POZ-01,,VM-CMP-0019,3,200.54,0.0,PLN
SO-2023-012593,2,2023-11-04,2023-11-04,PL-POZ-01,,VM-ACC-0008,2,381.99,0.0,PLN
SO-2023-012594,1,2023-11-04,2023-11-05,PL-WEB-01,C005365,VM-ACC-0008,2,381.99,0.0,PLN
SO-2023-012595,1,2023-11-04,2023-11-06,PL-WEB-01,C005366,VM-CMP-0016,2,2349.29,0.0,PLN
SO-2023-012596,1,2023-11-04,2023-11-05,PL-WEB-01,C005367,VM-EBK-0001,1,7324.84,0.05,PLN
SO-2023-012596,2,2023-11-04,2023-11-05,PL-WEB-01,C005367,vm-acc-0008,1,381.99,0.05,PLN
SO-2023-012596,3,2023-11-04,2023-11-05,PL-WEB-01,C005367,VM-BIK-0014,1,3657.64,0.05,PLN
SO-2023-012597,1,2023-11-04,2023-11-07,PL-WEB-01,C000802,VM-NUT-0004,7,6.68,0.0,PLN
SO-2023-012598,1,2023-11-04,2023-11-07,PL-WEB-01,C003157,VM-ACC-0010,4,238.74,0.1,PLN
SO-2023-012599,1,2023-11-04,2023-11-06,PL-WEB-01,C003681,VM-CMP-0011,2,152.79,0.0,PLN
SO-2023-012599,2,2023-11-04,2023-11-06,PL-WEB-01,C003681,VM-APP-0001,1,439.29,0.0,PLN
SO-2023-012599,3,2023-11-04,2023-11-06,PL-WEB-01,C003681,VM-NUT-0004,15,6.68,0.0,PLN
SO-2023-012600,1,2023-11-04,2023-11-05,PL-WEB-01,C002195,VM-BIK-0013,1,4583.99,0.0,PLN
SO-2023-012600,2,2023-11-04,2023-11-05,PL-WEB-01,C002195,VM-ACC-0003,2,276.94,0.0,PLN
SO-2023-012600,3,2023-11-04,2023-11-05,PL-WEB-01,C002195,VM-ACC-0013,1,162.34,0.0,PLN
SO-2023-012601,1,2023-11-04,2023-11-08,PL-WEB-01,C002520,VM-CMP-0011,1,152.79,0.0,PLN
SO-2023-012601,2,2023-11-04,2023-11-08,PL-WEB-01,C002520,VM-APP-0005,3,171.89,0.0,PLN
SO-2023-012602,1,2023-11-04,2023-11-06,PL-WEB-01,C005368,VM-NUT-0001,3,8.59,0.0,PLN
SO-2023-012602,2,2023-11-04,2023-11-06,PL-WEB-01,C005368,VM-NUT-0010,4,33.42,0.0,PLN
SO-2023-012602,3,2023-11-04,2023-11-06,PL-WEB-01,C005368,VM-CMP-0019,3,200.54,0.0,PLN
SO-2023-012602,4,2023-11-04,2023-11-06,PL-WEB-01,C005368,VM-ACC-0008,2,381.99,0.0,PLN
SO-2023-012603,1,2023-11-04,2023-11-05,PL-WEB-01,C005369,VM-APP-0003,3,296.04,0.0,PLN
SO-2023-012603,2,2023-11-04,2023-11-05,PL-WEB-01,C005369,VM-NUT-0006,3,9.54,0.0,PLN
SO-2023-012603,3,2023-11-04,2023-11-05,PL-WEB-01,C005369,VM-ACC-0017,2,55.38,0.0,PLN
SO-2023-012604,1,2023-11-04,2023-11-07,PL-WEB-01,C004931,VM-CMP-0006,2,190.99,0.05,PLN
SO-2023-012604,2,2023-11-04,2023-11-07,PL-WEB-01,C004931,VM-ACC-0020,1,773.54,0.05,PLN
SO-2023-012605,1,2023-11-04,2023-11-06,PL-MKT-01,C005370,VM-ACC-0020,1,773.54,0.0,PLN
SO-2023-012605,2,2023-11-04,2023-11-06,PL-MKT-01,C005370,VM-NUT-0002,6,14.32,0.0,PLN
SO-2023-012606,1,2023-11-04,2023-11-06,PL-MKT-01,C000105,VM-BIK-0020,1,1155.54,0.0,PLN
SO-2023-012607,1,2023-11-04,2023-11-07,PL-MKT-01,C005371,VM-BIK-0013,1,4583.99,0.0,PLN
SO-2023-012608,1,2023-11-04,2023-11-06,PL-MKT-01,C004872,VM-ACC-0001,1,362.89,0.0,PLN
SO-2023-012608,2,2023-11-04,2023-11-06,PL-MKT-01,C004872,VM-CMP-0013,1,506.14,0.0,PLN
SO-2023-012609,1,2023-11-04,2023-11-07,PL-MKT-01,C002176,VM-ACC-0001,1,362.89,0.05,PLN
SO-2023-012610,1,2023-11-04,2023-11-04,CZ-PRG-01,C003380,VM-ACC-0001,2,1914.0,0.0,CZK
SO-2023-012610,2,2023-11-04,2023-11-04,CZ-PRG-01,C003380,VM-BIK-0012,1,59486.0,0.05,CZK
SO-2023-012611,1,2023-11-04,2023-11-04,CZ-PRG-01,C000457,VM-NUT-0002,7,76.0,0.05,CZK
SO-2023-012611,2,2023-11-04,2023-11-04,CZ-PRG-01,C000457,VM-APP-0010,1,856.0,0.05,CZK
SO-2023-012612,1,2023-11-04,2023-11-05,CZ-WEB-01,C002768,VM-BIK-0004,1,21508.0,0.05,CZK
SO-2023-012613,1,2023-11-04,2023-11-08,CZ-WEB-01,C005372,VM-NUT-0004,8,35.0,0.0,CZK
SO-2023-012614,1,2023-11-04,2023-11-08,CZ-WEB-01,C001886,VM-APP-0006,1,1561.0,0.0,CZK
SO-2023-012614,2,2023-11-04,2023-11-08,CZ-WEB-01,C001886,VM-NUT-0004,5,35.0,0.0,CZK
SO-2023-012614,3,2023-11-04,2023-11-08,CZ-WEB-01,C001886,VM-APP-0019,2,332.0,0.0,CZK
SO-2023-012615,1,2023-11-04,2023-11-08,CZ-WEB-01,C005373,VM-BIK-0018,1,12089.0,0.05,CZK
SO-2023-012616,1,2023-11-04,2023-11-07,CZ-WEB-01,C004477,VM-CMP-0017,1,2518.0,0.0,CZK
SO-2023-012617,1,2023-11-04,2023-11-04,DE-BER-01,C003785,VM-NUT-0005,12,1.93,0.05,EUR
SO-2023-012617,2,2023-11-04,2023-11-04,DE-BER-01,C003785,VM-APP-0010,1,36.52,0.05,EUR
SO-2023-012618,1,2023-11-04,2023-11-06,DE-WEB-01,C005374,VM-BIK-0001,1,2941.34,0.1,EUR
SO-2023-012619,1,2023-11-04,2023-11-06,DE-WEB-01,C001255,VM-CMP-0013,2,113.87,0.05,EUR
SO-2023-012620,1,2023-11-04,2023-11-06,DE-WEB-01,C004703,VM-APP-0001,1,98.83,0.05,EUR
SO-2023-012620,2,2023-11-04,2023-11-06,DE-WEB-01,C004703,VM-NUT-0005,4,1.93,0.05,EUR
SO-2023-012621,1,2023-11-04,2023-11-05,DE-WEB-01,C004627,VM-NUT-0004,4,1.5,0.0,EUR
SO-2023-012622,1,2023-11-04,2023-11-07,DE-WEB-01,C000962,VM-APP-0015,1,122.46,0.0,EUR
SO-2023-012622,2,2023-11-04,2023-11-07,DE-WEB-01,C000962,VM-BIK-0020,1,259.97,0.0,EUR
SO-2023-012622,3,2023-11-04,2023-11-07,DE-WEB-01,C000962,VM-APP-0007,2,34.37,0.0,EUR
SO-2023-012623,1,2023-11-05,2023-11-07,PL-WEB-01,C000338,VM-NUT-0002,30,14.32,0.12,PLN
SO-2023-012624,1,2023-11-05,2023-11-07,PL-WEB-01,C000310,VM-CMP-0017,2,477.49,0.0,PLN
SO-2023-012625,1,2023-11-05,2023-11-09,PL-WEB-01,C003735,VM-EBK-0011,1,13981.19,0.0,PLN
SO-2023-012626,1,2023-11-05,2023-11-08,PL-WEB-01,C005375,VM-NUT-0006,9,9.54,0.0,PLN
SO-2023-012627,1,2023-11-05,2023-11-09,PL-WEB-01,C003758,VM-ACC-0013,1,162.34,0.0,PLN
SO-2023-012628,1,2023-11-05,2023-11-09,PL-WEB-01,C005376,VM-CMP-0006,1,190.99,0.0,PLN
SO-2023-012629,1,2023-11-05,2023-11-06,PL-WEB-01,C005377,VM-APP-0002,1,420.19,0.0,PLN
SO-2023-012629,2,2023-11-05,2023-11-06,PL-WEB-01,C005377,VM-APP-0009,1,334.24,0.0,PLN
SO-2023-012630,1,2023-11-05,2023-11-07,PL-MKT-01,C001032,VM-NUT-0004,16,6.68,0.12,PLN
SO-2023-012631,1,2023-11-05,2023-11-09,PL-MKT-01,C005378,VM-ACC-0002,2,582.54,0.0,PLN
SO-2023-012631,2,2023-11-05,2023-11-09,PL-MKT-01,C005378,VM-APP-0001,2,439.29,0.05,PLN
SO-2023-012631,3,2023-11-05,2023-11-09,PL-MKT-01,C005378,VM-APP-0006,1,296.04,0.0,PLN
SO-2023-012632,1,2023-11-05,2023-11-09,PL-MKT-01,C005379,VM-APP-0013,1,420.19,0.0,PLN
SO-2023-012633,1,2023-11-05,2023-11-08,PL-MKT-01,C005380,VM-APP-0002,1,420.19,0.0,PLN
SO-2023-012633,2,2023-11-05,2023-11-08,PL-MKT-01,C005380,VM-BIK-0009,1,5386.19,0.0,PLN
SO-2023-012634,1,2023-11-05,2023-11-09,PL-MKT-01,C005381,VM-APP-0002,1,420.19,0.0,PLN
SO-2023-012634,2,2023-11-05,2023-11-09,PL-MKT-01,C005381,VM-BIK-0016,1,3428.44,0.0,PLN
SO-2023-012634,3,2023-11-05,2023-11-09,PL-MKT-01,C005381,VM-APP-0005,1,171.89,0.0,PLN
SO-2023-012634,4,2023-11-05,2023-11-09,PL-MKT-01,C005381,VM-CMP-0013,1,506.14,0.0,PLN
SO-2023-012635,1,2023-11-05,2023-11-09,PL-MKT-01,C005382,VM-APP-0016,1,582.54,0.05,PLN
SO-2023-012635,2,2023-11-05,2023-11-09,PL-MKT-01,C005382,VM-APP-0002,3,420.19,0.05,PLN
SO-2023-012636,1,2023-11-05,2023-11-08,PL-MKT-01,C005383,VM-ACC-0003,2,276.94,0.0,PLN
SO-2023-012636,2,2023-11-05,2023-11-08,PL-MKT-01,C005383,VM-CMP-0017,1,477.49,0.0,PLN
SO-2023-012637,1,2023-11-05,2023-11-05,CZ-PRG-01,C002710,VM-APP-0020,1,907.0,0.05,CZK
SO-2023-012637,2,2023-11-05,2023-11-05,CZ-PRG-01,C002710,VM-APP-0007,2,806.0,0.0,CZK
SO-2023-012637,3,2023-11-05,2023-11-05,CZ-PRG-01,C002710,VM-NUT-0009,1,428.0,0.0,CZK
SO-2023-012638,1,2023-11-05,2023-11-05,CZ-PRG-01,,VM-APP-0001,1,2317.0,0.0,CZK
SO-2023-012639,1,2023-11-05,2023-11-09,CZ-WEB-01,C002948,VM-CMP-0010,2,1964.0,0.0,CZK
SO-2023-012640,1,2023-11-05,2023-11-07,CZ-WEB-01,C002614,VM-ACC-0002,1,3072.0,0.0,CZK
SO-2023-012641,1,2023-11-05,2023-11-08,CZ-WEB-01,C005384,VM-APP-0004,2,1209.0,0.0,CZK
SO-2023-012641,2,2023-11-05,2023-11-08,CZ-WEB-01,C005384,VM-NUT-0010,2,176.0,0.0,CZK
SO-2023-012641,3,2023-11-05,2023-11-08,CZ-WEB-01,C005384,VM-CMP-0014,1,2166.0,0.0,CZK
SO-2023-012641,4,2023-11-05,2023-11-08,CZ-WEB-01,C005384,VM-APP-0013,1,2216.0,0.0,CZK
SO-2023-012642,1,2023-11-05,2023-11-09,CZ-WEB-01,C005385,VM-EBK-0003,1,45786.0,0.0,CZK
SO-2023-012643,1,2023-11-05,2023-11-08,CZ-WEB-01,C005386,VM-NUT-0005,7,45.0,0.0,CZK
SO-2023-012643,2,2023-11-05,2023-11-08,CZ-WEB-01,C005386,VM-ACC-0017,2,292.0,0.0,CZK
SO-2023-012643,3,2023-11-05,2023-11-08,CZ-WEB-01,C005386,VM-CMP-0015,2,4634.0,0.0,CZK
SO-2023-012644,1,2023-11-05,2023-11-06,DE-WEB-01,C005387,VM-ACC-0005,2,38.67,0.0,EUR
SO-2023-012645,1,2023-11-05,2023-11-07,DE-WEB-01,C003785,VM-CMP-0020,2,55.86,0.05,EUR
SO-2023-012646,1,2023-11-05,2023-11-06,DE-WEB-01,C002524,VM-BIK-0003,1,1405.14,0.0,EUR
SO-2023-012647,1,2023-11-05,2023-11-06,DE-WEB-01,C003448,VM-NUT-0002,21,3.22,0.1,EUR
SO-2023-012648,1,2023-11-05,2023-11-08,DE-WEB-01,C004003,VM-CMP-0006,1,42.97,0.0,EUR
SO-2023-012649,1,2023-11-05,2023-11-06,DE-WEB-01,C003475, VM-NUT-0011 ,2,11.6,0.0,EUR
SO-2023-012650,1,2023-11-06,2023-11-06,PL-WAW-01,C001459,VM-ACC-0008,2,381.99,0.0,PLN
SO-2023-012651,1,2023-11-06,2023-11-06,PL-WAW-01,C000319,VM-APP-0002,2,420.19,0.05,PLN
SO-2023-012651,2,2023-11-06,2023-11-06,PL-WAW-01,C000319,VM-ACC-0004,1,744.89,0.05,PLN
SO-2023-012652,1,2023-11-06,2023-11-06,PL-WAW-02,C005281,VM-ACC-0008,2,381.99,0.0,PLN
SO-2023-012653,1,2023-11-06,2023-11-06,PL-WAW-02,C005388,VM-APP-0015,1,544.34,0.0,PLN
SO-2023-012654,1,2023-11-06,2023-11-06,PL-WAW-02,C005389,VM-CMP-0014,2,410.64,0.0,PLN
SO-2023-012654,2,2023-11-06,2023-11-06,PL-WAW-02,C005389,VM-NUT-0010,4,33.42,0.0,PLN
SO-2023-012655,1,2023-11-06,2023-11-06,PL-KRK-01,C004670,VM-ACC-0008,1,381.99,0.0,PLN
SO-2023-012656,1,2023-11-06,2023-11-06,PL-KRK-01,,VM-APP-0006,2,296.04,0.0,PLN
SO-2023-012657,1,2023-11-06,2023-11-06,PL-KRK-01,C005377,VM-CMP-0020,3,248.29,0.0,PLN
SO-2023-012658,1,2023-11-06,2023-11-06,PL-KRK-01,C005128,VM-ACC-0008,2,381.99,0.0,PLN
SO-2023-012658,2,2023-11-06,2023-11-06,PL-KRK-01,C005128,VM-ACC-0013,1,162.34,0.0,PLN
SO-2023-012658,3,2023-11-06,2023-11-06,PL-KRK-01,C005128,VM-ACC-0005,2,171.89,0.05,PLN
SO-2023-012659,1,2023-11-06,2023-11-06,PL-WRO-01,C005390,VM-APP-0019,2,63.02,0.0,PLN
SO-2023-012660,1,2023-11-06,2023-11-06,PL-WRO-01,,VM-NUT-0010,3,33.42,0.0,PLN
SO-2023-012660,2,2023-11-06,2023-11-06,PL-WRO-01,,VM-ACC-0017,2,55.38,0.0,PLN
SO-2023-012661,1,2023-11-06,2023-11-06,PL-WRO-01,C005391,VM-ACC-0010,1,238.74,0.0,PLN
SO-2023-012662,1,2023-11-06,2023-11-06,PL-WRO-01,,VM-BIK-0019,1,1155.54,0.1,PLN
SO-2023-012663,1,2023-11-06,2023-11-06,PL-WRO-01,,VM-APP-0001,1,439.29,0.0,PLN
SO-2023-012663,2,2023-11-06,2023-11-06,PL-WRO-01,,VM-CMP-0013,2,506.14,0.0,PLN
SO-2023-012663,3,2023-11-06,2023-11-06,PL-WRO-01,,VM-CMP-0009,1,334.24,0.0,PLN
SO-2023-012664,1,2023-11-06,2023-11-06,PL-WRO-01,,VM-NUT-0009,3,81.17,0.0,PLN
SO-2023-012664,2,2023-11-06,2023-11-06,PL-WRO-01,,VM-APP-0001,3,439.29,0.0,PLN
SO-2023-012664,3,2023-11-06,2023-11-06,PL-WRO-01,,VM-NUT-0001,8,8.59,0.0,PLN
SO-2023-012665,1,2023-11-06,2023-11-06,PL-GDN-01,C004674,vm-app-0008,1,152.79,0.0,PLN
SO-2023-012666,1,2023-11-06,2023-11-06,PL-GDN-01,,VM-BIK-0004,1,4077.84,0.0,PLN
SO-2023-012667,1,2023-11-06,2023-11-06,PL-GDN-01,C003442,VM-BIK-0006,1,6293.44,0.0,PLN
SO-2023-012668,1,2023-11-06,2023-11-06,PL-GDN-01,C005392,VM-ACC-0008,1,381.99,0.0,PLN
SO-2023-012668,2,2023-11-06,2023-11-06,PL-GDN-01,C005392,VM-APP-0012,1,830.84,0.0,PLN
SO-2023-012668,3,2023-11-06,2023-11-06,PL-GDN-01,C005392,VM-ACC-0007,2,343.79,0.0,PLN
SO-2023-012669,1,2023-11-06,2023-11-06,PL-GDN-01,C005393,VM-NUT-0006,9,9.54,0.05,PLN
SO-2023-012669,2,2023-11-06,2023-11-06,PL-GDN-01,C005393,VM-APP-0014,1,467.94,0.05,PLN
SO-2023-012670,1,2023-11-06,2023-11-06,PL-GDN-01,,VM-ACC-0011,1,68.75,0.0,PLN
SO-2023-012670,2,2023-11-06,2023-11-06,PL-GDN-01,,VM-CMP-0016,2,2349.29,0.0,PLN
SO-2023-012671,1,2023-11-06,2023-11-06,PL-POZ-01,C005394,VM-NUT-0004,6,6.68,0.0,PLN
SO-2023-012671,2,2023-11-06,2023-11-06,PL-POZ-01,C005394,VM-ACC-0013,1,162.34,0.0,PLN
SO-2023-012672,1,2023-11-06,2023-11-08,PL-WEB-01,C005395,VM-ACC-0021,1,744.89,0.0,PLN
SO-2023-012672,2,2023-11-06,2023-11-08,PL-WEB-01,C005395,VM-CMP-0006,2,190.99,0.0,PLN
SO-2023-012673,1,2023-11-06,2023-11-09,PL-WEB-01,C005183,VM-NUT-0005,12,8.59,0.05,PLN
SO-2023-012674,1,2023-11-06,2023-11-09,PL-WEB-01,C004520,VM-ACC-0002,1,582.54,0.0,PLN
SO-2023-012675,1,2023-11-06,2023-11-08,PL-WEB-01,C005396,VM-ACC-0011,2,68.75,0.1,PLN
SO-2023-012675,2,2023-11-06,2023-11-08,PL-WEB-01,C005396,VM-NUT-0002,8,14.32,0.0,PLN
SO-2023-012676,1,2023-11-06,2023-11-09,PL-WEB-01,C004330,VM-ACC-0008,2,381.99,0.0,PLN
SO-2023-012677,1,2023-11-06,2023-11-09,PL-WEB-01,C005397,VM-ACC-0011,2,68.75,0.0,PLN
SO-2023-012678,1,2023-11-06,2023-11-09,PL-WEB-01,C005398,VM-ACC-0017,2,55.38,0.1,PLN
SO-2023-012678,2,2023-11-06,2023-11-09,PL-WEB-01,C005398,VM-NUT-0002,3,14.32,0.0,PLN
SO-2023-012679,1,2023-11-06,2023-11-10,PL-WEB-01,C000436,VM-APP-0002,2,420.19,0.0,PLN
SO-2023-012680,1,2023-11-06,2023-11-10,PL-WEB-01,C003545,VM-APP-0009,2,334.24,0.0,PLN
SO-2023-012681,1,2023-11-06,2023-11-09,PL-WEB-01,C004866,VM-NUT-0005,10,8.59,0.05,PLN
SO-2023-012682,1,2023-11-06,2023-11-08,PL-WEB-01,C004406,VM-NUT-0004,12,6.68,0.0,PLN
SO-2023-012683,1,2023-11-06,2023-11-07,PL-WEB-01,C000476,vm-acc-0021,1,744.89,0.0,PLN
SO-2023-012684,1,2023-11-06,2023-11-07,PL-MKT-01,C001568,VM-CMP-0012,2,515.69,0.0,PLN
SO-2023-012684,2,2023-11-06,2023-11-07,PL-MKT-01,C001568,VM-BIK-0018,1,2291.99,0.0,PLN
SO-2023-012684,3,2023-11-06,2023-11-07,PL-MKT-01,C001568,VM-NUT-0007,7,12.41,0.0,PLN
SO-2023-012685,1,2023-11-06,2023-11-07,PL-MKT-01,C005399,VM-CMP-0013,2,506.14,0.0,PLN
SO-2023-012686,1,2023-11-06,2023-11-08,PL-MKT-01,C001658,VM-APP-0001,8,439.29,0.12,PLN
SO-2023-012687,1,2023-11-06,2023-11-07,PL-MKT-01,C005400,VM-APP-0012,1,830.84,0.0,PLN
SO-2023-012688,1,2023-11-06,2023-11-09,PL-MKT-01,C005401,VM-ACC-0008,2,381.99,0.0,PLN
SO-2023-012689,1,2023-11-06,2023-11-06,CZ-PRG-01,C005402,VM-APP-0013,3,2216.0,0.08,CZK
SO-2023-012689,2,2023-11-06,2023-11-06,CZ-PRG-01,C005402,VM-APP-0020,6,907.0,0.08,CZK
SO-2023-012689,3,2023-11-06,2023-11-06,CZ-PRG-01,C005402,VM-ACC-0020,5,4080.0,0.08,CZK
SO-2023-012689,4,2023-11-06,2023-11-06,CZ-PRG-01,C005402,VM-NUT-0007,24,65.0,0.1,CZK
SO-2023-012690,1,2023-11-06,2023-11-07,CZ-WEB-01,C005403,VM-APP-0001,2,2317.0,0.0,CZK
SO-2023-012690,2,2023-11-06,2023-11-07,CZ-WEB-01,C005403,VM-NUT-0010,1,176.0,0.0,CZK
SO-2023-012691,1,2023-11-06,2023-11-08,CZ-WEB-01,C005404,VM-ACC-0013,1,856.0,0.0,CZK
SO-2023-012691,2,2023-11-06,2023-11-08,CZ-WEB-01,C005404,VM-NUT-0011,1,272.0,0.0,CZK
SO-2023-012692,1,2023-11-06,2023-11-06,DE-BER-01,C005405,VM-NUT-0002,4,3.22,0.0,EUR
SO-2023-012693,1,2023-11-06,2023-11-06,DE-BER-01,C003964,VM-APP-0007,2,34.37,0.0,EUR
SO-2023-012694,1,2023-11-06,2023-11-06,DE-BER-01,,VM-APP-0020,2,38.67,0.0,EUR
SO-2023-012694,2,2023-11-06,2023-11-06,DE-BER-01,,VM-APP-0008,1,34.37,0.0,EUR
SO-2023-012694,3,2023-11-06,2023-11-06,DE-BER-01,,VM-APP-0015,1,122.46,0.0,EUR
SO-2023-012695,1,2023-11-06,2023-11-10,DE-WEB-01,C005406,VM-APP-0013,1,94.53,0.0,EUR
SO-2023-012695,2,2023-11-06,2023-11-10,DE-WEB-01,C005406,VM-ACC-0007,2,77.34,0.0,EUR
SO-2023-012695,3,2023-11-06,2023-11-10,DE-WEB-01,C005406,VM-BIK-0007,1,1514.71,0.0,EUR
SO-2023-012696,1,2023-11-06,2023-11-08,DE-WEB-01,C004526,vm-app-0002,3,94.53,0.1,EUR
SO-2023-012697,1,2023-11-06,2023-11-07,DE-WEB-01,C005407,VM-NUT-0007,5,2.79,0.0,EUR
SO-2023-012698,1,2023-11-06,2023-11-07,DE-WEB-01,C005408,VM-ACC-0008,2,85.94,0.0,EUR
SO-2023-012699,1,2023-11-06,2023-11-07,DE-WEB-01,C005409,VM-APP-0007,1,34.37,0.0,EUR
SO-2023-012700,1,2023-11-07,2023-11-07,PL-WAW-01,C004634,VM-ACC-0007,2,343.79,0.0,PLN
SO-2023-012701,1,2023-11-07,2023-11-07,PL-WAW-01,C003248,VM-CMP-0009,4,334.24,0.08,PLN
SO-2023-012702,1,2023-11-07,2023-11-07,PL-WAW-01,C005410,VM-EBK-0003,1,8680.94,0.0,PLN
SO-2023-012703,1,2023-11-07,2023-11-07,PL-WAW-01,C005109,VM-ACC-0003,1,276.94,0.0,PLN
SO-2023-012704,1,2023-11-07,2023-11-07,PL-WAW-01,C004055,VM-NUT-0001,7,8.59,0.05,PLN
SO-2023-012704,2,2023-11-07,2023-11-07,PL-WAW-01,C004055,VM-APP-0012,1,830.84,0.05,PLN
SO-2023-012705,1,2023-11-07,2023-11-07,PL-WAW-01,C005411,VM-ACC-0008,2,381.99,0.0,PLN
SO-2023-012706,1,2023-11-07,2023-11-07,PL-WAW-01,,VM-NUT-0004,15,6.68,0.0,PLN
SO-2023-012706,2,2023-11-07,2023-11-07,PL-WAW-01,,VM-ACC-0013,1,162.34,0.0,PLN
SO-2023-012707,1,2023-11-07,2023-11-07,PL-WAW-01,,VM-APP-0005,3,171.89,0.0,PLN
SO-2023-012707,2,2023-11-07,2023-11-07,PL-WAW-01,,VM-NUT-0005,11,8.59,0.0,PLN
SO-2023-012707,3,2023-11-07,2023-11-07,PL-WAW-01,,VM-NUT-0004,10,6.68,0.0,PLN
SO-2023-012708,1,2023-11-07,2023-11-07,PL-WAW-02,C005412,VM-ACC-0021,1,744.89,0.0,PLN
SO-2023-012708,2,2023-11-07,2023-11-07,PL-WAW-02,C005412,VM-APP-0001,1,439.29,0.0,PLN
SO-2023-012709,1,2023-11-07,2023-11-07,PL-KRK-01,C002770,VM-NUT-0005,10,8.59,0.0,PLN
SO-2023-012709,2,2023-11-07,2023-11-07,PL-KRK-01,C002770,VM-CMP-0021,1,45.83,0.0,PLN
SO-2023-012710,1,2023-11-07,2023-11-07,PL-KRK-01,C002145,VM-ACC-0006,10,907.24,0.1,PLN
SO-2023-012710,2,2023-11-07,2023-11-07,PL-KRK-01,C002145,VM-NUT-0010,8,33.42,0.08,PLN
SO-2023-012710,3,2023-11-07,2023-11-07,PL-KRK-01,C002145,VM-EBK-0007,4,14038.49,0.12,PLN
SO-2023-012711,1,2023-11-07,2023-11-07,PL-KRK-01,,VM-CMP-0020,2,248.29,0.0,PLN
SO-2023-012712,1,2023-11-07,2023-11-07,PL-KRK-01,C004558,VM-APP-0016,3,582.54,0.1,PLN
SO-2023-012712,2,2023-11-07,2023-11-07,PL-KRK-01,C004558,VM-CMP-0008,4,420.19,0.12,PLN
SO-2023-012712,3,2023-11-07,2023-11-07,PL-KRK-01,C004558,VM-ACC-0012,2,68.75,0.1,PLN
SO-2023-012713,1,2023-11-07,2023-11-07,PL-WRO-01,C005413,VM-CMP-0009,1,334.24,0.0,PLN
SO-2023-012714,1,2023-11-07,2023-11-07,PL-GDN-01,C005414,VM-EBK-0002,1,9502.24,0.0,PLN
SO-2023-012714,2,2023-11-07,2023-11-07,PL-GDN-01,C005414,VM-CMP-0013,2,506.14,0.0,PLN
SO-2023-012715,1,2023-11-07,2023-11-07,PL-GDN-01,C005415,VM-APP-0002,2,420.19,0.1,PLN
SO-2023-012716,1,2023-11-07,2023-11-07,PL-GDN-01,C005416,VM-NUT-0005,5,8.59,0.0,PLN
SO-2023-012716,2,2023-11-07,2023-11-07,PL-GDN-01,C005416,VM-APP-0001,2,439.29,0.0,PLN
SO-2023-012716,3,2023-11-07,2023-11-07,PL-GDN-01,C005416,VM-NUT-0003,6,10.5,0.0,PLN
SO-2023-012717,1,2023-11-07,2023-11-07,PL-POZ-01,,VM-EBK-0002,1,9502.24,0.0,PLN
SO-2023-012718,1,2023-11-07,2023-11-07,PL-POZ-01,C005417,VM-ACC-0008,2,381.99,0.05,PLN
SO-2023-012718,2,2023-11-07,2023-11-07,PL-POZ-01,C005417,VM-ACC-0020,1,773.54,0.05,PLN
SO-2023-012718,3,2023-11-07,2023-11-07,PL-POZ-01,C005417,VM-CMP-0017,1,477.49,0.05,PLN
SO-2023-012718,4,2023-11-07,2023-11-07,PL-POZ-01,C005417,VM-NUT-0002,7,14.32,0.05,PLN
SO-2023-012719,1,2023-11-07,2023-11-07,PL-POZ-01,C004009,VM-ACC-0011,2,68.75,0.0,PLN
SO-2023-012719,2,2023-11-07,2023-11-07,PL-POZ-01,C004009,VM-APP-0006,2,296.04,0.0,PLN
SO-2023-012720,1,2023-11-07,2023-11-07,PL-POZ-01,C004248,VM-BIK-0012,1,11278.54,0.0,PLN
SO-2023-012721,1,2023-11-07,2023-11-09,PL-WEB-01,C002314,VM-ACC-0003,1,276.94,0.0,PLN
SO-2023-012721,2,2023-11-07,2023-11-09,PL-WEB-01,C002314,VM-APP-0005,2,171.89,0.0,PLN
SO-2023-012722,1,2023-11-07,2023-11-08,PL-WEB-01,C005418,VM-ACC-0004,1,744.89,0.0,PLN
SO-2023-012722,2,2023-11-07,2023-11-08,PL-WEB-01,C005418,VM-CMP-0013,1,506.14,0.0,PLN
SO-2023-012723,1,2023-11-07,2023-11-10,PL-WEB-01,C000849,VM-EBK-0011,1,13981.19,0.0,PLN
SO-2023-012724,1,2023-11-07,2023-11-11,PL-WEB-01,C002273,VM-NUT-0004,6,6.68,0.1,PLN
SO-2023-012725,1,2023-11-07,2023-11-09,PL-WEB-01,C002879,VM-APP-0001,1,439.29,0.05,PLN
SO-2023-012725,2,2023-11-07,2023-11-09,PL-WEB-01,C002879,VM-APP-0005,3,171.89,0.0,PLN
SO-2023-012726,1,2023-11-07,2023-11-09,PL-WEB-01,C005419,VM-NUT-0009,2,81.17,0.0,PLN
SO-2023-012726,2,2023-11-07,2023-11-09,PL-WEB-01,C005419,VM-ACC-0004,2,744.89,0.0,PLN
SO-2023-012726,3,2023-11-07,2023-11-09,PL-WEB-01,C005419,VM-ACC-0008,1,381.99,0.0,PLN
SO-2023-012726,4,2023-11-07,2023-11-09,PL-WEB-01,C005419, VM-APP-0007 ,1,152.79,0.0,PLN
SO-2023-012727,1,2023-11-07,2023-11-10,PL-WEB-01,C005420,VM-APP-0008,2,152.79,0.05,PLN
SO-2023-012727,2,2023-11-07,2023-11-10,PL-WEB-01,C005420,VM-NUT-0010,3,33.42,0.05,PLN
SO-2023-012728,1,2023-11-07,2023-11-09,PL-WEB-01,C000338,VM-BIK-0013,2,4583.99,0.08,PLN
SO-2023-012728,2,2023-11-07,2023-11-09,PL-WEB-01,C000338,VM-ACC-0004,3,744.89,0.08,PLN
SO-2023-012728,3,2023-11-07,2023-11-09,PL-WEB-01,C000338,VM-CMP-0002,3,534.79,0.1,PLN
SO-2023-012729,1,2023-11-07,2023-11-11,PL-WEB-01,C005264,VM-BIK-0013,1,4583.99,0.05,PLN
SO-2023-012730,1,2023-11-07,2023-11-11,PL-WEB-01,C005421,VM-CMP-0009,2,334.24,0.1,PLN
SO-2023-012730,2,2023-11-07,2023-11-11,PL-WEB-01,C005421,VM-CMP-0013,1,506.14,0.0,PLN
SO-2023-012731,1,2023-11-07,2023-11-08,PL-WEB-01,C005422,VM-BIK-0007,1,6732.74,0.0,PLN
SO-2023-012731,2,2023-11-07,2023-11-08,PL-WEB-01,C005422,VM-ACC-0017,2,55.38,0.0,PLN
SO-2023-012732,1,2023-11-07,2023-11-10,PL-WEB-01,C001761,VM-BIK-0012,1,11278.54,0.05,PLN
SO-2023-012733,1,2023-11-07,2023-11-08,PL-MKT-01,C005423,VM-CMP-0019,2,200.54,0.0,PLN
SO-2023-012733,2,2023-11-07,2023-11-08,PL-MKT-01,C005423,VM-ACC-0008,2,381.99,0.0,PLN
SO-2023-012734,1,2023-11-07,2023-11-10,PL-MKT-01,C005424,VM-CMP-0013,1,506.14,0.0,PLN
SO-2023-012734,2,2023-11-07,2023-11-10,PL-MKT-01,C005424,VM-ACC-0005,1,171.89,0.0,PLN
SO-2023-012735,1,2023-11-07,2023-11-11,PL-MKT-01,C005425,VM-NUT-0009,2,81.17,0.0,PLN
SO-2023-012735,2,2023-11-07,2023-11-11,PL-MKT-01,C005425,vm-acc-0008,1,381.99,0.0,PLN
SO-2023-012735,3,2023-11-07,2023-11-11,PL-MKT-01,C005425,VM-NUT-0001,3,8.59,0.0,PLN
SO-2023-012736,1,2023-11-07,2023-11-09,PL-MKT-01,C005426,VM-CMP-0012,1,515.69,0.0,PLN
SO-2023-012737,1,2023-11-07,2023-11-10,PL-MKT-01,C005427,VM-ACC-0008,2,381.99,0.0,PLN
SO-2023-012737,2,2023-11-07,2023-11-10,PL-MKT-01,C005427,VM-APP-0012,1,830.84,0.0,PLN
SO-2023-012738,1,2023-11-07,2023-11-11,PL-MKT-01,C005428,VM-CMP-0011,1,152.79,0.05,PLN
SO-2023-012739,1,2023-11-07,2023-11-11,PL-MKT-01,C003776,VM-NUT-0011,1,51.56,0.0,PLN
SO-2023-012740,1,2023-11-07,2023-11-07,CZ-PRG-01,C004989,VM-APP-0017,3,957.0,0.12,CZK
SO-2023-012741,1,2023-11-07,2023-11-07,CZ-PRG-01,C003770,VM-APP-0007,2,806.0,0.05,CZK
SO-2023-012741,2,2023-11-07,2023-11-07,CZ-PRG-01,C003770,VM-EBK-0008,1,76057.0,0.05,CZK
SO-2023-012742,1,2023-11-07,2023-11-07,CZ-PRG-01,,VM-APP-0018,2,655.0,0.0,CZK
SO-2023-012742,2,2023-11-07,2023-11-07,CZ-PRG-01,,VM-APP-0015,1,2871.0,0.0,CZK
SO-2023-012742,3,2023-11-07,2023-11-07,CZ-PRG-01,,VM-CMP-0017,2,2518.0,0.0,CZK
SO-2023-012743,1,2023-11-07,2023-11-10,CZ-WEB-01,C000806,VM-NUT-0001,14,45.0,0.05,CZK
SO-2023-012744,1,2023-11-07,2023-11-08,CZ-WEB-01,C001799,VM-APP-0001,2,2317.0,0.0,CZK
SO-2023-012745,1,2023-11-07,2023-11-10,CZ-WEB-01,C002309,VM-APP-0010,1,856.0,0.0,CZK
SO-2023-012746,1,2023-11-07,2023-11-11,CZ-WEB-01,C004941,VM-NUT-0007,6,65.0,0.0,CZK
SO-2023-012747,1,2023-11-07,2023-11-07,DE-BER-01,C005325,VM-ACC-0010,1,53.71,0.05,EUR
SO-2023-012747,2,2023-11-07,2023-11-07,DE-BER-01,C005325,vm-acc-0013,1,36.52,0.0,EUR
SO-2023-012748,1,2023-11-07,2023-11-09,DE-WEB-01,C005429,VM-APP-0017,1,40.82,0.0,EUR
SO-2023-012749,1,2023-11-07,2023-11-08,DE-WEB-01,C002424,VM-CMP-0013,1,113.87,0.0,EUR
SO-2023-012750,1,2023-11-07,2023-11-11,DE-WEB-01,C001968,VM-CMP-0020,1,55.86,0.0,EUR
SO-2023-012751,1,2023-11-07,2023-11-10,DE-WEB-01,C005430,VM-ACC-0014,1,23.63,0.0,EUR
SO-2023-012751,2,2023-11-07,2023-11-10,DE-WEB-01,C005430,VM-NUT-0009,1,18.26,0.0,EUR
SO-2023-012752,1,2023-11-08,2023-11-08,PL-WAW-01,,VM-APP-0007,1,152.79,0.0,PLN
SO-2023-012753,1,2023-11-08,2023-11-08,PL-WAW-01,,VM-APP-0005,1,171.89,0.0,PLN
SO-2023-012753,2,2023-11-08,2023-11-08,PL-WAW-01,,VM-BIK-0001,1,13073.94,0.0,PLN
SO-2023-012753,3,2023-11-08,2023-11-08,PL-WAW-01,,VM-EBK-0001,1,7324.84,0.0,PLN
SO-2023-012754,1,2023-11-08,2023-11-08,PL-WRO-01,,VM-ACC-0002,1,582.54,0.0,PLN
SO-2023-012754,2,2023-11-08,2023-11-08,PL-WRO-01,,VM-APP-0005,1,171.89,0.0,PLN
SO-2023-012754,3,2023-11-08,2023-11-08,PL-WRO-01,,VM-ACC-0013,1,162.34,0.05,PLN
SO-2023-012754,4,2023-11-08,2023-11-08,PL-WRO-01,, VM-NUT-0002 ,9,14.32,0.0,PLN
SO-2023-012755,1,2023-11-08,2023-11-08,PL-WRO-01,C004707,VM-APP-0002,1,420.19,0.0,PLN
SO-2023-012755,2,2023-11-08,2023-11-08,PL-WRO-01,C004707,VM-BIK-0006,1,6293.44,0.0,PLN
SO-2023-012756,1,2023-11-08,2023-11-08,PL-WRO-01,,VM-BIK-0004,1,4077.84,0.0,PLN
SO-2023-012756,2,2023-11-08,2023-11-08,PL-WRO-01,,VM-ACC-0018,3,47.74,0.0,PLN
SO-2023-012756,3,2023-11-08,2023-11-08,PL-WRO-01,,VM-ACC-0008,2,381.99,0.0,PLN
SO-2023-012757,1,2023-11-08,2023-11-08,PL-WRO-01,,vm-nut-0001,12,8.59,0.0,PLN
SO-2023-012758,1,2023-11-08,2023-11-08,PL-WRO-01,,VM-ACC-0019,2,47.74,0.0,PLN
SO-2023-012759,1,2023-11-08,2023-11-08,PL-GDN-01,,VM-ACC-0001,1,362.89,0.0,PLN
SO-2023-012759,2,2023-11-08,2023-11-08,PL-GDN-01,,VM-EBK-0008,1,14420.49,0.0,PLN
SO-2023-012759,3,2023-11-08,2023-11-08,PL-GDN-01,,VM-NUT-0006,11,9.54,0.0,PLN
SO-2023-012759,4,2023-11-08,2023-11-08,PL-GDN-01,,vm-bik-0016,1,3428.44,0.0,PLN
SO-2023-012760,1,2023-11-08,2023-11-08,PL-GDN-01,C005431,VM-EBK-0007,1,14038.49,0.0,PLN
SO-2023-012761,1,2023-11-08,2023-11-08,PL-POZ-01,C002041,VM-CMP-0017,1,477.49,0.0,PLN
SO-2023-012762,1,2023-11-08,2023-11-10,PL-WEB-01,C005432,VM-NUT-0004,7,6.68,0.0,PLN
SO-2023-012762,2,2023-11-08,2023-11-10,PL-WEB-01,C005432,VM-CMP-0022,1,34.37,0.0,PLN
SO-2023-012763,1,2023-11-08,2023-11-12,PL-WEB-01,C000513,VM-CMP-0015,1,878.59,0.05,PLN
SO-2023-012764,1,2023-11-08,2023-11-12,PL-WEB-01,C002330,VM-NUT-0004,7,6.68,0.0,PLN
SO-2023-012765,1,2023-11-08,2023-11-12,PL-WEB-01,C004438,VM-APP-0003,1,296.04,0.0,PLN
SO-2023-012765,2,2023-11-08,2023-11-12,PL-WEB-01,C004438,VM-CMP-0018,2,59.2,0.0,PLN
SO-2023-012766,1,2023-11-08,2023-11-11,PL-WEB-01,C005433,VM-APP-0002,3,420.19,0.0,PLN
SO-2023-012766,2,2023-11-08,2023-11-11,PL-WEB-01,C005433,VM-APP-0015,1,544.34,0.0,PLN
SO-2023-012766,3,2023-11-08,2023-11-11,PL-WEB-01,C005433,VM-APP-0018,2,124.14,0.0,PLN
SO-2023-012767,1,2023-11-08,2023-11-12,PL-WEB-01,C005434,VM-ACC-0008,1,381.99,0.0,PLN
SO-2023-012768,1,2023-11-08,2023-11-09,PL-WEB-01,C002509,VM-NUT-0002,4,14.32,0.0,PLN
SO-2023-012769,1,2023-11-08,2023-11-09,PL-WEB-01,C005435,VM-APP-0020,2,171.89,0.0,PLN
SO-2023-012770,1,2023-11-08,2023-11-09,PL-MKT-01,C004858,VM-APP-0006,3,296.04,0.0,PLN
SO-2023-012770,2,2023-11-08,2023-11-09,PL-MKT-01,C004858,VM-ACC-0008,2,381.99,0.0,PLN
SO-2023-012770,3,2023-11-08,2023-11-09,PL-MKT-01,C004858,VM-APP-0002,3,420.19,0.0,PLN
SO-2023-012771,1,2023-11-08,2023-11-12,PL-MKT-01,C004729,VM-ACC-0008,1,381.99,0.05,PLN
SO-2023-012771,2,2023-11-08,2023-11-12,PL-MKT-01,C004729,VM-BIK-0007,1,6732.74,0.05,PLN
SO-2023-012771,3,2023-11-08,2023-11-12,PL-MKT-01,C004729, VM-APP-0005 ,1,171.89,0.05,PLN
SO-2023-012772,1,2023-11-08,2023-11-11,PL-MKT-01,C004654,VM-ACC-0018,1,47.74,0.0,PLN
SO-2023-012772,2,2023-11-08,2023-11-11,PL-MKT-01,C004654,VM-BIK-0010,1,6035.59,0.0,PLN
SO-2023-012773,1,2023-11-08,2023-11-12,PL-MKT-01,C005436,VM-CMP-0004,1,687.59,0.0,PLN
SO-2023-012774,1,2023-11-08,2023-11-12,PL-MKT-01,C005437,VM-APP-0010,8,162.34,0.12,PLN
SO-2023-012774,2,2023-11-08,2023-11-12,PL-MKT-01,C005437,VM-ACC-0008,5,381.99,0.08,PLN
SO-2023-012775,1,2023-11-08,2023-11-08,CZ-PRG-01,C005438,VM-NUT-0002,3,76.0,0.0,CZK
SO-2023-012775,2,2023-11-08,2023-11-08,CZ-PRG-01,C005438,VM-APP-0002,2,2216.0,0.0,CZK
SO-2023-012776,1,2023-11-08,2023-11-08,CZ-PRG-01,C001505,VM-NUT-0004,12,35.0,0.0,CZK
SO-2023-012776,2,2023-11-08,2023-11-08,CZ-PRG-01,C001505,VM-APP-0013,1,2216.0,0.0,CZK
SO-2023-012776,3,2023-11-08,2023-11-08,CZ-PRG-01,C001505,VM-BIK-0011,1,43569.0,0.0,CZK
SO-2023-012777,1,2023-11-08,2023-11-08,CZ-PRG-01,,VM-NUT-0005,4,45.0,0.0,CZK
SO-2023-012778,1,2023-11-08,2023-11-08,CZ-PRG-01,C005404,vm-ebk-0006,1,101444.0,0.0,CZK
SO-2023-012779,1,2023-11-08,2023-11-11,CZ-WEB-01,C005439,VM-ACC-0021,1,3929.0,0.05,CZK
SO-2023-012780,1,2023-11-08,2023-11-09,CZ-WEB-01,C004348,VM-APP-0012,1,4382.0,0.0,CZK
SO-2023-012780,2,2023-11-08,2023-11-09,CZ-WEB-01,C004348,VM-APP-0018,1,655.0,0.0,CZK
SO-2023-012780,3,2023-11-08,2023-11-09,CZ-WEB-01,C004348,VM-BIK-0008,1,26746.0,0.0,CZK
SO-2023-012780,4,2023-11-08,2023-11-09,CZ-WEB-01,C004348,vm-acc-0011,1,363.0,0.0,CZK
SO-2023-012781,1,2023-11-08,2023-11-08,DE-BER-01,,VM-NUT-0010,2,7.52,0.0,EUR
SO-2023-012782,1,2023-11-08,2023-11-09,DE-WEB-01,C001990,VM-APP-0002,2,94.53,0.0,EUR
SO-2023-012782,2,2023-11-08,2023-11-09,DE-WEB-01,C001990,VM-NUT-0007,12,2.79,0.0,EUR
SO-2023-012783,1,2023-11-08,2023-11-09,DE-WEB-01,C005440,VM-ACC-0020,1,174.03,0.0,EUR
SO-2023-012784,1,2023-11-08,2023-11-10,DE-WEB-01,C005441,VM-ACC-0015,1,75.2,0.0,EUR
SO-2023-012785,1,2023-11-09,2023-11-09,PL-WAW-01,C005442,VM-APP-0013,1,420.19,0.05,PLN
SO-2023-012786,1,2023-11-09,2023-11-09,PL-WAW-01,,VM-CMP-0017,1,477.49,0.0,PLN
SO-2023-012787,1,2023-11-09,2023-11-09,PL-WAW-01,C005443,VM-APP-0006,2,296.04,0.05,PLN
SO-2023-012787,2,2023-11-09,2023-11-09,PL-WAW-01,C005443,VM-BIK-0002,1,9196.64,0.0,PLN
SO-2023-012787,3,2023-11-09,2023-11-09,PL-WAW-01,C005443,VM-ACC-0002,1,582.54,0.0,PLN
SO-2023-012788,1,2023-11-09,2023-11-09,PL-WAW-01,C005345,VM-BIK-0017,1,1824.04,0.05,PLN
SO-2023-012789,1,2023-11-09,2023-11-09,PL-WAW-02,,VM-NUT-0004,10,6.68,0.0,PLN
SO-2023-012789,2,2023-11-09,2023-11-09,PL-WAW-02,,VM-CMP-0001,2,381.99,0.0,PLN
SO-2023-012789,3,2023-11-09,2023-11-09,PL-WAW-02,,VM-APP-0006,2,296.04,0.0,PLN
SO-2023-012790,1,2023-11-09,2023-11-09,PL-WAW-02,,VM-EBK-0003,1,8680.94,0.0,PLN
SO-2023-012791,1,2023-11-09,2023-11-09,PL-WAW-02,C005444,VM-BIK-0008,1,5071.04,0.0,PLN
SO-2023-012792,1,2023-11-09,2023-11-09,PL-WAW-02,,VM-NUT-0001,14,8.59,0.0,PLN
SO-2023-012792,2,2023-11-09,2023-11-09,PL-WAW-02,,VM-NUT-0010,1,33.42,0.0,PLN
SO-2023-012792,3,2023-11-09,2023-11-09,PL-WAW-02,,VM-BIK-0007,1,6732.74,0.05,PLN
SO-2023-012793,1,2023-11-09,2023-11-09,PL-KRK-01,C001954,VM-CMP-0016,2,2349.29,0.0,PLN
SO-2023-012793,2,2023-11-09,2023-11-09,PL-KRK-01,C001954,VM-ACC-0010,1,238.74,0.0,PLN
SO-2023-012794,1,2023-11-09,2023-11-09,PL-KRK-01,C001046,VM-NUT-0007,16,12.41,0.12,PLN
SO-2023-012794,2,2023-11-09,2023-11-09,PL-KRK-01,C001046,VM-APP-0011,5,391.54,0.1,PLN
SO-2023-012795,1,2023-11-09,2023-11-09,PL-KRK-01,C005445,VM-CMP-0016,1,2349.29,0.0,PLN
SO-2023-012795,2,2023-11-09,2023-11-09,PL-KRK-01,C005445,VM-ACC-0008,2,381.99,0.0,PLN
SO-2023-012795,3,2023-11-09,2023-11-09,PL-KRK-01,C005445,VM-NUT-0007,8,12.41,0.0,PLN
SO-2023-012795,4,2023-11-09,2023-11-09,PL-KRK-01,C005445,VM-CMP-0001,1,381.99,0.0,PLN
SO-2023-012796,1,2023-11-09,2023-11-09,PL-KRK-01,C005446,VM-NUT-0007,3,12.41,0.0,PLN
SO-2023-012796,2,2023-11-09,2023-11-09,PL-KRK-01,C005446,VM-ACC-0001,2,362.89,0.0,PLN
SO-2023-012796,3,2023-11-09,2023-11-09,PL-KRK-01,C005446,VM-CMP-0017,2,477.49,0.0,PLN
SO-2023-012797,1,2023-11-09,2023-11-09,PL-WRO-01,,VM-BIK-0004,1,4077.84,0.0,PLN
SO-2023-012798,1,2023-11-09,2023-11-09,PL-WRO-01,,VM-APP-0001,3,439.29,0.0,PLN
SO-2023-012799,1,2023-11-09,2023-11-09,PL-WRO-01,C005447,VM-ACC-0008,1,381.99,0.05,PLN
SO-2023-012800,1,2023-11-09,2023-11-09,PL-WRO-01,,VM-BIK-0006,1,6293.44,0.1,PLN
SO-2023-012800,2,2023-11-09,2023-11-09,PL-WRO-01,,VM-ACC-0008,2,381.99,0.0,PLN
SO-2023-012800,3,2023-11-09,2023-11-09,PL-WRO-01,,VM-ACC-0007,1,343.79,0.0,PLN
SO-2023-012801,1,2023-11-09,2023-11-09,PL-WRO-01,C005448,VM-NUT-0002,12,14.32,0.0,PLN
SO-2023-012801,2,2023-11-09,2023-11-09,PL-WRO-01,C005448,VM-APP-0001,2,439.29,0.0,PLN
SO-2023-012802,1,2023-11-09,2023-11-09,PL-WRO-01,C004978,vm-cmp-0006,2,190.99,0.0,PLN
SO-2023-012802,2,2023-11-09,2023-11-09,PL-WRO-01,C004978,VM-APP-0010,1,162.34,0.0,PLN
SO-2023-012802,3,2023-11-09,2023-11-09,PL-WRO-01,C004978,VM-APP-0001,3,439.29,0.0,PLN
SO-2023-012803,1,2023-11-09,2023-11-09,PL-WRO-01,C004343,VM-NUT-0006,3,9.54,0.0,PLN
SO-2023-012804,1,2023-11-09,2023-11-09,PL-GDN-01,C003776,VM-APP-0001,3,439.29,0.0,PLN
SO-2023-012804,2,2023-11-09,2023-11-09,PL-GDN-01,C003776,VM-EBK-0003,1,8680.94,0.0,PLN
SO-2023-012804,3,2023-11-09,2023-11-09,PL-GDN-01,C003776,VM-BIK-0007,1,6732.74,0.0,PLN
SO-2023-012805,1,2023-11-09,2023-11-09,PL-GDN-01,C005449,VM-ACC-0018,3,47.74,0.0,PLN
SO-2023-012805,2,2023-11-09,2023-11-09,PL-GDN-01,C005449,VM-APP-0008,1,152.79,0.0,PLN
SO-2023-012806,1,2023-11-09,2023-11-09,PL-GDN-01,C005450,VM-APP-0002,3,420.19,0.0,PLN
SO-2023-012806,2,2023-11-09,2023-11-09,PL-GDN-01,C005450,VM-NUT-0009,2,81.17,0.0,PLN
SO-2023-012807,1,2023-11-09,2023-11-09,PL-POZ-01,C000511,VM-ACC-0008,1,381.99,0.0,PLN
SO-2023-012808,1,2023-11-09,2023-11-10,PL-WEB-01,C002042,VM-EBK-0008,1,14420.49,0.0,PLN
SO-2023-012808,2,2023-11-09,2023-11-10,PL-WEB-01,C002042,VM-ACC-0014,1,105.04,0.0,PLN
SO-2023-012809,1,2023-11-09,2023-11-11,PL-WEB-01,C003355,VM-CMP-0001,1,381.99,0.05,PLN
SO-2023-012809,2,2023-11-09,2023-11-11,PL-WEB-01,C003355,VM-APP-0001,1,439.29,0.05,PLN
SO-2023-012809,3,2023-11-09,2023-11-11,PL-WEB-01,C003355,VM-CMP-0018,2,59.2,0.05,PLN
SO-2023-012810,1,2023-11-09,2023-11-12,PL-WEB-01,C005451,VM-EBK-0006,1,19233.69,0.0,PLN
SO-2023-012811,1,2023-11-09,2023-11-11,PL-WEB-01,C004486,VM-APP-0002,3,420.19,0.05,PLN
SO-2023-012812,1,2023-11-09,2023-11-10,PL-WEB-01,C001534,VM-CMP-0006,1,190.99,0.0,PLN
SO-2023-012813,1,2023-11-09,2023-11-13,PL-WEB-01,C005452,VM-CMP-0002,2,534.79,0.0,PLN
SO-2023-012814,1,2023-11-09,2023-11-11,PL-WEB-01,C003355,VM-BIK-0001,1,13073.94,0.05,PLN
SO-2023-012814,2,2023-11-09,2023-11-11,PL-WEB-01,C003355,VM-ACC-0004,2,744.89,0.05,PLN
SO-2023-012815,1,2023-11-09,2023-11-10,PL-WEB-01,C005453,VM-NUT-0009,2,81.17,0.0,PLN
SO-2023-012816,1,2023-11-09,2023-11-11,PL-WEB-01,C004343,VM-ACC-0003,1,276.94,0.0,PLN
SO-2023-012816,2,2023-11-09,2023-11-11,PL-WEB-01,C004343,VM-APP-0005,2,171.89,0.0,PLN
SO-2023-012817,1,2023-11-09,2023-11-13,PL-WEB-01,C005454,VM-APP-0010,3,162.34,0.08,PLN
SO-2023-012817,2,2023-11-09,2023-11-13,PL-WEB-01,C005454,vm-cmp-0003,10,229.19,0.08,PLN
SO-2023-012818,1,2023-11-09,2023-11-13,PL-WEB-01,C002448,VM-ACC-0013,1,162.34,0.0,PLN
SO-2023-012819,1,2023-11-09,2023-11-12,PL-MKT-01,C001503,VM-APP-0010,2,162.34,0.0,PLN
SO-2023-012820,1,2023-11-09,2023-11-11,PL-MKT-01,C005455,VM-ACC-0018,2,47.74,0.0,PLN
SO-2023-012821,1,2023-11-09,2023-11-11,PL-MKT-01,C005456,VM-CMP-0017,1,477.49,0.0,PLN
SO-2023-012822,1,2023-11-09,2023-11-11,PL-MKT-01,C001466,VM-EBK-0007,1,14038.49,0.05,PLN
SO-2023-012823,1,2023-11-09,2023-11-11,PL-MKT-01,C003735,VM-CMP-0019,4,200.54,0.0,PLN
SO-2023-012823,2,2023-11-09,2023-11-11,PL-MKT-01,C003735,VM-ACC-0002,1,582.54,0.0,PLN
SO-2023-012824,1,2023-11-09,2023-11-12,PL-MKT-01,C003938,VM-BIK-0012,1,11278.54,0.0,PLN
SO-2023-012824,2,2023-11-09,2023-11-12,PL-MKT-01,C003938,VM-ACC-0014,1,105.04,0.0,PLN
SO-2023-012825,1,2023-11-09,2023-11-11,PL-MKT-01,C005457,VM-CMP-0008,2,420.19,0.0,PLN
SO-2023-012826,1,2023-11-09,2023-11-09,CZ-PRG-01,,VM-CMP-0013,1,2670.0,0.0,CZK
SO-2023-012827,1,2023-11-09,2023-11-09,CZ-PRG-01,C005458,vm-nut-0004,9,35.0,0.0,CZK
SO-2023-012827,2,2023-11-09,2023-11-09,CZ-PRG-01,C005458, VM-ACC-0008 ,2,2015.0,0.0,CZK
SO-2023-012827,3,2023-11-09,2023-11-09,CZ-PRG-01,C005458,VM-APP-0007,2,806.0,0.0,CZK
SO-2023-012828,1,2023-11-09,2023-11-10,CZ-WEB-01,C005459,VM-CMP-0013,2,2670.0,0.0,CZK
SO-2023-012828,2,2023-11-09,2023-11-10,CZ-WEB-01,C005459,VM-ACC-0002,1,3072.0,0.0,CZK
SO-2023-012828,3,2023-11-09,2023-11-10,CZ-WEB-01,C005459,VM-NUT-0009,2,428.0,0.0,CZK
SO-2023-012829,1,2023-11-09,2023-11-10,CZ-WEB-01,C005460,VM-APP-0017,5,957.0,0.1,CZK
SO-2023-012830,1,2023-11-09,2023-11-10,CZ-WEB-01,C003492,VM-APP-0015,1,2871.0,0.05,CZK
SO-2023-012830,2,2023-11-09,2023-11-10,CZ-WEB-01,C003492,VM-EBK-0010,1,67948.0,0.05,CZK
SO-2023-012830,3,2023-11-09,2023-11-10,CZ-WEB-01,C003492,VM-CMP-0003,1,1209.0,0.05,CZK
SO-2023-012830,4,2023-11-09,2023-11-10,CZ-WEB-01,C003492,VM-BIK-0020,1,6095.0,0.05,CZK
SO-2023-012831,1,2023-11-09,2023-11-13,CZ-WEB-01,C005461,VM-ACC-0008,2,2015.0,0.05,CZK
SO-2023-012831,2,2023-11-09,2023-11-13,CZ-WEB-01,C005461,VM-CMP-0010,1,1964.0,0.0,CZK
SO-2023-012831,3,2023-11-09,2023-11-13,CZ-WEB-01,C005461,VM-ACC-0007,1,1813.0,0.0,CZK
SO-2023-012832,1,2023-11-09,2023-11-09,DE-BER-01,,VM-ACC-0012,1,15.47,0.0,EUR
SO-2023-012832,2,2023-11-09,2023-11-09,DE-BER-01,,VM-NUT-0003,3,2.36,0.0,EUR
SO-2023-012833,1,2023-11-09,2023-11-11,DE-WEB-01,C004788,VM-BIK-0005,1,1592.06,0.0,EUR
SO-2023-012833,2,2023-11-09,2023-11-11,DE-WEB-01,C004788,VM-ACC-0019,2,10.74,0.0,EUR
SO-2023-012834,1,2023-11-09,2023-11-10,DE-WEB-01,C004561,VM-APP-0001,2,98.83,0.0,EUR
SO-2023-012834,2,2023-11-09,2023-11-10,DE-WEB-01,C004561,VM-CMP-0006,2,42.97,0.1,EUR
SO-2023-012835,1,2023-11-09,2023-11-11,DE-WEB-01,C003389,VM-ACC-0013,1,36.52,0.0,EUR
SO-2023-012835,2,2023-11-09,2023-11-11,DE-WEB-01,C003389,VM-APP-0002,2,94.53,0.0,EUR
SO-2023-012835,3,2023-11-09,2023-11-11,DE-WEB-01,C003389,VM-APP-0001,1,98.83,0.0,EUR
SO-2023-012836,1,2023-11-09,2023-11-10,DE-WEB-01,C005462,VM-ACC-0019,1,10.74,0.05,EUR
SO-2023-012836,2,2023-11-09,2023-11-10,DE-WEB-01,C005462,VM-APP-0007,1,34.37,0.05,EUR
SO-2023-012836,3,2023-11-09,2023-11-10,DE-WEB-01,C005462,VM-EBK-0002,1,2137.78,0.05,EUR
SO-2023-012836,4,2023-11-09,2023-11-10,DE-WEB-01,C005462,VM-APP-0003,1,66.6,0.05,EUR
SO-2023-012837,1,2023-11-09,2023-11-13,DE-WEB-01,C005463,VM-NUT-0007,5,2.79,0.1,EUR
SO-2023-012837,2,2023-11-09,2023-11-13,DE-WEB-01,C005463,VM-EBK-0008,1,3244.28,0.0,EUR
SO-2023-012838,1,2023-11-10,2023-11-10,PL-WAW-01,,VM-CMP-0021,1,45.83,0.0,PLN
SO-2023-012838,2,2023-11-10,2023-11-10,PL-WAW-01,,VM-NUT-0007,10,12.41,0.0,PLN
SO-2023-012838,3,2023-11-10,2023-11-10,PL-WAW-01,,VM-APP-0006,1,296.04,0.0,PLN
SO-2023-012839,1,2023-11-10,2023-11-10,PL-WAW-02,C005149,VM-NUT-0006,5,9.54,0.0,PLN
SO-2023-012840,1,2023-11-10,2023-11-10,PL-WAW-02,C004261,VM-ACC-0008,2,381.99,0.0,PLN
SO-2023-012840,2,2023-11-10,2023-11-10,PL-WAW-02,C004261,VM-ACC-0006,2,907.24,0.0,PLN
SO-2023-012840,3,2023-11-10,2023-11-10,PL-WAW-02,C004261,VM-BIK-0016,1,3428.44,0.0,PLN
SO-2023-012840,4,2023-11-10,2023-11-10,PL-WAW-02,C004261,VM-ACC-0002,2,582.54,0.0,PLN
SO-2023-012841,1,2023-11-10,2023-11-10,PL-WAW-02,,VM-BIK-0001,1,13073.94,0.0,PLN
SO-2023-012841,2,2023-11-10,2023-11-10,PL-WAW-02,,VM-APP-0002,2,420.19,0.0,PLN
SO-2023-012841,3,2023-11-10,2023-11-10,PL-WAW-02,,VM-BIK-0020,1,1155.54,0.1,PLN
SO-2023-012842,1,2023-11-10,2023-11-10,PL-KRK-01,C002588,VM-NUT-0001,11,8.59,0.0,PLN
SO-2023-012843,1,2023-11-10,2023-11-10,PL-KRK-01,C005464,VM-ACC-0014,1,105.04,0.0,PLN
SO-2023-012843,2,2023-11-10,2023-11-10,PL-KRK-01,C005464,VM-APP-0008,2,152.79,0.0,PLN
SO-2023-012843,3,2023-11-10,2023-11-10,PL-KRK-01,C005464,VM-EBK-0007,1,14038.49,0.0,PLN
SO-2023-012844,1,2023-11-10,2023-11-10,PL-KRK-01,,VM-NUT-0010,2,33.42,0.0,PLN
SO-2023-012845,1,2023-11-10,2023-11-10,PL-KRK-01,C001554,VM-BIK-0012,1,11278.54,0.05,PLN
SO-2023-012846,1,2023-11-10,2023-11-10,PL-KRK-01,C005465,VM-NUT-0006,9,9.54,0.0,PLN
SO-2023-012847,1,2023-11-10,2023-11-10,PL-KRK-01,C005466,VM-APP-0006,2,296.04,0.0,PLN
SO-2023-012847,2,2023-11-10,2023-11-10,PL-KRK-01,C005466,VM-ACC-0018,2,47.74,0.05,PLN
SO-2023-012848,1,2023-11-10,2023-11-10,PL-KRK-01,C001250,VM-ACC-0008,1,381.99,0.0,PLN
SO-2023-012849,1,2023-11-10,2023-11-10,PL-WRO-01,C001568,VM-APP-0010,2,162.34,0.0,PLN
SO-2023-012850,1,2023-11-10,2023-11-10,PL-WRO-01,C002049,VM-APP-0013,1,420.19,0.0,PLN
SO-2023-012851,1,2023-11-10,2023-11-10,PL-WRO-01,C005467,VM-NUT-0002,8,14.32,0.0,PLN
SO-2023-012851,2,2023-11-10,2023-11-10,PL-WRO-01,C005467,VM-BIK-0017,1,1824.04,0.0,PLN
SO-2023-012852,1,2023-11-10,2023-11-10,PL-WRO-01,C005468,VM-BIK-0008,1,5071.04,0.0,PLN
SO-2023-012852,2,2023-11-10,2023-11-10,PL-WRO-01,C005468,VM-ACC-0018,3,47.74,0.0,PLN
SO-2023-012853,1,2023-11-10,2023-11-10,PL-GDN-01,, VM-ACC-0008 ,2,381.99,0.0,PLN
SO-2023-012853,2,2023-11-10,2023-11-10,PL-GDN-01,,VM-APP-0002,2,420.19,0.0,PLN
SO-2023-012854,1,2023-11-10,2023-11-10,PL-GDN-01,C002132,VM-BIK-0007,1,6732.74,0.05,PLN
SO-2023-012854,2,2023-11-10,2023-11-10,PL-GDN-01,C002132,VM-NUT-0001,14,8.59,0.05,PLN
SO-2023-012855,1,2023-11-10,2023-11-10,PL-POZ-01,C003852,VM-ACC-0017,2,55.38,0.0,PLN
SO-2023-012855,2,2023-11-10,2023-11-10,PL-POZ-01,C003852,VM-NUT-0003,8,10.5,0.0,PLN
SO-2023-012856,1,2023-11-10,2023-11-10,PL-POZ-01,C004578,VM-APP-0010,2,162.34,0.0,PLN
SO-2023-012856,2,2023-11-10,2023-11-10,PL-POZ-01,C004578,VM-ACC-0012,1,68.75,0.0,PLN
SO-2023-012857,1,2023-11-10,2023-11-12,PL-WEB-01,C005469,VM-APP-0010,2,162.34,0.0,PLN
SO-2023-012858,1,2023-11-10,2023-11-11,PL-WEB-01,C005470,VM-NUT-0009,2,81.17,0.0,PLN
SO-2023-012859,1,2023-11-10,2023-11-14,PL-WEB-01,C003673,VM-CMP-0004,2,687.59,0.0,PLN
SO-2023-012859,2,2023-11-10,2023-11-14,PL-WEB-01,C003673,VM-ACC-0003,1,276.94,0.0,PLN
SO-2023-012860,1,2023-11-10,2023-11-12,PL-WEB-01,C001737,VM-APP-0010,2,162.34,0.05,PLN
SO-2023-012860,2,2023-11-10,2023-11-12,PL-WEB-01,C001737,VM-NUT-0010,3,33.42,0.05,PLN
SO-2023-012861,1,2023-11-10,2023-11-13,PL-WEB-01,C003989,VM-ACC-0001,1,362.89,0.0,PLN
SO-2023-012861,2,2023-11-10,2023-11-13,PL-WEB-01,C003989,VM-APP-0009,2,334.24,0.0,PLN
SO-2023-012862,1,2023-11-10,2023-11-13,PL-WEB-01,C005471,VM-APP-0012,1,830.84,0.0,PLN
SO-2023-012862,2,2023-11-10,2023-11-13,PL-WEB-01,C005471,VM-APP-0010,2,162.34,0.0,PLN
SO-2023-012863,1,2023-11-10,2023-11-13,PL-MKT-01,C005472,VM-BIK-0006,1,6293.44,0.0,PLN
SO-2023-012864,1,2023-11-10,2023-11-12,PL-MKT-01,C001631,VM-APP-0013,1,420.19,0.0,PLN
SO-2023-012864,2,2023-11-10,2023-11-12,PL-MKT-01,C001631,VM-APP-0019,2,63.02,0.0,PLN
SO-2023-012865,1,2023-11-10,2023-11-13,PL-MKT-01,C004459,VM-BIK-0017,1,1824.04,0.0,PLN
SO-2023-012866,1,2023-11-10,2023-11-13,PL-MKT-01,C005473,VM-CMP-0006,2,190.99,0.0,PLN
SO-2023-012866,2,2023-11-10,2023-11-13,PL-MKT-01,C005473,vm-acc-0008,2,381.99,0.0,PLN
SO-2023-012866,3,2023-11-10,2023-11-13,PL-MKT-01,C005473,VM-NUT-0010,3,33.42,0.0,PLN
SO-2023-012867,1,2023-11-10,2023-11-12,PL-MKT-01,C005474,VM-ACC-0005,2,171.89,0.0,PLN
SO-2023-012868,1,2023-11-10,2023-11-12,PL-MKT-01,C005475,VM-APP-0007,2,152.79,0.0,PLN
SO-2023-012868,2,2023-11-10,2023-11-12,PL-MKT-01,C005475,VM-EBK-0002,1,9502.24,0.0,PLN
SO-2023-012868,3,2023-11-10,2023-11-12,PL-MKT-01,C005475,VM-BIK-0008,1,5071.04,0.0,PLN
SO-2023-012869,1,2023-11-10,2023-11-12,PL-MKT-01,C005476,VM-ACC-0013,1,162.34,0.0,PLN
SO-2023-012869,2,2023-11-10,2023-11-12,PL-MKT-01,C005476,VM-APP-0013,1,420.19,0.0,PLN
SO-2023-012869,3,2023-11-10,2023-11-12,PL-MKT-01,C005476,VM-APP-0004,2,229.19,0.0,PLN
SO-2023-012869,4,2023-11-10,2023-11-12,PL-MKT-01,C005476,VM-NUT-0003,13,10.5,0.0,PLN
SO-2023-012870,1,2023-11-10,2023-11-10,CZ-PRG-01,,VM-APP-0001,3,2317.0,0.0,CZK
SO-2023-012871,1,2023-11-10,2023-11-10,CZ-PRG-01,C005477,VM-APP-0006,3,1561.0,0.0,CZK
SO-2023-012871,2,2023-11-10,2023-11-10,CZ-PRG-01,C005477,VM-CMP-0020,2,1310.0,0.0,CZK
SO-2023-012872,1,2023-11-10,2023-11-10,CZ-PRG-01,C005478,VM-ACC-0019,1,252.0,0.1,CZK
SO-2023-012872,2,2023-11-10,2023-11-10,CZ-PRG-01,C005478,VM-APP-0010,1,856.0,0.0,CZK
SO-2023-012873,1,2023-11-10,2023-11-12,CZ-WEB-01,C000822,VM-NUT-0004,6,35.0,0.0,CZK
SO-2023-012873,2,2023-11-10,2023-11-12,CZ-WEB-01,C000822,VM-APP-0010,2,856.0,0.1,CZK
SO-2023-012874,1,2023-11-10,2023-11-11,CZ-WEB-01,C005479,VM-CMP-0008,1,2216.0,0.0,CZK
SO-2023-012875,1,2023-11-10,2023-11-13,CZ-WEB-01,C001864,VM-NUT-0004,15,35.0,0.0,CZK
SO-2023-012875,2,2023-11-10,2023-11-13,CZ-WEB-01,C001864,VM-NUT-0002,12,76.0,0.0,CZK
SO-2023-012876,1,2023-11-10,2023-11-11,CZ-WEB-01,C005480,VM-ACC-0020,1,4080.0,0.0,CZK
SO-2023-012876,2,2023-11-10,2023-11-11,CZ-WEB-01,C005480,VM-CMP-0013,2,2670.0,0.0,CZK
SO-2023-012876,3,2023-11-10,2023-11-11,CZ-WEB-01,C005480,VM-NUT-0002,12,76.0,0.0,CZK
SO-2023-012877,1,2023-11-10,2023-11-10,DE-BER-01,C001833,VM-CMP-0017,4,107.42,0.12,EUR
SO-2023-012877,2,2023-11-10,2023-11-10,DE-BER-01,C001833,VM-APP-0018,8,27.93,0.12,EUR
SO-2023-012878,1,2023-11-10,2023-11-10,DE-BER-01,,VM-APP-0002,3,94.53,0.0,EUR
SO-2023-012878,2,2023-11-10,2023-11-10,DE-BER-01,,VM-ACC-0006,1,204.11,0.0,EUR
SO-2023-012878,3,2023-11-10,2023-11-10,DE-BER-01,,VM-APP-0012,1,186.92,0.0,EUR
SO-2023-012878,4,2023-11-10,2023-11-10,DE-BER-01,,VM-ACC-0004,2,167.58,0.0,EUR
SO-2023-012879,1,2023-11-10,2023-11-10,DE-BER-01,C004516,VM-NUT-0004,3,1.5,0.0,EUR
SO-2023-012880,1,2023-11-10,2023-11-12,DE-WEB-01,C004627,VM-ACC-0018,2,10.74,0.05,EUR
SO-2023-012881,1,2023-11-10,2023-11-13,DE-WEB-01,C005481,VM-CMP-0013,2,113.87,0.0,EUR
SO-2023-012882,1,2023-11-10,2023-11-14,DE-WEB-01,C005482,VM-APP-0020,1,38.67,0.0,EUR
SO-2023-012882,2,2023-11-10,2023-11-14,DE-WEB-01,C005482,VM-CMP-0001,1,85.94,0.0,EUR
SO-2023-012882,3,2023-11-10,2023-11-14,DE-WEB-01,C005482,VM-CMP-0014,2,92.38,0.0,EUR
SO-2023-012883,1,2023-11-11,2023-11-11,PL-WAW-01,C005483,VM-BIK-0004,1,4077.84,0.0,PLN
SO-2023-012883,2,2023-11-11,2023-11-11,PL-WAW-01,C005483,VM-ACC-0006,1,907.24,0.05,PLN
SO-2023-012884,1,2023-11-11,2023-11-11,PL-WAW-01,C001473,VM-APP-0002,2,420.19,0.05,PLN
SO-2023-012884,2,2023-11-11,2023-11-11,PL-WAW-01,C001473,VM-APP-0012,1,830.84,0.05,PLN
SO-2023-012885,1,2023-11-11,2023-11-11,PL-WAW-01,,VM-ACC-0020,1,773.54,0.0,PLN
SO-2023-012885,2,2023-11-11,2023-11-11,PL-WAW-01,,VM-APP-0006,2,296.04,0.0,PLN
SO-2023-012886,1,2023-11-11,2023-11-11,PL-WAW-01,C003980,VM-APP-0007,1,152.79,0.05,PLN
SO-2023-012886,2,2023-11-11,2023-11-11,PL-WAW-01,C003980,VM-NUT-0009,4,81.17,0.05,PLN
SO-2023-012886,3,2023-11-11,2023-11-11,PL-WAW-01,C003980,VM-ACC-0008,2,381.99,0.05,PLN
SO-2023-012887,1,2023-11-11,2023-11-11,PL-WAW-01,C005484,VM-EBK-0011,1,13981.19,0.05,PLN
SO-2023-012887,2,2023-11-11,2023-11-11,PL-WAW-01,C005484,VM-APP-0001,3,439.29,0.05,PLN
SO-2023-012887,3,2023-11-11,2023-11-11,PL-WAW-01,C005484,VM-ACC-0003,1,276.94,0.05,PLN
SO-2023-012888,1,2023-11-11,2023-11-11,PL-WAW-01,C005485,VM-APP-0008,2,152.79,0.0,PLN
SO-2023-012889,1,2023-11-11,2023-11-11,PL-WAW-01,C005486,VM-ACC-0018,3,47.74,0.0,PLN
SO-2023-012889,2,2023-11-11,2023-11-11,PL-WAW-01,C005486,VM-APP-0006,3,296.04,0.0,PLN
SO-2023-012889,3,2023-11-11,2023-11-11,PL-WAW-01,C005486,VM-CMP-0009,1,334.24,0.0,PLN
SO-2023-012889,4,2023-11-11,2023-11-11,PL-WAW-01,C005486,VM-CMP-0019,3,200.54,0.0,PLN
SO-2023-012890,1,2023-11-11,2023-11-11,PL-WAW-01,C005487,VM-BIK-0020,1,1155.54,0.0,PLN
SO-2023-012890,2,2023-11-11,2023-11-11,PL-WAW-01,C005487,VM-NUT-0006,7,9.54,0.0,PLN
SO-2023-012890,3,2023-11-11,2023-11-11,PL-WAW-01,C005487,VM-ACC-0018,3,47.74,0.0,PLN
SO-2023-012891,1,2023-11-11,2023-11-11,PL-WAW-01,C002121,VM-ACC-0006,2,907.24,0.1,PLN
SO-2023-012892,1,2023-11-11,2023-11-11,PL-WAW-01,C005488,VM-NUT-0006,11,9.54,0.05,PLN
SO-2023-012892,2,2023-11-11,2023-11-11,PL-WAW-01,C005488,VM-NUT-0007,10,12.41,0.05,PLN
SO-2023-012892,3,2023-11-11,2023-11-11,PL-WAW-01,C005488,VM-NUT-0010,3,33.42,0.05,PLN
SO-2023-012893,1,2023-11-11,2023-11-11,PL-WAW-02,C005489,VM-APP-0013,1,420.19,0.0,PLN
SO-2023-012893,2,2023-11-11,2023-11-11,PL-WAW-02,C005489,VM-ACC-0015,1,334.24,0.0,PLN
SO-2023-012893,3,2023-11-11,2023-11-11,PL-WAW-02,C005489,VM-NUT-0005,5,8.59,0.0,PLN
SO-2023-012894,1,2023-11-11,2023-11-11,PL-KRK-01,C004653,VM-APP-0005,2,171.89,0.0,PLN
SO-2023-012894,2,2023-11-11,2023-11-11,PL-KRK-01,C004653,VM-ACC-0008,2,381.99,0.0,PLN
SO-2023-012894,3,2023-11-11,2023-11-11,PL-KRK-01,C004653,VM-APP-0003,1,296.04,0.0,PLN
SO-2023-012895,1,2023-11-11,2023-11-11,PL-KRK-01,,VM-NUT-0001,13,8.59,0.0,PLN
SO-2023-012896,1,2023-11-11,2023-11-11,PL-KRK-01,C005490,VM-ACC-0005,2,171.89,0.0,PLN
SO-2023-012897,1,2023-11-11,2023-11-11,PL-KRK-01,,VM-APP-0010,1,162.34,0.0,PLN
SO-2023-012897,2,2023-11-11,2023-11-11,PL-KRK-01,,VM-APP-0008,1,152.79,0.0,PLN
SO-2023-012897,3,2023-11-11,2023-11-11,PL-KRK-01,,VM-ACC-0008,2,381.99,0.0,PLN
SO-2023-012898,1,2023-11-11,2023-11-11,PL-KRK-01,C004921,VM-BIK-0007,1,6732.74,0.0,PLN
SO-2023-012899,1,2023-11-11,2023-11-11,PL-KRK-01,C005491,VM-CMP-0011,1,152.79,0.05,PLN
SO-2023-012899,2,2023-11-11,2023-11-11,PL-KRK-01,C005491,VM-CMP-0013,1,506.14,0.05,PLN
SO-2023-012899,3,2023-11-11,2023-11-11,PL-KRK-01,C005491,VM-BIK-0021,1,1193.74,0.05,PLN
SO-2023-012899,4,2023-11-11,2023-11-11,PL-KRK-01,C005491,VM-ACC-0007,1,343.79,0.05,PLN
SO-2023-012900,1,2023-11-11,2023-11-11,PL-KRK-01,C005492,VM-APP-0010,2,162.34,0.0,PLN
SO-2023-012901,1,2023-11-11,2023-11-11,PL-KRK-01,C005493,VM-NUT-0011,2,51.56,0.0,PLN
SO-2023-012901,2,2023-11-11,2023-11-11,PL-KRK-01,C005493,VM-NUT-0001,9,8.59,0.0,PLN
SO-2023-012901,3,2023-11-11,2023-11-11,PL-KRK-01,C005493,VM-BIK-0004,1,4077.84,0.0,PLN
SO-2023-012902,1,2023-11-11,2023-11-11,PL-KRK-01,C003926,VM-EBK-0001,1,7324.84,0.0,PLN
SO-2023-012902,2,2023-11-11,2023-11-11,PL-KRK-01,C003926,VM-ACC-0003,1,276.94,0.0,PLN
SO-2023-012902,3,2023-11-11,2023-11-11,PL-KRK-01,C003926,VM-ACC-0004,1,744.89,0.0,PLN
SO-2023-012902,4,2023-11-11,2023-11-11,PL-KRK-01,C003926,VM-ACC-0019,1,47.74,0.0,PLN
SO-2023-012903,1,2023-11-11,2023-11-11,PL-KRK-01,C005494,VM-CMP-0003,1,229.19,0.0,PLN
SO-2023-012904,1,2023-11-11,2023-11-11,PL-KRK-01,,VM-APP-0002,2,420.19,0.0,PLN
SO-2023-012904,2,2023-11-11,2023-11-11,PL-KRK-01,,VM-APP-0001,2,439.29,0.0,PLN
SO-2023-012905,1,2023-11-11,2023-11-11,PL-WRO-01,,VM-NUT-0002,4,14.32,0.0,PLN
SO-2023-012906,1,2023-11-11,2023-11-11,PL-WRO-01,,VM-BIK-0012,1,11278.54,0.0,PLN
SO-2023-012906,2,2023-11-11,2023-11-11,PL-WRO-01,,VM-ACC-0001,2,362.89,0.0,PLN
SO-2023-012907,1,2023-11-11,2023-11-11,PL-WRO-01,C000892,vm-cmp-0004,8,687.59,0.08,PLN
SO-2023-012907,2,2023-11-11,2023-11-11,PL-WRO-01,C000892,VM-APP-0001,6,439.29,0.1,PLN
SO-2023-012908,1,2023-11-11,2023-11-11,PL-WRO-01,C005495,VM-CMP-0001,1,381.99,0.1,PLN
SO-2023-012909,1,2023-11-11,2023-11-11,PL-GDN-01,C001388,VM-APP-0002,10,420.19,0.08,PLN
SO-2023-012910,1,2023-11-11,2023-11-11,PL-GDN-01,C005191,VM-APP-0019,2,63.02,0.0,PLN
SO-2023-012910,2,2023-11-11,2023-11-11,PL-GDN-01,C005191,VM-BIK-0017,1,1824.04,0.0,PLN
SO-2023-012910,3,2023-11-11,2023-11-11,PL-GDN-01,C005191,VM-CMP-0012,2,515.69,0.0,PLN
SO-2023-012911,1,2023-11-11,2023-11-11,PL-GDN-01,,VM-NUT-0010,3,33.42,0.0,PLN
SO-2023-012912,1,2023-11-11,2023-11-11,PL-GDN-01,C005496,VM-ACC-0005,2,171.89,0.0,PLN
SO-2023-012912,2,2023-11-11,2023-11-11,PL-GDN-01,C005496,VM-ACC-0001,1,362.89,0.0,PLN
SO-2023-012913,1,2023-11-11,2023-11-11,PL-POZ-01,,VM-CMP-0019,1,200.54,0.0,PLN
SO-2023-012914,1,2023-11-11,2023-11-11,PL-POZ-01,,VM-ACC-0004,2,744.89,0.0,PLN
SO-2023-012914,2,2023-11-11,2023-11-11,PL-POZ-01,,VM-APP-0012,1,830.84,0.0,PLN
SO-2023-012915,1,2023-11-11,2023-11-11,PL-POZ-01,,VM-ACC-0008,1,381.99,0.0,PLN
SO-2023-012916,1,2023-11-11,2023-11-11,PL-POZ-01,C005497,VM-APP-0007,2,152.79,0.05,PLN
SO-2023-012916,2,2023-11-11,2023-11-11,PL-POZ-01,C005497,VM-APP-0001,2,439.29,0.05,PLN
SO-2023-012917,1,2023-11-11,2023-11-11,PL-POZ-01,,VM-BIK-0016,1,3428.44,0.0,PLN
SO-2023-012918,1,2023-11-11,2023-11-15,PL-WEB-01,C005498,VM-APP-0004,3,229.19,0.0,PLN
SO-2023-012919,1,2023-11-11,2023-11-13,PL-WEB-01,C000929,VM-EBK-0003,1,8680.94,0.0,PLN
SO-2023-012919,2,2023-11-11,2023-11-13,PL-WEB-01,C000929,VM-ACC-0013,1,162.34,0.0,PLN
SO-2023-012919,3,2023-11-11,2023-11-13,PL-WEB-01,C000929,VM-CMP-0011,2,152.79,0.0,PLN
SO-2023-012920,1,2023-11-11,2023-11-15,PL-WEB-01,C004773,VM-APP-0006,1,296.04,0.0,PLN
SO-2023-012921,1,2023-11-11,2023-11-14,PL-WEB-01,C003367,VM-NUT-0004,9,6.68,0.0,PLN
SO-2023-012922,1,2023-11-11,2023-11-12,PL-WEB-01,C005172,VM-APP-0020,2,171.89,0.0,PLN
SO-2023-012922,2,2023-11-11,2023-11-12,PL-WEB-01,C005172,vm-acc-0009,2,381.99,0.0,PLN
SO-2023-012923,1,2023-11-11,2023-11-15,PL-WEB-01,C005499,VM-APP-0013,1,420.19,0.0,PLN
SO-2023-012923,2,2023-11-11,2023-11-15,PL-WEB-01,C005499,VM-APP-0002,3,420.19,0.0,PLN
SO-2023-012923,3,2023-11-11,2023-11-15,PL-WEB-01,C005499,VM-NUT-0003,14,10.5,0.0,PLN
SO-2023-012924,1,2023-11-11,2023-11-12,PL-WEB-01,C002775,VM-BIK-0009,1,5386.19,0.05,PLN
SO-2023-012925,1,2023-11-11,2023-11-14,PL-WEB-01,C002143,VM-ACC-0020,1,773.54,0.05,PLN
SO-2023-012926,1,2023-11-11,2023-11-13,PL-WEB-01,C005500,VM-ACC-0007,2,343.79,0.0,PLN
SO-2023-012927,1,2023-11-11,2023-11-14,PL-MKT-01,C005501,VM-APP-0001,3,439.29,0.0,PLN
SO-2023-012927,2,2023-11-11,2023-11-14,PL-MKT-01,C005501,VM-ACC-0003,2,276.94,0.0,PLN
SO-2023-012927,3,2023-11-11,2023-11-14,PL-MKT-01,C005501,VM-APP-0006,3,296.04,0.0,PLN
SO-2023-012928,1,2023-11-11,2023-11-12,PL-MKT-01,C005502,VM-ACC-0008,1,381.99,0.0,PLN
SO-2023-012928,2,2023-11-11,2023-11-12,PL-MKT-01,C005502,VM-APP-0013,1,420.19,0.0,PLN
SO-2023-012929,1,2023-11-11,2023-11-13,PL-MKT-01,C005503,VM-APP-0015,1,544.34,0.0,PLN
SO-2023-012930,1,2023-11-11,2023-11-14,PL-MKT-01,C005504,VM-ACC-0014,1,105.04,0.0,PLN
SO-2023-012930,2,2023-11-11,2023-11-14,PL-MKT-01,C005504,VM-APP-0001,2,439.29,0.1,PLN
SO-2023-012930,3,2023-11-11,2023-11-14,PL-MKT-01,C005504,VM-CMP-0008,1,420.19,0.0,PLN
SO-2023-012931,1,2023-11-11,2023-11-15,PL-MKT-01,C002812,VM-APP-0012,2,830.84,0.08,PLN
SO-2023-012932,1,2023-11-11,2023-11-14,PL-MKT-01,C005505,VM-APP-0012,1,830.84,0.0,PLN
SO-2023-012933,1,2023-11-11,2023-11-11,CZ-PRG-01,C005506,VM-BIK-0012,1,59486.0,0.0,CZK
SO-2023-012934,1,2023-11-11,2023-11-11,CZ-PRG-01,,VM-CMP-0014,2,2166.0,0.0,CZK
SO-2023-012935,1,2023-11-11,2023-11-11,CZ-PRG-01,C004285,VM-APP-0002,2,2216.0,0.0,CZK
SO-2023-012935,2,2023-11-11,2023-11-11,CZ-PRG-01,C004285,VM-CMP-0001,2,2015.0,0.0,CZK
SO-2023-012935,3,2023-11-11,2023-11-11,CZ-PRG-01,C004285,VM-ACC-0008,1,2015.0,0.0,CZK
SO-2023-012935,4,2023-11-11,2023-11-11,CZ-PRG-01,C004285,VM-EBK-0001,1,38633.0,0.0,CZK
SO-2023-012936,1,2023-11-11,2023-11-11,CZ-PRG-01,C000375,VM-CMP-0013,1,2670.0,0.0,CZK
SO-2023-012937,1,2023-11-11,2023-11-13,CZ-WEB-01,C005507,VM-APP-0005,1,907.0,0.0,CZK
SO-2023-012938,1,2023-11-11,2023-11-12,CZ-WEB-01,C005508,VM-ACC-0008,1,2015.0,0.0,CZK
SO-2023-012939,1,2023-11-11,2023-11-11,DE-BER-01,C005509,VM-APP-0018,2,27.93,0.0,EUR
SO-2023-012940,1,2023-11-11,2023-11-11,DE-BER-01,,VM-APP-0006,2,66.6,0.0,EUR
SO-2023-012940,2,2023-11-11,2023-11-11,DE-BER-01,,VM-ACC-0008,1,85.94,0.0,EUR
SO-2023-012940,3,2023-11-11,2023-11-11,DE-BER-01,,VM-CMP-0023,4,12.67,0.0,EUR
SO-2023-012940,4,2023-11-11,2023-11-11,DE-BER-01,,VM-ACC-0007,1,77.34,0.0,EUR
SO-2023-012941,1,2023-11-11,2023-11-11,DE-BER-01,,VM-ACC-0007,1,77.34,0.0,EUR
SO-2023-012942,1,2023-11-11,2023-11-11,DE-BER-01,C001470,VM-NUT-0002,20,3.22,0.08,EUR
SO-2023-012943,1,2023-11-11,2023-11-11,DE-BER-01,,VM-NUT-0005,4,1.93,0.0,EUR
SO-2023-012944,1,2023-11-11,2023-11-15,DE-WEB-01,C005510,VM-CMP-0009,2,75.2,0.0,EUR
SO-2023-012944,2,2023-11-11,2023-11-15,DE-WEB-01,C005510,VM-EBK-0001,1,1647.92,0.0,EUR
SO-2023-012945,1,2023-11-11,2023-11-14,DE-WEB-01,C004761,VM-ACC-0003,2,62.31,0.0,EUR
SO-2023-012946,1,2023-11-11,2023-11-12,DE-WEB-01,C005511,VM-ACC-0002,1,131.06,0.05,EUR
SO-2023-012947,1,2023-11-11,2023-11-13,DE-WEB-01,C004427,VM-APP-0020,2,38.67,0.05,EUR
SO-2023-012947,2,2023-11-11,2023-11-13,DE-WEB-01,C004427,VM-APP-0014,1,105.28,0.05,EUR
SO-2023-012947,3,2023-11-11,2023-11-13,DE-WEB-01,C004427,VM-NUT-0002,12,3.22,0.05,EUR
SO-2023-012948,1,2023-11-12,2023-11-16,PL-WEB-01,C005264,VM-APP-0003,3,296.04,0.05,PLN
SO-2023-012948,2,2023-11-12,2023-11-16,PL-WEB-01,C005264,VM-APP-0001,3,439.29,0.05,PLN
SO-2023-012949,1,2023-11-12,2023-11-15,PL-WEB-01,C005397,VM-NUT-0005,12,8.59,0.0,PLN
SO-2023-012949,2,2023-11-12,2023-11-15,PL-WEB-01,C005397,VM-APP-0011,2,391.54,0.0,PLN
SO-2023-012949,3,2023-11-12,2023-11-15,PL-WEB-01,C005397,VM-BIK-0017,1,1824.04,0.0,PLN
SO-2023-012949,4,2023-11-12,2023-11-15,PL-WEB-01,C005397,VM-APP-0012,1,830.84,0.0,PLN
SO-2023-012950,1,2023-11-12,2023-11-14,PL-WEB-01,C001058,VM-APP-0008,2,152.79,0.05,PLN
SO-2023-012951,1,2023-11-12,2023-11-15,PL-WEB-01,C003955,VM-ACC-0022,3,1499.34,0.12,PLN
SO-2023-012952,1,2023-11-12,2023-11-15,PL-WEB-01,C004985,VM-NUT-0003,26,10.5,0.08,PLN
SO-2023-012953,1,2023-11-12,2023-11-14,PL-WEB-01,C000210,VM-APP-0010,2,162.34,0.0,PLN
SO-2023-012954,1,2023-11-12,2023-11-15,PL-WEB-01,C005512,VM-APP-0002,2,420.19,0.0,PLN
SO-2023-012954,2,2023-11-12,2023-11-15,PL-WEB-01,C005512,VM-BIK-0020,1,1155.54,0.0,PLN
SO-2023-012954,3,2023-11-12,2023-11-15,PL-WEB-01,C005512,VM-BIK-0014,1,3657.64,0.0,PLN
SO-2023-012954,4,2023-11-12,2023-11-15,PL-WEB-01,C005512,VM-APP-0010,1,162.34,0.0,PLN
SO-2023-012955,1,2023-11-12,2023-11-13,PL-WEB-01,C004985, VM-APP-0012 ,4,830.84,0.1,PLN
SO-2023-012955,2,2023-11-12,2023-11-13,PL-WEB-01,C004985,VM-BIK-0017,4,1824.04,0.1,PLN
SO-2023-012956,1,2023-11-12,2023-11-15,PL-MKT-01,C002798,VM-APP-0018,1,124.14,0.0,PLN
SO-2023-012957,1,2023-11-12,2023-11-15,PL-MKT-01,C004806,VM-NUT-0011,4,51.56,0.05,PLN
SO-2023-012957,2,2023-11-12,2023-11-15,PL-MKT-01,C004806,VM-APP-0002,2,420.19,0.05,PLN
SO-2023-012957,3,2023-11-12,2023-11-15,PL-MKT-01,C004806,VM-APP-0001,2,439.29,0.05,PLN
SO-2023-012957,4,2023-11-12,2023-11-15,PL-MKT-01,C004806,VM-BIK-0014,1,3657.64,0.05,PLN
SO-2023-012958,1,2023-11-12,2023-11-15,PL-MKT-01,C003355,VM-ACC-0018,3,47.74,0.05,PLN
SO-2023-012959,1,2023-11-12,2023-11-15,PL-MKT-01,C000511,VM-NUT-0004,7,6.68,0.0,PLN
SO-2023-012960,1,2023-11-12,2023-11-15,PL-MKT-01,C005107,VM-BIK-0020,1,1155.54,0.1,PLN
SO-2023-012961,1,2023-11-12,2023-11-14,PL-MKT-01,C002986,VM-APP-0002,1,420.19,0.0,PLN
SO-2023-012961,2,2023-11-12,2023-11-14,PL-MKT-01,C002986,VM-CMP-0012,2,515.69,0.0,PLN
SO-2023-012962,1,2023-11-12,2023-11-16,PL-MKT-01,C002299,VM-APP-0001,4,439.29,0.1,PLN
SO-2023-012962,2,2023-11-12,2023-11-16,PL-MKT-01,C002299,VM-NUT-0004,70,6.68,0.1,PLN
SO-2023-012962,3,2023-11-12,2023-11-16,PL-MKT-01,C002299,VM-BIK-0009,5,5386.19,0.08,PLN
SO-2023-012962,4,2023-11-12,2023-11-16,PL-MKT-01,C002299,VM-CMP-0009,4,334.24,0.12,PLN
SO-2023-012963,1,2023-11-12,2023-11-14,PL-MKT-01,C005513,VM-ACC-0003,1,276.94,0.0,PLN
SO-2023-012964,1,2023-11-12,2023-11-14,PL-MKT-01,C005514,VM-APP-0011,2,391.54,0.05,PLN
SO-2023-012965,1,2023-11-12,2023-11-16,PL-MKT-01,C005515,VM-ACC-0019,2,47.74,0.0,PLN
SO-2023-012965,2,2023-11-12,2023-11-16,PL-MKT-01,C005515,VM-NUT-0006,5,9.54,0.0,PLN
SO-2023-012965,3,2023-11-12,2023-11-16,PL-MKT-01,C005515,VM-ACC-0001,1,362.89,0.0,PLN
SO-2023-012966,1,2023-11-12,2023-11-14,PL-MKT-01,C002602,VM-ACC-0006,2,907.24,0.0,PLN
SO-2023-012966,2,2023-11-12,2023-11-14,PL-MKT-01,C002602,VM-ACC-0018,2,47.74,0.0,PLN
SO-2023-012967,1,2023-11-12,2023-11-15,PL-MKT-01,C005516,VM-NUT-0007,3,12.41,0.0,PLN
SO-2023-012967,2,2023-11-12,2023-11-15,PL-MKT-01,C005516,VM-ACC-0019,2,47.74,0.0,PLN
SO-2023-012967,3,2023-11-12,2023-11-15,PL-MKT-01,C005516,VM-APP-0001,1,439.29,0.0,PLN
SO-2023-012967,4,2023-11-12,2023-11-15,PL-MKT-01,C005516,VM-ACC-0006,1,907.24,0.0,PLN
SO-2023-012968,1,2023-11-12,2023-11-14,PL-MKT-01,C004357,VM-ACC-0012,1,68.75,0.05,PLN
SO-2023-012969,1,2023-11-12,2023-11-12,CZ-PRG-01,,VM-NUT-0004,12,35.0,0.0,CZK
SO-2023-012970,1,2023-11-12,2023-11-13,CZ-WEB-01,C004220,VM-NUT-0002,5,76.0,0.0,CZK
SO-2023-012971,1,2023-11-12,2023-11-13,DE-WEB-01,C005517,VM-NUT-0004,8,1.5,0.0,EUR
SO-2023-012971,2,2023-11-12,2023-11-13,DE-WEB-01,C005517,VM-CMP-0006,2,42.97,0.0,EUR
SO-2023-012972,1,2023-11-12,2023-11-13,DE-WEB-01,C005518,VM-EBK-0007,1,3158.34,0.1,EUR
SO-2023-012973,1,2023-11-12,2023-11-14,DE-WEB-01,C002858,VM-APP-0005,1,38.67,0.0,EUR
SO-2023-012973,2,2023-11-12,2023-11-14,DE-WEB-01,C002858,VM-NUT-0009,4,18.26,0.0,EUR
SO-2023-012974,1,2023-11-12,2023-11-16,DE-WEB-01,C005519,VM-BIK-0012,1,2537.41,0.0,EUR
SO-2023-012974,2,2023-11-12,2023-11-16,DE-WEB-01,C005519,VM-BIK-0007,1,1514.71,0.0,EUR
SO-2023-012975,1,2023-11-13,2023-11-13,PL-WAW-02,C005520,VM-ACC-0018,2,47.74,0.0,PLN
SO-2023-012975,2,2023-11-13,2023-11-13,PL-WAW-02,C005520,VM-APP-0002,2,420.19,0.0,PLN
SO-2023-012976,1,2023-11-13,2023-11-13,PL-WAW-02,C003061,VM-NUT-0005,9,8.59,0.0,PLN
SO-2023-012977,1,2023-11-13,2023-11-13,PL-WAW-02,,VM-APP-0017,1,181.44,0.0,PLN
SO-2023-012977,2,2023-11-13,2023-11-13,PL-WAW-02,,VM-BIK-0002,1,9196.64,0.0,PLN
SO-2023-012978,1,2023-11-13,2023-11-13,PL-WAW-02,,VM-APP-0010,1,162.34,0.0,PLN
SO-2023-012979,1,2023-11-13,2023-11-13,PL-KRK-01,C005521,VM-NUT-0005,11,8.59,0.0,PLN
SO-2023-012979,2,2023-11-13,2023-11-13,PL-KRK-01,C005521,VM-NUT-0004,11,6.68,0.0,PLN
SO-2023-012980,1,2023-11-13,2023-11-13,PL-KRK-01,C005522,VM-ACC-0013,1,162.34,0.0,PLN
SO-2023-012981,1,2023-11-13,2023-11-13,PL-GDN-01,C004688,VM-ACC-0008,1,381.99,0.05,PLN
SO-2023-012981,2,2023-11-13,2023-11-13,PL-GDN-01,C004688,VM-ACC-0018,2,47.74,0.05,PLN
SO-2023-012982,1,2023-11-13,2023-11-13,PL-GDN-01,,VM-ACC-0017,3,55.38,0.0,PLN
SO-2023-012983,1,2023-11-13,2023-11-13,PL-GDN-01,C003980,VM-CMP-0012,2,515.69,0.05,PLN
SO-2023-012984,1,2023-11-13,2023-11-13,PL-POZ-01,,VM-BIK-0007,1,6732.74,0.0,PLN
SO-2023-012985,1,2023-11-13,2023-11-13,PL-POZ-01,C005523,VM-BIK-0022,1,1336.99,0.0,PLN
SO-2023-012986,1,2023-11-13,2023-11-14,PL-WEB-01,C003158,VM-APP-0003,3,296.04,0.05,PLN
SO-2023-012986,2,2023-11-13,2023-11-14,PL-WEB-01,C003158,vm-app-0002,3,420.19,0.05,PLN
SO-2023-012986,3,2023-11-13,2023-11-14,PL-WEB-01,C003158,VM-ACC-0007,1,343.79,0.05,PLN
SO-2023-012987,1,2023-11-13,2023-11-14,PL-WEB-01,C001976,VM-ACC-0008,2,381.99,0.0,PLN
SO-2023-012987,2,2023-11-13,2023-11-14,PL-WEB-01,C001976,VM-APP-0013,1,420.19,0.0,PLN
SO-2023-012988,1,2023-11-13,2023-11-15,PL-WEB-01,C005524, VM-CMP-0002 ,2,534.79,0.0,PLN
SO-2023-012989,1,2023-11-13,2023-11-14,PL-WEB-01,C005525,VM-NUT-0004,14,6.68,0.0,PLN
SO-2023-012990,1,2023-11-13,2023-11-16,PL-WEB-01,C005526,VM-APP-0012,1,830.84,0.0,PLN
SO-2023-012991,1,2023-11-13,2023-11-15,PL-WEB-01,C005153,VM-APP-0001,3,439.29,0.0,PLN
SO-2023-012991,2,2023-11-13,2023-11-15,PL-WEB-01,C005153,VM-BIK-0003,1,6245.69,0.0,PLN
SO-2023-012992,1,2023-11-13,2023-11-14,PL-WEB-01,C005527,VM-BIK-0009,1,5386.19,0.0,PLN
SO-2023-012993,1,2023-11-13,2023-11-16,PL-WEB-01,C003044,VM-APP-0002,1,420.19,0.0,PLN
SO-2023-012993,2,2023-11-13,2023-11-16,PL-WEB-01,C003044,VM-NUT-0011,2,51.56,0.0,PLN
SO-2023-012994,1,2023-11-13,2023-11-15,PL-WEB-01,C005528,VM-NUT-0004,10,6.68,0.0,PLN
SO-2023-012994,2,2023-11-13,2023-11-15,PL-WEB-01,C005528,VM-NUT-0002,9,14.32,0.0,PLN
SO-2023-012994,3,2023-11-13,2023-11-15,PL-WEB-01,C005528,VM-APP-0005,2,171.89,0.1,PLN
SO-2023-012995,1,2023-11-13,2023-11-15,PL-WEB-01,C005529,VM-ACC-0007,2,343.79,0.0,PLN
SO-2023-012996,1,2023-11-13,2023-11-16,PL-WEB-01,C005530,VM-APP-0003,3,296.04,0.1,PLN
SO-2023-012997,1,2023-11-13,2023-11-17,PL-WEB-01,C001435,VM-NUT-0010,4,33.42,0.0,PLN
SO-2023-012998,1,2023-11-13,2023-11-17,PL-WEB-01,C005119,VM-CMP-0007,2,601.64,0.0,PLN
SO-2023-012999,1,2023-11-13,2023-11-14,PL-WEB-01,C005531,VM-ACC-0008,2,381.99,0.0,PLN
SO-2023-012999,2,2023-11-13,2023-11-14,PL-WEB-01,C005531,VM-ACC-0001,1,362.89,0.0,PLN
SO-2023-013000,1,2023-11-13,2023-11-15,PL-WEB-01,C005532,VM-APP-0001,2,439.29,0.0,PLN
SO-2023-013000,2,2023-11-13,2023-11-15,PL-WEB-01,C005532,VM-ACC-0003,1,276.94,0.0,PLN
SO-2023-013000,3,2023-11-13,2023-11-15,PL-WEB-01,C005532,VM-ACC-0007,1,343.79,0.0,PLN
SO-2023-013001,1,2023-11-13,2023-11-15,PL-WEB-01,C005533,VM-ACC-0019,3,47.74,0.0,PLN
SO-2023-013001,2,2023-11-13,2023-11-15,PL-WEB-01,C005533,VM-APP-0001,1,439.29,0.0,PLN
SO-2023-013001,3,2023-11-13,2023-11-15,PL-WEB-01,C005533,VM-APP-0010,1,162.34,0.0,PLN
SO-2023-013002,1,2023-11-13,2023-11-17,PL-MKT-01,C002965,VM-NUT-0006,9,9.54,0.0,PLN
SO-2023-013003,1,2023-11-13,2023-11-14,PL-MKT-01,C005534,VM-APP-0013,1,420.19,0.0,PLN
SO-2023-013004,1,2023-11-13,2023-11-14,PL-MKT-01,C005535,VM-NUT-0007,6,12.41,0.0,PLN
SO-2023-013004,2,2023-11-13,2023-11-14,PL-MKT-01,C005535,VM-APP-0013,1,420.19,0.0,PLN
SO-2023-013005,1,2023-11-13,2023-11-15,PL-MKT-01,C003733,VM-APP-0006,1,296.04,0.0,PLN
SO-2023-013005,2,2023-11-13,2023-11-15,PL-MKT-01,C003733,VM-APP-0008,1,152.79,0.0,PLN
SO-2023-013005,3,2023-11-13,2023-11-15,PL-MKT-01,C003733,VM-CMP-0019,4,200.54,0.0,PLN
SO-2023-013006,1,2023-11-13,2023-11-14,PL-MKT-01,C005536,VM-APP-0017,1,181.44,0.05,PLN
SO-2023-013007,1,2023-11-13,2023-11-16,PL-MKT-01,C005537,VM-APP-0001,2,439.29,0.0,PLN
SO-2023-013007,2,2023-11-13,2023-11-16,PL-MKT-01,C005537,VM-BIK-0012,1,11278.54,0.0,PLN
SO-2023-013008,1,2023-11-13,2023-11-17,PL-MKT-01,C003735,VM-APP-0008,2,152.79,0.0,PLN
SO-2023-013009,1,2023-11-13,2023-11-15,PL-MKT-01,C005538,VM-NUT-0001,3,8.59,0.0,PLN
SO-2023-013009,2,2023-11-13,2023-11-15,PL-MKT-01,C005538,VM-BIK-0004,1,4077.84,0.0,PLN
SO-2023-013010,1,2023-11-13,2023-11-13,CZ-PRG-01,,VM-ACC-0011,1,363.0,0.0,CZK
SO-2023-013010,2,2023-11-13,2023-11-13,CZ-PRG-01,,VM-CMP-0006,1,1007.0,0.0,CZK
SO-2023-013011,1,2023-11-13,2023-11-13,CZ-PRG-01,C005539,VM-APP-0007,2,806.0,0.05,CZK
SO-2023-013011,2,2023-11-13,2023-11-13,CZ-PRG-01,C005539,VM-APP-0001,1,2317.0,0.05,CZK
SO-2023-013012,1,2023-11-13,2023-11-13,CZ-PRG-01,,VM-NUT-0006,7,50.0,0.0,CZK
SO-2023-013012,2,2023-11-13,2023-11-13,CZ-PRG-01,,vm-ebk-0010,1,67948.0,0.0,CZK
SO-2023-013013,1,2023-11-13,2023-11-13,CZ-PRG-01,C005540,VM-NUT-0004,14,35.0,0.0,CZK
SO-2023-013013,2,2023-11-13,2023-11-13,CZ-PRG-01,C005540,VM-BIK-0014,1,19291.0,0.0,CZK
SO-2023-013014,1,2023-11-13,2023-11-13,CZ-PRG-01,,VM-APP-0003,1,1561.0,0.0,CZK
SO-2023-013014,2,2023-11-13,2023-11-13,CZ-PRG-01,,VM-CMP-0020,3,1310.0,0.0,CZK
SO-2023-013014,3,2023-11-13,2023-11-13,CZ-PRG-01,,VM-ACC-0013,1,856.0,0.0,CZK
SO-2023-013014,4,2023-11-13,2023-11-13,CZ-PRG-01,,VM-ACC-0018,2,252.0,0.0,CZK
SO-2023-013015,1,2023-11-13,2023-11-14,CZ-WEB-01,C005541,VM-APP-0012,1,4382.0,0.0,CZK
SO-2023-013016,1,2023-11-13,2023-11-17,CZ-WEB-01,C004903,VM-BIK-0019,1,6095.0,0.0,CZK
SO-2023-013016,2,2023-11-13,2023-11-17,CZ-WEB-01,C004903,vm-acc-0001,2,1914.0,0.0,CZK
SO-2023-013017,1,2023-11-13,2023-11-16,CZ-WEB-01,C004159,VM-APP-0001,2,2317.0,0.0,CZK
SO-2023-013017,2,2023-11-13,2023-11-16,CZ-WEB-01,C004159,VM-CMP-0013,2,2670.0,0.0,CZK
SO-2023-013017,3,2023-11-13,2023-11-16,CZ-WEB-01,C004159,VM-NUT-0007,11,65.0,0.0,CZK
SO-2023-013018,1,2023-11-13,2023-11-16,CZ-WEB-01,C003960,VM-APP-0001,2,2317.0,0.0,CZK
SO-2023-013018,2,2023-11-13,2023-11-16,CZ-WEB-01,C003960,VM-BIK-0018,1,12089.0,0.0,CZK
SO-2023-013019,1,2023-11-13,2023-11-16,CZ-WEB-01,C003496,VM-EBK-0003,1,45786.0,0.05,CZK
SO-2023-013019,2,2023-11-13,2023-11-16,CZ-WEB-01,C003496,VM-APP-0002,1,2216.0,0.05,CZK
SO-2023-013020,1,2023-11-13,2023-11-14,CZ-WEB-01,C004903,VM-CMP-0013,1,2670.0,0.0,CZK
SO-2023-013021,1,2023-11-13,2023-11-13,DE-BER-01,C005542,VM-APP-0001,3,98.83,0.0,EUR
SO-2023-013022,1,2023-11-13,2023-11-13,DE-BER-01,C005543,VM-APP-0005,1,38.67,0.0,EUR
SO-2023-013023,1,2023-11-13,2023-11-14,DE-WEB-01,C005517,VM-APP-0002,2,94.53,0.0,EUR
SO-2023-013023,2,2023-11-13,2023-11-14,DE-WEB-01,C005517,VM-BIK-0007,1,1514.71,0.0,EUR
SO-2023-013024,1,2023-11-13,2023-11-15,DE-WEB-01,C005544,VM-NUT-0003,16,2.36,0.12,EUR
SO-2023-013025,1,2023-11-13,2023-11-14,DE-WEB-01,C005545,VM-NUT-0002,14,3.22,0.0,EUR
SO-2023-013025,2,2023-11-13,2023-11-14,DE-WEB-01,C005545,VM-EBK-0007,1,3158.34,0.0,EUR
SO-2023-013025,3,2023-11-13,2023-11-14,DE-WEB-01,C005545,VM-BIK-0004,1,917.42,0.0,EUR
SO-2023-013026,1,2023-11-13,2023-11-14,DE-WEB-01,C005546,VM-APP-0001,2,98.83,0.0,EUR
SO-2023-013026,2,2023-11-13,2023-11-14,DE-WEB-01,C005546,VM-BIK-0002,1,2069.03,0.0,EUR
SO-2023-013026,3,2023-11-13,2023-11-14,DE-WEB-01,C005546,VM-NUT-0004,13,1.5,0.0,EUR
SO-2023-013027,1,2023-11-14,2023-11-14,PL-WAW-01,C004168,VM-ACC-0005,2,171.89,0.0,PLN
SO-2023-013028,1,2023-11-14,2023-11-14,PL-WAW-01,,VM-APP-0008,1,152.79,0.0,PLN
SO-2023-013029,1,2023-11-14,2023-11-14,PL-WAW-01,C001783,VM-APP-0002,2,420.19,0.0,PLN
SO-2023-013030,1,2023-11-14,2023-11-14,PL-WAW-01,C005547,VM-NUT-0001,10,8.59,0.0,PLN
SO-2023-013030,2,2023-11-14,2023-11-14,PL-WAW-01,C005547,VM-ACC-0014,1,105.04,0.0,PLN
SO-2023-013030,3,2023-11-14,2023-11-14,PL-WAW-01,C005547,VM-CMP-0013,1,506.14,0.0,PLN
SO-2023-013030,4,2023-11-14,2023-11-14,PL-WAW-01,C005547,VM-APP-0007,1,152.79,0.1,PLN
SO-2023-013031,1,2023-11-14,2023-11-14,PL-WAW-01,C001571,VM-NUT-0010,4,33.42,0.0,PLN
SO-2023-013032,1,2023-11-14,2023-11-14,PL-WAW-01,,VM-APP-0007,2,152.79,0.0,PLN
SO-2023-013033,1,2023-11-14,2023-11-14,PL-WAW-02,C000670,VM-APP-0015,1,544.34,0.0,PLN
SO-2023-013034,1,2023-11-14,2023-11-14,PL-WAW-02,C004594,VM-BIK-0007,1,6732.74,0.05,PLN
SO-2023-013035,1,2023-11-14,2023-11-14,PL-WAW-02,,VM-EBK-0007,1,14038.49,0.0,PLN
SO-2023-013036,1,2023-11-14,2023-11-14,PL-WAW-02,C001653,VM-NUT-0001,20,8.59,0.08,PLN
SO-2023-013036,2,2023-11-14,2023-11-14,PL-WAW-02,C001653,VM-ACC-0020,5,773.54,0.08,PLN
SO-2023-013036,3,2023-11-14,2023-11-14,PL-WAW-02,C001653,VM-APP-0004,3,229.19,0.08,PLN
SO-2023-013037,1,2023-11-14,2023-11-14,PL-WAW-02,C005548,VM-APP-0002,1,420.19,0.0,PLN
SO-2023-013037,2,2023-11-14,2023-11-14,PL-WAW-02,C005548,VM-ACC-0021,1,744.89,0.0,PLN
SO-2023-013038,1,2023-11-14,2023-11-14,PL-WAW-02,C005549,VM-APP-0001,1,439.29,0.0,PLN
SO-2023-013039,1,2023-11-14,2023-11-14,PL-WAW-02,C005428,VM-BIK-0020,1,1155.54,0.05,PLN
SO-2023-013039,2,2023-11-14,2023-11-14,PL-WAW-02,C005428,VM-ACC-0007,1,343.79,0.05,PLN
SO-2023-013039,3,2023-11-14,2023-11-14,PL-WAW-02,C005428,VM-ACC-0018,3,47.74,0.05,PLN
SO-2023-013040,1,2023-11-14,2023-11-14,PL-KRK-01,,VM-NUT-0002,12,14.32,0.0,PLN
SO-2023-013041,1,2023-11-14,2023-11-14,PL-KRK-01,C005550,VM-CMP-0012,1,515.69,0.05,PLN
SO-2023-013041,2,2023-11-14,2023-11-14,PL-KRK-01,C005550,VM-BIK-0004,1,4077.84,0.05,PLN
SO-2023-013042,1,2023-11-14,2023-11-14,PL-WRO-01,C003642,VM-APP-0006,2,296.04,0.0,PLN
SO-2023-013042,2,2023-11-14,2023-11-14,PL-WRO-01,C003642,VM-CMP-0018,1,59.2,0.0,PLN
SO-2023-013043,1,2023-11-14,2023-11-14,PL-WRO-01,C005551,VM-APP-0008,2,152.79,0.0,PLN
SO-2023-013043,2,2023-11-14,2023-11-14,PL-WRO-01,C005551,VM-NUT-0005,3,8.59,0.0,PLN
SO-2023-013044,1,2023-11-14,2023-11-14,PL-WRO-01,C005552,VM-EBK-0011,1,13981.19,0.0,PLN
SO-2023-013045,1,2023-11-14,2023-11-14,PL-WRO-01,C005553,VM-EBK-0003,1,8680.94,0.0,PLN
SO-2023-013045,2,2023-11-14,2023-11-14,PL-WRO-01,C005553,VM-ACC-0019,1,47.74,0.0,PLN
SO-2023-013045,3,2023-11-14,2023-11-14,PL-WRO-01,C005553,VM-ACC-0014,1,105.04,0.0,PLN
SO-2023-013046,1,2023-11-14,2023-11-14,PL-WRO-01,C002317,VM-NUT-0005,11,8.59,0.05,PLN
SO-2023-013047,1,2023-11-14,2023-11-14,PL-GDN-01,C005242,VM-APP-0012,1,830.84,0.0,PLN
SO-2023-013048,1,2023-11-14,2023-11-14,PL-GDN-01,C005554,VM-BIK-0013,1,4583.99,0.0,PLN
SO-2023-013049,1,2023-11-14,2023-11-14,PL-POZ-01,C002909,VM-APP-0006,2,296.04,0.0,PLN
SO-2023-013050,1,2023-11-14,2023-11-15,PL-WEB-01,C005488,VM-EBK-0008,1,14420.49,0.05,PLN
SO-2023-013050,2,2023-11-14,2023-11-15,PL-WEB-01,C005488,VM-ACC-0001,2,362.89,0.05,PLN
SO-2023-013050,3,2023-11-14,2023-11-15,PL-WEB-01,C005488,VM-ACC-0018,1,47.74,0.05,PLN
SO-2023-013051,1,2023-11-14,2023-11-16,PL-WEB-01,C002654,VM-NUT-0004,11,6.68,0.0,PLN
SO-2023-013052,1,2023-11-14,2023-11-17,PL-WEB-01,C002562,VM-CMP-0008,2,420.19,0.0,PLN
SO-2023-013053,1,2023-11-14,2023-11-17,PL-WEB-01,C004749,VM-NUT-0004,15,6.68,0.0,PLN
SO-2023-013054,1,2023-11-14,2023-11-16,PL-WEB-01,C005555,VM-ACC-0008,1,381.99,0.0,PLN
SO-2023-013054,2,2023-11-14,2023-11-16,PL-WEB-01,C005555,VM-CMP-0010,2,372.44,0.0,PLN
SO-2023-013055,1,2023-11-14,2023-11-17,PL-WEB-01,C004656,VM-CMP-0011,2,152.79,0.0,PLN
SO-2023-013056,1,2023-11-14,2023-11-15,PL-MKT-01,C002520,VM-NUT-0005,3,8.59,0.0,PLN
SO-2023-013057,1,2023-11-14,2023-11-18,PL-MKT-01,C005556,VM-CMP-0009,2,334.24,0.05,PLN
SO-2023-013058,1,2023-11-14,2023-11-17,PL-MKT-01,C002810,VM-APP-0010,2,162.34,0.0,PLN
SO-2023-013059,1,2023-11-14,2023-11-17,PL-MKT-01,C005557,VM-APP-0006,2,296.04,0.0,PLN
SO-2023-013059,2,2023-11-14,2023-11-17,PL-MKT-01,C005557,VM-EBK-0003,1,8680.94,0.0,PLN
SO-2023-013059,3,2023-11-14,2023-11-17,PL-MKT-01,C005557,VM-ACC-0022,1,1499.34,0.0,PLN
SO-2023-013060,1,2023-11-14,2023-11-18,PL-MKT-01,C004866,VM-CMP-0011,1,152.79,0.05,PLN
SO-2023-013061,1,2023-11-14,2023-11-14,CZ-PRG-01,C005404,VM-APP-0001,3,2317.0,0.0,CZK
SO-2023-013062,1,2023-11-14,2023-11-14,CZ-PRG-01,C002114,VM-APP-0012,1,4382.0,0.0,CZK
SO-2023-013062,2,2023-11-14,2023-11-14,CZ-PRG-01,C002114,VM-BIK-0009,1,28408.0,0.0,CZK
SO-2023-013063,1,2023-11-14,2023-11-14,CZ-PRG-01,C005558,VM-ACC-0018,1,252.0,0.0,CZK
SO-2023-013063,2,2023-11-14,2023-11-14,CZ-PRG-01,C005558,VM-APP-0002,3,2216.0,0.0,CZK
SO-2023-013064,1,2023-11-14,2023-11-17,CZ-WEB-01,C002572,VM-ACC-0008,2,2015.0,0.0,CZK
SO-2023-013065,1,2023-11-14,2023-11-17,CZ-WEB-01,C005559,vm-cmp-0021,3,242.0,0.1,CZK
SO-2023-013065,2,2023-11-14,2023-11-17,CZ-WEB-01,C005559,VM-NUT-0010,3,176.0,0.0,CZK
SO-2023-013066,1,2023-11-14,2023-11-15,CZ-WEB-01,C005560,VM-EBK-0008,1,76057.0,0.0,CZK
SO-2023-013067,1,2023-11-14,2023-11-18,CZ-WEB-01,C001987,vm-ebk-0007,1,74043.0,0.05,CZK
SO-2023-013068,1,2023-11-14,2023-11-14,DE-BER-01,C000859,VM-APP-0012,1,186.92,0.0,EUR
SO-2023-013069,1,2023-11-14,2023-11-17,DE-WEB-01,C005561,VM-ACC-0007,2,77.34,0.1,EUR
SO-2023-013069,2,2023-11-14,2023-11-17,DE-WEB-01,C005561,VM-CMP-0022,3,7.73,0.0,EUR
SO-2023-013069,3,2023-11-14,2023-11-17,DE-WEB-01,C005561,VM-NUT-0005,6,1.93,0.0,EUR
SO-2023-013070,1,2023-11-14,2023-11-16,DE-WEB-01,C005562,VM-APP-0011,2,88.09,0.0,EUR
SO-2023-013070,2,2023-11-14,2023-11-16,DE-WEB-01,C005562,VM-APP-0002,2,94.53,0.0,EUR
SO-2023-013071,1,2023-11-14,2023-11-17,DE-WEB-01,C005563,VM-APP-0003,1,66.6,0.0,EUR
SO-2023-013071,2,2023-11-14,2023-11-17,DE-WEB-01,C005563,VM-BIK-0022,1,300.79,0.0,EUR
SO-2023-013072,1,2023-11-15,2023-11-15,PL-WAW-01,C005564,VM-APP-0020,2,171.89,0.0,PLN
SO-2023-013072,2,2023-11-15,2023-11-15,PL-WAW-01,C005564,VM-ACC-0021,1,744.89,0.0,PLN
SO-2023-013072,3,2023-11-15,2023-11-15,PL-WAW-01,C005564,vm-cmp-0008,2,420.19,0.0,PLN
SO-2023-013073,1,2023-11-15,2023-11-15,PL-WAW-02,C005243,VM-BIK-0001,1,13073.94,0.0,PLN
SO-2023-013073,2,2023-11-15,2023-11-15,PL-WAW-02,C005243,VM-ACC-0008,2,381.99,0.0,PLN
SO-2023-013074,1,2023-11-15,2023-11-15,PL-KRK-01,C003520,VM-APP-0008,2,152.79,0.0,PLN
SO-2023-013074,2,2023-11-15,2023-11-15,PL-KRK-01,C003520,VM-NUT-0004,4,6.68,0.0,PLN
SO-2023-013074,3,2023-11-15,2023-11-15,PL-KRK-01,C003520,VM-ACC-0013,1,162.34,0.05,PLN
SO-2023-013074,4,2023-11-15,2023-11-15,PL-KRK-01,C003520,VM-NUT-0002,11,14.32,0.0,PLN
SO-2023-013075,1,2023-11-15,2023-11-15,PL-KRK-01,,VM-CMP-0009,1,334.24,0.0,PLN
SO-2023-013075,2,2023-11-15,2023-11-15,PL-KRK-01,,VM-ACC-0021,1,744.89,0.0,PLN
SO-2023-013076,1,2023-11-15,2023-11-15,PL-WRO-01,C000366,VM-APP-0014,1,467.94,0.0,PLN
SO-2023-013077,1,2023-11-15,2023-11-15,PL-WRO-01,,VM-APP-0017,2,181.44,0.0,PLN
SO-2023-013077,2,2023-11-15,2023-11-15,PL-WRO-01,,VM-ACC-0008,1,381.99,0.0,PLN
SO-2023-013078,1,2023-11-15,2023-11-15,PL-GDN-01,C005565,VM-EBK-0001,1,7324.84,0.0,PLN
SO-2023-013078,2,2023-11-15,2023-11-15,PL-GDN-01,C005565,VM-ACC-0003,1,276.94,0.0,PLN
SO-2023-013079,1,2023-11-15,2023-11-15,PL-GDN-01,C005566,VM-NUT-0004,15,6.68,0.0,PLN
SO-2023-013079,2,2023-11-15,2023-11-15,PL-GDN-01,C005566,VM-ACC-0015,1,334.24,0.0,PLN
SO-2023-013080,1,2023-11-15,2023-11-15,PL-GDN-01,C004024,VM-ACC-0003,2,276.94,0.0,PLN
SO-2023-013080,2,2023-11-15,2023-11-15,PL-GDN-01,C004024,VM-NUT-0004,15,6.68,0.0,PLN
SO-2023-013080,3,2023-11-15,2023-11-15,PL-GDN-01,C004024,VM-CMP-0013,1,506.14,0.0,PLN
SO-2023-013081,1,2023-11-15,2023-11-15,PL-GDN-01,C001109,VM-CMP-0016,2,2349.29,0.0,PLN
SO-2023-013081,2,2023-11-15,2023-11-15,PL-GDN-01,C001109,VM-ACC-0014,1,105.04,0.05,PLN
SO-2023-013081,3,2023-11-15,2023-11-15,PL-GDN-01,C001109,VM-NUT-0006,3,9.54,0.0,PLN
SO-2023-013082,1,2023-11-15,2023-11-15,PL-GDN-01,,VM-BIK-0012,1,11278.54,0.05,PLN
SO-2023-013082,2,2023-11-15,2023-11-15,PL-GDN-01,,VM-ACC-0018,2,47.74,0.0,PLN
SO-2023-013082,3,2023-11-15,2023-11-15,PL-GDN-01,,VM-ACC-0008,1,381.99,0.0,PLN
SO-2023-013082,4,2023-11-15,2023-11-15,PL-GDN-01,,VM-ACC-0014,1,105.04,0.0,PLN
SO-2023-013083,1,2023-11-15,2023-11-15,PL-GDN-01,,VM-NUT-0010,2,33.42,0.0,PLN
SO-2023-013084,1,2023-11-15,2023-11-15,PL-POZ-01,C003249,VM-APP-0011,2,391.54,0.0,PLN
SO-2023-013085,1,2023-11-15,2023-11-15,PL-POZ-01,,VM-APP-0001,2,439.29,0.0,PLN
SO-2023-013085,2,2023-11-15,2023-11-15,PL-POZ-01,,VM-NUT-0004,7,6.68,0.0,PLN
SO-2023-013086,1,2023-11-15,2023-11-15,PL-POZ-01,C005567,VM-CMP-0003,1,229.19,0.0,PLN
SO-2023-013087,1,2023-11-15,2023-11-18,PL-WEB-01,C004806,vm-nut-0006,6,9.54,0.05,PLN
SO-2023-013088,1,2023-11-15,2023-11-16,PL-WEB-01,C003797,VM-NUT-0002,10,14.32,0.0,PLN
SO-2023-013088,2,2023-11-15,2023-11-16,PL-WEB-01,C003797,VM-APP-0010,1,162.34,0.0,PLN
SO-2023-013089,1,2023-11-15,2023-11-19,PL-WEB-01,C005568,VM-APP-0008,1,152.79,0.0,PLN
SO-2023-013089,2,2023-11-15,2023-11-19,PL-WEB-01,C005568,VM-NUT-0002,9,14.32,0.0,PLN
SO-2023-013090,1,2023-11-15,2023-11-18,PL-WEB-01,C005157,VM-EBK-0009,1,9464.04,0.0,PLN
SO-2023-013090,2,2023-11-15,2023-11-18,PL-WEB-01,C005157,VM-ACC-0003,1,276.94,0.0,PLN
SO-2023-013091,1,2023-11-15,2023-11-17,PL-WEB-01,C005569,VM-APP-0005,2,171.89,0.0,PLN
SO-2023-013092,1,2023-11-15,2023-11-17,PL-WEB-01,C000139,vm-bik-0020,4,1155.54,0.12,PLN
SO-2023-013092,2,2023-11-15,2023-11-17,PL-WEB-01,C000139,VM-ACC-0019,3,47.74,0.12,PLN
SO-2023-013093,1,2023-11-15,2023-11-19,PL-MKT-01,C000556,VM-BIK-0015,1,2950.94,0.05,PLN
SO-2023-013094,1,2023-11-15,2023-11-16,PL-MKT-01,C005570,VM-APP-0002,2,420.19,0.0,PLN
SO-2023-013095,1,2023-11-15,2023-11-19,PL-MKT-01,C000447,VM-BIK-0019,1,1155.54,0.0,PLN
SO-2023-013096,1,2023-11-15,2023-11-18,PL-MKT-01,C005571,VM-APP-0007,2,152.79,0.1,PLN
SO-2023-013097,1,2023-11-15,2023-11-18,PL-MKT-01,C000254,VM-CMP-0006,2,190.99,0.0,PLN
SO-2023-013097,2,2023-11-15,2023-11-18,PL-MKT-01,C000254,VM-ACC-0018,1,47.74,0.0,PLN
SO-2023-013097,3,2023-11-15,2023-11-18,PL-MKT-01,C000254,VM-APP-0017,2,181.44,0.1,PLN
SO-2023-013098,1,2023-11-15,2023-11-19,PL-MKT-01,C001795,VM-APP-0008,2,152.79,0.0,PLN
SO-2023-013099,1,2023-11-15,2023-11-17,PL-MKT-01,C005572,VM-APP-0008,6,152.79,0.1,PLN
SO-2023-013100,1,2023-11-15,2023-11-15,CZ-PRG-01,C003339,VM-CMP-0013,2,2670.0,0.0,CZK
SO-2023-013100,2,2023-11-15,2023-11-15,CZ-PRG-01,C003339,vm-nut-0011,1,272.0,0.0,CZK
SO-2023-013101,1,2023-11-15,2023-11-15,CZ-PRG-01,C002261,VM-ACC-0008,2,2015.0,0.0,CZK
SO-2023-013101,2,2023-11-15,2023-11-15,CZ-PRG-01,C002261,VM-APP-0005,1,907.0,0.0,CZK
SO-2023-013102,1,2023-11-15,2023-11-16,CZ-WEB-01,C002768,VM-NUT-0003,14,55.0,0.05,CZK
SO-2023-013102,2,2023-11-15,2023-11-16,CZ-WEB-01,C002768,VM-CMP-0001,1,2015.0,0.05,CZK
SO-2023-013103,1,2023-11-15,2023-11-16,CZ-WEB-01,C005573,VM-BIK-0021,1,6296.0,0.0,CZK
SO-2023-013104,1,2023-11-15,2023-11-15,DE-BER-01,C005574,VM-APP-0003,3,66.6,0.0,EUR
SO-2023-013104,2,2023-11-15,2023-11-15,DE-BER-01,C005574,VM-BIK-0007,1,1514.71,0.0,EUR
SO-2023-013104,3,2023-11-15,2023-11-15,DE-BER-01,C005574,VM-CMP-0016,2,528.54,0.0,EUR
SO-2023-013104,4,2023-11-15,2023-11-15,DE-BER-01,C005574,VM-CMP-0020,2,55.86,0.0,EUR
SO-2023-013105,1,2023-11-15,2023-11-15,DE-BER-01,C001368,VM-EBK-0008,1,3244.28,0.0,EUR
SO-2023-013106,1,2023-11-15,2023-11-15,DE-BER-01,C005575,VM-ACC-0020,1,174.03,0.1,EUR
SO-2023-013106,2,2023-11-15,2023-11-15,DE-BER-01,C005575,VM-EBK-0010,1,2898.36,0.0,EUR
SO-2023-013106,3,2023-11-15,2023-11-15,DE-BER-01,C005575,VM-NUT-0004,3,1.5,0.0,EUR
SO-2023-013107,1,2023-11-15,2023-11-19,DE-WEB-01,C004135,VM-NUT-0004,11,1.5,0.0,EUR
SO-2023-013107,2,2023-11-15,2023-11-19,DE-WEB-01,C004135,VM-CMP-0017,1,107.42,0.0,EUR
SO-2023-013107,3,2023-11-15,2023-11-19,DE-WEB-01,C004135,VM-BIK-0018,1,515.64,0.0,EUR
SO-2023-013108,1,2023-11-15,2023-11-17,DE-WEB-01,C000089,VM-NUT-0011,4,11.6,0.0,EUR
SO-2023-013108,2,2023-11-15,2023-11-17,DE-WEB-01,C000089,VM-CMP-0013,1,113.87,0.0,EUR
SO-2023-013108,3,2023-11-15,2023-11-17,DE-WEB-01,C000089,VM-BIK-0007,1,1514.71,0.0,EUR
SO-2023-013108,4,2023-11-15,2023-11-17,DE-WEB-01,C000089,VM-CMP-0014,1,92.38,0.0,EUR
SO-2023-013109,1,2023-11-15,2023-11-17,DE-WEB-01,C004183,VM-ACC-0008,1,85.94,0.0,EUR
SO-2023-013109,2,2023-11-15,2023-11-17,DE-WEB-01,C004183,VM-NUT-0003,7,2.36,0.0,EUR
SO-2023-013109,3,2023-11-15,2023-11-17,DE-WEB-01,C004183,vm-app-0017,2,40.82,0.0,EUR
SO-2023-013109,4,2023-11-15,2023-11-17,DE-WEB-01,C004183,VM-ACC-0018,1,10.74,0.1,EUR
SO-2023-013110,1,2023-11-16,2023-11-16,PL-WAW-01,C004301,VM-BIK-0009,1,5386.19,0.0,PLN
SO-2023-013110,2,2023-11-16,2023-11-16,PL-WAW-01,C004301,VM-EBK-0009,1,9464.04,0.0,PLN
SO-2023-013110,3,2023-11-16,2023-11-16,PL-WAW-01,C004301,VM-ACC-0001,1,362.89,0.0,PLN
SO-2023-013111,1,2023-11-16,2023-11-16,PL-WAW-01,C005576,VM-ACC-0007,2,343.79,0.05,PLN
SO-2023-013111,2,2023-11-16,2023-11-16,PL-WAW-01,C005576,VM-APP-0020,1,171.89,0.05,PLN
SO-2023-013112,1,2023-11-16,2023-11-16,PL-WAW-01,C001296,VM-APP-0010,2,162.34,0.0,PLN
SO-2023-013112,2,2023-11-16,2023-11-16,PL-WAW-01,C001296,VM-CMP-0017,2,477.49,0.0,PLN
SO-2023-013112,3,2023-11-16,2023-11-16,PL-WAW-01,C001296,VM-NUT-0001,5,8.59,0.0,PLN
SO-2023-013112,4,2023-11-16,2023-11-16,PL-WAW-01,C001296,VM-ACC-0014,1,105.04,0.0,PLN
SO-2023-013113,1,2023-11-16,2023-11-16,PL-WAW-01,C001046,VM-APP-0007,8,152.79,0.12,PLN
SO-2023-013113,2,2023-11-16,2023-11-16,PL-WAW-01,C001046,VM-NUT-0004,75,6.68,0.1,PLN
SO-2023-013114,1,2023-11-16,2023-11-16,PL-WAW-02,,vm-nut-0001,13,8.59,0.0,PLN
SO-2023-013115,1,2023-11-16,2023-11-16,PL-WAW-02,,VM-APP-0002,2,420.19,0.0,PLN
SO-2023-013116,1,2023-11-16,2023-11-16,PL-KRK-01,C002535,VM-APP-0005,8,171.89,0.08,PLN
SO-2023-013116,2,2023-11-16,2023-11-16,PL-KRK-01,C002535,VM-EBK-0002,3,9502.24,0.08,PLN
SO-2023-013116,3,2023-11-16,2023-11-16,PL-KRK-01,C002535,VM-APP-0008,10,152.79,0.1,PLN
SO-2023-013116,4,2023-11-16,2023-11-16,PL-KRK-01,C002535,VM-BIK-0016,3,3428.44,0.08,PLN
SO-2023-013117,1,2023-11-16,2023-11-16,PL-KRK-01,C005577,VM-BIK-0001,1,13073.94,0.0,PLN
SO-2023-013117,2,2023-11-16,2023-11-16,PL-KRK-01,C005577,VM-ACC-0011,1,68.75,0.0,PLN
SO-2023-013118,1,2023-11-16,2023-11-16,PL-KRK-01,C005578,VM-APP-0020,2,171.89,0.0,PLN
SO-2023-013118,2,2023-11-16,2023-11-16,PL-KRK-01,C005578,VM-APP-0001,3,439.29,0.0,PLN
SO-2023-013118,3,2023-11-16,2023-11-16,PL-KRK-01,C005578,VM-CMP-0015,1,878.59,0.0,PLN
SO-2023-013118,4,2023-11-16,2023-11-16,PL-KRK-01,C005578,VM-CMP-0013,2,506.14,0.0,PLN
SO-2023-013119,1,2023-11-16,2023-11-16,PL-KRK-01,C003235,VM-ACC-0002,1,582.54,0.0,PLN
SO-2023-013120,1,2023-11-16,2023-11-16,PL-KRK-01,C001319,VM-APP-0013,1,420.19,0.0,PLN
SO-2023-013121,1,2023-11-16,2023-11-16,PL-KRK-01,,VM-ACC-0007,2,343.79,0.0,PLN
SO-2023-013122,1,2023-11-16,2023-11-16,PL-KRK-01,C003736,VM-CMP-0013,2,506.14,0.0,PLN
SO-2023-013123,1,2023-11-16,2023-11-16,PL-KRK-01,C003396,VM-CMP-0017,1,477.49,0.0,PLN
SO-2023-013124,1,2023-11-16,2023-11-16,PL-WRO-01,C005579,VM-BIK-0001,1,13073.94,0.0,PLN
SO-2023-013125,1,2023-11-16,2023-11-16,PL-WRO-01,C002509,VM-NUT-0006,7,9.54,0.0,PLN
SO-2023-013125,2,2023-11-16,2023-11-16,PL-WRO-01,C002509,VM-CMP-0004,2,687.59,0.0,PLN
SO-2023-013126,1,2023-11-16,2023-11-16,PL-WRO-01,C005428,VM-BIK-0003,1,6245.69,0.05,PLN
SO-2023-013127,1,2023-11-16,2023-11-16,PL-WRO-01,C002471,VM-NUT-0004,9,6.68,0.05,PLN
SO-2023-013127,2,2023-11-16,2023-11-16,PL-WRO-01,C002471,VM-NUT-0010,1,33.42,0.0,PLN
SO-2023-013128,1,2023-11-16,2023-11-16,PL-WRO-01,C005580,VM-CMP-0017,1,477.49,0.0,PLN
SO-2023-013129,1,2023-11-16,2023-11-16,PL-GDN-01,,VM-CMP-0002,1,534.79,0.0,PLN
SO-2023-013130,1,2023-11-16,2023-11-16,PL-GDN-01,C002273,VM-CMP-0008,2,420.19,0.0,PLN
SO-2023-013130,2,2023-11-16,2023-11-16,PL-GDN-01,C002273,VM-CMP-0017,1,477.49,0.0,PLN
SO-2023-013131,1,2023-11-16,2023-11-16,PL-GDN-01,C000098,VM-NUT-0004,15,6.68,0.0,PLN
SO-2023-013132,1,2023-11-16,2023-11-16,PL-POZ-01,C004281,VM-APP-0019,1,63.02,0.0,PLN
SO-2023-013133,1,2023-11-16,2023-11-17,PL-WEB-01,C005581,VM-APP-0014,1,467.94,0.0,PLN
SO-2023-013133,2,2023-11-16,2023-11-17,PL-WEB-01,C005581,VM-CMP-0019,2,200.54,0.0,PLN
SO-2023-013134,1,2023-11-16,2023-11-17,PL-WEB-01,C005034,VM-NUT-0010,3,33.42,0.0,PLN
SO-2023-013135,1,2023-11-16,2023-11-18,PL-WEB-01,C000080,VM-APP-0014,5,467.94,0.1,PLN
SO-2023-013136,1,2023-11-16,2023-11-20,PL-WEB-01,C005582,VM-ACC-0018,2,47.74,0.05,PLN
SO-2023-013136,2,2023-11-16,2023-11-20,PL-WEB-01,C005582,VM-BIK-0020,1,1155.54,0.05,PLN
SO-2023-013137,1,2023-11-16,2023-11-19,PL-WEB-01,C003908,VM-APP-0002,3,420.19,0.0,PLN
SO-2023-013138,1,2023-11-16,2023-11-20,PL-WEB-01,C005583,VM-APP-0001,3,439.29,0.0,PLN
SO-2023-013139,1,2023-11-16,2023-11-17,PL-WEB-01,C005584,VM-EBK-0006,1,19233.69,0.0,PLN
SO-2023-013139,2,2023-11-16,2023-11-17,PL-WEB-01,C005584,VM-ACC-0014,1,105.04,0.0,PLN
SO-2023-013140,1,2023-11-16,2023-11-17,PL-WEB-01,C005585,VM-ACC-0008,1,381.99,0.05,PLN
SO-2023-013140,2,2023-11-16,2023-11-17,PL-WEB-01,C005585,VM-APP-0007,2,152.79,0.05,PLN
SO-2023-013140,3,2023-11-16,2023-11-17,PL-WEB-01,C005585,VM-APP-0010,1,162.34,0.05,PLN
SO-2023-013141,1,2023-11-16,2023-11-18,PL-WEB-01,C004238,VM-APP-0003,1,296.04,0.0,PLN
SO-2023-013142,1,2023-11-16,2023-11-20,PL-WEB-01,C005586,VM-ACC-0011,2,68.75,0.0,PLN
SO-2023-013143,1,2023-11-16,2023-11-17,PL-MKT-01,C005550,VM-NUT-0003,7,10.5,0.05,PLN
SO-2023-013144,1,2023-11-16,2023-11-17,PL-MKT-01,C001418,VM-ACC-0008,2,381.99,0.05,PLN
SO-2023-013144,2,2023-11-16,2023-11-17,PL-MKT-01,C001418,VM-ACC-0020,1,773.54,0.05,PLN
SO-2023-013145,1,2023-11-16,2023-11-19,PL-MKT-01,C005587,VM-APP-0020,1,171.89,0.0,PLN
SO-2023-013146,1,2023-11-16,2023-11-17,PL-MKT-01,C005588,VM-APP-0004,1,229.19,0.0,PLN
SO-2023-013146,2,2023-11-16,2023-11-17,PL-MKT-01,C005588,VM-CMP-0019,3,200.54,0.0,PLN
SO-2023-013146,3,2023-11-16,2023-11-17,PL-MKT-01,C005588,VM-BIK-0013,1,4583.99,0.0,PLN
SO-2023-013147,1,2023-11-16,2023-11-16,CZ-PRG-01,C005589,VM-BIK-0009,1,28408.0,0.0,CZK
SO-2023-013148,1,2023-11-16,2023-11-20,CZ-WEB-01,C005224,VM-ACC-0002,2,3072.0,0.0,CZK
SO-2023-013149,1,2023-11-16,2023-11-18,CZ-WEB-01,C003356,VM-ACC-0008,1,2015.0,0.0,CZK
SO-2023-013149,2,2023-11-16,2023-11-18,CZ-WEB-01,C003356,VM-EBK-0003,1,45786.0,0.0,CZK
SO-2023-013150,1,2023-11-16,2023-11-18,CZ-WEB-01,C005590,VM-APP-0014,1,2468.0,0.0,CZK
SO-2023-013151,1,2023-11-16,2023-11-17,CZ-WEB-01,C003315,VM-NUT-0010,2,176.0,0.0,CZK
SO-2023-013152,1,2023-11-16,2023-11-16,DE-BER-01,C001016,VM-ACC-0007,2,77.34,0.05,EUR
SO-2023-013153,1,2023-11-16,2023-11-20,DE-WEB-01,C005591,VM-CMP-0009,1,75.2,0.0,EUR
SO-2023-013153,2,2023-11-16,2023-11-20,DE-WEB-01,C005591,VM-CMP-0015,2,197.66,0.0,EUR
SO-2023-013153,3,2023-11-16,2023-11-20,DE-WEB-01,C005591,VM-APP-0001,2,98.83,0.0,EUR
SO-2023-013153,4,2023-11-16,2023-11-20,DE-WEB-01,C005591,VM-CMP-0023,4,12.67,0.0,EUR
SO-2023-013154,1,2023-11-16,2023-11-17,DE-WEB-01,C003361,VM-CMP-0020,3,55.86,0.0,EUR
SO-2023-013155,1,2023-11-16,2023-11-19,DE-WEB-01,C004629,VM-APP-0008,2,34.37,0.05,EUR
SO-2023-013155,2,2023-11-16,2023-11-19,DE-WEB-01,C004629,VM-CMP-0006,1,42.97,0.05,EUR
SO-2023-013155,3,2023-11-16,2023-11-19,DE-WEB-01,C004629,VM-ACC-0017,3,12.46,0.05,EUR
SO-2023-013155,4,2023-11-16,2023-11-19,DE-WEB-01,C004629,VM-CMP-0014,2,92.38,0.05,EUR
SO-2023-013156,1,2023-11-17,2023-11-17,PL-WAW-01,,VM-ACC-0008,1,381.99,0.0,PLN
SO-2023-013157,1,2023-11-17,2023-11-17,PL-WAW-01,C005592,VM-NUT-0009,2,81.17,0.0,PLN
SO-2023-013157,2,2023-11-17,2023-11-17,PL-WAW-01,C005592,VM-ACC-0020,1,773.54,0.0,PLN
SO-2023-013157,3,2023-11-17,2023-11-17,PL-WAW-01,C005592,VM-ACC-0012,1,68.75,0.0,PLN
SO-2023-013158,1,2023-11-17,2023-11-17,PL-WAW-01,,VM-EBK-0003,1,8680.94,0.0,PLN
SO-2023-013159,1,2023-11-17,2023-11-17,PL-WAW-01,C004053,VM-APP-0017,1,181.44,0.0,PLN
SO-2023-013160,1,2023-11-17,2023-11-17,PL-WAW-02,C005593,VM-ACC-0017,3,55.38,0.0,PLN
SO-2023-013161,1,2023-11-17,2023-11-17,PL-WAW-02,,VM-APP-0002,2,420.19,0.0,PLN
SO-2023-013161,2,2023-11-17,2023-11-17,PL-WAW-02,,VM-APP-0008,1,152.79,0.0,PLN
SO-2023-013161,3,2023-11-17,2023-11-17,PL-WAW-02,,vm-nut-0004,7,6.68,0.0,PLN
SO-2023-013161,4,2023-11-17,2023-11-17,PL-WAW-02,,VM-CMP-0022,2,34.37,0.0,PLN
SO-2023-013162,1,2023-11-17,2023-11-17,PL-WAW-02,C002532,VM-APP-0002,1,420.19,0.0,PLN
SO-2023-013163,1,2023-11-17,2023-11-17,PL-KRK-01,, VM-APP-0007 ,2,152.79,0.0,PLN
SO-2023-013163,2,2023-11-17,2023-11-17,PL-KRK-01,,VM-NUT-0007,5,12.41,0.0,PLN
SO-2023-013164,1,2023-11-17,2023-11-17,PL-KRK-01,C005594,VM-CMP-0018,1,59.2,0.0,PLN
SO-2023-013165,1,2023-11-17,2023-11-17,PL-KRK-01,,VM-BIK-0009,1,5386.19,0.0,PLN
SO-2023-013165,2,2023-11-17,2023-11-17,PL-KRK-01,,VM-ACC-0007,1,343.79,0.0,PLN
SO-2023-013166,1,2023-11-17,2023-11-17,PL-KRK-01,C005595,VM-NUT-0010,1,33.42,0.0,PLN
SO-2023-013167,1,2023-11-17,2023-11-17,PL-KRK-01,C005596,VM-APP-0014,1,467.94,0.0,PLN
SO-2023-013168,1,2023-11-17,2023-11-17,PL-WRO-01,C005597,VM-ACC-0020,1,773.54,0.0,PLN
SO-2023-013168,2,2023-11-17,2023-11-17,PL-WRO-01,C005597,VM-APP-0006,2,296.04,0.0,PLN
SO-2023-013168,3,2023-11-17,2023-11-17,PL-WRO-01,C005597,VM-ACC-0008,2,381.99,0.0,PLN
SO-2023-013169,1,2023-11-17,2023-11-17,PL-POZ-01,,VM-CMP-0006,1,190.99,0.0,PLN
SO-2023-013170,1,2023-11-17,2023-11-17,PL-POZ-01,C004985,VM-APP-0004,9,229.19,0.08,PLN
SO-2023-013170,2,2023-11-17,2023-11-17,PL-POZ-01,C004985,VM-CMP-0004,6,687.59,0.12,PLN
SO-2023-013170,3,2023-11-17,2023-11-17,PL-POZ-01,C004985,VM-BIK-0008,2,5071.04,0.08,PLN
SO-2023-013170,4,2023-11-17,2023-11-17,PL-POZ-01,C004985,VM-ACC-0008,4,381.99,0.1,PLN
SO-2023-013171,1,2023-11-17,2023-11-17,PL-POZ-01,C000503,VM-APP-0008,2,152.79,0.0,PLN
SO-2023-013172,1,2023-11-17,2023-11-17,PL-POZ-01,C003801,VM-ACC-0023,1,888.14,0.0,PLN
SO-2023-013173,1,2023-11-17,2023-11-20,PL-WEB-01,C002200,VM-ACC-0020,1,773.54,0.0,PLN
SO-2023-013173,2,2023-11-17,2023-11-20,PL-WEB-01,C002200,VM-BIK-0014,1,3657.64,0.0,PLN
SO-2023-013173,3,2023-11-17,2023-11-20,PL-WEB-01,C002200,VM-BIK-0016,1,3428.44,0.0,PLN
SO-2023-013173,4,2023-11-17,2023-11-20,PL-WEB-01,C002200,VM-APP-0013,1,420.19,0.0,PLN
SO-2023-013174,1,2023-11-17,2023-11-20,PL-WEB-01,C002273,VM-APP-0008,1,152.79,0.0,PLN
SO-2023-013175,1,2023-11-17,2023-11-20,PL-WEB-01,C005390,VM-CMP-0014,2,410.64,0.0,PLN
SO-2023-013175,2,2023-11-17,2023-11-20,PL-WEB-01,C005390,VM-ACC-0015,1,334.24,0.0,PLN
SO-2023-013176,1,2023-11-17,2023-11-18,PL-WEB-01,C001058,VM-NUT-0004,4,6.68,0.05,PLN
SO-2023-013176,2,2023-11-17,2023-11-18,PL-WEB-01,C001058,VM-BIK-0013,1,4583.99,0.05,PLN
SO-2023-013177,1,2023-11-17,2023-11-18,PL-WEB-01,C003222,VM-ACC-0013,2,162.34,0.08,PLN
SO-2023-013178,1,2023-11-17,2023-11-21,PL-WEB-01,C002991,VM-APP-0012,1,830.84,0.0,PLN
SO-2023-013179,1,2023-11-17,2023-11-18,PL-WEB-01,C003845,VM-APP-0002,2,420.19,0.0,PLN
SO-2023-013179,2,2023-11-17,2023-11-18,PL-WEB-01,C003845,VM-APP-0017,1,181.44,0.0,PLN
SO-2023-013180,1,2023-11-17,2023-11-20,PL-WEB-01,C003553,VM-NUT-0010,3,33.42,0.0,PLN
SO-2023-013180,2,2023-11-17,2023-11-20,PL-WEB-01,C003553,VM-ACC-0014,1,105.04,0.0,PLN
SO-2023-013181,1,2023-11-17,2023-11-18,PL-WEB-01,C003027,VM-NUT-0011,1,51.56,0.0,PLN
SO-2023-013182,1,2023-11-17,2023-11-21,PL-WEB-01,C005598,VM-APP-0006,2,296.04,0.0,PLN
SO-2023-013183,1,2023-11-17,2023-11-18,PL-MKT-01,C002984,VM-NUT-0004,3,6.68,0.0,PLN
SO-2023-013184,1,2023-11-17,2023-11-18,PL-MKT-01,C005599,VM-APP-0012,1,830.84,0.0,PLN
SO-2023-013185,1,2023-11-17,2023-11-18,PL-MKT-01,C005600,VM-ACC-0008,1,381.99,0.1,PLN
SO-2023-013186,1,2023-11-17,2023-11-19,PL-MKT-01,C003683,VM-EBK-0003,1,8680.94,0.0,PLN
SO-2023-013186,2,2023-11-17,2023-11-19,PL-MKT-01,C003683,VM-NUT-0005,4,8.59,0.0,PLN
SO-2023-013186,3,2023-11-17,2023-11-19,PL-MKT-01,C003683,VM-ACC-0004,1,744.89,0.0,PLN
SO-2023-013186,4,2023-11-17,2023-11-19,PL-MKT-01,C003683,VM-ACC-0003,1,276.94,0.0,PLN
SO-2023-013187,1,2023-11-17,2023-11-17,CZ-PRG-01,C005601,VM-ACC-0009,2,2015.0,0.0,CZK
SO-2023-013187,2,2023-11-17,2023-11-17,CZ-PRG-01,C005601,VM-APP-0015,1,2871.0,0.0,CZK
SO-2023-013187,3,2023-11-17,2023-11-17,CZ-PRG-01,C005601,VM-NUT-0002,3,76.0,0.0,CZK
SO-2023-013188,1,2023-11-17,2023-11-17,CZ-PRG-01,C005602,VM-APP-0002,3,2216.0,0.0,CZK
SO-2023-013188,2,2023-11-17,2023-11-17,CZ-PRG-01,C005602,VM-APP-0009,1,1763.0,0.0,CZK
SO-2023-013188,3,2023-11-17,2023-11-17,CZ-PRG-01,C005602,VM-ACC-0014,1,554.0,0.0,CZK
SO-2023-013188,4,2023-11-17,2023-11-17,CZ-PRG-01,C005602,VM-NUT-0001,13,45.0,0.05,CZK
SO-2023-013189,1,2023-11-17,2023-11-20,CZ-WEB-01,C005603,VM-ACC-0003,2,1461.0,0.0,CZK
SO-2023-013189,2,2023-11-17,2023-11-20,CZ-WEB-01,C005603,VM-APP-0010,2,856.0,0.0,CZK
SO-2023-013190,1,2023-11-17,2023-11-21,CZ-WEB-01,C002453,VM-APP-0007,2,806.0,0.0,CZK
SO-2023-013190,2,2023-11-17,2023-11-21,CZ-WEB-01,C002453,VM-NUT-0002,9,76.0,0.0,CZK
SO-2023-013191,1,2023-11-17,2023-11-21,CZ-WEB-01,C005604,VM-BIK-0012,1,59486.0,0.0,CZK
SO-2023-013192,1,2023-11-17,2023-11-17,DE-BER-01,,VM-NUT-0003,14,2.36,0.0,EUR
SO-2023-013192,2,2023-11-17,2023-11-17,DE-BER-01,,VM-ACC-0019,1,10.74,0.0,EUR
SO-2023-013193,1,2023-11-17,2023-11-20,DE-WEB-01,C005605,VM-BIK-0006,1,1415.88,0.0,EUR
SO-2023-013193,2,2023-11-17,2023-11-20,DE-WEB-01,C005605,VM-EBK-0007,1,3158.34,0.0,EUR
SO-2023-013194,1,2023-11-17,2023-11-20,DE-WEB-01,C005606,VM-APP-0015,1,122.46,0.0,EUR
SO-2023-013195,1,2023-11-17,2023-11-18,DE-WEB-01,C005607,VM-CMP-0012,1,116.02,0.05,EUR
SO-2023-013196,1,2023-11-17,2023-11-18,DE-WEB-01,C002481,VM-APP-0012,1,186.92,0.05,EUR
SO-2023-013197,1,2023-11-17,2023-11-19,DE-WEB-01,C000463,VM-BIK-0019,1,259.97,0.0,EUR
SO-2023-013197,2,2023-11-17,2023-11-19,DE-WEB-01,C000463,VM-APP-0011,2,88.09,0.0,EUR
SO-2023-013197,3,2023-11-17,2023-11-19,DE-WEB-01,C000463,VM-ACC-0017,1,12.46,0.0,EUR
SO-2023-013197,4,2023-11-17,2023-11-19,DE-WEB-01,C000463,VM-ACC-0014,1,23.63,0.0,EUR
SO-2023-013198,1,2023-11-17,2023-11-18,DE-WEB-01,C003389,VM-APP-0019,2,14.18,0.0,EUR
SO-2023-013199,1,2023-11-17,2023-11-20,DE-WEB-01,C002807,vm-nut-0004,10,1.5,0.0,EUR
SO-2023-013199,2,2023-11-17,2023-11-20,DE-WEB-01,C002807,VM-APP-0003,3,66.6,0.0,EUR
SO-2023-013200,1,2023-11-17,2023-11-21,DE-WEB-01,C005608,VM-BIK-0018,1,515.64,0.05,EUR
SO-2023-013201,1,2023-11-17,2023-11-20,DE-WEB-01,C004693,VM-APP-0013,1,94.53,0.1,EUR
SO-2023-013202,1,2023-11-17,2023-11-21,DE-WEB-01,C002231,VM-ACC-0007,2,77.34,0.0,EUR
SO-2023-013203,1,2023-11-17,2023-11-20,DE-WEB-01,C005609,VM-ACC-0008,2,85.94,0.0,EUR
SO-2023-013204,1,2023-11-18,2023-11-18,PL-WAW-01,,VM-APP-0013,1,420.19,0.0,PLN
SO-2023-013204,2,2023-11-18,2023-11-18,PL-WAW-01,,vm-nut-0010,1,33.42,0.0,PLN
SO-2023-013204,3,2023-11-18,2023-11-18,PL-WAW-01,,VM-BIK-0004,1,4077.84,0.0,PLN
SO-2023-013204,4,2023-11-18,2023-11-18,PL-WAW-01,,VM-APP-0016,1,582.54,0.0,PLN
SO-2023-013205,1,2023-11-18,2023-11-18,PL-WAW-01,C003616,VM-ACC-0017,3,55.38,0.0,PLN
SO-2023-013206,1,2023-11-18,2023-11-18,PL-WAW-01,C005610,VM-ACC-0022,1,1499.34,0.0,PLN
SO-2023-013206,2,2023-11-18,2023-11-18,PL-WAW-01,C005610,VM-APP-0012,1,830.84,0.0,PLN
SO-2023-013207,1,2023-11-18,2023-11-18,PL-WAW-01,C005611,VM-BIK-0001,1,13073.94,0.0,PLN
SO-2023-013207,2,2023-11-18,2023-11-18,PL-WAW-01,C005611,VM-CMP-0010,2,372.44,0.0,PLN
SO-2023-013208,1,2023-11-18,2023-11-18,PL-WAW-01,C002955,VM-ACC-0012,1,68.75,0.0,PLN
SO-2023-013209,1,2023-11-18,2023-11-18,PL-WAW-02,C000051,VM-APP-0017,1,181.44,0.0,PLN
SO-2023-013210,1,2023-11-18,2023-11-18,PL-WAW-02,,VM-BIK-0003,1,6245.69,0.0,PLN
SO-2023-013210,2,2023-11-18,2023-11-18,PL-WAW-02,,VM-ACC-0001,1,362.89,0.0,PLN
SO-2023-013210,3,2023-11-18,2023-11-18,PL-WAW-02,,VM-ACC-0002,1,582.54,0.0,PLN
SO-2023-013211,1,2023-11-18,2023-11-18,PL-WAW-02,C003487,VM-NUT-0006,4,9.54,0.0,PLN
SO-2023-013211,2,2023-11-18,2023-11-18,PL-WAW-02,C003487,VM-NUT-0004,5,6.68,0.0,PLN
SO-2023-013211,3,2023-11-18,2023-11-18,PL-WAW-02,C003487,VM-EBK-0002,1,9502.24,0.0,PLN
SO-2023-013212,1,2023-11-18,2023-11-18,PL-WAW-02,,VM-NUT-0010,2,33.42,0.0,PLN
SO-2023-013213,1,2023-11-18,2023-11-18,PL-WAW-02,C005612,VM-BIK-0012,1,11278.54,0.0,PLN
SO-2023-013214,1,2023-11-18,2023-11-18,PL-KRK-01,C005613,VM-ACC-0003,2,276.94,0.0,PLN
SO-2023-013214,2,2023-11-18,2023-11-18,PL-KRK-01,C005613,VM-APP-0016,1,582.54,0.0,PLN
SO-2023-013215,1,2023-11-18,2023-11-18,PL-KRK-01,,VM-ACC-0014,1,105.04,0.0,PLN
SO-2023-013216,1,2023-11-18,2023-11-18,PL-KRK-01,C001317,VM-APP-0002,3,420.19,0.05,PLN
SO-2023-013217,1,2023-11-18,2023-11-18,PL-KRK-01,,vm-bik-0008,1,5071.04,0.0,PLN
SO-2023-013218,1,2023-11-18,2023-11-18,PL-KRK-01,C002018,VM-ACC-0018,3,47.74,0.0,PLN
SO-2023-013219,1,2023-11-18,2023-11-18,PL-KRK-01,,VM-CMP-0018,2,59.2,0.0,PLN
SO-2023-013220,1,2023-11-18,2023-11-18,PL-KRK-01,C005614,VM-NUT-0011,3,51.56,0.0,PLN
SO-2023-013220,2,2023-11-18,2023-11-18,PL-KRK-01,C005614,VM-BIK-0007,1,6732.74,0.0,PLN
SO-2023-013221,1,2023-11-18,2023-11-18,PL-KRK-01,C005615,VM-NUT-0001,3,8.59,0.0,PLN
SO-2023-013221,2,2023-11-18,2023-11-18,PL-KRK-01,C005615, VM-CMP-0004 ,1,687.59,0.0,PLN
SO-2023-013222,1,2023-11-18,2023-11-18,PL-WRO-01,,VM-BIK-0007,1,6732.74,0.0,PLN
SO-2023-013222,2,2023-11-18,2023-11-18,PL-WRO-01,,VM-BIK-0021,1,1193.74,0.0,PLN
SO-2023-013222,3,2023-11-18,2023-11-18,PL-WRO-01,,VM-ACC-0008,2,381.99,0.0,PLN
SO-2023-013223,1,2023-11-18,2023-11-18,PL-WRO-01,C005616,VM-EBK-0003,1,8680.94,0.0,PLN
SO-2023-013223,2,2023-11-18,2023-11-18,PL-WRO-01,C005616,VM-APP-0007,1,152.79,0.0,PLN
SO-2023-013223,3,2023-11-18,2023-11-18,PL-WRO-01,C005616,VM-ACC-0006,1,907.24,0.0,PLN
SO-2023-013224,1,2023-11-18,2023-11-18,PL-WRO-01,,VM-APP-0001,2,439.29,0.0,PLN
SO-2023-013225,1,2023-11-18,2023-11-18,PL-WRO-01,C000003,VM-BIK-0003,1,6245.69,0.05,PLN
SO-2023-013226,1,2023-11-18,2023-11-18,PL-WRO-01,,VM-APP-0003,3,296.04,0.0,PLN
SO-2023-013226,2,2023-11-18,2023-11-18,PL-WRO-01,,VM-ACC-0013,1,162.34,0.0,PLN
SO-2023-013226,3,2023-11-18,2023-11-18,PL-WRO-01,,VM-NUT-0002,3,14.32,0.0,PLN
SO-2023-013227,1,2023-11-18,2023-11-18,PL-WRO-01,C005319,VM-BIK-0013,1,4583.99,0.0,PLN
SO-2023-013227,2,2023-11-18,2023-11-18,PL-WRO-01,C005319,VM-ACC-0006,2,907.24,0.0,PLN
SO-2023-013228,1,2023-11-18,2023-11-18,PL-WRO-01,,VM-NUT-0001,12,8.59,0.0,PLN
SO-2023-013228,2,2023-11-18,2023-11-18,PL-WRO-01,,VM-APP-0010,2,162.34,0.0,PLN
SO-2023-013228,3,2023-11-18,2023-11-18,PL-WRO-01,,VM-EBK-0010,1,12882.94,0.0,PLN
SO-2023-013229,1,2023-11-18,2023-11-18,PL-WRO-01,,VM-CMP-0004,1,687.59,0.0,PLN
SO-2023-013230,1,2023-11-18,2023-11-18,PL-WRO-01,,VM-ACC-0008,2,381.99,0.0,PLN
SO-2023-013231,1,2023-11-18,2023-11-18,PL-WRO-01,C005617,VM-NUT-0009,2,81.17,0.0,PLN
SO-2023-013231,2,2023-11-18,2023-11-18,PL-WRO-01,C005617,VM-APP-0010,1,162.34,0.0,PLN
SO-2023-013231,3,2023-11-18,2023-11-18,PL-WRO-01,C005617,VM-NUT-0004,11,6.68,0.0,PLN
SO-2023-013232,1,2023-11-18,2023-11-18,PL-GDN-01,C005618,VM-NUT-0004,14,6.68,0.0,PLN
SO-2023-013232,2,2023-11-18,2023-11-18,PL-GDN-01,C005618,VM-ACC-0007,2,343.79,0.0,PLN
SO-2023-013233,1,2023-11-18,2023-11-18,PL-GDN-01,C005619,VM-EBK-0011,1,13981.19,0.0,PLN
SO-2023-013234,1,2023-11-18,2023-11-18,PL-GDN-01,C004156,VM-NUT-0010,2,33.42,0.0,PLN
SO-2023-013234,2,2023-11-18,2023-11-18,PL-GDN-01,C004156,VM-ACC-0018,2,47.74,0.0,PLN
SO-2023-013234,3,2023-11-18,2023-11-18,PL-GDN-01,C004156,VM-CMP-0021,3,45.83,0.0,PLN
SO-2023-013234,4,2023-11-18,2023-11-18,PL-GDN-01,C004156,VM-ACC-0004,1,744.89,0.0,PLN
SO-2023-013235,1,2023-11-18,2023-11-18,PL-GDN-01,,VM-NUT-0010,4,33.42,0.0,PLN
SO-2023-013235,2,2023-11-18,2023-11-18,PL-GDN-01,,VM-ACC-0007,2,343.79,0.0,PLN
SO-2023-013236,1,2023-11-18,2023-11-18,PL-GDN-01,C003421,VM-ACC-0010,2,238.74,0.0,PLN
SO-2023-013236,2,2023-11-18,2023-11-18,PL-GDN-01,C003421,VM-CMP-0009,1,334.24,0.0,PLN
SO-2023-013236,3,2023-11-18,2023-11-18,PL-GDN-01,C003421,VM-ACC-0005,1,171.89,0.0,PLN
SO-2023-013236,4,2023-11-18,2023-11-18,PL-GDN-01,C003421,VM-BIK-0012,1,11278.54,0.0,PLN
SO-2023-013237,1,2023-11-18,2023-11-18,PL-POZ-01,C000639,vm-app-0015,1,544.34,0.0,PLN
SO-2023-013238,1,2023-11-18,2023-11-18,PL-POZ-01,,VM-ACC-0008,1,381.99,0.05,PLN
SO-2023-013238,2,2023-11-18,2023-11-18,PL-POZ-01,,VM-ACC-0015,1,334.24,0.0,PLN
SO-2023-013239,1,2023-11-18,2023-11-18,PL-POZ-01,C004559,VM-APP-0013,1,420.19,0.0,PLN
SO-2023-013240,1,2023-11-18,2023-11-21,PL-WEB-01,C005620,VM-ACC-0008,1,381.99,0.0,PLN
SO-2023-013241,1,2023-11-18,2023-11-22,PL-WEB-01,C005621,VM-BIK-0021,1,1193.74,0.0,PLN
SO-2023-013241,2,2023-11-18,2023-11-22,PL-WEB-01,C005621,VM-ACC-0008,2,381.99,0.0,PLN
SO-2023-013242,1,2023-11-18,2023-11-20,PL-WEB-01,C002435,VM-NUT-0003,4,10.5,0.05,PLN
SO-2023-013243,1,2023-11-18,2023-11-22,PL-WEB-01,C003241,vm-cmp-0010,1,372.44,0.0,PLN
SO-2023-013243,2,2023-11-18,2023-11-22,PL-WEB-01,C003241,VM-CMP-0002,1,534.79,0.0,PLN
SO-2023-013244,1,2023-11-18,2023-11-22,PL-WEB-01,C000623,VM-NUT-0001,9,8.59,0.0,PLN
SO-2023-013244,2,2023-11-18,2023-11-22,PL-WEB-01,C000623,VM-CMP-0017,1,477.49,0.0,PLN
SO-2023-013244,3,2023-11-18,2023-11-22,PL-WEB-01,C000623,VM-ACC-0008,2,381.99,0.0,PLN
SO-2023-013244,4,2023-11-18,2023-11-22,PL-WEB-01,C000623,VM-APP-0010,2,162.34,0.0,PLN
SO-2023-013245,1,2023-11-18,2023-11-21,PL-WEB-01,C005622,VM-CMP-0020,1,248.29,0.0,PLN
SO-2023-013245,2,2023-11-18,2023-11-21,PL-WEB-01,C005622,VM-APP-0007,2,152.79,0.0,PLN
SO-2023-013245,3,2023-11-18,2023-11-21,PL-WEB-01,C005622,VM-CMP-0003,2,229.19,0.0,PLN
SO-2023-013245,4,2023-11-18,2023-11-21,PL-WEB-01,C005622,VM-ACC-0008,1,381.99,0.0,PLN
SO-2023-013246,1,2023-11-18,2023-11-21,PL-WEB-01,C000543,VM-ACC-0008,8,381.99,0.1,PLN
SO-2023-013246,2,2023-11-18,2023-11-21,PL-WEB-01,C000543,VM-NUT-0006,14,9.54,0.12,PLN
SO-2023-013247,1,2023-11-18,2023-11-21,PL-WEB-01,C005623,VM-EBK-0011,1,13981.19,0.0,PLN
SO-2023-013248,1,2023-11-18,2023-11-19,PL-WEB-01,C005624,VM-APP-0006,3,296.04,0.0,PLN
SO-2023-013249,1,2023-11-18,2023-11-21,PL-WEB-01,C005420,VM-APP-0010,2,162.34,0.05,PLN
SO-2023-013249,2,2023-11-18,2023-11-21,PL-WEB-01,C005420,VM-BIK-0012,1,11278.54,0.05,PLN
SO-2023-013249,3,2023-11-18,2023-11-21,PL-WEB-01,C005420, VM-ACC-0021 ,1,744.89,0.05,PLN
SO-2023-013249,4,2023-11-18,2023-11-21,PL-WEB-01,C005420,VM-CMP-0019,3,200.54,0.05,PLN
SO-2023-013250,1,2023-11-18,2023-11-22,PL-WEB-01,C002635,VM-APP-0015,1,544.34,0.0,PLN
SO-2023-013251,1,2023-11-18,2023-11-21,PL-WEB-01,C002635,VM-EBK-0006,1,19233.69,0.0,PLN
SO-2023-013252,1,2023-11-18,2023-11-21,PL-WEB-01,C003149,VM-APP-0003,6,296.04,0.12,PLN
SO-2023-013252,2,2023-11-18,2023-11-21,PL-WEB-01,C003149,VM-NUT-0007,36,12.41,0.08,PLN
SO-2023-013253,1,2023-11-18,2023-11-22,PL-WEB-01,C005172,VM-CMP-0017,2,477.49,0.0,PLN
SO-2023-013253,2,2023-11-18,2023-11-22,PL-WEB-01,C005172,VM-NUT-0001,9,8.59,0.0,PLN
SO-2023-013253,3,2023-11-18,2023-11-22,PL-WEB-01,C005172,VM-CMP-0011,1,152.79,0.0,PLN
SO-2023-013253,4,2023-11-18,2023-11-22,PL-WEB-01,C005172,VM-APP-0002,3,420.19,0.0,PLN
SO-2023-013254,1,2023-11-18,2023-11-20,PL-WEB-01,C003735,VM-APP-0003,3,296.04,0.0,PLN
SO-2023-013255,1,2023-11-18,2023-11-20,PL-MKT-01,C005625,VM-APP-0010,2,162.34,0.0,PLN
SO-2023-013255,2,2023-11-18,2023-11-20,PL-MKT-01,C005625,VM-NUT-0003,13,10.5,0.0,PLN
SO-2023-013255,3,2023-11-18,2023-11-20,PL-MKT-01,C005625,VM-CMP-0018,2,59.2,0.0,PLN
SO-2023-013256,1,2023-11-18,2023-11-22,PL-MKT-01,C005626,VM-CMP-0017,10,477.49,0.1,PLN
SO-2023-013257,1,2023-11-18,2023-11-22,PL-MKT-01,C000444,VM-APP-0018,2,124.14,0.05,PLN
SO-2023-013258,1,2023-11-18,2023-11-21,PL-MKT-01,C005627,VM-APP-0002,3,420.19,0.0,PLN
SO-2023-013258,2,2023-11-18,2023-11-21,PL-MKT-01,C005627,VM-ACC-0008,2,381.99,0.0,PLN
SO-2023-013258,3,2023-11-18,2023-11-21,PL-MKT-01,C005627,VM-BIK-0019,1,1155.54,0.0,PLN
SO-2023-013258,4,2023-11-18,2023-11-21,PL-MKT-01,C005627,VM-APP-0008,1,152.79,0.0,PLN
SO-2023-013259,1,2023-11-18,2023-11-22,PL-MKT-01,C003308,VM-APP-0003,3,296.04,0.0,PLN
SO-2023-013260,1,2023-11-18,2023-11-22,PL-MKT-01,C004825,VM-APP-0002,2,420.19,0.05,PLN
SO-2023-013261,1,2023-11-18,2023-11-18,CZ-PRG-01,,VM-ACC-0022,1,7908.0,0.0,CZK
SO-2023-013262,1,2023-11-18,2023-11-18,CZ-PRG-01,C003316,VM-APP-0014,1,2468.0,0.05,CZK
SO-2023-013262,2,2023-11-18,2023-11-18,CZ-PRG-01,C003316,VM-ACC-0020,1,4080.0,0.05,CZK
SO-2023-013263,1,2023-11-18,2023-11-22,CZ-WEB-01,C003145,VM-BIK-0019,1,6095.0,0.0,CZK
SO-2023-013263,2,2023-11-18,2023-11-22,CZ-WEB-01,C003145,VM-ACC-0008,2,2015.0,0.0,CZK
SO-2023-013264,1,2023-11-18,2023-11-18,DE-BER-01,C001370,VM-NUT-0002,3,3.22,0.05,EUR
SO-2023-013264,2,2023-11-18,2023-11-18,DE-BER-01,C001370,VM-EBK-0002,1,2137.78,0.05,EUR
SO-2023-013264,3,2023-11-18,2023-11-18,DE-BER-01,C001370,VM-APP-0002,1,94.53,0.1,EUR
SO-2023-013265,1,2023-11-18,2023-11-18,DE-BER-01,C005628,VM-CMP-0015,2,197.66,0.0,EUR
SO-2023-013265,2,2023-11-18,2023-11-18,DE-BER-01,C005628,VM-BIK-0007,1,1514.71,0.0,EUR
SO-2023-013266,1,2023-11-18,2023-11-18,DE-BER-01,C001775,VM-BIK-0016,4,771.32,0.12,EUR
SO-2023-013266,2,2023-11-18,2023-11-18,DE-BER-01,C001775,VM-ACC-0004,6,167.58,0.12,EUR
SO-2023-013266,3,2023-11-18,2023-11-18,DE-BER-01,C001775,VM-ACC-0014,3,23.63,0.12,EUR
SO-2023-013267,1,2023-11-18,2023-11-21,DE-WEB-01,C005629,VM-ACC-0008,1,85.94,0.0,EUR
SO-2023-013267,2,2023-11-18,2023-11-21,DE-WEB-01,C005629,VM-APP-0017,2,40.82,0.0,EUR
SO-2023-013268,1,2023-11-18,2023-11-21,DE-WEB-01,C005630,VM-ACC-0008,2,85.94,0.0,EUR
SO-2023-013268,2,2023-11-18,2023-11-21,DE-WEB-01,C005630,VM-ACC-0020,1,174.03,0.05,EUR
SO-2023-013269,1,2023-11-18,2023-11-22,DE-WEB-01,C003318,VM-CMP-0016,1,528.54,0.0,EUR
SO-2023-013269,2,2023-11-18,2023-11-22,DE-WEB-01,C003318,VM-CMP-0013,1,113.87,0.0,EUR
SO-2023-013270,1,2023-11-19,2023-11-20,PL-WEB-01,C004733,VM-APP-0010,2,162.34,0.0,PLN
SO-2023-013270,2,2023-11-19,2023-11-20,PL-WEB-01,C004733,VM-BIK-0004,1,4077.84,0.1,PLN
SO-2023-013271,1,2023-11-19,2023-11-22,PL-WEB-01,C004670,VM-CMP-0004,1,687.59,0.0,PLN
SO-2023-013272,1,2023-11-19,2023-11-20,PL-WEB-01,C005631,VM-ACC-0008,1,381.99,0.0,PLN
SO-2023-013272,2,2023-11-19,2023-11-20,PL-WEB-01,C005631,VM-APP-0007,2,152.79,0.0,PLN
SO-2023-013272,3,2023-11-19,2023-11-20,PL-WEB-01,C005631,VM-EBK-0011,1,13981.19,0.0,PLN
SO-2023-013273,1,2023-11-19,2023-11-22,PL-WEB-01,C005632,VM-NUT-0009,1,81.17,0.0,PLN
SO-2023-013274,1,2023-11-19,2023-11-23,PL-WEB-01,C004189,VM-APP-0017,1,181.44,0.1,PLN
SO-2023-013275,1,2023-11-19,2023-11-21,PL-WEB-01,C002783,VM-ACC-0008,2,381.99,0.05,PLN
SO-2023-013276,1,2023-11-19,2023-11-23,PL-WEB-01,C005633,VM-APP-0019,2,63.02,0.05,PLN
SO-2023-013276,2,2023-11-19,2023-11-23,PL-WEB-01,C005633,VM-BIK-0003,1,6245.69,0.05,PLN
SO-2023-013277,1,2023-11-19,2023-11-21,PL-WEB-01,C005634,VM-CMP-0014,2,410.64,0.0,PLN
SO-2023-013277,2,2023-11-19,2023-11-21,PL-WEB-01,C005634,VM-APP-0001,2,439.29,0.0,PLN
SO-2023-013277,3,2023-11-19,2023-11-21,PL-WEB-01,C005634,VM-NUT-0001,5,8.59,0.0,PLN
SO-2023-013278,1,2023-11-19,2023-11-23,PL-WEB-01,C004289,VM-APP-0012,1,830.84,0.0,PLN
SO-2023-013279,1,2023-11-19,2023-11-21,PL-WEB-01,C005635,VM-CMP-0009,2,334.24,0.0,PLN
SO-2023-013279,2,2023-11-19,2023-11-21,PL-WEB-01,C005635,VM-BIK-0010,1,6035.59,0.0,PLN
SO-2023-013280,1,2023-11-19,2023-11-20,PL-WEB-01,C003693,VM-APP-0017,2,181.44,0.0,PLN
SO-2023-013280,2,2023-11-19,2023-11-20,PL-WEB-01,C003693,VM-ACC-0011,1,68.75,0.1,PLN
SO-2023-013280,3,2023-11-19,2023-11-20,PL-WEB-01,C003693,VM-APP-0020,2,171.89,0.0,PLN
SO-2023-013280,4,2023-11-19,2023-11-20,PL-WEB-01,C003693,VM-APP-0007,1,152.79,0.0,PLN
SO-2023-013281,1,2023-11-19,2023-11-23,PL-WEB-01,C005124,VM-APP-0001,3,439.29,0.0,PLN
SO-2023-013282,1,2023-11-19,2023-11-22,PL-WEB-01,C002187,VM-APP-0007,2,152.79,0.05,PLN
SO-2023-013283,1,2023-11-19,2023-11-20,PL-WEB-01,C001811,VM-CMP-0013,2,506.14,0.0,PLN
SO-2023-013283,2,2023-11-19,2023-11-20,PL-WEB-01,C001811,VM-CMP-0019,3,200.54,0.0,PLN
SO-2023-013283,3,2023-11-19,2023-11-20,PL-WEB-01,C001811,VM-BIK-0001,1,13073.94,0.1,PLN
SO-2023-013284,1,2023-11-19,2023-11-23,PL-MKT-01,C005636,vm-nut-0005,7,8.59,0.0,PLN
SO-2023-013284,2,2023-11-19,2023-11-23,PL-MKT-01,C005636,VM-APP-0013,1,420.19,0.0,PLN
SO-2023-013285,1,2023-11-19,2023-11-21,PL-MKT-01,C004543,VM-CMP-0011,2,152.79,0.0,PLN
SO-2023-013286,1,2023-11-19,2023-11-21,PL-MKT-01,C003572,VM-APP-0006,2,296.04,0.0,PLN
SO-2023-013286,2,2023-11-19,2023-11-21,PL-MKT-01,C003572,VM-NUT-0001,14,8.59,0.0,PLN
SO-2023-013287,1,2023-11-19,2023-11-20,PL-MKT-01,C002103,VM-NUT-0001,5,8.59,0.0,PLN
SO-2023-013288,1,2023-11-19,2023-11-22,PL-MKT-01,C005637,VM-BIK-0002,1,9196.64,0.05,PLN
SO-2023-013288,2,2023-11-19,2023-11-22,PL-MKT-01,C005637,VM-CMP-0002,2,534.79,0.05,PLN
SO-2023-013288,3,2023-11-19,2023-11-22,PL-MKT-01,C005637,VM-ACC-0008,2,381.99,0.05,PLN
SO-2023-013288,4,2023-11-19,2023-11-22,PL-MKT-01,C005637,VM-BIK-0007,1,6732.74,0.05,PLN
SO-2023-013289,1,2023-11-19,2023-11-19,CZ-PRG-01,C000375,VM-BIK-0004,1,21508.0,0.0,CZK
SO-2023-013290,1,2023-11-19,2023-11-19,CZ-PRG-01,C005004,VM-APP-0002,2,2216.0,0.0,CZK
SO-2023-013291,1,2023-11-19,2023-11-19,CZ-PRG-01,C005638,VM-ACC-0021,1,3929.0,0.0,CZK
SO-2023-013292,1,2023-11-19,2023-11-19,CZ-PRG-01,,VM-APP-0006,3,1561.0,0.0,CZK
SO-2023-013292,2,2023-11-19,2023-11-19,CZ-PRG-01,,VM-ACC-0017,1,292.0,0.0,CZK
SO-2023-013292,3,2023-11-19,2023-11-19,CZ-PRG-01,,VM-ACC-0018,2,252.0,0.0,CZK
SO-2023-013293,1,2023-11-19,2023-11-21,CZ-WEB-01,C002097,VM-CMP-0017,1,2518.0,0.0,CZK
SO-2023-013293,2,2023-11-19,2023-11-21,CZ-WEB-01,C002097,VM-ACC-0005,1,907.0,0.0,CZK
SO-2023-013293,3,2023-11-19,2023-11-21,CZ-WEB-01,C002097,VM-NUT-0004,14,35.0,0.05,CZK
SO-2023-013293,4,2023-11-19,2023-11-21,CZ-WEB-01,C002097,VM-ACC-0002,2,3072.0,0.0,CZK
SO-2023-013294,1,2023-11-19,2023-11-20,DE-WEB-01,C002424,VM-CMP-0008,1,94.53,0.0,EUR
SO-2023-013295,1,2023-11-19,2023-11-23,DE-WEB-01,C000206,VM-CMP-0016,2,528.54,0.05,EUR
SO-2023-013295,2,2023-11-19,2023-11-23,DE-WEB-01,C000206,VM-CMP-0012,2,116.02,0.05,EUR
SO-2023-013296,1,2023-11-19,2023-11-22,DE-WEB-01,C000336,VM-APP-0007,1,34.37,0.0,EUR
SO-2023-013296,2,2023-11-19,2023-11-22,DE-WEB-01,C000336,VM-ACC-0008,1,85.94,0.0,EUR
SO-2023-013297,1,2023-11-19,2023-11-22,DE-WEB-01,C002079,VM-BIK-0013,1,1031.29,0.05,EUR
SO-2023-013298,1,2023-11-19,2023-11-22,DE-WEB-01,C003252,VM-NUT-0005,4,1.93,0.0,EUR
SO-2023-013298,2,2023-11-19,2023-11-22,DE-WEB-01,C003252,VM-NUT-0002,13,3.22,0.0,EUR
SO-2023-013299,1,2023-11-19,2023-11-22,DE-WEB-01,C005639,VM-ACC-0021,1,167.58,0.05,EUR
SO-2023-013299,2,2023-11-19,2023-11-22,DE-WEB-01,C005639,VM-CMP-0010,2,83.79,0.05,EUR
SO-2023-013300,1,2023-11-19,2023-11-21,DE-WEB-01,C005640,VM-APP-0013,1,94.53,0.0,EUR
SO-2023-013300,2,2023-11-19,2023-11-21,DE-WEB-01,C005640,VM-CMP-0001,1,85.94,0.0,EUR
SO-2023-013300,3,2023-11-19,2023-11-21,DE-WEB-01,C005640,VM-ACC-0013,1,36.52,0.0,EUR
SO-2023-013300,4,2023-11-19,2023-11-21,DE-WEB-01,C005640,VM-NUT-0010,2,7.52,0.0,EUR
SO-2023-013301,1,2023-11-20,2023-11-20,PL-WAW-01,C005641,VM-BIK-0012,1,11278.54,0.0,PLN
SO-2023-013301,2,2023-11-20,2023-11-20,PL-WAW-01,C005641,VM-ACC-0013,1,162.34,0.0,PLN
SO-2023-013301,3,2023-11-20,2023-11-20,PL-WAW-01,C005641,VM-ACC-0012,1,68.75,0.0,PLN
SO-2023-013302,1,2023-11-20,2023-11-20,PL-WAW-01,C005642,VM-APP-0010,2,162.34,0.0,PLN
SO-2023-013303,1,2023-11-20,2023-11-20,PL-WAW-01,C004729, VM-CMP-0016 ,2,2349.29,0.05,PLN
SO-2023-013303,2,2023-11-20,2023-11-20,PL-WAW-01,C004729,VM-APP-0015,1,544.34,0.05,PLN
SO-2023-013303,3,2023-11-20,2023-11-20,PL-WAW-01,C004729,VM-CMP-0001,2,381.99,0.05,PLN
SO-2023-013303,4,2023-11-20,2023-11-20,PL-WAW-01,C004729,VM-NUT-0011,4,51.56,0.05,PLN
SO-2023-013304,1,2023-11-20,2023-11-20,PL-WAW-01,,VM-ACC-0008,1,381.99,0.0,PLN
SO-2023-013304,2,2023-11-20,2023-11-20,PL-WAW-01,,VM-ACC-0010,1,238.74,0.0,PLN
SO-2023-013304,3,2023-11-20,2023-11-20,PL-WAW-01,,VM-CMP-0016,2,2349.29,0.0,PLN
SO-2023-013305,1,2023-11-20,2023-11-20,PL-WAW-01,C004712,VM-EBK-0009,1,9464.04,0.0,PLN
SO-2023-013305,2,2023-11-20,2023-11-20,PL-WAW-01,C004712,VM-APP-0008,2,152.79,0.0,PLN
SO-2023-013306,1,2023-11-20,2023-11-20,PL-WAW-02,,VM-APP-0008,2,152.79,0.0,PLN
SO-2023-013307,1,2023-11-20,2023-11-20,PL-KRK-01,C004782,VM-APP-0005,3,171.89,0.0,PLN
SO-2023-013308,1,2023-11-20,2023-11-20,PL-KRK-01,,VM-ACC-0019,2,47.74,0.0,PLN
SO-2023-013308,2,2023-11-20,2023-11-20,PL-KRK-01,,VM-APP-0006,3,296.04,0.0,PLN
SO-2023-013309,1,2023-11-20,2023-11-20,PL-KRK-01,,VM-BIK-0020,1,1155.54,0.0,PLN
SO-2023-013310,1,2023-11-20,2023-11-20,PL-WRO-01,C005643,VM-APP-0008,1,152.79,0.0,PLN
SO-2023-013311,1,2023-11-20,2023-11-20,PL-WRO-01,C004672,VM-APP-0010,1,162.34,0.05,PLN
SO-2023-013312,1,2023-11-20,2023-11-20,PL-WRO-01,C005644,VM-APP-0006,1,296.04,0.05,PLN
SO-2023-013312,2,2023-11-20,2023-11-20,PL-WRO-01,C005644,VM-APP-0013,1,420.19,0.05,PLN
SO-2023-013313,1,2023-11-20,2023-11-20,PL-GDN-01,C005645,VM-NUT-0004,14,6.68,0.0,PLN
SO-2023-013314,1,2023-11-20,2023-11-20,PL-GDN-01,C003401,VM-CMP-0009,1,334.24,0.0,PLN
SO-2023-013314,2,2023-11-20,2023-11-20,PL-GDN-01,C003401,VM-APP-0019,1,63.02,0.0,PLN
SO-2023-013314,3,2023-11-20,2023-11-20,PL-GDN-01,C003401,VM-NUT-0011,3,51.56,0.0,PLN
SO-2023-013315,1,2023-11-20,2023-11-20,PL-POZ-01,,VM-BIK-0004,1,4077.84,0.0,PLN
SO-2023-013315,2,2023-11-20,2023-11-20,PL-POZ-01,,VM-ACC-0008,2,381.99,0.0,PLN
SO-2023-013316,1,2023-11-20,2023-11-22,PL-WEB-01,C005646,VM-APP-0006,3,296.04,0.05,PLN
SO-2023-013316,2,2023-11-20,2023-11-22,PL-WEB-01,C005646,VM-NUT-0004,15,6.68,0.05,PLN
SO-2023-013316,3,2023-11-20,2023-11-22,PL-WEB-01,C005646,VM-APP-0007,1,152.79,0.05,PLN
SO-2023-013316,4,2023-11-20,2023-11-22,PL-WEB-01,C005646,VM-ACC-0022,1,1499.34,0.05,PLN
SO-2023-013317,1,2023-11-20,2023-11-22,PL-WEB-01,C003859,VM-CMP-0009,1,334.24,0.05,PLN
SO-2023-013317,2,2023-11-20,2023-11-22,PL-WEB-01,C003859,VM-EBK-0007,1,14038.49,0.05,PLN
SO-2023-013317,3,2023-11-20,2023-11-22,PL-WEB-01,C003859,VM-BIK-0004,1,4077.84,0.05,PLN
SO-2023-013317,4,2023-11-20,2023-11-22,PL-WEB-01,C003859,VM-APP-0010,2,162.34,0.05,PLN
SO-2023-013318,1,2023-11-20,2023-11-24,PL-WEB-01,C005647,VM-NUT-0007,10,12.41,0.0,PLN
SO-2023-013318,2,2023-11-20,2023-11-24,PL-WEB-01,C005647,VM-ACC-0019,2,47.74,0.0,PLN
SO-2023-013319,1,2023-11-20,2023-11-22,PL-WEB-01,C002195,VM-APP-0007,2,152.79,0.0,PLN
SO-2023-013320,1,2023-11-20,2023-11-21,PL-WEB-01,C005648,VM-BIK-0007,1,6732.74,0.0,PLN
SO-2023-013321,1,2023-11-20,2023-11-23,PL-WEB-01,C005125,VM-EBK-0007,1,14038.49,0.0,PLN
SO-2023-013322,1,2023-11-20,2023-11-23,PL-WEB-01,C005649,VM-ACC-0019,3,47.74,0.0,PLN
SO-2023-013322,2,2023-11-20,2023-11-23,PL-WEB-01,C005649,VM-APP-0005,2,171.89,0.0,PLN
SO-2023-013322,3,2023-11-20,2023-11-23,PL-WEB-01,C005649,VM-BIK-0007,1,6732.74,0.0,PLN
SO-2023-013323,1,2023-11-20,2023-11-22,PL-MKT-01,C002737,VM-ACC-0006,2,907.24,0.0,PLN
SO-2023-013323,2,2023-11-20,2023-11-22,PL-MKT-01,C002737,VM-APP-0001,1,439.29,0.0,PLN
SO-2023-013324,1,2023-11-20,2023-11-23,PL-MKT-01,C002376,VM-APP-0001,1,439.29,0.0,PLN
SO-2023-013325,1,2023-11-20,2023-11-23,PL-MKT-01,C005650,VM-APP-0002,1,420.19,0.0,PLN
SO-2023-013326,1,2023-11-20,2023-11-23,PL-MKT-01,C005651,VM-ACC-0010,3,238.74,0.08,PLN
SO-2023-013327,1,2023-11-20,2023-11-24,PL-MKT-01,C005652,VM-CMP-0012,1,515.69,0.0,PLN
SO-2023-013328,1,2023-11-20,2023-11-24,PL-MKT-01,C005653,VM-EBK-0003,1,8680.94,0.0,PLN
SO-2023-013328,2,2023-11-20,2023-11-24,PL-MKT-01,C005653,VM-ACC-0008,2,381.99,0.0,PLN
SO-2023-013329,1,2023-11-20,2023-11-22,PL-MKT-01,C004040,VM-BIK-0007,1,6732.74,0.0,PLN
SO-2023-013330,1,2023-11-20,2023-11-24,PL-MKT-01,C003937,VM-APP-0006,1,296.04,0.0,PLN
SO-2023-013331,1,2023-11-20,2023-11-20,CZ-PRG-01,C002921,VM-ACC-0011,1,363.0,0.05,CZK
SO-2023-013332,1,2023-11-20,2023-11-20,CZ-PRG-01,,VM-NUT-0004,7,35.0,0.0,CZK
SO-2023-013332,2,2023-11-20,2023-11-20,CZ-PRG-01,,VM-ACC-0014,1,554.0,0.0,CZK
SO-2023-013333,1,2023-11-20,2023-11-22,CZ-WEB-01,C000821,VM-APP-0011,1,2065.0,0.0,CZK
SO-2023-013334,1,2023-11-20,2023-11-24,CZ-WEB-01,C003649,VM-APP-0007,2,806.0,0.05,CZK
SO-2023-013335,1,2023-11-20,2023-11-22,CZ-WEB-01,C001987,VM-APP-0017,1,957.0,0.05,CZK
SO-2023-013336,1,2023-11-20,2023-11-22,CZ-WEB-01,C005654,VM-APP-0006,3,1561.0,0.0,CZK
SO-2023-013336,2,2023-11-20,2023-11-22,CZ-WEB-01,C005654,VM-APP-0007,1,806.0,0.0,CZK
SO-2023-013336,3,2023-11-20,2023-11-22,CZ-WEB-01,C005654,VM-BIK-0018,1,12089.0,0.0,CZK
SO-2023-013336,4,2023-11-20,2023-11-22,CZ-WEB-01,C005654,VM-NUT-0006,4,50.0,0.0,CZK
SO-2023-013337,1,2023-11-20,2023-11-22,CZ-WEB-01,C001391,VM-CMP-0011,1,806.0,0.0,CZK
SO-2023-013337,2,2023-11-20,2023-11-22,CZ-WEB-01,C001391,VM-CMP-0010,1,1964.0,0.0,CZK
SO-2023-013338,1,2023-11-20,2023-11-20,DE-BER-01,C005655,VM-APP-0001,2,98.83,0.05,EUR
SO-2023-013338,2,2023-11-20,2023-11-20,DE-BER-01,C005655,VM-BIK-0012,1,2537.41,0.05,EUR
SO-2023-013338,3,2023-11-20,2023-11-20,DE-BER-01,C005655,VM-APP-0006,1,66.6,0.05,EUR
SO-2023-013339,1,2023-11-20,2023-11-20,DE-BER-01,C005656,VM-BIK-0003,1,1405.14,0.0,EUR
SO-2023-013339,2,2023-11-20,2023-11-20,DE-BER-01,C005656,VM-ACC-0008,2,85.94,0.0,EUR
SO-2023-013339,3,2023-11-20,2023-11-20,DE-BER-01,C005656,VM-APP-0020,2,38.67,0.0,EUR
SO-2023-013340,1,2023-11-20,2023-11-23,DE-WEB-01,C005562,VM-CMP-0013,1,113.87,0.0,EUR
SO-2023-013340,2,2023-11-20,2023-11-23,DE-WEB-01,C005562,VM-ACC-0017,3,12.46,0.0,EUR
SO-2023-013340,3,2023-11-20,2023-11-23,DE-WEB-01,C005562,VM-APP-0009,1,75.2,0.0,EUR
SO-2023-013341,1,2023-11-20,2023-11-22,DE-WEB-01,C005657,VM-CMP-0020,2,55.86,0.05,EUR
SO-2023-013342,1,2023-11-20,2023-11-23,DE-WEB-01,C005658,VM-ACC-0011,1,15.47,0.05,EUR
SO-2023-013343,1,2023-11-20,2023-11-21,DE-WEB-01,C005517,VM-APP-0008,1,34.37,0.0,EUR
SO-2023-013343,2,2023-11-20,2023-11-21,DE-WEB-01,C005517,VM-APP-0002,1,94.53,0.0,EUR
SO-2023-013344,1,2023-11-20,2023-11-23,DE-WEB-01,C002503,VM-BIK-0005,1,1592.06,0.0,EUR
SO-2023-013345,1,2023-11-20,2023-11-24,DE-WEB-01,C005659,VM-ACC-0008,1,85.94,0.05,EUR
SO-2023-013346,1,2023-11-21,2023-11-21,PL-WAW-01,,VM-NUT-0004,12,6.68,0.0,PLN
SO-2023-013347,1,2023-11-21,2023-11-21,PL-WAW-01,,VM-APP-0002,3,420.19,0.0,PLN
SO-2023-013347,2,2023-11-21,2023-11-21,PL-WAW-01,,VM-APP-0005,3,171.89,0.05,PLN
SO-2023-013347,3,2023-11-21,2023-11-21,PL-WAW-01,,VM-CMP-0009,1,334.24,0.0,PLN
SO-2023-013347,4,2023-11-21,2023-11-21,PL-WAW-01,,VM-NUT-0011,1,51.56,0.05,PLN
SO-2023-013348,1,2023-11-21,2023-11-21,PL-WAW-01,C005433,VM-APP-0008,2,152.79,0.0,PLN
SO-2023-013349,1,2023-11-21,2023-11-21,PL-WAW-01,C005660,VM-CMP-0013,2,506.14,0.0,PLN
SO-2023-013350,1,2023-11-21,2023-11-21,PL-WAW-02,C004475,VM-BIK-0018,4,2291.99,0.12,PLN
SO-2023-013351,1,2023-11-21,2023-11-21,PL-KRK-01,,VM-APP-0019,2,63.02,0.0,PLN
SO-2023-013351,2,2023-11-21,2023-11-21,PL-KRK-01,,vm-ebk-0008,1,14420.49,0.0,PLN
SO-2023-013352,1,2023-11-21,2023-11-21,PL-KRK-01,C001953,VM-CMP-0017,1,477.49,0.0,PLN
SO-2023-013352,2,2023-11-21,2023-11-21,PL-KRK-01,C001953,VM-APP-0008,1,152.79,0.0,PLN
SO-2023-013353,1,2023-11-21,2023-11-21,PL-WRO-01,C004807,VM-CMP-0006,2,190.99,0.0,PLN
SO-2023-013353,2,2023-11-21,2023-11-21,PL-WRO-01,C004807,VM-BIK-0018,1,2291.99,0.0,PLN
SO-2023-013353,3,2023-11-21,2023-11-21,PL-WRO-01,C004807,VM-APP-0001,3,439.29,0.0,PLN
SO-2023-013354,1,2023-11-21,2023-11-21,PL-WRO-01,C003860,VM-ACC-0004,1,744.89,0.0,PLN
SO-2023-013355,1,2023-11-21,2023-11-21,PL-WRO-01,C002121,VM-NUT-0007,5,12.41,0.0,PLN
SO-2023-013355,2,2023-11-21,2023-11-21,PL-WRO-01,C002121,VM-ACC-0020,1,773.54,0.0,PLN
SO-2023-013355,3,2023-11-21,2023-11-21,PL-WRO-01,C002121,VM-EBK-0007,1,14038.49,0.0,PLN
SO-2023-013356,1,2023-11-21,2023-11-21,PL-POZ-01,C005661,VM-APP-0019,2,63.02,0.05,PLN
SO-2023-013356,2,2023-11-21,2023-11-21,PL-POZ-01,C005661,VM-ACC-0018,3,47.74,0.05,PLN
SO-2023-013357,1,2023-11-21,2023-11-21,PL-POZ-01,C005662,VM-EBK-0003,1,8680.94,0.0,PLN
SO-2023-013357,2,2023-11-21,2023-11-21,PL-POZ-01,C005662,VM-ACC-0019,2,47.74,0.0,PLN
SO-2023-013358,1,2023-11-21,2023-11-22,PL-WEB-01,C003002,VM-NUT-0004,6,6.68,0.0,PLN
SO-2023-013359,1,2023-11-21,2023-11-23,PL-WEB-01,C002800,VM-CMP-0004,1,687.59,0.0,PLN
SO-2023-013360,1,2023-11-21,2023-11-25,PL-WEB-01,C001525,VM-APP-0011,2,391.54,0.0,PLN
SO-2023-013361,1,2023-11-21,2023-11-24,PL-WEB-01,C005663,VM-CMP-0016,1,2349.29,0.0,PLN
SO-2023-013361,2,2023-11-21,2023-11-24,PL-WEB-01,C005663,VM-ACC-0006,1,907.24,0.0,PLN
SO-2023-013361,3,2023-11-21,2023-11-24,PL-WEB-01,C005663,VM-BIK-0004,1,4077.84,0.0,PLN
SO-2023-013362,1,2023-11-21,2023-11-23,PL-WEB-01,C005487,VM-APP-0002,2,420.19,0.0,PLN
SO-2023-013363,1,2023-11-21,2023-11-24,PL-WEB-01,C002073,VM-ACC-0014,1,105.04,0.05,PLN
SO-2023-013363,2,2023-11-21,2023-11-24,PL-WEB-01,C002073,VM-NUT-0010,1,33.42,0.05,PLN
SO-2023-013364,1,2023-11-21,2023-11-23,PL-WEB-01,C000953,VM-APP-0017,1,181.44,0.05,PLN
SO-2023-013364,2,2023-11-21,2023-11-23,PL-WEB-01,C000953,VM-NUT-0003,14,10.5,0.05,PLN
SO-2023-013365,1,2023-11-21,2023-11-24,PL-WEB-01,C005168,VM-APP-0004,2,229.19,0.0,PLN
SO-2023-013366,1,2023-11-21,2023-11-25,PL-WEB-01,C005664,VM-APP-0008,1,152.79,0.05,PLN
SO-2023-013367,1,2023-11-21,2023-11-25,PL-WEB-01,C000198,VM-ACC-0004,1,744.89,0.0,PLN
SO-2023-013368,1,2023-11-21,2023-11-23,PL-WEB-01,C005665,VM-ACC-0008,2,381.99,0.0,PLN
SO-2023-013368,2,2023-11-21,2023-11-23,PL-WEB-01,C005665,VM-ACC-0004,1,744.89,0.0,PLN
SO-2023-013369,1,2023-11-21,2023-11-22,PL-MKT-01,C004030,VM-ACC-0014,1,105.04,0.05,PLN
SO-2023-013369,2,2023-11-21,2023-11-22,PL-MKT-01,C004030,VM-CMP-0015,2,878.59,0.05,PLN
SO-2023-013370,1,2023-11-21,2023-11-25,PL-MKT-01,C005666,VM-EBK-0003,1,8680.94,0.05,PLN
SO-2023-013371,1,2023-11-21,2023-11-25,PL-MKT-01,C005667,VM-ACC-0008,2,381.99,0.0,PLN
SO-2023-013371,2,2023-11-21,2023-11-25,PL-MKT-01,C005667,VM-NUT-0004,8,6.68,0.0,PLN
SO-2023-013372,1,2023-11-21,2023-11-24,PL-MKT-01,C000434,VM-CMP-0017,1,477.49,0.0,PLN
SO-2023-013373,1,2023-11-21,2023-11-23,PL-MKT-01,C005668,VM-NUT-0009,1,81.17,0.05,PLN
SO-2023-013374,1,2023-11-21,2023-11-21,CZ-PRG-01,C005669,VM-NUT-0001,6,45.0,0.08,CZK
SO-2023-013374,2,2023-11-21,2023-11-21,CZ-PRG-01,C005669,VM-CMP-0008,8,2216.0,0.1,CZK
SO-2023-013374,3,2023-11-21,2023-11-21,CZ-PRG-01,C005669,VM-APP-0002,9,2216.0,0.12,CZK
SO-2023-013374,4,2023-11-21,2023-11-21,CZ-PRG-01,C005669,VM-NUT-0004,27,35.0,0.12,CZK
SO-2023-013375,1,2023-11-21,2023-11-21,CZ-PRG-01,C005670,VM-NUT-0006,8,50.0,0.0,CZK
SO-2023-013375,2,2023-11-21,2023-11-21,CZ-PRG-01,C005670,VM-EBK-0003,1,45786.0,0.0,CZK
SO-2023-013375,3,2023-11-21,2023-11-21,CZ-PRG-01,C005670,VM-CMP-0013,2,2670.0,0.0,CZK
SO-2023-013376,1,2023-11-21,2023-11-21,CZ-PRG-01,C004971,VM-ACC-0014,1,554.0,0.0,CZK
SO-2023-013377,1,2023-11-21,2023-11-21,CZ-PRG-01,,VM-ACC-0014,1,554.0,0.0,CZK
SO-2023-013378,1,2023-11-21,2023-11-22,CZ-WEB-01,C005671,VM-CMP-0017,1,2518.0,0.1,CZK
SO-2023-013379,1,2023-11-21,2023-11-24,CZ-WEB-01,C000375,VM-APP-0001,1,2317.0,0.0,CZK
SO-2023-013379,2,2023-11-21,2023-11-24,CZ-WEB-01,C000375,VM-NUT-0006,10,50.0,0.0,CZK
SO-2023-013380,1,2023-11-21,2023-11-23,CZ-WEB-01,C004347,VM-ACC-0008,1,2015.0,0.0,CZK
SO-2023-013381,1,2023-11-21,2023-11-22,CZ-WEB-01,C002616,VM-CMP-0013,2,2670.0,0.05,CZK
SO-2023-013382,1,2023-11-21,2023-11-22,CZ-WEB-01,C004604,VM-NUT-0001,10,45.0,0.05,CZK
SO-2023-013383,1,2023-11-21,2023-11-21,DE-BER-01,,VM-EBK-0008,1,3244.28,0.0,EUR
SO-2023-013384,1,2023-11-21,2023-11-24,DE-WEB-01,C005672,VM-NUT-0010,4,7.52,0.0,EUR
SO-2023-013384,2,2023-11-21,2023-11-24,DE-WEB-01,C005672,VM-ACC-0003,2,62.31,0.0,EUR
SO-2023-013384,3,2023-11-21,2023-11-24,DE-WEB-01,C005672,VM-NUT-0009,4,18.26,0.0,EUR
SO-2023-013385,1,2023-11-21,2023-11-25,DE-WEB-01,C005673,VM-NUT-0002,9,3.22,0.0,EUR
SO-2023-013386,1,2023-11-21,2023-11-25,DE-WEB-01,C005674,VM-BIK-0008,1,1140.87,0.0,EUR
SO-2023-013386,2,2023-11-21,2023-11-25,DE-WEB-01,C005674,VM-NUT-0011,4,11.6,0.0,EUR
SO-2023-013387,1,2023-11-22,2023-11-22,PL-WAW-01,C005637,VM-ACC-0003,1,276.94,0.05,PLN
SO-2023-013387,2,2023-11-22,2023-11-22,PL-WAW-01,C005637,VM-ACC-0021,1,744.89,0.05,PLN
SO-2023-013388,1,2023-11-22,2023-11-22,PL-WAW-01,C005422,VM-APP-0002,3,420.19,0.0,PLN
SO-2023-013389,1,2023-11-22,2023-11-22,PL-WAW-01,C002344,VM-APP-0010,2,162.34,0.0,PLN
SO-2023-013390,1,2023-11-22,2023-11-22,PL-WAW-01,C003578,VM-NUT-0006,3,9.54,0.0,PLN
SO-2023-013390,2,2023-11-22,2023-11-22,PL-WAW-01,C003578,VM-BIK-0001,1,13073.94,0.0,PLN
SO-2023-013391,1,2023-11-22,2023-11-22,PL-WAW-01,C005675,VM-BIK-0014,1,3657.64,0.0,PLN
SO-2023-013392,1,2023-11-22,2023-11-22,PL-WAW-01,C000594,VM-ACC-0022,1,1499.34,0.0,PLN
SO-2023-013392,2,2023-11-22,2023-11-22,PL-WAW-01,C000594,VM-APP-0008,1,152.79,0.0,PLN
SO-2023-013392,3,2023-11-22,2023-11-22,PL-WAW-01,C000594,VM-ACC-0001,1,362.89,0.0,PLN
SO-2023-013392,4,2023-11-22,2023-11-22,PL-WAW-01,C000594,VM-CMP-0013,1,506.14,0.0,PLN
SO-2023-013393,1,2023-11-22,2023-11-22,PL-WAW-02,C005676,VM-ACC-0008,1,381.99,0.0,PLN
SO-2023-013393,2,2023-11-22,2023-11-22,PL-WAW-02,C005676,VM-EBK-0003,1,8680.94,0.0,PLN
SO-2023-013394,1,2023-11-22,2023-11-22,PL-WAW-02,C000443,VM-APP-0006,3,296.04,0.0,PLN
SO-2023-013394,2,2023-11-22,2023-11-22,PL-WAW-02,C000443,VM-CMP-0019,2,200.54,0.0,PLN
SO-2023-013394,3,2023-11-22,2023-11-22,PL-WAW-02,C000443, vm-app-0010 ,2,162.34,0.0,PLN
SO-2023-013395,1,2023-11-22,2023-11-22,PL-KRK-01,,VM-CMP-0007,1,601.64,0.0,PLN
SO-2023-013395,2,2023-11-22,2023-11-22,PL-KRK-01,,VM-ACC-0020,1,773.54,0.0,PLN
SO-2023-013396,1,2023-11-22,2023-11-22,PL-WRO-01,,VM-APP-0020,1,171.89,0.0,PLN
SO-2023-013396,2,2023-11-22,2023-11-22,PL-WRO-01,,VM-NUT-0006,10,9.54,0.0,PLN
SO-2023-013397,1,2023-11-22,2023-11-22,PL-WRO-01,C003161,VM-APP-0018,1,124.14,0.05,PLN
SO-2023-013398,1,2023-11-22,2023-11-22,PL-WRO-01,C000251,VM-APP-0005,1,171.89,0.05,PLN
SO-2023-013399,1,2023-11-22,2023-11-22,PL-GDN-01,C005677,VM-ACC-0018,1,47.74,0.0,PLN
SO-2023-013399,2,2023-11-22,2023-11-22,PL-GDN-01,C005677,VM-ACC-0014,1,105.04,0.0,PLN
SO-2023-013399,3,2023-11-22,2023-11-22,PL-GDN-01,C005677,VM-APP-0010,2,162.34,0.0,PLN
SO-2023-013400,1,2023-11-22,2023-11-23,PL-WEB-01,C001250,VM-ACC-0001,2,362.89,0.0,PLN
SO-2023-013401,1,2023-11-22,2023-11-25,PL-WEB-01,C003571,VM-NUT-0011,1,51.56,0.0,PLN
SO-2023-013401,2,2023-11-22,2023-11-25,PL-WEB-01,C003571,VM-APP-0002,2,420.19,0.0,PLN
SO-2023-013402,1,2023-11-22,2023-11-26,PL-WEB-01,C003735,VM-CMP-0006,2,190.99,0.0,PLN
SO-2023-013403,1,2023-11-22,2023-11-26,PL-WEB-01,C005678,VM-CMP-0021,2,45.83,0.0,PLN
SO-2023-013403,2,2023-11-22,2023-11-26,PL-WEB-01,C005678,VM-NUT-0003,10,10.5,0.0,PLN
SO-2023-013403,3,2023-11-22,2023-11-26,PL-WEB-01,C005678,VM-ACC-0002,1,582.54,0.0,PLN
SO-2023-013404,1,2023-11-22,2023-11-24,PL-MKT-01,C005653,VM-APP-0002,3,420.19,0.0,PLN
SO-2023-013405,1,2023-11-22,2023-11-25,PL-MKT-01,C005679,VM-NUT-0009,1,81.17,0.0,PLN
SO-2023-013405,2,2023-11-22,2023-11-25,PL-MKT-01,C005679,VM-APP-0002,3,420.19,0.0,PLN
SO-2023-013405,3,2023-11-22,2023-11-25,PL-MKT-01,C005679,VM-APP-0010,1,162.34,0.0,PLN
SO-2023-013406,1,2023-11-22,2023-11-26,PL-MKT-01,C005238,VM-CMP-0022,3,34.37,0.0,PLN
SO-2023-013407,1,2023-11-22,2023-11-24,PL-MKT-01,C003735,VM-NUT-0010,3,33.42,0.0,PLN
SO-2023-013407,2,2023-11-22,2023-11-24,PL-MKT-01,C003735,VM-NUT-0009,3,81.17,0.0,PLN
SO-2023-013408,1,2023-11-22,2023-11-23,PL-MKT-01,C005680,VM-ACC-0006,2,907.24,0.0,PLN
SO-2023-013409,1,2023-11-22,2023-11-25,PL-MKT-01,C005681,VM-CMP-0007,1,601.64,0.0,PLN
SO-2023-013409,2,2023-11-22,2023-11-25,PL-MKT-01,C005681,VM-ACC-0008,2,381.99,0.0,PLN
SO-2023-013410,1,2023-11-22,2023-11-24,PL-MKT-01,C004368,VM-EBK-0008,1,14420.49,0.0,PLN
SO-2023-013410,2,2023-11-22,2023-11-24,PL-MKT-01,C004368,vm-app-0002,2,420.19,0.0,PLN
SO-2023-013411,1,2023-11-22,2023-11-22,CZ-PRG-01,,VM-NUT-0001,7,45.0,0.0,CZK
SO-2023-013412,1,2023-11-22,2023-11-25,CZ-WEB-01,C005682,VM-CMP-0002,2,2821.0,0.05,CZK
SO-2023-013413,1,2023-11-22,2023-11-25,CZ-WEB-01,C003345,VM-NUT-0001,11,45.0,0.05,CZK
SO-2023-013414,1,2023-11-22,2023-11-23,CZ-WEB-01,C005683,VM-NUT-0007,6,65.0,0.05,CZK
SO-2023-013414,2,2023-11-22,2023-11-23,CZ-WEB-01,C005683,VM-CMP-0018,1,312.0,0.05,CZK
SO-2023-013415,1,2023-11-22,2023-11-23,CZ-WEB-01,C005684,VM-ACC-0008,2,2015.0,0.0,CZK
SO-2023-013416,1,2023-11-22,2023-11-22,DE-BER-01,C002596,VM-ACC-0004,1,167.58,0.0,EUR
SO-2023-013417,1,2023-11-22,2023-11-24,DE-WEB-01,C000705,VM-APP-0002,1,94.53,0.05,EUR
SO-2023-013418,1,2023-11-23,2023-11-23,PL-WAW-01,C005685,VM-APP-0018,2,124.14,0.05,PLN
SO-2023-013418,2,2023-11-23,2023-11-23,PL-WAW-01,C005685,VM-APP-0002,2,420.19,0.0,PLN
SO-2023-013419,1,2023-11-23,2023-11-23,PL-WAW-01,,VM-APP-0001,3,439.29,0.0,PLN
SO-2023-013420,1,2023-11-23,2023-11-23,PL-WAW-01,C004254,VM-NUT-0004,15,6.68,0.0,PLN
SO-2023-013421,1,2023-11-23,2023-11-23,PL-WAW-01,C005686,VM-BIK-0009,1,5386.19,0.0,PLN
SO-2023-013421,2,2023-11-23,2023-11-23,PL-WAW-01,C005686,vm-acc-0014,1,105.04,0.05,PLN
SO-2023-013422,1,2023-11-23,2023-11-23,PL-WAW-02,C005687,VM-BIK-0004,1,4077.84,0.05,PLN
SO-2023-013423,1,2023-11-23,2023-11-23,PL-KRK-01,C004934,VM-APP-0015,1,544.34,0.05,PLN
SO-2023-013424,1,2023-11-23,2023-11-23,PL-KRK-01,C002737,VM-ACC-0008,2,381.99,0.0,PLN
SO-2023-013424,2,2023-11-23,2023-11-23,PL-KRK-01,C002737,VM-APP-0002,1,420.19,0.0,PLN
SO-2023-013425,1,2023-11-23,2023-11-23,PL-KRK-01,C000386,VM-APP-0007,1,152.79,0.0,PLN
SO-2023-013425,2,2023-11-23,2023-11-23,PL-KRK-01,C000386,VM-CMP-0020,1,248.29,0.0,PLN
SO-2023-013425,3,2023-11-23,2023-11-23,PL-KRK-01,C000386,VM-APP-0001,2,439.29,0.0,PLN
SO-2023-013426,1,2023-11-23,2023-11-23,PL-WRO-01,C003701,VM-BIK-0004,1,4077.84,0.0,PLN
SO-2023-013426,2,2023-11-23,2023-11-23,PL-WRO-01,C003701,VM-NUT-0006,11,9.54,0.0,PLN
SO-2023-013427,1,2023-11-23,2023-11-23,PL-GDN-01,C005035,VM-EBK-0001,1,7324.84,0.0,PLN
SO-2023-013427,2,2023-11-23,2023-11-23,PL-GDN-01,C005035,VM-ACC-0008,1,381.99,0.0,PLN
SO-2023-013428,1,2023-11-23,2023-11-23,PL-GDN-01,C005688,VM-APP-0006,1,296.04,0.0,PLN
SO-2023-013428,2,2023-11-23,2023-11-23,PL-GDN-01,C005688,VM-ACC-0008,1,381.99,0.0,PLN
SO-2023-013429,1,2023-11-23,2023-11-23,PL-POZ-01,,VM-CMP-0006,1,190.99,0.0,PLN
SO-2023-013430,1,2023-11-23,2023-11-23,PL-POZ-01,C001935, VM-CMP-0013 ,2,506.14,0.0,PLN
SO-2023-013431,1,2023-11-23,2023-11-23,PL-POZ-01,C004345,VM-BIK-0004,1,4077.84,0.0,PLN
SO-2023-013432,1,2023-11-23,2023-11-25,PL-WEB-01,C005689,VM-APP-0002,1,420.19,0.0,PLN
SO-2023-013432,2,2023-11-23,2023-11-25,PL-WEB-01,C005689,VM-CMP-0019,1,200.54,0.0,PLN
SO-2023-013433,1,2023-11-23,2023-11-26,PL-WEB-01,C005690,VM-ACC-0023,1,888.14,0.05,PLN
SO-2023-013434,1,2023-11-23,2023-11-27,PL-WEB-01,C000990,VM-EBK-0003,1,8680.94,0.0,PLN
SO-2023-013434,2,2023-11-23,2023-11-27,PL-WEB-01,C000990,VM-ACC-0008,2,381.99,0.0,PLN
SO-2023-013434,3,2023-11-23,2023-11-27,PL-WEB-01,C000990,VM-ACC-0007,1,343.79,0.0,PLN
SO-2023-013435,1,2023-11-23,2023-11-24,PL-WEB-01,C005691,VM-BIK-0004,1,4077.84,0.0,PLN
SO-2023-013435,2,2023-11-23,2023-11-24,PL-WEB-01,C005691,VM-ACC-0008,1,381.99,0.0,PLN
SO-2023-013436,1,2023-11-23,2023-11-24,PL-WEB-01,C005676,VM-CMP-0006,2,190.99,0.0,PLN
SO-2023-013436,2,2023-11-23,2023-11-24,PL-WEB-01,C005676,VM-APP-0017,1,181.44,0.0,PLN
SO-2023-013436,3,2023-11-23,2023-11-24,PL-WEB-01,C005676,VM-ACC-0008,1,381.99,0.0,PLN
SO-2023-013437,1,2023-11-23,2023-11-26,PL-WEB-01,C005190,VM-ACC-0008,4,381.99,0.08,PLN
SO-2023-013438,1,2023-11-23,2023-11-26,PL-WEB-01,C005184,VM-BIK-0020,1,1155.54,0.0,PLN
SO-2023-013438,2,2023-11-23,2023-11-26,PL-WEB-01,C005184,VM-APP-0020,1,171.89,0.0,PLN
SO-2023-013438,3,2023-11-23,2023-11-26,PL-WEB-01,C005184,VM-ACC-0009,1,381.99,0.0,PLN
SO-2023-013438,4,2023-11-23,2023-11-26,PL-WEB-01,C005184,VM-NUT-0011,3,51.56,0.0,PLN
SO-2023-013439,1,2023-11-23,2023-11-24,PL-WEB-01,C003531,VM-CMP-0023,3,56.34,0.05,PLN
SO-2023-013439,2,2023-11-23,2023-11-24,PL-WEB-01,C003531,VM-ACC-0008,2,381.99,0.05,PLN
SO-2023-013440,1,2023-11-23,2023-11-24,PL-WEB-01,C005692,VM-ACC-0008,1,381.99,0.0,PLN
SO-2023-013440,2,2023-11-23,2023-11-24,PL-WEB-01,C005692,VM-APP-0014,1,467.94,0.0,PLN
SO-2023-013441,1,2023-11-23,2023-11-26,PL-WEB-01,C005693, VM-NUT-0009 ,1,81.17,0.0,PLN
SO-2023-013441,2,2023-11-23,2023-11-26,PL-WEB-01,C005693,VM-BIK-0011,1,8260.74,0.0,PLN
SO-2023-013442,1,2023-11-23,2023-11-27,PL-WEB-01,C005694,VM-NUT-0003,14,10.5,0.0,PLN
SO-2023-013442,2,2023-11-23,2023-11-27,PL-WEB-01,C005694,VM-NUT-0010,1,33.42,0.0,PLN
SO-2023-013442,3,2023-11-23,2023-11-27,PL-WEB-01,C005694,VM-ACC-0013,1,162.34,0.0,PLN
SO-2023-013442,4,2023-11-23,2023-11-27,PL-WEB-01,C005694,VM-CMP-0013,1,506.14,0.0,PLN
SO-2023-013443,1,2023-11-23,2023-11-24,PL-WEB-01,C001721,VM-ACC-0015,1,334.24,0.0,PLN
SO-2023-013444,1,2023-11-23,2023-11-26,PL-WEB-01,C005695,VM-APP-0013,1,420.19,0.0,PLN
SO-2023-013445,1,2023-11-23,2023-11-26,PL-WEB-01,C005696,VM-BIK-0007,1,6732.74,0.0,PLN
SO-2023-013445,2,2023-11-23,2023-11-26,PL-WEB-01,C005696,VM-ACC-0006,2,907.24,0.0,PLN
SO-2023-013445,3,2023-11-23,2023-11-26,PL-WEB-01,C005696,VM-ACC-0007,1,343.79,0.0,PLN
SO-2023-013446,1,2023-11-23,2023-11-27,PL-MKT-01,C005697,VM-ACC-0018,1,47.74,0.0,PLN
SO-2023-013446,2,2023-11-23,2023-11-27,PL-MKT-01,C005697,VM-APP-0010,1,162.34,0.0,PLN
SO-2023-013447,1,2023-11-23,2023-11-27,PL-MKT-01,C005009,VM-EBK-0009,1,9464.04,0.0,PLN
SO-2023-013447,2,2023-11-23,2023-11-27,PL-MKT-01,C005009,VM-ACC-0019,2,47.74,0.0,PLN
SO-2023-013448,1,2023-11-23,2023-11-27,PL-MKT-01,C005698, VM-APP-0006 ,1,296.04,0.0,PLN
SO-2023-013448,2,2023-11-23,2023-11-27,PL-MKT-01,C005698,VM-CMP-0013,1,506.14,0.0,PLN
SO-2023-013449,1,2023-11-23,2023-11-23,CZ-PRG-01,,VM-BIK-0013,1,24177.0,0.0,CZK
SO-2023-013449,2,2023-11-23,2023-11-23,CZ-PRG-01,,VM-ACC-0007,1,1813.0,0.0,CZK
SO-2023-013449,3,2023-11-23,2023-11-23,CZ-PRG-01,,VM-NUT-0010,3,176.0,0.0,CZK
SO-2023-013450,1,2023-11-23,2023-11-23,CZ-PRG-01,C005699,VM-APP-0020,2,907.0,0.0,CZK
SO-2023-013450,2,2023-11-23,2023-11-23,CZ-PRG-01,C005699,VM-APP-0013,1,2216.0,0.0,CZK
SO-2023-013451,1,2023-11-23,2023-11-27,CZ-WEB-01,C003347,VM-ACC-0012,1,363.0,0.0,CZK
SO-2023-013451,2,2023-11-23,2023-11-27,CZ-WEB-01,C003347,VM-ACC-0008,1,2015.0,0.0,CZK
SO-2023-013452,1,2023-11-23,2023-11-27,CZ-WEB-01,C004894,VM-ACC-0011,1,363.0,0.0,CZK
SO-2023-013452,2,2023-11-23,2023-11-27,CZ-WEB-01,C004894,VM-NUT-0010,2,176.0,0.1,CZK
SO-2023-013452,3,2023-11-23,2023-11-27,CZ-WEB-01,C004894,VM-ACC-0013,1,856.0,0.0,CZK
SO-2023-013453,1,2023-11-23,2023-11-27,CZ-WEB-01,C003315,VM-CMP-0009,1,1763.0,0.0,CZK
SO-2023-013454,1,2023-11-23,2023-11-26,CZ-WEB-01,C005373,VM-NUT-0010,4,176.0,0.05,CZK
SO-2023-013454,2,2023-11-23,2023-11-26,CZ-WEB-01,C005373,VM-APP-0019,1,332.0,0.05,CZK
SO-2023-013455,1,2023-11-23,2023-11-24,CZ-WEB-01,C004626,VM-ACC-0003,5,1461.0,0.1,CZK
SO-2023-013456,1,2023-11-23,2023-11-23,DE-BER-01,,VM-CMP-0001,1,85.94,0.0,EUR
SO-2023-013457,1,2023-11-23,2023-11-25,DE-WEB-01,C005700,VM-APP-0013,1,94.53,0.0,EUR
SO-2023-013457,2,2023-11-23,2023-11-25,DE-WEB-01,C005700,VM-EBK-0010,1,2898.36,0.0,EUR
SO-2023-013458,1,2023-11-23,2023-11-25,DE-WEB-01,C005701,VM-APP-0002,2,94.53,0.05,EUR
SO-2023-013458,2,2023-11-23,2023-11-25,DE-WEB-01,C005701,VM-APP-0007,2,34.37,0.05,EUR
SO-2023-013459,1,2023-11-23,2023-11-27,DE-WEB-01,C000660,VM-EBK-0002,1,2137.78,0.0,EUR
SO-2023-013460,1,2023-11-23,2023-11-25,DE-WEB-01,C005574,VM-APP-0018,1,27.93,0.1,EUR
SO-2023-013461,1,2023-11-23,2023-11-26,DE-WEB-01,C005702,VM-CMP-0013,1,113.87,0.0,EUR
SO-2023-013462,1,2023-11-23,2023-11-25,DE-WEB-01,C005703,VM-ACC-0013,1,36.52,0.0,EUR
SO-2023-013463,1,2023-11-24,2023-11-24,PL-WAW-01,C003908,VM-ACC-0020,1,773.54,0.15,PLN
SO-2023-013464,1,2023-11-24,2023-11-24,PL-WAW-01,C005704, VM-ACC-0008 ,2,381.99,0.15,PLN
SO-2023-013464,2,2023-11-24,2023-11-24,PL-WAW-01,C005704,VM-NUT-0001,8,8.59,0.15,PLN
SO-2023-013465,1,2023-11-24,2023-11-24,PL-WAW-01,C005705,VM-APP-0009,2,334.24,0.15,PLN
SO-2023-013465,2,2023-11-24,2023-11-24,PL-WAW-01,C005705,VM-APP-0008,1,152.79,0.15,PLN
SO-2023-013466,1,2023-11-24,2023-11-24,PL-WAW-01,C000005,VM-NUT-0002,15,14.32,0.15,PLN
SO-2023-013466,2,2023-11-24,2023-11-24,PL-WAW-01,C000005,VM-CMP-0010,1,372.44,0.15,PLN
SO-2023-013467,1,2023-11-24,2023-11-24,PL-WAW-01,,VM-ACC-0008,1,381.99,0.15,PLN
SO-2023-013468,1,2023-11-24,2023-11-24,PL-WAW-01,C003735,VM-BIK-0012,1,11278.54,0.15,PLN
SO-2023-013468,2,2023-11-24,2023-11-24,PL-WAW-01,C003735,VM-ACC-0018,1,47.74,0.15,PLN
SO-2023-013468,3,2023-11-24,2023-11-24,PL-WAW-01,C003735,VM-ACC-0008,1,381.99,0.15,PLN
SO-2023-013468,4,2023-11-24,2023-11-24,PL-WAW-01,C003735,VM-ACC-0013,1,162.34,0.15,PLN
SO-2023-013469,1,2023-11-24,2023-11-24,PL-WAW-01,C005706,VM-NUT-0007,11,12.41,0.15,PLN
SO-2023-013470,1,2023-11-24,2023-11-24,PL-WAW-02,C005707,VM-NUT-0006,9,9.54,0.15,PLN
SO-2023-013470,2,2023-11-24,2023-11-24,PL-WAW-02,C005707,VM-CMP-0017,1,477.49,0.15,PLN
SO-2023-013471,1,2023-11-24,2023-11-24,PL-WAW-02,C005708,VM-ACC-0008,2,381.99,0.15,PLN
SO-2023-013471,2,2023-11-24,2023-11-24,PL-WAW-02,C005708,VM-NUT-0002,6,14.32,0.15,PLN
SO-2023-013472,1,2023-11-24,2023-11-24,PL-WAW-02,C005709,VM-BIK-0004,1,4077.84,0.15,PLN
SO-2023-013473,1,2023-11-24,2023-11-24,PL-WAW-02,C003074,VM-ACC-0008,1,381.99,0.15,PLN
SO-2023-013474,1,2023-11-24,2023-11-24,PL-WAW-02,,VM-NUT-0004,3,6.68,0.15,PLN
SO-2023-013474,2,2023-11-24,2023-11-24,PL-WAW-02,,VM-APP-0001,1,439.29,0.15,PLN
SO-2023-013475,1,2023-11-24,2023-11-24,PL-WAW-02,C005111,VM-ACC-0004,2,744.89,0.15,PLN
SO-2023-013475,2,2023-11-24,2023-11-24,PL-WAW-02,C005111,VM-CMP-0018,3,59.2,0.15,PLN
SO-2023-013475,3,2023-11-24,2023-11-24,PL-WAW-02,C005111,VM-APP-0016,1,582.54,0.15,PLN
SO-2023-013476,1,2023-11-24,2023-11-24,PL-KRK-01,C003955,VM-BIK-0004,4,4077.84,0.15,PLN
SO-2023-013477,1,2023-11-24,2023-11-24,PL-KRK-01,C005434,VM-ACC-0004,1,744.89,0.15,PLN
SO-2023-013477,2,2023-11-24,2023-11-24,PL-KRK-01,C005434,VM-APP-0002,2,420.19,0.15,PLN
SO-2023-013478,1,2023-11-24,2023-11-24,PL-KRK-01,C005710,VM-APP-0005,3,171.89,0.15,PLN
SO-2023-013478,2,2023-11-24,2023-11-24,PL-KRK-01,C005710,VM-BIK-0002,1,9196.64,0.15,PLN
SO-2023-013478,3,2023-11-24,2023-11-24,PL-KRK-01,C005710,VM-APP-0008,2,152.79,0.15,PLN
SO-2023-013479,1,2023-11-24,2023-11-24,PL-KRK-01,C005711,VM-CMP-0018,3,59.2,0.15,PLN
SO-2023-013480,1,2023-11-24,2023-11-24,PL-KRK-01,C004325,VM-ACC-0007,2,343.79,0.15,PLN
SO-2023-013480,2,2023-11-24,2023-11-24,PL-KRK-01,C004325,VM-NUT-0005,5,8.59,0.15,PLN
SO-2023-013481,1,2023-11-24,2023-11-24,PL-KRK-01,C005712,VM-ACC-0008,2,381.99,0.15,PLN
SO-2023-013482,1,2023-11-24,2023-11-24,PL-KRK-01,,VM-CMP-0023,2,56.34,0.15,PLN
SO-2023-013482,2,2023-11-24,2023-11-24,PL-KRK-01,,VM-NUT-0001,6,8.59,0.15,PLN
SO-2023-013482,3,2023-11-24,2023-11-24,PL-KRK-01,,VM-ACC-0007,1,343.79,0.15,PLN
SO-2023-013482,4,2023-11-24,2023-11-24,PL-KRK-01,,VM-BIK-0009,1,5386.19,0.15,PLN
SO-2023-013483,1,2023-11-24,2023-11-24,PL-KRK-01,C005713,VM-APP-0006,1,296.04,0.15,PLN
SO-2023-013484,1,2023-11-24,2023-11-24,PL-WRO-01,C004067,VM-BIK-0016,1,3428.44,0.15,PLN
SO-2023-013484,2,2023-11-24,2023-11-24,PL-WRO-01,C004067,VM-APP-0011,1,391.54,0.15,PLN
SO-2023-013484,3,2023-11-24,2023-11-24,PL-WRO-01,C004067,VM-ACC-0008,1,381.99,0.15,PLN
SO-2023-013485,1,2023-11-24,2023-11-24,PL-WRO-01,C004087,VM-NUT-0001,9,8.59,0.15,PLN
SO-2023-013485,2,2023-11-24,2023-11-24,PL-WRO-01,C004087,VM-NUT-0003,10,10.5,0.15,PLN
SO-2023-013486,1,2023-11-24,2023-11-24,PL-WRO-01,,VM-NUT-0011,1,51.56,0.15,PLN
SO-2023-013486,2,2023-11-24,2023-11-24,PL-WRO-01,,VM-ACC-0001,1,362.89,0.15,PLN
SO-2023-013487,1,2023-11-24,2023-11-24,PL-WRO-01,,VM-APP-0010,1,162.34,0.15,PLN
SO-2023-013487,2,2023-11-24,2023-11-24,PL-WRO-01,,VM-ACC-0014,1,105.04,0.15,PLN
SO-2023-013487,3,2023-11-24,2023-11-24,PL-WRO-01,,VM-NUT-0004,10,6.68,0.15,PLN
SO-2023-013488,1,2023-11-24,2023-11-24,PL-GDN-01,C003545,VM-APP-0007,2,152.79,0.15,PLN
SO-2023-013488,2,2023-11-24,2023-11-24,PL-GDN-01,C003545,VM-APP-0008,2,152.79,0.15,PLN
SO-2023-013488,3,2023-11-24,2023-11-24,PL-GDN-01,C003545,VM-APP-0013,1,420.19,0.15,PLN
SO-2023-013488,4,2023-11-24,2023-11-24,PL-GDN-01,C003545,VM-NUT-0004,15,6.68,0.15,PLN
SO-2023-013489,1,2023-11-24,2023-11-24,PL-GDN-01,C005714,VM-CMP-0006,2,190.99,0.15,PLN
SO-2023-013489,2,2023-11-24,2023-11-24,PL-GDN-01,C005714,VM-APP-0002,2,420.19,0.15,PLN
SO-2023-013490,1,2023-11-24,2023-11-24,PL-GDN-01,C000943,VM-BIK-0017,3,1824.04,0.15,PLN
SO-2023-013491,1,2023-11-24,2023-11-24,PL-GDN-01,,VM-ACC-0011,2,68.75,0.15,PLN
SO-2023-013491,2,2023-11-24,2023-11-24,PL-GDN-01,,VM-NUT-0006,12,9.54,0.15,PLN
SO-2023-013492,1,2023-11-24,2023-11-24,PL-POZ-01,C004443,VM-BIK-0006,1,6293.44,0.15,PLN
SO-2023-013492,2,2023-11-24,2023-11-24,PL-POZ-01,C004443,VM-ACC-0019,1,47.74,0.15,PLN
SO-2023-013492,3,2023-11-24,2023-11-24,PL-POZ-01,C004443,VM-NUT-0007,7,12.41,0.15,PLN
SO-2023-013493,1,2023-11-24,2023-11-24,PL-POZ-01,,VM-APP-0006,2,296.04,0.15,PLN
SO-2023-013493,2,2023-11-24,2023-11-24,PL-POZ-01,,VM-NUT-0002,9,14.32,0.15,PLN
SO-2023-013493,3,2023-11-24,2023-11-24,PL-POZ-01,,VM-CMP-0019,2,200.54,0.15,PLN
SO-2023-013494,1,2023-11-24,2023-11-24,PL-POZ-01,,VM-ACC-0008,2,381.99,0.15,PLN
SO-2023-013495,1,2023-11-24,2023-11-24,PL-POZ-01,C001637,VM-CMP-0006,2,190.99,0.15,PLN
SO-2023-013495,2,2023-11-24,2023-11-24,PL-POZ-01,C001637,VM-NUT-0005,4,8.59,0.15,PLN
SO-2023-013496,1,2023-11-24,2023-11-26,PL-WEB-01,C005715,VM-NUT-0004,10,6.68,0.15,PLN
SO-2023-013497,1,2023-11-24,2023-11-25,PL-WEB-01,C003461,VM-APP-0002,2,420.19,0.15,PLN
SO-2023-013498,1,2023-11-24,2023-11-27,PL-WEB-01,C000617,VM-ACC-0008,1,381.99,0.15,PLN
SO-2023-013499,1,2023-11-24,2023-11-28,PL-WEB-01,C004617,VM-ACC-0007,2,343.79,0.3,PLN
SO-2023-013499,2,2023-11-24,2023-11-28,PL-WEB-01,C004617,VM-EBK-0011,1,13981.19,0.25,PLN
SO-2023-013500,1,2023-11-24,2023-11-26,PL-WEB-01,C005716,VM-APP-0012,1,830.84,0.2,PLN
SO-2023-013501,1,2023-11-24,2023-11-28,PL-WEB-01,C002367,VM-ACC-0018,3,47.74,0.2,PLN
SO-2023-013501,2,2023-11-24,2023-11-28,PL-WEB-01,C002367,VM-APP-0012,1,830.84,0.15,PLN
SO-2023-013501,3,2023-11-24,2023-11-28,PL-WEB-01,C002367,VM-CMP-0013,2,506.14,0.2,PLN
SO-2023-013501,4,2023-11-24,2023-11-28,PL-WEB-01,C002367,VM-APP-0015,1,544.34,0.2,PLN
SO-2023-013502,1,2023-11-24,2023-11-27,PL-WEB-01,C001496,VM-APP-0001,2,439.29,0.3,PLN
SO-2023-013503,1,2023-11-24,2023-11-26,PL-WEB-01,C005717,VM-ACC-0014,1,105.04,0.15,PLN
SO-2023-013503,2,2023-11-24,2023-11-26,PL-WEB-01,C005717,VM-CMP-0010,1,372.44,0.2,PLN
SO-2023-013503,3,2023-11-24,2023-11-26,PL-WEB-01,C005717,VM-CMP-0006,2,190.99,0.2,PLN
SO-2023-013504,1,2023-11-24,2023-11-28,PL-WEB-01,C005319,VM-ACC-0019,2,47.74,0.3,PLN
SO-2023-013504,2,2023-11-24,2023-11-28,PL-WEB-01,C005319,VM-NUT-0004,9,6.68,0.3,PLN
SO-2023-013505,1,2023-11-24,2023-11-28,PL-WEB-01,C001782,VM-ACC-0018,2,47.74,0.15,PLN
SO-2023-013506,1,2023-11-24,2023-11-25,PL-WEB-01,C005576,VM-CMP-0021,4,45.83,0.15,PLN
SO-2023-013507,1,2023-11-24,2023-11-26,PL-WEB-01,C003325,VM-NUT-0003,7,10.5,0.2,PLN
SO-2023-013508,1,2023-11-24,2023-11-25,PL-WEB-01,C005718,VM-APP-0013,1,420.19,0.25,PLN
SO-2023-013508,2,2023-11-24,2023-11-25,PL-WEB-01,C005718,VM-ACC-0018,2,47.74,0.3,PLN
SO-2023-013509,1,2023-11-24,2023-11-25,PL-WEB-01,C005526,VM-ACC-0008,1,381.99,0.3,PLN
SO-2023-013510,1,2023-11-24,2023-11-27,PL-WEB-01,C005474,VM-NUT-0006,8,9.54,0.25,PLN
SO-2023-013511,1,2023-11-24,2023-11-28,PL-WEB-01,C004357,VM-CMP-0002,1,534.79,0.2,PLN
SO-2023-013512,1,2023-11-24,2023-11-27,PL-WEB-01,C005719,VM-NUT-0007,11,12.41,0.25,PLN
SO-2023-013512,2,2023-11-24,2023-11-27,PL-WEB-01,C005719,VM-ACC-0004,1,744.89,0.2,PLN
SO-2023-013512,3,2023-11-24,2023-11-27,PL-WEB-01,C005719,VM-BIK-0019,1,1155.54,0.15,PLN
SO-2023-013512,4,2023-11-24,2023-11-27,PL-WEB-01,C005719,VM-ACC-0018,1,47.74,0.25,PLN
SO-2023-013513,1,2023-11-24,2023-11-28,PL-WEB-01,C005720,VM-NUT-0005,6,8.59,0.25,PLN
SO-2023-013514,1,2023-11-24,2023-11-25,PL-WEB-01,C005721,VM-CMP-0017,1,477.49,0.15,PLN
SO-2023-013514,2,2023-11-24,2023-11-25,PL-WEB-01,C005721,VM-APP-0001,1,439.29,0.3,PLN
SO-2023-013514,3,2023-11-24,2023-11-25,PL-WEB-01,C005721, VM-APP-0010 ,2,162.34,0.3,PLN
SO-2023-013515,1,2023-11-24,2023-11-28,PL-WEB-01,C001461,VM-ACC-0008,1,381.99,0.2,PLN
SO-2023-013516,1,2023-11-24,2023-11-26,PL-MKT-01,C005722,VM-APP-0008,1,152.79,0.2,PLN
SO-2023-013517,1,2023-11-24,2023-11-26,PL-MKT-01,C005723,VM-APP-0001,3,439.29,0.2,PLN
SO-2023-013518,1,2023-11-24,2023-11-26,PL-MKT-01,C004619,VM-EBK-0009,1,9464.04,0.2,PLN
SO-2023-013518,2,2023-11-24,2023-11-26,PL-MKT-01,C004619,VM-ACC-0008,2,381.99,0.25,PLN
SO-2023-013518,3,2023-11-24,2023-11-26,PL-MKT-01,C004619,VM-ACC-0017,1,55.38,0.15,PLN
SO-2023-013519,1,2023-11-24,2023-11-27,PL-MKT-01,C005724,VM-EBK-0003,1,8680.94,0.2,PLN
SO-2023-013520,1,2023-11-24,2023-11-28,PL-MKT-01,C004576,VM-APP-0015,1,544.34,0.3,PLN
SO-2023-013520,2,2023-11-24,2023-11-28,PL-MKT-01,C004576,VM-ACC-0010,2,238.74,0.25,PLN
SO-2023-013521,1,2023-11-24,2023-11-28,PL-MKT-01,C004793,VM-BIK-0008,1,5071.04,0.2,PLN
SO-2023-013521,2,2023-11-24,2023-11-28,PL-MKT-01,C004793,VM-APP-0012,1,830.84,0.25,PLN
SO-2023-013522,1,2023-11-24,2023-11-26,PL-MKT-01,C005725,VM-APP-0012,1,830.84,0.15,PLN
SO-2023-013523,1,2023-11-24,2023-11-26,PL-MKT-01,C004985,VM-APP-0013,4,420.19,0.25,PLN
SO-2023-013523,2,2023-11-24,2023-11-26,PL-MKT-01,C004985,VM-ACC-0022,4,1499.34,0.25,PLN
SO-2023-013524,1,2023-11-24,2023-11-27,PL-MKT-01,C005726,VM-ACC-0008,2,381.99,0.25,PLN
SO-2023-013524,2,2023-11-24,2023-11-27,PL-MKT-01,C005726, VM-EBK-0008 ,1,14420.49,0.25,PLN
SO-2023-013524,3,2023-11-24,2023-11-27,PL-MKT-01,C005726,VM-CMP-0015,2,878.59,0.3,PLN
SO-2023-013525,1,2023-11-24,2023-11-26,PL-MKT-01,C004490,VM-BIK-0018,1,2291.99,0.25,PLN
SO-2023-013525,2,2023-11-24,2023-11-26,PL-MKT-01,C004490,VM-ACC-0008,1,381.99,0.15,PLN
SO-2023-013525,3,2023-11-24,2023-11-26,PL-MKT-01,C004490,VM-BIK-0009,1,5386.19,0.3,PLN
SO-2023-013526,1,2023-11-24,2023-11-25,PL-MKT-01,C005095,VM-APP-0020,4,171.89,0.2,PLN
SO-2023-013526,2,2023-11-24,2023-11-25,PL-MKT-01,C005095,VM-CMP-0018,8,59.2,0.25,PLN
SO-2023-013527,1,2023-11-24,2023-11-28,PL-MKT-01,C005727,VM-ACC-0008,1,381.99,0.3,PLN
SO-2023-013527,2,2023-11-24,2023-11-28,PL-MKT-01,C005727,VM-APP-0017,2,181.44,0.15,PLN
SO-2023-013528,1,2023-11-24,2023-11-25,PL-MKT-01,C005728,VM-ACC-0021,1,744.89,0.3,PLN
SO-2023-013529,1,2023-11-24,2023-11-25,PL-MKT-01,C004573,VM-ACC-0011,1,68.75,0.15,PLN
SO-2023-013530,1,2023-11-24,2023-11-27,PL-MKT-01,C000983,VM-ACC-0003,1,276.94,0.3,PLN
SO-2023-013531,1,2023-11-24,2023-11-26,PL-MKT-01,C002030,VM-ACC-0008,2,381.99,0.2,PLN
SO-2023-013531,2,2023-11-24,2023-11-26,PL-MKT-01,C002030,VM-BIK-0012,1,11278.54,0.15,PLN
SO-2023-013531,3,2023-11-24,2023-11-26,PL-MKT-01,C002030,VM-APP-0001,3,439.29,0.15,PLN
SO-2023-013532,1,2023-11-24,2023-11-25,PL-MKT-01,C005729,VM-APP-0003,1,296.04,0.15,PLN
SO-2023-013532,2,2023-11-24,2023-11-25,PL-MKT-01,C005729,VM-CMP-0015,1,878.59,0.3,PLN
SO-2023-013533,1,2023-11-24,2023-11-24,CZ-PRG-01,C005730,VM-APP-0014,1,2468.0,0.15,CZK
SO-2023-013533,2,2023-11-24,2023-11-24,CZ-PRG-01,C005730,VM-APP-0008,1,806.0,0.15,CZK
SO-2023-013533,3,2023-11-24,2023-11-24,CZ-PRG-01,C005730,VM-ACC-0005,2,907.0,0.15,CZK
SO-2023-013533,4,2023-11-24,2023-11-24,CZ-PRG-01,C005730,VM-ACC-0008,2,2015.0,0.15,CZK
SO-2023-013534,1,2023-11-24,2023-11-24,CZ-PRG-01,C005731,VM-NUT-0004,11,35.0,0.15,CZK
SO-2023-013535,1,2023-11-24,2023-11-24,CZ-PRG-01,C005732,VM-NUT-0003,10,55.0,0.15,CZK
SO-2023-013536,1,2023-11-24,2023-11-24,CZ-PRG-01,C005733,VM-CMP-0015,2,4634.0,0.15,CZK
SO-2023-013537,1,2023-11-24,2023-11-24,CZ-PRG-01,C005734,VM-APP-0001,3,2317.0,0.15,CZK
SO-2023-013537,2,2023-11-24,2023-11-24,CZ-PRG-01,C005734,VM-ACC-0017,1,292.0,0.15,CZK
SO-2023-013537,3,2023-11-24,2023-11-24,CZ-PRG-01,C005734,VM-BIK-0016,1,18082.0,0.15,CZK
SO-2023-013537,4,2023-11-24,2023-11-24,CZ-PRG-01,C005734,VM-ACC-0023,1,4684.0,0.15,CZK
SO-2023-013538,1,2023-11-24,2023-11-24,CZ-PRG-01,C004313,VM-APP-0008,5,806.0,0.15,CZK
SO-2023-013539,1,2023-11-24,2023-11-24,CZ-PRG-01,,VM-EBK-0008,1,76057.0,0.15,CZK
SO-2023-013539,2,2023-11-24,2023-11-24,CZ-PRG-01,,VM-ACC-0010,2,1259.0,0.15,CZK
SO-2023-013540,1,2023-11-24,2023-11-25,CZ-WEB-01,C005735,VM-CMP-0017,1,2518.0,0.15,CZK
SO-2023-013540,2,2023-11-24,2023-11-25,CZ-WEB-01,C005735,VM-APP-0013,1,2216.0,0.3,CZK
SO-2023-013540,3,2023-11-24,2023-11-25,CZ-WEB-01,C005735,VM-NUT-0004,9,35.0,0.2,CZK
SO-2023-013541,1,2023-11-24,2023-11-26,CZ-WEB-01,C005736,VM-NUT-0010,4,176.0,0.2,CZK
SO-2023-013542,1,2023-11-24,2023-11-28,CZ-WEB-01,C004804,VM-EBK-0007,1,74043.0,0.3,CZK
SO-2023-013543,1,2023-11-24,2023-11-25,CZ-WEB-01,C005737,VM-APP-0013,1,2216.0,0.2,CZK
SO-2023-013543,2,2023-11-24,2023-11-25,CZ-WEB-01,C005737,VM-ACC-0013,1,856.0,0.2,CZK
SO-2023-013544,1,2023-11-24,2023-11-25,CZ-WEB-01,C004220,VM-ACC-0008,1,2015.0,0.2,CZK
SO-2023-013545,1,2023-11-24,2023-11-28,CZ-WEB-01,C003446,VM-APP-0002,3,2216.0,0.2,CZK
SO-2023-013546,1,2023-11-24,2023-11-27,CZ-WEB-01,C001390,VM-NUT-0004,6,35.0,0.15,CZK
SO-2023-013547,1,2023-11-24,2023-11-26,CZ-WEB-01,C005738,VM-ACC-0021,1,3929.0,0.3,CZK
SO-2023-013547,2,2023-11-24,2023-11-26,CZ-WEB-01,C005738,VM-BIK-0005,1,37324.0,0.3,CZK
SO-2023-013548,1,2023-11-24,2023-11-26,CZ-WEB-01,C005739,VM-EBK-0001,1,38633.0,0.15,CZK
SO-2023-013548,2,2023-11-24,2023-11-26,CZ-WEB-01,C005739,VM-ACC-0014,1,554.0,0.15,CZK
SO-2023-013548,3,2023-11-24,2023-11-26,CZ-WEB-01,C005739,VM-BIK-0018,1,12089.0,0.15,CZK
SO-2023-013549,1,2023-11-24,2023-11-28,CZ-WEB-01,C003590,VM-CMP-0013,1,2670.0,0.15,CZK
SO-2023-013550,1,2023-11-24,2023-11-24,DE-BER-01,C004245,VM-ACC-0011,2,15.47,0.15,EUR
SO-2023-013550,2,2023-11-24,2023-11-24,DE-BER-01,C004245,VM-NUT-0004,8,1.5,0.15,EUR
SO-2023-013551,1,2023-11-24,2023-11-24,DE-BER-01,C003690,VM-ACC-0006,2,204.11,0.15,EUR
SO-2023-013551,2,2023-11-24,2023-11-24,DE-BER-01,C003690,VM-BIK-0018,1,515.64,0.15,EUR
SO-2023-013552,1,2023-11-24,2023-11-24,DE-BER-01,C001028,VM-APP-0016,1,131.06,0.15,EUR
SO-2023-013553,1,2023-11-24,2023-11-24,DE-BER-01,C005740,VM-BIK-0021,1,268.56,0.15,EUR
SO-2023-013554,1,2023-11-24,2023-11-24,DE-BER-01,C005042,VM-ACC-0014,1,23.63,0.15,EUR
SO-2023-013554,2,2023-11-24,2023-11-24,DE-BER-01,C005042,VM-NUT-0001,9,1.93,0.15,EUR
SO-2023-013555,1,2023-11-24,2023-11-24,DE-BER-01,C005741,VM-APP-0010,1,36.52,0.15,EUR
SO-2023-013556,1,2023-11-24,2023-11-25,DE-WEB-01,C005742,VM-CMP-0013,2,113.87,0.3,EUR
SO-2023-013557,1,2023-11-24,2023-11-26,DE-WEB-01,C005019,VM-APP-0014,1,105.28,0.2,EUR
SO-2023-013558,1,2023-11-24,2023-11-27,DE-WEB-01,C001229,VM-APP-0017,2,40.82,0.3,EUR
SO-2023-013559,1,2023-11-24,2023-11-28,DE-WEB-01,C005659,VM-APP-0001,1,98.83,0.25,EUR
SO-2023-013560,1,2023-11-24,2023-11-28,DE-WEB-01,C002057,VM-BIK-0004,2,917.42,0.3,EUR
SO-2023-013560,2,2023-11-24,2023-11-28,DE-WEB-01,C002057,VM-ACC-0014,4,23.63,0.2,EUR
SO-2023-013560,3,2023-11-24,2023-11-28,DE-WEB-01,C002057,VM-APP-0003,12,66.6,0.15,EUR
SO-2023-013561,1,2023-11-24,2023-11-27,DE-WEB-01,C000234,VM-ACC-0014,1,23.63,0.2,EUR
SO-2023-013561,2,2023-11-24,2023-11-27,DE-WEB-01,C000234,VM-APP-0014,1,105.28,0.3,EUR
SO-2023-013562,1,2023-11-24,2023-11-27,DE-WEB-01,C005743,VM-ACC-0015,4,75.2,0.2,EUR
SO-2023-013563,1,2023-11-24,2023-11-26,DE-WEB-01,C005744,VM-CMP-0023,3,12.67,0.15,EUR
SO-2023-013564,1,2023-11-24,2023-11-27,DE-WEB-01,C002099,VM-APP-0005,2,38.67,0.3,EUR
SO-2023-013565,1,2023-11-24,2023-11-28,DE-WEB-01,C005745,VM-CMP-0001,1,85.94,0.2,EUR
SO-2023-013565,2,2023-11-24,2023-11-28,DE-WEB-01,C005745,VM-ACC-0008,2,85.94,0.15,EUR
SO-2023-013566,1,2023-11-25,2023-11-25,PL-WAW-01,C005746,VM-EBK-0009,1,9464.04,0.15,PLN
SO-2023-013566,2,2023-11-25,2023-11-25,PL-WAW-01,C005746,VM-ACC-0019,1,47.74,0.15,PLN
SO-2023-013567,1,2023-11-25,2023-11-25,PL-WAW-01,,VM-CMP-0008,2,420.19,0.15,PLN
SO-2023-013567,2,2023-11-25,2023-11-25,PL-WAW-01,,VM-BIK-0004,1,4077.84,0.15,PLN
SO-2023-013567,3,2023-11-25,2023-11-25,PL-WAW-01,,VM-ACC-0007,1,343.79,0.15,PLN
SO-2023-013568,1,2023-11-25,2023-11-25,PL-WAW-01,C004454,VM-BIK-0001,1,13073.94,0.15,PLN
SO-2023-013568,2,2023-11-25,2023-11-25,PL-WAW-01,C004454,VM-ACC-0009,2,381.99,0.15,PLN
SO-2023-013568,3,2023-11-25,2023-11-25,PL-WAW-01,C004454,VM-ACC-0002,2,582.54,0.15,PLN
SO-2023-013568,4,2023-11-25,2023-11-25,PL-WAW-01,C004454,VM-ACC-0017,1,55.38,0.15,PLN
SO-2023-013569,1,2023-11-25,2023-11-25,PL-WAW-01,,VM-ACC-0020,1,773.54,0.15,PLN
SO-2023-013569,2,2023-11-25,2023-11-25,PL-WAW-01,,VM-CMP-0015,1,878.59,0.15,PLN
SO-2023-013570,1,2023-11-25,2023-11-25,PL-WAW-01,,VM-APP-0011,2,391.54,0.15,PLN
SO-2023-013570,2,2023-11-25,2023-11-25,PL-WAW-01,,VM-NUT-0009,1,81.17,0.15,PLN
SO-2023-013571,1,2023-11-25,2023-11-25,PL-WAW-01,C004962,VM-ACC-0007,1,343.79,0.15,PLN
SO-2023-013571,2,2023-11-25,2023-11-25,PL-WAW-01,C004962,VM-NUT-0002,3,14.32,0.15,PLN
SO-2023-013572,1,2023-11-25,2023-11-25,PL-WAW-01,C004675,VM-NUT-0002,14,14.32,0.15,PLN
SO-2023-013572,2,2023-11-25,2023-11-25,PL-WAW-01,C004675,VM-ACC-0017,3,55.38,0.15,PLN
SO-2023-013573,1,2023-11-25,2023-11-25,PL-WAW-01,C005747,VM-APP-0006,3,296.04,0.15,PLN
SO-2023-013574,1,2023-11-25,2023-11-25,PL-WAW-01,C003902, VM-ACC-0003 ,1,276.94,0.15,PLN
SO-2023-013574,2,2023-11-25,2023-11-25,PL-WAW-01,C003902,VM-APP-0001,3,439.29,0.15,PLN
SO-2023-013574,3,2023-11-25,2023-11-25,PL-WAW-01,C003902,VM-NUT-0001,7,8.59,0.15,PLN
SO-2023-013575,1,2023-11-25,2023-11-25,PL-WAW-01,C005748,VM-EBK-0010,1,12882.94,0.15,PLN
SO-2023-013575,2,2023-11-25,2023-11-25,PL-WAW-01,C005748,VM-ACC-0008,2,381.99,0.15,PLN
SO-2023-013575,3,2023-11-25,2023-11-25,PL-WAW-01,C005748,VM-ACC-0014,1,105.04,0.15,PLN
SO-2023-013576,1,2023-11-25,2023-11-25,PL-WAW-01,,VM-NUT-0007,9,12.41,0.15,PLN
SO-2023-013576,2,2023-11-25,2023-11-25,PL-WAW-01,,VM-ACC-0005,2,171.89,0.15,PLN
SO-2023-013576,3,2023-11-25,2023-11-25,PL-WAW-01,,VM-ACC-0008,2,381.99,0.15,PLN
SO-2023-013576,4,2023-11-25,2023-11-25,PL-WAW-01,,VM-CMP-0011,1,152.79,0.15,PLN
SO-2023-013577,1,2023-11-25,2023-11-25,PL-WAW-01,C000073,VM-NUT-0007,10,12.41,0.15,PLN
SO-2023-013578,1,2023-11-25,2023-11-25,PL-WAW-01,,VM-CMP-0017,2,477.49,0.15,PLN
SO-2023-013579,1,2023-11-25,2023-11-25,PL-WAW-02,C005749,VM-EBK-0010,1,12882.94,0.15,PLN
SO-2023-013580,1,2023-11-25,2023-11-25,PL-WAW-02,,VM-ACC-0008,1,381.99,0.15,PLN
SO-2023-013581,1,2023-11-25,2023-11-25,PL-WAW-02,,VM-APP-0006,2,296.04,0.15,PLN
SO-2023-013582,1,2023-11-25,2023-11-25,PL-WAW-02,C005750,VM-EBK-0008,1,14420.49,0.15,PLN
SO-2023-013582,2,2023-11-25,2023-11-25,PL-WAW-02,C005750,VM-ACC-0014,1,105.04,0.15,PLN
SO-2023-013583,1,2023-11-25,2023-11-25,PL-WAW-02,C005751,VM-APP-0016,1,582.54,0.15,PLN
SO-2023-013583,2,2023-11-25,2023-11-25,PL-WAW-02,C005751,VM-CMP-0006,1,190.99,0.15,PLN
SO-2023-013584,1,2023-11-25,2023-11-25,PL-WAW-02,C005752, VM-NUT-0003 ,7,10.5,0.15,PLN
SO-2023-013584,2,2023-11-25,2023-11-25,PL-WAW-02,C005752,VM-APP-0006,1,296.04,0.15,PLN
SO-2023-013584,3,2023-11-25,2023-11-25,PL-WAW-02,C005752,VM-NUT-0004,7,6.68,0.15,PLN
SO-2023-013585,1,2023-11-25,2023-11-25,PL-WAW-02,C002739,VM-BIK-0020,1,1155.54,0.15,PLN
SO-2023-013585,2,2023-11-25,2023-11-25,PL-WAW-02,C002739,VM-ACC-0013,1,162.34,0.15,PLN
SO-2023-013586,1,2023-11-25,2023-11-25,PL-WAW-02,,VM-ACC-0014,1,105.04,0.15,PLN
SO-2023-013586,2,2023-11-25,2023-11-25,PL-WAW-02,,VM-ACC-0006,1,907.24,0.15,PLN
SO-2023-013586,3,2023-11-25,2023-11-25,PL-WAW-02,,vm-acc-0001,2,362.89,0.15,PLN
SO-2023-013586,4,2023-11-25,2023-11-25,PL-WAW-02,,VM-NUT-0006,10,9.54,0.15,PLN
SO-2023-013587,1,2023-11-25,2023-11-25,PL-KRK-01,,VM-CMP-0014,2,410.64,0.15,PLN
SO-2023-013588,1,2023-11-25,2023-11-25,PL-KRK-01,C003001,VM-ACC-0020,1,773.54,0.15,PLN
SO-2023-013589,1,2023-11-25,2023-11-25,PL-KRK-01,C005753,VM-NUT-0009,2,81.17,0.15,PLN
SO-2023-013590,1,2023-11-25,2023-11-25,PL-KRK-01,,VM-APP-0015,1,544.34,0.15,PLN
SO-2023-013591,1,2023-11-25,2023-11-25,PL-KRK-01,C005697,VM-ACC-0008,2,381.99,0.15,PLN
SO-2023-013591,2,2023-11-25,2023-11-25,PL-KRK-01,C005697,VM-APP-0006,3,296.04,0.15,PLN
SO-2023-013592,1,2023-11-25,2023-11-25,PL-WRO-01,,VM-BIK-0015,1,2950.94,0.15,PLN
SO-2023-013593,1,2023-11-25,2023-11-25,PL-WRO-01,,VM-ACC-0002,2,582.54,0.15,PLN
SO-2023-013593,2,2023-11-25,2023-11-25,PL-WRO-01,,VM-APP-0008,2,152.79,0.15,PLN
SO-2023-013594,1,2023-11-25,2023-11-25,PL-WRO-01,C005754,VM-BIK-0009,2,5386.19,0.15,PLN
SO-2023-013595,1,2023-11-25,2023-11-25,PL-WRO-01,C005755,VM-ACC-0017,3,55.38,0.15,PLN
SO-2023-013595,2,2023-11-25,2023-11-25,PL-WRO-01,C005755,VM-EBK-0002,1,9502.24,0.15,PLN
SO-2023-013595,3,2023-11-25,2023-11-25,PL-WRO-01,C005755,VM-ACC-0013,1,162.34,0.15,PLN
SO-2023-013595,4,2023-11-25,2023-11-25,PL-WRO-01,C005755,VM-ACC-0007,1,343.79,0.15,PLN
SO-2023-013596,1,2023-11-25,2023-11-25,PL-WRO-01,,VM-CMP-0017,2,477.49,0.15,PLN
SO-2023-013596,2,2023-11-25,2023-11-25,PL-WRO-01,,VM-NUT-0006,7,9.54,0.15,PLN
SO-2023-013597,1,2023-11-25,2023-11-25,PL-WRO-01,,VM-ACC-0010,2,238.74,0.15,PLN
SO-2023-013598,1,2023-11-25,2023-11-25,PL-WRO-01,C005632,VM-NUT-0006,12,9.54,0.15,PLN
SO-2023-013599,1,2023-11-25,2023-11-25,PL-WRO-01,, VM-BIK-0007 ,1,6732.74,0.15,PLN
SO-2023-013599,2,2023-11-25,2023-11-25,PL-WRO-01,,VM-ACC-0008,2,381.99,0.15,PLN
SO-2023-013600,1,2023-11-25,2023-11-25,PL-GDN-01,C004859,VM-BIK-0017,1,1824.04,0.15,PLN
SO-2023-013601,1,2023-11-25,2023-11-25,PL-GDN-01,,VM-BIK-0021,1,1193.74,0.15,PLN
SO-2023-013602,1,2023-11-25,2023-11-25,PL-GDN-01,C005756,VM-NUT-0004,7,6.68,0.15,PLN
SO-2023-013603,1,2023-11-25,2023-11-25,PL-GDN-01,,VM-APP-0001,1,439.29,0.15,PLN
SO-2023-013604,1,2023-11-25,2023-11-25,PL-GDN-01,,VM-CMP-0006,2,190.99,0.15,PLN
SO-2023-013604,2,2023-11-25,2023-11-25,PL-GDN-01,,VM-APP-0010,1,162.34,0.15,PLN
SO-2023-013605,1,2023-11-25,2023-11-25,PL-GDN-01,C005757,VM-NUT-0005,11,8.59,0.15,PLN
SO-2023-013606,1,2023-11-25,2023-11-25,PL-GDN-01,C003355,VM-APP-0010,1,162.34,0.15,PLN
SO-2023-013607,1,2023-11-25,2023-11-25,PL-GDN-01,C001897,VM-ACC-0020,1,773.54,0.15,PLN
SO-2023-013607,2,2023-11-25,2023-11-25,PL-GDN-01,C001897,VM-ACC-0003,1,276.94,0.15,PLN
SO-2023-013607,3,2023-11-25,2023-11-25,PL-GDN-01,C001897,VM-ACC-0009,1,381.99,0.15,PLN
SO-2023-013608,1,2023-11-25,2023-11-25,PL-GDN-01,C005758,VM-APP-0011,2,391.54,0.15,PLN
SO-2023-013609,1,2023-11-25,2023-11-25,PL-GDN-01,,VM-BIK-0003,1,6245.69,0.15,PLN
SO-2023-013609,2,2023-11-25,2023-11-25,PL-GDN-01,,VM-ACC-0003,2,276.94,0.15,PLN
SO-2023-013610,1,2023-11-25,2023-11-25,PL-POZ-01,,VM-NUT-0004,4,6.68,0.15,PLN
SO-2023-013610,2,2023-11-25,2023-11-25,PL-POZ-01,,VM-APP-0013,1,420.19,0.15,PLN
SO-2023-013611,1,2023-11-25,2023-11-25,PL-POZ-01,C004905,VM-APP-0013,1,420.19,0.15,PLN
SO-2023-013611,2,2023-11-25,2023-11-25,PL-POZ-01,C004905,VM-ACC-0008,1,381.99,0.15,PLN
SO-2023-013612,1,2023-11-25,2023-11-25,PL-POZ-01,C005759,VM-APP-0010,1,162.34,0.15,PLN
SO-2023-013612,2,2023-11-25,2023-11-25,PL-POZ-01,C005759,VM-ACC-0014,1,105.04,0.15,PLN
SO-2023-013613,1,2023-11-25,2023-11-25,PL-POZ-01,C005760,VM-EBK-0007,1,14038.49,0.15,PLN
SO-2023-013613,2,2023-11-25,2023-11-25,PL-POZ-01,C005760,VM-ACC-0001,1,362.89,0.15,PLN
SO-2023-013614,1,2023-11-25,2023-11-25,PL-POZ-01,C005761,VM-ACC-0014,1,105.04,0.15,PLN
SO-2023-013615,1,2023-11-25,2023-11-25,PL-POZ-01,C005762,VM-APP-0019,1,63.02,0.15,PLN
SO-2023-013615,2,2023-11-25,2023-11-25,PL-POZ-01,C005762,VM-ACC-0015,1,334.24,0.15,PLN
SO-2023-013616,1,2023-11-25,2023-11-25,PL-POZ-01,C005763,VM-NUT-0009,1,81.17,0.15,PLN
SO-2023-013616,2,2023-11-25,2023-11-25,PL-POZ-01,C005763,VM-CMP-0012,1,515.69,0.15,PLN
SO-2023-013616,3,2023-11-25,2023-11-25,PL-POZ-01,C005763,VM-APP-0020,1,171.89,0.15,PLN
SO-2023-013616,4,2023-11-25,2023-11-25,PL-POZ-01,C005763,VM-CMP-0010,1,372.44,0.15,PLN
SO-2023-013617,1,2023-11-25,2023-11-27,PL-WEB-01,C005253,VM-NUT-0002,9,14.32,0.15,PLN
SO-2023-013618,1,2023-11-25,2023-11-26,PL-WEB-01,C005764,VM-NUT-0001,7,8.59,0.15,PLN
SO-2023-013619,1,2023-11-25,2023-11-27,PL-WEB-01,C002754,VM-NUT-0005,4,8.59,0.15,PLN
SO-2023-013620,1,2023-11-25,2023-11-29,PL-WEB-01,C005765,VM-APP-0002,2,420.19,0.2,PLN
SO-2023-013620,2,2023-11-25,2023-11-29,PL-WEB-01,C005765,VM-ACC-0008,1,381.99,0.2,PLN
SO-2023-013620,3,2023-11-25,2023-11-29,PL-WEB-01,C005765,VM-ACC-0014,1,105.04,0.2,PLN
SO-2023-013621,1,2023-11-25,2023-11-27,PL-WEB-01,C004543,VM-APP-0010,1,162.34,0.25,PLN
SO-2023-013622,1,2023-11-25,2023-11-28,PL-WEB-01,C003399,VM-NUT-0009,4,81.17,0.25,PLN
SO-2023-013623,1,2023-11-25,2023-11-28,PL-WEB-01,C005766,vm-cmp-0001,1,381.99,0.15,PLN
SO-2023-013623,2,2023-11-25,2023-11-28,PL-WEB-01,C005766,VM-APP-0002,3,420.19,0.3,PLN
SO-2023-013623,3,2023-11-25,2023-11-28,PL-WEB-01,C005766,VM-APP-0010,2,162.34,0.15,PLN
SO-2023-013624,1,2023-11-25,2023-11-29,PL-WEB-01,C000496,VM-ACC-0020,1,773.54,0.3,PLN
SO-2023-013625,1,2023-11-25,2023-11-27,PL-WEB-01,C005767,VM-BIK-0007,1,6732.74,0.2,PLN
SO-2023-013625,2,2023-11-25,2023-11-27,PL-WEB-01,C005767,VM-ACC-0010,2,238.74,0.3,PLN
SO-2023-013625,3,2023-11-25,2023-11-27,PL-WEB-01,C005767,VM-EBK-0001,1,7324.84,0.2,PLN
SO-2023-013626,1,2023-11-25,2023-11-28,PL-WEB-01,C005768,VM-ACC-0007,1,343.79,0.2,PLN
SO-2023-013627,1,2023-11-25,2023-11-27,PL-WEB-01,C005769,VM-EBK-0011,1,13981.19,0.2,PLN
SO-2023-013627,2,2023-11-25,2023-11-27,PL-WEB-01,C005769,VM-ACC-0008,1,381.99,0.15,PLN
SO-2023-013628,1,2023-11-25,2023-11-29,PL-WEB-01,C005770,VM-EBK-0002,1,9502.24,0.2,PLN
SO-2023-013629,1,2023-11-25,2023-11-26,PL-WEB-01,C005771,VM-ACC-0008,1,381.99,0.25,PLN
SO-2023-013630,1,2023-11-25,2023-11-27,PL-WEB-01,C002876,VM-ACC-0014,1,105.04,0.2,PLN
SO-2023-013630,2,2023-11-25,2023-11-27,PL-WEB-01,C002876,VM-CMP-0007,2,601.64,0.25,PLN
SO-2023-013630,3,2023-11-25,2023-11-27,PL-WEB-01,C002876,VM-ACC-0002,2,582.54,0.3,PLN
SO-2023-013630,4,2023-11-25,2023-11-27,PL-WEB-01,C002876,VM-NUT-0003,12,10.5,0.3,PLN
SO-2023-013631,1,2023-11-25,2023-11-29,PL-WEB-01,C005772,VM-APP-0002,3,420.19,0.25,PLN
SO-2023-013631,2,2023-11-25,2023-11-29,PL-WEB-01,C005772,VM-ACC-0018,3,47.74,0.2,PLN
SO-2023-013631,3,2023-11-25,2023-11-29,PL-WEB-01,C005772,VM-EBK-0010,1,12882.94,0.15,PLN
SO-2023-013631,4,2023-11-25,2023-11-29,PL-WEB-01,C005772,VM-APP-0004,3,229.19,0.25,PLN
SO-2023-013632,1,2023-11-25,2023-11-29,PL-WEB-01,C001317,VM-APP-0006,1,296.04,0.15,PLN
SO-2023-013632,2,2023-11-25,2023-11-29,PL-WEB-01,C001317,VM-APP-0005,2,171.89,0.2,PLN
SO-2023-013633,1,2023-11-25,2023-11-27,PL-WEB-01,C005564,VM-NUT-0011,4,51.56,0.2,PLN
SO-2023-013633,2,2023-11-25,2023-11-27,PL-WEB-01,C005564,VM-EBK-0009,1,9464.04,0.15,PLN
SO-2023-013633,3,2023-11-25,2023-11-27,PL-WEB-01,C005564,VM-NUT-0006,5,9.54,0.15,PLN
SO-2023-013634,1,2023-11-25,2023-11-27,PL-WEB-01,C005452,VM-ACC-0006,1,907.24,0.25,PLN
SO-2023-013634,2,2023-11-25,2023-11-27,PL-WEB-01,C005452,VM-NUT-0004,8,6.68,0.2,PLN
SO-2023-013635,1,2023-11-25,2023-11-28,PL-WEB-01,C005773,VM-BIK-0013,1,4583.99,0.2,PLN
SO-2023-013636,1,2023-11-25,2023-11-29,PL-WEB-01,C005774,VM-APP-0010,1,162.34,0.2,PLN
SO-2023-013637,1,2023-11-25,2023-11-27,PL-WEB-01,C005775,VM-APP-0006,2,296.04,0.25,PLN
SO-2023-013638,1,2023-11-25,2023-11-27,PL-WEB-01,C005776,VM-EBK-0002,1,9502.24,0.2,PLN
SO-2023-013638,2,2023-11-25,2023-11-27,PL-WEB-01,C005776,VM-ACC-0015,1,334.24,0.25,PLN
SO-2023-013638,3,2023-11-25,2023-11-27,PL-WEB-01,C005776,VM-NUT-0003,6,10.5,0.3,PLN
SO-2023-013638,4,2023-11-25,2023-11-27,PL-WEB-01,C005776,VM-ACC-0009,2,381.99,0.3,PLN
SO-2023-013639,1,2023-11-25,2023-11-29,PL-WEB-01,C005777,VM-ACC-0012,1,68.75,0.15,PLN
SO-2023-013640,1,2023-11-25,2023-11-26,PL-WEB-01,C003257,VM-APP-0001,3,439.29,0.15,PLN
SO-2023-013641,1,2023-11-25,2023-11-29,PL-WEB-01,C005475,VM-APP-0011,1,391.54,0.3,PLN
SO-2023-013642,1,2023-11-25,2023-11-29,PL-WEB-01,C001046,VM-ACC-0008,10,381.99,0.15,PLN
SO-2023-013642,2,2023-11-25,2023-11-29,PL-WEB-01,C001046,VM-EBK-0011,3,13981.19,0.25,PLN
SO-2023-013643,1,2023-11-25,2023-11-29,PL-MKT-01,C005339,VM-CMP-0017,1,477.49,0.25,PLN
SO-2023-013644,1,2023-11-25,2023-11-28,PL-MKT-01,C003024,VM-ACC-0002,1,582.54,0.3,PLN
SO-2023-013645,1,2023-11-25,2023-11-26,PL-MKT-01,C001136,VM-ACC-0012,1,68.75,0.15,PLN
SO-2023-013646,1,2023-11-25,2023-11-27,PL-MKT-01,C004155,VM-CMP-0015,2,878.59,0.25,PLN
SO-2023-013646,2,2023-11-25,2023-11-27,PL-MKT-01,C004155,VM-ACC-0018,2,47.74,0.2,PLN
SO-2023-013646,3,2023-11-25,2023-11-27,PL-MKT-01,C004155,VM-ACC-0013,1,162.34,0.2,PLN
SO-2023-013646,4,2023-11-25,2023-11-27,PL-MKT-01,C004155,VM-NUT-0004,12,6.68,0.2,PLN
SO-2023-013647,1,2023-11-25,2023-11-29,PL-MKT-01,C005778,VM-BIK-0020,1,1155.54,0.15,PLN
SO-2023-013647,2,2023-11-25,2023-11-29,PL-MKT-01,C005778,VM-ACC-0008,1,381.99,0.3,PLN
SO-2023-013648,1,2023-11-25,2023-11-29,PL-MKT-01,C002875,VM-ACC-0018,2,47.74,0.25,PLN
SO-2023-013649,1,2023-11-25,2023-11-27,PL-MKT-01,C005779,VM-APP-0018,2,124.14,0.2,PLN
SO-2023-013650,1,2023-11-25,2023-11-28,PL-MKT-01,C005780,VM-ACC-0019,3,47.74,0.2,PLN
SO-2023-013651,1,2023-11-25,2023-11-26,PL-MKT-01,C002532,VM-BIK-0020,1,1155.54,0.25,PLN
SO-2023-013652,1,2023-11-25,2023-11-29,PL-MKT-01,C002121,VM-NUT-0010,4,33.42,0.3,PLN
SO-2023-013653,1,2023-11-25,2023-11-27,PL-MKT-01,C005253,VM-NUT-0004,4,6.68,0.2,PLN
SO-2023-013653,2,2023-11-25,2023-11-27,PL-MKT-01,C005253,VM-CMP-0009,1,334.24,0.2,PLN
SO-2023-013654,1,2023-11-25,2023-11-25,CZ-PRG-01,C005212,VM-ACC-0020,1,4080.0,0.15,CZK
SO-2023-013655,1,2023-11-25,2023-11-25,CZ-PRG-01,C005781,VM-CMP-0013,2,2670.0,0.15,CZK
SO-2023-013655,2,2023-11-25,2023-11-25,CZ-PRG-01,C005781,VM-APP-0020,2,907.0,0.15,CZK
SO-2023-013656,1,2023-11-25,2023-11-25,CZ-PRG-01,C004989,VM-BIK-0007,4,35510.0,0.15,CZK
SO-2023-013656,2,2023-11-25,2023-11-25,CZ-PRG-01,C004989,VM-ACC-0008,4,2015.0,0.15,CZK
SO-2023-013657,1,2023-11-25,2023-11-25,CZ-PRG-01,C003492,VM-APP-0002,1,2216.0,0.15,CZK
SO-2023-013658,1,2023-11-25,2023-11-25,CZ-PRG-01,C001436,VM-APP-0017,2,957.0,0.15,CZK
SO-2023-013658,2,2023-11-25,2023-11-25,CZ-PRG-01,C001436,VM-BIK-0009,1,28408.0,0.15,CZK
SO-2023-013658,3,2023-11-25,2023-11-25,CZ-PRG-01,C001436,VM-ACC-0021,1,3929.0,0.15,CZK
SO-2023-013659,1,2023-11-25,2023-11-25,CZ-PRG-01,,VM-APP-0012,1,4382.0,0.15,CZK
SO-2023-013660,1,2023-11-25,2023-11-25,CZ-PRG-01,,VM-APP-0010,1,856.0,0.15,CZK
SO-2023-013660,2,2023-11-25,2023-11-25,CZ-PRG-01,,VM-BIK-0007,1,35510.0,0.15,CZK
SO-2023-013661,1,2023-11-25,2023-11-25,CZ-PRG-01,,VM-CMP-0014,1,2166.0,0.15,CZK
SO-2023-013662,1,2023-11-25,2023-11-25,CZ-PRG-01,,VM-CMP-0008,2,2216.0,0.15,CZK
SO-2023-013663,1,2023-11-25,2023-11-25,CZ-PRG-01,C005782,VM-ACC-0014,1,554.0,0.15,CZK
SO-2023-013664,1,2023-11-25,2023-11-29,CZ-WEB-01,C005249,VM-BIK-0012,1,59486.0,0.25,CZK
SO-2023-013664,2,2023-11-25,2023-11-29,CZ-WEB-01,C005249,VM-ACC-0001,2,1914.0,0.25,CZK
SO-2023-013665,1,2023-11-25,2023-11-26,CZ-WEB-01,C000767,VM-NUT-0005,10,45.0,0.15,CZK
SO-2023-013666,1,2023-11-25,2023-11-28,CZ-WEB-01,C005590,VM-APP-0013,1,2216.0,0.25,CZK
SO-2023-013666,2,2023-11-25,2023-11-28,CZ-WEB-01,C005590,vm-cmp-0013,1,2670.0,0.25,CZK
SO-2023-013666,3,2023-11-25,2023-11-28,CZ-WEB-01,C005590,VM-EBK-0011,1,73740.0,0.25,CZK
SO-2023-013666,4,2023-11-25,2023-11-28,CZ-WEB-01,C005590,VM-BIK-0020,1,6095.0,0.2,CZK
SO-2023-013667,1,2023-11-25,2023-11-27,CZ-WEB-01,C005783,VM-NUT-0010,4,176.0,0.2,CZK
SO-2023-013667,2,2023-11-25,2023-11-27,CZ-WEB-01,C005783,VM-NUT-0009,4,428.0,0.3,CZK
SO-2023-013667,3,2023-11-25,2023-11-27,CZ-WEB-01,C005783,VM-ACC-0014,1,554.0,0.2,CZK
SO-2023-013668,1,2023-11-25,2023-11-26,CZ-WEB-01,C005784,VM-NUT-0001,7,45.0,0.25,CZK
SO-2023-013669,1,2023-11-25,2023-11-29,CZ-WEB-01,C005785,VM-APP-0010,1,856.0,0.15,CZK
SO-2023-013670,1,2023-11-25,2023-11-27,CZ-WEB-01,C000516,VM-APP-0010,1,856.0,0.2,CZK
SO-2023-013671,1,2023-11-25,2023-11-26,CZ-WEB-01,C005786,VM-CMP-0017,1,2518.0,0.3,CZK
SO-2023-013671,2,2023-11-25,2023-11-26,CZ-WEB-01,C005786,VM-ACC-0014,1,554.0,0.25,CZK
SO-2023-013672,1,2023-11-25,2023-11-27,CZ-WEB-01,C005787,VM-ACC-0017,3,292.0,0.15,CZK
SO-2023-013672,2,2023-11-25,2023-11-27,CZ-WEB-01,C005787,VM-ACC-0023,1,4684.0,0.2,CZK
SO-2023-013673,1,2023-11-25,2023-11-28,CZ-WEB-01,C000936,VM-EBK-0008,1,76057.0,0.2,CZK
SO-2023-013674,1,2023-11-25,2023-11-25,DE-BER-01,,VM-CMP-0019,3,45.12,0.15,EUR
SO-2023-013675,1,2023-11-25,2023-11-25,DE-BER-01,C002953,VM-NUT-0009,2,18.26,0.15,EUR
SO-2023-013675,2,2023-11-25,2023-11-25,DE-BER-01,C002953,VM-CMP-0010,2,83.79,0.15,EUR
SO-2023-013675,3,2023-11-25,2023-11-25,DE-BER-01,C002953,VM-CMP-0017,1,107.42,0.15,EUR
SO-2023-013676,1,2023-11-25,2023-11-25,DE-BER-01,C004553,VM-CMP-0015,2,197.66,0.15,EUR
SO-2023-013677,1,2023-11-25,2023-11-25,DE-BER-01,,VM-ACC-0008,1,85.94,0.15,EUR
SO-2023-013677,2,2023-11-25,2023-11-25,DE-BER-01,,VM-CMP-0022,4,7.73,0.15,EUR
SO-2023-013677,3,2023-11-25,2023-11-25,DE-BER-01,,VM-CMP-0016,2,528.54,0.15,EUR
SO-2023-013677,4,2023-11-25,2023-11-25,DE-BER-01,,VM-APP-0017,1,40.82,0.15,EUR
SO-2023-013678,1,2023-11-25,2023-11-26,DE-WEB-01,C005788,VM-APP-0006,2,66.6,0.3,EUR
SO-2023-013678,2,2023-11-25,2023-11-26,DE-WEB-01,C005788,VM-CMP-0012,2,116.02,0.3,EUR
SO-2023-013679,1,2023-11-25,2023-11-29,DE-WEB-01,C003964,VM-NUT-0006,7,2.15,0.15,EUR
SO-2023-013680,1,2023-11-25,2023-11-27,DE-WEB-01,C003292,VM-ACC-0015,1,75.2,0.15,EUR
SO-2023-013680,2,2023-11-25,2023-11-27,DE-WEB-01,C003292,VM-APP-0012,1,186.92,0.2,EUR
SO-2023-013680,3,2023-11-25,2023-11-27,DE-WEB-01,C003292,VM-NUT-0004,7,1.5,0.3,EUR
SO-2023-013681,1,2023-11-25,2023-11-26,DE-WEB-01,C004021,VM-APP-0013,1,94.53,0.25,EUR
SO-2023-013682,1,2023-11-25,2023-11-28,DE-WEB-01,C003535,VM-CMP-0017,4,107.42,0.3,EUR
SO-2023-013683,1,2023-11-25,2023-11-26,DE-WEB-01,C005789,VM-APP-0008,2,34.37,0.25,EUR
SO-2023-013683,2,2023-11-25,2023-11-26,DE-WEB-01,C005789,VM-ACC-0008,2,85.94,0.15,EUR
SO-2023-013684,1,2023-11-25,2023-11-29,DE-WEB-01,C000675,VM-ACC-0019,1,10.74,0.2,EUR
SO-2023-013685,1,2023-11-25,2023-11-27,DE-WEB-01,C005790,VM-APP-0013,1,94.53,0.2,EUR
SO-2023-013685,2,2023-11-25,2023-11-27,DE-WEB-01,C005790,vm-nut-0002,10,3.22,0.25,EUR
SO-2023-013685,3,2023-11-25,2023-11-27,DE-WEB-01,C005790,VM-APP-0004,1,51.56,0.25,EUR
SO-2023-013686,1,2023-11-25,2023-11-27,DE-WEB-01,C005659,VM-APP-0002,2,94.53,0.2,EUR
SO-2023-013686,2,2023-11-25,2023-11-27,DE-WEB-01,C005659,VM-ACC-0011,2,15.47,0.3,EUR
SO-2023-013687,1,2023-11-25,2023-11-29,DE-WEB-01,C004269,VM-NUT-0006,11,2.15,0.25,EUR
SO-2023-013688,1,2023-11-26,2023-11-28,PL-WEB-01,C004032,VM-ACC-0008,2,381.99,0.3,PLN
SO-2023-013688,2,2023-11-26,2023-11-28,PL-WEB-01,C004032,VM-CMP-0022,2,34.37,0.2,PLN
SO-2023-013689,1,2023-11-26,2023-11-30,PL-WEB-01,C005791,VM-NUT-0010,1,33.42,0.15,PLN
SO-2023-013690,1,2023-11-26,2023-11-28,PL-WEB-01,C005792,VM-APP-0018,1,124.14,0.2,PLN
SO-2023-013690,2,2023-11-26,2023-11-28,PL-WEB-01,C005792,VM-CMP-0017,2,477.49,0.25,PLN
SO-2023-013690,3,2023-11-26,2023-11-28,PL-WEB-01,C005792,VM-CMP-0004,1,687.59,0.15,PLN
SO-2023-013690,4,2023-11-26,2023-11-28,PL-WEB-01,C005792,VM-BIK-0003,1,6245.69,0.2,PLN
SO-2023-013691,1,2023-11-26,2023-11-29,PL-WEB-01,C002145,VM-BIK-0019,3,1155.54,0.15,PLN
SO-2023-013691,2,2023-11-26,2023-11-29,PL-WEB-01,C002145,VM-ACC-0002,10,582.54,0.15,PLN
SO-2023-013692,1,2023-11-26,2023-11-28,PL-WEB-01,C004985,VM-BIK-0011,2,8260.74,0.25,PLN
SO-2023-013693,1,2023-11-26,2023-11-29,PL-WEB-01,C005793,VM-APP-0002,1,420.19,0.15,PLN
SO-2023-013694,1,2023-11-26,2023-11-29,PL-WEB-01,C000556,VM-APP-0020,2,171.89,0.15,PLN
SO-2023-013694,2,2023-11-26,2023-11-29,PL-WEB-01,C000556,VM-APP-0005,3,171.89,0.2,PLN
SO-2023-013695,1,2023-11-26,2023-11-27,PL-WEB-01,C005290,VM-CMP-0011,2,152.79,0.15,PLN
SO-2023-013695,2,2023-11-26,2023-11-27,PL-WEB-01,C005290,VM-EBK-0009,1,9464.04,0.3,PLN
SO-2023-013695,3,2023-11-26,2023-11-27,PL-WEB-01,C005290,VM-CMP-0009,2,334.24,0.2,PLN
SO-2023-013695,4,2023-11-26,2023-11-27,PL-WEB-01,C005290,VM-CMP-0017,1,477.49,0.25,PLN
SO-2023-013696,1,2023-11-26,2023-11-30,PL-WEB-01,C000979,VM-ACC-0018,2,47.74,0.25,PLN
SO-2023-013696,2,2023-11-26,2023-11-30,PL-WEB-01,C000979,VM-EBK-0009,1,9464.04,0.3,PLN
SO-2023-013696,3,2023-11-26,2023-11-30,PL-WEB-01,C000979,VM-APP-0001,2,439.29,0.25,PLN
SO-2023-013697,1,2023-11-26,2023-11-29,PL-WEB-01,C005593,VM-BIK-0019,1,1155.54,0.15,PLN
SO-2023-013697,2,2023-11-26,2023-11-29,PL-WEB-01,C005593,VM-ACC-0004,2,744.89,0.25,PLN
SO-2023-013698,1,2023-11-26,2023-11-27,PL-WEB-01,C001101,vm-ebk-0001,1,7324.84,0.3,PLN
SO-2023-013699,1,2023-11-26,2023-11-30,PL-WEB-01,C004318,VM-APP-0007,2,152.79,0.3,PLN
SO-2023-013699,2,2023-11-26,2023-11-30,PL-WEB-01,C004318,VM-CMP-0008,1,420.19,0.15,PLN
SO-2023-013700,1,2023-11-26,2023-11-30,PL-WEB-01,C005794,VM-BIK-0004,1,4077.84,0.15,PLN
SO-2023-013701,1,2023-11-26,2023-11-29,PL-WEB-01,C005795,VM-APP-0009,2,334.24,0.15,PLN
SO-2023-013702,1,2023-11-26,2023-11-27,PL-WEB-01,C005796,VM-BIK-0020,1,1155.54,0.25,PLN
SO-2023-013703,1,2023-11-26,2023-11-27,PL-WEB-01,C003024,VM-APP-0008,1,152.79,0.3,PLN
SO-2023-013703,2,2023-11-26,2023-11-27,PL-WEB-01,C003024,VM-ACC-0008,1,381.99,0.2,PLN
SO-2023-013704,1,2023-11-26,2023-11-28,PL-WEB-01,C005797,VM-CMP-0019,4,200.54,0.2,PLN
SO-2023-013705,1,2023-11-26,2023-11-28,PL-WEB-01,C005278,VM-CMP-0017,2,477.49,0.15,PLN
SO-2023-013705,2,2023-11-26,2023-11-28,PL-WEB-01,C005278,VM-CMP-0013,2,506.14,0.3,PLN
SO-2023-013706,1,2023-11-26,2023-11-29,PL-WEB-01,C001083,VM-APP-0010,1,162.34,0.25,PLN
SO-2023-013706,2,2023-11-26,2023-11-29,PL-WEB-01,C001083,VM-ACC-0014,1,105.04,0.3,PLN
SO-2023-013706,3,2023-11-26,2023-11-29,PL-WEB-01,C001083,VM-ACC-0008,2,381.99,0.25,PLN
SO-2023-013707,1,2023-11-26,2023-11-28,PL-WEB-01,C005798,VM-APP-0002,2,420.19,0.15,PLN
SO-2023-013708,1,2023-11-26,2023-11-30,PL-WEB-01,C005799,VM-APP-0002,2,420.19,0.15,PLN
SO-2023-013709,1,2023-11-26,2023-11-28,PL-WEB-01,C005800,VM-BIK-0019,1,1155.54,0.2,PLN
SO-2023-013710,1,2023-11-26,2023-11-28,PL-WEB-01,C000436,VM-NUT-0001,7,8.59,0.25,PLN
SO-2023-013711,1,2023-11-26,2023-11-27,PL-WEB-01,C005728,VM-ACC-0012,1,68.75,0.2,PLN
SO-2023-013712,1,2023-11-26,2023-11-30,PL-WEB-01,C005801,VM-CMP-0013,2,506.14,0.2,PLN
SO-2023-013713,1,2023-11-26,2023-11-30,PL-WEB-01,C003109,VM-NUT-0010,3,33.42,0.15,PLN
SO-2023-013713,2,2023-11-26,2023-11-30,PL-WEB-01,C003109,VM-CMP-0006,2,190.99,0.15,PLN
SO-2023-013713,3,2023-11-26,2023-11-30,PL-WEB-01,C003109,VM-CMP-0013,1,506.14,0.2,PLN
SO-2023-013714,1,2023-11-26,2023-11-27,PL-WEB-01,C000382,VM-ACC-0018,1,47.74,0.25,PLN
SO-2023-013714,2,2023-11-26,2023-11-27,PL-WEB-01,C000382,VM-ACC-0014,1,105.04,0.15,PLN
SO-2023-013714,3,2023-11-26,2023-11-27,PL-WEB-01,C000382,VM-ACC-0019,1,47.74,0.15,PLN
SO-2023-013714,4,2023-11-26,2023-11-27,PL-WEB-01,C000382,VM-CMP-0009,2,334.24,0.15,PLN
SO-2023-013715,1,2023-11-26,2023-11-28,PL-WEB-01,C005802,VM-BIK-0008,1,5071.04,0.25,PLN
SO-2023-013716,1,2023-11-26,2023-11-30,PL-WEB-01,C005803,VM-ACC-0014,1,105.04,0.2,PLN
SO-2023-013717,1,2023-11-26,2023-11-29,PL-WEB-01,C005804,VM-APP-0012,1,830.84,0.15,PLN
SO-2023-013717,2,2023-11-26,2023-11-29,PL-WEB-01,C005804,VM-ACC-0004,2,744.89,0.15,PLN
SO-2023-013717,3,2023-11-26,2023-11-29,PL-WEB-01,C005804,VM-ACC-0017,2,55.38,0.3,PLN
SO-2023-013717,4,2023-11-26,2023-11-29,PL-WEB-01,C005804,VM-ACC-0003,2,276.94,0.15,PLN
SO-2023-013718,1,2023-11-26,2023-11-28,PL-WEB-01,C003736,VM-APP-0002,2,420.19,0.2,PLN
SO-2023-013718,2,2023-11-26,2023-11-28,PL-WEB-01,C003736,VM-ACC-0003,2,276.94,0.2,PLN
SO-2023-013718,3,2023-11-26,2023-11-28,PL-WEB-01,C003736,VM-BIK-0017,1,1824.04,0.15,PLN
SO-2023-013719,1,2023-11-26,2023-11-28,PL-WEB-01,C005399,VM-NUT-0006,11,9.54,0.25,PLN
SO-2023-013719,2,2023-11-26,2023-11-28,PL-WEB-01,C005399,VM-EBK-0002,1,9502.24,0.25,PLN
SO-2023-013720,1,2023-11-26,2023-11-29,PL-WEB-01,C002781,VM-APP-0019,1,63.02,0.15,PLN
SO-2023-013720,2,2023-11-26,2023-11-29,PL-WEB-01,C002781,VM-NUT-0001,15,8.59,0.15,PLN
SO-2023-013720,3,2023-11-26,2023-11-29,PL-WEB-01,C002781,VM-ACC-0014,1,105.04,0.25,PLN
SO-2023-013721,1,2023-11-26,2023-11-30,PL-WEB-01,C002029,VM-CMP-0002,1,534.79,0.25,PLN
SO-2023-013721,2,2023-11-26,2023-11-30,PL-WEB-01,C002029,VM-NUT-0005,11,8.59,0.3,PLN
SO-2023-013721,3,2023-11-26,2023-11-30,PL-WEB-01,C002029,VM-CMP-0016,2,2349.29,0.2,PLN
SO-2023-013722,1,2023-11-26,2023-11-30,PL-WEB-01,C000176,VM-ACC-0007,1,343.79,0.15,PLN
SO-2023-013723,1,2023-11-26,2023-11-28,PL-MKT-01,C005805,VM-APP-0012,1,830.84,0.3,PLN
SO-2023-013724,1,2023-11-26,2023-11-27,PL-MKT-01,C005806,VM-APP-0005,3,171.89,0.3,PLN
SO-2023-013725,1,2023-11-26,2023-11-30,PL-MKT-01,C005807,VM-ACC-0008,2,381.99,0.15,PLN
SO-2023-013726,1,2023-11-26,2023-11-27,PL-MKT-01,C005808,VM-NUT-0002,3,14.32,0.2,PLN
SO-2023-013727,1,2023-11-26,2023-11-29,PL-MKT-01,C004946,VM-ACC-0007,1,343.79,0.25,PLN
SO-2023-013727,2,2023-11-26,2023-11-29,PL-MKT-01,C004946,VM-CMP-0018,3,59.2,0.15,PLN
SO-2023-013728,1,2023-11-26,2023-11-29,PL-MKT-01,C005809,VM-ACC-0014,1,105.04,0.15,PLN
SO-2023-013729,1,2023-11-26,2023-11-29,PL-MKT-01,C000477,VM-BIK-0020,1,1155.54,0.3,PLN
SO-2023-013729,2,2023-11-26,2023-11-29,PL-MKT-01,C000477,VM-NUT-0005,12,8.59,0.3,PLN
SO-2023-013730,1,2023-11-26,2023-11-27,PL-MKT-01,C005291,VM-APP-0007,1,152.79,0.15,PLN
SO-2023-013730,2,2023-11-26,2023-11-27,PL-MKT-01,C005291,VM-BIK-0002,1,9196.64,0.15,PLN
SO-2023-013730,3,2023-11-26,2023-11-27,PL-MKT-01,C005291,VM-BIK-0011,1,8260.74,0.3,PLN
SO-2023-013730,4,2023-11-26,2023-11-27,PL-MKT-01,C005291,VM-APP-0017,2,181.44,0.3,PLN
SO-2023-013731,1,2023-11-26,2023-11-29,PL-MKT-01,C005810,VM-ACC-0008,1,381.99,0.25,PLN
SO-2023-013731,2,2023-11-26,2023-11-29,PL-MKT-01,C005810,VM-APP-0010,1,162.34,0.2,PLN
SO-2023-013732,1,2023-11-26,2023-11-27,PL-MKT-01,C003819,vm-cmp-0001,2,381.99,0.2,PLN
SO-2023-013733,1,2023-11-26,2023-11-28,PL-MKT-01,C005499,VM-APP-0002,2,420.19,0.3,PLN
SO-2023-013733,2,2023-11-26,2023-11-28,PL-MKT-01,C005499,VM-ACC-0013,1,162.34,0.2,PLN
SO-2023-013733,3,2023-11-26,2023-11-28,PL-MKT-01,C005499,VM-BIK-0013,1,4583.99,0.3,PLN
SO-2023-013734,1,2023-11-26,2023-11-30,PL-MKT-01,C005811,VM-APP-0002,2,420.19,0.15,PLN
SO-2023-013735,1,2023-11-26,2023-11-29,PL-MKT-01,C000410,VM-CMP-0010,1,372.44,0.25,PLN
SO-2023-013735,2,2023-11-26,2023-11-29,PL-MKT-01,C000410,VM-ACC-0008,2,381.99,0.15,PLN
SO-2023-013736,1,2023-11-26,2023-11-28,PL-MKT-01,C005812,VM-NUT-0004,10,6.68,0.25,PLN
SO-2023-013736,2,2023-11-26,2023-11-28,PL-MKT-01,C005812,VM-NUT-0006,7,9.54,0.2,PLN
SO-2023-013737,1,2023-11-26,2023-11-29,PL-MKT-01,C001582,VM-APP-0012,1,830.84,0.25,PLN
SO-2023-013737,2,2023-11-26,2023-11-29,PL-MKT-01,C001582,VM-NUT-0010,3,33.42,0.15,PLN
SO-2023-013738,1,2023-11-26,2023-11-30,PL-MKT-01,C000730,VM-APP-0003,3,296.04,0.15,PLN
SO-2023-013739,1,2023-11-26,2023-11-30,PL-MKT-01,C004079,vm-nut-0004,9,6.68,0.3,PLN
SO-2023-013740,1,2023-11-26,2023-11-28,PL-MKT-01,C004945,VM-ACC-0001,1,362.89,0.3,PLN
SO-2023-013740,2,2023-11-26,2023-11-28,PL-MKT-01,C004945, VM-NUT-0003 ,3,10.5,0.15,PLN
SO-2023-013740,3,2023-11-26,2023-11-28,PL-MKT-01,C004945,VM-APP-0010,1,162.34,0.3,PLN
SO-2023-013740,4,2023-11-26,2023-11-28,PL-MKT-01,C004945,VM-APP-0001,2,439.29,0.3,PLN
SO-2023-013741,1,2023-11-26,2023-11-28,PL-MKT-01,C003058,VM-NUT-0007,9,12.41,0.2,PLN
SO-2023-013741,2,2023-11-26,2023-11-28,PL-MKT-01,C003058,VM-CMP-0009,2,334.24,0.15,PLN
SO-2023-013742,1,2023-11-26,2023-11-26,CZ-PRG-01,,VM-APP-0001,3,2317.0,0.15,CZK
SO-2023-013742,2,2023-11-26,2023-11-26,CZ-PRG-01,,VM-APP-0006,3,1561.0,0.15,CZK
SO-2023-013743,1,2023-11-26,2023-11-26,CZ-PRG-01,,VM-CMP-0002,1,2821.0,0.15,CZK
SO-2023-013744,1,2023-11-26,2023-11-26,CZ-PRG-01,,VM-APP-0011,2,2065.0,0.15,CZK
SO-2023-013745,1,2023-11-26,2023-11-26,CZ-PRG-01,,VM-NUT-0004,4,35.0,0.15,CZK
SO-2023-013746,1,2023-11-26,2023-11-26,CZ-PRG-01,C005273,VM-APP-0006,2,1561.0,0.15,CZK
SO-2023-013746,2,2023-11-26,2023-11-26,CZ-PRG-01,C005273,VM-CMP-0020,2,1310.0,0.15,CZK
SO-2023-013747,1,2023-11-26,2023-11-26,CZ-PRG-01,C005813,VM-ACC-0013,1,856.0,0.15,CZK
SO-2023-013748,1,2023-11-26,2023-11-26,CZ-PRG-01,C000841,VM-APP-0014,1,2468.0,0.15,CZK
SO-2023-013748,2,2023-11-26,2023-11-26,CZ-PRG-01,C000841,VM-NUT-0005,5,45.0,0.15,CZK
SO-2023-013748,3,2023-11-26,2023-11-26,CZ-PRG-01,C000841,VM-CMP-0017,2,2518.0,0.15,CZK
SO-2023-013749,1,2023-11-26,2023-11-27,CZ-WEB-01,C000896,VM-CMP-0021,4,242.0,0.3,CZK
SO-2023-013750,1,2023-11-26,2023-11-30,CZ-WEB-01,C003663,VM-EBK-0009,1,49916.0,0.2,CZK
SO-2023-013751,1,2023-11-26,2023-11-28,CZ-WEB-01,C004060,VM-BIK-0007,1,35510.0,0.3,CZK
SO-2023-013752,1,2023-11-26,2023-11-27,CZ-WEB-01,C005814,VM-BIK-0017,1,9620.0,0.15,CZK
SO-2023-013753,1,2023-11-26,2023-11-27,CZ-WEB-01,C004232,VM-ACC-0008,2,2015.0,0.3,CZK
SO-2023-013754,1,2023-11-26,2023-11-28,CZ-WEB-01,C003780,VM-BIK-0017,1,9620.0,0.15,CZK
SO-2023-013754,2,2023-11-26,2023-11-28,CZ-WEB-01,C003780,VM-CMP-0001,1,2015.0,0.3,CZK
SO-2023-013754,3,2023-11-26,2023-11-28,CZ-WEB-01,C003780,VM-APP-0006,3,1561.0,0.3,CZK
SO-2023-013755,1,2023-11-26,2023-11-30,CZ-WEB-01,C005815,VM-NUT-0004,7,35.0,0.2,CZK
SO-2023-013756,1,2023-11-26,2023-11-28,CZ-WEB-01,C005816,VM-ACC-0014,1,554.0,0.2,CZK
SO-2023-013756,2,2023-11-26,2023-11-28,CZ-WEB-01,C005816,VM-APP-0002,2,2216.0,0.15,CZK
SO-2023-013757,1,2023-11-26,2023-11-28,CZ-WEB-01,C005817,VM-ACC-0001,1,1914.0,0.15,CZK
SO-2023-013757,2,2023-11-26,2023-11-28,CZ-WEB-01,C005817,VM-CMP-0015,1,4634.0,0.2,CZK
SO-2023-013757,3,2023-11-26,2023-11-28,CZ-WEB-01,C005817,VM-BIK-0003,1,32941.0,0.3,CZK
SO-2023-013758,1,2023-11-26,2023-11-27,CZ-WEB-01,C005818,VM-CMP-0017,2,2518.0,0.2,CZK
SO-2023-013758,2,2023-11-26,2023-11-27,CZ-WEB-01,C005818,VM-APP-0006,3,1561.0,0.2,CZK
SO-2023-013759,1,2023-11-26,2023-11-27,DE-WEB-01,C005819,VM-BIK-0022,1,300.79,0.15,EUR
SO-2023-013760,1,2023-11-26,2023-11-29,DE-WEB-01,C004136,VM-NUT-0004,8,1.5,0.25,EUR
SO-2023-013760,2,2023-11-26,2023-11-29,DE-WEB-01,C004136,VM-APP-0006,2,66.6,0.15,EUR
SO-2023-013761,1,2023-11-26,2023-11-29,DE-WEB-01,C005820,VM-ACC-0018,2,10.74,0.25,EUR
SO-2023-013762,1,2023-11-26,2023-11-28,DE-WEB-01,C005821,VM-ACC-0021,1,167.58,0.15,EUR
SO-2023-013763,1,2023-11-26,2023-11-29,DE-WEB-01,C005822,VM-ACC-0018,2,10.74,0.25,EUR
SO-2023-013764,1,2023-11-26,2023-11-30,DE-WEB-01,C005823,VM-APP-0002,3,94.53,0.15,EUR
SO-2023-013765,1,2023-11-26,2023-11-27,DE-WEB-01,C005824,VM-ACC-0017,3,12.46,0.15,EUR
SO-2023-013765,2,2023-11-26,2023-11-27,DE-WEB-01,C005824,VM-APP-0006,1,66.6,0.15,EUR
SO-2023-013765,3,2023-11-26,2023-11-27,DE-WEB-01,C005824,VM-ACC-0008,1,85.94,0.15,EUR
SO-2023-013766,1,2023-11-26,2023-11-28,DE-WEB-01,C004221,VM-ACC-0022,1,337.32,0.2,EUR
SO-2023-013766,2,2023-11-26,2023-11-28,DE-WEB-01,C004221,VM-EBK-0003,1,1953.01,0.3,EUR
SO-2023-013766,3,2023-11-26,2023-11-28,DE-WEB-01,C004221,VM-APP-0010,1,36.52,0.2,EUR
SO-2023-013767,1,2023-11-26,2023-11-27,DE-WEB-01,C005287,VM-NUT-0003,11,2.36,0.15,EUR
SO-2023-013768,1,2023-11-26,2023-11-29,DE-WEB-01,C005825,VM-APP-0005,2,38.67,0.15,EUR
SO-2023-013768,2,2023-11-26,2023-11-29,DE-WEB-01,C005825,VM-APP-0011,2,88.09,0.3,EUR
SO-2023-013768,3,2023-11-26,2023-11-29,DE-WEB-01,C005825,VM-APP-0001,1,98.83,0.25,EUR
SO-2023-013769,1,2023-11-27,2023-11-27,PL-WAW-01,,VM-NUT-0010,2,33.42,0.15,PLN
SO-2023-013769,2,2023-11-27,2023-11-27,PL-WAW-01,,VM-APP-0020,1,171.89,0.15,PLN
SO-2023-013770,1,2023-11-27,2023-11-27,PL-WAW-01,C000757,VM-ACC-0008,4,381.99,0.15,PLN
SO-2023-013770,2,2023-11-27,2023-11-27,PL-WAW-01,C000757,VM-APP-0006,5,296.04,0.15,PLN
SO-2023-013771,1,2023-11-27,2023-11-27,PL-WAW-01,C005826,VM-APP-0003,2,296.04,0.15,PLN
SO-2023-013771,2,2023-11-27,2023-11-27,PL-WAW-01,C005826,VM-NUT-0002,7,14.32,0.15,PLN
SO-2023-013771,3,2023-11-27,2023-11-27,PL-WAW-01,C005826,VM-APP-0008,1,152.79,0.15,PLN
SO-2023-013771,4,2023-11-27,2023-11-27,PL-WAW-01,C005826,VM-BIK-0013,1,4583.99,0.15,PLN
SO-2023-013772,1,2023-11-27,2023-11-27,PL-WAW-01,C003580,VM-ACC-0002,2,582.54,0.15,PLN
SO-2023-013772,2,2023-11-27,2023-11-27,PL-WAW-01,C003580,VM-ACC-0007,1,343.79,0.15,PLN
SO-2023-013773,1,2023-11-27,2023-11-27,PL-WAW-01,C005827,VM-ACC-0023,1,888.14,0.15,PLN
SO-2023-013774,1,2023-11-27,2023-11-27,PL-WAW-01,C003634,VM-APP-0005,3,171.89,0.15,PLN
SO-2023-013774,2,2023-11-27,2023-11-27,PL-WAW-01,C003634,VM-APP-0013,1,420.19,0.15,PLN
SO-2023-013775,1,2023-11-27,2023-11-27,PL-WAW-01,,VM-APP-0010,2,162.34,0.15,PLN
SO-2023-013776,1,2023-11-27,2023-11-27,PL-WAW-01,,VM-NUT-0003,6,10.5,0.15,PLN
SO-2023-013776,2,2023-11-27,2023-11-27,PL-WAW-01,,VM-NUT-0001,4,8.59,0.15,PLN
SO-2023-013777,1,2023-11-27,2023-11-27,PL-WAW-02,C005828,VM-APP-0002,2,420.19,0.15,PLN
SO-2023-013778,1,2023-11-27,2023-11-27,PL-WAW-02,C005057,VM-BIK-0022,1,1336.99,0.15,PLN
SO-2023-013779,1,2023-11-27,2023-11-27,PL-WAW-02,C003901,VM-ACC-0018,2,47.74,0.15,PLN
SO-2023-013780,1,2023-11-27,2023-11-27,PL-WAW-02,C004024,VM-BIK-0009,1,5386.19,0.15,PLN
SO-2023-013781,1,2023-11-27,2023-11-27,PL-WAW-02,,VM-ACC-0014,1,105.04,0.15,PLN
SO-2023-013782,1,2023-11-27,2023-11-27,PL-KRK-01,,VM-ACC-0021,1,744.89,0.15,PLN
SO-2023-013783,1,2023-11-27,2023-11-27,PL-KRK-01,C005829,VM-CMP-0008,1,420.19,0.15,PLN
SO-2023-013784,1,2023-11-27,2023-11-27,PL-KRK-01,C005830,VM-NUT-0004,3,6.68,0.15,PLN
SO-2023-013785,1,2023-11-27,2023-11-27,PL-KRK-01,C004685,VM-CMP-0015,2,878.59,0.15,PLN
SO-2023-013785,2,2023-11-27,2023-11-27,PL-KRK-01,C004685,VM-ACC-0008,2,381.99,0.15,PLN
SO-2023-013786,1,2023-11-27,2023-11-27,PL-KRK-01,C005831,VM-EBK-0001,1,7324.84,0.15,PLN
SO-2023-013787,1,2023-11-27,2023-11-27,PL-KRK-01,C001048,VM-BIK-0016,3,3428.44,0.15,PLN
SO-2023-013788,1,2023-11-27,2023-11-27,PL-KRK-01,C002279,VM-NUT-0010,3,33.42,0.15,PLN
SO-2023-013789,1,2023-11-27,2023-11-27,PL-KRK-01,,VM-ACC-0008,1,381.99,0.15,PLN
SO-2023-013789,2,2023-11-27,2023-11-27,PL-KRK-01,,VM-APP-0005,1,171.89,0.15,PLN
SO-2023-013790,1,2023-11-27,2023-11-27,PL-KRK-01,C004440,VM-ACC-0020,5,773.54,0.15,PLN
SO-2023-013790,2,2023-11-27,2023-11-27,PL-KRK-01,C004440,VM-BIK-0003,4,6245.69,0.15,PLN
SO-2023-013791,1,2023-11-27,2023-11-27,PL-KRK-01,,VM-CMP-0001,1,381.99,0.15,PLN
SO-2023-013792,1,2023-11-27,2023-11-27,PL-KRK-01,,VM-CMP-0012,1,515.69,0.15,PLN
SO-2023-013793,1,2023-11-27,2023-11-27,PL-WRO-01,C005832,VM-CMP-0015,2,878.59,0.15,PLN
SO-2023-013794,1,2023-11-27,2023-11-27,PL-WRO-01,C000953,VM-ACC-0014,1,105.04,0.15,PLN
SO-2023-013794,2,2023-11-27,2023-11-27,PL-WRO-01,C000953,VM-APP-0009,1,334.24,0.15,PLN
SO-2023-013794,3,2023-11-27,2023-11-27,PL-WRO-01,C000953,VM-ACC-0023,1,888.14,0.15,PLN
SO-2023-013795,1,2023-11-27,2023-11-27,PL-WRO-01,,VM-NUT-0005,3,8.59,0.15,PLN
SO-2023-013796,1,2023-11-27,2023-11-27,PL-GDN-01,C005833,VM-APP-0002,3,420.19,0.15,PLN
SO-2023-013797,1,2023-11-27,2023-11-27,PL-GDN-01,C004985,VM-BIK-0022,4,1336.99,0.15,PLN
SO-2023-013798,1,2023-11-27,2023-11-27,PL-GDN-01,C005834,VM-ACC-0012,1,68.75,0.15,PLN
SO-2023-013799,1,2023-11-27,2023-11-27,PL-POZ-01,,VM-ACC-0020,1,773.54,0.15,PLN
SO-2023-013800,1,2023-11-27,2023-11-27,PL-POZ-01,C003488,VM-BIK-0003,1,6245.69,0.15,PLN
SO-2023-013800,2,2023-11-27,2023-11-27,PL-POZ-01,C003488,VM-ACC-0008,2,381.99,0.15,PLN
SO-2023-013801,1,2023-11-27,2023-12-01,PL-WEB-01,C005086,VM-NUT-0003,14,10.5,0.3,PLN
SO-2023-013801,2,2023-11-27,2023-12-01,PL-WEB-01,C005086,VM-ACC-0003,4,276.94,0.25,PLN
SO-2023-013801,3,2023-11-27,2023-12-01,PL-WEB-01,C005086,VM-CMP-0013,4,506.14,0.3,PLN
SO-2023-013802,1,2023-11-27,2023-12-01,PL-WEB-01,C002085,VM-BIK-0011,1,8260.74,0.3,PLN
SO-2023-013802,2,2023-11-27,2023-12-01,PL-WEB-01,C002085,VM-ACC-0018,3,47.74,0.15,PLN
SO-2023-013803,1,2023-11-27,2023-12-01,PL-WEB-01,C005835,VM-ACC-0005,2,171.89,0.25,PLN
SO-2023-013804,1,2023-11-27,2023-11-29,PL-WEB-01,C005836,VM-ACC-0008,1,381.99,0.3,PLN
SO-2023-013804,2,2023-11-27,2023-11-29,PL-WEB-01,C005836,VM-NUT-0005,9,8.59,0.3,PLN
SO-2023-013805,1,2023-11-27,2023-11-30,PL-WEB-01,C005837,VM-APP-0001,3,439.29,0.15,PLN
SO-2023-013806,1,2023-11-27,2023-11-28,PL-WEB-01,C002303,VM-ACC-0008,2,381.99,0.15,PLN
SO-2023-013807,1,2023-11-27,2023-11-29,PL-WEB-01,C003845,VM-CMP-0018,2,59.2,0.15,PLN
SO-2023-013808,1,2023-11-27,2023-11-30,PL-WEB-01,C005838,VM-APP-0008,1,152.79,0.2,PLN
SO-2023-013808,2,2023-11-27,2023-11-30,PL-WEB-01,C005838,VM-CMP-0010,2,372.44,0.2,PLN
SO-2023-013808,3,2023-11-27,2023-11-30,PL-WEB-01,C005838,VM-APP-0012,1,830.84,0.3,PLN
SO-2023-013808,4,2023-11-27,2023-11-30,PL-WEB-01,C005838,VM-NUT-0002,5,14.32,0.15,PLN
SO-2023-013809,1,2023-11-27,2023-11-30,PL-WEB-01,C003730,VM-ACC-0005,1,171.89,0.3,PLN
SO-2023-013810,1,2023-11-27,2023-11-29,PL-WEB-01,C004938,VM-BIK-0004,1,4077.84,0.25,PLN
SO-2023-013810,2,2023-11-27,2023-11-29,PL-WEB-01,C004938,VM-ACC-0007,1,343.79,0.15,PLN
SO-2023-013810,3,2023-11-27,2023-11-29,PL-WEB-01,C004938,VM-ACC-0019,3,47.74,0.3,PLN
SO-2023-013810,4,2023-11-27,2023-11-29,PL-WEB-01,C004938,VM-ACC-0008,1,381.99,0.2,PLN
SO-2023-013811,1,2023-11-27,2023-11-30,PL-WEB-01,C005381,VM-APP-0017,1,181.44,0.3,PLN
SO-2023-013812,1,2023-11-27,2023-11-28,PL-WEB-01,C005839,VM-APP-0002,3,420.19,0.15,PLN
SO-2023-013812,2,2023-11-27,2023-11-28,PL-WEB-01,C005839,VM-APP-0013,1,420.19,0.2,PLN
SO-2023-013813,1,2023-11-27,2023-11-29,PL-WEB-01,C004128,VM-NUT-0004,7,6.68,0.3,PLN
SO-2023-013814,1,2023-11-27,2023-11-29,PL-WEB-01,C005840,VM-ACC-0020,1,773.54,0.25,PLN
SO-2023-013814,2,2023-11-27,2023-11-29,PL-WEB-01,C005840,VM-EBK-0007,1,14038.49,0.15,PLN
SO-2023-013814,3,2023-11-27,2023-11-29,PL-WEB-01,C005840,VM-APP-0011,1,391.54,0.25,PLN
SO-2023-013815,1,2023-11-27,2023-11-28,PL-WEB-01,C001253,VM-APP-0006,3,296.04,0.2,PLN
SO-2023-013816,1,2023-11-27,2023-11-30,PL-WEB-01,C005841,vm-ebk-0011,1,13981.19,0.3,PLN
SO-2023-013817,1,2023-11-27,2023-11-28,PL-WEB-01,C005842,VM-ACC-0008,10,381.99,0.3,PLN
SO-2023-013818,1,2023-11-27,2023-12-01,PL-WEB-01,C005843,VM-APP-0017,1,181.44,0.2,PLN
SO-2023-013819,1,2023-11-27,2023-11-28,PL-WEB-01,C001388,VM-APP-0010,5,162.34,0.2,PLN
SO-2023-013820,1,2023-11-27,2023-11-30,PL-WEB-01,C003955,VM-NUT-0004,50,6.68,0.15,PLN
SO-2023-013820,2,2023-11-27,2023-11-30,PL-WEB-01,C003955,vm-acc-0003,6,276.94,0.15,PLN
SO-2023-013821,1,2023-11-27,2023-11-30,PL-WEB-01,C005844,VM-EBK-0007,1,14038.49,0.25,PLN
SO-2023-013822,1,2023-11-27,2023-11-30,PL-WEB-01,C002273,VM-APP-0006,3,296.04,0.2,PLN
SO-2023-013823,1,2023-11-27,2023-11-30,PL-WEB-01,C003398,VM-NUT-0006,6,9.54,0.3,PLN
SO-2023-013823,2,2023-11-27,2023-11-30,PL-WEB-01,C003398,VM-ACC-0013,1,162.34,0.25,PLN
SO-2023-013824,1,2023-11-27,2023-11-30,PL-WEB-01,C000791,VM-CMP-0002,2,534.79,0.25,PLN
SO-2023-013825,1,2023-11-27,2023-11-28,PL-WEB-01,C005845,VM-CMP-0023,3,56.34,0.3,PLN
SO-2023-013825,2,2023-11-27,2023-11-28,PL-WEB-01,C005845,VM-NUT-0004,11,6.68,0.3,PLN
SO-2023-013826,1,2023-11-27,2023-11-29,PL-WEB-01,C005846,VM-APP-0006,2,296.04,0.2,PLN
SO-2023-013826,2,2023-11-27,2023-11-29,PL-WEB-01,C005846,VM-CMP-0009,2,334.24,0.2,PLN
SO-2023-013826,3,2023-11-27,2023-11-29,PL-WEB-01,C005846,VM-NUT-0011,4,51.56,0.2,PLN
SO-2023-013827,1,2023-11-27,2023-12-01,PL-WEB-01,C000627,VM-CMP-0013,2,506.14,0.2,PLN
SO-2023-013827,2,2023-11-27,2023-12-01,PL-WEB-01,C000627,VM-BIK-0003,1,6245.69,0.15,PLN
SO-2023-013828,1,2023-11-27,2023-12-01,PL-MKT-01,C005847,VM-ACC-0008,1,381.99,0.15,PLN
SO-2023-013828,2,2023-11-27,2023-12-01,PL-MKT-01,C005847,VM-ACC-0013,1,162.34,0.3,PLN
SO-2023-013828,3,2023-11-27,2023-12-01,PL-MKT-01,C005847,VM-NUT-0003,8,10.5,0.2,PLN
SO-2023-013829,1,2023-11-27,2023-11-30,PL-MKT-01,C005848,VM-EBK-0006,1,19233.69,0.3,PLN
SO-2023-013829,2,2023-11-27,2023-11-30,PL-MKT-01,C005848,VM-APP-0015,1,544.34,0.3,PLN
SO-2023-013830,1,2023-11-27,2023-11-28,PL-MKT-01,C005756,VM-APP-0010,1,162.34,0.25,PLN
SO-2023-013830,2,2023-11-27,2023-11-28,PL-MKT-01,C005756,VM-ACC-0008,1,381.99,0.3,PLN
SO-2023-013830,3,2023-11-27,2023-11-28,PL-MKT-01,C005756,VM-ACC-0014,1,105.04,0.15,PLN
SO-2023-013831,1,2023-11-27,2023-11-28,PL-MKT-01,C003042,VM-ACC-0005,1,171.89,0.3,PLN
SO-2023-013832,1,2023-11-27,2023-11-29,PL-MKT-01,C004074,VM-BIK-0019,1,1155.54,0.2,PLN
SO-2023-013833,1,2023-11-27,2023-11-30,PL-MKT-01,C003261,VM-APP-0006,2,296.04,0.2,PLN
SO-2023-013834,1,2023-11-27,2023-11-30,PL-MKT-01,C005849,VM-APP-0006,2,296.04,0.15,PLN
SO-2023-013835,1,2023-11-27,2023-11-30,PL-MKT-01,C005850,VM-CMP-0015,1,878.59,0.2,PLN
SO-2023-013836,1,2023-11-27,2023-11-29,PL-MKT-01,C004996,VM-BIK-0016,1,3428.44,0.2,PLN
SO-2023-013836,2,2023-11-27,2023-11-29,PL-MKT-01,C004996,VM-APP-0001,2,439.29,0.25,PLN
SO-2023-013837,1,2023-11-27,2023-11-29,PL-MKT-01,C004763,VM-CMP-0020,3,248.29,0.2,PLN
SO-2023-013838,1,2023-11-27,2023-12-01,PL-MKT-01,C000592,VM-ACC-0014,1,105.04,0.25,PLN
SO-2023-013839,1,2023-11-27,2023-11-29,PL-MKT-01,C002630,VM-ACC-0022,3,1499.34,0.25,PLN
SO-2023-013840,1,2023-11-27,2023-11-27,CZ-PRG-01,,VM-NUT-0005,11,45.0,0.15,CZK
SO-2023-013841,1,2023-11-27,2023-11-27,CZ-PRG-01,, VM-APP-0008 ,2,806.0,0.15,CZK
SO-2023-013841,2,2023-11-27,2023-11-27,CZ-PRG-01,,VM-BIK-0008,1,26746.0,0.15,CZK
SO-2023-013842,1,2023-11-27,2023-11-27,CZ-PRG-01,C004989,VM-ACC-0013,4,856.0,0.15,CZK
SO-2023-013843,1,2023-11-27,2023-12-01,CZ-WEB-01,C005003,VM-APP-0010,2,856.0,0.2,CZK
SO-2023-013844,1,2023-11-27,2023-11-29,CZ-WEB-01,C005851,VM-CMP-0016,2,12391.0,0.25,CZK
SO-2023-013844,2,2023-11-27,2023-11-29,CZ-WEB-01,C005851,VM-APP-0005,1,907.0,0.3,CZK
SO-2023-013845,1,2023-11-27,2023-11-29,CZ-WEB-01,C005439,VM-APP-0009,2,1763.0,0.2,CZK
SO-2023-013846,1,2023-11-27,2023-11-29,CZ-WEB-01,C003984,VM-CMP-0012,2,2720.0,0.25,CZK
SO-2023-013846,2,2023-11-27,2023-11-29,CZ-WEB-01,C003984,VM-APP-0020,2,907.0,0.15,CZK
SO-2023-013846,3,2023-11-27,2023-11-29,CZ-WEB-01,C003984,VM-CMP-0002,2,2821.0,0.3,CZK
SO-2023-013846,4,2023-11-27,2023-11-29,CZ-WEB-01,C003984,VM-ACC-0013,1,856.0,0.3,CZK
SO-2023-013847,1,2023-11-27,2023-12-01,CZ-WEB-01,C002616,VM-ACC-0001,2,1914.0,0.2,CZK
SO-2023-013847,2,2023-11-27,2023-12-01,CZ-WEB-01,C002616,VM-ACC-0018,2,252.0,0.15,CZK
SO-2023-013848,1,2023-11-27,2023-11-29,CZ-WEB-01,C001753,vm-app-0007,2,806.0,0.15,CZK
SO-2023-013848,2,2023-11-27,2023-11-29,CZ-WEB-01,C001753,VM-ACC-0008,1,2015.0,0.2,CZK
SO-2023-013848,3,2023-11-27,2023-11-29,CZ-WEB-01,C001753,VM-EBK-0001,1,38633.0,0.2,CZK
SO-2023-013849,1,2023-11-27,2023-11-30,CZ-WEB-01,C005852,VM-ACC-0008,1,2015.0,0.3,CZK
SO-2023-013850,1,2023-11-27,2023-11-28,CZ-WEB-01,C005853,VM-NUT-0010,1,176.0,0.3,CZK
SO-2023-013851,1,2023-11-27,2023-12-01,CZ-WEB-01,C000832,VM-APP-0001,2,2317.0,0.3,CZK
SO-2023-013851,2,2023-11-27,2023-12-01,CZ-WEB-01,C000832,VM-APP-0010,1,856.0,0.15,CZK
SO-2023-013851,3,2023-11-27,2023-12-01,CZ-WEB-01,C000832,VM-APP-0012,1,4382.0,0.3,CZK
SO-2023-013852,1,2023-11-27,2023-11-30,CZ-WEB-01,C005854,VM-NUT-0004,45,35.0,0.25,CZK
SO-2023-013852,2,2023-11-27,2023-11-30,CZ-WEB-01,C005854,VM-NUT-0001,25,45.0,0.3,CZK
SO-2023-013853,1,2023-11-27,2023-12-01,CZ-WEB-01,C005855,VM-CMP-0014,1,2166.0,0.3,CZK
SO-2023-013854,1,2023-11-27,2023-11-28,CZ-WEB-01,C003076,VM-CMP-0008,1,2216.0,0.2,CZK
SO-2023-013854,2,2023-11-27,2023-11-28,CZ-WEB-01,C003076,VM-APP-0003,3,1561.0,0.2,CZK
SO-2023-013854,3,2023-11-27,2023-11-28,CZ-WEB-01,C003076,VM-ACC-0018,3,252.0,0.2,CZK
SO-2023-013855,1,2023-11-27,2023-12-01,CZ-WEB-01,C004314,VM-APP-0010,2,856.0,0.3,CZK
SO-2023-013856,1,2023-11-27,2023-11-27,DE-BER-01,C004943,VM-APP-0006,2,66.6,0.15,EUR
SO-2023-013857,1,2023-11-27,2023-11-27,DE-BER-01,C002827,VM-ACC-0014,1,23.63,0.15,EUR
SO-2023-013858,1,2023-11-27,2023-11-28,DE-WEB-01,C003318,VM-ACC-0001,2,81.64,0.25,EUR
SO-2023-013858,2,2023-11-27,2023-11-28,DE-WEB-01,C003318,VM-CMP-0002,2,120.32,0.15,EUR
SO-2023-013859,1,2023-11-27,2023-11-29,DE-WEB-01,C000520,vm-app-0017,1,40.82,0.25,EUR
SO-2023-013860,1,2023-11-27,2023-12-01,DE-WEB-01,C005856,VM-NUT-0010,4,7.52,0.15,EUR
SO-2023-013860,2,2023-11-27,2023-12-01,DE-WEB-01,C005856,VM-BIK-0021,1,268.56,0.15,EUR
SO-2023-013861,1,2023-11-27,2023-12-01,DE-WEB-01,C005857,VM-BIK-0016,1,771.32,0.15,EUR
SO-2023-013862,1,2023-11-27,2023-11-28,DE-WEB-01,C000695,VM-APP-0006,3,66.6,0.15,EUR
SO-2023-013862,2,2023-11-27,2023-11-28,DE-WEB-01,C000695,VM-CMP-0019,3,45.12,0.15,EUR
SO-2023-013863,1,2023-11-27,2023-11-30,DE-WEB-01,C005858,VM-ACC-0002,1,131.06,0.3,EUR
SO-2023-013863,2,2023-11-27,2023-11-30,DE-WEB-01,C005858,VM-ACC-0010,2,53.71,0.25,EUR
SO-2023-013864,1,2023-11-28,2023-11-28,PL-WAW-01,,vm-nut-0005,11,8.59,0.0,PLN
SO-2023-013865,1,2023-11-28,2023-11-28,PL-WAW-01,,VM-BIK-0007,1,6732.74,0.0,PLN
SO-2023-013865,2,2023-11-28,2023-11-28,PL-WAW-01,,VM-APP-0010,1,162.34,0.0,PLN
SO-2023-013865,3,2023-11-28,2023-11-28,PL-WAW-01,,VM-ACC-0007,2,343.79,0.1,PLN
SO-2023-013866,1,2023-11-28,2023-11-28,PL-WAW-01,,VM-APP-0010,1,162.34,0.0,PLN
SO-2023-013867,1,2023-11-28,2023-11-28,PL-WAW-01,C003070,VM-NUT-0001,56,8.59,0.1,PLN
SO-2023-013867,2,2023-11-28,2023-11-28,PL-WAW-01,C003070,vm-bik-0003,2,6245.69,0.1,PLN
SO-2023-013867,3,2023-11-28,2023-11-28,PL-WAW-01,C003070,VM-BIK-0005,3,7076.54,0.1,PLN
SO-2023-013868,1,2023-11-28,2023-11-28,PL-WAW-01,C005859,VM-ACC-0021,2,744.89,0.1,PLN
SO-2023-013868,2,2023-11-28,2023-11-28,PL-WAW-01,C005859,VM-APP-0019,4,63.02,0.1,PLN
SO-2023-013868,3,2023-11-28,2023-11-28,PL-WAW-01,C005859,VM-NUT-0002,30,14.32,0.08,PLN
SO-2023-013868,4,2023-11-28,2023-11-28,PL-WAW-01,C005859,VM-ACC-0001,10,362.89,0.12,PLN
SO-2023-013869,1,2023-11-28,2023-11-28,PL-WAW-01,C005792,VM-APP-0012,1,830.84,0.0,PLN
SO-2023-013869,2,2023-11-28,2023-11-28,PL-WAW-01,C005792,VM-ACC-0008,2,381.99,0.0,PLN
SO-2023-013870,1,2023-11-28,2023-11-28,PL-WAW-02,,VM-ACC-0001,1,362.89,0.0,PLN
SO-2023-013870,2,2023-11-28,2023-11-28,PL-WAW-02,,VM-ACC-0008,1,381.99,0.0,PLN
SO-2023-013870,3,2023-11-28,2023-11-28,PL-WAW-02,,VM-NUT-0004,14,6.68,0.0,PLN
SO-2023-013870,4,2023-11-28,2023-11-28,PL-WAW-02,,VM-NUT-0006,7,9.54,0.0,PLN
SO-2023-013871,1,2023-11-28,2023-11-28,PL-WAW-02,C005860,VM-CMP-0023,3,56.34,0.0,PLN
SO-2023-013871,2,2023-11-28,2023-11-28,PL-WAW-02,C005860,VM-ACC-0021,1,744.89,0.0,PLN
SO-2023-013872,1,2023-11-28,2023-11-28,PL-WAW-02,C005861,VM-APP-0010,2,162.34,0.0,PLN
SO-2023-013872,2,2023-11-28,2023-11-28,PL-WAW-02,C005861,VM-APP-0011,1,391.54,0.0,PLN
SO-2023-013873,1,2023-11-28,2023-11-28,PL-KRK-01,,VM-CMP-0020,2,248.29,0.0,PLN
SO-2023-013873,2,2023-11-28,2023-11-28,PL-KRK-01,,VM-NUT-0003,4,10.5,0.0,PLN
SO-2023-013873,3,2023-11-28,2023-11-28,PL-KRK-01,,VM-NUT-0002,12,14.32,0.0,PLN
SO-2023-013874,1,2023-11-28,2023-11-28,PL-KRK-01,C005862,VM-BIK-0016,1,3428.44,0.0,PLN
SO-2023-013875,1,2023-11-28,2023-11-28,PL-KRK-01,C005610,VM-APP-0010,1,162.34,0.0,PLN
SO-2023-013875,2,2023-11-28,2023-11-28,PL-KRK-01,C005610,VM-CMP-0006,2,190.99,0.0,PLN
SO-2023-013876,1,2023-11-28,2023-11-28,PL-WRO-01,C005863,VM-CMP-0004,2,687.59,0.05,PLN
SO-2023-013876,2,2023-11-28,2023-11-28,PL-WRO-01,C005863,VM-EBK-0011,1,13981.19,0.05,PLN
SO-2023-013876,3,2023-11-28,2023-11-28,PL-WRO-01,C005863,VM-EBK-0002,1,9502.24,0.05,PLN
SO-2023-013876,4,2023-11-28,2023-11-28,PL-WRO-01,C005863,VM-APP-0001,2,439.29,0.05,PLN
SO-2023-013877,1,2023-11-28,2023-11-28,PL-WRO-01,C005864,VM-NUT-0007,4,12.41,0.0,PLN
SO-2023-013877,2,2023-11-28,2023-11-28,PL-WRO-01,C005864,VM-CMP-0012,1,515.69,0.05,PLN
SO-2023-013878,1,2023-11-28,2023-11-28,PL-WRO-01,,VM-CMP-0009,1,334.24,0.0,PLN
SO-2023-013879,1,2023-11-28,2023-11-28,PL-GDN-01,C001215,VM-CMP-0002,2,534.79,0.0,PLN
SO-2023-013879,2,2023-11-28,2023-11-28,PL-GDN-01,C001215,VM-CMP-0010,1,372.44,0.0,PLN
SO-2023-013879,3,2023-11-28,2023-11-28,PL-GDN-01,C001215,VM-CMP-0017,1,477.49,0.0,PLN
SO-2023-013880,1,2023-11-28,2023-11-28,PL-GDN-01,C003776,VM-BIK-0019,1,1155.54,0.0,PLN
SO-2023-013881,1,2023-11-28,2023-11-28,PL-POZ-01,C005865,VM-ACC-0003,1,276.94,0.0,PLN
SO-2023-013881,2,2023-11-28,2023-11-28,PL-POZ-01,C005865,VM-ACC-0011,2,68.75,0.0,PLN
SO-2023-013882,1,2023-11-28,2023-11-28,PL-POZ-01,C005866,VM-NUT-0010,4,33.42,0.0,PLN
SO-2023-013882,2,2023-11-28,2023-11-28,PL-POZ-01,C005866,VM-CMP-0013,2,506.14,0.0,PLN
SO-2023-013882,3,2023-11-28,2023-11-28,PL-POZ-01,C005866,VM-APP-0002,2,420.19,0.0,PLN
SO-2023-013883,1,2023-11-28,2023-11-29,PL-WEB-01,C000003,VM-ACC-0015,1,334.24,0.05,PLN
SO-2023-013884,1,2023-11-28,2023-12-01,PL-WEB-01,C005867,VM-ACC-0014,1,105.04,0.0,PLN
SO-2023-013885,1,2023-11-28,2023-11-29,PL-WEB-01,C005868,VM-BIK-0021,1,1193.74,0.05,PLN
SO-2023-013885,2,2023-11-28,2023-11-29,PL-WEB-01,C005868,VM-ACC-0003,2,276.94,0.05,PLN
SO-2023-013886,1,2023-11-28,2023-12-01,PL-WEB-01,C005301, VM-APP-0001 ,3,439.29,0.0,PLN
SO-2023-013887,1,2023-11-28,2023-11-30,PL-WEB-01,C005869,VM-APP-0010,2,162.34,0.0,PLN
SO-2023-013887,2,2023-11-28,2023-11-30,PL-WEB-01,C005869,VM-CMP-0003,1,229.19,0.0,PLN
SO-2023-013887,3,2023-11-28,2023-11-30,PL-WEB-01,C005869,VM-CMP-0012,2,515.69,0.0,PLN
SO-2023-013887,4,2023-11-28,2023-11-30,PL-WEB-01,C005869,VM-BIK-0012,1,11278.54,0.0,PLN
SO-2023-013888,1,2023-11-28,2023-11-30,PL-WEB-01,C003505,VM-NUT-0006,7,9.54,0.0,PLN
SO-2023-013888,2,2023-11-28,2023-11-30,PL-WEB-01,C003505,VM-APP-0006,3,296.04,0.05,PLN
SO-2023-013889,1,2023-11-28,2023-12-02,PL-WEB-01,C005870,VM-ACC-0015,1,334.24,0.0,PLN
SO-2023-013889,2,2023-11-28,2023-12-02,PL-WEB-01,C005870,VM-ACC-0018,1,47.74,0.0,PLN
SO-2023-013890,1,2023-11-28,2023-11-29,PL-WEB-01,C005871,VM-CMP-0009,2,334.24,0.0,PLN
SO-2023-013891,1,2023-11-28,2023-12-02,PL-WEB-01,C001459,VM-CMP-0020,3,248.29,0.1,PLN
SO-2023-013891,2,2023-11-28,2023-12-02,PL-WEB-01,C001459,VM-APP-0007,2,152.79,0.0,PLN
SO-2023-013892,1,2023-11-28,2023-12-02,PL-WEB-01,C005872,VM-BIK-0002,1,9196.64,0.0,PLN
SO-2023-013892,2,2023-11-28,2023-12-02,PL-WEB-01,C005872,VM-ACC-0003,2,276.94,0.0,PLN
SO-2023-013893,1,2023-11-28,2023-11-30,PL-WEB-01,C005279,VM-NUT-0011,4,51.56,0.0,PLN
SO-2023-013893,2,2023-11-28,2023-11-30,PL-WEB-01,C005279, VM-NUT-0006 ,4,9.54,0.0,PLN
SO-2023-013893,3,2023-11-28,2023-11-30,PL-WEB-01,C005279,VM-NUT-0001,12,8.59,0.0,PLN
SO-2023-013894,1,2023-11-28,2023-11-29,PL-WEB-01,C005873,VM-CMP-0017,1,477.49,0.05,PLN
SO-2023-013894,2,2023-11-28,2023-11-29,PL-WEB-01,C005873,VM-NUT-0003,10,10.5,0.05,PLN
SO-2023-013894,3,2023-11-28,2023-11-29,PL-WEB-01,C005873,VM-CMP-0018,1,59.2,0.05,PLN
SO-2023-013894,4,2023-11-28,2023-11-29,PL-WEB-01,C005873,VM-APP-0001,2,439.29,0.05,PLN
SO-2023-013895,1,2023-11-28,2023-12-02,PL-MKT-01,C005874,VM-BIK-0012,3,11278.54,0.08,PLN
SO-2023-013896,1,2023-11-28,2023-11-30,PL-MKT-01,C005875,VM-APP-0006,2,296.04,0.0,PLN
SO-2023-013896,2,2023-11-28,2023-11-30,PL-MKT-01,C005875,VM-NUT-0006,3,9.54,0.0,PLN
SO-2023-013896,3,2023-11-28,2023-11-30,PL-MKT-01,C005875,VM-APP-0013,1,420.19,0.0,PLN
SO-2023-013896,4,2023-11-28,2023-11-30,PL-MKT-01,C005875,VM-APP-0007,1,152.79,0.0,PLN
SO-2023-013897,1,2023-11-28,2023-12-01,PL-MKT-01,C003274,VM-EBK-0008,1,14420.49,0.05,PLN
SO-2023-013897,2,2023-11-28,2023-12-01,PL-MKT-01,C003274,VM-ACC-0005,1,171.89,0.05,PLN
SO-2023-013897,3,2023-11-28,2023-12-01,PL-MKT-01,C003274,VM-ACC-0014,1,105.04,0.05,PLN
SO-2023-013898,1,2023-11-28,2023-12-01,PL-MKT-01,C005876,VM-NUT-0005,11,8.59,0.0,PLN
SO-2023-013898,2,2023-11-28,2023-12-01,PL-MKT-01,C005876,VM-NUT-0009,3,81.17,0.0,PLN
SO-2023-013898,3,2023-11-28,2023-12-01,PL-MKT-01,C005876,VM-ACC-0002,2,582.54,0.0,PLN
SO-2023-013899,1,2023-11-28,2023-11-28,CZ-PRG-01,C005877,VM-NUT-0004,14,35.0,0.0,CZK
SO-2023-013900,1,2023-11-28,2023-11-30,CZ-WEB-01,C005460,VM-ACC-0021,5,3929.0,0.08,CZK
SO-2023-013900,2,2023-11-28,2023-11-30,CZ-WEB-01,C005460,VM-NUT-0003,26,55.0,0.1,CZK
SO-2023-013900,3,2023-11-28,2023-11-30,CZ-WEB-01,C005460,VM-CMP-0006,4,1007.0,0.12,CZK
SO-2023-013900,4,2023-11-28,2023-11-30,CZ-WEB-01,C005460,VM-NUT-0011,12,272.0,0.08,CZK
SO-2023-013901,1,2023-11-28,2023-12-01,CZ-WEB-01,C004901,VM-CMP-0019,1,1058.0,0.05,CZK
SO-2023-013902,1,2023-11-28,2023-11-30,CZ-WEB-01,C005351,VM-NUT-0009,2,428.0,0.0,CZK
SO-2023-013902,2,2023-11-28,2023-11-30,CZ-WEB-01,C005351,VM-NUT-0010,1,176.0,0.0,CZK
SO-2023-013902,3,2023-11-28,2023-11-30,CZ-WEB-01,C005351,VM-CMP-0018,4,312.0,0.0,CZK
SO-2023-013902,4,2023-11-28,2023-11-30,CZ-WEB-01,C005351,VM-NUT-0006,10,50.0,0.0,CZK
SO-2023-013903,1,2023-11-28,2023-11-30,CZ-WEB-01,C005878,VM-APP-0001,1,2317.0,0.0,CZK
SO-2023-013903,2,2023-11-28,2023-11-30,CZ-WEB-01,C005878,VM-BIK-0021,1,6296.0,0.05,CZK
SO-2023-013903,3,2023-11-28,2023-11-30,CZ-WEB-01,C005878,VM-ACC-0009,1,2015.0,0.0,CZK
SO-2023-013904,1,2023-11-28,2023-11-28,DE-BER-01,C003716,VM-APP-0001,6,98.83,0.1,EUR
SO-2023-013904,2,2023-11-28,2023-11-28,DE-BER-01,C003716,VM-APP-0013,3,94.53,0.1,EUR
SO-2023-013905,1,2023-11-28,2023-11-28,DE-BER-01,C000676,VM-APP-0008,6,34.37,0.1,EUR
SO-2023-013905,2,2023-11-28,2023-11-28,DE-BER-01,C000676,VM-APP-0011,3,88.09,0.08,EUR
SO-2023-013905,3,2023-11-28,2023-11-28,DE-BER-01,C000676,VM-NUT-0009,6,18.26,0.12,EUR
SO-2023-013906,1,2023-11-28,2023-11-30,DE-WEB-01,C004761,VM-CMP-0020,3,55.86,0.0,EUR
SO-2023-013906,2,2023-11-28,2023-11-30,DE-WEB-01,C004761,VM-BIK-0021,1,268.56,0.0,EUR
SO-2023-013906,3,2023-11-28,2023-11-30,DE-WEB-01,C004761,VM-ACC-0013,1,36.52,0.0,EUR
SO-2023-013907,1,2023-11-28,2023-11-29,DE-WEB-01,C004223,VM-NUT-0005,4,1.93,0.05,EUR
SO-2023-013908,1,2023-11-28,2023-12-01,DE-WEB-01,C005879,VM-BIK-0016,1,771.32,0.0,EUR
SO-2023-013909,1,2023-11-29,2023-11-29,PL-WAW-01,C005880,VM-BIK-0011,1,8260.74,0.0,PLN
SO-2023-013910,1,2023-11-29,2023-11-29,PL-WAW-01,C005881,VM-CMP-0017,1,477.49,0.0,PLN
SO-2023-013910,2,2023-11-29,2023-11-29,PL-WAW-01,C005881,VM-ACC-0008,2,381.99,0.0,PLN
SO-2023-013911,1,2023-11-29,2023-11-29,PL-WAW-01,,VM-NUT-0002,6,14.32,0.0,PLN
SO-2023-013911,2,2023-11-29,2023-11-29,PL-WAW-01,,VM-NUT-0004,4,6.68,0.0,PLN
SO-2023-013911,3,2023-11-29,2023-11-29,PL-WAW-01,,VM-APP-0009,1,334.24,0.0,PLN
SO-2023-013911,4,2023-11-29,2023-11-29,PL-WAW-01,,VM-ACC-0020,1,773.54,0.0,PLN
SO-2023-013912,1,2023-11-29,2023-11-29,PL-WAW-01,C005882,VM-APP-0002,3,420.19,0.0,PLN
SO-2023-013913,1,2023-11-29,2023-11-29,PL-WAW-01,C005883,VM-NUT-0001,11,8.59,0.0,PLN
SO-2023-013913,2,2023-11-29,2023-11-29,PL-WAW-01,C005883,VM-CMP-0021,1,45.83,0.0,PLN
SO-2023-013913,3,2023-11-29,2023-11-29,PL-WAW-01,C005883,VM-APP-0013,1,420.19,0.0,PLN
SO-2023-013913,4,2023-11-29,2023-11-29,PL-WAW-01,C005883,VM-NUT-0009,1,81.17,0.0,PLN
SO-2023-013914,1,2023-11-29,2023-11-29,PL-WAW-02,,VM-APP-0002,1,420.19,0.0,PLN
SO-2023-013915,1,2023-11-29,2023-11-29,PL-WAW-02,,VM-BIK-0007,1,6732.74,0.0,PLN
SO-2023-013915,2,2023-11-29,2023-11-29,PL-WAW-02,,VM-ACC-0007,2,343.79,0.05,PLN
SO-2023-013916,1,2023-11-29,2023-11-29,PL-KRK-01,C005884,VM-EBK-0002,1,9502.24,0.0,PLN
SO-2023-013917,1,2023-11-29,2023-11-29,PL-KRK-01,C005885,VM-NUT-0003,4,10.5,0.0,PLN
SO-2023-013917,2,2023-11-29,2023-11-29,PL-KRK-01,C005885,VM-NUT-0001,5,8.59,0.0,PLN
SO-2023-013918,1,2023-11-29,2023-11-29,PL-KRK-01,C005886,VM-ACC-0008,2,381.99,0.0,PLN
SO-2023-013918,2,2023-11-29,2023-11-29,PL-KRK-01,C005886,VM-NUT-0011,3,51.56,0.0,PLN
SO-2023-013918,3,2023-11-29,2023-11-29,PL-KRK-01,C005886,VM-APP-0001,3,439.29,0.0,PLN
SO-2023-013919,1,2023-11-29,2023-11-29,PL-KRK-01,,VM-NUT-0001,5,8.59,0.0,PLN
SO-2023-013920,1,2023-11-29,2023-11-29,PL-KRK-01,,VM-APP-0020,2,171.89,0.0,PLN
SO-2023-013921,1,2023-11-29,2023-11-29,PL-GDN-01,C005887,VM-NUT-0003,6,10.5,0.0,PLN
SO-2023-013921,2,2023-11-29,2023-11-29,PL-GDN-01,C005887,VM-ACC-0021,1,744.89,0.0,PLN
SO-2023-013921,3,2023-11-29,2023-11-29,PL-GDN-01,C005887,VM-ACC-0008,1,381.99,0.0,PLN
SO-2023-013921,4,2023-11-29,2023-11-29,PL-GDN-01,C005887,VM-APP-0007,1,152.79,0.0,PLN
SO-2023-013922,1,2023-11-29,2023-11-29,PL-GDN-01,C005888,VM-NUT-0004,12,6.68,0.0,PLN
SO-2023-013922,2,2023-11-29,2023-11-29,PL-GDN-01,C005888,VM-BIK-0002,1,9196.64,0.0,PLN
SO-2023-013923,1,2023-11-29,2023-11-29,PL-GDN-01,C000716,VM-CMP-0021,4,45.83,0.0,PLN
SO-2023-013923,2,2023-11-29,2023-11-29,PL-GDN-01,C000716,VM-ACC-0001,1,362.89,0.0,PLN
SO-2023-013924,1,2023-11-29,2023-11-29,PL-POZ-01,,VM-EBK-0003,1,8680.94,0.0,PLN
SO-2023-013924,2,2023-11-29,2023-11-29,PL-POZ-01,,VM-CMP-0017,2,477.49,0.0,PLN
SO-2023-013924,3,2023-11-29,2023-11-29,PL-POZ-01,,VM-ACC-0004,2,744.89,0.0,PLN
SO-2023-013925,1,2023-11-29,2023-11-29,PL-POZ-01,C005889,VM-BIK-0001,1,13073.94,0.0,PLN
SO-2023-013926,1,2023-11-29,2023-12-02,PL-WEB-01,C005643,VM-APP-0011,2,391.54,0.0,PLN
SO-2023-013927,1,2023-11-29,2023-12-01,PL-WEB-01,C005808,VM-EBK-0001,1,7324.84,0.0,PLN
SO-2023-013928,1,2023-11-29,2023-11-30,PL-WEB-01,C004012,VM-CMP-0013,2,506.14,0.0,PLN
SO-2023-013929,1,2023-11-29,2023-12-03,PL-WEB-01,C005009,VM-ACC-0008,1,381.99,0.0,PLN
SO-2023-013929,2,2023-11-29,2023-12-03,PL-WEB-01,C005009,vm-app-0002,3,420.19,0.0,PLN
SO-2023-013929,3,2023-11-29,2023-12-03,PL-WEB-01,C005009,VM-NUT-0004,14,6.68,0.0,PLN
SO-2023-013929,4,2023-11-29,2023-12-03,PL-WEB-01,C005009,vm-app-0013,1,420.19,0.0,PLN
SO-2023-013930,1,2023-11-29,2023-12-02,PL-WEB-01,C002119,VM-NUT-0010,4,33.42,0.05,PLN
SO-2023-013930,2,2023-11-29,2023-12-02,PL-WEB-01,C002119, VM-ACC-0013 ,1,162.34,0.05,PLN
SO-2023-013931,1,2023-11-29,2023-12-03,PL-MKT-01,C000715,VM-APP-0001,3,439.29,0.05,PLN
SO-2023-013932,1,2023-11-29,2023-12-01,PL-MKT-01,C005675,VM-APP-0010,1,162.34,0.0,PLN
SO-2023-013933,1,2023-11-29,2023-11-30,PL-MKT-01,C005890,VM-APP-0006,2,296.04,0.0,PLN
SO-2023-013934,1,2023-11-29,2023-12-03,PL-MKT-01,C001336,VM-ACC-0022,1,1499.34,0.0,PLN
SO-2023-013934,2,2023-11-29,2023-12-03,PL-MKT-01,C001336,VM-APP-0001,3,439.29,0.0,PLN
SO-2023-013934,3,2023-11-29,2023-12-03,PL-MKT-01,C001336,VM-ACC-0017,1,55.38,0.0,PLN
SO-2023-013935,1,2023-11-29,2023-12-03,PL-MKT-01,C003477,VM-APP-0017,2,181.44,0.1,PLN
SO-2023-013935,2,2023-11-29,2023-12-03,PL-MKT-01,C003477,VM-ACC-0008,1,381.99,0.0,PLN
SO-2023-013935,3,2023-11-29,2023-12-03,PL-MKT-01,C003477,VM-APP-0001,3,439.29,0.1,PLN
SO-2023-013936,1,2023-11-29,2023-11-30,PL-MKT-01,C000436,VM-NUT-0007,9,12.41,0.0,PLN
SO-2023-013937,1,2023-11-29,2023-11-29,CZ-PRG-01,,vm-app-0009,1,1763.0,0.0,CZK
SO-2023-013937,2,2023-11-29,2023-11-29,CZ-PRG-01,,VM-BIK-0022,1,7052.0,0.0,CZK
SO-2023-013938,1,2023-11-29,2023-11-29,CZ-PRG-01,,VM-NUT-0007,7,65.0,0.0,CZK
SO-2023-013939,1,2023-11-29,2023-12-01,CZ-WEB-01,C005891,VM-NUT-0009,1,428.0,0.0,CZK
SO-2023-013939,2,2023-11-29,2023-12-01,CZ-WEB-01,C005891,VM-BIK-0004,1,21508.0,0.0,CZK
SO-2023-013940,1,2023-11-29,2023-12-02,CZ-WEB-01,C005892,VM-CMP-0013,1,2670.0,0.0,CZK
SO-2023-013941,1,2023-11-29,2023-11-30,CZ-WEB-01,C005893,VM-APP-0013,1,2216.0,0.0,CZK
SO-2023-013942,1,2023-11-29,2023-11-29,DE-BER-01,C005825,VM-APP-0002,3,94.53,0.0,EUR
SO-2023-013943,1,2023-11-29,2023-12-02,DE-WEB-01,C005187,VM-BIK-0020,1,259.97,0.0,EUR
SO-2023-013944,1,2023-11-29,2023-11-30,DE-WEB-01,C005894,VM-EBK-0007,1,3158.34,0.0,EUR
SO-2023-013944,2,2023-11-29,2023-11-30,DE-WEB-01,C005894,VM-ACC-0002,1,131.06,0.0,EUR
SO-2023-013944,3,2023-11-29,2023-11-30,DE-WEB-01,C005894,VM-ACC-0008,2,85.94,0.0,EUR
SO-2023-013945,1,2023-11-29,2023-11-30,DE-WEB-01,C004607,VM-CMP-0013,2,113.87,0.0,EUR
SO-2023-013945,2,2023-11-29,2023-11-30,DE-WEB-01,C004607,VM-APP-0013,1,94.53,0.05,EUR
SO-2023-013946,1,2023-11-29,2023-12-01,DE-WEB-01,C005895,VM-APP-0010,1,36.52,0.0,EUR
SO-2023-013947,1,2023-11-29,2023-12-03,DE-WEB-01,C005896,VM-ACC-0002,2,131.06,0.0,EUR
SO-2023-013947,2,2023-11-29,2023-12-03,DE-WEB-01,C005896,VM-CMP-0014,2,92.38,0.0,EUR
SO-2023-013948,1,2023-11-29,2023-11-30,DE-WEB-01,C004464,VM-BIK-0003,1,1405.14,0.0,EUR
SO-2023-013948,2,2023-11-29,2023-11-30,DE-WEB-01,C004464,VM-NUT-0004,7,1.5,0.0,EUR
SO-2023-013949,1,2023-11-29,2023-12-03,DE-WEB-01,C003293,VM-ACC-0008,2,85.94,0.05,EUR
SO-2023-013950,1,2023-11-30,2023-11-30,PL-WAW-01,,VM-APP-0006,3,296.04,0.0,PLN
SO-2023-013950,2,2023-11-30,2023-11-30,PL-WAW-01,,VM-APP-0005,2,171.89,0.0,PLN
SO-2023-013951,1,2023-11-30,2023-11-30,PL-WAW-01,C005897,VM-CMP-0015,2,878.59,0.05,PLN
SO-2023-013951,2,2023-11-30,2023-11-30,PL-WAW-01,C005897,vm-cmp-0017,1,477.49,0.05,PLN
SO-2023-013952,1,2023-11-30,2023-11-30,PL-WAW-01,C002821,VM-ACC-0017,2,55.38,0.0,PLN
SO-2023-013952,2,2023-11-30,2023-11-30,PL-WAW-01,C002821,VM-APP-0001,3,439.29,0.0,PLN
SO-2023-013953,1,2023-11-30,2023-11-30,PL-WAW-01,C000129,VM-ACC-0020,1,773.54,0.0,PLN
SO-2023-013954,1,2023-11-30,2023-11-30,PL-WAW-01,C002018,VM-CMP-0013,2,506.14,0.0,PLN
SO-2023-013954,2,2023-11-30,2023-11-30,PL-WAW-01,C002018,VM-NUT-0006,10,9.54,0.0,PLN
SO-2023-013954,3,2023-11-30,2023-11-30,PL-WAW-01,C002018,VM-APP-0001,2,439.29,0.0,PLN
SO-2023-013955,1,2023-11-30,2023-11-30,PL-WAW-01,C005898,VM-CMP-0006,2,190.99,0.0,PLN
SO-2023-013955,2,2023-11-30,2023-11-30,PL-WAW-01,C005898,VM-NUT-0001,5,8.59,0.0,PLN
SO-2023-013955,3,2023-11-30,2023-11-30,PL-WAW-01,C005898,VM-CMP-0017,2,477.49,0.0,PLN
SO-2023-013956,1,2023-11-30,2023-11-30,PL-WAW-01,C005899,VM-APP-0006,2,296.04,0.0,PLN
SO-2023-013957,1,2023-11-30,2023-11-30,PL-WAW-02,,VM-ACC-0008,1,381.99,0.0,PLN
SO-2023-013958,1,2023-11-30,2023-11-30,PL-WAW-02,,VM-NUT-0003,4,10.5,0.0,PLN
SO-2023-013958,2,2023-11-30,2023-11-30,PL-WAW-02,,VM-NUT-0009,4,81.17,0.0,PLN
SO-2023-013959,1,2023-11-30,2023-11-30,PL-WAW-02,C000727,VM-NUT-0003,11,10.5,0.0,PLN
SO-2023-013959,2,2023-11-30,2023-11-30,PL-WAW-02,C000727,VM-NUT-0001,12,8.59,0.0,PLN
SO-2023-013960,1,2023-11-30,2023-11-30,PL-KRK-01,C005681,VM-BIK-0022,1,1336.99,0.0,PLN
SO-2023-013960,2,2023-11-30,2023-11-30,PL-KRK-01,C005681, VM-ACC-0014 ,1,105.04,0.0,PLN
SO-2023-013960,3,2023-11-30,2023-11-30,PL-KRK-01,C005681,vm-nut-0003,10,10.5,0.0,PLN
SO-2023-013961,1,2023-11-30,2023-11-30,PL-KRK-01,,VM-CMP-0023,3,56.34,0.05,PLN
SO-2023-013962,1,2023-11-30,2023-11-30,PL-KRK-01,C001574,VM-BIK-0010,1,6035.59,0.05,PLN
SO-2023-013962,2,2023-11-30,2023-11-30,PL-KRK-01,C001574,VM-ACC-0010,1,238.74,0.05,PLN
SO-2023-013963,1,2023-11-30,2023-11-30,PL-KRK-01,C001571,VM-APP-0002,1,420.19,0.0,PLN
SO-2023-013963,2,2023-11-30,2023-11-30,PL-KRK-01,C001571,VM-NUT-0009,1,81.17,0.0,PLN
SO-2023-013964,1,2023-11-30,2023-11-30,PL-KRK-01,,VM-APP-0003,2,296.04,0.0,PLN
SO-2023-013964,2,2023-11-30,2023-11-30,PL-KRK-01,,VM-CMP-0019,3,200.54,0.0,PLN
SO-2023-013964,3,2023-11-30,2023-11-30,PL-KRK-01,,VM-NUT-0004,3,6.68,0.0,PLN
SO-2023-013965,1,2023-11-30,2023-11-30,PL-KRK-01,C005900,VM-ACC-0008,2,381.99,0.05,PLN
SO-2023-013965,2,2023-11-30,2023-11-30,PL-KRK-01,C005900,VM-ACC-0007,1,343.79,0.05,PLN
SO-2023-013965,3,2023-11-30,2023-11-30,PL-KRK-01,C005900,VM-APP-0007,2,152.79,0.05,PLN
SO-2023-013966,1,2023-11-30,2023-11-30,PL-WRO-01,,VM-CMP-0001,1,381.99,0.0,PLN
SO-2023-013967,1,2023-11-30,2023-11-30,PL-WRO-01,C003574,VM-ACC-0004,1,744.89,0.05,PLN
SO-2023-013968,1,2023-11-30,2023-11-30,PL-GDN-01,C001533,VM-EBK-0009,1,9464.04,0.0,PLN
SO-2023-013968,2,2023-11-30,2023-11-30,PL-GDN-01,C001533,vm-acc-0008,1,381.99,0.0,PLN
SO-2023-013969,1,2023-11-30,2023-11-30,PL-GDN-01,C005901,VM-NUT-0004,14,6.68,0.0,PLN
SO-2023-013970,1,2023-11-30,2023-11-30,PL-GDN-01,,VM-ACC-0008,1,381.99,0.0,PLN
SO-2023-013970,2,2023-11-30,2023-11-30,PL-GDN-01,,VM-ACC-0007,2,343.79,0.0,PLN
SO-2023-013971,1,2023-11-30,2023-11-30,PL-GDN-01,C005902,VM-APP-0010,1,162.34,0.0,PLN
SO-2023-013971,2,2023-11-30,2023-11-30,PL-GDN-01,C005902,VM-BIK-0007,1,6732.74,0.0,PLN
SO-2023-013972,1,2023-11-30,2023-11-30,PL-GDN-01,,VM-EBK-0009,1,9464.04,0.0,PLN
SO-2023-013973,1,2023-11-30,2023-11-30,PL-POZ-01,C002047,VM-ACC-0019,4,47.74,0.1,PLN
SO-2023-013974,1,2023-11-30,2023-11-30,PL-POZ-01,C000796,VM-ACC-0015,1,334.24,0.0,PLN
SO-2023-013974,2,2023-11-30,2023-11-30,PL-POZ-01,C000796,VM-APP-0014,1,467.94,0.0,PLN
SO-2023-013974,3,2023-11-30,2023-11-30,PL-POZ-01,C000796,VM-APP-0013,1,420.19,0.0,PLN
SO-2023-013975,1,2023-11-30,2023-12-04,PL-WEB-01,C005903,VM-ACC-0018,1,47.74,0.0,PLN
SO-2023-013976,1,2023-11-30,2023-12-01,PL-WEB-01,C003851,VM-CMP-0002,1,534.79,0.0,PLN
SO-2023-013976,2,2023-11-30,2023-12-01,PL-WEB-01,C003851,VM-CMP-0011,1,152.79,0.0,PLN
SO-2023-013977,1,2023-11-30,2023-12-04,PL-WEB-01,C005904,VM-EBK-0011,1,13981.19,0.0,PLN
SO-2023-013977,2,2023-11-30,2023-12-04,PL-WEB-01,C005904,VM-NUT-0003,4,10.5,0.0,PLN
SO-2023-013977,3,2023-11-30,2023-12-04,PL-WEB-01,C005904,VM-ACC-0008,2,381.99,0.0,PLN
SO-2023-013978,1,2023-11-30,2023-12-03,PL-WEB-01,C005905,VM-CMP-0001,1,381.99,0.05,PLN
SO-2023-013978,2,2023-11-30,2023-12-03,PL-WEB-01,C005905,VM-NUT-0004,9,6.68,0.05,PLN
SO-2023-013978,3,2023-11-30,2023-12-03,PL-WEB-01,C005905,VM-CMP-0015,1,878.59,0.05,PLN
SO-2023-013979,1,2023-11-30,2023-12-04,PL-WEB-01,C005906,VM-APP-0014,3,467.94,0.08,PLN
SO-2023-013980,1,2023-11-30,2023-12-03,PL-WEB-01,C005907,VM-APP-0010,2,162.34,0.0,PLN
SO-2023-013981,1,2023-11-30,2023-12-03,PL-WEB-01,C003483,VM-NUT-0010,4,33.42,0.0,PLN
SO-2023-013982,1,2023-11-30,2023-12-02,PL-WEB-01,C005319,VM-NUT-0004,8,6.68,0.0,PLN
SO-2023-013983,1,2023-11-30,2023-12-04,PL-WEB-01,C003744,VM-BIK-0009,1,5386.19,0.05,PLN
SO-2023-013983,2,2023-11-30,2023-12-04,PL-WEB-01,C003744,VM-ACC-0010,2,238.74,0.05,PLN
SO-2023-013983,3,2023-11-30,2023-12-04,PL-WEB-01,C003744,vm-acc-0001,1,362.89,0.05,PLN
SO-2023-013983,4,2023-11-30,2023-12-04,PL-WEB-01,C003744,VM-CMP-0013,1,506.14,0.05,PLN
SO-2023-013984,1,2023-11-30,2023-12-02,PL-MKT-01,C005184,VM-APP-0012,1,830.84,0.0,PLN
SO-2023-013984,2,2023-11-30,2023-12-02,PL-MKT-01,C005184,VM-EBK-0001,1,7324.84,0.0,PLN
SO-2023-013985,1,2023-11-30,2023-12-02,PL-MKT-01,C005000,VM-ACC-0009,1,381.99,0.0,PLN
SO-2023-013985,2,2023-11-30,2023-12-02,PL-MKT-01,C005000,VM-CMP-0013,2,506.14,0.0,PLN
SO-2023-013985,3,2023-11-30,2023-12-02,PL-MKT-01,C005000,VM-ACC-0014,1,105.04,0.0,PLN
SO-2023-013986,1,2023-11-30,2023-12-01,PL-MKT-01,C005908,VM-EBK-0008,1,14420.49,0.0,PLN
SO-2023-013987,1,2023-11-30,2023-12-01,PL-MKT-01,C000594,VM-BIK-0007,1,6732.74,0.0,PLN
SO-2023-013988,1,2023-11-30,2023-11-30,CZ-PRG-01,,vm-app-0013,1,2216.0,0.0,CZK
SO-2023-013988,2,2023-11-30,2023-11-30,CZ-PRG-01,,VM-APP-0002,1,2216.0,0.0,CZK
SO-2023-013989,1,2023-11-30,2023-12-02,CZ-WEB-01,C005909,VM-ACC-0001,2,1914.0,0.0,CZK
SO-2023-013990,1,2023-11-30,2023-12-02,CZ-WEB-01,C005910,VM-APP-0013,1,2216.0,0.0,CZK
SO-2023-013991,1,2023-11-30,2023-12-04,CZ-WEB-01,C005911,VM-ACC-0014,1,554.0,0.0,CZK
SO-2023-013992,1,2023-11-30,2023-12-03,CZ-WEB-01,C005912,VM-ACC-0008,2,2015.0,0.0,CZK
SO-2023-013992,2,2023-11-30,2023-12-03,CZ-WEB-01,C005912,VM-APP-0008,1,806.0,0.0,CZK
SO-2023-013993,1,2023-11-30,2023-11-30,DE-BER-01,C005481,VM-CMP-0009,2,75.2,0.0,EUR
SO-2023-013994,1,2023-11-30,2023-12-03,DE-WEB-01,C000103,VM-ACC-0021,1,167.58,0.0,EUR
SO-2023-013995,1,2023-11-30,2023-12-04,DE-WEB-01,C004943,VM-CMP-0019,3,45.12,0.0,EUR
SO-2023-013995,2,2023-11-30,2023-12-04,DE-WEB-01,C004943,VM-CMP-0001,1,85.94,0.0,EUR
SO-2023-013996,1,2023-11-30,2023-12-03,DE-WEB-01,C005913,VM-ACC-0015,1,75.2,0.05,EUR
SO-2023-013997,1,2023-11-30,2023-12-02,DE-WEB-01,C002424,VM-BIK-0003,1,1405.14,0.0,EUR
SO-2023-013997,2,2023-11-30,2023-12-02,DE-WEB-01,C002424,VM-ACC-0008,1,85.94,0.0,EUR
SO-2023-013997,3,2023-11-30,2023-12-02,DE-WEB-01,C002424,VM-ACC-0001,1,81.64,0.0,EUR
SO-2023-013998,1,2023-11-30,2023-12-01,DE-WEB-01,C004694,VM-ACC-0008,1,85.94,0.0,EUR
SO-2023-013999,1,2023-11-30,2023-12-02,DE-WEB-01,C005914,VM-APP-0020,1,38.67,0.0,EUR
