OrderID,LineNo,OrderDate,ShipDate,StoreID,CustomerID,SKU,Quantity,UnitPrice,DiscountPct,Currency
SO-2025-017888,1,2025-12-01,2025-12-01,PL-LDZ-01,,VM-NUT-0004,8,6.99,0.15,PLN
SO-2025-017953,2,2025-12-01,2025-12-05,PL-MKT-01,C018538,VM-APP-0003,3,309.99,0.25,PLN
SO-2025-017988,1,2025-12-01,2025-12-03,DE-WEB-01,C005575,VM-ACC-0003,2,68.19,0.15,EUR
SO-2025-018006,1,2025-12-02,2025-12-02,PL-WAW-01,C018834,VM-CMP-0023,2,58.99,0.0,PLN
SO-2025-018369,1,2025-12-08,2025-12-08,PL-WRO-01,C018741, vm-app-0008 ,1,159.99,0.0,PLN
SO-2025-018675,2,2025-12-12,2025-12-12,CZ-PRG-01,C019047,VM-APP-0008,1,929.0,0.0,CZK
SO-2025-018716,1,2025-12-13,2025-12-13,PL-WAW-02,C019061,VM-ACC-0008,2,399.99,0.0,PLN
SO-2025-018883,1,2025-12-15,2025-12-15,CZ-PRG-01,,VM-NUT-0002,10,87.0,0.0,CZK
SO-2025-018899,2,2025-12-15,2025-12-16,DE-WEB-01,C015647,VM-NUT-0003,4,2.58,0.0,EUR
SO-2025-019087,1,2025-12-18,2025-12-19,PL-MKT-01,C018116,VM-ACC-0013,1,169.99,0.0,PLN
SO-2025-019127,4,2025-12-19,2025-12-19,PL-KRK-01,C009211,VM-BIK-0003,1,6539.99,0.05,PLN
SO-2025-019129,2,2025-12-19,2025-12-19,PL-KRK-01,C019197,VM-APP-0014,1,489.99,0.0,PLN
SO-2025-019165,2,2025-12-19,2025-12-23,CZ-WEB-01,C018550,VM-BIK-0013,1,27858.0,0.0,CZK
SO-2025-019297,3,2025-12-21,2025-12-22,PL-WEB-01,C016322,VM-BIK-0005,5,7409.99,0.1,PLN
SO-2025-019427,1,2025-12-23,2025-12-23,PL-WRO-01,,VM-CMP-0017,2,499.99,0.0,PLN
SO-2025-019587,2,2025-12-26,2025-12-26,PL-WAW-02,C007314,VM-APP-0002,9,439.99,0.08,PLN
SO-2025-019607,1,2025-12-26,2025-12-28,PL-WEB-01,C000511,VM-CMP-0023,3,58.99,0.0,PLN
SO-2025-019713,2,2025-12-28,2025-12-30,PL-WEB-01,C000476,VM-NUT-0009,4,84.99,0.0,PLN
SO-2026-000001,1,2026-01-01,2026-01-01,PL-WAW-01,C013708,VM-CMP-0005,2,1506.63,0.0,PLN
SO-2026-000002,1,2026-01-01,2026-01-01,PL-WAW-01,C004475,VM-CMP-0009,10,356.29,0.08,PLN
SO-2026-000003,1,2026-01-01,2026-01-01,PL-WAW-01,C002447,VM-ACC-0002,2,620.97,0.05,PLN
SO-2026-000004,1,2026-01-01,2026-01-01,PL-WAW-01,,VM-APP-0018,1,132.33,0.3,PLN
SO-2026-000005,1,2026-01-01,2026-01-01,PL-WAW-01,C019480,VM-ACC-0020,1,824.57,0.0,PLN
SO-2026-000005,2,2026-01-01,2026-01-01,PL-WAW-01,C019480,VM-NUT-0001,12,9.15,0.0,PLN
SO-2026-000006,1,2026-01-01,2026-01-01,PL-WAW-01,,VM-NUT-0009,2,86.52,0.0,PLN
SO-2026-000007,1,2026-01-01,2026-01-01,PL-WAW-01,,VM-APP-0020,2,183.23,0.0,PLN
SO-2026-000008,1,2026-01-01,2026-01-01,PL-WAW-01,C019268,VM-NUT-0001,6,9.15,0.05,PLN
SO-2026-000008,2,2026-01-01,2026-01-01,PL-WAW-01,C019268,VM-ACC-0005,2,183.23,0.05,PLN
SO-2026-000009,1,2026-01-01,2026-01-01,PL-WAW-01,C010808,VM-NUT-0004,15,7.12,0.05,PLN
SO-2026-000009,2,2026-01-01,2026-01-01,PL-WAW-01,C010808,VM-BIK-0016,1,3654.61,0.05,PLN
SO-2026-000010,1,2026-01-01,2026-01-01,PL-WAW-02,,VM-APP-0003,2,315.57,0.3,PLN
SO-2026-000010,2,2026-01-01,2026-01-01,PL-WAW-02,,VM-APP-0007,2,162.87,0.3,PLN
SO-2026-000011,1,2026-01-01,2026-01-01,PL-KRK-01,C019296,VM-ACC-0002,4,620.97,0.08,PLN
SO-2026-000012,1,2026-01-01,2026-01-01,PL-KRK-01,,VM-CMP-0009,2,356.29,0.0,PLN
SO-2026-000013,1,2026-01-01,2026-01-01,PL-KRK-01,C019044,VM-ACC-0007,2,366.47,0.0,PLN
SO-2026-000013,2,2026-01-01,2026-01-01,PL-KRK-01,C019044,VM-CMP-0017,2,508.99,0.0,PLN
SO-2026-000013,3,2026-01-01,2026-01-01,PL-KRK-01,C019044,vm-acc-0008,1,407.19,0.0,PLN
SO-2026-000014,1,2026-01-01,2026-01-01,PL-KRK-01,,VM-ACC-0007,1,366.47,0.0,PLN
SO-2026-000014,2,2026-01-01,2026-01-01,PL-KRK-01,,VM-APP-0002,2,447.91,0.0,PLN
SO-2026-000014,3,2026-01-01,2026-01-01,PL-KRK-01,,VM-ACC-0022,1,1598.25,0.0,PLN
SO-2026-000015,1,2026-01-01,2026-01-01,PL-WRO-01,,VM-APP-0013,1,447.91,0.3,PLN
SO-2026-000015,2,2026-01-01,2026-01-01,PL-WRO-01,,VM-APP-0002,3,447.91,0.3,PLN
SO-2026-000016,1,2026-01-01,2026-01-01,PL-GDN-01,C004920,VM-ACC-0017,2,59.03,0.0,PLN
SO-2026-000016,2,2026-01-01,2026-01-01,PL-GDN-01,C004920,VM-ACC-0020,1,824.57,0.0,PLN
SO-2026-000017,1,2026-01-01,2026-01-01,PL-GDN-01,,VM-APP-0019,1,67.18,0.0,PLN
SO-2026-000018,1,2026-01-01,2026-01-01,PL-POZ-01,,VM-APP-0020,1,183.23,0.0,PLN
SO-2026-000019,1,2026-01-01,2026-01-05,PL-WEB-01,C019481,VM-CMP-0008,2,447.91,0.0,PLN
SO-2026-000019,2,2026-01-01,2026-01-05,PL-WEB-01,C019481,VM-ACC-0002,1,620.97,0.0,PLN
SO-2026-000019,3,2026-01-01,2026-01-05,PL-WEB-01,C019481,VM-APP-0008,2,162.87,0.0,PLN
SO-2026-000019,4,2026-01-01,2026-01-05,PL-WEB-01,C019481,VM-CMP-0009,1,356.29,0.0,PLN
SO-2026-000020,1,2026-01-01,2026-01-05,PL-WEB-01,C016274,VM-EBK-0009,1,10088.37,0.0,PLN
SO-2026-000020,2,2026-01-01,2026-01-05,PL-WEB-01,C016274,VM-ACC-0016,1,29.51,0.0,PLN
SO-2026-000021,1,2026-01-01,2026-01-02,PL-WEB-01,C011663,VM-ACC-0014,1,111.97,0.0,PLN
SO-2026-000021,2,2026-01-01,2026-01-02,PL-WEB-01,C011663,VM-APP-0012,1,885.65,0.3,PLN
SO-2026-000021,3,2026-01-01,2026-01-02,PL-WEB-01,C011663,VM-NUT-0004,12,7.12,0.0,PLN
SO-2026-000022,1,2026-01-01,2026-01-03,PL-WEB-01,C005111,VM-CMP-0015,2,936.55,0.05,PLN
SO-2026-000023,1,2026-01-01,2026-01-03,PL-WEB-01,C015597,VM-ACC-0014,1,111.97,0.0,PLN
SO-2026-000023,2,2026-01-01,2026-01-03,PL-WEB-01,C015597,VM-EBK-0007,1,14964.59,0.0,PLN
SO-2026-000024,1,2026-01-01,2026-01-05,PL-WEB-01,C013595,VM-ACC-0008,1,407.19,0.0,PLN
SO-2026-000025,1,2026-01-01,2026-01-04,PL-WEB-01,C017009,VM-APP-0011,1,417.37,0.05,PLN
SO-2026-000025,2,2026-01-01,2026-01-04,PL-WEB-01,C017009,VM-BIK-0017,1,1944.37,0.05,PLN
SO-2026-000025,3,2026-01-01,2026-01-04,PL-WEB-01,C017009,VM-CMP-0008,2,447.91,0.05,PLN
SO-2026-000026,1,2026-01-01,2026-01-04,PL-WEB-01,C016176,VM-ACC-0013,1,173.05,0.0,PLN
SO-2026-000026,2,2026-01-01,2026-01-04,PL-WEB-01,C016176,VM-BIK-0012,1,12022.57,0.0,PLN
SO-2026-000027,1,2026-01-01,2026-01-05,PL-MKT-01,C017891,VM-APP-0018,1,132.33,0.0,PLN
SO-2026-000027,2,2026-01-01,2026-01-05,PL-MKT-01,C017891,VM-ACC-0004,1,794.03,0.0,PLN
SO-2026-000028,1,2026-01-01,2026-01-04,PL-MKT-01,C019482,VM-APP-0002,2,447.91,0.0,PLN
SO-2026-000029,1,2026-01-01,2026-01-02,PL-MKT-01,C019483,VM-NUT-0011,2,54.96,0.0,PLN
SO-2026-000029,2,2026-01-01,2026-01-02,PL-MKT-01,C019483,VM-CMP-0017,2,508.99,0.0,PLN
SO-2026-000029,3,2026-01-01,2026-01-02,PL-MKT-01,C019483,VM-NUT-0002,12,15.26,0.0,PLN
SO-2026-000030,1,2026-01-01,2026-01-05,CZ-WEB-01,C002474,VM-APP-0019,1,389.0,0.3,CZK
SO-2026-000030,2,2026-01-01,2026-01-05,CZ-WEB-01,C002474,VM-NUT-0004,9,41.0,0.0,CZK
SO-2026-000031,1,2026-01-01,2026-01-05,CZ-WEB-01,C019484,VM-NUT-0006,4,59.0,0.05,CZK
SO-2026-000032,1,2026-01-01,2026-01-05,CZ-WEB-01,C019485,VM-BIK-0013,1,28327.0,0.05,CZK
SO-2026-000032,2,2026-01-01,2026-01-05,CZ-WEB-01,C019485,VM-ACC-0018,2,295.0,0.05,CZK
SO-2026-000032,3,2026-01-01,2026-01-05,CZ-WEB-01,C019485,VM-EBK-0007,1,86751.0,0.05,CZK
SO-2026-000033,1,2026-01-01,2026-01-03,CZ-WEB-01,C016080,VM-BIK-0012,1,69696.0,0.0,CZK
SO-2026-000034,1,2026-01-01,2026-01-03,CZ-WEB-01,C019486,VM-APP-0010,1,1003.0,0.3,CZK
SO-2026-000034,2,2026-01-01,2026-01-03,CZ-WEB-01,C019486,VM-ACC-0019,2,295.0,0.0,CZK
SO-2026-000035,1,2026-01-01,2026-01-01,DE-BER-01,,VM-ACC-0001,1,91.0,0.0,EUR
SO-2026-000036,1,2026-01-02,2026-01-02,PL-WAW-01,C019487,VM-ACC-0002,1,620.97,0.0,PLN
SO-2026-000037,1,2026-01-02,2026-01-02,PL-WAW-02,C017022,VM-EBK-0006,1,20502.51,0.0,PLN
SO-2026-000038,1,2026-01-02,2026-01-02,PL-WAW-02,C019488,vm-cmp-0016,1,2504.27,0.05,PLN
SO-2026-000038,2,2026-01-02,2026-01-02,PL-WAW-02,C019488,VM-APP-0013,1,447.91,0.3,PLN
SO-2026-000039,1,2026-01-02,2026-01-02,PL-KRK-01,C010418,VM-EBK-0003,1,9253.61,0.0,PLN
SO-2026-000039,2,2026-01-02,2026-01-02,PL-KRK-01,C010418,VM-CMP-0005,2,1506.63,0.0,PLN
SO-2026-000040,1,2026-01-02,2026-01-02,PL-WRO-01,,VM-ACC-0014,1,111.97,0.0,PLN
SO-2026-000041,1,2026-01-02,2026-01-02,PL-WRO-01,C019489,VM-NUT-0004,5,7.12,0.0,PLN
SO-2026-000042,1,2026-01-02,2026-01-02,PL-WRO-01,C017862,VM-APP-0010,2,173.05,0.3,PLN
SO-2026-000043,1,2026-01-02,2026-01-02,PL-GDN-01,C019490,VM-ACC-0008,1,407.19,0.0,PLN
SO-2026-000043,2,2026-01-02,2026-01-02,PL-GDN-01,C019490,VM-ACC-0001,2,386.83,0.0,PLN
SO-2026-000044,1,2026-01-02,2026-01-02,PL-GDN-01,C019491,VM-BIK-0013,1,4886.39,0.0,PLN
SO-2026-000044,2,2026-01-02,2026-01-02,PL-GDN-01,C019491,VM-NUT-0007,3,13.22,0.0,PLN
SO-2026-000045,1,2026-01-02,2026-01-02,PL-GDN-01,C017287,VM-BIK-0013,1,4886.39,0.0,PLN
SO-2026-000045,2,2026-01-02,2026-01-02,PL-GDN-01,C017287,VM-CMP-0013,1,539.53,0.0,PLN
SO-2026-000046,1,2026-01-02,2026-01-02,PL-LDZ-01,C008080,VM-CMP-0006,2,203.59,0.0,PLN
SO-2026-000046,2,2026-01-02,2026-01-02,PL-LDZ-01,C008080,VM-ACC-0005,1,183.23,0.0,PLN
SO-2026-000046,3,2026-01-02,2026-01-02,PL-LDZ-01,C008080,VM-NUT-0008,4,10.17,0.0,PLN
SO-2026-000047,1,2026-01-02,2026-01-02,PL-LDZ-01,C019492,VM-ACC-0001,2,386.83,0.0,PLN
SO-2026-000048,1,2026-01-02,2026-01-06,PL-WEB-01,C017215,VM-APP-0017,2,193.41,0.3,PLN
SO-2026-000048,2,2026-01-02,2026-01-06,PL-WEB-01,C017215,VM-NUT-0002,10,15.26,0.0,PLN
SO-2026-000048,3,2026-01-02,2026-01-06,PL-WEB-01,C017215,VM-CMP-0019,1,213.77,0.0,PLN
SO-2026-000049,1,2026-01-02,2026-01-06,PL-WEB-01,C008518,VM-CMP-0011,2,162.87,0.1,PLN
SO-2026-000049,2,2026-01-02,2026-01-06,PL-WEB-01,C008518,VM-CMP-0017,2,508.99,0.0,PLN
SO-2026-000049,3,2026-01-02,2026-01-06,PL-WEB-01,C008518,VM-ACC-0004,2,794.03,0.0,PLN
SO-2026-000050,1,2026-01-02,2026-01-06,PL-WEB-01,C019493,VM-ACC-0008,2,407.19,0.0,PLN
SO-2026-000051,1,2026-01-02,2026-01-06,PL-WEB-01,C019494,VM-ACC-0002,2,620.97,0.0,PLN
SO-2026-000052,1,2026-01-02,2026-01-06,PL-WEB-01,C019495,VM-ACC-0018,2,50.89,0.0,PLN
SO-2026-000052,2,2026-01-02,2026-01-06,PL-WEB-01,C019495,VM-CMP-0023,4,60.05,0.0,PLN
SO-2026-000052,3,2026-01-02,2026-01-06,PL-WEB-01,C019495,VM-APP-0008,1,162.87,0.3,PLN
SO-2026-000053,1,2026-01-02,2026-01-05,PL-WEB-01,C019496,VM-ACC-0017,3,59.03,0.0,PLN
SO-2026-000054,1,2026-01-02,2026-01-03,PL-WEB-01,C019497,VM-NUT-0002,15,15.26,0.0,PLN
SO-2026-000054,2,2026-01-02,2026-01-03,PL-WEB-01,C019497,VM-ACC-0016,2,29.51,0.0,PLN
SO-2026-000055,1,2026-01-02,2026-01-06,PL-MKT-01,C019498,VM-NUT-0003,7,11.19,0.0,PLN
SO-2026-000056,1,2026-01-02,2026-01-04,PL-MKT-01,C014142,VM-CMP-0017,8,508.99,0.08,PLN
SO-2026-000057,1,2026-01-02,2026-01-05,PL-MKT-01,C014287,VM-APP-0002,3,447.91,0.0,PLN
SO-2026-000058,1,2026-01-02,2026-01-02,CZ-BRN-01,C019499,VM-APP-0007,1,944.0,0.3,CZK
SO-2026-000058,2,2026-01-02,2026-01-02,CZ-BRN-01,C019499,VM-NUT-0001,4,53.0,0.0,CZK
SO-2026-000059,1,2026-01-02,2026-01-02,DE-BER-01,C018864,vm-bik-0004,1,1022.55,0.05,EUR
SO-2026-000059,2,2026-01-02,2026-01-02,DE-BER-01,C018864,VM-ACC-0002,1,146.08,0.05,EUR
SO-2026-000060,1,2026-01-02,2026-01-02,DE-BER-01,C017140,VM-NUT-0004,3,1.67,0.0,EUR
SO-2026-000061,1,2026-01-02,2026-01-02,DE-BER-01,C012982,VM-APP-0006,2,74.23,0.05,EUR
SO-2026-000062,1,2026-01-02,2026-01-02,DE-BER-01,C019500,VM-CMP-0013,1,126.92,0.05,EUR
SO-2026-000062,2,2026-01-02,2026-01-02,DE-BER-01,C019500,VM-ACC-0017,3,13.89,0.05,EUR
SO-2026-000062,3,2026-01-02,2026-01-02,DE-BER-01,C019500,VM-APP-0020,1,43.1,0.05,EUR
SO-2026-000063,1,2026-01-02,2026-01-05,DE-WEB-01,C019501,VM-ACC-0018,2,11.97,0.0,EUR
SO-2026-000063,2,2026-01-02,2026-01-05,DE-WEB-01,C019501,VM-ACC-0007,2,86.21,0.0,EUR
SO-2026-000064,1,2026-01-02,2026-01-03,DE-WEB-01,C019502,VM-EBK-0008,1,3616.04,0.0,EUR
SO-2026-000065,1,2026-01-02,2026-01-05,DE-WEB-01,C009143,VM-CMP-0016,2,589.1,0.05,EUR
SO-2026-000066,1,2026-01-03,2026-01-03,PL-WAW-01,C005125,VM-ACC-0021,1,794.03,0.0,PLN
SO-2026-000066,2,2026-01-03,2026-01-03,PL-WAW-01,C005125,VM-APP-0014,1,498.81,0.3,PLN
SO-2026-000067,1,2026-01-03,2026-01-03,PL-WAW-01,C019503,VM-ACC-0006,1,967.09,0.0,PLN
SO-2026-000068,1,2026-01-03,2026-01-03,PL-WAW-01,C012956,VM-ACC-0011,1,73.29,0.0,PLN
SO-2026-000068,2,2026-01-03,2026-01-03,PL-WAW-01,C012956,VM-APP-0008,2,162.87,0.3,PLN
SO-2026-000068,3,2026-01-03,2026-01-03,PL-WAW-01,C012956,VM-APP-0003,3,315.57,0.3,PLN
SO-2026-000069,1,2026-01-03,2026-01-03,PL-WAW-01,C019504,VM-APP-0008,1,162.87,0.3,PLN
SO-2026-000070,1,2026-01-03,2026-01-03,PL-WAW-01,,VM-ACC-0006,2,967.09,0.0,PLN
SO-2026-000070,2,2026-01-03,2026-01-03,PL-WAW-01,,VM-NUT-0008,10,10.17,0.0,PLN
SO-2026-000070,3,2026-01-03,2026-01-03,PL-WAW-01,,VM-ACC-0010,1,254.49,0.0,PLN
SO-2026-000071,1,2026-01-03,2026-01-03,PL-WAW-01,C019505,VM-ACC-0012,1,73.29,0.05,PLN
SO-2026-000072,1,2026-01-03,2026-01-03,PL-WAW-01,C017507,VM-BIK-0006,1,6708.61,0.0,PLN
SO-2026-000072,2,2026-01-03,2026-01-03,PL-WAW-01,C017507,VM-NUT-0004,6,7.12,0.0,PLN
SO-2026-000073,1,2026-01-03,2026-01-03,PL-WAW-02,C019506,VM-ACC-0022,1,1598.25,0.0,PLN
SO-2026-000074,1,2026-01-03,2026-01-03,PL-WAW-02,C019507,VM-BIK-0008,1,5405.57,0.0,PLN
SO-2026-000074,2,2026-01-03,2026-01-03,PL-WAW-02,C019507,VM-APP-0010,1,173.05,0.3,PLN
SO-2026-000074,3,2026-01-03,2026-01-03,PL-WAW-02,C019507,VM-ACC-0004,1,794.03,0.0,PLN
SO-2026-000075,1,2026-01-03,2026-01-03,PL-WAW-02,,VM-BIK-0004,1,4346.85,0.0,PLN
SO-2026-000076,1,2026-01-03,2026-01-03,PL-WAW-02,C019508,VM-NUT-0006,9,10.17,0.05,PLN
SO-2026-000076,2,2026-01-03,2026-01-03,PL-WAW-02,C019508,VM-BIK-0012,1,12022.57,0.05,PLN
SO-2026-000076,3,2026-01-03,2026-01-03,PL-WAW-02,C019508, VM-ACC-0007 ,2,366.47,0.1,PLN
SO-2026-000077,1,2026-01-03,2026-01-03,PL-KRK-01,C013998,VM-NUT-0002,11,15.26,0.0,PLN
SO-2026-000078,1,2026-01-03,2026-01-03,PL-KRK-01,C013440,VM-APP-0002,1,447.91,0.3,PLN
SO-2026-000079,1,2026-01-03,2026-01-03,PL-KRK-01,C019509,VM-NUT-0004,12,7.12,0.0,PLN
SO-2026-000080,1,2026-01-03,2026-01-03,PL-WRO-01,C010582,VM-CMP-0017,4,508.99,0.12,PLN
SO-2026-000080,2,2026-01-03,2026-01-03,PL-WRO-01,C010582,VM-NUT-0008,40,10.17,0.12,PLN
SO-2026-000080,3,2026-01-03,2026-01-03,PL-WRO-01,C010582,VM-CMP-0020,4,264.67,0.12,PLN
SO-2026-000081,1,2026-01-03,2026-01-03,PL-WRO-01,C008794,VM-APP-0007,1,162.87,0.0,PLN
SO-2026-000082,1,2026-01-03,2026-01-03,PL-WRO-01,C018909,VM-ACC-0002,2,620.97,0.0,PLN
SO-2026-000083,1,2026-01-03,2026-01-03,PL-GDN-01,C018949,VM-ACC-0006,2,967.09,0.0,PLN
SO-2026-000084,1,2026-01-03,2026-01-03,PL-GDN-01,,VM-ACC-0021,1,794.03,0.0,PLN
SO-2026-000084,2,2026-01-03,2026-01-03,PL-GDN-01,,VM-ACC-0014,1,111.97,0.0,PLN
SO-2026-000084,3,2026-01-03,2026-01-03,PL-GDN-01,,VM-BIK-0011,1,8805.69,0.0,PLN
SO-2026-000084,4,2026-01-03,2026-01-03,PL-GDN-01,,VM-CMP-0009,2,356.29,0.0,PLN
SO-2026-000085,1,2026-01-03,2026-01-03,PL-GDN-01,,VM-APP-0010,1,173.05,0.0,PLN
SO-2026-000086,1,2026-01-03,2026-01-03,PL-POZ-01,,VM-CMP-0009,2,356.29,0.0,PLN
SO-2026-000086,2,2026-01-03,2026-01-03,PL-POZ-01,,VM-NUT-0008,8,10.17,0.0,PLN
SO-2026-000086,3,2026-01-03,2026-01-03,PL-POZ-01,,VM-CMP-0019,1,213.77,0.0,PLN
SO-2026-000087,1,2026-01-03,2026-01-03,PL-LDZ-01,C015292,VM-NUT-0001,12,9.15,0.0,PLN
SO-2026-000088,1,2026-01-03,2026-01-03,PL-LDZ-01,C017452,VM-ACC-0010,1,254.49,0.0,PLN
SO-2026-000088,2,2026-01-03,2026-01-03,PL-LDZ-01,C017452,VM-ACC-0001,1,386.83,0.0,PLN
SO-2026-000089,1,2026-01-03,2026-01-03,PL-LDZ-01,C016721,VM-NUT-0009,2,86.52,0.0,PLN
SO-2026-000090,1,2026-01-03,2026-01-07,PL-WEB-01,C002265,VM-CMP-0006,2,203.59,0.0,PLN
SO-2026-000090,2,2026-01-03,2026-01-07,PL-WEB-01,C002265,VM-NUT-0007,4,13.22,0.0,PLN
SO-2026-000090,3,2026-01-03,2026-01-07,PL-WEB-01,C002265,VM-APP-0013,1,447.91,0.0,PLN
SO-2026-000091,1,2026-01-03,2026-01-04,PL-WEB-01,C019510,VM-APP-0002,1,447.91,0.3,PLN
SO-2026-000091,2,2026-01-03,2026-01-04,PL-WEB-01,C019510,VM-ACC-0014,1,111.97,0.0,PLN
SO-2026-000092,1,2026-01-03,2026-01-06,PL-WEB-01,C019511,VM-ACC-0013,1,173.05,0.05,PLN
SO-2026-000092,2,2026-01-03,2026-01-06,PL-WEB-01,C019511,VM-ACC-0010,2,254.49,0.0,PLN
SO-2026-000093,1,2026-01-03,2026-01-07,PL-MKT-01,C008131,VM-NUT-0006,24,10.17,0.12,PLN
SO-2026-000093,2,2026-01-03,2026-01-07,PL-MKT-01,C008131,VM-BIK-0020,3,1231.77,0.08,PLN
SO-2026-000094,1,2026-01-03,2026-01-07,PL-MKT-01,C016480,VM-APP-0015,1,580.25,0.0,PLN
SO-2026-000094,2,2026-01-03,2026-01-07,PL-MKT-01,C016480,VM-APP-0011,1,417.37,0.0,PLN
SO-2026-000094,3,2026-01-03,2026-01-07,PL-MKT-01,C016480,VM-BIK-0009,1,5741.51,0.0,PLN
SO-2026-000095,1,2026-01-03,2026-01-05,PL-MKT-01,C002802,VM-APP-0007,1,162.87,0.0,PLN
SO-2026-000095,2,2026-01-03,2026-01-05,PL-MKT-01,C002802,VM-ACC-0007,1,366.47,0.0,PLN
SO-2026-000096,1,2026-01-03,2026-01-06,PL-MKT-01,C018804,VM-NUT-0011,2,54.96,0.0,PLN
SO-2026-000097,1,2026-01-03,2026-01-03,CZ-PRG-01,,VM-ACC-0002,2,3600.0,0.0,CZK
SO-2026-000097,2,2026-01-03,2026-01-03,CZ-PRG-01,,VM-ACC-0007,2,2124.0,0.0,CZK
SO-2026-000098,1,2026-01-03,2026-01-03,CZ-BRN-01,C019512,VM-CMP-0016,1,14518.0,0.0,CZK
SO-2026-000098,2,2026-01-03,2026-01-03,CZ-BRN-01,C019512,VM-ACC-0015,1,2065.0,0.0,CZK
SO-2026-000098,3,2026-01-03,2026-01-03,CZ-BRN-01,C019512,VM-ACC-0010,1,1475.0,0.1,CZK
SO-2026-000099,1,2026-01-03,2026-01-03,CZ-BRN-01,C005781,VM-APP-0010,2,1003.0,0.3,CZK
SO-2026-000099,2,2026-01-03,2026-01-03,CZ-BRN-01,C005781,VM-BIK-0008,1,31337.0,0.0,CZK
SO-2026-000099,3,2026-01-03,2026-01-03,CZ-BRN-01,C005781,VM-NUT-0001,13,53.0,0.0,CZK
SO-2026-000100,1,2026-01-03,2026-01-03,CZ-BRN-01,C014652,VM-ACC-0021,1,4603.0,0.0,CZK
SO-2026-000101,1,2026-01-03,2026-01-03,DE-BER-01,C012757,VM-EBK-0004,1,2653.36,0.1,EUR
SO-2026-000102,1,2026-01-03,2026-01-03,DE-BER-01,C019513,VM-ACC-0020,1,193.97,0.0,EUR
SO-2026-000102,2,2026-01-03,2026-01-03,DE-BER-01,C019513,VM-APP-0002,1,105.37,0.3,EUR
SO-2026-000103,1,2026-01-03,2026-01-03,DE-BER-01,C015728,VM-ACC-0014,1,26.34,0.0,EUR
SO-2026-000104,1,2026-01-03,2026-01-03,DE-BER-01,,VM-BIK-0013,1,1149.47,0.0,EUR
SO-2026-000104,2,2026-01-03,2026-01-03,DE-BER-01,,VM-ACC-0014,1,26.34,0.0,EUR
SO-2026-000105,1,2026-01-03,2026-01-03,DE-BER-01,,VM-NUT-0001,3,2.15,0.0,EUR
SO-2026-000106,1,2026-01-03,2026-01-07,DE-WEB-01,C009352,VM-CMP-0009,10,83.81,0.08,EUR
SO-2026-000106,2,2026-01-03,2026-01-07,DE-WEB-01,C009352,VM-NUT-0002,20,3.59,0.12,EUR
SO-2026-000107,1,2026-01-03,2026-01-06,DE-WEB-01,C005147,VM-APP-0010,2,40.71,0.3,EUR
SO-2026-000107,2,2026-01-03,2026-01-06,DE-WEB-01,C005147,VM-BIK-0017,1,457.39,0.05,EUR
SO-2026-000107,3,2026-01-03,2026-01-06,DE-WEB-01,C005147,VM-APP-0013,1,105.37,0.05,EUR
SO-2026-000107,4,2026-01-03,2026-01-06,DE-WEB-01,C005147,VM-BIK-0010,1,1513.47,0.05,EUR
SO-2026-000108,1,2026-01-03,2026-01-07,DE-WEB-01,C019514,VM-NUT-0008,11,2.39,0.0,EUR
SO-2026-000108,2,2026-01-03,2026-01-07,DE-WEB-01,C019514,VM-ACC-0022,1,375.97,0.0,EUR
SO-2026-000108,3,2026-01-03,2026-01-07,DE-WEB-01,C019514,VM-APP-0002,2,105.37,0.3,EUR
SO-2026-000108,4,2026-01-03,2026-01-07,DE-WEB-01,C019514,VM-NUT-0001,9,2.15,0.0,EUR
SO-2026-000109,1,2026-01-04,2026-01-06,PL-WEB-01,C016322,VM-BIK-0005,4,7543.37,0.08,PLN
SO-2026-000109,2,2026-01-04,2026-01-06,PL-WEB-01,C016322,VM-ACC-0008,2,407.19,0.12,PLN
SO-2026-000109,3,2026-01-04,2026-01-06,PL-WEB-01,C016322,VM-ACC-0014,3,111.97,0.1,PLN
SO-2026-000110,1,2026-01-04,2026-01-05,PL-WEB-01,C019515,VM-ACC-0008,1,407.19,0.0,PLN
SO-2026-000111,1,2026-01-04,2026-01-07,PL-WEB-01,C016188,VM-APP-0005,3,183.23,0.3,PLN
SO-2026-000111,2,2026-01-04,2026-01-07,PL-WEB-01,C016188,VM-BIK-0012,1,12022.57,0.0,PLN
SO-2026-000112,1,2026-01-04,2026-01-05,PL-WEB-01,C019516,vm-bik-0017,5,1944.37,0.08,PLN
SO-2026-000113,1,2026-01-04,2026-01-06,PL-MKT-01,C010306,VM-ACC-0008,2,407.19,0.0,PLN
SO-2026-000113,2,2026-01-04,2026-01-06,PL-MKT-01,C010306,VM-BIK-0020,1,1231.77,0.0,PLN
SO-2026-000113,3,2026-01-04,2026-01-06,PL-MKT-01,C010306,VM-CMP-0002,1,570.07,0.0,PLN
SO-2026-000113,4,2026-01-04,2026-01-06,PL-MKT-01,C010306,VM-NUT-0011,4,54.96,0.0,PLN
SO-2026-000114,1,2026-01-04,2026-01-07,PL-MKT-01,C016845,VM-BIK-0016,3,3654.61,0.12,PLN
SO-2026-000115,1,2026-01-04,2026-01-08,PL-MKT-01,C017911,VM-CMP-0016,2,2504.27,0.0,PLN
SO-2026-000115,2,2026-01-04,2026-01-08,PL-MKT-01,C017911,VM-APP-0008,1,162.87,0.0,PLN
SO-2026-000116,1,2026-01-04,2026-01-08,PL-MKT-01,C019517,VM-ACC-0008,10,407.19,0.12,PLN
SO-2026-000116,2,2026-01-04,2026-01-08,PL-MKT-01,C019517,VM-APP-0009,10,356.29,0.3,PLN
SO-2026-000117,1,2026-01-04,2026-01-07,PL-MKT-01,C019518,VM-NUT-0004,14,7.12,0.0,PLN
SO-2026-000118,1,2026-01-04,2026-01-05,PL-MKT-01,C002701,VM-BIK-0007,1,7176.89,0.0,PLN
SO-2026-000118,2,2026-01-04,2026-01-05,PL-MKT-01,C002701,VM-ACC-0019,3,50.89,0.0,PLN
SO-2026-000118,3,2026-01-04,2026-01-05,PL-MKT-01,C002701,VM-ACC-0003,1,295.21,0.0,PLN
SO-2026-000119,1,2026-01-04,2026-01-07,PL-MKT-01,C008485,VM-CMP-0005,1,1506.63,0.0,PLN
SO-2026-000120,1,2026-01-04,2026-01-04,CZ-PRG-01,C000518,VM-NUT-0008,3,59.0,0.0,CZK
SO-2026-000120,2,2026-01-04,2026-01-04,CZ-PRG-01,C000518,VM-ACC-0008,1,2361.0,0.0,CZK
SO-2026-000121,1,2026-01-04,2026-01-07,DE-WEB-01,C004185,VM-ACC-0008,2,95.79,0.0,EUR
SO-2026-000121,2,2026-01-04,2026-01-07,DE-WEB-01,C004185,VM-APP-0013,1,105.37,0.3,EUR
SO-2026-000122,1,2026-01-05,2026-01-05,PL-WAW-01,,VM-NUT-0003,5,11.19,0.0,PLN
SO-2026-000122,2,2026-01-05,2026-01-05,PL-WAW-01,,VM-CMP-0013,2,539.53,0.0,PLN
SO-2026-000123,1,2026-01-05,2026-01-05,PL-WAW-01,,VM-ACC-0002,2,620.97,0.0,PLN
SO-2026-000123,2,2026-01-05,2026-01-05,PL-WAW-01,,VM-APP-0007,2,162.87,0.3,PLN
SO-2026-000124,1,2026-01-05,2026-01-05,PL-WAW-01,,VM-APP-0006,2,315.57,0.1,PLN
SO-2026-000124,2,2026-01-05,2026-01-05,PL-WAW-01,,VM-BIK-0004,1,4346.85,0.0,PLN
SO-2026-000124,3,2026-01-05,2026-01-05,PL-WAW-01,,VM-ACC-0008,2,407.19,0.0,PLN
SO-2026-000125,1,2026-01-05,2026-01-05,PL-WAW-02,,VM-APP-0007,1,162.87,0.3,PLN
SO-2026-000125,2,2026-01-05,2026-01-05,PL-WAW-02,,VM-ACC-0008,1,407.19,0.0,PLN
SO-2026-000126,1,2026-01-05,2026-01-05,PL-WAW-02,C019519,VM-ACC-0008,2,407.19,0.0,PLN
SO-2026-000127,1,2026-01-05,2026-01-05,PL-WAW-02,,VM-CMP-0014,2,437.73,0.0,PLN
SO-2026-000128,1,2026-01-05,2026-01-05,PL-KRK-01,C019520,VM-NUT-0007,8,13.22,0.0,PLN
SO-2026-000129,1,2026-01-05,2026-01-05,PL-KRK-01,C017994,VM-APP-0015,1,580.25,0.3,PLN
SO-2026-000129,2,2026-01-05,2026-01-05,PL-KRK-01,C017994,VM-APP-0013,1,447.91,0.3,PLN
SO-2026-000129,3,2026-01-05,2026-01-05,PL-KRK-01,C017994,VM-APP-0010,1,173.05,0.3,PLN
SO-2026-000129,4,2026-01-05,2026-01-05,PL-KRK-01,C017994,VM-CMP-0006,2,203.59,0.0,PLN
SO-2026-000130,1,2026-01-05,2026-01-05,PL-WRO-01,,VM-BIK-0017,1,1944.37,0.0,PLN
SO-2026-000130,2,2026-01-05,2026-01-05,PL-WRO-01,,VM-ACC-0006,1,967.09,0.0,PLN
SO-2026-000130,3,2026-01-05,2026-01-05,PL-WRO-01,,VM-ACC-0017,1,59.03,0.0,PLN
SO-2026-000130,4,2026-01-05,2026-01-05,PL-WRO-01,, VM-ACC-0014 ,1,111.97,0.0,PLN
SO-2026-000131,1,2026-01-05,2026-01-05,PL-GDN-01,C018429,VM-ACC-0007,2,366.47,0.05,PLN
SO-2026-000131,2,2026-01-05,2026-01-05,PL-GDN-01,C018429,VM-APP-0006,2,315.57,0.05,PLN
SO-2026-000131,3,2026-01-05,2026-01-05,PL-GDN-01,C018429,VM-BIK-0007,1,7176.89,0.05,PLN
SO-2026-000132,1,2026-01-05,2026-01-05,PL-GDN-01,,VM-APP-0010,2,173.05,0.0,PLN
SO-2026-000133,1,2026-01-05,2026-01-05,PL-LDZ-01,C018216,VM-NUT-0008,12,10.17,0.0,PLN
SO-2026-000133,2,2026-01-05,2026-01-05,PL-LDZ-01,C018216,VM-BIK-0012,1,12022.57,0.0,PLN
SO-2026-000134,1,2026-01-05,2026-01-09,PL-WEB-01,C019521,VM-APP-0010,1,173.05,0.0,PLN
SO-2026-000135,1,2026-01-05,2026-01-07,PL-WEB-01,C010996,VM-APP-0012,1,885.65,0.0,PLN
SO-2026-000135,2,2026-01-05,2026-01-07,PL-WEB-01,C010996,VM-CMP-0013,1,539.53,0.0,PLN
SO-2026-000136,1,2026-01-05,2026-01-09,PL-WEB-01,C016981,VM-APP-0006,3,315.57,0.3,PLN
SO-2026-000137,1,2026-01-05,2026-01-09,PL-MKT-01,C018354,VM-APP-0002,1,447.91,0.3,PLN
SO-2026-000138,1,2026-01-05,2026-01-09,PL-MKT-01,C019522,VM-EBK-0003,1,9253.61,0.0,PLN
SO-2026-000139,1,2026-01-05,2026-01-09,PL-MKT-01,C019523,VM-APP-0020,2,183.23,0.3,PLN
SO-2026-000140,1,2026-01-05,2026-01-06,PL-MKT-01,C019524,VM-APP-0015,1,580.25,0.3,PLN
SO-2026-000140,2,2026-01-05,2026-01-06,PL-MKT-01,C019524,VM-APP-0009,1,356.29,0.3,PLN
SO-2026-000141,1,2026-01-05,2026-01-08,PL-MKT-01,C019525,VM-NUT-0001,8,9.15,0.05,PLN
SO-2026-000141,2,2026-01-05,2026-01-08,PL-MKT-01,C019525,VM-NUT-0004,14,7.12,0.05,PLN
SO-2026-000142,1,2026-01-05,2026-01-05,CZ-PRG-01,C015058,VM-CMP-0006,1,1180.0,0.0,CZK
SO-2026-000142,2,2026-01-05,2026-01-05,CZ-PRG-01,C015058,vm-acc-0008,1,2361.0,0.0,CZK
SO-2026-000143,1,2026-01-05,2026-01-05,CZ-PRG-01,C017909,VM-ACC-0010,1,1475.0,0.0,CZK
SO-2026-000144,1,2026-01-05,2026-01-05,CZ-BRN-01,C014324,VM-ACC-0018,3,295.0,0.0,CZK
SO-2026-000145,1,2026-01-05,2026-01-07,CZ-WEB-01,C005173,VM-NUT-0006,7,59.0,0.0,CZK
SO-2026-000145,2,2026-01-05,2026-01-07,CZ-WEB-01,C005173,VM-BIK-0019,1,7141.0,0.0,CZK
SO-2026-000145,3,2026-01-05,2026-01-07,CZ-WEB-01,C005173,VM-CMP-0018,4,366.0,0.0,CZK
SO-2026-000146,1,2026-01-05,2026-01-09,CZ-WEB-01,C013862,VM-ACC-0001,1,2242.0,0.05,CZK
SO-2026-000146,2,2026-01-05,2026-01-09,CZ-WEB-01,C013862,VM-APP-0020,1,1062.0,0.3,CZK
SO-2026-000146,3,2026-01-05,2026-01-09,CZ-WEB-01,C013862,VM-ACC-0008,1,2361.0,0.05,CZK
SO-2026-000146,4,2026-01-05,2026-01-09,CZ-WEB-01,C013862,VM-APP-0010,2,1003.0,0.3,CZK
SO-2026-000147,1,2026-01-05,2026-01-06,CZ-WEB-01,C013967,VM-ACC-0008,2,2361.0,0.0,CZK
SO-2026-000147,2,2026-01-05,2026-01-06,CZ-WEB-01,C013967,VM-CMP-0009,2,2065.0,0.0,CZK
SO-2026-000147,3,2026-01-05,2026-01-06,CZ-WEB-01,C013967,VM-ACC-0005,1,1062.0,0.0,CZK
SO-2026-000148,1,2026-01-05,2026-01-05,DE-BER-01,,VM-NUT-0006,4,2.39,0.0,EUR
SO-2026-000149,1,2026-01-05,2026-01-09,DE-WEB-01,C019526,VM-APP-0014,1,117.34,0.0,EUR
SO-2026-000149,2,2026-01-05,2026-01-09,DE-WEB-01,C019526,VM-BIK-0013,1,1149.47,0.0,EUR
SO-2026-000150,1,2026-01-05,2026-01-06,DE-WEB-01,C017208,VM-CMP-0009,2,83.81,0.05,EUR
SO-2026-000151,1,2026-01-05,2026-01-06,DE-WEB-01,C019527,VM-CMP-0005,2,354.42,0.0,EUR
SO-2026-000152,1,2026-01-06,2026-01-06,PL-WAW-01,C013770,VM-CMP-0006,1,203.59,0.0,PLN
SO-2026-000152,2,2026-01-06,2026-01-06,PL-WAW-01,C013770, VM-ACC-0023 ,1,946.73,0.05,PLN
SO-2026-000152,3,2026-01-06,2026-01-06,PL-WAW-01,C013770,VM-NUT-0006,9,10.17,0.1,PLN
SO-2026-000152,4,2026-01-06,2026-01-06,PL-WAW-01,C013770,VM-ACC-0010,1,254.49,0.0,PLN
SO-2026-000153,1,2026-01-06,2026-01-06,PL-WAW-01,,VM-NUT-0004,4,7.12,0.0,PLN
SO-2026-000153,2,2026-01-06,2026-01-06,PL-WAW-01,,VM-CMP-0006,2,203.59,0.0,PLN
SO-2026-000154,1,2026-01-06,2026-01-06,PL-WAW-02,C018524,VM-ACC-0014,1,111.97,0.0,PLN
SO-2026-000155,1,2026-01-06,2026-01-06,PL-WAW-02,C019528,VM-APP-0010,2,173.05,0.3,PLN
SO-2026-000156,1,2026-01-06,2026-01-06,PL-WAW-02,C018187,VM-CMP-0005,2,1506.63,0.0,PLN
SO-2026-000156,2,2026-01-06,2026-01-06,PL-WAW-02,C018187,VM-APP-0006,1,315.57,0.0,PLN
SO-2026-000157,1,2026-01-06,2026-01-06,PL-KRK-01,C010892,VM-ACC-0017,2,59.03,0.0,PLN
SO-2026-000158,1,2026-01-06,2026-01-06,PL-WRO-01,C016560,VM-CMP-0015,1,936.55,0.0,PLN
SO-2026-000158,2,2026-01-06,2026-01-06,PL-WRO-01,C016560,VM-NUT-0001,11,9.15,0.1,PLN
SO-2026-000158,3,2026-01-06,2026-01-06,PL-WRO-01,C016560,VM-NUT-0003,9,11.19,0.0,PLN
SO-2026-000158,4,2026-01-06,2026-01-06,PL-WRO-01,C016560,VM-ACC-0007,2,366.47,0.0,PLN
SO-2026-000159,1,2026-01-06,2026-01-06,PL-WRO-01,C015217,VM-NUT-0007,6,13.22,0.0,PLN
SO-2026-000159,2,2026-01-06,2026-01-06,PL-WRO-01,C015217,VM-BIK-0011,1,8805.69,0.0,PLN
SO-2026-000159,3,2026-01-06,2026-01-06,PL-WRO-01,C015217,VM-APP-0006,3,315.57,0.3,PLN
SO-2026-000160,1,2026-01-06,2026-01-06,PL-POZ-01,,VM-APP-0013,1,447.91,0.3,PLN
SO-2026-000161,1,2026-01-06,2026-01-06,PL-LDZ-01,C017122,VM-APP-0006,2,315.57,0.3,PLN
SO-2026-000162,1,2026-01-06,2026-01-06,PL-LDZ-01,C015782,VM-ACC-0008,3,407.19,0.08,PLN
SO-2026-000162,2,2026-01-06,2026-01-06,PL-LDZ-01,C015782,VM-NUT-0008,18,10.17,0.1,PLN
SO-2026-000163,1,2026-01-06,2026-01-10,PL-WEB-01,C011290,VM-APP-0020,1,183.23,0.3,PLN
SO-2026-000163,2,2026-01-06,2026-01-10,PL-WEB-01,C011290,VM-NUT-0006,11,10.17,0.05,PLN
SO-2026-000163,3,2026-01-06,2026-01-10,PL-WEB-01,C011290,VM-BIK-0006,1,6708.61,0.05,PLN
SO-2026-000163,4,2026-01-06,2026-01-10,PL-WEB-01,C011290,VM-BIK-0009,1,5741.51,0.05,PLN
SO-2026-000164,1,2026-01-06,2026-01-10,PL-WEB-01,C016259,VM-APP-0019,1,67.18,0.3,PLN
SO-2026-000165,1,2026-01-06,2026-01-08,PL-WEB-01,C001738,VM-CMP-0019,1,213.77,0.05,PLN
SO-2026-000166,1,2026-01-06,2026-01-09,PL-WEB-01,C016053,VM-NUT-0006,6,10.17,0.0,PLN
SO-2026-000167,1,2026-01-06,2026-01-10,PL-WEB-01,C019529,VM-NUT-0002,9,15.26,0.0,PLN
SO-2026-000167,2,2026-01-06,2026-01-10,PL-WEB-01,C019529,VM-APP-0012,1,885.65,0.3,PLN
SO-2026-000168,1,2026-01-06,2026-01-08,PL-WEB-01,C015732,VM-ACC-0011,1,73.29,0.0,PLN
SO-2026-000169,1,2026-01-06,2026-01-08,PL-WEB-01,C018184,VM-ACC-0005,1,183.23,0.0,PLN
SO-2026-000170,1,2026-01-06,2026-01-08,PL-WEB-01,C016158,VM-CMP-0005,1,1506.63,0.05,PLN
SO-2026-000171,1,2026-01-06,2026-01-08,PL-WEB-01,C019530,VM-CMP-0019,3,213.77,0.0,PLN
SO-2026-000172,1,2026-01-06,2026-01-10,PL-WEB-01,C019531,VM-CMP-0012,1,549.71,0.05,PLN
SO-2026-000172,2,2026-01-06,2026-01-10,PL-WEB-01,C019531,VM-CMP-0001,2,407.19,0.05,PLN
SO-2026-000173,1,2026-01-06,2026-01-08,PL-WEB-01,C017122,VM-ACC-0007,2,366.47,0.05,PLN
SO-2026-000174,1,2026-01-06,2026-01-10,PL-WEB-01,C019532,VM-APP-0012,1,885.65,0.0,PLN
SO-2026-000174,2,2026-01-06,2026-01-10,PL-WEB-01,C019532,VM-EBK-0008,1,15371.79,0.0,PLN
SO-2026-000175,1,2026-01-06,2026-01-09,PL-MKT-01,C007418,VM-ACC-0008,2,407.19,0.0,PLN
SO-2026-000175,2,2026-01-06,2026-01-09,PL-MKT-01,C007418,VM-CMP-0013,2,539.53,0.0,PLN
SO-2026-000176,1,2026-01-06,2026-01-07,PL-MKT-01,C018832,VM-CMP-0020,2,264.67,0.0,PLN
SO-2026-000176,2,2026-01-06,2026-01-07,PL-MKT-01,C018832,VM-ACC-0002,1,620.97,0.1,PLN
SO-2026-000176,3,2026-01-06,2026-01-07,PL-MKT-01,C018832,VM-APP-0010,2,173.05,0.3,PLN
SO-2026-000177,1,2026-01-06,2026-01-06,CZ-PRG-01,,VM-CMP-0012,1,3187.0,0.0,CZK
SO-2026-000178,1,2026-01-06,2026-01-06,CZ-BRN-01,C018859,VM-CMP-0020,2,1534.0,0.0,CZK
SO-2026-000179,1,2026-01-06,2026-01-07,CZ-WEB-01,C019533,VM-CMP-0009,2,2065.0,0.05,CZK
SO-2026-000179,2,2026-01-06,2026-01-07,CZ-WEB-01,C019533,VM-APP-0009,1,2065.0,0.3,CZK
SO-2026-000180,1,2026-01-06,2026-01-10,CZ-WEB-01,C016298,VM-ACC-0017,2,342.0,0.0,CZK
SO-2026-000181,1,2026-01-06,2026-01-10,CZ-WEB-01,C012752,VM-CMP-0017,1,2951.0,0.0,CZK
SO-2026-000182,1,2026-01-06,2026-01-10,CZ-WEB-01,C014868,VM-BIK-0007,1,41605.0,0.0,CZK
SO-2026-000183,1,2026-01-06,2026-01-06,DE-BER-01,C019534,VM-ACC-0008,2,95.79,0.0,EUR
SO-2026-000183,2,2026-01-06,2026-01-06,DE-BER-01,C019534,VM-APP-0013,1,105.37,0.3,EUR
SO-2026-000184,1,2026-01-06,2026-01-07,DE-WEB-01,C019535,VM-APP-0006,3,74.23,0.3,EUR
SO-2026-000185,1,2026-01-07,2026-01-07,PL-WAW-01,C007722,VM-NUT-0004,12,7.12,0.05,PLN
SO-2026-000185,2,2026-01-07,2026-01-07,PL-WAW-01,C007722,VM-BIK-0012,1,12022.57,0.05,PLN
SO-2026-000186,1,2026-01-07,2026-01-07,PL-WAW-01,C019536,VM-ACC-0002,2,620.97,0.0,PLN
SO-2026-000187,1,2026-01-07,2026-01-07,PL-WAW-02,,VM-APP-0012,1,885.65,0.0,PLN
SO-2026-000188,1,2026-01-07,2026-01-07,PL-POZ-01,,VM-APP-0012,1,885.65,0.0,PLN
SO-2026-000189,1,2026-01-07,2026-01-07,PL-POZ-01,C015586,VM-ACC-0007,1,366.47,0.0,PLN
SO-2026-000190,1,2026-01-07,2026-01-11,PL-WEB-01,C019467,VM-CMP-0009,1,356.29,0.0,PLN
SO-2026-000191,1,2026-01-07,2026-01-10,PL-WEB-01,C014759,VM-ACC-0017,3,59.03,0.0,PLN
SO-2026-000192,1,2026-01-07,2026-01-11,PL-WEB-01,C019115,VM-NUT-0006,11,10.17,0.0,PLN
SO-2026-000193,1,2026-01-07,2026-01-11,PL-WEB-01,C006694,VM-CMP-0009,1,356.29,0.05,PLN
SO-2026-000193,2,2026-01-07,2026-01-11,PL-WEB-01,C006694,VM-APP-0020,2,183.23,0.05,PLN
SO-2026-000194,1,2026-01-07,2026-01-09,PL-WEB-01,C012254,VM-ACC-0010,1,254.49,0.05,PLN
SO-2026-000195,1,2026-01-07,2026-01-10,PL-WEB-01,C015952,VM-CMP-0011,2,162.87,0.0,PLN
SO-2026-000195,2,2026-01-07,2026-01-10,PL-WEB-01,C015952,VM-ACC-0014,1,111.97,0.0,PLN
SO-2026-000195,3,2026-01-07,2026-01-10,PL-WEB-01,C015952,VM-CMP-0001,2,407.19,0.0,PLN
SO-2026-000195,4,2026-01-07,2026-01-10,PL-WEB-01,C015952,VM-CMP-0002,1,570.07,0.0,PLN
SO-2026-000196,1,2026-01-07,2026-01-10,PL-WEB-01,C016742,VM-APP-0002,4,447.91,0.3,PLN
SO-2026-000197,1,2026-01-07,2026-01-08,PL-WEB-01,C011339,VM-ACC-0013,1,173.05,0.0,PLN
SO-2026-000198,1,2026-01-07,2026-01-09,PL-WEB-01,C007184,VM-ACC-0006,3,967.09,0.12,PLN
SO-2026-000198,2,2026-01-07,2026-01-09,PL-WEB-01,C007184,VM-NUT-0008,15,10.17,0.08,PLN
SO-2026-000198,3,2026-01-07,2026-01-09,PL-WEB-01,C007184,VM-NUT-0001,45,9.15,0.08,PLN
SO-2026-000199,1,2026-01-07,2026-01-08,PL-MKT-01,C012961,VM-ACC-0008,2,407.19,0.0,PLN
SO-2026-000199,2,2026-01-07,2026-01-08,PL-MKT-01,C012961,VM-CMP-0015,1,936.55,0.0,PLN
SO-2026-000200,1,2026-01-07,2026-01-07,CZ-PRG-01,C019537,VM-APP-0002,1,2597.0,0.3,CZK
SO-2026-000200,2,2026-01-07,2026-01-07,CZ-PRG-01,C019537,VM-NUT-0001,6,53.0,0.0,CZK
SO-2026-000200,3,2026-01-07,2026-01-07,CZ-PRG-01,C019537,VM-ACC-0004,1,4603.0,0.0,CZK
SO-2026-000200,4,2026-01-07,2026-01-07,CZ-PRG-01,C019537,VM-ACC-0003,1,1711.0,0.0,CZK
SO-2026-000201,1,2026-01-07,2026-01-07,CZ-BRN-01,C012691,VM-CMP-0020,4,1534.0,0.05,CZK
SO-2026-000202,1,2026-01-07,2026-01-07,CZ-BRN-01,,vm-acc-0001,1,2242.0,0.0,CZK
SO-2026-000202,2,2026-01-07,2026-01-07,CZ-BRN-01,,VM-ACC-0007,1,2124.0,0.0,CZK
SO-2026-000203,1,2026-01-07,2026-01-07,CZ-BRN-01,C008729,VM-CMP-0007,1,3718.0,0.05,CZK
SO-2026-000204,1,2026-01-07,2026-01-09,CZ-WEB-01,C019538,VM-APP-0004,2,1416.0,0.3,CZK
SO-2026-000204,2,2026-01-07,2026-01-09,CZ-WEB-01,C019538,VM-EBK-0008,1,89112.0,0.0,CZK
SO-2026-000204,3,2026-01-07,2026-01-09,CZ-WEB-01,C019538,VM-APP-0002,2,2597.0,0.0,CZK
SO-2026-000205,1,2026-01-07,2026-01-11,CZ-WEB-01,C017075,VM-NUT-0009,4,502.0,0.0,CZK
SO-2026-000206,1,2026-01-07,2026-01-09,CZ-WEB-01,C015622,VM-CMP-0006,1,1180.0,0.0,CZK
SO-2026-000206,2,2026-01-07,2026-01-09,CZ-WEB-01,C015622,VM-CMP-0011,2,944.0,0.0,CZK
SO-2026-000207,1,2026-01-07,2026-01-08,DE-WEB-01,C019539,VM-ACC-0019,3,11.97,0.0,EUR
SO-2026-000207,2,2026-01-07,2026-01-08,DE-WEB-01,C019539,VM-CMP-0013,2,126.92,0.0,EUR
SO-2026-000208,1,2026-01-07,2026-01-09,DE-WEB-01,C019349,VM-CMP-0005,2,354.42,0.0,EUR
SO-2026-000209,1,2026-01-07,2026-01-08,DE-WEB-01,C017562,VM-ACC-0017,2,13.89,0.0,EUR
SO-2026-000209,2,2026-01-07,2026-01-08,DE-WEB-01,C017562,VM-ACC-0004,1,186.79,0.0,EUR
SO-2026-000210,1,2026-01-08,2026-01-08,PL-WAW-01,C015271,VM-CMP-0017,1,508.99,0.0,PLN
SO-2026-000210,2,2026-01-08,2026-01-08,PL-WAW-01,C015271,VM-NUT-0008,4,10.17,0.0,PLN
SO-2026-000211,1,2026-01-08,2026-01-08,PL-WAW-01,C019540,VM-NUT-0003,10,11.19,0.0,PLN
SO-2026-000212,1,2026-01-08,2026-01-08,PL-WAW-02,,VM-ACC-0008,1,407.19,0.0,PLN
SO-2026-000213,1,2026-01-08,2026-01-08,PL-WAW-02,C018739,VM-EBK-0010,2,13732.81,0.12,PLN
SO-2026-000214,1,2026-01-08,2026-01-08,PL-KRK-01,,VM-ACC-0017,3,59.03,0.0,PLN
SO-2026-000215,1,2026-01-08,2026-01-08,PL-KRK-01,,vm-acc-0007,1,366.47,0.0,PLN
SO-2026-000215,2,2026-01-08,2026-01-08,PL-KRK-01,,VM-BIK-0012,1,12022.57,0.0,PLN
SO-2026-000216,1,2026-01-08,2026-01-08,PL-KRK-01,C012365,VM-CMP-0016,5,2504.27,0.12,PLN
SO-2026-000216,2,2026-01-08,2026-01-08,PL-KRK-01,C012365,VM-CMP-0008,3,447.91,0.1,PLN
SO-2026-000217,1,2026-01-08,2026-01-08,PL-WRO-01,C019541,VM-BIK-0013,1,4886.39,0.1,PLN
SO-2026-000218,1,2026-01-08,2026-01-08,PL-GDN-01,C017228,VM-APP-0006,2,315.57,0.0,PLN
SO-2026-000219,1,2026-01-08,2026-01-08,PL-GDN-01,C019542,VM-ACC-0003,2,295.21,0.0,PLN
SO-2026-000220,1,2026-01-08,2026-01-08,PL-GDN-01,,VM-NUT-0008,4,10.17,0.0,PLN
SO-2026-000221,1,2026-01-08,2026-01-08,PL-POZ-01,,VM-ACC-0018,1,50.89,0.0,PLN
SO-2026-000222,1,2026-01-08,2026-01-12,PL-WEB-01,C014513,VM-CMP-0016,1,2504.27,0.0,PLN
SO-2026-000223,1,2026-01-08,2026-01-09,PL-WEB-01,C012281,VM-NUT-0001,8,9.15,0.0,PLN
SO-2026-000224,1,2026-01-08,2026-01-12,PL-WEB-01,C019543,VM-ACC-0013,1,173.05,0.0,PLN
SO-2026-000225,1,2026-01-08,2026-01-11,PL-WEB-01,C011876,VM-NUT-0006,10,10.17,0.0,PLN
SO-2026-000226,1,2026-01-08,2026-01-11,PL-WEB-01,C010214,VM-CMP-0012,2,549.71,0.0,PLN
SO-2026-000227,1,2026-01-08,2026-01-09,PL-WEB-01,C019544,VM-APP-0006,2,315.57,0.3,PLN
SO-2026-000228,1,2026-01-08,2026-01-09,PL-WEB-01,C019545,VM-ACC-0008,1,407.19,0.0,PLN
SO-2026-000229,1,2026-01-08,2026-01-11,PL-WEB-01,C012027,VM-NUT-0009,2,86.52,0.05,PLN
SO-2026-000230,1,2026-01-08,2026-01-11,PL-WEB-01,C019471,VM-BIK-0016,1,3654.61,0.05,PLN
SO-2026-000230,2,2026-01-08,2026-01-11,PL-WEB-01,C019471,VM-APP-0020,1,183.23,0.3,PLN
SO-2026-000230,3,2026-01-08,2026-01-11,PL-WEB-01,C019471,VM-ACC-0008,1,407.19,0.05,PLN
SO-2026-000231,1,2026-01-08,2026-01-08,CZ-BRN-01,C019546,VM-NUT-0004,10,41.0,0.0,CZK
SO-2026-000231,2,2026-01-08,2026-01-08,CZ-BRN-01,C019546,VM-APP-0010,1,1003.0,0.3,CZK
SO-2026-000231,3,2026-01-08,2026-01-08,CZ-BRN-01,C019546,VM-ACC-0007,2,2124.0,0.0,CZK
SO-2026-000231,4,2026-01-08,2026-01-08,CZ-BRN-01,C019546,VM-CMP-0004,2,4249.0,0.0,CZK
SO-2026-000232,1,2026-01-08,2026-01-08,CZ-BRN-01,,VM-EBK-0002,1,58719.0,0.0,CZK
SO-2026-000232,2,2026-01-08,2026-01-08,CZ-BRN-01,,VM-CMP-0011,2,944.0,0.0,CZK
SO-2026-000232,3,2026-01-08,2026-01-08,CZ-BRN-01,,VM-ACC-0007,2,2124.0,0.0,CZK
SO-2026-000233,1,2026-01-08,2026-01-08,DE-BER-01,C019547,VM-CMP-0017,1,119.73,0.05,EUR
SO-2026-000233,2,2026-01-08,2026-01-08,DE-BER-01,C019547,VM-APP-0019,1,15.8,0.05,EUR
SO-2026-000234,1,2026-01-08,2026-01-08,DE-BER-01,C019548,VM-APP-0014,1,117.34,0.0,EUR
SO-2026-000234,2,2026-01-08,2026-01-08,DE-BER-01,C019548,VM-CMP-0015,1,220.31,0.0,EUR
SO-2026-000235,1,2026-01-08,2026-01-10,DE-WEB-01,C019549,VM-APP-0002,2,105.37,0.1,EUR
SO-2026-000235,2,2026-01-08,2026-01-10,DE-WEB-01,C019549,VM-BIK-0001,1,3278.38,0.0,EUR
SO-2026-000236,1,2026-01-08,2026-01-11,DE-WEB-01,C002424,VM-ACC-0008,2,95.79,0.0,EUR
SO-2026-000236,2,2026-01-08,2026-01-11,DE-WEB-01,C002424,VM-NUT-0002,12,3.59,0.0,EUR
SO-2026-000236,3,2026-01-08,2026-01-11,DE-WEB-01,C002424,VM-APP-0010,2,40.71,0.0,EUR
SO-2026-000236,4,2026-01-08,2026-01-11,DE-WEB-01,C002424,VM-APP-0008,1,38.31,0.3,EUR
SO-2026-000237,1,2026-01-08,2026-01-11,DE-WEB-01,C017962,VM-APP-0018,1,31.13,0.3,EUR
SO-2026-000238,1,2026-01-08,2026-01-12,DE-WEB-01,C019085,VM-EBK-0005,1,4178.8,0.05,EUR
SO-2026-000239,1,2026-01-09,2026-01-09,PL-WAW-01,C016774,VM-ACC-0021,1,794.03,0.1,PLN
SO-2026-000239,2,2026-01-09,2026-01-09,PL-WAW-01,C016774,VM-ACC-0016,1,29.51,0.05,PLN
SO-2026-000239,3,2026-01-09,2026-01-09,PL-WAW-01,C016774,VM-ACC-0001,1,386.83,0.1,PLN
SO-2026-000240,1,2026-01-09,2026-01-09,PL-WAW-01,,VM-ACC-0005,1,183.23,0.0,PLN
SO-2026-000240,2,2026-01-09,2026-01-09,PL-WAW-01,,VM-CMP-0005,2,1506.63,0.0,PLN
SO-2026-000241,1,2026-01-09,2026-01-09,PL-WAW-01,C019550,vm-app-0013,1,447.91,0.3,PLN
SO-2026-000241,2,2026-01-09,2026-01-09,PL-WAW-01,C019550,VM-APP-0005,3,183.23,0.3,PLN
SO-2026-000242,1,2026-01-09,2026-01-09,PL-WAW-02,,VM-CMP-0001,1,407.19,0.0,PLN
SO-2026-000242,2,2026-01-09,2026-01-09,PL-WAW-02,,VM-ACC-0020,1,824.57,0.0,PLN
SO-2026-000243,1,2026-01-09,2026-01-09,PL-KRK-01,,VM-CMP-0001,2,407.19,0.0,PLN
SO-2026-000243,2,2026-01-09,2026-01-09,PL-KRK-01,,VM-CMP-0005,2,1506.63,0.0,PLN
SO-2026-000244,1,2026-01-09,2026-01-09,PL-WRO-01,,VM-APP-0006,1,315.57,0.3,PLN
SO-2026-000244,2,2026-01-09,2026-01-09,PL-WRO-01,,VM-APP-0002,1,447.91,0.0,PLN
SO-2026-000245,1,2026-01-09,2026-01-09,PL-WRO-01,C007721,VM-CMP-0005,1,1506.63,0.0,PLN
SO-2026-000245,2,2026-01-09,2026-01-09,PL-WRO-01,C007721,VM-BIK-0020,1,1231.77,0.0,PLN
SO-2026-000245,3,2026-01-09,2026-01-09,PL-WRO-01,C007721,VM-APP-0007,1,162.87,0.0,PLN
SO-2026-000246,1,2026-01-09,2026-01-09,PL-POZ-01,,VM-NUT-0001,11,9.15,0.0,PLN
SO-2026-000246,2,2026-01-09,2026-01-09,PL-POZ-01,,VM-APP-0010,1,173.05,0.0,PLN
SO-2026-000246,3,2026-01-09,2026-01-09,PL-POZ-01,,VM-CMP-0018,4,63.11,0.1,PLN
SO-2026-000247,1,2026-01-09,2026-01-09,PL-POZ-01,C019551,VM-NUT-0002,7,15.26,0.0,PLN
SO-2026-000248,1,2026-01-09,2026-01-09,PL-LDZ-01,C009094,VM-NUT-0009,4,86.52,0.0,PLN
SO-2026-000249,1,2026-01-09,2026-01-12,PL-WEB-01,C019552, VM-CMP-0009 ,2,356.29,0.0,PLN
SO-2026-000249,2,2026-01-09,2026-01-12,PL-WEB-01,C019552,VM-CMP-0017,2,508.99,0.0,PLN
SO-2026-000249,3,2026-01-09,2026-01-12,PL-WEB-01,C019552,VM-BIK-0016,1,3654.61,0.0,PLN
SO-2026-000249,4,2026-01-09,2026-01-12,PL-WEB-01,C019552,VM-APP-0005,2,183.23,0.0,PLN
SO-2026-000250,1,2026-01-09,2026-01-11,PL-WEB-01,C019356,VM-CMP-0023,10,60.05,0.1,PLN
SO-2026-000250,2,2026-01-09,2026-01-11,PL-WEB-01,C019356,VM-CMP-0011,10,162.87,0.08,PLN
SO-2026-000250,3,2026-01-09,2026-01-11,PL-WEB-01,C019356,VM-APP-0002,5,447.91,0.3,PLN
SO-2026-000250,4,2026-01-09,2026-01-11,PL-WEB-01,C019356,VM-APP-0005,2,183.23,0.3,PLN
SO-2026-000251,1,2026-01-09,2026-01-13,PL-WEB-01,C010910,VM-BIK-0001,1,13936.41,0.05,PLN
SO-2026-000251,2,2026-01-09,2026-01-13,PL-WEB-01,C010910,VM-ACC-0008,1,407.19,0.05,PLN
SO-2026-000251,3,2026-01-09,2026-01-13,PL-WEB-01,C010910,VM-CMP-0008,2,447.91,0.05,PLN
SO-2026-000251,4,2026-01-09,2026-01-13,PL-WEB-01,C010910,VM-ACC-0015,1,356.29,0.05,PLN
SO-2026-000252,1,2026-01-09,2026-01-13,PL-WEB-01,C019553,VM-EBK-0007,3,14964.59,0.08,PLN
SO-2026-000253,1,2026-01-09,2026-01-10,PL-WEB-01,C019554,VM-APP-0005,1,183.23,0.3,PLN
SO-2026-000254,1,2026-01-09,2026-01-12,PL-WEB-01,C019555,VM-APP-0008,1,162.87,0.1,PLN
SO-2026-000255,1,2026-01-09,2026-01-11,PL-MKT-01,C012599,VM-ACC-0004,2,794.03,0.0,PLN
SO-2026-000255,2,2026-01-09,2026-01-11,PL-MKT-01,C012599,VM-APP-0002,2,447.91,0.3,PLN
SO-2026-000256,1,2026-01-09,2026-01-12,PL-MKT-01,C018445,VM-APP-0002,1,447.91,0.3,PLN
SO-2026-000257,1,2026-01-09,2026-01-12,PL-MKT-01,C019556,vm-nut-0004,12,7.12,0.0,PLN
SO-2026-000258,1,2026-01-09,2026-01-09,CZ-PRG-01,C019557,VM-APP-0017,2,1121.0,0.3,CZK
SO-2026-000258,2,2026-01-09,2026-01-09,CZ-PRG-01,C019557,VM-ACC-0008,2,2361.0,0.0,CZK
SO-2026-000259,1,2026-01-09,2026-01-09,CZ-BRN-01,C015522,VM-NUT-0009,1,502.0,0.05,CZK
SO-2026-000259,2,2026-01-09,2026-01-09,CZ-BRN-01,C015522,VM-APP-0006,3,1829.0,0.3,CZK
SO-2026-000260,1,2026-01-09,2026-01-13,CZ-WEB-01,C018279,VM-NUT-0008,3,59.0,0.05,CZK
SO-2026-000261,1,2026-01-09,2026-01-09,DE-BER-01,,VM-APP-0010,2,40.71,0.3,EUR
SO-2026-000262,1,2026-01-09,2026-01-13,DE-WEB-01,C019053,VM-APP-0008,4,38.31,0.08,EUR
SO-2026-000262,2,2026-01-09,2026-01-13,DE-WEB-01,C019053,VM-ACC-0023,4,222.71,0.08,EUR
SO-2026-000263,1,2026-01-09,2026-01-10,DE-WEB-01,C017657,VM-APP-0006,1,74.23,0.3,EUR
SO-2026-000263,2,2026-01-09,2026-01-10,DE-WEB-01,C017657,VM-ACC-0023,1,222.71,0.0,EUR
SO-2026-000264,1,2026-01-10,2026-01-10,PL-WAW-01,C007954,VM-ACC-0016,1,29.51,0.05,PLN
SO-2026-000264,2,2026-01-10,2026-01-10,PL-WAW-01,C007954,VM-CMP-0012,1,549.71,0.05,PLN
SO-2026-000264,3,2026-01-10,2026-01-10,PL-WAW-01,C007954,VM-APP-0008,2,162.87,0.3,PLN
SO-2026-000265,1,2026-01-10,2026-01-10,PL-WAW-01,,VM-APP-0013,1,447.91,0.3,PLN
SO-2026-000265,2,2026-01-10,2026-01-10,PL-WAW-01,,VM-NUT-0002,13,15.26,0.0,PLN
SO-2026-000266,1,2026-01-10,2026-01-10,PL-WAW-01,,VM-ACC-0008,1,407.19,0.0,PLN
SO-2026-000267,1,2026-01-10,2026-01-10,PL-WAW-01,C008206,VM-APP-0002,1,447.91,0.3,PLN
SO-2026-000267,2,2026-01-10,2026-01-10,PL-WAW-01,C008206,VM-ACC-0004,2,794.03,0.05,PLN
SO-2026-000268,1,2026-01-10,2026-01-10,PL-WAW-01,C019558,VM-APP-0004,2,244.31,0.0,PLN
SO-2026-000269,1,2026-01-10,2026-01-10,PL-WAW-02,C019559,VM-CMP-0001,1,407.19,0.05,PLN
SO-2026-000270,1,2026-01-10,2026-01-10,PL-WAW-02,C010065,VM-ACC-0018,1,50.89,0.0,PLN
SO-2026-000271,1,2026-01-10,2026-01-10,PL-WAW-02,C019560,VM-APP-0013,1,447.91,0.3,PLN
SO-2026-000271,2,2026-01-10,2026-01-10,PL-WAW-02,C019560,VM-CMP-0016,1,2504.27,0.0,PLN
SO-2026-000271,3,2026-01-10,2026-01-10,PL-WAW-02,C019560,VM-BIK-0007,1,7176.89,0.0,PLN
SO-2026-000272,1,2026-01-10,2026-01-10,PL-KRK-01,C018237,VM-ACC-0019,1,50.89,0.0,PLN
SO-2026-000273,1,2026-01-10,2026-01-10,PL-WRO-01,C019561,VM-APP-0008,2,162.87,0.3,PLN
SO-2026-000274,1,2026-01-10,2026-01-10,PL-WRO-01,C018511,VM-APP-0015,1,580.25,0.3,PLN
SO-2026-000274,2,2026-01-10,2026-01-10,PL-WRO-01,C018511,VM-NUT-0001,9,9.15,0.0,PLN
SO-2026-000275,1,2026-01-10,2026-01-10,PL-GDN-01,C019562,VM-ACC-0002,2,620.97,0.0,PLN
SO-2026-000275,2,2026-01-10,2026-01-10,PL-GDN-01,C019562,VM-ACC-0008,2,407.19,0.0,PLN
SO-2026-000275,3,2026-01-10,2026-01-10,PL-GDN-01,C019562,VM-APP-0007,1,162.87,0.0,PLN
SO-2026-000275,4,2026-01-10,2026-01-10,PL-GDN-01,C019562,VM-APP-0012,1,885.65,0.3,PLN
SO-2026-000276,1,2026-01-10,2026-01-10,PL-GDN-01,,VM-APP-0006,1,315.57,0.0,PLN
SO-2026-000277,1,2026-01-10,2026-01-11,PL-WEB-01,C019563,VM-EBK-0007,1,14964.59,0.0,PLN
SO-2026-000277,2,2026-01-10,2026-01-11,PL-WEB-01,C019563,VM-ACC-0016,1,29.51,0.0,PLN
SO-2026-000278,1,2026-01-10,2026-01-12,PL-WEB-01,C006081,VM-CMP-0015,1,936.55,0.0,PLN
SO-2026-000278,2,2026-01-10,2026-01-12,PL-WEB-01,C006081,VM-ACC-0001,2,386.83,0.05,PLN
SO-2026-000279,1,2026-01-10,2026-01-13,PL-WEB-01,C001573,VM-ACC-0020,1,824.57,0.0,PLN
SO-2026-000279,2,2026-01-10,2026-01-13,PL-WEB-01,C001573,VM-CMP-0011,2,162.87,0.0,PLN
SO-2026-000280,1,2026-01-10,2026-01-14,PL-WEB-01,C019564,VM-APP-0010,3,173.05,0.1,PLN
SO-2026-000280,2,2026-01-10,2026-01-14,PL-WEB-01,C019564,VM-CMP-0022,4,36.64,0.12,PLN
SO-2026-000281,1,2026-01-10,2026-01-13,PL-WEB-01,C019565,VM-ACC-0008,2,407.19,0.0,PLN
SO-2026-000281,2,2026-01-10,2026-01-13,PL-WEB-01,C019565,VM-NUT-0011,1,54.96,0.05,PLN
SO-2026-000282,1,2026-01-10,2026-01-11,PL-WEB-01,C018616,VM-BIK-0007,1,7176.89,0.0,PLN
SO-2026-000282,2,2026-01-10,2026-01-11,PL-WEB-01,C018616,VM-ACC-0007,1,366.47,0.0,PLN
SO-2026-000283,1,2026-01-10,2026-01-11,PL-WEB-01,C019566,VM-APP-0010,2,173.05,0.3,PLN
SO-2026-000283,2,2026-01-10,2026-01-11,PL-WEB-01,C019566,VM-APP-0003,2,315.57,0.0,PLN
SO-2026-000284,1,2026-01-10,2026-01-14,PL-WEB-01,C014190,VM-NUT-0004,9,7.12,0.0,PLN
SO-2026-000284,2,2026-01-10,2026-01-14,PL-WEB-01,C014190,VM-APP-0008,1,162.87,0.3,PLN
SO-2026-000285,1,2026-01-10,2026-01-13,PL-WEB-01,C019567,VM-CMP-0006,2,203.59,0.0,PLN
SO-2026-000286,1,2026-01-10,2026-01-14,PL-MKT-01,C019568,VM-CMP-0005,2,1506.63,0.0,PLN
SO-2026-000286,2,2026-01-10,2026-01-14,PL-MKT-01,C019568,VM-ACC-0008,1,407.19,0.1,PLN
SO-2026-000286,3,2026-01-10,2026-01-14,PL-MKT-01,C019568,VM-ACC-0014,1,111.97,0.0,PLN
SO-2026-000287,1,2026-01-10,2026-01-11,PL-MKT-01,C019569,VM-NUT-0007,10,13.22,0.0,PLN
SO-2026-000288,1,2026-01-10,2026-01-14,PL-MKT-01,C019570,VM-BIK-0017,1,1944.37,0.0,PLN
SO-2026-000289,1,2026-01-10,2026-01-10,CZ-PRG-01,,VM-BIK-0007,1,41605.0,0.0,CZK
SO-2026-000290,1,2026-01-10,2026-01-10,CZ-PRG-01,C019571,VM-ACC-0017,1,342.0,0.05,CZK
SO-2026-000291,1,2026-01-10,2026-01-10,CZ-PRG-01,C012002,VM-NUT-0008,48,59.0,0.08,CZK
SO-2026-000291,2,2026-01-10,2026-01-10,CZ-PRG-01,C012002,vm-acc-0017,8,342.0,0.12,CZK
SO-2026-000292,1,2026-01-10,2026-01-10,CZ-BRN-01,C019572,VM-NUT-0009,1,502.0,0.0,CZK
SO-2026-000292,2,2026-01-10,2026-01-10,CZ-BRN-01,C019572,VM-ACC-0007,2,2124.0,0.0,CZK
SO-2026-000293,1,2026-01-10,2026-01-10,CZ-BRN-01,C019573,VM-ACC-0011,2,425.0,0.0,CZK
SO-2026-000294,1,2026-01-10,2026-01-10,CZ-BRN-01,C016441,VM-ACC-0008,1,2361.0,0.0,CZK
SO-2026-000294,2,2026-01-10,2026-01-10,CZ-BRN-01,C016441,VM-ACC-0001,2,2242.0,0.0,CZK
SO-2026-000295,1,2026-01-10,2026-01-12,CZ-WEB-01,C019574,VM-ACC-0022,1,9265.0,0.0,CZK
SO-2026-000296,1,2026-01-10,2026-01-13,CZ-WEB-01,C019575,VM-CMP-0013,1,3128.0,0.1,CZK
SO-2026-000297,1,2026-01-10,2026-01-10,DE-BER-01,C007136,VM-CMP-0017,2,119.73,0.05,EUR
SO-2026-000298,1,2026-01-10,2026-01-10,DE-BER-01,,VM-APP-0007,2,38.31,0.3,EUR
SO-2026-000299,1,2026-01-10,2026-01-10,DE-BER-01,C019576,VM-ACC-0008,1,95.79,0.1,EUR
SO-2026-000300,1,2026-01-11,2026-01-13,PL-WEB-01,C017403,VM-CMP-0017,1,508.99,0.05,PLN
SO-2026-000301,1,2026-01-11,2026-01-14,PL-WEB-01,C019577,VM-NUT-0002,10,15.26,0.0,PLN
SO-2026-000302,1,2026-01-11,2026-01-12,PL-WEB-01,C018719,VM-CMP-0016,1,2504.27,0.0,PLN
SO-2026-000303,1,2026-01-11,2026-01-13,PL-WEB-01,C019578,VM-CMP-0013,2,539.53,0.1,PLN
SO-2026-000304,1,2026-01-11,2026-01-15,PL-MKT-01,C013222,VM-NUT-0001,9,9.15,0.05,PLN
SO-2026-000305,1,2026-01-11,2026-01-12,PL-MKT-01,C016435,VM-APP-0012,1,885.65,0.0,PLN
SO-2026-000306,1,2026-01-11,2026-01-15,PL-MKT-01,C019579,vm-nut-0004,11,7.12,0.05,PLN
SO-2026-000307,1,2026-01-11,2026-01-12,PL-MKT-01,C012858,VM-ACC-0020,1,824.57,0.0,PLN
SO-2026-000307,2,2026-01-11,2026-01-12,PL-MKT-01,C012858,VM-BIK-0003,1,6657.71,0.0,PLN
SO-2026-000307,3,2026-01-11,2026-01-12,PL-MKT-01,C012858,VM-CMP-0006,2,203.59,0.0,PLN
SO-2026-000307,4,2026-01-11,2026-01-12,PL-MKT-01,C012858,VM-NUT-0011,1,54.96,0.0,PLN
SO-2026-000308,1,2026-01-11,2026-01-13,PL-MKT-01,C019580,VM-APP-0002,3,447.91,0.0,PLN
SO-2026-000308,2,2026-01-11,2026-01-13,PL-MKT-01,C019580,VM-APP-0011,1,417.37,0.0,PLN
SO-2026-000309,1,2026-01-11,2026-01-11,CZ-PRG-01,C019581,VM-APP-0020,2,1062.0,0.1,CZK
SO-2026-000310,1,2026-01-11,2026-01-11,CZ-PRG-01,C019582,VM-APP-0002,1,2597.0,0.3,CZK
SO-2026-000311,1,2026-01-11,2026-01-15,CZ-WEB-01,C014210,VM-CMP-0013,2,3128.0,0.0,CZK
SO-2026-000312,1,2026-01-11,2026-01-12,CZ-WEB-01,C019583,VM-BIK-0016,1,21186.0,0.05,CZK
SO-2026-000313,1,2026-01-11,2026-01-13,DE-WEB-01,C019584,VM-APP-0008,2,38.31,0.3,EUR
SO-2026-000313,2,2026-01-11,2026-01-13,DE-WEB-01,C019584,VM-CMP-0017,2,119.73,0.1,EUR
SO-2026-000314,1,2026-01-11,2026-01-12,DE-WEB-01,C019585,VM-NUT-0006,9,2.39,0.1,EUR
SO-2026-000314,2,2026-01-11,2026-01-12,DE-WEB-01,C019585,VM-APP-0008,2,38.31,0.3,EUR
SO-2026-000314,3,2026-01-11,2026-01-12,DE-WEB-01,C019585,VM-APP-0011,1,98.18,0.3,EUR
SO-2026-000314,4,2026-01-11,2026-01-12,DE-WEB-01,C019585,vm-acc-0010,1,59.87,0.0,EUR
SO-2026-000315,1,2026-01-11,2026-01-14,DE-WEB-01,C019586,VM-APP-0002,2,105.37,0.3,EUR
SO-2026-000316,1,2026-01-12,2026-01-12,PL-WAW-02,C013964,VM-NUT-0002,9,15.26,0.0,PLN
SO-2026-000317,1,2026-01-12,2026-01-12,PL-WAW-02,,VM-APP-0004,2,244.31,0.0,PLN
SO-2026-000317,2,2026-01-12,2026-01-12,PL-WAW-02,,VM-NUT-0006,9,10.17,0.0,PLN
SO-2026-000317,3,2026-01-12,2026-01-12,PL-WAW-02,,VM-APP-0008,2,162.87,0.3,PLN
SO-2026-000317,4,2026-01-12,2026-01-12,PL-WAW-02,,VM-NUT-0008,5,10.17,0.0,PLN
SO-2026-000318,1,2026-01-12,2026-01-12,PL-KRK-01,C019587,VM-APP-0015,1,580.25,0.0,PLN
SO-2026-000318,2,2026-01-12,2026-01-12,PL-KRK-01,C019587,VM-ACC-0008,2,407.19,0.0,PLN
SO-2026-000319,1,2026-01-12,2026-01-12,PL-WRO-01,C017385,VM-ACC-0008,10,407.19,0.08,PLN
SO-2026-000319,2,2026-01-12,2026-01-12,PL-WRO-01,C017385,VM-APP-0002,12,447.91,0.3,PLN
SO-2026-000320,1,2026-01-12,2026-01-12,PL-WRO-01,C016437,VM-APP-0004,1,244.31,0.3,PLN
SO-2026-000320,2,2026-01-12,2026-01-12,PL-WRO-01,C016437,VM-NUT-0008,12,10.17,0.05,PLN
SO-2026-000320,3,2026-01-12,2026-01-12,PL-WRO-01,C016437,VM-APP-0002,3,447.91,0.05,PLN
SO-2026-000321,1,2026-01-12,2026-01-12,PL-GDN-01,,VM-NUT-0001,10,9.15,0.0,PLN
SO-2026-000321,2,2026-01-12,2026-01-12,PL-GDN-01,,VM-APP-0002,1,447.91,0.0,PLN
SO-2026-000321,3,2026-01-12,2026-01-12,PL-GDN-01,,VM-BIK-0007,1,7176.89,0.0,PLN
SO-2026-000322,1,2026-01-12,2026-01-12,PL-GDN-01,C019588,VM-ACC-0017,1,59.03,0.0,PLN
SO-2026-000323,1,2026-01-12,2026-01-12,PL-POZ-01,C017485,VM-EBK-0008,1,15371.79,0.05,PLN
SO-2026-000324,1,2026-01-12,2026-01-12,PL-POZ-01,C012915,VM-EBK-0011,1,14903.51,0.0,PLN
SO-2026-000325,1,2026-01-12,2026-01-12,PL-LDZ-01,,VM-NUT-0004,6,7.12,0.0,PLN
SO-2026-000325,2,2026-01-12,2026-01-12,PL-LDZ-01,,VM-BIK-0009,1,5741.51,0.05,PLN
SO-2026-000326,1,2026-01-12,2026-01-12,PL-LDZ-01,C019589,VM-ACC-0001,2,386.83,0.0,PLN
SO-2026-000326,2,2026-01-12,2026-01-12,PL-LDZ-01,C019589,VM-BIK-0017,1,1944.37,0.0,PLN
SO-2026-000327,1,2026-01-12,2026-01-12,PL-LDZ-01,C015656,VM-ACC-0013,1,173.05,0.0,PLN
SO-2026-000327,2,2026-01-12,2026-01-12,PL-LDZ-01,C015656,VM-ACC-0015,1,356.29,0.0,PLN
SO-2026-000328,1,2026-01-12,2026-01-13,PL-WEB-01,C019590,VM-ACC-0007,2,366.47,0.1,PLN
SO-2026-000328,2,2026-01-12,2026-01-13,PL-WEB-01,C019590,VM-BIK-0021,1,1272.49,0.0,PLN
SO-2026-000329,1,2026-01-12,2026-01-13,PL-WEB-01,C017058,VM-CMP-0005,1,1506.63,0.0,PLN
SO-2026-000329,2,2026-01-12,2026-01-13,PL-WEB-01,C017058,VM-APP-0006,3,315.57,0.0,PLN
SO-2026-000330,1,2026-01-12,2026-01-14,PL-WEB-01,C019591,VM-ACC-0010,2,254.49,0.0,PLN
SO-2026-000330,2,2026-01-12,2026-01-14,PL-WEB-01,C019591,VM-APP-0007,2,162.87,0.3,PLN
SO-2026-000331,1,2026-01-12,2026-01-16,PL-WEB-01,C019017,VM-APP-0013,1,447.91,0.0,PLN
SO-2026-000331,2,2026-01-12,2026-01-16,PL-WEB-01,C019017,VM-CMP-0013,2,539.53,0.05,PLN
SO-2026-000331,3,2026-01-12,2026-01-16,PL-WEB-01,C019017,VM-ACC-0011,2,73.29,0.0,PLN
SO-2026-000332,1,2026-01-12,2026-01-15,PL-MKT-01,C008521,VM-BIK-0007,1,7176.89,0.0,PLN
SO-2026-000332,2,2026-01-12,2026-01-15,PL-MKT-01,C008521,VM-ACC-0014,1,111.97,0.0,PLN
SO-2026-000333,1,2026-01-12,2026-01-14,PL-MKT-01,C019592,VM-ACC-0007,1,366.47,0.05,PLN
SO-2026-000334,1,2026-01-12,2026-01-12,CZ-PRG-01,,VM-APP-0005,3,1062.0,0.3,CZK
SO-2026-000334,2,2026-01-12,2026-01-12,CZ-PRG-01,,VM-APP-0010,1,1003.0,0.0,CZK
SO-2026-000334,3,2026-01-12,2026-01-12,CZ-PRG-01,,VM-ACC-0002,1,3600.0,0.0,CZK
SO-2026-000334,4,2026-01-12,2026-01-12,CZ-PRG-01,,VM-NUT-0004,10,41.0,0.0,CZK
SO-2026-000335,1,2026-01-12,2026-01-12,CZ-PRG-01,,VM-CMP-0006,1,1180.0,0.0,CZK
SO-2026-000335,2,2026-01-12,2026-01-12,CZ-PRG-01,,VM-APP-0002,2,2597.0,0.3,CZK
SO-2026-000336,1,2026-01-12,2026-01-12,CZ-PRG-01,C019593,VM-NUT-0008,5,59.0,0.0,CZK
SO-2026-000336,2,2026-01-12,2026-01-12,CZ-PRG-01,C019593,VM-APP-0007,2,944.0,0.3,CZK
SO-2026-000337,1,2026-01-12,2026-01-12,CZ-PRG-01,C019594,VM-EBK-0008,1,89112.0,0.0,CZK
SO-2026-000337,2,2026-01-12,2026-01-12,CZ-PRG-01,C019594,VM-CMP-0017,1,2951.0,0.05,CZK
SO-2026-000338,1,2026-01-12,2026-01-12,CZ-BRN-01,C006630,VM-NUT-0001,30,53.0,0.1,CZK
SO-2026-000339,1,2026-01-12,2026-01-13,CZ-WEB-01,C015913,VM-NUT-0008,4,59.0,0.05,CZK
SO-2026-000340,1,2026-01-12,2026-01-12,DE-BER-01,,VM-CMP-0005,1,354.42,0.0,EUR
SO-2026-000340,2,2026-01-12,2026-01-12,DE-BER-01,,VM-APP-0018,1,31.13,0.3,EUR
SO-2026-000341,1,2026-01-13,2026-01-13,PL-WAW-01,C019595,VM-CMP-0020,4,264.67,0.0,PLN
SO-2026-000341,2,2026-01-13,2026-01-13,PL-WAW-01,C019595,VM-BIK-0001,1,13936.41,0.0,PLN
SO-2026-000342,1,2026-01-13,2026-01-13,PL-KRK-01,C019596,VM-NUT-0001,12,9.15,0.0,PLN
SO-2026-000343,1,2026-01-13,2026-01-13,PL-KRK-01,C013251,VM-BIK-0012,4,12022.57,0.1,PLN
SO-2026-000343,2,2026-01-13,2026-01-13,PL-KRK-01,C013251,VM-ACC-0008,4,407.19,0.1,PLN
SO-2026-000344,1,2026-01-13,2026-01-13,PL-GDN-01,,VM-ACC-0014,1,111.97,0.0,PLN
SO-2026-000345,1,2026-01-13,2026-01-13,PL-GDN-01,C004532,VM-ACC-0014,1,111.97,0.0,PLN
SO-2026-000345,2,2026-01-13,2026-01-13,PL-GDN-01,C004532,VM-APP-0006,3,315.57,0.3,PLN
SO-2026-000345,3,2026-01-13,2026-01-13,PL-GDN-01,C004532,VM-CMP-0005,2,1506.63,0.0,PLN
SO-2026-000346,1,2026-01-13,2026-01-13,PL-POZ-01,C019597,VM-ACC-0008,2,407.19,0.0,PLN
SO-2026-000347,1,2026-01-13,2026-01-13,PL-POZ-01,,VM-CMP-0001,1,407.19,0.0,PLN
SO-2026-000347,2,2026-01-13,2026-01-13,PL-POZ-01,,VM-ACC-0008,2,407.19,0.0,PLN
SO-2026-000347,3,2026-01-13,2026-01-13,PL-POZ-01,,VM-ACC-0019,1,50.89,0.0,PLN
SO-2026-000347,4,2026-01-13,2026-01-13,PL-POZ-01,,VM-NUT-0008,8,10.17,0.0,PLN
SO-2026-000348,1,2026-01-13,2026-01-14,PL-WEB-01,C016753,VM-ACC-0013,1,173.05,0.05,PLN
SO-2026-000348,2,2026-01-13,2026-01-14,PL-WEB-01,C016753,VM-ACC-0008,1,407.19,0.05,PLN
SO-2026-000349,1,2026-01-13,2026-01-17,PL-WEB-01,C004292,VM-EBK-0009,1,10088.37,0.0,PLN
SO-2026-000350,1,2026-01-13,2026-01-14,PL-WEB-01,C011074,VM-EBK-0005,1,17764.09,0.1,PLN
SO-2026-000350,2,2026-01-13,2026-01-14,PL-WEB-01,C011074,VM-CMP-0011,2,162.87,0.05,PLN
SO-2026-000351,1,2026-01-13,2026-01-17,PL-WEB-01,C005203,VM-NUT-0002,8,15.26,0.0,PLN
SO-2026-000351,2,2026-01-13,2026-01-17,PL-WEB-01,C005203,VM-CMP-0013,2,539.53,0.0,PLN
SO-2026-000352,1,2026-01-13,2026-01-15,PL-WEB-01,C019598,VM-ACC-0021,3,794.03,0.12,PLN
SO-2026-000352,2,2026-01-13,2026-01-15,PL-WEB-01,C019598,VM-ACC-0014,3,111.97,0.12,PLN
SO-2026-000352,3,2026-01-13,2026-01-15,PL-WEB-01,C019598,VM-ACC-0008,3,407.19,0.08,PLN
SO-2026-000353,1,2026-01-13,2026-01-14,PL-MKT-01,C019492,VM-EBK-0002,1,10129.09,0.0,PLN
SO-2026-000354,1,2026-01-13,2026-01-14,PL-MKT-01,C018043,VM-CMP-0013,2,539.53,0.0,PLN
SO-2026-000354,2,2026-01-13,2026-01-14,PL-MKT-01,C018043,VM-NUT-0008,11,10.17,0.0,PLN
SO-2026-000355,1,2026-01-13,2026-01-16,PL-MKT-01,C017154,VM-CMP-0017,2,508.99,0.05,PLN
SO-2026-000355,2,2026-01-13,2026-01-16,PL-MKT-01,C017154,VM-APP-0002,2,447.91,0.05,PLN
SO-2026-000356,1,2026-01-13,2026-01-13,CZ-PRG-01,C019599,VM-NUT-0004,15,41.0,0.0,CZK
SO-2026-000356,2,2026-01-13,2026-01-13,CZ-PRG-01,C019599,VM-ACC-0012,1,425.0,0.0,CZK
SO-2026-000356,3,2026-01-13,2026-01-13,CZ-PRG-01,C019599,VM-ACC-0018,1,295.0,0.0,CZK
SO-2026-000356,4,2026-01-13,2026-01-13,CZ-PRG-01,C019599,VM-BIK-0007,1,41605.0,0.0,CZK
SO-2026-000357,1,2026-01-13,2026-01-13,CZ-PRG-01,C019600,VM-CMP-0023,4,348.0,0.0,CZK
SO-2026-000357,2,2026-01-13,2026-01-13,CZ-PRG-01,C019600,VM-ACC-0001,2,2242.0,0.0,CZK
SO-2026-000358,1,2026-01-13,2026-01-13,CZ-PRG-01,C018902,VM-NUT-0001,3,53.0,0.0,CZK
SO-2026-000358,2,2026-01-13,2026-01-13,CZ-PRG-01,C018902,VM-APP-0007,1,944.0,0.3,CZK
SO-2026-000358,3,2026-01-13,2026-01-13,CZ-PRG-01,C018902,VM-ACC-0004,2,4603.0,0.0,CZK
SO-2026-000359,1,2026-01-13,2026-01-14,CZ-WEB-01,C015744,VM-CMP-0009,1,2065.0,0.05,CZK
SO-2026-000359,2,2026-01-13,2026-01-14,CZ-WEB-01,C015744,VM-NUT-0002,14,88.0,0.05,CZK
SO-2026-000360,1,2026-01-13,2026-01-17,CZ-WEB-01,C019601,VM-NUT-0004,24,41.0,0.12,CZK
SO-2026-000360,2,2026-01-13,2026-01-17,CZ-WEB-01,C019601,VM-NUT-0008,45,59.0,0.08,CZK
SO-2026-000361,1,2026-01-13,2026-01-15,CZ-WEB-01,C016265,VM-ACC-0008,2,2361.0,0.05,CZK
SO-2026-000361,2,2026-01-13,2026-01-15,CZ-WEB-01,C016265,VM-NUT-0002,14,88.0,0.05,CZK
SO-2026-000362,1,2026-01-13,2026-01-13,DE-BER-01,C018626,VM-ACC-0014,1,26.34,0.0,EUR
SO-2026-000363,1,2026-01-13,2026-01-13,DE-BER-01,,VM-APP-0003,3,74.23,0.3,EUR
SO-2026-000363,2,2026-01-13,2026-01-13,DE-BER-01,,VM-ACC-0019,2,11.97,0.0,EUR
SO-2026-000363,3,2026-01-13,2026-01-13,DE-BER-01,,VM-ACC-0015,1,83.81,0.0,EUR
SO-2026-000364,1,2026-01-14,2026-01-14,PL-WAW-01,C019602,VM-BIK-0013,1,4886.39,0.0,PLN
SO-2026-000365,1,2026-01-14,2026-01-14,PL-WAW-01,C019011,VM-CMP-0017,2,508.99,0.05,PLN
SO-2026-000365,2,2026-01-14,2026-01-14,PL-WAW-01,C019011,VM-APP-0002,3,447.91,0.3,PLN
SO-2026-000366,1,2026-01-14,2026-01-14,PL-WAW-02,C006452,VM-APP-0013,1,447.91,0.05,PLN
SO-2026-000367,1,2026-01-14,2026-01-14,PL-KRK-01,C015183,VM-NUT-0004,11,7.12,0.0,PLN
SO-2026-000368,1,2026-01-14,2026-01-14,PL-WRO-01,C013152,VM-ACC-0016,2,29.51,0.05,PLN
SO-2026-000368,2,2026-01-14,2026-01-14,PL-WRO-01,C013152,VM-APP-0013,1,447.91,0.3,PLN
SO-2026-000368,3,2026-01-14,2026-01-14,PL-WRO-01,C013152,VM-CMP-0004,1,732.95,0.05,PLN
SO-2026-000368,4,2026-01-14,2026-01-14,PL-WRO-01,C013152,VM-CMP-0017,1,508.99,0.05,PLN
SO-2026-000369,1,2026-01-14,2026-01-14,PL-WRO-01,,VM-APP-0006,1,315.57,0.3,PLN
SO-2026-000369,2,2026-01-14,2026-01-14,PL-WRO-01,,VM-EBK-0004,1,11279.43,0.0,PLN
SO-2026-000370,1,2026-01-14,2026-01-14,PL-GDN-01,,VM-APP-0003,1,315.57,0.05,PLN
SO-2026-000371,1,2026-01-14,2026-01-14,PL-POZ-01,C017791,VM-BIK-0008,1,5405.57,0.0,PLN
SO-2026-000371,2,2026-01-14,2026-01-14,PL-POZ-01,C017791,VM-APP-0010,1,173.05,0.3,PLN
SO-2026-000372,1,2026-01-14,2026-01-16,PL-WEB-01,C016437,VM-NUT-0008,10,10.17,0.05,PLN
SO-2026-000372,2,2026-01-14,2026-01-16,PL-WEB-01,C016437,VM-CMP-0016,1,2504.27,0.05,PLN
SO-2026-000372,3,2026-01-14,2026-01-16,PL-WEB-01,C016437,VM-APP-0003,1,315.57,0.05,PLN
SO-2026-000373,1,2026-01-14,2026-01-18,PL-WEB-01,C011235,VM-ACC-0007,1,366.47,0.1,PLN
SO-2026-000373,2,2026-01-14,2026-01-18,PL-WEB-01,C011235,VM-CMP-0012,1,549.71,0.0,PLN
SO-2026-000373,3,2026-01-14,2026-01-18,PL-WEB-01,C011235,VM-ACC-0019,1,50.89,0.0,PLN
SO-2026-000374,1,2026-01-14,2026-01-15,PL-WEB-01,C019335,VM-ACC-0014,1,111.97,0.0,PLN
SO-2026-000375,1,2026-01-14,2026-01-15,PL-WEB-01,C011284,VM-BIK-0001,1,13936.41,0.05,PLN
SO-2026-000375,2,2026-01-14,2026-01-15,PL-WEB-01,C011284,VM-ACC-0010,2,254.49,0.05,PLN
SO-2026-000376,1,2026-01-14,2026-01-17,PL-WEB-01,C019603,VM-APP-0012,1,885.65,0.0,PLN
SO-2026-000376,2,2026-01-14,2026-01-17,PL-WEB-01,C019603,VM-EBK-0007,1,14964.59,0.0,PLN
SO-2026-000377,1,2026-01-14,2026-01-18,PL-MKT-01,C019604,VM-NUT-0008,7,10.17,0.0,PLN
SO-2026-000377,2,2026-01-14,2026-01-18,PL-MKT-01,C019604,VM-NUT-0003,11,11.19,0.0,PLN
SO-2026-000377,3,2026-01-14,2026-01-18,PL-MKT-01,C019604,VM-APP-0005,2,183.23,0.3,PLN
SO-2026-000378,1,2026-01-14,2026-01-16,PL-MKT-01,C018909,VM-BIK-0004,1,4346.85,0.0,PLN
SO-2026-000378,2,2026-01-14,2026-01-16,PL-MKT-01,C018909,VM-ACC-0009,2,407.19,0.0,PLN
SO-2026-000378,3,2026-01-14,2026-01-16,PL-MKT-01,C018909,VM-ACC-0015,1,356.29,0.0,PLN
SO-2026-000379,1,2026-01-14,2026-01-16,PL-MKT-01,C012347,VM-APP-0015,1,580.25,0.3,PLN
SO-2026-000380,1,2026-01-14,2026-01-17,PL-MKT-01,C019605,VM-ACC-0021,1,794.03,0.0,PLN
SO-2026-000380,2,2026-01-14,2026-01-17,PL-MKT-01,C019605,VM-CMP-0005,2,1506.63,0.0,PLN
SO-2026-000381,1,2026-01-14,2026-01-14,CZ-PRG-01,C019606,VM-ACC-0008,1,2361.0,0.0,CZK
SO-2026-000382,1,2026-01-14,2026-01-14,CZ-PRG-01,, VM-CMP-0017 ,2,2951.0,0.0,CZK
SO-2026-000382,2,2026-01-14,2026-01-14,CZ-PRG-01,,VM-APP-0008,2,944.0,0.3,CZK
SO-2026-000383,1,2026-01-14,2026-01-17,CZ-WEB-01,C019601,VM-CMP-0014,4,2538.0,0.08,CZK
SO-2026-000384,1,2026-01-14,2026-01-17,CZ-WEB-01,C019607,VM-NUT-0011,3,319.0,0.0,CZK
SO-2026-000385,1,2026-01-14,2026-01-15,CZ-WEB-01,C019608,VM-NUT-0006,8,59.0,0.0,CZK
SO-2026-000386,1,2026-01-14,2026-01-17,CZ-WEB-01,C005304, VM-NUT-0007 ,7,77.0,0.0,CZK
SO-2026-000387,1,2026-01-14,2026-01-14,DE-BER-01,C016732,VM-NUT-0002,6,3.59,0.0,EUR
SO-2026-000388,1,2026-01-14,2026-01-14,DE-BER-01,C019609,VM-CMP-0020,2,62.26,0.0,EUR
SO-2026-000389,1,2026-01-14,2026-01-14,DE-BER-01,C014945,VM-APP-0013,1,105.37,0.0,EUR
SO-2026-000389,2,2026-01-14,2026-01-14,DE-BER-01,C014945,VM-ACC-0021,1,186.79,0.0,EUR
SO-2026-000389,3,2026-01-14,2026-01-14,DE-BER-01,C014945,VM-APP-0010,1,40.71,0.0,EUR
SO-2026-000389,4,2026-01-14,2026-01-14,DE-BER-01,C014945,VM-NUT-0001,12,2.15,0.0,EUR
SO-2026-000390,1,2026-01-15,2026-01-15,PL-WAW-01,,VM-APP-0009,1,356.29,0.3,PLN
SO-2026-000390,2,2026-01-15,2026-01-15,PL-WAW-01,,VM-ACC-0008,1,407.19,0.0,PLN
SO-2026-000390,3,2026-01-15,2026-01-15,PL-WAW-01,,VM-CMP-0001,1,407.19,0.0,PLN
SO-2026-000391,1,2026-01-15,2026-01-15,PL-WAW-01,C017941,VM-ACC-0021,1,794.03,0.0,PLN
SO-2026-000391,2,2026-01-15,2026-01-15,PL-WAW-01,C017941,VM-ACC-0005,2,183.23,0.0,PLN
SO-2026-000391,3,2026-01-15,2026-01-15,PL-WAW-01,C017941,VM-NUT-0008,8,10.17,0.0,PLN
SO-2026-000392,1,2026-01-15,2026-01-15,PL-WAW-01,C005137,VM-CMP-0020,4,264.67,0.05,PLN
SO-2026-000393,1,2026-01-15,2026-01-15,PL-WAW-02,C013401,VM-ACC-0003,1,295.21,0.05,PLN
SO-2026-000393,2,2026-01-15,2026-01-15,PL-WAW-02,C013401,VM-ACC-0008,1,407.19,0.05,PLN
SO-2026-000394,1,2026-01-15,2026-01-15,PL-WAW-02,C011920,VM-NUT-0001,14,9.15,0.05,PLN
SO-2026-000395,1,2026-01-15,2026-01-15,PL-KRK-01,C019335,VM-APP-0006,1,315.57,0.3,PLN
SO-2026-000396,1,2026-01-15,2026-01-15,PL-KRK-01,C018206,VM-CMP-0017,1,508.99,0.0,PLN
SO-2026-000397,1,2026-01-15,2026-01-15,PL-KRK-01,C013312,VM-APP-0005,2,183.23,0.0,PLN
SO-2026-000398,1,2026-01-15,2026-01-15,PL-KRK-01,,VM-ACC-0008,1,407.19,0.0,PLN
SO-2026-000399,1,2026-01-15,2026-01-15,PL-WRO-01,C019296,VM-APP-0011,4,417.37,0.3,PLN
SO-2026-000400,1,2026-01-15,2026-01-15,PL-WRO-01,,VM-ACC-0008,2,407.19,0.0,PLN
SO-2026-000401,1,2026-01-15,2026-01-15,PL-GDN-01,,VM-CMP-0008,2,447.91,0.0,PLN
SO-2026-000402,1,2026-01-15,2026-01-15,PL-POZ-01,C019610,VM-BIK-0009,1,5741.51,0.0,PLN
SO-2026-000403,1,2026-01-15,2026-01-15,PL-LDZ-01,C019611,VM-CMP-0017,2,508.99,0.0,PLN
SO-2026-000403,2,2026-01-15,2026-01-15,PL-LDZ-01,C019611,VM-APP-0012,1,885.65,0.3,PLN
SO-2026-000404,1,2026-01-15,2026-01-15,PL-LDZ-01,C019612,VM-NUT-0004,9,7.12,0.0,PLN
SO-2026-000404,2,2026-01-15,2026-01-15,PL-LDZ-01,C019612,VM-EBK-0005,1,17764.09,0.0,PLN
SO-2026-000405,1,2026-01-15,2026-01-15,PL-LDZ-01,,VM-NUT-0004,15,7.12,0.0,PLN
SO-2026-000406,1,2026-01-15,2026-01-15,PL-LDZ-01,C012776,VM-ACC-0010,1,254.49,0.05,PLN
SO-2026-000406,2,2026-01-15,2026-01-15,PL-LDZ-01,C012776,VM-BIK-0009,1,5741.51,0.05,PLN
SO-2026-000406,3,2026-01-15,2026-01-15,PL-LDZ-01,C012776,VM-BIK-0013,1,4886.39,0.05,PLN
SO-2026-000406,4,2026-01-15,2026-01-15,PL-LDZ-01,C012776,VM-CMP-0018,2,63.11,0.05,PLN
SO-2026-000407,1,2026-01-15,2026-01-17,PL-WEB-01,C019613,VM-APP-0012,1,885.65,0.3,PLN
SO-2026-000408,1,2026-01-15,2026-01-16,PL-WEB-01,C010907,VM-ACC-0004,2,794.03,0.0,PLN
SO-2026-000408,2,2026-01-15,2026-01-16,PL-WEB-01,C010907,VM-APP-0007,2,162.87,0.3,PLN
SO-2026-000408,3,2026-01-15,2026-01-16,PL-WEB-01,C010907,VM-NUT-0004,11,7.12,0.0,PLN
SO-2026-000408,4,2026-01-15,2026-01-16,PL-WEB-01,C010907,VM-NUT-0003,5,11.19,0.0,PLN
SO-2026-000409,1,2026-01-15,2026-01-17,PL-WEB-01,C012641,VM-ACC-0021,1,794.03,0.05,PLN
SO-2026-000410,1,2026-01-15,2026-01-18,PL-WEB-01,C017146,VM-BIK-0012,1,12022.57,0.0,PLN
SO-2026-000410,2,2026-01-15,2026-01-18,PL-WEB-01,C017146,vm-acc-0019,1,50.89,0.0,PLN
SO-2026-000411,1,2026-01-15,2026-01-16,PL-WEB-01,C009358,VM-EBK-0005,1,17764.09,0.05,PLN
SO-2026-000412,1,2026-01-15,2026-01-17,PL-MKT-01,C019614,VM-NUT-0006,8,10.17,0.1,PLN
SO-2026-000413,1,2026-01-15,2026-01-17,PL-MKT-01,C016963,VM-APP-0006,2,315.57,0.3,PLN
SO-2026-000413,2,2026-01-15,2026-01-17,PL-MKT-01,C016963,VM-CMP-0019,1,213.77,0.0,PLN
SO-2026-000414,1,2026-01-15,2026-01-17,PL-MKT-01,C019392,VM-NUT-0011,3,54.96,0.0,PLN
SO-2026-000415,1,2026-01-15,2026-01-16,PL-MKT-01,C019615,VM-ACC-0014,1,111.97,0.05,PLN
SO-2026-000416,1,2026-01-15,2026-01-16,PL-MKT-01,C011533,VM-NUT-0008,11,10.17,0.05,PLN
SO-2026-000416,2,2026-01-15,2026-01-16,PL-MKT-01,C011533,VM-CMP-0013,1,539.53,0.05,PLN
SO-2026-000417,1,2026-01-15,2026-01-17,PL-MKT-01,C000339,VM-CMP-0022,1,36.64,0.0,PLN
SO-2026-000418,1,2026-01-15,2026-01-17,CZ-WEB-01,C018713,VM-EBK-0008,1,89112.0,0.0,CZK
SO-2026-000419,1,2026-01-15,2026-01-16,CZ-WEB-01,C019616,VM-ACC-0008,2,2361.0,0.0,CZK
SO-2026-000419,2,2026-01-15,2026-01-16,CZ-WEB-01,C019616,VM-CMP-0022,4,212.0,0.0,CZK
SO-2026-000420,1,2026-01-15,2026-01-17,CZ-WEB-01,C012374,VM-ACC-0002,2,3600.0,0.0,CZK
SO-2026-000421,1,2026-01-15,2026-01-15,DE-BER-01,,VM-NUT-0006,12,2.39,0.0,EUR
SO-2026-000422,1,2026-01-15,2026-01-19,DE-WEB-01,C010941,VM-APP-0012,1,208.34,0.0,EUR
SO-2026-000422,2,2026-01-15,2026-01-19,DE-WEB-01,C010941,VM-NUT-0008,10,2.39,0.0,EUR
SO-2026-000422,3,2026-01-15,2026-01-19,DE-WEB-01,C010941,VM-APP-0020,2,43.1,0.3,EUR
SO-2026-000423,1,2026-01-16,2026-01-16,PL-WAW-01,,VM-NUT-0002,9,15.26,0.0,PLN
SO-2026-000424,1,2026-01-16,2026-01-16,PL-WAW-02,C019617,VM-BIK-0017,1,1944.37,0.0,PLN
SO-2026-000425,1,2026-01-16,2026-01-16,PL-WAW-02,C015614,VM-APP-0013,1,447.91,0.0,PLN
SO-2026-000425,2,2026-01-16,2026-01-16,PL-WAW-02,C015614,VM-BIK-0013,1,4886.39,0.0,PLN
SO-2026-000425,3,2026-01-16,2026-01-16,PL-WAW-02,C015614,VM-APP-0003,2,315.57,0.3,PLN
SO-2026-000426,1,2026-01-16,2026-01-16,PL-KRK-01,,VM-NUT-0009,3,86.52,0.0,PLN
SO-2026-000427,1,2026-01-16,2026-01-16,PL-WRO-01,C011201,VM-ACC-0007,2,366.47,0.0,PLN
SO-2026-000428,1,2026-01-16,2026-01-16,PL-GDN-01,C019618,VM-CMP-0015,1,936.55,0.0,PLN
SO-2026-000428,2,2026-01-16,2026-01-16,PL-GDN-01,C019618,VM-ACC-0014,1,111.97,0.05,PLN
SO-2026-000428,3,2026-01-16,2026-01-16,PL-GDN-01,C019618,VM-ACC-0018,3,50.89,0.0,PLN
SO-2026-000429,1,2026-01-16,2026-01-16,PL-GDN-01,C007463,VM-ACC-0001,2,386.83,0.0,PLN
SO-2026-000429,2,2026-01-16,2026-01-16,PL-GDN-01,C007463,VM-CMP-0006,1,203.59,0.0,PLN
SO-2026-000430,1,2026-01-16,2026-01-16,PL-POZ-01,C009026,VM-NUT-0009,4,86.52,0.05,PLN
SO-2026-000431,1,2026-01-16,2026-01-16,PL-POZ-01,C014533,VM-NUT-0006,45,10.17,0.08,PLN
SO-2026-000431,2,2026-01-16,2026-01-16,PL-POZ-01,C014533,VM-APP-0014,3,498.81,0.3,PLN
SO-2026-000432,1,2026-01-16,2026-01-16,PL-POZ-01,C003397,VM-NUT-0004,6,7.12,0.0,PLN
SO-2026-000432,2,2026-01-16,2026-01-16,PL-POZ-01,C003397,VM-APP-0006,2,315.57,0.3,PLN
SO-2026-000432,3,2026-01-16,2026-01-16,PL-POZ-01,C003397,VM-CMP-0001,1,407.19,0.0,PLN
SO-2026-000432,4,2026-01-16,2026-01-16,PL-POZ-01,C003397,VM-ACC-0022,1,1598.25,0.0,PLN
SO-2026-000433,1,2026-01-16,2026-01-20,PL-WEB-01,C019619,VM-NUT-0006,6,10.17,0.0,PLN
SO-2026-000434,1,2026-01-16,2026-01-18,PL-MKT-01,C019620,VM-APP-0017,5,193.41,0.3,PLN
SO-2026-000434,2,2026-01-16,2026-01-18,PL-MKT-01,C019620,VM-CMP-0011,8,162.87,0.12,PLN
SO-2026-000435,1,2026-01-16,2026-01-17,PL-MKT-01,C006991,VM-NUT-0004,5,7.12,0.0,PLN
SO-2026-000435,2,2026-01-16,2026-01-17,PL-MKT-01,C006991,VM-NUT-0003,4,11.19,0.0,PLN
SO-2026-000436,1,2026-01-16,2026-01-17,PL-MKT-01,C019621,VM-CMP-0002,1,570.07,0.05,PLN
SO-2026-000437,1,2026-01-16,2026-01-16,CZ-PRG-01,,VM-ACC-0020,1,4780.0,0.0,CZK
SO-2026-000438,1,2026-01-16,2026-01-16,CZ-BRN-01,C013807,VM-ACC-0001,1,2242.0,0.0,CZK
SO-2026-000438,2,2026-01-16,2026-01-16,CZ-BRN-01,C013807,VM-APP-0008,1,944.0,0.3,CZK
SO-2026-000439,1,2026-01-16,2026-01-16,CZ-BRN-01,C015522,VM-NUT-0004,11,41.0,0.0,CZK
SO-2026-000440,1,2026-01-16,2026-01-20,CZ-WEB-01,C004988,VM-NUT-0001,11,53.0,0.0,CZK
SO-2026-000441,1,2026-01-16,2026-01-19,CZ-WEB-01,C019622,VM-ACC-0023,1,5488.0,0.0,CZK
SO-2026-000442,1,2026-01-16,2026-01-16,DE-BER-01,,VM-CMP-0006,2,47.89,0.0,EUR
SO-2026-000442,2,2026-01-16,2026-01-16,DE-BER-01,,VM-APP-0020,2,43.1,0.3,EUR
SO-2026-000443,1,2026-01-16,2026-01-18,DE-WEB-01,C019623,VM-EBK-0009,1,2373.18,0.0,EUR
SO-2026-000444,1,2026-01-17,2026-01-17,PL-WAW-01,C010582,VM-ACC-0008,2,407.19,0.12,PLN
SO-2026-000444,2,2026-01-17,2026-01-17,PL-WAW-01,C010582,VM-APP-0013,3,447.91,0.08,PLN
SO-2026-000444,3,2026-01-17,2026-01-17,PL-WAW-01,C010582,VM-CMP-0001,4,407.19,0.1,PLN
SO-2026-000444,4,2026-01-17,2026-01-17,PL-WAW-01,C010582,VM-ACC-0001,8,386.83,0.08,PLN
SO-2026-000445,1,2026-01-17,2026-01-17,PL-WAW-01,,VM-APP-0010,1,173.05,0.3,PLN
SO-2026-000445,2,2026-01-17,2026-01-17,PL-WAW-01,,VM-NUT-0004,6,7.12,0.0,PLN
SO-2026-000445,3,2026-01-17,2026-01-17,PL-WAW-01,,VM-ACC-0017,3,59.03,0.0,PLN
SO-2026-000446,1,2026-01-17,2026-01-17,PL-WAW-01,C018385,VM-APP-0010,1,173.05,0.3,PLN
SO-2026-000447,1,2026-01-17,2026-01-17,PL-WAW-01,C019624,VM-APP-0007,1,162.87,0.3,PLN
SO-2026-000447,2,2026-01-17,2026-01-17,PL-WAW-01,C019624,VM-ACC-0017,3,59.03,0.05,PLN
SO-2026-000448,1,2026-01-17,2026-01-17,PL-WAW-01,C011158, VM-BIK-0009 ,1,5741.51,0.0,PLN
SO-2026-000448,2,2026-01-17,2026-01-17,PL-WAW-01,C011158,VM-ACC-0003,2,295.21,0.0,PLN
SO-2026-000449,1,2026-01-17,2026-01-17,PL-WAW-01,,VM-CMP-0005,2,1506.63,0.0,PLN
SO-2026-000449,2,2026-01-17,2026-01-17,PL-WAW-01,,VM-APP-0002,2,447.91,0.3,PLN
SO-2026-000450,1,2026-01-17,2026-01-17,PL-WAW-01,C008576,VM-APP-0019,2,67.18,0.3,PLN
SO-2026-000451,1,2026-01-17,2026-01-17,PL-WAW-02,,VM-NUT-0004,3,7.12,0.0,PLN
SO-2026-000451,2,2026-01-17,2026-01-17,PL-WAW-02,,VM-CMP-0006,1,203.59,0.0,PLN
SO-2026-000451,3,2026-01-17,2026-01-17,PL-WAW-02,,VM-ACC-0021,1,794.03,0.0,PLN
SO-2026-000451,4,2026-01-17,2026-01-17,PL-WAW-02,,VM-APP-0008,1,162.87,0.3,PLN
SO-2026-000452,1,2026-01-17,2026-01-17,PL-WAW-02,,VM-ACC-0022,1,1598.25,0.0,PLN
SO-2026-000453,1,2026-01-17,2026-01-17,PL-KRK-01,C019625,VM-CMP-0012,1,549.71,0.05,PLN
SO-2026-000454,1,2026-01-17,2026-01-17,PL-KRK-01,C011953,VM-BIK-0001,1,13936.41,0.05,PLN
SO-2026-000455,1,2026-01-17,2026-01-17,PL-KRK-01,C003031,VM-EBK-0003,1,9253.61,0.0,PLN
SO-2026-000456,1,2026-01-17,2026-01-17,PL-WRO-01,C013237,VM-NUT-0008,50,10.17,0.08,PLN
SO-2026-000457,1,2026-01-17,2026-01-17,PL-WRO-01,C019626,VM-ACC-0008,1,407.19,0.0,PLN
SO-2026-000458,1,2026-01-17,2026-01-17,PL-WRO-01,C019522,VM-ACC-0017,1,59.03,0.0,PLN
SO-2026-000458,2,2026-01-17,2026-01-17,PL-WRO-01,C019522,VM-BIK-0013,1,4886.39,0.0,PLN
SO-2026-000458,3,2026-01-17,2026-01-17,PL-WRO-01,C019522,VM-CMP-0017,2,508.99,0.0,PLN
SO-2026-000459,1,2026-01-17,2026-01-17,PL-WRO-01,,VM-CMP-0014,2,437.73,0.0,PLN
SO-2026-000459,2,2026-01-17,2026-01-17,PL-WRO-01,,VM-NUT-0002,6,15.26,0.0,PLN
SO-2026-000459,3,2026-01-17,2026-01-17,PL-WRO-01,,VM-ACC-0007,1,366.47,0.0,PLN
SO-2026-000460,1,2026-01-17,2026-01-17,PL-WRO-01,C019627,VM-ACC-0023,1,946.73,0.05,PLN
SO-2026-000461,1,2026-01-17,2026-01-17,PL-WRO-01,C012776,VM-APP-0002,3,447.91,0.3,PLN
SO-2026-000461,2,2026-01-17,2026-01-17,PL-WRO-01,C012776,VM-CMP-0005,1,1506.63,0.05,PLN
SO-2026-000461,3,2026-01-17,2026-01-17,PL-WRO-01,C012776,VM-APP-0012,1,885.65,0.05,PLN
SO-2026-000461,4,2026-01-17,2026-01-17,PL-WRO-01,C012776,VM-BIK-0003,1,6657.71,0.05,PLN
SO-2026-000462,1,2026-01-17,2026-01-17,PL-WRO-01,C014954,VM-APP-0005,3,183.23,0.3,PLN
SO-2026-000462,2,2026-01-17,2026-01-17,PL-WRO-01,C014954,VM-ACC-0008,1,407.19,0.0,PLN
SO-2026-000462,3,2026-01-17,2026-01-17,PL-WRO-01,C014954,VM-ACC-0018,2,50.89,0.0,PLN
SO-2026-000462,4,2026-01-17,2026-01-17,PL-WRO-01,C014954,VM-CMP-0005,2,1506.63,0.0,PLN
SO-2026-000463,1,2026-01-17,2026-01-17,PL-POZ-01,C019628,VM-NUT-0008,20,10.17,0.08,PLN
SO-2026-000463,2,2026-01-17,2026-01-17,PL-POZ-01,C019628,VM-NUT-0003,24,11.19,0.12,PLN
SO-2026-000464,1,2026-01-17,2026-01-17,PL-LDZ-01,C017149,VM-CMP-0006,1,203.59,0.0,PLN
SO-2026-000465,1,2026-01-17,2026-01-17,PL-LDZ-01,C005037,VM-EBK-0003,1,9253.61,0.0,PLN
SO-2026-000465,2,2026-01-17,2026-01-17,PL-LDZ-01,C005037,VM-BIK-0012,1,12022.57,0.05,PLN
SO-2026-000466,1,2026-01-17,2026-01-17,PL-LDZ-01,C019629,VM-CMP-0005,1,1506.63,0.0,PLN
SO-2026-000467,1,2026-01-17,2026-01-20,PL-WEB-01,C017360,VM-ACC-0003,1,295.21,0.0,PLN
SO-2026-000468,1,2026-01-17,2026-01-21,PL-WEB-01,C019630,VM-BIK-0003,1,6657.71,0.0,PLN
SO-2026-000468,2,2026-01-17,2026-01-21,PL-WEB-01,C019630,VM-ACC-0014,1,111.97,0.05,PLN
SO-2026-000468,3,2026-01-17,2026-01-21,PL-WEB-01,C019630,VM-ACC-0006,1,967.09,0.0,PLN
SO-2026-000468,4,2026-01-17,2026-01-21,PL-WEB-01,C019630,VM-ACC-0001,1,386.83,0.0,PLN
SO-2026-000469,1,2026-01-17,2026-01-21,PL-MKT-01,C019631,VM-BIK-0014,3,3898.93,0.12,PLN
SO-2026-000469,2,2026-01-17,2026-01-21,PL-MKT-01,C019631,VM-ACC-0010,5,254.49,0.12,PLN
SO-2026-000469,3,2026-01-17,2026-01-21,PL-MKT-01,C019631,VM-NUT-0001,24,9.15,0.08,PLN
SO-2026-000470,1,2026-01-17,2026-01-18,PL-MKT-01,C019632,VM-APP-0013,1,447.91,0.3,PLN
SO-2026-000471,1,2026-01-17,2026-01-21,PL-MKT-01,C007267,VM-CMP-0020,4,264.67,0.05,PLN
SO-2026-000472,1,2026-01-17,2026-01-20,PL-MKT-01,C012561,VM-APP-0012,1,885.65,0.3,PLN
SO-2026-000473,1,2026-01-17,2026-01-17,CZ-BRN-01,C013387,VM-APP-0013,1,2597.0,0.3,CZK
SO-2026-000474,1,2026-01-17,2026-01-17,DE-BER-01,,VM-APP-0006,1,74.23,0.1,EUR
SO-2026-000475,1,2026-01-17,2026-01-17,DE-BER-01,,VM-APP-0002,1,105.37,0.3,EUR
SO-2026-000476,1,2026-01-17,2026-01-17,DE-BER-01,C015989,VM-NUT-0008,5,2.39,0.0,EUR
SO-2026-000476,2,2026-01-17,2026-01-17,DE-BER-01,C015989,VM-ACC-0020,1,193.97,0.0,EUR
SO-2026-000476,3,2026-01-17,2026-01-17,DE-BER-01,C015989,VM-NUT-0001,8,2.15,0.0,EUR
SO-2026-000476,4,2026-01-17,2026-01-17,DE-BER-01,C015989,VM-APP-0005,3,43.1,0.0,EUR
SO-2026-000477,1,2026-01-17,2026-01-17,DE-BER-01,C015525,VM-ACC-0008,2,95.79,0.0,EUR
SO-2026-000478,1,2026-01-17,2026-01-17,DE-BER-01,C013923,VM-APP-0018,1,31.13,0.0,EUR
SO-2026-000479,1,2026-01-17,2026-01-17,DE-BER-01,C019633,VM-ACC-0014,1,26.34,0.0,EUR
SO-2026-000479,2,2026-01-17,2026-01-17,DE-BER-01,C019633,VM-CMP-0015,1,220.31,0.0,EUR
SO-2026-000479,3,2026-01-17,2026-01-17,DE-BER-01,C019633,VM-NUT-0001,5,2.15,0.0,EUR
SO-2026-000479,4,2026-01-17,2026-01-17,DE-BER-01,C019633,vm-cmp-0002,2,134.1,0.0,EUR
SO-2026-000480,1,2026-01-17,2026-01-17,DE-BER-01,,vm-app-0019,1,15.8,0.0,EUR
SO-2026-000481,1,2026-01-17,2026-01-17,DE-BER-01,C001624,VM-APP-0008,1,38.31,0.3,EUR
SO-2026-000481,2,2026-01-17,2026-01-17,DE-BER-01,C001624,VM-ACC-0002,2,146.08,0.0,EUR
SO-2026-000482,1,2026-01-17,2026-01-21,DE-WEB-01,C019634,VM-ACC-0008,1,95.79,0.0,EUR
SO-2026-000483,1,2026-01-17,2026-01-20,DE-WEB-01,C010653,VM-APP-0007,1,38.31,0.3,EUR
SO-2026-000483,2,2026-01-17,2026-01-20,DE-WEB-01,C010653,VM-APP-0008,1,38.31,0.3,EUR
SO-2026-000484,1,2026-01-17,2026-01-18,DE-WEB-01,C014781,VM-APP-0006,5,74.23,0.3,EUR
SO-2026-000484,2,2026-01-17,2026-01-18,DE-WEB-01,C014781,VM-CMP-0016,4,589.1,0.1,EUR
SO-2026-000485,1,2026-01-18,2026-01-21,PL-WEB-01,C019635,VM-APP-0002,2,447.91,0.3,PLN
SO-2026-000485,2,2026-01-18,2026-01-21,PL-WEB-01,C019635,VM-CMP-0008,2,447.91,0.0,PLN
SO-2026-000486,1,2026-01-18,2026-01-19,PL-WEB-01,C009019,VM-BIK-0011,1,8805.69,0.05,PLN
SO-2026-000487,1,2026-01-18,2026-01-20,PL-WEB-01,C019636,VM-APP-0008,2,162.87,0.3,PLN
SO-2026-000487,2,2026-01-18,2026-01-20,PL-WEB-01,C019636,VM-NUT-0007,12,13.22,0.0,PLN
SO-2026-000487,3,2026-01-18,2026-01-20,PL-WEB-01,C019636,VM-ACC-0013,1,173.05,0.0,PLN
SO-2026-000488,1,2026-01-18,2026-01-19,PL-WEB-01,C019637,VM-ACC-0023,1,946.73,0.0,PLN
SO-2026-000489,1,2026-01-18,2026-01-19,PL-WEB-01,C015396,VM-APP-0012,1,885.65,0.3,PLN
SO-2026-000490,1,2026-01-18,2026-01-22,PL-WEB-01,C019638,VM-ACC-0008,1,407.19,0.0,PLN
SO-2026-000490,2,2026-01-18,2026-01-22,PL-WEB-01,C019638,VM-APP-0011,2,417.37,0.3,PLN
SO-2026-000490,3,2026-01-18,2026-01-22,PL-WEB-01,C019638,VM-APP-0015,1,580.25,0.0,PLN
SO-2026-000491,1,2026-01-18,2026-01-21,PL-WEB-01,C019639,VM-APP-0013,1,447.91,0.3,PLN
SO-2026-000492,1,2026-01-18,2026-01-19,PL-WEB-01,C008439,VM-APP-0002,1,447.91,0.3,PLN
SO-2026-000492,2,2026-01-18,2026-01-19,PL-WEB-01,C008439,VM-NUT-0003,5,11.19,0.05,PLN
SO-2026-000492,3,2026-01-18,2026-01-19,PL-WEB-01,C008439,VM-ACC-0014,1,111.97,0.05,PLN
SO-2026-000493,1,2026-01-18,2026-01-22,PL-MKT-01,C015485,VM-ACC-0007,1,366.47,0.0,PLN
SO-2026-000494,1,2026-01-18,2026-01-19,PL-MKT-01,C018808,VM-APP-0002,1,447.91,0.0,PLN
SO-2026-000494,2,2026-01-18,2026-01-19,PL-MKT-01,C018808,VM-NUT-0004,7,7.12,0.0,PLN
SO-2026-000495,1,2026-01-18,2026-01-20,PL-MKT-01,C019640,VM-NUT-0007,4,13.22,0.0,PLN
SO-2026-000495,2,2026-01-18,2026-01-20,PL-MKT-01,C019640,VM-BIK-0004,1,4346.85,0.0,PLN
SO-2026-000496,1,2026-01-18,2026-01-22,PL-MKT-01,C014133,VM-BIK-0012,1,12022.57,0.0,PLN
SO-2026-000497,1,2026-01-18,2026-01-21,PL-MKT-01,C016610,VM-EBK-0008,1,15371.79,0.05,PLN
SO-2026-000498,1,2026-01-18,2026-01-18,CZ-PRG-01,C019641,VM-NUT-0006,12,59.0,0.0,CZK
SO-2026-000499,1,2026-01-18,2026-01-22,CZ-WEB-01,C019280,VM-APP-0008,1,944.0,0.0,CZK
SO-2026-000500,1,2026-01-18,2026-01-21,CZ-WEB-01,C011347,VM-APP-0020,1,1062.0,0.3,CZK
SO-2026-000501,1,2026-01-18,2026-01-19,DE-WEB-01,C019642,VM-ACC-0010,1,59.87,0.0,EUR
SO-2026-000502,1,2026-01-19,2026-01-19,PL-WAW-01,C016422,VM-CMP-0009,1,356.29,0.0,PLN
SO-2026-000502,2,2026-01-19,2026-01-19,PL-WAW-01,C016422,VM-ACC-0002,2,620.97,0.0,PLN
SO-2026-000503,1,2026-01-19,2026-01-19,PL-WAW-01,C007455,VM-ACC-0008,1,407.19,0.0,PLN
SO-2026-000504,1,2026-01-19,2026-01-19,PL-WAW-01,C019643,VM-CMP-0019,1,213.77,0.0,PLN
SO-2026-000504,2,2026-01-19,2026-01-19,PL-WAW-01,C019643,VM-CMP-0006,2,203.59,0.0,PLN
SO-2026-000505,1,2026-01-19,2026-01-19,PL-WAW-01,C012027,VM-ACC-0006,1,967.09,0.05,PLN
SO-2026-000506,1,2026-01-19,2026-01-19,PL-WAW-02,C019644,VM-ACC-0013,1,173.05,0.0,PLN
SO-2026-000507,1,2026-01-19,2026-01-19,PL-WAW-02,C017793,VM-APP-0010,1,173.05,0.0,PLN
SO-2026-000508,1,2026-01-19,2026-01-19,PL-KRK-01,C010065,VM-ACC-0021,1,794.03,0.0,PLN
SO-2026-000508,2,2026-01-19,2026-01-19,PL-KRK-01,C010065,VM-APP-0002,3,447.91,0.0,PLN
SO-2026-000509,1,2026-01-19,2026-01-19,PL-WRO-01,C018394, VM-APP-0002 ,2,447.91,0.3,PLN
SO-2026-000510,1,2026-01-19,2026-01-19,PL-WRO-01,C016882,VM-NUT-0006,9,10.17,0.0,PLN
SO-2026-000511,1,2026-01-19,2026-01-19,PL-WRO-01,,VM-APP-0006,1,315.57,0.0,PLN
SO-2026-000512,1,2026-01-19,2026-01-19,PL-LDZ-01,C016287,VM-BIK-0001,1,13936.41,0.05,PLN
SO-2026-000512,2,2026-01-19,2026-01-19,PL-LDZ-01,C016287,VM-ACC-0004,1,794.03,0.05,PLN
SO-2026-000513,1,2026-01-19,2026-01-19,PL-LDZ-01,,VM-ACC-0008,2,407.19,0.0,PLN
SO-2026-000514,1,2026-01-19,2026-01-20,PL-WEB-01,C019491,VM-NUT-0008,3,10.17,0.0,PLN
SO-2026-000515,1,2026-01-19,2026-01-22,PL-WEB-01,C016933,VM-APP-0002,1,447.91,0.0,PLN
SO-2026-000516,1,2026-01-19,2026-01-20,PL-WEB-01,C019645,VM-APP-0002,1,447.91,0.3,PLN
SO-2026-000516,2,2026-01-19,2026-01-20,PL-WEB-01,C019645,VM-CMP-0012,2,549.71,0.0,PLN
SO-2026-000517,1,2026-01-19,2026-01-20,PL-WEB-01,C019392,VM-EBK-0005,1,17764.09,0.0,PLN
SO-2026-000518,1,2026-01-19,2026-01-20,PL-MKT-01,C019646,VM-APP-0003,2,315.57,0.05,PLN
SO-2026-000518,2,2026-01-19,2026-01-20,PL-MKT-01,C019646,VM-CMP-0005,2,1506.63,0.05,PLN
SO-2026-000518,3,2026-01-19,2026-01-20,PL-MKT-01,C019646,VM-APP-0018,1,132.33,0.3,PLN
SO-2026-000518,4,2026-01-19,2026-01-20,PL-MKT-01,C019646,vm-cmp-0021,4,48.85,0.05,PLN
SO-2026-000519,1,2026-01-19,2026-01-20,PL-MKT-01,C008708,VM-NUT-0002,5,15.26,0.0,PLN
SO-2026-000519,2,2026-01-19,2026-01-20,PL-MKT-01,C008708,VM-BIK-0017,1,1944.37,0.0,PLN
SO-2026-000520,1,2026-01-19,2026-01-21,PL-MKT-01,C009026,VM-APP-0008,2,162.87,0.05,PLN
SO-2026-000520,2,2026-01-19,2026-01-21,PL-MKT-01,C009026,VM-EBK-0009,1,10088.37,0.05,PLN
SO-2026-000521,1,2026-01-19,2026-01-19,CZ-PRG-01,C019647,VM-NUT-0004,4,41.0,0.0,CZK
SO-2026-000522,1,2026-01-19,2026-01-22,CZ-WEB-01,C006854,VM-APP-0007,1,944.0,0.3,CZK
SO-2026-000522,2,2026-01-19,2026-01-22,CZ-WEB-01,C006854,VM-NUT-0011,3,319.0,0.0,CZK
SO-2026-000522,3,2026-01-19,2026-01-22,CZ-WEB-01,C006854,VM-NUT-0001,5,53.0,0.0,CZK
SO-2026-000523,1,2026-01-19,2026-01-22,CZ-WEB-01,C019648,VM-APP-0009,2,2065.0,0.0,CZK
SO-2026-000524,1,2026-01-19,2026-01-21,DE-WEB-01,C016519,vm-nut-0008,9,2.39,0.05,EUR
SO-2026-000525,1,2026-01-19,2026-01-23,DE-WEB-01,C019649,VM-ACC-0013,1,40.71,0.0,EUR
SO-2026-000525,2,2026-01-19,2026-01-23,DE-WEB-01,C019649,VM-NUT-0004,9,1.67,0.0,EUR
SO-2026-000525,3,2026-01-19,2026-01-23,DE-WEB-01,C019649,vm-nut-0009,1,20.35,0.0,EUR
SO-2026-000525,4,2026-01-19,2026-01-23,DE-WEB-01,C019649,VM-ACC-0008,1,95.79,0.0,EUR
SO-2026-000526,1,2026-01-19,2026-01-20,DE-WEB-01,C010554,VM-NUT-0004,10,1.67,0.1,EUR
SO-2026-000526,2,2026-01-19,2026-01-20,DE-WEB-01,C010554,VM-APP-0015,4,136.5,0.3,EUR
SO-2026-000526,3,2026-01-19,2026-01-20,DE-WEB-01,C010554,VM-NUT-0006,36,2.39,0.1,EUR
SO-2026-000526,4,2026-01-19,2026-01-20,DE-WEB-01,C010554,VM-BIK-0007,4,1688.28,0.1,EUR
SO-2026-000527,1,2026-01-19,2026-01-21,DE-WEB-01,C019650,VM-NUT-0002,16,3.59,0.12,EUR
SO-2026-000528,1,2026-01-20,2026-01-20,PL-WAW-01,C009909,VM-EBK-0007,1,14964.59,0.0,PLN
SO-2026-000529,1,2026-01-20,2026-01-20,PL-WAW-02,C011478,VM-APP-0015,1,580.25,0.3,PLN
SO-2026-000530,1,2026-01-20,2026-01-20,PL-KRK-01,C019651,VM-CMP-0022,3,36.64,0.1,PLN
SO-2026-000530,2,2026-01-20,2026-01-20,PL-KRK-01,C019651,VM-APP-0020,8,183.23,0.3,PLN
SO-2026-000531,1,2026-01-20,2026-01-20,PL-KRK-01,C019213,VM-ACC-0009,1,407.19,0.0,PLN
SO-2026-000532,1,2026-01-20,2026-01-20,PL-WRO-01,C019652,VM-APP-0008,1,162.87,0.3,PLN
SO-2026-000533,1,2026-01-20,2026-01-20,PL-GDN-01,,VM-ACC-0008,1,407.19,0.0,PLN
SO-2026-000533,2,2026-01-20,2026-01-20,PL-GDN-01,,VM-APP-0003,3,315.57,0.0,PLN
SO-2026-000533,3,2026-01-20,2026-01-20,PL-GDN-01,,VM-BIK-0012,1,12022.57,0.0,PLN
SO-2026-000534,1,2026-01-20,2026-01-20,PL-GDN-01,,VM-APP-0002,3,447.91,0.3,PLN
SO-2026-000534,2,2026-01-20,2026-01-20,PL-GDN-01,,VM-ACC-0022,1,1598.25,0.0,PLN
SO-2026-000535,1,2026-01-20,2026-01-20,PL-POZ-01,,VM-ACC-0010,2,254.49,0.05,PLN
SO-2026-000536,1,2026-01-20,2026-01-20,PL-POZ-01,C019653,VM-APP-0013,1,447.91,0.3,PLN
SO-2026-000536,2,2026-01-20,2026-01-20,PL-POZ-01,C019653,VM-ACC-0016,3,29.51,0.0,PLN
SO-2026-000536,3,2026-01-20,2026-01-20,PL-POZ-01,C019653,VM-APP-0010,1,173.05,0.0,PLN
SO-2026-000536,4,2026-01-20,2026-01-20,PL-POZ-01,C019653, VM-APP-0006 ,3,315.57,0.3,PLN
SO-2026-000537,1,2026-01-20,2026-01-20,PL-POZ-01,C002776,VM-APP-0002,3,447.91,0.05,PLN
SO-2026-000538,1,2026-01-20,2026-01-20,PL-POZ-01,C015377,VM-ACC-0020,1,824.57,0.0,PLN
SO-2026-000538,2,2026-01-20,2026-01-20,PL-POZ-01,C015377,VM-NUT-0004,9,7.12,0.0,PLN
SO-2026-000538,3,2026-01-20,2026-01-20,PL-POZ-01,C015377,VM-APP-0003,1,315.57,0.0,PLN
SO-2026-000539,1,2026-01-20,2026-01-22,PL-WEB-01,C012931,VM-ACC-0020,1,824.57,0.0,PLN
SO-2026-000540,1,2026-01-20,2026-01-23,PL-WEB-01,C003766,VM-BIK-0004,1,4346.85,0.0,PLN
SO-2026-000541,1,2026-01-20,2026-01-21,PL-WEB-01,C002754,VM-APP-0003,3,315.57,0.3,PLN
SO-2026-000542,1,2026-01-20,2026-01-22,PL-WEB-01,C019654,VM-ACC-0007,2,366.47,0.0,PLN
SO-2026-000542,2,2026-01-20,2026-01-22,PL-WEB-01,C019654,VM-CMP-0005,1,1506.63,0.0,PLN
SO-2026-000543,1,2026-01-20,2026-01-22,PL-WEB-01,C014533,VM-BIK-0001,5,13936.41,0.12,PLN
SO-2026-000544,1,2026-01-20,2026-01-22,PL-WEB-01,C011026,VM-BIK-0008,1,5405.57,0.0,PLN
SO-2026-000544,2,2026-01-20,2026-01-22,PL-WEB-01,C011026,VM-ACC-0007,2,366.47,0.0,PLN
SO-2026-000545,1,2026-01-20,2026-01-24,PL-WEB-01,C003776,VM-ACC-0001,2,386.83,0.1,PLN
SO-2026-000545,2,2026-01-20,2026-01-24,PL-WEB-01,C003776,VM-BIK-0007,1,7176.89,0.0,PLN
SO-2026-000546,1,2026-01-20,2026-01-24,PL-MKT-01,C019655,VM-BIK-0007,1,7176.89,0.0,PLN
SO-2026-000546,2,2026-01-20,2026-01-24,PL-MKT-01,C019655,VM-ACC-0014,1,111.97,0.0,PLN
SO-2026-000547,1,2026-01-20,2026-01-21,CZ-WEB-01,C017830,VM-ACC-0014,1,649.0,0.0,CZK
SO-2026-000547,2,2026-01-20,2026-01-21,CZ-WEB-01,C017830,VM-CMP-0006,1,1180.0,0.0,CZK
SO-2026-000548,1,2026-01-20,2026-01-22,DE-WEB-01,C018926,VM-APP-0006,3,74.23,0.0,EUR
SO-2026-000549,1,2026-01-20,2026-01-23,DE-WEB-01,C017921,VM-NUT-0004,30,1.67,0.08,EUR
SO-2026-000550,1,2026-01-20,2026-01-22,DE-WEB-01,C019656,VM-ACC-0013,1,40.71,0.0,EUR
SO-2026-000550,2,2026-01-20,2026-01-22,DE-WEB-01,C019656,VM-NUT-0006,8,2.39,0.0,EUR
SO-2026-000551,1,2026-01-21,2026-01-21,PL-WAW-01,C019657,VM-NUT-0009,3,86.52,0.0,PLN
SO-2026-000551,2,2026-01-21,2026-01-21,PL-WAW-01,C019657,VM-APP-0009,2,356.29,0.3,PLN
SO-2026-000552,1,2026-01-21,2026-01-21,PL-WAW-01,C011430,VM-NUT-0006,11,10.17,0.05,PLN
SO-2026-000552,2,2026-01-21,2026-01-21,PL-WAW-01,C011430,VM-APP-0008,1,162.87,0.3,PLN
SO-2026-000552,3,2026-01-21,2026-01-21,PL-WAW-01,C011430,VM-BIK-0020,1,1231.77,0.05,PLN
SO-2026-000552,4,2026-01-21,2026-01-21,PL-WAW-01,C011430,VM-ACC-0004,2,794.03,0.05,PLN
SO-2026-000553,1,2026-01-21,2026-01-21,PL-WAW-01,C009636,VM-NUT-0009,4,86.52,0.0,PLN
SO-2026-000553,2,2026-01-21,2026-01-21,PL-WAW-01,C009636,VM-NUT-0002,4,15.26,0.0,PLN
SO-2026-000553,3,2026-01-21,2026-01-21,PL-WAW-01,C009636,VM-CMP-0013,2,539.53,0.0,PLN
SO-2026-000553,4,2026-01-21,2026-01-21,PL-WAW-01,C009636,VM-APP-0017,1,193.41,0.3,PLN
SO-2026-000554,1,2026-01-21,2026-01-21,PL-WAW-01,C019658,VM-CMP-0011,1,162.87,0.0,PLN
SO-2026-000554,2,2026-01-21,2026-01-21,PL-WAW-01,C019658,VM-CMP-0009,2,356.29,0.0,PLN
SO-2026-000554,3,2026-01-21,2026-01-21,PL-WAW-01,C019658,VM-CMP-0023,2,60.05,0.0,PLN
SO-2026-000555,1,2026-01-21,2026-01-21,PL-WAW-02,C019413,VM-CMP-0013,2,539.53,0.0,PLN
SO-2026-000556,1,2026-01-21,2026-01-21,PL-KRK-01,,VM-ACC-0006,1,967.09,0.0,PLN
SO-2026-000557,1,2026-01-21,2026-01-21,PL-GDN-01,C016316,VM-CMP-0017,1,508.99,0.0,PLN
SO-2026-000558,1,2026-01-21,2026-01-21,PL-GDN-01,C019659,VM-ACC-0014,1,111.97,0.0,PLN
SO-2026-000558,2,2026-01-21,2026-01-21,PL-GDN-01,C019659,VM-APP-0002,3,447.91,0.3,PLN
SO-2026-000558,3,2026-01-21,2026-01-21,PL-GDN-01,C019659,VM-CMP-0019,2,213.77,0.1,PLN
SO-2026-000559,1,2026-01-21,2026-01-21,PL-LDZ-01,C017184,VM-ACC-0012,1,73.29,0.0,PLN
SO-2026-000560,1,2026-01-21,2026-01-22,PL-WEB-01,C019660,VM-APP-0010,1,173.05,0.0,PLN
SO-2026-000560,2,2026-01-21,2026-01-22,PL-WEB-01,C019660,VM-BIK-0019,1,1231.77,0.0,PLN
SO-2026-000560,3,2026-01-21,2026-01-22,PL-WEB-01,C019660, VM-APP-0017 ,2,193.41,0.3,PLN
SO-2026-000560,4,2026-01-21,2026-01-22,PL-WEB-01,C019660,VM-APP-0020,2,183.23,0.3,PLN
SO-2026-000561,1,2026-01-21,2026-01-22,PL-WEB-01,C019661,VM-EBK-0007,1,14964.59,0.0,PLN
SO-2026-000562,1,2026-01-21,2026-01-22,PL-WEB-01,C019267,VM-NUT-0004,4,7.12,0.0,PLN
SO-2026-000562,2,2026-01-21,2026-01-22,PL-WEB-01,C019267,VM-NUT-0007,8,13.22,0.0,PLN
SO-2026-000563,1,2026-01-21,2026-01-25,PL-WEB-01,C019662,VM-APP-0002,2,447.91,0.3,PLN
SO-2026-000563,2,2026-01-21,2026-01-25,PL-WEB-01,C019662,VM-APP-0003,1,315.57,0.3,PLN
SO-2026-000563,3,2026-01-21,2026-01-25,PL-WEB-01,C019662,VM-NUT-0011,2,54.96,0.0,PLN
SO-2026-000563,4,2026-01-21,2026-01-25,PL-WEB-01,C019662,VM-EBK-0003,1,9253.61,0.0,PLN
SO-2026-000564,1,2026-01-21,2026-01-23,PL-WEB-01,C010588,VM-APP-0012,1,885.65,0.0,PLN
SO-2026-000564,2,2026-01-21,2026-01-23,PL-WEB-01,C010588,VM-BIK-0020,1,1231.77,0.0,PLN
SO-2026-000565,1,2026-01-21,2026-01-24,PL-WEB-01,C018580,VM-APP-0020,1,183.23,0.3,PLN
SO-2026-000565,2,2026-01-21,2026-01-24,PL-WEB-01,C018580,VM-BIK-0020,1,1231.77,0.05,PLN
SO-2026-000566,1,2026-01-21,2026-01-25,PL-MKT-01,C019663,VM-NUT-0004,9,7.12,0.05,PLN
SO-2026-000567,1,2026-01-21,2026-01-25,PL-MKT-01,C005862,VM-NUT-0006,12,10.17,0.0,PLN
SO-2026-000568,1,2026-01-21,2026-01-24,PL-MKT-01,C017682,VM-BIK-0007,1,7176.89,0.0,PLN
SO-2026-000569,1,2026-01-21,2026-01-21,CZ-PRG-01,C019664,VM-CMP-0008,1,2597.0,0.0,CZK
SO-2026-000569,2,2026-01-21,2026-01-21,CZ-PRG-01,C019664,VM-CMP-0015,1,5429.0,0.0,CZK
SO-2026-000569,3,2026-01-21,2026-01-21,CZ-PRG-01,C019664,VM-APP-0013,1,2597.0,0.3,CZK
SO-2026-000569,4,2026-01-21,2026-01-21,CZ-PRG-01,C019664,VM-NUT-0004,5,41.0,0.0,CZK
SO-2026-000570,1,2026-01-21,2026-01-21,CZ-BRN-01,,vm-cmp-0016,1,14518.0,0.0,CZK
SO-2026-000570,2,2026-01-21,2026-01-21,CZ-BRN-01,,VM-APP-0012,1,5134.0,0.3,CZK
SO-2026-000571,1,2026-01-21,2026-01-21,CZ-BRN-01,C019665,VM-NUT-0001,6,53.0,0.0,CZK
SO-2026-000572,1,2026-01-21,2026-01-21,DE-BER-01,,VM-CMP-0019,3,50.29,0.0,EUR
SO-2026-000573,1,2026-01-21,2026-01-21,DE-BER-01,C014749,VM-ACC-0008,2,95.79,0.0,EUR
SO-2026-000573,2,2026-01-21,2026-01-21,DE-BER-01,C014749,VM-CMP-0009,2,83.81,0.0,EUR
SO-2026-000574,1,2026-01-21,2026-01-21,DE-BER-01,,VM-APP-0010,2,40.71,0.3,EUR
SO-2026-000575,1,2026-01-21,2026-01-21,DE-BER-01,C019584,VM-BIK-0013,1,1149.47,0.05,EUR
SO-2026-000575,2,2026-01-21,2026-01-21,DE-BER-01,C019584,VM-APP-0006,3,74.23,0.3,EUR
SO-2026-000575,3,2026-01-21,2026-01-21,DE-BER-01,C019584,vm-acc-0011,1,17.24,0.05,EUR
SO-2026-000576,1,2026-01-21,2026-01-22,DE-WEB-01,C017487,VM-CMP-0005,2,354.42,0.05,EUR
SO-2026-000576,2,2026-01-21,2026-01-22,DE-WEB-01,C017487,VM-NUT-0006,9,2.39,0.05,EUR
SO-2026-000576,3,2026-01-21,2026-01-22,DE-WEB-01,C017487,VM-ACC-0008,1,95.79,0.1,EUR
SO-2026-000577,1,2026-01-21,2026-01-22,DE-WEB-01,C019666,VM-ACC-0018,2,11.97,0.0,EUR
SO-2026-000578,1,2026-01-21,2026-01-23,DE-WEB-01,C001587,VM-NUT-0008,12,2.39,0.0,EUR
SO-2026-000578,2,2026-01-21,2026-01-23,DE-WEB-01,C001587,VM-CMP-0013,1,126.92,0.0,EUR
SO-2026-000579,1,2026-01-22,2026-01-22,PL-WAW-01,C019667,VM-APP-0003,1,315.57,0.3,PLN
SO-2026-000579,2,2026-01-22,2026-01-22,PL-WAW-01,C019667,VM-CMP-0021,3,48.85,0.0,PLN
SO-2026-000579,3,2026-01-22,2026-01-22,PL-WAW-01,C019667,VM-BIK-0020,1,1231.77,0.0,PLN
SO-2026-000580,1,2026-01-22,2026-01-22,PL-WAW-01,C019668,VM-ACC-0008,2,407.19,0.0,PLN
SO-2026-000580,2,2026-01-22,2026-01-22,PL-WAW-01,C019668,VM-BIK-0017,1,1944.37,0.0,PLN
SO-2026-000581,1,2026-01-22,2026-01-22,PL-KRK-01,,VM-APP-0007,1,162.87,0.3,PLN
SO-2026-000582,1,2026-01-22,2026-01-22,PL-WRO-01,C009026,VM-NUT-0008,11,10.17,0.05,PLN
SO-2026-000583,1,2026-01-22,2026-01-22,PL-GDN-01,,VM-CMP-0019,1,213.77,0.0,PLN
SO-2026-000583,2,2026-01-22,2026-01-22,PL-GDN-01,,VM-BIK-0003,1,6657.71,0.0,PLN
SO-2026-000583,3,2026-01-22,2026-01-22,PL-GDN-01,,VM-CMP-0013,1,539.53,0.0,PLN
SO-2026-000583,4,2026-01-22,2026-01-22,PL-GDN-01,,VM-ACC-0012,1,73.29,0.0,PLN
SO-2026-000584,1,2026-01-22,2026-01-22,PL-GDN-01,C017953,VM-ACC-0009,2,407.19,0.0,PLN
SO-2026-000584,2,2026-01-22,2026-01-22,PL-GDN-01,C017953,VM-ACC-0007,1,366.47,0.0,PLN
SO-2026-000585,1,2026-01-22,2026-01-22,PL-GDN-01,C019669,VM-NUT-0004,6,7.12,0.0,PLN
SO-2026-000586,1,2026-01-22,2026-01-22,PL-GDN-01,C019670,VM-CMP-0004,1,732.95,0.0,PLN
SO-2026-000587,1,2026-01-22,2026-01-22,PL-POZ-01,C018952,VM-NUT-0008,9,10.17,0.0,PLN
SO-2026-000588,1,2026-01-22,2026-01-23,PL-WEB-01,C018540,vm-cmp-0008,2,447.91,0.0,PLN
SO-2026-000588,2,2026-01-22,2026-01-23,PL-WEB-01,C018540, vm-bik-0019 ,1,1231.77,0.0,PLN
SO-2026-000589,1,2026-01-22,2026-01-26,PL-WEB-01,C019671,VM-CMP-0006,2,203.59,0.0,PLN
SO-2026-000590,1,2026-01-22,2026-01-26,PL-WEB-01,C015733,VM-ACC-0018,3,50.89,0.0,PLN
SO-2026-000591,1,2026-01-22,2026-01-24,PL-WEB-01,C019672,VM-BIK-0007,1,7176.89,0.0,PLN
SO-2026-000592,1,2026-01-22,2026-01-25,PL-WEB-01,C004567,VM-APP-0002,1,447.91,0.3,PLN
SO-2026-000592,2,2026-01-22,2026-01-25,PL-WEB-01,C004567,VM-NUT-0001,14,9.15,0.0,PLN
SO-2026-000592,3,2026-01-22,2026-01-25,PL-WEB-01,C004567,VM-APP-0009,2,356.29,0.3,PLN
SO-2026-000593,1,2026-01-22,2026-01-24,PL-WEB-01,C005516,VM-ACC-0008,2,407.19,0.0,PLN
SO-2026-000593,2,2026-01-22,2026-01-24,PL-WEB-01,C005516,VM-CMP-0008,2,447.91,0.0,PLN
SO-2026-000594,1,2026-01-22,2026-01-23,PL-MKT-01,C012442,VM-NUT-0006,12,10.17,0.0,PLN
SO-2026-000595,1,2026-01-22,2026-01-26,PL-MKT-01,C010677,VM-CMP-0017,1,508.99,0.05,PLN
SO-2026-000595,2,2026-01-22,2026-01-26,PL-MKT-01,C010677,VM-ACC-0018,2,50.89,0.05,PLN
SO-2026-000596,1,2026-01-22,2026-01-24,PL-MKT-01,C015157,VM-ACC-0009,1,407.19,0.0,PLN
SO-2026-000597,1,2026-01-22,2026-01-26,CZ-WEB-01,C013715,VM-NUT-0011,1,319.0,0.0,CZK
SO-2026-000597,2,2026-01-22,2026-01-26,CZ-WEB-01,C013715,VM-APP-0010,2,1003.0,0.3,CZK
SO-2026-000597,3,2026-01-22,2026-01-26,CZ-WEB-01,C013715,VM-CMP-0015,1,5429.0,0.0,CZK
SO-2026-000598,1,2026-01-22,2026-01-23,CZ-WEB-01,C019673,VM-APP-0002,1,2597.0,0.3,CZK
SO-2026-000598,2,2026-01-22,2026-01-23,CZ-WEB-01,C019673,VM-CMP-0001,2,2361.0,0.0,CZK
SO-2026-000599,1,2026-01-22,2026-01-23,CZ-WEB-01,C019674,VM-ACC-0016,1,171.0,0.0,CZK
SO-2026-000600,1,2026-01-22,2026-01-25,CZ-WEB-01,C019675,VM-ACC-0002,1,3600.0,0.0,CZK
SO-2026-000601,1,2026-01-22,2026-01-24,CZ-WEB-01,C009966,VM-CMP-0001,1,2361.0,0.0,CZK
SO-2026-000602,1,2026-01-22,2026-01-25,DE-WEB-01,C018507,VM-CMP-0014,2,102.97,0.0,EUR
SO-2026-000603,1,2026-01-22,2026-01-25,DE-WEB-01,C018507,VM-NUT-0008,3,2.39,0.0,EUR
SO-2026-000603,2,2026-01-22,2026-01-25,DE-WEB-01,C018507,VM-ACC-0014,1,26.34,0.0,EUR
SO-2026-000604,1,2026-01-22,2026-01-24,DE-WEB-01,C017835,VM-EBK-0009,1,2373.18,0.0,EUR
SO-2026-000605,1,2026-01-22,2026-01-25,DE-WEB-01,C014945,VM-ACC-0007,1,86.21,0.0,EUR
SO-2026-000606,1,2026-01-23,2026-01-23,PL-WAW-01,C019676, VM-NUT-0011 ,2,54.96,0.0,PLN
SO-2026-000607,1,2026-01-23,2026-01-23,PL-WAW-01,C003375,VM-APP-0013,1,447.91,0.0,PLN
SO-2026-000608,1,2026-01-23,2026-01-23,PL-WAW-01,C019677,VM-APP-0018,2,132.33,0.3,PLN
SO-2026-000608,2,2026-01-23,2026-01-23,PL-WAW-01,C019677,VM-ACC-0022,1,1598.25,0.0,PLN
SO-2026-000609,1,2026-01-23,2026-01-23,PL-WAW-01,,VM-ACC-0006,1,967.09,0.0,PLN
SO-2026-000610,1,2026-01-23,2026-01-23,PL-WAW-02,C011395,VM-ACC-0010,1,254.49,0.05,PLN
SO-2026-000611,1,2026-01-23,2026-01-23,PL-KRK-01,C019678, VM-ACC-0014 ,1,111.97,0.05,PLN
SO-2026-000612,1,2026-01-23,2026-01-23,PL-KRK-01,C019679,VM-APP-0017,2,193.41,0.0,PLN
SO-2026-000612,2,2026-01-23,2026-01-23,PL-KRK-01,C019679,VM-ACC-0014,1,111.97,0.0,PLN
SO-2026-000612,3,2026-01-23,2026-01-23,PL-KRK-01,C019679,VM-NUT-0004,4,7.12,0.0,PLN
SO-2026-000612,4,2026-01-23,2026-01-23,PL-KRK-01,C019679,VM-ACC-0007,2,366.47,0.0,PLN
SO-2026-000613,1,2026-01-23,2026-01-23,PL-KRK-01,C019680,VM-ACC-0002,1,620.97,0.0,PLN
SO-2026-000613,2,2026-01-23,2026-01-23,PL-KRK-01,C019680,VM-CMP-0023,2,60.05,0.0,PLN
SO-2026-000613,3,2026-01-23,2026-01-23,PL-KRK-01,C019680,VM-NUT-0008,4,10.17,0.0,PLN
SO-2026-000613,4,2026-01-23,2026-01-23,PL-KRK-01,C019680,VM-ACC-0008,1,407.19,0.0,PLN
SO-2026-000614,1,2026-01-23,2026-01-23,PL-KRK-01,C019681,VM-ACC-0008,1,407.19,0.0,PLN
SO-2026-000615,1,2026-01-23,2026-01-23,PL-GDN-01,,VM-ACC-0018,1,50.89,0.0,PLN
SO-2026-000616,1,2026-01-23,2026-01-23,PL-GDN-01,,VM-EBK-0002,1,10129.09,0.0,PLN
SO-2026-000616,2,2026-01-23,2026-01-23,PL-GDN-01,,VM-APP-0008,1,162.87,0.0,PLN
SO-2026-000616,3,2026-01-23,2026-01-23,PL-GDN-01,,VM-ACC-0014,1,111.97,0.0,PLN
SO-2026-000616,4,2026-01-23,2026-01-23,PL-GDN-01,, VM-ACC-0008 ,1,407.19,0.0,PLN
SO-2026-000617,1,2026-01-23,2026-01-23,PL-POZ-01,,VM-ACC-0008,2,407.19,0.0,PLN
SO-2026-000617,2,2026-01-23,2026-01-23,PL-POZ-01,,VM-APP-0006,3,315.57,0.3,PLN
SO-2026-000617,3,2026-01-23,2026-01-23,PL-POZ-01,,VM-CMP-0014,1,437.73,0.0,PLN
SO-2026-000618,1,2026-01-23,2026-01-23,PL-LDZ-01,C010966,VM-CMP-0021,2,48.85,0.0,PLN
SO-2026-000619,1,2026-01-23,2026-01-23,PL-LDZ-01,C017383,VM-ACC-0008,1,407.19,0.0,PLN
SO-2026-000620,1,2026-01-23,2026-01-23,PL-LDZ-01,,VM-CMP-0006,2,203.59,0.0,PLN
SO-2026-000621,1,2026-01-23,2026-01-25,PL-WEB-01,C019682,VM-ACC-0008,2,407.19,0.0,PLN
SO-2026-000622,1,2026-01-23,2026-01-25,PL-WEB-01,C018397,VM-NUT-0006,4,10.17,0.0,PLN
SO-2026-000622,2,2026-01-23,2026-01-25,PL-WEB-01,C018397,VM-BIK-0017,1,1944.37,0.0,PLN
SO-2026-000623,1,2026-01-23,2026-01-25,PL-WEB-01,C014774,VM-NUT-0006,5,10.17,0.0,PLN
SO-2026-000624,1,2026-01-23,2026-01-26,PL-WEB-01,C019683,VM-EBK-0004,1,11279.43,0.0,PLN
SO-2026-000625,1,2026-01-23,2026-01-24,PL-WEB-01,C018216,VM-ACC-0023,1,946.73,0.0,PLN
SO-2026-000626,1,2026-01-23,2026-01-25,PL-WEB-01,C019684,VM-NUT-0008,5,10.17,0.0,PLN
SO-2026-000627,1,2026-01-23,2026-01-24,PL-WEB-01,C019685,VM-ACC-0020,1,824.57,0.05,PLN
SO-2026-000628,1,2026-01-23,2026-01-25,PL-WEB-01,C018237,VM-NUT-0007,5,13.22,0.0,PLN
SO-2026-000629,1,2026-01-23,2026-01-24,PL-MKT-01,C006708,VM-BIK-0003,1,6657.71,0.0,PLN
SO-2026-000629,2,2026-01-23,2026-01-24,PL-MKT-01,C006708,VM-ACC-0008,2,407.19,0.0,PLN
SO-2026-000630,1,2026-01-23,2026-01-23,CZ-PRG-01,C019686,VM-NUT-0004,9,41.0,0.0,CZK
SO-2026-000631,1,2026-01-23,2026-01-23,CZ-BRN-01,,VM-ACC-0014,1,649.0,0.0,CZK
SO-2026-000631,2,2026-01-23,2026-01-23,CZ-BRN-01,,VM-NUT-0004,7,41.0,0.0,CZK
SO-2026-000632,1,2026-01-23,2026-01-25,CZ-WEB-01,C019687,VM-APP-0010,1,1003.0,0.3,CZK
SO-2026-000632,2,2026-01-23,2026-01-25,CZ-WEB-01,C019687,VM-CMP-0004,1,4249.0,0.05,CZK
SO-2026-000633,1,2026-01-23,2026-01-25,CZ-WEB-01,C019688,VM-APP-0004,3,1416.0,0.3,CZK
SO-2026-000633,2,2026-01-23,2026-01-25,CZ-WEB-01,C019688,VM-NUT-0008,9,59.0,0.05,CZK
SO-2026-000634,1,2026-01-23,2026-01-25,CZ-WEB-01,C005984,VM-CMP-0005,2,8734.0,0.0,CZK
SO-2026-000635,1,2026-01-23,2026-01-23,DE-BER-01,,vm-cmp-0022,3,8.62,0.1,EUR
SO-2026-000635,2,2026-01-23,2026-01-23,DE-BER-01,,VM-NUT-0007,6,3.11,0.0,EUR
SO-2026-000635,3,2026-01-23,2026-01-23,DE-BER-01,,VM-CMP-0005,2,354.42,0.0,EUR
SO-2026-000635,4,2026-01-23,2026-01-23,DE-BER-01,,VM-ACC-0017,3,13.89,0.0,EUR
SO-2026-000636,1,2026-01-23,2026-01-24,DE-WEB-01,C019689,VM-ACC-0014,1,26.34,0.0,EUR
SO-2026-000636,2,2026-01-23,2026-01-24,DE-WEB-01,C019689,VM-NUT-0004,15,1.67,0.0,EUR
SO-2026-000636,3,2026-01-23,2026-01-24,DE-WEB-01,C019689,VM-ACC-0007,1,86.21,0.0,EUR
SO-2026-000637,1,2026-01-24,2026-01-24,PL-WAW-01,C004281,VM-APP-0020,2,183.23,0.3,PLN
SO-2026-000638,1,2026-01-24,2026-01-24,PL-WAW-01,C019690,VM-NUT-0006,21,10.17,0.1,PLN
SO-2026-000638,2,2026-01-24,2026-01-24,PL-WAW-01,C019690,VM-CMP-0009,10,356.29,0.08,PLN
SO-2026-000639,1,2026-01-24,2026-01-24,PL-WAW-01,C019691,VM-BIK-0007,1,7176.89,0.0,PLN
SO-2026-000640,1,2026-01-24,2026-01-24,PL-WAW-02,C004866,VM-ACC-0004,2,794.03,0.05,PLN
SO-2026-000641,1,2026-01-24,2026-01-24,PL-WAW-02,C004825,VM-ACC-0008,1,407.19,0.05,PLN
SO-2026-000642,1,2026-01-24,2026-01-24,PL-WRO-01,,VM-CMP-0013,2,539.53,0.0,PLN
SO-2026-000643,1,2026-01-24,2026-01-24,PL-WRO-01,C019692,VM-NUT-0009,1,86.52,0.0,PLN
SO-2026-000643,2,2026-01-24,2026-01-24,PL-WRO-01,C019692,VM-NUT-0004,5,7.12,0.0,PLN
SO-2026-000644,1,2026-01-24,2026-01-24,PL-WRO-01,C019215,VM-EBK-0004,1,11279.43,0.0,PLN
SO-2026-000645,1,2026-01-24,2026-01-24,PL-WRO-01,,VM-CMP-0016,1,2504.27,0.0,PLN
SO-2026-000645,2,2026-01-24,2026-01-24,PL-WRO-01,,VM-APP-0006,1,315.57,0.3,PLN
SO-2026-000645,3,2026-01-24,2026-01-24,PL-WRO-01,,VM-NUT-0002,3,15.26,0.0,PLN
SO-2026-000646,1,2026-01-24,2026-01-24,PL-WRO-01,C019693,VM-CMP-0023,4,60.05,0.0,PLN
SO-2026-000647,1,2026-01-24,2026-01-24,PL-GDN-01,,VM-CMP-0009,1,356.29,0.0,PLN
SO-2026-000647,2,2026-01-24,2026-01-24,PL-GDN-01,,VM-APP-0005,2,183.23,0.3,PLN
SO-2026-000647,3,2026-01-24,2026-01-24,PL-GDN-01,,VM-ACC-0017,3,59.03,0.0,PLN
SO-2026-000648,1,2026-01-24,2026-01-24,PL-GDN-01,,VM-NUT-0003,13,11.19,0.0,PLN
SO-2026-000649,1,2026-01-24,2026-01-24,PL-GDN-01,C019612,vm-nut-0006,6,10.17,0.0,PLN
SO-2026-000650,1,2026-01-24,2026-01-24,PL-POZ-01,C016437,VM-ACC-0008,2,407.19,0.05,PLN
SO-2026-000651,1,2026-01-24,2026-01-24,PL-POZ-01,,VM-ACC-0008,1,407.19,0.0,PLN
SO-2026-000652,1,2026-01-24,2026-01-25,PL-WEB-01,C013625,VM-ACC-0002,2,620.97,0.0,PLN
SO-2026-000653,1,2026-01-24,2026-01-28,PL-WEB-01,C019694,VM-ACC-0010,1,254.49,0.0,PLN
SO-2026-000654,1,2026-01-24,2026-01-25,PL-WEB-01,C011250,VM-ACC-0014,1,111.97,0.0,PLN
SO-2026-000655,1,2026-01-24,2026-01-28,PL-WEB-01,C019695,VM-CMP-0013,1,539.53,0.0,PLN
SO-2026-000656,1,2026-01-24,2026-01-25,PL-MKT-01,C019696,VM-CMP-0012,1,549.71,0.0,PLN
SO-2026-000657,1,2026-01-24,2026-01-28,PL-MKT-01,C019697,VM-NUT-0007,10,13.22,0.0,PLN
SO-2026-000657,2,2026-01-24,2026-01-28,PL-MKT-01,C019697,VM-NUT-0009,4,86.52,0.0,PLN
SO-2026-000658,1,2026-01-24,2026-01-26,PL-MKT-01,C013953,VM-ACC-0007,1,366.47,0.0,PLN
SO-2026-000659,1,2026-01-24,2026-01-24,CZ-PRG-01,C011614,VM-BIK-0021,1,7377.0,0.0,CZK
SO-2026-000660,1,2026-01-24,2026-01-24,CZ-BRN-01,C017237,VM-NUT-0008,8,59.0,0.0,CZK
SO-2026-000660,2,2026-01-24,2026-01-24,CZ-BRN-01,C017237,VM-CMP-0009,1,2065.0,0.0,CZK
SO-2026-000660,3,2026-01-24,2026-01-24,CZ-BRN-01,C017237,VM-BIK-0014,1,22602.0,0.0,CZK
SO-2026-000661,1,2026-01-24,2026-01-26,CZ-WEB-01,C014776,VM-ACC-0008,2,2361.0,0.0,CZK
SO-2026-000661,2,2026-01-24,2026-01-26,CZ-WEB-01,C014776,VM-ACC-0022,1,9265.0,0.0,CZK
SO-2026-000662,1,2026-01-24,2026-01-26,CZ-WEB-01,C018387,VM-NUT-0006,3,59.0,0.0,CZK
SO-2026-000662,2,2026-01-24,2026-01-26,CZ-WEB-01,C018387,VM-APP-0008,2,944.0,0.0,CZK
SO-2026-000663,1,2026-01-24,2026-01-24,DE-BER-01,,VM-CMP-0009,2,83.81,0.0,EUR
SO-2026-000664,1,2026-01-24,2026-01-24,DE-BER-01,C014486,VM-APP-0012,1,208.34,0.3,EUR
SO-2026-000665,1,2026-01-24,2026-01-28,DE-WEB-01,C019698,VM-ACC-0010,1,59.87,0.05,EUR
SO-2026-000666,1,2026-01-25,2026-01-26,PL-WEB-01,C019699,VM-EBK-0008,1,15371.79,0.0,PLN
SO-2026-000667,1,2026-01-25,2026-01-26,PL-WEB-01,C019700,VM-APP-0002,2,447.91,0.3,PLN
SO-2026-000667,2,2026-01-25,2026-01-26,PL-WEB-01,C019700,VM-ACC-0008,2,407.19,0.0,PLN
SO-2026-000668,1,2026-01-25,2026-01-26,PL-WEB-01,C005355,vm-acc-0003,1,295.21,0.05,PLN
SO-2026-000668,2,2026-01-25,2026-01-26,PL-WEB-01,C005355,VM-BIK-0013,1,4886.39,0.05,PLN
SO-2026-000668,3,2026-01-25,2026-01-26,PL-WEB-01,C005355,VM-CMP-0019,3,213.77,0.05,PLN
SO-2026-000668,4,2026-01-25,2026-01-26,PL-WEB-01,C005355,VM-NUT-0011,2,54.96,0.05,PLN
SO-2026-000669,1,2026-01-25,2026-01-29,PL-WEB-01,C019701, VM-APP-0006 ,3,315.57,0.3,PLN
SO-2026-000669,2,2026-01-25,2026-01-29,PL-WEB-01,C019701,VM-NUT-0007,6,13.22,0.0,PLN
SO-2026-000670,1,2026-01-25,2026-01-29,PL-WEB-01,C019018,VM-EBK-0004,1,11279.43,0.0,PLN
SO-2026-000671,1,2026-01-25,2026-01-26,PL-WEB-01,C010524,VM-CMP-0009,4,356.29,0.12,PLN
SO-2026-000672,1,2026-01-25,2026-01-26,PL-WEB-01,C018099,VM-NUT-0001,7,9.15,0.0,PLN
SO-2026-000672,2,2026-01-25,2026-01-26,PL-WEB-01,C018099,VM-ACC-0002,1,620.97,0.0,PLN
SO-2026-000672,3,2026-01-25,2026-01-26,PL-WEB-01,C018099,VM-NUT-0011,1,54.96,0.0,PLN
SO-2026-000672,4,2026-01-25,2026-01-26,PL-WEB-01,C018099,VM-CMP-0013,2,539.53,0.0,PLN
SO-2026-000673,1,2026-01-25,2026-01-27,PL-WEB-01,C004944,VM-ACC-0008,2,407.19,0.0,PLN
SO-2026-000673,2,2026-01-25,2026-01-27,PL-WEB-01,C004944, VM-NUT-0003 ,15,11.19,0.0,PLN
SO-2026-000673,3,2026-01-25,2026-01-27,PL-WEB-01,C004944,vm-acc-0007,1,366.47,0.0,PLN
SO-2026-000674,1,2026-01-25,2026-01-29,PL-WEB-01,C019702,VM-APP-0013,1,447.91,0.3,PLN
SO-2026-000674,2,2026-01-25,2026-01-29,PL-WEB-01,C019702,VM-APP-0008,1,162.87,0.0,PLN
SO-2026-000674,3,2026-01-25,2026-01-29,PL-WEB-01,C019702,VM-APP-0002,2,447.91,0.0,PLN
SO-2026-000674,4,2026-01-25,2026-01-29,PL-WEB-01,C019702,VM-CMP-0008,2,447.91,0.0,PLN
SO-2026-000675,1,2026-01-25,2026-01-27,PL-MKT-01,C010793,VM-ACC-0015,1,356.29,0.0,PLN
SO-2026-000675,2,2026-01-25,2026-01-27,PL-MKT-01,C010793,VM-APP-0008,2,162.87,0.0,PLN
SO-2026-000675,3,2026-01-25,2026-01-27,PL-MKT-01,C010793,VM-ACC-0008,1,407.19,0.0,PLN
SO-2026-000676,1,2026-01-25,2026-01-28,PL-MKT-01,C016322,VM-ACC-0014,2,111.97,0.08,PLN
SO-2026-000676,2,2026-01-25,2026-01-28,PL-MKT-01,C016322,VM-ACC-0012,2,73.29,0.08,PLN
SO-2026-000676,3,2026-01-25,2026-01-28,PL-MKT-01,C016322,VM-BIK-0007,3,7176.89,0.08,PLN
SO-2026-000677,1,2026-01-25,2026-01-29,PL-MKT-01,C018137,VM-NUT-0011,3,54.96,0.0,PLN
SO-2026-000678,1,2026-01-25,2026-01-29,PL-MKT-01,C014641,VM-ACC-0017,3,59.03,0.0,PLN
SO-2026-000679,1,2026-01-25,2026-01-25,CZ-PRG-01,C019703,VM-APP-0002,2,2597.0,0.0,CZK
SO-2026-000679,2,2026-01-25,2026-01-25,CZ-PRG-01,C019703,VM-CMP-0017,2,2951.0,0.0,CZK
SO-2026-000679,3,2026-01-25,2026-01-25,CZ-PRG-01,C019703,VM-APP-0013,1,2597.0,0.3,CZK
SO-2026-000679,4,2026-01-25,2026-01-25,CZ-PRG-01,C019703,VM-APP-0010,2,1003.0,0.0,CZK
SO-2026-000680,1,2026-01-25,2026-01-28,CZ-WEB-01,C013676,VM-CMP-0013,2,3128.0,0.08,CZK
SO-2026-000680,2,2026-01-25,2026-01-28,CZ-WEB-01,C013676,VM-ACC-0008,2,2361.0,0.1,CZK
SO-2026-000681,1,2026-01-25,2026-01-28,DE-WEB-01,C019704,VM-CMP-0005,1,354.42,0.0,EUR
SO-2026-000681,2,2026-01-25,2026-01-28,DE-WEB-01,C019704,VM-ACC-0005,1,43.1,0.0,EUR
SO-2026-000682,1,2026-01-26,2026-01-26,PL-WAW-01,,VM-NUT-0001,11,9.15,0.0,PLN
SO-2026-000683,1,2026-01-26,2026-01-26,PL-WAW-01,,VM-NUT-0004,10,7.12,0.0,PLN
SO-2026-000683,2,2026-01-26,2026-01-26,PL-WAW-01,,VM-CMP-0005,1,1506.63,0.05,PLN
SO-2026-000684,1,2026-01-26,2026-01-26,PL-WAW-01,C019705,VM-NUT-0003,10,11.19,0.0,PLN
SO-2026-000684,2,2026-01-26,2026-01-26,PL-WAW-01,C019705,VM-ACC-0006,2,967.09,0.0,PLN
SO-2026-000685,1,2026-01-26,2026-01-26,PL-WAW-02,C018424,VM-NUT-0011,12,54.96,0.08,PLN
SO-2026-000686,1,2026-01-26,2026-01-26,PL-WAW-02,C018667,VM-APP-0002,4,447.91,0.12,PLN
SO-2026-000686,2,2026-01-26,2026-01-26,PL-WAW-02,C018667,VM-NUT-0002,20,15.26,0.08,PLN
SO-2026-000687,1,2026-01-26,2026-01-26,PL-KRK-01,C009424,VM-BIK-0016,2,3654.61,0.08,PLN
SO-2026-000687,2,2026-01-26,2026-01-26,PL-KRK-01,C009424,VM-NUT-0003,16,11.19,0.08,PLN
SO-2026-000687,3,2026-01-26,2026-01-26,PL-KRK-01,C009424,VM-ACC-0022,5,1598.25,0.12,PLN
SO-2026-000687,4,2026-01-26,2026-01-26,PL-KRK-01,C009424,VM-ACC-0006,6,967.09,0.1,PLN
SO-2026-000688,1,2026-01-26,2026-01-26,PL-KRK-01,,VM-CMP-0004,2,732.95,0.0,PLN
SO-2026-000689,1,2026-01-26,2026-01-26,PL-WRO-01,C019706,VM-CMP-0013,1,539.53,0.0,PLN
SO-2026-000689,2,2026-01-26,2026-01-26,PL-WRO-01,C019706,VM-APP-0006,2,315.57,0.3,PLN
SO-2026-000690,1,2026-01-26,2026-01-26,PL-WRO-01,,VM-EBK-0005,1,17764.09,0.0,PLN
SO-2026-000690,2,2026-01-26,2026-01-26,PL-WRO-01,,VM-ACC-0017,3,59.03,0.0,PLN
SO-2026-000691,1,2026-01-26,2026-01-26,PL-GDN-01,,VM-CMP-0017,1,508.99,0.0,PLN
SO-2026-000691,2,2026-01-26,2026-01-26,PL-GDN-01,,VM-NUT-0001,14,9.15,0.0,PLN
SO-2026-000692,1,2026-01-26,2026-01-26,PL-POZ-01,C019707,VM-ACC-0008,4,407.19,0.12,PLN
SO-2026-000693,1,2026-01-26,2026-01-26,PL-POZ-01,C013586,VM-NUT-0003,3,11.19,0.0,PLN
SO-2026-000693,2,2026-01-26,2026-01-26,PL-POZ-01,C013586,VM-NUT-0006,8,10.17,0.0,PLN
SO-2026-000694,1,2026-01-26,2026-01-28,PL-WEB-01,C016933,VM-NUT-0008,12,10.17,0.0,PLN
SO-2026-000695,1,2026-01-26,2026-01-27,PL-WEB-01,C008650,VM-APP-0002,3,447.91,0.0,PLN
SO-2026-000695,2,2026-01-26,2026-01-27,PL-WEB-01,C008650,VM-ACC-0008,2,407.19,0.0,PLN
SO-2026-000695,3,2026-01-26,2026-01-27,PL-WEB-01,C008650,VM-NUT-0001,9,9.15,0.0,PLN
SO-2026-000695,4,2026-01-26,2026-01-27,PL-WEB-01,C008650,VM-ACC-0003,2,295.21,0.0,PLN
SO-2026-000696,1,2026-01-26,2026-01-28,PL-WEB-01,C018970,VM-APP-0006,2,315.57,0.0,PLN
SO-2026-000697,1,2026-01-26,2026-01-28,PL-WEB-01,C006796,VM-APP-0013,1,447.91,0.05,PLN
SO-2026-000697,2,2026-01-26,2026-01-28,PL-WEB-01,C006796,VM-APP-0020,1,183.23,0.3,PLN
SO-2026-000697,3,2026-01-26,2026-01-28,PL-WEB-01,C006796,VM-APP-0004,1,244.31,0.3,PLN
SO-2026-000698,1,2026-01-26,2026-01-30,PL-WEB-01,C019708,VM-APP-0002,2,447.91,0.0,PLN
SO-2026-000698,2,2026-01-26,2026-01-30,PL-WEB-01,C019708,VM-NUT-0001,11,9.15,0.0,PLN
SO-2026-000698,3,2026-01-26,2026-01-30,PL-WEB-01,C019708,VM-APP-0007,1,162.87,0.3,PLN
SO-2026-000698,4,2026-01-26,2026-01-30,PL-WEB-01,C019708,VM-NUT-0002,15,15.26,0.0,PLN
SO-2026-000699,1,2026-01-26,2026-01-29,PL-WEB-01,C009068,VM-CMP-0015,2,936.55,0.0,PLN
SO-2026-000700,1,2026-01-26,2026-01-30,PL-WEB-01,C015463,VM-EBK-0002,1,10129.09,0.0,PLN
SO-2026-000701,1,2026-01-26,2026-01-30,PL-WEB-01,C013264,VM-ACC-0017,2,59.03,0.05,PLN
SO-2026-000701,2,2026-01-26,2026-01-30,PL-WEB-01,C013264,VM-ACC-0006,2,967.09,0.05,PLN
SO-2026-000702,1,2026-01-26,2026-01-27,PL-WEB-01,C019709,VM-ACC-0022,1,1598.25,0.0,PLN
SO-2026-000702,2,2026-01-26,2026-01-27,PL-WEB-01,C019709,VM-CMP-0005,1,1506.63,0.0,PLN
SO-2026-000702,3,2026-01-26,2026-01-27,PL-WEB-01,C019709,VM-ACC-0008,2,407.19,0.0,PLN
SO-2026-000703,1,2026-01-26,2026-01-29,PL-MKT-01,C019710,VM-CMP-0005,1,1506.63,0.0,PLN
SO-2026-000704,1,2026-01-26,2026-01-30,PL-MKT-01,C019711,VM-BIK-0009,1,5741.51,0.0,PLN
SO-2026-000705,1,2026-01-26,2026-01-30,PL-MKT-01,C019712,VM-ACC-0001,1,386.83,0.0,PLN
SO-2026-000706,1,2026-01-26,2026-01-28,PL-MKT-01,C019713,VM-CMP-0022,3,36.64,0.0,PLN
SO-2026-000706,2,2026-01-26,2026-01-28,PL-MKT-01,C019713,VM-ACC-0003,2,295.21,0.0,PLN
SO-2026-000707,1,2026-01-26,2026-01-28,PL-MKT-01,C019714,VM-APP-0002,2,447.91,0.0,PLN
SO-2026-000708,1,2026-01-26,2026-01-27,PL-MKT-01,C019715,VM-ACC-0015,1,356.29,0.0,PLN
SO-2026-000709,1,2026-01-26,2026-01-26,CZ-PRG-01,C016631,VM-ACC-0014,1,649.0,0.0,CZK
SO-2026-000709,2,2026-01-26,2026-01-26,CZ-PRG-01,C016631,VM-CMP-0012,2,3187.0,0.0,CZK
SO-2026-000709,3,2026-01-26,2026-01-26,CZ-PRG-01,C016631,VM-ACC-0007,1,2124.0,0.0,CZK
SO-2026-000710,1,2026-01-26,2026-01-26,CZ-PRG-01,,VM-NUT-0004,8,41.0,0.0,CZK
SO-2026-000711,1,2026-01-26,2026-01-29,CZ-WEB-01,C015088,VM-APP-0002,3,2597.0,0.3,CZK
SO-2026-000711,2,2026-01-26,2026-01-29,CZ-WEB-01,C015088,VM-NUT-0009,3,502.0,0.0,CZK
SO-2026-000712,1,2026-01-26,2026-01-28,CZ-WEB-01,C019716,vm-nut-0002,14,88.0,0.0,CZK
SO-2026-000713,1,2026-01-26,2026-01-27,DE-WEB-01,C015704,VM-ACC-0008,2,95.79,0.1,EUR
SO-2026-000713,2,2026-01-26,2026-01-27,DE-WEB-01,C015704, VM-ACC-0021 ,1,186.79,0.05,EUR
SO-2026-000714,1,2026-01-26,2026-01-27,DE-WEB-01,C019704,VM-NUT-0009,2,20.35,0.1,EUR
SO-2026-000715,1,2026-01-26,2026-01-27,DE-WEB-01,C015724,VM-ACC-0018,1,11.97,0.0,EUR
SO-2026-000716,1,2026-01-26,2026-01-30,DE-WEB-01,C006551,VM-APP-0013,1,105.37,0.3,EUR
SO-2026-000717,1,2026-01-27,2026-01-27,PL-WAW-01,C010524,VM-CMP-0020,9,264.67,0.1,PLN
SO-2026-000717,2,2026-01-27,2026-01-27,PL-WAW-01,C010524,VM-BIK-0001,5,13936.41,0.1,PLN
SO-2026-000718,1,2026-01-27,2026-01-27,PL-WAW-01,C016375,VM-NUT-0004,11,7.12,0.05,PLN
SO-2026-000719,1,2026-01-27,2026-01-27,PL-WAW-01,C014228,VM-ACC-0008,1,407.19,0.1,PLN
SO-2026-000719,2,2026-01-27,2026-01-27,PL-WAW-01,C014228,VM-APP-0013,1,447.91,0.3,PLN
SO-2026-000720,1,2026-01-27,2026-01-27,PL-GDN-01,,VM-APP-0012,1,885.65,0.3,PLN
SO-2026-000721,1,2026-01-27,2026-01-27,PL-POZ-01,,VM-ACC-0018,2,50.89,0.0,PLN
SO-2026-000721,2,2026-01-27,2026-01-27,PL-POZ-01,,VM-NUT-0004,13,7.12,0.0,PLN
SO-2026-000721,3,2026-01-27,2026-01-27,PL-POZ-01,,VM-APP-0007,1,162.87,0.0,PLN
SO-2026-000721,4,2026-01-27,2026-01-27,PL-POZ-01,,VM-APP-0002,2,447.91,0.0,PLN
SO-2026-000722,1,2026-01-27,2026-01-27,PL-LDZ-01,C019717,VM-APP-0006,1,315.57,0.3,PLN
SO-2026-000723,1,2026-01-27,2026-01-27,PL-LDZ-01,C019263,VM-NUT-0011,1,54.96,0.0,PLN
SO-2026-000723,2,2026-01-27,2026-01-27,PL-LDZ-01,C019263,VM-APP-0006,1,315.57,0.3,PLN
SO-2026-000723,3,2026-01-27,2026-01-27,PL-LDZ-01,C019263,VM-ACC-0010,2,254.49,0.0,PLN
SO-2026-000723,4,2026-01-27,2026-01-27,PL-LDZ-01,C019263,VM-CMP-0015,1,936.55,0.1,PLN
SO-2026-000724,1,2026-01-27,2026-01-28,PL-WEB-01,C019718,VM-CMP-0009,2,356.29,0.0,PLN
SO-2026-000725,1,2026-01-27,2026-01-29,PL-WEB-01,C008619,VM-APP-0017,1,193.41,0.05,PLN
SO-2026-000726,1,2026-01-27,2026-01-30,PL-WEB-01,C019719,VM-ACC-0019,3,50.89,0.1,PLN
SO-2026-000726,2,2026-01-27,2026-01-30,PL-WEB-01,C019719,VM-CMP-0013,2,539.53,0.0,PLN
SO-2026-000727,1,2026-01-27,2026-01-31,PL-WEB-01,C019720,VM-NUT-0006,5,10.17,0.0,PLN
SO-2026-000727,2,2026-01-27,2026-01-31,PL-WEB-01,C019720,VM-APP-0010,2,173.05,0.0,PLN
SO-2026-000728,1,2026-01-27,2026-01-29,PL-WEB-01,C019721,VM-BIK-0012,5,12022.57,0.1,PLN
SO-2026-000729,1,2026-01-27,2026-01-30,PL-WEB-01,C019722,VM-ACC-0008,1,407.19,0.0,PLN
SO-2026-000730,1,2026-01-27,2026-01-29,PL-WEB-01,C019723,VM-ACC-0011,1,73.29,0.0,PLN
SO-2026-000731,1,2026-01-27,2026-01-31,PL-WEB-01,C013966,VM-ACC-0008,2,407.19,0.05,PLN
SO-2026-000731,2,2026-01-27,2026-01-31,PL-WEB-01,C013966,VM-NUT-0004,13,7.12,0.05,PLN
SO-2026-000731,3,2026-01-27,2026-01-31,PL-WEB-01,C013966,VM-APP-0008,1,162.87,0.3,PLN
SO-2026-000732,1,2026-01-27,2026-01-29,PL-MKT-01,C008139,VM-NUT-0004,15,7.12,0.05,PLN
SO-2026-000733,1,2026-01-27,2026-01-27,CZ-BRN-01,C017237,vm-acc-0008,1,2361.0,0.0,CZK
SO-2026-000733,2,2026-01-27,2026-01-27,CZ-BRN-01,C017237,VM-APP-0019,2,389.0,0.3,CZK
SO-2026-000734,1,2026-01-27,2026-01-27,CZ-BRN-01,C019724,VM-APP-0010,2,1003.0,0.0,CZK
SO-2026-000735,1,2026-01-27,2026-01-31,CZ-WEB-01,C017526,VM-CMP-0017,1,2951.0,0.0,CZK
SO-2026-000735,2,2026-01-27,2026-01-31,CZ-WEB-01,C017526,VM-ACC-0003,1,1711.0,0.0,CZK
SO-2026-000735,3,2026-01-27,2026-01-31,CZ-WEB-01,C017526,VM-APP-0012,1,5134.0,0.3,CZK
SO-2026-000735,4,2026-01-27,2026-01-31,CZ-WEB-01,C017526,VM-CMP-0011,2,944.0,0.0,CZK
SO-2026-000736,1,2026-01-27,2026-01-28,CZ-WEB-01,C013676,VM-NUT-0008,55,59.0,0.12,CZK
SO-2026-000737,1,2026-01-27,2026-01-30,CZ-WEB-01,C014168,VM-CMP-0019,3,1239.0,0.05,CZK
SO-2026-000738,1,2026-01-27,2026-01-30,DE-WEB-01,C019725,VM-APP-0010,2,40.71,0.0,EUR
SO-2026-000738,2,2026-01-27,2026-01-30,DE-WEB-01,C019725,VM-NUT-0004,3,1.67,0.0,EUR
SO-2026-000739,1,2026-01-27,2026-01-29,DE-WEB-01,C017800,VM-BIK-0004,1,1022.55,0.05,EUR
SO-2026-000739,2,2026-01-27,2026-01-29,DE-WEB-01,C017800,VM-ACC-0008,2,95.79,0.05,EUR
SO-2026-000739,3,2026-01-27,2026-01-29,DE-WEB-01,C017800,VM-ACC-0014,1,26.34,0.05,EUR
SO-2026-000740,1,2026-01-28,2026-01-28,PL-WAW-01,,VM-CMP-0005,2,1506.63,0.0,PLN
SO-2026-000740,2,2026-01-28,2026-01-28,PL-WAW-01,,VM-APP-0013,1,447.91,0.0,PLN
SO-2026-000740,3,2026-01-28,2026-01-28,PL-WAW-01,,VM-APP-0010,1,173.05,0.3,PLN
SO-2026-000740,4,2026-01-28,2026-01-28,PL-WAW-01,,VM-BIK-0017,1,1944.37,0.0,PLN
SO-2026-000741,1,2026-01-28,2026-01-28,PL-WAW-01,C015183,VM-APP-0010,1,173.05,0.0,PLN
SO-2026-000741,2,2026-01-28,2026-01-28,PL-WAW-01,C015183,VM-ACC-0021,1,794.03,0.0,PLN
SO-2026-000742,1,2026-01-28,2026-01-28,PL-WAW-01,,VM-NUT-0006,10,10.17,0.0,PLN
SO-2026-000742,2,2026-01-28,2026-01-28,PL-WAW-01,,VM-APP-0002,3,447.91,0.3,PLN
SO-2026-000742,3,2026-01-28,2026-01-28,PL-WAW-01,,VM-ACC-0008,2,407.19,0.0,PLN
SO-2026-000743,1,2026-01-28,2026-01-28,PL-WAW-01,,VM-APP-0010,1,173.05,0.3,PLN
SO-2026-000743,2,2026-01-28,2026-01-28,PL-WAW-01,,VM-NUT-0009,3,86.52,0.0,PLN
SO-2026-000743,3,2026-01-28,2026-01-28,PL-WAW-01,,VM-APP-0020,1,183.23,0.3,PLN
SO-2026-000744,1,2026-01-28,2026-01-28,PL-WAW-02,C019712,VM-ACC-0009,2,407.19,0.05,PLN
SO-2026-000745,1,2026-01-28,2026-01-28,PL-WAW-02,,VM-APP-0008,1,162.87,0.3,PLN
SO-2026-000745,2,2026-01-28,2026-01-28,PL-WAW-02,,VM-BIK-0011,1,8805.69,0.0,PLN
SO-2026-000746,1,2026-01-28,2026-01-28,PL-WAW-02,,VM-BIK-0009,1,5741.51,0.0,PLN
SO-2026-000747,1,2026-01-28,2026-01-28,PL-KRK-01,C005118,VM-APP-0007,1,162.87,0.3,PLN
SO-2026-000748,1,2026-01-28,2026-01-28,PL-KRK-01,C001083,VM-ACC-0003,1,295.21,0.05,PLN
SO-2026-000749,1,2026-01-28,2026-01-28,PL-KRK-01,C015888,VM-NUT-0001,45,9.15,0.12,PLN
SO-2026-000749,2,2026-01-28,2026-01-28,PL-KRK-01,C015888,VM-NUT-0004,33,7.12,0.12,PLN
SO-2026-000750,1,2026-01-28,2026-01-28,PL-LDZ-01,,VM-CMP-0014,2,437.73,0.0,PLN
SO-2026-000751,1,2026-01-28,2026-01-28,PL-LDZ-01,C019726,VM-NUT-0003,10,11.19,0.05,PLN
SO-2026-000752,1,2026-01-28,2026-01-28,PL-LDZ-01,C019727,VM-EBK-0003,1,9253.61,0.0,PLN
SO-2026-000752,2,2026-01-28,2026-01-28,PL-LDZ-01,C019727,VM-ACC-0007,1,366.47,0.0,PLN
SO-2026-000753,1,2026-01-28,2026-01-28,PL-LDZ-01,C018115,VM-ACC-0017,2,59.03,0.0,PLN
SO-2026-000754,1,2026-01-28,2026-01-29,PL-WEB-01,C019728,VM-APP-0002,8,447.91,0.1,PLN
SO-2026-000755,1,2026-01-28,2026-01-30,PL-WEB-01,C019729,VM-NUT-0004,15,7.12,0.0,PLN
SO-2026-000756,1,2026-01-28,2026-01-30,PL-WEB-01,C019730,VM-APP-0005,1,183.23,0.1,PLN
SO-2026-000757,1,2026-01-28,2026-01-30,PL-WEB-01,C019731,VM-NUT-0003,5,11.19,0.0,PLN
SO-2026-000757,2,2026-01-28,2026-01-30,PL-WEB-01,C019731,VM-ACC-0002,1,620.97,0.0,PLN
SO-2026-000757,3,2026-01-28,2026-01-30,PL-WEB-01,C019731,VM-NUT-0001,4,9.15,0.0,PLN
SO-2026-000758,1,2026-01-28,2026-01-31,PL-WEB-01,C004357,VM-APP-0013,1,447.91,0.3,PLN
SO-2026-000758,2,2026-01-28,2026-01-31,PL-WEB-01,C004357,VM-ACC-0017,1,59.03,0.05,PLN
SO-2026-000759,1,2026-01-28,2026-01-29,PL-WEB-01,C001491,VM-APP-0007,1,162.87,0.05,PLN
SO-2026-000760,1,2026-01-28,2026-01-30,PL-WEB-01,C019732,VM-APP-0015,1,580.25,0.3,PLN
SO-2026-000761,1,2026-01-28,2026-02-01,PL-WEB-01,C009843,VM-NUT-0006,8,10.17,0.05,PLN
SO-2026-000761,2,2026-01-28,2026-02-01,PL-WEB-01,C009843,VM-ACC-0017,1,59.03,0.05,PLN
SO-2026-000762,1,2026-01-28,2026-01-30,PL-MKT-01,C019733,VM-APP-0020,2,183.23,0.3,PLN
SO-2026-000763,1,2026-01-28,2026-01-29,PL-MKT-01,C011725,VM-ACC-0010,1,254.49,0.0,PLN
SO-2026-000763,2,2026-01-28,2026-01-29,PL-MKT-01,C011725,VM-BIK-0019,1,1231.77,0.0,PLN
SO-2026-000763,3,2026-01-28,2026-01-29,PL-MKT-01,C011725,VM-ACC-0023,1,946.73,0.0,PLN
SO-2026-000764,1,2026-01-28,2026-01-31,PL-MKT-01,C019734,VM-ACC-0020,1,824.57,0.0,PLN
SO-2026-000765,1,2026-01-28,2026-01-31,PL-MKT-01,C014787,VM-APP-0010,1,173.05,0.3,PLN
SO-2026-000765,2,2026-01-28,2026-01-31,PL-MKT-01,C014787,VM-NUT-0006,11,10.17,0.0,PLN
SO-2026-000766,1,2026-01-28,2026-01-31,PL-MKT-01,C018605,VM-NUT-0009,1,86.52,0.0,PLN
SO-2026-000766,2,2026-01-28,2026-01-31,PL-MKT-01,C018605,VM-APP-0014,1,498.81,0.0,PLN
SO-2026-000766,3,2026-01-28,2026-01-31,PL-MKT-01,C018605,VM-CMP-0005,2,1506.63,0.0,PLN
SO-2026-000766,4,2026-01-28,2026-01-31,PL-MKT-01,C018605,VM-BIK-0011,1,8805.69,0.0,PLN
SO-2026-000767,1,2026-01-28,2026-01-28,CZ-PRG-01,C019735,VM-CMP-0013,1,3128.0,0.0,CZK
SO-2026-000768,1,2026-01-28,2026-01-28,CZ-PRG-01,C019190, VM-ACC-0011 ,2,425.0,0.0,CZK
SO-2026-000769,1,2026-01-28,2026-01-31,CZ-WEB-01,C019378,VM-NUT-0004,7,41.0,0.05,CZK
SO-2026-000769,2,2026-01-28,2026-01-31,CZ-WEB-01,C019378,VM-ACC-0018,3,295.0,0.0,CZK
SO-2026-000769,3,2026-01-28,2026-01-31,CZ-WEB-01,C019378,VM-BIK-0013,1,28327.0,0.0,CZK
SO-2026-000769,4,2026-01-28,2026-01-31,CZ-WEB-01,C019378,VM-NUT-0008,7,59.0,0.0,CZK
SO-2026-000770,1,2026-01-28,2026-01-30,CZ-WEB-01,C019736,VM-APP-0012,1,5134.0,0.3,CZK
SO-2026-000770,2,2026-01-28,2026-01-30,CZ-WEB-01,C019736,VM-NUT-0008,3,59.0,0.0,CZK
SO-2026-000770,3,2026-01-28,2026-01-30,CZ-WEB-01,C019736,VM-CMP-0009,1,2065.0,0.0,CZK
SO-2026-000770,4,2026-01-28,2026-01-30,CZ-WEB-01,C019736,VM-APP-0006,2,1829.0,0.3,CZK
SO-2026-000771,1,2026-01-28,2026-01-30,CZ-WEB-01,C019737,VM-APP-0008,1,944.0,0.3,CZK
SO-2026-000771,2,2026-01-28,2026-01-30,CZ-WEB-01,C019737,VM-CMP-0021,2,283.0,0.05,CZK
SO-2026-000771,3,2026-01-28,2026-01-30,CZ-WEB-01,C019737,VM-APP-0012,1,5134.0,0.3,CZK
SO-2026-000772,1,2026-01-28,2026-01-29,CZ-WEB-01,C019738,VM-ACC-0012,3,425.0,0.12,CZK
SO-2026-000772,2,2026-01-28,2026-01-29,CZ-WEB-01,C019738,VM-APP-0010,8,1003.0,0.3,CZK
SO-2026-000772,3,2026-01-28,2026-01-29,CZ-WEB-01,C019738,VM-ACC-0003,10,1711.0,0.12,CZK
SO-2026-000772,4,2026-01-28,2026-01-29,CZ-WEB-01,C019738,VM-NUT-0008,14,59.0,0.12,CZK
SO-2026-000773,1,2026-01-28,2026-01-29,DE-WEB-01,C016682,VM-CMP-0002,1,134.1,0.05,EUR
SO-2026-000773,2,2026-01-28,2026-01-29,DE-WEB-01,C016682,VM-ACC-0002,1,146.08,0.1,EUR
SO-2026-000773,3,2026-01-28,2026-01-29,DE-WEB-01,C016682,VM-ACC-0020,1,193.97,0.05,EUR
SO-2026-000774,1,2026-01-28,2026-01-29,DE-WEB-01,C019739,VM-ACC-0018,2,11.97,0.0,EUR
SO-2026-000774,2,2026-01-28,2026-01-29,DE-WEB-01,C019739,VM-NUT-0002,4,3.59,0.0,EUR
SO-2026-000774,3,2026-01-28,2026-01-29,DE-WEB-01,C019739,VM-ACC-0015,1,83.81,0.0,EUR
SO-2026-000775,1,2026-01-29,2026-01-29,PL-KRK-01,C019740,vm-nut-0003,9,11.19,0.0,PLN
SO-2026-000775,2,2026-01-29,2026-01-29,PL-KRK-01,C019740,VM-EBK-0009,1,10088.37,0.0,PLN
SO-2026-000776,1,2026-01-29,2026-01-29,PL-WRO-01,C015634,VM-APP-0008,2,162.87,0.0,PLN
SO-2026-000777,1,2026-01-29,2026-01-29,PL-WRO-01,,VM-CMP-0005,1,1506.63,0.0,PLN
SO-2026-000778,1,2026-01-29,2026-01-29,PL-GDN-01,C019741,VM-APP-0012,1,885.65,0.3,PLN
SO-2026-000778,2,2026-01-29,2026-01-29,PL-GDN-01,C019741,VM-CMP-0005,2,1506.63,0.0,PLN
SO-2026-000779,1,2026-01-29,2026-01-29,PL-POZ-01,C005263,VM-APP-0013,1,447.91,0.3,PLN
SO-2026-000779,2,2026-01-29,2026-01-29,PL-POZ-01,C005263,VM-ACC-0014,1,111.97,0.0,PLN
SO-2026-000779,3,2026-01-29,2026-01-29,PL-POZ-01,C005263,VM-ACC-0005,2,183.23,0.0,PLN
SO-2026-000780,1,2026-01-29,2026-01-29,PL-POZ-01,C019436,VM-APP-0012,1,885.65,0.0,PLN
SO-2026-000780,2,2026-01-29,2026-01-29,PL-POZ-01,C019436,VM-ACC-0021,1,794.03,0.0,PLN
SO-2026-000780,3,2026-01-29,2026-01-29,PL-POZ-01,C019436,VM-ACC-0017,3,59.03,0.1,PLN
SO-2026-000780,4,2026-01-29,2026-01-29,PL-POZ-01,C019436,VM-APP-0008,1,162.87,0.0,PLN
SO-2026-000781,1,2026-01-29,2026-02-02,PL-WEB-01,C018869,VM-APP-0012,1,885.65,0.3,PLN
SO-2026-000782,1,2026-01-29,2026-02-02,PL-WEB-01,C018739,VM-CMP-0017,8,508.99,0.1,PLN
SO-2026-000783,1,2026-01-29,2026-02-02,PL-WEB-01,C019263,VM-CMP-0017,2,508.99,0.0,PLN
SO-2026-000784,1,2026-01-29,2026-01-30,PL-MKT-01,C018884,VM-ACC-0014,1,111.97,0.0,PLN
SO-2026-000785,1,2026-01-29,2026-01-31,PL-MKT-01,C019217,VM-CMP-0006,2,203.59,0.05,PLN
SO-2026-000786,1,2026-01-29,2026-02-02,PL-MKT-01,C019742,VM-APP-0020,1,183.23,0.05,PLN
SO-2026-000787,1,2026-01-29,2026-01-30,PL-MKT-01,C019270,VM-APP-0010,2,173.05,0.3,PLN
SO-2026-000788,1,2026-01-29,2026-01-30,PL-MKT-01,C018815,VM-ACC-0008,2,407.19,0.0,PLN
SO-2026-000789,1,2026-01-29,2026-01-29,CZ-PRG-01,,VM-APP-0012,1,5134.0,0.3,CZK
SO-2026-000789,2,2026-01-29,2026-01-29,CZ-PRG-01,,VM-ACC-0022,1,9265.0,0.0,CZK
SO-2026-000790,1,2026-01-29,2026-01-29,CZ-PRG-01,,VM-EBK-0003,1,53644.0,0.0,CZK
SO-2026-000791,1,2026-01-29,2026-01-29,CZ-PRG-01,C019743,VM-APP-0002,2,2597.0,0.3,CZK
SO-2026-000792,1,2026-01-29,2026-01-29,CZ-PRG-01,C017317,VM-ACC-0008,2,2361.0,0.1,CZK
SO-2026-000793,1,2026-01-29,2026-01-29,CZ-PRG-01,,VM-NUT-0008,8,59.0,0.0,CZK
SO-2026-000793,2,2026-01-29,2026-01-29,CZ-PRG-01,,VM-NUT-0002,7,88.0,0.0,CZK
SO-2026-000794,1,2026-01-29,2026-01-29,CZ-BRN-01,C014291,VM-NUT-0002,5,88.0,0.0,CZK
SO-2026-000795,1,2026-01-29,2026-01-29,CZ-BRN-01,C005699,VM-NUT-0004,14,41.0,0.0,CZK
SO-2026-000796,1,2026-01-29,2026-01-30,CZ-WEB-01,C012804,VM-EBK-0009,1,58483.0,0.0,CZK
SO-2026-000796,2,2026-01-29,2026-01-30,CZ-WEB-01,C012804,VM-ACC-0001,1,2242.0,0.0,CZK
SO-2026-000797,1,2026-01-29,2026-01-29,DE-BER-01,C015150,VM-CMP-0002,10,134.1,0.1,EUR
SO-2026-000798,1,2026-01-30,2026-01-30,PL-WAW-01,C005290, VM-ACC-0007 ,1,366.47,0.0,PLN
SO-2026-000798,2,2026-01-30,2026-01-30,PL-WAW-01,C005290,VM-APP-0010,2,173.05,0.3,PLN
SO-2026-000799,1,2026-01-30,2026-01-30,PL-WAW-01,C019261,VM-NUT-0003,5,11.19,0.0,PLN
SO-2026-000800,1,2026-01-30,2026-01-30,PL-WAW-02,C011504,VM-APP-0003,2,315.57,0.3,PLN
SO-2026-000800,2,2026-01-30,2026-01-30,PL-WAW-02,C011504,VM-CMP-0020,4,264.67,0.0,PLN
SO-2026-000800,3,2026-01-30,2026-01-30,PL-WAW-02,C011504,VM-CMP-0008,2,447.91,0.0,PLN
SO-2026-000801,1,2026-01-30,2026-01-30,PL-WAW-02,,VM-BIK-0017,1,1944.37,0.0,PLN
SO-2026-000801,2,2026-01-30,2026-01-30,PL-WAW-02,,VM-CMP-0009,2,356.29,0.0,PLN
SO-2026-000802,1,2026-01-30,2026-01-30,PL-KRK-01,C018073,VM-APP-0008,2,162.87,0.0,PLN
SO-2026-000803,1,2026-01-30,2026-01-30,PL-KRK-01,,VM-ACC-0018,2,50.89,0.0,PLN
SO-2026-000803,2,2026-01-30,2026-01-30,PL-KRK-01,,VM-APP-0003,2,315.57,0.0,PLN
SO-2026-000803,3,2026-01-30,2026-01-30,PL-KRK-01,,VM-ACC-0008,2,407.19,0.0,PLN
SO-2026-000803,4,2026-01-30,2026-01-30,PL-KRK-01,,VM-APP-0010,1,173.05,0.3,PLN
SO-2026-000804,1,2026-01-30,2026-01-30,PL-WRO-01,C019744,VM-NUT-0004,11,7.12,0.0,PLN
SO-2026-000805,1,2026-01-30,2026-01-30,PL-LDZ-01,C015711,VM-ACC-0019,4,50.89,0.08,PLN
SO-2026-000805,2,2026-01-30,2026-01-30,PL-LDZ-01,C015711,VM-ACC-0012,4,73.29,0.08,PLN
SO-2026-000805,3,2026-01-30,2026-01-30,PL-LDZ-01,C015711,VM-APP-0012,5,885.65,0.3,PLN
SO-2026-000806,1,2026-01-30,2026-02-01,PL-WEB-01,C014428,VM-NUT-0004,14,7.12,0.0,PLN
SO-2026-000807,1,2026-01-30,2026-02-03,PL-WEB-01,C009520,VM-EBK-0007,1,14964.59,0.05,PLN
SO-2026-000808,1,2026-01-30,2026-02-03,PL-WEB-01,C004866,VM-ACC-0020,1,824.57,0.05,PLN
SO-2026-000808,2,2026-01-30,2026-02-03,PL-WEB-01,C004866,VM-APP-0015,1,580.25,0.05,PLN
SO-2026-000809,1,2026-01-30,2026-02-01,PL-WEB-01,C019745,VM-NUT-0011,2,54.96,0.0,PLN
SO-2026-000810,1,2026-01-30,2026-01-31,PL-WEB-01,C007722,VM-CMP-0019,3,213.77,0.05,PLN
SO-2026-000811,1,2026-01-30,2026-01-31,PL-WEB-01,C019746,VM-ACC-0021,1,794.03,0.0,PLN
SO-2026-000811,2,2026-01-30,2026-01-31,PL-WEB-01,C019746,VM-ACC-0007,2,366.47,0.0,PLN
SO-2026-000812,1,2026-01-30,2026-02-02,PL-WEB-01,C014347,VM-APP-0019,2,67.18,0.3,PLN
SO-2026-000812,2,2026-01-30,2026-02-02,PL-WEB-01,C014347,VM-ACC-0015,1,356.29,0.0,PLN
SO-2026-000813,1,2026-01-30,2026-02-02,PL-MKT-01,C012819,VM-BIK-0017,1,1944.37,0.0,PLN
SO-2026-000813,2,2026-01-30,2026-02-02,PL-MKT-01,C012819,VM-ACC-0018,2,50.89,0.0,PLN
SO-2026-000814,1,2026-01-30,2026-02-01,PL-MKT-01,C007113,VM-APP-0008,1,162.87,0.3,PLN
SO-2026-000814,2,2026-01-30,2026-02-01,PL-MKT-01,C007113,VM-ACC-0008,1,407.19,0.0,PLN
SO-2026-000814,3,2026-01-30,2026-02-01,PL-MKT-01,C007113,VM-NUT-0002,4,15.26,0.0,PLN
SO-2026-000814,4,2026-01-30,2026-02-01,PL-MKT-01,C007113,VM-NUT-0001,7,9.15,0.0,PLN
SO-2026-000815,1,2026-01-30,2026-02-03,PL-MKT-01,C006574,VM-ACC-0019,2,50.89,0.0,PLN
SO-2026-000816,1,2026-01-30,2026-01-31,PL-MKT-01,C019747,VM-ACC-0020,1,824.57,0.05,PLN
SO-2026-000817,1,2026-01-30,2026-01-31,PL-MKT-01,C013690,VM-CMP-0006,1,203.59,0.0,PLN
SO-2026-000817,2,2026-01-30,2026-01-31,PL-MKT-01,C013690,VM-APP-0006,2,315.57,0.3,PLN
SO-2026-000817,3,2026-01-30,2026-01-31,PL-MKT-01,C013690,VM-NUT-0004,8,7.12,0.0,PLN
SO-2026-000818,1,2026-01-30,2026-01-30,CZ-BRN-01,C019748,VM-APP-0020,2,1062.0,0.3,CZK
SO-2026-000819,1,2026-01-30,2026-02-02,DE-WEB-01,C011908,VM-APP-0002,2,105.37,0.0,EUR
SO-2026-000820,1,2026-01-31,2026-01-31,PL-WAW-01,,VM-CMP-0007,1,641.33,0.0,PLN
SO-2026-000821,1,2026-01-31,2026-01-31,PL-WAW-01,C015095,VM-ACC-0003,1,295.21,0.0,PLN
SO-2026-000822,1,2026-01-31,2026-01-31,PL-WAW-01,C014082,VM-ACC-0010,1,254.49,0.05,PLN
SO-2026-000823,1,2026-01-31,2026-01-31,PL-WAW-02,C019749,VM-EBK-0003,1,9253.61,0.0,PLN
SO-2026-000824,1,2026-01-31,2026-01-31,PL-WAW-02,,VM-ACC-0020,1,824.57,0.0,PLN
SO-2026-000824,2,2026-01-31,2026-01-31,PL-WAW-02,,VM-CMP-0013,1,539.53,0.0,PLN
SO-2026-000825,1,2026-01-31,2026-01-31,PL-WAW-02,C017168,VM-ACC-0021,1,794.03,0.0,PLN
SO-2026-000826,1,2026-01-31,2026-01-31,PL-KRK-01,C012827,VM-NUT-0009,8,86.52,0.1,PLN
SO-2026-000826,2,2026-01-31,2026-01-31,PL-KRK-01,C012827,VM-ACC-0014,5,111.97,0.08,PLN
SO-2026-000826,3,2026-01-31,2026-01-31,PL-KRK-01,C012827,VM-BIK-0016,3,3654.61,0.12,PLN
SO-2026-000826,4,2026-01-31,2026-01-31,PL-KRK-01,C012827,VM-APP-0002,4,447.91,0.1,PLN
SO-2026-000827,1,2026-01-31,2026-01-31,PL-KRK-01,C002792,VM-APP-0004,3,244.31,0.0,PLN
SO-2026-000827,2,2026-01-31,2026-01-31,PL-KRK-01,C002792,VM-NUT-0006,4,10.17,0.0,PLN
SO-2026-000828,1,2026-01-31,2026-01-31,PL-KRK-01,, VM-APP-0012 ,1,885.65,0.0,PLN
SO-2026-000828,2,2026-01-31,2026-01-31,PL-KRK-01,,vm-acc-0008,1,407.19,0.0,PLN
SO-2026-000829,1,2026-01-31,2026-01-31,PL-KRK-01,C014351,VM-ACC-0002,1,620.97,0.05,PLN
SO-2026-000830,1,2026-01-31,2026-01-31,PL-WRO-01,C013075,VM-CMP-0009,1,356.29,0.0,PLN
SO-2026-000831,1,2026-01-31,2026-01-31,PL-WRO-01,C012014,VM-NUT-0002,11,15.26,0.0,PLN
SO-2026-000831,2,2026-01-31,2026-01-31,PL-WRO-01,C012014,VM-EBK-0004,1,11279.43,0.0,PLN
SO-2026-000831,3,2026-01-31,2026-01-31,PL-WRO-01,C012014, VM-ACC-0007 ,2,366.47,0.0,PLN
SO-2026-000832,1,2026-01-31,2026-01-31,PL-WRO-01,C014155,VM-NUT-0006,12,10.17,0.0,PLN
SO-2026-000832,2,2026-01-31,2026-01-31,PL-WRO-01,C014155,VM-APP-0017,2,193.41,0.3,PLN
SO-2026-000832,3,2026-01-31,2026-01-31,PL-WRO-01,C014155,VM-APP-0020,2,183.23,0.3,PLN
SO-2026-000833,1,2026-01-31,2026-01-31,PL-WRO-01,,VM-CMP-0015,1,936.55,0.0,PLN
SO-2026-000833,2,2026-01-31,2026-01-31,PL-WRO-01,,VM-NUT-0002,11,15.26,0.0,PLN
SO-2026-000834,1,2026-01-31,2026-01-31,PL-WRO-01,C015751,VM-CMP-0008,2,447.91,0.0,PLN
SO-2026-000835,1,2026-01-31,2026-01-31,PL-GDN-01,C017058,VM-APP-0010,1,173.05,0.0,PLN
SO-2026-000835,2,2026-01-31,2026-01-31,PL-GDN-01,C017058,VM-ACC-0008,1,407.19,0.0,PLN
SO-2026-000836,1,2026-01-31,2026-01-31,PL-POZ-01,,VM-ACC-0008,1,407.19,0.0,PLN
SO-2026-000836,2,2026-01-31,2026-01-31,PL-POZ-01,,VM-NUT-0006,7,10.17,0.0,PLN
SO-2026-000837,1,2026-01-31,2026-01-31,PL-POZ-01,,VM-ACC-0008,2,407.19,0.0,PLN
SO-2026-000838,1,2026-01-31,2026-01-31,PL-POZ-01,C019750,VM-BIK-0019,1,1231.77,0.0,PLN
SO-2026-000838,2,2026-01-31,2026-01-31,PL-POZ-01,C019750,VM-ACC-0008,2,407.19,0.05,PLN
SO-2026-000838,3,2026-01-31,2026-01-31,PL-POZ-01,C019750,VM-APP-0010,1,173.05,0.0,PLN
SO-2026-000838,4,2026-01-31,2026-01-31,PL-POZ-01,C019750,VM-ACC-0003,2,295.21,0.0,PLN
SO-2026-000839,1,2026-01-31,2026-01-31,PL-POZ-01,C004467,VM-ACC-0004,2,794.03,0.0,PLN
SO-2026-000840,1,2026-01-31,2026-01-31,PL-LDZ-01,C017796,VM-CMP-0009,1,356.29,0.05,PLN
SO-2026-000840,2,2026-01-31,2026-01-31,PL-LDZ-01,C017796,VM-ACC-0014,1,111.97,0.1,PLN
SO-2026-000841,1,2026-01-31,2026-02-04,PL-WEB-01,C016263,VM-NUT-0008,7,10.17,0.0,PLN
SO-2026-000842,1,2026-01-31,2026-02-03,PL-WEB-01,C019751,VM-APP-0010,1,173.05,0.3,PLN
SO-2026-000842,2,2026-01-31,2026-02-03,PL-WEB-01,C019751,VM-NUT-0001,8,9.15,0.0,PLN
SO-2026-000843,1,2026-01-31,2026-02-03,PL-WEB-01,C019752,VM-CMP-0016,2,2504.27,0.0,PLN
SO-2026-000843,2,2026-01-31,2026-02-03,PL-WEB-01,C019752,VM-APP-0020,2,183.23,0.3,PLN
SO-2026-000843,3,2026-01-31,2026-02-03,PL-WEB-01,C019752,VM-APP-0012,1,885.65,0.3,PLN
SO-2026-000844,1,2026-01-31,2026-02-03,PL-WEB-01,C006390,VM-NUT-0001,8,9.15,0.0,PLN
SO-2026-000844,2,2026-01-31,2026-02-03,PL-WEB-01,C006390,VM-BIK-0007,1,7176.89,0.0,PLN
SO-2026-000845,1,2026-01-31,2026-02-01,PL-MKT-01,C014224,VM-ACC-0021,1,794.03,0.0,PLN
SO-2026-000845,2,2026-01-31,2026-02-01,PL-MKT-01,C014224,VM-APP-0002,1,447.91,0.3,PLN
SO-2026-000845,3,2026-01-31,2026-02-01,PL-MKT-01,C014224,VM-NUT-0006,4,10.17,0.0,PLN
SO-2026-000846,1,2026-01-31,2026-02-02,PL-MKT-01,C018729,VM-NUT-0001,7,9.15,0.1,PLN
SO-2026-000846,2,2026-01-31,2026-02-02,PL-MKT-01,C018729, VM-ACC-0023 ,1,946.73,0.0,PLN
SO-2026-000847,1,2026-01-31,2026-01-31,CZ-BRN-01,,VM-NUT-0008,6,59.0,0.0,CZK
SO-2026-000848,1,2026-01-31,2026-01-31,CZ-BRN-01,C015745,VM-APP-0010,2,1003.0,0.3,CZK
SO-2026-000849,1,2026-01-31,2026-01-31,DE-BER-01,C019753,VM-APP-0010,1,40.71,0.0,EUR
SO-2026-000849,2,2026-01-31,2026-01-31,DE-BER-01,C019753,VM-NUT-0006,12,2.39,0.0,EUR
SO-2026-000849,3,2026-01-31,2026-01-31,DE-BER-01,C019753,VM-ACC-0014,1,26.34,0.0,EUR
SO-2026-000849,4,2026-01-31,2026-01-31,DE-BER-01,C019753,VM-NUT-0008,8,2.39,0.0,EUR
SO-2026-000850,1,2026-01-31,2026-02-02,DE-WEB-01,C008583,VM-BIK-0004,1,1022.55,0.0,EUR
SO-2026-000850,2,2026-01-31,2026-02-02,DE-WEB-01,C008583,VM-ACC-0011,2,17.24,0.0,EUR
SO-2026-000851,1,2026-01-31,2026-02-02,DE-WEB-01,C019754,VM-APP-0008,2,38.31,0.3,EUR
SO-2026-000851,2,2026-01-31,2026-02-02,DE-WEB-01,C019754,VM-APP-0010,1,40.71,0.3,EUR
SO-2026-000852,1,2026-01-31,2026-02-03,DE-WEB-01,C007034,VM-CMP-0015,1,220.31,0.05,EUR
SO-2026-000852,2,2026-01-31,2026-02-03,DE-WEB-01,C007034,VM-ACC-0022,1,375.97,0.05,EUR
SO-2026-000852,3,2026-01-31,2026-02-03,DE-WEB-01,C007034,VM-EBK-0003,1,2176.81,0.05,EUR
SO-2026-000853,1,2026-01-31,2026-02-04,DE-WEB-01,C016898,VM-ACC-0016,2,6.94,0.0,EUR
