OrderID,LineNo,OrderDate,ShipDate,StoreID,CustomerID,SKU,Quantity,UnitPrice,DiscountPct,Currency
SO-2024-000435,1,2024-01-18,2024-01-18,DE-BER-01,,VM-NUT-0002,7,3.33,0.05,EUR
SO-2024-000486,1,2024-01-20,2024-01-22,PL-WEB-01,C006728,VM-ACC-0017,3,56.83,0.0,PLN
SO-2024-000613,1,2024-01-27,2024-01-27,PL-GDN-01,C006775,VM-CMP-0014,2,421.39,0.0,PLN
SO-2024-000705,1,2024-01-30,2024-02-01,DE-WEB-01,C006813,vm-acc-0018,2,11.1,0.0,EUR
SO-2024-000729,1,2024-02-01,2024-02-01,PL-WAW-01,,VM-NUT-0006,12,9.79,0.0,PLN
SO-2024-000730,1,2024-02-01,2024-02-01,PL-WAW-01,C006818,VM-ACC-0008,2,391.99,0.0,PLN
SO-2024-000731,1,2024-02-01,2024-02-01,PL-WAW-02,C006819,VM-NUT-0010,2,34.29,0.0,PLN
SO-2024-000732,1,2024-02-01,2024-02-01,PL-WAW-02,C006820,VM-CMP-0009,1,342.99,0.0,PLN
SO-2024-000732,2,2024-02-01,2024-02-01,PL-WAW-02,C006820,VM-APP-0008,2,156.79,0.0,PLN
SO-2024-000733,1,2024-02-01,2024-02-01,PL-KRK-01,,VM-EBK-0003,1,8908.19,0.0,PLN
SO-2024-000734,1,2024-02-01,2024-02-01,PL-KRK-01,C006821,VM-ACC-0014,1,107.79,0.0,PLN
SO-2024-000734,2,2024-02-01,2024-02-01,PL-KRK-01,C006821,VM-CMP-0010,1,382.19,0.0,PLN
SO-2024-000735,1,2024-02-01,2024-02-01,PL-KRK-01,,VM-CMP-0002,2,548.79,0.0,PLN
SO-2024-000735,2,2024-02-01,2024-02-01,PL-KRK-01,,VM-ACC-0018,3,48.99,0.0,PLN
SO-2024-000736,1,2024-02-01,2024-02-01,PL-WRO-01,C006822,VM-APP-0015,1,558.59,0.0,PLN
SO-2024-000736,2,2024-02-01,2024-02-01,PL-WRO-01,C006822,VM-EBK-0003,1,8908.19,0.0,PLN
SO-2024-000736,3,2024-02-01,2024-02-01,PL-WRO-01,C006822,VM-CMP-0009,2,342.99,0.0,PLN
SO-2024-000737,1,2024-02-01,2024-02-01,PL-WRO-01,C002273,VM-ACC-0008,1,391.99,0.0,PLN
SO-2024-000738,1,2024-02-01,2024-02-01,PL-WRO-01,,VM-CMP-0012,2,529.19,0.0,PLN
SO-2024-000738,2,2024-02-01,2024-02-01,PL-WRO-01,,VM-CMP-0001,1,391.99,0.0,PLN
SO-2024-000738,3,2024-02-01,2024-02-01,PL-WRO-01,,VM-EBK-0007,1,14405.99,0.0,PLN
SO-2024-000738,4,2024-02-01,2024-02-01,PL-WRO-01,,VM-BIK-0021,1,1224.99,0.0,PLN
SO-2024-000739,1,2024-02-01,2024-02-01,PL-GDN-01,C006823,VM-CMP-0010,1,382.19,0.0,PLN
SO-2024-000740,1,2024-02-01,2024-02-01,PL-GDN-01,,VM-ACC-0008,2,391.99,0.0,PLN
SO-2024-000740,2,2024-02-01,2024-02-01,PL-GDN-01,,VM-CMP-0010,2,382.19,0.0,PLN
SO-2024-000741,1,2024-02-01,2024-02-01,PL-GDN-01,C004139,VM-ACC-0013,1,166.59,0.1,PLN
SO-2024-000742,1,2024-02-01,2024-02-01,PL-POZ-01,C001069,VM-BIK-0011,1,8476.99,0.0,PLN
SO-2024-000742,2,2024-02-01,2024-02-01,PL-POZ-01,C001069,VM-APP-0015,1,558.59,0.0,PLN
SO-2024-000743,1,2024-02-01,2024-02-04,PL-WEB-01,C006824,VM-APP-0002,2,431.19,0.0,PLN
SO-2024-000744,1,2024-02-01,2024-02-05,PL-WEB-01,C006825,VM-CMP-0016,1,2410.79,0.0,PLN
SO-2024-000744,2,2024-02-01,2024-02-05,PL-WEB-01,C006825,VM-NUT-0002,3,14.69,0.0,PLN
SO-2024-000745,1,2024-02-01,2024-02-04,PL-WEB-01,C006701,VM-NUT-0003,6,10.77,0.0,PLN
SO-2024-000745,2,2024-02-01,2024-02-04,PL-WEB-01,C006701,VM-BIK-0020,1,1185.79,0.0,PLN
SO-2024-000745,3,2024-02-01,2024-02-04,PL-WEB-01,C006701,VM-BIK-0004,1,4184.59,0.0,PLN
SO-2024-000745,4,2024-02-01,2024-02-04,PL-WEB-01,C006701,VM-ACC-0014,1,107.79,0.0,PLN
SO-2024-000746,1,2024-02-01,2024-02-04,PL-WEB-01,C004044,VM-BIK-0007,1,6908.99,0.0,PLN
SO-2024-000746,2,2024-02-01,2024-02-04,PL-WEB-01,C004044,VM-ACC-0012,1,70.55,0.05,PLN
SO-2024-000747,1,2024-02-01,2024-02-03,PL-WEB-01,C006826,VM-APP-0012,1,852.59,0.0,PLN
SO-2024-000747,2,2024-02-01,2024-02-03,PL-WEB-01,C006826,VM-CMP-0013,2,519.39,0.0,PLN
SO-2024-000748,1,2024-02-01,2024-02-03,PL-WEB-01,C004380,VM-NUT-0001,13,8.81,0.0,PLN
SO-2024-000749,1,2024-02-01,2024-02-05,PL-MKT-01,C004981,VM-CMP-0019,1,205.79,0.05,PLN
SO-2024-000749,2,2024-02-01,2024-02-05,PL-MKT-01,C004981,VM-CMP-0009,2,342.99,0.0,PLN
SO-2024-000749,3,2024-02-01,2024-02-05,PL-MKT-01,C004981,VM-ACC-0018,3,48.99,0.0,PLN
SO-2024-000750,1,2024-02-01,2024-02-05,PL-MKT-01,C004420,VM-NUT-0010,4,34.29,0.08,PLN
SO-2024-000751,1,2024-02-01,2024-02-05,PL-MKT-01,C006827,VM-CMP-0007,2,617.39,0.0,PLN
SO-2024-000752,1,2024-02-01,2024-02-01,CZ-PRG-01,,VM-BIK-0012,1,62460.0,0.0,CZK
SO-2024-000753,1,2024-02-01,2024-02-01,CZ-PRG-01,C006828,VM-ACC-0008,1,2115.0,0.0,CZK
SO-2024-000753,2,2024-02-01,2024-02-01,CZ-PRG-01,C006828,VM-NUT-0003,15,58.0,0.0,CZK
SO-2024-000754,1,2024-02-01,2024-02-01,CZ-PRG-01,C006829,VM-ACC-0008,1,2115.0,0.0,CZK
SO-2024-000754,2,2024-02-01,2024-02-01,CZ-PRG-01,C006829,VM-APP-0010,2,899.0,0.0,CZK
SO-2024-000755,1,2024-02-01,2024-02-01,CZ-PRG-01,C006435,VM-NUT-0001,12,48.0,0.0,CZK
SO-2024-000756,1,2024-02-01,2024-02-05,CZ-WEB-01,C006830,VM-CMP-0019,3,1111.0,0.0,CZK
SO-2024-000757,1,2024-02-01,2024-02-03,CZ-WEB-01,C006831,VM-ACC-0003,1,1534.0,0.0,CZK
SO-2024-000757,2,2024-02-01,2024-02-03,CZ-WEB-01,C006831,VM-ACC-0001,1,2010.0,0.0,CZK
SO-2024-000757,3,2024-02-01,2024-02-03,CZ-WEB-01,C006831,VM-APP-0019,1,349.0,0.0,CZK
SO-2024-000758,1,2024-02-01,2024-02-01,DE-BER-01,C006832,VM-ACC-0014,1,24.5,0.0,EUR
SO-2024-000758,2,2024-02-01,2024-02-01,DE-BER-01,C006832,vm-bik-0005,1,1650.26,0.0,EUR
SO-2024-000759,1,2024-02-01,2024-02-03,DE-WEB-01,C004664,VM-ACC-0012,1,16.03,0.0,EUR
SO-2024-000760,1,2024-02-01,2024-02-03,DE-WEB-01,C006667,VM-ACC-0014,1,24.5,0.0,EUR
SO-2024-000761,1,2024-02-01,2024-02-05,DE-WEB-01,C006833,VM-ACC-0004,2,173.71,0.0,EUR
SO-2024-000761,2,2024-02-01,2024-02-05,DE-WEB-01,C006833,vm-app-0002,1,97.99,0.0,EUR
SO-2024-000761,3,2024-02-01,2024-02-05,DE-WEB-01,C006833,VM-NUT-0010,1,7.79,0.0,EUR
SO-2024-000761,4,2024-02-01,2024-02-05,DE-WEB-01,C006833,VM-APP-0020,2,40.09,0.0,EUR
SO-2024-000762,1,2024-02-01,2024-02-02,DE-WEB-01,C006834,VM-APP-0019,2,14.7,0.0,EUR
SO-2024-000762,2,2024-02-01,2024-02-02,DE-WEB-01,C006834,VM-ACC-0017,1,12.91,0.0,EUR
SO-2024-000762,3,2024-02-01,2024-02-02,DE-WEB-01,C006834,VM-APP-0001,2,102.44,0.0,EUR
SO-2024-000763,1,2024-02-02,2024-02-02,PL-WAW-01,C000486,VM-CMP-0012,2,529.19,0.0,PLN
SO-2024-000764,1,2024-02-02,2024-02-02,PL-WAW-02,C005976,VM-NUT-0001,15,8.81,0.0,PLN
SO-2024-000765,1,2024-02-02,2024-02-02,PL-KRK-01,C006835,VM-ACC-0005,1,176.39,0.0,PLN
SO-2024-000766,1,2024-02-02,2024-02-02,PL-WRO-01,C003776,VM-CMP-0013,2,519.39,0.0,PLN
SO-2024-000766,2,2024-02-02,2024-02-02,PL-WRO-01,C003776,VM-CMP-0017,2,489.99,0.0,PLN
SO-2024-000766,3,2024-02-02,2024-02-02,PL-WRO-01,C003776,VM-ACC-0008,2,391.99,0.0,PLN
SO-2024-000767,1,2024-02-02,2024-02-02,PL-GDN-01,C006836,VM-APP-0006,1,303.79,0.0,PLN
SO-2024-000768,1,2024-02-02,2024-02-02,PL-POZ-01,C005172,VM-NUT-0003,4,10.77,0.0,PLN
SO-2024-000768,2,2024-02-02,2024-02-02,PL-POZ-01,C005172,VM-ACC-0014,1,107.79,0.0,PLN
SO-2024-000769,1,2024-02-02,2024-02-02,PL-POZ-01,,VM-ACC-0008,2,391.99,0.0,PLN
SO-2024-000769,2,2024-02-02,2024-02-02,PL-POZ-01,,VM-APP-0013,1,431.19,0.0,PLN
SO-2024-000769,3,2024-02-02,2024-02-02,PL-POZ-01,,VM-ACC-0018,2,48.99,0.0,PLN
SO-2024-000769,4,2024-02-02,2024-02-02,PL-POZ-01,,vm-cmp-0013,1,519.39,0.0,PLN
SO-2024-000770,1,2024-02-02,2024-02-06,PL-WEB-01,C005415,VM-CMP-0017,2,489.99,0.05,PLN
SO-2024-000771,1,2024-02-02,2024-02-05,PL-WEB-01,C006837,VM-EBK-0010,1,13220.19,0.05,PLN
SO-2024-000771,2,2024-02-02,2024-02-05,PL-WEB-01,C006837,VM-ACC-0017,3,56.83,0.05,PLN
SO-2024-000772,1,2024-02-02,2024-02-03,PL-WEB-01,C006838,VM-APP-0012,2,852.59,0.08,PLN
SO-2024-000773,1,2024-02-02,2024-02-05,PL-WEB-01,C004089,VM-ACC-0008,1,391.99,0.0,PLN
SO-2024-000773,2,2024-02-02,2024-02-05,PL-WEB-01,C004089,VM-NUT-0010,3,34.29,0.0,PLN
SO-2024-000773,3,2024-02-02,2024-02-05,PL-WEB-01,C004089,VM-APP-0018,2,127.39,0.0,PLN
SO-2024-000774,1,2024-02-02,2024-02-03,PL-WEB-01,C002083,VM-CMP-0013,2,519.39,0.0,PLN
SO-2024-000775,1,2024-02-02,2024-02-05,PL-MKT-01,C006839,VM-BIK-0012,1,11573.79,0.0,PLN
SO-2024-000776,1,2024-02-02,2024-02-06,PL-MKT-01,C003355,VM-APP-0002,1,431.19,0.05,PLN
SO-2024-000776,2,2024-02-02,2024-02-06,PL-MKT-01,C003355,VM-ACC-0008,1,391.99,0.05,PLN
SO-2024-000776,3,2024-02-02,2024-02-06,PL-MKT-01,C003355,VM-APP-0010,1,166.59,0.05,PLN
SO-2024-000777,1,2024-02-02,2024-02-02,CZ-PRG-01,C006840,VM-ACC-0008,1,2115.0,0.0,CZK
SO-2024-000777,2,2024-02-02,2024-02-02,CZ-PRG-01,C006840,VM-NUT-0007,12,69.0,0.0,CZK
SO-2024-000778,1,2024-02-02,2024-02-04,CZ-WEB-01,C006841,VM-EBK-0003,1,48074.0,0.0,CZK
SO-2024-000779,1,2024-02-02,2024-02-02,DE-BER-01,C001833,VM-BIK-0021,4,278.38,0.08,EUR
SO-2024-000779,2,2024-02-02,2024-02-02,DE-BER-01,C001833,VM-NUT-0005,15,2.0,0.08,EUR
SO-2024-000780,1,2024-02-02,2024-02-05,DE-WEB-01,C006842,vm-nut-0001,12,2.0,0.0,EUR
SO-2024-000780,2,2024-02-02,2024-02-05,DE-WEB-01,C006842,VM-ACC-0014,1,24.5,0.0,EUR
SO-2024-000781,1,2024-02-02,2024-02-05,DE-WEB-01,C000308,VM-BIK-0004,1,950.96,0.0,EUR
SO-2024-000781,2,2024-02-02,2024-02-05,DE-WEB-01,C000308,VM-EBK-0002,1,2215.93,0.0,EUR
SO-2024-000782,1,2024-02-02,2024-02-04,DE-WEB-01,C006551,VM-EBK-0007,1,3273.79,0.05,EUR
SO-2024-000782,2,2024-02-02,2024-02-04,DE-WEB-01,C006551,VM-ACC-0008,1,89.08,0.05,EUR
SO-2024-000782,3,2024-02-02,2024-02-04,DE-WEB-01,C006551,VM-ACC-0017,2,12.91,0.05,EUR
SO-2024-000782,4,2024-02-02,2024-02-04,DE-WEB-01,C006551,VM-ACC-0002,1,135.85,0.05,EUR
SO-2024-000783,1,2024-02-03,2024-02-03,PL-WAW-01,C006843,VM-CMP-0013,2,519.39,0.0,PLN
SO-2024-000783,2,2024-02-03,2024-02-03,PL-WAW-01,C006843,VM-NUT-0004,12,6.85,0.0,PLN
SO-2024-000784,1,2024-02-03,2024-02-03,PL-WAW-01,,VM-NUT-0001,6,8.81,0.0,PLN
SO-2024-000785,1,2024-02-03,2024-02-03,PL-WAW-01,C003461,VM-APP-0002,3,431.19,0.1,PLN
SO-2024-000785,2,2024-02-03,2024-02-03,PL-WAW-01,C003461,VM-NUT-0006,10,9.79,0.0,PLN
SO-2024-000786,1,2024-02-03,2024-02-03,PL-WAW-01,C006477,VM-NUT-0010,4,34.29,0.08,PLN
SO-2024-000786,2,2024-02-03,2024-02-03,PL-WAW-01,C006477,VM-CMP-0013,3,519.39,0.12,PLN
SO-2024-000786,3,2024-02-03,2024-02-03,PL-WAW-01,C006477,VM-ACC-0008,10,391.99,0.1,PLN
SO-2024-000787,1,2024-02-03,2024-02-03,PL-WAW-01,C006844,VM-CMP-0015,2,901.59,0.0,PLN
SO-2024-000787,2,2024-02-03,2024-02-03,PL-WAW-01,C006844,VM-EBK-0001,1,7516.59,0.0,PLN
SO-2024-000788,1,2024-02-03,2024-02-03,PL-WAW-02,C006845,VM-NUT-0002,6,14.69,0.0,PLN
SO-2024-000789,1,2024-02-03,2024-02-03,PL-WAW-02,,VM-ACC-0010,2,244.99,0.0,PLN
SO-2024-000789,2,2024-02-03,2024-02-03,PL-WAW-02,,VM-CMP-0001,1,391.99,0.0,PLN
SO-2024-000789,3,2024-02-03,2024-02-03,PL-WAW-02,,VM-CMP-0013,2,519.39,0.0,PLN
SO-2024-000790,1,2024-02-03,2024-02-03,PL-WAW-02,C006846,VM-APP-0017,2,186.19,0.0,PLN
SO-2024-000791,1,2024-02-03,2024-02-03,PL-WAW-02,C006847,VM-NUT-0005,7,8.81,0.0,PLN
SO-2024-000792,1,2024-02-03,2024-02-03,PL-KRK-01,C003009,VM-BIK-0018,1,2351.99,0.05,PLN
SO-2024-000793,1,2024-02-03,2024-02-03,PL-KRK-01,C006848,VM-ACC-0001,1,372.39,0.0,PLN
SO-2024-000794,1,2024-02-03,2024-02-03,PL-KRK-01,C006849,VM-CMP-0013,2,519.39,0.0,PLN
SO-2024-000795,1,2024-02-03,2024-02-03,PL-WRO-01,,VM-APP-0010,1,166.59,0.0,PLN
SO-2024-000796,1,2024-02-03,2024-02-03,PL-WRO-01,,VM-NUT-0004,11,6.85,0.0,PLN
SO-2024-000796,2,2024-02-03,2024-02-03,PL-WRO-01,,VM-CMP-0020,1,254.79,0.0,PLN
SO-2024-000797,1,2024-02-03,2024-02-03,PL-WRO-01,C006850,VM-ACC-0008,1,391.99,0.0,PLN
SO-2024-000798,1,2024-02-03,2024-02-03,PL-WRO-01,C004039,VM-NUT-0006,9,9.79,0.0,PLN
SO-2024-000799,1,2024-02-03,2024-02-07,PL-WEB-01,C006851,VM-BIK-0011,1,8476.99,0.05,PLN
SO-2024-000799,2,2024-02-03,2024-02-07,PL-WEB-01,C006851,VM-ACC-0008,1,391.99,0.0,PLN
SO-2024-000800,1,2024-02-03,2024-02-05,PL-WEB-01,C001874,VM-APP-0001,3,450.79,0.1,PLN
SO-2024-000801,1,2024-02-03,2024-02-07,PL-WEB-01,C003859,VM-ACC-0018,3,48.99,0.05,PLN
SO-2024-000802,1,2024-02-03,2024-02-05,PL-MKT-01,C006852,VM-BIK-0015,1,3028.19,0.0,PLN
SO-2024-000802,2,2024-02-03,2024-02-05,PL-MKT-01,C006852,VM-CMP-0009,2,342.99,0.0,PLN
SO-2024-000802,3,2024-02-03,2024-02-05,PL-MKT-01,C006852,VM-ACC-0008,1,391.99,0.1,PLN
SO-2024-000803,1,2024-02-03,2024-02-07,PL-MKT-01,C006853,VM-APP-0010,1,166.59,0.0,PLN
SO-2024-000803,2,2024-02-03,2024-02-07,PL-MKT-01,C006853,VM-APP-0006,2,303.79,0.05,PLN
SO-2024-000803,3,2024-02-03,2024-02-07,PL-MKT-01,C006853,VM-ACC-0008,1,391.99,0.0,PLN
SO-2024-000804,1,2024-02-03,2024-02-03,CZ-PRG-01,C006854,VM-APP-0005,1,952.0,0.0,CZK
SO-2024-000804,2,2024-02-03,2024-02-03,CZ-PRG-01,C006854,VM-NUT-0011,1,286.0,0.0,CZK
SO-2024-000804,3,2024-02-03,2024-02-03,CZ-PRG-01,C006854,VM-BIK-0012,1,62460.0,0.0,CZK
SO-2024-000804,4,2024-02-03,2024-02-03,CZ-PRG-01,C006854,vm-cmp-0017,1,2644.0,0.0,CZK
SO-2024-000805,1,2024-02-03,2024-02-03,CZ-PRG-01,C000490,VM-APP-0010,2,899.0,0.05,CZK
SO-2024-000805,2,2024-02-03,2024-02-03,CZ-PRG-01,C000490,VM-CMP-0020,3,1375.0,0.05,CZK
SO-2024-000805,3,2024-02-03,2024-02-03,CZ-PRG-01,C000490,VM-CMP-0013,2,2803.0,0.05,CZK
SO-2024-000805,4,2024-02-03,2024-02-03,CZ-PRG-01,C000490,VM-ACC-0008,2,2115.0,0.05,CZK
SO-2024-000806,1,2024-02-03,2024-02-05,CZ-WEB-01,C003872,VM-CMP-0021,1,254.0,0.0,CZK
SO-2024-000807,1,2024-02-03,2024-02-07,CZ-WEB-01,C004393,VM-NUT-0004,7,37.0,0.0,CZK
SO-2024-000808,1,2024-02-03,2024-02-06,CZ-WEB-01,C003508,VM-BIK-0013,1,25386.0,0.0,CZK
SO-2024-000808,2,2024-02-03,2024-02-06,CZ-WEB-01,C003508,VM-ACC-0013,1,899.0,0.1,CZK
SO-2024-000808,3,2024-02-03,2024-02-06,CZ-WEB-01,C003508,VM-ACC-0008,1,2115.0,0.0,CZK
SO-2024-000809,1,2024-02-03,2024-02-07,CZ-WEB-01,C006360,VM-BIK-0018,1,12693.0,0.05,CZK
SO-2024-000809,2,2024-02-03,2024-02-07,CZ-WEB-01,C006360,VM-ACC-0003,1,1534.0,0.05,CZK
SO-2024-000809,3,2024-02-03,2024-02-07,CZ-WEB-01,C006360,VM-ACC-0008,1,2115.0,0.05,CZK
SO-2024-000810,1,2024-02-03,2024-02-03,DE-BER-01,C006011,VM-APP-0008,1,35.63,0.0,EUR
SO-2024-000810,2,2024-02-03,2024-02-03,DE-BER-01,C006011,VM-CMP-0002,1,124.71,0.0,EUR
SO-2024-000810,3,2024-02-03,2024-02-03,DE-BER-01,C006011,VM-APP-0010,2,37.86,0.0,EUR
SO-2024-000810,4,2024-02-03,2024-02-03,DE-BER-01,C006011,VM-CMP-0013,2,118.03,0.0,EUR
SO-2024-000811,1,2024-02-03,2024-02-03,DE-BER-01,,VM-NUT-0003,14,2.45,0.0,EUR
SO-2024-000812,1,2024-02-03,2024-02-07,DE-WEB-01,C006855,VM-NUT-0009,2,18.93,0.0,EUR
SO-2024-000813,1,2024-02-03,2024-02-07,DE-WEB-01,C000133,VM-ACC-0013,1,37.86,0.0,EUR
SO-2024-000813,2,2024-02-03,2024-02-07,DE-WEB-01,C000133,VM-CMP-0023,4,13.14,0.0,EUR
SO-2024-000813,3,2024-02-03,2024-02-07,DE-WEB-01,C000133,VM-ACC-0010,2,55.67,0.0,EUR
SO-2024-000814,1,2024-02-04,2024-02-07,PL-WEB-01,C006572,VM-NUT-0004,65,6.85,0.1,PLN
SO-2024-000814,2,2024-02-04,2024-02-07,PL-WEB-01,C006572,VM-NUT-0009,6,83.29,0.08,PLN
SO-2024-000814,3,2024-02-04,2024-02-07,PL-WEB-01,C006572,VM-CMP-0002,10,548.79,0.1,PLN
SO-2024-000814,4,2024-02-04,2024-02-07,PL-WEB-01,C006572,VM-ACC-0008,4,391.99,0.1,PLN
SO-2024-000815,1,2024-02-04,2024-02-06,PL-WEB-01,C006856,VM-NUT-0004,6,6.85,0.0,PLN
SO-2024-000815,2,2024-02-04,2024-02-06,PL-WEB-01,C006856,VM-NUT-0001,7,8.81,0.0,PLN
SO-2024-000815,3,2024-02-04,2024-02-06,PL-WEB-01,C006856,VM-BIK-0007,1,6908.99,0.0,PLN
SO-2024-000816,1,2024-02-04,2024-02-07,PL-MKT-01,C004473,VM-NUT-0006,9,9.79,0.0,PLN
SO-2024-000817,1,2024-02-04,2024-02-05,PL-MKT-01,C004586,VM-ACC-0014,1,107.79,0.0,PLN
SO-2024-000817,2,2024-02-04,2024-02-05,PL-MKT-01,C004586,VM-NUT-0001,13,8.81,0.0,PLN
SO-2024-000818,1,2024-02-04,2024-02-07,PL-MKT-01,C006857,VM-BIK-0003,1,6409.19,0.0,PLN
SO-2024-000818,2,2024-02-04,2024-02-07,PL-MKT-01,C006857,VM-ACC-0023,1,911.39,0.0,PLN
SO-2024-000819,1,2024-02-04,2024-02-06,PL-MKT-01,C005650,VM-APP-0002,3,431.19,0.0,PLN
SO-2024-000820,1,2024-02-04,2024-02-04,CZ-PRG-01,,VM-NUT-0004,3,37.0,0.0,CZK
SO-2024-000821,1,2024-02-04,2024-02-08,CZ-WEB-01,C006686,VM-NUT-0002,3,79.0,0.0,CZK
SO-2024-000821,2,2024-02-04,2024-02-08,CZ-WEB-01,C006686,VM-NUT-0006,6,53.0,0.0,CZK
SO-2024-000821,3,2024-02-04,2024-02-08,CZ-WEB-01,C006686,VM-ACC-0008,2,2115.0,0.0,CZK
SO-2024-000822,1,2024-02-04,2024-02-06,CZ-WEB-01,C006858,VM-ACC-0008,1,2115.0,0.0,CZK
SO-2024-000823,1,2024-02-04,2024-02-08,DE-WEB-01,C006859,VM-ACC-0015,1,77.95,0.05,EUR
SO-2024-000823,2,2024-02-04,2024-02-08,DE-WEB-01,C006859,VM-APP-0006,3,69.04,0.05,EUR
SO-2024-000823,3,2024-02-04,2024-02-08,DE-WEB-01,C006859,VM-NUT-0009,3,18.93,0.05,EUR
SO-2024-000823,4,2024-02-04,2024-02-08,DE-WEB-01,C006859,VM-APP-0010,1,37.86,0.05,EUR
SO-2024-000824,1,2024-02-04,2024-02-06,DE-WEB-01,C005703,VM-ACC-0008,2,89.08,0.0,EUR
SO-2024-000825,1,2024-02-04,2024-02-06,DE-WEB-01,C004561,VM-ACC-0008,1,89.08,0.0,EUR
SO-2024-000826,1,2024-02-04,2024-02-05,DE-WEB-01,C006860,VM-BIK-0008,1,1182.57,0.0,EUR
SO-2024-000826,2,2024-02-04,2024-02-05,DE-WEB-01,C006860,VM-NUT-0009,4,18.93,0.0,EUR
SO-2024-000827,1,2024-02-05,2024-02-05,PL-WAW-01,C005486,VM-ACC-0017,3,56.83,0.0,PLN
SO-2024-000827,2,2024-02-05,2024-02-05,PL-WAW-01,C005486,VM-NUT-0006,5,9.79,0.0,PLN
SO-2024-000828,1,2024-02-05,2024-02-05,PL-WRO-01,C006861,VM-APP-0002,3,431.19,0.0,PLN
SO-2024-000828,2,2024-02-05,2024-02-05,PL-WRO-01,C006861,VM-NUT-0003,9,10.77,0.0,PLN
SO-2024-000829,1,2024-02-05,2024-02-05,PL-POZ-01,C006309,VM-ACC-0008,1,391.99,0.0,PLN
SO-2024-000830,1,2024-02-05,2024-02-08,PL-WEB-01,C003024,vm-cmp-0013,2,519.39,0.0,PLN
SO-2024-000831,1,2024-02-05,2024-02-06,PL-WEB-01,C006862,VM-ACC-0023,1,911.39,0.05,PLN
SO-2024-000831,2,2024-02-05,2024-02-06,PL-WEB-01,C006862,VM-APP-0001,1,450.79,0.0,PLN
SO-2024-000832,1,2024-02-05,2024-02-06,PL-WEB-01,C006863,vm-acc-0013,1,166.59,0.0,PLN
SO-2024-000833,1,2024-02-05,2024-02-09,PL-WEB-01,C006864,VM-APP-0010,2,166.59,0.0,PLN
SO-2024-000833,2,2024-02-05,2024-02-09,PL-WEB-01,C006864,VM-ACC-0015,1,342.99,0.0,PLN
SO-2024-000834,1,2024-02-05,2024-02-07,PL-WEB-01,C006865,VM-NUT-0010,12,34.29,0.08,PLN
SO-2024-000834,2,2024-02-05,2024-02-07,PL-WEB-01,C006865,VM-CMP-0013,6,519.39,0.12,PLN
SO-2024-000834,3,2024-02-05,2024-02-07,PL-WEB-01,C006865,VM-NUT-0009,8,83.29,0.1,PLN
SO-2024-000834,4,2024-02-05,2024-02-07,PL-WEB-01,C006865,VM-APP-0008,10,156.79,0.12,PLN
SO-2024-000835,1,2024-02-05,2024-02-06,PL-WEB-01,C003615,VM-CMP-0017,1,489.99,0.0,PLN
SO-2024-000835,2,2024-02-05,2024-02-06,PL-WEB-01,C003615,VM-APP-0008,2,156.79,0.0,PLN
SO-2024-000836,1,2024-02-05,2024-02-08,PL-MKT-01,C006866,VM-APP-0002,2,431.19,0.0,PLN
SO-2024-000837,1,2024-02-05,2024-02-09,CZ-WEB-01,C006867,VM-BIK-0009,1,29828.0,0.0,CZK
SO-2024-000837,2,2024-02-05,2024-02-09,CZ-WEB-01,C006867,VM-ACC-0007,1,1904.0,0.0,CZK
SO-2024-000837,3,2024-02-05,2024-02-09,CZ-WEB-01,C006867,VM-ACC-0014,1,582.0,0.0,CZK
SO-2024-000837,4,2024-02-05,2024-02-09,CZ-WEB-01,C006867,VM-NUT-0006,5,53.0,0.0,CZK
SO-2024-000838,1,2024-02-05,2024-02-08,CZ-WEB-01,C006868,VM-BIK-0004,1,22583.0,0.0,CZK
SO-2024-000839,1,2024-02-05,2024-02-05,DE-BER-01,,VM-NUT-0004,15,1.56,0.0,EUR
SO-2024-000839,2,2024-02-05,2024-02-05,DE-BER-01,,VM-ACC-0008,2,89.08,0.0,EUR
SO-2024-000840,1,2024-02-05,2024-02-07,DE-WEB-01,C002664,VM-CMP-0006,1,44.54,0.0,EUR
SO-2024-000841,1,2024-02-06,2024-02-06,PL-WAW-01,,VM-ACC-0001,2,372.39,0.0,PLN
SO-2024-000841,2,2024-02-06,2024-02-06,PL-WAW-01,,VM-BIK-0019,1,1185.79,0.0,PLN
SO-2024-000841,3,2024-02-06,2024-02-06,PL-WAW-01,,VM-ACC-0013,1,166.59,0.0,PLN
SO-2024-000842,1,2024-02-06,2024-02-06,PL-WAW-01,,VM-CMP-0013,1,519.39,0.0,PLN
SO-2024-000843,1,2024-02-06,2024-02-06,PL-WAW-01,C005228,VM-APP-0012,1,852.59,0.0,PLN
SO-2024-000843,2,2024-02-06,2024-02-06,PL-WAW-01,C005228,VM-APP-0020,2,176.39,0.0,PLN
SO-2024-000844,1,2024-02-06,2024-02-06,PL-WAW-01,C004588,VM-ACC-0010,1,244.99,0.0,PLN
SO-2024-000845,1,2024-02-06,2024-02-06,PL-WAW-01,,VM-CMP-0001,1,391.99,0.0,PLN
SO-2024-000846,1,2024-02-06,2024-02-06,PL-WAW-01,C005095,VM-BIK-0006,5,6458.19,0.1,PLN
SO-2024-000846,2,2024-02-06,2024-02-06,PL-WAW-01,C005095,VM-ACC-0001,2,372.39,0.1,PLN
SO-2024-000847,1,2024-02-06,2024-02-06,PL-WAW-02,C006869,VM-CMP-0013,1,519.39,0.0,PLN
SO-2024-000848,1,2024-02-06,2024-02-06,PL-WAW-02,,VM-CMP-0021,1,47.03,0.0,PLN
SO-2024-000849,1,2024-02-06,2024-02-06,PL-WAW-02,C003955,VM-NUT-0004,10,6.85,0.12,PLN
SO-2024-000849,2,2024-02-06,2024-02-06,PL-WAW-02,C003955,VM-NUT-0010,15,34.29,0.08,PLN
SO-2024-000850,1,2024-02-06,2024-02-06,PL-WAW-02,C006187,VM-NUT-0011,2,52.91,0.05,PLN
SO-2024-000851,1,2024-02-06,2024-02-06,PL-WAW-02,C003859,VM-APP-0014,1,480.19,0.05,PLN
SO-2024-000851,2,2024-02-06,2024-02-06,PL-WAW-02,C003859,VM-APP-0010,2,166.59,0.05,PLN
SO-2024-000851,3,2024-02-06,2024-02-06,PL-WAW-02,C003859,VM-EBK-0003,1,8908.19,0.05,PLN
SO-2024-000851,4,2024-02-06,2024-02-06,PL-WAW-02,C003859,VM-NUT-0011,4,52.91,0.05,PLN
SO-2024-000852,1,2024-02-06,2024-02-06,PL-POZ-01,C006870,VM-CMP-0011,1,156.79,0.0,PLN
SO-2024-000853,1,2024-02-06,2024-02-06,PL-POZ-01,,VM-NUT-0009,4,83.29,0.0,PLN
SO-2024-000853,2,2024-02-06,2024-02-06,PL-POZ-01,,VM-ACC-0001,2,372.39,0.0,PLN
SO-2024-000854,1,2024-02-06,2024-02-10,PL-WEB-01,C002706,VM-NUT-0009,3,83.29,0.0,PLN
SO-2024-000855,1,2024-02-06,2024-02-10,PL-WEB-01,C003088,VM-NUT-0001,6,8.81,0.05,PLN
SO-2024-000856,1,2024-02-06,2024-02-09,PL-WEB-01,C006871,VM-APP-0013,1,431.19,0.0,PLN
SO-2024-000856,2,2024-02-06,2024-02-09,PL-WEB-01,C006871,VM-ACC-0008,2,391.99,0.0,PLN
SO-2024-000856,3,2024-02-06,2024-02-09,PL-WEB-01,C006871,VM-NUT-0010,2,34.29,0.0,PLN
SO-2024-000857,1,2024-02-06,2024-02-07,PL-WEB-01,C006872,VM-BIK-0012,1,11573.79,0.0,PLN
SO-2024-000858,1,2024-02-06,2024-02-10,PL-WEB-01,C006524,VM-NUT-0007,11,12.73,0.0,PLN
SO-2024-000858,2,2024-02-06,2024-02-10,PL-WEB-01,C006524,VM-CMP-0013,1,519.39,0.0,PLN
SO-2024-000859,1,2024-02-06,2024-02-07,PL-WEB-01,C006873,VM-BIK-0020,1,1185.79,0.0,PLN
SO-2024-000860,1,2024-02-06,2024-02-08,PL-WEB-01,C003598,VM-APP-0001,2,450.79,0.0,PLN
SO-2024-000860,2,2024-02-06,2024-02-08,PL-WEB-01,C003598,VM-BIK-0007,1,6908.99,0.0,PLN
SO-2024-000861,1,2024-02-06,2024-02-10,PL-WEB-01,C006109,VM-APP-0003,2,303.79,0.0,PLN
SO-2024-000862,1,2024-02-06,2024-02-10,PL-MKT-01,C002697,VM-CMP-0013,2,519.39,0.0,PLN
SO-2024-000863,1,2024-02-06,2024-02-08,PL-MKT-01,C003045,VM-CMP-0011,2,156.79,0.0,PLN
SO-2024-000863,2,2024-02-06,2024-02-08,PL-MKT-01,C003045,VM-ACC-0018,3,48.99,0.0,PLN
SO-2024-000864,1,2024-02-06,2024-02-07,PL-MKT-01,C002602,VM-EBK-0003,1,8908.19,0.0,PLN
SO-2024-000864,2,2024-02-06,2024-02-07,PL-MKT-01,C002602,VM-ACC-0021,1,764.39,0.05,PLN
SO-2024-000864,3,2024-02-06,2024-02-07,PL-MKT-01,C002602,VM-ACC-0008,1,391.99,0.0,PLN
SO-2024-000864,4,2024-02-06,2024-02-07,PL-MKT-01,C002602,VM-ACC-0017,1,56.83,0.0,PLN
SO-2024-000865,1,2024-02-06,2024-02-08,PL-MKT-01,C006874,VM-ACC-0002,1,597.79,0.1,PLN
SO-2024-000866,1,2024-02-06,2024-02-09,PL-MKT-01,C006875,VM-BIK-0003,1,6409.19,0.0,PLN
SO-2024-000866,2,2024-02-06,2024-02-09,PL-MKT-01,C006875,VM-ACC-0021,1,764.39,0.0,PLN
SO-2024-000867,1,2024-02-06,2024-02-07,PL-MKT-01,C000956,VM-APP-0010,1,166.59,0.0,PLN
SO-2024-000867,2,2024-02-06,2024-02-07,PL-MKT-01,C000956,VM-EBK-0003,1,8908.19,0.05,PLN
SO-2024-000867,3,2024-02-06,2024-02-07,PL-MKT-01,C000956,VM-APP-0001,1,450.79,0.0,PLN
SO-2024-000868,1,2024-02-06,2024-02-06,CZ-PRG-01,C006876,VM-CMP-0023,3,312.0,0.0,CZK
SO-2024-000869,1,2024-02-06,2024-02-08,CZ-WEB-01,C006877,VM-APP-0019,1,349.0,0.05,CZK
SO-2024-000869,2,2024-02-06,2024-02-08,CZ-WEB-01,C006877,VM-CMP-0012,1,2856.0,0.05,CZK
SO-2024-000870,1,2024-02-06,2024-02-08,CZ-WEB-01,C006461,VM-ACC-0006,2,5024.0,0.0,CZK
SO-2024-000870,2,2024-02-06,2024-02-08,CZ-WEB-01,C006461,VM-NUT-0011,2,286.0,0.0,CZK
SO-2024-000871,1,2024-02-06,2024-02-07,CZ-WEB-01,C006878,VM-ACC-0008,1,2115.0,0.0,CZK
SO-2024-000871,2,2024-02-06,2024-02-07,CZ-WEB-01,C006878,VM-APP-0002,3,2327.0,0.05,CZK
SO-2024-000872,1,2024-02-06,2024-02-07,DE-WEB-01,C001303,VM-ACC-0014,1,24.5,0.0,EUR
SO-2024-000872,2,2024-02-06,2024-02-07,DE-WEB-01,C001303,VM-NUT-0004,11,1.56,0.0,EUR
SO-2024-000873,1,2024-02-06,2024-02-09,DE-WEB-01,C004852,vm-cmp-0016,2,547.86,0.0,EUR
SO-2024-000873,2,2024-02-06,2024-02-09,DE-WEB-01,C004852,VM-CMP-0013,1,118.03,0.0,EUR
SO-2024-000873,3,2024-02-06,2024-02-09,DE-WEB-01,C004852,VM-NUT-0011,4,12.02,0.0,EUR
SO-2024-000874,1,2024-02-06,2024-02-07,DE-WEB-01,C006879,VM-BIK-0007,1,1570.08,0.0,EUR
SO-2024-000875,1,2024-02-06,2024-02-09,DE-WEB-01,C004222,VM-BIK-0020,1,269.47,0.0,EUR
SO-2024-000876,1,2024-02-07,2024-02-07,PL-WAW-01,,VM-ACC-0007,2,352.79,0.0,PLN
SO-2024-000877,1,2024-02-07,2024-02-07,PL-WAW-01,C006880,VM-BIK-0013,3,4703.99,0.08,PLN
SO-2024-000877,2,2024-02-07,2024-02-07,PL-WAW-01,C006880,VM-EBK-0003,5,8908.19,0.1,PLN
SO-2024-000878,1,2024-02-07,2024-02-07,PL-WAW-01,,VM-NUT-0010,3,34.29,0.05,PLN
SO-2024-000879,1,2024-02-07,2024-02-07,PL-WAW-01,C006881,VM-ACC-0008,2,391.99,0.05,PLN
SO-2024-000880,1,2024-02-07,2024-02-07,PL-WAW-01,C006882,VM-CMP-0006,2,195.99,0.0,PLN
SO-2024-000881,1,2024-02-07,2024-02-07,PL-WAW-01,C006883,VM-APP-0012,1,852.59,0.0,PLN
SO-2024-000881,2,2024-02-07,2024-02-07,PL-WAW-01,C006883,VM-CMP-0015,1,901.59,0.0,PLN
SO-2024-000882,1,2024-02-07,2024-02-07,PL-WAW-02,C005876,VM-APP-0020,1,176.39,0.0,PLN
SO-2024-000883,1,2024-02-07,2024-02-07,PL-KRK-01,C006884,VM-NUT-0003,11,10.77,0.05,PLN
SO-2024-000884,1,2024-02-07,2024-02-07,PL-KRK-01,C006885,VM-NUT-0003,6,10.77,0.05,PLN
SO-2024-000885,1,2024-02-07,2024-02-07,PL-GDN-01,C006886,VM-APP-0001,2,450.79,0.0,PLN
SO-2024-000886,1,2024-02-07,2024-02-07,PL-GDN-01,C005860,VM-NUT-0002,13,14.69,0.1,PLN
SO-2024-000887,1,2024-02-07,2024-02-07,PL-POZ-01,C006887,VM-BIK-0007,1,6908.99,0.0,PLN
SO-2024-000888,1,2024-02-07,2024-02-11,PL-WEB-01,C006888,VM-NUT-0006,7,9.79,0.0,PLN
SO-2024-000888,2,2024-02-07,2024-02-11,PL-WEB-01,C006888,VM-NUT-0005,9,8.81,0.0,PLN
SO-2024-000888,3,2024-02-07,2024-02-11,PL-WEB-01,C006888,VM-ACC-0012,1,70.55,0.0,PLN
SO-2024-000888,4,2024-02-07,2024-02-11,PL-WEB-01,C006888,VM-NUT-0002,4,14.69,0.0,PLN
SO-2024-000889,1,2024-02-07,2024-02-09,PL-WEB-01,C000637,VM-ACC-0014,4,107.79,0.1,PLN
SO-2024-000890,1,2024-02-07,2024-02-09,PL-WEB-01,C002143,VM-CMP-0016,1,2410.79,0.05,PLN
SO-2024-000890,2,2024-02-07,2024-02-09,PL-WEB-01,C002143,VM-ACC-0018,1,48.99,0.05,PLN
SO-2024-000890,3,2024-02-07,2024-02-09,PL-WEB-01,C002143,VM-NUT-0009,4,83.29,0.05,PLN
SO-2024-000891,1,2024-02-07,2024-02-10,PL-WEB-01,C000446,VM-ACC-0005,1,176.39,0.0,PLN
SO-2024-000892,1,2024-02-07,2024-02-09,PL-WEB-01,C002298,VM-ACC-0008,1,391.99,0.05,PLN
SO-2024-000892,2,2024-02-07,2024-02-09,PL-WEB-01,C002298,VM-CMP-0013,2,519.39,0.05,PLN
SO-2024-000893,1,2024-02-07,2024-02-08,PL-WEB-01,C003735,VM-BIK-0003,1,6409.19,0.0,PLN
SO-2024-000893,2,2024-02-07,2024-02-08,PL-WEB-01,C003735,VM-CMP-0018,3,60.75,0.0,PLN
SO-2024-000894,1,2024-02-07,2024-02-09,PL-WEB-01,C005356,VM-NUT-0009,4,83.29,0.0,PLN
SO-2024-000895,1,2024-02-07,2024-02-11,PL-MKT-01,C006889,VM-ACC-0002,1,597.79,0.05,PLN
SO-2024-000896,1,2024-02-07,2024-02-11,PL-MKT-01,C006890,VM-NUT-0009,4,83.29,0.0,PLN
SO-2024-000896,2,2024-02-07,2024-02-11,PL-MKT-01,C006890,VM-ACC-0014,1,107.79,0.0,PLN
SO-2024-000896,3,2024-02-07,2024-02-11,PL-MKT-01,C006890,VM-CMP-0008,1,431.19,0.0,PLN
SO-2024-000897,1,2024-02-07,2024-02-09,PL-MKT-01,C006284,VM-ACC-0008,2,391.99,0.0,PLN
SO-2024-000898,1,2024-02-07,2024-02-07,CZ-PRG-01,C006891,VM-ACC-0020,1,4284.0,0.05,CZK
SO-2024-000899,1,2024-02-07,2024-02-10,CZ-WEB-01,C003313,VM-NUT-0003,4,58.0,0.0,CZK
SO-2024-000899,2,2024-02-07,2024-02-10,CZ-WEB-01,C003313,VM-CMP-0023,3,312.0,0.0,CZK
SO-2024-000900,1,2024-02-07,2024-02-10,DE-WEB-01,C006892,VM-ACC-0018,2,11.13,0.0,EUR
SO-2024-000901,1,2024-02-08,2024-02-08,PL-WAW-01,C006893,VM-EBK-0011,1,14347.19,0.0,PLN
SO-2024-000902,1,2024-02-08,2024-02-08,PL-WAW-01,C006894, VM-CMP-0004 ,1,705.59,0.0,PLN
SO-2024-000902,2,2024-02-08,2024-02-08,PL-WAW-01,C006894,VM-ACC-0003,1,284.19,0.1,PLN
SO-2024-000902,3,2024-02-08,2024-02-08,PL-WAW-01,C006894,VM-CMP-0019,4,205.79,0.0,PLN
SO-2024-000902,4,2024-02-08,2024-02-08,PL-WAW-01,C006894,VM-APP-0002,1,431.19,0.0,PLN
SO-2024-000903,1,2024-02-08,2024-02-08,PL-WAW-01,,VM-NUT-0011,4,52.91,0.0,PLN
SO-2024-000903,2,2024-02-08,2024-02-08,PL-WAW-01,,VM-APP-0013,1,431.19,0.0,PLN
SO-2024-000904,1,2024-02-08,2024-02-08,PL-WAW-02,C006895,VM-BIK-0012,1,11573.79,0.0,PLN
SO-2024-000905,1,2024-02-08,2024-02-08,PL-WAW-02,C006896,VM-NUT-0011,3,52.91,0.0,PLN
SO-2024-000906,1,2024-02-08,2024-02-08,PL-WAW-02,C006897,VM-CMP-0017,2,489.99,0.0,PLN
SO-2024-000906,2,2024-02-08,2024-02-08,PL-WAW-02,C006897,VM-CMP-0003,1,235.19,0.0,PLN
SO-2024-000907,1,2024-02-08,2024-02-08,PL-KRK-01,,VM-ACC-0008,1,391.99,0.0,PLN
SO-2024-000908,1,2024-02-08,2024-02-08,PL-GDN-01,C006898,VM-ACC-0008,1,391.99,0.0,PLN
SO-2024-000908,2,2024-02-08,2024-02-08,PL-GDN-01,C006898,VM-CMP-0015,2,901.59,0.0,PLN
SO-2024-000908,3,2024-02-08,2024-02-08,PL-GDN-01,C006898,VM-CMP-0011,2,156.79,0.0,PLN
SO-2024-000908,4,2024-02-08,2024-02-08,PL-GDN-01,C006898,VM-APP-0006,2,303.79,0.0,PLN
SO-2024-000909,1,2024-02-08,2024-02-08,PL-POZ-01,C006470,VM-EBK-0008,1,14797.99,0.0,PLN
SO-2024-000909,2,2024-02-08,2024-02-08,PL-POZ-01,C006470,VM-ACC-0018,1,48.99,0.0,PLN
SO-2024-000910,1,2024-02-08,2024-02-12,PL-WEB-01,C006067,VM-ACC-0018,1,48.99,0.05,PLN
SO-2024-000911,1,2024-02-08,2024-02-11,PL-WEB-01,C006477,VM-APP-0002,5,431.19,0.08,PLN
SO-2024-000912,1,2024-02-08,2024-02-10,PL-WEB-01,C006899,VM-CMP-0013,2,519.39,0.0,PLN
SO-2024-000912,2,2024-02-08,2024-02-10,PL-WEB-01,C006899,VM-BIK-0007,1,6908.99,0.0,PLN
SO-2024-000913,1,2024-02-08,2024-02-11,PL-WEB-01,C000255,VM-ACC-0002,2,597.79,0.05,PLN
SO-2024-000914,1,2024-02-08,2024-02-10,PL-WEB-01,C006900,VM-NUT-0010,4,34.29,0.0,PLN
SO-2024-000914,2,2024-02-08,2024-02-10,PL-WEB-01,C006900,VM-NUT-0004,15,6.85,0.0,PLN
SO-2024-000915,1,2024-02-08,2024-02-09,PL-WEB-01,C006901,VM-ACC-0012,1,70.55,0.0,PLN
SO-2024-000916,1,2024-02-08,2024-02-12,PL-WEB-01,C006490,VM-ACC-0008,2,391.99,0.0,PLN
SO-2024-000916,2,2024-02-08,2024-02-12,PL-WEB-01,C006490,VM-APP-0012,1,852.59,0.0,PLN
SO-2024-000916,3,2024-02-08,2024-02-12,PL-WEB-01,C006490,VM-APP-0020,1,176.39,0.0,PLN
SO-2024-000917,1,2024-02-08,2024-02-10,PL-WEB-01,C006477,VM-ACC-0019,5,48.99,0.08,PLN
SO-2024-000917,2,2024-02-08,2024-02-10,PL-WEB-01,C006477,VM-BIK-0004,3,4184.59,0.08,PLN
SO-2024-000918,1,2024-02-08,2024-02-11,PL-MKT-01,C006902,VM-NUT-0002,9,14.69,0.0,PLN
SO-2024-000919,1,2024-02-08,2024-02-12,PL-MKT-01,C003736,VM-NUT-0006,8,9.79,0.0,PLN
SO-2024-000920,1,2024-02-08,2024-02-09,PL-MKT-01,C006903,VM-ACC-0008,2,391.99,0.1,PLN
SO-2024-000921,1,2024-02-08,2024-02-08,CZ-PRG-01,,VM-BIK-0007,1,37285.0,0.0,CZK
SO-2024-000921,2,2024-02-08,2024-02-08,CZ-PRG-01,,VM-ACC-0008,1,2115.0,0.0,CZK
SO-2024-000922,1,2024-02-08,2024-02-08,CZ-PRG-01,C000806,VM-ACC-0019,1,264.0,0.0,CZK
SO-2024-000923,1,2024-02-08,2024-02-11,CZ-WEB-01,C005589,VM-ACC-0013,1,899.0,0.0,CZK
SO-2024-000924,1,2024-02-08,2024-02-10,CZ-WEB-01,C006904,VM-ACC-0018,3,264.0,0.0,CZK
SO-2024-000925,1,2024-02-08,2024-02-11,CZ-WEB-01,C004658,VM-APP-0012,1,4601.0,0.05,CZK
SO-2024-000925,2,2024-02-08,2024-02-11,CZ-WEB-01,C004658,VM-APP-0006,1,1639.0,0.0,CZK
SO-2024-000925,3,2024-02-08,2024-02-11,CZ-WEB-01,C004658,VM-ACC-0021,1,4125.0,0.0,CZK
SO-2024-000926,1,2024-02-08,2024-02-08,DE-BER-01,C006905,VM-CMP-0006,1,44.54,0.05,EUR
SO-2024-000926,2,2024-02-08,2024-02-08,DE-BER-01,C006905,VM-ACC-0006,2,211.57,0.05,EUR
SO-2024-000927,1,2024-02-08,2024-02-08,DE-BER-01,C006906,VM-NUT-0001,11,2.0,0.1,EUR
SO-2024-000927,2,2024-02-08,2024-02-08,DE-BER-01,C006906,VM-APP-0006,2,69.04,0.0,EUR
SO-2024-000928,1,2024-02-08,2024-02-08,DE-BER-01,C006907,VM-CMP-0008,1,97.99,0.0,EUR
SO-2024-000928,2,2024-02-08,2024-02-08,DE-BER-01,C006907,VM-APP-0007,1,35.63,0.0,EUR
SO-2024-000929,1,2024-02-08,2024-02-09,DE-WEB-01,C006908,VM-NUT-0010,3,7.79,0.0,EUR
SO-2024-000929,2,2024-02-08,2024-02-09,DE-WEB-01,C006908,VM-CMP-0020,2,57.9,0.0,EUR
SO-2024-000930,1,2024-02-08,2024-02-09,DE-WEB-01,C004761,VM-ACC-0013,1,37.86,0.0,EUR
SO-2024-000931,1,2024-02-09,2024-02-09,PL-WAW-01,C006909,VM-NUT-0006,4,9.79,0.0,PLN
SO-2024-000932,1,2024-02-09,2024-02-09,PL-WAW-01,,VM-APP-0002,3,431.19,0.0,PLN
SO-2024-000932,2,2024-02-09,2024-02-09,PL-WAW-01,,VM-BIK-0007,1,6908.99,0.0,PLN
SO-2024-000932,3,2024-02-09,2024-02-09,PL-WAW-01,,VM-CMP-0023,1,57.81,0.0,PLN
SO-2024-000933,1,2024-02-09,2024-02-09,PL-WAW-02,C006910,VM-ACC-0021,1,764.39,0.0,PLN
SO-2024-000934,1,2024-02-09,2024-02-09,PL-KRK-01,,VM-NUT-0005,12,8.81,0.0,PLN
SO-2024-000934,2,2024-02-09,2024-02-09,PL-KRK-01,,VM-BIK-0007,1,6908.99,0.0,PLN
SO-2024-000935,1,2024-02-09,2024-02-09,PL-KRK-01,C006911,VM-APP-0006,2,303.79,0.0,PLN
SO-2024-000935,2,2024-02-09,2024-02-09,PL-KRK-01,C006911,VM-APP-0002,3,431.19,0.0,PLN
SO-2024-000935,3,2024-02-09,2024-02-09,PL-KRK-01,C006911,VM-CMP-0010,1,382.19,0.0,PLN
SO-2024-000936,1,2024-02-09,2024-02-09,PL-KRK-01,,VM-NUT-0004,3,6.85,0.0,PLN
SO-2024-000936,2,2024-02-09,2024-02-09,PL-KRK-01,,VM-APP-0002,2,431.19,0.0,PLN
SO-2024-000936,3,2024-02-09,2024-02-09,PL-KRK-01,,VM-APP-0006,3,303.79,0.0,PLN
SO-2024-000937,1,2024-02-09,2024-02-09,PL-WRO-01,C005835,VM-ACC-0019,3,48.99,0.0,PLN
SO-2024-000937,2,2024-02-09,2024-02-09,PL-WRO-01,C005835,VM-NUT-0002,10,14.69,0.0,PLN
SO-2024-000938,1,2024-02-09,2024-02-09,PL-GDN-01,C002628,VM-APP-0002,2,431.19,0.0,PLN
SO-2024-000939,1,2024-02-09,2024-02-09,PL-GDN-01,C006912,VM-APP-0001,1,450.79,0.0,PLN
SO-2024-000939,2,2024-02-09,2024-02-09,PL-GDN-01,C006912,VM-CMP-0004,2,705.59,0.0,PLN
SO-2024-000940,1,2024-02-09,2024-02-09,PL-GDN-01,C005837,VM-CMP-0004,2,705.59,0.0,PLN
SO-2024-000940,2,2024-02-09,2024-02-09,PL-GDN-01,C005837,VM-NUT-0003,4,10.77,0.0,PLN
SO-2024-000941,1,2024-02-09,2024-02-09,PL-POZ-01,C006913,VM-APP-0008,1,156.79,0.0,PLN
SO-2024-000941,2,2024-02-09,2024-02-09,PL-POZ-01,C006913, VM-ACC-0001 ,2,372.39,0.0,PLN
SO-2024-000941,3,2024-02-09,2024-02-09,PL-POZ-01,C006913,VM-CMP-0008,1,431.19,0.0,PLN
SO-2024-000941,4,2024-02-09,2024-02-09,PL-POZ-01,C006913,VM-EBK-0006,1,19737.19,0.0,PLN
SO-2024-000942,1,2024-02-09,2024-02-09,PL-POZ-01,C006914,VM-NUT-0006,3,9.79,0.0,PLN
SO-2024-000942,2,2024-02-09,2024-02-09,PL-POZ-01,C006914,VM-CMP-0015,1,901.59,0.0,PLN
SO-2024-000942,3,2024-02-09,2024-02-09,PL-POZ-01,C006914,VM-ACC-0020,1,793.79,0.0,PLN
SO-2024-000943,1,2024-02-09,2024-02-09,PL-POZ-01,,VM-ACC-0008,1,391.99,0.0,PLN
SO-2024-000944,1,2024-02-09,2024-02-09,PL-POZ-01,C006915,VM-CMP-0013,1,519.39,0.0,PLN
SO-2024-000945,1,2024-02-09,2024-02-10,PL-WEB-01,C004727,VM-ACC-0002,2,597.79,0.0,PLN
SO-2024-000946,1,2024-02-09,2024-02-13,PL-WEB-01,C006916,VM-NUT-0001,10,8.81,0.05,PLN
SO-2024-000946,2,2024-02-09,2024-02-13,PL-WEB-01,C006916,VM-EBK-0003,1,8908.19,0.05,PLN
SO-2024-000947,1,2024-02-09,2024-02-12,PL-WEB-01,C000698,VM-ACC-0008,2,391.99,0.0,PLN
SO-2024-000947,2,2024-02-09,2024-02-12,PL-WEB-01,C000698,VM-CMP-0015,1,901.59,0.0,PLN
SO-2024-000947,3,2024-02-09,2024-02-12,PL-WEB-01,C000698,VM-CMP-0011,2,156.79,0.0,PLN
SO-2024-000947,4,2024-02-09,2024-02-12,PL-WEB-01,C000698,VM-NUT-0010,4,34.29,0.0,PLN
SO-2024-000948,1,2024-02-09,2024-02-10,PL-WEB-01,C006083,VM-APP-0004,1,235.19,0.0,PLN
SO-2024-000949,1,2024-02-09,2024-02-13,PL-WEB-01,C003094,VM-CMP-0016,2,2410.79,0.05,PLN
SO-2024-000950,1,2024-02-09,2024-02-11,PL-WEB-01,C006917,VM-NUT-0009,4,83.29,0.0,PLN
SO-2024-000951,1,2024-02-09,2024-02-12,PL-WEB-01,C006918,VM-NUT-0009,1,83.29,0.0,PLN
SO-2024-000951,2,2024-02-09,2024-02-12,PL-WEB-01,C006918,VM-ACC-0008,1,391.99,0.0,PLN
SO-2024-000951,3,2024-02-09,2024-02-12,PL-WEB-01,C006918,VM-APP-0008,2,156.79,0.0,PLN
SO-2024-000952,1,2024-02-09,2024-02-12,PL-MKT-01,C006185,VM-CMP-0006,2,195.99,0.0,PLN
SO-2024-000953,1,2024-02-09,2024-02-09,CZ-PRG-01,C002710,VM-APP-0001,2,2433.0,0.0,CZK
SO-2024-000954,1,2024-02-09,2024-02-09,CZ-PRG-01,C004971,VM-CMP-0021,2,254.0,0.0,CZK
SO-2024-000955,1,2024-02-09,2024-02-12,CZ-WEB-01,C000896,VM-ACC-0008,1,2115.0,0.05,CZK
SO-2024-000956,1,2024-02-10,2024-02-10,PL-WAW-01,C006919,VM-ACC-0003,1,284.19,0.0,PLN
SO-2024-000957,1,2024-02-10,2024-02-10,PL-WAW-01,,VM-NUT-0001,5,8.81,0.0,PLN
SO-2024-000957,2,2024-02-10,2024-02-10,PL-WAW-01,,VM-APP-0013,1,431.19,0.0,PLN
SO-2024-000958,1,2024-02-10,2024-02-10,PL-WAW-01,,VM-EBK-0009,1,9711.79,0.0,PLN
SO-2024-000959,1,2024-02-10,2024-02-10,PL-WAW-01,C003574,VM-CMP-0011,1,156.79,0.05,PLN
SO-2024-000959,2,2024-02-10,2024-02-10,PL-WAW-01,C003574,VM-ACC-0005,2,176.39,0.05,PLN
SO-2024-000959,3,2024-02-10,2024-02-10,PL-WAW-01,C003574,VM-ACC-0008,2,391.99,0.05,PLN
SO-2024-000959,4,2024-02-10,2024-02-10,PL-WAW-01,C003574,VM-ACC-0013,1,166.59,0.05,PLN
SO-2024-000960,1,2024-02-10,2024-02-10,PL-WAW-01,C006518,VM-ACC-0020,1,793.79,0.0,PLN
SO-2024-000961,1,2024-02-10,2024-02-10,PL-WAW-02,C002508,VM-NUT-0003,7,10.77,0.0,PLN
SO-2024-000961,2,2024-02-10,2024-02-10,PL-WAW-02,C002508,VM-BIK-0013,1,4703.99,0.0,PLN
SO-2024-000961,3,2024-02-10,2024-02-10,PL-WAW-02,C002508,VM-CMP-0013,2,519.39,0.0,PLN
SO-2024-000961,4,2024-02-10,2024-02-10,PL-WAW-02,C002508,VM-ACC-0007,1,352.79,0.0,PLN
SO-2024-000962,1,2024-02-10,2024-02-10,PL-WAW-02,,VM-NUT-0006,8,9.79,0.0,PLN
SO-2024-000963,1,2024-02-10,2024-02-10,PL-WAW-02,C002044,VM-APP-0004,3,235.19,0.05,PLN
SO-2024-000963,2,2024-02-10,2024-02-10,PL-WAW-02,C002044,VM-CMP-0013,2,519.39,0.0,PLN
SO-2024-000964,1,2024-02-10,2024-02-10,PL-WAW-02,,VM-CMP-0013,2,519.39,0.0,PLN
SO-2024-000965,1,2024-02-10,2024-02-10,PL-KRK-01,,VM-BIK-0012,1,11573.79,0.0,PLN
SO-2024-000966,1,2024-02-10,2024-02-10,PL-KRK-01,,VM-CMP-0020,1,254.79,0.0,PLN
SO-2024-000967,1,2024-02-10,2024-02-10,PL-WRO-01,C003969,VM-BIK-0013,1,4703.99,0.0,PLN
SO-2024-000967,2,2024-02-10,2024-02-10,PL-WRO-01,C003969,VM-ACC-0013,1,166.59,0.0,PLN
SO-2024-000967,3,2024-02-10,2024-02-10,PL-WRO-01,C003969,VM-ACC-0004,2,764.39,0.1,PLN
SO-2024-000968,1,2024-02-10,2024-02-10,PL-WRO-01,, VM-ACC-0018 ,3,48.99,0.0,PLN
SO-2024-000969,1,2024-02-10,2024-02-10,PL-WRO-01,,VM-ACC-0014,1,107.79,0.0,PLN
SO-2024-000970,1,2024-02-10,2024-02-10,PL-WRO-01,C006920,VM-EBK-0011,1,14347.19,0.0,PLN
SO-2024-000970,2,2024-02-10,2024-02-10,PL-WRO-01,C006920,VM-APP-0010,1,166.59,0.0,PLN
SO-2024-000971,1,2024-02-10,2024-02-10,PL-WRO-01,C004840,VM-CMP-0003,2,235.19,0.05,PLN
SO-2024-000971,2,2024-02-10,2024-02-10,PL-WRO-01,C004840,VM-BIK-0017,1,1871.79,0.05,PLN
SO-2024-000972,1,2024-02-10,2024-02-10,PL-WRO-01,C006921,VM-CMP-0009,1,342.99,0.0,PLN
SO-2024-000972,2,2024-02-10,2024-02-10,PL-WRO-01,C006921,VM-CMP-0019,1,205.79,0.0,PLN
SO-2024-000972,3,2024-02-10,2024-02-10,PL-WRO-01,C006921,VM-NUT-0003,15,10.77,0.0,PLN
SO-2024-000973,1,2024-02-10,2024-02-10,PL-WRO-01,C001089,VM-APP-0009,1,342.99,0.0,PLN
SO-2024-000974,1,2024-02-10,2024-02-10,PL-WRO-01,,VM-APP-0002,3,431.19,0.0,PLN
SO-2024-000974,2,2024-02-10,2024-02-10,PL-WRO-01,,VM-ACC-0003,2,284.19,0.0,PLN
SO-2024-000975,1,2024-02-10,2024-02-10,PL-POZ-01,C006588,VM-CMP-0020,1,254.79,0.0,PLN
SO-2024-000976,1,2024-02-10,2024-02-12,PL-WEB-01,C006922,VM-EBK-0011,1,14347.19,0.0,PLN
SO-2024-000977,1,2024-02-10,2024-02-11,PL-WEB-01,C006477,VM-CMP-0013,2,519.39,0.1,PLN
SO-2024-000978,1,2024-02-10,2024-02-11,PL-WEB-01,C006923,VM-APP-0019,2,64.67,0.0,PLN
SO-2024-000978,2,2024-02-10,2024-02-11,PL-WEB-01,C006923,VM-NUT-0005,10,8.81,0.0,PLN
SO-2024-000978,3,2024-02-10,2024-02-11,PL-WEB-01,C006923,VM-NUT-0007,3,12.73,0.0,PLN
SO-2024-000978,4,2024-02-10,2024-02-11,PL-WEB-01,C006923,VM-ACC-0004,1,764.39,0.0,PLN
SO-2024-000979,1,2024-02-10,2024-02-12,PL-WEB-01,C006924,VM-CMP-0019,3,205.79,0.0,PLN
SO-2024-000980,1,2024-02-10,2024-02-13,PL-WEB-01,C005255,VM-APP-0012,1,852.59,0.0,PLN
SO-2024-000980,2,2024-02-10,2024-02-13,PL-WEB-01,C005255,VM-CMP-0013,2,519.39,0.0,PLN
SO-2024-000980,3,2024-02-10,2024-02-13,PL-WEB-01,C005255,VM-APP-0003,3,303.79,0.05,PLN
SO-2024-000981,1,2024-02-10,2024-02-11,PL-MKT-01,C006379,VM-ACC-0001,2,372.39,0.0,PLN
SO-2024-000982,1,2024-02-10,2024-02-12,PL-MKT-01,C006925, VM-ACC-0008 ,1,391.99,0.0,PLN
SO-2024-000982,2,2024-02-10,2024-02-12,PL-MKT-01,C006925,VM-NUT-0004,6,6.85,0.0,PLN
SO-2024-000983,1,2024-02-10,2024-02-14,PL-MKT-01,C000511,VM-ACC-0014,1,107.79,0.0,PLN
SO-2024-000983,2,2024-02-10,2024-02-14,PL-MKT-01,C000511,VM-CMP-0016,2,2410.79,0.1,PLN
SO-2024-000983,3,2024-02-10,2024-02-14,PL-MKT-01,C000511, VM-EBK-0002 ,1,9750.99,0.0,PLN
SO-2024-000983,4,2024-02-10,2024-02-14,PL-MKT-01,C000511,VM-BIK-0012,1,11573.79,0.0,PLN
SO-2024-000984,1,2024-02-10,2024-02-11,PL-MKT-01,C006926,VM-NUT-0010,2,34.29,0.0,PLN
SO-2024-000984,2,2024-02-10,2024-02-11,PL-MKT-01,C006926,VM-NUT-0009,4,83.29,0.0,PLN
SO-2024-000985,1,2024-02-10,2024-02-14,CZ-WEB-01,C006927,VM-CMP-0013,1,2803.0,0.05,CZK
SO-2024-000985,2,2024-02-10,2024-02-14,CZ-WEB-01,C006927,VM-ACC-0014,1,582.0,0.05,CZK
SO-2024-000985,3,2024-02-10,2024-02-14,CZ-WEB-01,C006927,VM-BIK-0007,1,37285.0,0.05,CZK
SO-2024-000986,1,2024-02-10,2024-02-10,DE-BER-01,C004943,VM-NUT-0006,12,2.22,0.0,EUR
SO-2024-000987,1,2024-02-10,2024-02-10,DE-BER-01,,VM-NUT-0002,6,3.34,0.0,EUR
SO-2024-000987,2,2024-02-10,2024-02-10,DE-BER-01,,VM-ACC-0018,3,11.13,0.0,EUR
SO-2024-000988,1,2024-02-10,2024-02-10,DE-BER-01,C000846,vm-app-0001,3,102.44,0.0,EUR
SO-2024-000988,2,2024-02-10,2024-02-10,DE-BER-01,C000846,VM-ACC-0021,1,173.71,0.0,EUR
SO-2024-000988,3,2024-02-10,2024-02-10,DE-BER-01,C000846,VM-CMP-0015,2,204.89,0.0,EUR
SO-2024-000988,4,2024-02-10,2024-02-10,DE-BER-01,C000846,VM-ACC-0013,1,37.86,0.0,EUR
SO-2024-000989,1,2024-02-10,2024-02-14,DE-WEB-01,C002422,VM-APP-0008,2,35.63,0.0,EUR
SO-2024-000989,2,2024-02-10,2024-02-14,DE-WEB-01,C002422,VM-ACC-0014,1,24.5,0.0,EUR
SO-2024-000989,3,2024-02-10,2024-02-14,DE-WEB-01,C002422,VM-APP-0002,1,97.99,0.0,EUR
SO-2024-000990,1,2024-02-10,2024-02-14,DE-WEB-01,C006928,VM-ACC-0014,1,24.5,0.0,EUR
SO-2024-000991,1,2024-02-10,2024-02-11,DE-WEB-01,C006929,VM-ACC-0002,2,135.85,0.0,EUR
SO-2024-000992,1,2024-02-10,2024-02-14,DE-WEB-01,C001470,VM-NUT-0011,10,12.02,0.12,EUR
SO-2024-000992,2,2024-02-10,2024-02-14,DE-WEB-01,C001470,VM-APP-0007,5,35.63,0.08,EUR
SO-2024-000993,1,2024-02-11,2024-02-12,PL-WEB-01,C003274,VM-CMP-0017,2,489.99,0.05,PLN
SO-2024-000993,2,2024-02-11,2024-02-12,PL-WEB-01,C003274,VM-BIK-0012,1,11573.79,0.05,PLN
SO-2024-000993,3,2024-02-11,2024-02-12,PL-WEB-01,C003274,VM-BIK-0009,1,5527.19,0.05,PLN
SO-2024-000994,1,2024-02-11,2024-02-14,PL-WEB-01,C002696,VM-EBK-0011,1,14347.19,0.0,PLN
SO-2024-000995,1,2024-02-11,2024-02-13,PL-MKT-01,C006930,VM-BIK-0009,1,5527.19,0.05,PLN
SO-2024-000995,2,2024-02-11,2024-02-13,PL-MKT-01,C006930,VM-CMP-0013,2,519.39,0.05,PLN
SO-2024-000996,1,2024-02-11,2024-02-13,PL-MKT-01,C003024,VM-BIK-0009,1,5527.19,0.0,PLN
SO-2024-000996,2,2024-02-11,2024-02-13,PL-MKT-01,C003024,VM-CMP-0002,1,548.79,0.0,PLN
SO-2024-000996,3,2024-02-11,2024-02-13,PL-MKT-01,C003024,vm-app-0011,1,401.79,0.0,PLN
SO-2024-000996,4,2024-02-11,2024-02-13,PL-MKT-01,C003024,VM-ACC-0017,3,56.83,0.0,PLN
SO-2024-000997,1,2024-02-11,2024-02-15,PL-MKT-01,C006931,VM-ACC-0018,3,48.99,0.05,PLN
SO-2024-000998,1,2024-02-11,2024-02-15,PL-MKT-01,C004042,VM-NUT-0002,4,14.69,0.0,PLN
SO-2024-000999,1,2024-02-11,2024-02-14,PL-MKT-01,C006932,VM-CMP-0009,2,342.99,0.05,PLN
SO-2024-000999,2,2024-02-11,2024-02-14,PL-MKT-01,C006932,VM-CMP-0013,1,519.39,0.05,PLN
SO-2024-001000,1,2024-02-11,2024-02-13,PL-MKT-01,C006375,VM-ACC-0006,8,930.99,0.08,PLN
SO-2024-001001,1,2024-02-11,2024-02-13,PL-MKT-01,C004475,VM-APP-0001,8,450.79,0.1,PLN
SO-2024-001002,1,2024-02-11,2024-02-11,CZ-PRG-01,C006933,VM-NUT-0004,14,37.0,0.0,CZK
SO-2024-001002,2,2024-02-11,2024-02-11,CZ-PRG-01,C006933,VM-CMP-0019,1,1111.0,0.0,CZK
SO-2024-001003,1,2024-02-11,2024-02-11,CZ-PRG-01,,VM-NUT-0009,2,449.0,0.05,CZK
SO-2024-001003,2,2024-02-11,2024-02-11,CZ-PRG-01,,VM-CMP-0013,1,2803.0,0.05,CZK
SO-2024-001004,1,2024-02-11,2024-02-15,CZ-WEB-01,C006934,VM-CMP-0015,1,4866.0,0.0,CZK
SO-2024-001004,2,2024-02-11,2024-02-15,CZ-WEB-01,C006934,VM-ACC-0009,2,2115.0,0.05,CZK
SO-2024-001005,1,2024-02-11,2024-02-12,CZ-WEB-01,C002035,VM-APP-0017,2,1005.0,0.0,CZK
SO-2024-001005,2,2024-02-11,2024-02-12,CZ-WEB-01,C002035,VM-ACC-0008,1,2115.0,0.0,CZK
SO-2024-001005,3,2024-02-11,2024-02-12,CZ-WEB-01,C002035,VM-ACC-0018,2,264.0,0.0,CZK
SO-2024-001005,4,2024-02-11,2024-02-12,CZ-WEB-01,C002035,VM-NUT-0010,2,185.0,0.0,CZK
SO-2024-001006,1,2024-02-11,2024-02-14,CZ-WEB-01,C006434,VM-CMP-0002,1,2962.0,0.05,CZK
SO-2024-001007,1,2024-02-11,2024-02-15,CZ-WEB-01,C006935,VM-NUT-0003,13,58.0,0.0,CZK
SO-2024-001008,1,2024-02-11,2024-02-13,CZ-WEB-01,C001274,VM-CMP-0010,1,2063.0,0.0,CZK
SO-2024-001009,1,2024-02-11,2024-02-12,DE-WEB-01,C004694,VM-APP-0016,1,135.85,0.0,EUR
SO-2024-001010,1,2024-02-12,2024-02-12,PL-WAW-01,,VM-ACC-0014,1,107.79,0.0,PLN
SO-2024-001010,2,2024-02-12,2024-02-12,PL-WAW-01,,VM-NUT-0001,15,8.81,0.0,PLN
SO-2024-001011,1,2024-02-12,2024-02-12,PL-WAW-01,,VM-APP-0013,1,431.19,0.0,PLN
SO-2024-001011,2,2024-02-12,2024-02-12,PL-WAW-01,,VM-ACC-0002,2,597.79,0.1,PLN
SO-2024-001012,1,2024-02-12,2024-02-12,PL-WAW-01,C002583,VM-BIK-0009,1,5527.19,0.0,PLN
SO-2024-001012,2,2024-02-12,2024-02-12,PL-WAW-01,C002583,VM-ACC-0004,2,764.39,0.0,PLN
SO-2024-001013,1,2024-02-12,2024-02-12,PL-WAW-01,C006936,VM-ACC-0013,1,166.59,0.0,PLN
SO-2024-001013,2,2024-02-12,2024-02-12,PL-WAW-01,C006936,VM-APP-0001,2,450.79,0.0,PLN
SO-2024-001014,1,2024-02-12,2024-02-12,PL-WAW-01,C004454,VM-CMP-0020,2,254.79,0.0,PLN
SO-2024-001014,2,2024-02-12,2024-02-12,PL-WAW-01,C004454,VM-NUT-0011,4,52.91,0.0,PLN
SO-2024-001014,3,2024-02-12,2024-02-12,PL-WAW-01,C004454,VM-NUT-0009,2,83.29,0.0,PLN
SO-2024-001015,1,2024-02-12,2024-02-12,PL-KRK-01,,VM-NUT-0004,6,6.85,0.0,PLN
SO-2024-001015,2,2024-02-12,2024-02-12,PL-KRK-01,,VM-APP-0007,1,156.79,0.0,PLN
SO-2024-001016,1,2024-02-12,2024-02-12,PL-KRK-01,,VM-ACC-0008,2,391.99,0.0,PLN
SO-2024-001017,1,2024-02-12,2024-02-12,PL-GDN-01,,vm-acc-0003,2,284.19,0.0,PLN
SO-2024-001017,2,2024-02-12,2024-02-12,PL-GDN-01,,VM-NUT-0011,1,52.91,0.0,PLN
SO-2024-001018,1,2024-02-12,2024-02-12,PL-GDN-01,,VM-NUT-0003,9,10.77,0.0,PLN
SO-2024-001019,1,2024-02-12,2024-02-12,PL-POZ-01,, VM-BIK-0004 ,1,4184.59,0.0,PLN
SO-2024-001020,1,2024-02-12,2024-02-12,PL-POZ-01,C006937,VM-BIK-0007,1,6908.99,0.0,PLN
SO-2024-001020,2,2024-02-12,2024-02-12,PL-POZ-01,C006937,VM-APP-0002,2,431.19,0.0,PLN
SO-2024-001021,1,2024-02-12,2024-02-16,PL-WEB-01,C006938,VM-APP-0005,1,176.39,0.0,PLN
SO-2024-001021,2,2024-02-12,2024-02-16,PL-WEB-01,C006938,VM-CMP-0013,1,519.39,0.0,PLN
SO-2024-001022,1,2024-02-12,2024-02-15,PL-WEB-01,C006939,VM-ACC-0022,1,1538.59,0.0,PLN
SO-2024-001023,1,2024-02-12,2024-02-13,PL-WEB-01,C005129,VM-CMP-0020,4,254.79,0.0,PLN
SO-2024-001024,1,2024-02-12,2024-02-16,PL-WEB-01,C006940,VM-BIK-0013,1,4703.99,0.0,PLN
SO-2024-001024,2,2024-02-12,2024-02-16,PL-WEB-01,C006940,VM-ACC-0012,1,70.55,0.0,PLN
SO-2024-001025,1,2024-02-12,2024-02-13,PL-WEB-01,C006477,VM-APP-0020,2,176.39,0.1,PLN
SO-2024-001026,1,2024-02-12,2024-02-14,PL-WEB-01,C006941,VM-ACC-0019,1,48.99,0.05,PLN
SO-2024-001026,2,2024-02-12,2024-02-14,PL-WEB-01,C006941,VM-NUT-0005,10,8.81,0.05,PLN
SO-2024-001026,3,2024-02-12,2024-02-14,PL-WEB-01,C006941,VM-APP-0013,1,431.19,0.05,PLN
SO-2024-001026,4,2024-02-12,2024-02-14,PL-WEB-01,C006941,VM-ACC-0008,1,391.99,0.05,PLN
SO-2024-001027,1,2024-02-12,2024-02-14,PL-WEB-01,C005842,VM-APP-0001,4,450.79,0.1,PLN
SO-2024-001027,2,2024-02-12,2024-02-14,PL-WEB-01,C005842,VM-NUT-0004,52,6.85,0.1,PLN
SO-2024-001028,1,2024-02-12,2024-02-16,PL-WEB-01,C001048,VM-APP-0013,2,431.19,0.12,PLN
SO-2024-001028,2,2024-02-12,2024-02-16,PL-WEB-01,C001048,VM-NUT-0002,24,14.69,0.08,PLN
SO-2024-001029,1,2024-02-12,2024-02-15,PL-WEB-01,C006942,VM-NUT-0002,13,14.69,0.05,PLN
SO-2024-001030,1,2024-02-12,2024-02-14,PL-MKT-01,C000080,VM-CMP-0017,4,489.99,0.1,PLN
SO-2024-001031,1,2024-02-12,2024-02-13,PL-MKT-01,C006267,VM-CMP-0016,2,2410.79,0.05,PLN
SO-2024-001031,2,2024-02-12,2024-02-13,PL-MKT-01,C006267, VM-APP-0001 ,3,450.79,0.05,PLN
SO-2024-001032,1,2024-02-12,2024-02-14,PL-MKT-01,C006943,VM-NUT-0010,3,34.29,0.0,PLN
SO-2024-001033,1,2024-02-12,2024-02-13,PL-MKT-01,C006944,VM-ACC-0011,2,70.55,0.0,PLN
SO-2024-001033,2,2024-02-12,2024-02-13,PL-MKT-01,C006944,VM-APP-0007,1,156.79,0.0,PLN
SO-2024-001033,3,2024-02-12,2024-02-13,PL-MKT-01,C006944,VM-APP-0006,2,303.79,0.0,PLN
SO-2024-001034,1,2024-02-12,2024-02-14,PL-MKT-01,C006945,VM-ACC-0014,1,107.79,0.0,PLN
SO-2024-001035,1,2024-02-12,2024-02-14,PL-MKT-01,C001180,VM-ACC-0008,1,391.99,0.0,PLN
SO-2024-001035,2,2024-02-12,2024-02-14,PL-MKT-01,C001180,VM-APP-0002,3,431.19,0.0,PLN
SO-2024-001035,3,2024-02-12,2024-02-14,PL-MKT-01,C001180,VM-CMP-0010,1,382.19,0.1,PLN
SO-2024-001036,1,2024-02-12,2024-02-16,PL-MKT-01,C006946,VM-CMP-0011,1,156.79,0.0,PLN
SO-2024-001037,1,2024-02-12,2024-02-16,PL-MKT-01,C006930,VM-ACC-0007,2,352.79,0.05,PLN
SO-2024-001037,2,2024-02-12,2024-02-16,PL-MKT-01,C006930,VM-ACC-0019,1,48.99,0.05,PLN
SO-2024-001037,3,2024-02-12,2024-02-16,PL-MKT-01,C006930,VM-CMP-0008,2,431.19,0.05,PLN
SO-2024-001038,1,2024-02-12,2024-02-14,PL-MKT-01,C000901,VM-ACC-0008,1,391.99,0.0,PLN
SO-2024-001038,2,2024-02-12,2024-02-14,PL-MKT-01,C000901,VM-CMP-0013,2,519.39,0.0,PLN
SO-2024-001039,1,2024-02-12,2024-02-12,CZ-PRG-01,,VM-CMP-0020,4,1375.0,0.0,CZK
SO-2024-001040,1,2024-02-12,2024-02-15,CZ-WEB-01,C006947,VM-BIK-0013,1,25386.0,0.0,CZK
SO-2024-001041,1,2024-02-12,2024-02-12,DE-BER-01,,VM-ACC-0008,2,89.08,0.0,EUR
SO-2024-001042,1,2024-02-12,2024-02-16,DE-WEB-01,C000234,VM-ACC-0012,1,16.03,0.0,EUR
SO-2024-001043,1,2024-02-12,2024-02-15,DE-WEB-01,C006802,VM-CMP-0021,1,10.69,0.0,EUR
SO-2024-001043,2,2024-02-12,2024-02-15,DE-WEB-01,C006802,VM-CMP-0001,1,89.08,0.0,EUR
SO-2024-001044,1,2024-02-12,2024-02-14,DE-WEB-01,C003608,VM-ACC-0020,1,180.39,0.0,EUR
SO-2024-001045,1,2024-02-12,2024-02-14,DE-WEB-01,C005353,VM-CMP-0023,2,13.14,0.0,EUR
SO-2024-001046,1,2024-02-13,2024-02-13,PL-WAW-01,,VM-APP-0019,1,64.67,0.0,PLN
SO-2024-001046,2,2024-02-13,2024-02-13,PL-WAW-01,,VM-APP-0001,2,450.79,0.0,PLN
SO-2024-001047,1,2024-02-13,2024-02-13,PL-WAW-01,C006252,vm-acc-0007,1,352.79,0.05,PLN
SO-2024-001048,1,2024-02-13,2024-02-13,PL-WAW-02,,VM-NUT-0001,3,8.81,0.0,PLN
SO-2024-001048,2,2024-02-13,2024-02-13,PL-WAW-02,,VM-ACC-0008,2,391.99,0.0,PLN
SO-2024-001049,1,2024-02-13,2024-02-13,PL-WAW-02,C004993,VM-NUT-0009,4,83.29,0.0,PLN
SO-2024-001050,1,2024-02-13,2024-02-13,PL-WAW-02,, VM-CMP-0012 ,2,529.19,0.0,PLN
SO-2024-001050,2,2024-02-13,2024-02-13,PL-WAW-02,,VM-CMP-0015,2,901.59,0.0,PLN
SO-2024-001051,1,2024-02-13,2024-02-13,PL-KRK-01,C006948,VM-NUT-0004,8,6.85,0.0,PLN
SO-2024-001051,2,2024-02-13,2024-02-13,PL-KRK-01,C006948,VM-APP-0010,1,166.59,0.0,PLN
SO-2024-001051,3,2024-02-13,2024-02-13,PL-KRK-01,C006948,VM-BIK-0013,1,4703.99,0.0,PLN
SO-2024-001052,1,2024-02-13,2024-02-13,PL-KRK-01,C006949,VM-NUT-0007,4,12.73,0.0,PLN
SO-2024-001053,1,2024-02-13,2024-02-13,PL-KRK-01,C003823,VM-CMP-0017,2,489.99,0.05,PLN
SO-2024-001054,1,2024-02-13,2024-02-13,PL-KRK-01,C005011,VM-BIK-0011,1,8476.99,0.05,PLN
SO-2024-001055,1,2024-02-13,2024-02-13,PL-GDN-01,C000493,VM-APP-0018,8,127.39,0.1,PLN
SO-2024-001055,2,2024-02-13,2024-02-13,PL-GDN-01,C000493,VM-ACC-0008,8,391.99,0.12,PLN
SO-2024-001056,1,2024-02-13,2024-02-13,PL-GDN-01,C001511,VM-APP-0002,10,431.19,0.1,PLN
SO-2024-001056,2,2024-02-13,2024-02-13,PL-GDN-01,C001511,VM-CMP-0017,10,489.99,0.08,PLN
SO-2024-001057,1,2024-02-13,2024-02-13,PL-GDN-01,C005111,VM-APP-0002,3,431.19,0.05,PLN
SO-2024-001058,1,2024-02-13,2024-02-13,PL-POZ-01,C000176,VM-ACC-0008,2,391.99,0.0,PLN
SO-2024-001059,1,2024-02-13,2024-02-14,PL-WEB-01,C006950,VM-APP-0010,2,166.59,0.0,PLN
SO-2024-001059,2,2024-02-13,2024-02-14,PL-WEB-01,C006950,VM-APP-0006,2,303.79,0.0,PLN
SO-2024-001060,1,2024-02-13,2024-02-14,PL-WEB-01,C004963,VM-ACC-0008,1,391.99,0.0,PLN
SO-2024-001060,2,2024-02-13,2024-02-14,PL-WEB-01,C004963,VM-APP-0008,1,156.79,0.0,PLN
SO-2024-001061,1,2024-02-13,2024-02-16,PL-WEB-01,C006951,VM-CMP-0013,2,519.39,0.0,PLN
SO-2024-001061,2,2024-02-13,2024-02-16,PL-WEB-01,C006951,vm-cmp-0001,2,391.99,0.0,PLN
SO-2024-001062,1,2024-02-13,2024-02-16,PL-WEB-01,C006952,VM-APP-0015,1,558.59,0.0,PLN
SO-2024-001062,2,2024-02-13,2024-02-16,PL-WEB-01,C006952,VM-APP-0001,2,450.79,0.0,PLN
SO-2024-001063,1,2024-02-13,2024-02-17,PL-WEB-01,C004139,VM-CMP-0017,2,489.99,0.0,PLN
SO-2024-001064,1,2024-02-13,2024-02-17,PL-WEB-01,C006953,VM-EBK-0003,1,8908.19,0.0,PLN
SO-2024-001065,1,2024-02-13,2024-02-17,PL-MKT-01,C006954,VM-CMP-0012,1,529.19,0.0,PLN
SO-2024-001066,1,2024-02-13,2024-02-15,PL-MKT-01,C004281,VM-APP-0008,2,156.79,0.0,PLN
SO-2024-001067,1,2024-02-13,2024-02-15,PL-MKT-01,C006955,VM-CMP-0013,2,519.39,0.0,PLN
SO-2024-001068,1,2024-02-13,2024-02-15,PL-MKT-01,C002014,VM-CMP-0013,1,519.39,0.0,PLN
SO-2024-001069,1,2024-02-13,2024-02-13,DE-BER-01,C006860,VM-CMP-0012,1,120.26,0.0,EUR
SO-2024-001069,2,2024-02-13,2024-02-13,DE-BER-01,C006860,VM-BIK-0022,1,311.79,0.0,EUR
SO-2024-001070,1,2024-02-13,2024-02-13,DE-BER-01,,VM-NUT-0001,6,2.0,0.0,EUR
SO-2024-001071,1,2024-02-13,2024-02-13,DE-BER-01,C006956,VM-APP-0020,2,40.09,0.0,EUR
SO-2024-001072,1,2024-02-14,2024-02-14,PL-WAW-01,C005319,VM-BIK-0003,1,6409.19,0.0,PLN
SO-2024-001072,2,2024-02-14,2024-02-14,PL-WAW-01,C005319,VM-EBK-0011,1,14347.19,0.0,PLN
SO-2024-001072,3,2024-02-14,2024-02-14,PL-WAW-01,C005319,VM-CMP-0009,2,342.99,0.0,PLN
SO-2024-001073,1,2024-02-14,2024-02-14,PL-WAW-01,C006957,VM-CMP-0013,2,519.39,0.0,PLN
SO-2024-001074,1,2024-02-14,2024-02-14,PL-WAW-01,C003355,VM-NUT-0003,3,10.77,0.05,PLN
SO-2024-001074,2,2024-02-14,2024-02-14,PL-WAW-01,C003355, VM-APP-0020 ,1,176.39,0.05,PLN
SO-2024-001074,3,2024-02-14,2024-02-14,PL-WAW-01,C003355,VM-ACC-0020,1,793.79,0.05,PLN
SO-2024-001075,1,2024-02-14,2024-02-14,PL-WAW-01,C006958,VM-ACC-0008,2,391.99,0.0,PLN
SO-2024-001076,1,2024-02-14,2024-02-14,PL-WAW-01,C006959,VM-CMP-0009,2,342.99,0.0,PLN
SO-2024-001077,1,2024-02-14,2024-02-14,PL-WAW-01,C002812,VM-NUT-0005,16,8.81,0.08,PLN
SO-2024-001077,2,2024-02-14,2024-02-14,PL-WAW-01,C002812,VM-NUT-0002,42,14.69,0.12,PLN
SO-2024-001077,3,2024-02-14,2024-02-14,PL-WAW-01,C002812,VM-ACC-0008,3,391.99,0.12,PLN
SO-2024-001078,1,2024-02-14,2024-02-14,PL-WAW-02,C005647,VM-BIK-0002,1,9437.39,0.0,PLN
SO-2024-001079,1,2024-02-14,2024-02-14,PL-KRK-01,C006960,VM-BIK-0013,1,4703.99,0.0,PLN
SO-2024-001080,1,2024-02-14,2024-02-14,PL-WRO-01,C006961,VM-ACC-0020,1,793.79,0.1,PLN
SO-2024-001081,1,2024-02-14,2024-02-14,PL-POZ-01,C006379,VM-ACC-0008,1,391.99,0.0,PLN
SO-2024-001081,2,2024-02-14,2024-02-14,PL-POZ-01,C006379,VM-CMP-0010,2,382.19,0.0,PLN
SO-2024-001081,3,2024-02-14,2024-02-14,PL-POZ-01,C006379,VM-APP-0007,1,156.79,0.0,PLN
SO-2024-001082,1,2024-02-14,2024-02-14,PL-POZ-01,C006962,VM-ACC-0008,1,391.99,0.05,PLN
SO-2024-001083,1,2024-02-14,2024-02-14,PL-POZ-01,C003215,VM-ACC-0020,1,793.79,0.0,PLN
SO-2024-001084,1,2024-02-14,2024-02-14,PL-POZ-01,C000481,VM-ACC-0008,1,391.99,0.0,PLN
SO-2024-001085,1,2024-02-14,2024-02-17,PL-WEB-01,C006963,VM-CMP-0009,2,342.99,0.0,PLN
SO-2024-001086,1,2024-02-14,2024-02-15,PL-WEB-01,C006964,VM-BIK-0014,1,3753.39,0.0,PLN
SO-2024-001086,2,2024-02-14,2024-02-15,PL-WEB-01,C006964,VM-APP-0013,1,431.19,0.0,PLN
SO-2024-001087,1,2024-02-14,2024-02-15,PL-WEB-01,C000445,VM-ACC-0001,1,372.39,0.0,PLN
SO-2024-001088,1,2024-02-14,2024-02-16,PL-WEB-01,C000374,VM-ACC-0023,1,911.39,0.0,PLN
SO-2024-001088,2,2024-02-14,2024-02-16,PL-WEB-01,C000374,VM-CMP-0013,1,519.39,0.0,PLN
SO-2024-001089,1,2024-02-14,2024-02-18,PL-WEB-01,C003556,VM-CMP-0012,2,529.19,0.0,PLN
SO-2024-001090,1,2024-02-14,2024-02-17,PL-WEB-01,C006965,VM-APP-0010,2,166.59,0.0,PLN
SO-2024-001090,2,2024-02-14,2024-02-17,PL-WEB-01,C006965,VM-BIK-0001,1,13416.19,0.1,PLN
SO-2024-001090,3,2024-02-14,2024-02-17,PL-WEB-01,C006965,VM-CMP-0017,1,489.99,0.0,PLN
SO-2024-001091,1,2024-02-14,2024-02-15,PL-MKT-01,C001319,VM-ACC-0008,1,391.99,0.0,PLN
SO-2024-001092,1,2024-02-14,2024-02-16,PL-MKT-01,C001763,VM-ACC-0014,1,107.79,0.0,PLN
SO-2024-001093,1,2024-02-14,2024-02-17,PL-MKT-01,C006966,VM-APP-0001,3,450.79,0.0,PLN
SO-2024-001093,2,2024-02-14,2024-02-17,PL-MKT-01,C006966,VM-CMP-0017,1,489.99,0.0,PLN
SO-2024-001093,3,2024-02-14,2024-02-17,PL-MKT-01,C006966,VM-CMP-0019,3,205.79,0.0,PLN
SO-2024-001094,1,2024-02-14,2024-02-16,CZ-WEB-01,C000703,VM-ACC-0012,1,381.0,0.1,CZK
SO-2024-001094,2,2024-02-14,2024-02-16,CZ-WEB-01,C000703,VM-ACC-0020,1,4284.0,0.0,CZK
SO-2024-001095,1,2024-02-14,2024-02-18,DE-WEB-01,C002482,VM-APP-0012,1,193.75,0.05,EUR
SO-2024-001096,1,2024-02-14,2024-02-16,DE-WEB-01,C005745,VM-BIK-0016,1,799.52,0.0,EUR
SO-2024-001096,2,2024-02-14,2024-02-16,DE-WEB-01,C005745,VM-ACC-0007,2,80.17,0.0,EUR
SO-2024-001096,3,2024-02-14,2024-02-16,DE-WEB-01,C005745,VM-APP-0020,2,40.09,0.0,EUR
SO-2024-001097,1,2024-02-15,2024-02-15,PL-WAW-01,C006967,VM-APP-0018,2,127.39,0.0,PLN
SO-2024-001097,2,2024-02-15,2024-02-15,PL-WAW-01,C006967,VM-ACC-0017,3,56.83,0.0,PLN
SO-2024-001097,3,2024-02-15,2024-02-15,PL-WAW-01,C006967,VM-CMP-0009,1,342.99,0.0,PLN
SO-2024-001097,4,2024-02-15,2024-02-15,PL-WAW-01,C006967,VM-ACC-0014,1,107.79,0.0,PLN
SO-2024-001098,1,2024-02-15,2024-02-15,PL-WAW-01,C004438,VM-BIK-0006,1,6458.19,0.1,PLN
SO-2024-001099,1,2024-02-15,2024-02-15,PL-WAW-01,C004672,VM-CMP-0017,2,489.99,0.05,PLN
SO-2024-001099,2,2024-02-15,2024-02-15,PL-WAW-01,C004672,VM-NUT-0011,1,52.91,0.05,PLN
SO-2024-001100,1,2024-02-15,2024-02-15,PL-WAW-01,C006968,VM-ACC-0011,1,70.55,0.0,PLN
SO-2024-001100,2,2024-02-15,2024-02-15,PL-WAW-01,C006968,VM-BIK-0004,1,4184.59,0.0,PLN
SO-2024-001100,3,2024-02-15,2024-02-15,PL-WAW-01,C006968,VM-ACC-0021,1,764.39,0.0,PLN
SO-2024-001100,4,2024-02-15,2024-02-15,PL-WAW-01,C006968, VM-EBK-0010 ,1,13220.19,0.0,PLN
SO-2024-001101,1,2024-02-15,2024-02-15,PL-WAW-01,,VM-BIK-0021,1,1224.99,0.0,PLN
SO-2024-001101,2,2024-02-15,2024-02-15,PL-WAW-01,,VM-ACC-0018,2,48.99,0.0,PLN
SO-2024-001102,1,2024-02-15,2024-02-15,PL-WAW-01,C005643,VM-NUT-0006,6,9.79,0.0,PLN
SO-2024-001103,1,2024-02-15,2024-02-15,PL-WAW-01,C006969,VM-NUT-0006,10,9.79,0.05,PLN
SO-2024-001104,1,2024-02-15,2024-02-15,PL-WAW-01,C006970,VM-EBK-0003,1,8908.19,0.0,PLN
SO-2024-001105,1,2024-02-15,2024-02-15,PL-WAW-02,,VM-ACC-0021,1,764.39,0.0,PLN
SO-2024-001105,2,2024-02-15,2024-02-15,PL-WAW-02,,VM-CMP-0002,1,548.79,0.0,PLN
SO-2024-001106,1,2024-02-15,2024-02-15,PL-KRK-01,C006971,VM-BIK-0007,1,6908.99,0.0,PLN
SO-2024-001106,2,2024-02-15,2024-02-15,PL-KRK-01,C006971,VM-APP-0005,1,176.39,0.0,PLN
SO-2024-001106,3,2024-02-15,2024-02-15,PL-KRK-01,C006971,VM-ACC-0014,1,107.79,0.1,PLN
SO-2024-001106,4,2024-02-15,2024-02-15,PL-KRK-01,C006971,VM-ACC-0017,1,56.83,0.0,PLN
SO-2024-001107,1,2024-02-15,2024-02-15,PL-KRK-01,C004141,VM-NUT-0010,4,34.29,0.05,PLN
SO-2024-001108,1,2024-02-15,2024-02-15,PL-KRK-01,C001497,VM-APP-0001,1,450.79,0.0,PLN
SO-2024-001108,2,2024-02-15,2024-02-15,PL-KRK-01,C001497,VM-NUT-0006,5,9.79,0.0,PLN
SO-2024-001109,1,2024-02-15,2024-02-15,PL-KRK-01,C006972,VM-APP-0014,1,480.19,0.0,PLN
SO-2024-001110,1,2024-02-15,2024-02-15,PL-WRO-01,,VM-APP-0002,2,431.19,0.05,PLN
SO-2024-001111,1,2024-02-15,2024-02-15,PL-POZ-01,C005768,VM-CMP-0013,2,519.39,0.0,PLN
SO-2024-001111,2,2024-02-15,2024-02-15,PL-POZ-01,C005768,VM-ACC-0007,1,352.79,0.0,PLN
SO-2024-001111,3,2024-02-15,2024-02-15,PL-POZ-01,C005768,VM-NUT-0006,11,9.79,0.0,PLN
SO-2024-001111,4,2024-02-15,2024-02-15,PL-POZ-01,C005768,VM-CMP-0009,2,342.99,0.0,PLN
SO-2024-001112,1,2024-02-15,2024-02-18,PL-WEB-01,C006973,VM-APP-0002,1,431.19,0.0,PLN
SO-2024-001112,2,2024-02-15,2024-02-18,PL-WEB-01,C006973,VM-CMP-0013,2,519.39,0.0,PLN
SO-2024-001113,1,2024-02-15,2024-02-17,PL-WEB-01,C002838,VM-CMP-0017,2,489.99,0.1,PLN
SO-2024-001113,2,2024-02-15,2024-02-17,PL-WEB-01,C002838,VM-BIK-0017,1,1871.79,0.0,PLN
SO-2024-001114,1,2024-02-15,2024-02-18,PL-WEB-01,C006974,VM-NUT-0005,6,8.81,0.0,PLN
SO-2024-001115,1,2024-02-15,2024-02-18,PL-MKT-01,C005953,VM-NUT-0011,2,52.91,0.0,PLN
SO-2024-001115,2,2024-02-15,2024-02-18,PL-MKT-01,C005953,VM-APP-0007,1,156.79,0.0,PLN
SO-2024-001116,1,2024-02-15,2024-02-17,PL-MKT-01,C006975,VM-APP-0002,2,431.19,0.0,PLN
SO-2024-001117,1,2024-02-15,2024-02-18,CZ-WEB-01,C006976,VM-ACC-0006,1,5024.0,0.0,CZK
SO-2024-001118,1,2024-02-15,2024-02-17,CZ-WEB-01,C006977,VM-ACC-0018,3,264.0,0.0,CZK
SO-2024-001119,1,2024-02-15,2024-02-19,CZ-WEB-01,C001436,VM-CMP-0013,2,2803.0,0.1,CZK
SO-2024-001120,1,2024-02-15,2024-02-16,CZ-WEB-01,C006978,VM-NUT-0005,12,48.0,0.05,CZK
SO-2024-001120,2,2024-02-15,2024-02-16,CZ-WEB-01,C006978,VM-APP-0005,2,952.0,0.05,CZK
SO-2024-001120,3,2024-02-15,2024-02-16,CZ-WEB-01,C006978,VM-EBK-0008,1,79860.0,0.05,CZK
SO-2024-001120,4,2024-02-15,2024-02-16,CZ-WEB-01,C006978,VM-ACC-0002,1,3226.0,0.05,CZK
SO-2024-001121,1,2024-02-15,2024-02-16,DE-WEB-01,C006416,VM-CMP-0002,4,124.71,0.08,EUR
SO-2024-001122,1,2024-02-15,2024-02-18,DE-WEB-01,C006979,VM-CMP-0009,2,77.95,0.0,EUR
SO-2024-001123,1,2024-02-16,2024-02-16,PL-WAW-02,C005483,VM-ACC-0007,2,352.79,0.0,PLN
SO-2024-001123,2,2024-02-16,2024-02-16,PL-WAW-02,C005483,VM-APP-0012,1,852.59,0.0,PLN
SO-2024-001123,3,2024-02-16,2024-02-16,PL-WAW-02,C005483,VM-BIK-0017,1,1871.79,0.0,PLN
SO-2024-001123,4,2024-02-16,2024-02-16,PL-WAW-02,C005483,VM-APP-0009,1,342.99,0.0,PLN
SO-2024-001124,1,2024-02-16,2024-02-16,PL-WAW-02,C006980,VM-CMP-0013,1,519.39,0.0,PLN
SO-2024-001124,2,2024-02-16,2024-02-16,PL-WAW-02,C006980,VM-NUT-0002,4,14.69,0.0,PLN
SO-2024-001125,1,2024-02-16,2024-02-16,PL-WAW-02,C006981,VM-EBK-0008,1,14797.99,0.05,PLN
SO-2024-001126,1,2024-02-16,2024-02-16,PL-WAW-02,C000366,VM-CMP-0009,2,342.99,0.0,PLN
SO-2024-001127,1,2024-02-16,2024-02-16,PL-KRK-01,,VM-EBK-0001,1,7516.59,0.0,PLN
SO-2024-001128,1,2024-02-16,2024-02-16,PL-GDN-01,C005860,VM-CMP-0008,1,431.19,0.0,PLN
SO-2024-001128,2,2024-02-16,2024-02-16,PL-GDN-01,C005860,VM-APP-0001,1,450.79,0.1,PLN
SO-2024-001128,3,2024-02-16,2024-02-16,PL-GDN-01,C005860,VM-APP-0014,1,480.19,0.0,PLN
SO-2024-001129,1,2024-02-16,2024-02-16,PL-GDN-01,C004985,VM-NUT-0007,9,12.73,0.1,PLN
SO-2024-001129,2,2024-02-16,2024-02-16,PL-GDN-01,C004985,vm-app-0013,3,431.19,0.12,PLN
SO-2024-001130,1,2024-02-16,2024-02-16,PL-GDN-01,C006982,VM-CMP-0018,3,60.75,0.05,PLN
SO-2024-001131,1,2024-02-16,2024-02-16,PL-GDN-01,C006983,VM-ACC-0014,1,107.79,0.0,PLN
SO-2024-001132,1,2024-02-16,2024-02-16,PL-GDN-01,,VM-APP-0002,1,431.19,0.0,PLN
SO-2024-001133,1,2024-02-16,2024-02-18,PL-WEB-01,C006984,VM-CMP-0021,2,47.03,0.0,PLN
SO-2024-001134,1,2024-02-16,2024-02-20,PL-WEB-01,C006985,VM-ACC-0018,1,48.99,0.0,PLN
SO-2024-001134,2,2024-02-16,2024-02-20,PL-WEB-01,C006985,VM-APP-0018,1,127.39,0.0,PLN
SO-2024-001135,1,2024-02-16,2024-02-20,PL-WEB-01,C003086,VM-NUT-0001,8,8.81,0.0,PLN
SO-2024-001136,1,2024-02-16,2024-02-19,PL-WEB-01,C006986,VM-ACC-0008,1,391.99,0.0,PLN
SO-2024-001137,1,2024-02-16,2024-02-18,PL-WEB-01,C002955,VM-ACC-0004,1,764.39,0.0,PLN
SO-2024-001137,2,2024-02-16,2024-02-18,PL-WEB-01,C002955,VM-CMP-0009,2,342.99,0.0,PLN
SO-2024-001138,1,2024-02-16,2024-02-17,PL-WEB-01,C002956,VM-APP-0006,2,303.79,0.05,PLN
SO-2024-001139,1,2024-02-16,2024-02-16,CZ-PRG-01,C006987,VM-APP-0010,2,899.0,0.0,CZK
SO-2024-001140,1,2024-02-16,2024-02-19,CZ-WEB-01,C000489,VM-ACC-0008,6,2115.0,0.12,CZK
SO-2024-001141,1,2024-02-16,2024-02-16,DE-BER-01,C001675,VM-ACC-0002,2,135.85,0.0,EUR
SO-2024-001142,1,2024-02-16,2024-02-16,DE-BER-01,C006158,VM-CMP-0013,2,118.03,0.05,EUR
SO-2024-001142,2,2024-02-16,2024-02-16,DE-BER-01,C006158,VM-CMP-0009,1,77.95,0.05,EUR
SO-2024-001142,3,2024-02-16,2024-02-16,DE-BER-01,C006158,VM-NUT-0004,8,1.56,0.05,EUR
SO-2024-001142,4,2024-02-16,2024-02-16,DE-BER-01,C006158,VM-NUT-0009,1,18.93,0.05,EUR
SO-2024-001143,1,2024-02-16,2024-02-18,DE-WEB-01,C000695,VM-NUT-0011,3,12.02,0.0,EUR
SO-2024-001143,2,2024-02-16,2024-02-18,DE-WEB-01,C000695,VM-CMP-0015,1,204.89,0.0,EUR
SO-2024-001143,3,2024-02-16,2024-02-18,DE-WEB-01,C000695,VM-CMP-0012,1,120.26,0.0,EUR
SO-2024-001144,1,2024-02-16,2024-02-18,DE-WEB-01,C005574,VM-BIK-0004,1,950.96,0.0,EUR
SO-2024-001144,2,2024-02-16,2024-02-18,DE-WEB-01,C005574,VM-ACC-0018,2,11.13,0.0,EUR
SO-2024-001145,1,2024-02-16,2024-02-20,DE-WEB-01,C005574,VM-ACC-0023,1,207.12,0.0,EUR
SO-2024-001146,1,2024-02-17,2024-02-17,PL-WAW-01,C006988,VM-APP-0016,1,597.79,0.0,PLN
SO-2024-001146,2,2024-02-17,2024-02-17,PL-WAW-01,C006988,VM-APP-0018,2,127.39,0.0,PLN
SO-2024-001147,1,2024-02-17,2024-02-17,PL-WAW-01,C006989,VM-ACC-0008,2,391.99,0.0,PLN
SO-2024-001147,2,2024-02-17,2024-02-17,PL-WAW-01,C006989,VM-ACC-0003,2,284.19,0.0,PLN
SO-2024-001147,3,2024-02-17,2024-02-17,PL-WAW-01,C006989,VM-ACC-0010,1,244.99,0.0,PLN
SO-2024-001148,1,2024-02-17,2024-02-17,PL-WAW-01,,VM-CMP-0013,2,519.39,0.0,PLN
SO-2024-001149,1,2024-02-17,2024-02-17,PL-WAW-02,C000456,VM-APP-0003,1,303.79,0.0,PLN
SO-2024-001149,2,2024-02-17,2024-02-17,PL-WAW-02,C000456,VM-ACC-0003,1,284.19,0.0,PLN
SO-2024-001150,1,2024-02-17,2024-02-17,PL-WAW-02,C006990,VM-CMP-0023,2,57.81,0.0,PLN
SO-2024-001150,2,2024-02-17,2024-02-17,PL-WAW-02,C006990,VM-APP-0006,3,303.79,0.0,PLN
SO-2024-001151,1,2024-02-17,2024-02-17,PL-KRK-01,C005111,VM-NUT-0002,13,14.69,0.05,PLN
SO-2024-001151,2,2024-02-17,2024-02-17,PL-KRK-01,C005111,VM-CMP-0009,1,342.99,0.05,PLN
SO-2024-001151,3,2024-02-17,2024-02-17,PL-KRK-01,C005111,VM-CMP-0012,2,529.19,0.05,PLN
SO-2024-001151,4,2024-02-17,2024-02-17,PL-KRK-01,C005111,VM-BIK-0016,1,3518.19,0.05,PLN
SO-2024-001152,1,2024-02-17,2024-02-17,PL-KRK-01,C005848,VM-NUT-0006,12,9.79,0.0,PLN
SO-2024-001153,1,2024-02-17,2024-02-17,PL-KRK-01,C006991,VM-BIK-0007,1,6908.99,0.0,PLN
SO-2024-001153,2,2024-02-17,2024-02-17,PL-KRK-01,C006991,VM-BIK-0021,1,1224.99,0.0,PLN
SO-2024-001154,1,2024-02-17,2024-02-17,PL-KRK-01,C000689,VM-CMP-0019,4,205.79,0.0,PLN
SO-2024-001155,1,2024-02-17,2024-02-17,PL-WRO-01,C001738,VM-NUT-0006,12,9.79,0.05,PLN
SO-2024-001156,1,2024-02-17,2024-02-17,PL-WRO-01,C006553,VM-CMP-0014,2,421.39,0.0,PLN
SO-2024-001157,1,2024-02-17,2024-02-17,PL-WRO-01,C006992,vm-cmp-0017,2,489.99,0.0,PLN
SO-2024-001158,1,2024-02-17,2024-02-17,PL-WRO-01,,VM-BIK-0021,1,1224.99,0.0,PLN
SO-2024-001159,1,2024-02-17,2024-02-17,PL-WRO-01,,VM-BIK-0002,1,9437.39,0.05,PLN
SO-2024-001159,2,2024-02-17,2024-02-17,PL-WRO-01,,VM-ACC-0014,1,107.79,0.0,PLN
SO-2024-001160,1,2024-02-17,2024-02-17,PL-GDN-01,C000813,VM-CMP-0012,1,529.19,0.0,PLN
SO-2024-001160,2,2024-02-17,2024-02-17,PL-GDN-01,C000813,VM-CMP-0015,1,901.59,0.0,PLN
SO-2024-001160,3,2024-02-17,2024-02-17,PL-GDN-01,C000813,VM-ACC-0003,1,284.19,0.0,PLN
SO-2024-001160,4,2024-02-17,2024-02-17,PL-GDN-01,C000813,VM-NUT-0009,2,83.29,0.0,PLN
SO-2024-001161,1,2024-02-17,2024-02-17,PL-POZ-01,,VM-ACC-0021,1,764.39,0.0,PLN
SO-2024-001162,1,2024-02-17,2024-02-17,PL-POZ-01,C000644,VM-EBK-0011,1,14347.19,0.0,PLN
SO-2024-001163,1,2024-02-17,2024-02-17,PL-POZ-01,C002273,VM-APP-0014,1,480.19,0.0,PLN
SO-2024-001163,2,2024-02-17,2024-02-17,PL-POZ-01,C002273,VM-APP-0004,1,235.19,0.0,PLN
SO-2024-001164,1,2024-02-17,2024-02-19,PL-WEB-01,C006135,VM-ACC-0003,2,284.19,0.0,PLN
SO-2024-001165,1,2024-02-17,2024-02-21,PL-WEB-01,C001701,VM-BIK-0010,1,6193.59,0.05,PLN
SO-2024-001165,2,2024-02-17,2024-02-21,PL-WEB-01,C001701,VM-ACC-0014,1,107.79,0.05,PLN
SO-2024-001166,1,2024-02-17,2024-02-21,PL-WEB-01,C004044,VM-BIK-0012,1,11573.79,0.0,PLN
SO-2024-001166,2,2024-02-17,2024-02-21,PL-WEB-01,C004044,VM-CMP-0017,2,489.99,0.0,PLN
SO-2024-001166,3,2024-02-17,2024-02-21,PL-WEB-01,C004044,VM-ACC-0012,1,70.55,0.0,PLN
SO-2024-001167,1,2024-02-17,2024-02-21,PL-WEB-01,C006993,VM-ACC-0008,2,391.99,0.0,PLN
SO-2024-001167,2,2024-02-17,2024-02-21,PL-WEB-01,C006993,VM-NUT-0003,14,10.77,0.0,PLN
SO-2024-001168,1,2024-02-17,2024-02-21,PL-WEB-01,C004985,VM-NUT-0004,75,6.85,0.08,PLN
SO-2024-001169,1,2024-02-17,2024-02-18,PL-WEB-01,C006994,VM-NUT-0003,7,10.77,0.0,PLN
SO-2024-001169,2,2024-02-17,2024-02-18,PL-WEB-01,C006994,VM-APP-0002,2,431.19,0.0,PLN
SO-2024-001169,3,2024-02-17,2024-02-18,PL-WEB-01,C006994,VM-ACC-0021,1,764.39,0.0,PLN
SO-2024-001169,4,2024-02-17,2024-02-18,PL-WEB-01,C006994,VM-ACC-0013,1,166.59,0.0,PLN
SO-2024-001170,1,2024-02-17,2024-02-21,PL-MKT-01,C005177,VM-ACC-0017,1,56.83,0.0,PLN
SO-2024-001171,1,2024-02-17,2024-02-20,PL-MKT-01,C005637,VM-ACC-0003,1,284.19,0.05,PLN
SO-2024-001171,2,2024-02-17,2024-02-20,PL-MKT-01,C005637,VM-CMP-0019,4,205.79,0.05,PLN
SO-2024-001172,1,2024-02-17,2024-02-18,PL-MKT-01,C006628,VM-APP-0007,1,156.79,0.0,PLN
SO-2024-001172,2,2024-02-17,2024-02-18,PL-MKT-01,C006628,VM-APP-0018,1,127.39,0.0,PLN
SO-2024-001172,3,2024-02-17,2024-02-18,PL-MKT-01,C006628,VM-BIK-0007,1,6908.99,0.0,PLN
SO-2024-001173,1,2024-02-17,2024-02-18,PL-MKT-01,C003730,VM-APP-0013,1,431.19,0.0,PLN
SO-2024-001174,1,2024-02-17,2024-02-18,PL-MKT-01,C006995,VM-APP-0001,2,450.79,0.0,PLN
SO-2024-001174,2,2024-02-17,2024-02-18,PL-MKT-01,C006995,VM-CMP-0018,2,60.75,0.0,PLN
SO-2024-001175,1,2024-02-17,2024-02-18,PL-MKT-01,C004110,VM-CMP-0009,1,342.99,0.05,PLN
SO-2024-001176,1,2024-02-17,2024-02-17,CZ-PRG-01,,VM-CMP-0023,2,312.0,0.1,CZK
SO-2024-001176,2,2024-02-17,2024-02-17,CZ-PRG-01,,VM-CMP-0008,1,2327.0,0.0,CZK
SO-2024-001177,1,2024-02-17,2024-02-20,CZ-WEB-01,C006996,VM-BIK-0009,1,29828.0,0.0,CZK
SO-2024-001178,1,2024-02-17,2024-02-21,CZ-WEB-01,C002616,VM-CMP-0011,1,846.0,0.05,CZK
SO-2024-001179,1,2024-02-17,2024-02-21,DE-WEB-01,C006441, VM-ACC-0008 ,2,89.08,0.0,EUR
SO-2024-001179,2,2024-02-17,2024-02-21,DE-WEB-01,C006441, VM-BIK-0022 ,1,311.79,0.1,EUR
SO-2024-001180,1,2024-02-17,2024-02-19,DE-WEB-01,C003608,VM-CMP-0009,1,77.95,0.0,EUR
SO-2024-001181,1,2024-02-17,2024-02-18,DE-WEB-01,C006997,VM-ACC-0002,2,135.85,0.1,EUR
SO-2024-001181,2,2024-02-17,2024-02-18,DE-WEB-01,C006997,VM-APP-0002,2,97.99,0.0,EUR
SO-2024-001181,3,2024-02-17,2024-02-18,DE-WEB-01,C006997,VM-NUT-0002,11,3.34,0.0,EUR
SO-2024-001182,1,2024-02-17,2024-02-21,DE-WEB-01,C000308,VM-APP-0015,1,126.94,0.0,EUR
SO-2024-001182,2,2024-02-17,2024-02-21,DE-WEB-01,C000308,VM-APP-0008,1,35.63,0.0,EUR
SO-2024-001182,3,2024-02-17,2024-02-21,DE-WEB-01,C000308,VM-ACC-0019,1,11.13,0.0,EUR
SO-2024-001182,4,2024-02-17,2024-02-21,DE-WEB-01,C000308,VM-BIK-0007,1,1570.08,0.0,EUR
SO-2024-001183,1,2024-02-18,2024-02-22,PL-WEB-01,C001359,VM-NUT-0002,5,14.69,0.0,PLN
SO-2024-001184,1,2024-02-18,2024-02-21,PL-WEB-01,C006998,VM-APP-0007,1,156.79,0.0,PLN
SO-2024-001185,1,2024-02-18,2024-02-19,PL-WEB-01,C006999,VM-ACC-0018,2,48.99,0.1,PLN
SO-2024-001185,2,2024-02-18,2024-02-19,PL-WEB-01,C006999,VM-ACC-0008,2,391.99,0.0,PLN
SO-2024-001186,1,2024-02-18,2024-02-20,PL-WEB-01,C002846,VM-ACC-0014,1,107.79,0.0,PLN
SO-2024-001187,1,2024-02-18,2024-02-19,PL-MKT-01,C007000,VM-CMP-0006,1,195.99,0.0,PLN
SO-2024-001188,1,2024-02-18,2024-02-21,PL-MKT-01,C004282,VM-NUT-0004,5,6.85,0.0,PLN
SO-2024-001189,1,2024-02-18,2024-02-19,PL-MKT-01,C003710,VM-CMP-0002,1,548.79,0.0,PLN
SO-2024-001190,1,2024-02-18,2024-02-18,CZ-PRG-01,C001549, VM-BIK-0004 ,1,22583.0,0.0,CZK
SO-2024-001191,1,2024-02-18,2024-02-19,CZ-WEB-01,C004739,VM-ACC-0005,2,952.0,0.0,CZK
SO-2024-001192,1,2024-02-18,2024-02-19,DE-WEB-01,C007001,VM-CMP-0015,1,204.89,0.0,EUR
SO-2024-001192,2,2024-02-18,2024-02-19,DE-WEB-01,C007001,VM-ACC-0018,2,11.13,0.0,EUR
SO-2024-001193,1,2024-02-18,2024-02-22,DE-WEB-01,C001162,VM-NUT-0001,5,2.0,0.0,EUR
SO-2024-001193,2,2024-02-18,2024-02-22,DE-WEB-01,C001162,VM-EBK-0001,1,1708.16,0.0,EUR
SO-2024-001194,1,2024-02-18,2024-02-21,DE-WEB-01,C003348, VM-BIK-0001 ,1,3048.86,0.0,EUR
SO-2024-001194,2,2024-02-18,2024-02-21,DE-WEB-01,C003348,vm-acc-0008,1,89.08,0.0,EUR
SO-2024-001195,1,2024-02-19,2024-02-19,PL-WAW-01,C006688,VM-CMP-0009,2,342.99,0.0,PLN
SO-2024-001196,1,2024-02-19,2024-02-19,PL-WAW-01,,VM-ACC-0007,2,352.79,0.0,PLN
SO-2024-001196,2,2024-02-19,2024-02-19,PL-WAW-01,,VM-CMP-0019,1,205.79,0.0,PLN
SO-2024-001196,3,2024-02-19,2024-02-19,PL-WAW-01,,VM-CMP-0017,1,489.99,0.0,PLN
SO-2024-001197,1,2024-02-19,2024-02-19,PL-WAW-02,,VM-APP-0014,1,480.19,0.1,PLN
SO-2024-001197,2,2024-02-19,2024-02-19,PL-WAW-02,,VM-CMP-0017,1,489.99,0.0,PLN
SO-2024-001197,3,2024-02-19,2024-02-19,PL-WAW-02,,VM-NUT-0001,9,8.81,0.0,PLN
SO-2024-001198,1,2024-02-19,2024-02-19,PL-KRK-01,C005355,VM-NUT-0002,8,14.69,0.05,PLN
SO-2024-001199,1,2024-02-19,2024-02-19,PL-WRO-01,C004231,VM-ACC-0020,1,793.79,0.0,PLN
SO-2024-001199,2,2024-02-19,2024-02-19,PL-WRO-01,C004231,VM-ACC-0003,1,284.19,0.0,PLN
SO-2024-001199,3,2024-02-19,2024-02-19,PL-WRO-01,C004231,VM-CMP-0009,1,342.99,0.0,PLN
SO-2024-001200,1,2024-02-19,2024-02-19,PL-WRO-01,,VM-APP-0005,1,176.39,0.0,PLN
SO-2024-001200,2,2024-02-19,2024-02-19,PL-WRO-01,,VM-CMP-0016,2,2410.79,0.0,PLN
SO-2024-001201,1,2024-02-19,2024-02-20,PL-WEB-01,C007002,VM-CMP-0001,1,391.99,0.0,PLN
SO-2024-001201,2,2024-02-19,2024-02-20,PL-WEB-01,C007002,VM-ACC-0008,1,391.99,0.0,PLN
SO-2024-001202,1,2024-02-19,2024-02-23,PL-WEB-01,C006606,VM-EBK-0007,1,14405.99,0.0,PLN
SO-2024-001203,1,2024-02-19,2024-02-21,PL-MKT-01,C007003,VM-NUT-0010,3,34.29,0.0,PLN
SO-2024-001204,1,2024-02-19,2024-02-22,PL-MKT-01,C003937,VM-NUT-0001,13,8.81,0.0,PLN
SO-2024-001205,1,2024-02-19,2024-02-19,CZ-PRG-01,,VM-APP-0001,3,2433.0,0.0,CZK
SO-2024-001205,2,2024-02-19,2024-02-19,CZ-PRG-01,,VM-ACC-0020,1,4284.0,0.0,CZK
SO-2024-001206,1,2024-02-19,2024-02-21,CZ-WEB-01,C007004,VM-ACC-0003,2,1534.0,0.0,CZK
SO-2024-001207,1,2024-02-19,2024-02-19,DE-BER-01,C007005, VM-ACC-0009 ,2,89.08,0.0,EUR
SO-2024-001207,2,2024-02-19,2024-02-19,DE-BER-01,C007005,VM-CMP-0010,2,86.85,0.0,EUR
SO-2024-001208,1,2024-02-19,2024-02-20,DE-WEB-01,C001774,VM-CMP-0015,2,204.89,0.0,EUR
SO-2024-001209,1,2024-02-19,2024-02-22,DE-WEB-01,C007006,VM-CMP-0013,3,118.03,0.1,EUR
SO-2024-001210,1,2024-02-20,2024-02-20,PL-WAW-01,C007007,VM-BIK-0012,1,11573.79,0.0,PLN
SO-2024-001210,2,2024-02-20,2024-02-20,PL-WAW-01,C007007,VM-ACC-0014,1,107.79,0.0,PLN
SO-2024-001210,3,2024-02-20,2024-02-20,PL-WAW-01,C007007,VM-ACC-0007,1,352.79,0.0,PLN
SO-2024-001210,4,2024-02-20,2024-02-20,PL-WAW-01,C007007,VM-ACC-0002,1,597.79,0.0,PLN
SO-2024-001211,1,2024-02-20,2024-02-20,PL-WAW-01,C007008,VM-ACC-0014,1,107.79,0.0,PLN
SO-2024-001212,1,2024-02-20,2024-02-20,PL-WAW-01,C007009,VM-BIK-0011,1,8476.99,0.0,PLN
SO-2024-001212,2,2024-02-20,2024-02-20,PL-WAW-01,C007009,VM-APP-0004,1,235.19,0.0,PLN
SO-2024-001213,1,2024-02-20,2024-02-20,PL-WAW-02,C004065,VM-NUT-0006,12,9.79,0.0,PLN
SO-2024-001213,2,2024-02-20,2024-02-20,PL-WAW-02,C004065,VM-APP-0008,2,156.79,0.0,PLN
SO-2024-001214,1,2024-02-20,2024-02-20,PL-KRK-01,,VM-APP-0001,1,450.79,0.0,PLN
SO-2024-001215,1,2024-02-20,2024-02-20,PL-KRK-01,C001092,VM-APP-0011,6,401.79,0.1,PLN
SO-2024-001215,2,2024-02-20,2024-02-20,PL-KRK-01,C001092,VM-APP-0003,5,303.79,0.12,PLN
SO-2024-001216,1,2024-02-20,2024-02-20,PL-WRO-01,,VM-CMP-0017,1,489.99,0.0,PLN
SO-2024-001217,1,2024-02-20,2024-02-20,PL-WRO-01,C006048,VM-APP-0015,1,558.59,0.0,PLN
SO-2024-001218,1,2024-02-20,2024-02-20,PL-GDN-01,,VM-APP-0004,2,235.19,0.0,PLN
SO-2024-001218,2,2024-02-20,2024-02-20,PL-GDN-01,,VM-BIK-0012,1,11573.79,0.0,PLN
SO-2024-001219,1,2024-02-20,2024-02-20,PL-POZ-01,,VM-CMP-0012,1,529.19,0.0,PLN
SO-2024-001220,1,2024-02-20,2024-02-21,PL-WEB-01,C007010,VM-ACC-0008,2,391.99,0.0,PLN
SO-2024-001221,1,2024-02-20,2024-02-23,PL-WEB-01,C002811,VM-ACC-0002,2,597.79,0.0,PLN
SO-2024-001222,1,2024-02-20,2024-02-22,PL-WEB-01,C006189,VM-ACC-0014,1,107.79,0.0,PLN
SO-2024-001223,1,2024-02-20,2024-02-21,PL-WEB-01,C004144,VM-APP-0005,3,176.39,0.0,PLN
SO-2024-001223,2,2024-02-20,2024-02-21,PL-WEB-01,C004144,VM-APP-0001,3,450.79,0.0,PLN
SO-2024-001223,3,2024-02-20,2024-02-21,PL-WEB-01,C004144,VM-EBK-0010,1,13220.19,0.0,PLN
SO-2024-001223,4,2024-02-20,2024-02-21,PL-WEB-01,C004144,VM-NUT-0002,8,14.69,0.0,PLN
SO-2024-001224,1,2024-02-20,2024-02-22,PL-WEB-01,C000720,VM-ACC-0014,1,107.79,0.0,PLN
SO-2024-001224,2,2024-02-20,2024-02-22,PL-WEB-01,C000720,VM-NUT-0004,8,6.85,0.0,PLN
SO-2024-001225,1,2024-02-20,2024-02-23,PL-MKT-01,C006723,VM-ACC-0007,2,352.79,0.0,PLN
SO-2024-001226,1,2024-02-20,2024-02-23,PL-MKT-01,C003338,VM-CMP-0006,2,195.99,0.0,PLN
SO-2024-001227,1,2024-02-20,2024-02-22,PL-MKT-01,C005124,VM-CMP-0002,2,548.79,0.05,PLN
SO-2024-001227,2,2024-02-20,2024-02-22,PL-MKT-01,C005124,VM-CMP-0014,1,421.39,0.0,PLN
SO-2024-001228,1,2024-02-20,2024-02-20,CZ-PRG-01,,VM-CMP-0016,1,13010.0,0.0,CZK
SO-2024-001229,1,2024-02-20,2024-02-21,CZ-WEB-01,C007011,VM-CMP-0017,2,2644.0,0.1,CZK
SO-2024-001229,2,2024-02-20,2024-02-21,CZ-WEB-01,C007011,VM-EBK-0003,5,48074.0,0.12,CZK
SO-2024-001229,3,2024-02-20,2024-02-21,CZ-WEB-01,C007011,VM-NUT-0003,45,58.0,0.08,CZK
SO-2024-001230,1,2024-02-20,2024-02-20,DE-BER-01,C007012,VM-CMP-0012,2,120.26,0.0,EUR
SO-2024-001230,2,2024-02-20,2024-02-20,DE-BER-01,C007012,VM-ACC-0023,1,207.12,0.0,EUR
SO-2024-001230,3,2024-02-20,2024-02-20,DE-BER-01,C007012,VM-NUT-0011,3,12.02,0.0,EUR
SO-2024-001231,1,2024-02-20,2024-02-23,DE-WEB-01,C007013,VM-ACC-0021,1,173.71,0.0,EUR
SO-2024-001232,1,2024-02-21,2024-02-21,PL-WAW-01,C002890,VM-ACC-0023,1,911.39,0.0,PLN
SO-2024-001232,2,2024-02-21,2024-02-21,PL-WAW-01,C002890,VM-BIK-0017,1,1871.79,0.0,PLN
SO-2024-001233,1,2024-02-21,2024-02-21,PL-WAW-01,C005192,VM-ACC-0008,1,391.99,0.05,PLN
SO-2024-001234,1,2024-02-21,2024-02-21,PL-WAW-01,C007014,VM-CMP-0013,1,519.39,0.0,PLN
SO-2024-001235,1,2024-02-21,2024-02-21,PL-KRK-01,C006477,VM-APP-0005,4,176.39,0.12,PLN
SO-2024-001235,2,2024-02-21,2024-02-21,PL-KRK-01,C006477,VM-CMP-0013,5,519.39,0.12,PLN
SO-2024-001236,1,2024-02-21,2024-02-21,PL-KRK-01,,VM-ACC-0014,1,107.79,0.05,PLN
SO-2024-001236,2,2024-02-21,2024-02-21,PL-KRK-01,,VM-ACC-0003,2,284.19,0.0,PLN
SO-2024-001237,1,2024-02-21,2024-02-21,PL-KRK-01,C004144,VM-EBK-0007,1,14405.99,0.0,PLN
SO-2024-001237,2,2024-02-21,2024-02-21,PL-KRK-01,C004144,VM-ACC-0018,2,48.99,0.0,PLN
SO-2024-001238,1,2024-02-21,2024-02-21,PL-KRK-01,C005382,VM-CMP-0019,3,205.79,0.05,PLN
SO-2024-001239,1,2024-02-21,2024-02-21,PL-WRO-01,C007015,VM-BIK-0007,1,6908.99,0.1,PLN
SO-2024-001240,1,2024-02-21,2024-02-21,PL-GDN-01,C007016,VM-ACC-0014,1,107.79,0.05,PLN
SO-2024-001241,1,2024-02-21,2024-02-21,PL-GDN-01,C005768,VM-ACC-0017,3,56.83,0.0,PLN
SO-2024-001242,1,2024-02-21,2024-02-23,PL-WEB-01,C006452,VM-NUT-0004,8,6.85,0.05,PLN
SO-2024-001243,1,2024-02-21,2024-02-24,PL-WEB-01,C005355,VM-CMP-0010,1,382.19,0.05,PLN
SO-2024-001243,2,2024-02-21,2024-02-24,PL-WEB-01,C005355,VM-NUT-0003,6,10.77,0.05,PLN
SO-2024-001244,1,2024-02-21,2024-02-24,PL-WEB-01,C007017,VM-NUT-0004,8,6.85,0.05,PLN
SO-2024-001245,1,2024-02-21,2024-02-23,PL-WEB-01,C007018,VM-NUT-0004,15,6.85,0.0,PLN
SO-2024-001245,2,2024-02-21,2024-02-23,PL-WEB-01,C007018,VM-CMP-0011,2,156.79,0.0,PLN
SO-2024-001245,3,2024-02-21,2024-02-23,PL-WEB-01,C007018,VM-APP-0008,2,156.79,0.0,PLN
SO-2024-001246,1,2024-02-21,2024-02-23,PL-WEB-01,C003024,vm-cmp-0013,1,519.39,0.0,PLN
SO-2024-001246,2,2024-02-21,2024-02-23,PL-WEB-01,C003024,VM-CMP-0021,1,47.03,0.0,PLN
SO-2024-001247,1,2024-02-21,2024-02-21,CZ-PRG-01,C003780,VM-NUT-0005,12,48.0,0.0,CZK
SO-2024-001247,2,2024-02-21,2024-02-21,CZ-PRG-01,C003780,VM-CMP-0019,4,1111.0,0.0,CZK
SO-2024-001248,1,2024-02-21,2024-02-25,CZ-WEB-01,C001941,VM-BIK-0001,1,72403.0,0.0,CZK
SO-2024-001248,2,2024-02-21,2024-02-25,CZ-WEB-01,C001941,VM-APP-0009,2,1851.0,0.0,CZK
SO-2024-001248,3,2024-02-21,2024-02-25,CZ-WEB-01,C001941,VM-APP-0002,1,2327.0,0.0,CZK
SO-2024-001249,1,2024-02-21,2024-02-24,CZ-WEB-01,C002474,VM-ACC-0008,2,2115.0,0.0,CZK
SO-2024-001250,1,2024-02-21,2024-02-25,CZ-WEB-01,C006789,VM-NUT-0006,55,53.0,0.08,CZK
SO-2024-001251,1,2024-02-21,2024-02-21,DE-BER-01,C000039,VM-ACC-0006,1,211.57,0.0,EUR
SO-2024-001252,1,2024-02-21,2024-02-21,DE-BER-01,C005936,VM-APP-0020,1,40.09,0.0,EUR
SO-2024-001252,2,2024-02-21,2024-02-21,DE-BER-01,C005936,VM-ACC-0017,3,12.91,0.0,EUR
SO-2024-001253,1,2024-02-21,2024-02-23,DE-WEB-01,C007019,VM-ACC-0002,1,135.85,0.05,EUR
SO-2024-001253,2,2024-02-21,2024-02-23,DE-WEB-01,C007019,VM-APP-0004,3,53.45,0.05,EUR
SO-2024-001254,1,2024-02-21,2024-02-25,DE-WEB-01,C007020,VM-ACC-0010,4,55.67,0.12,EUR
SO-2024-001254,2,2024-02-21,2024-02-25,DE-WEB-01,C007020,VM-ACC-0020,3,180.39,0.1,EUR
SO-2024-001255,1,2024-02-21,2024-02-22,DE-WEB-01,C002732,VM-APP-0010,1,37.86,0.0,EUR
SO-2024-001256,1,2024-02-21,2024-02-24,DE-WEB-01,C007021,VM-BIK-0001,1,3048.86,0.05,EUR
SO-2024-001257,1,2024-02-21,2024-02-22,DE-WEB-01,C001967,VM-CMP-0010,2,86.85,0.0,EUR
SO-2024-001257,2,2024-02-21,2024-02-22,DE-WEB-01,C001967,VM-EBK-0009,1,2207.02,0.0,EUR
SO-2024-001258,1,2024-02-21,2024-02-23,DE-WEB-01,C007022,VM-APP-0006,2,69.04,0.0,EUR
SO-2024-001258,2,2024-02-21,2024-02-23,DE-WEB-01,C007022,VM-NUT-0004,9,1.56,0.0,EUR
SO-2024-001259,1,2024-02-21,2024-02-24,DE-WEB-01,C006928,vm-app-0011,2,91.31,0.0,EUR
SO-2024-001259,2,2024-02-21,2024-02-24,DE-WEB-01,C006928,VM-CMP-0002,1,124.71,0.0,EUR
SO-2024-001260,1,2024-02-22,2024-02-22,PL-WAW-01,C003697,VM-CMP-0001,2,391.99,0.0,PLN
SO-2024-001261,1,2024-02-22,2024-02-22,PL-WAW-01,,VM-ACC-0010,1,244.99,0.0,PLN
SO-2024-001261,2,2024-02-22,2024-02-22,PL-WAW-01,,VM-CMP-0009,1,342.99,0.0,PLN
SO-2024-001261,3,2024-02-22,2024-02-22,PL-WAW-01,,VM-CMP-0013,1,519.39,0.0,PLN
SO-2024-001262,1,2024-02-22,2024-02-22,PL-WAW-02,,VM-APP-0017,2,186.19,0.0,PLN
SO-2024-001263,1,2024-02-22,2024-02-22,PL-KRK-01,C006916,VM-BIK-0001,1,13416.19,0.1,PLN
SO-2024-001263,2,2024-02-22,2024-02-22,PL-KRK-01,C006916,VM-ACC-0015,1,342.99,0.05,PLN
SO-2024-001263,3,2024-02-22,2024-02-22,PL-KRK-01,C006916,vm-acc-0008,2,391.99,0.05,PLN
SO-2024-001264,1,2024-02-22,2024-02-22,PL-GDN-01,,VM-BIK-0019,1,1185.79,0.0,PLN
SO-2024-001264,2,2024-02-22,2024-02-22,PL-GDN-01,,VM-ACC-0008,2,391.99,0.0,PLN
SO-2024-001265,1,2024-02-22,2024-02-22,PL-GDN-01,C007023,VM-BIK-0018,1,2351.99,0.0,PLN
SO-2024-001266,1,2024-02-22,2024-02-22,PL-GDN-01,C004809,VM-APP-0002,1,431.19,0.0,PLN
SO-2024-001267,1,2024-02-22,2024-02-22,PL-POZ-01,,VM-APP-0015,1,558.59,0.0,PLN
SO-2024-001268,1,2024-02-22,2024-02-23,PL-WEB-01,C004357,VM-ACC-0022,1,1538.59,0.05,PLN
SO-2024-001269,1,2024-02-22,2024-02-25,PL-WEB-01,C007024,VM-APP-0012,1,852.59,0.0,PLN
SO-2024-001269,2,2024-02-22,2024-02-25,PL-WEB-01,C007024,VM-BIK-0004,1,4184.59,0.0,PLN
SO-2024-001270,1,2024-02-22,2024-02-24,PL-WEB-01,C007025,VM-APP-0001,3,450.79,0.0,PLN
SO-2024-001271,1,2024-02-22,2024-02-25,PL-WEB-01,C000031,VM-CMP-0008,2,431.19,0.0,PLN
SO-2024-001272,1,2024-02-22,2024-02-25,PL-MKT-01,C007026,VM-ACC-0012,1,70.55,0.0,PLN
SO-2024-001272,2,2024-02-22,2024-02-25,PL-MKT-01,C007026,VM-ACC-0008,1,391.99,0.1,PLN
SO-2024-001273,1,2024-02-22,2024-02-23,PL-MKT-01,C007027,VM-ACC-0013,1,166.59,0.0,PLN
SO-2024-001274,1,2024-02-22,2024-02-23,PL-MKT-01,C003570,VM-APP-0004,1,235.19,0.05,PLN
SO-2024-001274,2,2024-02-22,2024-02-23,PL-MKT-01,C003570,VM-CMP-0001,2,391.99,0.05,PLN
SO-2024-001275,1,2024-02-22,2024-02-24,PL-MKT-01,C006629,VM-NUT-0011,1,52.91,0.0,PLN
SO-2024-001275,2,2024-02-22,2024-02-24,PL-MKT-01,C006629,VM-ACC-0007,2,352.79,0.05,PLN
SO-2024-001275,3,2024-02-22,2024-02-24,PL-MKT-01,C006629,VM-APP-0010,2,166.59,0.0,PLN
SO-2024-001275,4,2024-02-22,2024-02-24,PL-MKT-01,C006629,VM-CMP-0023,4,57.81,0.0,PLN
SO-2024-001276,1,2024-02-22,2024-02-24,PL-MKT-01,C007028,VM-ACC-0017,3,56.83,0.0,PLN
SO-2024-001276,2,2024-02-22,2024-02-24,PL-MKT-01,C007028,VM-BIK-0022,1,1371.99,0.0,PLN
SO-2024-001277,1,2024-02-22,2024-02-22,CZ-PRG-01,,VM-ACC-0014,1,582.0,0.0,CZK
SO-2024-001277,2,2024-02-22,2024-02-22,CZ-PRG-01,,VM-APP-0019,2,349.0,0.0,CZK
SO-2024-001278,1,2024-02-22,2024-02-23,CZ-WEB-01,C001436,VM-NUT-0010,1,185.0,0.05,CZK
SO-2024-001279,1,2024-02-22,2024-02-24,DE-WEB-01,C003431,VM-APP-0010,2,37.86,0.0,EUR
SO-2024-001279,2,2024-02-22,2024-02-24,DE-WEB-01,C003431,VM-NUT-0003,12,2.45,0.0,EUR
SO-2024-001280,1,2024-02-22,2024-02-25,DE-WEB-01,C007029,VM-CMP-0016,2,547.86,0.0,EUR
SO-2024-001280,2,2024-02-22,2024-02-25,DE-WEB-01,C007029,VM-CMP-0003,1,53.45,0.0,EUR
SO-2024-001280,3,2024-02-22,2024-02-25,DE-WEB-01,C007029,VM-NUT-0006,9,2.22,0.0,EUR
SO-2024-001281,1,2024-02-23,2024-02-23,PL-WAW-01,,VM-CMP-0021,3,47.03,0.0,PLN
SO-2024-001282,1,2024-02-23,2024-02-23,PL-WAW-01,C007030,VM-ACC-0007,2,352.79,0.0,PLN
SO-2024-001283,1,2024-02-23,2024-02-23,PL-WAW-01,C005203,VM-CMP-0015,1,901.59,0.0,PLN
SO-2024-001284,1,2024-02-23,2024-02-23,PL-WAW-01,,VM-ACC-0013,1,166.59,0.0,PLN
SO-2024-001285,1,2024-02-23,2024-02-23,PL-WAW-01,,VM-APP-0001,3,450.79,0.1,PLN
SO-2024-001286,1,2024-02-23,2024-02-23,PL-WAW-02,C004527,VM-CMP-0009,2,342.99,0.0,PLN
SO-2024-001286,2,2024-02-23,2024-02-23,PL-WAW-02,C004527,VM-ACC-0001,2,372.39,0.0,PLN
SO-2024-001286,3,2024-02-23,2024-02-23,PL-WAW-02,C004527,VM-CMP-0013,2,519.39,0.0,PLN
SO-2024-001286,4,2024-02-23,2024-02-23,PL-WAW-02,C004527,VM-CMP-0006,1,195.99,0.0,PLN
SO-2024-001287,1,2024-02-23,2024-02-23,PL-WAW-02,,VM-CMP-0009,2,342.99,0.0,PLN
SO-2024-001287,2,2024-02-23,2024-02-23,PL-WAW-02,,VM-EBK-0001,1,7516.59,0.0,PLN
SO-2024-001288,1,2024-02-23,2024-02-23,PL-KRK-01,C003815,VM-NUT-0007,5,12.73,0.0,PLN
SO-2024-001288,2,2024-02-23,2024-02-23,PL-KRK-01,C003815,VM-CMP-0010,1,382.19,0.0,PLN
SO-2024-001289,1,2024-02-23,2024-02-23,PL-KRK-01,,VM-NUT-0004,7,6.85,0.0,PLN
SO-2024-001289,2,2024-02-23,2024-02-23,PL-KRK-01,,VM-APP-0004,2,235.19,0.0,PLN
SO-2024-001290,1,2024-02-23,2024-02-23,PL-KRK-01,C002143,VM-ACC-0021,1,764.39,0.05,PLN
SO-2024-001291,1,2024-02-23,2024-02-23,PL-KRK-01,C007031,VM-ACC-0008,2,391.99,0.0,PLN
SO-2024-001291,2,2024-02-23,2024-02-23,PL-KRK-01,C007031, VM-ACC-0014 ,1,107.79,0.0,PLN
SO-2024-001291,3,2024-02-23,2024-02-23,PL-KRK-01,C007031,VM-APP-0010,2,166.59,0.0,PLN
SO-2024-001291,4,2024-02-23,2024-02-23,PL-KRK-01,C007031, VM-CMP-0017 ,2,489.99,0.0,PLN
SO-2024-001292,1,2024-02-23,2024-02-23,PL-WRO-01,C005969,VM-ACC-0017,3,56.83,0.0,PLN
SO-2024-001292,2,2024-02-23,2024-02-23,PL-WRO-01,C005969,vm-app-0003,3,303.79,0.0,PLN
SO-2024-001293,1,2024-02-23,2024-02-25,PL-WEB-01,C006351,VM-ACC-0013,1,166.59,0.0,PLN
SO-2024-001293,2,2024-02-23,2024-02-25,PL-WEB-01,C006351,VM-BIK-0020,1,1185.79,0.0,PLN
SO-2024-001294,1,2024-02-23,2024-02-24,PL-MKT-01,C002014, VM-APP-0001 ,2,450.79,0.0,PLN
SO-2024-001294,2,2024-02-23,2024-02-24,PL-MKT-01,C002014,VM-ACC-0008,2,391.99,0.0,PLN
SO-2024-001294,3,2024-02-23,2024-02-24,PL-MKT-01,C002014,VM-CMP-0001,2,391.99,0.0,PLN
SO-2024-001295,1,2024-02-23,2024-02-26,CZ-WEB-01,C007032,VM-NUT-0001,3,48.0,0.05,CZK
SO-2024-001295,2,2024-02-23,2024-02-26,CZ-WEB-01,C007032,VM-EBK-0003,1,48074.0,0.05,CZK
SO-2024-001295,3,2024-02-23,2024-02-26,CZ-WEB-01,C007032,VM-NUT-0004,15,37.0,0.05,CZK
SO-2024-001296,1,2024-02-23,2024-02-26,CZ-WEB-01,C000375,VM-ACC-0001,2,2010.0,0.0,CZK
SO-2024-001297,1,2024-02-23,2024-02-23,DE-BER-01,C007033,VM-NUT-0005,11,2.0,0.0,EUR
SO-2024-001297,2,2024-02-23,2024-02-23,DE-BER-01,C007033,VM-APP-0007,1,35.63,0.0,EUR
SO-2024-001297,3,2024-02-23,2024-02-23,DE-BER-01,C007033,VM-ACC-0018,3,11.13,0.0,EUR
SO-2024-001297,4,2024-02-23,2024-02-23,DE-BER-01,C007033,VM-ACC-0020,1,180.39,0.0,EUR
SO-2024-001298,1,2024-02-23,2024-02-23,DE-BER-01,C007034,VM-BIK-0004,1,950.96,0.05,EUR
SO-2024-001298,2,2024-02-23,2024-02-23,DE-BER-01,C007034,VM-ACC-0009,1,89.08,0.1,EUR
SO-2024-001299,1,2024-02-23,2024-02-25,DE-WEB-01,C003168,VM-NUT-0006,6,2.22,0.0,EUR
SO-2024-001300,1,2024-02-23,2024-02-26,DE-WEB-01,C006541,VM-CMP-0013,1,118.03,0.05,EUR
SO-2024-001300,2,2024-02-23,2024-02-26,DE-WEB-01,C006541,VM-APP-0007,1,35.63,0.0,EUR
SO-2024-001300,3,2024-02-23,2024-02-26,DE-WEB-01,C006541,VM-BIK-0007,1,1570.08,0.0,EUR
SO-2024-001301,1,2024-02-23,2024-02-26,DE-WEB-01,C006707,VM-NUT-0004,9,1.56,0.05,EUR
SO-2024-001301,2,2024-02-23,2024-02-26,DE-WEB-01,C006707,VM-APP-0010,1,37.86,0.05,EUR
SO-2024-001302,1,2024-02-23,2024-02-26,DE-WEB-01,C000675,VM-BIK-0012,1,2630.17,0.05,EUR
SO-2024-001302,2,2024-02-23,2024-02-26,DE-WEB-01,C000675,VM-APP-0018,2,28.95,0.05,EUR
SO-2024-001303,1,2024-02-23,2024-02-27,DE-WEB-01,C007035,VM-ACC-0008,4,89.08,0.08,EUR
SO-2024-001304,1,2024-02-24,2024-02-24,PL-WAW-01,C001083,VM-ACC-0020,1,793.79,0.05,PLN
SO-2024-001305,1,2024-02-24,2024-02-24,PL-WAW-01,C007036,VM-NUT-0004,11,6.85,0.0,PLN
SO-2024-001305,2,2024-02-24,2024-02-24,PL-WAW-01,C007036,VM-CMP-0006,2,195.99,0.0,PLN
SO-2024-001306,1,2024-02-24,2024-02-24,PL-WAW-02,C003681,VM-ACC-0008,1,391.99,0.0,PLN
SO-2024-001307,1,2024-02-24,2024-02-24,PL-KRK-01,C007037,vm-app-0008,1,156.79,0.0,PLN
SO-2024-001308,1,2024-02-24,2024-02-24,PL-WRO-01,,VM-CMP-0014,2,421.39,0.0,PLN
SO-2024-001308,2,2024-02-24,2024-02-24,PL-WRO-01,,VM-NUT-0011,3,52.91,0.1,PLN
SO-2024-001309,1,2024-02-24,2024-02-24,PL-WRO-01,C002890,VM-APP-0006,3,303.79,0.0,PLN
SO-2024-001310,1,2024-02-24,2024-02-24,PL-GDN-01,C006351,VM-ACC-0008,1,391.99,0.0,PLN
SO-2024-001311,1,2024-02-24,2024-02-24,PL-GDN-01,C004564,VM-CMP-0010,2,382.19,0.05,PLN
SO-2024-001311,2,2024-02-24,2024-02-24,PL-GDN-01,C004564,VM-ACC-0021,1,764.39,0.0,PLN
SO-2024-001311,3,2024-02-24,2024-02-24,PL-GDN-01,C004564,VM-EBK-0008,1,14797.99,0.0,PLN
SO-2024-001312,1,2024-02-24,2024-02-24,PL-POZ-01,,VM-ACC-0008,2,391.99,0.0,PLN
SO-2024-001313,1,2024-02-24,2024-02-27,PL-WEB-01,C002030,VM-ACC-0008,2,391.99,0.0,PLN
SO-2024-001313,2,2024-02-24,2024-02-27,PL-WEB-01,C002030,VM-APP-0012,1,852.59,0.0,PLN
SO-2024-001313,3,2024-02-24,2024-02-27,PL-WEB-01,C002030,VM-CMP-0012,2,529.19,0.0,PLN
SO-2024-001314,1,2024-02-24,2024-02-26,PL-WEB-01,C004461,VM-CMP-0020,4,254.79,0.0,PLN
SO-2024-001314,2,2024-02-24,2024-02-26,PL-WEB-01,C004461,vm-acc-0014,1,107.79,0.0,PLN
SO-2024-001314,3,2024-02-24,2024-02-26,PL-WEB-01,C004461,VM-ACC-0008,2,391.99,0.0,PLN
SO-2024-001315,1,2024-02-24,2024-02-25,PL-WEB-01,C006309,VM-BIK-0016,1,3518.19,0.0,PLN
SO-2024-001315,2,2024-02-24,2024-02-25,PL-WEB-01,C006309,VM-CMP-0006,1,195.99,0.0,PLN
SO-2024-001316,1,2024-02-24,2024-02-25,PL-WEB-01,C007038,VM-NUT-0006,3,9.79,0.0,PLN
SO-2024-001316,2,2024-02-24,2024-02-25,PL-WEB-01,C007038,VM-BIK-0004,1,4184.59,0.0,PLN
SO-2024-001317,1,2024-02-24,2024-02-28,PL-WEB-01,C004530,VM-APP-0006,9,303.79,0.08,PLN
SO-2024-001317,2,2024-02-24,2024-02-28,PL-WEB-01,C004530,VM-ACC-0008,6,391.99,0.08,PLN
SO-2024-001318,1,2024-02-24,2024-02-25,PL-MKT-01,C007039,VM-ACC-0015,1,342.99,0.0,PLN
SO-2024-001318,2,2024-02-24,2024-02-25,PL-MKT-01,C007039,VM-APP-0012,1,852.59,0.0,PLN
SO-2024-001319,1,2024-02-24,2024-02-26,PL-MKT-01,C007040,VM-CMP-0018,4,60.75,0.0,PLN
SO-2024-001319,2,2024-02-24,2024-02-26,PL-MKT-01,C007040,VM-CMP-0023,2,57.81,0.0,PLN
SO-2024-001320,1,2024-02-24,2024-02-24,CZ-PRG-01,C001149,VM-APP-0009,4,1851.0,0.1,CZK
SO-2024-001321,1,2024-02-24,2024-02-28,CZ-WEB-01,C006008,VM-CMP-0008,2,2327.0,0.0,CZK
SO-2024-001321,2,2024-02-24,2024-02-28,CZ-WEB-01,C006008,VM-CMP-0012,1,2856.0,0.0,CZK
SO-2024-001322,1,2024-02-24,2024-02-25,DE-WEB-01,C003785,VM-APP-0002,2,97.99,0.05,EUR
SO-2024-001323,1,2024-02-24,2024-02-26,DE-WEB-01,C007041,VM-CMP-0009,2,77.95,0.0,EUR
SO-2024-001324,1,2024-02-25,2024-02-26,PL-WEB-01,C002060,VM-BIK-0013,3,4703.99,0.08,PLN
SO-2024-001324,2,2024-02-25,2024-02-26,PL-WEB-01,C002060,VM-ACC-0003,5,284.19,0.1,PLN
SO-2024-001325,1,2024-02-25,2024-02-28,PL-WEB-01,C004520,VM-CMP-0006,2,195.99,0.0,PLN
SO-2024-001325,2,2024-02-25,2024-02-28,PL-WEB-01,C004520,VM-CMP-0001,1,391.99,0.0,PLN
SO-2024-001325,3,2024-02-25,2024-02-28,PL-WEB-01,C004520,VM-ACC-0012,1,70.55,0.0,PLN
SO-2024-001326,1,2024-02-25,2024-02-26,PL-WEB-01,C005835,VM-NUT-0005,4,8.81,0.0,PLN
SO-2024-001326,2,2024-02-25,2024-02-26,PL-WEB-01,C005835,VM-ACC-0008,2,391.99,0.0,PLN
SO-2024-001326,3,2024-02-25,2024-02-26,PL-WEB-01,C005835,VM-APP-0001,3,450.79,0.0,PLN
SO-2024-001327,1,2024-02-25,2024-02-29,PL-WEB-01,C006048,VM-BIK-0001,1,13416.19,0.0,PLN
SO-2024-001327,2,2024-02-25,2024-02-29,PL-WEB-01,C006048,VM-ACC-0008,2,391.99,0.0,PLN
SO-2024-001327,3,2024-02-25,2024-02-29,PL-WEB-01,C006048,VM-ACC-0005,1,176.39,0.0,PLN
SO-2024-001328,1,2024-02-25,2024-02-26,PL-WEB-01,C006076,VM-CMP-0019,4,205.79,0.0,PLN
SO-2024-001329,1,2024-02-25,2024-02-27,PL-WEB-01,C007042,VM-APP-0008,1,156.79,0.0,PLN
SO-2024-001330,1,2024-02-25,2024-02-28,PL-WEB-01,C007043,VM-CMP-0008,2,431.19,0.0,PLN
SO-2024-001330,2,2024-02-25,2024-02-28,PL-WEB-01,C007043,VM-CMP-0017,2,489.99,0.0,PLN
SO-2024-001331,1,2024-02-25,2024-02-26,PL-WEB-01,C007044, VM-CMP-0021 ,2,47.03,0.0,PLN
SO-2024-001331,2,2024-02-25,2024-02-26,PL-WEB-01,C007044,VM-CMP-0006,1,195.99,0.0,PLN
SO-2024-001332,1,2024-02-25,2024-02-28,PL-WEB-01,C004888,VM-CMP-0016,2,2410.79,0.0,PLN
SO-2024-001333,1,2024-02-25,2024-02-28,PL-WEB-01,C007045,VM-CMP-0013,1,519.39,0.0,PLN
SO-2024-001334,1,2024-02-25,2024-02-28,PL-WEB-01,C007046,VM-APP-0013,1,431.19,0.0,PLN
SO-2024-001334,2,2024-02-25,2024-02-28,PL-WEB-01,C007046,VM-CMP-0010,2,382.19,0.0,PLN
SO-2024-001335,1,2024-02-25,2024-02-26,PL-WEB-01,C007047, VM-ACC-0003 ,2,284.19,0.05,PLN
SO-2024-001335,2,2024-02-25,2024-02-26,PL-WEB-01,C007047,VM-BIK-0017,1,1871.79,0.05,PLN
SO-2024-001336,1,2024-02-25,2024-02-29,PL-MKT-01,C005945,VM-CMP-0017,2,489.99,0.0,PLN
SO-2024-001337,1,2024-02-25,2024-02-27,PL-MKT-01,C003233,VM-ACC-0018,9,48.99,0.1,PLN
SO-2024-001338,1,2024-02-25,2024-02-28,PL-MKT-01,C005860,VM-APP-0002,2,431.19,0.0,PLN
SO-2024-001338,2,2024-02-25,2024-02-28,PL-MKT-01,C005860,VM-BIK-0009,1,5527.19,0.0,PLN
SO-2024-001339,1,2024-02-25,2024-02-29,PL-MKT-01,C007048,VM-ACC-0014,1,107.79,0.05,PLN
SO-2024-001339,2,2024-02-25,2024-02-29,PL-MKT-01,C007048,VM-ACC-0002,1,597.79,0.05,PLN
SO-2024-001340,1,2024-02-25,2024-02-27,PL-MKT-01,C007049,VM-NUT-0006,7,9.79,0.0,PLN
SO-2024-001341,1,2024-02-25,2024-02-28,CZ-WEB-01,C005909,VM-BIK-0012,1,62460.0,0.0,CZK
SO-2024-001342,1,2024-02-25,2024-02-27,DE-WEB-01,C002424,VM-CMP-0001,2,89.08,0.0,EUR
SO-2024-001342,2,2024-02-25,2024-02-27,DE-WEB-01,C002424,VM-NUT-0006,11,2.22,0.0,EUR
SO-2024-001343,1,2024-02-25,2024-02-26,DE-WEB-01,C006997,VM-ACC-0022,1,349.65,0.0,EUR
SO-2024-001344,1,2024-02-26,2024-02-26,PL-WAW-01,,VM-EBK-0009,1,9711.79,0.0,PLN
SO-2024-001344,2,2024-02-26,2024-02-26,PL-WAW-01,,VM-ACC-0010,1,244.99,0.0,PLN
SO-2024-001345,1,2024-02-26,2024-02-26,PL-WAW-02,C006521,VM-BIK-0007,1,6908.99,0.0,PLN
SO-2024-001345,2,2024-02-26,2024-02-26,PL-WAW-02,C006521,VM-ACC-0014,1,107.79,0.0,PLN
SO-2024-001346,1,2024-02-26,2024-02-26,PL-KRK-01,C007050,VM-APP-0008,1,156.79,0.0,PLN
SO-2024-001346,2,2024-02-26,2024-02-26,PL-KRK-01,C007050,VM-CMP-0004,1,705.59,0.0,PLN
SO-2024-001347,1,2024-02-26,2024-02-26,PL-WRO-01,C006410,VM-NUT-0009,1,83.29,0.05,PLN
SO-2024-001347,2,2024-02-26,2024-02-26,PL-WRO-01,C006410,VM-BIK-0018,1,2351.99,0.05,PLN
SO-2024-001348,1,2024-02-26,2024-02-26,PL-POZ-01,C004836,VM-NUT-0004,12,6.85,0.0,PLN
SO-2024-001348,2,2024-02-26,2024-02-26,PL-POZ-01,C004836,VM-ACC-0009,2,391.99,0.0,PLN
SO-2024-001349,1,2024-02-26,2024-02-27,PL-WEB-01,C006814,VM-NUT-0004,7,6.85,0.0,PLN
SO-2024-001349,2,2024-02-26,2024-02-27,PL-WEB-01,C006814,VM-NUT-0009,3,83.29,0.0,PLN
SO-2024-001349,3,2024-02-26,2024-02-27,PL-WEB-01,C006814,VM-CMP-0003,1,235.19,0.0,PLN
SO-2024-001349,4,2024-02-26,2024-02-27,PL-WEB-01,C006814,VM-BIK-0012,1,11573.79,0.0,PLN
SO-2024-001350,1,2024-02-26,2024-03-01,PL-WEB-01,C007051,VM-APP-0006,1,303.79,0.0,PLN
SO-2024-001351,1,2024-02-26,2024-02-29,PL-WEB-01,C002121,VM-APP-0001,3,450.79,0.0,PLN
SO-2024-001351,2,2024-02-26,2024-02-29,PL-WEB-01,C002121,VM-ACC-0008,2,391.99,0.0,PLN
SO-2024-001352,1,2024-02-26,2024-02-28,PL-WEB-01,C007052,VM-BIK-0018,1,2351.99,0.0,PLN
SO-2024-001353,1,2024-02-26,2024-02-29,PL-WEB-01,C000993,VM-CMP-0010,1,382.19,0.0,PLN
SO-2024-001353,2,2024-02-26,2024-02-29,PL-WEB-01,C000993,VM-APP-0008,2,156.79,0.0,PLN
SO-2024-001354,1,2024-02-26,2024-03-01,PL-WEB-01,C002044,VM-CMP-0008,2,431.19,0.0,PLN
SO-2024-001354,2,2024-02-26,2024-03-01,PL-WEB-01,C002044, VM-APP-0007 ,2,156.79,0.0,PLN
SO-2024-001354,3,2024-02-26,2024-03-01,PL-WEB-01,C002044,VM-NUT-0010,2,34.29,0.0,PLN
SO-2024-001355,1,2024-02-26,2024-02-28,PL-WEB-01,C007053,VM-APP-0001,3,450.79,0.05,PLN
SO-2024-001355,2,2024-02-26,2024-02-28,PL-WEB-01,C007053,VM-CMP-0010,2,382.19,0.05,PLN
SO-2024-001355,3,2024-02-26,2024-02-28,PL-WEB-01,C007053,VM-NUT-0004,11,6.85,0.05,PLN
SO-2024-001356,1,2024-02-26,2024-02-29,PL-MKT-01,C004208,VM-CMP-0011,2,156.79,0.0,PLN
SO-2024-001356,2,2024-02-26,2024-02-29,PL-MKT-01,C004208,VM-CMP-0012,1,529.19,0.0,PLN
SO-2024-001356,3,2024-02-26,2024-02-29,PL-MKT-01,C004208,VM-NUT-0006,10,9.79,0.0,PLN
SO-2024-001356,4,2024-02-26,2024-02-29,PL-MKT-01,C004208,VM-EBK-0009,1,9711.79,0.1,PLN
SO-2024-001357,1,2024-02-26,2024-02-29,PL-MKT-01,C007054,VM-CMP-0013,2,519.39,0.05,PLN
SO-2024-001357,2,2024-02-26,2024-02-29,PL-MKT-01,C007054,VM-ACC-0003,2,284.19,0.05,PLN
SO-2024-001358,1,2024-02-26,2024-02-28,PL-MKT-01,C004937,VM-BIK-0012,1,11573.79,0.05,PLN
SO-2024-001358,2,2024-02-26,2024-02-28,PL-MKT-01,C004937,vm-nut-0010,1,34.29,0.05,PLN
SO-2024-001359,1,2024-02-26,2024-02-29,PL-MKT-01,C007055,VM-CMP-0013,2,519.39,0.0,PLN
SO-2024-001360,1,2024-02-26,2024-02-28,PL-MKT-01,C007056,VM-ACC-0018,3,48.99,0.0,PLN
SO-2024-001360,2,2024-02-26,2024-02-28,PL-MKT-01,C007056,VM-NUT-0002,13,14.69,0.0,PLN
SO-2024-001360,3,2024-02-26,2024-02-28,PL-MKT-01,C007056,VM-EBK-0002,1,9750.99,0.0,PLN
SO-2024-001361,1,2024-02-26,2024-02-28,PL-MKT-01,C007057,VM-APP-0007,1,156.79,0.0,PLN
SO-2024-001362,1,2024-02-26,2024-03-01,PL-MKT-01,C007058,vm-ebk-0003,1,8908.19,0.0,PLN
SO-2024-001363,1,2024-02-26,2024-02-26,CZ-PRG-01,C006987,VM-BIK-0013,1,25386.0,0.0,CZK
SO-2024-001364,1,2024-02-26,2024-02-27,CZ-WEB-01,C001015,VM-CMP-0016,1,13010.0,0.0,CZK
SO-2024-001364,2,2024-02-26,2024-02-27,CZ-WEB-01,C001015,VM-NUT-0002,13,79.0,0.0,CZK
SO-2024-001365,1,2024-02-26,2024-02-26,DE-BER-01,C007059,VM-ACC-0004,1,173.71,0.0,EUR
SO-2024-001366,1,2024-02-26,2024-02-26,DE-BER-01,,VM-CMP-0019,3,46.77,0.0,EUR
SO-2024-001366,2,2024-02-26,2024-02-26,DE-BER-01,,VM-CMP-0008,1,97.99,0.0,EUR
SO-2024-001367,1,2024-02-26,2024-02-29,DE-WEB-01,C007060,VM-ACC-0008,2,89.08,0.0,EUR
SO-2024-001367,2,2024-02-26,2024-02-29,DE-WEB-01,C007060,VM-NUT-0006,4,2.22,0.0,EUR
SO-2024-001368,1,2024-02-26,2024-02-28,DE-WEB-01,C003690,VM-BIK-0019,1,269.47,0.0,EUR
SO-2024-001369,1,2024-02-27,2024-02-27,PL-WAW-02,,VM-ACC-0007,1,352.79,0.0,PLN
SO-2024-001369,2,2024-02-27,2024-02-27,PL-WAW-02,,VM-EBK-0007,1,14405.99,0.0,PLN
SO-2024-001369,3,2024-02-27,2024-02-27,PL-WAW-02,,VM-ACC-0014,1,107.79,0.0,PLN
SO-2024-001369,4,2024-02-27,2024-02-27,PL-WAW-02,,VM-NUT-0003,13,10.77,0.0,PLN
SO-2024-001370,1,2024-02-27,2024-02-27,PL-WAW-02,,VM-CMP-0017,1,489.99,0.0,PLN
SO-2024-001371,1,2024-02-27,2024-02-27,PL-WAW-02,C007061,VM-CMP-0013,1,519.39,0.0,PLN
SO-2024-001371,2,2024-02-27,2024-02-27,PL-WAW-02,C007061,VM-NUT-0002,4,14.69,0.0,PLN
SO-2024-001372,1,2024-02-27,2024-02-27,PL-KRK-01,C007062,VM-NUT-0002,6,14.69,0.0,PLN
SO-2024-001373,1,2024-02-27,2024-02-27,PL-KRK-01,,VM-ACC-0013,1,166.59,0.0,PLN
SO-2024-001374,1,2024-02-27,2024-02-27,PL-WRO-01,C002273,VM-CMP-0017,2,489.99,0.0,PLN
SO-2024-001375,1,2024-02-27,2024-02-27,PL-WRO-01,C006723,VM-NUT-0003,4,10.77,0.0,PLN
SO-2024-001375,2,2024-02-27,2024-02-27,PL-WRO-01,C006723,VM-BIK-0016,1,3518.19,0.0,PLN
SO-2024-001376,1,2024-02-27,2024-02-27,PL-GDN-01,C005229,VM-ACC-0017,3,56.83,0.0,PLN
SO-2024-001377,1,2024-02-27,2024-03-01,PL-WEB-01,C005686,VM-NUT-0004,13,6.85,0.0,PLN
SO-2024-001377,2,2024-02-27,2024-03-01,PL-WEB-01,C005686,VM-NUT-0006,9,9.79,0.0,PLN
SO-2024-001378,1,2024-02-27,2024-02-29,PL-WEB-01,C005864,VM-EBK-0007,1,14405.99,0.0,PLN
SO-2024-001378,2,2024-02-27,2024-02-29,PL-WEB-01,C005864,VM-ACC-0012,1,70.55,0.05,PLN
SO-2024-001379,1,2024-02-27,2024-02-29,PL-WEB-01,C003986,VM-EBK-0008,1,14797.99,0.0,PLN
SO-2024-001380,1,2024-02-27,2024-02-28,PL-WEB-01,C007063,VM-CMP-0018,1,60.75,0.05,PLN
SO-2024-001380,2,2024-02-27,2024-02-28,PL-WEB-01,C007063,VM-NUT-0001,11,8.81,0.05,PLN
SO-2024-001381,1,2024-02-27,2024-02-29,PL-WEB-01,C005675,VM-NUT-0009,1,83.29,0.0,PLN
SO-2024-001381,2,2024-02-27,2024-02-29,PL-WEB-01,C005675,VM-CMP-0004,2,705.59,0.0,PLN
SO-2024-001382,1,2024-02-27,2024-02-29,PL-WEB-01,C003202,VM-APP-0020,1,176.39,0.0,PLN
SO-2024-001382,2,2024-02-27,2024-02-29,PL-WEB-01,C003202,VM-ACC-0014,1,107.79,0.0,PLN
SO-2024-001382,3,2024-02-27,2024-02-29,PL-WEB-01,C003202,VM-APP-0001,2,450.79,0.0,PLN
SO-2024-001383,1,2024-02-27,2024-02-29,PL-MKT-01,C007064,VM-CMP-0013,1,519.39,0.0,PLN
SO-2024-001383,2,2024-02-27,2024-02-29,PL-MKT-01,C007064,VM-APP-0008,1,156.79,0.0,PLN
SO-2024-001384,1,2024-02-27,2024-02-28,PL-MKT-01,C002881,VM-BIK-0008,1,5203.79,0.05,PLN
SO-2024-001385,1,2024-02-27,2024-02-27,CZ-PRG-01,C007065,VM-ACC-0018,3,264.0,0.0,CZK
SO-2024-001385,2,2024-02-27,2024-02-27,CZ-PRG-01,C007065,VM-CMP-0002,1,2962.0,0.05,CZK
SO-2024-001386,1,2024-02-27,2024-02-27,CZ-PRG-01,,VM-ACC-0008,2,2115.0,0.0,CZK
SO-2024-001387,1,2024-02-27,2024-03-02,CZ-WEB-01,C007066,VM-BIK-0013,1,25386.0,0.0,CZK
SO-2024-001388,1,2024-02-27,2024-02-27,DE-BER-01,,VM-NUT-0004,11,1.56,0.0,EUR
SO-2024-001388,2,2024-02-27,2024-02-27,DE-BER-01,,VM-BIK-0013,1,1068.99,0.0,EUR
SO-2024-001388,3,2024-02-27,2024-02-27,DE-BER-01,,VM-APP-0006,3,69.04,0.0,EUR
SO-2024-001388,4,2024-02-27,2024-02-27,DE-BER-01,,VM-CMP-0004,2,160.35,0.0,EUR
SO-2024-001389,1,2024-02-27,2024-02-27,DE-BER-01,,VM-ACC-0012,1,16.03,0.0,EUR
SO-2024-001390,1,2024-02-27,2024-03-02,DE-WEB-01,C002424,VM-ACC-0008,2,89.08,0.0,EUR
SO-2024-001391,1,2024-02-28,2024-02-28,PL-WAW-01,C005347,VM-CMP-0003,2,235.19,0.0,PLN
SO-2024-001391,2,2024-02-28,2024-02-28,PL-WAW-01,C005347,VM-APP-0001,2,450.79,0.0,PLN
SO-2024-001391,3,2024-02-28,2024-02-28,PL-WAW-01,C005347,VM-NUT-0003,15,10.77,0.0,PLN
SO-2024-001392,1,2024-02-28,2024-02-28,PL-WAW-01,,VM-APP-0005,2,176.39,0.0,PLN
SO-2024-001392,2,2024-02-28,2024-02-28,PL-WAW-01,,VM-APP-0009,1,342.99,0.0,PLN
SO-2024-001392,3,2024-02-28,2024-02-28,PL-WAW-01,,VM-APP-0012,1,852.59,0.0,PLN
SO-2024-001393,1,2024-02-28,2024-02-28,PL-GDN-01,C003171,VM-EBK-0003,1,8908.19,0.05,PLN
SO-2024-001394,1,2024-02-28,2024-02-28,PL-GDN-01,C007067,VM-APP-0006,1,303.79,0.0,PLN
SO-2024-001394,2,2024-02-28,2024-02-28,PL-GDN-01,C007067,VM-APP-0009,2,342.99,0.0,PLN
SO-2024-001395,1,2024-02-28,2024-02-28,PL-POZ-01,C007068,VM-CMP-0023,1,57.81,0.0,PLN
SO-2024-001395,2,2024-02-28,2024-02-28,PL-POZ-01,C007068,VM-APP-0001,3,450.79,0.0,PLN
SO-2024-001396,1,2024-02-28,2024-02-28,PL-POZ-01,C001049,VM-CMP-0003,1,235.19,0.0,PLN
SO-2024-001396,2,2024-02-28,2024-02-28,PL-POZ-01,C001049,VM-NUT-0009,4,83.29,0.0,PLN
SO-2024-001397,1,2024-02-28,2024-02-29,PL-WEB-01,C004200,VM-CMP-0017,1,489.99,0.0,PLN
SO-2024-001397,2,2024-02-28,2024-02-29,PL-WEB-01,C004200,VM-APP-0002,3,431.19,0.0,PLN
SO-2024-001398,1,2024-02-28,2024-03-02,PL-WEB-01,C007069,VM-ACC-0001,2,372.39,0.0,PLN
SO-2024-001399,1,2024-02-28,2024-02-29,PL-WEB-01,C000757,VM-ACC-0018,3,48.99,0.08,PLN
SO-2024-001400,1,2024-02-28,2024-03-03,PL-WEB-01,C002278,VM-ACC-0017,1,56.83,0.05,PLN
SO-2024-001400,2,2024-02-28,2024-03-03,PL-WEB-01,C002278,VM-NUT-0002,10,14.69,0.05,PLN
SO-2024-001400,3,2024-02-28,2024-03-03,PL-WEB-01,C002278,VM-ACC-0004,2,764.39,0.05,PLN
SO-2024-001401,1,2024-02-28,2024-02-29,PL-WEB-01,C004528,VM-ACC-0010,2,244.99,0.0,PLN
SO-2024-001402,1,2024-02-28,2024-03-03,PL-WEB-01,C006292,VM-ACC-0019,10,48.99,0.12,PLN
SO-2024-001403,1,2024-02-28,2024-02-29,PL-WEB-01,C005726,VM-ACC-0014,1,107.79,0.0,PLN
SO-2024-001404,1,2024-02-28,2024-03-01,PL-WEB-01,C007070,VM-APP-0005,3,176.39,0.0,PLN
SO-2024-001405,1,2024-02-28,2024-03-01,PL-WEB-01,C002273,VM-BIK-0013,1,4703.99,0.0,PLN
SO-2024-001406,1,2024-02-28,2024-03-01,PL-MKT-01,C007071,VM-NUT-0010,1,34.29,0.05,PLN
SO-2024-001406,2,2024-02-28,2024-03-01,PL-MKT-01,C007071,VM-BIK-0009,1,5527.19,0.05,PLN
SO-2024-001407,1,2024-02-28,2024-03-02,PL-MKT-01,C002657,VM-ACC-0007,1,352.79,0.0,PLN
SO-2024-001408,1,2024-02-28,2024-02-28,CZ-PRG-01,C006927,VM-CMP-0017,2,2644.0,0.05,CZK
SO-2024-001408,2,2024-02-28,2024-02-28,CZ-PRG-01,C006927,VM-APP-0007,1,846.0,0.05,CZK
SO-2024-001408,3,2024-02-28,2024-02-28,CZ-PRG-01,C006927,VM-CMP-0008,2,2327.0,0.05,CZK
SO-2024-001409,1,2024-02-28,2024-02-29,CZ-WEB-01,C006829,VM-ACC-0007,2,1904.0,0.0,CZK
SO-2024-001409,2,2024-02-28,2024-02-29,CZ-WEB-01,C006829,VM-APP-0014,1,2591.0,0.0,CZK
SO-2024-001409,3,2024-02-28,2024-02-29,CZ-WEB-01,C006829,VM-APP-0010,2,899.0,0.0,CZK
SO-2024-001410,1,2024-02-28,2024-03-01,CZ-WEB-01,C007072,VM-ACC-0004,2,4125.0,0.0,CZK
SO-2024-001411,1,2024-02-28,2024-02-28,DE-BER-01,C007073,VM-ACC-0007,1,80.17,0.0,EUR
SO-2024-001411,2,2024-02-28,2024-02-28,DE-BER-01,C007073,VM-CMP-0015,2,204.89,0.0,EUR
SO-2024-001411,3,2024-02-28,2024-02-28,DE-BER-01,C007073,VM-BIK-0018,1,534.49,0.0,EUR
SO-2024-001412,1,2024-02-28,2024-03-01,DE-WEB-01,C007074,VM-APP-0010,1,37.86,0.0,EUR
SO-2024-001413,1,2024-02-28,2024-03-01,DE-WEB-01,C007075,VM-ACC-0004,1,173.71,0.0,EUR
SO-2024-001413,2,2024-02-28,2024-03-01,DE-WEB-01,C007075,VM-BIK-0003,1,1456.5,0.1,EUR
SO-2024-001414,1,2024-02-28,2024-03-02,DE-WEB-01,C007076,VM-APP-0005,1,40.09,0.0,EUR
SO-2024-001414,2,2024-02-28,2024-03-02,DE-WEB-01,C007076,VM-BIK-0021,1,278.38,0.0,EUR
SO-2024-001414,3,2024-02-28,2024-03-02,DE-WEB-01,C007076,VM-APP-0006,2,69.04,0.0,EUR
SO-2024-001415,1,2024-02-29,2024-02-29,PL-WAW-01,C007077,VM-NUT-0002,5,14.69,0.1,PLN
SO-2024-001416,1,2024-02-29,2024-02-29,PL-WAW-01,C004888,VM-BIK-0007,1,6908.99,0.0,PLN
SO-2024-001417,1,2024-02-29,2024-02-29,PL-WAW-02,C003620,VM-CMP-0006,1,195.99,0.05,PLN
SO-2024-001418,1,2024-02-29,2024-02-29,PL-WAW-02,C004410,vm-nut-0004,5,6.85,0.0,PLN
SO-2024-001418,2,2024-02-29,2024-02-29,PL-WAW-02,C004410,VM-NUT-0001,11,8.81,0.0,PLN
SO-2024-001418,3,2024-02-29,2024-02-29,PL-WAW-02,C004410,VM-CMP-0020,1,254.79,0.0,PLN
SO-2024-001419,1,2024-02-29,2024-02-29,PL-KRK-01,C001755,VM-NUT-0011,1,52.91,0.0,PLN
SO-2024-001420,1,2024-02-29,2024-02-29,PL-KRK-01,,VM-CMP-0001,2,391.99,0.0,PLN
SO-2024-001421,1,2024-02-29,2024-02-29,PL-WRO-01,C007078,VM-ACC-0008,2,391.99,0.0,PLN
SO-2024-001422,1,2024-02-29,2024-02-29,PL-WRO-01,C007079,VM-ACC-0008,1,391.99,0.0,PLN
SO-2024-001423,1,2024-02-29,2024-02-29,PL-WRO-01,C007080,VM-APP-0005,2,176.39,0.05,PLN
SO-2024-001423,2,2024-02-29,2024-02-29,PL-WRO-01,C007080,VM-APP-0010,2,166.59,0.0,PLN
SO-2024-001423,3,2024-02-29,2024-02-29,PL-WRO-01,C007080,VM-CMP-0015,2,901.59,0.0,PLN
SO-2024-001424,1,2024-02-29,2024-02-29,PL-GDN-01,C005549,VM-ACC-0005,2,176.39,0.0,PLN
SO-2024-001425,1,2024-02-29,2024-02-29,PL-POZ-01,,VM-CMP-0002,1,548.79,0.05,PLN
SO-2024-001425,2,2024-02-29,2024-02-29,PL-POZ-01,,VM-BIK-0012,1,11573.79,0.0,PLN
SO-2024-001426,1,2024-02-29,2024-03-03,PL-WEB-01,C000477,VM-APP-0012,1,852.59,0.0,PLN
SO-2024-001427,1,2024-02-29,2024-03-03,PL-WEB-01,C007081,VM-APP-0010,2,166.59,0.0,PLN
SO-2024-001428,1,2024-02-29,2024-03-03,PL-WEB-01,C000637,VM-ACC-0014,4,107.79,0.1,PLN
SO-2024-001429,1,2024-02-29,2024-03-01,PL-WEB-01,C004981,VM-BIK-0019,1,1185.79,0.0,PLN
SO-2024-001430,1,2024-02-29,2024-03-01,PL-WEB-01,C006220,VM-NUT-0001,13,8.81,0.0,PLN
SO-2024-001431,1,2024-02-29,2024-03-04,PL-WEB-01,C004985,VM-CMP-0020,4,254.79,0.08,PLN
SO-2024-001432,1,2024-02-29,2024-03-02,PL-MKT-01,C007082,VM-BIK-0007,1,6908.99,0.0,PLN
SO-2024-001432,2,2024-02-29,2024-03-02,PL-MKT-01,C007082,VM-NUT-0006,8,9.79,0.0,PLN
SO-2024-001433,1,2024-02-29,2024-02-29,CZ-PRG-01,C006654,VM-ACC-0003,1,1534.0,0.0,CZK
SO-2024-001434,1,2024-02-29,2024-02-29,CZ-PRG-01,C007083,VM-NUT-0005,9,48.0,0.0,CZK
SO-2024-001435,1,2024-02-29,2024-02-29,CZ-PRG-01,C001863,VM-CMP-0010,4,2063.0,0.12,CZK
SO-2024-001435,2,2024-02-29,2024-02-29,CZ-PRG-01,C001863,VM-EBK-0011,3,77427.0,0.12,CZK
SO-2024-001436,1,2024-02-29,2024-03-04,CZ-WEB-01,C007084,VM-APP-0019,1,349.0,0.0,CZK
SO-2024-001437,1,2024-02-29,2024-03-02,CZ-WEB-01,C006840,VM-NUT-0003,14,58.0,0.0,CZK
SO-2024-001437,2,2024-02-29,2024-03-02,CZ-WEB-01,C006840,vm-app-0018,2,687.0,0.0,CZK
SO-2024-001438,1,2024-02-29,2024-02-29,DE-BER-01,C003784,VM-ACC-0014,1,24.5,0.05,EUR
SO-2024-001438,2,2024-02-29,2024-02-29,DE-BER-01,C003784,VM-ACC-0015,1,77.95,0.05,EUR
SO-2024-001439,1,2024-02-29,2024-03-03,DE-WEB-01,C005640,VM-BIK-0007,1,1570.08,0.0,EUR
SO-2024-001439,2,2024-02-29,2024-03-03,DE-WEB-01,C005640,vm-acc-0010,1,55.67,0.0,EUR
SO-2024-001440,1,2024-02-29,2024-03-02,DE-WEB-01,C006043,VM-CMP-0010,1,86.85,0.0,EUR
SO-2024-001440,2,2024-02-29,2024-03-02,DE-WEB-01,C006043,VM-APP-0012,1,193.75,0.0,EUR
SO-2024-001441,1,2024-02-29,2024-03-02,DE-WEB-01,C004396,VM-CMP-0017,10,111.35,0.1,EUR
