OrderID,LineNo,OrderDate,ShipDate,StoreID,CustomerID,SKU,Quantity,UnitPrice,DiscountPct,Currency
SO-2026-010216,2,2026-07-02,2026-07-02,PL-KRK-01,C016431,VM-BIK-0006,1,6708.61,0.1,PLN
SO-2026-010233,2,2026-07-02,2026-07-06,PL-WEB-01,C022798,VM-BIK-0004,1,4346.85,0.0,PLN
SO-2026-010517,2,2026-07-06,2026-07-06,DE-BER-01,,VM-ACC-0018,2,11.97,0.0,EUR
SO-2026-010885,1,2026-07-11,2026-07-14,CZ-WEB-01,C023054, VM-ACC-0008 ,2,2358.0,0.05,CZK
SO-2026-011338,3,2026-07-18,2026-07-22,CZ-WEB-01,C008850,VM-BIK-0015,1,18214.0,0.0,CZK
SO-2026-011358,2,2026-07-19,2026-07-21,PL-WEB-01,C023192,VM-NUT-0001,4,9.15,0.05,PLN
SO-2026-011659,1,2026-07-23,2026-07-26,DE-WEB-01,C021690,VM-CMP-0006,2,47.9,0.0,EUR
SO-2026-011667,1,2026-07-24,2026-07-24,PL-KRK-01,C023296,VM-BIK-0003,1,6657.71,0.0,PLN
SO-2026-011734,1,2026-07-25,2026-07-25,PL-KRK-01,C023326,VM-NUT-0004,75,7.12,0.1,PLN
SO-2026-012049,1,2026-07-30,2026-07-30,PL-WRO-01,C009512,VM-APP-0002,1,447.91,0.0,PLN
SO-2026-012156,1,2026-08-01,2026-08-01,PL-WAW-01,C023449,VM-NUT-0004,13,7.12,0.0,PLN
SO-2026-012156,2,2026-08-01,2026-08-01,PL-WAW-01,C023449,VM-BIK-0012,1,12022.57,0.0,PLN
SO-2026-012156,3,2026-08-01,2026-08-01,PL-WAW-01,C023449,VM-APP-0020,2,183.23,0.0,PLN
SO-2026-012157,1,2026-08-01,2026-08-01,PL-WAW-01,C019216,VM-APP-0018,1,132.33,0.0,PLN
SO-2026-012157,2,2026-08-01,2026-08-01,PL-WAW-01,C019216,VM-ACC-0008,1,407.19,0.0,PLN
SO-2026-012158,1,2026-08-01,2026-08-01,PL-WAW-01,C023450,VM-CMP-0012,1,549.71,0.0,PLN
SO-2026-012158,2,2026-08-01,2026-08-01,PL-WAW-01,C023450,VM-APP-0002,2,447.91,0.0,PLN
SO-2026-012159,1,2026-08-01,2026-08-01,PL-WAW-01,C018099,VM-BIK-0012,1,12022.57,0.0,PLN
SO-2026-012159,2,2026-08-01,2026-08-01,PL-WAW-01,C018099,VM-ACC-0009,1,407.19,0.0,PLN
SO-2026-012160,1,2026-08-01,2026-08-01,PL-WAW-01,C023451,VM-ACC-0023,1,946.73,0.0,PLN
SO-2026-012161,1,2026-08-01,2026-08-01,PL-WAW-01,C023452,VM-CMP-0012,2,549.71,0.0,PLN
SO-2026-012161,2,2026-08-01,2026-08-01,PL-WAW-01,C023452,VM-APP-0002,1,447.91,0.0,PLN
SO-2026-012161,3,2026-08-01,2026-08-01,PL-WAW-01,C023452,VM-APP-0007,1,162.87,0.0,PLN
SO-2026-012162,1,2026-08-01,2026-08-01,PL-WAW-02,C023453,VM-NUT-0011,1,54.96,0.0,PLN
SO-2026-012163,1,2026-08-01,2026-08-01,PL-WAW-02,C018804,VM-NUT-0009,4,86.52,0.0,PLN
SO-2026-012164,1,2026-08-01,2026-08-01,PL-WAW-02,C023454,VM-ACC-0015,1,356.29,0.0,PLN
SO-2026-012164,2,2026-08-01,2026-08-01,PL-WAW-02,C023454,VM-NUT-0009,4,86.52,0.0,PLN
SO-2026-012164,3,2026-08-01,2026-08-01,PL-WAW-02,C023454,VM-ACC-0014,1,111.97,0.0,PLN
SO-2026-012164,4,2026-08-01,2026-08-01,PL-WAW-02,C023454,VM-EBK-0011,1,14903.51,0.0,PLN
SO-2026-012165,1,2026-08-01,2026-08-01,PL-WAW-02,C022143,VM-APP-0003,3,315.57,0.05,PLN
SO-2026-012165,2,2026-08-01,2026-08-01,PL-WAW-02,C022143,VM-ACC-0005,2,183.23,0.05,PLN
SO-2026-012166,1,2026-08-01,2026-08-01,PL-WAW-02,,VM-CMP-0009,1,356.29,0.0,PLN
SO-2026-012166,2,2026-08-01,2026-08-01,PL-WAW-02,,VM-NUT-0004,12,7.12,0.0,PLN
SO-2026-012167,1,2026-08-01,2026-08-01,PL-WAW-02,C023455,VM-EBK-0010,1,13732.81,0.0,PLN
SO-2026-012167,2,2026-08-01,2026-08-01,PL-WAW-02,C023455,VM-APP-0019,1,67.18,0.0,PLN
SO-2026-012168,1,2026-08-01,2026-08-01,PL-WAW-02,C020481, VM-ACC-0014 ,1,111.97,0.0,PLN
SO-2026-012168,2,2026-08-01,2026-08-01,PL-WAW-02,C020481,VM-ACC-0016,1,29.51,0.0,PLN
SO-2026-012169,1,2026-08-01,2026-08-01,PL-WAW-02,,VM-EBK-0010,1,13732.81,0.0,PLN
SO-2026-012170,1,2026-08-01,2026-08-01,PL-WAW-02,C023456,VM-CMP-0002,2,570.07,0.0,PLN
SO-2026-012171,1,2026-08-01,2026-08-01,PL-WAW-02,,VM-APP-0012,1,885.65,0.0,PLN
SO-2026-012171,2,2026-08-01,2026-08-01,PL-WAW-02,,VM-APP-0020,1,183.23,0.0,PLN
SO-2026-012172,1,2026-08-01,2026-08-01,PL-KRK-01,,vm-nut-0004,9,7.12,0.0,PLN
SO-2026-012172,2,2026-08-01,2026-08-01,PL-KRK-01,,VM-CMP-0013,1,539.53,0.0,PLN
SO-2026-012172,3,2026-08-01,2026-08-01,PL-KRK-01,,VM-NUT-0002,13,15.26,0.0,PLN
SO-2026-012173,1,2026-08-01,2026-08-01,PL-KRK-01,,VM-EBK-0007,1,14964.59,0.05,PLN
SO-2026-012174,1,2026-08-01,2026-08-01,PL-KRK-01,C021472,VM-ACC-0023,1,946.73,0.05,PLN
SO-2026-012174,2,2026-08-01,2026-08-01,PL-KRK-01,C021472,VM-APP-0013,1,447.91,0.05,PLN
SO-2026-012175,1,2026-08-01,2026-08-01,PL-WRO-01,C006694,VM-BIK-0007,1,7176.89,0.05,PLN
SO-2026-012175,2,2026-08-01,2026-08-01,PL-WRO-01,C006694,VM-APP-0010,2,173.05,0.05,PLN
SO-2026-012176,1,2026-08-01,2026-08-01,PL-WRO-01,,VM-BIK-0003,1,6657.71,0.0,PLN
SO-2026-012176,2,2026-08-01,2026-08-01,PL-WRO-01,,VM-ACC-0014,1,111.97,0.0,PLN
SO-2026-012177,1,2026-08-01,2026-08-01,PL-GDN-01,C021590,VM-EBK-0007,1,14964.59,0.0,PLN
SO-2026-012177,2,2026-08-01,2026-08-01,PL-GDN-01,C021590,VM-ACC-0012,1,73.29,0.0,PLN
SO-2026-012178,1,2026-08-01,2026-08-01,PL-GDN-01,,VM-BIK-0009,1,5741.51,0.0,PLN
SO-2026-012178,2,2026-08-01,2026-08-01,PL-GDN-01,,VM-CMP-0013,2,539.53,0.0,PLN
SO-2026-012179,1,2026-08-01,2026-08-01,PL-GDN-01,C019489,VM-APP-0004,3,244.31,0.1,PLN
SO-2026-012179,2,2026-08-01,2026-08-01,PL-GDN-01,C019489,VM-ACC-0002,1,620.97,0.0,PLN
SO-2026-012180,1,2026-08-01,2026-08-01,PL-GDN-01,C023457,VM-ACC-0010,1,254.49,0.0,PLN
SO-2026-012180,2,2026-08-01,2026-08-01,PL-GDN-01,C023457,VM-CMP-0017,1,508.99,0.0,PLN
SO-2026-012181,1,2026-08-01,2026-08-01,PL-GDN-01,C022479,VM-APP-0002,1,447.91,0.05,PLN
SO-2026-012181,2,2026-08-01,2026-08-01,PL-GDN-01,C022479,VM-BIK-0004,1,4346.85,0.05,PLN
SO-2026-012182,1,2026-08-01,2026-08-01,PL-GDN-01,C023458,vm-nut-0006,3,10.17,0.0,PLN
SO-2026-012183,1,2026-08-01,2026-08-01,PL-POZ-01,C023459,VM-CMP-0009,1,356.29,0.1,PLN
SO-2026-012184,1,2026-08-01,2026-08-01,PL-POZ-01,C014533,VM-APP-0006,2,315.57,0.12,PLN
SO-2026-012184,2,2026-08-01,2026-08-01,PL-POZ-01,C014533,VM-APP-0012,4,885.65,0.08,PLN
SO-2026-012184,3,2026-08-01,2026-08-01,PL-POZ-01,C014533,VM-CMP-0015,10,936.55,0.08,PLN
SO-2026-012185,1,2026-08-01,2026-08-01,PL-LDZ-01,C013454,VM-CMP-0013,4,539.53,0.1,PLN
SO-2026-012185,2,2026-08-01,2026-08-01,PL-LDZ-01,C013454,VM-NUT-0004,21,7.12,0.1,PLN
SO-2026-012185,3,2026-08-01,2026-08-01,PL-LDZ-01,C013454,VM-EBK-0003,4,9253.61,0.08,PLN
SO-2026-012186,1,2026-08-01,2026-08-02,PL-WEB-01,C023460,VM-EBK-0005,1,17764.09,0.05,PLN
SO-2026-012187,1,2026-08-01,2026-08-03,PL-WEB-01,C023461,VM-EBK-0003,1,9253.61,0.0,PLN
SO-2026-012188,1,2026-08-01,2026-08-05,PL-WEB-01,C023462,VM-CMP-0017,1,508.99,0.05,PLN
SO-2026-012188,2,2026-08-01,2026-08-05,PL-WEB-01,C023462,VM-NUT-0006,10,10.17,0.05,PLN
SO-2026-012189,1,2026-08-01,2026-08-02,PL-WEB-01,C016344,VM-CMP-0015,2,936.55,0.0,PLN
SO-2026-012190,1,2026-08-01,2026-08-03,PL-WEB-01,C021196,vm-nut-0002,4,15.26,0.0,PLN
SO-2026-012190,2,2026-08-01,2026-08-03,PL-WEB-01,C021196,VM-ACC-0007,1,366.47,0.0,PLN
SO-2026-012191,1,2026-08-01,2026-08-02,PL-WEB-01,C011204,VM-CMP-0001,1,407.19,0.05,PLN
SO-2026-012192,1,2026-08-01,2026-08-05,PL-WEB-01,C023463,VM-EBK-0006,1,20502.51,0.0,PLN
SO-2026-012193,1,2026-08-01,2026-08-04,PL-WEB-01,C019179,VM-EBK-0003,1,9253.61,0.05,PLN
SO-2026-012194,1,2026-08-01,2026-08-03,PL-WEB-01,C022545,VM-ACC-0018,10,50.89,0.12,PLN
SO-2026-012195,1,2026-08-01,2026-08-02,PL-MKT-01,C014444,VM-APP-0005,2,183.23,0.0,PLN
SO-2026-012196,1,2026-08-01,2026-08-04,PL-MKT-01,C023464,VM-CMP-0019,2,213.77,0.0,PLN
SO-2026-012197,1,2026-08-01,2026-08-04,PL-MKT-01,C020677,VM-NUT-0009,2,86.52,0.0,PLN
SO-2026-012197,2,2026-08-01,2026-08-04,PL-MKT-01,C020677,VM-ACC-0008,2,407.19,0.0,PLN
SO-2026-012198,1,2026-08-01,2026-08-03,PL-MKT-01,C020842,VM-ACC-0007,4,366.47,0.08,PLN
SO-2026-012198,2,2026-08-01,2026-08-03,PL-MKT-01,C020842,VM-EBK-0002,3,10129.09,0.12,PLN
SO-2026-012198,3,2026-08-01,2026-08-03,PL-MKT-01,C020842,VM-NUT-0006,15,10.17,0.12,PLN
SO-2026-012198,4,2026-08-01,2026-08-03,PL-MKT-01,C020842,vm-app-0010,10,173.05,0.1,PLN
SO-2026-012199,1,2026-08-01,2026-08-05,PL-MKT-01,C023465,VM-CMP-0019,2,213.77,0.0,PLN
SO-2026-012200,1,2026-08-01,2026-08-04,PL-MKT-01,C012423,VM-BIK-0004,1,4346.85,0.0,PLN
SO-2026-012201,1,2026-08-01,2026-08-03,PL-MKT-01,C016322,VM-BIK-0001,4,13936.41,0.12,PLN
SO-2026-012201,2,2026-08-01,2026-08-03,PL-MKT-01,C016322,VM-APP-0020,5,183.23,0.1,PLN
SO-2026-012201,3,2026-08-01,2026-08-03,PL-MKT-01,C016322,VM-ACC-0008,4,407.19,0.08,PLN
SO-2026-012201,4,2026-08-01,2026-08-03,PL-MKT-01,C016322,VM-ACC-0013,4,173.05,0.08,PLN
SO-2026-012202,1,2026-08-01,2026-08-01,CZ-PRG-01,,VM-BIK-0007,1,41437.0,0.0,CZK
SO-2026-012202,2,2026-08-01,2026-08-01,CZ-PRG-01,,VM-BIK-0011,1,50841.0,0.0,CZK
SO-2026-012202,3,2026-08-01,2026-08-01,CZ-PRG-01,,VM-ACC-0008,1,2351.0,0.0,CZK
SO-2026-012202,4,2026-08-01,2026-08-01,CZ-PRG-01,,VM-ACC-0009,1,2351.0,0.0,CZK
SO-2026-012203,1,2026-08-01,2026-08-01,CZ-PRG-01,C013806,VM-BIK-0019,1,7112.0,0.0,CZK
SO-2026-012203,2,2026-08-01,2026-08-01,CZ-PRG-01,C013806,VM-ACC-0009,1,2351.0,0.0,CZK
SO-2026-012204,1,2026-08-01,2026-08-01,CZ-PRG-01,C019359,VM-NUT-0007,4,76.0,0.0,CZK
SO-2026-012205,1,2026-08-01,2026-08-01,CZ-BRN-01,C012934,VM-CMP-0023,4,347.0,0.0,CZK
SO-2026-012206,1,2026-08-01,2026-08-01,CZ-BRN-01,C021630,VM-EBK-0005,1,102564.0,0.0,CZK
SO-2026-012207,1,2026-08-01,2026-08-01,CZ-BRN-01,C022389,VM-ACC-0008,2,2351.0,0.0,CZK
SO-2026-012207,2,2026-08-01,2026-08-01,CZ-BRN-01,C022389,VM-NUT-0008,7,59.0,0.0,CZK
SO-2026-012207,3,2026-08-01,2026-08-01,CZ-BRN-01,C022389,VM-ACC-0021,1,4584.0,0.0,CZK
SO-2026-012208,1,2026-08-01,2026-08-01,CZ-BRN-01,,VM-APP-0013,1,2586.0,0.0,CZK
SO-2026-012208,2,2026-08-01,2026-08-01,CZ-BRN-01,,VM-APP-0002,3,2586.0,0.0,CZK
SO-2026-012209,1,2026-08-01,2026-08-05,CZ-WEB-01,C023466,VM-ACC-0006,2,5584.0,0.0,CZK
SO-2026-012209,2,2026-08-01,2026-08-05,CZ-WEB-01,C023466,VM-CMP-0001,2,2351.0,0.0,CZK
SO-2026-012209,3,2026-08-01,2026-08-05,CZ-WEB-01,C023466,VM-ACC-0020,1,4761.0,0.0,CZK
SO-2026-012210,1,2026-08-01,2026-08-04,CZ-WEB-01,C023123,VM-CMP-0009,2,2057.0,0.0,CZK
SO-2026-012211,1,2026-08-01,2026-08-01,DE-BER-01,C023467,VM-NUT-0002,5,3.59,0.05,EUR
SO-2026-012212,1,2026-08-01,2026-08-01,DE-BER-01,C020666,VM-APP-0009,8,83.8,0.1,EUR
SO-2026-012212,2,2026-08-01,2026-08-01,DE-BER-01,C020666,VM-CMP-0022,4,8.62,0.1,EUR
SO-2026-012213,1,2026-08-01,2026-08-01,DE-BER-01,C012417,VM-EBK-0009,1,2372.67,0.05,EUR
SO-2026-012213,2,2026-08-01,2026-08-01,DE-BER-01,C012417,VM-BIK-0020,1,289.7,0.05,EUR
SO-2026-012214,1,2026-08-01,2026-08-03,DE-WEB-01,C019534,VM-CMP-0005,1,354.34,0.0,EUR
SO-2026-012214,2,2026-08-01,2026-08-03,DE-WEB-01,C019534,VM-EBK-0008,1,3615.28,0.0,EUR
SO-2026-012214,3,2026-08-01,2026-08-03,DE-WEB-01,C019534,VM-APP-0012,1,208.3,0.0,EUR
SO-2026-012214,4,2026-08-01,2026-08-03,DE-WEB-01,C019534,VM-APP-0002,3,105.34,0.0,EUR
SO-2026-012215,1,2026-08-02,2026-08-04,PL-WEB-01,C023468,VM-CMP-0001,2,407.19,0.0,PLN
SO-2026-012215,2,2026-08-02,2026-08-04,PL-WEB-01,C023468,VM-ACC-0008,2,407.19,0.0,PLN
SO-2026-012215,3,2026-08-02,2026-08-04,PL-WEB-01,C023468,VM-CMP-0017,2,508.99,0.0,PLN
SO-2026-012215,4,2026-08-02,2026-08-04,PL-WEB-01,C023468,VM-CMP-0003,1,244.31,0.0,PLN
SO-2026-012216,1,2026-08-02,2026-08-06,PL-WEB-01,C023469,VM-ACC-0001,2,386.83,0.0,PLN
SO-2026-012216,2,2026-08-02,2026-08-06,PL-WEB-01,C023469,VM-ACC-0008,2,407.19,0.0,PLN
SO-2026-012217,1,2026-08-02,2026-08-03,PL-WEB-01,C023470,VM-APP-0013,1,447.91,0.0,PLN
SO-2026-012217,2,2026-08-02,2026-08-03,PL-WEB-01,C023470,VM-ACC-0018,3,50.89,0.0,PLN
SO-2026-012217,3,2026-08-02,2026-08-03,PL-WEB-01,C023470,VM-EBK-0005,1,17764.09,0.0,PLN
SO-2026-012218,1,2026-08-02,2026-08-06,PL-WEB-01,C020559,VM-NUT-0003,11,11.19,0.0,PLN
SO-2026-012218,2,2026-08-02,2026-08-06,PL-WEB-01,C020559,VM-APP-0002,3,447.91,0.0,PLN
SO-2026-012218,3,2026-08-02,2026-08-06,PL-WEB-01,C020559,VM-EBK-0010,1,13732.81,0.0,PLN
SO-2026-012219,1,2026-08-02,2026-08-04,PL-WEB-01,C009996,VM-APP-0013,1,447.91,0.0,PLN
SO-2026-012219,2,2026-08-02,2026-08-04,PL-WEB-01,C009996,VM-BIK-0020,1,1231.77,0.0,PLN
SO-2026-012220,1,2026-08-02,2026-08-04,PL-WEB-01,C013742,vm-acc-0011,2,73.29,0.0,PLN
SO-2026-012221,1,2026-08-02,2026-08-06,PL-WEB-01,C023471,VM-ACC-0014,1,111.97,0.0,PLN
SO-2026-012222,1,2026-08-02,2026-08-05,PL-WEB-01,C023472,VM-CMP-0017,2,508.99,0.0,PLN
SO-2026-012222,2,2026-08-02,2026-08-05,PL-WEB-01,C023472,VM-BIK-0017,1,1944.37,0.0,PLN
SO-2026-012223,1,2026-08-02,2026-08-06,PL-WEB-01,C013595,VM-APP-0005,2,183.23,0.0,PLN
SO-2026-012224,1,2026-08-02,2026-08-04,PL-WEB-01,C023473,VM-ACC-0022,1,1598.25,0.0,PLN
SO-2026-012225,1,2026-08-02,2026-08-05,PL-WEB-01,C011597,VM-ACC-0008,1,407.19,0.0,PLN
SO-2026-012226,1,2026-08-02,2026-08-03,PL-WEB-01,C022150,VM-NUT-0008,6,10.17,0.0,PLN
SO-2026-012226,2,2026-08-02,2026-08-03,PL-WEB-01,C022150,VM-APP-0009,1,356.29,0.0,PLN
SO-2026-012227,1,2026-08-02,2026-08-04,PL-WEB-01,C022398,VM-CMP-0004,2,732.95,0.0,PLN
SO-2026-012227,2,2026-08-02,2026-08-04,PL-WEB-01,C022398,VM-BIK-0007,1,7176.89,0.0,PLN
SO-2026-012227,3,2026-08-02,2026-08-04,PL-WEB-01,C022398,VM-NUT-0003,5,11.19,0.0,PLN
SO-2026-012228,1,2026-08-02,2026-08-04,PL-WEB-01,C023474,VM-NUT-0008,12,10.17,0.0,PLN
SO-2026-012228,2,2026-08-02,2026-08-04,PL-WEB-01,C023474,VM-CMP-0023,4,60.05,0.0,PLN
SO-2026-012229,1,2026-08-02,2026-08-06,PL-WEB-01,C022267,VM-BIK-0004,1,4346.85,0.0,PLN
SO-2026-012229,2,2026-08-02,2026-08-06,PL-WEB-01,C022267,VM-ACC-0007,2,366.47,0.0,PLN
SO-2026-012229,3,2026-08-02,2026-08-06,PL-WEB-01,C022267,VM-ACC-0014,1,111.97,0.0,PLN
SO-2026-012229,4,2026-08-02,2026-08-06,PL-WEB-01,C022267,VM-ACC-0017,2,59.03,0.0,PLN
SO-2026-012230,1,2026-08-02,2026-08-05,PL-WEB-01,C019159,VM-ACC-0014,1,111.97,0.05,PLN
SO-2026-012231,1,2026-08-02,2026-08-04,PL-WEB-01,C014142,VM-NUT-0009,12,86.52,0.12,PLN
SO-2026-012231,2,2026-08-02,2026-08-04,PL-WEB-01,C014142,VM-BIK-0022,3,1425.19,0.1,PLN
SO-2026-012232,1,2026-08-02,2026-08-04,PL-WEB-01,C015659,VM-ACC-0008,2,407.19,0.05,PLN
SO-2026-012233,1,2026-08-02,2026-08-04,PL-MKT-01,C006572,VM-NUT-0004,48,7.12,0.1,PLN
SO-2026-012233,2,2026-08-02,2026-08-04,PL-MKT-01,C006572,VM-BIK-0007,3,7176.89,0.1,PLN
SO-2026-012234,1,2026-08-02,2026-08-05,PL-MKT-01,C020997,VM-ACC-0007,2,366.47,0.0,PLN
SO-2026-012234,2,2026-08-02,2026-08-05,PL-MKT-01,C020997,VM-CMP-0020,3,264.67,0.0,PLN
SO-2026-012235,1,2026-08-02,2026-08-06,PL-MKT-01,C023475,VM-EBK-0003,1,9253.61,0.0,PLN
SO-2026-012235,2,2026-08-02,2026-08-06,PL-MKT-01,C023475,VM-ACC-0002,2,620.97,0.0,PLN
SO-2026-012235,3,2026-08-02,2026-08-06,PL-MKT-01,C023475,VM-ACC-0012,1,73.29,0.0,PLN
SO-2026-012236,1,2026-08-02,2026-08-05,PL-MKT-01,C022917,VM-CMP-0005,1,1506.63,0.0,PLN
SO-2026-012236,2,2026-08-02,2026-08-05,PL-MKT-01,C022917,VM-CMP-0012,2,549.71,0.0,PLN
SO-2026-012237,1,2026-08-02,2026-08-03,PL-MKT-01,C023476,VM-EBK-0009,1,10088.37,0.0,PLN
SO-2026-012237,2,2026-08-02,2026-08-03,PL-MKT-01,C023476,VM-ACC-0018,3,50.89,0.0,PLN
SO-2026-012238,1,2026-08-02,2026-08-05,PL-MKT-01,C022970,VM-APP-0010,1,173.05,0.0,PLN
SO-2026-012238,2,2026-08-02,2026-08-05,PL-MKT-01,C022970,VM-APP-0012,1,885.65,0.0,PLN
SO-2026-012239,1,2026-08-02,2026-08-02,CZ-PRG-01,C023477,VM-BIK-0011,1,50841.0,0.1,CZK
SO-2026-012240,1,2026-08-02,2026-08-02,CZ-PRG-01,,VM-NUT-0003,5,65.0,0.0,CZK
SO-2026-012241,1,2026-08-02,2026-08-04,CZ-WEB-01,C022809,VM-CMP-0005,2,8699.0,0.0,CZK
SO-2026-012242,1,2026-08-02,2026-08-03,CZ-WEB-01,C023478,VM-CMP-0016,2,14459.0,0.05,CZK
SO-2026-012243,1,2026-08-02,2026-08-04,CZ-WEB-01,C023479,VM-APP-0008,1,940.0,0.05,CZK
SO-2026-012243,2,2026-08-02,2026-08-04,CZ-WEB-01,C023479,VM-EBK-0005,1,102564.0,0.05,CZK
SO-2026-012244,1,2026-08-02,2026-08-03,DE-WEB-01,C023480,VM-EBK-0002,1,2382.25,0.0,EUR
SO-2026-012244,2,2026-08-02,2026-08-03,DE-WEB-01,C023480,VM-ACC-0001,1,90.98,0.0,EUR
SO-2026-012245,1,2026-08-02,2026-08-05,DE-WEB-01,C022286,VM-BIK-0005,1,1774.12,0.05,EUR
SO-2026-012246,1,2026-08-02,2026-08-06,DE-WEB-01,C007035,VM-APP-0011,4,98.16,0.1,EUR
SO-2026-012247,1,2026-08-02,2026-08-06,DE-WEB-01,C004760,VM-APP-0006,2,74.22,0.0,EUR
SO-2026-012248,1,2026-08-02,2026-08-06,DE-WEB-01,C017431,VM-NUT-0009,4,20.35,0.0,EUR
SO-2026-012249,1,2026-08-02,2026-08-04,DE-WEB-01,C017945,VM-ACC-0007,2,86.19,0.0,EUR
SO-2026-012250,1,2026-08-02,2026-08-06,DE-WEB-01,C018628,vm-bik-0001,1,3277.69,0.0,EUR
SO-2026-012250,2,2026-08-02,2026-08-06,DE-WEB-01,C018628,VM-EBK-0008,1,3615.28,0.0,EUR
SO-2026-012250,3,2026-08-02,2026-08-06,DE-WEB-01,C018628,VM-ACC-0008,1,95.77,0.0,EUR
SO-2026-012250,4,2026-08-02,2026-08-06,DE-WEB-01,C018628,VM-BIK-0007,1,1687.93,0.0,EUR
SO-2026-012251,1,2026-08-02,2026-08-04,DE-WEB-01,C023481,VM-EBK-0007,4,3519.51,0.1,EUR
SO-2026-012252,1,2026-08-03,2026-08-03,PL-WAW-01,C005721,VM-NUT-0002,12,15.26,0.0,PLN
SO-2026-012253,1,2026-08-03,2026-08-03,PL-WAW-01,C023482,VM-ACC-0014,1,111.97,0.0,PLN
SO-2026-012253,2,2026-08-03,2026-08-03,PL-WAW-01,C023482,VM-CMP-0017,1,508.99,0.0,PLN
SO-2026-012254,1,2026-08-03,2026-08-03,PL-WAW-01,C020119,VM-NUT-0002,3,15.26,0.0,PLN
SO-2026-012254,2,2026-08-03,2026-08-03,PL-WAW-01,C020119,VM-BIK-0019,1,1231.77,0.0,PLN
SO-2026-012255,1,2026-08-03,2026-08-03,PL-WAW-01,C023483,VM-NUT-0008,3,10.17,0.0,PLN
SO-2026-012255,2,2026-08-03,2026-08-03,PL-WAW-01,C023483,VM-ACC-0008,2,407.19,0.0,PLN
SO-2026-012256,1,2026-08-03,2026-08-03,PL-WAW-01,,VM-BIK-0013,1,4886.39,0.0,PLN
SO-2026-012256,2,2026-08-03,2026-08-03,PL-WAW-01,,VM-NUT-0001,5,9.15,0.0,PLN
SO-2026-012256,3,2026-08-03,2026-08-03,PL-WAW-01,,VM-ACC-0005,2,183.23,0.0,PLN
SO-2026-012257,1,2026-08-03,2026-08-03,PL-WAW-01,,VM-NUT-0009,3,86.52,0.0,PLN
SO-2026-012257,2,2026-08-03,2026-08-03,PL-WAW-01,,VM-NUT-0002,5,15.26,0.0,PLN
SO-2026-012257,3,2026-08-03,2026-08-03,PL-WAW-01,,VM-ACC-0002,1,620.97,0.05,PLN
SO-2026-012258,1,2026-08-03,2026-08-03,PL-WAW-02,,VM-EBK-0008,1,15371.79,0.0,PLN
SO-2026-012259,1,2026-08-03,2026-08-03,PL-WAW-02,C015443,VM-BIK-0004,2,4346.85,0.12,PLN
SO-2026-012259,2,2026-08-03,2026-08-03,PL-WAW-02,C015443,VM-APP-0009,4,356.29,0.08,PLN
SO-2026-012259,3,2026-08-03,2026-08-03,PL-WAW-02,C015443,VM-ACC-0008,4,407.19,0.1,PLN
SO-2026-012260,1,2026-08-03,2026-08-03,PL-WAW-02,C023475,VM-BIK-0004,1,4346.85,0.0,PLN
SO-2026-012260,2,2026-08-03,2026-08-03,PL-WAW-02,C023475, VM-ACC-0008 ,2,407.19,0.0,PLN
SO-2026-012261,1,2026-08-03,2026-08-03,PL-WAW-02,,VM-APP-0013,1,447.91,0.0,PLN
SO-2026-012261,2,2026-08-03,2026-08-03,PL-WAW-02,,VM-CMP-0013,2,539.53,0.0,PLN
SO-2026-012262,1,2026-08-03,2026-08-03,PL-KRK-01,C022059,VM-EBK-0009,1,10088.37,0.0,PLN
SO-2026-012263,1,2026-08-03,2026-08-03,PL-KRK-01,C023484,VM-EBK-0009,1,10088.37,0.0,PLN
SO-2026-012263,2,2026-08-03,2026-08-03,PL-KRK-01,C023484,VM-ACC-0018,1,50.89,0.0,PLN
SO-2026-012264,1,2026-08-03,2026-08-03,PL-KRK-01,C016880,VM-CMP-0017,1,508.99,0.0,PLN
SO-2026-012264,2,2026-08-03,2026-08-03,PL-KRK-01,C016880,VM-EBK-0003,1,9253.61,0.0,PLN
SO-2026-012264,3,2026-08-03,2026-08-03,PL-KRK-01,C016880,VM-NUT-0002,6,15.26,0.0,PLN
SO-2026-012265,1,2026-08-03,2026-08-03,PL-WRO-01,C023485,VM-BIK-0004,1,4346.85,0.0,PLN
SO-2026-012266,1,2026-08-03,2026-08-03,PL-GDN-01,C023324,VM-ACC-0002,2,620.97,0.0,PLN
SO-2026-012267,1,2026-08-03,2026-08-03,PL-GDN-01,,VM-ACC-0005,1,183.23,0.05,PLN
SO-2026-012267,2,2026-08-03,2026-08-03,PL-GDN-01,,VM-APP-0013,1,447.91,0.0,PLN
SO-2026-012268,1,2026-08-03,2026-08-03,PL-GDN-01,,VM-NUT-0004,13,7.12,0.0,PLN
SO-2026-012268,2,2026-08-03,2026-08-03,PL-GDN-01,,VM-NUT-0003,8,11.19,0.0,PLN
SO-2026-012268,3,2026-08-03,2026-08-03,PL-GDN-01,, VM-NUT-0006 ,6,10.17,0.0,PLN
SO-2026-012269,1,2026-08-03,2026-08-03,PL-POZ-01,,VM-BIK-0009,1,5741.51,0.05,PLN
SO-2026-012269,2,2026-08-03,2026-08-03,PL-POZ-01,,VM-ACC-0002,1,620.97,0.0,PLN
SO-2026-012270,1,2026-08-03,2026-08-03,PL-POZ-01,,VM-BIK-0019,1,1231.77,0.0,PLN
SO-2026-012270,2,2026-08-03,2026-08-03,PL-POZ-01,,VM-ACC-0007,2,366.47,0.0,PLN
SO-2026-012270,3,2026-08-03,2026-08-03,PL-POZ-01,,VM-ACC-0002,2,620.97,0.0,PLN
SO-2026-012270,4,2026-08-03,2026-08-03,PL-POZ-01,,VM-ACC-0017,3,59.03,0.0,PLN
SO-2026-012271,1,2026-08-03,2026-08-03,PL-POZ-01,C022183,VM-APP-0010,2,173.05,0.0,PLN
SO-2026-012271,2,2026-08-03,2026-08-03,PL-POZ-01,C022183, VM-APP-0007 ,1,162.87,0.0,PLN
SO-2026-012271,3,2026-08-03,2026-08-03,PL-POZ-01,C022183,VM-CMP-0020,3,264.67,0.0,PLN
SO-2026-012271,4,2026-08-03,2026-08-03,PL-POZ-01,C022183,VM-NUT-0009,2,86.52,0.0,PLN
SO-2026-012272,1,2026-08-03,2026-08-03,PL-LDZ-01,,VM-EBK-0002,1,10129.09,0.0,PLN
SO-2026-012273,1,2026-08-03,2026-08-03,PL-LDZ-01,,VM-NUT-0006,12,10.17,0.0,PLN
SO-2026-012273,2,2026-08-03,2026-08-03,PL-LDZ-01,,VM-NUT-0011,1,54.96,0.0,PLN
SO-2026-012274,1,2026-08-03,2026-08-03,PL-LDZ-01,,VM-CMP-0006,2,203.59,0.0,PLN
SO-2026-012275,1,2026-08-03,2026-08-04,PL-WEB-01,C023486,VM-ACC-0014,1,111.97,0.1,PLN
SO-2026-012276,1,2026-08-03,2026-08-07,PL-WEB-01,C023487,VM-NUT-0002,12,15.26,0.0,PLN
SO-2026-012277,1,2026-08-03,2026-08-05,PL-WEB-01,C023488,VM-BIK-0007,1,7176.89,0.0,PLN
SO-2026-012277,2,2026-08-03,2026-08-05,PL-WEB-01,C023488,VM-NUT-0009,1,86.52,0.0,PLN
SO-2026-012278,1,2026-08-03,2026-08-06,PL-WEB-01,C016120,VM-APP-0008,2,162.87,0.05,PLN
SO-2026-012279,1,2026-08-03,2026-08-07,PL-WEB-01,C019806,VM-ACC-0011,2,73.29,0.0,PLN
SO-2026-012279,2,2026-08-03,2026-08-07,PL-WEB-01,C019806,VM-BIK-0017,1,1944.37,0.0,PLN
SO-2026-012280,1,2026-08-03,2026-08-04,PL-WEB-01,C023489,VM-NUT-0003,7,11.19,0.0,PLN
SO-2026-012281,1,2026-08-03,2026-08-06,PL-WEB-01,C023476,VM-NUT-0002,14,15.26,0.0,PLN
SO-2026-012281,2,2026-08-03,2026-08-06,PL-WEB-01,C023476,VM-BIK-0012,1,12022.57,0.0,PLN
SO-2026-012281,3,2026-08-03,2026-08-06,PL-WEB-01,C023476,VM-CMP-0013,2,539.53,0.1,PLN
SO-2026-012281,4,2026-08-03,2026-08-06,PL-WEB-01,C023476,VM-EBK-0007,1,14964.59,0.0,PLN
SO-2026-012282,1,2026-08-03,2026-08-06,PL-WEB-01,C023490,VM-NUT-0009,1,86.52,0.05,PLN
SO-2026-012282,2,2026-08-03,2026-08-06,PL-WEB-01,C023490,VM-NUT-0011,1,54.96,0.05,PLN
SO-2026-012283,1,2026-08-03,2026-08-06,PL-WEB-01,C015220,VM-CMP-0011,1,162.87,0.0,PLN
SO-2026-012283,2,2026-08-03,2026-08-06,PL-WEB-01,C015220,VM-ACC-0002,2,620.97,0.0,PLN
SO-2026-012284,1,2026-08-03,2026-08-04,PL-WEB-01,C022733,VM-NUT-0009,3,86.52,0.0,PLN
SO-2026-012285,1,2026-08-03,2026-08-07,PL-WEB-01,C019563,VM-ACC-0008,2,407.19,0.05,PLN
SO-2026-012286,1,2026-08-03,2026-08-04,PL-WEB-01,C021845,VM-ACC-0008,2,407.19,0.0,PLN
SO-2026-012286,2,2026-08-03,2026-08-04,PL-WEB-01,C021845,VM-ACC-0007,2,366.47,0.0,PLN
SO-2026-012286,3,2026-08-03,2026-08-04,PL-WEB-01,C021845,VM-ACC-0012,1,73.29,0.0,PLN
SO-2026-012286,4,2026-08-03,2026-08-04,PL-WEB-01,C021845,VM-EBK-0004,1,11279.43,0.0,PLN
SO-2026-012287,1,2026-08-03,2026-08-07,PL-WEB-01,C021592,VM-NUT-0009,8,86.52,0.1,PLN
SO-2026-012287,2,2026-08-03,2026-08-07,PL-WEB-01,C021592,VM-EBK-0008,5,15371.79,0.08,PLN
SO-2026-012288,1,2026-08-03,2026-08-04,PL-WEB-01,C018885,VM-ACC-0013,1,173.05,0.05,PLN
SO-2026-012289,1,2026-08-03,2026-08-07,PL-WEB-01,C023491,VM-CMP-0006,1,203.59,0.0,PLN
SO-2026-012289,2,2026-08-03,2026-08-07,PL-WEB-01,C023491,VM-APP-0007,1,162.87,0.0,PLN
SO-2026-012289,3,2026-08-03,2026-08-07,PL-WEB-01,C023491,VM-NUT-0008,6,10.17,0.0,PLN
SO-2026-012290,1,2026-08-03,2026-08-06,PL-WEB-01,C019015,VM-ACC-0012,1,73.29,0.0,PLN
SO-2026-012291,1,2026-08-03,2026-08-04,PL-MKT-01,C004357,VM-CMP-0013,2,539.53,0.1,PLN
SO-2026-012292,1,2026-08-03,2026-08-04,PL-MKT-01,C019578,VM-CMP-0019,1,213.77,0.0,PLN
SO-2026-012293,1,2026-08-03,2026-08-07,PL-MKT-01,C018917,VM-CMP-0009,1,356.29,0.0,PLN
SO-2026-012293,2,2026-08-03,2026-08-07,PL-MKT-01,C018917,VM-EBK-0004,1,11279.43,0.0,PLN
SO-2026-012293,3,2026-08-03,2026-08-07,PL-MKT-01,C018917,VM-EBK-0005,1,17764.09,0.0,PLN
SO-2026-012293,4,2026-08-03,2026-08-07,PL-MKT-01,C018917,VM-EBK-0003,1,9253.61,0.0,PLN
SO-2026-012294,1,2026-08-03,2026-08-04,PL-MKT-01,C019232,VM-CMP-0013,2,539.53,0.0,PLN
SO-2026-012294,2,2026-08-03,2026-08-04,PL-MKT-01,C019232,VM-CMP-0001,2,407.19,0.0,PLN
SO-2026-012295,1,2026-08-03,2026-08-06,PL-MKT-01,C021035,VM-EBK-0011,1,14903.51,0.05,PLN
SO-2026-012295,2,2026-08-03,2026-08-06,PL-MKT-01,C021035,VM-NUT-0004,11,7.12,0.0,PLN
SO-2026-012296,1,2026-08-03,2026-08-06,PL-MKT-01,C023492,VM-BIK-0003,1,6657.71,0.0,PLN
SO-2026-012297,1,2026-08-03,2026-08-07,PL-MKT-01,C016565,VM-CMP-0020,4,264.67,0.05,PLN
SO-2026-012297,2,2026-08-03,2026-08-07,PL-MKT-01,C016565,VM-ACC-0023,1,946.73,0.05,PLN
SO-2026-012298,1,2026-08-03,2026-08-05,PL-MKT-01,C023493,VM-CMP-0011,1,162.87,0.05,PLN
SO-2026-012298,2,2026-08-03,2026-08-05,PL-MKT-01,C023493,VM-NUT-0004,8,7.12,0.05,PLN
SO-2026-012298,3,2026-08-03,2026-08-05,PL-MKT-01,C023493,VM-EBK-0007,1,14964.59,0.05,PLN
SO-2026-012299,1,2026-08-03,2026-08-06,PL-MKT-01,C019696,VM-EBK-0009,1,10088.37,0.0,PLN
SO-2026-012300,1,2026-08-03,2026-08-03,CZ-PRG-01,,VM-CMP-0013,1,3115.0,0.0,CZK
SO-2026-012300,2,2026-08-03,2026-08-03,CZ-PRG-01,,VM-APP-0002,2,2586.0,0.0,CZK
SO-2026-012301,1,2026-08-03,2026-08-03,CZ-PRG-01,C016966,VM-CMP-0009,2,2057.0,0.05,CZK
SO-2026-012302,1,2026-08-03,2026-08-03,CZ-PRG-01,,VM-BIK-0016,1,21101.0,0.0,CZK
SO-2026-012302,2,2026-08-03,2026-08-03,CZ-PRG-01,,VM-CMP-0016,1,14459.0,0.0,CZK
SO-2026-012303,1,2026-08-03,2026-08-03,CZ-BRN-01,C016699,VM-NUT-0002,7,88.0,0.05,CZK
SO-2026-012303,2,2026-08-03,2026-08-03,CZ-BRN-01,C016699,VM-CMP-0013,2,3115.0,0.05,CZK
SO-2026-012304,1,2026-08-03,2026-08-07,CZ-WEB-01,C019962,VM-ACC-0023,1,5466.0,0.05,CZK
SO-2026-012305,1,2026-08-03,2026-08-07,CZ-WEB-01,C010435,VM-NUT-0004,5,41.0,0.0,CZK
SO-2026-012306,1,2026-08-03,2026-08-07,CZ-WEB-01,C021487,vm-ebk-0008,1,88752.0,0.0,CZK
SO-2026-012307,1,2026-08-03,2026-08-07,CZ-WEB-01,C022265,VM-NUT-0004,15,41.0,0.05,CZK
SO-2026-012308,1,2026-08-03,2026-08-07,CZ-WEB-01,C022196,VM-APP-0018,2,764.0,0.0,CZK
SO-2026-012308,2,2026-08-03,2026-08-07,CZ-WEB-01,C022196,VM-BIK-0009,1,33150.0,0.0,CZK
SO-2026-012309,1,2026-08-03,2026-08-04,CZ-WEB-01,C012183,VM-BIK-0019,1,7112.0,0.1,CZK
SO-2026-012309,2,2026-08-03,2026-08-04,CZ-WEB-01,C012183,VM-CMP-0013,2,3115.0,0.05,CZK
SO-2026-012310,1,2026-08-03,2026-08-06,CZ-WEB-01,C023494,VM-APP-0020,2,1058.0,0.0,CZK
SO-2026-012310,2,2026-08-03,2026-08-06,CZ-WEB-01,C023494,VM-CMP-0013,1,3115.0,0.0,CZK
SO-2026-012311,1,2026-08-03,2026-08-06,CZ-WEB-01,C023495,VM-CMP-0016,2,14459.0,0.0,CZK
SO-2026-012312,1,2026-08-03,2026-08-04,CZ-WEB-01,C008850,VM-BIK-0015,1,18162.0,0.0,CZK
SO-2026-012313,1,2026-08-03,2026-08-03,DE-BER-01,C023496,VM-ACC-0008,1,95.77,0.05,EUR
SO-2026-012314,1,2026-08-03,2026-08-03,DE-BER-01,C021518,VM-APP-0013,5,105.34,0.1,EUR
SO-2026-012314,2,2026-08-03,2026-08-03,DE-BER-01,C021518,VM-EBK-0004,2,2652.8,0.1,EUR
SO-2026-012314,3,2026-08-03,2026-08-03,DE-BER-01,C021518,VM-ACC-0006,8,227.45,0.1,EUR
SO-2026-012315,1,2026-08-03,2026-08-03,DE-BER-01,C022934,VM-APP-0002,1,105.34,0.0,EUR
SO-2026-012315,2,2026-08-03,2026-08-03,DE-BER-01,C022934,VM-NUT-0003,12,2.63,0.0,EUR
SO-2026-012315,3,2026-08-03,2026-08-03,DE-BER-01,C022934,VM-BIK-0016,1,859.52,0.0,EUR
SO-2026-012316,1,2026-08-03,2026-08-05,DE-WEB-01,C014564,VM-CMP-0012,2,129.29,0.0,EUR
SO-2026-012317,1,2026-08-03,2026-08-04,DE-WEB-01,C023189,VM-APP-0014,1,117.31,0.0,EUR
SO-2026-012318,1,2026-08-03,2026-08-07,DE-WEB-01,C023497,VM-ACC-0017,2,13.88,0.05,EUR
SO-2026-012319,1,2026-08-03,2026-08-04,DE-WEB-01,C022325,VM-BIK-0002,1,2305.64,0.05,EUR
SO-2026-012319,2,2026-08-03,2026-08-04,DE-WEB-01,C022325,VM-ACC-0014,1,26.33,0.05,EUR
SO-2026-012320,1,2026-08-03,2026-08-05,DE-WEB-01,C023498,vm-nut-0004,9,1.67,0.0,EUR
SO-2026-012320,2,2026-08-03,2026-08-05,DE-WEB-01,C023498,VM-EBK-0003,1,2176.35,0.0,EUR
SO-2026-012320,3,2026-08-03,2026-08-05,DE-WEB-01,C023498,VM-APP-0006,1,74.22,0.0,EUR
SO-2026-012320,4,2026-08-03,2026-08-05,DE-WEB-01,C023498,VM-ACC-0007,2,86.19,0.0,EUR
SO-2026-012321,1,2026-08-04,2026-08-04,PL-WAW-01,,VM-BIK-0016,1,3654.61,0.0,PLN
SO-2026-012322,1,2026-08-04,2026-08-04,PL-WAW-01,,VM-BIK-0021,1,1272.49,0.0,PLN
SO-2026-012322,2,2026-08-04,2026-08-04,PL-WAW-01,,VM-BIK-0016,1,3654.61,0.0,PLN
SO-2026-012322,3,2026-08-04,2026-08-04,PL-WAW-01,,VM-CMP-0004,2,732.95,0.0,PLN
SO-2026-012322,4,2026-08-04,2026-08-04,PL-WAW-01,,VM-APP-0012,1,885.65,0.0,PLN
SO-2026-012323,1,2026-08-04,2026-08-04,PL-WAW-01,C020445,VM-NUT-0002,11,15.26,0.0,PLN
SO-2026-012324,1,2026-08-04,2026-08-04,PL-WAW-01,C023499,VM-BIK-0002,1,9803.33,0.0,PLN
SO-2026-012324,2,2026-08-04,2026-08-04,PL-WAW-01,C023499,VM-ACC-0008,2,407.19,0.0,PLN
SO-2026-012325,1,2026-08-04,2026-08-04,PL-WAW-02,,VM-NUT-0007,4,13.22,0.0,PLN
SO-2026-012326,1,2026-08-04,2026-08-04,PL-WAW-02,C017595,VM-BIK-0016,1,3654.61,0.05,PLN
SO-2026-012327,1,2026-08-04,2026-08-04,PL-WAW-02,C012251,VM-NUT-0004,15,7.12,0.0,PLN
SO-2026-012328,1,2026-08-04,2026-08-04,PL-WAW-02,C003161,VM-BIK-0007,1,7176.89,0.05,PLN
SO-2026-012328,2,2026-08-04,2026-08-04,PL-WAW-02,C003161,VM-CMP-0012,2,549.71,0.05,PLN
SO-2026-012329,1,2026-08-04,2026-08-04,PL-KRK-01,,VM-ACC-0021,1,794.03,0.0,PLN
SO-2026-012329,2,2026-08-04,2026-08-04,PL-KRK-01,,VM-NUT-0002,13,15.26,0.0,PLN
SO-2026-012329,3,2026-08-04,2026-08-04,PL-KRK-01,,VM-NUT-0011,1,54.96,0.0,PLN
SO-2026-012330,1,2026-08-04,2026-08-04,PL-KRK-01,C018536,VM-APP-0010,2,173.05,0.0,PLN
SO-2026-012331,1,2026-08-04,2026-08-04,PL-KRK-01,C023500,VM-APP-0003,2,315.57,0.0,PLN
SO-2026-012332,1,2026-08-04,2026-08-04,PL-KRK-01,C010698,VM-CMP-0020,8,264.67,0.08,PLN
SO-2026-012332,2,2026-08-04,2026-08-04,PL-KRK-01,C010698,VM-BIK-0003,5,6657.71,0.12,PLN
SO-2026-012333,1,2026-08-04,2026-08-04,PL-WRO-01,,VM-APP-0006,2,315.57,0.0,PLN
SO-2026-012333,2,2026-08-04,2026-08-04,PL-WRO-01,,VM-CMP-0014,2,437.73,0.0,PLN
SO-2026-012334,1,2026-08-04,2026-08-04,PL-WRO-01,C019296,VM-APP-0006,3,315.57,0.08,PLN
SO-2026-012335,1,2026-08-04,2026-08-04,PL-WRO-01,,VM-CMP-0001,2,407.19,0.0,PLN
SO-2026-012336,1,2026-08-04,2026-08-04,PL-WRO-01,C023501,VM-CMP-0022,1,36.64,0.0,PLN
SO-2026-012337,1,2026-08-04,2026-08-04,PL-WRO-01,,VM-ACC-0014,1,111.97,0.0,PLN
SO-2026-012338,1,2026-08-04,2026-08-04,PL-GDN-01,C023502,VM-ACC-0014,1,111.97,0.0,PLN
SO-2026-012338,2,2026-08-04,2026-08-04,PL-GDN-01,C023502,vm-cmp-0015,2,936.55,0.0,PLN
SO-2026-012338,3,2026-08-04,2026-08-04,PL-GDN-01,C023502,VM-EBK-0003,1,9253.61,0.0,PLN
SO-2026-012339,1,2026-08-04,2026-08-04,PL-GDN-01,,VM-APP-0003,2,315.57,0.0,PLN
SO-2026-012340,1,2026-08-04,2026-08-04,PL-GDN-01,,VM-NUT-0008,10,10.17,0.0,PLN
SO-2026-012341,1,2026-08-04,2026-08-04,PL-GDN-01,,VM-ACC-0021,1,794.03,0.0,PLN
SO-2026-012341,2,2026-08-04,2026-08-04,PL-GDN-01,,VM-ACC-0013,1,173.05,0.0,PLN
SO-2026-012341,3,2026-08-04,2026-08-04,PL-GDN-01,,VM-ACC-0008,1,407.19,0.0,PLN
SO-2026-012341,4,2026-08-04,2026-08-04,PL-GDN-01,,VM-NUT-0011,1,54.96,0.0,PLN
SO-2026-012342,1,2026-08-04,2026-08-04,PL-POZ-01,C016371,VM-EBK-0007,1,14964.59,0.05,PLN
SO-2026-012343,1,2026-08-04,2026-08-04,PL-POZ-01,C023503,VM-NUT-0009,4,86.52,0.0,PLN
SO-2026-012343,2,2026-08-04,2026-08-04,PL-POZ-01,C023503,VM-NUT-0008,7,10.17,0.0,PLN
SO-2026-012344,1,2026-08-04,2026-08-04,PL-POZ-01,C016879,VM-BIK-0007,1,7176.89,0.05,PLN
SO-2026-012345,1,2026-08-04,2026-08-04,PL-LDZ-01,,VM-CMP-0013,2,539.53,0.0,PLN
SO-2026-012346,1,2026-08-04,2026-08-08,PL-WEB-01,C023504,VM-CMP-0007,1,641.33,0.0,PLN
SO-2026-012346,2,2026-08-04,2026-08-08,PL-WEB-01,C023504,VM-CMP-0014,1,437.73,0.0,PLN
SO-2026-012346,3,2026-08-04,2026-08-08,PL-WEB-01,C023504,VM-EBK-0008,1,15371.79,0.0,PLN
SO-2026-012347,1,2026-08-04,2026-08-07,PL-WEB-01,C017608,VM-APP-0006,3,315.57,0.0,PLN
SO-2026-012347,2,2026-08-04,2026-08-07,PL-WEB-01,C017608,VM-EBK-0003,1,9253.61,0.0,PLN
SO-2026-012348,1,2026-08-04,2026-08-07,PL-WEB-01,C016653,VM-EBK-0002,1,10129.09,0.0,PLN
SO-2026-012349,1,2026-08-04,2026-08-07,PL-WEB-01,C023505,VM-NUT-0003,15,11.19,0.0,PLN
SO-2026-012349,2,2026-08-04,2026-08-07,PL-WEB-01,C023505,VM-ACC-0001,2,386.83,0.0,PLN
SO-2026-012349,3,2026-08-04,2026-08-07,PL-WEB-01,C023505,VM-EBK-0007,1,14964.59,0.0,PLN
SO-2026-012350,1,2026-08-04,2026-08-08,PL-WEB-01,C023411,VM-ACC-0014,1,111.97,0.0,PLN
SO-2026-012350,2,2026-08-04,2026-08-08,PL-WEB-01,C023411,VM-ACC-0007,2,366.47,0.0,PLN
SO-2026-012350,3,2026-08-04,2026-08-08,PL-WEB-01,C023411,VM-ACC-0001,1,386.83,0.0,PLN
SO-2026-012351,1,2026-08-04,2026-08-08,PL-WEB-01,C023506,VM-NUT-0003,4,11.19,0.0,PLN
SO-2026-012351,2,2026-08-04,2026-08-08,PL-WEB-01,C023506,VM-APP-0002,2,447.91,0.0,PLN
SO-2026-012351,3,2026-08-04,2026-08-08,PL-WEB-01,C023506,VM-CMP-0009,2,356.29,0.0,PLN
SO-2026-012352,1,2026-08-04,2026-08-06,PL-WEB-01,C013609,VM-ACC-0014,1,111.97,0.05,PLN
SO-2026-012353,1,2026-08-04,2026-08-07,PL-WEB-01,C007183,VM-APP-0002,1,447.91,0.0,PLN
SO-2026-012353,2,2026-08-04,2026-08-07,PL-WEB-01,C007183,VM-ACC-0008,1,407.19,0.0,PLN
SO-2026-012354,1,2026-08-04,2026-08-06,PL-WEB-01,C016688,VM-ACC-0017,1,59.03,0.0,PLN
SO-2026-012355,1,2026-08-04,2026-08-06,PL-WEB-01,C011953,VM-BIK-0017,1,1944.37,0.05,PLN
SO-2026-012356,1,2026-08-04,2026-08-08,PL-WEB-01,C012827,VM-ACC-0012,5,73.29,0.12,PLN
SO-2026-012356,2,2026-08-04,2026-08-08,PL-WEB-01,C012827,VM-NUT-0004,18,7.12,0.1,PLN
SO-2026-012357,1,2026-08-04,2026-08-07,PL-WEB-01,C019771,VM-ACC-0002,1,620.97,0.05,PLN
SO-2026-012357,2,2026-08-04,2026-08-07,PL-WEB-01,C019771,VM-CMP-0016,1,2504.27,0.05,PLN
SO-2026-012357,3,2026-08-04,2026-08-07,PL-WEB-01,C019771,VM-CMP-0007,2,641.33,0.05,PLN
SO-2026-012358,1,2026-08-04,2026-08-05,PL-WEB-01,C020998,VM-BIK-0020,1,1231.77,0.05,PLN
SO-2026-012359,1,2026-08-04,2026-08-07,PL-WEB-01,C023507,VM-NUT-0006,7,10.17,0.0,PLN
SO-2026-012360,1,2026-08-04,2026-08-05,PL-WEB-01,C023508,VM-BIK-0004,2,4346.85,0.08,PLN
SO-2026-012361,1,2026-08-04,2026-08-05,PL-WEB-01,C020460,VM-CMP-0006,2,203.59,0.0,PLN
SO-2026-012362,1,2026-08-04,2026-08-08,PL-WEB-01,C023509,VM-ACC-0015,1,356.29,0.0,PLN
SO-2026-012362,2,2026-08-04,2026-08-08,PL-WEB-01,C023509,VM-ACC-0014,1,111.97,0.0,PLN
SO-2026-012362,3,2026-08-04,2026-08-08,PL-WEB-01,C023509,VM-ACC-0007,2,366.47,0.0,PLN
SO-2026-012363,1,2026-08-04,2026-08-05,PL-WEB-01,C016120,VM-BIK-0007,1,7176.89,0.05,PLN
SO-2026-012363,2,2026-08-04,2026-08-05,PL-WEB-01,C016120,VM-ACC-0018,2,50.89,0.05,PLN
SO-2026-012364,1,2026-08-04,2026-08-07,PL-WEB-01,C023510,VM-BIK-0020,1,1231.77,0.0,PLN
SO-2026-012364,2,2026-08-04,2026-08-07,PL-WEB-01,C023510,VM-ACC-0002,2,620.97,0.0,PLN
SO-2026-012364,3,2026-08-04,2026-08-07,PL-WEB-01,C023510,VM-ACC-0014,1,111.97,0.0,PLN
SO-2026-012364,4,2026-08-04,2026-08-07,PL-WEB-01,C023510,VM-ACC-0008,2,407.19,0.1,PLN
SO-2026-012365,1,2026-08-04,2026-08-06,PL-WEB-01,C014472, VM-NUT-0009 ,4,86.52,0.0,PLN
SO-2026-012366,1,2026-08-04,2026-08-07,PL-WEB-01,C023511,VM-APP-0018,1,132.33,0.0,PLN
SO-2026-012367,1,2026-08-04,2026-08-05,PL-MKT-01,C023512,VM-EBK-0004,1,11279.43,0.0,PLN
SO-2026-012368,1,2026-08-04,2026-08-06,PL-MKT-01,C015592,VM-CMP-0023,3,60.05,0.05,PLN
SO-2026-012368,2,2026-08-04,2026-08-06,PL-MKT-01,C015592,VM-ACC-0021,1,794.03,0.05,PLN
SO-2026-012369,1,2026-08-04,2026-08-07,PL-MKT-01,C022580,VM-ACC-0017,3,59.03,0.0,PLN
SO-2026-012369,2,2026-08-04,2026-08-07,PL-MKT-01,C022580,VM-NUT-0004,11,7.12,0.0,PLN
SO-2026-012369,3,2026-08-04,2026-08-07,PL-MKT-01,C022580,VM-ACC-0019,1,50.89,0.1,PLN
SO-2026-012369,4,2026-08-04,2026-08-07,PL-MKT-01,C022580,VM-ACC-0002,2,620.97,0.0,PLN
SO-2026-012370,1,2026-08-04,2026-08-05,PL-MKT-01,C018288,VM-ACC-0008,1,407.19,0.0,PLN
SO-2026-012371,1,2026-08-04,2026-08-05,PL-MKT-01,C023513,VM-NUT-0009,4,86.52,0.05,PLN
SO-2026-012372,1,2026-08-04,2026-08-07,PL-MKT-01,C010542,VM-APP-0004,2,244.31,0.0,PLN
SO-2026-012372,2,2026-08-04,2026-08-07,PL-MKT-01,C010542,VM-EBK-0007,1,14964.59,0.0,PLN
SO-2026-012372,3,2026-08-04,2026-08-07,PL-MKT-01,C010542,VM-APP-0002,1,447.91,0.0,PLN
SO-2026-012373,1,2026-08-04,2026-08-05,PL-MKT-01,C015805,VM-NUT-0009,1,86.52,0.1,PLN
SO-2026-012373,2,2026-08-04,2026-08-05,PL-MKT-01,C015805,VM-APP-0020,2,183.23,0.05,PLN
SO-2026-012373,3,2026-08-04,2026-08-05,PL-MKT-01,C015805, VM-APP-0003 ,1,315.57,0.05,PLN
SO-2026-012374,1,2026-08-04,2026-08-08,PL-MKT-01,C014164,VM-BIK-0012,1,12022.57,0.0,PLN
SO-2026-012374,2,2026-08-04,2026-08-08,PL-MKT-01,C014164,VM-CMP-0006,1,203.59,0.0,PLN
SO-2026-012375,1,2026-08-04,2026-08-07,PL-MKT-01,C023514,VM-BIK-0019,1,1231.77,0.0,PLN
SO-2026-012375,2,2026-08-04,2026-08-07,PL-MKT-01,C023514,vm-acc-0001,2,386.83,0.0,PLN
SO-2026-012376,1,2026-08-04,2026-08-04,CZ-PRG-01,,VM-APP-0013,1,2586.0,0.0,CZK
SO-2026-012376,2,2026-08-04,2026-08-04,CZ-PRG-01,,VM-CMP-0013,1,3115.0,0.0,CZK
SO-2026-012376,3,2026-08-04,2026-08-04,CZ-PRG-01,,VM-APP-0008,2,940.0,0.0,CZK
SO-2026-012376,4,2026-08-04,2026-08-04,CZ-PRG-01,,VM-ACC-0002,2,3585.0,0.0,CZK
SO-2026-012377,1,2026-08-04,2026-08-04,CZ-PRG-01,C021012,VM-ACC-0019,2,294.0,0.05,CZK
SO-2026-012377,2,2026-08-04,2026-08-04,CZ-PRG-01,C021012,VM-EBK-0008,1,88752.0,0.05,CZK
SO-2026-012378,1,2026-08-04,2026-08-04,CZ-PRG-01,C021714,VM-APP-0018,6,764.0,0.08,CZK
SO-2026-012379,1,2026-08-04,2026-08-04,CZ-PRG-01,C018263,VM-ACC-0017,2,341.0,0.0,CZK
SO-2026-012380,1,2026-08-04,2026-08-04,CZ-BRN-01,C023515,VM-NUT-0002,6,88.0,0.0,CZK
SO-2026-012381,1,2026-08-04,2026-08-06,CZ-WEB-01,C013375,VM-CMP-0005,2,8699.0,0.0,CZK
SO-2026-012381,2,2026-08-04,2026-08-06,CZ-WEB-01,C013375,VM-BIK-0020,1,7112.0,0.0,CZK
SO-2026-012381,3,2026-08-04,2026-08-06,CZ-WEB-01,C013375,VM-BIK-0017,1,11226.0,0.0,CZK
SO-2026-012381,4,2026-08-04,2026-08-06,CZ-WEB-01,C013375,VM-ACC-0007,2,2116.0,0.0,CZK
SO-2026-012382,1,2026-08-04,2026-08-07,CZ-WEB-01,C022932,VM-NUT-0006,8,59.0,0.0,CZK
SO-2026-012383,1,2026-08-04,2026-08-05,CZ-WEB-01,C019122,VM-BIK-0017,1,11226.0,0.0,CZK
SO-2026-012383,2,2026-08-04,2026-08-05,CZ-WEB-01,C019122,VM-ACC-0013,1,999.0,0.0,CZK
SO-2026-012383,3,2026-08-04,2026-08-05,CZ-WEB-01,C019122,VM-APP-0006,1,1822.0,0.0,CZK
SO-2026-012383,4,2026-08-04,2026-08-05,CZ-WEB-01,C019122,VM-NUT-0004,10,41.0,0.0,CZK
SO-2026-012384,1,2026-08-04,2026-08-08,CZ-WEB-01,C023516,VM-APP-0018,2,764.0,0.0,CZK
SO-2026-012385,1,2026-08-04,2026-08-06,DE-WEB-01,C023517,VM-ACC-0007,1,86.19,0.0,EUR
SO-2026-012386,1,2026-08-04,2026-08-06,DE-WEB-01,C014233,VM-CMP-0001,1,95.77,0.0,EUR
SO-2026-012387,1,2026-08-04,2026-08-08,DE-WEB-01,C007106,VM-ACC-0008,5,95.77,0.12,EUR
SO-2026-012388,1,2026-08-04,2026-08-08,DE-WEB-01,C022172,VM-CMP-0017,1,119.71,0.0,EUR
SO-2026-012388,2,2026-08-04,2026-08-08,DE-WEB-01,C022172,VM-EBK-0005,1,4177.92,0.0,EUR
SO-2026-012388,3,2026-08-04,2026-08-08,DE-WEB-01,C022172,VM-NUT-0006,11,2.39,0.0,EUR
SO-2026-012389,1,2026-08-04,2026-08-07,DE-WEB-01,C023382,VM-NUT-0004,14,1.67,0.0,EUR
SO-2026-012389,2,2026-08-04,2026-08-07,DE-WEB-01,C023382,VM-ACC-0002,1,146.05,0.0,EUR
SO-2026-012389,3,2026-08-04,2026-08-07,DE-WEB-01,C023382,VM-NUT-0002,6,3.59,0.05,EUR
SO-2026-012390,1,2026-08-04,2026-08-06,DE-WEB-01,C019384,VM-BIK-0002,1,2305.64,0.0,EUR
SO-2026-012391,1,2026-08-04,2026-08-08,DE-WEB-01,C023518,VM-EBK-0002,1,2382.25,0.0,EUR
SO-2026-012392,1,2026-08-04,2026-08-08,DE-WEB-01,C020443,VM-NUT-0008,5,2.39,0.05,EUR
SO-2026-012393,1,2026-08-05,2026-08-05,PL-WAW-01,,VM-CMP-0015,1,936.55,0.0,PLN
SO-2026-012394,1,2026-08-05,2026-08-05,PL-WAW-01,C023519,VM-BIK-0007,1,7176.89,0.0,PLN
SO-2026-012394,2,2026-08-05,2026-08-05,PL-WAW-01,C023519,VM-BIK-0004,1,4346.85,0.0,PLN
SO-2026-012395,1,2026-08-05,2026-08-05,PL-WAW-01,C005355,VM-CMP-0001,2,407.19,0.05,PLN
SO-2026-012395,2,2026-08-05,2026-08-05,PL-WAW-01,C005355,VM-APP-0003,3,315.57,0.05,PLN
SO-2026-012395,3,2026-08-05,2026-08-05,PL-WAW-01,C005355,VM-NUT-0009,4,86.52,0.05,PLN
SO-2026-012395,4,2026-08-05,2026-08-05,PL-WAW-01,C005355,VM-APP-0020,1,183.23,0.05,PLN
SO-2026-012396,1,2026-08-05,2026-08-05,PL-WAW-01,C021445,VM-NUT-0011,5,54.96,0.12,PLN
SO-2026-012396,2,2026-08-05,2026-08-05,PL-WAW-01,C021445,VM-APP-0010,4,173.05,0.12,PLN
SO-2026-012396,3,2026-08-05,2026-08-05,PL-WAW-01,C021445,VM-NUT-0004,36,7.12,0.1,PLN
SO-2026-012396,4,2026-08-05,2026-08-05,PL-WAW-01,C021445,VM-CMP-0008,3,447.91,0.1,PLN
SO-2026-012397,1,2026-08-05,2026-08-05,PL-WAW-01,C009374,VM-NUT-0001,10,9.15,0.05,PLN
SO-2026-012397,2,2026-08-05,2026-08-05,PL-WAW-01,C009374,VM-EBK-0002,1,10129.09,0.05,PLN
SO-2026-012398,1,2026-08-05,2026-08-05,PL-WAW-02,C008825,VM-BIK-0003,1,6657.71,0.0,PLN
SO-2026-012399,1,2026-08-05,2026-08-05,PL-WAW-02,C023520,VM-NUT-0003,11,11.19,0.0,PLN
SO-2026-012400,1,2026-08-05,2026-08-05,PL-KRK-01,C012582,VM-BIK-0016,1,3654.61,0.0,PLN
SO-2026-012400,2,2026-08-05,2026-08-05,PL-KRK-01,C012582,VM-ACC-0014,1,111.97,0.0,PLN
SO-2026-012401,1,2026-08-05,2026-08-05,PL-KRK-01,,VM-ACC-0015,1,356.29,0.0,PLN
SO-2026-012401,2,2026-08-05,2026-08-05,PL-KRK-01,,VM-BIK-0016,1,3654.61,0.0,PLN
SO-2026-012402,1,2026-08-05,2026-08-05,PL-KRK-01,, VM-NUT-0008 ,11,10.17,0.05,PLN
SO-2026-012403,1,2026-08-05,2026-08-05,PL-WRO-01,C023521,VM-ACC-0022,1,1598.25,0.0,PLN
SO-2026-012403,2,2026-08-05,2026-08-05,PL-WRO-01,C023521,VM-NUT-0003,8,11.19,0.0,PLN
SO-2026-012404,1,2026-08-05,2026-08-05,PL-WRO-01,C023522,VM-ACC-0023,1,946.73,0.05,PLN
SO-2026-012405,1,2026-08-05,2026-08-05,PL-WRO-01,C019653,VM-NUT-0011,3,54.96,0.0,PLN
SO-2026-012406,1,2026-08-05,2026-08-05,PL-GDN-01,C023523,VM-ACC-0007,2,366.47,0.0,PLN
SO-2026-012407,1,2026-08-05,2026-08-05,PL-GDN-01,C023096,VM-NUT-0009,4,86.52,0.05,PLN
SO-2026-012407,2,2026-08-05,2026-08-05,PL-GDN-01,C023096,VM-EBK-0004,1,11279.43,0.05,PLN
SO-2026-012407,3,2026-08-05,2026-08-05,PL-GDN-01,C023096,VM-CMP-0011,1,162.87,0.05,PLN
SO-2026-012408,1,2026-08-05,2026-08-05,PL-GDN-01,C004707,VM-NUT-0009,4,86.52,0.0,PLN
SO-2026-012408,2,2026-08-05,2026-08-05,PL-GDN-01,C004707,VM-APP-0012,1,885.65,0.0,PLN
SO-2026-012409,1,2026-08-05,2026-08-05,PL-POZ-01,C013595,VM-APP-0010,1,173.05,0.0,PLN
SO-2026-012410,1,2026-08-05,2026-08-05,PL-POZ-01,,VM-ACC-0008,2,407.19,0.0,PLN
SO-2026-012410,2,2026-08-05,2026-08-05,PL-POZ-01,,VM-EBK-0010,1,13732.81,0.0,PLN
SO-2026-012410,3,2026-08-05,2026-08-05,PL-POZ-01,,VM-BIK-0012,1,12022.57,0.0,PLN
SO-2026-012411,1,2026-08-05,2026-08-05,PL-POZ-01,C012055,VM-BIK-0004,1,4346.85,0.05,PLN
SO-2026-012411,2,2026-08-05,2026-08-05,PL-POZ-01,C012055,VM-ACC-0001,1,386.83,0.1,PLN
SO-2026-012412,1,2026-08-05,2026-08-05,PL-LDZ-01,,VM-ACC-0007,1,366.47,0.0,PLN
SO-2026-012412,2,2026-08-05,2026-08-05,PL-LDZ-01,,VM-ACC-0018,1,50.89,0.1,PLN
SO-2026-012413,1,2026-08-05,2026-08-05,PL-LDZ-01,C021886,VM-NUT-0004,5,7.12,0.0,PLN
SO-2026-012414,1,2026-08-05,2026-08-08,PL-WEB-01,C009843,VM-BIK-0007,1,7176.89,0.05,PLN
SO-2026-012415,1,2026-08-05,2026-08-09,PL-WEB-01,C020513,VM-CMP-0001,2,407.19,0.0,PLN
SO-2026-012415,2,2026-08-05,2026-08-09,PL-WEB-01,C020513,VM-NUT-0002,6,15.26,0.0,PLN
SO-2026-012416,1,2026-08-05,2026-08-09,PL-WEB-01,C010812,VM-EBK-0007,5,14964.59,0.08,PLN
SO-2026-012416,2,2026-08-05,2026-08-09,PL-WEB-01,C010812,VM-ACC-0008,5,407.19,0.12,PLN
SO-2026-012417,1,2026-08-05,2026-08-06,PL-WEB-01,C022099,VM-CMP-0005,1,1506.63,0.0,PLN
SO-2026-012418,1,2026-08-05,2026-08-07,PL-WEB-01,C019038,VM-ACC-0019,3,50.89,0.0,PLN
SO-2026-012418,2,2026-08-05,2026-08-07,PL-WEB-01,C019038,VM-APP-0005,1,183.23,0.0,PLN
SO-2026-012418,3,2026-08-05,2026-08-07,PL-WEB-01,C019038,VM-NUT-0006,12,10.17,0.0,PLN
SO-2026-012419,1,2026-08-05,2026-08-07,PL-WEB-01,C021644,VM-BIK-0001,1,13936.41,0.0,PLN
SO-2026-012420,1,2026-08-05,2026-08-09,PL-WEB-01,C022275,VM-APP-0015,1,580.25,0.0,PLN
SO-2026-012420,2,2026-08-05,2026-08-09,PL-WEB-01,C022275,VM-ACC-0020,1,824.57,0.0,PLN
SO-2026-012421,1,2026-08-05,2026-08-08,PL-WEB-01,C023524,VM-CMP-0020,2,264.67,0.0,PLN
SO-2026-012421,2,2026-08-05,2026-08-08,PL-WEB-01,C023524,VM-APP-0006,1,315.57,0.0,PLN
SO-2026-012422,1,2026-08-05,2026-08-06,PL-WEB-01,C018402,VM-CMP-0001,1,407.19,0.0,PLN
SO-2026-012422,2,2026-08-05,2026-08-06,PL-WEB-01,C018402,VM-EBK-0002,1,10129.09,0.0,PLN
SO-2026-012423,1,2026-08-05,2026-08-06,PL-WEB-01,C023525,VM-CMP-0019,2,213.77,0.0,PLN
SO-2026-012423,2,2026-08-05,2026-08-06,PL-WEB-01,C023525,VM-APP-0012,1,885.65,0.0,PLN
SO-2026-012423,3,2026-08-05,2026-08-06,PL-WEB-01,C023525,VM-BIK-0017,1,1944.37,0.0,PLN
SO-2026-012423,4,2026-08-05,2026-08-06,PL-WEB-01,C023525,VM-CMP-0009,1,356.29,0.0,PLN
SO-2026-012424,1,2026-08-05,2026-08-06,PL-WEB-01,C023526,VM-CMP-0002,2,570.07,0.05,PLN
SO-2026-012424,2,2026-08-05,2026-08-06,PL-WEB-01,C023526,VM-BIK-0002,1,9803.33,0.05,PLN
SO-2026-012424,3,2026-08-05,2026-08-06,PL-WEB-01,C023526,VM-NUT-0008,7,10.17,0.05,PLN
SO-2026-012424,4,2026-08-05,2026-08-06,PL-WEB-01,C023526,VM-APP-0010,1,173.05,0.05,PLN
SO-2026-012425,1,2026-08-05,2026-08-09,PL-WEB-01,C021093,VM-CMP-0011,1,162.87,0.05,PLN
SO-2026-012426,1,2026-08-05,2026-08-09,PL-WEB-01,C022565,VM-ACC-0004,1,794.03,0.0,PLN
SO-2026-012426,2,2026-08-05,2026-08-09,PL-WEB-01,C022565,VM-ACC-0008,2,407.19,0.0,PLN
SO-2026-012427,1,2026-08-05,2026-08-06,PL-WEB-01,C023527,VM-APP-0006,1,315.57,0.0,PLN
SO-2026-012428,1,2026-08-05,2026-08-08,PL-WEB-01,C017047,VM-EBK-0003,1,9253.61,0.0,PLN
SO-2026-012429,1,2026-08-05,2026-08-07,PL-MKT-01,C000072,VM-BIK-0002,1,9803.33,0.0,PLN
SO-2026-012429,2,2026-08-05,2026-08-07,PL-MKT-01,C000072,VM-APP-0012,1,885.65,0.0,PLN
SO-2026-012430,1,2026-08-05,2026-08-08,PL-MKT-01,C023528,VM-BIK-0017,1,1944.37,0.0,PLN
SO-2026-012430,2,2026-08-05,2026-08-08,PL-MKT-01,C023528,vm-acc-0008,1,407.19,0.0,PLN
SO-2026-012430,3,2026-08-05,2026-08-08,PL-MKT-01,C023528,VM-ACC-0020,1,824.57,0.0,PLN
SO-2026-012430,4,2026-08-05,2026-08-08,PL-MKT-01,C023528,VM-ACC-0009,2,407.19,0.0,PLN
SO-2026-012431,1,2026-08-05,2026-08-08,PL-MKT-01,C023529,VM-ACC-0008,1,407.19,0.05,PLN
SO-2026-012432,1,2026-08-05,2026-08-06,PL-MKT-01,C019354,VM-ACC-0005,2,183.23,0.0,PLN
SO-2026-012433,1,2026-08-05,2026-08-09,PL-MKT-01,C023530,VM-ACC-0018,1,50.89,0.0,PLN
SO-2026-012433,2,2026-08-05,2026-08-09,PL-MKT-01,C023530,VM-APP-0006,3,315.57,0.0,PLN
SO-2026-012434,1,2026-08-05,2026-08-05,CZ-PRG-01,,VM-EBK-0008,1,88752.0,0.0,CZK
SO-2026-012435,1,2026-08-05,2026-08-05,CZ-PRG-01,C019716,VM-CMP-0006,1,1175.0,0.0,CZK
SO-2026-012435,2,2026-08-05,2026-08-05,CZ-PRG-01,C019716,VM-BIK-0022,1,8229.0,0.0,CZK
SO-2026-012435,3,2026-08-05,2026-08-05,CZ-PRG-01,C019716,VM-CMP-0005,2,8699.0,0.0,CZK
SO-2026-012436,1,2026-08-05,2026-08-05,CZ-PRG-01,C023531,VM-CMP-0019,1,1234.0,0.0,CZK
SO-2026-012436,2,2026-08-05,2026-08-05,CZ-PRG-01,C023531,VM-NUT-0004,13,41.0,0.0,CZK
SO-2026-012437,1,2026-08-05,2026-08-05,CZ-PRG-01,C022600,VM-ACC-0003,2,1704.0,0.0,CZK
SO-2026-012438,1,2026-08-05,2026-08-05,CZ-BRN-01,C009629,VM-ACC-0020,1,4761.0,0.05,CZK
SO-2026-012439,1,2026-08-05,2026-08-05,CZ-BRN-01,C011715,VM-APP-0006,1,1822.0,0.0,CZK
SO-2026-012439,2,2026-08-05,2026-08-05,CZ-BRN-01,C011715,VM-ACC-0008,1,2351.0,0.0,CZK
SO-2026-012440,1,2026-08-05,2026-08-06,CZ-WEB-01,C019083,VM-EBK-0004,1,65124.0,0.0,CZK
SO-2026-012441,1,2026-08-05,2026-08-07,CZ-WEB-01,C017558,VM-ACC-0015,1,2057.0,0.0,CZK
SO-2026-012442,1,2026-08-05,2026-08-08,CZ-WEB-01,C019122,VM-ACC-0008,1,2351.0,0.0,CZK
SO-2026-012443,1,2026-08-05,2026-08-07,CZ-WEB-01,C023532,VM-CMP-0009,2,2057.0,0.0,CZK
SO-2026-012444,1,2026-08-05,2026-08-09,CZ-WEB-01,C023533,VM-ACC-0003,2,1704.0,0.05,CZK
SO-2026-012444,2,2026-08-05,2026-08-09,CZ-WEB-01,C023533,VM-BIK-0004,1,25097.0,0.05,CZK
SO-2026-012444,3,2026-08-05,2026-08-09,CZ-WEB-01,C023533,VM-BIK-0003,1,38439.0,0.05,CZK
SO-2026-012445,1,2026-08-05,2026-08-05,DE-BER-01,,VM-CMP-0001,2,95.77,0.0,EUR
SO-2026-012446,1,2026-08-05,2026-08-05,DE-BER-01,C023534,VM-NUT-0009,3,20.35,0.0,EUR
SO-2026-012446,2,2026-08-05,2026-08-05,DE-BER-01,C023534,VM-APP-0011,2,98.16,0.0,EUR
SO-2026-012447,1,2026-08-05,2026-08-09,DE-WEB-01,C016504,VM-BIK-0011,1,2071.0,0.0,EUR
SO-2026-012448,1,2026-08-05,2026-08-08,DE-WEB-01,C023535,VM-APP-0017,1,45.49,0.05,EUR
SO-2026-012449,1,2026-08-05,2026-08-08,DE-WEB-01,C022172,VM-NUT-0002,14,3.59,0.0,EUR
SO-2026-012450,1,2026-08-05,2026-08-08,DE-WEB-01,C023536,VM-ACC-0008,1,95.77,0.0,EUR
SO-2026-012451,1,2026-08-05,2026-08-09,DE-WEB-01,C014542,VM-APP-0002,2,105.34,0.0,EUR
SO-2026-012451,2,2026-08-05,2026-08-09,DE-WEB-01,C014542,VM-ACC-0008,1,95.77,0.0,EUR
SO-2026-012451,3,2026-08-05,2026-08-09,DE-WEB-01,C014542,VM-EBK-0004,1,2652.8,0.0,EUR
SO-2026-012452,1,2026-08-05,2026-08-07,DE-WEB-01,C009083,VM-CMP-0017,2,119.71,0.0,EUR
SO-2026-012452,2,2026-08-05,2026-08-07,DE-WEB-01,C009083,VM-CMP-0013,1,126.89,0.0,EUR
SO-2026-012453,1,2026-08-05,2026-08-07,DE-WEB-01,C023537,VM-ACC-0020,2,193.93,0.12,EUR
SO-2026-012453,2,2026-08-05,2026-08-07,DE-WEB-01,C023537,VM-EBK-0002,5,2382.25,0.12,EUR
SO-2026-012453,3,2026-08-05,2026-08-07,DE-WEB-01,C023537,VM-ACC-0012,4,17.24,0.08,EUR
SO-2026-012454,1,2026-08-05,2026-08-06,DE-WEB-01,C023467,VM-APP-0002,3,105.34,0.05,EUR
SO-2026-012454,2,2026-08-05,2026-08-06,DE-WEB-01,C023467,VM-CMP-0022,4,8.62,0.05,EUR
SO-2026-012455,1,2026-08-05,2026-08-08,DE-WEB-01,C023538,VM-NUT-0006,9,2.39,0.05,EUR
SO-2026-012456,1,2026-08-05,2026-08-08,DE-WEB-01,C023539,VM-APP-0013,1,105.34,0.0,EUR
SO-2026-012456,2,2026-08-05,2026-08-08,DE-WEB-01,C023539,VM-APP-0008,2,38.31,0.0,EUR
SO-2026-012456,3,2026-08-05,2026-08-08,DE-WEB-01,C023539,VM-ACC-0020,1,193.93,0.0,EUR
SO-2026-012457,1,2026-08-06,2026-08-06,PL-WAW-01,C022930,VM-BIK-0020,1,1231.77,0.0,PLN
SO-2026-012457,2,2026-08-06,2026-08-06,PL-WAW-01,C022930,VM-ACC-0008,2,407.19,0.0,PLN
SO-2026-012457,3,2026-08-06,2026-08-06,PL-WAW-01,C022930,VM-ACC-0003,1,295.21,0.0,PLN
SO-2026-012458,1,2026-08-06,2026-08-06,PL-WAW-01,C017572,VM-NUT-0003,8,11.19,0.0,PLN
SO-2026-012458,2,2026-08-06,2026-08-06,PL-WAW-01,C017572,VM-ACC-0002,2,620.97,0.0,PLN
SO-2026-012459,1,2026-08-06,2026-08-06,PL-WAW-01,,VM-APP-0015,1,580.25,0.0,PLN
SO-2026-012460,1,2026-08-06,2026-08-06,PL-WAW-01,C023540,VM-ACC-0018,15,50.89,0.1,PLN
SO-2026-012461,1,2026-08-06,2026-08-06,PL-WAW-02,C017845,vm-acc-0002,1,620.97,0.0,PLN
SO-2026-012461,2,2026-08-06,2026-08-06,PL-WAW-02,C017845,VM-NUT-0007,7,13.22,0.0,PLN
SO-2026-012462,1,2026-08-06,2026-08-06,PL-KRK-01,C022062,VM-EBK-0004,1,11279.43,0.05,PLN
SO-2026-012462,2,2026-08-06,2026-08-06,PL-KRK-01,C022062,VM-ACC-0001,1,386.83,0.05,PLN
SO-2026-012462,3,2026-08-06,2026-08-06,PL-KRK-01,C022062,VM-CMP-0017,1,508.99,0.05,PLN
SO-2026-012463,1,2026-08-06,2026-08-06,PL-KRK-01,C008776,VM-APP-0020,2,183.23,0.0,PLN
SO-2026-012463,2,2026-08-06,2026-08-06,PL-KRK-01,C008776,VM-CMP-0009,1,356.29,0.0,PLN
SO-2026-012464,1,2026-08-06,2026-08-06,PL-KRK-01,,VM-EBK-0006,1,20502.51,0.0,PLN
SO-2026-012464,2,2026-08-06,2026-08-06,PL-KRK-01,,VM-ACC-0017,2,59.03,0.0,PLN
SO-2026-012465,1,2026-08-06,2026-08-06,PL-KRK-01,,VM-ACC-0008,1,407.19,0.0,PLN
SO-2026-012465,2,2026-08-06,2026-08-06,PL-KRK-01,,VM-CMP-0012,1,549.71,0.0,PLN
SO-2026-012466,1,2026-08-06,2026-08-06,PL-KRK-01,C017793,VM-EBK-0003,1,9253.61,0.0,PLN
SO-2026-012467,1,2026-08-06,2026-08-06,PL-KRK-01,C023541,VM-ACC-0020,1,824.57,0.0,PLN
SO-2026-012467,2,2026-08-06,2026-08-06,PL-KRK-01,C023541,VM-ACC-0002,2,620.97,0.0,PLN
SO-2026-012468,1,2026-08-06,2026-08-06,PL-KRK-01,C019596,VM-ACC-0008,1,407.19,0.0,PLN
SO-2026-012469,1,2026-08-06,2026-08-06,PL-KRK-01,C016491,VM-EBK-0007,1,14964.59,0.0,PLN
SO-2026-012469,2,2026-08-06,2026-08-06,PL-KRK-01,C016491,VM-ACC-0005,2,183.23,0.0,PLN
SO-2026-012469,3,2026-08-06,2026-08-06,PL-KRK-01,C016491,VM-APP-0011,1,417.37,0.0,PLN
SO-2026-012470,1,2026-08-06,2026-08-06,PL-WRO-01,,VM-ACC-0008,1,407.19,0.0,PLN
SO-2026-012471,1,2026-08-06,2026-08-06,PL-WRO-01,C021841,VM-CMP-0005,2,1506.63,0.05,PLN
SO-2026-012471,2,2026-08-06,2026-08-06,PL-WRO-01,C021841,VM-CMP-0016,1,2504.27,0.05,PLN
SO-2026-012472,1,2026-08-06,2026-08-06,PL-WRO-01,C023542,VM-APP-0013,1,447.91,0.05,PLN
SO-2026-012472,2,2026-08-06,2026-08-06,PL-WRO-01,C023542,VM-ACC-0018,3,50.89,0.05,PLN
SO-2026-012473,1,2026-08-06,2026-08-06,PL-WRO-01,C012637,VM-NUT-0006,4,10.17,0.0,PLN
SO-2026-012473,2,2026-08-06,2026-08-06,PL-WRO-01,C012637, VM-EBK-0002 ,1,10129.09,0.0,PLN
SO-2026-012473,3,2026-08-06,2026-08-06,PL-WRO-01,C012637,VM-NUT-0007,9,13.22,0.0,PLN
SO-2026-012473,4,2026-08-06,2026-08-06,PL-WRO-01,C012637,vm-bik-0017,1,1944.37,0.0,PLN
SO-2026-012474,1,2026-08-06,2026-08-06,PL-GDN-01,C020909,VM-NUT-0008,7,10.17,0.0,PLN
SO-2026-012475,1,2026-08-06,2026-08-06,PL-GDN-01,C023543,VM-CMP-0017,1,508.99,0.0,PLN
SO-2026-012476,1,2026-08-06,2026-08-06,PL-GDN-01,C017345,VM-ACC-0014,1,111.97,0.05,PLN
SO-2026-012477,1,2026-08-06,2026-08-06,PL-GDN-01,C023544,VM-NUT-0004,10,7.12,0.0,PLN
SO-2026-012478,1,2026-08-06,2026-08-06,PL-POZ-01,C023545,VM-ACC-0014,1,111.97,0.0,PLN
SO-2026-012478,2,2026-08-06,2026-08-06,PL-POZ-01,C023545,VM-ACC-0008,1,407.19,0.0,PLN
SO-2026-012478,3,2026-08-06,2026-08-06,PL-POZ-01,C023545,VM-NUT-0002,7,15.26,0.0,PLN
SO-2026-012478,4,2026-08-06,2026-08-06,PL-POZ-01,C023545,VM-BIK-0016,1,3654.61,0.0,PLN
SO-2026-012479,1,2026-08-06,2026-08-06,PL-POZ-01,,VM-BIK-0019,1,1231.77,0.0,PLN
SO-2026-012479,2,2026-08-06,2026-08-06,PL-POZ-01,,VM-CMP-0001,2,407.19,0.0,PLN
SO-2026-012480,1,2026-08-06,2026-08-06,PL-LDZ-01,C020027,VM-APP-0002,3,447.91,0.0,PLN
SO-2026-012480,2,2026-08-06,2026-08-06,PL-LDZ-01,C020027,VM-NUT-0009,1,86.52,0.0,PLN
SO-2026-012480,3,2026-08-06,2026-08-06,PL-LDZ-01,C020027,VM-BIK-0012,1,12022.57,0.0,PLN
SO-2026-012481,1,2026-08-06,2026-08-06,PL-LDZ-01,C023546,VM-EBK-0009,1,10088.37,0.0,PLN
SO-2026-012481,2,2026-08-06,2026-08-06,PL-LDZ-01,C023546,VM-ACC-0014,1,111.97,0.0,PLN
SO-2026-012482,1,2026-08-06,2026-08-06,PL-LDZ-01,C020093,VM-APP-0006,3,315.57,0.0,PLN
SO-2026-012483,1,2026-08-06,2026-08-06,PL-LDZ-01,,VM-ACC-0008,1,407.19,0.0,PLN
SO-2026-012483,2,2026-08-06,2026-08-06,PL-LDZ-01,,VM-ACC-0014,1,111.97,0.0,PLN
SO-2026-012484,1,2026-08-06,2026-08-09,PL-WEB-01,C007267,VM-CMP-0013,2,539.53,0.05,PLN
SO-2026-012484,2,2026-08-06,2026-08-09,PL-WEB-01,C007267,VM-NUT-0009,4,86.52,0.05,PLN
SO-2026-012485,1,2026-08-06,2026-08-08,PL-WEB-01,C018097,VM-APP-0004,1,244.31,0.05,PLN
SO-2026-012485,2,2026-08-06,2026-08-08,PL-WEB-01,C018097,VM-NUT-0008,6,10.17,0.05,PLN
SO-2026-012485,3,2026-08-06,2026-08-08,PL-WEB-01,C018097,VM-CMP-0004,1,732.95,0.05,PLN
SO-2026-012485,4,2026-08-06,2026-08-08,PL-WEB-01,C018097,VM-ACC-0023,1,946.73,0.05,PLN
SO-2026-012486,1,2026-08-06,2026-08-07,PL-WEB-01,C009385,VM-BIK-0009,4,5741.51,0.12,PLN
SO-2026-012487,1,2026-08-06,2026-08-10,PL-WEB-01,C023547,VM-APP-0011,1,417.37,0.05,PLN
SO-2026-012488,1,2026-08-06,2026-08-07,PL-WEB-01,C012206,vm-app-0012,5,885.65,0.08,PLN
SO-2026-012488,2,2026-08-06,2026-08-07,PL-WEB-01,C012206,VM-ACC-0007,3,366.47,0.12,PLN
SO-2026-012488,3,2026-08-06,2026-08-07,PL-WEB-01,C012206,VM-NUT-0001,28,9.15,0.1,PLN
SO-2026-012488,4,2026-08-06,2026-08-07,PL-WEB-01,C012206,VM-ACC-0022,5,1598.25,0.12,PLN
SO-2026-012489,1,2026-08-06,2026-08-07,PL-WEB-01,C023548,VM-NUT-0004,6,7.12,0.0,PLN
SO-2026-012490,1,2026-08-06,2026-08-07,PL-WEB-01,C022763,VM-NUT-0007,4,13.22,0.0,PLN
SO-2026-012491,1,2026-08-06,2026-08-10,PL-WEB-01,C014376,VM-ACC-0009,4,407.19,0.12,PLN
SO-2026-012491,2,2026-08-06,2026-08-10,PL-WEB-01,C014376,VM-ACC-0005,10,183.23,0.08,PLN
SO-2026-012491,3,2026-08-06,2026-08-10,PL-WEB-01,C014376,VM-CMP-0013,6,539.53,0.08,PLN
SO-2026-012492,1,2026-08-06,2026-08-07,PL-WEB-01,C023549,VM-NUT-0004,7,7.12,0.05,PLN
SO-2026-012493,1,2026-08-06,2026-08-10,PL-WEB-01,C012027,VM-ACC-0018,2,50.89,0.05,PLN
SO-2026-012493,2,2026-08-06,2026-08-10,PL-WEB-01,C012027,VM-APP-0006,1,315.57,0.05,PLN
SO-2026-012494,1,2026-08-06,2026-08-09,PL-WEB-01,C017685,VM-EBK-0008,1,15371.79,0.05,PLN
SO-2026-012495,1,2026-08-06,2026-08-10,PL-WEB-01,C014832,VM-CMP-0012,3,549.71,0.08,PLN
SO-2026-012496,1,2026-08-06,2026-08-07,PL-WEB-01,C021874,VM-CMP-0009,2,356.29,0.0,PLN
SO-2026-012497,1,2026-08-06,2026-08-09,PL-WEB-01,C023550,VM-BIK-0017,1,1944.37,0.0,PLN
SO-2026-012497,2,2026-08-06,2026-08-09,PL-WEB-01,C023550,VM-ACC-0004,2,794.03,0.0,PLN
SO-2026-012497,3,2026-08-06,2026-08-09,PL-WEB-01,C023550,VM-ACC-0013,1,173.05,0.0,PLN
SO-2026-012497,4,2026-08-06,2026-08-09,PL-WEB-01,C023550, VM-ACC-0001 ,1,386.83,0.0,PLN
SO-2026-012498,1,2026-08-06,2026-08-08,PL-WEB-01,C023551,VM-NUT-0002,11,15.26,0.0,PLN
SO-2026-012498,2,2026-08-06,2026-08-08,PL-WEB-01,C023551,VM-CMP-0015,2,936.55,0.0,PLN
SO-2026-012499,1,2026-08-06,2026-08-07,PL-MKT-01,C012931,VM-NUT-0004,3,7.12,0.0,PLN
SO-2026-012500,1,2026-08-06,2026-08-10,PL-MKT-01,C015183,VM-BIK-0017,1,1944.37,0.0,PLN
SO-2026-012500,2,2026-08-06,2026-08-10,PL-MKT-01,C015183,VM-EBK-0007,1,14964.59,0.0,PLN
SO-2026-012500,3,2026-08-06,2026-08-10,PL-MKT-01,C015183,VM-CMP-0017,2,508.99,0.0,PLN
SO-2026-012501,1,2026-08-06,2026-08-08,PL-MKT-01,C007016,VM-ACC-0023,1,946.73,0.05,PLN
SO-2026-012501,2,2026-08-06,2026-08-08,PL-MKT-01,C007016,VM-ACC-0017,3,59.03,0.05,PLN
SO-2026-012502,1,2026-08-06,2026-08-08,PL-MKT-01,C023552,VM-NUT-0002,3,15.26,0.1,PLN
SO-2026-012503,1,2026-08-06,2026-08-10,PL-MKT-01,C006572,VM-NUT-0009,4,86.52,0.1,PLN
SO-2026-012503,2,2026-08-06,2026-08-10,PL-MKT-01,C006572,VM-CMP-0003,8,244.31,0.12,PLN
SO-2026-012503,3,2026-08-06,2026-08-10,PL-MKT-01,C006572,VM-ACC-0007,8,366.47,0.08,PLN
SO-2026-012503,4,2026-08-06,2026-08-10,PL-MKT-01,C006572,VM-CMP-0012,8,549.71,0.08,PLN
SO-2026-012504,1,2026-08-06,2026-08-09,PL-MKT-01,C023553,VM-APP-0005,3,183.23,0.0,PLN
SO-2026-012505,1,2026-08-06,2026-08-06,CZ-PRG-01,,VM-APP-0003,2,1822.0,0.0,CZK
SO-2026-012506,1,2026-08-06,2026-08-06,CZ-PRG-01,C007032,VM-ACC-0020,1,4761.0,0.05,CZK
SO-2026-012506,2,2026-08-06,2026-08-06,CZ-PRG-01,C007032,VM-NUT-0008,3,59.0,0.05,CZK
SO-2026-012507,1,2026-08-06,2026-08-06,CZ-PRG-01,C017113,VM-ACC-0018,1,294.0,0.0,CZK
SO-2026-012508,1,2026-08-06,2026-08-06,CZ-BRN-01,C019738,VM-APP-0005,5,1058.0,0.1,CZK
SO-2026-012508,2,2026-08-06,2026-08-06,CZ-BRN-01,C019738,VM-NUT-0001,30,53.0,0.08,CZK
SO-2026-012508,3,2026-08-06,2026-08-06,CZ-BRN-01,C019738,VM-NUT-0011,6,317.0,0.1,CZK
SO-2026-012509,1,2026-08-06,2026-08-06,CZ-BRN-01,C023554,VM-NUT-0004,13,41.0,0.0,CZK
SO-2026-012509,2,2026-08-06,2026-08-06,CZ-BRN-01,C023554,VM-BIK-0001,1,80464.0,0.0,CZK
SO-2026-012510,1,2026-08-06,2026-08-06,CZ-BRN-01,C023477,VM-NUT-0001,3,53.0,0.0,CZK
SO-2026-012511,1,2026-08-06,2026-08-06,CZ-BRN-01,C015476,VM-ACC-0007,1,2116.0,0.0,CZK
SO-2026-012512,1,2026-08-06,2026-08-10,CZ-WEB-01,C007960,VM-ACC-0014,1,646.0,0.0,CZK
SO-2026-012512,2,2026-08-06,2026-08-10,CZ-WEB-01,C007960,VM-EBK-0011,1,86048.0,0.0,CZK
SO-2026-012512,3,2026-08-06,2026-08-10,CZ-WEB-01,C007960,VM-ACC-0020,1,4761.0,0.0,CZK
SO-2026-012513,1,2026-08-06,2026-08-07,CZ-WEB-01,C023555,VM-EBK-0009,1,58247.0,0.0,CZK
SO-2026-012513,2,2026-08-06,2026-08-07,CZ-WEB-01,C023555,VM-ACC-0008,1,2351.0,0.0,CZK
SO-2026-012514,1,2026-08-06,2026-08-08,CZ-WEB-01,C023556,VM-NUT-0006,3,59.0,0.05,CZK
SO-2026-012515,1,2026-08-06,2026-08-06,DE-BER-01,C023557,VM-EBK-0008,1,3615.28,0.0,EUR
SO-2026-012515,2,2026-08-06,2026-08-06,DE-BER-01,C023557,VM-ACC-0014,1,26.33,0.0,EUR
SO-2026-012515,3,2026-08-06,2026-08-06,DE-BER-01,C023557,VM-ACC-0008,2,95.77,0.0,EUR
SO-2026-012516,1,2026-08-06,2026-08-07,DE-WEB-01,C023558,VM-NUT-0004,4,1.67,0.0,EUR
SO-2026-012516,2,2026-08-06,2026-08-07,DE-WEB-01,C023558,VM-ACC-0017,1,13.88,0.0,EUR
SO-2026-012516,3,2026-08-06,2026-08-07,DE-WEB-01,C023558,VM-NUT-0001,3,2.15,0.0,EUR
SO-2026-012516,4,2026-08-06,2026-08-07,DE-WEB-01,C023558,VM-ACC-0004,2,186.75,0.0,EUR
SO-2026-012517,1,2026-08-06,2026-08-08,DE-WEB-01,C023559,VM-APP-0013,1,105.34,0.0,EUR
SO-2026-012517,2,2026-08-06,2026-08-08,DE-WEB-01,C023559,VM-BIK-0001,1,3277.69,0.0,EUR
SO-2026-012517,3,2026-08-06,2026-08-08,DE-WEB-01,C023559,VM-NUT-0003,8,2.63,0.0,EUR
SO-2026-012518,1,2026-08-06,2026-08-10,DE-WEB-01,C023560,VM-NUT-0009,1,20.35,0.05,EUR
SO-2026-012518,2,2026-08-06,2026-08-10,DE-WEB-01,C023560,VM-NUT-0007,4,3.11,0.05,EUR
SO-2026-012519,1,2026-08-06,2026-08-08,DE-WEB-01,C023561,VM-NUT-0004,9,1.67,0.05,EUR
SO-2026-012519,2,2026-08-06,2026-08-08,DE-WEB-01,C023561,VM-ACC-0007,2,86.19,0.05,EUR
SO-2026-012519,3,2026-08-06,2026-08-08,DE-WEB-01,C023561,VM-APP-0008,2,38.31,0.05,EUR
SO-2026-012519,4,2026-08-06,2026-08-08,DE-WEB-01,C023561,VM-APP-0013,1,105.34,0.05,EUR
SO-2026-012520,1,2026-08-06,2026-08-08,DE-WEB-01,C018154,VM-NUT-0011,3,12.93,0.0,EUR
SO-2026-012521,1,2026-08-06,2026-08-08,DE-WEB-01,C021966,VM-APP-0012,1,208.3,0.05,EUR
SO-2026-012522,1,2026-08-06,2026-08-07,DE-WEB-01,C016703,vm-nut-0006,10,2.39,0.0,EUR
SO-2026-012522,2,2026-08-06,2026-08-07,DE-WEB-01,C016703,VM-APP-0007,1,38.31,0.05,EUR
SO-2026-012523,1,2026-08-06,2026-08-07,DE-WEB-01,C017449,VM-NUT-0007,9,3.11,0.05,EUR
SO-2026-012524,1,2026-08-07,2026-08-07,PL-WAW-01,C021244,VM-CMP-0006,1,203.59,0.0,PLN
SO-2026-012525,1,2026-08-07,2026-08-07,PL-WAW-01,C023562,VM-ACC-0001,2,386.83,0.0,PLN
SO-2026-012525,2,2026-08-07,2026-08-07,PL-WAW-01,C023562,VM-ACC-0003,1,295.21,0.0,PLN
SO-2026-012526,1,2026-08-07,2026-08-07,PL-WAW-01,,VM-BIK-0009,1,5741.51,0.0,PLN
SO-2026-012527,1,2026-08-07,2026-08-07,PL-WAW-01,C011410,VM-ACC-0001,1,386.83,0.0,PLN
SO-2026-012528,1,2026-08-07,2026-08-07,PL-WAW-01,C023563,VM-ACC-0008,1,407.19,0.05,PLN
SO-2026-012528,2,2026-08-07,2026-08-07,PL-WAW-01,C023563,VM-ACC-0005,2,183.23,0.05,PLN
SO-2026-012529,1,2026-08-07,2026-08-07,PL-WAW-02,,VM-ACC-0007,1,366.47,0.0,PLN
SO-2026-012530,1,2026-08-07,2026-08-07,PL-WAW-02,,VM-BIK-0010,1,6433.75,0.0,PLN
SO-2026-012530,2,2026-08-07,2026-08-07,PL-WAW-02,,VM-EBK-0008,1,15371.79,0.0,PLN
SO-2026-012531,1,2026-08-07,2026-08-07,PL-KRK-01,C017685,VM-NUT-0004,10,7.12,0.05,PLN
SO-2026-012532,1,2026-08-07,2026-08-07,PL-KRK-01,C011789,VM-NUT-0004,12,7.12,0.05,PLN
SO-2026-012532,2,2026-08-07,2026-08-07,PL-KRK-01,C011789,VM-APP-0006,3,315.57,0.05,PLN
SO-2026-012533,1,2026-08-07,2026-08-07,PL-KRK-01,C014533,VM-NUT-0006,25,10.17,0.1,PLN
SO-2026-012534,1,2026-08-07,2026-08-07,PL-WRO-01,,VM-BIK-0012,1,12022.57,0.0,PLN
SO-2026-012534,2,2026-08-07,2026-08-07,PL-WRO-01,,VM-ACC-0007,1,366.47,0.0,PLN
SO-2026-012535,1,2026-08-07,2026-08-07,PL-GDN-01,C023564,VM-ACC-0004,1,794.03,0.0,PLN
SO-2026-012536,1,2026-08-07,2026-08-07,PL-GDN-01,C023565,VM-CMP-0002,2,570.07,0.0,PLN
SO-2026-012536,2,2026-08-07,2026-08-07,PL-GDN-01,C023565,VM-CMP-0001,2,407.19,0.0,PLN
SO-2026-012537,1,2026-08-07,2026-08-07,PL-GDN-01,C023566,vm-bik-0020,1,1231.77,0.1,PLN
SO-2026-012538,1,2026-08-07,2026-08-07,PL-GDN-01,C010567,VM-APP-0017,2,193.41,0.0,PLN
SO-2026-012539,1,2026-08-07,2026-08-07,PL-POZ-01,C023567,VM-APP-0006,3,315.57,0.0,PLN
SO-2026-012540,1,2026-08-07,2026-08-07,PL-POZ-01,,VM-NUT-0008,4,10.17,0.0,PLN
SO-2026-012540,2,2026-08-07,2026-08-07,PL-POZ-01,,VM-ACC-0020,1,824.57,0.0,PLN
SO-2026-012541,1,2026-08-07,2026-08-07,PL-POZ-01,C023568,VM-BIK-0007,1,7176.89,0.0,PLN
SO-2026-012542,1,2026-08-07,2026-08-07,PL-LDZ-01,,VM-EBK-0008,1,15371.79,0.0,PLN
SO-2026-012543,1,2026-08-07,2026-08-07,PL-LDZ-01,C023569,VM-CMP-0017,2,508.99,0.0,PLN
SO-2026-012543,2,2026-08-07,2026-08-07,PL-LDZ-01,C023569,VM-CMP-0016,2,2504.27,0.0,PLN
SO-2026-012543,3,2026-08-07,2026-08-07,PL-LDZ-01,C023569,VM-BIK-0017,1,1944.37,0.0,PLN
SO-2026-012544,1,2026-08-07,2026-08-11,PL-WEB-01,C021984,VM-BIK-0007,1,7176.89,0.0,PLN
SO-2026-012544,2,2026-08-07,2026-08-11,PL-WEB-01,C021984,VM-ACC-0018,3,50.89,0.0,PLN
SO-2026-012544,3,2026-08-07,2026-08-11,PL-WEB-01,C021984,VM-ACC-0008,2,407.19,0.0,PLN
SO-2026-012545,1,2026-08-07,2026-08-10,PL-WEB-01,C023570,VM-ACC-0010,2,254.49,0.0,PLN
SO-2026-012545,2,2026-08-07,2026-08-10,PL-WEB-01,C023570,VM-APP-0006,2,315.57,0.0,PLN
SO-2026-012545,3,2026-08-07,2026-08-10,PL-WEB-01,C023570,VM-ACC-0014,1,111.97,0.0,PLN
SO-2026-012546,1,2026-08-07,2026-08-11,PL-WEB-01,C023571,VM-NUT-0009,2,86.52,0.0,PLN
SO-2026-012547,1,2026-08-07,2026-08-10,PL-WEB-01,C021393,VM-NUT-0011,4,54.96,0.0,PLN
SO-2026-012547,2,2026-08-07,2026-08-10,PL-WEB-01,C021393,VM-CMP-0008,1,447.91,0.0,PLN
SO-2026-012547,3,2026-08-07,2026-08-10,PL-WEB-01,C021393,VM-ACC-0008,2,407.19,0.1,PLN
SO-2026-012547,4,2026-08-07,2026-08-10,PL-WEB-01,C021393,VM-ACC-0010,2,254.49,0.0,PLN
SO-2026-012548,1,2026-08-07,2026-08-11,PL-WEB-01,C020859,VM-BIK-0019,5,1231.77,0.12,PLN
SO-2026-012548,2,2026-08-07,2026-08-11,PL-WEB-01,C020859,VM-EBK-0011,5,14903.51,0.12,PLN
SO-2026-012548,3,2026-08-07,2026-08-11,PL-WEB-01,C020859,VM-ACC-0004,10,794.03,0.12,PLN
SO-2026-012549,1,2026-08-07,2026-08-08,PL-WEB-01,C015338,VM-BIK-0001,1,13936.41,0.0,PLN
SO-2026-012549,2,2026-08-07,2026-08-08,PL-WEB-01,C015338,VM-CMP-0020,3,264.67,0.0,PLN
SO-2026-012550,1,2026-08-07,2026-08-11,PL-WEB-01,C018272,VM-APP-0020,1,183.23,0.0,PLN
SO-2026-012551,1,2026-08-07,2026-08-11,PL-WEB-01,C012389, VM-APP-0010 ,1,173.05,0.0,PLN
SO-2026-012551,2,2026-08-07,2026-08-11,PL-WEB-01,C012389,VM-APP-0012,1,885.65,0.0,PLN
SO-2026-012551,3,2026-08-07,2026-08-11,PL-WEB-01,C012389,VM-ACC-0002,2,620.97,0.0,PLN
SO-2026-012551,4,2026-08-07,2026-08-11,PL-WEB-01,C012389,VM-NUT-0009,3,86.52,0.0,PLN
SO-2026-012552,1,2026-08-07,2026-08-11,PL-WEB-01,C023572,VM-ACC-0014,1,111.97,0.0,PLN
SO-2026-012552,2,2026-08-07,2026-08-11,PL-WEB-01,C023572,VM-ACC-0011,2,73.29,0.0,PLN
SO-2026-012553,1,2026-08-07,2026-08-10,PL-WEB-01,C023573,VM-CMP-0004,1,732.95,0.0,PLN
SO-2026-012553,2,2026-08-07,2026-08-10,PL-WEB-01,C023573,VM-BIK-0008,1,5405.57,0.05,PLN
SO-2026-012553,3,2026-08-07,2026-08-10,PL-WEB-01,C023573,VM-ACC-0017,2,59.03,0.0,PLN
SO-2026-012553,4,2026-08-07,2026-08-10,PL-WEB-01,C023573,VM-CMP-0021,2,48.85,0.0,PLN
SO-2026-012554,1,2026-08-07,2026-08-10,PL-WEB-01,C017288,VM-NUT-0004,6,7.12,0.05,PLN
SO-2026-012554,2,2026-08-07,2026-08-10,PL-WEB-01,C017288, VM-BIK-0002 ,1,9803.33,0.05,PLN
SO-2026-012554,3,2026-08-07,2026-08-10,PL-WEB-01,C017288,VM-APP-0011,2,417.37,0.05,PLN
SO-2026-012555,1,2026-08-07,2026-08-08,PL-WEB-01,C020400,VM-CMP-0013,2,539.53,0.0,PLN
SO-2026-012556,1,2026-08-07,2026-08-10,PL-MKT-01,C010352,VM-EBK-0011,1,14903.51,0.05,PLN
SO-2026-012557,1,2026-08-07,2026-08-10,PL-MKT-01,C020163,VM-EBK-0003,1,9253.61,0.05,PLN
SO-2026-012557,2,2026-08-07,2026-08-10,PL-MKT-01,C020163,VM-ACC-0008,2,407.19,0.05,PLN
SO-2026-012557,3,2026-08-07,2026-08-10,PL-MKT-01,C020163,VM-ACC-0006,2,967.09,0.05,PLN
SO-2026-012557,4,2026-08-07,2026-08-10,PL-MKT-01,C020163,VM-EBK-0008,1,15371.79,0.05,PLN
SO-2026-012558,1,2026-08-07,2026-08-11,PL-MKT-01,C020998,VM-ACC-0017,2,59.03,0.0,PLN
SO-2026-012558,2,2026-08-07,2026-08-11,PL-MKT-01,C020998,VM-CMP-0020,1,264.67,0.0,PLN
SO-2026-012559,1,2026-08-07,2026-08-09,PL-MKT-01,C023574,VM-BIK-0007,1,7176.89,0.0,PLN
SO-2026-012559,2,2026-08-07,2026-08-09,PL-MKT-01,C023574,VM-EBK-0003,1,9253.61,0.0,PLN
SO-2026-012560,1,2026-08-07,2026-08-09,PL-MKT-01,C023575,VM-APP-0006,1,315.57,0.0,PLN
SO-2026-012560,2,2026-08-07,2026-08-09,PL-MKT-01,C023575,VM-CMP-0023,1,60.05,0.0,PLN
SO-2026-012561,1,2026-08-07,2026-08-07,CZ-PRG-01,C023576,VM-NUT-0009,4,500.0,0.0,CZK
SO-2026-012562,1,2026-08-07,2026-08-07,CZ-PRG-01,C016751,VM-NUT-0003,10,65.0,0.0,CZK
SO-2026-012562,2,2026-08-07,2026-08-07,CZ-PRG-01,C016751,VM-BIK-0011,1,50841.0,0.0,CZK
SO-2026-012563,1,2026-08-07,2026-08-07,CZ-PRG-01,C023577,VM-ACC-0007,1,2116.0,0.0,CZK
SO-2026-012564,1,2026-08-07,2026-08-07,CZ-PRG-01,,VM-BIK-0014,1,22511.0,0.0,CZK
SO-2026-012565,1,2026-08-07,2026-08-07,CZ-BRN-01,,VM-EBK-0009,1,58247.0,0.05,CZK
SO-2026-012566,1,2026-08-07,2026-08-10,CZ-WEB-01,C023578,VM-BIK-0013,1,28212.0,0.0,CZK
SO-2026-012566,2,2026-08-07,2026-08-10,CZ-WEB-01,C023578,VM-ACC-0008,1,2351.0,0.0,CZK
SO-2026-012566,3,2026-08-07,2026-08-10,CZ-WEB-01,C023578,VM-ACC-0018,1,294.0,0.0,CZK
SO-2026-012567,1,2026-08-07,2026-08-10,CZ-WEB-01,C014466,VM-ACC-0008,2,2351.0,0.0,CZK
SO-2026-012567,2,2026-08-07,2026-08-10,CZ-WEB-01,C014466,VM-NUT-0001,15,53.0,0.0,CZK
SO-2026-012568,1,2026-08-07,2026-08-08,CZ-WEB-01,C020395,VM-NUT-0003,9,65.0,0.0,CZK
SO-2026-012569,1,2026-08-07,2026-08-07,DE-BER-01,C016520,VM-CMP-0013,1,126.89,0.0,EUR
SO-2026-012570,1,2026-08-07,2026-08-07,DE-BER-01,C023467,VM-NUT-0001,10,2.15,0.05,EUR
SO-2026-012570,2,2026-08-07,2026-08-07,DE-BER-01,C023467,VM-CMP-0018,2,14.84,0.05,EUR
SO-2026-012570,3,2026-08-07,2026-08-07,DE-BER-01,C023467,VM-APP-0002,3,105.34,0.05,EUR
SO-2026-012571,1,2026-08-07,2026-08-07,DE-BER-01,,VM-CMP-0005,1,354.34,0.0,EUR
SO-2026-012572,1,2026-08-07,2026-08-07,DE-BER-01,C019963,VM-ACC-0008,2,95.77,0.0,EUR
SO-2026-012572,2,2026-08-07,2026-08-07,DE-BER-01,C019963,VM-APP-0003,2,74.22,0.0,EUR
SO-2026-012573,1,2026-08-07,2026-08-07,DE-BER-01,C019585,VM-BIK-0008,1,1271.33,0.0,EUR
SO-2026-012573,2,2026-08-07,2026-08-07,DE-BER-01,C019585,VM-CMP-0013,1,126.89,0.05,EUR
SO-2026-012573,3,2026-08-07,2026-08-07,DE-BER-01,C019585,VM-ACC-0008,1,95.77,0.0,EUR
SO-2026-012573,4,2026-08-07,2026-08-07,DE-BER-01,C019585,VM-APP-0008,2,38.31,0.0,EUR
SO-2026-012574,1,2026-08-07,2026-08-11,DE-WEB-01,C017751,VM-ACC-0008,2,95.77,0.0,EUR
SO-2026-012575,1,2026-08-07,2026-08-11,DE-WEB-01,C016330,VM-APP-0010,2,40.7,0.0,EUR
SO-2026-012575,2,2026-08-07,2026-08-11,DE-WEB-01,C016330,VM-ACC-0014,1,26.33,0.0,EUR
SO-2026-012576,1,2026-08-08,2026-08-08,PL-WAW-01,,VM-NUT-0004,8,7.12,0.0,PLN
SO-2026-012576,2,2026-08-08,2026-08-08,PL-WAW-01,,VM-EBK-0007,1,14964.59,0.0,PLN
SO-2026-012576,3,2026-08-08,2026-08-08,PL-WAW-01,,VM-ACC-0014,1,111.97,0.0,PLN
SO-2026-012577,1,2026-08-08,2026-08-08,PL-WAW-01,C017898,VM-APP-0010,2,173.05,0.0,PLN
SO-2026-012577,2,2026-08-08,2026-08-08,PL-WAW-01,C017898,VM-EBK-0007,1,14964.59,0.0,PLN
SO-2026-012578,1,2026-08-08,2026-08-08,PL-WAW-01,C021030,VM-BIK-0016,1,3654.61,0.0,PLN
SO-2026-012578,2,2026-08-08,2026-08-08,PL-WAW-01,C021030,VM-ACC-0004,1,794.03,0.0,PLN
SO-2026-012579,1,2026-08-08,2026-08-08,PL-WAW-01,C023579, VM-ACC-0002 ,1,620.97,0.0,PLN
SO-2026-012580,1,2026-08-08,2026-08-08,PL-WAW-01,,VM-CMP-0017,1,508.99,0.0,PLN
SO-2026-012580,2,2026-08-08,2026-08-08,PL-WAW-01,,VM-ACC-0004,1,794.03,0.0,PLN
SO-2026-012581,1,2026-08-08,2026-08-08,PL-WAW-01,C010891,VM-BIK-0021,1,1272.49,0.05,PLN
SO-2026-012581,2,2026-08-08,2026-08-08,PL-WAW-01,C010891,VM-APP-0019,2,67.18,0.05,PLN
SO-2026-012581,3,2026-08-08,2026-08-08,PL-WAW-01,C010891,VM-ACC-0018,1,50.89,0.05,PLN
SO-2026-012581,4,2026-08-08,2026-08-08,PL-WAW-01,C010891,VM-BIK-0002,1,9803.33,0.05,PLN
SO-2026-012582,1,2026-08-08,2026-08-08,PL-WAW-01,,VM-BIK-0012,1,12022.57,0.0,PLN
SO-2026-012582,2,2026-08-08,2026-08-08,PL-WAW-01,,VM-ACC-0007,1,366.47,0.0,PLN
SO-2026-012583,1,2026-08-08,2026-08-08,PL-WAW-01,C021343,VM-CMP-0017,4,508.99,0.08,PLN
SO-2026-012583,2,2026-08-08,2026-08-08,PL-WAW-01,C021343,VM-APP-0011,8,417.37,0.1,PLN
SO-2026-012583,3,2026-08-08,2026-08-08,PL-WAW-01,C021343,VM-BIK-0011,4,8805.69,0.12,PLN
SO-2026-012584,1,2026-08-08,2026-08-08,PL-WAW-01,C020580,VM-NUT-0008,3,10.17,0.0,PLN
SO-2026-012585,1,2026-08-08,2026-08-08,PL-WAW-01,,VM-ACC-0014,1,111.97,0.0,PLN
SO-2026-012586,1,2026-08-08,2026-08-08,PL-WAW-01,C012363,VM-CMP-0018,3,63.11,0.05,PLN
SO-2026-012586,2,2026-08-08,2026-08-08,PL-WAW-01,C012363,VM-ACC-0003,1,295.21,0.05,PLN
SO-2026-012586,3,2026-08-08,2026-08-08,PL-WAW-01,C012363,VM-APP-0009,1,356.29,0.05,PLN
SO-2026-012587,1,2026-08-08,2026-08-08,PL-WAW-01,C023492,VM-CMP-0017,1,508.99,0.0,PLN
SO-2026-012588,1,2026-08-08,2026-08-08,PL-WAW-02,C023580,VM-APP-0002,2,447.91,0.0,PLN
SO-2026-012589,1,2026-08-08,2026-08-08,PL-WAW-02,,VM-NUT-0002,6,15.26,0.0,PLN
SO-2026-012589,2,2026-08-08,2026-08-08,PL-WAW-02,,VM-EBK-0003,1,9253.61,0.0,PLN
SO-2026-012590,1,2026-08-08,2026-08-08,PL-WAW-02,C009574,VM-NUT-0006,8,10.17,0.05,PLN
SO-2026-012591,1,2026-08-08,2026-08-08,PL-WAW-02,C011751,VM-APP-0011,2,417.37,0.05,PLN
SO-2026-012592,1,2026-08-08,2026-08-08,PL-WAW-02,C023581,VM-APP-0008,1,162.87,0.0,PLN
SO-2026-012593,1,2026-08-08,2026-08-08,PL-KRK-01,C017822,VM-BIK-0013,1,4886.39,0.05,PLN
SO-2026-012593,2,2026-08-08,2026-08-08,PL-KRK-01,C017822,VM-ACC-0008,2,407.19,0.05,PLN
SO-2026-012593,3,2026-08-08,2026-08-08,PL-KRK-01,C017822, VM-ACC-0006 ,2,967.09,0.05,PLN
SO-2026-012593,4,2026-08-08,2026-08-08,PL-KRK-01,C017822,VM-ACC-0007,2,366.47,0.05,PLN
SO-2026-012594,1,2026-08-08,2026-08-08,PL-KRK-01,C019268,VM-EBK-0008,1,15371.79,0.05,PLN
SO-2026-012595,1,2026-08-08,2026-08-08,PL-KRK-01,C023582,VM-ACC-0007,1,366.47,0.05,PLN
SO-2026-012596,1,2026-08-08,2026-08-08,PL-WRO-01,C023583,VM-BIK-0016,1,3654.61,0.0,PLN
SO-2026-012597,1,2026-08-08,2026-08-08,PL-WRO-01,, VM-NUT-0003 ,15,11.19,0.0,PLN
SO-2026-012597,2,2026-08-08,2026-08-08,PL-WRO-01,,VM-CMP-0002,1,570.07,0.0,PLN
SO-2026-012598,1,2026-08-08,2026-08-08,PL-WRO-01,C020539,VM-ACC-0013,1,173.05,0.05,PLN
SO-2026-012598,2,2026-08-08,2026-08-08,PL-WRO-01,C020539,VM-NUT-0007,11,13.22,0.05,PLN
SO-2026-012598,3,2026-08-08,2026-08-08,PL-WRO-01,C020539,VM-ACC-0020,1,824.57,0.05,PLN
SO-2026-012599,1,2026-08-08,2026-08-08,PL-WRO-01,C022656,VM-APP-0006,10,315.57,0.1,PLN
SO-2026-012599,2,2026-08-08,2026-08-08,PL-WRO-01,C022656,VM-CMP-0015,3,936.55,0.12,PLN
SO-2026-012600,1,2026-08-08,2026-08-08,PL-WRO-01,C023418,VM-NUT-0008,8,10.17,0.0,PLN
SO-2026-012601,1,2026-08-08,2026-08-08,PL-GDN-01,C023584,VM-CMP-0014,1,437.73,0.05,PLN
SO-2026-012601,2,2026-08-08,2026-08-08,PL-GDN-01,C023584,VM-ACC-0022,1,1598.25,0.05,PLN
SO-2026-012602,1,2026-08-08,2026-08-08,PL-GDN-01,,VM-ACC-0018,2,50.89,0.0,PLN
SO-2026-012602,2,2026-08-08,2026-08-08,PL-GDN-01,,VM-EBK-0007,1,14964.59,0.0,PLN
SO-2026-012603,1,2026-08-08,2026-08-08,PL-GDN-01,C022423,VM-ACC-0020,1,824.57,0.0,PLN
SO-2026-012604,1,2026-08-08,2026-08-08,PL-GDN-01,C020848,VM-ACC-0013,1,173.05,0.05,PLN
SO-2026-012604,2,2026-08-08,2026-08-08,PL-GDN-01,C020848,VM-CMP-0008,2,447.91,0.05,PLN
SO-2026-012604,3,2026-08-08,2026-08-08,PL-GDN-01,C020848,VM-BIK-0021,1,1272.49,0.05,PLN
SO-2026-012604,4,2026-08-08,2026-08-08,PL-GDN-01,C020848,VM-BIK-0022,1,1425.19,0.05,PLN
SO-2026-012605,1,2026-08-08,2026-08-08,PL-GDN-01,,VM-BIK-0012,1,12022.57,0.0,PLN
SO-2026-012606,1,2026-08-08,2026-08-08,PL-GDN-01,,VM-APP-0010,2,173.05,0.0,PLN
SO-2026-012606,2,2026-08-08,2026-08-08,PL-GDN-01,,VM-BIK-0007,1,7176.89,0.0,PLN
SO-2026-012606,3,2026-08-08,2026-08-08,PL-GDN-01,,VM-CMP-0013,2,539.53,0.0,PLN
SO-2026-012607,1,2026-08-08,2026-08-08,PL-POZ-01,C023585,VM-ACC-0005,2,183.23,0.0,PLN
SO-2026-012608,1,2026-08-08,2026-08-08,PL-POZ-01,C023586,VM-CMP-0011,2,162.87,0.0,PLN
SO-2026-012609,1,2026-08-08,2026-08-08,PL-POZ-01,C002496,VM-ACC-0010,1,254.49,0.0,PLN
SO-2026-012610,1,2026-08-08,2026-08-08,PL-POZ-01,,VM-BIK-0009,1,5741.51,0.0,PLN
SO-2026-012610,2,2026-08-08,2026-08-08,PL-POZ-01,,VM-CMP-0015,1,936.55,0.05,PLN
SO-2026-012610,3,2026-08-08,2026-08-08,PL-POZ-01,,VM-ACC-0006,1,967.09,0.0,PLN
SO-2026-012610,4,2026-08-08,2026-08-08,PL-POZ-01,,VM-APP-0014,1,498.81,0.0,PLN
SO-2026-012611,1,2026-08-08,2026-08-08,PL-POZ-01,C017439,VM-ACC-0005,2,183.23,0.0,PLN
SO-2026-012611,2,2026-08-08,2026-08-08,PL-POZ-01,C017439,VM-CMP-0018,2,63.11,0.0,PLN
SO-2026-012612,1,2026-08-08,2026-08-08,PL-POZ-01,,VM-ACC-0008,1,407.19,0.0,PLN
SO-2026-012612,2,2026-08-08,2026-08-08,PL-POZ-01,,VM-NUT-0007,3,13.22,0.0,PLN
SO-2026-012612,3,2026-08-08,2026-08-08,PL-POZ-01,,VM-BIK-0013,1,4886.39,0.0,PLN
SO-2026-012613,1,2026-08-08,2026-08-08,PL-POZ-01,C023412,VM-APP-0010,2,173.05,0.0,PLN
SO-2026-012614,1,2026-08-08,2026-08-08,PL-POZ-01,,vm-app-0006,3,315.57,0.1,PLN
SO-2026-012615,1,2026-08-08,2026-08-08,PL-LDZ-01,C010334,VM-APP-0020,2,183.23,0.0,PLN
SO-2026-012615,2,2026-08-08,2026-08-08,PL-LDZ-01,C010334,VM-BIK-0007,1,7176.89,0.0,PLN
SO-2026-012615,3,2026-08-08,2026-08-08,PL-LDZ-01,C010334,VM-CMP-0009,1,356.29,0.0,PLN
SO-2026-012616,1,2026-08-08,2026-08-11,PL-WEB-01,C014832,VM-ACC-0008,4,407.19,0.1,PLN
SO-2026-012616,2,2026-08-08,2026-08-11,PL-WEB-01,C014832,VM-NUT-0001,30,9.15,0.1,PLN
SO-2026-012616,3,2026-08-08,2026-08-11,PL-WEB-01,C014832,VM-EBK-0008,4,15371.79,0.08,PLN
SO-2026-012617,1,2026-08-08,2026-08-10,PL-WEB-01,C018586,VM-APP-0006,3,315.57,0.0,PLN
SO-2026-012617,2,2026-08-08,2026-08-10,PL-WEB-01,C018586,VM-ACC-0005,1,183.23,0.0,PLN
SO-2026-012618,1,2026-08-08,2026-08-12,PL-WEB-01,C020859,VM-NUT-0009,2,86.52,0.12,PLN
SO-2026-012618,2,2026-08-08,2026-08-12,PL-WEB-01,C020859,VM-CMP-0013,2,539.53,0.08,PLN
SO-2026-012618,3,2026-08-08,2026-08-12,PL-WEB-01,C020859,VM-CMP-0017,10,508.99,0.08,PLN
SO-2026-012619,1,2026-08-08,2026-08-12,PL-WEB-01,C017156,VM-BIK-0014,1,3898.93,0.0,PLN
SO-2026-012619,2,2026-08-08,2026-08-12,PL-WEB-01,C017156,VM-ACC-0008,2,407.19,0.0,PLN
SO-2026-012620,1,2026-08-08,2026-08-12,PL-WEB-01,C020747,VM-ACC-0022,1,1598.25,0.0,PLN
SO-2026-012621,1,2026-08-08,2026-08-12,PL-WEB-01,C019268,VM-CMP-0013,2,539.53,0.05,PLN
SO-2026-012622,1,2026-08-08,2026-08-10,PL-WEB-01,C005434,VM-ACC-0007,1,366.47,0.0,PLN
SO-2026-012622,2,2026-08-08,2026-08-10,PL-WEB-01,C005434,VM-EBK-0002,1,10129.09,0.0,PLN
SO-2026-012622,3,2026-08-08,2026-08-10,PL-WEB-01,C005434,VM-APP-0007,1,162.87,0.0,PLN
SO-2026-012623,1,2026-08-08,2026-08-12,PL-WEB-01,C010698,VM-ACC-0007,10,366.47,0.08,PLN
SO-2026-012623,2,2026-08-08,2026-08-12,PL-WEB-01,C010698,VM-ACC-0019,6,50.89,0.08,PLN
SO-2026-012624,1,2026-08-08,2026-08-11,PL-WEB-01,C023587,vm-ebk-0004,1,11279.43,0.05,PLN
SO-2026-012625,1,2026-08-08,2026-08-09,PL-WEB-01,C021592,VM-ACC-0014,3,111.97,0.12,PLN
SO-2026-012625,2,2026-08-08,2026-08-09,PL-WEB-01,C021592,VM-ACC-0018,12,50.89,0.08,PLN
SO-2026-012626,1,2026-08-08,2026-08-10,PL-MKT-01,C002462,VM-APP-0012,1,885.65,0.0,PLN
SO-2026-012626,2,2026-08-08,2026-08-10,PL-MKT-01,C002462,VM-ACC-0001,1,386.83,0.0,PLN
SO-2026-012627,1,2026-08-08,2026-08-11,PL-MKT-01,C023588,VM-APP-0010,2,173.05,0.0,PLN
SO-2026-012628,1,2026-08-08,2026-08-12,PL-MKT-01,C023589,VM-EBK-0008,1,15371.79,0.0,PLN
SO-2026-012629,1,2026-08-08,2026-08-12,PL-MKT-01,C023590,VM-ACC-0013,1,173.05,0.0,PLN
SO-2026-012630,1,2026-08-08,2026-08-09,PL-MKT-01,C021699,VM-EBK-0008,1,15371.79,0.0,PLN
SO-2026-012630,2,2026-08-08,2026-08-09,PL-MKT-01,C021699,VM-BIK-0010,1,6433.75,0.0,PLN
SO-2026-012631,1,2026-08-08,2026-08-08,CZ-PRG-01,,VM-ACC-0014,1,646.0,0.0,CZK
SO-2026-012632,1,2026-08-08,2026-08-08,CZ-PRG-01,C023266,VM-NUT-0002,3,88.0,0.0,CZK
SO-2026-012633,1,2026-08-08,2026-08-08,CZ-PRG-01,,VM-BIK-0011,1,50841.0,0.1,CZK
SO-2026-012633,2,2026-08-08,2026-08-08,CZ-PRG-01,,VM-ACC-0017,3,341.0,0.0,CZK
SO-2026-012633,3,2026-08-08,2026-08-08,CZ-PRG-01,,VM-ACC-0008,1,2351.0,0.0,CZK
SO-2026-012634,1,2026-08-08,2026-08-08,CZ-PRG-01,C023591,VM-APP-0007,2,940.0,0.0,CZK
SO-2026-012635,1,2026-08-08,2026-08-08,CZ-BRN-01,,VM-CMP-0009,1,2057.0,0.0,CZK
SO-2026-012635,2,2026-08-08,2026-08-08,CZ-BRN-01,,VM-BIK-0006,1,38733.0,0.0,CZK
SO-2026-012636,1,2026-08-08,2026-08-08,CZ-BRN-01,,VM-BIK-0010,1,37146.0,0.0,CZK
SO-2026-012636,2,2026-08-08,2026-08-08,CZ-BRN-01,,VM-ACC-0014,1,646.0,0.0,CZK
SO-2026-012636,3,2026-08-08,2026-08-08,CZ-BRN-01,,VM-ACC-0018,3,294.0,0.0,CZK
SO-2026-012637,1,2026-08-08,2026-08-08,CZ-BRN-01,C021012,VM-NUT-0009,1,500.0,0.05,CZK
SO-2026-012638,1,2026-08-08,2026-08-12,CZ-WEB-01,C021656,VM-ACC-0013,1,999.0,0.0,CZK
SO-2026-012639,1,2026-08-08,2026-08-09,CZ-WEB-01,C011870,VM-CMP-0020,12,1528.0,0.12,CZK
SO-2026-012640,1,2026-08-08,2026-08-12,CZ-WEB-01,C022065,VM-NUT-0006,5,59.0,0.0,CZK
SO-2026-012640,2,2026-08-08,2026-08-12,CZ-WEB-01,C022065,VM-ACC-0011,2,423.0,0.0,CZK
SO-2026-012641,1,2026-08-08,2026-08-12,CZ-WEB-01,C022472,VM-NUT-0011,3,317.0,0.0,CZK
SO-2026-012642,1,2026-08-08,2026-08-08,DE-BER-01,,VM-BIK-0008,1,1271.33,0.0,EUR
SO-2026-012643,1,2026-08-08,2026-08-08,DE-BER-01,C023291,VM-BIK-0017,1,457.29,0.0,EUR
SO-2026-012643,2,2026-08-08,2026-08-08,DE-BER-01,C023291,VM-NUT-0007,6,3.11,0.0,EUR
SO-2026-012644,1,2026-08-08,2026-08-08,DE-BER-01,C019383,VM-NUT-0009,16,20.35,0.1,EUR
SO-2026-012644,2,2026-08-08,2026-08-08,DE-BER-01,C019383,VM-CMP-0009,4,83.8,0.08,EUR
SO-2026-012645,1,2026-08-08,2026-08-08,DE-BER-01,C023592,VM-EBK-0005,1,4177.92,0.05,EUR
SO-2026-012646,1,2026-08-08,2026-08-09,DE-WEB-01,C022934,VM-BIK-0016,1,859.52,0.1,EUR
SO-2026-012647,1,2026-08-08,2026-08-10,DE-WEB-01,C014697,VM-EBK-0011,1,3505.14,0.0,EUR
SO-2026-012648,1,2026-08-08,2026-08-09,DE-WEB-01,C023593,VM-APP-0020,1,43.09,0.0,EUR
SO-2026-012648,2,2026-08-08,2026-08-09,DE-WEB-01,C023593,VM-BIK-0016,1,859.52,0.05,EUR
SO-2026-012648,3,2026-08-08,2026-08-09,DE-WEB-01,C023593,VM-ACC-0021,1,186.75,0.0,EUR
SO-2026-012648,4,2026-08-08,2026-08-09,DE-WEB-01,C023593,VM-CMP-0016,1,588.98,0.0,EUR
SO-2026-012649,1,2026-08-08,2026-08-10,DE-WEB-01,C023594,VM-APP-0009,2,83.8,0.0,EUR
SO-2026-012650,1,2026-08-08,2026-08-12,DE-WEB-01,C023595,VM-ACC-0018,1,11.97,0.0,EUR
SO-2026-012651,1,2026-08-08,2026-08-11,DE-WEB-01,C020880,VM-CMP-0015,2,220.27,0.05,EUR
SO-2026-012652,1,2026-08-09,2026-08-13,PL-WEB-01,C021240,VM-EBK-0009,1,10088.37,0.0,PLN
SO-2026-012653,1,2026-08-09,2026-08-11,PL-WEB-01,C021304,VM-NUT-0011,4,54.96,0.05,PLN
SO-2026-012654,1,2026-08-09,2026-08-13,PL-WEB-01,C022005,VM-APP-0013,1,447.91,0.05,PLN
SO-2026-012654,2,2026-08-09,2026-08-13,PL-WEB-01,C022005,vm-app-0010,1,173.05,0.05,PLN
SO-2026-012654,3,2026-08-09,2026-08-13,PL-WEB-01,C022005,VM-CMP-0009,1,356.29,0.05,PLN
SO-2026-012655,1,2026-08-09,2026-08-13,PL-WEB-01,C015966,VM-ACC-0013,1,173.05,0.0,PLN
SO-2026-012656,1,2026-08-09,2026-08-13,PL-WEB-01,C023596,VM-NUT-0009,3,86.52,0.0,PLN
SO-2026-012657,1,2026-08-09,2026-08-11,PL-WEB-01,C023597,VM-CMP-0017,2,508.99,0.0,PLN
SO-2026-012658,1,2026-08-09,2026-08-12,PL-WEB-01,C023598, VM-APP-0007 ,1,162.87,0.05,PLN
SO-2026-012658,2,2026-08-09,2026-08-12,PL-WEB-01,C023598,VM-ACC-0016,3,29.51,0.05,PLN
SO-2026-012659,1,2026-08-09,2026-08-10,PL-WEB-01,C023599,VM-NUT-0002,3,15.26,0.0,PLN
SO-2026-012660,1,2026-08-09,2026-08-10,PL-WEB-01,C023600,VM-ACC-0014,4,111.97,0.12,PLN
SO-2026-012660,2,2026-08-09,2026-08-10,PL-WEB-01,C023600,VM-CMP-0018,5,63.11,0.12,PLN
SO-2026-012661,1,2026-08-09,2026-08-10,PL-WEB-01,C001346,VM-NUT-0002,12,15.26,0.0,PLN
SO-2026-012662,1,2026-08-09,2026-08-12,PL-WEB-01,C023601,VM-APP-0010,2,173.05,0.0,PLN
SO-2026-012662,2,2026-08-09,2026-08-12,PL-WEB-01,C023601,vm-acc-0020,1,824.57,0.0,PLN
SO-2026-012663,1,2026-08-09,2026-08-10,PL-WEB-01,C017948,VM-BIK-0002,1,9803.33,0.0,PLN
SO-2026-012664,1,2026-08-09,2026-08-11,PL-MKT-01,C018739,VM-ACC-0014,4,111.97,0.1,PLN
SO-2026-012665,1,2026-08-09,2026-08-11,PL-MKT-01,C018148,VM-BIK-0020,1,1231.77,0.0,PLN
SO-2026-012665,2,2026-08-09,2026-08-11,PL-MKT-01,C018148,VM-ACC-0003,2,295.21,0.0,PLN
SO-2026-012665,3,2026-08-09,2026-08-11,PL-MKT-01,C018148,VM-ACC-0008,1,407.19,0.1,PLN
SO-2026-012665,4,2026-08-09,2026-08-11,PL-MKT-01,C018148,VM-ACC-0012,1,73.29,0.0,PLN
SO-2026-012666,1,2026-08-09,2026-08-12,PL-MKT-01,C007016,VM-EBK-0009,1,10088.37,0.05,PLN
SO-2026-012666,2,2026-08-09,2026-08-12,PL-MKT-01,C007016,VM-EBK-0002,1,10129.09,0.05,PLN
SO-2026-012666,3,2026-08-09,2026-08-12,PL-MKT-01,C007016,VM-ACC-0003,2,295.21,0.05,PLN
SO-2026-012667,1,2026-08-09,2026-08-10,PL-MKT-01,C010666,VM-NUT-0008,12,10.17,0.0,PLN
SO-2026-012668,1,2026-08-09,2026-08-12,PL-MKT-01,C022185,VM-NUT-0001,9,9.15,0.0,PLN
SO-2026-012668,2,2026-08-09,2026-08-12,PL-MKT-01,C022185,vm-bik-0013,1,4886.39,0.0,PLN
SO-2026-012668,3,2026-08-09,2026-08-12,PL-MKT-01,C022185,VM-BIK-0012,1,12022.57,0.0,PLN
SO-2026-012669,1,2026-08-09,2026-08-12,PL-MKT-01,C023602,VM-CMP-0006,1,203.59,0.0,PLN
SO-2026-012670,1,2026-08-09,2026-08-10,PL-MKT-01,C002905,VM-APP-0012,1,885.65,0.0,PLN
SO-2026-012670,2,2026-08-09,2026-08-10,PL-MKT-01,C002905,VM-NUT-0009,1,86.52,0.0,PLN
SO-2026-012670,3,2026-08-09,2026-08-10,PL-MKT-01,C002905,VM-APP-0013,1,447.91,0.0,PLN
SO-2026-012670,4,2026-08-09,2026-08-10,PL-MKT-01,C002905,VM-BIK-0016,1,3654.61,0.0,PLN
SO-2026-012671,1,2026-08-09,2026-08-13,PL-MKT-01,C023603,VM-APP-0020,1,183.23,0.0,PLN
SO-2026-012671,2,2026-08-09,2026-08-13,PL-MKT-01,C023603,VM-APP-0002,1,447.91,0.0,PLN
SO-2026-012671,3,2026-08-09,2026-08-13,PL-MKT-01,C023603,VM-ACC-0002,1,620.97,0.0,PLN
SO-2026-012672,1,2026-08-09,2026-08-11,PL-MKT-01,C023604,VM-EBK-0007,1,14964.59,0.0,PLN
SO-2026-012672,2,2026-08-09,2026-08-11,PL-MKT-01,C023604,VM-CMP-0011,2,162.87,0.0,PLN
SO-2026-012672,3,2026-08-09,2026-08-11,PL-MKT-01,C023604,VM-NUT-0003,5,11.19,0.0,PLN
SO-2026-012673,1,2026-08-09,2026-08-13,PL-MKT-01,C023605,VM-APP-0010,2,173.05,0.0,PLN
SO-2026-012674,1,2026-08-09,2026-08-13,PL-MKT-01,C023606,VM-EBK-0009,1,10088.37,0.0,PLN
SO-2026-012675,1,2026-08-09,2026-08-12,PL-MKT-01,C020820,VM-CMP-0016,4,2504.27,0.12,PLN
SO-2026-012676,1,2026-08-09,2026-08-09,CZ-PRG-01,C013258,VM-ACC-0006,1,5584.0,0.05,CZK
SO-2026-012677,1,2026-08-09,2026-08-09,CZ-PRG-01,C023607,VM-BIK-0005,1,43553.0,0.0,CZK
SO-2026-012677,2,2026-08-09,2026-08-09,CZ-PRG-01,C023607,VM-ACC-0012,1,423.0,0.0,CZK
SO-2026-012678,1,2026-08-09,2026-08-09,CZ-PRG-01,,VM-ACC-0013,1,999.0,0.0,CZK
SO-2026-012679,1,2026-08-09,2026-08-09,CZ-BRN-01,,VM-ACC-0014,1,646.0,0.0,CZK
SO-2026-012679,2,2026-08-09,2026-08-09,CZ-BRN-01,,VM-CMP-0013,2,3115.0,0.0,CZK
SO-2026-012680,1,2026-08-09,2026-08-11,CZ-WEB-01,C019962,vm-app-0013,1,2586.0,0.05,CZK
SO-2026-012681,1,2026-08-09,2026-08-10,CZ-WEB-01,C023608,VM-BIK-0010,1,37146.0,0.0,CZK
SO-2026-012682,1,2026-08-09,2026-08-10,CZ-WEB-01,C017339,vm-bik-0008,1,31210.0,0.0,CZK
SO-2026-012682,2,2026-08-09,2026-08-10,CZ-WEB-01,C017339,VM-CMP-0013,1,3115.0,0.0,CZK
SO-2026-012683,1,2026-08-09,2026-08-12,DE-WEB-01,C021430,VM-BIK-0004,1,1022.33,0.0,EUR
SO-2026-012683,2,2026-08-09,2026-08-12,DE-WEB-01,C021430,VM-ACC-0014,1,26.33,0.0,EUR
SO-2026-012684,1,2026-08-09,2026-08-13,DE-WEB-01,C023609,VM-APP-0002,3,105.34,0.05,EUR
SO-2026-012684,2,2026-08-09,2026-08-13,DE-WEB-01,C023609,VM-APP-0008,2,38.31,0.05,EUR
SO-2026-012684,3,2026-08-09,2026-08-13,DE-WEB-01,C023609,VM-CMP-0004,1,172.38,0.05,EUR
SO-2026-012685,1,2026-08-09,2026-08-11,DE-WEB-01,C023610,VM-NUT-0007,10,3.11,0.0,EUR
SO-2026-012686,1,2026-08-09,2026-08-10,DE-WEB-01,C023611,VM-EBK-0007,1,3519.51,0.0,EUR
SO-2026-012686,2,2026-08-09,2026-08-10,DE-WEB-01,C023611,VM-ACC-0008,1,95.77,0.0,EUR
SO-2026-012687,1,2026-08-09,2026-08-10,DE-WEB-01,C023539,VM-ACC-0008,2,95.77,0.1,EUR
SO-2026-012687,2,2026-08-09,2026-08-10,DE-WEB-01,C023539,VM-BIK-0012,1,2827.58,0.0,EUR
SO-2026-012687,3,2026-08-09,2026-08-10,DE-WEB-01,C023539,VM-CMP-0022,4,8.62,0.0,EUR
SO-2026-012688,1,2026-08-10,2026-08-10,PL-WAW-01,,VM-APP-0003,1,315.57,0.0,PLN
SO-2026-012689,1,2026-08-10,2026-08-10,PL-WAW-01,,VM-ACC-0008,1,407.19,0.0,PLN
SO-2026-012690,1,2026-08-10,2026-08-10,PL-WAW-01,C023612,VM-APP-0010,2,173.05,0.0,PLN
SO-2026-012691,1,2026-08-10,2026-08-10,PL-WAW-01,,vm-acc-0003,2,295.21,0.0,PLN
SO-2026-012691,2,2026-08-10,2026-08-10,PL-WAW-01,,VM-CMP-0002,2,570.07,0.0,PLN
SO-2026-012691,3,2026-08-10,2026-08-10,PL-WAW-01,,VM-NUT-0004,3,7.12,0.0,PLN
SO-2026-012691,4,2026-08-10,2026-08-10,PL-WAW-01,, VM-EBK-0004 ,1,11279.43,0.0,PLN
SO-2026-012692,1,2026-08-10,2026-08-10,PL-WAW-01,C017874,VM-NUT-0008,30,10.17,0.08,PLN
SO-2026-012693,1,2026-08-10,2026-08-10,PL-WAW-01,,VM-CMP-0001,1,407.19,0.0,PLN
SO-2026-012694,1,2026-08-10,2026-08-10,PL-WAW-02,C021246,VM-ACC-0021,1,794.03,0.0,PLN
SO-2026-012695,1,2026-08-10,2026-08-10,PL-WAW-02,,VM-ACC-0014,1,111.97,0.0,PLN
SO-2026-012695,2,2026-08-10,2026-08-10,PL-WAW-02,,VM-ACC-0008,2,407.19,0.0,PLN
SO-2026-012696,1,2026-08-10,2026-08-10,PL-WAW-02,C017453,VM-NUT-0004,13,7.12,0.0,PLN
SO-2026-012697,1,2026-08-10,2026-08-10,PL-WAW-02,C013249,VM-BIK-0001,1,13936.41,0.0,PLN
SO-2026-012697,2,2026-08-10,2026-08-10,PL-WAW-02,C013249,VM-ACC-0005,1,183.23,0.0,PLN
SO-2026-012698,1,2026-08-10,2026-08-10,PL-WAW-02,,VM-APP-0010,1,173.05,0.0,PLN
SO-2026-012699,1,2026-08-10,2026-08-10,PL-WAW-02,C017291,VM-APP-0006,2,315.57,0.0,PLN
SO-2026-012699,2,2026-08-10,2026-08-10,PL-WAW-02,C017291,VM-ACC-0009,2,407.19,0.0,PLN
SO-2026-012700,1,2026-08-10,2026-08-10,PL-WAW-02,C023613,VM-ACC-0023,1,946.73,0.0,PLN
SO-2026-012700,2,2026-08-10,2026-08-10,PL-WAW-02,C023613,VM-CMP-0009,2,356.29,0.1,PLN
SO-2026-012700,3,2026-08-10,2026-08-10,PL-WAW-02,C023613,VM-EBK-0007,1,14964.59,0.0,PLN
SO-2026-012700,4,2026-08-10,2026-08-10,PL-WAW-02,C023613,VM-EBK-0005,1,17764.09,0.0,PLN
SO-2026-012701,1,2026-08-10,2026-08-10,PL-KRK-01,C019846,VM-ACC-0004,1,794.03,0.05,PLN
SO-2026-012702,1,2026-08-10,2026-08-10,PL-KRK-01,C006592,VM-APP-0008,2,162.87,0.0,PLN
SO-2026-012703,1,2026-08-10,2026-08-10,PL-KRK-01,C023614,VM-EBK-0004,1,11279.43,0.0,PLN
SO-2026-012704,1,2026-08-10,2026-08-10,PL-KRK-01,,VM-APP-0004,2,244.31,0.0,PLN
SO-2026-012704,2,2026-08-10,2026-08-10,PL-KRK-01,,VM-ACC-0003,2,295.21,0.0,PLN
SO-2026-012704,3,2026-08-10,2026-08-10,PL-KRK-01,,vm-app-0015,1,580.25,0.0,PLN
SO-2026-012705,1,2026-08-10,2026-08-10,PL-KRK-01,C017102,VM-NUT-0008,5,10.17,0.05,PLN
SO-2026-012706,1,2026-08-10,2026-08-10,PL-WRO-01,,VM-APP-0008,2,162.87,0.0,PLN
SO-2026-012707,1,2026-08-10,2026-08-10,PL-WRO-01,C017228,VM-APP-0007,1,162.87,0.0,PLN
SO-2026-012707,2,2026-08-10,2026-08-10,PL-WRO-01,C017228,VM-CMP-0018,4,63.11,0.0,PLN
SO-2026-012708,1,2026-08-10,2026-08-10,PL-GDN-01,,VM-APP-0012,1,885.65,0.0,PLN
SO-2026-012708,2,2026-08-10,2026-08-10,PL-GDN-01,,VM-ACC-0007,2,366.47,0.0,PLN
SO-2026-012708,3,2026-08-10,2026-08-10,PL-GDN-01,,VM-ACC-0013,1,173.05,0.0,PLN
SO-2026-012709,1,2026-08-10,2026-08-10,PL-GDN-01,C019721,VM-BIK-0021,2,1272.49,0.12,PLN
SO-2026-012709,2,2026-08-10,2026-08-10,PL-GDN-01,C019721,VM-ACC-0013,2,173.05,0.1,PLN
SO-2026-012709,3,2026-08-10,2026-08-10,PL-GDN-01,C019721,VM-CMP-0016,8,2504.27,0.08,PLN
SO-2026-012709,4,2026-08-10,2026-08-10,PL-GDN-01,C019721,VM-ACC-0001,5,386.83,0.08,PLN
SO-2026-012710,1,2026-08-10,2026-08-10,PL-GDN-01,,VM-APP-0003,3,315.57,0.0,PLN
SO-2026-012710,2,2026-08-10,2026-08-10,PL-GDN-01,,VM-CMP-0002,2,570.07,0.0,PLN
SO-2026-012711,1,2026-08-10,2026-08-10,PL-GDN-01,C023615,VM-ACC-0017,2,59.03,0.0,PLN
SO-2026-012712,1,2026-08-10,2026-08-10,PL-POZ-01,C023616,VM-ACC-0008,2,407.19,0.0,PLN
SO-2026-012712,2,2026-08-10,2026-08-10,PL-POZ-01,C023616,VM-NUT-0004,11,7.12,0.0,PLN
SO-2026-012713,1,2026-08-10,2026-08-10,PL-LDZ-01,C023617,VM-APP-0018,1,132.33,0.0,PLN
SO-2026-012714,1,2026-08-10,2026-08-14,PL-WEB-01,C023618,VM-ACC-0004,2,794.03,0.0,PLN
SO-2026-012715,1,2026-08-10,2026-08-14,PL-WEB-01,C023619,VM-ACC-0013,1,173.05,0.0,PLN
SO-2026-012716,1,2026-08-10,2026-08-12,PL-WEB-01,C014805,VM-BIK-0017,1,1944.37,0.0,PLN
SO-2026-012716,2,2026-08-10,2026-08-12,PL-WEB-01,C014805,VM-EBK-0007,1,14964.59,0.0,PLN
SO-2026-012717,1,2026-08-10,2026-08-11,PL-WEB-01,C015472,VM-APP-0013,1,447.91,0.0,PLN
SO-2026-012718,1,2026-08-10,2026-08-14,PL-WEB-01,C007067,VM-CMP-0012,1,549.71,0.0,PLN
SO-2026-012718,2,2026-08-10,2026-08-14,PL-WEB-01,C007067,VM-ACC-0008,2,407.19,0.0,PLN
SO-2026-012718,3,2026-08-10,2026-08-14,PL-WEB-01,C007067,VM-NUT-0011,2,54.96,0.0,PLN
SO-2026-012719,1,2026-08-10,2026-08-14,PL-WEB-01,C017955,VM-CMP-0008,2,447.91,0.0,PLN
SO-2026-012720,1,2026-08-10,2026-08-12,PL-WEB-01,C013799,VM-ACC-0002,2,620.97,0.0,PLN
SO-2026-012720,2,2026-08-10,2026-08-12,PL-WEB-01,C013799,VM-CMP-0009,1,356.29,0.0,PLN
SO-2026-012720,3,2026-08-10,2026-08-12,PL-WEB-01,C013799,VM-APP-0010,1,173.05,0.0,PLN
SO-2026-012721,1,2026-08-10,2026-08-14,PL-WEB-01,C019543,VM-ACC-0016,1,29.51,0.0,PLN
SO-2026-012722,1,2026-08-10,2026-08-14,PL-WEB-01,C023191,VM-EBK-0007,1,14964.59,0.0,PLN
SO-2026-012723,1,2026-08-10,2026-08-11,PL-WEB-01,C023620,VM-EBK-0004,1,11279.43,0.05,PLN
SO-2026-012724,1,2026-08-10,2026-08-13,PL-WEB-01,C023621,VM-ACC-0014,1,111.97,0.0,PLN
SO-2026-012725,1,2026-08-10,2026-08-11,PL-WEB-01,C021642,VM-CMP-0019,3,213.77,0.05,PLN
SO-2026-012725,2,2026-08-10,2026-08-11,PL-WEB-01,C021642,VM-CMP-0012,2,549.71,0.05,PLN
SO-2026-012725,3,2026-08-10,2026-08-11,PL-WEB-01,C021642,VM-ACC-0017,2,59.03,0.05,PLN
SO-2026-012726,1,2026-08-10,2026-08-11,PL-WEB-01,C023622,VM-CMP-0012,2,549.71,0.0,PLN
SO-2026-012726,2,2026-08-10,2026-08-11,PL-WEB-01,C023622,VM-CMP-0008,1,447.91,0.0,PLN
SO-2026-012727,1,2026-08-10,2026-08-11,PL-WEB-01,C023623,VM-ACC-0007,1,366.47,0.0,PLN
SO-2026-012727,2,2026-08-10,2026-08-11,PL-WEB-01,C023623,VM-APP-0019,1,67.18,0.0,PLN
SO-2026-012728,1,2026-08-10,2026-08-14,PL-MKT-01,C021095,VM-CMP-0016,2,2504.27,0.0,PLN
SO-2026-012728,2,2026-08-10,2026-08-14,PL-MKT-01,C021095,VM-CMP-0005,2,1506.63,0.0,PLN
SO-2026-012729,1,2026-08-10,2026-08-13,PL-MKT-01,C010542,vm-acc-0014,1,111.97,0.0,PLN
SO-2026-012729,2,2026-08-10,2026-08-13,PL-MKT-01,C010542,VM-EBK-0007,1,14964.59,0.0,PLN
SO-2026-012729,3,2026-08-10,2026-08-13,PL-MKT-01,C010542,VM-APP-0007,2,162.87,0.0,PLN
SO-2026-012730,1,2026-08-10,2026-08-11,PL-MKT-01,C006670,VM-NUT-0006,6,10.17,0.05,PLN
SO-2026-012731,1,2026-08-10,2026-08-12,PL-MKT-01,C023624,VM-ACC-0020,1,824.57,0.0,PLN
SO-2026-012731,2,2026-08-10,2026-08-12,PL-MKT-01,C023624,VM-APP-0008,1,162.87,0.0,PLN
SO-2026-012731,3,2026-08-10,2026-08-12,PL-MKT-01,C023624,VM-CMP-0015,1,936.55,0.0,PLN
SO-2026-012732,1,2026-08-10,2026-08-14,PL-MKT-01,C021845,VM-APP-0005,3,183.23,0.0,PLN
SO-2026-012733,1,2026-08-10,2026-08-14,PL-MKT-01,C016151,VM-EBK-0011,1,14903.51,0.0,PLN
SO-2026-012733,2,2026-08-10,2026-08-14,PL-MKT-01,C016151,VM-ACC-0008,2,407.19,0.0,PLN
SO-2026-012734,1,2026-08-10,2026-08-10,CZ-PRG-01,C023625,VM-CMP-0015,1,5407.0,0.0,CZK
SO-2026-012735,1,2026-08-10,2026-08-10,CZ-BRN-01,C023626,VM-NUT-0004,11,41.0,0.05,CZK
SO-2026-012735,2,2026-08-10,2026-08-10,CZ-BRN-01,C023626,VM-APP-0018,1,764.0,0.05,CZK
SO-2026-012736,1,2026-08-10,2026-08-10,CZ-BRN-01,,VM-ACC-0018,2,294.0,0.0,CZK
SO-2026-012736,2,2026-08-10,2026-08-10,CZ-BRN-01,,VM-APP-0008,1,940.0,0.0,CZK
SO-2026-012737,1,2026-08-10,2026-08-10,CZ-BRN-01,C023627,VM-CMP-0018,3,364.0,0.0,CZK
SO-2026-012738,1,2026-08-10,2026-08-14,CZ-WEB-01,C017707,VM-NUT-0004,9,41.0,0.0,CZK
SO-2026-012738,2,2026-08-10,2026-08-14,CZ-WEB-01,C017707,VM-CMP-0016,1,14459.0,0.0,CZK
SO-2026-012738,3,2026-08-10,2026-08-14,CZ-WEB-01,C017707,VM-BIK-0019,1,7112.0,0.0,CZK
SO-2026-012739,1,2026-08-10,2026-08-13,CZ-WEB-01,C020986,VM-NUT-0004,13,41.0,0.0,CZK
SO-2026-012739,2,2026-08-10,2026-08-13,CZ-WEB-01,C020986,VM-EBK-0002,1,58482.0,0.0,CZK
SO-2026-012739,3,2026-08-10,2026-08-13,CZ-WEB-01,C020986,VM-BIK-0014,1,22511.0,0.0,CZK
SO-2026-012739,4,2026-08-10,2026-08-13,CZ-WEB-01,C020986,VM-NUT-0008,7,59.0,0.0,CZK
SO-2026-012740,1,2026-08-10,2026-08-13,CZ-WEB-01,C023444,VM-CMP-0013,1,3115.0,0.0,CZK
SO-2026-012740,2,2026-08-10,2026-08-13,CZ-WEB-01,C023444,VM-BIK-0013,1,28212.0,0.0,CZK
SO-2026-012740,3,2026-08-10,2026-08-13,CZ-WEB-01,C023444,VM-EBK-0003,1,53427.0,0.0,CZK
SO-2026-012741,1,2026-08-10,2026-08-11,CZ-WEB-01,C023628,VM-APP-0012,1,5113.0,0.0,CZK
SO-2026-012741,2,2026-08-10,2026-08-11,CZ-WEB-01,C023628,VM-APP-0002,1,2586.0,0.0,CZK
SO-2026-012741,3,2026-08-10,2026-08-11,CZ-WEB-01,C023628,VM-APP-0010,2,999.0,0.0,CZK
SO-2026-012741,4,2026-08-10,2026-08-11,CZ-WEB-01,C023628,VM-CMP-0008,1,2586.0,0.0,CZK
SO-2026-012742,1,2026-08-10,2026-08-12,CZ-WEB-01,C023629,VM-EBK-0008,1,88752.0,0.05,CZK
SO-2026-012743,1,2026-08-10,2026-08-10,DE-BER-01,,VM-BIK-0008,1,1271.33,0.0,EUR
SO-2026-012744,1,2026-08-10,2026-08-10,DE-BER-01,C012307,VM-ACC-0013,1,40.7,0.0,EUR
SO-2026-012745,1,2026-08-10,2026-08-10,DE-BER-01,C021133, VM-ACC-0016 ,3,6.94,0.0,EUR
SO-2026-012746,1,2026-08-10,2026-08-12,DE-WEB-01,C017884,VM-EBK-0004,1,2652.8,0.05,EUR
SO-2026-012747,1,2026-08-10,2026-08-12,DE-WEB-01,C019930,VM-CMP-0012,2,129.29,0.05,EUR
SO-2026-012748,1,2026-08-10,2026-08-11,DE-WEB-01,C023630,VM-EBK-0010,1,3229.81,0.0,EUR
SO-2026-012748,2,2026-08-10,2026-08-11,DE-WEB-01,C023630,VM-ACC-0008,1,95.77,0.0,EUR
SO-2026-012749,1,2026-08-10,2026-08-11,DE-WEB-01,C023631,VM-BIK-0011,1,2071.0,0.0,EUR
SO-2026-012749,2,2026-08-10,2026-08-11,DE-WEB-01,C023631,VM-CMP-0020,1,62.25,0.05,EUR
SO-2026-012750,1,2026-08-10,2026-08-12,DE-WEB-01,C022365,VM-BIK-0007,1,1687.93,0.0,EUR
SO-2026-012750,2,2026-08-10,2026-08-12,DE-WEB-01,C022365,VM-ACC-0010,2,59.85,0.0,EUR
SO-2026-012751,1,2026-08-10,2026-08-14,DE-WEB-01,C019547,VM-ACC-0005,2,43.09,0.05,EUR
SO-2026-012751,2,2026-08-10,2026-08-14,DE-WEB-01,C019547,VM-ACC-0022,1,375.89,0.05,EUR
SO-2026-012751,3,2026-08-10,2026-08-14,DE-WEB-01,C019547,VM-APP-0019,2,15.8,0.05,EUR
SO-2026-012752,1,2026-08-10,2026-08-11,DE-WEB-01,C023632,VM-APP-0005,2,43.09,0.0,EUR
SO-2026-012753,1,2026-08-11,2026-08-11,PL-WAW-01,C021975,VM-NUT-0002,5,15.26,0.0,PLN
SO-2026-012753,2,2026-08-11,2026-08-11,PL-WAW-01,C021975,VM-APP-0006,1,315.57,0.05,PLN
SO-2026-012753,3,2026-08-11,2026-08-11,PL-WAW-01,C021975,VM-NUT-0003,4,11.19,0.0,PLN
SO-2026-012754,1,2026-08-11,2026-08-11,PL-WAW-01,C023633,VM-NUT-0003,7,11.19,0.0,PLN
SO-2026-012754,2,2026-08-11,2026-08-11,PL-WAW-01,C023633,VM-ACC-0011,1,73.29,0.0,PLN
SO-2026-012755,1,2026-08-11,2026-08-11,PL-WAW-02,,VM-EBK-0003,1,9253.61,0.0,PLN
SO-2026-012756,1,2026-08-11,2026-08-11,PL-WAW-02,,VM-EBK-0007,1,14964.59,0.0,PLN
SO-2026-012756,2,2026-08-11,2026-08-11,PL-WAW-02,,VM-APP-0018,1,132.33,0.0,PLN
SO-2026-012757,1,2026-08-11,2026-08-11,PL-KRK-01,,VM-CMP-0005,2,1506.63,0.0,PLN
SO-2026-012757,2,2026-08-11,2026-08-11,PL-KRK-01,,VM-APP-0017,1,193.41,0.0,PLN
SO-2026-012758,1,2026-08-11,2026-08-11,PL-KRK-01,C022312,VM-APP-0008,1,162.87,0.05,PLN
SO-2026-012759,1,2026-08-11,2026-08-11,PL-KRK-01,C011864,VM-EBK-0003,1,9253.61,0.0,PLN
SO-2026-012759,2,2026-08-11,2026-08-11,PL-KRK-01,C011864,VM-EBK-0004,1,11279.43,0.0,PLN
SO-2026-012760,1,2026-08-11,2026-08-11,PL-KRK-01,C023634,VM-BIK-0002,1,9803.33,0.0,PLN
SO-2026-012760,2,2026-08-11,2026-08-11,PL-KRK-01,C023634,VM-ACC-0007,1,366.47,0.0,PLN
SO-2026-012761,1,2026-08-11,2026-08-11,PL-KRK-01,C023635,VM-BIK-0001,1,13936.41,0.0,PLN
SO-2026-012761,2,2026-08-11,2026-08-11,PL-KRK-01,C023635,VM-APP-0010,1,173.05,0.0,PLN
SO-2026-012762,1,2026-08-11,2026-08-11,PL-WRO-01,C019553,VM-BIK-0007,5,7176.89,0.12,PLN
SO-2026-012763,1,2026-08-11,2026-08-11,PL-WRO-01,C023636,VM-APP-0020,1,183.23,0.0,PLN
SO-2026-012764,1,2026-08-11,2026-08-11,PL-GDN-01,C020575,VM-BIK-0013,1,4886.39,0.0,PLN
SO-2026-012764,2,2026-08-11,2026-08-11,PL-GDN-01,C020575,VM-BIK-0007,1,7176.89,0.0,PLN
SO-2026-012764,3,2026-08-11,2026-08-11,PL-GDN-01,C020575,VM-BIK-0012,1,12022.57,0.0,PLN
SO-2026-012765,1,2026-08-11,2026-08-11,PL-GDN-01,C023637,vm-cmp-0016,1,2504.27,0.05,PLN
SO-2026-012765,2,2026-08-11,2026-08-11,PL-GDN-01,C023637,VM-CMP-0020,2,264.67,0.05,PLN
SO-2026-012766,1,2026-08-11,2026-08-11,PL-POZ-01,,VM-EBK-0011,1,14903.51,0.0,PLN
SO-2026-012766,2,2026-08-11,2026-08-11,PL-POZ-01,,VM-APP-0015,1,580.25,0.0,PLN
SO-2026-012766,3,2026-08-11,2026-08-11,PL-POZ-01,,VM-ACC-0010,2,254.49,0.0,PLN
SO-2026-012767,1,2026-08-11,2026-08-11,PL-LDZ-01,C011764,VM-EBK-0010,1,13732.81,0.05,PLN
SO-2026-012768,1,2026-08-11,2026-08-11,PL-LDZ-01,C023638,VM-ACC-0020,1,824.57,0.0,PLN
SO-2026-012768,2,2026-08-11,2026-08-11,PL-LDZ-01,C023638,VM-BIK-0014,1,3898.93,0.0,PLN
SO-2026-012768,3,2026-08-11,2026-08-11,PL-LDZ-01,C023638,VM-NUT-0004,6,7.12,0.1,PLN
SO-2026-012769,1,2026-08-11,2026-08-11,PL-LDZ-01,C019294,VM-EBK-0005,1,17764.09,0.0,PLN
SO-2026-012770,1,2026-08-11,2026-08-12,PL-WEB-01,C011206,VM-CMP-0003,2,244.31,0.05,PLN
SO-2026-012771,1,2026-08-11,2026-08-12,PL-WEB-01,C023639,VM-APP-0020,2,183.23,0.0,PLN
SO-2026-012771,2,2026-08-11,2026-08-12,PL-WEB-01,C023639,VM-CMP-0009,2,356.29,0.1,PLN
SO-2026-012772,1,2026-08-11,2026-08-12,PL-WEB-01,C006991,VM-BIK-0012,1,12022.57,0.0,PLN
SO-2026-012773,1,2026-08-11,2026-08-13,PL-WEB-01,C023640,VM-APP-0008,2,162.87,0.0,PLN
SO-2026-012774,1,2026-08-11,2026-08-14,PL-WEB-01,C023641,VM-APP-0010,1,173.05,0.0,PLN
SO-2026-012774,2,2026-08-11,2026-08-14,PL-WEB-01,C023641,VM-NUT-0002,9,15.26,0.0,PLN
SO-2026-012774,3,2026-08-11,2026-08-14,PL-WEB-01,C023641,VM-EBK-0009,1,10088.37,0.0,PLN
SO-2026-012775,1,2026-08-11,2026-08-12,PL-WEB-01,C018685,VM-ACC-0010,2,254.49,0.05,PLN
SO-2026-012775,2,2026-08-11,2026-08-12,PL-WEB-01,C018685,VM-APP-0002,2,447.91,0.05,PLN
SO-2026-012775,3,2026-08-11,2026-08-12,PL-WEB-01,C018685,VM-ACC-0014,1,111.97,0.05,PLN
SO-2026-012776,1,2026-08-11,2026-08-13,PL-WEB-01,C019721,VM-APP-0017,4,193.41,0.12,PLN
SO-2026-012776,2,2026-08-11,2026-08-13,PL-WEB-01,C019721,VM-EBK-0007,2,14964.59,0.1,PLN
SO-2026-012777,1,2026-08-11,2026-08-12,PL-WEB-01,C010409,VM-ACC-0001,2,386.83,0.0,PLN
SO-2026-012777,2,2026-08-11,2026-08-12,PL-WEB-01,C010409,VM-APP-0008,2,162.87,0.0,PLN
SO-2026-012778,1,2026-08-11,2026-08-13,PL-WEB-01,C023642,VM-APP-0004,1,244.31,0.0,PLN
SO-2026-012779,1,2026-08-11,2026-08-13,PL-WEB-01,C021166,VM-CMP-0019,8,213.77,0.12,PLN
SO-2026-012779,2,2026-08-11,2026-08-13,PL-WEB-01,C021166,VM-CMP-0013,8,539.53,0.12,PLN
SO-2026-012780,1,2026-08-11,2026-08-15,PL-WEB-01,C021639,VM-ACC-0017,3,59.03,0.0,PLN
SO-2026-012781,1,2026-08-11,2026-08-14,PL-WEB-01,C023643,VM-CMP-0013,1,539.53,0.05,PLN
SO-2026-012781,2,2026-08-11,2026-08-14,PL-WEB-01,C023643,VM-APP-0007,1,162.87,0.05,PLN
SO-2026-012781,3,2026-08-11,2026-08-14,PL-WEB-01,C023643,VM-BIK-0022,1,1425.19,0.05,PLN
SO-2026-012781,4,2026-08-11,2026-08-14,PL-WEB-01,C023643,VM-APP-0010,1,173.05,0.05,PLN
SO-2026-012782,1,2026-08-11,2026-08-13,PL-WEB-01,C023216,VM-EBK-0005,1,17764.09,0.05,PLN
SO-2026-012782,2,2026-08-11,2026-08-13,PL-WEB-01,C023216,VM-ACC-0014,1,111.97,0.05,PLN
SO-2026-012782,3,2026-08-11,2026-08-13,PL-WEB-01,C023216,VM-EBK-0008,1,15371.79,0.05,PLN
SO-2026-012783,1,2026-08-11,2026-08-13,PL-WEB-01,C021852,VM-APP-0005,2,183.23,0.0,PLN
SO-2026-012784,1,2026-08-11,2026-08-14,PL-WEB-01,C023644,VM-ACC-0008,2,407.19,0.0,PLN
SO-2026-012785,1,2026-08-11,2026-08-14,PL-WEB-01,C023645,VM-CMP-0015,1,936.55,0.05,PLN
SO-2026-012785,2,2026-08-11,2026-08-14,PL-WEB-01,C023645,VM-NUT-0007,4,13.22,0.05,PLN
SO-2026-012786,1,2026-08-11,2026-08-12,PL-WEB-01,C023646,VM-NUT-0003,13,11.19,0.0,PLN
SO-2026-012786,2,2026-08-11,2026-08-12,PL-WEB-01,C023646,VM-APP-0010,2,173.05,0.0,PLN
SO-2026-012786,3,2026-08-11,2026-08-12,PL-WEB-01,C023646,VM-BIK-0011,1,8805.69,0.0,PLN
SO-2026-012787,1,2026-08-11,2026-08-14,PL-MKT-01,C015143,VM-NUT-0004,13,7.12,0.0,PLN
SO-2026-012788,1,2026-08-11,2026-08-14,PL-MKT-01,C004475,VM-NUT-0004,28,7.12,0.08,PLN
SO-2026-012789,1,2026-08-11,2026-08-14,PL-MKT-01,C011096,VM-CMP-0011,5,162.87,0.08,PLN
SO-2026-012789,2,2026-08-11,2026-08-14,PL-MKT-01,C011096,VM-EBK-0005,4,17764.09,0.08,PLN
SO-2026-012789,3,2026-08-11,2026-08-14,PL-MKT-01,C011096,VM-CMP-0017,10,508.99,0.1,PLN
SO-2026-012789,4,2026-08-11,2026-08-14,PL-MKT-01,C011096,VM-APP-0004,10,244.31,0.12,PLN
SO-2026-012790,1,2026-08-11,2026-08-14,PL-MKT-01,C014988,VM-BIK-0013,3,4886.39,0.1,PLN
SO-2026-012790,2,2026-08-11,2026-08-14,PL-MKT-01,C014988,VM-BIK-0009,2,5741.51,0.08,PLN
SO-2026-012790,3,2026-08-11,2026-08-14,PL-MKT-01,C014988,VM-ACC-0015,4,356.29,0.08,PLN
SO-2026-012791,1,2026-08-11,2026-08-13,PL-MKT-01,C019432,VM-ACC-0008,1,407.19,0.0,PLN
SO-2026-012791,2,2026-08-11,2026-08-13,PL-MKT-01,C019432,VM-BIK-0017,1,1944.37,0.0,PLN
SO-2026-012792,1,2026-08-11,2026-08-13,PL-MKT-01,C022545,VM-EBK-0003,4,9253.61,0.08,PLN
SO-2026-012792,2,2026-08-11,2026-08-13,PL-MKT-01,C022545, VM-ACC-0013 ,2,173.05,0.12,PLN
SO-2026-012793,1,2026-08-11,2026-08-13,PL-MKT-01,C010657,VM-ACC-0002,2,620.97,0.0,PLN
SO-2026-012794,1,2026-08-11,2026-08-14,PL-MKT-01,C014549,VM-BIK-0017,1,1944.37,0.0,PLN
SO-2026-012795,1,2026-08-11,2026-08-13,PL-MKT-01,C023647,VM-APP-0007,1,162.87,0.0,PLN
SO-2026-012795,2,2026-08-11,2026-08-13,PL-MKT-01,C023647,VM-BIK-0004,1,4346.85,0.0,PLN
SO-2026-012796,1,2026-08-11,2026-08-13,PL-MKT-01,C022695,VM-EBK-0003,1,9253.61,0.0,PLN
SO-2026-012796,2,2026-08-11,2026-08-13,PL-MKT-01,C022695,VM-NUT-0004,9,7.12,0.0,PLN
SO-2026-012796,3,2026-08-11,2026-08-13,PL-MKT-01,C022695,VM-CMP-0020,2,264.67,0.0,PLN
SO-2026-012797,1,2026-08-11,2026-08-15,PL-MKT-01,C023620,VM-ACC-0014,1,111.97,0.05,PLN
SO-2026-012798,1,2026-08-11,2026-08-11,CZ-PRG-01,C023265,VM-ACC-0008,5,2351.0,0.12,CZK
SO-2026-012799,1,2026-08-11,2026-08-11,CZ-PRG-01,C023648,VM-BIK-0004,1,25097.0,0.0,CZK
SO-2026-012800,1,2026-08-11,2026-08-11,CZ-PRG-01,C017313,VM-EBK-0007,1,86401.0,0.05,CZK
SO-2026-012801,1,2026-08-11,2026-08-11,CZ-BRN-01,C023649,VM-ACC-0009,1,2351.0,0.0,CZK
SO-2026-012801,2,2026-08-11,2026-08-11,CZ-BRN-01,C023649,VM-ACC-0017,1,341.0,0.0,CZK
SO-2026-012802,1,2026-08-11,2026-08-15,CZ-WEB-01,C010108,VM-CMP-0020,2,1528.0,0.0,CZK
SO-2026-012803,1,2026-08-11,2026-08-13,CZ-WEB-01,C023650,VM-EBK-0007,1,86401.0,0.0,CZK
SO-2026-012804,1,2026-08-11,2026-08-15,CZ-WEB-01,C023651,VM-APP-0006,1,1822.0,0.0,CZK
SO-2026-012804,2,2026-08-11,2026-08-15,CZ-WEB-01,C023651,VM-NUT-0008,4,59.0,0.0,CZK
SO-2026-012804,3,2026-08-11,2026-08-15,CZ-WEB-01,C023651,VM-ACC-0014,1,646.0,0.0,CZK
SO-2026-012805,1,2026-08-11,2026-08-14,CZ-WEB-01,C021654,VM-APP-0010,1,999.0,0.0,CZK
SO-2026-012806,1,2026-08-11,2026-08-11,DE-BER-01,,VM-ACC-0007,2,86.19,0.0,EUR
SO-2026-012807,1,2026-08-11,2026-08-11,DE-BER-01,C019858,VM-ACC-0008,1,95.77,0.0,EUR
SO-2026-012808,1,2026-08-11,2026-08-11,DE-BER-01,C023652,VM-APP-0020,2,43.09,0.0,EUR
SO-2026-012809,1,2026-08-11,2026-08-12,DE-WEB-01,C018080,VM-APP-0019,1,15.8,0.0,EUR
SO-2026-012809,2,2026-08-11,2026-08-12,DE-WEB-01,C018080,VM-EBK-0007,1,3519.51,0.0,EUR
SO-2026-012809,3,2026-08-11,2026-08-12,DE-WEB-01,C018080,VM-CMP-0016,2,588.98,0.0,EUR
SO-2026-012809,4,2026-08-11,2026-08-12,DE-WEB-01,C018080,VM-ACC-0001,2,90.98,0.0,EUR
SO-2026-012810,1,2026-08-11,2026-08-15,DE-WEB-01,C023433,VM-CMP-0017,2,119.71,0.05,EUR
SO-2026-012810,2,2026-08-11,2026-08-15,DE-WEB-01,C023433,VM-BIK-0004,1,1022.33,0.05,EUR
SO-2026-012811,1,2026-08-11,2026-08-15,DE-WEB-01,C016969,VM-ACC-0015,1,83.8,0.0,EUR
SO-2026-012811,2,2026-08-11,2026-08-15,DE-WEB-01,C016969,VM-NUT-0002,15,3.59,0.0,EUR
SO-2026-012812,1,2026-08-12,2026-08-12,PL-WAW-01,C018122,VM-BIK-0004,2,4346.85,0.12,PLN
SO-2026-012813,1,2026-08-12,2026-08-12,PL-WAW-01,C021307,VM-APP-0006,9,315.57,0.08,PLN
SO-2026-012814,1,2026-08-12,2026-08-12,PL-WAW-01,C014345,VM-EBK-0002,1,10129.09,0.05,PLN
SO-2026-012815,1,2026-08-12,2026-08-12,PL-WAW-01,C009520,VM-BIK-0007,1,7176.89,0.05,PLN
SO-2026-012815,2,2026-08-12,2026-08-12,PL-WAW-01,C009520,VM-ACC-0012,1,73.29,0.05,PLN
SO-2026-012816,1,2026-08-12,2026-08-12,PL-WAW-01,C007600,VM-CMP-0013,2,539.53,0.0,PLN
SO-2026-012817,1,2026-08-12,2026-08-12,PL-WAW-02,C023653,VM-NUT-0007,6,13.22,0.0,PLN
SO-2026-012818,1,2026-08-12,2026-08-12,PL-WAW-02,,VM-CMP-0015,1,936.55,0.1,PLN
SO-2026-012818,2,2026-08-12,2026-08-12,PL-WAW-02,,VM-EBK-0004,1,11279.43,0.0,PLN
SO-2026-012819,1,2026-08-12,2026-08-12,PL-KRK-01,,VM-ACC-0008,1,407.19,0.0,PLN
SO-2026-012819,2,2026-08-12,2026-08-12,PL-KRK-01,,VM-BIK-0012,1,12022.57,0.0,PLN
SO-2026-012820,1,2026-08-12,2026-08-12,PL-WRO-01,,VM-APP-0002,1,447.91,0.0,PLN
SO-2026-012821,1,2026-08-12,2026-08-12,PL-WRO-01,,VM-ACC-0018,2,50.89,0.0,PLN
SO-2026-012821,2,2026-08-12,2026-08-12,PL-WRO-01,,VM-APP-0010,2,173.05,0.0,PLN
SO-2026-012821,3,2026-08-12,2026-08-12,PL-WRO-01,,VM-ACC-0014,1,111.97,0.1,PLN
SO-2026-012821,4,2026-08-12,2026-08-12,PL-WRO-01,,VM-EBK-0010,1,13732.81,0.0,PLN
SO-2026-012822,1,2026-08-12,2026-08-12,PL-WRO-01,,vm-acc-0003,1,295.21,0.0,PLN
SO-2026-012822,2,2026-08-12,2026-08-12,PL-WRO-01,,VM-ACC-0007,1,366.47,0.0,PLN
SO-2026-012822,3,2026-08-12,2026-08-12,PL-WRO-01,,VM-BIK-0009,1,5741.51,0.0,PLN
SO-2026-012822,4,2026-08-12,2026-08-12,PL-WRO-01,,VM-APP-0010,2,173.05,0.0,PLN
SO-2026-012823,1,2026-08-12,2026-08-12,PL-WRO-01,C021775,VM-CMP-0017,2,508.99,0.0,PLN
SO-2026-012823,2,2026-08-12,2026-08-12,PL-WRO-01,C021775,VM-BIK-0003,1,6657.71,0.0,PLN
SO-2026-012824,1,2026-08-12,2026-08-12,PL-POZ-01,,VM-BIK-0003,1,6657.71,0.0,PLN
SO-2026-012825,1,2026-08-12,2026-08-12,PL-POZ-01,C008180,VM-APP-0012,1,885.65,0.0,PLN
SO-2026-012825,2,2026-08-12,2026-08-12,PL-POZ-01,C008180,VM-NUT-0004,13,7.12,0.0,PLN
SO-2026-012826,1,2026-08-12,2026-08-12,PL-POZ-01,C014328,VM-APP-0010,1,173.05,0.0,PLN
SO-2026-012827,1,2026-08-12,2026-08-12,PL-POZ-01,C023654,VM-APP-0012,1,885.65,0.0,PLN
SO-2026-012828,1,2026-08-12,2026-08-12,PL-LDZ-01,C011489,VM-APP-0010,1,173.05,0.05,PLN
SO-2026-012828,2,2026-08-12,2026-08-12,PL-LDZ-01,C011489,VM-ACC-0017,3,59.03,0.05,PLN
SO-2026-012829,1,2026-08-12,2026-08-12,PL-LDZ-01,C000511,VM-APP-0012,1,885.65,0.0,PLN
SO-2026-012830,1,2026-08-12,2026-08-16,PL-WEB-01,C021477,VM-ACC-0006,1,967.09,0.0,PLN
SO-2026-012830,2,2026-08-12,2026-08-16,PL-WEB-01,C021477,VM-EBK-0011,1,14903.51,0.0,PLN
SO-2026-012830,3,2026-08-12,2026-08-16,PL-WEB-01,C021477,VM-CMP-0012,2,549.71,0.0,PLN
SO-2026-012831,1,2026-08-12,2026-08-16,PL-WEB-01,C019721,VM-BIK-0008,5,5405.57,0.08,PLN
SO-2026-012832,1,2026-08-12,2026-08-13,PL-WEB-01,C023655,VM-ACC-0018,1,50.89,0.0,PLN
SO-2026-012832,2,2026-08-12,2026-08-13,PL-WEB-01,C023655,VM-EBK-0011,1,14903.51,0.0,PLN
SO-2026-012832,3,2026-08-12,2026-08-13,PL-WEB-01,C023655,VM-APP-0017,2,193.41,0.0,PLN
SO-2026-012832,4,2026-08-12,2026-08-13,PL-WEB-01,C023655,VM-CMP-0018,3,63.11,0.0,PLN
SO-2026-012833,1,2026-08-12,2026-08-14,PL-WEB-01,C018949,VM-ACC-0008,2,407.19,0.0,PLN
SO-2026-012833,2,2026-08-12,2026-08-14,PL-WEB-01,C018949,VM-NUT-0006,7,10.17,0.0,PLN
SO-2026-012833,3,2026-08-12,2026-08-14,PL-WEB-01,C018949,VM-BIK-0003,1,6657.71,0.0,PLN
SO-2026-012834,1,2026-08-12,2026-08-14,PL-WEB-01,C017846,VM-APP-0005,3,183.23,0.0,PLN
SO-2026-012834,2,2026-08-12,2026-08-14,PL-WEB-01,C017846,VM-CMP-0021,3,48.85,0.0,PLN
SO-2026-012834,3,2026-08-12,2026-08-14,PL-WEB-01,C017846,VM-ACC-0002,2,620.97,0.0,PLN
SO-2026-012835,1,2026-08-12,2026-08-14,PL-WEB-01,C022656,VM-CMP-0020,9,264.67,0.12,PLN
SO-2026-012835,2,2026-08-12,2026-08-14,PL-WEB-01,C022656,VM-ACC-0001,4,386.83,0.12,PLN
SO-2026-012836,1,2026-08-12,2026-08-14,PL-WEB-01,C015482,VM-BIK-0021,1,1272.49,0.0,PLN
SO-2026-012837,1,2026-08-12,2026-08-14,PL-WEB-01,C023656,VM-APP-0006,2,315.57,0.0,PLN
SO-2026-012838,1,2026-08-12,2026-08-13,PL-WEB-01,C020400,VM-ACC-0008,1,407.19,0.0,PLN
SO-2026-012838,2,2026-08-12,2026-08-13,PL-WEB-01,C020400,VM-APP-0010,2,173.05,0.0,PLN
SO-2026-012838,3,2026-08-12,2026-08-13,PL-WEB-01,C020400,VM-APP-0013,1,447.91,0.0,PLN
SO-2026-012839,1,2026-08-12,2026-08-15,PL-WEB-01,C006880,VM-BIK-0007,2,7176.89,0.12,PLN
SO-2026-012840,1,2026-08-12,2026-08-15,PL-WEB-01,C023657,VM-BIK-0007,1,7176.89,0.0,PLN
SO-2026-012841,1,2026-08-12,2026-08-15,PL-MKT-01,C023658,VM-ACC-0020,1,824.57,0.0,PLN
SO-2026-012842,1,2026-08-12,2026-08-16,PL-MKT-01,C023659,VM-ACC-0008,1,407.19,0.05,PLN
SO-2026-012843,1,2026-08-12,2026-08-15,PL-MKT-01,C021332,VM-NUT-0004,48,7.12,0.08,PLN
SO-2026-012844,1,2026-08-12,2026-08-14,PL-MKT-01,C013055,VM-CMP-0017,1,508.99,0.05,PLN
SO-2026-012844,2,2026-08-12,2026-08-14,PL-MKT-01,C013055,VM-EBK-0003,1,9253.61,0.05,PLN
SO-2026-012844,3,2026-08-12,2026-08-14,PL-MKT-01,C013055,VM-APP-0009,2,356.29,0.05,PLN
SO-2026-012845,1,2026-08-12,2026-08-16,PL-MKT-01,C023660,VM-NUT-0007,11,13.22,0.0,PLN
SO-2026-012845,2,2026-08-12,2026-08-16,PL-MKT-01,C023660,VM-BIK-0004,1,4346.85,0.0,PLN
SO-2026-012845,3,2026-08-12,2026-08-16,PL-MKT-01,C023660,VM-ACC-0006,1,967.09,0.1,PLN
SO-2026-012846,1,2026-08-12,2026-08-16,PL-MKT-01,C015197,VM-CMP-0004,2,732.95,0.0,PLN
SO-2026-012847,1,2026-08-12,2026-08-14,PL-MKT-01,C023661,VM-BIK-0021,1,1272.49,0.0,PLN
SO-2026-012847,2,2026-08-12,2026-08-14,PL-MKT-01,C023661,VM-ACC-0014,1,111.97,0.0,PLN
SO-2026-012847,3,2026-08-12,2026-08-14,PL-MKT-01,C023661,VM-CMP-0017,1,508.99,0.0,PLN
SO-2026-012847,4,2026-08-12,2026-08-14,PL-MKT-01,C023661,VM-BIK-0009,1,5741.51,0.0,PLN
SO-2026-012848,1,2026-08-12,2026-08-13,PL-MKT-01,C023662,VM-APP-0006,2,315.57,0.0,PLN
SO-2026-012849,1,2026-08-12,2026-08-16,PL-MKT-01,C023663,VM-ACC-0021,1,794.03,0.0,PLN
SO-2026-012849,2,2026-08-12,2026-08-16,PL-MKT-01,C023663,VM-CMP-0001,1,407.19,0.0,PLN
SO-2026-012850,1,2026-08-12,2026-08-15,PL-MKT-01,C021733,VM-ACC-0014,1,111.97,0.0,PLN
SO-2026-012851,1,2026-08-12,2026-08-14,PL-MKT-01,C014838,VM-EBK-0006,1,20502.51,0.0,PLN
SO-2026-012851,2,2026-08-12,2026-08-14,PL-MKT-01,C014838,VM-BIK-0020,1,1231.77,0.0,PLN
SO-2026-012851,3,2026-08-12,2026-08-14,PL-MKT-01,C014838, VM-ACC-0018 ,3,50.89,0.0,PLN
SO-2026-012851,4,2026-08-12,2026-08-14,PL-MKT-01,C014838,VM-ACC-0008,1,407.19,0.0,PLN
SO-2026-012852,1,2026-08-12,2026-08-15,PL-MKT-01,C011547,VM-APP-0005,2,183.23,0.08,PLN
SO-2026-012852,2,2026-08-12,2026-08-15,PL-MKT-01,C011547,VM-APP-0012,5,885.65,0.1,PLN
SO-2026-012853,1,2026-08-12,2026-08-13,PL-MKT-01,C023664,VM-APP-0008,2,162.87,0.0,PLN
SO-2026-012853,2,2026-08-12,2026-08-13,PL-MKT-01,C023664,VM-NUT-0008,12,10.17,0.0,PLN
SO-2026-012854,1,2026-08-12,2026-08-12,CZ-PRG-01,,VM-EBK-0003,1,53427.0,0.0,CZK
SO-2026-012855,1,2026-08-12,2026-08-12,CZ-PRG-01,,VM-BIK-0004,1,25097.0,0.0,CZK
SO-2026-012856,1,2026-08-12,2026-08-15,CZ-WEB-01,C020192,VM-ACC-0019,1,294.0,0.0,CZK
SO-2026-012857,1,2026-08-12,2026-08-13,CZ-WEB-01,C023665,VM-BIK-0014,1,22511.0,0.0,CZK
SO-2026-012858,1,2026-08-12,2026-08-15,CZ-WEB-01,C005143,VM-ACC-0021,1,4584.0,0.05,CZK
SO-2026-012858,2,2026-08-12,2026-08-15,CZ-WEB-01,C005143,VM-BIK-0009,1,33150.0,0.05,CZK
SO-2026-012858,3,2026-08-12,2026-08-15,CZ-WEB-01,C005143,VM-ACC-0022,1,9228.0,0.05,CZK
SO-2026-012858,4,2026-08-12,2026-08-15,CZ-WEB-01,C005143,VM-APP-0019,1,388.0,0.05,CZK
SO-2026-012859,1,2026-08-12,2026-08-13,CZ-WEB-01,C012554,VM-APP-0010,2,999.0,0.0,CZK
SO-2026-012859,2,2026-08-12,2026-08-13,CZ-WEB-01,C012554,VM-ACC-0008,1,2351.0,0.0,CZK
SO-2026-012859,3,2026-08-12,2026-08-13,CZ-WEB-01,C012554,VM-BIK-0011,1,50841.0,0.0,CZK
SO-2026-012859,4,2026-08-12,2026-08-13,CZ-WEB-01,C012554,VM-APP-0006,2,1822.0,0.0,CZK
SO-2026-012860,1,2026-08-12,2026-08-12,DE-BER-01,, VM-EBK-0010 ,1,3229.81,0.0,EUR
SO-2026-012861,1,2026-08-12,2026-08-12,DE-BER-01,,VM-ACC-0020,1,193.93,0.0,EUR
SO-2026-012861,2,2026-08-12,2026-08-12,DE-BER-01,,VM-APP-0008,2,38.31,0.0,EUR
SO-2026-012862,1,2026-08-12,2026-08-16,DE-WEB-01,C023666,VM-BIK-0004,1,1022.33,0.05,EUR
SO-2026-012862,2,2026-08-12,2026-08-16,DE-WEB-01,C023666,VM-ACC-0007,1,86.19,0.05,EUR
SO-2026-012863,1,2026-08-12,2026-08-13,DE-WEB-01,C021657,VM-NUT-0009,4,20.35,0.0,EUR
SO-2026-012864,1,2026-08-12,2026-08-13,DE-WEB-01,C018626,VM-APP-0007,1,38.31,0.0,EUR
SO-2026-012864,2,2026-08-12,2026-08-13,DE-WEB-01,C018626,VM-BIK-0013,1,1149.23,0.0,EUR
SO-2026-012865,1,2026-08-13,2026-08-13,PL-WAW-01,C023667,VM-BIK-0013,1,4886.39,0.05,PLN
SO-2026-012865,2,2026-08-13,2026-08-13,PL-WAW-01,C023667,VM-NUT-0009,3,86.52,0.05,PLN
SO-2026-012865,3,2026-08-13,2026-08-13,PL-WAW-01,C023667,VM-ACC-0008,2,407.19,0.05,PLN
SO-2026-012865,4,2026-08-13,2026-08-13,PL-WAW-01,C023667,VM-NUT-0001,8,9.15,0.05,PLN
SO-2026-012866,1,2026-08-13,2026-08-13,PL-WAW-01,,VM-CMP-0002,2,570.07,0.0,PLN
SO-2026-012866,2,2026-08-13,2026-08-13,PL-WAW-01,,VM-APP-0004,1,244.31,0.0,PLN
SO-2026-012867,1,2026-08-13,2026-08-13,PL-WAW-01,, VM-APP-0002 ,1,447.91,0.0,PLN
SO-2026-012868,1,2026-08-13,2026-08-13,PL-WAW-01,C018122,VM-BIK-0012,2,12022.57,0.1,PLN
SO-2026-012868,2,2026-08-13,2026-08-13,PL-WAW-01,C018122,VM-ACC-0008,4,407.19,0.1,PLN
SO-2026-012869,1,2026-08-13,2026-08-13,PL-WAW-01,C014643,VM-NUT-0011,2,54.96,0.1,PLN
SO-2026-012870,1,2026-08-13,2026-08-13,PL-WAW-01,,VM-CMP-0005,1,1506.63,0.0,PLN
SO-2026-012870,2,2026-08-13,2026-08-13,PL-WAW-01,,VM-CMP-0013,1,539.53,0.0,PLN
SO-2026-012871,1,2026-08-13,2026-08-13,PL-WAW-01,C009229,VM-NUT-0001,12,9.15,0.05,PLN
SO-2026-012871,2,2026-08-13,2026-08-13,PL-WAW-01,C009229,VM-ACC-0013,1,173.05,0.05,PLN
SO-2026-012871,3,2026-08-13,2026-08-13,PL-WAW-01,C009229,VM-ACC-0010,2,254.49,0.05,PLN
SO-2026-012872,1,2026-08-13,2026-08-13,PL-WAW-02,C010958,VM-BIK-0012,1,12022.57,0.0,PLN
SO-2026-012873,1,2026-08-13,2026-08-13,PL-WAW-02,C023668,VM-NUT-0008,10,10.17,0.0,PLN
SO-2026-012873,2,2026-08-13,2026-08-13,PL-WAW-02,C023668,VM-NUT-0004,6,7.12,0.0,PLN
SO-2026-012874,1,2026-08-13,2026-08-13,PL-KRK-01,,VM-ACC-0015,1,356.29,0.0,PLN
SO-2026-012874,2,2026-08-13,2026-08-13,PL-KRK-01,,VM-EBK-0011,1,14903.51,0.0,PLN
SO-2026-012874,3,2026-08-13,2026-08-13,PL-KRK-01,,VM-ACC-0003,1,295.21,0.0,PLN
SO-2026-012875,1,2026-08-13,2026-08-13,PL-WRO-01,C018512,VM-BIK-0013,4,4886.39,0.12,PLN
SO-2026-012876,1,2026-08-13,2026-08-13,PL-WRO-01,,vm-cmp-0009,2,356.29,0.0,PLN
SO-2026-012876,2,2026-08-13,2026-08-13,PL-WRO-01,,VM-BIK-0021,1,1272.49,0.0,PLN
SO-2026-012876,3,2026-08-13,2026-08-13,PL-WRO-01,,VM-EBK-0011,1,14903.51,0.0,PLN
SO-2026-012877,1,2026-08-13,2026-08-13,PL-WRO-01,C019057,VM-CMP-0003,1,244.31,0.0,PLN
SO-2026-012877,2,2026-08-13,2026-08-13,PL-WRO-01,C019057,VM-EBK-0009,1,10088.37,0.0,PLN
SO-2026-012877,3,2026-08-13,2026-08-13,PL-WRO-01,C019057,VM-NUT-0002,8,15.26,0.0,PLN
SO-2026-012878,1,2026-08-13,2026-08-13,PL-WRO-01,,VM-ACC-0007,1,366.47,0.05,PLN
SO-2026-012879,1,2026-08-13,2026-08-13,PL-GDN-01,C007722,VM-BIK-0020,1,1231.77,0.05,PLN
SO-2026-012880,1,2026-08-13,2026-08-13,PL-GDN-01,,VM-EBK-0005,1,17764.09,0.0,PLN
SO-2026-012880,2,2026-08-13,2026-08-13,PL-GDN-01,,VM-APP-0006,2,315.57,0.0,PLN
SO-2026-012880,3,2026-08-13,2026-08-13,PL-GDN-01,,VM-ACC-0018,3,50.89,0.0,PLN
SO-2026-012880,4,2026-08-13,2026-08-13,PL-GDN-01,,VM-APP-0002,2,447.91,0.0,PLN
SO-2026-012881,1,2026-08-13,2026-08-13,PL-GDN-01,C023669,VM-EBK-0005,1,17764.09,0.0,PLN
SO-2026-012882,1,2026-08-13,2026-08-13,PL-LDZ-01,C023670,VM-APP-0019,2,67.18,0.0,PLN
SO-2026-012882,2,2026-08-13,2026-08-13,PL-LDZ-01,C023670,VM-CMP-0006,2,203.59,0.0,PLN
SO-2026-012883,1,2026-08-13,2026-08-17,PL-WEB-01,C023340,VM-ACC-0009,1,407.19,0.0,PLN
SO-2026-012884,1,2026-08-13,2026-08-16,PL-WEB-01,C023671,VM-CMP-0021,2,48.85,0.0,PLN
SO-2026-012884,2,2026-08-13,2026-08-16,PL-WEB-01,C023671,VM-BIK-0011,1,8805.69,0.0,PLN
SO-2026-012884,3,2026-08-13,2026-08-16,PL-WEB-01,C023671,VM-EBK-0007,1,14964.59,0.0,PLN
SO-2026-012885,1,2026-08-13,2026-08-15,PL-WEB-01,C023672,VM-BIK-0012,1,12022.57,0.0,PLN
SO-2026-012886,1,2026-08-13,2026-08-15,PL-WEB-01,C018907,VM-ACC-0008,2,407.19,0.0,PLN
SO-2026-012887,1,2026-08-13,2026-08-17,PL-WEB-01,C023673,VM-BIK-0012,1,12022.57,0.0,PLN
SO-2026-012887,2,2026-08-13,2026-08-17,PL-WEB-01,C023673,VM-ACC-0008,2,407.19,0.0,PLN
SO-2026-012888,1,2026-08-13,2026-08-16,PL-WEB-01,C020169,VM-APP-0013,3,447.91,0.1,PLN
SO-2026-012888,2,2026-08-13,2026-08-16,PL-WEB-01,C020169,VM-NUT-0003,15,11.19,0.1,PLN
SO-2026-012889,1,2026-08-13,2026-08-14,PL-WEB-01,C022246,VM-APP-0020,2,183.23,0.0,PLN
SO-2026-012890,1,2026-08-13,2026-08-15,PL-WEB-01,C014150,VM-ACC-0016,1,29.51,0.0,PLN
SO-2026-012890,2,2026-08-13,2026-08-15,PL-WEB-01,C014150,VM-CMP-0020,4,264.67,0.0,PLN
SO-2026-012891,1,2026-08-13,2026-08-14,PL-WEB-01,C023674,VM-BIK-0012,1,12022.57,0.05,PLN
SO-2026-012892,1,2026-08-13,2026-08-15,PL-WEB-01,C018953,VM-CMP-0003,1,244.31,0.0,PLN
SO-2026-012892,2,2026-08-13,2026-08-15,PL-WEB-01,C018953,VM-EBK-0004,1,11279.43,0.0,PLN
SO-2026-012892,3,2026-08-13,2026-08-15,PL-WEB-01,C018953,VM-EBK-0003,1,9253.61,0.0,PLN
SO-2026-012893,1,2026-08-13,2026-08-14,PL-WEB-01,C023675,VM-BIK-0011,1,8805.69,0.0,PLN
SO-2026-012894,1,2026-08-13,2026-08-14,PL-WEB-01,C023676,VM-EBK-0004,1,11279.43,0.0,PLN
SO-2026-012895,1,2026-08-13,2026-08-14,PL-MKT-01,C022513,VM-BIK-0012,1,12022.57,0.0,PLN
SO-2026-012896,1,2026-08-13,2026-08-15,PL-MKT-01,C018353,VM-ACC-0018,1,50.89,0.0,PLN
SO-2026-012896,2,2026-08-13,2026-08-15,PL-MKT-01,C018353,VM-BIK-0022,1,1425.19,0.0,PLN
SO-2026-012897,1,2026-08-13,2026-08-16,PL-MKT-01,C011339,VM-EBK-0003,1,9253.61,0.0,PLN
SO-2026-012898,1,2026-08-13,2026-08-14,PL-MKT-01,C023018, VM-CMP-0017 ,1,508.99,0.0,PLN
SO-2026-012898,2,2026-08-13,2026-08-14,PL-MKT-01,C023018,VM-NUT-0004,15,7.12,0.0,PLN
SO-2026-012899,1,2026-08-13,2026-08-17,PL-MKT-01,C023677,VM-BIK-0004,1,4346.85,0.0,PLN
SO-2026-012900,1,2026-08-13,2026-08-13,CZ-PRG-01,C008976,VM-ACC-0002,1,3585.0,0.05,CZK
SO-2026-012901,1,2026-08-13,2026-08-13,CZ-BRN-01,C023678,VM-NUT-0008,11,59.0,0.0,CZK
SO-2026-012902,1,2026-08-13,2026-08-13,CZ-BRN-01,C020140,VM-APP-0012,1,5113.0,0.0,CZK
SO-2026-012902,2,2026-08-13,2026-08-13,CZ-BRN-01,C020140,VM-ACC-0008,1,2351.0,0.0,CZK
SO-2026-012902,3,2026-08-13,2026-08-13,CZ-BRN-01,C020140,VM-BIK-0009,1,33150.0,0.0,CZK
SO-2026-012903,1,2026-08-13,2026-08-13,CZ-BRN-01,C021352,VM-APP-0002,3,2586.0,0.0,CZK
SO-2026-012903,2,2026-08-13,2026-08-13,CZ-BRN-01,C021352,VM-NUT-0001,9,53.0,0.0,CZK
SO-2026-012904,1,2026-08-13,2026-08-13,CZ-BRN-01,C015703,VM-APP-0013,1,2586.0,0.05,CZK
SO-2026-012905,1,2026-08-13,2026-08-16,CZ-WEB-01,C020233,VM-EBK-0007,1,86401.0,0.0,CZK
SO-2026-012906,1,2026-08-13,2026-08-13,DE-BER-01,C023679,VM-BIK-0017,1,457.29,0.0,EUR
SO-2026-012907,1,2026-08-13,2026-08-14,DE-WEB-01,C023680,VM-BIK-0012,1,2827.58,0.0,EUR
SO-2026-012907,2,2026-08-13,2026-08-14,DE-WEB-01,C023680,VM-ACC-0020,1,193.93,0.0,EUR
SO-2026-012908,1,2026-08-13,2026-08-17,DE-WEB-01,C023681,VM-NUT-0004,14,1.67,0.0,EUR
SO-2026-012908,2,2026-08-13,2026-08-17,DE-WEB-01,C023681,VM-EBK-0008,1,3615.28,0.0,EUR
SO-2026-012909,1,2026-08-14,2026-08-14,PL-WAW-01,C023682,VM-BIK-0021,1,1272.49,0.0,PLN
SO-2026-012909,2,2026-08-14,2026-08-14,PL-WAW-01,C023682,vm-acc-0015,1,356.29,0.0,PLN
SO-2026-012910,1,2026-08-14,2026-08-14,PL-WAW-01,C021435,VM-ACC-0019,1,50.89,0.0,PLN
SO-2026-012911,1,2026-08-14,2026-08-14,PL-WAW-01,,VM-APP-0006,3,315.57,0.0,PLN
SO-2026-012912,1,2026-08-14,2026-08-14,PL-WAW-02,, VM-NUT-0009 ,2,86.52,0.0,PLN
SO-2026-012913,1,2026-08-14,2026-08-14,PL-KRK-01,C023020,VM-EBK-0006,1,20502.51,0.0,PLN
SO-2026-012913,2,2026-08-14,2026-08-14,PL-KRK-01,C023020,VM-NUT-0006,7,10.17,0.0,PLN
SO-2026-012914,1,2026-08-14,2026-08-14,PL-KRK-01,C023683,VM-CMP-0008,1,447.91,0.0,PLN
SO-2026-012914,2,2026-08-14,2026-08-14,PL-KRK-01,C023683,VM-ACC-0014,1,111.97,0.0,PLN
SO-2026-012915,1,2026-08-14,2026-08-14,PL-KRK-01,,VM-APP-0002,1,447.91,0.0,PLN
SO-2026-012916,1,2026-08-14,2026-08-14,PL-KRK-01,,VM-ACC-0008,2,407.19,0.0,PLN
SO-2026-012916,2,2026-08-14,2026-08-14,PL-KRK-01,,vm-nut-0002,15,15.26,0.0,PLN
SO-2026-012916,3,2026-08-14,2026-08-14,PL-KRK-01,,VM-CMP-0005,2,1506.63,0.0,PLN
SO-2026-012917,1,2026-08-14,2026-08-14,PL-WRO-01,C023684,VM-CMP-0015,8,936.55,0.12,PLN
SO-2026-012917,2,2026-08-14,2026-08-14,PL-WRO-01,C023684,VM-CMP-0019,12,213.77,0.08,PLN
SO-2026-012917,3,2026-08-14,2026-08-14,PL-WRO-01,C023684,VM-CMP-0009,3,356.29,0.12,PLN
SO-2026-012918,1,2026-08-14,2026-08-14,PL-WRO-01,C023685,VM-NUT-0003,4,11.19,0.0,PLN
SO-2026-012919,1,2026-08-14,2026-08-14,PL-WRO-01,,VM-APP-0017,1,193.41,0.0,PLN
SO-2026-012919,2,2026-08-14,2026-08-14,PL-WRO-01,,VM-ACC-0003,1,295.21,0.0,PLN
SO-2026-012920,1,2026-08-14,2026-08-14,PL-GDN-01,C010146,VM-EBK-0004,1,11279.43,0.1,PLN
SO-2026-012920,2,2026-08-14,2026-08-14,PL-GDN-01,C010146,VM-ACC-0008,2,407.19,0.0,PLN
SO-2026-012921,1,2026-08-14,2026-08-14,PL-GDN-01,C016185,VM-APP-0017,1,193.41,0.05,PLN
SO-2026-012922,1,2026-08-14,2026-08-14,PL-GDN-01,C012085,VM-ACC-0008,1,407.19,0.0,PLN
SO-2026-012922,2,2026-08-14,2026-08-14,PL-GDN-01,C012085,VM-ACC-0014,1,111.97,0.0,PLN
SO-2026-012923,1,2026-08-14,2026-08-14,PL-POZ-01,C023686,VM-BIK-0020,1,1231.77,0.0,PLN
SO-2026-012923,2,2026-08-14,2026-08-14,PL-POZ-01,C023686,VM-ACC-0008,1,407.19,0.0,PLN
SO-2026-012924,1,2026-08-14,2026-08-14,PL-LDZ-01,,VM-NUT-0004,15,7.12,0.0,PLN
SO-2026-012925,1,2026-08-14,2026-08-14,PL-LDZ-01,C023687,VM-CMP-0008,2,447.91,0.0,PLN
SO-2026-012926,1,2026-08-14,2026-08-14,PL-LDZ-01,C023688,VM-ACC-0008,1,407.19,0.0,PLN
SO-2026-012926,2,2026-08-14,2026-08-14,PL-LDZ-01,C023688,VM-ACC-0014,1,111.97,0.0,PLN
SO-2026-012927,1,2026-08-14,2026-08-18,PL-WEB-01,C023689,VM-CMP-0019,2,213.77,0.05,PLN
SO-2026-012927,2,2026-08-14,2026-08-18,PL-WEB-01,C023689,VM-APP-0003,1,315.57,0.0,PLN
SO-2026-012928,1,2026-08-14,2026-08-17,PL-WEB-01,C023690,VM-CMP-0006,2,203.59,0.05,PLN
SO-2026-012929,1,2026-08-14,2026-08-18,PL-WEB-01,C023691,VM-BIK-0020,1,1231.77,0.0,PLN
SO-2026-012929,2,2026-08-14,2026-08-18,PL-WEB-01,C023691,VM-ACC-0020,1,824.57,0.0,PLN
SO-2026-012929,3,2026-08-14,2026-08-18,PL-WEB-01,C023691,VM-ACC-0007,1,366.47,0.0,PLN
SO-2026-012930,1,2026-08-14,2026-08-16,PL-WEB-01,C023692,VM-ACC-0003,1,295.21,0.0,PLN
SO-2026-012931,1,2026-08-14,2026-08-18,PL-WEB-01,C023693,VM-BIK-0009,1,5741.51,0.0,PLN
SO-2026-012931,2,2026-08-14,2026-08-18,PL-WEB-01,C023693,VM-ACC-0007,2,366.47,0.1,PLN
SO-2026-012931,3,2026-08-14,2026-08-18,PL-WEB-01,C023693,VM-ACC-0014,1,111.97,0.0,PLN
SO-2026-012932,1,2026-08-14,2026-08-18,PL-WEB-01,C023694,VM-APP-0008,2,162.87,0.0,PLN
SO-2026-012933,1,2026-08-14,2026-08-15,PL-WEB-01,C023098,VM-ACC-0019,1,50.89,0.0,PLN
SO-2026-012934,1,2026-08-14,2026-08-18,PL-WEB-01,C021074,VM-NUT-0004,11,7.12,0.0,PLN
SO-2026-012935,1,2026-08-14,2026-08-16,PL-WEB-01,C023695,VM-CMP-0011,1,162.87,0.05,PLN
SO-2026-012935,2,2026-08-14,2026-08-16,PL-WEB-01,C023695,VM-APP-0008,1,162.87,0.05,PLN
SO-2026-012935,3,2026-08-14,2026-08-16,PL-WEB-01,C023695,VM-CMP-0005,2,1506.63,0.05,PLN
SO-2026-012936,1,2026-08-14,2026-08-18,PL-WEB-01,C014819,VM-BIK-0007,1,7176.89,0.0,PLN
SO-2026-012936,2,2026-08-14,2026-08-18,PL-WEB-01,C014819,VM-ACC-0015,1,356.29,0.0,PLN
SO-2026-012937,1,2026-08-14,2026-08-15,PL-MKT-01,C023696,VM-BIK-0004,1,4346.85,0.0,PLN
SO-2026-012937,2,2026-08-14,2026-08-15,PL-MKT-01,C023696,VM-NUT-0001,15,9.15,0.0,PLN
SO-2026-012938,1,2026-08-14,2026-08-15,PL-MKT-01,C023697,VM-BIK-0001,1,13936.41,0.0,PLN
SO-2026-012939,1,2026-08-14,2026-08-18,PL-MKT-01,C019367,VM-ACC-0002,2,620.97,0.0,PLN
SO-2026-012939,2,2026-08-14,2026-08-18,PL-MKT-01,C019367,VM-CMP-0002,1,570.07,0.0,PLN
SO-2026-012939,3,2026-08-14,2026-08-18,PL-MKT-01,C019367,VM-BIK-0017,1,1944.37,0.0,PLN
SO-2026-012940,1,2026-08-14,2026-08-17,PL-MKT-01,C023698,VM-CMP-0019,3,213.77,0.0,PLN
SO-2026-012941,1,2026-08-14,2026-08-16,PL-MKT-01,C017699,VM-APP-0007,2,162.87,0.05,PLN
SO-2026-012942,1,2026-08-14,2026-08-14,CZ-PRG-01,C023699,VM-NUT-0008,7,59.0,0.0,CZK
SO-2026-012943,1,2026-08-14,2026-08-14,CZ-PRG-01,C020693,VM-BIK-0001,1,80464.0,0.0,CZK
SO-2026-012943,2,2026-08-14,2026-08-14,CZ-PRG-01,C020693,VM-CMP-0004,2,4232.0,0.0,CZK
SO-2026-012944,1,2026-08-14,2026-08-14,CZ-PRG-01,C019982,VM-BIK-0015,1,18162.0,0.0,CZK
SO-2026-012945,1,2026-08-14,2026-08-14,CZ-PRG-01,,VM-ACC-0019,1,294.0,0.0,CZK
SO-2026-012946,1,2026-08-14,2026-08-14,CZ-BRN-01,C018595,VM-ACC-0004,1,4584.0,0.05,CZK
SO-2026-012946,2,2026-08-14,2026-08-14,CZ-BRN-01,C018595,VM-NUT-0006,12,59.0,0.05,CZK
SO-2026-012946,3,2026-08-14,2026-08-14,CZ-BRN-01,C018595,VM-CMP-0006,2,1175.0,0.05,CZK
SO-2026-012947,1,2026-08-14,2026-08-14,CZ-BRN-01,,VM-BIK-0001,1,80464.0,0.0,CZK
SO-2026-012947,2,2026-08-14,2026-08-14,CZ-BRN-01,,VM-ACC-0008,1,2351.0,0.0,CZK
SO-2026-012948,1,2026-08-14,2026-08-15,CZ-WEB-01,C023700,VM-ACC-0014,1,646.0,0.0,CZK
SO-2026-012948,2,2026-08-14,2026-08-15,CZ-WEB-01,C023700,VM-ACC-0008,2,2351.0,0.0,CZK
SO-2026-012948,3,2026-08-14,2026-08-15,CZ-WEB-01,C023700,VM-NUT-0006,10,59.0,0.0,CZK
SO-2026-012949,1,2026-08-14,2026-08-18,CZ-WEB-01,C023701,VM-BIK-0007,1,41437.0,0.0,CZK
SO-2026-012949,2,2026-08-14,2026-08-18,CZ-WEB-01,C023701,VM-ACC-0011,2,423.0,0.0,CZK
SO-2026-012950,1,2026-08-14,2026-08-16,CZ-WEB-01,C023702,VM-BIK-0012,1,69414.0,0.0,CZK
SO-2026-012951,1,2026-08-14,2026-08-16,CZ-WEB-01,C020920,VM-ACC-0008,8,2351.0,0.1,CZK
SO-2026-012952,1,2026-08-14,2026-08-18,CZ-WEB-01,C023479,VM-EBK-0007,1,86401.0,0.05,CZK
SO-2026-012953,1,2026-08-14,2026-08-17,CZ-WEB-01,C015931,VM-EBK-0011,1,86048.0,0.0,CZK
SO-2026-012954,1,2026-08-14,2026-08-14,DE-BER-01,C023703,VM-CMP-0016,1,588.98,0.05,EUR
SO-2026-012955,1,2026-08-14,2026-08-14,DE-BER-01,C015131,vm-ebk-0003,1,2176.35,0.0,EUR
SO-2026-012955,2,2026-08-14,2026-08-14,DE-BER-01,C015131,VM-ACC-0008,2,95.77,0.0,EUR
SO-2026-012956,1,2026-08-14,2026-08-15,DE-WEB-01,C017962,VM-ACC-0014,1,26.33,0.05,EUR
SO-2026-012956,2,2026-08-14,2026-08-15,DE-WEB-01,C017962,VM-ACC-0008,1,95.77,0.05,EUR
SO-2026-012956,3,2026-08-14,2026-08-15,DE-WEB-01,C017962,vm-app-0005,1,43.09,0.05,EUR
SO-2026-012957,1,2026-08-14,2026-08-18,DE-WEB-01,C002751,VM-BIK-0019,1,289.7,0.05,EUR
SO-2026-012958,1,2026-08-14,2026-08-15,DE-WEB-01,C018360,VM-NUT-0004,6,1.67,0.05,EUR
SO-2026-012959,1,2026-08-14,2026-08-15,DE-WEB-01,C023704,VM-ACC-0008,1,95.77,0.0,EUR
SO-2026-012959,2,2026-08-14,2026-08-15,DE-WEB-01,C023704,VM-CMP-0012,2,129.29,0.0,EUR
SO-2026-012960,1,2026-08-14,2026-08-15,DE-WEB-01,C023666,VM-NUT-0008,7,2.39,0.05,EUR
SO-2026-012960,2,2026-08-14,2026-08-15,DE-WEB-01,C023666,VM-CMP-0017,2,119.71,0.05,EUR
SO-2026-012960,3,2026-08-14,2026-08-15,DE-WEB-01,C023666,VM-CMP-0015,2,220.27,0.05,EUR
SO-2026-012961,1,2026-08-14,2026-08-18,DE-WEB-01,C023705,VM-EBK-0004,1,2652.8,0.0,EUR
SO-2026-012961,2,2026-08-14,2026-08-18,DE-WEB-01,C023705,VM-CMP-0013,1,126.89,0.0,EUR
SO-2026-012962,1,2026-08-14,2026-08-17,DE-WEB-01,C010458,VM-NUT-0004,4,1.67,0.05,EUR
SO-2026-012963,1,2026-08-15,2026-08-15,PL-WAW-01,C023706,VM-APP-0006,3,315.57,0.0,PLN
SO-2026-012964,1,2026-08-15,2026-08-15,PL-WAW-01,C013573,VM-NUT-0006,9,10.17,0.0,PLN
SO-2026-012964,2,2026-08-15,2026-08-15,PL-WAW-01,C013573,VM-BIK-0019,1,1231.77,0.0,PLN
SO-2026-012964,3,2026-08-15,2026-08-15,PL-WAW-01,C013573,VM-EBK-0008,1,15371.79,0.0,PLN
SO-2026-012965,1,2026-08-15,2026-08-15,PL-WAW-01,,VM-APP-0006,3,315.57,0.0,PLN
SO-2026-012966,1,2026-08-15,2026-08-15,PL-WAW-01,C004281,VM-ACC-0014,1,111.97,0.0,PLN
SO-2026-012966,2,2026-08-15,2026-08-15,PL-WAW-01,C004281,VM-CMP-0020,2,264.67,0.0,PLN
SO-2026-012967,1,2026-08-15,2026-08-15,PL-WAW-01,C022777,VM-BIK-0012,1,12022.57,0.0,PLN
SO-2026-012968,1,2026-08-15,2026-08-15,PL-WAW-01,,VM-NUT-0011,3,54.96,0.05,PLN
SO-2026-012969,1,2026-08-15,2026-08-15,PL-WAW-01,C019159,VM-CMP-0021,3,48.85,0.05,PLN
SO-2026-012969,2,2026-08-15,2026-08-15,PL-WAW-01,C019159,VM-CMP-0006,2,203.59,0.05,PLN
SO-2026-012970,1,2026-08-15,2026-08-15,PL-WAW-01,C008882,VM-ACC-0008,2,407.19,0.0,PLN
SO-2026-012970,2,2026-08-15,2026-08-15,PL-WAW-01,C008882,VM-BIK-0007,1,7176.89,0.0,PLN
SO-2026-012971,1,2026-08-15,2026-08-15,PL-WAW-01,C021579,VM-APP-0010,2,173.05,0.0,PLN
SO-2026-012971,2,2026-08-15,2026-08-15,PL-WAW-01,C021579,VM-EBK-0004,1,11279.43,0.0,PLN
SO-2026-012972,1,2026-08-15,2026-08-15,PL-WAW-01,C017293,VM-ACC-0013,1,173.05,0.0,PLN
SO-2026-012973,1,2026-08-15,2026-08-15,PL-WAW-02,C023707,VM-NUT-0008,30,10.17,0.1,PLN
SO-2026-012973,2,2026-08-15,2026-08-15,PL-WAW-02,C023707,VM-NUT-0009,2,86.52,0.1,PLN
SO-2026-012973,3,2026-08-15,2026-08-15,PL-WAW-02,C023707,VM-BIK-0007,2,7176.89,0.12,PLN
SO-2026-012974,1,2026-08-15,2026-08-15,PL-WAW-02,,VM-NUT-0006,9,10.17,0.0,PLN
SO-2026-012974,2,2026-08-15,2026-08-15,PL-WAW-02,,VM-ACC-0010,2,254.49,0.0,PLN
SO-2026-012975,1,2026-08-15,2026-08-15,PL-WAW-02,C014200,VM-NUT-0004,5,7.12,0.0,PLN
SO-2026-012976,1,2026-08-15,2026-08-15,PL-WAW-02,,VM-BIK-0007,1,7176.89,0.0,PLN
SO-2026-012976,2,2026-08-15,2026-08-15,PL-WAW-02,,VM-APP-0002,3,447.91,0.0,PLN
SO-2026-012976,3,2026-08-15,2026-08-15,PL-WAW-02,,VM-NUT-0004,11,7.12,0.0,PLN
SO-2026-012977,1,2026-08-15,2026-08-15,PL-KRK-01,C016823,VM-APP-0006,2,315.57,0.05,PLN
SO-2026-012978,1,2026-08-15,2026-08-15,PL-KRK-01,C017248,vm-acc-0021,1,794.03,0.0,PLN
SO-2026-012979,1,2026-08-15,2026-08-15,PL-KRK-01,,VM-ACC-0020,1,824.57,0.0,PLN
SO-2026-012980,1,2026-08-15,2026-08-15,PL-KRK-01,C023708,VM-ACC-0007,2,366.47,0.0,PLN
SO-2026-012980,2,2026-08-15,2026-08-15,PL-KRK-01,C023708,vm-bik-0005,1,7543.37,0.0,PLN
SO-2026-012981,1,2026-08-15,2026-08-15,PL-KRK-01,,VM-CMP-0020,1,264.67,0.0,PLN
SO-2026-012981,2,2026-08-15,2026-08-15,PL-KRK-01,,VM-ACC-0018,3,50.89,0.0,PLN
SO-2026-012982,1,2026-08-15,2026-08-15,PL-WRO-01,,VM-CMP-0022,2,36.64,0.0,PLN
SO-2026-012982,2,2026-08-15,2026-08-15,PL-WRO-01,,VM-BIK-0012,1,12022.57,0.0,PLN
SO-2026-012982,3,2026-08-15,2026-08-15,PL-WRO-01,,VM-APP-0007,1,162.87,0.0,PLN
SO-2026-012983,1,2026-08-15,2026-08-15,PL-WRO-01,C023709,VM-APP-0006,2,315.57,0.0,PLN
SO-2026-012984,1,2026-08-15,2026-08-15,PL-WRO-01,C023710,VM-CMP-0005,1,1506.63,0.0,PLN
SO-2026-012985,1,2026-08-15,2026-08-15,PL-WRO-01,C020697, VM-ACC-0011 ,1,73.29,0.0,PLN
SO-2026-012986,1,2026-08-15,2026-08-15,PL-WRO-01,,VM-CMP-0002,1,570.07,0.0,PLN
SO-2026-012987,1,2026-08-15,2026-08-15,PL-WRO-01,C017556,VM-CMP-0005,2,1506.63,0.0,PLN
SO-2026-012988,1,2026-08-15,2026-08-15,PL-WRO-01,C017311,VM-APP-0012,1,885.65,0.0,PLN
SO-2026-012989,1,2026-08-15,2026-08-15,PL-GDN-01,C023711,VM-CMP-0017,1,508.99,0.05,PLN
SO-2026-012989,2,2026-08-15,2026-08-15,PL-GDN-01,C023711,VM-CMP-0002,2,570.07,0.05,PLN
SO-2026-012989,3,2026-08-15,2026-08-15,PL-GDN-01,C023711,VM-APP-0019,2,67.18,0.05,PLN
SO-2026-012990,1,2026-08-15,2026-08-15,PL-GDN-01,C015767,VM-EBK-0007,1,14964.59,0.0,PLN
SO-2026-012990,2,2026-08-15,2026-08-15,PL-GDN-01,C015767,VM-NUT-0011,4,54.96,0.0,PLN
SO-2026-012990,3,2026-08-15,2026-08-15,PL-GDN-01,C015767,VM-ACC-0019,3,50.89,0.0,PLN
SO-2026-012990,4,2026-08-15,2026-08-15,PL-GDN-01,C015767,VM-NUT-0009,4,86.52,0.0,PLN
SO-2026-012991,1,2026-08-15,2026-08-15,PL-GDN-01,,VM-ACC-0013,1,173.05,0.0,PLN
SO-2026-012992,1,2026-08-15,2026-08-15,PL-GDN-01,C012882,VM-APP-0019,1,67.18,0.0,PLN
SO-2026-012992,2,2026-08-15,2026-08-15,PL-GDN-01,C012882,VM-NUT-0004,11,7.12,0.0,PLN
SO-2026-012993,1,2026-08-15,2026-08-15,PL-GDN-01,,VM-BIK-0001,1,13936.41,0.0,PLN
SO-2026-012994,1,2026-08-15,2026-08-15,PL-POZ-01,C021291,VM-CMP-0017,2,508.99,0.0,PLN
SO-2026-012995,1,2026-08-15,2026-08-15,PL-POZ-01,C000476,VM-EBK-0004,1,11279.43,0.0,PLN
SO-2026-012995,2,2026-08-15,2026-08-15,PL-POZ-01,C000476,VM-ACC-0008,2,407.19,0.0,PLN
SO-2026-012996,1,2026-08-15,2026-08-15,PL-POZ-01,,VM-NUT-0008,11,10.17,0.0,PLN
SO-2026-012997,1,2026-08-15,2026-08-15,PL-LDZ-01,C023712,VM-EBK-0004,1,11279.43,0.0,PLN
SO-2026-012998,1,2026-08-15,2026-08-15,PL-LDZ-01,,VM-CMP-0015,2,936.55,0.0,PLN
SO-2026-012998,2,2026-08-15,2026-08-15,PL-LDZ-01,,VM-ACC-0008,1,407.19,0.0,PLN
SO-2026-012999,1,2026-08-15,2026-08-15,PL-LDZ-01,C017633,VM-BIK-0020,1,1231.77,0.1,PLN
SO-2026-013000,1,2026-08-15,2026-08-15,PL-LDZ-01,C023713,VM-ACC-0008,2,407.19,0.0,PLN
SO-2026-013000,2,2026-08-15,2026-08-15,PL-LDZ-01,C023713,VM-CMP-0013,2,539.53,0.0,PLN
SO-2026-013001,1,2026-08-15,2026-08-19,PL-WEB-01,C023714,VM-APP-0013,1,447.91,0.0,PLN
SO-2026-013002,1,2026-08-15,2026-08-16,PL-WEB-01,C023715,VM-APP-0020,2,183.23,0.0,PLN
SO-2026-013002,2,2026-08-15,2026-08-16,PL-WEB-01,C023715,VM-CMP-0015,2,936.55,0.0,PLN
SO-2026-013002,3,2026-08-15,2026-08-16,PL-WEB-01,C023715,VM-CMP-0014,2,437.73,0.0,PLN
SO-2026-013003,1,2026-08-15,2026-08-19,PL-WEB-01,C023716,VM-APP-0015,1,580.25,0.0,PLN
SO-2026-013003,2,2026-08-15,2026-08-19,PL-WEB-01,C023716,VM-BIK-0007,1,7176.89,0.0,PLN
SO-2026-013004,1,2026-08-15,2026-08-16,PL-WEB-01,C023717,VM-BIK-0022,1,1425.19,0.0,PLN
SO-2026-013005,1,2026-08-15,2026-08-16,PL-WEB-01,C022551,VM-EBK-0002,1,10129.09,0.0,PLN
SO-2026-013006,1,2026-08-15,2026-08-18,PL-WEB-01,C017743,VM-EBK-0011,1,14903.51,0.05,PLN
SO-2026-013006,2,2026-08-15,2026-08-18,PL-WEB-01,C017743,VM-APP-0002,1,447.91,0.05,PLN
SO-2026-013007,1,2026-08-15,2026-08-19,PL-WEB-01,C023718,VM-ACC-0008,1,407.19,0.0,PLN
SO-2026-013007,2,2026-08-15,2026-08-19,PL-WEB-01,C023718,VM-EBK-0009,1,10088.37,0.0,PLN
SO-2026-013007,3,2026-08-15,2026-08-19,PL-WEB-01,C023718,VM-NUT-0003,10,11.19,0.0,PLN
SO-2026-013008,1,2026-08-15,2026-08-19,PL-WEB-01,C023719,VM-BIK-0001,1,13936.41,0.0,PLN
SO-2026-013008,2,2026-08-15,2026-08-19,PL-WEB-01,C023719,VM-ACC-0003,1,295.21,0.0,PLN
SO-2026-013008,3,2026-08-15,2026-08-19,PL-WEB-01,C023719,VM-ACC-0004,2,794.03,0.0,PLN
SO-2026-013009,1,2026-08-15,2026-08-18,PL-WEB-01,C015920,VM-NUT-0004,13,7.12,0.0,PLN
SO-2026-013010,1,2026-08-15,2026-08-16,PL-WEB-01,C017584,VM-CMP-0017,2,508.99,0.0,PLN
SO-2026-013011,1,2026-08-15,2026-08-16,PL-MKT-01,C004528,VM-CMP-0013,2,539.53,0.0,PLN
SO-2026-013012,1,2026-08-15,2026-08-19,PL-MKT-01,C023720,VM-BIK-0013,1,4886.39,0.05,PLN
SO-2026-013013,1,2026-08-15,2026-08-17,PL-MKT-01,C023721,VM-APP-0010,1,173.05,0.0,PLN
SO-2026-013013,2,2026-08-15,2026-08-17,PL-MKT-01,C023721,VM-CMP-0017,2,508.99,0.0,PLN
SO-2026-013013,3,2026-08-15,2026-08-17,PL-MKT-01,C023721,VM-CMP-0013,2,539.53,0.0,PLN
SO-2026-013014,1,2026-08-15,2026-08-19,PL-MKT-01,C023722,VM-EBK-0002,1,10129.09,0.1,PLN
SO-2026-013015,1,2026-08-15,2026-08-18,PL-MKT-01,C019968,VM-ACC-0001,2,386.83,0.0,PLN
SO-2026-013016,1,2026-08-15,2026-08-18,PL-MKT-01,C023723,VM-NUT-0008,11,10.17,0.0,PLN
SO-2026-013016,2,2026-08-15,2026-08-18,PL-MKT-01,C023723,vm-acc-0008,2,407.19,0.0,PLN
SO-2026-013017,1,2026-08-15,2026-08-15,CZ-PRG-01,C021949,VM-EBK-0003,1,53427.0,0.0,CZK
SO-2026-013018,1,2026-08-15,2026-08-15,CZ-PRG-01,C023724,VM-EBK-0002,1,58482.0,0.0,CZK
SO-2026-013018,2,2026-08-15,2026-08-15,CZ-PRG-01,C023724,VM-ACC-0016,3,170.0,0.0,CZK
SO-2026-013019,1,2026-08-15,2026-08-15,CZ-BRN-01,C022265,VM-CMP-0011,1,940.0,0.0,CZK
SO-2026-013020,1,2026-08-15,2026-08-15,CZ-BRN-01,C023725,VM-CMP-0014,2,2527.0,0.1,CZK
SO-2026-013020,2,2026-08-15,2026-08-15,CZ-BRN-01,C023725,VM-NUT-0006,6,59.0,0.0,CZK
SO-2026-013020,3,2026-08-15,2026-08-15,CZ-BRN-01,C023725,vm-acc-0008,1,2351.0,0.0,CZK
SO-2026-013021,1,2026-08-15,2026-08-15,CZ-BRN-01,C015371,vm-bik-0011,1,50841.0,0.0,CZK
SO-2026-013021,2,2026-08-15,2026-08-15,CZ-BRN-01,C015371,VM-APP-0010,2,999.0,0.0,CZK
SO-2026-013021,3,2026-08-15,2026-08-15,CZ-BRN-01,C015371,VM-EBK-0007,1,86401.0,0.0,CZK
SO-2026-013022,1,2026-08-15,2026-08-15,CZ-BRN-01,C023726,VM-CMP-0005,1,8699.0,0.0,CZK
SO-2026-013023,1,2026-08-15,2026-08-15,CZ-BRN-01,C023727,VM-NUT-0008,4,59.0,0.0,CZK
SO-2026-013024,1,2026-08-15,2026-08-18,CZ-WEB-01,C016762,VM-APP-0010,2,999.0,0.1,CZK
SO-2026-013024,2,2026-08-15,2026-08-18,CZ-WEB-01,C016762,VM-ACC-0009,2,2351.0,0.0,CZK
SO-2026-013024,3,2026-08-15,2026-08-18,CZ-WEB-01,C016762,VM-CMP-0007,1,3703.0,0.0,CZK
SO-2026-013024,4,2026-08-15,2026-08-18,CZ-WEB-01,C016762,VM-BIK-0007,1,41437.0,0.0,CZK
SO-2026-013025,1,2026-08-15,2026-08-16,CZ-WEB-01,C023477,VM-APP-0002,3,2586.0,0.0,CZK
SO-2026-013026,1,2026-08-15,2026-08-16,CZ-WEB-01,C023728,VM-APP-0006,3,1822.0,0.05,CZK
SO-2026-013027,1,2026-08-15,2026-08-15,DE-BER-01,,VM-NUT-0007,3,3.11,0.0,EUR
SO-2026-013027,2,2026-08-15,2026-08-15,DE-BER-01,,VM-APP-0003,3,74.22,0.0,EUR
SO-2026-013028,1,2026-08-15,2026-08-15,DE-BER-01,C019009,VM-NUT-0008,12,2.39,0.0,EUR
SO-2026-013028,2,2026-08-15,2026-08-15,DE-BER-01,C019009,VM-BIK-0009,1,1350.34,0.0,EUR
SO-2026-013028,3,2026-08-15,2026-08-15,DE-BER-01,C019009,VM-APP-0015,1,136.47,0.0,EUR
SO-2026-013029,1,2026-08-15,2026-08-15,DE-BER-01,C023729,VM-NUT-0003,7,2.63,0.0,EUR
SO-2026-013030,1,2026-08-15,2026-08-15,DE-BER-01,C021951,VM-ACC-0023,1,222.66,0.05,EUR
SO-2026-013030,2,2026-08-15,2026-08-15,DE-BER-01,C021951,VM-BIK-0011,1,2071.0,0.05,EUR
SO-2026-013030,3,2026-08-15,2026-08-15,DE-BER-01,C021951,VM-ACC-0008,2,95.77,0.05,EUR
SO-2026-013030,4,2026-08-15,2026-08-15,DE-BER-01,C021951,VM-ACC-0001,1,90.98,0.05,EUR
SO-2026-013031,1,2026-08-15,2026-08-15,DE-BER-01,C022759,VM-ACC-0008,1,95.77,0.0,EUR
SO-2026-013032,1,2026-08-15,2026-08-19,DE-WEB-01,C017487,VM-NUT-0004,12,1.67,0.05,EUR
SO-2026-013033,1,2026-08-15,2026-08-19,DE-WEB-01,C022366,VM-NUT-0002,11,3.59,0.0,EUR
SO-2026-013033,2,2026-08-15,2026-08-19,DE-WEB-01,C022366,VM-APP-0015,1,136.47,0.0,EUR
SO-2026-013034,1,2026-08-15,2026-08-17,DE-WEB-01,C022712,VM-APP-0002,2,105.34,0.0,EUR
SO-2026-013034,2,2026-08-15,2026-08-17,DE-WEB-01,C022712,VM-ACC-0008,1,95.77,0.0,EUR
SO-2026-013035,1,2026-08-15,2026-08-16,DE-WEB-01,C015669,VM-NUT-0011,2,12.93,0.0,EUR
SO-2026-013036,1,2026-08-15,2026-08-19,DE-WEB-01,C023518,VM-BIK-0009,1,1350.34,0.0,EUR
SO-2026-013037,1,2026-08-15,2026-08-16,DE-WEB-01,C012135,VM-ACC-0003,1,69.43,0.0,EUR
SO-2026-013037,2,2026-08-15,2026-08-16,DE-WEB-01,C012135,VM-NUT-0003,6,2.63,0.0,EUR
SO-2026-013037,3,2026-08-15,2026-08-16,DE-WEB-01,C012135,VM-EBK-0002,1,2382.25,0.1,EUR
SO-2026-013037,4,2026-08-15,2026-08-16,DE-WEB-01,C012135,VM-ACC-0002,2,146.05,0.0,EUR
SO-2026-013038,1,2026-08-15,2026-08-16,DE-WEB-01,C017528,VM-ACC-0008,1,95.77,0.0,EUR
SO-2026-013039,1,2026-08-15,2026-08-17,DE-WEB-01,C010941,VM-ACC-0008,1,95.77,0.0,EUR
SO-2026-013039,2,2026-08-15,2026-08-17,DE-WEB-01,C010941,VM-BIK-0005,1,1774.12,0.05,EUR
SO-2026-013039,3,2026-08-15,2026-08-17,DE-WEB-01,C010941,VM-NUT-0004,4,1.67,0.0,EUR
SO-2026-013039,4,2026-08-15,2026-08-17,DE-WEB-01,C010941,VM-EBK-0008,1,3615.28,0.0,EUR
SO-2026-013040,1,2026-08-15,2026-08-19,DE-WEB-01,C019547,vm-acc-0015,1,83.8,0.05,EUR
SO-2026-013040,2,2026-08-15,2026-08-19,DE-WEB-01,C019547,VM-APP-0003,2,74.22,0.05,EUR
SO-2026-013041,1,2026-08-16,2026-08-18,PL-WEB-01,C021747,VM-EBK-0011,1,14903.51,0.0,PLN
SO-2026-013042,1,2026-08-16,2026-08-19,PL-WEB-01,C023730,VM-ACC-0018,3,50.89,0.05,PLN
SO-2026-013043,1,2026-08-16,2026-08-20,PL-WEB-01,C021396,VM-EBK-0003,1,9253.61,0.0,PLN
SO-2026-013043,2,2026-08-16,2026-08-20,PL-WEB-01,C021396,VM-ACC-0012,1,73.29,0.0,PLN
SO-2026-013043,3,2026-08-16,2026-08-20,PL-WEB-01,C021396,VM-ACC-0003,1,295.21,0.0,PLN
SO-2026-013044,1,2026-08-16,2026-08-20,PL-WEB-01,C023731,VM-ACC-0007,2,366.47,0.0,PLN
SO-2026-013045,1,2026-08-16,2026-08-17,PL-WEB-01,C022458,VM-APP-0018,2,132.33,0.0,PLN
SO-2026-013045,2,2026-08-16,2026-08-17,PL-WEB-01,C022458, VM-CMP-0003 ,1,244.31,0.0,PLN
SO-2026-013046,1,2026-08-16,2026-08-20,PL-WEB-01,C022245,VM-NUT-0002,8,15.26,0.05,PLN
SO-2026-013046,2,2026-08-16,2026-08-20,PL-WEB-01,C022245,VM-NUT-0009,3,86.52,0.0,PLN
SO-2026-013047,1,2026-08-16,2026-08-20,PL-WEB-01,C021972,vm-acc-0003,1,295.21,0.0,PLN
SO-2026-013047,2,2026-08-16,2026-08-20,PL-WEB-01,C021972,VM-EBK-0005,1,17764.09,0.0,PLN
SO-2026-013048,1,2026-08-16,2026-08-18,PL-WEB-01,C016491,VM-APP-0008,2,162.87,0.0,PLN
SO-2026-013048,2,2026-08-16,2026-08-18,PL-WEB-01,C016491,VM-EBK-0002,1,10129.09,0.0,PLN
SO-2026-013048,3,2026-08-16,2026-08-18,PL-WEB-01,C016491,VM-NUT-0008,12,10.17,0.0,PLN
SO-2026-013049,1,2026-08-16,2026-08-20,PL-WEB-01,C019015,VM-NUT-0004,7,7.12,0.0,PLN
SO-2026-013050,1,2026-08-16,2026-08-17,PL-WEB-01,C016860,VM-NUT-0004,6,7.12,0.0,PLN
SO-2026-013051,1,2026-08-16,2026-08-18,PL-WEB-01,C020074,VM-EBK-0004,1,11279.43,0.0,PLN
SO-2026-013052,1,2026-08-16,2026-08-17,PL-WEB-01,C018382,VM-NUT-0002,36,15.26,0.12,PLN
SO-2026-013052,2,2026-08-16,2026-08-17,PL-WEB-01,C018382,VM-APP-0012,3,885.65,0.12,PLN
SO-2026-013052,3,2026-08-16,2026-08-17,PL-WEB-01,C018382,VM-ACC-0007,10,366.47,0.08,PLN
SO-2026-013053,1,2026-08-16,2026-08-17,PL-WEB-01,C006452,VM-ACC-0018,2,50.89,0.05,PLN
SO-2026-013054,1,2026-08-16,2026-08-17,PL-WEB-01,C010588,VM-NUT-0011,1,54.96,0.0,PLN
SO-2026-013054,2,2026-08-16,2026-08-17,PL-WEB-01,C010588,VM-CMP-0006,1,203.59,0.0,PLN
SO-2026-013055,1,2026-08-16,2026-08-17,PL-WEB-01,C023732,VM-APP-0006,3,315.57,0.05,PLN
SO-2026-013056,1,2026-08-16,2026-08-18,PL-WEB-01,C010306,VM-CMP-0013,2,539.53,0.0,PLN
SO-2026-013056,2,2026-08-16,2026-08-18,PL-WEB-01,C010306,VM-EBK-0004,1,11279.43,0.0,PLN
SO-2026-013057,1,2026-08-16,2026-08-19,PL-WEB-01,C023733,VM-ACC-0006,2,967.09,0.0,PLN
SO-2026-013058,1,2026-08-16,2026-08-19,PL-MKT-01,C023734,VM-NUT-0003,12,11.19,0.05,PLN
SO-2026-013058,2,2026-08-16,2026-08-19,PL-MKT-01,C023734,VM-EBK-0008,1,15371.79,0.05,PLN
SO-2026-013058,3,2026-08-16,2026-08-19,PL-MKT-01,C023734,VM-NUT-0011,1,54.96,0.05,PLN
SO-2026-013059,1,2026-08-16,2026-08-18,PL-MKT-01,C023735,VM-APP-0013,1,447.91,0.0,PLN
SO-2026-013060,1,2026-08-16,2026-08-18,PL-MKT-01,C020968,VM-BIK-0001,1,13936.41,0.0,PLN
SO-2026-013061,1,2026-08-16,2026-08-18,PL-MKT-01,C023044, VM-ACC-0021 ,1,794.03,0.0,PLN
SO-2026-013061,2,2026-08-16,2026-08-18,PL-MKT-01,C023044,VM-EBK-0009,1,10088.37,0.0,PLN
SO-2026-013062,1,2026-08-16,2026-08-17,PL-MKT-01,C014515,VM-ACC-0010,4,254.49,0.1,PLN
SO-2026-013062,2,2026-08-16,2026-08-17,PL-MKT-01,C014515,VM-CMP-0023,12,60.05,0.08,PLN
SO-2026-013062,3,2026-08-16,2026-08-17,PL-MKT-01,C014515,VM-BIK-0011,3,8805.69,0.12,PLN
SO-2026-013063,1,2026-08-16,2026-08-19,PL-MKT-01,C022524,VM-ACC-0019,1,50.89,0.0,PLN
SO-2026-013064,1,2026-08-16,2026-08-19,PL-MKT-01,C023736,VM-EBK-0003,5,9253.61,0.12,PLN
SO-2026-013064,2,2026-08-16,2026-08-19,PL-MKT-01,C023736,VM-ACC-0002,6,620.97,0.12,PLN
SO-2026-013065,1,2026-08-16,2026-08-17,PL-MKT-01,C023737,VM-ACC-0010,1,254.49,0.0,PLN
SO-2026-013065,2,2026-08-16,2026-08-17,PL-MKT-01,C023737,VM-ACC-0012,1,73.29,0.0,PLN
SO-2026-013065,3,2026-08-16,2026-08-17,PL-MKT-01,C023737,VM-APP-0002,3,447.91,0.0,PLN
SO-2026-013066,1,2026-08-16,2026-08-16,CZ-PRG-01,,VM-ACC-0020,1,4761.0,0.0,CZK
SO-2026-013067,1,2026-08-16,2026-08-16,CZ-BRN-01,C019512,VM-ACC-0018,3,294.0,0.0,CZK
SO-2026-013068,1,2026-08-16,2026-08-16,CZ-BRN-01,C023738,VM-NUT-0006,6,59.0,0.0,CZK
SO-2026-013069,1,2026-08-16,2026-08-19,CZ-WEB-01,C023739,VM-APP-0017,1,1117.0,0.1,CZK
SO-2026-013069,2,2026-08-16,2026-08-19,CZ-WEB-01,C023739,VM-ACC-0008,2,2351.0,0.0,CZK
SO-2026-013070,1,2026-08-16,2026-08-19,CZ-WEB-01,C020664,VM-ACC-0010,4,1469.0,0.1,CZK
SO-2026-013070,2,2026-08-16,2026-08-19,CZ-WEB-01,C020664,VM-NUT-0008,20,59.0,0.12,CZK
SO-2026-013071,1,2026-08-16,2026-08-19,CZ-WEB-01,C020986,VM-CMP-0012,2,3174.0,0.0,CZK
SO-2026-013072,1,2026-08-16,2026-08-19,DE-WEB-01,C005326,VM-APP-0012,1,208.3,0.05,EUR
SO-2026-013072,2,2026-08-16,2026-08-19,DE-WEB-01,C005326,VM-ACC-0008,2,95.77,0.05,EUR
SO-2026-013072,3,2026-08-16,2026-08-19,DE-WEB-01,C005326,VM-EBK-0011,1,3505.14,0.05,EUR
SO-2026-013072,4,2026-08-16,2026-08-19,DE-WEB-01,C005326,VM-ACC-0009,2,95.77,0.05,EUR
SO-2026-013073,1,2026-08-16,2026-08-20,DE-WEB-01,C023740,VM-APP-0010,1,40.7,0.05,EUR
SO-2026-013074,1,2026-08-16,2026-08-17,DE-WEB-01,C018080,VM-APP-0002,2,105.34,0.0,EUR
SO-2026-013074,2,2026-08-16,2026-08-17,DE-WEB-01,C018080,VM-CMP-0001,2,95.77,0.0,EUR
SO-2026-013074,3,2026-08-16,2026-08-17,DE-WEB-01,C018080,VM-NUT-0004,7,1.67,0.0,EUR
SO-2026-013075,1,2026-08-16,2026-08-18,DE-WEB-01,C023056,VM-ACC-0018,1,11.97,0.0,EUR
SO-2026-013075,2,2026-08-16,2026-08-18,DE-WEB-01,C023056,VM-BIK-0007,1,1687.93,0.1,EUR
SO-2026-013075,3,2026-08-16,2026-08-18,DE-WEB-01,C023056,VM-APP-0019,2,15.8,0.0,EUR
SO-2026-013076,1,2026-08-17,2026-08-17,PL-WAW-01,,VM-NUT-0004,15,7.12,0.0,PLN
SO-2026-013077,1,2026-08-17,2026-08-17,PL-WAW-01,C013328, VM-EBK-0007 ,1,14964.59,0.0,PLN
SO-2026-013078,1,2026-08-17,2026-08-17,PL-WAW-01,C023741,VM-EBK-0003,1,9253.61,0.05,PLN
SO-2026-013078,2,2026-08-17,2026-08-17,PL-WAW-01,C023741,VM-ACC-0014,1,111.97,0.05,PLN
SO-2026-013078,3,2026-08-17,2026-08-17,PL-WAW-01,C023741,VM-ACC-0018,2,50.89,0.05,PLN
SO-2026-013079,1,2026-08-17,2026-08-17,PL-WAW-01,,VM-ACC-0023,1,946.73,0.0,PLN
SO-2026-013079,2,2026-08-17,2026-08-17,PL-WAW-01,,VM-ACC-0007,1,366.47,0.0,PLN
SO-2026-013080,1,2026-08-17,2026-08-17,PL-WAW-01,C019079,VM-APP-0002,1,447.91,0.0,PLN
SO-2026-013081,1,2026-08-17,2026-08-17,PL-KRK-01,,VM-NUT-0004,12,7.12,0.0,PLN
SO-2026-013081,2,2026-08-17,2026-08-17,PL-KRK-01,, VM-APP-0006 ,1,315.57,0.0,PLN
SO-2026-013081,3,2026-08-17,2026-08-17,PL-KRK-01,,VM-APP-0010,2,173.05,0.0,PLN
SO-2026-013082,1,2026-08-17,2026-08-17,PL-WRO-01,,VM-ACC-0008,2,407.19,0.05,PLN
SO-2026-013082,2,2026-08-17,2026-08-17,PL-WRO-01,,VM-CMP-0018,2,63.11,0.0,PLN
SO-2026-013082,3,2026-08-17,2026-08-17,PL-WRO-01,,VM-EBK-0010,1,13732.81,0.0,PLN
SO-2026-013082,4,2026-08-17,2026-08-17,PL-WRO-01,,VM-BIK-0022,1,1425.19,0.0,PLN
SO-2026-013083,1,2026-08-17,2026-08-17,PL-WRO-01,,VM-NUT-0003,14,11.19,0.0,PLN
SO-2026-013084,1,2026-08-17,2026-08-17,PL-GDN-01,C023742,VM-CMP-0013,2,539.53,0.0,PLN
SO-2026-013085,1,2026-08-17,2026-08-17,PL-GDN-01,,VM-NUT-0008,4,10.17,0.05,PLN
SO-2026-013086,1,2026-08-17,2026-08-17,PL-GDN-01,C018944,VM-APP-0006,2,315.57,0.05,PLN
SO-2026-013087,1,2026-08-17,2026-08-17,PL-GDN-01,C023743,VM-ACC-0008,1,407.19,0.0,PLN
SO-2026-013087,2,2026-08-17,2026-08-17,PL-GDN-01,C023743,VM-APP-0012,1,885.65,0.0,PLN
SO-2026-013087,3,2026-08-17,2026-08-17,PL-GDN-01,C023743,VM-APP-0010,1,173.05,0.0,PLN
SO-2026-013088,1,2026-08-17,2026-08-17,PL-POZ-01,C022694,VM-ACC-0014,5,111.97,0.08,PLN
SO-2026-013089,1,2026-08-17,2026-08-17,PL-POZ-01,C015837,VM-BIK-0004,3,4346.85,0.1,PLN
SO-2026-013090,1,2026-08-17,2026-08-17,PL-POZ-01,C021640,VM-CMP-0002,1,570.07,0.0,PLN
SO-2026-013091,1,2026-08-17,2026-08-17,PL-POZ-01,,VM-ACC-0001,1,386.83,0.0,PLN
SO-2026-013092,1,2026-08-17,2026-08-17,PL-LDZ-01,,VM-EBK-0011,1,14903.51,0.0,PLN
SO-2026-013093,1,2026-08-17,2026-08-17,PL-LDZ-01,,VM-ACC-0002,1,620.97,0.0,PLN
SO-2026-013094,1,2026-08-17,2026-08-17,PL-LDZ-01,C023744,VM-APP-0006,1,315.57,0.05,PLN
SO-2026-013094,2,2026-08-17,2026-08-17,PL-LDZ-01,C023744,vm-acc-0010,1,254.49,0.05,PLN
SO-2026-013095,1,2026-08-17,2026-08-21,PL-WEB-01,C023745,VM-EBK-0003,1,9253.61,0.0,PLN
SO-2026-013095,2,2026-08-17,2026-08-21,PL-WEB-01,C023745,VM-ACC-0003,2,295.21,0.0,PLN
SO-2026-013095,3,2026-08-17,2026-08-21,PL-WEB-01,C023745,VM-BIK-0020,1,1231.77,0.0,PLN
SO-2026-013096,1,2026-08-17,2026-08-20,PL-WEB-01,C023746,VM-CMP-0013,1,539.53,0.0,PLN
SO-2026-013096,2,2026-08-17,2026-08-20,PL-WEB-01,C023746,VM-NUT-0006,4,10.17,0.0,PLN
SO-2026-013096,3,2026-08-17,2026-08-20,PL-WEB-01,C023746,VM-BIK-0022,1,1425.19,0.0,PLN
SO-2026-013097,1,2026-08-17,2026-08-21,PL-WEB-01,C010776,VM-APP-0010,10,173.05,0.08,PLN
SO-2026-013097,2,2026-08-17,2026-08-21,PL-WEB-01,C010776,VM-ACC-0017,6,59.03,0.08,PLN
SO-2026-013097,3,2026-08-17,2026-08-21,PL-WEB-01,C010776,VM-BIK-0001,5,13936.41,0.08,PLN
SO-2026-013098,1,2026-08-17,2026-08-19,PL-WEB-01,C022633,VM-APP-0008,1,162.87,0.05,PLN
SO-2026-013099,1,2026-08-17,2026-08-18,PL-WEB-01,C019655,VM-NUT-0009,2,86.52,0.0,PLN
SO-2026-013100,1,2026-08-17,2026-08-20,PL-WEB-01,C016508,VM-NUT-0006,4,10.17,0.0,PLN
SO-2026-013100,2,2026-08-17,2026-08-20,PL-WEB-01,C016508,VM-ACC-0001,2,386.83,0.0,PLN
SO-2026-013101,1,2026-08-17,2026-08-19,PL-WEB-01,C023747,VM-CMP-0013,2,539.53,0.0,PLN
SO-2026-013102,1,2026-08-17,2026-08-19,PL-WEB-01,C022338,VM-NUT-0006,5,10.17,0.0,PLN
SO-2026-013103,1,2026-08-17,2026-08-21,PL-WEB-01,C023748,VM-APP-0004,3,244.31,0.0,PLN
SO-2026-013104,1,2026-08-17,2026-08-21,PL-WEB-01,C008546,VM-ACC-0008,2,407.19,0.0,PLN
SO-2026-013105,1,2026-08-17,2026-08-18,PL-WEB-01,C012389, VM-EBK-0003 ,1,9253.61,0.0,PLN
SO-2026-013106,1,2026-08-17,2026-08-21,PL-WEB-01,C021579,VM-BIK-0003,1,6657.71,0.0,PLN
SO-2026-013106,2,2026-08-17,2026-08-21,PL-WEB-01,C021579,VM-APP-0006,3,315.57,0.0,PLN
SO-2026-013107,1,2026-08-17,2026-08-19,PL-WEB-01,C004528,VM-NUT-0011,1,54.96,0.0,PLN
SO-2026-013107,2,2026-08-17,2026-08-19,PL-WEB-01,C004528,VM-ACC-0010,1,254.49,0.0,PLN
SO-2026-013108,1,2026-08-17,2026-08-19,PL-WEB-01,C023749,VM-ACC-0008,1,407.19,0.0,PLN
SO-2026-013109,1,2026-08-17,2026-08-18,PL-WEB-01,C023750,VM-APP-0020,2,183.23,0.0,PLN
SO-2026-013109,2,2026-08-17,2026-08-18,PL-WEB-01,C023750,VM-NUT-0002,13,15.26,0.0,PLN
SO-2026-013110,1,2026-08-17,2026-08-20,PL-WEB-01,C020626,VM-APP-0002,1,447.91,0.05,PLN
SO-2026-013110,2,2026-08-17,2026-08-20,PL-WEB-01,C020626,VM-EBK-0010,1,13732.81,0.05,PLN
SO-2026-013110,3,2026-08-17,2026-08-20,PL-WEB-01,C020626,VM-APP-0010,2,173.05,0.05,PLN
SO-2026-013111,1,2026-08-17,2026-08-18,PL-MKT-01,C022742,VM-EBK-0002,1,10129.09,0.0,PLN
SO-2026-013111,2,2026-08-17,2026-08-18,PL-MKT-01,C022742,VM-ACC-0004,1,794.03,0.0,PLN
SO-2026-013112,1,2026-08-17,2026-08-21,PL-MKT-01,C007750,VM-NUT-0002,6,15.26,0.0,PLN
SO-2026-013112,2,2026-08-17,2026-08-21,PL-MKT-01,C007750,VM-CMP-0013,2,539.53,0.0,PLN
SO-2026-013112,3,2026-08-17,2026-08-21,PL-MKT-01,C007750,VM-CMP-0016,2,2504.27,0.0,PLN
SO-2026-013113,1,2026-08-17,2026-08-19,PL-MKT-01,C023751,VM-BIK-0001,1,13936.41,0.05,PLN
SO-2026-013114,1,2026-08-17,2026-08-21,PL-MKT-01,C023752,VM-EBK-0008,1,15371.79,0.05,PLN
SO-2026-013115,1,2026-08-17,2026-08-18,PL-MKT-01,C014349,VM-APP-0012,1,885.65,0.05,PLN
SO-2026-013115,2,2026-08-17,2026-08-18,PL-MKT-01,C014349,VM-EBK-0011,1,14903.51,0.05,PLN
SO-2026-013116,1,2026-08-17,2026-08-20,PL-MKT-01,C023753,VM-BIK-0011,1,8805.69,0.0,PLN
SO-2026-013116,2,2026-08-17,2026-08-20,PL-MKT-01,C023753,VM-ACC-0018,3,50.89,0.0,PLN
SO-2026-013117,1,2026-08-17,2026-08-19,PL-MKT-01,C023754,VM-BIK-0012,1,12022.57,0.0,PLN
SO-2026-013118,1,2026-08-17,2026-08-20,PL-MKT-01,C023755,VM-APP-0018,2,132.33,0.0,PLN
SO-2026-013118,2,2026-08-17,2026-08-20,PL-MKT-01,C023755,VM-BIK-0009,1,5741.51,0.0,PLN
SO-2026-013119,1,2026-08-17,2026-08-17,CZ-PRG-01,,VM-NUT-0009,3,500.0,0.0,CZK
SO-2026-013120,1,2026-08-17,2026-08-17,CZ-BRN-01,C011669,VM-ACC-0008,2,2351.0,0.0,CZK
SO-2026-013120,2,2026-08-17,2026-08-17,CZ-BRN-01,C011669,VM-NUT-0004,3,41.0,0.0,CZK
SO-2026-013120,3,2026-08-17,2026-08-17,CZ-BRN-01,C011669,VM-ACC-0013,1,999.0,0.0,CZK
SO-2026-013121,1,2026-08-17,2026-08-18,CZ-WEB-01,C021947,VM-APP-0006,3,1822.0,0.05,CZK
SO-2026-013121,2,2026-08-17,2026-08-18,CZ-WEB-01,C021947,VM-EBK-0007,1,86401.0,0.05,CZK
SO-2026-013122,1,2026-08-17,2026-08-20,CZ-WEB-01,C015405,VM-ACC-0004,2,4584.0,0.05,CZK
SO-2026-013123,1,2026-08-17,2026-08-20,CZ-WEB-01,C015519,VM-BIK-0006,1,38733.0,0.0,CZK
SO-2026-013124,1,2026-08-17,2026-08-19,CZ-WEB-01,C017983,VM-APP-0011,1,2410.0,0.0,CZK
SO-2026-013124,2,2026-08-17,2026-08-19,CZ-WEB-01,C017983,VM-APP-0012,1,5113.0,0.0,CZK
SO-2026-013125,1,2026-08-17,2026-08-18,CZ-WEB-01,C023009,VM-BIK-0012,1,69414.0,0.0,CZK
SO-2026-013125,2,2026-08-17,2026-08-18,CZ-WEB-01,C023009,VM-ACC-0005,1,1058.0,0.0,CZK
SO-2026-013125,3,2026-08-17,2026-08-18,CZ-WEB-01,C023009,VM-ACC-0015,1,2057.0,0.0,CZK
SO-2026-013126,1,2026-08-17,2026-08-20,CZ-WEB-01,C018296,VM-NUT-0004,6,41.0,0.0,CZK
SO-2026-013126,2,2026-08-17,2026-08-20,CZ-WEB-01,C018296,VM-BIK-0012,1,69414.0,0.0,CZK
SO-2026-013126,3,2026-08-17,2026-08-20,CZ-WEB-01,C018296,VM-NUT-0009,1,500.0,0.1,CZK
SO-2026-013127,1,2026-08-17,2026-08-20,CZ-WEB-01,C000014,VM-ACC-0020,1,4761.0,0.0,CZK
SO-2026-013128,1,2026-08-17,2026-08-21,CZ-WEB-01,C010132,VM-BIK-0012,1,69414.0,0.0,CZK
SO-2026-013129,1,2026-08-17,2026-08-17,DE-BER-01,C021692, VM-EBK-0005 ,1,4177.92,0.05,EUR
SO-2026-013129,2,2026-08-17,2026-08-17,DE-BER-01,C021692,VM-APP-0020,1,43.09,0.05,EUR
SO-2026-013130,1,2026-08-17,2026-08-17,DE-BER-01,,VM-BIK-0009,1,1350.34,0.0,EUR
SO-2026-013130,2,2026-08-17,2026-08-17,DE-BER-01,,VM-ACC-0014,1,26.33,0.0,EUR
SO-2026-013131,1,2026-08-17,2026-08-17,DE-BER-01,C017449,VM-CMP-0006,1,47.88,0.05,EUR
SO-2026-013131,2,2026-08-17,2026-08-17,DE-BER-01,C017449,vm-acc-0016,2,6.94,0.05,EUR
SO-2026-013132,1,2026-08-17,2026-08-18,DE-WEB-01,C022836,VM-ACC-0020,1,193.93,0.0,EUR
SO-2026-013133,1,2026-08-17,2026-08-18,DE-WEB-01,C023756,VM-CMP-0013,1,126.89,0.0,EUR
SO-2026-013134,1,2026-08-17,2026-08-19,DE-WEB-01,C023757,VM-EBK-0009,1,2372.67,0.0,EUR
SO-2026-013135,1,2026-08-17,2026-08-18,DE-WEB-01,C023404,VM-ACC-0018,1,11.97,0.05,EUR
SO-2026-013135,2,2026-08-17,2026-08-18,DE-WEB-01,C023404,VM-CMP-0001,2,95.77,0.05,EUR
SO-2026-013136,1,2026-08-17,2026-08-18,DE-WEB-01,C023758,VM-NUT-0004,15,1.67,0.0,EUR
SO-2026-013136,2,2026-08-17,2026-08-18,DE-WEB-01,C023758,VM-CMP-0017,2,119.71,0.0,EUR
SO-2026-013136,3,2026-08-17,2026-08-18,DE-WEB-01,C023758,VM-ACC-0018,1,11.97,0.0,EUR
SO-2026-013137,1,2026-08-17,2026-08-19,DE-WEB-01,C017985,VM-BIK-0012,1,2827.58,0.0,EUR
SO-2026-013138,1,2026-08-17,2026-08-21,DE-WEB-01,C021324,VM-NUT-0003,7,2.63,0.0,EUR
SO-2026-013139,1,2026-08-17,2026-08-20,DE-WEB-01,C023759,VM-CMP-0017,1,119.71,0.05,EUR
SO-2026-013140,1,2026-08-17,2026-08-21,DE-WEB-01,C023760,VM-BIK-0017,1,457.29,0.0,EUR
SO-2026-013140,2,2026-08-17,2026-08-21,DE-WEB-01,C023760,VM-ACC-0009,1,95.77,0.0,EUR
SO-2026-013140,3,2026-08-17,2026-08-21,DE-WEB-01,C023760,VM-ACC-0018,3,11.97,0.0,EUR
SO-2026-013140,4,2026-08-17,2026-08-21,DE-WEB-01,C023760,VM-NUT-0001,12,2.15,0.0,EUR
SO-2026-013141,1,2026-08-17,2026-08-20,DE-WEB-01,C020878,VM-ACC-0008,2,95.77,0.0,EUR
SO-2026-013142,1,2026-08-18,2026-08-18,PL-WAW-01,C023761,VM-NUT-0004,10,7.12,0.05,PLN
SO-2026-013142,2,2026-08-18,2026-08-18,PL-WAW-01,C023761,VM-CMP-0009,1,356.29,0.05,PLN
SO-2026-013143,1,2026-08-18,2026-08-18,PL-WAW-01,C023762,VM-CMP-0009,2,356.29,0.0,PLN
SO-2026-013143,2,2026-08-18,2026-08-18,PL-WAW-01,C023762,VM-EBK-0010,1,13732.81,0.0,PLN
SO-2026-013144,1,2026-08-18,2026-08-18,PL-WAW-01,C021145,VM-APP-0002,3,447.91,0.0,PLN
SO-2026-013144,2,2026-08-18,2026-08-18,PL-WAW-01,C021145,VM-EBK-0006,1,20502.51,0.0,PLN
SO-2026-013145,1,2026-08-18,2026-08-18,PL-WAW-01,C003322,VM-EBK-0003,1,9253.61,0.0,PLN
SO-2026-013145,2,2026-08-18,2026-08-18,PL-WAW-01,C003322,VM-NUT-0006,8,10.17,0.0,PLN
SO-2026-013145,3,2026-08-18,2026-08-18,PL-WAW-01,C003322,VM-BIK-0012,1,12022.57,0.0,PLN
SO-2026-013145,4,2026-08-18,2026-08-18,PL-WAW-01,C003322,VM-ACC-0008,1,407.19,0.0,PLN
SO-2026-013146,1,2026-08-18,2026-08-18,PL-WAW-01,C003802,VM-NUT-0009,2,86.52,0.05,PLN
SO-2026-013146,2,2026-08-18,2026-08-18,PL-WAW-01,C003802,VM-ACC-0014,1,111.97,0.05,PLN
SO-2026-013146,3,2026-08-18,2026-08-18,PL-WAW-01,C003802,VM-BIK-0006,1,6708.61,0.05,PLN
SO-2026-013146,4,2026-08-18,2026-08-18,PL-WAW-01,C003802,VM-EBK-0008,1,15371.79,0.05,PLN
SO-2026-013147,1,2026-08-18,2026-08-18,PL-WAW-01,C020098,VM-APP-0006,1,315.57,0.0,PLN
SO-2026-013147,2,2026-08-18,2026-08-18,PL-WAW-01,C020098,VM-CMP-0017,1,508.99,0.0,PLN
SO-2026-013147,3,2026-08-18,2026-08-18,PL-WAW-01,C020098,VM-EBK-0008,1,15371.79,0.0,PLN
SO-2026-013147,4,2026-08-18,2026-08-18,PL-WAW-01,C020098,VM-EBK-0007,1,14964.59,0.0,PLN
SO-2026-013148,1,2026-08-18,2026-08-18,PL-WAW-01,C013025,VM-NUT-0006,16,10.17,0.12,PLN
SO-2026-013149,1,2026-08-18,2026-08-18,PL-WAW-01,C023763,VM-BIK-0001,3,13936.41,0.08,PLN
SO-2026-013149,2,2026-08-18,2026-08-18,PL-WAW-01,C023763,VM-CMP-0002,8,570.07,0.08,PLN
SO-2026-013150,1,2026-08-18,2026-08-18,PL-WAW-02,,VM-BIK-0004,1,4346.85,0.0,PLN
SO-2026-013150,2,2026-08-18,2026-08-18,PL-WAW-02,,VM-ACC-0001,1,386.83,0.0,PLN
SO-2026-013150,3,2026-08-18,2026-08-18,PL-WAW-02,,VM-BIK-0012,1,12022.57,0.0,PLN
SO-2026-013150,4,2026-08-18,2026-08-18,PL-WAW-02,,VM-ACC-0007,1,366.47,0.0,PLN
SO-2026-013151,1,2026-08-18,2026-08-18,PL-WAW-02,C023764,VM-EBK-0008,1,15371.79,0.0,PLN
SO-2026-013151,2,2026-08-18,2026-08-18,PL-WAW-02,C023764,VM-APP-0008,1,162.87,0.0,PLN
SO-2026-013152,1,2026-08-18,2026-08-18,PL-WAW-02,C010542,VM-APP-0003,1,315.57,0.0,PLN
SO-2026-013153,1,2026-08-18,2026-08-18,PL-WAW-02,,VM-ACC-0008,1,407.19,0.0,PLN
SO-2026-013154,1,2026-08-18,2026-08-18,PL-KRK-01,C012682,VM-ACC-0021,1,794.03,0.0,PLN
SO-2026-013155,1,2026-08-18,2026-08-18,PL-KRK-01,C023765,VM-BIK-0011,2,8805.69,0.08,PLN
SO-2026-013155,2,2026-08-18,2026-08-18,PL-KRK-01,C023765,VM-NUT-0008,24,10.17,0.1,PLN
SO-2026-013155,3,2026-08-18,2026-08-18,PL-KRK-01,C023765,VM-ACC-0005,2,183.23,0.08,PLN
SO-2026-013155,4,2026-08-18,2026-08-18,PL-KRK-01,C023765,VM-ACC-0008,4,407.19,0.12,PLN
SO-2026-013156,1,2026-08-18,2026-08-18,PL-WRO-01,,vm-acc-0011,2,73.29,0.0,PLN
SO-2026-013156,2,2026-08-18,2026-08-18,PL-WRO-01,,VM-ACC-0008,2,407.19,0.0,PLN
SO-2026-013156,3,2026-08-18,2026-08-18,PL-WRO-01,,VM-BIK-0020,1,1231.77,0.0,PLN
SO-2026-013156,4,2026-08-18,2026-08-18,PL-WRO-01,,VM-ACC-0014,1,111.97,0.0,PLN
SO-2026-013157,1,2026-08-18,2026-08-18,PL-WRO-01,C023766,VM-ACC-0020,1,824.57,0.0,PLN
SO-2026-013157,2,2026-08-18,2026-08-18,PL-WRO-01,C023766,VM-CMP-0009,1,356.29,0.0,PLN
SO-2026-013158,1,2026-08-18,2026-08-18,PL-GDN-01,,VM-NUT-0001,8,9.15,0.0,PLN
SO-2026-013159,1,2026-08-18,2026-08-18,PL-GDN-01,,VM-ACC-0003,2,295.21,0.0,PLN
SO-2026-013160,1,2026-08-18,2026-08-18,PL-GDN-01,C014534,VM-APP-0002,6,447.91,0.12,PLN
SO-2026-013160,2,2026-08-18,2026-08-18,PL-GDN-01,C014534,VM-ACC-0008,2,407.19,0.1,PLN
SO-2026-013160,3,2026-08-18,2026-08-18,PL-GDN-01,C014534,VM-BIK-0013,4,4886.39,0.08,PLN
SO-2026-013160,4,2026-08-18,2026-08-18,PL-GDN-01,C014534,vm-app-0006,2,315.57,0.08,PLN
SO-2026-013161,1,2026-08-18,2026-08-18,PL-POZ-01,C022634,VM-CMP-0013,2,539.53,0.0,PLN
SO-2026-013162,1,2026-08-18,2026-08-18,PL-POZ-01,C014286,VM-EBK-0003,1,9253.61,0.0,PLN
SO-2026-013163,1,2026-08-18,2026-08-18,PL-POZ-01,C016422,VM-ACC-0017,3,59.03,0.0,PLN
SO-2026-013164,1,2026-08-18,2026-08-18,PL-LDZ-01,C023767,VM-APP-0020,1,183.23,0.0,PLN
SO-2026-013164,2,2026-08-18,2026-08-18,PL-LDZ-01,C023767,VM-ACC-0013,1,173.05,0.0,PLN
SO-2026-013165,1,2026-08-18,2026-08-18,PL-LDZ-01,C023721,VM-BIK-0004,1,4346.85,0.0,PLN
SO-2026-013166,1,2026-08-18,2026-08-21,PL-WEB-01,C004985,VM-NUT-0004,27,7.12,0.08,PLN
SO-2026-013167,1,2026-08-18,2026-08-20,PL-WEB-01,C014759,VM-NUT-0007,5,13.22,0.0,PLN
SO-2026-013168,1,2026-08-18,2026-08-20,PL-WEB-01,C023768,VM-NUT-0004,6,7.12,0.0,PLN
SO-2026-013168,2,2026-08-18,2026-08-20,PL-WEB-01,C023768,VM-APP-0003,3,315.57,0.0,PLN
SO-2026-013169,1,2026-08-18,2026-08-19,PL-WEB-01,C022372, VM-APP-0008 ,2,162.87,0.0,PLN
SO-2026-013170,1,2026-08-18,2026-08-19,PL-WEB-01,C021556,VM-ACC-0010,1,254.49,0.0,PLN
SO-2026-013170,2,2026-08-18,2026-08-19,PL-WEB-01,C021556,VM-BIK-0009,1,5741.51,0.0,PLN
SO-2026-013171,1,2026-08-18,2026-08-22,PL-WEB-01,C008013,VM-NUT-0006,60,10.17,0.12,PLN
SO-2026-013172,1,2026-08-18,2026-08-21,PL-WEB-01,C023769,VM-ACC-0022,1,1598.25,0.05,PLN
SO-2026-013173,1,2026-08-18,2026-08-20,PL-WEB-01,C022163,VM-CMP-0016,1,2504.27,0.05,PLN
SO-2026-013174,1,2026-08-18,2026-08-20,PL-WEB-01,C022865,VM-CMP-0009,1,356.29,0.0,PLN
SO-2026-013174,2,2026-08-18,2026-08-20,PL-WEB-01,C022865,VM-BIK-0020,1,1231.77,0.0,PLN
SO-2026-013175,1,2026-08-18,2026-08-19,PL-WEB-01,C021906,VM-NUT-0006,9,10.17,0.0,PLN
SO-2026-013176,1,2026-08-18,2026-08-21,PL-WEB-01,C015618,VM-CMP-0009,2,356.29,0.0,PLN
SO-2026-013176,2,2026-08-18,2026-08-21,PL-WEB-01,C015618,VM-ACC-0011,2,73.29,0.0,PLN
SO-2026-013177,1,2026-08-18,2026-08-20,PL-WEB-01,C015711,VM-APP-0008,6,162.87,0.1,PLN
SO-2026-013177,2,2026-08-18,2026-08-20,PL-WEB-01,C015711,vm-app-0012,2,885.65,0.12,PLN
SO-2026-013178,1,2026-08-18,2026-08-22,PL-WEB-01,C022648,VM-BIK-0004,1,4346.85,0.0,PLN
SO-2026-013178,2,2026-08-18,2026-08-22,PL-WEB-01,C022648,VM-ACC-0008,2,407.19,0.0,PLN
SO-2026-013179,1,2026-08-18,2026-08-20,PL-WEB-01,C023770,VM-CMP-0015,1,936.55,0.0,PLN
SO-2026-013179,2,2026-08-18,2026-08-20,PL-WEB-01,C023770,VM-APP-0019,2,67.18,0.0,PLN
SO-2026-013179,3,2026-08-18,2026-08-20,PL-WEB-01,C023770,VM-ACC-0015,1,356.29,0.0,PLN
SO-2026-013180,1,2026-08-18,2026-08-19,PL-WEB-01,C016059,VM-CMP-0009,2,356.29,0.0,PLN
SO-2026-013181,1,2026-08-18,2026-08-22,PL-WEB-01,C009558,VM-CMP-0019,3,213.77,0.0,PLN
SO-2026-013182,1,2026-08-18,2026-08-19,PL-WEB-01,C023771,VM-APP-0003,1,315.57,0.0,PLN
SO-2026-013183,1,2026-08-18,2026-08-19,PL-WEB-01,C001634,VM-BIK-0001,1,13936.41,0.0,PLN
SO-2026-013184,1,2026-08-18,2026-08-22,PL-WEB-01,C023463,VM-NUT-0004,3,7.12,0.0,PLN
SO-2026-013184,2,2026-08-18,2026-08-22,PL-WEB-01,C023463,VM-CMP-0019,1,213.77,0.0,PLN
SO-2026-013185,1,2026-08-18,2026-08-20,PL-MKT-01,C021239,VM-EBK-0006,1,20502.51,0.0,PLN
SO-2026-013186,1,2026-08-18,2026-08-22,PL-MKT-01,C023772,VM-EBK-0008,1,15371.79,0.0,PLN
SO-2026-013186,2,2026-08-18,2026-08-22,PL-MKT-01,C023772,VM-ACC-0018,1,50.89,0.0,PLN
SO-2026-013187,1,2026-08-18,2026-08-19,PL-MKT-01,C023773,VM-APP-0018,1,132.33,0.0,PLN
SO-2026-013188,1,2026-08-18,2026-08-19,PL-MKT-01,C015133,VM-CMP-0002,2,570.07,0.05,PLN
SO-2026-013189,1,2026-08-18,2026-08-22,PL-MKT-01,C022399,VM-CMP-0013,1,539.53,0.0,PLN
SO-2026-013190,1,2026-08-18,2026-08-22,PL-MKT-01,C023774,VM-ACC-0020,1,824.57,0.0,PLN
SO-2026-013190,2,2026-08-18,2026-08-22,PL-MKT-01,C023774,VM-NUT-0011,1,54.96,0.0,PLN
SO-2026-013190,3,2026-08-18,2026-08-22,PL-MKT-01,C023774, VM-EBK-0003 ,1,9253.61,0.0,PLN
SO-2026-013191,1,2026-08-18,2026-08-19,PL-MKT-01,C023775,VM-EBK-0002,1,10129.09,0.0,PLN
SO-2026-013192,1,2026-08-18,2026-08-18,CZ-PRG-01,C023702,VM-CMP-0017,1,2939.0,0.0,CZK
SO-2026-013193,1,2026-08-18,2026-08-18,CZ-PRG-01,C023776,VM-NUT-0007,3,76.0,0.0,CZK
SO-2026-013193,2,2026-08-18,2026-08-18,CZ-PRG-01,C023776,VM-ACC-0007,1,2116.0,0.0,CZK
SO-2026-013193,3,2026-08-18,2026-08-18,CZ-PRG-01,C023776,VM-CMP-0018,1,364.0,0.0,CZK
SO-2026-013194,1,2026-08-18,2026-08-18,CZ-PRG-01,,VM-EBK-0005,1,102564.0,0.0,CZK
SO-2026-013194,2,2026-08-18,2026-08-18,CZ-PRG-01,,VM-ACC-0008,1,2351.0,0.0,CZK
SO-2026-013194,3,2026-08-18,2026-08-18,CZ-PRG-01,,VM-ACC-0014,1,646.0,0.0,CZK
SO-2026-013194,4,2026-08-18,2026-08-18,CZ-PRG-01,,VM-ACC-0013,1,999.0,0.0,CZK
SO-2026-013195,1,2026-08-18,2026-08-18,CZ-PRG-01,C023777,VM-BIK-0020,1,7112.0,0.0,CZK
SO-2026-013195,2,2026-08-18,2026-08-18,CZ-PRG-01,C023777,VM-ACC-0008,1,2351.0,0.0,CZK
SO-2026-013195,3,2026-08-18,2026-08-18,CZ-PRG-01,C023777,VM-CMP-0017,2,2939.0,0.0,CZK
SO-2026-013196,1,2026-08-18,2026-08-18,CZ-PRG-01,,VM-CMP-0016,1,14459.0,0.0,CZK
SO-2026-013196,2,2026-08-18,2026-08-18,CZ-PRG-01,,VM-EBK-0005,1,102564.0,0.0,CZK
SO-2026-013197,1,2026-08-18,2026-08-18,CZ-BRN-01,,VM-NUT-0011,2,317.0,0.0,CZK
SO-2026-013198,1,2026-08-18,2026-08-22,CZ-WEB-01,C018243,VM-ACC-0008,2,2351.0,0.0,CZK
SO-2026-013199,1,2026-08-18,2026-08-18,DE-BER-01,C018754,VM-ACC-0013,1,40.7,0.05,EUR
SO-2026-013200,1,2026-08-18,2026-08-18,DE-BER-01,C023778,VM-ACC-0001,2,90.98,0.05,EUR
SO-2026-013200,2,2026-08-18,2026-08-18,DE-BER-01,C023778,VM-CMP-0006,1,47.88,0.05,EUR
SO-2026-013201,1,2026-08-18,2026-08-20,DE-WEB-01,C016969,VM-NUT-0004,7,1.67,0.0,EUR
SO-2026-013202,1,2026-08-18,2026-08-22,DE-WEB-01,C000234,VM-ACC-0019,3,11.97,0.0,EUR
SO-2026-013203,1,2026-08-18,2026-08-21,DE-WEB-01,C018113,VM-APP-0009,2,83.8,0.0,EUR
SO-2026-013203,2,2026-08-18,2026-08-21,DE-WEB-01,C018113,VM-APP-0010,2,40.7,0.0,EUR
SO-2026-013204,1,2026-08-18,2026-08-20,DE-WEB-01,C016504,VM-ACC-0008,2,95.77,0.0,EUR
SO-2026-013205,1,2026-08-18,2026-08-20,DE-WEB-01,C023779,VM-ACC-0008,2,95.77,0.0,EUR
SO-2026-013205,2,2026-08-18,2026-08-20,DE-WEB-01,C023779,VM-APP-0012,1,208.3,0.0,EUR
SO-2026-013206,1,2026-08-18,2026-08-19,DE-WEB-01,C023780,VM-ACC-0008,2,95.77,0.0,EUR
SO-2026-013206,2,2026-08-18,2026-08-19,DE-WEB-01,C023780,VM-BIK-0007,1,1687.93,0.0,EUR
SO-2026-013206,3,2026-08-18,2026-08-19,DE-WEB-01,C023780,VM-BIK-0014,1,916.99,0.0,EUR
SO-2026-013206,4,2026-08-18,2026-08-19,DE-WEB-01,C023780,VM-CMP-0020,3,62.25,0.0,EUR
SO-2026-013207,1,2026-08-18,2026-08-20,DE-WEB-01,C023781,VM-EBK-0011,1,3505.14,0.05,EUR
SO-2026-013208,1,2026-08-18,2026-08-20,DE-WEB-01,C022715,VM-CMP-0009,1,83.8,0.05,EUR
SO-2026-013209,1,2026-08-18,2026-08-21,DE-WEB-01,C023433,VM-EBK-0003,1,2176.35,0.05,EUR
SO-2026-013209,2,2026-08-18,2026-08-21,DE-WEB-01,C023433,VM-ACC-0007,2,86.19,0.05,EUR
SO-2026-013210,1,2026-08-19,2026-08-19,PL-WAW-01,C023782,VM-BIK-0020,1,1231.77,0.0,PLN
SO-2026-013210,2,2026-08-19,2026-08-19,PL-WAW-01,C023782,VM-ACC-0014,1,111.97,0.0,PLN
SO-2026-013210,3,2026-08-19,2026-08-19,PL-WAW-01,C023782,VM-APP-0008,1,162.87,0.0,PLN
SO-2026-013211,1,2026-08-19,2026-08-19,PL-WAW-01,C021232,VM-ACC-0008,2,407.19,0.05,PLN
SO-2026-013211,2,2026-08-19,2026-08-19,PL-WAW-01,C021232,VM-BIK-0003,1,6657.71,0.05,PLN
SO-2026-013211,3,2026-08-19,2026-08-19,PL-WAW-01,C021232,VM-APP-0002,2,447.91,0.05,PLN
SO-2026-013212,1,2026-08-19,2026-08-19,PL-WAW-01,C019631,VM-ACC-0007,2,366.47,0.1,PLN
SO-2026-013213,1,2026-08-19,2026-08-19,PL-WAW-01,,VM-ACC-0009,1,407.19,0.0,PLN
SO-2026-013213,2,2026-08-19,2026-08-19,PL-WAW-01,,VM-ACC-0012,1,73.29,0.0,PLN
SO-2026-013213,3,2026-08-19,2026-08-19,PL-WAW-01,,VM-APP-0011,2,417.37,0.0,PLN
SO-2026-013213,4,2026-08-19,2026-08-19,PL-WAW-01,,VM-NUT-0002,4,15.26,0.0,PLN
SO-2026-013214,1,2026-08-19,2026-08-19,PL-WAW-01,C003045,VM-APP-0010,1,173.05,0.0,PLN
SO-2026-013214,2,2026-08-19,2026-08-19,PL-WAW-01,C003045,VM-APP-0020,1,183.23,0.0,PLN
SO-2026-013215,1,2026-08-19,2026-08-19,PL-WAW-01,C010221,VM-CMP-0018,3,63.11,0.05,PLN
SO-2026-013216,1,2026-08-19,2026-08-19,PL-WAW-01,,VM-BIK-0007,1,7176.89,0.0,PLN
SO-2026-013216,2,2026-08-19,2026-08-19,PL-WAW-01,,VM-ACC-0008,2,407.19,0.0,PLN
SO-2026-013217,1,2026-08-19,2026-08-19,PL-WAW-01,C014859,VM-EBK-0004,1,11279.43,0.0,PLN
SO-2026-013217,2,2026-08-19,2026-08-19,PL-WAW-01,C014859,VM-EBK-0003,1,9253.61,0.1,PLN
SO-2026-013218,1,2026-08-19,2026-08-19,PL-WAW-02,C020322,VM-APP-0004,3,244.31,0.05,PLN
SO-2026-013219,1,2026-08-19,2026-08-19,PL-WAW-02,,VM-NUT-0006,7,10.17,0.0,PLN
SO-2026-013220,1,2026-08-19,2026-08-19,PL-WAW-02,,VM-BIK-0009,1,5741.51,0.0,PLN
SO-2026-013221,1,2026-08-19,2026-08-19,PL-KRK-01,C010588,VM-APP-0008,1,162.87,0.0,PLN
SO-2026-013222,1,2026-08-19,2026-08-19,PL-KRK-01,C021103,VM-BIK-0007,1,7176.89,0.0,PLN
SO-2026-013223,1,2026-08-19,2026-08-19,PL-KRK-01,C023783,VM-ACC-0002,8,620.97,0.1,PLN
SO-2026-013224,1,2026-08-19,2026-08-19,PL-WRO-01,C023784,VM-NUT-0007,12,13.22,0.0,PLN
SO-2026-013224,2,2026-08-19,2026-08-19,PL-WRO-01,C023784,VM-BIK-0007,1,7176.89,0.0,PLN
SO-2026-013224,3,2026-08-19,2026-08-19,PL-WRO-01,C023784,VM-ACC-0020,1,824.57,0.0,PLN
SO-2026-013225,1,2026-08-19,2026-08-19,PL-WRO-01,C023785,VM-APP-0002,1,447.91,0.0,PLN
SO-2026-013225,2,2026-08-19,2026-08-19,PL-WRO-01,C023785,VM-BIK-0012,1,12022.57,0.0,PLN
SO-2026-013226,1,2026-08-19,2026-08-19,PL-GDN-01,C023490,VM-ACC-0018,1,50.89,0.05,PLN
SO-2026-013226,2,2026-08-19,2026-08-19,PL-GDN-01,C023490,VM-BIK-0013,1,4886.39,0.05,PLN
SO-2026-013227,1,2026-08-19,2026-08-19,PL-GDN-01,C023786,VM-ACC-0017,3,59.03,0.0,PLN
SO-2026-013227,2,2026-08-19,2026-08-19,PL-GDN-01,C023786,VM-ACC-0018,1,50.89,0.0,PLN
SO-2026-013228,1,2026-08-19,2026-08-19,PL-GDN-01,C023787,VM-NUT-0008,10,10.17,0.0,PLN
SO-2026-013228,2,2026-08-19,2026-08-19,PL-GDN-01,C023787,VM-ACC-0008,1,407.19,0.0,PLN
SO-2026-013229,1,2026-08-19,2026-08-19,PL-POZ-01,C023788,VM-CMP-0002,1,570.07,0.0,PLN
SO-2026-013229,2,2026-08-19,2026-08-19,PL-POZ-01,C023788,VM-EBK-0009,1,10088.37,0.0,PLN
SO-2026-013230,1,2026-08-19,2026-08-19,PL-POZ-01,C019234,vm-bik-0012,1,12022.57,0.0,PLN
SO-2026-013230,2,2026-08-19,2026-08-19,PL-POZ-01,C019234,VM-NUT-0006,11,10.17,0.0,PLN
SO-2026-013230,3,2026-08-19,2026-08-19,PL-POZ-01,C019234,vm-acc-0018,3,50.89,0.0,PLN
SO-2026-013231,1,2026-08-19,2026-08-19,PL-POZ-01,,VM-CMP-0019,1,213.77,0.0,PLN
SO-2026-013232,1,2026-08-19,2026-08-19,PL-LDZ-01,C023789,VM-EBK-0009,1,10088.37,0.05,PLN
SO-2026-013232,2,2026-08-19,2026-08-19,PL-LDZ-01,C023789,VM-EBK-0004,1,11279.43,0.05,PLN
SO-2026-013233,1,2026-08-19,2026-08-19,PL-LDZ-01,C020025,VM-BIK-0022,1,1425.19,0.0,PLN
SO-2026-013234,1,2026-08-19,2026-08-20,PL-WEB-01,C012521,vm-nut-0007,9,13.22,0.12,PLN
SO-2026-013235,1,2026-08-19,2026-08-20,PL-WEB-01,C012800,VM-EBK-0007,1,14964.59,0.0,PLN
SO-2026-013236,1,2026-08-19,2026-08-22,PL-WEB-01,C019626,VM-APP-0007,2,162.87,0.0,PLN
SO-2026-013237,1,2026-08-19,2026-08-22,PL-WEB-01,C023790,VM-APP-0012,1,885.65,0.0,PLN
SO-2026-013238,1,2026-08-19,2026-08-23,PL-WEB-01,C019258,VM-NUT-0007,4,13.22,0.0,PLN
SO-2026-013239,1,2026-08-19,2026-08-20,PL-WEB-01,C019560,VM-BIK-0011,1,8805.69,0.0,PLN
SO-2026-013239,2,2026-08-19,2026-08-20,PL-WEB-01,C019560,VM-ACC-0006,1,967.09,0.0,PLN
SO-2026-013240,1,2026-08-19,2026-08-23,PL-WEB-01,C011058,VM-APP-0006,1,315.57,0.05,PLN
SO-2026-013240,2,2026-08-19,2026-08-23,PL-WEB-01,C011058,VM-ACC-0021,1,794.03,0.05,PLN
SO-2026-013241,1,2026-08-19,2026-08-20,PL-WEB-01,C023298,VM-APP-0013,1,447.91,0.05,PLN
SO-2026-013242,1,2026-08-19,2026-08-21,PL-WEB-01,C023791,VM-ACC-0018,10,50.89,0.12,PLN
SO-2026-013242,2,2026-08-19,2026-08-21,PL-WEB-01,C023791,VM-ACC-0019,2,50.89,0.12,PLN
SO-2026-013243,1,2026-08-19,2026-08-20,PL-WEB-01,C022532,VM-CMP-0020,2,264.67,0.0,PLN
SO-2026-013244,1,2026-08-19,2026-08-21,PL-WEB-01,C023692,VM-APP-0002,1,447.91,0.0,PLN
SO-2026-013245,1,2026-08-19,2026-08-20,PL-WEB-01,C023792,VM-CMP-0013,1,539.53,0.05,PLN
SO-2026-013245,2,2026-08-19,2026-08-20,PL-WEB-01,C023792,VM-APP-0006,3,315.57,0.1,PLN
SO-2026-013246,1,2026-08-19,2026-08-22,PL-MKT-01,C023793,VM-NUT-0008,60,10.17,0.08,PLN
SO-2026-013246,2,2026-08-19,2026-08-22,PL-MKT-01,C023793,VM-ACC-0004,8,794.03,0.08,PLN
SO-2026-013246,3,2026-08-19,2026-08-22,PL-MKT-01,C023793,VM-APP-0010,4,173.05,0.12,PLN
SO-2026-013247,1,2026-08-19,2026-08-22,PL-MKT-01,C023794,VM-ACC-0004,1,794.03,0.0,PLN
SO-2026-013247,2,2026-08-19,2026-08-22,PL-MKT-01,C023794,VM-BIK-0017,1,1944.37,0.0,PLN
SO-2026-013247,3,2026-08-19,2026-08-22,PL-MKT-01,C023794,VM-BIK-0013,1,4886.39,0.0,PLN
SO-2026-013248,1,2026-08-19,2026-08-21,PL-MKT-01,C021940,VM-CMP-0006,2,203.59,0.0,PLN
SO-2026-013248,2,2026-08-19,2026-08-21,PL-MKT-01,C021940,VM-ACC-0008,1,407.19,0.0,PLN
SO-2026-013249,1,2026-08-19,2026-08-21,PL-MKT-01,C017923,vm-app-0010,2,173.05,0.0,PLN
SO-2026-013250,1,2026-08-19,2026-08-22,PL-MKT-01,C004745,VM-APP-0006,2,315.57,0.0,PLN
SO-2026-013250,2,2026-08-19,2026-08-22,PL-MKT-01,C004745,VM-BIK-0022,1,1425.19,0.0,PLN
SO-2026-013251,1,2026-08-19,2026-08-20,PL-MKT-01,C023795,VM-EBK-0007,1,14964.59,0.0,PLN
SO-2026-013251,2,2026-08-19,2026-08-20,PL-MKT-01,C023795,VM-APP-0002,1,447.91,0.0,PLN
SO-2026-013251,3,2026-08-19,2026-08-20,PL-MKT-01,C023795,VM-ACC-0018,3,50.89,0.0,PLN
SO-2026-013251,4,2026-08-19,2026-08-20,PL-MKT-01,C023795,VM-ACC-0014,1,111.97,0.0,PLN
SO-2026-013252,1,2026-08-19,2026-08-23,PL-MKT-01,C011096,VM-ACC-0009,5,407.19,0.12,PLN
SO-2026-013252,2,2026-08-19,2026-08-23,PL-MKT-01,C011096,VM-EBK-0008,2,15371.79,0.12,PLN
SO-2026-013253,1,2026-08-19,2026-08-20,PL-MKT-01,C010735,VM-CMP-0017,1,508.99,0.05,PLN
SO-2026-013254,1,2026-08-19,2026-08-20,PL-MKT-01,C018580,VM-NUT-0002,7,15.26,0.05,PLN
SO-2026-013254,2,2026-08-19,2026-08-20,PL-MKT-01,C018580,VM-BIK-0017,1,1944.37,0.05,PLN
SO-2026-013254,3,2026-08-19,2026-08-20,PL-MKT-01,C018580,VM-NUT-0004,8,7.12,0.05,PLN
SO-2026-013255,1,2026-08-19,2026-08-21,PL-MKT-01,C020341,VM-APP-0019,2,67.18,0.0,PLN
SO-2026-013256,1,2026-08-19,2026-08-21,PL-MKT-01,C022301,VM-CMP-0009,2,356.29,0.05,PLN
SO-2026-013257,1,2026-08-19,2026-08-19,CZ-PRG-01,,VM-EBK-0002,1,58482.0,0.0,CZK
SO-2026-013257,2,2026-08-19,2026-08-19,CZ-PRG-01,,VM-ACC-0008,1,2351.0,0.0,CZK
SO-2026-013258,1,2026-08-19,2026-08-19,CZ-PRG-01,C023796,VM-APP-0007,2,940.0,0.0,CZK
SO-2026-013259,1,2026-08-19,2026-08-21,CZ-WEB-01,C015476,VM-ACC-0006,1,5584.0,0.0,CZK
SO-2026-013259,2,2026-08-19,2026-08-21,CZ-WEB-01,C015476,VM-ACC-0002,1,3585.0,0.0,CZK
SO-2026-013260,1,2026-08-19,2026-08-21,CZ-WEB-01,C023797,VM-ACC-0020,1,4761.0,0.1,CZK
SO-2026-013260,2,2026-08-19,2026-08-21,CZ-WEB-01,C023797,VM-NUT-0001,5,53.0,0.0,CZK
SO-2026-013260,3,2026-08-19,2026-08-21,CZ-WEB-01,C023797,VM-APP-0020,1,1058.0,0.0,CZK
SO-2026-013261,1,2026-08-19,2026-08-22,CZ-WEB-01,C020752,VM-CMP-0004,2,4232.0,0.05,CZK
SO-2026-013262,1,2026-08-19,2026-08-21,CZ-WEB-01,C011715,VM-APP-0010,1,999.0,0.0,CZK
SO-2026-013262,2,2026-08-19,2026-08-21,CZ-WEB-01,C011715,VM-APP-0002,1,2586.0,0.0,CZK
SO-2026-013263,1,2026-08-19,2026-08-22,CZ-WEB-01,C005235,VM-NUT-0009,1,500.0,0.0,CZK
SO-2026-013263,2,2026-08-19,2026-08-22,CZ-WEB-01,C005235,VM-BIK-0004,1,25097.0,0.0,CZK
SO-2026-013263,3,2026-08-19,2026-08-22,CZ-WEB-01,C005235,VM-BIK-0012,1,69414.0,0.0,CZK
SO-2026-013263,4,2026-08-19,2026-08-22,CZ-WEB-01,C005235,VM-ACC-0002,2,3585.0,0.0,CZK
SO-2026-013264,1,2026-08-19,2026-08-21,CZ-WEB-01,C015644,VM-BIK-0017,1,11226.0,0.05,CZK
SO-2026-013265,1,2026-08-19,2026-08-21,CZ-WEB-01,C019274, VM-CMP-0017 ,2,2939.0,0.0,CZK
SO-2026-013265,2,2026-08-19,2026-08-21,CZ-WEB-01,C019274,VM-BIK-0007,1,41437.0,0.0,CZK
SO-2026-013266,1,2026-08-19,2026-08-19,DE-BER-01,,VM-ACC-0008,1,95.77,0.0,EUR
SO-2026-013266,2,2026-08-19,2026-08-19,DE-BER-01,,VM-BIK-0011,1,2071.0,0.0,EUR
SO-2026-013267,1,2026-08-19,2026-08-19,DE-BER-01,C010898,VM-CMP-0005,2,354.34,0.05,EUR
SO-2026-013268,1,2026-08-19,2026-08-19,DE-BER-01,C022626,VM-NUT-0006,6,2.39,0.0,EUR
SO-2026-013268,2,2026-08-19,2026-08-19,DE-BER-01,C022626,VM-EBK-0008,1,3615.28,0.0,EUR
SO-2026-013268,3,2026-08-19,2026-08-19,DE-BER-01,C022626,VM-BIK-0017,1,457.29,0.0,EUR
SO-2026-013269,1,2026-08-19,2026-08-23,DE-WEB-01,C023381,VM-ACC-0008,1,95.77,0.05,EUR
SO-2026-013269,2,2026-08-19,2026-08-23,DE-WEB-01,C023381,VM-ACC-0005,2,43.09,0.0,EUR
SO-2026-013269,3,2026-08-19,2026-08-23,DE-WEB-01,C023381,VM-NUT-0006,7,2.39,0.0,EUR
SO-2026-013269,4,2026-08-19,2026-08-23,DE-WEB-01,C023381,VM-APP-0009,1,83.8,0.0,EUR
SO-2026-013270,1,2026-08-19,2026-08-22,DE-WEB-01,C016857,VM-APP-0020,1,43.09,0.0,EUR
SO-2026-013271,1,2026-08-19,2026-08-21,DE-WEB-01,C005657,VM-BIK-0002,1,2305.64,0.05,EUR
SO-2026-013271,2,2026-08-19,2026-08-21,DE-WEB-01,C005657,VM-ACC-0014,1,26.33,0.05,EUR
SO-2026-013272,1,2026-08-19,2026-08-20,DE-WEB-01,C023798,VM-BIK-0007,1,1687.93,0.05,EUR
SO-2026-013272,2,2026-08-19,2026-08-20,DE-WEB-01,C023798, VM-ACC-0014 ,1,26.33,0.05,EUR
SO-2026-013273,1,2026-08-19,2026-08-23,DE-WEB-01,C023799,VM-NUT-0004,11,1.67,0.05,EUR
SO-2026-013273,2,2026-08-19,2026-08-23,DE-WEB-01,C023799,VM-ACC-0002,1,146.05,0.05,EUR
SO-2026-013274,1,2026-08-19,2026-08-22,DE-WEB-01,C023800,VM-NUT-0008,7,2.39,0.05,EUR
SO-2026-013275,1,2026-08-19,2026-08-21,DE-WEB-01,C021518,VM-BIK-0007,2,1687.93,0.08,EUR
SO-2026-013275,2,2026-08-19,2026-08-21,DE-WEB-01,C021518,VM-NUT-0004,22,1.67,0.1,EUR
SO-2026-013275,3,2026-08-19,2026-08-21,DE-WEB-01,C021518,VM-BIK-0012,4,2827.58,0.08,EUR
SO-2026-013276,1,2026-08-20,2026-08-20,PL-WAW-01,,VM-CMP-0018,3,63.11,0.0,PLN
SO-2026-013277,1,2026-08-20,2026-08-20,PL-WAW-01,,VM-NUT-0004,9,7.12,0.0,PLN
SO-2026-013278,1,2026-08-20,2026-08-20,PL-WAW-02,C021579,VM-EBK-0008,1,15371.79,0.0,PLN
SO-2026-013279,1,2026-08-20,2026-08-20,PL-WAW-02,,VM-NUT-0004,10,7.12,0.0,PLN
SO-2026-013280,1,2026-08-20,2026-08-20,PL-WAW-02,C011751,VM-CMP-0017,2,508.99,0.05,PLN
SO-2026-013281,1,2026-08-20,2026-08-20,PL-KRK-01,C020537,VM-BIK-0004,1,4346.85,0.0,PLN
SO-2026-013281,2,2026-08-20,2026-08-20,PL-KRK-01,C020537,VM-ACC-0008,2,407.19,0.0,PLN
SO-2026-013281,3,2026-08-20,2026-08-20,PL-KRK-01,C020537,VM-CMP-0013,1,539.53,0.0,PLN
SO-2026-013281,4,2026-08-20,2026-08-20,PL-KRK-01,C020537,VM-ACC-0013,1,173.05,0.0,PLN
SO-2026-013282,1,2026-08-20,2026-08-20,PL-KRK-01,C017598,VM-NUT-0002,11,15.26,0.0,PLN
SO-2026-013283,1,2026-08-20,2026-08-20,PL-KRK-01,C009068,VM-APP-0007,1,162.87,0.0,PLN
SO-2026-013284,1,2026-08-20,2026-08-20,PL-KRK-01,C023801,VM-APP-0002,2,447.91,0.05,PLN
SO-2026-013285,1,2026-08-20,2026-08-20,PL-WRO-01,C023197,VM-ACC-0008,1,407.19,0.05,PLN
SO-2026-013286,1,2026-08-20,2026-08-20,PL-WRO-01,C023802,VM-APP-0002,3,447.91,0.0,PLN
SO-2026-013287,1,2026-08-20,2026-08-20,PL-GDN-01,C023803,VM-NUT-0009,3,86.52,0.0,PLN
SO-2026-013288,1,2026-08-20,2026-08-20,PL-GDN-01,C012882,VM-APP-0012,1,885.65,0.0,PLN
SO-2026-013289,1,2026-08-20,2026-08-20,PL-GDN-01,,VM-ACC-0008,1,407.19,0.0,PLN
SO-2026-013289,2,2026-08-20,2026-08-20,PL-GDN-01,,VM-APP-0010,2,173.05,0.0,PLN
SO-2026-013290,1,2026-08-20,2026-08-20,PL-GDN-01,,VM-CMP-0001,1,407.19,0.0,PLN
SO-2026-013290,2,2026-08-20,2026-08-20,PL-GDN-01,,VM-ACC-0020,1,824.57,0.0,PLN
SO-2026-013291,1,2026-08-20,2026-08-20,PL-POZ-01,C017168,VM-BIK-0003,1,6657.71,0.0,PLN
SO-2026-013291,2,2026-08-20,2026-08-20,PL-POZ-01,C017168,VM-ACC-0007,1,366.47,0.0,PLN
SO-2026-013291,3,2026-08-20,2026-08-20,PL-POZ-01,C017168,VM-BIK-0011,1,8805.69,0.0,PLN
SO-2026-013292,1,2026-08-20,2026-08-20,PL-LDZ-01,C016826,VM-NUT-0006,6,10.17,0.0,PLN
SO-2026-013293,1,2026-08-20,2026-08-20,PL-LDZ-01,C023604,VM-NUT-0006,9,10.17,0.0,PLN
SO-2026-013294,1,2026-08-20,2026-08-20,PL-LDZ-01,C017403,VM-CMP-0001,1,407.19,0.05,PLN
SO-2026-013295,1,2026-08-20,2026-08-21,PL-WEB-01,C020400,VM-BIK-0014,1,3898.93,0.0,PLN
SO-2026-013296,1,2026-08-20,2026-08-21,PL-WEB-01,C014786,VM-EBK-0011,1,14903.51,0.05,PLN
SO-2026-013296,2,2026-08-20,2026-08-21,PL-WEB-01,C014786,VM-ACC-0007,1,366.47,0.05,PLN
SO-2026-013297,1,2026-08-20,2026-08-21,PL-WEB-01,C014305,VM-NUT-0009,2,86.52,0.0,PLN
SO-2026-013298,1,2026-08-20,2026-08-21,PL-WEB-01,C023804,VM-CMP-0005,2,1506.63,0.0,PLN
SO-2026-013298,2,2026-08-20,2026-08-21,PL-WEB-01,C023804,VM-ACC-0014,1,111.97,0.0,PLN
SO-2026-013299,1,2026-08-20,2026-08-23,PL-WEB-01,C012293,VM-BIK-0001,1,13936.41,0.0,PLN
SO-2026-013299,2,2026-08-20,2026-08-23,PL-WEB-01,C012293,VM-ACC-0018,2,50.89,0.0,PLN
SO-2026-013300,1,2026-08-20,2026-08-21,PL-WEB-01,C017949,VM-BIK-0007,1,7176.89,0.05,PLN
SO-2026-013300,2,2026-08-20,2026-08-21,PL-WEB-01,C017949,VM-EBK-0007,1,14964.59,0.05,PLN
SO-2026-013300,3,2026-08-20,2026-08-21,PL-WEB-01,C017949,VM-ACC-0003,1,295.21,0.05,PLN
SO-2026-013300,4,2026-08-20,2026-08-21,PL-WEB-01,C017949,VM-ACC-0002,2,620.97,0.05,PLN
SO-2026-013301,1,2026-08-20,2026-08-21,PL-WEB-01,C023715,VM-EBK-0008,1,15371.79,0.0,PLN
SO-2026-013302,1,2026-08-20,2026-08-21,PL-WEB-01,C017432,VM-ACC-0010,2,254.49,0.0,PLN
SO-2026-013302,2,2026-08-20,2026-08-21,PL-WEB-01,C017432,VM-APP-0008,1,162.87,0.0,PLN
SO-2026-013303,1,2026-08-20,2026-08-22,PL-WEB-01,C015183,VM-NUT-0001,9,9.15,0.0,PLN
SO-2026-013303,2,2026-08-20,2026-08-22,PL-WEB-01,C015183,VM-ACC-0008,1,407.19,0.0,PLN
SO-2026-013304,1,2026-08-20,2026-08-21,PL-WEB-01,C022913,VM-BIK-0014,1,3898.93,0.0,PLN
SO-2026-013304,2,2026-08-20,2026-08-21,PL-WEB-01,C022913,VM-ACC-0007,2,366.47,0.0,PLN
SO-2026-013304,3,2026-08-20,2026-08-21,PL-WEB-01,C022913,VM-ACC-0019,1,50.89,0.0,PLN
SO-2026-013305,1,2026-08-20,2026-08-21,PL-WEB-01,C023805,VM-ACC-0013,1,173.05,0.0,PLN
SO-2026-013305,2,2026-08-20,2026-08-21,PL-WEB-01,C023805,VM-ACC-0018,1,50.89,0.0,PLN
SO-2026-013306,1,2026-08-20,2026-08-24,PL-WEB-01,C023806,VM-EBK-0010,1,13732.81,0.0,PLN
SO-2026-013307,1,2026-08-20,2026-08-23,PL-WEB-01,C022359,VM-ACC-0022,1,1598.25,0.0,PLN
SO-2026-013308,1,2026-08-20,2026-08-22,PL-MKT-01,C023807,VM-BIK-0005,1,7543.37,0.0,PLN
SO-2026-013309,1,2026-08-20,2026-08-24,PL-MKT-01,C023808,VM-APP-0009,1,356.29,0.0,PLN
SO-2026-013309,2,2026-08-20,2026-08-24,PL-MKT-01,C023808,VM-APP-0002,2,447.91,0.0,PLN
SO-2026-013310,1,2026-08-20,2026-08-22,PL-MKT-01,C023809,VM-CMP-0019,4,213.77,0.0,PLN
SO-2026-013311,1,2026-08-20,2026-08-24,PL-MKT-01,C019140,VM-ACC-0008,1,407.19,0.0,PLN
SO-2026-013312,1,2026-08-20,2026-08-24,PL-MKT-01,C009374,VM-EBK-0003,1,9253.61,0.05,PLN
SO-2026-013312,2,2026-08-20,2026-08-24,PL-MKT-01,C009374,VM-ACC-0009,2,407.19,0.05,PLN
SO-2026-013312,3,2026-08-20,2026-08-24,PL-MKT-01,C009374,VM-ACC-0008,2,407.19,0.05,PLN
SO-2026-013313,1,2026-08-20,2026-08-23,PL-MKT-01,C023810,VM-APP-0019,1,67.18,0.0,PLN
SO-2026-013314,1,2026-08-20,2026-08-23,PL-MKT-01,C011706,VM-ACC-0002,1,620.97,0.0,PLN
SO-2026-013315,1,2026-08-20,2026-08-20,CZ-PRG-01,C020461,VM-BIK-0012,1,69414.0,0.0,CZK
SO-2026-013315,2,2026-08-20,2026-08-20,CZ-PRG-01,C020461,VM-ACC-0008,1,2351.0,0.0,CZK
SO-2026-013316,1,2026-08-20,2026-08-20,CZ-PRG-01,C020250,VM-ACC-0001,2,2233.0,0.0,CZK
SO-2026-013316,2,2026-08-20,2026-08-20,CZ-PRG-01,C020250,VM-APP-0007,1,940.0,0.0,CZK
SO-2026-013317,1,2026-08-20,2026-08-20,CZ-PRG-01,,VM-BIK-0012,1,69414.0,0.0,CZK
SO-2026-013318,1,2026-08-20,2026-08-20,CZ-PRG-01,C010198,VM-APP-0020,1,1058.0,0.0,CZK
SO-2026-013318,2,2026-08-20,2026-08-20,CZ-PRG-01,C010198,VM-ACC-0007,2,2116.0,0.0,CZK
SO-2026-013318,3,2026-08-20,2026-08-20,CZ-PRG-01,C010198,VM-EBK-0011,1,86048.0,0.0,CZK
SO-2026-013319,1,2026-08-20,2026-08-20,CZ-BRN-01,C023811,VM-CMP-0012,1,3174.0,0.05,CZK
SO-2026-013320,1,2026-08-20,2026-08-22,CZ-WEB-01,C012674,VM-CMP-0012,1,3174.0,0.05,CZK
SO-2026-013320,2,2026-08-20,2026-08-22,CZ-WEB-01,C012674,VM-EBK-0004,1,65124.0,0.05,CZK
SO-2026-013321,1,2026-08-20,2026-08-22,CZ-WEB-01,C020584,VM-CMP-0019,2,1234.0,0.0,CZK
SO-2026-013322,1,2026-08-20,2026-08-23,CZ-WEB-01,C015476,VM-ACC-0001,1,2233.0,0.0,CZK
SO-2026-013323,1,2026-08-20,2026-08-24,CZ-WEB-01,C023812,VM-APP-0007,2,940.0,0.0,CZK
SO-2026-013324,1,2026-08-20,2026-08-21,CZ-WEB-01,C017614,VM-APP-0012,1,5113.0,0.0,CZK
SO-2026-013325,1,2026-08-20,2026-08-20,DE-BER-01,,VM-CMP-0013,2,126.89,0.0,EUR
SO-2026-013326,1,2026-08-20,2026-08-20,DE-BER-01,C022715, VM-BIK-0022 ,1,335.19,0.05,EUR
SO-2026-013326,2,2026-08-20,2026-08-20,DE-BER-01,C022715,VM-ACC-0013,1,40.7,0.05,EUR
SO-2026-013326,3,2026-08-20,2026-08-20,DE-BER-01,C022715,VM-ACC-0017,3,13.88,0.05,EUR
SO-2026-013327,1,2026-08-20,2026-08-24,DE-WEB-01,C023813,VM-ACC-0008,1,95.77,0.0,EUR
SO-2026-013327,2,2026-08-20,2026-08-24,DE-WEB-01,C023813,VM-EBK-0007,1,3519.51,0.0,EUR
SO-2026-013327,3,2026-08-20,2026-08-24,DE-WEB-01,C023813,VM-CMP-0013,1,126.89,0.0,EUR
SO-2026-013328,1,2026-08-20,2026-08-21,DE-WEB-01,C017563,VM-ACC-0016,3,6.94,0.0,EUR
SO-2026-013328,2,2026-08-20,2026-08-21,DE-WEB-01,C017563,VM-APP-0010,2,40.7,0.0,EUR
SO-2026-013329,1,2026-08-20,2026-08-22,DE-WEB-01,C008583,VM-EBK-0003,1,2176.35,0.0,EUR
SO-2026-013330,1,2026-08-20,2026-08-21,DE-WEB-01,C023814,VM-NUT-0008,12,2.39,0.0,EUR
SO-2026-013331,1,2026-08-20,2026-08-23,DE-WEB-01,C022872,VM-APP-0018,1,31.12,0.0,EUR
SO-2026-013331,2,2026-08-20,2026-08-23,DE-WEB-01,C022872,VM-ACC-0021,1,186.75,0.0,EUR
SO-2026-013331,3,2026-08-20,2026-08-23,DE-WEB-01,C022872,VM-NUT-0004,11,1.67,0.0,EUR
SO-2026-013331,4,2026-08-20,2026-08-23,DE-WEB-01,C022872,VM-CMP-0012,1,129.29,0.0,EUR
SO-2026-013332,1,2026-08-20,2026-08-22,DE-WEB-01,C023815,VM-BIK-0007,1,1687.93,0.0,EUR
SO-2026-013332,2,2026-08-20,2026-08-22,DE-WEB-01,C023815,VM-ACC-0008,2,95.77,0.0,EUR
SO-2026-013333,1,2026-08-20,2026-08-21,DE-WEB-01,C023816,VM-ACC-0008,1,95.77,0.05,EUR
SO-2026-013333,2,2026-08-20,2026-08-21,DE-WEB-01,C023816,VM-CMP-0013,2,126.89,0.05,EUR
SO-2026-013334,1,2026-08-20,2026-08-24,DE-WEB-01,C021692,VM-APP-0010,2,40.7,0.05,EUR
SO-2026-013334,2,2026-08-20,2026-08-24,DE-WEB-01,C021692,VM-APP-0012,1,208.3,0.05,EUR
SO-2026-013334,3,2026-08-20,2026-08-24,DE-WEB-01,C021692,VM-NUT-0009,4,20.35,0.05,EUR
SO-2026-013334,4,2026-08-20,2026-08-24,DE-WEB-01,C021692,VM-BIK-0007,1,1687.93,0.05,EUR
SO-2026-013335,1,2026-08-21,2026-08-21,PL-WAW-01,C023817,VM-ACC-0003,1,295.21,0.0,PLN
SO-2026-013335,2,2026-08-21,2026-08-21,PL-WAW-01,C023817, VM-ACC-0013 ,1,173.05,0.1,PLN
SO-2026-013335,3,2026-08-21,2026-08-21,PL-WAW-01,C023817,VM-CMP-0005,1,1506.63,0.0,PLN
SO-2026-013335,4,2026-08-21,2026-08-21,PL-WAW-01,C023817,VM-CMP-0014,2,437.73,0.0,PLN
SO-2026-013336,1,2026-08-21,2026-08-21,PL-WAW-01,C018874,VM-ACC-0007,2,366.47,0.0,PLN
SO-2026-013336,2,2026-08-21,2026-08-21,PL-WAW-01,C018874,VM-ACC-0018,2,50.89,0.0,PLN
SO-2026-013336,3,2026-08-21,2026-08-21,PL-WAW-01,C018874,VM-ACC-0014,1,111.97,0.0,PLN
SO-2026-013337,1,2026-08-21,2026-08-21,PL-WAW-01,C023818,VM-CMP-0008,1,447.91,0.0,PLN
SO-2026-013338,1,2026-08-21,2026-08-21,PL-WAW-01,C019285,VM-ACC-0021,1,794.03,0.0,PLN
SO-2026-013338,2,2026-08-21,2026-08-21,PL-WAW-01,C019285,VM-BIK-0002,1,9803.33,0.0,PLN
SO-2026-013338,3,2026-08-21,2026-08-21,PL-WAW-01,C019285,VM-APP-0003,2,315.57,0.0,PLN
SO-2026-013338,4,2026-08-21,2026-08-21,PL-WAW-01,C019285,VM-EBK-0010,1,13732.81,0.0,PLN
SO-2026-013339,1,2026-08-21,2026-08-21,PL-WAW-01,,VM-NUT-0006,8,10.17,0.0,PLN
SO-2026-013339,2,2026-08-21,2026-08-21,PL-WAW-01,,VM-APP-0014,1,498.81,0.0,PLN
SO-2026-013339,3,2026-08-21,2026-08-21,PL-WAW-01,,VM-ACC-0008,2,407.19,0.0,PLN
SO-2026-013340,1,2026-08-21,2026-08-21,PL-WAW-01,C022656,VM-APP-0013,4,447.91,0.1,PLN
SO-2026-013340,2,2026-08-21,2026-08-21,PL-WAW-01,C022656,VM-BIK-0008,4,5405.57,0.1,PLN
SO-2026-013340,3,2026-08-21,2026-08-21,PL-WAW-01,C022656,VM-BIK-0012,5,12022.57,0.08,PLN
SO-2026-013341,1,2026-08-21,2026-08-21,PL-WAW-01,,VM-CMP-0004,1,732.95,0.0,PLN
SO-2026-013342,1,2026-08-21,2026-08-21,PL-WAW-01,C021638,VM-APP-0012,1,885.65,0.0,PLN
SO-2026-013342,2,2026-08-21,2026-08-21,PL-WAW-01,C021638,VM-NUT-0007,8,13.22,0.0,PLN
SO-2026-013342,3,2026-08-21,2026-08-21,PL-WAW-01,C021638,VM-ACC-0014,1,111.97,0.0,PLN
SO-2026-013343,1,2026-08-21,2026-08-21,PL-WAW-01,,VM-NUT-0002,7,15.26,0.0,PLN
SO-2026-013344,1,2026-08-21,2026-08-21,PL-WAW-01,C023819,VM-NUT-0001,4,9.15,0.05,PLN
SO-2026-013344,2,2026-08-21,2026-08-21,PL-WAW-01,C023819,VM-BIK-0007,1,7176.89,0.05,PLN
SO-2026-013345,1,2026-08-21,2026-08-21,PL-WAW-01,C016823,VM-ACC-0015,1,356.29,0.05,PLN
SO-2026-013345,2,2026-08-21,2026-08-21,PL-WAW-01,C016823,VM-ACC-0014,1,111.97,0.05,PLN
SO-2026-013346,1,2026-08-21,2026-08-21,PL-WAW-02,, VM-NUT-0004 ,3,7.12,0.0,PLN
SO-2026-013346,2,2026-08-21,2026-08-21,PL-WAW-02,,VM-CMP-0005,1,1506.63,0.1,PLN
SO-2026-013347,1,2026-08-21,2026-08-21,PL-WAW-02,C023820,VM-BIK-0019,1,1231.77,0.0,PLN
SO-2026-013347,2,2026-08-21,2026-08-21,PL-WAW-02,C023820,VM-ACC-0003,1,295.21,0.0,PLN
SO-2026-013347,3,2026-08-21,2026-08-21,PL-WAW-02,C023820,VM-ACC-0001,1,386.83,0.0,PLN
SO-2026-013347,4,2026-08-21,2026-08-21,PL-WAW-02,C023820,VM-ACC-0007,2,366.47,0.0,PLN
SO-2026-013348,1,2026-08-21,2026-08-21,PL-KRK-01,,VM-APP-0020,1,183.23,0.0,PLN
SO-2026-013349,1,2026-08-21,2026-08-21,PL-KRK-01,C019579,VM-ACC-0008,2,407.19,0.0,PLN
SO-2026-013350,1,2026-08-21,2026-08-21,PL-WRO-01,C008096,VM-CMP-0016,1,2504.27,0.05,PLN
SO-2026-013350,2,2026-08-21,2026-08-21,PL-WRO-01,C008096,VM-EBK-0009,1,10088.37,0.05,PLN
SO-2026-013351,1,2026-08-21,2026-08-21,PL-WRO-01,C021642,VM-NUT-0003,13,11.19,0.05,PLN
SO-2026-013352,1,2026-08-21,2026-08-21,PL-WRO-01,C004528,VM-ACC-0023,1,946.73,0.0,PLN
SO-2026-013353,1,2026-08-21,2026-08-21,PL-WRO-01,,VM-BIK-0012,1,12022.57,0.0,PLN
SO-2026-013353,2,2026-08-21,2026-08-21,PL-WRO-01,,VM-ACC-0014,1,111.97,0.0,PLN
SO-2026-013353,3,2026-08-21,2026-08-21,PL-WRO-01,,VM-ACC-0013,1,173.05,0.0,PLN
SO-2026-013354,1,2026-08-21,2026-08-21,PL-WRO-01,,VM-EBK-0003,1,9253.61,0.0,PLN
SO-2026-013354,2,2026-08-21,2026-08-21,PL-WRO-01,,VM-ACC-0018,2,50.89,0.1,PLN
SO-2026-013355,1,2026-08-21,2026-08-21,PL-WRO-01,C013595,VM-CMP-0019,4,213.77,0.0,PLN
SO-2026-013356,1,2026-08-21,2026-08-21,PL-GDN-01,,VM-EBK-0004,1,11279.43,0.0,PLN
SO-2026-013356,2,2026-08-21,2026-08-21,PL-GDN-01,,VM-ACC-0011,2,73.29,0.0,PLN
SO-2026-013357,1,2026-08-21,2026-08-21,PL-GDN-01,C013343,VM-EBK-0009,1,10088.37,0.0,PLN
SO-2026-013358,1,2026-08-21,2026-08-21,PL-GDN-01,,VM-ACC-0013,1,173.05,0.0,PLN
SO-2026-013359,1,2026-08-21,2026-08-21,PL-GDN-01,C008899,VM-APP-0005,1,183.23,0.05,PLN
SO-2026-013359,2,2026-08-21,2026-08-21,PL-GDN-01,C008899,VM-APP-0006,2,315.57,0.05,PLN
SO-2026-013360,1,2026-08-21,2026-08-21,PL-POZ-01,,VM-CMP-0005,1,1506.63,0.0,PLN
SO-2026-013360,2,2026-08-21,2026-08-21,PL-POZ-01,,VM-CMP-0004,1,732.95,0.0,PLN
SO-2026-013361,1,2026-08-21,2026-08-21,PL-POZ-01,,VM-BIK-0014,1,3898.93,0.0,PLN
SO-2026-013362,1,2026-08-21,2026-08-21,PL-POZ-01,C019295,VM-CMP-0008,1,447.91,0.0,PLN
SO-2026-013362,2,2026-08-21,2026-08-21,PL-POZ-01,C019295,VM-EBK-0009,1,10088.37,0.0,PLN
SO-2026-013363,1,2026-08-21,2026-08-21,PL-LDZ-01,C023821,VM-CMP-0005,1,1506.63,0.0,PLN
SO-2026-013363,2,2026-08-21,2026-08-21,PL-LDZ-01,C023821,VM-NUT-0008,11,10.17,0.0,PLN
SO-2026-013364,1,2026-08-21,2026-08-21,PL-LDZ-01,C023822,VM-NUT-0002,4,15.26,0.0,PLN
SO-2026-013365,1,2026-08-21,2026-08-22,PL-WEB-01,C023823,VM-ACC-0014,1,111.97,0.0,PLN
SO-2026-013365,2,2026-08-21,2026-08-22,PL-WEB-01,C023823,VM-BIK-0017,1,1944.37,0.0,PLN
SO-2026-013365,3,2026-08-21,2026-08-22,PL-WEB-01,C023823,VM-BIK-0013,1,4886.39,0.0,PLN
SO-2026-013366,1,2026-08-21,2026-08-24,PL-WEB-01,C023824,VM-NUT-0001,8,9.15,0.0,PLN
SO-2026-013367,1,2026-08-21,2026-08-24,PL-WEB-01,C019018, VM-NUT-0002 ,6,15.26,0.0,PLN
SO-2026-013368,1,2026-08-21,2026-08-24,PL-WEB-01,C013354,VM-CMP-0005,2,1506.63,0.0,PLN
SO-2026-013368,2,2026-08-21,2026-08-24,PL-WEB-01,C013354,VM-APP-0006,1,315.57,0.0,PLN
SO-2026-013368,3,2026-08-21,2026-08-24,PL-WEB-01,C013354,VM-EBK-0004,1,11279.43,0.0,PLN
SO-2026-013369,1,2026-08-21,2026-08-24,PL-WEB-01,C023825,VM-NUT-0003,6,11.19,0.05,PLN
SO-2026-013370,1,2026-08-21,2026-08-22,PL-WEB-01,C023826,VM-EBK-0003,1,9253.61,0.0,PLN
SO-2026-013370,2,2026-08-21,2026-08-22,PL-WEB-01,C023826,VM-ACC-0008,1,407.19,0.0,PLN
SO-2026-013370,3,2026-08-21,2026-08-22,PL-WEB-01,C023826,VM-BIK-0014,1,3898.93,0.0,PLN
SO-2026-013370,4,2026-08-21,2026-08-22,PL-WEB-01,C023826,VM-ACC-0018,3,50.89,0.0,PLN
SO-2026-013371,1,2026-08-21,2026-08-25,PL-WEB-01,C023827,VM-CMP-0005,2,1506.63,0.0,PLN
SO-2026-013372,1,2026-08-21,2026-08-23,PL-MKT-01,C007184,VM-NUT-0006,33,10.17,0.1,PLN
SO-2026-013373,1,2026-08-21,2026-08-23,PL-MKT-01,C013571,VM-EBK-0002,1,10129.09,0.0,PLN
SO-2026-013373,2,2026-08-21,2026-08-23,PL-MKT-01,C013571,VM-ACC-0003,2,295.21,0.0,PLN
SO-2026-013373,3,2026-08-21,2026-08-23,PL-MKT-01,C013571,VM-EBK-0004,1,11279.43,0.0,PLN
SO-2026-013373,4,2026-08-21,2026-08-23,PL-MKT-01,C013571,VM-ACC-0007,2,366.47,0.0,PLN
SO-2026-013374,1,2026-08-21,2026-08-23,PL-MKT-01,C023828,vm-nut-0003,3,11.19,0.0,PLN
SO-2026-013374,2,2026-08-21,2026-08-23,PL-MKT-01,C023828,VM-BIK-0011,1,8805.69,0.0,PLN
SO-2026-013375,1,2026-08-21,2026-08-25,PL-MKT-01,C012629,VM-ACC-0008,10,407.19,0.12,PLN
SO-2026-013376,1,2026-08-21,2026-08-24,PL-MKT-01,C010582,VM-ACC-0010,6,254.49,0.1,PLN
SO-2026-013376,2,2026-08-21,2026-08-24,PL-MKT-01,C010582,VM-NUT-0006,24,10.17,0.12,PLN
SO-2026-013377,1,2026-08-21,2026-08-22,PL-MKT-01,C018667,VM-BIK-0013,5,4886.39,0.08,PLN
SO-2026-013378,1,2026-08-21,2026-08-24,PL-MKT-01,C015364,VM-BIK-0012,1,12022.57,0.0,PLN
SO-2026-013378,2,2026-08-21,2026-08-24,PL-MKT-01,C015364,VM-ACC-0013,1,173.05,0.0,PLN
SO-2026-013378,3,2026-08-21,2026-08-24,PL-MKT-01,C015364,VM-ACC-0003,1,295.21,0.0,PLN
SO-2026-013378,4,2026-08-21,2026-08-24,PL-MKT-01,C015364,VM-ACC-0014,1,111.97,0.0,PLN
SO-2026-013379,1,2026-08-21,2026-08-23,PL-MKT-01,C022929,VM-CMP-0009,5,356.29,0.12,PLN
SO-2026-013380,1,2026-08-21,2026-08-25,PL-MKT-01,C021684,VM-NUT-0004,6,7.12,0.0,PLN
SO-2026-013380,2,2026-08-21,2026-08-25,PL-MKT-01,C021684,VM-ACC-0008,1,407.19,0.0,PLN
SO-2026-013380,3,2026-08-21,2026-08-25,PL-MKT-01,C021684,VM-NUT-0006,8,10.17,0.0,PLN
SO-2026-013380,4,2026-08-21,2026-08-25,PL-MKT-01,C021684,VM-ACC-0002,2,620.97,0.0,PLN
SO-2026-013381,1,2026-08-21,2026-08-22,PL-MKT-01,C023829,VM-EBK-0010,1,13732.81,0.0,PLN
SO-2026-013381,2,2026-08-21,2026-08-22,PL-MKT-01,C023829,VM-ACC-0004,1,794.03,0.0,PLN
SO-2026-013381,3,2026-08-21,2026-08-22,PL-MKT-01,C023829,VM-ACC-0008,1,407.19,0.0,PLN
SO-2026-013382,1,2026-08-21,2026-08-25,PL-MKT-01,C023830,VM-CMP-0013,2,539.53,0.0,PLN
SO-2026-013383,1,2026-08-21,2026-08-24,PL-MKT-01,C011410,VM-CMP-0020,2,264.67,0.0,PLN
SO-2026-013384,1,2026-08-21,2026-08-21,CZ-PRG-01,C011079,VM-BIK-0009,1,33150.0,0.0,CZK
SO-2026-013385,1,2026-08-21,2026-08-21,CZ-PRG-01,,VM-ACC-0021,1,4584.0,0.0,CZK
SO-2026-013385,2,2026-08-21,2026-08-21,CZ-PRG-01,,VM-NUT-0008,9,59.0,0.0,CZK
SO-2026-013385,3,2026-08-21,2026-08-21,CZ-PRG-01,,VM-ACC-0008,1,2351.0,0.1,CZK
SO-2026-013385,4,2026-08-21,2026-08-21,CZ-PRG-01,,VM-BIK-0012,1,69414.0,0.0,CZK
SO-2026-013386,1,2026-08-21,2026-08-21,CZ-BRN-01,,VM-CMP-0001,2,2351.0,0.0,CZK
SO-2026-013387,1,2026-08-21,2026-08-24,CZ-WEB-01,C023831,VM-CMP-0022,2,212.0,0.0,CZK
SO-2026-013387,2,2026-08-21,2026-08-24,CZ-WEB-01,C023831, VM-ACC-0007 ,2,2116.0,0.1,CZK
SO-2026-013387,3,2026-08-21,2026-08-24,CZ-WEB-01,C023831,VM-CMP-0006,1,1175.0,0.0,CZK
SO-2026-013387,4,2026-08-21,2026-08-24,CZ-WEB-01,C023831,vm-cmp-0013,2,3115.0,0.0,CZK
SO-2026-013388,1,2026-08-21,2026-08-22,CZ-WEB-01,C021760,VM-APP-0007,2,940.0,0.0,CZK
SO-2026-013388,2,2026-08-21,2026-08-22,CZ-WEB-01,C021760,VM-EBK-0011,1,86048.0,0.0,CZK
SO-2026-013388,3,2026-08-21,2026-08-22,CZ-WEB-01,C021760,VM-BIK-0017,1,11226.0,0.0,CZK
SO-2026-013389,1,2026-08-21,2026-08-24,CZ-WEB-01,C018438,VM-APP-0002,3,2586.0,0.05,CZK
SO-2026-013389,2,2026-08-21,2026-08-24,CZ-WEB-01,C018438,VM-BIK-0004,1,25097.0,0.1,CZK
SO-2026-013390,1,2026-08-21,2026-08-23,CZ-WEB-01,C023832,VM-CMP-0007,1,3703.0,0.0,CZK
SO-2026-013390,2,2026-08-21,2026-08-23,CZ-WEB-01,C023832,VM-BIK-0013,1,28212.0,0.0,CZK
SO-2026-013390,3,2026-08-21,2026-08-23,CZ-WEB-01,C023832,VM-ACC-0019,2,294.0,0.0,CZK
SO-2026-013391,1,2026-08-21,2026-08-22,CZ-WEB-01,C023833,VM-CMP-0020,2,1528.0,0.0,CZK
SO-2026-013392,1,2026-08-21,2026-08-21,DE-BER-01,C009436,VM-ACC-0021,1,186.75,0.05,EUR
SO-2026-013393,1,2026-08-21,2026-08-21,DE-BER-01,,VM-CMP-0019,3,50.28,0.0,EUR
SO-2026-013394,1,2026-08-21,2026-08-21,DE-BER-01,C023103,VM-NUT-0008,9,2.39,0.0,EUR
SO-2026-013395,1,2026-08-21,2026-08-22,DE-WEB-01,C023834,VM-NUT-0001,10,2.15,0.0,EUR
SO-2026-013395,2,2026-08-21,2026-08-22,DE-WEB-01,C023834,VM-BIK-0019,1,289.7,0.0,EUR
SO-2026-013396,1,2026-08-21,2026-08-23,DE-WEB-01,C017998,VM-BIK-0007,1,1687.93,0.0,EUR
SO-2026-013396,2,2026-08-21,2026-08-23,DE-WEB-01,C017998,VM-CMP-0019,3,50.28,0.1,EUR
SO-2026-013397,1,2026-08-21,2026-08-24,DE-WEB-01,C019009,VM-ACC-0004,1,186.75,0.0,EUR
SO-2026-013398,1,2026-08-21,2026-08-23,DE-WEB-01,C015788,VM-CMP-0005,2,354.34,0.0,EUR
SO-2026-013399,1,2026-08-22,2026-08-22,PL-WAW-01,C023835,VM-CMP-0008,1,447.91,0.0,PLN
SO-2026-013400,1,2026-08-22,2026-08-22,PL-WAW-01,C018140,VM-APP-0006,1,315.57,0.0,PLN
SO-2026-013400,2,2026-08-22,2026-08-22,PL-WAW-01,C018140,VM-APP-0002,2,447.91,0.0,PLN
SO-2026-013401,1,2026-08-22,2026-08-22,PL-WAW-01,,VM-BIK-0001,1,13936.41,0.0,PLN
SO-2026-013401,2,2026-08-22,2026-08-22,PL-WAW-01,,VM-ACC-0018,1,50.89,0.0,PLN
SO-2026-013401,3,2026-08-22,2026-08-22,PL-WAW-01,,VM-ACC-0005,1,183.23,0.0,PLN
SO-2026-013402,1,2026-08-22,2026-08-22,PL-WAW-01,C004827,VM-APP-0010,2,173.05,0.0,PLN
SO-2026-013402,2,2026-08-22,2026-08-22,PL-WAW-01,C004827,VM-ACC-0008,2,407.19,0.0,PLN
SO-2026-013403,1,2026-08-22,2026-08-22,PL-WAW-01,C023836,VM-NUT-0007,4,13.22,0.0,PLN
SO-2026-013403,2,2026-08-22,2026-08-22,PL-WAW-01,C023836,VM-CMP-0013,1,539.53,0.0,PLN
SO-2026-013403,3,2026-08-22,2026-08-22,PL-WAW-01,C023836,VM-CMP-0011,2,162.87,0.0,PLN
SO-2026-013404,1,2026-08-22,2026-08-22,PL-WAW-01,,VM-NUT-0001,11,9.15,0.0,PLN
SO-2026-013405,1,2026-08-22,2026-08-22,PL-WAW-01,,VM-APP-0005,3,183.23,0.0,PLN
SO-2026-013406,1,2026-08-22,2026-08-22,PL-WAW-02,,VM-ACC-0008,2,407.19,0.0,PLN
SO-2026-013407,1,2026-08-22,2026-08-22,PL-KRK-01,,VM-ACC-0018,2,50.89,0.0,PLN
SO-2026-013407,2,2026-08-22,2026-08-22,PL-KRK-01,,VM-APP-0007,1,162.87,0.0,PLN
SO-2026-013408,1,2026-08-22,2026-08-22,PL-KRK-01,C022586,VM-APP-0019,1,67.18,0.0,PLN
SO-2026-013409,1,2026-08-22,2026-08-22,PL-KRK-01,C023837,VM-NUT-0003,3,11.19,0.0,PLN
SO-2026-013409,2,2026-08-22,2026-08-22,PL-KRK-01,C023837,VM-NUT-0002,6,15.26,0.0,PLN
SO-2026-013410,1,2026-08-22,2026-08-22,PL-KRK-01,C023838,VM-ACC-0003,1,295.21,0.0,PLN
SO-2026-013411,1,2026-08-22,2026-08-22,PL-KRK-01,C012808,VM-APP-0010,2,173.05,0.05,PLN
SO-2026-013411,2,2026-08-22,2026-08-22,PL-KRK-01,C012808,VM-BIK-0008,1,5405.57,0.05,PLN
SO-2026-013412,1,2026-08-22,2026-08-22,PL-KRK-01,C023839,VM-BIK-0010,1,6433.75,0.0,PLN
SO-2026-013412,2,2026-08-22,2026-08-22,PL-KRK-01,C023839,vm-bik-0021,1,1272.49,0.0,PLN
SO-2026-013413,1,2026-08-22,2026-08-22,PL-WRO-01,,VM-ACC-0008,2,407.19,0.0,PLN
SO-2026-013414,1,2026-08-22,2026-08-22,PL-WRO-01,C020303,vm-nut-0002,5,15.26,0.0,PLN
SO-2026-013414,2,2026-08-22,2026-08-22,PL-WRO-01,C020303,vm-cmp-0013,2,539.53,0.0,PLN
SO-2026-013414,3,2026-08-22,2026-08-22,PL-WRO-01,C020303,VM-NUT-0011,3,54.96,0.0,PLN
SO-2026-013414,4,2026-08-22,2026-08-22,PL-WRO-01,C020303,VM-CMP-0012,2,549.71,0.0,PLN
SO-2026-013415,1,2026-08-22,2026-08-22,PL-WRO-01,C023840,VM-NUT-0008,7,10.17,0.0,PLN
SO-2026-013415,2,2026-08-22,2026-08-22,PL-WRO-01,C023840,vm-acc-0007,1,366.47,0.0,PLN
SO-2026-013416,1,2026-08-22,2026-08-22,PL-WRO-01,,vm-nut-0008,11,10.17,0.0,PLN
SO-2026-013416,2,2026-08-22,2026-08-22,PL-WRO-01,,VM-BIK-0004,1,4346.85,0.0,PLN
SO-2026-013416,3,2026-08-22,2026-08-22,PL-WRO-01,,VM-CMP-0001,1,407.19,0.0,PLN
SO-2026-013417,1,2026-08-22,2026-08-22,PL-WRO-01,,vm-bik-0012,1,12022.57,0.0,PLN
SO-2026-013418,1,2026-08-22,2026-08-22,PL-WRO-01,C022185,VM-NUT-0006,4,10.17,0.0,PLN
SO-2026-013418,2,2026-08-22,2026-08-22,PL-WRO-01,C022185,VM-ACC-0003,2,295.21,0.0,PLN
SO-2026-013419,1,2026-08-22,2026-08-22,PL-WRO-01,,VM-NUT-0002,11,15.26,0.0,PLN
SO-2026-013420,1,2026-08-22,2026-08-22,PL-WRO-01,,vm-cmp-0007,1,641.33,0.0,PLN
SO-2026-013420,2,2026-08-22,2026-08-22,PL-WRO-01,,VM-CMP-0015,2,936.55,0.0,PLN
SO-2026-013421,1,2026-08-22,2026-08-22,PL-WRO-01,C018763,VM-NUT-0003,5,11.19,0.0,PLN
SO-2026-013421,2,2026-08-22,2026-08-22,PL-WRO-01,C018763,VM-NUT-0009,2,86.52,0.0,PLN
SO-2026-013421,3,2026-08-22,2026-08-22,PL-WRO-01,C018763,VM-BIK-0004,1,4346.85,0.0,PLN
SO-2026-013422,1,2026-08-22,2026-08-22,PL-GDN-01,C023841,VM-ACC-0022,1,1598.25,0.05,PLN
SO-2026-013423,1,2026-08-22,2026-08-22,PL-GDN-01,,VM-NUT-0001,9,9.15,0.0,PLN
SO-2026-013423,2,2026-08-22,2026-08-22,PL-GDN-01,,VM-APP-0002,3,447.91,0.0,PLN
SO-2026-013424,1,2026-08-22,2026-08-22,PL-GDN-01,C023842,VM-BIK-0007,1,7176.89,0.0,PLN
SO-2026-013425,1,2026-08-22,2026-08-22,PL-POZ-01,C023843,VM-ACC-0018,2,50.89,0.0,PLN
SO-2026-013425,2,2026-08-22,2026-08-22,PL-POZ-01,C023843,VM-BIK-0001,1,13936.41,0.0,PLN
SO-2026-013426,1,2026-08-22,2026-08-22,PL-POZ-01,C017647,VM-EBK-0011,1,14903.51,0.0,PLN
SO-2026-013426,2,2026-08-22,2026-08-22,PL-POZ-01,C017647,VM-ACC-0008,2,407.19,0.0,PLN
SO-2026-013426,3,2026-08-22,2026-08-22,PL-POZ-01,C017647,VM-ACC-0001,2,386.83,0.0,PLN
SO-2026-013427,1,2026-08-22,2026-08-22,PL-POZ-01,C023844,VM-BIK-0003,1,6657.71,0.0,PLN
SO-2026-013428,1,2026-08-22,2026-08-22,PL-POZ-01,C023845,VM-NUT-0011,3,54.96,0.0,PLN
SO-2026-013428,2,2026-08-22,2026-08-22,PL-POZ-01,C023845,VM-ACC-0019,3,50.89,0.0,PLN
SO-2026-013429,1,2026-08-22,2026-08-22,PL-POZ-01,C015711,VM-BIK-0012,4,12022.57,0.08,PLN
SO-2026-013429,2,2026-08-22,2026-08-22,PL-POZ-01,C015711,VM-NUT-0002,48,15.26,0.1,PLN
SO-2026-013429,3,2026-08-22,2026-08-22,PL-POZ-01,C015711,VM-EBK-0008,2,15371.79,0.08,PLN
SO-2026-013430,1,2026-08-22,2026-08-22,PL-POZ-01,,VM-NUT-0011,1,54.96,0.0,PLN
SO-2026-013431,1,2026-08-22,2026-08-22,PL-POZ-01,C023846,VM-CMP-0017,2,508.99,0.0,PLN
SO-2026-013432,1,2026-08-22,2026-08-22,PL-LDZ-01,C023847,VM-BIK-0017,1,1944.37,0.0,PLN
SO-2026-013432,2,2026-08-22,2026-08-22,PL-LDZ-01,C023847,VM-EBK-0008,1,15371.79,0.0,PLN
SO-2026-013432,3,2026-08-22,2026-08-22,PL-LDZ-01,C023847,VM-ACC-0012,1,73.29,0.0,PLN
SO-2026-013432,4,2026-08-22,2026-08-22,PL-LDZ-01,C023847,VM-ACC-0003,2,295.21,0.0,PLN
SO-2026-013433,1,2026-08-22,2026-08-22,PL-LDZ-01,C022376,VM-NUT-0006,5,10.17,0.0,PLN
SO-2026-013433,2,2026-08-22,2026-08-22,PL-LDZ-01,C022376,VM-BIK-0007,1,7176.89,0.0,PLN
SO-2026-013434,1,2026-08-22,2026-08-24,PL-WEB-01,C019799,VM-EBK-0009,1,10088.37,0.05,PLN
SO-2026-013435,1,2026-08-22,2026-08-26,PL-WEB-01,C023848,VM-APP-0005,1,183.23,0.0,PLN
SO-2026-013435,2,2026-08-22,2026-08-26,PL-WEB-01,C023848,VM-NUT-0001,14,9.15,0.0,PLN
SO-2026-013435,3,2026-08-22,2026-08-26,PL-WEB-01,C023848,VM-CMP-0012,1,549.71,0.0,PLN
SO-2026-013435,4,2026-08-22,2026-08-26,PL-WEB-01,C023848,VM-CMP-0002,2,570.07,0.0,PLN
SO-2026-013436,1,2026-08-22,2026-08-26,PL-WEB-01,C021702,VM-ACC-0008,2,407.19,0.0,PLN
SO-2026-013437,1,2026-08-22,2026-08-24,PL-WEB-01,C008798,VM-CMP-0011,10,162.87,0.12,PLN
SO-2026-013437,2,2026-08-22,2026-08-24,PL-WEB-01,C008798,VM-NUT-0002,39,15.26,0.08,PLN
SO-2026-013438,1,2026-08-22,2026-08-24,PL-WEB-01,C023849,VM-CMP-0020,2,264.67,0.0,PLN
SO-2026-013438,2,2026-08-22,2026-08-24,PL-WEB-01,C023849,VM-EBK-0003,1,9253.61,0.0,PLN
SO-2026-013439,1,2026-08-22,2026-08-24,PL-WEB-01,C023850,VM-ACC-0016,1,29.51,0.0,PLN
SO-2026-013439,2,2026-08-22,2026-08-24,PL-WEB-01,C023850,VM-ACC-0014,1,111.97,0.0,PLN
SO-2026-013439,3,2026-08-22,2026-08-24,PL-WEB-01,C023850,VM-CMP-0003,2,244.31,0.0,PLN
SO-2026-013440,1,2026-08-22,2026-08-25,PL-WEB-01,C023851,VM-EBK-0010,1,13732.81,0.0,PLN
SO-2026-013441,1,2026-08-22,2026-08-24,PL-WEB-01,C021756, VM-NUT-0008 ,5,10.17,0.0,PLN
SO-2026-013442,1,2026-08-22,2026-08-23,PL-WEB-01,C021864,VM-ACC-0020,1,824.57,0.0,PLN
SO-2026-013443,1,2026-08-22,2026-08-24,PL-WEB-01,C023852,VM-ACC-0003,2,295.21,0.0,PLN
SO-2026-013444,1,2026-08-22,2026-08-24,PL-WEB-01,C017154,VM-CMP-0002,2,570.07,0.05,PLN
SO-2026-013444,2,2026-08-22,2026-08-24,PL-WEB-01,C017154,VM-CMP-0006,1,203.59,0.05,PLN
SO-2026-013444,3,2026-08-22,2026-08-24,PL-WEB-01,C017154,VM-ACC-0021,1,794.03,0.05,PLN
SO-2026-013444,4,2026-08-22,2026-08-24,PL-WEB-01,C017154,VM-ACC-0012,1,73.29,0.05,PLN
SO-2026-013445,1,2026-08-22,2026-08-24,PL-WEB-01,C023853,VM-ACC-0006,1,967.09,0.0,PLN
SO-2026-013446,1,2026-08-22,2026-08-26,PL-WEB-01,C019560,VM-ACC-0003,1,295.21,0.0,PLN
SO-2026-013447,1,2026-08-22,2026-08-24,PL-WEB-01,C011074,VM-BIK-0016,1,3654.61,0.05,PLN
SO-2026-013447,2,2026-08-22,2026-08-24,PL-WEB-01,C011074,VM-CMP-0013,1,539.53,0.05,PLN
SO-2026-013447,3,2026-08-22,2026-08-24,PL-WEB-01,C011074,VM-ACC-0008,2,407.19,0.05,PLN
SO-2026-013447,4,2026-08-22,2026-08-24,PL-WEB-01,C011074,VM-ACC-0013,1,173.05,0.05,PLN
SO-2026-013448,1,2026-08-22,2026-08-26,PL-WEB-01,C019090,VM-EBK-0011,1,14903.51,0.05,PLN
SO-2026-013448,2,2026-08-22,2026-08-26,PL-WEB-01,C019090,VM-ACC-0007,2,366.47,0.05,PLN
SO-2026-013449,1,2026-08-22,2026-08-24,PL-WEB-01,C019693,VM-BIK-0007,1,7176.89,0.0,PLN
SO-2026-013449,2,2026-08-22,2026-08-24,PL-WEB-01,C019693,VM-ACC-0010,2,254.49,0.0,PLN
SO-2026-013450,1,2026-08-22,2026-08-23,PL-MKT-01,C023707,VM-ACC-0019,10,50.89,0.1,PLN
SO-2026-013451,1,2026-08-22,2026-08-23,PL-MKT-01,C023854,VM-BIK-0006,1,6708.61,0.0,PLN
SO-2026-013452,1,2026-08-22,2026-08-24,PL-MKT-01,C013768,VM-NUT-0003,6,11.19,0.05,PLN
SO-2026-013452,2,2026-08-22,2026-08-24,PL-MKT-01,C013768,VM-CMP-0006,1,203.59,0.05,PLN
SO-2026-013452,3,2026-08-22,2026-08-24,PL-MKT-01,C013768,VM-APP-0010,2,173.05,0.1,PLN
SO-2026-013453,1,2026-08-22,2026-08-24,PL-MKT-01,C016575,VM-EBK-0002,1,10129.09,0.05,PLN
SO-2026-013453,2,2026-08-22,2026-08-24,PL-MKT-01,C016575,VM-ACC-0013,1,173.05,0.0,PLN
SO-2026-013453,3,2026-08-22,2026-08-24,PL-MKT-01,C016575,VM-BIK-0002,1,9803.33,0.0,PLN
SO-2026-013454,1,2026-08-22,2026-08-24,PL-MKT-01,C023855,VM-CMP-0005,2,1506.63,0.0,PLN
SO-2026-013455,1,2026-08-22,2026-08-26,PL-MKT-01,C022785,VM-CMP-0013,2,539.53,0.0,PLN
SO-2026-013456,1,2026-08-22,2026-08-22,CZ-PRG-01,,VM-APP-0009,1,2057.0,0.0,CZK
SO-2026-013457,1,2026-08-22,2026-08-22,CZ-PRG-01,C023856,VM-ACC-0007,1,2116.0,0.0,CZK
SO-2026-013457,2,2026-08-22,2026-08-22,CZ-PRG-01,C023856,VM-NUT-0008,6,59.0,0.0,CZK
SO-2026-013457,3,2026-08-22,2026-08-22,CZ-PRG-01,C023856,VM-BIK-0002,1,56601.0,0.0,CZK
SO-2026-013458,1,2026-08-22,2026-08-22,CZ-PRG-01,C023857,VM-APP-0012,1,5113.0,0.0,CZK
SO-2026-013459,1,2026-08-22,2026-08-22,CZ-PRG-01,C022453,VM-EBK-0005,1,102564.0,0.0,CZK
SO-2026-013459,2,2026-08-22,2026-08-22,CZ-PRG-01,C022453,VM-ACC-0021,1,4584.0,0.0,CZK
SO-2026-013460,1,2026-08-22,2026-08-22,CZ-BRN-01,C023858,VM-NUT-0002,11,88.0,0.0,CZK
SO-2026-013461,1,2026-08-22,2026-08-22,CZ-BRN-01,C023859,VM-EBK-0003,1,53427.0,0.0,CZK
SO-2026-013461,2,2026-08-22,2026-08-22,CZ-BRN-01,C023859,VM-ACC-0007,1,2116.0,0.0,CZK
SO-2026-013462,1,2026-08-22,2026-08-23,CZ-WEB-01,C023860,VM-ACC-0019,2,294.0,0.0,CZK
SO-2026-013462,2,2026-08-22,2026-08-23,CZ-WEB-01,C023860,VM-BIK-0012,1,69414.0,0.0,CZK
SO-2026-013462,3,2026-08-22,2026-08-23,CZ-WEB-01,C023860,VM-NUT-0001,13,53.0,0.0,CZK
SO-2026-013462,4,2026-08-22,2026-08-23,CZ-WEB-01,C023860,VM-EBK-0004,1,65124.0,0.0,CZK
SO-2026-013463,1,2026-08-22,2026-08-23,CZ-WEB-01,C023861, VM-ACC-0007 ,1,2116.0,0.0,CZK
SO-2026-013464,1,2026-08-22,2026-08-22,DE-BER-01,C022326,VM-APP-0010,1,40.7,0.0,EUR
SO-2026-013465,1,2026-08-22,2026-08-22,DE-BER-01,C023862,VM-ACC-0018,1,11.97,0.0,EUR
SO-2026-013465,2,2026-08-22,2026-08-22,DE-BER-01,C023862,VM-EBK-0008,1,3615.28,0.0,EUR
SO-2026-013466,1,2026-08-22,2026-08-22,DE-BER-01,C020337,VM-BIK-0019,1,289.7,0.0,EUR
SO-2026-013467,1,2026-08-22,2026-08-22,DE-BER-01,,VM-CMP-0006,1,47.88,0.0,EUR
SO-2026-013468,1,2026-08-22,2026-08-22,DE-BER-01,,VM-NUT-0006,8,2.39,0.0,EUR
SO-2026-013469,1,2026-08-22,2026-08-24,DE-WEB-01,C002424,VM-CMP-0019,2,50.28,0.0,EUR
SO-2026-013469,2,2026-08-22,2026-08-24,DE-WEB-01,C002424,VM-APP-0002,2,105.34,0.0,EUR
SO-2026-013470,1,2026-08-22,2026-08-26,DE-WEB-01,C005462,VM-BIK-0007,1,1687.93,0.05,EUR
SO-2026-013471,1,2026-08-23,2026-08-26,PL-WEB-01,C023863,VM-NUT-0004,11,7.12,0.0,PLN
SO-2026-013471,2,2026-08-23,2026-08-26,PL-WEB-01,C023863,VM-EBK-0003,1,9253.61,0.0,PLN
SO-2026-013472,1,2026-08-23,2026-08-26,PL-WEB-01,C012629,VM-ACC-0014,3,111.97,0.08,PLN
SO-2026-013472,2,2026-08-23,2026-08-26,PL-WEB-01,C012629,VM-EBK-0005,4,17764.09,0.1,PLN
SO-2026-013473,1,2026-08-23,2026-08-24,PL-WEB-01,C023864,VM-ACC-0008,2,407.19,0.0,PLN
SO-2026-013473,2,2026-08-23,2026-08-24,PL-WEB-01,C023864,VM-BIK-0009,1,5741.51,0.0,PLN
SO-2026-013474,1,2026-08-23,2026-08-26,PL-WEB-01,C019685,VM-BIK-0012,1,12022.57,0.05,PLN
SO-2026-013475,1,2026-08-23,2026-08-26,PL-WEB-01,C023865,VM-CMP-0015,2,936.55,0.05,PLN
SO-2026-013475,2,2026-08-23,2026-08-26,PL-WEB-01,C023865,VM-ACC-0004,2,794.03,0.05,PLN
SO-2026-013476,1,2026-08-23,2026-08-25,PL-WEB-01,C018480,VM-APP-0015,1,580.25,0.0,PLN
SO-2026-013476,2,2026-08-23,2026-08-25,PL-WEB-01,C018480,VM-NUT-0011,2,54.96,0.0,PLN
SO-2026-013476,3,2026-08-23,2026-08-25,PL-WEB-01,C018480,VM-ACC-0008,1,407.19,0.0,PLN
SO-2026-013477,1,2026-08-23,2026-08-26,PL-WEB-01,C023866,VM-CMP-0013,2,539.53,0.0,PLN
SO-2026-013477,2,2026-08-23,2026-08-26,PL-WEB-01,C023866,VM-APP-0006,3,315.57,0.1,PLN
SO-2026-013478,1,2026-08-23,2026-08-24,PL-WEB-01,C023867,VM-ACC-0012,1,73.29,0.0,PLN
SO-2026-013479,1,2026-08-23,2026-08-24,PL-WEB-01,C018874,VM-NUT-0004,10,7.12,0.0,PLN
SO-2026-013479,2,2026-08-23,2026-08-24,PL-WEB-01,C018874,VM-APP-0018,2,132.33,0.0,PLN
SO-2026-013479,3,2026-08-23,2026-08-24,PL-WEB-01,C018874,VM-ACC-0014,1,111.97,0.0,PLN
SO-2026-013480,1,2026-08-23,2026-08-25,PL-WEB-01,C023868,VM-APP-0010,2,173.05,0.0,PLN
SO-2026-013480,2,2026-08-23,2026-08-25,PL-WEB-01,C023868,VM-ACC-0019,2,50.89,0.0,PLN
SO-2026-013481,1,2026-08-23,2026-08-26,PL-WEB-01,C023869,VM-BIK-0022,1,1425.19,0.0,PLN
SO-2026-013482,1,2026-08-23,2026-08-24,PL-WEB-01,C023870,VM-APP-0004,2,244.31,0.0,PLN
SO-2026-013482,2,2026-08-23,2026-08-24,PL-WEB-01,C023870,VM-APP-0010,2,173.05,0.0,PLN
SO-2026-013483,1,2026-08-23,2026-08-27,PL-WEB-01,C023871,VM-APP-0006,3,315.57,0.0,PLN
SO-2026-013484,1,2026-08-23,2026-08-25,PL-WEB-01,C023872,VM-CMP-0004,1,732.95,0.0,PLN
SO-2026-013484,2,2026-08-23,2026-08-25,PL-WEB-01,C023872,VM-ACC-0010,2,254.49,0.0,PLN
SO-2026-013485,1,2026-08-23,2026-08-27,PL-WEB-01,C018679,VM-BIK-0001,1,13936.41,0.0,PLN
SO-2026-013485,2,2026-08-23,2026-08-27,PL-WEB-01,C018679,VM-ACC-0015,1,356.29,0.0,PLN
SO-2026-013485,3,2026-08-23,2026-08-27,PL-WEB-01,C018679,VM-CMP-0006,1,203.59,0.0,PLN
SO-2026-013486,1,2026-08-23,2026-08-27,PL-WEB-01,C023873,VM-ACC-0008,1,407.19,0.0,PLN
SO-2026-013486,2,2026-08-23,2026-08-27,PL-WEB-01,C023873,VM-NUT-0008,5,10.17,0.0,PLN
SO-2026-013486,3,2026-08-23,2026-08-27,PL-WEB-01,C023873,VM-ACC-0007,1,366.47,0.0,PLN
SO-2026-013487,1,2026-08-23,2026-08-25,PL-WEB-01,C020820,VM-CMP-0015,3,936.55,0.12,PLN
SO-2026-013488,1,2026-08-23,2026-08-24,PL-WEB-01,C008096,VM-BIK-0013,1,4886.39,0.05,PLN
SO-2026-013488,2,2026-08-23,2026-08-24,PL-WEB-01,C008096,VM-ACC-0016,3,29.51,0.05,PLN
SO-2026-013489,1,2026-08-23,2026-08-27,PL-WEB-01,C016948,VM-ACC-0018,1,50.89,0.05,PLN
SO-2026-013490,1,2026-08-23,2026-08-27,PL-WEB-01,C023874,VM-BIK-0017,1,1944.37,0.0,PLN
SO-2026-013491,1,2026-08-23,2026-08-24,PL-WEB-01,C022333,VM-BIK-0004,1,4346.85,0.05,PLN
SO-2026-013492,1,2026-08-23,2026-08-27,PL-WEB-01,C023875,VM-ACC-0021,1,794.03,0.0,PLN
SO-2026-013493,1,2026-08-23,2026-08-26,PL-MKT-01,C004528,VM-ACC-0020,1,824.57,0.0,PLN
SO-2026-013493,2,2026-08-23,2026-08-26,PL-MKT-01,C004528,VM-EBK-0009,1,10088.37,0.0,PLN
SO-2026-013494,1,2026-08-23,2026-08-27,PL-MKT-01,C016774,VM-APP-0014,1,498.81,0.05,PLN
SO-2026-013495,1,2026-08-23,2026-08-27,PL-MKT-01,C023876,VM-APP-0010,2,173.05,0.0,PLN
SO-2026-013495,2,2026-08-23,2026-08-27,PL-MKT-01,C023876,VM-BIK-0003,1,6657.71,0.0,PLN
SO-2026-013496,1,2026-08-23,2026-08-27,PL-MKT-01,C010306,VM-NUT-0004,10,7.12,0.0,PLN
SO-2026-013497,1,2026-08-23,2026-08-24,PL-MKT-01,C023877,VM-APP-0010,1,173.05,0.05,PLN
SO-2026-013497,2,2026-08-23,2026-08-24,PL-MKT-01,C023877,VM-ACC-0002,2,620.97,0.05,PLN
SO-2026-013498,1,2026-08-23,2026-08-24,PL-MKT-01,C017795,VM-ACC-0001,2,386.83,0.0,PLN
SO-2026-013499,1,2026-08-23,2026-08-26,PL-MKT-01,C012027,VM-NUT-0004,10,7.12,0.05,PLN
SO-2026-013500,1,2026-08-23,2026-08-23,CZ-PRG-01,C021544,VM-ACC-0014,1,646.0,0.0,CZK
SO-2026-013501,1,2026-08-23,2026-08-23,CZ-PRG-01,C023878,VM-CMP-0009,2,2057.0,0.05,CZK
SO-2026-013502,1,2026-08-23,2026-08-23,CZ-PRG-01,C015476,VM-NUT-0002,10,88.0,0.0,CZK
SO-2026-013503,1,2026-08-23,2026-08-23,CZ-PRG-01,C023879,VM-CMP-0013,1,3115.0,0.0,CZK
SO-2026-013503,2,2026-08-23,2026-08-23,CZ-PRG-01,C023879,VM-ACC-0020,1,4761.0,0.0,CZK
SO-2026-013504,1,2026-08-23,2026-08-27,CZ-WEB-01,C010435,VM-ACC-0020,1,4761.0,0.0,CZK
SO-2026-013505,1,2026-08-23,2026-08-27,CZ-WEB-01,C023400,VM-APP-0002,8,2586.0,0.12,CZK
SO-2026-013505,2,2026-08-23,2026-08-27,CZ-WEB-01,C023400,VM-CMP-0017,8,2939.0,0.08,CZK
SO-2026-013506,1,2026-08-23,2026-08-25,CZ-WEB-01,C023880,VM-CMP-0002,2,3291.0,0.0,CZK
SO-2026-013507,1,2026-08-23,2026-08-24,CZ-WEB-01,C023881,VM-NUT-0009,3,500.0,0.0,CZK
SO-2026-013507,2,2026-08-23,2026-08-24,CZ-WEB-01,C023881,VM-NUT-0002,11,88.0,0.0,CZK
SO-2026-013507,3,2026-08-23,2026-08-24,CZ-WEB-01,C023881,VM-APP-0007,1,940.0,0.0,CZK
SO-2026-013507,4,2026-08-23,2026-08-24,CZ-WEB-01,C023881,VM-EBK-0011,1,86048.0,0.0,CZK
SO-2026-013508,1,2026-08-23,2026-08-26,CZ-WEB-01,C023882,VM-ACC-0008,1,2351.0,0.05,CZK
SO-2026-013509,1,2026-08-23,2026-08-27,CZ-WEB-01,C020875,VM-APP-0002,1,2586.0,0.05,CZK
SO-2026-013509,2,2026-08-23,2026-08-27,CZ-WEB-01,C020875,VM-CMP-0012,2,3174.0,0.05,CZK
SO-2026-013510,1,2026-08-23,2026-08-27,CZ-WEB-01,C023883,VM-BIK-0017,1,11226.0,0.0,CZK
SO-2026-013511,1,2026-08-23,2026-08-26,CZ-WEB-01,C023884,VM-BIK-0017,1,11226.0,0.0,CZK
SO-2026-013512,1,2026-08-23,2026-08-25,CZ-WEB-01,C012734,VM-ACC-0016,2,170.0,0.0,CZK
SO-2026-013513,1,2026-08-23,2026-08-27,DE-WEB-01,C009436,VM-BIK-0017,1,457.29,0.05,EUR
SO-2026-013514,1,2026-08-23,2026-08-24,DE-WEB-01,C023885,VM-ACC-0017,2,13.88,0.05,EUR
SO-2026-013514,2,2026-08-23,2026-08-24,DE-WEB-01,C023885,vm-ebk-0007,1,3519.51,0.05,EUR
SO-2026-013515,1,2026-08-23,2026-08-24,DE-WEB-01,C023886,VM-NUT-0002,14,3.59,0.0,EUR
SO-2026-013516,1,2026-08-23,2026-08-24,DE-WEB-01,C021516,VM-CMP-0005,1,354.34,0.05,EUR
SO-2026-013517,1,2026-08-23,2026-08-25,DE-WEB-01,C023887,VM-EBK-0009,1,2372.67,0.0,EUR
SO-2026-013517,2,2026-08-23,2026-08-25,DE-WEB-01,C023887,VM-ACC-0014,1,26.33,0.0,EUR
SO-2026-013517,3,2026-08-23,2026-08-25,DE-WEB-01,C023887,VM-CMP-0020,3,62.25,0.0,EUR
SO-2026-013518,1,2026-08-23,2026-08-27,DE-WEB-01,C017528,VM-BIK-0007,1,1687.93,0.0,EUR
SO-2026-013519,1,2026-08-23,2026-08-25,DE-WEB-01,C023888,VM-BIK-0008,1,1271.33,0.05,EUR
SO-2026-013519,2,2026-08-23,2026-08-25,DE-WEB-01,C023888,VM-ACC-0014,1,26.33,0.05,EUR
SO-2026-013519,3,2026-08-23,2026-08-25,DE-WEB-01,C023888,VM-ACC-0008,1,95.77,0.05,EUR
SO-2026-013519,4,2026-08-23,2026-08-25,DE-WEB-01,C023888,VM-ACC-0015,1,83.8,0.05,EUR
SO-2026-013520,1,2026-08-23,2026-08-25,DE-WEB-01,C023889,VM-CMP-0012,1,129.29,0.0,EUR
SO-2026-013521,1,2026-08-23,2026-08-27,DE-WEB-01,C023890,VM-CMP-0015,1,220.27,0.0,EUR
SO-2026-013521,2,2026-08-23,2026-08-27,DE-WEB-01,C023890,VM-NUT-0006,5,2.39,0.0,EUR
SO-2026-013522,1,2026-08-24,2026-08-24,PL-WAW-01,,VM-ACC-0014,1,111.97,0.0,PLN
SO-2026-013522,2,2026-08-24,2026-08-24,PL-WAW-01,,VM-APP-0002,2,447.91,0.0,PLN
SO-2026-013523,1,2026-08-24,2026-08-24,PL-WAW-01,C022656,VM-NUT-0001,40,9.15,0.1,PLN
SO-2026-013524,1,2026-08-24,2026-08-24,PL-WAW-01,C023192,VM-NUT-0006,9,10.17,0.05,PLN
SO-2026-013524,2,2026-08-24,2026-08-24,PL-WAW-01,C023192,VM-APP-0013,1,447.91,0.05,PLN
SO-2026-013525,1,2026-08-24,2026-08-24,PL-WAW-01,,VM-ACC-0008,2,407.19,0.0,PLN
SO-2026-013526,1,2026-08-24,2026-08-24,PL-WAW-02,C020859,VM-NUT-0004,12,7.12,0.1,PLN
SO-2026-013527,1,2026-08-24,2026-08-24,PL-WAW-02,C023891,VM-CMP-0017,1,508.99,0.0,PLN
SO-2026-013528,1,2026-08-24,2026-08-24,PL-WAW-02,C023892,VM-BIK-0001,1,13936.41,0.0,PLN
SO-2026-013528,2,2026-08-24,2026-08-24,PL-WAW-02,C023892,VM-ACC-0014,1,111.97,0.0,PLN
SO-2026-013529,1,2026-08-24,2026-08-24,PL-KRK-01,C020573,VM-ACC-0014,1,111.97,0.0,PLN
SO-2026-013530,1,2026-08-24,2026-08-24,PL-KRK-01,C022015,VM-APP-0005,1,183.23,0.0,PLN
SO-2026-013531,1,2026-08-24,2026-08-24,PL-KRK-01,C019690,VM-ACC-0014,2,111.97,0.1,PLN
SO-2026-013532,1,2026-08-24,2026-08-24,PL-WRO-01,C019553,VM-BIK-0015,2,3145.61,0.12,PLN
SO-2026-013533,1,2026-08-24,2026-08-24,PL-WRO-01,,VM-CMP-0009,2,356.29,0.0,PLN
SO-2026-013534,1,2026-08-24,2026-08-24,PL-WRO-01,C023893,VM-BIK-0012,1,12022.57,0.0,PLN
SO-2026-013534,2,2026-08-24,2026-08-24,PL-WRO-01,C023893,VM-ACC-0018,2,50.89,0.0,PLN
SO-2026-013535,1,2026-08-24,2026-08-24,PL-WRO-01,,VM-EBK-0005,1,17764.09,0.0,PLN
SO-2026-013535,2,2026-08-24,2026-08-24,PL-WRO-01,,VM-ACC-0010,1,254.49,0.0,PLN
SO-2026-013536,1,2026-08-24,2026-08-24,PL-WRO-01,C023894,VM-ACC-0018,1,50.89,0.0,PLN
SO-2026-013536,2,2026-08-24,2026-08-24,PL-WRO-01,C023894,VM-CMP-0008,2,447.91,0.0,PLN
SO-2026-013537,1,2026-08-24,2026-08-24,PL-GDN-01,C023895,VM-CMP-0018,3,63.11,0.0,PLN
SO-2026-013537,2,2026-08-24,2026-08-24,PL-GDN-01,C023895,VM-NUT-0008,4,10.17,0.0,PLN
SO-2026-013537,3,2026-08-24,2026-08-24,PL-GDN-01,C023895,VM-APP-0002,1,447.91,0.0,PLN
SO-2026-013538,1,2026-08-24,2026-08-24,PL-GDN-01,,VM-CMP-0004,2,732.95,0.0,PLN
SO-2026-013539,1,2026-08-24,2026-08-24,PL-POZ-01,C023896,VM-CMP-0013,1,539.53,0.0,PLN
SO-2026-013540,1,2026-08-24,2026-08-24,PL-POZ-01,C023897,VM-CMP-0023,4,60.05,0.0,PLN
SO-2026-013541,1,2026-08-24,2026-08-24,PL-LDZ-01,,VM-CMP-0013,1,539.53,0.0,PLN
SO-2026-013542,1,2026-08-24,2026-08-26,PL-WEB-01,C003108,VM-ACC-0014,1,111.97,0.0,PLN
SO-2026-013543,1,2026-08-24,2026-08-27,PL-WEB-01,C012641,VM-ACC-0019,2,50.89,0.05,PLN
SO-2026-013544,1,2026-08-24,2026-08-28,PL-WEB-01,C023898,VM-ACC-0007,1,366.47,0.0,PLN
SO-2026-013544,2,2026-08-24,2026-08-28,PL-WEB-01,C023898,VM-BIK-0007,1,7176.89,0.0,PLN
SO-2026-013545,1,2026-08-24,2026-08-28,PL-WEB-01,C013343, VM-APP-0002 ,3,447.91,0.1,PLN
SO-2026-013545,2,2026-08-24,2026-08-28,PL-WEB-01,C013343,VM-BIK-0003,1,6657.71,0.0,PLN
SO-2026-013546,1,2026-08-24,2026-08-27,PL-WEB-01,C023899,VM-BIK-0004,1,4346.85,0.0,PLN
SO-2026-013546,2,2026-08-24,2026-08-27,PL-WEB-01,C023899,VM-ACC-0018,3,50.89,0.0,PLN
SO-2026-013547,1,2026-08-24,2026-08-25,PL-WEB-01,C020259,VM-NUT-0011,1,54.96,0.0,PLN
SO-2026-013548,1,2026-08-24,2026-08-28,PL-WEB-01,C023900,VM-EBK-0008,1,15371.79,0.05,PLN
SO-2026-013549,1,2026-08-24,2026-08-28,PL-WEB-01,C023901,VM-BIK-0014,1,3898.93,0.0,PLN
SO-2026-013550,1,2026-08-24,2026-08-25,PL-WEB-01,C019953,VM-APP-0012,1,885.65,0.0,PLN
SO-2026-013550,2,2026-08-24,2026-08-25,PL-WEB-01,C019953,VM-CMP-0013,2,539.53,0.0,PLN
SO-2026-013550,3,2026-08-24,2026-08-25,PL-WEB-01,C019953,VM-ACC-0021,1,794.03,0.0,PLN
SO-2026-013550,4,2026-08-24,2026-08-25,PL-WEB-01,C019953,VM-BIK-0010,1,6433.75,0.0,PLN
SO-2026-013551,1,2026-08-24,2026-08-27,PL-WEB-01,C022121,VM-NUT-0007,4,13.22,0.0,PLN
SO-2026-013552,1,2026-08-24,2026-08-26,PL-WEB-01,C023902,VM-NUT-0011,2,54.96,0.0,PLN
SO-2026-013552,2,2026-08-24,2026-08-26,PL-WEB-01,C023902,VM-BIK-0006,1,6708.61,0.0,PLN
SO-2026-013553,1,2026-08-24,2026-08-28,PL-WEB-01,C011597,VM-APP-0003,2,315.57,0.0,PLN
SO-2026-013554,1,2026-08-24,2026-08-27,PL-MKT-01,C023903,VM-ACC-0009,1,407.19,0.0,PLN
SO-2026-013555,1,2026-08-24,2026-08-26,PL-MKT-01,C020910,VM-CMP-0016,1,2504.27,0.0,PLN
SO-2026-013556,1,2026-08-24,2026-08-25,PL-MKT-01,C021307,VM-CMP-0011,10,162.87,0.12,PLN
SO-2026-013556,2,2026-08-24,2026-08-25,PL-MKT-01,C021307,VM-APP-0010,6,173.05,0.12,PLN
SO-2026-013556,3,2026-08-24,2026-08-25,PL-MKT-01,C021307,VM-NUT-0002,30,15.26,0.1,PLN
SO-2026-013557,1,2026-08-24,2026-08-27,PL-MKT-01,C019628,VM-CMP-0013,4,539.53,0.12,PLN
SO-2026-013558,1,2026-08-24,2026-08-25,PL-MKT-01,C022019,VM-BIK-0004,1,4346.85,0.0,PLN
SO-2026-013559,1,2026-08-24,2026-08-26,PL-MKT-01,C018014,VM-ACC-0007,1,366.47,0.0,PLN
SO-2026-013559,2,2026-08-24,2026-08-26,PL-MKT-01,C018014,VM-NUT-0009,1,86.52,0.0,PLN
SO-2026-013559,3,2026-08-24,2026-08-26,PL-MKT-01,C018014,VM-EBK-0004,1,11279.43,0.0,PLN
SO-2026-013559,4,2026-08-24,2026-08-26,PL-MKT-01,C018014,VM-NUT-0001,13,9.15,0.0,PLN
SO-2026-013560,1,2026-08-24,2026-08-28,PL-MKT-01,C021431,VM-NUT-0007,12,13.22,0.0,PLN
SO-2026-013561,1,2026-08-24,2026-08-26,PL-MKT-01,C007455,VM-CMP-0005,2,1506.63,0.0,PLN
SO-2026-013562,1,2026-08-24,2026-08-28,PL-MKT-01,C023904,vm-app-0017,2,193.41,0.0,PLN
SO-2026-013563,1,2026-08-24,2026-08-27,PL-MKT-01,C023793,VM-APP-0009,6,356.29,0.12,PLN
SO-2026-013564,1,2026-08-24,2026-08-25,PL-MKT-01,C018806,VM-EBK-0011,1,14903.51,0.0,PLN
SO-2026-013564,2,2026-08-24,2026-08-25,PL-MKT-01,C018806,VM-ACC-0014,1,111.97,0.0,PLN
SO-2026-013564,3,2026-08-24,2026-08-25,PL-MKT-01,C018806,vm-acc-0002,1,620.97,0.0,PLN
SO-2026-013565,1,2026-08-24,2026-08-26,PL-MKT-01,C023581,VM-CMP-0013,2,539.53,0.0,PLN
SO-2026-013566,1,2026-08-24,2026-08-25,PL-MKT-01,C023905,VM-APP-0007,2,162.87,0.0,PLN
SO-2026-013567,1,2026-08-24,2026-08-26,PL-MKT-01,C023906,VM-ACC-0010,2,254.49,0.0,PLN
SO-2026-013567,2,2026-08-24,2026-08-26,PL-MKT-01,C023906,VM-CMP-0022,1,36.64,0.0,PLN
SO-2026-013568,1,2026-08-24,2026-08-26,PL-MKT-01,C005035,vm-ebk-0002,1,10129.09,0.0,PLN
SO-2026-013568,2,2026-08-24,2026-08-26,PL-MKT-01,C005035,VM-ACC-0006,2,967.09,0.0,PLN
SO-2026-013569,1,2026-08-24,2026-08-26,PL-MKT-01,C023907,VM-EBK-0004,1,11279.43,0.0,PLN
SO-2026-013569,2,2026-08-24,2026-08-26,PL-MKT-01,C023907,VM-ACC-0014,1,111.97,0.0,PLN
SO-2026-013569,3,2026-08-24,2026-08-26,PL-MKT-01,C023907,VM-ACC-0008,2,407.19,0.0,PLN
SO-2026-013570,1,2026-08-24,2026-08-27,PL-MKT-01,C023908,VM-EBK-0007,1,14964.59,0.0,PLN
SO-2026-013570,2,2026-08-24,2026-08-27,PL-MKT-01,C023908, vm-acc-0009 ,2,407.19,0.0,PLN
SO-2026-013571,1,2026-08-24,2026-08-27,PL-MKT-01,C023909,VM-ACC-0010,2,254.49,0.0,PLN
SO-2026-013572,1,2026-08-24,2026-08-24,CZ-PRG-01,C010764,VM-CMP-0016,1,14459.0,0.0,CZK
SO-2026-013573,1,2026-08-24,2026-08-24,CZ-BRN-01,C023357,VM-BIK-0019,1,7112.0,0.0,CZK
SO-2026-013574,1,2026-08-24,2026-08-26,CZ-WEB-01,C022040,VM-EBK-0008,1,88752.0,0.0,CZK
SO-2026-013574,2,2026-08-24,2026-08-26,CZ-WEB-01,C022040,VM-ACC-0012,1,423.0,0.0,CZK
SO-2026-013575,1,2026-08-24,2026-08-26,CZ-WEB-01,C022920,VM-ACC-0007,1,2116.0,0.0,CZK
SO-2026-013576,1,2026-08-24,2026-08-25,CZ-WEB-01,C014999,VM-NUT-0004,3,41.0,0.0,CZK
SO-2026-013576,2,2026-08-24,2026-08-25,CZ-WEB-01,C014999,VM-CMP-0013,2,3115.0,0.0,CZK
SO-2026-013576,3,2026-08-24,2026-08-25,CZ-WEB-01,C014999,VM-APP-0010,1,999.0,0.0,CZK
SO-2026-013577,1,2026-08-24,2026-08-28,CZ-WEB-01,C023910,VM-EBK-0004,1,65124.0,0.0,CZK
SO-2026-013578,1,2026-08-24,2026-08-24,DE-BER-01,C023911,VM-APP-0020,2,43.09,0.0,EUR
SO-2026-013579,1,2026-08-24,2026-08-26,DE-WEB-01,C023912,VM-BIK-0020,1,289.7,0.0,EUR
SO-2026-013580,1,2026-08-24,2026-08-27,DE-WEB-01,C019549,VM-NUT-0004,6,1.67,0.0,EUR
SO-2026-013581,1,2026-08-24,2026-08-28,DE-WEB-01,C017641,VM-NUT-0011,2,12.93,0.0,EUR
SO-2026-013581,2,2026-08-24,2026-08-28,DE-WEB-01,C017641,VM-EBK-0009,1,2372.67,0.0,EUR
SO-2026-013581,3,2026-08-24,2026-08-28,DE-WEB-01,C017641,VM-NUT-0002,12,3.59,0.0,EUR
SO-2026-013582,1,2026-08-24,2026-08-25,DE-WEB-01,C020964,VM-NUT-0002,4,3.59,0.0,EUR
SO-2026-013583,1,2026-08-24,2026-08-27,DE-WEB-01,C013661,VM-NUT-0011,3,12.93,0.0,EUR
SO-2026-013584,1,2026-08-24,2026-08-26,DE-WEB-01,C011896,VM-BIK-0007,3,1687.93,0.12,EUR
SO-2026-013585,1,2026-08-24,2026-08-25,DE-WEB-01,C023913,VM-CMP-0013,2,126.89,0.0,EUR
SO-2026-013585,2,2026-08-24,2026-08-25,DE-WEB-01,C023913,VM-NUT-0002,5,3.59,0.0,EUR
SO-2026-013586,1,2026-08-25,2026-08-25,PL-WAW-01,,VM-CMP-0013,2,539.53,0.0,PLN
SO-2026-013587,1,2026-08-25,2026-08-25,PL-WAW-01,,VM-ACC-0007,2,366.47,0.0,PLN
SO-2026-013587,2,2026-08-25,2026-08-25,PL-WAW-01,,VM-ACC-0017,2,59.03,0.0,PLN
SO-2026-013587,3,2026-08-25,2026-08-25,PL-WAW-01,,VM-BIK-0016,1,3654.61,0.0,PLN
SO-2026-013588,1,2026-08-25,2026-08-25,PL-WAW-01,C023914,VM-BIK-0011,1,8805.69,0.0,PLN
SO-2026-013589,1,2026-08-25,2026-08-25,PL-WAW-01,,VM-APP-0002,1,447.91,0.0,PLN
SO-2026-013589,2,2026-08-25,2026-08-25,PL-WAW-01,,VM-NUT-0002,15,15.26,0.0,PLN
SO-2026-013590,1,2026-08-25,2026-08-25,PL-WAW-01,C023915,VM-ACC-0012,1,73.29,0.0,PLN
SO-2026-013591,1,2026-08-25,2026-08-25,PL-WAW-01,C023916,VM-ACC-0017,2,59.03,0.0,PLN
SO-2026-013592,1,2026-08-25,2026-08-25,PL-WAW-01,C023917,VM-ACC-0003,2,295.21,0.0,PLN
SO-2026-013593,1,2026-08-25,2026-08-25,PL-WAW-01,C008096,VM-ACC-0018,1,50.89,0.05,PLN
SO-2026-013594,1,2026-08-25,2026-08-25,PL-WAW-02,C023918,VM-BIK-0016,1,3654.61,0.0,PLN
SO-2026-013595,1,2026-08-25,2026-08-25,PL-WAW-02,,VM-BIK-0012,1,12022.57,0.0,PLN
SO-2026-013595,2,2026-08-25,2026-08-25,PL-WAW-02,,VM-ACC-0018,1,50.89,0.0,PLN
SO-2026-013596,1,2026-08-25,2026-08-25,PL-WAW-02,,VM-APP-0017,2,193.41,0.0,PLN
SO-2026-013597,1,2026-08-25,2026-08-25,PL-KRK-01,C023919,VM-NUT-0004,6,7.12,0.05,PLN
SO-2026-013597,2,2026-08-25,2026-08-25,PL-KRK-01,C023919,VM-ACC-0020,1,824.57,0.05,PLN
SO-2026-013597,3,2026-08-25,2026-08-25,PL-KRK-01,C023919,VM-APP-0013,1,447.91,0.05,PLN
SO-2026-013598,1,2026-08-25,2026-08-25,PL-KRK-01,C020811,VM-CMP-0012,2,549.71,0.05,PLN
SO-2026-013598,2,2026-08-25,2026-08-25,PL-KRK-01,C020811,VM-ACC-0012,1,73.29,0.05,PLN
SO-2026-013598,3,2026-08-25,2026-08-25,PL-KRK-01,C020811, VM-BIK-0004 ,1,4346.85,0.05,PLN
SO-2026-013599,1,2026-08-25,2026-08-25,PL-KRK-01,C023920,vm-bik-0016,5,3654.61,0.08,PLN
SO-2026-013599,2,2026-08-25,2026-08-25,PL-KRK-01,C023920,VM-ACC-0002,2,620.97,0.08,PLN
SO-2026-013599,3,2026-08-25,2026-08-25,PL-KRK-01,C023920,VM-ACC-0008,2,407.19,0.08,PLN
SO-2026-013600,1,2026-08-25,2026-08-25,PL-WRO-01,C017572,VM-ACC-0005,1,183.23,0.0,PLN
SO-2026-013601,1,2026-08-25,2026-08-25,PL-WRO-01,C023921, VM-ACC-0020 ,1,824.57,0.0,PLN
SO-2026-013602,1,2026-08-25,2026-08-25,PL-GDN-01,C021726,VM-BIK-0007,1,7176.89,0.0,PLN
SO-2026-013602,2,2026-08-25,2026-08-25,PL-GDN-01,C021726,VM-BIK-0019,1,1231.77,0.0,PLN
SO-2026-013602,3,2026-08-25,2026-08-25,PL-GDN-01,C021726,VM-ACC-0001,1,386.83,0.0,PLN
SO-2026-013603,1,2026-08-25,2026-08-25,PL-POZ-01,C023922,VM-APP-0006,1,315.57,0.0,PLN
SO-2026-013604,1,2026-08-25,2026-08-25,PL-POZ-01,C023208,VM-BIK-0002,1,9803.33,0.0,PLN
SO-2026-013604,2,2026-08-25,2026-08-25,PL-POZ-01,C023208,VM-EBK-0005,1,17764.09,0.0,PLN
SO-2026-013604,3,2026-08-25,2026-08-25,PL-POZ-01,C023208,VM-APP-0003,1,315.57,0.1,PLN
SO-2026-013604,4,2026-08-25,2026-08-25,PL-POZ-01,C023208,VM-EBK-0008,1,15371.79,0.0,PLN
SO-2026-013605,1,2026-08-25,2026-08-25,PL-LDZ-01,C008298,VM-EBK-0011,1,14903.51,0.0,PLN
SO-2026-013605,2,2026-08-25,2026-08-25,PL-LDZ-01,C008298,VM-APP-0017,2,193.41,0.0,PLN
SO-2026-013605,3,2026-08-25,2026-08-25,PL-LDZ-01,C008298,VM-ACC-0013,1,173.05,0.0,PLN
SO-2026-013606,1,2026-08-25,2026-08-25,PL-LDZ-01,C022996,vm-ebk-0003,1,9253.61,0.0,PLN
SO-2026-013607,1,2026-08-25,2026-08-26,PL-WEB-01,C019324,VM-APP-0006,2,315.57,0.0,PLN
SO-2026-013608,1,2026-08-25,2026-08-26,PL-WEB-01,C018681,VM-NUT-0004,12,7.12,0.0,PLN
SO-2026-013608,2,2026-08-25,2026-08-26,PL-WEB-01,C018681,VM-CMP-0013,2,539.53,0.0,PLN
SO-2026-013609,1,2026-08-25,2026-08-27,PL-WEB-01,C023923,VM-CMP-0006,1,203.59,0.0,PLN
SO-2026-013609,2,2026-08-25,2026-08-27,PL-WEB-01,C023923,VM-ACC-0014,1,111.97,0.0,PLN
SO-2026-013609,3,2026-08-25,2026-08-27,PL-WEB-01,C023923,VM-BIK-0013,1,4886.39,0.0,PLN
SO-2026-013610,1,2026-08-25,2026-08-29,PL-WEB-01,C023924,VM-APP-0018,2,132.33,0.0,PLN
SO-2026-013610,2,2026-08-25,2026-08-29,PL-WEB-01,C023924,VM-ACC-0020,1,824.57,0.0,PLN
SO-2026-013610,3,2026-08-25,2026-08-29,PL-WEB-01,C023924,VM-APP-0008,1,162.87,0.0,PLN
SO-2026-013610,4,2026-08-25,2026-08-29,PL-WEB-01,C023924,VM-ACC-0014,1,111.97,0.0,PLN
SO-2026-013611,1,2026-08-25,2026-08-27,PL-WEB-01,C015482,VM-ACC-0007,1,366.47,0.0,PLN
SO-2026-013611,2,2026-08-25,2026-08-27,PL-WEB-01,C015482,VM-EBK-0002,1,10129.09,0.0,PLN
SO-2026-013611,3,2026-08-25,2026-08-27,PL-WEB-01,C015482,VM-APP-0006,2,315.57,0.0,PLN
SO-2026-013612,1,2026-08-25,2026-08-27,PL-WEB-01,C020051,VM-APP-0013,1,447.91,0.0,PLN
SO-2026-013612,2,2026-08-25,2026-08-27,PL-WEB-01,C020051,VM-BIK-0001,1,13936.41,0.0,PLN
SO-2026-013613,1,2026-08-25,2026-08-29,PL-WEB-01,C023925,VM-EBK-0004,1,11279.43,0.05,PLN
SO-2026-013613,2,2026-08-25,2026-08-29,PL-WEB-01,C023925,VM-EBK-0005,1,17764.09,0.05,PLN
SO-2026-013613,3,2026-08-25,2026-08-29,PL-WEB-01,C023925,VM-APP-0014,1,498.81,0.05,PLN
SO-2026-013613,4,2026-08-25,2026-08-29,PL-WEB-01,C023925,VM-ACC-0007,2,366.47,0.05,PLN
SO-2026-013614,1,2026-08-25,2026-08-27,PL-WEB-01,C022361,vm-nut-0009,3,86.52,0.0,PLN
SO-2026-013615,1,2026-08-25,2026-08-27,PL-WEB-01,C016961,VM-BIK-0016,1,3654.61,0.05,PLN
SO-2026-013616,1,2026-08-25,2026-08-28,PL-WEB-01,C023926,VM-NUT-0008,5,10.17,0.05,PLN
SO-2026-013617,1,2026-08-25,2026-08-27,PL-WEB-01,C022163,VM-ACC-0017,1,59.03,0.05,PLN
SO-2026-013618,1,2026-08-25,2026-08-26,PL-WEB-01,C023927,VM-NUT-0007,12,13.22,0.0,PLN
SO-2026-013618,2,2026-08-25,2026-08-26,PL-WEB-01,C023927,VM-CMP-0004,1,732.95,0.0,PLN
SO-2026-013618,3,2026-08-25,2026-08-26,PL-WEB-01,C023927,VM-APP-0013,1,447.91,0.0,PLN
SO-2026-013619,1,2026-08-25,2026-08-29,PL-MKT-01,C021409,VM-CMP-0007,2,641.33,0.0,PLN
SO-2026-013620,1,2026-08-25,2026-08-29,PL-MKT-01,C023928,VM-ACC-0008,2,407.19,0.0,PLN
SO-2026-013620,2,2026-08-25,2026-08-29,PL-MKT-01,C023928,VM-CMP-0006,2,203.59,0.0,PLN
SO-2026-013621,1,2026-08-25,2026-08-29,PL-MKT-01,C022563,VM-NUT-0001,12,9.15,0.08,PLN
SO-2026-013622,1,2026-08-25,2026-08-28,PL-MKT-01,C023929,VM-APP-0005,3,183.23,0.0,PLN
SO-2026-013623,1,2026-08-25,2026-08-28,PL-MKT-01,C021566,VM-EBK-0003,1,9253.61,0.0,PLN
SO-2026-013623,2,2026-08-25,2026-08-28,PL-MKT-01,C021566,VM-ACC-0008,1,407.19,0.0,PLN
SO-2026-013624,1,2026-08-25,2026-08-29,PL-MKT-01,C023613,VM-BIK-0014,1,3898.93,0.0,PLN
SO-2026-013625,1,2026-08-25,2026-08-25,CZ-PRG-01,C019359,VM-CMP-0019,4,1234.0,0.0,CZK
SO-2026-013625,2,2026-08-25,2026-08-25,CZ-PRG-01,C019359,VM-ACC-0019,2,294.0,0.0,CZK
SO-2026-013626,1,2026-08-25,2026-08-26,CZ-WEB-01,C023930, VM-NUT-0011 ,1,317.0,0.0,CZK
SO-2026-013627,1,2026-08-25,2026-08-26,CZ-WEB-01,C020120,vm-nut-0011,3,317.0,0.0,CZK
SO-2026-013628,1,2026-08-25,2026-08-26,CZ-WEB-01,C023479,VM-ACC-0008,2,2351.0,0.05,CZK
SO-2026-013629,1,2026-08-25,2026-08-27,CZ-WEB-01,C009218,VM-BIK-0013,1,28212.0,0.05,CZK
SO-2026-013629,2,2026-08-25,2026-08-27,CZ-WEB-01,C009218,VM-ACC-0008,1,2351.0,0.05,CZK
SO-2026-013629,3,2026-08-25,2026-08-27,CZ-WEB-01,C009218,VM-CMP-0009,1,2057.0,0.05,CZK
SO-2026-013630,1,2026-08-25,2026-08-29,CZ-WEB-01,C018937,VM-CMP-0002,2,3291.0,0.05,CZK
SO-2026-013630,2,2026-08-25,2026-08-29,CZ-WEB-01,C018937,VM-ACC-0014,1,646.0,0.05,CZK
SO-2026-013631,1,2026-08-25,2026-08-25,DE-BER-01,C023931,VM-ACC-0017,2,13.88,0.05,EUR
SO-2026-013632,1,2026-08-25,2026-08-25,DE-BER-01,C022835,VM-NUT-0006,8,2.39,0.05,EUR
SO-2026-013632,2,2026-08-25,2026-08-25,DE-BER-01,C022835,VM-EBK-0002,1,2382.25,0.05,EUR
SO-2026-013633,1,2026-08-25,2026-08-26,DE-WEB-01,C008225,VM-ACC-0017,1,13.88,0.0,EUR
SO-2026-013633,2,2026-08-25,2026-08-26,DE-WEB-01,C008225,VM-ACC-0015,1,83.8,0.0,EUR
SO-2026-013634,1,2026-08-25,2026-08-29,DE-WEB-01,C023932,VM-CMP-0020,4,62.25,0.0,EUR
SO-2026-013634,2,2026-08-25,2026-08-29,DE-WEB-01,C023932,VM-ACC-0003,2,69.43,0.05,EUR
SO-2026-013635,1,2026-08-25,2026-08-27,DE-WEB-01,C022857,VM-BIK-0009,1,1350.34,0.0,EUR
SO-2026-013635,2,2026-08-25,2026-08-27,DE-WEB-01,C022857,VM-ACC-0007,2,86.19,0.0,EUR
SO-2026-013636,1,2026-08-25,2026-08-27,DE-WEB-01,C020944,VM-APP-0002,3,105.34,0.0,EUR
SO-2026-013637,1,2026-08-25,2026-08-28,DE-WEB-01,C023933,VM-CMP-0007,2,150.83,0.0,EUR
SO-2026-013637,2,2026-08-25,2026-08-28,DE-WEB-01,C023933,VM-APP-0002,3,105.34,0.0,EUR
SO-2026-013638,1,2026-08-25,2026-08-26,DE-WEB-01,C018478,VM-BIK-0001,1,3277.69,0.0,EUR
SO-2026-013638,2,2026-08-25,2026-08-26,DE-WEB-01,C018478,VM-ACC-0015,1,83.8,0.0,EUR
SO-2026-013639,1,2026-08-25,2026-08-29,DE-WEB-01,C023934, VM-BIK-0005 ,1,1774.12,0.0,EUR
SO-2026-013639,2,2026-08-25,2026-08-29,DE-WEB-01,C023934,VM-CMP-0002,1,134.07,0.0,EUR
SO-2026-013640,1,2026-08-26,2026-08-26,PL-WAW-01,C023935,VM-ACC-0019,2,50.89,0.0,PLN
SO-2026-013640,2,2026-08-26,2026-08-26,PL-WAW-01,C023935,VM-ACC-0008,1,407.19,0.0,PLN
SO-2026-013641,1,2026-08-26,2026-08-26,PL-WAW-01,C023936,VM-APP-0014,1,498.81,0.0,PLN
SO-2026-013641,2,2026-08-26,2026-08-26,PL-WAW-01,C023936,VM-ACC-0022,1,1598.25,0.0,PLN
SO-2026-013642,1,2026-08-26,2026-08-26,PL-WAW-01,C023583,VM-CMP-0013,2,539.53,0.0,PLN
SO-2026-013642,2,2026-08-26,2026-08-26,PL-WAW-01,C023583,VM-EBK-0004,1,11279.43,0.0,PLN
SO-2026-013643,1,2026-08-26,2026-08-26,PL-WAW-01,C021268,VM-APP-0004,1,244.31,0.0,PLN
SO-2026-013644,1,2026-08-26,2026-08-26,PL-WAW-01,C022929,VM-CMP-0019,15,213.77,0.1,PLN
SO-2026-013645,1,2026-08-26,2026-08-26,PL-WAW-01,,VM-NUT-0011,3,54.96,0.1,PLN
SO-2026-013646,1,2026-08-26,2026-08-26,PL-WAW-01,C023937,VM-NUT-0001,5,9.15,0.0,PLN
SO-2026-013647,1,2026-08-26,2026-08-26,PL-WAW-02,,VM-APP-0002,3,447.91,0.0,PLN
SO-2026-013648,1,2026-08-26,2026-08-26,PL-WAW-02,C012044,VM-BIK-0009,1,5741.51,0.05,PLN
SO-2026-013648,2,2026-08-26,2026-08-26,PL-WAW-02,C012044,VM-ACC-0003,1,295.21,0.05,PLN
SO-2026-013648,3,2026-08-26,2026-08-26,PL-WAW-02,C012044,VM-ACC-0014,1,111.97,0.05,PLN
SO-2026-013649,1,2026-08-26,2026-08-26,PL-WAW-02,,VM-NUT-0004,10,7.12,0.0,PLN
SO-2026-013649,2,2026-08-26,2026-08-26,PL-WAW-02,,VM-NUT-0001,11,9.15,0.0,PLN
SO-2026-013650,1,2026-08-26,2026-08-26,PL-KRK-01,C023938,VM-APP-0019,1,67.18,0.0,PLN
SO-2026-013651,1,2026-08-26,2026-08-26,PL-KRK-01,,VM-BIK-0021,1,1272.49,0.0,PLN
SO-2026-013651,2,2026-08-26,2026-08-26,PL-KRK-01,,VM-ACC-0002,2,620.97,0.0,PLN
SO-2026-013652,1,2026-08-26,2026-08-26,PL-KRK-01,,VM-APP-0015,1,580.25,0.0,PLN
SO-2026-013653,1,2026-08-26,2026-08-26,PL-KRK-01,C019288,VM-ACC-0019,3,50.89,0.0,PLN
SO-2026-013654,1,2026-08-26,2026-08-26,PL-WRO-01,,VM-BIK-0020,1,1231.77,0.0,PLN
SO-2026-013655,1,2026-08-26,2026-08-26,PL-WRO-01,C023939,VM-ACC-0008,1,407.19,0.0,PLN
SO-2026-013656,1,2026-08-26,2026-08-26,PL-WRO-01,,VM-BIK-0016,1,3654.61,0.0,PLN
SO-2026-013656,2,2026-08-26,2026-08-26,PL-WRO-01,,VM-EBK-0003,1,9253.61,0.0,PLN
SO-2026-013657,1,2026-08-26,2026-08-26,PL-GDN-01,C023940,VM-CMP-0020,3,264.67,0.0,PLN
SO-2026-013658,1,2026-08-26,2026-08-26,PL-POZ-01,C023941,VM-BIK-0020,1,1231.77,0.0,PLN
SO-2026-013659,1,2026-08-26,2026-08-26,PL-POZ-01,C020389,VM-CMP-0022,2,36.64,0.0,PLN
SO-2026-013660,1,2026-08-26,2026-08-26,PL-LDZ-01,,VM-ACC-0018,3,50.89,0.0,PLN
SO-2026-013660,2,2026-08-26,2026-08-26,PL-LDZ-01,,VM-CMP-0013,2,539.53,0.0,PLN
SO-2026-013661,1,2026-08-26,2026-08-27,PL-WEB-01,C022137,VM-CMP-0006,2,203.59,0.0,PLN
SO-2026-013662,1,2026-08-26,2026-08-30,PL-WEB-01,C018212,VM-CMP-0023,3,60.05,0.05,PLN
SO-2026-013663,1,2026-08-26,2026-08-29,PL-WEB-01,C023942,VM-CMP-0001,2,407.19,0.05,PLN
SO-2026-013664,1,2026-08-26,2026-08-30,PL-WEB-01,C023943,VM-CMP-0007,2,641.33,0.0,PLN
SO-2026-013665,1,2026-08-26,2026-08-30,PL-WEB-01,C023944,VM-BIK-0019,1,1231.77,0.0,PLN
SO-2026-013666,1,2026-08-26,2026-08-30,PL-WEB-01,C023945,VM-EBK-0010,1,13732.81,0.0,PLN
SO-2026-013667,1,2026-08-26,2026-08-27,PL-WEB-01,C013397, VM-ACC-0018 ,3,50.89,0.05,PLN
SO-2026-013667,2,2026-08-26,2026-08-27,PL-WEB-01,C013397,VM-APP-0002,2,447.91,0.05,PLN
SO-2026-013668,1,2026-08-26,2026-08-30,PL-WEB-01,C007734,VM-ACC-0011,2,73.29,0.1,PLN
SO-2026-013668,2,2026-08-26,2026-08-30,PL-WEB-01,C007734,VM-APP-0012,4,885.65,0.12,PLN
SO-2026-013669,1,2026-08-26,2026-08-27,PL-WEB-01,C023946,VM-ACC-0020,1,824.57,0.0,PLN
SO-2026-013670,1,2026-08-26,2026-08-30,PL-WEB-01,C020293,VM-BIK-0019,1,1231.77,0.0,PLN
SO-2026-013671,1,2026-08-26,2026-08-29,PL-WEB-01,C022122,VM-ACC-0014,1,111.97,0.0,PLN
SO-2026-013671,2,2026-08-26,2026-08-29,PL-WEB-01,C022122,VM-NUT-0009,1,86.52,0.0,PLN
SO-2026-013672,1,2026-08-26,2026-08-30,PL-MKT-01,C000850,VM-ACC-0020,1,824.57,0.0,PLN
SO-2026-013673,1,2026-08-26,2026-08-29,PL-MKT-01,C023947,VM-NUT-0009,3,86.52,0.0,PLN
SO-2026-013674,1,2026-08-26,2026-08-30,PL-MKT-01,C014886,VM-APP-0019,1,67.18,0.0,PLN
SO-2026-013674,2,2026-08-26,2026-08-30,PL-MKT-01,C014886,VM-BIK-0019,1,1231.77,0.0,PLN
SO-2026-013674,3,2026-08-26,2026-08-30,PL-MKT-01,C014886,VM-APP-0003,3,315.57,0.0,PLN
SO-2026-013674,4,2026-08-26,2026-08-30,PL-MKT-01,C014886,VM-ACC-0008,2,407.19,0.0,PLN
SO-2026-013675,1,2026-08-26,2026-08-28,PL-MKT-01,C023948,VM-BIK-0008,1,5405.57,0.0,PLN
SO-2026-013676,1,2026-08-26,2026-08-30,PL-MKT-01,C023949,VM-ACC-0001,1,386.83,0.1,PLN
SO-2026-013677,1,2026-08-26,2026-08-29,PL-MKT-01,C020998,VM-ACC-0007,1,366.47,0.0,PLN
SO-2026-013678,1,2026-08-26,2026-08-26,CZ-PRG-01,C023725,VM-EBK-0007,1,86401.0,0.0,CZK
SO-2026-013678,2,2026-08-26,2026-08-26,CZ-PRG-01,C023725,VM-ACC-0019,2,294.0,0.0,CZK
SO-2026-013679,1,2026-08-26,2026-08-26,CZ-PRG-01,C021490,VM-NUT-0001,15,53.0,0.0,CZK
SO-2026-013680,1,2026-08-26,2026-08-26,CZ-PRG-01,,VM-NUT-0009,4,500.0,0.1,CZK
SO-2026-013680,2,2026-08-26,2026-08-26,CZ-PRG-01,,vm-acc-0014,1,646.0,0.0,CZK
SO-2026-013681,1,2026-08-26,2026-08-26,CZ-PRG-01,C023950,VM-CMP-0005,1,8699.0,0.0,CZK
SO-2026-013681,2,2026-08-26,2026-08-26,CZ-PRG-01,C023950,VM-NUT-0002,6,88.0,0.0,CZK
SO-2026-013682,1,2026-08-26,2026-08-26,CZ-BRN-01,C023951,VM-ACC-0008,1,2351.0,0.0,CZK
SO-2026-013682,2,2026-08-26,2026-08-26,CZ-BRN-01,C023951,VM-APP-0017,1,1117.0,0.0,CZK
SO-2026-013683,1,2026-08-26,2026-08-26,CZ-BRN-01,C005781,VM-CMP-0001,1,2351.0,0.0,CZK
SO-2026-013684,1,2026-08-26,2026-08-30,CZ-WEB-01,C023952,VM-EBK-0002,1,58482.0,0.0,CZK
SO-2026-013684,2,2026-08-26,2026-08-30,CZ-WEB-01,C023952,VM-ACC-0002,2,3585.0,0.0,CZK
SO-2026-013685,1,2026-08-26,2026-08-27,CZ-WEB-01,C023953,VM-APP-0007,1,940.0,0.0,CZK
SO-2026-013686,1,2026-08-26,2026-08-30,CZ-WEB-01,C021948,VM-ACC-0022,1,9228.0,0.0,CZK
SO-2026-013686,2,2026-08-26,2026-08-30,CZ-WEB-01,C021948,VM-CMP-0011,2,940.0,0.0,CZK
SO-2026-013686,3,2026-08-26,2026-08-30,CZ-WEB-01,C021948,VM-ACC-0008,2,2351.0,0.0,CZK
SO-2026-013687,1,2026-08-26,2026-08-29,CZ-WEB-01,C023954,VM-NUT-0011,2,317.0,0.0,CZK
SO-2026-013688,1,2026-08-26,2026-08-28,CZ-WEB-01,C023955,VM-CMP-0015,1,5407.0,0.05,CZK
SO-2026-013688,2,2026-08-26,2026-08-28,CZ-WEB-01,C023955,VM-CMP-0017,2,2939.0,0.05,CZK
SO-2026-013689,1,2026-08-26,2026-08-26,DE-BER-01,,VM-CMP-0009,2,83.8,0.0,EUR
SO-2026-013690,1,2026-08-26,2026-08-26,DE-BER-01,,VM-BIK-0016,1,859.52,0.0,EUR
SO-2026-013691,1,2026-08-26,2026-08-26,DE-BER-01,C022934,VM-NUT-0006,12,2.39,0.1,EUR
SO-2026-013692,1,2026-08-26,2026-08-26,DE-BER-01,C022905,VM-APP-0017,1,45.49,0.0,EUR
SO-2026-013692,2,2026-08-26,2026-08-26,DE-BER-01,C022905,VM-BIK-0003,1,1565.82,0.0,EUR
SO-2026-013693,1,2026-08-26,2026-08-28,DE-WEB-01,C013792,VM-NUT-0002,45,3.59,0.12,EUR
SO-2026-013694,1,2026-08-26,2026-08-30,DE-WEB-01,C023956,VM-NUT-0004,11,1.67,0.0,EUR
SO-2026-013694,2,2026-08-26,2026-08-30,DE-WEB-01,C023956,VM-ACC-0008,1,95.77,0.0,EUR
SO-2026-013695,1,2026-08-26,2026-08-29,DE-WEB-01,C019841,VM-NUT-0006,11,2.39,0.0,EUR
SO-2026-013695,2,2026-08-26,2026-08-29,DE-WEB-01,C019841,VM-CMP-0013,2,126.89,0.05,EUR
SO-2026-013695,3,2026-08-26,2026-08-29,DE-WEB-01,C019841,VM-APP-0008,2,38.31,0.1,EUR
SO-2026-013696,1,2026-08-26,2026-08-27,DE-WEB-01,C023957,VM-NUT-0003,11,2.63,0.0,EUR
SO-2026-013697,1,2026-08-26,2026-08-30,DE-WEB-01,C023128,VM-BIK-0004,1,1022.33,0.0,EUR
SO-2026-013698,1,2026-08-26,2026-08-28,DE-WEB-01,C011896,VM-BIK-0011,2,2071.0,0.08,EUR
SO-2026-013698,2,2026-08-26,2026-08-28,DE-WEB-01,C011896,VM-NUT-0001,8,2.15,0.08,EUR
SO-2026-013698,3,2026-08-26,2026-08-28,DE-WEB-01,C011896,VM-ACC-0007,2,86.19,0.1,EUR
SO-2026-013699,1,2026-08-26,2026-08-29,DE-WEB-01,C023958,VM-NUT-0004,8,1.67,0.0,EUR
SO-2026-013699,2,2026-08-26,2026-08-29,DE-WEB-01,C023958, VM-BIK-0016 ,1,859.52,0.05,EUR
SO-2026-013699,3,2026-08-26,2026-08-29,DE-WEB-01,C023958,VM-APP-0003,2,74.22,0.0,EUR
SO-2026-013700,1,2026-08-27,2026-08-27,PL-WAW-01,,VM-CMP-0015,1,936.55,0.0,PLN
SO-2026-013701,1,2026-08-27,2026-08-27,PL-WAW-01,C014861,VM-APP-0012,1,885.65,0.0,PLN
SO-2026-013702,1,2026-08-27,2026-08-27,PL-WAW-01,C023429,VM-BIK-0020,1,1231.77,0.0,PLN
SO-2026-013702,2,2026-08-27,2026-08-27,PL-WAW-01,C023429, VM-APP-0002 ,2,447.91,0.0,PLN
SO-2026-013703,1,2026-08-27,2026-08-27,PL-WAW-01,,VM-NUT-0004,5,7.12,0.0,PLN
SO-2026-013704,1,2026-08-27,2026-08-27,PL-WAW-02,,VM-EBK-0009,1,10088.37,0.0,PLN
SO-2026-013705,1,2026-08-27,2026-08-27,PL-WAW-02,C023959,VM-APP-0015,1,580.25,0.0,PLN
SO-2026-013705,2,2026-08-27,2026-08-27,PL-WAW-02,C023959,VM-ACC-0011,2,73.29,0.0,PLN
SO-2026-013705,3,2026-08-27,2026-08-27,PL-WAW-02,C023959,VM-APP-0010,2,173.05,0.0,PLN
SO-2026-013706,1,2026-08-27,2026-08-27,PL-WAW-02,C020580,VM-CMP-0013,1,539.53,0.0,PLN
SO-2026-013706,2,2026-08-27,2026-08-27,PL-WAW-02,C020580,VM-CMP-0019,1,213.77,0.0,PLN
SO-2026-013706,3,2026-08-27,2026-08-27,PL-WAW-02,C020580,VM-APP-0004,2,244.31,0.0,PLN
SO-2026-013707,1,2026-08-27,2026-08-27,PL-WAW-02,C023960,VM-CMP-0023,2,60.05,0.0,PLN
SO-2026-013708,1,2026-08-27,2026-08-27,PL-KRK-01,,VM-BIK-0020,1,1231.77,0.0,PLN
SO-2026-013708,2,2026-08-27,2026-08-27,PL-KRK-01,,VM-CMP-0020,2,264.67,0.0,PLN
SO-2026-013708,3,2026-08-27,2026-08-27,PL-KRK-01,,VM-APP-0004,3,244.31,0.0,PLN
SO-2026-013709,1,2026-08-27,2026-08-27,PL-KRK-01,C019646,VM-APP-0002,3,447.91,0.05,PLN
SO-2026-013709,2,2026-08-27,2026-08-27,PL-KRK-01,C019646,VM-ACC-0007,2,366.47,0.05,PLN
SO-2026-013710,1,2026-08-27,2026-08-27,PL-WRO-01,C018694,VM-APP-0008,2,162.87,0.0,PLN
SO-2026-013711,1,2026-08-27,2026-08-27,PL-GDN-01,,VM-ACC-0007,2,366.47,0.0,PLN
SO-2026-013711,2,2026-08-27,2026-08-27,PL-GDN-01,,VM-BIK-0011,1,8805.69,0.0,PLN
SO-2026-013711,3,2026-08-27,2026-08-27,PL-GDN-01,,VM-BIK-0019,1,1231.77,0.0,PLN
SO-2026-013712,1,2026-08-27,2026-08-27,PL-GDN-01,C023961,VM-ACC-0018,2,50.89,0.0,PLN
SO-2026-013712,2,2026-08-27,2026-08-27,PL-GDN-01,C023961,VM-ACC-0014,1,111.97,0.0,PLN
SO-2026-013712,3,2026-08-27,2026-08-27,PL-GDN-01,C023961,VM-BIK-0005,1,7543.37,0.0,PLN
SO-2026-013713,1,2026-08-27,2026-08-27,PL-GDN-01,C004066,VM-NUT-0009,1,86.52,0.0,PLN
SO-2026-013714,1,2026-08-27,2026-08-27,PL-GDN-01,,VM-APP-0013,1,447.91,0.05,PLN
SO-2026-013714,2,2026-08-27,2026-08-27,PL-GDN-01,,VM-BIK-0004,1,4346.85,0.0,PLN
SO-2026-013715,1,2026-08-27,2026-08-27,PL-GDN-01,C023962,VM-ACC-0013,1,173.05,0.05,PLN
SO-2026-013716,1,2026-08-27,2026-08-27,PL-POZ-01,C016880,VM-NUT-0004,8,7.12,0.0,PLN
SO-2026-013717,1,2026-08-27,2026-08-27,PL-POZ-01,, vm-bik-0002 ,1,9803.33,0.0,PLN
SO-2026-013717,2,2026-08-27,2026-08-27,PL-POZ-01,,VM-ACC-0009,1,407.19,0.0,PLN
SO-2026-013717,3,2026-08-27,2026-08-27,PL-POZ-01,,VM-EBK-0003,1,9253.61,0.0,PLN
SO-2026-013718,1,2026-08-27,2026-08-27,PL-POZ-01,C022125,VM-APP-0006,1,315.57,0.05,PLN
SO-2026-013719,1,2026-08-27,2026-08-27,PL-LDZ-01,C021592,VM-EBK-0004,3,11279.43,0.08,PLN
SO-2026-013719,2,2026-08-27,2026-08-27,PL-LDZ-01,C021592,VM-ACC-0008,5,407.19,0.1,PLN
SO-2026-013720,1,2026-08-27,2026-08-27,PL-LDZ-01,C015965,VM-BIK-0012,1,12022.57,0.0,PLN
SO-2026-013720,2,2026-08-27,2026-08-27,PL-LDZ-01,C015965, VM-ACC-0004 ,1,794.03,0.0,PLN
SO-2026-013720,3,2026-08-27,2026-08-27,PL-LDZ-01,C015965,VM-ACC-0012,1,73.29,0.0,PLN
SO-2026-013720,4,2026-08-27,2026-08-27,PL-LDZ-01,C015965,VM-CMP-0019,1,213.77,0.0,PLN
SO-2026-013721,1,2026-08-27,2026-08-27,PL-LDZ-01,C018206,VM-CMP-0013,1,539.53,0.0,PLN
SO-2026-013722,1,2026-08-27,2026-08-28,PL-WEB-01,C023963,VM-APP-0002,2,447.91,0.05,PLN
SO-2026-013722,2,2026-08-27,2026-08-28,PL-WEB-01,C023963,VM-APP-0013,1,447.91,0.05,PLN
SO-2026-013723,1,2026-08-27,2026-08-28,PL-WEB-01,C023964,VM-NUT-0004,4,7.12,0.0,PLN
SO-2026-013724,1,2026-08-27,2026-08-29,PL-WEB-01,C016772,VM-NUT-0004,10,7.12,0.0,PLN
SO-2026-013725,1,2026-08-27,2026-08-31,PL-WEB-01,C021418,VM-APP-0013,1,447.91,0.0,PLN
SO-2026-013725,2,2026-08-27,2026-08-31,PL-WEB-01,C021418,VM-APP-0007,1,162.87,0.0,PLN
SO-2026-013725,3,2026-08-27,2026-08-31,PL-WEB-01,C021418,VM-BIK-0017,1,1944.37,0.0,PLN
SO-2026-013726,1,2026-08-27,2026-08-28,PL-WEB-01,C020187,VM-APP-0002,1,447.91,0.0,PLN
SO-2026-013727,1,2026-08-27,2026-08-31,PL-WEB-01,C023965,VM-BIK-0012,1,12022.57,0.0,PLN
SO-2026-013728,1,2026-08-27,2026-08-31,PL-WEB-01,C009399,VM-APP-0002,8,447.91,0.08,PLN
SO-2026-013729,1,2026-08-27,2026-08-28,PL-WEB-01,C021496,VM-APP-0014,1,498.81,0.0,PLN
SO-2026-013730,1,2026-08-27,2026-08-28,PL-WEB-01,C016071,VM-EBK-0009,1,10088.37,0.0,PLN
SO-2026-013730,2,2026-08-27,2026-08-28,PL-WEB-01,C016071,VM-ACC-0019,1,50.89,0.1,PLN
SO-2026-013731,1,2026-08-27,2026-08-29,PL-WEB-01,C022860,VM-ACC-0014,1,111.97,0.0,PLN
SO-2026-013732,1,2026-08-27,2026-08-29,PL-WEB-01,C013344,VM-CMP-0005,2,1506.63,0.0,PLN
SO-2026-013733,1,2026-08-27,2026-08-30,PL-WEB-01,C006205,VM-APP-0006,1,315.57,0.05,PLN
SO-2026-013733,2,2026-08-27,2026-08-30,PL-WEB-01,C006205,VM-ACC-0020,1,824.57,0.05,PLN
SO-2026-013733,3,2026-08-27,2026-08-30,PL-WEB-01,C006205,VM-CMP-0014,2,437.73,0.05,PLN
SO-2026-013733,4,2026-08-27,2026-08-30,PL-WEB-01,C006205,VM-BIK-0007,1,7176.89,0.05,PLN
SO-2026-013734,1,2026-08-27,2026-08-29,PL-WEB-01,C023966,VM-EBK-0003,1,9253.61,0.0,PLN
SO-2026-013734,2,2026-08-27,2026-08-29,PL-WEB-01,C023966,VM-ACC-0008,1,407.19,0.0,PLN
SO-2026-013734,3,2026-08-27,2026-08-29,PL-WEB-01,C023966,VM-ACC-0009,2,407.19,0.0,PLN
SO-2026-013734,4,2026-08-27,2026-08-29,PL-WEB-01,C023966,VM-ACC-0018,1,50.89,0.0,PLN
SO-2026-013735,1,2026-08-27,2026-08-31,PL-WEB-01,C023967,vm-bik-0012,1,12022.57,0.0,PLN
SO-2026-013736,1,2026-08-27,2026-08-29,PL-MKT-01,C010228,VM-BIK-0004,2,4346.85,0.1,PLN
SO-2026-013736,2,2026-08-27,2026-08-29,PL-MKT-01,C010228,VM-ACC-0009,8,407.19,0.12,PLN
SO-2026-013737,1,2026-08-27,2026-08-31,PL-MKT-01,C023968,VM-CMP-0005,1,1506.63,0.0,PLN
SO-2026-013737,2,2026-08-27,2026-08-31,PL-MKT-01,C023968,VM-BIK-0007,1,7176.89,0.0,PLN
SO-2026-013737,3,2026-08-27,2026-08-31,PL-MKT-01,C023968,VM-CMP-0009,1,356.29,0.0,PLN
SO-2026-013737,4,2026-08-27,2026-08-31,PL-MKT-01,C023968,VM-BIK-0012,1,12022.57,0.0,PLN
SO-2026-013738,1,2026-08-27,2026-08-30,PL-MKT-01,C022918,VM-ACC-0005,2,183.23,0.0,PLN
SO-2026-013738,2,2026-08-27,2026-08-30,PL-MKT-01,C022918,VM-ACC-0016,1,29.51,0.0,PLN
SO-2026-013738,3,2026-08-27,2026-08-30,PL-MKT-01,C022918,VM-ACC-0015,1,356.29,0.0,PLN
SO-2026-013738,4,2026-08-27,2026-08-30,PL-MKT-01,C022918,VM-APP-0010,2,173.05,0.0,PLN
SO-2026-013739,1,2026-08-27,2026-08-29,PL-MKT-01,C013609,VM-APP-0013,1,447.91,0.05,PLN
SO-2026-013739,2,2026-08-27,2026-08-29,PL-MKT-01,C013609,VM-BIK-0017,1,1944.37,0.05,PLN
SO-2026-013739,3,2026-08-27,2026-08-29,PL-MKT-01,C013609,VM-CMP-0002,2,570.07,0.05,PLN
SO-2026-013739,4,2026-08-27,2026-08-29,PL-MKT-01,C013609,VM-APP-0020,2,183.23,0.05,PLN
SO-2026-013740,1,2026-08-27,2026-08-28,PL-MKT-01,C023418,VM-ACC-0014,1,111.97,0.0,PLN
SO-2026-013741,1,2026-08-27,2026-08-30,PL-MKT-01,C021473,VM-BIK-0001,1,13936.41,0.0,PLN
SO-2026-013741,2,2026-08-27,2026-08-30,PL-MKT-01,C021473,VM-ACC-0017,2,59.03,0.0,PLN
SO-2026-013741,3,2026-08-27,2026-08-30,PL-MKT-01,C021473,VM-BIK-0014,1,3898.93,0.0,PLN
SO-2026-013741,4,2026-08-27,2026-08-30,PL-MKT-01,C021473,VM-CMP-0017,1,508.99,0.0,PLN
SO-2026-013742,1,2026-08-27,2026-08-27,CZ-PRG-01,C023969,VM-BIK-0021,1,7347.0,0.05,CZK
SO-2026-013742,2,2026-08-27,2026-08-27,CZ-PRG-01,C023969,VM-APP-0011,1,2410.0,0.05,CZK
SO-2026-013742,3,2026-08-27,2026-08-27,CZ-PRG-01,C023969,VM-ACC-0014,1,646.0,0.05,CZK
SO-2026-013743,1,2026-08-27,2026-08-27,CZ-BRN-01,C023970,VM-EBK-0011,1,86048.0,0.0,CZK
SO-2026-013744,1,2026-08-27,2026-08-30,CZ-WEB-01,C018243,VM-ACC-0010,1,1469.0,0.0,CZK
SO-2026-013745,1,2026-08-27,2026-08-28,CZ-WEB-01,C023971,VM-ACC-0008,1,2351.0,0.0,CZK
SO-2026-013746,1,2026-08-27,2026-08-30,CZ-WEB-01,C021351,VM-ACC-0008,2,2351.0,0.05,CZK
SO-2026-013746,2,2026-08-27,2026-08-30,CZ-WEB-01,C021351,VM-BIK-0007,1,41437.0,0.05,CZK
SO-2026-013746,3,2026-08-27,2026-08-30,CZ-WEB-01,C021351,VM-CMP-0017,1,2939.0,0.05,CZK
SO-2026-013747,1,2026-08-27,2026-08-29,CZ-WEB-01,C021107,VM-ACC-0021,1,4584.0,0.0,CZK
SO-2026-013747,2,2026-08-27,2026-08-29,CZ-WEB-01,C021107,VM-CMP-0009,1,2057.0,0.0,CZK
SO-2026-013748,1,2026-08-27,2026-08-27,DE-BER-01,,VM-ACC-0008,1,95.77,0.0,EUR
SO-2026-013749,1,2026-08-27,2026-08-27,DE-BER-01,C017709,VM-ACC-0016,2,6.94,0.0,EUR
SO-2026-013750,1,2026-08-27,2026-08-27,DE-BER-01,C023972,VM-APP-0007,1,38.31,0.05,EUR
SO-2026-013751,1,2026-08-27,2026-08-31,DE-WEB-01,C013792,VM-BIK-0012,3,2827.58,0.12,EUR
SO-2026-013752,1,2026-08-27,2026-08-28,DE-WEB-01,C023404,VM-NUT-0007,4,3.11,0.05,EUR
SO-2026-013752,2,2026-08-27,2026-08-28,DE-WEB-01,C023404,VM-NUT-0006,8,2.39,0.05,EUR
SO-2026-013752,3,2026-08-27,2026-08-28,DE-WEB-01,C023404,VM-CMP-0017,1,119.71,0.05,EUR
SO-2026-013753,1,2026-08-27,2026-08-28,DE-WEB-01,C022323,VM-ACC-0017,3,13.88,0.0,EUR
SO-2026-013754,1,2026-08-27,2026-08-30,DE-WEB-01,C022345,VM-APP-0002,4,105.34,0.1,EUR
SO-2026-013755,1,2026-08-27,2026-08-28,DE-WEB-01,C023973, VM-CMP-0006 ,1,47.88,0.05,EUR
SO-2026-013755,2,2026-08-27,2026-08-28,DE-WEB-01,C023973,VM-APP-0012,1,208.3,0.05,EUR
SO-2026-013756,1,2026-08-27,2026-08-30,DE-WEB-01,C012871,VM-ACC-0008,1,95.77,0.0,EUR
SO-2026-013757,1,2026-08-28,2026-08-28,PL-WAW-01,,VM-APP-0002,1,447.91,0.0,PLN
SO-2026-013758,1,2026-08-28,2026-08-28,PL-WAW-01,C023974,VM-BIK-0012,5,12022.57,0.08,PLN
SO-2026-013758,2,2026-08-28,2026-08-28,PL-WAW-01,C023974,VM-BIK-0020,5,1231.77,0.12,PLN
SO-2026-013759,1,2026-08-28,2026-08-28,PL-WAW-01,C022522,VM-APP-0003,1,315.57,0.0,PLN
SO-2026-013759,2,2026-08-28,2026-08-28,PL-WAW-01,C022522,VM-ACC-0018,1,50.89,0.0,PLN
SO-2026-013759,3,2026-08-28,2026-08-28,PL-WAW-01,C022522,VM-CMP-0013,2,539.53,0.0,PLN
SO-2026-013759,4,2026-08-28,2026-08-28,PL-WAW-01,C022522,VM-APP-0012,1,885.65,0.0,PLN
SO-2026-013760,1,2026-08-28,2026-08-28,PL-WAW-01,C012014,VM-BIK-0019,1,1231.77,0.0,PLN
SO-2026-013761,1,2026-08-28,2026-08-28,PL-WAW-02,C023975,VM-APP-0002,2,447.91,0.05,PLN
SO-2026-013761,2,2026-08-28,2026-08-28,PL-WAW-02,C023975,VM-EBK-0011,1,14903.51,0.05,PLN
SO-2026-013762,1,2026-08-28,2026-08-28,PL-WRO-01,C000476,VM-EBK-0009,1,10088.37,0.0,PLN
SO-2026-013762,2,2026-08-28,2026-08-28,PL-WRO-01,C000476,VM-ACC-0005,1,183.23,0.0,PLN
SO-2026-013762,3,2026-08-28,2026-08-28,PL-WRO-01,C000476,VM-ACC-0003,2,295.21,0.0,PLN
SO-2026-013762,4,2026-08-28,2026-08-28,PL-WRO-01,C000476,VM-ACC-0014,1,111.97,0.0,PLN
SO-2026-013763,1,2026-08-28,2026-08-28,PL-WRO-01,C018270,VM-NUT-0002,5,15.26,0.0,PLN
SO-2026-013763,2,2026-08-28,2026-08-28,PL-WRO-01,C018270,VM-ACC-0017,3,59.03,0.0,PLN
SO-2026-013763,3,2026-08-28,2026-08-28,PL-WRO-01,C018270,VM-BIK-0003,1,6657.71,0.0,PLN
SO-2026-013764,1,2026-08-28,2026-08-28,PL-WRO-01,C022586,VM-APP-0010,1,173.05,0.0,PLN
SO-2026-013765,1,2026-08-28,2026-08-28,PL-WRO-01,C019914,VM-APP-0010,2,173.05,0.0,PLN
SO-2026-013765,2,2026-08-28,2026-08-28,PL-WRO-01,C019914,VM-EBK-0003,1,9253.61,0.05,PLN
SO-2026-013766,1,2026-08-28,2026-08-28,PL-GDN-01,C013591,VM-APP-0010,2,173.05,0.1,PLN
SO-2026-013766,2,2026-08-28,2026-08-28,PL-GDN-01,C013591,VM-CMP-0012,1,549.71,0.0,PLN
SO-2026-013767,1,2026-08-28,2026-08-28,PL-GDN-01,C023976,VM-CMP-0015,1,936.55,0.0,PLN
SO-2026-013768,1,2026-08-28,2026-08-28,PL-GDN-01,C023977,VM-APP-0002,3,447.91,0.0,PLN
SO-2026-013769,1,2026-08-28,2026-08-28,PL-GDN-01,C005184, VM-NUT-0004 ,15,7.12,0.0,PLN
SO-2026-013770,1,2026-08-28,2026-08-28,PL-POZ-01,,VM-ACC-0008,1,407.19,0.0,PLN
SO-2026-013771,1,2026-08-28,2026-08-28,PL-POZ-01,C020745,VM-ACC-0008,5,407.19,0.1,PLN
SO-2026-013772,1,2026-08-28,2026-08-28,PL-POZ-01,C023978,VM-ACC-0010,1,254.49,0.0,PLN
SO-2026-013772,2,2026-08-28,2026-08-28,PL-POZ-01,C023978,VM-APP-0017,2,193.41,0.0,PLN
SO-2026-013772,3,2026-08-28,2026-08-28,PL-POZ-01,C023978,VM-NUT-0003,13,11.19,0.0,PLN
SO-2026-013773,1,2026-08-28,2026-08-28,PL-LDZ-01,,VM-ACC-0004,2,794.03,0.0,PLN
SO-2026-013774,1,2026-08-28,2026-08-28,PL-LDZ-01,C023979,VM-CMP-0019,2,213.77,0.0,PLN
SO-2026-013774,2,2026-08-28,2026-08-28,PL-LDZ-01,C023979,VM-APP-0008,2,162.87,0.0,PLN
SO-2026-013775,1,2026-08-28,2026-08-31,PL-WEB-01,C014536,VM-APP-0002,2,447.91,0.0,PLN
SO-2026-013775,2,2026-08-28,2026-08-31,PL-WEB-01,C014536,VM-ACC-0003,1,295.21,0.0,PLN
SO-2026-013776,1,2026-08-28,2026-08-29,PL-WEB-01,C015571,VM-ACC-0008,1,407.19,0.0,PLN
SO-2026-013777,1,2026-08-28,2026-09-01,PL-WEB-01,C021853,VM-EBK-0007,1,14964.59,0.0,PLN
SO-2026-013778,1,2026-08-28,2026-09-01,PL-WEB-01,C019851,VM-ACC-0004,1,794.03,0.0,PLN
SO-2026-013778,2,2026-08-28,2026-09-01,PL-WEB-01,C019851,VM-ACC-0008,1,407.19,0.0,PLN
SO-2026-013779,1,2026-08-28,2026-09-01,PL-WEB-01,C022694,VM-NUT-0008,60,10.17,0.1,PLN
SO-2026-013780,1,2026-08-28,2026-08-31,PL-WEB-01,C022219,VM-APP-0012,1,885.65,0.05,PLN
SO-2026-013780,2,2026-08-28,2026-08-31,PL-WEB-01,C022219,VM-ACC-0002,1,620.97,0.05,PLN
SO-2026-013780,3,2026-08-28,2026-08-31,PL-WEB-01,C022219,VM-NUT-0003,7,11.19,0.05,PLN
SO-2026-013780,4,2026-08-28,2026-08-31,PL-WEB-01,C022219,VM-CMP-0008,2,447.91,0.05,PLN
SO-2026-013781,1,2026-08-28,2026-09-01,PL-WEB-01,C023360,VM-BIK-0019,1,1231.77,0.0,PLN
SO-2026-013781,2,2026-08-28,2026-09-01,PL-WEB-01,C023360,VM-ACC-0008,2,407.19,0.0,PLN
SO-2026-013781,3,2026-08-28,2026-09-01,PL-WEB-01,C023360,VM-ACC-0019,1,50.89,0.0,PLN
SO-2026-013782,1,2026-08-28,2026-08-29,PL-WEB-01,C023980,VM-APP-0002,1,447.91,0.0,PLN
SO-2026-013782,2,2026-08-28,2026-08-29,PL-WEB-01,C023980,VM-NUT-0008,10,10.17,0.0,PLN
SO-2026-013782,3,2026-08-28,2026-08-29,PL-WEB-01,C023980,VM-NUT-0002,13,15.26,0.0,PLN
SO-2026-013783,1,2026-08-28,2026-09-01,PL-WEB-01,C023981,VM-EBK-0009,1,10088.37,0.05,PLN
SO-2026-013784,1,2026-08-28,2026-09-01,PL-MKT-01,C023982,VM-BIK-0013,1,4886.39,0.0,PLN
SO-2026-013784,2,2026-08-28,2026-09-01,PL-MKT-01,C023982,VM-BIK-0012,1,12022.57,0.0,PLN
SO-2026-013785,1,2026-08-28,2026-08-29,PL-MKT-01,C021534,VM-APP-0005,3,183.23,0.05,PLN
SO-2026-013785,2,2026-08-28,2026-08-29,PL-MKT-01,C021534,VM-APP-0017,1,193.41,0.05,PLN
SO-2026-013785,3,2026-08-28,2026-08-29,PL-MKT-01,C021534,VM-EBK-0003,1,9253.61,0.05,PLN
SO-2026-013786,1,2026-08-28,2026-09-01,PL-MKT-01,C014287,VM-ACC-0003,1,295.21,0.0,PLN
SO-2026-013786,2,2026-08-28,2026-09-01,PL-MKT-01,C014287,VM-EBK-0005,1,17764.09,0.0,PLN
SO-2026-013787,1,2026-08-28,2026-08-30,PL-MKT-01,C009520,VM-NUT-0001,11,9.15,0.05,PLN
SO-2026-013788,1,2026-08-28,2026-08-29,PL-MKT-01,C022694,VM-CMP-0015,2,936.55,0.08,PLN
SO-2026-013789,1,2026-08-28,2026-09-01,PL-MKT-01,C020690,VM-APP-0002,1,447.91,0.0,PLN
SO-2026-013790,1,2026-08-28,2026-08-29,PL-MKT-01,C010688,VM-ACC-0008,2,407.19,0.0,PLN
SO-2026-013790,2,2026-08-28,2026-08-29,PL-MKT-01,C010688,VM-APP-0013,1,447.91,0.0,PLN
SO-2026-013790,3,2026-08-28,2026-08-29,PL-MKT-01,C010688,VM-CMP-0017,2,508.99,0.0,PLN
SO-2026-013790,4,2026-08-28,2026-08-29,PL-MKT-01,C010688,VM-APP-0007,2,162.87,0.0,PLN
SO-2026-013791,1,2026-08-28,2026-08-31,PL-MKT-01,C019937,VM-CMP-0017,1,508.99,0.0,PLN
SO-2026-013791,2,2026-08-28,2026-08-31,PL-MKT-01,C019937,vm-acc-0014,1,111.97,0.0,PLN
SO-2026-013792,1,2026-08-28,2026-08-31,PL-MKT-01,C011864,VM-ACC-0007,2,366.47,0.0,PLN
SO-2026-013792,2,2026-08-28,2026-08-31,PL-MKT-01,C011864,VM-EBK-0010,1,13732.81,0.0,PLN
SO-2026-013793,1,2026-08-28,2026-08-31,PL-MKT-01,C022482,VM-BIK-0006,1,6708.61,0.05,PLN
SO-2026-013793,2,2026-08-28,2026-08-31,PL-MKT-01,C022482,VM-EBK-0002,1,10129.09,0.1,PLN
SO-2026-013794,1,2026-08-28,2026-08-30,PL-MKT-01,C022690,VM-APP-0014,1,498.81,0.0,PLN
SO-2026-013795,1,2026-08-28,2026-08-31,PL-MKT-01,C012254,VM-EBK-0007,1,14964.59,0.05,PLN
SO-2026-013796,1,2026-08-28,2026-08-28,CZ-PRG-01,C020986,VM-NUT-0006,9,59.0,0.0,CZK
SO-2026-013796,2,2026-08-28,2026-08-28,CZ-PRG-01,C020986,VM-ACC-0020,1,4761.0,0.0,CZK
SO-2026-013796,3,2026-08-28,2026-08-28,CZ-PRG-01,C020986,VM-APP-0013,1,2586.0,0.0,CZK
SO-2026-013796,4,2026-08-28,2026-08-28,CZ-PRG-01,C020986,VM-NUT-0009,3,500.0,0.0,CZK
SO-2026-013797,1,2026-08-28,2026-08-28,CZ-PRG-01,C023983, VM-NUT-0006 ,11,59.0,0.0,CZK
SO-2026-013798,1,2026-08-28,2026-08-28,CZ-PRG-01,,VM-CMP-0022,1,212.0,0.0,CZK
SO-2026-013798,2,2026-08-28,2026-08-28,CZ-PRG-01,,VM-BIK-0005,1,43553.0,0.0,CZK
SO-2026-013798,3,2026-08-28,2026-08-28,CZ-PRG-01,,VM-EBK-0003,1,53427.0,0.0,CZK
SO-2026-013798,4,2026-08-28,2026-08-28,CZ-PRG-01,,VM-NUT-0009,1,500.0,0.0,CZK
SO-2026-013799,1,2026-08-28,2026-08-29,CZ-WEB-01,C023984,VM-CMP-0011,1,940.0,0.0,CZK
SO-2026-013800,1,2026-08-28,2026-08-30,CZ-WEB-01,C023985,VM-CMP-0002,1,3291.0,0.0,CZK
SO-2026-013801,1,2026-08-28,2026-09-01,CZ-WEB-01,C023986,VM-ACC-0021,1,4584.0,0.0,CZK
SO-2026-013801,2,2026-08-28,2026-09-01,CZ-WEB-01,C023986,VM-EBK-0009,1,58247.0,0.0,CZK
SO-2026-013801,3,2026-08-28,2026-09-01,CZ-WEB-01,C023986,VM-CMP-0002,2,3291.0,0.0,CZK
SO-2026-013801,4,2026-08-28,2026-09-01,CZ-WEB-01,C023986,VM-ACC-0012,1,423.0,0.0,CZK
SO-2026-013802,1,2026-08-28,2026-08-30,CZ-WEB-01,C022069,VM-NUT-0009,1,500.0,0.05,CZK
SO-2026-013803,1,2026-08-28,2026-08-31,CZ-WEB-01,C019345,VM-EBK-0007,1,86401.0,0.0,CZK
SO-2026-013803,2,2026-08-28,2026-08-31,CZ-WEB-01,C019345,VM-ACC-0010,2,1469.0,0.0,CZK
SO-2026-013804,1,2026-08-28,2026-08-28,DE-BER-01,C017656,VM-APP-0002,9,105.34,0.08,EUR
SO-2026-013805,1,2026-08-28,2026-08-28,DE-BER-01,C021133, VM-APP-0009 ,2,83.8,0.0,EUR
SO-2026-013805,2,2026-08-28,2026-08-28,DE-BER-01,C021133,VM-ACC-0005,1,43.09,0.05,EUR
SO-2026-013805,3,2026-08-28,2026-08-28,DE-BER-01,C021133,VM-BIK-0007,1,1687.93,0.0,EUR
SO-2026-013806,1,2026-08-28,2026-08-28,DE-BER-01,C017998,VM-BIK-0013,1,1149.23,0.0,EUR
SO-2026-013806,2,2026-08-28,2026-08-28,DE-BER-01,C017998,VM-ACC-0008,1,95.77,0.0,EUR
SO-2026-013807,1,2026-08-28,2026-08-30,DE-WEB-01,C011945,VM-CMP-0009,2,83.8,0.0,EUR
SO-2026-013808,1,2026-08-28,2026-08-31,DE-WEB-01,C007020,VM-ACC-0022,3,375.89,0.1,EUR
SO-2026-013809,1,2026-08-29,2026-08-29,PL-WAW-01,C023987,VM-ACC-0002,2,620.97,0.0,PLN
SO-2026-013810,1,2026-08-29,2026-08-29,PL-WAW-01,C023988,VM-NUT-0003,3,11.19,0.0,PLN
SO-2026-013811,1,2026-08-29,2026-08-29,PL-WAW-01,,VM-NUT-0003,5,11.19,0.0,PLN
SO-2026-013812,1,2026-08-29,2026-08-29,PL-WAW-01,,VM-EBK-0004,1,11279.43,0.0,PLN
SO-2026-013812,2,2026-08-29,2026-08-29,PL-WAW-01,,VM-ACC-0008,2,407.19,0.0,PLN
SO-2026-013812,3,2026-08-29,2026-08-29,PL-WAW-01,,VM-ACC-0018,1,50.89,0.0,PLN
SO-2026-013813,1,2026-08-29,2026-08-29,PL-WAW-01,C002496,VM-EBK-0002,1,10129.09,0.0,PLN
SO-2026-013813,2,2026-08-29,2026-08-29,PL-WAW-01,C002496,VM-ACC-0017,1,59.03,0.0,PLN
SO-2026-013814,1,2026-08-29,2026-08-29,PL-WAW-01,C020767,VM-ACC-0023,1,946.73,0.0,PLN
SO-2026-013814,2,2026-08-29,2026-08-29,PL-WAW-01,C020767,VM-ACC-0008,2,407.19,0.0,PLN
SO-2026-013814,3,2026-08-29,2026-08-29,PL-WAW-01,C020767,VM-APP-0018,2,132.33,0.0,PLN
SO-2026-013815,1,2026-08-29,2026-08-29,PL-WAW-01,C022656,VM-APP-0012,5,885.65,0.1,PLN
SO-2026-013815,2,2026-08-29,2026-08-29,PL-WAW-01,C022656,VM-EBK-0003,3,9253.61,0.12,PLN
SO-2026-013816,1,2026-08-29,2026-08-29,PL-WAW-01,C012239,VM-NUT-0009,2,86.52,0.0,PLN
SO-2026-013816,2,2026-08-29,2026-08-29,PL-WAW-01,C012239,VM-NUT-0004,6,7.12,0.0,PLN
SO-2026-013816,3,2026-08-29,2026-08-29,PL-WAW-01,C012239,VM-CMP-0017,2,508.99,0.0,PLN
SO-2026-013817,1,2026-08-29,2026-08-29,PL-WAW-01,C023989,VM-ACC-0020,1,824.57,0.0,PLN
SO-2026-013818,1,2026-08-29,2026-08-29,PL-WAW-01,C006572,VM-ACC-0008,6,407.19,0.12,PLN
SO-2026-013819,1,2026-08-29,2026-08-29,PL-WAW-02,,VM-ACC-0003,1,295.21,0.0,PLN
SO-2026-013819,2,2026-08-29,2026-08-29,PL-WAW-02,,VM-APP-0019,2,67.18,0.0,PLN
SO-2026-013820,1,2026-08-29,2026-08-29,PL-WAW-02,C019187,VM-APP-0019,1,67.18,0.0,PLN
SO-2026-013821,1,2026-08-29,2026-08-29,PL-WAW-02,C023990,VM-EBK-0007,1,14964.59,0.0,PLN
SO-2026-013821,2,2026-08-29,2026-08-29,PL-WAW-02,C023990,VM-NUT-0011,3,54.96,0.0,PLN
SO-2026-013822,1,2026-08-29,2026-08-29,PL-WAW-02,C023991,VM-BIK-0021,5,1272.49,0.12,PLN
SO-2026-013823,1,2026-08-29,2026-08-29,PL-WAW-02,C023992,vm-ebk-0005,1,17764.09,0.0,PLN
SO-2026-013823,2,2026-08-29,2026-08-29,PL-WAW-02,C023992,VM-ACC-0010,2,254.49,0.0,PLN
SO-2026-013823,3,2026-08-29,2026-08-29,PL-WAW-02,C023992,VM-ACC-0014,1,111.97,0.0,PLN
SO-2026-013824,1,2026-08-29,2026-08-29,PL-WAW-02,,VM-ACC-0008,1,407.19,0.0,PLN
SO-2026-013825,1,2026-08-29,2026-08-29,PL-WAW-02,C023993,VM-ACC-0019,3,50.89,0.0,PLN
SO-2026-013826,1,2026-08-29,2026-08-29,PL-WAW-02,, VM-ACC-0014 ,1,111.97,0.0,PLN
SO-2026-013826,2,2026-08-29,2026-08-29,PL-WAW-02,,VM-ACC-0021,1,794.03,0.0,PLN
SO-2026-013826,3,2026-08-29,2026-08-29,PL-WAW-02,,VM-NUT-0004,4,7.12,0.0,PLN
SO-2026-013827,1,2026-08-29,2026-08-29,PL-KRK-01,,VM-CMP-0021,4,48.85,0.0,PLN
SO-2026-013828,1,2026-08-29,2026-08-29,PL-KRK-01,,VM-ACC-0008,2,407.19,0.0,PLN
SO-2026-013829,1,2026-08-29,2026-08-29,PL-KRK-01,C023763,VM-NUT-0004,60,7.12,0.08,PLN
SO-2026-013829,2,2026-08-29,2026-08-29,PL-KRK-01,C023763,VM-BIK-0012,4,12022.57,0.1,PLN
SO-2026-013829,3,2026-08-29,2026-08-29,PL-KRK-01,C023763,VM-EBK-0007,5,14964.59,0.12,PLN
SO-2026-013830,1,2026-08-29,2026-08-29,PL-KRK-01,,VM-APP-0013,1,447.91,0.0,PLN
SO-2026-013830,2,2026-08-29,2026-08-29,PL-KRK-01,,VM-NUT-0003,10,11.19,0.0,PLN
SO-2026-013831,1,2026-08-29,2026-08-29,PL-KRK-01,C023994,VM-ACC-0019,3,50.89,0.0,PLN
SO-2026-013831,2,2026-08-29,2026-08-29,PL-KRK-01,C023994, VM-ACC-0013 ,1,173.05,0.0,PLN
SO-2026-013831,3,2026-08-29,2026-08-29,PL-KRK-01,C023994,vm-bik-0020,1,1231.77,0.0,PLN
SO-2026-013832,1,2026-08-29,2026-08-29,PL-KRK-01,C005123,VM-NUT-0001,13,9.15,0.05,PLN
SO-2026-013833,1,2026-08-29,2026-08-29,PL-WRO-01,,VM-NUT-0007,4,13.22,0.0,PLN
SO-2026-013834,1,2026-08-29,2026-08-29,PL-WRO-01,C020168,VM-ACC-0013,1,173.05,0.05,PLN
SO-2026-013835,1,2026-08-29,2026-08-29,PL-WRO-01,C017291,VM-ACC-0005,1,183.23,0.0,PLN
SO-2026-013836,1,2026-08-29,2026-08-29,PL-WRO-01,,VM-ACC-0020,1,824.57,0.0,PLN
SO-2026-013837,1,2026-08-29,2026-08-29,PL-WRO-01,,VM-CMP-0008,1,447.91,0.0,PLN
SO-2026-013838,1,2026-08-29,2026-08-29,PL-WRO-01,,VM-APP-0006,2,315.57,0.0,PLN
SO-2026-013838,2,2026-08-29,2026-08-29,PL-WRO-01,,VM-BIK-0011,1,8805.69,0.0,PLN
SO-2026-013838,3,2026-08-29,2026-08-29,PL-WRO-01,,VM-CMP-0020,2,264.67,0.0,PLN
SO-2026-013838,4,2026-08-29,2026-08-29,PL-WRO-01,,VM-BIK-0004,1,4346.85,0.0,PLN
SO-2026-013839,1,2026-08-29,2026-08-29,PL-WRO-01,,VM-EBK-0002,1,10129.09,0.0,PLN
SO-2026-013840,1,2026-08-29,2026-08-29,PL-WRO-01,,VM-EBK-0008,1,15371.79,0.0,PLN
SO-2026-013840,2,2026-08-29,2026-08-29,PL-WRO-01,,VM-ACC-0023,1,946.73,0.0,PLN
SO-2026-013840,3,2026-08-29,2026-08-29,PL-WRO-01,,VM-ACC-0008,2,407.19,0.0,PLN
SO-2026-013841,1,2026-08-29,2026-08-29,PL-WRO-01,C004670,VM-NUT-0002,6,15.26,0.1,PLN
SO-2026-013841,2,2026-08-29,2026-08-29,PL-WRO-01,C004670,VM-APP-0002,1,447.91,0.0,PLN
SO-2026-013842,1,2026-08-29,2026-08-29,PL-WRO-01,C022225,VM-NUT-0007,9,13.22,0.0,PLN
SO-2026-013842,2,2026-08-29,2026-08-29,PL-WRO-01,C022225,VM-BIK-0012,1,12022.57,0.0,PLN
SO-2026-013842,3,2026-08-29,2026-08-29,PL-WRO-01,C022225,VM-APP-0002,1,447.91,0.0,PLN
SO-2026-013842,4,2026-08-29,2026-08-29,PL-WRO-01,C022225,VM-EBK-0004,1,11279.43,0.0,PLN
SO-2026-013843,1,2026-08-29,2026-08-29,PL-WRO-01,,VM-CMP-0018,1,63.11,0.0,PLN
SO-2026-013844,1,2026-08-29,2026-08-29,PL-GDN-01,C023995,VM-ACC-0010,1,254.49,0.05,PLN
SO-2026-013845,1,2026-08-29,2026-08-29,PL-GDN-01,C023996,VM-BIK-0012,1,12022.57,0.05,PLN
SO-2026-013846,1,2026-08-29,2026-08-29,PL-GDN-01,,VM-NUT-0004,3,7.12,0.0,PLN
SO-2026-013846,2,2026-08-29,2026-08-29,PL-GDN-01,,vm-app-0010,1,173.05,0.05,PLN
SO-2026-013847,1,2026-08-29,2026-08-29,PL-GDN-01,C012517,VM-BIK-0003,1,6657.71,0.0,PLN
SO-2026-013847,2,2026-08-29,2026-08-29,PL-GDN-01,C012517,VM-ACC-0013,1,173.05,0.0,PLN
SO-2026-013847,3,2026-08-29,2026-08-29,PL-GDN-01,C012517,VM-ACC-0019,1,50.89,0.0,PLN
SO-2026-013848,1,2026-08-29,2026-08-29,PL-GDN-01,C023997,VM-ACC-0020,1,824.57,0.0,PLN
SO-2026-013849,1,2026-08-29,2026-08-29,PL-POZ-01,C023442,VM-APP-0002,2,447.91,0.0,PLN
SO-2026-013849,2,2026-08-29,2026-08-29,PL-POZ-01,C023442,VM-BIK-0012,1,12022.57,0.0,PLN
SO-2026-013849,3,2026-08-29,2026-08-29,PL-POZ-01,C023442,VM-APP-0005,2,183.23,0.0,PLN
SO-2026-013850,1,2026-08-29,2026-08-29,PL-POZ-01,C023998,VM-ACC-0017,1,59.03,0.0,PLN
SO-2026-013851,1,2026-08-29,2026-08-29,PL-POZ-01,,VM-ACC-0003,2,295.21,0.1,PLN
SO-2026-013852,1,2026-08-29,2026-08-29,PL-POZ-01,,VM-BIK-0022,1,1425.19,0.0,PLN
SO-2026-013853,1,2026-08-29,2026-08-29,PL-POZ-01,C009847,VM-EBK-0007,1,14964.59,0.0,PLN
SO-2026-013853,2,2026-08-29,2026-08-29,PL-POZ-01,C009847,VM-CMP-0015,1,936.55,0.0,PLN
SO-2026-013854,1,2026-08-29,2026-08-29,PL-POZ-01,,VM-CMP-0009,1,356.29,0.0,PLN
SO-2026-013855,1,2026-08-29,2026-08-29,PL-POZ-01,C020744,VM-CMP-0017,1,508.99,0.05,PLN
SO-2026-013856,1,2026-08-29,2026-08-29,PL-LDZ-01,C010306,VM-ACC-0017,2,59.03,0.0,PLN
SO-2026-013857,1,2026-08-29,2026-08-29,PL-LDZ-01,C000983,VM-EBK-0004,1,11279.43,0.05,PLN
SO-2026-013858,1,2026-08-29,2026-08-29,PL-LDZ-01,C023999,VM-BIK-0020,1,1231.77,0.0,PLN
SO-2026-013858,2,2026-08-29,2026-08-29,PL-LDZ-01,C023999,VM-ACC-0003,1,295.21,0.0,PLN
SO-2026-013859,1,2026-08-29,2026-08-29,PL-LDZ-01,,VM-APP-0013,1,447.91,0.0,PLN
SO-2026-013859,2,2026-08-29,2026-08-29,PL-LDZ-01,,VM-ACC-0018,1,50.89,0.0,PLN
SO-2026-013860,1,2026-08-29,2026-08-30,PL-WEB-01,C023965,VM-EBK-0004,1,11279.43,0.0,PLN
SO-2026-013861,1,2026-08-29,2026-08-31,PL-WEB-01,C019038,VM-APP-0013,1,447.91,0.0,PLN
SO-2026-013861,2,2026-08-29,2026-08-31,PL-WEB-01,C019038,VM-ACC-0004,2,794.03,0.0,PLN
SO-2026-013861,3,2026-08-29,2026-08-31,PL-WEB-01,C019038,VM-NUT-0001,4,9.15,0.0,PLN
SO-2026-013862,1,2026-08-29,2026-09-02,PL-WEB-01,C021931,VM-ACC-0012,4,73.29,0.12,PLN
SO-2026-013862,2,2026-08-29,2026-09-02,PL-WEB-01,C021931,VM-BIK-0022,3,1425.19,0.12,PLN
SO-2026-013863,1,2026-08-29,2026-09-01,PL-WEB-01,C018325,VM-ACC-0020,1,824.57,0.05,PLN
SO-2026-013864,1,2026-08-29,2026-08-31,PL-WEB-01,C024000,VM-EBK-0008,1,15371.79,0.0,PLN
SO-2026-013865,1,2026-08-29,2026-08-30,PL-WEB-01,C020575,VM-ACC-0017,1,59.03,0.1,PLN
SO-2026-013865,2,2026-08-29,2026-08-30,PL-WEB-01,C020575,VM-ACC-0007,1,366.47,0.0,PLN
SO-2026-013866,1,2026-08-29,2026-09-02,PL-WEB-01,C022536,VM-BIK-0016,1,3654.61,0.05,PLN
SO-2026-013866,2,2026-08-29,2026-09-02,PL-WEB-01,C022536,VM-APP-0010,1,173.05,0.05,PLN
SO-2026-013867,1,2026-08-29,2026-08-31,PL-WEB-01,C023963,VM-EBK-0004,1,11279.43,0.05,PLN
SO-2026-013868,1,2026-08-29,2026-08-30,PL-WEB-01,C024001,VM-EBK-0009,1,10088.37,0.1,PLN
SO-2026-013869,1,2026-08-29,2026-08-31,PL-WEB-01,C024002,VM-BIK-0012,1,12022.57,0.0,PLN
SO-2026-013870,1,2026-08-29,2026-08-30,PL-MKT-01,C015888,VM-ACC-0008,2,407.19,0.08,PLN
SO-2026-013870,2,2026-08-29,2026-08-30,PL-MKT-01,C015888,VM-NUT-0001,40,9.15,0.08,PLN
SO-2026-013870,3,2026-08-29,2026-08-30,PL-MKT-01,C015888,VM-ACC-0013,5,173.05,0.12,PLN
SO-2026-013871,1,2026-08-29,2026-08-30,PL-MKT-01,C019604,VM-CMP-0009,2,356.29,0.0,PLN
SO-2026-013872,1,2026-08-29,2026-09-02,PL-MKT-01,C024003,VM-ACC-0003,1,295.21,0.05,PLN
SO-2026-013873,1,2026-08-29,2026-08-31,PL-MKT-01,C009338,VM-CMP-0019,4,213.77,0.0,PLN
SO-2026-013873,2,2026-08-29,2026-08-31,PL-MKT-01,C009338,VM-ACC-0001,1,386.83,0.0,PLN
SO-2026-013873,3,2026-08-29,2026-08-31,PL-MKT-01,C009338,VM-NUT-0006,6,10.17,0.1,PLN
SO-2026-013873,4,2026-08-29,2026-08-31,PL-MKT-01,C009338,VM-CMP-0005,1,1506.63,0.0,PLN
SO-2026-013874,1,2026-08-29,2026-09-01,PL-MKT-01,C024004,VM-NUT-0003,6,11.19,0.1,PLN
SO-2026-013874,2,2026-08-29,2026-09-01,PL-MKT-01,C024004,VM-ACC-0014,1,111.97,0.0,PLN
SO-2026-013875,1,2026-08-29,2026-08-30,PL-MKT-01,C022944,vm-app-0002,1,447.91,0.05,PLN
SO-2026-013876,1,2026-08-29,2026-08-31,PL-MKT-01,C012027,VM-EBK-0008,1,15371.79,0.05,PLN
SO-2026-013876,2,2026-08-29,2026-08-31,PL-MKT-01,C012027,VM-BIK-0002,1,9803.33,0.05,PLN
SO-2026-013876,3,2026-08-29,2026-08-31,PL-MKT-01,C012027,VM-BIK-0004,1,4346.85,0.05,PLN
SO-2026-013877,1,2026-08-29,2026-08-31,PL-MKT-01,C021903,VM-EBK-0011,1,14903.51,0.0,PLN
SO-2026-013878,1,2026-08-29,2026-08-29,CZ-PRG-01,C024005,VM-BIK-0017,1,11226.0,0.0,CZK
SO-2026-013878,2,2026-08-29,2026-08-29,CZ-PRG-01,C024005,VM-NUT-0006,11,59.0,0.0,CZK
SO-2026-013879,1,2026-08-29,2026-08-29,CZ-PRG-01,,VM-CMP-0001,2,2351.0,0.0,CZK
SO-2026-013879,2,2026-08-29,2026-08-29,CZ-PRG-01,,VM-NUT-0007,9,76.0,0.0,CZK
SO-2026-013879,3,2026-08-29,2026-08-29,CZ-PRG-01,,VM-EBK-0002,1,58482.0,0.0,CZK
SO-2026-013880,1,2026-08-29,2026-08-29,CZ-PRG-01,C024006,VM-BIK-0004,1,25097.0,0.05,CZK
SO-2026-013880,2,2026-08-29,2026-08-29,CZ-PRG-01,C024006,VM-ACC-0008,2,2351.0,0.05,CZK
SO-2026-013881,1,2026-08-29,2026-08-29,CZ-PRG-01,C017909,VM-NUT-0002,13,88.0,0.0,CZK
SO-2026-013882,1,2026-08-29,2026-08-29,CZ-BRN-01,,VM-ACC-0014,1,646.0,0.1,CZK
SO-2026-013883,1,2026-08-29,2026-08-29,CZ-BRN-01,,VM-NUT-0008,4,59.0,0.0,CZK
SO-2026-013883,2,2026-08-29,2026-08-29,CZ-BRN-01,,VM-NUT-0002,5,88.0,0.0,CZK
SO-2026-013883,3,2026-08-29,2026-08-29,CZ-BRN-01,,VM-ACC-0008,2,2351.0,0.0,CZK
SO-2026-013883,4,2026-08-29,2026-08-29,CZ-BRN-01,,VM-ACC-0022,1,9228.0,0.0,CZK
SO-2026-013884,1,2026-08-29,2026-09-02,CZ-WEB-01,C009744,VM-NUT-0009,2,500.0,0.0,CZK
SO-2026-013884,2,2026-08-29,2026-09-02,CZ-WEB-01,C009744,VM-APP-0020,1,1058.0,0.0,CZK
SO-2026-013885,1,2026-08-29,2026-08-30,CZ-WEB-01,C024007,VM-EBK-0007,1,86401.0,0.0,CZK
SO-2026-013885,2,2026-08-29,2026-08-30,CZ-WEB-01,C024007,VM-NUT-0006,10,59.0,0.0,CZK
SO-2026-013885,3,2026-08-29,2026-08-30,CZ-WEB-01,C024007,VM-ACC-0013,1,999.0,0.0,CZK
SO-2026-013886,1,2026-08-29,2026-08-31,CZ-WEB-01,C013522,VM-ACC-0018,2,294.0,0.0,CZK
SO-2026-013887,1,2026-08-29,2026-09-01,CZ-WEB-01,C017054,VM-EBK-0005,1,102564.0,0.0,CZK
SO-2026-013888,1,2026-08-29,2026-08-29,DE-BER-01,C023535,VM-ACC-0018,2,11.97,0.05,EUR
SO-2026-013889,1,2026-08-29,2026-08-29,DE-BER-01,C009329,VM-NUT-0006,8,2.39,0.05,EUR
SO-2026-013890,1,2026-08-29,2026-08-29,DE-BER-01,C024008,VM-APP-0007,2,38.31,0.0,EUR
SO-2026-013890,2,2026-08-29,2026-08-29,DE-BER-01,C024008,VM-NUT-0008,4,2.39,0.0,EUR
SO-2026-013890,3,2026-08-29,2026-08-29,DE-BER-01,C024008,VM-ACC-0008,2,95.77,0.0,EUR
SO-2026-013891,1,2026-08-29,2026-08-29,DE-BER-01,C018579,VM-NUT-0006,5,2.39,0.05,EUR
SO-2026-013891,2,2026-08-29,2026-08-29,DE-BER-01,C018579,VM-CMP-0023,2,14.12,0.1,EUR
SO-2026-013892,1,2026-08-29,2026-08-29,DE-BER-01,C020900, VM-ACC-0008 ,1,95.77,0.0,EUR
SO-2026-013893,1,2026-08-29,2026-08-29,DE-BER-01,C024009,VM-ACC-0008,1,95.77,0.0,EUR
SO-2026-013894,1,2026-08-29,2026-08-29,DE-BER-01,C024010,VM-APP-0017,2,45.49,0.0,EUR
SO-2026-013895,1,2026-08-29,2026-08-30,DE-WEB-01,C005462,VM-BIK-0010,1,1513.15,0.05,EUR
SO-2026-013896,1,2026-08-29,2026-08-31,DE-WEB-01,C024011,VM-BIK-0012,1,2827.58,0.0,EUR
SO-2026-013896,2,2026-08-29,2026-08-31,DE-WEB-01,C024011,VM-ACC-0008,1,95.77,0.0,EUR
SO-2026-013896,3,2026-08-29,2026-08-31,DE-WEB-01,C024011,VM-ACC-0018,1,11.97,0.0,EUR
SO-2026-013896,4,2026-08-29,2026-08-31,DE-WEB-01,C024011,VM-BIK-0017,1,457.29,0.0,EUR
SO-2026-013897,1,2026-08-29,2026-09-02,DE-WEB-01,C021430,VM-APP-0002,2,105.34,0.0,EUR
SO-2026-013897,2,2026-08-29,2026-09-02,DE-WEB-01,C021430,VM-EBK-0005,1,4177.92,0.0,EUR
SO-2026-013898,1,2026-08-29,2026-08-30,DE-WEB-01,C022934,VM-ACC-0002,2,146.05,0.0,EUR
SO-2026-013899,1,2026-08-29,2026-08-31,DE-WEB-01,C018335,VM-APP-0011,2,98.16,0.0,EUR
SO-2026-013900,1,2026-08-29,2026-09-01,DE-WEB-01,C024012,VM-NUT-0002,5,3.59,0.0,EUR
SO-2026-013900,2,2026-08-29,2026-09-01,DE-WEB-01,C024012,VM-BIK-0006,1,1577.79,0.0,EUR
SO-2026-013901,1,2026-08-29,2026-08-31,DE-WEB-01,C024013,VM-BIK-0012,1,2827.58,0.0,EUR
SO-2026-013902,1,2026-08-29,2026-09-02,DE-WEB-01,C019009,VM-BIK-0019,1,289.7,0.0,EUR
SO-2026-013903,1,2026-08-29,2026-08-30,DE-WEB-01,C014385,VM-ACC-0014,1,26.33,0.0,EUR
SO-2026-013904,1,2026-08-29,2026-08-30,DE-WEB-01,C008759,VM-CMP-0002,1,134.07,0.0,EUR
SO-2026-013904,2,2026-08-29,2026-08-30,DE-WEB-01,C008759,VM-CMP-0016,1,588.98,0.0,EUR
SO-2026-013904,3,2026-08-29,2026-08-30,DE-WEB-01,C008759,VM-APP-0002,2,105.34,0.0,EUR
SO-2026-013904,4,2026-08-29,2026-08-30,DE-WEB-01,C008759,VM-EBK-0011,1,3505.14,0.0,EUR
SO-2026-013905,1,2026-08-29,2026-08-31,DE-WEB-01,C019650,VM-NUT-0008,40,2.39,0.08,EUR
SO-2026-013905,2,2026-08-29,2026-08-31,DE-WEB-01,C019650,VM-BIK-0007,3,1687.93,0.12,EUR
SO-2026-013906,1,2026-08-29,2026-09-02,DE-WEB-01,C020853,VM-EBK-0003,1,2176.35,0.0,EUR
SO-2026-013907,1,2026-08-29,2026-08-30,DE-WEB-01,C023911,VM-NUT-0004,14,1.67,0.0,EUR
SO-2026-013908,1,2026-08-29,2026-08-31,DE-WEB-01,C008245,VM-BIK-0012,1,2827.58,0.0,EUR
SO-2026-013908,2,2026-08-29,2026-08-31,DE-WEB-01,C008245,VM-BIK-0021,1,299.28,0.0,EUR
SO-2026-013909,1,2026-08-29,2026-08-31,DE-WEB-01,C018863,VM-NUT-0008,10,2.39,0.0,EUR
SO-2026-013910,1,2026-08-30,2026-09-02,PL-WEB-01,C024014,VM-EBK-0005,1,17764.09,0.0,PLN
SO-2026-013911,1,2026-08-30,2026-09-02,PL-WEB-01,C010309, VM-EBK-0007 ,1,14964.59,0.05,PLN
SO-2026-013912,1,2026-08-30,2026-09-02,PL-WEB-01,C020101,VM-APP-0013,4,447.91,0.12,PLN
SO-2026-013913,1,2026-08-30,2026-09-02,PL-WEB-01,C018351,VM-APP-0010,1,173.05,0.0,PLN
SO-2026-013914,1,2026-08-30,2026-09-03,PL-WEB-01,C024015,VM-EBK-0010,1,13732.81,0.0,PLN
SO-2026-013914,2,2026-08-30,2026-09-03,PL-WEB-01,C024015,VM-ACC-0008,2,407.19,0.0,PLN
SO-2026-013915,1,2026-08-30,2026-09-02,PL-WEB-01,C003710,VM-CMP-0001,1,407.19,0.0,PLN
SO-2026-013916,1,2026-08-30,2026-09-03,PL-WEB-01,C000653,VM-CMP-0004,2,732.95,0.0,PLN
SO-2026-013917,1,2026-08-30,2026-09-01,PL-WEB-01,C018685,VM-CMP-0015,2,936.55,0.05,PLN
SO-2026-013917,2,2026-08-30,2026-09-01,PL-WEB-01,C018685,VM-APP-0015,1,580.25,0.05,PLN
SO-2026-013918,1,2026-08-30,2026-09-03,PL-WEB-01,C024016,VM-ACC-0018,2,50.89,0.0,PLN
SO-2026-013918,2,2026-08-30,2026-09-03,PL-WEB-01,C024016,VM-APP-0007,1,162.87,0.0,PLN
SO-2026-013919,1,2026-08-30,2026-09-01,PL-WEB-01,C024017,VM-ACC-0019,2,50.89,0.0,PLN
SO-2026-013920,1,2026-08-30,2026-09-03,PL-WEB-01,C024018,VM-ACC-0005,1,183.23,0.0,PLN
SO-2026-013920,2,2026-08-30,2026-09-03,PL-WEB-01,C024018,VM-NUT-0004,13,7.12,0.05,PLN
SO-2026-013921,1,2026-08-30,2026-09-03,PL-WEB-01,C023614,VM-NUT-0001,7,9.15,0.0,PLN
SO-2026-013922,1,2026-08-30,2026-08-31,PL-WEB-01,C024019,VM-NUT-0006,12,10.17,0.0,PLN
SO-2026-013922,2,2026-08-30,2026-08-31,PL-WEB-01,C024019,VM-APP-0013,1,447.91,0.0,PLN
SO-2026-013922,3,2026-08-30,2026-08-31,PL-WEB-01,C024019,VM-ACC-0018,3,50.89,0.05,PLN
SO-2026-013923,1,2026-08-30,2026-09-03,PL-WEB-01,C012399,VM-NUT-0002,4,15.26,0.0,PLN
SO-2026-013924,1,2026-08-30,2026-09-03,PL-WEB-01,C019906,VM-ACC-0008,2,407.19,0.0,PLN
SO-2026-013924,2,2026-08-30,2026-09-03,PL-WEB-01,C019906,VM-CMP-0004,2,732.95,0.0,PLN
SO-2026-013925,1,2026-08-30,2026-09-01,PL-WEB-01,C024020,VM-CMP-0009,2,356.29,0.05,PLN
SO-2026-013925,2,2026-08-30,2026-09-01,PL-WEB-01,C024020,VM-APP-0006,3,315.57,0.05,PLN
SO-2026-013925,3,2026-08-30,2026-09-01,PL-WEB-01,C024020,VM-BIK-0008,1,5405.57,0.05,PLN
SO-2026-013926,1,2026-08-30,2026-09-03,PL-WEB-01,C022349,VM-NUT-0009,3,86.52,0.0,PLN
SO-2026-013926,2,2026-08-30,2026-09-03,PL-WEB-01,C022349,VM-CMP-0015,2,936.55,0.0,PLN
SO-2026-013927,1,2026-08-30,2026-09-01,PL-WEB-01,C010542,VM-NUT-0004,10,7.12,0.0,PLN
SO-2026-013928,1,2026-08-30,2026-09-03,PL-MKT-01,C024021,VM-NUT-0004,9,7.12,0.0,PLN
SO-2026-013928,2,2026-08-30,2026-09-03,PL-MKT-01,C024021,VM-ACC-0003,2,295.21,0.0,PLN
SO-2026-013929,1,2026-08-30,2026-09-03,PL-MKT-01,C024022,VM-ACC-0004,2,794.03,0.0,PLN
SO-2026-013929,2,2026-08-30,2026-09-03,PL-MKT-01,C024022,VM-NUT-0004,14,7.12,0.0,PLN
SO-2026-013929,3,2026-08-30,2026-09-03,PL-MKT-01,C024022,VM-CMP-0001,2,407.19,0.0,PLN
SO-2026-013930,1,2026-08-30,2026-09-03,PL-MKT-01,C016190,VM-BIK-0001,1,13936.41,0.0,PLN
SO-2026-013931,1,2026-08-30,2026-08-31,PL-MKT-01,C024023,VM-CMP-0013,2,539.53,0.0,PLN
SO-2026-013931,2,2026-08-30,2026-08-31,PL-MKT-01,C024023,VM-APP-0006,2,315.57,0.0,PLN
SO-2026-013932,1,2026-08-30,2026-09-02,PL-MKT-01,C024024,VM-EBK-0004,1,11279.43,0.0,PLN
SO-2026-013933,1,2026-08-30,2026-09-01,PL-MKT-01,C024025,VM-BIK-0013,1,4886.39,0.0,PLN
SO-2026-013933,2,2026-08-30,2026-09-01,PL-MKT-01,C024025, VM-ACC-0018 ,2,50.89,0.0,PLN
SO-2026-013934,1,2026-08-30,2026-09-01,PL-MKT-01,C017825,VM-NUT-0002,15,15.26,0.0,PLN
SO-2026-013935,1,2026-08-30,2026-09-01,PL-MKT-01,C014142,VM-CMP-0015,2,936.55,0.1,PLN
SO-2026-013935,2,2026-08-30,2026-09-01,PL-MKT-01,C014142,VM-ACC-0001,10,386.83,0.08,PLN
SO-2026-013936,1,2026-08-30,2026-09-03,PL-MKT-01,C024026,VM-CMP-0015,2,936.55,0.0,PLN
SO-2026-013937,1,2026-08-30,2026-09-02,PL-MKT-01,C017097,VM-APP-0019,1,67.18,0.0,PLN
SO-2026-013937,2,2026-08-30,2026-09-02,PL-MKT-01,C017097,VM-ACC-0014,1,111.97,0.1,PLN
SO-2026-013938,1,2026-08-30,2026-09-03,PL-MKT-01,C020633,VM-APP-0018,1,132.33,0.0,PLN
SO-2026-013938,2,2026-08-30,2026-09-03,PL-MKT-01,C020633,VM-APP-0013,1,447.91,0.0,PLN
SO-2026-013939,1,2026-08-30,2026-09-03,PL-MKT-01,C024027,VM-ACC-0003,1,295.21,0.0,PLN
SO-2026-013940,1,2026-08-30,2026-09-02,PL-MKT-01,C004528,VM-ACC-0017,3,59.03,0.0,PLN
SO-2026-013941,1,2026-08-30,2026-08-31,PL-MKT-01,C023687,VM-CMP-0019,2,213.77,0.0,PLN
SO-2026-013942,1,2026-08-30,2026-08-30,CZ-BRN-01,,VM-ACC-0020,1,4761.0,0.0,CZK
SO-2026-013942,2,2026-08-30,2026-08-30,CZ-BRN-01,,VM-ACC-0004,1,4584.0,0.0,CZK
SO-2026-013943,1,2026-08-30,2026-08-30,CZ-BRN-01,C024028,VM-APP-0003,3,1822.0,0.0,CZK
SO-2026-013943,2,2026-08-30,2026-08-30,CZ-BRN-01,C024028,VM-APP-0013,1,2586.0,0.0,CZK
SO-2026-013943,3,2026-08-30,2026-08-30,CZ-BRN-01,C024028,VM-BIK-0015,1,18162.0,0.0,CZK
SO-2026-013944,1,2026-08-30,2026-08-30,CZ-BRN-01,C024029,VM-BIK-0011,1,50841.0,0.0,CZK
SO-2026-013944,2,2026-08-30,2026-08-30,CZ-BRN-01,C024029,VM-ACC-0004,2,4584.0,0.0,CZK
SO-2026-013944,3,2026-08-30,2026-08-30,CZ-BRN-01,C024029,VM-ACC-0008,1,2351.0,0.0,CZK
SO-2026-013944,4,2026-08-30,2026-08-30,CZ-BRN-01,C024029,VM-EBK-0011,1,86048.0,0.0,CZK
SO-2026-013945,1,2026-08-30,2026-08-30,CZ-BRN-01,C024030,VM-NUT-0007,10,76.0,0.0,CZK
SO-2026-013946,1,2026-08-30,2026-09-02,CZ-WEB-01,C022708,VM-ACC-0014,1,646.0,0.0,CZK
SO-2026-013946,2,2026-08-30,2026-09-02,CZ-WEB-01,C022708,VM-NUT-0004,4,41.0,0.0,CZK
SO-2026-013947,1,2026-08-30,2026-09-01,CZ-WEB-01,C024031,VM-CMP-0014,2,2527.0,0.0,CZK
SO-2026-013948,1,2026-08-30,2026-09-02,CZ-WEB-01,C023479,VM-ACC-0009,1,2351.0,0.05,CZK
SO-2026-013948,2,2026-08-30,2026-09-02,CZ-WEB-01,C023479,VM-NUT-0001,6,53.0,0.05,CZK
SO-2026-013948,3,2026-08-30,2026-09-02,CZ-WEB-01,C023479,VM-BIK-0004,1,25097.0,0.05,CZK
SO-2026-013948,4,2026-08-30,2026-09-02,CZ-WEB-01,C023479,VM-ACC-0014,1,646.0,0.05,CZK
SO-2026-013949,1,2026-08-30,2026-09-01,CZ-WEB-01,C024032,VM-ACC-0008,1,2351.0,0.0,CZK
SO-2026-013949,2,2026-08-30,2026-09-01,CZ-WEB-01,C024032,VM-EBK-0008,1,88752.0,0.0,CZK
SO-2026-013950,1,2026-08-30,2026-09-03,CZ-WEB-01,C024033,VM-ACC-0016,3,170.0,0.0,CZK
SO-2026-013951,1,2026-08-30,2026-09-03,CZ-WEB-01,C000646,VM-CMP-0017,2,2939.0,0.05,CZK
SO-2026-013951,2,2026-08-30,2026-09-03,CZ-WEB-01,C000646,VM-APP-0014,1,2880.0,0.05,CZK
SO-2026-013951,3,2026-08-30,2026-09-03,CZ-WEB-01,C000646,VM-ACC-0020,1,4761.0,0.05,CZK
SO-2026-013952,1,2026-08-30,2026-09-03,CZ-WEB-01,C014519,VM-ACC-0002,1,3585.0,0.0,CZK
SO-2026-013952,2,2026-08-30,2026-09-03,CZ-WEB-01,C014519,VM-BIK-0022,1,8229.0,0.0,CZK
SO-2026-013952,3,2026-08-30,2026-09-03,CZ-WEB-01,C014519,VM-NUT-0003,3,65.0,0.0,CZK
SO-2026-013953,1,2026-08-30,2026-09-03,CZ-WEB-01,C024034,VM-APP-0002,2,2586.0,0.0,CZK
SO-2026-013953,2,2026-08-30,2026-09-03,CZ-WEB-01,C024034,VM-APP-0005,2,1058.0,0.0,CZK
SO-2026-013953,3,2026-08-30,2026-09-03,CZ-WEB-01,C024034,VM-ACC-0020,1,4761.0,0.0,CZK
SO-2026-013953,4,2026-08-30,2026-09-03,CZ-WEB-01,C024034,VM-NUT-0007,7,76.0,0.0,CZK
SO-2026-013954,1,2026-08-30,2026-09-03,DE-WEB-01,C024035,VM-NUT-0006,8,2.39,0.1,EUR
SO-2026-013954,2,2026-08-30,2026-09-03,DE-WEB-01,C024035,VM-BIK-0016,4,859.52,0.1,EUR
SO-2026-013955,1,2026-08-30,2026-09-01,DE-WEB-01,C024036,VM-BIK-0005,1,1774.12,0.0,EUR
SO-2026-013955,2,2026-08-30,2026-09-01,DE-WEB-01,C024036,VM-NUT-0004,10,1.67,0.0,EUR
SO-2026-013956,1,2026-08-30,2026-09-01,DE-WEB-01,C005462,VM-BIK-0017,1,457.29,0.05,EUR
SO-2026-013956,2,2026-08-30,2026-09-01,DE-WEB-01,C005462,VM-ACC-0008,1,95.77,0.05,EUR
SO-2026-013957,1,2026-08-30,2026-09-01,DE-WEB-01,C020666,VM-CMP-0014,4,102.95,0.1,EUR
SO-2026-013957,2,2026-08-30,2026-09-01,DE-WEB-01,C020666,VM-APP-0013,3,105.34,0.12,EUR
SO-2026-013958,1,2026-08-30,2026-09-03,DE-WEB-01,C024037,VM-NUT-0004,13,1.67,0.0,EUR
SO-2026-013958,2,2026-08-30,2026-09-03,DE-WEB-01,C024037,VM-APP-0010,2,40.7,0.0,EUR
SO-2026-013959,1,2026-08-30,2026-09-03,DE-WEB-01,C024038,VM-APP-0006,2,74.22,0.05,EUR
SO-2026-013959,2,2026-08-30,2026-09-03,DE-WEB-01,C024038,VM-APP-0007,1,38.31,0.05,EUR
SO-2026-013960,1,2026-08-31,2026-08-31,PL-WAW-01,C024039,VM-ACC-0014,1,111.97,0.0,PLN
SO-2026-013961,1,2026-08-31,2026-08-31,PL-WAW-01,,VM-BIK-0004,1,4346.85,0.0,PLN
SO-2026-013962,1,2026-08-31,2026-08-31,PL-WAW-01,C011864,VM-BIK-0003,1,6657.71,0.0,PLN
SO-2026-013962,2,2026-08-31,2026-08-31,PL-WAW-01,C011864,VM-ACC-0007,1,366.47,0.0,PLN
SO-2026-013963,1,2026-08-31,2026-08-31,PL-WAW-01,C024040,VM-EBK-0007,1,14964.59,0.1,PLN
SO-2026-013963,2,2026-08-31,2026-08-31,PL-WAW-01,C024040,VM-NUT-0008,3,10.17,0.0,PLN
SO-2026-013964,1,2026-08-31,2026-08-31,PL-WAW-01,C015009,VM-ACC-0014,1,111.97,0.1,PLN
SO-2026-013964,2,2026-08-31,2026-08-31,PL-WAW-01,C015009,VM-ACC-0004,1,794.03,0.0,PLN
SO-2026-013965,1,2026-08-31,2026-08-31,PL-WAW-02,C023264,VM-APP-0002,3,447.91,0.0,PLN
SO-2026-013965,2,2026-08-31,2026-08-31,PL-WAW-02,C023264,VM-CMP-0002,1,570.07,0.0,PLN
SO-2026-013965,3,2026-08-31,2026-08-31,PL-WAW-02,C023264,VM-ACC-0001,2,386.83,0.0,PLN
SO-2026-013966,1,2026-08-31,2026-08-31,PL-WAW-02,C024041,VM-BIK-0014,1,3898.93,0.0,PLN
SO-2026-013967,1,2026-08-31,2026-08-31,PL-KRK-01,C024042,VM-NUT-0008,8,10.17,0.0,PLN
SO-2026-013968,1,2026-08-31,2026-08-31,PL-KRK-01,C000989,VM-BIK-0003,1,6657.71,0.0,PLN
SO-2026-013968,2,2026-08-31,2026-08-31,PL-KRK-01,C000989,VM-NUT-0009,1,86.52,0.0,PLN
SO-2026-013968,3,2026-08-31,2026-08-31,PL-KRK-01,C000989,VM-CMP-0004,2,732.95,0.0,PLN
SO-2026-013969,1,2026-08-31,2026-08-31,PL-KRK-01,,VM-NUT-0009,2,86.52,0.0,PLN
SO-2026-013969,2,2026-08-31,2026-08-31,PL-KRK-01,,VM-BIK-0017,1,1944.37,0.0,PLN
SO-2026-013970,1,2026-08-31,2026-08-31,PL-KRK-01,C020445,VM-CMP-0013,1,539.53,0.0,PLN
SO-2026-013971,1,2026-08-31,2026-08-31,PL-KRK-01,C022823,VM-NUT-0008,12,10.17,0.0,PLN
SO-2026-013972,1,2026-08-31,2026-08-31,PL-KRK-01,,VM-CMP-0011,2,162.87,0.0,PLN
SO-2026-013973,1,2026-08-31,2026-08-31,PL-KRK-01,,VM-APP-0010,2,173.05,0.0,PLN
SO-2026-013973,2,2026-08-31,2026-08-31,PL-KRK-01,,VM-ACC-0008,1,407.19,0.0,PLN
SO-2026-013974,1,2026-08-31,2026-08-31,PL-WRO-01,,VM-ACC-0010,1,254.49,0.0,PLN
SO-2026-013974,2,2026-08-31,2026-08-31,PL-WRO-01,,VM-BIK-0004,1,4346.85,0.0,PLN
SO-2026-013974,3,2026-08-31,2026-08-31,PL-WRO-01,,VM-ACC-0007,2,366.47,0.0,PLN
SO-2026-013975,1,2026-08-31,2026-08-31,PL-WRO-01,C024043,VM-ACC-0003,2,295.21,0.0,PLN
SO-2026-013976,1,2026-08-31,2026-08-31,PL-WRO-01,C024044,VM-APP-0002,2,447.91,0.0,PLN
SO-2026-013977,1,2026-08-31,2026-08-31,PL-GDN-01,C024045,VM-ACC-0015,1,356.29,0.0,PLN
SO-2026-013978,1,2026-08-31,2026-08-31,PL-GDN-01,,VM-NUT-0004,7,7.12,0.0,PLN
SO-2026-013979,1,2026-08-31,2026-08-31,PL-GDN-01,C013833,VM-BIK-0004,1,4346.85,0.0,PLN
SO-2026-013980,1,2026-08-31,2026-08-31,PL-POZ-01,C017756, VM-ACC-0022 ,1,1598.25,0.0,PLN
SO-2026-013980,2,2026-08-31,2026-08-31,PL-POZ-01,C017756,VM-ACC-0014,1,111.97,0.1,PLN
SO-2026-013981,1,2026-08-31,2026-08-31,PL-POZ-01,C024046,VM-ACC-0017,2,59.03,0.0,PLN
SO-2026-013982,1,2026-08-31,2026-08-31,PL-POZ-01,,VM-BIK-0012,1,12022.57,0.0,PLN
SO-2026-013982,2,2026-08-31,2026-08-31,PL-POZ-01,,VM-ACC-0007,1,366.47,0.0,PLN
SO-2026-013983,1,2026-08-31,2026-08-31,PL-POZ-01,C018629,VM-NUT-0003,7,11.19,0.0,PLN
SO-2026-013983,2,2026-08-31,2026-08-31,PL-POZ-01,C018629,VM-ACC-0014,1,111.97,0.0,PLN
SO-2026-013983,3,2026-08-31,2026-08-31,PL-POZ-01,C018629,VM-CMP-0013,2,539.53,0.0,PLN
SO-2026-013983,4,2026-08-31,2026-08-31,PL-POZ-01,C018629,VM-EBK-0007,1,14964.59,0.0,PLN
SO-2026-013984,1,2026-08-31,2026-08-31,PL-POZ-01,C024047,vm-nut-0011,1,54.96,0.0,PLN
SO-2026-013984,2,2026-08-31,2026-08-31,PL-POZ-01,C024047,VM-CMP-0017,2,508.99,0.0,PLN
SO-2026-013985,1,2026-08-31,2026-08-31,PL-POZ-01,,VM-BIK-0012,1,12022.57,0.0,PLN
SO-2026-013985,2,2026-08-31,2026-08-31,PL-POZ-01,,VM-BIK-0019,1,1231.77,0.0,PLN
SO-2026-013986,1,2026-08-31,2026-09-04,PL-WEB-01,C013962,VM-CMP-0013,1,539.53,0.0,PLN
SO-2026-013986,2,2026-08-31,2026-09-04,PL-WEB-01,C013962,VM-EBK-0007,1,14964.59,0.0,PLN
SO-2026-013987,1,2026-08-31,2026-09-04,PL-WEB-01,C004670,VM-CMP-0022,1,36.64,0.0,PLN
SO-2026-013988,1,2026-08-31,2026-09-01,PL-WEB-01,C016576,VM-NUT-0006,24,10.17,0.1,PLN
SO-2026-013988,2,2026-08-31,2026-09-01,PL-WEB-01,C016576,VM-ACC-0003,4,295.21,0.1,PLN
SO-2026-013989,1,2026-08-31,2026-09-03,PL-WEB-01,C024048,VM-NUT-0011,3,54.96,0.0,PLN
SO-2026-013990,1,2026-08-31,2026-09-02,PL-WEB-01,C019242,VM-NUT-0004,3,7.12,0.0,PLN
SO-2026-013990,2,2026-08-31,2026-09-02,PL-WEB-01,C019242,VM-CMP-0022,3,36.64,0.0,PLN
SO-2026-013990,3,2026-08-31,2026-09-02,PL-WEB-01,C019242,VM-EBK-0003,1,9253.61,0.0,PLN
SO-2026-013991,1,2026-08-31,2026-09-02,PL-WEB-01,C008250,VM-NUT-0002,10,15.26,0.0,PLN
SO-2026-013991,2,2026-08-31,2026-09-02,PL-WEB-01,C008250,VM-EBK-0003,1,9253.61,0.1,PLN
SO-2026-013991,3,2026-08-31,2026-09-02,PL-WEB-01,C008250,VM-CMP-0001,1,407.19,0.0,PLN
SO-2026-013992,1,2026-08-31,2026-09-01,PL-WEB-01,C011721,VM-BIK-0007,1,7176.89,0.05,PLN
SO-2026-013993,1,2026-08-31,2026-09-02,PL-WEB-01,C020470,VM-BIK-0009,5,5741.51,0.1,PLN
SO-2026-013994,1,2026-08-31,2026-09-04,PL-WEB-01,C024049,VM-EBK-0003,1,9253.61,0.0,PLN
SO-2026-013994,2,2026-08-31,2026-09-04,PL-WEB-01,C024049,VM-ACC-0008,2,407.19,0.05,PLN
SO-2026-013995,1,2026-08-31,2026-09-02,PL-WEB-01,C014858,VM-EBK-0002,1,10129.09,0.0,PLN
SO-2026-013996,1,2026-08-31,2026-09-01,PL-WEB-01,C021844,VM-NUT-0004,40,7.12,0.12,PLN
SO-2026-013997,1,2026-08-31,2026-09-04,PL-MKT-01,C010079,VM-BIK-0014,1,3898.93,0.0,PLN
SO-2026-013998,1,2026-08-31,2026-09-03,PL-MKT-01,C024050,VM-EBK-0008,1,15371.79,0.0,PLN
SO-2026-013999,1,2026-08-31,2026-09-03,PL-MKT-01,C024051,VM-CMP-0013,1,539.53,0.0,PLN
SO-2026-014000,1,2026-08-31,2026-09-02,PL-MKT-01,C023802,VM-NUT-0008,3,10.17,0.0,PLN
SO-2026-014001,1,2026-08-31,2026-09-03,PL-MKT-01,C024052,VM-CMP-0009,1,356.29,0.05,PLN
SO-2026-014001,2,2026-08-31,2026-09-03,PL-MKT-01,C024052,VM-ACC-0002,1,620.97,0.05,PLN
SO-2026-014002,1,2026-08-31,2026-09-04,PL-MKT-01,C024053,VM-BIK-0015,1,3145.61,0.0,PLN
SO-2026-014003,1,2026-08-31,2026-09-01,PL-MKT-01,C020883,VM-NUT-0002,14,15.26,0.0,PLN
SO-2026-014004,1,2026-08-31,2026-09-01,PL-MKT-01,C017762,VM-NUT-0004,9,7.12,0.0,PLN
SO-2026-014004,2,2026-08-31,2026-09-01,PL-MKT-01,C017762,VM-CMP-0016,2,2504.27,0.0,PLN
SO-2026-014004,3,2026-08-31,2026-09-01,PL-MKT-01,C017762,VM-ACC-0011,1,73.29,0.0,PLN
SO-2026-014005,1,2026-08-31,2026-09-03,PL-MKT-01,C023742,VM-BIK-0007,1,7176.89,0.0,PLN
SO-2026-014005,2,2026-08-31,2026-09-03,PL-MKT-01,C023742,VM-ACC-0004,2,794.03,0.0,PLN
SO-2026-014006,1,2026-08-31,2026-08-31,CZ-PRG-01,C000986,VM-EBK-0002,1,58482.0,0.05,CZK
SO-2026-014007,1,2026-08-31,2026-08-31,CZ-PRG-01,C022809,VM-ACC-0008,1,2351.0,0.0,CZK
SO-2026-014008,1,2026-08-31,2026-08-31,CZ-PRG-01,C024054,VM-APP-0010,2,999.0,0.05,CZK
SO-2026-014009,1,2026-08-31,2026-08-31,CZ-BRN-01,C010878,VM-BIK-0017,1,11226.0,0.0,CZK
SO-2026-014010,1,2026-08-31,2026-09-01,CZ-WEB-01,C022600,VM-APP-0012,1,5113.0,0.0,CZK
SO-2026-014010,2,2026-08-31,2026-09-01,CZ-WEB-01,C022600,VM-EBK-0003,1,53427.0,0.0,CZK
SO-2026-014010,3,2026-08-31,2026-09-01,CZ-WEB-01,C022600,VM-APP-0018,2,764.0,0.0,CZK
SO-2026-014011,1,2026-08-31,2026-09-02,CZ-WEB-01,C018037,VM-NUT-0007,6,76.0,0.0,CZK
SO-2026-014011,2,2026-08-31,2026-09-02,CZ-WEB-01,C018037,VM-CMP-0014,2,2527.0,0.0,CZK
SO-2026-014011,3,2026-08-31,2026-09-02,CZ-WEB-01,C018037,VM-BIK-0021,1,7347.0,0.0,CZK
SO-2026-014011,4,2026-08-31,2026-09-02,CZ-WEB-01,C018037,VM-BIK-0016,1,21101.0,0.0,CZK
SO-2026-014012,1,2026-08-31,2026-09-04,CZ-WEB-01,C024055,VM-EBK-0004,1,65124.0,0.0,CZK
SO-2026-014012,2,2026-08-31,2026-09-04,CZ-WEB-01,C024055,VM-ACC-0019,1,294.0,0.0,CZK
SO-2026-014012,3,2026-08-31,2026-09-04,CZ-WEB-01,C024055,VM-ACC-0008,1,2351.0,0.0,CZK
SO-2026-014013,1,2026-08-31,2026-09-01,CZ-WEB-01,C024056,VM-NUT-0004,10,41.0,0.05,CZK
SO-2026-014013,2,2026-08-31,2026-09-01,CZ-WEB-01,C024056,VM-APP-0012,1,5113.0,0.0,CZK
SO-2026-014013,3,2026-08-31,2026-09-01,CZ-WEB-01,C024056,VM-APP-0009,2,2057.0,0.0,CZK
SO-2026-014013,4,2026-08-31,2026-09-01,CZ-WEB-01,C024056,VM-APP-0015,1,3350.0,0.0,CZK
SO-2026-014014,1,2026-08-31,2026-09-01,CZ-WEB-01,C005786,VM-CMP-0011,1,940.0,0.05,CZK
SO-2026-014014,2,2026-08-31,2026-09-01,CZ-WEB-01,C005786,VM-EBK-0008,1,88752.0,0.05,CZK
SO-2026-014015,1,2026-08-31,2026-08-31,DE-BER-01,C010921,VM-APP-0014,1,117.31,0.05,EUR
SO-2026-014015,2,2026-08-31,2026-08-31,DE-BER-01,C010921,VM-ACC-0014,1,26.33,0.05,EUR
SO-2026-014016,1,2026-08-31,2026-08-31,DE-BER-01,C024057,VM-BIK-0013,1,1149.23,0.0,EUR
SO-2026-014017,1,2026-08-31,2026-08-31,DE-BER-01,,VM-APP-0006,3,74.22,0.0,EUR
SO-2026-014017,2,2026-08-31,2026-08-31,DE-BER-01,,VM-APP-0012,1,208.3,0.0,EUR
SO-2026-014018,1,2026-08-31,2026-09-03,DE-WEB-01,C017528,VM-ACC-0011,2,17.24,0.1,EUR
SO-2026-014018,2,2026-08-31,2026-09-03,DE-WEB-01,C017528,VM-ACC-0007,2,86.19,0.0,EUR
SO-2026-014019,1,2026-08-31,2026-09-02,DE-WEB-01,C024058,VM-NUT-0009,1,20.35,0.0,EUR
SO-2026-014019,2,2026-08-31,2026-09-02,DE-WEB-01,C024058,VM-BIK-0019,1,289.7,0.0,EUR
SO-2026-014019,3,2026-08-31,2026-09-02,DE-WEB-01,C024058,VM-ACC-0008,1,95.77,0.0,EUR
SO-2026-014019,4,2026-08-31,2026-09-02,DE-WEB-01,C024058,VM-NUT-0006,7,2.39,0.0,EUR
