OrderID,LineNo,OrderDate,ShipDate,StoreID,CustomerID,SKU,Quantity,UnitPrice,DiscountPct,Currency
SO-2025-005128,1,2025-05-02,2025-05-02,PL-WAW-01,C014727,VM-BIK-0011,1,8649.99,0.0,PLN
SO-2025-005333,2,2025-05-04,2025-05-07,DE-WEB-01,C009914,VM-ACC-0013,1,39.84,0.0,EUR
SO-2025-005341,3,2025-05-05,2025-05-05,PL-WAW-01,C010011,VM-EBK-0007,1,14699.99,0.0,PLN
SO-2025-005512,1,2025-05-07,2025-05-07,PL-KRK-01,,VM-ACC-0008,1,399.99,0.0,PLN
SO-2025-005605,1,2025-05-08,2025-05-08,PL-WRO-01,C011005,VM-BIK-0007,1,7049.99,0.0,PLN
SO-2025-005751,1,2025-05-10,2025-05-10,PL-KRK-01,C014927,VM-APP-0006,3,309.99,0.0,PLN
SO-2025-005827,1,2025-05-11,2025-05-12,PL-WEB-01,C014952,VM-APP-0012,2,869.99,0.1,PLN
SO-2025-005870,1,2025-05-12,2025-05-12,PL-WAW-02,,VM-CMP-0002,1,559.99,0.0,PLN
SO-2025-006058,2,2025-05-14,2025-05-17,PL-MKT-01,C010228,VM-APP-0005,6,179.99,0.12,PLN
SO-2025-006266,1,2025-05-17,2025-05-17,PL-GDN-01,C004357,VM-APP-0018,1,129.99,0.05,PLN
SO-2025-006418,3,2025-05-19,2025-05-21,PL-WEB-01,C014349,VM-CMP-0013,2,529.99,0.05,PLN
SO-2025-006542,2,2025-05-21,2025-05-21,PL-WRO-01,,VM-NUT-0007,12,12.99,0.0,PLN
SO-2025-006678,1,2025-05-23,2025-05-23,PL-KRK-01,C012682,VM-APP-0020,2,179.99,0.0,PLN
SO-2025-006797,2,2025-05-24,2025-05-28,PL-MKT-01,C015255,VM-APP-0004,1,239.99,0.0,PLN
SO-2025-006861,1,2025-05-25,2025-05-29,DE-WEB-01,C011947,VM-ACC-0019,1,11.72,0.0,EUR
SO-2025-006864,1,2025-05-26,2025-05-26,PL-WAW-01,C015275,VM-CMP-0011,2,159.99,0.05,PLN
SO-2025-007019,2,2025-05-28,2025-05-28,PL-WAW-02,,VM-ACC-0014,1,109.99,0.0,PLN
SO-2025-007028,2,2025-05-28,2025-05-28,PL-GDN-01,C013306,VM-CMP-0011,1,159.99,0.0,PLN
SO-2025-007107,1,2025-05-29,2025-05-29,PL-WAW-02,,VM-APP-0002,1,439.99,0.0,PLN
SO-2025-007151,2,2025-05-29,2025-05-31,CZ-WEB-01,C010067,VM-BIK-0016,1,20751.0,0.0,CZK
SO-2025-007345,1,2025-06-01,2025-06-05,PL-WEB-01,C014727,VM-CMP-0005,1,1479.99,0.0,PLN
SO-2025-007345,2,2025-06-01,2025-06-05,PL-WEB-01,C014727,VM-ACC-0008,1,399.99,0.0,PLN
SO-2025-007345,3,2025-06-01,2025-06-05,PL-WEB-01,C014727,VM-NUT-0009,4,84.99,0.0,PLN
SO-2025-007345,4,2025-06-01,2025-06-05,PL-WEB-01,C014727,VM-CMP-0010,1,389.99,0.0,PLN
SO-2025-007346,1,2025-06-01,2025-06-05,PL-WEB-01,C007379,VM-ACC-0020,1,809.99,0.0,PLN
SO-2025-007346,2,2025-06-01,2025-06-05,PL-WEB-01,C007379,VM-ACC-0008,1,399.99,0.0,PLN
SO-2025-007346,3,2025-06-01,2025-06-05,PL-WEB-01,C007379,VM-CMP-0013,2,529.99,0.0,PLN
SO-2025-007347,1,2025-06-01,2025-06-04,PL-WEB-01,C007314,VM-APP-0017,6,189.99,0.1,PLN
SO-2025-007348,1,2025-06-01,2025-06-02,PL-WEB-01,C012388,VM-EBK-0007,5,14699.99,0.08,PLN
SO-2025-007348,2,2025-06-01,2025-06-02,PL-WEB-01,C012388,VM-ACC-0014,3,109.99,0.12,PLN
SO-2025-007349,1,2025-06-01,2025-06-05,PL-WEB-01,C015052,VM-EBK-0003,1,9089.99,0.0,PLN
SO-2025-007349,2,2025-06-01,2025-06-05,PL-WEB-01,C015052,VM-ACC-0007,1,359.99,0.0,PLN
SO-2025-007349,3,2025-06-01,2025-06-05,PL-WEB-01,C015052, VM-ACC-0006 ,2,949.99,0.0,PLN
SO-2025-007350,1,2025-06-01,2025-06-05,PL-WEB-01,C015100,VM-NUT-0011,4,53.99,0.0,PLN
SO-2025-007350,2,2025-06-01,2025-06-05,PL-WEB-01,C015100,VM-ACC-0021,1,779.99,0.0,PLN
SO-2025-007350,3,2025-06-01,2025-06-05,PL-WEB-01,C015100,VM-BIK-0013,1,4799.99,0.0,PLN
SO-2025-007351,1,2025-06-01,2025-06-03,PL-WEB-01,C015426,VM-CMP-0017,2,499.99,0.0,PLN
SO-2025-007352,1,2025-06-01,2025-06-04,PL-WEB-01,C015135,VM-APP-0005,1,179.99,0.05,PLN
SO-2025-007353,1,2025-06-01,2025-06-02,PL-WEB-01,C005355,VM-BIK-0012,1,11809.99,0.05,PLN
SO-2025-007354,1,2025-06-01,2025-06-04,PL-WEB-01,C015427,VM-BIK-0004,2,4269.99,0.1,PLN
SO-2025-007354,2,2025-06-01,2025-06-04,PL-WEB-01,C015427,VM-ACC-0018,12,49.99,0.1,PLN
SO-2025-007355,1,2025-06-01,2025-06-04,PL-WEB-01,C008611,VM-CMP-0015,1,919.99,0.0,PLN
SO-2025-007356,1,2025-06-01,2025-06-02,PL-WEB-01,C015079,VM-EBK-0003,1,9089.99,0.0,PLN
SO-2025-007356,2,2025-06-01,2025-06-02,PL-WEB-01,C015079,VM-BIK-0003,1,6539.99,0.0,PLN
SO-2025-007357,1,2025-06-01,2025-06-03,PL-WEB-01,C007418,VM-CMP-0019,2,209.99,0.0,PLN
SO-2025-007358,1,2025-06-01,2025-06-03,PL-WEB-01,C013237,VM-ACC-0018,4,49.99,0.08,PLN
SO-2025-007359,1,2025-06-01,2025-06-03,PL-WEB-01,C012726,VM-APP-0013,1,439.99,0.05,PLN
SO-2025-007360,1,2025-06-01,2025-06-03,PL-WEB-01,C008522,VM-NUT-0009,1,84.99,0.0,PLN
SO-2025-007361,1,2025-06-01,2025-06-04,PL-WEB-01,C008347,VM-BIK-0005,1,7409.99,0.0,PLN
SO-2025-007361,2,2025-06-01,2025-06-04,PL-WEB-01,C008347,VM-CMP-0013,2,529.99,0.0,PLN
SO-2025-007361,3,2025-06-01,2025-06-04,PL-WEB-01,C008347,VM-ACC-0006,1,949.99,0.0,PLN
SO-2025-007361,4,2025-06-01,2025-06-04,PL-WEB-01,C008347,VM-ACC-0008,1,399.99,0.0,PLN
SO-2025-007362,1,2025-06-01,2025-06-03,PL-WEB-01,C005230,VM-ACC-0003,1,289.99,0.0,PLN
SO-2025-007362,2,2025-06-01,2025-06-03,PL-WEB-01,C005230,VM-EBK-0008,1,15099.99,0.0,PLN
SO-2025-007362,3,2025-06-01,2025-06-03,PL-WEB-01,C005230,VM-BIK-0020,1,1209.99,0.0,PLN
SO-2025-007363,1,2025-06-01,2025-06-05,PL-WEB-01,C007184,VM-APP-0013,2,439.99,0.1,PLN
SO-2025-007363,2,2025-06-01,2025-06-05,PL-WEB-01,C007184,VM-EBK-0003,4,9089.99,0.1,PLN
SO-2025-007363,3,2025-06-01,2025-06-05,PL-WEB-01,C007184,VM-APP-0019,4,65.99,0.1,PLN
SO-2025-007363,4,2025-06-01,2025-06-05,PL-WEB-01,C007184,VM-ACC-0008,3,399.99,0.12,PLN
SO-2025-007364,1,2025-06-01,2025-06-04,PL-WEB-01,C015428,VM-APP-0015,1,569.99,0.0,PLN
SO-2025-007364,2,2025-06-01,2025-06-04,PL-WEB-01,C015428,VM-ACC-0021,1,779.99,0.0,PLN
SO-2025-007365,1,2025-06-01,2025-06-02,PL-WEB-01,C015429,VM-EBK-0004,1,11079.99,0.05,PLN
SO-2025-007365,2,2025-06-01,2025-06-02,PL-WEB-01,C015429, VM-ACC-0002 ,2,609.99,0.05,PLN
SO-2025-007366,1,2025-06-01,2025-06-05,PL-WEB-01,C015430,VM-ACC-0014,1,109.99,0.0,PLN
SO-2025-007367,1,2025-06-01,2025-06-04,PL-MKT-01,C015431,VM-APP-0006,3,309.99,0.0,PLN
SO-2025-007368,1,2025-06-01,2025-06-05,PL-MKT-01,C010524,VM-BIK-0008,4,5309.99,0.08,PLN
SO-2025-007368,2,2025-06-01,2025-06-05,PL-MKT-01,C010524,VM-ACC-0017,3,57.99,0.08,PLN
SO-2025-007369,1,2025-06-01,2025-06-04,PL-MKT-01,C011731,VM-CMP-0008,2,439.99,0.0,PLN
SO-2025-007370,1,2025-06-01,2025-06-02,PL-MKT-01,C015187,VM-BIK-0003,1,6539.99,0.0,PLN
SO-2025-007371,1,2025-06-01,2025-06-02,PL-MKT-01,C010096,VM-NUT-0011,2,53.99,0.0,PLN
SO-2025-007372,1,2025-06-01,2025-06-03,PL-MKT-01,C010792,VM-BIK-0013,1,4799.99,0.0,PLN
SO-2025-007372,2,2025-06-01,2025-06-03,PL-MKT-01,C010792,VM-ACC-0014,1,109.99,0.0,PLN
SO-2025-007373,1,2025-06-01,2025-06-03,PL-MKT-01,C006572,VM-CMP-0017,6,499.99,0.12,PLN
SO-2025-007374,1,2025-06-01,2025-06-04,PL-MKT-01,C012566,VM-CMP-0008,1,439.99,0.0,PLN
SO-2025-007374,2,2025-06-01,2025-06-04,PL-MKT-01,C012566,VM-NUT-0003,8,10.99,0.05,PLN
SO-2025-007375,1,2025-06-01,2025-06-04,PL-MKT-01,C015432,VM-BIK-0020,1,1209.99,0.0,PLN
SO-2025-007376,1,2025-06-01,2025-06-05,PL-MKT-01,C014600,VM-ACC-0022,1,1569.99,0.0,PLN
SO-2025-007377,1,2025-06-01,2025-06-02,PL-MKT-01,C011533,VM-EBK-0007,1,14699.99,0.05,PLN
SO-2025-007378,1,2025-06-01,2025-06-05,PL-MKT-01,C015381,VM-CMP-0017,2,499.99,0.0,PLN
SO-2025-007379,1,2025-06-01,2025-06-05,PL-MKT-01,C015433,VM-CMP-0013,1,529.99,0.0,PLN
SO-2025-007379,2,2025-06-01,2025-06-05,PL-MKT-01,C015433,VM-NUT-0011,2,53.99,0.0,PLN
SO-2025-007380,1,2025-06-01,2025-06-05,PL-MKT-01,C009441,VM-BIK-0007,1,7049.99,0.1,PLN
SO-2025-007381,1,2025-06-01,2025-06-03,PL-MKT-01,C012092,VM-CMP-0010,1,389.99,0.1,PLN
SO-2025-007381,2,2025-06-01,2025-06-03,PL-MKT-01,C012092,VM-CMP-0017,2,499.99,0.05,PLN
SO-2025-007381,3,2025-06-01,2025-06-03,PL-MKT-01,C012092,VM-NUT-0001,13,8.99,0.05,PLN
SO-2025-007381,4,2025-06-01,2025-06-03,PL-MKT-01,C012092,VM-APP-0008,1,159.99,0.05,PLN
SO-2025-007382,1,2025-06-01,2025-06-01,CZ-PRG-01,,VM-ACC-0008,2,2313.0,0.0,CZK
SO-2025-007383,1,2025-06-01,2025-06-01,CZ-PRG-01,,VM-BIK-0004,1,24696.0,0.0,CZK
SO-2025-007383,2,2025-06-01,2025-06-01,CZ-PRG-01,,VM-ACC-0014,1,636.0,0.0,CZK
SO-2025-007383,3,2025-06-01,2025-06-01,CZ-PRG-01,,VM-NUT-0006,4,58.0,0.0,CZK
SO-2025-007384,1,2025-06-01,2025-06-01,CZ-PRG-01,C015273,VM-BIK-0011,1,50029.0,0.0,CZK
SO-2025-007384,2,2025-06-01,2025-06-01,CZ-PRG-01,C015273,VM-ACC-0015,1,2024.0,0.0,CZK
SO-2025-007385,1,2025-06-01,2025-06-01,CZ-PRG-01,,VM-ACC-0017,2,335.0,0.0,CZK
SO-2025-007386,1,2025-06-01,2025-06-01,CZ-BRN-01,C015325,VM-BIK-0002,1,55697.0,0.0,CZK
SO-2025-007387,1,2025-06-01,2025-06-01,CZ-BRN-01,C011810,VM-ACC-0007,1,2082.0,0.05,CZK
SO-2025-007388,1,2025-06-01,2025-06-01,CZ-BRN-01,C011213,VM-ACC-0003,3,1677.0,0.1,CZK
SO-2025-007388,2,2025-06-01,2025-06-01,CZ-BRN-01,C011213,VM-NUT-0006,18,58.0,0.1,CZK
SO-2025-007389,1,2025-06-01,2025-06-04,CZ-WEB-01,C015002,VM-CMP-0001,2,2313.0,0.0,CZK
SO-2025-007389,2,2025-06-01,2025-06-04,CZ-WEB-01,C015002,VM-EBK-0002,1,57548.0,0.0,CZK
SO-2025-007390,1,2025-06-01,2025-06-02,CZ-WEB-01,C010004,VM-NUT-0002,11,87.0,0.0,CZK
SO-2025-007391,1,2025-06-01,2025-06-03,CZ-WEB-01,C014560,VM-NUT-0002,13,87.0,0.05,CZK
SO-2025-007392,1,2025-06-01,2025-06-04,CZ-WEB-01,C015434,VM-NUT-0009,2,492.0,0.0,CZK
SO-2025-007393,1,2025-06-01,2025-06-05,DE-WEB-01,C015435,VM-ACC-0020,1,189.88,0.0,EUR
SO-2025-007393,2,2025-06-01,2025-06-05,DE-WEB-01,C015435,VM-CMP-0008,2,103.15,0.0,EUR
SO-2025-007393,3,2025-06-01,2025-06-05,DE-WEB-01,C015435,VM-CMP-0019,4,49.23,0.0,EUR
SO-2025-007393,4,2025-06-01,2025-06-05,DE-WEB-01,C015435,VM-ACC-0008,1,93.77,0.0,EUR
SO-2025-007394,1,2025-06-01,2025-06-03,DE-WEB-01,C015436,VM-EBK-0004,1,2597.46,0.0,EUR
SO-2025-007395,1,2025-06-01,2025-06-05,DE-WEB-01,C005988,VM-NUT-0001,10,2.11,0.0,EUR
SO-2025-007396,1,2025-06-01,2025-06-04,DE-WEB-01,C014363,vm-bik-0017,1,447.76,0.0,EUR
SO-2025-007396,2,2025-06-01,2025-06-04,DE-WEB-01,C014363,VM-ACC-0013,1,39.85,0.0,EUR
SO-2025-007397,1,2025-06-01,2025-06-02,DE-WEB-01,C012066,VM-BIK-0017,1,447.76,0.0,EUR
SO-2025-007398,1,2025-06-01,2025-06-03,DE-WEB-01,C013156,VM-CMP-0013,2,124.24,0.0,EUR
SO-2025-007399,1,2025-06-01,2025-06-05,DE-WEB-01,C015437,VM-CMP-0012,1,126.59,0.0,EUR
SO-2025-007400,1,2025-06-02,2025-06-02,PL-WAW-01,,vm-bik-0009,1,5639.99,0.0,PLN
SO-2025-007400,2,2025-06-02,2025-06-02,PL-WAW-01,,VM-ACC-0008,1,399.99,0.0,PLN
SO-2025-007400,3,2025-06-02,2025-06-02,PL-WAW-01,,VM-NUT-0004,3,6.99,0.0,PLN
SO-2025-007401,1,2025-06-02,2025-06-02,PL-WAW-01,C014394,VM-BIK-0007,2,7049.99,0.12,PLN
SO-2025-007402,1,2025-06-02,2025-06-02,PL-WAW-01,C011384,VM-NUT-0001,12,8.99,0.05,PLN
SO-2025-007403,1,2025-06-02,2025-06-02,PL-WAW-01,C015438,VM-EBK-0008,1,15099.99,0.05,PLN
SO-2025-007403,2,2025-06-02,2025-06-02,PL-WAW-01,C015438,VM-ACC-0018,1,49.99,0.05,PLN
SO-2025-007404,1,2025-06-02,2025-06-02,PL-KRK-01,,VM-ACC-0013,1,169.99,0.0,PLN
SO-2025-007404,2,2025-06-02,2025-06-02,PL-KRK-01,,VM-NUT-0011,2,53.99,0.0,PLN
SO-2025-007405,1,2025-06-02,2025-06-02,PL-KRK-01,,VM-NUT-0011,1,53.99,0.0,PLN
SO-2025-007405,2,2025-06-02,2025-06-02,PL-KRK-01,,VM-APP-0013,1,439.99,0.0,PLN
SO-2025-007406,1,2025-06-02,2025-06-02,PL-KRK-01,C008971,VM-BIK-0002,1,9629.99,0.0,PLN
SO-2025-007406,2,2025-06-02,2025-06-02,PL-KRK-01,C008971,VM-ACC-0005,2,179.99,0.0,PLN
SO-2025-007407,1,2025-06-02,2025-06-02,PL-WRO-01,,VM-EBK-0008,1,15099.99,0.0,PLN
SO-2025-007408,1,2025-06-02,2025-06-02,PL-WRO-01,C012629,VM-EBK-0009,2,9909.99,0.12,PLN
SO-2025-007408,2,2025-06-02,2025-06-02,PL-WRO-01,C012629,VM-ACC-0008,4,399.99,0.12,PLN
SO-2025-007409,1,2025-06-02,2025-06-02,PL-WRO-01,C003776,VM-CMP-0023,2,58.99,0.0,PLN
SO-2025-007410,1,2025-06-02,2025-06-02,PL-GDN-01,C015439,VM-NUT-0002,15,14.99,0.0,PLN
SO-2025-007411,1,2025-06-02,2025-06-02,PL-GDN-01,C013350,VM-ACC-0004,2,779.99,0.0,PLN
SO-2025-007411,2,2025-06-02,2025-06-02,PL-GDN-01,C013350,VM-CMP-0012,1,539.99,0.0,PLN
SO-2025-007412,1,2025-06-02,2025-06-02,PL-POZ-01,C014227,VM-NUT-0004,14,6.99,0.0,PLN
SO-2025-007413,1,2025-06-02,2025-06-02,PL-LDZ-01,,VM-APP-0004,1,239.99,0.0,PLN
SO-2025-007413,2,2025-06-02,2025-06-02,PL-LDZ-01,,VM-CMP-0009,1,349.99,0.0,PLN
SO-2025-007413,3,2025-06-02,2025-06-02,PL-LDZ-01,,VM-APP-0020,2,179.99,0.0,PLN
SO-2025-007414,1,2025-06-02,2025-06-02,PL-LDZ-01,C013851,VM-ACC-0019,3,49.99,0.0,PLN
SO-2025-007414,2,2025-06-02,2025-06-02,PL-LDZ-01,C013851,VM-EBK-0011,1,14639.99,0.0,PLN
SO-2025-007415,1,2025-06-02,2025-06-06,PL-WEB-01,C013008,VM-APP-0002,2,439.99,0.0,PLN
SO-2025-007416,1,2025-06-02,2025-06-06,PL-WEB-01,C000229,VM-CMP-0023,8,58.99,0.08,PLN
SO-2025-007417,1,2025-06-02,2025-06-03,PL-WEB-01,C015440,VM-APP-0002,1,439.99,0.0,PLN
SO-2025-007418,1,2025-06-02,2025-06-04,PL-WEB-01,C000445,VM-NUT-0004,9,6.99,0.0,PLN
SO-2025-007419,1,2025-06-02,2025-06-04,PL-WEB-01,C015441,VM-APP-0010,1,169.99,0.0,PLN
SO-2025-007420,1,2025-06-02,2025-06-04,PL-WEB-01,C014215, VM-ACC-0012 ,1,71.99,0.0,PLN
SO-2025-007420,2,2025-06-02,2025-06-04,PL-WEB-01,C014215,VM-CMP-0012,2,539.99,0.0,PLN
SO-2025-007420,3,2025-06-02,2025-06-04,PL-WEB-01,C014215,VM-BIK-0011,1,8649.99,0.0,PLN
SO-2025-007421,1,2025-06-02,2025-06-04,PL-WEB-01,C015442,VM-CMP-0017,2,499.99,0.0,PLN
SO-2025-007421,2,2025-06-02,2025-06-04,PL-WEB-01,C015442,VM-NUT-0001,13,8.99,0.0,PLN
SO-2025-007421,3,2025-06-02,2025-06-04,PL-WEB-01,C015442,VM-NUT-0011,3,53.99,0.0,PLN
SO-2025-007421,4,2025-06-02,2025-06-04,PL-WEB-01,C015442,VM-EBK-0002,1,9949.99,0.0,PLN
SO-2025-007422,1,2025-06-02,2025-06-05,PL-WEB-01,C005230,VM-ACC-0010,2,249.99,0.0,PLN
SO-2025-007422,2,2025-06-02,2025-06-05,PL-WEB-01,C005230,VM-EBK-0009,1,9909.99,0.0,PLN
SO-2025-007423,1,2025-06-02,2025-06-06,PL-WEB-01,C014975,VM-CMP-0006,1,199.99,0.05,PLN
SO-2025-007423,2,2025-06-02,2025-06-06,PL-WEB-01,C014975,VM-NUT-0002,14,14.99,0.05,PLN
SO-2025-007424,1,2025-06-02,2025-06-06,PL-WEB-01,C015443,VM-APP-0002,5,439.99,0.1,PLN
SO-2025-007425,1,2025-06-02,2025-06-06,PL-WEB-01,C015444,VM-APP-0012,1,869.99,0.0,PLN
SO-2025-007425,2,2025-06-02,2025-06-06,PL-WEB-01,C015444,VM-APP-0002,3,439.99,0.0,PLN
SO-2025-007425,3,2025-06-02,2025-06-06,PL-WEB-01,C015444,VM-EBK-0007,1,14699.99,0.0,PLN
SO-2025-007426,1,2025-06-02,2025-06-05,PL-WEB-01,C011195,VM-BIK-0007,1,7049.99,0.0,PLN
SO-2025-007426,2,2025-06-02,2025-06-05,PL-WEB-01,C011195,VM-ACC-0014,1,109.99,0.0,PLN
SO-2025-007427,1,2025-06-02,2025-06-05,PL-WEB-01,C008646,VM-APP-0017,2,189.99,0.05,PLN
SO-2025-007427,2,2025-06-02,2025-06-05,PL-WEB-01,C008646,VM-ACC-0018,3,49.99,0.05,PLN
SO-2025-007427,3,2025-06-02,2025-06-05,PL-WEB-01,C008646,VM-ACC-0008,1,399.99,0.05,PLN
SO-2025-007428,1,2025-06-02,2025-06-06,PL-WEB-01,C007499,vm-cmp-0017,2,499.99,0.0,PLN
SO-2025-007428,2,2025-06-02,2025-06-06,PL-WEB-01,C007499,VM-APP-0018,1,129.99,0.0,PLN
SO-2025-007429,1,2025-06-02,2025-06-05,PL-WEB-01,C015445,VM-ACC-0008,1,399.99,0.05,PLN
SO-2025-007430,1,2025-06-02,2025-06-04,PL-WEB-01,C014712,VM-APP-0020,2,179.99,0.05,PLN
SO-2025-007430,2,2025-06-02,2025-06-04,PL-WEB-01,C014712,VM-NUT-0011,1,53.99,0.05,PLN
SO-2025-007430,3,2025-06-02,2025-06-04,PL-WEB-01,C014712,VM-ACC-0008,2,399.99,0.1,PLN
SO-2025-007431,1,2025-06-02,2025-06-05,PL-WEB-01,C015380,VM-APP-0020,2,179.99,0.0,PLN
SO-2025-007432,1,2025-06-02,2025-06-05,PL-WEB-01,C015446,VM-APP-0017,1,189.99,0.0,PLN
SO-2025-007433,1,2025-06-02,2025-06-06,PL-WEB-01,C015447,VM-APP-0002,3,439.99,0.0,PLN
SO-2025-007433,2,2025-06-02,2025-06-06,PL-WEB-01,C015447,VM-NUT-0004,6,6.99,0.0,PLN
SO-2025-007434,1,2025-06-02,2025-06-06,PL-WEB-01,C014812,VM-ACC-0014,1,109.99,0.0,PLN
SO-2025-007435,1,2025-06-02,2025-06-06,PL-WEB-01,C015234,VM-NUT-0006,7,9.99,0.0,PLN
SO-2025-007435,2,2025-06-02,2025-06-06,PL-WEB-01,C015234,VM-BIK-0001,1,13689.99,0.0,PLN
SO-2025-007436,1,2025-06-02,2025-06-06,PL-WEB-01,C015448,VM-BIK-0007,1,7049.99,0.0,PLN
SO-2025-007437,1,2025-06-02,2025-06-05,PL-WEB-01,C010043,VM-NUT-0004,3,6.99,0.05,PLN
SO-2025-007438,1,2025-06-02,2025-06-04,PL-WEB-01,C011500,VM-CMP-0020,2,259.99,0.0,PLN
SO-2025-007438,2,2025-06-02,2025-06-04,PL-WEB-01,C011500,VM-NUT-0004,7,6.99,0.0,PLN
SO-2025-007439,1,2025-06-02,2025-06-06,PL-WEB-01,C009076,VM-CMP-0008,1,439.99,0.0,PLN
SO-2025-007440,1,2025-06-02,2025-06-05,PL-WEB-01,C009211,VM-ACC-0001,1,379.99,0.0,PLN
SO-2025-007440,2,2025-06-02,2025-06-05,PL-WEB-01,C009211,VM-CMP-0023,4,58.99,0.0,PLN
SO-2025-007440,3,2025-06-02,2025-06-05,PL-WEB-01,C009211,VM-NUT-0004,11,6.99,0.0,PLN
SO-2025-007440,4,2025-06-02,2025-06-05,PL-WEB-01,C009211,VM-APP-0006,2,309.99,0.0,PLN
SO-2025-007441,1,2025-06-02,2025-06-05,PL-WEB-01,C010922,VM-ACC-0010,1,249.99,0.0,PLN
SO-2025-007442,1,2025-06-02,2025-06-06,PL-WEB-01,C004749,VM-EBK-0007,1,14699.99,0.0,PLN
SO-2025-007443,1,2025-06-02,2025-06-04,PL-WEB-01,C015449,VM-ACC-0005,2,179.99,0.0,PLN
SO-2025-007443,2,2025-06-02,2025-06-04,PL-WEB-01,C015449,VM-APP-0020,2,179.99,0.0,PLN
SO-2025-007443,3,2025-06-02,2025-06-04,PL-WEB-01,C015449,VM-APP-0008,2,159.99,0.0,PLN
SO-2025-007444,1,2025-06-02,2025-06-06,PL-WEB-01,C013794,VM-ACC-0008,2,399.99,0.0,PLN
SO-2025-007444,2,2025-06-02,2025-06-06,PL-WEB-01,C013794,VM-EBK-0004,1,11079.99,0.0,PLN
SO-2025-007444,3,2025-06-02,2025-06-06,PL-WEB-01,C013794,VM-NUT-0004,13,6.99,0.05,PLN
SO-2025-007445,1,2025-06-02,2025-06-05,PL-MKT-01,C014988,VM-CMP-0013,8,529.99,0.12,PLN
SO-2025-007445,2,2025-06-02,2025-06-05,PL-MKT-01,C014988,VM-ACC-0008,6,399.99,0.1,PLN
SO-2025-007445,3,2025-06-02,2025-06-05,PL-MKT-01,C014988,VM-ACC-0019,8,49.99,0.12,PLN
SO-2025-007445,4,2025-06-02,2025-06-05,PL-MKT-01,C014988,VM-CMP-0006,2,199.99,0.08,PLN
SO-2025-007446,1,2025-06-02,2025-06-03,PL-MKT-01,C013667,VM-ACC-0022,1,1569.99,0.0,PLN
SO-2025-007447,1,2025-06-02,2025-06-06,PL-MKT-01,C013063,VM-BIK-0017,1,1909.99,0.0,PLN
SO-2025-007447,2,2025-06-02,2025-06-06,PL-MKT-01,C013063,VM-BIK-0020,1,1209.99,0.1,PLN
SO-2025-007448,1,2025-06-02,2025-06-05,PL-MKT-01,C010306,VM-APP-0006,3,309.99,0.0,PLN
SO-2025-007449,1,2025-06-02,2025-06-04,PL-MKT-01,C004678,VM-EBK-0003,3,9089.99,0.12,PLN
SO-2025-007450,1,2025-06-02,2025-06-03,PL-MKT-01,C015450,VM-BIK-0008,1,5309.99,0.05,PLN
SO-2025-007450,2,2025-06-02,2025-06-03,PL-MKT-01,C015450,VM-ACC-0008,2,399.99,0.05,PLN
SO-2025-007450,3,2025-06-02,2025-06-03,PL-MKT-01,C015450,VM-BIK-0002,1,9629.99,0.05,PLN
SO-2025-007451,1,2025-06-02,2025-06-04,PL-MKT-01,C004343,VM-ACC-0017,1,57.99,0.0,PLN
SO-2025-007452,1,2025-06-02,2025-06-06,PL-MKT-01,C015451,VM-NUT-0004,4,6.99,0.0,PLN
SO-2025-007452,2,2025-06-02,2025-06-06,PL-MKT-01,C015451,VM-ACC-0013,1,169.99,0.0,PLN
SO-2025-007453,1,2025-06-02,2025-06-02,CZ-PRG-01,C007763,VM-BIK-0019,1,6998.0,0.05,CZK
SO-2025-007453,2,2025-06-02,2025-06-02,CZ-PRG-01,C007763,VM-ACC-0004,2,4511.0,0.05,CZK
SO-2025-007453,3,2025-06-02,2025-06-02,CZ-PRG-01,C007763,VM-NUT-0004,4,40.0,0.05,CZK
SO-2025-007454,1,2025-06-02,2025-06-02,CZ-PRG-01,C015452,VM-BIK-0021,1,7230.0,0.05,CZK
SO-2025-007454,2,2025-06-02,2025-06-02,CZ-PRG-01,C015452,VM-NUT-0009,2,492.0,0.0,CZK
SO-2025-007455,1,2025-06-02,2025-06-02,CZ-BRN-01,,VM-EBK-0004,1,64083.0,0.0,CZK
SO-2025-007455,2,2025-06-02,2025-06-02,CZ-BRN-01,,VM-NUT-0011,2,312.0,0.05,CZK
SO-2025-007456,1,2025-06-02,2025-06-02,CZ-BRN-01,,VM-NUT-0009,3,492.0,0.0,CZK
SO-2025-007456,2,2025-06-02,2025-06-02,CZ-BRN-01,,VM-EBK-0009,1,57316.0,0.0,CZK
SO-2025-007456,3,2025-06-02,2025-06-02,CZ-BRN-01,,VM-APP-0009,1,2024.0,0.0,CZK
SO-2025-007457,1,2025-06-02,2025-06-04,CZ-WEB-01,C015453,VM-BIK-0016,1,20763.0,0.0,CZK
SO-2025-007458,1,2025-06-02,2025-06-05,CZ-WEB-01,C015454,VM-ACC-0007,2,2082.0,0.0,CZK
SO-2025-007458,2,2025-06-02,2025-06-05,CZ-WEB-01,C015454,VM-NUT-0004,3,40.0,0.0,CZK
SO-2025-007458,3,2025-06-02,2025-06-05,CZ-WEB-01,C015454,VM-CMP-0001,1,2313.0,0.0,CZK
SO-2025-007459,1,2025-06-02,2025-06-03,CZ-WEB-01,C015455,VM-ACC-0007,2,2082.0,0.0,CZK
SO-2025-007460,1,2025-06-02,2025-06-03,CZ-WEB-01,C015456,VM-ACC-0006,1,5494.0,0.0,CZK
SO-2025-007460,2,2025-06-02,2025-06-03,CZ-WEB-01,C015456,VM-CMP-0001,2,2313.0,0.0,CZK
SO-2025-007460,3,2025-06-02,2025-06-03,CZ-WEB-01,C015456,VM-EBK-0003,1,52574.0,0.0,CZK
SO-2025-007461,1,2025-06-02,2025-06-02,DE-BER-01,C003567, VM-APP-0006 ,3,72.67,0.1,EUR
SO-2025-007461,2,2025-06-02,2025-06-02,DE-BER-01,C003567,VM-ACC-0017,1,13.59,0.05,EUR
SO-2025-007461,3,2025-06-02,2025-06-02,DE-BER-01,C003567,VM-NUT-0001,10,2.11,0.05,EUR
SO-2025-007462,1,2025-06-02,2025-06-02,DE-BER-01,,VM-BIK-0013,1,1125.25,0.0,EUR
SO-2025-007463,1,2025-06-02,2025-06-02,DE-BER-01,,vm-ebk-0011,1,3432.03,0.0,EUR
SO-2025-007464,1,2025-06-02,2025-06-02,DE-BER-01,C011012,VM-CMP-0002,2,131.28,0.0,EUR
SO-2025-007464,2,2025-06-02,2025-06-02,DE-BER-01,C011012,VM-ACC-0014,1,25.78,0.0,EUR
SO-2025-007465,1,2025-06-02,2025-06-03,DE-WEB-01,C007518,VM-BIK-0013,1,1125.25,0.0,EUR
SO-2025-007465,2,2025-06-02,2025-06-03,DE-WEB-01,C007518,VM-CMP-0001,1,93.77,0.0,EUR
SO-2025-007465,3,2025-06-02,2025-06-03,DE-WEB-01,C007518,VM-ACC-0014,1,25.78,0.0,EUR
SO-2025-007466,1,2025-06-02,2025-06-05,DE-WEB-01,C003716,VM-BIK-0007,3,1652.72,0.1,EUR
SO-2025-007466,2,2025-06-02,2025-06-05,DE-WEB-01,C003716,VM-EBK-0007,3,3446.09,0.08,EUR
SO-2025-007466,3,2025-06-02,2025-06-05,DE-WEB-01,C003716,VM-BIK-0019,4,283.66,0.08,EUR
SO-2025-007466,4,2025-06-02,2025-06-05,DE-WEB-01,C003716,VM-ACC-0006,4,222.7,0.1,EUR
SO-2025-007467,1,2025-06-02,2025-06-06,DE-WEB-01,C000675,VM-EBK-0003,1,2130.95,0.05,EUR
SO-2025-007467,2,2025-06-02,2025-06-06,DE-WEB-01,C000675,VM-ACC-0008,1,93.77,0.05,EUR
SO-2025-007468,1,2025-06-02,2025-06-03,DE-WEB-01,C015457,VM-EBK-0002,1,2332.56,0.0,EUR
SO-2025-007468,2,2025-06-02,2025-06-03,DE-WEB-01,C015457, VM-ACC-0017 ,2,13.59,0.0,EUR
SO-2025-007469,1,2025-06-02,2025-06-05,DE-WEB-01,C015176,VM-NUT-0007,12,3.05,0.0,EUR
SO-2025-007470,1,2025-06-02,2025-06-05,DE-WEB-01,C015458,VM-APP-0015,1,133.62,0.0,EUR
SO-2025-007470,2,2025-06-02,2025-06-05,DE-WEB-01,C015458, VM-CMP-0011 ,1,37.51,0.0,EUR
SO-2025-007470,3,2025-06-02,2025-06-05,DE-WEB-01,C015458,VM-ACC-0010,2,58.6,0.0,EUR
SO-2025-007471,1,2025-06-02,2025-06-06,DE-WEB-01,C008731,VM-CMP-0017,2,117.21,0.0,EUR
SO-2025-007472,1,2025-06-03,2025-06-03,PL-WAW-01,,VM-NUT-0009,2,84.99,0.1,PLN
SO-2025-007473,1,2025-06-03,2025-06-03,PL-WAW-01,C011501,VM-NUT-0011,2,53.99,0.05,PLN
SO-2025-007474,1,2025-06-03,2025-06-03,PL-WAW-01,C013675,VM-NUT-0003,10,10.99,0.0,PLN
SO-2025-007475,1,2025-06-03,2025-06-03,PL-WAW-01,,VM-ACC-0019,3,49.99,0.0,PLN
SO-2025-007475,2,2025-06-03,2025-06-03,PL-WAW-01,,VM-EBK-0004,1,11079.99,0.0,PLN
SO-2025-007475,3,2025-06-03,2025-06-03,PL-WAW-01,, VM-ACC-0008 ,1,399.99,0.0,PLN
SO-2025-007476,1,2025-06-03,2025-06-03,PL-WAW-01,C015459,VM-CMP-0016,2,2459.99,0.0,PLN
SO-2025-007476,2,2025-06-03,2025-06-03,PL-WAW-01,C015459,VM-APP-0020,2,179.99,0.0,PLN
SO-2025-007477,1,2025-06-03,2025-06-03,PL-WAW-01,C012033,VM-BIK-0016,1,3589.99,0.0,PLN
SO-2025-007478,1,2025-06-03,2025-06-03,PL-WAW-01,C014792,VM-BIK-0012,1,11809.99,0.0,PLN
SO-2025-007478,2,2025-06-03,2025-06-03,PL-WAW-01,C014792,VM-ACC-0019,2,49.99,0.0,PLN
SO-2025-007478,3,2025-06-03,2025-06-03,PL-WAW-01,C014792,VM-ACC-0014,1,109.99,0.0,PLN
SO-2025-007479,1,2025-06-03,2025-06-03,PL-WAW-01,C013841,VM-EBK-0007,1,14699.99,0.0,PLN
SO-2025-007480,1,2025-06-03,2025-06-03,PL-WAW-02,C015460,VM-BIK-0009,1,5639.99,0.05,PLN
SO-2025-007481,1,2025-06-03,2025-06-03,PL-WAW-02,,VM-BIK-0013,1,4799.99,0.0,PLN
SO-2025-007482,1,2025-06-03,2025-06-03,PL-KRK-01,,VM-CMP-0019,2,209.99,0.0,PLN
SO-2025-007483,1,2025-06-03,2025-06-03,PL-KRK-01,C013242,VM-NUT-0006,3,9.99,0.0,PLN
SO-2025-007483,2,2025-06-03,2025-06-03,PL-KRK-01,C013242,VM-ACC-0004,2,779.99,0.0,PLN
SO-2025-007483,3,2025-06-03,2025-06-03,PL-KRK-01,C013242,VM-BIK-0009,1,5639.99,0.0,PLN
SO-2025-007484,1,2025-06-03,2025-06-03,PL-KRK-01,C015461,VM-ACC-0006,2,949.99,0.0,PLN
SO-2025-007485,1,2025-06-03,2025-06-03,PL-KRK-01,,VM-NUT-0004,9,6.99,0.05,PLN
SO-2025-007485,2,2025-06-03,2025-06-03,PL-KRK-01,,VM-BIK-0012,1,11809.99,0.0,PLN
SO-2025-007486,1,2025-06-03,2025-06-03,PL-WRO-01,,VM-NUT-0007,12,12.99,0.0,PLN
SO-2025-007487,1,2025-06-03,2025-06-03,PL-WRO-01,C015462,VM-ACC-0003,2,289.99,0.0,PLN
SO-2025-007487,2,2025-06-03,2025-06-03,PL-WRO-01,C015462,VM-BIK-0001,1,13689.99,0.0,PLN
SO-2025-007487,3,2025-06-03,2025-06-03,PL-WRO-01,C015462,VM-NUT-0007,7,12.99,0.0,PLN
SO-2025-007487,4,2025-06-03,2025-06-03,PL-WRO-01,C015462,vm-nut-0002,8,14.99,0.0,PLN
SO-2025-007488,1,2025-06-03,2025-06-03,PL-WRO-01,,VM-ACC-0007,2,359.99,0.0,PLN
SO-2025-007488,2,2025-06-03,2025-06-03,PL-WRO-01,,VM-BIK-0021,1,1249.99,0.0,PLN
SO-2025-007489,1,2025-06-03,2025-06-03,PL-WRO-01,C002372,VM-EBK-0007,1,14699.99,0.0,PLN
SO-2025-007489,2,2025-06-03,2025-06-03,PL-WRO-01,C002372,VM-ACC-0003,1,289.99,0.0,PLN
SO-2025-007490,1,2025-06-03,2025-06-03,PL-WRO-01,C015463,VM-APP-0006,3,309.99,0.0,PLN
SO-2025-007490,2,2025-06-03,2025-06-03,PL-WRO-01,C015463,VM-ACC-0023,1,929.99,0.0,PLN
SO-2025-007491,1,2025-06-03,2025-06-03,PL-GDN-01,C011259,VM-EBK-0010,1,13489.99,0.0,PLN
SO-2025-007492,1,2025-06-03,2025-06-03,PL-GDN-01,C015464,VM-BIK-0012,1,11809.99,0.0,PLN
SO-2025-007492,2,2025-06-03,2025-06-03,PL-GDN-01,C015464,vm-acc-0014,1,109.99,0.0,PLN
SO-2025-007493,1,2025-06-03,2025-06-03,PL-GDN-01,C010671,VM-BIK-0003,1,6539.99,0.0,PLN
SO-2025-007494,1,2025-06-03,2025-06-03,PL-GDN-01,C014492,VM-CMP-0020,2,259.99,0.0,PLN
SO-2025-007495,1,2025-06-03,2025-06-03,PL-GDN-01,C015465,VM-ACC-0018,1,49.99,0.0,PLN
SO-2025-007495,2,2025-06-03,2025-06-03,PL-GDN-01,C015465,vm-bik-0012,1,11809.99,0.0,PLN
SO-2025-007496,1,2025-06-03,2025-06-03,PL-POZ-01,,VM-NUT-0004,9,6.99,0.0,PLN
SO-2025-007496,2,2025-06-03,2025-06-03,PL-POZ-01,,VM-BIK-0007,1,7049.99,0.0,PLN
SO-2025-007497,1,2025-06-03,2025-06-03,PL-POZ-01,C015466,VM-APP-0002,1,439.99,0.0,PLN
SO-2025-007497,2,2025-06-03,2025-06-03,PL-POZ-01,C015466,VM-ACC-0008,1,399.99,0.0,PLN
SO-2025-007497,3,2025-06-03,2025-06-03,PL-POZ-01,C015466,VM-ACC-0007,2,359.99,0.0,PLN
SO-2025-007498,1,2025-06-03,2025-06-03,PL-POZ-01,C012123,VM-ACC-0008,1,399.99,0.0,PLN
SO-2025-007498,2,2025-06-03,2025-06-03,PL-POZ-01,C012123, VM-APP-0012 ,1,869.99,0.0,PLN
SO-2025-007498,3,2025-06-03,2025-06-03,PL-POZ-01,C012123,VM-CMP-0012,1,539.99,0.0,PLN
SO-2025-007499,1,2025-06-03,2025-06-03,PL-POZ-01,,VM-EBK-0007,1,14699.99,0.0,PLN
SO-2025-007499,2,2025-06-03,2025-06-03,PL-POZ-01,, VM-ACC-0008 ,1,399.99,0.0,PLN
SO-2025-007499,3,2025-06-03,2025-06-03,PL-POZ-01,,VM-ACC-0010,1,249.99,0.0,PLN
SO-2025-007500,1,2025-06-03,2025-06-03,PL-POZ-01,C005940,VM-ACC-0018,4,49.99,0.1,PLN
SO-2025-007501,1,2025-06-03,2025-06-03,PL-LDZ-01,C014604,VM-BIK-0021,1,1249.99,0.0,PLN
SO-2025-007501,2,2025-06-03,2025-06-03,PL-LDZ-01,C014604,VM-ACC-0017,2,57.99,0.0,PLN
SO-2025-007502,1,2025-06-03,2025-06-06,PL-WEB-01,C014428,VM-CMP-0020,1,259.99,0.0,PLN
SO-2025-007502,2,2025-06-03,2025-06-06,PL-WEB-01,C014428, VM-ACC-0013 ,1,169.99,0.0,PLN
SO-2025-007503,1,2025-06-03,2025-06-04,PL-WEB-01,C003862,VM-EBK-0011,1,14639.99,0.05,PLN
SO-2025-007504,1,2025-06-03,2025-06-04,PL-WEB-01,C015467,VM-CMP-0019,3,209.99,0.0,PLN
SO-2025-007504,2,2025-06-03,2025-06-04,PL-WEB-01,C015467,VM-ACC-0020,1,809.99,0.05,PLN
SO-2025-007505,1,2025-06-03,2025-06-04,PL-WEB-01,C015468,VM-EBK-0007,1,14699.99,0.0,PLN
SO-2025-007506,1,2025-06-03,2025-06-07,PL-WEB-01,C015469,VM-NUT-0003,11,10.99,0.0,PLN
SO-2025-007506,2,2025-06-03,2025-06-07,PL-WEB-01,C015469,VM-NUT-0002,10,14.99,0.0,PLN
SO-2025-007507,1,2025-06-03,2025-06-06,PL-WEB-01,C014830,VM-BIK-0012,1,11809.99,0.0,PLN
SO-2025-007507,2,2025-06-03,2025-06-06,PL-WEB-01,C014830,VM-ACC-0013,1,169.99,0.0,PLN
SO-2025-007507,3,2025-06-03,2025-06-06,PL-WEB-01,C014830,VM-ACC-0008,1,399.99,0.0,PLN
SO-2025-007508,1,2025-06-03,2025-06-07,PL-WEB-01,C011552,VM-ACC-0023,1,929.99,0.0,PLN
SO-2025-007508,2,2025-06-03,2025-06-07,PL-WEB-01,C011552,VM-NUT-0003,12,10.99,0.0,PLN
SO-2025-007508,3,2025-06-03,2025-06-07,PL-WEB-01,C011552,VM-APP-0017,1,189.99,0.0,PLN
SO-2025-007509,1,2025-06-03,2025-06-05,PL-WEB-01,C003300,VM-NUT-0006,12,9.99,0.0,PLN
SO-2025-007509,2,2025-06-03,2025-06-05,PL-WEB-01,C003300,VM-APP-0020,2,179.99,0.0,PLN
SO-2025-007509,3,2025-06-03,2025-06-05,PL-WEB-01,C003300,VM-NUT-0009,1,84.99,0.0,PLN
SO-2025-007509,4,2025-06-03,2025-06-05,PL-WEB-01,C003300,VM-EBK-0009,1,9909.99,0.0,PLN
SO-2025-007510,1,2025-06-03,2025-06-04,PL-WEB-01,C013966,vm-bik-0005,1,7409.99,0.05,PLN
SO-2025-007511,1,2025-06-03,2025-06-05,PL-WEB-01,C006209,VM-BIK-0009,1,5639.99,0.0,PLN
SO-2025-007512,1,2025-06-03,2025-06-04,PL-WEB-01,C007440,VM-BIK-0007,1,7049.99,0.0,PLN
SO-2025-007512,2,2025-06-03,2025-06-04,PL-WEB-01,C007440,VM-ACC-0008,1,399.99,0.0,PLN
SO-2025-007513,1,2025-06-03,2025-06-06,PL-WEB-01,C014643,VM-BIK-0007,3,7049.99,0.12,PLN
SO-2025-007514,1,2025-06-03,2025-06-05,PL-WEB-01,C011433,VM-NUT-0007,5,12.99,0.0,PLN
SO-2025-007514,2,2025-06-03,2025-06-05,PL-WEB-01,C011433,VM-BIK-0019,1,1209.99,0.0,PLN
SO-2025-007515,1,2025-06-03,2025-06-07,PL-WEB-01,C015279,VM-ACC-0021,1,779.99,0.0,PLN
SO-2025-007516,1,2025-06-03,2025-06-04,PL-WEB-01,C011746,VM-APP-0017,2,189.99,0.05,PLN
SO-2025-007517,1,2025-06-03,2025-06-05,PL-WEB-01,C015470,VM-NUT-0002,5,14.99,0.0,PLN
SO-2025-007518,1,2025-06-03,2025-06-07,PL-WEB-01,C015471,VM-ACC-0020,1,809.99,0.0,PLN
SO-2025-007519,1,2025-06-03,2025-06-04,PL-MKT-01,C015472,VM-NUT-0001,12,8.99,0.0,PLN
SO-2025-007520,1,2025-06-03,2025-06-07,PL-MKT-01,C015473,VM-APP-0005,2,179.99,0.0,PLN
SO-2025-007520,2,2025-06-03,2025-06-07,PL-MKT-01,C015473,VM-BIK-0008,1,5309.99,0.05,PLN
SO-2025-007520,3,2025-06-03,2025-06-07,PL-MKT-01,C015473,VM-BIK-0007,1,7049.99,0.0,PLN
SO-2025-007521,1,2025-06-03,2025-06-07,PL-MKT-01,C015474,VM-NUT-0006,9,9.99,0.05,PLN
SO-2025-007522,1,2025-06-03,2025-06-04,PL-MKT-01,C004443,VM-BIK-0004,1,4269.99,0.0,PLN
SO-2025-007523,1,2025-06-03,2025-06-06,PL-MKT-01,C004298,VM-NUT-0003,12,10.99,0.0,PLN
SO-2025-007523,2,2025-06-03,2025-06-06,PL-MKT-01,C004298,VM-APP-0008,1,159.99,0.0,PLN
SO-2025-007524,1,2025-06-03,2025-06-03,CZ-PRG-01,,VM-BIK-0009,1,32620.0,0.0,CZK
SO-2025-007525,1,2025-06-03,2025-06-03,CZ-PRG-01,,VM-EBK-0003,1,52574.0,0.0,CZK
SO-2025-007526,1,2025-06-03,2025-06-03,CZ-PRG-01,,VM-ACC-0020,1,4685.0,0.05,CZK
SO-2025-007526,2,2025-06-03,2025-06-03,CZ-PRG-01,,VM-ACC-0017,2,335.0,0.0,CZK
SO-2025-007527,1,2025-06-03,2025-06-03,CZ-PRG-01,C001201,VM-NUT-0011,3,312.0,0.05,CZK
SO-2025-007528,1,2025-06-03,2025-06-03,CZ-PRG-01,C014942,VM-ACC-0008,1,2313.0,0.05,CZK
SO-2025-007528,2,2025-06-03,2025-06-03,CZ-PRG-01,C014942,VM-ACC-0012,1,416.0,0.05,CZK
SO-2025-007529,1,2025-06-03,2025-06-03,CZ-BRN-01,,VM-CMP-0017,2,2892.0,0.0,CZK
SO-2025-007530,1,2025-06-03,2025-06-03,CZ-BRN-01,C015475,VM-APP-0010,1,983.0,0.05,CZK
SO-2025-007530,2,2025-06-03,2025-06-03,CZ-BRN-01,C015475,VM-ACC-0008,2,2313.0,0.05,CZK
SO-2025-007530,3,2025-06-03,2025-06-03,CZ-BRN-01,C015475,VM-CMP-0017,2,2892.0,0.05,CZK
SO-2025-007531,1,2025-06-03,2025-06-04,CZ-WEB-01,C015476,VM-APP-0002,3,2545.0,0.0,CZK
SO-2025-007531,2,2025-06-03,2025-06-04,CZ-WEB-01,C015476,VM-ACC-0002,2,3528.0,0.1,CZK
SO-2025-007532,1,2025-06-03,2025-06-05,CZ-WEB-01,C014468,VM-ACC-0017,2,335.0,0.05,CZK
SO-2025-007533,1,2025-06-03,2025-06-05,CZ-WEB-01,C014652,VM-BIK-0019,1,6998.0,0.0,CZK
SO-2025-007533,2,2025-06-03,2025-06-05,CZ-WEB-01,C014652,VM-APP-0002,3,2545.0,0.0,CZK
SO-2025-007534,1,2025-06-03,2025-06-06,CZ-WEB-01,C014468,VM-CMP-0010,1,2256.0,0.05,CZK
SO-2025-007534,2,2025-06-03,2025-06-06,CZ-WEB-01,C014468,VM-EBK-0007,1,85020.0,0.05,CZK
SO-2025-007534,3,2025-06-03,2025-06-06,CZ-WEB-01,C014468,VM-NUT-0009,3,492.0,0.05,CZK
SO-2025-007535,1,2025-06-03,2025-06-05,CZ-WEB-01,C011670,VM-APP-0019,2,382.0,0.05,CZK
SO-2025-007535,2,2025-06-03,2025-06-05,CZ-WEB-01,C011670,VM-CMP-0013,1,3065.0,0.05,CZK
SO-2025-007536,1,2025-06-03,2025-06-03,DE-BER-01,,VM-CMP-0011,1,37.51,0.0,EUR
SO-2025-007537,1,2025-06-03,2025-06-03,DE-BER-01,C006133,VM-CMP-0018,1,14.53,0.0,EUR
SO-2025-007538,1,2025-06-03,2025-06-03,DE-BER-01,C008458,VM-APP-0002,1,103.15,0.05,EUR
SO-2025-007538,2,2025-06-03,2025-06-03,DE-BER-01,C008458,VM-EBK-0010,1,3162.43,0.05,EUR
SO-2025-007539,1,2025-06-03,2025-06-07,DE-WEB-01,C015477,VM-ACC-0009,1,93.77,0.0,EUR
SO-2025-007540,1,2025-06-03,2025-06-07,DE-WEB-01,C007073,VM-NUT-0003,12,2.58,0.0,EUR
SO-2025-007540,2,2025-06-03,2025-06-07,DE-WEB-01,C007073,VM-ACC-0002,1,143.0,0.0,EUR
SO-2025-007541,1,2025-06-03,2025-06-06,DE-WEB-01,C005788,VM-CMP-0013,2,124.24,0.0,EUR
SO-2025-007541,2,2025-06-03,2025-06-06,DE-WEB-01,C005788,VM-BIK-0013,1,1125.25,0.0,EUR
SO-2025-007542,1,2025-06-03,2025-06-06,DE-WEB-01,C008851,VM-EBK-0008,1,3539.86,0.0,EUR
SO-2025-007542,2,2025-06-03,2025-06-06,DE-WEB-01,C008851,VM-ACC-0008,2,93.77,0.0,EUR
SO-2025-007542,3,2025-06-03,2025-06-06,DE-WEB-01,C008851,VM-ACC-0014,1,25.78,0.0,EUR
SO-2025-007543,1,2025-06-03,2025-06-04,DE-WEB-01,C015151,VM-ACC-0020,1,189.88,0.0,EUR
SO-2025-007543,2,2025-06-03,2025-06-04,DE-WEB-01,C015151,VM-EBK-0004,1,2597.46,0.0,EUR
SO-2025-007543,3,2025-06-03,2025-06-04,DE-WEB-01,C015151,VM-APP-0010,2,39.85,0.0,EUR
SO-2025-007544,1,2025-06-03,2025-06-07,DE-WEB-01,C012676,VM-NUT-0011,1,12.66,0.0,EUR
SO-2025-007545,1,2025-06-03,2025-06-07,DE-WEB-01,C015478,VM-NUT-0004,52,1.64,0.12,EUR
SO-2025-007546,1,2025-06-03,2025-06-06,DE-WEB-01,C015479,VM-APP-0013,1,103.15,0.0,EUR
SO-2025-007547,1,2025-06-03,2025-06-05,DE-WEB-01,C005517,VM-BIK-0022,1,328.2,0.0,EUR
SO-2025-007548,1,2025-06-04,2025-06-04,PL-WAW-01,C005520,VM-ACC-0002,1,609.99,0.0,PLN
SO-2025-007549,1,2025-06-04,2025-06-04,PL-WAW-01,C008999,VM-CMP-0017,1,499.99,0.0,PLN
SO-2025-007550,1,2025-06-04,2025-06-04,PL-WAW-01,,VM-BIK-0012,1,11809.99,0.0,PLN
SO-2025-007551,1,2025-06-04,2025-06-04,PL-WAW-01,C015480,VM-BIK-0007,1,7049.99,0.0,PLN
SO-2025-007551,2,2025-06-04,2025-06-04,PL-WAW-01,C015480,VM-ACC-0019,2,49.99,0.0,PLN
SO-2025-007551,3,2025-06-04,2025-06-04,PL-WAW-01,C015480,VM-EBK-0004,1,11079.99,0.0,PLN
SO-2025-007552,1,2025-06-04,2025-06-04,PL-WAW-01,C013772,VM-CMP-0020,3,259.99,0.0,PLN
SO-2025-007552,2,2025-06-04,2025-06-04,PL-WAW-01,C013772,VM-APP-0002,2,439.99,0.0,PLN
SO-2025-007552,3,2025-06-04,2025-06-04,PL-WAW-01,C013772,VM-BIK-0009,1,5639.99,0.0,PLN
SO-2025-007553,1,2025-06-04,2025-06-04,PL-WAW-01,C015481,VM-ACC-0017,1,57.99,0.0,PLN
SO-2025-007554,1,2025-06-04,2025-06-04,PL-WAW-01,C010122,VM-NUT-0007,9,12.99,0.0,PLN
SO-2025-007554,2,2025-06-04,2025-06-04,PL-WAW-01,C010122,VM-BIK-0017,1,1909.99,0.0,PLN
SO-2025-007555,1,2025-06-04,2025-06-04,PL-WAW-01,C011797,VM-NUT-0003,10,10.99,0.0,PLN
SO-2025-007555,2,2025-06-04,2025-06-04,PL-WAW-01,C011797,VM-EBK-0002,1,9949.99,0.0,PLN
SO-2025-007555,3,2025-06-04,2025-06-04,PL-WAW-01,C011797,VM-EBK-0004,1,11079.99,0.0,PLN
SO-2025-007555,4,2025-06-04,2025-06-04,PL-WAW-01,C011797,VM-APP-0011,1,409.99,0.0,PLN
SO-2025-007556,1,2025-06-04,2025-06-04,PL-WAW-01,C014533,VM-ACC-0015,4,349.99,0.1,PLN
SO-2025-007556,2,2025-06-04,2025-06-04,PL-WAW-01,C014533,VM-NUT-0001,30,8.99,0.12,PLN
SO-2025-007556,3,2025-06-04,2025-06-04,PL-WAW-01,C014533,VM-ACC-0005,10,179.99,0.1,PLN
SO-2025-007557,1,2025-06-04,2025-06-04,PL-WAW-01,C015482,VM-APP-0007,2,159.99,0.0,PLN
SO-2025-007557,2,2025-06-04,2025-06-04,PL-WAW-01,C015482,VM-NUT-0001,7,8.99,0.0,PLN
SO-2025-007558,1,2025-06-04,2025-06-04,PL-WAW-01,,VM-BIK-0008,1,5309.99,0.0,PLN
SO-2025-007559,1,2025-06-04,2025-06-04,PL-WAW-01,C015483,VM-CMP-0008,1,439.99,0.0,PLN
SO-2025-007559,2,2025-06-04,2025-06-04,PL-WAW-01,C015483,VM-ACC-0017,2,57.99,0.0,PLN
SO-2025-007559,3,2025-06-04,2025-06-04,PL-WAW-01,C015483,VM-EBK-0004,1,11079.99,0.0,PLN
SO-2025-007559,4,2025-06-04,2025-06-04,PL-WAW-01,C015483, VM-CMP-0013 ,1,529.99,0.0,PLN
SO-2025-007560,1,2025-06-04,2025-06-04,PL-WAW-02,C004978,VM-BIK-0016,1,3589.99,0.0,PLN
SO-2025-007561,1,2025-06-04,2025-06-04,PL-WAW-02,,VM-APP-0007,1,159.99,0.0,PLN
SO-2025-007561,2,2025-06-04,2025-06-04,PL-WAW-02,,VM-ACC-0015,1,349.99,0.0,PLN
SO-2025-007561,3,2025-06-04,2025-06-04,PL-WAW-02,,vm-acc-0018,3,49.99,0.0,PLN
SO-2025-007562,1,2025-06-04,2025-06-04,PL-WAW-02,,VM-APP-0020,2,179.99,0.0,PLN
SO-2025-007563,1,2025-06-04,2025-06-04,PL-WAW-02,C011195,VM-ACC-0019,3,49.99,0.0,PLN
SO-2025-007564,1,2025-06-04,2025-06-04,PL-KRK-01,C013454,VM-CMP-0009,3,349.99,0.1,PLN
SO-2025-007565,1,2025-06-04,2025-06-04,PL-KRK-01,C015484,VM-APP-0013,1,439.99,0.0,PLN
SO-2025-007565,2,2025-06-04,2025-06-04,PL-KRK-01,C015484,VM-APP-0012,1,869.99,0.0,PLN
SO-2025-007565,3,2025-06-04,2025-06-04,PL-KRK-01,C015484,VM-BIK-0012,1,11809.99,0.0,PLN
SO-2025-007566,1,2025-06-04,2025-06-04,PL-KRK-01,C006885,VM-ACC-0008,2,399.99,0.05,PLN
SO-2025-007566,2,2025-06-04,2025-06-04,PL-KRK-01,C006885,VM-CMP-0023,3,58.99,0.05,PLN
SO-2025-007566,3,2025-06-04,2025-06-04,PL-KRK-01,C006885,VM-EBK-0008,1,15099.99,0.05,PLN
SO-2025-007566,4,2025-06-04,2025-06-04,PL-KRK-01,C006885,VM-APP-0012,1,869.99,0.05,PLN
SO-2025-007567,1,2025-06-04,2025-06-04,PL-KRK-01,C009686,VM-ACC-0017,2,57.99,0.0,PLN
SO-2025-007568,1,2025-06-04,2025-06-04,PL-WRO-01,C015485,VM-APP-0018,2,129.99,0.0,PLN
SO-2025-007568,2,2025-06-04,2025-06-04,PL-WRO-01,C015485,VM-ACC-0008,1,399.99,0.0,PLN
SO-2025-007569,1,2025-06-04,2025-06-04,PL-WRO-01,C002719,VM-APP-0004,2,239.99,0.0,PLN
SO-2025-007569,2,2025-06-04,2025-06-04,PL-WRO-01,C002719,VM-CMP-0008,1,439.99,0.0,PLN
SO-2025-007570,1,2025-06-04,2025-06-04,PL-WRO-01,C011550,VM-BIK-0012,1,11809.99,0.0,PLN
SO-2025-007571,1,2025-06-04,2025-06-04,PL-WRO-01,,VM-BIK-0013,1,4799.99,0.0,PLN
SO-2025-007572,1,2025-06-04,2025-06-04,PL-WRO-01,C015486,VM-ACC-0022,1,1569.99,0.0,PLN
SO-2025-007573,1,2025-06-04,2025-06-04,PL-GDN-01,C015487,VM-ACC-0018,2,49.99,0.0,PLN
SO-2025-007574,1,2025-06-04,2025-06-04,PL-GDN-01,,VM-CMP-0016,1,2459.99,0.0,PLN
SO-2025-007574,2,2025-06-04,2025-06-04,PL-GDN-01,,VM-NUT-0003,3,10.99,0.0,PLN
SO-2025-007575,1,2025-06-04,2025-06-04,PL-GDN-01,C015488,VM-EBK-0004,1,11079.99,0.0,PLN
SO-2025-007576,1,2025-06-04,2025-06-04,PL-POZ-01,C015489,VM-NUT-0004,4,6.99,0.0,PLN
SO-2025-007577,1,2025-06-04,2025-06-04,PL-POZ-01,C011515,VM-BIK-0007,1,7049.99,0.0,PLN
SO-2025-007577,2,2025-06-04,2025-06-04,PL-POZ-01,C011515,VM-ACC-0004,2,779.99,0.0,PLN
SO-2025-007577,3,2025-06-04,2025-06-04,PL-POZ-01,C011515,VM-ACC-0008,1,399.99,0.0,PLN
SO-2025-007578,1,2025-06-04,2025-06-04,PL-POZ-01,C010376,VM-BIK-0007,1,7049.99,0.05,PLN
SO-2025-007579,1,2025-06-04,2025-06-04,PL-LDZ-01,C015490,VM-BIK-0011,1,8649.99,0.0,PLN
SO-2025-007579,2,2025-06-04,2025-06-04,PL-LDZ-01,C015490,VM-APP-0002,1,439.99,0.0,PLN
SO-2025-007579,3,2025-06-04,2025-06-04,PL-LDZ-01,C015490,VM-BIK-0017,1,1909.99,0.0,PLN
SO-2025-007579,4,2025-06-04,2025-06-04,PL-LDZ-01,C015490,VM-BIK-0019,1,1209.99,0.0,PLN
SO-2025-007580,1,2025-06-04,2025-06-08,PL-WEB-01,C015491,VM-NUT-0003,6,10.99,0.0,PLN
SO-2025-007580,2,2025-06-04,2025-06-08,PL-WEB-01,C015491,VM-APP-0009,1,349.99,0.0,PLN
SO-2025-007581,1,2025-06-04,2025-06-08,PL-WEB-01,C015492,VM-ACC-0017,2,57.99,0.0,PLN
SO-2025-007582,1,2025-06-04,2025-06-06,PL-WEB-01,C009264,VM-CMP-0001,2,399.99,0.0,PLN
SO-2025-007582,2,2025-06-04,2025-06-06,PL-WEB-01,C009264,vm-app-0002,1,439.99,0.0,PLN
SO-2025-007582,3,2025-06-04,2025-06-06,PL-WEB-01,C009264,VM-EBK-0008,1,15099.99,0.0,PLN
SO-2025-007583,1,2025-06-04,2025-06-06,PL-WEB-01,C010454,VM-BIK-0017,1,1909.99,0.0,PLN
SO-2025-007584,1,2025-06-04,2025-06-07,PL-WEB-01,C013636,VM-EBK-0003,1,9089.99,0.05,PLN
SO-2025-007585,1,2025-06-04,2025-06-05,PL-WEB-01,C014660,VM-ACC-0017,3,57.99,0.0,PLN
SO-2025-007586,1,2025-06-04,2025-06-07,PL-WEB-01,C010727,VM-CMP-0006,2,199.99,0.05,PLN
SO-2025-007587,1,2025-06-04,2025-06-06,PL-WEB-01,C005614,VM-CMP-0004,1,719.99,0.0,PLN
SO-2025-007588,1,2025-06-04,2025-06-06,PL-WEB-01,C015493,VM-BIK-0003,1,6539.99,0.0,PLN
SO-2025-007589,1,2025-06-04,2025-06-08,PL-WEB-01,C015494,VM-APP-0005,3,179.99,0.05,PLN
SO-2025-007590,1,2025-06-04,2025-06-05,PL-WEB-01,C014575,VM-BIK-0013,1,4799.99,0.05,PLN
SO-2025-007591,1,2025-06-04,2025-06-05,PL-WEB-01,C004748,VM-CMP-0005,1,1479.99,0.0,PLN
SO-2025-007592,1,2025-06-04,2025-06-05,PL-WEB-01,C014408,VM-ACC-0021,1,779.99,0.05,PLN
SO-2025-007592,2,2025-06-04,2025-06-05,PL-WEB-01,C014408,VM-BIK-0020,1,1209.99,0.05,PLN
SO-2025-007592,3,2025-06-04,2025-06-05,PL-WEB-01,C014408,VM-NUT-0003,12,10.99,0.05,PLN
SO-2025-007592,4,2025-06-04,2025-06-05,PL-WEB-01,C014408,VM-ACC-0002,2,609.99,0.05,PLN
SO-2025-007593,1,2025-06-04,2025-06-06,PL-WEB-01,C015495,VM-ACC-0020,1,809.99,0.0,PLN
SO-2025-007593,2,2025-06-04,2025-06-06,PL-WEB-01,C015495,VM-ACC-0008,1,399.99,0.0,PLN
SO-2025-007594,1,2025-06-04,2025-06-07,PL-WEB-01,C010232,VM-CMP-0017,2,499.99,0.1,PLN
SO-2025-007594,2,2025-06-04,2025-06-07,PL-WEB-01,C010232,VM-APP-0002,2,439.99,0.0,PLN
SO-2025-007594,3,2025-06-04,2025-06-07,PL-WEB-01,C010232,VM-NUT-0004,14,6.99,0.0,PLN
SO-2025-007594,4,2025-06-04,2025-06-07,PL-WEB-01,C010232,VM-APP-0012,1,869.99,0.0,PLN
SO-2025-007595,1,2025-06-04,2025-06-07,PL-WEB-01,C013041,VM-ACC-0014,3,109.99,0.1,PLN
SO-2025-007595,2,2025-06-04,2025-06-07,PL-WEB-01,C013041,VM-CMP-0013,8,529.99,0.1,PLN
SO-2025-007596,1,2025-06-04,2025-06-05,PL-WEB-01,C015054,VM-ACC-0008,1,399.99,0.0,PLN
SO-2025-007597,1,2025-06-04,2025-06-08,PL-WEB-01,C015496,VM-ACC-0023,1,929.99,0.0,PLN
SO-2025-007598,1,2025-06-04,2025-06-05,PL-WEB-01,C005661,VM-NUT-0001,5,8.99,0.05,PLN
SO-2025-007598,2,2025-06-04,2025-06-05,PL-WEB-01,C005661,VM-ACC-0018,1,49.99,0.05,PLN
SO-2025-007599,1,2025-06-04,2025-06-06,PL-WEB-01,C014614,VM-CMP-0010,2,389.99,0.0,PLN
SO-2025-007600,1,2025-06-04,2025-06-05,PL-WEB-01,C015497,VM-ACC-0013,1,169.99,0.0,PLN
SO-2025-007600,2,2025-06-04,2025-06-05,PL-WEB-01,C015497,vm-bik-0019,1,1209.99,0.0,PLN
SO-2025-007601,1,2025-06-04,2025-06-08,PL-WEB-01,C015498,VM-ACC-0004,2,779.99,0.0,PLN
SO-2025-007602,1,2025-06-04,2025-06-08,PL-WEB-01,C014154,VM-ACC-0020,1,809.99,0.0,PLN
SO-2025-007602,2,2025-06-04,2025-06-08,PL-WEB-01,C014154,VM-APP-0010,2,169.99,0.0,PLN
SO-2025-007603,1,2025-06-04,2025-06-05,PL-WEB-01,C007222,VM-ACC-0014,1,109.99,0.0,PLN
SO-2025-007604,1,2025-06-04,2025-06-05,PL-MKT-01,C011264,VM-ACC-0007,1,359.99,0.0,PLN
SO-2025-007605,1,2025-06-04,2025-06-05,PL-MKT-01,C015499,VM-EBK-0004,1,11079.99,0.0,PLN
SO-2025-007606,1,2025-06-04,2025-06-06,PL-MKT-01,C014155,VM-BIK-0007,1,7049.99,0.0,PLN
SO-2025-007607,1,2025-06-04,2025-06-06,PL-MKT-01,C008410,VM-BIK-0021,1,1249.99,0.0,PLN
SO-2025-007607,2,2025-06-04,2025-06-06,PL-MKT-01,C008410,VM-ACC-0014,1,109.99,0.0,PLN
SO-2025-007608,1,2025-06-04,2025-06-04,CZ-PRG-01,,VM-BIK-0005,1,42857.0,0.0,CZK
SO-2025-007608,2,2025-06-04,2025-06-04,CZ-PRG-01,,VM-BIK-0020,1,6998.0,0.0,CZK
SO-2025-007609,1,2025-06-04,2025-06-04,CZ-PRG-01,C015500,VM-BIK-0012,1,68305.0,0.05,CZK
SO-2025-007610,1,2025-06-04,2025-06-04,CZ-PRG-01,,VM-APP-0006,2,1793.0,0.0,CZK
SO-2025-007611,1,2025-06-04,2025-06-04,CZ-PRG-01,C013676,VM-ACC-0011,10,416.0,0.08,CZK
SO-2025-007611,2,2025-06-04,2025-06-04,CZ-PRG-01,C013676,VM-BIK-0012,5,68305.0,0.1,CZK
SO-2025-007612,1,2025-06-04,2025-06-07,CZ-WEB-01,C015501,VM-EBK-0007,1,85020.0,0.0,CZK
SO-2025-007612,2,2025-06-04,2025-06-07,CZ-WEB-01,C015501,VM-ACC-0014,1,636.0,0.0,CZK
SO-2025-007613,1,2025-06-04,2025-06-07,CZ-WEB-01,C010199,VM-CMP-0002,1,3239.0,0.0,CZK
SO-2025-007613,2,2025-06-04,2025-06-07,CZ-WEB-01,C010199,vm-bik-0007,1,40775.0,0.0,CZK
SO-2025-007614,1,2025-06-04,2025-06-06,CZ-WEB-01,C015502,VM-CMP-0013,2,3065.0,0.0,CZK
SO-2025-007614,2,2025-06-04,2025-06-06,CZ-WEB-01,C015502,VM-ACC-0019,1,289.0,0.0,CZK
SO-2025-007615,1,2025-06-04,2025-06-07,CZ-WEB-01,C013823,VM-NUT-0002,3,87.0,0.05,CZK
SO-2025-007616,1,2025-06-04,2025-06-06,CZ-WEB-01,C006630,VM-NUT-0004,24,40.0,0.08,CZK
SO-2025-007616,2,2025-06-04,2025-06-06,CZ-WEB-01,C006630,VM-CMP-0014,3,2487.0,0.12,CZK
SO-2025-007617,1,2025-06-04,2025-06-08,CZ-WEB-01,C010876,VM-ACC-0008,1,2313.0,0.0,CZK
SO-2025-007618,1,2025-06-04,2025-06-07,CZ-WEB-01,C013908,VM-BIK-0009,5,32620.0,0.12,CZK
SO-2025-007618,2,2025-06-04,2025-06-07,CZ-WEB-01,C013908,VM-APP-0011,6,2371.0,0.12,CZK
SO-2025-007619,1,2025-06-04,2025-06-04,DE-BER-01,C008731,VM-CMP-0008,1,103.15,0.0,EUR
SO-2025-007619,2,2025-06-04,2025-06-04,DE-BER-01,C008731,VM-BIK-0021,1,293.03,0.0,EUR
SO-2025-007620,1,2025-06-04,2025-06-04,DE-BER-01,,VM-NUT-0002,7,3.51,0.0,EUR
SO-2025-007621,1,2025-06-04,2025-06-04,DE-BER-01,,VM-BIK-0012,1,2768.59,0.0,EUR
SO-2025-007622,1,2025-06-04,2025-06-08,DE-WEB-01,C007293,VM-ACC-0008,1,93.77,0.0,EUR
SO-2025-007622,2,2025-06-04,2025-06-08,DE-WEB-01,C007293,VM-CMP-0013,2,124.24,0.0,EUR
SO-2025-007623,1,2025-06-04,2025-06-05,DE-WEB-01,C005326,VM-BIK-0015,1,724.38,0.05,EUR
SO-2025-007623,2,2025-06-04,2025-06-05,DE-WEB-01,C005326,VM-ACC-0008,1,93.77,0.1,EUR
SO-2025-007624,1,2025-06-04,2025-06-06,DE-WEB-01,C007136,VM-CMP-0017,2,117.21,0.05,EUR
SO-2025-007624,2,2025-06-04,2025-06-06,DE-WEB-01,C007136,VM-NUT-0009,1,19.92,0.05,EUR
SO-2025-007624,3,2025-06-04,2025-06-06,DE-WEB-01,C007136,VM-APP-0003,1,72.67,0.05,EUR
SO-2025-007625,1,2025-06-04,2025-06-08,DE-WEB-01,C015503,VM-BIK-0010,1,1481.58,0.0,EUR
SO-2025-007625,2,2025-06-04,2025-06-08,DE-WEB-01,C015503,VM-CMP-0005,2,346.95,0.0,EUR
SO-2025-007626,1,2025-06-04,2025-06-08,DE-WEB-01,C014048,VM-APP-0006,1,72.67,0.0,EUR
SO-2025-007627,1,2025-06-04,2025-06-08,DE-WEB-01,C004022,VM-ACC-0011,2,16.88,0.05,EUR
SO-2025-007627,2,2025-06-04,2025-06-08,DE-WEB-01,C004022,VM-BIK-0007,1,1652.72,0.05,EUR
SO-2025-007627,3,2025-06-04,2025-06-08,DE-WEB-01,C004022,VM-ACC-0007,1,84.39,0.05,EUR
SO-2025-007628,1,2025-06-05,2025-06-05,PL-WAW-01,C015504,VM-NUT-0009,1,84.99,0.05,PLN
SO-2025-007628,2,2025-06-05,2025-06-05,PL-WAW-01,C015504,VM-CMP-0013,1,529.99,0.05,PLN
SO-2025-007629,1,2025-06-05,2025-06-05,PL-WAW-01,,VM-APP-0013,1,439.99,0.0,PLN
SO-2025-007630,1,2025-06-05,2025-06-05,PL-WAW-01,C005940,VM-BIK-0006,4,6589.99,0.12,PLN
SO-2025-007630,2,2025-06-05,2025-06-05,PL-WAW-01,C005940,vm-cmp-0002,5,559.99,0.08,PLN
SO-2025-007631,1,2025-06-05,2025-06-05,PL-WAW-01,,VM-EBK-0011,1,14639.99,0.0,PLN
SO-2025-007632,1,2025-06-05,2025-06-05,PL-WAW-02,C000700,VM-ACC-0014,1,109.99,0.1,PLN
SO-2025-007633,1,2025-06-05,2025-06-05,PL-WAW-02,,VM-BIK-0019,1,1209.99,0.0,PLN
SO-2025-007634,1,2025-06-05,2025-06-05,PL-WAW-02,C008397,VM-CMP-0013,1,529.99,0.0,PLN
SO-2025-007634,2,2025-06-05,2025-06-05,PL-WAW-02,C008397,VM-BIK-0021,1,1249.99,0.05,PLN
SO-2025-007634,3,2025-06-05,2025-06-05,PL-WAW-02,C008397,VM-BIK-0020,1,1209.99,0.0,PLN
SO-2025-007634,4,2025-06-05,2025-06-05,PL-WAW-02,C008397,VM-EBK-0011,1,14639.99,0.0,PLN
SO-2025-007635,1,2025-06-05,2025-06-05,PL-WAW-02,,VM-NUT-0002,10,14.99,0.0,PLN
SO-2025-007635,2,2025-06-05,2025-06-05,PL-WAW-02,,VM-ACC-0013,1,169.99,0.0,PLN
SO-2025-007635,3,2025-06-05,2025-06-05,PL-WAW-02,,VM-ACC-0010,1,249.99,0.0,PLN
SO-2025-007635,4,2025-06-05,2025-06-05,PL-WAW-02,,VM-ACC-0008,2,399.99,0.0,PLN
SO-2025-007636,1,2025-06-05,2025-06-05,PL-WAW-02,C013952,VM-BIK-0004,1,4269.99,0.0,PLN
SO-2025-007636,2,2025-06-05,2025-06-05,PL-WAW-02,C013952,VM-ACC-0003,1,289.99,0.0,PLN
SO-2025-007636,3,2025-06-05,2025-06-05,PL-WAW-02,C013952,VM-ACC-0009,2,399.99,0.0,PLN
SO-2025-007637,1,2025-06-05,2025-06-05,PL-WAW-02,C015505,VM-BIK-0020,1,1209.99,0.0,PLN
SO-2025-007638,1,2025-06-05,2025-06-05,PL-KRK-01,,VM-CMP-0005,1,1479.99,0.0,PLN
SO-2025-007638,2,2025-06-05,2025-06-05,PL-KRK-01,,VM-BIK-0003,1,6539.99,0.1,PLN
SO-2025-007639,1,2025-06-05,2025-06-05,PL-KRK-01,C015506,VM-BIK-0002,1,9629.99,0.0,PLN
SO-2025-007640,1,2025-06-05,2025-06-05,PL-KRK-01,C015507,VM-APP-0002,3,439.99,0.0,PLN
SO-2025-007641,1,2025-06-05,2025-06-05,PL-WRO-01,C004292, VM-BIK-0020 ,1,1209.99,0.0,PLN
SO-2025-007642,1,2025-06-05,2025-06-05,PL-WRO-01,C005126,VM-BIK-0008,1,5309.99,0.0,PLN
SO-2025-007643,1,2025-06-05,2025-06-05,PL-WRO-01,,VM-NUT-0002,12,14.99,0.0,PLN
SO-2025-007643,2,2025-06-05,2025-06-05,PL-WRO-01,,VM-APP-0020,1,179.99,0.0,PLN
SO-2025-007643,3,2025-06-05,2025-06-05,PL-WRO-01,,VM-BIK-0001,1,13689.99,0.0,PLN
SO-2025-007643,4,2025-06-05,2025-06-05,PL-WRO-01,,VM-BIK-0011,1,8649.99,0.0,PLN
SO-2025-007644,1,2025-06-05,2025-06-05,PL-WRO-01,,VM-ACC-0002,2,609.99,0.0,PLN
SO-2025-007645,1,2025-06-05,2025-06-05,PL-WRO-01,C004670,VM-BIK-0020,1,1209.99,0.0,PLN
SO-2025-007646,1,2025-06-05,2025-06-05,PL-WRO-01,,VM-ACC-0007,1,359.99,0.0,PLN
SO-2025-007646,2,2025-06-05,2025-06-05,PL-WRO-01,,VM-APP-0002,1,439.99,0.0,PLN
SO-2025-007647,1,2025-06-05,2025-06-05,PL-POZ-01,C013054,VM-BIK-0022,1,1399.99,0.0,PLN
SO-2025-007647,2,2025-06-05,2025-06-05,PL-POZ-01,C013054,vm-ebk-0010,1,13489.99,0.0,PLN
SO-2025-007647,3,2025-06-05,2025-06-05,PL-POZ-01,C013054,VM-ACC-0017,2,57.99,0.0,PLN
SO-2025-007648,1,2025-06-05,2025-06-05,PL-LDZ-01,,VM-CMP-0004,1,719.99,0.0,PLN
SO-2025-007648,2,2025-06-05,2025-06-05,PL-LDZ-01,,VM-EBK-0011,1,14639.99,0.0,PLN
SO-2025-007648,3,2025-06-05,2025-06-05,PL-LDZ-01,,VM-ACC-0015,1,349.99,0.0,PLN
SO-2025-007649,1,2025-06-05,2025-06-09,PL-WEB-01,C011144,VM-CMP-0006,2,199.99,0.0,PLN
SO-2025-007650,1,2025-06-05,2025-06-08,PL-WEB-01,C005314,VM-CMP-0009,2,349.99,0.0,PLN
SO-2025-007651,1,2025-06-05,2025-06-09,PL-WEB-01,C015508,VM-APP-0006,2,309.99,0.0,PLN
SO-2025-007651,2,2025-06-05,2025-06-09,PL-WEB-01,C015508,VM-ACC-0017,2,57.99,0.1,PLN
SO-2025-007652,1,2025-06-05,2025-06-09,PL-WEB-01,C000627,vm-acc-0001,1,379.99,0.0,PLN
SO-2025-007652,2,2025-06-05,2025-06-09,PL-WEB-01,C000627,VM-ACC-0010,1,249.99,0.0,PLN
SO-2025-007653,1,2025-06-05,2025-06-06,PL-WEB-01,C006110,VM-ACC-0007,2,359.99,0.0,PLN
SO-2025-007654,1,2025-06-05,2025-06-06,PL-WEB-01,C015509,VM-CMP-0017,2,499.99,0.0,PLN
SO-2025-007654,2,2025-06-05,2025-06-06,PL-WEB-01,C015509,VM-NUT-0001,4,8.99,0.0,PLN
SO-2025-007654,3,2025-06-05,2025-06-06,PL-WEB-01,C015509,VM-ACC-0008,1,399.99,0.0,PLN
SO-2025-007654,4,2025-06-05,2025-06-06,PL-WEB-01,C015509,VM-ACC-0013,1,169.99,0.0,PLN
SO-2025-007655,1,2025-06-05,2025-06-08,PL-WEB-01,C015510,VM-ACC-0014,1,109.99,0.0,PLN
SO-2025-007655,2,2025-06-05,2025-06-08,PL-WEB-01,C015510,VM-APP-0020,2,179.99,0.0,PLN
SO-2025-007656,1,2025-06-05,2025-06-07,PL-WEB-01,C008028,VM-BIK-0007,1,7049.99,0.05,PLN
SO-2025-007657,1,2025-06-05,2025-06-09,PL-WEB-01,C015511,VM-ACC-0017,3,57.99,0.0,PLN
SO-2025-007657,2,2025-06-05,2025-06-09,PL-WEB-01,C015511,VM-ACC-0014,1,109.99,0.0,PLN
SO-2025-007658,1,2025-06-05,2025-06-06,PL-WEB-01,C006701,VM-BIK-0011,1,8649.99,0.0,PLN
SO-2025-007658,2,2025-06-05,2025-06-06,PL-WEB-01,C006701,VM-ACC-0017,2,57.99,0.0,PLN
SO-2025-007659,1,2025-06-05,2025-06-06,PL-WEB-01,C011800,VM-CMP-0011,1,159.99,0.0,PLN
SO-2025-007660,1,2025-06-05,2025-06-07,PL-WEB-01,C007839,VM-EBK-0006,1,20139.99,0.0,PLN
SO-2025-007660,2,2025-06-05,2025-06-07,PL-WEB-01,C007839,VM-ACC-0018,3,49.99,0.0,PLN
SO-2025-007660,3,2025-06-05,2025-06-07,PL-WEB-01,C007839,VM-ACC-0017,1,57.99,0.0,PLN
SO-2025-007661,1,2025-06-05,2025-06-06,PL-WEB-01,C015512,VM-EBK-0004,1,11079.99,0.0,PLN
SO-2025-007661,2,2025-06-05,2025-06-06,PL-WEB-01,C015512,VM-CMP-0013,1,529.99,0.0,PLN
SO-2025-007662,1,2025-06-05,2025-06-08,PL-MKT-01,C015513,VM-ACC-0013,1,169.99,0.0,PLN
SO-2025-007663,1,2025-06-05,2025-06-06,PL-MKT-01,C015514,VM-NUT-0001,8,8.99,0.0,PLN
SO-2025-007663,2,2025-06-05,2025-06-06,PL-MKT-01,C015514,VM-BIK-0015,1,3089.99,0.0,PLN
SO-2025-007663,3,2025-06-05,2025-06-06,PL-MKT-01,C015514,VM-BIK-0017,1,1909.99,0.0,PLN
SO-2025-007664,1,2025-06-05,2025-06-06,PL-MKT-01,C015515,VM-EBK-0009,1,9909.99,0.05,PLN
SO-2025-007664,2,2025-06-05,2025-06-06,PL-MKT-01,C015515,VM-ACC-0006,2,949.99,0.05,PLN
SO-2025-007664,3,2025-06-05,2025-06-06,PL-MKT-01,C015515,VM-ACC-0018,3,49.99,0.05,PLN
SO-2025-007664,4,2025-06-05,2025-06-06,PL-MKT-01,C015515,VM-ACC-0002,2,609.99,0.05,PLN
SO-2025-007665,1,2025-06-05,2025-06-09,PL-MKT-01,C001921,VM-CMP-0012,2,539.99,0.0,PLN
SO-2025-007665,2,2025-06-05,2025-06-09,PL-MKT-01,C001921,VM-BIK-0013,1,4799.99,0.0,PLN
SO-2025-007665,3,2025-06-05,2025-06-09,PL-MKT-01,C001921,VM-APP-0002,2,439.99,0.1,PLN
SO-2025-007666,1,2025-06-05,2025-06-07,PL-MKT-01,C015516,VM-BIK-0009,1,5639.99,0.0,PLN
SO-2025-007666,2,2025-06-05,2025-06-07,PL-MKT-01,C015516,VM-NUT-0006,3,9.99,0.0,PLN
SO-2025-007667,1,2025-06-05,2025-06-05,CZ-PRG-01,,VM-APP-0006,1,1793.0,0.0,CZK
SO-2025-007668,1,2025-06-05,2025-06-05,CZ-PRG-01,C006580,VM-BIK-0019,1,6998.0,0.0,CZK
SO-2025-007669,1,2025-06-05,2025-06-05,CZ-BRN-01,C015517,VM-BIK-0017,1,11047.0,0.05,CZK
SO-2025-007669,2,2025-06-05,2025-06-05,CZ-BRN-01,C015517,VM-BIK-0009,1,32620.0,0.05,CZK
SO-2025-007669,3,2025-06-05,2025-06-05,CZ-BRN-01,C015517,VM-CMP-0005,1,8560.0,0.05,CZK
SO-2025-007669,4,2025-06-05,2025-06-05,CZ-BRN-01,C015517,VM-BIK-0008,1,30711.0,0.05,CZK
SO-2025-007670,1,2025-06-05,2025-06-05,CZ-BRN-01,C015518,VM-NUT-0006,12,58.0,0.0,CZK
SO-2025-007670,2,2025-06-05,2025-06-05,CZ-BRN-01,C015518,VM-ACC-0007,2,2082.0,0.0,CZK
SO-2025-007670,3,2025-06-05,2025-06-05,CZ-BRN-01,C015518,VM-EBK-0002,1,57548.0,0.0,CZK
SO-2025-007671,1,2025-06-05,2025-06-05,CZ-BRN-01,C015296,VM-APP-0013,1,2545.0,0.0,CZK
SO-2025-007672,1,2025-06-05,2025-06-05,CZ-BRN-01,,VM-ACC-0002,1,3528.0,0.0,CZK
SO-2025-007672,2,2025-06-05,2025-06-05,CZ-BRN-01,,VM-NUT-0004,14,40.0,0.0,CZK
SO-2025-007673,1,2025-06-05,2025-06-06,CZ-WEB-01,C015519,VM-EBK-0007,1,85020.0,0.0,CZK
SO-2025-007674,1,2025-06-05,2025-06-06,CZ-WEB-01,C015520,VM-ACC-0021,1,4511.0,0.0,CZK
SO-2025-007675,1,2025-06-05,2025-06-06,CZ-WEB-01,C012506,VM-BIK-0012,1,68305.0,0.0,CZK
SO-2025-007676,1,2025-06-05,2025-06-07,CZ-WEB-01,C015521,VM-BIK-0003,1,37825.0,0.0,CZK
SO-2025-007677,1,2025-06-05,2025-06-08,CZ-WEB-01,C015522,VM-ACC-0008,2,2313.0,0.0,CZK
SO-2025-007678,1,2025-06-05,2025-06-07,CZ-WEB-01,C015225,VM-CMP-0005,2,8560.0,0.0,CZK
SO-2025-007679,1,2025-06-05,2025-06-05,DE-BER-01,C015523,VM-APP-0002,3,103.15,0.0,EUR
SO-2025-007680,1,2025-06-05,2025-06-05,DE-BER-01,,VM-ACC-0018,3,11.72,0.0,EUR
SO-2025-007680,2,2025-06-05,2025-06-05,DE-BER-01,,VM-CMP-0017,2,117.21,0.0,EUR
SO-2025-007681,1,2025-06-05,2025-06-05,DE-BER-01,C012186,VM-APP-0002,1,103.15,0.0,EUR
SO-2025-007681,2,2025-06-05,2025-06-05,DE-BER-01,C012186,VM-ACC-0009,2,93.77,0.0,EUR
SO-2025-007681,3,2025-06-05,2025-06-05,DE-BER-01,C012186,VM-ACC-0018,3,11.72,0.0,EUR
SO-2025-007682,1,2025-06-05,2025-06-05,DE-BER-01,C015524,VM-BIK-0001,1,3209.32,0.0,EUR
SO-2025-007683,1,2025-06-05,2025-06-06,DE-WEB-01,C015525,VM-CMP-0017,1,117.21,0.0,EUR
SO-2025-007684,1,2025-06-05,2025-06-09,DE-WEB-01,C015526,VM-APP-0010,2,39.85,0.0,EUR
SO-2025-007685,1,2025-06-05,2025-06-08,DE-WEB-01,C006551,VM-APP-0010,1,39.85,0.05,EUR
SO-2025-007686,1,2025-06-05,2025-06-06,DE-WEB-01,C012821,VM-APP-0014,1,114.87,0.1,EUR
SO-2025-007686,2,2025-06-05,2025-06-06,DE-WEB-01,C012821,VM-CMP-0016,1,576.69,0.05,EUR
SO-2025-007687,1,2025-06-05,2025-06-06,DE-WEB-01,C014385,VM-ACC-0020,1,189.88,0.0,EUR
SO-2025-007687,2,2025-06-05,2025-06-06,DE-WEB-01,C014385,VM-APP-0006,2,72.67,0.0,EUR
SO-2025-007687,3,2025-06-05,2025-06-06,DE-WEB-01,C014385,VM-BIK-0013,1,1125.25,0.0,EUR
SO-2025-007687,4,2025-06-05,2025-06-06,DE-WEB-01,C014385,VM-EBK-0003,1,2130.95,0.0,EUR
SO-2025-007688,1,2025-06-06,2025-06-06,PL-WAW-01,C015527,VM-BIK-0004,1,4269.99,0.0,PLN
SO-2025-007689,1,2025-06-06,2025-06-06,PL-WAW-01,C015528,VM-APP-0003,2,309.99,0.0,PLN
SO-2025-007689,2,2025-06-06,2025-06-06,PL-WAW-01,C015528,VM-APP-0002,1,439.99,0.0,PLN
SO-2025-007690,1,2025-06-06,2025-06-06,PL-WAW-01,C013962,VM-NUT-0009,2,84.99,0.0,PLN
SO-2025-007690,2,2025-06-06,2025-06-06,PL-WAW-01,C013962,VM-ACC-0005,2,179.99,0.0,PLN
SO-2025-007691,1,2025-06-06,2025-06-06,PL-WAW-01,C011673,VM-APP-0013,1,439.99,0.0,PLN
SO-2025-007691,2,2025-06-06,2025-06-06,PL-WAW-01,C011673,VM-ACC-0007,1,359.99,0.0,PLN
SO-2025-007692,1,2025-06-06,2025-06-06,PL-WAW-01,C006861,VM-ACC-0015,1,349.99,0.0,PLN
SO-2025-007692,2,2025-06-06,2025-06-06,PL-WAW-01,C006861,VM-NUT-0006,5,9.99,0.0,PLN
SO-2025-007692,3,2025-06-06,2025-06-06,PL-WAW-01,C006861,VM-CMP-0017,2,499.99,0.0,PLN
SO-2025-007693,1,2025-06-06,2025-06-06,PL-WAW-01,,VM-ACC-0013,1,169.99,0.0,PLN
SO-2025-007694,1,2025-06-06,2025-06-06,PL-WAW-02,C015529,VM-CMP-0005,2,1479.99,0.12,PLN
SO-2025-007695,1,2025-06-06,2025-06-06,PL-WAW-02,C007699,VM-BIK-0001,1,13689.99,0.0,PLN
SO-2025-007695,2,2025-06-06,2025-06-06,PL-WAW-02,C007699,VM-NUT-0002,14,14.99,0.0,PLN
SO-2025-007696,1,2025-06-06,2025-06-06,PL-WAW-02,C015530,VM-APP-0005,3,179.99,0.05,PLN
SO-2025-007697,1,2025-06-06,2025-06-06,PL-WAW-02,C015531,VM-ACC-0014,1,109.99,0.0,PLN
SO-2025-007697,2,2025-06-06,2025-06-06,PL-WAW-02,C015531,VM-CMP-0006,2,199.99,0.0,PLN
SO-2025-007698,1,2025-06-06,2025-06-06,PL-WAW-02,C015532,VM-ACC-0013,1,169.99,0.0,PLN
SO-2025-007699,1,2025-06-06,2025-06-06,PL-KRK-01,C014406,VM-APP-0008,1,159.99,0.0,PLN
SO-2025-007700,1,2025-06-06,2025-06-06,PL-KRK-01,C008913,VM-BIK-0012,1,11809.99,0.0,PLN
SO-2025-007701,1,2025-06-06,2025-06-06,PL-KRK-01,,VM-NUT-0007,5,12.99,0.0,PLN
SO-2025-007701,2,2025-06-06,2025-06-06,PL-KRK-01,,VM-ACC-0008,1,399.99,0.0,PLN
SO-2025-007702,1,2025-06-06,2025-06-06,PL-KRK-01,,VM-ACC-0017,1,57.99,0.0,PLN
SO-2025-007703,1,2025-06-06,2025-06-06,PL-KRK-01,C011498,VM-EBK-0007,1,14699.99,0.0,PLN
SO-2025-007703,2,2025-06-06,2025-06-06,PL-KRK-01,C011498,VM-EBK-0002,1,9949.99,0.0,PLN
SO-2025-007704,1,2025-06-06,2025-06-06,PL-KRK-01,,VM-ACC-0007,1,359.99,0.0,PLN
SO-2025-007705,1,2025-06-06,2025-06-06,PL-KRK-01,C015533,VM-NUT-0004,5,6.99,0.0,PLN
SO-2025-007706,1,2025-06-06,2025-06-06,PL-KRK-01,C005290,VM-APP-0020,1,179.99,0.0,PLN
SO-2025-007707,1,2025-06-06,2025-06-06,PL-KRK-01,C015534,VM-EBK-0002,1,9949.99,0.0,PLN
SO-2025-007708,1,2025-06-06,2025-06-06,PL-KRK-01,C015535,VM-EBK-0003,1,9089.99,0.0,PLN
SO-2025-007708,2,2025-06-06,2025-06-06,PL-KRK-01,C015535,VM-BIK-0012,1,11809.99,0.0,PLN
SO-2025-007709,1,2025-06-06,2025-06-06,PL-WRO-01,,VM-NUT-0001,14,8.99,0.0,PLN
SO-2025-007710,1,2025-06-06,2025-06-06,PL-WRO-01,C015536,VM-APP-0002,1,439.99,0.0,PLN
SO-2025-007710,2,2025-06-06,2025-06-06,PL-WRO-01,C015536,VM-CMP-0005,2,1479.99,0.0,PLN
SO-2025-007710,3,2025-06-06,2025-06-06,PL-WRO-01,C015536,VM-ACC-0014,1,109.99,0.0,PLN
SO-2025-007710,4,2025-06-06,2025-06-06,PL-WRO-01,C015536,VM-APP-0008,2,159.99,0.0,PLN
SO-2025-007711,1,2025-06-06,2025-06-06,PL-WRO-01,C014077,VM-ACC-0014,1,109.99,0.0,PLN
SO-2025-007711,2,2025-06-06,2025-06-06,PL-WRO-01,C014077,VM-NUT-0002,12,14.99,0.0,PLN
SO-2025-007711,3,2025-06-06,2025-06-06,PL-WRO-01,C014077,VM-CMP-0010,1,389.99,0.0,PLN
SO-2025-007712,1,2025-06-06,2025-06-06,PL-WRO-01,C015537,VM-BIK-0013,1,4799.99,0.0,PLN
SO-2025-007713,1,2025-06-06,2025-06-06,PL-WRO-01,C015538,VM-APP-0006,2,309.99,0.05,PLN
SO-2025-007713,2,2025-06-06,2025-06-06,PL-WRO-01,C015538,VM-NUT-0011,1,53.99,0.05,PLN
SO-2025-007714,1,2025-06-06,2025-06-06,PL-WRO-01,C015539,VM-APP-0014,1,489.99,0.0,PLN
SO-2025-007714,2,2025-06-06,2025-06-06,PL-WRO-01,C015539,VM-APP-0008,2,159.99,0.0,PLN
SO-2025-007714,3,2025-06-06,2025-06-06,PL-WRO-01,C015539,VM-ACC-0008,2,399.99,0.0,PLN
SO-2025-007715,1,2025-06-06,2025-06-06,PL-WRO-01,C008485,VM-BIK-0016,1,3589.99,0.0,PLN
SO-2025-007715,2,2025-06-06,2025-06-06,PL-WRO-01,C008485,VM-NUT-0006,4,9.99,0.0,PLN
SO-2025-007716,1,2025-06-06,2025-06-06,PL-WRO-01,C011046,VM-BIK-0017,1,1909.99,0.0,PLN
SO-2025-007717,1,2025-06-06,2025-06-06,PL-GDN-01,,VM-APP-0018,1,129.99,0.0,PLN
SO-2025-007717,2,2025-06-06,2025-06-06,PL-GDN-01,,VM-APP-0002,3,439.99,0.0,PLN
SO-2025-007717,3,2025-06-06,2025-06-06,PL-GDN-01,,VM-BIK-0007,1,7049.99,0.0,PLN
SO-2025-007717,4,2025-06-06,2025-06-06,PL-GDN-01,,VM-ACC-0003,2,289.99,0.0,PLN
SO-2025-007718,1,2025-06-06,2025-06-06,PL-GDN-01,C005940,VM-ACC-0002,4,609.99,0.12,PLN
SO-2025-007719,1,2025-06-06,2025-06-06,PL-GDN-01,,VM-APP-0013,1,439.99,0.0,PLN
SO-2025-007720,1,2025-06-06,2025-06-06,PL-POZ-01,,VM-NUT-0004,4,6.99,0.0,PLN
SO-2025-007721,1,2025-06-06,2025-06-06,PL-POZ-01,C009396,VM-ACC-0022,1,1569.99,0.0,PLN
SO-2025-007722,1,2025-06-06,2025-06-06,PL-POZ-01,,VM-APP-0012,1,869.99,0.0,PLN
SO-2025-007722,2,2025-06-06,2025-06-06,PL-POZ-01,,VM-BIK-0020,1,1209.99,0.0,PLN
SO-2025-007722,3,2025-06-06,2025-06-06,PL-POZ-01,,VM-EBK-0004,1,11079.99,0.0,PLN
SO-2025-007723,1,2025-06-06,2025-06-06,PL-POZ-01,,VM-APP-0009,2,349.99,0.0,PLN
SO-2025-007723,2,2025-06-06,2025-06-06,PL-POZ-01,,VM-ACC-0020,1,809.99,0.0,PLN
SO-2025-007724,1,2025-06-06,2025-06-06,PL-LDZ-01,C015540,VM-CMP-0001,2,399.99,0.0,PLN
SO-2025-007724,2,2025-06-06,2025-06-06,PL-LDZ-01,C015540,VM-ACC-0004,2,779.99,0.0,PLN
SO-2025-007724,3,2025-06-06,2025-06-06,PL-LDZ-01,C015540,VM-NUT-0003,11,10.99,0.0,PLN
SO-2025-007725,1,2025-06-06,2025-06-06,PL-LDZ-01,C015541,VM-APP-0010,2,169.99,0.0,PLN
SO-2025-007726,1,2025-06-06,2025-06-06,PL-LDZ-01,C009520,VM-APP-0015,1,569.99,0.05,PLN
SO-2025-007726,2,2025-06-06,2025-06-06,PL-LDZ-01,C009520,VM-APP-0002,2,439.99,0.05,PLN
SO-2025-007726,3,2025-06-06,2025-06-06,PL-LDZ-01,C009520,VM-ACC-0006,2,949.99,0.05,PLN
SO-2025-007727,1,2025-06-06,2025-06-06,PL-LDZ-01,C015542,VM-EBK-0007,1,14699.99,0.0,PLN
SO-2025-007727,2,2025-06-06,2025-06-06,PL-LDZ-01,C015542,VM-ACC-0020,1,809.99,0.0,PLN
SO-2025-007728,1,2025-06-06,2025-06-09,PL-WEB-01,C009686,VM-NUT-0001,5,8.99,0.0,PLN
SO-2025-007729,1,2025-06-06,2025-06-09,PL-WEB-01,C014758,VM-APP-0002,2,439.99,0.05,PLN
SO-2025-007730,1,2025-06-06,2025-06-07,PL-WEB-01,C014738,VM-BIK-0009,1,5639.99,0.0,PLN
SO-2025-007730,2,2025-06-06,2025-06-07,PL-WEB-01,C014738,VM-ACC-0008,1,399.99,0.0,PLN
SO-2025-007731,1,2025-06-06,2025-06-09,PL-WEB-01,C008310,VM-ACC-0008,1,399.99,0.0,PLN
SO-2025-007731,2,2025-06-06,2025-06-09,PL-WEB-01,C008310,VM-CMP-0015,1,919.99,0.0,PLN
SO-2025-007731,3,2025-06-06,2025-06-09,PL-WEB-01,C008310,VM-NUT-0004,10,6.99,0.0,PLN
SO-2025-007732,1,2025-06-06,2025-06-09,PL-WEB-01,C014727,VM-BIK-0007,1,7049.99,0.0,PLN
SO-2025-007733,1,2025-06-06,2025-06-09,PL-WEB-01,C015543,VM-NUT-0001,9,8.99,0.0,PLN
SO-2025-007734,1,2025-06-06,2025-06-09,PL-WEB-01,C011095,VM-ACC-0014,1,109.99,0.0,PLN
SO-2025-007735,1,2025-06-06,2025-06-07,PL-WEB-01,C011495,VM-BIK-0022,1,1399.99,0.0,PLN
SO-2025-007735,2,2025-06-06,2025-06-07,PL-WEB-01,C011495,VM-ACC-0005,1,179.99,0.0,PLN
SO-2025-007736,1,2025-06-06,2025-06-10,PL-WEB-01,C015544,VM-NUT-0009,2,84.99,0.05,PLN
SO-2025-007736,2,2025-06-06,2025-06-10,PL-WEB-01,C015544,VM-CMP-0001,2,399.99,0.05,PLN
SO-2025-007737,1,2025-06-06,2025-06-09,PL-WEB-01,C013710,VM-ACC-0022,1,1569.99,0.0,PLN
SO-2025-007738,1,2025-06-06,2025-06-07,PL-WEB-01,C015545,VM-APP-0013,1,439.99,0.0,PLN
SO-2025-007739,1,2025-06-06,2025-06-10,PL-WEB-01,C015546,VM-BIK-0007,1,7049.99,0.0,PLN
SO-2025-007740,1,2025-06-06,2025-06-10,PL-MKT-01,C014148,VM-NUT-0009,3,84.99,0.05,PLN
SO-2025-007740,2,2025-06-06,2025-06-10,PL-MKT-01,C014148,VM-APP-0008,2,159.99,0.05,PLN
SO-2025-007740,3,2025-06-06,2025-06-10,PL-MKT-01,C014148,VM-EBK-0002,1,9949.99,0.05,PLN
SO-2025-007741,1,2025-06-06,2025-06-08,PL-MKT-01,C011259,VM-CMP-0023,1,58.99,0.0,PLN
SO-2025-007742,1,2025-06-06,2025-06-10,PL-MKT-01,C004193,VM-ACC-0008,2,399.99,0.0,PLN
SO-2025-007742,2,2025-06-06,2025-06-10,PL-MKT-01,C004193,VM-CMP-0011,2,159.99,0.0,PLN
SO-2025-007742,3,2025-06-06,2025-06-10,PL-MKT-01,C004193,VM-NUT-0007,3,12.99,0.0,PLN
SO-2025-007743,1,2025-06-06,2025-06-08,PL-MKT-01,C007285,VM-BIK-0020,1,1209.99,0.0,PLN
SO-2025-007744,1,2025-06-06,2025-06-06,CZ-PRG-01,C015547,VM-NUT-0002,12,87.0,0.05,CZK
SO-2025-007744,2,2025-06-06,2025-06-06,CZ-PRG-01,C015547,VM-EBK-0002,1,57548.0,0.05,CZK
SO-2025-007744,3,2025-06-06,2025-06-06,CZ-PRG-01,C015547,VM-EBK-0003,1,52574.0,0.05,CZK
SO-2025-007744,4,2025-06-06,2025-06-06,CZ-PRG-01,C015547,VM-ACC-0014,1,636.0,0.05,CZK
SO-2025-007745,1,2025-06-06,2025-06-06,CZ-PRG-01,C008477,VM-APP-0019,2,382.0,0.05,CZK
SO-2025-007746,1,2025-06-06,2025-06-06,CZ-BRN-01,C013659,VM-EBK-0007,1,85020.0,0.0,CZK
SO-2025-007746,2,2025-06-06,2025-06-06,CZ-BRN-01,C013659,VM-APP-0002,2,2545.0,0.0,CZK
SO-2025-007747,1,2025-06-06,2025-06-07,CZ-WEB-01,C006439,VM-APP-0002,1,2545.0,0.0,CZK
SO-2025-007748,1,2025-06-06,2025-06-07,CZ-WEB-01,C014847,VM-ACC-0008,1,2313.0,0.05,CZK
SO-2025-007749,1,2025-06-06,2025-06-08,CZ-WEB-01,C015548,VM-ACC-0007,1,2082.0,0.0,CZK
SO-2025-007749,2,2025-06-06,2025-06-08,CZ-WEB-01,C015548,VM-BIK-0010,1,36553.0,0.0,CZK
SO-2025-007750,1,2025-06-06,2025-06-10,CZ-WEB-01,C015549,VM-APP-0013,1,2545.0,0.0,CZK
SO-2025-007751,1,2025-06-06,2025-06-09,CZ-WEB-01,C015550,VM-ACC-0014,1,636.0,0.05,CZK
SO-2025-007751,2,2025-06-06,2025-06-09,CZ-WEB-01,C015550,VM-EBK-0009,1,57316.0,0.05,CZK
SO-2025-007752,1,2025-06-06,2025-06-08,CZ-WEB-01,C011213,VM-NUT-0003,60,64.0,0.12,CZK
SO-2025-007752,2,2025-06-06,2025-06-08,CZ-WEB-01,C011213,VM-CMP-0001,3,2313.0,0.08,CZK
SO-2025-007753,1,2025-06-06,2025-06-06,DE-BER-01,,VM-BIK-0010,1,1481.58,0.0,EUR
SO-2025-007754,1,2025-06-06,2025-06-06,DE-BER-01,C015551,VM-EBK-0009,1,2323.18,0.0,EUR
SO-2025-007755,1,2025-06-06,2025-06-06,DE-BER-01,,VM-APP-0005,2,42.19,0.0,EUR
SO-2025-007755,2,2025-06-06,2025-06-06,DE-BER-01,,VM-EBK-0011,1,3432.03,0.0,EUR
SO-2025-007756,1,2025-06-06,2025-06-07,DE-WEB-01,C004663,VM-ACC-0002,2,143.0,0.0,EUR
SO-2025-007757,1,2025-06-06,2025-06-10,DE-WEB-01,C006707,VM-BIK-0022,1,328.2,0.05,EUR
SO-2025-007758,1,2025-06-06,2025-06-09,DE-WEB-01,C015552,VM-CMP-0003,2,56.26,0.0,EUR
SO-2025-007759,1,2025-06-06,2025-06-09,DE-WEB-01,C007398,VM-ACC-0005,2,42.19,0.05,EUR
SO-2025-007760,1,2025-06-06,2025-06-10,DE-WEB-01,C015553,VM-ACC-0008,2,93.77,0.0,EUR
SO-2025-007760,2,2025-06-06,2025-06-10,DE-WEB-01,C015553,VM-NUT-0002,5,3.51,0.0,EUR
SO-2025-007760,3,2025-06-06,2025-06-10,DE-WEB-01,C015553,VM-NUT-0011,1,12.66,0.0,EUR
SO-2025-007761,1,2025-06-06,2025-06-07,DE-WEB-01,C008334,VM-ACC-0009,8,93.77,0.08,EUR
SO-2025-007762,1,2025-06-06,2025-06-07,DE-WEB-01,C004942,VM-ACC-0008,1,93.77,0.0,EUR
SO-2025-007763,1,2025-06-06,2025-06-08,DE-WEB-01,C015554,VM-BIK-0021,1,293.03,0.0,EUR
SO-2025-007764,1,2025-06-07,2025-06-07,PL-WAW-01,C015555,VM-ACC-0014,1,109.99,0.0,PLN
SO-2025-007765,1,2025-06-07,2025-06-07,PL-WAW-01,C015556,VM-ACC-0008,1,399.99,0.0,PLN
SO-2025-007765,2,2025-06-07,2025-06-07,PL-WAW-01,C015556,VM-BIK-0017,1,1909.99,0.0,PLN
SO-2025-007765,3,2025-06-07,2025-06-07,PL-WAW-01,C015556,VM-ACC-0021,1,779.99,0.0,PLN
SO-2025-007765,4,2025-06-07,2025-06-07,PL-WAW-01,C015556,VM-EBK-0003,1,9089.99,0.0,PLN
SO-2025-007766,1,2025-06-07,2025-06-07,PL-WAW-01,,VM-NUT-0003,5,10.99,0.0,PLN
SO-2025-007767,1,2025-06-07,2025-06-07,PL-WAW-01,C005355,VM-NUT-0006,6,9.99,0.05,PLN
SO-2025-007767,2,2025-06-07,2025-06-07,PL-WAW-01,C005355,VM-BIK-0005,1,7409.99,0.05,PLN
SO-2025-007768,1,2025-06-07,2025-06-07,PL-WAW-01,C006554,VM-BIK-0009,1,5639.99,0.0,PLN
SO-2025-007768,2,2025-06-07,2025-06-07,PL-WAW-01,C006554,VM-NUT-0001,12,8.99,0.1,PLN
SO-2025-007769,1,2025-06-07,2025-06-07,PL-WAW-01,C007734,VM-BIK-0007,5,7049.99,0.08,PLN
SO-2025-007769,2,2025-06-07,2025-06-07,PL-WAW-01,C007734,VM-ACC-0008,10,399.99,0.08,PLN
SO-2025-007770,1,2025-06-07,2025-06-07,PL-WAW-01,C013966,VM-ACC-0008,1,399.99,0.05,PLN
SO-2025-007770,2,2025-06-07,2025-06-07,PL-WAW-01,C013966,vm-app-0002,1,439.99,0.05,PLN
SO-2025-007771,1,2025-06-07,2025-06-07,PL-WAW-01,C012244,VM-EBK-0004,1,11079.99,0.0,PLN
SO-2025-007772,1,2025-06-07,2025-06-07,PL-WAW-01,,VM-ACC-0003,2,289.99,0.0,PLN
SO-2025-007773,1,2025-06-07,2025-06-07,PL-WAW-02,C015557,VM-CMP-0005,2,1479.99,0.05,PLN
SO-2025-007774,1,2025-06-07,2025-06-07,PL-WAW-02,C015558,VM-CMP-0006,2,199.99,0.05,PLN
SO-2025-007775,1,2025-06-07,2025-06-07,PL-WAW-02,C015559,VM-ACC-0018,3,49.99,0.0,PLN
SO-2025-007775,2,2025-06-07,2025-06-07,PL-WAW-02,C015559,VM-APP-0006,3,309.99,0.0,PLN
SO-2025-007775,3,2025-06-07,2025-06-07,PL-WAW-02,C015559,VM-ACC-0008,1,399.99,0.0,PLN
SO-2025-007775,4,2025-06-07,2025-06-07,PL-WAW-02,C015559,VM-CMP-0014,2,429.99,0.0,PLN
SO-2025-007776,1,2025-06-07,2025-06-07,PL-WAW-02,,VM-ACC-0015,1,349.99,0.0,PLN
SO-2025-007777,1,2025-06-07,2025-06-07,PL-WAW-02,C015560,VM-EBK-0009,1,9909.99,0.05,PLN
SO-2025-007778,1,2025-06-07,2025-06-07,PL-WAW-02,C007545,VM-ACC-0008,1,399.99,0.0,PLN
SO-2025-007779,1,2025-06-07,2025-06-07,PL-WAW-02,C015561,VM-APP-0019,1,65.99,0.0,PLN
SO-2025-007779,2,2025-06-07,2025-06-07,PL-WAW-02,C015561,VM-NUT-0011,2,53.99,0.0,PLN
SO-2025-007780,1,2025-06-07,2025-06-07,PL-WAW-02,C010262,VM-ACC-0002,2,609.99,0.0,PLN
SO-2025-007781,1,2025-06-07,2025-06-07,PL-WAW-02,,VM-ACC-0021,1,779.99,0.0,PLN
SO-2025-007781,2,2025-06-07,2025-06-07,PL-WAW-02,,VM-CMP-0010,1,389.99,0.0,PLN
SO-2025-007782,1,2025-06-07,2025-06-07,PL-WAW-02,C015562,VM-EBK-0003,1,9089.99,0.0,PLN
SO-2025-007783,1,2025-06-07,2025-06-07,PL-KRK-01,C015398,VM-ACC-0023,1,929.99,0.0,PLN
SO-2025-007783,2,2025-06-07,2025-06-07,PL-KRK-01,C015398,VM-NUT-0002,10,14.99,0.0,PLN
SO-2025-007784,1,2025-06-07,2025-06-07,PL-KRK-01,,VM-NUT-0002,8,14.99,0.0,PLN
SO-2025-007784,2,2025-06-07,2025-06-07,PL-KRK-01,,VM-NUT-0001,15,8.99,0.0,PLN
SO-2025-007785,1,2025-06-07,2025-06-07,PL-KRK-01,,VM-ACC-0004,2,779.99,0.0,PLN
SO-2025-007786,1,2025-06-07,2025-06-07,PL-KRK-01,C015563,VM-BIK-0003,1,6539.99,0.0,PLN
SO-2025-007787,1,2025-06-07,2025-06-07,PL-KRK-01,,VM-ACC-0014,1,109.99,0.0,PLN
SO-2025-007787,2,2025-06-07,2025-06-07,PL-KRK-01,,VM-CMP-0016,1,2459.99,0.0,PLN
SO-2025-007788,1,2025-06-07,2025-06-07,PL-KRK-01,,VM-BIK-0003,1,6539.99,0.0,PLN
SO-2025-007789,1,2025-06-07,2025-06-07,PL-WRO-01,C008709,VM-ACC-0007,1,359.99,0.05,PLN
SO-2025-007790,1,2025-06-07,2025-06-07,PL-WRO-01,C010509,VM-NUT-0009,1,84.99,0.0,PLN
SO-2025-007791,1,2025-06-07,2025-06-07,PL-WRO-01,C015564,VM-BIK-0019,1,1209.99,0.0,PLN
SO-2025-007791,2,2025-06-07,2025-06-07,PL-WRO-01,C015564,VM-ACC-0014,1,109.99,0.0,PLN
SO-2025-007791,3,2025-06-07,2025-06-07,PL-WRO-01,C015564,VM-NUT-0006,10,9.99,0.0,PLN
SO-2025-007792,1,2025-06-07,2025-06-07,PL-WRO-01,,VM-NUT-0009,3,84.99,0.0,PLN
SO-2025-007793,1,2025-06-07,2025-06-07,PL-WRO-01,,VM-EBK-0007,1,14699.99,0.0,PLN
SO-2025-007794,1,2025-06-07,2025-06-07,PL-GDN-01,,VM-NUT-0011,4,53.99,0.0,PLN
SO-2025-007794,2,2025-06-07,2025-06-07,PL-GDN-01,,VM-APP-0002,1,439.99,0.0,PLN
SO-2025-007794,3,2025-06-07,2025-06-07,PL-GDN-01,,VM-ACC-0006,2,949.99,0.0,PLN
SO-2025-007795,1,2025-06-07,2025-06-07,PL-GDN-01,C007071,VM-NUT-0003,7,10.99,0.05,PLN
SO-2025-007796,1,2025-06-07,2025-06-07,PL-GDN-01,C007184,VM-BIK-0003,5,6539.99,0.12,PLN
SO-2025-007797,1,2025-06-07,2025-06-07,PL-POZ-01,,VM-APP-0010,1,169.99,0.05,PLN
SO-2025-007797,2,2025-06-07,2025-06-07,PL-POZ-01,,VM-CMP-0014,1,429.99,0.0,PLN
SO-2025-007797,3,2025-06-07,2025-06-07,PL-POZ-01,,VM-BIK-0016,1,3589.99,0.0,PLN
SO-2025-007797,4,2025-06-07,2025-06-07,PL-POZ-01,,VM-BIK-0012,1,11809.99,0.0,PLN
SO-2025-007798,1,2025-06-07,2025-06-07,PL-POZ-01,C009400,VM-ACC-0002,2,609.99,0.1,PLN
SO-2025-007799,1,2025-06-07,2025-06-07,PL-POZ-01,C015210,VM-EBK-0003,1,9089.99,0.0,PLN
SO-2025-007799,2,2025-06-07,2025-06-07,PL-POZ-01,C015210,VM-ACC-0005,1,179.99,0.0,PLN
SO-2025-007800,1,2025-06-07,2025-06-07,PL-POZ-01,C015565,VM-NUT-0002,45,14.99,0.1,PLN
SO-2025-007800,2,2025-06-07,2025-06-07,PL-POZ-01,C015565,VM-ACC-0007,8,359.99,0.1,PLN
SO-2025-007800,3,2025-06-07,2025-06-07,PL-POZ-01,C015565,VM-APP-0010,4,169.99,0.1,PLN
SO-2025-007801,1,2025-06-07,2025-06-07,PL-POZ-01,C007223,VM-EBK-0003,1,9089.99,0.0,PLN
SO-2025-007801,2,2025-06-07,2025-06-07,PL-POZ-01,C007223,VM-ACC-0008,1,399.99,0.0,PLN
SO-2025-007802,1,2025-06-07,2025-06-07,PL-POZ-01,,VM-CMP-0013,2,529.99,0.0,PLN
SO-2025-007802,2,2025-06-07,2025-06-07,PL-POZ-01,, VM-ACC-0019 ,2,49.99,0.0,PLN
SO-2025-007802,3,2025-06-07,2025-06-07,PL-POZ-01,,VM-ACC-0018,2,49.99,0.0,PLN
SO-2025-007803,1,2025-06-07,2025-06-07,PL-POZ-01,C009385,VM-CMP-0009,2,349.99,0.08,PLN
SO-2025-007804,1,2025-06-07,2025-06-07,PL-POZ-01,,VM-ACC-0018,1,49.99,0.0,PLN
SO-2025-007805,1,2025-06-07,2025-06-07,PL-LDZ-01,C015566,VM-CMP-0017,2,499.99,0.0,PLN
SO-2025-007805,2,2025-06-07,2025-06-07,PL-LDZ-01,C015566,VM-ACC-0008,2,399.99,0.0,PLN
SO-2025-007806,1,2025-06-07,2025-06-07,PL-LDZ-01,C015567,VM-NUT-0006,5,9.99,0.0,PLN
SO-2025-007806,2,2025-06-07,2025-06-07,PL-LDZ-01,C015567,VM-NUT-0001,11,8.99,0.0,PLN
SO-2025-007806,3,2025-06-07,2025-06-07,PL-LDZ-01,C015567,VM-NUT-0003,9,10.99,0.0,PLN
SO-2025-007807,1,2025-06-07,2025-06-07,PL-LDZ-01,C010297,VM-BIK-0019,1,1209.99,0.1,PLN
SO-2025-007808,1,2025-06-07,2025-06-07,PL-LDZ-01,C015334,VM-ACC-0023,1,929.99,0.0,PLN
SO-2025-007809,1,2025-06-07,2025-06-07,PL-LDZ-01,,VM-BIK-0001,1,13689.99,0.0,PLN
SO-2025-007809,2,2025-06-07,2025-06-07,PL-LDZ-01,,VM-ACC-0014,1,109.99,0.1,PLN
SO-2025-007809,3,2025-06-07,2025-06-07,PL-LDZ-01,,VM-ACC-0008,2,399.99,0.0,PLN
SO-2025-007810,1,2025-06-07,2025-06-10,PL-WEB-01,C015568,VM-BIK-0012,1,11809.99,0.0,PLN
SO-2025-007811,1,2025-06-07,2025-06-11,PL-WEB-01,C008139,VM-NUT-0001,5,8.99,0.05,PLN
SO-2025-007812,1,2025-06-07,2025-06-08,PL-WEB-01,C015569,VM-NUT-0001,7,8.99,0.0,PLN
SO-2025-007812,2,2025-06-07,2025-06-08,PL-WEB-01,C015569,VM-NUT-0002,10,14.99,0.0,PLN
SO-2025-007813,1,2025-06-07,2025-06-10,PL-WEB-01,C011726,VM-APP-0002,3,439.99,0.0,PLN
SO-2025-007813,2,2025-06-07,2025-06-10,PL-WEB-01,C011726,VM-ACC-0007,2,359.99,0.0,PLN
SO-2025-007813,3,2025-06-07,2025-06-10,PL-WEB-01,C011726,VM-APP-0020,1,179.99,0.0,PLN
SO-2025-007814,1,2025-06-07,2025-06-09,PL-WEB-01,C015570,VM-ACC-0008,2,399.99,0.0,PLN
SO-2025-007815,1,2025-06-07,2025-06-11,PL-WEB-01,C015571,VM-NUT-0003,4,10.99,0.0,PLN
SO-2025-007816,1,2025-06-07,2025-06-10,PL-WEB-01,C014515,VM-NUT-0003,40,10.99,0.1,PLN
SO-2025-007817,1,2025-06-07,2025-06-09,PL-WEB-01,C008683,VM-ACC-0019,3,49.99,0.0,PLN
SO-2025-007818,1,2025-06-07,2025-06-08,PL-WEB-01,C015572,VM-ACC-0008,1,399.99,0.0,PLN
SO-2025-007819,1,2025-06-07,2025-06-09,PL-WEB-01,C010869,VM-EBK-0002,1,9949.99,0.0,PLN
SO-2025-007820,1,2025-06-07,2025-06-08,PL-WEB-01,C015573,VM-ACC-0008,1,399.99,0.0,PLN
SO-2025-007820,2,2025-06-07,2025-06-08,PL-WEB-01,C015573,VM-EBK-0003,1,9089.99,0.0,PLN
SO-2025-007821,1,2025-06-07,2025-06-11,PL-WEB-01,C015574,VM-NUT-0004,15,6.99,0.05,PLN
SO-2025-007821,2,2025-06-07,2025-06-11,PL-WEB-01,C015574,VM-NUT-0009,2,84.99,0.05,PLN
SO-2025-007821,3,2025-06-07,2025-06-11,PL-WEB-01,C015574,VM-ACC-0018,3,49.99,0.05,PLN
SO-2025-007822,1,2025-06-07,2025-06-11,PL-WEB-01,C012466,VM-EBK-0011,1,14639.99,0.0,PLN
SO-2025-007823,1,2025-06-07,2025-06-08,PL-WEB-01,C009047,VM-ACC-0013,1,169.99,0.0,PLN
SO-2025-007824,1,2025-06-07,2025-06-10,PL-WEB-01,C011267,VM-BIK-0004,1,4269.99,0.0,PLN
SO-2025-007824,2,2025-06-07,2025-06-10,PL-WEB-01,C011267,VM-ACC-0007,2,359.99,0.0,PLN
SO-2025-007824,3,2025-06-07,2025-06-10,PL-WEB-01,C011267,VM-ACC-0008,1,399.99,0.0,PLN
SO-2025-007824,4,2025-06-07,2025-06-10,PL-WEB-01,C011267,VM-ACC-0014,1,109.99,0.0,PLN
SO-2025-007825,1,2025-06-07,2025-06-10,PL-MKT-01,C014682,VM-APP-0014,1,489.99,0.0,PLN
SO-2025-007826,1,2025-06-07,2025-06-10,PL-MKT-01,C015394,vm-cmp-0017,10,499.99,0.08,PLN
SO-2025-007827,1,2025-06-07,2025-06-11,PL-MKT-01,C014961,VM-EBK-0006,1,20139.99,0.05,PLN
SO-2025-007827,2,2025-06-07,2025-06-11,PL-MKT-01,C014961,VM-CMP-0013,1,529.99,0.05,PLN
SO-2025-007827,3,2025-06-07,2025-06-11,PL-MKT-01,C014961,VM-ACC-0008,1,399.99,0.1,PLN
SO-2025-007828,1,2025-06-07,2025-06-08,PL-MKT-01,C015575,VM-CMP-0009,2,349.99,0.05,PLN
SO-2025-007829,1,2025-06-07,2025-06-09,PL-MKT-01,C015576,VM-CMP-0009,1,349.99,0.0,PLN
SO-2025-007830,1,2025-06-07,2025-06-08,PL-MKT-01,C011613,VM-BIK-0013,1,4799.99,0.0,PLN
SO-2025-007831,1,2025-06-07,2025-06-07,CZ-PRG-01,,VM-EBK-0002,1,57548.0,0.0,CZK
SO-2025-007832,1,2025-06-07,2025-06-07,CZ-PRG-01,,VM-EBK-0009,1,57316.0,0.1,CZK
SO-2025-007833,1,2025-06-07,2025-06-07,CZ-PRG-01,C015577,VM-NUT-0009,4,492.0,0.05,CZK
SO-2025-007834,1,2025-06-07,2025-06-07,CZ-PRG-01,C015578,VM-BIK-0004,1,24696.0,0.0,CZK
SO-2025-007834,2,2025-06-07,2025-06-07,CZ-PRG-01,C015578,VM-ACC-0003,2,1677.0,0.0,CZK
SO-2025-007835,1,2025-06-07,2025-06-07,CZ-PRG-01,,VM-BIK-0006,1,38114.0,0.0,CZK
SO-2025-007836,1,2025-06-07,2025-06-07,CZ-BRN-01,,VM-ACC-0022,1,9080.0,0.0,CZK
SO-2025-007836,2,2025-06-07,2025-06-07,CZ-BRN-01,,VM-ACC-0003,2,1677.0,0.0,CZK
SO-2025-007836,3,2025-06-07,2025-06-07,CZ-BRN-01,,VM-ACC-0008,2,2313.0,0.0,CZK
SO-2025-007837,1,2025-06-07,2025-06-07,CZ-BRN-01,C009822,vm-bik-0004,1,24696.0,0.05,CZK
SO-2025-007837,2,2025-06-07,2025-06-07,CZ-BRN-01,C009822,VM-ACC-0004,1,4511.0,0.05,CZK
SO-2025-007838,1,2025-06-07,2025-06-07,CZ-BRN-01,C015579,VM-APP-0002,2,2545.0,0.0,CZK
SO-2025-007838,2,2025-06-07,2025-06-07,CZ-BRN-01,C015579,VM-CMP-0015,2,5321.0,0.0,CZK
SO-2025-007839,1,2025-06-07,2025-06-09,CZ-WEB-01,C015580,VM-NUT-0001,3,52.0,0.0,CZK
SO-2025-007839,2,2025-06-07,2025-06-09,CZ-WEB-01,C015580,VM-APP-0012,1,5032.0,0.0,CZK
SO-2025-007840,1,2025-06-07,2025-06-08,CZ-WEB-01,C015581,VM-APP-0006,3,1793.0,0.0,CZK
SO-2025-007841,1,2025-06-07,2025-06-09,CZ-WEB-01,C014722,VM-ACC-0010,1,1446.0,0.0,CZK
SO-2025-007842,1,2025-06-07,2025-06-07,DE-BER-01,,VM-NUT-0009,4,19.92,0.0,EUR
SO-2025-007842,2,2025-06-07,2025-06-07,DE-BER-01,,VM-EBK-0003,1,2130.95,0.0,EUR
SO-2025-007842,3,2025-06-07,2025-06-07,DE-BER-01,,VM-BIK-0001,1,3209.32,0.0,EUR
SO-2025-007842,4,2025-06-07,2025-06-07,DE-BER-01,,VM-EBK-0002,1,2332.56,0.0,EUR
SO-2025-007843,1,2025-06-07,2025-06-07,DE-BER-01,C015582,VM-CMP-0005,1,346.95,0.0,EUR
SO-2025-007844,1,2025-06-07,2025-06-07,DE-BER-01,C015435,VM-ACC-0011,2,16.88,0.0,EUR
SO-2025-007844,2,2025-06-07,2025-06-07,DE-BER-01,C015435,VM-ACC-0020,1,189.88,0.0,EUR
SO-2025-007844,3,2025-06-07,2025-06-07,DE-BER-01,C015435,VM-EBK-0008,1,3539.86,0.0,EUR
SO-2025-007845,1,2025-06-07,2025-06-07,DE-BER-01,C010275,VM-ACC-0015,1,82.05,0.0,EUR
SO-2025-007845,2,2025-06-07,2025-06-07,DE-BER-01,C010275,VM-ACC-0020,1,189.88,0.0,EUR
SO-2025-007846,1,2025-06-07,2025-06-10,DE-WEB-01,C013864,VM-NUT-0011,2,12.66,0.0,EUR
SO-2025-007847,1,2025-06-07,2025-06-10,DE-WEB-01,C014779,VM-ACC-0022,1,368.05,0.0,EUR
SO-2025-007848,1,2025-06-07,2025-06-08,DE-WEB-01,C015583,vm-ebk-0010,1,3162.43,0.0,EUR
SO-2025-007848,2,2025-06-07,2025-06-08,DE-WEB-01,C015583,VM-ACC-0008,2,93.77,0.0,EUR
SO-2025-007849,1,2025-06-07,2025-06-10,DE-WEB-01,C015328,VM-NUT-0002,5,3.51,0.0,EUR
SO-2025-007849,2,2025-06-07,2025-06-10,DE-WEB-01,C015328,VM-ACC-0004,2,182.85,0.0,EUR
SO-2025-007849,3,2025-06-07,2025-06-10,DE-WEB-01,C015328,VM-CMP-0014,1,100.8,0.0,EUR
SO-2025-007850,1,2025-06-07,2025-06-11,DE-WEB-01,C015584,VM-APP-0002,2,103.15,0.0,EUR
SO-2025-007851,1,2025-06-07,2025-06-09,DE-WEB-01,C014427,VM-APP-0003,1,72.67,0.0,EUR
SO-2025-007852,1,2025-06-07,2025-06-10,DE-WEB-01,C015585,VM-EBK-0007,1,3446.09,0.0,EUR
SO-2025-007853,1,2025-06-08,2025-06-09,PL-WEB-01,C014830,VM-EBK-0007,1,14699.99,0.0,PLN
SO-2025-007854,1,2025-06-08,2025-06-12,PL-WEB-01,C015586,VM-APP-0011,1,409.99,0.0,PLN
SO-2025-007854,2,2025-06-08,2025-06-12,PL-WEB-01,C015586,VM-CMP-0005,2,1479.99,0.0,PLN
SO-2025-007855,1,2025-06-08,2025-06-10,PL-WEB-01,C015587,VM-NUT-0006,7,9.99,0.0,PLN
SO-2025-007855,2,2025-06-08,2025-06-10,PL-WEB-01,C015587,VM-CMP-0004,1,719.99,0.0,PLN
SO-2025-007856,1,2025-06-08,2025-06-12,PL-WEB-01,C007163,VM-BIK-0012,1,11809.99,0.0,PLN
SO-2025-007856,2,2025-06-08,2025-06-12,PL-WEB-01,C007163,VM-ACC-0009,2,399.99,0.0,PLN
SO-2025-007857,1,2025-06-08,2025-06-10,PL-WEB-01,C015588,VM-NUT-0009,3,84.99,0.0,PLN
SO-2025-007857,2,2025-06-08,2025-06-10,PL-WEB-01,C015588,VM-EBK-0009,1,9909.99,0.0,PLN
SO-2025-007857,3,2025-06-08,2025-06-10,PL-WEB-01,C015588,VM-CMP-0021,4,47.99,0.0,PLN
SO-2025-007858,1,2025-06-08,2025-06-10,PL-WEB-01,C012744,VM-BIK-0017,1,1909.99,0.0,PLN
SO-2025-007859,1,2025-06-08,2025-06-10,PL-WEB-01,C004985,VM-ACC-0004,3,779.99,0.12,PLN
SO-2025-007860,1,2025-06-08,2025-06-10,PL-WEB-01,C014279,VM-BIK-0022,1,1399.99,0.0,PLN
SO-2025-007861,1,2025-06-08,2025-06-11,PL-WEB-01,C015589,VM-APP-0003,3,309.99,0.0,PLN
SO-2025-007862,1,2025-06-08,2025-06-11,PL-WEB-01,C008494,VM-ACC-0014,1,109.99,0.0,PLN
SO-2025-007862,2,2025-06-08,2025-06-11,PL-WEB-01,C008494,VM-EBK-0008,1,15099.99,0.0,PLN
SO-2025-007862,3,2025-06-08,2025-06-11,PL-WEB-01,C008494,VM-BIK-0001,1,13689.99,0.0,PLN
SO-2025-007863,1,2025-06-08,2025-06-09,PL-WEB-01,C015590,VM-ACC-0015,1,349.99,0.0,PLN
SO-2025-007863,2,2025-06-08,2025-06-09,PL-WEB-01,C015590,VM-CMP-0005,2,1479.99,0.0,PLN
SO-2025-007864,1,2025-06-08,2025-06-09,PL-WEB-01,C005646,VM-CMP-0017,1,499.99,0.05,PLN
SO-2025-007865,1,2025-06-08,2025-06-09,PL-WEB-01,C015591,VM-EBK-0008,1,15099.99,0.0,PLN
SO-2025-007866,1,2025-06-08,2025-06-10,PL-WEB-01,C015072,VM-BIK-0007,1,7049.99,0.05,PLN
SO-2025-007866,2,2025-06-08,2025-06-10,PL-WEB-01,C015072,VM-APP-0013,1,439.99,0.05,PLN
SO-2025-007866,3,2025-06-08,2025-06-10,PL-WEB-01,C015072,VM-ACC-0018,2,49.99,0.1,PLN
SO-2025-007867,1,2025-06-08,2025-06-09,PL-WEB-01,C003233,VM-ACC-0007,4,359.99,0.1,PLN
SO-2025-007868,1,2025-06-08,2025-06-10,PL-WEB-01,C013057,VM-BIK-0012,1,11809.99,0.0,PLN
SO-2025-007869,1,2025-06-08,2025-06-10,PL-WEB-01,C015592,VM-CMP-0017,2,499.99,0.05,PLN
SO-2025-007869,2,2025-06-08,2025-06-10,PL-WEB-01,C015592,VM-ACC-0014,1,109.99,0.05,PLN
SO-2025-007870,1,2025-06-08,2025-06-10,PL-WEB-01,C013683,VM-APP-0010,1,169.99,0.0,PLN
SO-2025-007870,2,2025-06-08,2025-06-10,PL-WEB-01,C013683,VM-CMP-0009,1,349.99,0.0,PLN
SO-2025-007871,1,2025-06-08,2025-06-10,PL-MKT-01,C015593,VM-BIK-0010,1,6319.99,0.05,PLN
SO-2025-007872,1,2025-06-08,2025-06-09,PL-MKT-01,C015594,VM-BIK-0002,1,9629.99,0.0,PLN
SO-2025-007872,2,2025-06-08,2025-06-09,PL-MKT-01,C015594,VM-ACC-0009,1,399.99,0.0,PLN
SO-2025-007873,1,2025-06-08,2025-06-10,PL-MKT-01,C013732,VM-CMP-0015,2,919.99,0.05,PLN
SO-2025-007874,1,2025-06-08,2025-06-12,PL-MKT-01,C015595,VM-CMP-0013,2,529.99,0.0,PLN
SO-2025-007875,1,2025-06-08,2025-06-09,PL-MKT-01,C005339,vm-ebk-0008,1,15099.99,0.05,PLN
SO-2025-007876,1,2025-06-08,2025-06-11,PL-MKT-01,C015596,VM-ACC-0009,3,399.99,0.1,PLN
SO-2025-007877,1,2025-06-08,2025-06-09,PL-MKT-01,C015597,VM-BIK-0012,1,11809.99,0.0,PLN
SO-2025-007877,2,2025-06-08,2025-06-09,PL-MKT-01,C015597,VM-ACC-0014,1,109.99,0.0,PLN
SO-2025-007878,1,2025-06-08,2025-06-12,PL-MKT-01,C015598,VM-APP-0013,1,439.99,0.1,PLN
SO-2025-007879,1,2025-06-08,2025-06-09,PL-MKT-01,C009834,VM-NUT-0011,1,53.99,0.0,PLN
SO-2025-007880,1,2025-06-08,2025-06-09,PL-MKT-01,C010681,VM-BIK-0007,1,7049.99,0.0,PLN
SO-2025-007880,2,2025-06-08,2025-06-09,PL-MKT-01,C010681,VM-ACC-0002,1,609.99,0.0,PLN
SO-2025-007881,1,2025-06-08,2025-06-08,CZ-PRG-01,C013955,VM-BIK-0007,1,40775.0,0.0,CZK
SO-2025-007881,2,2025-06-08,2025-06-08,CZ-PRG-01,C013955,VM-ACC-0013,1,983.0,0.0,CZK
SO-2025-007882,1,2025-06-08,2025-06-08,CZ-PRG-01,C015599,vm-acc-0015,1,2024.0,0.0,CZK
SO-2025-007882,2,2025-06-08,2025-06-08,CZ-PRG-01,C015599,VM-CMP-0012,1,3123.0,0.0,CZK
SO-2025-007883,1,2025-06-08,2025-06-08,CZ-PRG-01,,VM-APP-0019,1,382.0,0.0,CZK
SO-2025-007884,1,2025-06-08,2025-06-08,CZ-BRN-01,,VM-BIK-0007,1,40775.0,0.0,CZK
SO-2025-007885,1,2025-06-08,2025-06-08,CZ-BRN-01,C013944,VM-BIK-0012,1,68305.0,0.0,CZK
SO-2025-007885,2,2025-06-08,2025-06-08,CZ-BRN-01,C013944,VM-ACC-0008,1,2313.0,0.0,CZK
SO-2025-007886,1,2025-06-08,2025-06-12,CZ-WEB-01,C009309,VM-ACC-0017,2,335.0,0.0,CZK
SO-2025-007887,1,2025-06-08,2025-06-10,CZ-WEB-01,C015600,VM-NUT-0006,8,58.0,0.0,CZK
SO-2025-007887,2,2025-06-08,2025-06-10,CZ-WEB-01,C015600,VM-APP-0010,1,983.0,0.0,CZK
SO-2025-007887,3,2025-06-08,2025-06-10,CZ-WEB-01,C015600,VM-NUT-0009,3,492.0,0.0,CZK
SO-2025-007887,4,2025-06-08,2025-06-10,CZ-WEB-01,C015600,VM-APP-0009,1,2024.0,0.0,CZK
SO-2025-007888,1,2025-06-08,2025-06-09,DE-WEB-01,C002950,VM-CMP-0005,1,346.95,0.0,EUR
SO-2025-007888,2,2025-06-08,2025-06-09,DE-WEB-01,C002950,VM-ACC-0014,1,25.78,0.0,EUR
SO-2025-007888,3,2025-06-08,2025-06-09,DE-WEB-01,C002950,VM-ACC-0008,1,93.77,0.0,EUR
SO-2025-007889,1,2025-06-08,2025-06-11,DE-WEB-01,C015601,VM-APP-0010,1,39.85,0.0,EUR
SO-2025-007890,1,2025-06-08,2025-06-10,DE-WEB-01,C015602,VM-CMP-0013,2,124.24,0.0,EUR
SO-2025-007890,2,2025-06-08,2025-06-10,DE-WEB-01,C015602,VM-NUT-0001,15,2.11,0.0,EUR
SO-2025-007891,1,2025-06-08,2025-06-11,DE-WEB-01,C015603,VM-BIK-0009,1,1322.17,0.1,EUR
SO-2025-007891,2,2025-06-08,2025-06-11,DE-WEB-01,C015603,VM-ACC-0008,2,93.77,0.05,EUR
SO-2025-007892,1,2025-06-08,2025-06-10,DE-WEB-01,C009830,VM-BIK-0009,1,1322.17,0.1,EUR
SO-2025-007892,2,2025-06-08,2025-06-10,DE-WEB-01,C009830,VM-ACC-0014,1,25.78,0.0,EUR
SO-2025-007892,3,2025-06-08,2025-06-10,DE-WEB-01,C009830,VM-ACC-0002,2,143.0,0.0,EUR
SO-2025-007893,1,2025-06-08,2025-06-12,DE-WEB-01,C015604,VM-NUT-0003,5,2.58,0.0,EUR
SO-2025-007893,2,2025-06-08,2025-06-12,DE-WEB-01,C015604,VM-BIK-0004,1,1001.01,0.0,EUR
SO-2025-007893,3,2025-06-08,2025-06-12,DE-WEB-01,C015604,VM-APP-0017,2,44.54,0.0,EUR
SO-2025-007893,4,2025-06-08,2025-06-12,DE-WEB-01,C015604,VM-EBK-0009,1,2323.18,0.0,EUR
SO-2025-007894,1,2025-06-08,2025-06-10,DE-WEB-01,C015605,VM-APP-0009,5,82.05,0.1,EUR
SO-2025-007895,1,2025-06-09,2025-06-09,PL-WAW-01,C015606,VM-BIK-0007,1,7049.99,0.0,PLN
SO-2025-007895,2,2025-06-09,2025-06-09,PL-WAW-01,C015606,VM-ACC-0019,3,49.99,0.0,PLN
SO-2025-007895,3,2025-06-09,2025-06-09,PL-WAW-01,C015606,VM-ACC-0014,1,109.99,0.0,PLN
SO-2025-007896,1,2025-06-09,2025-06-09,PL-WAW-01,C015607,VM-CMP-0021,1,47.99,0.0,PLN
SO-2025-007896,2,2025-06-09,2025-06-09,PL-WAW-01,C015607,VM-EBK-0004,1,11079.99,0.0,PLN
SO-2025-007896,3,2025-06-09,2025-06-09,PL-WAW-01,C015607,VM-APP-0009,2,349.99,0.0,PLN
SO-2025-007897,1,2025-06-09,2025-06-09,PL-WAW-01,C015608,VM-NUT-0004,9,6.99,0.0,PLN
SO-2025-007898,1,2025-06-09,2025-06-09,PL-WAW-01,C011663,VM-ACC-0006,2,949.99,0.0,PLN
SO-2025-007899,1,2025-06-09,2025-06-09,PL-WAW-01,,VM-ACC-0013,1,169.99,0.0,PLN
SO-2025-007900,1,2025-06-09,2025-06-09,PL-WAW-01,,VM-BIK-0004,1,4269.99,0.0,PLN
SO-2025-007900,2,2025-06-09,2025-06-09,PL-WAW-01,,VM-CMP-0013,1,529.99,0.0,PLN
SO-2025-007901,1,2025-06-09,2025-06-09,PL-WAW-01,,VM-BIK-0009,1,5639.99,0.0,PLN
SO-2025-007902,1,2025-06-09,2025-06-09,PL-WAW-01,C015609,VM-ACC-0003,2,289.99,0.0,PLN
SO-2025-007903,1,2025-06-09,2025-06-09,PL-WAW-02,C014454,VM-NUT-0011,3,53.99,0.0,PLN
SO-2025-007903,2,2025-06-09,2025-06-09,PL-WAW-02,C014454,VM-ACC-0013,1,169.99,0.0,PLN
SO-2025-007904,1,2025-06-09,2025-06-09,PL-WAW-02,C015610,VM-EBK-0008,1,15099.99,0.0,PLN
SO-2025-007904,2,2025-06-09,2025-06-09,PL-WAW-02,C015610,VM-APP-0015,1,569.99,0.05,PLN
SO-2025-007905,1,2025-06-09,2025-06-09,PL-WAW-02,C013858,VM-NUT-0002,28,14.99,0.08,PLN
SO-2025-007905,2,2025-06-09,2025-06-09,PL-WAW-02,C013858,VM-CMP-0004,3,719.99,0.08,PLN
SO-2025-007905,3,2025-06-09,2025-06-09,PL-WAW-02,C013858,VM-NUT-0003,12,10.99,0.12,PLN
SO-2025-007905,4,2025-06-09,2025-06-09,PL-WAW-02,C013858,VM-ACC-0022,5,1569.99,0.08,PLN
SO-2025-007906,1,2025-06-09,2025-06-09,PL-KRK-01,C013829,VM-APP-0004,2,239.99,0.0,PLN
SO-2025-007907,1,2025-06-09,2025-06-09,PL-KRK-01,,VM-EBK-0007,1,14699.99,0.0,PLN
SO-2025-007907,2,2025-06-09,2025-06-09,PL-KRK-01,,VM-APP-0006,2,309.99,0.0,PLN
SO-2025-007907,3,2025-06-09,2025-06-09,PL-KRK-01,,VM-APP-0012,1,869.99,0.0,PLN
SO-2025-007908,1,2025-06-09,2025-06-09,PL-KRK-01,C014856,VM-APP-0005,3,179.99,0.0,PLN
SO-2025-007908,2,2025-06-09,2025-06-09,PL-KRK-01,C014856,VM-NUT-0009,3,84.99,0.0,PLN
SO-2025-007909,1,2025-06-09,2025-06-09,PL-WRO-01,,VM-BIK-0015,1,3089.99,0.0,PLN
SO-2025-007909,2,2025-06-09,2025-06-09,PL-WRO-01,,VM-BIK-0012,1,11809.99,0.0,PLN
SO-2025-007909,3,2025-06-09,2025-06-09,PL-WRO-01,,VM-ACC-0003,1,289.99,0.0,PLN
SO-2025-007910,1,2025-06-09,2025-06-09,PL-WRO-01,C015597,VM-ACC-0011,2,71.99,0.0,PLN
SO-2025-007911,1,2025-06-09,2025-06-09,PL-WRO-01,C013971,VM-NUT-0009,1,84.99,0.0,PLN
SO-2025-007912,1,2025-06-09,2025-06-09,PL-WRO-01,C014728,VM-NUT-0004,10,6.99,0.0,PLN
SO-2025-007912,2,2025-06-09,2025-06-09,PL-WRO-01,C014728,VM-ACC-0008,2,399.99,0.0,PLN
SO-2025-007912,3,2025-06-09,2025-06-09,PL-WRO-01,C014728,VM-CMP-0017,2,499.99,0.0,PLN
SO-2025-007913,1,2025-06-09,2025-06-09,PL-GDN-01,C014549,VM-EBK-0007,1,14699.99,0.0,PLN
SO-2025-007913,2,2025-06-09,2025-06-09,PL-GDN-01,C014549,VM-BIK-0003,1,6539.99,0.0,PLN
SO-2025-007914,1,2025-06-09,2025-06-09,PL-GDN-01,C015611,VM-ACC-0015,1,349.99,0.0,PLN
SO-2025-007915,1,2025-06-09,2025-06-09,PL-GDN-01,C014142, VM-CMP-0023 ,12,58.99,0.1,PLN
SO-2025-007916,1,2025-06-09,2025-06-09,PL-POZ-01,C011786,VM-APP-0002,1,439.99,0.0,PLN
SO-2025-007917,1,2025-06-09,2025-06-09,PL-POZ-01,,VM-CMP-0017,1,499.99,0.0,PLN
SO-2025-007917,2,2025-06-09,2025-06-09,PL-POZ-01,,VM-NUT-0006,9,9.99,0.0,PLN
SO-2025-007918,1,2025-06-09,2025-06-09,PL-POZ-01,C013327,VM-BIK-0012,1,11809.99,0.05,PLN
SO-2025-007919,1,2025-06-09,2025-06-09,PL-POZ-01,C011254,VM-ACC-0007,5,359.99,0.12,PLN
SO-2025-007919,2,2025-06-09,2025-06-09,PL-POZ-01,C011254,VM-ACC-0019,15,49.99,0.12,PLN
SO-2025-007919,3,2025-06-09,2025-06-09,PL-POZ-01,C011254,VM-ACC-0020,3,809.99,0.08,PLN
SO-2025-007920,1,2025-06-09,2025-06-09,PL-POZ-01,,VM-NUT-0007,3,12.99,0.0,PLN
SO-2025-007920,2,2025-06-09,2025-06-09,PL-POZ-01,,VM-ACC-0022,1,1569.99,0.0,PLN
SO-2025-007920,3,2025-06-09,2025-06-09,PL-POZ-01,,VM-NUT-0001,9,8.99,0.0,PLN
SO-2025-007920,4,2025-06-09,2025-06-09,PL-POZ-01,,VM-APP-0002,1,439.99,0.0,PLN
SO-2025-007921,1,2025-06-09,2025-06-09,PL-POZ-01,,VM-BIK-0012,1,11809.99,0.1,PLN
SO-2025-007922,1,2025-06-09,2025-06-10,PL-WEB-01,C014387,VM-APP-0020,1,179.99,0.1,PLN
SO-2025-007923,1,2025-06-09,2025-06-13,PL-WEB-01,C015612,VM-CMP-0015,1,919.99,0.0,PLN
SO-2025-007924,1,2025-06-09,2025-06-11,PL-WEB-01,C010321,VM-BIK-0019,4,1209.99,0.12,PLN
SO-2025-007925,1,2025-06-09,2025-06-10,PL-WEB-01,C015613,VM-APP-0003,3,309.99,0.0,PLN
SO-2025-007925,2,2025-06-09,2025-06-10,PL-WEB-01,C015613,VM-NUT-0001,8,8.99,0.0,PLN
SO-2025-007925,3,2025-06-09,2025-06-10,PL-WEB-01,C015613,VM-APP-0008,1,159.99,0.0,PLN
SO-2025-007925,4,2025-06-09,2025-06-10,PL-WEB-01,C015613,VM-CMP-0011,2,159.99,0.0,PLN
SO-2025-007926,1,2025-06-09,2025-06-12,PL-WEB-01,C014298,VM-ACC-0020,1,809.99,0.0,PLN
SO-2025-007927,1,2025-06-09,2025-06-11,PL-WEB-01,C015614,VM-CMP-0006,2,199.99,0.0,PLN
SO-2025-007928,1,2025-06-09,2025-06-12,PL-WEB-01,C000366,VM-ACC-0009,1,399.99,0.0,PLN
SO-2025-007929,1,2025-06-09,2025-06-13,PL-WEB-01,C015615,VM-APP-0007,2,159.99,0.0,PLN
SO-2025-007930,1,2025-06-09,2025-06-11,PL-WEB-01,C015616,VM-BIK-0007,1,7049.99,0.0,PLN
SO-2025-007930,2,2025-06-09,2025-06-11,PL-WEB-01,C015616,VM-APP-0011,1,409.99,0.0,PLN
SO-2025-007931,1,2025-06-09,2025-06-12,PL-WEB-01,C015617,VM-APP-0007,2,159.99,0.0,PLN
SO-2025-007932,1,2025-06-09,2025-06-11,PL-WEB-01,C015618,VM-CMP-0013,2,529.99,0.0,PLN
SO-2025-007933,1,2025-06-09,2025-06-11,PL-WEB-01,C009149,VM-NUT-0003,13,10.99,0.0,PLN
SO-2025-007933,2,2025-06-09,2025-06-11,PL-WEB-01,C009149,VM-ACC-0019,3,49.99,0.0,PLN
SO-2025-007934,1,2025-06-09,2025-06-13,PL-WEB-01,C015619,VM-ACC-0008,2,399.99,0.0,PLN
SO-2025-007934,2,2025-06-09,2025-06-13,PL-WEB-01,C015619,VM-NUT-0003,12,10.99,0.0,PLN
SO-2025-007935,1,2025-06-09,2025-06-10,PL-WEB-01,C015620,VM-NUT-0009,3,84.99,0.08,PLN
SO-2025-007935,2,2025-06-09,2025-06-10,PL-WEB-01,C015620,VM-BIK-0019,3,1209.99,0.12,PLN
SO-2025-007936,1,2025-06-09,2025-06-12,PL-WEB-01,C009067, VM-NUT-0003 ,8,10.99,0.05,PLN
SO-2025-007936,2,2025-06-09,2025-06-12,PL-WEB-01,C009067,VM-CMP-0005,2,1479.99,0.05,PLN
SO-2025-007937,1,2025-06-09,2025-06-12,PL-WEB-01,C013222,vm-acc-0017,1,57.99,0.05,PLN
SO-2025-007937,2,2025-06-09,2025-06-12,PL-WEB-01,C013222,VM-NUT-0001,11,8.99,0.05,PLN
SO-2025-007938,1,2025-06-09,2025-06-12,PL-WEB-01,C005860,VM-ACC-0008,2,399.99,0.0,PLN
SO-2025-007938,2,2025-06-09,2025-06-12,PL-WEB-01,C005860,VM-NUT-0006,6,9.99,0.0,PLN
SO-2025-007939,1,2025-06-09,2025-06-10,PL-WEB-01,C012325,VM-ACC-0018,1,49.99,0.0,PLN
SO-2025-007940,1,2025-06-09,2025-06-11,PL-MKT-01,C000284,VM-CMP-0016,1,2459.99,0.05,PLN
SO-2025-007941,1,2025-06-09,2025-06-09,CZ-PRG-01,C006828,VM-NUT-0007,4,75.0,0.0,CZK
SO-2025-007941,2,2025-06-09,2025-06-09,CZ-PRG-01,C006828,VM-EBK-0006,1,116483.0,0.0,CZK
SO-2025-007942,1,2025-06-09,2025-06-09,CZ-BRN-01,C013824,VM-EBK-0008,1,87334.0,0.0,CZK
SO-2025-007942,2,2025-06-09,2025-06-09,CZ-BRN-01,C013824,VM-ACC-0012,1,416.0,0.0,CZK
SO-2025-007942,3,2025-06-09,2025-06-09,CZ-BRN-01,C013824,VM-ACC-0014,1,636.0,0.0,CZK
SO-2025-007943,1,2025-06-09,2025-06-09,CZ-BRN-01,C005479,vm-acc-0018,3,289.0,0.0,CZK
SO-2025-007943,2,2025-06-09,2025-06-09,CZ-BRN-01,C005479,VM-BIK-0004,1,24696.0,0.0,CZK
SO-2025-007944,1,2025-06-09,2025-06-11,CZ-WEB-01,C015621,VM-CMP-0017,1,2892.0,0.05,CZK
SO-2025-007944,2,2025-06-09,2025-06-11,CZ-WEB-01,C015621,VM-APP-0014,1,2834.0,0.05,CZK
SO-2025-007944,3,2025-06-09,2025-06-11,CZ-WEB-01,C015621,VM-CMP-0001,2,2313.0,0.05,CZK
SO-2025-007945,1,2025-06-09,2025-06-11,CZ-WEB-01,C012947,VM-APP-0003,2,1793.0,0.0,CZK
SO-2025-007945,2,2025-06-09,2025-06-11,CZ-WEB-01,C012947,VM-NUT-0004,14,40.0,0.0,CZK
SO-2025-007946,1,2025-06-09,2025-06-12,CZ-WEB-01,C014981,VM-BIK-0008,1,30711.0,0.0,CZK
SO-2025-007946,2,2025-06-09,2025-06-12,CZ-WEB-01,C014981,VM-ACC-0014,1,636.0,0.0,CZK
SO-2025-007946,3,2025-06-09,2025-06-12,CZ-WEB-01,C014981,VM-NUT-0004,14,40.0,0.0,CZK
SO-2025-007947,1,2025-06-09,2025-06-10,CZ-WEB-01,C012334,VM-ACC-0008,2,2313.0,0.05,CZK
SO-2025-007948,1,2025-06-09,2025-06-10,CZ-WEB-01,C011670,VM-CMP-0013,1,3065.0,0.05,CZK
SO-2025-007949,1,2025-06-09,2025-06-12,CZ-WEB-01,C004819,VM-APP-0005,3,1041.0,0.0,CZK
SO-2025-007949,2,2025-06-09,2025-06-12,CZ-WEB-01,C004819,VM-ACC-0022,1,9080.0,0.0,CZK
SO-2025-007950,1,2025-06-09,2025-06-10,CZ-WEB-01,C015622,VM-EBK-0008,1,87334.0,0.0,CZK
SO-2025-007950,2,2025-06-09,2025-06-10,CZ-WEB-01,C015622,VM-ACC-0008,1,2313.0,0.0,CZK
SO-2025-007951,1,2025-06-09,2025-06-12,CZ-WEB-01,C013679,VM-NUT-0002,9,87.0,0.0,CZK
SO-2025-007951,2,2025-06-09,2025-06-12,CZ-WEB-01,C013679,VM-CMP-0005,2,8560.0,0.0,CZK
SO-2025-007952,1,2025-06-09,2025-06-09,DE-BER-01,C009202,VM-CMP-0005,1,346.95,0.05,EUR
SO-2025-007952,2,2025-06-09,2025-06-09,DE-BER-01,C009202,VM-ACC-0020,1,189.88,0.05,EUR
SO-2025-007953,1,2025-06-09,2025-06-09,DE-BER-01,C006416,VM-ACC-0014,5,25.78,0.08,EUR
SO-2025-007953,2,2025-06-09,2025-06-09,DE-BER-01,C006416,VM-BIK-0013,3,1125.25,0.1,EUR
SO-2025-007953,3,2025-06-09,2025-06-09,DE-BER-01,C006416,VM-NUT-0004,48,1.64,0.1,EUR
SO-2025-007954,1,2025-06-09,2025-06-09,DE-BER-01,C006907,VM-NUT-0009,3,19.92,0.0,EUR
SO-2025-007954,2,2025-06-09,2025-06-09,DE-BER-01,C006907,VM-NUT-0007,6,3.05,0.0,EUR
SO-2025-007955,1,2025-06-09,2025-06-11,DE-WEB-01,C015623,VM-EBK-0003,2,2130.95,0.12,EUR
SO-2025-007956,1,2025-06-09,2025-06-12,DE-WEB-01,C015624,VM-EBK-0011,5,3432.03,0.08,EUR
SO-2025-007957,1,2025-06-09,2025-06-10,DE-WEB-01,C015625,VM-BIK-0001,1,3209.32,0.05,EUR
SO-2025-007958,1,2025-06-09,2025-06-12,DE-WEB-01,C012419,VM-ACC-0004,3,182.85,0.12,EUR
SO-2025-007958,2,2025-06-09,2025-06-12,DE-WEB-01,C012419,VM-ACC-0006,6,222.7,0.12,EUR
SO-2025-007959,1,2025-06-09,2025-06-11,DE-WEB-01,C012716,VM-NUT-0006,4,2.34,0.0,EUR
SO-2025-007960,1,2025-06-09,2025-06-13,DE-WEB-01,C007020,VM-ACC-0001,4,89.08,0.08,EUR
SO-2025-007961,1,2025-06-10,2025-06-10,PL-WAW-01,C014029,VM-ACC-0008,2,399.99,0.0,PLN
SO-2025-007962,1,2025-06-10,2025-06-10,PL-WAW-01,,VM-NUT-0004,7,6.99,0.0,PLN
SO-2025-007963,1,2025-06-10,2025-06-10,PL-WAW-01,,VM-NUT-0006,4,9.99,0.0,PLN
SO-2025-007963,2,2025-06-10,2025-06-10,PL-WAW-01,,VM-ACC-0014,1,109.99,0.0,PLN
SO-2025-007963,3,2025-06-10,2025-06-10,PL-WAW-01,,VM-ACC-0005,1,179.99,0.0,PLN
SO-2025-007964,1,2025-06-10,2025-06-10,PL-WAW-01,C009317,VM-CMP-0009,2,349.99,0.0,PLN
SO-2025-007964,2,2025-06-10,2025-06-10,PL-WAW-01,C009317,VM-BIK-0019,1,1209.99,0.0,PLN
SO-2025-007965,1,2025-06-10,2025-06-10,PL-WAW-01,C015626,VM-ACC-0018,3,49.99,0.0,PLN
SO-2025-007966,1,2025-06-10,2025-06-10,PL-WAW-01,C015627,VM-ACC-0008,2,399.99,0.0,PLN
SO-2025-007967,1,2025-06-10,2025-06-10,PL-WAW-02,C014728,VM-EBK-0004,1,11079.99,0.0,PLN
SO-2025-007968,1,2025-06-10,2025-06-10,PL-WAW-02,C015076,VM-BIK-0012,1,11809.99,0.0,PLN
SO-2025-007969,1,2025-06-10,2025-06-10,PL-WAW-02,,VM-CMP-0001,2,399.99,0.0,PLN
SO-2025-007969,2,2025-06-10,2025-06-10,PL-WAW-02,,VM-CMP-0002,2,559.99,0.0,PLN
SO-2025-007970,1,2025-06-10,2025-06-10,PL-WAW-02,C015628,VM-BIK-0013,1,4799.99,0.0,PLN
SO-2025-007971,1,2025-06-10,2025-06-10,PL-WAW-02,,VM-APP-0009,1,349.99,0.0,PLN
SO-2025-007971,2,2025-06-10,2025-06-10,PL-WAW-02,,VM-NUT-0004,7,6.99,0.0,PLN
SO-2025-007972,1,2025-06-10,2025-06-10,PL-WAW-02,C015629,VM-NUT-0004,9,6.99,0.0,PLN
SO-2025-007973,1,2025-06-10,2025-06-10,PL-KRK-01,C010640,VM-NUT-0002,21,14.99,0.1,PLN
SO-2025-007973,2,2025-06-10,2025-06-10,PL-KRK-01,C010640,VM-BIK-0004,4,4269.99,0.1,PLN
SO-2025-007973,3,2025-06-10,2025-06-10,PL-KRK-01,C010640,VM-APP-0010,8,169.99,0.08,PLN
SO-2025-007973,4,2025-06-10,2025-06-10,PL-KRK-01,C010640,VM-BIK-0019,4,1209.99,0.08,PLN
SO-2025-007974,1,2025-06-10,2025-06-10,PL-KRK-01,C015630,VM-BIK-0004,1,4269.99,0.0,PLN
SO-2025-007975,1,2025-06-10,2025-06-10,PL-KRK-01,,VM-CMP-0006,1,199.99,0.0,PLN
SO-2025-007975,2,2025-06-10,2025-06-10,PL-KRK-01,,VM-NUT-0006,5,9.99,0.0,PLN
SO-2025-007976,1,2025-06-10,2025-06-10,PL-KRK-01,C015631,VM-CMP-0005,1,1479.99,0.0,PLN
SO-2025-007977,1,2025-06-10,2025-06-10,PL-WRO-01,,VM-CMP-0005,2,1479.99,0.0,PLN
SO-2025-007977,2,2025-06-10,2025-06-10,PL-WRO-01,,VM-APP-0002,2,439.99,0.0,PLN
SO-2025-007978,1,2025-06-10,2025-06-10,PL-WRO-01,C008941,VM-BIK-0007,1,7049.99,0.05,PLN
SO-2025-007978,2,2025-06-10,2025-06-10,PL-WRO-01,C008941,VM-BIK-0019,1,1209.99,0.05,PLN
SO-2025-007979,1,2025-06-10,2025-06-10,PL-WRO-01,C015632,VM-NUT-0001,11,8.99,0.05,PLN
SO-2025-007980,1,2025-06-10,2025-06-10,PL-GDN-01,,VM-NUT-0006,3,9.99,0.1,PLN
SO-2025-007980,2,2025-06-10,2025-06-10,PL-GDN-01,,VM-NUT-0001,15,8.99,0.0,PLN
SO-2025-007980,3,2025-06-10,2025-06-10,PL-GDN-01,,VM-CMP-0002,1,559.99,0.0,PLN
SO-2025-007980,4,2025-06-10,2025-06-10,PL-GDN-01,,VM-EBK-0004,1,11079.99,0.0,PLN
SO-2025-007981,1,2025-06-10,2025-06-10,PL-GDN-01,C014786,VM-NUT-0004,10,6.99,0.05,PLN
SO-2025-007982,1,2025-06-10,2025-06-10,PL-GDN-01,,VM-APP-0006,2,309.99,0.0,PLN
SO-2025-007982,2,2025-06-10,2025-06-10,PL-GDN-01,,VM-NUT-0006,11,9.99,0.0,PLN
SO-2025-007983,1,2025-06-10,2025-06-10,PL-GDN-01,C015633,VM-BIK-0015,1,3089.99,0.0,PLN
SO-2025-007983,2,2025-06-10,2025-06-10,PL-GDN-01,C015633,VM-CMP-0002,2,559.99,0.0,PLN
SO-2025-007984,1,2025-06-10,2025-06-10,PL-GDN-01,C008131,VM-EBK-0004,4,11079.99,0.12,PLN
SO-2025-007984,2,2025-06-10,2025-06-10,PL-GDN-01,C008131,VM-ACC-0003,4,289.99,0.12,PLN
SO-2025-007985,1,2025-06-10,2025-06-10,PL-GDN-01,C015634,VM-BIK-0020,1,1209.99,0.0,PLN
SO-2025-007986,1,2025-06-10,2025-06-10,PL-POZ-01,C015635,VM-CMP-0002,1,559.99,0.0,PLN
SO-2025-007986,2,2025-06-10,2025-06-10,PL-POZ-01,C015635,VM-NUT-0009,1,84.99,0.0,PLN
SO-2025-007987,1,2025-06-10,2025-06-10,PL-POZ-01,C004298,VM-APP-0011,2,409.99,0.0,PLN
SO-2025-007988,1,2025-06-10,2025-06-10,PL-LDZ-01,C009042,VM-NUT-0011,4,53.99,0.0,PLN
SO-2025-007988,2,2025-06-10,2025-06-10,PL-LDZ-01,C009042,VM-ACC-0003,2,289.99,0.0,PLN
SO-2025-007989,1,2025-06-10,2025-06-10,PL-LDZ-01,C015543,VM-ACC-0008,2,399.99,0.0,PLN
SO-2025-007990,1,2025-06-10,2025-06-13,PL-WEB-01,C015636,VM-NUT-0011,3,53.99,0.0,PLN
SO-2025-007991,1,2025-06-10,2025-06-13,PL-WEB-01,C015637,VM-CMP-0013,2,529.99,0.0,PLN
SO-2025-007992,1,2025-06-10,2025-06-13,PL-WEB-01,C012053,VM-ACC-0010,1,249.99,0.0,PLN
SO-2025-007992,2,2025-06-10,2025-06-13,PL-WEB-01,C012053,VM-EBK-0011,1,14639.99,0.0,PLN
SO-2025-007992,3,2025-06-10,2025-06-13,PL-WEB-01,C012053,VM-NUT-0006,11,9.99,0.0,PLN
SO-2025-007993,1,2025-06-10,2025-06-13,PL-WEB-01,C011312,VM-ACC-0002,2,609.99,0.1,PLN
SO-2025-007994,1,2025-06-10,2025-06-13,PL-WEB-01,C015638,VM-EBK-0008,1,15099.99,0.0,PLN
SO-2025-007994,2,2025-06-10,2025-06-13,PL-WEB-01,C015638,VM-ACC-0008,1,399.99,0.0,PLN
SO-2025-007995,1,2025-06-10,2025-06-14,PL-WEB-01,C011746,VM-EBK-0008,1,15099.99,0.05,PLN
SO-2025-007995,2,2025-06-10,2025-06-14,PL-WEB-01,C011746,VM-EBK-0002,1,9949.99,0.05,PLN
SO-2025-007996,1,2025-06-10,2025-06-14,PL-WEB-01,C015639,VM-BIK-0020,1,1209.99,0.0,PLN
SO-2025-007997,1,2025-06-10,2025-06-11,PL-WEB-01,C012656,VM-BIK-0007,1,7049.99,0.0,PLN
SO-2025-007998,1,2025-06-10,2025-06-13,PL-WEB-01,C015640,VM-EBK-0008,1,15099.99,0.0,PLN
SO-2025-007999,1,2025-06-10,2025-06-11,PL-WEB-01,C015276,VM-ACC-0023,1,929.99,0.0,PLN
SO-2025-007999,2,2025-06-10,2025-06-11,PL-WEB-01,C015276,VM-BIK-0012,1,11809.99,0.0,PLN
SO-2025-007999,3,2025-06-10,2025-06-11,PL-WEB-01,C015276,VM-APP-0010,1,169.99,0.0,PLN
SO-2025-007999,4,2025-06-10,2025-06-11,PL-WEB-01,C015276,VM-BIK-0004,1,4269.99,0.05,PLN
SO-2025-008000,1,2025-06-10,2025-06-12,PL-WEB-01,C015186,VM-CMP-0011,2,159.99,0.05,PLN
SO-2025-008001,1,2025-06-10,2025-06-13,PL-WEB-01,C014155,VM-ACC-0019,3,49.99,0.0,PLN
SO-2025-008001,2,2025-06-10,2025-06-13,PL-WEB-01,C014155,VM-CMP-0009,1,349.99,0.1,PLN
SO-2025-008002,1,2025-06-10,2025-06-11,PL-WEB-01,C015641,VM-BIK-0020,1,1209.99,0.0,PLN
SO-2025-008002,2,2025-06-10,2025-06-11,PL-WEB-01,C015641,VM-ACC-0007,1,359.99,0.0,PLN
SO-2025-008003,1,2025-06-10,2025-06-12,PL-WEB-01,C015596,VM-NUT-0004,52,6.99,0.08,PLN
SO-2025-008003,2,2025-06-10,2025-06-12,PL-WEB-01,C015596,VM-APP-0017,5,189.99,0.1,PLN
SO-2025-008003,3,2025-06-10,2025-06-12,PL-WEB-01,C015596,VM-CMP-0002,10,559.99,0.12,PLN
SO-2025-008004,1,2025-06-10,2025-06-12,PL-WEB-01,C012852,VM-EBK-0011,1,14639.99,0.0,PLN
SO-2025-008004,2,2025-06-10,2025-06-12,PL-WEB-01,C012852,VM-ACC-0008,2,399.99,0.0,PLN
SO-2025-008004,3,2025-06-10,2025-06-12,PL-WEB-01,C012852,VM-ACC-0002,1,609.99,0.0,PLN
SO-2025-008005,1,2025-06-10,2025-06-11,PL-WEB-01,C011108,VM-APP-0002,2,439.99,0.0,PLN
SO-2025-008005,2,2025-06-10,2025-06-11,PL-WEB-01,C011108,VM-CMP-0023,4,58.99,0.0,PLN
SO-2025-008006,1,2025-06-10,2025-06-11,PL-WEB-01,C013595,VM-ACC-0008,2,399.99,0.0,PLN
SO-2025-008007,1,2025-06-10,2025-06-11,PL-MKT-01,C000453,VM-CMP-0015,1,919.99,0.0,PLN
SO-2025-008008,1,2025-06-10,2025-06-13,PL-MKT-01,C015642,VM-BIK-0008,1,5309.99,0.0,PLN
SO-2025-008008,2,2025-06-10,2025-06-13,PL-MKT-01,C015642,VM-ACC-0014,1,109.99,0.0,PLN
SO-2025-008008,3,2025-06-10,2025-06-13,PL-MKT-01,C015642,VM-ACC-0008,2,399.99,0.0,PLN
SO-2025-008009,1,2025-06-10,2025-06-13,PL-MKT-01,C015643,VM-APP-0003,2,309.99,0.0,PLN
SO-2025-008009,2,2025-06-10,2025-06-13,PL-MKT-01,C015643,VM-NUT-0002,4,14.99,0.0,PLN
SO-2025-008010,1,2025-06-10,2025-06-12,PL-MKT-01,C004985,VM-BIK-0009,5,5639.99,0.12,PLN
SO-2025-008011,1,2025-06-10,2025-06-14,PL-MKT-01,C013167,VM-BIK-0007,1,7049.99,0.05,PLN
SO-2025-008012,1,2025-06-10,2025-06-11,PL-MKT-01,C006335,VM-NUT-0011,1,53.99,0.0,PLN
SO-2025-008013,1,2025-06-10,2025-06-10,CZ-BRN-01,C008241,VM-CMP-0022,3,208.0,0.0,CZK
SO-2025-008013,2,2025-06-10,2025-06-10,CZ-BRN-01,C008241,VM-CMP-0013,2,3065.0,0.0,CZK
SO-2025-008014,1,2025-06-10,2025-06-13,CZ-WEB-01,C008161,VM-EBK-0007,1,85020.0,0.0,CZK
SO-2025-008014,2,2025-06-10,2025-06-13,CZ-WEB-01,C008161,VM-BIK-0006,1,38114.0,0.0,CZK
SO-2025-008014,3,2025-06-10,2025-06-13,CZ-WEB-01,C008161,VM-ACC-0001,1,2198.0,0.0,CZK
SO-2025-008015,1,2025-06-10,2025-06-14,CZ-WEB-01,C015644,VM-ACC-0013,1,983.0,0.05,CZK
SO-2025-008016,1,2025-06-10,2025-06-11,CZ-WEB-01,C015645,VM-ACC-0017,2,335.0,0.0,CZK
SO-2025-008017,1,2025-06-10,2025-06-11,CZ-WEB-01,C012608,VM-ACC-0011,2,416.0,0.0,CZK
SO-2025-008017,2,2025-06-10,2025-06-11,CZ-WEB-01,C012608,VM-BIK-0001,1,79179.0,0.0,CZK
SO-2025-008017,3,2025-06-10,2025-06-11,CZ-WEB-01,C012608, VM-EBK-0006 ,1,116483.0,0.0,CZK
SO-2025-008018,1,2025-06-10,2025-06-12,CZ-WEB-01,C013728,VM-CMP-0017,1,2892.0,0.0,CZK
SO-2025-008018,2,2025-06-10,2025-06-12,CZ-WEB-01,C013728,VM-EBK-0008,1,87334.0,0.0,CZK
SO-2025-008019,1,2025-06-10,2025-06-10,DE-BER-01,C014523,VM-BIK-0017,1,447.76,0.05,EUR
SO-2025-008019,2,2025-06-10,2025-06-10,DE-BER-01,C014523,VM-EBK-0007,1,3446.09,0.05,EUR
SO-2025-008019,3,2025-06-10,2025-06-10,DE-BER-01,C014523,VM-ACC-0007,2,84.39,0.05,EUR
SO-2025-008020,1,2025-06-10,2025-06-10,DE-BER-01,,VM-ACC-0003,2,67.98,0.0,EUR
SO-2025-008021,1,2025-06-10,2025-06-10,DE-BER-01,,VM-CMP-0022,3,8.44,0.0,EUR
SO-2025-008021,2,2025-06-10,2025-06-10,DE-BER-01,,VM-ACC-0007,1,84.39,0.0,EUR
SO-2025-008021,3,2025-06-10,2025-06-10,DE-BER-01,,VM-CMP-0012,2,126.59,0.0,EUR
SO-2025-008022,1,2025-06-10,2025-06-13,DE-WEB-01,C010856,VM-ACC-0020,1,189.88,0.0,EUR
SO-2025-008022,2,2025-06-10,2025-06-13,DE-WEB-01,C010856,VM-ACC-0014,1,25.78,0.0,EUR
SO-2025-008022,3,2025-06-10,2025-06-13,DE-WEB-01,C010856,VM-CMP-0002,2,131.28,0.0,EUR
SO-2025-008023,1,2025-06-10,2025-06-12,DE-WEB-01,C015646,VM-NUT-0006,5,2.34,0.0,EUR
SO-2025-008023,2,2025-06-10,2025-06-12,DE-WEB-01,C015646,VM-BIK-0016,1,841.59,0.0,EUR
SO-2025-008023,3,2025-06-10,2025-06-12,DE-WEB-01,C015646,VM-ACC-0010,1,58.6,0.0,EUR
SO-2025-008024,1,2025-06-10,2025-06-14,DE-WEB-01,C015647,VM-APP-0010,1,39.85,0.0,EUR
SO-2025-008024,2,2025-06-10,2025-06-14,DE-WEB-01,C015647,VM-NUT-0001,5,2.11,0.0,EUR
SO-2025-008025,1,2025-06-10,2025-06-12,DE-WEB-01,C015648,VM-NUT-0007,8,3.05,0.0,EUR
SO-2025-008025,2,2025-06-10,2025-06-12,DE-WEB-01,C015648,VM-CMP-0022,1,8.44,0.0,EUR
SO-2025-008025,3,2025-06-10,2025-06-12,DE-WEB-01,C015648,VM-EBK-0009,1,2323.18,0.0,EUR
SO-2025-008025,4,2025-06-10,2025-06-12,DE-WEB-01,C015648,vm-cmp-0014,2,100.8,0.0,EUR
SO-2025-008026,1,2025-06-10,2025-06-12,DE-WEB-01,C015328,VM-ACC-0004,2,182.85,0.0,EUR
SO-2025-008026,2,2025-06-10,2025-06-12,DE-WEB-01,C015328,VM-CMP-0009,2,82.05,0.0,EUR
SO-2025-008026,3,2025-06-10,2025-06-12,DE-WEB-01,C015328,VM-CMP-0017,2,117.21,0.0,EUR
SO-2025-008027,1,2025-06-11,2025-06-11,PL-WAW-01,C015649,VM-NUT-0011,4,53.99,0.0,PLN
SO-2025-008027,2,2025-06-11,2025-06-11,PL-WAW-01,C015649,VM-BIK-0019,1,1209.99,0.0,PLN
SO-2025-008028,1,2025-06-11,2025-06-11,PL-WAW-01,C004985,VM-ACC-0014,3,109.99,0.08,PLN
SO-2025-008029,1,2025-06-11,2025-06-11,PL-WAW-01,C015650,VM-CMP-0013,2,529.99,0.0,PLN
SO-2025-008030,1,2025-06-11,2025-06-11,PL-WAW-01,,VM-APP-0013,1,439.99,0.0,PLN
SO-2025-008030,2,2025-06-11,2025-06-11,PL-WAW-01,,VM-CMP-0017,1,499.99,0.0,PLN
SO-2025-008030,3,2025-06-11,2025-06-11,PL-WAW-01,,VM-BIK-0012,1,11809.99,0.0,PLN
SO-2025-008031,1,2025-06-11,2025-06-11,PL-WAW-02,C015651,vm-app-0020,1,179.99,0.0,PLN
SO-2025-008032,1,2025-06-11,2025-06-11,PL-KRK-01,,VM-APP-0013,1,439.99,0.0,PLN
SO-2025-008032,2,2025-06-11,2025-06-11,PL-KRK-01,,VM-EBK-0006,1,20139.99,0.0,PLN
SO-2025-008032,3,2025-06-11,2025-06-11,PL-KRK-01,,VM-CMP-0013,1,529.99,0.0,PLN
SO-2025-008032,4,2025-06-11,2025-06-11,PL-KRK-01,,VM-ACC-0018,1,49.99,0.0,PLN
SO-2025-008033,1,2025-06-11,2025-06-11,PL-KRK-01,C015652,VM-CMP-0015,1,919.99,0.0,PLN
SO-2025-008033,2,2025-06-11,2025-06-11,PL-KRK-01,C015652,VM-APP-0020,1,179.99,0.0,PLN
SO-2025-008034,1,2025-06-11,2025-06-11,PL-KRK-01,C015653,VM-CMP-0013,2,529.99,0.0,PLN
SO-2025-008035,1,2025-06-11,2025-06-11,PL-KRK-01,C015654,VM-ACC-0008,1,399.99,0.0,PLN
SO-2025-008035,2,2025-06-11,2025-06-11,PL-KRK-01,C015654,VM-ACC-0018,1,49.99,0.0,PLN
SO-2025-008035,3,2025-06-11,2025-06-11,PL-KRK-01,C015654,VM-BIK-0014,1,3829.99,0.1,PLN
SO-2025-008036,1,2025-06-11,2025-06-11,PL-KRK-01,C015655,VM-ACC-0008,1,399.99,0.0,PLN
SO-2025-008036,2,2025-06-11,2025-06-11,PL-KRK-01,C015655,VM-BIK-0019,1,1209.99,0.0,PLN
SO-2025-008037,1,2025-06-11,2025-06-11,PL-KRK-01,C000748,VM-ACC-0002,3,609.99,0.12,PLN
SO-2025-008037,2,2025-06-11,2025-06-11,PL-KRK-01,C000748,VM-ACC-0014,2,109.99,0.1,PLN
SO-2025-008038,1,2025-06-11,2025-06-11,PL-WRO-01,,VM-EBK-0007,1,14699.99,0.0,PLN
SO-2025-008039,1,2025-06-11,2025-06-11,PL-WRO-01,C014104,vm-nut-0004,15,6.99,0.0,PLN
SO-2025-008040,1,2025-06-11,2025-06-11,PL-WRO-01,,VM-CMP-0017,2,499.99,0.0,PLN
SO-2025-008041,1,2025-06-11,2025-06-11,PL-WRO-01,C015656,VM-ACC-0009,1,399.99,0.0,PLN
SO-2025-008041,2,2025-06-11,2025-06-11,PL-WRO-01,C015656,VM-NUT-0004,9,6.99,0.0,PLN
SO-2025-008041,3,2025-06-11,2025-06-11,PL-WRO-01,C015656,VM-ACC-0008,2,399.99,0.0,PLN
SO-2025-008041,4,2025-06-11,2025-06-11,PL-WRO-01,C015656,VM-BIK-0005,1,7409.99,0.0,PLN
SO-2025-008042,1,2025-06-11,2025-06-11,PL-GDN-01,,VM-APP-0019,1,65.99,0.0,PLN
SO-2025-008042,2,2025-06-11,2025-06-11,PL-GDN-01,,VM-APP-0002,2,439.99,0.0,PLN
SO-2025-008042,3,2025-06-11,2025-06-11,PL-GDN-01,,VM-NUT-0006,4,9.99,0.0,PLN
SO-2025-008043,1,2025-06-11,2025-06-11,PL-GDN-01,C009025,VM-NUT-0011,4,53.99,0.0,PLN
SO-2025-008043,2,2025-06-11,2025-06-11,PL-GDN-01,C009025,VM-NUT-0003,15,10.99,0.0,PLN
SO-2025-008044,1,2025-06-11,2025-06-11,PL-GDN-01,,VM-APP-0012,1,869.99,0.0,PLN
SO-2025-008045,1,2025-06-11,2025-06-11,PL-POZ-01,,VM-CMP-0009,2,349.99,0.0,PLN
SO-2025-008046,1,2025-06-11,2025-06-11,PL-POZ-01,C006372,VM-ACC-0013,1,169.99,0.05,PLN
SO-2025-008047,1,2025-06-11,2025-06-11,PL-POZ-01,C008985,VM-ACC-0008,5,399.99,0.08,PLN
SO-2025-008047,2,2025-06-11,2025-06-11,PL-POZ-01,C008985,VM-BIK-0006,4,6589.99,0.08,PLN
SO-2025-008048,1,2025-06-11,2025-06-13,PL-WEB-01,C007545,VM-BIK-0020,1,1209.99,0.0,PLN
SO-2025-008049,1,2025-06-11,2025-06-14,PL-WEB-01,C014838,VM-APP-0013,1,439.99,0.0,PLN
SO-2025-008049,2,2025-06-11,2025-06-14,PL-WEB-01,C014838,VM-NUT-0003,6,10.99,0.0,PLN
SO-2025-008050,1,2025-06-11,2025-06-14,PL-WEB-01,C015657,VM-BIK-0013,1,4799.99,0.0,PLN
SO-2025-008051,1,2025-06-11,2025-06-14,PL-WEB-01,C014194,VM-NUT-0003,5,10.99,0.0,PLN
SO-2025-008051,2,2025-06-11,2025-06-14,PL-WEB-01,C014194,VM-CMP-0018,3,61.99,0.0,PLN
SO-2025-008052,1,2025-06-11,2025-06-15,PL-WEB-01,C015658,VM-EBK-0002,1,9949.99,0.0,PLN
SO-2025-008053,1,2025-06-11,2025-06-15,PL-WEB-01,C015659,VM-NUT-0002,11,14.99,0.05,PLN
SO-2025-008053,2,2025-06-11,2025-06-15,PL-WEB-01,C015659,VM-NUT-0003,10,10.99,0.05,PLN
SO-2025-008054,1,2025-06-11,2025-06-13,PL-WEB-01,C011125,VM-APP-0010,2,169.99,0.0,PLN
SO-2025-008055,1,2025-06-11,2025-06-12,PL-WEB-01,C010259,VM-CMP-0015,1,919.99,0.0,PLN
SO-2025-008055,2,2025-06-11,2025-06-12,PL-WEB-01,C010259,VM-NUT-0004,15,6.99,0.0,PLN
SO-2025-008055,3,2025-06-11,2025-06-12,PL-WEB-01,C010259,VM-BIK-0003,1,6539.99,0.0,PLN
SO-2025-008056,1,2025-06-11,2025-06-12,PL-WEB-01,C015660,VM-EBK-0006,1,20139.99,0.0,PLN
SO-2025-008057,1,2025-06-11,2025-06-14,PL-WEB-01,C011647,VM-BIK-0019,1,1209.99,0.0,PLN
SO-2025-008057,2,2025-06-11,2025-06-14,PL-WEB-01,C011647,VM-CMP-0009,1,349.99,0.1,PLN
SO-2025-008058,1,2025-06-11,2025-06-13,PL-WEB-01,C013732,VM-CMP-0008,2,439.99,0.05,PLN
SO-2025-008059,1,2025-06-11,2025-06-13,PL-MKT-01,C015661,VM-CMP-0012,1,539.99,0.0,PLN
SO-2025-008059,2,2025-06-11,2025-06-13,PL-MKT-01,C015661,VM-ACC-0008,2,399.99,0.0,PLN
SO-2025-008060,1,2025-06-11,2025-06-15,PL-MKT-01,C015662,VM-CMP-0006,2,199.99,0.0,PLN
SO-2025-008060,2,2025-06-11,2025-06-15,PL-MKT-01,C015662,VM-BIK-0007,1,7049.99,0.0,PLN
SO-2025-008061,1,2025-06-11,2025-06-14,PL-MKT-01,C015663,VM-NUT-0004,5,6.99,0.0,PLN
SO-2025-008061,2,2025-06-11,2025-06-14,PL-MKT-01,C015663,VM-APP-0010,1,169.99,0.0,PLN
SO-2025-008061,3,2025-06-11,2025-06-14,PL-MKT-01,C015663,VM-CMP-0003,1,239.99,0.0,PLN
SO-2025-008061,4,2025-06-11,2025-06-14,PL-MKT-01,C015663,VM-EBK-0009,1,9909.99,0.0,PLN
SO-2025-008062,1,2025-06-11,2025-06-15,PL-MKT-01,C015619,VM-BIK-0021,1,1249.99,0.0,PLN
SO-2025-008062,2,2025-06-11,2025-06-15,PL-MKT-01,C015619,VM-CMP-0007,1,629.99,0.0,PLN
SO-2025-008063,1,2025-06-11,2025-06-12,PL-MKT-01,C014154,VM-APP-0005,2,179.99,0.0,PLN
SO-2025-008064,1,2025-06-11,2025-06-11,CZ-PRG-01,C011870,VM-BIK-0007,5,40775.0,0.08,CZK
SO-2025-008064,2,2025-06-11,2025-06-11,CZ-PRG-01,C011870,VM-BIK-0008,3,30711.0,0.08,CZK
SO-2025-008065,1,2025-06-11,2025-06-11,CZ-PRG-01,C015664,VM-EBK-0007,1,85020.0,0.0,CZK
SO-2025-008066,1,2025-06-11,2025-06-11,CZ-PRG-01,C011905,VM-CMP-0013,1,3065.0,0.0,CZK
SO-2025-008066,2,2025-06-11,2025-06-11,CZ-PRG-01,C011905,VM-BIK-0013,1,27762.0,0.0,CZK
SO-2025-008066,3,2025-06-11,2025-06-11,CZ-PRG-01,C011905,VM-ACC-0001,2,2198.0,0.0,CZK
SO-2025-008066,4,2025-06-11,2025-06-11,CZ-PRG-01,C011905,VM-NUT-0001,8,52.0,0.05,CZK
SO-2025-008067,1,2025-06-11,2025-06-11,CZ-PRG-01,,VM-APP-0017,2,1099.0,0.0,CZK
SO-2025-008068,1,2025-06-11,2025-06-11,CZ-PRG-01,,VM-CMP-0013,1,3065.0,0.0,CZK
SO-2025-008068,2,2025-06-11,2025-06-11,CZ-PRG-01,,VM-APP-0010,2,983.0,0.0,CZK
SO-2025-008068,3,2025-06-11,2025-06-11,CZ-PRG-01,,VM-BIK-0014,1,22151.0,0.0,CZK
SO-2025-008069,1,2025-06-11,2025-06-11,CZ-PRG-01,,VM-EBK-0004,1,64083.0,0.0,CZK
SO-2025-008070,1,2025-06-11,2025-06-11,CZ-PRG-01,C015665,VM-BIK-0020,1,6998.0,0.0,CZK
SO-2025-008070,2,2025-06-11,2025-06-11,CZ-PRG-01,C015665,VM-ACC-0008,1,2313.0,0.0,CZK
SO-2025-008071,1,2025-06-11,2025-06-11,CZ-BRN-01,C011771,VM-APP-0008,1,925.0,0.05,CZK
SO-2025-008072,1,2025-06-11,2025-06-11,CZ-BRN-01,,VM-BIK-0020,1,6998.0,0.0,CZK
SO-2025-008073,1,2025-06-11,2025-06-11,CZ-BRN-01,,VM-APP-0002,1,2545.0,0.0,CZK
SO-2025-008073,2,2025-06-11,2025-06-11,CZ-BRN-01,,VM-APP-0006,3,1793.0,0.0,CZK
SO-2025-008073,3,2025-06-11,2025-06-11,CZ-BRN-01,,VM-ACC-0008,1,2313.0,0.0,CZK
SO-2025-008074,1,2025-06-11,2025-06-15,CZ-WEB-01,C012268,VM-CMP-0013,1,3065.0,0.1,CZK
SO-2025-008075,1,2025-06-11,2025-06-13,CZ-WEB-01,C015402,VM-BIK-0006,1,38114.0,0.0,CZK
SO-2025-008075,2,2025-06-11,2025-06-13,CZ-WEB-01,C015402,VM-ACC-0019,1,289.0,0.0,CZK
SO-2025-008075,3,2025-06-11,2025-06-13,CZ-WEB-01,C015402,VM-ACC-0008,2,2313.0,0.0,CZK
SO-2025-008076,1,2025-06-11,2025-06-12,CZ-WEB-01,C015666,VM-APP-0012,2,5032.0,0.12,CZK
SO-2025-008077,1,2025-06-11,2025-06-15,CZ-WEB-01,C001052,VM-BIK-0013,1,27762.0,0.0,CZK
SO-2025-008078,1,2025-06-11,2025-06-14,CZ-WEB-01,C015667,VM-CMP-0012,1,3123.0,0.0,CZK
SO-2025-008078,2,2025-06-11,2025-06-14,CZ-WEB-01,C015667,VM-ACC-0006,2,5494.0,0.0,CZK
SO-2025-008079,1,2025-06-11,2025-06-12,DE-WEB-01,C014427,VM-ACC-0003,2,67.98,0.0,EUR
SO-2025-008079,2,2025-06-11,2025-06-12,DE-WEB-01,C014427,VM-CMP-0005,2,346.95,0.0,EUR
SO-2025-008079,3,2025-06-11,2025-06-12,DE-WEB-01,C014427,VM-BIK-0013,1,1125.25,0.0,EUR
SO-2025-008080,1,2025-06-11,2025-06-14,DE-WEB-01,C015668,VM-BIK-0022,1,328.2,0.0,EUR
SO-2025-008081,1,2025-06-11,2025-06-13,DE-WEB-01,C015669,VM-BIK-0007,1,1652.72,0.0,EUR
SO-2025-008082,1,2025-06-11,2025-06-15,DE-WEB-01,C015670,VM-APP-0013,1,103.15,0.05,EUR
SO-2025-008082,2,2025-06-11,2025-06-15,DE-WEB-01,C015670,VM-BIK-0017,1,447.76,0.0,EUR
SO-2025-008083,1,2025-06-11,2025-06-13,DE-WEB-01,C010535,VM-BIK-0017,1,447.76,0.0,EUR
SO-2025-008083,2,2025-06-11,2025-06-13,DE-WEB-01,C010535,VM-ACC-0008,1,93.77,0.0,EUR
SO-2025-008083,3,2025-06-11,2025-06-13,DE-WEB-01,C010535,VM-ACC-0023,1,218.02,0.1,EUR
SO-2025-008084,1,2025-06-11,2025-06-13,DE-WEB-01,C007034,VM-APP-0008,2,37.51,0.05,EUR
SO-2025-008084,2,2025-06-11,2025-06-13,DE-WEB-01,C007034,VM-ACC-0001,1,89.08,0.05,EUR
SO-2025-008085,1,2025-06-11,2025-06-15,DE-WEB-01,C015671,VM-BIK-0021,1,293.03,0.0,EUR
SO-2025-008085,2,2025-06-11,2025-06-15,DE-WEB-01,C015671,VM-BIK-0007,1,1652.72,0.0,EUR
SO-2025-008085,3,2025-06-11,2025-06-15,DE-WEB-01,C015671,VM-ACC-0014,1,25.78,0.0,EUR
SO-2025-008086,1,2025-06-11,2025-06-15,DE-WEB-01,C015672,VM-BIK-0011,1,2027.8,0.0,EUR
SO-2025-008087,1,2025-06-11,2025-06-13,DE-WEB-01,C015673,VM-CMP-0013,1,124.24,0.05,EUR
SO-2025-008088,1,2025-06-11,2025-06-12,DE-WEB-01,C007363,VM-ACC-0008,2,93.77,0.0,EUR
SO-2025-008089,1,2025-06-11,2025-06-15,DE-WEB-01,C009830,VM-BIK-0022,1,328.2,0.0,EUR
SO-2025-008089,2,2025-06-11,2025-06-15,DE-WEB-01,C009830,VM-BIK-0007,1,1652.72,0.0,EUR
SO-2025-008090,1,2025-06-11,2025-06-15,DE-WEB-01,C004942,VM-ACC-0003,2,67.98,0.1,EUR
SO-2025-008090,2,2025-06-11,2025-06-15,DE-WEB-01,C004942,VM-ACC-0008,2,93.77,0.0,EUR
SO-2025-008090,3,2025-06-11,2025-06-15,DE-WEB-01,C004942,VM-CMP-0015,1,215.67,0.0,EUR
SO-2025-008091,1,2025-06-11,2025-06-12,DE-WEB-01,C015674,VM-ACC-0008,2,93.77,0.0,EUR
SO-2025-008091,2,2025-06-11,2025-06-12,DE-WEB-01,C015674,VM-ACC-0002,2,143.0,0.0,EUR
SO-2025-008092,1,2025-06-12,2025-06-12,PL-WAW-01,C015675, VM-CMP-0019 ,3,209.99,0.0,PLN
SO-2025-008093,1,2025-06-12,2025-06-12,PL-WAW-01,C007722,VM-ACC-0014,1,109.99,0.05,PLN
SO-2025-008094,1,2025-06-12,2025-06-12,PL-WAW-01,,VM-CMP-0011,1,159.99,0.0,PLN
SO-2025-008095,1,2025-06-12,2025-06-12,PL-WAW-01,,VM-BIK-0012,1,11809.99,0.0,PLN
SO-2025-008095,2,2025-06-12,2025-06-12,PL-WAW-01,,VM-ACC-0008,2,399.99,0.0,PLN
SO-2025-008096,1,2025-06-12,2025-06-12,PL-WAW-01,C010926,VM-APP-0017,2,189.99,0.0,PLN
SO-2025-008096,2,2025-06-12,2025-06-12,PL-WAW-01,C010926,VM-BIK-0012,1,11809.99,0.0,PLN
SO-2025-008096,3,2025-06-12,2025-06-12,PL-WAW-01,C010926,VM-BIK-0004,1,4269.99,0.0,PLN
SO-2025-008097,1,2025-06-12,2025-06-12,PL-WAW-01,,VM-CMP-0007,1,629.99,0.0,PLN
SO-2025-008098,1,2025-06-12,2025-06-12,PL-WAW-02,,VM-ACC-0008,2,399.99,0.0,PLN
SO-2025-008098,2,2025-06-12,2025-06-12,PL-WAW-02,,VM-BIK-0020,1,1209.99,0.05,PLN
SO-2025-008098,3,2025-06-12,2025-06-12,PL-WAW-02,,VM-ACC-0014,1,109.99,0.0,PLN
SO-2025-008098,4,2025-06-12,2025-06-12,PL-WAW-02,,VM-NUT-0006,11,9.99,0.0,PLN
SO-2025-008099,1,2025-06-12,2025-06-12,PL-WAW-02,,VM-APP-0013,1,439.99,0.0,PLN
SO-2025-008099,2,2025-06-12,2025-06-12,PL-WAW-02,,VM-EBK-0007,1,14699.99,0.0,PLN
SO-2025-008100,1,2025-06-12,2025-06-12,PL-WAW-02,,VM-ACC-0015,1,349.99,0.0,PLN
SO-2025-008100,2,2025-06-12,2025-06-12,PL-WAW-02,,VM-APP-0012,1,869.99,0.0,PLN
SO-2025-008100,3,2025-06-12,2025-06-12,PL-WAW-02,,VM-EBK-0008,1,15099.99,0.0,PLN
SO-2025-008100,4,2025-06-12,2025-06-12,PL-WAW-02,,VM-EBK-0004,1,11079.99,0.0,PLN
SO-2025-008101,1,2025-06-12,2025-06-12,PL-KRK-01,,VM-APP-0002,3,439.99,0.0,PLN
SO-2025-008102,1,2025-06-12,2025-06-12,PL-KRK-01,C015676,VM-CMP-0006,1,199.99,0.0,PLN
SO-2025-008102,2,2025-06-12,2025-06-12,PL-KRK-01,C015676,VM-ACC-0022,1,1569.99,0.05,PLN
SO-2025-008102,3,2025-06-12,2025-06-12,PL-KRK-01,C015676,VM-CMP-0007,1,629.99,0.0,PLN
SO-2025-008103,1,2025-06-12,2025-06-12,PL-KRK-01,C015677,VM-ACC-0012,1,71.99,0.0,PLN
SO-2025-008103,2,2025-06-12,2025-06-12,PL-KRK-01,C015677,VM-NUT-0001,15,8.99,0.0,PLN
SO-2025-008103,3,2025-06-12,2025-06-12,PL-KRK-01,C015677,VM-ACC-0008,2,399.99,0.05,PLN
SO-2025-008104,1,2025-06-12,2025-06-12,PL-KRK-01,C015678,VM-EBK-0010,1,13489.99,0.0,PLN
SO-2025-008104,2,2025-06-12,2025-06-12,PL-KRK-01,C015678,VM-ACC-0002,1,609.99,0.0,PLN
SO-2025-008105,1,2025-06-12,2025-06-12,PL-KRK-01,C002443,VM-BIK-0011,1,8649.99,0.05,PLN
SO-2025-008105,2,2025-06-12,2025-06-12,PL-KRK-01,C002443,VM-ACC-0003,1,289.99,0.05,PLN
SO-2025-008105,3,2025-06-12,2025-06-12,PL-KRK-01,C002443,VM-APP-0006,2,309.99,0.05,PLN
SO-2025-008106,1,2025-06-12,2025-06-12,PL-KRK-01,,VM-EBK-0011,1,14639.99,0.0,PLN
SO-2025-008107,1,2025-06-12,2025-06-12,PL-KRK-01,,VM-NUT-0006,6,9.99,0.0,PLN
SO-2025-008108,1,2025-06-12,2025-06-12,PL-KRK-01,C015679,VM-CMP-0006,1,199.99,0.0,PLN
SO-2025-008108,2,2025-06-12,2025-06-12,PL-KRK-01,C015679,VM-ACC-0005,1,179.99,0.0,PLN
SO-2025-008109,1,2025-06-12,2025-06-12,PL-KRK-01,,VM-ACC-0003,2,289.99,0.0,PLN
SO-2025-008109,2,2025-06-12,2025-06-12,PL-KRK-01,,VM-ACC-0004,1,779.99,0.0,PLN
SO-2025-008109,3,2025-06-12,2025-06-12,PL-KRK-01,,VM-CMP-0017,2,499.99,0.0,PLN
SO-2025-008110,1,2025-06-12,2025-06-12,PL-WRO-01,C004920,VM-CMP-0020,1,259.99,0.0,PLN
SO-2025-008111,1,2025-06-12,2025-06-12,PL-WRO-01,,VM-ACC-0008,2,399.99,0.0,PLN
SO-2025-008111,2,2025-06-12,2025-06-12,PL-WRO-01,,VM-EBK-0008,1,15099.99,0.0,PLN
SO-2025-008111,3,2025-06-12,2025-06-12,PL-WRO-01,,VM-APP-0007,1,159.99,0.0,PLN
SO-2025-008112,1,2025-06-12,2025-06-12,PL-WRO-01,C007455,VM-EBK-0007,1,14699.99,0.0,PLN
SO-2025-008112,2,2025-06-12,2025-06-12,PL-WRO-01,C007455,VM-ACC-0002,2,609.99,0.0,PLN
SO-2025-008112,3,2025-06-12,2025-06-12,PL-WRO-01,C007455,VM-CMP-0015,2,919.99,0.0,PLN
SO-2025-008112,4,2025-06-12,2025-06-12,PL-WRO-01,C007455,VM-ACC-0007,1,359.99,0.0,PLN
SO-2025-008113,1,2025-06-12,2025-06-12,PL-WRO-01,,VM-BIK-0012,1,11809.99,0.0,PLN
SO-2025-008113,2,2025-06-12,2025-06-12,PL-WRO-01,,VM-CMP-0013,2,529.99,0.0,PLN
SO-2025-008114,1,2025-06-12,2025-06-12,PL-WRO-01,C003375,VM-APP-0006,2,309.99,0.0,PLN
SO-2025-008115,1,2025-06-12,2025-06-12,PL-GDN-01,,VM-EBK-0007,1,14699.99,0.0,PLN
SO-2025-008115,2,2025-06-12,2025-06-12,PL-GDN-01,,VM-ACC-0007,1,359.99,0.0,PLN
SO-2025-008115,3,2025-06-12,2025-06-12,PL-GDN-01,,VM-ACC-0014,1,109.99,0.0,PLN
SO-2025-008115,4,2025-06-12,2025-06-12,PL-GDN-01,,VM-APP-0005,1,179.99,0.0,PLN
SO-2025-008116,1,2025-06-12,2025-06-12,PL-GDN-01,C015680,VM-ACC-0008,2,399.99,0.1,PLN
SO-2025-008116,2,2025-06-12,2025-06-12,PL-GDN-01,C015680,VM-NUT-0004,3,6.99,0.05,PLN
SO-2025-008116,3,2025-06-12,2025-06-12,PL-GDN-01,C015680, VM-BIK-0007 ,1,7049.99,0.05,PLN
SO-2025-008116,4,2025-06-12,2025-06-12,PL-GDN-01,C015680,VM-BIK-0009,1,5639.99,0.05,PLN
SO-2025-008117,1,2025-06-12,2025-06-12,PL-GDN-01,,VM-BIK-0017,1,1909.99,0.0,PLN
SO-2025-008118,1,2025-06-12,2025-06-12,PL-POZ-01,C015681,VM-ACC-0007,1,359.99,0.0,PLN
SO-2025-008118,2,2025-06-12,2025-06-12,PL-POZ-01,C015681,VM-NUT-0003,14,10.99,0.0,PLN
SO-2025-008118,3,2025-06-12,2025-06-12,PL-POZ-01,C015681,VM-APP-0011,1,409.99,0.0,PLN
SO-2025-008119,1,2025-06-12,2025-06-12,PL-POZ-01,C015682,VM-EBK-0007,1,14699.99,0.0,PLN
SO-2025-008119,2,2025-06-12,2025-06-12,PL-POZ-01,C015682,VM-ACC-0015,1,349.99,0.0,PLN
SO-2025-008120,1,2025-06-12,2025-06-12,PL-POZ-01,C015683,VM-APP-0010,1,169.99,0.0,PLN
SO-2025-008121,1,2025-06-12,2025-06-12,PL-LDZ-01,C009424,VM-BIK-0012,5,11809.99,0.1,PLN
SO-2025-008121,2,2025-06-12,2025-06-12,PL-LDZ-01,C009424,VM-ACC-0014,2,109.99,0.1,PLN
SO-2025-008121,3,2025-06-12,2025-06-12,PL-LDZ-01,C009424,VM-ACC-0008,6,399.99,0.1,PLN
SO-2025-008121,4,2025-06-12,2025-06-12,PL-LDZ-01,C009424,VM-ACC-0004,8,779.99,0.08,PLN
SO-2025-008122,1,2025-06-12,2025-06-12,PL-LDZ-01,,VM-ACC-0008,2,399.99,0.0,PLN
SO-2025-008122,2,2025-06-12,2025-06-12,PL-LDZ-01,,VM-CMP-0004,2,719.99,0.0,PLN
SO-2025-008123,1,2025-06-12,2025-06-12,PL-LDZ-01,,VM-NUT-0006,4,9.99,0.0,PLN
SO-2025-008123,2,2025-06-12,2025-06-12,PL-LDZ-01,,VM-APP-0002,2,439.99,0.0,PLN
SO-2025-008123,3,2025-06-12,2025-06-12,PL-LDZ-01,,VM-NUT-0001,4,8.99,0.0,PLN
SO-2025-008124,1,2025-06-12,2025-06-13,PL-WEB-01,C011437,VM-APP-0010,2,169.99,0.05,PLN
SO-2025-008125,1,2025-06-12,2025-06-15,PL-WEB-01,C015684,VM-ACC-0008,1,399.99,0.0,PLN
SO-2025-008125,2,2025-06-12,2025-06-15,PL-WEB-01,C015684,VM-CMP-0006,1,199.99,0.0,PLN
SO-2025-008126,1,2025-06-12,2025-06-16,PL-WEB-01,C015685,VM-CMP-0017,1,499.99,0.0,PLN
SO-2025-008127,1,2025-06-12,2025-06-15,PL-WEB-01,C015409,VM-BIK-0015,1,3089.99,0.0,PLN
SO-2025-008127,2,2025-06-12,2025-06-15,PL-WEB-01,C015409,VM-CMP-0004,1,719.99,0.0,PLN
SO-2025-008127,3,2025-06-12,2025-06-15,PL-WEB-01,C015409,vm-acc-0008,1,399.99,0.0,PLN
SO-2025-008127,4,2025-06-12,2025-06-15,PL-WEB-01,C015409,VM-ACC-0003,1,289.99,0.0,PLN
SO-2025-008128,1,2025-06-12,2025-06-16,PL-WEB-01,C015686,VM-NUT-0003,10,10.99,0.05,PLN
SO-2025-008128,2,2025-06-12,2025-06-16,PL-WEB-01,C015686,VM-ACC-0008,2,399.99,0.0,PLN
SO-2025-008129,1,2025-06-12,2025-06-14,PL-WEB-01,C010736,VM-CMP-0011,1,159.99,0.0,PLN
SO-2025-008130,1,2025-06-12,2025-06-13,PL-WEB-01,C002443,VM-BIK-0012,1,11809.99,0.05,PLN
SO-2025-008131,1,2025-06-12,2025-06-16,PL-WEB-01,C012918,VM-ACC-0001,1,379.99,0.05,PLN
SO-2025-008131,2,2025-06-12,2025-06-16,PL-WEB-01,C012918,VM-ACC-0017,1,57.99,0.05,PLN
SO-2025-008132,1,2025-06-12,2025-06-16,PL-WEB-01,C015687,VM-ACC-0008,2,399.99,0.0,PLN
SO-2025-008133,1,2025-06-12,2025-06-15,PL-WEB-01,C015688,VM-ACC-0010,1,249.99,0.0,PLN
SO-2025-008134,1,2025-06-12,2025-06-14,PL-WEB-01,C013413, VM-CMP-0017 ,1,499.99,0.05,PLN
SO-2025-008135,1,2025-06-12,2025-06-16,PL-WEB-01,C015689,VM-APP-0018,2,129.99,0.0,PLN
SO-2025-008135,2,2025-06-12,2025-06-16,PL-WEB-01,C015689,VM-ACC-0008,2,399.99,0.0,PLN
SO-2025-008136,1,2025-06-12,2025-06-14,PL-WEB-01,C015690,VM-BIK-0001,1,13689.99,0.0,PLN
SO-2025-008136,2,2025-06-12,2025-06-14,PL-WEB-01,C015690,VM-ACC-0003,1,289.99,0.0,PLN
SO-2025-008137,1,2025-06-12,2025-06-13,PL-WEB-01,C014438,VM-APP-0006,8,309.99,0.08,PLN
SO-2025-008138,1,2025-06-12,2025-06-13,PL-WEB-01,C015691,VM-BIK-0012,1,11809.99,0.05,PLN
SO-2025-008138,2,2025-06-12,2025-06-13,PL-WEB-01,C015691,VM-ACC-0014,1,109.99,0.1,PLN
SO-2025-008138,3,2025-06-12,2025-06-13,PL-WEB-01,C015691,VM-NUT-0007,12,12.99,0.05,PLN
SO-2025-008138,4,2025-06-12,2025-06-13,PL-WEB-01,C015691,VM-APP-0002,1,439.99,0.05,PLN
SO-2025-008139,1,2025-06-12,2025-06-13,PL-WEB-01,C009520,VM-NUT-0007,8,12.99,0.05,PLN
SO-2025-008140,1,2025-06-12,2025-06-16,PL-WEB-01,C013401,VM-NUT-0011,4,53.99,0.05,PLN
SO-2025-008140,2,2025-06-12,2025-06-16,PL-WEB-01,C013401,VM-BIK-0009,1,5639.99,0.05,PLN
SO-2025-008141,1,2025-06-12,2025-06-14,PL-WEB-01,C015692,VM-ACC-0012,1,71.99,0.0,PLN
SO-2025-008141,2,2025-06-12,2025-06-14,PL-WEB-01,C015692,VM-BIK-0017,1,1909.99,0.0,PLN
SO-2025-008142,1,2025-06-12,2025-06-15,PL-WEB-01,C015193,VM-ACC-0008,1,399.99,0.0,PLN
SO-2025-008143,1,2025-06-12,2025-06-14,PL-MKT-01,C002496,VM-NUT-0003,3,10.99,0.0,PLN
SO-2025-008144,1,2025-06-12,2025-06-14,PL-MKT-01,C012265,VM-ACC-0011,2,71.99,0.0,PLN
SO-2025-008145,1,2025-06-12,2025-06-14,PL-MKT-01,C015693,VM-BIK-0019,1,1209.99,0.05,PLN
SO-2025-008145,2,2025-06-12,2025-06-14,PL-MKT-01,C015693,VM-ACC-0018,2,49.99,0.05,PLN
SO-2025-008146,1,2025-06-12,2025-06-16,PL-MKT-01,C015694,VM-CMP-0006,1,199.99,0.05,PLN
SO-2025-008147,1,2025-06-12,2025-06-16,PL-MKT-01,C007239,VM-APP-0010,2,169.99,0.0,PLN
SO-2025-008148,1,2025-06-12,2025-06-15,PL-MKT-01,C003355,VM-APP-0012,1,869.99,0.05,PLN
SO-2025-008149,1,2025-06-12,2025-06-14,PL-MKT-01,C011368,VM-NUT-0009,3,84.99,0.0,PLN
SO-2025-008149,2,2025-06-12,2025-06-14,PL-MKT-01,C011368,VM-EBK-0010,1,13489.99,0.0,PLN
SO-2025-008149,3,2025-06-12,2025-06-14,PL-MKT-01,C011368,VM-CMP-0013,1,529.99,0.0,PLN
SO-2025-008150,1,2025-06-12,2025-06-14,PL-MKT-01,C015695,VM-ACC-0014,1,109.99,0.0,PLN
SO-2025-008150,2,2025-06-12,2025-06-14,PL-MKT-01,C015695,VM-BIK-0012,1,11809.99,0.0,PLN
SO-2025-008151,1,2025-06-12,2025-06-16,PL-MKT-01,C004292,VM-BIK-0015,1,3089.99,0.0,PLN
SO-2025-008152,1,2025-06-12,2025-06-16,PL-MKT-01,C015696,VM-APP-0002,2,439.99,0.0,PLN
SO-2025-008152,2,2025-06-12,2025-06-16,PL-MKT-01,C015696,VM-CMP-0013,1,529.99,0.0,PLN
SO-2025-008153,1,2025-06-12,2025-06-16,PL-MKT-01,C015697,VM-APP-0006,1,309.99,0.0,PLN
SO-2025-008154,1,2025-06-12,2025-06-13,PL-MKT-01,C012478,VM-CMP-0012,1,539.99,0.05,PLN
SO-2025-008155,1,2025-06-12,2025-06-13,PL-MKT-01,C015698,VM-ACC-0008,1,399.99,0.05,PLN
SO-2025-008155,2,2025-06-12,2025-06-13,PL-MKT-01,C015698,VM-CMP-0001,1,399.99,0.05,PLN
SO-2025-008156,1,2025-06-12,2025-06-12,CZ-PRG-01,C003142,VM-APP-0010,2,983.0,0.0,CZK
SO-2025-008157,1,2025-06-12,2025-06-12,CZ-PRG-01,C015699,VM-NUT-0004,8,40.0,0.0,CZK
SO-2025-008158,1,2025-06-12,2025-06-12,CZ-BRN-01,C015348,vm-nut-0002,6,87.0,0.0,CZK
SO-2025-008159,1,2025-06-12,2025-06-12,CZ-BRN-01,C014264,VM-CMP-0016,1,14228.0,0.0,CZK
SO-2025-008160,1,2025-06-12,2025-06-12,CZ-BRN-01,C015700,VM-CMP-0006,2,1157.0,0.0,CZK
SO-2025-008160,2,2025-06-12,2025-06-12,CZ-BRN-01,C015700,VM-ACC-0008,1,2313.0,0.0,CZK
SO-2025-008160,3,2025-06-12,2025-06-12,CZ-BRN-01,C015700,VM-APP-0006,2,1793.0,0.0,CZK
SO-2025-008161,1,2025-06-12,2025-06-15,CZ-WEB-01,C011670,VM-NUT-0007,4,75.0,0.05,CZK
SO-2025-008161,2,2025-06-12,2025-06-15,CZ-WEB-01,C011670,VM-APP-0006,1,1793.0,0.05,CZK
SO-2025-008161,3,2025-06-12,2025-06-15,CZ-WEB-01,C011670, VM-ACC-0011 ,1,416.0,0.05,CZK
SO-2025-008162,1,2025-06-12,2025-06-14,CZ-WEB-01,C015517,VM-CMP-0006,2,1157.0,0.05,CZK
SO-2025-008163,1,2025-06-12,2025-06-14,CZ-WEB-01,C015701,VM-CMP-0017,1,2892.0,0.0,CZK
SO-2025-008163,2,2025-06-12,2025-06-14,CZ-WEB-01,C015701,VM-ACC-0003,1,1677.0,0.0,CZK
SO-2025-008164,1,2025-06-12,2025-06-15,CZ-WEB-01,C015702,VM-NUT-0002,4,87.0,0.0,CZK
SO-2025-008164,2,2025-06-12,2025-06-15,CZ-WEB-01,C015702,VM-EBK-0009,1,57316.0,0.1,CZK
SO-2025-008165,1,2025-06-12,2025-06-14,CZ-WEB-01,C015703,VM-APP-0017,2,1099.0,0.05,CZK
SO-2025-008165,2,2025-06-12,2025-06-14,CZ-WEB-01,C015703,VM-BIK-0014,1,22151.0,0.05,CZK
SO-2025-008165,3,2025-06-12,2025-06-14,CZ-WEB-01,C015703,VM-ACC-0007,1,2082.0,0.05,CZK
SO-2025-008166,1,2025-06-12,2025-06-12,DE-BER-01,C015704,VM-APP-0012,1,203.95,0.05,EUR
SO-2025-008167,1,2025-06-12,2025-06-12,DE-BER-01,,VM-ACC-0014,1,25.78,0.0,EUR
SO-2025-008168,1,2025-06-12,2025-06-15,DE-WEB-01,C005788,VM-BIK-0009,1,1322.17,0.0,EUR
SO-2025-008169,1,2025-06-12,2025-06-13,DE-WEB-01,C002424,VM-EBK-0010,1,3162.43,0.0,EUR
SO-2025-008169,2,2025-06-12,2025-06-13,DE-WEB-01,C002424,VM-APP-0012,1,203.95,0.0,EUR
SO-2025-008170,1,2025-06-12,2025-06-13,DE-WEB-01,C015006,VM-ACC-0002,2,143.0,0.05,EUR
SO-2025-008171,1,2025-06-12,2025-06-16,DE-WEB-01,C015705,VM-CMP-0003,1,56.26,0.0,EUR
SO-2025-008171,2,2025-06-12,2025-06-16,DE-WEB-01,C015705,VM-EBK-0003,1,2130.95,0.0,EUR
SO-2025-008171,3,2025-06-12,2025-06-16,DE-WEB-01,C015705,VM-APP-0005,2,42.19,0.0,EUR
SO-2025-008172,1,2025-06-12,2025-06-13,DE-WEB-01,C015706,VM-BIK-0013,1,1125.25,0.05,EUR
SO-2025-008172,2,2025-06-12,2025-06-13,DE-WEB-01,C015706,VM-BIK-0008,1,1244.81,0.05,EUR
SO-2025-008172,3,2025-06-12,2025-06-13,DE-WEB-01,C015706,VM-ACC-0019,1,11.72,0.05,EUR
SO-2025-008173,1,2025-06-12,2025-06-13,DE-WEB-01,C015707,VM-CMP-0009,2,82.05,0.0,EUR
SO-2025-008174,1,2025-06-13,2025-06-13,PL-WAW-01,C004672,VM-BIK-0014,1,3829.99,0.05,PLN
SO-2025-008175,1,2025-06-13,2025-06-13,PL-WAW-01,,VM-ACC-0019,2,49.99,0.0,PLN
SO-2025-008175,2,2025-06-13,2025-06-13,PL-WAW-01,,VM-BIK-0021,1,1249.99,0.0,PLN
SO-2025-008176,1,2025-06-13,2025-06-13,PL-WAW-01,C012597,VM-BIK-0020,1,1209.99,0.0,PLN
SO-2025-008176,2,2025-06-13,2025-06-13,PL-WAW-01,C012597,VM-ACC-0014,1,109.99,0.0,PLN
SO-2025-008176,3,2025-06-13,2025-06-13,PL-WAW-01,C012597,VM-ACC-0013,1,169.99,0.0,PLN
SO-2025-008177,1,2025-06-13,2025-06-13,PL-WAW-02,C006592,VM-NUT-0011,4,53.99,0.0,PLN
SO-2025-008178,1,2025-06-13,2025-06-13,PL-WAW-02,,VM-APP-0004,2,239.99,0.05,PLN
SO-2025-008179,1,2025-06-13,2025-06-13,PL-WAW-02,,VM-ACC-0013,1,169.99,0.0,PLN
SO-2025-008179,2,2025-06-13,2025-06-13,PL-WAW-02,,VM-CMP-0016,1,2459.99,0.0,PLN
SO-2025-008180,1,2025-06-13,2025-06-13,PL-WAW-02,,VM-APP-0007,1,159.99,0.0,PLN
SO-2025-008181,1,2025-06-13,2025-06-13,PL-WAW-02,C014914,VM-BIK-0013,1,4799.99,0.05,PLN
SO-2025-008182,1,2025-06-13,2025-06-13,PL-KRK-01,C014259,VM-CMP-0016,1,2459.99,0.05,PLN
SO-2025-008182,2,2025-06-13,2025-06-13,PL-KRK-01,C014259,VM-ACC-0008,1,399.99,0.05,PLN
SO-2025-008182,3,2025-06-13,2025-06-13,PL-KRK-01,C014259,VM-ACC-0007,2,359.99,0.05,PLN
SO-2025-008182,4,2025-06-13,2025-06-13,PL-KRK-01,C014259,VM-ACC-0005,2,179.99,0.05,PLN
SO-2025-008183,1,2025-06-13,2025-06-13,PL-WRO-01,C015708,VM-BIK-0007,1,7049.99,0.0,PLN
SO-2025-008184,1,2025-06-13,2025-06-13,PL-WRO-01,C015709,VM-ACC-0003,1,289.99,0.05,PLN
SO-2025-008184,2,2025-06-13,2025-06-13,PL-WRO-01,C015709,VM-BIK-0019,1,1209.99,0.05,PLN
SO-2025-008185,1,2025-06-13,2025-06-13,PL-WRO-01,C012637,VM-BIK-0011,1,8649.99,0.0,PLN
SO-2025-008186,1,2025-06-13,2025-06-13,PL-WRO-01,C015710,VM-BIK-0013,4,4799.99,0.1,PLN
SO-2025-008186,2,2025-06-13,2025-06-13,PL-WRO-01,C015710,VM-ACC-0018,6,49.99,0.12,PLN
SO-2025-008187,1,2025-06-13,2025-06-13,PL-WRO-01,,VM-APP-0005,3,179.99,0.0,PLN
SO-2025-008188,1,2025-06-13,2025-06-13,PL-WRO-01,C010114,VM-NUT-0009,2,84.99,0.05,PLN
SO-2025-008189,1,2025-06-13,2025-06-13,PL-WRO-01,,VM-ACC-0014,1,109.99,0.0,PLN
SO-2025-008189,2,2025-06-13,2025-06-13,PL-WRO-01,,VM-NUT-0011,2,53.99,0.0,PLN
SO-2025-008189,3,2025-06-13,2025-06-13,PL-WRO-01,,VM-BIK-0012,1,11809.99,0.0,PLN
SO-2025-008190,1,2025-06-13,2025-06-13,PL-GDN-01,C000413,VM-APP-0006,1,309.99,0.0,PLN
SO-2025-008190,2,2025-06-13,2025-06-13,PL-GDN-01,C000413,VM-BIK-0001,1,13689.99,0.0,PLN
SO-2025-008191,1,2025-06-13,2025-06-13,PL-GDN-01,C015106,VM-CMP-0017,1,499.99,0.0,PLN
SO-2025-008191,2,2025-06-13,2025-06-13,PL-GDN-01,C015106,VM-EBK-0007,1,14699.99,0.0,PLN
SO-2025-008192,1,2025-06-13,2025-06-13,PL-GDN-01,,VM-EBK-0006,1,20139.99,0.0,PLN
SO-2025-008193,1,2025-06-13,2025-06-13,PL-GDN-01,C007365,VM-ACC-0020,1,809.99,0.0,PLN
SO-2025-008193,2,2025-06-13,2025-06-13,PL-GDN-01,C007365,VM-APP-0010,2,169.99,0.0,PLN
SO-2025-008194,1,2025-06-13,2025-06-13,PL-GDN-01,, VM-ACC-0003 ,1,289.99,0.0,PLN
SO-2025-008195,1,2025-06-13,2025-06-13,PL-GDN-01,C012629,VM-BIK-0007,5,7049.99,0.08,PLN
SO-2025-008196,1,2025-06-13,2025-06-13,PL-GDN-01,C015711,VM-NUT-0004,55,6.99,0.12,PLN
SO-2025-008197,1,2025-06-13,2025-06-13,PL-GDN-01,C015042, VM-ACC-0003 ,1,289.99,0.0,PLN
SO-2025-008197,2,2025-06-13,2025-06-13,PL-GDN-01,C015042,VM-BIK-0012,1,11809.99,0.0,PLN
SO-2025-008198,1,2025-06-13,2025-06-13,PL-POZ-01,C008286,VM-EBK-0002,1,9949.99,0.0,PLN
SO-2025-008198,2,2025-06-13,2025-06-13,PL-POZ-01,C008286,VM-ACC-0008,2,399.99,0.0,PLN
SO-2025-008199,1,2025-06-13,2025-06-13,PL-POZ-01,C011392,VM-NUT-0007,12,12.99,0.0,PLN
SO-2025-008199,2,2025-06-13,2025-06-13,PL-POZ-01,C011392, VM-CMP-0017 ,1,499.99,0.0,PLN
SO-2025-008199,3,2025-06-13,2025-06-13,PL-POZ-01,C011392,VM-APP-0007,2,159.99,0.0,PLN
SO-2025-008199,4,2025-06-13,2025-06-13,PL-POZ-01,C011392,VM-ACC-0010,2,249.99,0.0,PLN
SO-2025-008200,1,2025-06-13,2025-06-13,PL-POZ-01,C015451,VM-EBK-0009,1,9909.99,0.0,PLN
SO-2025-008200,2,2025-06-13,2025-06-13,PL-POZ-01,C015451,VM-ACC-0003,2,289.99,0.0,PLN
SO-2025-008200,3,2025-06-13,2025-06-13,PL-POZ-01,C015451,VM-EBK-0004,1,11079.99,0.0,PLN
SO-2025-008201,1,2025-06-13,2025-06-13,PL-LDZ-01,C015712,VM-CMP-0013,1,529.99,0.0,PLN
SO-2025-008202,1,2025-06-13,2025-06-14,PL-WEB-01,C014357,VM-EBK-0003,1,9089.99,0.0,PLN
SO-2025-008203,1,2025-06-13,2025-06-17,PL-WEB-01,C007699,VM-NUT-0002,7,14.99,0.0,PLN
SO-2025-008204,1,2025-06-13,2025-06-16,PL-WEB-01,C011086,VM-ACC-0014,1,109.99,0.0,PLN
SO-2025-008204,2,2025-06-13,2025-06-16,PL-WEB-01,C011086,VM-NUT-0001,11,8.99,0.0,PLN
SO-2025-008204,3,2025-06-13,2025-06-16,PL-WEB-01,C011086,VM-CMP-0013,1,529.99,0.0,PLN
SO-2025-008205,1,2025-06-13,2025-06-17,PL-WEB-01,C015713,VM-APP-0012,1,869.99,0.0,PLN
SO-2025-008205,2,2025-06-13,2025-06-17,PL-WEB-01,C015713,VM-ACC-0019,1,49.99,0.0,PLN
SO-2025-008206,1,2025-06-13,2025-06-15,PL-WEB-01,C013732,VM-NUT-0004,7,6.99,0.05,PLN
SO-2025-008206,2,2025-06-13,2025-06-15,PL-WEB-01,C013732,VM-APP-0002,1,439.99,0.05,PLN
SO-2025-008206,3,2025-06-13,2025-06-15,PL-WEB-01,C013732,VM-APP-0019,2,65.99,0.05,PLN
SO-2025-008206,4,2025-06-13,2025-06-15,PL-WEB-01,C013732,VM-ACC-0001,2,379.99,0.05,PLN
SO-2025-008207,1,2025-06-13,2025-06-17,PL-WEB-01,C015714,VM-ACC-0014,1,109.99,0.0,PLN
SO-2025-008207,2,2025-06-13,2025-06-17,PL-WEB-01,C015714,VM-BIK-0022,1,1399.99,0.0,PLN
SO-2025-008207,3,2025-06-13,2025-06-17,PL-WEB-01,C015714,VM-BIK-0005,1,7409.99,0.0,PLN
SO-2025-008207,4,2025-06-13,2025-06-17,PL-WEB-01,C015714,VM-NUT-0011,4,53.99,0.0,PLN
SO-2025-008208,1,2025-06-13,2025-06-15,PL-WEB-01,C015715,VM-NUT-0003,13,10.99,0.0,PLN
SO-2025-008209,1,2025-06-13,2025-06-14,PL-WEB-01,C015394,VM-ACC-0004,4,779.99,0.12,PLN
SO-2025-008210,1,2025-06-13,2025-06-17,PL-WEB-01,C010524,VM-ACC-0013,2,169.99,0.1,PLN
SO-2025-008211,1,2025-06-13,2025-06-16,PL-WEB-01,C010097,VM-APP-0002,2,439.99,0.05,PLN
SO-2025-008211,2,2025-06-13,2025-06-16,PL-WEB-01,C010097,VM-ACC-0008,1,399.99,0.05,PLN
SO-2025-008212,1,2025-06-13,2025-06-14,PL-WEB-01,C014614,VM-APP-0020,2,179.99,0.0,PLN
SO-2025-008212,2,2025-06-13,2025-06-14,PL-WEB-01,C014614,VM-APP-0012,1,869.99,0.0,PLN
SO-2025-008213,1,2025-06-13,2025-06-15,PL-WEB-01,C015716,VM-NUT-0003,14,10.99,0.0,PLN
SO-2025-008213,2,2025-06-13,2025-06-15,PL-WEB-01,C015716,VM-NUT-0006,12,9.99,0.0,PLN
SO-2025-008214,1,2025-06-13,2025-06-16,PL-WEB-01,C006483,VM-BIK-0013,4,4799.99,0.08,PLN
SO-2025-008214,2,2025-06-13,2025-06-16,PL-WEB-01,C006483,VM-ACC-0018,4,49.99,0.08,PLN
SO-2025-008215,1,2025-06-13,2025-06-15,PL-WEB-01,C013088,VM-APP-0013,1,439.99,0.0,PLN
SO-2025-008215,2,2025-06-13,2025-06-15,PL-WEB-01,C013088,VM-NUT-0011,4,53.99,0.05,PLN
SO-2025-008215,3,2025-06-13,2025-06-15,PL-WEB-01,C013088,vm-nut-0001,9,8.99,0.0,PLN
SO-2025-008216,1,2025-06-13,2025-06-16,PL-MKT-01,C011675,VM-NUT-0002,14,14.99,0.0,PLN
SO-2025-008217,1,2025-06-13,2025-06-14,PL-MKT-01,C015717,VM-ACC-0018,3,49.99,0.05,PLN
SO-2025-008217,2,2025-06-13,2025-06-14,PL-MKT-01,C015717,VM-CMP-0017,1,499.99,0.05,PLN
SO-2025-008218,1,2025-06-13,2025-06-15,PL-MKT-01,C015045,VM-ACC-0008,1,399.99,0.05,PLN
SO-2025-008219,1,2025-06-13,2025-06-14,PL-MKT-01,C015718,VM-CMP-0016,2,2459.99,0.05,PLN
SO-2025-008220,1,2025-06-13,2025-06-15,PL-MKT-01,C009559,VM-CMP-0011,2,159.99,0.05,PLN
SO-2025-008221,1,2025-06-13,2025-06-17,PL-MKT-01,C015719,VM-BIK-0009,1,5639.99,0.0,PLN
SO-2025-008222,1,2025-06-13,2025-06-16,PL-MKT-01,C007620,VM-NUT-0004,8,6.99,0.0,PLN
SO-2025-008222,2,2025-06-13,2025-06-16,PL-MKT-01,C007620,VM-ACC-0007,2,359.99,0.0,PLN
SO-2025-008222,3,2025-06-13,2025-06-16,PL-MKT-01,C007620,VM-ACC-0001,2,379.99,0.0,PLN
SO-2025-008222,4,2025-06-13,2025-06-16,PL-MKT-01,C007620,VM-NUT-0003,14,10.99,0.0,PLN
SO-2025-008223,1,2025-06-13,2025-06-15,PL-MKT-01,C015720,VM-NUT-0011,3,53.99,0.0,PLN
SO-2025-008224,1,2025-06-13,2025-06-13,CZ-PRG-01,C005855,VM-APP-0012,1,5032.0,0.05,CZK
SO-2025-008225,1,2025-06-13,2025-06-13,CZ-PRG-01,,VM-APP-0018,2,752.0,0.0,CZK
SO-2025-008225,2,2025-06-13,2025-06-13,CZ-PRG-01,,VM-NUT-0002,8,87.0,0.1,CZK
SO-2025-008225,3,2025-06-13,2025-06-13,CZ-PRG-01,,VM-ACC-0008,1,2313.0,0.05,CZK
SO-2025-008226,1,2025-06-13,2025-06-13,CZ-PRG-01,C014336,VM-CMP-0013,1,3065.0,0.0,CZK
SO-2025-008226,2,2025-06-13,2025-06-13,CZ-PRG-01,C014336,VM-BIK-0004,1,24696.0,0.0,CZK
SO-2025-008227,1,2025-06-13,2025-06-13,CZ-PRG-01,,VM-ACC-0020,1,4685.0,0.0,CZK
SO-2025-008227,2,2025-06-13,2025-06-13,CZ-PRG-01,,VM-CMP-0005,2,8560.0,0.0,CZK
SO-2025-008228,1,2025-06-13,2025-06-13,CZ-BRN-01,C015721,VM-ACC-0020,1,4685.0,0.0,CZK
SO-2025-008228,2,2025-06-13,2025-06-13,CZ-BRN-01,C015721,VM-BIK-0013,1,27762.0,0.0,CZK
SO-2025-008229,1,2025-06-13,2025-06-13,CZ-BRN-01,C001863,VM-BIK-0016,3,20763.0,0.1,CZK
SO-2025-008230,1,2025-06-13,2025-06-13,CZ-BRN-01,C015722,VM-ACC-0011,1,416.0,0.0,CZK
SO-2025-008231,1,2025-06-13,2025-06-16,CZ-WEB-01,C015723,VM-EBK-0008,1,87334.0,0.0,CZK
SO-2025-008231,2,2025-06-13,2025-06-16,CZ-WEB-01,C015723,VM-BIK-0021,1,7230.0,0.05,CZK
SO-2025-008232,1,2025-06-13,2025-06-15,CZ-WEB-01,C010572,VM-BIK-0005,1,42857.0,0.0,CZK
SO-2025-008233,1,2025-06-13,2025-06-16,CZ-WEB-01,C011079, VM-APP-0010 ,2,983.0,0.0,CZK
SO-2025-008234,1,2025-06-13,2025-06-14,CZ-WEB-01,C007490,VM-CMP-0014,1,2487.0,0.0,CZK
SO-2025-008234,2,2025-06-13,2025-06-14,CZ-WEB-01,C007490,VM-ACC-0018,3,289.0,0.0,CZK
SO-2025-008234,3,2025-06-13,2025-06-14,CZ-WEB-01,C007490,VM-BIK-0012,1,68305.0,0.0,CZK
SO-2025-008235,1,2025-06-13,2025-06-14,CZ-WEB-01,C005479,VM-NUT-0011,2,312.0,0.0,CZK
SO-2025-008236,1,2025-06-13,2025-06-15,CZ-WEB-01,C013937,VM-NUT-0002,8,87.0,0.0,CZK
SO-2025-008236,2,2025-06-13,2025-06-15,CZ-WEB-01,C013937,VM-APP-0019,1,382.0,0.0,CZK
SO-2025-008237,1,2025-06-13,2025-06-13,DE-BER-01,C015724,VM-NUT-0004,15,1.64,0.0,EUR
SO-2025-008237,2,2025-06-13,2025-06-13,DE-BER-01,C015724,VM-BIK-0012,1,2768.59,0.0,EUR
SO-2025-008237,3,2025-06-13,2025-06-13,DE-BER-01,C015724,VM-EBK-0003,1,2130.95,0.0,EUR
SO-2025-008238,1,2025-06-13,2025-06-13,DE-BER-01,C015725,VM-ACC-0003,2,67.98,0.0,EUR
SO-2025-008239,1,2025-06-13,2025-06-16,DE-WEB-01,C014427,VM-BIK-0013,1,1125.25,0.0,EUR
SO-2025-008240,1,2025-06-13,2025-06-16,DE-WEB-01,C013750,VM-NUT-0004,8,1.64,0.05,EUR
SO-2025-008241,1,2025-06-13,2025-06-14,DE-WEB-01,C015726,VM-CMP-0013,1,124.24,0.0,EUR
SO-2025-008242,1,2025-06-13,2025-06-17,DE-WEB-01,C014523,VM-BIK-0019,1,283.66,0.05,EUR
SO-2025-008243,1,2025-06-13,2025-06-15,DE-WEB-01,C015727,VM-EBK-0008,1,3539.86,0.05,EUR
SO-2025-008243,2,2025-06-13,2025-06-15,DE-WEB-01,C015727,VM-ACC-0018,3,11.72,0.05,EUR
SO-2025-008243,3,2025-06-13,2025-06-15,DE-WEB-01,C015727,VM-ACC-0009,2,93.77,0.05,EUR
SO-2025-008244,1,2025-06-13,2025-06-16,DE-WEB-01,C002646,VM-ACC-0014,1,25.78,0.05,EUR
SO-2025-008245,1,2025-06-13,2025-06-17,DE-WEB-01,C015728,VM-NUT-0006,11,2.34,0.0,EUR
SO-2025-008245,2,2025-06-13,2025-06-17,DE-WEB-01,C015728,VM-CMP-0023,1,13.83,0.0,EUR
SO-2025-008245,3,2025-06-13,2025-06-17,DE-WEB-01,C015728,VM-EBK-0003,1,2130.95,0.0,EUR
SO-2025-008246,1,2025-06-14,2025-06-14,PL-WAW-01,,VM-BIK-0007,1,7049.99,0.0,PLN
SO-2025-008247,1,2025-06-14,2025-06-14,PL-WAW-01,,VM-EBK-0008,1,15099.99,0.0,PLN
SO-2025-008248,1,2025-06-14,2025-06-14,PL-WAW-01,C010582,VM-BIK-0003,3,6539.99,0.12,PLN
SO-2025-008249,1,2025-06-14,2025-06-14,PL-WAW-01,C007016,VM-APP-0013,1,439.99,0.05,PLN
SO-2025-008250,1,2025-06-14,2025-06-14,PL-WAW-01,C015729,VM-CMP-0013,2,529.99,0.0,PLN
SO-2025-008250,2,2025-06-14,2025-06-14,PL-WAW-01,C015729,VM-APP-0004,3,239.99,0.0,PLN
SO-2025-008251,1,2025-06-14,2025-06-14,PL-WAW-01,C010454,VM-NUT-0004,9,6.99,0.0,PLN
SO-2025-008251,2,2025-06-14,2025-06-14,PL-WAW-01,C010454,VM-NUT-0009,2,84.99,0.0,PLN
SO-2025-008252,1,2025-06-14,2025-06-14,PL-WAW-01,C010336,VM-APP-0008,5,159.99,0.1,PLN
SO-2025-008252,2,2025-06-14,2025-06-14,PL-WAW-01,C010336,VM-APP-0014,4,489.99,0.08,PLN
SO-2025-008253,1,2025-06-14,2025-06-14,PL-WAW-01,C009806,VM-EBK-0008,1,15099.99,0.0,PLN
SO-2025-008254,1,2025-06-14,2025-06-14,PL-WAW-01,C012990,VM-APP-0006,1,309.99,0.0,PLN
SO-2025-008255,1,2025-06-14,2025-06-14,PL-WAW-01,,VM-EBK-0004,1,11079.99,0.0,PLN
SO-2025-008255,2,2025-06-14,2025-06-14,PL-WAW-01,,VM-BIK-0020,1,1209.99,0.0,PLN
SO-2025-008256,1,2025-06-14,2025-06-14,PL-WAW-01,,VM-CMP-0021,2,47.99,0.0,PLN
SO-2025-008257,1,2025-06-14,2025-06-14,PL-WAW-01,,VM-EBK-0002,1,9949.99,0.0,PLN
SO-2025-008257,2,2025-06-14,2025-06-14,PL-WAW-01,,VM-ACC-0008,1,399.99,0.0,PLN
SO-2025-008257,3,2025-06-14,2025-06-14,PL-WAW-01,,VM-APP-0020,1,179.99,0.0,PLN
SO-2025-008257,4,2025-06-14,2025-06-14,PL-WAW-01,,VM-ACC-0012,1,71.99,0.0,PLN
SO-2025-008258,1,2025-06-14,2025-06-14,PL-WAW-01,,VM-APP-0007,2,159.99,0.0,PLN
SO-2025-008259,1,2025-06-14,2025-06-14,PL-WAW-02,C013195,VM-EBK-0008,1,15099.99,0.0,PLN
SO-2025-008260,1,2025-06-14,2025-06-14,PL-WAW-02,C015730,VM-BIK-0004,1,4269.99,0.0,PLN
SO-2025-008261,1,2025-06-14,2025-06-14,PL-WAW-02,,VM-CMP-0013,1,529.99,0.05,PLN
SO-2025-008261,2,2025-06-14,2025-06-14,PL-WAW-02,,VM-ACC-0008,2,399.99,0.0,PLN
SO-2025-008261,3,2025-06-14,2025-06-14,PL-WAW-02,,VM-APP-0005,1,179.99,0.0,PLN
SO-2025-008261,4,2025-06-14,2025-06-14,PL-WAW-02,,VM-BIK-0020,1,1209.99,0.0,PLN
SO-2025-008262,1,2025-06-14,2025-06-14,PL-WAW-02,C011000,VM-BIK-0013,1,4799.99,0.0,PLN
SO-2025-008263,1,2025-06-14,2025-06-14,PL-WAW-02,C015731,VM-BIK-0001,1,13689.99,0.0,PLN
SO-2025-008264,1,2025-06-14,2025-06-14,PL-KRK-01,,VM-APP-0008,2,159.99,0.0,PLN
SO-2025-008264,2,2025-06-14,2025-06-14,PL-KRK-01,,VM-ACC-0007,1,359.99,0.0,PLN
SO-2025-008264,3,2025-06-14,2025-06-14,PL-KRK-01,,VM-ACC-0013,1,169.99,0.0,PLN
SO-2025-008264,4,2025-06-14,2025-06-14,PL-KRK-01,, VM-NUT-0003 ,10,10.99,0.0,PLN
SO-2025-008265,1,2025-06-14,2025-06-14,PL-KRK-01,C015732,VM-APP-0009,1,349.99,0.1,PLN
SO-2025-008266,1,2025-06-14,2025-06-14,PL-KRK-01,C012027,VM-ACC-0007,2,359.99,0.05,PLN
SO-2025-008267,1,2025-06-14,2025-06-14,PL-KRK-01,C015733,VM-NUT-0004,9,6.99,0.0,PLN
SO-2025-008267,2,2025-06-14,2025-06-14,PL-KRK-01,C015733,VM-NUT-0011,3,53.99,0.0,PLN
SO-2025-008268,1,2025-06-14,2025-06-14,PL-KRK-01,C008716,VM-NUT-0009,1,84.99,0.0,PLN
SO-2025-008268,2,2025-06-14,2025-06-14,PL-KRK-01,C008716,VM-BIK-0001,1,13689.99,0.0,PLN
SO-2025-008268,3,2025-06-14,2025-06-14,PL-KRK-01,C008716,VM-CMP-0009,2,349.99,0.0,PLN
SO-2025-008268,4,2025-06-14,2025-06-14,PL-KRK-01,C008716,VM-BIK-0009,1,5639.99,0.0,PLN
SO-2025-008269,1,2025-06-14,2025-06-14,PL-KRK-01,,VM-EBK-0011,1,14639.99,0.0,PLN
SO-2025-008270,1,2025-06-14,2025-06-14,PL-WRO-01,C012071,VM-CMP-0019,4,209.99,0.0,PLN
SO-2025-008271,1,2025-06-14,2025-06-14,PL-WRO-01,C013527,VM-EBK-0002,1,9949.99,0.0,PLN
SO-2025-008271,2,2025-06-14,2025-06-14,PL-WRO-01,C013527,VM-ACC-0018,2,49.99,0.0,PLN
SO-2025-008272,1,2025-06-14,2025-06-14,PL-WRO-01,,VM-CMP-0020,2,259.99,0.0,PLN
SO-2025-008273,1,2025-06-14,2025-06-14,PL-WRO-01,C009279,VM-ACC-0004,1,779.99,0.0,PLN
SO-2025-008273,2,2025-06-14,2025-06-14,PL-WRO-01,C009279,VM-BIK-0012,1,11809.99,0.0,PLN
SO-2025-008273,3,2025-06-14,2025-06-14,PL-WRO-01,C009279,VM-ACC-0005,1,179.99,0.0,PLN
SO-2025-008274,1,2025-06-14,2025-06-14,PL-WRO-01,C009506,VM-NUT-0009,4,84.99,0.05,PLN
SO-2025-008274,2,2025-06-14,2025-06-14,PL-WRO-01,C009506,VM-CMP-0018,2,61.99,0.05,PLN
SO-2025-008274,3,2025-06-14,2025-06-14,PL-WRO-01,C009506,VM-ACC-0007,2,359.99,0.05,PLN
SO-2025-008274,4,2025-06-14,2025-06-14,PL-WRO-01,C009506,VM-APP-0018,2,129.99,0.05,PLN
SO-2025-008275,1,2025-06-14,2025-06-14,PL-GDN-01,,VM-NUT-0006,10,9.99,0.0,PLN
SO-2025-008276,1,2025-06-14,2025-06-14,PL-GDN-01,,VM-BIK-0013,1,4799.99,0.0,PLN
SO-2025-008276,2,2025-06-14,2025-06-14,PL-GDN-01,,VM-BIK-0011,1,8649.99,0.0,PLN
SO-2025-008276,3,2025-06-14,2025-06-14,PL-GDN-01,,VM-APP-0010,1,169.99,0.0,PLN
SO-2025-008276,4,2025-06-14,2025-06-14,PL-GDN-01,,VM-EBK-0011,1,14639.99,0.0,PLN
SO-2025-008277,1,2025-06-14,2025-06-14,PL-GDN-01,C012421,VM-EBK-0007,1,14699.99,0.0,PLN
SO-2025-008278,1,2025-06-14,2025-06-14,PL-POZ-01,C015416,vm-acc-0017,2,57.99,0.05,PLN
SO-2025-008278,2,2025-06-14,2025-06-14,PL-POZ-01,C015416,VM-CMP-0013,1,529.99,0.0,PLN
SO-2025-008279,1,2025-06-14,2025-06-14,PL-POZ-01,C015734,VM-NUT-0001,13,8.99,0.0,PLN
SO-2025-008280,1,2025-06-14,2025-06-14,PL-POZ-01,,VM-BIK-0003,1,6539.99,0.0,PLN
SO-2025-008281,1,2025-06-14,2025-06-14,PL-POZ-01,C015735,VM-ACC-0007,1,359.99,0.0,PLN
SO-2025-008281,2,2025-06-14,2025-06-14,PL-POZ-01,C015735,VM-ACC-0015,1,349.99,0.0,PLN
SO-2025-008282,1,2025-06-14,2025-06-14,PL-POZ-01,C015736,VM-NUT-0006,5,9.99,0.0,PLN
SO-2025-008282,2,2025-06-14,2025-06-14,PL-POZ-01,C015736,VM-BIK-0007,1,7049.99,0.0,PLN
SO-2025-008282,3,2025-06-14,2025-06-14,PL-POZ-01,C015736,VM-APP-0006,2,309.99,0.0,PLN
SO-2025-008283,1,2025-06-14,2025-06-14,PL-LDZ-01,C015737,VM-ACC-0017,2,57.99,0.05,PLN
SO-2025-008283,2,2025-06-14,2025-06-14,PL-LDZ-01,C015737,VM-BIK-0004,1,4269.99,0.05,PLN
SO-2025-008284,1,2025-06-14,2025-06-14,PL-LDZ-01,,VM-EBK-0010,1,13489.99,0.0,PLN
SO-2025-008284,2,2025-06-14,2025-06-14,PL-LDZ-01,,VM-ACC-0013,1,169.99,0.0,PLN
SO-2025-008284,3,2025-06-14,2025-06-14,PL-LDZ-01,,VM-ACC-0004,1,779.99,0.0,PLN
SO-2025-008284,4,2025-06-14,2025-06-14,PL-LDZ-01,,VM-EBK-0003,1,9089.99,0.0,PLN
SO-2025-008285,1,2025-06-14,2025-06-14,PL-LDZ-01,,VM-CMP-0013,2,529.99,0.0,PLN
SO-2025-008286,1,2025-06-14,2025-06-15,PL-WEB-01,C015738,VM-BIK-0007,1,7049.99,0.0,PLN
SO-2025-008287,1,2025-06-14,2025-06-16,PL-WEB-01,C012255,VM-BIK-0012,1,11809.99,0.0,PLN
SO-2025-008288,1,2025-06-14,2025-06-17,PL-WEB-01,C010776,VM-APP-0010,3,169.99,0.12,PLN
SO-2025-008288,2,2025-06-14,2025-06-17,PL-WEB-01,C010776,VM-NUT-0006,48,9.99,0.08,PLN
SO-2025-008289,1,2025-06-14,2025-06-18,PL-WEB-01,C005921,VM-NUT-0004,16,6.99,0.08,PLN
SO-2025-008290,1,2025-06-14,2025-06-17,PL-WEB-01,C015739,VM-CMP-0023,4,58.99,0.0,PLN
SO-2025-008290,2,2025-06-14,2025-06-17,PL-WEB-01,C015739,VM-NUT-0006,12,9.99,0.0,PLN
SO-2025-008291,1,2025-06-14,2025-06-17,PL-WEB-01,C004224,VM-CMP-0014,1,429.99,0.0,PLN
SO-2025-008292,1,2025-06-14,2025-06-17,PL-WEB-01,C014853,VM-APP-0006,3,309.99,0.0,PLN
SO-2025-008293,1,2025-06-14,2025-06-17,PL-WEB-01,C006350,VM-BIK-0014,1,3829.99,0.05,PLN
SO-2025-008293,2,2025-06-14,2025-06-17,PL-WEB-01,C006350,VM-ACC-0007,1,359.99,0.05,PLN
SO-2025-008294,1,2025-06-14,2025-06-15,PL-WEB-01,C003024,VM-ACC-0023,1,929.99,0.0,PLN
SO-2025-008294,2,2025-06-14,2025-06-15,PL-WEB-01,C003024,VM-CMP-0009,1,349.99,0.0,PLN
SO-2025-008295,1,2025-06-14,2025-06-18,PL-WEB-01,C011206,VM-NUT-0004,7,6.99,0.05,PLN
SO-2025-008295,2,2025-06-14,2025-06-18,PL-WEB-01,C011206,VM-NUT-0009,4,84.99,0.05,PLN
SO-2025-008295,3,2025-06-14,2025-06-18,PL-WEB-01,C011206,VM-APP-0004,2,239.99,0.05,PLN
SO-2025-008296,1,2025-06-14,2025-06-16,PL-WEB-01,C010792,VM-CMP-0005,1,1479.99,0.0,PLN
SO-2025-008297,1,2025-06-14,2025-06-15,PL-WEB-01,C012173,VM-CMP-0006,2,199.99,0.05,PLN
SO-2025-008298,1,2025-06-14,2025-06-16,PL-WEB-01,C015740,VM-BIK-0012,1,11809.99,0.0,PLN
SO-2025-008298,2,2025-06-14,2025-06-16,PL-WEB-01,C015740,VM-ACC-0014,1,109.99,0.0,PLN
SO-2025-008299,1,2025-06-14,2025-06-18,PL-WEB-01,C011433,vm-cmp-0017,1,499.99,0.05,PLN
SO-2025-008299,2,2025-06-14,2025-06-18,PL-WEB-01,C011433,VM-NUT-0004,8,6.99,0.0,PLN
SO-2025-008300,1,2025-06-14,2025-06-17,PL-MKT-01,C012905,VM-ACC-0014,1,109.99,0.0,PLN
SO-2025-008300,2,2025-06-14,2025-06-17,PL-MKT-01,C012905,VM-ACC-0008,2,399.99,0.0,PLN
SO-2025-008300,3,2025-06-14,2025-06-17,PL-MKT-01,C012905,VM-APP-0002,2,439.99,0.0,PLN
SO-2025-008301,1,2025-06-14,2025-06-16,PL-MKT-01,C010033,VM-ACC-0008,1,399.99,0.05,PLN
SO-2025-008301,2,2025-06-14,2025-06-16,PL-MKT-01,C010033,VM-NUT-0011,4,53.99,0.05,PLN
SO-2025-008302,1,2025-06-14,2025-06-15,PL-MKT-01,C015741,VM-BIK-0012,1,11809.99,0.0,PLN
SO-2025-008303,1,2025-06-14,2025-06-14,CZ-PRG-01,C009824,VM-BIK-0017,1,11047.0,0.0,CZK
SO-2025-008304,1,2025-06-14,2025-06-14,CZ-PRG-01,,VM-APP-0010,1,983.0,0.0,CZK
SO-2025-008304,2,2025-06-14,2025-06-14,CZ-PRG-01,,VM-BIK-0009,1,32620.0,0.0,CZK
SO-2025-008305,1,2025-06-14,2025-06-14,CZ-PRG-01,,VM-BIK-0008,1,30711.0,0.0,CZK
SO-2025-008306,1,2025-06-14,2025-06-14,CZ-PRG-01,C014795,VM-EBK-0007,1,85020.0,0.0,CZK
SO-2025-008307,1,2025-06-14,2025-06-14,CZ-PRG-01,,VM-ACC-0008,1,2313.0,0.0,CZK
SO-2025-008307,2,2025-06-14,2025-06-14,CZ-PRG-01,,VM-BIK-0016,1,20763.0,0.0,CZK
SO-2025-008308,1,2025-06-14,2025-06-14,CZ-PRG-01,C015742,VM-ACC-0018,3,289.0,0.0,CZK
SO-2025-008309,1,2025-06-14,2025-06-14,CZ-PRG-01,C012691,VM-EBK-0002,1,57548.0,0.05,CZK
SO-2025-008309,2,2025-06-14,2025-06-14,CZ-PRG-01,C012691,VM-NUT-0004,15,40.0,0.05,CZK
SO-2025-008310,1,2025-06-14,2025-06-14,CZ-PRG-01,C015743,VM-BIK-0009,1,32620.0,0.0,CZK
SO-2025-008310,2,2025-06-14,2025-06-14,CZ-PRG-01,C015743,VM-ACC-0003,1,1677.0,0.0,CZK
SO-2025-008311,1,2025-06-14,2025-06-14,CZ-PRG-01,C015744,VM-ACC-0002,1,3528.0,0.05,CZK
SO-2025-008311,2,2025-06-14,2025-06-14,CZ-PRG-01,C015744,VM-NUT-0002,8,87.0,0.05,CZK
SO-2025-008312,1,2025-06-14,2025-06-14,CZ-PRG-01,C015745,VM-ACC-0008,2,2313.0,0.0,CZK
SO-2025-008312,2,2025-06-14,2025-06-14,CZ-PRG-01,C015745,VM-NUT-0003,11,64.0,0.0,CZK
SO-2025-008312,3,2025-06-14,2025-06-14,CZ-PRG-01,C015745,VM-NUT-0004,6,40.0,0.0,CZK
SO-2025-008313,1,2025-06-14,2025-06-14,CZ-BRN-01,C014943,VM-CMP-0020,2,1504.0,0.0,CZK
SO-2025-008314,1,2025-06-14,2025-06-14,CZ-BRN-01,C011580,VM-ACC-0020,1,4685.0,0.0,CZK
SO-2025-008314,2,2025-06-14,2025-06-14,CZ-BRN-01,C011580,VM-BIK-0016,1,20763.0,0.0,CZK
SO-2025-008314,3,2025-06-14,2025-06-14,CZ-BRN-01,C011580,VM-CMP-0014,2,2487.0,0.0,CZK
SO-2025-008314,4,2025-06-14,2025-06-14,CZ-BRN-01,C011580,VM-EBK-0003,1,52574.0,0.0,CZK
SO-2025-008315,1,2025-06-14,2025-06-14,CZ-BRN-01,C009124,VM-CMP-0013,1,3065.0,0.0,CZK
SO-2025-008315,2,2025-06-14,2025-06-14,CZ-BRN-01,C009124,VM-BIK-0010,1,36553.0,0.1,CZK
SO-2025-008315,3,2025-06-14,2025-06-14,CZ-BRN-01,C009124,VM-APP-0013,1,2545.0,0.0,CZK
SO-2025-008316,1,2025-06-14,2025-06-14,CZ-BRN-01,,VM-BIK-0007,1,40775.0,0.0,CZK
SO-2025-008317,1,2025-06-14,2025-06-14,CZ-BRN-01,C015476,VM-BIK-0008,1,30711.0,0.0,CZK
SO-2025-008318,1,2025-06-14,2025-06-17,CZ-WEB-01,C015746,VM-NUT-0011,12,312.0,0.1,CZK
SO-2025-008318,2,2025-06-14,2025-06-17,CZ-WEB-01,C015746,VM-NUT-0009,8,492.0,0.08,CZK
SO-2025-008319,1,2025-06-14,2025-06-16,CZ-WEB-01,C015476,VM-APP-0002,2,2545.0,0.0,CZK
SO-2025-008320,1,2025-06-14,2025-06-15,CZ-WEB-01,C000036,VM-APP-0010,1,983.0,0.0,CZK
SO-2025-008320,2,2025-06-14,2025-06-15,CZ-WEB-01,C000036,VM-APP-0015,1,3297.0,0.0,CZK
SO-2025-008321,1,2025-06-14,2025-06-14,DE-BER-01,,VM-NUT-0001,13,2.11,0.0,EUR
SO-2025-008322,1,2025-06-14,2025-06-14,DE-BER-01,C011985,VM-CMP-0001,1,93.77,0.0,EUR
SO-2025-008322,2,2025-06-14,2025-06-14,DE-BER-01,C011985,VM-EBK-0006,1,4721.38,0.0,EUR
SO-2025-008323,1,2025-06-14,2025-06-14,DE-BER-01,,VM-BIK-0012,1,2768.59,0.0,EUR
SO-2025-008323,2,2025-06-14,2025-06-14,DE-BER-01,,VM-EBK-0004,1,2597.46,0.0,EUR
SO-2025-008324,1,2025-06-14,2025-06-14,DE-BER-01,C005463,VM-CMP-0003,2,56.26,0.1,EUR
SO-2025-008324,2,2025-06-14,2025-06-14,DE-BER-01,C005463,VM-BIK-0013,1,1125.25,0.0,EUR
SO-2025-008324,3,2025-06-14,2025-06-14,DE-BER-01,C005463,VM-BIK-0001,1,3209.32,0.0,EUR
SO-2025-008324,4,2025-06-14,2025-06-14,DE-BER-01,C005463,VM-APP-0013,1,103.15,0.0,EUR
SO-2025-008325,1,2025-06-14,2025-06-14,DE-BER-01,,VM-NUT-0009,2,19.92,0.0,EUR
SO-2025-008326,1,2025-06-14,2025-06-14,DE-BER-01,,VM-ACC-0013,1,39.85,0.0,EUR
SO-2025-008326,2,2025-06-14,2025-06-14,DE-BER-01,,VM-CMP-0007,2,147.69,0.0,EUR
SO-2025-008327,1,2025-06-14,2025-06-14,DE-BER-01,,VM-ACC-0017,3,13.59,0.0,EUR
SO-2025-008327,2,2025-06-14,2025-06-14,DE-BER-01,,VM-BIK-0012,1,2768.59,0.0,EUR
SO-2025-008328,1,2025-06-14,2025-06-14,DE-BER-01,C015747,vm-nut-0009,2,19.92,0.0,EUR
SO-2025-008329,1,2025-06-14,2025-06-14,DE-BER-01,C015229,VM-ACC-0005,1,42.19,0.0,EUR
SO-2025-008330,1,2025-06-14,2025-06-18,DE-WEB-01,C015748,VM-ACC-0008,2,93.77,0.0,EUR
SO-2025-008331,1,2025-06-14,2025-06-16,DE-WEB-01,C015749,VM-CMP-0015,2,215.67,0.0,EUR
SO-2025-008332,1,2025-06-15,2025-06-16,PL-WEB-01,C015055,VM-EBK-0008,1,15099.99,0.05,PLN
SO-2025-008332,2,2025-06-15,2025-06-16,PL-WEB-01,C015055,vm-acc-0019,1,49.99,0.05,PLN
SO-2025-008332,3,2025-06-15,2025-06-16,PL-WEB-01,C015055,VM-ACC-0008,1,399.99,0.05,PLN
SO-2025-008333,1,2025-06-15,2025-06-19,PL-WEB-01,C015750,VM-ACC-0020,1,809.99,0.0,PLN
SO-2025-008333,2,2025-06-15,2025-06-19,PL-WEB-01,C015750,VM-ACC-0008,2,399.99,0.0,PLN
SO-2025-008334,1,2025-06-15,2025-06-16,PL-WEB-01,C013401,VM-CMP-0012,2,539.99,0.05,PLN
SO-2025-008335,1,2025-06-15,2025-06-17,PL-WEB-01,C007161,VM-ACC-0017,1,57.99,0.0,PLN
SO-2025-008336,1,2025-06-15,2025-06-18,PL-WEB-01,C012121,VM-ACC-0008,1,399.99,0.0,PLN
SO-2025-008337,1,2025-06-15,2025-06-16,PL-WEB-01,C013437,VM-BIK-0007,1,7049.99,0.1,PLN
SO-2025-008338,1,2025-06-15,2025-06-17,PL-WEB-01,C013369,VM-ACC-0004,1,779.99,0.0,PLN
SO-2025-008339,1,2025-06-15,2025-06-18,PL-WEB-01,C010827,VM-ACC-0003,8,289.99,0.12,PLN
SO-2025-008340,1,2025-06-15,2025-06-16,PL-WEB-01,C015751,VM-ACC-0012,1,71.99,0.0,PLN
SO-2025-008340,2,2025-06-15,2025-06-16,PL-WEB-01,C015751,VM-NUT-0011,3,53.99,0.0,PLN
SO-2025-008341,1,2025-06-15,2025-06-16,PL-WEB-01,C012055,VM-BIK-0016,1,3589.99,0.05,PLN
SO-2025-008342,1,2025-06-15,2025-06-19,PL-WEB-01,C015752,VM-BIK-0019,1,1209.99,0.05,PLN
SO-2025-008343,1,2025-06-15,2025-06-17,PL-WEB-01,C011707,VM-CMP-0017,1,499.99,0.0,PLN
SO-2025-008343,2,2025-06-15,2025-06-17,PL-WEB-01,C011707,VM-BIK-0013,1,4799.99,0.0,PLN
SO-2025-008344,1,2025-06-15,2025-06-17,PL-WEB-01,C006494,VM-CMP-0002,2,559.99,0.05,PLN
SO-2025-008345,1,2025-06-15,2025-06-18,PL-WEB-01,C004623,VM-ACC-0014,1,109.99,0.05,PLN
SO-2025-008346,1,2025-06-15,2025-06-16,PL-WEB-01,C014166,VM-APP-0015,1,569.99,0.0,PLN
SO-2025-008347,1,2025-06-15,2025-06-16,PL-WEB-01,C015662,VM-EBK-0008,1,15099.99,0.0,PLN
SO-2025-008347,2,2025-06-15,2025-06-16,PL-WEB-01,C015662,VM-ACC-0014,1,109.99,0.0,PLN
SO-2025-008348,1,2025-06-15,2025-06-16,PL-WEB-01,C007979,VM-NUT-0009,1,84.99,0.0,PLN
SO-2025-008349,1,2025-06-15,2025-06-17,PL-WEB-01,C015242,VM-CMP-0013,1,529.99,0.0,PLN
SO-2025-008350,1,2025-06-15,2025-06-18,PL-WEB-01,C012181,VM-NUT-0004,3,6.99,0.05,PLN
SO-2025-008351,1,2025-06-15,2025-06-18,PL-WEB-01,C015753,VM-CMP-0022,1,35.99,0.0,PLN
SO-2025-008352,1,2025-06-15,2025-06-18,PL-MKT-01,C010863,VM-ACC-0008,1,399.99,0.05,PLN
SO-2025-008353,1,2025-06-15,2025-06-19,PL-MKT-01,C015754,VM-BIK-0009,1,5639.99,0.0,PLN
SO-2025-008354,1,2025-06-15,2025-06-16,PL-MKT-01,C010188,VM-EBK-0003,1,9089.99,0.0,PLN
SO-2025-008354,2,2025-06-15,2025-06-16,PL-MKT-01,C010188,VM-ACC-0012,1,71.99,0.0,PLN
SO-2025-008354,3,2025-06-15,2025-06-16,PL-MKT-01,C010188,VM-BIK-0009,1,5639.99,0.0,PLN
SO-2025-008355,1,2025-06-15,2025-06-17,PL-MKT-01,C013829,VM-APP-0006,3,309.99,0.0,PLN
SO-2025-008356,1,2025-06-15,2025-06-18,PL-MKT-01,C015755,VM-CMP-0018,4,61.99,0.0,PLN
SO-2025-008356,2,2025-06-15,2025-06-18,PL-MKT-01,C015755,VM-CMP-0008,2,439.99,0.0,PLN
SO-2025-008356,3,2025-06-15,2025-06-18,PL-MKT-01,C015755,VM-BIK-0004,1,4269.99,0.0,PLN
SO-2025-008357,1,2025-06-15,2025-06-17,PL-MKT-01,C011367,VM-EBK-0004,1,11079.99,0.05,PLN
SO-2025-008357,2,2025-06-15,2025-06-17,PL-MKT-01,C011367,VM-NUT-0001,13,8.99,0.05,PLN
SO-2025-008358,1,2025-06-15,2025-06-19,PL-MKT-01,C005290,VM-NUT-0011,3,53.99,0.0,PLN
SO-2025-008358,2,2025-06-15,2025-06-19,PL-MKT-01,C005290,VM-NUT-0004,3,6.99,0.0,PLN
SO-2025-008359,1,2025-06-15,2025-06-17,PL-MKT-01,C014478,VM-EBK-0011,1,14639.99,0.0,PLN
SO-2025-008359,2,2025-06-15,2025-06-17,PL-MKT-01,C014478,VM-ACC-0007,2,359.99,0.0,PLN
SO-2025-008359,3,2025-06-15,2025-06-17,PL-MKT-01,C014478,VM-CMP-0013,2,529.99,0.0,PLN
SO-2025-008360,1,2025-06-15,2025-06-15,CZ-PRG-01,C011213,VM-ACC-0020,5,4685.0,0.1,CZK
SO-2025-008361,1,2025-06-15,2025-06-15,CZ-PRG-01,C005351,VM-BIK-0013,1,27762.0,0.0,CZK
SO-2025-008362,1,2025-06-15,2025-06-15,CZ-BRN-01,C014616,VM-BIK-0005,1,42857.0,0.0,CZK
SO-2025-008362,2,2025-06-15,2025-06-15,CZ-BRN-01,C014616,VM-ACC-0018,2,289.0,0.0,CZK
SO-2025-008362,3,2025-06-15,2025-06-15,CZ-BRN-01,C014616,VM-ACC-0019,3,289.0,0.0,CZK
SO-2025-008363,1,2025-06-15,2025-06-15,CZ-BRN-01,,VM-EBK-0011,1,84673.0,0.0,CZK
SO-2025-008363,2,2025-06-15,2025-06-15,CZ-BRN-01,,VM-APP-0002,2,2545.0,0.0,CZK
SO-2025-008364,1,2025-06-15,2025-06-19,CZ-WEB-01,C012485,VM-BIK-0007,5,40775.0,0.12,CZK
SO-2025-008364,2,2025-06-15,2025-06-19,CZ-WEB-01,C012485,VM-ACC-0001,5,2198.0,0.08,CZK
SO-2025-008364,3,2025-06-15,2025-06-19,CZ-WEB-01,C012485,VM-ACC-0008,4,2313.0,0.08,CZK
SO-2025-008364,4,2025-06-15,2025-06-19,CZ-WEB-01,C012485,VM-ACC-0014,4,636.0,0.1,CZK
SO-2025-008365,1,2025-06-15,2025-06-19,CZ-WEB-01,C014144,VM-CMP-0019,1,1215.0,0.0,CZK
SO-2025-008366,1,2025-06-15,2025-06-19,CZ-WEB-01,C015756,VM-ACC-0014,1,636.0,0.0,CZK
SO-2025-008367,1,2025-06-15,2025-06-16,CZ-WEB-01,C015757,VM-EBK-0009,1,57316.0,0.0,CZK
SO-2025-008368,1,2025-06-15,2025-06-17,CZ-WEB-01,C005930,VM-BIK-0014,1,22151.0,0.0,CZK
SO-2025-008368,2,2025-06-15,2025-06-17,CZ-WEB-01,C005930,VM-ACC-0019,2,289.0,0.0,CZK
SO-2025-008369,1,2025-06-15,2025-06-17,DE-WEB-01,C013422,VM-EBK-0008,1,3539.86,0.0,EUR
SO-2025-008370,1,2025-06-15,2025-06-17,DE-WEB-01,C009914,VM-APP-0007,2,37.51,0.0,EUR
SO-2025-008371,1,2025-06-15,2025-06-19,DE-WEB-01,C015758,VM-EBK-0007,1,3446.09,0.0,EUR
SO-2025-008371,2,2025-06-15,2025-06-19,DE-WEB-01,C015758,VM-CMP-0002,1,131.28,0.0,EUR
SO-2025-008372,1,2025-06-15,2025-06-16,DE-WEB-01,C015759,VM-EBK-0003,1,2130.95,0.0,EUR
SO-2025-008372,2,2025-06-15,2025-06-16,DE-WEB-01,C015759,VM-BIK-0012,1,2768.59,0.0,EUR
SO-2025-008372,3,2025-06-15,2025-06-16,DE-WEB-01,C015759,VM-ACC-0004,1,182.85,0.0,EUR
SO-2025-008373,1,2025-06-15,2025-06-19,DE-WEB-01,C015760,VM-ACC-0013,1,39.85,0.0,EUR
SO-2025-008373,2,2025-06-15,2025-06-19,DE-WEB-01,C015760,VM-EBK-0003,1,2130.95,0.0,EUR
SO-2025-008373,3,2025-06-15,2025-06-19,DE-WEB-01,C015760,VM-CMP-0020,3,60.95,0.0,EUR
SO-2025-008374,1,2025-06-15,2025-06-18,DE-WEB-01,C015761,VM-CMP-0014,2,100.8,0.0,EUR
SO-2025-008375,1,2025-06-15,2025-06-16,DE-WEB-01,C007073,VM-BIK-0012,1,2768.59,0.0,EUR
SO-2025-008375,2,2025-06-15,2025-06-16,DE-WEB-01,C007073,VM-ACC-0002,2,143.0,0.0,EUR
SO-2025-008376,1,2025-06-16,2025-06-16,PL-WAW-01,,vm-nut-0006,9,9.99,0.0,PLN
SO-2025-008377,1,2025-06-16,2025-06-16,PL-WAW-01,C015619,VM-APP-0004,3,239.99,0.0,PLN
SO-2025-008378,1,2025-06-16,2025-06-16,PL-WAW-01,C013568,VM-EBK-0010,1,13489.99,0.0,PLN
SO-2025-008378,2,2025-06-16,2025-06-16,PL-WAW-01,C013568,VM-ACC-0001,1,379.99,0.0,PLN
SO-2025-008378,3,2025-06-16,2025-06-16,PL-WAW-01,C013568,VM-ACC-0008,2,399.99,0.05,PLN
SO-2025-008378,4,2025-06-16,2025-06-16,PL-WAW-01,C013568,VM-ACC-0003,2,289.99,0.0,PLN
SO-2025-008379,1,2025-06-16,2025-06-16,PL-WAW-01,,VM-BIK-0014,1,3829.99,0.0,PLN
SO-2025-008379,2,2025-06-16,2025-06-16,PL-WAW-01,,VM-ACC-0009,1,399.99,0.0,PLN
SO-2025-008380,1,2025-06-16,2025-06-16,PL-WAW-02,,VM-BIK-0009,1,5639.99,0.0,PLN
SO-2025-008380,2,2025-06-16,2025-06-16,PL-WAW-02,,VM-NUT-0006,4,9.99,0.0,PLN
SO-2025-008380,3,2025-06-16,2025-06-16,PL-WAW-02,,VM-ACC-0017,1,57.99,0.05,PLN
SO-2025-008381,1,2025-06-16,2025-06-16,PL-WAW-02,C015762,VM-ACC-0010,1,249.99,0.05,PLN
SO-2025-008381,2,2025-06-16,2025-06-16,PL-WAW-02,C015762,VM-ACC-0013,1,169.99,0.0,PLN
SO-2025-008382,1,2025-06-16,2025-06-16,PL-WAW-02,C013819,VM-APP-0003,3,309.99,0.0,PLN
SO-2025-008382,2,2025-06-16,2025-06-16,PL-WAW-02,C013819,vm-ebk-0009,1,9909.99,0.0,PLN
SO-2025-008383,1,2025-06-16,2025-06-16,PL-WAW-02,,VM-BIK-0002,1,9629.99,0.0,PLN
SO-2025-008384,1,2025-06-16,2025-06-16,PL-WAW-02,,VM-APP-0009,1,349.99,0.0,PLN
SO-2025-008385,1,2025-06-16,2025-06-16,PL-KRK-01,C015763,VM-BIK-0012,1,11809.99,0.0,PLN
SO-2025-008385,2,2025-06-16,2025-06-16,PL-KRK-01,C015763,VM-ACC-0014,1,109.99,0.0,PLN
SO-2025-008385,3,2025-06-16,2025-06-16,PL-KRK-01,C015763,VM-ACC-0008,2,399.99,0.0,PLN
SO-2025-008386,1,2025-06-16,2025-06-16,PL-KRK-01,C015764,VM-BIK-0009,1,5639.99,0.0,PLN
SO-2025-008387,1,2025-06-16,2025-06-16,PL-KRK-01,,VM-APP-0015,1,569.99,0.0,PLN
SO-2025-008387,2,2025-06-16,2025-06-16,PL-KRK-01,,VM-BIK-0019,1,1209.99,0.0,PLN
SO-2025-008387,3,2025-06-16,2025-06-16,PL-KRK-01,,VM-CMP-0017,2,499.99,0.0,PLN
SO-2025-008388,1,2025-06-16,2025-06-16,PL-KRK-01,,VM-BIK-0004,1,4269.99,0.0,PLN
SO-2025-008389,1,2025-06-16,2025-06-16,PL-KRK-01,C015765,VM-BIK-0017,1,1909.99,0.0,PLN
SO-2025-008390,1,2025-06-16,2025-06-16,PL-WRO-01,C006810,VM-BIK-0012,1,11809.99,0.05,PLN
SO-2025-008390,2,2025-06-16,2025-06-16,PL-WRO-01,C006810,VM-ACC-0015,1,349.99,0.05,PLN
SO-2025-008391,1,2025-06-16,2025-06-16,PL-WRO-01,C010689,VM-APP-0002,1,439.99,0.0,PLN
SO-2025-008392,1,2025-06-16,2025-06-16,PL-WRO-01,C015766,VM-NUT-0002,12,14.99,0.0,PLN
SO-2025-008393,1,2025-06-16,2025-06-16,PL-WRO-01,,VM-CMP-0001,2,399.99,0.0,PLN
SO-2025-008394,1,2025-06-16,2025-06-16,PL-GDN-01,,VM-ACC-0020,1,809.99,0.0,PLN
SO-2025-008395,1,2025-06-16,2025-06-16,PL-GDN-01,,VM-BIK-0006,1,6589.99,0.0,PLN
SO-2025-008395,2,2025-06-16,2025-06-16,PL-GDN-01,,VM-ACC-0004,2,779.99,0.0,PLN
SO-2025-008396,1,2025-06-16,2025-06-16,PL-GDN-01,C015767,vm-cmp-0020,3,259.99,0.1,PLN
SO-2025-008397,1,2025-06-16,2025-06-16,PL-GDN-01,C015768,VM-BIK-0006,1,6589.99,0.05,PLN
SO-2025-008397,2,2025-06-16,2025-06-16,PL-GDN-01,C015768,VM-ACC-0014,1,109.99,0.05,PLN
SO-2025-008398,1,2025-06-16,2025-06-16,PL-POZ-01,C015769,VM-APP-0002,1,439.99,0.0,PLN
SO-2025-008399,1,2025-06-16,2025-06-16,PL-POZ-01,,VM-CMP-0005,1,1479.99,0.0,PLN
SO-2025-008400,1,2025-06-16,2025-06-16,PL-POZ-01,C015770,VM-ACC-0014,1,109.99,0.0,PLN
SO-2025-008400,2,2025-06-16,2025-06-16,PL-POZ-01,C015770,VM-NUT-0002,4,14.99,0.0,PLN
SO-2025-008400,3,2025-06-16,2025-06-16,PL-POZ-01,C015770,VM-APP-0002,1,439.99,0.1,PLN
SO-2025-008400,4,2025-06-16,2025-06-16,PL-POZ-01,C015770,VM-APP-0012,1,869.99,0.0,PLN
SO-2025-008401,1,2025-06-16,2025-06-16,PL-POZ-01,C015771,VM-ACC-0008,2,399.99,0.0,PLN
SO-2025-008402,1,2025-06-16,2025-06-16,PL-POZ-01,,VM-NUT-0011,2,53.99,0.0,PLN
SO-2025-008403,1,2025-06-16,2025-06-16,PL-LDZ-01,, VM-NUT-0004 ,4,6.99,0.0,PLN
SO-2025-008403,2,2025-06-16,2025-06-16,PL-LDZ-01,,VM-NUT-0006,8,9.99,0.0,PLN
SO-2025-008404,1,2025-06-16,2025-06-16,PL-LDZ-01,C007259,VM-APP-0020,1,179.99,0.05,PLN
SO-2025-008404,2,2025-06-16,2025-06-16,PL-LDZ-01,C007259,VM-ACC-0006,1,949.99,0.05,PLN
SO-2025-008404,3,2025-06-16,2025-06-16,PL-LDZ-01,C007259,VM-NUT-0004,15,6.99,0.05,PLN
SO-2025-008405,1,2025-06-16,2025-06-19,PL-WEB-01,C008675,VM-NUT-0009,3,84.99,0.0,PLN
SO-2025-008405,2,2025-06-16,2025-06-19,PL-WEB-01,C008675,VM-APP-0008,2,159.99,0.0,PLN
SO-2025-008406,1,2025-06-16,2025-06-17,PL-WEB-01,C015772,VM-EBK-0002,1,9949.99,0.0,PLN
SO-2025-008407,1,2025-06-16,2025-06-18,PL-WEB-01,C001332,VM-NUT-0001,10,8.99,0.0,PLN
SO-2025-008408,1,2025-06-16,2025-06-17,PL-WEB-01,C015773,VM-ACC-0002,1,609.99,0.0,PLN
SO-2025-008409,1,2025-06-16,2025-06-19,PL-WEB-01,C015774,VM-CMP-0004,1,719.99,0.0,PLN
SO-2025-008409,2,2025-06-16,2025-06-19,PL-WEB-01,C015774,VM-BIK-0009,1,5639.99,0.0,PLN
SO-2025-008410,1,2025-06-16,2025-06-19,PL-WEB-01,C015775,VM-ACC-0008,1,399.99,0.05,PLN
SO-2025-008411,1,2025-06-16,2025-06-20,PL-WEB-01,C015776,VM-ACC-0019,1,49.99,0.0,PLN
SO-2025-008412,1,2025-06-16,2025-06-18,PL-WEB-01,C015777,VM-BIK-0004,1,4269.99,0.0,PLN
SO-2025-008412,2,2025-06-16,2025-06-18,PL-WEB-01,C015777,VM-ACC-0014,1,109.99,0.0,PLN
SO-2025-008412,3,2025-06-16,2025-06-18,PL-WEB-01,C015777,VM-BIK-0019,1,1209.99,0.0,PLN
SO-2025-008413,1,2025-06-16,2025-06-20,PL-WEB-01,C015778,VM-NUT-0009,2,84.99,0.0,PLN
SO-2025-008413,2,2025-06-16,2025-06-20,PL-WEB-01,C015778,VM-CMP-0017,1,499.99,0.0,PLN
SO-2025-008414,1,2025-06-16,2025-06-19,PL-WEB-01,C008576,VM-CMP-0014,1,429.99,0.0,PLN
SO-2025-008414,2,2025-06-16,2025-06-19,PL-WEB-01,C008576,VM-APP-0005,2,179.99,0.0,PLN
SO-2025-008414,3,2025-06-16,2025-06-19,PL-WEB-01,C008576,VM-ACC-0008,1,399.99,0.0,PLN
SO-2025-008415,1,2025-06-16,2025-06-20,PL-WEB-01,C015779,VM-ACC-0014,1,109.99,0.0,PLN
SO-2025-008415,2,2025-06-16,2025-06-20,PL-WEB-01,C015779,VM-CMP-0005,1,1479.99,0.0,PLN
SO-2025-008416,1,2025-06-16,2025-06-20,PL-WEB-01,C015780,VM-BIK-0012,1,11809.99,0.0,PLN
SO-2025-008416,2,2025-06-16,2025-06-20,PL-WEB-01,C015780,VM-APP-0007,2,159.99,0.0,PLN
SO-2025-008416,3,2025-06-16,2025-06-20,PL-WEB-01,C015780,VM-ACC-0010,2,249.99,0.0,PLN
SO-2025-008417,1,2025-06-16,2025-06-20,PL-WEB-01,C003355,VM-EBK-0009,1,9909.99,0.05,PLN
SO-2025-008417,2,2025-06-16,2025-06-20,PL-WEB-01,C003355,VM-APP-0010,2,169.99,0.1,PLN
SO-2025-008418,1,2025-06-16,2025-06-19,PL-WEB-01,C010644,VM-CMP-0006,2,199.99,0.0,PLN
SO-2025-008419,1,2025-06-16,2025-06-19,PL-WEB-01,C007540,VM-CMP-0001,2,399.99,0.0,PLN
SO-2025-008419,2,2025-06-16,2025-06-19,PL-WEB-01,C007540,VM-CMP-0016,1,2459.99,0.0,PLN
SO-2025-008420,1,2025-06-16,2025-06-20,PL-WEB-01,C015781,VM-NUT-0007,5,12.99,0.0,PLN
SO-2025-008421,1,2025-06-16,2025-06-19,PL-WEB-01,C011119,VM-ACC-0013,1,169.99,0.0,PLN
SO-2025-008422,1,2025-06-16,2025-06-18,PL-WEB-01,C001083,VM-ACC-0013,1,169.99,0.05,PLN
SO-2025-008422,2,2025-06-16,2025-06-18,PL-WEB-01,C001083, VM-NUT-0004 ,4,6.99,0.1,PLN
SO-2025-008423,1,2025-06-16,2025-06-18,PL-WEB-01,C015782,VM-APP-0003,8,309.99,0.08,PLN
SO-2025-008423,2,2025-06-16,2025-06-18,PL-WEB-01,C015782,VM-NUT-0002,20,14.99,0.1,PLN
SO-2025-008424,1,2025-06-16,2025-06-17,PL-WEB-01,C011975,VM-APP-0009,6,349.99,0.08,PLN
SO-2025-008424,2,2025-06-16,2025-06-17,PL-WEB-01,C011975,VM-ACC-0008,4,399.99,0.12,PLN
SO-2025-008425,1,2025-06-16,2025-06-19,PL-MKT-01,C013231,VM-EBK-0011,1,14639.99,0.0,PLN
SO-2025-008426,1,2025-06-16,2025-06-20,PL-MKT-01,C015783,VM-APP-0009,1,349.99,0.0,PLN
SO-2025-008427,1,2025-06-16,2025-06-17,PL-MKT-01,C014712,VM-NUT-0007,7,12.99,0.05,PLN
SO-2025-008427,2,2025-06-16,2025-06-17,PL-MKT-01,C014712,VM-APP-0013,1,439.99,0.05,PLN
SO-2025-008428,1,2025-06-16,2025-06-20,PL-MKT-01,C015784,VM-ACC-0014,1,109.99,0.0,PLN
SO-2025-008429,1,2025-06-16,2025-06-17,PL-MKT-01,C007548,VM-ACC-0014,1,109.99,0.0,PLN
SO-2025-008429,2,2025-06-16,2025-06-17,PL-MKT-01,C007548,VM-CMP-0002,1,559.99,0.0,PLN
SO-2025-008429,3,2025-06-16,2025-06-17,PL-MKT-01,C007548,VM-CMP-0005,2,1479.99,0.0,PLN
SO-2025-008430,1,2025-06-16,2025-06-16,CZ-PRG-01,C010876,VM-EBK-0004,1,64083.0,0.0,CZK
SO-2025-008431,1,2025-06-16,2025-06-16,CZ-PRG-01,,VM-APP-0012,1,5032.0,0.0,CZK
SO-2025-008432,1,2025-06-16,2025-06-16,CZ-PRG-01,C012835,VM-APP-0013,1,2545.0,0.05,CZK
SO-2025-008432,2,2025-06-16,2025-06-16,CZ-PRG-01,C012835,VM-ACC-0007,2,2082.0,0.05,CZK
SO-2025-008433,1,2025-06-16,2025-06-16,CZ-BRN-01,C015785,VM-ACC-0020,1,4685.0,0.0,CZK
SO-2025-008433,2,2025-06-16,2025-06-16,CZ-BRN-01,C015785,VM-CMP-0005,2,8560.0,0.1,CZK
SO-2025-008434,1,2025-06-16,2025-06-16,CZ-BRN-01,,VM-CMP-0009,2,2024.0,0.0,CZK
SO-2025-008435,1,2025-06-16,2025-06-17,CZ-WEB-01,C012329,VM-NUT-0003,7,64.0,0.0,CZK
SO-2025-008435,2,2025-06-16,2025-06-17,CZ-WEB-01,C012329,VM-APP-0010,1,983.0,0.0,CZK
SO-2025-008435,3,2025-06-16,2025-06-17,CZ-WEB-01,C012329,VM-BIK-0012,1,68305.0,0.0,CZK
SO-2025-008436,1,2025-06-16,2025-06-19,CZ-WEB-01,C015786,VM-ACC-0014,1,636.0,0.0,CZK
SO-2025-008437,1,2025-06-16,2025-06-18,CZ-WEB-01,C015787,VM-APP-0002,3,2545.0,0.0,CZK
SO-2025-008438,1,2025-06-16,2025-06-16,DE-BER-01,,VM-NUT-0004,11,1.64,0.0,EUR
SO-2025-008438,2,2025-06-16,2025-06-16,DE-BER-01,,VM-CMP-0006,1,46.88,0.0,EUR
SO-2025-008439,1,2025-06-16,2025-06-16,DE-BER-01,,VM-ACC-0013,1,39.85,0.0,EUR
SO-2025-008440,1,2025-06-16,2025-06-20,DE-WEB-01,C009128,VM-ACC-0011,1,16.88,0.05,EUR
SO-2025-008440,2,2025-06-16,2025-06-20,DE-WEB-01,C009128,VM-BIK-0007,1,1652.72,0.05,EUR
SO-2025-008441,1,2025-06-16,2025-06-17,DE-WEB-01,C015788,VM-APP-0010,2,39.85,0.0,EUR
SO-2025-008442,1,2025-06-16,2025-06-18,DE-WEB-01,C013405,VM-NUT-0004,4,1.64,0.0,EUR
SO-2025-008443,1,2025-06-16,2025-06-20,DE-WEB-01,C010458,VM-NUT-0003,11,2.58,0.05,EUR
SO-2025-008443,2,2025-06-16,2025-06-20,DE-WEB-01,C010458,vm-bik-0006,1,1544.88,0.05,EUR
SO-2025-008444,1,2025-06-16,2025-06-19,DE-WEB-01,C015789,VM-BIK-0011,1,2027.8,0.0,EUR
SO-2025-008445,1,2025-06-16,2025-06-17,DE-WEB-01,C010458,VM-ACC-0017,1,13.59,0.05,EUR
SO-2025-008446,1,2025-06-16,2025-06-20,DE-WEB-01,C015790,VM-BIK-0007,1,1652.72,0.05,EUR
SO-2025-008446,2,2025-06-16,2025-06-20,DE-WEB-01,C015790,VM-ACC-0008,1,93.77,0.05,EUR
SO-2025-008447,1,2025-06-16,2025-06-19,DE-WEB-01,C012473,VM-APP-0011,6,96.11,0.1,EUR
SO-2025-008447,2,2025-06-16,2025-06-19,DE-WEB-01,C012473,VM-BIK-0013,2,1125.25,0.1,EUR
SO-2025-008448,1,2025-06-17,2025-06-17,PL-WAW-01,C015791,VM-APP-0020,2,179.99,0.0,PLN
SO-2025-008449,1,2025-06-17,2025-06-17,PL-WAW-01,,VM-BIK-0009,1,5639.99,0.0,PLN
SO-2025-008449,2,2025-06-17,2025-06-17,PL-WAW-01,,VM-ACC-0002,1,609.99,0.0,PLN
SO-2025-008449,3,2025-06-17,2025-06-17,PL-WAW-01,,VM-ACC-0008,1,399.99,0.0,PLN
SO-2025-008450,1,2025-06-17,2025-06-17,PL-WAW-01,,VM-EBK-0004,1,11079.99,0.0,PLN
SO-2025-008451,1,2025-06-17,2025-06-17,PL-WAW-01,,VM-NUT-0007,10,12.99,0.0,PLN
SO-2025-008452,1,2025-06-17,2025-06-17,PL-WAW-01,C015792,VM-CMP-0015,2,919.99,0.0,PLN
SO-2025-008453,1,2025-06-17,2025-06-17,PL-WAW-01,,VM-NUT-0002,13,14.99,0.0,PLN
SO-2025-008454,1,2025-06-17,2025-06-17,PL-WAW-02,C003161,VM-NUT-0004,12,6.99,0.05,PLN
SO-2025-008455,1,2025-06-17,2025-06-17,PL-WAW-02,,VM-BIK-0005,1,7409.99,0.0,PLN
SO-2025-008455,2,2025-06-17,2025-06-17,PL-WAW-02,,VM-CMP-0002,2,559.99,0.0,PLN
SO-2025-008455,3,2025-06-17,2025-06-17,PL-WAW-02,,VM-EBK-0011,1,14639.99,0.1,PLN
SO-2025-008456,1,2025-06-17,2025-06-17,PL-KRK-01,C009338,VM-CMP-0023,2,58.99,0.0,PLN
SO-2025-008456,2,2025-06-17,2025-06-17,PL-KRK-01,C009338,VM-NUT-0001,7,8.99,0.0,PLN
SO-2025-008457,1,2025-06-17,2025-06-17,PL-KRK-01,C015793,VM-CMP-0014,1,429.99,0.05,PLN
SO-2025-008457,2,2025-06-17,2025-06-17,PL-KRK-01,C015793,VM-ACC-0021,1,779.99,0.05,PLN
SO-2025-008457,3,2025-06-17,2025-06-17,PL-KRK-01,C015793,VM-NUT-0006,12,9.99,0.05,PLN
SO-2025-008457,4,2025-06-17,2025-06-17,PL-KRK-01,C015793,VM-NUT-0004,3,6.99,0.05,PLN
SO-2025-008458,1,2025-06-17,2025-06-17,PL-KRK-01,C015794,VM-ACC-0008,2,399.99,0.0,PLN
SO-2025-008458,2,2025-06-17,2025-06-17,PL-KRK-01,C015794,VM-EBK-0011,1,14639.99,0.0,PLN
SO-2025-008459,1,2025-06-17,2025-06-17,PL-WRO-01,C010737,VM-APP-0005,3,179.99,0.0,PLN
SO-2025-008459,2,2025-06-17,2025-06-17,PL-WRO-01,C010737,vm-acc-0001,2,379.99,0.0,PLN
SO-2025-008460,1,2025-06-17,2025-06-17,PL-WRO-01,C002700,VM-ACC-0007,2,359.99,0.0,PLN
SO-2025-008460,2,2025-06-17,2025-06-17,PL-WRO-01,C002700,VM-BIK-0020,1,1209.99,0.0,PLN
SO-2025-008460,3,2025-06-17,2025-06-17,PL-WRO-01,C002700,VM-BIK-0007,1,7049.99,0.0,PLN
SO-2025-008461,1,2025-06-17,2025-06-17,PL-WRO-01,C007545,VM-ACC-0014,1,109.99,0.0,PLN
SO-2025-008462,1,2025-06-17,2025-06-17,PL-GDN-01,C015795,VM-ACC-0007,1,359.99,0.0,PLN
SO-2025-008462,2,2025-06-17,2025-06-17,PL-GDN-01,C015795,VM-NUT-0007,10,12.99,0.0,PLN
SO-2025-008462,3,2025-06-17,2025-06-17,PL-GDN-01,C015795,VM-NUT-0004,12,6.99,0.0,PLN
SO-2025-008463,1,2025-06-17,2025-06-17,PL-GDN-01,C014570,VM-CMP-0006,1,199.99,0.0,PLN
SO-2025-008463,2,2025-06-17,2025-06-17,PL-GDN-01,C014570,VM-APP-0018,2,129.99,0.0,PLN
SO-2025-008463,3,2025-06-17,2025-06-17,PL-GDN-01,C014570,vm-nut-0002,3,14.99,0.0,PLN
SO-2025-008464,1,2025-06-17,2025-06-17,PL-GDN-01,C015796,VM-ACC-0014,1,109.99,0.0,PLN
SO-2025-008464,2,2025-06-17,2025-06-17,PL-GDN-01,C015796,VM-BIK-0019,1,1209.99,0.0,PLN
SO-2025-008465,1,2025-06-17,2025-06-17,PL-POZ-01,C010282,VM-CMP-0019,4,209.99,0.0,PLN
SO-2025-008466,1,2025-06-17,2025-06-17,PL-LDZ-01,,VM-BIK-0007,1,7049.99,0.0,PLN
SO-2025-008467,1,2025-06-17,2025-06-17,PL-LDZ-01,,VM-BIK-0012,1,11809.99,0.0,PLN
SO-2025-008467,2,2025-06-17,2025-06-17,PL-LDZ-01,,VM-ACC-0018,1,49.99,0.0,PLN
SO-2025-008468,1,2025-06-17,2025-06-21,PL-WEB-01,C011367,VM-NUT-0006,8,9.99,0.05,PLN
SO-2025-008469,1,2025-06-17,2025-06-21,PL-WEB-01,C003766,VM-APP-0012,1,869.99,0.0,PLN
SO-2025-008469,2,2025-06-17,2025-06-21,PL-WEB-01,C003766,VM-ACC-0012,1,71.99,0.0,PLN
SO-2025-008469,3,2025-06-17,2025-06-21,PL-WEB-01,C003766,VM-EBK-0003,1,9089.99,0.0,PLN
SO-2025-008470,1,2025-06-17,2025-06-21,PL-WEB-01,C015797,VM-CMP-0020,2,259.99,0.0,PLN
SO-2025-008471,1,2025-06-17,2025-06-19,PL-WEB-01,C010361,VM-CMP-0005,2,1479.99,0.0,PLN
SO-2025-008472,1,2025-06-17,2025-06-21,PL-WEB-01,C010321,VM-CMP-0015,2,919.99,0.12,PLN
SO-2025-008472,2,2025-06-17,2025-06-21,PL-WEB-01,C010321,VM-ACC-0007,6,359.99,0.1,PLN
SO-2025-008472,3,2025-06-17,2025-06-21,PL-WEB-01,C010321,VM-ACC-0008,5,399.99,0.1,PLN
SO-2025-008473,1,2025-06-17,2025-06-18,PL-WEB-01,C013440,VM-ACC-0013,1,169.99,0.0,PLN
SO-2025-008473,2,2025-06-17,2025-06-18,PL-WEB-01,C013440,VM-NUT-0001,12,8.99,0.0,PLN
SO-2025-008474,1,2025-06-17,2025-06-20,PL-WEB-01,C015798,VM-BIK-0013,1,4799.99,0.0,PLN
SO-2025-008475,1,2025-06-17,2025-06-20,PL-WEB-01,C014670,VM-NUT-0011,4,53.99,0.0,PLN
SO-2025-008475,2,2025-06-17,2025-06-20,PL-WEB-01,C014670,VM-BIK-0004,1,4269.99,0.0,PLN
SO-2025-008476,1,2025-06-17,2025-06-18,PL-WEB-01,C015591,VM-CMP-0008,1,439.99,0.0,PLN
SO-2025-008476,2,2025-06-17,2025-06-18,PL-WEB-01,C015591,VM-ACC-0022,1,1569.99,0.0,PLN
SO-2025-008477,1,2025-06-17,2025-06-20,PL-WEB-01,C015799,VM-BIK-0019,1,1209.99,0.05,PLN
SO-2025-008477,2,2025-06-17,2025-06-20,PL-WEB-01,C015799,VM-ACC-0014,1,109.99,0.0,PLN
SO-2025-008478,1,2025-06-17,2025-06-19,PL-WEB-01,C015381,VM-NUT-0009,1,84.99,0.0,PLN
SO-2025-008478,2,2025-06-17,2025-06-19,PL-WEB-01,C015381,VM-CMP-0008,2,439.99,0.0,PLN
SO-2025-008478,3,2025-06-17,2025-06-19,PL-WEB-01,C015381,VM-NUT-0001,14,8.99,0.0,PLN
SO-2025-008479,1,2025-06-17,2025-06-20,PL-WEB-01,C015800,VM-BIK-0007,1,7049.99,0.0,PLN
SO-2025-008480,1,2025-06-17,2025-06-19,PL-WEB-01,C015801,VM-BIK-0021,1,1249.99,0.0,PLN
SO-2025-008481,1,2025-06-17,2025-06-20,PL-WEB-01,C015802,VM-BIK-0010,1,6319.99,0.0,PLN
SO-2025-008482,1,2025-06-17,2025-06-21,PL-WEB-01,C012746,VM-ACC-0007,4,359.99,0.08,PLN
SO-2025-008483,1,2025-06-17,2025-06-20,PL-WEB-01,C008099,VM-APP-0004,3,239.99,0.0,PLN
SO-2025-008484,1,2025-06-17,2025-06-18,PL-WEB-01,C015803,VM-BIK-0007,1,7049.99,0.0,PLN
SO-2025-008484,2,2025-06-17,2025-06-18,PL-WEB-01,C015803,VM-APP-0005,1,179.99,0.0,PLN
SO-2025-008485,1,2025-06-17,2025-06-19,PL-WEB-01,C015804,VM-ACC-0007,1,359.99,0.0,PLN
SO-2025-008485,2,2025-06-17,2025-06-19,PL-WEB-01,C015804,VM-NUT-0007,12,12.99,0.0,PLN
SO-2025-008485,3,2025-06-17,2025-06-19,PL-WEB-01,C015804,VM-APP-0007,2,159.99,0.0,PLN
SO-2025-008486,1,2025-06-17,2025-06-18,PL-MKT-01,C015805,VM-NUT-0006,12,9.99,0.05,PLN
SO-2025-008486,2,2025-06-17,2025-06-18,PL-MKT-01,C015805,VM-NUT-0003,10,10.99,0.05,PLN
SO-2025-008487,1,2025-06-17,2025-06-21,PL-MKT-01,C013858,VM-BIK-0003,4,6539.99,0.12,PLN
SO-2025-008487,2,2025-06-17,2025-06-21,PL-MKT-01,C013858,VM-ACC-0008,6,399.99,0.1,PLN
SO-2025-008488,1,2025-06-17,2025-06-21,PL-MKT-01,C015806,VM-NUT-0009,2,84.99,0.0,PLN
SO-2025-008489,1,2025-06-17,2025-06-18,PL-MKT-01,C015807,VM-ACC-0008,1,399.99,0.0,PLN
SO-2025-008489,2,2025-06-17,2025-06-18,PL-MKT-01,C015807,VM-BIK-0019,1,1209.99,0.0,PLN
SO-2025-008490,1,2025-06-17,2025-06-18,PL-MKT-01,C015076,VM-CMP-0013,1,529.99,0.0,PLN
SO-2025-008490,2,2025-06-17,2025-06-18,PL-MKT-01,C015076,VM-ACC-0008,1,399.99,0.0,PLN
SO-2025-008490,3,2025-06-17,2025-06-18,PL-MKT-01,C015076,VM-CMP-0009,2,349.99,0.05,PLN
SO-2025-008491,1,2025-06-17,2025-06-20,PL-MKT-01,C008985,VM-CMP-0017,5,499.99,0.08,PLN
SO-2025-008492,1,2025-06-17,2025-06-20,PL-MKT-01,C008397,VM-BIK-0020,1,1209.99,0.0,PLN
SO-2025-008492,2,2025-06-17,2025-06-20,PL-MKT-01,C008397,VM-NUT-0003,5,10.99,0.0,PLN
SO-2025-008492,3,2025-06-17,2025-06-20,PL-MKT-01,C008397,VM-ACC-0014,1,109.99,0.0,PLN
SO-2025-008492,4,2025-06-17,2025-06-20,PL-MKT-01,C008397,VM-ACC-0007,1,359.99,0.0,PLN
SO-2025-008493,1,2025-06-17,2025-06-17,CZ-PRG-01,C014744,VM-APP-0007,2,925.0,0.0,CZK
SO-2025-008494,1,2025-06-17,2025-06-17,CZ-BRN-01,C006339,VM-CMP-0018,4,359.0,0.0,CZK
SO-2025-008494,2,2025-06-17,2025-06-17,CZ-BRN-01,C006339,VM-APP-0010,2,983.0,0.0,CZK
SO-2025-008495,1,2025-06-17,2025-06-17,CZ-BRN-01,,VM-ACC-0002,2,3528.0,0.0,CZK
SO-2025-008496,1,2025-06-17,2025-06-18,CZ-WEB-01,C003359,VM-APP-0006,3,1793.0,0.0,CZK
SO-2025-008496,2,2025-06-17,2025-06-18,CZ-WEB-01,C003359,vm-bik-0007,1,40775.0,0.0,CZK
SO-2025-008496,3,2025-06-17,2025-06-18,CZ-WEB-01,C003359,VM-ACC-0014,1,636.0,0.0,CZK
SO-2025-008497,1,2025-06-17,2025-06-18,CZ-WEB-01,C015808,VM-BIK-0004,1,24696.0,0.0,CZK
SO-2025-008497,2,2025-06-17,2025-06-18,CZ-WEB-01,C015808,VM-ACC-0004,1,4511.0,0.0,CZK
SO-2025-008498,1,2025-06-17,2025-06-20,CZ-WEB-01,C015809,VM-CMP-0021,1,278.0,0.05,CZK
SO-2025-008498,2,2025-06-17,2025-06-20,CZ-WEB-01,C015809,VM-EBK-0003,1,52574.0,0.05,CZK
SO-2025-008499,1,2025-06-17,2025-06-21,CZ-WEB-01,C007960,VM-CMP-0019,2,1215.0,0.1,CZK
SO-2025-008500,1,2025-06-17,2025-06-17,DE-BER-01,C015810,VM-CMP-0014,2,100.8,0.0,EUR
SO-2025-008501,1,2025-06-17,2025-06-17,DE-BER-01,,VM-APP-0006,3,72.67,0.0,EUR
SO-2025-008501,2,2025-06-17,2025-06-17,DE-BER-01,,VM-ACC-0008,1,93.77,0.0,EUR
SO-2025-008501,3,2025-06-17,2025-06-17,DE-BER-01,,VM-EBK-0004,1,2597.46,0.0,EUR
SO-2025-008502,1,2025-06-17,2025-06-20,DE-WEB-01,C010441,VM-APP-0002,3,103.15,0.0,EUR
SO-2025-008503,1,2025-06-17,2025-06-20,DE-WEB-01,C015811,VM-CMP-0019,2,49.23,0.0,EUR
SO-2025-008504,1,2025-06-17,2025-06-18,DE-WEB-01,C015812,VM-EBK-0004,1,2597.46,0.0,EUR
SO-2025-008504,2,2025-06-17,2025-06-18,DE-WEB-01,C015812,VM-BIK-0017,1,447.76,0.0,EUR
SO-2025-008504,3,2025-06-17,2025-06-18,DE-WEB-01,C015812,VM-NUT-0009,2,19.92,0.0,EUR
SO-2025-008504,4,2025-06-17,2025-06-18,DE-WEB-01,C015812,VM-ACC-0018,2,11.72,0.1,EUR
SO-2025-008505,1,2025-06-17,2025-06-19,DE-WEB-01,C015150,VM-CMP-0001,8,93.77,0.1,EUR
SO-2025-008506,1,2025-06-17,2025-06-19,DE-WEB-01,C002751,vm-bik-0022,1,328.2,0.05,EUR
SO-2025-008507,1,2025-06-18,2025-06-18,PL-WAW-01,C014076,VM-BIK-0016,1,3589.99,0.0,PLN
SO-2025-008508,1,2025-06-18,2025-06-18,PL-WAW-01,C015813,VM-APP-0007,2,159.99,0.0,PLN
SO-2025-008508,2,2025-06-18,2025-06-18,PL-WAW-01,C015813,VM-ACC-0007,1,359.99,0.0,PLN
SO-2025-008508,3,2025-06-18,2025-06-18,PL-WAW-01,C015813,VM-APP-0015,1,569.99,0.0,PLN
SO-2025-008509,1,2025-06-18,2025-06-18,PL-WAW-01,,VM-NUT-0009,3,84.99,0.0,PLN
SO-2025-008509,2,2025-06-18,2025-06-18,PL-WAW-01,,VM-ACC-0008,2,399.99,0.0,PLN
SO-2025-008510,1,2025-06-18,2025-06-18,PL-WAW-01,C011086,VM-BIK-0007,1,7049.99,0.0,PLN
SO-2025-008510,2,2025-06-18,2025-06-18,PL-WAW-01,C011086,VM-ACC-0010,2,249.99,0.0,PLN
SO-2025-008510,3,2025-06-18,2025-06-18,PL-WAW-01,C011086,VM-ACC-0013,1,169.99,0.0,PLN
SO-2025-008511,1,2025-06-18,2025-06-18,PL-WAW-01,C015814,VM-CMP-0004,1,719.99,0.0,PLN
SO-2025-008511,2,2025-06-18,2025-06-18,PL-WAW-01,C015814,VM-ACC-0005,2,179.99,0.0,PLN
SO-2025-008512,1,2025-06-18,2025-06-18,PL-WAW-01,C007545,VM-CMP-0008,2,439.99,0.0,PLN
SO-2025-008513,1,2025-06-18,2025-06-18,PL-WAW-01,,vm-bik-0016,1,3589.99,0.0,PLN
SO-2025-008513,2,2025-06-18,2025-06-18,PL-WAW-01,,VM-ACC-0007,2,359.99,0.0,PLN
SO-2025-008513,3,2025-06-18,2025-06-18,PL-WAW-01,,VM-ACC-0004,1,779.99,0.0,PLN
SO-2025-008514,1,2025-06-18,2025-06-18,PL-WAW-01,C006801,VM-EBK-0011,4,14639.99,0.1,PLN
SO-2025-008515,1,2025-06-18,2025-06-18,PL-WAW-02,C012348,VM-BIK-0022,1,1399.99,0.05,PLN
SO-2025-008515,2,2025-06-18,2025-06-18,PL-WAW-02,C012348,VM-ACC-0008,1,399.99,0.05,PLN
SO-2025-008516,1,2025-06-18,2025-06-18,PL-WAW-02,C015815,VM-APP-0013,1,439.99,0.0,PLN
SO-2025-008517,1,2025-06-18,2025-06-18,PL-WAW-02,C008825,VM-BIK-0007,1,7049.99,0.0,PLN
SO-2025-008517,2,2025-06-18,2025-06-18,PL-WAW-02,C008825,VM-ACC-0008,1,399.99,0.0,PLN
SO-2025-008518,1,2025-06-18,2025-06-18,PL-WAW-02,C009520,VM-EBK-0009,1,9909.99,0.05,PLN
SO-2025-008519,1,2025-06-18,2025-06-18,PL-WAW-02,C003031,VM-ACC-0019,3,49.99,0.0,PLN
SO-2025-008520,1,2025-06-18,2025-06-18,PL-KRK-01,C010353,VM-EBK-0004,4,11079.99,0.1,PLN
SO-2025-008521,1,2025-06-18,2025-06-18,PL-KRK-01,,VM-NUT-0002,7,14.99,0.05,PLN
SO-2025-008522,1,2025-06-18,2025-06-18,PL-KRK-01,,VM-BIK-0012,1,11809.99,0.0,PLN
SO-2025-008522,2,2025-06-18,2025-06-18,PL-KRK-01,,VM-APP-0008,1,159.99,0.0,PLN
SO-2025-008522,3,2025-06-18,2025-06-18,PL-KRK-01,,VM-BIK-0007,1,7049.99,0.0,PLN
SO-2025-008523,1,2025-06-18,2025-06-18,PL-KRK-01,C005491,VM-CMP-0009,1,349.99,0.05,PLN
SO-2025-008524,1,2025-06-18,2025-06-18,PL-KRK-01,C015536,VM-BIK-0007,1,7049.99,0.0,PLN
SO-2025-008524,2,2025-06-18,2025-06-18,PL-KRK-01,C015536,VM-CMP-0009,2,349.99,0.0,PLN
SO-2025-008524,3,2025-06-18,2025-06-18,PL-KRK-01,C015536,VM-APP-0012,1,869.99,0.0,PLN
SO-2025-008525,1,2025-06-18,2025-06-18,PL-KRK-01,C015816,VM-NUT-0006,5,9.99,0.0,PLN
SO-2025-008526,1,2025-06-18,2025-06-18,PL-KRK-01,C015817,VM-BIK-0013,1,4799.99,0.0,PLN
SO-2025-008526,2,2025-06-18,2025-06-18,PL-KRK-01,C015817,VM-ACC-0001,1,379.99,0.0,PLN
SO-2025-008527,1,2025-06-18,2025-06-18,PL-KRK-01,,VM-BIK-0009,1,5639.99,0.0,PLN
SO-2025-008528,1,2025-06-18,2025-06-18,PL-KRK-01,C015183,VM-BIK-0019,1,1209.99,0.0,PLN
SO-2025-008529,1,2025-06-18,2025-06-18,PL-WRO-01,C015818,VM-APP-0013,1,439.99,0.05,PLN
SO-2025-008529,2,2025-06-18,2025-06-18,PL-WRO-01,C015818,VM-CMP-0020,1,259.99,0.0,PLN
SO-2025-008530,1,2025-06-18,2025-06-18,PL-WRO-01,,VM-ACC-0009,2,399.99,0.0,PLN
SO-2025-008530,2,2025-06-18,2025-06-18,PL-WRO-01,,VM-CMP-0005,2,1479.99,0.0,PLN
SO-2025-008531,1,2025-06-18,2025-06-18,PL-WRO-01,C015819,VM-APP-0020,1,179.99,0.0,PLN
SO-2025-008532,1,2025-06-18,2025-06-18,PL-WRO-01,C015820,VM-BIK-0017,1,1909.99,0.0,PLN
SO-2025-008532,2,2025-06-18,2025-06-18,PL-WRO-01,C015820,VM-CMP-0016,1,2459.99,0.0,PLN
SO-2025-008532,3,2025-06-18,2025-06-18,PL-WRO-01,C015820,VM-ACC-0008,1,399.99,0.0,PLN
SO-2025-008533,1,2025-06-18,2025-06-18,PL-WRO-01,,VM-ACC-0017,2,57.99,0.05,PLN
SO-2025-008534,1,2025-06-18,2025-06-18,PL-WRO-01,C015821,VM-CMP-0008,1,439.99,0.0,PLN
SO-2025-008534,2,2025-06-18,2025-06-18,PL-WRO-01,C015821,VM-BIK-0007,1,7049.99,0.1,PLN
SO-2025-008534,3,2025-06-18,2025-06-18,PL-WRO-01,C015821,VM-NUT-0006,7,9.99,0.0,PLN
SO-2025-008535,1,2025-06-18,2025-06-18,PL-GDN-01,C015822,VM-ACC-0017,2,57.99,0.0,PLN
SO-2025-008535,2,2025-06-18,2025-06-18,PL-GDN-01,C015822,VM-CMP-0009,1,349.99,0.0,PLN
SO-2025-008536,1,2025-06-18,2025-06-18,PL-LDZ-01,C015010,VM-NUT-0004,10,6.99,0.0,PLN
SO-2025-008536,2,2025-06-18,2025-06-18,PL-LDZ-01,C015010,vm-acc-0018,1,49.99,0.0,PLN
SO-2025-008537,1,2025-06-18,2025-06-18,PL-LDZ-01,C015823,VM-NUT-0006,3,9.99,0.0,PLN
SO-2025-008537,2,2025-06-18,2025-06-18,PL-LDZ-01,C015823,VM-NUT-0011,4,53.99,0.0,PLN
SO-2025-008538,1,2025-06-18,2025-06-18,PL-LDZ-01,C013858,VM-APP-0013,3,439.99,0.1,PLN
SO-2025-008538,2,2025-06-18,2025-06-18,PL-LDZ-01,C013858,VM-EBK-0008,3,15099.99,0.08,PLN
SO-2025-008539,1,2025-06-18,2025-06-19,PL-WEB-01,C014926,VM-BIK-0007,1,7049.99,0.0,PLN
SO-2025-008540,1,2025-06-18,2025-06-21,PL-WEB-01,C012113,VM-EBK-0011,2,14639.99,0.1,PLN
SO-2025-008540,2,2025-06-18,2025-06-21,PL-WEB-01,C012113,VM-ACC-0007,4,359.99,0.12,PLN
SO-2025-008540,3,2025-06-18,2025-06-21,PL-WEB-01,C012113,VM-ACC-0008,4,399.99,0.12,PLN
SO-2025-008541,1,2025-06-18,2025-06-21,PL-WEB-01,C004438,VM-CMP-0005,1,1479.99,0.0,PLN
SO-2025-008541,2,2025-06-18,2025-06-21,PL-WEB-01,C004438,VM-EBK-0004,1,11079.99,0.0,PLN
SO-2025-008542,1,2025-06-18,2025-06-22,PL-WEB-01,C009358,VM-ACC-0013,1,169.99,0.05,PLN
SO-2025-008543,1,2025-06-18,2025-06-21,PL-WEB-01,C015824,VM-EBK-0008,1,15099.99,0.0,PLN
SO-2025-008544,1,2025-06-18,2025-06-19,PL-WEB-01,C015825,VM-NUT-0002,7,14.99,0.0,PLN
SO-2025-008545,1,2025-06-18,2025-06-22,PL-WEB-01,C014786,VM-CMP-0015,1,919.99,0.05,PLN
SO-2025-008545,2,2025-06-18,2025-06-22,PL-WEB-01,C014786,VM-BIK-0007,1,7049.99,0.05,PLN
SO-2025-008546,1,2025-06-18,2025-06-21,PL-WEB-01,C007208,VM-ACC-0004,2,779.99,0.0,PLN
SO-2025-008547,1,2025-06-18,2025-06-22,PL-WEB-01,C015826,VM-NUT-0011,1,53.99,0.0,PLN
SO-2025-008547,2,2025-06-18,2025-06-22,PL-WEB-01,C015826,VM-BIK-0004,1,4269.99,0.0,PLN
SO-2025-008548,1,2025-06-18,2025-06-21,PL-WEB-01,C006592,VM-BIK-0009,1,5639.99,0.0,PLN
SO-2025-008548,2,2025-06-18,2025-06-21,PL-WEB-01,C006592,VM-ACC-0014,1,109.99,0.0,PLN
SO-2025-008548,3,2025-06-18,2025-06-21,PL-WEB-01,C006592,VM-ACC-0010,1,249.99,0.0,PLN
SO-2025-008549,1,2025-06-18,2025-06-19,PL-WEB-01,C015827,VM-NUT-0004,12,6.99,0.0,PLN
SO-2025-008550,1,2025-06-18,2025-06-19,PL-WEB-01,C015828,VM-ACC-0017,1,57.99,0.0,PLN
SO-2025-008550,2,2025-06-18,2025-06-19,PL-WEB-01,C015828,VM-CMP-0006,2,199.99,0.0,PLN
SO-2025-008550,3,2025-06-18,2025-06-19,PL-WEB-01,C015828,VM-BIK-0019,1,1209.99,0.0,PLN
SO-2025-008551,1,2025-06-18,2025-06-19,PL-WEB-01,C013396,VM-APP-0008,2,159.99,0.0,PLN
SO-2025-008552,1,2025-06-18,2025-06-19,PL-WEB-01,C012497,VM-CMP-0019,1,209.99,0.0,PLN
SO-2025-008552,2,2025-06-18,2025-06-19,PL-WEB-01,C012497,VM-NUT-0006,6,9.99,0.0,PLN
SO-2025-008553,1,2025-06-18,2025-06-21,PL-WEB-01,C009496,VM-CMP-0009,1,349.99,0.0,PLN
SO-2025-008553,2,2025-06-18,2025-06-21,PL-WEB-01,C009496,VM-APP-0014,1,489.99,0.0,PLN
SO-2025-008553,3,2025-06-18,2025-06-21,PL-WEB-01,C009496,VM-NUT-0006,10,9.99,0.0,PLN
SO-2025-008554,1,2025-06-18,2025-06-22,PL-WEB-01,C014667,VM-ACC-0014,1,109.99,0.0,PLN
SO-2025-008554,2,2025-06-18,2025-06-22,PL-WEB-01,C014667,VM-EBK-0003,1,9089.99,0.0,PLN
SO-2025-008554,3,2025-06-18,2025-06-22,PL-WEB-01,C014667,VM-EBK-0008,1,15099.99,0.05,PLN
SO-2025-008555,1,2025-06-18,2025-06-19,PL-WEB-01,C015199,VM-ACC-0018,1,49.99,0.0,PLN
SO-2025-008556,1,2025-06-18,2025-06-19,PL-WEB-01,C010761,VM-BIK-0012,1,11809.99,0.0,PLN
SO-2025-008557,1,2025-06-18,2025-06-20,PL-WEB-01,C015533,VM-ACC-0008,2,399.99,0.0,PLN
SO-2025-008558,1,2025-06-18,2025-06-20,PL-WEB-01,C009834,VM-CMP-0008,2,439.99,0.0,PLN
SO-2025-008558,2,2025-06-18,2025-06-20,PL-WEB-01,C009834,VM-ACC-0020,1,809.99,0.0,PLN
SO-2025-008558,3,2025-06-18,2025-06-20,PL-WEB-01,C009834,VM-NUT-0009,1,84.99,0.0,PLN
SO-2025-008558,4,2025-06-18,2025-06-20,PL-WEB-01,C009834,VM-APP-0007,1,159.99,0.0,PLN
SO-2025-008559,1,2025-06-18,2025-06-21,PL-MKT-01,C005661,VM-EBK-0011,1,14639.99,0.05,PLN
SO-2025-008559,2,2025-06-18,2025-06-21,PL-MKT-01,C005661,VM-ACC-0013,1,169.99,0.05,PLN
SO-2025-008559,3,2025-06-18,2025-06-21,PL-MKT-01,C005661,VM-CMP-0002,1,559.99,0.05,PLN
SO-2025-008560,1,2025-06-18,2025-06-21,PL-MKT-01,C015829,VM-CMP-0018,3,61.99,0.0,PLN
SO-2025-008561,1,2025-06-18,2025-06-20,PL-MKT-01,C015308,VM-ACC-0017,1,57.99,0.05,PLN
SO-2025-008562,1,2025-06-18,2025-06-20,PL-MKT-01,C012123,VM-APP-0009,1,349.99,0.0,PLN
SO-2025-008562,2,2025-06-18,2025-06-20,PL-MKT-01,C012123,VM-EBK-0011,1,14639.99,0.1,PLN
SO-2025-008563,1,2025-06-18,2025-06-22,PL-MKT-01,C008096,VM-NUT-0002,4,14.99,0.05,PLN
SO-2025-008563,2,2025-06-18,2025-06-22,PL-MKT-01,C008096,VM-BIK-0019,1,1209.99,0.05,PLN
SO-2025-008564,1,2025-06-18,2025-06-22,PL-MKT-01,C007969,VM-CMP-0013,1,529.99,0.0,PLN
SO-2025-008565,1,2025-06-18,2025-06-19,PL-MKT-01,C015830,VM-NUT-0011,1,53.99,0.0,PLN
SO-2025-008565,2,2025-06-18,2025-06-19,PL-MKT-01,C015830,VM-EBK-0004,1,11079.99,0.0,PLN
SO-2025-008566,1,2025-06-18,2025-06-22,PL-MKT-01,C009121,VM-ACC-0002,1,609.99,0.0,PLN
SO-2025-008566,2,2025-06-18,2025-06-22,PL-MKT-01,C009121,VM-CMP-0001,1,399.99,0.0,PLN
SO-2025-008566,3,2025-06-18,2025-06-22,PL-MKT-01,C009121,VM-NUT-0009,2,84.99,0.0,PLN
SO-2025-008566,4,2025-06-18,2025-06-22,PL-MKT-01,C009121,VM-APP-0012,1,869.99,0.0,PLN
SO-2025-008567,1,2025-06-18,2025-06-19,PL-MKT-01,C015394,VM-NUT-0011,3,53.99,0.1,PLN
SO-2025-008567,2,2025-06-18,2025-06-19,PL-MKT-01,C015394,VM-APP-0012,5,869.99,0.08,PLN
SO-2025-008567,3,2025-06-18,2025-06-19,PL-MKT-01,C015394,VM-BIK-0002,3,9629.99,0.1,PLN
SO-2025-008568,1,2025-06-18,2025-06-18,CZ-PRG-01,,VM-CMP-0005,2,8560.0,0.0,CZK
SO-2025-008568,2,2025-06-18,2025-06-18,CZ-PRG-01,,VM-BIK-0003,1,37825.0,0.0,CZK
SO-2025-008568,3,2025-06-18,2025-06-18,CZ-PRG-01,,VM-EBK-0009,1,57316.0,0.0,CZK
SO-2025-008568,4,2025-06-18,2025-06-18,CZ-PRG-01,,VM-BIK-0019,1,6998.0,0.0,CZK
SO-2025-008569,1,2025-06-18,2025-06-18,CZ-PRG-01,C015352,VM-APP-0013,1,2545.0,0.05,CZK
SO-2025-008570,1,2025-06-18,2025-06-18,CZ-PRG-01,,VM-BIK-0007,1,40775.0,0.0,CZK
SO-2025-008571,1,2025-06-18,2025-06-21,CZ-WEB-01,C011905,VM-CMP-0017,1,2892.0,0.0,CZK
SO-2025-008572,1,2025-06-18,2025-06-19,CZ-WEB-01,C013863,VM-CMP-0001,2,2313.0,0.0,CZK
SO-2025-008572,2,2025-06-18,2025-06-19,CZ-WEB-01,C013863,VM-BIK-0009,1,32620.0,0.0,CZK
SO-2025-008572,3,2025-06-18,2025-06-19,CZ-WEB-01,C013863,VM-BIK-0003,1,37825.0,0.0,CZK
SO-2025-008572,4,2025-06-18,2025-06-19,CZ-WEB-01,C013863,VM-ACC-0023,1,5379.0,0.0,CZK
SO-2025-008573,1,2025-06-18,2025-06-21,CZ-WEB-01,C015831,VM-APP-0017,2,1099.0,0.0,CZK
SO-2025-008574,1,2025-06-18,2025-06-22,CZ-WEB-01,C014847,VM-APP-0012,1,5032.0,0.05,CZK
SO-2025-008575,1,2025-06-18,2025-06-21,CZ-WEB-01,C013375,VM-APP-0010,1,983.0,0.0,CZK
SO-2025-008575,2,2025-06-18,2025-06-21,CZ-WEB-01,C013375,VM-NUT-0004,10,40.0,0.0,CZK
SO-2025-008575,3,2025-06-18,2025-06-21,CZ-WEB-01,C013375,VM-EBK-0004,1,64083.0,0.0,CZK
SO-2025-008576,1,2025-06-18,2025-06-18,DE-BER-01,C007073,VM-BIK-0009,1,1322.17,0.0,EUR
SO-2025-008576,2,2025-06-18,2025-06-18,DE-BER-01,C007073,VM-ACC-0008,1,93.77,0.0,EUR
SO-2025-008577,1,2025-06-18,2025-06-18,DE-BER-01,C015149,VM-BIK-0007,1,1652.72,0.0,EUR
SO-2025-008577,2,2025-06-18,2025-06-18,DE-BER-01,C015149,VM-EBK-0003,1,2130.95,0.0,EUR
SO-2025-008578,1,2025-06-18,2025-06-18,DE-BER-01,C008367,VM-BIK-0003,1,1533.16,0.0,EUR
SO-2025-008579,1,2025-06-18,2025-06-18,DE-BER-01,,VM-CMP-0005,1,346.95,0.0,EUR
SO-2025-008579,2,2025-06-18,2025-06-18,DE-BER-01,,VM-APP-0010,2,39.85,0.0,EUR
SO-2025-008580,1,2025-06-18,2025-06-18,DE-BER-01,C015832,VM-CMP-0009,2,82.05,0.0,EUR
SO-2025-008581,1,2025-06-18,2025-06-22,DE-WEB-01,C015833,VM-NUT-0001,15,2.11,0.0,EUR
SO-2025-008581,2,2025-06-18,2025-06-22,DE-WEB-01,C015833,VM-CMP-0013,2,124.24,0.0,EUR
SO-2025-008582,1,2025-06-18,2025-06-22,DE-WEB-01,C015834,VM-ACC-0002,2,143.0,0.05,EUR
SO-2025-008583,1,2025-06-18,2025-06-21,DE-WEB-01,C015835,VM-NUT-0009,2,19.92,0.0,EUR
SO-2025-008584,1,2025-06-19,2025-06-19,PL-WAW-01,C006299,VM-ACC-0020,1,809.99,0.0,PLN
SO-2025-008585,1,2025-06-19,2025-06-19,PL-WAW-01,,VM-EBK-0009,1,9909.99,0.0,PLN
SO-2025-008586,1,2025-06-19,2025-06-19,PL-WAW-01,,VM-APP-0006,3,309.99,0.0,PLN
SO-2025-008587,1,2025-06-19,2025-06-19,PL-WAW-01,C013094,VM-NUT-0001,14,8.99,0.0,PLN
SO-2025-008588,1,2025-06-19,2025-06-19,PL-WAW-01,C015836,VM-BIK-0005,1,7409.99,0.0,PLN
SO-2025-008589,1,2025-06-19,2025-06-19,PL-WAW-02,C015837,VM-NUT-0004,28,6.99,0.1,PLN
SO-2025-008590,1,2025-06-19,2025-06-19,PL-WAW-02,C015616,VM-NUT-0006,8,9.99,0.0,PLN
SO-2025-008590,2,2025-06-19,2025-06-19,PL-WAW-02,C015616,VM-ACC-0005,2,179.99,0.0,PLN
SO-2025-008590,3,2025-06-19,2025-06-19,PL-WAW-02,C015616, VM-APP-0007 ,2,159.99,0.0,PLN
SO-2025-008590,4,2025-06-19,2025-06-19,PL-WAW-02,C015616,VM-APP-0008,1,159.99,0.05,PLN
SO-2025-008591,1,2025-06-19,2025-06-19,PL-WAW-02,C004707,VM-ACC-0020,1,809.99,0.0,PLN
SO-2025-008592,1,2025-06-19,2025-06-19,PL-WAW-02,C015838,VM-ACC-0014,1,109.99,0.05,PLN
SO-2025-008592,2,2025-06-19,2025-06-19,PL-WAW-02,C015838,VM-CMP-0015,2,919.99,0.05,PLN
SO-2025-008593,1,2025-06-19,2025-06-19,PL-WAW-02,C015839,VM-ACC-0012,1,71.99,0.0,PLN
SO-2025-008594,1,2025-06-19,2025-06-19,PL-KRK-01,,VM-BIK-0013,1,4799.99,0.0,PLN
SO-2025-008594,2,2025-06-19,2025-06-19,PL-KRK-01,,VM-ACC-0002,2,609.99,0.0,PLN
SO-2025-008594,3,2025-06-19,2025-06-19,PL-KRK-01,,VM-ACC-0018,1,49.99,0.0,PLN
SO-2025-008595,1,2025-06-19,2025-06-19,PL-KRK-01,,VM-ACC-0020,1,809.99,0.0,PLN
SO-2025-008596,1,2025-06-19,2025-06-19,PL-KRK-01,C015840,VM-CMP-0020,1,259.99,0.0,PLN
SO-2025-008597,1,2025-06-19,2025-06-19,PL-KRK-01,,VM-NUT-0002,15,14.99,0.0,PLN
SO-2025-008598,1,2025-06-19,2025-06-19,PL-KRK-01,C007731,vm-app-0005,3,179.99,0.05,PLN
SO-2025-008598,2,2025-06-19,2025-06-19,PL-KRK-01,C007731,VM-ACC-0001,2,379.99,0.05,PLN
SO-2025-008598,3,2025-06-19,2025-06-19,PL-KRK-01,C007731,VM-EBK-0011,1,14639.99,0.05,PLN
SO-2025-008598,4,2025-06-19,2025-06-19,PL-KRK-01,C007731,VM-NUT-0007,3,12.99,0.05,PLN
SO-2025-008599,1,2025-06-19,2025-06-19,PL-KRK-01,C008157,VM-NUT-0004,12,6.99,0.05,PLN
SO-2025-008599,2,2025-06-19,2025-06-19,PL-KRK-01,C008157,VM-BIK-0004,1,4269.99,0.05,PLN
SO-2025-008600,1,2025-06-19,2025-06-19,PL-KRK-01,,VM-ACC-0019,3,49.99,0.0,PLN
SO-2025-008601,1,2025-06-19,2025-06-19,PL-KRK-01,C010131,VM-ACC-0003,1,289.99,0.0,PLN
SO-2025-008602,1,2025-06-19,2025-06-19,PL-WRO-01,C007274,VM-BIK-0010,1,6319.99,0.0,PLN
SO-2025-008602,2,2025-06-19,2025-06-19,PL-WRO-01,C007274,VM-ACC-0008,2,399.99,0.0,PLN
SO-2025-008603,1,2025-06-19,2025-06-19,PL-WRO-01,,VM-ACC-0007,2,359.99,0.0,PLN
SO-2025-008603,2,2025-06-19,2025-06-19,PL-WRO-01,,VM-EBK-0004,1,11079.99,0.0,PLN
SO-2025-008603,3,2025-06-19,2025-06-19,PL-WRO-01,,VM-APP-0007,2,159.99,0.0,PLN
SO-2025-008604,1,2025-06-19,2025-06-19,PL-WRO-01,C003375,VM-NUT-0001,9,8.99,0.0,PLN
SO-2025-008604,2,2025-06-19,2025-06-19,PL-WRO-01,C003375, VM-EBK-0009 ,1,9909.99,0.0,PLN
SO-2025-008604,3,2025-06-19,2025-06-19,PL-WRO-01,C003375,VM-CMP-0019,1,209.99,0.0,PLN
SO-2025-008605,1,2025-06-19,2025-06-19,PL-GDN-01,,VM-ACC-0008,1,399.99,0.0,PLN
SO-2025-008605,2,2025-06-19,2025-06-19,PL-GDN-01,,VM-BIK-0006,1,6589.99,0.0,PLN
SO-2025-008605,3,2025-06-19,2025-06-19,PL-GDN-01,,VM-APP-0010,1,169.99,0.0,PLN
SO-2025-008606,1,2025-06-19,2025-06-19,PL-GDN-01,C015841,VM-BIK-0001,1,13689.99,0.0,PLN
SO-2025-008606,2,2025-06-19,2025-06-19,PL-GDN-01,C015841,VM-ACC-0008,1,399.99,0.0,PLN
SO-2025-008606,3,2025-06-19,2025-06-19,PL-GDN-01,C015841,VM-ACC-0007,2,359.99,0.0,PLN
SO-2025-008607,1,2025-06-19,2025-06-19,PL-POZ-01,C011987,VM-BIK-0020,1,1209.99,0.0,PLN
SO-2025-008607,2,2025-06-19,2025-06-19,PL-POZ-01,C011987,VM-ACC-0001,1,379.99,0.0,PLN
SO-2025-008608,1,2025-06-19,2025-06-19,PL-POZ-01,C013514,VM-CMP-0017,1,499.99,0.0,PLN
SO-2025-008609,1,2025-06-19,2025-06-19,PL-POZ-01,,VM-NUT-0004,5,6.99,0.0,PLN
SO-2025-008609,2,2025-06-19,2025-06-19,PL-POZ-01,,VM-BIK-0008,1,5309.99,0.0,PLN
SO-2025-008609,3,2025-06-19,2025-06-19,PL-POZ-01,,VM-APP-0020,1,179.99,0.0,PLN
SO-2025-008610,1,2025-06-19,2025-06-19,PL-POZ-01,,VM-ACC-0001,2,379.99,0.0,PLN
SO-2025-008610,2,2025-06-19,2025-06-19,PL-POZ-01,,VM-BIK-0004,1,4269.99,0.0,PLN
SO-2025-008610,3,2025-06-19,2025-06-19,PL-POZ-01,,VM-CMP-0007,1,629.99,0.0,PLN
SO-2025-008611,1,2025-06-19,2025-06-19,PL-POZ-01,C010706,VM-ACC-0018,3,49.99,0.0,PLN
SO-2025-008612,1,2025-06-19,2025-06-19,PL-POZ-01,C012027,VM-NUT-0004,14,6.99,0.05,PLN
SO-2025-008612,2,2025-06-19,2025-06-19,PL-POZ-01,C012027,VM-ACC-0008,1,399.99,0.05,PLN
SO-2025-008613,1,2025-06-19,2025-06-19,PL-LDZ-01,C004853,VM-ACC-0002,1,609.99,0.0,PLN
SO-2025-008614,1,2025-06-19,2025-06-19,PL-LDZ-01,C013305,VM-CMP-0021,3,47.99,0.0,PLN
SO-2025-008615,1,2025-06-19,2025-06-19,PL-LDZ-01,C007223,VM-CMP-0017,2,499.99,0.0,PLN
SO-2025-008616,1,2025-06-19,2025-06-19,PL-LDZ-01,,VM-APP-0005,3,179.99,0.0,PLN
SO-2025-008616,2,2025-06-19,2025-06-19,PL-LDZ-01,,VM-APP-0006,1,309.99,0.0,PLN
SO-2025-008617,1,2025-06-19,2025-06-19,PL-LDZ-01,C015842,VM-ACC-0002,2,609.99,0.05,PLN
SO-2025-008618,1,2025-06-19,2025-06-20,PL-WEB-01,C015843,VM-APP-0010,1,169.99,0.0,PLN
SO-2025-008619,1,2025-06-19,2025-06-22,PL-WEB-01,C013858,VM-EBK-0008,3,15099.99,0.12,PLN
SO-2025-008620,1,2025-06-19,2025-06-20,PL-WEB-01,C015486,VM-BIK-0009,1,5639.99,0.0,PLN
SO-2025-008620,2,2025-06-19,2025-06-20,PL-WEB-01,C015486,VM-ACC-0014,1,109.99,0.0,PLN
SO-2025-008620,3,2025-06-19,2025-06-20,PL-WEB-01,C015486,VM-BIK-0016,1,3589.99,0.0,PLN
SO-2025-008620,4,2025-06-19,2025-06-20,PL-WEB-01,C015486,VM-ACC-0002,2,609.99,0.0,PLN
SO-2025-008621,1,2025-06-19,2025-06-22,PL-WEB-01,C015844,VM-BIK-0007,1,7049.99,0.0,PLN
SO-2025-008622,1,2025-06-19,2025-06-23,PL-WEB-01,C015845,VM-BIK-0012,1,11809.99,0.0,PLN
SO-2025-008622,2,2025-06-19,2025-06-23,PL-WEB-01,C015845,VM-ACC-0008,2,399.99,0.0,PLN
SO-2025-008623,1,2025-06-19,2025-06-22,PL-WEB-01,C009783,VM-EBK-0004,1,11079.99,0.0,PLN
SO-2025-008624,1,2025-06-19,2025-06-22,PL-WEB-01,C015846,VM-NUT-0009,2,84.99,0.0,PLN
SO-2025-008625,1,2025-06-19,2025-06-23,PL-WEB-01,C013335,VM-BIK-0001,1,13689.99,0.0,PLN
SO-2025-008625,2,2025-06-19,2025-06-23,PL-WEB-01,C013335,VM-CMP-0019,2,209.99,0.0,PLN
SO-2025-008626,1,2025-06-19,2025-06-23,PL-WEB-01,C013041,VM-BIK-0014,4,3829.99,0.08,PLN
SO-2025-008626,2,2025-06-19,2025-06-23,PL-WEB-01,C013041,VM-ACC-0008,5,399.99,0.1,PLN
SO-2025-008626,3,2025-06-19,2025-06-23,PL-WEB-01,C013041,VM-NUT-0004,22,6.99,0.1,PLN
SO-2025-008627,1,2025-06-19,2025-06-23,PL-WEB-01,C012342,VM-ACC-0020,1,809.99,0.0,PLN
SO-2025-008628,1,2025-06-19,2025-06-21,PL-WEB-01,C006283,VM-NUT-0006,6,9.99,0.0,PLN
SO-2025-008629,1,2025-06-19,2025-06-23,PL-WEB-01,C015483,VM-APP-0006,2,309.99,0.0,PLN
SO-2025-008630,1,2025-06-19,2025-06-23,PL-WEB-01,C010870,VM-APP-0011,1,409.99,0.0,PLN
SO-2025-008630,2,2025-06-19,2025-06-23,PL-WEB-01,C010870,VM-NUT-0006,5,9.99,0.0,PLN
SO-2025-008630,3,2025-06-19,2025-06-23,PL-WEB-01,C010870,VM-NUT-0004,11,6.99,0.0,PLN
SO-2025-008631,1,2025-06-19,2025-06-22,PL-WEB-01,C006299,VM-NUT-0011,1,53.99,0.0,PLN
SO-2025-008631,2,2025-06-19,2025-06-22,PL-WEB-01,C006299,VM-ACC-0020,1,809.99,0.0,PLN
SO-2025-008631,3,2025-06-19,2025-06-22,PL-WEB-01,C006299,VM-NUT-0001,8,8.99,0.0,PLN
SO-2025-008631,4,2025-06-19,2025-06-22,PL-WEB-01,C006299,VM-ACC-0008,2,399.99,0.0,PLN
SO-2025-008632,1,2025-06-19,2025-06-20,PL-WEB-01,C015847,VM-APP-0002,1,439.99,0.0,PLN
SO-2025-008633,1,2025-06-19,2025-06-22,PL-WEB-01,C015848,VM-APP-0008,1,159.99,0.05,PLN
SO-2025-008633,2,2025-06-19,2025-06-22,PL-WEB-01,C015848,VM-BIK-0007,1,7049.99,0.05,PLN
SO-2025-008633,3,2025-06-19,2025-06-22,PL-WEB-01,C015848,VM-ACC-0008,2,399.99,0.05,PLN
SO-2025-008634,1,2025-06-19,2025-06-20,PL-WEB-01,C012497,VM-ACC-0021,1,779.99,0.0,PLN
SO-2025-008635,1,2025-06-19,2025-06-23,PL-MKT-01,C011095,VM-BIK-0020,1,1209.99,0.0,PLN
SO-2025-008636,1,2025-06-19,2025-06-22,PL-MKT-01,C012965,VM-NUT-0004,11,6.99,0.05,PLN
SO-2025-008636,2,2025-06-19,2025-06-22,PL-MKT-01,C012965,VM-EBK-0007,1,14699.99,0.05,PLN
SO-2025-008636,3,2025-06-19,2025-06-22,PL-MKT-01,C012965,VM-EBK-0002,1,9949.99,0.05,PLN
SO-2025-008636,4,2025-06-19,2025-06-22,PL-MKT-01,C012965,VM-CMP-0013,1,529.99,0.05,PLN
SO-2025-008637,1,2025-06-19,2025-06-22,PL-MKT-01,C015849,VM-APP-0007,2,159.99,0.0,PLN
SO-2025-008637,2,2025-06-19,2025-06-22,PL-MKT-01,C015849,VM-ACC-0008,2,399.99,0.0,PLN
SO-2025-008638,1,2025-06-19,2025-06-23,PL-MKT-01,C011206,VM-EBK-0003,1,9089.99,0.05,PLN
SO-2025-008638,2,2025-06-19,2025-06-23,PL-MKT-01,C011206,VM-ACC-0014,1,109.99,0.05,PLN
SO-2025-008639,1,2025-06-19,2025-06-23,PL-MKT-01,C014155,VM-NUT-0006,7,9.99,0.0,PLN
SO-2025-008639,2,2025-06-19,2025-06-23,PL-MKT-01,C014155,VM-BIK-0013,1,4799.99,0.0,PLN
SO-2025-008639,3,2025-06-19,2025-06-23,PL-MKT-01,C014155,VM-APP-0008,2,159.99,0.0,PLN
SO-2025-008639,4,2025-06-19,2025-06-23,PL-MKT-01,C014155,VM-NUT-0009,2,84.99,0.0,PLN
SO-2025-008640,1,2025-06-19,2025-06-22,PL-MKT-01,C011800,VM-NUT-0004,11,6.99,0.0,PLN
SO-2025-008641,1,2025-06-19,2025-06-21,PL-MKT-01,C009076,VM-NUT-0003,15,10.99,0.0,PLN
SO-2025-008641,2,2025-06-19,2025-06-21,PL-MKT-01,C009076,VM-EBK-0010,1,13489.99,0.0,PLN
SO-2025-008641,3,2025-06-19,2025-06-21,PL-MKT-01,C009076,VM-EBK-0007,1,14699.99,0.0,PLN
SO-2025-008642,1,2025-06-19,2025-06-23,PL-MKT-01,C015850,VM-CMP-0015,2,919.99,0.0,PLN
SO-2025-008643,1,2025-06-19,2025-06-20,PL-MKT-01,C005106,VM-ACC-0003,2,289.99,0.05,PLN
SO-2025-008643,2,2025-06-19,2025-06-20,PL-MKT-01,C005106,VM-BIK-0007,1,7049.99,0.05,PLN
SO-2025-008644,1,2025-06-19,2025-06-21,PL-MKT-01,C015851,VM-APP-0012,1,869.99,0.05,PLN
SO-2025-008645,1,2025-06-19,2025-06-19,CZ-PRG-01,,VM-NUT-0001,15,52.0,0.0,CZK
SO-2025-008645,2,2025-06-19,2025-06-19,CZ-PRG-01,,VM-APP-0013,1,2545.0,0.0,CZK
SO-2025-008645,3,2025-06-19,2025-06-19,CZ-PRG-01,,VM-NUT-0007,11,75.0,0.0,CZK
SO-2025-008646,1,2025-06-19,2025-06-19,CZ-PRG-01,C015852,vm-ebk-0002,1,57548.0,0.0,CZK
SO-2025-008647,1,2025-06-19,2025-06-19,CZ-PRG-01,,VM-APP-0013,1,2545.0,0.0,CZK
SO-2025-008647,2,2025-06-19,2025-06-19,CZ-PRG-01,,VM-NUT-0007,12,75.0,0.0,CZK
SO-2025-008647,3,2025-06-19,2025-06-19,CZ-PRG-01,,VM-ACC-0001,2,2198.0,0.0,CZK
SO-2025-008648,1,2025-06-19,2025-06-19,CZ-BRN-01,,VM-BIK-0009,1,32620.0,0.0,CZK
SO-2025-008648,2,2025-06-19,2025-06-19,CZ-BRN-01,,VM-ACC-0008,2,2313.0,0.0,CZK
SO-2025-008648,3,2025-06-19,2025-06-19,CZ-BRN-01,,VM-ACC-0014,1,636.0,0.0,CZK
SO-2025-008649,1,2025-06-19,2025-06-19,CZ-BRN-01,,VM-EBK-0004,1,64083.0,0.0,CZK
SO-2025-008650,1,2025-06-19,2025-06-19,CZ-BRN-01,,VM-ACC-0005,1,1041.0,0.0,CZK
SO-2025-008650,2,2025-06-19,2025-06-19,CZ-BRN-01,,VM-ACC-0002,1,3528.0,0.0,CZK
SO-2025-008651,1,2025-06-19,2025-06-19,CZ-BRN-01,,VM-NUT-0006,4,58.0,0.0,CZK
SO-2025-008652,1,2025-06-19,2025-06-19,CZ-BRN-01,,VM-BIK-0007,1,40775.0,0.0,CZK
SO-2025-008652,2,2025-06-19,2025-06-19,CZ-BRN-01,,VM-ACC-0018,3,289.0,0.0,CZK
SO-2025-008653,1,2025-06-19,2025-06-21,CZ-WEB-01,C015853,VM-ACC-0011,1,416.0,0.0,CZK
SO-2025-008653,2,2025-06-19,2025-06-21,CZ-WEB-01,C015853,VM-CMP-0017,1,2892.0,0.0,CZK
SO-2025-008653,3,2025-06-19,2025-06-21,CZ-WEB-01,C015853,VM-ACC-0023,1,5379.0,0.0,CZK
SO-2025-008654,1,2025-06-19,2025-06-22,CZ-WEB-01,C015326,VM-BIK-0004,1,24696.0,0.0,CZK
SO-2025-008654,2,2025-06-19,2025-06-22,CZ-WEB-01,C015326,VM-ACC-0007,1,2082.0,0.0,CZK
SO-2025-008655,1,2025-06-19,2025-06-22,CZ-WEB-01,C015854,VM-CMP-0017,1,2892.0,0.0,CZK
SO-2025-008655,2,2025-06-19,2025-06-22,CZ-WEB-01,C015854,VM-ACC-0007,1,2082.0,0.0,CZK
SO-2025-008655,3,2025-06-19,2025-06-22,CZ-WEB-01,C015854,VM-APP-0008,2,925.0,0.0,CZK
SO-2025-008656,1,2025-06-19,2025-06-21,CZ-WEB-01,C014466,VM-BIK-0005,1,42857.0,0.0,CZK
SO-2025-008657,1,2025-06-19,2025-06-23,CZ-WEB-01,C013937,VM-EBK-0007,1,85020.0,0.0,CZK
SO-2025-008658,1,2025-06-19,2025-06-20,CZ-WEB-01,C015855,VM-APP-0020,2,1041.0,0.05,CZK
SO-2025-008658,2,2025-06-19,2025-06-20,CZ-WEB-01,C015855,VM-BIK-0007,1,40775.0,0.05,CZK
SO-2025-008659,1,2025-06-19,2025-06-19,DE-BER-01,C015856,VM-CMP-0002,1,131.28,0.0,EUR
SO-2025-008660,1,2025-06-19,2025-06-19,DE-BER-01,C008833,VM-BIK-0007,1,1652.72,0.0,EUR
SO-2025-008660,2,2025-06-19,2025-06-19,DE-BER-01,C008833,VM-ACC-0008,2,93.77,0.0,EUR
SO-2025-008660,3,2025-06-19,2025-06-19,DE-BER-01,C008833,VM-ACC-0014,1,25.78,0.0,EUR
SO-2025-008661,1,2025-06-19,2025-06-19,DE-BER-01,C013868,VM-ACC-0008,2,93.77,0.12,EUR
SO-2025-008661,2,2025-06-19,2025-06-19,DE-BER-01,C013868,VM-CMP-0015,4,215.67,0.12,EUR
SO-2025-008662,1,2025-06-19,2025-06-21,DE-WEB-01,C007073,VM-ACC-0007,1,84.39,0.0,EUR
SO-2025-008663,1,2025-06-19,2025-06-23,DE-WEB-01,C015857,VM-BIK-0019,1,283.66,0.0,EUR
SO-2025-008663,2,2025-06-19,2025-06-23,DE-WEB-01,C015857,VM-ACC-0008,1,93.77,0.0,EUR
SO-2025-008664,1,2025-06-19,2025-06-20,DE-WEB-01,C015062,VM-CMP-0015,1,215.67,0.05,EUR
SO-2025-008665,1,2025-06-19,2025-06-21,DE-WEB-01,C013827,VM-BIK-0012,1,2768.59,0.05,EUR
SO-2025-008666,1,2025-06-19,2025-06-22,DE-WEB-01,C015858,VM-ACC-0009,2,93.77,0.0,EUR
SO-2025-008667,1,2025-06-19,2025-06-21,DE-WEB-01,C013422,VM-BIK-0005,1,1737.11,0.0,EUR
SO-2025-008668,1,2025-06-19,2025-06-23,DE-WEB-01,C014620,VM-BIK-0009,1,1322.17,0.0,EUR
SO-2025-008668,2,2025-06-19,2025-06-23,DE-WEB-01,C014620,VM-ACC-0014,1,25.78,0.0,EUR
SO-2025-008669,1,2025-06-20,2025-06-20,PL-WAW-01,,VM-BIK-0007,1,7049.99,0.0,PLN
SO-2025-008669,2,2025-06-20,2025-06-20,PL-WAW-01,,VM-ACC-0014,1,109.99,0.0,PLN
SO-2025-008669,3,2025-06-20,2025-06-20,PL-WAW-01,,VM-EBK-0003,1,9089.99,0.0,PLN
SO-2025-008670,1,2025-06-20,2025-06-20,PL-WAW-01,,VM-ACC-0014,1,109.99,0.0,PLN
SO-2025-008670,2,2025-06-20,2025-06-20,PL-WAW-01,,VM-CMP-0006,2,199.99,0.0,PLN
SO-2025-008671,1,2025-06-20,2025-06-20,PL-WAW-02,,VM-NUT-0003,14,10.99,0.0,PLN
SO-2025-008672,1,2025-06-20,2025-06-20,PL-WAW-02,C015859,VM-CMP-0022,3,35.99,0.0,PLN
SO-2025-008672,2,2025-06-20,2025-06-20,PL-WAW-02,C015859,VM-NUT-0011,3,53.99,0.1,PLN
SO-2025-008673,1,2025-06-20,2025-06-20,PL-WAW-02,C015860,VM-NUT-0001,11,8.99,0.0,PLN
SO-2025-008673,2,2025-06-20,2025-06-20,PL-WAW-02,C015860,VM-BIK-0004,1,4269.99,0.0,PLN
SO-2025-008673,3,2025-06-20,2025-06-20,PL-WAW-02,C015860,VM-NUT-0007,11,12.99,0.0,PLN
SO-2025-008673,4,2025-06-20,2025-06-20,PL-WAW-02,C015860,VM-CMP-0023,3,58.99,0.0,PLN
SO-2025-008674,1,2025-06-20,2025-06-20,PL-WAW-02,C015861,VM-APP-0006,2,309.99,0.0,PLN
SO-2025-008675,1,2025-06-20,2025-06-20,PL-KRK-01,,VM-APP-0003,2,309.99,0.0,PLN
SO-2025-008676,1,2025-06-20,2025-06-20,PL-KRK-01,C015862,VM-APP-0006,1,309.99,0.05,PLN
SO-2025-008676,2,2025-06-20,2025-06-20,PL-KRK-01,C015862,VM-CMP-0008,2,439.99,0.05,PLN
SO-2025-008676,3,2025-06-20,2025-06-20,PL-KRK-01,C015862,VM-ACC-0017,3,57.99,0.05,PLN
SO-2025-008677,1,2025-06-20,2025-06-20,PL-KRK-01,C010980,VM-EBK-0009,1,9909.99,0.05,PLN
SO-2025-008678,1,2025-06-20,2025-06-20,PL-KRK-01,,VM-APP-0013,1,439.99,0.0,PLN
SO-2025-008679,1,2025-06-20,2025-06-20,PL-WRO-01,C014736,VM-BIK-0012,1,11809.99,0.05,PLN
SO-2025-008680,1,2025-06-20,2025-06-20,PL-WRO-01,C015863,VM-ACC-0018,1,49.99,0.05,PLN
SO-2025-008681,1,2025-06-20,2025-06-20,PL-GDN-01,,VM-CMP-0005,2,1479.99,0.0,PLN
SO-2025-008682,1,2025-06-20,2025-06-20,PL-POZ-01,C015864,VM-ACC-0008,2,399.99,0.0,PLN
SO-2025-008683,1,2025-06-20,2025-06-20,PL-POZ-01,C015865,VM-ACC-0008,1,399.99,0.0,PLN
SO-2025-008684,1,2025-06-20,2025-06-20,PL-LDZ-01,C002444,VM-CMP-0009,2,349.99,0.05,PLN
SO-2025-008685,1,2025-06-20,2025-06-22,PL-WEB-01,C012887,VM-BIK-0001,1,13689.99,0.05,PLN
SO-2025-008685,2,2025-06-20,2025-06-22,PL-WEB-01,C012887,VM-ACC-0002,1,609.99,0.05,PLN
SO-2025-008686,1,2025-06-20,2025-06-23,PL-WEB-01,C011751,VM-ACC-0008,2,399.99,0.05,PLN
SO-2025-008686,2,2025-06-20,2025-06-23,PL-WEB-01,C011751,VM-BIK-0003,1,6539.99,0.05,PLN
SO-2025-008687,1,2025-06-20,2025-06-23,PL-WEB-01,C015866,VM-EBK-0002,1,9949.99,0.0,PLN
SO-2025-008688,1,2025-06-20,2025-06-24,PL-WEB-01,C015867,VM-CMP-0015,2,919.99,0.0,PLN
SO-2025-008689,1,2025-06-20,2025-06-24,PL-WEB-01,C012121,VM-ACC-0001,1,379.99,0.0,PLN
SO-2025-008690,1,2025-06-20,2025-06-24,PL-WEB-01,C015868,VM-ACC-0007,1,359.99,0.0,PLN
SO-2025-008690,2,2025-06-20,2025-06-24,PL-WEB-01,C015868,VM-BIK-0011,1,8649.99,0.0,PLN
SO-2025-008691,1,2025-06-20,2025-06-21,PL-WEB-01,C002985,VM-CMP-0021,2,47.99,0.0,PLN
SO-2025-008691,2,2025-06-20,2025-06-21,PL-WEB-01,C002985,VM-NUT-0006,9,9.99,0.0,PLN
SO-2025-008691,3,2025-06-20,2025-06-21,PL-WEB-01,C002985,VM-CMP-0001,2,399.99,0.0,PLN
SO-2025-008692,1,2025-06-20,2025-06-23,PL-WEB-01,C015869,VM-ACC-0014,1,109.99,0.0,PLN
SO-2025-008693,1,2025-06-20,2025-06-22,PL-WEB-01,C012468,VM-ACC-0020,1,809.99,0.0,PLN
SO-2025-008694,1,2025-06-20,2025-06-21,PL-WEB-01,C009583,VM-BIK-0001,1,13689.99,0.05,PLN
SO-2025-008694,2,2025-06-20,2025-06-21,PL-WEB-01,C009583,VM-ACC-0017,2,57.99,0.05,PLN
SO-2025-008694,3,2025-06-20,2025-06-21,PL-WEB-01,C009583,VM-BIK-0013,1,4799.99,0.05,PLN
SO-2025-008695,1,2025-06-20,2025-06-21,PL-WEB-01,C010706,VM-BIK-0022,1,1399.99,0.0,PLN
SO-2025-008696,1,2025-06-20,2025-06-23,PL-WEB-01,C011201,VM-NUT-0009,4,84.99,0.1,PLN
SO-2025-008696,2,2025-06-20,2025-06-23,PL-WEB-01,C011201,VM-APP-0006,1,309.99,0.0,PLN
SO-2025-008697,1,2025-06-20,2025-06-21,PL-WEB-01,C015870,VM-ACC-0014,1,109.99,0.0,PLN
SO-2025-008697,2,2025-06-20,2025-06-21,PL-WEB-01,C015870,VM-EBK-0003,1,9089.99,0.0,PLN
SO-2025-008697,3,2025-06-20,2025-06-21,PL-WEB-01,C015870,VM-BIK-0020,1,1209.99,0.0,PLN
SO-2025-008698,1,2025-06-20,2025-06-24,PL-WEB-01,C014772,VM-BIK-0017,1,1909.99,0.0,PLN
SO-2025-008698,2,2025-06-20,2025-06-24,PL-WEB-01,C014772,VM-NUT-0004,12,6.99,0.0,PLN
SO-2025-008699,1,2025-06-20,2025-06-22,PL-WEB-01,C015871,VM-APP-0006,3,309.99,0.0,PLN
SO-2025-008700,1,2025-06-20,2025-06-24,PL-MKT-01,C015872,VM-EBK-0004,1,11079.99,0.05,PLN
SO-2025-008701,1,2025-06-20,2025-06-24,PL-MKT-01,C007540,VM-APP-0006,1,309.99,0.0,PLN
SO-2025-008701,2,2025-06-20,2025-06-24,PL-MKT-01,C007540,VM-CMP-0016,1,2459.99,0.0,PLN
SO-2025-008702,1,2025-06-20,2025-06-21,PL-MKT-01,C000476,VM-CMP-0017,1,499.99,0.0,PLN
SO-2025-008703,1,2025-06-20,2025-06-24,PL-MKT-01,C015873,VM-BIK-0011,1,8649.99,0.05,PLN
SO-2025-008703,2,2025-06-20,2025-06-24,PL-MKT-01,C015873,VM-ACC-0018,1,49.99,0.05,PLN
SO-2025-008704,1,2025-06-20,2025-06-23,PL-MKT-01,C015874,VM-ACC-0014,1,109.99,0.0,PLN
SO-2025-008705,1,2025-06-20,2025-06-21,PL-MKT-01,C015875,VM-BIK-0007,1,7049.99,0.0,PLN
SO-2025-008705,2,2025-06-20,2025-06-21,PL-MKT-01,C015875,VM-ACC-0002,2,609.99,0.0,PLN
SO-2025-008705,3,2025-06-20,2025-06-21,PL-MKT-01,C015875,VM-ACC-0018,2,49.99,0.0,PLN
SO-2025-008705,4,2025-06-20,2025-06-21,PL-MKT-01,C015875,VM-ACC-0007,2,359.99,0.0,PLN
SO-2025-008706,1,2025-06-20,2025-06-24,PL-MKT-01,C007722,VM-EBK-0003,1,9089.99,0.05,PLN
SO-2025-008706,2,2025-06-20,2025-06-24,PL-MKT-01,C007722, VM-NUT-0004 ,5,6.99,0.05,PLN
SO-2025-008706,3,2025-06-20,2025-06-24,PL-MKT-01,C007722,VM-ACC-0007,2,359.99,0.05,PLN
SO-2025-008707,1,2025-06-20,2025-06-23,PL-MKT-01,C010698,VM-EBK-0008,4,15099.99,0.08,PLN
SO-2025-008708,1,2025-06-20,2025-06-21,PL-MKT-01,C008941,VM-ACC-0021,1,779.99,0.05,PLN
SO-2025-008708,2,2025-06-20,2025-06-21,PL-MKT-01,C008941,VM-ACC-0015,1,349.99,0.05,PLN
SO-2025-008709,1,2025-06-20,2025-06-21,PL-MKT-01,C015876,VM-CMP-0006,2,199.99,0.0,PLN
SO-2025-008709,2,2025-06-20,2025-06-21,PL-MKT-01,C015876,VM-APP-0020,1,179.99,0.0,PLN
SO-2025-008710,1,2025-06-20,2025-06-22,PL-MKT-01,C015877,VM-BIK-0012,1,11809.99,0.05,PLN
SO-2025-008710,2,2025-06-20,2025-06-22,PL-MKT-01,C015877,VM-NUT-0004,11,6.99,0.0,PLN
SO-2025-008711,1,2025-06-20,2025-06-24,PL-MKT-01,C008751,VM-BIK-0019,1,1209.99,0.0,PLN
SO-2025-008712,1,2025-06-20,2025-06-21,PL-MKT-01,C015320,VM-BIK-0001,1,13689.99,0.0,PLN
SO-2025-008712,2,2025-06-20,2025-06-21,PL-MKT-01,C015320,VM-CMP-0020,1,259.99,0.0,PLN
SO-2025-008713,1,2025-06-20,2025-06-23,PL-MKT-01,C009430,VM-CMP-0012,2,539.99,0.0,PLN
SO-2025-008714,1,2025-06-20,2025-06-20,CZ-PRG-01,C012673,VM-APP-0018,1,752.0,0.05,CZK
SO-2025-008715,1,2025-06-20,2025-06-20,CZ-PRG-01,,VM-NUT-0001,14,52.0,0.0,CZK
SO-2025-008716,1,2025-06-20,2025-06-20,CZ-PRG-01,C003142,VM-CMP-0019,3,1215.0,0.0,CZK
SO-2025-008716,2,2025-06-20,2025-06-20,CZ-PRG-01,C003142,VM-NUT-0007,10,75.0,0.0,CZK
SO-2025-008717,1,2025-06-20,2025-06-20,CZ-BRN-01,C015878,VM-APP-0020,2,1041.0,0.0,CZK
SO-2025-008717,2,2025-06-20,2025-06-20,CZ-BRN-01,C015878,VM-BIK-0012,1,68305.0,0.0,CZK
SO-2025-008718,1,2025-06-20,2025-06-24,CZ-WEB-01,C015879,VM-NUT-0006,11,58.0,0.05,CZK
SO-2025-008718,2,2025-06-20,2025-06-24,CZ-WEB-01,C015879,VM-APP-0010,1,983.0,0.05,CZK
SO-2025-008719,1,2025-06-20,2025-06-24,CZ-WEB-01,C015880,VM-BIK-0004,1,24696.0,0.1,CZK
SO-2025-008720,1,2025-06-20,2025-06-21,CZ-WEB-01,C015168,VM-NUT-0001,7,52.0,0.0,CZK
SO-2025-008721,1,2025-06-20,2025-06-21,CZ-WEB-01,C007169,VM-ACC-0008,1,2313.0,0.1,CZK
SO-2025-008721,2,2025-06-20,2025-06-21,CZ-WEB-01,C007169,VM-BIK-0009,1,32620.0,0.05,CZK
SO-2025-008721,3,2025-06-20,2025-06-21,CZ-WEB-01,C007169,VM-BIK-0012,1,68305.0,0.05,CZK
SO-2025-008722,1,2025-06-20,2025-06-21,CZ-WEB-01,C015881,VM-ACC-0008,2,2313.0,0.0,CZK
SO-2025-008722,2,2025-06-20,2025-06-21,CZ-WEB-01,C015881,VM-NUT-0009,3,492.0,0.0,CZK
SO-2025-008723,1,2025-06-20,2025-06-20,DE-BER-01,C014542,VM-APP-0002,3,103.15,0.0,EUR
SO-2025-008723,2,2025-06-20,2025-06-20,DE-BER-01,C014542,VM-BIK-0007,1,1652.72,0.0,EUR
SO-2025-008724,1,2025-06-20,2025-06-20,DE-BER-01,C015882,VM-CMP-0009,2,82.05,0.0,EUR
SO-2025-008725,1,2025-06-20,2025-06-20,DE-BER-01,,VM-CMP-0017,1,117.21,0.0,EUR
SO-2025-008725,2,2025-06-20,2025-06-20,DE-BER-01,, VM-EBK-0009 ,1,2323.18,0.0,EUR
SO-2025-008726,1,2025-06-20,2025-06-20,DE-BER-01,C000675,VM-CMP-0005,1,346.95,0.05,EUR
SO-2025-008726,2,2025-06-20,2025-06-20,DE-BER-01,C000675,VM-APP-0002,1,103.15,0.05,EUR
SO-2025-008726,3,2025-06-20,2025-06-20,DE-BER-01,C000675,VM-APP-0020,1,42.19,0.05,EUR
SO-2025-008727,1,2025-06-20,2025-06-20,DE-BER-01,,VM-EBK-0009,1,2323.18,0.0,EUR
SO-2025-008728,1,2025-06-20,2025-06-24,DE-WEB-01,C014565,VM-CMP-0005,1,346.95,0.0,EUR
SO-2025-008729,1,2025-06-20,2025-06-23,DE-WEB-01,C000675,VM-EBK-0006,1,4721.38,0.05,EUR
SO-2025-008730,1,2025-06-20,2025-06-22,DE-WEB-01,C015883,VM-ACC-0008,1,93.77,0.0,EUR
SO-2025-008730,2,2025-06-20,2025-06-22,DE-WEB-01,C015883, VM-APP-0002 ,1,103.15,0.1,EUR
SO-2025-008730,3,2025-06-20,2025-06-22,DE-WEB-01,C015883,VM-NUT-0007,10,3.05,0.0,EUR
SO-2025-008731,1,2025-06-20,2025-06-21,DE-WEB-01,C015884,VM-ACC-0008,2,93.77,0.0,EUR
SO-2025-008732,1,2025-06-20,2025-06-23,DE-WEB-01,C015885,VM-BIK-0004,1,1001.01,0.0,EUR
SO-2025-008732,2,2025-06-20,2025-06-23,DE-WEB-01,C015885,VM-EBK-0003,1,2130.95,0.0,EUR
SO-2025-008732,3,2025-06-20,2025-06-23,DE-WEB-01,C015885,VM-ACC-0006,2,222.7,0.0,EUR
SO-2025-008733,1,2025-06-21,2025-06-21,PL-WAW-01,,VM-EBK-0009,1,9909.99,0.0,PLN
SO-2025-008734,1,2025-06-21,2025-06-21,PL-WAW-01,,VM-EBK-0009,1,9909.99,0.0,PLN
SO-2025-008734,2,2025-06-21,2025-06-21,PL-WAW-01,,VM-ACC-0008,1,399.99,0.0,PLN
SO-2025-008735,1,2025-06-21,2025-06-21,PL-WAW-01,C010114,VM-NUT-0006,7,9.99,0.05,PLN
SO-2025-008735,2,2025-06-21,2025-06-21,PL-WAW-01,C010114,VM-ACC-0008,1,399.99,0.05,PLN
SO-2025-008736,1,2025-06-21,2025-06-21,PL-WAW-01,,VM-BIK-0003,1,6539.99,0.0,PLN
SO-2025-008736,2,2025-06-21,2025-06-21,PL-WAW-01,,VM-ACC-0008,1,399.99,0.0,PLN
SO-2025-008736,3,2025-06-21,2025-06-21,PL-WAW-01,,VM-APP-0018,1,129.99,0.0,PLN
SO-2025-008737,1,2025-06-21,2025-06-21,PL-WAW-01,C015886,VM-CMP-0001,2,399.99,0.0,PLN
SO-2025-008738,1,2025-06-21,2025-06-21,PL-WAW-01,,VM-NUT-0006,3,9.99,0.0,PLN
SO-2025-008738,2,2025-06-21,2025-06-21,PL-WAW-01,,VM-BIK-0007,1,7049.99,0.0,PLN
SO-2025-008738,3,2025-06-21,2025-06-21,PL-WAW-01,,VM-APP-0002,1,439.99,0.0,PLN
SO-2025-008738,4,2025-06-21,2025-06-21,PL-WAW-01,,VM-CMP-0005,2,1479.99,0.0,PLN
SO-2025-008739,1,2025-06-21,2025-06-21,PL-WAW-01,C015887,VM-BIK-0020,1,1209.99,0.0,PLN
SO-2025-008739,2,2025-06-21,2025-06-21,PL-WAW-01,C015887,VM-ACC-0014,1,109.99,0.0,PLN
SO-2025-008739,3,2025-06-21,2025-06-21,PL-WAW-01,C015887,VM-NUT-0004,11,6.99,0.0,PLN
SO-2025-008739,4,2025-06-21,2025-06-21,PL-WAW-01,C015887,VM-ACC-0018,1,49.99,0.0,PLN
SO-2025-008740,1,2025-06-21,2025-06-21,PL-WAW-01,,VM-BIK-0006,1,6589.99,0.0,PLN
SO-2025-008741,1,2025-06-21,2025-06-21,PL-WAW-01,,VM-NUT-0006,9,9.99,0.0,PLN
SO-2025-008742,1,2025-06-21,2025-06-21,PL-WAW-01,C010082,VM-NUT-0009,2,84.99,0.0,PLN
SO-2025-008743,1,2025-06-21,2025-06-21,PL-WAW-02,C015888,VM-EBK-0007,3,14699.99,0.1,PLN
SO-2025-008744,1,2025-06-21,2025-06-21,PL-WAW-02,C015676,VM-APP-0013,1,439.99,0.0,PLN
SO-2025-008744,2,2025-06-21,2025-06-21,PL-WAW-02,C015676,VM-APP-0006,3,309.99,0.0,PLN
SO-2025-008745,1,2025-06-21,2025-06-21,PL-WAW-02,C005367,VM-EBK-0007,1,14699.99,0.05,PLN
SO-2025-008746,1,2025-06-21,2025-06-21,PL-WAW-02,C015889,VM-CMP-0011,2,159.99,0.05,PLN
SO-2025-008746,2,2025-06-21,2025-06-21,PL-WAW-02,C015889,VM-ACC-0008,1,399.99,0.05,PLN
SO-2025-008746,3,2025-06-21,2025-06-21,PL-WAW-02,C015889,VM-BIK-0006,1,6589.99,0.05,PLN
SO-2025-008747,1,2025-06-21,2025-06-21,PL-WAW-02,C012241,VM-ACC-0014,4,109.99,0.08,PLN
SO-2025-008747,2,2025-06-21,2025-06-21,PL-WAW-02,C012241,VM-CMP-0017,4,499.99,0.08,PLN
SO-2025-008747,3,2025-06-21,2025-06-21,PL-WAW-02,C012241,VM-CMP-0001,4,399.99,0.12,PLN
SO-2025-008748,1,2025-06-21,2025-06-21,PL-WAW-02,C015717,VM-ACC-0008,1,399.99,0.05,PLN
SO-2025-008749,1,2025-06-21,2025-06-21,PL-WAW-02,C010792,VM-ACC-0009,1,399.99,0.0,PLN
SO-2025-008749,2,2025-06-21,2025-06-21,PL-WAW-02,C010792,VM-EBK-0008,1,15099.99,0.0,PLN
SO-2025-008749,3,2025-06-21,2025-06-21,PL-WAW-02,C010792,VM-BIK-0007,1,7049.99,0.0,PLN
SO-2025-008750,1,2025-06-21,2025-06-21,PL-WAW-02,,VM-ACC-0008,2,399.99,0.0,PLN
SO-2025-008751,1,2025-06-21,2025-06-21,PL-WAW-02,,VM-BIK-0004,1,4269.99,0.0,PLN
SO-2025-008751,2,2025-06-21,2025-06-21,PL-WAW-02,,VM-ACC-0017,2,57.99,0.0,PLN
SO-2025-008752,1,2025-06-21,2025-06-21,PL-KRK-01,C013550,VM-ACC-0021,1,779.99,0.0,PLN
SO-2025-008752,2,2025-06-21,2025-06-21,PL-KRK-01,C013550,VM-NUT-0009,2,84.99,0.1,PLN
SO-2025-008752,3,2025-06-21,2025-06-21,PL-KRK-01,C013550,VM-NUT-0003,7,10.99,0.0,PLN
SO-2025-008753,1,2025-06-21,2025-06-21,PL-KRK-01,,VM-EBK-0007,1,14699.99,0.0,PLN
SO-2025-008754,1,2025-06-21,2025-06-21,PL-KRK-01,,VM-CMP-0015,2,919.99,0.0,PLN
SO-2025-008754,2,2025-06-21,2025-06-21,PL-KRK-01,,VM-BIK-0003,1,6539.99,0.0,PLN
SO-2025-008754,3,2025-06-21,2025-06-21,PL-KRK-01,,VM-CMP-0013,2,529.99,0.0,PLN
SO-2025-008754,4,2025-06-21,2025-06-21,PL-KRK-01,,VM-NUT-0006,5,9.99,0.0,PLN
SO-2025-008755,1,2025-06-21,2025-06-21,PL-KRK-01,C012104,VM-ACC-0014,1,109.99,0.0,PLN
SO-2025-008755,2,2025-06-21,2025-06-21,PL-KRK-01,C012104,VM-EBK-0008,1,15099.99,0.0,PLN
SO-2025-008756,1,2025-06-21,2025-06-21,PL-KRK-01,,VM-APP-0010,1,169.99,0.0,PLN
SO-2025-008756,2,2025-06-21,2025-06-21,PL-KRK-01,,VM-EBK-0007,1,14699.99,0.0,PLN
SO-2025-008756,3,2025-06-21,2025-06-21,PL-KRK-01,,VM-BIK-0020,1,1209.99,0.0,PLN
SO-2025-008757,1,2025-06-21,2025-06-21,PL-KRK-01,,VM-CMP-0013,1,529.99,0.0,PLN
SO-2025-008757,2,2025-06-21,2025-06-21,PL-KRK-01,,VM-ACC-0002,1,609.99,0.0,PLN
SO-2025-008758,1,2025-06-21,2025-06-21,PL-KRK-01,C015890,VM-NUT-0001,7,8.99,0.0,PLN
SO-2025-008759,1,2025-06-21,2025-06-21,PL-KRK-01,C013344,VM-APP-0002,2,439.99,0.0,PLN
SO-2025-008759,2,2025-06-21,2025-06-21,PL-KRK-01,C013344,VM-BIK-0009,1,5639.99,0.0,PLN
SO-2025-008759,3,2025-06-21,2025-06-21,PL-KRK-01,C013344,VM-EBK-0008,1,15099.99,0.0,PLN
SO-2025-008760,1,2025-06-21,2025-06-21,PL-KRK-01,,VM-NUT-0004,7,6.99,0.0,PLN
SO-2025-008761,1,2025-06-21,2025-06-21,PL-KRK-01,C015891,VM-CMP-0012,2,539.99,0.0,PLN
SO-2025-008762,1,2025-06-21,2025-06-21,PL-KRK-01,,VM-NUT-0004,14,6.99,0.0,PLN
SO-2025-008762,2,2025-06-21,2025-06-21,PL-KRK-01,,VM-EBK-0008,1,15099.99,0.0,PLN
SO-2025-008763,1,2025-06-21,2025-06-21,PL-KRK-01,C003161,VM-CMP-0004,2,719.99,0.05,PLN
SO-2025-008764,1,2025-06-21,2025-06-21,PL-KRK-01,,VM-BIK-0019,1,1209.99,0.0,PLN
SO-2025-008765,1,2025-06-21,2025-06-21,PL-WRO-01,C002265,VM-BIK-0007,1,7049.99,0.0,PLN
SO-2025-008766,1,2025-06-21,2025-06-21,PL-WRO-01,C015892,VM-BIK-0012,1,11809.99,0.0,PLN
SO-2025-008766,2,2025-06-21,2025-06-21,PL-WRO-01,C015892,VM-ACC-0008,2,399.99,0.0,PLN
SO-2025-008767,1,2025-06-21,2025-06-21,PL-WRO-01,C015893,VM-APP-0002,1,439.99,0.0,PLN
SO-2025-008768,1,2025-06-21,2025-06-21,PL-WRO-01,,VM-ACC-0014,1,109.99,0.0,PLN
SO-2025-008769,1,2025-06-21,2025-06-21,PL-WRO-01,,VM-ACC-0001,2,379.99,0.0,PLN
SO-2025-008769,2,2025-06-21,2025-06-21,PL-WRO-01,,VM-NUT-0007,8,12.99,0.0,PLN
SO-2025-008769,3,2025-06-21,2025-06-21,PL-WRO-01,,VM-NUT-0011,2,53.99,0.0,PLN
SO-2025-008770,1,2025-06-21,2025-06-21,PL-WRO-01,C015894,VM-APP-0006,3,309.99,0.0,PLN
SO-2025-008770,2,2025-06-21,2025-06-21,PL-WRO-01,C015894,VM-CMP-0011,1,159.99,0.0,PLN
SO-2025-008770,3,2025-06-21,2025-06-21,PL-WRO-01,C015894,VM-BIK-0020,1,1209.99,0.0,PLN
SO-2025-008771,1,2025-06-21,2025-06-21,PL-GDN-01,,VM-APP-0015,1,569.99,0.0,PLN
SO-2025-008771,2,2025-06-21,2025-06-21,PL-GDN-01,,VM-EBK-0004,1,11079.99,0.0,PLN
SO-2025-008772,1,2025-06-21,2025-06-21,PL-GDN-01,C015658,VM-CMP-0014,2,429.99,0.0,PLN
SO-2025-008773,1,2025-06-21,2025-06-21,PL-GDN-01,,VM-ACC-0020,1,809.99,0.0,PLN
SO-2025-008774,1,2025-06-21,2025-06-21,PL-GDN-01,C011086,VM-APP-0010,2,169.99,0.0,PLN
SO-2025-008775,1,2025-06-21,2025-06-21,PL-GDN-01,,vm-acc-0008,1,399.99,0.0,PLN
SO-2025-008776,1,2025-06-21,2025-06-21,PL-GDN-01,C015895,VM-ACC-0008,1,399.99,0.0,PLN
SO-2025-008776,2,2025-06-21,2025-06-21,PL-GDN-01,C015895,VM-BIK-0012,1,11809.99,0.0,PLN
SO-2025-008776,3,2025-06-21,2025-06-21,PL-GDN-01,C015895,VM-CMP-0009,1,349.99,0.0,PLN
SO-2025-008777,1,2025-06-21,2025-06-21,PL-GDN-01,C009936,VM-CMP-0004,2,719.99,0.0,PLN
SO-2025-008778,1,2025-06-21,2025-06-21,PL-GDN-01,C006109,VM-BIK-0004,1,4269.99,0.0,PLN
SO-2025-008778,2,2025-06-21,2025-06-21,PL-GDN-01,C006109,VM-APP-0013,1,439.99,0.0,PLN
SO-2025-008779,1,2025-06-21,2025-06-21,PL-GDN-01,C014886,VM-BIK-0012,1,11809.99,0.0,PLN
SO-2025-008780,1,2025-06-21,2025-06-21,PL-GDN-01,C015055,VM-ACC-0007,1,359.99,0.05,PLN
SO-2025-008781,1,2025-06-21,2025-06-21,PL-POZ-01,C015506,VM-NUT-0007,9,12.99,0.0,PLN
SO-2025-008781,2,2025-06-21,2025-06-21,PL-POZ-01,C015506,VM-EBK-0003,1,9089.99,0.0,PLN
SO-2025-008782,1,2025-06-21,2025-06-21,PL-POZ-01,C015481,VM-APP-0011,2,409.99,0.0,PLN
SO-2025-008783,1,2025-06-21,2025-06-21,PL-POZ-01,C015896,vm-app-0002,3,439.99,0.0,PLN
SO-2025-008783,2,2025-06-21,2025-06-21,PL-POZ-01,C015896,VM-CMP-0022,2,35.99,0.0,PLN
SO-2025-008783,3,2025-06-21,2025-06-21,PL-POZ-01,C015896,VM-ACC-0021,1,779.99,0.0,PLN
SO-2025-008784,1,2025-06-21,2025-06-21,PL-POZ-01,C015897,VM-ACC-0002,1,609.99,0.0,PLN
SO-2025-008785,1,2025-06-21,2025-06-21,PL-LDZ-01,,VM-APP-0012,1,869.99,0.0,PLN
SO-2025-008786,1,2025-06-21,2025-06-21,PL-LDZ-01,,VM-APP-0020,1,179.99,0.0,PLN
SO-2025-008786,2,2025-06-21,2025-06-21,PL-LDZ-01,,VM-ACC-0008,1,399.99,0.05,PLN
SO-2025-008786,3,2025-06-21,2025-06-21,PL-LDZ-01,,VM-BIK-0017,1,1909.99,0.0,PLN
SO-2025-008787,1,2025-06-21,2025-06-21,PL-LDZ-01,C015898,VM-ACC-0014,1,109.99,0.0,PLN
SO-2025-008788,1,2025-06-21,2025-06-21,PL-LDZ-01,C015899,VM-ACC-0008,2,399.99,0.0,PLN
SO-2025-008789,1,2025-06-21,2025-06-21,PL-LDZ-01,,VM-APP-0013,1,439.99,0.0,PLN
SO-2025-008790,1,2025-06-21,2025-06-21,PL-LDZ-01,,VM-ACC-0008,2,399.99,0.0,PLN
SO-2025-008790,2,2025-06-21,2025-06-21,PL-LDZ-01,,VM-APP-0008,2,159.99,0.0,PLN
SO-2025-008791,1,2025-06-21,2025-06-21,PL-LDZ-01,,VM-ACC-0008,2,399.99,0.0,PLN
SO-2025-008791,2,2025-06-21,2025-06-21,PL-LDZ-01,,VM-ACC-0007,2,359.99,0.0,PLN
SO-2025-008792,1,2025-06-21,2025-06-24,PL-WEB-01,C015900,VM-APP-0012,1,869.99,0.0,PLN
SO-2025-008793,1,2025-06-21,2025-06-25,PL-WEB-01,C008859,VM-BIK-0006,1,6589.99,0.0,PLN
SO-2025-008794,1,2025-06-21,2025-06-25,PL-WEB-01,C015901,VM-NUT-0009,2,84.99,0.0,PLN
SO-2025-008795,1,2025-06-21,2025-06-23,PL-WEB-01,C014513,VM-CMP-0001,1,399.99,0.0,PLN
SO-2025-008795,2,2025-06-21,2025-06-23,PL-WEB-01,C014513,VM-ACC-0008,2,399.99,0.0,PLN
SO-2025-008795,3,2025-06-21,2025-06-23,PL-WEB-01,C014513,VM-APP-0008,2,159.99,0.0,PLN
SO-2025-008796,1,2025-06-21,2025-06-22,PL-WEB-01,C015902,VM-EBK-0009,1,9909.99,0.0,PLN
SO-2025-008796,2,2025-06-21,2025-06-22,PL-WEB-01,C015902,VM-CMP-0009,1,349.99,0.1,PLN
SO-2025-008797,1,2025-06-21,2025-06-24,PL-WEB-01,C001210,VM-NUT-0002,6,14.99,0.0,PLN
SO-2025-008798,1,2025-06-21,2025-06-23,PL-WEB-01,C010131,VM-APP-0008,1,159.99,0.0,PLN
SO-2025-008799,1,2025-06-21,2025-06-23,PL-WEB-01,C013736,VM-ACC-0007,2,359.99,0.0,PLN
SO-2025-008799,2,2025-06-21,2025-06-23,PL-WEB-01,C013736, VM-NUT-0004 ,11,6.99,0.0,PLN
SO-2025-008799,3,2025-06-21,2025-06-23,PL-WEB-01,C013736,VM-BIK-0003,1,6539.99,0.0,PLN
SO-2025-008800,1,2025-06-21,2025-06-25,PL-WEB-01,C015903,VM-EBK-0006,1,20139.99,0.0,PLN
SO-2025-008801,1,2025-06-21,2025-06-25,PL-MKT-01,C015904,VM-BIK-0017,1,1909.99,0.05,PLN
SO-2025-008801,2,2025-06-21,2025-06-25,PL-MKT-01,C015904,VM-ACC-0018,3,49.99,0.05,PLN
SO-2025-008802,1,2025-06-21,2025-06-25,PL-MKT-01,C015905,VM-CMP-0015,2,919.99,0.05,PLN
SO-2025-008803,1,2025-06-21,2025-06-24,PL-MKT-01,C012216,VM-NUT-0011,4,53.99,0.0,PLN
SO-2025-008804,1,2025-06-21,2025-06-23,PL-MKT-01,C010599,VM-ACC-0001,1,379.99,0.0,PLN
SO-2025-008805,1,2025-06-21,2025-06-23,PL-MKT-01,C013461,VM-NUT-0002,14,14.99,0.0,PLN
SO-2025-008805,2,2025-06-21,2025-06-23,PL-MKT-01,C013461,VM-EBK-0008,1,15099.99,0.0,PLN
SO-2025-008805,3,2025-06-21,2025-06-23,PL-MKT-01,C013461,VM-NUT-0011,2,53.99,0.0,PLN
SO-2025-008805,4,2025-06-21,2025-06-23,PL-MKT-01,C013461,VM-EBK-0011,1,14639.99,0.0,PLN
SO-2025-008806,1,2025-06-21,2025-06-22,PL-MKT-01,C015906,VM-ACC-0017,3,57.99,0.05,PLN
SO-2025-008806,2,2025-06-21,2025-06-22,PL-MKT-01,C015906, VM-BIK-0001 ,1,13689.99,0.05,PLN
SO-2025-008807,1,2025-06-21,2025-06-24,PL-MKT-01,C015907,VM-BIK-0007,1,7049.99,0.05,PLN
SO-2025-008808,1,2025-06-21,2025-06-24,PL-MKT-01,C015908,VM-NUT-0007,12,12.99,0.0,PLN
SO-2025-008809,1,2025-06-21,2025-06-24,PL-MKT-01,C009262,VM-NUT-0001,5,8.99,0.0,PLN
SO-2025-008809,2,2025-06-21,2025-06-24,PL-MKT-01,C009262,VM-ACC-0001,2,379.99,0.0,PLN
SO-2025-008810,1,2025-06-21,2025-06-25,PL-MKT-01,C015909,VM-NUT-0004,8,6.99,0.0,PLN
SO-2025-008811,1,2025-06-21,2025-06-23,PL-MKT-01,C014738,VM-APP-0008,1,159.99,0.0,PLN
SO-2025-008811,2,2025-06-21,2025-06-23,PL-MKT-01,C014738,VM-ACC-0007,1,359.99,0.0,PLN
SO-2025-008812,1,2025-06-21,2025-06-21,CZ-PRG-01,C011944,VM-CMP-0017,1,2892.0,0.0,CZK
SO-2025-008812,2,2025-06-21,2025-06-21,CZ-PRG-01,C011944,VM-ACC-0008,2,2313.0,0.0,CZK
SO-2025-008813,1,2025-06-21,2025-06-21,CZ-PRG-01,C015910,VM-NUT-0004,11,40.0,0.0,CZK
SO-2025-008814,1,2025-06-21,2025-06-21,CZ-PRG-01,C003496,VM-APP-0010,1,983.0,0.05,CZK
SO-2025-008815,1,2025-06-21,2025-06-21,CZ-PRG-01,C015911,VM-BIK-0009,1,32620.0,0.05,CZK
SO-2025-008816,1,2025-06-21,2025-06-21,CZ-PRG-01,C015912,VM-APP-0005,3,1041.0,0.0,CZK
SO-2025-008816,2,2025-06-21,2025-06-21,CZ-PRG-01,C015912,VM-EBK-0011,1,84673.0,0.0,CZK
SO-2025-008817,1,2025-06-21,2025-06-21,CZ-PRG-01,C015913,VM-BIK-0002,1,55697.0,0.05,CZK
SO-2025-008817,2,2025-06-21,2025-06-21,CZ-PRG-01,C015913,VM-ACC-0008,2,2313.0,0.05,CZK
SO-2025-008817,3,2025-06-21,2025-06-21,CZ-PRG-01,C015913,VM-ACC-0015,1,2024.0,0.05,CZK
SO-2025-008817,4,2025-06-21,2025-06-21,CZ-PRG-01,C015913,VM-EBK-0011,1,84673.0,0.05,CZK
SO-2025-008818,1,2025-06-21,2025-06-21,CZ-PRG-01,,VM-CMP-0009,2,2024.0,0.0,CZK
SO-2025-008819,1,2025-06-21,2025-06-21,CZ-BRN-01,C015914,VM-CMP-0020,2,1504.0,0.0,CZK
SO-2025-008819,2,2025-06-21,2025-06-21,CZ-BRN-01,C015914,VM-ACC-0005,1,1041.0,0.0,CZK
SO-2025-008819,3,2025-06-21,2025-06-21,CZ-BRN-01,C015914,VM-ACC-0008,2,2313.0,0.0,CZK
SO-2025-008819,4,2025-06-21,2025-06-21,CZ-BRN-01,C015914,VM-NUT-0007,6,75.0,0.0,CZK
SO-2025-008820,1,2025-06-21,2025-06-24,CZ-WEB-01,C004393,VM-CMP-0013,2,3065.0,0.0,CZK
SO-2025-008820,2,2025-06-21,2025-06-24,CZ-WEB-01,C004393,VM-APP-0008,1,925.0,0.0,CZK
SO-2025-008821,1,2025-06-21,2025-06-23,CZ-WEB-01,C015915,VM-NUT-0006,12,58.0,0.0,CZK
SO-2025-008821,2,2025-06-21,2025-06-23,CZ-WEB-01,C015915,VM-BIK-0007,1,40775.0,0.0,CZK
SO-2025-008821,3,2025-06-21,2025-06-23,CZ-WEB-01,C015915,VM-EBK-0003,1,52574.0,0.05,CZK
SO-2025-008821,4,2025-06-21,2025-06-23,CZ-WEB-01,C015915,VM-CMP-0001,1,2313.0,0.0,CZK
SO-2025-008822,1,2025-06-21,2025-06-24,CZ-WEB-01,C000896,VM-ACC-0013,1,983.0,0.05,CZK
SO-2025-008823,1,2025-06-21,2025-06-21,DE-BER-01,, VM-NUT-0004 ,10,1.64,0.0,EUR
SO-2025-008824,1,2025-06-21,2025-06-21,DE-BER-01,,VM-ACC-0008,2,93.77,0.0,EUR
SO-2025-008824,2,2025-06-21,2025-06-21,DE-BER-01,,VM-CMP-0011,1,37.51,0.0,EUR
SO-2025-008824,3,2025-06-21,2025-06-21,DE-BER-01,, VM-NUT-0004 ,3,1.64,0.0,EUR
SO-2025-008824,4,2025-06-21,2025-06-21,DE-BER-01,,VM-BIK-0009,1,1322.17,0.0,EUR
SO-2025-008825,1,2025-06-21,2025-06-21,DE-BER-01,,VM-CMP-0017,1,117.21,0.0,EUR
SO-2025-008825,2,2025-06-21,2025-06-21,DE-BER-01,,VM-APP-0005,2,42.19,0.0,EUR
SO-2025-008826,1,2025-06-21,2025-06-21,DE-BER-01,,VM-BIK-0003,1,1533.16,0.0,EUR
SO-2025-008826,2,2025-06-21,2025-06-21,DE-BER-01,,VM-ACC-0019,3,11.72,0.0,EUR
SO-2025-008827,1,2025-06-21,2025-06-21,DE-BER-01,C006604, VM-NUT-0006 ,3,2.34,0.05,EUR
SO-2025-008827,2,2025-06-21,2025-06-21,DE-BER-01,C006604,VM-BIK-0001,1,3209.32,0.0,EUR
SO-2025-008827,3,2025-06-21,2025-06-21,DE-BER-01,C006604,VM-ACC-0021,1,182.85,0.0,EUR
SO-2025-008827,4,2025-06-21,2025-06-21,DE-BER-01,C006604,VM-ACC-0002,2,143.0,0.0,EUR
SO-2025-008828,1,2025-06-21,2025-06-21,DE-BER-01,C015916,VM-EBK-0006,1,4721.38,0.0,EUR
SO-2025-008828,2,2025-06-21,2025-06-21,DE-BER-01,C015916,VM-CMP-0004,1,168.79,0.0,EUR
SO-2025-008828,3,2025-06-21,2025-06-21,DE-BER-01,C015916,VM-ACC-0002,2,143.0,0.0,EUR
SO-2025-008829,1,2025-06-21,2025-06-21,DE-BER-01,C006551,VM-NUT-0006,6,2.34,0.05,EUR
SO-2025-008829,2,2025-06-21,2025-06-21,DE-BER-01,C006551,VM-ACC-0019,1,11.72,0.05,EUR
SO-2025-008830,1,2025-06-21,2025-06-21,DE-BER-01,C015917,VM-NUT-0004,12,1.64,0.12,EUR
SO-2025-008831,1,2025-06-21,2025-06-25,DE-WEB-01,C015670,VM-ACC-0019,2,11.72,0.0,EUR
SO-2025-008831,2,2025-06-21,2025-06-25,DE-WEB-01,C015670,vm-bik-0005,1,1737.11,0.0,EUR
SO-2025-008831,3,2025-06-21,2025-06-25,DE-WEB-01,C015670,VM-BIK-0020,1,283.66,0.0,EUR
SO-2025-008832,1,2025-06-21,2025-06-25,DE-WEB-01,C015918,VM-BIK-0017,1,447.76,0.0,EUR
SO-2025-008832,2,2025-06-21,2025-06-25,DE-WEB-01,C015918,VM-ACC-0004,2,182.85,0.0,EUR
SO-2025-008832,3,2025-06-21,2025-06-25,DE-WEB-01,C015918,VM-ACC-0014,1,25.78,0.0,EUR
SO-2025-008833,1,2025-06-21,2025-06-22,DE-WEB-01,C010458,VM-BIK-0001,1,3209.32,0.05,EUR
SO-2025-008833,2,2025-06-21,2025-06-22,DE-WEB-01,C010458,VM-ACC-0002,2,143.0,0.05,EUR
SO-2025-008834,1,2025-06-21,2025-06-23,DE-WEB-01,C009414,VM-ACC-0008,1,93.77,0.05,EUR
SO-2025-008835,1,2025-06-21,2025-06-22,DE-WEB-01,C015725,VM-ACC-0009,2,93.77,0.0,EUR
SO-2025-008835,2,2025-06-21,2025-06-22,DE-WEB-01,C015725,VM-BIK-0012,1,2768.59,0.0,EUR
SO-2025-008835,3,2025-06-21,2025-06-22,DE-WEB-01,C015725,VM-CMP-0017,1,117.21,0.0,EUR
SO-2025-008835,4,2025-06-21,2025-06-22,DE-WEB-01,C015725,VM-NUT-0003,12,2.58,0.0,EUR
SO-2025-008836,1,2025-06-22,2025-06-26,PL-WEB-01,C015419,VM-BIK-0009,2,5639.99,0.12,PLN
SO-2025-008836,2,2025-06-22,2025-06-26,PL-WEB-01,C015419,VM-ACC-0011,5,71.99,0.1,PLN
SO-2025-008836,3,2025-06-22,2025-06-26,PL-WEB-01,C015419,VM-ACC-0004,6,779.99,0.08,PLN
SO-2025-008837,1,2025-06-22,2025-06-25,PL-WEB-01,C015919,VM-CMP-0011,1,159.99,0.0,PLN
SO-2025-008838,1,2025-06-22,2025-06-24,PL-WEB-01,C005290,VM-BIK-0019,1,1209.99,0.0,PLN
SO-2025-008839,1,2025-06-22,2025-06-25,PL-WEB-01,C012598,VM-BIK-0012,1,11809.99,0.0,PLN
SO-2025-008839,2,2025-06-22,2025-06-25,PL-WEB-01,C012598,VM-ACC-0003,1,289.99,0.0,PLN
SO-2025-008840,1,2025-06-22,2025-06-24,PL-WEB-01,C008369,VM-NUT-0006,12,9.99,0.0,PLN
SO-2025-008840,2,2025-06-22,2025-06-24,PL-WEB-01,C008369,VM-BIK-0012,1,11809.99,0.05,PLN
SO-2025-008840,3,2025-06-22,2025-06-24,PL-WEB-01,C008369,VM-NUT-0004,3,6.99,0.0,PLN
SO-2025-008841,1,2025-06-22,2025-06-26,PL-WEB-01,C015920,VM-ACC-0013,1,169.99,0.0,PLN
SO-2025-008842,1,2025-06-22,2025-06-23,PL-WEB-01,C015921,VM-EBK-0009,1,9909.99,0.0,PLN
SO-2025-008843,1,2025-06-22,2025-06-24,PL-WEB-01,C015922,VM-ACC-0003,1,289.99,0.0,PLN
SO-2025-008843,2,2025-06-22,2025-06-24,PL-WEB-01,C015922,VM-EBK-0010,1,13489.99,0.0,PLN
SO-2025-008844,1,2025-06-22,2025-06-24,PL-WEB-01,C015923,VM-APP-0003,1,309.99,0.0,PLN
SO-2025-008845,1,2025-06-22,2025-06-24,PL-WEB-01,C006885,VM-APP-0006,3,309.99,0.05,PLN
SO-2025-008846,1,2025-06-22,2025-06-26,PL-WEB-01,C007309,VM-NUT-0001,12,8.99,0.0,PLN
SO-2025-008847,1,2025-06-22,2025-06-24,PL-WEB-01,C015924,VM-CMP-0020,4,259.99,0.0,PLN
SO-2025-008848,1,2025-06-22,2025-06-24,PL-WEB-01,C005203,VM-EBK-0004,1,11079.99,0.1,PLN
SO-2025-008848,2,2025-06-22,2025-06-24,PL-WEB-01,C005203,VM-APP-0020,2,179.99,0.0,PLN
SO-2025-008848,3,2025-06-22,2025-06-24,PL-WEB-01,C005203,VM-APP-0013,1,439.99,0.0,PLN
SO-2025-008848,4,2025-06-22,2025-06-24,PL-WEB-01,C005203,VM-BIK-0005,1,7409.99,0.0,PLN
SO-2025-008849,1,2025-06-22,2025-06-24,PL-WEB-01,C015925,VM-BIK-0021,1,1249.99,0.05,PLN
SO-2025-008850,1,2025-06-22,2025-06-26,PL-WEB-01,C015049,VM-APP-0005,1,179.99,0.05,PLN
SO-2025-008850,2,2025-06-22,2025-06-26,PL-WEB-01,C015049,VM-NUT-0004,5,6.99,0.05,PLN
SO-2025-008851,1,2025-06-22,2025-06-23,PL-WEB-01,C015862,VM-BIK-0007,1,7049.99,0.05,PLN
SO-2025-008851,2,2025-06-22,2025-06-23,PL-WEB-01,C015862,VM-BIK-0009,1,5639.99,0.05,PLN
SO-2025-008851,3,2025-06-22,2025-06-23,PL-WEB-01,C015862,VM-APP-0012,1,869.99,0.05,PLN
SO-2025-008851,4,2025-06-22,2025-06-23,PL-WEB-01,C015862,VM-CMP-0017,1,499.99,0.05,PLN
SO-2025-008852,1,2025-06-22,2025-06-23,PL-WEB-01,C001840,VM-ACC-0002,2,609.99,0.0,PLN
SO-2025-008853,1,2025-06-22,2025-06-24,PL-WEB-01,C012827,VM-APP-0020,4,179.99,0.08,PLN
SO-2025-008853,2,2025-06-22,2025-06-24,PL-WEB-01,C012827,VM-APP-0010,2,169.99,0.1,PLN
SO-2025-008854,1,2025-06-22,2025-06-26,PL-WEB-01,C010965,VM-BIK-0001,1,13689.99,0.0,PLN
SO-2025-008855,1,2025-06-22,2025-06-23,PL-MKT-01,C015489,VM-BIK-0004,1,4269.99,0.0,PLN
SO-2025-008856,1,2025-06-22,2025-06-23,PL-MKT-01,C015926,VM-CMP-0019,4,209.99,0.0,PLN
SO-2025-008857,1,2025-06-22,2025-06-25,PL-MKT-01,C009655,VM-BIK-0007,1,7049.99,0.0,PLN
SO-2025-008858,1,2025-06-22,2025-06-23,PL-MKT-01,C015927,VM-CMP-0011,2,159.99,0.0,PLN
SO-2025-008859,1,2025-06-22,2025-06-26,PL-MKT-01,C014319,VM-ACC-0008,2,399.99,0.0,PLN
SO-2025-008859,2,2025-06-22,2025-06-26,PL-MKT-01,C014319,VM-NUT-0002,9,14.99,0.1,PLN
SO-2025-008860,1,2025-06-22,2025-06-26,PL-MKT-01,C015928,VM-BIK-0020,1,1209.99,0.0,PLN
SO-2025-008861,1,2025-06-22,2025-06-26,PL-MKT-01,C008381,VM-NUT-0001,7,8.99,0.0,PLN
SO-2025-008862,1,2025-06-22,2025-06-23,PL-MKT-01,C015929,VM-NUT-0007,11,12.99,0.0,PLN
SO-2025-008862,2,2025-06-22,2025-06-23,PL-MKT-01,C015929,VM-NUT-0004,13,6.99,0.0,PLN
SO-2025-008862,3,2025-06-22,2025-06-23,PL-MKT-01,C015929,VM-BIK-0004,1,4269.99,0.0,PLN
SO-2025-008863,1,2025-06-22,2025-06-24,PL-MKT-01,C015930,VM-BIK-0005,1,7409.99,0.0,PLN
SO-2025-008863,2,2025-06-22,2025-06-24,PL-MKT-01,C015930,VM-ACC-0008,2,399.99,0.0,PLN
SO-2025-008864,1,2025-06-22,2025-06-22,CZ-PRG-01,C013937,VM-APP-0004,1,1388.0,0.05,CZK
SO-2025-008865,1,2025-06-22,2025-06-22,CZ-PRG-01,,vm-ebk-0002,1,57548.0,0.0,CZK
SO-2025-008865,2,2025-06-22,2025-06-22,CZ-PRG-01,,VM-ACC-0007,2,2082.0,0.0,CZK
SO-2025-008866,1,2025-06-22,2025-06-22,CZ-PRG-01,C010003,VM-ACC-0008,1,2313.0,0.05,CZK
SO-2025-008866,2,2025-06-22,2025-06-22,CZ-PRG-01,C010003,VM-APP-0006,3,1793.0,0.05,CZK
SO-2025-008866,3,2025-06-22,2025-06-22,CZ-PRG-01,C010003,VM-ACC-0018,3,289.0,0.05,CZK
SO-2025-008867,1,2025-06-22,2025-06-22,CZ-PRG-01,C015931,VM-NUT-0003,4,64.0,0.0,CZK
SO-2025-008867,2,2025-06-22,2025-06-22,CZ-PRG-01,C015931,VM-NUT-0004,15,40.0,0.0,CZK
SO-2025-008867,3,2025-06-22,2025-06-22,CZ-PRG-01,C015931,VM-EBK-0007,1,85020.0,0.0,CZK
SO-2025-008867,4,2025-06-22,2025-06-22,CZ-PRG-01,C015931,VM-CMP-0002,1,3239.0,0.0,CZK
SO-2025-008868,1,2025-06-22,2025-06-22,CZ-BRN-01,,VM-ACC-0008,1,2313.0,0.0,CZK
SO-2025-008869,1,2025-06-22,2025-06-22,CZ-BRN-01,,VM-NUT-0006,11,58.0,0.0,CZK
SO-2025-008869,2,2025-06-22,2025-06-22,CZ-BRN-01,,VM-BIK-0013,1,27762.0,0.1,CZK
SO-2025-008870,1,2025-06-22,2025-06-26,CZ-WEB-01,C006237,VM-ACC-0006,4,5494.0,0.1,CZK
SO-2025-008871,1,2025-06-22,2025-06-24,CZ-WEB-01,C015932,VM-EBK-0008,1,87334.0,0.0,CZK
SO-2025-008872,1,2025-06-22,2025-06-23,CZ-WEB-01,C003810,VM-NUT-0001,11,52.0,0.0,CZK
SO-2025-008873,1,2025-06-22,2025-06-23,CZ-WEB-01,C004017,VM-NUT-0003,4,64.0,0.0,CZK
SO-2025-008874,1,2025-06-22,2025-06-24,CZ-WEB-01,C014587,VM-APP-0004,1,1388.0,0.0,CZK
SO-2025-008874,2,2025-06-22,2025-06-24,CZ-WEB-01,C014587,VM-APP-0019,2,382.0,0.0,CZK
SO-2025-008874,3,2025-06-22,2025-06-24,CZ-WEB-01,C014587,VM-BIK-0019,1,6998.0,0.0,CZK
SO-2025-008875,1,2025-06-22,2025-06-23,CZ-WEB-01,C015933,VM-CMP-0013,2,3065.0,0.05,CZK
SO-2025-008875,2,2025-06-22,2025-06-23,CZ-WEB-01,C015933,VM-ACC-0008,2,2313.0,0.05,CZK
SO-2025-008875,3,2025-06-22,2025-06-23,CZ-WEB-01,C015933,VM-CMP-0006,2,1157.0,0.05,CZK
SO-2025-008876,1,2025-06-22,2025-06-26,CZ-WEB-01,C014847,VM-BIK-0001,1,79179.0,0.05,CZK
SO-2025-008877,1,2025-06-22,2025-06-24,DE-WEB-01,C001016,VM-CMP-0012,2,126.59,0.05,EUR
SO-2025-008878,1,2025-06-22,2025-06-26,DE-WEB-01,C009793,VM-ACC-0018,10,11.72,0.08,EUR
SO-2025-008878,2,2025-06-22,2025-06-26,DE-WEB-01,C009793,vm-app-0002,4,103.15,0.08,EUR
SO-2025-008878,3,2025-06-22,2025-06-26,DE-WEB-01,C009793,VM-ACC-0017,10,13.59,0.08,EUR
SO-2025-008879,1,2025-06-22,2025-06-25,DE-WEB-01,C015934,VM-EBK-0009,1,2323.18,0.0,EUR
SO-2025-008880,1,2025-06-22,2025-06-24,DE-WEB-01,C015935,VM-APP-0018,1,30.47,0.05,EUR
SO-2025-008881,1,2025-06-22,2025-06-24,DE-WEB-01,C012068,VM-APP-0012,1,203.95,0.0,EUR
SO-2025-008882,1,2025-06-22,2025-06-25,DE-WEB-01,C015328,VM-ACC-0014,1,25.78,0.0,EUR
SO-2025-008883,1,2025-06-22,2025-06-24,DE-WEB-01,C015936, VM-BIK-0003 ,1,1533.16,0.0,EUR
SO-2025-008884,1,2025-06-23,2025-06-23,PL-WAW-01,C006081,VM-APP-0020,1,179.99,0.0,PLN
SO-2025-008884,2,2025-06-23,2025-06-23,PL-WAW-01,C006081,VM-NUT-0004,12,6.99,0.0,PLN
SO-2025-008885,1,2025-06-23,2025-06-23,PL-WAW-01,,VM-NUT-0003,12,10.99,0.0,PLN
SO-2025-008885,2,2025-06-23,2025-06-23,PL-WAW-01,,VM-BIK-0007,1,7049.99,0.0,PLN
SO-2025-008886,1,2025-06-23,2025-06-23,PL-WAW-01,C007750,VM-CMP-0017,1,499.99,0.0,PLN
SO-2025-008886,2,2025-06-23,2025-06-23,PL-WAW-01,C007750,VM-NUT-0001,12,8.99,0.0,PLN
SO-2025-008886,3,2025-06-23,2025-06-23,PL-WAW-01,C007750,VM-CMP-0002,1,559.99,0.05,PLN
SO-2025-008887,1,2025-06-23,2025-06-23,PL-WAW-01,,VM-BIK-0007,1,7049.99,0.0,PLN
SO-2025-008887,2,2025-06-23,2025-06-23,PL-WAW-01,,VM-ACC-0014,1,109.99,0.0,PLN
SO-2025-008887,3,2025-06-23,2025-06-23,PL-WAW-01,,VM-APP-0002,2,439.99,0.0,PLN
SO-2025-008887,4,2025-06-23,2025-06-23,PL-WAW-01,,VM-BIK-0012,1,11809.99,0.0,PLN
SO-2025-008888,1,2025-06-23,2025-06-23,PL-WAW-01,C009975,VM-ACC-0009,2,399.99,0.0,PLN
SO-2025-008889,1,2025-06-23,2025-06-23,PL-WAW-01,C015937,VM-BIK-0012,1,11809.99,0.0,PLN
SO-2025-008890,1,2025-06-23,2025-06-23,PL-WAW-02,,VM-CMP-0006,1,199.99,0.0,PLN
SO-2025-008890,2,2025-06-23,2025-06-23,PL-WAW-02,,VM-APP-0006,3,309.99,0.0,PLN
SO-2025-008890,3,2025-06-23,2025-06-23,PL-WAW-02,,VM-BIK-0019,1,1209.99,0.0,PLN
SO-2025-008890,4,2025-06-23,2025-06-23,PL-WAW-02,,VM-ACC-0008,2,399.99,0.0,PLN
SO-2025-008891,1,2025-06-23,2025-06-23,PL-WAW-02,,VM-EBK-0009,1,9909.99,0.0,PLN
SO-2025-008892,1,2025-06-23,2025-06-23,PL-WAW-02,,VM-NUT-0003,15,10.99,0.0,PLN
SO-2025-008893,1,2025-06-23,2025-06-23,PL-WAW-02,C015938,VM-APP-0009,1,349.99,0.0,PLN
SO-2025-008894,1,2025-06-23,2025-06-23,PL-WAW-02,,VM-ACC-0020,1,809.99,0.0,PLN
SO-2025-008894,2,2025-06-23,2025-06-23,PL-WAW-02,,VM-BIK-0012,1,11809.99,0.0,PLN
SO-2025-008895,1,2025-06-23,2025-06-23,PL-WAW-02,,VM-ACC-0009,2,399.99,0.0,PLN
SO-2025-008895,2,2025-06-23,2025-06-23,PL-WAW-02,,VM-BIK-0001,1,13689.99,0.0,PLN
SO-2025-008896,1,2025-06-23,2025-06-23,PL-WAW-02,C007722,VM-NUT-0004,7,6.99,0.05,PLN
SO-2025-008896,2,2025-06-23,2025-06-23,PL-WAW-02,C007722,VM-ACC-0004,1,779.99,0.05,PLN
SO-2025-008896,3,2025-06-23,2025-06-23,PL-WAW-02,C007722,VM-APP-0017,2,189.99,0.05,PLN
SO-2025-008897,1,2025-06-23,2025-06-23,PL-WAW-02,,VM-CMP-0009,1,349.99,0.0,PLN
SO-2025-008897,2,2025-06-23,2025-06-23,PL-WAW-02,,VM-APP-0010,1,169.99,0.0,PLN
SO-2025-008898,1,2025-06-23,2025-06-23,PL-KRK-01,C011751,VM-ACC-0014,1,109.99,0.05,PLN
SO-2025-008899,1,2025-06-23,2025-06-23,PL-WRO-01,,VM-ACC-0020,1,809.99,0.0,PLN
SO-2025-008900,1,2025-06-23,2025-06-23,PL-WRO-01,,VM-ACC-0008,2,399.99,0.0,PLN
SO-2025-008901,1,2025-06-23,2025-06-23,PL-WRO-01,,VM-BIK-0005,1,7409.99,0.0,PLN
SO-2025-008901,2,2025-06-23,2025-06-23,PL-WRO-01,,VM-BIK-0007,1,7049.99,0.0,PLN
SO-2025-008902,1,2025-06-23,2025-06-23,PL-GDN-01,,VM-APP-0003,3,309.99,0.0,PLN
SO-2025-008902,2,2025-06-23,2025-06-23,PL-GDN-01,,VM-APP-0008,2,159.99,0.0,PLN
SO-2025-008903,1,2025-06-23,2025-06-23,PL-GDN-01,,VM-APP-0010,2,169.99,0.0,PLN
SO-2025-008904,1,2025-06-23,2025-06-23,PL-GDN-01,,VM-CMP-0004,2,719.99,0.0,PLN
SO-2025-008904,2,2025-06-23,2025-06-23,PL-GDN-01,,VM-BIK-0004,1,4269.99,0.0,PLN
SO-2025-008904,3,2025-06-23,2025-06-23,PL-GDN-01,,VM-NUT-0006,7,9.99,0.1,PLN
SO-2025-008905,1,2025-06-23,2025-06-23,PL-GDN-01,C015558,VM-APP-0020,2,179.99,0.05,PLN
SO-2025-008905,2,2025-06-23,2025-06-23,PL-GDN-01,C015558,VM-BIK-0007,1,7049.99,0.05,PLN
SO-2025-008906,1,2025-06-23,2025-06-23,PL-GDN-01,C015939,VM-APP-0019,2,65.99,0.0,PLN
SO-2025-008906,2,2025-06-23,2025-06-23,PL-GDN-01,C015939,VM-ACC-0021,1,779.99,0.0,PLN
SO-2025-008907,1,2025-06-23,2025-06-23,PL-POZ-01,,VM-APP-0009,1,349.99,0.1,PLN
SO-2025-008907,2,2025-06-23,2025-06-23,PL-POZ-01,,VM-ACC-0007,2,359.99,0.0,PLN
SO-2025-008908,1,2025-06-23,2025-06-23,PL-POZ-01,,VM-NUT-0003,13,10.99,0.0,PLN
SO-2025-008909,1,2025-06-23,2025-06-23,PL-LDZ-01,C015940,VM-BIK-0016,1,3589.99,0.05,PLN
SO-2025-008909,2,2025-06-23,2025-06-23,PL-LDZ-01,C015940,VM-ACC-0008,2,399.99,0.05,PLN
SO-2025-008909,3,2025-06-23,2025-06-23,PL-LDZ-01,C015940,VM-ACC-0014,1,109.99,0.05,PLN
SO-2025-008910,1,2025-06-23,2025-06-23,PL-LDZ-01,C008911,VM-CMP-0019,3,209.99,0.0,PLN
SO-2025-008910,2,2025-06-23,2025-06-23,PL-LDZ-01,C008911,VM-ACC-0019,1,49.99,0.0,PLN
SO-2025-008910,3,2025-06-23,2025-06-23,PL-LDZ-01,C008911,VM-APP-0012,1,869.99,0.0,PLN
SO-2025-008911,1,2025-06-23,2025-06-23,PL-LDZ-01,C014064,VM-CMP-0005,2,1479.99,0.0,PLN
SO-2025-008912,1,2025-06-23,2025-06-23,PL-LDZ-01,C008554,VM-APP-0002,1,439.99,0.0,PLN
SO-2025-008912,2,2025-06-23,2025-06-23,PL-LDZ-01,C008554,VM-ACC-0002,2,609.99,0.0,PLN
SO-2025-008913,1,2025-06-23,2025-06-24,PL-WEB-01,C015941,vm-ebk-0007,1,14699.99,0.0,PLN
SO-2025-008914,1,2025-06-23,2025-06-26,PL-WEB-01,C013595,VM-CMP-0001,2,399.99,0.0,PLN
SO-2025-008915,1,2025-06-23,2025-06-27,PL-WEB-01,C015942,VM-BIK-0004,1,4269.99,0.05,PLN
SO-2025-008915,2,2025-06-23,2025-06-27,PL-WEB-01,C015942,VM-ACC-0010,2,249.99,0.05,PLN
SO-2025-008915,3,2025-06-23,2025-06-27,PL-WEB-01,C015942,VM-ACC-0009,1,399.99,0.1,PLN
SO-2025-008916,1,2025-06-23,2025-06-27,PL-WEB-01,C003375,VM-APP-0005,1,179.99,0.0,PLN
SO-2025-008916,2,2025-06-23,2025-06-27,PL-WEB-01,C003375,VM-BIK-0012,1,11809.99,0.0,PLN
SO-2025-008917,1,2025-06-23,2025-06-27,PL-WEB-01,C015943,VM-CMP-0004,2,719.99,0.0,PLN
SO-2025-008918,1,2025-06-23,2025-06-25,PL-WEB-01,C015944,VM-ACC-0003,2,289.99,0.08,PLN
SO-2025-008919,1,2025-06-23,2025-06-25,PL-WEB-01,C015945,VM-ACC-0008,2,399.99,0.0,PLN
SO-2025-008919,2,2025-06-23,2025-06-25,PL-WEB-01,C015945,VM-EBK-0011,1,14639.99,0.0,PLN
SO-2025-008919,3,2025-06-23,2025-06-25,PL-WEB-01,C015945,VM-ACC-0013,1,169.99,0.0,PLN
SO-2025-008919,4,2025-06-23,2025-06-25,PL-WEB-01,C015945,VM-CMP-0013,1,529.99,0.0,PLN
SO-2025-008920,1,2025-06-23,2025-06-25,PL-WEB-01,C015946,VM-BIK-0007,1,7049.99,0.0,PLN
SO-2025-008921,1,2025-06-23,2025-06-26,PL-WEB-01,C015947,VM-CMP-0023,1,58.99,0.0,PLN
SO-2025-008921,2,2025-06-23,2025-06-26,PL-WEB-01,C015947,VM-APP-0009,2,349.99,0.1,PLN
SO-2025-008922,1,2025-06-23,2025-06-27,PL-WEB-01,C000989,VM-APP-0020,1,179.99,0.0,PLN
SO-2025-008922,2,2025-06-23,2025-06-27,PL-WEB-01,C000989,VM-CMP-0011,1,159.99,0.0,PLN
SO-2025-008922,3,2025-06-23,2025-06-27,PL-WEB-01,C000989,VM-APP-0002,2,439.99,0.0,PLN
SO-2025-008922,4,2025-06-23,2025-06-27,PL-WEB-01,C000989,VM-APP-0010,1,169.99,0.0,PLN
SO-2025-008923,1,2025-06-23,2025-06-27,PL-WEB-01,C014241,VM-CMP-0005,2,1479.99,0.05,PLN
SO-2025-008924,1,2025-06-23,2025-06-25,PL-WEB-01,C015948,VM-NUT-0011,3,53.99,0.0,PLN
SO-2025-008925,1,2025-06-23,2025-06-24,PL-MKT-01,C015949,VM-NUT-0004,39,6.99,0.12,PLN
SO-2025-008925,2,2025-06-23,2025-06-24,PL-MKT-01,C015949,vm-ebk-0004,3,11079.99,0.1,PLN
SO-2025-008926,1,2025-06-23,2025-06-24,PL-MKT-01,C010381,VM-BIK-0005,1,7409.99,0.0,PLN
SO-2025-008926,2,2025-06-23,2025-06-24,PL-MKT-01,C010381,VM-ACC-0018,2,49.99,0.0,PLN
SO-2025-008926,3,2025-06-23,2025-06-24,PL-MKT-01,C010381,VM-BIK-0003,1,6539.99,0.0,PLN
SO-2025-008927,1,2025-06-23,2025-06-24,PL-MKT-01,C012619,VM-CMP-0016,1,2459.99,0.0,PLN
SO-2025-008927,2,2025-06-23,2025-06-24,PL-MKT-01,C012619,VM-ACC-0014,1,109.99,0.0,PLN
SO-2025-008928,1,2025-06-23,2025-06-24,PL-MKT-01,C010753,VM-ACC-0020,1,809.99,0.05,PLN
SO-2025-008928,2,2025-06-23,2025-06-24,PL-MKT-01,C010753,VM-ACC-0001,1,379.99,0.05,PLN
SO-2025-008928,3,2025-06-23,2025-06-24,PL-MKT-01,C010753,VM-BIK-0013,1,4799.99,0.05,PLN
SO-2025-008929,1,2025-06-23,2025-06-25,PL-MKT-01,C014809,VM-NUT-0006,3,9.99,0.05,PLN
SO-2025-008929,2,2025-06-23,2025-06-25,PL-MKT-01,C014809,VM-CMP-0005,2,1479.99,0.0,PLN
SO-2025-008930,1,2025-06-23,2025-06-27,PL-MKT-01,C015950,VM-CMP-0017,1,499.99,0.0,PLN
SO-2025-008931,1,2025-06-23,2025-06-27,PL-MKT-01,C015951, VM-EBK-0010 ,1,13489.99,0.0,PLN
SO-2025-008932,1,2025-06-23,2025-06-25,PL-MKT-01,C008169,VM-NUT-0004,3,6.99,0.0,PLN
SO-2025-008932,2,2025-06-23,2025-06-25,PL-MKT-01,C008169,VM-BIK-0003,1,6539.99,0.0,PLN
SO-2025-008933,1,2025-06-23,2025-06-26,PL-MKT-01,C013858, VM-ACC-0018 ,12,49.99,0.12,PLN
SO-2025-008934,1,2025-06-23,2025-06-26,PL-MKT-01,C013591,VM-NUT-0004,3,6.99,0.0,PLN
SO-2025-008934,2,2025-06-23,2025-06-26,PL-MKT-01,C013591,VM-CMP-0013,2,529.99,0.0,PLN
SO-2025-008935,1,2025-06-23,2025-06-24,PL-MKT-01,C015952,VM-EBK-0009,1,9909.99,0.0,PLN
SO-2025-008935,2,2025-06-23,2025-06-24,PL-MKT-01,C015952,VM-EBK-0002,1,9949.99,0.0,PLN
SO-2025-008935,3,2025-06-23,2025-06-24,PL-MKT-01,C015952,VM-EBK-0003,1,9089.99,0.0,PLN
SO-2025-008936,1,2025-06-23,2025-06-26,PL-MKT-01,C015953,VM-EBK-0003,1,9089.99,0.0,PLN
SO-2025-008937,1,2025-06-23,2025-06-25,PL-MKT-01,C015862,VM-ACC-0014,1,109.99,0.05,PLN
SO-2025-008938,1,2025-06-23,2025-06-25,PL-MKT-01,C015954,VM-CMP-0013,1,529.99,0.0,PLN
SO-2025-008939,1,2025-06-23,2025-06-25,PL-MKT-01,C015955,VM-BIK-0009,1,5639.99,0.0,PLN
SO-2025-008939,2,2025-06-23,2025-06-25,PL-MKT-01,C015955,VM-ACC-0008,2,399.99,0.0,PLN
SO-2025-008939,3,2025-06-23,2025-06-25,PL-MKT-01,C015955,VM-CMP-0005,1,1479.99,0.0,PLN
SO-2025-008939,4,2025-06-23,2025-06-25,PL-MKT-01,C015955,VM-BIK-0001,1,13689.99,0.0,PLN
SO-2025-008940,1,2025-06-23,2025-06-25,PL-MKT-01,C015956,VM-ACC-0022,1,1569.99,0.05,PLN
SO-2025-008940,2,2025-06-23,2025-06-25,PL-MKT-01,C015956,VM-BIK-0004,1,4269.99,0.05,PLN
SO-2025-008941,1,2025-06-23,2025-06-23,CZ-PRG-01,,VM-BIK-0017,1,11047.0,0.0,CZK
SO-2025-008942,1,2025-06-23,2025-06-26,CZ-WEB-01,C015957,VM-NUT-0011,2,312.0,0.0,CZK
SO-2025-008943,1,2025-06-23,2025-06-26,CZ-WEB-01,C012835,VM-BIK-0009,1,32620.0,0.05,CZK
SO-2025-008944,1,2025-06-23,2025-06-26,CZ-WEB-01,C015958,VM-BIK-0009,1,32620.0,0.1,CZK
SO-2025-008944,2,2025-06-23,2025-06-26,CZ-WEB-01,C015958,VM-ACC-0008,2,2313.0,0.0,CZK
SO-2025-008945,1,2025-06-23,2025-06-26,CZ-WEB-01,C014693,VM-CMP-0013,2,3065.0,0.0,CZK
SO-2025-008946,1,2025-06-23,2025-06-26,CZ-WEB-01,C015959,VM-BIK-0012,1,68305.0,0.0,CZK
SO-2025-008946,2,2025-06-23,2025-06-26,CZ-WEB-01,C015959,VM-APP-0010,1,983.0,0.0,CZK
SO-2025-008947,1,2025-06-23,2025-06-27,CZ-WEB-01,C015960,VM-CMP-0015,2,5321.0,0.0,CZK
SO-2025-008947,2,2025-06-23,2025-06-27,CZ-WEB-01,C015960,VM-NUT-0009,4,492.0,0.0,CZK
SO-2025-008947,3,2025-06-23,2025-06-27,CZ-WEB-01,C015960,VM-ACC-0008,1,2313.0,0.0,CZK
SO-2025-008947,4,2025-06-23,2025-06-27,CZ-WEB-01,C015960,VM-EBK-0009,1,57316.0,0.0,CZK
SO-2025-008948,1,2025-06-23,2025-06-24,CZ-WEB-01,C006025,VM-EBK-0008,1,87334.0,0.0,CZK
SO-2025-008949,1,2025-06-23,2025-06-25,CZ-WEB-01,C012002,VM-NUT-0001,32,52.0,0.12,CZK
SO-2025-008950,1,2025-06-23,2025-06-23,DE-BER-01,C011390,VM-ACC-0020,1,189.88,0.1,EUR
SO-2025-008951,1,2025-06-23,2025-06-23,DE-BER-01,C015961,VM-BIK-0004,1,1001.01,0.0,EUR
SO-2025-008952,1,2025-06-23,2025-06-23,DE-BER-01,C015962,VM-CMP-0008,2,103.15,0.0,EUR
SO-2025-008953,1,2025-06-23,2025-06-27,DE-WEB-01,C015478,VM-NUT-0009,3,19.92,0.12,EUR
SO-2025-008953,2,2025-06-23,2025-06-27,DE-WEB-01,C015478,VM-NUT-0011,12,12.66,0.08,EUR
SO-2025-008954,1,2025-06-23,2025-06-26,DE-WEB-01,C009875,VM-CMP-0017,1,117.21,0.0,EUR
SO-2025-008955,1,2025-06-23,2025-06-25,DE-WEB-01,C015963,VM-EBK-0003,1,2130.95,0.05,EUR
SO-2025-008955,2,2025-06-23,2025-06-25,DE-WEB-01,C015963,VM-CMP-0013,1,124.24,0.05,EUR
SO-2025-008956,1,2025-06-23,2025-06-26,DE-WEB-01,C015964,VM-NUT-0007,10,3.05,0.0,EUR
SO-2025-008957,1,2025-06-23,2025-06-24,DE-WEB-01,C014656,VM-BIK-0021,1,293.03,0.0,EUR
SO-2025-008958,1,2025-06-23,2025-06-25,DE-WEB-01,C012997,VM-CMP-0016,1,576.69,0.0,EUR
SO-2025-008959,1,2025-06-23,2025-06-26,DE-WEB-01,C015228,VM-ACC-0001,1,89.08,0.0,EUR
SO-2025-008960,1,2025-06-23,2025-06-26,DE-WEB-01,C012982,VM-ACC-0002,1,143.0,0.05,EUR
SO-2025-008960,2,2025-06-23,2025-06-26,DE-WEB-01,C012982,VM-BIK-0007,1,1652.72,0.05,EUR
SO-2025-008960,3,2025-06-23,2025-06-26,DE-WEB-01,C012982,VM-NUT-0001,13,2.11,0.05,EUR
SO-TEST-0002,1,2025-06-23,2025-06-23,TEST-01,TEST-QA,VM-CMP-0002,1,1.0,0.0,PLN
SO-2025-008961,1,2025-06-24,2025-06-24,PL-WAW-01,C015965,VM-ACC-0021,1,779.99,0.0,PLN
SO-2025-008962,1,2025-06-24,2025-06-24,PL-WAW-01,,VM-EBK-0003,1,9089.99,0.0,PLN
SO-2025-008962,2,2025-06-24,2025-06-24,PL-WAW-01,,VM-ACC-0014,1,109.99,0.0,PLN
SO-2025-008963,1,2025-06-24,2025-06-24,PL-WAW-01,,VM-ACC-0018,2,49.99,0.0,PLN
SO-2025-008964,1,2025-06-24,2025-06-24,PL-WAW-01,C015966,VM-BIK-0007,1,7049.99,0.0,PLN
SO-2025-008965,1,2025-06-24,2025-06-24,PL-WAW-01,C015967,VM-ACC-0008,2,399.99,0.0,PLN
SO-2025-008965,2,2025-06-24,2025-06-24,PL-WAW-01,C015967,VM-NUT-0004,4,6.99,0.0,PLN
SO-2025-008966,1,2025-06-24,2025-06-24,PL-WAW-01,,VM-APP-0006,3,309.99,0.0,PLN
SO-2025-008967,1,2025-06-24,2025-06-24,PL-WAW-01,C006692,VM-EBK-0008,1,15099.99,0.05,PLN
SO-2025-008968,1,2025-06-24,2025-06-24,PL-WAW-01,C015968,VM-BIK-0012,1,11809.99,0.0,PLN
SO-2025-008968,2,2025-06-24,2025-06-24,PL-WAW-01,C015968,VM-ACC-0005,2,179.99,0.0,PLN
SO-2025-008969,1,2025-06-24,2025-06-24,PL-WAW-02,C014438,VM-CMP-0016,5,2459.99,0.08,PLN
SO-2025-008970,1,2025-06-24,2025-06-24,PL-WAW-02,C015969,VM-CMP-0015,2,919.99,0.0,PLN
SO-2025-008971,1,2025-06-24,2025-06-24,PL-WAW-02,C011865,VM-NUT-0006,7,9.99,0.0,PLN
SO-2025-008971,2,2025-06-24,2025-06-24,PL-WAW-02,C011865,VM-ACC-0008,2,399.99,0.0,PLN
SO-2025-008972,1,2025-06-24,2025-06-24,PL-WAW-02,C015970,VM-EBK-0011,1,14639.99,0.0,PLN
SO-2025-008972,2,2025-06-24,2025-06-24,PL-WAW-02,C015970,VM-ACC-0008,1,399.99,0.0,PLN
SO-2025-008972,3,2025-06-24,2025-06-24,PL-WAW-02,C015970,VM-ACC-0007,1,359.99,0.0,PLN
SO-2025-008973,1,2025-06-24,2025-06-24,PL-KRK-01,C008606,VM-BIK-0012,1,11809.99,0.05,PLN
SO-2025-008973,2,2025-06-24,2025-06-24,PL-KRK-01,C008606,VM-ACC-0008,1,399.99,0.05,PLN
SO-2025-008973,3,2025-06-24,2025-06-24,PL-KRK-01,C008606,VM-ACC-0003,2,289.99,0.05,PLN
SO-2025-008973,4,2025-06-24,2025-06-24,PL-KRK-01,C008606,VM-ACC-0006,1,949.99,0.05,PLN
SO-2025-008974,1,2025-06-24,2025-06-24,PL-KRK-01,,VM-CMP-0013,2,529.99,0.0,PLN
SO-2025-008975,1,2025-06-24,2025-06-24,PL-KRK-01,,VM-CMP-0002,2,559.99,0.0,PLN
SO-2025-008976,1,2025-06-24,2025-06-24,PL-KRK-01,C015971,VM-BIK-0010,1,6319.99,0.05,PLN
SO-2025-008977,1,2025-06-24,2025-06-24,PL-WRO-01,C015972, VM-ACC-0008 ,2,399.99,0.0,PLN
SO-2025-008978,1,2025-06-24,2025-06-24,PL-GDN-01,,VM-EBK-0010,1,13489.99,0.0,PLN
SO-2025-008979,1,2025-06-24,2025-06-24,PL-POZ-01,,VM-CMP-0005,1,1479.99,0.0,PLN
SO-2025-008979,2,2025-06-24,2025-06-24,PL-POZ-01,,VM-NUT-0011,3,53.99,0.0,PLN
SO-2025-008979,3,2025-06-24,2025-06-24,PL-POZ-01,,VM-BIK-0016,1,3589.99,0.0,PLN
SO-2025-008979,4,2025-06-24,2025-06-24,PL-POZ-01,,VM-CMP-0022,2,35.99,0.0,PLN
SO-2025-008980,1,2025-06-24,2025-06-24,PL-POZ-01,C002152,VM-EBK-0007,1,14699.99,0.05,PLN
SO-2025-008980,2,2025-06-24,2025-06-24,PL-POZ-01,C002152,VM-APP-0002,3,439.99,0.0,PLN
SO-2025-008981,1,2025-06-24,2025-06-24,PL-POZ-01,C000496,vm-nut-0011,2,53.99,0.05,PLN
SO-2025-008981,2,2025-06-24,2025-06-24,PL-POZ-01,C000496,VM-NUT-0004,8,6.99,0.05,PLN
SO-2025-008982,1,2025-06-24,2025-06-24,PL-POZ-01,C011487,VM-APP-0009,2,349.99,0.0,PLN
SO-2025-008982,2,2025-06-24,2025-06-24,PL-POZ-01,C011487,VM-ACC-0008,2,399.99,0.0,PLN
SO-2025-008982,3,2025-06-24,2025-06-24,PL-POZ-01,C011487,VM-CMP-0017,1,499.99,0.0,PLN
SO-2025-008982,4,2025-06-24,2025-06-24,PL-POZ-01,C011487,VM-CMP-0006,1,199.99,0.0,PLN
SO-2025-008983,1,2025-06-24,2025-06-24,PL-LDZ-01,C012037,VM-APP-0020,1,179.99,0.0,PLN
SO-2025-008984,1,2025-06-24,2025-06-24,PL-LDZ-01,C013905,VM-BIK-0001,1,13689.99,0.05,PLN
SO-2025-008984,2,2025-06-24,2025-06-24,PL-LDZ-01,C013905,VM-APP-0020,2,179.99,0.05,PLN
SO-2025-008984,3,2025-06-24,2025-06-24,PL-LDZ-01,C013905,VM-NUT-0004,14,6.99,0.05,PLN
SO-2025-008985,1,2025-06-24,2025-06-27,PL-WEB-01,C015973,VM-NUT-0009,2,84.99,0.0,PLN
SO-2025-008986,1,2025-06-24,2025-06-25,PL-WEB-01,C015974,VM-ACC-0007,1,359.99,0.0,PLN
SO-2025-008986,2,2025-06-24,2025-06-25,PL-WEB-01,C015974,VM-APP-0017,2,189.99,0.0,PLN
SO-2025-008987,1,2025-06-24,2025-06-25,PL-WEB-01,C009576,VM-NUT-0003,10,10.99,0.0,PLN
SO-2025-008988,1,2025-06-24,2025-06-28,PL-WEB-01,C015975,VM-CMP-0001,1,399.99,0.0,PLN
SO-2025-008988,2,2025-06-24,2025-06-28,PL-WEB-01,C015975,VM-NUT-0007,10,12.99,0.0,PLN
SO-2025-008989,1,2025-06-24,2025-06-27,PL-WEB-01,C013703,vm-bik-0020,1,1209.99,0.0,PLN
SO-2025-008990,1,2025-06-24,2025-06-28,PL-WEB-01,C011395,VM-ACC-0014,1,109.99,0.05,PLN
SO-2025-008990,2,2025-06-24,2025-06-28,PL-WEB-01,C011395,VM-ACC-0008,2,399.99,0.05,PLN
SO-2025-008991,1,2025-06-24,2025-06-27,PL-WEB-01,C009608,VM-NUT-0006,7,9.99,0.0,PLN
SO-2025-008992,1,2025-06-24,2025-06-28,PL-WEB-01,C015844,VM-BIK-0007,1,7049.99,0.0,PLN
SO-2025-008993,1,2025-06-24,2025-06-26,PL-WEB-01,C015976,VM-NUT-0011,4,53.99,0.0,PLN
SO-2025-008993,2,2025-06-24,2025-06-26,PL-WEB-01,C015976,VM-BIK-0007,1,7049.99,0.0,PLN
SO-2025-008994,1,2025-06-24,2025-06-25,PL-WEB-01,C015977,VM-CMP-0009,1,349.99,0.0,PLN
SO-2025-008995,1,2025-06-24,2025-06-28,PL-WEB-01,C015978,VM-CMP-0016,2,2459.99,0.0,PLN
SO-2025-008995,2,2025-06-24,2025-06-28,PL-WEB-01,C015978,VM-BIK-0008,1,5309.99,0.0,PLN
SO-2025-008995,3,2025-06-24,2025-06-28,PL-WEB-01,C015978,VM-CMP-0013,2,529.99,0.0,PLN
SO-2025-008996,1,2025-06-24,2025-06-27,PL-WEB-01,C010685,VM-APP-0012,1,869.99,0.0,PLN
SO-2025-008997,1,2025-06-24,2025-06-27,PL-WEB-01,C015979,VM-EBK-0007,1,14699.99,0.0,PLN
SO-2025-008998,1,2025-06-24,2025-06-25,PL-WEB-01,C015980,VM-CMP-0004,1,719.99,0.0,PLN
SO-2025-008999,1,2025-06-24,2025-06-25,PL-WEB-01,C015981,VM-ACC-0014,1,109.99,0.0,PLN
SO-2025-009000,1,2025-06-24,2025-06-25,PL-WEB-01,C010445,VM-CMP-0006,2,199.99,0.05,PLN
SO-2025-009000,2,2025-06-24,2025-06-25,PL-WEB-01,C010445,VM-APP-0007,2,159.99,0.05,PLN
SO-2025-009000,3,2025-06-24,2025-06-25,PL-WEB-01,C010445,VM-NUT-0001,10,8.99,0.05,PLN
SO-2025-009001,1,2025-06-24,2025-06-25,PL-MKT-01,C008738,VM-NUT-0009,4,84.99,0.0,PLN
SO-2025-009001,2,2025-06-24,2025-06-25,PL-MKT-01,C008738,VM-NUT-0001,12,8.99,0.0,PLN
SO-2025-009002,1,2025-06-24,2025-06-27,PL-MKT-01,C013606,VM-ACC-0002,1,609.99,0.0,PLN
SO-2025-009002,2,2025-06-24,2025-06-27,PL-MKT-01,C013606,VM-BIK-0004,1,4269.99,0.0,PLN
SO-2025-009003,1,2025-06-24,2025-06-27,PL-MKT-01,C004834,VM-ACC-0001,2,379.99,0.0,PLN
SO-2025-009003,2,2025-06-24,2025-06-27,PL-MKT-01,C004834,VM-BIK-0001,1,13689.99,0.0,PLN
SO-2025-009004,1,2025-06-24,2025-06-25,PL-MKT-01,C011099,VM-NUT-0003,8,10.99,0.05,PLN
SO-2025-009005,1,2025-06-24,2025-06-27,PL-MKT-01,C013251,VM-BIK-0020,2,1209.99,0.08,PLN
SO-2025-009006,1,2025-06-24,2025-06-25,PL-MKT-01,C014015,VM-ACC-0008,1,399.99,0.0,PLN
SO-2025-009006,2,2025-06-24,2025-06-25,PL-MKT-01,C014015,VM-ACC-0014,1,109.99,0.0,PLN
SO-2025-009006,3,2025-06-24,2025-06-25,PL-MKT-01,C014015,VM-CMP-0022,3,35.99,0.0,PLN
SO-2025-009007,1,2025-06-24,2025-06-28,PL-MKT-01,C006875,VM-CMP-0021,4,47.99,0.0,PLN
SO-2025-009007,2,2025-06-24,2025-06-28,PL-MKT-01,C006875,VM-CMP-0015,1,919.99,0.0,PLN
SO-2025-009008,1,2025-06-24,2025-06-25,PL-MKT-01,C015982,VM-NUT-0004,8,6.99,0.0,PLN
SO-2025-009008,2,2025-06-24,2025-06-25,PL-MKT-01,C015982,VM-APP-0007,1,159.99,0.0,PLN
SO-2025-009009,1,2025-06-24,2025-06-24,CZ-PRG-01,C015983,VM-CMP-0005,1,8560.0,0.0,CZK
SO-2025-009009,2,2025-06-24,2025-06-24,CZ-PRG-01,C015983,VM-ACC-0003,2,1677.0,0.05,CZK
SO-2025-009010,1,2025-06-24,2025-06-24,CZ-BRN-01,,VM-APP-0002,1,2545.0,0.0,CZK
SO-2025-009010,2,2025-06-24,2025-06-24,CZ-BRN-01,,VM-BIK-0004,1,24696.0,0.0,CZK
SO-2025-009010,3,2025-06-24,2025-06-24,CZ-BRN-01,,VM-ACC-0021,1,4511.0,0.0,CZK
SO-2025-009011,1,2025-06-24,2025-06-24,CZ-BRN-01,C013298,VM-ACC-0018,3,289.0,0.0,CZK
SO-2025-009012,1,2025-06-24,2025-06-27,CZ-WEB-01,C015984,VM-ACC-0004,1,4511.0,0.0,CZK
SO-2025-009012,2,2025-06-24,2025-06-27,CZ-WEB-01,C015984,VM-ACC-0007,1,2082.0,0.0,CZK
SO-2025-009013,1,2025-06-24,2025-06-27,CZ-WEB-01,C015985,VM-NUT-0004,4,40.0,0.0,CZK
SO-2025-009014,1,2025-06-24,2025-06-27,CZ-WEB-01,C015986,VM-ACC-0006,1,5494.0,0.0,CZK
SO-2025-009015,1,2025-06-24,2025-06-26,CZ-WEB-01,C007823,VM-ACC-0008,1,2313.0,0.0,CZK
SO-2025-009015,2,2025-06-24,2025-06-26,CZ-WEB-01,C007823,VM-CMP-0004,2,4164.0,0.0,CZK
SO-2025-009015,3,2025-06-24,2025-06-26,CZ-WEB-01,C007823,VM-NUT-0004,5,40.0,0.0,CZK
SO-2025-009016,1,2025-06-24,2025-06-25,CZ-WEB-01,C010764,VM-ACC-0014,1,636.0,0.0,CZK
SO-2025-009017,1,2025-06-24,2025-06-26,CZ-WEB-01,C015987,VM-CMP-0015,2,5321.0,0.0,CZK
SO-2025-009017,2,2025-06-24,2025-06-26,CZ-WEB-01,C015987,VM-BIK-0009,1,32620.0,0.0,CZK
SO-2025-009018,1,2025-06-24,2025-06-24,DE-BER-01,,VM-EBK-0009,1,2323.18,0.0,EUR
SO-2025-009018,2,2025-06-24,2025-06-24,DE-BER-01,,VM-ACC-0011,1,16.88,0.0,EUR
SO-2025-009018,3,2025-06-24,2025-06-24,DE-BER-01,,VM-ACC-0002,2,143.0,0.0,EUR
SO-2025-009018,4,2025-06-24,2025-06-24,DE-BER-01,,VM-APP-0009,2,82.05,0.0,EUR
SO-2025-009019,1,2025-06-24,2025-06-24,DE-BER-01,,VM-ACC-0018,1,11.72,0.0,EUR
SO-2025-009019,2,2025-06-24,2025-06-24,DE-BER-01,,VM-CMP-0013,1,124.24,0.0,EUR
SO-2025-009019,3,2025-06-24,2025-06-24,DE-BER-01,,VM-APP-0010,2,39.85,0.0,EUR
SO-2025-009019,4,2025-06-24,2025-06-24,DE-BER-01,,VM-EBK-0011,1,3432.03,0.0,EUR
SO-2025-009020,1,2025-06-24,2025-06-24,DE-BER-01,,VM-BIK-0007,1,1652.72,0.0,EUR
SO-2025-009021,1,2025-06-24,2025-06-24,DE-BER-01,,VM-APP-0013,1,103.15,0.0,EUR
SO-2025-009021,2,2025-06-24,2025-06-24,DE-BER-01,,VM-NUT-0002,6,3.51,0.0,EUR
SO-2025-009022,1,2025-06-24,2025-06-27,DE-WEB-01,C015116,vm-acc-0014,2,25.78,0.12,EUR
SO-2025-009023,1,2025-06-24,2025-06-25,DE-WEB-01,C015988,vm-app-0006,2,72.67,0.05,EUR
SO-2025-009023,2,2025-06-24,2025-06-25,DE-WEB-01,C015988,VM-BIK-0020,1,283.66,0.05,EUR
SO-2025-009024,1,2025-06-24,2025-06-27,DE-WEB-01,C011542,VM-NUT-0006,12,2.34,0.0,EUR
SO-2025-009025,1,2025-06-24,2025-06-26,DE-WEB-01,C015989,VM-ACC-0015,1,82.05,0.0,EUR
SO-2025-009026,1,2025-06-24,2025-06-25,DE-WEB-01,C015990,VM-ACC-0021,1,182.85,0.0,EUR
SO-2025-009027,1,2025-06-24,2025-06-25,DE-WEB-01,C015991,VM-NUT-0006,8,2.34,0.0,EUR
SO-2025-009028,1,2025-06-24,2025-06-25,DE-WEB-01,C015150,VM-BIK-0007,5,1652.72,0.1,EUR
SO-2025-009028,2,2025-06-24,2025-06-25,DE-WEB-01,C015150,VM-ACC-0008,2,93.77,0.1,EUR
SO-2025-009028,3,2025-06-24,2025-06-25,DE-WEB-01,C015150,VM-ACC-0005,2,42.19,0.1,EUR
SO-2025-009028,4,2025-06-24,2025-06-25,DE-WEB-01,C015150,VM-ACC-0014,3,25.78,0.12,EUR
SO-2025-009029,1,2025-06-24,2025-06-25,DE-WEB-01,C012676,VM-CMP-0005,1,346.95,0.0,EUR
SO-2025-009029,2,2025-06-24,2025-06-25,DE-WEB-01,C012676,VM-BIK-0005,1,1737.11,0.0,EUR
SO-2025-009029,3,2025-06-24,2025-06-25,DE-WEB-01,C012676,VM-CMP-0019,3,49.23,0.0,EUR
SO-2025-009029,4,2025-06-24,2025-06-25,DE-WEB-01,C012676,VM-APP-0003,2,72.67,0.0,EUR
SO-2025-009030,1,2025-06-24,2025-06-25,DE-WEB-01,C002646,VM-CMP-0002,2,131.28,0.05,EUR
SO-2025-009031,1,2025-06-25,2025-06-25,PL-WAW-01,C014646,VM-CMP-0019,2,209.99,0.0,PLN
SO-2025-009032,1,2025-06-25,2025-06-25,PL-WAW-01,C014194,VM-ACC-0008,1,399.99,0.0,PLN
SO-2025-009033,1,2025-06-25,2025-06-25,PL-WAW-01,, VM-BIK-0017 ,1,1909.99,0.0,PLN
SO-2025-009034,1,2025-06-25,2025-06-25,PL-WAW-01,,VM-ACC-0018,1,49.99,0.0,PLN
SO-2025-009034,2,2025-06-25,2025-06-25,PL-WAW-01,,VM-CMP-0001,1,399.99,0.0,PLN
SO-2025-009035,1,2025-06-25,2025-06-25,PL-WAW-02,,VM-EBK-0007,1,14699.99,0.0,PLN
SO-2025-009036,1,2025-06-25,2025-06-25,PL-WAW-02,C006014,VM-NUT-0006,4,9.99,0.0,PLN
SO-2025-009036,2,2025-06-25,2025-06-25,PL-WAW-02,C006014,VM-ACC-0018,2,49.99,0.1,PLN
SO-2025-009037,1,2025-06-25,2025-06-25,PL-KRK-01,C005125,VM-NUT-0006,7,9.99,0.0,PLN
SO-2025-009038,1,2025-06-25,2025-06-25,PL-KRK-01,C013219,VM-ACC-0021,1,779.99,0.0,PLN
SO-2025-009038,2,2025-06-25,2025-06-25,PL-KRK-01,C013219,VM-NUT-0001,11,8.99,0.0,PLN
SO-2025-009038,3,2025-06-25,2025-06-25,PL-KRK-01,C013219,VM-CMP-0013,1,529.99,0.0,PLN
SO-2025-009039,1,2025-06-25,2025-06-25,PL-KRK-01,C011987,VM-CMP-0006,2,199.99,0.0,PLN
SO-2025-009040,1,2025-06-25,2025-06-25,PL-KRK-01,C012036,VM-ACC-0018,1,49.99,0.0,PLN
SO-2025-009040,2,2025-06-25,2025-06-25,PL-KRK-01,C012036,VM-ACC-0015,1,349.99,0.0,PLN
SO-2025-009041,1,2025-06-25,2025-06-25,PL-KRK-01,C014482,VM-NUT-0003,14,10.99,0.05,PLN
SO-2025-009041,2,2025-06-25,2025-06-25,PL-KRK-01,C014482,VM-ACC-0012,1,71.99,0.05,PLN
SO-2025-009041,3,2025-06-25,2025-06-25,PL-KRK-01,C014482,VM-ACC-0018,3,49.99,0.05,PLN
SO-2025-009042,1,2025-06-25,2025-06-25,PL-KRK-01,,VM-APP-0003,3,309.99,0.0,PLN
SO-2025-009042,2,2025-06-25,2025-06-25,PL-KRK-01,,VM-BIK-0009,1,5639.99,0.0,PLN
SO-2025-009042,3,2025-06-25,2025-06-25,PL-KRK-01,,VM-BIK-0004,1,4269.99,0.0,PLN
SO-2025-009043,1,2025-06-25,2025-06-25,PL-KRK-01,C013765,VM-EBK-0007,1,14699.99,0.05,PLN
SO-2025-009043,2,2025-06-25,2025-06-25,PL-KRK-01,C013765,VM-ACC-0008,1,399.99,0.05,PLN
SO-2025-009043,3,2025-06-25,2025-06-25,PL-KRK-01,C013765,VM-ACC-0006,1,949.99,0.05,PLN
SO-2025-009043,4,2025-06-25,2025-06-25,PL-KRK-01,C013765,VM-ACC-0004,2,779.99,0.05,PLN
SO-2025-009044,1,2025-06-25,2025-06-25,PL-KRK-01,C015992,VM-APP-0012,1,869.99,0.0,PLN
SO-2025-009045,1,2025-06-25,2025-06-25,PL-WRO-01,,VM-BIK-0019,1,1209.99,0.0,PLN
SO-2025-009045,2,2025-06-25,2025-06-25,PL-WRO-01,,VM-ACC-0011,2,71.99,0.0,PLN
SO-2025-009045,3,2025-06-25,2025-06-25,PL-WRO-01,,VM-ACC-0012,1,71.99,0.0,PLN
SO-2025-009045,4,2025-06-25,2025-06-25,PL-WRO-01,,VM-ACC-0013,1,169.99,0.0,PLN
SO-2025-009046,1,2025-06-25,2025-06-25,PL-WRO-01,,VM-APP-0012,1,869.99,0.0,PLN
SO-2025-009047,1,2025-06-25,2025-06-25,PL-GDN-01,,VM-ACC-0015,1,349.99,0.0,PLN
SO-2025-009047,2,2025-06-25,2025-06-25,PL-GDN-01,,VM-ACC-0017,2,57.99,0.0,PLN
SO-2025-009048,1,2025-06-25,2025-06-25,PL-GDN-01,,VM-EBK-0011,1,14639.99,0.0,PLN
SO-2025-009048,2,2025-06-25,2025-06-25,PL-GDN-01,,VM-APP-0019,2,65.99,0.0,PLN
SO-2025-009048,3,2025-06-25,2025-06-25,PL-GDN-01,,VM-ACC-0007,1,359.99,0.0,PLN
SO-2025-009049,1,2025-06-25,2025-06-25,PL-GDN-01,C015993,VM-APP-0014,1,489.99,0.0,PLN
SO-2025-009050,1,2025-06-25,2025-06-25,PL-POZ-01,C014939,VM-NUT-0006,3,9.99,0.0,PLN
SO-2025-009050,2,2025-06-25,2025-06-25,PL-POZ-01,C014939,VM-ACC-0017,1,57.99,0.0,PLN
SO-2025-009051,1,2025-06-25,2025-06-25,PL-POZ-01,C015994,VM-ACC-0018,1,49.99,0.0,PLN
SO-2025-009051,2,2025-06-25,2025-06-25,PL-POZ-01,C015994,VM-CMP-0015,1,919.99,0.0,PLN
SO-2025-009051,3,2025-06-25,2025-06-25,PL-POZ-01,C015994,VM-BIK-0013,1,4799.99,0.0,PLN
SO-2025-009052,1,2025-06-25,2025-06-25,PL-POZ-01,C015995,vm-ebk-0008,1,15099.99,0.0,PLN
SO-2025-009053,1,2025-06-25,2025-06-25,PL-POZ-01,C006694,VM-APP-0003,3,309.99,0.05,PLN
SO-2025-009053,2,2025-06-25,2025-06-25,PL-POZ-01,C006694,VM-ACC-0006,1,949.99,0.05,PLN
SO-2025-009054,1,2025-06-25,2025-06-27,PL-WEB-01,C013966,VM-CMP-0001,2,399.99,0.05,PLN
SO-2025-009054,2,2025-06-25,2025-06-27,PL-WEB-01,C013966,VM-NUT-0009,4,84.99,0.05,PLN
SO-2025-009054,3,2025-06-25,2025-06-27,PL-WEB-01,C013966,VM-CMP-0005,2,1479.99,0.05,PLN
SO-2025-009054,4,2025-06-25,2025-06-27,PL-WEB-01,C013966,VM-EBK-0008,1,15099.99,0.05,PLN
SO-2025-009055,1,2025-06-25,2025-06-28,PL-WEB-01,C015996,VM-NUT-0011,4,53.99,0.0,PLN
SO-2025-009056,1,2025-06-25,2025-06-27,PL-WEB-01,C005220,VM-ACC-0008,2,399.99,0.05,PLN
SO-2025-009057,1,2025-06-25,2025-06-28,PL-WEB-01,C014055,VM-BIK-0014,1,3829.99,0.0,PLN
SO-2025-009058,1,2025-06-25,2025-06-26,PL-WEB-01,C001108,VM-ACC-0008,2,399.99,0.0,PLN
SO-2025-009059,1,2025-06-25,2025-06-26,PL-WEB-01,C015997,VM-CMP-0009,1,349.99,0.0,PLN
SO-2025-009059,2,2025-06-25,2025-06-26,PL-WEB-01,C015997,VM-APP-0012,1,869.99,0.0,PLN
SO-2025-009059,3,2025-06-25,2025-06-26,PL-WEB-01,C015997,VM-BIK-0013,1,4799.99,0.0,PLN
SO-2025-009060,1,2025-06-25,2025-06-27,PL-WEB-01,C009772,VM-BIK-0014,1,3829.99,0.0,PLN
SO-2025-009061,1,2025-06-25,2025-06-29,PL-WEB-01,C014954,VM-ACC-0007,2,359.99,0.0,PLN
SO-2025-009061,2,2025-06-25,2025-06-29,PL-WEB-01,C014954,VM-CMP-0012,2,539.99,0.0,PLN
SO-2025-009062,1,2025-06-25,2025-06-27,PL-WEB-01,C007376,vm-cmp-0011,1,159.99,0.05,PLN
SO-2025-009062,2,2025-06-25,2025-06-27,PL-WEB-01,C007376, VM-APP-0002 ,2,439.99,0.05,PLN
SO-2025-009062,3,2025-06-25,2025-06-27,PL-WEB-01,C007376,VM-CMP-0004,1,719.99,0.05,PLN
SO-2025-009062,4,2025-06-25,2025-06-27,PL-WEB-01,C007376,VM-EBK-0011,1,14639.99,0.05,PLN
SO-2025-009063,1,2025-06-25,2025-06-27,PL-WEB-01,C008896,VM-BIK-0020,1,1209.99,0.0,PLN
SO-2025-009064,1,2025-06-25,2025-06-26,PL-WEB-01,C015775,VM-EBK-0010,1,13489.99,0.0,PLN
SO-2025-009064,2,2025-06-25,2025-06-26,PL-WEB-01,C015775,VM-ACC-0019,2,49.99,0.0,PLN
SO-2025-009065,1,2025-06-25,2025-06-26,PL-WEB-01,C007620,VM-NUT-0007,12,12.99,0.05,PLN
SO-2025-009065,2,2025-06-25,2025-06-26,PL-WEB-01,C007620,VM-NUT-0011,3,53.99,0.0,PLN
SO-2025-009066,1,2025-06-25,2025-06-28,PL-WEB-01,C009608,VM-BIK-0011,1,8649.99,0.0,PLN
SO-2025-009066,2,2025-06-25,2025-06-28,PL-WEB-01,C009608,VM-ACC-0021,1,779.99,0.0,PLN
SO-2025-009066,3,2025-06-25,2025-06-28,PL-WEB-01,C009608,VM-CMP-0013,2,529.99,0.0,PLN
SO-2025-009067,1,2025-06-25,2025-06-28,PL-WEB-01,C015998,VM-NUT-0002,11,14.99,0.0,PLN
SO-2025-009068,1,2025-06-25,2025-06-26,PL-WEB-01,C011600,VM-ACC-0004,2,779.99,0.05,PLN
SO-2025-009069,1,2025-06-25,2025-06-26,PL-WEB-01,C011721,VM-ACC-0004,2,779.99,0.0,PLN
SO-2025-009069,2,2025-06-25,2025-06-26,PL-WEB-01,C011721,VM-NUT-0006,11,9.99,0.0,PLN
SO-2025-009069,3,2025-06-25,2025-06-26,PL-WEB-01,C011721,VM-NUT-0003,11,10.99,0.0,PLN
SO-2025-009070,1,2025-06-25,2025-06-27,PL-WEB-01,C015999,VM-NUT-0004,12,6.99,0.0,PLN
SO-2025-009070,2,2025-06-25,2025-06-27,PL-WEB-01,C015999,VM-ACC-0008,2,399.99,0.0,PLN
SO-2025-009071,1,2025-06-25,2025-06-26,PL-WEB-01,C004443,VM-BIK-0021,1,1249.99,0.0,PLN
SO-2025-009072,1,2025-06-25,2025-06-29,PL-WEB-01,C016000,VM-APP-0002,1,439.99,0.0,PLN
SO-2025-009072,2,2025-06-25,2025-06-29,PL-WEB-01,C016000,VM-CMP-0011,1,159.99,0.0,PLN
SO-2025-009072,3,2025-06-25,2025-06-29,PL-WEB-01,C016000,VM-APP-0012,1,869.99,0.0,PLN
SO-2025-009072,4,2025-06-25,2025-06-29,PL-WEB-01,C016000,VM-NUT-0003,10,10.99,0.05,PLN
SO-2025-009073,1,2025-06-25,2025-06-28,PL-WEB-01,C013265,VM-EBK-0007,1,14699.99,0.0,PLN
SO-2025-009073,2,2025-06-25,2025-06-28,PL-WEB-01,C013265,VM-ACC-0006,2,949.99,0.0,PLN
SO-2025-009073,3,2025-06-25,2025-06-28,PL-WEB-01,C013265,VM-ACC-0013,1,169.99,0.0,PLN
SO-2025-009073,4,2025-06-25,2025-06-28,PL-WEB-01,C013265,VM-ACC-0003,2,289.99,0.0,PLN
SO-2025-009074,1,2025-06-25,2025-06-27,PL-MKT-01,C009578,VM-NUT-0002,10,14.99,0.05,PLN
SO-2025-009074,2,2025-06-25,2025-06-27,PL-MKT-01,C009578,VM-EBK-0011,1,14639.99,0.05,PLN
SO-2025-009075,1,2025-06-25,2025-06-27,PL-MKT-01,C001738,VM-CMP-0023,4,58.99,0.05,PLN
SO-2025-009076,1,2025-06-25,2025-06-26,PL-MKT-01,C016001,VM-ACC-0008,1,399.99,0.0,PLN
SO-2025-009077,1,2025-06-25,2025-06-29,PL-MKT-01,C015178,VM-BIK-0020,1,1209.99,0.0,PLN
SO-2025-009078,1,2025-06-25,2025-06-26,PL-MKT-01,C016002,VM-EBK-0007,1,14699.99,0.0,PLN
SO-2025-009078,2,2025-06-25,2025-06-26,PL-MKT-01,C016002,VM-ACC-0008,2,399.99,0.0,PLN
SO-2025-009078,3,2025-06-25,2025-06-26,PL-MKT-01,C016002,VM-APP-0004,2,239.99,0.0,PLN
SO-2025-009079,1,2025-06-25,2025-06-27,PL-MKT-01,C012027,VM-NUT-0004,10,6.99,0.05,PLN
SO-2025-009079,2,2025-06-25,2025-06-27,PL-MKT-01,C012027,VM-ACC-0014,1,109.99,0.05,PLN
SO-2025-009080,1,2025-06-25,2025-06-29,PL-MKT-01,C016003,VM-CMP-0001,2,399.99,0.0,PLN
SO-2025-009081,1,2025-06-25,2025-06-26,PL-MKT-01,C012619,VM-ACC-0003,2,289.99,0.0,PLN
SO-2025-009082,1,2025-06-25,2025-06-28,PL-MKT-01,C014155,VM-ACC-0005,1,179.99,0.0,PLN
SO-2025-009082,2,2025-06-25,2025-06-28,PL-MKT-01,C014155,VM-BIK-0004,1,4269.99,0.0,PLN
SO-2025-009083,1,2025-06-25,2025-06-25,CZ-PRG-01,C016004,VM-NUT-0009,1,492.0,0.0,CZK
SO-2025-009084,1,2025-06-25,2025-06-25,CZ-PRG-01,C011698,VM-APP-0013,1,2545.0,0.0,CZK
SO-2025-009085,1,2025-06-25,2025-06-25,CZ-BRN-01,,VM-CMP-0013,1,3065.0,0.1,CZK
SO-2025-009085,2,2025-06-25,2025-06-25,CZ-BRN-01,,VM-BIK-0012,1,68305.0,0.0,CZK
SO-2025-009085,3,2025-06-25,2025-06-25,CZ-BRN-01,,VM-ACC-0007,2,2082.0,0.0,CZK
SO-2025-009086,1,2025-06-25,2025-06-28,CZ-WEB-01,C008625,VM-CMP-0011,4,925.0,0.12,CZK
SO-2025-009087,1,2025-06-25,2025-06-27,CZ-WEB-01,C001201,VM-CMP-0002,1,3239.0,0.0,CZK
SO-2025-009087,2,2025-06-25,2025-06-27,CZ-WEB-01,C001201,VM-APP-0010,2,983.0,0.0,CZK
SO-2025-009087,3,2025-06-25,2025-06-27,CZ-WEB-01,C001201,VM-BIK-0016,1,20763.0,0.0,CZK
SO-2025-009088,1,2025-06-25,2025-06-28,CZ-WEB-01,C007102,VM-EBK-0009,1,57316.0,0.0,CZK
SO-2025-009088,2,2025-06-25,2025-06-28,CZ-WEB-01,C007102,VM-APP-0013,1,2545.0,0.0,CZK
SO-2025-009088,3,2025-06-25,2025-06-28,CZ-WEB-01,C007102,VM-CMP-0012,2,3123.0,0.0,CZK
SO-2025-009089,1,2025-06-25,2025-06-28,CZ-WEB-01,C009982,VM-APP-0008,2,925.0,0.0,CZK
SO-2025-009089,2,2025-06-25,2025-06-28,CZ-WEB-01,C009982,VM-CMP-0015,2,5321.0,0.1,CZK
SO-2025-009089,3,2025-06-25,2025-06-28,CZ-WEB-01,C009982,VM-ACC-0001,1,2198.0,0.0,CZK
SO-2025-009090,1,2025-06-25,2025-06-25,DE-BER-01,,VM-ACC-0017,1,13.59,0.0,EUR
SO-2025-009091,1,2025-06-25,2025-06-25,DE-BER-01,,VM-NUT-0003,5,2.58,0.0,EUR
SO-2025-009091,2,2025-06-25,2025-06-25,DE-BER-01,, VM-APP-0006 ,1,72.67,0.0,EUR
SO-2025-009091,3,2025-06-25,2025-06-25,DE-BER-01,,VM-BIK-0001,1,3209.32,0.0,EUR
SO-2025-009092,1,2025-06-26,2025-06-26,PL-WAW-01,C003862,VM-APP-0018,2,129.99,0.05,PLN
SO-2025-009092,2,2025-06-26,2025-06-26,PL-WAW-01,C003862,VM-CMP-0009,2,349.99,0.05,PLN
SO-2025-009092,3,2025-06-26,2025-06-26,PL-WAW-01,C003862,VM-BIK-0013,1,4799.99,0.05,PLN
SO-2025-009093,1,2025-06-26,2025-06-26,PL-WAW-01,C013595,VM-ACC-0007,2,359.99,0.0,PLN
SO-2025-009094,1,2025-06-26,2025-06-26,PL-WAW-01,C016005,VM-CMP-0005,1,1479.99,0.05,PLN
SO-2025-009095,1,2025-06-26,2025-06-26,PL-WAW-01,C011764,VM-ACC-0008,2,399.99,0.05,PLN
SO-2025-009095,2,2025-06-26,2025-06-26,PL-WAW-01,C011764,VM-ACC-0003,1,289.99,0.05,PLN
SO-2025-009096,1,2025-06-26,2025-06-26,PL-WAW-01,,VM-APP-0020,1,179.99,0.0,PLN
SO-2025-009096,2,2025-06-26,2025-06-26,PL-WAW-01,,VM-ACC-0018,2,49.99,0.0,PLN
SO-2025-009096,3,2025-06-26,2025-06-26,PL-WAW-01,,vm-ebk-0007,1,14699.99,0.0,PLN
SO-2025-009096,4,2025-06-26,2025-06-26,PL-WAW-01,,VM-ACC-0017,3,57.99,0.0,PLN
SO-2025-009097,1,2025-06-26,2025-06-26,PL-WAW-01,C016006,VM-BIK-0007,1,7049.99,0.05,PLN
SO-2025-009097,2,2025-06-26,2025-06-26,PL-WAW-01,C016006,VM-ACC-0004,1,779.99,0.05,PLN
SO-2025-009097,3,2025-06-26,2025-06-26,PL-WAW-01,C016006,VM-ACC-0001,1,379.99,0.05,PLN
SO-2025-009098,1,2025-06-26,2025-06-26,PL-WAW-01,C016007,VM-APP-0012,1,869.99,0.0,PLN
SO-2025-009098,2,2025-06-26,2025-06-26,PL-WAW-01,C016007,VM-APP-0002,3,439.99,0.1,PLN
SO-2025-009099,1,2025-06-26,2025-06-26,PL-WAW-01,,VM-BIK-0019,1,1209.99,0.0,PLN
SO-2025-009099,2,2025-06-26,2025-06-26,PL-WAW-01,,VM-NUT-0007,4,12.99,0.0,PLN
SO-2025-009099,3,2025-06-26,2025-06-26,PL-WAW-01,,VM-ACC-0007,1,359.99,0.0,PLN
SO-2025-009099,4,2025-06-26,2025-06-26,PL-WAW-01,,VM-ACC-0008,1,399.99,0.1,PLN
SO-2025-009100,1,2025-06-26,2025-06-26,PL-WAW-02,,VM-APP-0003,1,309.99,0.0,PLN
SO-2025-009100,2,2025-06-26,2025-06-26,PL-WAW-02,,VM-EBK-0003,1,9089.99,0.0,PLN
SO-2025-009101,1,2025-06-26,2025-06-26,PL-WAW-02,,VM-NUT-0002,8,14.99,0.0,PLN
SO-2025-009102,1,2025-06-26,2025-06-26,PL-WAW-02,C005025,VM-BIK-0003,1,6539.99,0.05,PLN
SO-2025-009103,1,2025-06-26,2025-06-26,PL-WAW-02,C016008,VM-CMP-0011,1,159.99,0.0,PLN
SO-2025-009104,1,2025-06-26,2025-06-26,PL-KRK-01,C016009,VM-NUT-0004,10,6.99,0.0,PLN
SO-2025-009105,1,2025-06-26,2025-06-26,PL-KRK-01,C010418,VM-BIK-0007,1,7049.99,0.0,PLN
SO-2025-009105,2,2025-06-26,2025-06-26,PL-KRK-01,C010418,VM-NUT-0002,4,14.99,0.0,PLN
SO-2025-009105,3,2025-06-26,2025-06-26,PL-KRK-01,C010418,VM-ACC-0008,2,399.99,0.0,PLN
SO-2025-009105,4,2025-06-26,2025-06-26,PL-KRK-01,C010418,VM-ACC-0009,1,399.99,0.0,PLN
SO-2025-009106,1,2025-06-26,2025-06-26,PL-KRK-01,C011761,VM-BIK-0012,1,11809.99,0.0,PLN
SO-2025-009107,1,2025-06-26,2025-06-26,PL-KRK-01,,VM-NUT-0003,12,10.99,0.0,PLN
SO-2025-009107,2,2025-06-26,2025-06-26,PL-KRK-01,,VM-ACC-0008,2,399.99,0.0,PLN
SO-2025-009107,3,2025-06-26,2025-06-26,PL-KRK-01,,VM-BIK-0007,1,7049.99,0.05,PLN
SO-2025-009107,4,2025-06-26,2025-06-26,PL-KRK-01,,VM-APP-0013,1,439.99,0.0,PLN
SO-2025-009108,1,2025-06-26,2025-06-26,PL-KRK-01,,VM-BIK-0014,1,3829.99,0.0,PLN
SO-2025-009109,1,2025-06-26,2025-06-26,PL-KRK-01,C016010,VM-EBK-0007,1,14699.99,0.0,PLN
SO-2025-009110,1,2025-06-26,2025-06-26,PL-KRK-01,C011018,VM-EBK-0007,1,14699.99,0.0,PLN
SO-2025-009110,2,2025-06-26,2025-06-26,PL-KRK-01,C011018,VM-NUT-0009,4,84.99,0.0,PLN
SO-2025-009110,3,2025-06-26,2025-06-26,PL-KRK-01,C011018,VM-BIK-0013,1,4799.99,0.0,PLN
SO-2025-009111,1,2025-06-26,2025-06-26,PL-WRO-01,,VM-CMP-0013,2,529.99,0.0,PLN
SO-2025-009112,1,2025-06-26,2025-06-26,PL-WRO-01,C016011,VM-ACC-0018,2,49.99,0.05,PLN
SO-2025-009113,1,2025-06-26,2025-06-26,PL-WRO-01,C009210,VM-ACC-0007,2,359.99,0.08,PLN
SO-2025-009113,2,2025-06-26,2025-06-26,PL-WRO-01,C009210,VM-APP-0002,9,439.99,0.08,PLN
SO-2025-009113,3,2025-06-26,2025-06-26,PL-WRO-01,C009210,VM-CMP-0017,5,499.99,0.08,PLN
SO-2025-009114,1,2025-06-26,2025-06-26,PL-WRO-01,C016012,VM-NUT-0004,8,6.99,0.0,PLN
SO-2025-009114,2,2025-06-26,2025-06-26,PL-WRO-01,C016012,VM-ACC-0018,2,49.99,0.0,PLN
SO-2025-009115,1,2025-06-26,2025-06-26,PL-GDN-01,,VM-NUT-0003,11,10.99,0.05,PLN
SO-2025-009116,1,2025-06-26,2025-06-26,PL-GDN-01,C008604,VM-NUT-0002,15,14.99,0.0,PLN
SO-2025-009117,1,2025-06-26,2025-06-26,PL-GDN-01,C015233,VM-NUT-0009,4,84.99,0.0,PLN
SO-2025-009117,2,2025-06-26,2025-06-26,PL-GDN-01,C015233,VM-CMP-0020,2,259.99,0.0,PLN
SO-2025-009118,1,2025-06-26,2025-06-26,PL-POZ-01,C014481,VM-CMP-0019,1,209.99,0.05,PLN
SO-2025-009118,2,2025-06-26,2025-06-26,PL-POZ-01,C014481,VM-APP-0010,1,169.99,0.05,PLN
SO-2025-009118,3,2025-06-26,2025-06-26,PL-POZ-01,C014481,VM-ACC-0008,2,399.99,0.05,PLN
SO-2025-009119,1,2025-06-26,2025-06-26,PL-POZ-01,C014568,VM-BIK-0007,1,7049.99,0.05,PLN
SO-2025-009119,2,2025-06-26,2025-06-26,PL-POZ-01,C014568,VM-ACC-0008,2,399.99,0.05,PLN
SO-2025-009120,1,2025-06-26,2025-06-26,PL-POZ-01,C016013,VM-NUT-0009,1,84.99,0.0,PLN
SO-2025-009120,2,2025-06-26,2025-06-26,PL-POZ-01,C016013,VM-BIK-0003,1,6539.99,0.0,PLN
SO-2025-009121,1,2025-06-26,2025-06-26,PL-LDZ-01,C016014,VM-CMP-0001,2,399.99,0.0,PLN
SO-2025-009122,1,2025-06-26,2025-06-26,PL-LDZ-01,C010398,VM-CMP-0019,2,209.99,0.0,PLN
SO-2025-009123,1,2025-06-26,2025-06-26,PL-LDZ-01,,VM-NUT-0009,1,84.99,0.0,PLN
SO-2025-009124,1,2025-06-26,2025-06-28,PL-WEB-01,C010664,VM-BIK-0007,3,7049.99,0.08,PLN
SO-2025-009124,2,2025-06-26,2025-06-28,PL-WEB-01,C010664,VM-BIK-0013,5,4799.99,0.1,PLN
SO-2025-009124,3,2025-06-26,2025-06-28,PL-WEB-01,C010664,VM-APP-0019,8,65.99,0.1,PLN
SO-2025-009124,4,2025-06-26,2025-06-28,PL-WEB-01,C010664,VM-ACC-0008,10,399.99,0.08,PLN
SO-2025-009125,1,2025-06-26,2025-06-28,PL-WEB-01,C007950,VM-CMP-0023,3,58.99,0.0,PLN
SO-2025-009126,1,2025-06-26,2025-06-27,PL-WEB-01,C016015,VM-ACC-0014,1,109.99,0.0,PLN
SO-2025-009127,1,2025-06-26,2025-06-27,PL-WEB-01,C016016,VM-BIK-0013,1,4799.99,0.0,PLN
SO-2025-009128,1,2025-06-26,2025-06-28,PL-WEB-01,C011645,VM-BIK-0007,1,7049.99,0.0,PLN
SO-2025-009128,2,2025-06-26,2025-06-28,PL-WEB-01,C011645,VM-NUT-0006,9,9.99,0.0,PLN
SO-2025-009129,1,2025-06-26,2025-06-29,PL-WEB-01,C016017,VM-ACC-0008,2,399.99,0.0,PLN
SO-2025-009129,2,2025-06-26,2025-06-29,PL-WEB-01,C016017,VM-NUT-0002,10,14.99,0.0,PLN
SO-2025-009130,1,2025-06-26,2025-06-27,PL-WEB-01,C008325,VM-BIK-0005,1,7409.99,0.05,PLN
SO-2025-009131,1,2025-06-26,2025-06-27,PL-MKT-01,C016018,VM-CMP-0022,1,35.99,0.0,PLN
SO-2025-009132,1,2025-06-26,2025-06-27,PL-MKT-01,C015156,VM-EBK-0011,1,14639.99,0.0,PLN
SO-2025-009132,2,2025-06-26,2025-06-27,PL-MKT-01,C015156,VM-ACC-0004,2,779.99,0.0,PLN
SO-2025-009133,1,2025-06-26,2025-06-27,PL-MKT-01,C016019,VM-NUT-0009,5,84.99,0.08,PLN
SO-2025-009134,1,2025-06-26,2025-06-28,PL-MKT-01,C014928,VM-APP-0010,1,169.99,0.0,PLN
SO-2025-009134,2,2025-06-26,2025-06-28,PL-MKT-01,C014928,VM-NUT-0006,8,9.99,0.0,PLN
SO-2025-009135,1,2025-06-26,2025-06-27,PL-MKT-01,C003776,VM-ACC-0014,1,109.99,0.0,PLN
SO-2025-009136,1,2025-06-26,2025-06-30,PL-MKT-01,C015183,VM-NUT-0004,7,6.99,0.0,PLN
SO-2025-009137,1,2025-06-26,2025-06-30,PL-MKT-01,C016020,VM-ACC-0019,1,49.99,0.0,PLN
SO-2025-009138,1,2025-06-26,2025-06-27,PL-MKT-01,C016021,VM-APP-0006,3,309.99,0.0,PLN
SO-2025-009139,1,2025-06-26,2025-06-30,PL-MKT-01,C009781,vm-bik-0017,1,1909.99,0.0,PLN
SO-2025-009139,2,2025-06-26,2025-06-30,PL-MKT-01,C009781,VM-CMP-0009,1,349.99,0.0,PLN
SO-2025-009140,1,2025-06-26,2025-06-29,PL-MKT-01,C010538,VM-ACC-0008,1,399.99,0.05,PLN
SO-2025-009141,1,2025-06-26,2025-06-26,CZ-PRG-01,C009626,VM-CMP-0006,1,1157.0,0.0,CZK
SO-2025-009142,1,2025-06-26,2025-06-26,CZ-BRN-01,C016022,VM-EBK-0003,1,52574.0,0.0,CZK
SO-2025-009143,1,2025-06-26,2025-06-29,CZ-WEB-01,C012933, VM-CMP-0006 ,1,1157.0,0.0,CZK
SO-2025-009144,1,2025-06-26,2025-06-27,CZ-WEB-01,C006877,VM-NUT-0001,3,52.0,0.05,CZK
SO-2025-009145,1,2025-06-26,2025-06-30,CZ-WEB-01,C016023,VM-BIK-0022,1,8097.0,0.0,CZK
SO-2025-009146,1,2025-06-26,2025-06-28,CZ-WEB-01,C016024,VM-EBK-0008,1,87334.0,0.0,CZK
SO-2025-009147,1,2025-06-26,2025-06-28,CZ-WEB-01,C016025,VM-NUT-0002,15,87.0,0.0,CZK
SO-2025-009148,1,2025-06-26,2025-06-26,DE-BER-01,C015882,VM-ACC-0008,2,93.77,0.0,EUR
SO-2025-009149,1,2025-06-26,2025-06-26,DE-BER-01,,VM-APP-0005,2,42.19,0.0,EUR
SO-2025-009149,2,2025-06-26,2025-06-26,DE-BER-01,,VM-BIK-0020,1,283.66,0.0,EUR
SO-2025-009150,1,2025-06-26,2025-06-26,DE-BER-01,C003567,VM-CMP-0016,2,576.69,0.05,EUR
SO-2025-009150,2,2025-06-26,2025-06-26,DE-BER-01,C003567,VM-BIK-0003,1,1533.16,0.05,EUR
SO-2025-009151,1,2025-06-26,2025-06-29,DE-WEB-01,C003838,VM-CMP-0020,1,60.95,0.0,EUR
SO-2025-009151,2,2025-06-26,2025-06-29,DE-WEB-01,C003838,VM-EBK-0009,1,2323.18,0.0,EUR
SO-2025-009152,1,2025-06-26,2025-06-28,DE-WEB-01,C013405,VM-CMP-0021,4,11.25,0.0,EUR
SO-2025-009153,1,2025-06-26,2025-06-28,DE-WEB-01,C015150,VM-NUT-0002,24,3.51,0.12,EUR
SO-2025-009154,1,2025-06-26,2025-06-28,DE-WEB-01,C013868,VM-APP-0013,3,103.15,0.08,EUR
SO-2025-009154,2,2025-06-26,2025-06-28,DE-WEB-01,C013868,VM-ACC-0002,4,143.0,0.1,EUR
SO-2025-009155,1,2025-06-27,2025-06-27,PL-WAW-01,,VM-ACC-0014,1,109.99,0.0,PLN
SO-2025-009156,1,2025-06-27,2025-06-27,PL-WAW-01,C005111,vm-ebk-0002,1,9949.99,0.05,PLN
SO-2025-009156,2,2025-06-27,2025-06-27,PL-WAW-01,C005111,VM-ACC-0007,1,359.99,0.05,PLN
SO-2025-009156,3,2025-06-27,2025-06-27,PL-WAW-01,C005111,VM-ACC-0012,1,71.99,0.05,PLN
SO-2025-009156,4,2025-06-27,2025-06-27,PL-WAW-01,C005111,VM-ACC-0014,1,109.99,0.05,PLN
SO-2025-009157,1,2025-06-27,2025-06-27,PL-WAW-01,C000543,VM-CMP-0016,10,2459.99,0.1,PLN
SO-2025-009158,1,2025-06-27,2025-06-27,PL-WAW-01,C015337,VM-CMP-0009,1,349.99,0.0,PLN
SO-2025-009159,1,2025-06-27,2025-06-27,PL-WAW-01,,VM-EBK-0011,1,14639.99,0.0,PLN
SO-2025-009159,2,2025-06-27,2025-06-27,PL-WAW-01,,VM-ACC-0017,2,57.99,0.0,PLN
SO-2025-009160,1,2025-06-27,2025-06-27,PL-WAW-01,C011867,VM-BIK-0008,1,5309.99,0.0,PLN
SO-2025-009160,2,2025-06-27,2025-06-27,PL-WAW-01,C011867,VM-NUT-0009,4,84.99,0.0,PLN
SO-2025-009161,1,2025-06-27,2025-06-27,PL-WAW-01,,VM-NUT-0009,1,84.99,0.0,PLN
SO-2025-009162,1,2025-06-27,2025-06-27,PL-WAW-01,C009806,VM-EBK-0004,1,11079.99,0.0,PLN
SO-2025-009162,2,2025-06-27,2025-06-27,PL-WAW-01,C009806,VM-ACC-0010,1,249.99,0.05,PLN
SO-2025-009163,1,2025-06-27,2025-06-27,PL-WAW-02,C006572,VM-ACC-0017,10,57.99,0.1,PLN
SO-2025-009164,1,2025-06-27,2025-06-27,PL-WAW-02,C016026,VM-ACC-0003,1,289.99,0.0,PLN
SO-2025-009164,2,2025-06-27,2025-06-27,PL-WAW-02,C016026,VM-ACC-0010,2,249.99,0.0,PLN
SO-2025-009165,1,2025-06-27,2025-06-27,PL-WAW-02,,VM-ACC-0003,1,289.99,0.0,PLN
SO-2025-009165,2,2025-06-27,2025-06-27,PL-WAW-02,,VM-APP-0013,1,439.99,0.0,PLN
SO-2025-009166,1,2025-06-27,2025-06-27,PL-WAW-02,C016027,VM-EBK-0011,1,14639.99,0.0,PLN
SO-2025-009166,2,2025-06-27,2025-06-27,PL-WAW-02,C016027,VM-NUT-0004,14,6.99,0.0,PLN
SO-2025-009167,1,2025-06-27,2025-06-27,PL-WAW-02,C016028,VM-ACC-0008,1,399.99,0.0,PLN
SO-2025-009167,2,2025-06-27,2025-06-27,PL-WAW-02,C016028,VM-CMP-0009,2,349.99,0.0,PLN
SO-2025-009168,1,2025-06-27,2025-06-27,PL-WAW-02,C013193,VM-CMP-0015,2,919.99,0.0,PLN
SO-2025-009168,2,2025-06-27,2025-06-27,PL-WAW-02,C013193,VM-EBK-0008,1,15099.99,0.0,PLN
SO-2025-009168,3,2025-06-27,2025-06-27,PL-WAW-02,C013193,VM-NUT-0002,10,14.99,0.0,PLN
SO-2025-009169,1,2025-06-27,2025-06-27,PL-WAW-02,,VM-BIK-0019,1,1209.99,0.0,PLN
SO-2025-009169,2,2025-06-27,2025-06-27,PL-WAW-02,,VM-ACC-0011,1,71.99,0.0,PLN
SO-2025-009170,1,2025-06-27,2025-06-27,PL-WAW-02,,VM-CMP-0018,1,61.99,0.0,PLN
SO-2025-009170,2,2025-06-27,2025-06-27,PL-WAW-02,,VM-NUT-0011,2,53.99,0.0,PLN
SO-2025-009171,1,2025-06-27,2025-06-27,PL-KRK-01,C007699,VM-ACC-0020,1,809.99,0.0,PLN
SO-2025-009171,2,2025-06-27,2025-06-27,PL-KRK-01,C007699,VM-ACC-0022,1,1569.99,0.0,PLN
SO-2025-009172,1,2025-06-27,2025-06-27,PL-KRK-01,C004944,VM-BIK-0005,1,7409.99,0.0,PLN
SO-2025-009173,1,2025-06-27,2025-06-27,PL-KRK-01,,VM-APP-0006,2,309.99,0.0,PLN
SO-2025-009174,1,2025-06-27,2025-06-27,PL-KRK-01,C009493,VM-APP-0006,3,309.99,0.05,PLN
SO-2025-009174,2,2025-06-27,2025-06-27,PL-KRK-01,C009493,VM-NUT-0011,3,53.99,0.05,PLN
SO-2025-009175,1,2025-06-27,2025-06-27,PL-KRK-01,,VM-CMP-0020,3,259.99,0.0,PLN
SO-2025-009176,1,2025-06-27,2025-06-27,PL-KRK-01,C015574,VM-EBK-0003,1,9089.99,0.05,PLN
SO-2025-009176,2,2025-06-27,2025-06-27,PL-KRK-01,C015574,VM-APP-0010,2,169.99,0.1,PLN
SO-2025-009177,1,2025-06-27,2025-06-27,PL-KRK-01,C016029,VM-BIK-0013,1,4799.99,0.0,PLN
SO-2025-009177,2,2025-06-27,2025-06-27,PL-KRK-01,C016029,VM-CMP-0005,1,1479.99,0.0,PLN
SO-2025-009178,1,2025-06-27,2025-06-27,PL-WRO-01,C016030,VM-BIK-0007,1,7049.99,0.0,PLN
SO-2025-009178,2,2025-06-27,2025-06-27,PL-WRO-01,C016030,VM-ACC-0014,1,109.99,0.0,PLN
SO-2025-009178,3,2025-06-27,2025-06-27,PL-WRO-01,C016030,VM-ACC-0002,2,609.99,0.0,PLN
SO-2025-009178,4,2025-06-27,2025-06-27,PL-WRO-01,C016030,VM-ACC-0013,1,169.99,0.0,PLN
SO-2025-009179,1,2025-06-27,2025-06-27,PL-WRO-01,C014757,VM-CMP-0013,2,529.99,0.0,PLN
SO-2025-009179,2,2025-06-27,2025-06-27,PL-WRO-01,C014757,VM-CMP-0012,2,539.99,0.0,PLN
SO-2025-009179,3,2025-06-27,2025-06-27,PL-WRO-01,C014757, VM-BIK-0019 ,1,1209.99,0.0,PLN
SO-2025-009180,1,2025-06-27,2025-06-27,PL-WRO-01,,VM-NUT-0011,1,53.99,0.0,PLN
SO-2025-009181,1,2025-06-27,2025-06-27,PL-WRO-01,C014638,VM-ACC-0008,2,399.99,0.05,PLN
SO-2025-009181,2,2025-06-27,2025-06-27,PL-WRO-01,C014638,VM-ACC-0021,1,779.99,0.05,PLN
SO-2025-009182,1,2025-06-27,2025-06-27,PL-WRO-01,,VM-CMP-0009,2,349.99,0.0,PLN
SO-2025-009182,2,2025-06-27,2025-06-27,PL-WRO-01,,VM-APP-0005,3,179.99,0.0,PLN
SO-2025-009183,1,2025-06-27,2025-06-27,PL-WRO-01,C012591,VM-APP-0002,1,439.99,0.0,PLN
SO-2025-009183,2,2025-06-27,2025-06-27,PL-WRO-01,C012591,VM-ACC-0004,1,779.99,0.0,PLN
SO-2025-009183,3,2025-06-27,2025-06-27,PL-WRO-01,C012591,VM-ACC-0020,1,809.99,0.0,PLN
SO-2025-009183,4,2025-06-27,2025-06-27,PL-WRO-01,C012591,VM-APP-0014,1,489.99,0.0,PLN
SO-2025-009184,1,2025-06-27,2025-06-27,PL-WRO-01,C016031,VM-ACC-0021,1,779.99,0.0,PLN
SO-2025-009184,2,2025-06-27,2025-06-27,PL-WRO-01,C016031,VM-BIK-0012,1,11809.99,0.0,PLN
SO-2025-009185,1,2025-06-27,2025-06-27,PL-GDN-01,C016032,VM-NUT-0009,2,84.99,0.05,PLN
SO-2025-009185,2,2025-06-27,2025-06-27,PL-GDN-01,C016032,VM-CMP-0013,1,529.99,0.05,PLN
SO-2025-009185,3,2025-06-27,2025-06-27,PL-GDN-01,C016032,VM-NUT-0007,3,12.99,0.05,PLN
SO-2025-009185,4,2025-06-27,2025-06-27,PL-GDN-01,C016032,VM-ACC-0008,2,399.99,0.05,PLN
SO-2025-009186,1,2025-06-27,2025-06-27,PL-GDN-01,C016033,VM-EBK-0009,1,9909.99,0.0,PLN
SO-2025-009187,1,2025-06-27,2025-06-27,PL-GDN-01,C016034,VM-ACC-0013,1,169.99,0.0,PLN
SO-2025-009187,2,2025-06-27,2025-06-27,PL-GDN-01,C016034,VM-APP-0020,2,179.99,0.0,PLN
SO-2025-009188,1,2025-06-27,2025-06-27,PL-POZ-01,C013315,VM-ACC-0017,2,57.99,0.05,PLN
SO-2025-009188,2,2025-06-27,2025-06-27,PL-POZ-01,C013315,VM-APP-0019,1,65.99,0.05,PLN
SO-2025-009188,3,2025-06-27,2025-06-27,PL-POZ-01,C013315,VM-BIK-0012,1,11809.99,0.05,PLN
SO-2025-009188,4,2025-06-27,2025-06-27,PL-POZ-01,C013315,VM-APP-0018,2,129.99,0.05,PLN
SO-2025-009189,1,2025-06-27,2025-06-27,PL-POZ-01,,VM-ACC-0014,1,109.99,0.0,PLN
SO-2025-009190,1,2025-06-27,2025-06-27,PL-POZ-01,,VM-BIK-0014,1,3829.99,0.0,PLN
SO-2025-009191,1,2025-06-27,2025-06-27,PL-LDZ-01,C015782,VM-CMP-0008,8,439.99,0.1,PLN
SO-2025-009191,2,2025-06-27,2025-06-27,PL-LDZ-01,C015782,VM-CMP-0006,3,199.99,0.12,PLN
SO-2025-009192,1,2025-06-27,2025-06-27,PL-LDZ-01,C007886,VM-NUT-0001,9,8.99,0.05,PLN
SO-2025-009193,1,2025-06-27,2025-06-27,PL-LDZ-01,C013318,VM-NUT-0004,5,6.99,0.0,PLN
SO-2025-009194,1,2025-06-27,2025-06-29,PL-WEB-01,C016035,VM-EBK-0008,1,15099.99,0.0,PLN
SO-2025-009194,2,2025-06-27,2025-06-29,PL-WEB-01,C016035,VM-ACC-0018,1,49.99,0.0,PLN
SO-2025-009195,1,2025-06-27,2025-06-28,PL-WEB-01,C016036,VM-CMP-0020,2,259.99,0.0,PLN
SO-2025-009196,1,2025-06-27,2025-06-28,PL-WEB-01,C007950, VM-EBK-0006 ,1,20139.99,0.0,PLN
SO-2025-009197,1,2025-06-27,2025-06-30,PL-WEB-01,C015510,VM-ACC-0004,1,779.99,0.0,PLN
SO-2025-009198,1,2025-06-27,2025-06-30,PL-WEB-01,C007114,VM-EBK-0003,1,9089.99,0.0,PLN
SO-2025-009199,1,2025-06-27,2025-07-01,PL-WEB-01,C015468,VM-ACC-0008,2,399.99,0.0,PLN
SO-2025-009199,2,2025-06-27,2025-07-01,PL-WEB-01,C015468,VM-EBK-0008,1,15099.99,0.0,PLN
SO-2025-009200,1,2025-06-27,2025-06-29,PL-WEB-01,C000229,VM-APP-0006,15,309.99,0.12,PLN
SO-2025-009201,1,2025-06-27,2025-06-28,PL-WEB-01,C014193,VM-ACC-0022,1,1569.99,0.0,PLN
SO-2025-009202,1,2025-06-27,2025-06-28,PL-WEB-01,C015183,VM-APP-0012,1,869.99,0.0,PLN
SO-2025-009202,2,2025-06-27,2025-06-28,PL-WEB-01,C015183,VM-NUT-0001,11,8.99,0.0,PLN
SO-2025-009203,1,2025-06-27,2025-06-28,PL-WEB-01,C016037,VM-ACC-0008,1,399.99,0.0,PLN
SO-2025-009204,1,2025-06-27,2025-06-29,PL-WEB-01,C014791,VM-EBK-0004,1,11079.99,0.0,PLN
SO-2025-009205,1,2025-06-27,2025-06-29,PL-WEB-01,C015676,VM-ACC-0008,1,399.99,0.0,PLN
SO-2025-009205,2,2025-06-27,2025-06-29,PL-WEB-01,C015676,VM-CMP-0013,2,529.99,0.0,PLN
SO-2025-009206,1,2025-06-27,2025-06-28,PL-WEB-01,C011597,VM-CMP-0005,1,1479.99,0.0,PLN
SO-2025-009206,2,2025-06-27,2025-06-28,PL-WEB-01,C011597,VM-APP-0020,1,179.99,0.0,PLN
SO-2025-009206,3,2025-06-27,2025-06-28,PL-WEB-01,C011597,VM-ACC-0018,2,49.99,0.0,PLN
SO-2025-009207,1,2025-06-27,2025-06-29,PL-WEB-01,C012074,VM-ACC-0003,2,289.99,0.0,PLN
SO-2025-009207,2,2025-06-27,2025-06-29,PL-WEB-01,C012074,VM-ACC-0008,1,399.99,0.0,PLN
SO-2025-009207,3,2025-06-27,2025-06-29,PL-WEB-01,C012074,VM-NUT-0009,1,84.99,0.0,PLN
SO-2025-009208,1,2025-06-27,2025-06-29,PL-WEB-01,C016038,VM-EBK-0007,1,14699.99,0.0,PLN
SO-2025-009209,1,2025-06-27,2025-06-29,PL-WEB-01,C016039,VM-ACC-0003,2,289.99,0.0,PLN
SO-2025-009209,2,2025-06-27,2025-06-29,PL-WEB-01,C016039,VM-BIK-0009,1,5639.99,0.0,PLN
SO-2025-009209,3,2025-06-27,2025-06-29,PL-WEB-01,C016039,VM-APP-0007,2,159.99,0.0,PLN
SO-2025-009210,1,2025-06-27,2025-06-30,PL-WEB-01,C007184,VM-APP-0007,4,159.99,0.12,PLN
SO-2025-009211,1,2025-06-27,2025-06-29,PL-WEB-01,C013482,VM-NUT-0009,4,84.99,0.0,PLN
SO-2025-009212,1,2025-06-27,2025-06-30,PL-WEB-01,C016040,VM-NUT-0007,10,12.99,0.05,PLN
SO-2025-009212,2,2025-06-27,2025-06-30,PL-WEB-01,C016040,VM-ACC-0018,2,49.99,0.05,PLN
SO-2025-009213,1,2025-06-27,2025-06-28,PL-WEB-01,C000503,VM-ACC-0008,2,399.99,0.0,PLN
SO-2025-009214,1,2025-06-27,2025-06-30,PL-WEB-01,C009636,VM-BIK-0012,1,11809.99,0.0,PLN
SO-2025-009214,2,2025-06-27,2025-06-30,PL-WEB-01,C009636,VM-ACC-0013,1,169.99,0.0,PLN
SO-2025-009214,3,2025-06-27,2025-06-30,PL-WEB-01,C009636,VM-ACC-0004,1,779.99,0.0,PLN
SO-2025-009215,1,2025-06-27,2025-07-01,PL-WEB-01,C013896,VM-ACC-0022,1,1569.99,0.0,PLN
SO-2025-009215,2,2025-06-27,2025-07-01,PL-WEB-01,C013896,VM-ACC-0008,1,399.99,0.0,PLN
SO-2025-009216,1,2025-06-27,2025-06-30,PL-WEB-01,C016041,VM-NUT-0004,7,6.99,0.0,PLN
SO-2025-009217,1,2025-06-27,2025-06-28,PL-WEB-01,C016042,VM-CMP-0013,2,529.99,0.0,PLN
SO-2025-009218,1,2025-06-27,2025-07-01,PL-MKT-01,C016043,VM-BIK-0009,1,5639.99,0.0,PLN
SO-2025-009219,1,2025-06-27,2025-07-01,PL-MKT-01,C016044,VM-NUT-0001,16,8.99,0.1,PLN
SO-2025-009219,2,2025-06-27,2025-07-01,PL-MKT-01,C016044,VM-CMP-0016,3,2459.99,0.1,PLN
SO-2025-009220,1,2025-06-27,2025-07-01,PL-MKT-01,C004890,VM-ACC-0022,1,1569.99,0.0,PLN
SO-2025-009221,1,2025-06-27,2025-06-29,PL-MKT-01,C009193,VM-BIK-0019,1,1209.99,0.0,PLN
SO-2025-009221,2,2025-06-27,2025-06-29,PL-MKT-01,C009193,VM-ACC-0018,1,49.99,0.0,PLN
SO-2025-009221,3,2025-06-27,2025-06-29,PL-MKT-01,C009193,VM-APP-0002,1,439.99,0.0,PLN
SO-2025-009221,4,2025-06-27,2025-06-29,PL-MKT-01,C009193, VM-BIK-0011 ,1,8649.99,0.0,PLN
SO-2025-009222,1,2025-06-27,2025-06-29,PL-MKT-01,C016045,VM-EBK-0009,1,9909.99,0.0,PLN
SO-2025-009223,1,2025-06-27,2025-06-30,PL-MKT-01,C015888,VM-NUT-0002,75,14.99,0.1,PLN
SO-2025-009223,2,2025-06-27,2025-06-30,PL-MKT-01,C015888,VM-ACC-0009,6,399.99,0.1,PLN
SO-2025-009224,1,2025-06-27,2025-07-01,PL-MKT-01,C012010,VM-ACC-0020,1,809.99,0.0,PLN
SO-2025-009224,2,2025-06-27,2025-07-01,PL-MKT-01,C012010,vm-cmp-0005,2,1479.99,0.0,PLN
SO-2025-009225,1,2025-06-27,2025-06-29,PL-MKT-01,C015777,VM-NUT-0006,9,9.99,0.0,PLN
SO-2025-009225,2,2025-06-27,2025-06-29,PL-MKT-01,C015777,VM-ACC-0017,2,57.99,0.0,PLN
SO-2025-009226,1,2025-06-27,2025-06-29,PL-MKT-01,C011876,VM-NUT-0004,12,6.99,0.0,PLN
SO-2025-009226,2,2025-06-27,2025-06-29,PL-MKT-01,C011876,VM-BIK-0020,1,1209.99,0.0,PLN
SO-2025-009226,3,2025-06-27,2025-06-29,PL-MKT-01,C011876,VM-BIK-0011,1,8649.99,0.0,PLN
SO-2025-009227,1,2025-06-27,2025-06-28,PL-MKT-01,C002843,VM-APP-0006,3,309.99,0.12,PLN
SO-2025-009228,1,2025-06-27,2025-06-29,PL-MKT-01,C005580,VM-BIK-0009,1,5639.99,0.05,PLN
SO-2025-009228,2,2025-06-27,2025-06-29,PL-MKT-01,C005580,VM-ACC-0010,2,249.99,0.0,PLN
SO-2025-009228,3,2025-06-27,2025-06-29,PL-MKT-01,C005580,VM-ACC-0014,1,109.99,0.0,PLN
SO-2025-009229,1,2025-06-27,2025-06-27,CZ-PRG-01,,VM-BIK-0010,1,36553.0,0.0,CZK
SO-2025-009229,2,2025-06-27,2025-06-27,CZ-PRG-01,,vm-cmp-0012,1,3123.0,0.0,CZK
SO-2025-009230,1,2025-06-27,2025-06-27,CZ-PRG-01,C015350,VM-CMP-0017,2,2892.0,0.05,CZK
SO-2025-009230,2,2025-06-27,2025-06-27,CZ-PRG-01,C015350,VM-BIK-0009,1,32620.0,0.05,CZK
SO-2025-009231,1,2025-06-27,2025-06-27,CZ-PRG-01,C016046,VM-APP-0008,1,925.0,0.05,CZK
SO-2025-009232,1,2025-06-27,2025-06-27,CZ-PRG-01,,VM-BIK-0019,1,6998.0,0.0,CZK
SO-2025-009232,2,2025-06-27,2025-06-27,CZ-PRG-01,,VM-BIK-0009,1,32620.0,0.0,CZK
SO-2025-009232,3,2025-06-27,2025-06-27,CZ-PRG-01,,VM-ACC-0007,2,2082.0,0.0,CZK
SO-2025-009232,4,2025-06-27,2025-06-27,CZ-PRG-01,,VM-ACC-0001,1,2198.0,0.0,CZK
SO-2025-009233,1,2025-06-27,2025-06-27,CZ-PRG-01,,VM-CMP-0001,1,2313.0,0.0,CZK
SO-2025-009234,1,2025-06-27,2025-06-27,CZ-PRG-01,C005235,VM-CMP-0013,2,3065.0,0.0,CZK
SO-2025-009234,2,2025-06-27,2025-06-27,CZ-PRG-01,C005235,VM-NUT-0009,4,492.0,0.0,CZK
SO-2025-009235,1,2025-06-27,2025-06-27,CZ-BRN-01,,VM-NUT-0001,11,52.0,0.0,CZK
SO-2025-009236,1,2025-06-27,2025-06-27,CZ-BRN-01,C016047,VM-BIK-0003,1,37825.0,0.0,CZK
SO-2025-009236,2,2025-06-27,2025-06-27,CZ-BRN-01,C016047,VM-ACC-0011,1,416.0,0.0,CZK
SO-2025-009236,3,2025-06-27,2025-06-27,CZ-BRN-01,C016047,VM-NUT-0006,11,58.0,0.0,CZK
SO-2025-009236,4,2025-06-27,2025-06-27,CZ-BRN-01,C016047,VM-EBK-0011,1,84673.0,0.1,CZK
SO-2025-009237,1,2025-06-27,2025-06-27,CZ-BRN-01,C009651,VM-CMP-0009,1,2024.0,0.0,CZK
SO-2025-009237,2,2025-06-27,2025-06-27,CZ-BRN-01,C009651,VM-EBK-0007,1,85020.0,0.0,CZK
SO-2025-009238,1,2025-06-27,2025-06-28,CZ-WEB-01,C008626,vm-app-0007,2,925.0,0.12,CZK
SO-2025-009239,1,2025-06-27,2025-06-28,CZ-WEB-01,C008665,VM-EBK-0004,1,64083.0,0.05,CZK
SO-2025-009239,2,2025-06-27,2025-06-28,CZ-WEB-01,C008665,VM-ACC-0014,1,636.0,0.05,CZK
SO-2025-009240,1,2025-06-27,2025-07-01,CZ-WEB-01,C016048,VM-ACC-0019,1,289.0,0.0,CZK
SO-2025-009241,1,2025-06-27,2025-06-27,DE-BER-01,,VM-ACC-0008,1,93.77,0.0,EUR
SO-2025-009241,2,2025-06-27,2025-06-27,DE-BER-01,,VM-NUT-0001,6,2.11,0.0,EUR
SO-2025-009242,1,2025-06-27,2025-06-27,DE-BER-01,,VM-NUT-0009,4,19.92,0.0,EUR
SO-2025-009242,2,2025-06-27,2025-06-27,DE-BER-01,,VM-NUT-0011,3,12.66,0.0,EUR
SO-2025-009242,3,2025-06-27,2025-06-27,DE-BER-01,,VM-NUT-0007,9,3.05,0.0,EUR
SO-2025-009243,1,2025-06-27,2025-06-27,DE-BER-01,C010458,VM-APP-0010,1,39.85,0.05,EUR
SO-2025-009243,2,2025-06-27,2025-06-27,DE-BER-01,C010458,VM-BIK-0003,1,1533.16,0.05,EUR
SO-2025-009244,1,2025-06-27,2025-06-27,DE-BER-01,C016049,VM-NUT-0006,9,2.34,0.0,EUR
SO-2025-009244,2,2025-06-27,2025-06-27,DE-BER-01,C016049,VM-CMP-0017,1,117.21,0.0,EUR
SO-2025-009245,1,2025-06-27,2025-06-27,DE-BER-01,C016050,VM-ACC-0020,1,189.88,0.0,EUR
SO-2025-009246,1,2025-06-27,2025-06-27,DE-BER-01,C010694,VM-ACC-0008,4,93.77,0.1,EUR
SO-2025-009246,2,2025-06-27,2025-06-27,DE-BER-01,C010694, VM-CMP-0015 ,2,215.67,0.1,EUR
SO-2025-009247,1,2025-06-27,2025-06-30,DE-WEB-01,C014780,VM-ACC-0019,2,11.72,0.0,EUR
SO-2025-009248,1,2025-06-27,2025-06-29,DE-WEB-01,C015354,VM-APP-0006,1,72.67,0.0,EUR
SO-2025-009248,2,2025-06-27,2025-06-29,DE-WEB-01,C015354,VM-EBK-0003,1,2130.95,0.1,EUR
SO-2025-009248,3,2025-06-27,2025-06-29,DE-WEB-01,C015354,VM-CMP-0016,2,576.69,0.0,EUR
SO-2025-009249,1,2025-06-27,2025-07-01,DE-WEB-01,C014174,VM-ACC-0008,1,93.77,0.0,EUR
SO-2025-009250,1,2025-06-27,2025-06-29,DE-WEB-01,C014489,VM-NUT-0009,2,19.92,0.0,EUR
SO-2025-009250,2,2025-06-27,2025-06-29,DE-WEB-01,C014489,VM-APP-0020,1,42.19,0.0,EUR
SO-2025-009251,1,2025-06-27,2025-06-28,DE-WEB-01,C011607,VM-ACC-0008,2,93.77,0.0,EUR
SO-2025-009252,1,2025-06-27,2025-06-30,DE-WEB-01,C009436,VM-BIK-0001,1,3209.32,0.05,EUR
SO-2025-009253,1,2025-06-28,2025-06-28,PL-WAW-01,,VM-EBK-0004,1,11079.99,0.0,PLN
SO-2025-009254,1,2025-06-28,2025-06-28,PL-WAW-01,C014435,VM-ACC-0018,1,49.99,0.05,PLN
SO-2025-009255,1,2025-06-28,2025-06-28,PL-WAW-01,,VM-APP-0007,1,159.99,0.0,PLN
SO-2025-009256,1,2025-06-28,2025-06-28,PL-WAW-01,C016051,VM-ACC-0008,2,399.99,0.0,PLN
SO-2025-009256,2,2025-06-28,2025-06-28,PL-WAW-01,C016051,VM-BIK-0012,1,11809.99,0.0,PLN
SO-2025-009256,3,2025-06-28,2025-06-28,PL-WAW-01,C016051,VM-ACC-0002,1,609.99,0.0,PLN
SO-2025-009256,4,2025-06-28,2025-06-28,PL-WAW-01,C016051,VM-ACC-0007,1,359.99,0.0,PLN
SO-2025-009257,1,2025-06-28,2025-06-28,PL-WAW-01,,VM-EBK-0006,1,20139.99,0.0,PLN
SO-2025-009257,2,2025-06-28,2025-06-28,PL-WAW-01,,VM-ACC-0007,2,359.99,0.0,PLN
SO-2025-009258,1,2025-06-28,2025-06-28,PL-WAW-01,C016052,VM-ACC-0014,1,109.99,0.0,PLN
SO-2025-009258,2,2025-06-28,2025-06-28,PL-WAW-01,C016052,VM-BIK-0001,1,13689.99,0.0,PLN
SO-2025-009258,3,2025-06-28,2025-06-28,PL-WAW-01,C016052,VM-EBK-0007,1,14699.99,0.0,PLN
SO-2025-009258,4,2025-06-28,2025-06-28,PL-WAW-01,C016052,VM-NUT-0006,7,9.99,0.0,PLN
SO-2025-009259,1,2025-06-28,2025-06-28,PL-WAW-01,C015335,VM-NUT-0004,7,6.99,0.0,PLN
SO-2025-009260,1,2025-06-28,2025-06-28,PL-WAW-02,,VM-BIK-0003,1,6539.99,0.0,PLN
SO-2025-009260,2,2025-06-28,2025-06-28,PL-WAW-02,,VM-NUT-0004,9,6.99,0.0,PLN
SO-2025-009261,1,2025-06-28,2025-06-28,PL-WAW-02,C010799,VM-CMP-0017,2,499.99,0.05,PLN
SO-2025-009261,2,2025-06-28,2025-06-28,PL-WAW-02,C010799,VM-BIK-0003,1,6539.99,0.05,PLN
SO-2025-009262,1,2025-06-28,2025-06-28,PL-WAW-02,C016053,VM-BIK-0007,1,7049.99,0.0,PLN
SO-2025-009262,2,2025-06-28,2025-06-28,PL-WAW-02,C016053,VM-NUT-0009,2,84.99,0.0,PLN
SO-2025-009263,1,2025-06-28,2025-06-28,PL-WAW-02,C011876,VM-ACC-0018,1,49.99,0.0,PLN
SO-2025-009264,1,2025-06-28,2025-06-28,PL-KRK-01,,VM-CMP-0002,1,559.99,0.0,PLN
SO-2025-009265,1,2025-06-28,2025-06-28,PL-KRK-01,C001079,VM-APP-0014,1,489.99,0.0,PLN
SO-2025-009265,2,2025-06-28,2025-06-28,PL-KRK-01,C001079,VM-NUT-0011,2,53.99,0.0,PLN
SO-2025-009265,3,2025-06-28,2025-06-28,PL-KRK-01,C001079,VM-APP-0004,2,239.99,0.0,PLN
SO-2025-009266,1,2025-06-28,2025-06-28,PL-KRK-01,C009472,VM-BIK-0019,1,1209.99,0.05,PLN
SO-2025-009266,2,2025-06-28,2025-06-28,PL-KRK-01,C009472,VM-ACC-0008,2,399.99,0.05,PLN
SO-2025-009266,3,2025-06-28,2025-06-28,PL-KRK-01,C009472,VM-ACC-0004,1,779.99,0.05,PLN
SO-2025-009267,1,2025-06-28,2025-06-28,PL-KRK-01,C012294,VM-APP-0007,2,159.99,0.0,PLN
SO-2025-009268,1,2025-06-28,2025-06-28,PL-KRK-01,C016054, VM-NUT-0006 ,6,9.99,0.0,PLN
SO-2025-009269,1,2025-06-28,2025-06-28,PL-KRK-01,C016055,VM-BIK-0003,1,6539.99,0.0,PLN
SO-2025-009270,1,2025-06-28,2025-06-28,PL-KRK-01,,VM-NUT-0011,2,53.99,0.0,PLN
SO-2025-009270,2,2025-06-28,2025-06-28,PL-KRK-01,,VM-NUT-0004,10,6.99,0.0,PLN
SO-2025-009271,1,2025-06-28,2025-06-28,PL-KRK-01,C008604,VM-ACC-0020,1,809.99,0.0,PLN
SO-2025-009272,1,2025-06-28,2025-06-28,PL-KRK-01,C014413,VM-APP-0002,1,439.99,0.0,PLN
SO-2025-009273,1,2025-06-28,2025-06-28,PL-WRO-01,C016056,VM-BIK-0013,1,4799.99,0.0,PLN
SO-2025-009273,2,2025-06-28,2025-06-28,PL-WRO-01,C016056,VM-BIK-0004,1,4269.99,0.0,PLN
SO-2025-009274,1,2025-06-28,2025-06-28,PL-WRO-01,C015564,VM-BIK-0009,1,5639.99,0.0,PLN
SO-2025-009274,2,2025-06-28,2025-06-28,PL-WRO-01,C015564,vm-acc-0018,3,49.99,0.0,PLN
SO-2025-009275,1,2025-06-28,2025-06-28,PL-WRO-01,C015381,VM-EBK-0008,1,15099.99,0.0,PLN
SO-2025-009276,1,2025-06-28,2025-06-28,PL-WRO-01,,VM-APP-0007,2,159.99,0.0,PLN
SO-2025-009276,2,2025-06-28,2025-06-28,PL-WRO-01,,VM-BIK-0004,1,4269.99,0.0,PLN
SO-2025-009277,1,2025-06-28,2025-06-28,PL-GDN-01,C016057,vm-nut-0003,6,10.99,0.0,PLN
SO-2025-009277,2,2025-06-28,2025-06-28,PL-GDN-01,C016057,VM-BIK-0020,1,1209.99,0.0,PLN
SO-2025-009277,3,2025-06-28,2025-06-28,PL-GDN-01,C016057,VM-EBK-0004,1,11079.99,0.0,PLN
SO-2025-009278,1,2025-06-28,2025-06-28,PL-GDN-01,C016058,VM-ACC-0007,1,359.99,0.0,PLN
SO-2025-009279,1,2025-06-28,2025-06-28,PL-GDN-01,C015733,VM-ACC-0001,1,379.99,0.0,PLN
SO-2025-009280,1,2025-06-28,2025-06-28,PL-GDN-01,C014613,VM-ACC-0007,1,359.99,0.0,PLN
SO-2025-009281,1,2025-06-28,2025-06-28,PL-GDN-01,C015377,VM-CMP-0011,1,159.99,0.0,PLN
SO-2025-009281,2,2025-06-28,2025-06-28,PL-GDN-01,C015377,VM-APP-0007,2,159.99,0.05,PLN
SO-2025-009281,3,2025-06-28,2025-06-28,PL-GDN-01,C015377,VM-NUT-0009,2,84.99,0.0,PLN
SO-2025-009282,1,2025-06-28,2025-06-28,PL-GDN-01,C012747,VM-BIK-0013,1,4799.99,0.0,PLN
SO-2025-009282,2,2025-06-28,2025-06-28,PL-GDN-01,C012747,VM-BIK-0012,1,11809.99,0.0,PLN
SO-2025-009282,3,2025-06-28,2025-06-28,PL-GDN-01,C012747,VM-APP-0002,2,439.99,0.0,PLN
SO-2025-009283,1,2025-06-28,2025-06-28,PL-GDN-01,C016059,VM-BIK-0021,1,1249.99,0.0,PLN
SO-2025-009284,1,2025-06-28,2025-06-28,PL-GDN-01,,VM-ACC-0021,1,779.99,0.0,PLN
SO-2025-009285,1,2025-06-28,2025-06-28,PL-POZ-01,C014735,VM-ACC-0008,2,399.99,0.0,PLN
SO-2025-009286,1,2025-06-28,2025-06-28,PL-POZ-01,C016060,VM-ACC-0003,2,289.99,0.0,PLN
SO-2025-009287,1,2025-06-28,2025-06-28,PL-LDZ-01,C012027,VM-EBK-0003,1,9089.99,0.05,PLN
SO-2025-009288,1,2025-06-28,2025-06-28,PL-LDZ-01,C014711,VM-CMP-0013,2,529.99,0.0,PLN
SO-2025-009289,1,2025-06-28,2025-06-28,PL-LDZ-01,,VM-EBK-0009,1,9909.99,0.0,PLN
SO-2025-009289,2,2025-06-28,2025-06-28,PL-LDZ-01,,VM-ACC-0008,2,399.99,0.0,PLN
SO-2025-009290,1,2025-06-28,2025-06-28,PL-LDZ-01,,VM-CMP-0015,2,919.99,0.0,PLN
SO-2025-009291,1,2025-06-28,2025-07-02,PL-WEB-01,C004777,VM-APP-0018,1,129.99,0.0,PLN
SO-2025-009291,2,2025-06-28,2025-07-02,PL-WEB-01,C004777,VM-NUT-0006,8,9.99,0.1,PLN
SO-2025-009292,1,2025-06-28,2025-07-01,PL-WEB-01,C007107,VM-BIK-0013,5,4799.99,0.1,PLN
SO-2025-009293,1,2025-06-28,2025-06-29,PL-WEB-01,C016061,VM-BIK-0007,1,7049.99,0.0,PLN
SO-2025-009293,2,2025-06-28,2025-06-29,PL-WEB-01,C016061,VM-ACC-0001,2,379.99,0.0,PLN
SO-2025-009293,3,2025-06-28,2025-06-29,PL-WEB-01,C016061,VM-EBK-0008,1,15099.99,0.0,PLN
SO-2025-009293,4,2025-06-28,2025-06-29,PL-WEB-01,C016061,VM-ACC-0014,1,109.99,0.0,PLN
SO-2025-009294,1,2025-06-28,2025-06-29,PL-WEB-01,C008468,VM-NUT-0002,6,14.99,0.0,PLN
SO-2025-009295,1,2025-06-28,2025-06-29,PL-WEB-01,C011979,VM-BIK-0009,1,5639.99,0.0,PLN
SO-2025-009296,1,2025-06-28,2025-06-29,PL-WEB-01,C012171,VM-CMP-0013,1,529.99,0.0,PLN
SO-2025-009297,1,2025-06-28,2025-06-29,PL-WEB-01,C016062,VM-EBK-0004,1,11079.99,0.0,PLN
SO-2025-009298,1,2025-06-28,2025-06-30,PL-WEB-01,C016063,VM-APP-0010,1,169.99,0.0,PLN
SO-2025-009298,2,2025-06-28,2025-06-30,PL-WEB-01,C016063,VM-BIK-0020,1,1209.99,0.0,PLN
SO-2025-009299,1,2025-06-28,2025-07-01,PL-WEB-01,C003803,VM-EBK-0002,1,9949.99,0.05,PLN
SO-2025-009299,2,2025-06-28,2025-07-01,PL-WEB-01,C003803,VM-ACC-0008,1,399.99,0.05,PLN
SO-2025-009300,1,2025-06-28,2025-06-29,PL-WEB-01,C016064,VM-BIK-0004,1,4269.99,0.05,PLN
SO-2025-009301,1,2025-06-28,2025-06-29,PL-WEB-01,C016065,VM-NUT-0004,6,6.99,0.0,PLN
SO-2025-009301,2,2025-06-28,2025-06-29,PL-WEB-01,C016065,VM-APP-0010,2,169.99,0.0,PLN
SO-2025-009302,1,2025-06-28,2025-06-29,PL-WEB-01,C013952,VM-BIK-0004,1,4269.99,0.0,PLN
SO-2025-009302,2,2025-06-28,2025-06-29,PL-WEB-01,C013952,VM-ACC-0010,2,249.99,0.0,PLN
SO-2025-009302,3,2025-06-28,2025-06-29,PL-WEB-01,C013952,VM-ACC-0008,1,399.99,0.0,PLN
SO-2025-009303,1,2025-06-28,2025-07-02,PL-WEB-01,C016066,VM-APP-0014,1,489.99,0.0,PLN
SO-2025-009303,2,2025-06-28,2025-07-02,PL-WEB-01,C016066,VM-APP-0010,1,169.99,0.0,PLN
SO-2025-009304,1,2025-06-28,2025-07-01,PL-WEB-01,C016067,VM-BIK-0002,1,9629.99,0.0,PLN
SO-2025-009305,1,2025-06-28,2025-07-01,PL-WEB-01,C016068,VM-BIK-0001,1,13689.99,0.0,PLN
SO-2025-009305,2,2025-06-28,2025-07-01,PL-WEB-01,C016068,VM-ACC-0013,1,169.99,0.0,PLN
SO-2025-009305,3,2025-06-28,2025-07-01,PL-WEB-01,C016068,VM-ACC-0011,1,71.99,0.0,PLN
SO-2025-009305,4,2025-06-28,2025-07-01,PL-WEB-01,C016068,VM-EBK-0002,1,9949.99,0.0,PLN
SO-2025-009306,1,2025-06-28,2025-07-01,PL-WEB-01,C014505,VM-CMP-0013,2,529.99,0.0,PLN
SO-2025-009307,1,2025-06-28,2025-07-02,PL-WEB-01,C016069,VM-BIK-0007,1,7049.99,0.05,PLN
SO-2025-009307,2,2025-06-28,2025-07-02,PL-WEB-01,C016069,VM-NUT-0002,8,14.99,0.05,PLN
SO-2025-009307,3,2025-06-28,2025-07-02,PL-WEB-01,C016069,VM-BIK-0019,1,1209.99,0.05,PLN
SO-2025-009307,4,2025-06-28,2025-07-02,PL-WEB-01,C016069,VM-APP-0019,1,65.99,0.05,PLN
SO-2025-009308,1,2025-06-28,2025-06-29,PL-WEB-01,C016070,VM-ACC-0023,1,929.99,0.0,PLN
SO-2025-009309,1,2025-06-28,2025-07-01,PL-WEB-01,C009000,VM-ACC-0008,1,399.99,0.05,PLN
SO-2025-009309,2,2025-06-28,2025-07-01,PL-WEB-01,C009000,VM-CMP-0015,1,919.99,0.0,PLN
SO-2025-009310,1,2025-06-28,2025-06-30,PL-WEB-01,C016071,VM-EBK-0003,1,9089.99,0.0,PLN
SO-2025-009310,2,2025-06-28,2025-06-30,PL-WEB-01,C016071,VM-ACC-0012,1,71.99,0.0,PLN
SO-2025-009310,3,2025-06-28,2025-06-30,PL-WEB-01,C016071,VM-CMP-0020,2,259.99,0.0,PLN
SO-2025-009310,4,2025-06-28,2025-06-30,PL-WEB-01,C016071,VM-ACC-0009,1,399.99,0.0,PLN
SO-2025-009311,1,2025-06-28,2025-07-01,PL-MKT-01,C014334,VM-EBK-0008,1,15099.99,0.0,PLN
SO-2025-009311,2,2025-06-28,2025-07-01,PL-MKT-01,C014334,VM-APP-0013,1,439.99,0.0,PLN
SO-2025-009312,1,2025-06-28,2025-07-01,PL-MKT-01,C015024,VM-NUT-0006,10,9.99,0.0,PLN
SO-2025-009313,1,2025-06-28,2025-06-30,PL-MKT-01,C016072,VM-APP-0006,2,309.99,0.0,PLN
SO-2025-009314,1,2025-06-28,2025-07-01,PL-MKT-01,C014927,VM-ACC-0017,3,57.99,0.05,PLN
SO-2025-009314,2,2025-06-28,2025-07-01,PL-MKT-01,C014927,VM-BIK-0002,1,9629.99,0.0,PLN
SO-2025-009315,1,2025-06-28,2025-07-01,PL-MKT-01,C016073,VM-ACC-0020,1,809.99,0.0,PLN
SO-2025-009315,2,2025-06-28,2025-07-01,PL-MKT-01,C016073,VM-ACC-0005,2,179.99,0.0,PLN
SO-2025-009315,3,2025-06-28,2025-07-01,PL-MKT-01,C016073,VM-NUT-0004,9,6.99,0.0,PLN
SO-2025-009316,1,2025-06-28,2025-06-30,PL-MKT-01,C016074,VM-BIK-0007,1,7049.99,0.0,PLN
SO-2025-009316,2,2025-06-28,2025-06-30,PL-MKT-01,C016074,VM-ACC-0010,1,249.99,0.0,PLN
SO-2025-009316,3,2025-06-28,2025-06-30,PL-MKT-01,C016074,VM-APP-0007,2,159.99,0.0,PLN
SO-2025-009316,4,2025-06-28,2025-06-30,PL-MKT-01,C016074,VM-ACC-0017,2,57.99,0.0,PLN
SO-2025-009317,1,2025-06-28,2025-06-28,CZ-PRG-01,,VM-APP-0020,2,1041.0,0.0,CZK
SO-2025-009318,1,2025-06-28,2025-06-28,CZ-PRG-01,C016075,VM-ACC-0008,1,2313.0,0.0,CZK
SO-2025-009319,1,2025-06-28,2025-06-28,CZ-PRG-01,C014172,VM-NUT-0004,10,40.0,0.05,CZK
SO-2025-009319,2,2025-06-28,2025-06-28,CZ-PRG-01,C014172,VM-APP-0018,2,752.0,0.05,CZK
SO-2025-009319,3,2025-06-28,2025-06-28,CZ-PRG-01,C014172,VM-ACC-0008,2,2313.0,0.05,CZK
SO-2025-009320,1,2025-06-28,2025-06-28,CZ-PRG-01,C015085,VM-ACC-0004,2,4511.0,0.0,CZK
SO-2025-009321,1,2025-06-28,2025-06-28,CZ-PRG-01,C016076,VM-CMP-0013,1,3065.0,0.0,CZK
SO-2025-009321,2,2025-06-28,2025-06-28,CZ-PRG-01,C016076,VM-APP-0019,1,382.0,0.0,CZK
SO-2025-009322,1,2025-06-28,2025-06-28,CZ-PRG-01,C009309,VM-ACC-0021,1,4511.0,0.0,CZK
SO-2025-009323,1,2025-06-28,2025-06-28,CZ-PRG-01,C016077,VM-NUT-0002,12,87.0,0.0,CZK
SO-2025-009324,1,2025-06-28,2025-06-28,CZ-PRG-01,,VM-CMP-0013,2,3065.0,0.0,CZK
SO-2025-009325,1,2025-06-28,2025-06-28,CZ-PRG-01,C006630,VM-APP-0006,8,1793.0,0.08,CZK
SO-2025-009326,1,2025-06-28,2025-06-28,CZ-BRN-01,C011753,VM-NUT-0004,8,40.0,0.05,CZK
SO-2025-009327,1,2025-06-28,2025-06-28,CZ-BRN-01,,VM-BIK-0012,1,68305.0,0.1,CZK
SO-2025-009327,2,2025-06-28,2025-06-28,CZ-BRN-01,,VM-ACC-0009,1,2313.0,0.0,CZK
SO-2025-009328,1,2025-06-28,2025-06-28,CZ-BRN-01,C015983,VM-BIK-0017,1,11047.0,0.0,CZK
SO-2025-009328,2,2025-06-28,2025-06-28,CZ-BRN-01,C015983,VM-ACC-0013,1,983.0,0.0,CZK
SO-2025-009328,3,2025-06-28,2025-06-28,CZ-BRN-01,C015983,VM-ACC-0008,2,2313.0,0.0,CZK
SO-2025-009328,4,2025-06-28,2025-06-28,CZ-BRN-01,C015983,VM-ACC-0019,2,289.0,0.0,CZK
SO-2025-009329,1,2025-06-28,2025-06-28,CZ-BRN-01,C016078,VM-ACC-0023,1,5379.0,0.0,CZK
SO-2025-009330,1,2025-06-28,2025-06-30,CZ-WEB-01,C015910,VM-EBK-0007,1,85020.0,0.0,CZK
SO-2025-009331,1,2025-06-28,2025-07-01,CZ-WEB-01,C016079,VM-NUT-0004,8,40.0,0.0,CZK
SO-2025-009331,2,2025-06-28,2025-07-01,CZ-WEB-01,C016079,VM-ACC-0020,1,4685.0,0.0,CZK
SO-2025-009332,1,2025-06-28,2025-06-30,CZ-WEB-01,C016080,VM-APP-0005,3,1041.0,0.0,CZK
SO-2025-009332,2,2025-06-28,2025-06-30,CZ-WEB-01,C016080,VM-APP-0010,2,983.0,0.0,CZK
SO-2025-009333,1,2025-06-28,2025-06-28,DE-BER-01,,VM-NUT-0003,14,2.58,0.0,EUR
SO-2025-009334,1,2025-06-28,2025-06-28,DE-BER-01,C015116,VM-NUT-0011,2,12.66,0.12,EUR
SO-2025-009335,1,2025-06-28,2025-06-28,DE-BER-01,C011468,VM-APP-0002,2,103.15,0.0,EUR
SO-2025-009335,2,2025-06-28,2025-06-28,DE-BER-01,C011468,VM-EBK-0003,1,2130.95,0.0,EUR
SO-2025-009335,3,2025-06-28,2025-06-28,DE-BER-01,C011468,VM-APP-0018,1,30.47,0.0,EUR
SO-2025-009336,1,2025-06-28,2025-06-28,DE-BER-01,C015150,VM-ACC-0003,10,67.98,0.1,EUR
SO-2025-009337,1,2025-06-28,2025-07-02,DE-WEB-01,C016081,VM-NUT-0001,3,2.11,0.0,EUR
SO-2025-009338,1,2025-06-28,2025-06-29,DE-WEB-01,C013556,VM-CMP-0008,1,103.15,0.0,EUR
SO-2025-009339,1,2025-06-28,2025-06-30,DE-WEB-01,C012112,VM-APP-0010,2,39.85,0.05,EUR
SO-2025-009339,2,2025-06-28,2025-06-30,DE-WEB-01,C012112,VM-EBK-0007,1,3446.09,0.05,EUR
SO-2025-009339,3,2025-06-28,2025-06-30,DE-WEB-01,C012112,VM-EBK-0006,1,4721.38,0.05,EUR
SO-2025-009340,1,2025-06-28,2025-06-30,DE-WEB-01,C013693,VM-ACC-0014,1,25.78,0.0,EUR
SO-2025-009340,2,2025-06-28,2025-06-30,DE-WEB-01,C013693,VM-ACC-0008,1,93.77,0.0,EUR
SO-2025-009340,3,2025-06-28,2025-06-30,DE-WEB-01,C013693,VM-NUT-0007,8,3.05,0.0,EUR
SO-2025-009341,1,2025-06-28,2025-07-01,DE-WEB-01,C000675,VM-APP-0013,1,103.15,0.05,EUR
SO-2025-009341,2,2025-06-28,2025-07-01,DE-WEB-01,C000675,VM-BIK-0011,1,2027.8,0.05,EUR
SO-2025-009342,1,2025-06-28,2025-07-01,DE-WEB-01,C016082,VM-EBK-0008,1,3539.86,0.0,EUR
SO-2025-009343,1,2025-06-29,2025-07-03,PL-WEB-01,C016083,VM-ACC-0001,1,379.99,0.0,PLN
SO-2025-009344,1,2025-06-29,2025-07-02,PL-WEB-01,C016084,VM-CMP-0008,1,439.99,0.0,PLN
SO-2025-009344,2,2025-06-29,2025-07-02,PL-WEB-01,C016084,VM-NUT-0009,1,84.99,0.0,PLN
SO-2025-009345,1,2025-06-29,2025-06-30,PL-WEB-01,C016085,VM-BIK-0017,1,1909.99,0.0,PLN
SO-2025-009345,2,2025-06-29,2025-06-30,PL-WEB-01,C016085,VM-ACC-0008,1,399.99,0.0,PLN
SO-2025-009345,3,2025-06-29,2025-06-30,PL-WEB-01,C016085,VM-APP-0017,1,189.99,0.0,PLN
SO-2025-009346,1,2025-06-29,2025-07-01,PL-WEB-01,C016086,VM-BIK-0004,1,4269.99,0.0,PLN
SO-2025-009346,2,2025-06-29,2025-07-01,PL-WEB-01,C016086,VM-ACC-0008,1,399.99,0.0,PLN
SO-2025-009347,1,2025-06-29,2025-06-30,PL-WEB-01,C012092,VM-ACC-0004,2,779.99,0.05,PLN
SO-2025-009347,2,2025-06-29,2025-06-30,PL-WEB-01,C012092,VM-BIK-0016,1,3589.99,0.05,PLN
SO-2025-009347,3,2025-06-29,2025-06-30,PL-WEB-01,C012092,VM-ACC-0003,2,289.99,0.05,PLN
SO-2025-009348,1,2025-06-29,2025-07-03,PL-WEB-01,C006991,VM-NUT-0004,11,6.99,0.05,PLN
SO-2025-009348,2,2025-06-29,2025-07-03,PL-WEB-01,C006991,VM-CMP-0016,1,2459.99,0.0,PLN
SO-2025-009348,3,2025-06-29,2025-07-03,PL-WEB-01,C006991,VM-ACC-0014,1,109.99,0.0,PLN
SO-2025-009349,1,2025-06-29,2025-07-03,PL-WEB-01,C016087,VM-APP-0002,2,439.99,0.05,PLN
SO-2025-009350,1,2025-06-29,2025-06-30,PL-WEB-01,C013401,VM-NUT-0002,5,14.99,0.05,PLN
SO-2025-009351,1,2025-06-29,2025-07-03,PL-WEB-01,C009130,VM-CMP-0017,1,499.99,0.0,PLN
SO-2025-009351,2,2025-06-29,2025-07-03,PL-WEB-01,C009130,vm-cmp-0019,1,209.99,0.0,PLN
SO-2025-009352,1,2025-06-29,2025-07-02,PL-WEB-01,C008632,VM-NUT-0006,8,9.99,0.0,PLN
SO-2025-009353,1,2025-06-29,2025-07-03,PL-WEB-01,C010759,VM-BIK-0020,1,1209.99,0.05,PLN
SO-2025-009353,2,2025-06-29,2025-07-03,PL-WEB-01,C010759,VM-NUT-0009,4,84.99,0.05,PLN
SO-2025-009353,3,2025-06-29,2025-07-03,PL-WEB-01,C010759,VM-ACC-0001,2,379.99,0.05,PLN
SO-2025-009354,1,2025-06-29,2025-07-01,PL-WEB-01,C016088,VM-CMP-0005,2,1479.99,0.0,PLN
SO-2025-009354,2,2025-06-29,2025-07-01,PL-WEB-01,C016088,VM-BIK-0019,1,1209.99,0.0,PLN
SO-2025-009354,3,2025-06-29,2025-07-01,PL-WEB-01,C016088,VM-ACC-0008,2,399.99,0.0,PLN
SO-2025-009354,4,2025-06-29,2025-07-01,PL-WEB-01,C016088,VM-ACC-0010,1,249.99,0.1,PLN
SO-2025-009355,1,2025-06-29,2025-07-03,PL-WEB-01,C016089,VM-ACC-0008,2,399.99,0.0,PLN
SO-2025-009356,1,2025-06-29,2025-07-02,PL-WEB-01,C014515,VM-NUT-0004,55,6.99,0.12,PLN
SO-2025-009357,1,2025-06-29,2025-06-30,PL-WEB-01,C005434,VM-ACC-0009,2,399.99,0.0,PLN
SO-2025-009358,1,2025-06-29,2025-07-01,PL-WEB-01,C012187,VM-CMP-0020,4,259.99,0.0,PLN
SO-2025-009358,2,2025-06-29,2025-07-01,PL-WEB-01,C012187,VM-CMP-0002,1,559.99,0.0,PLN
SO-2025-009359,1,2025-06-29,2025-07-03,PL-MKT-01,C014408,VM-APP-0010,2,169.99,0.05,PLN
SO-2025-009359,2,2025-06-29,2025-07-03,PL-MKT-01,C014408,VM-ACC-0008,2,399.99,0.05,PLN
SO-2025-009360,1,2025-06-29,2025-07-01,PL-MKT-01,C013454,VM-ACC-0008,8,399.99,0.12,PLN
SO-2025-009360,2,2025-06-29,2025-07-01,PL-MKT-01,C013454,VM-NUT-0009,12,84.99,0.1,PLN
SO-2025-009361,1,2025-06-29,2025-06-30,PL-MKT-01,C016090,VM-ACC-0007,1,359.99,0.05,PLN
SO-2025-009362,1,2025-06-29,2025-07-02,PL-MKT-01,C010708,VM-CMP-0015,1,919.99,0.0,PLN
SO-2025-009363,1,2025-06-29,2025-06-30,PL-MKT-01,C016091,VM-CMP-0020,1,259.99,0.0,PLN
SO-2025-009363,2,2025-06-29,2025-06-30,PL-MKT-01,C016091,VM-BIK-0003,1,6539.99,0.0,PLN
SO-2025-009363,3,2025-06-29,2025-06-30,PL-MKT-01,C016091,VM-NUT-0001,15,8.99,0.0,PLN
SO-2025-009364,1,2025-06-29,2025-07-02,PL-MKT-01,C016092, VM-CMP-0015 ,2,919.99,0.0,PLN
SO-2025-009365,1,2025-06-29,2025-07-01,PL-MKT-01,C011876,VM-NUT-0003,9,10.99,0.0,PLN
SO-2025-009366,1,2025-06-29,2025-06-30,PL-MKT-01,C007954,VM-CMP-0006,2,199.99,0.05,PLN
SO-2025-009366,2,2025-06-29,2025-06-30,PL-MKT-01,C007954,VM-EBK-0004,1,11079.99,0.1,PLN
SO-2025-009367,1,2025-06-29,2025-07-02,PL-MKT-01,C007979,VM-EBK-0011,1,14639.99,0.0,PLN
SO-2025-009367,2,2025-06-29,2025-07-02,PL-MKT-01,C007979,VM-NUT-0004,3,6.99,0.0,PLN
SO-2025-009368,1,2025-06-29,2025-06-29,CZ-PRG-01,C001562,VM-APP-0009,2,2024.0,0.0,CZK
SO-2025-009369,1,2025-06-29,2025-06-29,CZ-PRG-01,C016093,VM-BIK-0010,4,36553.0,0.1,CZK
SO-2025-009370,1,2025-06-29,2025-06-29,CZ-PRG-01,,VM-CMP-0009,2,2024.0,0.0,CZK
SO-2025-009370,2,2025-06-29,2025-06-29,CZ-PRG-01,,VM-BIK-0007,1,40775.0,0.0,CZK
SO-2025-009371,1,2025-06-29,2025-06-29,CZ-BRN-01,C002804,VM-ACC-0019,3,289.0,0.05,CZK
SO-2025-009372,1,2025-06-29,2025-07-01,CZ-WEB-01,C009296,VM-NUT-0003,3,64.0,0.0,CZK
SO-2025-009372,2,2025-06-29,2025-07-01,CZ-WEB-01,C009296,VM-NUT-0009,1,492.0,0.0,CZK
SO-2025-009372,3,2025-06-29,2025-07-01,CZ-WEB-01,C009296,VM-EBK-0003,1,52574.0,0.0,CZK
SO-2025-009373,1,2025-06-29,2025-06-30,CZ-WEB-01,C008729,VM-ACC-0008,2,2313.0,0.05,CZK
SO-2025-009373,2,2025-06-29,2025-06-30,CZ-WEB-01,C008729,VM-EBK-0002,1,57548.0,0.05,CZK
SO-2025-009373,3,2025-06-29,2025-06-30,CZ-WEB-01,C008729,VM-CMP-0017,2,2892.0,0.05,CZK
SO-2025-009374,1,2025-06-29,2025-07-03,CZ-WEB-01,C016094,VM-BIK-0007,1,40775.0,0.0,CZK
SO-2025-009375,1,2025-06-29,2025-06-30,CZ-WEB-01,C014208,VM-NUT-0009,12,492.0,0.1,CZK
SO-2025-009375,2,2025-06-29,2025-06-30,CZ-WEB-01,C014208,VM-CMP-0018,2,359.0,0.12,CZK
SO-2025-009376,1,2025-06-29,2025-07-02,CZ-WEB-01,C011981,VM-ACC-0014,1,636.0,0.0,CZK
SO-2025-009377,1,2025-06-29,2025-07-03,CZ-WEB-01,C016095,VM-BIK-0001,1,79179.0,0.05,CZK
SO-2025-009378,1,2025-06-29,2025-06-30,DE-WEB-01,C007572,VM-BIK-0001,1,3209.32,0.05,EUR
SO-2025-009378,2,2025-06-29,2025-06-30,DE-WEB-01,C007572,VM-ACC-0004,2,182.85,0.05,EUR
SO-2025-009379,1,2025-06-29,2025-07-03,DE-WEB-01,C016096,VM-ACC-0003,1,67.98,0.0,EUR
SO-2025-009380,1,2025-06-29,2025-06-30,DE-WEB-01,C014123,VM-NUT-0001,12,2.11,0.05,EUR
SO-2025-009381,1,2025-06-29,2025-07-01,DE-WEB-01,C016097,VM-BIK-0007,1,1652.72,0.0,EUR
SO-2025-009382,1,2025-06-29,2025-06-30,DE-WEB-01,C016098,VM-NUT-0009,2,19.92,0.0,EUR
SO-2025-009383,1,2025-06-29,2025-06-30,DE-WEB-01,C011412,VM-ACC-0020,1,189.88,0.05,EUR
SO-2025-009384,1,2025-06-30,2025-06-30,PL-WAW-01,,VM-ACC-0004,1,779.99,0.0,PLN
SO-2025-009384,2,2025-06-30,2025-06-30,PL-WAW-01,,VM-NUT-0006,6,9.99,0.0,PLN
SO-2025-009384,3,2025-06-30,2025-06-30,PL-WAW-01,,VM-CMP-0020,3,259.99,0.0,PLN
SO-2025-009385,1,2025-06-30,2025-06-30,PL-WAW-01,C010812,VM-CMP-0017,10,499.99,0.1,PLN
SO-2025-009385,2,2025-06-30,2025-06-30,PL-WAW-01,C010812,VM-ACC-0005,6,179.99,0.12,PLN
SO-2025-009385,3,2025-06-30,2025-06-30,PL-WAW-01,C010812,VM-ACC-0008,4,399.99,0.12,PLN
SO-2025-009386,1,2025-06-30,2025-06-30,PL-WAW-01,C001108,VM-ACC-0004,1,779.99,0.0,PLN
SO-2025-009386,2,2025-06-30,2025-06-30,PL-WAW-01,C001108,VM-ACC-0008,1,399.99,0.0,PLN
SO-2025-009386,3,2025-06-30,2025-06-30,PL-WAW-01,C001108,VM-BIK-0006,1,6589.99,0.0,PLN
SO-2025-009386,4,2025-06-30,2025-06-30,PL-WAW-01,C001108,VM-APP-0012,1,869.99,0.0,PLN
SO-2025-009387,1,2025-06-30,2025-06-30,PL-WAW-01,C016099,VM-NUT-0009,3,84.99,0.0,PLN
SO-2025-009387,2,2025-06-30,2025-06-30,PL-WAW-01,C016099,VM-ACC-0021,1,779.99,0.0,PLN
SO-2025-009388,1,2025-06-30,2025-06-30,PL-WAW-01,C015066,VM-BIK-0013,1,4799.99,0.0,PLN
SO-2025-009389,1,2025-06-30,2025-06-30,PL-WAW-01,C016100,VM-CMP-0009,2,349.99,0.0,PLN
SO-2025-009389,2,2025-06-30,2025-06-30,PL-WAW-01,C016100,VM-BIK-0012,1,11809.99,0.0,PLN
SO-2025-009389,3,2025-06-30,2025-06-30,PL-WAW-01,C016100,VM-NUT-0007,5,12.99,0.0,PLN
SO-2025-009389,4,2025-06-30,2025-06-30,PL-WAW-01,C016100,VM-EBK-0008,1,15099.99,0.0,PLN
SO-2025-009390,1,2025-06-30,2025-06-30,PL-WAW-01,C011487,VM-EBK-0002,1,9949.99,0.0,PLN
SO-2025-009390,2,2025-06-30,2025-06-30,PL-WAW-01,C011487,VM-ACC-0008,2,399.99,0.0,PLN
SO-2025-009391,1,2025-06-30,2025-06-30,PL-WAW-02,C000991,VM-ACC-0014,1,109.99,0.0,PLN
SO-2025-009391,2,2025-06-30,2025-06-30,PL-WAW-02,C000991,VM-CMP-0015,2,919.99,0.0,PLN
SO-2025-009392,1,2025-06-30,2025-06-30,PL-WAW-02,C005339,VM-BIK-0011,1,8649.99,0.05,PLN
SO-2025-009392,2,2025-06-30,2025-06-30,PL-WAW-02,C005339,VM-ACC-0009,1,399.99,0.05,PLN
SO-2025-009392,3,2025-06-30,2025-06-30,PL-WAW-02,C005339,VM-ACC-0017,1,57.99,0.05,PLN
SO-2025-009393,1,2025-06-30,2025-06-30,PL-WAW-02,,VM-BIK-0009,1,5639.99,0.0,PLN
SO-2025-009393,2,2025-06-30,2025-06-30,PL-WAW-02,,VM-ACC-0014,1,109.99,0.0,PLN
SO-2025-009393,3,2025-06-30,2025-06-30,PL-WAW-02,,VM-ACC-0008,1,399.99,0.0,PLN
SO-2025-009394,1,2025-06-30,2025-06-30,PL-KRK-01,C013344,VM-CMP-0009,2,349.99,0.0,PLN
SO-2025-009395,1,2025-06-30,2025-06-30,PL-WRO-01,C012528,VM-EBK-0009,1,9909.99,0.05,PLN
SO-2025-009396,1,2025-06-30,2025-06-30,PL-WRO-01,C016101, VM-NUT-0006 ,8,9.99,0.0,PLN
SO-2025-009397,1,2025-06-30,2025-06-30,PL-WRO-01,,VM-BIK-0004,1,4269.99,0.0,PLN
SO-2025-009397,2,2025-06-30,2025-06-30,PL-WRO-01,,VM-ACC-0008,2,399.99,0.0,PLN
SO-2025-009397,3,2025-06-30,2025-06-30,PL-WRO-01,,VM-ACC-0017,3,57.99,0.0,PLN
SO-2025-009397,4,2025-06-30,2025-06-30,PL-WRO-01,,VM-ACC-0007,1,359.99,0.0,PLN
SO-2025-009398,1,2025-06-30,2025-06-30,PL-WRO-01,,VM-ACC-0008,1,399.99,0.0,PLN
SO-2025-009398,2,2025-06-30,2025-06-30,PL-WRO-01,,VM-BIK-0012,1,11809.99,0.0,PLN
SO-2025-009398,3,2025-06-30,2025-06-30,PL-WRO-01,,VM-NUT-0004,7,6.99,0.0,PLN
SO-2025-009398,4,2025-06-30,2025-06-30,PL-WRO-01,,VM-EBK-0004,1,11079.99,0.0,PLN
SO-2025-009399,1,2025-06-30,2025-06-30,PL-GDN-01,C011369,VM-NUT-0003,4,10.99,0.05,PLN
SO-2025-009400,1,2025-06-30,2025-06-30,PL-GDN-01,C016102,VM-CMP-0016,1,2459.99,0.0,PLN
SO-2025-009401,1,2025-06-30,2025-06-30,PL-GDN-01,C016103,VM-ACC-0023,1,929.99,0.0,PLN
SO-2025-009402,1,2025-06-30,2025-06-30,PL-GDN-01,C012388,VM-CMP-0004,6,719.99,0.08,PLN
SO-2025-009402,2,2025-06-30,2025-06-30,PL-GDN-01,C012388,VM-EBK-0009,3,9909.99,0.12,PLN
SO-2025-009402,3,2025-06-30,2025-06-30,PL-GDN-01,C012388,VM-NUT-0004,42,6.99,0.1,PLN
SO-2025-009402,4,2025-06-30,2025-06-30,PL-GDN-01,C012388,VM-CMP-0013,8,529.99,0.12,PLN
SO-2025-009403,1,2025-06-30,2025-06-30,PL-POZ-01,,VM-EBK-0007,1,14699.99,0.0,PLN
SO-2025-009404,1,2025-06-30,2025-06-30,PL-POZ-01,,VM-NUT-0006,4,9.99,0.0,PLN
SO-2025-009405,1,2025-06-30,2025-06-30,PL-LDZ-01,C011120,VM-ACC-0012,1,71.99,0.0,PLN
SO-2025-009406,1,2025-06-30,2025-06-30,PL-LDZ-01,C016104,VM-ACC-0014,1,109.99,0.05,PLN
SO-2025-009406,2,2025-06-30,2025-06-30,PL-LDZ-01,C016104,VM-NUT-0009,4,84.99,0.05,PLN
SO-2025-009406,3,2025-06-30,2025-06-30,PL-LDZ-01,C016104,VM-APP-0020,1,179.99,0.05,PLN
SO-2025-009406,4,2025-06-30,2025-06-30,PL-LDZ-01,C016104,VM-BIK-0016,1,3589.99,0.05,PLN
SO-2025-009407,1,2025-06-30,2025-07-03,PL-WEB-01,C014454,VM-ACC-0014,1,109.99,0.0,PLN
SO-2025-009408,1,2025-06-30,2025-07-02,PL-WEB-01,C016105,VM-CMP-0015,1,919.99,0.0,PLN
SO-2025-009409,1,2025-06-30,2025-07-01,PL-WEB-01,C010792,VM-EBK-0009,1,9909.99,0.0,PLN
SO-2025-009410,1,2025-06-30,2025-07-02,PL-WEB-01,C010793,VM-BIK-0004,1,4269.99,0.0,PLN
SO-2025-009410,2,2025-06-30,2025-07-02,PL-WEB-01,C010793,VM-ACC-0018,2,49.99,0.0,PLN
SO-2025-009411,1,2025-06-30,2025-07-02,PL-WEB-01,C015331,VM-ACC-0008,1,399.99,0.05,PLN
SO-2025-009411,2,2025-06-30,2025-07-02,PL-WEB-01,C015331,VM-ACC-0006,1,949.99,0.05,PLN
SO-2025-009412,1,2025-06-30,2025-07-03,PL-WEB-01,C014581,VM-BIK-0007,1,7049.99,0.0,PLN
SO-2025-009412,2,2025-06-30,2025-07-03,PL-WEB-01,C014581,VM-ACC-0009,1,399.99,0.0,PLN
SO-2025-009413,1,2025-06-30,2025-07-01,PL-WEB-01,C011987,VM-ACC-0004,2,779.99,0.0,PLN
SO-2025-009413,2,2025-06-30,2025-07-01,PL-WEB-01,C011987,VM-ACC-0008,1,399.99,0.0,PLN
SO-2025-009414,1,2025-06-30,2025-07-02,PL-WEB-01,C015463,VM-CMP-0011,1,159.99,0.0,PLN
SO-2025-009415,1,2025-06-30,2025-07-03,PL-WEB-01,C004770,VM-NUT-0006,10,9.99,0.0,PLN
SO-2025-009416,1,2025-06-30,2025-07-03,PL-WEB-01,C011157,VM-NUT-0006,12,9.99,0.0,PLN
SO-2025-009417,1,2025-06-30,2025-07-03,PL-WEB-01,C010055,VM-ACC-0008,3,399.99,0.08,PLN
SO-2025-009418,1,2025-06-30,2025-07-02,PL-WEB-01,C015638,VM-NUT-0011,4,53.99,0.0,PLN
SO-2025-009419,1,2025-06-30,2025-07-02,PL-WEB-01,C015215,VM-APP-0013,1,439.99,0.0,PLN
SO-2025-009420,1,2025-06-30,2025-07-04,PL-WEB-01,C007784,VM-ACC-0019,3,49.99,0.1,PLN
SO-2025-009421,1,2025-06-30,2025-07-03,PL-WEB-01,C003477,VM-BIK-0012,1,11809.99,0.0,PLN
SO-2025-009421,2,2025-06-30,2025-07-03,PL-WEB-01,C003477,VM-ACC-0018,3,49.99,0.0,PLN
SO-2025-009422,1,2025-06-30,2025-07-04,PL-WEB-01,C012278,VM-NUT-0003,13,10.99,0.0,PLN
SO-2025-009423,1,2025-06-30,2025-07-04,PL-WEB-01,C010792,VM-BIK-0002,1,9629.99,0.0,PLN
SO-2025-009424,1,2025-06-30,2025-07-01,PL-WEB-01,C016106,VM-NUT-0001,4,8.99,0.0,PLN
SO-2025-009425,1,2025-06-30,2025-07-04,PL-WEB-01,C016107,VM-CMP-0009,2,349.99,0.0,PLN
SO-2025-009425,2,2025-06-30,2025-07-04,PL-WEB-01,C016107,VM-CMP-0004,1,719.99,0.0,PLN
SO-2025-009426,1,2025-06-30,2025-07-03,PL-WEB-01,C008342,VM-APP-0010,1,169.99,0.05,PLN
SO-2025-009426,2,2025-06-30,2025-07-03,PL-WEB-01,C008342,VM-NUT-0001,15,8.99,0.05,PLN
SO-2025-009427,1,2025-06-30,2025-07-02,PL-WEB-01,C016108,VM-NUT-0004,8,6.99,0.0,PLN
SO-2025-009427,2,2025-06-30,2025-07-02,PL-WEB-01,C016108,VM-APP-0013,1,439.99,0.0,PLN
SO-2025-009427,3,2025-06-30,2025-07-02,PL-WEB-01,C016108,VM-BIK-0020,1,1209.99,0.0,PLN
SO-2025-009428,1,2025-06-30,2025-07-04,PL-WEB-01,C016109,VM-ACC-0014,1,109.99,0.0,PLN
SO-2025-009428,2,2025-06-30,2025-07-04,PL-WEB-01,C016109,VM-APP-0011,1,409.99,0.0,PLN
SO-2025-009429,1,2025-06-30,2025-07-04,PL-WEB-01,C006694,VM-CMP-0016,1,2459.99,0.05,PLN
SO-2025-009430,1,2025-06-30,2025-07-03,PL-WEB-01,C007545,VM-BIK-0013,1,4799.99,0.0,PLN
SO-2025-009431,1,2025-06-30,2025-07-01,PL-WEB-01,C004985,VM-EBK-0008,3,15099.99,0.08,PLN
SO-2025-009432,1,2025-06-30,2025-07-03,PL-WEB-01,C016110,VM-BIK-0009,1,5639.99,0.0,PLN
SO-2025-009433,1,2025-06-30,2025-07-04,PL-WEB-01,C016111,VM-NUT-0011,1,53.99,0.0,PLN
SO-2025-009434,1,2025-06-30,2025-07-03,PL-MKT-01,C009447,VM-BIK-0004,1,4269.99,0.0,PLN
SO-2025-009434,2,2025-06-30,2025-07-03,PL-MKT-01,C009447,VM-ACC-0010,1,249.99,0.0,PLN
SO-2025-009435,1,2025-06-30,2025-07-03,PL-MKT-01,C016112,VM-BIK-0012,1,11809.99,0.0,PLN
SO-2025-009435,2,2025-06-30,2025-07-03,PL-MKT-01,C016112,VM-NUT-0007,8,12.99,0.0,PLN
SO-2025-009436,1,2025-06-30,2025-07-02,PL-MKT-01,C013821,VM-NUT-0004,15,6.99,0.05,PLN
SO-2025-009436,2,2025-06-30,2025-07-02,PL-MKT-01,C013821,VM-CMP-0001,1,399.99,0.05,PLN
SO-2025-009436,3,2025-06-30,2025-07-02,PL-MKT-01,C013821,VM-CMP-0013,2,529.99,0.05,PLN
SO-2025-009437,1,2025-06-30,2025-07-04,PL-MKT-01,C016113,VM-EBK-0004,1,11079.99,0.05,PLN
SO-2025-009438,1,2025-06-30,2025-07-04,PL-MKT-01,C012123,VM-APP-0010,2,169.99,0.0,PLN
SO-2025-009439,1,2025-06-30,2025-07-03,PL-MKT-01,C015037,VM-BIK-0004,1,4269.99,0.0,PLN
SO-2025-009439,2,2025-06-30,2025-07-03,PL-MKT-01,C015037,VM-ACC-0012,1,71.99,0.0,PLN
SO-2025-009440,1,2025-06-30,2025-06-30,CZ-PRG-01,C015721, VM-ACC-0002 ,1,3528.0,0.0,CZK
SO-2025-009441,1,2025-06-30,2025-06-30,CZ-PRG-01,C012378,VM-BIK-0013,1,27762.0,0.0,CZK
SO-2025-009441,2,2025-06-30,2025-06-30,CZ-PRG-01,C012378,VM-ACC-0008,1,2313.0,0.0,CZK
SO-2025-009441,3,2025-06-30,2025-06-30,CZ-PRG-01,C012378,VM-ACC-0005,2,1041.0,0.0,CZK
SO-2025-009441,4,2025-06-30,2025-06-30,CZ-PRG-01,C012378,VM-CMP-0014,2,2487.0,0.1,CZK
SO-2025-009442,1,2025-06-30,2025-06-30,CZ-BRN-01,C016114,VM-ACC-0023,1,5379.0,0.0,CZK
SO-2025-009443,1,2025-06-30,2025-06-30,CZ-BRN-01,C011771,VM-ACC-0002,2,3528.0,0.05,CZK
SO-2025-009444,1,2025-06-30,2025-07-03,CZ-WEB-01,C014942,VM-CMP-0013,2,3065.0,0.05,CZK
SO-2025-009444,2,2025-06-30,2025-07-03,CZ-WEB-01,C014942,VM-ACC-0003,1,1677.0,0.05,CZK
SO-2025-009445,1,2025-06-30,2025-07-04,CZ-WEB-01,C016115,VM-ACC-0020,1,4685.0,0.05,CZK
SO-2025-009445,2,2025-06-30,2025-07-04,CZ-WEB-01,C016115,VM-APP-0010,2,983.0,0.05,CZK
SO-2025-009445,3,2025-06-30,2025-07-04,CZ-WEB-01,C016115,VM-BIK-0015,1,17872.0,0.05,CZK
SO-2025-009446,1,2025-06-30,2025-07-01,CZ-WEB-01,C016116,VM-CMP-0009,1,2024.0,0.0,CZK
SO-2025-009447,1,2025-06-30,2025-07-03,CZ-WEB-01,C016117,VM-CMP-0013,1,3065.0,0.0,CZK
SO-2025-009448,1,2025-06-30,2025-07-01,CZ-WEB-01,C012134,VM-CMP-0005,1,8560.0,0.0,CZK
SO-2025-009448,2,2025-06-30,2025-07-01,CZ-WEB-01,C012134,VM-CMP-0008,1,2545.0,0.0,CZK
SO-2025-009448,3,2025-06-30,2025-07-01,CZ-WEB-01,C012134,VM-BIK-0003,1,37825.0,0.0,CZK
SO-2025-009449,1,2025-06-30,2025-07-03,CZ-WEB-01,C004625,VM-APP-0014,1,2834.0,0.0,CZK
SO-2025-009449,2,2025-06-30,2025-07-03,CZ-WEB-01,C004625,VM-BIK-0022,1,8097.0,0.0,CZK
SO-2025-009449,3,2025-06-30,2025-07-03,CZ-WEB-01,C004625,VM-CMP-0009,1,2024.0,0.0,CZK
SO-2025-009450,1,2025-06-30,2025-07-03,CZ-WEB-01,C016118,VM-ACC-0006,2,5494.0,0.0,CZK
SO-2025-009450,2,2025-06-30,2025-07-03,CZ-WEB-01,C016118,VM-CMP-0022,2,208.0,0.0,CZK
SO-2025-009451,1,2025-06-30,2025-06-30,DE-BER-01,C016119,VM-NUT-0001,6,2.11,0.0,EUR
SO-2025-009451,2,2025-06-30,2025-06-30,DE-BER-01,C016119,VM-NUT-0004,9,1.64,0.0,EUR
SO-2025-009452,1,2025-06-30,2025-06-30,DE-BER-01,,VM-APP-0010,1,39.85,0.0,EUR
SO-2025-009453,1,2025-06-30,2025-07-04,DE-WEB-01,C002424,VM-APP-0015,1,133.62,0.0,EUR
SO-2025-009453,2,2025-06-30,2025-07-04,DE-WEB-01,C002424,VM-APP-0002,1,103.15,0.0,EUR
SO-2025-009454,1,2025-06-30,2025-07-03,DE-WEB-01,C003431,VM-APP-0006,1,72.67,0.0,EUR
SO-2025-009454,2,2025-06-30,2025-07-03,DE-WEB-01,C003431,VM-CMP-0009,1,82.05,0.0,EUR
SO-2025-009454,3,2025-06-30,2025-07-03,DE-WEB-01,C003431,VM-EBK-0002,1,2332.56,0.0,EUR
SO-2025-009455,1,2025-06-30,2025-07-01,DE-WEB-01,C013121,VM-ACC-0005,1,42.19,0.0,EUR
SO-2025-009456,1,2025-06-30,2025-07-04,DE-WEB-01,C008291,VM-APP-0005,3,42.19,0.0,EUR
