OrderID,LineNo,OrderDate,ShipDate,StoreID,CustomerID,SKU,Quantity,UnitPrice,DiscountPct,Currency
SO-2023-014009,1,2023-12-01,2023-12-01,PL-KRK-01,C005918,VM-ACC-0002,1,582.54,0.0,PLN
SO-2023-014309,1,2023-12-08,2023-12-08,PL-WAW-01,,VM-ACC-0018,3,47.74,0.0,PLN
SO-2023-014351,1,2023-12-08,2023-12-08,CZ-PRG-01,C004877,VM-CMP-0004,2,3648.0,0.0,CZK
SO-2023-014380,1,2023-12-09,2023-12-09,PL-WAW-02,,VM-BIK-0007,1,6732.74,0.0,PLN
SO-2023-014403,1,2023-12-09,2023-12-12,PL-WEB-01,C002902,VM-BIK-0017,1,1824.04,0.0,PLN
SO-2023-014495,1,2023-12-11,2023-12-12,PL-WEB-01,C006118,VM-NUT-0004,6,6.68,0.0,PLN
SO-2023-014705,1,2023-12-15,2023-12-15,PL-WAW-01,,VM-APP-0006,1,296.04,0.0,PLN
SO-2023-015008,3,2023-12-20,2023-12-20,PL-WAW-02,,VM-APP-0001,2,439.29,0.0,PLN
SO-2023-015198,2,2023-12-23,2023-12-25,PL-MKT-01,C000159,VM-CMP-0008,1,420.19,0.05,PLN
SO-2023-015213,2,2023-12-23,2023-12-23,DE-BER-01,C005405,VM-BIK-0017,1,412.01,0.0,EUR
SO-2023-015373,2,2023-12-27,2023-12-29,PL-WEB-01,C005122,VM-CMP-0016,1,2349.29,0.0,PLN
SO-2023-015449,1,2023-12-28,2023-12-29,PL-MKT-01,C006483,VM-CMP-0016,6,2349.29,0.1,PLN
SO-2024-000001,1,2024-01-01,2024-01-01,PL-WAW-01,C006543,VM-ACC-0008,2,391.99,0.0,PLN
SO-2024-000002,1,2024-01-01,2024-01-01,PL-WAW-02,C006142,VM-NUT-0009,1,83.29,0.0,PLN
SO-2024-000002,2,2024-01-01,2024-01-01,PL-WAW-02,C006142,VM-CMP-0020,2,254.79,0.0,PLN
SO-2024-000003,1,2024-01-01,2024-01-01,PL-WAW-02,C006544,VM-NUT-0004,11,6.85,0.0,PLN
SO-2024-000004,1,2024-01-01,2024-01-01,PL-WAW-02,C001109,VM-NUT-0004,4,6.85,0.0,PLN
SO-2024-000004,2,2024-01-01,2024-01-01,PL-WAW-02,C001109,VM-CMP-0009,2,342.99,0.0,PLN
SO-2024-000005,1,2024-01-01,2024-01-01,PL-KRK-01,C005660,VM-CMP-0012,2,529.19,0.0,PLN
SO-2024-000006,1,2024-01-01,2024-01-01,PL-GDN-01,C006545,VM-ACC-0005,2,176.39,0.0,PLN
SO-2024-000006,2,2024-01-01,2024-01-01,PL-GDN-01,C006545,VM-APP-0014,1,480.19,0.0,PLN
SO-2024-000007,1,2024-01-01,2024-01-01,PL-GDN-01,C000466,VM-CMP-0002,1,548.79,0.0,PLN
SO-2024-000008,1,2024-01-01,2024-01-01,PL-GDN-01,C006546,VM-APP-0003,3,303.79,0.3,PLN
SO-2024-000008,2,2024-01-01,2024-01-01,PL-GDN-01,C006546,VM-NUT-0003,10,10.77,0.0,PLN
SO-2024-000008,3,2024-01-01,2024-01-01,PL-GDN-01,C006546,VM-ACC-0008,1,391.99,0.0,PLN
SO-2024-000009,1,2024-01-01,2024-01-05,PL-WEB-01,C005362,VM-APP-0010,1,166.59,0.3,PLN
SO-2024-000009,2,2024-01-01,2024-01-05,PL-WEB-01,C005362,VM-ACC-0006,2,930.99,0.0,PLN
SO-2024-000009,3,2024-01-01,2024-01-05,PL-WEB-01,C005362,VM-CMP-0013,1,519.39,0.0,PLN
SO-2024-000009,4,2024-01-01,2024-01-05,PL-WEB-01,C005362,VM-APP-0020,1,176.39,0.3,PLN
SO-2024-000010,1,2024-01-01,2024-01-03,PL-WEB-01,C003074,VM-NUT-0001,9,8.81,0.0,PLN
SO-2024-000011,1,2024-01-01,2024-01-04,PL-WEB-01,C006547,VM-CMP-0019,4,205.79,0.0,PLN
SO-2024-000012,1,2024-01-01,2024-01-05,PL-WEB-01,C006548,VM-ACC-0013,1,166.59,0.0,PLN
SO-2024-000012,2,2024-01-01,2024-01-05,PL-WEB-01,C006548,VM-ACC-0007,1,352.79,0.0,PLN
SO-2024-000013,1,2024-01-01,2024-01-02,PL-MKT-01,C002101,VM-APP-0015,1,558.59,0.0,PLN
SO-2024-000013,2,2024-01-01,2024-01-02,PL-MKT-01,C002101,VM-NUT-0009,3,83.29,0.0,PLN
SO-2024-000013,3,2024-01-01,2024-01-02,PL-MKT-01,C002101,VM-CMP-0013,1,519.39,0.0,PLN
SO-2024-000014,1,2024-01-01,2024-01-05,PL-MKT-01,C004459,VM-APP-0010,1,166.59,0.3,PLN
SO-2024-000014,2,2024-01-01,2024-01-05,PL-MKT-01,C004459,VM-CMP-0008,2,431.19,0.0,PLN
SO-2024-000015,1,2024-01-01,2024-01-05,PL-MKT-01,C006167,VM-APP-0016,1,597.79,0.3,PLN
SO-2024-000015,2,2024-01-01,2024-01-05,PL-MKT-01,C006167,VM-APP-0019,2,64.67,0.05,PLN
SO-2024-000016,1,2024-01-01,2024-01-03,PL-MKT-01,C004074,VM-CMP-0009,2,342.99,0.0,PLN
SO-2024-000016,2,2024-01-01,2024-01-03,PL-MKT-01,C004074,VM-APP-0017,2,186.19,0.3,PLN
SO-2024-000017,1,2024-01-01,2024-01-01,CZ-PRG-01,C001695,VM-APP-0012,1,4562.0,0.3,CZK
SO-2024-000017,2,2024-01-01,2024-01-01,CZ-PRG-01,C001695,VM-CMP-0014,1,2255.0,0.0,CZK
SO-2024-000017,3,2024-01-01,2024-01-01,CZ-PRG-01,C001695,VM-NUT-0005,12,47.0,0.05,CZK
SO-2024-000018,1,2024-01-01,2024-01-02,CZ-WEB-01,C006549,VM-APP-0019,1,346.0,0.0,CZK
SO-2024-000018,2,2024-01-01,2024-01-02,CZ-WEB-01,C006549,VM-NUT-0003,3,58.0,0.0,CZK
SO-2024-000019,1,2024-01-01,2024-01-05,CZ-WEB-01,C001645,VM-APP-0012,1,4562.0,0.0,CZK
SO-2024-000020,1,2024-01-01,2024-01-04,CZ-WEB-01,C002804,VM-EBK-0002,1,52172.0,0.05,CZK
SO-2024-000021,1,2024-01-01,2024-01-03,CZ-WEB-01,C006550,VM-EBK-0007,1,77079.0,0.0,CZK
SO-2024-000021,2,2024-01-01,2024-01-03,CZ-WEB-01,C006550,VM-NUT-0011,3,283.0,0.0,CZK
SO-2024-000022,1,2024-01-01,2024-01-01,DE-BER-01,C006551,vm-nut-0005,9,2.0,0.05,EUR
SO-2024-000023,1,2024-01-01,2024-01-02,DE-WEB-01,C006552,VM-ACC-0004,2,173.13,0.0,EUR
SO-2024-000023,2,2024-01-01,2024-01-02,DE-WEB-01,C006552,VM-APP-0020,2,39.95,0.3,EUR
SO-2024-000023,3,2024-01-01,2024-01-02,DE-WEB-01,C006552,VM-CMP-0006,1,44.39,0.0,EUR
SO-2024-000023,4,2024-01-01,2024-01-02,DE-WEB-01,C006552,VM-ACC-0008,1,88.79,0.0,EUR
SO-2024-000024,1,2024-01-02,2024-01-02,PL-WAW-01,C005653,VM-ACC-0010,2,244.99,0.0,PLN
SO-2024-000025,1,2024-01-02,2024-01-02,PL-WAW-01,C006553,VM-ACC-0014,1,107.79,0.0,PLN
SO-2024-000026,1,2024-01-02,2024-01-02,PL-WAW-01,,VM-ACC-0002,1,597.79,0.0,PLN
SO-2024-000027,1,2024-01-02,2024-01-02,PL-WAW-02,C006554,VM-BIK-0012,1,11573.79,0.0,PLN
SO-2024-000028,1,2024-01-02,2024-01-02,PL-WAW-02,C003778,VM-NUT-0006,5,9.79,0.05,PLN
SO-2024-000029,1,2024-01-02,2024-01-02,PL-KRK-01,C000716,VM-BIK-0001,1,13416.19,0.0,PLN
SO-2024-000030,1,2024-01-02,2024-01-02,PL-KRK-01,C006555,VM-ACC-0001,1,372.39,0.0,PLN
SO-2024-000031,1,2024-01-02,2024-01-02,PL-KRK-01,,VM-NUT-0007,10,12.73,0.0,PLN
SO-2024-000032,1,2024-01-02,2024-01-02,PL-KRK-01,C006307,VM-BIK-0007,1,6908.99,0.0,PLN
SO-2024-000032,2,2024-01-02,2024-01-02,PL-KRK-01,C006307,VM-ACC-0019,1,48.99,0.0,PLN
SO-2024-000033,1,2024-01-02,2024-01-02,PL-WRO-01,C000367,VM-NUT-0003,3,10.77,0.0,PLN
SO-2024-000034,1,2024-01-02,2024-01-02,PL-WRO-01,,VM-NUT-0006,6,9.79,0.0,PLN
SO-2024-000034,2,2024-01-02,2024-01-02,PL-WRO-01,,VM-CMP-0009,1,342.99,0.0,PLN
SO-2024-000034,3,2024-01-02,2024-01-02,PL-WRO-01,,VM-ACC-0021,1,764.39,0.0,PLN
SO-2024-000034,4,2024-01-02,2024-01-02,PL-WRO-01,,VM-ACC-0008,2,391.99,0.0,PLN
SO-2024-000035,1,2024-01-02,2024-01-02,PL-WRO-01,C006556,VM-APP-0019,1,64.67,0.3,PLN
SO-2024-000035,2,2024-01-02,2024-01-02,PL-WRO-01,C006556,VM-APP-0007,2,156.79,0.3,PLN
SO-2024-000035,3,2024-01-02,2024-01-02,PL-WRO-01,C006556,VM-BIK-0008,1,5203.79,0.0,PLN
SO-2024-000036,1,2024-01-02,2024-01-02,PL-GDN-01,C006557,VM-CMP-0019,4,205.79,0.0,PLN
SO-2024-000037,1,2024-01-02,2024-01-02,PL-GDN-01,C001755,VM-CMP-0013,1,519.39,0.1,PLN
SO-2024-000038,1,2024-01-02,2024-01-02,PL-GDN-01,C004150,VM-NUT-0010,4,34.29,0.0,PLN
SO-2024-000039,1,2024-01-02,2024-01-02,PL-POZ-01,,VM-ACC-0020,1,793.79,0.0,PLN
SO-2024-000039,2,2024-01-02,2024-01-02,PL-POZ-01,,VM-NUT-0010,1,34.29,0.0,PLN
SO-2024-000040,1,2024-01-02,2024-01-06,PL-WEB-01,C004502,VM-APP-0017,4,186.19,0.3,PLN
SO-2024-000040,2,2024-01-02,2024-01-06,PL-WEB-01,C004502,VM-ACC-0018,10,48.99,0.1,PLN
SO-2024-000041,1,2024-01-02,2024-01-05,PL-WEB-01,C006558,VM-ACC-0002,1,597.79,0.0,PLN
SO-2024-000042,1,2024-01-02,2024-01-06,PL-MKT-01,C006559,VM-CMP-0010,10,382.19,0.08,PLN
SO-2024-000042,2,2024-01-02,2024-01-06,PL-MKT-01,C006559,VM-EBK-0007,4,14405.99,0.08,PLN
SO-2024-000042,3,2024-01-02,2024-01-06,PL-MKT-01,C006559,VM-ACC-0007,10,352.79,0.12,PLN
SO-2024-000043,1,2024-01-02,2024-01-06,PL-MKT-01,C001172,VM-CMP-0002,1,548.79,0.0,PLN
SO-2024-000044,1,2024-01-02,2024-01-04,PL-MKT-01,C006560,VM-CMP-0004,2,705.59,0.0,PLN
SO-2024-000044,2,2024-01-02,2024-01-04,PL-MKT-01,C006560,VM-BIK-0001,1,13416.19,0.0,PLN
SO-2024-000044,3,2024-01-02,2024-01-04,PL-MKT-01,C006560,VM-ACC-0023,1,911.39,0.0,PLN
SO-2024-000045,1,2024-01-02,2024-01-04,CZ-WEB-01,C006561,VM-NUT-0001,15,47.0,0.0,CZK
SO-2024-000045,2,2024-01-02,2024-01-04,CZ-WEB-01,C006561,VM-NUT-0006,10,52.0,0.0,CZK
SO-2024-000046,1,2024-01-02,2024-01-04,CZ-WEB-01,C006562,VM-ACC-0014,1,577.0,0.0,CZK
SO-2024-000046,2,2024-01-02,2024-01-04,CZ-WEB-01,C006562,VM-BIK-0013,1,25168.0,0.0,CZK
SO-2024-000047,1,2024-01-02,2024-01-04,CZ-WEB-01,C000375,VM-APP-0001,2,2412.0,0.0,CZK
SO-2024-000048,1,2024-01-02,2024-01-02,DE-BER-01,C000308,VM-ACC-0020,1,179.79,0.0,EUR
SO-2024-000048,2,2024-01-02,2024-01-02,DE-BER-01,C000308,VM-BIK-0001,1,3038.77,0.0,EUR
SO-2024-000049,1,2024-01-02,2024-01-02,DE-BER-01,C006551,VM-APP-0012,1,193.11,0.05,EUR
SO-2024-000050,1,2024-01-02,2024-01-03,DE-WEB-01,C006563,VM-CMP-0013,1,117.64,0.0,EUR
SO-2024-000050,2,2024-01-02,2024-01-03,DE-WEB-01,C006563,VM-ACC-0001,1,84.35,0.0,EUR
SO-2024-000050,3,2024-01-02,2024-01-03,DE-WEB-01,C006563,VM-APP-0009,2,77.69,0.3,EUR
SO-2024-000051,1,2024-01-02,2024-01-06,DE-WEB-01,C006564,VM-BIK-0007,1,1564.89,0.0,EUR
SO-2024-000051,2,2024-01-02,2024-01-06,DE-WEB-01,C006564,VM-ACC-0001,1,84.35,0.0,EUR
SO-2024-000051,3,2024-01-02,2024-01-06,DE-WEB-01,C006564,VM-APP-0002,2,97.66,0.0,EUR
SO-2024-000052,1,2024-01-03,2024-01-03,PL-WAW-01,C003626,VM-CMP-0015,2,901.59,0.05,PLN
SO-2024-000052,2,2024-01-03,2024-01-03,PL-WAW-01,C003626,VM-APP-0001,3,450.79,0.3,PLN
SO-2024-000053,1,2024-01-03,2024-01-03,PL-WAW-01,C005888,VM-APP-0011,1,401.79,0.0,PLN
SO-2024-000053,2,2024-01-03,2024-01-03,PL-WAW-01,C005888,VM-CMP-0002,1,548.79,0.0,PLN
SO-2024-000053,3,2024-01-03,2024-01-03,PL-WAW-01,C005888,VM-CMP-0017,1,489.99,0.0,PLN
SO-2024-000053,4,2024-01-03,2024-01-03,PL-WAW-01,C005888,VM-CMP-0019,3,205.79,0.0,PLN
SO-2024-000054,1,2024-01-03,2024-01-03,PL-WAW-02,C004081,VM-BIK-0001,1,13416.19,0.0,PLN
SO-2024-000054,2,2024-01-03,2024-01-03,PL-WAW-02,C004081,VM-ACC-0006,1,930.99,0.0,PLN
SO-2024-000054,3,2024-01-03,2024-01-03,PL-WAW-02,C004081,VM-ACC-0007,2,352.79,0.1,PLN
SO-2024-000054,4,2024-01-03,2024-01-03,PL-WAW-02,C004081,VM-ACC-0017,1,56.83,0.0,PLN
SO-2024-000055,1,2024-01-03,2024-01-03,PL-WAW-02,C004282,VM-ACC-0008,1,391.99,0.0,PLN
SO-2024-000055,2,2024-01-03,2024-01-03,PL-WAW-02,C004282,VM-CMP-0023,2,57.81,0.0,PLN
SO-2024-000055,3,2024-01-03,2024-01-03,PL-WAW-02,C004282,VM-APP-0010,1,166.59,0.3,PLN
SO-2024-000056,1,2024-01-03,2024-01-03,PL-WRO-01,,VM-APP-0008,2,156.79,0.0,PLN
SO-2024-000056,2,2024-01-03,2024-01-03,PL-WRO-01,,vm-app-0013,1,431.19,0.3,PLN
SO-2024-000057,1,2024-01-03,2024-01-03,PL-WRO-01,C006565,VM-CMP-0001,2,391.99,0.0,PLN
SO-2024-000058,1,2024-01-03,2024-01-03,PL-GDN-01,C006171,VM-CMP-0009,1,342.99,0.0,PLN
SO-2024-000058,2,2024-01-03,2024-01-03,PL-GDN-01,C006171,VM-APP-0010,2,166.59,0.3,PLN
SO-2024-000059,1,2024-01-03,2024-01-03,PL-POZ-01,C006566,VM-APP-0007,1,156.79,0.0,PLN
SO-2024-000059,2,2024-01-03,2024-01-03,PL-POZ-01,C006566,VM-ACC-0019,2,48.99,0.0,PLN
SO-2024-000059,3,2024-01-03,2024-01-03,PL-POZ-01,C006566,VM-ACC-0014,1,107.79,0.0,PLN
SO-2024-000060,1,2024-01-03,2024-01-03,PL-POZ-01,,VM-CMP-0020,4,254.79,0.0,PLN
SO-2024-000061,1,2024-01-03,2024-01-03,PL-POZ-01,C005840,VM-ACC-0014,1,107.79,0.0,PLN
SO-2024-000062,1,2024-01-03,2024-01-04,PL-WEB-01,C005917,VM-ACC-0008,1,391.99,0.0,PLN
SO-2024-000063,1,2024-01-03,2024-01-06,PL-WEB-01,C000624,VM-ACC-0001,1,372.39,0.05,PLN
SO-2024-000064,1,2024-01-03,2024-01-06,PL-WEB-01,C006567,VM-APP-0001,3,450.79,0.3,PLN
SO-2024-000064,2,2024-01-03,2024-01-06,PL-WEB-01,C006567,VM-NUT-0009,3,83.29,0.0,PLN
SO-2024-000064,3,2024-01-03,2024-01-06,PL-WEB-01,C006567, VM-ACC-0008 ,1,391.99,0.0,PLN
SO-2024-000065,1,2024-01-03,2024-01-07,PL-MKT-01,C006231,VM-CMP-0001,2,391.99,0.0,PLN
SO-2024-000066,1,2024-01-03,2024-01-05,PL-MKT-01,C005076,VM-NUT-0003,4,10.77,0.0,PLN
SO-2024-000067,1,2024-01-03,2024-01-07,PL-MKT-01,C006568,VM-APP-0001,2,450.79,0.0,PLN
SO-2024-000068,1,2024-01-03,2024-01-04,PL-MKT-01,C006569,VM-ACC-0017,2,56.83,0.0,PLN
SO-2024-000068,2,2024-01-03,2024-01-04,PL-MKT-01,C006569,VM-BIK-0013,1,4703.99,0.05,PLN
SO-2024-000069,1,2024-01-03,2024-01-04,PL-MKT-01,C006570,VM-BIK-0020,1,1185.79,0.05,PLN
SO-2024-000069,2,2024-01-03,2024-01-04,PL-MKT-01,C006570,VM-ACC-0008,2,391.99,0.1,PLN
SO-2024-000070,1,2024-01-03,2024-01-04,CZ-WEB-01,C003590,VM-NUT-0002,6,79.0,0.05,CZK
SO-2024-000070,2,2024-01-03,2024-01-04,CZ-WEB-01,C003590,VM-NUT-0010,4,183.0,0.05,CZK
SO-2024-000070,3,2024-01-03,2024-01-04,CZ-WEB-01,C003590,VM-BIK-0009,1,29573.0,0.05,CZK
SO-2024-000071,1,2024-01-03,2024-01-04,CZ-WEB-01,C006571,VM-APP-0012,1,4562.0,0.0,CZK
SO-2024-000072,1,2024-01-03,2024-01-07,CZ-WEB-01,C002573,VM-NUT-0004,9,37.0,0.0,CZK
SO-2024-000073,1,2024-01-03,2024-01-03,DE-BER-01,,VM-ACC-0021,1,173.13,0.0,EUR
SO-2024-000074,1,2024-01-04,2024-01-04,PL-WAW-01,C001619,VM-BIK-0018,1,2351.99,0.05,PLN
SO-2024-000074,2,2024-01-04,2024-01-04,PL-WAW-01,C001619,VM-ACC-0014,1,107.79,0.1,PLN
SO-2024-000074,3,2024-01-04,2024-01-04,PL-WAW-01,C001619,VM-ACC-0007,2,352.79,0.05,PLN
SO-2024-000074,4,2024-01-04,2024-01-04,PL-WAW-01,C001619,VM-ACC-0017,3,56.83,0.05,PLN
SO-2024-000075,1,2024-01-04,2024-01-04,PL-WAW-01,C005228,VM-ACC-0008,1,391.99,0.0,PLN
SO-2024-000076,1,2024-01-04,2024-01-04,PL-WAW-01,C006051,VM-ACC-0008,1,391.99,0.0,PLN
SO-2024-000077,1,2024-01-04,2024-01-04,PL-WAW-01,C003334,VM-NUT-0003,11,10.77,0.0,PLN
SO-2024-000078,1,2024-01-04,2024-01-04,PL-WAW-01,C006572,VM-NUT-0007,15,12.73,0.08,PLN
SO-2024-000078,2,2024-01-04,2024-01-04,PL-WAW-01,C006572,VM-EBK-0008,5,14797.99,0.08,PLN
SO-2024-000078,3,2024-01-04,2024-01-04,PL-WAW-01,C006572,VM-EBK-0003,2,8908.19,0.12,PLN
SO-2024-000079,1,2024-01-04,2024-01-04,PL-WAW-01,C006573,VM-ACC-0006,2,930.99,0.1,PLN
SO-2024-000079,2,2024-01-04,2024-01-04,PL-WAW-01,C006573,VM-NUT-0001,8,8.81,0.0,PLN
SO-2024-000079,3,2024-01-04,2024-01-04,PL-WAW-01,C006573,VM-APP-0013,1,431.19,0.0,PLN
SO-2024-000080,1,2024-01-04,2024-01-04,PL-WAW-01,C001580,VM-BIK-0004,1,4184.59,0.0,PLN
SO-2024-000080,2,2024-01-04,2024-01-04,PL-WAW-01,C001580,vm-acc-0008,2,391.99,0.0,PLN
SO-2024-000081,1,2024-01-04,2024-01-04,PL-WAW-02,C006574,VM-BIK-0007,1,6908.99,0.0,PLN
SO-2024-000082,1,2024-01-04,2024-01-04,PL-WAW-02,C003087,VM-ACC-0002,2,597.79,0.0,PLN
SO-2024-000083,1,2024-01-04,2024-01-04,PL-WAW-02,C006575,VM-ACC-0007,2,352.79,0.0,PLN
SO-2024-000083,2,2024-01-04,2024-01-04,PL-WAW-02,C006575,VM-NUT-0004,6,6.85,0.0,PLN
SO-2024-000084,1,2024-01-04,2024-01-04,PL-WRO-01,,VM-APP-0017,1,186.19,0.0,PLN
SO-2024-000084,2,2024-01-04,2024-01-04,PL-WRO-01,,VM-APP-0015,1,558.59,0.3,PLN
SO-2024-000085,1,2024-01-04,2024-01-04,PL-WRO-01,C004707,vm-cmp-0020,1,254.79,0.0,PLN
SO-2024-000086,1,2024-01-04,2024-01-04,PL-GDN-01,C003153,VM-CMP-0002,1,548.79,0.0,PLN
SO-2024-000087,1,2024-01-04,2024-01-04,PL-POZ-01,C001952,VM-APP-0020,2,176.39,0.0,PLN
SO-2024-000088,1,2024-01-04,2024-01-04,PL-POZ-01,C005845,VM-ACC-0017,1,56.83,0.0,PLN
SO-2024-000088,2,2024-01-04,2024-01-04,PL-POZ-01,C005845,VM-APP-0010,1,166.59,0.0,PLN
SO-2024-000089,1,2024-01-04,2024-01-04,PL-POZ-01,,VM-BIK-0008,1,5203.79,0.0,PLN
SO-2024-000089,2,2024-01-04,2024-01-04,PL-POZ-01,,VM-APP-0006,3,303.79,0.0,PLN
SO-2024-000090,1,2024-01-04,2024-01-06,PL-WEB-01,C001757,VM-BIK-0012,1,11573.79,0.05,PLN
SO-2024-000090,2,2024-01-04,2024-01-06,PL-WEB-01,C001757,VM-ACC-0004,2,764.39,0.05,PLN
SO-2024-000090,3,2024-01-04,2024-01-06,PL-WEB-01,C001757,VM-ACC-0008,2,391.99,0.05,PLN
SO-2024-000091,1,2024-01-04,2024-01-05,PL-WEB-01,C002847,VM-EBK-0007,1,14405.99,0.0,PLN
SO-2024-000092,1,2024-01-04,2024-01-08,PL-WEB-01,C004292,VM-BIK-0012,1,11573.79,0.0,PLN
SO-2024-000093,1,2024-01-04,2024-01-06,PL-WEB-01,C006576,VM-CMP-0017,2,489.99,0.0,PLN
SO-2024-000094,1,2024-01-04,2024-01-05,PL-WEB-01,C006577,VM-APP-0006,1,303.79,0.3,PLN
SO-2024-000095,1,2024-01-04,2024-01-05,PL-WEB-01,C004024,VM-NUT-0006,9,9.79,0.0,PLN
SO-2024-000096,1,2024-01-04,2024-01-07,PL-MKT-01,C006578,VM-APP-0001,3,450.79,0.3,PLN
SO-2024-000097,1,2024-01-04,2024-01-04,CZ-PRG-01,C006579,VM-NUT-0005,11,47.0,0.0,CZK
SO-2024-000097,2,2024-01-04,2024-01-04,CZ-PRG-01,C006579,VM-CMP-0019,1,1101.0,0.0,CZK
SO-2024-000098,1,2024-01-04,2024-01-06,CZ-WEB-01,C005669,VM-CMP-0008,2,2307.0,0.12,CZK
SO-2024-000099,1,2024-01-04,2024-01-08,CZ-WEB-01,C006580,VM-ACC-0008,1,2097.0,0.0,CZK
SO-2024-000099,2,2024-01-04,2024-01-08,CZ-WEB-01,C006580,VM-CMP-0001,2,2097.0,0.0,CZK
SO-2024-000100,1,2024-01-04,2024-01-07,CZ-WEB-01,C003592,VM-APP-0002,3,2307.0,0.3,CZK
SO-2024-000100,2,2024-01-04,2024-01-07,CZ-WEB-01,C003592,VM-APP-0001,2,2412.0,0.3,CZK
SO-2024-000100,3,2024-01-04,2024-01-07,CZ-WEB-01,C003592,VM-BIK-0007,1,36966.0,0.0,CZK
SO-2024-000101,1,2024-01-04,2024-01-04,DE-BER-01,C006581,VM-NUT-0003,6,2.44,0.0,EUR
SO-2024-000101,2,2024-01-04,2024-01-04,DE-BER-01,C006581,VM-APP-0016,1,135.4,0.0,EUR
SO-2024-000102,1,2024-01-05,2024-01-05,PL-WAW-01,C001782,VM-APP-0008,1,156.79,0.0,PLN
SO-2024-000103,1,2024-01-05,2024-01-05,PL-WAW-01,,VM-NUT-0010,4,34.29,0.0,PLN
SO-2024-000103,2,2024-01-05,2024-01-05,PL-WAW-01,,VM-APP-0002,2,431.19,0.3,PLN
SO-2024-000104,1,2024-01-05,2024-01-05,PL-WAW-01,,VM-APP-0014,1,480.19,0.0,PLN
SO-2024-000104,2,2024-01-05,2024-01-05,PL-WAW-01,,VM-CMP-0004,1,705.59,0.0,PLN
SO-2024-000104,3,2024-01-05,2024-01-05,PL-WAW-01,,VM-ACC-0004,2,764.39,0.0,PLN
SO-2024-000105,1,2024-01-05,2024-01-05,PL-WAW-01,C006582,VM-APP-0002,1,431.19,0.3,PLN
SO-2024-000105,2,2024-01-05,2024-01-05,PL-WAW-01,C006582,VM-BIK-0004,1,4184.59,0.0,PLN
SO-2024-000106,1,2024-01-05,2024-01-05,PL-WAW-02,C006583,VM-NUT-0009,2,83.29,0.0,PLN
SO-2024-000107,1,2024-01-05,2024-01-05,PL-WAW-02,,VM-APP-0002,1,431.19,0.3,PLN
SO-2024-000107,2,2024-01-05,2024-01-05,PL-WAW-02,,VM-APP-0011,1,401.79,0.0,PLN
SO-2024-000108,1,2024-01-05,2024-01-05,PL-WAW-02,C002822,VM-CMP-0020,4,254.79,0.0,PLN
SO-2024-000108,2,2024-01-05,2024-01-05,PL-WAW-02,C002822,VM-BIK-0007,1,6908.99,0.0,PLN
SO-2024-000108,3,2024-01-05,2024-01-05,PL-WAW-02,C002822,VM-BIK-0009,1,5527.19,0.0,PLN
SO-2024-000108,4,2024-01-05,2024-01-05,PL-WAW-02,C002822,VM-EBK-0001,1,7516.59,0.0,PLN
SO-2024-000109,1,2024-01-05,2024-01-05,PL-KRK-01,C006584,VM-CMP-0001,2,391.99,0.0,PLN
SO-2024-000109,2,2024-01-05,2024-01-05,PL-KRK-01,C006584,VM-ACC-0008,2,391.99,0.0,PLN
SO-2024-000110,1,2024-01-05,2024-01-05,PL-WRO-01,,VM-BIK-0022,1,1371.99,0.0,PLN
SO-2024-000111,1,2024-01-05,2024-01-05,PL-WRO-01,C006585,VM-APP-0001,2,450.79,0.0,PLN
SO-2024-000111,2,2024-01-05,2024-01-05,PL-WRO-01,C006585,VM-NUT-0005,6,8.81,0.0,PLN
SO-2024-000112,1,2024-01-05,2024-01-05,PL-GDN-01,C004910,VM-CMP-0021,4,47.03,0.0,PLN
SO-2024-000113,1,2024-01-05,2024-01-05,PL-GDN-01,C006586,VM-EBK-0003,1,8908.19,0.0,PLN
SO-2024-000113,2,2024-01-05,2024-01-05,PL-GDN-01,C006586,VM-ACC-0014,1,107.79,0.0,PLN
SO-2024-000113,3,2024-01-05,2024-01-05,PL-GDN-01,C006586,VM-APP-0010,1,166.59,0.3,PLN
SO-2024-000114,1,2024-01-05,2024-01-09,PL-WEB-01,C001485,VM-ACC-0022,1,1538.59,0.0,PLN
SO-2024-000114,2,2024-01-05,2024-01-09,PL-WEB-01,C001485,VM-CMP-0023,2,57.81,0.0,PLN
SO-2024-000115,1,2024-01-05,2024-01-06,PL-WEB-01,C005339,VM-ACC-0007,2,352.79,0.05,PLN
SO-2024-000115,2,2024-01-05,2024-01-06,PL-WEB-01,C005339,VM-CMP-0009,2,342.99,0.05,PLN
SO-2024-000116,1,2024-01-05,2024-01-09,PL-WEB-01,C006587,VM-CMP-0015,4,901.59,0.1,PLN
SO-2024-000117,1,2024-01-05,2024-01-06,PL-WEB-01,C005118,VM-BIK-0013,1,4703.99,0.0,PLN
SO-2024-000118,1,2024-01-05,2024-01-09,PL-WEB-01,C006588,VM-BIK-0020,1,1185.79,0.0,PLN
SO-2024-000118,2,2024-01-05,2024-01-09,PL-WEB-01,C006588,VM-ACC-0014,1,107.79,0.05,PLN
SO-2024-000119,1,2024-01-05,2024-01-08,PL-WEB-01,C004036,VM-APP-0010,1,166.59,0.0,PLN
SO-2024-000119,2,2024-01-05,2024-01-08,PL-WEB-01,C004036,VM-EBK-0003,1,8908.19,0.0,PLN
SO-2024-000119,3,2024-01-05,2024-01-08,PL-WEB-01,C004036,VM-NUT-0002,7,14.69,0.0,PLN
SO-2024-000119,4,2024-01-05,2024-01-08,PL-WEB-01,C004036,vm-nut-0009,2,83.29,0.0,PLN
SO-2024-000120,1,2024-01-05,2024-01-09,PL-MKT-01,C006589,VM-BIK-0017,1,1871.79,0.0,PLN
SO-2024-000120,2,2024-01-05,2024-01-09,PL-MKT-01,C006589,VM-APP-0013,1,431.19,0.3,PLN
SO-2024-000121,1,2024-01-05,2024-01-05,CZ-PRG-01,C004283,VM-NUT-0002,4,79.0,0.05,CZK
SO-2024-000121,2,2024-01-05,2024-01-05,CZ-PRG-01,C004283,VM-APP-0002,2,2307.0,0.3,CZK
SO-2024-000121,3,2024-01-05,2024-01-05,CZ-PRG-01,C004283,VM-NUT-0004,14,37.0,0.05,CZK
SO-2024-000122,1,2024-01-05,2024-01-05,CZ-PRG-01,C006590, VM-CMP-0019 ,4,1101.0,0.0,CZK
SO-2024-000123,1,2024-01-05,2024-01-07,CZ-WEB-01,C006591,VM-ACC-0008,2,2097.0,0.05,CZK
SO-2024-000123,2,2024-01-05,2024-01-07,CZ-WEB-01,C006591,VM-APP-0013,1,2307.0,0.3,CZK
SO-2024-000124,1,2024-01-05,2024-01-09,CZ-WEB-01,C001694,VM-ACC-0018,3,262.0,0.0,CZK
SO-2024-000124,2,2024-01-05,2024-01-09,CZ-WEB-01,C001694,VM-ACC-0008,1,2097.0,0.0,CZK
SO-2024-000125,1,2024-01-05,2024-01-07,DE-WEB-01,C006416,VM-ACC-0018,2,11.1,0.1,EUR
SO-2024-000125,2,2024-01-05,2024-01-07,DE-WEB-01,C006416,VM-NUT-0003,12,2.44,0.12,EUR
SO-2024-000126,1,2024-01-06,2024-01-06,PL-WAW-01,,VM-NUT-0006,9,9.79,0.0,PLN
SO-2024-000127,1,2024-01-06,2024-01-06,PL-WAW-01,C004289,VM-APP-0012,1,852.59,0.3,PLN
SO-2024-000127,2,2024-01-06,2024-01-06,PL-WAW-01,C004289,VM-NUT-0001,15,8.81,0.0,PLN
SO-2024-000127,3,2024-01-06,2024-01-06,PL-WAW-01,C004289,VM-APP-0006,3,303.79,0.3,PLN
SO-2024-000128,1,2024-01-06,2024-01-06,PL-WAW-01,C006592,VM-ACC-0011,1,70.55,0.0,PLN
SO-2024-000129,1,2024-01-06,2024-01-06,PL-WAW-01,C006593,VM-ACC-0021,1,764.39,0.0,PLN
SO-2024-000129,2,2024-01-06,2024-01-06,PL-WAW-01,C006593,VM-ACC-0008,2,391.99,0.0,PLN
SO-2024-000130,1,2024-01-06,2024-01-06,PL-WAW-01,,VM-CMP-0013,1,519.39,0.05,PLN
SO-2024-000131,1,2024-01-06,2024-01-06,PL-WAW-02,,vm-nut-0004,12,6.85,0.0,PLN
SO-2024-000132,1,2024-01-06,2024-01-06,PL-WAW-02,,VM-CMP-0013,2,519.39,0.1,PLN
SO-2024-000132,2,2024-01-06,2024-01-06,PL-WAW-02,,VM-CMP-0020,4,254.79,0.0,PLN
SO-2024-000132,3,2024-01-06,2024-01-06,PL-WAW-02,,VM-ACC-0011,1,70.55,0.0,PLN
SO-2024-000133,1,2024-01-06,2024-01-06,PL-KRK-01,C006594,VM-CMP-0002,2,548.79,0.0,PLN
SO-2024-000134,1,2024-01-06,2024-01-06,PL-KRK-01,,VM-ACC-0019,3,48.99,0.0,PLN
SO-2024-000134,2,2024-01-06,2024-01-06,PL-KRK-01,,VM-APP-0019,1,64.67,0.3,PLN
SO-2024-000135,1,2024-01-06,2024-01-06,PL-KRK-01,,VM-APP-0001,3,450.79,0.3,PLN
SO-2024-000136,1,2024-01-06,2024-01-06,PL-WRO-01,,VM-ACC-0017,3,56.83,0.0,PLN
SO-2024-000136,2,2024-01-06,2024-01-06,PL-WRO-01,,VM-CMP-0006,1,195.99,0.0,PLN
SO-2024-000137,1,2024-01-06,2024-01-06,PL-WRO-01,,VM-ACC-0008,2,391.99,0.0,PLN
SO-2024-000137,2,2024-01-06,2024-01-06,PL-WRO-01,,VM-ACC-0007,2,352.79,0.0,PLN
SO-2024-000137,3,2024-01-06,2024-01-06,PL-WRO-01,,VM-CMP-0009,2,342.99,0.0,PLN
SO-2024-000137,4,2024-01-06,2024-01-06,PL-WRO-01,,VM-APP-0010,2,166.59,0.0,PLN
SO-2024-000138,1,2024-01-06,2024-01-06,PL-WRO-01,C004208,VM-APP-0008,2,156.79,0.3,PLN
SO-2024-000139,1,2024-01-06,2024-01-06,PL-WRO-01,,VM-CMP-0019,3,205.79,0.0,PLN
SO-2024-000139,2,2024-01-06,2024-01-06,PL-WRO-01,,VM-APP-0007,1,156.79,0.3,PLN
SO-2024-000140,1,2024-01-06,2024-01-06,PL-GDN-01,,VM-ACC-0002,1,597.79,0.0,PLN
SO-2024-000141,1,2024-01-06,2024-01-06,PL-GDN-01,C002812,VM-CMP-0015,8,901.59,0.1,PLN
SO-2024-000141,2,2024-01-06,2024-01-06,PL-GDN-01,C002812,VM-APP-0002,9,431.19,0.3,PLN
SO-2024-000141,3,2024-01-06,2024-01-06,PL-GDN-01,C002812,VM-APP-0018,5,127.39,0.08,PLN
SO-2024-000141,4,2024-01-06,2024-01-06,PL-GDN-01,C002812,VM-ACC-0019,4,48.99,0.12,PLN
SO-2024-000142,1,2024-01-06,2024-01-06,PL-GDN-01,,VM-ACC-0008,2,391.99,0.0,PLN
SO-2024-000142,2,2024-01-06,2024-01-06,PL-GDN-01,,VM-APP-0017,1,186.19,0.3,PLN
SO-2024-000142,3,2024-01-06,2024-01-06,PL-GDN-01,,VM-EBK-0001,1,7516.59,0.0,PLN
SO-2024-000143,1,2024-01-06,2024-01-06,PL-GDN-01,C004823,VM-APP-0010,2,166.59,0.3,PLN
SO-2024-000143,2,2024-01-06,2024-01-06,PL-GDN-01,C004823,VM-BIK-0012,1,11573.79,0.05,PLN
SO-2024-000143,3,2024-01-06,2024-01-06,PL-GDN-01,C004823,VM-CMP-0020,4,254.79,0.05,PLN
SO-2024-000144,1,2024-01-06,2024-01-06,PL-POZ-01,C005666,VM-ACC-0002,2,597.79,0.05,PLN
SO-2024-000145,1,2024-01-06,2024-01-07,PL-WEB-01,C006283,VM-ACC-0014,1,107.79,0.0,PLN
SO-2024-000145,2,2024-01-06,2024-01-07,PL-WEB-01,C006283,VM-APP-0017,2,186.19,0.3,PLN
SO-2024-000146,1,2024-01-06,2024-01-07,PL-WEB-01,C006595,VM-NUT-0009,3,83.29,0.0,PLN
SO-2024-000146,2,2024-01-06,2024-01-07,PL-WEB-01,C006595,VM-CMP-0013,2,519.39,0.0,PLN
SO-2024-000147,1,2024-01-06,2024-01-08,PL-WEB-01,C005653,VM-ACC-0022,1,1538.59,0.0,PLN
SO-2024-000148,1,2024-01-06,2024-01-10,PL-WEB-01,C006596,VM-ACC-0008,2,391.99,0.0,PLN
SO-2024-000148,2,2024-01-06,2024-01-10,PL-WEB-01,C006596,VM-CMP-0021,2,47.03,0.0,PLN
SO-2024-000149,1,2024-01-06,2024-01-10,PL-WEB-01,C002791,VM-BIK-0009,1,5527.19,0.05,PLN
SO-2024-000150,1,2024-01-06,2024-01-09,PL-WEB-01,C006597,VM-APP-0017,1,186.19,0.3,PLN
SO-2024-000151,1,2024-01-06,2024-01-08,PL-WEB-01,C006598,VM-ACC-0018,2,48.99,0.0,PLN
SO-2024-000152,1,2024-01-06,2024-01-10,PL-MKT-01,C006599,VM-ACC-0014,1,107.79,0.0,PLN
SO-2024-000152,2,2024-01-06,2024-01-10,PL-MKT-01,C006599,VM-NUT-0003,10,10.77,0.0,PLN
SO-2024-000152,3,2024-01-06,2024-01-10,PL-MKT-01,C006599,VM-ACC-0013,1,166.59,0.0,PLN
SO-2024-000153,1,2024-01-06,2024-01-07,PL-MKT-01,C006600,VM-BIK-0009,1,5527.19,0.0,PLN
SO-2024-000154,1,2024-01-06,2024-01-07,PL-MKT-01,C006601,VM-CMP-0013,2,519.39,0.0,PLN
SO-2024-000155,1,2024-01-06,2024-01-06,CZ-PRG-01,,VM-APP-0006,2,1625.0,0.3,CZK
SO-2024-000155,2,2024-01-06,2024-01-06,CZ-PRG-01,,VM-NUT-0006,9,52.0,0.0,CZK
SO-2024-000156,1,2024-01-06,2024-01-06,CZ-PRG-01,C000806,VM-APP-0002,3,2307.0,0.0,CZK
SO-2024-000156,2,2024-01-06,2024-01-06,CZ-PRG-01,C000806,VM-CMP-0015,1,4824.0,0.0,CZK
SO-2024-000156,3,2024-01-06,2024-01-06,CZ-PRG-01,C000806,VM-ACC-0020,1,4247.0,0.0,CZK
SO-2024-000157,1,2024-01-06,2024-01-06,CZ-PRG-01,,VM-NUT-0004,10,37.0,0.0,CZK
SO-2024-000158,1,2024-01-06,2024-01-08,DE-WEB-01,C006602,VM-EBK-0002,1,2208.6,0.0,EUR
SO-2024-000158,2,2024-01-06,2024-01-08,DE-WEB-01,C006602,VM-ACC-0018,3,11.1,0.0,EUR
SO-2024-000159,1,2024-01-06,2024-01-07,DE-WEB-01,C006603, VM-ACC-0020 ,1,179.79,0.0,EUR
SO-2024-000160,1,2024-01-06,2024-01-10,DE-WEB-01,C006604,VM-NUT-0011,3,11.98,0.0,EUR
SO-2024-000160,2,2024-01-06,2024-01-10,DE-WEB-01,C006604,VM-NUT-0004,7,1.55,0.0,EUR
SO-2024-000161,1,2024-01-06,2024-01-07,DE-WEB-01,C006605,VM-APP-0013,1,97.66,0.0,EUR
SO-2024-000161,2,2024-01-06,2024-01-07,DE-WEB-01,C006605,VM-NUT-0004,15,1.55,0.0,EUR
SO-2024-000161,3,2024-01-06,2024-01-07,DE-WEB-01,C006605,VM-NUT-0003,12,2.44,0.0,EUR
SO-2024-000161,4,2024-01-06,2024-01-07,DE-WEB-01,C006605,VM-CMP-0012,2,119.86,0.0,EUR
SO-2024-000162,1,2024-01-07,2024-01-10,PL-WEB-01,C006606,VM-ACC-0007,2,352.79,0.0,PLN
SO-2024-000163,1,2024-01-07,2024-01-10,PL-WEB-01,C006607,VM-NUT-0005,6,8.81,0.0,PLN
SO-2024-000163,2,2024-01-07,2024-01-10,PL-WEB-01,C006607,VM-CMP-0014,2,421.39,0.0,PLN
SO-2024-000163,3,2024-01-07,2024-01-10,PL-WEB-01,C006607,VM-CMP-0007,2,617.39,0.0,PLN
SO-2024-000164,1,2024-01-07,2024-01-09,PL-WEB-01,C003602,VM-BIK-0009,1,5527.19,0.05,PLN
SO-2024-000164,2,2024-01-07,2024-01-09,PL-WEB-01,C003602,VM-APP-0010,2,166.59,0.3,PLN
SO-2024-000164,3,2024-01-07,2024-01-09,PL-WEB-01,C003602,VM-CMP-0015,1,901.59,0.05,PLN
SO-2024-000165,1,2024-01-07,2024-01-11,PL-WEB-01,C006608,VM-ACC-0018,1,48.99,0.0,PLN
SO-2024-000166,1,2024-01-07,2024-01-09,PL-MKT-01,C006609,VM-CMP-0009,2,342.99,0.0,PLN
SO-2024-000166,2,2024-01-07,2024-01-09,PL-MKT-01,C006609,VM-BIK-0009,1,5527.19,0.0,PLN
SO-2024-000166,3,2024-01-07,2024-01-09,PL-MKT-01,C006609,VM-NUT-0006,4,9.79,0.0,PLN
SO-2024-000167,1,2024-01-07,2024-01-11,PL-MKT-01,C005905,VM-NUT-0004,3,6.85,0.05,PLN
SO-2024-000168,1,2024-01-07,2024-01-09,PL-MKT-01,C004138,VM-CMP-0006,1,195.99,0.05,PLN
SO-2024-000169,1,2024-01-07,2024-01-09,CZ-WEB-01,C003164,VM-APP-0020,2,944.0,0.3,CZK
SO-2024-000169,2,2024-01-07,2024-01-09,CZ-WEB-01,C003164,VM-NUT-0006,7,52.0,0.05,CZK
SO-2024-000169,3,2024-01-07,2024-01-09,CZ-WEB-01,C003164,VM-ACC-0003,1,1521.0,0.05,CZK
SO-2024-000169,4,2024-01-07,2024-01-09,CZ-WEB-01,C003164,VM-ACC-0008,2,2097.0,0.05,CZK
SO-2024-000170,1,2024-01-07,2024-01-09,CZ-WEB-01,C006610,VM-APP-0016,1,3198.0,0.0,CZK
SO-2024-000171,1,2024-01-07,2024-01-09,DE-WEB-01,C004762,VM-NUT-0006,10,2.22,0.0,EUR
SO-2024-000172,1,2024-01-07,2024-01-09,DE-WEB-01,C006611,VM-CMP-0013,2,117.64,0.0,EUR
SO-2024-000173,1,2024-01-08,2024-01-08,PL-WAW-01,C006612,vm-nut-0002,13,14.69,0.0,PLN
SO-2024-000173,2,2024-01-08,2024-01-08,PL-WAW-01,C006612,VM-APP-0008,2,156.79,0.3,PLN
SO-2024-000173,3,2024-01-08,2024-01-08,PL-WAW-01,C006612,VM-NUT-0009,4,83.29,0.0,PLN
SO-2024-000174,1,2024-01-08,2024-01-08,PL-WAW-01,,VM-CMP-0023,2,57.81,0.05,PLN
SO-2024-000174,2,2024-01-08,2024-01-08,PL-WAW-01,,VM-APP-0009,1,342.99,0.3,PLN
SO-2024-000175,1,2024-01-08,2024-01-08,PL-WAW-02,C006613,VM-ACC-0018,1,48.99,0.0,PLN
SO-2024-000176,1,2024-01-08,2024-01-08,PL-KRK-01,C001155,VM-NUT-0002,3,14.69,0.05,PLN
SO-2024-000176,2,2024-01-08,2024-01-08,PL-KRK-01,C001155,VM-NUT-0004,9,6.85,0.05,PLN
SO-2024-000176,3,2024-01-08,2024-01-08,PL-KRK-01,C001155,VM-ACC-0008,1,391.99,0.05,PLN
SO-2024-000176,4,2024-01-08,2024-01-08,PL-KRK-01,C001155,VM-ACC-0005,1,176.39,0.05,PLN
SO-2024-000177,1,2024-01-08,2024-01-08,PL-KRK-01,C006614,VM-ACC-0019,3,48.99,0.0,PLN
SO-2024-000178,1,2024-01-08,2024-01-08,PL-GDN-01,,VM-NUT-0010,3,34.29,0.0,PLN
SO-2024-000178,2,2024-01-08,2024-01-08,PL-GDN-01,,VM-APP-0019,2,64.67,0.0,PLN
SO-2024-000178,3,2024-01-08,2024-01-08,PL-GDN-01,,VM-ACC-0021,1,764.39,0.0,PLN
SO-2024-000179,1,2024-01-08,2024-01-08,PL-GDN-01,,VM-EBK-0008,1,14797.99,0.0,PLN
SO-2024-000180,1,2024-01-08,2024-01-08,PL-POZ-01,,VM-BIK-0007,1,6908.99,0.0,PLN
SO-2024-000180,2,2024-01-08,2024-01-08,PL-POZ-01,,VM-CMP-0006,2,195.99,0.0,PLN
SO-2024-000181,1,2024-01-08,2024-01-08,PL-POZ-01,C004483,VM-NUT-0006,4,9.79,0.05,PLN
SO-2024-000182,1,2024-01-08,2024-01-10,PL-WEB-01,C006615,VM-ACC-0009,2,391.99,0.05,PLN
SO-2024-000182,2,2024-01-08,2024-01-10,PL-WEB-01,C006615,VM-CMP-0006,2,195.99,0.05,PLN
SO-2024-000182,3,2024-01-08,2024-01-10,PL-WEB-01,C006615,VM-BIK-0018,1,2351.99,0.05,PLN
SO-2024-000183,1,2024-01-08,2024-01-09,PL-WEB-01,C001126,VM-ACC-0012,2,70.55,0.1,PLN
SO-2024-000183,2,2024-01-08,2024-01-09,PL-WEB-01,C001126,VM-EBK-0002,3,9750.99,0.1,PLN
SO-2024-000183,3,2024-01-08,2024-01-09,PL-WEB-01,C001126,VM-NUT-0006,30,9.79,0.1,PLN
SO-2024-000184,1,2024-01-08,2024-01-11,PL-WEB-01,C006616,VM-NUT-0007,11,12.73,0.0,PLN
SO-2024-000184,2,2024-01-08,2024-01-11,PL-WEB-01,C006616,VM-NUT-0006,11,9.79,0.0,PLN
SO-2024-000184,3,2024-01-08,2024-01-11,PL-WEB-01,C006616,VM-NUT-0004,4,6.85,0.05,PLN
SO-2024-000185,1,2024-01-08,2024-01-11,PL-WEB-01,C006617,VM-NUT-0011,3,52.91,0.0,PLN
SO-2024-000185,2,2024-01-08,2024-01-11,PL-WEB-01,C006617,VM-ACC-0020,1,793.79,0.0,PLN
SO-2024-000186,1,2024-01-08,2024-01-12,PL-WEB-01,C003109,vm-bik-0019,1,1185.79,0.0,PLN
SO-2024-000187,1,2024-01-08,2024-01-11,PL-WEB-01,C006618,VM-NUT-0001,7,8.81,0.05,PLN
SO-2024-000188,1,2024-01-08,2024-01-11,PL-MKT-01,C006619,VM-APP-0015,1,558.59,0.3,PLN
SO-2024-000189,1,2024-01-08,2024-01-12,PL-MKT-01,C004564,VM-APP-0010,2,166.59,0.3,PLN
SO-2024-000189,2,2024-01-08,2024-01-12,PL-MKT-01,C004564,VM-APP-0002,2,431.19,0.3,PLN
SO-2024-000190,1,2024-01-08,2024-01-10,PL-MKT-01,C004520,VM-ACC-0019,2,48.99,0.1,PLN
SO-2024-000191,1,2024-01-08,2024-01-08,CZ-PRG-01,C006620, VM-CMP-0013 ,1,2779.0,0.0,CZK
SO-2024-000191,2,2024-01-08,2024-01-08,CZ-PRG-01,C006620,VM-CMP-0016,2,12899.0,0.0,CZK
SO-2024-000192,1,2024-01-08,2024-01-08,CZ-PRG-01,C000375,VM-APP-0001,2,2412.0,0.3,CZK
SO-2024-000192,2,2024-01-08,2024-01-08,CZ-PRG-01,C000375,VM-APP-0006,3,1625.0,0.0,CZK
SO-2024-000193,1,2024-01-08,2024-01-08,CZ-PRG-01,C004373,VM-ACC-0021,1,4090.0,0.0,CZK
SO-2024-000193,2,2024-01-08,2024-01-08,CZ-PRG-01,C004373,VM-NUT-0009,2,446.0,0.0,CZK
SO-2024-000193,3,2024-01-08,2024-01-08,CZ-PRG-01,C004373,VM-NUT-0010,1,183.0,0.0,CZK
SO-2024-000193,4,2024-01-08,2024-01-08,CZ-PRG-01,C004373,VM-ACC-0018,3,262.0,0.0,CZK
SO-2024-000194,1,2024-01-08,2024-01-08,CZ-PRG-01,C002478,VM-APP-0005,2,944.0,0.3,CZK
SO-2024-000195,1,2024-01-08,2024-01-12,CZ-WEB-01,C002361,VM-NUT-0011,3,283.0,0.0,CZK
SO-2024-000196,1,2024-01-08,2024-01-11,CZ-WEB-01,C003143,VM-ACC-0008,2,2097.0,0.0,CZK
SO-2024-000197,1,2024-01-08,2024-01-08,DE-BER-01,,VM-CMP-0018,2,13.76,0.0,EUR
SO-2024-000198,1,2024-01-08,2024-01-08,DE-BER-01,,VM-ACC-0008,2,88.79,0.0,EUR
SO-2024-000199,1,2024-01-08,2024-01-08,DE-BER-01,C005825,VM-NUT-0009,1,18.87,0.0,EUR
SO-2024-000199,2,2024-01-08,2024-01-08,DE-BER-01,C005825,VM-CMP-0006,1,44.39,0.0,EUR
SO-2024-000199,3,2024-01-08,2024-01-08,DE-BER-01,C005825,VM-CMP-0020,1,57.71,0.0,EUR
SO-2024-000200,1,2024-01-08,2024-01-12,DE-WEB-01,C006621,VM-APP-0005,3,39.95,0.3,EUR
SO-2024-000200,2,2024-01-08,2024-01-12,DE-WEB-01,C006621,VM-CMP-0013,2,117.64,0.0,EUR
SO-2024-000201,1,2024-01-08,2024-01-10,DE-WEB-01,C004703,VM-APP-0020,1,39.95,0.05,EUR
SO-2024-000202,1,2024-01-08,2024-01-09,DE-WEB-01,C006622,VM-ACC-0017,3,12.87,0.0,EUR
SO-2024-000203,1,2024-01-09,2024-01-09,PL-WAW-01,, VM-CMP-0013 ,1,519.39,0.0,PLN
SO-2024-000203,2,2024-01-09,2024-01-09,PL-WAW-01,,VM-EBK-0002,1,9750.99,0.0,PLN
SO-2024-000204,1,2024-01-09,2024-01-09,PL-WAW-01,C005428,VM-APP-0004,1,235.19,0.3,PLN
SO-2024-000204,2,2024-01-09,2024-01-09,PL-WAW-01,C005428,vm-app-0002,1,431.19,0.3,PLN
SO-2024-000205,1,2024-01-09,2024-01-09,PL-WAW-02,C001961,VM-ACC-0007,1,352.79,0.0,PLN
SO-2024-000205,2,2024-01-09,2024-01-09,PL-WAW-02,C001961,VM-CMP-0013,2,519.39,0.0,PLN
SO-2024-000205,3,2024-01-09,2024-01-09,PL-WAW-02,C001961,VM-ACC-0015,1,342.99,0.0,PLN
SO-2024-000206,1,2024-01-09,2024-01-09,PL-WAW-02,C006623,VM-CMP-0004,2,705.59,0.0,PLN
SO-2024-000206,2,2024-01-09,2024-01-09,PL-WAW-02,C006623,VM-APP-0014,1,480.19,0.3,PLN
SO-2024-000206,3,2024-01-09,2024-01-09,PL-WAW-02,C006623,VM-ACC-0008,2,391.99,0.0,PLN
SO-2024-000207,1,2024-01-09,2024-01-09,PL-KRK-01,C006624,VM-NUT-0004,12,6.85,0.0,PLN
SO-2024-000207,2,2024-01-09,2024-01-09,PL-KRK-01,C006624,VM-NUT-0010,2,34.29,0.0,PLN
SO-2024-000208,1,2024-01-09,2024-01-09,PL-WRO-01,C004105,VM-BIK-0015,1,3028.19,0.0,PLN
SO-2024-000209,1,2024-01-09,2024-01-09,PL-GDN-01,C006625,VM-ACC-0017,1,56.83,0.0,PLN
SO-2024-000210,1,2024-01-09,2024-01-09,PL-GDN-01,C003989,VM-APP-0008,1,156.79,0.0,PLN
SO-2024-000211,1,2024-01-09,2024-01-09,PL-POZ-01,C004823,VM-ACC-0014,1,107.79,0.05,PLN
SO-2024-000212,1,2024-01-09,2024-01-09,PL-POZ-01,C003455,VM-CMP-0013,2,519.39,0.0,PLN
SO-2024-000212,2,2024-01-09,2024-01-09,PL-POZ-01,C003455,VM-ACC-0008,2,391.99,0.0,PLN
SO-2024-000212,3,2024-01-09,2024-01-09,PL-POZ-01,C003455,VM-NUT-0005,7,8.81,0.0,PLN
SO-2024-000212,4,2024-01-09,2024-01-09,PL-POZ-01,C003455,VM-BIK-0020,1,1185.79,0.0,PLN
SO-2024-000213,1,2024-01-09,2024-01-11,PL-WEB-01,C004440,VM-ACC-0008,6,391.99,0.08,PLN
SO-2024-000213,2,2024-01-09,2024-01-11,PL-WEB-01,C004440,VM-NUT-0009,6,83.29,0.08,PLN
SO-2024-000213,3,2024-01-09,2024-01-11,PL-WEB-01,C004440,VM-NUT-0006,40,9.79,0.08,PLN
SO-2024-000214,1,2024-01-09,2024-01-11,PL-WEB-01,C001089,VM-APP-0002,3,431.19,0.3,PLN
SO-2024-000214,2,2024-01-09,2024-01-11,PL-WEB-01,C001089,VM-APP-0013,1,431.19,0.3,PLN
SO-2024-000215,1,2024-01-09,2024-01-13,PL-WEB-01,C001935,VM-APP-0018,2,127.39,0.0,PLN
SO-2024-000215,2,2024-01-09,2024-01-13,PL-WEB-01,C001935,VM-CMP-0006,2,195.99,0.0,PLN
SO-2024-000215,3,2024-01-09,2024-01-13,PL-WEB-01,C001935,VM-NUT-0003,8,10.77,0.0,PLN
SO-2024-000216,1,2024-01-09,2024-01-10,PL-WEB-01,C006136,VM-APP-0007,2,156.79,0.3,PLN
SO-2024-000217,1,2024-01-09,2024-01-12,PL-WEB-01,C004799,VM-ACC-0018,3,48.99,0.0,PLN
SO-2024-000218,1,2024-01-09,2024-01-10,PL-WEB-01,C006626,VM-APP-0020,1,176.39,0.0,PLN
SO-2024-000219,1,2024-01-09,2024-01-13,PL-MKT-01,C006627,VM-CMP-0011,1,156.79,0.0,PLN
SO-2024-000220,1,2024-01-09,2024-01-12,PL-MKT-01,C003569,VM-APP-0016,1,597.79,0.3,PLN
SO-2024-000221,1,2024-01-09,2024-01-12,PL-MKT-01,C006628, VM-EBK-0007 ,1,14405.99,0.0,PLN
SO-2024-000222,1,2024-01-09,2024-01-11,PL-MKT-01,C004101,VM-NUT-0001,13,8.81,0.0,PLN
SO-2024-000222,2,2024-01-09,2024-01-11,PL-MKT-01,C004101,VM-NUT-0010,4,34.29,0.0,PLN
SO-2024-000222,3,2024-01-09,2024-01-11,PL-MKT-01,C004101,VM-CMP-0023,2,57.81,0.0,PLN
SO-2024-000222,4,2024-01-09,2024-01-11,PL-MKT-01,C004101,VM-APP-0010,1,166.59,0.0,PLN
SO-2024-000223,1,2024-01-09,2024-01-11,PL-MKT-01,C000878,VM-CMP-0022,3,35.27,0.0,PLN
SO-2024-000224,1,2024-01-09,2024-01-12,PL-MKT-01,C006629,VM-BIK-0008,1,5203.79,0.0,PLN
SO-2024-000225,1,2024-01-09,2024-01-09,CZ-PRG-01,,VM-NUT-0004,13,37.0,0.0,CZK
SO-2024-000225,2,2024-01-09,2024-01-09,CZ-PRG-01,,VM-CMP-0009,1,1835.0,0.0,CZK
SO-2024-000226,1,2024-01-09,2024-01-09,CZ-PRG-01,,VM-CMP-0009,2,1835.0,0.0,CZK
SO-2024-000227,1,2024-01-09,2024-01-13,CZ-WEB-01,C003496,VM-ACC-0022,1,8232.0,0.05,CZK
SO-2024-000227,2,2024-01-09,2024-01-13,CZ-WEB-01,C003496,VM-ACC-0001,2,1992.0,0.05,CZK
SO-2024-000228,1,2024-01-09,2024-01-10,CZ-WEB-01,C006630,VM-APP-0017,6,996.0,0.3,CZK
SO-2024-000229,1,2024-01-09,2024-01-09,DE-BER-01,C003429,VM-APP-0017,2,42.17,0.0,EUR
SO-2024-000230,1,2024-01-10,2024-01-10,PL-WAW-01,C004012,VM-APP-0007,1,156.79,0.3,PLN
SO-2024-000231,1,2024-01-10,2024-01-10,PL-WAW-01,,VM-ACC-0013,1,166.59,0.0,PLN
SO-2024-000232,1,2024-01-10,2024-01-10,PL-WAW-01,,VM-CMP-0023,1,57.81,0.0,PLN
SO-2024-000233,1,2024-01-10,2024-01-10,PL-WAW-02,C006631,VM-CMP-0019,2,205.79,0.0,PLN
SO-2024-000233,2,2024-01-10,2024-01-10,PL-WAW-02,C006631,VM-CMP-0013,1,519.39,0.0,PLN
SO-2024-000233,3,2024-01-10,2024-01-10,PL-WAW-02,C006631,VM-APP-0008,1,156.79,0.3,PLN
SO-2024-000234,1,2024-01-10,2024-01-10,PL-WAW-02,,VM-APP-0001,2,450.79,0.0,PLN
SO-2024-000234,2,2024-01-10,2024-01-10,PL-WAW-02,,VM-ACC-0008,1,391.99,0.0,PLN
SO-2024-000235,1,2024-01-10,2024-01-10,PL-WAW-02,C006632,VM-APP-0008,2,156.79,0.3,PLN
SO-2024-000236,1,2024-01-10,2024-01-10,PL-WAW-02,C005339,VM-ACC-0008,2,391.99,0.05,PLN
SO-2024-000236,2,2024-01-10,2024-01-10,PL-WAW-02,C005339,VM-APP-0013,1,431.19,0.05,PLN
SO-2024-000237,1,2024-01-10,2024-01-10,PL-KRK-01,C006633,VM-NUT-0011,4,52.91,0.0,PLN
SO-2024-000237,2,2024-01-10,2024-01-10,PL-KRK-01,C006633,VM-APP-0005,2,176.39,0.3,PLN
SO-2024-000238,1,2024-01-10,2024-01-10,PL-KRK-01,C006634,VM-BIK-0015,1,3028.19,0.0,PLN
SO-2024-000238,2,2024-01-10,2024-01-10,PL-KRK-01,C006634,VM-ACC-0007,1,352.79,0.0,PLN
SO-2024-000239,1,2024-01-10,2024-01-10,PL-KRK-01,C001373,VM-NUT-0011,2,52.91,0.1,PLN
SO-2024-000240,1,2024-01-10,2024-01-10,PL-GDN-01,,VM-APP-0020,1,176.39,0.3,PLN
SO-2024-000240,2,2024-01-10,2024-01-10,PL-GDN-01,,VM-CMP-0017,2,489.99,0.0,PLN
SO-2024-000241,1,2024-01-10,2024-01-10,PL-POZ-01,C006635,VM-APP-0003,3,303.79,0.0,PLN
SO-2024-000242,1,2024-01-10,2024-01-10,PL-POZ-01,C006636,VM-NUT-0001,14,8.81,0.0,PLN
SO-2024-000242,2,2024-01-10,2024-01-10,PL-POZ-01,C006636,VM-BIK-0007,1,6908.99,0.05,PLN
SO-2024-000242,3,2024-01-10,2024-01-10,PL-POZ-01,C006636,VM-CMP-0016,2,2410.79,0.0,PLN
SO-2024-000243,1,2024-01-10,2024-01-14,PL-WEB-01,C006637,VM-CMP-0001,1,391.99,0.0,PLN
SO-2024-000244,1,2024-01-10,2024-01-12,PL-WEB-01,C006638,VM-CMP-0004,2,705.59,0.0,PLN
SO-2024-000245,1,2024-01-10,2024-01-14,PL-WEB-01,C002985,VM-APP-0005,2,176.39,0.0,PLN
SO-2024-000246,1,2024-01-10,2024-01-13,PL-WEB-01,C006639,VM-BIK-0013,1,4703.99,0.0,PLN
SO-2024-000247,1,2024-01-10,2024-01-14,PL-WEB-01,C002567,VM-APP-0004,3,235.19,0.3,PLN
SO-2024-000248,1,2024-01-10,2024-01-12,PL-WEB-01,C000292,VM-NUT-0003,70,10.77,0.1,PLN
SO-2024-000249,1,2024-01-10,2024-01-12,PL-MKT-01,C006640,VM-NUT-0009,3,83.29,0.0,PLN
SO-2024-000250,1,2024-01-10,2024-01-14,PL-MKT-01,C004307,VM-CMP-0017,1,489.99,0.0,PLN
SO-2024-000251,1,2024-01-10,2024-01-14,PL-MKT-01,C006641,VM-EBK-0008,1,14797.99,0.0,PLN
SO-2024-000252,1,2024-01-10,2024-01-13,PL-MKT-01,C004123,VM-ACC-0008,2,391.99,0.0,PLN
SO-2024-000252,2,2024-01-10,2024-01-13,PL-MKT-01,C004123,VM-NUT-0011,2,52.91,0.1,PLN
SO-2024-000252,3,2024-01-10,2024-01-13,PL-MKT-01,C004123,VM-BIK-0004,1,4184.59,0.0,PLN
SO-2024-000253,1,2024-01-10,2024-01-12,CZ-WEB-01,C002616,VM-APP-0006,2,1625.0,0.3,CZK
SO-2024-000253,2,2024-01-10,2024-01-12,CZ-WEB-01,C002616,VM-APP-0005,1,944.0,0.3,CZK
SO-2024-000254,1,2024-01-10,2024-01-13,CZ-WEB-01,C006642,VM-APP-0001,1,2412.0,0.0,CZK
SO-2024-000254,2,2024-01-10,2024-01-13,CZ-WEB-01,C006642,VM-APP-0006,3,1625.0,0.3,CZK
SO-2024-000255,1,2024-01-10,2024-01-13,CZ-WEB-01,C003201,VM-APP-0007,1,839.0,0.3,CZK
SO-2024-000256,1,2024-01-10,2024-01-13,CZ-WEB-01,C006643,VM-NUT-0006,5,52.0,0.05,CZK
SO-2024-000257,1,2024-01-10,2024-01-10,DE-BER-01,,VM-APP-0007,1,35.51,0.0,EUR
SO-2024-000258,1,2024-01-10,2024-01-10,DE-BER-01,C006644,VM-BIK-0012,1,2621.47,0.05,EUR
SO-2024-000258,2,2024-01-10,2024-01-10,DE-BER-01,C006644,VM-ACC-0019,2,11.1,0.05,EUR
SO-2024-000259,1,2024-01-10,2024-01-10,DE-BER-01,C006645,VM-NUT-0006,5,2.22,0.0,EUR
SO-2024-000259,2,2024-01-10,2024-01-10,DE-BER-01,C006645,VM-NUT-0007,3,2.88,0.0,EUR
SO-2024-000260,1,2024-01-11,2024-01-11,PL-WAW-01,C002146,VM-ACC-0020,1,793.79,0.0,PLN
SO-2024-000260,2,2024-01-11,2024-01-11,PL-WAW-01,C002146,VM-APP-0002,2,431.19,0.3,PLN
SO-2024-000261,1,2024-01-11,2024-01-11,PL-WAW-01,C006646,VM-NUT-0006,7,9.79,0.0,PLN
SO-2024-000261,2,2024-01-11,2024-01-11,PL-WAW-01,C006646,VM-ACC-0017,2,56.83,0.0,PLN
SO-2024-000262,1,2024-01-11,2024-01-11,PL-WAW-01,C006647,VM-APP-0010,2,166.59,0.0,PLN
SO-2024-000262,2,2024-01-11,2024-01-11,PL-WAW-01,C006647, VM-NUT-0010 ,4,34.29,0.0,PLN
SO-2024-000262,3,2024-01-11,2024-01-11,PL-WAW-01,C006647,VM-APP-0006,3,303.79,0.0,PLN
SO-2024-000263,1,2024-01-11,2024-01-11,PL-WAW-02,,VM-NUT-0003,5,10.77,0.0,PLN
SO-2024-000263,2,2024-01-11,2024-01-11,PL-WAW-02,,VM-CMP-0013,2,519.39,0.0,PLN
SO-2024-000264,1,2024-01-11,2024-01-11,PL-KRK-01,C003613,VM-CMP-0013,1,519.39,0.0,PLN
SO-2024-000264,2,2024-01-11,2024-01-11,PL-KRK-01,C003613,VM-CMP-0019,1,205.79,0.05,PLN
SO-2024-000264,3,2024-01-11,2024-01-11,PL-KRK-01,C003613,VM-CMP-0017,1,489.99,0.0,PLN
SO-2024-000265,1,2024-01-11,2024-01-11,PL-WRO-01,C006648,VM-ACC-0008,1,391.99,0.0,PLN
SO-2024-000265,2,2024-01-11,2024-01-11,PL-WRO-01,C006648,VM-ACC-0020,1,793.79,0.0,PLN
SO-2024-000265,3,2024-01-11,2024-01-11,PL-WRO-01,C006648,VM-APP-0006,1,303.79,0.0,PLN
SO-2024-000266,1,2024-01-11,2024-01-11,PL-GDN-01,,VM-APP-0006,1,303.79,0.0,PLN
SO-2024-000267,1,2024-01-11,2024-01-11,PL-POZ-01,C006649,VM-CMP-0013,2,519.39,0.05,PLN
SO-2024-000267,2,2024-01-11,2024-01-11,PL-POZ-01,C006649,VM-ACC-0015,1,342.99,0.05,PLN
SO-2024-000268,1,2024-01-11,2024-01-11,PL-POZ-01,C006650,VM-ACC-0010,2,244.99,0.0,PLN
SO-2024-000268,2,2024-01-11,2024-01-11,PL-POZ-01,C006650,VM-BIK-0013,1,4703.99,0.0,PLN
SO-2024-000268,3,2024-01-11,2024-01-11,PL-POZ-01,C006650,VM-ACC-0018,2,48.99,0.0,PLN
SO-2024-000268,4,2024-01-11,2024-01-11,PL-POZ-01,C006650,VM-NUT-0004,6,6.85,0.0,PLN
SO-2024-000269,1,2024-01-11,2024-01-15,PL-WEB-01,C005618,VM-NUT-0002,11,14.69,0.0,PLN
SO-2024-000269,2,2024-01-11,2024-01-15,PL-WEB-01,C005618,VM-APP-0013,1,431.19,0.3,PLN
SO-2024-000269,3,2024-01-11,2024-01-15,PL-WEB-01,C005618,VM-NUT-0006,6,9.79,0.0,PLN
SO-2024-000269,4,2024-01-11,2024-01-15,PL-WEB-01,C005618,VM-ACC-0014,1,107.79,0.0,PLN
SO-2024-000270,1,2024-01-11,2024-01-13,PL-WEB-01,C004919,VM-APP-0010,2,166.59,0.3,PLN
SO-2024-000271,1,2024-01-11,2024-01-15,PL-WEB-01,C004435,VM-CMP-0019,2,205.79,0.0,PLN
SO-2024-000271,2,2024-01-11,2024-01-15,PL-WEB-01,C004435,VM-BIK-0003,1,6409.19,0.0,PLN
SO-2024-000272,1,2024-01-11,2024-01-15,PL-WEB-01,C005290,VM-NUT-0006,4,9.79,0.0,PLN
SO-2024-000272,2,2024-01-11,2024-01-15,PL-WEB-01,C005290,VM-APP-0005,1,176.39,0.0,PLN
SO-2024-000272,3,2024-01-11,2024-01-15,PL-WEB-01,C005290,VM-NUT-0004,14,6.85,0.0,PLN
SO-2024-000272,4,2024-01-11,2024-01-15,PL-WEB-01,C005290,VM-CMP-0001,2,391.99,0.0,PLN
SO-2024-000273,1,2024-01-11,2024-01-13,PL-WEB-01,C006651,VM-NUT-0005,4,8.81,0.0,PLN
SO-2024-000274,1,2024-01-11,2024-01-15,PL-WEB-01,C002298,VM-APP-0010,2,166.59,0.3,PLN
SO-2024-000274,2,2024-01-11,2024-01-15,PL-WEB-01,C002298,VM-APP-0005,1,176.39,0.3,PLN
SO-2024-000274,3,2024-01-11,2024-01-15,PL-WEB-01,C002298,VM-ACC-0002,1,597.79,0.05,PLN
SO-2024-000275,1,2024-01-11,2024-01-12,PL-WEB-01,C006652,VM-EBK-0008,1,14797.99,0.0,PLN
SO-2024-000276,1,2024-01-11,2024-01-12,PL-WEB-01,C003085,VM-APP-0019,1,64.67,0.0,PLN
SO-2024-000277,1,2024-01-11,2024-01-15,PL-WEB-01,C003355,VM-CMP-0013,1,519.39,0.05,PLN
SO-2024-000278,1,2024-01-11,2024-01-14,PL-MKT-01,C006566,VM-ACC-0014,1,107.79,0.0,PLN
SO-2024-000279,1,2024-01-11,2024-01-11,CZ-PRG-01,C005670,VM-CMP-0017,2,2622.0,0.0,CZK
SO-2024-000280,1,2024-01-11,2024-01-11,CZ-PRG-01,C006653,VM-BIK-0020,1,6345.0,0.0,CZK
SO-2024-000280,2,2024-01-11,2024-01-11,CZ-PRG-01,C006653,VM-NUT-0006,3,52.0,0.0,CZK
SO-2024-000281,1,2024-01-11,2024-01-11,CZ-PRG-01,,VM-NUT-0007,9,68.0,0.0,CZK
SO-2024-000282,1,2024-01-11,2024-01-13,CZ-WEB-01,C006654,VM-NUT-0004,5,37.0,0.0,CZK
SO-2024-000283,1,2024-01-11,2024-01-12,CZ-WEB-01,C005132,VM-APP-0006,2,1625.0,0.3,CZK
SO-2024-000284,1,2024-01-11,2024-01-12,CZ-WEB-01,C000986,VM-CMP-0010,2,2045.0,0.05,CZK
SO-2024-000285,1,2024-01-11,2024-01-11,DE-BER-01,,VM-CMP-0010,2,86.57,0.0,EUR
SO-2024-000286,1,2024-01-11,2024-01-13,DE-WEB-01,C006655,VM-CMP-0015,2,204.21,0.0,EUR
SO-2024-000286,2,2024-01-11,2024-01-13,DE-WEB-01,C006655,VM-ACC-0019,2,11.1,0.0,EUR
SO-2024-000287,1,2024-01-11,2024-01-13,DE-WEB-01,C000846,VM-NUT-0004,4,1.55,0.0,EUR
SO-2024-000288,1,2024-01-12,2024-01-12,PL-WAW-01,C003736,VM-BIK-0009,1,5527.19,0.0,PLN
SO-2024-000288,2,2024-01-12,2024-01-12,PL-WAW-01,C003736,VM-ACC-0018,1,48.99,0.0,PLN
SO-2024-000289,1,2024-01-12,2024-01-12,PL-WAW-01,C006656,VM-APP-0012,1,852.59,0.3,PLN
SO-2024-000289,2,2024-01-12,2024-01-12,PL-WAW-01,C006656,VM-ACC-0008,1,391.99,0.0,PLN
SO-2024-000290,1,2024-01-12,2024-01-12,PL-WAW-01,C006657,VM-APP-0006,3,303.79,0.3,PLN
SO-2024-000291,1,2024-01-12,2024-01-12,PL-WAW-01,C005761,VM-APP-0012,1,852.59,0.05,PLN
SO-2024-000292,1,2024-01-12,2024-01-12,PL-WAW-02,,VM-NUT-0010,3,34.29,0.0,PLN
SO-2024-000293,1,2024-01-12,2024-01-12,PL-KRK-01,,VM-NUT-0002,7,14.69,0.0,PLN
SO-2024-000294,1,2024-01-12,2024-01-12,PL-WRO-01,,VM-APP-0006,2,303.79,0.3,PLN
SO-2024-000295,1,2024-01-12,2024-01-12,PL-WRO-01,C006658,VM-ACC-0019,1,48.99,0.05,PLN
SO-2024-000295,2,2024-01-12,2024-01-12,PL-WRO-01,C006658,VM-NUT-0009,4,83.29,0.05,PLN
SO-2024-000295,3,2024-01-12,2024-01-12,PL-WRO-01,C006658,VM-ACC-0014,1,107.79,0.05,PLN
SO-2024-000295,4,2024-01-12,2024-01-12,PL-WRO-01,C006658,VM-APP-0006,1,303.79,0.05,PLN
SO-2024-000296,1,2024-01-12,2024-01-12,PL-GDN-01,C005412,VM-ACC-0018,2,48.99,0.0,PLN
SO-2024-000296,2,2024-01-12,2024-01-12,PL-GDN-01,C005412,VM-ACC-0014,1,107.79,0.0,PLN
SO-2024-000296,3,2024-01-12,2024-01-12,PL-GDN-01,C005412,VM-NUT-0001,6,8.81,0.0,PLN
SO-2024-000297,1,2024-01-12,2024-01-12,PL-GDN-01,,VM-CMP-0008,1,431.19,0.0,PLN
SO-2024-000297,2,2024-01-12,2024-01-12,PL-GDN-01,,VM-ACC-0022,1,1538.59,0.0,PLN
SO-2024-000298,1,2024-01-12,2024-01-12,PL-POZ-01,C006659,VM-NUT-0010,3,34.29,0.0,PLN
SO-2024-000299,1,2024-01-12,2024-01-14,PL-WEB-01,C006660,VM-CMP-0015,1,901.59,0.0,PLN
SO-2024-000300,1,2024-01-12,2024-01-14,PL-WEB-01,C000284,VM-ACC-0002,1,597.79,0.05,PLN
SO-2024-000300,2,2024-01-12,2024-01-14,PL-WEB-01,C000284,VM-APP-0006,1,303.79,0.05,PLN
SO-2024-000301,1,2024-01-12,2024-01-14,PL-WEB-01,C005335,VM-ACC-0002,2,597.79,0.0,PLN
SO-2024-000302,1,2024-01-12,2024-01-14,PL-WEB-01,C006661,VM-NUT-0004,7,6.85,0.0,PLN
SO-2024-000303,1,2024-01-12,2024-01-13,PL-WEB-01,C006662,VM-ACC-0008,3,391.99,0.1,PLN
SO-2024-000304,1,2024-01-12,2024-01-13,PL-WEB-01,C006421,VM-CMP-0009,2,342.99,0.0,PLN
SO-2024-000305,1,2024-01-12,2024-01-15,PL-MKT-01,C005614,VM-APP-0010,2,166.59,0.0,PLN
SO-2024-000306,1,2024-01-12,2024-01-16,PL-MKT-01,C006663,VM-APP-0010,2,166.59,0.0,PLN
SO-2024-000306,2,2024-01-12,2024-01-16,PL-MKT-01,C006663,VM-NUT-0009,1,83.29,0.0,PLN
SO-2024-000306,3,2024-01-12,2024-01-16,PL-MKT-01,C006663,VM-NUT-0004,13,6.85,0.0,PLN
SO-2024-000307,1,2024-01-12,2024-01-15,PL-MKT-01,C005318,VM-ACC-0006,2,930.99,0.05,PLN
SO-2024-000307,2,2024-01-12,2024-01-15,PL-MKT-01,C005318,VM-NUT-0002,11,14.69,0.0,PLN
SO-2024-000308,1,2024-01-12,2024-01-13,PL-MKT-01,C006664,VM-ACC-0018,3,48.99,0.0,PLN
SO-2024-000309,1,2024-01-12,2024-01-13,PL-MKT-01,C006565,VM-NUT-0006,12,9.79,0.0,PLN
SO-2024-000309,2,2024-01-12,2024-01-13,PL-MKT-01,C006565,VM-APP-0002,2,431.19,0.3,PLN
SO-2024-000310,1,2024-01-12,2024-01-12,CZ-PRG-01,,VM-ACC-0008,2,2097.0,0.0,CZK
SO-2024-000311,1,2024-01-12,2024-01-12,CZ-PRG-01,,VM-NUT-0006,9,52.0,0.0,CZK
SO-2024-000311,2,2024-01-12,2024-01-12,CZ-PRG-01,,VM-APP-0008,2,839.0,0.0,CZK
SO-2024-000312,1,2024-01-12,2024-01-12,CZ-PRG-01,C006665,VM-NUT-0011,3,283.0,0.0,CZK
SO-2024-000313,1,2024-01-12,2024-01-16,CZ-WEB-01,C006666,VM-BIK-0014,1,20082.0,0.0,CZK
SO-2024-000314,1,2024-01-12,2024-01-12,DE-BER-01,C006667,VM-NUT-0004,7,1.55,0.0,EUR
SO-2024-000315,1,2024-01-12,2024-01-12,DE-BER-01,,vm-nut-0001,10,2.0,0.0,EUR
SO-2024-000316,1,2024-01-12,2024-01-16,DE-WEB-01,C006668,VM-APP-0013,1,97.66,0.3,EUR
SO-2024-000317,1,2024-01-13,2024-01-13,PL-WAW-01,C005644,VM-ACC-0023,1,911.39,0.05,PLN
SO-2024-000317,2,2024-01-13,2024-01-13,PL-WAW-01,C005644,VM-NUT-0009,4,83.29,0.05,PLN
SO-2024-000317,3,2024-01-13,2024-01-13,PL-WAW-01,C005644,VM-ACC-0008,1,391.99,0.05,PLN
SO-2024-000317,4,2024-01-13,2024-01-13,PL-WAW-01,C005644,VM-CMP-0013,1,519.39,0.05,PLN
SO-2024-000318,1,2024-01-13,2024-01-13,PL-WAW-01,,VM-ACC-0014,1,107.79,0.0,PLN
SO-2024-000318,2,2024-01-13,2024-01-13,PL-WAW-01,,VM-CMP-0019,3,205.79,0.0,PLN
SO-2024-000318,3,2024-01-13,2024-01-13,PL-WAW-01,,VM-ACC-0002,2,597.79,0.0,PLN
SO-2024-000318,4,2024-01-13,2024-01-13,PL-WAW-01,,VM-NUT-0004,8,6.85,0.0,PLN
SO-2024-000319,1,2024-01-13,2024-01-13,PL-WAW-01,C004443,VM-APP-0006,2,303.79,0.3,PLN
SO-2024-000319,2,2024-01-13,2024-01-13,PL-WAW-01,C004443, VM-APP-0019 ,2,64.67,0.3,PLN
SO-2024-000319,3,2024-01-13,2024-01-13,PL-WAW-01,C004443,VM-ACC-0007,2,352.79,0.0,PLN
SO-2024-000319,4,2024-01-13,2024-01-13,PL-WAW-01,C004443,VM-CMP-0023,4,57.81,0.0,PLN
SO-2024-000320,1,2024-01-13,2024-01-13,PL-WAW-01,C002436,VM-ACC-0008,2,391.99,0.0,PLN
SO-2024-000321,1,2024-01-13,2024-01-13,PL-WAW-01,,VM-EBK-0003,1,8908.19,0.0,PLN
SO-2024-000321,2,2024-01-13,2024-01-13,PL-WAW-01,,VM-APP-0002,2,431.19,0.3,PLN
SO-2024-000321,3,2024-01-13,2024-01-13,PL-WAW-01,,VM-APP-0015,1,558.59,0.3,PLN
SO-2024-000321,4,2024-01-13,2024-01-13,PL-WAW-01,,VM-ACC-0008,1,391.99,0.0,PLN
SO-2024-000322,1,2024-01-13,2024-01-13,PL-WAW-02,C006669,VM-BIK-0018,1,2351.99,0.0,PLN
SO-2024-000322,2,2024-01-13,2024-01-13,PL-WAW-02,C006669,VM-ACC-0003,1,284.19,0.0,PLN
SO-2024-000323,1,2024-01-13,2024-01-13,PL-WAW-02,,VM-ACC-0008,1,391.99,0.0,PLN
SO-2024-000324,1,2024-01-13,2024-01-13,PL-WAW-02,C002937,VM-APP-0010,2,166.59,0.3,PLN
SO-2024-000325,1,2024-01-13,2024-01-13,PL-KRK-01,C004931,VM-CMP-0013,2,519.39,0.05,PLN
SO-2024-000326,1,2024-01-13,2024-01-13,PL-KRK-01,C006670,VM-ACC-0009,2,391.99,0.05,PLN
SO-2024-000327,1,2024-01-13,2024-01-13,PL-GDN-01,,VM-NUT-0002,15,14.69,0.0,PLN
SO-2024-000328,1,2024-01-13,2024-01-13,PL-GDN-01,C004985,VM-NUT-0010,6,34.29,0.1,PLN
SO-2024-000329,1,2024-01-13,2024-01-13,PL-POZ-01,,VM-CMP-0008,2,431.19,0.0,PLN
SO-2024-000329,2,2024-01-13,2024-01-13,PL-POZ-01,,VM-APP-0010,1,166.59,0.3,PLN
SO-2024-000329,3,2024-01-13,2024-01-13,PL-POZ-01,,VM-APP-0007,1,156.79,0.3,PLN
SO-2024-000330,1,2024-01-13,2024-01-13,PL-POZ-01,C006671,VM-CMP-0023,4,57.81,0.0,PLN
SO-2024-000330,2,2024-01-13,2024-01-13,PL-POZ-01,C006671,VM-ACC-0021,1,764.39,0.0,PLN
SO-2024-000331,1,2024-01-13,2024-01-16,PL-WEB-01,C006672,VM-APP-0017,1,186.19,0.3,PLN
SO-2024-000331,2,2024-01-13,2024-01-16,PL-WEB-01,C006672,VM-ACC-0005,1,176.39,0.0,PLN
SO-2024-000331,3,2024-01-13,2024-01-16,PL-WEB-01,C006672,VM-NUT-0002,12,14.69,0.0,PLN
SO-2024-000332,1,2024-01-13,2024-01-17,PL-WEB-01,C004361,VM-APP-0014,1,480.19,0.3,PLN
SO-2024-000333,1,2024-01-13,2024-01-17,PL-MKT-01,C001092,VM-APP-0013,4,431.19,0.12,PLN
SO-2024-000333,2,2024-01-13,2024-01-17,PL-MKT-01,C001092,VM-CMP-0017,5,489.99,0.08,PLN
SO-2024-000334,1,2024-01-13,2024-01-14,PL-MKT-01,C005025,VM-ACC-0017,1,56.83,0.05,PLN
SO-2024-000334,2,2024-01-13,2024-01-14,PL-MKT-01,C005025,VM-APP-0015,1,558.59,0.3,PLN
SO-2024-000335,1,2024-01-13,2024-01-15,PL-MKT-01,C005626,VM-APP-0011,10,401.79,0.3,PLN
SO-2024-000335,2,2024-01-13,2024-01-15,PL-MKT-01,C005626,VM-APP-0010,10,166.59,0.3,PLN
SO-2024-000336,1,2024-01-13,2024-01-13,CZ-PRG-01,,vm-cmp-0017,1,2622.0,0.0,CZK
SO-2024-000336,2,2024-01-13,2024-01-13,CZ-PRG-01,,VM-BIK-0017,1,10015.0,0.0,CZK
SO-2024-000337,1,2024-01-13,2024-01-13,CZ-PRG-01,C001693,VM-APP-0006,3,1625.0,0.3,CZK
SO-2024-000337,2,2024-01-13,2024-01-13,CZ-PRG-01,C001693,VM-NUT-0005,5,47.0,0.0,CZK
SO-2024-000338,1,2024-01-13,2024-01-13,DE-BER-01,C005042,VM-APP-0013,1,97.66,0.3,EUR
SO-2024-000339,1,2024-01-13,2024-01-14,DE-WEB-01,C001675,VM-ACC-0014,1,24.41,0.0,EUR
SO-2024-000340,1,2024-01-14,2024-01-16,PL-WEB-01,C006673,VM-EBK-0001,1,7516.59,0.0,PLN
SO-2024-000341,1,2024-01-14,2024-01-16,PL-WEB-01,C003061,VM-CMP-0013,2,519.39,0.0,PLN
SO-2024-000342,1,2024-01-14,2024-01-18,PL-MKT-01,C006674,VM-APP-0018,1,127.39,0.3,PLN
SO-2024-000343,1,2024-01-14,2024-01-18,PL-MKT-01,C003968,VM-ACC-0007,1,352.79,0.0,PLN
SO-2024-000343,2,2024-01-14,2024-01-18,PL-MKT-01,C003968,VM-ACC-0008,2,391.99,0.0,PLN
SO-2024-000344,1,2024-01-14,2024-01-18,PL-MKT-01,C006675,VM-BIK-0017,1,1871.79,0.05,PLN
SO-2024-000345,1,2024-01-14,2024-01-15,CZ-WEB-01,C004603,VM-NUT-0009,3,446.0,0.0,CZK
SO-2024-000346,1,2024-01-14,2024-01-18,DE-WEB-01,C002313,VM-APP-0008,2,35.51,0.0,EUR
SO-2024-000347,1,2024-01-14,2024-01-18,DE-WEB-01,C006676,VM-NUT-0003,10,2.44,0.0,EUR
SO-2024-000347,2,2024-01-14,2024-01-18,DE-WEB-01,C006676,VM-APP-0009,2,77.69,0.0,EUR
SO-2024-000348,1,2024-01-14,2024-01-17,DE-WEB-01,C005605, VM-ACC-0012 ,1,15.98,0.0,EUR
SO-2024-000349,1,2024-01-14,2024-01-15,DE-WEB-01,C003389,VM-NUT-0005,3,2.0,0.05,EUR
SO-2024-000349,2,2024-01-14,2024-01-15,DE-WEB-01,C003389,VM-BIK-0007,1,1564.89,0.0,EUR
SO-2024-000349,3,2024-01-14,2024-01-15,DE-WEB-01,C003389,VM-ACC-0008,1,88.79,0.0,EUR
SO-2024-000350,1,2024-01-15,2024-01-15,PL-WAW-01,,VM-CMP-0009,2,342.99,0.0,PLN
SO-2024-000351,1,2024-01-15,2024-01-15,PL-WAW-01,C006677,VM-CMP-0017,2,489.99,0.0,PLN
SO-2024-000351,2,2024-01-15,2024-01-15,PL-WAW-01,C006677,VM-CMP-0015,1,901.59,0.0,PLN
SO-2024-000351,3,2024-01-15,2024-01-15,PL-WAW-01,C006677,VM-CMP-0013,1,519.39,0.0,PLN
SO-2024-000352,1,2024-01-15,2024-01-15,PL-WAW-01,C003528,VM-APP-0006,2,303.79,0.3,PLN
SO-2024-000352,2,2024-01-15,2024-01-15,PL-WAW-01,C003528,VM-ACC-0014,1,107.79,0.0,PLN
SO-2024-000352,3,2024-01-15,2024-01-15,PL-WAW-01,C003528,VM-APP-0001,1,450.79,0.3,PLN
SO-2024-000353,1,2024-01-15,2024-01-15,PL-WAW-02,C006678,VM-ACC-0008,2,391.99,0.0,PLN
SO-2024-000354,1,2024-01-15,2024-01-15,PL-KRK-01,C005094,VM-APP-0002,2,431.19,0.0,PLN
SO-2024-000355,1,2024-01-15,2024-01-15,PL-WRO-01,C004966,VM-ACC-0004,2,764.39,0.0,PLN
SO-2024-000355,2,2024-01-15,2024-01-15,PL-WRO-01,C004966,VM-BIK-0007,1,6908.99,0.0,PLN
SO-2024-000356,1,2024-01-15,2024-01-15,PL-WRO-01,C004400,VM-EBK-0009,1,9711.79,0.0,PLN
SO-2024-000357,1,2024-01-15,2024-01-15,PL-GDN-01,C006679,VM-CMP-0015,2,901.59,0.0,PLN
SO-2024-000357,2,2024-01-15,2024-01-15,PL-GDN-01,C006679,VM-APP-0002,2,431.19,0.0,PLN
SO-2024-000357,3,2024-01-15,2024-01-15,PL-GDN-01,C006679,VM-NUT-0002,13,14.69,0.0,PLN
SO-2024-000358,1,2024-01-15,2024-01-15,PL-GDN-01,C006680,VM-CMP-0022,3,35.27,0.0,PLN
SO-2024-000358,2,2024-01-15,2024-01-15,PL-GDN-01,C006680,VM-ACC-0020,1,793.79,0.0,PLN
SO-2024-000359,1,2024-01-15,2024-01-15,PL-GDN-01,,VM-APP-0008,1,156.79,0.0,PLN
SO-2024-000359,2,2024-01-15,2024-01-15,PL-GDN-01,,VM-ACC-0006,1,930.99,0.0,PLN
SO-2024-000360,1,2024-01-15,2024-01-18,PL-WEB-01,C000979,VM-APP-0007,1,156.79,0.0,PLN
SO-2024-000360,2,2024-01-15,2024-01-18,PL-WEB-01,C000979,VM-ACC-0008,1,391.99,0.0,PLN
SO-2024-000360,3,2024-01-15,2024-01-18,PL-WEB-01,C000979,VM-APP-0020,1,176.39,0.0,PLN
SO-2024-000361,1,2024-01-15,2024-01-17,PL-WEB-01,C006681,VM-BIK-0019,1,1185.79,0.0,PLN
SO-2024-000362,1,2024-01-15,2024-01-17,PL-WEB-01,C006682,VM-ACC-0017,2,56.83,0.0,PLN
SO-2024-000362,2,2024-01-15,2024-01-17,PL-WEB-01,C006682,VM-APP-0012,1,852.59,0.3,PLN
SO-2024-000362,3,2024-01-15,2024-01-17,PL-WEB-01,C006682,VM-CMP-0023,4,57.81,0.0,PLN
SO-2024-000363,1,2024-01-15,2024-01-16,PL-WEB-01,C004256,VM-BIK-0007,1,6908.99,0.0,PLN
SO-2024-000364,1,2024-01-15,2024-01-18,PL-WEB-01,C006683,VM-ACC-0011,1,70.55,0.0,PLN
SO-2024-000365,1,2024-01-15,2024-01-17,PL-WEB-01,C005917,VM-APP-0001,3,450.79,0.3,PLN
SO-2024-000366,1,2024-01-15,2024-01-17,PL-WEB-01,C006684,VM-BIK-0009,1,5527.19,0.0,PLN
SO-2024-000366,2,2024-01-15,2024-01-17,PL-WEB-01,C006684,VM-APP-0008,2,156.79,0.0,PLN
SO-2024-000366,3,2024-01-15,2024-01-17,PL-WEB-01,C006684,vm-bik-0007,1,6908.99,0.0,PLN
SO-2024-000366,4,2024-01-15,2024-01-17,PL-WEB-01,C006684,VM-ACC-0008,2,391.99,0.0,PLN
SO-2024-000367,1,2024-01-15,2024-01-16,PL-WEB-01,C001483,VM-EBK-0007,1,14405.99,0.0,PLN
SO-2024-000367,2,2024-01-15,2024-01-16,PL-WEB-01,C001483,VM-ACC-0019,3,48.99,0.0,PLN
SO-2024-000368,1,2024-01-15,2024-01-18,PL-WEB-01,C005794,VM-APP-0008,1,156.79,0.3,PLN
SO-2024-000369,1,2024-01-15,2024-01-16,PL-MKT-01,C006029,VM-APP-0019,1,64.67,0.3,PLN
SO-2024-000369,2,2024-01-15,2024-01-16,PL-MKT-01,C006029,VM-BIK-0016,1,3518.19,0.0,PLN
SO-2024-000370,1,2024-01-15,2024-01-18,PL-MKT-01,C004520, VM-ACC-0008 ,1,391.99,0.0,PLN
SO-2024-000370,2,2024-01-15,2024-01-18,PL-MKT-01,C004520,VM-BIK-0001,1,13416.19,0.0,PLN
SO-2024-000371,1,2024-01-15,2024-01-17,CZ-WEB-01,C006685,VM-APP-0012,1,4562.0,0.3,CZK
SO-2024-000371,2,2024-01-15,2024-01-17,CZ-WEB-01,C006685,VM-ACC-0018,3,262.0,0.0,CZK
SO-2024-000372,1,2024-01-15,2024-01-18,CZ-WEB-01,C006686,VM-NUT-0005,12,47.0,0.0,CZK
SO-2024-000373,1,2024-01-15,2024-01-17,CZ-WEB-01,C006687,VM-ACC-0019,3,262.0,0.1,CZK
SO-2024-000373,2,2024-01-15,2024-01-17,CZ-WEB-01,C006687,VM-APP-0003,1,1625.0,0.3,CZK
SO-2024-000374,1,2024-01-15,2024-01-15,DE-BER-01,C004136,VM-APP-0008,2,35.51,0.3,EUR
SO-2024-000374,2,2024-01-15,2024-01-15,DE-BER-01,C004136,VM-ACC-0022,1,348.49,0.0,EUR
SO-2024-000375,1,2024-01-15,2024-01-16,DE-WEB-01,C005325,VM-NUT-0004,3,1.55,0.0,EUR
SO-2024-000375,2,2024-01-15,2024-01-16,DE-WEB-01,C005325,VM-APP-0009,2,77.69,0.3,EUR
SO-2024-000376,1,2024-01-16,2024-01-16,PL-WAW-01,C002103,VM-APP-0010,1,166.59,0.0,PLN
SO-2024-000377,1,2024-01-16,2024-01-16,PL-KRK-01,C001809,VM-BIK-0007,3,6908.99,0.12,PLN
SO-2024-000378,1,2024-01-16,2024-01-20,PL-WEB-01,C006688,VM-NUT-0003,8,10.77,0.0,PLN
SO-2024-000379,1,2024-01-16,2024-01-18,PL-WEB-01,C000466,VM-CMP-0013,1,519.39,0.0,PLN
SO-2024-000380,1,2024-01-16,2024-01-18,PL-WEB-01,C005217,VM-CMP-0017,2,489.99,0.0,PLN
SO-2024-000381,1,2024-01-16,2024-01-19,PL-MKT-01,C006689,VM-BIK-0019,1,1185.79,0.05,PLN
SO-2024-000382,1,2024-01-16,2024-01-16,CZ-PRG-01,,VM-NUT-0001,10,47.0,0.0,CZK
SO-2024-000383,1,2024-01-16,2024-01-16,CZ-PRG-01,,VM-CMP-0016,1,12899.0,0.0,CZK
SO-2024-000384,1,2024-01-16,2024-01-16,CZ-PRG-01,C006690,VM-APP-0010,2,891.0,0.3,CZK
SO-2024-000385,1,2024-01-16,2024-01-18,CZ-WEB-01,C003547,VM-CMP-0013,1,2779.0,0.05,CZK
SO-2024-000385,2,2024-01-16,2024-01-18,CZ-WEB-01,C003547,VM-ACC-0020,1,4247.0,0.05,CZK
SO-2024-000385,3,2024-01-16,2024-01-18,CZ-WEB-01,C003547,VM-ACC-0009,2,2097.0,0.05,CZK
SO-2024-000385,4,2024-01-16,2024-01-18,CZ-WEB-01,C003547,VM-CMP-0016,1,12899.0,0.05,CZK
SO-2024-000386,1,2024-01-16,2024-01-16,DE-BER-01,C001426,VM-APP-0006,1,68.81,0.3,EUR
SO-2024-000386,2,2024-01-16,2024-01-16,DE-BER-01,C001426,VM-APP-0003,1,68.81,0.3,EUR
SO-2024-000387,1,2024-01-16,2024-01-16,DE-BER-01,C002037,VM-ACC-0008,1,88.79,0.0,EUR
SO-2024-000387,2,2024-01-16,2024-01-16,DE-BER-01,C002037,VM-ACC-0001,1,84.35,0.0,EUR
SO-2024-000387,3,2024-01-16,2024-01-16,DE-BER-01,C002037,VM-EBK-0009,1,2199.73,0.0,EUR
SO-2024-000388,1,2024-01-16,2024-01-20,DE-WEB-01,C006691,VM-NUT-0004,8,1.55,0.0,EUR
SO-2024-000389,1,2024-01-16,2024-01-17,DE-WEB-01,C006581,VM-CMP-0019,3,46.61,0.0,EUR
SO-2024-000389,2,2024-01-16,2024-01-17,DE-WEB-01,C006581,VM-APP-0006,1,68.81,0.0,EUR
SO-2024-000389,3,2024-01-16,2024-01-17,DE-WEB-01,C006581,VM-ACC-0013,1,37.73,0.0,EUR
SO-2024-000389,4,2024-01-16,2024-01-17,DE-WEB-01,C006581,VM-APP-0005,3,39.95,0.0,EUR
SO-2024-000390,1,2024-01-17,2024-01-17,PL-WAW-01,C006682,VM-ACC-0002,1,597.79,0.0,PLN
SO-2024-000391,1,2024-01-17,2024-01-17,PL-WAW-01,C006692,VM-NUT-0004,7,6.85,0.05,PLN
SO-2024-000392,1,2024-01-17,2024-01-17,PL-WAW-01,C006693,VM-ACC-0001,6,372.39,0.08,PLN
SO-2024-000393,1,2024-01-17,2024-01-17,PL-WAW-02,C000179,VM-NUT-0005,8,8.81,0.0,PLN
SO-2024-000394,1,2024-01-17,2024-01-17,PL-WAW-02,,VM-ACC-0007,1,352.79,0.0,PLN
SO-2024-000395,1,2024-01-17,2024-01-17,PL-WAW-02,,VM-APP-0020,1,176.39,0.0,PLN
SO-2024-000395,2,2024-01-17,2024-01-17,PL-WAW-02,,VM-CMP-0015,1,901.59,0.0,PLN
SO-2024-000396,1,2024-01-17,2024-01-17,PL-KRK-01,C005253,VM-NUT-0001,11,8.81,0.05,PLN
SO-2024-000396,2,2024-01-17,2024-01-17,PL-KRK-01,C005253,VM-ACC-0008,2,391.99,0.05,PLN
SO-2024-000397,1,2024-01-17,2024-01-17,PL-KRK-01,C005397,VM-APP-0010,1,166.59,0.0,PLN
SO-2024-000398,1,2024-01-17,2024-01-17,PL-WRO-01,C005333,VM-NUT-0011,2,52.91,0.1,PLN
SO-2024-000398,2,2024-01-17,2024-01-17,PL-WRO-01,C005333,VM-NUT-0001,7,8.81,0.05,PLN
SO-2024-000398,3,2024-01-17,2024-01-17,PL-WRO-01,C005333,VM-CMP-0015,1,901.59,0.05,PLN
SO-2024-000399,1,2024-01-17,2024-01-17,PL-WRO-01,C005383,VM-APP-0002,2,431.19,0.3,PLN
SO-2024-000399,2,2024-01-17,2024-01-17,PL-WRO-01,C005383,VM-ACC-0008,1,391.99,0.0,PLN
SO-2024-000399,3,2024-01-17,2024-01-17,PL-WRO-01,C005383,VM-NUT-0004,4,6.85,0.0,PLN
SO-2024-000399,4,2024-01-17,2024-01-17,PL-WRO-01,C005383,VM-BIK-0013,1,4703.99,0.0,PLN
SO-2024-000400,1,2024-01-17,2024-01-17,PL-WRO-01,C006694,VM-NUT-0003,3,10.77,0.05,PLN
SO-2024-000401,1,2024-01-17,2024-01-17,PL-GDN-01,,VM-APP-0006,1,303.79,0.3,PLN
SO-2024-000402,1,2024-01-17,2024-01-17,PL-POZ-01,C006695,VM-BIK-0020,1,1185.79,0.0,PLN
SO-2024-000403,1,2024-01-17,2024-01-21,PL-WEB-01,C006696,VM-CMP-0013,1,519.39,0.05,PLN
SO-2024-000403,2,2024-01-17,2024-01-21,PL-WEB-01,C006696,VM-NUT-0001,11,8.81,0.05,PLN
SO-2024-000404,1,2024-01-17,2024-01-19,PL-WEB-01,C006697,VM-APP-0002,2,431.19,0.0,PLN
SO-2024-000404,2,2024-01-17,2024-01-19,PL-WEB-01,C006697,VM-CMP-0016,2,2410.79,0.0,PLN
SO-2024-000405,1,2024-01-17,2024-01-21,PL-WEB-01,C001497,VM-ACC-0020,1,793.79,0.0,PLN
SO-2024-000405,2,2024-01-17,2024-01-21,PL-WEB-01,C001497,VM-ACC-0008,2,391.99,0.0,PLN
SO-2024-000406,1,2024-01-17,2024-01-20,PL-MKT-01,C004044,VM-APP-0018,1,127.39,0.0,PLN
SO-2024-000406,2,2024-01-17,2024-01-20,PL-MKT-01,C004044,VM-BIK-0007,1,6908.99,0.0,PLN
SO-2024-000406,3,2024-01-17,2024-01-20,PL-MKT-01,C004044,VM-NUT-0003,7,10.77,0.1,PLN
SO-2024-000407,1,2024-01-17,2024-01-18,PL-MKT-01,C006698, VM-NUT-0003 ,14,10.77,0.0,PLN
SO-2024-000408,1,2024-01-17,2024-01-17,CZ-PRG-01,,VM-APP-0002,2,2307.0,0.0,CZK
SO-2024-000408,2,2024-01-17,2024-01-17,CZ-PRG-01,,VM-ACC-0021,1,4090.0,0.0,CZK
SO-2024-000409,1,2024-01-17,2024-01-17,CZ-PRG-01,,VM-ACC-0020,1,4247.0,0.0,CZK
SO-2024-000409,2,2024-01-17,2024-01-17,CZ-PRG-01,,VM-ACC-0003,2,1521.0,0.0,CZK
SO-2024-000410,1,2024-01-17,2024-01-21,CZ-WEB-01,C003810,VM-CMP-0006,2,1049.0,0.0,CZK
SO-2024-000411,1,2024-01-17,2024-01-21,CZ-WEB-01,C006300,VM-CMP-0001,1,2097.0,0.0,CZK
SO-2024-000411,2,2024-01-17,2024-01-21,CZ-WEB-01,C006300,VM-APP-0012,1,4562.0,0.0,CZK
SO-2024-000411,3,2024-01-17,2024-01-21,CZ-WEB-01,C006300,VM-CMP-0013,1,2779.0,0.0,CZK
SO-2024-000411,4,2024-01-17,2024-01-21,CZ-WEB-01,C006300,VM-NUT-0001,14,47.0,0.0,CZK
SO-2024-000412,1,2024-01-17,2024-01-20,DE-WEB-01,C006699, VM-ACC-0007 ,2,79.91,0.0,EUR
SO-2024-000413,1,2024-01-17,2024-01-19,DE-WEB-01,C006700,VM-NUT-0002,7,3.33,0.0,EUR
SO-2024-000413,2,2024-01-17,2024-01-19,DE-WEB-01,C006700,VM-ACC-0008,1,88.79,0.05,EUR
SO-2024-000413,3,2024-01-17,2024-01-19,DE-WEB-01,C006700,VM-ACC-0022,1,348.49,0.0,EUR
SO-2024-000413,4,2024-01-17,2024-01-19,DE-WEB-01,C006700,VM-NUT-0005,5,2.0,0.0,EUR
SO-2024-000414,1,2024-01-18,2024-01-18,PL-WAW-01,C000341,VM-CMP-0019,4,205.79,0.0,PLN
SO-2024-000415,1,2024-01-18,2024-01-18,PL-WAW-01,C003526,VM-APP-0020,2,176.39,0.1,PLN
SO-2024-000415,2,2024-01-18,2024-01-18,PL-WAW-01,C003526,VM-ACC-0014,1,107.79,0.0,PLN
SO-2024-000416,1,2024-01-18,2024-01-18,PL-WAW-01,,VM-NUT-0009,2,83.29,0.0,PLN
SO-2024-000417,1,2024-01-18,2024-01-18,PL-WAW-01,C003481,VM-NUT-0004,4,6.85,0.0,PLN
SO-2024-000418,1,2024-01-18,2024-01-18,PL-WAW-02,C001790,VM-CMP-0013,2,519.39,0.0,PLN
SO-2024-000418,2,2024-01-18,2024-01-18,PL-WAW-02,C001790,VM-APP-0014,1,480.19,0.3,PLN
SO-2024-000418,3,2024-01-18,2024-01-18,PL-WAW-02,C001790,VM-ACC-0007,1,352.79,0.0,PLN
SO-2024-000419,1,2024-01-18,2024-01-18,PL-WAW-02,,VM-NUT-0006,3,9.79,0.0,PLN
SO-2024-000419,2,2024-01-18,2024-01-18,PL-WAW-02,,VM-CMP-0008,1,431.19,0.1,PLN
SO-2024-000419,3,2024-01-18,2024-01-18,PL-WAW-02,,VM-ACC-0015,1,342.99,0.0,PLN
SO-2024-000420,1,2024-01-18,2024-01-18,PL-WAW-02,,VM-CMP-0017,2,489.99,0.0,PLN
SO-2024-000420,2,2024-01-18,2024-01-18,PL-WAW-02,,VM-ACC-0005,2,176.39,0.0,PLN
SO-2024-000420,3,2024-01-18,2024-01-18,PL-WAW-02,,VM-CMP-0015,1,901.59,0.0,PLN
SO-2024-000420,4,2024-01-18,2024-01-18,PL-WAW-02,,VM-BIK-0009,1,5527.19,0.0,PLN
SO-2024-000421,1,2024-01-18,2024-01-18,PL-KRK-01,C006701,VM-CMP-0008,2,431.19,0.0,PLN
SO-2024-000422,1,2024-01-18,2024-01-18,PL-WRO-01,C005486,VM-NUT-0004,10,6.85,0.0,PLN
SO-2024-000422,2,2024-01-18,2024-01-18,PL-WRO-01,C005486,VM-ACC-0017,2,56.83,0.0,PLN
SO-2024-000423,1,2024-01-18,2024-01-18,PL-GDN-01,C002905,VM-NUT-0010,3,34.29,0.0,PLN
SO-2024-000424,1,2024-01-18,2024-01-18,PL-POZ-01,C001418,VM-ACC-0008,2,391.99,0.05,PLN
SO-2024-000424,2,2024-01-18,2024-01-18,PL-POZ-01,C001418,VM-BIK-0020,1,1185.79,0.05,PLN
SO-2024-000425,1,2024-01-18,2024-01-21,PL-WEB-01,C002564,VM-ACC-0008,2,391.99,0.0,PLN
SO-2024-000425,2,2024-01-18,2024-01-21,PL-WEB-01,C002564,VM-CMP-0013,2,519.39,0.0,PLN
SO-2024-000425,3,2024-01-18,2024-01-21,PL-WEB-01,C002564,VM-NUT-0010,3,34.29,0.0,PLN
SO-2024-000425,4,2024-01-18,2024-01-21,PL-WEB-01,C002564,VM-APP-0013,1,431.19,0.0,PLN
SO-2024-000426,1,2024-01-18,2024-01-19,PL-WEB-01,C006702,VM-NUT-0002,13,14.69,0.0,PLN
SO-2024-000426,2,2024-01-18,2024-01-19,PL-WEB-01,C006702,VM-APP-0012,1,852.59,0.3,PLN
SO-2024-000426,3,2024-01-18,2024-01-19,PL-WEB-01,C006702,vm-acc-0008,1,391.99,0.0,PLN
SO-2024-000427,1,2024-01-18,2024-01-21,PL-WEB-01,C002129,VM-APP-0017,2,186.19,0.0,PLN
SO-2024-000427,2,2024-01-18,2024-01-21,PL-WEB-01,C002129,VM-ACC-0002,2,597.79,0.0,PLN
SO-2024-000427,3,2024-01-18,2024-01-21,PL-WEB-01,C002129,VM-APP-0002,1,431.19,0.3,PLN
SO-2024-000428,1,2024-01-18,2024-01-19,PL-WEB-01,C006703,VM-CMP-0012,2,529.19,0.0,PLN
SO-2024-000428,2,2024-01-18,2024-01-19,PL-WEB-01,C006703,VM-APP-0010,1,166.59,0.3,PLN
SO-2024-000429,1,2024-01-18,2024-01-19,PL-WEB-01,C002611,VM-NUT-0007,11,12.73,0.0,PLN
SO-2024-000429,2,2024-01-18,2024-01-19,PL-WEB-01,C002611,VM-CMP-0006,2,195.99,0.0,PLN
SO-2024-000429,3,2024-01-18,2024-01-19,PL-WEB-01,C002611,VM-APP-0008,2,156.79,0.0,PLN
SO-2024-000430,1,2024-01-18,2024-01-19,PL-MKT-01,C005948,VM-APP-0002,3,431.19,0.3,PLN
SO-2024-000430,2,2024-01-18,2024-01-19,PL-MKT-01,C005948,VM-ACC-0009,1,391.99,0.0,PLN
SO-2024-000431,1,2024-01-18,2024-01-19,PL-MKT-01,C004622,VM-NUT-0010,4,34.29,0.0,PLN
SO-2024-000431,2,2024-01-18,2024-01-19,PL-MKT-01,C004622,VM-BIK-0018,1,2351.99,0.0,PLN
SO-2024-000432,1,2024-01-18,2024-01-20,PL-MKT-01,C006704,VM-CMP-0006,2,195.99,0.05,PLN
SO-2024-000433,1,2024-01-18,2024-01-22,PL-MKT-01,C005647,VM-NUT-0003,5,10.77,0.0,PLN
SO-2024-000433,2,2024-01-18,2024-01-22,PL-MKT-01,C005647, VM-EBK-0001 ,1,7516.59,0.0,PLN
SO-2024-000433,3,2024-01-18,2024-01-22,PL-MKT-01,C005647,vm-cmp-0011,1,156.79,0.0,PLN
SO-2024-000433,4,2024-01-18,2024-01-22,PL-MKT-01,C005647,VM-ACC-0008,2,391.99,0.0,PLN
SO-2024-000434,1,2024-01-18,2024-01-20,CZ-WEB-01,C006705,VM-CMP-0015,2,4824.0,0.0,CZK
SO-2024-000435,1,2024-01-18,2024-01-18,DE-BER-01,,VM-NUT-0002,7,3.33,0.05,EUR
SO-2024-000435,2,2024-01-18,2024-01-18,DE-BER-01,,VM-APP-0012,1,193.11,0.3,EUR
SO-2024-000435,3,2024-01-18,2024-01-18,DE-BER-01,,VM-NUT-0004,11,1.55,0.0,EUR
SO-2024-000436,1,2024-01-18,2024-01-19,DE-WEB-01,C006706,VM-BIK-0011,1,1920.04,0.0,EUR
SO-2024-000437,1,2024-01-18,2024-01-19,DE-WEB-01,C006707, VM-BIK-0017 ,1,423.96,0.05,EUR
SO-2024-000438,1,2024-01-19,2024-01-19,PL-WAW-01,C006708,VM-APP-0001,2,450.79,0.3,PLN
SO-2024-000439,1,2024-01-19,2024-01-19,PL-WAW-01,C006709,VM-APP-0011,1,401.79,0.3,PLN
SO-2024-000439,2,2024-01-19,2024-01-19,PL-WAW-01,C006709,VM-CMP-0022,4,35.27,0.0,PLN
SO-2024-000439,3,2024-01-19,2024-01-19,PL-WAW-01,C006709,VM-BIK-0005,1,7261.79,0.0,PLN
SO-2024-000439,4,2024-01-19,2024-01-19,PL-WAW-01,C006709,VM-CMP-0018,1,60.75,0.0,PLN
SO-2024-000440,1,2024-01-19,2024-01-19,PL-WAW-01,,VM-CMP-0010,1,382.19,0.0,PLN
SO-2024-000441,1,2024-01-19,2024-01-19,PL-WAW-02,C004767,VM-ACC-0008,3,391.99,0.1,PLN
SO-2024-000442,1,2024-01-19,2024-01-19,PL-WAW-02,C004985,VM-APP-0018,4,127.39,0.12,PLN
SO-2024-000442,2,2024-01-19,2024-01-19,PL-WAW-02,C004985,VM-ACC-0008,8,391.99,0.1,PLN
SO-2024-000442,3,2024-01-19,2024-01-19,PL-WAW-02,C004985,VM-APP-0004,12,235.19,0.3,PLN
SO-2024-000443,1,2024-01-19,2024-01-19,PL-KRK-01,C000364,VM-BIK-0022,1,1371.99,0.0,PLN
SO-2024-000444,1,2024-01-19,2024-01-19,PL-KRK-01,C006710,VM-NUT-0003,11,10.77,0.0,PLN
SO-2024-000445,1,2024-01-19,2024-01-19,PL-KRK-01,C006711,VM-APP-0015,1,558.59,0.3,PLN
SO-2024-000445,2,2024-01-19,2024-01-19,PL-KRK-01,C006711,VM-ACC-0008,2,391.99,0.0,PLN
SO-2024-000445,3,2024-01-19,2024-01-19,PL-KRK-01,C006711,VM-CMP-0010,1,382.19,0.0,PLN
SO-2024-000446,1,2024-01-19,2024-01-19,PL-WRO-01,C006712,VM-EBK-0007,1,14405.99,0.0,PLN
SO-2024-000447,1,2024-01-19,2024-01-19,PL-WRO-01,,VM-APP-0001,3,450.79,0.0,PLN
SO-2024-000448,1,2024-01-19,2024-01-19,PL-POZ-01,,VM-BIK-0003,1,6409.19,0.0,PLN
SO-2024-000449,1,2024-01-19,2024-01-22,PL-WEB-01,C006713,VM-ACC-0008,1,391.99,0.0,PLN
SO-2024-000449,2,2024-01-19,2024-01-22,PL-WEB-01,C006713,VM-ACC-0013,1,166.59,0.0,PLN
SO-2024-000449,3,2024-01-19,2024-01-22,PL-WEB-01,C006713,VM-APP-0006,1,303.79,0.0,PLN
SO-2024-000450,1,2024-01-19,2024-01-22,PL-WEB-01,C006714,VM-ACC-0014,1,107.79,0.0,PLN
SO-2024-000451,1,2024-01-19,2024-01-22,PL-WEB-01,C006715,VM-BIK-0004,1,4184.59,0.0,PLN
SO-2024-000452,1,2024-01-19,2024-01-21,PL-WEB-01,C004853,VM-ACC-0010,2,244.99,0.0,PLN
SO-2024-000452,2,2024-01-19,2024-01-21,PL-WEB-01,C004853,VM-APP-0001,3,450.79,0.3,PLN
SO-2024-000452,3,2024-01-19,2024-01-21,PL-WEB-01,C004853,VM-APP-0017,2,186.19,0.3,PLN
SO-2024-000453,1,2024-01-19,2024-01-20,PL-WEB-01,C003105,VM-APP-0002,2,431.19,0.3,PLN
SO-2024-000453,2,2024-01-19,2024-01-20,PL-WEB-01,C003105,VM-NUT-0002,5,14.69,0.0,PLN
SO-2024-000454,1,2024-01-19,2024-01-23,PL-WEB-01,C002984,VM-NUT-0003,14,10.77,0.0,PLN
SO-2024-000455,1,2024-01-19,2024-01-21,PL-WEB-01,C006716,VM-NUT-0009,3,83.29,0.0,PLN
SO-2024-000456,1,2024-01-19,2024-01-22,PL-WEB-01,C006516,VM-ACC-0008,2,391.99,0.0,PLN
SO-2024-000457,1,2024-01-19,2024-01-23,PL-MKT-01,C005500,VM-NUT-0004,5,6.85,0.0,PLN
SO-2024-000457,2,2024-01-19,2024-01-23,PL-MKT-01,C005500,VM-APP-0002,2,431.19,0.3,PLN
SO-2024-000458,1,2024-01-19,2024-01-20,PL-MKT-01,C002985,VM-ACC-0013,1,166.59,0.1,PLN
SO-2024-000459,1,2024-01-19,2024-01-23,PL-MKT-01,C005695,VM-APP-0001,1,450.79,0.3,PLN
SO-2024-000460,1,2024-01-19,2024-01-21,PL-MKT-01,C006717,VM-NUT-0006,12,9.79,0.0,PLN
SO-2024-000460,2,2024-01-19,2024-01-21,PL-MKT-01,C006717,VM-ACC-0007,2,352.79,0.0,PLN
SO-2024-000461,1,2024-01-19,2024-01-21,PL-MKT-01,C006718,VM-APP-0017,1,186.19,0.3,PLN
SO-2024-000462,1,2024-01-19,2024-01-19,CZ-PRG-01,,VM-APP-0002,3,2307.0,0.3,CZK
SO-2024-000463,1,2024-01-19,2024-01-19,CZ-PRG-01,C006126,VM-ACC-0007,2,1888.0,0.0,CZK
SO-2024-000463,2,2024-01-19,2024-01-19,CZ-PRG-01,C006126,VM-APP-0014,1,2569.0,0.3,CZK
SO-2024-000464,1,2024-01-19,2024-01-19,CZ-PRG-01,,VM-APP-0010,1,891.0,0.3,CZK
SO-2024-000465,1,2024-01-19,2024-01-23,CZ-WEB-01,C005855,VM-BIK-0006,1,34554.0,0.05,CZK
SO-2024-000466,1,2024-01-19,2024-01-19,DE-BER-01,,VM-ACC-0007,1,79.91,0.0,EUR
SO-2024-000466,2,2024-01-19,2024-01-19,DE-BER-01,,VM-ACC-0020,1,179.79,0.0,EUR
SO-2024-000467,1,2024-01-19,2024-01-19,DE-BER-01,C003567,VM-ACC-0007,1,79.91,0.05,EUR
SO-2024-000468,1,2024-01-19,2024-01-19,DE-BER-01,C000675,VM-BIK-0001,1,3038.77,0.05,EUR
SO-2024-000468,2,2024-01-19,2024-01-19,DE-BER-01,C000675,VM-ACC-0003,1,64.37,0.05,EUR
SO-2024-000468,3,2024-01-19,2024-01-19,DE-BER-01,C000675,VM-ACC-0008,2,88.79,0.05,EUR
SO-2024-000468,4,2024-01-19,2024-01-19,DE-BER-01,C000675,VM-APP-0010,1,37.73,0.3,EUR
SO-2024-000469,1,2024-01-19,2024-01-19,DE-BER-01,C006622,VM-BIK-0007,1,1564.89,0.0,EUR
SO-2024-000469,2,2024-01-19,2024-01-19,DE-BER-01,C006622,VM-ACC-0018,3,11.1,0.0,EUR
SO-2024-000470,1,2024-01-19,2024-01-21,DE-WEB-01,C006719,VM-CMP-0013,1,117.64,0.0,EUR
SO-2024-000470,2,2024-01-19,2024-01-21,DE-WEB-01,C006719,VM-ACC-0008,2,88.79,0.0,EUR
SO-2024-000471,1,2024-01-19,2024-01-23,DE-WEB-01,C004582,VM-CMP-0013,2,117.64,0.05,EUR
SO-2024-000472,1,2024-01-20,2024-01-20,PL-WAW-01,C006720,VM-CMP-0013,2,519.39,0.0,PLN
SO-2024-000473,1,2024-01-20,2024-01-20,PL-WAW-01,C006721,VM-NUT-0005,6,8.81,0.0,PLN
SO-2024-000473,2,2024-01-20,2024-01-20,PL-WAW-01,C006721,VM-CMP-0023,3,57.81,0.0,PLN
SO-2024-000474,1,2024-01-20,2024-01-20,PL-WAW-01,C006722,VM-CMP-0013,2,519.39,0.0,PLN
SO-2024-000474,2,2024-01-20,2024-01-20,PL-WAW-01,C006722,VM-NUT-0009,1,83.29,0.0,PLN
SO-2024-000474,3,2024-01-20,2024-01-20,PL-WAW-01,C006722,VM-EBK-0001,1,7516.59,0.0,PLN
SO-2024-000475,1,2024-01-20,2024-01-20,PL-WAW-02,C006723,VM-NUT-0004,13,6.85,0.0,PLN
SO-2024-000475,2,2024-01-20,2024-01-20,PL-WAW-02,C006723,VM-ACC-0012,1,70.55,0.0,PLN
SO-2024-000476,1,2024-01-20,2024-01-20,PL-WAW-02,,VM-NUT-0003,15,10.77,0.0,PLN
SO-2024-000477,1,2024-01-20,2024-01-20,PL-WAW-02,C001379,VM-APP-0002,1,431.19,0.0,PLN
SO-2024-000478,1,2024-01-20,2024-01-20,PL-KRK-01,,VM-ACC-0004,1,764.39,0.0,PLN
SO-2024-000479,1,2024-01-20,2024-01-20,PL-KRK-01,,VM-ACC-0019,2,48.99,0.0,PLN
SO-2024-000480,1,2024-01-20,2024-01-20,PL-KRK-01,C005569,VM-APP-0001,2,450.79,0.3,PLN
SO-2024-000481,1,2024-01-20,2024-01-20,PL-WRO-01,C006724,VM-CMP-0020,1,254.79,0.0,PLN
SO-2024-000482,1,2024-01-20,2024-01-20,PL-WRO-01,C006725,VM-ACC-0020,1,793.79,0.05,PLN
SO-2024-000483,1,2024-01-20,2024-01-20,PL-GDN-01,C006726,VM-EBK-0001,1,7516.59,0.05,PLN
SO-2024-000483,2,2024-01-20,2024-01-20,PL-GDN-01,C006726,VM-ACC-0018,3,48.99,0.05,PLN
SO-2024-000484,1,2024-01-20,2024-01-20,PL-GDN-01,C004767,VM-NUT-0005,35,8.81,0.1,PLN
SO-2024-000484,2,2024-01-20,2024-01-20,PL-GDN-01,C004767,VM-APP-0002,10,431.19,0.1,PLN
SO-2024-000485,1,2024-01-20,2024-01-24,PL-WEB-01,C006727,VM-CMP-0020,2,254.79,0.0,PLN
SO-2024-000486,1,2024-01-20,2024-01-22,PL-WEB-01,C006728,VM-ACC-0017,3,56.83,0.0,PLN
SO-2024-000487,1,2024-01-20,2024-01-21,PL-WEB-01,C005253,VM-CMP-0013,1,519.39,0.05,PLN
SO-2024-000488,1,2024-01-20,2024-01-22,PL-WEB-01,C006729,VM-ACC-0008,2,391.99,0.0,PLN
SO-2024-000488,2,2024-01-20,2024-01-22,PL-WEB-01,C006729,VM-ACC-0007,1,352.79,0.0,PLN
SO-2024-000489,1,2024-01-20,2024-01-24,PL-WEB-01,C006730,VM-APP-0007,1,156.79,0.0,PLN
SO-2024-000489,2,2024-01-20,2024-01-24,PL-WEB-01,C006730,VM-BIK-0013,1,4703.99,0.0,PLN
SO-2024-000490,1,2024-01-20,2024-01-24,PL-MKT-01,C002985,VM-CMP-0019,4,205.79,0.0,PLN
SO-2024-000490,2,2024-01-20,2024-01-24,PL-MKT-01,C002985,VM-APP-0001,2,450.79,0.3,PLN
SO-2024-000490,3,2024-01-20,2024-01-24,PL-MKT-01,C002985,VM-CMP-0017,1,489.99,0.0,PLN
SO-2024-000491,1,2024-01-20,2024-01-22,PL-MKT-01,C004781,VM-APP-0002,3,431.19,0.3,PLN
SO-2024-000491,2,2024-01-20,2024-01-22,PL-MKT-01,C004781,VM-ACC-0003,2,284.19,0.0,PLN
SO-2024-000491,3,2024-01-20,2024-01-22,PL-MKT-01,C004781,VM-CMP-0004,2,705.59,0.0,PLN
SO-2024-000491,4,2024-01-20,2024-01-22,PL-MKT-01,C004781,VM-APP-0004,1,235.19,0.3,PLN
SO-2024-000492,1,2024-01-20,2024-01-23,PL-MKT-01,C003921,VM-NUT-0009,3,83.29,0.0,PLN
SO-2024-000492,2,2024-01-20,2024-01-23,PL-MKT-01,C003921,VM-BIK-0014,1,3753.39,0.0,PLN
SO-2024-000493,1,2024-01-20,2024-01-24,PL-MKT-01,C006731,VM-BIK-0001,1,13416.19,0.05,PLN
SO-2024-000493,2,2024-01-20,2024-01-24,PL-MKT-01,C006731,VM-ACC-0004,2,764.39,0.05,PLN
SO-2024-000494,1,2024-01-20,2024-01-20,CZ-PRG-01,C006732,VM-NUT-0003,15,58.0,0.0,CZK
SO-2024-000495,1,2024-01-20,2024-01-21,CZ-WEB-01,C006733,VM-CMP-0013,1,2779.0,0.1,CZK
SO-2024-000495,2,2024-01-20,2024-01-21,CZ-WEB-01,C006733,VM-APP-0007,1,839.0,0.3,CZK
SO-2024-000496,1,2024-01-20,2024-01-20,DE-BER-01,C004048,VM-APP-0012,1,193.11,0.3,EUR
SO-2024-000497,1,2024-01-20,2024-01-22,DE-WEB-01,C006156,VM-NUT-0002,7,3.33,0.0,EUR
SO-2024-000497,2,2024-01-20,2024-01-22,DE-WEB-01,C006156,VM-ACC-0008,1,88.79,0.0,EUR
SO-2024-000498,1,2024-01-20,2024-01-24,DE-WEB-01,C005745,VM-BIK-0009,1,1251.91,0.0,EUR
SO-2024-000499,1,2024-01-21,2024-01-25,PL-WEB-01,C000115,VM-NUT-0010,1,34.29,0.0,PLN
SO-2024-000500,1,2024-01-21,2024-01-23,PL-WEB-01,C006734,VM-APP-0010,2,166.59,0.3,PLN
SO-2024-000501,1,2024-01-21,2024-01-23,PL-WEB-01,C006735,VM-APP-0005,1,176.39,0.0,PLN
SO-2024-000502,1,2024-01-21,2024-01-25,PL-WEB-01,C006736,VM-ACC-0020,1,793.79,0.0,PLN
SO-2024-000502,2,2024-01-21,2024-01-25,PL-WEB-01,C006736,VM-BIK-0006,1,6458.19,0.0,PLN
SO-2024-000503,1,2024-01-21,2024-01-23,PL-WEB-01,C001748,VM-CMP-0006,2,195.99,0.0,PLN
SO-2024-000503,2,2024-01-21,2024-01-23,PL-WEB-01,C001748,VM-CMP-0011,2,156.79,0.0,PLN
SO-2024-000504,1,2024-01-21,2024-01-23,PL-WEB-01,C005363,VM-APP-0006,2,303.79,0.3,PLN
SO-2024-000505,1,2024-01-21,2024-01-23,PL-WEB-01,C006737,VM-ACC-0008,1,391.99,0.0,PLN
SO-2024-000505,2,2024-01-21,2024-01-23,PL-WEB-01,C006737,VM-BIK-0005,1,7261.79,0.0,PLN
SO-2024-000506,1,2024-01-21,2024-01-23,PL-WEB-01,C006738,VM-ACC-0018,2,48.99,0.0,PLN
SO-2024-000507,1,2024-01-21,2024-01-23,PL-MKT-01,C006739,VM-ACC-0014,1,107.79,0.05,PLN
SO-2024-000508,1,2024-01-21,2024-01-23,PL-MKT-01,C006740,VM-APP-0008,2,156.79,0.3,PLN
SO-2024-000509,1,2024-01-21,2024-01-22,PL-MKT-01,C006469,VM-NUT-0004,27,6.85,0.1,PLN
SO-2024-000509,2,2024-01-21,2024-01-22,PL-MKT-01,C006469,VM-APP-0013,2,431.19,0.3,PLN
SO-2024-000509,3,2024-01-21,2024-01-22,PL-MKT-01,C006469,VM-ACC-0002,3,597.79,0.12,PLN
SO-2024-000509,4,2024-01-21,2024-01-22,PL-MKT-01,C006469,VM-APP-0005,4,176.39,0.3,PLN
SO-2024-000510,1,2024-01-21,2024-01-23,CZ-WEB-01,C006687,VM-BIK-0014,1,20082.0,0.0,CZK
SO-2024-000511,1,2024-01-22,2024-01-22,PL-WAW-02,C006741,VM-CMP-0018,4,60.75,0.0,PLN
SO-2024-000512,1,2024-01-22,2024-01-22,PL-KRK-01,C006742, VM-NUT-0003 ,7,10.77,0.0,PLN
SO-2024-000512,2,2024-01-22,2024-01-22,PL-KRK-01,C006742,VM-BIK-0011,1,8476.99,0.0,PLN
SO-2024-000513,1,2024-01-22,2024-01-22,PL-WRO-01,C006743,VM-NUT-0005,9,8.81,0.0,PLN
SO-2024-000513,2,2024-01-22,2024-01-22,PL-WRO-01,C006743,VM-CMP-0009,1,342.99,0.0,PLN
SO-2024-000514,1,2024-01-22,2024-01-22,PL-GDN-01,C006744,VM-ACC-0020,1,793.79,0.0,PLN
SO-2024-000515,1,2024-01-22,2024-01-22,PL-GDN-01,C006745,VM-ACC-0018,2,48.99,0.0,PLN
SO-2024-000515,2,2024-01-22,2024-01-22,PL-GDN-01,C006745,VM-APP-0016,1,597.79,0.3,PLN
SO-2024-000515,3,2024-01-22,2024-01-22,PL-GDN-01,C006745,VM-ACC-0008,1,391.99,0.0,PLN
SO-2024-000516,1,2024-01-22,2024-01-22,PL-GDN-01,C005938,VM-BIK-0003,1,6409.19,0.0,PLN
SO-2024-000516,2,2024-01-22,2024-01-22,PL-GDN-01,C005938,VM-ACC-0019,1,48.99,0.0,PLN
SO-2024-000517,1,2024-01-22,2024-01-22,PL-GDN-01,,VM-APP-0005,1,176.39,0.0,PLN
SO-2024-000518,1,2024-01-22,2024-01-23,PL-WEB-01,C006746,VM-NUT-0001,14,8.81,0.0,PLN
SO-2024-000518,2,2024-01-22,2024-01-23,PL-WEB-01,C006746,VM-APP-0008,2,156.79,0.3,PLN
SO-2024-000519,1,2024-01-22,2024-01-26,PL-WEB-01,C006014,VM-NUT-0003,5,10.77,0.0,PLN
SO-2024-000519,2,2024-01-22,2024-01-26,PL-WEB-01,C006014,VM-EBK-0003,1,8908.19,0.0,PLN
SO-2024-000520,1,2024-01-22,2024-01-25,PL-WEB-01,C006747,VM-CMP-0020,4,254.79,0.0,PLN
SO-2024-000521,1,2024-01-22,2024-01-25,PL-WEB-01,C004109,VM-NUT-0002,12,14.69,0.0,PLN
SO-2024-000521,2,2024-01-22,2024-01-25,PL-WEB-01,C004109,VM-APP-0001,3,450.79,0.0,PLN
SO-2024-000521,3,2024-01-22,2024-01-25,PL-WEB-01,C004109,VM-APP-0010,1,166.59,0.3,PLN
SO-2024-000521,4,2024-01-22,2024-01-25,PL-WEB-01,C004109,VM-NUT-0006,7,9.79,0.0,PLN
SO-2024-000522,1,2024-01-22,2024-01-23,PL-MKT-01,C006748,VM-ACC-0020,1,793.79,0.0,PLN
SO-2024-000523,1,2024-01-22,2024-01-22,CZ-PRG-01,,VM-APP-0013,1,2307.0,0.05,CZK
SO-2024-000524,1,2024-01-22,2024-01-24,CZ-WEB-01,C001116,VM-ACC-0017,1,304.0,0.05,CZK
SO-2024-000525,1,2024-01-22,2024-01-22,DE-BER-01,C003361,VM-CMP-0019,1,46.61,0.0,EUR
SO-2024-000526,1,2024-01-22,2024-01-23,DE-WEB-01,C004943,VM-NUT-0004,12,1.55,0.0,EUR
SO-2024-000526,2,2024-01-22,2024-01-23,DE-WEB-01,C004943,VM-APP-0001,1,102.1,0.0,EUR
SO-2024-000527,1,2024-01-22,2024-01-24,DE-WEB-01,C004943,VM-BIK-0007,1,1564.89,0.0,EUR
SO-2024-000528,1,2024-01-23,2024-01-23,PL-WAW-01,C006749,VM-EBK-0002,1,9750.99,0.0,PLN
SO-2024-000528,2,2024-01-23,2024-01-23,PL-WAW-01,C006749,VM-NUT-0009,2,83.29,0.0,PLN
SO-2024-000528,3,2024-01-23,2024-01-23,PL-WAW-01,C006749,VM-ACC-0008,2,391.99,0.0,PLN
SO-2024-000529,1,2024-01-23,2024-01-23,PL-WAW-02,C006750,VM-APP-0017,1,186.19,0.05,PLN
SO-2024-000530,1,2024-01-23,2024-01-23,PL-KRK-01,C006751,VM-CMP-0006,1,195.99,0.0,PLN
SO-2024-000531,1,2024-01-23,2024-01-23,PL-GDN-01,,VM-BIK-0007,1,6908.99,0.05,PLN
SO-2024-000531,2,2024-01-23,2024-01-23,PL-GDN-01,,VM-ACC-0013,1,166.59,0.0,PLN
SO-2024-000532,1,2024-01-23,2024-01-23,PL-POZ-01,,VM-CMP-0017,2,489.99,0.0,PLN
SO-2024-000532,2,2024-01-23,2024-01-23,PL-POZ-01,,VM-NUT-0001,5,8.81,0.0,PLN
SO-2024-000533,1,2024-01-23,2024-01-23,PL-POZ-01,,VM-BIK-0019,1,1185.79,0.0,PLN
SO-2024-000534,1,2024-01-23,2024-01-26,PL-WEB-01,C006752,VM-CMP-0018,2,60.75,0.0,PLN
SO-2024-000535,1,2024-01-23,2024-01-24,PL-WEB-01,C006753,VM-NUT-0002,10,14.69,0.0,PLN
SO-2024-000535,2,2024-01-23,2024-01-24,PL-WEB-01,C006753,VM-NUT-0006,11,9.79,0.0,PLN
SO-2024-000535,3,2024-01-23,2024-01-24,PL-WEB-01,C006753,VM-APP-0014,1,480.19,0.0,PLN
SO-2024-000536,1,2024-01-23,2024-01-26,PL-WEB-01,C003520,VM-ACC-0023,1,911.39,0.0,PLN
SO-2024-000537,1,2024-01-23,2024-01-26,PL-MKT-01,C004946, VM-APP-0010 ,1,166.59,0.0,PLN
SO-2024-000538,1,2024-01-23,2024-01-23,CZ-PRG-01,C006754,VM-ACC-0008,1,2097.0,0.0,CZK
SO-2024-000538,2,2024-01-23,2024-01-23,CZ-PRG-01,C006754,VM-ACC-0007,1,1888.0,0.0,CZK
SO-2024-000538,3,2024-01-23,2024-01-23,CZ-PRG-01,C006754,VM-NUT-0010,4,183.0,0.0,CZK
SO-2024-000539,1,2024-01-23,2024-01-23,CZ-PRG-01,,VM-ACC-0021,1,4090.0,0.0,CZK
SO-2024-000540,1,2024-01-23,2024-01-23,CZ-PRG-01,C006654,VM-ACC-0006,1,4981.0,0.0,CZK
SO-2024-000540,2,2024-01-23,2024-01-23,CZ-PRG-01,C006654,VM-ACC-0008,2,2097.0,0.0,CZK
SO-2024-000541,1,2024-01-23,2024-01-25,CZ-WEB-01,C005540,VM-ACC-0017,3,304.0,0.0,CZK
SO-2024-000542,1,2024-01-23,2024-01-26,DE-WEB-01,C005959,VM-CMP-0016,2,546.05,0.0,EUR
SO-2024-000542,2,2024-01-23,2024-01-26,DE-WEB-01,C005959,VM-EBK-0007,1,3262.96,0.0,EUR
SO-2024-000543,1,2024-01-23,2024-01-25,DE-WEB-01,C000273,VM-ACC-0008,2,88.79,0.0,EUR
SO-2024-000543,2,2024-01-23,2024-01-25,DE-WEB-01,C000273,VM-NUT-0009,3,18.87,0.0,EUR
SO-2024-000544,1,2024-01-23,2024-01-24,DE-WEB-01,C006254,VM-APP-0013,1,97.66,0.3,EUR
SO-2024-000545,1,2024-01-23,2024-01-26,DE-WEB-01,C006755,VM-APP-0015,1,126.52,0.0,EUR
SO-2024-000545,2,2024-01-23,2024-01-26,DE-WEB-01,C006755,VM-ACC-0004,2,173.13,0.0,EUR
SO-2024-000545,3,2024-01-23,2024-01-26,DE-WEB-01,C006755,VM-CMP-0014,2,95.45,0.0,EUR
SO-2024-000546,1,2024-01-24,2024-01-24,PL-KRK-01,,VM-BIK-0005,1,7261.79,0.0,PLN
SO-2024-000547,1,2024-01-24,2024-01-24,PL-WRO-01,, VM-CMP-0020 ,2,254.79,0.0,PLN
SO-2024-000547,2,2024-01-24,2024-01-24,PL-WRO-01,,VM-NUT-0004,6,6.85,0.0,PLN
SO-2024-000548,1,2024-01-24,2024-01-27,PL-WEB-01,C006756,VM-CMP-0013,1,519.39,0.0,PLN
SO-2024-000548,2,2024-01-24,2024-01-27,PL-WEB-01,C006756,VM-ACC-0006,1,930.99,0.0,PLN
SO-2024-000548,3,2024-01-24,2024-01-27,PL-WEB-01,C006756,VM-NUT-0010,4,34.29,0.0,PLN
SO-2024-000548,4,2024-01-24,2024-01-27,PL-WEB-01,C006756,VM-CMP-0017,2,489.99,0.0,PLN
SO-2024-000549,1,2024-01-24,2024-01-27,PL-WEB-01,C006757,VM-NUT-0009,3,83.29,0.0,PLN
SO-2024-000549,2,2024-01-24,2024-01-27,PL-WEB-01,C006757,VM-ACC-0008,2,391.99,0.0,PLN
SO-2024-000550,1,2024-01-24,2024-01-28,PL-MKT-01,C004357,VM-ACC-0019,3,48.99,0.05,PLN
SO-2024-000551,1,2024-01-24,2024-01-25,PL-MKT-01,C001030, VM-EBK-0010 ,1,13220.19,0.0,PLN
SO-2024-000551,2,2024-01-24,2024-01-25,PL-MKT-01,C001030,VM-ACC-0003,1,284.19,0.0,PLN
SO-2024-000552,1,2024-01-24,2024-01-28,CZ-WEB-01,C006758,VM-NUT-0002,24,79.0,0.12,CZK
SO-2024-000552,2,2024-01-24,2024-01-28,CZ-WEB-01,C006758,VM-APP-0020,10,944.0,0.3,CZK
SO-2024-000552,3,2024-01-24,2024-01-28,CZ-WEB-01,C006758,VM-APP-0013,2,2307.0,0.3,CZK
SO-2024-000553,1,2024-01-24,2024-01-26,CZ-WEB-01,C005404,VM-NUT-0001,14,47.0,0.0,CZK
SO-2024-000554,1,2024-01-24,2024-01-24,DE-BER-01,C005029,VM-ACC-0020,1,179.79,0.0,EUR
SO-2024-000555,1,2024-01-24,2024-01-27,DE-WEB-01,C006759,VM-ACC-0010,1,55.49,0.05,EUR
SO-2024-000555,2,2024-01-24,2024-01-27,DE-WEB-01,C006759,VM-CMP-0021,3,10.65,0.05,EUR
SO-2024-000555,3,2024-01-24,2024-01-27,DE-WEB-01,C006759,VM-NUT-0002,13,3.33,0.05,EUR
SO-2024-000555,4,2024-01-24,2024-01-27,DE-WEB-01,C006759,VM-CMP-0015,2,204.21,0.05,EUR
SO-2024-000556,1,2024-01-24,2024-01-25,DE-WEB-01,C004702,VM-ACC-0009,1,88.79,0.0,EUR
SO-2024-000556,2,2024-01-24,2024-01-25,DE-WEB-01,C004702,VM-APP-0002,2,97.66,0.0,EUR
SO-2024-000556,3,2024-01-24,2024-01-25,DE-WEB-01,C004702,VM-NUT-0004,9,1.55,0.0,EUR
SO-2024-000557,1,2024-01-25,2024-01-25,PL-WAW-01,C006760,VM-ACC-0008,5,391.99,0.1,PLN
SO-2024-000558,1,2024-01-25,2024-01-25,PL-KRK-01,C002540,VM-BIK-0021,1,1224.99,0.05,PLN
SO-2024-000559,1,2024-01-25,2024-01-25,PL-KRK-01,C006761,VM-APP-0013,1,431.19,0.3,PLN
SO-2024-000560,1,2024-01-25,2024-01-25,PL-WRO-01,,VM-EBK-0009,1,9711.79,0.0,PLN
SO-2024-000561,1,2024-01-25,2024-01-25,PL-WRO-01,C005686,VM-ACC-0018,3,48.99,0.0,PLN
SO-2024-000561,2,2024-01-25,2024-01-25,PL-WRO-01,C005686,VM-ACC-0001,2,372.39,0.0,PLN
SO-2024-000561,3,2024-01-25,2024-01-25,PL-WRO-01,C005686, VM-NUT-0010 ,2,34.29,0.0,PLN
SO-2024-000562,1,2024-01-25,2024-01-25,PL-WRO-01,C006628,vm-acc-0004,1,764.39,0.0,PLN
SO-2024-000562,2,2024-01-25,2024-01-25,PL-WRO-01,C006628,VM-ACC-0008,2,391.99,0.0,PLN
SO-2024-000562,3,2024-01-25,2024-01-25,PL-WRO-01,C006628,VM-NUT-0004,6,6.85,0.0,PLN
SO-2024-000563,1,2024-01-25,2024-01-25,PL-WRO-01,C006475,VM-NUT-0005,10,8.81,0.05,PLN
SO-2024-000564,1,2024-01-25,2024-01-25,PL-GDN-01,C006375,VM-NUT-0007,45,12.73,0.08,PLN
SO-2024-000565,1,2024-01-25,2024-01-25,PL-POZ-01,C004528,VM-ACC-0008,1,391.99,0.0,PLN
SO-2024-000566,1,2024-01-25,2024-01-25,PL-POZ-01,C006762,VM-CMP-0021,3,47.03,0.0,PLN
SO-2024-000567,1,2024-01-25,2024-01-28,PL-WEB-01,C005641,VM-NUT-0007,7,12.73,0.0,PLN
SO-2024-000567,2,2024-01-25,2024-01-28,PL-WEB-01,C005641,VM-NUT-0009,2,83.29,0.0,PLN
SO-2024-000568,1,2024-01-25,2024-01-29,PL-WEB-01,C001083,VM-ACC-0014,1,107.79,0.05,PLN
SO-2024-000569,1,2024-01-25,2024-01-28,PL-WEB-01,C001432,VM-BIK-0012,1,11573.79,0.0,PLN
SO-2024-000570,1,2024-01-25,2024-01-28,PL-WEB-01,C004985,VM-BIK-0009,5,5527.19,0.1,PLN
SO-2024-000570,2,2024-01-25,2024-01-28,PL-WEB-01,C004985,VM-ACC-0018,6,48.99,0.1,PLN
SO-2024-000571,1,2024-01-25,2024-01-28,PL-MKT-01,C001782,VM-BIK-0013,1,4703.99,0.0,PLN
SO-2024-000572,1,2024-01-25,2024-01-29,PL-MKT-01,C004041, VM-APP-0002 ,3,431.19,0.3,PLN
SO-2024-000572,2,2024-01-25,2024-01-29,PL-MKT-01,C004041,VM-NUT-0003,14,10.77,0.05,PLN
SO-2024-000573,1,2024-01-25,2024-01-26,PL-MKT-01,C000251,VM-CMP-0015,2,901.59,0.05,PLN
SO-2024-000574,1,2024-01-25,2024-01-28,PL-MKT-01,C006763,VM-CMP-0022,2,35.27,0.05,PLN
SO-2024-000574,2,2024-01-25,2024-01-28,PL-MKT-01,C006763,VM-APP-0007,2,156.79,0.3,PLN
SO-2024-000575,1,2024-01-25,2024-01-26,PL-MKT-01,C000708,VM-ACC-0020,1,793.79,0.0,PLN
SO-2024-000575,2,2024-01-25,2024-01-26,PL-MKT-01,C000708,VM-ACC-0018,1,48.99,0.0,PLN
SO-2024-000575,3,2024-01-25,2024-01-26,PL-MKT-01,C000708,VM-CMP-0003,1,235.19,0.0,PLN
SO-2024-000575,4,2024-01-25,2024-01-26,PL-MKT-01,C000708,VM-ACC-0006,1,930.99,0.0,PLN
SO-2024-000576,1,2024-01-25,2024-01-28,PL-MKT-01,C006306,VM-ACC-0008,2,391.99,0.0,PLN
SO-2024-000577,1,2024-01-25,2024-01-26,CZ-WEB-01,C006764,VM-CMP-0016,2,12899.0,0.0,CZK
SO-2024-000577,2,2024-01-25,2024-01-26,CZ-WEB-01,C006764, VM-BIK-0007 ,1,36966.0,0.0,CZK
SO-2024-000577,3,2024-01-25,2024-01-26,CZ-WEB-01,C006764,VM-APP-0012,1,4562.0,0.3,CZK
SO-2024-000577,4,2024-01-25,2024-01-26,CZ-WEB-01,C006764,VM-BIK-0010,1,33139.0,0.0,CZK
SO-2024-000578,1,2024-01-25,2024-01-28,CZ-WEB-01,C006765,VM-CMP-0010,1,2045.0,0.0,CZK
SO-2024-000578,2,2024-01-25,2024-01-28,CZ-WEB-01,C006765,VM-NUT-0006,3,52.0,0.0,CZK
SO-2024-000578,3,2024-01-25,2024-01-28,CZ-WEB-01,C006765,VM-APP-0013,1,2307.0,0.0,CZK
SO-2024-000579,1,2024-01-25,2024-01-26,DE-WEB-01,C004185,VM-APP-0012,1,193.11,0.0,EUR
SO-2024-000580,1,2024-01-26,2024-01-26,PL-WAW-01,C004281,VM-APP-0013,1,431.19,0.0,PLN
SO-2024-000580,2,2024-01-26,2024-01-26,PL-WAW-01,C004281, VM-CMP-0009 ,1,342.99,0.0,PLN
SO-2024-000581,1,2024-01-26,2024-01-26,PL-WAW-02,C006766,VM-BIK-0013,1,4703.99,0.0,PLN
SO-2024-000581,2,2024-01-26,2024-01-26,PL-WAW-02,C006766,VM-ACC-0012,1,70.55,0.0,PLN
SO-2024-000582,1,2024-01-26,2024-01-26,PL-WAW-02,C005241,VM-BIK-0001,1,13416.19,0.0,PLN
SO-2024-000583,1,2024-01-26,2024-01-26,PL-KRK-01,C006767,VM-CMP-0019,6,205.79,0.08,PLN
SO-2024-000583,2,2024-01-26,2024-01-26,PL-KRK-01,C006767,VM-APP-0013,3,431.19,0.3,PLN
SO-2024-000583,3,2024-01-26,2024-01-26,PL-KRK-01,C006767,VM-NUT-0010,9,34.29,0.1,PLN
SO-2024-000583,4,2024-01-26,2024-01-26,PL-KRK-01,C006767,VM-CMP-0009,10,342.99,0.1,PLN
SO-2024-000584,1,2024-01-26,2024-01-26,PL-WRO-01,C006768,VM-NUT-0009,2,83.29,0.0,PLN
SO-2024-000584,2,2024-01-26,2024-01-26,PL-WRO-01,C006768,VM-ACC-0003,2,284.19,0.0,PLN
SO-2024-000585,1,2024-01-26,2024-01-26,PL-WRO-01,C005153,VM-ACC-0010,1,244.99,0.0,PLN
SO-2024-000586,1,2024-01-26,2024-01-26,PL-POZ-01,,VM-ACC-0017,2,56.83,0.0,PLN
SO-2024-000587,1,2024-01-26,2024-01-30,PL-WEB-01,C006769,VM-APP-0007,1,156.79,0.0,PLN
SO-2024-000587,2,2024-01-26,2024-01-30,PL-WEB-01,C006769,VM-APP-0005,3,176.39,0.0,PLN
SO-2024-000588,1,2024-01-26,2024-01-27,PL-WEB-01,C006597,VM-BIK-0013,1,4703.99,0.0,PLN
SO-2024-000588,2,2024-01-26,2024-01-27,PL-WEB-01,C006597,VM-ACC-0007,1,352.79,0.0,PLN
SO-2024-000588,3,2024-01-26,2024-01-27,PL-WEB-01,C006597,VM-CMP-0023,4,57.81,0.0,PLN
SO-2024-000588,4,2024-01-26,2024-01-27,PL-WEB-01,C006597,VM-APP-0002,1,431.19,0.3,PLN
SO-2024-000589,1,2024-01-26,2024-01-30,PL-WEB-01,C006587,VM-ACC-0018,12,48.99,0.12,PLN
SO-2024-000590,1,2024-01-26,2024-01-29,PL-WEB-01,C003735,VM-ACC-0014,1,107.79,0.0,PLN
SO-2024-000590,2,2024-01-26,2024-01-29,PL-WEB-01,C003735,VM-NUT-0010,2,34.29,0.0,PLN
SO-2024-000590,3,2024-01-26,2024-01-29,PL-WEB-01,C003735,VM-ACC-0008,2,391.99,0.0,PLN
SO-2024-000591,1,2024-01-26,2024-01-30,PL-MKT-01,C001959,VM-APP-0015,1,558.59,0.0,PLN
SO-2024-000591,2,2024-01-26,2024-01-30,PL-MKT-01,C001959,VM-APP-0008,2,156.79,0.1,PLN
SO-2024-000592,1,2024-01-26,2024-01-28,PL-MKT-01,C000476,VM-BIK-0007,1,6908.99,0.0,PLN
SO-2024-000592,2,2024-01-26,2024-01-28,PL-MKT-01,C000476,VM-ACC-0012,1,70.55,0.0,PLN
SO-2024-000592,3,2024-01-26,2024-01-28,PL-MKT-01,C000476,VM-APP-0002,2,431.19,0.0,PLN
SO-2024-000593,1,2024-01-26,2024-01-30,PL-MKT-01,C002837,VM-APP-0007,2,156.79,0.3,PLN
SO-2024-000593,2,2024-01-26,2024-01-30,PL-MKT-01,C002837,VM-ACC-0010,1,244.99,0.0,PLN
SO-2024-000594,1,2024-01-26,2024-01-26,CZ-PRG-01,C004370,VM-NUT-0004,11,37.0,0.0,CZK
SO-2024-000595,1,2024-01-26,2024-01-26,CZ-PRG-01,,VM-CMP-0009,2,1835.0,0.0,CZK
SO-2024-000596,1,2024-01-26,2024-01-28,CZ-WEB-01,C006770,VM-NUT-0009,4,446.0,0.0,CZK
SO-2024-000596,2,2024-01-26,2024-01-28,CZ-WEB-01,C006770,VM-ACC-0013,1,891.0,0.0,CZK
SO-2024-000597,1,2024-01-26,2024-01-26,DE-BER-01,C004464,VM-BIK-0016,1,796.87,0.0,EUR
SO-2024-000597,2,2024-01-26,2024-01-26,DE-BER-01,C004464,VM-ACC-0002,2,135.4,0.0,EUR
SO-2024-000597,3,2024-01-26,2024-01-26,DE-BER-01,C004464,VM-NUT-0004,3,1.55,0.0,EUR
SO-2024-000598,1,2024-01-26,2024-01-26,DE-BER-01,,VM-ACC-0005,2,39.95,0.0,EUR
SO-2024-000599,1,2024-01-26,2024-01-26,DE-BER-01,C002387,VM-APP-0014,1,108.76,0.3,EUR
SO-2024-000599,2,2024-01-26,2024-01-26,DE-BER-01,C002387,VM-APP-0001,2,102.1,0.3,EUR
SO-2024-000599,3,2024-01-26,2024-01-26,DE-BER-01,C002387,VM-NUT-0006,4,2.22,0.0,EUR
SO-2024-000599,4,2024-01-26,2024-01-26,DE-BER-01,C002387,VM-NUT-0010,2,7.77,0.0,EUR
SO-2024-000600,1,2024-01-26,2024-01-26,DE-BER-01,C006771,VM-ACC-0019,3,11.1,0.0,EUR
SO-2024-000601,1,2024-01-26,2024-01-26,DE-BER-01,,VM-APP-0002,3,97.66,0.0,EUR
SO-2024-000601,2,2024-01-26,2024-01-26,DE-BER-01,,VM-ACC-0019,1,11.1,0.0,EUR
SO-2024-000601,3,2024-01-26,2024-01-26,DE-BER-01,,VM-CMP-0014,1,95.45,0.0,EUR
SO-2024-000602,1,2024-01-27,2024-01-27,PL-WAW-01,C006772,VM-ACC-0008,2,391.99,0.0,PLN
SO-2024-000602,2,2024-01-27,2024-01-27,PL-WAW-01,C006772,VM-BIK-0013,1,4703.99,0.0,PLN
SO-2024-000603,1,2024-01-27,2024-01-27,PL-WAW-01,,VM-APP-0001,2,450.79,0.3,PLN
SO-2024-000604,1,2024-01-27,2024-01-27,PL-WAW-01,,VM-ACC-0011,2,70.55,0.0,PLN
SO-2024-000605,1,2024-01-27,2024-01-27,PL-WAW-02,C006773,VM-ACC-0018,3,48.99,0.05,PLN
SO-2024-000605,2,2024-01-27,2024-01-27,PL-WAW-02,C006773,VM-BIK-0009,1,5527.19,0.05,PLN
SO-2024-000606,1,2024-01-27,2024-01-27,PL-WAW-02,C000639,VM-APP-0012,1,852.59,0.3,PLN
SO-2024-000607,1,2024-01-27,2024-01-27,PL-KRK-01,C006570,VM-NUT-0005,9,8.81,0.05,PLN
SO-2024-000608,1,2024-01-27,2024-01-27,PL-KRK-01,C006386,VM-NUT-0005,4,8.81,0.05,PLN
SO-2024-000608,2,2024-01-27,2024-01-27,PL-KRK-01,C006386,VM-NUT-0010,3,34.29,0.05,PLN
SO-2024-000609,1,2024-01-27,2024-01-27,PL-KRK-01,C001768,VM-CMP-0017,1,489.99,0.0,PLN
SO-2024-000610,1,2024-01-27,2024-01-27,PL-KRK-01,C000430,VM-CMP-0023,2,57.81,0.05,PLN
SO-2024-000611,1,2024-01-27,2024-01-27,PL-KRK-01,C006774,VM-BIK-0001,1,13416.19,0.05,PLN
SO-2024-000611,2,2024-01-27,2024-01-27,PL-KRK-01,C006774,VM-BIK-0019,1,1185.79,0.05,PLN
SO-2024-000611,3,2024-01-27,2024-01-27,PL-KRK-01,C006774,VM-ACC-0002,1,597.79,0.05,PLN
SO-2024-000612,1,2024-01-27,2024-01-27,PL-KRK-01,C004528,VM-BIK-0016,1,3518.19,0.0,PLN
SO-2024-000613,1,2024-01-27,2024-01-27,PL-GDN-01,C006775,VM-CMP-0014,2,421.39,0.0,PLN
SO-2024-000613,2,2024-01-27,2024-01-27,PL-GDN-01,C006775,VM-APP-0017,2,186.19,0.3,PLN
SO-2024-000613,3,2024-01-27,2024-01-27,PL-GDN-01,C006775,VM-APP-0001,1,450.79,0.3,PLN
SO-2024-000614,1,2024-01-27,2024-01-27,PL-POZ-01,C002211,VM-CMP-0019,4,205.79,0.0,PLN
SO-2024-000614,2,2024-01-27,2024-01-27,PL-POZ-01,C002211,VM-ACC-0008,1,391.99,0.0,PLN
SO-2024-000615,1,2024-01-27,2024-01-28,PL-WEB-01,C006776,VM-BIK-0020,1,1185.79,0.0,PLN
SO-2024-000615,2,2024-01-27,2024-01-28,PL-WEB-01,C006776,VM-ACC-0001,1,372.39,0.0,PLN
SO-2024-000615,3,2024-01-27,2024-01-28,PL-WEB-01,C006776,VM-ACC-0008,2,391.99,0.0,PLN
SO-2024-000615,4,2024-01-27,2024-01-28,PL-WEB-01,C006776,VM-ACC-0013,1,166.59,0.05,PLN
SO-2024-000616,1,2024-01-27,2024-01-30,PL-WEB-01,C006777,VM-CMP-0013,2,519.39,0.12,PLN
SO-2024-000617,1,2024-01-27,2024-01-29,PL-WEB-01,C002240,VM-APP-0011,2,401.79,0.3,PLN
SO-2024-000617,2,2024-01-27,2024-01-29,PL-WEB-01,C002240,VM-CMP-0013,2,519.39,0.0,PLN
SO-2024-000618,1,2024-01-27,2024-01-30,PL-WEB-01,C006778,VM-NUT-0005,4,8.81,0.0,PLN
SO-2024-000619,1,2024-01-27,2024-01-31,PL-WEB-01,C006779,VM-APP-0006,3,303.79,0.3,PLN
SO-2024-000620,1,2024-01-27,2024-01-29,PL-WEB-01,C006780,VM-ACC-0018,3,48.99,0.0,PLN
SO-2024-000621,1,2024-01-27,2024-01-28,PL-WEB-01,C001478,VM-CMP-0020,4,254.79,0.1,PLN
SO-2024-000621,2,2024-01-27,2024-01-28,PL-WEB-01,C001478,VM-NUT-0003,12,10.77,0.0,PLN
SO-2024-000622,1,2024-01-27,2024-01-30,PL-WEB-01,C006781,VM-CMP-0020,3,254.79,0.0,PLN
SO-2024-000622,2,2024-01-27,2024-01-30,PL-WEB-01,C006781,VM-CMP-0007,1,617.39,0.0,PLN
SO-2024-000623,1,2024-01-27,2024-01-30,PL-MKT-01,C004282,VM-ACC-0007,2,352.79,0.0,PLN
SO-2024-000624,1,2024-01-27,2024-01-29,PL-MKT-01,C004053,VM-NUT-0006,5,9.79,0.0,PLN
SO-2024-000624,2,2024-01-27,2024-01-29,PL-MKT-01,C004053,VM-NUT-0010,4,34.29,0.0,PLN
SO-2024-000625,1,2024-01-27,2024-01-27,CZ-PRG-01,C006782,VM-CMP-0011,2,839.0,0.0,CZK
SO-2024-000626,1,2024-01-27,2024-01-28,DE-WEB-01,C000739,VM-BIK-0005,1,1644.8,0.0,EUR
SO-2024-000627,1,2024-01-27,2024-01-28,DE-WEB-01,C005325,VM-NUT-0011,2,11.98,0.1,EUR
SO-2024-000627,2,2024-01-27,2024-01-28,DE-WEB-01,C005325,VM-ACC-0002,2,135.4,0.0,EUR
SO-2024-000628,1,2024-01-28,2024-01-31,PL-WEB-01,C003355,VM-APP-0013,1,431.19,0.05,PLN
SO-2024-000628,2,2024-01-28,2024-01-31,PL-WEB-01,C003355,VM-CMP-0009,1,342.99,0.05,PLN
SO-2024-000629,1,2024-01-28,2024-01-31,PL-WEB-01,C005502,VM-APP-0002,1,431.19,0.0,PLN
SO-2024-000630,1,2024-01-28,2024-01-31,PL-WEB-01,C005981,VM-NUT-0004,9,6.85,0.0,PLN
SO-2024-000631,1,2024-01-28,2024-02-01,PL-WEB-01,C006783,VM-ACC-0018,3,48.99,0.0,PLN
SO-2024-000631,2,2024-01-28,2024-02-01,PL-WEB-01,C006783,VM-ACC-0008,1,391.99,0.1,PLN
SO-2024-000632,1,2024-01-28,2024-01-30,PL-WEB-01,C004981,VM-APP-0015,1,558.59,0.0,PLN
SO-2024-000633,1,2024-01-28,2024-01-29,PL-MKT-01,C006784,VM-CMP-0018,1,60.75,0.0,PLN
SO-2024-000633,2,2024-01-28,2024-01-29,PL-MKT-01,C006784,VM-CMP-0020,4,254.79,0.0,PLN
SO-2024-000634,1,2024-01-28,2024-01-30,PL-MKT-01,C006785,VM-ACC-0017,1,56.83,0.05,PLN
SO-2024-000634,2,2024-01-28,2024-01-30,PL-MKT-01,C006785,VM-ACC-0015,1,342.99,0.05,PLN
SO-2024-000634,3,2024-01-28,2024-01-30,PL-MKT-01,C006785,VM-APP-0011,1,401.79,0.05,PLN
SO-2024-000635,1,2024-01-28,2024-01-31,PL-MKT-01,C005207,VM-NUT-0011,2,52.91,0.0,PLN
SO-2024-000635,2,2024-01-28,2024-01-31,PL-MKT-01,C005207,VM-CMP-0016,2,2410.79,0.0,PLN
SO-2024-000636,1,2024-01-28,2024-01-31,PL-MKT-01,C006786,VM-APP-0017,1,186.19,0.0,PLN
SO-2024-000636,2,2024-01-28,2024-01-31,PL-MKT-01,C006786,VM-APP-0006,2,303.79,0.0,PLN
SO-2024-000637,1,2024-01-28,2024-01-28,CZ-PRG-01,C006787,VM-ACC-0008,1,2097.0,0.0,CZK
SO-2024-000638,1,2024-01-28,2024-01-31,CZ-WEB-01,C006438,vm-nut-0009,6,446.0,0.08,CZK
SO-2024-000639,1,2024-01-28,2024-01-30,CZ-WEB-01,C006788,VM-CMP-0013,1,2779.0,0.05,CZK
SO-2024-000640,1,2024-01-28,2024-01-29,CZ-WEB-01,C006789,vm-app-0008,8,839.0,0.3,CZK
SO-2024-000640,2,2024-01-28,2024-01-29,CZ-WEB-01,C006789,VM-ACC-0003,8,1521.0,0.12,CZK
SO-2024-000640,3,2024-01-28,2024-01-29,CZ-WEB-01,C006789,VM-APP-0006,12,1625.0,0.3,CZK
SO-2024-000641,1,2024-01-28,2024-01-31,CZ-WEB-01,C000489,VM-ACC-0020,5,4247.0,0.1,CZK
SO-2024-000642,1,2024-01-28,2024-01-30,DE-WEB-01,C004526,VM-ACC-0007,6,79.91,0.12,EUR
SO-2024-000643,1,2024-01-28,2024-01-31,DE-WEB-01,C000308,VM-ACC-0008,1,88.79,0.0,EUR
SO-2024-000644,1,2024-01-28,2024-01-29,DE-WEB-01,C006416,VM-NUT-0006,36,2.22,0.12,EUR
SO-2024-000645,1,2024-01-28,2024-01-30,DE-WEB-01,C006790,VM-CMP-0002,2,124.3,0.0,EUR
SO-2024-000646,1,2024-01-29,2024-01-29,PL-WAW-01,C004985,VM-APP-0012,2,852.59,0.3,PLN
SO-2024-000646,2,2024-01-29,2024-01-29,PL-WAW-01,C004985,VM-APP-0002,9,431.19,0.3,PLN
SO-2024-000646,3,2024-01-29,2024-01-29,PL-WAW-01,C004985,VM-CMP-0001,6,391.99,0.08,PLN
SO-2024-000646,4,2024-01-29,2024-01-29,PL-WAW-01,C004985,VM-ACC-0013,5,166.59,0.12,PLN
SO-2024-000647,1,2024-01-29,2024-01-29,PL-WAW-01,C006791,VM-APP-0006,2,303.79,0.0,PLN
SO-2024-000648,1,2024-01-29,2024-01-29,PL-WAW-02,C006792,VM-ACC-0023,1,911.39,0.0,PLN
SO-2024-000648,2,2024-01-29,2024-01-29,PL-WAW-02,C006792,VM-APP-0020,2,176.39,0.0,PLN
SO-2024-000648,3,2024-01-29,2024-01-29,PL-WAW-02,C006792,VM-BIK-0005,1,7261.79,0.1,PLN
SO-2024-000648,4,2024-01-29,2024-01-29,PL-WAW-02,C006792,VM-CMP-0015,2,901.59,0.0,PLN
SO-2024-000649,1,2024-01-29,2024-01-29,PL-KRK-01,C006793,VM-ACC-0004,1,764.39,0.1,PLN
SO-2024-000649,2,2024-01-29,2024-01-29,PL-KRK-01,C006793,VM-APP-0018,1,127.39,0.3,PLN
SO-2024-000650,1,2024-01-29,2024-01-29,PL-KRK-01,C003825,VM-APP-0010,2,166.59,0.3,PLN
SO-2024-000651,1,2024-01-29,2024-01-29,PL-KRK-01,C001089,VM-APP-0001,2,450.79,0.0,PLN
SO-2024-000651,2,2024-01-29,2024-01-29,PL-KRK-01,C001089,VM-ACC-0013,1,166.59,0.0,PLN
SO-2024-000652,1,2024-01-29,2024-01-29,PL-KRK-01,C006794,VM-BIK-0016,1,3518.19,0.0,PLN
SO-2024-000652,2,2024-01-29,2024-01-29,PL-KRK-01,C006794,VM-ACC-0018,3,48.99,0.0,PLN
SO-2024-000652,3,2024-01-29,2024-01-29,PL-KRK-01,C006794,VM-ACC-0008,2,391.99,0.0,PLN
SO-2024-000652,4,2024-01-29,2024-01-29,PL-KRK-01,C006794,VM-BIK-0010,1,6193.59,0.0,PLN
SO-2024-000653,1,2024-01-29,2024-01-29,PL-KRK-01,C005172,VM-ACC-0006,2,930.99,0.0,PLN
SO-2024-000653,2,2024-01-29,2024-01-29,PL-KRK-01,C005172,VM-ACC-0003,1,284.19,0.0,PLN
SO-2024-000653,3,2024-01-29,2024-01-29,PL-KRK-01,C005172,VM-APP-0012,1,852.59,0.0,PLN
SO-2024-000654,1,2024-01-29,2024-01-29,PL-KRK-01,C006795,VM-NUT-0002,8,14.69,0.0,PLN
SO-2024-000655,1,2024-01-29,2024-01-29,PL-POZ-01,C006796,VM-APP-0001,2,450.79,0.3,PLN
SO-2024-000656,1,2024-01-29,2024-01-29,PL-POZ-01,C003197,VM-APP-0001,3,450.79,0.3,PLN
SO-2024-000656,2,2024-01-29,2024-01-29,PL-POZ-01,C003197,VM-APP-0014,1,480.19,0.3,PLN
SO-2024-000656,3,2024-01-29,2024-01-29,PL-POZ-01,C003197,VM-NUT-0010,3,34.29,0.0,PLN
SO-2024-000656,4,2024-01-29,2024-01-29,PL-POZ-01,C003197,VM-ACC-0018,3,48.99,0.0,PLN
SO-2024-000657,1,2024-01-29,2024-01-29,PL-POZ-01,,VM-BIK-0013,1,4703.99,0.0,PLN
SO-2024-000658,1,2024-01-29,2024-02-02,PL-WEB-01,C006797,VM-APP-0001,1,450.79,0.3,PLN
SO-2024-000659,1,2024-01-29,2024-01-30,PL-WEB-01,C005523,VM-NUT-0004,5,6.85,0.0,PLN
SO-2024-000659,2,2024-01-29,2024-01-30,PL-WEB-01,C005523,VM-APP-0014,1,480.19,0.3,PLN
SO-2024-000660,1,2024-01-29,2024-01-30,PL-WEB-01,C006798,VM-NUT-0006,3,9.79,0.0,PLN
SO-2024-000661,1,2024-01-29,2024-01-31,PL-WEB-01,C006799,VM-BIK-0018,1,2351.99,0.0,PLN
SO-2024-000661,2,2024-01-29,2024-01-31,PL-WEB-01,C006799,VM-ACC-0014,1,107.79,0.0,PLN
SO-2024-000662,1,2024-01-29,2024-02-02,PL-WEB-01,C006800,VM-CMP-0017,1,489.99,0.0,PLN
SO-2024-000662,2,2024-01-29,2024-02-02,PL-WEB-01,C006800,VM-BIK-0008,1,5203.79,0.0,PLN
SO-2024-000663,1,2024-01-29,2024-02-01,PL-WEB-01,C006350,VM-NUT-0003,8,10.77,0.05,PLN
SO-2024-000664,1,2024-01-29,2024-01-31,PL-WEB-01,C006801,VM-NUT-0004,44,6.85,0.1,PLN
SO-2024-000665,1,2024-01-29,2024-02-02,PL-MKT-01,C003866,VM-APP-0002,2,431.19,0.3,PLN
SO-2024-000666,1,2024-01-29,2024-02-02,PL-MKT-01,C006713,VM-CMP-0010,1,382.19,0.0,PLN
SO-2024-000667,1,2024-01-29,2024-02-02,PL-MKT-01,C001701,VM-NUT-0002,12,14.69,0.1,PLN
SO-2024-000668,1,2024-01-29,2024-01-30,CZ-WEB-01,C005373,VM-ACC-0001,2,1992.0,0.05,CZK
SO-2024-000668,2,2024-01-29,2024-01-30,CZ-WEB-01,C005373,VM-ACC-0014,1,577.0,0.05,CZK
SO-2024-000668,3,2024-01-29,2024-01-30,CZ-WEB-01,C005373,VM-CMP-0006,1,1049.0,0.05,CZK
SO-2024-000668,4,2024-01-29,2024-01-30,CZ-WEB-01,C005373,VM-APP-0006,3,1625.0,0.3,CZK
SO-2024-000669,1,2024-01-29,2024-02-01,CZ-WEB-01,C004393,VM-APP-0011,2,2150.0,0.0,CZK
SO-2024-000669,2,2024-01-29,2024-02-01,CZ-WEB-01,C004393,VM-NUT-0011,1,283.0,0.0,CZK
SO-2024-000670,1,2024-01-29,2024-01-31,CZ-WEB-01,C003226,VM-ACC-0013,1,891.0,0.0,CZK
SO-2024-000671,1,2024-01-29,2024-01-29,DE-BER-01,C001482,VM-NUT-0004,9,1.55,0.0,EUR
SO-2024-000672,1,2024-01-29,2024-01-30,DE-WEB-01,C000463,VM-BIK-0004,1,947.81,0.0,EUR
SO-2024-000672,2,2024-01-29,2024-01-30,DE-WEB-01,C000463,VM-ACC-0004,1,173.13,0.0,EUR
SO-2024-000673,1,2024-01-29,2024-01-31,DE-WEB-01,C000695,VM-ACC-0002,2,135.4,0.0,EUR
SO-2024-000674,1,2024-01-29,2024-01-30,DE-WEB-01,C006802,VM-APP-0002,2,97.66,0.3,EUR
SO-2024-000675,1,2024-01-30,2024-01-30,PL-WAW-01,C003233,VM-CMP-0020,8,254.79,0.08,PLN
SO-2024-000676,1,2024-01-30,2024-01-30,PL-WAW-01,C005128,VM-ACC-0015,1,342.99,0.0,PLN
SO-2024-000677,1,2024-01-30,2024-01-30,PL-WAW-01,C000922,VM-CMP-0017,1,489.99,0.0,PLN
SO-2024-000677,2,2024-01-30,2024-01-30,PL-WAW-01,C000922,VM-CMP-0002,1,548.79,0.0,PLN
SO-2024-000677,3,2024-01-30,2024-01-30,PL-WAW-01,C000922,VM-NUT-0006,3,9.79,0.0,PLN
SO-2024-000678,1,2024-01-30,2024-01-30,PL-KRK-01,C004138,VM-NUT-0002,13,14.69,0.0,PLN
SO-2024-000678,2,2024-01-30,2024-01-30,PL-KRK-01,C004138,VM-ACC-0007,1,352.79,0.0,PLN
SO-2024-000679,1,2024-01-30,2024-01-30,PL-WRO-01,C005050,VM-NUT-0006,12,9.79,0.0,PLN
SO-2024-000680,1,2024-01-30,2024-01-30,PL-WRO-01,C003256,vm-nut-0002,6,14.69,0.0,PLN
SO-2024-000681,1,2024-01-30,2024-01-30,PL-GDN-01,,VM-NUT-0006,3,9.79,0.0,PLN
SO-2024-000681,2,2024-01-30,2024-01-30,PL-GDN-01,,VM-CMP-0023,1,57.81,0.1,PLN
SO-2024-000681,3,2024-01-30,2024-01-30,PL-GDN-01,,VM-NUT-0011,1,52.91,0.05,PLN
SO-2024-000681,4,2024-01-30,2024-01-30,PL-GDN-01,,VM-CMP-0001,1,391.99,0.0,PLN
SO-2024-000682,1,2024-01-30,2024-01-30,PL-GDN-01,,VM-CMP-0002,2,548.79,0.0,PLN
SO-2024-000683,1,2024-01-30,2024-01-30,PL-GDN-01,C002089,VM-CMP-0015,1,901.59,0.0,PLN
SO-2024-000683,2,2024-01-30,2024-01-30,PL-GDN-01,C002089,VM-APP-0020,2,176.39,0.3,PLN
SO-2024-000684,1,2024-01-30,2024-01-30,PL-POZ-01,C006803,VM-ACC-0014,1,107.79,0.05,PLN
SO-2024-000684,2,2024-01-30,2024-01-30,PL-POZ-01,C006803,VM-ACC-0021,1,764.39,0.0,PLN
SO-2024-000685,1,2024-01-30,2024-01-30,PL-POZ-01,,VM-ACC-0009,1,391.99,0.0,PLN
SO-2024-000686,1,2024-01-30,2024-01-30,PL-POZ-01,,VM-APP-0008,1,156.79,0.3,PLN
SO-2024-000686,2,2024-01-30,2024-01-30,PL-POZ-01,,VM-BIK-0011,1,8476.99,0.0,PLN
SO-2024-000686,3,2024-01-30,2024-01-30,PL-POZ-01,,VM-APP-0007,2,156.79,0.3,PLN
SO-2024-000687,1,2024-01-30,2024-02-02,PL-WEB-01,C006804,VM-ACC-0002,1,597.79,0.0,PLN
SO-2024-000688,1,2024-01-30,2024-01-31,PL-WEB-01,C006805,VM-CMP-0015,2,901.59,0.0,PLN
SO-2024-000688,2,2024-01-30,2024-01-31,PL-WEB-01,C006805,VM-NUT-0009,4,83.29,0.0,PLN
SO-2024-000688,3,2024-01-30,2024-01-31,PL-WEB-01,C006805,VM-BIK-0011,1,8476.99,0.0,PLN
SO-2024-000689,1,2024-01-30,2024-02-03,PL-WEB-01,C006806,VM-CMP-0008,1,431.19,0.0,PLN
SO-2024-000690,1,2024-01-30,2024-02-03,PL-WEB-01,C004502,VM-CMP-0017,4,489.99,0.12,PLN
SO-2024-000690,2,2024-01-30,2024-02-03,PL-WEB-01,C004502,VM-CMP-0014,4,421.39,0.08,PLN
SO-2024-000690,3,2024-01-30,2024-02-03,PL-WEB-01,C004502,VM-BIK-0017,5,1871.79,0.1,PLN
SO-2024-000691,1,2024-01-30,2024-02-01,PL-WEB-01,C003848,VM-APP-0002,2,431.19,0.1,PLN
SO-2024-000691,2,2024-01-30,2024-02-01,PL-WEB-01,C003848,VM-ACC-0001,2,372.39,0.1,PLN
SO-2024-000691,3,2024-01-30,2024-02-01,PL-WEB-01,C003848,VM-NUT-0001,18,8.81,0.1,PLN
SO-2024-000692,1,2024-01-30,2024-02-01,PL-WEB-01,C006807,VM-CMP-0001,1,391.99,0.0,PLN
SO-2024-000693,1,2024-01-30,2024-02-03,PL-WEB-01,C005356,VM-ACC-0008,2,391.99,0.0,PLN
SO-2024-000694,1,2024-01-30,2024-02-02,PL-WEB-01,C001860,VM-ACC-0014,1,107.79,0.05,PLN
SO-2024-000695,1,2024-01-30,2024-02-02,PL-WEB-01,C000161,VM-APP-0006,3,303.79,0.0,PLN
SO-2024-000695,2,2024-01-30,2024-02-02,PL-WEB-01,C000161,VM-BIK-0016,1,3518.19,0.0,PLN
SO-2024-000696,1,2024-01-30,2024-01-31,PL-MKT-01,C006808,VM-BIK-0019,1,1185.79,0.0,PLN
SO-2024-000696,2,2024-01-30,2024-01-31,PL-MKT-01,C006808,vm-nut-0003,11,10.77,0.0,PLN
SO-2024-000697,1,2024-01-30,2024-02-02,PL-MKT-01,C006809,VM-CMP-0013,2,519.39,0.0,PLN
SO-2024-000697,2,2024-01-30,2024-02-02,PL-MKT-01,C006809,VM-NUT-0001,6,8.81,0.0,PLN
SO-2024-000698,1,2024-01-30,2024-02-03,PL-MKT-01,C006266,VM-APP-0001,2,450.79,0.0,PLN
SO-2024-000699,1,2024-01-30,2024-02-01,PL-MKT-01,C006810,VM-BIK-0020,1,1185.79,0.05,PLN
SO-2024-000700,1,2024-01-30,2024-01-30,CZ-PRG-01,C006811,VM-BIK-0005,1,38854.0,0.0,CZK
SO-2024-000700,2,2024-01-30,2024-01-30,CZ-PRG-01,C006811,VM-ACC-0019,1,262.0,0.0,CZK
SO-2024-000701,1,2024-01-30,2024-01-30,CZ-PRG-01,C001965,VM-APP-0013,1,2307.0,0.3,CZK
SO-2024-000702,1,2024-01-30,2024-01-31,CZ-WEB-01,C006758,VM-CMP-0008,6,2307.0,0.08,CZK
SO-2024-000702,2,2024-01-30,2024-01-31,CZ-WEB-01,C006758,VM-CMP-0010,2,2045.0,0.12,CZK
SO-2024-000703,1,2024-01-30,2024-02-01,CZ-WEB-01,C006812,VM-BIK-0013,1,25168.0,0.05,CZK
SO-2024-000704,1,2024-01-30,2024-02-02,CZ-WEB-01,C002616, VM-APP-0010 ,1,891.0,0.3,CZK
SO-2024-000704,2,2024-01-30,2024-02-02,CZ-WEB-01,C002616,VM-NUT-0006,10,52.0,0.05,CZK
SO-2024-000705,1,2024-01-30,2024-02-01,DE-WEB-01,C006813,vm-acc-0018,2,11.1,0.0,EUR
SO-2024-000705,2,2024-01-30,2024-02-01,DE-WEB-01,C006813,VM-APP-0017,2,42.17,0.3,EUR
SO-2024-000706,1,2024-01-31,2024-01-31,PL-WAW-01,C004888,VM-NUT-0004,15,6.85,0.0,PLN
SO-2024-000707,1,2024-01-31,2024-01-31,PL-WAW-02,C006814,VM-APP-0010,2,166.59,0.3,PLN
SO-2024-000708,1,2024-01-31,2024-01-31,PL-WAW-02,C002819,VM-BIK-0009,1,5527.19,0.05,PLN
SO-2024-000708,2,2024-01-31,2024-01-31,PL-WAW-02,C002819,VM-CMP-0011,2,156.79,0.0,PLN
SO-2024-000709,1,2024-01-31,2024-01-31,PL-KRK-01,C001977,VM-APP-0018,2,127.39,0.05,PLN
SO-2024-000709,2,2024-01-31,2024-01-31,PL-KRK-01,C001977,VM-CMP-0015,2,901.59,0.05,PLN
SO-2024-000709,3,2024-01-31,2024-01-31,PL-KRK-01,C001977,VM-APP-0008,2,156.79,0.3,PLN
SO-2024-000709,4,2024-01-31,2024-01-31,PL-KRK-01,C001977,VM-NUT-0002,4,14.69,0.05,PLN
SO-2024-000710,1,2024-01-31,2024-01-31,PL-KRK-01,,VM-CMP-0017,2,489.99,0.0,PLN
SO-2024-000710,2,2024-01-31,2024-01-31,PL-KRK-01,,VM-NUT-0002,5,14.69,0.0,PLN
SO-2024-000711,1,2024-01-31,2024-01-31,PL-KRK-01,,VM-BIK-0012,1,11573.79,0.1,PLN
SO-2024-000712,1,2024-01-31,2024-01-31,PL-WRO-01,,VM-CMP-0007,2,617.39,0.0,PLN
SO-2024-000712,2,2024-01-31,2024-01-31,PL-WRO-01,,VM-NUT-0004,11,6.85,0.0,PLN
SO-2024-000713,1,2024-01-31,2024-01-31,PL-WRO-01,C003451,VM-NUT-0011,3,52.91,0.0,PLN
SO-2024-000714,1,2024-01-31,2024-01-31,PL-WRO-01,,VM-NUT-0003,12,10.77,0.0,PLN
SO-2024-000714,2,2024-01-31,2024-01-31,PL-WRO-01,,VM-CMP-0021,3,47.03,0.0,PLN
SO-2024-000714,3,2024-01-31,2024-01-31,PL-WRO-01,,VM-BIK-0012,1,11573.79,0.0,PLN
SO-2024-000714,4,2024-01-31,2024-01-31,PL-WRO-01,,VM-APP-0006,3,303.79,0.3,PLN
SO-2024-000715,1,2024-01-31,2024-01-31,PL-GDN-01,,VM-APP-0002,3,431.19,0.3,PLN
SO-2024-000716,1,2024-01-31,2024-01-31,PL-POZ-01,,vm-acc-0003,1,284.19,0.0,PLN
SO-2024-000716,2,2024-01-31,2024-01-31,PL-POZ-01,,VM-ACC-0007,2,352.79,0.0,PLN
SO-2024-000716,3,2024-01-31,2024-01-31,PL-POZ-01,,VM-APP-0010,1,166.59,0.3,PLN
SO-2024-000717,1,2024-01-31,2024-02-04,PL-WEB-01,C006507,VM-CMP-0001,1,391.99,0.0,PLN
SO-2024-000717,2,2024-01-31,2024-02-04,PL-WEB-01,C006507,VM-APP-0001,3,450.79,0.3,PLN
SO-2024-000717,3,2024-01-31,2024-02-04,PL-WEB-01,C006507,VM-BIK-0018,1,2351.99,0.0,PLN
SO-2024-000718,1,2024-01-31,2024-02-01,PL-WEB-01,C003085,VM-APP-0019,2,64.67,0.0,PLN
SO-2024-000719,1,2024-01-31,2024-02-02,PL-WEB-01,C000043,VM-CMP-0007,2,617.39,0.0,PLN
SO-2024-000720,1,2024-01-31,2024-02-01,PL-WEB-01,C006714,VM-NUT-0009,1,83.29,0.0,PLN
SO-2024-000721,1,2024-01-31,2024-02-04,PL-WEB-01,C006815,VM-CMP-0017,1,489.99,0.0,PLN
SO-2024-000721,2,2024-01-31,2024-02-04,PL-WEB-01,C006815,VM-NUT-0007,10,12.73,0.0,PLN
SO-2024-000722,1,2024-01-31,2024-02-04,PL-WEB-01,C002659,VM-BIK-0017,1,1871.79,0.05,PLN
SO-2024-000723,1,2024-01-31,2024-02-01,PL-MKT-01,C003376,VM-ACC-0008,1,391.99,0.0,PLN
SO-2024-000723,2,2024-01-31,2024-02-01,PL-MKT-01,C003376,VM-APP-0013,1,431.19,0.0,PLN
SO-2024-000723,3,2024-01-31,2024-02-01,PL-MKT-01,C003376,VM-ACC-0001,1,372.39,0.0,PLN
SO-2024-000723,4,2024-01-31,2024-02-01,PL-MKT-01,C003376,VM-CMP-0004,1,705.59,0.0,PLN
SO-2024-000724,1,2024-01-31,2024-02-02,PL-MKT-01,C006816,VM-NUT-0004,8,6.85,0.05,PLN
SO-2024-000724,2,2024-01-31,2024-02-02,PL-MKT-01,C006816,VM-CMP-0010,1,382.19,0.05,PLN
SO-2024-000725,1,2024-01-31,2024-02-01,CZ-WEB-01,C002478,VM-ACC-0008,2,2097.0,0.0,CZK
SO-2024-000726,1,2024-01-31,2024-02-01,CZ-WEB-01,C000518,VM-CMP-0019,1,1101.0,0.0,CZK
SO-2024-000726,2,2024-01-31,2024-02-01,CZ-WEB-01,C000518,VM-BIK-0005,1,38854.0,0.0,CZK
SO-2024-000726,3,2024-01-31,2024-02-01,CZ-WEB-01,C000518,VM-BIK-0009,1,29573.0,0.0,CZK
SO-2024-000727,1,2024-01-31,2024-02-03,CZ-WEB-01,C006817, VM-APP-0005 ,2,944.0,0.0,CZK
SO-2024-000728,1,2024-01-31,2024-02-01,DE-WEB-01,C005609,VM-APP-0012,1,193.11,0.0,EUR
SO-2024-000728,2,2024-01-31,2024-02-01,DE-WEB-01,C005609,VM-NUT-0006,8,2.22,0.0,EUR
SO-2024-000728,3,2024-01-31,2024-02-01,DE-WEB-01,C005609,VM-CMP-0002,1,124.3,0.0,EUR
SO-2024-000728,4,2024-01-31,2024-02-01,DE-WEB-01,C005609,VM-CMP-0014,2,95.45,0.0,EUR
