OrderID,LineNo,OrderDate,ShipDate,StoreID,CustomerID,SKU,Quantity,UnitPrice,DiscountPct,Currency
SO-2024-003079,1,2024-04-07,2024-04-11,PL-WEB-01,C003970,VM-CMP-0015,2,901.59,0.0,PLN
SO-2024-003530,1,2024-04-16,2024-04-16,PL-WAW-01,,VM-NUT-0004,5,6.85,0.0,PLN
SO-2024-003775,1,2024-04-19,2024-04-21,DE-WEB-01,C005462,VM-APP-0020,1,40.34,0.05,EUR
SO-2024-003963,2,2024-04-23,2024-04-26,PL-WEB-01,C005800,VM-ACC-0009,2,391.99,0.0,PLN
SO-2024-004361,1,2024-04-30,2024-04-30,PL-WAW-01,C003744,VM-NUT-0002,9,14.69,0.05,PLN
SO-2024-004408,1,2024-05-01,2024-05-01,PL-WAW-01,C008199,VM-ACC-0018,3,48.99,0.0,PLN
SO-2024-004409,1,2024-05-01,2024-05-01,PL-WAW-01,C008200,VM-EBK-0011,1,14347.19,0.0,PLN
SO-2024-004410,1,2024-05-01,2024-05-01,PL-WAW-01,,VM-ACC-0008,1,391.99,0.0,PLN
SO-2024-004410,2,2024-05-01,2024-05-01,PL-WAW-01,,VM-NUT-0009,2,83.29,0.0,PLN
SO-2024-004410,3,2024-05-01,2024-05-01,PL-WAW-01,,VM-APP-0002,3,431.19,0.0,PLN
SO-2024-004410,4,2024-05-01,2024-05-01,PL-WAW-01,,VM-CMP-0017,2,489.99,0.0,PLN
SO-2024-004411,1,2024-05-01,2024-05-01,PL-WAW-01,C004985,VM-BIK-0007,3,6908.99,0.1,PLN
SO-2024-004412,1,2024-05-01,2024-05-01,PL-WAW-01,C006477,VM-CMP-0014,6,421.39,0.1,PLN
SO-2024-004413,1,2024-05-01,2024-05-01,PL-WAW-01,,VM-BIK-0001,1,13416.19,0.0,PLN
SO-2024-004414,1,2024-05-01,2024-05-01,PL-WAW-01,C002001,VM-BIK-0019,1,1185.79,0.0,PLN
SO-2024-004415,1,2024-05-01,2024-05-01,PL-WAW-01,C004931,vm-acc-0001,1,372.39,0.1,PLN
SO-2024-004416,1,2024-05-01,2024-05-01,PL-WAW-01,C008201,VM-CMP-0007,1,617.39,0.0,PLN
SO-2024-004416,2,2024-05-01,2024-05-01,PL-WAW-01,C008201,VM-EBK-0003,1,8908.19,0.0,PLN
SO-2024-004417,1,2024-05-01,2024-05-01,PL-WAW-02,,VM-NUT-0001,9,8.81,0.0,PLN
SO-2024-004417,2,2024-05-01,2024-05-01,PL-WAW-02,,VM-BIK-0019,1,1185.79,0.0,PLN
SO-2024-004418,1,2024-05-01,2024-05-01,PL-WAW-02,C006756,VM-NUT-0006,9,9.79,0.0,PLN
SO-2024-004418,2,2024-05-01,2024-05-01,PL-WAW-02,C006756,VM-EBK-0011,1,14347.19,0.0,PLN
SO-2024-004419,1,2024-05-01,2024-05-01,PL-WAW-02,C004544,VM-CMP-0013,2,519.39,0.0,PLN
SO-2024-004420,1,2024-05-01,2024-05-01,PL-WAW-02,C008202,VM-APP-0006,2,303.79,0.05,PLN
SO-2024-004420,2,2024-05-01,2024-05-01,PL-WAW-02,C008202,VM-BIK-0007,1,6908.99,0.05,PLN
SO-2024-004420,3,2024-05-01,2024-05-01,PL-WAW-02,C008202,VM-ACC-0007,1,352.79,0.05,PLN
SO-2024-004421,1,2024-05-01,2024-05-01,PL-WAW-02,C005768,VM-APP-0011,1,401.79,0.0,PLN
SO-2024-004422,1,2024-05-01,2024-05-01,PL-WAW-02,,VM-BIK-0014,1,3753.39,0.0,PLN
SO-2024-004423,1,2024-05-01,2024-05-01,PL-WAW-02,C002001,VM-EBK-0008,1,14797.99,0.0,PLN
SO-2024-004424,1,2024-05-01,2024-05-01,PL-WAW-02,C008203,VM-APP-0010,1,166.59,0.0,PLN
SO-2024-004424,2,2024-05-01,2024-05-01,PL-WAW-02,C008203,VM-APP-0001,3,450.79,0.0,PLN
SO-2024-004424,3,2024-05-01,2024-05-01,PL-WAW-02,C008203,VM-BIK-0001,1,13416.19,0.0,PLN
SO-2024-004425,1,2024-05-01,2024-05-01,PL-KRK-01,,VM-BIK-0016,1,3518.19,0.0,PLN
SO-2024-004425,2,2024-05-01,2024-05-01,PL-KRK-01,,VM-ACC-0017,2,56.83,0.0,PLN
SO-2024-004426,1,2024-05-01,2024-05-01,PL-KRK-01,C004730,VM-APP-0012,1,852.59,0.0,PLN
SO-2024-004426,2,2024-05-01,2024-05-01,PL-KRK-01,C004730,VM-ACC-0008,1,391.99,0.0,PLN
SO-2024-004426,3,2024-05-01,2024-05-01,PL-KRK-01,C004730,VM-APP-0002,2,431.19,0.0,PLN
SO-2024-004427,1,2024-05-01,2024-05-01,PL-KRK-01,C005339,VM-BIK-0001,1,13416.19,0.05,PLN
SO-2024-004428,1,2024-05-01,2024-05-01,PL-WRO-01,C008204,VM-ACC-0002,1,597.79,0.05,PLN
SO-2024-004428,2,2024-05-01,2024-05-01,PL-WRO-01,C008204,VM-EBK-0010,1,13220.19,0.05,PLN
SO-2024-004429,1,2024-05-01,2024-05-01,PL-WRO-01,C005754,VM-NUT-0004,39,6.85,0.1,PLN
SO-2024-004429,2,2024-05-01,2024-05-01,PL-WRO-01,C005754,VM-APP-0010,6,166.59,0.12,PLN
SO-2024-004429,3,2024-05-01,2024-05-01,PL-WRO-01,C005754,VM-ACC-0021,2,764.39,0.08,PLN
SO-2024-004430,1,2024-05-01,2024-05-01,PL-WRO-01,C008205,VM-ACC-0020,1,793.79,0.0,PLN
SO-2024-004430,2,2024-05-01,2024-05-01,PL-WRO-01,C008205,VM-NUT-0006,10,9.79,0.0,PLN
SO-2024-004430,3,2024-05-01,2024-05-01,PL-WRO-01,C008205,VM-BIK-0001,1,13416.19,0.0,PLN
SO-2024-004431,1,2024-05-01,2024-05-01,PL-WRO-01,C005991,VM-BIK-0007,1,6908.99,0.0,PLN
SO-2024-004431,2,2024-05-01,2024-05-01,PL-WRO-01,C005991,VM-ACC-0017,2,56.83,0.0,PLN
SO-2024-004431,3,2024-05-01,2024-05-01,PL-WRO-01,C005991,VM-ACC-0014,1,107.79,0.0,PLN
SO-2024-004432,1,2024-05-01,2024-05-01,PL-GDN-01,C003048,VM-CMP-0005,2,1450.39,0.0,PLN
SO-2024-004432,2,2024-05-01,2024-05-01,PL-GDN-01,C003048,vm-cmp-0013,1,519.39,0.0,PLN
SO-2024-004433,1,2024-05-01,2024-05-01,PL-GDN-01,C008000,VM-EBK-0003,1,8908.19,0.0,PLN
SO-2024-004433,2,2024-05-01,2024-05-01,PL-GDN-01,C008000,VM-ACC-0013,1,166.59,0.0,PLN
SO-2024-004434,1,2024-05-01,2024-05-01,PL-LDZ-01,C008206,VM-ACC-0020,1,793.79,0.0,PLN
SO-2024-004434,2,2024-05-01,2024-05-01,PL-LDZ-01,C008206,VM-APP-0020,1,176.39,0.0,PLN
SO-2024-004434,3,2024-05-01,2024-05-01,PL-LDZ-01,C008206,VM-BIK-0009,1,5527.19,0.0,PLN
SO-2024-004434,4,2024-05-01,2024-05-01,PL-LDZ-01,C008206,VM-APP-0001,2,450.79,0.0,PLN
SO-2024-004435,1,2024-05-01,2024-05-05,PL-WEB-01,C005582,VM-CMP-0006,1,195.99,0.05,PLN
SO-2024-004436,1,2024-05-01,2024-05-02,PL-WEB-01,C008207,VM-BIK-0013,1,4703.99,0.0,PLN
SO-2024-004436,2,2024-05-01,2024-05-02,PL-WEB-01,C008207,VM-EBK-0007,1,14405.99,0.0,PLN
SO-2024-004437,1,2024-05-01,2024-05-03,PL-WEB-01,C004289,VM-EBK-0007,1,14405.99,0.1,PLN
SO-2024-004438,1,2024-05-01,2024-05-04,PL-WEB-01,C008208,VM-NUT-0004,3,6.85,0.0,PLN
SO-2024-004439,1,2024-05-01,2024-05-03,PL-WEB-01,C003955,VM-NUT-0011,12,52.91,0.12,PLN
SO-2024-004440,1,2024-05-01,2024-05-05,PL-WEB-01,C004085,VM-CMP-0005,1,1450.39,0.05,PLN
SO-2024-004441,1,2024-05-01,2024-05-03,PL-WEB-01,C000594,VM-ACC-0004,1,764.39,0.0,PLN
SO-2024-004441,2,2024-05-01,2024-05-03,PL-WEB-01,C000594,VM-CMP-0007,1,617.39,0.0,PLN
SO-2024-004442,1,2024-05-01,2024-05-05,PL-WEB-01,C007551,VM-NUT-0011,2,52.91,0.0,PLN
SO-2024-004442,2,2024-05-01,2024-05-05,PL-WEB-01,C007551,VM-CMP-0011,2,156.79,0.0,PLN
SO-2024-004443,1,2024-05-01,2024-05-04,PL-WEB-01,C005610,VM-BIK-0014,1,3753.39,0.0,PLN
SO-2024-004443,2,2024-05-01,2024-05-04,PL-WEB-01,C005610,VM-ACC-0008,1,391.99,0.1,PLN
SO-2024-004444,1,2024-05-01,2024-05-04,PL-WEB-01,C007776,VM-APP-0010,2,166.59,0.05,PLN
SO-2024-004445,1,2024-05-01,2024-05-02,PL-WEB-01,C008209,VM-ACC-0007,2,352.79,0.0,PLN
SO-2024-004446,1,2024-05-01,2024-05-05,PL-WEB-01,C008210,VM-CMP-0014,2,421.39,0.0,PLN
SO-2024-004447,1,2024-05-01,2024-05-04,PL-WEB-01,C008211,VM-BIK-0006,1,6458.19,0.0,PLN
SO-2024-004447,2,2024-05-01,2024-05-04,PL-WEB-01,C008211,VM-ACC-0008,2,391.99,0.0,PLN
SO-2024-004447,3,2024-05-01,2024-05-04,PL-WEB-01,C008211,VM-APP-0002,1,431.19,0.0,PLN
SO-2024-004447,4,2024-05-01,2024-05-04,PL-WEB-01,C008211,VM-ACC-0014,1,107.79,0.0,PLN
SO-2024-004448,1,2024-05-01,2024-05-04,PL-WEB-01,C002053,VM-CMP-0019,2,205.79,0.08,PLN
SO-2024-004448,2,2024-05-01,2024-05-04,PL-WEB-01,C002053,VM-ACC-0018,15,48.99,0.08,PLN
SO-2024-004449,1,2024-05-01,2024-05-04,PL-WEB-01,C008212,VM-BIK-0017,1,1871.79,0.0,PLN
SO-2024-004450,1,2024-05-01,2024-05-03,PL-MKT-01,C008213,VM-CMP-0005,2,1450.39,0.05,PLN
SO-2024-004451,1,2024-05-01,2024-05-02,PL-MKT-01,C008214,VM-ACC-0002,2,597.79,0.0,PLN
SO-2024-004452,1,2024-05-01,2024-05-04,PL-MKT-01,C007592,VM-APP-0006,2,303.79,0.0,PLN
SO-2024-004453,1,2024-05-01,2024-05-03,PL-MKT-01,C008215,VM-ACC-0008,1,391.99,0.0,PLN
SO-2024-004454,1,2024-05-01,2024-05-05,PL-MKT-01,C008216,VM-APP-0013,1,431.19,0.05,PLN
SO-2024-004455,1,2024-05-01,2024-05-05,PL-MKT-01,C004087,VM-ACC-0008,1,391.99,0.0,PLN
SO-2024-004455,2,2024-05-01,2024-05-05,PL-MKT-01,C004087,VM-BIK-0020,1,1185.79,0.0,PLN
SO-2024-004456,1,2024-05-01,2024-05-02,PL-MKT-01,C003061,VM-BIK-0007,1,6908.99,0.0,PLN
SO-2024-004457,1,2024-05-01,2024-05-03,PL-MKT-01,C005123,VM-ACC-0007,1,352.79,0.05,PLN
SO-2024-004457,2,2024-05-01,2024-05-03,PL-MKT-01,C005123,VM-APP-0012,1,852.59,0.05,PLN
SO-2024-004457,3,2024-05-01,2024-05-03,PL-MKT-01,C005123,VM-BIK-0012,1,11573.79,0.05,PLN
SO-2024-004458,1,2024-05-01,2024-05-02,PL-MKT-01,C008096,VM-CMP-0022,4,35.27,0.05,PLN
SO-2024-004458,2,2024-05-01,2024-05-02,PL-MKT-01,C008096,VM-EBK-0003,1,8908.19,0.05,PLN
SO-2024-004458,3,2024-05-01,2024-05-02,PL-MKT-01,C008096,VM-NUT-0006,7,9.79,0.05,PLN
SO-2024-004459,1,2024-05-01,2024-05-02,PL-MKT-01,C000436,VM-EBK-0009,1,9711.79,0.0,PLN
SO-2024-004459,2,2024-05-01,2024-05-02,PL-MKT-01,C000436,VM-ACC-0014,1,107.79,0.0,PLN
SO-2024-004460,1,2024-05-01,2024-05-04,PL-MKT-01,C008217, vm-bik-0009 ,1,5527.19,0.0,PLN
SO-2024-004460,2,2024-05-01,2024-05-04,PL-MKT-01,C008217,VM-ACC-0014,1,107.79,0.0,PLN
SO-2024-004461,1,2024-05-01,2024-05-04,PL-MKT-01,C006535,VM-CMP-0010,2,382.19,0.05,PLN
SO-2024-004462,1,2024-05-01,2024-05-01,CZ-PRG-01,C006828,VM-NUT-0007,10,70.0,0.0,CZK
SO-2024-004463,1,2024-05-01,2024-05-01,CZ-PRG-01,C002804,VM-BIK-0009,1,30386.0,0.05,CZK
SO-2024-004463,2,2024-05-01,2024-05-01,CZ-PRG-01,C002804,VM-APP-0010,1,916.0,0.05,CZK
SO-2024-004463,3,2024-05-01,2024-05-01,CZ-PRG-01,C002804,VM-BIK-0013,1,25860.0,0.05,CZK
SO-2024-004464,1,2024-05-01,2024-05-01,CZ-PRG-01,C005477,VM-NUT-0002,11,81.0,0.0,CZK
SO-2024-004465,1,2024-05-01,2024-05-01,CZ-PRG-01,,VM-NUT-0004,12,38.0,0.0,CZK
SO-2024-004466,1,2024-05-01,2024-05-03,CZ-WEB-01,C004925,VM-ACC-0023,1,5010.0,0.0,CZK
SO-2024-004466,2,2024-05-01,2024-05-03,CZ-WEB-01,C004925,VM-ACC-0001,1,2047.0,0.0,CZK
SO-2024-004467,1,2024-05-01,2024-05-04,CZ-WEB-01,C008218,VM-CMP-0005,2,7974.0,0.0,CZK
SO-2024-004468,1,2024-05-01,2024-05-03,CZ-WEB-01,C006414,VM-CMP-0004,1,3879.0,0.05,CZK
SO-2024-004468,2,2024-05-01,2024-05-03,CZ-WEB-01,C006414,VM-EBK-0008,1,81352.0,0.05,CZK
SO-2024-004469,1,2024-05-01,2024-05-02,CZ-WEB-01,C008219,VM-ACC-0008,1,2155.0,0.05,CZK
SO-2024-004469,2,2024-05-01,2024-05-02,CZ-WEB-01,C008219,VM-BIK-0011,1,46602.0,0.05,CZK
SO-2024-004469,3,2024-05-01,2024-05-02,CZ-WEB-01,C008219,VM-NUT-0004,9,38.0,0.05,CZK
SO-2024-004470,1,2024-05-01,2024-05-02,CZ-WEB-01,C006561,VM-CMP-0008,2,2370.0,0.0,CZK
SO-2024-004471,1,2024-05-01,2024-05-02,CZ-WEB-01,C005235,VM-ACC-0008,2,2155.0,0.0,CZK
SO-2024-004472,1,2024-05-01,2024-05-01,DE-BER-01,C007903,VM-APP-0007,1,35.99,0.0,EUR
SO-2024-004472,2,2024-05-01,2024-05-01,DE-BER-01,C007903,VM-NUT-0007,4,2.92,0.0,EUR
SO-2024-004473,1,2024-05-01,2024-05-01,DE-BER-01,C008220,VM-ACC-0021,1,175.45,0.0,EUR
SO-2024-004473,2,2024-05-01,2024-05-01,DE-BER-01,C008220,VM-BIK-0017,1,429.63,0.1,EUR
SO-2024-004473,3,2024-05-01,2024-05-01,DE-BER-01,C008220,VM-APP-0003,1,69.73,0.0,EUR
SO-2024-004473,4,2024-05-01,2024-05-01,DE-BER-01,C008220,vm-bik-0007,1,1585.83,0.0,EUR
SO-2024-004474,1,2024-05-01,2024-05-02,DE-WEB-01,C008221,VM-ACC-0018,2,11.24,0.0,EUR
SO-2024-004475,1,2024-05-01,2024-05-03,DE-WEB-01,C008222,VM-BIK-0021,1,281.17,0.0,EUR
SO-2024-004475,2,2024-05-01,2024-05-03,DE-WEB-01,C008222,VM-NUT-0005,3,2.02,0.0,EUR
SO-2024-004475,3,2024-05-01,2024-05-03,DE-WEB-01,C008222,VM-BIK-0004,1,960.5,0.05,EUR
SO-2024-004475,4,2024-05-01,2024-05-03,DE-WEB-01,C008222,VM-BIK-0009,1,1268.66,0.0,EUR
SO-2024-004476,1,2024-05-01,2024-05-05,DE-WEB-01,C008223,VM-NUT-0010,2,7.87,0.0,EUR
SO-2024-004477,1,2024-05-01,2024-05-05,DE-WEB-01,C008224,VM-ACC-0008,2,89.97,0.0,EUR
SO-2024-004478,1,2024-05-01,2024-05-05,DE-WEB-01,C003389,VM-BIK-0013,1,1079.71,0.0,EUR
SO-2024-004478,2,2024-05-01,2024-05-05,DE-WEB-01,C003389,VM-ACC-0014,1,24.74,0.0,EUR
SO-2024-004479,1,2024-05-01,2024-05-03,DE-WEB-01,C008225,VM-BIK-0009,1,1268.66,0.0,EUR
SO-2024-004479,2,2024-05-01,2024-05-03,DE-WEB-01,C008225,VM-EBK-0003,1,2044.71,0.0,EUR
SO-2024-004479,3,2024-05-01,2024-05-03,DE-WEB-01,C008225,VM-ACC-0002,1,137.21,0.0,EUR
SO-2024-004480,1,2024-05-01,2024-05-05,DE-WEB-01,C008226,VM-BIK-0007,1,1585.83,0.0,EUR
SO-2024-004480,2,2024-05-01,2024-05-05,DE-WEB-01,C008226,VM-ACC-0008,1,89.97,0.0,EUR
SO-2024-004481,1,2024-05-01,2024-05-03,DE-WEB-01,C008227,VM-BIK-0012,1,2656.55,0.0,EUR
SO-2024-004481,2,2024-05-01,2024-05-03,DE-WEB-01,C008227,VM-ACC-0013,1,38.24,0.0,EUR
SO-2024-004482,1,2024-05-02,2024-05-02,PL-WAW-01,C008228,VM-ACC-0007,2,352.79,0.0,PLN
SO-2024-004482,2,2024-05-02,2024-05-02,PL-WAW-01,C008228,VM-EBK-0011,1,14347.19,0.0,PLN
SO-2024-004482,3,2024-05-02,2024-05-02,PL-WAW-01,C008228,VM-CMP-0015,2,901.59,0.0,PLN
SO-2024-004483,1,2024-05-02,2024-05-02,PL-WAW-01,,VM-BIK-0004,1,4184.59,0.0,PLN
SO-2024-004483,2,2024-05-02,2024-05-02,PL-WAW-01,,VM-APP-0013,1,431.19,0.0,PLN
SO-2024-004484,1,2024-05-02,2024-05-02,PL-WAW-01,C007782,VM-CMP-0013,1,519.39,0.0,PLN
SO-2024-004484,2,2024-05-02,2024-05-02,PL-WAW-01,C007782,VM-ACC-0008,2,391.99,0.0,PLN
SO-2024-004485,1,2024-05-02,2024-05-02,PL-WAW-01,,VM-CMP-0009,1,342.99,0.0,PLN
SO-2024-004486,1,2024-05-02,2024-05-02,PL-WAW-02,,VM-NUT-0010,3,34.29,0.0,PLN
SO-2024-004486,2,2024-05-02,2024-05-02,PL-WAW-02,,VM-CMP-0017,1,489.99,0.0,PLN
SO-2024-004486,3,2024-05-02,2024-05-02,PL-WAW-02,,VM-BIK-0007,1,6908.99,0.0,PLN
SO-2024-004487,1,2024-05-02,2024-05-02,PL-WAW-02,C008229,VM-EBK-0003,1,8908.19,0.05,PLN
SO-2024-004487,2,2024-05-02,2024-05-02,PL-WAW-02,C008229,VM-ACC-0008,1,391.99,0.05,PLN
SO-2024-004487,3,2024-05-02,2024-05-02,PL-WAW-02,C008229,VM-NUT-0010,1,34.29,0.05,PLN
SO-2024-004488,1,2024-05-02,2024-05-02,PL-WAW-02,C007522,VM-BIK-0003,1,6409.19,0.0,PLN
SO-2024-004488,2,2024-05-02,2024-05-02,PL-WAW-02,C007522,VM-ACC-0008,2,391.99,0.0,PLN
SO-2024-004488,3,2024-05-02,2024-05-02,PL-WAW-02,C007522,VM-NUT-0009,1,83.29,0.05,PLN
SO-2024-004488,4,2024-05-02,2024-05-02,PL-WAW-02,C007522,VM-ACC-0014,1,107.79,0.1,PLN
SO-2024-004489,1,2024-05-02,2024-05-02,PL-WAW-02,C008056,VM-CMP-0017,1,489.99,0.05,PLN
SO-2024-004489,2,2024-05-02,2024-05-02,PL-WAW-02,C008056,VM-APP-0006,1,303.79,0.05,PLN
SO-2024-004489,3,2024-05-02,2024-05-02,PL-WAW-02,C008056,VM-BIK-0017,1,1871.79,0.05,PLN
SO-2024-004490,1,2024-05-02,2024-05-02,PL-WAW-02,,VM-NUT-0004,11,6.85,0.0,PLN
SO-2024-004491,1,2024-05-02,2024-05-02,PL-WAW-02,C003703,VM-ACC-0020,1,793.79,0.0,PLN
SO-2024-004491,2,2024-05-02,2024-05-02,PL-WAW-02,C003703,VM-NUT-0004,12,6.85,0.0,PLN
SO-2024-004492,1,2024-05-02,2024-05-02,PL-KRK-01,C005190,VM-CMP-0002,6,548.79,0.12,PLN
SO-2024-004493,1,2024-05-02,2024-05-02,PL-KRK-01,,VM-ACC-0003,1,284.19,0.0,PLN
SO-2024-004494,1,2024-05-02,2024-05-02,PL-KRK-01,,VM-CMP-0010,2,382.19,0.05,PLN
SO-2024-004494,2,2024-05-02,2024-05-02,PL-KRK-01,,VM-BIK-0020,1,1185.79,0.0,PLN
SO-2024-004495,1,2024-05-02,2024-05-02,PL-KRK-01,C006801,VM-CMP-0018,5,60.75,0.12,PLN
SO-2024-004496,1,2024-05-02,2024-05-02,PL-KRK-01,,VM-APP-0002,2,431.19,0.0,PLN
SO-2024-004497,1,2024-05-02,2024-05-02,PL-WRO-01,C004248,VM-BIK-0007,1,6908.99,0.1,PLN
SO-2024-004497,2,2024-05-02,2024-05-02,PL-WRO-01,C004248,VM-ACC-0018,1,48.99,0.0,PLN
SO-2024-004498,1,2024-05-02,2024-05-02,PL-WRO-01,C007722,VM-APP-0009,2,342.99,0.05,PLN
SO-2024-004498,2,2024-05-02,2024-05-02,PL-WRO-01,C007722,VM-ACC-0010,2,244.99,0.05,PLN
SO-2024-004498,3,2024-05-02,2024-05-02,PL-WRO-01,C007722,VM-BIK-0001,1,13416.19,0.05,PLN
SO-2024-004498,4,2024-05-02,2024-05-02,PL-WRO-01,C007722,VM-ACC-0012,1,70.55,0.05,PLN
SO-2024-004499,1,2024-05-02,2024-05-02,PL-WRO-01,C008230,VM-ACC-0007,1,352.79,0.0,PLN
SO-2024-004499,2,2024-05-02,2024-05-02,PL-WRO-01,C008230,VM-NUT-0009,4,83.29,0.0,PLN
SO-2024-004500,1,2024-05-02,2024-05-02,PL-WRO-01,C003660,VM-NUT-0004,13,6.85,0.0,PLN
SO-2024-004500,2,2024-05-02,2024-05-02,PL-WRO-01,C003660,VM-CMP-0004,2,705.59,0.0,PLN
SO-2024-004500,3,2024-05-02,2024-05-02,PL-WRO-01,C003660,VM-ACC-0018,2,48.99,0.0,PLN
SO-2024-004501,1,2024-05-02,2024-05-02,PL-WRO-01,,VM-APP-0019,1,64.67,0.0,PLN
SO-2024-004502,1,2024-05-02,2024-05-02,PL-GDN-01,C006735,VM-NUT-0010,3,34.29,0.0,PLN
SO-2024-004502,2,2024-05-02,2024-05-02,PL-GDN-01,C006735,VM-CMP-0007,2,617.39,0.0,PLN
SO-2024-004503,1,2024-05-02,2024-05-02,PL-GDN-01,C008231,VM-NUT-0002,11,14.69,0.05,PLN
SO-2024-004504,1,2024-05-02,2024-05-02,PL-GDN-01,,VM-NUT-0006,10,9.79,0.0,PLN
SO-2024-004504,2,2024-05-02,2024-05-02,PL-GDN-01,,VM-NUT-0003,14,10.77,0.0,PLN
SO-2024-004505,1,2024-05-02,2024-05-02,PL-GDN-01,,VM-NUT-0009,2,83.29,0.0,PLN
SO-2024-004505,2,2024-05-02,2024-05-02,PL-GDN-01,,VM-NUT-0004,13,6.85,0.0,PLN
SO-2024-004505,3,2024-05-02,2024-05-02,PL-GDN-01,,VM-APP-0007,2,156.79,0.0,PLN
SO-2024-004506,1,2024-05-02,2024-05-02,PL-GDN-01,C003955,VM-CMP-0009,10,342.99,0.1,PLN
SO-2024-004506,2,2024-05-02,2024-05-02,PL-GDN-01,C003955,VM-APP-0013,3,431.19,0.1,PLN
SO-2024-004507,1,2024-05-02,2024-05-02,PL-GDN-01,C004672,VM-APP-0001,1,450.79,0.1,PLN
SO-2024-004508,1,2024-05-02,2024-05-02,PL-GDN-01,,VM-EBK-0009,1,9711.79,0.0,PLN
SO-2024-004509,1,2024-05-02,2024-05-02,PL-GDN-01,C008232,VM-APP-0004,2,235.19,0.05,PLN
SO-2024-004510,1,2024-05-02,2024-05-02,PL-GDN-01,,vm-acc-0008,2,391.99,0.0,PLN
SO-2024-004511,1,2024-05-02,2024-05-02,PL-GDN-01,C006547,VM-CMP-0011,2,156.79,0.0,PLN
SO-2024-004511,2,2024-05-02,2024-05-02,PL-GDN-01,C006547,VM-NUT-0002,13,14.69,0.0,PLN
SO-2024-004511,3,2024-05-02,2024-05-02,PL-GDN-01,C006547,VM-CMP-0017,2,489.99,0.0,PLN
SO-2024-004512,1,2024-05-02,2024-05-02,PL-GDN-01,C005836,VM-BIK-0006,1,6458.19,0.0,PLN
SO-2024-004513,1,2024-05-02,2024-05-02,PL-POZ-01,,VM-BIK-0007,1,6908.99,0.0,PLN
SO-2024-004514,1,2024-05-02,2024-05-04,PL-WEB-01,C008233,VM-ACC-0008,1,391.99,0.0,PLN
SO-2024-004515,1,2024-05-02,2024-05-04,PL-WEB-01,C008234,VM-BIK-0010,1,6193.59,0.05,PLN
SO-2024-004515,2,2024-05-02,2024-05-04,PL-WEB-01,C008234,VM-ACC-0008,2,391.99,0.05,PLN
SO-2024-004515,3,2024-05-02,2024-05-04,PL-WEB-01,C008234,VM-ACC-0017,2,56.83,0.05,PLN
SO-2024-004516,1,2024-05-02,2024-05-05,PL-WEB-01,C006409,VM-CMP-0009,6,342.99,0.12,PLN
SO-2024-004517,1,2024-05-02,2024-05-03,PL-WEB-01,C008235,VM-NUT-0001,9,8.81,0.0,PLN
SO-2024-004518,1,2024-05-02,2024-05-04,PL-WEB-01,C007281,VM-APP-0010,1,166.59,0.0,PLN
SO-2024-004518,2,2024-05-02,2024-05-04,PL-WEB-01,C007281,VM-EBK-0009,1,9711.79,0.0,PLN
SO-2024-004518,3,2024-05-02,2024-05-04,PL-WEB-01,C007281,VM-ACC-0012,1,70.55,0.0,PLN
SO-2024-004518,4,2024-05-02,2024-05-04,PL-WEB-01,C007281,VM-CMP-0013,2,519.39,0.0,PLN
SO-2024-004519,1,2024-05-02,2024-05-06,PL-WEB-01,C008236,VM-BIK-0009,1,5527.19,0.0,PLN
SO-2024-004519,2,2024-05-02,2024-05-06,PL-WEB-01,C008236,VM-APP-0013,1,431.19,0.0,PLN
SO-2024-004520,1,2024-05-02,2024-05-05,PL-WEB-01,C003955,VM-CMP-0023,4,57.81,0.1,PLN
SO-2024-004520,2,2024-05-02,2024-05-05,PL-WEB-01,C003955,VM-ACC-0010,4,244.99,0.1,PLN
SO-2024-004521,1,2024-05-02,2024-05-06,PL-WEB-01,C008237,VM-APP-0001,2,450.79,0.0,PLN
SO-2024-004521,2,2024-05-02,2024-05-06,PL-WEB-01,C008237,VM-CMP-0001,1,391.99,0.0,PLN
SO-2024-004521,3,2024-05-02,2024-05-06,PL-WEB-01,C008237,VM-BIK-0002,1,9437.39,0.0,PLN
SO-2024-004522,1,2024-05-02,2024-05-06,PL-WEB-01,C002273,VM-APP-0001,3,450.79,0.0,PLN
SO-2024-004522,2,2024-05-02,2024-05-06,PL-WEB-01,C002273,VM-NUT-0011,2,52.91,0.0,PLN
SO-2024-004522,3,2024-05-02,2024-05-06,PL-WEB-01,C002273,VM-ACC-0020,1,793.79,0.0,PLN
SO-2024-004522,4,2024-05-02,2024-05-06,PL-WEB-01,C002273,VM-APP-0013,1,431.19,0.0,PLN
SO-2024-004523,1,2024-05-02,2024-05-04,PL-WEB-01,C006428,VM-EBK-0009,1,9711.79,0.0,PLN
SO-2024-004523,2,2024-05-02,2024-05-04,PL-WEB-01,C006428,VM-ACC-0014,1,107.79,0.0,PLN
SO-2024-004523,3,2024-05-02,2024-05-04,PL-WEB-01,C006428,VM-ACC-0011,2,70.55,0.0,PLN
SO-2024-004524,1,2024-05-02,2024-05-04,PL-MKT-01,C003334,VM-APP-0013,1,431.19,0.0,PLN
SO-2024-004525,1,2024-05-02,2024-05-03,PL-MKT-01,C007115,VM-EBK-0003,1,8908.19,0.0,PLN
SO-2024-004526,1,2024-05-02,2024-05-03,PL-MKT-01,C008238,VM-ACC-0012,1,70.55,0.0,PLN
SO-2024-004527,1,2024-05-02,2024-05-04,PL-MKT-01,C008239,VM-NUT-0010,3,34.29,0.0,PLN
SO-2024-004528,1,2024-05-02,2024-05-06,PL-MKT-01,C005290,VM-APP-0004,2,235.19,0.0,PLN
SO-2024-004528,2,2024-05-02,2024-05-06,PL-MKT-01,C005290,VM-ACC-0008,2,391.99,0.0,PLN
SO-2024-004528,3,2024-05-02,2024-05-06,PL-MKT-01,C005290,VM-CMP-0001,2,391.99,0.0,PLN
SO-2024-004529,1,2024-05-02,2024-05-03,PL-MKT-01,C008240,VM-CMP-0006,2,195.99,0.0,PLN
SO-2024-004530,1,2024-05-02,2024-05-02,CZ-PRG-01,,VM-CMP-0001,1,2155.0,0.05,CZK
SO-2024-004531,1,2024-05-02,2024-05-02,CZ-PRG-01,C005113,VM-BIK-0019,1,6519.0,0.05,CZK
SO-2024-004532,1,2024-05-02,2024-05-02,CZ-PRG-01,C008241,VM-APP-0011,2,2209.0,0.0,CZK
SO-2024-004533,1,2024-05-02,2024-05-02,CZ-PRG-01,C004901,VM-BIK-0020,1,6519.0,0.05,CZK
SO-2024-004534,1,2024-05-02,2024-05-05,CZ-WEB-01,C008242,VM-ACC-0008,1,2155.0,0.0,CZK
SO-2024-004535,1,2024-05-02,2024-05-02,DE-BER-01,C008243,VM-BIK-0012,4,2656.55,0.08,EUR
SO-2024-004536,1,2024-05-02,2024-05-02,DE-BER-01,,VM-NUT-0010,3,7.87,0.0,EUR
SO-2024-004537,1,2024-05-02,2024-05-05,DE-WEB-01,C008244,VM-APP-0008,2,35.99,0.0,EUR
SO-2024-004537,2,2024-05-02,2024-05-05,DE-WEB-01,C008244,VM-ACC-0018,2,11.24,0.0,EUR
SO-2024-004538,1,2024-05-02,2024-05-05,DE-WEB-01,C008245,VM-APP-0016,1,137.21,0.0,EUR
SO-2024-004539,1,2024-05-03,2024-05-03,PL-WAW-01,,VM-ACC-0020,1,793.79,0.0,PLN
SO-2024-004539,2,2024-05-03,2024-05-03,PL-WAW-01,,VM-NUT-0010,1,34.29,0.0,PLN
SO-2024-004540,1,2024-05-03,2024-05-03,PL-WAW-01,,vm-app-0010,2,166.59,0.0,PLN
SO-2024-004540,2,2024-05-03,2024-05-03,PL-WAW-01,,VM-BIK-0016,1,3518.19,0.0,PLN
SO-2024-004541,1,2024-05-03,2024-05-03,PL-WAW-01,C003024,VM-BIK-0007,1,6908.99,0.0,PLN
SO-2024-004541,2,2024-05-03,2024-05-03,PL-WAW-01,C003024,VM-ACC-0002,2,597.79,0.0,PLN
SO-2024-004542,1,2024-05-03,2024-05-03,PL-WAW-01,C005940,VM-NUT-0006,35,9.79,0.08,PLN
SO-2024-004543,1,2024-05-03,2024-05-03,PL-WAW-01,C005716,VM-BIK-0012,1,11573.79,0.0,PLN
SO-2024-004544,1,2024-05-03,2024-05-03,PL-WAW-01,,VM-CMP-0009,1,342.99,0.0,PLN
SO-2024-004545,1,2024-05-03,2024-05-03,PL-WAW-01,C004613,VM-ACC-0020,1,793.79,0.05,PLN
SO-2024-004545,2,2024-05-03,2024-05-03,PL-WAW-01,C004613,VM-BIK-0022,1,1371.99,0.05,PLN
SO-2024-004546,1,2024-05-03,2024-05-03,PL-WAW-02,,VM-BIK-0013,1,4703.99,0.0,PLN
SO-2024-004547,1,2024-05-03,2024-05-03,PL-WAW-02,C002441,VM-NUT-0004,8,6.85,0.05,PLN
SO-2024-004548,1,2024-05-03,2024-05-03,PL-WAW-02,C008246,VM-NUT-0007,10,12.73,0.0,PLN
SO-2024-004549,1,2024-05-03,2024-05-03,PL-WAW-02,C003009,VM-APP-0012,1,852.59,0.05,PLN
SO-2024-004549,2,2024-05-03,2024-05-03,PL-WAW-02,C003009,VM-BIK-0009,1,5527.19,0.05,PLN
SO-2024-004550,1,2024-05-03,2024-05-03,PL-KRK-01,,VM-NUT-0009,2,83.29,0.0,PLN
SO-2024-004550,2,2024-05-03,2024-05-03,PL-KRK-01,,VM-CMP-0013,1,519.39,0.0,PLN
SO-2024-004551,1,2024-05-03,2024-05-03,PL-KRK-01,C008247,VM-CMP-0001,1,391.99,0.0,PLN
SO-2024-004551,2,2024-05-03,2024-05-03,PL-KRK-01,C008247,VM-APP-0014,1,480.19,0.0,PLN
SO-2024-004551,3,2024-05-03,2024-05-03,PL-KRK-01,C008247,VM-BIK-0012,1,11573.79,0.0,PLN
SO-2024-004552,1,2024-05-03,2024-05-03,PL-KRK-01,C007455,VM-CMP-0015,2,901.59,0.0,PLN
SO-2024-004552,2,2024-05-03,2024-05-03,PL-KRK-01,C007455,VM-ACC-0014,1,107.79,0.0,PLN
SO-2024-004552,3,2024-05-03,2024-05-03,PL-KRK-01,C007455,VM-APP-0002,1,431.19,0.0,PLN
SO-2024-004553,1,2024-05-03,2024-05-03,PL-KRK-01,C008248,VM-ACC-0007,2,352.79,0.0,PLN
SO-2024-004553,2,2024-05-03,2024-05-03,PL-KRK-01,C008248,VM-CMP-0017,2,489.99,0.0,PLN
SO-2024-004554,1,2024-05-03,2024-05-03,PL-KRK-01,C008249,VM-BIK-0007,1,6908.99,0.0,PLN
SO-2024-004555,1,2024-05-03,2024-05-03,PL-WRO-01,C007631,VM-BIK-0008,1,5203.79,0.0,PLN
SO-2024-004555,2,2024-05-03,2024-05-03,PL-WRO-01,C007631,VM-APP-0004,3,235.19,0.0,PLN
SO-2024-004556,1,2024-05-03,2024-05-03,PL-WRO-01,,VM-BIK-0017,1,1871.79,0.05,PLN
SO-2024-004556,2,2024-05-03,2024-05-03,PL-WRO-01,,VM-ACC-0019,3,48.99,0.0,PLN
SO-2024-004557,1,2024-05-03,2024-05-03,PL-WRO-01,C006626,vm-nut-0005,3,8.81,0.0,PLN
SO-2024-004557,2,2024-05-03,2024-05-03,PL-WRO-01,C006626,VM-NUT-0010,2,34.29,0.0,PLN
SO-2024-004558,1,2024-05-03,2024-05-03,PL-WRO-01,C007014,VM-BIK-0002,1,9437.39,0.0,PLN
SO-2024-004559,1,2024-05-03,2024-05-03,PL-WRO-01,C008250,VM-ACC-0022,1,1538.59,0.0,PLN
SO-2024-004560,1,2024-05-03,2024-05-03,PL-WRO-01,C008251, VM-ACC-0007 ,2,352.79,0.0,PLN
SO-2024-004560,2,2024-05-03,2024-05-03,PL-WRO-01,C008251,VM-CMP-0013,2,519.39,0.0,PLN
SO-2024-004560,3,2024-05-03,2024-05-03,PL-WRO-01,C008251,VM-BIK-0007,1,6908.99,0.0,PLN
SO-2024-004560,4,2024-05-03,2024-05-03,PL-WRO-01,C008251,VM-ACC-0011,1,70.55,0.0,PLN
SO-2024-004561,1,2024-05-03,2024-05-03,PL-GDN-01,C006351,VM-ACC-0019,3,48.99,0.0,PLN
SO-2024-004561,2,2024-05-03,2024-05-03,PL-GDN-01,C006351,VM-NUT-0011,3,52.91,0.0,PLN
SO-2024-004561,3,2024-05-03,2024-05-03,PL-GDN-01,C006351,VM-NUT-0004,9,6.85,0.0,PLN
SO-2024-004561,4,2024-05-03,2024-05-03,PL-GDN-01,C006351,VM-BIK-0009,1,5527.19,0.0,PLN
SO-2024-004562,1,2024-05-03,2024-05-03,PL-GDN-01,,VM-NUT-0009,4,83.29,0.0,PLN
SO-2024-004563,1,2024-05-03,2024-05-03,PL-GDN-01,C008252,VM-NUT-0006,12,9.79,0.0,PLN
SO-2024-004563,2,2024-05-03,2024-05-03,PL-GDN-01,C008252,VM-ACC-0014,1,107.79,0.0,PLN
SO-2024-004563,3,2024-05-03,2024-05-03,PL-GDN-01,C008252,VM-CMP-0006,1,195.99,0.0,PLN
SO-2024-004564,1,2024-05-03,2024-05-03,PL-GDN-01,C008189,VM-NUT-0001,3,8.81,0.0,PLN
SO-2024-004565,1,2024-05-03,2024-05-03,PL-GDN-01,C008253,VM-BIK-0011,1,8476.99,0.05,PLN
SO-2024-004565,2,2024-05-03,2024-05-03,PL-GDN-01,C008253,VM-ACC-0008,2,391.99,0.05,PLN
SO-2024-004565,3,2024-05-03,2024-05-03,PL-GDN-01,C008253,VM-NUT-0011,2,52.91,0.05,PLN
SO-2024-004566,1,2024-05-03,2024-05-03,PL-GDN-01,C004528,VM-ACC-0021,1,764.39,0.0,PLN
SO-2024-004566,2,2024-05-03,2024-05-03,PL-GDN-01,C004528,VM-APP-0013,1,431.19,0.1,PLN
SO-2024-004567,1,2024-05-03,2024-05-03,PL-POZ-01,C008254,vm-app-0004,3,235.19,0.0,PLN
SO-2024-004567,2,2024-05-03,2024-05-03,PL-POZ-01,C008254,VM-EBK-0001,1,7516.59,0.0,PLN
SO-2024-004568,1,2024-05-03,2024-05-03,PL-POZ-01,C007045,VM-EBK-0011,1,14347.19,0.0,PLN
SO-2024-004568,2,2024-05-03,2024-05-03,PL-POZ-01,C007045,VM-ACC-0007,1,352.79,0.0,PLN
SO-2024-004569,1,2024-05-03,2024-05-03,PL-LDZ-01,,VM-BIK-0017,1,1871.79,0.0,PLN
SO-2024-004569,2,2024-05-03,2024-05-03,PL-LDZ-01,,VM-ACC-0010,2,244.99,0.0,PLN
SO-2024-004570,1,2024-05-03,2024-05-07,PL-WEB-01,C004152,VM-APP-0013,1,431.19,0.0,PLN
SO-2024-004570,2,2024-05-03,2024-05-07,PL-WEB-01,C004152,VM-BIK-0006,1,6458.19,0.0,PLN
SO-2024-004571,1,2024-05-03,2024-05-07,PL-WEB-01,C008255,VM-BIK-0008,1,5203.79,0.05,PLN
SO-2024-004571,2,2024-05-03,2024-05-07,PL-WEB-01,C008255,VM-ACC-0018,3,48.99,0.05,PLN
SO-2024-004571,3,2024-05-03,2024-05-07,PL-WEB-01,C008255,VM-ACC-0014,1,107.79,0.05,PLN
SO-2024-004572,1,2024-05-03,2024-05-04,PL-WEB-01,C001374,VM-EBK-0011,1,14347.19,0.0,PLN
SO-2024-004573,1,2024-05-03,2024-05-06,PL-WEB-01,C008256,VM-EBK-0007,1,14405.99,0.05,PLN
SO-2024-004573,2,2024-05-03,2024-05-06,PL-WEB-01,C008256,VM-ACC-0002,2,597.79,0.05,PLN
SO-2024-004574,1,2024-05-03,2024-05-04,PL-WEB-01,C008257,VM-BIK-0009,1,5527.19,0.0,PLN
SO-2024-004575,1,2024-05-03,2024-05-07,PL-WEB-01,C008258,vm-bik-0012,1,11573.79,0.0,PLN
SO-2024-004576,1,2024-05-03,2024-05-05,PL-WEB-01,C007834,VM-ACC-0004,1,764.39,0.0,PLN
SO-2024-004576,2,2024-05-03,2024-05-05,PL-WEB-01,C007834,VM-ACC-0008,1,391.99,0.0,PLN
SO-2024-004577,1,2024-05-03,2024-05-06,PL-WEB-01,C005138,VM-BIK-0012,1,11573.79,0.0,PLN
SO-2024-004578,1,2024-05-03,2024-05-07,PL-WEB-01,C005075,VM-EBK-0002,1,9750.99,0.0,PLN
SO-2024-004579,1,2024-05-03,2024-05-06,PL-WEB-01,C005771,VM-APP-0010,1,166.59,0.0,PLN
SO-2024-004579,2,2024-05-03,2024-05-06,PL-WEB-01,C005771,VM-APP-0003,2,303.79,0.0,PLN
SO-2024-004580,1,2024-05-03,2024-05-05,PL-WEB-01,C006586,VM-BIK-0007,1,6908.99,0.0,PLN
SO-2024-004580,2,2024-05-03,2024-05-05,PL-WEB-01,C006586,VM-APP-0015,1,558.59,0.0,PLN
SO-2024-004580,3,2024-05-03,2024-05-05,PL-WEB-01,C006586,VM-ACC-0017,2,56.83,0.0,PLN
SO-2024-004581,1,2024-05-03,2024-05-05,PL-WEB-01,C007722,VM-CMP-0014,1,421.39,0.05,PLN
SO-2024-004582,1,2024-05-03,2024-05-07,PL-WEB-01,C005265,VM-BIK-0009,1,5527.19,0.0,PLN
SO-2024-004583,1,2024-05-03,2024-05-07,PL-WEB-01,C001984,VM-BIK-0022,1,1371.99,0.05,PLN
SO-2024-004584,1,2024-05-03,2024-05-07,PL-MKT-01,C008259,VM-EBK-0001,1,7516.59,0.0,PLN
SO-2024-004584,2,2024-05-03,2024-05-07,PL-MKT-01,C008259,VM-ACC-0008,2,391.99,0.0,PLN
SO-2024-004585,1,2024-05-03,2024-05-05,PL-MKT-01,C004281,VM-BIK-0019,1,1185.79,0.05,PLN
SO-2024-004585,2,2024-05-03,2024-05-05,PL-MKT-01,C004281,VM-ACC-0003,1,284.19,0.0,PLN
SO-2024-004586,1,2024-05-03,2024-05-07,PL-MKT-01,C007784,VM-EBK-0003,1,8908.19,0.0,PLN
SO-2024-004586,2,2024-05-03,2024-05-07,PL-MKT-01,C007784,VM-BIK-0007,1,6908.99,0.0,PLN
SO-2024-004586,3,2024-05-03,2024-05-07,PL-MKT-01,C007784,VM-ACC-0007,1,352.79,0.1,PLN
SO-2024-004587,1,2024-05-03,2024-05-06,PL-MKT-01,C006670,VM-ACC-0014,1,107.79,0.05,PLN
SO-2024-004587,2,2024-05-03,2024-05-06,PL-MKT-01,C006670,VM-NUT-0001,4,8.81,0.05,PLN
SO-2024-004587,3,2024-05-03,2024-05-06,PL-MKT-01,C006670,VM-BIK-0014,1,3753.39,0.05,PLN
SO-2024-004587,4,2024-05-03,2024-05-06,PL-MKT-01,C006670,VM-BIK-0020,1,1185.79,0.05,PLN
SO-2024-004588,1,2024-05-03,2024-05-07,PL-MKT-01,C007211,VM-ACC-0005,2,176.39,0.05,PLN
SO-2024-004588,2,2024-05-03,2024-05-07,PL-MKT-01,C007211,VM-BIK-0007,1,6908.99,0.1,PLN
SO-2024-004589,1,2024-05-03,2024-05-06,PL-MKT-01,C007235,VM-BIK-0015,1,3028.19,0.0,PLN
SO-2024-004590,1,2024-05-03,2024-05-04,PL-MKT-01,C008260,VM-ACC-0008,1,391.99,0.0,PLN
SO-2024-004591,1,2024-05-03,2024-05-03,CZ-PRG-01,C008261,VM-APP-0002,2,2370.0,0.05,CZK
SO-2024-004591,2,2024-05-03,2024-05-03,CZ-PRG-01,C008261,VM-CMP-0003,2,1293.0,0.05,CZK
SO-2024-004591,3,2024-05-03,2024-05-03,CZ-PRG-01,C008261,VM-ACC-0008,2,2155.0,0.05,CZK
SO-2024-004592,1,2024-05-03,2024-05-03,CZ-PRG-01,C003141,VM-CMP-0017,2,2694.0,0.05,CZK
SO-2024-004593,1,2024-05-03,2024-05-03,CZ-PRG-01,,VM-EBK-0011,1,78874.0,0.0,CZK
SO-2024-004594,1,2024-05-03,2024-05-07,CZ-WEB-01,C008262,VM-CMP-0014,2,2317.0,0.05,CZK
SO-2024-004595,1,2024-05-03,2024-05-06,CZ-WEB-01,C008263,VM-NUT-0010,4,189.0,0.0,CZK
SO-2024-004595,2,2024-05-03,2024-05-06,CZ-WEB-01,C008263,VM-NUT-0005,5,48.0,0.0,CZK
SO-2024-004595,3,2024-05-03,2024-05-06,CZ-WEB-01,C008263,VM-APP-0001,1,2478.0,0.0,CZK
SO-2024-004596,1,2024-05-03,2024-05-05,CZ-WEB-01,C003592,VM-BIK-0006,1,35504.0,0.0,CZK
SO-2024-004596,2,2024-05-03,2024-05-05,CZ-WEB-01,C003592,VM-ACC-0012,1,388.0,0.0,CZK
SO-2024-004596,3,2024-05-03,2024-05-05,CZ-WEB-01,C003592,VM-APP-0013,1,2370.0,0.0,CZK
SO-2024-004597,1,2024-05-03,2024-05-06,CZ-WEB-01,C001149,VM-NUT-0002,16,81.0,0.1,CZK
SO-2024-004597,2,2024-05-03,2024-05-06,CZ-WEB-01,C001149,VM-BIK-0021,3,6734.0,0.1,CZK
SO-2024-004597,3,2024-05-03,2024-05-06,CZ-WEB-01,C001149,VM-EBK-0002,3,53606.0,0.1,CZK
SO-2024-004598,1,2024-05-03,2024-05-06,CZ-WEB-01,C004925,VM-BIK-0001,1,73756.0,0.0,CZK
SO-2024-004598,2,2024-05-03,2024-05-06,CZ-WEB-01,C004925,VM-APP-0015,1,3071.0,0.0,CZK
SO-2024-004599,1,2024-05-03,2024-05-03,DE-BER-01,,VM-ACC-0021,1,175.45,0.0,EUR
SO-2024-004600,1,2024-05-03,2024-05-03,DE-BER-01,C008264,VM-NUT-0006,5,2.25,0.0,EUR
SO-2024-004600,2,2024-05-03,2024-05-03,DE-BER-01,C008264,VM-BIK-0018,1,539.86,0.0,EUR
SO-2024-004601,1,2024-05-03,2024-05-03,DE-BER-01,C005148,VM-BIK-0019,1,272.18,0.0,EUR
SO-2024-004601,2,2024-05-03,2024-05-03,DE-BER-01,C005148,VM-ACC-0003,1,65.23,0.0,EUR
SO-2024-004602,1,2024-05-03,2024-05-06,DE-WEB-01,C006892,VM-BIK-0007,1,1585.83,0.0,EUR
SO-2024-004603,1,2024-05-03,2024-05-06,DE-WEB-01,C007253,VM-ACC-0018,2,11.24,0.05,EUR
SO-2024-004604,1,2024-05-03,2024-05-06,DE-WEB-01,C004761,VM-ACC-0008,2,89.97,0.0,EUR
SO-2024-004604,2,2024-05-03,2024-05-06,DE-WEB-01,C004761,VM-BIK-0007,1,1585.83,0.0,EUR
SO-2024-004605,1,2024-05-03,2024-05-07,DE-WEB-01,C008265,VM-BIK-0011,1,1945.74,0.0,EUR
SO-2024-004606,1,2024-05-03,2024-05-04,DE-WEB-01,C004429,VM-BIK-0022,1,314.92,0.0,EUR
SO-2024-004607,1,2024-05-03,2024-05-04,DE-WEB-01,C008266,VM-CMP-0023,4,13.27,0.0,EUR
SO-2024-004608,1,2024-05-03,2024-05-07,DE-WEB-01,C008267,VM-CMP-0009,1,78.73,0.0,EUR
SO-2024-004608,2,2024-05-03,2024-05-07,DE-WEB-01,C008267,VM-BIK-0013,1,1079.71,0.0,EUR
SO-2024-004609,1,2024-05-03,2024-05-06,DE-WEB-01,C008268,VM-EBK-0003,1,2044.71,0.0,EUR
SO-2024-004609,2,2024-05-03,2024-05-06,DE-WEB-01,C008268,VM-ACC-0012,1,16.19,0.0,EUR
SO-2024-004610,1,2024-05-03,2024-05-04,DE-WEB-01,C001016,VM-NUT-0010,3,7.87,0.05,EUR
SO-2024-004611,1,2024-05-04,2024-05-04,PL-WAW-01,C003531,VM-NUT-0011,2,52.91,0.05,PLN
SO-2024-004612,1,2024-05-04,2024-05-04,PL-WAW-01,,VM-NUT-0004,3,6.85,0.1,PLN
SO-2024-004613,1,2024-05-04,2024-05-04,PL-WAW-01,,VM-CMP-0015,2,901.59,0.0,PLN
SO-2024-004613,2,2024-05-04,2024-05-04,PL-WAW-01,,VM-APP-0020,1,176.39,0.0,PLN
SO-2024-004614,1,2024-05-04,2024-05-04,PL-WAW-01,,VM-APP-0012,1,852.59,0.0,PLN
SO-2024-004614,2,2024-05-04,2024-05-04,PL-WAW-01,,VM-APP-0013,1,431.19,0.0,PLN
SO-2024-004615,1,2024-05-04,2024-05-04,PL-WAW-01,,VM-EBK-0010,1,13220.19,0.0,PLN
SO-2024-004616,1,2024-05-04,2024-05-04,PL-WAW-01,C008269,VM-NUT-0007,6,12.73,0.0,PLN
SO-2024-004616,2,2024-05-04,2024-05-04,PL-WAW-01,C008269,VM-CMP-0011,2,156.79,0.0,PLN
SO-2024-004616,3,2024-05-04,2024-05-04,PL-WAW-01,C008269,VM-BIK-0011,1,8476.99,0.0,PLN
SO-2024-004617,1,2024-05-04,2024-05-04,PL-WAW-01,,VM-BIK-0009,1,5527.19,0.0,PLN
SO-2024-004618,1,2024-05-04,2024-05-04,PL-WAW-02,C008023,VM-CMP-0017,2,489.99,0.0,PLN
SO-2024-004618,2,2024-05-04,2024-05-04,PL-WAW-02,C008023,VM-ACC-0008,1,391.99,0.05,PLN
SO-2024-004619,1,2024-05-04,2024-05-04,PL-WAW-02,,VM-EBK-0001,1,7516.59,0.0,PLN
SO-2024-004619,2,2024-05-04,2024-05-04,PL-WAW-02,,VM-ACC-0007,1,352.79,0.0,PLN
SO-2024-004620,1,2024-05-04,2024-05-04,PL-WAW-02,C000596,VM-ACC-0005,1,176.39,0.0,PLN
SO-2024-004621,1,2024-05-04,2024-05-04,PL-WAW-02,C008180,VM-APP-0006,1,303.79,0.0,PLN
SO-2024-004621,2,2024-05-04,2024-05-04,PL-WAW-02,C008180,VM-ACC-0002,1,597.79,0.0,PLN
SO-2024-004622,1,2024-05-04,2024-05-04,PL-WAW-02,C008270,VM-EBK-0009,1,9711.79,0.0,PLN
SO-2024-004623,1,2024-05-04,2024-05-04,PL-WAW-02,C008271,VM-ACC-0005,2,176.39,0.0,PLN
SO-2024-004623,2,2024-05-04,2024-05-04,PL-WAW-02,C008271,VM-CMP-0001,1,391.99,0.0,PLN
SO-2024-004624,1,2024-05-04,2024-05-04,PL-WAW-02,C006297,VM-NUT-0006,10,9.79,0.05,PLN
SO-2024-004624,2,2024-05-04,2024-05-04,PL-WAW-02,C006297,VM-APP-0001,2,450.79,0.05,PLN
SO-2024-004624,3,2024-05-04,2024-05-04,PL-WAW-02,C006297,VM-CMP-0006,2,195.99,0.05,PLN
SO-2024-004625,1,2024-05-04,2024-05-04,PL-KRK-01,C008272,VM-ACC-0019,3,48.99,0.0,PLN
SO-2024-004626,1,2024-05-04,2024-05-04,PL-KRK-01,C008273,VM-ACC-0019,1,48.99,0.05,PLN
SO-2024-004627,1,2024-05-04,2024-05-04,PL-KRK-01,C008274,VM-BIK-0017,1,1871.79,0.0,PLN
SO-2024-004628,1,2024-05-04,2024-05-04,PL-KRK-01,,vm-app-0006,3,303.79,0.0,PLN
SO-2024-004629,1,2024-05-04,2024-05-04,PL-KRK-01,,VM-EBK-0006,1,19737.19,0.0,PLN
SO-2024-004630,1,2024-05-04,2024-05-04,PL-KRK-01,C002784,VM-ACC-0011,2,70.55,0.0,PLN
SO-2024-004630,2,2024-05-04,2024-05-04,PL-KRK-01,C002784,VM-APP-0002,2,431.19,0.0,PLN
SO-2024-004631,1,2024-05-04,2024-05-04,PL-KRK-01,,VM-ACC-0018,3,48.99,0.0,PLN
SO-2024-004632,1,2024-05-04,2024-05-04,PL-KRK-01,,VM-ACC-0018,3,48.99,0.0,PLN
SO-2024-004632,2,2024-05-04,2024-05-04,PL-KRK-01,,VM-CMP-0010,1,382.19,0.0,PLN
SO-2024-004632,3,2024-05-04,2024-05-04,PL-KRK-01,,VM-NUT-0009,1,83.29,0.1,PLN
SO-2024-004633,1,2024-05-04,2024-05-04,PL-WRO-01,C008275,VM-CMP-0017,2,489.99,0.0,PLN
SO-2024-004634,1,2024-05-04,2024-05-04,PL-WRO-01,C000994,VM-APP-0019,2,64.67,0.0,PLN
SO-2024-004634,2,2024-05-04,2024-05-04,PL-WRO-01,C000994,VM-BIK-0009,1,5527.19,0.0,PLN
SO-2024-004635,1,2024-05-04,2024-05-04,PL-WRO-01,C008129,VM-BIK-0007,1,6908.99,0.0,PLN
SO-2024-004635,2,2024-05-04,2024-05-04,PL-WRO-01,C008129,VM-ACC-0014,1,107.79,0.0,PLN
SO-2024-004636,1,2024-05-04,2024-05-04,PL-WRO-01,C008276,VM-BIK-0016,1,3518.19,0.0,PLN
SO-2024-004637,1,2024-05-04,2024-05-04,PL-WRO-01,C008277,VM-CMP-0009,2,342.99,0.0,PLN
SO-2024-004637,2,2024-05-04,2024-05-04,PL-WRO-01,C008277,VM-ACC-0003,1,284.19,0.0,PLN
SO-2024-004638,1,2024-05-04,2024-05-04,PL-WRO-01,C001905,VM-BIK-0019,1,1185.79,0.0,PLN
SO-2024-004639,1,2024-05-04,2024-05-04,PL-WRO-01,C008278,VM-APP-0002,1,431.19,0.0,PLN
SO-2024-004640,1,2024-05-04,2024-05-04,PL-WRO-01,C007204,VM-ACC-0009,1,391.99,0.0,PLN
SO-2024-004641,1,2024-05-04,2024-05-04,PL-WRO-01,C004408,VM-CMP-0015,1,901.59,0.0,PLN
SO-2024-004641,2,2024-05-04,2024-05-04,PL-WRO-01,C004408,VM-ACC-0008,1,391.99,0.0,PLN
SO-2024-004642,1,2024-05-04,2024-05-04,PL-GDN-01,,VM-ACC-0008,2,391.99,0.0,PLN
SO-2024-004642,2,2024-05-04,2024-05-04,PL-GDN-01,,VM-EBK-0006,1,19737.19,0.0,PLN
SO-2024-004642,3,2024-05-04,2024-05-04,PL-GDN-01,,VM-ACC-0013,1,166.59,0.0,PLN
SO-2024-004643,1,2024-05-04,2024-05-04,PL-GDN-01,C003376,VM-CMP-0017,1,489.99,0.0,PLN
SO-2024-004643,2,2024-05-04,2024-05-04,PL-GDN-01,C003376,VM-CMP-0013,1,519.39,0.0,PLN
SO-2024-004644,1,2024-05-04,2024-05-04,PL-GDN-01,,VM-EBK-0001,1,7516.59,0.0,PLN
SO-2024-004644,2,2024-05-04,2024-05-04,PL-GDN-01,,VM-ACC-0008,2,391.99,0.0,PLN
SO-2024-004645,1,2024-05-04,2024-05-04,PL-GDN-01,C006181,VM-CMP-0009,2,342.99,0.0,PLN
SO-2024-004645,2,2024-05-04,2024-05-04,PL-GDN-01,C006181,VM-APP-0009,2,342.99,0.0,PLN
SO-2024-004646,1,2024-05-04,2024-05-04,PL-GDN-01,C008279,VM-ACC-0008,1,391.99,0.0,PLN
SO-2024-004646,2,2024-05-04,2024-05-04,PL-GDN-01,C008279,VM-ACC-0001,2,372.39,0.0,PLN
SO-2024-004647,1,2024-05-04,2024-05-04,PL-GDN-01,C005346,VM-EBK-0006,1,19737.19,0.0,PLN
SO-2024-004647,2,2024-05-04,2024-05-04,PL-GDN-01,C005346,VM-BIK-0008,1,5203.79,0.0,PLN
SO-2024-004647,3,2024-05-04,2024-05-04,PL-GDN-01,C005346,VM-ACC-0008,2,391.99,0.0,PLN
SO-2024-004648,1,2024-05-04,2024-05-04,PL-GDN-01,C008280,VM-BIK-0009,1,5527.19,0.0,PLN
SO-2024-004648,2,2024-05-04,2024-05-04,PL-GDN-01,C008280, VM-ACC-0014 ,1,107.79,0.0,PLN
SO-2024-004649,1,2024-05-04,2024-05-04,PL-GDN-01,C008281,VM-EBK-0002,5,9750.99,0.08,PLN
SO-2024-004649,2,2024-05-04,2024-05-04,PL-GDN-01,C008281,VM-CMP-0001,8,391.99,0.12,PLN
SO-2024-004649,3,2024-05-04,2024-05-04,PL-GDN-01,C008281,VM-ACC-0017,15,56.83,0.08,PLN
SO-2024-004650,1,2024-05-04,2024-05-04,PL-GDN-01,,VM-EBK-0007,1,14405.99,0.0,PLN
SO-2024-004651,1,2024-05-04,2024-05-04,PL-POZ-01,C005219,VM-BIK-0007,1,6908.99,0.0,PLN
SO-2024-004652,1,2024-05-04,2024-05-04,PL-POZ-01,C008282,VM-CMP-0015,2,901.59,0.0,PLN
SO-2024-004652,2,2024-05-04,2024-05-04,PL-POZ-01,C008282,VM-ACC-0008,2,391.99,0.0,PLN
SO-2024-004653,1,2024-05-04,2024-05-04,PL-POZ-01,,VM-EBK-0008,1,14797.99,0.0,PLN
SO-2024-004654,1,2024-05-04,2024-05-04,PL-POZ-01,,VM-ACC-0007,2,352.79,0.0,PLN
SO-2024-004654,2,2024-05-04,2024-05-04,PL-POZ-01,, VM-BIK-0002 ,1,9437.39,0.0,PLN
SO-2024-004655,1,2024-05-04,2024-05-04,PL-LDZ-01,C004994,VM-BIK-0017,1,1871.79,0.0,PLN
SO-2024-004655,2,2024-05-04,2024-05-04,PL-LDZ-01,C004994,VM-ACC-0019,2,48.99,0.0,PLN
SO-2024-004656,1,2024-05-04,2024-05-04,PL-LDZ-01,,VM-ACC-0018,2,48.99,0.05,PLN
SO-2024-004656,2,2024-05-04,2024-05-04,PL-LDZ-01,,VM-ACC-0014,1,107.79,0.0,PLN
SO-2024-004656,3,2024-05-04,2024-05-04,PL-LDZ-01,,VM-ACC-0007,1,352.79,0.0,PLN
SO-2024-004657,1,2024-05-04,2024-05-08,PL-WEB-01,C006202,VM-BIK-0018,1,2351.99,0.0,PLN
SO-2024-004657,2,2024-05-04,2024-05-08,PL-WEB-01,C006202,VM-ACC-0008,1,391.99,0.0,PLN
SO-2024-004658,1,2024-05-04,2024-05-06,PL-WEB-01,C008283,VM-BIK-0003,1,6409.19,0.0,PLN
SO-2024-004659,1,2024-05-04,2024-05-08,PL-WEB-01,C002846,VM-APP-0011,1,401.79,0.0,PLN
SO-2024-004659,2,2024-05-04,2024-05-08,PL-WEB-01,C002846,VM-APP-0005,1,176.39,0.0,PLN
SO-2024-004659,3,2024-05-04,2024-05-08,PL-WEB-01,C002846,VM-CMP-0011,2,156.79,0.0,PLN
SO-2024-004660,1,2024-05-04,2024-05-07,PL-WEB-01,C006774,VM-EBK-0001,1,7516.59,0.05,PLN
SO-2024-004660,2,2024-05-04,2024-05-07,PL-WEB-01,C006774,vm-nut-0004,3,6.85,0.05,PLN
SO-2024-004661,1,2024-05-04,2024-05-07,PL-WEB-01,C008284,VM-BIK-0007,1,6908.99,0.0,PLN
SO-2024-004662,1,2024-05-04,2024-05-05,PL-WEB-01,C004917, VM-APP-0013 ,1,431.19,0.0,PLN
SO-2024-004662,2,2024-05-04,2024-05-05,PL-WEB-01,C004917,VM-CMP-0015,2,901.59,0.0,PLN
SO-2024-004663,1,2024-05-04,2024-05-06,PL-WEB-01,C008285,VM-ACC-0008,2,391.99,0.0,PLN
SO-2024-004664,1,2024-05-04,2024-05-05,PL-WEB-01,C005619,VM-EBK-0002,1,9750.99,0.0,PLN
SO-2024-004664,2,2024-05-04,2024-05-05,PL-WEB-01,C005619,VM-CMP-0015,1,901.59,0.0,PLN
SO-2024-004665,1,2024-05-04,2024-05-08,PL-WEB-01,C000743,VM-BIK-0007,1,6908.99,0.0,PLN
SO-2024-004665,2,2024-05-04,2024-05-08,PL-WEB-01,C000743,VM-CMP-0001,2,391.99,0.0,PLN
SO-2024-004665,3,2024-05-04,2024-05-08,PL-WEB-01,C000743,VM-ACC-0013,1,166.59,0.0,PLN
SO-2024-004666,1,2024-05-04,2024-05-07,PL-MKT-01,C001737,VM-EBK-0001,1,7516.59,0.05,PLN
SO-2024-004667,1,2024-05-04,2024-05-05,PL-MKT-01,C008286,VM-CMP-0014,1,421.39,0.0,PLN
SO-2024-004667,2,2024-05-04,2024-05-05,PL-MKT-01,C008286,VM-BIK-0019,1,1185.79,0.0,PLN
SO-2024-004668,1,2024-05-04,2024-05-06,PL-MKT-01,C002910,VM-ACC-0001,1,372.39,0.0,PLN
SO-2024-004669,1,2024-05-04,2024-05-08,PL-MKT-01,C008287,VM-BIK-0012,1,11573.79,0.0,PLN
SO-2024-004669,2,2024-05-04,2024-05-08,PL-MKT-01,C008287,VM-ACC-0014,1,107.79,0.0,PLN
SO-2024-004670,1,2024-05-04,2024-05-06,PL-MKT-01,C006712,VM-BIK-0013,1,4703.99,0.0,PLN
SO-2024-004670,2,2024-05-04,2024-05-06,PL-MKT-01,C006712,VM-CMP-0019,4,205.79,0.0,PLN
SO-2024-004671,1,2024-05-04,2024-05-06,PL-MKT-01,C008288,VM-CMP-0009,2,342.99,0.0,PLN
SO-2024-004672,1,2024-05-04,2024-05-04,CZ-PRG-01,C000375,VM-BIK-0019,1,6519.0,0.0,CZK
SO-2024-004672,2,2024-05-04,2024-05-04,CZ-PRG-01,C000375,VM-BIK-0012,1,63627.0,0.0,CZK
SO-2024-004673,1,2024-05-04,2024-05-04,CZ-PRG-01,C007741,VM-EBK-0001,1,41323.0,0.05,CZK
SO-2024-004674,1,2024-05-04,2024-05-04,CZ-PRG-01,C008219,vm-ebk-0011,1,78874.0,0.05,CZK
SO-2024-004674,2,2024-05-04,2024-05-04,CZ-PRG-01,C008219,VM-ACC-0001,2,2047.0,0.05,CZK
SO-2024-004675,1,2024-05-04,2024-05-04,CZ-PRG-01,C007532,VM-CMP-0005,1,7974.0,0.0,CZK
SO-2024-004676,1,2024-05-04,2024-05-06,CZ-WEB-01,C008289,VM-EBK-0009,1,53391.0,0.0,CZK
SO-2024-004676,2,2024-05-04,2024-05-06,CZ-WEB-01,C008289,VM-ACC-0001,2,2047.0,0.05,CZK
SO-2024-004677,1,2024-05-04,2024-05-06,CZ-WEB-01,C008290,VM-BIK-0007,1,37982.0,0.0,CZK
SO-2024-004678,1,2024-05-04,2024-05-07,CZ-WEB-01,C006279,VM-CMP-0013,2,2855.0,0.05,CZK
SO-2024-004678,2,2024-05-04,2024-05-07,CZ-WEB-01,C006279,vm-acc-0013,1,916.0,0.05,CZK
SO-2024-004679,1,2024-05-04,2024-05-04,DE-BER-01,,VM-BIK-0007,1,1585.83,0.0,EUR
SO-2024-004680,1,2024-05-04,2024-05-04,DE-BER-01,,VM-BIK-0008,1,1194.43,0.0,EUR
SO-2024-004680,2,2024-05-04,2024-05-04,DE-BER-01,,VM-ACC-0008,1,89.97,0.0,EUR
SO-2024-004680,3,2024-05-04,2024-05-04,DE-BER-01,,VM-ACC-0010,1,56.23,0.0,EUR
SO-2024-004681,1,2024-05-04,2024-05-04,DE-BER-01,C007606,VM-BIK-0007,1,1585.83,0.0,EUR
SO-2024-004682,1,2024-05-04,2024-05-04,DE-BER-01,,VM-NUT-0009,4,19.12,0.0,EUR
SO-2024-004682,2,2024-05-04,2024-05-04,DE-BER-01,,VM-NUT-0004,5,1.57,0.0,EUR
SO-2024-004683,1,2024-05-04,2024-05-04,DE-BER-01,C008291,VM-BIK-0009,1,1268.66,0.0,EUR
SO-2024-004683,2,2024-05-04,2024-05-04,DE-BER-01,C008291,VM-ACC-0008,1,89.97,0.0,EUR
SO-2024-004684,1,2024-05-04,2024-05-04,DE-BER-01,C008292,VM-ACC-0008,2,89.97,0.0,EUR
SO-2024-004685,1,2024-05-04,2024-05-08,DE-WEB-01,C003567,VM-BIK-0020,1,272.18,0.05,EUR
SO-2024-004685,2,2024-05-04,2024-05-08,DE-WEB-01,C003567,VM-ACC-0008,1,89.97,0.05,EUR
SO-2024-004685,3,2024-05-04,2024-05-08,DE-WEB-01,C003567,VM-EBK-0006,1,4530.31,0.05,EUR
SO-2024-004685,4,2024-05-04,2024-05-08,DE-WEB-01,C003567,vm-ebk-0011,1,3293.13,0.05,EUR
SO-2024-004686,1,2024-05-04,2024-05-05,DE-WEB-01,C008293,VM-ACC-0011,2,16.19,0.0,EUR
SO-2024-004687,1,2024-05-04,2024-05-05,DE-WEB-01,C005879,VM-CMP-0012,2,121.47,0.0,EUR
SO-2024-004687,2,2024-05-04,2024-05-05,DE-WEB-01,C005879,VM-CMP-0009,2,78.73,0.0,EUR
SO-2024-004688,1,2024-05-05,2024-05-09,PL-WEB-01,C008294,VM-ACC-0022,1,1538.59,0.0,PLN
SO-2024-004689,1,2024-05-05,2024-05-06,PL-WEB-01,C008295,VM-APP-0010,2,166.59,0.0,PLN
SO-2024-004690,1,2024-05-05,2024-05-09,PL-WEB-01,C002841,VM-EBK-0011,1,14347.19,0.0,PLN
SO-2024-004690,2,2024-05-05,2024-05-09,PL-WEB-01,C002841,VM-APP-0002,3,431.19,0.0,PLN
SO-2024-004691,1,2024-05-05,2024-05-09,PL-WEB-01,C002812,VM-EBK-0009,5,9711.79,0.1,PLN
SO-2024-004691,2,2024-05-05,2024-05-09,PL-WEB-01,C002812,VM-BIK-0012,4,11573.79,0.1,PLN
SO-2024-004692,1,2024-05-05,2024-05-06,PL-WEB-01,C001755,VM-NUT-0007,6,12.73,0.0,PLN
SO-2024-004693,1,2024-05-05,2024-05-06,PL-WEB-01,C002562,VM-NUT-0004,10,6.85,0.0,PLN
SO-2024-004694,1,2024-05-05,2024-05-09,PL-WEB-01,C008296,VM-BIK-0007,1,6908.99,0.0,PLN
SO-2024-004695,1,2024-05-05,2024-05-09,PL-WEB-01,C002850,VM-ACC-0001,1,372.39,0.0,PLN
SO-2024-004695,2,2024-05-05,2024-05-09,PL-WEB-01,C002850,VM-BIK-0019,1,1185.79,0.0,PLN
SO-2024-004695,3,2024-05-05,2024-05-09,PL-WEB-01,C002850,VM-ACC-0014,1,107.79,0.0,PLN
SO-2024-004696,1,2024-05-05,2024-05-08,PL-WEB-01,C007706,VM-ACC-0014,1,107.79,0.0,PLN
SO-2024-004697,1,2024-05-05,2024-05-08,PL-WEB-01,C008297,VM-NUT-0006,4,9.79,0.0,PLN
SO-2024-004697,2,2024-05-05,2024-05-08,PL-WEB-01,C008297,VM-ACC-0020,1,793.79,0.0,PLN
SO-2024-004697,3,2024-05-05,2024-05-08,PL-WEB-01,C008297,VM-APP-0008,2,156.79,0.0,PLN
SO-2024-004698,1,2024-05-05,2024-05-07,PL-WEB-01,C008298,VM-NUT-0002,11,14.69,0.0,PLN
SO-2024-004698,2,2024-05-05,2024-05-07,PL-WEB-01,C008298,VM-CMP-0017,2,489.99,0.0,PLN
SO-2024-004699,1,2024-05-05,2024-05-08,PL-WEB-01,C005355,VM-ACC-0014,1,107.79,0.05,PLN
SO-2024-004699,2,2024-05-05,2024-05-08,PL-WEB-01,C005355,VM-NUT-0006,3,9.79,0.05,PLN
SO-2024-004700,1,2024-05-05,2024-05-08,PL-WEB-01,C008299,VM-EBK-0011,1,14347.19,0.0,PLN
SO-2024-004701,1,2024-05-05,2024-05-06,PL-MKT-01,C000080,VM-APP-0012,3,852.59,0.12,PLN
SO-2024-004702,1,2024-05-05,2024-05-06,PL-MKT-01,C008300,VM-NUT-0004,12,6.85,0.0,PLN
SO-2024-004703,1,2024-05-05,2024-05-09,PL-MKT-01,C001030,VM-APP-0008,2,156.79,0.0,PLN
SO-2024-004704,1,2024-05-05,2024-05-09,PL-MKT-01,C006596,VM-ACC-0020,1,793.79,0.0,PLN
SO-2024-004704,2,2024-05-05,2024-05-09,PL-MKT-01,C006596,VM-ACC-0013,1,166.59,0.0,PLN
SO-2024-004705,1,2024-05-05,2024-05-07,PL-MKT-01,C004841,VM-BIK-0018,1,2351.99,0.05,PLN
SO-2024-004705,2,2024-05-05,2024-05-07,PL-MKT-01,C004841,VM-ACC-0014,1,107.79,0.0,PLN
SO-2024-004706,1,2024-05-05,2024-05-08,PL-MKT-01,C004447,VM-NUT-0011,3,52.91,0.0,PLN
SO-2024-004707,1,2024-05-05,2024-05-08,PL-MKT-01,C008301,VM-ACC-0007,2,352.79,0.0,PLN
SO-2024-004708,1,2024-05-05,2024-05-09,PL-MKT-01,C008302,VM-BIK-0007,1,6908.99,0.0,PLN
SO-2024-004709,1,2024-05-05,2024-05-08,PL-MKT-01,C004567,VM-APP-0003,2,303.79,0.0,PLN
SO-2024-004710,1,2024-05-05,2024-05-05,CZ-PRG-01,C008303,vm-acc-0008,2,2155.0,0.0,CZK
SO-2024-004710,2,2024-05-05,2024-05-05,CZ-PRG-01,C008303,VM-APP-0020,2,970.0,0.0,CZK
SO-2024-004711,1,2024-05-05,2024-05-05,CZ-PRG-01,C008304,VM-NUT-0006,6,54.0,0.0,CZK
SO-2024-004711,2,2024-05-05,2024-05-05,CZ-PRG-01,C008304,VM-EBK-0003,1,48973.0,0.0,CZK
SO-2024-004712,1,2024-05-05,2024-05-08,CZ-WEB-01,C000806,VM-ACC-0014,1,593.0,0.0,CZK
SO-2024-004713,1,2024-05-05,2024-05-07,CZ-WEB-01,C003208,VM-CMP-0013,2,2855.0,0.0,CZK
SO-2024-004713,2,2024-05-05,2024-05-07,CZ-WEB-01,C003208,VM-APP-0006,3,1670.0,0.0,CZK
SO-2024-004714,1,2024-05-05,2024-05-09,CZ-WEB-01,C003408, VM-BIK-0021 ,1,6734.0,0.0,CZK
SO-2024-004714,2,2024-05-05,2024-05-09,CZ-WEB-01,C003408,VM-APP-0012,1,4687.0,0.0,CZK
SO-2024-004715,1,2024-05-05,2024-05-06,CZ-WEB-01,C000806,VM-BIK-0021,1,6734.0,0.0,CZK
SO-2024-004715,2,2024-05-05,2024-05-06,CZ-WEB-01,C000806,VM-NUT-0001,9,48.0,0.0,CZK
SO-2024-004716,1,2024-05-05,2024-05-06,CZ-WEB-01,C003290,VM-ACC-0017,2,312.0,0.0,CZK
SO-2024-004717,1,2024-05-05,2024-05-06,DE-WEB-01,C008305,VM-BIK-0015,1,695.07,0.05,EUR
SO-2024-004718,1,2024-05-05,2024-05-09,DE-WEB-01,C008306,VM-CMP-0001,2,89.97,0.0,EUR
SO-2024-004719,1,2024-05-05,2024-05-09,DE-WEB-01,C008307,VM-APP-0016,1,137.21,0.0,EUR
SO-2024-004719,2,2024-05-05,2024-05-09,DE-WEB-01,C008307,VM-ACC-0003,1,65.23,0.1,EUR
SO-2024-004720,1,2024-05-05,2024-05-06,DE-WEB-01,C000039,VM-BIK-0020,1,272.18,0.0,EUR
SO-2024-004720,2,2024-05-05,2024-05-06,DE-WEB-01,C000039,VM-ACC-0008,1,89.97,0.0,EUR
SO-2024-004721,1,2024-05-06,2024-05-06,PL-WAW-01,C008308,VM-NUT-0007,7,12.73,0.0,PLN
SO-2024-004722,1,2024-05-06,2024-05-06,PL-WAW-01,C007163,VM-ACC-0014,1,107.79,0.0,PLN
SO-2024-004722,2,2024-05-06,2024-05-06,PL-WAW-01,C007163,VM-APP-0007,1,156.79,0.0,PLN
SO-2024-004722,3,2024-05-06,2024-05-06,PL-WAW-01,C007163,VM-CMP-0012,2,529.19,0.05,PLN
SO-2024-004722,4,2024-05-06,2024-05-06,PL-WAW-01,C007163,VM-CMP-0002,1,548.79,0.0,PLN
SO-2024-004723,1,2024-05-06,2024-05-06,PL-WAW-01,C003797,VM-ACC-0018,3,48.99,0.0,PLN
SO-2024-004723,2,2024-05-06,2024-05-06,PL-WAW-01,C003797,VM-BIK-0013,1,4703.99,0.0,PLN
SO-2024-004724,1,2024-05-06,2024-05-06,PL-WAW-01,C004282, VM-APP-0002 ,1,431.19,0.0,PLN
SO-2024-004724,2,2024-05-06,2024-05-06,PL-WAW-01,C004282,VM-ACC-0004,1,764.39,0.0,PLN
SO-2024-004724,3,2024-05-06,2024-05-06,PL-WAW-01,C004282,VM-NUT-0011,4,52.91,0.0,PLN
SO-2024-004724,4,2024-05-06,2024-05-06,PL-WAW-01,C004282,VM-NUT-0002,8,14.69,0.0,PLN
SO-2024-004725,1,2024-05-06,2024-05-06,PL-WAW-01,C006249,VM-APP-0006,2,303.79,0.0,PLN
SO-2024-004725,2,2024-05-06,2024-05-06,PL-WAW-01,C006249,VM-BIK-0001,1,13416.19,0.0,PLN
SO-2024-004725,3,2024-05-06,2024-05-06,PL-WAW-01,C006249,VM-BIK-0007,1,6908.99,0.1,PLN
SO-2024-004726,1,2024-05-06,2024-05-06,PL-WAW-01,C007388,VM-EBK-0007,1,14405.99,0.0,PLN
SO-2024-004726,2,2024-05-06,2024-05-06,PL-WAW-01,C007388,VM-ACC-0002,1,597.79,0.0,PLN
SO-2024-004726,3,2024-05-06,2024-05-06,PL-WAW-01,C007388,VM-ACC-0013,1,166.59,0.0,PLN
SO-2024-004727,1,2024-05-06,2024-05-06,PL-WAW-02,C008309,VM-APP-0006,1,303.79,0.0,PLN
SO-2024-004727,2,2024-05-06,2024-05-06,PL-WAW-02,C008309,VM-BIK-0022,1,1371.99,0.0,PLN
SO-2024-004728,1,2024-05-06,2024-05-06,PL-WAW-02,,VM-ACC-0005,2,176.39,0.0,PLN
SO-2024-004729,1,2024-05-06,2024-05-06,PL-WAW-02,,VM-BIK-0004,1,4184.59,0.0,PLN
SO-2024-004729,2,2024-05-06,2024-05-06,PL-WAW-02,,VM-BIK-0013,1,4703.99,0.0,PLN
SO-2024-004730,1,2024-05-06,2024-05-06,PL-WAW-02,C003735,VM-CMP-0011,2,156.79,0.0,PLN
SO-2024-004731,1,2024-05-06,2024-05-06,PL-KRK-01,,VM-ACC-0018,2,48.99,0.0,PLN
SO-2024-004732,1,2024-05-06,2024-05-06,PL-KRK-01,C003233,vm-bik-0017,2,1871.79,0.1,PLN
SO-2024-004732,2,2024-05-06,2024-05-06,PL-KRK-01,C003233,VM-NUT-0001,21,8.81,0.08,PLN
SO-2024-004733,1,2024-05-06,2024-05-06,PL-KRK-01,C008310,VM-BIK-0017,1,1871.79,0.0,PLN
SO-2024-004733,2,2024-05-06,2024-05-06,PL-KRK-01,C008310,VM-CMP-0012,2,529.19,0.0,PLN
SO-2024-004733,3,2024-05-06,2024-05-06,PL-KRK-01,C008310,VM-APP-0019,2,64.67,0.0,PLN
SO-2024-004734,1,2024-05-06,2024-05-06,PL-KRK-01,C008311,VM-EBK-0003,1,8908.19,0.0,PLN
SO-2024-004734,2,2024-05-06,2024-05-06,PL-KRK-01,C008311,VM-NUT-0006,4,9.79,0.0,PLN
SO-2024-004735,1,2024-05-06,2024-05-06,PL-KRK-01,C008189,VM-NUT-0003,8,10.77,0.0,PLN
SO-2024-004735,2,2024-05-06,2024-05-06,PL-KRK-01,C008189,VM-BIK-0016,1,3518.19,0.0,PLN
SO-2024-004736,1,2024-05-06,2024-05-06,PL-KRK-01,,VM-BIK-0001,1,13416.19,0.0,PLN
SO-2024-004736,2,2024-05-06,2024-05-06,PL-KRK-01,,VM-ACC-0019,3,48.99,0.0,PLN
SO-2024-004737,1,2024-05-06,2024-05-06,PL-KRK-01,,VM-APP-0002,1,431.19,0.0,PLN
SO-2024-004738,1,2024-05-06,2024-05-06,PL-KRK-01,,VM-EBK-0007,1,14405.99,0.0,PLN
SO-2024-004738,2,2024-05-06,2024-05-06,PL-KRK-01,,VM-ACC-0018,2,48.99,0.0,PLN
SO-2024-004738,3,2024-05-06,2024-05-06,PL-KRK-01,,VM-APP-0002,3,431.19,0.0,PLN
SO-2024-004739,1,2024-05-06,2024-05-06,PL-KRK-01,C008312,VM-APP-0001,3,450.79,0.1,PLN
SO-2024-004740,1,2024-05-06,2024-05-06,PL-WRO-01,C005711,VM-NUT-0006,7,9.79,0.0,PLN
SO-2024-004740,2,2024-05-06,2024-05-06,PL-WRO-01,C005711,vm-nut-0004,13,6.85,0.0,PLN
SO-2024-004741,1,2024-05-06,2024-05-06,PL-WRO-01,C003355,VM-EBK-0003,1,8908.19,0.05,PLN
SO-2024-004741,2,2024-05-06,2024-05-06,PL-WRO-01,C003355,VM-ACC-0014,1,107.79,0.05,PLN
SO-2024-004742,1,2024-05-06,2024-05-06,PL-WRO-01,,VM-CMP-0009,2,342.99,0.0,PLN
SO-2024-004742,2,2024-05-06,2024-05-06,PL-WRO-01,,VM-APP-0017,2,186.19,0.0,PLN
SO-2024-004743,1,2024-05-06,2024-05-06,PL-WRO-01,,VM-APP-0006,1,303.79,0.0,PLN
SO-2024-004743,2,2024-05-06,2024-05-06,PL-WRO-01,,VM-ACC-0015,1,342.99,0.0,PLN
SO-2024-004744,1,2024-05-06,2024-05-06,PL-WRO-01,C008313,VM-EBK-0011,1,14347.19,0.05,PLN
SO-2024-004744,2,2024-05-06,2024-05-06,PL-WRO-01,C008313,VM-ACC-0002,2,597.79,0.05,PLN
SO-2024-004745,1,2024-05-06,2024-05-06,PL-GDN-01,C008074,VM-BIK-0012,1,11573.79,0.0,PLN
SO-2024-004745,2,2024-05-06,2024-05-06,PL-GDN-01,C008074,VM-ACC-0017,3,56.83,0.0,PLN
SO-2024-004745,3,2024-05-06,2024-05-06,PL-GDN-01,C008074,VM-NUT-0006,11,9.79,0.0,PLN
SO-2024-004746,1,2024-05-06,2024-05-06,PL-GDN-01,,VM-APP-0020,1,176.39,0.0,PLN
SO-2024-004746,2,2024-05-06,2024-05-06,PL-GDN-01,,VM-APP-0013,1,431.19,0.0,PLN
SO-2024-004747,1,2024-05-06,2024-05-06,PL-GDN-01,C008314,VM-EBK-0009,1,9711.79,0.05,PLN
SO-2024-004748,1,2024-05-06,2024-05-06,PL-POZ-01,C007921,VM-EBK-0007,1,14405.99,0.0,PLN
SO-2024-004748,2,2024-05-06,2024-05-06,PL-POZ-01,C007921,VM-ACC-0008,1,391.99,0.05,PLN
SO-2024-004749,1,2024-05-06,2024-05-06,PL-POZ-01,C004631,VM-NUT-0001,15,8.81,0.0,PLN
SO-2024-004750,1,2024-05-06,2024-05-06,PL-LDZ-01,,vm-bik-0009,1,5527.19,0.0,PLN
SO-2024-004750,2,2024-05-06,2024-05-06,PL-LDZ-01,,VM-CMP-0005,1,1450.39,0.0,PLN
SO-2024-004751,1,2024-05-06,2024-05-06,PL-LDZ-01,C005167,VM-APP-0010,2,166.59,0.05,PLN
SO-2024-004751,2,2024-05-06,2024-05-06,PL-LDZ-01,C005167,VM-BIK-0013,1,4703.99,0.05,PLN
SO-2024-004752,1,2024-05-06,2024-05-09,PL-WEB-01,C008315,VM-NUT-0004,11,6.85,0.0,PLN
SO-2024-004752,2,2024-05-06,2024-05-09,PL-WEB-01,C008315,VM-CMP-0005,1,1450.39,0.0,PLN
SO-2024-004753,1,2024-05-06,2024-05-07,PL-WEB-01,C002359,VM-ACC-0020,1,793.79,0.05,PLN
SO-2024-004754,1,2024-05-06,2024-05-08,PL-WEB-01,C008316,VM-ACC-0007,1,352.79,0.1,PLN
SO-2024-004754,2,2024-05-06,2024-05-08,PL-WEB-01,C008316,vm-ebk-0009,1,9711.79,0.0,PLN
SO-2024-004754,3,2024-05-06,2024-05-08,PL-WEB-01,C008316,VM-BIK-0009,1,5527.19,0.0,PLN
SO-2024-004755,1,2024-05-06,2024-05-07,PL-WEB-01,C006407,VM-ACC-0002,1,597.79,0.0,PLN
SO-2024-004755,2,2024-05-06,2024-05-07,PL-WEB-01,C006407,VM-APP-0013,1,431.19,0.0,PLN
SO-2024-004755,3,2024-05-06,2024-05-07,PL-WEB-01,C006407,VM-ACC-0007,1,352.79,0.0,PLN
SO-2024-004756,1,2024-05-06,2024-05-07,PL-WEB-01,C003307,VM-NUT-0004,14,6.85,0.0,PLN
SO-2024-004756,2,2024-05-06,2024-05-07,PL-WEB-01,C003307,VM-APP-0003,2,303.79,0.0,PLN
SO-2024-004756,3,2024-05-06,2024-05-07,PL-WEB-01,C003307,VM-APP-0020,2,176.39,0.0,PLN
SO-2024-004757,1,2024-05-06,2024-05-08,PL-WEB-01,C008317,VM-BIK-0019,1,1185.79,0.0,PLN
SO-2024-004758,1,2024-05-06,2024-05-08,PL-WEB-01,C008318,VM-APP-0015,1,558.59,0.0,PLN
SO-2024-004759,1,2024-05-06,2024-05-10,PL-WEB-01,C008319,VM-ACC-0008,2,391.99,0.0,PLN
SO-2024-004759,2,2024-05-06,2024-05-10,PL-WEB-01,C008319,VM-BIK-0013,1,4703.99,0.0,PLN
SO-2024-004760,1,2024-05-06,2024-05-08,PL-WEB-01,C007239,VM-ACC-0007,1,352.79,0.0,PLN
SO-2024-004760,2,2024-05-06,2024-05-08,PL-WEB-01,C007239,VM-CMP-0006,1,195.99,0.0,PLN
SO-2024-004761,1,2024-05-06,2024-05-09,PL-WEB-01,C008320,VM-APP-0005,2,176.39,0.05,PLN
SO-2024-004762,1,2024-05-06,2024-05-07,PL-WEB-01,C006650,VM-APP-0002,1,431.19,0.0,PLN
SO-2024-004762,2,2024-05-06,2024-05-07,PL-WEB-01,C006650,VM-EBK-0006,1,19737.19,0.0,PLN
SO-2024-004762,3,2024-05-06,2024-05-07,PL-WEB-01,C006650,VM-EBK-0008,1,14797.99,0.0,PLN
SO-2024-004763,1,2024-05-06,2024-05-08,PL-WEB-01,C005086,VM-APP-0014,4,480.19,0.1,PLN
SO-2024-004764,1,2024-05-06,2024-05-09,PL-WEB-01,C008165,VM-NUT-0009,2,83.29,0.05,PLN
SO-2024-004765,1,2024-05-06,2024-05-10,PL-WEB-01,C008249,VM-BIK-0011,1,8476.99,0.0,PLN
SO-2024-004766,1,2024-05-06,2024-05-09,PL-WEB-01,C008321,VM-BIK-0007,1,6908.99,0.0,PLN
SO-2024-004767,1,2024-05-06,2024-05-07,PL-WEB-01,C003776,VM-NUT-0004,14,6.85,0.0,PLN
SO-2024-004767,2,2024-05-06,2024-05-07,PL-WEB-01,C003776,VM-APP-0007,2,156.79,0.0,PLN
SO-2024-004767,3,2024-05-06,2024-05-07,PL-WEB-01,C003776,VM-CMP-0017,1,489.99,0.0,PLN
SO-2024-004767,4,2024-05-06,2024-05-07,PL-WEB-01,C003776,VM-APP-0004,1,235.19,0.0,PLN
SO-2024-004768,1,2024-05-06,2024-05-10,PL-WEB-01,C008322,VM-EBK-0008,1,14797.99,0.05,PLN
SO-2024-004769,1,2024-05-06,2024-05-09,PL-MKT-01,C007024,VM-CMP-0008,1,431.19,0.0,PLN
SO-2024-004770,1,2024-05-06,2024-05-10,PL-MKT-01,C008323,VM-BIK-0020,1,1185.79,0.0,PLN
SO-2024-004770,2,2024-05-06,2024-05-10,PL-MKT-01,C008323,VM-ACC-0008,1,391.99,0.0,PLN
SO-2024-004771,1,2024-05-06,2024-05-08,PL-MKT-01,C004815,VM-BIK-0004,1,4184.59,0.0,PLN
SO-2024-004771,2,2024-05-06,2024-05-08,PL-MKT-01,C004815,VM-ACC-0019,1,48.99,0.1,PLN
SO-2024-004772,1,2024-05-06,2024-05-08,PL-MKT-01,C005172,VM-APP-0010,2,166.59,0.0,PLN
SO-2024-004772,2,2024-05-06,2024-05-08,PL-MKT-01,C005172,VM-ACC-0002,1,597.79,0.0,PLN
SO-2024-004772,3,2024-05-06,2024-05-08,PL-MKT-01,C005172,VM-BIK-0012,1,11573.79,0.0,PLN
SO-2024-004773,1,2024-05-06,2024-05-08,PL-MKT-01,C008324,VM-APP-0006,2,303.79,0.0,PLN
SO-2024-004774,1,2024-05-06,2024-05-10,PL-MKT-01,C000915,VM-ACC-0012,1,70.55,0.0,PLN
SO-2024-004774,2,2024-05-06,2024-05-10,PL-MKT-01,C000915,VM-APP-0007,1,156.79,0.0,PLN
SO-2024-004774,3,2024-05-06,2024-05-10,PL-MKT-01,C000915,VM-CMP-0008,1,431.19,0.0,PLN
SO-2024-004775,1,2024-05-06,2024-05-08,PL-MKT-01,C008325, VM-BIK-0013 ,1,4703.99,0.05,PLN
SO-2024-004776,1,2024-05-06,2024-05-06,CZ-PRG-01,C008326,VM-CMP-0013,1,2855.0,0.0,CZK
SO-2024-004776,2,2024-05-06,2024-05-06,CZ-PRG-01,C008326,VM-APP-0013,1,2370.0,0.0,CZK
SO-2024-004777,1,2024-05-06,2024-05-06,CZ-PRG-01,,VM-NUT-0005,6,48.0,0.0,CZK
SO-2024-004777,2,2024-05-06,2024-05-06,CZ-PRG-01,,VM-APP-0013,1,2370.0,0.0,CZK
SO-2024-004778,1,2024-05-06,2024-05-06,CZ-PRG-01,C008327,VM-BIK-0007,1,37982.0,0.05,CZK
SO-2024-004778,2,2024-05-06,2024-05-06,CZ-PRG-01,C008327,VM-APP-0002,2,2370.0,0.05,CZK
SO-2024-004778,3,2024-05-06,2024-05-06,CZ-PRG-01,C008327,VM-APP-0007,1,862.0,0.05,CZK
SO-2024-004779,1,2024-05-06,2024-05-06,CZ-PRG-01,C006789,VM-BIK-0007,3,37982.0,0.12,CZK
SO-2024-004780,1,2024-05-06,2024-05-06,CZ-PRG-01,,VM-BIK-0014,1,20634.0,0.0,CZK
SO-2024-004781,1,2024-05-06,2024-05-06,CZ-PRG-01,C008328,VM-ACC-0014,1,593.0,0.0,CZK
SO-2024-004782,1,2024-05-06,2024-05-08,CZ-WEB-01,C008329,VM-APP-0013,1,2370.0,0.05,CZK
SO-2024-004782,2,2024-05-06,2024-05-08,CZ-WEB-01,C008329,VM-NUT-0001,14,48.0,0.05,CZK
SO-2024-004783,1,2024-05-06,2024-05-07,CZ-WEB-01,C006686,VM-APP-0012,1,4687.0,0.0,CZK
SO-2024-004783,2,2024-05-06,2024-05-07,CZ-WEB-01,C006686,VM-ACC-0002,1,3286.0,0.1,CZK
SO-2024-004783,3,2024-05-06,2024-05-07,CZ-WEB-01,C006686,VM-CMP-0023,1,318.0,0.0,CZK
SO-2024-004784,1,2024-05-06,2024-05-07,CZ-WEB-01,C001200,VM-NUT-0006,9,54.0,0.0,CZK
SO-2024-004784,2,2024-05-06,2024-05-07,CZ-WEB-01,C001200,VM-BIK-0003,1,35235.0,0.0,CZK
SO-2024-004785,1,2024-05-06,2024-05-09,CZ-WEB-01,C008330,VM-APP-0001,1,2478.0,0.05,CZK
SO-2024-004786,1,2024-05-06,2024-05-07,CZ-WEB-01,C004283,vm-cmp-0017,2,2694.0,0.05,CZK
SO-2024-004787,1,2024-05-06,2024-05-08,CZ-WEB-01,C008331,VM-APP-0013,5,2370.0,0.12,CZK
SO-2024-004787,2,2024-05-06,2024-05-08,CZ-WEB-01,C008331,VM-BIK-0020,2,6519.0,0.12,CZK
SO-2024-004787,3,2024-05-06,2024-05-08,CZ-WEB-01,C008331,VM-APP-0012,4,4687.0,0.08,CZK
SO-2024-004787,4,2024-05-06,2024-05-08,CZ-WEB-01,C008331,VM-ACC-0003,5,1562.0,0.12,CZK
SO-2024-004788,1,2024-05-06,2024-05-06,DE-BER-01,C008332,VM-BIK-0004,1,960.5,0.0,EUR
SO-2024-004788,2,2024-05-06,2024-05-06,DE-BER-01,C008332,VM-BIK-0010,1,1421.62,0.0,EUR
SO-2024-004788,3,2024-05-06,2024-05-06,DE-BER-01,C008332,VM-ACC-0008,2,89.97,0.0,EUR
SO-2024-004789,1,2024-05-06,2024-05-06,DE-BER-01,,VM-CMP-0005,2,332.91,0.0,EUR
SO-2024-004790,1,2024-05-06,2024-05-08,DE-WEB-01,C008333,VM-BIK-0011,1,1945.74,0.0,EUR
SO-2024-004790,2,2024-05-06,2024-05-08,DE-WEB-01,C008333,VM-ACC-0008,1,89.97,0.0,EUR
SO-2024-004790,3,2024-05-06,2024-05-08,DE-WEB-01,C008333,VM-ACC-0002,1,137.21,0.0,EUR
SO-2024-004790,4,2024-05-06,2024-05-08,DE-WEB-01,C008333,VM-ACC-0014,1,24.74,0.0,EUR
SO-2024-004791,1,2024-05-06,2024-05-07,DE-WEB-01,C006790,VM-BIK-0002,1,2166.18,0.0,EUR
SO-2024-004792,1,2024-05-06,2024-05-09,DE-WEB-01,C005042,VM-NUT-0007,9,2.92,0.0,EUR
SO-2024-004793,1,2024-05-06,2024-05-07,DE-WEB-01,C008334,VM-CMP-0015,8,206.94,0.08,EUR
SO-2024-004794,1,2024-05-06,2024-05-07,DE-WEB-01,C007106,VM-NUT-0003,14,2.47,0.08,EUR
SO-2024-004794,2,2024-05-06,2024-05-07,DE-WEB-01,C007106,VM-BIK-0004,5,960.5,0.08,EUR
SO-2024-004794,3,2024-05-06,2024-05-07,DE-WEB-01,C007106,VM-APP-0012,2,195.7,0.08,EUR
SO-2024-004795,1,2024-05-06,2024-05-09,DE-WEB-01,C008335,VM-APP-0012,1,195.7,0.0,EUR
SO-2024-004795,2,2024-05-06,2024-05-09,DE-WEB-01,C008335,VM-ACC-0008,1,89.97,0.0,EUR
SO-2024-004796,1,2024-05-06,2024-05-09,DE-WEB-01,C007903,vm-bik-0019,1,272.18,0.0,EUR
SO-2024-004797,1,2024-05-07,2024-05-07,PL-WAW-01,,VM-CMP-0017,2,489.99,0.0,PLN
SO-2024-004798,1,2024-05-07,2024-05-07,PL-WAW-01,C003434,VM-NUT-0004,7,6.85,0.05,PLN
SO-2024-004799,1,2024-05-07,2024-05-07,PL-WAW-01,C004781,VM-BIK-0001,1,13416.19,0.0,PLN
SO-2024-004800,1,2024-05-07,2024-05-07,PL-WAW-01,C003189,vm-acc-0007,1,352.79,0.0,PLN
SO-2024-004801,1,2024-05-07,2024-05-07,PL-WAW-01,C008336,VM-NUT-0007,6,12.73,0.0,PLN
SO-2024-004802,1,2024-05-07,2024-05-07,PL-WAW-01,,VM-APP-0010,1,166.59,0.0,PLN
SO-2024-004802,2,2024-05-07,2024-05-07,PL-WAW-01,,VM-BIK-0021,1,1224.99,0.0,PLN
SO-2024-004803,1,2024-05-07,2024-05-07,PL-WAW-02,,VM-APP-0002,3,431.19,0.0,PLN
SO-2024-004804,1,2024-05-07,2024-05-07,PL-WAW-02,C004833,VM-EBK-0007,1,14405.99,0.05,PLN
SO-2024-004805,1,2024-05-07,2024-05-07,PL-WAW-02,C008337,VM-BIK-0020,1,1185.79,0.0,PLN
SO-2024-004806,1,2024-05-07,2024-05-07,PL-WAW-02,,VM-ACC-0008,2,391.99,0.0,PLN
SO-2024-004806,2,2024-05-07,2024-05-07,PL-WAW-02,,VM-EBK-0008,1,14797.99,0.0,PLN
SO-2024-004807,1,2024-05-07,2024-05-07,PL-WAW-02,,VM-NUT-0003,9,10.77,0.0,PLN
SO-2024-004808,1,2024-05-07,2024-05-07,PL-WAW-02,C008338,VM-ACC-0007,1,352.79,0.0,PLN
SO-2024-004809,1,2024-05-07,2024-05-07,PL-KRK-01,,VM-NUT-0007,8,12.73,0.0,PLN
SO-2024-004810,1,2024-05-07,2024-05-07,PL-KRK-01,C002800,vm-app-0002,3,431.19,0.0,PLN
SO-2024-004811,1,2024-05-07,2024-05-07,PL-KRK-01,C008339,VM-CMP-0013,1,519.39,0.0,PLN
SO-2024-004812,1,2024-05-07,2024-05-07,PL-KRK-01,C008340,VM-EBK-0009,1,9711.79,0.0,PLN
SO-2024-004813,1,2024-05-07,2024-05-07,PL-KRK-01,C008341,VM-BIK-0013,1,4703.99,0.0,PLN
SO-2024-004814,1,2024-05-07,2024-05-07,PL-KRK-01,C000420,VM-NUT-0001,9,8.81,0.05,PLN
SO-2024-004814,2,2024-05-07,2024-05-07,PL-KRK-01,C000420,VM-BIK-0004,1,4184.59,0.05,PLN
SO-2024-004815,1,2024-05-07,2024-05-07,PL-WRO-01,,VM-NUT-0001,11,8.81,0.0,PLN
SO-2024-004815,2,2024-05-07,2024-05-07,PL-WRO-01,,VM-BIK-0011,1,8476.99,0.0,PLN
SO-2024-004816,1,2024-05-07,2024-05-07,PL-WRO-01,C008342,VM-NUT-0002,6,14.69,0.05,PLN
SO-2024-004816,2,2024-05-07,2024-05-07,PL-WRO-01,C008342,VM-NUT-0001,15,8.81,0.05,PLN
SO-2024-004816,3,2024-05-07,2024-05-07,PL-WRO-01,C008342,VM-BIK-0012,1,11573.79,0.05,PLN
SO-2024-004817,1,2024-05-07,2024-05-07,PL-GDN-01,C005269,VM-NUT-0006,7,9.79,0.0,PLN
SO-2024-004818,1,2024-05-07,2024-05-07,PL-GDN-01,,VM-ACC-0021,1,764.39,0.0,PLN
SO-2024-004818,2,2024-05-07,2024-05-07,PL-GDN-01,,VM-BIK-0011,1,8476.99,0.0,PLN
SO-2024-004819,1,2024-05-07,2024-05-07,PL-GDN-01,C008343,VM-CMP-0002,3,548.79,0.12,PLN
SO-2024-004820,1,2024-05-07,2024-05-07,PL-GDN-01,C002007,VM-ACC-0014,1,107.79,0.0,PLN
SO-2024-004821,1,2024-05-07,2024-05-07,PL-GDN-01,,VM-BIK-0004,1,4184.59,0.0,PLN
SO-2024-004822,1,2024-05-07,2024-05-07,PL-GDN-01,C008344,VM-NUT-0007,7,12.73,0.0,PLN
SO-2024-004823,1,2024-05-07,2024-05-07,PL-POZ-01,C008345,VM-EBK-0002,1,9750.99,0.0,PLN
SO-2024-004823,2,2024-05-07,2024-05-07,PL-POZ-01,C008345,VM-ACC-0017,1,56.83,0.0,PLN
SO-2024-004823,3,2024-05-07,2024-05-07,PL-POZ-01,C008345,VM-ACC-0013,1,166.59,0.0,PLN
SO-2024-004824,1,2024-05-07,2024-05-07,PL-POZ-01,,VM-ACC-0008,1,391.99,0.0,PLN
SO-2024-004825,1,2024-05-07,2024-05-07,PL-POZ-01,C007672,VM-ACC-0018,3,48.99,0.0,PLN
SO-2024-004825,2,2024-05-07,2024-05-07,PL-POZ-01,C007672,VM-CMP-0022,2,35.27,0.0,PLN
SO-2024-004825,3,2024-05-07,2024-05-07,PL-POZ-01,C007672,VM-APP-0001,1,450.79,0.0,PLN
SO-2024-004826,1,2024-05-07,2024-05-07,PL-POZ-01,,VM-ACC-0008,2,391.99,0.0,PLN
SO-2024-004827,1,2024-05-07,2024-05-07,PL-LDZ-01,C008346,VM-BIK-0019,1,1185.79,0.0,PLN
SO-2024-004827,2,2024-05-07,2024-05-07,PL-LDZ-01,C008346,VM-ACC-0008,1,391.99,0.0,PLN
SO-2024-004827,3,2024-05-07,2024-05-07,PL-LDZ-01,C008346,VM-ACC-0012,1,70.55,0.0,PLN
SO-2024-004828,1,2024-05-07,2024-05-10,PL-WEB-01,C001918,VM-ACC-0004,2,764.39,0.0,PLN
SO-2024-004829,1,2024-05-07,2024-05-09,PL-WEB-01,C008347,VM-CMP-0010,1,382.19,0.0,PLN
SO-2024-004829,2,2024-05-07,2024-05-09,PL-WEB-01,C008347,VM-APP-0012,1,852.59,0.0,PLN
SO-2024-004830,1,2024-05-07,2024-05-11,PL-WEB-01,C008348,vm-bik-0020,1,1185.79,0.0,PLN
SO-2024-004831,1,2024-05-07,2024-05-11,PL-WEB-01,C008349,VM-CMP-0011,2,156.79,0.0,PLN
SO-2024-004831,2,2024-05-07,2024-05-11,PL-WEB-01,C008349,VM-NUT-0005,7,8.81,0.0,PLN
SO-2024-004832,1,2024-05-07,2024-05-08,PL-WEB-01,C008350,VM-NUT-0006,10,9.79,0.0,PLN
SO-2024-004832,2,2024-05-07,2024-05-08,PL-WEB-01,C008350,VM-BIK-0012,1,11573.79,0.0,PLN
SO-2024-004833,1,2024-05-07,2024-05-11,PL-WEB-01,C008351,VM-CMP-0009,1,342.99,0.05,PLN
SO-2024-004833,2,2024-05-07,2024-05-11,PL-WEB-01,C008351,VM-NUT-0009,2,83.29,0.0,PLN
SO-2024-004834,1,2024-05-07,2024-05-08,PL-WEB-01,C002838,VM-ACC-0021,1,764.39,0.0,PLN
SO-2024-004835,1,2024-05-07,2024-05-11,PL-WEB-01,C008352,VM-NUT-0010,2,34.29,0.0,PLN
SO-2024-004836,1,2024-05-07,2024-05-11,PL-WEB-01,C008353,VM-EBK-0011,1,14347.19,0.05,PLN
SO-2024-004837,1,2024-05-07,2024-05-08,PL-WEB-01,C003352,VM-NUT-0010,4,34.29,0.0,PLN
SO-2024-004837,2,2024-05-07,2024-05-08,PL-WEB-01,C003352,VM-ACC-0009,2,391.99,0.0,PLN
SO-2024-004838,1,2024-05-07,2024-05-10,PL-WEB-01,C008354,VM-NUT-0001,14,8.81,0.05,PLN
SO-2024-004839,1,2024-05-07,2024-05-09,PL-WEB-01,C007263,VM-APP-0010,2,166.59,0.05,PLN
SO-2024-004839,2,2024-05-07,2024-05-09,PL-WEB-01,C007263,VM-BIK-0001,1,13416.19,0.05,PLN
SO-2024-004840,1,2024-05-07,2024-05-08,PL-WEB-01,C008355,VM-CMP-0015,2,901.59,0.05,PLN
SO-2024-004840,2,2024-05-07,2024-05-08,PL-WEB-01,C008355,VM-CMP-0010,1,382.19,0.05,PLN
SO-2024-004841,1,2024-05-07,2024-05-08,PL-WEB-01,C005190,VM-APP-0008,8,156.79,0.12,PLN
SO-2024-004842,1,2024-05-07,2024-05-10,PL-WEB-01,C005102,VM-BIK-0009,1,5527.19,0.0,PLN
SO-2024-004843,1,2024-05-07,2024-05-08,PL-WEB-01,C008356,VM-ACC-0001,1,372.39,0.0,PLN
SO-2024-004843,2,2024-05-07,2024-05-08,PL-WEB-01,C008356,VM-APP-0008,2,156.79,0.0,PLN
SO-2024-004844,1,2024-05-07,2024-05-09,PL-WEB-01,C006609,VM-EBK-0003,1,8908.19,0.0,PLN
SO-2024-004845,1,2024-05-07,2024-05-08,PL-WEB-01,C006625,VM-BIK-0017,1,1871.79,0.0,PLN
SO-2024-004845,2,2024-05-07,2024-05-08,PL-WEB-01,C006625,VM-ACC-0002,2,597.79,0.0,PLN
SO-2024-004846,1,2024-05-07,2024-05-10,PL-WEB-01,C008357,VM-ACC-0014,1,107.79,0.0,PLN
SO-2024-004847,1,2024-05-07,2024-05-08,PL-WEB-01,C005998,VM-BIK-0011,1,8476.99,0.05,PLN
SO-2024-004847,2,2024-05-07,2024-05-08,PL-WEB-01,C005998,VM-NUT-0004,15,6.85,0.05,PLN
SO-2024-004848,1,2024-05-07,2024-05-11,PL-MKT-01,C007601,VM-CMP-0013,2,519.39,0.05,PLN
SO-2024-004849,1,2024-05-07,2024-05-10,PL-MKT-01,C008358,VM-BIK-0007,1,6908.99,0.0,PLN
SO-2024-004850,1,2024-05-07,2024-05-11,PL-MKT-01,C003216,VM-CMP-0002,2,548.79,0.0,PLN
SO-2024-004850,2,2024-05-07,2024-05-11,PL-MKT-01,C003216,VM-CMP-0004,2,705.59,0.0,PLN
SO-2024-004851,1,2024-05-07,2024-05-10,PL-MKT-01,C008359,VM-ACC-0013,1,166.59,0.0,PLN
SO-2024-004852,1,2024-05-07,2024-05-10,PL-MKT-01,C004443,VM-EBK-0002,1,9750.99,0.0,PLN
SO-2024-004853,1,2024-05-07,2024-05-09,PL-MKT-01,C006406,VM-CMP-0015,2,901.59,0.0,PLN
SO-2024-004853,2,2024-05-07,2024-05-09,PL-MKT-01,C006406,VM-CMP-0021,3,47.03,0.0,PLN
SO-2024-004854,1,2024-05-07,2024-05-11,PL-MKT-01,C008360,VM-APP-0004,1,235.19,0.0,PLN
SO-2024-004855,1,2024-05-07,2024-05-08,PL-MKT-01,C007559,VM-ACC-0004,1,764.39,0.0,PLN
SO-2024-004855,2,2024-05-07,2024-05-08,PL-MKT-01,C007559,VM-BIK-0010,1,6193.59,0.0,PLN
SO-2024-004855,3,2024-05-07,2024-05-08,PL-MKT-01,C007559,VM-APP-0007,1,156.79,0.0,PLN
SO-2024-004856,1,2024-05-07,2024-05-07,CZ-PRG-01,,VM-CMP-0013,1,2855.0,0.0,CZK
SO-2024-004856,2,2024-05-07,2024-05-07,CZ-PRG-01,,VM-APP-0006,2,1670.0,0.0,CZK
SO-2024-004857,1,2024-05-07,2024-05-07,CZ-PRG-01,,VM-ACC-0022,1,8458.0,0.0,CZK
SO-2024-004857,2,2024-05-07,2024-05-07,CZ-PRG-01,,VM-ACC-0004,2,4202.0,0.1,CZK
SO-2024-004857,3,2024-05-07,2024-05-07,CZ-PRG-01,,VM-ACC-0007,1,1939.0,0.0,CZK
SO-2024-004858,1,2024-05-07,2024-05-07,CZ-PRG-01,, VM-APP-0017 ,2,1024.0,0.0,CZK
SO-2024-004858,2,2024-05-07,2024-05-07,CZ-PRG-01,,VM-ACC-0014,1,593.0,0.0,CZK
SO-2024-004859,1,2024-05-07,2024-05-07,CZ-PRG-01,C004133,VM-ACC-0005,1,970.0,0.0,CZK
SO-2024-004860,1,2024-05-07,2024-05-09,CZ-WEB-01,C008361,VM-ACC-0008,2,2155.0,0.0,CZK
SO-2024-004861,1,2024-05-07,2024-05-10,CZ-WEB-01,C008362,VM-ACC-0008,2,2155.0,0.0,CZK
SO-2024-004862,1,2024-05-07,2024-05-08,CZ-WEB-01,C008363,VM-ACC-0008,2,2155.0,0.0,CZK
SO-2024-004862,2,2024-05-07,2024-05-08,CZ-WEB-01,C008363,VM-BIK-0018,1,12930.0,0.0,CZK
SO-2024-004863,1,2024-05-07,2024-05-07,DE-BER-01,C006676,VM-EBK-0008,1,3396.61,0.0,EUR
SO-2024-004864,1,2024-05-07,2024-05-07,DE-BER-01,,VM-NUT-0011,4,12.14,0.0,EUR
SO-2024-004865,1,2024-05-07,2024-05-11,DE-WEB-01,C003690,VM-BIK-0022,1,314.92,0.0,EUR
SO-2024-004865,2,2024-05-07,2024-05-11,DE-WEB-01,C003690,VM-ACC-0008,2,89.97,0.0,EUR
SO-2024-004865,3,2024-05-07,2024-05-11,DE-WEB-01,C003690,VM-APP-0018,1,29.24,0.0,EUR
SO-2024-004866,1,2024-05-07,2024-05-08,DE-WEB-01,C008364,VM-ACC-0008,2,89.97,0.0,EUR
SO-2024-004866,2,2024-05-07,2024-05-08,DE-WEB-01,C008364,VM-CMP-0021,1,10.79,0.0,EUR
SO-2024-004867,1,2024-05-07,2024-05-11,DE-WEB-01,C008365,VM-APP-0014,1,110.22,0.0,EUR
SO-2024-004867,2,2024-05-07,2024-05-11,DE-WEB-01,C008365,VM-BIK-0012,1,2656.55,0.0,EUR
SO-2024-004868,1,2024-05-07,2024-05-09,DE-WEB-01,C003361,VM-BIK-0017,1,429.63,0.0,EUR
SO-2024-004869,1,2024-05-07,2024-05-09,DE-WEB-01,C008366,VM-NUT-0005,3,2.02,0.0,EUR
SO-2024-004869,2,2024-05-07,2024-05-09,DE-WEB-01,C008366,VM-APP-0013,1,98.97,0.0,EUR
SO-2024-004870,1,2024-05-07,2024-05-11,DE-WEB-01,C008367,VM-ACC-0002,2,137.21,0.0,EUR
SO-2024-004870,2,2024-05-07,2024-05-11,DE-WEB-01,C008367,VM-BIK-0007,1,1585.83,0.0,EUR
SO-2024-004871,1,2024-05-08,2024-05-08,PL-WAW-01,,VM-ACC-0014,1,107.79,0.0,PLN
SO-2024-004872,1,2024-05-08,2024-05-08,PL-WAW-02,C007541,VM-EBK-0008,1,14797.99,0.0,PLN
SO-2024-004873,1,2024-05-08,2024-05-08,PL-WAW-02,C008368,VM-BIK-0012,1,11573.79,0.0,PLN
SO-2024-004873,2,2024-05-08,2024-05-08,PL-WAW-02,C008368,vm-acc-0003,1,284.19,0.0,PLN
SO-2024-004874,1,2024-05-08,2024-05-08,PL-WAW-02,,VM-BIK-0007,1,6908.99,0.0,PLN
SO-2024-004874,2,2024-05-08,2024-05-08,PL-WAW-02,,VM-ACC-0013,1,166.59,0.0,PLN
SO-2024-004875,1,2024-05-08,2024-05-08,PL-KRK-01,C007297,VM-ACC-0008,1,391.99,0.0,PLN
SO-2024-004876,1,2024-05-08,2024-05-08,PL-KRK-01,C005835,VM-ACC-0003,1,284.19,0.0,PLN
SO-2024-004877,1,2024-05-08,2024-05-08,PL-WRO-01,C008369,VM-CMP-0015,2,901.59,0.0,PLN
SO-2024-004878,1,2024-05-08,2024-05-08,PL-WRO-01,,VM-CMP-0001,1,391.99,0.0,PLN
SO-2024-004878,2,2024-05-08,2024-05-08,PL-WRO-01,,VM-CMP-0002,2,548.79,0.0,PLN
SO-2024-004879,1,2024-05-08,2024-05-08,PL-WRO-01,C008370,VM-ACC-0002,2,597.79,0.0,PLN
SO-2024-004880,1,2024-05-08,2024-05-08,PL-GDN-01,C004322,VM-BIK-0016,1,3518.19,0.0,PLN
SO-2024-004881,1,2024-05-08,2024-05-08,PL-GDN-01,C001573,VM-NUT-0001,7,8.81,0.0,PLN
SO-2024-004881,2,2024-05-08,2024-05-08,PL-GDN-01,C001573,VM-CMP-0005,1,1450.39,0.0,PLN
SO-2024-004881,3,2024-05-08,2024-05-08,PL-GDN-01,C001573,VM-BIK-0018,1,2351.99,0.0,PLN
SO-2024-004882,1,2024-05-08,2024-05-08,PL-GDN-01,C008371,VM-ACC-0011,2,70.55,0.0,PLN
SO-2024-004882,2,2024-05-08,2024-05-08,PL-GDN-01,C008371,VM-CMP-0009,2,342.99,0.0,PLN
SO-2024-004882,3,2024-05-08,2024-05-08,PL-GDN-01,C008371,VM-EBK-0008,1,14797.99,0.0,PLN
SO-2024-004882,4,2024-05-08,2024-05-08,PL-GDN-01,C008371,VM-BIK-0018,1,2351.99,0.0,PLN
SO-2024-004883,1,2024-05-08,2024-05-08,PL-POZ-01,C008372,VM-ACC-0014,1,107.79,0.0,PLN
SO-2024-004883,2,2024-05-08,2024-05-08,PL-POZ-01,C008372,VM-NUT-0007,4,12.73,0.0,PLN
SO-2024-004883,3,2024-05-08,2024-05-08,PL-POZ-01,C008372,vm-bik-0021,1,1224.99,0.0,PLN
SO-2024-004883,4,2024-05-08,2024-05-08,PL-POZ-01,C008372,VM-NUT-0006,5,9.79,0.0,PLN
SO-2024-004884,1,2024-05-08,2024-05-08,PL-POZ-01,C008373,VM-ACC-0018,10,48.99,0.1,PLN
SO-2024-004885,1,2024-05-08,2024-05-08,PL-LDZ-01,C008374,VM-NUT-0010,20,34.29,0.08,PLN
SO-2024-004886,1,2024-05-08,2024-05-10,PL-WEB-01,C008375,VM-ACC-0023,1,911.39,0.0,PLN
SO-2024-004886,2,2024-05-08,2024-05-10,PL-WEB-01,C008375,VM-BIK-0017,1,1871.79,0.0,PLN
SO-2024-004887,1,2024-05-08,2024-05-10,PL-WEB-01,C007946,VM-NUT-0011,3,52.91,0.0,PLN
SO-2024-004888,1,2024-05-08,2024-05-11,PL-WEB-01,C003505,VM-ACC-0021,1,764.39,0.0,PLN
SO-2024-004889,1,2024-05-08,2024-05-10,PL-WEB-01,C003135, VM-NUT-0005 ,7,8.81,0.0,PLN
SO-2024-004890,1,2024-05-08,2024-05-12,PL-WEB-01,C003545,VM-CMP-0014,2,421.39,0.0,PLN
SO-2024-004891,1,2024-05-08,2024-05-12,PL-WEB-01,C002776,VM-NUT-0001,10,8.81,0.05,PLN
SO-2024-004891,2,2024-05-08,2024-05-12,PL-WEB-01,C002776,VM-BIK-0018,1,2351.99,0.05,PLN
SO-2024-004891,3,2024-05-08,2024-05-12,PL-WEB-01,C002776,VM-CMP-0004,1,705.59,0.05,PLN
SO-2024-004891,4,2024-05-08,2024-05-12,PL-WEB-01,C002776,VM-BIK-0012,1,11573.79,0.05,PLN
SO-2024-004892,1,2024-05-08,2024-05-11,PL-WEB-01,C007973,VM-EBK-0009,1,9711.79,0.0,PLN
SO-2024-004893,1,2024-05-08,2024-05-12,PL-WEB-01,C006629,VM-APP-0012,1,852.59,0.0,PLN
SO-2024-004894,1,2024-05-08,2024-05-10,PL-WEB-01,C003947,VM-APP-0008,1,156.79,0.0,PLN
SO-2024-004895,1,2024-05-08,2024-05-09,PL-WEB-01,C005918,VM-ACC-0007,1,352.79,0.0,PLN
SO-2024-004896,1,2024-05-08,2024-05-09,PL-WEB-01,C002930,VM-APP-0019,1,64.67,0.0,PLN
SO-2024-004897,1,2024-05-08,2024-05-10,PL-WEB-01,C001609,VM-CMP-0005,2,1450.39,0.0,PLN
SO-2024-004897,2,2024-05-08,2024-05-10,PL-WEB-01,C001609,VM-EBK-0007,1,14405.99,0.0,PLN
SO-2024-004898,1,2024-05-08,2024-05-09,PL-WEB-01,C008376,VM-APP-0010,1,166.59,0.0,PLN
SO-2024-004898,2,2024-05-08,2024-05-09,PL-WEB-01,C008376,VM-CMP-0005,2,1450.39,0.0,PLN
SO-2024-004899,1,2024-05-08,2024-05-09,PL-WEB-01,C008377,VM-BIK-0020,1,1185.79,0.0,PLN
SO-2024-004899,2,2024-05-08,2024-05-09,PL-WEB-01,C008377,VM-ACC-0017,1,56.83,0.0,PLN
SO-2024-004899,3,2024-05-08,2024-05-09,PL-WEB-01,C008377,VM-APP-0012,1,852.59,0.0,PLN
SO-2024-004900,1,2024-05-08,2024-05-12,PL-WEB-01,C006776,VM-BIK-0014,1,3753.39,0.0,PLN
SO-2024-004900,2,2024-05-08,2024-05-12,PL-WEB-01,C006776,VM-ACC-0008,1,391.99,0.0,PLN
SO-2024-004901,1,2024-05-08,2024-05-10,PL-WEB-01,C006796,VM-NUT-0004,14,6.85,0.05,PLN
SO-2024-004902,1,2024-05-08,2024-05-11,PL-WEB-01,C008378,VM-APP-0019,1,64.67,0.0,PLN
SO-2024-004902,2,2024-05-08,2024-05-11,PL-WEB-01,C008378,VM-BIK-0020,1,1185.79,0.0,PLN
SO-2024-004903,1,2024-05-08,2024-05-09,PL-WEB-01,C006233,VM-APP-0004,3,235.19,0.0,PLN
SO-2024-004904,1,2024-05-08,2024-05-09,PL-WEB-01,C003603,VM-EBK-0011,1,14347.19,0.0,PLN
SO-2024-004904,2,2024-05-08,2024-05-09,PL-WEB-01,C003603,VM-ACC-0015,1,342.99,0.0,PLN
SO-2024-004904,3,2024-05-08,2024-05-09,PL-WEB-01,C003603,VM-APP-0002,2,431.19,0.0,PLN
SO-2024-004904,4,2024-05-08,2024-05-09,PL-WEB-01,C003603,VM-BIK-0007,1,6908.99,0.0,PLN
SO-2024-004905,1,2024-05-08,2024-05-12,PL-WEB-01,C008379,VM-ACC-0008,2,391.99,0.0,PLN
SO-2024-004906,1,2024-05-08,2024-05-11,PL-WEB-01,C008380,VM-APP-0006,3,303.79,0.0,PLN
SO-2024-004906,2,2024-05-08,2024-05-11,PL-WEB-01,C008380,VM-CMP-0009,1,342.99,0.0,PLN
SO-2024-004906,3,2024-05-08,2024-05-11,PL-WEB-01,C008380,vm-app-0013,1,431.19,0.0,PLN
SO-2024-004906,4,2024-05-08,2024-05-11,PL-WEB-01,C008380,VM-BIK-0017,1,1871.79,0.0,PLN
SO-2024-004907,1,2024-05-08,2024-05-09,PL-MKT-01,C005532,VM-ACC-0001,1,372.39,0.0,PLN
SO-2024-004908,1,2024-05-08,2024-05-12,PL-MKT-01,C008381,VM-EBK-0009,1,9711.79,0.0,PLN
SO-2024-004908,2,2024-05-08,2024-05-12,PL-MKT-01,C008381,VM-ACC-0007,2,352.79,0.0,PLN
SO-2024-004909,1,2024-05-08,2024-05-11,PL-MKT-01,C005715,VM-ACC-0008,2,391.99,0.0,PLN
SO-2024-004910,1,2024-05-08,2024-05-12,PL-MKT-01,C001571,VM-CMP-0022,2,35.27,0.0,PLN
SO-2024-004911,1,2024-05-08,2024-05-10,PL-MKT-01,C005695,VM-EBK-0008,1,14797.99,0.1,PLN
SO-2024-004911,2,2024-05-08,2024-05-10,PL-MKT-01,C005695,VM-ACC-0008,2,391.99,0.0,PLN
SO-2024-004912,1,2024-05-08,2024-05-10,PL-MKT-01,C005010,VM-ACC-0008,2,391.99,0.05,PLN
SO-2024-004912,2,2024-05-08,2024-05-10,PL-MKT-01,C005010,VM-BIK-0015,1,3028.19,0.05,PLN
SO-2024-004912,3,2024-05-08,2024-05-10,PL-MKT-01,C005010,VM-EBK-0007,1,14405.99,0.1,PLN
SO-2024-004912,4,2024-05-08,2024-05-10,PL-MKT-01,C005010,VM-ACC-0017,2,56.83,0.05,PLN
SO-2024-004913,1,2024-05-08,2024-05-09,PL-MKT-01,C006463,VM-CMP-0009,1,342.99,0.0,PLN
SO-2024-004914,1,2024-05-08,2024-05-10,PL-MKT-01,C008382,VM-ACC-0008,1,391.99,0.05,PLN
SO-2024-004915,1,2024-05-08,2024-05-08,CZ-PRG-01,C003662,VM-NUT-0010,12,189.0,0.12,CZK
SO-2024-004916,1,2024-05-08,2024-05-08,CZ-PRG-01,C003712,VM-APP-0017,1,1024.0,0.0,CZK
SO-2024-004917,1,2024-05-08,2024-05-08,CZ-PRG-01,,VM-ACC-0018,3,269.0,0.0,CZK
SO-2024-004917,2,2024-05-08,2024-05-08,CZ-PRG-01,,VM-NUT-0002,5,81.0,0.0,CZK
SO-2024-004918,1,2024-05-08,2024-05-08,CZ-PRG-01,C006630,VM-ACC-0008,4,2155.0,0.12,CZK
SO-2024-004918,2,2024-05-08,2024-05-08,CZ-PRG-01,C006630,VM-CMP-0018,6,334.0,0.08,CZK
SO-2024-004919,1,2024-05-08,2024-05-08,CZ-PRG-01,,VM-APP-0004,1,1293.0,0.0,CZK
SO-2024-004919,2,2024-05-08,2024-05-08,CZ-PRG-01,,VM-CMP-0013,1,2855.0,0.0,CZK
SO-2024-004920,1,2024-05-08,2024-05-08,CZ-PRG-01,,VM-ACC-0008,2,2155.0,0.0,CZK
SO-2024-004921,1,2024-05-08,2024-05-12,CZ-WEB-01,C001436,VM-BIK-0012,1,63627.0,0.05,CZK
SO-2024-004921,2,2024-05-08,2024-05-12,CZ-WEB-01,C001436,VM-NUT-0004,3,38.0,0.05,CZK
SO-2024-004921,3,2024-05-08,2024-05-12,CZ-WEB-01,C001436,VM-ACC-0001,1,2047.0,0.05,CZK
SO-2024-004921,4,2024-05-08,2024-05-12,CZ-WEB-01,C001436,VM-ACC-0004,1,4202.0,0.05,CZK
SO-2024-004922,1,2024-05-08,2024-05-12,CZ-WEB-01,C006104,VM-NUT-0006,8,54.0,0.0,CZK
SO-2024-004923,1,2024-05-08,2024-05-11,CZ-WEB-01,C008383,VM-CMP-0009,2,1886.0,0.05,CZK
SO-2024-004923,2,2024-05-08,2024-05-11,CZ-WEB-01,C008383,VM-APP-0020,2,970.0,0.05,CZK
SO-2024-004924,1,2024-05-08,2024-05-11,CZ-WEB-01,C005786,VM-ACC-0004,2,4202.0,0.05,CZK
SO-2024-004925,1,2024-05-08,2024-05-08,DE-BER-01,C008384,VM-CMP-0010,1,87.72,0.0,EUR
SO-2024-004926,1,2024-05-08,2024-05-09,DE-WEB-01,C007608,VM-EBK-0003,1,2044.71,0.0,EUR
SO-2024-004927,1,2024-05-08,2024-05-12,DE-WEB-01,C008385,VM-EBK-0008,1,3396.61,0.0,EUR
SO-2024-004928,1,2024-05-08,2024-05-09,DE-WEB-01,C008386, VM-APP-0005 ,3,40.49,0.0,EUR
SO-2024-004929,1,2024-05-08,2024-05-12,DE-WEB-01,C008387,VM-BIK-0012,1,2656.55,0.0,EUR
SO-2024-004930,1,2024-05-08,2024-05-10,DE-WEB-01,C008388,VM-ACC-0009,2,89.97,0.0,EUR
SO-2024-004930,2,2024-05-08,2024-05-10,DE-WEB-01,C008388,VM-APP-0012,1,195.7,0.0,EUR
SO-2024-004930,3,2024-05-08,2024-05-10,DE-WEB-01,C008388,VM-NUT-0003,4,2.47,0.0,EUR
SO-2024-004930,4,2024-05-08,2024-05-10,DE-WEB-01,C008388,VM-ACC-0002,2,137.21,0.0,EUR
SO-2024-004931,1,2024-05-08,2024-05-10,DE-WEB-01,C008389,VM-EBK-0003,1,2044.71,0.0,EUR
SO-2024-004932,1,2024-05-08,2024-05-12,DE-WEB-01,C008390,VM-BIK-0004,1,960.5,0.0,EUR
SO-2024-004932,2,2024-05-08,2024-05-12,DE-WEB-01,C008390,VM-ACC-0013,1,38.24,0.0,EUR
SO-2024-004932,3,2024-05-08,2024-05-12,DE-WEB-01,C008390,VM-ACC-0012,1,16.19,0.05,EUR
SO-2024-004933,1,2024-05-08,2024-05-12,DE-WEB-01,C008391,vm-app-0019,1,14.84,0.05,EUR
SO-2024-004934,1,2024-05-08,2024-05-11,DE-WEB-01,C008244,VM-BIK-0003,1,1471.11,0.1,EUR
SO-2024-004934,2,2024-05-08,2024-05-11,DE-WEB-01,C008244,VM-BIK-0021,1,281.17,0.0,EUR
SO-2024-004934,3,2024-05-08,2024-05-11,DE-WEB-01,C008244,VM-APP-0008,2,35.99,0.0,EUR
SO-2024-004935,1,2024-05-09,2024-05-09,PL-WAW-01,C008392,VM-BIK-0004,1,4184.59,0.0,PLN
SO-2024-004936,1,2024-05-09,2024-05-09,PL-WAW-01,C007287,VM-APP-0010,4,166.59,0.08,PLN
SO-2024-004937,1,2024-05-09,2024-05-09,PL-WAW-01,,VM-EBK-0007,1,14405.99,0.0,PLN
SO-2024-004938,1,2024-05-09,2024-05-09,PL-WAW-01,C008393,VM-EBK-0007,1,14405.99,0.0,PLN
SO-2024-004938,2,2024-05-09,2024-05-09,PL-WAW-01,C008393,VM-ACC-0007,1,352.79,0.0,PLN
SO-2024-004939,1,2024-05-09,2024-05-09,PL-WAW-01,C004777,VM-BIK-0004,1,4184.59,0.0,PLN
SO-2024-004939,2,2024-05-09,2024-05-09,PL-WAW-01,C004777,VM-APP-0006,3,303.79,0.0,PLN
SO-2024-004939,3,2024-05-09,2024-05-09,PL-WAW-01,C004777,VM-APP-0007,1,156.79,0.0,PLN
SO-2024-004940,1,2024-05-09,2024-05-09,PL-WAW-01,C008394,VM-BIK-0011,1,8476.99,0.0,PLN
SO-2024-004941,1,2024-05-09,2024-05-09,PL-WAW-01,C007080,VM-BIK-0011,1,8476.99,0.0,PLN
SO-2024-004942,1,2024-05-09,2024-05-09,PL-WAW-02,,VM-CMP-0023,3,57.81,0.0,PLN
SO-2024-004942,2,2024-05-09,2024-05-09,PL-WAW-02,,VM-NUT-0004,15,6.85,0.0,PLN
SO-2024-004942,3,2024-05-09,2024-05-09,PL-WAW-02,,VM-APP-0008,2,156.79,0.0,PLN
SO-2024-004943,1,2024-05-09,2024-05-09,PL-WAW-02,C008395,VM-BIK-0011,1,8476.99,0.0,PLN
SO-2024-004943,2,2024-05-09,2024-05-09,PL-WAW-02,C008395,VM-ACC-0017,2,56.83,0.0,PLN
SO-2024-004943,3,2024-05-09,2024-05-09,PL-WAW-02,C008395,VM-NUT-0011,1,52.91,0.0,PLN
SO-2024-004944,1,2024-05-09,2024-05-09,PL-KRK-01,,VM-NUT-0003,5,10.77,0.0,PLN
SO-2024-004945,1,2024-05-09,2024-05-09,PL-KRK-01,C008396,VM-ACC-0022,1,1538.59,0.1,PLN
SO-2024-004946,1,2024-05-09,2024-05-09,PL-KRK-01,C004368,VM-APP-0006,1,303.79,0.0,PLN
SO-2024-004947,1,2024-05-09,2024-05-09,PL-KRK-01,C006791,VM-ACC-0008,2,391.99,0.05,PLN
SO-2024-004948,1,2024-05-09,2024-05-09,PL-WRO-01,,VM-NUT-0002,14,14.69,0.0,PLN
SO-2024-004948,2,2024-05-09,2024-05-09,PL-WRO-01,,VM-CMP-0017,2,489.99,0.0,PLN
SO-2024-004948,3,2024-05-09,2024-05-09,PL-WRO-01,,VM-ACC-0008,2,391.99,0.1,PLN
SO-2024-004949,1,2024-05-09,2024-05-09,PL-WRO-01,C004696,VM-NUT-0006,3,9.79,0.0,PLN
SO-2024-004949,2,2024-05-09,2024-05-09,PL-WRO-01,C004696,VM-NUT-0005,9,8.81,0.0,PLN
SO-2024-004949,3,2024-05-09,2024-05-09,PL-WRO-01,C004696,VM-CMP-0013,1,519.39,0.0,PLN
SO-2024-004949,4,2024-05-09,2024-05-09,PL-WRO-01,C004696,VM-ACC-0010,2,244.99,0.0,PLN
SO-2024-004950,1,2024-05-09,2024-05-09,PL-WRO-01,C006730,VM-APP-0012,1,852.59,0.0,PLN
SO-2024-004950,2,2024-05-09,2024-05-09,PL-WRO-01,C006730,VM-BIK-0012,1,11573.79,0.05,PLN
SO-2024-004950,3,2024-05-09,2024-05-09,PL-WRO-01,C006730,VM-CMP-0023,4,57.81,0.0,PLN
SO-2024-004950,4,2024-05-09,2024-05-09,PL-WRO-01,C006730,VM-CMP-0012,2,529.19,0.0,PLN
SO-2024-004951,1,2024-05-09,2024-05-09,PL-WRO-01,C001236, VM-EBK-0001 ,1,7516.59,0.0,PLN
SO-2024-004952,1,2024-05-09,2024-05-09,PL-WRO-01,,VM-CMP-0013,2,519.39,0.0,PLN
SO-2024-004952,2,2024-05-09,2024-05-09,PL-WRO-01,,VM-APP-0017,1,186.19,0.0,PLN
SO-2024-004952,3,2024-05-09,2024-05-09,PL-WRO-01,,VM-ACC-0011,2,70.55,0.0,PLN
SO-2024-004953,1,2024-05-09,2024-05-09,PL-GDN-01,C008397,VM-BIK-0003,1,6409.19,0.0,PLN
SO-2024-004954,1,2024-05-09,2024-05-09,PL-GDN-01,C008398,VM-ACC-0007,2,352.79,0.0,PLN
SO-2024-004955,1,2024-05-09,2024-05-09,PL-POZ-01,C008399,VM-CMP-0015,2,901.59,0.0,PLN
SO-2024-004955,2,2024-05-09,2024-05-09,PL-POZ-01,C008399,VM-EBK-0011,1,14347.19,0.1,PLN
SO-2024-004955,3,2024-05-09,2024-05-09,PL-POZ-01,C008399,VM-BIK-0009,1,5527.19,0.0,PLN
SO-2024-004955,4,2024-05-09,2024-05-09,PL-POZ-01,C008399,vm-app-0003,2,303.79,0.0,PLN
SO-2024-004956,1,2024-05-09,2024-05-09,PL-POZ-01,,vm-nut-0002,12,14.69,0.0,PLN
SO-2024-004957,1,2024-05-09,2024-05-09,PL-LDZ-01,,VM-APP-0002,2,431.19,0.0,PLN
SO-2024-004958,1,2024-05-09,2024-05-11,PL-WEB-01,C006306,VM-CMP-0008,1,431.19,0.0,PLN
SO-2024-004959,1,2024-05-09,2024-05-11,PL-WEB-01,C005681,VM-ACC-0018,3,48.99,0.0,PLN
SO-2024-004960,1,2024-05-09,2024-05-13,PL-WEB-01,C008400,VM-CMP-0012,1,529.19,0.0,PLN
SO-2024-004960,2,2024-05-09,2024-05-13,PL-WEB-01,C008400,vm-app-0010,2,166.59,0.0,PLN
SO-2024-004961,1,2024-05-09,2024-05-12,PL-WEB-01,C000708,VM-NUT-0002,10,14.69,0.0,PLN
SO-2024-004961,2,2024-05-09,2024-05-12,PL-WEB-01,C000708,VM-BIK-0010,1,6193.59,0.0,PLN
SO-2024-004962,1,2024-05-09,2024-05-11,PL-WEB-01,C002636,VM-NUT-0010,1,34.29,0.0,PLN
SO-2024-004962,2,2024-05-09,2024-05-11,PL-WEB-01,C002636,VM-ACC-0003,2,284.19,0.0,PLN
SO-2024-004962,3,2024-05-09,2024-05-11,PL-WEB-01,C002636,VM-EBK-0008,1,14797.99,0.0,PLN
SO-2024-004963,1,2024-05-09,2024-05-11,PL-WEB-01,C008401,VM-NUT-0001,3,8.81,0.05,PLN
SO-2024-004964,1,2024-05-09,2024-05-10,PL-WEB-01,C008098,VM-BIK-0016,1,3518.19,0.0,PLN
SO-2024-004964,2,2024-05-09,2024-05-10,PL-WEB-01,C008098,VM-ACC-0008,1,391.99,0.0,PLN
SO-2024-004965,1,2024-05-09,2024-05-13,PL-WEB-01,C008402,VM-APP-0020,1,176.39,0.0,PLN
SO-2024-004966,1,2024-05-09,2024-05-11,PL-MKT-01,C008403,VM-CMP-0012,1,529.19,0.0,PLN
SO-2024-004967,1,2024-05-09,2024-05-10,PL-MKT-01,C008404,VM-BIK-0012,1,11573.79,0.0,PLN
SO-2024-004968,1,2024-05-09,2024-05-11,PL-MKT-01,C008405,VM-ACC-0002,2,597.79,0.05,PLN
SO-2024-004969,1,2024-05-09,2024-05-11,PL-MKT-01,C005761,VM-BIK-0012,1,11573.79,0.05,PLN
SO-2024-004970,1,2024-05-09,2024-05-11,PL-MKT-01,C008406,VM-NUT-0003,3,10.77,0.0,PLN
SO-2024-004970,2,2024-05-09,2024-05-11,PL-MKT-01,C008406,VM-ACC-0020,1,793.79,0.0,PLN
SO-2024-004971,1,2024-05-09,2024-05-12,PL-MKT-01,C008407,VM-ACC-0008,2,391.99,0.0,PLN
SO-2024-004971,2,2024-05-09,2024-05-12,PL-MKT-01,C008407, VM-ACC-0018 ,1,48.99,0.0,PLN
SO-2024-004972,1,2024-05-09,2024-05-10,PL-MKT-01,C008408,vm-cmp-0020,4,254.79,0.0,PLN
SO-2024-004972,2,2024-05-09,2024-05-10,PL-MKT-01,C008408,VM-BIK-0016,1,3518.19,0.0,PLN
SO-2024-004972,3,2024-05-09,2024-05-10,PL-MKT-01,C008408,VM-CMP-0009,2,342.99,0.1,PLN
SO-2024-004973,1,2024-05-09,2024-05-09,CZ-PRG-01,,VM-EBK-0002,1,53606.0,0.0,CZK
SO-2024-004974,1,2024-05-09,2024-05-09,CZ-PRG-01,,VM-ACC-0008,1,2155.0,0.0,CZK
SO-2024-004975,1,2024-05-09,2024-05-09,CZ-PRG-01,C003508,VM-BIK-0010,1,34049.0,0.0,CZK
SO-2024-004975,2,2024-05-09,2024-05-09,CZ-PRG-01,C003508,VM-ACC-0013,1,916.0,0.0,CZK
SO-2024-004976,1,2024-05-09,2024-05-09,CZ-PRG-01,,VM-NUT-0004,6,38.0,0.0,CZK
SO-2024-004977,1,2024-05-09,2024-05-12,CZ-WEB-01,C005684,VM-EBK-0009,1,53391.0,0.0,CZK
SO-2024-004978,1,2024-05-09,2024-05-09,DE-BER-01,C000260,VM-BIK-0013,1,1079.71,0.1,EUR
SO-2024-004979,1,2024-05-09,2024-05-09,DE-BER-01,C006178,VM-BIK-0006,1,1482.36,0.0,EUR
SO-2024-004980,1,2024-05-09,2024-05-11,DE-WEB-01,C007073,VM-APP-0006,2,69.73,0.05,EUR
SO-2024-004981,1,2024-05-09,2024-05-12,DE-WEB-01,C007743,VM-CMP-0015,1,206.94,0.1,EUR
SO-2024-004981,2,2024-05-09,2024-05-12,DE-WEB-01,C007743,VM-EBK-0008,1,3396.61,0.0,EUR
SO-2024-004982,1,2024-05-09,2024-05-12,DE-WEB-01,C004582,VM-NUT-0004,15,1.57,0.0,EUR
SO-2024-004982,2,2024-05-09,2024-05-12,DE-WEB-01,C004582,VM-NUT-0009,3,19.12,0.0,EUR
SO-2024-004983,1,2024-05-09,2024-05-10,DE-WEB-01,C004761,VM-BIK-0021,1,281.17,0.0,EUR
SO-2024-004984,1,2024-05-10,2024-05-10,PL-WAW-01,C002019,VM-NUT-0006,20,9.79,0.12,PLN
SO-2024-004984,2,2024-05-10,2024-05-10,PL-WAW-01,C002019,VM-ACC-0021,3,764.39,0.12,PLN
SO-2024-004984,3,2024-05-10,2024-05-10,PL-WAW-01,C002019,VM-NUT-0004,24,6.85,0.08,PLN
SO-2024-004985,1,2024-05-10,2024-05-10,PL-WAW-01,C008409,VM-CMP-0017,1,489.99,0.0,PLN
SO-2024-004986,1,2024-05-10,2024-05-10,PL-WAW-01,,VM-BIK-0001,1,13416.19,0.1,PLN
SO-2024-004986,2,2024-05-10,2024-05-10,PL-WAW-01,,VM-ACC-0011,2,70.55,0.0,PLN
SO-2024-004986,3,2024-05-10,2024-05-10,PL-WAW-01,,VM-ACC-0007,2,352.79,0.0,PLN
SO-2024-004987,1,2024-05-10,2024-05-10,PL-WAW-01,C008410,VM-CMP-0018,3,60.75,0.0,PLN
SO-2024-004988,1,2024-05-10,2024-05-10,PL-WAW-01,C004772,VM-EBK-0011,1,14347.19,0.0,PLN
SO-2024-004988,2,2024-05-10,2024-05-10,PL-WAW-01,C004772,VM-ACC-0008,1,391.99,0.0,PLN
SO-2024-004989,1,2024-05-10,2024-05-10,PL-WAW-01,,VM-ACC-0020,1,793.79,0.0,PLN
SO-2024-004990,1,2024-05-10,2024-05-10,PL-WAW-01,,VM-ACC-0008,1,391.99,0.0,PLN
SO-2024-004990,2,2024-05-10,2024-05-10,PL-WAW-01,,VM-NUT-0006,10,9.79,0.0,PLN
SO-2024-004991,1,2024-05-10,2024-05-10,PL-WAW-01,,VM-ACC-0008,2,391.99,0.0,PLN
SO-2024-004992,1,2024-05-10,2024-05-10,PL-WAW-01,,VM-CMP-0019,1,205.79,0.05,PLN
SO-2024-004992,2,2024-05-10,2024-05-10,PL-WAW-01,,VM-ACC-0023,1,911.39,0.0,PLN
SO-2024-004992,3,2024-05-10,2024-05-10,PL-WAW-01,,VM-BIK-0019,1,1185.79,0.0,PLN
SO-2024-004992,4,2024-05-10,2024-05-10,PL-WAW-01,,VM-CMP-0001,1,391.99,0.0,PLN
SO-2024-004993,1,2024-05-10,2024-05-10,PL-WAW-01,C008131,VM-NUT-0004,35,6.85,0.08,PLN
SO-2024-004993,2,2024-05-10,2024-05-10,PL-WAW-01,C008131,VM-NUT-0010,4,34.29,0.08,PLN
SO-2024-004994,1,2024-05-10,2024-05-10,PL-WAW-01,C005686,VM-NUT-0010,3,34.29,0.0,PLN
SO-2024-004994,2,2024-05-10,2024-05-10,PL-WAW-01,C005686,VM-BIK-0012,1,11573.79,0.0,PLN
SO-2024-004995,1,2024-05-10,2024-05-10,PL-WAW-01,C008411,VM-ACC-0008,2,391.99,0.05,PLN
SO-2024-004996,1,2024-05-10,2024-05-10,PL-WAW-02,,VM-EBK-0008,1,14797.99,0.0,PLN
SO-2024-004997,1,2024-05-10,2024-05-10,PL-WAW-02,C001571,vm-app-0010,1,166.59,0.0,PLN
SO-2024-004997,2,2024-05-10,2024-05-10,PL-WAW-02,C001571,VM-CMP-0013,1,519.39,0.0,PLN
SO-2024-004997,3,2024-05-10,2024-05-10,PL-WAW-02,C001571,VM-APP-0019,2,64.67,0.0,PLN
SO-2024-004997,4,2024-05-10,2024-05-10,PL-WAW-02,C001571,VM-EBK-0008,1,14797.99,0.0,PLN
SO-2024-004998,1,2024-05-10,2024-05-10,PL-WAW-02,C005748,VM-BIK-0012,1,11573.79,0.05,PLN
SO-2024-004998,2,2024-05-10,2024-05-10,PL-WAW-02,C005748,VM-ACC-0003,1,284.19,0.05,PLN
SO-2024-004998,3,2024-05-10,2024-05-10,PL-WAW-02,C005748,VM-ACC-0018,2,48.99,0.05,PLN
SO-2024-004998,4,2024-05-10,2024-05-10,PL-WAW-02,C005748,VM-ACC-0009,2,391.99,0.05,PLN
SO-2024-004999,1,2024-05-10,2024-05-10,PL-WAW-02,C002755,vm-acc-0006,1,930.99,0.0,PLN
SO-2024-004999,2,2024-05-10,2024-05-10,PL-WAW-02,C002755,VM-ACC-0008,2,391.99,0.0,PLN
SO-2024-004999,3,2024-05-10,2024-05-10,PL-WAW-02,C002755,VM-BIK-0013,1,4703.99,0.0,PLN
SO-2024-005000,1,2024-05-10,2024-05-10,PL-WAW-02,C004985,VM-ACC-0008,5,391.99,0.12,PLN
SO-2024-005001,1,2024-05-10,2024-05-10,PL-WAW-02,C008412,VM-CMP-0001,1,391.99,0.0,PLN
SO-2024-005001,2,2024-05-10,2024-05-10,PL-WAW-02,C008412,VM-NUT-0006,7,9.79,0.0,PLN
SO-2024-005002,1,2024-05-10,2024-05-10,PL-KRK-01,,VM-APP-0005,3,176.39,0.0,PLN
SO-2024-005003,1,2024-05-10,2024-05-10,PL-KRK-01,C008413,VM-APP-0001,1,450.79,0.0,PLN
SO-2024-005003,2,2024-05-10,2024-05-10,PL-KRK-01,C008413,VM-ACC-0001,2,372.39,0.0,PLN
SO-2024-005004,1,2024-05-10,2024-05-10,PL-KRK-01,,VM-APP-0001,1,450.79,0.0,PLN
SO-2024-005004,2,2024-05-10,2024-05-10,PL-KRK-01,,VM-BIK-0020,1,1185.79,0.0,PLN
SO-2024-005005,1,2024-05-10,2024-05-10,PL-KRK-01,C006277,VM-CMP-0010,2,382.19,0.05,PLN
SO-2024-005006,1,2024-05-10,2024-05-10,PL-KRK-01,C008165,VM-ACC-0013,1,166.59,0.05,PLN
SO-2024-005007,1,2024-05-10,2024-05-10,PL-KRK-01,C005483,VM-CMP-0014,2,421.39,0.0,PLN
SO-2024-005008,1,2024-05-10,2024-05-10,PL-WRO-01,C008414,VM-BIK-0017,1,1871.79,0.0,PLN
SO-2024-005008,2,2024-05-10,2024-05-10,PL-WRO-01,C008414,VM-ACC-0018,3,48.99,0.0,PLN
SO-2024-005009,1,2024-05-10,2024-05-10,PL-WRO-01,,VM-APP-0012,1,852.59,0.0,PLN
SO-2024-005009,2,2024-05-10,2024-05-10,PL-WRO-01,,VM-ACC-0007,1,352.79,0.0,PLN
SO-2024-005009,3,2024-05-10,2024-05-10,PL-WRO-01,,VM-APP-0019,2,64.67,0.05,PLN
SO-2024-005010,1,2024-05-10,2024-05-10,PL-WRO-01,,VM-BIK-0009,1,5527.19,0.0,PLN
SO-2024-005011,1,2024-05-10,2024-05-10,PL-WRO-01,C006718,VM-NUT-0005,5,8.81,0.0,PLN
SO-2024-005012,1,2024-05-10,2024-05-10,PL-GDN-01,,VM-NUT-0006,11,9.79,0.0,PLN
SO-2024-005012,2,2024-05-10,2024-05-10,PL-GDN-01,,VM-BIK-0007,1,6908.99,0.0,PLN
SO-2024-005012,3,2024-05-10,2024-05-10,PL-GDN-01,,VM-BIK-0020,1,1185.79,0.0,PLN
SO-2024-005013,1,2024-05-10,2024-05-10,PL-GDN-01,C003009,VM-BIK-0022,1,1371.99,0.05,PLN
SO-2024-005014,1,2024-05-10,2024-05-10,PL-GDN-01,C008415,VM-APP-0006,2,303.79,0.0,PLN
SO-2024-005014,2,2024-05-10,2024-05-10,PL-GDN-01,C008415,VM-BIK-0020,1,1185.79,0.0,PLN
SO-2024-005015,1,2024-05-10,2024-05-10,PL-GDN-01,C005794,VM-ACC-0008,1,391.99,0.0,PLN
SO-2024-005015,2,2024-05-10,2024-05-10,PL-GDN-01,C005794,VM-EBK-0006,1,19737.19,0.0,PLN
SO-2024-005015,3,2024-05-10,2024-05-10,PL-GDN-01,C005794,VM-BIK-0006,1,6458.19,0.0,PLN
SO-2024-005016,1,2024-05-10,2024-05-10,PL-GDN-01,C002647,VM-BIK-0017,1,1871.79,0.05,PLN
SO-2024-005016,2,2024-05-10,2024-05-10,PL-GDN-01,C002647,VM-BIK-0001,1,13416.19,0.05,PLN
SO-2024-005016,3,2024-05-10,2024-05-10,PL-GDN-01,C002647,VM-NUT-0001,10,8.81,0.05,PLN
SO-2024-005016,4,2024-05-10,2024-05-10,PL-GDN-01,C002647,VM-APP-0009,1,342.99,0.05,PLN
SO-2024-005017,1,2024-05-10,2024-05-10,PL-GDN-01,C008416,vm-app-0007,1,156.79,0.0,PLN
SO-2024-005017,2,2024-05-10,2024-05-10,PL-GDN-01,C008416,VM-APP-0002,2,431.19,0.0,PLN
SO-2024-005017,3,2024-05-10,2024-05-10,PL-GDN-01,C008416,VM-NUT-0001,8,8.81,0.0,PLN
SO-2024-005018,1,2024-05-10,2024-05-10,PL-POZ-01,C008417,VM-BIK-0019,1,1185.79,0.0,PLN
SO-2024-005018,2,2024-05-10,2024-05-10,PL-POZ-01,C008417,VM-APP-0008,1,156.79,0.0,PLN
SO-2024-005019,1,2024-05-10,2024-05-10,PL-POZ-01,C008418,VM-APP-0002,3,431.19,0.0,PLN
SO-2024-005020,1,2024-05-10,2024-05-10,PL-POZ-01,C008419,VM-ACC-0008,2,391.99,0.05,PLN
SO-2024-005021,1,2024-05-10,2024-05-10,PL-POZ-01,,VM-CMP-0019,2,205.79,0.0,PLN
SO-2024-005022,1,2024-05-10,2024-05-10,PL-LDZ-01,C000973,VM-BIK-0009,1,5527.19,0.0,PLN
SO-2024-005022,2,2024-05-10,2024-05-10,PL-LDZ-01,C000973,VM-NUT-0010,1,34.29,0.0,PLN
SO-2024-005023,1,2024-05-10,2024-05-10,PL-LDZ-01,C008420,VM-APP-0003,2,303.79,0.0,PLN
SO-2024-005023,2,2024-05-10,2024-05-10,PL-LDZ-01,C008420,VM-BIK-0017,1,1871.79,0.05,PLN
SO-2024-005024,1,2024-05-10,2024-05-13,PL-WEB-01,C007751,VM-BIK-0005,1,7261.79,0.0,PLN
SO-2024-005025,1,2024-05-10,2024-05-13,PL-WEB-01,C007699,VM-APP-0012,1,852.59,0.0,PLN
SO-2024-005026,1,2024-05-10,2024-05-13,PL-WEB-01,C006317,VM-ACC-0008,2,391.99,0.0,PLN
SO-2024-005027,1,2024-05-10,2024-05-12,PL-WEB-01,C005840,VM-CMP-0009,1,342.99,0.0,PLN
SO-2024-005028,1,2024-05-10,2024-05-14,PL-WEB-01,C002955,VM-ACC-0013,1,166.59,0.0,PLN
SO-2024-005029,1,2024-05-10,2024-05-14,PL-WEB-01,C008421,VM-APP-0017,2,186.19,0.0,PLN
SO-2024-005029,2,2024-05-10,2024-05-14,PL-WEB-01,C008421,VM-EBK-0007,1,14405.99,0.0,PLN
SO-2024-005030,1,2024-05-10,2024-05-13,PL-WEB-01,C005362,VM-NUT-0006,4,9.79,0.0,PLN
SO-2024-005031,1,2024-05-10,2024-05-11,PL-WEB-01,C008297,VM-NUT-0001,3,8.81,0.0,PLN
SO-2024-005031,2,2024-05-10,2024-05-11,PL-WEB-01,C008297,VM-CMP-0010,1,382.19,0.0,PLN
SO-2024-005032,1,2024-05-10,2024-05-12,PL-WEB-01,C002367,VM-ACC-0018,2,48.99,0.0,PLN
SO-2024-005032,2,2024-05-10,2024-05-12,PL-WEB-01,C002367,VM-ACC-0008,1,391.99,0.0,PLN
SO-2024-005032,3,2024-05-10,2024-05-12,PL-WEB-01,C002367,VM-APP-0006,1,303.79,0.0,PLN
SO-2024-005033,1,2024-05-10,2024-05-14,PL-WEB-01,C000444,VM-CMP-0020,3,254.79,0.05,PLN
SO-2024-005033,2,2024-05-10,2024-05-14,PL-WEB-01,C000444,VM-CMP-0006,1,195.99,0.05,PLN
SO-2024-005033,3,2024-05-10,2024-05-14,PL-WEB-01,C000444, VM-CMP-0009 ,1,342.99,0.05,PLN
SO-2024-005034,1,2024-05-10,2024-05-14,PL-WEB-01,C006050,VM-ACC-0018,2,48.99,0.0,PLN
SO-2024-005035,1,2024-05-10,2024-05-14,PL-WEB-01,C006375,VM-NUT-0002,55,14.69,0.1,PLN
SO-2024-005035,2,2024-05-10,2024-05-14,PL-WEB-01,C006375,VM-APP-0010,10,166.59,0.08,PLN
SO-2024-005035,3,2024-05-10,2024-05-14,PL-WEB-01,C006375,VM-BIK-0019,5,1185.79,0.08,PLN
SO-2024-005035,4,2024-05-10,2024-05-14,PL-WEB-01,C006375,VM-CMP-0009,5,342.99,0.1,PLN
SO-2024-005036,1,2024-05-10,2024-05-12,PL-WEB-01,C006265,VM-ACC-0013,1,166.59,0.0,PLN
SO-2024-005036,2,2024-05-10,2024-05-12,PL-WEB-01,C006265,VM-ACC-0014,1,107.79,0.0,PLN
SO-2024-005036,3,2024-05-10,2024-05-12,PL-WEB-01,C006265,VM-CMP-0023,1,57.81,0.0,PLN
SO-2024-005037,1,2024-05-10,2024-05-11,PL-WEB-01,C008422,VM-NUT-0010,2,34.29,0.0,PLN
SO-2024-005037,2,2024-05-10,2024-05-11,PL-WEB-01,C008422,VM-BIK-0005,1,7261.79,0.0,PLN
SO-2024-005037,3,2024-05-10,2024-05-11,PL-WEB-01,C008422,vm-app-0007,2,156.79,0.0,PLN
SO-2024-005038,1,2024-05-10,2024-05-11,PL-WEB-01,C007209,VM-APP-0007,2,156.79,0.0,PLN
SO-2024-005038,2,2024-05-10,2024-05-11,PL-WEB-01,C007209,VM-ACC-0004,1,764.39,0.0,PLN
SO-2024-005038,3,2024-05-10,2024-05-11,PL-WEB-01,C007209,VM-APP-0001,1,450.79,0.0,PLN
SO-2024-005038,4,2024-05-10,2024-05-11,PL-WEB-01,C007209,VM-NUT-0009,1,83.29,0.0,PLN
SO-2024-005039,1,2024-05-10,2024-05-13,PL-MKT-01,C008423,VM-ACC-0015,1,342.99,0.0,PLN
SO-2024-005039,2,2024-05-10,2024-05-13,PL-MKT-01,C008423,VM-APP-0002,1,431.19,0.0,PLN
SO-2024-005040,1,2024-05-10,2024-05-11,PL-MKT-01,C005149,VM-CMP-0009,1,342.99,0.0,PLN
SO-2024-005041,1,2024-05-10,2024-05-12,PL-MKT-01,C008424,VM-BIK-0013,1,4703.99,0.0,PLN
SO-2024-005042,1,2024-05-10,2024-05-14,PL-MKT-01,C008425,VM-CMP-0019,2,205.79,0.0,PLN
SO-2024-005043,1,2024-05-10,2024-05-12,PL-MKT-01,C004853,VM-APP-0001,2,450.79,0.0,PLN
SO-2024-005044,1,2024-05-10,2024-05-14,PL-MKT-01,C008378,VM-NUT-0009,2,83.29,0.0,PLN
SO-2024-005045,1,2024-05-10,2024-05-14,PL-MKT-01,C008426,VM-CMP-0013,2,519.39,0.0,PLN
SO-2024-005045,2,2024-05-10,2024-05-14,PL-MKT-01,C008426,VM-ACC-0008,1,391.99,0.0,PLN
SO-2024-005046,1,2024-05-10,2024-05-11,PL-MKT-01,C008427,VM-ACC-0007,1,352.79,0.0,PLN
SO-2024-005047,1,2024-05-10,2024-05-11,PL-MKT-01,C005489,VM-BIK-0020,1,1185.79,0.0,PLN
SO-2024-005047,2,2024-05-10,2024-05-11,PL-MKT-01,C005489,VM-ACC-0004,1,764.39,0.0,PLN
SO-2024-005047,3,2024-05-10,2024-05-11,PL-MKT-01,C005489,VM-APP-0002,3,431.19,0.0,PLN
SO-2024-005048,1,2024-05-10,2024-05-10,CZ-PRG-01,C005304,VM-BIK-0011,1,46602.0,0.0,CZK
SO-2024-005048,2,2024-05-10,2024-05-10,CZ-PRG-01,C005304,VM-CMP-0015,2,4957.0,0.0,CZK
SO-2024-005049,1,2024-05-10,2024-05-10,CZ-PRG-01,,VM-ACC-0014,1,593.0,0.0,CZK
SO-2024-005049,2,2024-05-10,2024-05-10,CZ-PRG-01,,VM-BIK-0013,1,25860.0,0.0,CZK
SO-2024-005049,3,2024-05-10,2024-05-10,CZ-PRG-01,,VM-ACC-0008,1,2155.0,0.0,CZK
SO-2024-005049,4,2024-05-10,2024-05-10,CZ-PRG-01,,VM-NUT-0009,1,458.0,0.0,CZK
SO-2024-005050,1,2024-05-10,2024-05-12,CZ-WEB-01,C008428,VM-ACC-0008,1,2155.0,0.0,CZK
SO-2024-005051,1,2024-05-10,2024-05-11,CZ-WEB-01,C007984,VM-NUT-0003,6,59.0,0.0,CZK
SO-2024-005051,2,2024-05-10,2024-05-11,CZ-WEB-01,C007984,VM-CMP-0004,2,3879.0,0.0,CZK
SO-2024-005051,3,2024-05-10,2024-05-11,CZ-WEB-01,C007984,vm-app-0018,2,700.0,0.0,CZK
SO-2024-005052,1,2024-05-10,2024-05-12,CZ-WEB-01,C008429,VM-APP-0010,2,916.0,0.0,CZK
SO-2024-005053,1,2024-05-10,2024-05-13,CZ-WEB-01,C008430,VM-CMP-0023,1,318.0,0.0,CZK
SO-2024-005054,1,2024-05-10,2024-05-13,CZ-WEB-01,C008431,VM-APP-0002,1,2370.0,0.0,CZK
SO-2024-005054,2,2024-05-10,2024-05-13,CZ-WEB-01,C008431,VM-CMP-0009,1,1886.0,0.0,CZK
SO-2024-005054,3,2024-05-10,2024-05-13,CZ-WEB-01,C008431,VM-BIK-0018,1,12930.0,0.0,CZK
SO-2024-005055,1,2024-05-10,2024-05-10,DE-BER-01,C007106,VM-BIK-0004,3,960.5,0.1,EUR
SO-2024-005056,1,2024-05-10,2024-05-10,DE-BER-01,C008432,VM-BIK-0017,1,429.63,0.0,EUR
SO-2024-005056,2,2024-05-10,2024-05-10,DE-BER-01,C008432, VM-ACC-0011 ,2,16.19,0.0,EUR
SO-2024-005056,3,2024-05-10,2024-05-10,DE-BER-01,C008432,VM-ACC-0008,2,89.97,0.0,EUR
SO-2024-005056,4,2024-05-10,2024-05-10,DE-BER-01,C008432,VM-BIK-0018,1,539.86,0.0,EUR
SO-2024-005057,1,2024-05-10,2024-05-10,DE-BER-01,C004245,VM-EBK-0001,1,1725.29,0.05,EUR
SO-2024-005058,1,2024-05-10,2024-05-14,DE-WEB-01,C001774,VM-ACC-0003,1,65.23,0.05,EUR
SO-2024-005058,2,2024-05-10,2024-05-14,DE-WEB-01,C001774,vm-nut-0004,6,1.57,0.0,EUR
SO-2024-005059,1,2024-05-10,2024-05-12,DE-WEB-01,C005607,VM-BIK-0004,1,960.5,0.05,EUR
SO-2024-005059,2,2024-05-10,2024-05-12,DE-WEB-01,C005607,VM-CMP-0011,2,35.99,0.05,EUR
SO-2024-005060,1,2024-05-10,2024-05-14,DE-WEB-01,C004928,VM-ACC-0008,1,89.97,0.0,EUR
SO-2024-005061,1,2024-05-10,2024-05-11,DE-WEB-01,C008222,VM-ACC-0013,1,38.24,0.0,EUR
SO-2024-005061,2,2024-05-10,2024-05-11,DE-WEB-01,C008222,VM-BIK-0004,1,960.5,0.0,EUR
SO-2024-005061,3,2024-05-10,2024-05-11,DE-WEB-01,C008222,VM-NUT-0004,10,1.57,0.0,EUR
SO-2024-005062,1,2024-05-11,2024-05-11,PL-WAW-01,,VM-EBK-0001,1,7516.59,0.0,PLN
SO-2024-005063,1,2024-05-11,2024-05-11,PL-WAW-01,C004825,VM-ACC-0004,2,764.39,0.05,PLN
SO-2024-005064,1,2024-05-11,2024-05-11,PL-WAW-01,,VM-CMP-0002,2,548.79,0.0,PLN
SO-2024-005065,1,2024-05-11,2024-05-11,PL-WAW-01,C008433,VM-APP-0012,1,852.59,0.0,PLN
SO-2024-005065,2,2024-05-11,2024-05-11,PL-WAW-01,C008433,VM-ACC-0004,1,764.39,0.0,PLN
SO-2024-005066,1,2024-05-11,2024-05-11,PL-WAW-01,C000965,VM-ACC-0009,2,391.99,0.0,PLN
SO-2024-005066,2,2024-05-11,2024-05-11,PL-WAW-01,C000965,VM-ACC-0020,1,793.79,0.0,PLN
SO-2024-005067,1,2024-05-11,2024-05-11,PL-WAW-01,,VM-EBK-0007,1,14405.99,0.0,PLN
SO-2024-005067,2,2024-05-11,2024-05-11,PL-WAW-01,,VM-ACC-0013,1,166.59,0.0,PLN
SO-2024-005067,3,2024-05-11,2024-05-11,PL-WAW-01,,VM-NUT-0007,6,12.73,0.0,PLN
SO-2024-005067,4,2024-05-11,2024-05-11,PL-WAW-01,,VM-NUT-0009,4,83.29,0.0,PLN
SO-2024-005068,1,2024-05-11,2024-05-11,PL-WAW-01,,VM-APP-0013,1,431.19,0.0,PLN
SO-2024-005068,2,2024-05-11,2024-05-11,PL-WAW-01,,VM-ACC-0017,1,56.83,0.0,PLN
SO-2024-005069,1,2024-05-11,2024-05-11,PL-WAW-01,C008434,VM-CMP-0015,2,901.59,0.0,PLN
SO-2024-005069,2,2024-05-11,2024-05-11,PL-WAW-01,C008434,VM-BIK-0002,1,9437.39,0.0,PLN
SO-2024-005070,1,2024-05-11,2024-05-11,PL-WAW-01,C004444,VM-EBK-0008,1,14797.99,0.0,PLN
SO-2024-005070,2,2024-05-11,2024-05-11,PL-WAW-01,C004444,vm-app-0018,2,127.39,0.0,PLN
SO-2024-005071,1,2024-05-11,2024-05-11,PL-WAW-01,C008435,VM-ACC-0017,2,56.83,0.0,PLN
SO-2024-005071,2,2024-05-11,2024-05-11,PL-WAW-01,C008435,VM-BIK-0020,1,1185.79,0.0,PLN
SO-2024-005072,1,2024-05-11,2024-05-11,PL-WAW-01,,VM-CMP-0009,2,342.99,0.05,PLN
SO-2024-005072,2,2024-05-11,2024-05-11,PL-WAW-01,,VM-BIK-0009,1,5527.19,0.0,PLN
SO-2024-005073,1,2024-05-11,2024-05-11,PL-WAW-02,,VM-ACC-0008,2,391.99,0.0,PLN
SO-2024-005073,2,2024-05-11,2024-05-11,PL-WAW-02,,vm-nut-0009,1,83.29,0.0,PLN
SO-2024-005073,3,2024-05-11,2024-05-11,PL-WAW-02,,VM-BIK-0017,1,1871.79,0.0,PLN
SO-2024-005074,1,2024-05-11,2024-05-11,PL-WAW-02,C008173,VM-BIK-0012,1,11573.79,0.1,PLN
SO-2024-005075,1,2024-05-11,2024-05-11,PL-WAW-02,C007834,VM-ACC-0014,1,107.79,0.0,PLN
SO-2024-005075,2,2024-05-11,2024-05-11,PL-WAW-02,C007834,VM-CMP-0011,1,156.79,0.0,PLN
SO-2024-005076,1,2024-05-11,2024-05-11,PL-WAW-02,,VM-BIK-0016,1,3518.19,0.0,PLN
SO-2024-005077,1,2024-05-11,2024-05-11,PL-WAW-02,C003831,VM-NUT-0005,8,8.81,0.0,PLN
SO-2024-005077,2,2024-05-11,2024-05-11,PL-WAW-02,C003831,VM-CMP-0017,1,489.99,0.0,PLN
SO-2024-005077,3,2024-05-11,2024-05-11,PL-WAW-02,C003831,VM-BIK-0009,1,5527.19,0.0,PLN
SO-2024-005078,1,2024-05-11,2024-05-11,PL-WAW-02,C003698,VM-BIK-0012,1,11573.79,0.0,PLN
SO-2024-005078,2,2024-05-11,2024-05-11,PL-WAW-02,C003698,VM-APP-0005,2,176.39,0.0,PLN
SO-2024-005079,1,2024-05-11,2024-05-11,PL-WAW-02,C006793,VM-ACC-0007,2,352.79,0.0,PLN
SO-2024-005080,1,2024-05-11,2024-05-11,PL-KRK-01,C008436,VM-APP-0004,1,235.19,0.0,PLN
SO-2024-005081,1,2024-05-11,2024-05-11,PL-KRK-01,C008437,VM-APP-0004,3,235.19,0.05,PLN
SO-2024-005082,1,2024-05-11,2024-05-11,PL-KRK-01,C007923,VM-ACC-0003,1,284.19,0.0,PLN
SO-2024-005083,1,2024-05-11,2024-05-11,PL-KRK-01,C008438,VM-ACC-0017,1,56.83,0.0,PLN
SO-2024-005083,2,2024-05-11,2024-05-11,PL-KRK-01,C008438,VM-APP-0001,1,450.79,0.0,PLN
SO-2024-005083,3,2024-05-11,2024-05-11,PL-KRK-01,C008438,vm-acc-0023,1,911.39,0.0,PLN
SO-2024-005084,1,2024-05-11,2024-05-11,PL-KRK-01,,VM-EBK-0011,1,14347.19,0.0,PLN
SO-2024-005085,1,2024-05-11,2024-05-11,PL-KRK-01,C006478,VM-CMP-0009,2,342.99,0.0,PLN
SO-2024-005086,1,2024-05-11,2024-05-11,PL-WRO-01,C008439,VM-NUT-0005,5,8.81,0.05,PLN
SO-2024-005087,1,2024-05-11,2024-05-11,PL-WRO-01,C002960,VM-EBK-0008,1,14797.99,0.0,PLN
SO-2024-005088,1,2024-05-11,2024-05-11,PL-WRO-01,C008440,VM-CMP-0014,2,421.39,0.0,PLN
SO-2024-005089,1,2024-05-11,2024-05-11,PL-WRO-01,C008441,VM-NUT-0009,2,83.29,0.0,PLN
SO-2024-005089,2,2024-05-11,2024-05-11,PL-WRO-01,C008441,VM-CMP-0017,1,489.99,0.0,PLN
SO-2024-005090,1,2024-05-11,2024-05-11,PL-WRO-01,C000398, VM-BIK-0007 ,1,6908.99,0.05,PLN
SO-2024-005091,1,2024-05-11,2024-05-11,PL-GDN-01,C002371,VM-ACC-0010,2,244.99,0.05,PLN
SO-2024-005091,2,2024-05-11,2024-05-11,PL-GDN-01,C002371,VM-CMP-0013,1,519.39,0.1,PLN
SO-2024-005092,1,2024-05-11,2024-05-11,PL-GDN-01,,VM-BIK-0001,1,13416.19,0.0,PLN
SO-2024-005092,2,2024-05-11,2024-05-11,PL-GDN-01,,VM-ACC-0008,1,391.99,0.0,PLN
SO-2024-005093,1,2024-05-11,2024-05-11,PL-GDN-01,C008442,VM-BIK-0017,4,1871.79,0.08,PLN
SO-2024-005093,2,2024-05-11,2024-05-11,PL-GDN-01,C008442,VM-EBK-0007,5,14405.99,0.12,PLN
SO-2024-005094,1,2024-05-11,2024-05-11,PL-POZ-01,C008443,VM-APP-0012,1,852.59,0.0,PLN
SO-2024-005094,2,2024-05-11,2024-05-11,PL-POZ-01,C008443,VM-BIK-0001,1,13416.19,0.0,PLN
SO-2024-005095,1,2024-05-11,2024-05-11,PL-POZ-01,C001721,VM-EBK-0008,1,14797.99,0.0,PLN
SO-2024-005095,2,2024-05-11,2024-05-11,PL-POZ-01,C001721,VM-BIK-0007,1,6908.99,0.0,PLN
SO-2024-005096,1,2024-05-11,2024-05-11,PL-POZ-01,C002819,VM-ACC-0020,1,793.79,0.1,PLN
SO-2024-005096,2,2024-05-11,2024-05-11,PL-POZ-01,C002819,VM-NUT-0006,10,9.79,0.0,PLN
SO-2024-005097,1,2024-05-11,2024-05-11,PL-POZ-01,C008444,VM-BIK-0009,1,5527.19,0.05,PLN
SO-2024-005097,2,2024-05-11,2024-05-11,PL-POZ-01,C008444,VM-ACC-0006,2,930.99,0.0,PLN
SO-2024-005098,1,2024-05-11,2024-05-11,PL-POZ-01,C006077,VM-EBK-0007,1,14405.99,0.0,PLN
SO-2024-005098,2,2024-05-11,2024-05-11,PL-POZ-01,C006077,VM-BIK-0013,1,4703.99,0.0,PLN
SO-2024-005099,1,2024-05-11,2024-05-11,PL-LDZ-01,C006951,VM-BIK-0008,1,5203.79,0.0,PLN
SO-2024-005100,1,2024-05-11,2024-05-11,PL-LDZ-01,,VM-BIK-0017,1,1871.79,0.0,PLN
SO-2024-005100,2,2024-05-11,2024-05-11,PL-LDZ-01,,VM-ACC-0018,3,48.99,0.0,PLN
SO-2024-005100,3,2024-05-11,2024-05-11,PL-LDZ-01,,VM-ACC-0017,1,56.83,0.0,PLN
SO-2024-005100,4,2024-05-11,2024-05-11,PL-LDZ-01,,VM-ACC-0001,1,372.39,0.0,PLN
SO-2024-005101,1,2024-05-11,2024-05-11,PL-LDZ-01,C008210,VM-EBK-0011,1,14347.19,0.0,PLN
SO-2024-005101,2,2024-05-11,2024-05-11,PL-LDZ-01,C008210,VM-BIK-0007,1,6908.99,0.0,PLN
SO-2024-005101,3,2024-05-11,2024-05-11,PL-LDZ-01,C008210,VM-BIK-0020,1,1185.79,0.0,PLN
SO-2024-005102,1,2024-05-11,2024-05-11,PL-LDZ-01,C008445,VM-APP-0010,1,166.59,0.0,PLN
SO-2024-005103,1,2024-05-11,2024-05-13,PL-WEB-01,C008446,VM-CMP-0015,2,901.59,0.0,PLN
SO-2024-005103,2,2024-05-11,2024-05-13,PL-WEB-01,C008446,VM-BIK-0013,1,4703.99,0.0,PLN
SO-2024-005103,3,2024-05-11,2024-05-13,PL-WEB-01,C008446,VM-NUT-0007,7,12.73,0.0,PLN
SO-2024-005104,1,2024-05-11,2024-05-13,PL-WEB-01,C007633,VM-BIK-0019,1,1185.79,0.0,PLN
SO-2024-005104,2,2024-05-11,2024-05-13,PL-WEB-01,C007633,VM-ACC-0008,1,391.99,0.0,PLN
SO-2024-005105,1,2024-05-11,2024-05-15,PL-WEB-01,C008447,VM-ACC-0018,1,48.99,0.0,PLN
SO-2024-005105,2,2024-05-11,2024-05-15,PL-WEB-01,C008447,VM-NUT-0002,11,14.69,0.0,PLN
SO-2024-005106,1,2024-05-11,2024-05-12,PL-WEB-01,C008448,VM-NUT-0007,5,12.73,0.0,PLN
SO-2024-005107,1,2024-05-11,2024-05-14,PL-WEB-01,C008449,VM-NUT-0010,1,34.29,0.0,PLN
SO-2024-005107,2,2024-05-11,2024-05-14,PL-WEB-01,C008449,VM-BIK-0017,1,1871.79,0.0,PLN
SO-2024-005108,1,2024-05-11,2024-05-13,PL-WEB-01,C007456,VM-BIK-0019,1,1185.79,0.0,PLN
SO-2024-005108,2,2024-05-11,2024-05-13,PL-WEB-01,C007456,VM-CMP-0014,1,421.39,0.0,PLN
SO-2024-005109,1,2024-05-11,2024-05-15,PL-WEB-01,C007384,VM-APP-0008,1,156.79,0.0,PLN
SO-2024-005110,1,2024-05-11,2024-05-15,PL-WEB-01,C004672,VM-EBK-0003,1,8908.19,0.05,PLN
SO-2024-005111,1,2024-05-11,2024-05-13,PL-WEB-01,C008450,VM-BIK-0020,1,1185.79,0.0,PLN
SO-2024-005112,1,2024-05-11,2024-05-15,PL-WEB-01,C001459,VM-CMP-0016,2,2410.79,0.0,PLN
SO-2024-005113,1,2024-05-11,2024-05-15,PL-MKT-01,C008451,VM-APP-0008,2,156.79,0.0,PLN
SO-2024-005114,1,2024-05-11,2024-05-15,PL-MKT-01,C008452,VM-NUT-0004,13,6.85,0.0,PLN
SO-2024-005114,2,2024-05-11,2024-05-15,PL-MKT-01,C008452,VM-CMP-0005,2,1450.39,0.0,PLN
SO-2024-005114,3,2024-05-11,2024-05-15,PL-MKT-01,C008452,VM-CMP-0008,2,431.19,0.0,PLN
SO-2024-005114,4,2024-05-11,2024-05-15,PL-MKT-01,C008452,VM-APP-0006,3,303.79,0.0,PLN
SO-2024-005115,1,2024-05-11,2024-05-13,PL-MKT-01,C008453,VM-ACC-0008,2,391.99,0.0,PLN
SO-2024-005116,1,2024-05-11,2024-05-15,PL-MKT-01,C008454,VM-ACC-0020,1,793.79,0.0,PLN
SO-2024-005116,2,2024-05-11,2024-05-15,PL-MKT-01,C008454,VM-APP-0012,1,852.59,0.0,PLN
SO-2024-005117,1,2024-05-11,2024-05-13,PL-MKT-01,C007682,VM-NUT-0009,4,83.29,0.0,PLN
SO-2024-005117,2,2024-05-11,2024-05-13,PL-MKT-01,C007682,VM-BIK-0001,1,13416.19,0.0,PLN
SO-2024-005117,3,2024-05-11,2024-05-13,PL-MKT-01,C007682,VM-NUT-0007,4,12.73,0.0,PLN
SO-2024-005117,4,2024-05-11,2024-05-13,PL-MKT-01,C007682,VM-CMP-0017,2,489.99,0.0,PLN
SO-2024-005118,1,2024-05-11,2024-05-11,CZ-PRG-01,,VM-NUT-0004,9,38.0,0.0,CZK
SO-2024-005118,2,2024-05-11,2024-05-11,CZ-PRG-01,,VM-BIK-0021,1,6734.0,0.0,CZK
SO-2024-005118,3,2024-05-11,2024-05-11,CZ-PRG-01,,VM-BIK-0002,1,51882.0,0.0,CZK
SO-2024-005119,1,2024-05-11,2024-05-11,CZ-PRG-01,C008455,VM-APP-0008,1,862.0,0.0,CZK
SO-2024-005120,1,2024-05-11,2024-05-11,CZ-PRG-01,C006978,VM-ACC-0017,3,312.0,0.05,CZK
SO-2024-005120,2,2024-05-11,2024-05-11,CZ-PRG-01,C006978,VM-CMP-0017,2,2694.0,0.05,CZK
SO-2024-005120,3,2024-05-11,2024-05-11,CZ-PRG-01,C006978,VM-CMP-0005,1,7974.0,0.05,CZK
SO-2024-005120,4,2024-05-11,2024-05-11,CZ-PRG-01,C006978,VM-BIK-0003,1,35235.0,0.05,CZK
SO-2024-005121,1,2024-05-11,2024-05-11,CZ-PRG-01,C008456,VM-APP-0006,1,1670.0,0.0,CZK
SO-2024-005122,1,2024-05-11,2024-05-11,CZ-PRG-01,,VM-CMP-0009,2,1886.0,0.0,CZK
SO-2024-005123,1,2024-05-11,2024-05-11,CZ-PRG-01,,VM-APP-0013,1,2370.0,0.0,CZK
SO-2024-005123,2,2024-05-11,2024-05-11,CZ-PRG-01,,VM-APP-0010,1,916.0,0.0,CZK
SO-2024-005124,1,2024-05-11,2024-05-15,CZ-WEB-01,C005786,VM-BIK-0007,1,37982.0,0.05,CZK
SO-2024-005125,1,2024-05-11,2024-05-15,CZ-WEB-01,C002500,VM-ACC-0018,2,269.0,0.0,CZK
SO-2024-005125,2,2024-05-11,2024-05-15,CZ-WEB-01,C002500,VM-BIK-0014,1,20634.0,0.0,CZK
SO-2024-005126,1,2024-05-11,2024-05-12,CZ-WEB-01,C002499,VM-NUT-0004,15,38.0,0.05,CZK
SO-2024-005127,1,2024-05-11,2024-05-13,CZ-WEB-01,C006854, VM-BIK-0006 ,1,35504.0,0.0,CZK
SO-2024-005128,1,2024-05-11,2024-05-11,DE-BER-01,C008457,VM-ACC-0010,2,56.23,0.0,EUR
SO-2024-005128,2,2024-05-11,2024-05-11,DE-BER-01,C008457,VM-BIK-0009,1,1268.66,0.0,EUR
SO-2024-005128,3,2024-05-11,2024-05-11,DE-BER-01,C008457,VM-CMP-0016,2,553.35,0.0,EUR
SO-2024-005129,1,2024-05-11,2024-05-11,DE-BER-01,C004762,VM-BIK-0022,1,314.92,0.0,EUR
SO-2024-005129,2,2024-05-11,2024-05-11,DE-BER-01,C004762,VM-ACC-0005,1,40.49,0.0,EUR
SO-2024-005130,1,2024-05-11,2024-05-11,DE-BER-01,C008458,VM-APP-0001,2,103.47,0.05,EUR
SO-2024-005131,1,2024-05-11,2024-05-12,DE-WEB-01,C008459,VM-CMP-0009,2,78.73,0.0,EUR
SO-2024-005131,2,2024-05-11,2024-05-12,DE-WEB-01,C008459,VM-APP-0013,1,98.97,0.0,EUR
SO-2024-005132,1,2024-05-11,2024-05-12,DE-WEB-01,C003535,VM-BIK-0020,4,272.18,0.1,EUR
SO-2024-005132,2,2024-05-11,2024-05-12,DE-WEB-01,C003535,VM-CMP-0009,4,78.73,0.08,EUR
SO-2024-005132,3,2024-05-11,2024-05-12,DE-WEB-01,C003535,VM-ACC-0008,2,89.97,0.1,EUR
SO-2024-005133,1,2024-05-11,2024-05-14,DE-WEB-01,C008460,VM-APP-0012,1,195.7,0.0,EUR
SO-2024-005134,1,2024-05-11,2024-05-14,DE-WEB-01,C006540,VM-CMP-0004,1,161.96,0.0,EUR
SO-2024-005134,2,2024-05-11,2024-05-14,DE-WEB-01,C006540,VM-APP-0002,2,98.97,0.05,EUR
SO-2024-005135,1,2024-05-11,2024-05-15,DE-WEB-01,C005031,VM-BIK-0016,1,807.54,0.0,EUR
SO-2024-005136,1,2024-05-12,2024-05-14,PL-WEB-01,C008461,VM-NUT-0006,4,9.79,0.0,PLN
SO-2024-005136,2,2024-05-12,2024-05-14,PL-WEB-01,C008461,VM-ACC-0008,2,391.99,0.0,PLN
SO-2024-005137,1,2024-05-12,2024-05-15,PL-WEB-01,C008462,VM-APP-0002,1,431.19,0.0,PLN
SO-2024-005137,2,2024-05-12,2024-05-15,PL-WEB-01,C008462,VM-NUT-0004,9,6.85,0.0,PLN
SO-2024-005138,1,2024-05-12,2024-05-13,PL-WEB-01,C004337,VM-BIK-0012,1,11573.79,0.05,PLN
SO-2024-005139,1,2024-05-12,2024-05-14,PL-WEB-01,C008463,VM-EBK-0007,1,14405.99,0.0,PLN
SO-2024-005140,1,2024-05-12,2024-05-13,PL-WEB-01,C008464,VM-EBK-0008,1,14797.99,0.0,PLN
SO-2024-005141,1,2024-05-12,2024-05-13,PL-WEB-01,C008465,VM-EBK-0011,1,14347.19,0.0,PLN
SO-2024-005142,1,2024-05-12,2024-05-15,PL-WEB-01,C008466,VM-ACC-0002,2,597.79,0.0,PLN
SO-2024-005142,2,2024-05-12,2024-05-15,PL-WEB-01,C008466,VM-BIK-0006,1,6458.19,0.0,PLN
SO-2024-005143,1,2024-05-12,2024-05-14,PL-WEB-01,C001083,VM-APP-0001,3,450.79,0.05,PLN
SO-2024-005143,2,2024-05-12,2024-05-14,PL-WEB-01,C001083,VM-EBK-0002,1,9750.99,0.1,PLN
SO-2024-005144,1,2024-05-12,2024-05-16,PL-WEB-01,C008467,VM-BIK-0016,1,3518.19,0.0,PLN
SO-2024-005145,1,2024-05-12,2024-05-15,PL-WEB-01,C008468,VM-CMP-0001,1,391.99,0.0,PLN
SO-2024-005146,1,2024-05-12,2024-05-16,PL-WEB-01,C006223,VM-BIK-0007,1,6908.99,0.05,PLN
SO-2024-005146,2,2024-05-12,2024-05-16,PL-WEB-01,C006223,VM-ACC-0008,2,391.99,0.05,PLN
SO-2024-005147,1,2024-05-12,2024-05-14,PL-WEB-01,C003197,VM-APP-0001,2,450.79,0.0,PLN
SO-2024-005148,1,2024-05-12,2024-05-15,PL-WEB-01,C005860,VM-ACC-0006,2,930.99,0.0,PLN
SO-2024-005149,1,2024-05-12,2024-05-15,PL-WEB-01,C008469,VM-BIK-0004,1,4184.59,0.05,PLN
SO-2024-005150,1,2024-05-12,2024-05-13,PL-WEB-01,C008470,VM-NUT-0011,4,52.91,0.0,PLN
SO-2024-005150,2,2024-05-12,2024-05-13,PL-WEB-01,C008470,VM-APP-0014,1,480.19,0.0,PLN
SO-2024-005150,3,2024-05-12,2024-05-13,PL-WEB-01,C008470,VM-EBK-0002,1,9750.99,0.05,PLN
SO-2024-005151,1,2024-05-12,2024-05-16,PL-WEB-01,C008471,VM-APP-0001,3,450.79,0.0,PLN
SO-2024-005152,1,2024-05-12,2024-05-13,PL-WEB-01,C008472,VM-CMP-0022,1,35.27,0.0,PLN
SO-2024-005152,2,2024-05-12,2024-05-13,PL-WEB-01,C008472,VM-ACC-0008,2,391.99,0.0,PLN
SO-2024-005153,1,2024-05-12,2024-05-16,PL-MKT-01,C003108,VM-NUT-0004,13,6.85,0.0,PLN
SO-2024-005154,1,2024-05-12,2024-05-14,PL-MKT-01,C003739,VM-ACC-0003,2,284.19,0.0,PLN
SO-2024-005154,2,2024-05-12,2024-05-14,PL-MKT-01,C003739,VM-ACC-0008,1,391.99,0.0,PLN
SO-2024-005154,3,2024-05-12,2024-05-14,PL-MKT-01,C003739,VM-EBK-0007,1,14405.99,0.0,PLN
SO-2024-005154,4,2024-05-12,2024-05-14,PL-MKT-01,C003739,VM-APP-0005,3,176.39,0.05,PLN
SO-2024-005155,1,2024-05-12,2024-05-16,PL-MKT-01,C003672,VM-NUT-0007,12,12.73,0.0,PLN
SO-2024-005155,2,2024-05-12,2024-05-16,PL-MKT-01,C003672,VM-APP-0013,1,431.19,0.05,PLN
SO-2024-005155,3,2024-05-12,2024-05-16,PL-MKT-01,C003672,VM-APP-0004,1,235.19,0.0,PLN
SO-2024-005156,1,2024-05-12,2024-05-15,PL-MKT-01,C006980,VM-CMP-0009,1,342.99,0.0,PLN
SO-2024-005156,2,2024-05-12,2024-05-15,PL-MKT-01,C006980,VM-APP-0011,1,401.79,0.0,PLN
SO-2024-005156,3,2024-05-12,2024-05-15,PL-MKT-01,C006980,VM-BIK-0019,1,1185.79,0.0,PLN
SO-2024-005157,1,2024-05-12,2024-05-16,PL-MKT-01,C007314,VM-ACC-0007,8,352.79,0.12,PLN
SO-2024-005158,1,2024-05-12,2024-05-14,PL-MKT-01,C008473,VM-ACC-0009,2,391.99,0.05,PLN
SO-2024-005158,2,2024-05-12,2024-05-14,PL-MKT-01,C008473,VM-BIK-0019,1,1185.79,0.05,PLN
SO-2024-005159,1,2024-05-12,2024-05-16,PL-MKT-01,C008474,VM-EBK-0003,1,8908.19,0.05,PLN
SO-2024-005159,2,2024-05-12,2024-05-16,PL-MKT-01,C008474,VM-ACC-0003,2,284.19,0.05,PLN
SO-2024-005160,1,2024-05-12,2024-05-14,PL-MKT-01,C008475,VM-BIK-0003,1,6409.19,0.0,PLN
SO-2024-005161,1,2024-05-12,2024-05-13,PL-MKT-01,C000761,VM-ACC-0011,2,70.55,0.05,PLN
SO-2024-005161,2,2024-05-12,2024-05-13,PL-MKT-01,C000761,VM-CMP-0008,1,431.19,0.05,PLN
SO-2024-005162,1,2024-05-12,2024-05-16,PL-MKT-01,C003505,VM-CMP-0006,1,195.99,0.0,PLN
SO-2024-005162,2,2024-05-12,2024-05-16,PL-MKT-01,C003505,VM-NUT-0010,1,34.29,0.0,PLN
SO-2024-005163,1,2024-05-12,2024-05-15,PL-MKT-01,C008476,VM-BIK-0013,1,4703.99,0.0,PLN
SO-2024-005164,1,2024-05-12,2024-05-12,CZ-PRG-01,C007190,VM-APP-0010,1,916.0,0.0,CZK
SO-2024-005164,2,2024-05-12,2024-05-12,CZ-PRG-01,C007190,VM-APP-0006,2,1670.0,0.0,CZK
SO-2024-005165,1,2024-05-12,2024-05-12,CZ-PRG-01,,VM-BIK-0011,1,46602.0,0.0,CZK
SO-2024-005166,1,2024-05-12,2024-05-14,CZ-WEB-01,C008477,VM-APP-0011,2,2209.0,0.0,CZK
SO-2024-005167,1,2024-05-12,2024-05-14,CZ-WEB-01,C005004,VM-EBK-0011,1,78874.0,0.0,CZK
SO-2024-005168,1,2024-05-12,2024-05-16,CZ-WEB-01,C008478,VM-APP-0014,1,2640.0,0.0,CZK
SO-2024-005169,1,2024-05-12,2024-05-16,CZ-WEB-01,C008479,VM-ACC-0002,2,3286.0,0.0,CZK
SO-2024-005170,1,2024-05-12,2024-05-13,CZ-WEB-01,C005478,VM-CMP-0019,2,1131.0,0.1,CZK
SO-2024-005171,1,2024-05-12,2024-05-14,DE-WEB-01,C006096,VM-EBK-0007,1,3306.63,0.0,EUR
SO-2024-005171,2,2024-05-12,2024-05-14,DE-WEB-01,C006096,VM-CMP-0012,2,121.47,0.0,EUR
SO-2024-005172,1,2024-05-12,2024-05-14,DE-WEB-01,C007826,VM-BIK-0016,1,807.54,0.05,EUR
SO-2024-005172,2,2024-05-12,2024-05-14,DE-WEB-01,C007826,VM-ACC-0017,2,13.04,0.05,EUR
SO-2024-005173,1,2024-05-12,2024-05-16,DE-WEB-01,C008432,VM-APP-0013,1,98.97,0.0,EUR
SO-2024-005174,1,2024-05-12,2024-05-15,DE-WEB-01,C006043,VM-CMP-0015,2,206.94,0.0,EUR
SO-2024-005175,1,2024-05-12,2024-05-13,DE-WEB-01,C008480,VM-BIK-0004,1,960.5,0.0,EUR
SO-2024-005175,2,2024-05-12,2024-05-13,DE-WEB-01,C008480,VM-ACC-0006,2,213.69,0.0,EUR
SO-2024-005175,3,2024-05-12,2024-05-13,DE-WEB-01,C008480,VM-BIK-0017,1,429.63,0.0,EUR
SO-2024-005176,1,2024-05-12,2024-05-14,DE-WEB-01,C004943,VM-EBK-0002,1,2238.16,0.0,EUR
SO-2024-005177,1,2024-05-13,2024-05-13,PL-WAW-01,,VM-ACC-0011,2,70.55,0.0,PLN
SO-2024-005178,1,2024-05-13,2024-05-13,PL-WAW-01,C008240,vm-acc-0008,2,391.99,0.0,PLN
SO-2024-005179,1,2024-05-13,2024-05-13,PL-WAW-01,,vm-acc-0008,2,391.99,0.0,PLN
SO-2024-005180,1,2024-05-13,2024-05-13,PL-WAW-01,,VM-NUT-0001,14,8.81,0.0,PLN
SO-2024-005181,1,2024-05-13,2024-05-13,PL-WAW-01,C005940,VM-ACC-0004,10,764.39,0.12,PLN
SO-2024-005182,1,2024-05-13,2024-05-13,PL-WAW-01,C008481,VM-APP-0007,2,156.79,0.0,PLN
SO-2024-005183,1,2024-05-13,2024-05-13,PL-WAW-01,C001792,VM-CMP-0020,2,254.79,0.0,PLN
SO-2024-005184,1,2024-05-13,2024-05-13,PL-WAW-02,C001418,vm-ebk-0001,1,7516.59,0.05,PLN
SO-2024-005185,1,2024-05-13,2024-05-13,PL-WAW-02,C008482,VM-CMP-0017,2,489.99,0.0,PLN
SO-2024-005186,1,2024-05-13,2024-05-13,PL-WAW-02,C008483,VM-APP-0004,1,235.19,0.0,PLN
SO-2024-005186,2,2024-05-13,2024-05-13,PL-WAW-02,C008483,VM-APP-0010,1,166.59,0.0,PLN
SO-2024-005186,3,2024-05-13,2024-05-13,PL-WAW-02,C008483,VM-CMP-0005,1,1450.39,0.0,PLN
SO-2024-005187,1,2024-05-13,2024-05-13,PL-KRK-01,C008484,VM-CMP-0013,2,519.39,0.05,PLN
SO-2024-005188,1,2024-05-13,2024-05-13,PL-KRK-01,C006896,VM-APP-0008,1,156.79,0.0,PLN
SO-2024-005188,2,2024-05-13,2024-05-13,PL-KRK-01,C006896,VM-APP-0018,1,127.39,0.0,PLN
SO-2024-005189,1,2024-05-13,2024-05-13,PL-WRO-01,C008485,VM-ACC-0020,1,793.79,0.0,PLN
SO-2024-005189,2,2024-05-13,2024-05-13,PL-WRO-01,C008485,VM-ACC-0017,3,56.83,0.0,PLN
SO-2024-005190,1,2024-05-13,2024-05-13,PL-WRO-01,C008486,VM-ACC-0018,2,48.99,0.0,PLN
SO-2024-005190,2,2024-05-13,2024-05-13,PL-WRO-01,C008486,VM-ACC-0010,2,244.99,0.0,PLN
SO-2024-005190,3,2024-05-13,2024-05-13,PL-WRO-01,C008486,VM-NUT-0009,2,83.29,0.0,PLN
SO-2024-005190,4,2024-05-13,2024-05-13,PL-WRO-01,C008486,VM-BIK-0015,1,3028.19,0.0,PLN
SO-2024-005191,1,2024-05-13,2024-05-13,PL-WRO-01,C007314,VM-NUT-0001,30,8.81,0.08,PLN
SO-2024-005191,2,2024-05-13,2024-05-13,PL-WRO-01,C007314,VM-CMP-0017,4,489.99,0.1,PLN
SO-2024-005191,3,2024-05-13,2024-05-13,PL-WRO-01,C007314,VM-APP-0001,9,450.79,0.1,PLN
SO-2024-005192,1,2024-05-13,2024-05-13,PL-WRO-01,C008487,VM-CMP-0014,2,421.39,0.0,PLN
SO-2024-005192,2,2024-05-13,2024-05-13,PL-WRO-01,C008487,VM-BIK-0007,1,6908.99,0.0,PLN
SO-2024-005193,1,2024-05-13,2024-05-13,PL-WRO-01,C008488,VM-APP-0002,1,431.19,0.0,PLN
SO-2024-005194,1,2024-05-13,2024-05-13,PL-GDN-01,C007646,VM-BIK-0017,1,1871.79,0.05,PLN
SO-2024-005194,2,2024-05-13,2024-05-13,PL-GDN-01,C007646,VM-ACC-0006,1,930.99,0.05,PLN
SO-2024-005194,3,2024-05-13,2024-05-13,PL-GDN-01,C007646,VM-ACC-0008,1,391.99,0.05,PLN
SO-2024-005194,4,2024-05-13,2024-05-13,PL-GDN-01,C007646,VM-ACC-0014,1,107.79,0.05,PLN
SO-2024-005195,1,2024-05-13,2024-05-13,PL-POZ-01,,VM-BIK-0015,1,3028.19,0.0,PLN
SO-2024-005196,1,2024-05-13,2024-05-13,PL-LDZ-01,,VM-ACC-0001,2,372.39,0.0,PLN
SO-2024-005196,2,2024-05-13,2024-05-13,PL-LDZ-01,,VM-ACC-0007,1,352.79,0.0,PLN
SO-2024-005197,1,2024-05-13,2024-05-14,PL-WEB-01,C008036,VM-BIK-0018,1,2351.99,0.0,PLN
SO-2024-005197,2,2024-05-13,2024-05-14,PL-WEB-01,C008036,VM-ACC-0010,2,244.99,0.0,PLN
SO-2024-005198,1,2024-05-13,2024-05-14,PL-WEB-01,C007634,VM-BIK-0007,1,6908.99,0.0,PLN
SO-2024-005198,2,2024-05-13,2024-05-14,PL-WEB-01,C007634,VM-ACC-0009,2,391.99,0.0,PLN
SO-2024-005199,1,2024-05-13,2024-05-15,PL-WEB-01,C008489,VM-APP-0020,1,176.39,0.0,PLN
SO-2024-005200,1,2024-05-13,2024-05-14,PL-WEB-01,C008490,VM-ACC-0008,2,391.99,0.0,PLN
SO-2024-005200,2,2024-05-13,2024-05-14,PL-WEB-01,C008490,VM-CMP-0006,2,195.99,0.0,PLN
SO-2024-005201,1,2024-05-13,2024-05-16,PL-WEB-01,C008491,VM-ACC-0020,1,793.79,0.1,PLN
SO-2024-005202,1,2024-05-13,2024-05-14,PL-WEB-01,C008492,VM-BIK-0019,1,1185.79,0.0,PLN
SO-2024-005202,2,2024-05-13,2024-05-14,PL-WEB-01,C008492,VM-BIK-0007,1,6908.99,0.0,PLN
SO-2024-005203,1,2024-05-13,2024-05-14,PL-WEB-01,C006572,VM-BIK-0003,3,6409.19,0.08,PLN
SO-2024-005204,1,2024-05-13,2024-05-15,PL-WEB-01,C007482,VM-BIK-0017,1,1871.79,0.0,PLN
SO-2024-005204,2,2024-05-13,2024-05-15,PL-WEB-01,C007482,VM-ACC-0002,1,597.79,0.0,PLN
SO-2024-005204,3,2024-05-13,2024-05-15,PL-WEB-01,C007482,vm-ebk-0002,1,9750.99,0.05,PLN
SO-2024-005205,1,2024-05-13,2024-05-14,PL-WEB-01,C008493,VM-NUT-0001,11,8.81,0.0,PLN
SO-2024-005206,1,2024-05-13,2024-05-16,PL-WEB-01,C008494,VM-NUT-0004,10,6.85,0.0,PLN
SO-2024-005206,2,2024-05-13,2024-05-16,PL-WEB-01,C008494,VM-BIK-0021,1,1224.99,0.0,PLN
SO-2024-005206,3,2024-05-13,2024-05-16,PL-WEB-01,C008494,VM-ACC-0014,1,107.79,0.0,PLN
SO-2024-005206,4,2024-05-13,2024-05-16,PL-WEB-01,C008494,VM-NUT-0006,6,9.79,0.0,PLN
SO-2024-005207,1,2024-05-13,2024-05-15,PL-WEB-01,C007543,VM-BIK-0002,1,9437.39,0.0,PLN
SO-2024-005207,2,2024-05-13,2024-05-15,PL-WEB-01,C007543,VM-APP-0006,3,303.79,0.1,PLN
SO-2024-005207,3,2024-05-13,2024-05-15,PL-WEB-01,C007543,VM-ACC-0014,1,107.79,0.0,PLN
SO-2024-005208,1,2024-05-13,2024-05-16,PL-MKT-01,C003735,VM-CMP-0013,1,519.39,0.1,PLN
SO-2024-005208,2,2024-05-13,2024-05-16,PL-MKT-01,C003735,VM-EBK-0008,1,14797.99,0.0,PLN
SO-2024-005209,1,2024-05-13,2024-05-14,PL-MKT-01,C007356,vm-bik-0017,1,1871.79,0.05,PLN
SO-2024-005210,1,2024-05-13,2024-05-15,PL-MKT-01,C006586,VM-APP-0010,2,166.59,0.0,PLN
SO-2024-005211,1,2024-05-13,2024-05-16,PL-MKT-01,C008495,VM-BIK-0006,1,6458.19,0.0,PLN
SO-2024-005212,1,2024-05-13,2024-05-14,PL-MKT-01,C008496,VM-BIK-0004,1,4184.59,0.0,PLN
SO-2024-005213,1,2024-05-13,2024-05-14,PL-MKT-01,C005876,VM-APP-0011,1,401.79,0.0,PLN
SO-2024-005214,1,2024-05-13,2024-05-13,CZ-PRG-01,,VM-BIK-0004,1,23005.0,0.0,CZK
SO-2024-005214,2,2024-05-13,2024-05-13,CZ-PRG-01,,VM-ACC-0008,2,2155.0,0.0,CZK
SO-2024-005215,1,2024-05-13,2024-05-13,CZ-PRG-01,C008497,VM-ACC-0007,1,1939.0,0.05,CZK
SO-2024-005216,1,2024-05-13,2024-05-15,CZ-WEB-01,C007084,VM-BIK-0008,1,28608.0,0.0,CZK
SO-2024-005217,1,2024-05-13,2024-05-14,CZ-WEB-01,C008498,VM-APP-0001,5,2478.0,0.1,CZK
SO-2024-005218,1,2024-05-13,2024-05-16,CZ-WEB-01,C008499,VM-BIK-0022,1,7543.0,0.0,CZK
SO-2024-005218,2,2024-05-13,2024-05-16,CZ-WEB-01,C008499,VM-ACC-0007,2,1939.0,0.0,CZK
SO-2024-005218,3,2024-05-13,2024-05-16,CZ-WEB-01,C008499,VM-ACC-0004,1,4202.0,0.0,CZK
SO-2024-005219,1,2024-05-13,2024-05-16,CZ-WEB-01,C004923,VM-BIK-0018,1,12930.0,0.0,CZK
SO-2024-005219,2,2024-05-13,2024-05-16,CZ-WEB-01,C004923,VM-CMP-0017,1,2694.0,0.0,CZK
SO-2024-005220,1,2024-05-13,2024-05-14,CZ-WEB-01,C008500,VM-APP-0012,1,4687.0,0.0,CZK
SO-2024-005220,2,2024-05-13,2024-05-14,CZ-WEB-01,C008500,VM-NUT-0006,10,54.0,0.0,CZK
SO-2024-005221,1,2024-05-13,2024-05-13,DE-BER-01,C007399,VM-NUT-0001,40,2.02,0.12,EUR
SO-2024-005222,1,2024-05-13,2024-05-13,DE-BER-01,,VM-CMP-0006,2,44.99,0.0,EUR
SO-2024-005222,2,2024-05-13,2024-05-13,DE-BER-01,,VM-NUT-0001,10,2.02,0.0,EUR
SO-2024-005223,1,2024-05-13,2024-05-13,DE-BER-01,C008501,VM-BIK-0021,1,281.17,0.0,EUR
SO-2024-005224,1,2024-05-13,2024-05-16,DE-WEB-01,C008502,VM-APP-0013,1,98.97,0.0,EUR
SO-2024-005225,1,2024-05-13,2024-05-14,DE-WEB-01,C004762,VM-NUT-0003,9,2.47,0.0,EUR
SO-2024-005226,1,2024-05-13,2024-05-15,DE-WEB-01,C007150,VM-CMP-0016,1,553.35,0.0,EUR
SO-2024-005226,2,2024-05-13,2024-05-15,DE-WEB-01,C007150,VM-ACC-0004,2,175.45,0.0,EUR
SO-2024-005227,1,2024-05-13,2024-05-15,DE-WEB-01,C004429,VM-APP-0007,1,35.99,0.0,EUR
SO-2024-005227,2,2024-05-13,2024-05-15,DE-WEB-01,C004429,VM-APP-0013,1,98.97,0.0,EUR
SO-2024-005228,1,2024-05-13,2024-05-17,DE-WEB-01,C003269,VM-APP-0014,1,110.22,0.0,EUR
SO-2024-005228,2,2024-05-13,2024-05-17,DE-WEB-01,C003269,VM-CMP-0001,2,89.97,0.0,EUR
SO-2024-005229,1,2024-05-13,2024-05-15,DE-WEB-01,C004376,VM-NUT-0004,4,1.57,0.0,EUR
SO-2024-005229,2,2024-05-13,2024-05-15,DE-WEB-01,C004376,VM-APP-0002,2,98.97,0.0,EUR
SO-2024-005229,3,2024-05-13,2024-05-15,DE-WEB-01,C004376,VM-ACC-0004,2,175.45,0.0,EUR
SO-2024-005230,1,2024-05-13,2024-05-16,DE-WEB-01,C002576,VM-BIK-0007,1,1585.83,0.0,EUR
SO-2024-005231,1,2024-05-13,2024-05-17,DE-WEB-01,C008503,VM-ACC-0017,2,13.04,0.0,EUR
SO-2024-005232,1,2024-05-14,2024-05-14,PL-WAW-01,,VM-ACC-0007,1,352.79,0.0,PLN
SO-2024-005233,1,2024-05-14,2024-05-14,PL-WAW-01,C008076,VM-APP-0018,2,127.39,0.0,PLN
SO-2024-005234,1,2024-05-14,2024-05-14,PL-WAW-02,C008504,VM-ACC-0002,1,597.79,0.0,PLN
SO-2024-005234,2,2024-05-14,2024-05-14,PL-WAW-02,C008504,VM-ACC-0006,2,930.99,0.0,PLN
SO-2024-005235,1,2024-05-14,2024-05-14,PL-WAW-02,C008505,VM-CMP-0011,2,156.79,0.0,PLN
SO-2024-005235,2,2024-05-14,2024-05-14,PL-WAW-02,C008505,VM-ACC-0008,2,391.99,0.0,PLN
SO-2024-005236,1,2024-05-14,2024-05-14,PL-KRK-01,,VM-ACC-0010,1,244.99,0.1,PLN
SO-2024-005237,1,2024-05-14,2024-05-14,PL-KRK-01,C008506,VM-BIK-0012,1,11573.79,0.0,PLN
SO-2024-005237,2,2024-05-14,2024-05-14,PL-KRK-01,C008506,VM-ACC-0008,2,391.99,0.0,PLN
SO-2024-005238,1,2024-05-14,2024-05-14,PL-KRK-01,C005296,VM-BIK-0002,1,9437.39,0.0,PLN
SO-2024-005239,1,2024-05-14,2024-05-14,PL-KRK-01,C008507,VM-ACC-0007,1,352.79,0.0,PLN
SO-2024-005239,2,2024-05-14,2024-05-14,PL-KRK-01,C008507,VM-CMP-0008,2,431.19,0.0,PLN
SO-2024-005239,3,2024-05-14,2024-05-14,PL-KRK-01,C008507,VM-NUT-0002,7,14.69,0.0,PLN
SO-2024-005240,1,2024-05-14,2024-05-14,PL-KRK-01,C008508,VM-NUT-0007,7,12.73,0.0,PLN
SO-2024-005241,1,2024-05-14,2024-05-14,PL-WRO-01,,VM-BIK-0009,1,5527.19,0.0,PLN
SO-2024-005242,1,2024-05-14,2024-05-14,PL-WRO-01,,VM-APP-0006,2,303.79,0.0,PLN
SO-2024-005242,2,2024-05-14,2024-05-14,PL-WRO-01,,VM-ACC-0007,2,352.79,0.0,PLN
SO-2024-005242,3,2024-05-14,2024-05-14,PL-WRO-01,,VM-EBK-0007,1,14405.99,0.0,PLN
SO-2024-005243,1,2024-05-14,2024-05-14,PL-WRO-01,C008509,VM-CMP-0002,1,548.79,0.0,PLN
SO-2024-005244,1,2024-05-14,2024-05-14,PL-WRO-01,C008510,VM-CMP-0020,3,254.79,0.0,PLN
SO-2024-005244,2,2024-05-14,2024-05-14,PL-WRO-01,C008510,VM-BIK-0002,1,9437.39,0.0,PLN
SO-2024-005244,3,2024-05-14,2024-05-14,PL-WRO-01,C008510,VM-EBK-0011,1,14347.19,0.0,PLN
SO-2024-005245,1,2024-05-14,2024-05-14,PL-GDN-01,,VM-CMP-0016,1,2410.79,0.0,PLN
SO-2024-005246,1,2024-05-14,2024-05-14,PL-GDN-01,C008511,VM-BIK-0007,1,6908.99,0.1,PLN
SO-2024-005247,1,2024-05-14,2024-05-14,PL-GDN-01,C008512,VM-BIK-0009,1,5527.19,0.05,PLN
SO-2024-005248,1,2024-05-14,2024-05-14,PL-GDN-01,C008513,VM-APP-0015,1,558.59,0.0,PLN
SO-2024-005248,2,2024-05-14,2024-05-14,PL-GDN-01,C008513,VM-BIK-0007,1,6908.99,0.0,PLN
SO-2024-005249,1,2024-05-14,2024-05-14,PL-GDN-01,,VM-CMP-0008,2,431.19,0.0,PLN
SO-2024-005249,2,2024-05-14,2024-05-14,PL-GDN-01,,VM-CMP-0001,2,391.99,0.0,PLN
SO-2024-005249,3,2024-05-14,2024-05-14,PL-GDN-01,,VM-APP-0014,1,480.19,0.0,PLN
SO-2024-005250,1,2024-05-14,2024-05-14,PL-GDN-01,C008514,VM-NUT-0004,13,6.85,0.0,PLN
SO-2024-005251,1,2024-05-14,2024-05-14,PL-POZ-01,,VM-NUT-0004,15,6.85,0.0,PLN
SO-2024-005251,2,2024-05-14,2024-05-14,PL-POZ-01,,VM-APP-0014,1,480.19,0.0,PLN
SO-2024-005252,1,2024-05-14,2024-05-14,PL-POZ-01,,VM-CMP-0017,1,489.99,0.0,PLN
SO-2024-005252,2,2024-05-14,2024-05-14,PL-POZ-01,,VM-NUT-0009,1,83.29,0.0,PLN
SO-2024-005252,3,2024-05-14,2024-05-14,PL-POZ-01,,VM-APP-0010,1,166.59,0.0,PLN
SO-2024-005252,4,2024-05-14,2024-05-14,PL-POZ-01,,vm-ebk-0002,1,9750.99,0.0,PLN
SO-2024-005253,1,2024-05-14,2024-05-14,PL-POZ-01,,VM-APP-0001,3,450.79,0.0,PLN
SO-2024-005253,2,2024-05-14,2024-05-14,PL-POZ-01,,VM-CMP-0013,1,519.39,0.0,PLN
SO-2024-005253,3,2024-05-14,2024-05-14,PL-POZ-01,,VM-EBK-0010,1,13220.19,0.0,PLN
SO-2024-005254,1,2024-05-14,2024-05-14,PL-LDZ-01,C001319,VM-CMP-0013,1,519.39,0.0,PLN
SO-2024-005255,1,2024-05-14,2024-05-14,PL-LDZ-01,,VM-APP-0001,2,450.79,0.0,PLN
SO-2024-005255,2,2024-05-14,2024-05-14,PL-LDZ-01,,VM-ACC-0023,1,911.39,0.0,PLN
SO-2024-005256,1,2024-05-14,2024-05-14,PL-LDZ-01,C002411,VM-CMP-0001,2,391.99,0.0,PLN
SO-2024-005256,2,2024-05-14,2024-05-14,PL-LDZ-01,C002411,VM-EBK-0010,1,13220.19,0.0,PLN
SO-2024-005256,3,2024-05-14,2024-05-14,PL-LDZ-01,C002411,VM-APP-0012,1,852.59,0.0,PLN
SO-2024-005257,1,2024-05-14,2024-05-18,PL-WEB-01,C008515,VM-BIK-0001,1,13416.19,0.05,PLN
SO-2024-005258,1,2024-05-14,2024-05-18,PL-WEB-01,C007223,VM-NUT-0002,9,14.69,0.0,PLN
SO-2024-005259,1,2024-05-14,2024-05-18,PL-WEB-01,C008516,VM-CMP-0014,2,421.39,0.0,PLN
SO-2024-005259,2,2024-05-14,2024-05-18,PL-WEB-01,C008516,VM-BIK-0014,1,3753.39,0.0,PLN
SO-2024-005260,1,2024-05-14,2024-05-17,PL-WEB-01,C005456,VM-BIK-0015,1,3028.19,0.0,PLN
SO-2024-005261,1,2024-05-14,2024-05-15,PL-WEB-01,C008517,VM-BIK-0001,1,13416.19,0.1,PLN
SO-2024-005261,2,2024-05-14,2024-05-15,PL-WEB-01,C008517,VM-ACC-0001,1,372.39,0.0,PLN
SO-2024-005261,3,2024-05-14,2024-05-15,PL-WEB-01,C008517,VM-NUT-0003,9,10.77,0.0,PLN
SO-2024-005262,1,2024-05-14,2024-05-15,PL-WEB-01,C000080,VM-EBK-0007,4,14405.99,0.1,PLN
SO-2024-005262,2,2024-05-14,2024-05-15,PL-WEB-01,C000080,VM-ACC-0001,3,372.39,0.1,PLN
SO-2024-005262,3,2024-05-14,2024-05-15,PL-WEB-01,C000080,VM-ACC-0013,2,166.59,0.1,PLN
SO-2024-005263,1,2024-05-14,2024-05-15,PL-WEB-01,C008339,VM-BIK-0001,1,13416.19,0.0,PLN
SO-2024-005264,1,2024-05-14,2024-05-15,PL-WEB-01,C007160,VM-BIK-0011,1,8476.99,0.05,PLN
SO-2024-005265,1,2024-05-14,2024-05-15,PL-WEB-01,C008518,VM-NUT-0004,9,6.85,0.0,PLN
SO-2024-005265,2,2024-05-14,2024-05-15,PL-WEB-01,C008518,VM-APP-0008,2,156.79,0.0,PLN
SO-2024-005265,3,2024-05-14,2024-05-15,PL-WEB-01,C008518,VM-BIK-0007,1,6908.99,0.0,PLN
SO-2024-005265,4,2024-05-14,2024-05-15,PL-WEB-01,C008518,VM-APP-0016,1,597.79,0.0,PLN
SO-2024-005266,1,2024-05-14,2024-05-15,PL-WEB-01,C008519,VM-BIK-0002,1,9437.39,0.0,PLN
SO-2024-005266,2,2024-05-14,2024-05-15,PL-WEB-01,C008519,VM-ACC-0008,1,391.99,0.0,PLN
SO-2024-005267,1,2024-05-14,2024-05-18,PL-WEB-01,C008520,VM-BIK-0012,1,11573.79,0.0,PLN
SO-2024-005267,2,2024-05-14,2024-05-18,PL-WEB-01,C008520,VM-ACC-0008,1,391.99,0.0,PLN
SO-2024-005268,1,2024-05-14,2024-05-15,PL-WEB-01,C008521,VM-ACC-0007,1,352.79,0.0,PLN
SO-2024-005268,2,2024-05-14,2024-05-15,PL-WEB-01,C008521,VM-APP-0012,1,852.59,0.0,PLN
SO-2024-005269,1,2024-05-14,2024-05-15,PL-MKT-01,C008522,VM-APP-0013,1,431.19,0.0,PLN
SO-2024-005270,1,2024-05-14,2024-05-16,PL-MKT-01,C005715,VM-BIK-0009,1,5527.19,0.0,PLN
SO-2024-005271,1,2024-05-14,2024-05-18,PL-MKT-01,C008523,VM-CMP-0008,2,431.19,0.0,PLN
SO-2024-005271,2,2024-05-14,2024-05-18,PL-MKT-01,C008523,VM-NUT-0003,15,10.77,0.0,PLN
SO-2024-005272,1,2024-05-14,2024-05-18,PL-MKT-01,C008524,VM-APP-0001,2,450.79,0.0,PLN
SO-2024-005273,1,2024-05-14,2024-05-16,PL-MKT-01,C008249,VM-BIK-0003,1,6409.19,0.0,PLN
SO-2024-005273,2,2024-05-14,2024-05-16,PL-MKT-01,C008249,VM-ACC-0008,2,391.99,0.0,PLN
SO-2024-005274,1,2024-05-14,2024-05-15,PL-MKT-01,C003795,VM-APP-0012,4,852.59,0.12,PLN
SO-2024-005274,2,2024-05-14,2024-05-15,PL-MKT-01,C003795,VM-ACC-0013,2,166.59,0.08,PLN
SO-2024-005275,1,2024-05-14,2024-05-17,PL-MKT-01,C005761,VM-NUT-0005,12,8.81,0.1,PLN
SO-2024-005276,1,2024-05-14,2024-05-16,PL-MKT-01,C008525,VM-ACC-0019,1,48.99,0.0,PLN
SO-2024-005277,1,2024-05-14,2024-05-16,PL-MKT-01,C008526,VM-BIK-0017,1,1871.79,0.0,PLN
SO-2024-005278,1,2024-05-14,2024-05-15,PL-MKT-01,C008527,VM-ACC-0008,2,391.99,0.0,PLN
SO-2024-005278,2,2024-05-14,2024-05-15,PL-MKT-01,C008527,VM-EBK-0010,1,13220.19,0.0,PLN
SO-2024-005279,1,2024-05-14,2024-05-15,PL-MKT-01,C001727,VM-NUT-0004,6,6.85,0.0,PLN
SO-2024-005279,2,2024-05-14,2024-05-15,PL-MKT-01,C001727,VM-BIK-0002,1,9437.39,0.0,PLN
SO-2024-005279,3,2024-05-14,2024-05-15,PL-MKT-01,C001727,VM-CMP-0006,2,195.99,0.0,PLN
SO-2024-005280,1,2024-05-14,2024-05-14,CZ-PRG-01,C006630,VM-BIK-0013,3,25860.0,0.08,CZK
SO-2024-005281,1,2024-05-14,2024-05-14,CZ-PRG-01,,VM-APP-0003,1,1670.0,0.0,CZK
SO-2024-005281,2,2024-05-14,2024-05-14,CZ-PRG-01,, VM-BIK-0009 ,1,30386.0,0.0,CZK
SO-2024-005282,1,2024-05-14,2024-05-18,CZ-WEB-01,C007860,VM-ACC-0011,1,388.0,0.0,CZK
SO-2024-005283,1,2024-05-14,2024-05-14,DE-BER-01,C008528,VM-BIK-0017,1,429.63,0.0,EUR
SO-2024-005284,1,2024-05-14,2024-05-14,DE-BER-01,C008529,VM-NUT-0001,3,2.02,0.0,EUR
SO-2024-005284,2,2024-05-14,2024-05-14,DE-BER-01,C008529,VM-NUT-0009,4,19.12,0.0,EUR
SO-2024-005285,1,2024-05-14,2024-05-14,DE-BER-01,,VM-BIK-0019,1,272.18,0.0,EUR
SO-2024-005285,2,2024-05-14,2024-05-14,DE-BER-01,,VM-ACC-0008,2,89.97,0.0,EUR
SO-2024-005286,1,2024-05-14,2024-05-14,DE-BER-01,C008530,VM-EBK-0011,1,3293.13,0.0,EUR
SO-2024-005287,1,2024-05-14,2024-05-16,DE-WEB-01,C008531,VM-APP-0001,2,103.47,0.0,EUR
SO-2024-005288,1,2024-05-14,2024-05-15,DE-WEB-01,C002481,VM-NUT-0009,3,19.12,0.05,EUR
SO-2024-005289,1,2024-05-14,2024-05-16,DE-WEB-01,C008532,VM-BIK-0017,1,429.63,0.0,EUR
SO-2024-005290,1,2024-05-14,2024-05-15,DE-WEB-01,C008224,VM-ACC-0003,1,65.23,0.0,EUR
SO-2024-005290,2,2024-05-14,2024-05-15,DE-WEB-01,C008224,VM-BIK-0007,1,1585.83,0.0,EUR
SO-2024-005291,1,2024-05-14,2024-05-18,DE-WEB-01,C008533,VM-APP-0001,1,103.47,0.0,EUR
SO-2024-005292,1,2024-05-14,2024-05-18,DE-WEB-01,C008534,VM-ACC-0020,1,182.2,0.0,EUR
SO-2024-005292,2,2024-05-14,2024-05-18,DE-WEB-01,C008534,VM-EBK-0009,1,2229.16,0.0,EUR
SO-2024-005293,1,2024-05-15,2024-05-15,PL-WAW-01,,VM-APP-0005,3,176.39,0.0,PLN
SO-2024-005294,1,2024-05-15,2024-05-15,PL-WAW-01,C005322,VM-NUT-0004,13,6.85,0.0,PLN
SO-2024-005294,2,2024-05-15,2024-05-15,PL-WAW-01,C005322,VM-ACC-0018,3,48.99,0.0,PLN
SO-2024-005295,1,2024-05-15,2024-05-15,PL-WAW-01,C007161,VM-ACC-0005,2,176.39,0.0,PLN
SO-2024-005296,1,2024-05-15,2024-05-15,PL-WAW-01,,VM-CMP-0015,2,901.59,0.0,PLN
SO-2024-005296,2,2024-05-15,2024-05-15,PL-WAW-01,,VM-CMP-0004,2,705.59,0.0,PLN
SO-2024-005296,3,2024-05-15,2024-05-15,PL-WAW-01,,VM-NUT-0003,5,10.77,0.0,PLN
SO-2024-005297,1,2024-05-15,2024-05-15,PL-WAW-02,, VM-NUT-0005 ,5,8.81,0.0,PLN
SO-2024-005297,2,2024-05-15,2024-05-15,PL-WAW-02,,VM-NUT-0001,9,8.81,0.0,PLN
SO-2024-005297,3,2024-05-15,2024-05-15,PL-WAW-02,,VM-BIK-0013,1,4703.99,0.0,PLN
SO-2024-005298,1,2024-05-15,2024-05-15,PL-WAW-02,C001384,VM-CMP-0010,2,382.19,0.0,PLN
SO-2024-005298,2,2024-05-15,2024-05-15,PL-WAW-02,C001384,VM-BIK-0018,1,2351.99,0.0,PLN
SO-2024-005298,3,2024-05-15,2024-05-15,PL-WAW-02,C001384,VM-ACC-0021,1,764.39,0.0,PLN
SO-2024-005299,1,2024-05-15,2024-05-15,PL-WAW-02,C008535,VM-APP-0010,1,166.59,0.0,PLN
SO-2024-005299,2,2024-05-15,2024-05-15,PL-WAW-02,C008535,VM-NUT-0001,3,8.81,0.0,PLN
SO-2024-005300,1,2024-05-15,2024-05-15,PL-WAW-02,C004081,VM-APP-0020,2,176.39,0.0,PLN
SO-2024-005300,2,2024-05-15,2024-05-15,PL-WAW-02,C004081,VM-CMP-0013,1,519.39,0.0,PLN
SO-2024-005301,1,2024-05-15,2024-05-15,PL-WAW-02,C008536,VM-CMP-0009,1,342.99,0.05,PLN
SO-2024-005302,1,2024-05-15,2024-05-15,PL-WAW-02,C008537,VM-CMP-0010,2,382.19,0.0,PLN
SO-2024-005302,2,2024-05-15,2024-05-15,PL-WAW-02,C008537,VM-CMP-0022,1,35.27,0.0,PLN
SO-2024-005302,3,2024-05-15,2024-05-15,PL-WAW-02,C008537,VM-NUT-0001,9,8.81,0.0,PLN
SO-2024-005303,1,2024-05-15,2024-05-15,PL-KRK-01,C008538,VM-ACC-0008,4,391.99,0.1,PLN
SO-2024-005304,1,2024-05-15,2024-05-15,PL-KRK-01,C008539,VM-APP-0010,2,166.59,0.05,PLN
SO-2024-005305,1,2024-05-15,2024-05-15,PL-KRK-01,,VM-NUT-0003,10,10.77,0.0,PLN
SO-2024-005305,2,2024-05-15,2024-05-15,PL-KRK-01,,VM-BIK-0018,1,2351.99,0.05,PLN
SO-2024-005305,3,2024-05-15,2024-05-15,PL-KRK-01,,VM-ACC-0022,1,1538.59,0.0,PLN
SO-2024-005306,1,2024-05-15,2024-05-15,PL-KRK-01,C008540,VM-CMP-0006,1,195.99,0.0,PLN
SO-2024-005306,2,2024-05-15,2024-05-15,PL-KRK-01,C008540,VM-APP-0006,3,303.79,0.0,PLN
SO-2024-005306,3,2024-05-15,2024-05-15,PL-KRK-01,C008540,VM-EBK-0008,1,14797.99,0.0,PLN
SO-2024-005307,1,2024-05-15,2024-05-15,PL-KRK-01,C008541,VM-NUT-0006,9,9.79,0.0,PLN
SO-2024-005308,1,2024-05-15,2024-05-15,PL-KRK-01,C008542,VM-APP-0001,2,450.79,0.0,PLN
SO-2024-005308,2,2024-05-15,2024-05-15,PL-KRK-01,C008542,VM-BIK-0020,1,1185.79,0.0,PLN
SO-2024-005308,3,2024-05-15,2024-05-15,PL-KRK-01,C008542,VM-ACC-0001,2,372.39,0.0,PLN
SO-2024-005308,4,2024-05-15,2024-05-15,PL-KRK-01,C008542,VM-APP-0003,2,303.79,0.0,PLN
SO-2024-005309,1,2024-05-15,2024-05-15,PL-KRK-01,C006068,VM-ACC-0019,3,48.99,0.05,PLN
SO-2024-005310,1,2024-05-15,2024-05-15,PL-WRO-01,,VM-ACC-0014,1,107.79,0.0,PLN
SO-2024-005310,2,2024-05-15,2024-05-15,PL-WRO-01,,VM-NUT-0004,9,6.85,0.0,PLN
SO-2024-005311,1,2024-05-15,2024-05-15,PL-GDN-01,,VM-ACC-0020,1,793.79,0.0,PLN
SO-2024-005311,2,2024-05-15,2024-05-15,PL-GDN-01,,VM-APP-0006,1,303.79,0.0,PLN
SO-2024-005312,1,2024-05-15,2024-05-15,PL-GDN-01,,VM-ACC-0008,2,391.99,0.0,PLN
SO-2024-005313,1,2024-05-15,2024-05-15,PL-POZ-01,C001428,VM-ACC-0014,2,107.79,0.08,PLN
SO-2024-005313,2,2024-05-15,2024-05-15,PL-POZ-01,C001428,VM-CMP-0022,16,35.27,0.12,PLN
SO-2024-005314,1,2024-05-15,2024-05-15,PL-POZ-01,C000574,VM-APP-0009,2,342.99,0.0,PLN
SO-2024-005314,2,2024-05-15,2024-05-15,PL-POZ-01,C000574,VM-BIK-0001,1,13416.19,0.0,PLN
SO-2024-005315,1,2024-05-15,2024-05-15,PL-LDZ-01,,VM-CMP-0006,2,195.99,0.0,PLN
SO-2024-005316,1,2024-05-15,2024-05-15,PL-LDZ-01,,VM-NUT-0006,5,9.79,0.0,PLN
SO-2024-005316,2,2024-05-15,2024-05-15,PL-LDZ-01,,VM-ACC-0013,1,166.59,0.0,PLN
SO-2024-005317,1,2024-05-15,2024-05-15,PL-LDZ-01,C008543,VM-NUT-0005,11,8.81,0.0,PLN
SO-2024-005318,1,2024-05-15,2024-05-19,PL-WEB-01,C008544,VM-APP-0010,1,166.59,0.0,PLN
SO-2024-005318,2,2024-05-15,2024-05-19,PL-WEB-01,C008544,VM-NUT-0003,4,10.77,0.0,PLN
SO-2024-005319,1,2024-05-15,2024-05-19,PL-WEB-01,C008545,VM-NUT-0007,9,12.73,0.0,PLN
SO-2024-005320,1,2024-05-15,2024-05-18,PL-WEB-01,C008546,VM-CMP-0012,2,529.19,0.0,PLN
SO-2024-005321,1,2024-05-15,2024-05-17,PL-WEB-01,C007287,VM-EBK-0007,3,14405.99,0.1,PLN
SO-2024-005321,2,2024-05-15,2024-05-17,PL-WEB-01,C007287,VM-ACC-0008,5,391.99,0.08,PLN
SO-2024-005322,1,2024-05-15,2024-05-17,PL-WEB-01,C007699,VM-BIK-0016,1,3518.19,0.0,PLN
SO-2024-005322,2,2024-05-15,2024-05-17,PL-WEB-01,C007699,VM-BIK-0007,1,6908.99,0.0,PLN
SO-2024-005322,3,2024-05-15,2024-05-17,PL-WEB-01,C007699,VM-ACC-0014,1,107.79,0.0,PLN
SO-2024-005323,1,2024-05-15,2024-05-19,PL-WEB-01,C007052,VM-CMP-0017,1,489.99,0.1,PLN
SO-2024-005323,2,2024-05-15,2024-05-19,PL-WEB-01,C007052,VM-BIK-0009,1,5527.19,0.0,PLN
SO-2024-005324,1,2024-05-15,2024-05-18,PL-WEB-01,C008547,VM-APP-0013,1,431.19,0.0,PLN
SO-2024-005324,2,2024-05-15,2024-05-18,PL-WEB-01,C008547,VM-BIK-0014,1,3753.39,0.0,PLN
SO-2024-005325,1,2024-05-15,2024-05-19,PL-WEB-01,C000562,VM-BIK-0003,1,6409.19,0.0,PLN
SO-2024-005325,2,2024-05-15,2024-05-19,PL-WEB-01,C000562,VM-ACC-0015,1,342.99,0.0,PLN
SO-2024-005326,1,2024-05-15,2024-05-19,PL-WEB-01,C008548,VM-CMP-0019,1,205.79,0.05,PLN
SO-2024-005326,2,2024-05-15,2024-05-19,PL-WEB-01,C008548,vm-acc-0002,1,597.79,0.05,PLN
SO-2024-005326,3,2024-05-15,2024-05-19,PL-WEB-01,C008548,VM-ACC-0008,2,391.99,0.05,PLN
SO-2024-005327,1,2024-05-15,2024-05-16,PL-WEB-01,C008549,VM-NUT-0007,8,12.73,0.0,PLN
SO-2024-005327,2,2024-05-15,2024-05-16,PL-WEB-01,C008549,VM-ACC-0006,2,930.99,0.0,PLN
SO-2024-005328,1,2024-05-15,2024-05-18,PL-WEB-01,C007722,VM-BIK-0012,1,11573.79,0.05,PLN
SO-2024-005329,1,2024-05-15,2024-05-17,PL-WEB-01,C000878,VM-CMP-0009,1,342.99,0.0,PLN
SO-2024-005329,2,2024-05-15,2024-05-17,PL-WEB-01,C000878,VM-APP-0006,2,303.79,0.0,PLN
SO-2024-005330,1,2024-05-15,2024-05-17,PL-WEB-01,C008550,VM-NUT-0004,10,6.85,0.0,PLN
SO-2024-005330,2,2024-05-15,2024-05-17,PL-WEB-01,C008550,VM-APP-0002,3,431.19,0.0,PLN
SO-2024-005331,1,2024-05-15,2024-05-18,PL-WEB-01,C008551,VM-BIK-0020,1,1185.79,0.0,PLN
SO-2024-005331,2,2024-05-15,2024-05-18,PL-WEB-01,C008551,VM-EBK-0003,1,8908.19,0.0,PLN
SO-2024-005332,1,2024-05-15,2024-05-16,PL-WEB-01,C006864,VM-ACC-0021,1,764.39,0.0,PLN
SO-2024-005332,2,2024-05-15,2024-05-16,PL-WEB-01,C006864,VM-BIK-0004,1,4184.59,0.0,PLN
SO-2024-005333,1,2024-05-15,2024-05-16,PL-WEB-01,C007116,VM-BIK-0007,1,6908.99,0.0,PLN
SO-2024-005333,2,2024-05-15,2024-05-16,PL-WEB-01,C007116, VM-ACC-0012 ,1,70.55,0.0,PLN
SO-2024-005333,3,2024-05-15,2024-05-16,PL-WEB-01,C007116,VM-ACC-0018,3,48.99,0.0,PLN
SO-2024-005334,1,2024-05-15,2024-05-17,PL-WEB-01,C000371,VM-NUT-0002,12,14.69,0.0,PLN
SO-2024-005334,2,2024-05-15,2024-05-17,PL-WEB-01,C000371,VM-ACC-0005,1,176.39,0.0,PLN
SO-2024-005335,1,2024-05-15,2024-05-17,PL-WEB-01,C001319,VM-NUT-0005,8,8.81,0.0,PLN
SO-2024-005335,2,2024-05-15,2024-05-17,PL-WEB-01,C001319,VM-BIK-0021,1,1224.99,0.0,PLN
SO-2024-005336,1,2024-05-15,2024-05-17,PL-MKT-01,C006390,VM-BIK-0022,1,1371.99,0.0,PLN
SO-2024-005337,1,2024-05-15,2024-05-17,PL-MKT-01,C008552,VM-NUT-0002,8,14.69,0.05,PLN
SO-2024-005337,2,2024-05-15,2024-05-17,PL-MKT-01,C008552,VM-BIK-0003,1,6409.19,0.05,PLN
SO-2024-005338,1,2024-05-15,2024-05-18,PL-MKT-01,C008553,VM-ACC-0008,2,391.99,0.0,PLN
SO-2024-005338,2,2024-05-15,2024-05-18,PL-MKT-01,C008553,VM-NUT-0003,15,10.77,0.0,PLN
SO-2024-005338,3,2024-05-15,2024-05-18,PL-MKT-01,C008553,VM-BIK-0011,1,8476.99,0.0,PLN
SO-2024-005339,1,2024-05-15,2024-05-16,PL-MKT-01,C008554,VM-BIK-0007,1,6908.99,0.0,PLN
SO-2024-005339,2,2024-05-15,2024-05-16,PL-MKT-01,C008554,VM-ACC-0007,2,352.79,0.0,PLN
SO-2024-005340,1,2024-05-15,2024-05-18,PL-MKT-01,C007772,VM-CMP-0008,1,431.19,0.0,PLN
SO-2024-005340,2,2024-05-15,2024-05-18,PL-MKT-01,C007772,VM-CMP-0021,1,47.03,0.0,PLN
SO-2024-005341,1,2024-05-15,2024-05-17,PL-MKT-01,C003955,VM-BIK-0009,5,5527.19,0.1,PLN
SO-2024-005342,1,2024-05-15,2024-05-16,PL-MKT-01,C008297,VM-CMP-0014,2,421.39,0.0,PLN
SO-2024-005343,1,2024-05-15,2024-05-18,PL-MKT-01,C001855,VM-BIK-0004,1,4184.59,0.0,PLN
SO-2024-005344,1,2024-05-15,2024-05-18,PL-MKT-01,C000707,VM-APP-0020,1,176.39,0.05,PLN
SO-2024-005344,2,2024-05-15,2024-05-18,PL-MKT-01,C000707,VM-EBK-0007,1,14405.99,0.0,PLN
SO-2024-005344,3,2024-05-15,2024-05-18,PL-MKT-01,C000707,VM-CMP-0010,1,382.19,0.0,PLN
SO-2024-005345,1,2024-05-15,2024-05-16,PL-MKT-01,C008508,VM-ACC-0020,1,793.79,0.0,PLN
SO-2024-005345,2,2024-05-15,2024-05-16,PL-MKT-01,C008508,VM-NUT-0003,13,10.77,0.0,PLN
SO-2024-005346,1,2024-05-15,2024-05-18,PL-MKT-01,C000903,VM-BIK-0007,1,6908.99,0.0,PLN
SO-2024-005347,1,2024-05-15,2024-05-17,PL-MKT-01,C006250, VM-APP-0002 ,4,431.19,0.12,PLN
SO-2024-005347,2,2024-05-15,2024-05-17,PL-MKT-01,C006250,VM-BIK-0016,5,3518.19,0.08,PLN
SO-2024-005348,1,2024-05-15,2024-05-15,CZ-PRG-01,C003630,VM-NUT-0004,8,38.0,0.0,CZK
SO-2024-005348,2,2024-05-15,2024-05-15,CZ-PRG-01,C003630,VM-BIK-0018,1,12930.0,0.05,CZK
SO-2024-005349,1,2024-05-15,2024-05-15,CZ-PRG-01,C008555,VM-APP-0006,2,1670.0,0.0,CZK
SO-2024-005349,2,2024-05-15,2024-05-15,CZ-PRG-01,C008555,VM-ACC-0014,1,593.0,0.1,CZK
SO-2024-005350,1,2024-05-15,2024-05-15,CZ-PRG-01,C008556,VM-APP-0013,1,2370.0,0.0,CZK
SO-2024-005351,1,2024-05-15,2024-05-16,CZ-WEB-01,C008557,VM-CMP-0015,1,4957.0,0.0,CZK
SO-2024-005352,1,2024-05-15,2024-05-18,CZ-WEB-01,C007467,VM-BIK-0019,1,6519.0,0.0,CZK
SO-2024-005353,1,2024-05-15,2024-05-17,CZ-WEB-01,C008558,VM-ACC-0014,1,593.0,0.0,CZK
SO-2024-005354,1,2024-05-15,2024-05-17,CZ-WEB-01,C008559,VM-EBK-0002,1,53606.0,0.0,CZK
SO-2024-005354,2,2024-05-15,2024-05-17,CZ-WEB-01,C008559,VM-ACC-0010,2,1347.0,0.0,CZK
SO-2024-005354,3,2024-05-15,2024-05-17,CZ-WEB-01,C008559,VM-ACC-0013,1,916.0,0.0,CZK
SO-2024-005355,1,2024-05-15,2024-05-15,DE-BER-01,C004760,VM-EBK-0002,1,2238.16,0.0,EUR
SO-2024-005355,2,2024-05-15,2024-05-15,DE-BER-01,C004760,VM-ACC-0005,2,40.49,0.1,EUR
SO-2024-005356,1,2024-05-15,2024-05-15,DE-BER-01,C008560,VM-APP-0007,2,35.99,0.0,EUR
SO-2024-005356,2,2024-05-15,2024-05-15,DE-BER-01,C008560,VM-EBK-0010,1,3034.45,0.0,EUR
SO-2024-005357,1,2024-05-15,2024-05-15,DE-BER-01,C008561,VM-NUT-0006,3,2.25,0.0,EUR
SO-2024-005357,2,2024-05-15,2024-05-15,DE-BER-01,C008561,VM-APP-0009,2,78.73,0.0,EUR
SO-2024-005357,3,2024-05-15,2024-05-15,DE-BER-01,C008561,VM-BIK-0021,1,281.17,0.0,EUR
SO-2024-005358,1,2024-05-15,2024-05-15,DE-BER-01,C006551,VM-APP-0002,2,98.97,0.05,EUR
SO-2024-005359,1,2024-05-15,2024-05-18,DE-WEB-01,C008562,VM-APP-0009,2,78.73,0.0,EUR
SO-2024-005359,2,2024-05-15,2024-05-18,DE-WEB-01,C008562,VM-ACC-0007,2,80.98,0.0,EUR
SO-2024-005359,3,2024-05-15,2024-05-18,DE-WEB-01,C008562,VM-BIK-0017,1,429.63,0.05,EUR
SO-2024-005360,1,2024-05-15,2024-05-18,DE-WEB-01,C008563,VM-APP-0020,10,40.49,0.08,EUR
SO-2024-005361,1,2024-05-15,2024-05-17,DE-WEB-01,C000785,VM-ACC-0008,2,89.97,0.0,EUR
SO-2024-005362,1,2024-05-15,2024-05-18,DE-WEB-01,C004516,VM-NUT-0002,10,3.37,0.0,EUR
SO-2024-005363,1,2024-05-16,2024-05-16,PL-WAW-01,,vm-nut-0003,14,10.77,0.0,PLN
SO-2024-005363,2,2024-05-16,2024-05-16,PL-WAW-01,,VM-CMP-0019,4,205.79,0.0,PLN
SO-2024-005363,3,2024-05-16,2024-05-16,PL-WAW-01,,VM-CMP-0002,2,548.79,0.0,PLN
SO-2024-005364,1,2024-05-16,2024-05-16,PL-WAW-01,C008311,VM-APP-0013,1,431.19,0.0,PLN
SO-2024-005365,1,2024-05-16,2024-05-16,PL-WAW-01,C004255,VM-ACC-0014,1,107.79,0.0,PLN
SO-2024-005366,1,2024-05-16,2024-05-16,PL-WAW-01,C008564,VM-ACC-0006,2,930.99,0.05,PLN
SO-2024-005367,1,2024-05-16,2024-05-16,PL-WAW-01,C008565, VM-NUT-0006 ,9,9.79,0.0,PLN
SO-2024-005367,2,2024-05-16,2024-05-16,PL-WAW-01,C008565,VM-BIK-0005,1,7261.79,0.0,PLN
SO-2024-005368,1,2024-05-16,2024-05-16,PL-WAW-02,,VM-CMP-0002,2,548.79,0.0,PLN
SO-2024-005369,1,2024-05-16,2024-05-16,PL-WAW-02,C001840,VM-NUT-0004,12,6.85,0.0,PLN
SO-2024-005369,2,2024-05-16,2024-05-16,PL-WAW-02,C001840,VM-BIK-0020,1,1185.79,0.0,PLN
SO-2024-005369,3,2024-05-16,2024-05-16,PL-WAW-02,C001840,VM-APP-0010,2,166.59,0.0,PLN
SO-2024-005369,4,2024-05-16,2024-05-16,PL-WAW-02,C001840,VM-BIK-0021,1,1224.99,0.0,PLN
SO-2024-005370,1,2024-05-16,2024-05-16,PL-WAW-02,C008566,VM-NUT-0004,13,6.85,0.0,PLN
SO-2024-005371,1,2024-05-16,2024-05-16,PL-WAW-02,C007439,VM-BIK-0012,1,11573.79,0.05,PLN
SO-2024-005371,2,2024-05-16,2024-05-16,PL-WAW-02,C007439,VM-BIK-0007,1,6908.99,0.05,PLN
SO-2024-005372,1,2024-05-16,2024-05-16,PL-KRK-01,,VM-NUT-0006,11,9.79,0.0,PLN
SO-2024-005373,1,2024-05-16,2024-05-16,PL-KRK-01,,VM-NUT-0004,12,6.85,0.0,PLN
SO-2024-005374,1,2024-05-16,2024-05-16,PL-WRO-01,,VM-APP-0001,2,450.79,0.0,PLN
SO-2024-005374,2,2024-05-16,2024-05-16,PL-WRO-01,,VM-BIK-0004,1,4184.59,0.0,PLN
SO-2024-005375,1,2024-05-16,2024-05-16,PL-WRO-01,C008567,VM-NUT-0006,8,9.79,0.0,PLN
SO-2024-005376,1,2024-05-16,2024-05-16,PL-WRO-01,C008568,VM-APP-0008,2,156.79,0.0,PLN
SO-2024-005377,1,2024-05-16,2024-05-16,PL-GDN-01,C008569,VM-ACC-0008,2,391.99,0.0,PLN
SO-2024-005377,2,2024-05-16,2024-05-16,PL-GDN-01,C008569,VM-NUT-0007,9,12.73,0.0,PLN
SO-2024-005377,3,2024-05-16,2024-05-16,PL-GDN-01,C008569,VM-CMP-0009,1,342.99,0.0,PLN
SO-2024-005377,4,2024-05-16,2024-05-16,PL-GDN-01,C008569,VM-CMP-0014,2,421.39,0.0,PLN
SO-2024-005378,1,2024-05-16,2024-05-16,PL-GDN-01,C006259,VM-ACC-0018,3,48.99,0.0,PLN
SO-2024-005378,2,2024-05-16,2024-05-16,PL-GDN-01,C006259,VM-APP-0002,1,431.19,0.0,PLN
SO-2024-005379,1,2024-05-16,2024-05-16,PL-GDN-01,C008570,VM-BIK-0001,1,13416.19,0.0,PLN
SO-2024-005380,1,2024-05-16,2024-05-16,PL-POZ-01,C003376,VM-NUT-0006,7,9.79,0.0,PLN
SO-2024-005381,1,2024-05-16,2024-05-16,PL-POZ-01,C004567,VM-NUT-0001,7,8.81,0.0,PLN
SO-2024-005382,1,2024-05-16,2024-05-16,PL-POZ-01,C001173,VM-APP-0020,1,176.39,0.0,PLN
SO-2024-005383,1,2024-05-16,2024-05-16,PL-POZ-01,C006375,VM-EBK-0008,4,14797.99,0.1,PLN
SO-2024-005384,1,2024-05-16,2024-05-19,PL-WEB-01,C005621,VM-BIK-0013,1,4703.99,0.0,PLN
SO-2024-005384,2,2024-05-16,2024-05-19,PL-WEB-01,C005621,VM-BIK-0005,1,7261.79,0.0,PLN
SO-2024-005384,3,2024-05-16,2024-05-19,PL-WEB-01,C005621,VM-ACC-0007,2,352.79,0.0,PLN
SO-2024-005385,1,2024-05-16,2024-05-20,PL-WEB-01,C007609,VM-BIK-0022,1,1371.99,0.0,PLN
SO-2024-005386,1,2024-05-16,2024-05-20,PL-WEB-01,C008571,VM-APP-0013,1,431.19,0.0,PLN
SO-2024-005386,2,2024-05-16,2024-05-20,PL-WEB-01,C008571,VM-ACC-0007,2,352.79,0.0,PLN
SO-2024-005386,3,2024-05-16,2024-05-20,PL-WEB-01,C008571,VM-APP-0014,1,480.19,0.0,PLN
SO-2024-005386,4,2024-05-16,2024-05-20,PL-WEB-01,C008571,VM-EBK-0011,1,14347.19,0.0,PLN
SO-2024-005387,1,2024-05-16,2024-05-18,PL-WEB-01,C000292,VM-CMP-0015,2,901.59,0.08,PLN
SO-2024-005388,1,2024-05-16,2024-05-20,PL-WEB-01,C008119,VM-BIK-0013,1,4703.99,0.0,PLN
SO-2024-005389,1,2024-05-16,2024-05-17,PL-WEB-01,C008572,VM-BIK-0012,1,11573.79,0.0,PLN
SO-2024-005389,2,2024-05-16,2024-05-17,PL-WEB-01,C008572,VM-BIK-0019,1,1185.79,0.0,PLN
SO-2024-005390,1,2024-05-16,2024-05-17,PL-WEB-01,C008573,VM-ACC-0018,1,48.99,0.0,PLN
SO-2024-005390,2,2024-05-16,2024-05-17,PL-WEB-01,C008573,VM-NUT-0005,10,8.81,0.0,PLN
SO-2024-005391,1,2024-05-16,2024-05-18,PL-WEB-01,C004143,VM-EBK-0003,1,8908.19,0.0,PLN
SO-2024-005391,2,2024-05-16,2024-05-18,PL-WEB-01,C004143,VM-ACC-0007,2,352.79,0.0,PLN
SO-2024-005391,3,2024-05-16,2024-05-18,PL-WEB-01,C004143,VM-ACC-0008,2,391.99,0.0,PLN
SO-2024-005392,1,2024-05-16,2024-05-20,PL-WEB-01,C008504,VM-CMP-0005,1,1450.39,0.1,PLN
SO-2024-005392,2,2024-05-16,2024-05-20,PL-WEB-01,C008504,vm-bik-0002,1,9437.39,0.0,PLN
SO-2024-005393,1,2024-05-16,2024-05-17,PL-WEB-01,C008574,VM-APP-0009,1,342.99,0.05,PLN
SO-2024-005394,1,2024-05-16,2024-05-20,PL-WEB-01,C006914,VM-CMP-0013,2,519.39,0.0,PLN
SO-2024-005395,1,2024-05-16,2024-05-18,PL-WEB-01,C008506,VM-BIK-0016,1,3518.19,0.0,PLN
SO-2024-005396,1,2024-05-16,2024-05-20,PL-WEB-01,C005457,VM-ACC-0018,3,48.99,0.0,PLN
SO-2024-005397,1,2024-05-16,2024-05-17,PL-WEB-01,C008575,VM-ACC-0010,2,244.99,0.0,PLN
SO-2024-005397,2,2024-05-16,2024-05-17,PL-WEB-01,C008575,vm-bik-0006,1,6458.19,0.0,PLN
SO-2024-005397,3,2024-05-16,2024-05-17,PL-WEB-01,C008575,VM-APP-0006,1,303.79,0.0,PLN
SO-2024-005398,1,2024-05-16,2024-05-18,PL-WEB-01,C008576,VM-ACC-0007,2,352.79,0.0,PLN
SO-2024-005398,2,2024-05-16,2024-05-18,PL-WEB-01,C008576,VM-NUT-0009,2,83.29,0.0,PLN
SO-2024-005399,1,2024-05-16,2024-05-19,PL-WEB-01,C007285,VM-APP-0006,3,303.79,0.0,PLN
SO-2024-005400,1,2024-05-16,2024-05-18,PL-WEB-01,C008577,VM-APP-0013,1,431.19,0.05,PLN
SO-2024-005401,1,2024-05-16,2024-05-19,PL-WEB-01,C003202,VM-APP-0002,3,431.19,0.0,PLN
SO-2024-005402,1,2024-05-16,2024-05-19,PL-WEB-01,C002085,VM-CMP-0007,1,617.39,0.0,PLN
SO-2024-005403,1,2024-05-16,2024-05-20,PL-WEB-01,C007981,VM-BIK-0004,1,4184.59,0.0,PLN
SO-2024-005404,1,2024-05-16,2024-05-19,PL-MKT-01,C006375, VM-CMP-0018 ,12,60.75,0.12,PLN
SO-2024-005405,1,2024-05-16,2024-05-17,PL-MKT-01,C008578,VM-APP-0001,1,450.79,0.0,PLN
SO-2024-005405,2,2024-05-16,2024-05-17,PL-MKT-01,C008578,VM-CMP-0017,1,489.99,0.0,PLN
SO-2024-005406,1,2024-05-16,2024-05-20,PL-MKT-01,C008579,VM-APP-0005,1,176.39,0.0,PLN
SO-2024-005406,2,2024-05-16,2024-05-20,PL-MKT-01,C008579,VM-BIK-0011,1,8476.99,0.0,PLN
SO-2024-005406,3,2024-05-16,2024-05-20,PL-MKT-01,C008579,VM-CMP-0013,2,519.39,0.0,PLN
SO-2024-005406,4,2024-05-16,2024-05-20,PL-MKT-01,C008579,VM-BIK-0013,1,4703.99,0.0,PLN
SO-2024-005407,1,2024-05-16,2024-05-18,PL-MKT-01,C007240,VM-NUT-0003,4,10.77,0.0,PLN
SO-2024-005407,2,2024-05-16,2024-05-18,PL-MKT-01,C007240,VM-BIK-0012,1,11573.79,0.0,PLN
SO-2024-005407,3,2024-05-16,2024-05-18,PL-MKT-01,C007240,VM-EBK-0008,1,14797.99,0.0,PLN
SO-2024-005407,4,2024-05-16,2024-05-18,PL-MKT-01,C007240,VM-ACC-0014,1,107.79,0.0,PLN
SO-2024-005408,1,2024-05-16,2024-05-17,PL-MKT-01,C007310,VM-CMP-0017,5,489.99,0.12,PLN
SO-2024-005408,2,2024-05-16,2024-05-17,PL-MKT-01,C007310,VM-BIK-0001,5,13416.19,0.1,PLN
SO-2024-005408,3,2024-05-16,2024-05-17,PL-MKT-01,C007310,VM-ACC-0017,8,56.83,0.08,PLN
SO-2024-005408,4,2024-05-16,2024-05-17,PL-MKT-01,C007310,VM-BIK-0008,4,5203.79,0.08,PLN
SO-2024-005409,1,2024-05-16,2024-05-20,PL-MKT-01,C006847,VM-ACC-0008,1,391.99,0.0,PLN
SO-2024-005409,2,2024-05-16,2024-05-20,PL-MKT-01,C006847,vm-cmp-0013,1,519.39,0.0,PLN
SO-2024-005410,1,2024-05-16,2024-05-20,PL-MKT-01,C007048,VM-NUT-0010,4,34.29,0.05,PLN
SO-2024-005411,1,2024-05-16,2024-05-16,CZ-PRG-01,,VM-BIK-0012,1,63627.0,0.0,CZK
SO-2024-005412,1,2024-05-16,2024-05-16,CZ-PRG-01,C000896,VM-EBK-0007,1,79197.0,0.05,CZK
SO-2024-005413,1,2024-05-16,2024-05-16,CZ-PRG-01,C000461,VM-NUT-0005,9,48.0,0.0,CZK
SO-2024-005413,2,2024-05-16,2024-05-16,CZ-PRG-01,C000461,VM-ACC-0001,2,2047.0,0.0,CZK
SO-2024-005413,3,2024-05-16,2024-05-16,CZ-PRG-01,C000461,VM-BIK-0003,1,35235.0,0.0,CZK
SO-2024-005414,1,2024-05-16,2024-05-16,CZ-PRG-01,,VM-NUT-0009,1,458.0,0.0,CZK
SO-2024-005415,1,2024-05-16,2024-05-19,CZ-WEB-01,C002499,VM-NUT-0011,2,291.0,0.05,CZK
SO-2024-005415,2,2024-05-16,2024-05-19,CZ-WEB-01,C002499,VM-EBK-0002,1,53606.0,0.05,CZK
SO-2024-005415,3,2024-05-16,2024-05-19,CZ-WEB-01,C002499,VM-ACC-0022,1,8458.0,0.05,CZK
SO-2024-005416,1,2024-05-16,2024-05-20,CZ-WEB-01,C008580,VM-BIK-0017,1,10290.0,0.0,CZK
SO-2024-005416,2,2024-05-16,2024-05-20,CZ-WEB-01,C008580,VM-NUT-0004,8,38.0,0.0,CZK
SO-2024-005417,1,2024-05-16,2024-05-17,CZ-WEB-01,C004497,VM-ACC-0014,1,593.0,0.05,CZK
SO-2024-005418,1,2024-05-16,2024-05-20,CZ-WEB-01,C001885,VM-BIK-0022,1,7543.0,0.0,CZK
SO-2024-005419,1,2024-05-16,2024-05-17,CZ-WEB-01,C008581,VM-BIK-0007,1,37982.0,0.05,CZK
SO-2024-005420,1,2024-05-16,2024-05-19,CZ-WEB-01,C007860,VM-ACC-0003,2,1562.0,0.0,CZK
SO-2024-005420,2,2024-05-16,2024-05-19,CZ-WEB-01,C007860,VM-NUT-0004,13,38.0,0.0,CZK
SO-2024-005421,1,2024-05-16,2024-05-17,CZ-WEB-01,C008582,VM-ACC-0007,1,1939.0,0.05,CZK
SO-2024-005421,2,2024-05-16,2024-05-17,CZ-WEB-01,C008582,VM-ACC-0023,1,5010.0,0.05,CZK
SO-2024-005421,3,2024-05-16,2024-05-17,CZ-WEB-01,C008582,VM-CMP-0005,2,7974.0,0.05,CZK
SO-2024-005421,4,2024-05-16,2024-05-17,CZ-WEB-01,C008582,VM-ACC-0003,2,1562.0,0.05,CZK
SO-2024-005422,1,2024-05-16,2024-05-16,DE-BER-01,C008583,VM-ACC-0020,1,182.2,0.0,EUR
SO-2024-005423,1,2024-05-16,2024-05-16,DE-BER-01,C005546,VM-ACC-0005,1,40.49,0.0,EUR
SO-2024-005423,2,2024-05-16,2024-05-16,DE-BER-01,C005546,VM-BIK-0004,1,960.5,0.0,EUR
SO-2024-005423,3,2024-05-16,2024-05-16,DE-BER-01,C005546,VM-BIK-0012,1,2656.55,0.0,EUR
SO-2024-005423,4,2024-05-16,2024-05-16,DE-BER-01,C005546,VM-APP-0008,2,35.99,0.0,EUR
SO-2024-005424,1,2024-05-16,2024-05-16,DE-BER-01,C001425,VM-CMP-0015,2,206.94,0.0,EUR
SO-2024-005424,2,2024-05-16,2024-05-16,DE-BER-01,C001425,VM-BIK-0001,1,3079.44,0.0,EUR
SO-2024-005424,3,2024-05-16,2024-05-16,DE-BER-01,C001425,VM-APP-0010,2,38.24,0.0,EUR
SO-2024-005424,4,2024-05-16,2024-05-16,DE-BER-01,C001425,VM-CMP-0022,3,8.1,0.0,EUR
SO-2024-005425,1,2024-05-16,2024-05-19,DE-WEB-01,C000121,VM-APP-0012,1,195.7,0.0,EUR
SO-2024-005425,2,2024-05-16,2024-05-19,DE-WEB-01,C000121,VM-CMP-0021,4,10.79,0.0,EUR
SO-2024-005425,3,2024-05-16,2024-05-19,DE-WEB-01,C000121,vm-ebk-0011,1,3293.13,0.0,EUR
SO-2024-005426,1,2024-05-16,2024-05-20,DE-WEB-01,C005031,VM-ACC-0020,1,182.2,0.0,EUR
SO-2024-005427,1,2024-05-16,2024-05-18,DE-WEB-01,C004396,VM-APP-0011,4,92.22,0.12,EUR
SO-2024-005428,1,2024-05-16,2024-05-18,DE-WEB-01,C008584,VM-CMP-0013,1,119.22,0.0,EUR
SO-2024-005429,1,2024-05-16,2024-05-19,DE-WEB-01,C004761,VM-BIK-0012,1,2656.55,0.0,EUR
SO-2024-005429,2,2024-05-16,2024-05-19,DE-WEB-01,C004761,VM-ACC-0002,2,137.21,0.0,EUR
SO-2024-005429,3,2024-05-16,2024-05-19,DE-WEB-01,C004761,VM-BIK-0004,1,960.5,0.0,EUR
SO-2024-005430,1,2024-05-16,2024-05-17,DE-WEB-01,C008585,VM-NUT-0006,10,2.25,0.0,EUR
SO-2024-005431,1,2024-05-16,2024-05-20,DE-WEB-01,C000463,VM-EBK-0011,1,3293.13,0.0,EUR
SO-2024-005432,1,2024-05-17,2024-05-17,PL-WAW-01,C008586,VM-APP-0002,3,431.19,0.0,PLN
SO-2024-005433,1,2024-05-17,2024-05-17,PL-WAW-01,,VM-APP-0003,3,303.79,0.0,PLN
SO-2024-005433,2,2024-05-17,2024-05-17,PL-WAW-01,,VM-EBK-0003,1,8908.19,0.0,PLN
SO-2024-005434,1,2024-05-17,2024-05-17,PL-WAW-01,C008587,VM-BIK-0009,1,5527.19,0.0,PLN
SO-2024-005435,1,2024-05-17,2024-05-17,PL-WAW-02,C001956,VM-NUT-0004,6,6.85,0.0,PLN
SO-2024-005436,1,2024-05-17,2024-05-17,PL-WAW-02,,VM-BIK-0004,1,4184.59,0.0,PLN
SO-2024-005436,2,2024-05-17,2024-05-17,PL-WAW-02,,VM-ACC-0008,1,391.99,0.0,PLN
SO-2024-005436,3,2024-05-17,2024-05-17,PL-WAW-02,,vm-app-0010,2,166.59,0.0,PLN
SO-2024-005437,1,2024-05-17,2024-05-17,PL-WAW-02,,VM-BIK-0012,1,11573.79,0.0,PLN
SO-2024-005437,2,2024-05-17,2024-05-17,PL-WAW-02,,VM-ACC-0008,1,391.99,0.0,PLN
SO-2024-005437,3,2024-05-17,2024-05-17,PL-WAW-02,,VM-CMP-0013,1,519.39,0.0,PLN
SO-2024-005438,1,2024-05-17,2024-05-17,PL-WAW-02,,VM-BIK-0005,1,7261.79,0.0,PLN
SO-2024-005438,2,2024-05-17,2024-05-17,PL-WAW-02,,VM-APP-0008,1,156.79,0.0,PLN
SO-2024-005438,3,2024-05-17,2024-05-17,PL-WAW-02,,VM-ACC-0018,3,48.99,0.0,PLN
SO-2024-005439,1,2024-05-17,2024-05-17,PL-WAW-02,C000894,VM-APP-0016,1,597.79,0.05,PLN
SO-2024-005439,2,2024-05-17,2024-05-17,PL-WAW-02,C000894,VM-BIK-0007,1,6908.99,0.05,PLN
SO-2024-005439,3,2024-05-17,2024-05-17,PL-WAW-02,C000894,VM-NUT-0011,2,52.91,0.05,PLN
SO-2024-005440,1,2024-05-17,2024-05-17,PL-KRK-01,C005538,VM-NUT-0005,3,8.81,0.0,PLN
SO-2024-005441,1,2024-05-17,2024-05-17,PL-KRK-01,,VM-BIK-0007,1,6908.99,0.0,PLN
SO-2024-005442,1,2024-05-17,2024-05-17,PL-KRK-01,,VM-NUT-0004,10,6.85,0.0,PLN
SO-2024-005442,2,2024-05-17,2024-05-17,PL-KRK-01,,VM-ACC-0017,1,56.83,0.0,PLN
SO-2024-005443,1,2024-05-17,2024-05-17,PL-KRK-01,C006477,VM-ACC-0003,4,284.19,0.1,PLN
SO-2024-005443,2,2024-05-17,2024-05-17,PL-KRK-01,C006477,VM-BIK-0013,5,4703.99,0.1,PLN
SO-2024-005444,1,2024-05-17,2024-05-17,PL-KRK-01,C007953,VM-BIK-0007,1,6908.99,0.0,PLN
SO-2024-005444,2,2024-05-17,2024-05-17,PL-KRK-01,C007953,VM-ACC-0018,3,48.99,0.0,PLN
SO-2024-005445,1,2024-05-17,2024-05-17,PL-KRK-01,,VM-EBK-0011,1,14347.19,0.0,PLN
SO-2024-005445,2,2024-05-17,2024-05-17,PL-KRK-01,,VM-ACC-0018,1,48.99,0.0,PLN
SO-2024-005445,3,2024-05-17,2024-05-17,PL-KRK-01,,VM-BIK-0012,1,11573.79,0.0,PLN
SO-2024-005445,4,2024-05-17,2024-05-17,PL-KRK-01,, VM-CMP-0005 ,2,1450.39,0.0,PLN
SO-2024-005446,1,2024-05-17,2024-05-17,PL-KRK-01,C008588,VM-BIK-0008,1,5203.79,0.05,PLN
SO-2024-005446,2,2024-05-17,2024-05-17,PL-KRK-01,C008588,VM-ACC-0007,2,352.79,0.05,PLN
SO-2024-005447,1,2024-05-17,2024-05-17,PL-WRO-01,C007140,VM-ACC-0008,2,391.99,0.0,PLN
SO-2024-005448,1,2024-05-17,2024-05-17,PL-WRO-01,C001573,VM-ACC-0008,1,391.99,0.0,PLN
SO-2024-005449,1,2024-05-17,2024-05-17,PL-WRO-01,C008589,VM-BIK-0013,1,4703.99,0.0,PLN
SO-2024-005450,1,2024-05-17,2024-05-17,PL-WRO-01,C008590,VM-APP-0020,2,176.39,0.05,PLN
SO-2024-005450,2,2024-05-17,2024-05-17,PL-WRO-01,C008590,VM-NUT-0010,1,34.29,0.05,PLN
SO-2024-005451,1,2024-05-17,2024-05-17,PL-GDN-01,C007820,VM-ACC-0013,1,166.59,0.05,PLN
SO-2024-005451,2,2024-05-17,2024-05-17,PL-GDN-01,C007820,VM-NUT-0011,1,52.91,0.05,PLN
SO-2024-005451,3,2024-05-17,2024-05-17,PL-GDN-01,C007820,VM-CMP-0008,1,431.19,0.05,PLN
SO-2024-005451,4,2024-05-17,2024-05-17,PL-GDN-01,C007820,VM-CMP-0001,1,391.99,0.05,PLN
SO-2024-005452,1,2024-05-17,2024-05-17,PL-GDN-01,C008591,VM-BIK-0013,1,4703.99,0.0,PLN
SO-2024-005452,2,2024-05-17,2024-05-17,PL-GDN-01,C008591,VM-ACC-0005,2,176.39,0.0,PLN
SO-2024-005453,1,2024-05-17,2024-05-17,PL-POZ-01,C005919,VM-APP-0020,4,176.39,0.1,PLN
SO-2024-005454,1,2024-05-17,2024-05-17,PL-LDZ-01,C006473,VM-CMP-0022,1,35.27,0.0,PLN
SO-2024-005454,2,2024-05-17,2024-05-17,PL-LDZ-01,C006473,VM-ACC-0015,1,342.99,0.0,PLN
SO-2024-005455,1,2024-05-17,2024-05-17,PL-LDZ-01,,VM-ACC-0001,1,372.39,0.0,PLN
SO-2024-005455,2,2024-05-17,2024-05-17,PL-LDZ-01,,VM-NUT-0005,3,8.81,0.0,PLN
SO-2024-005455,3,2024-05-17,2024-05-17,PL-LDZ-01,,VM-APP-0013,1,431.19,0.0,PLN
SO-2024-005455,4,2024-05-17,2024-05-17,PL-LDZ-01,,VM-NUT-0004,4,6.85,0.0,PLN
SO-2024-005456,1,2024-05-17,2024-05-17,PL-LDZ-01,,VM-APP-0010,2,166.59,0.0,PLN
SO-2024-005456,2,2024-05-17,2024-05-17,PL-LDZ-01,,VM-BIK-0012,1,11573.79,0.0,PLN
SO-2024-005457,1,2024-05-17,2024-05-17,PL-LDZ-01,,VM-BIK-0003,1,6409.19,0.0,PLN
SO-2024-005458,1,2024-05-17,2024-05-17,PL-LDZ-01,,VM-ACC-0004,2,764.39,0.0,PLN
SO-2024-005458,2,2024-05-17,2024-05-17,PL-LDZ-01,,VM-CMP-0001,1,391.99,0.0,PLN
SO-2024-005459,1,2024-05-17,2024-05-18,PL-WEB-01,C007558,VM-CMP-0002,1,548.79,0.05,PLN
SO-2024-005459,2,2024-05-17,2024-05-18,PL-WEB-01,C007558,VM-APP-0002,3,431.19,0.05,PLN
SO-2024-005460,1,2024-05-17,2024-05-18,PL-WEB-01,C006772,VM-CMP-0007,2,617.39,0.0,PLN
SO-2024-005460,2,2024-05-17,2024-05-18,PL-WEB-01,C006772,VM-EBK-0006,1,19737.19,0.0,PLN
SO-2024-005460,3,2024-05-17,2024-05-18,PL-WEB-01,C006772,VM-EBK-0011,1,14347.19,0.0,PLN
SO-2024-005460,4,2024-05-17,2024-05-18,PL-WEB-01,C006772,VM-APP-0015,1,558.59,0.0,PLN
SO-2024-005461,1,2024-05-17,2024-05-18,PL-WEB-01,C008592,VM-NUT-0007,5,12.73,0.0,PLN
SO-2024-005462,1,2024-05-17,2024-05-18,PL-WEB-01,C008593,VM-APP-0001,2,450.79,0.0,PLN
SO-2024-005463,1,2024-05-17,2024-05-21,PL-WEB-01,C006631,VM-NUT-0004,11,6.85,0.0,PLN
SO-2024-005463,2,2024-05-17,2024-05-21,PL-WEB-01,C006631,VM-ACC-0014,1,107.79,0.0,PLN
SO-2024-005464,1,2024-05-17,2024-05-18,PL-WEB-01,C006704,VM-APP-0018,2,127.39,0.05,PLN
SO-2024-005464,2,2024-05-17,2024-05-18,PL-WEB-01,C006704,VM-EBK-0002,1,9750.99,0.05,PLN
SO-2024-005465,1,2024-05-17,2024-05-18,PL-WEB-01,C008131,VM-APP-0001,12,450.79,0.08,PLN
SO-2024-005466,1,2024-05-17,2024-05-19,PL-WEB-01,C008594,VM-NUT-0004,7,6.85,0.0,PLN
SO-2024-005467,1,2024-05-17,2024-05-20,PL-WEB-01,C006288,VM-APP-0017,1,186.19,0.0,PLN
SO-2024-005467,2,2024-05-17,2024-05-20,PL-WEB-01,C006288, VM-ACC-0005 ,1,176.39,0.0,PLN
SO-2024-005467,3,2024-05-17,2024-05-20,PL-WEB-01,C006288,VM-BIK-0009,1,5527.19,0.0,PLN
SO-2024-005467,4,2024-05-17,2024-05-20,PL-WEB-01,C006288,VM-BIK-0022,1,1371.99,0.0,PLN
SO-2024-005468,1,2024-05-17,2024-05-19,PL-WEB-01,C008595,VM-NUT-0005,3,8.81,0.0,PLN
SO-2024-005469,1,2024-05-17,2024-05-20,PL-MKT-01,C008596,VM-BIK-0003,1,6409.19,0.0,PLN
SO-2024-005469,2,2024-05-17,2024-05-20,PL-MKT-01,C008596,VM-ACC-0007,2,352.79,0.0,PLN
SO-2024-005469,3,2024-05-17,2024-05-20,PL-MKT-01,C008596,VM-ACC-0014,1,107.79,0.0,PLN
SO-2024-005470,1,2024-05-17,2024-05-19,PL-MKT-01,C002273,VM-EBK-0003,1,8908.19,0.0,PLN
SO-2024-005470,2,2024-05-17,2024-05-19,PL-MKT-01,C002273,VM-ACC-0003,2,284.19,0.1,PLN
SO-2024-005470,3,2024-05-17,2024-05-19,PL-MKT-01,C002273,VM-NUT-0004,13,6.85,0.0,PLN
SO-2024-005471,1,2024-05-17,2024-05-20,PL-MKT-01,C001126,VM-ACC-0017,2,56.83,0.08,PLN
SO-2024-005472,1,2024-05-17,2024-05-18,PL-MKT-01,C001755,VM-ACC-0009,2,391.99,0.0,PLN
SO-2024-005472,2,2024-05-17,2024-05-18,PL-MKT-01,C001755,VM-BIK-0007,1,6908.99,0.0,PLN
SO-2024-005473,1,2024-05-17,2024-05-21,PL-MKT-01,C006209,VM-CMP-0017,1,489.99,0.0,PLN
SO-2024-005474,1,2024-05-17,2024-05-18,PL-MKT-01,C007287,VM-BIK-0007,5,6908.99,0.12,PLN
SO-2024-005475,1,2024-05-17,2024-05-21,PL-MKT-01,C008597,VM-ACC-0008,1,391.99,0.0,PLN
SO-2024-005476,1,2024-05-17,2024-05-18,PL-MKT-01,C008598,VM-APP-0006,1,303.79,0.0,PLN
SO-2024-005476,2,2024-05-17,2024-05-18,PL-MKT-01,C008598,VM-NUT-0010,4,34.29,0.0,PLN
SO-2024-005477,1,2024-05-17,2024-05-17,CZ-PRG-01,C005853,VM-APP-0002,1,2370.0,0.05,CZK
SO-2024-005477,2,2024-05-17,2024-05-17,CZ-PRG-01,C005853,VM-NUT-0011,3,291.0,0.05,CZK
SO-2024-005477,3,2024-05-17,2024-05-17,CZ-PRG-01,C005853,VM-ACC-0008,2,2155.0,0.05,CZK
SO-2024-005478,1,2024-05-17,2024-05-17,CZ-PRG-01,C008599,VM-BIK-0017,1,10290.0,0.0,CZK
SO-2024-005479,1,2024-05-17,2024-05-18,CZ-WEB-01,C008555,VM-EBK-0011,1,78874.0,0.0,CZK
SO-2024-005479,2,2024-05-17,2024-05-18,CZ-WEB-01,C008555,VM-ACC-0008,1,2155.0,0.0,CZK
SO-2024-005479,3,2024-05-17,2024-05-18,CZ-WEB-01,C008555,VM-EBK-0003,1,48973.0,0.0,CZK
SO-2024-005480,1,2024-05-17,2024-05-19,CZ-WEB-01,C008600,VM-BIK-0013,1,25860.0,0.0,CZK
SO-2024-005480,2,2024-05-17,2024-05-19,CZ-WEB-01,C008600,VM-ACC-0010,2,1347.0,0.0,CZK
SO-2024-005480,3,2024-05-17,2024-05-19,CZ-WEB-01,C008600,VM-ACC-0003,2,1562.0,0.0,CZK
SO-2024-005481,1,2024-05-17,2024-05-20,CZ-WEB-01,C006357,VM-APP-0020,2,970.0,0.05,CZK
SO-2024-005481,2,2024-05-17,2024-05-20,CZ-WEB-01,C006357,VM-BIK-0001,1,73756.0,0.05,CZK
SO-2024-005481,3,2024-05-17,2024-05-20,CZ-WEB-01,C006357,VM-BIK-0020,1,6519.0,0.05,CZK
SO-2024-005482,1,2024-05-17,2024-05-18,CZ-WEB-01,C007124,VM-BIK-0015,1,16648.0,0.0,CZK
SO-2024-005483,1,2024-05-17,2024-05-20,CZ-WEB-01,C007535,VM-BIK-0004,1,23005.0,0.0,CZK
SO-2024-005483,2,2024-05-17,2024-05-20,CZ-WEB-01,C007535,VM-APP-0006,1,1670.0,0.0,CZK
SO-2024-005484,1,2024-05-17,2024-05-18,CZ-WEB-01,C008601,VM-CMP-0004,1,3879.0,0.0,CZK
SO-2024-005485,1,2024-05-17,2024-05-17,DE-BER-01,,VM-ACC-0018,1,11.24,0.0,EUR
SO-2024-005486,1,2024-05-17,2024-05-17,DE-BER-01,C008602,VM-BIK-0017,1,429.63,0.0,EUR
SO-2024-005487,1,2024-05-17,2024-05-17,DE-BER-01,,VM-BIK-0007,1,1585.83,0.0,EUR
SO-2024-005487,2,2024-05-17,2024-05-17,DE-BER-01,,VM-ACC-0022,1,353.15,0.0,EUR
SO-2024-005487,3,2024-05-17,2024-05-17,DE-BER-01,,VM-ACC-0008,1,89.97,0.0,EUR
SO-2024-005488,1,2024-05-17,2024-05-17,DE-BER-01,,VM-CMP-0013,2,119.22,0.0,EUR
SO-2024-005488,2,2024-05-17,2024-05-17,DE-BER-01,,VM-NUT-0010,3,7.87,0.0,EUR
SO-2024-005489,1,2024-05-17,2024-05-17,DE-BER-01,C007352,VM-ACC-0018,3,11.24,0.0,EUR
SO-2024-005490,1,2024-05-17,2024-05-17,DE-BER-01,C004788,VM-NUT-0010,1,7.87,0.0,EUR
SO-2024-005490,2,2024-05-17,2024-05-17,DE-BER-01,C004788,VM-BIK-0006,1,1482.36,0.0,EUR
SO-TEST-0019,1,2024-05-17,2024-05-17,TEST-01,TEST-QA,VM-APP-0020,1,1.0,0.0,PLN
SO-2024-005491,1,2024-05-18,2024-05-18,PL-WAW-01,,VM-APP-0002,1,431.19,0.0,PLN
SO-2024-005492,1,2024-05-18,2024-05-18,PL-WAW-01,,VM-BIK-0012,1,11573.79,0.0,PLN
SO-2024-005493,1,2024-05-18,2024-05-18,PL-WAW-01,C008603,VM-CMP-0011,2,156.79,0.05,PLN
SO-2024-005493,2,2024-05-18,2024-05-18,PL-WAW-01,C008603,VM-NUT-0009,3,83.29,0.0,PLN
SO-2024-005493,3,2024-05-18,2024-05-18,PL-WAW-01,C008603,VM-BIK-0009,1,5527.19,0.05,PLN
SO-2024-005493,4,2024-05-18,2024-05-18,PL-WAW-01,C008603,VM-CMP-0008,2,431.19,0.0,PLN
SO-2024-005494,1,2024-05-18,2024-05-18,PL-WAW-01,,VM-ACC-0003,1,284.19,0.0,PLN
SO-2024-005494,2,2024-05-18,2024-05-18,PL-WAW-01,,VM-BIK-0020,1,1185.79,0.0,PLN
SO-2024-005495,1,2024-05-18,2024-05-18,PL-WAW-01,,VM-BIK-0007,1,6908.99,0.0,PLN
SO-2024-005495,2,2024-05-18,2024-05-18,PL-WAW-01,,VM-EBK-0002,1,9750.99,0.0,PLN
SO-2024-005495,3,2024-05-18,2024-05-18,PL-WAW-01,,VM-APP-0013,1,431.19,0.0,PLN
SO-2024-005496,1,2024-05-18,2024-05-18,PL-WAW-01,C006967,VM-NUT-0006,3,9.79,0.0,PLN
SO-2024-005496,2,2024-05-18,2024-05-18,PL-WAW-01,C006967,VM-CMP-0017,1,489.99,0.1,PLN
SO-2024-005496,3,2024-05-18,2024-05-18,PL-WAW-01,C006967,VM-ACC-0012,1,70.55,0.0,PLN
SO-2024-005496,4,2024-05-18,2024-05-18,PL-WAW-01,C006967,VM-ACC-0003,1,284.19,0.0,PLN
SO-2024-005497,1,2024-05-18,2024-05-18,PL-WAW-01,C007242,VM-EBK-0007,1,14405.99,0.0,PLN
SO-2024-005498,1,2024-05-18,2024-05-18,PL-WAW-01,C001466,VM-ACC-0009,1,391.99,0.05,PLN
SO-2024-005498,2,2024-05-18,2024-05-18,PL-WAW-01,C001466,VM-NUT-0004,10,6.85,0.05,PLN
SO-2024-005498,3,2024-05-18,2024-05-18,PL-WAW-01,C001466,VM-ACC-0020,1,793.79,0.05,PLN
SO-2024-005499,1,2024-05-18,2024-05-18,PL-WAW-01,,VM-CMP-0003,2,235.19,0.0,PLN
SO-2024-005499,2,2024-05-18,2024-05-18,PL-WAW-01,,VM-NUT-0010,2,34.29,0.0,PLN
SO-2024-005499,3,2024-05-18,2024-05-18,PL-WAW-01,,VM-ACC-0009,1,391.99,0.0,PLN
SO-2024-005500,1,2024-05-18,2024-05-18,PL-WAW-01,,VM-CMP-0009,1,342.99,0.0,PLN
SO-2024-005501,1,2024-05-18,2024-05-18,PL-WAW-01,C008604,VM-ACC-0014,1,107.79,0.0,PLN
SO-2024-005502,1,2024-05-18,2024-05-18,PL-WAW-01,C008605,VM-ACC-0020,1,793.79,0.05,PLN
SO-2024-005503,1,2024-05-18,2024-05-18,PL-WAW-01,C007452,VM-BIK-0007,1,6908.99,0.0,PLN
SO-2024-005504,1,2024-05-18,2024-05-18,PL-WAW-01,C000080,VM-BIK-0012,2,11573.79,0.1,PLN
SO-2024-005505,1,2024-05-18,2024-05-18,PL-WAW-01,C003181,VM-APP-0010,1,166.59,0.0,PLN
SO-2024-005506,1,2024-05-18,2024-05-18,PL-WAW-01,C008606,vm-acc-0008,1,391.99,0.05,PLN
SO-2024-005507,1,2024-05-18,2024-05-18,PL-WAW-01,,VM-ACC-0008,2,391.99,0.0,PLN
SO-2024-005507,2,2024-05-18,2024-05-18,PL-WAW-01,,VM-CMP-0013,1,519.39,0.0,PLN
SO-2024-005507,3,2024-05-18,2024-05-18,PL-WAW-01,,VM-ACC-0018,1,48.99,0.0,PLN
SO-2024-005508,1,2024-05-18,2024-05-18,PL-WAW-01,C002759,VM-CMP-0001,1,391.99,0.05,PLN
SO-2024-005509,1,2024-05-18,2024-05-18,PL-WAW-02,C008607,VM-ACC-0008,2,391.99,0.0,PLN
SO-2024-005510,1,2024-05-18,2024-05-18,PL-WAW-02,C001336,VM-NUT-0004,10,6.85,0.0,PLN
SO-2024-005511,1,2024-05-18,2024-05-18,PL-WAW-02,,VM-APP-0005,3,176.39,0.0,PLN
SO-2024-005511,2,2024-05-18,2024-05-18,PL-WAW-02,,VM-ACC-0005,1,176.39,0.0,PLN
SO-2024-005512,1,2024-05-18,2024-05-18,PL-WAW-02,C004767,VM-NUT-0002,40,14.69,0.1,PLN
SO-2024-005513,1,2024-05-18,2024-05-18,PL-KRK-01,,VM-EBK-0007,1,14405.99,0.0,PLN
SO-2024-005514,1,2024-05-18,2024-05-18,PL-KRK-01,C006857,VM-APP-0006,2,303.79,0.0,PLN
SO-2024-005515,1,2024-05-18,2024-05-18,PL-KRK-01,C004255,VM-NUT-0003,8,10.77,0.0,PLN
SO-2024-005515,2,2024-05-18,2024-05-18,PL-KRK-01,C004255,VM-EBK-0008,1,14797.99,0.0,PLN
SO-2024-005515,3,2024-05-18,2024-05-18,PL-KRK-01,C004255,VM-NUT-0009,2,83.29,0.0,PLN
SO-2024-005516,1,2024-05-18,2024-05-18,PL-KRK-01,C000522,VM-BIK-0013,1,4703.99,0.05,PLN
SO-2024-005517,1,2024-05-18,2024-05-18,PL-KRK-01,,VM-ACC-0005,2,176.39,0.0,PLN
SO-2024-005518,1,2024-05-18,2024-05-18,PL-WRO-01,C007456,VM-NUT-0010,1,34.29,0.0,PLN
SO-2024-005519,1,2024-05-18,2024-05-18,PL-WRO-01,C001581,VM-NUT-0009,1,83.29,0.0,PLN
SO-2024-005519,2,2024-05-18,2024-05-18,PL-WRO-01,C001581,VM-BIK-0007,1,6908.99,0.0,PLN
SO-2024-005520,1,2024-05-18,2024-05-18,PL-WRO-01,C002094,VM-EBK-0001,1,7516.59,0.0,PLN
SO-2024-005521,1,2024-05-18,2024-05-18,PL-WRO-01,C004239,VM-NUT-0004,8,6.85,0.0,PLN
SO-2024-005521,2,2024-05-18,2024-05-18,PL-WRO-01,C004239,VM-CMP-0007,1,617.39,0.0,PLN
SO-2024-005522,1,2024-05-18,2024-05-18,PL-WRO-01,,VM-BIK-0007,1,6908.99,0.0,PLN
SO-2024-005522,2,2024-05-18,2024-05-18,PL-WRO-01,,VM-APP-0006,3,303.79,0.0,PLN
SO-2024-005522,3,2024-05-18,2024-05-18,PL-WRO-01,,VM-ACC-0007,2,352.79,0.0,PLN
SO-2024-005523,1,2024-05-18,2024-05-18,PL-WRO-01,C008608,VM-BIK-0017,1,1871.79,0.0,PLN
SO-2024-005523,2,2024-05-18,2024-05-18,PL-WRO-01,C008608,VM-ACC-0007,1,352.79,0.1,PLN
SO-2024-005523,3,2024-05-18,2024-05-18,PL-WRO-01,C008608,VM-ACC-0003,2,284.19,0.0,PLN
SO-2024-005523,4,2024-05-18,2024-05-18,PL-WRO-01,C008608,VM-ACC-0014,1,107.79,0.0,PLN
SO-2024-005524,1,2024-05-18,2024-05-18,PL-WRO-01,,VM-ACC-0008,1,391.99,0.0,PLN
SO-2024-005525,1,2024-05-18,2024-05-18,PL-WRO-01,C004666,VM-NUT-0004,14,6.85,0.0,PLN
SO-2024-005526,1,2024-05-18,2024-05-18,PL-WRO-01,C008609,VM-CMP-0015,1,901.59,0.0,PLN
SO-2024-005526,2,2024-05-18,2024-05-18,PL-WRO-01,C008609,VM-EBK-0011,1,14347.19,0.0,PLN
SO-2024-005527,1,2024-05-18,2024-05-18,PL-GDN-01,C008610,VM-BIK-0017,1,1871.79,0.0,PLN
SO-2024-005527,2,2024-05-18,2024-05-18,PL-GDN-01,C008610,VM-ACC-0014,1,107.79,0.0,PLN
SO-2024-005527,3,2024-05-18,2024-05-18,PL-GDN-01,C008610,VM-BIK-0003,1,6409.19,0.0,PLN
SO-2024-005527,4,2024-05-18,2024-05-18,PL-GDN-01,C008610,VM-ACC-0019,2,48.99,0.0,PLN
SO-2024-005528,1,2024-05-18,2024-05-18,PL-GDN-01,C008611,VM-NUT-0009,3,83.29,0.0,PLN
SO-2024-005528,2,2024-05-18,2024-05-18,PL-GDN-01,C008611,VM-APP-0001,1,450.79,0.0,PLN
SO-2024-005528,3,2024-05-18,2024-05-18,PL-GDN-01,C008611,VM-ACC-0014,1,107.79,0.0,PLN
SO-2024-005529,1,2024-05-18,2024-05-18,PL-GDN-01,C006801,VM-BIK-0009,2,5527.19,0.1,PLN
SO-2024-005530,1,2024-05-18,2024-05-18,PL-GDN-01,,VM-ACC-0002,2,597.79,0.0,PLN
SO-2024-005531,1,2024-05-18,2024-05-18,PL-GDN-01,C005500,VM-BIK-0006,1,6458.19,0.0,PLN
SO-2024-005531,2,2024-05-18,2024-05-18,PL-GDN-01,C005500,VM-BIK-0001,1,13416.19,0.0,PLN
SO-2024-005532,1,2024-05-18,2024-05-18,PL-POZ-01,C008612,VM-NUT-0010,4,34.29,0.0,PLN
SO-2024-005532,2,2024-05-18,2024-05-18,PL-POZ-01,C008612,VM-ACC-0014,1,107.79,0.0,PLN
SO-2024-005532,3,2024-05-18,2024-05-18,PL-POZ-01,C008612,VM-ACC-0004,2,764.39,0.0,PLN
SO-2024-005533,1,2024-05-18,2024-05-18,PL-POZ-01,C001808,VM-NUT-0007,4,12.73,0.0,PLN
SO-2024-005534,1,2024-05-18,2024-05-18,PL-POZ-01,C003803,VM-CMP-0015,2,901.59,0.05,PLN
SO-2024-005534,2,2024-05-18,2024-05-18,PL-POZ-01,C003803,VM-BIK-0020,1,1185.79,0.05,PLN
SO-2024-005534,3,2024-05-18,2024-05-18,PL-POZ-01,C003803,VM-BIK-0007,1,6908.99,0.05,PLN
SO-2024-005535,1,2024-05-18,2024-05-18,PL-LDZ-01,,VM-BIK-0003,1,6409.19,0.0,PLN
SO-2024-005536,1,2024-05-18,2024-05-18,PL-LDZ-01,C005167,VM-BIK-0007,1,6908.99,0.05,PLN
SO-2024-005537,1,2024-05-18,2024-05-18,PL-LDZ-01,C008613,VM-BIK-0012,1,11573.79,0.0,PLN
SO-2024-005538,1,2024-05-18,2024-05-20,PL-WEB-01,C005748,VM-ACC-0008,2,391.99,0.05,PLN
SO-2024-005538,2,2024-05-18,2024-05-20,PL-WEB-01,C005748,VM-CMP-0013,1,519.39,0.05,PLN
SO-2024-005538,3,2024-05-18,2024-05-20,PL-WEB-01,C005748,VM-EBK-0008,1,14797.99,0.05,PLN
SO-2024-005538,4,2024-05-18,2024-05-20,PL-WEB-01,C005748,VM-APP-0006,2,303.79,0.05,PLN
SO-2024-005539,1,2024-05-18,2024-05-21,PL-WEB-01,C008614,VM-NUT-0003,24,10.77,0.08,PLN
SO-2024-005539,2,2024-05-18,2024-05-21,PL-WEB-01,C008614,VM-BIK-0021,3,1224.99,0.12,PLN
SO-2024-005539,3,2024-05-18,2024-05-21,PL-WEB-01,C008614,VM-NUT-0004,40,6.85,0.12,PLN
SO-2024-005540,1,2024-05-18,2024-05-22,PL-WEB-01,C008615,VM-ACC-0012,1,70.55,0.05,PLN
SO-2024-005540,2,2024-05-18,2024-05-22,PL-WEB-01,C008615,VM-NUT-0002,7,14.69,0.0,PLN
SO-2024-005540,3,2024-05-18,2024-05-22,PL-WEB-01,C008615,VM-NUT-0005,3,8.81,0.0,PLN
SO-2024-005540,4,2024-05-18,2024-05-22,PL-WEB-01,C008615,VM-APP-0013,1,431.19,0.0,PLN
SO-2024-005541,1,2024-05-18,2024-05-20,PL-WEB-01,C008616,VM-BIK-0007,1,6908.99,0.0,PLN
SO-2024-005541,2,2024-05-18,2024-05-20,PL-WEB-01,C008616,VM-BIK-0017,1,1871.79,0.0,PLN
SO-2024-005542,1,2024-05-18,2024-05-19,PL-WEB-01,C004078,VM-ACC-0003,1,284.19,0.0,PLN
SO-2024-005543,1,2024-05-18,2024-05-20,PL-WEB-01,C008617,VM-APP-0010,2,166.59,0.0,PLN
SO-2024-005544,1,2024-05-18,2024-05-22,PL-WEB-01,C008618,VM-ACC-0008,2,391.99,0.0,PLN
SO-2024-005545,1,2024-05-18,2024-05-22,PL-WEB-01,C004872,VM-CMP-0020,3,254.79,0.0,PLN
SO-2024-005546,1,2024-05-18,2024-05-20,PL-WEB-01,C008619,VM-NUT-0002,6,14.69,0.05,PLN
SO-2024-005547,1,2024-05-18,2024-05-20,PL-WEB-01,C007697,VM-BIK-0011,1,8476.99,0.05,PLN
SO-2024-005547,2,2024-05-18,2024-05-20,PL-WEB-01,C007697,VM-ACC-0014,1,107.79,0.05,PLN
SO-2024-005548,1,2024-05-18,2024-05-19,PL-WEB-01,C008620,VM-ACC-0001,2,372.39,0.0,PLN
SO-2024-005549,1,2024-05-18,2024-05-19,PL-WEB-01,C008083,VM-APP-0013,1,431.19,0.0,PLN
SO-2024-005550,1,2024-05-18,2024-05-20,PL-WEB-01,C007285,VM-APP-0017,2,186.19,0.05,PLN
SO-2024-005550,2,2024-05-18,2024-05-20,PL-WEB-01,C007285,VM-EBK-0008,1,14797.99,0.0,PLN
SO-2024-005550,3,2024-05-18,2024-05-20,PL-WEB-01,C007285,VM-NUT-0006,9,9.79,0.0,PLN
SO-2024-005551,1,2024-05-18,2024-05-22,PL-WEB-01,C008621,VM-CMP-0015,2,901.59,0.0,PLN
SO-2024-005552,1,2024-05-18,2024-05-19,PL-MKT-01,C004088,VM-ACC-0019,1,48.99,0.0,PLN
SO-2024-005552,2,2024-05-18,2024-05-19,PL-MKT-01,C004088,VM-CMP-0009,2,342.99,0.0,PLN
SO-2024-005553,1,2024-05-18,2024-05-19,PL-MKT-01,C008622,VM-EBK-0002,1,9750.99,0.0,PLN
SO-2024-005553,2,2024-05-18,2024-05-19,PL-MKT-01,C008622,VM-ACC-0001,2,372.39,0.0,PLN
SO-2024-005553,3,2024-05-18,2024-05-19,PL-MKT-01,C008622,VM-ACC-0002,2,597.79,0.0,PLN
SO-2024-005554,1,2024-05-18,2024-05-21,PL-MKT-01,C000453,VM-EBK-0003,1,8908.19,0.0,PLN
SO-2024-005554,2,2024-05-18,2024-05-21,PL-MKT-01,C000453,VM-ACC-0004,1,764.39,0.0,PLN
SO-2024-005555,1,2024-05-18,2024-05-18,CZ-PRG-01,,VM-APP-0014,1,2640.0,0.0,CZK
SO-2024-005556,1,2024-05-18,2024-05-18,CZ-PRG-01,C008623,VM-EBK-0008,1,81352.0,0.0,CZK
SO-2024-005557,1,2024-05-18,2024-05-18,CZ-PRG-01,C008624,VM-BIK-0013,1,25860.0,0.0,CZK
SO-2024-005558,1,2024-05-18,2024-05-18,CZ-PRG-01,,VM-ACC-0006,2,5118.0,0.0,CZK
SO-2024-005559,1,2024-05-18,2024-05-18,CZ-PRG-01,C006686,VM-ACC-0007,2,1939.0,0.0,CZK
SO-2024-005560,1,2024-05-18,2024-05-18,CZ-PRG-01,,VM-APP-0006,1,1670.0,0.0,CZK
SO-2024-005560,2,2024-05-18,2024-05-18,CZ-PRG-01,,VM-CMP-0017,1,2694.0,0.0,CZK
SO-2024-005561,1,2024-05-18,2024-05-21,CZ-WEB-01,C007662, VM-BIK-0004 ,1,23005.0,0.0,CZK
SO-2024-005561,2,2024-05-18,2024-05-21,CZ-WEB-01,C007662,VM-CMP-0017,1,2694.0,0.0,CZK
SO-2024-005561,3,2024-05-18,2024-05-21,CZ-WEB-01,C007662,VM-CMP-0001,1,2155.0,0.0,CZK
SO-2024-005562,1,2024-05-18,2024-05-22,CZ-WEB-01,C006434,VM-APP-0013,1,2370.0,0.05,CZK
SO-2024-005562,2,2024-05-18,2024-05-22,CZ-WEB-01,C006434,VM-NUT-0010,2,189.0,0.05,CZK
SO-2024-005562,3,2024-05-18,2024-05-22,CZ-WEB-01,C006434,VM-ACC-0013,1,916.0,0.05,CZK
SO-2024-005563,1,2024-05-18,2024-05-19,CZ-WEB-01,C008625,VM-EBK-0009,3,53391.0,0.1,CZK
SO-2024-005564,1,2024-05-18,2024-05-19,CZ-WEB-01,C008289,VM-BIK-0009,1,30386.0,0.0,CZK
SO-2024-005565,1,2024-05-18,2024-05-21,CZ-WEB-01,C008626,VM-APP-0006,2,1670.0,0.08,CZK
SO-2024-005566,1,2024-05-18,2024-05-18,DE-BER-01,C008627,VM-CMP-0019,4,47.24,0.0,EUR
SO-2024-005566,2,2024-05-18,2024-05-18,DE-BER-01,C008627,VM-BIK-0009,1,1268.66,0.0,EUR
SO-2024-005567,1,2024-05-18,2024-05-18,DE-BER-01,C001278,VM-EBK-0008,1,3396.61,0.05,EUR
SO-2024-005567,2,2024-05-18,2024-05-18,DE-BER-01,C001278,VM-ACC-0008,1,89.97,0.0,EUR
SO-2024-005568,1,2024-05-18,2024-05-18,DE-BER-01,C008222,VM-ACC-0008,1,89.97,0.0,EUR
SO-2024-005569,1,2024-05-18,2024-05-18,DE-BER-01,C008628,VM-BIK-0011,1,1945.74,0.0,EUR
SO-2024-005570,1,2024-05-18,2024-05-18,DE-BER-01,C004427,VM-BIK-0007,1,1585.83,0.05,EUR
SO-2024-005570,2,2024-05-18,2024-05-18,DE-BER-01,C004427,VM-ACC-0018,3,11.24,0.05,EUR
SO-2024-005571,1,2024-05-18,2024-05-18,DE-BER-01,C008629,VM-BIK-0012,1,2656.55,0.0,EUR
SO-2024-005571,2,2024-05-18,2024-05-18,DE-BER-01,C008629,VM-ACC-0007,2,80.98,0.0,EUR
SO-2024-005572,1,2024-05-18,2024-05-18,DE-BER-01,,VM-CMP-0008,1,98.97,0.0,EUR
SO-2024-005573,1,2024-05-18,2024-05-20,DE-WEB-01,C008630,VM-CMP-0013,2,119.22,0.05,EUR
SO-2024-005574,1,2024-05-18,2024-05-21,DE-WEB-01,C004429,VM-BIK-0003,1,1471.11,0.0,EUR
SO-2024-005574,2,2024-05-18,2024-05-21,DE-WEB-01,C004429,VM-ACC-0008,1,89.97,0.0,EUR
SO-2024-005575,1,2024-05-18,2024-05-19,DE-WEB-01,C004928,VM-CMP-0012,1,121.47,0.0,EUR
SO-2024-005575,2,2024-05-18,2024-05-19,DE-WEB-01,C004928,VM-APP-0002,2,98.97,0.0,EUR
SO-2024-005575,3,2024-05-18,2024-05-19,DE-WEB-01,C004928,VM-APP-0001,2,103.47,0.0,EUR
SO-2024-005575,4,2024-05-18,2024-05-19,DE-WEB-01,C004928,VM-EBK-0010,1,3034.45,0.0,EUR
SO-2024-005576,1,2024-05-18,2024-05-20,DE-WEB-01,C006503,VM-NUT-0002,14,3.37,0.1,EUR
SO-2024-005576,2,2024-05-18,2024-05-20,DE-WEB-01,C006503,VM-APP-0003,2,69.73,0.0,EUR
SO-2024-005576,3,2024-05-18,2024-05-20,DE-WEB-01,C006503,VM-BIK-0018,1,539.86,0.0,EUR
SO-2024-005577,1,2024-05-18,2024-05-20,DE-WEB-01,C008019,VM-BIK-0004,1,960.5,0.0,EUR
SO-2024-005577,2,2024-05-18,2024-05-20,DE-WEB-01,C008019,VM-ACC-0007,2,80.98,0.0,EUR
SO-2024-005578,1,2024-05-18,2024-05-20,DE-WEB-01,C002481,VM-ACC-0009,2,89.97,0.05,EUR
SO-2024-005579,1,2024-05-19,2024-05-23,PL-WEB-01,C008631,VM-ACC-0014,1,107.79,0.0,PLN
SO-2024-005579,2,2024-05-19,2024-05-23,PL-WEB-01,C008631,VM-CMP-0016,1,2410.79,0.0,PLN
SO-2024-005579,3,2024-05-19,2024-05-23,PL-WEB-01,C008631,VM-NUT-0005,4,8.81,0.0,PLN
SO-2024-005580,1,2024-05-19,2024-05-21,PL-WEB-01,C008632,VM-APP-0019,1,64.67,0.0,PLN
SO-2024-005580,2,2024-05-19,2024-05-21,PL-WEB-01,C008632,VM-ACC-0008,1,391.99,0.0,PLN
SO-2024-005581,1,2024-05-19,2024-05-23,PL-WEB-01,C006647,VM-EBK-0009,1,9711.79,0.0,PLN
SO-2024-005581,2,2024-05-19,2024-05-23,PL-WEB-01,C006647,VM-ACC-0009,2,391.99,0.0,PLN
SO-2024-005582,1,2024-05-19,2024-05-23,PL-WEB-01,C008633,VM-APP-0006,2,303.79,0.0,PLN
SO-2024-005582,2,2024-05-19,2024-05-23,PL-WEB-01,C008633,vm-nut-0003,3,10.77,0.0,PLN
SO-2024-005582,3,2024-05-19,2024-05-23,PL-WEB-01,C008633,VM-BIK-0004,1,4184.59,0.0,PLN
SO-2024-005582,4,2024-05-19,2024-05-23,PL-WEB-01,C008633,VM-BIK-0012,1,11573.79,0.0,PLN
SO-2024-005583,1,2024-05-19,2024-05-22,PL-WEB-01,C000748,VM-CMP-0006,2,195.99,0.08,PLN
SO-2024-005584,1,2024-05-19,2024-05-23,PL-WEB-01,C003105,VM-ACC-0008,1,391.99,0.0,PLN
SO-2024-005584,2,2024-05-19,2024-05-23,PL-WEB-01,C003105,VM-BIK-0007,1,6908.99,0.0,PLN
SO-2024-005585,1,2024-05-19,2024-05-20,PL-WEB-01,C008634,VM-NUT-0006,6,9.79,0.0,PLN
SO-2024-005585,2,2024-05-19,2024-05-20,PL-WEB-01,C008634,VM-BIK-0007,1,6908.99,0.05,PLN
SO-2024-005586,1,2024-05-19,2024-05-21,PL-WEB-01,C005864,VM-NUT-0003,5,10.77,0.0,PLN
SO-2024-005586,2,2024-05-19,2024-05-21,PL-WEB-01,C005864,VM-EBK-0003,1,8908.19,0.0,PLN
SO-2024-005586,3,2024-05-19,2024-05-21,PL-WEB-01,C005864,VM-CMP-0001,2,391.99,0.0,PLN
SO-2024-005587,1,2024-05-19,2024-05-20,PL-WEB-01,C006865,VM-BIK-0009,2,5527.19,0.1,PLN
SO-2024-005587,2,2024-05-19,2024-05-20,PL-WEB-01,C006865,VM-ACC-0012,5,70.55,0.08,PLN
SO-2024-005587,3,2024-05-19,2024-05-20,PL-WEB-01,C006865,VM-ACC-0009,6,391.99,0.08,PLN
SO-2024-005587,4,2024-05-19,2024-05-20,PL-WEB-01,C006865,VM-ACC-0008,5,391.99,0.08,PLN
SO-2024-005588,1,2024-05-19,2024-05-21,PL-WEB-01,C008635,VM-APP-0003,1,303.79,0.0,PLN
SO-2024-005589,1,2024-05-19,2024-05-21,PL-WEB-01,C008636,VM-BIK-0009,1,5527.19,0.0,PLN
SO-2024-005589,2,2024-05-19,2024-05-21,PL-WEB-01,C008636,VM-ACC-0008,2,391.99,0.0,PLN
SO-2024-005589,3,2024-05-19,2024-05-21,PL-WEB-01,C008636,VM-APP-0007,2,156.79,0.0,PLN
SO-2024-005589,4,2024-05-19,2024-05-21,PL-WEB-01,C008636,VM-NUT-0010,4,34.29,0.0,PLN
SO-2024-005590,1,2024-05-19,2024-05-23,PL-WEB-01,C002738,VM-BIK-0004,1,4184.59,0.0,PLN
SO-2024-005590,2,2024-05-19,2024-05-23,PL-WEB-01,C002738,VM-ACC-0005,2,176.39,0.0,PLN
SO-2024-005591,1,2024-05-19,2024-05-23,PL-WEB-01,C008637,VM-BIK-0012,1,11573.79,0.0,PLN
SO-2024-005592,1,2024-05-19,2024-05-22,PL-MKT-01,C007302,VM-APP-0001,2,450.79,0.0,PLN
SO-2024-005593,1,2024-05-19,2024-05-23,PL-MKT-01,C003776,VM-APP-0004,1,235.19,0.0,PLN
SO-2024-005594,1,2024-05-19,2024-05-22,PL-MKT-01,C005915,VM-CMP-0002,2,548.79,0.05,PLN
SO-2024-005595,1,2024-05-19,2024-05-22,PL-MKT-01,C008638,VM-ACC-0002,2,597.79,0.0,PLN
SO-2024-005595,2,2024-05-19,2024-05-22,PL-MKT-01,C008638,VM-APP-0006,2,303.79,0.0,PLN
SO-2024-005596,1,2024-05-19,2024-05-22,PL-MKT-01,C008605,VM-NUT-0002,7,14.69,0.05,PLN
SO-2024-005597,1,2024-05-19,2024-05-23,PL-MKT-01,C007461,VM-BIK-0017,1,1871.79,0.0,PLN
SO-2024-005598,1,2024-05-19,2024-05-22,PL-MKT-01,C000748,VM-CMP-0013,4,519.39,0.12,PLN
SO-2024-005598,2,2024-05-19,2024-05-22,PL-MKT-01,C000748,VM-ACC-0008,8,391.99,0.08,PLN
SO-2024-005599,1,2024-05-19,2024-05-20,PL-MKT-01,C008639,VM-BIK-0017,1,1871.79,0.0,PLN
SO-2024-005599,2,2024-05-19,2024-05-20,PL-MKT-01,C008639,VM-ACC-0018,2,48.99,0.0,PLN
SO-2024-005599,3,2024-05-19,2024-05-20,PL-MKT-01,C008639,VM-APP-0016,1,597.79,0.0,PLN
SO-2024-005600,1,2024-05-19,2024-05-23,PL-MKT-01,C007821,VM-EBK-0001,1,7516.59,0.0,PLN
SO-2024-005601,1,2024-05-19,2024-05-22,PL-MKT-01,C000965,VM-BIK-0016,1,3518.19,0.0,PLN
SO-2024-005601,2,2024-05-19,2024-05-22,PL-MKT-01,C000965,VM-ACC-0008,2,391.99,0.0,PLN
SO-2024-005602,1,2024-05-19,2024-05-22,PL-MKT-01,C008640,VM-CMP-0018,3,60.75,0.0,PLN
SO-2024-005602,2,2024-05-19,2024-05-22,PL-MKT-01,C008640,VM-APP-0006,3,303.79,0.0,PLN
SO-2024-005602,3,2024-05-19,2024-05-22,PL-MKT-01,C008640,VM-CMP-0016,1,2410.79,0.0,PLN
SO-2024-005602,4,2024-05-19,2024-05-22,PL-MKT-01,C008640, VM-BIK-0012 ,1,11573.79,0.0,PLN
SO-2024-005603,1,2024-05-19,2024-05-19,CZ-PRG-01,C008499,VM-ACC-0009,2,2155.0,0.0,CZK
SO-2024-005604,1,2024-05-19,2024-05-19,CZ-PRG-01,C008641,VM-CMP-0013,1,2855.0,0.05,CZK
SO-2024-005604,2,2024-05-19,2024-05-19,CZ-PRG-01,C008641,VM-APP-0013,1,2370.0,0.05,CZK
SO-2024-005604,3,2024-05-19,2024-05-19,CZ-PRG-01,C008641,VM-ACC-0023,1,5010.0,0.05,CZK
SO-2024-005605,1,2024-05-19,2024-05-19,CZ-PRG-01,,VM-APP-0001,1,2478.0,0.0,CZK
SO-2024-005606,1,2024-05-19,2024-05-19,CZ-PRG-01,C001863,VM-ACC-0020,5,4364.0,0.1,CZK
SO-2024-005607,1,2024-05-19,2024-05-19,CZ-PRG-01,,VM-BIK-0017,1,10290.0,0.0,CZK
SO-2024-005607,2,2024-05-19,2024-05-19,CZ-PRG-01,,VM-ACC-0018,2,269.0,0.0,CZK
SO-2024-005608,1,2024-05-19,2024-05-20,CZ-WEB-01,C008063,VM-ACC-0009,1,2155.0,0.05,CZK
SO-2024-005609,1,2024-05-19,2024-05-21,CZ-WEB-01,C008642,VM-ACC-0008,2,2155.0,0.0,CZK
SO-2024-005610,1,2024-05-19,2024-05-23,CZ-WEB-01,C006978,VM-CMP-0013,1,2855.0,0.05,CZK
SO-2024-005611,1,2024-05-19,2024-05-20,CZ-WEB-01,C005459,VM-ACC-0001,1,2047.0,0.0,CZK
SO-2024-005612,1,2024-05-19,2024-05-21,CZ-WEB-01,C003208,VM-CMP-0017,2,2694.0,0.0,CZK
SO-2024-005612,2,2024-05-19,2024-05-21,CZ-WEB-01,C003208, VM-EBK-0007 ,1,79197.0,0.0,CZK
SO-2024-005612,3,2024-05-19,2024-05-21,CZ-WEB-01,C003208,VM-APP-0012,1,4687.0,0.0,CZK
SO-2024-005613,1,2024-05-19,2024-05-23,CZ-WEB-01,C008329,VM-NUT-0010,2,189.0,0.05,CZK
SO-2024-005614,1,2024-05-19,2024-05-22,CZ-WEB-01,C003666,VM-BIK-0004,1,23005.0,0.05,CZK
SO-2024-005615,1,2024-05-19,2024-05-22,DE-WEB-01,C008643,VM-NUT-0003,8,2.47,0.1,EUR
SO-2024-005616,1,2024-05-19,2024-05-23,DE-WEB-01,C006551,VM-NUT-0004,10,1.57,0.05,EUR
SO-2024-005617,1,2024-05-19,2024-05-22,DE-WEB-01,C007727,VM-NUT-0003,9,2.47,0.05,EUR
SO-2024-005617,2,2024-05-19,2024-05-22,DE-WEB-01,C007727,VM-EBK-0009,1,2229.16,0.05,EUR
SO-2024-005618,1,2024-05-19,2024-05-20,DE-WEB-01,C008335,VM-CMP-0019,4,47.24,0.0,EUR
SO-2024-005619,1,2024-05-19,2024-05-20,DE-WEB-01,C004464,VM-CMP-0010,2,87.72,0.0,EUR
SO-2024-005620,1,2024-05-19,2024-05-21,DE-WEB-01,C005214,VM-EBK-0010,1,3034.45,0.0,EUR
SO-2024-005621,1,2024-05-20,2024-05-20,PL-WAW-01,C004811,VM-EBK-0002,1,9750.99,0.0,PLN
SO-2024-005621,2,2024-05-20,2024-05-20,PL-WAW-01,C004811,VM-NUT-0004,12,6.85,0.0,PLN
SO-2024-005622,1,2024-05-20,2024-05-20,PL-WAW-01,C008644,vm-acc-0007,2,352.79,0.0,PLN
SO-2024-005623,1,2024-05-20,2024-05-20,PL-WAW-01,C008645,VM-EBK-0003,1,8908.19,0.0,PLN
SO-2024-005623,2,2024-05-20,2024-05-20,PL-WAW-01,C008645,VM-BIK-0019,1,1185.79,0.0,PLN
SO-2024-005624,1,2024-05-20,2024-05-20,PL-WAW-01,,VM-NUT-0004,10,6.85,0.05,PLN
SO-2024-005624,2,2024-05-20,2024-05-20,PL-WAW-01,,VM-BIK-0003,1,6409.19,0.0,PLN
SO-2024-005625,1,2024-05-20,2024-05-20,PL-WAW-01,C006688,VM-ACC-0004,2,764.39,0.0,PLN
SO-2024-005625,2,2024-05-20,2024-05-20,PL-WAW-01,C006688,VM-BIK-0012,1,11573.79,0.0,PLN
SO-2024-005626,1,2024-05-20,2024-05-20,PL-WAW-01,C002279,VM-BIK-0013,1,4703.99,0.0,PLN
SO-2024-005627,1,2024-05-20,2024-05-20,PL-WAW-01,C006572,VM-BIK-0012,2,11573.79,0.1,PLN
SO-2024-005628,1,2024-05-20,2024-05-20,PL-WAW-02,C008646,VM-ACC-0005,2,176.39,0.05,PLN
SO-2024-005629,1,2024-05-20,2024-05-20,PL-WAW-02,C007578,VM-APP-0016,1,597.79,0.05,PLN
SO-2024-005630,1,2024-05-20,2024-05-20,PL-KRK-01,C008647,VM-ACC-0018,2,48.99,0.0,PLN
SO-2024-005631,1,2024-05-20,2024-05-20,PL-KRK-01,C008648,VM-BIK-0001,1,13416.19,0.0,PLN
SO-2024-005632,1,2024-05-20,2024-05-20,PL-KRK-01,C006397,VM-NUT-0003,13,10.77,0.0,PLN
SO-2024-005633,1,2024-05-20,2024-05-20,PL-KRK-01,C008649,VM-BIK-0007,1,6908.99,0.0,PLN
SO-2024-005634,1,2024-05-20,2024-05-20,PL-KRK-01,,VM-NUT-0006,10,9.79,0.0,PLN
SO-2024-005634,2,2024-05-20,2024-05-20,PL-KRK-01,,VM-CMP-0017,2,489.99,0.0,PLN
SO-2024-005635,1,2024-05-20,2024-05-20,PL-WRO-01,C004548,VM-ACC-0014,1,107.79,0.0,PLN
SO-2024-005635,2,2024-05-20,2024-05-20,PL-WRO-01,C004548,VM-NUT-0010,2,34.29,0.0,PLN
SO-2024-005636,1,2024-05-20,2024-05-20,PL-WRO-01,C008216,VM-NUT-0007,4,12.73,0.05,PLN
SO-2024-005636,2,2024-05-20,2024-05-20,PL-WRO-01,C008216,VM-ACC-0008,2,391.99,0.05,PLN
SO-2024-005637,1,2024-05-20,2024-05-20,PL-GDN-01,C008650,VM-CMP-0002,2,548.79,0.0,PLN
SO-2024-005638,1,2024-05-20,2024-05-20,PL-GDN-01,,VM-BIK-0001,1,13416.19,0.0,PLN
SO-2024-005639,1,2024-05-20,2024-05-20,PL-POZ-01,C008651,VM-EBK-0008,1,14797.99,0.0,PLN
SO-2024-005639,2,2024-05-20,2024-05-20,PL-POZ-01,C008651,VM-ACC-0014,1,107.79,0.0,PLN
SO-2024-005640,1,2024-05-20,2024-05-20,PL-POZ-01,C008652,VM-BIK-0003,1,6409.19,0.0,PLN
SO-2024-005640,2,2024-05-20,2024-05-20,PL-POZ-01,C008652,VM-ACC-0017,3,56.83,0.0,PLN
SO-2024-005641,1,2024-05-20,2024-05-20,PL-LDZ-01,,VM-NUT-0003,9,10.77,0.0,PLN
SO-2024-005641,2,2024-05-20,2024-05-20,PL-LDZ-01,,VM-ACC-0014,1,107.79,0.0,PLN
SO-2024-005641,3,2024-05-20,2024-05-20,PL-LDZ-01,,VM-EBK-0001,1,7516.59,0.0,PLN
SO-2024-005642,1,2024-05-20,2024-05-20,PL-LDZ-01,C008653,VM-APP-0020,2,176.39,0.0,PLN
SO-2024-005642,2,2024-05-20,2024-05-20,PL-LDZ-01,C008653,VM-APP-0002,2,431.19,0.0,PLN
SO-2024-005643,1,2024-05-20,2024-05-20,PL-LDZ-01,,VM-BIK-0009,1,5527.19,0.0,PLN
SO-2024-005644,1,2024-05-20,2024-05-22,PL-WEB-01,C007314,VM-EBK-0007,5,14405.99,0.1,PLN
SO-2024-005644,2,2024-05-20,2024-05-22,PL-WEB-01,C007314,VM-ACC-0003,6,284.19,0.08,PLN
SO-2024-005644,3,2024-05-20,2024-05-22,PL-WEB-01,C007314,VM-ACC-0018,4,48.99,0.12,PLN
SO-2024-005645,1,2024-05-20,2024-05-24,PL-WEB-01,C008654,VM-CMP-0011,2,156.79,0.0,PLN
SO-2024-005645,2,2024-05-20,2024-05-24,PL-WEB-01,C008654,VM-APP-0020,2,176.39,0.0,PLN
SO-2024-005645,3,2024-05-20,2024-05-24,PL-WEB-01,C008654,VM-ACC-0008,1,391.99,0.0,PLN
SO-2024-005646,1,2024-05-20,2024-05-24,PL-WEB-01,C002812,VM-ACC-0008,5,391.99,0.08,PLN
SO-2024-005646,2,2024-05-20,2024-05-24,PL-WEB-01,C002812,VM-ACC-0005,3,176.39,0.08,PLN
SO-2024-005647,1,2024-05-20,2024-05-22,PL-WEB-01,C008655,VM-ACC-0008,2,391.99,0.0,PLN
SO-2024-005648,1,2024-05-20,2024-05-23,PL-WEB-01,C007760,VM-APP-0010,8,166.59,0.08,PLN
SO-2024-005649,1,2024-05-20,2024-05-24,PL-WEB-01,C005291,VM-EBK-0008,1,14797.99,0.05,PLN
SO-2024-005650,1,2024-05-20,2024-05-24,PL-WEB-01,C001767,VM-BIK-0014,1,3753.39,0.0,PLN
SO-2024-005651,1,2024-05-20,2024-05-24,PL-WEB-01,C008076,VM-CMP-0006,2,195.99,0.0,PLN
SO-2024-005651,2,2024-05-20,2024-05-24,PL-WEB-01,C008076,VM-APP-0018,2,127.39,0.0,PLN
SO-2024-005651,3,2024-05-20,2024-05-24,PL-WEB-01,C008076,VM-APP-0013,1,431.19,0.05,PLN
SO-2024-005652,1,2024-05-20,2024-05-21,PL-WEB-01,C001317,VM-CMP-0005,1,1450.39,0.05,PLN
SO-2024-005653,1,2024-05-20,2024-05-22,PL-WEB-01,C008656,VM-CMP-0014,1,421.39,0.1,PLN
SO-2024-005654,1,2024-05-20,2024-05-24,PL-WEB-01,C003787,VM-ACC-0009,2,391.99,0.0,PLN
SO-2024-005654,2,2024-05-20,2024-05-24,PL-WEB-01,C003787,VM-BIK-0008,1,5203.79,0.0,PLN
SO-2024-005654,3,2024-05-20,2024-05-24,PL-WEB-01,C003787,VM-BIK-0007,1,6908.99,0.0,PLN
SO-2024-005655,1,2024-05-20,2024-05-23,PL-WEB-01,C008657,VM-APP-0010,1,166.59,0.0,PLN
SO-2024-005656,1,2024-05-20,2024-05-21,PL-WEB-01,C008658,VM-ACC-0008,2,391.99,0.0,PLN
SO-2024-005657,1,2024-05-20,2024-05-21,PL-WEB-01,C001874,VM-NUT-0004,39,6.85,0.12,PLN
SO-2024-005657,2,2024-05-20,2024-05-21,PL-WEB-01,C001874,VM-ACC-0020,3,793.79,0.12,PLN
SO-2024-005658,1,2024-05-20,2024-05-23,PL-WEB-01,C007923,VM-APP-0010,2,166.59,0.0,PLN
SO-2024-005659,1,2024-05-20,2024-05-23,PL-WEB-01,C008659,VM-BIK-0007,1,6908.99,0.05,PLN
SO-2024-005659,2,2024-05-20,2024-05-23,PL-WEB-01,C008659,VM-ACC-0001,1,372.39,0.05,PLN
SO-2024-005659,3,2024-05-20,2024-05-23,PL-WEB-01,C008659,VM-ACC-0008,2,391.99,0.05,PLN
SO-2024-005660,1,2024-05-20,2024-05-24,PL-WEB-01,C008660,VM-NUT-0011,3,52.91,0.05,PLN
SO-2024-005660,2,2024-05-20,2024-05-24,PL-WEB-01,C008660,VM-BIK-0002,1,9437.39,0.05,PLN
SO-2024-005661,1,2024-05-20,2024-05-24,PL-WEB-01,C000139,VM-NUT-0004,12,6.85,0.08,PLN
SO-2024-005662,1,2024-05-20,2024-05-21,PL-MKT-01,C008661,VM-ACC-0013,1,166.59,0.0,PLN
SO-2024-005662,2,2024-05-20,2024-05-21,PL-MKT-01,C008661,VM-NUT-0004,6,6.85,0.0,PLN
SO-2024-005663,1,2024-05-20,2024-05-24,PL-MKT-01,C006701,VM-EBK-0002,1,9750.99,0.0,PLN
SO-2024-005664,1,2024-05-20,2024-05-21,PL-MKT-01,C008662,VM-NUT-0002,9,14.69,0.05,PLN
SO-2024-005664,2,2024-05-20,2024-05-21,PL-MKT-01,C008662,VM-APP-0011,2,401.79,0.05,PLN
SO-2024-005664,3,2024-05-20,2024-05-21,PL-MKT-01,C008662,VM-BIK-0012,1,11573.79,0.05,PLN
SO-2024-005665,1,2024-05-20,2024-05-21,PL-MKT-01,C000513,VM-BIK-0015,1,3028.19,0.05,PLN
SO-2024-005665,2,2024-05-20,2024-05-21,PL-MKT-01,C000513,VM-ACC-0013,1,166.59,0.05,PLN
SO-2024-005666,1,2024-05-20,2024-05-22,PL-MKT-01,C006015,VM-CMP-0001,2,391.99,0.0,PLN
SO-2024-005667,1,2024-05-20,2024-05-23,PL-MKT-01,C000956,VM-NUT-0007,9,12.73,0.0,PLN
SO-2024-005667,2,2024-05-20,2024-05-23,PL-MKT-01,C000956,VM-ACC-0014,1,107.79,0.0,PLN
SO-2024-005668,1,2024-05-20,2024-05-21,PL-MKT-01,C008663,VM-BIK-0002,4,9437.39,0.08,PLN
SO-2024-005669,1,2024-05-20,2024-05-20,CZ-PRG-01,,VM-CMP-0019,2,1131.0,0.0,CZK
SO-2024-005670,1,2024-05-20,2024-05-20,CZ-PRG-01,C007229,VM-ACC-0009,1,2155.0,0.05,CZK
SO-2024-005670,2,2024-05-20,2024-05-20,CZ-PRG-01,C007229,VM-BIK-0014,1,20634.0,0.05,CZK
SO-2024-005670,3,2024-05-20,2024-05-20,CZ-PRG-01,C007229,VM-NUT-0005,12,48.0,0.1,CZK
SO-2024-005670,4,2024-05-20,2024-05-20,CZ-PRG-01,C007229,VM-ACC-0017,3,312.0,0.05,CZK
SO-2024-005671,1,2024-05-20,2024-05-22,CZ-WEB-01,C002726,VM-CMP-0009,2,1886.0,0.0,CZK
SO-2024-005672,1,2024-05-20,2024-05-24,CZ-WEB-01,C008664,VM-ACC-0013,1,916.0,0.0,CZK
SO-2024-005672,2,2024-05-20,2024-05-24,CZ-WEB-01,C008664,VM-APP-0011,1,2209.0,0.0,CZK
SO-2024-005672,3,2024-05-20,2024-05-24,CZ-WEB-01,C008664,VM-CMP-0018,2,334.0,0.0,CZK
SO-2024-005672,4,2024-05-20,2024-05-24,CZ-WEB-01,C008664,VM-ACC-0008,2,2155.0,0.0,CZK
SO-2024-005673,1,2024-05-20,2024-05-23,CZ-WEB-01,C008665,VM-BIK-0017,1,10290.0,0.05,CZK
SO-2024-005674,1,2024-05-20,2024-05-21,CZ-WEB-01,C008666,VM-CMP-0005,1,7974.0,0.0,CZK
SO-2024-005675,1,2024-05-20,2024-05-22,CZ-WEB-01,C002309,VM-BIK-0005,1,39922.0,0.0,CZK
SO-2024-005676,1,2024-05-20,2024-05-20,DE-BER-01,C000039,VM-CMP-0002,2,125.96,0.05,EUR
SO-2024-005676,2,2024-05-20,2024-05-20,DE-BER-01,C000039,VM-NUT-0004,8,1.57,0.0,EUR
SO-2024-005677,1,2024-05-20,2024-05-20,DE-BER-01,C008667,VM-ACC-0009,1,89.97,0.0,EUR
SO-2024-005677,2,2024-05-20,2024-05-20,DE-BER-01,C008667,VM-NUT-0009,4,19.12,0.0,EUR
SO-2024-005677,3,2024-05-20,2024-05-20,DE-BER-01,C008667,VM-BIK-0001,1,3079.44,0.0,EUR
SO-2024-005678,1,2024-05-20,2024-05-20,DE-BER-01,C008668,VM-NUT-0010,3,7.87,0.0,EUR
SO-2024-005679,1,2024-05-20,2024-05-21,DE-WEB-01,C008669,VM-CMP-0005,2,332.91,0.0,EUR
SO-2024-005679,2,2024-05-20,2024-05-21,DE-WEB-01,C008669,VM-CMP-0016,2,553.35,0.0,EUR
SO-2024-005680,1,2024-05-20,2024-05-23,DE-WEB-01,C006860, VM-APP-0007 ,2,35.99,0.0,EUR
SO-2024-005680,2,2024-05-20,2024-05-23,DE-WEB-01,C006860,VM-EBK-0003,1,2044.71,0.0,EUR
SO-2024-005681,1,2024-05-20,2024-05-23,DE-WEB-01,C008670,VM-EBK-0007,1,3306.63,0.05,EUR
SO-2024-005681,2,2024-05-20,2024-05-23,DE-WEB-01,C008670,VM-ACC-0019,2,11.24,0.0,EUR
SO-2024-005682,1,2024-05-20,2024-05-21,DE-WEB-01,C005517,VM-NUT-0004,3,1.57,0.0,EUR
SO-2024-005682,2,2024-05-20,2024-05-21,DE-WEB-01,C005517,VM-BIK-0007,1,1585.83,0.0,EUR
SO-2024-005682,3,2024-05-20,2024-05-21,DE-WEB-01,C005517,VM-BIK-0001,1,3079.44,0.0,EUR
SO-2024-005682,4,2024-05-20,2024-05-21,DE-WEB-01,C005517,VM-NUT-0001,8,2.02,0.0,EUR
SO-2024-005683,1,2024-05-20,2024-05-23,DE-WEB-01,C008671,VM-ACC-0011,1,16.19,0.0,EUR
SO-2024-005683,2,2024-05-20,2024-05-23,DE-WEB-01,C008671,VM-BIK-0001,1,3079.44,0.0,EUR
SO-2024-005684,1,2024-05-20,2024-05-21,DE-WEB-01,C004762,VM-NUT-0011,3,12.14,0.1,EUR
SO-2024-005685,1,2024-05-20,2024-05-24,DE-WEB-01,C008672,VM-ACC-0017,1,13.04,0.0,EUR
SO-2024-005685,2,2024-05-20,2024-05-24,DE-WEB-01,C008672,VM-EBK-0003,1,2044.71,0.0,EUR
SO-2024-005686,1,2024-05-20,2024-05-24,DE-WEB-01,C008673,VM-BIK-0017,1,429.63,0.0,EUR
SO-2024-005687,1,2024-05-20,2024-05-23,DE-WEB-01,C008674,VM-APP-0007,2,35.99,0.0,EUR
SO-2024-005687,2,2024-05-20,2024-05-23,DE-WEB-01,C008674,VM-APP-0012,1,195.7,0.0,EUR
SO-2024-005688,1,2024-05-20,2024-05-24,DE-WEB-01,C002424,VM-NUT-0002,14,3.37,0.0,EUR
SO-2024-005688,2,2024-05-20,2024-05-24,DE-WEB-01,C002424,VM-BIK-0010,1,1421.62,0.0,EUR
SO-2024-005688,3,2024-05-20,2024-05-24,DE-WEB-01,C002424,VM-ACC-0001,2,85.48,0.0,EUR
SO-2024-005689,1,2024-05-20,2024-05-23,DE-WEB-01,C007700,VM-APP-0006,3,69.73,0.0,EUR
SO-2024-005689,2,2024-05-20,2024-05-23,DE-WEB-01,C007700,VM-ACC-0022,1,353.15,0.0,EUR
SO-2024-005690,1,2024-05-21,2024-05-21,PL-WAW-01,,VM-BIK-0021,1,1224.99,0.0,PLN
SO-2024-005690,2,2024-05-21,2024-05-21,PL-WAW-01,,VM-ACC-0011,2,70.55,0.0,PLN
SO-2024-005691,1,2024-05-21,2024-05-21,PL-WAW-01,C008675,VM-CMP-0001,2,391.99,0.0,PLN
SO-2024-005691,2,2024-05-21,2024-05-21,PL-WAW-01,C008675,VM-ACC-0017,1,56.83,0.0,PLN
SO-2024-005692,1,2024-05-21,2024-05-21,PL-WAW-01,C008676,VM-APP-0003,2,303.79,0.05,PLN
SO-2024-005692,2,2024-05-21,2024-05-21,PL-WAW-01,C008676,VM-ACC-0008,2,391.99,0.05,PLN
SO-2024-005693,1,2024-05-21,2024-05-21,PL-WAW-01,C008677,VM-ACC-0008,2,391.99,0.0,PLN
SO-2024-005693,2,2024-05-21,2024-05-21,PL-WAW-01,C008677,vm-acc-0022,1,1538.59,0.0,PLN
SO-2024-005694,1,2024-05-21,2024-05-21,PL-WAW-01,C004110,VM-CMP-0008,1,431.19,0.05,PLN
SO-2024-005694,2,2024-05-21,2024-05-21,PL-WAW-01,C004110,VM-APP-0017,1,186.19,0.05,PLN
SO-2024-005695,1,2024-05-21,2024-05-21,PL-WAW-01,C006284,VM-APP-0009,2,342.99,0.0,PLN
SO-2024-005696,1,2024-05-21,2024-05-21,PL-WAW-01,,VM-EBK-0003,1,8908.19,0.0,PLN
SO-2024-005696,2,2024-05-21,2024-05-21,PL-WAW-01,,VM-NUT-0011,2,52.91,0.0,PLN
SO-2024-005697,1,2024-05-21,2024-05-21,PL-WAW-01,C005686,VM-NUT-0004,10,6.85,0.0,PLN
SO-2024-005698,1,2024-05-21,2024-05-21,PL-WAW-02,C006052,VM-ACC-0007,2,352.79,0.0,PLN
SO-2024-005699,1,2024-05-21,2024-05-21,PL-WAW-02,C008678,VM-ACC-0002,1,597.79,0.0,PLN
SO-2024-005699,2,2024-05-21,2024-05-21,PL-WAW-02,C008678,VM-ACC-0007,1,352.79,0.0,PLN
SO-2024-005700,1,2024-05-21,2024-05-21,PL-WAW-02,C008679,VM-EBK-0009,1,9711.79,0.0,PLN
SO-2024-005701,1,2024-05-21,2024-05-21,PL-WAW-02,C000112,VM-ACC-0013,1,166.59,0.0,PLN
SO-2024-005702,1,2024-05-21,2024-05-21,PL-WAW-02,,VM-APP-0003,2,303.79,0.0,PLN
SO-2024-005703,1,2024-05-21,2024-05-21,PL-WAW-02,C002540,VM-BIK-0013,1,4703.99,0.05,PLN
SO-2024-005703,2,2024-05-21,2024-05-21,PL-WAW-02,C002540,VM-APP-0003,3,303.79,0.05,PLN
SO-2024-005704,1,2024-05-21,2024-05-21,PL-KRK-01,C008680,VM-EBK-0009,1,9711.79,0.0,PLN
SO-2024-005705,1,2024-05-21,2024-05-21,PL-KRK-01,C008681,VM-CMP-0004,2,705.59,0.05,PLN
SO-2024-005705,2,2024-05-21,2024-05-21,PL-KRK-01,C008681,VM-BIK-0011,1,8476.99,0.05,PLN
SO-2024-005706,1,2024-05-21,2024-05-21,PL-KRK-01,C001594,VM-APP-0010,2,166.59,0.0,PLN
SO-2024-005706,2,2024-05-21,2024-05-21,PL-KRK-01,C001594,VM-NUT-0002,13,14.69,0.0,PLN
SO-2024-005706,3,2024-05-21,2024-05-21,PL-KRK-01,C001594,VM-ACC-0008,1,391.99,0.0,PLN
SO-2024-005707,1,2024-05-21,2024-05-21,PL-KRK-01,,VM-BIK-0008,1,5203.79,0.0,PLN
SO-2024-005708,1,2024-05-21,2024-05-21,PL-KRK-01,,VM-ACC-0012,1,70.55,0.0,PLN
SO-2024-005708,2,2024-05-21,2024-05-21,PL-KRK-01,,VM-APP-0013,1,431.19,0.0,PLN
SO-2024-005709,1,2024-05-21,2024-05-21,PL-KRK-01,,VM-CMP-0020,2,254.79,0.0,PLN
SO-2024-005709,2,2024-05-21,2024-05-21,PL-KRK-01,,VM-BIK-0022,1,1371.99,0.0,PLN
SO-2024-005710,1,2024-05-21,2024-05-21,PL-KRK-01,C004152,VM-APP-0006,3,303.79,0.0,PLN
SO-2024-005711,1,2024-05-21,2024-05-21,PL-KRK-01,C001573,VM-ACC-0017,3,56.83,0.0,PLN
SO-2024-005711,2,2024-05-21,2024-05-21,PL-KRK-01,C001573,VM-CMP-0006,1,195.99,0.0,PLN
SO-2024-005711,3,2024-05-21,2024-05-21,PL-KRK-01,C001573,VM-APP-0013,1,431.19,0.0,PLN
SO-2024-005712,1,2024-05-21,2024-05-21,PL-WRO-01,C005119,VM-BIK-0011,1,8476.99,0.0,PLN
SO-2024-005712,2,2024-05-21,2024-05-21,PL-WRO-01,C005119,VM-ACC-0014,1,107.79,0.0,PLN
SO-2024-005712,3,2024-05-21,2024-05-21,PL-WRO-01,C005119,VM-ACC-0008,2,391.99,0.0,PLN
SO-2024-005712,4,2024-05-21,2024-05-21,PL-WRO-01,C005119,VM-BIK-0014,1,3753.39,0.0,PLN
SO-2024-005713,1,2024-05-21,2024-05-21,PL-WRO-01,C008682,VM-BIK-0007,1,6908.99,0.0,PLN
SO-2024-005713,2,2024-05-21,2024-05-21,PL-WRO-01,C008682,VM-ACC-0003,2,284.19,0.0,PLN
SO-2024-005714,1,2024-05-21,2024-05-21,PL-GDN-01,C007314,VM-NUT-0010,2,34.29,0.12,PLN
SO-2024-005714,2,2024-05-21,2024-05-21,PL-GDN-01,C007314,VM-EBK-0002,3,9750.99,0.1,PLN
SO-2024-005714,3,2024-05-21,2024-05-21,PL-GDN-01,C007314,VM-BIK-0019,2,1185.79,0.08,PLN
SO-2024-005715,1,2024-05-21,2024-05-21,PL-GDN-01,,VM-ACC-0010,1,244.99,0.0,PLN
SO-2024-005716,1,2024-05-21,2024-05-21,PL-GDN-01,,VM-BIK-0003,1,6409.19,0.0,PLN
SO-2024-005717,1,2024-05-21,2024-05-21,PL-GDN-01,C008683,VM-BIK-0007,1,6908.99,0.0,PLN
SO-2024-005718,1,2024-05-21,2024-05-21,PL-GDN-01,C008684,VM-APP-0010,2,166.59,0.0,PLN
SO-2024-005719,1,2024-05-21,2024-05-21,PL-POZ-01,,VM-ACC-0008,1,391.99,0.0,PLN
SO-2024-005720,1,2024-05-21,2024-05-21,PL-POZ-01,C006330,VM-NUT-0004,4,6.85,0.0,PLN
SO-2024-005721,1,2024-05-21,2024-05-21,PL-POZ-01,C007456,VM-BIK-0021,1,1224.99,0.0,PLN
SO-2024-005721,2,2024-05-21,2024-05-21,PL-POZ-01,C007456,VM-ACC-0007,1,352.79,0.0,PLN
SO-2024-005721,3,2024-05-21,2024-05-21,PL-POZ-01,C007456,VM-ACC-0004,2,764.39,0.0,PLN
SO-2024-005722,1,2024-05-21,2024-05-21,PL-LDZ-01,C005009,VM-EBK-0001,1,7516.59,0.0,PLN
SO-2024-005723,1,2024-05-21,2024-05-25,PL-WEB-01,C007415,VM-BIK-0001,1,13416.19,0.05,PLN
SO-2024-005724,1,2024-05-21,2024-05-22,PL-WEB-01,C008473,VM-ACC-0008,2,391.99,0.05,PLN
SO-2024-005724,2,2024-05-21,2024-05-22,PL-WEB-01,C008473,VM-ACC-0014,1,107.79,0.05,PLN
SO-2024-005725,1,2024-05-21,2024-05-23,PL-WEB-01,C006586,VM-BIK-0015,1,3028.19,0.0,PLN
SO-2024-005725,2,2024-05-21,2024-05-23,PL-WEB-01,C006586, VM-ACC-0014 ,1,107.79,0.0,PLN
SO-2024-005726,1,2024-05-21,2024-05-25,PL-WEB-01,C004866,VM-NUT-0004,14,6.85,0.05,PLN
SO-2024-005726,2,2024-05-21,2024-05-25,PL-WEB-01,C004866,VM-EBK-0001,1,7516.59,0.05,PLN
SO-2024-005726,3,2024-05-21,2024-05-25,PL-WEB-01,C004866,VM-NUT-0002,10,14.69,0.05,PLN
SO-2024-005726,4,2024-05-21,2024-05-25,PL-WEB-01,C004866,VM-BIK-0007,1,6908.99,0.05,PLN
SO-2024-005727,1,2024-05-21,2024-05-22,PL-WEB-01,C008685,VM-ACC-0001,1,372.39,0.05,PLN
SO-2024-005727,2,2024-05-21,2024-05-22,PL-WEB-01,C008685,VM-ACC-0007,1,352.79,0.05,PLN
SO-2024-005727,3,2024-05-21,2024-05-22,PL-WEB-01,C008685,VM-CMP-0019,3,205.79,0.05,PLN
SO-2024-005728,1,2024-05-21,2024-05-25,PL-WEB-01,C001362,VM-BIK-0014,1,3753.39,0.0,PLN
SO-2024-005728,2,2024-05-21,2024-05-25,PL-WEB-01,C001362,VM-ACC-0003,1,284.19,0.1,PLN
SO-2024-005729,1,2024-05-21,2024-05-22,PL-WEB-01,C008686,VM-APP-0007,2,156.79,0.0,PLN
SO-2024-005729,2,2024-05-21,2024-05-22,PL-WEB-01,C008686,VM-ACC-0015,1,342.99,0.0,PLN
SO-2024-005729,3,2024-05-21,2024-05-22,PL-WEB-01,C008686,VM-BIK-0012,1,11573.79,0.0,PLN
SO-2024-005730,1,2024-05-21,2024-05-25,PL-WEB-01,C008588,VM-BIK-0012,1,11573.79,0.05,PLN
SO-2024-005731,1,2024-05-21,2024-05-25,PL-WEB-01,C008687,VM-BIK-0014,1,3753.39,0.0,PLN
SO-2024-005732,1,2024-05-21,2024-05-22,PL-WEB-01,C008688,VM-ACC-0021,1,764.39,0.0,PLN
SO-2024-005733,1,2024-05-21,2024-05-25,PL-WEB-01,C008689,VM-CMP-0022,4,35.27,0.0,PLN
SO-2024-005733,2,2024-05-21,2024-05-25,PL-WEB-01,C008689,VM-EBK-0011,1,14347.19,0.0,PLN
SO-2024-005733,3,2024-05-21,2024-05-25,PL-WEB-01,C008689,VM-CMP-0015,2,901.59,0.0,PLN
SO-2024-005733,4,2024-05-21,2024-05-25,PL-WEB-01,C008689,VM-CMP-0019,2,205.79,0.0,PLN
SO-2024-005734,1,2024-05-21,2024-05-22,PL-WEB-01,C005450,VM-APP-0001,1,450.79,0.0,PLN
SO-2024-005735,1,2024-05-21,2024-05-25,PL-WEB-01,C006248,VM-NUT-0006,24,9.79,0.12,PLN
SO-2024-005735,2,2024-05-21,2024-05-25,PL-WEB-01,C006248,VM-BIK-0012,3,11573.79,0.12,PLN
SO-2024-005735,3,2024-05-21,2024-05-25,PL-WEB-01,C006248,VM-BIK-0004,5,4184.59,0.08,PLN
SO-2024-005736,1,2024-05-21,2024-05-25,PL-MKT-01,C008690,VM-EBK-0003,1,8908.19,0.1,PLN
SO-2024-005736,2,2024-05-21,2024-05-25,PL-MKT-01,C008690,VM-ACC-0008,1,391.99,0.0,PLN
SO-2024-005737,1,2024-05-21,2024-05-25,PL-MKT-01,C008144,VM-EBK-0008,1,14797.99,0.0,PLN
SO-2024-005737,2,2024-05-21,2024-05-25,PL-MKT-01,C008144,VM-ACC-0019,3,48.99,0.0,PLN
SO-2024-005738,1,2024-05-21,2024-05-24,PL-MKT-01,C008691,VM-NUT-0006,5,9.79,0.0,PLN
SO-2024-005739,1,2024-05-21,2024-05-22,PL-MKT-01,C008692,VM-BIK-0014,1,3753.39,0.0,PLN
SO-2024-005740,1,2024-05-21,2024-05-23,PL-MKT-01,C008693,VM-EBK-0001,1,7516.59,0.0,PLN
SO-2024-005741,1,2024-05-21,2024-05-21,CZ-PRG-01,C006817,VM-CMP-0017,1,2694.0,0.0,CZK
SO-2024-005742,1,2024-05-21,2024-05-21,CZ-PRG-01,C005004,VM-CMP-0017,1,2694.0,0.0,CZK
SO-2024-005742,2,2024-05-21,2024-05-21,CZ-PRG-01,C005004, VM-ACC-0009 ,2,2155.0,0.0,CZK
SO-2024-005742,3,2024-05-21,2024-05-21,CZ-PRG-01,C005004,VM-ACC-0008,1,2155.0,0.0,CZK
SO-2024-005742,4,2024-05-21,2024-05-21,CZ-PRG-01,C005004,VM-APP-0001,1,2478.0,0.0,CZK
SO-2024-005743,1,2024-05-21,2024-05-21,CZ-PRG-01,C002499,VM-CMP-0013,2,2855.0,0.05,CZK
SO-2024-005743,2,2024-05-21,2024-05-21,CZ-PRG-01,C002499,VM-CMP-0005,1,7974.0,0.05,CZK
SO-2024-005744,1,2024-05-21,2024-05-21,CZ-PRG-01,C008694,VM-ACC-0008,1,2155.0,0.05,CZK
SO-2024-005744,2,2024-05-21,2024-05-21,CZ-PRG-01,C008694,VM-APP-0020,2,970.0,0.05,CZK
SO-2024-005745,1,2024-05-21,2024-05-24,CZ-WEB-01,C008695,VM-ACC-0012,1,388.0,0.0,CZK
SO-2024-005746,1,2024-05-21,2024-05-22,CZ-WEB-01,C007846,VM-ACC-0010,2,1347.0,0.0,CZK
SO-2024-005747,1,2024-05-21,2024-05-25,CZ-WEB-01,C008555,VM-BIK-0003,1,35235.0,0.0,CZK
SO-2024-005748,1,2024-05-21,2024-05-24,CZ-WEB-01,C008696,VM-BIK-0018,1,12930.0,0.0,CZK
SO-2024-005748,2,2024-05-21,2024-05-24,CZ-WEB-01,C008696,VM-ACC-0001,2,2047.0,0.0,CZK
SO-2024-005748,3,2024-05-21,2024-05-24,CZ-WEB-01,C008696,VM-ACC-0004,1,4202.0,0.0,CZK
SO-2024-005749,1,2024-05-21,2024-05-24,CZ-WEB-01,C008697,VM-ACC-0007,1,1939.0,0.0,CZK
SO-2024-005750,1,2024-05-21,2024-05-21,DE-BER-01,C008698,VM-CMP-0007,1,141.71,0.0,EUR
SO-2024-005750,2,2024-05-21,2024-05-21,DE-BER-01,C008698,VM-ACC-0014,1,24.74,0.0,EUR
SO-2024-005751,1,2024-05-21,2024-05-21,DE-BER-01,,VM-ACC-0017,1,13.04,0.0,EUR
SO-2024-005751,2,2024-05-21,2024-05-21,DE-BER-01,,VM-BIK-0003,1,1471.11,0.0,EUR
SO-2024-005752,1,2024-05-21,2024-05-23,DE-WEB-01,C008699,VM-ACC-0018,1,11.24,0.0,EUR
SO-2024-005752,2,2024-05-21,2024-05-23,DE-WEB-01,C008699,VM-BIK-0021,1,281.17,0.0,EUR
SO-2024-005753,1,2024-05-21,2024-05-25,DE-WEB-01,C008700,VM-APP-0001,3,103.47,0.0,EUR
SO-2024-005753,2,2024-05-21,2024-05-25,DE-WEB-01,C008700,VM-NUT-0005,7,2.02,0.0,EUR
SO-2024-005753,3,2024-05-21,2024-05-25,DE-WEB-01,C008700,VM-BIK-0011,1,1945.74,0.0,EUR
SO-2024-005754,1,2024-05-21,2024-05-23,DE-WEB-01,C006416,vm-acc-0023,2,209.19,0.1,EUR
SO-2024-005754,2,2024-05-21,2024-05-23,DE-WEB-01,C006416,VM-BIK-0015,2,695.07,0.12,EUR
SO-2024-005755,1,2024-05-21,2024-05-24,DE-WEB-01,C007106,VM-BIK-0009,5,1268.66,0.12,EUR
SO-2024-005755,2,2024-05-21,2024-05-24,DE-WEB-01,C007106,VM-ACC-0003,6,65.23,0.08,EUR
SO-2024-005756,1,2024-05-22,2024-05-22,PL-WAW-01,C008701,VM-BIK-0014,1,3753.39,0.0,PLN
SO-2024-005756,2,2024-05-22,2024-05-22,PL-WAW-01,C008701,VM-ACC-0008,2,391.99,0.0,PLN
SO-2024-005757,1,2024-05-22,2024-05-22,PL-WAW-01,C007781, VM-APP-0001 ,2,450.79,0.05,PLN
SO-2024-005757,2,2024-05-22,2024-05-22,PL-WAW-01,C007781,VM-APP-0017,2,186.19,0.05,PLN
SO-2024-005757,3,2024-05-22,2024-05-22,PL-WAW-01,C007781,VM-ACC-0018,1,48.99,0.05,PLN
SO-2024-005757,4,2024-05-22,2024-05-22,PL-WAW-01,C007781,VM-APP-0010,2,166.59,0.05,PLN
SO-2024-005758,1,2024-05-22,2024-05-22,PL-WAW-01,C008702,VM-CMP-0006,1,195.99,0.0,PLN
SO-2024-005759,1,2024-05-22,2024-05-22,PL-WAW-01,C008703,VM-APP-0005,2,176.39,0.0,PLN
SO-2024-005760,1,2024-05-22,2024-05-22,PL-WAW-01,C008704,VM-APP-0011,1,401.79,0.0,PLN
SO-2024-005761,1,2024-05-22,2024-05-22,PL-WAW-01,C008705,VM-ACC-0019,1,48.99,0.0,PLN
SO-2024-005762,1,2024-05-22,2024-05-22,PL-WAW-02,C008706,VM-BIK-0007,1,6908.99,0.0,PLN
SO-2024-005763,1,2024-05-22,2024-05-22,PL-WAW-02,C003634,VM-BIK-0008,1,5203.79,0.0,PLN
SO-2024-005763,2,2024-05-22,2024-05-22,PL-WAW-02,C003634,VM-ACC-0011,1,70.55,0.0,PLN
SO-2024-005764,1,2024-05-22,2024-05-22,PL-WAW-02,C004857,VM-NUT-0002,4,14.69,0.05,PLN
SO-2024-005765,1,2024-05-22,2024-05-22,PL-WAW-02,,VM-CMP-0019,1,205.79,0.0,PLN
SO-2024-005766,1,2024-05-22,2024-05-22,PL-WAW-02,C008467,VM-ACC-0008,2,391.99,0.0,PLN
SO-2024-005767,1,2024-05-22,2024-05-22,PL-KRK-01,C008707,VM-APP-0001,3,450.79,0.0,PLN
SO-2024-005767,2,2024-05-22,2024-05-22,PL-KRK-01,C008707,VM-APP-0010,1,166.59,0.0,PLN
SO-2024-005767,3,2024-05-22,2024-05-22,PL-KRK-01,C008707,VM-NUT-0011,1,52.91,0.0,PLN
SO-2024-005767,4,2024-05-22,2024-05-22,PL-KRK-01,C008707,VM-ACC-0013,1,166.59,0.0,PLN
SO-2024-005768,1,2024-05-22,2024-05-22,PL-KRK-01,C008678,VM-APP-0002,1,431.19,0.0,PLN
SO-2024-005769,1,2024-05-22,2024-05-22,PL-KRK-01,C004827,VM-ACC-0003,2,284.19,0.0,PLN
SO-2024-005770,1,2024-05-22,2024-05-22,PL-KRK-01,C008605,VM-EBK-0011,1,14347.19,0.05,PLN
SO-2024-005770,2,2024-05-22,2024-05-22,PL-KRK-01,C008605,VM-NUT-0007,9,12.73,0.05,PLN
SO-2024-005771,1,2024-05-22,2024-05-22,PL-KRK-01,C008708,VM-ACC-0020,1,793.79,0.0,PLN
SO-2024-005772,1,2024-05-22,2024-05-22,PL-WRO-01,C004985,VM-ACC-0003,2,284.19,0.12,PLN
SO-2024-005772,2,2024-05-22,2024-05-22,PL-WRO-01,C004985,VM-CMP-0017,2,489.99,0.1,PLN
SO-2024-005773,1,2024-05-22,2024-05-22,PL-WRO-01,,VM-NUT-0011,4,52.91,0.0,PLN
SO-2024-005773,2,2024-05-22,2024-05-22,PL-WRO-01,,VM-APP-0006,3,303.79,0.0,PLN
SO-2024-005774,1,2024-05-22,2024-05-22,PL-WRO-01,C000476,VM-ACC-0014,1,107.79,0.0,PLN
SO-2024-005775,1,2024-05-22,2024-05-22,PL-WRO-01,C008709,VM-APP-0010,1,166.59,0.05,PLN
SO-2024-005776,1,2024-05-22,2024-05-22,PL-WRO-01,,VM-APP-0006,3,303.79,0.05,PLN
SO-2024-005776,2,2024-05-22,2024-05-22,PL-WRO-01,,VM-CMP-0022,4,35.27,0.0,PLN
SO-2024-005777,1,2024-05-22,2024-05-22,PL-WRO-01,,VM-ACC-0008,2,391.99,0.0,PLN
SO-2024-005777,2,2024-05-22,2024-05-22,PL-WRO-01,,VM-BIK-0007,1,6908.99,0.0,PLN
SO-2024-005778,1,2024-05-22,2024-05-22,PL-GDN-01,C003544,VM-EBK-0001,4,7516.59,0.1,PLN
SO-2024-005778,2,2024-05-22,2024-05-22,PL-GDN-01,C003544,VM-ACC-0007,6,352.79,0.1,PLN
SO-2024-005778,3,2024-05-22,2024-05-22,PL-GDN-01,C003544,VM-ACC-0015,5,342.99,0.1,PLN
SO-2024-005778,4,2024-05-22,2024-05-22,PL-GDN-01,C003544,VM-ACC-0002,4,597.79,0.1,PLN
SO-2024-005779,1,2024-05-22,2024-05-22,PL-GDN-01,C003109,VM-NUT-0003,9,10.77,0.0,PLN
SO-2024-005780,1,2024-05-22,2024-05-22,PL-POZ-01,C007181,VM-BIK-0011,1,8476.99,0.0,PLN
SO-2024-005780,2,2024-05-22,2024-05-22,PL-POZ-01,C007181,VM-ACC-0010,2,244.99,0.0,PLN
SO-2024-005781,1,2024-05-22,2024-05-22,PL-POZ-01,C008710,VM-NUT-0009,3,83.29,0.0,PLN
SO-2024-005782,1,2024-05-22,2024-05-22,PL-LDZ-01,,VM-NUT-0007,7,12.73,0.0,PLN
SO-2024-005782,2,2024-05-22,2024-05-22,PL-LDZ-01,,VM-CMP-0009,2,342.99,0.0,PLN
SO-2024-005782,3,2024-05-22,2024-05-22,PL-LDZ-01,,VM-APP-0018,2,127.39,0.0,PLN
SO-2024-005783,1,2024-05-22,2024-05-22,PL-LDZ-01,C008711,VM-CMP-0017,2,489.99,0.0,PLN
SO-2024-005784,1,2024-05-22,2024-05-22,PL-LDZ-01,C008712,VM-APP-0011,2,401.79,0.0,PLN
SO-2024-005785,1,2024-05-22,2024-05-26,PL-WEB-01,C008713,VM-ACC-0004,1,764.39,0.1,PLN
SO-2024-005786,1,2024-05-22,2024-05-25,PL-WEB-01,C008714,VM-CMP-0007,2,617.39,0.05,PLN
SO-2024-005786,2,2024-05-22,2024-05-25,PL-WEB-01,C008714,VM-ACC-0017,1,56.83,0.05,PLN
SO-2024-005787,1,2024-05-22,2024-05-24,PL-WEB-01,C008715,VM-APP-0004,2,235.19,0.1,PLN
SO-2024-005787,2,2024-05-22,2024-05-24,PL-WEB-01,C008715,VM-CMP-0016,2,2410.79,0.05,PLN
SO-2024-005788,1,2024-05-22,2024-05-26,PL-WEB-01,C000341,VM-ACC-0008,2,391.99,0.0,PLN
SO-2024-005789,1,2024-05-22,2024-05-23,PL-WEB-01,C008716,VM-BIK-0013,1,4703.99,0.0,PLN
SO-2024-005789,2,2024-05-22,2024-05-23,PL-WEB-01,C008716,VM-CMP-0006,1,195.99,0.0,PLN
SO-2024-005790,1,2024-05-22,2024-05-24,PL-WEB-01,C008717,VM-BIK-0018,1,2351.99,0.0,PLN
SO-2024-005790,2,2024-05-22,2024-05-24,PL-WEB-01,C008717,VM-ACC-0013,1,166.59,0.1,PLN
SO-2024-005791,1,2024-05-22,2024-05-24,PL-WEB-01,C004751,VM-BIK-0004,1,4184.59,0.05,PLN
SO-2024-005792,1,2024-05-22,2024-05-24,PL-WEB-01,C008718,VM-ACC-0013,1,166.59,0.0,PLN
SO-2024-005792,2,2024-05-22,2024-05-24,PL-WEB-01,C008718, VM-CMP-0002 ,2,548.79,0.0,PLN
SO-2024-005792,3,2024-05-22,2024-05-24,PL-WEB-01,C008718,VM-ACC-0007,2,352.79,0.0,PLN
SO-2024-005793,1,2024-05-22,2024-05-25,PL-WEB-01,C005748,VM-APP-0018,1,127.39,0.05,PLN
SO-2024-005794,1,2024-05-22,2024-05-25,PL-WEB-01,C007071,VM-BIK-0018,1,2351.99,0.05,PLN
SO-2024-005794,2,2024-05-22,2024-05-25,PL-WEB-01,C007071,VM-ACC-0019,2,48.99,0.05,PLN
SO-2024-005794,3,2024-05-22,2024-05-25,PL-WEB-01,C007071,VM-APP-0001,2,450.79,0.05,PLN
SO-2024-005795,1,2024-05-22,2024-05-24,PL-WEB-01,C008719,VM-BIK-0008,1,5203.79,0.0,PLN
SO-2024-005796,1,2024-05-22,2024-05-26,PL-WEB-01,C008720,VM-BIK-0007,1,6908.99,0.0,PLN
SO-2024-005797,1,2024-05-22,2024-05-23,PL-WEB-01,C003398,VM-APP-0006,3,303.79,0.0,PLN
SO-2024-005797,2,2024-05-22,2024-05-23,PL-WEB-01,C003398,VM-BIK-0004,1,4184.59,0.0,PLN
SO-2024-005798,1,2024-05-22,2024-05-23,PL-WEB-01,C005795,VM-ACC-0019,2,48.99,0.0,PLN
SO-2024-005799,1,2024-05-22,2024-05-25,PL-WEB-01,C008721,VM-BIK-0002,1,9437.39,0.0,PLN
SO-2024-005799,2,2024-05-22,2024-05-25,PL-WEB-01,C008721,VM-ACC-0007,2,352.79,0.0,PLN
SO-2024-005799,3,2024-05-22,2024-05-25,PL-WEB-01,C008721,VM-BIK-0013,1,4703.99,0.0,PLN
SO-2024-005800,1,2024-05-22,2024-05-26,PL-WEB-01,C008722,VM-CMP-0013,2,519.39,0.0,PLN
SO-2024-005801,1,2024-05-22,2024-05-23,PL-MKT-01,C008723,VM-BIK-0020,1,1185.79,0.0,PLN
SO-2024-005802,1,2024-05-22,2024-05-25,PL-MKT-01,C008724,VM-APP-0011,2,401.79,0.0,PLN
SO-2024-005802,2,2024-05-22,2024-05-25,PL-MKT-01,C008724,VM-NUT-0003,4,10.77,0.0,PLN
SO-2024-005802,3,2024-05-22,2024-05-25,PL-MKT-01,C008724,VM-CMP-0015,2,901.59,0.0,PLN
SO-2024-005803,1,2024-05-22,2024-05-23,PL-MKT-01,C008725,VM-CMP-0009,2,342.99,0.0,PLN
SO-2024-005803,2,2024-05-22,2024-05-23,PL-MKT-01,C008725,VM-APP-0020,2,176.39,0.0,PLN
SO-2024-005804,1,2024-05-22,2024-05-25,PL-MKT-01,C002628,VM-ACC-0017,1,56.83,0.0,PLN
SO-2024-005805,1,2024-05-22,2024-05-22,CZ-PRG-01,C008726,VM-CMP-0013,2,2855.0,0.0,CZK
SO-2024-005805,2,2024-05-22,2024-05-22,CZ-PRG-01,C008726,VM-ACC-0014,1,593.0,0.0,CZK
SO-2024-005805,3,2024-05-22,2024-05-22,CZ-PRG-01,C008726,VM-BIK-0020,1,6519.0,0.0,CZK
SO-2024-005806,1,2024-05-22,2024-05-22,CZ-PRG-01,C008727,VM-BIK-0012,1,63627.0,0.0,CZK
SO-2024-005807,1,2024-05-22,2024-05-22,CZ-PRG-01,C008728,VM-NUT-0004,3,38.0,0.0,CZK
SO-2024-005807,2,2024-05-22,2024-05-22,CZ-PRG-01,C008728,VM-EBK-0003,1,48973.0,0.0,CZK
SO-2024-005808,1,2024-05-22,2024-05-22,CZ-PRG-01,,VM-BIK-0019,1,6519.0,0.0,CZK
SO-2024-005809,1,2024-05-22,2024-05-22,CZ-PRG-01,C005782,VM-BIK-0007,1,37982.0,0.0,CZK
SO-2024-005809,2,2024-05-22,2024-05-22,CZ-PRG-01,C005782,VM-NUT-0010,1,189.0,0.0,CZK
SO-2024-005810,1,2024-05-22,2024-05-24,CZ-WEB-01,C003359,VM-APP-0001,3,2478.0,0.0,CZK
SO-2024-005811,1,2024-05-22,2024-05-26,CZ-WEB-01,C008729,VM-ACC-0017,1,312.0,0.05,CZK
SO-2024-005812,1,2024-05-22,2024-05-22,DE-BER-01,,VM-BIK-0007,1,1585.83,0.0,EUR
SO-2024-005812,2,2024-05-22,2024-05-22,DE-BER-01,,VM-ACC-0012,1,16.19,0.0,EUR
SO-2024-005813,1,2024-05-22,2024-05-26,DE-WEB-01,C003785,VM-NUT-0007,10,2.92,0.05,EUR
SO-2024-005814,1,2024-05-22,2024-05-24,DE-WEB-01,C007133,VM-NUT-0001,60,2.02,0.12,EUR
SO-2024-005815,1,2024-05-22,2024-05-24,DE-WEB-01,C008730,VM-ACC-0003,1,65.23,0.0,EUR
SO-2024-005816,1,2024-05-22,2024-05-23,DE-WEB-01,C008731,VM-BIK-0011,1,1945.74,0.0,EUR
SO-2024-005817,1,2024-05-22,2024-05-23,DE-WEB-01,C007643,VM-NUT-0007,3,2.92,0.0,EUR
SO-2024-005818,1,2024-05-23,2024-05-23,PL-WAW-01,C008732,VM-ACC-0007,1,352.79,0.05,PLN
SO-2024-005819,1,2024-05-23,2024-05-23,PL-WAW-01,,VM-ACC-0006,2,930.99,0.0,PLN
SO-2024-005820,1,2024-05-23,2024-05-23,PL-WAW-01,,VM-APP-0001,3,450.79,0.0,PLN
SO-2024-005820,2,2024-05-23,2024-05-23,PL-WAW-01,,VM-BIK-0006,1,6458.19,0.0,PLN
SO-2024-005821,1,2024-05-23,2024-05-23,PL-WAW-01,C007830,VM-CMP-0010,1,382.19,0.0,PLN
SO-2024-005822,1,2024-05-23,2024-05-23,PL-WAW-01,C008733,VM-ACC-0008,1,391.99,0.0,PLN
SO-2024-005823,1,2024-05-23,2024-05-23,PL-WAW-02,C003864,VM-ACC-0014,1,107.79,0.0,PLN
SO-2024-005823,2,2024-05-23,2024-05-23,PL-WAW-02,C003864,VM-BIK-0021,1,1224.99,0.0,PLN
SO-2024-005823,3,2024-05-23,2024-05-23,PL-WAW-02,C003864,VM-ACC-0021,1,764.39,0.0,PLN
SO-2024-005824,1,2024-05-23,2024-05-23,PL-WAW-02,C006490,vm-bik-0009,1,5527.19,0.0,PLN
SO-2024-005825,1,2024-05-23,2024-05-23,PL-WAW-02,C008734,VM-CMP-0018,3,60.75,0.0,PLN
SO-2024-005826,1,2024-05-23,2024-05-23,PL-WAW-02,C008735,VM-CMP-0006,1,195.99,0.0,PLN
SO-2024-005827,1,2024-05-23,2024-05-23,PL-WAW-02,C007784,VM-ACC-0012,1,70.55,0.0,PLN
SO-2024-005828,1,2024-05-23,2024-05-23,PL-WAW-02,C007220,VM-BIK-0021,1,1224.99,0.0,PLN
SO-2024-005829,1,2024-05-23,2024-05-23,PL-WAW-02,C008736,VM-BIK-0007,1,6908.99,0.0,PLN
SO-2024-005830,1,2024-05-23,2024-05-23,PL-WAW-02,C008737,VM-ACC-0021,1,764.39,0.0,PLN
SO-2024-005831,1,2024-05-23,2024-05-23,PL-WAW-02,C008738,VM-BIK-0005,1,7261.79,0.0,PLN
SO-2024-005832,1,2024-05-23,2024-05-23,PL-WAW-02,C006420,VM-BIK-0012,1,11573.79,0.0,PLN
SO-2024-005833,1,2024-05-23,2024-05-23,PL-KRK-01,C004329,VM-APP-0007,1,156.79,0.0,PLN
SO-2024-005834,1,2024-05-23,2024-05-23,PL-KRK-01,C005792,vm-nut-0001,8,8.81,0.0,PLN
SO-2024-005834,2,2024-05-23,2024-05-23,PL-KRK-01,C005792,VM-CMP-0013,2,519.39,0.0,PLN
SO-2024-005835,1,2024-05-23,2024-05-23,PL-KRK-01,C008739,VM-APP-0001,2,450.79,0.05,PLN
SO-2024-005836,1,2024-05-23,2024-05-23,PL-KRK-01,,VM-ACC-0008,1,391.99,0.0,PLN
SO-2024-005836,2,2024-05-23,2024-05-23,PL-KRK-01,,VM-APP-0010,2,166.59,0.0,PLN
SO-2024-005837,1,2024-05-23,2024-05-23,PL-WRO-01,,VM-BIK-0016,1,3518.19,0.0,PLN
SO-2024-005837,2,2024-05-23,2024-05-23,PL-WRO-01,,VM-ACC-0008,2,391.99,0.0,PLN
SO-2024-005837,3,2024-05-23,2024-05-23,PL-WRO-01,,VM-ACC-0006,2,930.99,0.0,PLN
SO-2024-005838,1,2024-05-23,2024-05-23,PL-WRO-01,C003955,VM-NUT-0006,20,9.79,0.1,PLN
SO-2024-005838,2,2024-05-23,2024-05-23,PL-WRO-01,C003955,VM-BIK-0020,4,1185.79,0.1,PLN
SO-2024-005839,1,2024-05-23,2024-05-23,PL-WRO-01,C006330,VM-BIK-0011,1,8476.99,0.05,PLN
SO-2024-005840,1,2024-05-23,2024-05-23,PL-GDN-01,,VM-BIK-0005,1,7261.79,0.05,PLN
SO-2024-005840,2,2024-05-23,2024-05-23,PL-GDN-01,,VM-ACC-0014,1,107.79,0.0,PLN
SO-2024-005841,1,2024-05-23,2024-05-23,PL-GDN-01,,VM-NUT-0011,2,52.91,0.0,PLN
SO-2024-005842,1,2024-05-23,2024-05-23,PL-GDN-01,,VM-APP-0002,1,431.19,0.0,PLN
SO-2024-005843,1,2024-05-23,2024-05-23,PL-GDN-01,C002846,VM-NUT-0001,12,8.81,0.0,PLN
SO-2024-005844,1,2024-05-23,2024-05-23,PL-POZ-01,,VM-ACC-0005,2,176.39,0.0,PLN
SO-2024-005845,1,2024-05-23,2024-05-23,PL-POZ-01,C008207,VM-BIK-0009,1,5527.19,0.0,PLN
SO-2024-005845,2,2024-05-23,2024-05-23,PL-POZ-01,C008207,VM-EBK-0003,1,8908.19,0.0,PLN
SO-2024-005846,1,2024-05-23,2024-05-25,PL-WEB-01,C008740,VM-CMP-0006,2,195.99,0.0,PLN
SO-2024-005846,2,2024-05-23,2024-05-25,PL-WEB-01,C008740,VM-ACC-0021,1,764.39,0.0,PLN
SO-2024-005846,3,2024-05-23,2024-05-25,PL-WEB-01,C008740,VM-ACC-0013,1,166.59,0.0,PLN
SO-2024-005847,1,2024-05-23,2024-05-25,PL-WEB-01,C001846,VM-BIK-0012,1,11573.79,0.0,PLN
SO-2024-005848,1,2024-05-23,2024-05-25,PL-WEB-01,C008741,VM-NUT-0001,7,8.81,0.0,PLN
SO-2024-005848,2,2024-05-23,2024-05-25,PL-WEB-01,C008741,VM-APP-0017,1,186.19,0.0,PLN
SO-2024-005848,3,2024-05-23,2024-05-25,PL-WEB-01,C008741,VM-EBK-0008,1,14797.99,0.0,PLN
SO-2024-005848,4,2024-05-23,2024-05-25,PL-WEB-01,C008741,VM-BIK-0021,1,1224.99,0.0,PLN
SO-2024-005849,1,2024-05-23,2024-05-27,PL-WEB-01,C008742,VM-BIK-0008,1,5203.79,0.0,PLN
SO-2024-005849,2,2024-05-23,2024-05-27,PL-WEB-01,C008742,VM-APP-0007,2,156.79,0.0,PLN
SO-2024-005850,1,2024-05-23,2024-05-25,PL-WEB-01,C008576,VM-EBK-0008,1,14797.99,0.0,PLN
SO-2024-005850,2,2024-05-23,2024-05-25,PL-WEB-01,C008576,VM-ACC-0008,2,391.99,0.0,PLN
SO-2024-005851,1,2024-05-23,2024-05-26,PL-WEB-01,C007583,VM-ACC-0018,3,48.99,0.0,PLN
SO-2024-005852,1,2024-05-23,2024-05-24,PL-WEB-01,C005947,VM-ACC-0014,1,107.79,0.0,PLN
SO-2024-005852,2,2024-05-23,2024-05-24,PL-WEB-01,C005947,VM-APP-0007,2,156.79,0.0,PLN
SO-2024-005852,3,2024-05-23,2024-05-24,PL-WEB-01,C005947,VM-BIK-0004,1,4184.59,0.0,PLN
SO-2024-005853,1,2024-05-23,2024-05-25,PL-WEB-01,C008743,VM-ACC-0008,2,391.99,0.0,PLN
SO-2024-005853,2,2024-05-23,2024-05-25,PL-WEB-01,C008743,VM-NUT-0009,4,83.29,0.0,PLN
SO-2024-005853,3,2024-05-23,2024-05-25,PL-WEB-01,C008743,VM-CMP-0005,2,1450.39,0.1,PLN
SO-2024-005853,4,2024-05-23,2024-05-25,PL-WEB-01,C008743,VM-APP-0010,1,166.59,0.0,PLN
SO-2024-005854,1,2024-05-23,2024-05-27,PL-WEB-01,C006739,VM-EBK-0011,1,14347.19,0.05,PLN
SO-2024-005854,2,2024-05-23,2024-05-27,PL-WEB-01,C006739,VM-ACC-0008,2,391.99,0.05,PLN
SO-2024-005854,3,2024-05-23,2024-05-27,PL-WEB-01,C006739,VM-ACC-0013,1,166.59,0.05,PLN
SO-2024-005855,1,2024-05-23,2024-05-27,PL-WEB-01,C007455,VM-NUT-0001,3,8.81,0.0,PLN
SO-2024-005856,1,2024-05-23,2024-05-24,PL-WEB-01,C008744,VM-APP-0001,2,450.79,0.0,PLN
SO-2024-005856,2,2024-05-23,2024-05-24,PL-WEB-01,C008744,VM-NUT-0009,2,83.29,0.0,PLN
SO-2024-005857,1,2024-05-23,2024-05-25,PL-WEB-01,C003483,vm-nut-0002,11,14.69,0.0,PLN
SO-2024-005857,2,2024-05-23,2024-05-25,PL-WEB-01,C003483,VM-BIK-0011,1,8476.99,0.0,PLN
SO-2024-005858,1,2024-05-23,2024-05-26,PL-WEB-01,C008745,VM-NUT-0002,14,14.69,0.0,PLN
SO-2024-005858,2,2024-05-23,2024-05-26,PL-WEB-01,C008745,VM-BIK-0018,1,2351.99,0.0,PLN
SO-2024-005858,3,2024-05-23,2024-05-26,PL-WEB-01,C008745,VM-BIK-0019,1,1185.79,0.0,PLN
SO-2024-005859,1,2024-05-23,2024-05-25,PL-WEB-01,C006243,VM-BIK-0016,1,3518.19,0.0,PLN
SO-2024-005859,2,2024-05-23,2024-05-25,PL-WEB-01,C006243,VM-ACC-0011,2,70.55,0.0,PLN
SO-2024-005860,1,2024-05-23,2024-05-27,PL-WEB-01,C007998,VM-BIK-0004,1,4184.59,0.0,PLN
SO-2024-005860,2,2024-05-23,2024-05-27,PL-WEB-01,C007998,VM-NUT-0009,4,83.29,0.0,PLN
SO-2024-005860,3,2024-05-23,2024-05-27,PL-WEB-01,C007998,VM-ACC-0007,2,352.79,0.0,PLN
SO-2024-005861,1,2024-05-23,2024-05-27,PL-WEB-01,C008746,VM-NUT-0003,9,10.77,0.0,PLN
SO-2024-005861,2,2024-05-23,2024-05-27,PL-WEB-01,C008746,VM-NUT-0002,10,14.69,0.0,PLN
SO-2024-005862,1,2024-05-23,2024-05-26,PL-WEB-01,C008747,VM-BIK-0012,1,11573.79,0.0,PLN
SO-2024-005863,1,2024-05-23,2024-05-27,PL-WEB-01,C008748,VM-CMP-0023,2,57.81,0.05,PLN
SO-2024-005863,2,2024-05-23,2024-05-27,PL-WEB-01,C008748,VM-ACC-0004,2,764.39,0.1,PLN
SO-2024-005864,1,2024-05-23,2024-05-26,PL-WEB-01,C008749,VM-APP-0010,2,166.59,0.0,PLN
SO-2024-005864,2,2024-05-23,2024-05-26,PL-WEB-01,C008749,VM-CMP-0013,2,519.39,0.0,PLN
SO-2024-005865,1,2024-05-23,2024-05-25,PL-WEB-01,C006081,VM-APP-0002,1,431.19,0.0,PLN
SO-2024-005866,1,2024-05-23,2024-05-27,PL-MKT-01,C008750,VM-BIK-0002,1,9437.39,0.0,PLN
SO-2024-005866,2,2024-05-23,2024-05-27,PL-MKT-01,C008750,VM-ACC-0017,3,56.83,0.0,PLN
SO-2024-005867,1,2024-05-23,2024-05-25,PL-MKT-01,C008751,VM-NUT-0009,1,83.29,0.05,PLN
SO-2024-005867,2,2024-05-23,2024-05-25,PL-MKT-01,C008751,VM-CMP-0009,1,342.99,0.0,PLN
SO-2024-005867,3,2024-05-23,2024-05-25,PL-MKT-01,C008751,VM-ACC-0008,1,391.99,0.0,PLN
SO-2024-005867,4,2024-05-23,2024-05-25,PL-MKT-01,C008751,VM-APP-0001,2,450.79,0.0,PLN
SO-2024-005868,1,2024-05-23,2024-05-24,PL-MKT-01,C007620,vm-app-0019,2,64.67,0.0,PLN
SO-2024-005869,1,2024-05-23,2024-05-24,PL-MKT-01,C007465,VM-BIK-0021,1,1224.99,0.0,PLN
SO-2024-005869,2,2024-05-23,2024-05-24,PL-MKT-01,C007465,VM-ACC-0018,2,48.99,0.0,PLN
SO-2024-005869,3,2024-05-23,2024-05-24,PL-MKT-01,C007465,VM-BIK-0004,1,4184.59,0.05,PLN
SO-2024-005869,4,2024-05-23,2024-05-24,PL-MKT-01,C007465,VM-ACC-0008,1,391.99,0.05,PLN
SO-2024-005870,1,2024-05-23,2024-05-24,PL-MKT-01,C008752,VM-BIK-0019,1,1185.79,0.05,PLN
SO-2024-005871,1,2024-05-23,2024-05-24,PL-MKT-01,C008753, VM-ACC-0008 ,2,391.99,0.0,PLN
SO-2024-005871,2,2024-05-23,2024-05-24,PL-MKT-01,C008753,VM-CMP-0009,2,342.99,0.0,PLN
SO-2024-005872,1,2024-05-23,2024-05-24,PL-MKT-01,C008754,VM-ACC-0014,1,107.79,0.0,PLN
SO-2024-005873,1,2024-05-23,2024-05-24,PL-MKT-01,C008755,VM-ACC-0017,3,56.83,0.0,PLN
SO-2024-005873,2,2024-05-23,2024-05-24,PL-MKT-01,C008755,VM-BIK-0007,1,6908.99,0.0,PLN
SO-2024-005873,3,2024-05-23,2024-05-24,PL-MKT-01,C008755,VM-ACC-0014,1,107.79,0.0,PLN
SO-2024-005874,1,2024-05-23,2024-05-24,PL-MKT-01,C007482,VM-APP-0010,2,166.59,0.0,PLN
SO-2024-005875,1,2024-05-23,2024-05-23,CZ-PRG-01,C006764,VM-CMP-0017,2,2694.0,0.0,CZK
SO-2024-005875,2,2024-05-23,2024-05-23,CZ-PRG-01,C006764,VM-CMP-0011,2,862.0,0.0,CZK
SO-2024-005875,3,2024-05-23,2024-05-23,CZ-PRG-01,C006764,vm-app-0008,1,862.0,0.0,CZK
SO-2024-005875,4,2024-05-23,2024-05-23,CZ-PRG-01,C006764,VM-NUT-0005,10,48.0,0.0,CZK
SO-2024-005876,1,2024-05-23,2024-05-26,CZ-WEB-01,C001052,VM-NUT-0007,5,70.0,0.0,CZK
SO-2024-005876,2,2024-05-23,2024-05-26,CZ-WEB-01,C001052,VM-NUT-0004,5,38.0,0.0,CZK
SO-2024-005876,3,2024-05-23,2024-05-26,CZ-WEB-01,C001052,VM-APP-0012,1,4687.0,0.0,CZK
SO-2024-005877,1,2024-05-23,2024-05-24,CZ-WEB-01,C008756,VM-APP-0007,10,862.0,0.1,CZK
SO-2024-005877,2,2024-05-23,2024-05-24,CZ-WEB-01,C008756,VM-BIK-0007,3,37982.0,0.1,CZK
SO-2024-005878,1,2024-05-23,2024-05-26,CZ-WEB-01,C002727,VM-CMP-0009,1,1886.0,0.0,CZK
SO-2024-005879,1,2024-05-23,2024-05-23,DE-BER-01,C008757,VM-APP-0006,1,69.73,0.0,EUR
SO-2024-005879,2,2024-05-23,2024-05-23,DE-BER-01,C008757,VM-NUT-0010,3,7.87,0.0,EUR
SO-2024-005879,3,2024-05-23,2024-05-23,DE-BER-01,C008757,VM-EBK-0009,1,2229.16,0.0,EUR
SO-2024-005880,1,2024-05-23,2024-05-23,DE-BER-01,C008758,vm-acc-0007,2,80.98,0.0,EUR
SO-2024-005880,2,2024-05-23,2024-05-23,DE-BER-01,C008758,vm-nut-0010,1,7.87,0.0,EUR
SO-2024-005881,1,2024-05-23,2024-05-23,DE-BER-01,C008759,VM-EBK-0008,1,3396.61,0.0,EUR
SO-2024-005882,1,2024-05-23,2024-05-23,DE-BER-01,C008760,VM-ACC-0001,1,85.48,0.0,EUR
SO-2024-005883,1,2024-05-23,2024-05-25,DE-WEB-01,C007413,VM-NUT-0003,10,2.47,0.0,EUR
SO-2024-005883,2,2024-05-23,2024-05-25,DE-WEB-01,C007413,VM-ACC-0008,2,89.97,0.0,EUR
SO-2024-005883,3,2024-05-23,2024-05-25,DE-WEB-01,C007413,VM-BIK-0007,1,1585.83,0.0,EUR
SO-2024-005883,4,2024-05-23,2024-05-25,DE-WEB-01,C007413,VM-CMP-0023,4,13.27,0.05,EUR
SO-2024-005884,1,2024-05-23,2024-05-27,DE-WEB-01,C008761,VM-APP-0001,3,103.47,0.0,EUR
SO-2024-005884,2,2024-05-23,2024-05-27,DE-WEB-01,C008761,VM-APP-0002,3,98.97,0.0,EUR
SO-2024-005884,3,2024-05-23,2024-05-27,DE-WEB-01,C008761,VM-CMP-0001,2,89.97,0.0,EUR
SO-2024-005885,1,2024-05-23,2024-05-26,DE-WEB-01,C008762,VM-CMP-0015,1,206.94,0.0,EUR
SO-2024-005886,1,2024-05-23,2024-05-24,DE-WEB-01,C008763,VM-CMP-0009,2,78.73,0.05,EUR
SO-2024-005887,1,2024-05-24,2024-05-24,PL-WAW-01,C001428,VM-ACC-0008,4,391.99,0.08,PLN
SO-2024-005888,1,2024-05-24,2024-05-24,PL-WAW-01,C001737,VM-ACC-0003,2,284.19,0.05,PLN
SO-2024-005888,2,2024-05-24,2024-05-24,PL-WAW-01,C001737,VM-ACC-0010,2,244.99,0.05,PLN
SO-2024-005888,3,2024-05-24,2024-05-24,PL-WAW-01,C001737,VM-BIK-0019,1,1185.79,0.05,PLN
SO-2024-005888,4,2024-05-24,2024-05-24,PL-WAW-01,C001737,VM-BIK-0011,1,8476.99,0.05,PLN
SO-2024-005889,1,2024-05-24,2024-05-24,PL-WAW-01,C008764,VM-CMP-0010,1,382.19,0.0,PLN
SO-2024-005890,1,2024-05-24,2024-05-24,PL-WAW-01,C000956,VM-APP-0002,1,431.19,0.0,PLN
SO-2024-005891,1,2024-05-24,2024-05-24,PL-WAW-01,C008765,VM-ACC-0020,1,793.79,0.0,PLN
SO-2024-005892,1,2024-05-24,2024-05-24,PL-WAW-01,,VM-NUT-0009,3,83.29,0.0,PLN
SO-2024-005892,2,2024-05-24,2024-05-24,PL-WAW-01,,VM-CMP-0010,1,382.19,0.0,PLN
SO-2024-005892,3,2024-05-24,2024-05-24,PL-WAW-01,,VM-CMP-0006,1,195.99,0.0,PLN
SO-2024-005893,1,2024-05-24,2024-05-24,PL-WAW-01,C001491,VM-NUT-0011,1,52.91,0.05,PLN
SO-2024-005894,1,2024-05-24,2024-05-24,PL-WAW-01,,VM-ACC-0012,1,70.55,0.0,PLN
SO-2024-005895,1,2024-05-24,2024-05-24,PL-WAW-01,, VM-APP-0010 ,2,166.59,0.0,PLN
SO-2024-005896,1,2024-05-24,2024-05-24,PL-WAW-01,,vm-app-0006,2,303.79,0.0,PLN
SO-2024-005896,2,2024-05-24,2024-05-24,PL-WAW-01,,VM-ACC-0021,1,764.39,0.0,PLN
SO-2024-005897,1,2024-05-24,2024-05-24,PL-WAW-01,,vm-acc-0007,1,352.79,0.0,PLN
SO-2024-005897,2,2024-05-24,2024-05-24,PL-WAW-01,,VM-NUT-0011,1,52.91,0.0,PLN
SO-2024-005898,1,2024-05-24,2024-05-24,PL-WAW-01,C008766,VM-BIK-0007,1,6908.99,0.0,PLN
SO-2024-005898,2,2024-05-24,2024-05-24,PL-WAW-01,C008766,VM-ACC-0017,2,56.83,0.0,PLN
SO-2024-005899,1,2024-05-24,2024-05-24,PL-WAW-01,C005313,VM-APP-0010,1,166.59,0.0,PLN
SO-2024-005899,2,2024-05-24,2024-05-24,PL-WAW-01,C005313,VM-BIK-0003,1,6409.19,0.0,PLN
SO-2024-005899,3,2024-05-24,2024-05-24,PL-WAW-01,C005313,VM-BIK-0009,1,5527.19,0.0,PLN
SO-2024-005899,4,2024-05-24,2024-05-24,PL-WAW-01,C005313,VM-NUT-0004,13,6.85,0.0,PLN
SO-2024-005900,1,2024-05-24,2024-05-24,PL-WAW-02,C003109,VM-NUT-0009,3,83.29,0.0,PLN
SO-2024-005901,1,2024-05-24,2024-05-24,PL-WAW-02,C008767,VM-ACC-0006,2,930.99,0.0,PLN
SO-2024-005902,1,2024-05-24,2024-05-24,PL-WAW-02,C005728,VM-CMP-0008,2,431.19,0.0,PLN
SO-2024-005902,2,2024-05-24,2024-05-24,PL-WAW-02,C005728,VM-APP-0011,1,401.79,0.0,PLN
SO-2024-005902,3,2024-05-24,2024-05-24,PL-WAW-02,C005728,VM-BIK-0012,1,11573.79,0.0,PLN
SO-2024-005903,1,2024-05-24,2024-05-24,PL-WAW-02,,VM-BIK-0001,1,13416.19,0.0,PLN
SO-2024-005904,1,2024-05-24,2024-05-24,PL-KRK-01,C006664,VM-BIK-0011,1,8476.99,0.0,PLN
SO-2024-005904,2,2024-05-24,2024-05-24,PL-KRK-01,C006664,VM-BIK-0013,1,4703.99,0.0,PLN
SO-2024-005905,1,2024-05-24,2024-05-24,PL-KRK-01,C004209,VM-NUT-0006,5,9.79,0.0,PLN
SO-2024-005906,1,2024-05-24,2024-05-24,PL-KRK-01,C008554,VM-CMP-0015,2,901.59,0.0,PLN
SO-2024-005907,1,2024-05-24,2024-05-24,PL-KRK-01,C008768,VM-BIK-0012,4,11573.79,0.12,PLN
SO-2024-005907,2,2024-05-24,2024-05-24,PL-KRK-01,C008768,VM-ACC-0008,4,391.99,0.1,PLN
SO-2024-005908,1,2024-05-24,2024-05-24,PL-KRK-01,C004747,vm-nut-0002,14,14.69,0.0,PLN
SO-2024-005909,1,2024-05-24,2024-05-24,PL-KRK-01,C005631,VM-APP-0009,1,342.99,0.0,PLN
SO-2024-005909,2,2024-05-24,2024-05-24,PL-KRK-01,C005631,VM-EBK-0007,1,14405.99,0.0,PLN
SO-2024-005909,3,2024-05-24,2024-05-24,PL-KRK-01,C005631,VM-BIK-0007,1,6908.99,0.0,PLN
SO-2024-005910,1,2024-05-24,2024-05-24,PL-WRO-01,C006292,VM-BIK-0018,5,2351.99,0.12,PLN
SO-2024-005911,1,2024-05-24,2024-05-24,PL-WRO-01,,VM-BIK-0002,1,9437.39,0.0,PLN
SO-2024-005911,2,2024-05-24,2024-05-24,PL-WRO-01,,VM-APP-0006,3,303.79,0.0,PLN
SO-2024-005912,1,2024-05-24,2024-05-24,PL-WRO-01,C008769,VM-APP-0002,2,431.19,0.0,PLN
SO-2024-005912,2,2024-05-24,2024-05-24,PL-WRO-01,C008769,VM-NUT-0004,4,6.85,0.0,PLN
SO-2024-005913,1,2024-05-24,2024-05-24,PL-WRO-01,C002518,VM-BIK-0010,1,6193.59,0.05,PLN
SO-2024-005913,2,2024-05-24,2024-05-24,PL-WRO-01,C002518,VM-APP-0017,1,186.19,0.0,PLN
SO-2024-005914,1,2024-05-24,2024-05-24,PL-GDN-01,,VM-BIK-0019,1,1185.79,0.0,PLN
SO-2024-005915,1,2024-05-24,2024-05-24,PL-GDN-01,C008770, VM-NUT-0006 ,5,9.79,0.0,PLN
SO-2024-005916,1,2024-05-24,2024-05-24,PL-GDN-01,C008771,VM-ACC-0018,3,48.99,0.0,PLN
SO-2024-005916,2,2024-05-24,2024-05-24,PL-GDN-01,C008771,VM-ACC-0008,2,391.99,0.0,PLN
SO-2024-005917,1,2024-05-24,2024-05-24,PL-GDN-01,C008772,VM-BIK-0003,1,6409.19,0.0,PLN
SO-2024-005917,2,2024-05-24,2024-05-24,PL-GDN-01,C008772,VM-ACC-0004,1,764.39,0.0,PLN
SO-2024-005918,1,2024-05-24,2024-05-24,PL-GDN-01,C008773,VM-APP-0001,1,450.79,0.0,PLN
SO-2024-005919,1,2024-05-24,2024-05-24,PL-POZ-01,C008013,VM-CMP-0006,4,195.99,0.12,PLN
SO-2024-005919,2,2024-05-24,2024-05-24,PL-POZ-01,C008013,vm-acc-0008,4,391.99,0.08,PLN
SO-2024-005920,1,2024-05-24,2024-05-24,PL-POZ-01,C008000,VM-BIK-0016,1,3518.19,0.1,PLN
SO-2024-005921,1,2024-05-24,2024-05-24,PL-POZ-01,C002103,VM-BIK-0019,1,1185.79,0.0,PLN
SO-2024-005922,1,2024-05-24,2024-05-25,PL-WEB-01,C002062,VM-EBK-0001,1,7516.59,0.0,PLN
SO-2024-005922,2,2024-05-24,2024-05-25,PL-WEB-01,C002062,VM-ACC-0008,1,391.99,0.0,PLN
SO-2024-005922,3,2024-05-24,2024-05-25,PL-WEB-01,C002062,VM-ACC-0023,1,911.39,0.0,PLN
SO-2024-005923,1,2024-05-24,2024-05-26,PL-WEB-01,C008774,VM-APP-0006,3,303.79,0.0,PLN
SO-2024-005923,2,2024-05-24,2024-05-26,PL-WEB-01,C008774,VM-BIK-0007,1,6908.99,0.0,PLN
SO-2024-005923,3,2024-05-24,2024-05-26,PL-WEB-01,C008774,VM-ACC-0019,1,48.99,0.0,PLN
SO-2024-005924,1,2024-05-24,2024-05-27,PL-WEB-01,C008775,VM-BIK-0012,1,11573.79,0.0,PLN
SO-2024-005925,1,2024-05-24,2024-05-28,PL-WEB-01,C008776,VM-BIK-0007,1,6908.99,0.0,PLN
SO-2024-005926,1,2024-05-24,2024-05-25,PL-WEB-01,C008777,VM-BIK-0017,1,1871.79,0.0,PLN
SO-2024-005927,1,2024-05-24,2024-05-27,PL-WEB-01,C005768,VM-APP-0020,2,176.39,0.0,PLN
SO-2024-005927,2,2024-05-24,2024-05-27,PL-WEB-01,C005768,VM-ACC-0017,3,56.83,0.0,PLN
SO-2024-005928,1,2024-05-24,2024-05-25,PL-WEB-01,C002497,VM-CMP-0017,1,489.99,0.0,PLN
SO-2024-005928,2,2024-05-24,2024-05-25,PL-WEB-01,C002497,VM-CMP-0005,2,1450.39,0.0,PLN
SO-2024-005929,1,2024-05-24,2024-05-25,PL-WEB-01,C008778,VM-EBK-0002,1,9750.99,0.0,PLN
SO-2024-005930,1,2024-05-24,2024-05-27,PL-WEB-01,C008779,VM-CMP-0010,2,382.19,0.0,PLN
SO-2024-005931,1,2024-05-24,2024-05-27,PL-WEB-01,C008780,VM-APP-0002,1,431.19,0.0,PLN
SO-2024-005932,1,2024-05-24,2024-05-28,PL-WEB-01,C002775,VM-APP-0006,1,303.79,0.05,PLN
SO-2024-005933,1,2024-05-24,2024-05-26,PL-WEB-01,C005748,VM-NUT-0003,13,10.77,0.05,PLN
SO-2024-005933,2,2024-05-24,2024-05-26,PL-WEB-01,C005748,VM-ACC-0008,2,391.99,0.05,PLN
SO-2024-005934,1,2024-05-24,2024-05-25,PL-WEB-01,C003823,VM-ACC-0018,3,48.99,0.05,PLN
SO-2024-005935,1,2024-05-24,2024-05-27,PL-WEB-01,C008781,VM-BIK-0012,1,11573.79,0.0,PLN
SO-2024-005936,1,2024-05-24,2024-05-28,PL-WEB-01,C001491,VM-CMP-0006,1,195.99,0.05,PLN
SO-2024-005937,1,2024-05-24,2024-05-25,PL-WEB-01,C005499,VM-ACC-0006,1,930.99,0.0,PLN
SO-2024-005937,2,2024-05-24,2024-05-25,PL-WEB-01,C005499,VM-BIK-0002,1,9437.39,0.0,PLN
SO-2024-005937,3,2024-05-24,2024-05-25,PL-WEB-01,C005499,VM-BIK-0004,1,4184.59,0.0,PLN
SO-2024-005938,1,2024-05-24,2024-05-28,PL-WEB-01,C008782,VM-ACC-0007,2,352.79,0.0,PLN
SO-2024-005939,1,2024-05-24,2024-05-28,PL-WEB-01,C008465,VM-ACC-0008,2,391.99,0.0,PLN
SO-2024-005939,2,2024-05-24,2024-05-28,PL-WEB-01,C008465,VM-BIK-0002,1,9437.39,0.0,PLN
SO-2024-005939,3,2024-05-24,2024-05-28,PL-WEB-01,C008465,VM-NUT-0010,4,34.29,0.0,PLN
SO-2024-005940,1,2024-05-24,2024-05-26,PL-MKT-01,C005810,VM-BIK-0004,1,4184.59,0.05,PLN
SO-2024-005940,2,2024-05-24,2024-05-26,PL-MKT-01,C005810,VM-ACC-0014,1,107.79,0.05,PLN
SO-2024-005941,1,2024-05-24,2024-05-25,PL-MKT-01,C008783,VM-EBK-0003,1,8908.19,0.0,PLN
SO-2024-005941,2,2024-05-24,2024-05-25,PL-MKT-01,C008783,VM-ACC-0007,2,352.79,0.0,PLN
SO-2024-005941,3,2024-05-24,2024-05-25,PL-MKT-01,C008783,VM-ACC-0014,1,107.79,0.0,PLN
SO-2024-005942,1,2024-05-24,2024-05-25,PL-MKT-01,C008784,VM-BIK-0020,1,1185.79,0.0,PLN
SO-2024-005942,2,2024-05-24,2024-05-25,PL-MKT-01,C008784,VM-ACC-0018,1,48.99,0.0,PLN
SO-2024-005943,1,2024-05-24,2024-05-25,PL-MKT-01,C008144,VM-ACC-0009,1,391.99,0.0,PLN
SO-2024-005943,2,2024-05-24,2024-05-25,PL-MKT-01,C008144,VM-BIK-0004,1,4184.59,0.0,PLN
SO-2024-005944,1,2024-05-24,2024-05-28,PL-MKT-01,C008785,VM-CMP-0013,1,519.39,0.0,PLN
SO-2024-005945,1,2024-05-24,2024-05-28,PL-MKT-01,C002132,VM-CMP-0013,1,519.39,0.05,PLN
SO-2024-005946,1,2024-05-24,2024-05-24,CZ-PRG-01,,VM-ACC-0001,1,2047.0,0.0,CZK
SO-2024-005946,2,2024-05-24,2024-05-24,CZ-PRG-01,,VM-ACC-0008,1,2155.0,0.0,CZK
SO-2024-005947,1,2024-05-24,2024-05-24,CZ-PRG-01,C008786,VM-CMP-0010,1,2101.0,0.0,CZK
SO-2024-005947,2,2024-05-24,2024-05-24,CZ-PRG-01,C008786,VM-BIK-0001,1,73756.0,0.0,CZK
SO-2024-005948,1,2024-05-24,2024-05-24,CZ-PRG-01,C008787,VM-NUT-0006,7,54.0,0.05,CZK
SO-2024-005948,2,2024-05-24,2024-05-24,CZ-PRG-01,C008787,VM-EBK-0007,1,79197.0,0.05,CZK
SO-2024-005949,1,2024-05-24,2024-05-27,CZ-WEB-01,C008788,VM-APP-0004,1,1293.0,0.0,CZK
SO-2024-005950,1,2024-05-24,2024-05-25,CZ-WEB-01,C008789,VM-APP-0001,3,2478.0,0.0,CZK
SO-2024-005950,2,2024-05-24,2024-05-25,CZ-WEB-01,C008789,VM-APP-0002,2,2370.0,0.0,CZK
SO-2024-005950,3,2024-05-24,2024-05-25,CZ-WEB-01,C008789,VM-ACC-0020,1,4364.0,0.0,CZK
SO-2024-005951,1,2024-05-24,2024-05-27,CZ-WEB-01,C008790,VM-EBK-0003,1,48973.0,0.0,CZK
SO-2024-005952,1,2024-05-24,2024-05-26,CZ-WEB-01,C004560,VM-ACC-0003,2,1562.0,0.0,CZK
SO-2024-005952,2,2024-05-24,2024-05-26,CZ-WEB-01,C004560,VM-ACC-0014,1,593.0,0.0,CZK
SO-2024-005953,1,2024-05-24,2024-05-26,CZ-WEB-01,C002334,VM-NUT-0006,6,54.0,0.0,CZK
SO-2024-005953,2,2024-05-24,2024-05-26,CZ-WEB-01,C002334,VM-NUT-0009,1,458.0,0.0,CZK
SO-2024-005953,3,2024-05-24,2024-05-26,CZ-WEB-01,C002334,VM-ACC-0002,1,3286.0,0.0,CZK
SO-2024-005954,1,2024-05-24,2024-05-28,CZ-WEB-01,C004182,VM-ACC-0010,2,1347.0,0.0,CZK
SO-2024-005955,1,2024-05-24,2024-05-28,CZ-WEB-01,C008791,VM-ACC-0008,2,2155.0,0.0,CZK
SO-2024-005956,1,2024-05-24,2024-05-24,DE-BER-01,C007073,VM-BIK-0006,1,1482.36,0.0,EUR
SO-2024-005957,1,2024-05-24,2024-05-24,DE-BER-01,,VM-CMP-0005,2,332.91,0.0,EUR
SO-2024-005958,1,2024-05-24,2024-05-24,DE-BER-01,C008792,VM-BIK-0003,1,1471.11,0.0,EUR
SO-2024-005958,2,2024-05-24,2024-05-24,DE-BER-01,C008792,VM-ACC-0003,1,65.23,0.0,EUR
SO-2024-005959,1,2024-05-24,2024-05-27,DE-WEB-01,C002457,VM-CMP-0004,1,161.96,0.0,EUR
SO-2024-005959,2,2024-05-24,2024-05-27,DE-WEB-01,C002457,VM-CMP-0005,2,332.91,0.0,EUR
SO-2024-005959,3,2024-05-24,2024-05-27,DE-WEB-01,C002457,VM-APP-0014,1,110.22,0.0,EUR
SO-2024-005960,1,2024-05-24,2024-05-25,DE-WEB-01,C003784,VM-BIK-0003,1,1471.11,0.05,EUR
SO-2024-005960,2,2024-05-24,2024-05-25,DE-WEB-01,C003784,VM-BIK-0002,1,2166.18,0.05,EUR
SO-2024-005961,1,2024-05-24,2024-05-27,DE-WEB-01,C004972,VM-APP-0003,2,69.73,0.05,EUR
SO-2024-005962,1,2024-05-25,2024-05-25,PL-WAW-01,,VM-CMP-0002,1,548.79,0.0,PLN
SO-2024-005962,2,2024-05-25,2024-05-25,PL-WAW-01,,VM-NUT-0004,7,6.85,0.0,PLN
SO-2024-005963,1,2024-05-25,2024-05-25,PL-WAW-01,,VM-BIK-0004,1,4184.59,0.05,PLN
SO-2024-005964,1,2024-05-25,2024-05-25,PL-WAW-01,C005339,VM-ACC-0001,2,372.39,0.05,PLN
SO-2024-005965,1,2024-05-25,2024-05-25,PL-WAW-01,,VM-ACC-0010,1,244.99,0.0,PLN
SO-2024-005966,1,2024-05-25,2024-05-25,PL-WAW-01,C007647,VM-ACC-0001,1,372.39,0.0,PLN
SO-2024-005967,1,2024-05-25,2024-05-25,PL-WAW-01,C003932,VM-BIK-0019,1,1185.79,0.0,PLN
SO-2024-005968,1,2024-05-25,2024-05-25,PL-WAW-02,C008131,VM-EBK-0007,2,14405.99,0.08,PLN
SO-2024-005968,2,2024-05-25,2024-05-25,PL-WAW-02,C008131,VM-ACC-0008,10,391.99,0.12,PLN
SO-2024-005969,1,2024-05-25,2024-05-25,PL-WAW-02,C002018,vm-cmp-0008,1,431.19,0.0,PLN
SO-2024-005970,1,2024-05-25,2024-05-25,PL-WAW-02,C001003,VM-EBK-0003,1,8908.19,0.0,PLN
SO-2024-005971,1,2024-05-25,2024-05-25,PL-WAW-02,,VM-ACC-0005,1,176.39,0.0,PLN
SO-2024-005971,2,2024-05-25,2024-05-25,PL-WAW-02,,VM-APP-0002,1,431.19,0.0,PLN
SO-2024-005972,1,2024-05-25,2024-05-25,PL-WAW-02,C007999,VM-BIK-0007,1,6908.99,0.0,PLN
SO-2024-005972,2,2024-05-25,2024-05-25,PL-WAW-02,C007999,VM-ACC-0018,2,48.99,0.0,PLN
SO-2024-005973,1,2024-05-25,2024-05-25,PL-WAW-02,C004985,VM-BIK-0008,5,5203.79,0.12,PLN
SO-2024-005974,1,2024-05-25,2024-05-25,PL-WAW-02,,VM-BIK-0009,1,5527.19,0.0,PLN
SO-2024-005974,2,2024-05-25,2024-05-25,PL-WAW-02,,VM-ACC-0002,1,597.79,0.0,PLN
SO-2024-005974,3,2024-05-25,2024-05-25,PL-WAW-02,,VM-APP-0020,2,176.39,0.0,PLN
SO-2024-005975,1,2024-05-25,2024-05-25,PL-WAW-02,C008793,VM-BIK-0017,1,1871.79,0.0,PLN
SO-2024-005976,1,2024-05-25,2024-05-25,PL-WAW-02,C008522,VM-NUT-0005,10,8.81,0.0,PLN
SO-2024-005976,2,2024-05-25,2024-05-25,PL-WAW-02,C008522,VM-CMP-0020,1,254.79,0.0,PLN
SO-2024-005976,3,2024-05-25,2024-05-25,PL-WAW-02,C008522,VM-BIK-0012,1,11573.79,0.0,PLN
SO-2024-005977,1,2024-05-25,2024-05-25,PL-KRK-01,,VM-CMP-0016,1,2410.79,0.0,PLN
SO-2024-005977,2,2024-05-25,2024-05-25,PL-KRK-01,,VM-BIK-0016,1,3518.19,0.0,PLN
SO-2024-005978,1,2024-05-25,2024-05-25,PL-KRK-01,C008794,VM-ACC-0019,1,48.99,0.0,PLN
SO-2024-005978,2,2024-05-25,2024-05-25,PL-KRK-01,C008794,VM-EBK-0002,1,9750.99,0.0,PLN
SO-2024-005978,3,2024-05-25,2024-05-25,PL-KRK-01,C008794,VM-ACC-0021,1,764.39,0.0,PLN
SO-2024-005979,1,2024-05-25,2024-05-25,PL-KRK-01,C008795,VM-ACC-0008,1,391.99,0.0,PLN
SO-2024-005979,2,2024-05-25,2024-05-25,PL-KRK-01,C008795,VM-EBK-0003,1,8908.19,0.0,PLN
SO-2024-005979,3,2024-05-25,2024-05-25,PL-KRK-01,C008795,VM-EBK-0009,1,9711.79,0.0,PLN
SO-2024-005979,4,2024-05-25,2024-05-25,PL-KRK-01,C008795,VM-BIK-0005,1,7261.79,0.0,PLN
SO-2024-005980,1,2024-05-25,2024-05-25,PL-KRK-01,,VM-NUT-0005,8,8.81,0.0,PLN
SO-2024-005980,2,2024-05-25,2024-05-25,PL-KRK-01,,VM-NUT-0010,2,34.29,0.0,PLN
SO-2024-005980,3,2024-05-25,2024-05-25,PL-KRK-01,,VM-APP-0005,1,176.39,0.0,PLN
SO-2024-005980,4,2024-05-25,2024-05-25,PL-KRK-01,,VM-BIK-0007,1,6908.99,0.0,PLN
SO-2024-005981,1,2024-05-25,2024-05-25,PL-KRK-01,C008344,VM-APP-0010,2,166.59,0.0,PLN
SO-2024-005982,1,2024-05-25,2024-05-25,PL-KRK-01,C003310,VM-NUT-0004,11,6.85,0.05,PLN
SO-2024-005983,1,2024-05-25,2024-05-25,PL-KRK-01,C008796,VM-CMP-0020,3,254.79,0.0,PLN
SO-2024-005983,2,2024-05-25,2024-05-25,PL-KRK-01,C008796,VM-ACC-0003,2,284.19,0.0,PLN
SO-2024-005983,3,2024-05-25,2024-05-25,PL-KRK-01,C008796,VM-BIK-0009,1,5527.19,0.1,PLN
SO-2024-005983,4,2024-05-25,2024-05-25,PL-KRK-01,C008796,VM-APP-0006,1,303.79,0.0,PLN
SO-2024-005984,1,2024-05-25,2024-05-25,PL-KRK-01,C008797,VM-EBK-0008,1,14797.99,0.05,PLN
SO-2024-005985,1,2024-05-25,2024-05-25,PL-KRK-01,,VM-NUT-0010,2,34.29,0.0,PLN
SO-2024-005986,1,2024-05-25,2024-05-25,PL-KRK-01,C007732,VM-BIK-0012,1,11573.79,0.0,PLN
SO-2024-005987,1,2024-05-25,2024-05-25,PL-WRO-01,,VM-CMP-0009,2,342.99,0.0,PLN
SO-2024-005988,1,2024-05-25,2024-05-25,PL-WRO-01,C008798,VM-ACC-0008,10,391.99,0.08,PLN
SO-2024-005989,1,2024-05-25,2024-05-25,PL-WRO-01,,VM-APP-0011,1,401.79,0.0,PLN
SO-2024-005990,1,2024-05-25,2024-05-25,PL-WRO-01,C002276,VM-ACC-0005,1,176.39,0.0,PLN
SO-2024-005991,1,2024-05-25,2024-05-25,PL-WRO-01,C007016,VM-ACC-0023,1,911.39,0.05,PLN
SO-2024-005991,2,2024-05-25,2024-05-25,PL-WRO-01,C007016, VM-NUT-0006 ,10,9.79,0.05,PLN
SO-2024-005991,3,2024-05-25,2024-05-25,PL-WRO-01,C007016,VM-NUT-0002,4,14.69,0.05,PLN
SO-2024-005991,4,2024-05-25,2024-05-25,PL-WRO-01,C007016,VM-CMP-0010,2,382.19,0.05,PLN
SO-2024-005992,1,2024-05-25,2024-05-25,PL-WRO-01,C008799,VM-ACC-0012,1,70.55,0.05,PLN
SO-2024-005993,1,2024-05-25,2024-05-25,PL-WRO-01,C001849,VM-CMP-0009,2,342.99,0.05,PLN
SO-2024-005993,2,2024-05-25,2024-05-25,PL-WRO-01,C001849,VM-BIK-0022,1,1371.99,0.05,PLN
SO-2024-005993,3,2024-05-25,2024-05-25,PL-WRO-01,C001849,VM-CMP-0010,2,382.19,0.05,PLN
SO-2024-005994,1,2024-05-25,2024-05-25,PL-WRO-01,C008800,VM-APP-0002,1,431.19,0.0,PLN
SO-2024-005995,1,2024-05-25,2024-05-25,PL-GDN-01,C008801,VM-APP-0001,2,450.79,0.0,PLN
SO-2024-005995,2,2024-05-25,2024-05-25,PL-GDN-01,C008801,VM-NUT-0007,3,12.73,0.0,PLN
SO-2024-005996,1,2024-05-25,2024-05-25,PL-GDN-01,,VM-APP-0007,2,156.79,0.0,PLN
SO-2024-005996,2,2024-05-25,2024-05-25,PL-GDN-01,,VM-ACC-0018,3,48.99,0.0,PLN
SO-2024-005996,3,2024-05-25,2024-05-25,PL-GDN-01,,VM-CMP-0012,1,529.19,0.0,PLN
SO-2024-005996,4,2024-05-25,2024-05-25,PL-GDN-01,,VM-EBK-0003,1,8908.19,0.0,PLN
SO-2024-005997,1,2024-05-25,2024-05-25,PL-GDN-01,, VM-ACC-0014 ,1,107.79,0.0,PLN
SO-2024-005997,2,2024-05-25,2024-05-25,PL-GDN-01,,VM-CMP-0009,1,342.99,0.0,PLN
SO-2024-005997,3,2024-05-25,2024-05-25,PL-GDN-01,,VM-APP-0015,1,558.59,0.0,PLN
SO-2024-005998,1,2024-05-25,2024-05-25,PL-GDN-01,C008208,VM-APP-0010,1,166.59,0.0,PLN
SO-2024-005999,1,2024-05-25,2024-05-25,PL-GDN-01,C005572,VM-BIK-0001,3,13416.19,0.08,PLN
SO-2024-005999,2,2024-05-25,2024-05-25,PL-GDN-01,C005572,VM-APP-0008,2,156.79,0.1,PLN
SO-2024-006000,1,2024-05-25,2024-05-25,PL-GDN-01,C008312,VM-CMP-0010,2,382.19,0.05,PLN
SO-2024-006000,2,2024-05-25,2024-05-25,PL-GDN-01,C008312,VM-EBK-0008,1,14797.99,0.05,PLN
SO-2024-006001,1,2024-05-25,2024-05-25,PL-GDN-01,C007889,VM-NUT-0002,14,14.69,0.05,PLN
SO-2024-006001,2,2024-05-25,2024-05-25,PL-GDN-01,C007889,VM-BIK-0012,1,11573.79,0.05,PLN
SO-2024-006002,1,2024-05-25,2024-05-25,PL-GDN-01,C008802,VM-APP-0010,1,166.59,0.0,PLN
SO-2024-006003,1,2024-05-25,2024-05-25,PL-POZ-01,,VM-ACC-0020,1,793.79,0.0,PLN
SO-2024-006003,2,2024-05-25,2024-05-25,PL-POZ-01,,VM-NUT-0010,1,34.29,0.0,PLN
SO-2024-006003,3,2024-05-25,2024-05-25,PL-POZ-01,,VM-BIK-0001,1,13416.19,0.0,PLN
SO-2024-006004,1,2024-05-25,2024-05-25,PL-POZ-01,,VM-BIK-0022,1,1371.99,0.0,PLN
SO-2024-006005,1,2024-05-25,2024-05-25,PL-POZ-01,C008803,VM-NUT-0011,4,52.91,0.05,PLN
SO-2024-006005,2,2024-05-25,2024-05-25,PL-POZ-01,C008803,VM-CMP-0018,2,60.75,0.0,PLN
SO-2024-006005,3,2024-05-25,2024-05-25,PL-POZ-01,C008803,VM-CMP-0005,2,1450.39,0.0,PLN
SO-2024-006006,1,2024-05-25,2024-05-25,PL-POZ-01,C008804,VM-BIK-0012,1,11573.79,0.05,PLN
SO-2024-006007,1,2024-05-25,2024-05-25,PL-POZ-01,C008805,VM-EBK-0008,1,14797.99,0.0,PLN
SO-2024-006008,1,2024-05-25,2024-05-25,PL-POZ-01,C008806,VM-ACC-0018,2,48.99,0.0,PLN
SO-2024-006008,2,2024-05-25,2024-05-25,PL-POZ-01,C008806,VM-BIK-0017,1,1871.79,0.0,PLN
SO-2024-006009,1,2024-05-25,2024-05-25,PL-LDZ-01,C004382,VM-BIK-0018,1,2351.99,0.0,PLN
SO-2024-006009,2,2024-05-25,2024-05-25,PL-LDZ-01,C004382,VM-ACC-0018,3,48.99,0.0,PLN
SO-2024-006010,1,2024-05-25,2024-05-25,PL-LDZ-01,,VM-BIK-0015,1,3028.19,0.0,PLN
SO-2024-006011,1,2024-05-25,2024-05-28,PL-WEB-01,C001136,VM-ACC-0008,2,391.99,0.0,PLN
SO-2024-006012,1,2024-05-25,2024-05-26,PL-WEB-01,C002195,VM-BIK-0012,1,11573.79,0.0,PLN
SO-2024-006012,2,2024-05-25,2024-05-26,PL-WEB-01,C002195,VM-NUT-0001,11,8.81,0.0,PLN
SO-2024-006013,1,2024-05-25,2024-05-29,PL-WEB-01,C007620,VM-BIK-0021,1,1224.99,0.0,PLN
SO-2024-006013,2,2024-05-25,2024-05-29,PL-WEB-01,C007620,VM-APP-0016,1,597.79,0.05,PLN
SO-2024-006013,3,2024-05-25,2024-05-29,PL-WEB-01,C007620,VM-ACC-0012,1,70.55,0.0,PLN
SO-2024-006014,1,2024-05-25,2024-05-28,PL-WEB-01,C001722,VM-CMP-0013,2,519.39,0.0,PLN
SO-2024-006014,2,2024-05-25,2024-05-28,PL-WEB-01,C001722,VM-CMP-0019,1,205.79,0.0,PLN
SO-2024-006015,1,2024-05-25,2024-05-29,PL-WEB-01,C002984,VM-APP-0008,2,156.79,0.05,PLN
SO-2024-006015,2,2024-05-25,2024-05-29,PL-WEB-01,C002984,VM-BIK-0007,1,6908.99,0.0,PLN
SO-2024-006016,1,2024-05-25,2024-05-28,PL-WEB-01,C008807,VM-BIK-0007,1,6908.99,0.05,PLN
SO-2024-006016,2,2024-05-25,2024-05-28,PL-WEB-01,C008807,VM-ACC-0008,1,391.99,0.0,PLN
SO-2024-006016,3,2024-05-25,2024-05-28,PL-WEB-01,C008807,VM-APP-0020,2,176.39,0.0,PLN
SO-2024-006016,4,2024-05-25,2024-05-28,PL-WEB-01,C008807,VM-APP-0010,1,166.59,0.0,PLN
SO-2024-006017,1,2024-05-25,2024-05-29,PL-WEB-01,C008471,VM-CMP-0013,2,519.39,0.0,PLN
SO-2024-006017,2,2024-05-25,2024-05-29,PL-WEB-01,C008471,vm-app-0001,2,450.79,0.0,PLN
SO-2024-006018,1,2024-05-25,2024-05-29,PL-WEB-01,C008808,VM-ACC-0010,1,244.99,0.0,PLN
SO-2024-006019,1,2024-05-25,2024-05-26,PL-WEB-01,C005678,VM-NUT-0003,10,10.77,0.0,PLN
SO-2024-006020,1,2024-05-25,2024-05-26,PL-WEB-01,C003705,VM-NUT-0011,4,52.91,0.05,PLN
SO-2024-006020,2,2024-05-25,2024-05-26,PL-WEB-01,C003705,VM-BIK-0021,1,1224.99,0.05,PLN
SO-2024-006020,3,2024-05-25,2024-05-26,PL-WEB-01,C003705,VM-ACC-0001,2,372.39,0.05,PLN
SO-2024-006021,1,2024-05-25,2024-05-27,PL-WEB-01,C007184,VM-CMP-0019,5,205.79,0.1,PLN
SO-2024-006021,2,2024-05-25,2024-05-27,PL-WEB-01,C007184,VM-EBK-0003,2,8908.19,0.08,PLN
SO-2024-006021,3,2024-05-25,2024-05-27,PL-WEB-01,C007184,VM-APP-0006,9,303.79,0.12,PLN
SO-2024-006021,4,2024-05-25,2024-05-27,PL-WEB-01,C007184,VM-APP-0002,15,431.19,0.12,PLN
SO-2024-006022,1,2024-05-25,2024-05-29,PL-WEB-01,C008809,VM-ACC-0002,2,597.79,0.0,PLN
SO-2024-006023,1,2024-05-25,2024-05-26,PL-WEB-01,C008810,VM-BIK-0015,1,3028.19,0.1,PLN
SO-2024-006023,2,2024-05-25,2024-05-26,PL-WEB-01,C008810,VM-BIK-0012,1,11573.79,0.0,PLN
SO-2024-006024,1,2024-05-25,2024-05-28,PL-MKT-01,C002866,VM-ACC-0008,1,391.99,0.0,PLN
SO-2024-006024,2,2024-05-25,2024-05-28,PL-MKT-01,C002866,VM-NUT-0010,2,34.29,0.0,PLN
SO-2024-006025,1,2024-05-25,2024-05-28,PL-MKT-01,C007978,VM-ACC-0014,1,107.79,0.0,PLN
SO-2024-006026,1,2024-05-25,2024-05-28,PL-MKT-01,C003023,VM-ACC-0002,1,597.79,0.0,PLN
SO-2024-006027,1,2024-05-25,2024-05-27,PL-MKT-01,C007692,VM-NUT-0011,2,52.91,0.0,PLN
SO-2024-006028,1,2024-05-25,2024-05-28,PL-MKT-01,C008811,VM-APP-0012,1,852.59,0.1,PLN
SO-2024-006029,1,2024-05-25,2024-05-27,PL-MKT-01,C008376,VM-APP-0002,1,431.19,0.0,PLN
SO-2024-006030,1,2024-05-25,2024-05-27,PL-MKT-01,C008812,VM-APP-0009,2,342.99,0.0,PLN
SO-2024-006031,1,2024-05-25,2024-05-29,PL-MKT-01,C002471,vm-acc-0014,1,107.79,0.0,PLN
SO-2024-006032,1,2024-05-25,2024-05-28,PL-MKT-01,C000382,VM-BIK-0009,1,5527.19,0.05,PLN
SO-2024-006032,2,2024-05-25,2024-05-28,PL-MKT-01,C000382,VM-ACC-0017,3,56.83,0.05,PLN
SO-2024-006032,3,2024-05-25,2024-05-28,PL-MKT-01,C000382,VM-APP-0009,2,342.99,0.05,PLN
SO-2024-006032,4,2024-05-25,2024-05-28,PL-MKT-01,C000382,VM-ACC-0018,3,48.99,0.05,PLN
SO-2024-006033,1,2024-05-25,2024-05-28,PL-MKT-01,C005728,VM-BIK-0006,1,6458.19,0.0,PLN
SO-2024-006033,2,2024-05-25,2024-05-28,PL-MKT-01,C005728,VM-NUT-0002,14,14.69,0.0,PLN
SO-2024-006033,3,2024-05-25,2024-05-28,PL-MKT-01,C005728,VM-ACC-0008,2,391.99,0.0,PLN
SO-2024-006034,1,2024-05-25,2024-05-26,PL-MKT-01,C008813,VM-ACC-0021,1,764.39,0.05,PLN
SO-2024-006034,2,2024-05-25,2024-05-26,PL-MKT-01,C008813,VM-BIK-0012,1,11573.79,0.05,PLN
SO-2024-006034,3,2024-05-25,2024-05-26,PL-MKT-01,C008813,VM-ACC-0009,2,391.99,0.05,PLN
SO-2024-006035,1,2024-05-25,2024-05-25,CZ-PRG-01,C007859,VM-APP-0017,1,1024.0,0.05,CZK
SO-2024-006035,2,2024-05-25,2024-05-25,CZ-PRG-01,C007859,VM-BIK-0004,1,23005.0,0.05,CZK
SO-2024-006036,1,2024-05-25,2024-05-25,CZ-PRG-01,C008814,VM-APP-0002,1,2370.0,0.0,CZK
SO-2024-006037,1,2024-05-25,2024-05-25,CZ-PRG-01,,VM-ACC-0018,1,269.0,0.0,CZK
SO-2024-006037,2,2024-05-25,2024-05-25,CZ-PRG-01,,VM-BIK-0013,1,25860.0,0.0,CZK
SO-2024-006037,3,2024-05-25,2024-05-25,CZ-PRG-01,,VM-BIK-0007,1,37982.0,0.0,CZK
SO-2024-006038,1,2024-05-25,2024-05-28,CZ-WEB-01,C008815,VM-BIK-0004,1,23005.0,0.0,CZK
SO-2024-006039,1,2024-05-25,2024-05-27,CZ-WEB-01,C004901,VM-BIK-0007,1,37982.0,0.05,CZK
SO-2024-006039,2,2024-05-25,2024-05-27,CZ-WEB-01,C004901,VM-APP-0012,1,4687.0,0.05,CZK
SO-2024-006039,3,2024-05-25,2024-05-27,CZ-WEB-01,C004901,VM-ACC-0005,1,970.0,0.05,CZK
SO-2024-006040,1,2024-05-25,2024-05-27,CZ-WEB-01,C008290,VM-EBK-0008,1,81352.0,0.0,CZK
SO-2024-006041,1,2024-05-25,2024-05-26,CZ-WEB-01,C005854,VM-ACC-0014,3,593.0,0.12,CZK
SO-2024-006042,1,2024-05-25,2024-05-28,CZ-WEB-01,C008816,vm-nut-0002,6,81.0,0.0,CZK
SO-2024-006042,2,2024-05-25,2024-05-28,CZ-WEB-01,C008816,VM-BIK-0012,1,63627.0,0.0,CZK
SO-2024-006043,1,2024-05-25,2024-05-26,CZ-WEB-01,C008817,VM-APP-0012,1,4687.0,0.0,CZK
SO-2024-006043,2,2024-05-25,2024-05-26,CZ-WEB-01,C008817,VM-ACC-0008,1,2155.0,0.0,CZK
SO-2024-006044,1,2024-05-25,2024-05-25,DE-BER-01,C008818, VM-APP-0002 ,4,98.97,0.08,EUR
SO-2024-006045,1,2024-05-25,2024-05-25,DE-BER-01,,VM-NUT-0002,15,3.37,0.0,EUR
SO-2024-006046,1,2024-05-25,2024-05-25,DE-BER-01,C004852,VM-APP-0006,1,69.73,0.0,EUR
SO-2024-006047,1,2024-05-25,2024-05-27,DE-WEB-01,C008819,VM-NUT-0003,9,2.47,0.0,EUR
SO-2024-006048,1,2024-05-25,2024-05-27,DE-WEB-01,C008820,VM-CMP-0009,1,78.73,0.0,EUR
SO-2024-006048,2,2024-05-25,2024-05-27,DE-WEB-01,C008820,VM-CMP-0008,1,98.97,0.0,EUR
SO-2024-006048,3,2024-05-25,2024-05-27,DE-WEB-01,C008820,VM-ACC-0008,2,89.97,0.0,EUR
SO-2024-006049,1,2024-05-25,2024-05-26,DE-WEB-01,C008821,VM-ACC-0021,1,175.45,0.0,EUR
SO-2024-006050,1,2024-05-26,2024-05-30,PL-WEB-01,C006932,VM-EBK-0001,1,7516.59,0.05,PLN
SO-2024-006051,1,2024-05-26,2024-05-30,PL-WEB-01,C004535,VM-APP-0001,2,450.79,0.0,PLN
SO-2024-006052,1,2024-05-26,2024-05-27,PL-WEB-01,C002060,VM-BIK-0009,5,5527.19,0.1,PLN
SO-2024-006053,1,2024-05-26,2024-05-29,PL-WEB-01,C000052,VM-APP-0003,1,303.79,0.0,PLN
SO-2024-006053,2,2024-05-26,2024-05-29,PL-WEB-01,C000052,VM-NUT-0009,1,83.29,0.1,PLN
SO-2024-006053,3,2024-05-26,2024-05-29,PL-WEB-01,C000052,VM-BIK-0007,1,6908.99,0.0,PLN
SO-2024-006054,1,2024-05-26,2024-05-27,PL-WEB-01,C002910,VM-ACC-0012,1,70.55,0.0,PLN
SO-2024-006055,1,2024-05-26,2024-05-27,PL-WEB-01,C008822,VM-BIK-0009,1,5527.19,0.0,PLN
SO-2024-006056,1,2024-05-26,2024-05-30,PL-WEB-01,C002770,VM-APP-0019,2,64.67,0.0,PLN
SO-2024-006056,2,2024-05-26,2024-05-30,PL-WEB-01,C002770,VM-CMP-0016,1,2410.79,0.0,PLN
SO-2024-006057,1,2024-05-26,2024-05-27,PL-WEB-01,C008823,VM-NUT-0010,4,34.29,0.0,PLN
SO-2024-006058,1,2024-05-26,2024-05-27,PL-WEB-01,C008183,VM-EBK-0003,1,8908.19,0.0,PLN
SO-2024-006058,2,2024-05-26,2024-05-27,PL-WEB-01,C008183,VM-EBK-0011,1,14347.19,0.0,PLN
SO-2024-006059,1,2024-05-26,2024-05-27,PL-WEB-01,C007024,VM-BIK-0007,1,6908.99,0.0,PLN
SO-2024-006059,2,2024-05-26,2024-05-27,PL-WEB-01,C007024,VM-ACC-0004,1,764.39,0.0,PLN
SO-2024-006060,1,2024-05-26,2024-05-28,PL-WEB-01,C006506,VM-BIK-0019,2,1185.79,0.12,PLN
SO-2024-006061,1,2024-05-26,2024-05-30,PL-WEB-01,C008824,VM-NUT-0001,9,8.81,0.0,PLN
SO-2024-006061,2,2024-05-26,2024-05-30,PL-WEB-01,C008824,VM-NUT-0004,4,6.85,0.0,PLN
SO-2024-006061,3,2024-05-26,2024-05-30,PL-WEB-01,C008824,VM-APP-0013,1,431.19,0.0,PLN
SO-2024-006061,4,2024-05-26,2024-05-30,PL-WEB-01,C008824,VM-NUT-0002,14,14.69,0.05,PLN
SO-2024-006062,1,2024-05-26,2024-05-30,PL-WEB-01,C008825,VM-CMP-0010,1,382.19,0.0,PLN
SO-2024-006063,1,2024-05-26,2024-05-27,PL-MKT-01,C008826,VM-BIK-0013,1,4703.99,0.0,PLN
SO-2024-006063,2,2024-05-26,2024-05-27,PL-MKT-01,C008826,VM-ACC-0008,1,391.99,0.0,PLN
SO-2024-006063,3,2024-05-26,2024-05-27,PL-MKT-01,C008826,VM-ACC-0014,1,107.79,0.0,PLN
SO-2024-006063,4,2024-05-26,2024-05-27,PL-MKT-01,C008826,VM-ACC-0007,1,352.79,0.0,PLN
SO-2024-006064,1,2024-05-26,2024-05-29,PL-MKT-01,C000161,VM-NUT-0006,8,9.79,0.0,PLN
SO-2024-006065,1,2024-05-26,2024-05-27,PL-MKT-01,C008751,VM-BIK-0012,1,11573.79,0.0,PLN
SO-2024-006066,1,2024-05-26,2024-05-28,PL-MKT-01,C006143,VM-EBK-0009,1,9711.79,0.0,PLN
SO-2024-006066,2,2024-05-26,2024-05-28,PL-MKT-01,C006143,VM-ACC-0018,2,48.99,0.0,PLN
SO-2024-006066,3,2024-05-26,2024-05-28,PL-MKT-01,C006143,VM-ACC-0008,2,391.99,0.0,PLN
SO-2024-006067,1,2024-05-26,2024-05-29,PL-MKT-01,C008827,VM-APP-0018,1,127.39,0.0,PLN
SO-2024-006067,2,2024-05-26,2024-05-29,PL-MKT-01,C008827,VM-BIK-0012,1,11573.79,0.0,PLN
SO-2024-006068,1,2024-05-26,2024-05-30,PL-MKT-01,C002802,VM-BIK-0009,1,5527.19,0.0,PLN
SO-2024-006069,1,2024-05-26,2024-05-27,PL-MKT-01,C005167,VM-BIK-0004,1,4184.59,0.05,PLN
SO-2024-006070,1,2024-05-26,2024-05-28,PL-MKT-01,C008828,VM-BIK-0014,1,3753.39,0.0,PLN
SO-2024-006070,2,2024-05-26,2024-05-28,PL-MKT-01,C008828,VM-ACC-0008,1,391.99,0.0,PLN
SO-2024-006070,3,2024-05-26,2024-05-28,PL-MKT-01,C008828,VM-ACC-0011,1,70.55,0.0,PLN
SO-2024-006071,1,2024-05-26,2024-05-29,PL-MKT-01,C000397,VM-BIK-0008,1,5203.79,0.05,PLN
SO-2024-006071,2,2024-05-26,2024-05-29,PL-MKT-01,C000397,VM-ACC-0014,1,107.79,0.05,PLN
SO-2024-006071,3,2024-05-26,2024-05-29,PL-MKT-01,C000397,VM-CMP-0011,2,156.79,0.05,PLN
SO-2024-006072,1,2024-05-26,2024-05-26,CZ-PRG-01,C003201,VM-CMP-0013,2,2855.0,0.0,CZK
SO-2024-006072,2,2024-05-26,2024-05-26,CZ-PRG-01,C003201,VM-NUT-0001,7,48.0,0.0,CZK
SO-2024-006072,3,2024-05-26,2024-05-26,CZ-PRG-01,C003201,VM-NUT-0009,1,458.0,0.0,CZK
SO-2024-006072,4,2024-05-26,2024-05-26,CZ-PRG-01,C003201,VM-APP-0013,1,2370.0,0.0,CZK
SO-2024-006073,1,2024-05-26,2024-05-26,CZ-PRG-01,C007740,VM-CMP-0014,2,2317.0,0.0,CZK
SO-2024-006073,2,2024-05-26,2024-05-26,CZ-PRG-01,C007740,VM-BIK-0021,1,6734.0,0.0,CZK
SO-2024-006074,1,2024-05-26,2024-05-26,CZ-PRG-01,C008829,VM-EBK-0009,1,53391.0,0.0,CZK
SO-2024-006074,2,2024-05-26,2024-05-26,CZ-PRG-01,C008829,VM-CMP-0012,2,2909.0,0.0,CZK
SO-2024-006074,3,2024-05-26,2024-05-26,CZ-PRG-01,C008829,VM-ACC-0003,2,1562.0,0.0,CZK
SO-2024-006074,4,2024-05-26,2024-05-26,CZ-PRG-01,C008829,VM-CMP-0007,2,3394.0,0.0,CZK
SO-2024-006075,1,2024-05-26,2024-05-26,CZ-PRG-01,C007846,VM-ACC-0017,2,312.0,0.0,CZK
SO-2024-006075,2,2024-05-26,2024-05-26,CZ-PRG-01,C007846,VM-CMP-0006,2,1077.0,0.0,CZK
SO-2024-006075,3,2024-05-26,2024-05-26,CZ-PRG-01,C007846,VM-APP-0019,2,356.0,0.0,CZK
SO-2024-006075,4,2024-05-26,2024-05-26,CZ-PRG-01,C007846,VM-BIK-0001,1,73756.0,0.0,CZK
SO-2024-006076,1,2024-05-26,2024-05-28,CZ-WEB-01,C008830,VM-ACC-0019,3,269.0,0.0,CZK
SO-2024-006077,1,2024-05-26,2024-05-28,CZ-WEB-01,C007096,VM-BIK-0014,1,20634.0,0.05,CZK
SO-2024-006078,1,2024-05-26,2024-05-29,DE-WEB-01,C006133,VM-CMP-0006,2,44.99,0.0,EUR
SO-2024-006078,2,2024-05-26,2024-05-29,DE-WEB-01,C006133,VM-APP-0016,1,137.21,0.0,EUR
SO-2024-006078,3,2024-05-26,2024-05-29,DE-WEB-01,C006133,VM-CMP-0005,1,332.91,0.0,EUR
SO-2024-006079,1,2024-05-26,2024-05-30,DE-WEB-01,C008831,VM-APP-0010,2,38.24,0.0,EUR
SO-2024-006080,1,2024-05-26,2024-05-29,DE-WEB-01,C008832, VM-CMP-0012 ,1,121.47,0.0,EUR
SO-2024-006081,1,2024-05-26,2024-05-29,DE-WEB-01,C008833,VM-NUT-0007,12,2.92,0.0,EUR
SO-2024-006081,2,2024-05-26,2024-05-29,DE-WEB-01,C008833,VM-BIK-0001,1,3079.44,0.0,EUR
SO-2024-006082,1,2024-05-26,2024-05-27,DE-WEB-01,C008225,VM-CMP-0015,2,206.94,0.0,EUR
SO-2024-006082,2,2024-05-26,2024-05-27,DE-WEB-01,C008225,VM-NUT-0001,15,2.02,0.0,EUR
SO-2024-006082,3,2024-05-26,2024-05-27,DE-WEB-01,C008225,VM-APP-0020,1,40.49,0.0,EUR
SO-2024-006083,1,2024-05-26,2024-05-29,DE-WEB-01,C008834,VM-CMP-0023,1,13.27,0.0,EUR
SO-2024-006084,1,2024-05-26,2024-05-27,DE-WEB-01,C007554,VM-APP-0010,1,38.24,0.1,EUR
SO-2024-006085,1,2024-05-27,2024-05-27,PL-WAW-01,C004028,VM-ACC-0020,1,793.79,0.05,PLN
SO-2024-006086,1,2024-05-27,2024-05-27,PL-WAW-01,C008835,VM-ACC-0008,2,391.99,0.0,PLN
SO-2024-006086,2,2024-05-27,2024-05-27,PL-WAW-01,C008835,VM-CMP-0002,2,548.79,0.0,PLN
SO-2024-006087,1,2024-05-27,2024-05-27,PL-WAW-01,C008836,VM-BIK-0008,1,5203.79,0.05,PLN
SO-2024-006087,2,2024-05-27,2024-05-27,PL-WAW-01,C008836,VM-APP-0017,2,186.19,0.05,PLN
SO-2024-006088,1,2024-05-27,2024-05-27,PL-WAW-01,,VM-NUT-0011,3,52.91,0.0,PLN
SO-2024-006088,2,2024-05-27,2024-05-27,PL-WAW-01,,VM-APP-0013,1,431.19,0.0,PLN
SO-2024-006089,1,2024-05-27,2024-05-27,PL-WAW-01,,VM-BIK-0007,1,6908.99,0.0,PLN
SO-2024-006090,1,2024-05-27,2024-05-27,PL-WAW-02,C002942,VM-NUT-0002,8,14.69,0.0,PLN
SO-2024-006091,1,2024-05-27,2024-05-27,PL-WAW-02,C008837,VM-BIK-0001,1,13416.19,0.0,PLN
SO-2024-006091,2,2024-05-27,2024-05-27,PL-WAW-02,C008837,VM-ACC-0008,2,391.99,0.0,PLN
SO-2024-006092,1,2024-05-27,2024-05-27,PL-KRK-01,C000943,VM-ACC-0014,3,107.79,0.1,PLN
SO-2024-006093,1,2024-05-27,2024-05-27,PL-KRK-01,C005086,VM-NUT-0004,32,6.85,0.08,PLN
SO-2024-006094,1,2024-05-27,2024-05-27,PL-KRK-01,C008253,VM-APP-0012,1,852.59,0.05,PLN
SO-2024-006095,1,2024-05-27,2024-05-27,PL-KRK-01,C001738,VM-ACC-0018,2,48.99,0.05,PLN
SO-2024-006096,1,2024-05-27,2024-05-27,PL-KRK-01,C008838,VM-BIK-0017,1,1871.79,0.0,PLN
SO-2024-006096,2,2024-05-27,2024-05-27,PL-KRK-01,C008838,VM-APP-0007,1,156.79,0.0,PLN
SO-2024-006097,1,2024-05-27,2024-05-27,PL-KRK-01,C008839,VM-BIK-0012,1,11573.79,0.0,PLN
SO-2024-006098,1,2024-05-27,2024-05-27,PL-KRK-01,C006850,VM-CMP-0012,2,529.19,0.0,PLN
SO-2024-006099,1,2024-05-27,2024-05-27,PL-WRO-01,C003562,VM-NUT-0010,3,34.29,0.05,PLN
SO-2024-006100,1,2024-05-27,2024-05-27,PL-WRO-01,C008840,VM-EBK-0008,1,14797.99,0.0,PLN
SO-2024-006101,1,2024-05-27,2024-05-27,PL-WRO-01,,VM-ACC-0018,2,48.99,0.0,PLN
SO-2024-006102,1,2024-05-27,2024-05-27,PL-WRO-01,,VM-ACC-0010,2,244.99,0.0,PLN
SO-2024-006103,1,2024-05-27,2024-05-27,PL-GDN-01,C007558,VM-ACC-0022,1,1538.59,0.05,PLN
SO-2024-006103,2,2024-05-27,2024-05-27,PL-GDN-01,C007558,VM-ACC-0014,1,107.79,0.05,PLN
SO-2024-006104,1,2024-05-27,2024-05-27,PL-POZ-01,C007564,VM-BIK-0012,1,11573.79,0.0,PLN
SO-2024-006105,1,2024-05-27,2024-05-27,PL-LDZ-01,,VM-APP-0013,1,431.19,0.0,PLN
SO-2024-006106,1,2024-05-27,2024-05-31,PL-WEB-01,C008166,VM-ACC-0003,1,284.19,0.05,PLN
SO-2024-006107,1,2024-05-27,2024-05-30,PL-WEB-01,C007943,VM-EBK-0011,1,14347.19,0.0,PLN
SO-2024-006107,2,2024-05-27,2024-05-30,PL-WEB-01,C007943,VM-APP-0012,1,852.59,0.0,PLN
SO-2024-006108,1,2024-05-27,2024-05-29,PL-WEB-01,C008841,VM-CMP-0019,3,205.79,0.0,PLN
SO-2024-006109,1,2024-05-27,2024-05-28,PL-WEB-01,C006849,VM-BIK-0021,1,1224.99,0.0,PLN
SO-2024-006110,1,2024-05-27,2024-05-30,PL-WEB-01,C000112,VM-EBK-0002,1,9750.99,0.0,PLN
SO-2024-006111,1,2024-05-27,2024-05-29,PL-WEB-01,C004360,VM-NUT-0003,8,10.77,0.1,PLN
SO-2024-006111,2,2024-05-27,2024-05-29,PL-WEB-01,C004360, VM-CMP-0016 ,2,2410.79,0.05,PLN
SO-2024-006111,3,2024-05-27,2024-05-29,PL-WEB-01,C004360,VM-NUT-0011,3,52.91,0.05,PLN
SO-2024-006111,4,2024-05-27,2024-05-29,PL-WEB-01,C004360,VM-NUT-0010,3,34.29,0.05,PLN
SO-2024-006112,1,2024-05-27,2024-05-31,PL-WEB-01,C002068,VM-APP-0013,1,431.19,0.0,PLN
SO-2024-006113,1,2024-05-27,2024-05-29,PL-WEB-01,C008842,VM-BIK-0001,1,13416.19,0.05,PLN
SO-2024-006113,2,2024-05-27,2024-05-29,PL-WEB-01,C008842,VM-ACC-0002,2,597.79,0.0,PLN
SO-2024-006114,1,2024-05-27,2024-05-28,PL-WEB-01,C001169,VM-CMP-0015,2,901.59,0.05,PLN
SO-2024-006115,1,2024-05-27,2024-05-31,PL-WEB-01,C004292,VM-ACC-0017,1,56.83,0.0,PLN
SO-2024-006116,1,2024-05-27,2024-05-30,PL-WEB-01,C008843,VM-APP-0009,2,342.99,0.0,PLN
SO-2024-006116,2,2024-05-27,2024-05-30,PL-WEB-01,C008843,VM-BIK-0001,1,13416.19,0.0,PLN
SO-2024-006117,1,2024-05-27,2024-05-29,PL-WEB-01,C001855,VM-NUT-0002,12,14.69,0.0,PLN
SO-2024-006118,1,2024-05-27,2024-05-29,PL-MKT-01,C008844,VM-CMP-0004,2,705.59,0.0,PLN
SO-2024-006119,1,2024-05-27,2024-05-28,PL-MKT-01,C008845,VM-BIK-0020,1,1185.79,0.0,PLN
SO-2024-006120,1,2024-05-27,2024-05-28,PL-MKT-01,C006570,VM-APP-0013,1,431.19,0.05,PLN
SO-2024-006120,2,2024-05-27,2024-05-28,PL-MKT-01,C006570,VM-BIK-0013,1,4703.99,0.05,PLN
SO-2024-006120,3,2024-05-27,2024-05-28,PL-MKT-01,C006570,VM-CMP-0003,1,235.19,0.05,PLN
SO-2024-006120,4,2024-05-27,2024-05-28,PL-MKT-01,C006570,VM-ACC-0008,1,391.99,0.05,PLN
SO-2024-006121,1,2024-05-27,2024-05-27,CZ-PRG-01,C008846,VM-NUT-0009,1,458.0,0.05,CZK
SO-2024-006122,1,2024-05-27,2024-05-27,CZ-PRG-01,,VM-CMP-0019,4,1131.0,0.0,CZK
SO-2024-006122,2,2024-05-27,2024-05-27,CZ-PRG-01,,VM-NUT-0005,3,48.0,0.0,CZK
SO-2024-006123,1,2024-05-27,2024-05-27,CZ-PRG-01,C007230,VM-CMP-0011,2,862.0,0.0,CZK
SO-2024-006124,1,2024-05-27,2024-05-27,CZ-PRG-01,,VM-ACC-0019,1,269.0,0.0,CZK
SO-2024-006125,1,2024-05-27,2024-05-30,CZ-WEB-01,C007101,VM-ACC-0002,2,3286.0,0.1,CZK
SO-2024-006125,2,2024-05-27,2024-05-30,CZ-WEB-01,C007101,VM-ACC-0019,2,269.0,0.0,CZK
SO-2024-006126,1,2024-05-27,2024-05-28,CZ-WEB-01,C008847,VM-EBK-0010,1,72678.0,0.0,CZK
SO-2024-006126,2,2024-05-27,2024-05-28,CZ-WEB-01,C008847,VM-ACC-0008,2,2155.0,0.0,CZK
SO-2024-006127,1,2024-05-27,2024-05-31,CZ-WEB-01,C008848,VM-ACC-0008,1,2155.0,0.0,CZK
SO-2024-006128,1,2024-05-27,2024-05-29,CZ-WEB-01,C007103,VM-APP-0010,1,916.0,0.0,CZK
SO-2024-006128,2,2024-05-27,2024-05-29,CZ-WEB-01,C007103,VM-EBK-0007,1,79197.0,0.0,CZK
SO-2024-006129,1,2024-05-27,2024-05-28,CZ-WEB-01,C008849,VM-BIK-0020,1,6519.0,0.0,CZK
SO-2024-006129,2,2024-05-27,2024-05-28,CZ-WEB-01,C008849,VM-ACC-0007,2,1939.0,0.0,CZK
SO-2024-006130,1,2024-05-27,2024-05-28,CZ-WEB-01,C008850,VM-ACC-0008,2,2155.0,0.0,CZK
SO-2024-006131,1,2024-05-27,2024-05-31,CZ-WEB-01,C003358,VM-ACC-0020,1,4364.0,0.0,CZK
SO-2024-006132,1,2024-05-27,2024-05-27,DE-BER-01,C005896,VM-BIK-0013,1,1079.71,0.0,EUR
SO-2024-006132,2,2024-05-27,2024-05-27,DE-BER-01,C005896,VM-ACC-0015,1,78.73,0.0,EUR
SO-2024-006133,1,2024-05-27,2024-05-27,DE-BER-01,C008851,VM-NUT-0007,4,2.92,0.0,EUR
SO-2024-006134,1,2024-05-27,2024-05-28,DE-WEB-01,C004761,VM-APP-0013,1,98.97,0.0,EUR
SO-2024-006134,2,2024-05-27,2024-05-28,DE-WEB-01,C004761,VM-ACC-0015,1,78.73,0.0,EUR
SO-2024-006135,1,2024-05-27,2024-05-28,DE-WEB-01,C008852,VM-NUT-0004,11,1.57,0.0,EUR
SO-2024-006135,2,2024-05-27,2024-05-28,DE-WEB-01,C008852,VM-ACC-0022,1,353.15,0.0,EUR
SO-2024-006136,1,2024-05-27,2024-05-31,DE-WEB-01,C008853,VM-APP-0013,1,98.97,0.05,EUR
SO-2024-006137,1,2024-05-27,2024-05-29,DE-WEB-01,C007590,VM-ACC-0014,1,24.74,0.0,EUR
SO-2024-006137,2,2024-05-27,2024-05-29,DE-WEB-01,C007590,VM-ACC-0020,1,182.2,0.0,EUR
SO-2024-006137,3,2024-05-27,2024-05-29,DE-WEB-01,C007590,VM-ACC-0008,2,89.97,0.0,EUR
SO-2024-006137,4,2024-05-27,2024-05-29,DE-WEB-01,C007590,VM-BIK-0007,1,1585.83,0.0,EUR
SO-2024-006138,1,2024-05-27,2024-05-30,DE-WEB-01,C008854,VM-ACC-0003,2,65.23,0.0,EUR
SO-2024-006139,1,2024-05-27,2024-05-30,DE-WEB-01,C008089,VM-EBK-0009,1,2229.16,0.0,EUR
SO-2024-006139,2,2024-05-27,2024-05-30,DE-WEB-01,C008089,VM-ACC-0017,2,13.04,0.05,EUR
SO-2024-006140,1,2024-05-27,2024-05-30,DE-WEB-01,C004223,VM-ACC-0018,1,11.24,0.05,EUR
SO-2024-006140,2,2024-05-27,2024-05-30,DE-WEB-01,C004223,VM-ACC-0002,1,137.21,0.05,EUR
SO-2024-006140,3,2024-05-27,2024-05-30,DE-WEB-01,C004223,VM-APP-0011,1,92.22,0.05,EUR
SO-2024-006141,1,2024-05-27,2024-05-30,DE-WEB-01,C001344,VM-APP-0001,1,103.47,0.0,EUR
SO-2024-006142,1,2024-05-28,2024-05-28,PL-WAW-01,C008855,VM-CMP-0003,2,235.19,0.0,PLN
SO-2024-006143,1,2024-05-28,2024-05-28,PL-WAW-01,C003859,VM-BIK-0001,1,13416.19,0.05,PLN
SO-2024-006143,2,2024-05-28,2024-05-28,PL-WAW-01,C003859,VM-ACC-0008,2,391.99,0.05,PLN
SO-2024-006144,1,2024-05-28,2024-05-28,PL-WAW-01,,VM-CMP-0001,1,391.99,0.0,PLN
SO-2024-006144,2,2024-05-28,2024-05-28,PL-WAW-01,,VM-BIK-0013,1,4703.99,0.05,PLN
SO-2024-006144,3,2024-05-28,2024-05-28,PL-WAW-01,,vm-acc-0008,2,391.99,0.0,PLN
SO-2024-006144,4,2024-05-28,2024-05-28,PL-WAW-01,,VM-BIK-0014,1,3753.39,0.0,PLN
SO-2024-006145,1,2024-05-28,2024-05-28,PL-WAW-01,,VM-NUT-0003,13,10.77,0.0,PLN
SO-2024-006145,2,2024-05-28,2024-05-28,PL-WAW-01,,VM-BIK-0012,1,11573.79,0.0,PLN
SO-2024-006146,1,2024-05-28,2024-05-28,PL-WAW-01,C008856,VM-ACC-0020,1,793.79,0.0,PLN
SO-2024-006147,1,2024-05-28,2024-05-28,PL-WAW-01,C002841,VM-CMP-0020,1,254.79,0.0,PLN
SO-2024-006148,1,2024-05-28,2024-05-28,PL-WAW-01,C008857,VM-ACC-0019,3,48.99,0.0,PLN
SO-2024-006148,2,2024-05-28,2024-05-28,PL-WAW-01,C008857,VM-APP-0002,3,431.19,0.0,PLN
SO-2024-006149,1,2024-05-28,2024-05-28,PL-WAW-02,C006693,VM-CMP-0013,2,519.39,0.12,PLN
SO-2024-006150,1,2024-05-28,2024-05-28,PL-WAW-02,,VM-EBK-0001,1,7516.59,0.0,PLN
SO-2024-006151,1,2024-05-28,2024-05-28,PL-WAW-02,C008858,VM-ACC-0018,2,48.99,0.0,PLN
SO-2024-006152,1,2024-05-28,2024-05-28,PL-WAW-02,C008859,VM-APP-0008,1,156.79,0.0,PLN
SO-2024-006152,2,2024-05-28,2024-05-28,PL-WAW-02,C008859,VM-ACC-0013,1,166.59,0.0,PLN
SO-2024-006152,3,2024-05-28,2024-05-28,PL-WAW-02,C008859,VM-CMP-0023,3,57.81,0.0,PLN
SO-2024-006153,1,2024-05-28,2024-05-28,PL-KRK-01,C008860,VM-BIK-0002,1,9437.39,0.0,PLN
SO-2024-006154,1,2024-05-28,2024-05-28,PL-KRK-01,,VM-ACC-0020,1,793.79,0.0,PLN
SO-2024-006154,2,2024-05-28,2024-05-28,PL-KRK-01,,VM-ACC-0014,1,107.79,0.0,PLN
SO-2024-006154,3,2024-05-28,2024-05-28,PL-KRK-01,,VM-APP-0010,2,166.59,0.0,PLN
SO-2024-006155,1,2024-05-28,2024-05-28,PL-KRK-01,,VM-BIK-0009,1,5527.19,0.0,PLN
SO-2024-006156,1,2024-05-28,2024-05-28,PL-WRO-01,C008861,VM-EBK-0003,1,8908.19,0.05,PLN
SO-2024-006157,1,2024-05-28,2024-05-28,PL-WRO-01,C007343,VM-CMP-0009,1,342.99,0.0,PLN
SO-2024-006157,2,2024-05-28,2024-05-28,PL-WRO-01,C007343,VM-BIK-0014,1,3753.39,0.0,PLN
SO-2024-006158,1,2024-05-28,2024-05-28,PL-WRO-01,C000680,VM-BIK-0009,1,5527.19,0.0,PLN
SO-2024-006158,2,2024-05-28,2024-05-28,PL-WRO-01,C000680,VM-NUT-0001,6,8.81,0.0,PLN
SO-2024-006159,1,2024-05-28,2024-05-28,PL-WRO-01,C008862,VM-CMP-0020,3,254.79,0.0,PLN
SO-2024-006159,2,2024-05-28,2024-05-28,PL-WRO-01,C008862,VM-CMP-0017,1,489.99,0.0,PLN
SO-2024-006160,1,2024-05-28,2024-05-28,PL-GDN-01,C000928,VM-APP-0010,2,166.59,0.0,PLN
SO-2024-006161,1,2024-05-28,2024-05-28,PL-GDN-01,,VM-CMP-0010,2,382.19,0.0,PLN
SO-2024-006162,1,2024-05-28,2024-05-28,PL-POZ-01,C007558,VM-NUT-0001,8,8.81,0.1,PLN
SO-2024-006162,2,2024-05-28,2024-05-28,PL-POZ-01,C007558,VM-APP-0006,1,303.79,0.05,PLN
SO-2024-006163,1,2024-05-28,2024-05-29,PL-WEB-01,C005034,VM-CMP-0019,4,205.79,0.0,PLN
SO-2024-006163,2,2024-05-28,2024-05-29,PL-WEB-01,C005034,VM-ACC-0007,1,352.79,0.0,PLN
SO-2024-006164,1,2024-05-28,2024-06-01,PL-WEB-01,C002754,VM-APP-0013,1,431.19,0.0,PLN
SO-2024-006165,1,2024-05-28,2024-05-29,PL-WEB-01,C008604,VM-BIK-0019,1,1185.79,0.0,PLN
SO-2024-006165,2,2024-05-28,2024-05-29,PL-WEB-01,C008604,VM-BIK-0009,1,5527.19,0.0,PLN
SO-2024-006166,1,2024-05-28,2024-05-29,PL-WEB-01,C008863,VM-APP-0003,2,303.79,0.0,PLN
SO-2024-006166,2,2024-05-28,2024-05-29,PL-WEB-01,C008863,VM-ACC-0014,1,107.79,0.0,PLN
SO-2024-006167,1,2024-05-28,2024-05-30,PL-WEB-01,C007314,VM-BIK-0012,5,11573.79,0.08,PLN
SO-2024-006167,2,2024-05-28,2024-05-30,PL-WEB-01,C007314,VM-ACC-0005,5,176.39,0.08,PLN
SO-2024-006167,3,2024-05-28,2024-05-30,PL-WEB-01,C007314,VM-ACC-0013,5,166.59,0.12,PLN
SO-2024-006168,1,2024-05-28,2024-06-01,PL-WEB-01,C008864,VM-BIK-0012,1,11573.79,0.0,PLN
SO-2024-006169,1,2024-05-28,2024-05-29,PL-WEB-01,C005926,VM-CMP-0001,1,391.99,0.0,PLN
SO-2024-006170,1,2024-05-28,2024-06-01,PL-MKT-01,C008865,VM-APP-0001,2,450.79,0.0,PLN
SO-2024-006170,2,2024-05-28,2024-06-01,PL-MKT-01,C008865,VM-CMP-0010,1,382.19,0.0,PLN
SO-2024-006170,3,2024-05-28,2024-06-01,PL-MKT-01,C008865,VM-BIK-0020,1,1185.79,0.1,PLN
SO-2024-006171,1,2024-05-28,2024-05-29,PL-MKT-01,C001459,VM-CMP-0013,1,519.39,0.0,PLN
SO-2024-006171,2,2024-05-28,2024-05-29,PL-MKT-01,C001459,VM-ACC-0008,2,391.99,0.0,PLN
SO-2024-006172,1,2024-05-28,2024-05-30,PL-MKT-01,C005768,VM-APP-0010,2,166.59,0.0,PLN
SO-2024-006172,2,2024-05-28,2024-05-30,PL-MKT-01,C005768,VM-CMP-0003,2,235.19,0.0,PLN
SO-2024-006173,1,2024-05-28,2024-05-30,PL-MKT-01,C005792,VM-CMP-0003,2,235.19,0.0,PLN
SO-2024-006173,2,2024-05-28,2024-05-30,PL-MKT-01,C005792,VM-CMP-0023,3,57.81,0.0,PLN
SO-2024-006174,1,2024-05-28,2024-05-29,PL-MKT-01,C006930,vm-nut-0003,14,10.77,0.05,PLN
SO-2024-006174,2,2024-05-28,2024-05-29,PL-MKT-01,C006930,VM-BIK-0006,1,6458.19,0.05,PLN
SO-2024-006174,3,2024-05-28,2024-05-29,PL-MKT-01,C006930,VM-CMP-0015,2,901.59,0.05,PLN
SO-2024-006175,1,2024-05-28,2024-05-30,PL-MKT-01,C008866,VM-BIK-0016,1,3518.19,0.0,PLN
SO-2024-006175,2,2024-05-28,2024-05-30,PL-MKT-01,C008866,VM-BIK-0017,1,1871.79,0.0,PLN
SO-2024-006175,3,2024-05-28,2024-05-30,PL-MKT-01,C008866,VM-ACC-0007,2,352.79,0.0,PLN
SO-2024-006175,4,2024-05-28,2024-05-30,PL-MKT-01,C008866,VM-ACC-0004,2,764.39,0.0,PLN
SO-2024-006176,1,2024-05-28,2024-05-29,PL-MKT-01,C008867,VM-BIK-0012,1,11573.79,0.05,PLN
SO-2024-006176,2,2024-05-28,2024-05-29,PL-MKT-01,C008867,VM-ACC-0007,1,352.79,0.0,PLN
SO-2024-006177,1,2024-05-28,2024-05-29,PL-MKT-01,C004948,VM-NUT-0007,3,12.73,0.05,PLN
SO-2024-006177,2,2024-05-28,2024-05-29,PL-MKT-01,C004948,VM-CMP-0013,2,519.39,0.05,PLN
SO-2024-006178,1,2024-05-28,2024-05-30,PL-MKT-01,C004535,VM-NUT-0002,14,14.69,0.0,PLN
SO-2024-006178,2,2024-05-28,2024-05-30,PL-MKT-01,C004535,VM-APP-0001,2,450.79,0.0,PLN
SO-2024-006178,3,2024-05-28,2024-05-30,PL-MKT-01,C004535,VM-BIK-0007,1,6908.99,0.0,PLN
SO-2024-006178,4,2024-05-28,2024-05-30,PL-MKT-01,C004535,VM-NUT-0006,9,9.79,0.0,PLN
SO-2024-006179,1,2024-05-28,2024-05-31,PL-MKT-01,C006102,VM-APP-0013,1,431.19,0.0,PLN
SO-2024-006179,2,2024-05-28,2024-05-31,PL-MKT-01,C006102,VM-CMP-0009,1,342.99,0.0,PLN
SO-2024-006180,1,2024-05-28,2024-05-29,PL-MKT-01,C008868,VM-ACC-0013,1,166.59,0.0,PLN
SO-2024-006180,2,2024-05-28,2024-05-29,PL-MKT-01,C008868,VM-BIK-0008,1,5203.79,0.0,PLN
SO-2024-006181,1,2024-05-28,2024-06-01,PL-MKT-01,C007784,VM-EBK-0003,1,8908.19,0.0,PLN
SO-2024-006181,2,2024-05-28,2024-06-01,PL-MKT-01,C007784,VM-ACC-0017,3,56.83,0.0,PLN
SO-2024-006182,1,2024-05-28,2024-05-28,CZ-PRG-01,C008817,VM-ACC-0011,1,388.0,0.0,CZK
SO-2024-006182,2,2024-05-28,2024-05-28,CZ-PRG-01,C008817,VM-ACC-0008,2,2155.0,0.0,CZK
SO-2024-006183,1,2024-05-28,2024-05-28,CZ-PRG-01,,VM-ACC-0006,2,5118.0,0.0,CZK
SO-2024-006183,2,2024-05-28,2024-05-28,CZ-PRG-01,,VM-NUT-0009,2,458.0,0.0,CZK
SO-2024-006184,1,2024-05-28,2024-05-28,CZ-PRG-01,C008869,VM-APP-0002,1,2370.0,0.05,CZK
SO-2024-006184,2,2024-05-28,2024-05-28,CZ-PRG-01,C008869,VM-ACC-0018,3,269.0,0.05,CZK
SO-2024-006184,3,2024-05-28,2024-05-28,CZ-PRG-01,C008869,VM-NUT-0004,5,38.0,0.05,CZK
SO-2024-006184,4,2024-05-28,2024-05-28,CZ-PRG-01,C008869,VM-EBK-0001,1,41323.0,0.05,CZK
SO-2024-006185,1,2024-05-28,2024-05-31,CZ-WEB-01,C006022,VM-BIK-0017,1,10290.0,0.0,CZK
SO-2024-006186,1,2024-05-28,2024-06-01,CZ-WEB-01,C008870,VM-BIK-0019,1,6519.0,0.0,CZK
SO-2024-006187,1,2024-05-28,2024-05-30,CZ-WEB-01,C001274,VM-NUT-0006,10,54.0,0.0,CZK
SO-2024-006188,1,2024-05-28,2024-05-31,CZ-WEB-01,C008477,VM-EBK-0011,1,78874.0,0.0,CZK
SO-2024-006188,2,2024-05-28,2024-05-31,CZ-WEB-01,C008477,VM-ACC-0013,1,916.0,0.0,CZK
SO-2024-006188,3,2024-05-28,2024-05-31,CZ-WEB-01,C008477,VM-NUT-0006,7,54.0,0.0,CZK
SO-2024-006189,1,2024-05-28,2024-05-30,CZ-WEB-01,C007188,VM-BIK-0002,1,51882.0,0.0,CZK
SO-2024-006189,2,2024-05-28,2024-05-30,CZ-WEB-01,C007188,VM-NUT-0002,9,81.0,0.0,CZK
SO-2024-006190,1,2024-05-28,2024-05-28,DE-BER-01,,VM-APP-0006,2,69.73,0.0,EUR
SO-2024-006190,2,2024-05-28,2024-05-28,DE-BER-01,,VM-NUT-0004,12,1.57,0.0,EUR
SO-2024-006191,1,2024-05-28,2024-05-28,DE-BER-01,,VM-ACC-0017,1,13.04,0.0,EUR
SO-2024-006191,2,2024-05-28,2024-05-28,DE-BER-01,,VM-ACC-0020,1,182.2,0.0,EUR
SO-2024-006191,3,2024-05-28,2024-05-28,DE-BER-01,,VM-ACC-0018,1,11.24,0.0,EUR
SO-2024-006192,1,2024-05-28,2024-05-29,DE-WEB-01,C004428,VM-ACC-0014,1,24.74,0.0,EUR
SO-2024-006193,1,2024-05-28,2024-06-01,DE-WEB-01,C008871,vm-bik-0010,1,1421.62,0.0,EUR
SO-2024-006194,1,2024-05-28,2024-05-29,DE-WEB-01,C008872,VM-BIK-0001,1,3079.44,0.0,EUR
SO-2024-006195,1,2024-05-28,2024-05-29,DE-WEB-01,C008672,VM-ACC-0008,2,89.97,0.0,EUR
SO-2024-006195,2,2024-05-28,2024-05-29,DE-WEB-01,C008672,VM-ACC-0014,1,24.74,0.0,EUR
SO-2024-006195,3,2024-05-28,2024-05-29,DE-WEB-01,C008672,VM-ACC-0017,1,13.04,0.05,EUR
SO-2024-006196,1,2024-05-28,2024-05-29,DE-WEB-01,C008873,VM-ACC-0008,1,89.97,0.0,EUR
SO-2024-006197,1,2024-05-29,2024-05-29,PL-WAW-01,C007263,VM-APP-0001,3,450.79,0.05,PLN
SO-2024-006197,2,2024-05-29,2024-05-29,PL-WAW-01,C007263,VM-NUT-0006,12,9.79,0.05,PLN
SO-2024-006197,3,2024-05-29,2024-05-29,PL-WAW-01,C007263,VM-ACC-0014,1,107.79,0.05,PLN
SO-2024-006198,1,2024-05-29,2024-05-29,PL-WAW-01,C008874,VM-BIK-0012,1,11573.79,0.0,PLN
SO-2024-006198,2,2024-05-29,2024-05-29,PL-WAW-01,C008874,VM-ACC-0017,3,56.83,0.0,PLN
SO-2024-006198,3,2024-05-29,2024-05-29,PL-WAW-01,C008874,VM-ACC-0014,1,107.79,0.0,PLN
SO-2024-006199,1,2024-05-29,2024-05-29,PL-WAW-01,C008875,VM-ACC-0018,3,48.99,0.0,PLN
SO-2024-006200,1,2024-05-29,2024-05-29,PL-WAW-01,C003585,VM-EBK-0008,1,14797.99,0.0,PLN
SO-2024-006200,2,2024-05-29,2024-05-29,PL-WAW-01,C003585,VM-BIK-0020,1,1185.79,0.0,PLN
SO-2024-006200,3,2024-05-29,2024-05-29,PL-WAW-01,C003585,VM-ACC-0012,1,70.55,0.0,PLN
SO-2024-006201,1,2024-05-29,2024-05-29,PL-WAW-01,,VM-CMP-0018,1,60.75,0.0,PLN
SO-2024-006201,2,2024-05-29,2024-05-29,PL-WAW-01,,VM-CMP-0010,1,382.19,0.0,PLN
SO-2024-006201,3,2024-05-29,2024-05-29,PL-WAW-01,,VM-APP-0007,1,156.79,0.0,PLN
SO-2024-006201,4,2024-05-29,2024-05-29,PL-WAW-01,,VM-BIK-0004,1,4184.59,0.0,PLN
SO-2024-006202,1,2024-05-29,2024-05-29,PL-WAW-01,,VM-ACC-0018,1,48.99,0.0,PLN
SO-2024-006203,1,2024-05-29,2024-05-29,PL-WAW-01,C008876,VM-BIK-0008,1,5203.79,0.0,PLN
SO-2024-006204,1,2024-05-29,2024-05-29,PL-WAW-02,C008877,VM-CMP-0006,1,195.99,0.0,PLN
SO-2024-006204,2,2024-05-29,2024-05-29,PL-WAW-02,C008877,VM-BIK-0013,1,4703.99,0.0,PLN
SO-2024-006205,1,2024-05-29,2024-05-29,PL-WAW-02,C008878,VM-NUT-0011,3,52.91,0.0,PLN
SO-2024-006205,2,2024-05-29,2024-05-29,PL-WAW-02,C008878,VM-CMP-0010,2,382.19,0.0,PLN
SO-2024-006205,3,2024-05-29,2024-05-29,PL-WAW-02,C008878,VM-APP-0002,3,431.19,0.0,PLN
SO-2024-006206,1,2024-05-29,2024-05-29,PL-WAW-02,C008879,VM-EBK-0001,1,7516.59,0.0,PLN
SO-2024-006206,2,2024-05-29,2024-05-29,PL-WAW-02,C008879,VM-EBK-0009,1,9711.79,0.0,PLN
SO-2024-006206,3,2024-05-29,2024-05-29,PL-WAW-02,C008879, VM-ACC-0002 ,2,597.79,0.0,PLN
SO-2024-006207,1,2024-05-29,2024-05-29,PL-KRK-01,C008880,VM-EBK-0011,1,14347.19,0.1,PLN
SO-2024-006208,1,2024-05-29,2024-05-29,PL-KRK-01,,VM-CMP-0013,1,519.39,0.0,PLN
SO-2024-006208,2,2024-05-29,2024-05-29,PL-KRK-01,,VM-ACC-0017,1,56.83,0.0,PLN
SO-2024-006209,1,2024-05-29,2024-05-29,PL-KRK-01,,VM-BIK-0009,1,5527.19,0.0,PLN
SO-2024-006210,1,2024-05-29,2024-05-29,PL-KRK-01,C007646,VM-BIK-0003,1,6409.19,0.05,PLN
SO-2024-006210,2,2024-05-29,2024-05-29,PL-KRK-01,C007646,VM-ACC-0005,1,176.39,0.05,PLN
SO-2024-006210,3,2024-05-29,2024-05-29,PL-KRK-01,C007646,VM-ACC-0018,3,48.99,0.05,PLN
SO-2024-006211,1,2024-05-29,2024-05-29,PL-WRO-01,,VM-APP-0010,1,166.59,0.0,PLN
SO-2024-006212,1,2024-05-29,2024-05-29,PL-WRO-01,,VM-CMP-0013,2,519.39,0.0,PLN
SO-2024-006212,2,2024-05-29,2024-05-29,PL-WRO-01,,VM-NUT-0010,4,34.29,0.0,PLN
SO-2024-006212,3,2024-05-29,2024-05-29,PL-WRO-01,,VM-CMP-0011,1,156.79,0.0,PLN
SO-2024-006213,1,2024-05-29,2024-05-29,PL-GDN-01,,VM-ACC-0006,2,930.99,0.0,PLN
SO-2024-006214,1,2024-05-29,2024-05-29,PL-GDN-01,C004641,VM-ACC-0008,1,391.99,0.05,PLN
SO-2024-006215,1,2024-05-29,2024-05-29,PL-GDN-01,C008881,VM-BIK-0018,1,2351.99,0.05,PLN
SO-2024-006216,1,2024-05-29,2024-05-29,PL-POZ-01,,VM-EBK-0009,1,9711.79,0.0,PLN
SO-2024-006216,2,2024-05-29,2024-05-29,PL-POZ-01,,VM-CMP-0005,2,1450.39,0.0,PLN
SO-2024-006217,1,2024-05-29,2024-05-29,PL-POZ-01,C000943,VM-CMP-0009,3,342.99,0.08,PLN
SO-2024-006218,1,2024-05-29,2024-05-29,PL-POZ-01,C008882,VM-CMP-0012,2,529.19,0.0,PLN
SO-2024-006218,2,2024-05-29,2024-05-29,PL-POZ-01,C008882,VM-EBK-0007,1,14405.99,0.0,PLN
SO-2024-006219,1,2024-05-29,2024-05-29,PL-POZ-01,,VM-ACC-0003,2,284.19,0.0,PLN
SO-2024-006220,1,2024-05-29,2024-05-29,PL-LDZ-01,,VM-BIK-0017,1,1871.79,0.0,PLN
SO-2024-006221,1,2024-05-29,2024-05-29,PL-LDZ-01,C001997,VM-BIK-0004,1,4184.59,0.05,PLN
SO-2024-006222,1,2024-05-29,2024-05-29,PL-LDZ-01,,VM-ACC-0008,1,391.99,0.0,PLN
SO-2024-006223,1,2024-05-29,2024-05-29,PL-LDZ-01,C008883,VM-ACC-0008,2,391.99,0.0,PLN
SO-2024-006224,1,2024-05-29,2024-06-02,PL-WEB-01,C008884,VM-NUT-0006,3,9.79,0.0,PLN
SO-2024-006224,2,2024-05-29,2024-06-02,PL-WEB-01,C008884,VM-BIK-0020,1,1185.79,0.0,PLN
SO-2024-006225,1,2024-05-29,2024-06-01,PL-WEB-01,C008885,VM-BIK-0012,1,11573.79,0.05,PLN
SO-2024-006225,2,2024-05-29,2024-06-01,PL-WEB-01,C008885,VM-NUT-0001,3,8.81,0.05,PLN
SO-2024-006225,3,2024-05-29,2024-06-01,PL-WEB-01,C008885,VM-ACC-0018,2,48.99,0.05,PLN
SO-2024-006226,1,2024-05-29,2024-06-01,PL-WEB-01,C008886,VM-ACC-0008,1,391.99,0.05,PLN
SO-2024-006226,2,2024-05-29,2024-06-01,PL-WEB-01,C008886,VM-CMP-0009,1,342.99,0.05,PLN
SO-2024-006227,1,2024-05-29,2024-05-31,PL-WEB-01,C004596,VM-ACC-0021,1,764.39,0.05,PLN
SO-2024-006228,1,2024-05-29,2024-05-31,PL-WEB-01,C007071,VM-APP-0012,1,852.59,0.05,PLN
SO-2024-006228,2,2024-05-29,2024-05-31,PL-WEB-01,C007071,VM-BIK-0002,1,9437.39,0.05,PLN
SO-2024-006229,1,2024-05-29,2024-06-02,PL-WEB-01,C008887,VM-ACC-0002,1,597.79,0.0,PLN
SO-2024-006230,1,2024-05-29,2024-06-02,PL-WEB-01,C007722,VM-EBK-0008,1,14797.99,0.05,PLN
SO-2024-006230,2,2024-05-29,2024-06-02,PL-WEB-01,C007722,VM-ACC-0010,1,244.99,0.05,PLN
SO-2024-006230,3,2024-05-29,2024-06-02,PL-WEB-01,C007722,VM-BIK-0012,1,11573.79,0.05,PLN
SO-2024-006230,4,2024-05-29,2024-06-02,PL-WEB-01,C007722,VM-ACC-0002,1,597.79,0.05,PLN
SO-2024-006231,1,2024-05-29,2024-06-02,PL-WEB-01,C008663,VM-BIK-0003,2,6409.19,0.12,PLN
SO-2024-006232,1,2024-05-29,2024-06-02,PL-WEB-01,C008888,VM-BIK-0002,1,9437.39,0.05,PLN
SO-2024-006232,2,2024-05-29,2024-06-02,PL-WEB-01,C008888,VM-NUT-0005,7,8.81,0.05,PLN
SO-2024-006233,1,2024-05-29,2024-05-30,PL-WEB-01,C008889,VM-NUT-0002,4,14.69,0.0,PLN
SO-2024-006233,2,2024-05-29,2024-05-30,PL-WEB-01,C008889,VM-APP-0009,2,342.99,0.0,PLN
SO-2024-006233,3,2024-05-29,2024-05-30,PL-WEB-01,C008889,VM-APP-0006,2,303.79,0.0,PLN
SO-2024-006233,4,2024-05-29,2024-05-30,PL-WEB-01,C008889,VM-BIK-0012,1,11573.79,0.0,PLN
SO-2024-006234,1,2024-05-29,2024-05-30,PL-WEB-01,C008890,VM-ACC-0017,3,56.83,0.0,PLN
SO-2024-006235,1,2024-05-29,2024-05-30,PL-WEB-01,C002084,VM-APP-0008,2,156.79,0.0,PLN
SO-2024-006235,2,2024-05-29,2024-05-30,PL-WEB-01,C002084,vm-bik-0016,1,3518.19,0.1,PLN
SO-2024-006236,1,2024-05-29,2024-06-01,PL-WEB-01,C008891,VM-BIK-0018,1,2351.99,0.0,PLN
SO-2024-006237,1,2024-05-29,2024-05-31,PL-WEB-01,C008892,VM-APP-0004,2,235.19,0.05,PLN
SO-2024-006237,2,2024-05-29,2024-05-31,PL-WEB-01,C008892,VM-BIK-0001,1,13416.19,0.05,PLN
SO-2024-006238,1,2024-05-29,2024-06-01,PL-WEB-01,C008893,VM-BIK-0017,1,1871.79,0.0,PLN
SO-2024-006238,2,2024-05-29,2024-06-01,PL-WEB-01,C008893,VM-EBK-0008,1,14797.99,0.0,PLN
SO-2024-006239,1,2024-05-29,2024-06-01,PL-MKT-01,C008894,VM-NUT-0004,12,6.85,0.0,PLN
SO-2024-006239,2,2024-05-29,2024-06-01,PL-MKT-01,C008894,VM-ACC-0013,1,166.59,0.0,PLN
SO-2024-006239,3,2024-05-29,2024-06-01,PL-MKT-01,C008894,VM-APP-0002,3,431.19,0.0,PLN
SO-2024-006240,1,2024-05-29,2024-06-02,PL-MKT-01,C008895,VM-CMP-0006,1,195.99,0.0,PLN
SO-2024-006240,2,2024-05-29,2024-06-02,PL-MKT-01,C008895,VM-NUT-0006,7,9.79,0.0,PLN
SO-2024-006240,3,2024-05-29,2024-06-02,PL-MKT-01,C008895,VM-BIK-0003,1,6409.19,0.0,PLN
SO-2024-006241,1,2024-05-29,2024-05-31,PL-MKT-01,C008896,VM-BIK-0007,1,6908.99,0.0,PLN
SO-2024-006242,1,2024-05-29,2024-05-31,PL-MKT-01,C007656,VM-BIK-0013,1,4703.99,0.05,PLN
SO-2024-006242,2,2024-05-29,2024-05-31,PL-MKT-01,C007656,VM-ACC-0012,1,70.55,0.05,PLN
SO-2024-006243,1,2024-05-29,2024-06-02,PL-MKT-01,C008897,VM-BIK-0017,1,1871.79,0.0,PLN
SO-2024-006243,2,2024-05-29,2024-06-02,PL-MKT-01,C008897,VM-ACC-0017,2,56.83,0.05,PLN
SO-2024-006243,3,2024-05-29,2024-06-02,PL-MKT-01,C008897,VM-NUT-0009,2,83.29,0.0,PLN
SO-2024-006244,1,2024-05-29,2024-06-02,PL-MKT-01,C004844,vm-nut-0004,5,6.85,0.0,PLN
SO-2024-006244,2,2024-05-29,2024-06-02,PL-MKT-01,C004844,VM-CMP-0013,2,519.39,0.0,PLN
SO-2024-006244,3,2024-05-29,2024-06-02,PL-MKT-01,C004844,VM-ACC-0008,1,391.99,0.0,PLN
SO-2024-006245,1,2024-05-29,2024-06-02,PL-MKT-01,C008898,VM-BIK-0012,1,11573.79,0.0,PLN
SO-2024-006246,1,2024-05-29,2024-06-01,PL-MKT-01,C008899,VM-NUT-0002,7,14.69,0.05,PLN
SO-2024-006246,2,2024-05-29,2024-06-01,PL-MKT-01,C008899,VM-CMP-0006,2,195.99,0.05,PLN
SO-2024-006246,3,2024-05-29,2024-06-01,PL-MKT-01,C008899,VM-BIK-0002,1,9437.39,0.05,PLN
SO-2024-006246,4,2024-05-29,2024-06-01,PL-MKT-01,C008899,VM-APP-0015,1,558.59,0.05,PLN
SO-2024-006247,1,2024-05-29,2024-06-02,PL-MKT-01,C003705,VM-CMP-0009,2,342.99,0.05,PLN
SO-2024-006247,2,2024-05-29,2024-06-02,PL-MKT-01,C003705, VM-BIK-0022 ,1,1371.99,0.05,PLN
SO-2024-006247,3,2024-05-29,2024-06-02,PL-MKT-01,C003705,VM-CMP-0013,1,519.39,0.05,PLN
SO-2024-006247,4,2024-05-29,2024-06-02,PL-MKT-01,C003705,VM-APP-0003,3,303.79,0.05,PLN
SO-2024-006248,1,2024-05-29,2024-05-29,CZ-PRG-01,C008900,VM-ACC-0013,1,916.0,0.0,CZK
SO-2024-006249,1,2024-05-29,2024-05-29,CZ-PRG-01,C006828,VM-BIK-0004,1,23005.0,0.0,CZK
SO-2024-006249,2,2024-05-29,2024-05-29,CZ-PRG-01,C006828,VM-APP-0012,1,4687.0,0.05,CZK
SO-2024-006249,3,2024-05-29,2024-05-29,CZ-PRG-01,C006828,VM-ACC-0002,2,3286.0,0.0,CZK
SO-2024-006250,1,2024-05-29,2024-05-31,CZ-WEB-01,C008901,VM-BIK-0020,1,6519.0,0.0,CZK
SO-2024-006250,2,2024-05-29,2024-05-31,CZ-WEB-01,C008901,VM-ACC-0007,1,1939.0,0.0,CZK
SO-2024-006250,3,2024-05-29,2024-05-31,CZ-WEB-01,C008901,VM-BIK-0018,1,12930.0,0.0,CZK
SO-2024-006251,1,2024-05-29,2024-05-30,CZ-WEB-01,C004659,VM-BIK-0003,1,35235.0,0.0,CZK
SO-2024-006252,1,2024-05-29,2024-05-30,CZ-WEB-01,C005015,VM-CMP-0007,1,3394.0,0.0,CZK
SO-2024-006252,2,2024-05-29,2024-05-30,CZ-WEB-01,C005015,VM-NUT-0004,5,38.0,0.0,CZK
SO-2024-006253,1,2024-05-29,2024-05-29,DE-BER-01,C008902,VM-ACC-0005,2,40.49,0.05,EUR
SO-2024-006253,2,2024-05-29,2024-05-29,DE-BER-01,C008902,VM-EBK-0003,1,2044.71,0.05,EUR
SO-2024-006254,1,2024-05-29,2024-05-29,DE-BER-01,C004943,VM-ACC-0002,1,137.21,0.0,EUR
SO-2024-006255,1,2024-05-29,2024-05-31,DE-WEB-01,C005175,VM-ACC-0021,1,175.45,0.0,EUR
SO-2024-006256,1,2024-05-29,2024-05-31,DE-WEB-01,C008903,VM-NUT-0002,3,3.37,0.0,EUR
SO-2024-006256,2,2024-05-29,2024-05-31,DE-WEB-01,C008903,VM-CMP-0002,2,125.96,0.0,EUR
SO-2024-006257,1,2024-05-29,2024-06-01,DE-WEB-01,C008818,VM-EBK-0001,2,1725.29,0.12,EUR
SO-2024-006258,1,2024-05-29,2024-06-01,DE-WEB-01,C008904,VM-BIK-0019,1,272.18,0.0,EUR
SO-2024-006259,1,2024-05-29,2024-06-01,DE-WEB-01,C003916,VM-NUT-0003,7,2.47,0.0,EUR
SO-2024-006260,1,2024-05-29,2024-06-02,DE-WEB-01,C008905,VM-BIK-0003,1,1471.11,0.0,EUR
SO-2024-006260,2,2024-05-29,2024-06-02,DE-WEB-01,C008905,VM-APP-0002,3,98.97,0.0,EUR
SO-2024-006260,3,2024-05-29,2024-06-02,DE-WEB-01,C008905,VM-EBK-0003,1,2044.71,0.0,EUR
SO-2024-006260,4,2024-05-29,2024-06-02,DE-WEB-01,C008905,VM-ACC-0001,2,85.48,0.0,EUR
SO-2024-006261,1,2024-05-29,2024-06-01,DE-WEB-01,C008458,VM-BIK-0012,1,2656.55,0.05,EUR
SO-2024-006261,2,2024-05-29,2024-06-01,DE-WEB-01,C008458,VM-ACC-0014,1,24.74,0.05,EUR
SO-2024-006261,3,2024-05-29,2024-06-01,DE-WEB-01,C008458,VM-ACC-0017,1,13.04,0.05,EUR
SO-2024-006262,1,2024-05-29,2024-05-31,DE-WEB-01,C008906,vm-acc-0020,1,182.2,0.0,EUR
SO-2024-006262,2,2024-05-29,2024-05-31,DE-WEB-01,C008906,VM-BIK-0009,1,1268.66,0.0,EUR
SO-2024-006263,1,2024-05-29,2024-06-02,DE-WEB-01,C008907,VM-ACC-0008,2,89.97,0.0,EUR
SO-2024-006263,2,2024-05-29,2024-06-02,DE-WEB-01,C008907,VM-CMP-0012,2,121.47,0.0,EUR
SO-2024-006264,1,2024-05-29,2024-06-02,DE-WEB-01,C008833,VM-ACC-0014,1,24.74,0.0,EUR
SO-2024-006265,1,2024-05-30,2024-05-30,PL-WAW-01,C006991,VM-BIK-0019,1,1185.79,0.05,PLN
SO-2024-006266,1,2024-05-30,2024-05-30,PL-WAW-01,C001727,VM-EBK-0003,1,8908.19,0.0,PLN
SO-2024-006266,2,2024-05-30,2024-05-30,PL-WAW-01,C001727,VM-APP-0002,3,431.19,0.0,PLN
SO-2024-006266,3,2024-05-30,2024-05-30,PL-WAW-01,C001727,VM-BIK-0018,1,2351.99,0.0,PLN
SO-2024-006267,1,2024-05-30,2024-05-30,PL-WAW-01,C008908,VM-CMP-0018,1,60.75,0.0,PLN
SO-2024-006267,2,2024-05-30,2024-05-30,PL-WAW-01,C008908,VM-APP-0010,2,166.59,0.0,PLN
SO-2024-006268,1,2024-05-30,2024-05-30,PL-WAW-01,C008337,VM-BIK-0019,1,1185.79,0.0,PLN
SO-2024-006269,1,2024-05-30,2024-05-30,PL-WAW-01,C008909,VM-CMP-0005,2,1450.39,0.0,PLN
SO-2024-006269,2,2024-05-30,2024-05-30,PL-WAW-01,C008909,VM-EBK-0002,1,9750.99,0.0,PLN
SO-2024-006270,1,2024-05-30,2024-05-30,PL-WAW-01,C008910,VM-ACC-0001,2,372.39,0.0,PLN
SO-2024-006270,2,2024-05-30,2024-05-30,PL-WAW-01,C008910,VM-APP-0010,1,166.59,0.0,PLN
SO-2024-006270,3,2024-05-30,2024-05-30,PL-WAW-01,C008910,VM-NUT-0006,7,9.79,0.0,PLN
SO-2024-006271,1,2024-05-30,2024-05-30,PL-WAW-01,C007457,VM-CMP-0021,2,47.03,0.0,PLN
SO-2024-006271,2,2024-05-30,2024-05-30,PL-WAW-01,C007457,VM-APP-0002,1,431.19,0.0,PLN
SO-2024-006272,1,2024-05-30,2024-05-30,PL-WAW-01,C000436,VM-APP-0002,3,431.19,0.0,PLN
SO-2024-006272,2,2024-05-30,2024-05-30,PL-WAW-01,C000436,VM-NUT-0010,3,34.29,0.0,PLN
SO-2024-006272,3,2024-05-30,2024-05-30,PL-WAW-01,C000436,VM-EBK-0001,1,7516.59,0.0,PLN
SO-2024-006272,4,2024-05-30,2024-05-30,PL-WAW-01,C000436,VM-ACC-0012,1,70.55,0.0,PLN
SO-2024-006273,1,2024-05-30,2024-05-30,PL-WAW-01,C008911,VM-BIK-0019,1,1185.79,0.0,PLN
SO-2024-006273,2,2024-05-30,2024-05-30,PL-WAW-01,C008911,VM-ACC-0010,1,244.99,0.0,PLN
SO-2024-006273,3,2024-05-30,2024-05-30,PL-WAW-01,C008911,VM-ACC-0017,2,56.83,0.0,PLN
SO-2024-006274,1,2024-05-30,2024-05-30,PL-WAW-02,C006557,VM-NUT-0003,6,10.77,0.0,PLN
SO-2024-006274,2,2024-05-30,2024-05-30,PL-WAW-02,C006557,VM-EBK-0001,1,7516.59,0.0,PLN
SO-2024-006274,3,2024-05-30,2024-05-30,PL-WAW-02,C006557,VM-APP-0019,2,64.67,0.1,PLN
SO-2024-006274,4,2024-05-30,2024-05-30,PL-WAW-02,C006557,VM-APP-0004,1,235.19,0.0,PLN
SO-2024-006275,1,2024-05-30,2024-05-30,PL-WAW-02,,VM-EBK-0003,1,8908.19,0.0,PLN
SO-2024-006276,1,2024-05-30,2024-05-30,PL-WAW-02,,VM-APP-0014,1,480.19,0.0,PLN
SO-2024-006276,2,2024-05-30,2024-05-30,PL-WAW-02,,VM-CMP-0002,2,548.79,0.0,PLN
SO-2024-006277,1,2024-05-30,2024-05-30,PL-WAW-02,C007815,VM-CMP-0009,1,342.99,0.0,PLN
SO-2024-006278,1,2024-05-30,2024-05-30,PL-WAW-02,C008912,VM-CMP-0013,1,519.39,0.0,PLN
SO-2024-006279,1,2024-05-30,2024-05-30,PL-KRK-01,C008913,VM-BIK-0013,1,4703.99,0.0,PLN
SO-2024-006279,2,2024-05-30,2024-05-30,PL-KRK-01,C008913,VM-ACC-0015,1,342.99,0.0,PLN
SO-2024-006279,3,2024-05-30,2024-05-30,PL-KRK-01,C008913,VM-ACC-0014,1,107.79,0.0,PLN
SO-2024-006280,1,2024-05-30,2024-05-30,PL-KRK-01,,VM-ACC-0007,2,352.79,0.0,PLN
SO-2024-006281,1,2024-05-30,2024-05-30,PL-WRO-01,C007923,VM-BIK-0009,1,5527.19,0.0,PLN
SO-2024-006281,2,2024-05-30,2024-05-30,PL-WRO-01,C007923,VM-ACC-0002,1,597.79,0.0,PLN
SO-2024-006282,1,2024-05-30,2024-05-30,PL-WRO-01,C008914,VM-BIK-0004,1,4184.59,0.0,PLN
SO-2024-006283,1,2024-05-30,2024-05-30,PL-WRO-01,C001362,VM-ACC-0014,1,107.79,0.0,PLN
SO-2024-006284,1,2024-05-30,2024-05-30,PL-WRO-01,C008915,VM-ACC-0014,1,107.79,0.0,PLN
SO-2024-006285,1,2024-05-30,2024-05-30,PL-WRO-01,C008411,VM-APP-0018,2,127.39,0.05,PLN
SO-2024-006285,2,2024-05-30,2024-05-30,PL-WRO-01,C008411,VM-NUT-0004,13,6.85,0.05,PLN
SO-2024-006285,3,2024-05-30,2024-05-30,PL-WRO-01,C008411,VM-CMP-0013,1,519.39,0.05,PLN
SO-2024-006285,4,2024-05-30,2024-05-30,PL-WRO-01,C008411,VM-CMP-0004,1,705.59,0.05,PLN
SO-2024-006286,1,2024-05-30,2024-05-30,PL-WRO-01,,VM-ACC-0020,1,793.79,0.0,PLN
SO-2024-006287,1,2024-05-30,2024-05-30,PL-WRO-01,C008634,VM-BIK-0020,1,1185.79,0.0,PLN
SO-2024-006288,1,2024-05-30,2024-05-30,PL-GDN-01,C007760,VM-CMP-0005,4,1450.39,0.12,PLN
SO-2024-006288,2,2024-05-30,2024-05-30,PL-GDN-01,C007760,VM-CMP-0006,8,195.99,0.1,PLN
SO-2024-006288,3,2024-05-30,2024-05-30,PL-GDN-01,C007760,VM-BIK-0013,2,4703.99,0.12,PLN
SO-2024-006289,1,2024-05-30,2024-05-30,PL-GDN-01,C008916,VM-NUT-0010,2,34.29,0.0,PLN
SO-2024-006290,1,2024-05-30,2024-05-30,PL-GDN-01,C000503,VM-ACC-0008,1,391.99,0.0,PLN
SO-2024-006291,1,2024-05-30,2024-05-30,PL-GDN-01,,VM-BIK-0014,1,3753.39,0.0,PLN
SO-2024-006291,2,2024-05-30,2024-05-30,PL-GDN-01,,VM-CMP-0013,2,519.39,0.0,PLN
SO-2024-006291,3,2024-05-30,2024-05-30,PL-GDN-01,,VM-ACC-0011,1,70.55,0.0,PLN
SO-2024-006292,1,2024-05-30,2024-05-30,PL-GDN-01,C005613,VM-APP-0012,1,852.59,0.0,PLN
SO-2024-006293,1,2024-05-30,2024-05-30,PL-GDN-01,,VM-ACC-0023,1,911.39,0.0,PLN
SO-2024-006294,1,2024-05-30,2024-05-30,PL-GDN-01,,VM-EBK-0007,1,14405.99,0.0,PLN
SO-2024-006295,1,2024-05-30,2024-05-30,PL-GDN-01,C004749,VM-BIK-0001,1,13416.19,0.0,PLN
SO-2024-006296,1,2024-05-30,2024-05-30,PL-GDN-01,C008917,VM-NUT-0004,5,6.85,0.05,PLN
SO-2024-006297,1,2024-05-30,2024-05-30,PL-GDN-01,C006547,VM-APP-0008,1,156.79,0.0,PLN
SO-2024-006297,2,2024-05-30,2024-05-30,PL-GDN-01,C006547,VM-BIK-0007,1,6908.99,0.0,PLN
SO-2024-006297,3,2024-05-30,2024-05-30,PL-GDN-01,C006547,VM-ACC-0020,1,793.79,0.0,PLN
SO-2024-006297,4,2024-05-30,2024-05-30,PL-GDN-01,C006547,VM-NUT-0003,15,10.77,0.0,PLN
SO-2024-006298,1,2024-05-30,2024-05-30,PL-POZ-01,C005456,VM-BIK-0003,1,6409.19,0.0,PLN
SO-2024-006299,1,2024-05-30,2024-05-30,PL-POZ-01,C007538,VM-APP-0002,2,431.19,0.0,PLN
SO-2024-006299,2,2024-05-30,2024-05-30,PL-POZ-01,C007538,VM-APP-0006,1,303.79,0.0,PLN
SO-2024-006300,1,2024-05-30,2024-05-30,PL-POZ-01,,VM-EBK-0009,1,9711.79,0.0,PLN
SO-2024-006301,1,2024-05-30,2024-05-30,PL-LDZ-01,C001143,VM-BIK-0018,1,2351.99,0.0,PLN
SO-2024-006301,2,2024-05-30,2024-05-30,PL-LDZ-01,C001143,VM-ACC-0014,1,107.79,0.0,PLN
SO-2024-006302,1,2024-05-30,2024-06-01,PL-WEB-01,C008216,VM-BIK-0007,1,6908.99,0.05,PLN
SO-2024-006303,1,2024-05-30,2024-06-01,PL-WEB-01,C008918,VM-APP-0006,2,303.79,0.0,PLN
SO-2024-006304,1,2024-05-30,2024-06-03,PL-WEB-01,C008919,VM-CMP-0010,2,382.19,0.0,PLN
SO-2024-006305,1,2024-05-30,2024-06-03,PL-WEB-01,C006113,VM-NUT-0001,13,8.81,0.0,PLN
SO-2024-006306,1,2024-05-30,2024-06-02,PL-WEB-01,C002317,VM-APP-0016,1,597.79,0.05,PLN
SO-2024-006307,1,2024-05-30,2024-06-03,PL-WEB-01,C008920,VM-CMP-0015,2,901.59,0.05,PLN
SO-2024-006307,2,2024-05-30,2024-06-03,PL-WEB-01,C008920,VM-NUT-0001,15,8.81,0.05,PLN
SO-2024-006307,3,2024-05-30,2024-06-03,PL-WEB-01,C008920,VM-ACC-0020,1,793.79,0.05,PLN
SO-2024-006307,4,2024-05-30,2024-06-03,PL-WEB-01,C008920,VM-NUT-0005,3,8.81,0.1,PLN
SO-2024-006308,1,2024-05-30,2024-06-01,PL-WEB-01,C000974,vm-acc-0020,1,793.79,0.05,PLN
SO-2024-006308,2,2024-05-30,2024-06-01,PL-WEB-01,C000974,VM-APP-0007,2,156.79,0.05,PLN
SO-2024-006309,1,2024-05-30,2024-06-02,PL-WEB-01,C008921,VM-CMP-0009,2,342.99,0.0,PLN
SO-2024-006310,1,2024-05-30,2024-05-31,PL-WEB-01,C008922,VM-NUT-0004,8,6.85,0.0,PLN
SO-2024-006310,2,2024-05-30,2024-05-31,PL-WEB-01,C008922,VM-BIK-0012,1,11573.79,0.0,PLN
SO-2024-006310,3,2024-05-30,2024-05-31,PL-WEB-01,C008922,vm-cmp-0009,2,342.99,0.0,PLN
SO-2024-006311,1,2024-05-30,2024-06-02,PL-WEB-01,C008923,VM-CMP-0010,2,382.19,0.0,PLN
SO-2024-006311,2,2024-05-30,2024-06-02,PL-WEB-01,C008923,VM-BIK-0012,1,11573.79,0.0,PLN
SO-2024-006311,3,2024-05-30,2024-06-02,PL-WEB-01,C008923,VM-APP-0007,2,156.79,0.05,PLN
SO-2024-006312,1,2024-05-30,2024-06-03,PL-WEB-01,C008924,VM-ACC-0020,1,793.79,0.0,PLN
SO-2024-006312,2,2024-05-30,2024-06-03,PL-WEB-01,C008924,VM-ACC-0008,2,391.99,0.0,PLN
SO-2024-006313,1,2024-05-30,2024-06-01,PL-WEB-01,C008507,VM-ACC-0011,2,70.55,0.0,PLN
SO-2024-006314,1,2024-05-30,2024-06-02,PL-WEB-01,C008925,VM-EBK-0001,1,7516.59,0.0,PLN
SO-2024-006315,1,2024-05-30,2024-05-31,PL-MKT-01,C008926,VM-CMP-0015,2,901.59,0.1,PLN
SO-2024-006315,2,2024-05-30,2024-05-31,PL-MKT-01,C008926,VM-ACC-0002,2,597.79,0.05,PLN
SO-2024-006316,1,2024-05-30,2024-06-02,PL-MKT-01,C008927,VM-BIK-0007,1,6908.99,0.0,PLN
SO-2024-006317,1,2024-05-30,2024-06-03,PL-MKT-01,C004940,VM-EBK-0003,1,8908.19,0.0,PLN
SO-2024-006317,2,2024-05-30,2024-06-03,PL-MKT-01,C004940,VM-ACC-0017,2,56.83,0.0,PLN
SO-2024-006317,3,2024-05-30,2024-06-03,PL-MKT-01,C004940,vm-acc-0014,1,107.79,0.0,PLN
SO-2024-006317,4,2024-05-30,2024-06-03,PL-MKT-01,C004940,VM-CMP-0013,1,519.39,0.05,PLN
SO-2024-006318,1,2024-05-30,2024-06-03,PL-MKT-01,C008928,VM-NUT-0007,8,12.73,0.05,PLN
SO-2024-006319,1,2024-05-30,2024-06-01,PL-MKT-01,C003955,VM-NUT-0006,18,9.79,0.12,PLN
SO-2024-006319,2,2024-05-30,2024-06-01,PL-MKT-01,C003955,VM-NUT-0009,12,83.29,0.08,PLN
SO-2024-006319,3,2024-05-30,2024-06-01,PL-MKT-01,C003955,VM-EBK-0007,4,14405.99,0.1,PLN
SO-2024-006319,4,2024-05-30,2024-06-01,PL-MKT-01,C003955,VM-APP-0001,12,450.79,0.1,PLN
SO-2024-006320,1,2024-05-30,2024-05-30,CZ-PRG-01,C008846,VM-CMP-0008,2,2370.0,0.05,CZK
SO-2024-006320,2,2024-05-30,2024-05-30,CZ-PRG-01,C008846,VM-CMP-0013,2,2855.0,0.05,CZK
SO-2024-006320,3,2024-05-30,2024-05-30,CZ-PRG-01,C008846,VM-CMP-0012,1,2909.0,0.05,CZK
SO-2024-006321,1,2024-05-30,2024-05-30,CZ-PRG-01,C007305,vm-acc-0008,1,2155.0,0.0,CZK
SO-2024-006322,1,2024-05-30,2024-05-30,CZ-PRG-01,C008929,VM-CMP-0013,2,2855.0,0.05,CZK
SO-2024-006323,1,2024-05-30,2024-06-03,CZ-WEB-01,C008727,VM-CMP-0015,1,4957.0,0.0,CZK
SO-2024-006323,2,2024-05-30,2024-06-03,CZ-WEB-01,C008727,VM-NUT-0010,2,189.0,0.0,CZK
SO-2024-006323,3,2024-05-30,2024-06-03,CZ-WEB-01,C008727,VM-APP-0006,3,1670.0,0.0,CZK
SO-2024-006323,4,2024-05-30,2024-06-03,CZ-WEB-01,C008727,VM-ACC-0023,1,5010.0,0.05,CZK
SO-2024-006324,1,2024-05-30,2024-06-02,CZ-WEB-01,C008930,VM-APP-0001,1,2478.0,0.05,CZK
SO-2024-006324,2,2024-05-30,2024-06-02,CZ-WEB-01,C008930,VM-CMP-0016,1,13253.0,0.05,CZK
SO-2024-006325,1,2024-05-30,2024-05-31,CZ-WEB-01,C008931,VM-BIK-0014,1,20634.0,0.0,CZK
SO-2024-006325,2,2024-05-30,2024-05-31,CZ-WEB-01,C008931,VM-APP-0006,1,1670.0,0.0,CZK
SO-2024-006326,1,2024-05-30,2024-06-03,CZ-WEB-01,C008932,VM-EBK-0003,1,48973.0,0.05,CZK
SO-2024-006327,1,2024-05-30,2024-05-31,CZ-WEB-01,C007533,VM-ACC-0009,3,2155.0,0.08,CZK
SO-2024-006327,2,2024-05-30,2024-05-31,CZ-WEB-01,C007533,VM-BIK-0004,2,23005.0,0.08,CZK
SO-2024-006327,3,2024-05-30,2024-05-31,CZ-WEB-01,C007533,VM-APP-0002,9,2370.0,0.08,CZK
SO-2024-006328,1,2024-05-30,2024-06-03,CZ-WEB-01,C008933,VM-BIK-0017,1,10290.0,0.0,CZK
SO-2024-006328,2,2024-05-30,2024-06-03,CZ-WEB-01,C008933,VM-APP-0008,2,862.0,0.0,CZK
SO-2024-006328,3,2024-05-30,2024-06-03,CZ-WEB-01,C008933, VM-ACC-0004 ,2,4202.0,0.0,CZK
SO-2024-006329,1,2024-05-30,2024-06-02,CZ-WEB-01,C008934,vm-bik-0007,1,37982.0,0.05,CZK
SO-2024-006330,1,2024-05-30,2024-05-31,CZ-WEB-01,C008935,VM-NUT-0010,3,189.0,0.0,CZK
SO-2024-006331,1,2024-05-30,2024-05-30,DE-BER-01,C008936,VM-NUT-0004,3,1.57,0.0,EUR
SO-2024-006331,2,2024-05-30,2024-05-30,DE-BER-01,C008936,VM-APP-0006,3,69.73,0.0,EUR
SO-2024-006331,3,2024-05-30,2024-05-30,DE-BER-01,C008936,VM-BIK-0021,1,281.17,0.0,EUR
SO-2024-006332,1,2024-05-30,2024-05-30,DE-BER-01,C008937,VM-CMP-0001,1,89.97,0.0,EUR
SO-2024-006332,2,2024-05-30,2024-05-30,DE-BER-01,C008937,VM-BIK-0006,1,1482.36,0.0,EUR
SO-2024-006333,1,2024-05-30,2024-05-30,DE-BER-01,C007253,VM-EBK-0002,1,2238.16,0.05,EUR
SO-2024-006334,1,2024-05-30,2024-05-30,DE-BER-01,C008583,VM-BIK-0020,1,272.18,0.0,EUR
SO-2024-006334,2,2024-05-30,2024-05-30,DE-BER-01,C008583,VM-BIK-0003,1,1471.11,0.0,EUR
SO-2024-006335,1,2024-05-30,2024-06-01,DE-WEB-01,C002141,VM-ACC-0013,1,38.24,0.05,EUR
SO-2024-006336,1,2024-05-30,2024-06-02,DE-WEB-01,C008938,VM-CMP-0003,2,53.98,0.0,EUR
SO-2024-006337,1,2024-05-30,2024-06-01,DE-WEB-01,C007254,VM-EBK-0003,1,2044.71,0.0,EUR
SO-2024-006338,1,2024-05-30,2024-05-31,DE-WEB-01,C005429,VM-APP-0018,2,29.24,0.0,EUR
SO-2024-006338,2,2024-05-30,2024-05-31,DE-WEB-01,C005429,VM-APP-0010,2,38.24,0.0,EUR
SO-2024-006339,1,2024-05-30,2024-06-01,DE-WEB-01,C003389,VM-CMP-0017,2,112.47,0.1,EUR
SO-2024-006339,2,2024-05-30,2024-06-01,DE-WEB-01,C003389, VM-BIK-0007 ,1,1585.83,0.0,EUR
SO-2024-006340,1,2024-05-31,2024-05-31,PL-WAW-01,C004110,VM-EBK-0003,1,8908.19,0.05,PLN
SO-2024-006340,2,2024-05-31,2024-05-31,PL-WAW-01,C004110,VM-ACC-0007,1,352.79,0.05,PLN
SO-2024-006341,1,2024-05-31,2024-05-31,PL-WAW-01,,VM-ACC-0017,3,56.83,0.0,PLN
SO-2024-006342,1,2024-05-31,2024-05-31,PL-WAW-01,C008939,VM-CMP-0013,2,519.39,0.0,PLN
SO-2024-006343,1,2024-05-31,2024-05-31,PL-WAW-01,C008620,VM-CMP-0012,2,529.19,0.0,PLN
SO-2024-006344,1,2024-05-31,2024-05-31,PL-WAW-01,, VM-CMP-0005 ,1,1450.39,0.0,PLN
SO-2024-006344,2,2024-05-31,2024-05-31,PL-WAW-01,,VM-ACC-0022,1,1538.59,0.0,PLN
SO-2024-006344,3,2024-05-31,2024-05-31,PL-WAW-01,,VM-CMP-0013,1,519.39,0.0,PLN
SO-2024-006344,4,2024-05-31,2024-05-31,PL-WAW-01,,VM-EBK-0008,1,14797.99,0.0,PLN
SO-2024-006345,1,2024-05-31,2024-05-31,PL-WAW-01,C006914,VM-ACC-0001,1,372.39,0.0,PLN
SO-2024-006345,2,2024-05-31,2024-05-31,PL-WAW-01,C006914,VM-NUT-0001,13,8.81,0.0,PLN
SO-2024-006346,1,2024-05-31,2024-05-31,PL-WAW-01,C008940,VM-APP-0010,1,166.59,0.0,PLN
SO-2024-006347,1,2024-05-31,2024-05-31,PL-WAW-01,,VM-BIK-0019,1,1185.79,0.0,PLN
SO-2024-006348,1,2024-05-31,2024-05-31,PL-WAW-01,C001953,VM-NUT-0003,5,10.77,0.0,PLN
SO-2024-006348,2,2024-05-31,2024-05-31,PL-WAW-01,C001953,VM-BIK-0012,1,11573.79,0.0,PLN
SO-2024-006349,1,2024-05-31,2024-05-31,PL-WAW-02,C008116,VM-EBK-0011,1,14347.19,0.0,PLN
SO-2024-006349,2,2024-05-31,2024-05-31,PL-WAW-02,C008116,VM-BIK-0017,1,1871.79,0.0,PLN
SO-2024-006350,1,2024-05-31,2024-05-31,PL-WAW-02,C001023,VM-ACC-0018,3,48.99,0.0,PLN
SO-2024-006350,2,2024-05-31,2024-05-31,PL-WAW-02,C001023,vm-bik-0007,1,6908.99,0.0,PLN
SO-2024-006351,1,2024-05-31,2024-05-31,PL-KRK-01,C008941,VM-APP-0017,1,186.19,0.05,PLN
SO-2024-006352,1,2024-05-31,2024-05-31,PL-KRK-01,,VM-CMP-0015,2,901.59,0.0,PLN
SO-2024-006352,2,2024-05-31,2024-05-31,PL-KRK-01,,VM-APP-0002,1,431.19,0.0,PLN
SO-2024-006353,1,2024-05-31,2024-05-31,PL-KRK-01,, VM-APP-0010 ,2,166.59,0.0,PLN
SO-2024-006354,1,2024-05-31,2024-05-31,PL-KRK-01,C007371,VM-CMP-0017,1,489.99,0.0,PLN
SO-2024-006355,1,2024-05-31,2024-05-31,PL-KRK-01,,VM-ACC-0001,2,372.39,0.0,PLN
SO-2024-006356,1,2024-05-31,2024-05-31,PL-KRK-01,C008701,VM-BIK-0013,1,4703.99,0.0,PLN
SO-2024-006356,2,2024-05-31,2024-05-31,PL-KRK-01,C008701,VM-CMP-0016,1,2410.79,0.0,PLN
SO-2024-006356,3,2024-05-31,2024-05-31,PL-KRK-01,C008701,VM-ACC-0001,1,372.39,0.0,PLN
SO-2024-006356,4,2024-05-31,2024-05-31,PL-KRK-01,C008701,VM-APP-0010,2,166.59,0.0,PLN
SO-2024-006357,1,2024-05-31,2024-05-31,PL-KRK-01,,VM-ACC-0014,1,107.79,0.0,PLN
SO-2024-006358,1,2024-05-31,2024-05-31,PL-KRK-01,C006513,VM-CMP-0005,2,1450.39,0.0,PLN
SO-2024-006359,1,2024-05-31,2024-05-31,PL-WRO-01,C003236,VM-BIK-0014,1,3753.39,0.0,PLN
SO-2024-006360,1,2024-05-31,2024-05-31,PL-WRO-01,C008410,VM-NUT-0001,12,8.81,0.1,PLN
SO-2024-006361,1,2024-05-31,2024-05-31,PL-WRO-01,C003332, VM-BIK-0004 ,1,4184.59,0.0,PLN
SO-2024-006362,1,2024-05-31,2024-05-31,PL-GDN-01,C003277,VM-EBK-0003,1,8908.19,0.0,PLN
SO-2024-006363,1,2024-05-31,2024-05-31,PL-GDN-01,,VM-BIK-0011,1,8476.99,0.0,PLN
SO-2024-006364,1,2024-05-31,2024-05-31,PL-GDN-01,C003171,VM-CMP-0002,1,548.79,0.05,PLN
SO-2024-006365,1,2024-05-31,2024-05-31,PL-GDN-01,C008898,VM-ACC-0005,1,176.39,0.0,PLN
SO-2024-006365,2,2024-05-31,2024-05-31,PL-GDN-01,C008898,VM-ACC-0009,2,391.99,0.0,PLN
SO-2024-006366,1,2024-05-31,2024-05-31,PL-POZ-01,C003278,VM-CMP-0017,1,489.99,0.1,PLN
SO-2024-006367,1,2024-05-31,2024-05-31,PL-LDZ-01,C000496,VM-CMP-0015,1,901.59,0.05,PLN
SO-2024-006368,1,2024-05-31,2024-06-02,PL-WEB-01,C008486,VM-BIK-0007,1,6908.99,0.0,PLN
SO-2024-006369,1,2024-05-31,2024-06-04,PL-WEB-01,C000382,VM-ACC-0008,2,391.99,0.05,PLN
SO-2024-006370,1,2024-05-31,2024-06-02,PL-WEB-01,C008133,vm-acc-0008,2,391.99,0.0,PLN
SO-2024-006371,1,2024-05-31,2024-06-04,PL-WEB-01,C008942,VM-BIK-0016,1,3518.19,0.05,PLN
SO-2024-006371,2,2024-05-31,2024-06-04,PL-WEB-01,C008942,VM-EBK-0008,1,14797.99,0.05,PLN
SO-2024-006372,1,2024-05-31,2024-06-03,PL-WEB-01,C004545,VM-ACC-0008,2,391.99,0.05,PLN
SO-2024-006373,1,2024-05-31,2024-06-04,PL-WEB-01,C000970,VM-NUT-0007,9,12.73,0.0,PLN
SO-2024-006374,1,2024-05-31,2024-06-03,PL-WEB-01,C008943,VM-APP-0013,1,431.19,0.0,PLN
SO-2024-006375,1,2024-05-31,2024-06-01,PL-WEB-01,C008647,VM-APP-0002,3,431.19,0.0,PLN
SO-2024-006375,2,2024-05-31,2024-06-01,PL-WEB-01,C008647,VM-CMP-0022,2,35.27,0.0,PLN
SO-2024-006376,1,2024-05-31,2024-06-04,PL-WEB-01,C004547,VM-CMP-0010,5,382.19,0.1,PLN
SO-2024-006376,2,2024-05-31,2024-06-04,PL-WEB-01,C004547,VM-ACC-0005,3,176.39,0.1,PLN
SO-2024-006376,3,2024-05-31,2024-06-04,PL-WEB-01,C004547,VM-APP-0001,4,450.79,0.1,PLN
SO-2024-006377,1,2024-05-31,2024-06-03,PL-WEB-01,C008944,VM-CMP-0005,2,1450.39,0.0,PLN
SO-2024-006377,2,2024-05-31,2024-06-03,PL-WEB-01,C008944,VM-ACC-0019,3,48.99,0.0,PLN
SO-2024-006377,3,2024-05-31,2024-06-03,PL-WEB-01,C008944,VM-EBK-0009,1,9711.79,0.0,PLN
SO-2024-006378,1,2024-05-31,2024-06-02,PL-MKT-01,C007803,VM-NUT-0002,5,14.69,0.0,PLN
SO-2024-006378,2,2024-05-31,2024-06-02,PL-MKT-01,C007803,VM-BIK-0012,1,11573.79,0.0,PLN
SO-2024-006378,3,2024-05-31,2024-06-02,PL-MKT-01,C007803,VM-ACC-0023,1,911.39,0.0,PLN
SO-2024-006379,1,2024-05-31,2024-06-04,PL-MKT-01,C008945,VM-NUT-0004,14,6.85,0.0,PLN
SO-2024-006380,1,2024-05-31,2024-06-01,PL-MKT-01,C008946,VM-CMP-0015,1,901.59,0.0,PLN
SO-2024-006380,2,2024-05-31,2024-06-01,PL-MKT-01,C008946,VM-APP-0006,1,303.79,0.0,PLN
SO-2024-006380,3,2024-05-31,2024-06-01,PL-MKT-01,C008946,VM-BIK-0014,1,3753.39,0.0,PLN
SO-2024-006380,4,2024-05-31,2024-06-01,PL-MKT-01,C008946,VM-CMP-0009,1,342.99,0.0,PLN
SO-2024-006381,1,2024-05-31,2024-06-02,PL-MKT-01,C008947,VM-APP-0006,5,303.79,0.12,PLN
SO-2024-006382,1,2024-05-31,2024-06-03,PL-MKT-01,C008948,VM-APP-0002,2,431.19,0.0,PLN
SO-2024-006383,1,2024-05-31,2024-06-04,PL-MKT-01,C008949,VM-APP-0017,1,186.19,0.1,PLN
SO-2024-006383,2,2024-05-31,2024-06-04,PL-MKT-01,C008949,VM-NUT-0004,12,6.85,0.0,PLN
SO-2024-006383,3,2024-05-31,2024-06-04,PL-MKT-01,C008949,VM-ACC-0013,1,166.59,0.1,PLN
SO-2024-006383,4,2024-05-31,2024-06-04,PL-MKT-01,C008949,VM-NUT-0010,2,34.29,0.0,PLN
SO-2024-006384,1,2024-05-31,2024-06-02,PL-MKT-01,C006303,VM-ACC-0007,1,352.79,0.1,PLN
SO-2024-006385,1,2024-05-31,2024-05-31,CZ-PRG-01,C001585,VM-NUT-0003,14,59.0,0.0,CZK
SO-2024-006385,2,2024-05-31,2024-05-31,CZ-PRG-01,C001585,VM-ACC-0002,2,3286.0,0.0,CZK
SO-2024-006386,1,2024-05-31,2024-05-31,CZ-PRG-01,C008846,VM-APP-0003,2,1670.0,0.05,CZK
SO-2024-006387,1,2024-05-31,2024-05-31,CZ-PRG-01,,VM-ACC-0008,1,2155.0,0.0,CZK
SO-2024-006387,2,2024-05-31,2024-05-31,CZ-PRG-01,,VM-BIK-0004,1,23005.0,0.0,CZK
SO-2024-006388,1,2024-05-31,2024-06-01,CZ-WEB-01,C008429,VM-ACC-0020,1,4364.0,0.0,CZK
SO-2024-006389,1,2024-05-31,2024-06-04,CZ-WEB-01,C006854,VM-NUT-0004,13,38.0,0.0,CZK
SO-2024-006389,2,2024-05-31,2024-06-04,CZ-WEB-01,C006854,VM-ACC-0021,1,4202.0,0.0,CZK
SO-2024-006390,1,2024-05-31,2024-06-02,CZ-WEB-01,C005909,VM-BIK-0004,1,23005.0,0.0,CZK
SO-2024-006391,1,2024-05-31,2024-06-04,CZ-WEB-01,C008950,VM-NUT-0005,11,48.0,0.0,CZK
SO-2024-006392,1,2024-05-31,2024-06-03,CZ-WEB-01,C007552,VM-BIK-0007,1,37982.0,0.05,CZK
SO-2024-006393,1,2024-05-31,2024-06-03,CZ-WEB-01,C008951,VM-APP-0006,1,1670.0,0.0,CZK
SO-2024-006393,2,2024-05-31,2024-06-03,CZ-WEB-01,C008951,VM-ACC-0014,1,593.0,0.0,CZK
SO-2024-006393,3,2024-05-31,2024-06-03,CZ-WEB-01,C008951,VM-CMP-0005,1,7974.0,0.0,CZK
SO-2024-006393,4,2024-05-31,2024-06-03,CZ-WEB-01,C008951,VM-APP-0002,3,2370.0,0.0,CZK
SO-2024-006394,1,2024-05-31,2024-06-04,CZ-WEB-01,C004314,VM-ACC-0009,1,2155.0,0.0,CZK
SO-2024-006395,1,2024-05-31,2024-06-04,CZ-WEB-01,C000582,VM-APP-0019,2,356.0,0.0,CZK
SO-2024-006395,2,2024-05-31,2024-06-04,CZ-WEB-01,C000582,VM-BIK-0019,1,6519.0,0.0,CZK
SO-2024-006396,1,2024-05-31,2024-05-31,DE-BER-01,, VM-EBK-0007 ,1,3306.63,0.0,EUR
SO-2024-006396,2,2024-05-31,2024-05-31,DE-BER-01,,VM-ACC-0008,2,89.97,0.0,EUR
SO-2024-006397,1,2024-05-31,2024-06-02,DE-WEB-01,C000824,VM-ACC-0014,1,24.74,0.05,EUR
SO-2024-006398,1,2024-05-31,2024-06-04,DE-WEB-01,C008952,VM-APP-0002,3,98.97,0.05,EUR
SO-2024-006398,2,2024-05-31,2024-06-04,DE-WEB-01,C008952,VM-BIK-0013,1,1079.71,0.05,EUR
SO-2024-006399,1,2024-05-31,2024-06-01,DE-WEB-01,C006044,VM-BIK-0011,1,1945.74,0.0,EUR
SO-2024-006399,2,2024-05-31,2024-06-01,DE-WEB-01,C006044,VM-APP-0001,2,103.47,0.05,EUR
SO-2024-006399,3,2024-05-31,2024-06-01,DE-WEB-01,C006044,VM-ACC-0008,2,89.97,0.0,EUR
SO-2024-006400,1,2024-05-31,2024-06-03,DE-WEB-01,C004427,VM-BIK-0012,1,2656.55,0.05,EUR
SO-2024-006401,1,2024-05-31,2024-06-01,DE-WEB-01,C008334,VM-BIK-0019,5,272.18,0.12,EUR
SO-2024-006401,2,2024-05-31,2024-06-01,DE-WEB-01,C008334,VM-ACC-0007,3,80.98,0.1,EUR
