OrderID,LineNo,OrderDate,ShipDate,StoreID,CustomerID,SKU,Quantity,UnitPrice,DiscountPct,Currency
SO-2023-005629,3,2023-06-01,2023-06-01,PL-WRO-01,,VM-BIK-0021,1,1193.74,0.0,PLN
SO-2023-005796,1,2023-06-03,2023-06-05,CZ-WEB-01,C002548,VM-ACC-0019,3,249.0,0.0,CZK
SO-2023-005965,1,2023-06-07,2023-06-07,PL-KRK-01,C002628,VM-BIK-0007,1,6732.74,0.0,PLN
SO-2023-006081,1,2023-06-09,2023-06-11,PL-WEB-01,C002673,VM-EBK-0001,1,7324.84,0.0,PLN
SO-2023-006164,2,2023-06-10,2023-06-13,PL-MKT-01,C002650,VM-BIK-0012,1,11278.54,0.0,PLN
SO-2023-006301,2,2023-06-13,2023-06-13,PL-GDN-01,C001248,VM-CMP-0013,2,506.14,0.0,PLN
SO-2023-006349,1,2023-06-14,2023-06-14,PL-WRO-01,,VM-ACC-0011,2,68.75,0.0,PLN
SO-2023-006350,2,2023-06-14,2023-06-14,PL-WRO-01,C002773,VM-EBK-0009,1,9464.04,0.0,PLN
SO-2023-006706,4,2023-06-20,2023-06-20,CZ-PRG-01,C001693,VM-NUT-0009,4,424.0,0.0,CZK
SO-2023-006842,2,2023-06-22,2023-06-24,DE-WEB-01,C000062,VM-BIK-0015,1,646.02,0.0,EUR
SO-2023-006845,1,2023-06-23,2023-06-23,PL-WAW-01,C002272,VM-ACC-0021,1,744.89,0.0,PLN
SO-2023-007003,2,2023-06-25,2023-06-28,PL-MKT-01,C002883,VM-NUT-0006,6,9.54,0.0,PLN
SO-2023-007054,1,2023-06-26,2023-06-27,PL-WEB-01,C003071,VM-CMP-0020,4,248.29,0.1,PLN
SO-2023-007181,3,2023-06-29,2023-06-29,PL-WAW-02,C003126,VM-ACC-0007,1,343.79,0.0,PLN
SO-2023-007220,1,2023-06-29,2023-06-29,CZ-PRG-01,C003142, VM-EBK-0001 ,1,38230.0,0.0,CZK
SO-2023-007277,1,2023-07-01,2023-07-01,PL-WAW-01,C003169,VM-CMP-0017,1,477.49,0.0,PLN
SO-2023-007278,1,2023-07-01,2023-07-01,PL-WAW-01,C003170,VM-ACC-0002,1,582.54,0.0,PLN
SO-2023-007278,2,2023-07-01,2023-07-01,PL-WAW-01,C003170,VM-BIK-0001,1,13073.94,0.0,PLN
SO-2023-007278,3,2023-07-01,2023-07-01,PL-WAW-01,C003170,VM-APP-0020,2,171.89,0.0,PLN
SO-2023-007279,1,2023-07-01,2023-07-01,PL-WAW-01,C003171,vm-nut-0003,4,10.5,0.05,PLN
SO-2023-007280,1,2023-07-01,2023-07-01,PL-WAW-01,C001533,VM-NUT-0004,7,6.68,0.0,PLN
SO-2023-007281,1,2023-07-01,2023-07-01,PL-WAW-01,C001169,VM-APP-0020,1,171.89,0.05,PLN
SO-2023-007282,1,2023-07-01,2023-07-01,PL-WAW-01,C003172,VM-ACC-0008,2,381.99,0.0,PLN
SO-2023-007282,2,2023-07-01,2023-07-01,PL-WAW-01,C003172,VM-ACC-0002,1,582.54,0.0,PLN
SO-2023-007282,3,2023-07-01,2023-07-01,PL-WAW-01,C003172,VM-EBK-0003,1,8680.94,0.0,PLN
SO-2023-007283,1,2023-07-01,2023-07-01,PL-WAW-01,C002053,VM-NUT-0005,25,8.59,0.12,PLN
SO-2023-007283,2,2023-07-01,2023-07-01,PL-WAW-01,C002053,VM-ACC-0010,8,238.74,0.12,PLN
SO-2023-007283,3,2023-07-01,2023-07-01,PL-WAW-01,C002053,VM-APP-0002,12,420.19,0.1,PLN
SO-2023-007283,4,2023-07-01,2023-07-01,PL-WAW-01,C002053,VM-ACC-0021,5,744.89,0.1,PLN
SO-2023-007284,1,2023-07-01,2023-07-01,PL-WAW-01,,VM-BIK-0010,1,6035.59,0.0,PLN
SO-2023-007284,2,2023-07-01,2023-07-01,PL-WAW-01,,VM-ACC-0003,1,276.94,0.0,PLN
SO-2023-007285,1,2023-07-01,2023-07-01,PL-WAW-01,C003065,VM-NUT-0011,3,51.56,0.05,PLN
SO-2023-007285,2,2023-07-01,2023-07-01,PL-WAW-01,C003065,VM-ACC-0017,1,55.38,0.0,PLN
SO-2023-007286,1,2023-07-01,2023-07-01,PL-WAW-01,C002322,VM-NUT-0004,9,6.68,0.05,PLN
SO-2023-007287,1,2023-07-01,2023-07-01,PL-WAW-01,C002757,VM-ACC-0021,1,744.89,0.0,PLN
SO-2023-007287,2,2023-07-01,2023-07-01,PL-WAW-01,C002757,VM-ACC-0015,1,334.24,0.0,PLN
SO-2023-007288,1,2023-07-01,2023-07-01,PL-WAW-01,,VM-NUT-0002,5,14.32,0.0,PLN
SO-2023-007289,1,2023-07-01,2023-07-01,PL-WAW-01,C003173,VM-NUT-0002,8,14.32,0.05,PLN
SO-2023-007289,2,2023-07-01,2023-07-01,PL-WAW-01,C003173,VM-NUT-0006,7,9.54,0.05,PLN
SO-2023-007289,3,2023-07-01,2023-07-01,PL-WAW-01,C003173,VM-ACC-0003,2,276.94,0.05,PLN
SO-2023-007290,1,2023-07-01,2023-07-01,PL-WAW-01,C003174,VM-CMP-0019,2,200.54,0.0,PLN
SO-2023-007290,2,2023-07-01,2023-07-01,PL-WAW-01,C003174,VM-CMP-0009,2,334.24,0.0,PLN
SO-2023-007291,1,2023-07-01,2023-07-01,PL-WAW-02,C003175,VM-ACC-0017,3,55.38,0.05,PLN
SO-2023-007291,2,2023-07-01,2023-07-01,PL-WAW-02,C003175,VM-APP-0016,1,582.54,0.05,PLN
SO-2023-007292,1,2023-07-01,2023-07-01,PL-WAW-02,C000650,VM-EBK-0007,1,14038.49,0.0,PLN
SO-2023-007292,2,2023-07-01,2023-07-01,PL-WAW-02,C000650,VM-NUT-0007,11,12.41,0.0,PLN
SO-2023-007292,3,2023-07-01,2023-07-01,PL-WAW-02,C000650,VM-ACC-0008,2,381.99,0.0,PLN
SO-2023-007293,1,2023-07-01,2023-07-01,PL-WAW-02,C002866,VM-APP-0013,1,420.19,0.0,PLN
SO-2023-007294,1,2023-07-01,2023-07-01,PL-KRK-01,, VM-ACC-0008 ,1,381.99,0.0,PLN
SO-2023-007295,1,2023-07-01,2023-07-01,PL-KRK-01,C003176,VM-BIK-0021,1,1193.74,0.0,PLN
SO-2023-007296,1,2023-07-01,2023-07-01,PL-KRK-01,C002909,VM-BIK-0005,1,7076.54,0.0,PLN
SO-2023-007296,2,2023-07-01,2023-07-01,PL-KRK-01,C002909,VM-ACC-0004,1,744.89,0.0,PLN
SO-2023-007296,3,2023-07-01,2023-07-01,PL-KRK-01,C002909,VM-ACC-0007,1,343.79,0.0,PLN
SO-2023-007296,4,2023-07-01,2023-07-01,PL-KRK-01,C002909,VM-ACC-0012,1,68.75,0.0,PLN
SO-2023-007297,1,2023-07-01,2023-07-01,PL-KRK-01,C003177,VM-NUT-0010,2,33.42,0.0,PLN
SO-2023-007298,1,2023-07-01,2023-07-01,PL-KRK-01,C000723,VM-CMP-0010,1,372.44,0.0,PLN
SO-2023-007298,2,2023-07-01,2023-07-01,PL-KRK-01,C000723,VM-ACC-0008,1,381.99,0.0,PLN
SO-2023-007299,1,2023-07-01,2023-07-01,PL-KRK-01,C003178,VM-BIK-0012,1,11278.54,0.05,PLN
SO-2023-007300,1,2023-07-01,2023-07-01,PL-KRK-01,C003179,VM-ACC-0008,2,381.99,0.05,PLN
SO-2023-007301,1,2023-07-01,2023-07-01,PL-KRK-01,C003180,VM-BIK-0009,1,5386.19,0.0,PLN
SO-2023-007302,1,2023-07-01,2023-07-01,PL-KRK-01,C000241,VM-ACC-0008,2,381.99,0.0,PLN
SO-2023-007303,1,2023-07-01,2023-07-01,PL-WRO-01,C003181,VM-APP-0002,3,420.19,0.0,PLN
SO-2023-007304,1,2023-07-01,2023-07-01,PL-WRO-01,C003182,VM-NUT-0004,8,6.68,0.0,PLN
SO-2023-007304,2,2023-07-01,2023-07-01,PL-WRO-01,C003182,VM-CMP-0013,1,506.14,0.0,PLN
SO-2023-007304,3,2023-07-01,2023-07-01,PL-WRO-01,C003182,VM-ACC-0006,2,907.24,0.0,PLN
SO-2023-007304,4,2023-07-01,2023-07-01,PL-WRO-01,C003182,VM-BIK-0003,1,6245.69,0.0,PLN
SO-2023-007305,1,2023-07-01,2023-07-01,PL-WRO-01,,VM-APP-0013,1,420.19,0.0,PLN
SO-2023-007305,2,2023-07-01,2023-07-01,PL-WRO-01,,VM-CMP-0013,2,506.14,0.0,PLN
SO-2023-007305,3,2023-07-01,2023-07-01,PL-WRO-01,,VM-BIK-0009,1,5386.19,0.0,PLN
SO-2023-007306,1,2023-07-01,2023-07-01,PL-WRO-01,C000717,VM-BIK-0022,1,1336.99,0.0,PLN
SO-2023-007307,1,2023-07-01,2023-07-01,PL-WRO-01,C003183,VM-APP-0011,2,391.54,0.0,PLN
SO-2023-007308,1,2023-07-01,2023-07-01,PL-WRO-01,C000956,VM-BIK-0021,1,1193.74,0.0,PLN
SO-2023-007308,2,2023-07-01,2023-07-01,PL-WRO-01,C000956,VM-ACC-0014,1,105.04,0.0,PLN
SO-2023-007309,1,2023-07-01,2023-07-01,PL-WRO-01,,VM-CMP-0009,1,334.24,0.0,PLN
SO-2023-007310,1,2023-07-01,2023-07-01,PL-WRO-01,C001403,VM-BIK-0011,1,8260.74,0.0,PLN
SO-2023-007311,1,2023-07-01,2023-07-01,PL-GDN-01,C002391,VM-ACC-0008,2,381.99,0.05,PLN
SO-2023-007312,1,2023-07-01,2023-07-01,PL-GDN-01,C002440,VM-CMP-0013,2,506.14,0.0,PLN
SO-2023-007312,2,2023-07-01,2023-07-01,PL-GDN-01,C002440,VM-APP-0012,1,830.84,0.0,PLN
SO-2023-007312,3,2023-07-01,2023-07-01,PL-GDN-01,C002440,VM-NUT-0003,12,10.5,0.05,PLN
SO-2023-007313,1,2023-07-01,2023-07-01,PL-GDN-01,C003184,VM-BIK-0012,1,11278.54,0.0,PLN
SO-2023-007313,2,2023-07-01,2023-07-01,PL-GDN-01,C003184,VM-ACC-0014,1,105.04,0.05,PLN
SO-2023-007314,1,2023-07-01,2023-07-01,PL-GDN-01,,vm-nut-0006,9,9.54,0.0,PLN
SO-2023-007315,1,2023-07-01,2023-07-01,PL-GDN-01,C002187,VM-ACC-0008,1,381.99,0.05,PLN
SO-2023-007316,1,2023-07-01,2023-07-01,PL-POZ-01,C003138,VM-APP-0010,2,162.34,0.05,PLN
SO-2023-007316,2,2023-07-01,2023-07-01,PL-POZ-01,C003138,VM-ACC-0008,1,381.99,0.05,PLN
SO-2023-007317,1,2023-07-01,2023-07-02,PL-WEB-01,C001146,VM-EBK-0002,1,9502.24,0.05,PLN
SO-2023-007318,1,2023-07-01,2023-07-05,PL-WEB-01,C003185,VM-BIK-0018,1,2291.99,0.0,PLN
SO-2023-007318,2,2023-07-01,2023-07-05,PL-WEB-01,C003185,VM-CMP-0011,2,152.79,0.0,PLN
SO-2023-007319,1,2023-07-01,2023-07-04,PL-WEB-01,C003186,VM-BIK-0012,1,11278.54,0.0,PLN
SO-2023-007320,1,2023-07-01,2023-07-03,PL-WEB-01,C003187,VM-CMP-0006,2,190.99,0.0,PLN
SO-2023-007321,1,2023-07-01,2023-07-03,PL-WEB-01,C003188,VM-ACC-0012,1,68.75,0.0,PLN
SO-2023-007322,1,2023-07-01,2023-07-04,PL-WEB-01,C003189,VM-APP-0001,2,439.29,0.0,PLN
SO-2023-007323,1,2023-07-01,2023-07-04,PL-WEB-01,C001619,VM-BIK-0019,1,1155.54,0.05,PLN
SO-2023-007324,1,2023-07-01,2023-07-03,PL-WEB-01,C001169,VM-BIK-0020,1,1155.54,0.05,PLN
SO-2023-007324,2,2023-07-01,2023-07-03,PL-WEB-01,C001169,VM-CMP-0018,3,59.2,0.05,PLN
SO-2023-007325,1,2023-07-01,2023-07-05,PL-WEB-01,C003190,VM-CMP-0017,1,477.49,0.0,PLN
SO-2023-007326,1,2023-07-01,2023-07-04,PL-WEB-01,C003191,VM-CMP-0022,1,34.37,0.0,PLN
SO-2023-007326,2,2023-07-01,2023-07-04,PL-WEB-01,C003191,VM-ACC-0018,3,47.74,0.0,PLN
SO-2023-007326,3,2023-07-01,2023-07-04,PL-WEB-01,C003191,VM-NUT-0001,9,8.59,0.0,PLN
SO-2023-007327,1,2023-07-01,2023-07-02,PL-WEB-01,C003192,VM-ACC-0004,2,744.89,0.05,PLN
SO-2023-007327,2,2023-07-01,2023-07-02,PL-WEB-01,C003192,VM-NUT-0005,9,8.59,0.05,PLN
SO-2023-007327,3,2023-07-01,2023-07-02,PL-WEB-01,C003192,VM-ACC-0008,1,381.99,0.1,PLN
SO-2023-007327,4,2023-07-01,2023-07-02,PL-WEB-01,C003192,VM-CMP-0011,2,152.79,0.05,PLN
SO-2023-007328,1,2023-07-01,2023-07-04,PL-WEB-01,C002985,VM-NUT-0009,2,81.17,0.0,PLN
SO-2023-007328,2,2023-07-01,2023-07-04,PL-WEB-01,C002985,VM-BIK-0016,1,3428.44,0.0,PLN
SO-2023-007329,1,2023-07-01,2023-07-05,PL-MKT-01,C003193,VM-ACC-0006,1,907.24,0.0,PLN
SO-2023-007330,1,2023-07-01,2023-07-04,PL-MKT-01,C003194,VM-ACC-0007,1,343.79,0.0,PLN
SO-2023-007331,1,2023-07-01,2023-07-03,PL-MKT-01,C003195,VM-BIK-0015,1,2950.94,0.0,PLN
SO-2023-007331,2,2023-07-01,2023-07-03,PL-MKT-01,C003195,VM-APP-0010,1,162.34,0.0,PLN
SO-2023-007331,3,2023-07-01,2023-07-03,PL-MKT-01,C003195,VM-ACC-0018,3,47.74,0.0,PLN
SO-2023-007331,4,2023-07-01,2023-07-03,PL-MKT-01,C003195,VM-APP-0006,1,296.04,0.0,PLN
SO-2023-007332,1,2023-07-01,2023-07-02,PL-MKT-01,C003196,VM-CMP-0001,1,381.99,0.0,PLN
SO-2023-007333,1,2023-07-01,2023-07-02,PL-MKT-01,C003197,VM-CMP-0013,1,506.14,0.0,PLN
SO-2023-007334,1,2023-07-01,2023-07-04,PL-MKT-01,C002609,VM-APP-0003,3,296.04,0.0,PLN
SO-2023-007334,2,2023-07-01,2023-07-04,PL-MKT-01,C002609,VM-BIK-0004,1,4077.84,0.0,PLN
SO-2023-007334,3,2023-07-01,2023-07-04,PL-MKT-01,C002609,VM-BIK-0022,1,1336.99,0.0,PLN
SO-2023-007335,1,2023-07-01,2023-07-02,PL-MKT-01,C002798,VM-ACC-0014,1,105.04,0.0,PLN
SO-2023-007336,1,2023-07-01,2023-07-04,PL-MKT-01,C003198,VM-BIK-0020,1,1155.54,0.0,PLN
SO-2023-007336,2,2023-07-01,2023-07-04,PL-MKT-01,C003198,VM-ACC-0002,2,582.54,0.0,PLN
SO-2023-007337,1,2023-07-01,2023-07-04,PL-MKT-01,C000926,VM-ACC-0008,2,381.99,0.0,PLN
SO-2023-007338,1,2023-07-01,2023-07-05,PL-MKT-01,C003199,VM-NUT-0009,1,81.17,0.0,PLN
SO-2023-007338,2,2023-07-01,2023-07-05,PL-MKT-01,C003199,VM-ACC-0014,1,105.04,0.0,PLN
SO-2023-007339,1,2023-07-01,2023-07-01,CZ-PRG-01,,VM-NUT-0003,10,55.0,0.1,CZK
SO-2023-007340,1,2023-07-01,2023-07-01,CZ-PRG-01,,VM-NUT-0006,8,50.0,0.0,CZK
SO-2023-007341,1,2023-07-01,2023-07-01,CZ-PRG-01,C002207,VM-ACC-0002,2,3050.0,0.0,CZK
SO-2023-007341,2,2023-07-01,2023-07-01,CZ-PRG-01,C002207,VM-CMP-0017,1,2500.0,0.0,CZK
SO-2023-007342,1,2023-07-01,2023-07-01,CZ-PRG-01,,VM-ACC-0008,1,2000.0,0.0,CZK
SO-2023-007343,1,2023-07-01,2023-07-03,CZ-WEB-01,C000703,VM-CMP-0012,1,2700.0,0.0,CZK
SO-2023-007344,1,2023-07-01,2023-07-04,CZ-WEB-01,C003200,VM-ACC-0008,1,2000.0,0.0,CZK
SO-2023-007345,1,2023-07-01,2023-07-04,CZ-WEB-01,C003201,VM-ACC-0018,2,250.0,0.0,CZK
SO-2023-007345,2,2023-07-01,2023-07-04,CZ-WEB-01,C003201,VM-ACC-0017,2,290.0,0.0,CZK
SO-2023-007346,1,2023-07-01,2023-07-05,CZ-WEB-01,C000527,VM-CMP-0012,2,2700.0,0.05,CZK
SO-2023-007346,2,2023-07-01,2023-07-05,CZ-WEB-01,C000527,VM-ACC-0014,1,550.0,0.05,CZK
SO-2023-007347,1,2023-07-01,2023-07-01,DE-BER-01,,VM-EBK-0003,1,1909.41,0.0,EUR
SO-2023-007347,2,2023-07-01,2023-07-01,DE-BER-01,,VM-ACC-0001,1,79.82,0.0,EUR
SO-2023-007347,3,2023-07-01,2023-07-01,DE-BER-01,,VM-ACC-0011,1,15.12,0.0,EUR
SO-2023-007347,4,2023-07-01,2023-07-01,DE-BER-01,,VM-ACC-0014,1,23.1,0.0,EUR
SO-2023-007348,1,2023-07-01,2023-07-01,DE-BER-01,C001588,VM-APP-0004,1,50.41,0.1,EUR
SO-2023-007349,1,2023-07-01,2023-07-01,DE-BER-01,,VM-BIK-0020,1,254.17,0.0,EUR
SO-2023-007350,1,2023-07-01,2023-07-02,DE-WEB-01,C002732,VM-ACC-0008,1,84.02,0.0,EUR
SO-2023-007351,1,2023-07-01,2023-07-05,DE-WEB-01,C000271,VM-NUT-0004,10,1.47,0.05,EUR
SO-2023-007352,1,2023-07-01,2023-07-04,DE-WEB-01,C001590,VM-EBK-0009,1,2081.66,0.0,EUR
SO-2023-007352,2,2023-07-01,2023-07-04,DE-WEB-01,C001590,VM-BIK-0012,1,2480.76,0.0,EUR
SO-2023-007352,3,2023-07-01,2023-07-04,DE-WEB-01,C001590,VM-ACC-0019,2,10.5,0.0,EUR
SO-2023-007352,4,2023-07-01,2023-07-04,DE-WEB-01,C001590,VM-BIK-0021,1,262.57,0.0,EUR
SO-2023-007353,1,2023-07-01,2023-07-05,DE-WEB-01,C001482,VM-CMP-0022,2,7.56,0.0,EUR
SO-2023-007353,2,2023-07-01,2023-07-05,DE-WEB-01,C001482,VM-NUT-0006,8,2.1,0.0,EUR
SO-2023-007353,3,2023-07-01,2023-07-05,DE-WEB-01,C001482,VM-ACC-0009,1,84.02,0.0,EUR
SO-2023-007353,4,2023-07-01,2023-07-05,DE-WEB-01,C001482,VM-NUT-0009,4,17.85,0.0,EUR
SO-2023-007354,1,2023-07-02,2023-07-03,PL-WEB-01,C001653,VM-NUT-0004,8,6.68,0.08,PLN
SO-2023-007355,1,2023-07-02,2023-07-04,PL-WEB-01,C003092,VM-NUT-0005,24,8.59,0.08,PLN
SO-2023-007355,2,2023-07-02,2023-07-04,PL-WEB-01,C003092,VM-CMP-0009,10,334.24,0.08,PLN
SO-2023-007355,3,2023-07-02,2023-07-04,PL-WEB-01,C003092,VM-BIK-0003,4,6245.69,0.08,PLN
SO-2023-007355,4,2023-07-02,2023-07-04,PL-WEB-01,C003092,VM-BIK-0010,5,6035.59,0.12,PLN
SO-2023-007356,1,2023-07-02,2023-07-06,PL-WEB-01,C002128,VM-ACC-0008,2,381.99,0.0,PLN
SO-2023-007356,2,2023-07-02,2023-07-06,PL-WEB-01,C002128,VM-NUT-0006,11,9.54,0.0,PLN
SO-2023-007357,1,2023-07-02,2023-07-05,PL-WEB-01,C003202,VM-ACC-0008,2,381.99,0.0,PLN
SO-2023-007357,2,2023-07-02,2023-07-05,PL-WEB-01,C003202,VM-APP-0012,1,830.84,0.0,PLN
SO-2023-007358,1,2023-07-02,2023-07-03,PL-WEB-01,C000854,VM-ACC-0018,1,47.74,0.0,PLN
SO-2023-007358,2,2023-07-02,2023-07-03,PL-WEB-01,C000854,VM-APP-0001,2,439.29,0.0,PLN
SO-2023-007358,3,2023-07-02,2023-07-03,PL-WEB-01,C000854,VM-CMP-0018,1,59.2,0.0,PLN
SO-2023-007358,4,2023-07-02,2023-07-03,PL-WEB-01,C000854,VM-NUT-0001,15,8.59,0.0,PLN
SO-2023-007359,1,2023-07-02,2023-07-06,PL-WEB-01,C003203,VM-ACC-0005,1,171.89,0.0,PLN
SO-2023-007360,1,2023-07-02,2023-07-03,PL-WEB-01,C002067,VM-BIK-0009,1,5386.19,0.0,PLN
SO-2023-007361,1,2023-07-02,2023-07-06,PL-WEB-01,C003204,VM-ACC-0015,1,334.24,0.0,PLN
SO-2023-007361,2,2023-07-02,2023-07-06,PL-WEB-01,C003204,VM-APP-0004,1,229.19,0.0,PLN
SO-2023-007362,1,2023-07-02,2023-07-03,PL-WEB-01,C002355,VM-APP-0006,1,296.04,0.0,PLN
SO-2023-007363,1,2023-07-02,2023-07-04,PL-MKT-01,C003205,VM-BIK-0017,1,1824.04,0.0,PLN
SO-2023-007363,2,2023-07-02,2023-07-04,PL-MKT-01,C003205,VM-EBK-0007,1,14038.49,0.1,PLN
SO-2023-007363,3,2023-07-02,2023-07-04,PL-MKT-01,C003205,VM-ACC-0008,1,381.99,0.0,PLN
SO-2023-007364,1,2023-07-02,2023-07-06,PL-MKT-01,C001466,VM-BIK-0007,1,6732.74,0.05,PLN
SO-2023-007364,2,2023-07-02,2023-07-06,PL-MKT-01,C001466,VM-ACC-0008,2,381.99,0.05,PLN
SO-2023-007365,1,2023-07-02,2023-07-06,PL-MKT-01,C000748,VM-NUT-0004,15,6.68,0.08,PLN
SO-2023-007366,1,2023-07-02,2023-07-04,PL-MKT-01,C002060,VM-CMP-0021,5,45.83,0.08,PLN
SO-2023-007366,2,2023-07-02,2023-07-04,PL-MKT-01,C002060,VM-ACC-0008,3,381.99,0.12,PLN
SO-2023-007367,1,2023-07-02,2023-07-03,PL-MKT-01,C000098,VM-APP-0007,1,152.79,0.0,PLN
SO-2023-007368,1,2023-07-02,2023-07-05,PL-MKT-01,C002902,VM-CMP-0019,3,200.54,0.0,PLN
SO-2023-007368,2,2023-07-02,2023-07-05,PL-MKT-01,C002902,VM-CMP-0007,2,601.64,0.0,PLN
SO-2023-007369,1,2023-07-02,2023-07-05,PL-MKT-01,C003206,VM-APP-0011,1,391.54,0.0,PLN
SO-2023-007370,1,2023-07-02,2023-07-02,CZ-PRG-01,,VM-BIK-0011,1,43250.0,0.0,CZK
SO-2023-007370,2,2023-07-02,2023-07-02,CZ-PRG-01,,VM-APP-0017,2,950.0,0.0,CZK
SO-2023-007370,3,2023-07-02,2023-07-02,CZ-PRG-01,,VM-EBK-0011,1,73200.0,0.0,CZK
SO-2023-007371,1,2023-07-02,2023-07-02,CZ-PRG-01,C003207,VM-ACC-0001,2,1900.0,0.0,CZK
SO-2023-007371,2,2023-07-02,2023-07-02,CZ-PRG-01,C003207,VM-ACC-0014,1,550.0,0.0,CZK
SO-2023-007372,1,2023-07-02,2023-07-02,CZ-PRG-01,C002893,VM-BIK-0006,1,32950.0,0.0,CZK
SO-2023-007373,1,2023-07-02,2023-07-06,CZ-WEB-01,C002163,VM-BIK-0019,1,6050.0,0.05,CZK
SO-2023-007373,2,2023-07-02,2023-07-06,CZ-WEB-01,C002163,VM-APP-0001,2,2300.0,0.05,CZK
SO-2023-007373,3,2023-07-02,2023-07-06,CZ-WEB-01,C002163,VM-ACC-0013,1,850.0,0.05,CZK
SO-2023-007374,1,2023-07-02,2023-07-05,CZ-WEB-01,C003208,VM-ACC-0008,1,2000.0,0.0,CZK
SO-2023-007375,1,2023-07-02,2023-07-04,CZ-WEB-01,C003209,vm-bik-0014,1,19150.0,0.0,CZK
SO-2023-007375,2,2023-07-02,2023-07-04,CZ-WEB-01,C003209,VM-APP-0008,1,800.0,0.0,CZK
SO-2023-007376,1,2023-07-02,2023-07-05,CZ-WEB-01,C000614,VM-BIK-0017,1,9550.0,0.05,CZK
SO-2023-007377,1,2023-07-02,2023-07-05,DE-WEB-01,C001482,VM-APP-0006,3,65.12,0.0,EUR
SO-2023-007378,1,2023-07-02,2023-07-03,DE-WEB-01,C001989,VM-APP-0020,3,37.81,0.08,EUR
SO-2023-007379,1,2023-07-02,2023-07-05,DE-WEB-01,C003210,VM-BIK-0019,1,254.17,0.05,EUR
SO-2023-007379,2,2023-07-02,2023-07-05,DE-WEB-01,C003210,VM-ACC-0001,2,79.82,0.05,EUR
SO-2023-007380,1,2023-07-02,2023-07-06,DE-WEB-01,C003211,VM-BIK-0009,1,1184.72,0.0,EUR
SO-2023-007381,1,2023-07-02,2023-07-06,DE-WEB-01,C003212,VM-ACC-0008,1,84.02,0.0,EUR
SO-2023-007382,1,2023-07-03,2023-07-03,PL-WAW-01,,VM-BIK-0007,1,6732.74,0.0,PLN
SO-2023-007382,2,2023-07-03,2023-07-03,PL-WAW-01,, VM-ACC-0018 ,3,47.74,0.0,PLN
SO-2023-007383,1,2023-07-03,2023-07-03,PL-WAW-01,C001874,VM-NUT-0004,45,6.68,0.12,PLN
SO-2023-007383,2,2023-07-03,2023-07-03,PL-WAW-01,C001874,VM-EBK-0011,4,13981.19,0.1,PLN
SO-2023-007383,3,2023-07-03,2023-07-03,PL-WAW-01,C001874,VM-CMP-0016,4,2349.29,0.08,PLN
SO-2023-007383,4,2023-07-03,2023-07-03,PL-WAW-01,C001874,VM-NUT-0001,6,8.59,0.08,PLN
SO-2023-007384,1,2023-07-03,2023-07-03,PL-WAW-01,,VM-ACC-0008,2,381.99,0.0,PLN
SO-2023-007385,1,2023-07-03,2023-07-03,PL-WAW-01,C002568,VM-NUT-0005,4,8.59,0.05,PLN
SO-2023-007385,2,2023-07-03,2023-07-03,PL-WAW-01,C002568,VM-CMP-0014,1,410.64,0.05,PLN
SO-2023-007386,1,2023-07-03,2023-07-03,PL-WAW-02,,VM-ACC-0020,1,773.54,0.0,PLN
SO-2023-007387,1,2023-07-03,2023-07-03,PL-WAW-02,C000745,VM-ACC-0010,1,238.74,0.0,PLN
SO-2023-007387,2,2023-07-03,2023-07-03,PL-WAW-02,C000745,VM-BIK-0012,1,11278.54,0.0,PLN
SO-2023-007387,3,2023-07-03,2023-07-03,PL-WAW-02,C000745,VM-NUT-0003,9,10.5,0.0,PLN
SO-2023-007387,4,2023-07-03,2023-07-03,PL-WAW-02,C000745,VM-NUT-0011,3,51.56,0.0,PLN
SO-2023-007388,1,2023-07-03,2023-07-03,PL-KRK-01,,VM-APP-0014,1,467.94,0.0,PLN
SO-2023-007388,2,2023-07-03,2023-07-03,PL-KRK-01,,VM-APP-0003,1,296.04,0.0,PLN
SO-2023-007388,3,2023-07-03,2023-07-03,PL-KRK-01,,VM-CMP-0010,1,372.44,0.0,PLN
SO-2023-007389,1,2023-07-03,2023-07-03,PL-KRK-01,,VM-BIK-0009,1,5386.19,0.0,PLN
SO-2023-007390,1,2023-07-03,2023-07-03,PL-KRK-01,,VM-NUT-0003,13,10.5,0.0,PLN
SO-2023-007390,2,2023-07-03,2023-07-03,PL-KRK-01,,VM-ACC-0008,1,381.99,0.1,PLN
SO-2023-007391,1,2023-07-03,2023-07-03,PL-KRK-01,,VM-BIK-0007,1,6732.74,0.0,PLN
SO-2023-007392,1,2023-07-03,2023-07-03,PL-KRK-01,C003213,VM-BIK-0007,1,6732.74,0.0,PLN
SO-2023-007392,2,2023-07-03,2023-07-03,PL-KRK-01,C003213,VM-ACC-0014,1,105.04,0.0,PLN
SO-2023-007393,1,2023-07-03,2023-07-03,PL-KRK-01,,VM-ACC-0017,1,55.38,0.0,PLN
SO-2023-007394,1,2023-07-03,2023-07-03,PL-WRO-01,C003214,VM-ACC-0006,2,907.24,0.05,PLN
SO-2023-007395,1,2023-07-03,2023-07-03,PL-GDN-01,C003215,VM-NUT-0010,4,33.42,0.0,PLN
SO-2023-007395,2,2023-07-03,2023-07-03,PL-GDN-01,C003215,VM-NUT-0005,5,8.59,0.05,PLN
SO-2023-007396,1,2023-07-03,2023-07-03,PL-POZ-01,,VM-APP-0017,1,181.44,0.0,PLN
SO-2023-007396,2,2023-07-03,2023-07-03,PL-POZ-01,,VM-ACC-0009,2,381.99,0.0,PLN
SO-2023-007397,1,2023-07-03,2023-07-05,PL-WEB-01,C003216,VM-CMP-0002,2,534.79,0.0,PLN
SO-2023-007398,1,2023-07-03,2023-07-06,PL-WEB-01,C003217,VM-ACC-0007,2,343.79,0.0,PLN
SO-2023-007399,1,2023-07-03,2023-07-06,PL-WEB-01,C002537,VM-ACC-0008,2,381.99,0.0,PLN
SO-2023-007400,1,2023-07-03,2023-07-04,PL-WEB-01,C003218,VM-ACC-0008,2,381.99,0.0,PLN
SO-2023-007400,2,2023-07-03,2023-07-04,PL-WEB-01,C003218,VM-BIK-0001,1,13073.94,0.0,PLN
SO-2023-007400,3,2023-07-03,2023-07-04,PL-WEB-01,C003218,VM-APP-0012,1,830.84,0.0,PLN
SO-2023-007401,1,2023-07-03,2023-07-07,PL-WEB-01,C001415,VM-NUT-0003,5,10.5,0.0,PLN
SO-2023-007401,2,2023-07-03,2023-07-07,PL-WEB-01,C001415,VM-ACC-0019,3,47.74,0.0,PLN
SO-2023-007401,3,2023-07-03,2023-07-07,PL-WEB-01,C001415,VM-APP-0013,1,420.19,0.0,PLN
SO-2023-007401,4,2023-07-03,2023-07-07,PL-WEB-01,C001415,VM-EBK-0008,1,14420.49,0.0,PLN
SO-2023-007402,1,2023-07-03,2023-07-05,PL-WEB-01,C003219,VM-CMP-0013,1,506.14,0.0,PLN
SO-2023-007402,2,2023-07-03,2023-07-05,PL-WEB-01,C003219,VM-BIK-0022,1,1336.99,0.1,PLN
SO-2023-007403,1,2023-07-03,2023-07-04,PL-WEB-01,C003220,VM-ACC-0020,1,773.54,0.0,PLN
SO-2023-007403,2,2023-07-03,2023-07-04,PL-WEB-01,C003220,VM-NUT-0009,2,81.17,0.0,PLN
SO-2023-007404,1,2023-07-03,2023-07-06,PL-WEB-01,C001046,VM-APP-0020,4,171.89,0.12,PLN
SO-2023-007405,1,2023-07-03,2023-07-04,PL-WEB-01,C002357,VM-ACC-0022,1,1499.34,0.0,PLN
SO-2023-007406,1,2023-07-03,2023-07-07,PL-WEB-01,C003221,VM-ACC-0008,2,381.99,0.0,PLN
SO-2023-007406,2,2023-07-03,2023-07-07,PL-WEB-01,C003221,VM-NUT-0004,4,6.68,0.05,PLN
SO-2023-007407,1,2023-07-03,2023-07-06,PL-WEB-01,C003222,VM-BIK-0011,5,8260.74,0.08,PLN
SO-2023-007407,2,2023-07-03,2023-07-06,PL-WEB-01,C003222,VM-BIK-0004,3,4077.84,0.08,PLN
SO-2023-007408,1,2023-07-03,2023-07-05,PL-WEB-01,C001669,VM-ACC-0008,2,381.99,0.0,PLN
SO-2023-007408,2,2023-07-03,2023-07-05,PL-WEB-01,C001669,VM-ACC-0004,1,744.89,0.0,PLN
SO-2023-007409,1,2023-07-03,2023-07-04,PL-WEB-01,C001533,VM-ACC-0003,1,276.94,0.0,PLN
SO-2023-007410,1,2023-07-03,2023-07-04,PL-WEB-01,C001466,VM-NUT-0003,13,10.5,0.05,PLN
SO-2023-007410,2,2023-07-03,2023-07-04,PL-WEB-01,C001466,VM-BIK-0016,1,3428.44,0.05,PLN
SO-2023-007410,3,2023-07-03,2023-07-04,PL-WEB-01,C001466,VM-CMP-0015,2,878.59,0.05,PLN
SO-2023-007410,4,2023-07-03,2023-07-04,PL-WEB-01,C001466,VM-BIK-0003,1,6245.69,0.05,PLN
SO-2023-007411,1,2023-07-03,2023-07-06,PL-MKT-01,C003223,VM-BIK-0008,1,5071.04,0.1,PLN
SO-2023-007411,2,2023-07-03,2023-07-06,PL-MKT-01,C003223,VM-ACC-0007,1,343.79,0.0,PLN
SO-2023-007412,1,2023-07-03,2023-07-04,PL-MKT-01,C003224,VM-CMP-0002,1,534.79,0.0,PLN
SO-2023-007413,1,2023-07-03,2023-07-05,PL-MKT-01,C001351,VM-NUT-0004,35,6.68,0.1,PLN
SO-2023-007413,2,2023-07-03,2023-07-05,PL-MKT-01,C001351,VM-BIK-0017,4,1824.04,0.12,PLN
SO-2023-007414,1,2023-07-03,2023-07-07,PL-MKT-01,C003225,VM-ACC-0023,1,888.14,0.0,PLN
SO-2023-007414,2,2023-07-03,2023-07-07,PL-MKT-01,C003225,VM-APP-0012,1,830.84,0.0,PLN
SO-2023-007414,3,2023-07-03,2023-07-07,PL-MKT-01,C003225,VM-APP-0013,1,420.19,0.0,PLN
SO-2023-007415,1,2023-07-03,2023-07-04,PL-MKT-01,C002471,VM-CMP-0013,2,506.14,0.0,PLN
SO-2023-007416,1,2023-07-03,2023-07-03,CZ-PRG-01,,VM-NUT-0005,9,45.0,0.0,CZK
SO-2023-007416,2,2023-07-03,2023-07-03,CZ-PRG-01,,VM-BIK-0020,1,6050.0,0.0,CZK
SO-2023-007416,3,2023-07-03,2023-07-03,CZ-PRG-01,,VM-BIK-0001,1,68450.0,0.0,CZK
SO-2023-007417,1,2023-07-03,2023-07-03,CZ-PRG-01,C003226, VM-CMP-0002 ,2,2800.0,0.0,CZK
SO-2023-007418,1,2023-07-03,2023-07-07,CZ-WEB-01,C002679,VM-NUT-0006,12,50.0,0.0,CZK
SO-2023-007418,2,2023-07-03,2023-07-07,CZ-WEB-01,C002679,VM-NUT-0003,11,55.0,0.0,CZK
SO-2023-007419,1,2023-07-03,2023-07-07,CZ-WEB-01,C003227,VM-BIK-0001,1,68450.0,0.0,CZK
SO-2023-007419,2,2023-07-03,2023-07-07,CZ-WEB-01,C003227,VM-ACC-0008,2,2000.0,0.0,CZK
SO-2023-007419,3,2023-07-03,2023-07-07,CZ-WEB-01,C003227,VM-BIK-0012,1,59050.0,0.0,CZK
SO-2023-007420,1,2023-07-03,2023-07-07,CZ-WEB-01,C003228,VM-BIK-0012,1,59050.0,0.0,CZK
SO-2023-007420,2,2023-07-03,2023-07-07,CZ-WEB-01,C003228,VM-ACC-0018,2,250.0,0.0,CZK
SO-2023-007421,1,2023-07-03,2023-07-06,CZ-WEB-01,C002616,VM-ACC-0008,2,2000.0,0.05,CZK
SO-2023-007422,1,2023-07-03,2023-07-06,CZ-WEB-01,C001694,VM-NUT-0005,6,45.0,0.0,CZK
SO-2023-007423,1,2023-07-03,2023-07-05,CZ-WEB-01,C001828,VM-BIK-0021,1,6250.0,0.0,CZK
SO-2023-007423,2,2023-07-03,2023-07-05,CZ-WEB-01,C001828,VM-BIK-0008,1,26550.0,0.0,CZK
SO-2023-007424,1,2023-07-03,2023-07-03,DE-BER-01,C000165,VM-APP-0018,1,27.31,0.0,EUR
SO-2023-007424,2,2023-07-03,2023-07-03,DE-BER-01,C000165,VM-ACC-0006,2,199.55,0.0,EUR
SO-2023-007424,3,2023-07-03,2023-07-03,DE-BER-01,C000165,VM-CMP-0018,1,13.02,0.0,EUR
SO-2023-007425,1,2023-07-03,2023-07-03,DE-BER-01,C001509,VM-NUT-0004,26,1.47,0.12,EUR
SO-2023-007425,2,2023-07-03,2023-07-03,DE-BER-01,C001509,VM-APP-0008,2,33.61,0.12,EUR
SO-2023-007426,1,2023-07-03,2023-07-03,DE-BER-01,C003229,VM-ACC-0015,1,73.52,0.05,EUR
SO-2023-007426,2,2023-07-03,2023-07-03,DE-BER-01,C003229,VM-NUT-0010,3,7.35,0.05,EUR
SO-2023-007426,3,2023-07-03,2023-07-03,DE-BER-01,C003229,VM-BIK-0009,1,1184.72,0.05,EUR
SO-2023-007427,1,2023-07-03,2023-07-03,DE-BER-01,,VM-BIK-0004,1,896.94,0.0,EUR
SO-2023-007427,2,2023-07-03,2023-07-03,DE-BER-01,,VM-ACC-0017,1,12.18,0.0,EUR
SO-2023-007428,1,2023-07-03,2023-07-07,DE-WEB-01,C003230,VM-BIK-0012,1,2480.76,0.05,EUR
SO-2023-007429,1,2023-07-03,2023-07-07,DE-WEB-01,C000123,VM-ACC-0021,1,163.84,0.0,EUR
SO-2023-007430,1,2023-07-03,2023-07-05,DE-WEB-01,C000149,VM-CMP-0017,1,105.03,0.0,EUR
SO-2023-007430,2,2023-07-03,2023-07-05,DE-WEB-01,C000149,VM-ACC-0008,2,84.02,0.0,EUR
SO-2023-007431,1,2023-07-04,2023-07-04,PL-WAW-01,C003231,VM-ACC-0014,1,105.04,0.0,PLN
SO-2023-007432,1,2023-07-04,2023-07-04,PL-WAW-01,C003232,VM-ACC-0021,1,744.89,0.0,PLN
SO-2023-007432,2,2023-07-04,2023-07-04,PL-WAW-01,C003232,VM-APP-0005,1,171.89,0.0,PLN
SO-2023-007432,3,2023-07-04,2023-07-04,PL-WAW-01,C003232,VM-CMP-0015,2,878.59,0.0,PLN
SO-2023-007432,4,2023-07-04,2023-07-04,PL-WAW-01,C003232,VM-BIK-0012,1,11278.54,0.0,PLN
SO-2023-007433,1,2023-07-04,2023-07-04,PL-WAW-01,C003233,VM-CMP-0017,6,477.49,0.12,PLN
SO-2023-007434,1,2023-07-04,2023-07-04,PL-WAW-01,C003234,VM-ACC-0022,1,1499.34,0.0,PLN
SO-2023-007435,1,2023-07-04,2023-07-04,PL-WAW-02,C003235,VM-BIK-0020,1,1155.54,0.0,PLN
SO-2023-007436,1,2023-07-04,2023-07-04,PL-WAW-02,C003236,VM-CMP-0010,2,372.44,0.0,PLN
SO-2023-007437,1,2023-07-04,2023-07-04,PL-WAW-02,C003237,VM-NUT-0010,4,33.42,0.0,PLN
SO-2023-007438,1,2023-07-04,2023-07-04,PL-KRK-01,,VM-ACC-0018,1,47.74,0.0,PLN
SO-2023-007438,2,2023-07-04,2023-07-04,PL-KRK-01,,VM-NUT-0009,3,81.17,0.0,PLN
SO-2023-007438,3,2023-07-04,2023-07-04,PL-KRK-01,,VM-APP-0006,1,296.04,0.0,PLN
SO-2023-007438,4,2023-07-04,2023-07-04,PL-KRK-01,,VM-ACC-0022,1,1499.34,0.0,PLN
SO-2023-007439,1,2023-07-04,2023-07-04,PL-KRK-01,C001844,VM-ACC-0013,1,162.34,0.0,PLN
SO-2023-007439,2,2023-07-04,2023-07-04,PL-KRK-01,C001844,VM-BIK-0021,1,1193.74,0.0,PLN
SO-2023-007439,3,2023-07-04,2023-07-04,PL-KRK-01,C001844,VM-BIK-0010,1,6035.59,0.0,PLN
SO-2023-007439,4,2023-07-04,2023-07-04,PL-KRK-01,C001844,VM-NUT-0001,11,8.59,0.0,PLN
SO-2023-007440,1,2023-07-04,2023-07-04,PL-KRK-01,C002023,VM-APP-0013,1,420.19,0.05,PLN
SO-2023-007441,1,2023-07-04,2023-07-04,PL-KRK-01,C003238,VM-CMP-0013,2,506.14,0.0,PLN
SO-2023-007442,1,2023-07-04,2023-07-04,PL-WRO-01,C001297,VM-EBK-0011,1,13981.19,0.0,PLN
SO-2023-007442,2,2023-07-04,2023-07-04,PL-WRO-01,C001297,VM-BIK-0022,1,1336.99,0.05,PLN
SO-2023-007443,1,2023-07-04,2023-07-04,PL-WRO-01,C003239,VM-BIK-0013,1,4583.99,0.0,PLN
SO-2023-007444,1,2023-07-04,2023-07-04,PL-WRO-01,,VM-APP-0020,1,171.89,0.0,PLN
SO-2023-007444,2,2023-07-04,2023-07-04,PL-WRO-01,,VM-ACC-0014,1,105.04,0.0,PLN
SO-2023-007444,3,2023-07-04,2023-07-04,PL-WRO-01,,VM-APP-0010,2,162.34,0.0,PLN
SO-2023-007445,1,2023-07-04,2023-07-04,PL-GDN-01,C003240,VM-NUT-0003,11,10.5,0.0,PLN
SO-2023-007446,1,2023-07-04,2023-07-04,PL-GDN-01,C003241,VM-APP-0018,1,124.14,0.0,PLN
SO-2023-007447,1,2023-07-04,2023-07-04,PL-GDN-01,C001900,VM-CMP-0014,2,410.64,0.0,PLN
SO-2023-007448,1,2023-07-04,2023-07-04,PL-POZ-01,C003242,VM-APP-0020,1,171.89,0.05,PLN
SO-2023-007448,2,2023-07-04,2023-07-04,PL-POZ-01,C003242,VM-BIK-0011,1,8260.74,0.05,PLN
SO-2023-007448,3,2023-07-04,2023-07-04,PL-POZ-01,C003242,VM-CMP-0015,1,878.59,0.05,PLN
SO-2023-007448,4,2023-07-04,2023-07-04,PL-POZ-01,C003242,VM-APP-0018,2,124.14,0.05,PLN
SO-2023-007449,1,2023-07-04,2023-07-04,PL-POZ-01,,VM-CMP-0010,2,372.44,0.0,PLN
SO-2023-007450,1,2023-07-04,2023-07-05,PL-WEB-01,C003147,VM-ACC-0007,1,343.79,0.0,PLN
SO-2023-007450,2,2023-07-04,2023-07-05,PL-WEB-01,C003147,VM-ACC-0022,1,1499.34,0.0,PLN
SO-2023-007450,3,2023-07-04,2023-07-05,PL-WEB-01,C003147,VM-ACC-0021,1,744.89,0.0,PLN
SO-2023-007451,1,2023-07-04,2023-07-07,PL-WEB-01,C000292,VM-BIK-0009,3,5386.19,0.08,PLN
SO-2023-007452,1,2023-07-04,2023-07-05,PL-WEB-01,C002593,VM-ACC-0021,1,744.89,0.05,PLN
SO-2023-007452,2,2023-07-04,2023-07-05,PL-WEB-01,C002593,VM-CMP-0008,2,420.19,0.05,PLN
SO-2023-007452,3,2023-07-04,2023-07-05,PL-WEB-01,C002593,VM-ACC-0013,1,162.34,0.05,PLN
SO-2023-007452,4,2023-07-04,2023-07-05,PL-WEB-01,C002593,VM-BIK-0017,1,1824.04,0.05,PLN
SO-2023-007453,1,2023-07-04,2023-07-05,PL-WEB-01,C002496,VM-ACC-0006,1,907.24,0.0,PLN
SO-2023-007453,2,2023-07-04,2023-07-05,PL-WEB-01,C002496,VM-NUT-0010,4,33.42,0.0,PLN
SO-2023-007454,1,2023-07-04,2023-07-07,PL-WEB-01,C002011,VM-ACC-0018,1,47.74,0.0,PLN
SO-2023-007455,1,2023-07-04,2023-07-07,PL-WEB-01,C001614,VM-ACC-0006,1,907.24,0.0,PLN
SO-2023-007455,2,2023-07-04,2023-07-07,PL-WEB-01,C001614,VM-BIK-0016,1,3428.44,0.0,PLN
SO-2023-007455,3,2023-07-04,2023-07-07,PL-WEB-01,C001614,VM-CMP-0009,2,334.24,0.0,PLN
SO-2023-007456,1,2023-07-04,2023-07-08,PL-WEB-01,C002721,VM-ACC-0003,1,276.94,0.0,PLN
SO-2023-007456,2,2023-07-04,2023-07-08,PL-WEB-01,C002721,VM-BIK-0009,1,5386.19,0.0,PLN
SO-2023-007456,3,2023-07-04,2023-07-08,PL-WEB-01,C002721,VM-APP-0018,1,124.14,0.0,PLN
SO-2023-007457,1,2023-07-04,2023-07-06,PL-WEB-01,C003243,VM-CMP-0019,1,200.54,0.0,PLN
SO-2023-007457,2,2023-07-04,2023-07-06,PL-WEB-01,C003243,VM-ACC-0015,1,334.24,0.0,PLN
SO-2023-007458,1,2023-07-04,2023-07-07,PL-WEB-01,C001862,VM-ACC-0008,2,381.99,0.05,PLN
SO-2023-007459,1,2023-07-04,2023-07-08,PL-MKT-01,C003244,VM-NUT-0006,3,9.54,0.0,PLN
SO-2023-007460,1,2023-07-04,2023-07-07,PL-MKT-01,C000727,VM-CMP-0012,2,515.69,0.0,PLN
SO-2023-007461,1,2023-07-04,2023-07-08,PL-MKT-01,C003245,VM-ACC-0014,1,105.04,0.0,PLN
SO-2023-007462,1,2023-07-04,2023-07-06,PL-MKT-01,C003246,VM-BIK-0003,1,6245.69,0.05,PLN
SO-2023-007463,1,2023-07-04,2023-07-08,PL-MKT-01,C003247,VM-EBK-0007,1,14038.49,0.0,PLN
SO-2023-007463,2,2023-07-04,2023-07-08,PL-MKT-01,C003247,VM-NUT-0007,10,12.41,0.0,PLN
SO-2023-007463,3,2023-07-04,2023-07-08,PL-MKT-01,C003247,vm-app-0003,2,296.04,0.0,PLN
SO-2023-007463,4,2023-07-04,2023-07-08,PL-MKT-01,C003247,VM-ACC-0007,1,343.79,0.1,PLN
SO-2023-007464,1,2023-07-04,2023-07-05,PL-MKT-01,C003248,VM-CMP-0001,3,381.99,0.12,PLN
SO-2023-007464,2,2023-07-04,2023-07-05,PL-MKT-01,C003248,VM-BIK-0020,2,1155.54,0.12,PLN
SO-2023-007465,1,2023-07-04,2023-07-07,PL-MKT-01,C003249,VM-CMP-0016,1,2349.29,0.0,PLN
SO-2023-007465,2,2023-07-04,2023-07-07,PL-MKT-01,C003249,VM-BIK-0018,1,2291.99,0.0,PLN
SO-2023-007465,3,2023-07-04,2023-07-07,PL-MKT-01,C003249,VM-CMP-0013,2,506.14,0.0,PLN
SO-2023-007465,4,2023-07-04,2023-07-07,PL-MKT-01,C003249,VM-ACC-0014,1,105.04,0.0,PLN
SO-2023-007466,1,2023-07-04,2023-07-04,CZ-PRG-01,,VM-CMP-0006,1,1000.0,0.0,CZK
SO-2023-007466,2,2023-07-04,2023-07-04,CZ-PRG-01,,VM-ACC-0014,1,550.0,0.0,CZK
SO-2023-007467,1,2023-07-04,2023-07-04,CZ-PRG-01,,VM-ACC-0018,2,250.0,0.0,CZK
SO-2023-007468,1,2023-07-04,2023-07-04,CZ-PRG-01,C001324, VM-ACC-0018 ,2,250.0,0.0,CZK
SO-2023-007468,2,2023-07-04,2023-07-04,CZ-PRG-01,C001324,VM-ACC-0022,1,7850.0,0.0,CZK
SO-2023-007469,1,2023-07-04,2023-07-04,CZ-PRG-01,,VM-ACC-0011,1,360.0,0.0,CZK
SO-2023-007469,2,2023-07-04,2023-07-04,CZ-PRG-01,,VM-EBK-0001,1,38350.0,0.0,CZK
SO-2023-007470,1,2023-07-04,2023-07-08,CZ-WEB-01,C000616,VM-ACC-0008,1,2000.0,0.0,CZK
SO-2023-007470,2,2023-07-04,2023-07-08,CZ-WEB-01,C000616,VM-NUT-0004,14,35.0,0.0,CZK
SO-2023-007471,1,2023-07-04,2023-07-06,CZ-WEB-01,C003250,VM-ACC-0001,2,1900.0,0.0,CZK
SO-2023-007471,2,2023-07-04,2023-07-06,CZ-WEB-01,C003250,VM-ACC-0017,3,290.0,0.0,CZK
SO-2023-007471,3,2023-07-04,2023-07-06,CZ-WEB-01,C003250,VM-ACC-0014,1,550.0,0.0,CZK
SO-2023-007472,1,2023-07-04,2023-07-05,CZ-WEB-01,C003251,VM-NUT-0010,4,175.0,0.0,CZK
SO-2023-007472,2,2023-07-04,2023-07-05,CZ-WEB-01,C003251,VM-ACC-0002,2,3050.0,0.0,CZK
SO-2023-007472,3,2023-07-04,2023-07-05,CZ-WEB-01,C003251,VM-ACC-0004,2,3900.0,0.0,CZK
SO-2023-007472,4,2023-07-04,2023-07-05,CZ-WEB-01,C003251,VM-ACC-0008,1,2000.0,0.0,CZK
SO-2023-007473,1,2023-07-04,2023-07-04,DE-BER-01,C003252,VM-ACC-0007,2,75.62,0.0,EUR
SO-2023-007473,2,2023-07-04,2023-07-04,DE-BER-01,C003252,VM-APP-0006,1,65.12,0.0,EUR
SO-2023-007474,1,2023-07-04,2023-07-07,DE-WEB-01,C000739,vm-acc-0018,2,10.5,0.0,EUR
SO-2023-007474,2,2023-07-04,2023-07-07,DE-WEB-01,C000739,VM-NUT-0002,8,3.15,0.0,EUR
SO-2023-007475,1,2023-07-04,2023-07-07,DE-WEB-01,C001833,VM-BIK-0007,2,1480.89,0.12,EUR
SO-2023-007476,1,2023-07-05,2023-07-05,PL-WAW-01,C002226,VM-EBK-0008,1,14420.49,0.0,PLN
SO-2023-007476,2,2023-07-05,2023-07-05,PL-WAW-01,C002226,VM-CMP-0015,1,878.59,0.0,PLN
SO-2023-007477,1,2023-07-05,2023-07-05,PL-WAW-01,C000274,VM-ACC-0002,2,582.54,0.0,PLN
SO-2023-007478,1,2023-07-05,2023-07-05,PL-WAW-01,C003253,VM-BIK-0012,1,11278.54,0.05,PLN
SO-2023-007478,2,2023-07-05,2023-07-05,PL-WAW-01,C003253,VM-APP-0002,3,420.19,0.05,PLN
SO-2023-007478,3,2023-07-05,2023-07-05,PL-WAW-01,C003253,VM-ACC-0008,2,381.99,0.05,PLN
SO-2023-007479,1,2023-07-05,2023-07-05,PL-WAW-01,, VM-CMP-0008 ,1,420.19,0.0,PLN
SO-2023-007479,2,2023-07-05,2023-07-05,PL-WAW-01,,VM-BIK-0004,1,4077.84,0.0,PLN
SO-2023-007480,1,2023-07-05,2023-07-05,PL-WAW-01,C002568,VM-APP-0002,3,420.19,0.05,PLN
SO-2023-007480,2,2023-07-05,2023-07-05,PL-WAW-01,C002568,VM-APP-0020,2,171.89,0.05,PLN
SO-2023-007481,1,2023-07-05,2023-07-05,PL-WAW-01,C002841,VM-BIK-0009,1,5386.19,0.0,PLN
SO-2023-007481,2,2023-07-05,2023-07-05,PL-WAW-01,C002841,VM-APP-0002,2,420.19,0.0,PLN
SO-2023-007481,3,2023-07-05,2023-07-05,PL-WAW-01,C002841,VM-APP-0007,1,152.79,0.0,PLN
SO-2023-007482,1,2023-07-05,2023-07-05,PL-WAW-01,,VM-BIK-0007,1,6732.74,0.0,PLN
SO-2023-007482,2,2023-07-05,2023-07-05,PL-WAW-01,,VM-ACC-0018,3,47.74,0.0,PLN
SO-2023-007483,1,2023-07-05,2023-07-05,PL-WAW-01,,VM-NUT-0009,3,81.17,0.0,PLN
SO-2023-007483,2,2023-07-05,2023-07-05,PL-WAW-01,,VM-CMP-0014,1,410.64,0.0,PLN
SO-2023-007483,3,2023-07-05,2023-07-05,PL-WAW-01,,VM-BIK-0019,1,1155.54,0.0,PLN
SO-2023-007484,1,2023-07-05,2023-07-05,PL-WAW-01,C002674,VM-CMP-0012,2,515.69,0.05,PLN
SO-2023-007485,1,2023-07-05,2023-07-05,PL-WAW-02,,VM-NUT-0002,14,14.32,0.0,PLN
SO-2023-007486,1,2023-07-05,2023-07-05,PL-WAW-02,,VM-CMP-0013,1,506.14,0.0,PLN
SO-2023-007487,1,2023-07-05,2023-07-05,PL-WAW-02,C001744,VM-BIK-0018,1,2291.99,0.0,PLN
SO-2023-007487,2,2023-07-05,2023-07-05,PL-WAW-02,C001744,VM-NUT-0004,11,6.68,0.0,PLN
SO-2023-007487,3,2023-07-05,2023-07-05,PL-WAW-02,C001744,VM-ACC-0003,1,276.94,0.0,PLN
SO-2023-007488,1,2023-07-05,2023-07-05,PL-KRK-01,C002962,VM-BIK-0018,1,2291.99,0.0,PLN
SO-2023-007488,2,2023-07-05,2023-07-05,PL-KRK-01,C002962,VM-ACC-0007,1,343.79,0.0,PLN
SO-2023-007488,3,2023-07-05,2023-07-05,PL-KRK-01,C002962,VM-APP-0017,1,181.44,0.0,PLN
SO-2023-007489,1,2023-07-05,2023-07-05,PL-KRK-01,,VM-NUT-0010,4,33.42,0.0,PLN
SO-2023-007490,1,2023-07-05,2023-07-05,PL-KRK-01,,VM-ACC-0008,2,381.99,0.0,PLN
SO-2023-007490,2,2023-07-05,2023-07-05,PL-KRK-01,,VM-BIK-0019,1,1155.54,0.0,PLN
SO-2023-007491,1,2023-07-05,2023-07-05,PL-KRK-01,,VM-NUT-0004,5,6.68,0.0,PLN
SO-2023-007491,2,2023-07-05,2023-07-05,PL-KRK-01,,VM-CMP-0003,2,229.19,0.0,PLN
SO-2023-007492,1,2023-07-05,2023-07-05,PL-WRO-01,C000919,VM-NUT-0004,12,6.68,0.0,PLN
SO-2023-007493,1,2023-07-05,2023-07-05,PL-GDN-01,,VM-EBK-0008,1,14420.49,0.0,PLN
SO-2023-007494,1,2023-07-05,2023-07-05,PL-GDN-01,C002273,VM-NUT-0004,3,6.68,0.0,PLN
SO-2023-007495,1,2023-07-05,2023-07-05,PL-GDN-01,,VM-APP-0001,2,439.29,0.0,PLN
SO-2023-007495,2,2023-07-05,2023-07-05,PL-GDN-01,,VM-ACC-0008,1,381.99,0.0,PLN
SO-2023-007496,1,2023-07-05,2023-07-05,PL-GDN-01,C001091,VM-ACC-0019,2,47.74,0.05,PLN
SO-2023-007497,1,2023-07-05,2023-07-05,PL-POZ-01,C002563,VM-NUT-0006,5,9.54,0.0,PLN
SO-2023-007498,1,2023-07-05,2023-07-05,PL-POZ-01,C003254,VM-CMP-0013,1,506.14,0.0,PLN
SO-2023-007499,1,2023-07-05,2023-07-05,PL-POZ-01,,VM-APP-0017,1,181.44,0.0,PLN
SO-2023-007499,2,2023-07-05,2023-07-05,PL-POZ-01,,VM-CMP-0009,2,334.24,0.0,PLN
SO-2023-007499,3,2023-07-05,2023-07-05,PL-POZ-01,,VM-APP-0005,1,171.89,0.0,PLN
SO-2023-007500,1,2023-07-05,2023-07-06,PL-WEB-01,C003255,VM-APP-0019,2,63.02,0.0,PLN
SO-2023-007500,2,2023-07-05,2023-07-06,PL-WEB-01,C003255,VM-CMP-0022,1,34.37,0.0,PLN
SO-2023-007501,1,2023-07-05,2023-07-09,PL-WEB-01,C003256,VM-APP-0001,1,439.29,0.0,PLN
SO-2023-007502,1,2023-07-05,2023-07-09,PL-WEB-01,C003257,VM-CMP-0017,1,477.49,0.0,PLN
SO-2023-007503,1,2023-07-05,2023-07-07,PL-WEB-01,C001351,VM-BIK-0006,4,6293.44,0.08,PLN
SO-2023-007504,1,2023-07-05,2023-07-06,PL-WEB-01,C003258,VM-CMP-0015,1,878.59,0.0,PLN
SO-2023-007504,2,2023-07-05,2023-07-06,PL-WEB-01,C003258,VM-NUT-0006,9,9.54,0.0,PLN
SO-2023-007504,3,2023-07-05,2023-07-06,PL-WEB-01,C003258,VM-EBK-0011,1,13981.19,0.0,PLN
SO-2023-007505,1,2023-07-05,2023-07-09,PL-WEB-01,C003259,VM-ACC-0006,1,907.24,0.0,PLN
SO-2023-007506,1,2023-07-05,2023-07-09,PL-WEB-01,C000724,VM-CMP-0001,2,381.99,0.0,PLN
SO-2023-007507,1,2023-07-05,2023-07-07,PL-WEB-01,C000005,VM-ACC-0008,2,381.99,0.05,PLN
SO-2023-007508,1,2023-07-05,2023-07-07,PL-WEB-01,C001744,VM-BIK-0001,1,13073.94,0.0,PLN
SO-2023-007509,1,2023-07-05,2023-07-06,PL-WEB-01,C000932,VM-EBK-0003,1,8680.94,0.05,PLN
SO-2023-007510,1,2023-07-05,2023-07-08,PL-WEB-01,C003260,VM-BIK-0004,1,4077.84,0.0,PLN
SO-2023-007510,2,2023-07-05,2023-07-08,PL-WEB-01,C003260,VM-CMP-0018,4,59.2,0.0,PLN
SO-2023-007510,3,2023-07-05,2023-07-08,PL-WEB-01,C003260,VM-NUT-0006,12,9.54,0.0,PLN
SO-2023-007511,1,2023-07-05,2023-07-06,PL-WEB-01,C001841,VM-APP-0015,1,544.34,0.0,PLN
SO-2023-007512,1,2023-07-05,2023-07-08,PL-WEB-01,C003261,VM-EBK-0003,1,8680.94,0.0,PLN
SO-2023-007513,1,2023-07-05,2023-07-07,PL-WEB-01,C003262,VM-BIK-0013,1,4583.99,0.0,PLN
SO-2023-007514,1,2023-07-05,2023-07-07,PL-MKT-01,C003263,VM-ACC-0013,1,162.34,0.0,PLN
SO-2023-007515,1,2023-07-05,2023-07-09,PL-MKT-01,C003264,VM-NUT-0009,1,81.17,0.0,PLN
SO-2023-007516,1,2023-07-05,2023-07-05,CZ-PRG-01,C003265,VM-BIK-0008,1,26550.0,0.05,CZK
SO-2023-007517,1,2023-07-05,2023-07-05,CZ-PRG-01,C002551,VM-EBK-0003,2,45450.0,0.12,CZK
SO-2023-007517,2,2023-07-05,2023-07-05,CZ-PRG-01,C002551,VM-ACC-0001,4,1900.0,0.12,CZK
SO-2023-007518,1,2023-07-05,2023-07-05,CZ-PRG-01,C002683,VM-NUT-0007,7,65.0,0.0,CZK
SO-2023-007519,1,2023-07-05,2023-07-06,CZ-WEB-01,C003266,VM-CMP-0009,1,1750.0,0.0,CZK
SO-2023-007519,2,2023-07-05,2023-07-06,CZ-WEB-01,C003266,VM-ACC-0009,1,2000.0,0.0,CZK
SO-2023-007520,1,2023-07-05,2023-07-07,CZ-WEB-01,C000488,VM-ACC-0007,2,1800.0,0.05,CZK
SO-2023-007520,2,2023-07-05,2023-07-07,CZ-WEB-01,C000488,VM-BIK-0012,1,59050.0,0.05,CZK
SO-2023-007521,1,2023-07-05,2023-07-07,DE-WEB-01,C003267,VM-NUT-0002,14,3.15,0.0,EUR
SO-2023-007522,1,2023-07-05,2023-07-08,DE-WEB-01,C001587,VM-APP-0005,3,37.81,0.0,EUR
SO-2023-007522,2,2023-07-05,2023-07-08,DE-WEB-01,C001587,VM-EBK-0009,1,2081.66,0.0,EUR
SO-2023-007522,3,2023-07-05,2023-07-08,DE-WEB-01,C001587,VM-APP-0012,1,182.75,0.0,EUR
SO-2023-007523,1,2023-07-05,2023-07-07,DE-WEB-01,C003268,VM-CMP-0016,1,516.74,0.0,EUR
SO-2023-007524,1,2023-07-05,2023-07-07,DE-WEB-01,C001967,VM-NUT-0005,9,1.89,0.0,EUR
SO-2023-007525,1,2023-07-05,2023-07-09,DE-WEB-01,C003269,vm-acc-0012,1,15.12,0.0,EUR
SO-2023-007525,2,2023-07-05,2023-07-09,DE-WEB-01,C003269,VM-BIK-0010,1,1327.55,0.05,EUR
SO-2023-007526,1,2023-07-05,2023-07-07,DE-WEB-01,C001773,VM-CMP-0011,2,33.61,0.0,EUR
SO-2023-007527,1,2023-07-05,2023-07-07,DE-WEB-01,C003270,VM-NUT-0006,10,2.1,0.0,EUR
SO-2023-007527,2,2023-07-05,2023-07-07,DE-WEB-01,C003270,VM-EBK-0009,1,2081.66,0.0,EUR
SO-2023-007527,3,2023-07-05,2023-07-07,DE-WEB-01,C003270,VM-ACC-0021,1,163.84,0.0,EUR
SO-2023-007528,1,2023-07-05,2023-07-09,DE-WEB-01,C003271,VM-BIK-0013,1,1008.27,0.0,EUR
SO-2023-007528,2,2023-07-05,2023-07-09,DE-WEB-01,C003271,VM-ACC-0015,1,73.52,0.0,EUR
SO-2023-007528,3,2023-07-05,2023-07-09,DE-WEB-01,C003271,VM-APP-0005,2,37.81,0.0,EUR
SO-2023-007528,4,2023-07-05,2023-07-09,DE-WEB-01,C003271,VM-ACC-0013,1,35.71,0.05,EUR
SO-TEST-0014,1,2023-07-05,2023-07-05,TEST-01,TEST-QA,VM-BIK-0004,1,1.0,0.0,PLN
SO-2023-007529,1,2023-07-06,2023-07-06,PL-WAW-01,,VM-NUT-0011,1,51.56,0.05,PLN
SO-2023-007530,1,2023-07-06,2023-07-06,PL-WAW-01,C003272,VM-ACC-0003,1,276.94,0.0,PLN
SO-2023-007531,1,2023-07-06,2023-07-06,PL-WAW-02,C003061,VM-EBK-0003,1,8680.94,0.0,PLN
SO-2023-007531,2,2023-07-06,2023-07-06,PL-WAW-02,C003061,VM-APP-0002,1,420.19,0.05,PLN
SO-2023-007532,1,2023-07-06,2023-07-06,PL-WAW-02,,VM-ACC-0003,2,276.94,0.0,PLN
SO-2023-007532,2,2023-07-06,2023-07-06,PL-WAW-02,,VM-BIK-0005,1,7076.54,0.05,PLN
SO-2023-007532,3,2023-07-06,2023-07-06,PL-WAW-02,,VM-BIK-0012,1,11278.54,0.1,PLN
SO-2023-007533,1,2023-07-06,2023-07-06,PL-WAW-02,,VM-APP-0015,1,544.34,0.0,PLN
SO-2023-007533,2,2023-07-06,2023-07-06,PL-WAW-02,,VM-ACC-0009,2,381.99,0.0,PLN
SO-2023-007534,1,2023-07-06,2023-07-06,PL-KRK-01,C001727,VM-CMP-0006,1,190.99,0.0,PLN
SO-2023-007534,2,2023-07-06,2023-07-06,PL-KRK-01,C001727,VM-BIK-0012,1,11278.54,0.0,PLN
SO-2023-007535,1,2023-07-06,2023-07-06,PL-KRK-01,C003273,VM-CMP-0009,2,334.24,0.0,PLN
SO-2023-007536,1,2023-07-06,2023-07-06,PL-KRK-01,,VM-NUT-0009,4,81.17,0.0,PLN
SO-2023-007537,1,2023-07-06,2023-07-06,PL-KRK-01,C003274,VM-NUT-0001,8,8.59,0.05,PLN
SO-2023-007537,2,2023-07-06,2023-07-06,PL-KRK-01,C003274,VM-BIK-0001,1,13073.94,0.05,PLN
SO-2023-007538,1,2023-07-06,2023-07-06,PL-KRK-01,,VM-ACC-0008,1,381.99,0.1,PLN
SO-2023-007539,1,2023-07-06,2023-07-06,PL-KRK-01,C003275,VM-BIK-0001,1,13073.94,0.0,PLN
SO-2023-007540,1,2023-07-06,2023-07-06,PL-KRK-01,,VM-EBK-0011,1,13981.19,0.0,PLN
SO-2023-007540,2,2023-07-06,2023-07-06,PL-KRK-01,,VM-ACC-0012,1,68.75,0.0,PLN
SO-2023-007541,1,2023-07-06,2023-07-06,PL-WRO-01,C003276,VM-ACC-0008,2,381.99,0.0,PLN
SO-2023-007542,1,2023-07-06,2023-07-06,PL-WRO-01,C002042,VM-ACC-0021,1,744.89,0.0,PLN
SO-2023-007542,2,2023-07-06,2023-07-06,PL-WRO-01,C002042,VM-ACC-0001,1,362.89,0.0,PLN
SO-2023-007543,1,2023-07-06,2023-07-06,PL-WRO-01,C003277,VM-ACC-0004,2,744.89,0.0,PLN
SO-2023-007544,1,2023-07-06,2023-07-06,PL-WRO-01,C003278,VM-APP-0014,1,467.94,0.05,PLN
SO-2023-007545,1,2023-07-06,2023-07-06,PL-GDN-01,,VM-APP-0003,2,296.04,0.0,PLN
SO-2023-007546,1,2023-07-06,2023-07-06,PL-GDN-01,,VM-NUT-0001,5,8.59,0.0,PLN
SO-2023-007547,1,2023-07-06,2023-07-06,PL-POZ-01,C002211,VM-NUT-0002,3,14.32,0.0,PLN
SO-2023-007548,1,2023-07-06,2023-07-09,PL-WEB-01,C003279,VM-NUT-0004,13,6.68,0.0,PLN
SO-2023-007549,1,2023-07-06,2023-07-07,PL-WEB-01,C000677,VM-ACC-0011,1,68.75,0.0,PLN
SO-2023-007549,2,2023-07-06,2023-07-07,PL-WEB-01,C000677,VM-ACC-0008,1,381.99,0.0,PLN
SO-2023-007550,1,2023-07-06,2023-07-08,PL-WEB-01,C003280,VM-EBK-0009,1,9464.04,0.0,PLN
SO-2023-007550,2,2023-07-06,2023-07-08,PL-WEB-01,C003280,VM-ACC-0008,1,381.99,0.0,PLN
SO-2023-007550,3,2023-07-06,2023-07-08,PL-WEB-01,C003280,VM-ACC-0001,2,362.89,0.0,PLN
SO-2023-007551,1,2023-07-06,2023-07-08,PL-WEB-01,C003281,VM-APP-0010,2,162.34,0.0,PLN
SO-2023-007552,1,2023-07-06,2023-07-07,PL-WEB-01,C003282,VM-ACC-0008,2,381.99,0.05,PLN
SO-2023-007553,1,2023-07-06,2023-07-07,PL-WEB-01,C001971,VM-ACC-0008,1,381.99,0.0,PLN
SO-2023-007554,1,2023-07-06,2023-07-07,PL-WEB-01,C003283,VM-APP-0006,1,296.04,0.0,PLN
SO-2023-007554,2,2023-07-06,2023-07-07,PL-WEB-01,C003283,VM-ACC-0020,1,773.54,0.0,PLN
SO-2023-007555,1,2023-07-06,2023-07-08,PL-WEB-01,C001170,VM-ACC-0004,2,744.89,0.0,PLN
SO-2023-007555,2,2023-07-06,2023-07-08,PL-WEB-01,C001170,VM-BIK-0012,1,11278.54,0.0,PLN
SO-2023-007556,1,2023-07-06,2023-07-08,PL-WEB-01,C003284,VM-APP-0010,2,162.34,0.0,PLN
SO-2023-007557,1,2023-07-06,2023-07-07,PL-WEB-01,C003004,VM-APP-0001,3,439.29,0.0,PLN
SO-2023-007558,1,2023-07-06,2023-07-07,PL-WEB-01,C002759,VM-NUT-0004,4,6.68,0.05,PLN
SO-2023-007558,2,2023-07-06,2023-07-07,PL-WEB-01,C002759,VM-BIK-0009,1,5386.19,0.05,PLN
SO-2023-007559,1,2023-07-06,2023-07-08,PL-WEB-01,C003285,VM-NUT-0003,3,10.5,0.0,PLN
SO-2023-007560,1,2023-07-06,2023-07-09,PL-MKT-01,C002323,VM-NUT-0011,2,51.56,0.0,PLN
SO-2023-007561,1,2023-07-06,2023-07-09,PL-MKT-01,C003286,VM-BIK-0007,1,6732.74,0.05,PLN
SO-2023-007562,1,2023-07-06,2023-07-08,PL-MKT-01,C003287,VM-CMP-0010,2,372.44,0.05,PLN
SO-2023-007563,1,2023-07-06,2023-07-08,PL-MKT-01,C002218,VM-EBK-0011,1,13981.19,0.0,PLN
SO-2023-007563,2,2023-07-06,2023-07-08,PL-MKT-01,C002218,VM-ACC-0021,1,744.89,0.0,PLN
SO-2023-007564,1,2023-07-06,2023-07-07,PL-MKT-01,C000422,VM-EBK-0003,1,8680.94,0.05,PLN
SO-2023-007564,2,2023-07-06,2023-07-07,PL-MKT-01,C000422,VM-ACC-0018,3,47.74,0.05,PLN
SO-2023-007564,3,2023-07-06,2023-07-07,PL-MKT-01,C000422,VM-ACC-0007,1,343.79,0.0,PLN
SO-2023-007565,1,2023-07-06,2023-07-06,CZ-PRG-01,C003288,VM-ACC-0010,2,1250.0,0.0,CZK
SO-2023-007566,1,2023-07-06,2023-07-09,CZ-WEB-01,C003289,vm-app-0010,1,850.0,0.0,CZK
SO-2023-007566,2,2023-07-06,2023-07-09,CZ-WEB-01,C003289,VM-CMP-0007,2,3150.0,0.0,CZK
SO-2023-007567,1,2023-07-06,2023-07-07,CZ-WEB-01,C003290,VM-BIK-0002,1,48150.0,0.0,CZK
SO-2023-007567,2,2023-07-06,2023-07-07,CZ-WEB-01,C003290,VM-ACC-0008,1,2000.0,0.0,CZK
SO-2023-007567,3,2023-07-06,2023-07-07,CZ-WEB-01,C003290,VM-BIK-0004,1,21350.0,0.0,CZK
SO-2023-007568,1,2023-07-06,2023-07-07,CZ-WEB-01,C003291,VM-NUT-0004,7,35.0,0.0,CZK
SO-2023-007568,2,2023-07-06,2023-07-07,CZ-WEB-01,C003291,VM-EBK-0003,1,45450.0,0.0,CZK
SO-2023-007569,1,2023-07-06,2023-07-06,DE-BER-01,C003292,VM-APP-0006,2,65.12,0.0,EUR
SO-2023-007569,2,2023-07-06,2023-07-06,DE-BER-01,C003292,VM-EBK-0003,1,1909.41,0.0,EUR
SO-2023-007570,1,2023-07-06,2023-07-06,DE-BER-01,C003293,VM-NUT-0009,3,17.85,0.05,EUR
SO-2023-007571,1,2023-07-06,2023-07-06,DE-BER-01,,VM-NUT-0001,8,1.89,0.0,EUR
SO-2023-007571,2,2023-07-06,2023-07-06,DE-BER-01,,VM-APP-0017,2,39.91,0.0,EUR
SO-2023-007571,3,2023-07-06,2023-07-06,DE-BER-01,,VM-CMP-0006,1,42.01,0.0,EUR
SO-2023-007571,4,2023-07-06,2023-07-06,DE-BER-01,,VM-BIK-0021,1,262.57,0.0,EUR
SO-2023-007572,1,2023-07-06,2023-07-09,DE-WEB-01,C000675,VM-CMP-0023,4,12.39,0.05,EUR
SO-2023-007572,2,2023-07-06,2023-07-09,DE-WEB-01,C000675,VM-NUT-0004,8,1.47,0.05,EUR
SO-2023-007573,1,2023-07-06,2023-07-07,DE-WEB-01,C003294,VM-ACC-0001,1,79.82,0.0,EUR
SO-2023-007574,1,2023-07-07,2023-07-07,PL-WAW-01,C000720,VM-NUT-0009,4,81.17,0.0,PLN
SO-2023-007575,1,2023-07-07,2023-07-07,PL-WAW-01,C003295,VM-BIK-0008,1,5071.04,0.0,PLN
SO-2023-007575,2,2023-07-07,2023-07-07,PL-WAW-01,C003295,VM-ACC-0003,2,276.94,0.0,PLN
SO-2023-007576,1,2023-07-07,2023-07-07,PL-WAW-01,C003296,VM-NUT-0007,8,12.41,0.0,PLN
SO-2023-007577,1,2023-07-07,2023-07-07,PL-WAW-01,C001976,VM-BIK-0012,1,11278.54,0.0,PLN
SO-2023-007577,2,2023-07-07,2023-07-07,PL-WAW-01,C001976,VM-ACC-0008,2,381.99,0.0,PLN
SO-2023-007577,3,2023-07-07,2023-07-07,PL-WAW-01,C001976,VM-CMP-0010,2,372.44,0.0,PLN
SO-2023-007578,1,2023-07-07,2023-07-07,PL-WAW-01,C002721,VM-CMP-0016,2,2349.29,0.0,PLN
SO-2023-007578,2,2023-07-07,2023-07-07,PL-WAW-01,C002721,VM-ACC-0013,1,162.34,0.0,PLN
SO-2023-007578,3,2023-07-07,2023-07-07,PL-WAW-01,C002721,VM-ACC-0023,1,888.14,0.05,PLN
SO-2023-007578,4,2023-07-07,2023-07-07,PL-WAW-01,C002721, VM-ACC-0003 ,2,276.94,0.0,PLN
SO-2023-007579,1,2023-07-07,2023-07-07,PL-WAW-02,C002030,VM-NUT-0009,4,81.17,0.0,PLN
SO-2023-007579,2,2023-07-07,2023-07-07,PL-WAW-02,C002030,VM-BIK-0020,1,1155.54,0.0,PLN
SO-2023-007579,3,2023-07-07,2023-07-07,PL-WAW-02,C002030,VM-ACC-0008,2,381.99,0.0,PLN
SO-2023-007580,1,2023-07-07,2023-07-07,PL-WAW-02,C003297,VM-ACC-0003,2,276.94,0.0,PLN
SO-2023-007581,1,2023-07-07,2023-07-07,PL-KRK-01,,VM-BIK-0008,1,5071.04,0.0,PLN
SO-2023-007582,1,2023-07-07,2023-07-07,PL-KRK-01,C003298,VM-APP-0001,1,439.29,0.0,PLN
SO-2023-007583,1,2023-07-07,2023-07-07,PL-KRK-01,,VM-BIK-0003,1,6245.69,0.0,PLN
SO-2023-007583,2,2023-07-07,2023-07-07,PL-KRK-01,,VM-ACC-0013,1,162.34,0.0,PLN
SO-2023-007584,1,2023-07-07,2023-07-07,PL-KRK-01,,VM-BIK-0014,1,3657.64,0.0,PLN
SO-2023-007585,1,2023-07-07,2023-07-07,PL-KRK-01,C003299,VM-ACC-0008,1,381.99,0.05,PLN
SO-2023-007586,1,2023-07-07,2023-07-07,PL-WRO-01,C002003,VM-CMP-0010,2,372.44,0.0,PLN
SO-2023-007586,2,2023-07-07,2023-07-07,PL-WRO-01,C002003,VM-ACC-0003,1,276.94,0.0,PLN
SO-2023-007587,1,2023-07-07,2023-07-07,PL-GDN-01,C001497,VM-EBK-0008,1,14420.49,0.0,PLN
SO-2023-007588,1,2023-07-07,2023-07-07,PL-GDN-01,C002149,VM-APP-0004,3,229.19,0.0,PLN
SO-2023-007588,2,2023-07-07,2023-07-07,PL-GDN-01,C002149, VM-BIK-0005 ,1,7076.54,0.0,PLN
SO-2023-007589,1,2023-07-07,2023-07-07,PL-GDN-01,C002104,VM-CMP-0020,1,248.29,0.0,PLN
SO-2023-007590,1,2023-07-07,2023-07-07,PL-GDN-01,C003300,VM-ACC-0014,1,105.04,0.0,PLN
SO-2023-007590,2,2023-07-07,2023-07-07,PL-GDN-01,C003300,VM-CMP-0009,1,334.24,0.0,PLN
SO-2023-007591,1,2023-07-07,2023-07-07,PL-POZ-01,C000080,VM-ACC-0008,5,381.99,0.08,PLN
SO-2023-007591,2,2023-07-07,2023-07-07,PL-POZ-01,C000080,VM-EBK-0010,3,12882.94,0.1,PLN
SO-2023-007592,1,2023-07-07,2023-07-08,PL-WEB-01,C001092,VM-APP-0017,10,181.44,0.08,PLN
SO-2023-007592,2,2023-07-07,2023-07-08,PL-WEB-01,C001092,VM-ACC-0012,4,68.75,0.12,PLN
SO-2023-007593,1,2023-07-07,2023-07-11,PL-WEB-01,C003301,VM-EBK-0003,1,8680.94,0.0,PLN
SO-2023-007594,1,2023-07-07,2023-07-10,PL-WEB-01,C003302,VM-BIK-0013,1,4583.99,0.0,PLN
SO-2023-007595,1,2023-07-07,2023-07-08,PL-WEB-01,C002258,VM-NUT-0006,3,9.54,0.0,PLN
SO-2023-007595,2,2023-07-07,2023-07-08,PL-WEB-01,C002258,VM-CMP-0009,1,334.24,0.05,PLN
SO-2023-007595,3,2023-07-07,2023-07-08,PL-WEB-01,C002258,VM-ACC-0007,1,343.79,0.0,PLN
SO-2023-007596,1,2023-07-07,2023-07-11,PL-WEB-01,C000840,VM-CMP-0017,1,477.49,0.1,PLN
SO-2023-007597,1,2023-07-07,2023-07-08,PL-WEB-01,C002985,VM-ACC-0007,2,343.79,0.0,PLN
SO-2023-007598,1,2023-07-07,2023-07-11,PL-WEB-01,C002535,VM-ACC-0020,4,773.54,0.1,PLN
SO-2023-007599,1,2023-07-07,2023-07-09,PL-WEB-01,C000198,VM-ACC-0004,2,744.89,0.0,PLN
SO-2023-007599,2,2023-07-07,2023-07-09,PL-WEB-01,C000198,VM-APP-0020,1,171.89,0.0,PLN
SO-2023-007599,3,2023-07-07,2023-07-09,PL-WEB-01,C000198,VM-ACC-0006,2,907.24,0.1,PLN
SO-2023-007600,1,2023-07-07,2023-07-08,PL-WEB-01,C003303,VM-BIK-0012,1,11278.54,0.1,PLN
SO-2023-007601,1,2023-07-07,2023-07-11,PL-WEB-01,C002350,VM-ACC-0002,1,582.54,0.0,PLN
SO-2023-007602,1,2023-07-07,2023-07-08,PL-WEB-01,C000397,VM-BIK-0020,1,1155.54,0.05,PLN
SO-2023-007602,2,2023-07-07,2023-07-08,PL-WEB-01,C000397,VM-CMP-0017,2,477.49,0.1,PLN
SO-2023-007602,3,2023-07-07,2023-07-08,PL-WEB-01,C000397,VM-BIK-0012,1,11278.54,0.05,PLN
SO-2023-007602,4,2023-07-07,2023-07-08,PL-WEB-01,C000397,VM-ACC-0023,1,888.14,0.05,PLN
SO-2023-007603,1,2023-07-07,2023-07-11,PL-WEB-01,C003304,VM-BIK-0004,1,4077.84,0.0,PLN
SO-2023-007603,2,2023-07-07,2023-07-11,PL-WEB-01,C003304,VM-ACC-0003,2,276.94,0.0,PLN
SO-2023-007603,3,2023-07-07,2023-07-11,PL-WEB-01,C003304,VM-ACC-0007,1,343.79,0.0,PLN
SO-2023-007604,1,2023-07-07,2023-07-08,PL-WEB-01,C000196,VM-NUT-0011,4,51.56,0.05,PLN
SO-2023-007604,2,2023-07-07,2023-07-08,PL-WEB-01,C000196,VM-CMP-0017,2,477.49,0.05,PLN
SO-2023-007605,1,2023-07-07,2023-07-09,PL-WEB-01,C001854,vm-acc-0002,2,582.54,0.0,PLN
SO-2023-007605,2,2023-07-07,2023-07-09,PL-WEB-01,C001854,VM-BIK-0003,1,6245.69,0.0,PLN
SO-2023-007606,1,2023-07-07,2023-07-11,PL-WEB-01,C002822,VM-ACC-0021,1,744.89,0.0,PLN
SO-2023-007607,1,2023-07-07,2023-07-09,PL-WEB-01,C000725,VM-NUT-0004,13,6.68,0.0,PLN
SO-2023-007607,2,2023-07-07,2023-07-09,PL-WEB-01,C000725,VM-CMP-0009,2,334.24,0.0,PLN
SO-2023-007608,1,2023-07-07,2023-07-09,PL-WEB-01,C002111,VM-NUT-0002,15,14.32,0.0,PLN
SO-2023-007609,1,2023-07-07,2023-07-11,PL-WEB-01,C003305,VM-BIK-0017,1,1824.04,0.0,PLN
SO-2023-007609,2,2023-07-07,2023-07-11,PL-WEB-01,C003305,VM-ACC-0007,1,343.79,0.0,PLN
SO-2023-007610,1,2023-07-07,2023-07-11,PL-WEB-01,C003306,VM-ACC-0003,2,276.94,0.05,PLN
SO-2023-007610,2,2023-07-07,2023-07-11,PL-WEB-01,C003306,VM-BIK-0008,1,5071.04,0.1,PLN
SO-2023-007611,1,2023-07-07,2023-07-08,PL-WEB-01,C003307,VM-BIK-0016,1,3428.44,0.0,PLN
SO-2023-007611,2,2023-07-07,2023-07-08,PL-WEB-01,C003307,VM-ACC-0008,1,381.99,0.0,PLN
SO-2023-007611,3,2023-07-07,2023-07-08,PL-WEB-01,C003307,VM-NUT-0003,8,10.5,0.1,PLN
SO-2023-007611,4,2023-07-07,2023-07-08,PL-WEB-01,C003307,VM-APP-0006,1,296.04,0.0,PLN
SO-2023-007612,1,2023-07-07,2023-07-09,PL-WEB-01,C003308,VM-APP-0001,1,439.29,0.0,PLN
SO-2023-007612,2,2023-07-07,2023-07-09,PL-WEB-01,C003308,VM-BIK-0008,1,5071.04,0.0,PLN
SO-2023-007612,3,2023-07-07,2023-07-09,PL-WEB-01,C003308,VM-CMP-0017,2,477.49,0.0,PLN
SO-2023-007612,4,2023-07-07,2023-07-09,PL-WEB-01,C003308,VM-NUT-0001,15,8.59,0.0,PLN
SO-2023-007613,1,2023-07-07,2023-07-09,PL-MKT-01,C001688,VM-BIK-0001,1,13073.94,0.1,PLN
SO-2023-007614,1,2023-07-07,2023-07-10,PL-MKT-01,C003309,VM-APP-0010,2,162.34,0.05,PLN
SO-2023-007614,2,2023-07-07,2023-07-10,PL-MKT-01,C003309,VM-ACC-0018,2,47.74,0.05,PLN
SO-2023-007614,3,2023-07-07,2023-07-10,PL-MKT-01,C003309, VM-NUT-0011 ,2,51.56,0.05,PLN
SO-2023-007614,4,2023-07-07,2023-07-10,PL-MKT-01,C003309,VM-ACC-0013,1,162.34,0.05,PLN
SO-2023-007615,1,2023-07-07,2023-07-09,PL-MKT-01,C003310,VM-CMP-0013,2,506.14,0.05,PLN
SO-2023-007616,1,2023-07-07,2023-07-08,PL-MKT-01,C003311,VM-BIK-0010,1,6035.59,0.0,PLN
SO-2023-007616,2,2023-07-07,2023-07-08,PL-MKT-01,C003311,VM-ACC-0005,2,171.89,0.0,PLN
SO-2023-007616,3,2023-07-07,2023-07-08,PL-MKT-01,C003311,VM-EBK-0008,1,14420.49,0.0,PLN
SO-2023-007617,1,2023-07-07,2023-07-07,CZ-PRG-01,C002207,VM-BIK-0009,1,28200.0,0.0,CZK
SO-2023-007618,1,2023-07-07,2023-07-07,CZ-PRG-01,C003312,VM-CMP-0001,2,2000.0,0.0,CZK
SO-2023-007619,1,2023-07-07,2023-07-07,CZ-PRG-01,,VM-ACC-0008,2,2000.0,0.0,CZK
SO-2023-007619,2,2023-07-07,2023-07-07,CZ-PRG-01,,VM-APP-0005,3,900.0,0.0,CZK
SO-2023-007620,1,2023-07-07,2023-07-09,CZ-WEB-01,C003313,VM-NUT-0004,13,35.0,0.0,CZK
SO-2023-007620,2,2023-07-07,2023-07-09,CZ-WEB-01,C003313,VM-EBK-0003,1,45450.0,0.0,CZK
SO-2023-007620,3,2023-07-07,2023-07-09,CZ-WEB-01,C003313,VM-CMP-0019,2,1050.0,0.0,CZK
SO-2023-007621,1,2023-07-07,2023-07-10,CZ-WEB-01,C003314,VM-NUT-0010,2,175.0,0.0,CZK
SO-2023-007622,1,2023-07-07,2023-07-08,CZ-WEB-01,C003315,VM-BIK-0017,1,9550.0,0.0,CZK
SO-2023-007623,1,2023-07-07,2023-07-09,CZ-WEB-01,C000070,VM-APP-0010,2,850.0,0.0,CZK
SO-2023-007624,1,2023-07-07,2023-07-11,CZ-WEB-01,C003316,VM-ACC-0014,1,550.0,0.05,CZK
SO-2023-007624,2,2023-07-07,2023-07-11,CZ-WEB-01,C003316,VM-CMP-0010,1,1950.0,0.05,CZK
SO-2023-007625,1,2023-07-07,2023-07-07,DE-BER-01,C003317,VM-ACC-0005,1,37.81,0.0,EUR
SO-2023-007625,2,2023-07-07,2023-07-07,DE-BER-01,C003317,VM-ACC-0007,1,75.62,0.0,EUR
SO-2023-007625,3,2023-07-07,2023-07-07,DE-BER-01,C003317,VM-CMP-0013,1,111.33,0.0,EUR
SO-2023-007625,4,2023-07-07,2023-07-07,DE-BER-01,C003317,VM-ACC-0002,2,128.13,0.0,EUR
SO-2023-007626,1,2023-07-07,2023-07-07,DE-BER-01,,VM-EBK-0002,1,2090.06,0.1,EUR
SO-2023-007627,1,2023-07-07,2023-07-07,DE-BER-01,C000360,VM-ACC-0022,1,329.79,0.0,EUR
SO-2023-007628,1,2023-07-07,2023-07-10,DE-WEB-01,C003318,VM-ACC-0007,2,75.62,0.0,EUR
SO-2023-007629,1,2023-07-07,2023-07-10,DE-WEB-01,C000271,VM-ACC-0004,2,163.84,0.05,EUR
SO-2023-007630,1,2023-07-07,2023-07-08,DE-WEB-01,C003319,VM-ACC-0021,1,163.84,0.0,EUR
SO-2023-007631,1,2023-07-07,2023-07-10,DE-WEB-01,C002826,VM-CMP-0010,2,81.92,0.0,EUR
SO-2023-007631,2,2023-07-07,2023-07-10,DE-WEB-01,C002826,VM-APP-0018,2,27.31,0.0,EUR
SO-2023-007632,1,2023-07-08,2023-07-08,PL-WAW-01,C003320,VM-NUT-0010,2,33.42,0.0,PLN
SO-2023-007633,1,2023-07-08,2023-07-08,PL-WAW-01,C003321,VM-BIK-0010,1,6035.59,0.0,PLN
SO-2023-007634,1,2023-07-08,2023-07-08,PL-WAW-01,C003322,VM-CMP-0016,2,2349.29,0.0,PLN
SO-2023-007635,1,2023-07-08,2023-07-08,PL-WAW-01,C003323,VM-NUT-0011,3,51.56,0.0,PLN
SO-2023-007635,2,2023-07-08,2023-07-08,PL-WAW-01,C003323,VM-BIK-0019,1,1155.54,0.0,PLN
SO-2023-007636,1,2023-07-08,2023-07-08,PL-WAW-01,C002839,VM-CMP-0018,1,59.2,0.0,PLN
SO-2023-007636,2,2023-07-08,2023-07-08,PL-WAW-01,C002839,VM-CMP-0019,2,200.54,0.0,PLN
SO-2023-007637,1,2023-07-08,2023-07-08,PL-WAW-01,C000444,VM-ACC-0007,2,343.79,0.05,PLN
SO-2023-007638,1,2023-07-08,2023-07-08,PL-WAW-01,C003324,VM-BIK-0012,1,11278.54,0.0,PLN
SO-2023-007639,1,2023-07-08,2023-07-08,PL-WAW-01,C003325,VM-NUT-0009,2,81.17,0.0,PLN
SO-2023-007639,2,2023-07-08,2023-07-08,PL-WAW-01,C003325,VM-APP-0004,3,229.19,0.0,PLN
SO-2023-007640,1,2023-07-08,2023-07-08,PL-WAW-01,,VM-ACC-0014,1,105.04,0.0,PLN
SO-2023-007640,2,2023-07-08,2023-07-08,PL-WAW-01,,VM-EBK-0002,1,9502.24,0.0,PLN
SO-2023-007641,1,2023-07-08,2023-07-08,PL-WAW-02,C001555,VM-NUT-0004,14,6.68,0.05,PLN
SO-2023-007642,1,2023-07-08,2023-07-08,PL-WAW-02,,VM-EBK-0009,1,9464.04,0.0,PLN
SO-2023-007642,2,2023-07-08,2023-07-08,PL-WAW-02,,VM-APP-0010,1,162.34,0.0,PLN
SO-2023-007643,1,2023-07-08,2023-07-08,PL-WAW-02,C003326,VM-CMP-0002,2,534.79,0.0,PLN
SO-2023-007644,1,2023-07-08,2023-07-08,PL-WAW-02,C003327,VM-BIK-0004,1,4077.84,0.0,PLN
SO-2023-007644,2,2023-07-08,2023-07-08,PL-WAW-02,C003327,VM-ACC-0007,1,343.79,0.0,PLN
SO-2023-007644,3,2023-07-08,2023-07-08,PL-WAW-02,C003327,VM-ACC-0006,2,907.24,0.0,PLN
SO-2023-007644,4,2023-07-08,2023-07-08,PL-WAW-02,C003327,VM-ACC-0018,1,47.74,0.0,PLN
SO-2023-007645,1,2023-07-08,2023-07-08,PL-WAW-02,C001621,VM-ACC-0018,3,47.74,0.0,PLN
SO-2023-007645,2,2023-07-08,2023-07-08,PL-WAW-02,C001621,VM-CMP-0015,2,878.59,0.0,PLN
SO-2023-007645,3,2023-07-08,2023-07-08,PL-WAW-02,C001621,VM-APP-0002,2,420.19,0.0,PLN
SO-2023-007646,1,2023-07-08,2023-07-08,PL-KRK-01,,VM-ACC-0019,1,47.74,0.0,PLN
SO-2023-007646,2,2023-07-08,2023-07-08,PL-KRK-01,,VM-NUT-0002,5,14.32,0.0,PLN
SO-2023-007647,1,2023-07-08,2023-07-08,PL-KRK-01,,VM-BIK-0019,1,1155.54,0.05,PLN
SO-2023-007648,1,2023-07-08,2023-07-08,PL-KRK-01,C003328,VM-BIK-0011,1,8260.74,0.0,PLN
SO-2023-007649,1,2023-07-08,2023-07-08,PL-KRK-01,C003329,VM-BIK-0012,1,11278.54,0.0,PLN
SO-2023-007650,1,2023-07-08,2023-07-08,PL-KRK-01,C002795,VM-EBK-0009,1,9464.04,0.0,PLN
SO-2023-007651,1,2023-07-08,2023-07-08,PL-WRO-01,C003330,VM-EBK-0002,1,9502.24,0.0,PLN
SO-2023-007651,2,2023-07-08,2023-07-08,PL-WRO-01,C003330,VM-CMP-0013,1,506.14,0.0,PLN
SO-2023-007652,1,2023-07-08,2023-07-08,PL-WRO-01,C002811,VM-CMP-0006,1,190.99,0.0,PLN
SO-2023-007652,2,2023-07-08,2023-07-08,PL-WRO-01,C002811,VM-ACC-0001,1,362.89,0.0,PLN
SO-2023-007652,3,2023-07-08,2023-07-08,PL-WRO-01,C002811,VM-BIK-0011,1,8260.74,0.0,PLN
SO-2023-007653,1,2023-07-08,2023-07-08,PL-WRO-01,C002746,VM-BIK-0006,1,6293.44,0.0,PLN
SO-2023-007653,2,2023-07-08,2023-07-08,PL-WRO-01,C002746,VM-ACC-0006,1,907.24,0.0,PLN
SO-2023-007654,1,2023-07-08,2023-07-08,PL-WRO-01,,VM-NUT-0009,4,81.17,0.0,PLN
SO-2023-007654,2,2023-07-08,2023-07-08,PL-WRO-01,,VM-BIK-0007,1,6732.74,0.0,PLN
SO-2023-007654,3,2023-07-08,2023-07-08,PL-WRO-01,,VM-ACC-0021,1,744.89,0.0,PLN
SO-2023-007654,4,2023-07-08,2023-07-08,PL-WRO-01,,VM-CMP-0008,1,420.19,0.0,PLN
SO-2023-007655,1,2023-07-08,2023-07-08,PL-WRO-01,,VM-NUT-0004,10,6.68,0.0,PLN
SO-2023-007656,1,2023-07-08,2023-07-08,PL-GDN-01,C000563,VM-EBK-0007,1,14038.49,0.0,PLN
SO-2023-007656,2,2023-07-08,2023-07-08,PL-GDN-01,C000563,VM-ACC-0017,3,55.38,0.0,PLN
SO-2023-007656,3,2023-07-08,2023-07-08,PL-GDN-01,C000563,VM-ACC-0008,2,381.99,0.0,PLN
SO-2023-007656,4,2023-07-08,2023-07-08,PL-GDN-01,C000563,VM-APP-0001,3,439.29,0.0,PLN
SO-2023-007657,1,2023-07-08,2023-07-08,PL-GDN-01,C003187,VM-ACC-0013,1,162.34,0.0,PLN
SO-2023-007657,2,2023-07-08,2023-07-08,PL-GDN-01,C003187,VM-ACC-0018,2,47.74,0.0,PLN
SO-2023-007658,1,2023-07-08,2023-07-08,PL-GDN-01,C003331,VM-ACC-0014,1,105.04,0.05,PLN
SO-2023-007658,2,2023-07-08,2023-07-08,PL-GDN-01,C003331,VM-EBK-0003,1,8680.94,0.0,PLN
SO-2023-007658,3,2023-07-08,2023-07-08,PL-GDN-01,C003331,VM-APP-0001,3,439.29,0.0,PLN
SO-2023-007659,1,2023-07-08,2023-07-08,PL-GDN-01,C002105,VM-NUT-0001,8,8.59,0.0,PLN
SO-2023-007659,2,2023-07-08,2023-07-08,PL-GDN-01,C002105,VM-CMP-0009,1,334.24,0.0,PLN
SO-2023-007660,1,2023-07-08,2023-07-08,PL-POZ-01,C003332,VM-CMP-0017,1,477.49,0.0,PLN
SO-2023-007661,1,2023-07-08,2023-07-08,PL-POZ-01,C002694,VM-ACC-0021,1,744.89,0.0,PLN
SO-2023-007661,2,2023-07-08,2023-07-08,PL-POZ-01,C002694,VM-BIK-0022,1,1336.99,0.0,PLN
SO-2023-007661,3,2023-07-08,2023-07-08,PL-POZ-01,C002694,VM-BIK-0004,1,4077.84,0.0,PLN
SO-2023-007662,1,2023-07-08,2023-07-08,PL-POZ-01,,VM-CMP-0013,1,506.14,0.0,PLN
SO-2023-007663,1,2023-07-08,2023-07-08,PL-POZ-01,C002105,VM-APP-0006,2,296.04,0.0,PLN
SO-2023-007664,1,2023-07-08,2023-07-08,PL-POZ-01,C003333,VM-NUT-0004,13,6.68,0.0,PLN
SO-2023-007665,1,2023-07-08,2023-07-09,PL-WEB-01,C000342,VM-ACC-0021,1,744.89,0.0,PLN
SO-2023-007666,1,2023-07-08,2023-07-12,PL-WEB-01,C003334,VM-APP-0020,1,171.89,0.0,PLN
SO-2023-007667,1,2023-07-08,2023-07-11,PL-WEB-01,C003096,VM-BIK-0008,1,5071.04,0.05,PLN
SO-2023-007668,1,2023-07-08,2023-07-10,PL-WEB-01,C002670,VM-NUT-0002,15,14.32,0.0,PLN
SO-2023-007668,2,2023-07-08,2023-07-10,PL-WEB-01,C002670,VM-BIK-0002,1,9196.64,0.0,PLN
SO-2023-007669,1,2023-07-08,2023-07-10,PL-WEB-01,C003335,VM-ACC-0003,1,276.94,0.0,PLN
SO-2023-007670,1,2023-07-08,2023-07-10,PL-WEB-01,C003336,VM-CMP-0002,1,534.79,0.0,PLN
SO-2023-007671,1,2023-07-08,2023-07-09,PL-WEB-01,C003337,VM-CMP-0011,2,152.79,0.0,PLN
SO-2023-007672,1,2023-07-08,2023-07-10,PL-MKT-01,C003338, VM-CMP-0001 ,2,381.99,0.0,PLN
SO-2023-007672,2,2023-07-08,2023-07-10,PL-MKT-01,C003338,VM-NUT-0011,2,51.56,0.0,PLN
SO-2023-007673,1,2023-07-08,2023-07-09,PL-MKT-01,C002800,VM-APP-0008,2,152.79,0.0,PLN
SO-2023-007673,2,2023-07-08,2023-07-09,PL-MKT-01,C002800,VM-NUT-0005,11,8.59,0.0,PLN
SO-2023-007674,1,2023-07-08,2023-07-12,PL-MKT-01,C000480,VM-BIK-0009,1,5386.19,0.0,PLN
SO-2023-007675,1,2023-07-08,2023-07-08,CZ-PRG-01,C003339,VM-CMP-0020,1,1300.0,0.0,CZK
SO-2023-007675,2,2023-07-08,2023-07-08,CZ-PRG-01,C003339,VM-CMP-0017,1,2500.0,0.0,CZK
SO-2023-007676,1,2023-07-08,2023-07-08,CZ-PRG-01,C002549,VM-BIK-0009,1,28200.0,0.0,CZK
SO-2023-007676,2,2023-07-08,2023-07-08,CZ-PRG-01,C002549,VM-ACC-0002,2,3050.0,0.0,CZK
SO-2023-007677,1,2023-07-08,2023-07-08,CZ-PRG-01,C003340,VM-APP-0002,3,2200.0,0.0,CZK
SO-2023-007677,2,2023-07-08,2023-07-08,CZ-PRG-01,C003340,VM-ACC-0008,1,2000.0,0.0,CZK
SO-2023-007678,1,2023-07-08,2023-07-08,CZ-PRG-01,C003341,VM-BIK-0005,1,37050.0,0.0,CZK
SO-2023-007678,2,2023-07-08,2023-07-08,CZ-PRG-01,C003341,VM-NUT-0002,7,75.0,0.0,CZK
SO-2023-007679,1,2023-07-08,2023-07-08,CZ-PRG-01,C003342,VM-NUT-0004,13,35.0,0.0,CZK
SO-2023-007679,2,2023-07-08,2023-07-08,CZ-PRG-01,C003342,VM-BIK-0016,1,17950.0,0.0,CZK
SO-2023-007680,1,2023-07-08,2023-07-08,CZ-PRG-01,C002725,VM-BIK-0012,1,59050.0,0.0,CZK
SO-2023-007680,2,2023-07-08,2023-07-08,CZ-PRG-01,C002725,VM-ACC-0008,1,2000.0,0.0,CZK
SO-2023-007680,3,2023-07-08,2023-07-08,CZ-PRG-01,C002725,VM-APP-0006,3,1550.0,0.0,CZK
SO-2023-007680,4,2023-07-08,2023-07-08,CZ-PRG-01,C002725,VM-CMP-0014,2,2150.0,0.0,CZK
SO-2023-007681,1,2023-07-08,2023-07-08,CZ-PRG-01,C003343,VM-ACC-0004,1,3900.0,0.0,CZK
SO-2023-007681,2,2023-07-08,2023-07-08,CZ-PRG-01,C003343,VM-BIK-0009,1,28200.0,0.0,CZK
SO-2023-007682,1,2023-07-08,2023-07-08,CZ-PRG-01,C000460,VM-APP-0018,2,650.0,0.0,CZK
SO-2023-007682,2,2023-07-08,2023-07-08,CZ-PRG-01,C000460,VM-APP-0010,2,850.0,0.0,CZK
SO-2023-007683,1,2023-07-08,2023-07-08,CZ-PRG-01,C003344,VM-CMP-0009,1,1750.0,0.0,CZK
SO-2023-007683,2,2023-07-08,2023-07-08,CZ-PRG-01,C003344,VM-CMP-0001,2,2000.0,0.0,CZK
SO-2023-007684,1,2023-07-08,2023-07-12,CZ-WEB-01,C003345,VM-ACC-0004,1,3900.0,0.05,CZK
SO-2023-007684,2,2023-07-08,2023-07-12,CZ-WEB-01,C003345,VM-NUT-0004,3,35.0,0.05,CZK
SO-2023-007685,1,2023-07-08,2023-07-10,CZ-WEB-01,C003346,VM-BIK-0013,1,24000.0,0.0,CZK
SO-2023-007685,2,2023-07-08,2023-07-10,CZ-WEB-01,C003346, VM-ACC-0001 ,2,1900.0,0.0,CZK
SO-2023-007686,1,2023-07-08,2023-07-09,CZ-WEB-01,C003347,VM-NUT-0004,10,35.0,0.0,CZK
SO-2023-007687,1,2023-07-08,2023-07-09,CZ-WEB-01,C003140,VM-ACC-0008,1,2000.0,0.0,CZK
SO-2023-007687,2,2023-07-08,2023-07-09,CZ-WEB-01,C003140, vm-cmp-0013 ,1,2650.0,0.0,CZK
SO-2023-007688,1,2023-07-08,2023-07-08,DE-BER-01,,VM-CMP-0017,2,105.03,0.0,EUR
SO-2023-007689,1,2023-07-08,2023-07-08,DE-BER-01,C003348,VM-BIK-0013,1,1008.27,0.0,EUR
SO-2023-007690,1,2023-07-08,2023-07-11,DE-WEB-01,C001587,VM-NUT-0004,7,1.47,0.0,EUR
SO-2023-007691,1,2023-07-08,2023-07-12,DE-WEB-01,C001426,VM-BIK-0003,1,1373.77,0.0,EUR
SO-2023-007691,2,2023-07-08,2023-07-12,DE-WEB-01,C001426,VM-ACC-0008,2,84.02,0.0,EUR
SO-2023-007692,1,2023-07-08,2023-07-10,DE-WEB-01,C000676, VM-CMP-0015 ,4,193.25,0.1,EUR
SO-2023-007692,2,2023-07-08,2023-07-10,DE-WEB-01,C000676,VM-CMP-0001,6,84.02,0.08,EUR
SO-2023-007692,3,2023-07-08,2023-07-10,DE-WEB-01,C000676,VM-BIK-0002,4,2022.84,0.1,EUR
SO-2023-007693,1,2023-07-09,2023-07-13,PL-WEB-01,C003349,VM-APP-0001,1,439.29,0.0,PLN
SO-2023-007694,1,2023-07-09,2023-07-11,PL-WEB-01,C003350,VM-BIK-0010,1,6035.59,0.05,PLN
SO-2023-007695,1,2023-07-09,2023-07-11,PL-WEB-01,C003351,VM-ACC-0020,1,773.54,0.0,PLN
SO-2023-007696,1,2023-07-09,2023-07-11,PL-WEB-01,C003352,VM-ACC-0008,1,381.99,0.0,PLN
SO-2023-007696,2,2023-07-09,2023-07-11,PL-WEB-01,C003352,VM-NUT-0011,2,51.56,0.0,PLN
SO-2023-007696,3,2023-07-09,2023-07-11,PL-WEB-01,C003352,VM-NUT-0004,11,6.68,0.0,PLN
SO-2023-007697,1,2023-07-09,2023-07-12,PL-WEB-01,C002121,VM-BIK-0015,1,2950.94,0.0,PLN
SO-2023-007697,2,2023-07-09,2023-07-12,PL-WEB-01,C002121,VM-APP-0015,1,544.34,0.0,PLN
SO-2023-007697,3,2023-07-09,2023-07-12,PL-WEB-01,C002121,VM-ACC-0005,1,171.89,0.0,PLN
SO-2023-007698,1,2023-07-09,2023-07-11,PL-MKT-01,C001951,VM-BIK-0011,1,8260.74,0.0,PLN
SO-2023-007699,1,2023-07-09,2023-07-13,PL-MKT-01,C003353,vm-nut-0004,11,6.68,0.1,PLN
SO-2023-007699,2,2023-07-09,2023-07-13,PL-MKT-01,C003353,VM-EBK-0001,1,7324.84,0.0,PLN
SO-2023-007700,1,2023-07-09,2023-07-13,PL-MKT-01,C003354,VM-EBK-0008,1,14420.49,0.0,PLN
SO-2023-007701,1,2023-07-09,2023-07-12,PL-MKT-01,C001197,VM-CMP-0021,2,45.83,0.0,PLN
SO-2023-007702,1,2023-07-09,2023-07-12,PL-MKT-01,C002121,VM-CMP-0013,2,506.14,0.05,PLN
SO-2023-007702,2,2023-07-09,2023-07-12,PL-MKT-01,C002121,VM-ACC-0021,1,744.89,0.0,PLN
SO-2023-007702,3,2023-07-09,2023-07-12,PL-MKT-01,C002121,VM-BIK-0021,1,1193.74,0.0,PLN
SO-2023-007702,4,2023-07-09,2023-07-12,PL-MKT-01,C002121,VM-NUT-0011,1,51.56,0.0,PLN
SO-2023-007703,1,2023-07-09,2023-07-11,PL-MKT-01,C003355,VM-CMP-0019,2,200.54,0.05,PLN
SO-2023-007704,1,2023-07-09,2023-07-13,PL-MKT-01,C001703,VM-NUT-0004,14,6.68,0.0,PLN
SO-2023-007704,2,2023-07-09,2023-07-13,PL-MKT-01,C001703,VM-ACC-0008,1,381.99,0.0,PLN
SO-2023-007704,3,2023-07-09,2023-07-13,PL-MKT-01,C001703,VM-NUT-0009,4,81.17,0.0,PLN
SO-2023-007705,1,2023-07-09,2023-07-11,PL-MKT-01,C003337,VM-CMP-0008,1,420.19,0.0,PLN
SO-2023-007706,1,2023-07-09,2023-07-09,CZ-PRG-01,,VM-ACC-0008,2,2000.0,0.0,CZK
SO-2023-007706,2,2023-07-09,2023-07-09,CZ-PRG-01,,VM-CMP-0019,2,1050.0,0.0,CZK
SO-2023-007707,1,2023-07-09,2023-07-09,CZ-PRG-01,C000451,VM-CMP-0002,1,2800.0,0.0,CZK
SO-2023-007707,2,2023-07-09,2023-07-09,CZ-PRG-01,C000451,VM-CMP-0006,2,1000.0,0.0,CZK
SO-2023-007708,1,2023-07-09,2023-07-12,CZ-WEB-01,C003356,VM-BIK-0013,1,24000.0,0.0,CZK
SO-2023-007708,2,2023-07-09,2023-07-12,CZ-WEB-01,C003356,VM-NUT-0007,8,65.0,0.0,CZK
SO-2023-007708,3,2023-07-09,2023-07-12,CZ-WEB-01,C003356,VM-ACC-0013,1,850.0,0.0,CZK
SO-2023-007708,4,2023-07-09,2023-07-12,CZ-WEB-01,C003356,VM-ACC-0008,2,2000.0,0.0,CZK
SO-2023-007709,1,2023-07-09,2023-07-12,CZ-WEB-01,C000535,VM-CMP-0013,4,2650.0,0.12,CZK
SO-2023-007709,2,2023-07-09,2023-07-12,CZ-WEB-01,C000535,VM-ACC-0015,4,1750.0,0.1,CZK
SO-2023-007709,3,2023-07-09,2023-07-12,CZ-WEB-01,C000535,VM-APP-0007,5,800.0,0.12,CZK
SO-2023-007710,1,2023-07-09,2023-07-12,CZ-WEB-01,C003357,VM-ACC-0007,2,1800.0,0.0,CZK
SO-2023-007710,2,2023-07-09,2023-07-12,CZ-WEB-01,C003357,VM-CMP-0021,4,240.0,0.0,CZK
SO-2023-007710,3,2023-07-09,2023-07-12,CZ-WEB-01,C003357,VM-BIK-0017,1,9550.0,0.0,CZK
SO-2023-007711,1,2023-07-09,2023-07-10,CZ-WEB-01,C000806,VM-CMP-0013,2,2650.0,0.0,CZK
SO-2023-007711,2,2023-07-09,2023-07-10,CZ-WEB-01,C000806,VM-BIK-0012,1,59050.0,0.0,CZK
SO-2023-007711,3,2023-07-09,2023-07-10,CZ-WEB-01,C000806,VM-APP-0006,1,1550.0,0.0,CZK
SO-2023-007712,1,2023-07-09,2023-07-13,CZ-WEB-01,C003358,VM-CMP-0021,4,240.0,0.0,CZK
SO-2023-007713,1,2023-07-09,2023-07-10,CZ-WEB-01,C003359,VM-CMP-0002,2,2800.0,0.0,CZK
SO-2023-007713,2,2023-07-09,2023-07-10,CZ-WEB-01,C003359,VM-CMP-0016,2,12300.0,0.0,CZK
SO-2023-007714,1,2023-07-09,2023-07-11,DE-WEB-01,C003360,VM-APP-0012,1,182.75,0.0,EUR
SO-2023-007714,2,2023-07-09,2023-07-11,DE-WEB-01,C003360,VM-APP-0019,2,13.86,0.0,EUR
SO-2023-007715,1,2023-07-09,2023-07-10,DE-WEB-01,C001696,VM-NUT-0011,1,11.34,0.0,EUR
SO-2023-007716,1,2023-07-09,2023-07-11,DE-WEB-01,C000121,VM-ACC-0014,1,23.1,0.1,EUR
SO-2023-007716,2,2023-07-09,2023-07-11,DE-WEB-01,C000121,vm-nut-0002,13,3.15,0.0,EUR
SO-2023-007717,1,2023-07-09,2023-07-12,DE-WEB-01,C002621,VM-EBK-0008,1,3171.85,0.05,EUR
SO-2023-007717,2,2023-07-09,2023-07-12,DE-WEB-01,C002621,VM-ACC-0008,2,84.02,0.05,EUR
SO-2023-007718,1,2023-07-09,2023-07-11,DE-WEB-01,C003361,VM-NUT-0002,10,3.15,0.0,EUR
SO-2023-007718,2,2023-07-09,2023-07-11,DE-WEB-01,C003361,VM-NUT-0001,10,1.89,0.0,EUR
SO-2023-007719,1,2023-07-09,2023-07-13,DE-WEB-01,C003362,VM-APP-0019,1,13.86,0.0,EUR
SO-2023-007719,2,2023-07-09,2023-07-13,DE-WEB-01,C003362,VM-ACC-0003,2,60.91,0.0,EUR
SO-2023-007720,1,2023-07-10,2023-07-10,PL-WAW-01,C000229,VM-BIK-0010,5,6035.59,0.12,PLN
SO-2023-007721,1,2023-07-10,2023-07-10,PL-WAW-01,C000217,VM-ACC-0020,1,773.54,0.0,PLN
SO-2023-007721,2,2023-07-10,2023-07-10,PL-WAW-01,C000217,VM-NUT-0009,3,81.17,0.0,PLN
SO-2023-007722,1,2023-07-10,2023-07-10,PL-WAW-01,C002568,VM-EBK-0007,1,14038.49,0.05,PLN
SO-2023-007722,2,2023-07-10,2023-07-10,PL-WAW-01,C002568,VM-ACC-0001,2,362.89,0.05,PLN
SO-2023-007723,1,2023-07-10,2023-07-10,PL-WAW-01,,VM-ACC-0018,2,47.74,0.0,PLN
SO-2023-007724,1,2023-07-10,2023-07-10,PL-WAW-02,C003363,VM-NUT-0010,2,33.42,0.0,PLN
SO-2023-007724,2,2023-07-10,2023-07-10,PL-WAW-02,C003363,VM-BIK-0008,1,5071.04,0.0,PLN
SO-2023-007725,1,2023-07-10,2023-07-10,PL-KRK-01,C003364,VM-APP-0008,1,152.79,0.0,PLN
SO-2023-007726,1,2023-07-10,2023-07-10,PL-KRK-01,,VM-BIK-0017,1,1824.04,0.0,PLN
SO-2023-007727,1,2023-07-10,2023-07-10,PL-KRK-01,,VM-APP-0002,1,420.19,0.0,PLN
SO-2023-007727,2,2023-07-10,2023-07-10,PL-KRK-01,,VM-CMP-0002,2,534.79,0.0,PLN
SO-2023-007728,1,2023-07-10,2023-07-10,PL-KRK-01,,VM-ACC-0003,2,276.94,0.0,PLN
SO-2023-007729,1,2023-07-10,2023-07-10,PL-KRK-01,C003365,VM-CMP-0020,2,248.29,0.0,PLN
SO-2023-007730,1,2023-07-10,2023-07-10,PL-WRO-01,C003366,VM-NUT-0003,6,10.5,0.0,PLN
SO-2023-007730,2,2023-07-10,2023-07-10,PL-WRO-01,C003366,VM-ACC-0010,1,238.74,0.0,PLN
SO-2023-007731,1,2023-07-10,2023-07-10,PL-WRO-01,,VM-ACC-0018,1,47.74,0.0,PLN
SO-2023-007731,2,2023-07-10,2023-07-10,PL-WRO-01,,VM-BIK-0001,1,13073.94,0.0,PLN
SO-2023-007732,1,2023-07-10,2023-07-10,PL-GDN-01,C003241,VM-ACC-0011,1,68.75,0.0,PLN
SO-2023-007733,1,2023-07-10,2023-07-10,PL-GDN-01,,VM-ACC-0014,1,105.04,0.0,PLN
SO-2023-007734,1,2023-07-10,2023-07-10,PL-POZ-01,,VM-APP-0018,2,124.14,0.0,PLN
SO-2023-007734,2,2023-07-10,2023-07-10,PL-POZ-01,,VM-NUT-0006,4,9.54,0.0,PLN
SO-2023-007734,3,2023-07-10,2023-07-10,PL-POZ-01,,VM-ACC-0007,2,343.79,0.0,PLN
SO-2023-007735,1,2023-07-10,2023-07-10,PL-POZ-01,,VM-ACC-0014,1,105.04,0.0,PLN
SO-2023-007736,1,2023-07-10,2023-07-12,PL-WEB-01,C003367,VM-CMP-0019,4,200.54,0.0,PLN
SO-2023-007737,1,2023-07-10,2023-07-11,PL-WEB-01,C003368,VM-ACC-0014,1,105.04,0.0,PLN
SO-2023-007737,2,2023-07-10,2023-07-11,PL-WEB-01,C003368,VM-ACC-0018,2,47.74,0.0,PLN
SO-2023-007738,1,2023-07-10,2023-07-12,PL-WEB-01,C003369,VM-ACC-0012,2,68.75,0.12,PLN
SO-2023-007738,2,2023-07-10,2023-07-12,PL-WEB-01,C003369,VM-BIK-0016,4,3428.44,0.12,PLN
SO-2023-007739,1,2023-07-10,2023-07-12,PL-WEB-01,C002886,VM-BIK-0004,1,4077.84,0.0,PLN
SO-2023-007740,1,2023-07-10,2023-07-14,PL-WEB-01,C003052,VM-BIK-0010,1,6035.59,0.0,PLN
SO-2023-007740,2,2023-07-10,2023-07-14,PL-WEB-01,C003052,VM-ACC-0013,1,162.34,0.0,PLN
SO-2023-007741,1,2023-07-10,2023-07-12,PL-WEB-01,C003370,VM-CMP-0010,1,372.44,0.0,PLN
SO-2023-007741,2,2023-07-10,2023-07-12,PL-WEB-01,C003370,VM-BIK-0004,1,4077.84,0.0,PLN
SO-2023-007741,3,2023-07-10,2023-07-12,PL-WEB-01,C003370,VM-ACC-0019,3,47.74,0.05,PLN
SO-2023-007742,1,2023-07-10,2023-07-14,PL-WEB-01,C002105,VM-APP-0010,1,162.34,0.0,PLN
SO-2023-007742,2,2023-07-10,2023-07-14,PL-WEB-01,C002105,VM-ACC-0002,1,582.54,0.0,PLN
SO-2023-007743,1,2023-07-10,2023-07-12,PL-WEB-01,C003371,VM-ACC-0014,1,105.04,0.0,PLN
SO-2023-007744,1,2023-07-10,2023-07-12,PL-WEB-01,C003372,VM-CMP-0009,1,334.24,0.0,PLN
SO-2023-007745,1,2023-07-10,2023-07-13,PL-WEB-01,C002177,VM-APP-0008,1,152.79,0.0,PLN
SO-2023-007745,2,2023-07-10,2023-07-13,PL-WEB-01,C002177,VM-NUT-0004,9,6.68,0.0,PLN
SO-2023-007745,3,2023-07-10,2023-07-13,PL-WEB-01,C002177,VM-BIK-0004,1,4077.84,0.0,PLN
SO-2023-007746,1,2023-07-10,2023-07-11,PL-WEB-01,C003373,VM-APP-0008,2,152.79,0.0,PLN
SO-2023-007747,1,2023-07-10,2023-07-11,PL-WEB-01,C003182,VM-BIK-0012,1,11278.54,0.0,PLN
SO-2023-007747,2,2023-07-10,2023-07-11,PL-WEB-01,C003182,VM-ACC-0002,1,582.54,0.0,PLN
SO-2023-007748,1,2023-07-10,2023-07-11,PL-WEB-01,C001173,VM-APP-0002,1,420.19,0.0,PLN
SO-2023-007749,1,2023-07-10,2023-07-12,PL-WEB-01,C003374,VM-ACC-0004,2,744.89,0.0,PLN
SO-2023-007750,1,2023-07-10,2023-07-13,PL-WEB-01,C003131,VM-NUT-0009,2,81.17,0.05,PLN
SO-2023-007751,1,2023-07-10,2023-07-12,PL-WEB-01,C001085,VM-CMP-0017,2,477.49,0.05,PLN
SO-2023-007752,1,2023-07-10,2023-07-13,PL-WEB-01,C003375,VM-BIK-0004,1,4077.84,0.0,PLN
SO-2023-007752,2,2023-07-10,2023-07-13,PL-WEB-01,C003375,VM-CMP-0021,4,45.83,0.0,PLN
SO-2023-007752,3,2023-07-10,2023-07-13,PL-WEB-01,C003375,VM-ACC-0008,2,381.99,0.0,PLN
SO-2023-007753,1,2023-07-10,2023-07-11,PL-WEB-01,C000609,VM-EBK-0003,1,8680.94,0.05,PLN
SO-2023-007754,1,2023-07-10,2023-07-11,PL-MKT-01,C003376,VM-NUT-0006,12,9.54,0.0,PLN
SO-2023-007755,1,2023-07-10,2023-07-14,PL-MKT-01,C003377,VM-BIK-0018,1,2291.99,0.0,PLN
SO-2023-007756,1,2023-07-10,2023-07-14,PL-MKT-01,C003378,VM-CMP-0011,1,152.79,0.0,PLN
SO-2023-007757,1,2023-07-10,2023-07-11,PL-MKT-01,C003379,VM-APP-0017,1,181.44,0.0,PLN
SO-2023-007758,1,2023-07-10,2023-07-11,PL-MKT-01,C000594,VM-CMP-0019,3,200.54,0.0,PLN
SO-2023-007759,1,2023-07-10,2023-07-13,PL-MKT-01,C003157,VM-ACC-0007,3,343.79,0.1,PLN
SO-2023-007760,1,2023-07-10,2023-07-13,PL-MKT-01,C001459,VM-ACC-0014,1,105.04,0.0,PLN
SO-2023-007761,1,2023-07-10,2023-07-11,PL-MKT-01,C002090,VM-ACC-0008,1,381.99,0.0,PLN
SO-2023-007761,2,2023-07-10,2023-07-11,PL-MKT-01,C002090,VM-BIK-0016,1,3428.44,0.0,PLN
SO-2023-007762,1,2023-07-10,2023-07-10,CZ-PRG-01,,VM-CMP-0013,2,2650.0,0.0,CZK
SO-2023-007763,1,2023-07-10,2023-07-10,CZ-PRG-01,C003380,VM-ACC-0008,2,2000.0,0.1,CZK
SO-2023-007764,1,2023-07-10,2023-07-10,CZ-PRG-01,C003381,VM-ACC-0008,1,2000.0,0.0,CZK
SO-2023-007765,1,2023-07-10,2023-07-10,CZ-PRG-01,C003382,VM-NUT-0011,2,270.0,0.1,CZK
SO-2023-007766,1,2023-07-10,2023-07-10,CZ-PRG-01,C003383,VM-ACC-0014,1,550.0,0.0,CZK
SO-2023-007766,2,2023-07-10,2023-07-10,CZ-PRG-01,C003383,VM-ACC-0004,1,3900.0,0.0,CZK
SO-2023-007767,1,2023-07-10,2023-07-12,CZ-WEB-01,C003384,VM-ACC-0008,2,2000.0,0.0,CZK
SO-2023-007768,1,2023-07-10,2023-07-12,CZ-WEB-01,C000841,VM-EBK-0003,1,45450.0,0.0,CZK
SO-2023-007769,1,2023-07-10,2023-07-12,CZ-WEB-01,C003385,VM-ACC-0008,1,2000.0,0.0,CZK
SO-2023-007770,1,2023-07-10,2023-07-11,CZ-WEB-01,C002948,VM-NUT-0009,4,425.0,0.0,CZK
SO-2023-007770,2,2023-07-10,2023-07-11,CZ-WEB-01,C002948,VM-ACC-0021,1,3900.0,0.0,CZK
SO-2023-007770,3,2023-07-10,2023-07-11,CZ-WEB-01,C002948, VM-CMP-0019 ,4,1050.0,0.0,CZK
SO-2023-007770,4,2023-07-10,2023-07-11,CZ-WEB-01,C002948,VM-BIK-0004,1,21350.0,0.0,CZK
SO-2023-007771,1,2023-07-10,2023-07-11,CZ-WEB-01,C003386,VM-EBK-0001,1,38350.0,0.1,CZK
SO-2023-007772,1,2023-07-10,2023-07-10,DE-BER-01,C003387,VM-APP-0013,1,92.42,0.0,EUR
SO-2023-007772,2,2023-07-10,2023-07-10,DE-BER-01,C003387,VM-CMP-0015,2,193.25,0.0,EUR
SO-2023-007772,3,2023-07-10,2023-07-10,DE-BER-01,C003387,VM-NUT-0011,3,11.34,0.0,EUR
SO-2023-007773,1,2023-07-10,2023-07-10,DE-BER-01,C003055,VM-CMP-0008,1,92.42,0.0,EUR
SO-2023-007773,2,2023-07-10,2023-07-10,DE-BER-01,C003055,VM-APP-0005,1,37.81,0.0,EUR
SO-2023-007773,3,2023-07-10,2023-07-10,DE-BER-01,C003055,VM-APP-0012,1,182.75,0.0,EUR
SO-2023-007774,1,2023-07-10,2023-07-10,DE-BER-01,C003388,VM-ACC-0008,2,84.02,0.0,EUR
SO-2023-007775,1,2023-07-10,2023-07-12,DE-WEB-01,C000675,VM-CMP-0002,1,117.63,0.05,EUR
SO-2023-007776,1,2023-07-10,2023-07-14,DE-WEB-01,C000206,VM-NUT-0010,2,7.35,0.05,EUR
SO-2023-007776,2,2023-07-10,2023-07-14,DE-WEB-01,C000206,VM-NUT-0006,9,2.1,0.05,EUR
SO-2023-007777,1,2023-07-10,2023-07-14,DE-WEB-01,C002141,VM-BIK-0020,1,254.17,0.05,EUR
SO-2023-007777,2,2023-07-10,2023-07-14,DE-WEB-01,C002141,VM-ACC-0008,2,84.02,0.1,EUR
SO-2023-007777,3,2023-07-10,2023-07-14,DE-WEB-01,C002141,VM-ACC-0018,2,10.5,0.05,EUR
SO-2023-007778,1,2023-07-10,2023-07-13,DE-WEB-01,C003389,VM-APP-0012,1,182.75,0.1,EUR
SO-2023-007779,1,2023-07-11,2023-07-11,PL-WAW-01,C003390,VM-CMP-0009,1,334.24,0.1,PLN
SO-2023-007779,2,2023-07-11,2023-07-11,PL-WAW-01,C003390,VM-BIK-0020,1,1155.54,0.05,PLN
SO-2023-007780,1,2023-07-11,2023-07-11,PL-WAW-01,C003391,VM-BIK-0005,4,7076.54,0.12,PLN
SO-2023-007781,1,2023-07-11,2023-07-11,PL-WAW-01,,VM-BIK-0005,1,7076.54,0.0,PLN
SO-2023-007782,1,2023-07-11,2023-07-11,PL-WAW-02,C003392,VM-BIK-0018,1,2291.99,0.0,PLN
SO-2023-007783,1,2023-07-11,2023-07-11,PL-KRK-01,C001331,VM-EBK-0001,1,7324.84,0.0,PLN
SO-2023-007783,2,2023-07-11,2023-07-11,PL-KRK-01,C001331,vm-acc-0004,2,744.89,0.0,PLN
SO-2023-007784,1,2023-07-11,2023-07-11,PL-WRO-01,C003393,VM-BIK-0011,1,8260.74,0.0,PLN
SO-2023-007784,2,2023-07-11,2023-07-11,PL-WRO-01,C003393,VM-ACC-0018,2,47.74,0.0,PLN
SO-2023-007785,1,2023-07-11,2023-07-11,PL-WRO-01,, VM-BIK-0007 ,1,6732.74,0.0,PLN
SO-2023-007785,2,2023-07-11,2023-07-11,PL-WRO-01,,VM-ACC-0003,1,276.94,0.0,PLN
SO-2023-007785,3,2023-07-11,2023-07-11,PL-WRO-01,,VM-ACC-0004,1,744.89,0.0,PLN
SO-2023-007786,1,2023-07-11,2023-07-11,PL-WRO-01,C000863,VM-BIK-0008,1,5071.04,0.0,PLN
SO-2023-007787,1,2023-07-11,2023-07-11,PL-WRO-01,C003394,VM-CMP-0013,1,506.14,0.0,PLN
SO-2023-007787,2,2023-07-11,2023-07-11,PL-WRO-01,C003394,VM-ACC-0003,1,276.94,0.0,PLN
SO-2023-007787,3,2023-07-11,2023-07-11,PL-WRO-01,C003394,VM-EBK-0007,1,14038.49,0.0,PLN
SO-2023-007787,4,2023-07-11,2023-07-11,PL-WRO-01,C003394,VM-CMP-0014,2,410.64,0.0,PLN
SO-2023-007788,1,2023-07-11,2023-07-11,PL-GDN-01,C003395,VM-ACC-0023,1,888.14,0.0,PLN
SO-2023-007789,1,2023-07-11,2023-07-12,PL-WEB-01,C003396,VM-NUT-0001,7,8.59,0.0,PLN
SO-2023-007790,1,2023-07-11,2023-07-13,PL-WEB-01,C003397,VM-ACC-0021,1,744.89,0.0,PLN
SO-2023-007790,2,2023-07-11,2023-07-13,PL-WEB-01,C003397,VM-APP-0002,2,420.19,0.0,PLN
SO-2023-007790,3,2023-07-11,2023-07-13,PL-WEB-01,C003397,VM-BIK-0007,1,6732.74,0.0,PLN
SO-2023-007791,1,2023-07-11,2023-07-15,PL-WEB-01,C002841,VM-APP-0009,2,334.24,0.0,PLN
SO-2023-007791,2,2023-07-11,2023-07-15,PL-WEB-01,C002841,VM-APP-0010,1,162.34,0.0,PLN
SO-2023-007792,1,2023-07-11,2023-07-14,PL-WEB-01,C000241,VM-BIK-0007,1,6732.74,0.0,PLN
SO-2023-007793,1,2023-07-11,2023-07-13,PL-WEB-01,C002965,VM-ACC-0014,1,105.04,0.0,PLN
SO-2023-007794,1,2023-07-11,2023-07-12,PL-WEB-01,C003398,VM-BIK-0016,1,3428.44,0.0,PLN
SO-2023-007795,1,2023-07-11,2023-07-15,PL-WEB-01,C003399,VM-APP-0018,2,124.14,0.0,PLN
SO-2023-007796,1,2023-07-11,2023-07-14,PL-WEB-01,C002244,VM-NUT-0002,5,14.32,0.0,PLN
SO-2023-007796,2,2023-07-11,2023-07-14,PL-WEB-01,C002244,VM-APP-0010,2,162.34,0.0,PLN
SO-2023-007797,1,2023-07-11,2023-07-12,PL-WEB-01,C002783,VM-CMP-0015,1,878.59,0.05,PLN
SO-2023-007798,1,2023-07-11,2023-07-12,PL-WEB-01,C003400,VM-NUT-0002,5,14.32,0.0,PLN
SO-2023-007798,2,2023-07-11,2023-07-12,PL-WEB-01,C003400,VM-CMP-0019,1,200.54,0.0,PLN
SO-2023-007798,3,2023-07-11,2023-07-12,PL-WEB-01,C003400,VM-BIK-0007,1,6732.74,0.0,PLN
SO-2023-007798,4,2023-07-11,2023-07-12,PL-WEB-01,C003400,VM-ACC-0020,1,773.54,0.1,PLN
SO-2023-007799,1,2023-07-11,2023-07-15,PL-WEB-01,C001669,VM-BIK-0004,1,4077.84,0.0,PLN
SO-2023-007800,1,2023-07-11,2023-07-15,PL-WEB-01,C002759,VM-APP-0019,1,63.02,0.05,PLN
SO-2023-007800,2,2023-07-11,2023-07-15,PL-WEB-01,C002759,VM-BIK-0009,1,5386.19,0.05,PLN
SO-2023-007801,1,2023-07-11,2023-07-14,PL-WEB-01,C003401,VM-CMP-0007,2,601.64,0.0,PLN
SO-2023-007802,1,2023-07-11,2023-07-14,PL-WEB-01,C003402,VM-NUT-0005,12,8.59,0.1,PLN
SO-2023-007803,1,2023-07-11,2023-07-12,PL-WEB-01,C002047,VM-ACC-0008,3,381.99,0.1,PLN
SO-2023-007804,1,2023-07-11,2023-07-12,PL-WEB-01,C002846,VM-NUT-0002,12,14.32,0.0,PLN
SO-2023-007805,1,2023-07-11,2023-07-14,PL-WEB-01,C003403,VM-CMP-0006,1,190.99,0.0,PLN
SO-2023-007805,2,2023-07-11,2023-07-14,PL-WEB-01,C003403,VM-BIK-0003,1,6245.69,0.0,PLN
SO-2023-007805,3,2023-07-11,2023-07-14,PL-WEB-01,C003403,VM-BIK-0009,1,5386.19,0.0,PLN
SO-2023-007805,4,2023-07-11,2023-07-14,PL-WEB-01,C003403,VM-ACC-0023,1,888.14,0.0,PLN
SO-2023-007806,1,2023-07-11,2023-07-13,PL-MKT-01,C002176,VM-ACC-0018,3,47.74,0.05,PLN
SO-2023-007806,2,2023-07-11,2023-07-13,PL-MKT-01,C002176,VM-ACC-0010,1,238.74,0.05,PLN
SO-2023-007806,3,2023-07-11,2023-07-13,PL-MKT-01,C002176,VM-BIK-0011,1,8260.74,0.05,PLN
SO-2023-007806,4,2023-07-11,2023-07-13,PL-MKT-01,C002176,VM-ACC-0008,1,381.99,0.05,PLN
SO-2023-007807,1,2023-07-11,2023-07-13,PL-MKT-01,C000861,VM-BIK-0020,1,1155.54,0.0,PLN
SO-2023-007808,1,2023-07-11,2023-07-15,PL-MKT-01,C002676,VM-APP-0001,3,439.29,0.0,PLN
SO-2023-007809,1,2023-07-11,2023-07-11,CZ-PRG-01,C003404,VM-BIK-0012,1,59050.0,0.0,CZK
SO-2023-007809,2,2023-07-11,2023-07-11,CZ-PRG-01,C003404,VM-ACC-0008,1,2000.0,0.0,CZK
SO-2023-007809,3,2023-07-11,2023-07-11,CZ-PRG-01,C003404,VM-ACC-0001,1,1900.0,0.0,CZK
SO-2023-007810,1,2023-07-11,2023-07-11,CZ-PRG-01,C003405,VM-CMP-0013,1,2650.0,0.0,CZK
SO-2023-007811,1,2023-07-11,2023-07-12,CZ-WEB-01,C000536,VM-BIK-0002,2,48150.0,0.1,CZK
SO-2023-007811,2,2023-07-11,2023-07-12,CZ-WEB-01,C000536,VM-ACC-0008,6,2000.0,0.08,CZK
SO-2023-007812,1,2023-07-11,2023-07-13,CZ-WEB-01,C003406,VM-CMP-0009,1,1750.0,0.0,CZK
SO-2023-007813,1,2023-07-11,2023-07-15,CZ-WEB-01,C002766,VM-CMP-0017,2,2500.0,0.1,CZK
SO-2023-007813,2,2023-07-11,2023-07-15,CZ-WEB-01,C002766,VM-NUT-0001,5,45.0,0.0,CZK
SO-2023-007813,3,2023-07-11,2023-07-15,CZ-WEB-01,C002766,VM-ACC-0021,1,3900.0,0.0,CZK
SO-2023-007814,1,2023-07-11,2023-07-12,CZ-WEB-01,C003407,VM-NUT-0010,1,175.0,0.0,CZK
SO-2023-007815,1,2023-07-11,2023-07-15,CZ-WEB-01,C003408,VM-NUT-0009,1,425.0,0.0,CZK
SO-2023-007816,1,2023-07-11,2023-07-13,CZ-WEB-01,C003036,VM-EBK-0003,1,45450.0,0.0,CZK
SO-2023-007817,1,2023-07-11,2023-07-11,DE-BER-01,,VM-ACC-0022,1,329.79,0.0,EUR
SO-2023-007817,2,2023-07-11,2023-07-11,DE-BER-01,,VM-ACC-0020,1,170.14,0.0,EUR
SO-2023-007817,3,2023-07-11,2023-07-11,DE-BER-01,,VM-BIK-0020,1,254.17,0.0,EUR
SO-2023-007818,1,2023-07-11,2023-07-12,DE-WEB-01,C000824,VM-NUT-0006,7,2.1,0.05,EUR
SO-2023-007818,2,2023-07-11,2023-07-12,DE-WEB-01,C000824,VM-ACC-0007,2,75.62,0.05,EUR
SO-2023-007819,1,2023-07-11,2023-07-12,DE-WEB-01,C003409,VM-ACC-0021,1,163.84,0.0,EUR
SO-2023-007819,2,2023-07-11,2023-07-12,DE-WEB-01,C003409,VM-EBK-0008,1,3171.85,0.0,EUR
SO-2023-007820,1,2023-07-11,2023-07-14,DE-WEB-01,C003410,VM-ACC-0008,1,84.02,0.0,EUR
SO-2023-007820,2,2023-07-11,2023-07-14,DE-WEB-01,C003410,VM-NUT-0009,4,17.85,0.0,EUR
SO-2023-007821,1,2023-07-11,2023-07-13,DE-WEB-01,C003056,VM-APP-0017,1,39.91,0.0,EUR
SO-2023-007821,2,2023-07-11,2023-07-13,DE-WEB-01,C003056,VM-CMP-0013,2,111.33,0.0,EUR
SO-2023-007822,1,2023-07-11,2023-07-14,DE-WEB-01,C001468,VM-BIK-0006,1,1384.27,0.0,EUR
SO-2023-007822,2,2023-07-11,2023-07-14,DE-WEB-01,C001468,VM-BIK-0003,1,1373.77,0.0,EUR
SO-2023-007822,3,2023-07-11,2023-07-14,DE-WEB-01,C001468, VM-BIK-0009 ,1,1184.72,0.0,EUR
SO-2023-007822,4,2023-07-11,2023-07-14,DE-WEB-01,C001468,VM-BIK-0013,1,1008.27,0.0,EUR
SO-2023-007823,1,2023-07-11,2023-07-13,DE-WEB-01,C002057,VM-APP-0007,10,33.61,0.12,EUR
SO-2023-007824,1,2023-07-12,2023-07-12,PL-WAW-01,C003411,VM-EBK-0008,1,14420.49,0.0,PLN
SO-2023-007824,2,2023-07-12,2023-07-12,PL-WAW-01,C003411,VM-ACC-0008,1,381.99,0.0,PLN
SO-2023-007824,3,2023-07-12,2023-07-12,PL-WAW-01,C003411,VM-BIK-0022,1,1336.99,0.0,PLN
SO-2023-007825,1,2023-07-12,2023-07-12,PL-WAW-01,C003412,VM-APP-0002,3,420.19,0.05,PLN
SO-2023-007825,2,2023-07-12,2023-07-12,PL-WAW-01,C003412,VM-NUT-0004,5,6.68,0.05,PLN
SO-2023-007825,3,2023-07-12,2023-07-12,PL-WAW-01,C003412,VM-ACC-0008,1,381.99,0.05,PLN
SO-2023-007826,1,2023-07-12,2023-07-12,PL-WAW-01,C002981,VM-BIK-0017,1,1824.04,0.0,PLN
SO-2023-007826,2,2023-07-12,2023-07-12,PL-WAW-01,C002981,VM-ACC-0008,1,381.99,0.0,PLN
SO-2023-007826,3,2023-07-12,2023-07-12,PL-WAW-01,C002981,VM-ACC-0005,2,171.89,0.0,PLN
SO-2023-007827,1,2023-07-12,2023-07-12,PL-WAW-01,,VM-CMP-0022,4,34.37,0.0,PLN
SO-2023-007827,2,2023-07-12,2023-07-12,PL-WAW-01,,VM-APP-0009,2,334.24,0.0,PLN
SO-2023-007828,1,2023-07-12,2023-07-12,PL-WAW-01,C003413,VM-NUT-0009,2,81.17,0.05,PLN
SO-2023-007828,2,2023-07-12,2023-07-12,PL-WAW-01,C003413,VM-ACC-0001,1,362.89,0.05,PLN
SO-2023-007828,3,2023-07-12,2023-07-12,PL-WAW-01,C003413,VM-BIK-0013,1,4583.99,0.05,PLN
SO-2023-007828,4,2023-07-12,2023-07-12,PL-WAW-01,C003413,VM-ACC-0005,2,171.89,0.05,PLN
SO-2023-007829,1,2023-07-12,2023-07-12,PL-WAW-01,C001265,VM-NUT-0010,4,33.42,0.0,PLN
SO-2023-007830,1,2023-07-12,2023-07-12,PL-WAW-02,,VM-ACC-0008,1,381.99,0.0,PLN
SO-2023-007830,2,2023-07-12,2023-07-12,PL-WAW-02,,VM-EBK-0003,1,8680.94,0.0,PLN
SO-2023-007831,1,2023-07-12,2023-07-12,PL-WAW-02,,VM-ACC-0002,2,582.54,0.0,PLN
SO-2023-007832,1,2023-07-12,2023-07-12,PL-WAW-02,C001750,vm-bik-0020,1,1155.54,0.0,PLN
SO-2023-007832,2,2023-07-12,2023-07-12,PL-WAW-02,C001750,VM-EBK-0009,1,9464.04,0.0,PLN
SO-2023-007832,3,2023-07-12,2023-07-12,PL-WAW-02,C001750,VM-ACC-0008,2,381.99,0.0,PLN
SO-2023-007833,1,2023-07-12,2023-07-12,PL-WAW-02,C003414,VM-EBK-0003,1,8680.94,0.0,PLN
SO-2023-007833,2,2023-07-12,2023-07-12,PL-WAW-02,C003414,VM-ACC-0018,1,47.74,0.0,PLN
SO-2023-007834,1,2023-07-12,2023-07-12,PL-KRK-01,C001555,VM-APP-0007,2,152.79,0.05,PLN
SO-2023-007834,2,2023-07-12,2023-07-12,PL-KRK-01,C001555,VM-NUT-0011,1,51.56,0.1,PLN
SO-2023-007834,3,2023-07-12,2023-07-12,PL-KRK-01,C001555,VM-NUT-0001,7,8.59,0.05,PLN
SO-2023-007835,1,2023-07-12,2023-07-12,PL-KRK-01,C003103,VM-CMP-0008,2,420.19,0.0,PLN
SO-2023-007835,2,2023-07-12,2023-07-12,PL-KRK-01,C003103,VM-CMP-0012,1,515.69,0.0,PLN
SO-2023-007835,3,2023-07-12,2023-07-12,PL-KRK-01,C003103,VM-CMP-0004,1,687.59,0.0,PLN
SO-2023-007836,1,2023-07-12,2023-07-12,PL-KRK-01,C002944,VM-NUT-0005,6,8.59,0.05,PLN
SO-2023-007836,2,2023-07-12,2023-07-12,PL-KRK-01,C002944,VM-ACC-0008,2,381.99,0.05,PLN
SO-2023-007837,1,2023-07-12,2023-07-12,PL-KRK-01,C002982,VM-CMP-0001,1,381.99,0.0,PLN
SO-2023-007838,1,2023-07-12,2023-07-12,PL-KRK-01,C003415,VM-ACC-0017,2,55.38,0.0,PLN
SO-2023-007839,1,2023-07-12,2023-07-12,PL-KRK-01,,VM-APP-0005,2,171.89,0.0,PLN
SO-2023-007839,2,2023-07-12,2023-07-12,PL-KRK-01,,VM-ACC-0007,2,343.79,0.0,PLN
SO-2023-007839,3,2023-07-12,2023-07-12,PL-KRK-01,,VM-ACC-0009,1,381.99,0.0,PLN
SO-2023-007840,1,2023-07-12,2023-07-12,PL-WRO-01,,VM-NUT-0004,3,6.68,0.0,PLN
SO-2023-007840,2,2023-07-12,2023-07-12,PL-WRO-01,,VM-CMP-0002,1,534.79,0.0,PLN
SO-2023-007840,3,2023-07-12,2023-07-12,PL-WRO-01,,VM-EBK-0008,1,14420.49,0.0,PLN
SO-2023-007841,1,2023-07-12,2023-07-12,PL-WRO-01,C000921,VM-BIK-0011,1,8260.74,0.0,PLN
SO-2023-007842,1,2023-07-12,2023-07-12,PL-WRO-01,C001580,VM-ACC-0020,1,773.54,0.0,PLN
SO-2023-007843,1,2023-07-12,2023-07-12,PL-GDN-01,C002602,VM-BIK-0004,1,4077.84,0.0,PLN
SO-2023-007843,2,2023-07-12,2023-07-12,PL-GDN-01,C002602,VM-ACC-0006,1,907.24,0.0,PLN
SO-2023-007843,3,2023-07-12,2023-07-12,PL-GDN-01,C002602,VM-ACC-0008,1,381.99,0.0,PLN
SO-2023-007843,4,2023-07-12,2023-07-12,PL-GDN-01,C002602,VM-APP-0002,1,420.19,0.05,PLN
SO-2023-007844,1,2023-07-12,2023-07-12,PL-GDN-01,C003160, VM-APP-0002 ,1,420.19,0.0,PLN
SO-2023-007844,2,2023-07-12,2023-07-12,PL-GDN-01,C003160,VM-ACC-0001,1,362.89,0.0,PLN
SO-2023-007845,1,2023-07-12,2023-07-12,PL-GDN-01,C002929,VM-CMP-0016,1,2349.29,0.0,PLN
SO-2023-007846,1,2023-07-12,2023-07-12,PL-GDN-01,C002689,VM-BIK-0009,1,5386.19,0.0,PLN
SO-2023-007846,2,2023-07-12,2023-07-12,PL-GDN-01,C002689,VM-ACC-0014,1,105.04,0.0,PLN
SO-2023-007846,3,2023-07-12,2023-07-12,PL-GDN-01,C002689,VM-ACC-0018,1,47.74,0.0,PLN
SO-2023-007847,1,2023-07-12,2023-07-12,PL-GDN-01,C003149,VM-CMP-0022,5,34.37,0.08,PLN
SO-2023-007848,1,2023-07-12,2023-07-16,PL-WEB-01,C002050,VM-EBK-0001,1,7324.84,0.0,PLN
SO-2023-007849,1,2023-07-12,2023-07-14,PL-WEB-01,C003416,VM-NUT-0010,3,33.42,0.0,PLN
SO-2023-007849,2,2023-07-12,2023-07-14,PL-WEB-01,C003416,VM-CMP-0015,2,878.59,0.0,PLN
SO-2023-007849,3,2023-07-12,2023-07-14,PL-WEB-01,C003416,VM-CMP-0012,2,515.69,0.0,PLN
SO-2023-007849,4,2023-07-12,2023-07-14,PL-WEB-01,C003416,VM-CMP-0004,2,687.59,0.0,PLN
SO-2023-007850,1,2023-07-12,2023-07-13,PL-WEB-01,C003375,VM-BIK-0019,1,1155.54,0.0,PLN
SO-2023-007850,2,2023-07-12,2023-07-13,PL-WEB-01,C003375,VM-ACC-0003,1,276.94,0.0,PLN
SO-2023-007850,3,2023-07-12,2023-07-13,PL-WEB-01,C003375,VM-ACC-0012,1,68.75,0.0,PLN
SO-2023-007851,1,2023-07-12,2023-07-16,PL-WEB-01,C003417,VM-APP-0008,2,152.79,0.05,PLN
SO-2023-007851,2,2023-07-12,2023-07-16,PL-WEB-01,C003417,VM-APP-0007,1,152.79,0.0,PLN
SO-2023-007852,1,2023-07-12,2023-07-13,PL-WEB-01,C003418,VM-APP-0020,2,171.89,0.0,PLN
SO-2023-007852,2,2023-07-12,2023-07-13,PL-WEB-01,C003418,VM-CMP-0023,2,56.34,0.0,PLN
SO-2023-007852,3,2023-07-12,2023-07-13,PL-WEB-01,C003418,VM-NUT-0007,11,12.41,0.0,PLN
SO-2023-007853,1,2023-07-12,2023-07-14,PL-WEB-01,C000794,VM-APP-0017,2,181.44,0.0,PLN
SO-2023-007853,2,2023-07-12,2023-07-14,PL-WEB-01,C000794,VM-BIK-0007,1,6732.74,0.0,PLN
SO-2023-007854,1,2023-07-12,2023-07-16,PL-WEB-01,C000528,VM-BIK-0017,1,1824.04,0.0,PLN
SO-2023-007854,2,2023-07-12,2023-07-16,PL-WEB-01,C000528,VM-CMP-0009,2,334.24,0.0,PLN
SO-2023-007855,1,2023-07-12,2023-07-15,PL-MKT-01,C003419,VM-NUT-0010,1,33.42,0.05,PLN
SO-2023-007855,2,2023-07-12,2023-07-15,PL-MKT-01,C003419,VM-NUT-0006,3,9.54,0.05,PLN
SO-2023-007856,1,2023-07-12,2023-07-13,PL-MKT-01,C003420,VM-BIK-0006,1,6293.44,0.0,PLN
SO-2023-007856,2,2023-07-12,2023-07-13,PL-MKT-01,C003420,VM-ACC-0003,1,276.94,0.0,PLN
SO-2023-007857,1,2023-07-12,2023-07-16,PL-MKT-01,C003421,VM-ACC-0006,1,907.24,0.0,PLN
SO-2023-007857,2,2023-07-12,2023-07-16,PL-MKT-01,C003421,VM-ACC-0001,2,362.89,0.0,PLN
SO-2023-007857,3,2023-07-12,2023-07-16,PL-MKT-01,C003421,VM-NUT-0002,10,14.32,0.0,PLN
SO-2023-007858,1,2023-07-12,2023-07-15,PL-MKT-01,C003422,VM-NUT-0011,3,51.56,0.0,PLN
SO-2023-007858,2,2023-07-12,2023-07-15,PL-MKT-01,C003422,VM-NUT-0004,11,6.68,0.0,PLN
SO-2023-007859,1,2023-07-12,2023-07-16,PL-MKT-01,C002761,VM-APP-0020,1,171.89,0.0,PLN
SO-2023-007859,2,2023-07-12,2023-07-16,PL-MKT-01,C002761,VM-NUT-0001,8,8.59,0.0,PLN
SO-2023-007860,1,2023-07-12,2023-07-16,PL-MKT-01,C003423,VM-APP-0020,1,171.89,0.0,PLN
SO-2023-007861,1,2023-07-12,2023-07-13,PL-MKT-01,C001109,VM-ACC-0018,3,47.74,0.0,PLN
SO-2023-007861,2,2023-07-12,2023-07-13,PL-MKT-01,C001109,VM-BIK-0004,1,4077.84,0.0,PLN
SO-2023-007862,1,2023-07-12,2023-07-13,PL-MKT-01,C000369,VM-NUT-0003,5,10.5,0.05,PLN
SO-2023-007863,1,2023-07-12,2023-07-12,CZ-PRG-01,, VM-APP-0006 ,1,1550.0,0.0,CZK
SO-2023-007863,2,2023-07-12,2023-07-12,CZ-PRG-01,,VM-CMP-0022,1,180.0,0.0,CZK
SO-2023-007864,1,2023-07-12,2023-07-12,CZ-PRG-01,C001323, VM-ACC-0007 ,1,1800.0,0.0,CZK
SO-2023-007864,2,2023-07-12,2023-07-12,CZ-PRG-01,C001323,VM-NUT-0005,11,45.0,0.0,CZK
SO-2023-007865,1,2023-07-12,2023-07-12,CZ-PRG-01,C000527,VM-BIK-0004,1,21350.0,0.05,CZK
SO-2023-007866,1,2023-07-12,2023-07-16,CZ-WEB-01,C003424,VM-APP-0002,2,2200.0,0.05,CZK
SO-2023-007867,1,2023-07-12,2023-07-13,CZ-WEB-01,C003425,VM-NUT-0003,12,55.0,0.0,CZK
SO-2023-007868,1,2023-07-12,2023-07-16,CZ-WEB-01,C003426,VM-APP-0001,2,2300.0,0.0,CZK
SO-2023-007868,2,2023-07-12,2023-07-16,CZ-WEB-01,C003426,VM-BIK-0017,1,9550.0,0.0,CZK
SO-2023-007869,1,2023-07-12,2023-07-13,CZ-WEB-01,C000767,VM-BIK-0009,1,28200.0,0.1,CZK
SO-2023-007869,2,2023-07-12,2023-07-13,CZ-WEB-01,C000767,VM-ACC-0018,1,250.0,0.0,CZK
SO-2023-007869,3,2023-07-12,2023-07-13,CZ-WEB-01,C000767,VM-ACC-0013,1,850.0,0.0,CZK
SO-2023-007870,1,2023-07-12,2023-07-15,CZ-WEB-01,C001965,VM-APP-0001,1,2300.0,0.0,CZK
SO-2023-007871,1,2023-07-12,2023-07-16,CZ-WEB-01,C003427,VM-ACC-0010,1,1250.0,0.0,CZK
SO-2023-007871,2,2023-07-12,2023-07-16,CZ-WEB-01,C003427,VM-APP-0013,1,2200.0,0.0,CZK
SO-2023-007872,1,2023-07-12,2023-07-12,DE-BER-01,,VM-NUT-0009,1,17.85,0.0,EUR
SO-2023-007873,1,2023-07-12,2023-07-12,DE-BER-01,C003428,VM-ACC-0001,2,79.82,0.0,EUR
SO-2023-007873,2,2023-07-12,2023-07-12,DE-BER-01,C003428,VM-CMP-0017,1,105.03,0.0,EUR
SO-2023-007874,1,2023-07-12,2023-07-16,DE-WEB-01,C003429,VM-CMP-0001,1,84.02,0.0,EUR
SO-2023-007875,1,2023-07-12,2023-07-15,DE-WEB-01,C003430,VM-BIK-0007,1,1480.89,0.1,EUR
SO-2023-007875,2,2023-07-12,2023-07-15,DE-WEB-01,C003430,VM-APP-0010,2,35.71,0.0,EUR
SO-2023-007875,3,2023-07-12,2023-07-15,DE-WEB-01,C003430,VM-BIK-0019,1,254.17,0.0,EUR
SO-2023-007876,1,2023-07-12,2023-07-13,DE-WEB-01,C003431,VM-NUT-0004,5,1.47,0.0,EUR
SO-2023-007877,1,2023-07-12,2023-07-13,DE-WEB-01,C002524,VM-NUT-0005,12,1.89,0.0,EUR
SO-2023-007877,2,2023-07-12,2023-07-13,DE-WEB-01,C002524,VM-CMP-0009,2,73.52,0.0,EUR
SO-2023-007878,1,2023-07-13,2023-07-13,PL-WAW-01,C003432,VM-ACC-0014,1,105.04,0.0,PLN
SO-2023-007879,1,2023-07-13,2023-07-13,PL-WAW-01,C002881, VM-ACC-0019 ,1,47.74,0.05,PLN
SO-2023-007880,1,2023-07-13,2023-07-13,PL-WAW-01,C001860,VM-ACC-0008,2,381.99,0.05,PLN
SO-2023-007881,1,2023-07-13,2023-07-13,PL-WAW-01,C003433,VM-ACC-0014,1,105.04,0.0,PLN
SO-2023-007882,1,2023-07-13,2023-07-13,PL-WAW-01,C001536,VM-CMP-0010,1,372.44,0.0,PLN
SO-2023-007882,2,2023-07-13,2023-07-13,PL-WAW-01,C001536,VM-ACC-0021,1,744.89,0.0,PLN
SO-2023-007883,1,2023-07-13,2023-07-13,PL-WAW-02,C003434,VM-APP-0002,3,420.19,0.05,PLN
SO-2023-007883,2,2023-07-13,2023-07-13,PL-WAW-02,C003434,VM-BIK-0006,1,6293.44,0.05,PLN
SO-2023-007884,1,2023-07-13,2023-07-13,PL-WAW-02,C000292,VM-APP-0002,5,420.19,0.12,PLN
SO-2023-007885,1,2023-07-13,2023-07-13,PL-WAW-02,,VM-CMP-0013,2,506.14,0.0,PLN
SO-2023-007886,1,2023-07-13,2023-07-13,PL-KRK-01,,VM-BIK-0019,1,1155.54,0.0,PLN
SO-2023-007887,1,2023-07-13,2023-07-13,PL-KRK-01,C000222,VM-APP-0015,1,544.34,0.0,PLN
SO-2023-007888,1,2023-07-13,2023-07-13,PL-WRO-01,C002084,VM-CMP-0011,1,152.79,0.0,PLN
SO-2023-007889,1,2023-07-13,2023-07-13,PL-WRO-01,,VM-BIK-0012,1,11278.54,0.0,PLN
SO-2023-007889,2,2023-07-13,2023-07-13,PL-WRO-01,,VM-ACC-0008,2,381.99,0.0,PLN
SO-2023-007890,1,2023-07-13,2023-07-13,PL-WRO-01,C003435,VM-APP-0008,1,152.79,0.05,PLN
SO-2023-007890,2,2023-07-13,2023-07-13,PL-WRO-01,C003435,VM-BIK-0007,1,6732.74,0.05,PLN
SO-2023-007891,1,2023-07-13,2023-07-13,PL-GDN-01,C000393,VM-NUT-0006,12,9.54,0.0,PLN
SO-2023-007892,1,2023-07-13,2023-07-13,PL-GDN-01,C003436,VM-APP-0013,1,420.19,0.0,PLN
SO-2023-007893,1,2023-07-13,2023-07-13,PL-GDN-01,C003437,VM-CMP-0023,2,56.34,0.0,PLN
SO-2023-007894,1,2023-07-13,2023-07-13,PL-POZ-01,,VM-ACC-0012,1,68.75,0.1,PLN
SO-2023-007894,2,2023-07-13,2023-07-13,PL-POZ-01,,VM-EBK-0006,1,19233.69,0.0,PLN
SO-2023-007894,3,2023-07-13,2023-07-13,PL-POZ-01,,VM-BIK-0008,1,5071.04,0.0,PLN
SO-2023-007894,4,2023-07-13,2023-07-13,PL-POZ-01,,VM-BIK-0017,1,1824.04,0.0,PLN
SO-2023-007895,1,2023-07-13,2023-07-16,PL-WEB-01,C000341,VM-NUT-0006,3,9.54,0.0,PLN
SO-2023-007895,2,2023-07-13,2023-07-16,PL-WEB-01,C000341,VM-APP-0011,2,391.54,0.0,PLN
SO-2023-007896,1,2023-07-13,2023-07-16,PL-WEB-01,C002409, VM-CMP-0020 ,3,248.29,0.0,PLN
SO-2023-007897,1,2023-07-13,2023-07-17,PL-WEB-01,C003438,VM-NUT-0004,6,6.68,0.0,PLN
SO-2023-007897,2,2023-07-13,2023-07-17,PL-WEB-01,C003438,VM-ACC-0004,1,744.89,0.0,PLN
SO-2023-007898,1,2023-07-13,2023-07-16,PL-WEB-01,C003439,VM-BIK-0009,1,5386.19,0.1,PLN
SO-2023-007898,2,2023-07-13,2023-07-16,PL-WEB-01,C003439,VM-NUT-0010,4,33.42,0.0,PLN
SO-2023-007899,1,2023-07-13,2023-07-14,PL-WEB-01,C001245,VM-ACC-0008,1,381.99,0.0,PLN
SO-2023-007899,2,2023-07-13,2023-07-14,PL-WEB-01,C001245,vm-acc-0014,1,105.04,0.0,PLN
SO-2023-007899,3,2023-07-13,2023-07-14,PL-WEB-01,C001245,VM-APP-0002,1,420.19,0.0,PLN
SO-2023-007899,4,2023-07-13,2023-07-14,PL-WEB-01,C001245,VM-NUT-0004,4,6.68,0.0,PLN
SO-2023-007900,1,2023-07-13,2023-07-16,PL-WEB-01,C001813,vm-app-0006,3,296.04,0.0,PLN
SO-2023-007901,1,2023-07-13,2023-07-14,PL-WEB-01,C003440,VM-NUT-0009,3,81.17,0.0,PLN
SO-2023-007902,1,2023-07-13,2023-07-17,PL-WEB-01,C003441,VM-CMP-0020,2,248.29,0.05,PLN
SO-2023-007903,1,2023-07-13,2023-07-16,PL-WEB-01,C003257,VM-BIK-0012,1,11278.54,0.0,PLN
SO-2023-007904,1,2023-07-13,2023-07-17,PL-MKT-01,C003442,VM-APP-0001,3,439.29,0.0,PLN
SO-2023-007905,1,2023-07-13,2023-07-17,PL-MKT-01,C002626,VM-ACC-0014,1,105.04,0.0,PLN
SO-2023-007906,1,2023-07-13,2023-07-14,PL-MKT-01,C001461,VM-CMP-0016,1,2349.29,0.0,PLN
SO-2023-007906,2,2023-07-13,2023-07-14,PL-MKT-01,C001461,VM-NUT-0007,4,12.41,0.0,PLN
SO-2023-007906,3,2023-07-13,2023-07-14,PL-MKT-01,C001461,VM-NUT-0001,10,8.59,0.0,PLN
SO-2023-007906,4,2023-07-13,2023-07-14,PL-MKT-01,C001461,VM-ACC-0021,1,744.89,0.0,PLN
SO-2023-007907,1,2023-07-13,2023-07-15,PL-MKT-01,C003443,VM-EBK-0011,1,13981.19,0.0,PLN
SO-2023-007908,1,2023-07-13,2023-07-17,PL-MKT-01,C001815,VM-ACC-0018,3,47.74,0.0,PLN
SO-2023-007908,2,2023-07-13,2023-07-17,PL-MKT-01,C001815,VM-BIK-0022,1,1336.99,0.0,PLN
SO-2023-007908,3,2023-07-13,2023-07-17,PL-MKT-01,C001815,VM-NUT-0003,13,10.5,0.0,PLN
SO-2023-007908,4,2023-07-13,2023-07-17,PL-MKT-01,C001815,VM-BIK-0003,1,6245.69,0.0,PLN
SO-2023-007909,1,2023-07-13,2023-07-14,PL-MKT-01,C002132,VM-ACC-0022,1,1499.34,0.05,PLN
SO-2023-007909,2,2023-07-13,2023-07-14,PL-MKT-01,C002132,VM-ACC-0020,1,773.54,0.05,PLN
SO-2023-007910,1,2023-07-13,2023-07-14,PL-MKT-01,C001755,VM-APP-0010,2,162.34,0.0,PLN
SO-2023-007911,1,2023-07-13,2023-07-13,CZ-PRG-01,,VM-NUT-0010,3,175.0,0.0,CZK
SO-2023-007912,1,2023-07-13,2023-07-13,CZ-PRG-01,C003444,VM-NUT-0010,3,175.0,0.0,CZK
SO-2023-007913,1,2023-07-13,2023-07-13,CZ-PRG-01,,VM-BIK-0004,1,21350.0,0.0,CZK
SO-2023-007913,2,2023-07-13,2023-07-13,CZ-PRG-01,,VM-APP-0018,2,650.0,0.0,CZK
SO-2023-007914,1,2023-07-13,2023-07-13,CZ-PRG-01,,VM-BIK-0013,1,24000.0,0.0,CZK
SO-2023-007915,1,2023-07-13,2023-07-13,CZ-PRG-01,,VM-APP-0008,1,800.0,0.0,CZK
SO-2023-007916,1,2023-07-13,2023-07-13,CZ-PRG-01,C003445,VM-BIK-0007,1,35250.0,0.0,CZK
SO-2023-007916,2,2023-07-13,2023-07-13,CZ-PRG-01,C003445,VM-ACC-0002,2,3050.0,0.05,CZK
SO-2023-007916,3,2023-07-13,2023-07-13,CZ-PRG-01,C003445,VM-ACC-0003,1,1450.0,0.0,CZK
SO-2023-007917,1,2023-07-13,2023-07-15,CZ-WEB-01,C003446,VM-ACC-0006,2,4750.0,0.0,CZK
SO-2023-007917,2,2023-07-13,2023-07-15,CZ-WEB-01,C003446,VM-ACC-0007,2,1800.0,0.0,CZK
SO-2023-007917,3,2023-07-13,2023-07-15,CZ-WEB-01,C003446,VM-ACC-0014,1,550.0,0.0,CZK
SO-2023-007918,1,2023-07-13,2023-07-17,CZ-WEB-01,C002115,VM-ACC-0008,1,2000.0,0.05,CZK
SO-2023-007919,1,2023-07-13,2023-07-15,CZ-WEB-01,C000646,VM-APP-0020,1,900.0,0.05,CZK
SO-2023-007919,2,2023-07-13,2023-07-15,CZ-WEB-01,C000646,VM-BIK-0007,1,35250.0,0.05,CZK
SO-2023-007920,1,2023-07-13,2023-07-13,DE-BER-01,,VM-APP-0006,2,65.12,0.0,EUR
SO-2023-007921,1,2023-07-13,2023-07-13,DE-BER-01,C003447,VM-CMP-0017,2,105.03,0.0,EUR
SO-2023-007921,2,2023-07-13,2023-07-13,DE-BER-01,C003447,VM-APP-0006,1,65.12,0.0,EUR
SO-2023-007922,1,2023-07-13,2023-07-13,DE-BER-01,,VM-CMP-0023,3,12.39,0.0,EUR
SO-2023-007923,1,2023-07-13,2023-07-15,DE-WEB-01,C001367,VM-ACC-0018,1,10.5,0.0,EUR
SO-2023-007924,1,2023-07-13,2023-07-15,DE-WEB-01,C000675,VM-BIK-0012,1,2480.76,0.05,EUR
SO-2023-007924,2,2023-07-13,2023-07-15,DE-WEB-01,C000675,VM-ACC-0008,1,84.02,0.05,EUR
SO-2023-007924,3,2023-07-13,2023-07-15,DE-WEB-01,C000675,VM-ACC-0005,1,37.81,0.05,EUR
SO-2023-007925,1,2023-07-13,2023-07-15,DE-WEB-01,C003448,VM-BIK-0012,5,2480.76,0.08,EUR
SO-2023-007926,1,2023-07-14,2023-07-14,PL-WAW-01,C001616,VM-ACC-0008,1,381.99,0.0,PLN
SO-2023-007927,1,2023-07-14,2023-07-14,PL-WAW-01,C003449,VM-BIK-0009,1,5386.19,0.0,PLN
SO-2023-007928,1,2023-07-14,2023-07-14,PL-WAW-01,C000556,VM-ACC-0014,1,105.04,0.05,PLN
SO-2023-007929,1,2023-07-14,2023-07-14,PL-WAW-01,C001377,VM-CMP-0009,2,334.24,0.0,PLN
SO-2023-007929,2,2023-07-14,2023-07-14,PL-WAW-01,C001377,VM-BIK-0016,1,3428.44,0.0,PLN
SO-2023-007929,3,2023-07-14,2023-07-14,PL-WAW-01,C001377,VM-NUT-0005,5,8.59,0.05,PLN
SO-2023-007929,4,2023-07-14,2023-07-14,PL-WAW-01,C001377,VM-BIK-0013,1,4583.99,0.0,PLN
SO-2023-007930,1,2023-07-14,2023-07-14,PL-WAW-02,,VM-NUT-0004,12,6.68,0.0,PLN
SO-2023-007930,2,2023-07-14,2023-07-14,PL-WAW-02,,VM-BIK-0007,1,6732.74,0.0,PLN
SO-2023-007931,1,2023-07-14,2023-07-14,PL-WAW-02,C003065,VM-CMP-0009,2,334.24,0.1,PLN
SO-2023-007932,1,2023-07-14,2023-07-14,PL-WAW-02,C000136,VM-ACC-0017,1,55.38,0.0,PLN
SO-2023-007932,2,2023-07-14,2023-07-14,PL-WAW-02,C000136,VM-BIK-0002,1,9196.64,0.0,PLN
SO-2023-007933,1,2023-07-14,2023-07-14,PL-KRK-01,C003298,VM-NUT-0004,14,6.68,0.0,PLN
SO-2023-007933,2,2023-07-14,2023-07-14,PL-KRK-01,C003298,VM-APP-0020,1,171.89,0.0,PLN
SO-2023-007934,1,2023-07-14,2023-07-14,PL-KRK-01,C000670,VM-BIK-0019,1,1155.54,0.0,PLN
SO-2023-007935,1,2023-07-14,2023-07-14,PL-KRK-01,C003450,VM-NUT-0005,12,8.59,0.0,PLN
SO-2023-007935,2,2023-07-14,2023-07-14,PL-KRK-01,C003450,VM-CMP-0006,1,190.99,0.0,PLN
SO-2023-007936,1,2023-07-14,2023-07-14,PL-KRK-01,C003092,VM-ACC-0010,10,238.74,0.1,PLN
SO-2023-007937,1,2023-07-14,2023-07-14,PL-KRK-01,C003451,VM-EBK-0009,1,9464.04,0.0,PLN
SO-2023-007937,2,2023-07-14,2023-07-14,PL-KRK-01,C003451,VM-ACC-0004,2,744.89,0.0,PLN
SO-2023-007937,3,2023-07-14,2023-07-14,PL-KRK-01,C003451,VM-ACC-0008,1,381.99,0.0,PLN
SO-2023-007938,1,2023-07-14,2023-07-14,PL-KRK-01,C003452,VM-APP-0002,2,420.19,0.0,PLN
SO-2023-007939,1,2023-07-14,2023-07-14,PL-KRK-01,,VM-APP-0012,1,830.84,0.0,PLN
SO-2023-007940,1,2023-07-14,2023-07-14,PL-WRO-01,,VM-APP-0012,1,830.84,0.0,PLN
SO-2023-007941,1,2023-07-14,2023-07-14,PL-WRO-01,C003453,VM-ACC-0008,1,381.99,0.0,PLN
SO-2023-007942,1,2023-07-14,2023-07-14,PL-GDN-01,C000408,VM-NUT-0002,7,14.32,0.0,PLN
SO-2023-007942,2,2023-07-14,2023-07-14,PL-GDN-01,C000408,VM-NUT-0006,12,9.54,0.0,PLN
SO-2023-007943,1,2023-07-14,2023-07-14,PL-GDN-01,,VM-APP-0013,1,420.19,0.0,PLN
SO-2023-007944,1,2023-07-14,2023-07-14,PL-GDN-01,,VM-BIK-0007,1,6732.74,0.0,PLN
SO-2023-007944,2,2023-07-14,2023-07-14,PL-GDN-01,,VM-ACC-0018,3,47.74,0.0,PLN
SO-2023-007945,1,2023-07-14,2023-07-14,PL-GDN-01,,VM-NUT-0003,13,10.5,0.0,PLN
SO-2023-007946,1,2023-07-14,2023-07-14,PL-POZ-01,C000228,VM-BIK-0019,1,1155.54,0.0,PLN
SO-2023-007946,2,2023-07-14,2023-07-14,PL-POZ-01,C000228,VM-ACC-0018,1,47.74,0.0,PLN
SO-2023-007947,1,2023-07-14,2023-07-16,PL-WEB-01,C003454,VM-NUT-0010,1,33.42,0.0,PLN
SO-2023-007948,1,2023-07-14,2023-07-18,PL-WEB-01,C003455,VM-APP-0012,1,830.84,0.0,PLN
SO-2023-007948,2,2023-07-14,2023-07-18,PL-WEB-01,C003455,VM-CMP-0004,2,687.59,0.0,PLN
SO-2023-007949,1,2023-07-14,2023-07-18,PL-WEB-01,C000878,VM-BIK-0016,1,3428.44,0.0,PLN
SO-2023-007949,2,2023-07-14,2023-07-18,PL-WEB-01,C000878,VM-ACC-0008,1,381.99,0.0,PLN
SO-2023-007949,3,2023-07-14,2023-07-18,PL-WEB-01,C000878,VM-ACC-0017,1,55.38,0.0,PLN
SO-2023-007950,1,2023-07-14,2023-07-15,PL-WEB-01,C003456,VM-BIK-0020,1,1155.54,0.0,PLN
SO-2023-007951,1,2023-07-14,2023-07-15,PL-WEB-01,C003457,VM-BIK-0009,1,5386.19,0.0,PLN
SO-2023-007951,2,2023-07-14,2023-07-15,PL-WEB-01,C003457,VM-APP-0010,2,162.34,0.0,PLN
SO-2023-007952,1,2023-07-14,2023-07-17,PL-WEB-01,C003458,VM-APP-0018,2,124.14,0.0,PLN
SO-2023-007953,1,2023-07-14,2023-07-18,PL-WEB-01,C003459,VM-APP-0001,1,439.29,0.1,PLN
SO-2023-007953,2,2023-07-14,2023-07-18,PL-WEB-01,C003459,VM-BIK-0007,1,6732.74,0.0,PLN
SO-2023-007954,1,2023-07-14,2023-07-18,PL-WEB-01,C003460,VM-EBK-0003,1,8680.94,0.0,PLN
SO-2023-007954,2,2023-07-14,2023-07-18,PL-WEB-01,C003460,VM-ACC-0007,2,343.79,0.0,PLN
SO-2023-007954,3,2023-07-14,2023-07-18,PL-WEB-01,C003460,VM-ACC-0014,1,105.04,0.0,PLN
SO-2023-007955,1,2023-07-14,2023-07-16,PL-WEB-01,C003461,VM-ACC-0008,1,381.99,0.0,PLN
SO-2023-007955,2,2023-07-14,2023-07-16,PL-WEB-01,C003461,VM-NUT-0003,11,10.5,0.0,PLN
SO-2023-007956,1,2023-07-14,2023-07-16,PL-WEB-01,C003462,VM-ACC-0001,1,362.89,0.05,PLN
SO-2023-007956,2,2023-07-14,2023-07-16,PL-WEB-01,C003462,VM-BIK-0022,1,1336.99,0.05,PLN
SO-2023-007956,3,2023-07-14,2023-07-16,PL-WEB-01,C003462,VM-NUT-0009,3,81.17,0.05,PLN
SO-2023-007957,1,2023-07-14,2023-07-15,PL-MKT-01,C003463,VM-BIK-0016,1,3428.44,0.0,PLN
SO-2023-007958,1,2023-07-14,2023-07-18,PL-MKT-01,C003464,VM-BIK-0005,1,7076.54,0.0,PLN
SO-2023-007959,1,2023-07-14,2023-07-16,PL-MKT-01,C002745,VM-ACC-0022,1,1499.34,0.0,PLN
SO-2023-007960,1,2023-07-14,2023-07-18,PL-MKT-01,C002866,VM-CMP-0008,1,420.19,0.0,PLN
SO-2023-007960,2,2023-07-14,2023-07-18,PL-MKT-01,C002866,VM-APP-0006,2,296.04,0.0,PLN
SO-2023-007961,1,2023-07-14,2023-07-17,PL-MKT-01,C002998,VM-BIK-0017,1,1824.04,0.0,PLN
SO-2023-007962,1,2023-07-14,2023-07-17,PL-MKT-01,C000511,VM-ACC-0019,2,47.74,0.0,PLN
SO-2023-007963,1,2023-07-14,2023-07-17,PL-MKT-01,C003136,VM-NUT-0010,1,33.42,0.0,PLN
SO-2023-007964,1,2023-07-14,2023-07-16,PL-MKT-01,C003465,VM-APP-0019,1,63.02,0.05,PLN
SO-2023-007965,1,2023-07-14,2023-07-16,PL-MKT-01,C003092,VM-APP-0016,3,582.54,0.08,PLN
SO-2023-007966,1,2023-07-14,2023-07-15,PL-MKT-01,C003466,VM-NUT-0002,3,14.32,0.0,PLN
SO-2023-007967,1,2023-07-14,2023-07-17,PL-MKT-01,C001614,VM-ACC-0008,1,381.99,0.0,PLN
SO-2023-007968,1,2023-07-14,2023-07-14,CZ-PRG-01,,VM-CMP-0020,3,1300.0,0.0,CZK
SO-2023-007968,2,2023-07-14,2023-07-14,CZ-PRG-01,,VM-ACC-0014,1,550.0,0.0,CZK
SO-2023-007969,1,2023-07-14,2023-07-14,CZ-PRG-01,C003467,VM-BIK-0009,1,28200.0,0.0,CZK
SO-2023-007969,2,2023-07-14,2023-07-14,CZ-PRG-01,C003467,VM-ACC-0003,1,1450.0,0.0,CZK
SO-2023-007969,3,2023-07-14,2023-07-14,CZ-PRG-01,C003467,VM-ACC-0004,1,3900.0,0.0,CZK
SO-2023-007969,4,2023-07-14,2023-07-14,CZ-PRG-01,C003467, VM-ACC-0014 ,1,550.0,0.0,CZK
SO-2023-007970,1,2023-07-14,2023-07-14,CZ-PRG-01,C003468,VM-APP-0016,1,3050.0,0.0,CZK
SO-2023-007970,2,2023-07-14,2023-07-14,CZ-PRG-01,C003468,VM-ACC-0008,1,2000.0,0.05,CZK
SO-2023-007971,1,2023-07-14,2023-07-14,CZ-PRG-01,C001408,VM-ACC-0004,2,3900.0,0.0,CZK
SO-2023-007971,2,2023-07-14,2023-07-14,CZ-PRG-01,C001408,VM-BIK-0014,1,19150.0,0.0,CZK
SO-2023-007971,3,2023-07-14,2023-07-14,CZ-PRG-01,C001408,VM-BIK-0009,1,28200.0,0.0,CZK
SO-2023-007972,1,2023-07-14,2023-07-17,CZ-WEB-01,C003469,VM-BIK-0013,1,24000.0,0.0,CZK
SO-2023-007972,2,2023-07-14,2023-07-17,CZ-WEB-01,C003469,VM-APP-0020,1,900.0,0.0,CZK
SO-2023-007973,1,2023-07-14,2023-07-14,DE-BER-01,C000108,VM-APP-0012,1,182.75,0.0,EUR
SO-2023-007973,2,2023-07-14,2023-07-14,DE-BER-01,C000108,VM-BIK-0014,1,804.51,0.0,EUR
SO-2023-007974,1,2023-07-14,2023-07-14,DE-BER-01,,VM-NUT-0006,6,2.1,0.0,EUR
SO-2023-007975,1,2023-07-14,2023-07-14,DE-BER-01,C003470,VM-NUT-0011,4,11.34,0.0,EUR
SO-2023-007976,1,2023-07-14,2023-07-14,DE-BER-01,C002524,VM-CMP-0013,2,111.33,0.0,EUR
SO-2023-007977,1,2023-07-14,2023-07-17,DE-WEB-01,C003471,VM-APP-0003,3,65.12,0.0,EUR
SO-2023-007978,1,2023-07-14,2023-07-15,DE-WEB-01,C001675,VM-APP-0015,1,119.73,0.0,EUR
SO-2023-007978,2,2023-07-14,2023-07-15,DE-WEB-01,C001675,VM-CMP-0014,1,90.32,0.0,EUR
SO-2023-007978,3,2023-07-14,2023-07-15,DE-WEB-01,C001675,VM-NUT-0002,15,3.15,0.0,EUR
SO-2023-007979,1,2023-07-14,2023-07-16,DE-WEB-01,C003472,VM-ACC-0021,1,163.84,0.05,EUR
SO-2023-007980,1,2023-07-14,2023-07-15,DE-WEB-01,C003473,VM-APP-0019,2,13.86,0.0,EUR
SO-2023-007981,1,2023-07-14,2023-07-16,DE-WEB-01,C000675,VM-ACC-0017,3,12.18,0.05,EUR
SO-2023-007982,1,2023-07-14,2023-07-17,DE-WEB-01,C003474,VM-NUT-0004,14,1.47,0.0,EUR
SO-2023-007982,2,2023-07-14,2023-07-17,DE-WEB-01,C003474,VM-BIK-0019,1,254.17,0.0,EUR
SO-2023-007982,3,2023-07-14,2023-07-17,DE-WEB-01,C003474,VM-BIK-0007,1,1480.89,0.0,EUR
SO-2023-007983,1,2023-07-14,2023-07-15,DE-WEB-01,C003475,VM-ACC-0017,2,12.18,0.0,EUR
SO-2023-007983,2,2023-07-14,2023-07-15,DE-WEB-01,C003475,VM-BIK-0009,1,1184.72,0.0,EUR
SO-TEST-0012,1,2023-07-14,2023-07-14,TEST-01,TEST-QA,VM-EBK-0001,1,1.0,0.0,PLN
SO-2023-007984,1,2023-07-15,2023-07-15,PL-WAW-01,,VM-ACC-0002,1,582.54,0.0,PLN
SO-2023-007985,1,2023-07-15,2023-07-15,PL-WAW-01,C003476, VM-ACC-0007 ,8,343.79,0.12,PLN
SO-2023-007985,2,2023-07-15,2023-07-15,PL-WAW-01,C003476,VM-NUT-0007,60,12.41,0.12,PLN
SO-2023-007986,1,2023-07-15,2023-07-15,PL-WAW-01,C000041,VM-ACC-0020,1,773.54,0.0,PLN
SO-2023-007986,2,2023-07-15,2023-07-15,PL-WAW-01,C000041,VM-NUT-0004,4,6.68,0.0,PLN
SO-2023-007986,3,2023-07-15,2023-07-15,PL-WAW-01,C000041,VM-CMP-0013,1,506.14,0.0,PLN
SO-2023-007987,1,2023-07-15,2023-07-15,PL-WAW-01,C003477,VM-APP-0008,1,152.79,0.0,PLN
SO-2023-007988,1,2023-07-15,2023-07-15,PL-WAW-01,C003453,VM-APP-0012,1,830.84,0.0,PLN
SO-2023-007988,2,2023-07-15,2023-07-15,PL-WAW-01,C003453,VM-EBK-0011,1,13981.19,0.0,PLN
SO-2023-007989,1,2023-07-15,2023-07-15,PL-WAW-01,C003478,VM-ACC-0017,2,55.38,0.0,PLN
SO-2023-007989,2,2023-07-15,2023-07-15,PL-WAW-01,C003478,VM-CMP-0012,2,515.69,0.0,PLN
SO-2023-007990,1,2023-07-15,2023-07-15,PL-WAW-01,,VM-BIK-0002,1,9196.64,0.0,PLN
SO-2023-007990,2,2023-07-15,2023-07-15,PL-WAW-01,,VM-ACC-0002,1,582.54,0.0,PLN
SO-2023-007991,1,2023-07-15,2023-07-15,PL-WAW-01,,VM-ACC-0004,2,744.89,0.0,PLN
SO-2023-007992,1,2023-07-15,2023-07-15,PL-WAW-01,C002865,VM-NUT-0003,3,10.5,0.0,PLN
SO-2023-007993,1,2023-07-15,2023-07-15,PL-WAW-01,C002566,VM-CMP-0009,1,334.24,0.0,PLN
SO-2023-007993,2,2023-07-15,2023-07-15,PL-WAW-01,C002566,VM-BIK-0007,1,6732.74,0.0,PLN
SO-2023-007993,3,2023-07-15,2023-07-15,PL-WAW-01,C002566,VM-ACC-0007,2,343.79,0.0,PLN
SO-2023-007993,4,2023-07-15,2023-07-15,PL-WAW-01,C002566,VM-APP-0010,1,162.34,0.0,PLN
SO-2023-007994,1,2023-07-15,2023-07-15,PL-WAW-02,,VM-NUT-0010,1,33.42,0.0,PLN
SO-2023-007995,1,2023-07-15,2023-07-15,PL-WAW-02,,VM-EBK-0007,1,14038.49,0.1,PLN
SO-2023-007996,1,2023-07-15,2023-07-15,PL-WAW-02,C003479,VM-ACC-0001,1,362.89,0.0,PLN
SO-2023-007997,1,2023-07-15,2023-07-15,PL-KRK-01,C000420,VM-BIK-0010,1,6035.59,0.05,PLN
SO-2023-007998,1,2023-07-15,2023-07-15,PL-KRK-01,C003480,VM-NUT-0004,9,6.68,0.0,PLN
SO-2023-007998,2,2023-07-15,2023-07-15,PL-KRK-01,C003480,VM-APP-0012,1,830.84,0.0,PLN
SO-2023-007999,1,2023-07-15,2023-07-15,PL-KRK-01,C003481,VM-ACC-0012,1,68.75,0.0,PLN
SO-2023-007999,2,2023-07-15,2023-07-15,PL-KRK-01,C003481,VM-BIK-0017,1,1824.04,0.0,PLN
SO-2023-008000,1,2023-07-15,2023-07-15,PL-WRO-01,C003092,VM-BIK-0009,4,5386.19,0.12,PLN
SO-2023-008000,2,2023-07-15,2023-07-15,PL-WRO-01,C003092,VM-ACC-0001,6,362.89,0.1,PLN
SO-2023-008000,3,2023-07-15,2023-07-15,PL-WRO-01,C003092,VM-ACC-0018,4,47.74,0.12,PLN
SO-2023-008000,4,2023-07-15,2023-07-15,PL-WRO-01,C003092,VM-ACC-0005,10,171.89,0.1,PLN
SO-2023-008001,1,2023-07-15,2023-07-15,PL-WRO-01,C002273,VM-BIK-0002,1,9196.64,0.0,PLN
SO-2023-008001,2,2023-07-15,2023-07-15,PL-WRO-01,C002273,VM-CMP-0019,2,200.54,0.0,PLN
SO-2023-008001,3,2023-07-15,2023-07-15,PL-WRO-01,C002273,VM-NUT-0002,5,14.32,0.0,PLN
SO-2023-008002,1,2023-07-15,2023-07-15,PL-WRO-01,C003482,VM-ACC-0021,1,744.89,0.0,PLN
SO-2023-008003,1,2023-07-15,2023-07-15,PL-WRO-01,C002719,VM-NUT-0005,10,8.59,0.0,PLN
SO-2023-008004,1,2023-07-15,2023-07-15,PL-WRO-01,C002840,VM-NUT-0002,11,14.32,0.0,PLN
SO-2023-008004,2,2023-07-15,2023-07-15,PL-WRO-01,C002840,VM-NUT-0003,3,10.5,0.0,PLN
SO-2023-008004,3,2023-07-15,2023-07-15,PL-WRO-01,C002840,VM-CMP-0009,2,334.24,0.0,PLN
SO-2023-008005,1,2023-07-15,2023-07-15,PL-GDN-01,,VM-ACC-0014,1,105.04,0.0,PLN
SO-2023-008006,1,2023-07-15,2023-07-15,PL-GDN-01,C001058,VM-CMP-0004,2,687.59,0.1,PLN
SO-2023-008007,1,2023-07-15,2023-07-15,PL-GDN-01,,VM-NUT-0006,12,9.54,0.0,PLN
SO-2023-008007,2,2023-07-15,2023-07-15,PL-GDN-01,, VM-APP-0005 ,2,171.89,0.0,PLN
SO-2023-008007,3,2023-07-15,2023-07-15,PL-GDN-01,,VM-EBK-0011,1,13981.19,0.0,PLN
SO-2023-008008,1,2023-07-15,2023-07-15,PL-GDN-01,C002496,VM-BIK-0004,1,4077.84,0.0,PLN
SO-2023-008008,2,2023-07-15,2023-07-15,PL-GDN-01,C002496,VM-ACC-0009,1,381.99,0.0,PLN
SO-2023-008008,3,2023-07-15,2023-07-15,PL-GDN-01,C002496,VM-ACC-0008,2,381.99,0.0,PLN
SO-2023-008009,1,2023-07-15,2023-07-15,PL-GDN-01,,VM-APP-0010,2,162.34,0.0,PLN
SO-2023-008010,1,2023-07-15,2023-07-15,PL-GDN-01,C003483,VM-CMP-0021,2,45.83,0.0,PLN
SO-2023-008011,1,2023-07-15,2023-07-15,PL-POZ-01,C002918,VM-EBK-0003,1,8680.94,0.0,PLN
SO-2023-008011,2,2023-07-15,2023-07-15,PL-POZ-01,C002918,VM-ACC-0011,2,68.75,0.0,PLN
SO-2023-008012,1,2023-07-15,2023-07-15,PL-POZ-01,C002059,VM-NUT-0001,14,8.59,0.0,PLN
SO-2023-008013,1,2023-07-15,2023-07-15,PL-POZ-01,,VM-NUT-0006,10,9.54,0.0,PLN
SO-2023-008013,2,2023-07-15,2023-07-15,PL-POZ-01,,VM-NUT-0002,9,14.32,0.0,PLN
SO-2023-008014,1,2023-07-15,2023-07-19,PL-WEB-01,C002590,vm-cmp-0006,2,190.99,0.0,PLN
SO-2023-008014,2,2023-07-15,2023-07-19,PL-WEB-01,C002590,VM-ACC-0014,1,105.04,0.0,PLN
SO-2023-008015,1,2023-07-15,2023-07-18,PL-WEB-01,C001834,VM-BIK-0011,1,8260.74,0.0,PLN
SO-2023-008015,2,2023-07-15,2023-07-18,PL-WEB-01,C001834,VM-ACC-0018,2,47.74,0.0,PLN
SO-2023-008015,3,2023-07-15,2023-07-18,PL-WEB-01,C001834,VM-ACC-0004,2,744.89,0.0,PLN
SO-2023-008015,4,2023-07-15,2023-07-18,PL-WEB-01,C001834,VM-CMP-0017,2,477.49,0.0,PLN
SO-2023-008016,1,2023-07-15,2023-07-17,PL-WEB-01,C002273,vm-acc-0002,1,582.54,0.0,PLN
SO-2023-008017,1,2023-07-15,2023-07-18,PL-WEB-01,C003365,VM-NUT-0009,3,81.17,0.0,PLN
SO-2023-008017,2,2023-07-15,2023-07-18,PL-WEB-01,C003365,VM-BIK-0007,1,6732.74,0.0,PLN
SO-2023-008017,3,2023-07-15,2023-07-18,PL-WEB-01,C003365,VM-NUT-0010,4,33.42,0.0,PLN
SO-2023-008018,1,2023-07-15,2023-07-16,PL-WEB-01,C003484,VM-CMP-0013,1,506.14,0.0,PLN
SO-2023-008019,1,2023-07-15,2023-07-18,PL-WEB-01,C001388,VM-ACC-0009,4,381.99,0.08,PLN
SO-2023-008019,2,2023-07-15,2023-07-18,PL-WEB-01,C001388,VM-APP-0012,5,830.84,0.1,PLN
SO-2023-008020,1,2023-07-15,2023-07-16,PL-WEB-01,C003485,VM-EBK-0001,4,7324.84,0.1,PLN
SO-2023-008020,2,2023-07-15,2023-07-16,PL-WEB-01,C003485,VM-ACC-0017,4,55.38,0.12,PLN
SO-2023-008021,1,2023-07-15,2023-07-17,PL-WEB-01,C002721,VM-CMP-0011,2,152.79,0.0,PLN
SO-2023-008022,1,2023-07-15,2023-07-16,PL-WEB-01,C002507,VM-ACC-0001,2,362.89,0.05,PLN
SO-2023-008022,2,2023-07-15,2023-07-16,PL-WEB-01,C002507,VM-BIK-0017,1,1824.04,0.05,PLN
SO-2023-008023,1,2023-07-15,2023-07-19,PL-WEB-01,C003486,VM-BIK-0012,1,11278.54,0.0,PLN
SO-2023-008023,2,2023-07-15,2023-07-19,PL-WEB-01,C003486,VM-ACC-0014,1,105.04,0.0,PLN
SO-2023-008024,1,2023-07-15,2023-07-17,PL-WEB-01,C001668,VM-BIK-0020,1,1155.54,0.0,PLN
SO-2023-008025,1,2023-07-15,2023-07-18,PL-WEB-01,C003487,VM-NUT-0002,13,14.32,0.0,PLN
SO-2023-008026,1,2023-07-15,2023-07-18,PL-MKT-01,C003488,vm-acc-0007,2,343.79,0.05,PLN
SO-2023-008026,2,2023-07-15,2023-07-18,PL-MKT-01,C003488,VM-ACC-0014,1,105.04,0.05,PLN
SO-2023-008027,1,2023-07-15,2023-07-18,PL-MKT-01,C000872,VM-CMP-0013,2,506.14,0.0,PLN
SO-2023-008028,1,2023-07-15,2023-07-18,PL-MKT-01,C003489,VM-NUT-0003,6,10.5,0.0,PLN
SO-2023-008029,1,2023-07-15,2023-07-15,CZ-PRG-01,C003490,VM-ACC-0006,2,4750.0,0.0,CZK
SO-2023-008029,2,2023-07-15,2023-07-15,CZ-PRG-01,C003490,VM-NUT-0007,5,65.0,0.0,CZK
SO-2023-008030,1,2023-07-15,2023-07-15,CZ-PRG-01,C003491,VM-ACC-0007,1,1800.0,0.05,CZK
SO-2023-008031,1,2023-07-15,2023-07-15,CZ-PRG-01,,VM-CMP-0006,2,1000.0,0.0,CZK
SO-2023-008032,1,2023-07-15,2023-07-15,CZ-PRG-01,C000718,VM-BIK-0004,1,21350.0,0.0,CZK
SO-2023-008033,1,2023-07-15,2023-07-15,CZ-PRG-01,C003492,VM-NUT-0004,11,35.0,0.05,CZK
SO-2023-008033,2,2023-07-15,2023-07-15,CZ-PRG-01,C003492,VM-APP-0006,1,1550.0,0.05,CZK
SO-2023-008033,3,2023-07-15,2023-07-15,CZ-PRG-01,C003492,VM-BIK-0008,1,26550.0,0.05,CZK
SO-2023-008034,1,2023-07-15,2023-07-15,CZ-PRG-01,C001148,VM-NUT-0004,4,35.0,0.0,CZK
SO-2023-008035,1,2023-07-15,2023-07-15,CZ-PRG-01,C003493,VM-APP-0002,1,2200.0,0.0,CZK
SO-2023-008035,2,2023-07-15,2023-07-15,CZ-PRG-01,C003493,VM-NUT-0007,12,65.0,0.0,CZK
SO-2023-008036,1,2023-07-15,2023-07-18,CZ-WEB-01,C003494, VM-APP-0018 ,1,650.0,0.0,CZK
SO-2023-008037,1,2023-07-15,2023-07-16,CZ-WEB-01,C002547,VM-CMP-0020,4,1300.0,0.0,CZK
SO-2023-008038,1,2023-07-15,2023-07-16,CZ-WEB-01,C003495,VM-APP-0010,2,850.0,0.0,CZK
SO-2023-008038,2,2023-07-15,2023-07-16,CZ-WEB-01,C003495,VM-ACC-0003,2,1450.0,0.0,CZK
SO-2023-008038,3,2023-07-15,2023-07-16,CZ-WEB-01,C003495,VM-ACC-0008,2,2000.0,0.1,CZK
SO-2023-008039,1,2023-07-15,2023-07-16,CZ-WEB-01,C003496,VM-ACC-0018,2,250.0,0.05,CZK
SO-2023-008039,2,2023-07-15,2023-07-16,CZ-WEB-01,C003496,VM-APP-0001,2,2300.0,0.05,CZK
SO-2023-008040,1,2023-07-15,2023-07-18,DE-WEB-01,C002873,VM-NUT-0009,3,17.85,0.0,EUR
SO-2023-008040,2,2023-07-15,2023-07-18,DE-WEB-01,C002873,VM-APP-0005,3,37.81,0.0,EUR
SO-2023-008041,1,2023-07-15,2023-07-17,DE-WEB-01,C002141,VM-CMP-0007,2,132.33,0.05,EUR
SO-2023-008041,2,2023-07-15,2023-07-17,DE-WEB-01,C002141,VM-NUT-0006,5,2.1,0.05,EUR
SO-2023-008042,1,2023-07-15,2023-07-19,DE-WEB-01,C003497,VM-BIK-0018,1,504.13,0.0,EUR
SO-2023-008043,1,2023-07-15,2023-07-17,DE-WEB-01,C003498,VM-ACC-0014,1,23.1,0.0,EUR
SO-2023-008044,1,2023-07-15,2023-07-19,DE-WEB-01,C002524,VM-ACC-0015,1,73.52,0.0,EUR
SO-2023-008045,1,2023-07-16,2023-07-17,PL-WEB-01,C002265,VM-APP-0010,1,162.34,0.0,PLN
SO-2023-008045,2,2023-07-16,2023-07-17,PL-WEB-01,C002265,VM-ACC-0008,1,381.99,0.0,PLN
SO-2023-008045,3,2023-07-16,2023-07-17,PL-WEB-01,C002265,VM-NUT-0004,3,6.68,0.0,PLN
SO-2023-008046,1,2023-07-16,2023-07-17,PL-WEB-01,C002989,VM-APP-0013,1,420.19,0.0,PLN
SO-2023-008046,2,2023-07-16,2023-07-17,PL-WEB-01,C002989,VM-BIK-0007,1,6732.74,0.0,PLN
SO-2023-008046,3,2023-07-16,2023-07-17,PL-WEB-01,C002989,VM-BIK-0009,1,5386.19,0.0,PLN
SO-2023-008046,4,2023-07-16,2023-07-17,PL-WEB-01,C002989,VM-APP-0006,2,296.04,0.1,PLN
SO-2023-008047,1,2023-07-16,2023-07-18,PL-WEB-01,C002126,VM-CMP-0013,2,506.14,0.0,PLN
SO-2023-008048,1,2023-07-16,2023-07-19,PL-WEB-01,C003300,VM-APP-0012,1,830.84,0.0,PLN
SO-2023-008048,2,2023-07-16,2023-07-19,PL-WEB-01,C003300,VM-CMP-0018,3,59.2,0.0,PLN
SO-2023-008049,1,2023-07-16,2023-07-20,PL-WEB-01,C003499,VM-BIK-0021,1,1193.74,0.0,PLN
SO-2023-008050,1,2023-07-16,2023-07-20,PL-WEB-01,C003022,VM-ACC-0011,1,68.75,0.05,PLN
SO-2023-008051,1,2023-07-16,2023-07-20,PL-WEB-01,C003500,VM-NUT-0006,12,9.54,0.0,PLN
SO-2023-008051,2,2023-07-16,2023-07-20,PL-WEB-01,C003500,VM-ACC-0003,1,276.94,0.1,PLN
SO-2023-008052,1,2023-07-16,2023-07-20,PL-WEB-01,C002636,VM-APP-0011,1,391.54,0.0,PLN
SO-2023-008052,2,2023-07-16,2023-07-20,PL-WEB-01,C002636,VM-APP-0014,1,467.94,0.0,PLN
SO-2023-008053,1,2023-07-16,2023-07-18,PL-WEB-01,C001701,VM-NUT-0004,9,6.68,0.05,PLN
SO-2023-008053,2,2023-07-16,2023-07-18,PL-WEB-01,C001701,VM-ACC-0013,1,162.34,0.05,PLN
SO-2023-008054,1,2023-07-16,2023-07-18,PL-WEB-01,C002631,VM-ACC-0022,1,1499.34,0.0,PLN
SO-2023-008055,1,2023-07-16,2023-07-20,PL-WEB-01,C003149,VM-APP-0012,5,830.84,0.08,PLN
SO-2023-008056,1,2023-07-16,2023-07-20,PL-WEB-01,C003501,VM-BIK-0012,1,11278.54,0.0,PLN
SO-2023-008056,2,2023-07-16,2023-07-20,PL-WEB-01,C003501,VM-ACC-0008,2,381.99,0.0,PLN
SO-2023-008056,3,2023-07-16,2023-07-20,PL-WEB-01,C003501,VM-APP-0012,1,830.84,0.0,PLN
SO-2023-008057,1,2023-07-16,2023-07-19,PL-WEB-01,C003502,VM-EBK-0002,1,9502.24,0.0,PLN
SO-2023-008058,1,2023-07-16,2023-07-17,PL-MKT-01,C003503,VM-APP-0013,1,420.19,0.0,PLN
SO-2023-008058,2,2023-07-16,2023-07-17,PL-MKT-01,C003503,VM-CMP-0014,2,410.64,0.0,PLN
SO-2023-008059,1,2023-07-16,2023-07-20,PL-MKT-01,C003504,VM-NUT-0011,4,51.56,0.0,PLN
SO-2023-008059,2,2023-07-16,2023-07-20,PL-MKT-01,C003504,VM-ACC-0004,1,744.89,0.0,PLN
SO-2023-008060,1,2023-07-16,2023-07-19,PL-MKT-01,C002635,VM-ACC-0007,1,343.79,0.0,PLN
SO-2023-008060,2,2023-07-16,2023-07-19,PL-MKT-01,C002635,VM-APP-0006,2,296.04,0.0,PLN
SO-2023-008061,1,2023-07-16,2023-07-20,PL-MKT-01,C003505,VM-BIK-0007,1,6732.74,0.0,PLN
SO-2023-008062,1,2023-07-16,2023-07-20,PL-MKT-01,C003108,VM-EBK-0007,1,14038.49,0.0,PLN
SO-2023-008063,1,2023-07-16,2023-07-16,CZ-PRG-01,C003506,VM-NUT-0007,11,65.0,0.0,CZK
SO-2023-008063,2,2023-07-16,2023-07-16,CZ-PRG-01,C003506,VM-CMP-0013,2,2650.0,0.0,CZK
SO-2023-008063,3,2023-07-16,2023-07-16,CZ-PRG-01,C003506,VM-ACC-0002,1,3050.0,0.0,CZK
SO-2023-008063,4,2023-07-16,2023-07-16,CZ-PRG-01,C003506,VM-APP-0002,2,2200.0,0.0,CZK
SO-2023-008064,1,2023-07-16,2023-07-16,CZ-PRG-01,C003507,VM-ACC-0001,2,1900.0,0.0,CZK
SO-2023-008065,1,2023-07-16,2023-07-20,CZ-WEB-01,C000518,VM-APP-0012,1,4350.0,0.0,CZK
SO-2023-008066,1,2023-07-16,2023-07-18,CZ-WEB-01,C003508,VM-CMP-0001,2,2000.0,0.0,CZK
SO-2023-008066,2,2023-07-16,2023-07-18,CZ-WEB-01,C003508,VM-BIK-0012,1,59050.0,0.0,CZK
SO-2023-008066,3,2023-07-16,2023-07-18,CZ-WEB-01,C003508,VM-ACC-0023,1,4650.0,0.0,CZK
SO-2023-008067,1,2023-07-16,2023-07-20,CZ-WEB-01,C003509,VM-APP-0010,2,850.0,0.0,CZK
SO-2023-008068,1,2023-07-16,2023-07-17,CZ-WEB-01,C001863,VM-ACC-0012,2,360.0,0.12,CZK
SO-2023-008068,2,2023-07-16,2023-07-17,CZ-WEB-01,C001863,VM-ACC-0018,12,250.0,0.1,CZK
SO-2023-008069,1,2023-07-16,2023-07-20,CZ-WEB-01,C003510, VM-ACC-0017 ,1,290.0,0.0,CZK
SO-2023-008070,1,2023-07-16,2023-07-17,CZ-WEB-01,C000534,VM-CMP-0013,2,2650.0,0.0,CZK
SO-2023-008071,1,2023-07-16,2023-07-20,DE-WEB-01,C002900,VM-NUT-0004,5,1.47,0.0,EUR
SO-2023-008071,2,2023-07-16,2023-07-20,DE-WEB-01,C002900,VM-BIK-0007,1,1480.89,0.0,EUR
SO-2023-008071,3,2023-07-16,2023-07-20,DE-WEB-01,C002900,VM-ACC-0008,1,84.02,0.0,EUR
SO-2023-008071,4,2023-07-16,2023-07-20,DE-WEB-01,C002900,VM-APP-0002,1,92.42,0.0,EUR
SO-2023-008072,1,2023-07-16,2023-07-18,DE-WEB-01,C003511,VM-ACC-0008,2,84.02,0.05,EUR
SO-2023-008073,1,2023-07-16,2023-07-20,DE-WEB-01,C003512,VM-ACC-0013,1,35.71,0.0,EUR
SO-2023-008073,2,2023-07-16,2023-07-20,DE-WEB-01,C003512,VM-APP-0007,1,33.61,0.0,EUR
SO-2023-008073,3,2023-07-16,2023-07-20,DE-WEB-01,C003512,VM-BIK-0002,1,2022.84,0.0,EUR
SO-2023-008074,1,2023-07-16,2023-07-17,DE-WEB-01,C003513,VM-CMP-0013,2,111.33,0.0,EUR
SO-2023-008074,2,2023-07-16,2023-07-17,DE-WEB-01,C003513,VM-APP-0008,2,33.61,0.0,EUR
SO-2023-008075,1,2023-07-16,2023-07-20,DE-WEB-01,C003514,VM-ACC-0008,1,84.02,0.0,EUR
SO-2023-008076,1,2023-07-16,2023-07-18,DE-WEB-01,C003515,VM-ACC-0020,1,170.14,0.0,EUR
SO-2023-008076,2,2023-07-16,2023-07-18,DE-WEB-01,C003515,vm-ebk-0008,1,3171.85,0.0,EUR
SO-2023-008077,1,2023-07-16,2023-07-17,DE-WEB-01,C003516,VM-APP-0001,3,96.62,0.0,EUR
SO-2023-008077,2,2023-07-16,2023-07-17,DE-WEB-01,C003516,VM-CMP-0013,1,111.33,0.05,EUR
SO-2023-008077,3,2023-07-16,2023-07-17,DE-WEB-01,C003516,VM-EBK-0009,1,2081.66,0.05,EUR
SO-2023-008077,4,2023-07-16,2023-07-17,DE-WEB-01,C003516,VM-BIK-0018,1,504.13,0.0,EUR
SO-2023-008078,1,2023-07-17,2023-07-17,PL-WAW-01,,VM-BIK-0012,1,11278.54,0.0,PLN
SO-2023-008078,2,2023-07-17,2023-07-17,PL-WAW-01,,VM-ACC-0008,1,381.99,0.0,PLN
SO-2023-008078,3,2023-07-17,2023-07-17,PL-WAW-01,,VM-ACC-0020,1,773.54,0.0,PLN
SO-2023-008079,1,2023-07-17,2023-07-17,PL-WAW-01,C000860,VM-NUT-0002,5,14.32,0.1,PLN
SO-2023-008079,2,2023-07-17,2023-07-17,PL-WAW-01,C000860,VM-NUT-0007,8,12.41,0.0,PLN
SO-2023-008079,3,2023-07-17,2023-07-17,PL-WAW-01,C000860,VM-ACC-0007,2,343.79,0.0,PLN
SO-2023-008079,4,2023-07-17,2023-07-17,PL-WAW-01,C000860,VM-NUT-0011,1,51.56,0.0,PLN
SO-2023-008080,1,2023-07-17,2023-07-17,PL-WAW-01,C003517,VM-ACC-0018,1,47.74,0.0,PLN
SO-2023-008080,2,2023-07-17,2023-07-17,PL-WAW-01,C003517,VM-BIK-0019,1,1155.54,0.0,PLN
SO-2023-008080,3,2023-07-17,2023-07-17,PL-WAW-01,C003517,VM-BIK-0007,1,6732.74,0.0,PLN
SO-2023-008081,1,2023-07-17,2023-07-17,PL-WAW-02,,VM-BIK-0011,1,8260.74,0.0,PLN
SO-2023-008082,1,2023-07-17,2023-07-17,PL-WAW-02,C003432,VM-NUT-0003,7,10.5,0.0,PLN
SO-2023-008083,1,2023-07-17,2023-07-17,PL-WAW-02,,VM-NUT-0011,2,51.56,0.0,PLN
SO-2023-008083,2,2023-07-17,2023-07-17,PL-WAW-02,,VM-ACC-0010,2,238.74,0.0,PLN
SO-2023-008083,3,2023-07-17,2023-07-17,PL-WAW-02,,VM-EBK-0003,1,8680.94,0.1,PLN
SO-2023-008084,1,2023-07-17,2023-07-17,PL-WAW-02,C001766,VM-APP-0001,2,439.29,0.05,PLN
SO-2023-008084,2,2023-07-17,2023-07-17,PL-WAW-02,C001766,VM-CMP-0006,1,190.99,0.05,PLN
SO-2023-008085,1,2023-07-17,2023-07-17,PL-KRK-01,C003518,VM-CMP-0017,2,477.49,0.0,PLN
SO-2023-008085,2,2023-07-17,2023-07-17,PL-KRK-01,C003518,VM-NUT-0004,11,6.68,0.0,PLN
SO-2023-008085,3,2023-07-17,2023-07-17,PL-KRK-01,C003518, VM-APP-0001 ,2,439.29,0.0,PLN
SO-2023-008086,1,2023-07-17,2023-07-17,PL-KRK-01,C002692,VM-APP-0007,2,152.79,0.0,PLN
SO-2023-008087,1,2023-07-17,2023-07-17,PL-KRK-01,C003519,vm-acc-0003,1,276.94,0.0,PLN
SO-2023-008088,1,2023-07-17,2023-07-17,PL-KRK-01,C003206,VM-ACC-0009,2,381.99,0.05,PLN
SO-2023-008088,2,2023-07-17,2023-07-17,PL-KRK-01,C003206,vm-acc-0014,1,105.04,0.0,PLN
SO-2023-008088,3,2023-07-17,2023-07-17,PL-KRK-01,C003206,VM-APP-0001,2,439.29,0.0,PLN
SO-2023-008089,1,2023-07-17,2023-07-17,PL-KRK-01,,VM-BIK-0006,1,6293.44,0.0,PLN
SO-2023-008089,2,2023-07-17,2023-07-17,PL-KRK-01,,VM-ACC-0007,2,343.79,0.0,PLN
SO-2023-008090,1,2023-07-17,2023-07-17,PL-KRK-01,C003520,VM-ACC-0008,2,381.99,0.0,PLN
SO-2023-008090,2,2023-07-17,2023-07-17,PL-KRK-01,C003520,VM-APP-0002,1,420.19,0.0,PLN
SO-2023-008090,3,2023-07-17,2023-07-17,PL-KRK-01,C003520,VM-APP-0003,2,296.04,0.0,PLN
SO-2023-008090,4,2023-07-17,2023-07-17,PL-KRK-01,C003520,VM-ACC-0003,2,276.94,0.0,PLN
SO-2023-008091,1,2023-07-17,2023-07-17,PL-WRO-01,,VM-ACC-0019,3,47.74,0.0,PLN
SO-2023-008092,1,2023-07-17,2023-07-17,PL-WRO-01,C003521,VM-NUT-0003,13,10.5,0.0,PLN
SO-2023-008093,1,2023-07-17,2023-07-17,PL-WRO-01,C003522,vm-acc-0019,1,47.74,0.0,PLN
SO-2023-008094,1,2023-07-17,2023-07-17,PL-WRO-01,C001461,VM-NUT-0004,14,6.68,0.0,PLN
SO-2023-008094,2,2023-07-17,2023-07-17,PL-WRO-01,C001461,VM-BIK-0016,1,3428.44,0.0,PLN
SO-2023-008095,1,2023-07-17,2023-07-17,PL-WRO-01,,vm-app-0019,2,63.02,0.0,PLN
SO-2023-008095,2,2023-07-17,2023-07-17,PL-WRO-01,,VM-CMP-0001,1,381.99,0.0,PLN
SO-2023-008095,3,2023-07-17,2023-07-17,PL-WRO-01,,VM-APP-0013,1,420.19,0.0,PLN
SO-2023-008096,1,2023-07-17,2023-07-17,PL-WRO-01,,VM-CMP-0014,2,410.64,0.0,PLN
SO-2023-008097,1,2023-07-17,2023-07-17,PL-GDN-01,C003103,VM-CMP-0009,2,334.24,0.0,PLN
SO-2023-008097,2,2023-07-17,2023-07-17,PL-GDN-01,C003103,VM-CMP-0012,2,515.69,0.0,PLN
SO-2023-008098,1,2023-07-17,2023-07-17,PL-GDN-01,C000310,VM-ACC-0008,2,381.99,0.0,PLN
SO-2023-008098,2,2023-07-17,2023-07-17,PL-GDN-01,C000310,VM-BIK-0019,1,1155.54,0.0,PLN
SO-2023-008099,1,2023-07-17,2023-07-17,PL-GDN-01,,VM-APP-0011,1,391.54,0.0,PLN
SO-2023-008100,1,2023-07-17,2023-07-17,PL-GDN-01,,VM-APP-0020,2,171.89,0.0,PLN
SO-2023-008101,1,2023-07-17,2023-07-17,PL-GDN-01,C003523,VM-APP-0013,1,420.19,0.0,PLN
SO-2023-008102,1,2023-07-17,2023-07-17,PL-POZ-01,C003524,VM-CMP-0017,2,477.49,0.0,PLN
SO-2023-008103,1,2023-07-17,2023-07-21,PL-WEB-01,C003525,VM-NUT-0003,10,10.5,0.0,PLN
SO-2023-008103,2,2023-07-17,2023-07-21,PL-WEB-01,C003525,VM-EBK-0003,1,8680.94,0.0,PLN
SO-2023-008104,1,2023-07-17,2023-07-21,PL-WEB-01,C001106,VM-CMP-0006,2,190.99,0.0,PLN
SO-2023-008104,2,2023-07-17,2023-07-21,PL-WEB-01,C001106,VM-APP-0001,1,439.29,0.0,PLN
SO-2023-008105,1,2023-07-17,2023-07-19,PL-WEB-01,C003155,VM-CMP-0019,2,200.54,0.0,PLN
SO-2023-008106,1,2023-07-17,2023-07-18,PL-WEB-01,C002403,VM-CMP-0009,1,334.24,0.0,PLN
SO-2023-008106,2,2023-07-17,2023-07-18,PL-WEB-01,C002403,VM-APP-0010,2,162.34,0.0,PLN
SO-2023-008107,1,2023-07-17,2023-07-19,PL-WEB-01,C003421,VM-APP-0019,1,63.02,0.0,PLN
SO-2023-008108,1,2023-07-17,2023-07-20,PL-WEB-01,C000707,VM-NUT-0004,13,6.68,0.0,PLN
SO-2023-008108,2,2023-07-17,2023-07-20,PL-WEB-01,C000707,VM-BIK-0004,1,4077.84,0.0,PLN
SO-2023-008109,1,2023-07-17,2023-07-19,PL-WEB-01,C003526,VM-ACC-0004,1,744.89,0.0,PLN
SO-2023-008110,1,2023-07-17,2023-07-21,PL-WEB-01,C003449, VM-ACC-0001 ,1,362.89,0.0,PLN
SO-2023-008111,1,2023-07-17,2023-07-20,PL-WEB-01,C000445,VM-NUT-0006,10,9.54,0.0,PLN
SO-2023-008111,2,2023-07-17,2023-07-20,PL-WEB-01,C000445,VM-NUT-0010,1,33.42,0.0,PLN
SO-2023-008112,1,2023-07-17,2023-07-21,PL-WEB-01,C001136,VM-ACC-0018,3,47.74,0.0,PLN
SO-2023-008113,1,2023-07-17,2023-07-19,PL-WEB-01,C003527,VM-APP-0019,2,63.02,0.0,PLN
SO-2023-008113,2,2023-07-17,2023-07-19,PL-WEB-01,C003527,VM-CMP-0013,1,506.14,0.0,PLN
SO-2023-008113,3,2023-07-17,2023-07-19,PL-WEB-01,C003527,VM-ACC-0012,1,68.75,0.0,PLN
SO-2023-008113,4,2023-07-17,2023-07-19,PL-WEB-01,C003527,VM-BIK-0007,1,6732.74,0.0,PLN
SO-2023-008114,1,2023-07-17,2023-07-18,PL-WEB-01,C001092,VM-CMP-0006,5,190.99,0.08,PLN
SO-2023-008114,2,2023-07-17,2023-07-18,PL-WEB-01,C001092,VM-CMP-0017,10,477.49,0.1,PLN
SO-2023-008115,1,2023-07-17,2023-07-20,PL-WEB-01,C001805,VM-NUT-0003,12,10.5,0.05,PLN
SO-2023-008115,2,2023-07-17,2023-07-20,PL-WEB-01,C001805,VM-ACC-0020,1,773.54,0.05,PLN
SO-2023-008116,1,2023-07-17,2023-07-20,PL-WEB-01,C002791,VM-ACC-0007,1,343.79,0.0,PLN
SO-2023-008117,1,2023-07-17,2023-07-18,PL-WEB-01,C003528, VM-APP-0002 ,3,420.19,0.05,PLN
SO-2023-008117,2,2023-07-17,2023-07-18,PL-WEB-01,C003528,VM-APP-0001,2,439.29,0.0,PLN
SO-2023-008118,1,2023-07-17,2023-07-19,PL-WEB-01,C003529,VM-BIK-0011,1,8260.74,0.0,PLN
SO-2023-008119,1,2023-07-17,2023-07-21,PL-WEB-01,C001756,VM-CMP-0013,2,506.14,0.0,PLN
SO-2023-008119,2,2023-07-17,2023-07-21,PL-WEB-01,C001756,VM-ACC-0020,1,773.54,0.0,PLN
SO-2023-008119,3,2023-07-17,2023-07-21,PL-WEB-01,C001756,VM-NUT-0005,10,8.59,0.0,PLN
SO-2023-008119,4,2023-07-17,2023-07-21,PL-WEB-01,C001756,VM-ACC-0015,1,334.24,0.0,PLN
SO-2023-008120,1,2023-07-17,2023-07-21,PL-WEB-01,C003069,VM-APP-0012,1,830.84,0.0,PLN
SO-2023-008120,2,2023-07-17,2023-07-21,PL-WEB-01,C003069,VM-ACC-0014,1,105.04,0.0,PLN
SO-2023-008121,1,2023-07-17,2023-07-19,PL-WEB-01,C002492,VM-ACC-0018,3,47.74,0.0,PLN
SO-2023-008122,1,2023-07-17,2023-07-18,PL-WEB-01,C001571,VM-APP-0001,1,439.29,0.0,PLN
SO-2023-008123,1,2023-07-17,2023-07-19,PL-MKT-01,C003530,VM-BIK-0010,1,6035.59,0.0,PLN
SO-2023-008123,2,2023-07-17,2023-07-19,PL-MKT-01,C003530,VM-ACC-0018,2,47.74,0.0,PLN
SO-2023-008124,1,2023-07-17,2023-07-20,PL-MKT-01,C003367,VM-NUT-0003,13,10.5,0.0,PLN
SO-2023-008125,1,2023-07-17,2023-07-21,PL-MKT-01,C000456,VM-ACC-0008,2,381.99,0.0,PLN
SO-2023-008126,1,2023-07-17,2023-07-20,PL-MKT-01,C001491,VM-APP-0001,1,439.29,0.05,PLN
SO-2023-008126,2,2023-07-17,2023-07-20,PL-MKT-01,C001491,vm-nut-0009,4,81.17,0.05,PLN
SO-2023-008127,1,2023-07-17,2023-07-21,PL-MKT-01,C003531,VM-NUT-0004,6,6.68,0.05,PLN
SO-2023-008128,1,2023-07-17,2023-07-21,PL-MKT-01,C001722,VM-NUT-0011,4,51.56,0.0,PLN
SO-2023-008128,2,2023-07-17,2023-07-21,PL-MKT-01,C001722,VM-EBK-0002,1,9502.24,0.0,PLN
SO-2023-008128,3,2023-07-17,2023-07-21,PL-MKT-01,C001722,VM-CMP-0019,4,200.54,0.0,PLN
SO-2023-008129,1,2023-07-17,2023-07-17,CZ-PRG-01,,VM-NUT-0009,2,425.0,0.0,CZK
SO-2023-008129,2,2023-07-17,2023-07-17,CZ-PRG-01,,VM-EBK-0008,1,75500.0,0.0,CZK
SO-2023-008129,3,2023-07-17,2023-07-17,CZ-PRG-01,,VM-BIK-0021,1,6250.0,0.0,CZK
SO-2023-008130,1,2023-07-17,2023-07-19,CZ-WEB-01,C000536,VM-NUT-0001,24,45.0,0.12,CZK
SO-2023-008130,2,2023-07-17,2023-07-19,CZ-WEB-01,C000536,vm-acc-0022,2,7850.0,0.1,CZK
SO-2023-008131,1,2023-07-17,2023-07-19,CZ-WEB-01,C001423,VM-BIK-0019,1,6050.0,0.0,CZK
SO-2023-008131,2,2023-07-17,2023-07-19,CZ-WEB-01,C001423,VM-ACC-0012,1,360.0,0.0,CZK
SO-2023-008132,1,2023-07-17,2023-07-20,CZ-WEB-01,C000583,VM-ACC-0003,2,1450.0,0.0,CZK
SO-2023-008133,1,2023-07-17,2023-07-18,DE-WEB-01,C001967,VM-BIK-0020,1,254.17,0.0,EUR
SO-2023-008134,1,2023-07-17,2023-07-21,DE-WEB-01,C003532,VM-APP-0001,1,96.62,0.0,EUR
SO-2023-008134,2,2023-07-17,2023-07-21,DE-WEB-01,C003532,VM-APP-0002,3,92.42,0.0,EUR
SO-2023-008134,3,2023-07-17,2023-07-21,DE-WEB-01,C003532,VM-APP-0015,1,119.73,0.0,EUR
SO-2023-008135,1,2023-07-17,2023-07-21,DE-WEB-01,C003533,VM-APP-0012,1,182.75,0.0,EUR
SO-2023-008135,2,2023-07-17,2023-07-21,DE-WEB-01,C003533,VM-ACC-0020,1,170.14,0.0,EUR
SO-2023-008136,1,2023-07-17,2023-07-20,DE-WEB-01,C003430,VM-ACC-0008,2,84.02,0.0,EUR
SO-2023-008137,1,2023-07-17,2023-07-19,DE-WEB-01,C003534,VM-BIK-0012,1,2480.76,0.0,EUR
SO-2023-008137,2,2023-07-17,2023-07-19,DE-WEB-01,C003534,VM-EBK-0010,1,2833.66,0.0,EUR
SO-2023-008138,1,2023-07-17,2023-07-19,DE-WEB-01,C002387,VM-ACC-0018,1,10.5,0.0,EUR
SO-2023-008139,1,2023-07-17,2023-07-20,DE-WEB-01,C003535,VM-EBK-0003,5,1909.41,0.12,EUR
SO-2023-008139,2,2023-07-17,2023-07-20,DE-WEB-01,C003535,VM-ACC-0007,6,75.62,0.12,EUR
SO-2023-008140,1,2023-07-18,2023-07-18,PL-WAW-01,,VM-APP-0012,1,830.84,0.0,PLN
SO-2023-008141,1,2023-07-18,2023-07-18,PL-WAW-01,,VM-CMP-0013,1,506.14,0.0,PLN
SO-2023-008141,2,2023-07-18,2023-07-18,PL-WAW-01,,VM-APP-0002,2,420.19,0.0,PLN
SO-2023-008141,3,2023-07-18,2023-07-18,PL-WAW-01,,VM-BIK-0017,1,1824.04,0.0,PLN
SO-2023-008142,1,2023-07-18,2023-07-18,PL-WAW-01,,VM-BIK-0004,1,4077.84,0.0,PLN
SO-2023-008142,2,2023-07-18,2023-07-18,PL-WAW-01,,VM-ACC-0002,2,582.54,0.0,PLN
SO-2023-008142,3,2023-07-18,2023-07-18,PL-WAW-01,,VM-ACC-0001,1,362.89,0.0,PLN
SO-2023-008143,1,2023-07-18,2023-07-18,PL-WAW-01,C001685,VM-BIK-0009,1,5386.19,0.0,PLN
SO-2023-008143,2,2023-07-18,2023-07-18,PL-WAW-01,C001685,VM-ACC-0018,3,47.74,0.0,PLN
SO-2023-008144,1,2023-07-18,2023-07-18,PL-WAW-01,,VM-APP-0007,2,152.79,0.0,PLN
SO-2023-008144,2,2023-07-18,2023-07-18,PL-WAW-01,,VM-NUT-0002,7,14.32,0.0,PLN
SO-2023-008144,3,2023-07-18,2023-07-18,PL-WAW-01,,VM-BIK-0018,1,2291.99,0.0,PLN
SO-2023-008145,1,2023-07-18,2023-07-18,PL-WAW-02,C002861,VM-APP-0020,2,171.89,0.0,PLN
SO-2023-008145,2,2023-07-18,2023-07-18,PL-WAW-02,C002861,VM-EBK-0001,1,7324.84,0.0,PLN
SO-2023-008145,3,2023-07-18,2023-07-18,PL-WAW-02,C002861,VM-BIK-0005,1,7076.54,0.0,PLN
SO-2023-008145,4,2023-07-18,2023-07-18,PL-WAW-02,C002861,VM-ACC-0009,2,381.99,0.0,PLN
SO-2023-008146,1,2023-07-18,2023-07-18,PL-WAW-02,C003536,VM-ACC-0010,2,238.74,0.0,PLN
SO-2023-008147,1,2023-07-18,2023-07-18,PL-WAW-02,C003537,VM-BIK-0018,1,2291.99,0.0,PLN
SO-2023-008147,2,2023-07-18,2023-07-18,PL-WAW-02,C003537,VM-APP-0010,1,162.34,0.0,PLN
SO-2023-008148,1,2023-07-18,2023-07-18,PL-KRK-01,,VM-APP-0002,2,420.19,0.05,PLN
SO-2023-008148,2,2023-07-18,2023-07-18,PL-KRK-01,,VM-ACC-0011,1,68.75,0.0,PLN
SO-2023-008148,3,2023-07-18,2023-07-18,PL-KRK-01,,VM-CMP-0019,4,200.54,0.0,PLN
SO-2023-008149,1,2023-07-18,2023-07-18,PL-WRO-01,C000769,VM-NUT-0007,12,12.41,0.12,PLN
SO-2023-008150,1,2023-07-18,2023-07-18,PL-WRO-01,C003538,VM-NUT-0002,9,14.32,0.0,PLN
SO-2023-008150,2,2023-07-18,2023-07-18,PL-WRO-01,C003538,VM-APP-0007,1,152.79,0.0,PLN
SO-2023-008151,1,2023-07-18,2023-07-18,PL-WRO-01,,VM-APP-0014,1,467.94,0.0,PLN
SO-2023-008151,2,2023-07-18,2023-07-18,PL-WRO-01,,VM-BIK-0015,1,2950.94,0.0,PLN
SO-2023-008151,3,2023-07-18,2023-07-18,PL-WRO-01,,VM-CMP-0002,2,534.79,0.0,PLN
SO-2023-008151,4,2023-07-18,2023-07-18,PL-WRO-01,,VM-CMP-0013,1,506.14,0.0,PLN
SO-2023-008152,1,2023-07-18,2023-07-18,PL-WRO-01,C001354,VM-EBK-0003,1,8680.94,0.0,PLN
SO-2023-008153,1,2023-07-18,2023-07-18,PL-POZ-01,C003539,VM-EBK-0006,1,19233.69,0.0,PLN
SO-2023-008153,2,2023-07-18,2023-07-18,PL-POZ-01,C003539,VM-ACC-0014,1,105.04,0.1,PLN
SO-2023-008153,3,2023-07-18,2023-07-18,PL-POZ-01,C003539,VM-BIK-0005,1,7076.54,0.0,PLN
SO-2023-008154,1,2023-07-18,2023-07-21,PL-WEB-01,C003540,VM-BIK-0021,1,1193.74,0.0,PLN
SO-2023-008154,2,2023-07-18,2023-07-21,PL-WEB-01,C003540,VM-ACC-0018,1,47.74,0.0,PLN
SO-2023-008155,1,2023-07-18,2023-07-22,PL-WEB-01,C002201,VM-ACC-0005,1,171.89,0.05,PLN
SO-2023-008155,2,2023-07-18,2023-07-22,PL-WEB-01,C002201,VM-NUT-0010,3,33.42,0.05,PLN
SO-2023-008156,1,2023-07-18,2023-07-19,PL-WEB-01,C003541,VM-NUT-0002,7,14.32,0.0,PLN
SO-2023-008157,1,2023-07-18,2023-07-21,PL-WEB-01,C001169,VM-CMP-0008,2,420.19,0.05,PLN
SO-2023-008157,2,2023-07-18,2023-07-21,PL-WEB-01,C001169,VM-ACC-0008,2,381.99,0.05,PLN
SO-2023-008158,1,2023-07-18,2023-07-22,PL-WEB-01,C003500,VM-NUT-0004,13,6.68,0.0,PLN
SO-2023-008159,1,2023-07-18,2023-07-20,PL-WEB-01,C001744,VM-APP-0001,2,439.29,0.0,PLN
SO-2023-008160,1,2023-07-18,2023-07-20,PL-WEB-01,C003542,VM-NUT-0004,8,6.68,0.0,PLN
SO-2023-008161,1,2023-07-18,2023-07-20,PL-WEB-01,C003436,VM-CMP-0012,2,515.69,0.0,PLN
SO-2023-008161,2,2023-07-18,2023-07-20,PL-WEB-01,C003436,VM-BIK-0015,1,2950.94,0.0,PLN
SO-2023-008161,3,2023-07-18,2023-07-20,PL-WEB-01,C003436,VM-BIK-0007,1,6732.74,0.0,PLN
SO-2023-008162,1,2023-07-18,2023-07-22,PL-WEB-01,C003543,VM-CMP-0008,2,420.19,0.05,PLN
SO-2023-008163,1,2023-07-18,2023-07-20,PL-MKT-01,C003544,VM-BIK-0005,2,7076.54,0.12,PLN
SO-2023-008163,2,2023-07-18,2023-07-20,PL-MKT-01,C003544,VM-ACC-0008,4,381.99,0.12,PLN
SO-2023-008163,3,2023-07-18,2023-07-20,PL-MKT-01,C003544,VM-CMP-0017,2,477.49,0.08,PLN
SO-2023-008164,1,2023-07-18,2023-07-21,PL-MKT-01,C001035,VM-ACC-0022,1,1499.34,0.0,PLN
SO-2023-008164,2,2023-07-18,2023-07-21,PL-MKT-01,C001035,VM-ACC-0008,1,381.99,0.0,PLN
SO-2023-008164,3,2023-07-18,2023-07-21,PL-MKT-01,C001035,VM-CMP-0001,1,381.99,0.0,PLN
SO-2023-008165,1,2023-07-18,2023-07-21,PL-MKT-01,C003545,VM-ACC-0018,2,47.74,0.0,PLN
SO-2023-008165,2,2023-07-18,2023-07-21,PL-MKT-01,C003545,VM-BIK-0019,1,1155.54,0.0,PLN
SO-2023-008166,1,2023-07-18,2023-07-21,PL-MKT-01,C003155,VM-APP-0013,1,420.19,0.0,PLN
SO-2023-008166,2,2023-07-18,2023-07-21,PL-MKT-01,C003155,VM-ACC-0014,1,105.04,0.0,PLN
SO-2023-008167,1,2023-07-18,2023-07-22,PL-MKT-01,C003546,vm-bik-0012,1,11278.54,0.0,PLN
SO-2023-008168,1,2023-07-18,2023-07-20,PL-MKT-01,C001581,VM-NUT-0004,15,6.68,0.0,PLN
SO-2023-008168,2,2023-07-18,2023-07-20,PL-MKT-01,C001581,VM-BIK-0017,1,1824.04,0.0,PLN
SO-2023-008169,1,2023-07-18,2023-07-21,PL-MKT-01,C001241,vm-bik-0007,1,6732.74,0.05,PLN
SO-2023-008170,1,2023-07-18,2023-07-19,PL-MKT-01,C001752,VM-NUT-0005,12,8.59,0.05,PLN
SO-2023-008170,2,2023-07-18,2023-07-19,PL-MKT-01,C001752,VM-APP-0013,1,420.19,0.05,PLN
SO-2023-008170,3,2023-07-18,2023-07-19,PL-MKT-01,C001752,VM-EBK-0011,1,13981.19,0.05,PLN
SO-2023-008171,1,2023-07-18,2023-07-18,CZ-PRG-01,,vm-bik-0010,1,31600.0,0.0,CZK
SO-2023-008171,2,2023-07-18,2023-07-18,CZ-PRG-01,,VM-ACC-0008,1,2000.0,0.0,CZK
SO-2023-008172,1,2023-07-18,2023-07-18,CZ-PRG-01,C002549,VM-EBK-0003,1,45450.0,0.0,CZK
SO-2023-008173,1,2023-07-18,2023-07-18,CZ-PRG-01,,VM-BIK-0017,1,9550.0,0.05,CZK
SO-2023-008174,1,2023-07-18,2023-07-22,CZ-WEB-01,C003547,VM-ACC-0020,1,4050.0,0.05,CZK
SO-2023-008174,2,2023-07-18,2023-07-22,CZ-WEB-01,C003547,VM-ACC-0007,1,1800.0,0.05,CZK
SO-2023-008175,1,2023-07-18,2023-07-21,CZ-WEB-01,C003548, VM-NUT-0004 ,11,35.0,0.0,CZK
SO-2023-008175,2,2023-07-18,2023-07-21,CZ-WEB-01,C003548,VM-NUT-0003,10,55.0,0.0,CZK
SO-2023-008175,3,2023-07-18,2023-07-21,CZ-WEB-01,C003548, VM-CMP-0018 ,4,310.0,0.0,CZK
SO-2023-008176,1,2023-07-18,2023-07-22,CZ-WEB-01,C000998,VM-APP-0010,2,850.0,0.0,CZK
SO-2023-008177,1,2023-07-18,2023-07-20,CZ-WEB-01,C003549,VM-CMP-0012,2,2700.0,0.0,CZK
SO-2023-008177,2,2023-07-18,2023-07-20,CZ-WEB-01,C003549,VM-CMP-0009,2,1750.0,0.0,CZK
SO-2023-008177,3,2023-07-18,2023-07-20,CZ-WEB-01,C003549,VM-BIK-0009,1,28200.0,0.0,CZK
SO-2023-008178,1,2023-07-18,2023-07-18,DE-BER-01,C003448,VM-NUT-0001,65,1.89,0.12,EUR
SO-2023-008178,2,2023-07-18,2023-07-18,DE-BER-01,C003448,VM-NUT-0006,21,2.1,0.08,EUR
SO-2023-008179,1,2023-07-18,2023-07-18,DE-BER-01,C003550,VM-BIK-0004,1,896.94,0.0,EUR
SO-2023-008180,1,2023-07-18,2023-07-18,DE-BER-01,,VM-ACC-0008,1,84.02,0.0,EUR
SO-2023-008181,1,2023-07-18,2023-07-19,DE-WEB-01,C000846,VM-BIK-0004,1,896.94,0.0,EUR
SO-2023-008182,1,2023-07-18,2023-07-21,DE-WEB-01,C002871,VM-APP-0014,1,102.93,0.0,EUR
SO-2023-008182,2,2023-07-18,2023-07-21,DE-WEB-01,C002871,VM-NUT-0004,15,1.47,0.0,EUR
SO-2023-008183,1,2023-07-18,2023-07-21,DE-WEB-01,C003551,VM-APP-0010,1,35.71,0.0,EUR
SO-2023-008184,1,2023-07-18,2023-07-19,DE-WEB-01,C000091,VM-BIK-0002,1,2022.84,0.0,EUR
SO-2023-008185,1,2023-07-18,2023-07-20,DE-WEB-01,C003552,VM-NUT-0002,9,3.15,0.05,EUR
SO-2023-008185,2,2023-07-18,2023-07-20,DE-WEB-01,C003552,VM-APP-0013,1,92.42,0.05,EUR
SO-2023-008185,3,2023-07-18,2023-07-20,DE-WEB-01,C003552,VM-CMP-0001,2,84.02,0.05,EUR
SO-2023-008186,1,2023-07-19,2023-07-19,PL-WAW-01,C003352,VM-NUT-0010,4,33.42,0.0,PLN
SO-2023-008186,2,2023-07-19,2023-07-19,PL-WAW-01,C003352,VM-APP-0001,1,439.29,0.0,PLN
SO-2023-008187,1,2023-07-19,2023-07-19,PL-WAW-01,C002801,VM-CMP-0010,2,372.44,0.08,PLN
SO-2023-008187,2,2023-07-19,2023-07-19,PL-WAW-01,C002801,VM-CMP-0001,8,381.99,0.1,PLN
SO-2023-008188,1,2023-07-19,2023-07-19,PL-WAW-01,C003074,VM-BIK-0005,1,7076.54,0.0,PLN
SO-2023-008189,1,2023-07-19,2023-07-19,PL-WAW-01,,VM-APP-0010,2,162.34,0.0,PLN
SO-2023-008190,1,2023-07-19,2023-07-19,PL-WAW-02,,VM-BIK-0012,1,11278.54,0.0,PLN
SO-2023-008190,2,2023-07-19,2023-07-19,PL-WAW-02,,VM-ACC-0008,2,381.99,0.0,PLN
SO-2023-008191,1,2023-07-19,2023-07-19,PL-WAW-02,C002776,VM-APP-0010,2,162.34,0.05,PLN
SO-2023-008191,2,2023-07-19,2023-07-19,PL-WAW-02,C002776,VM-ACC-0014,1,105.04,0.05,PLN
SO-2023-008191,3,2023-07-19,2023-07-19,PL-WAW-02,C002776,VM-NUT-0011,2,51.56,0.05,PLN
SO-2023-008192,1,2023-07-19,2023-07-19,PL-WAW-02,,VM-ACC-0001,2,362.89,0.0,PLN
SO-2023-008193,1,2023-07-19,2023-07-19,PL-WAW-02,C001604,VM-NUT-0004,12,6.68,0.0,PLN
SO-2023-008193,2,2023-07-19,2023-07-19,PL-WAW-02,C001604,VM-APP-0009,1,334.24,0.0,PLN
SO-2023-008193,3,2023-07-19,2023-07-19,PL-WAW-02,C001604,VM-APP-0010,1,162.34,0.0,PLN
SO-2023-008194,1,2023-07-19,2023-07-19,PL-KRK-01,C003249,VM-ACC-0007,1,343.79,0.0,PLN
SO-2023-008195,1,2023-07-19,2023-07-19,PL-KRK-01,C001659,VM-CMP-0008,2,420.19,0.0,PLN
SO-2023-008195,2,2023-07-19,2023-07-19,PL-KRK-01,C001659,VM-BIK-0018,1,2291.99,0.0,PLN
SO-2023-008195,3,2023-07-19,2023-07-19,PL-KRK-01,C001659,VM-CMP-0002,1,534.79,0.0,PLN
SO-2023-008195,4,2023-07-19,2023-07-19,PL-KRK-01,C001659,VM-ACC-0003,2,276.94,0.0,PLN
SO-2023-008196,1,2023-07-19,2023-07-19,PL-KRK-01,,VM-BIK-0008,1,5071.04,0.0,PLN
SO-2023-008197,1,2023-07-19,2023-07-19,PL-KRK-01,,VM-NUT-0006,11,9.54,0.1,PLN
SO-2023-008198,1,2023-07-19,2023-07-19,PL-WRO-01,C003553,VM-ACC-0012,1,68.75,0.0,PLN
SO-2023-008199,1,2023-07-19,2023-07-19,PL-WRO-01,C000994,VM-NUT-0004,9,6.68,0.0,PLN
SO-2023-008200,1,2023-07-19,2023-07-19,PL-WRO-01,,VM-ACC-0012,1,68.75,0.05,PLN
SO-2023-008201,1,2023-07-19,2023-07-19,PL-WRO-01,C000561,VM-ACC-0008,2,381.99,0.0,PLN
SO-2023-008202,1,2023-07-19,2023-07-19,PL-WRO-01,C000191,VM-NUT-0005,9,8.59,0.1,PLN
SO-2023-008202,2,2023-07-19,2023-07-19,PL-WRO-01,C000191,VM-APP-0012,1,830.84,0.0,PLN
SO-2023-008203,1,2023-07-19,2023-07-19,PL-WRO-01,C003554,VM-ACC-0018,3,47.74,0.0,PLN
SO-2023-008203,2,2023-07-19,2023-07-19,PL-WRO-01,C003554,VM-BIK-0007,1,6732.74,0.0,PLN
SO-2023-008204,1,2023-07-19,2023-07-19,PL-WRO-01,,vm-bik-0020,1,1155.54,0.0,PLN
SO-2023-008204,2,2023-07-19,2023-07-19,PL-WRO-01,,VM-CMP-0009,2,334.24,0.0,PLN
SO-2023-008204,3,2023-07-19,2023-07-19,PL-WRO-01,,VM-NUT-0009,3,81.17,0.05,PLN
SO-2023-008204,4,2023-07-19,2023-07-19,PL-WRO-01,,VM-ACC-0005,2,171.89,0.0,PLN
SO-2023-008205,1,2023-07-19,2023-07-19,PL-GDN-01,C002050,VM-ACC-0014,1,105.04,0.0,PLN
SO-2023-008205,2,2023-07-19,2023-07-19,PL-GDN-01,C002050,VM-BIK-0004,1,4077.84,0.0,PLN
SO-2023-008205,3,2023-07-19,2023-07-19,PL-GDN-01,C002050,VM-ACC-0011,1,68.75,0.0,PLN
SO-2023-008206,1,2023-07-19,2023-07-19,PL-POZ-01,C003555,VM-CMP-0017,2,477.49,0.05,PLN
SO-2023-008207,1,2023-07-19,2023-07-23,PL-WEB-01,C003556,VM-BIK-0001,1,13073.94,0.0,PLN
SO-2023-008208,1,2023-07-19,2023-07-20,PL-WEB-01,C003557,VM-APP-0002,2,420.19,0.0,PLN
SO-2023-008208,2,2023-07-19,2023-07-20,PL-WEB-01,C003557,VM-CMP-0013,2,506.14,0.0,PLN
SO-2023-008208,3,2023-07-19,2023-07-20,PL-WEB-01,C003557,VM-NUT-0003,15,10.5,0.0,PLN
SO-2023-008209,1,2023-07-19,2023-07-22,PL-WEB-01,C003558,VM-CMP-0017,2,477.49,0.05,PLN
SO-2023-008210,1,2023-07-19,2023-07-22,PL-WEB-01,C003559,VM-APP-0001,2,439.29,0.0,PLN
SO-2023-008210,2,2023-07-19,2023-07-22,PL-WEB-01,C003559,VM-APP-0002,2,420.19,0.0,PLN
SO-2023-008211,1,2023-07-19,2023-07-20,PL-WEB-01,C002269,VM-BIK-0011,1,8260.74,0.0,PLN
SO-2023-008211,2,2023-07-19,2023-07-20,PL-WEB-01,C002269,VM-ACC-0018,1,47.74,0.0,PLN
SO-2023-008212,1,2023-07-19,2023-07-23,PL-WEB-01,C001146,VM-BIK-0013,1,4583.99,0.05,PLN
SO-2023-008213,1,2023-07-19,2023-07-20,PL-WEB-01,C003560,VM-NUT-0002,12,14.32,0.0,PLN
SO-2023-008213,2,2023-07-19,2023-07-20,PL-WEB-01,C003560,VM-APP-0015,1,544.34,0.0,PLN
SO-2023-008214,1,2023-07-19,2023-07-20,PL-MKT-01,C003561,VM-ACC-0001,2,362.89,0.0,PLN
SO-2023-008215,1,2023-07-19,2023-07-22,PL-MKT-01,C003562,VM-ACC-0015,1,334.24,0.05,PLN
SO-2023-008216,1,2023-07-19,2023-07-23,PL-MKT-01,C000669,VM-CMP-0009,2,334.24,0.0,PLN
SO-2023-008216,2,2023-07-19,2023-07-23,PL-MKT-01,C000669,VM-BIK-0007,1,6732.74,0.0,PLN
SO-2023-008217,1,2023-07-19,2023-07-21,PL-MKT-01,C003563,VM-APP-0003,1,296.04,0.0,PLN
SO-2023-008218,1,2023-07-19,2023-07-21,PL-MKT-01,C002901,VM-ACC-0001,2,362.89,0.0,PLN
SO-2023-008218,2,2023-07-19,2023-07-21,PL-MKT-01,C002901,VM-CMP-0013,2,506.14,0.0,PLN
SO-2023-008219,1,2023-07-19,2023-07-23,PL-MKT-01,C003301,VM-ACC-0017,2,55.38,0.0,PLN
SO-2023-008219,2,2023-07-19,2023-07-23,PL-MKT-01,C003301,VM-ACC-0014,1,105.04,0.0,PLN
SO-2023-008219,3,2023-07-19,2023-07-23,PL-MKT-01,C003301,VM-BIK-0009,1,5386.19,0.0,PLN
SO-2023-008220,1,2023-07-19,2023-07-22,PL-MKT-01,C003564,VM-NUT-0002,4,14.32,0.0,PLN
SO-2023-008220,2,2023-07-19,2023-07-22,PL-MKT-01,C003564,VM-BIK-0018,1,2291.99,0.0,PLN
SO-2023-008221,1,2023-07-19,2023-07-21,PL-MKT-01,C001703,VM-BIK-0007,1,6732.74,0.0,PLN
SO-2023-008222,1,2023-07-19,2023-07-22,PL-MKT-01,C000098,VM-ACC-0013,1,162.34,0.0,PLN
SO-2023-008222,2,2023-07-19,2023-07-22,PL-MKT-01,C000098,VM-BIK-0008,1,5071.04,0.0,PLN
SO-2023-008223,1,2023-07-19,2023-07-19,CZ-PRG-01,C001364,VM-ACC-0011,1,360.0,0.0,CZK
SO-2023-008224,1,2023-07-19,2023-07-21,CZ-WEB-01,C003565,VM-CMP-0001,2,2000.0,0.0,CZK
SO-2023-008224,2,2023-07-19,2023-07-21,CZ-WEB-01,C003565,VM-CMP-0009,2,1750.0,0.0,CZK
SO-2023-008224,3,2023-07-19,2023-07-21,CZ-WEB-01,C003565,VM-APP-0005,1,900.0,0.0,CZK
SO-2023-008225,1,2023-07-19,2023-07-23,CZ-WEB-01,C002547,VM-ACC-0008,2,2000.0,0.0,CZK
SO-2023-008225,2,2023-07-19,2023-07-23,CZ-WEB-01,C002547,VM-ACC-0007,1,1800.0,0.0,CZK
SO-2023-008225,3,2023-07-19,2023-07-23,CZ-WEB-01,C002547,VM-APP-0002,1,2200.0,0.0,CZK
SO-2023-008226,1,2023-07-19,2023-07-22,CZ-WEB-01,C001672,VM-CMP-0009,2,1750.0,0.1,CZK
SO-2023-008227,1,2023-07-19,2023-07-19,DE-BER-01,C002082,VM-APP-0001,3,96.62,0.0,EUR
SO-2023-008227,2,2023-07-19,2023-07-19,DE-BER-01,C002082,VM-NUT-0002,4,3.15,0.0,EUR
SO-2023-008228,1,2023-07-19,2023-07-21,DE-WEB-01,C002971,VM-ACC-0017,3,12.18,0.05,EUR
SO-2023-008229,1,2023-07-19,2023-07-21,DE-WEB-01,C000360,VM-ACC-0008,1,84.02,0.0,EUR
SO-2023-008230,1,2023-07-19,2023-07-23,DE-WEB-01,C003566,VM-ACC-0004,2,163.84,0.0,EUR
SO-2023-008231,1,2023-07-19,2023-07-22,DE-WEB-01,C003567,VM-CMP-0023,3,12.39,0.05,EUR
SO-2023-008231,2,2023-07-19,2023-07-22,DE-WEB-01,C003567,VM-NUT-0004,12,1.47,0.05,EUR
SO-2023-008232,1,2023-07-19,2023-07-20,DE-WEB-01,C001872,VM-APP-0006,1,65.12,0.0,EUR
SO-2023-008233,1,2023-07-19,2023-07-20,DE-WEB-01,C000885,VM-CMP-0017,1,105.03,0.0,EUR
SO-2023-008234,1,2023-07-19,2023-07-20,DE-WEB-01,C003514,VM-BIK-0013,1,1008.27,0.0,EUR
SO-2023-008235,1,2023-07-19,2023-07-21,DE-WEB-01,C001675,VM-EBK-0003,1,1909.41,0.0,EUR
SO-2023-008236,1,2023-07-20,2023-07-20,PL-WAW-01,,VM-CMP-0009,2,334.24,0.0,PLN
SO-2023-008237,1,2023-07-20,2023-07-20,PL-WAW-01,C003568,VM-CMP-0015,1,878.59,0.0,PLN
SO-2023-008237,2,2023-07-20,2023-07-20,PL-WAW-01,C003568,VM-CMP-0008,2,420.19,0.0,PLN
SO-2023-008237,3,2023-07-20,2023-07-20,PL-WAW-01,C003568,VM-CMP-0013,1,506.14,0.0,PLN
SO-2023-008238,1,2023-07-20,2023-07-20,PL-WAW-01,,VM-ACC-0018,1,47.74,0.0,PLN
SO-2023-008238,2,2023-07-20,2023-07-20,PL-WAW-01,,VM-ACC-0017,3,55.38,0.0,PLN
SO-2023-008239,1,2023-07-20,2023-07-20,PL-WAW-01,,VM-NUT-0004,6,6.68,0.0,PLN
SO-2023-008240,1,2023-07-20,2023-07-20,PL-WAW-01,C002985,VM-BIK-0020,1,1155.54,0.0,PLN
SO-2023-008240,2,2023-07-20,2023-07-20,PL-WAW-01,C002985,VM-ACC-0015,1,334.24,0.0,PLN
SO-2023-008240,3,2023-07-20,2023-07-20,PL-WAW-01,C002985,VM-ACC-0008,2,381.99,0.0,PLN
SO-2023-008241,1,2023-07-20,2023-07-20,PL-WAW-02,,VM-ACC-0021,1,744.89,0.0,PLN
SO-2023-008241,2,2023-07-20,2023-07-20,PL-WAW-02,,VM-NUT-0003,3,10.5,0.0,PLN
SO-2023-008241,3,2023-07-20,2023-07-20,PL-WAW-02,,VM-BIK-0017,1,1824.04,0.0,PLN
SO-2023-008242,1,2023-07-20,2023-07-20,PL-WAW-02,,VM-NUT-0002,15,14.32,0.05,PLN
SO-2023-008243,1,2023-07-20,2023-07-20,PL-WAW-02,C003569,VM-ACC-0018,1,47.74,0.0,PLN
SO-2023-008244,1,2023-07-20,2023-07-20,PL-WAW-02,,VM-CMP-0006,1,190.99,0.0,PLN
SO-2023-008245,1,2023-07-20,2023-07-20,PL-KRK-01,C003560,VM-BIK-0012,1,11278.54,0.0,PLN
SO-2023-008245,2,2023-07-20,2023-07-20,PL-KRK-01,C003560,VM-ACC-0018,2,47.74,0.0,PLN
SO-2023-008246,1,2023-07-20,2023-07-20,PL-KRK-01,C000643,VM-ACC-0013,1,162.34,0.0,PLN
SO-2023-008246,2,2023-07-20,2023-07-20,PL-KRK-01,C000643,VM-APP-0010,1,162.34,0.0,PLN
SO-2023-008246,3,2023-07-20,2023-07-20,PL-KRK-01,C000643,VM-BIK-0009,1,5386.19,0.0,PLN
SO-2023-008246,4,2023-07-20,2023-07-20,PL-KRK-01,C000643,VM-NUT-0002,11,14.32,0.0,PLN
SO-2023-008247,1,2023-07-20,2023-07-20,PL-KRK-01,C001068,VM-CMP-0023,4,56.34,0.0,PLN
SO-2023-008248,1,2023-07-20,2023-07-20,PL-KRK-01,,VM-ACC-0013,1,162.34,0.0,PLN
SO-2023-008249,1,2023-07-20,2023-07-20,PL-KRK-01,C001046,VM-ACC-0021,4,744.89,0.1,PLN
SO-2023-008249,2,2023-07-20,2023-07-20,PL-KRK-01,C001046,VM-APP-0002,6,420.19,0.08,PLN
SO-2023-008250,1,2023-07-20,2023-07-20,PL-WRO-01,,VM-APP-0018,2,124.14,0.0,PLN
SO-2023-008251,1,2023-07-20,2023-07-20,PL-WRO-01,C003570,VM-NUT-0001,11,8.59,0.05,PLN
SO-2023-008252,1,2023-07-20,2023-07-20,PL-GDN-01,,VM-NUT-0003,13,10.5,0.0,PLN
SO-2023-008253,1,2023-07-20,2023-07-20,PL-GDN-01,C003571,VM-CMP-0008,1,420.19,0.0,PLN
SO-2023-008254,1,2023-07-20,2023-07-20,PL-GDN-01,,VM-ACC-0020,1,773.54,0.0,PLN
SO-2023-008255,1,2023-07-20,2023-07-20,PL-POZ-01,C000953,VM-APP-0010,2,162.34,0.05,PLN
SO-2023-008255,2,2023-07-20,2023-07-20,PL-POZ-01,C000953,VM-ACC-0005,1,171.89,0.05,PLN
SO-2023-008255,3,2023-07-20,2023-07-20,PL-POZ-01,C000953,VM-APP-0013,1,420.19,0.05,PLN
SO-2023-008256,1,2023-07-20,2023-07-20,PL-POZ-01,,VM-NUT-0001,12,8.59,0.0,PLN
SO-2023-008257,1,2023-07-20,2023-07-20,PL-POZ-01,C002013,VM-NUT-0002,10,14.32,0.0,PLN
SO-2023-008258,1,2023-07-20,2023-07-24,PL-WEB-01,C001046,VM-NUT-0001,12,8.59,0.08,PLN
SO-2023-008259,1,2023-07-20,2023-07-24,PL-WEB-01,C003572,VM-CMP-0015,2,878.59,0.0,PLN
SO-2023-008259,2,2023-07-20,2023-07-24,PL-WEB-01,C003572,VM-CMP-0006,2,190.99,0.0,PLN
SO-2023-008260,1,2023-07-20,2023-07-24,PL-WEB-01,C002909,VM-ACC-0003,1,276.94,0.0,PLN
SO-2023-008261,1,2023-07-20,2023-07-23,PL-WEB-01,C003573,VM-ACC-0013,1,162.34,0.0,PLN
SO-2023-008261,2,2023-07-20,2023-07-23,PL-WEB-01,C003573,VM-APP-0020,1,171.89,0.0,PLN
SO-2023-008261,3,2023-07-20,2023-07-23,PL-WEB-01,C003573,VM-NUT-0002,10,14.32,0.0,PLN
SO-2023-008262,1,2023-07-20,2023-07-24,PL-WEB-01,C003042,VM-CMP-0010,1,372.44,0.0,PLN
SO-2023-008263,1,2023-07-20,2023-07-24,PL-WEB-01,C000639,VM-ACC-0010,2,238.74,0.0,PLN
SO-2023-008264,1,2023-07-20,2023-07-22,PL-WEB-01,C003574,VM-BIK-0013,1,4583.99,0.05,PLN
SO-2023-008264,2,2023-07-20,2023-07-22,PL-WEB-01,C003574,VM-ACC-0011,2,68.75,0.05,PLN
SO-2023-008265,1,2023-07-20,2023-07-23,PL-WEB-01,C003575,VM-ACC-0008,2,381.99,0.0,PLN
SO-2023-008265,2,2023-07-20,2023-07-23,PL-WEB-01,C003575,VM-CMP-0013,1,506.14,0.0,PLN
SO-2023-008266,1,2023-07-20,2023-07-23,PL-WEB-01,C003576,VM-NUT-0001,11,8.59,0.0,PLN
SO-2023-008266,2,2023-07-20,2023-07-23,PL-WEB-01,C003576,VM-ACC-0008,1,381.99,0.0,PLN
SO-2023-008267,1,2023-07-20,2023-07-22,PL-WEB-01,C003577,VM-BIK-0007,1,6732.74,0.0,PLN
SO-2023-008267,2,2023-07-20,2023-07-22,PL-WEB-01,C003577,VM-ACC-0006,2,907.24,0.0,PLN
SO-2023-008268,1,2023-07-20,2023-07-22,PL-WEB-01,C003578,VM-CMP-0019,2,200.54,0.0,PLN
SO-2023-008268,2,2023-07-20,2023-07-22,PL-WEB-01,C003578,VM-CMP-0011,2,152.79,0.0,PLN
SO-2023-008269,1,2023-07-20,2023-07-23,PL-WEB-01,C002374,VM-BIK-0007,1,6732.74,0.05,PLN
SO-2023-008269,2,2023-07-20,2023-07-23,PL-WEB-01,C002374,VM-ACC-0009,1,381.99,0.0,PLN
SO-2023-008270,1,2023-07-20,2023-07-21,PL-WEB-01,C003579,VM-CMP-0007,2,601.64,0.0,PLN
SO-2023-008271,1,2023-07-20,2023-07-21,PL-WEB-01,C003368,VM-BIK-0012,1,11278.54,0.0,PLN
SO-2023-008272,1,2023-07-20,2023-07-21,PL-WEB-01,C003580,VM-NUT-0004,3,6.68,0.0,PLN
SO-2023-008272,2,2023-07-20,2023-07-21,PL-WEB-01,C003580,VM-NUT-0001,8,8.59,0.0,PLN
SO-2023-008272,3,2023-07-20,2023-07-21,PL-WEB-01,C003580,VM-CMP-0015,2,878.59,0.0,PLN
SO-2023-008273,1,2023-07-20,2023-07-21,PL-WEB-01,C003581,VM-EBK-0001,1,7324.84,0.0,PLN
SO-2023-008273,2,2023-07-20,2023-07-21,PL-WEB-01,C003581,vm-bik-0012,1,11278.54,0.0,PLN
SO-2023-008273,3,2023-07-20,2023-07-21,PL-WEB-01,C003581,VM-APP-0012,1,830.84,0.0,PLN
SO-2023-008274,1,2023-07-20,2023-07-22,PL-WEB-01,C003582,VM-NUT-0006,6,9.54,0.0,PLN
SO-2023-008274,2,2023-07-20,2023-07-22,PL-WEB-01,C003582,VM-NUT-0010,3,33.42,0.0,PLN
SO-2023-008274,3,2023-07-20,2023-07-22,PL-WEB-01,C003582,VM-ACC-0008,1,381.99,0.05,PLN
SO-2023-008275,1,2023-07-20,2023-07-21,PL-WEB-01,C003583,VM-CMP-0013,1,506.14,0.0,PLN
SO-2023-008276,1,2023-07-20,2023-07-23,PL-WEB-01,C003584,VM-BIK-0010,1,6035.59,0.0,PLN
SO-2023-008277,1,2023-07-20,2023-07-23,PL-WEB-01,C001418,VM-BIK-0011,1,8260.74,0.05,PLN
SO-2023-008277,2,2023-07-20,2023-07-23,PL-WEB-01,C001418,VM-ACC-0007,1,343.79,0.05,PLN
SO-2023-008278,1,2023-07-20,2023-07-24,PL-MKT-01,C003585,VM-ACC-0007,2,343.79,0.0,PLN
SO-2023-008279,1,2023-07-20,2023-07-24,PL-MKT-01,C000382,vm-ebk-0006,1,19233.69,0.05,PLN
SO-2023-008280,1,2023-07-20,2023-07-23,PL-MKT-01,C003032,VM-APP-0006,2,296.04,0.0,PLN
SO-2023-008281,1,2023-07-20,2023-07-21,PL-MKT-01,C000620,VM-APP-0014,1,467.94,0.0,PLN
SO-2023-008281,2,2023-07-20,2023-07-21,PL-MKT-01,C000620,VM-ACC-0014,1,105.04,0.0,PLN
SO-2023-008282,1,2023-07-20,2023-07-21,PL-MKT-01,C003586,vm-acc-0002,1,582.54,0.0,PLN
SO-2023-008282,2,2023-07-20,2023-07-21,PL-MKT-01,C003586,VM-ACC-0018,3,47.74,0.0,PLN
SO-2023-008282,3,2023-07-20,2023-07-21,PL-MKT-01,C003586,VM-BIK-0010,1,6035.59,0.1,PLN
SO-2023-008282,4,2023-07-20,2023-07-21,PL-MKT-01,C003586,VM-NUT-0005,8,8.59,0.0,PLN
SO-2023-008283,1,2023-07-20,2023-07-23,PL-MKT-01,C003587,vm-cmp-0017,1,477.49,0.0,PLN
SO-2023-008283,2,2023-07-20,2023-07-23,PL-MKT-01,C003587,VM-EBK-0007,1,14038.49,0.0,PLN
SO-2023-008284,1,2023-07-20,2023-07-24,PL-MKT-01,C003588,VM-CMP-0017,1,477.49,0.0,PLN
SO-2023-008284,2,2023-07-20,2023-07-24,PL-MKT-01,C003588,vm-nut-0010,3,33.42,0.0,PLN
SO-2023-008284,3,2023-07-20,2023-07-24,PL-MKT-01,C003588,VM-CMP-0016,2,2349.29,0.0,PLN
SO-2023-008285,1,2023-07-20,2023-07-20,CZ-PRG-01,,VM-BIK-0013,1,24000.0,0.0,CZK
SO-2023-008286,1,2023-07-20,2023-07-20,CZ-PRG-01,C001423,VM-NUT-0009,1,425.0,0.0,CZK
SO-2023-008286,2,2023-07-20,2023-07-20,CZ-PRG-01,C001423,VM-NUT-0003,14,55.0,0.0,CZK
SO-2023-008287,1,2023-07-20,2023-07-24,CZ-WEB-01,C003589,VM-ACC-0008,1,2000.0,0.0,CZK
SO-2023-008288,1,2023-07-20,2023-07-24,CZ-WEB-01,C003590,VM-BIK-0007,1,35250.0,0.05,CZK
SO-2023-008289,1,2023-07-20,2023-07-24,CZ-WEB-01,C000628,VM-NUT-0001,6,45.0,0.0,CZK
SO-2023-008289,2,2023-07-20,2023-07-24,CZ-WEB-01,C000628, VM-APP-0015 ,1,2850.0,0.0,CZK
SO-2023-008290,1,2023-07-20,2023-07-23,CZ-WEB-01,C003591,VM-NUT-0004,11,35.0,0.0,CZK
SO-2023-008291,1,2023-07-20,2023-07-22,CZ-WEB-01,C003592,vm-cmp-0014,1,2150.0,0.0,CZK
SO-2023-008292,1,2023-07-20,2023-07-20,DE-BER-01,,VM-CMP-0003,2,50.41,0.0,EUR
SO-2023-008292,2,2023-07-20,2023-07-20,DE-BER-01,,VM-APP-0008,2,33.61,0.0,EUR
SO-2023-008293,1,2023-07-20,2023-07-24,DE-WEB-01,C001803,VM-NUT-0003,12,2.31,0.0,EUR
SO-2023-008294,1,2023-07-20,2023-07-22,DE-WEB-01,C003593,VM-ACC-0001,4,79.82,0.12,EUR
SO-2023-008295,1,2023-07-20,2023-07-21,DE-WEB-01,C002871,VM-EBK-0001,1,1611.13,0.0,EUR
SO-2023-008295,2,2023-07-20,2023-07-21,DE-WEB-01,C002871,vm-bik-0012,1,2480.76,0.0,EUR
SO-2023-008296,1,2023-07-20,2023-07-23,DE-WEB-01,C002871,VM-ACC-0010,2,52.51,0.0,EUR
SO-2023-008297,1,2023-07-20,2023-07-24,DE-WEB-01,C001833,VM-ACC-0017,5,12.18,0.12,EUR
SO-2023-008298,1,2023-07-21,2023-07-21,PL-WAW-02,C000637,VM-EBK-0011,2,13981.19,0.1,PLN
SO-2023-008298,2,2023-07-21,2023-07-21,PL-WAW-02,C000637,VM-ACC-0008,8,381.99,0.12,PLN
SO-2023-008298,3,2023-07-21,2023-07-21,PL-WAW-02,C000637,VM-ACC-0002,4,582.54,0.12,PLN
SO-2023-008298,4,2023-07-21,2023-07-21,PL-WAW-02,C000637,VM-ACC-0017,6,55.38,0.08,PLN
SO-2023-008299,1,2023-07-21,2023-07-21,PL-WAW-02,C000139,VM-APP-0013,4,420.19,0.08,PLN
SO-2023-008300,1,2023-07-21,2023-07-21,PL-WAW-02,,VM-BIK-0010,1,6035.59,0.0,PLN
SO-2023-008301,1,2023-07-21,2023-07-21,PL-WAW-02,C003594,VM-CMP-0019,1,200.54,0.0,PLN
SO-2023-008301,2,2023-07-21,2023-07-21,PL-WAW-02,C003594,VM-BIK-0006,1,6293.44,0.0,PLN
SO-2023-008301,3,2023-07-21,2023-07-21,PL-WAW-02,C003594,VM-APP-0001,1,439.29,0.0,PLN
SO-2023-008302,1,2023-07-21,2023-07-21,PL-WAW-02,C000531,VM-CMP-0018,3,59.2,0.0,PLN
SO-2023-008303,1,2023-07-21,2023-07-21,PL-KRK-01,,VM-APP-0010,1,162.34,0.0,PLN
SO-2023-008303,2,2023-07-21,2023-07-21,PL-KRK-01,,VM-ACC-0004,1,744.89,0.0,PLN
SO-2023-008304,1,2023-07-21,2023-07-21,PL-KRK-01,C003595,VM-EBK-0007,1,14038.49,0.0,PLN
SO-2023-008305,1,2023-07-21,2023-07-21,PL-KRK-01,C003596,VM-APP-0001,2,439.29,0.0,PLN
SO-2023-008305,2,2023-07-21,2023-07-21,PL-KRK-01,C003596,VM-BIK-0020,1,1155.54,0.0,PLN
SO-2023-008306,1,2023-07-21,2023-07-21,PL-WRO-01,C003597,VM-NUT-0002,12,14.32,0.0,PLN
SO-2023-008306,2,2023-07-21,2023-07-21,PL-WRO-01,C003597,VM-ACC-0007,1,343.79,0.05,PLN
SO-2023-008307,1,2023-07-21,2023-07-21,PL-WRO-01,C002234,VM-NUT-0009,4,81.17,0.0,PLN
SO-2023-008308,1,2023-07-21,2023-07-21,PL-WRO-01,,VM-BIK-0020,1,1155.54,0.0,PLN
SO-2023-008308,2,2023-07-21,2023-07-21,PL-WRO-01,,VM-ACC-0007,2,343.79,0.0,PLN
SO-2023-008309,1,2023-07-21,2023-07-21,PL-WRO-01,C002273,VM-ACC-0008,1,381.99,0.0,PLN
SO-2023-008310,1,2023-07-21,2023-07-21,PL-GDN-01,C003598,VM-NUT-0010,3,33.42,0.0,PLN
SO-2023-008311,1,2023-07-21,2023-07-21,PL-GDN-01,C003599,VM-APP-0012,1,830.84,0.05,PLN
SO-2023-008312,1,2023-07-21,2023-07-21,PL-GDN-01,C002060,VM-ACC-0007,3,343.79,0.1,PLN
SO-2023-008312,2,2023-07-21,2023-07-21,PL-GDN-01,C002060,VM-NUT-0004,12,6.68,0.1,PLN
SO-2023-008313,1,2023-07-21,2023-07-21,PL-GDN-01,C003600,VM-NUT-0001,3,8.59,0.0,PLN
SO-2023-008314,1,2023-07-21,2023-07-21,PL-POZ-01,C002467,VM-BIK-0018,1,2291.99,0.05,PLN
SO-2023-008314,2,2023-07-21,2023-07-21,PL-POZ-01,C002467, VM-BIK-0020 ,1,1155.54,0.05,PLN
SO-2023-008314,3,2023-07-21,2023-07-21,PL-POZ-01,C002467,VM-ACC-0021,1,744.89,0.05,PLN
SO-2023-008315,1,2023-07-21,2023-07-25,PL-WEB-01,C000633,VM-NUT-0003,11,10.5,0.0,PLN
SO-2023-008316,1,2023-07-21,2023-07-22,PL-WEB-01,C003601,VM-CMP-0015,1,878.59,0.0,PLN
SO-2023-008316,2,2023-07-21,2023-07-22,PL-WEB-01,C003601,VM-CMP-0009,1,334.24,0.0,PLN
SO-2023-008317,1,2023-07-21,2023-07-23,PL-WEB-01,C003602,VM-ACC-0017,2,55.38,0.05,PLN
SO-2023-008318,1,2023-07-21,2023-07-25,PL-WEB-01,C003603,VM-BIK-0007,1,6732.74,0.0,PLN
SO-2023-008319,1,2023-07-21,2023-07-22,PL-WEB-01,C001250,VM-APP-0019,1,63.02,0.0,PLN
SO-2023-008320,1,2023-07-21,2023-07-23,PL-MKT-01,C000872,VM-CMP-0017,2,477.49,0.0,PLN
SO-2023-008320,2,2023-07-21,2023-07-23,PL-MKT-01,C000872,VM-APP-0007,2,152.79,0.0,PLN
SO-2023-008321,1,2023-07-21,2023-07-23,PL-MKT-01,C000240,VM-ACC-0008,1,381.99,0.0,PLN
SO-2023-008322,1,2023-07-21,2023-07-24,PL-MKT-01,C002087,VM-APP-0001,3,439.29,0.0,PLN
SO-2023-008323,1,2023-07-21,2023-07-23,PL-MKT-01,C002488,VM-ACC-0008,2,381.99,0.0,PLN
SO-2023-008323,2,2023-07-21,2023-07-23,PL-MKT-01,C002488,VM-CMP-0008,2,420.19,0.0,PLN
SO-2023-008324,1,2023-07-21,2023-07-21,CZ-PRG-01,C000568,VM-NUT-0004,15,35.0,0.0,CZK
SO-2023-008325,1,2023-07-21,2023-07-21,CZ-PRG-01,,VM-BIK-0007,1,35250.0,0.0,CZK
SO-2023-008325,2,2023-07-21,2023-07-21,CZ-PRG-01,,VM-ACC-0008,1,2000.0,0.0,CZK
SO-2023-008325,3,2023-07-21,2023-07-21,CZ-PRG-01,,VM-ACC-0013,1,850.0,0.0,CZK
SO-2023-008326,1,2023-07-21,2023-07-21,CZ-PRG-01,C003604,VM-CMP-0013,2,2650.0,0.0,CZK
SO-2023-008327,1,2023-07-21,2023-07-21,CZ-PRG-01,C003605,VM-BIK-0007,1,35250.0,0.0,CZK
SO-2023-008328,1,2023-07-21,2023-07-21,CZ-PRG-01,C003606,VM-CMP-0020,3,1300.0,0.0,CZK
SO-2023-008328,2,2023-07-21,2023-07-21,CZ-PRG-01,C003606,VM-APP-0012,1,4350.0,0.1,CZK
SO-2023-008329,1,2023-07-21,2023-07-25,CZ-WEB-01,C003607,VM-ACC-0014,1,550.0,0.0,CZK
SO-2023-008330,1,2023-07-21,2023-07-22,CZ-WEB-01,C000806,VM-APP-0009,2,1750.0,0.0,CZK
SO-2023-008330,2,2023-07-21,2023-07-22,CZ-WEB-01,C000806,VM-ACC-0018,2,250.0,0.0,CZK
SO-2023-008330,3,2023-07-21,2023-07-22,CZ-WEB-01,C000806,VM-APP-0010,2,850.0,0.0,CZK
SO-2023-008330,4,2023-07-21,2023-07-22,CZ-WEB-01,C000806,VM-EBK-0001,1,38350.0,0.0,CZK
SO-2023-008331,1,2023-07-21,2023-07-21,DE-BER-01,C000272,VM-BIK-0004,1,896.94,0.0,EUR
SO-2023-008331,2,2023-07-21,2023-07-21,DE-BER-01,C000272,VM-ACC-0002,2,128.13,0.0,EUR
SO-2023-008331,3,2023-07-21,2023-07-21,DE-BER-01,C000272,VM-ACC-0019,1,10.5,0.0,EUR
SO-2023-008332,1,2023-07-21,2023-07-21,DE-BER-01,C001278,VM-NUT-0011,3,11.34,0.0,EUR
SO-2023-008332,2,2023-07-21,2023-07-21,DE-BER-01,C001278,VM-CMP-0008,2,92.42,0.0,EUR
SO-2023-008332,3,2023-07-21,2023-07-21,DE-BER-01,C001278,VM-ACC-0004,2,163.84,0.0,EUR
SO-2023-008333,1,2023-07-21,2023-07-25,DE-WEB-01,C003608,VM-NUT-0010,2,7.35,0.0,EUR
SO-2023-008333,2,2023-07-21,2023-07-25,DE-WEB-01,C003608,VM-ACC-0005,1,37.81,0.0,EUR
SO-2023-008333,3,2023-07-21,2023-07-25,DE-WEB-01,C003608,VM-ACC-0006,1,199.55,0.0,EUR
SO-2023-008334,1,2023-07-21,2023-07-25,DE-WEB-01,C001225,VM-ACC-0008,1,84.02,0.0,EUR
SO-2023-008334,2,2023-07-21,2023-07-25,DE-WEB-01,C001225,VM-APP-0005,2,37.81,0.0,EUR
SO-2023-008335,1,2023-07-21,2023-07-24,DE-WEB-01,C003609,VM-APP-0012,1,182.75,0.05,EUR
SO-2023-008335,2,2023-07-21,2023-07-24,DE-WEB-01,C003609,VM-BIK-0001,1,2875.67,0.05,EUR
SO-2023-008336,1,2023-07-22,2023-07-22,PL-WAW-01,C002427,VM-NUT-0006,6,9.54,0.0,PLN
SO-2023-008336,2,2023-07-22,2023-07-22,PL-WAW-01,C002427,VM-NUT-0007,4,12.41,0.0,PLN
SO-2023-008337,1,2023-07-22,2023-07-22,PL-WAW-01,C003610,VM-CMP-0009,1,334.24,0.0,PLN
SO-2023-008338,1,2023-07-22,2023-07-22,PL-WAW-01,C003611,VM-ACC-0018,3,47.74,0.0,PLN
SO-2023-008338,2,2023-07-22,2023-07-22,PL-WAW-01,C003611,VM-NUT-0003,14,10.5,0.0,PLN
SO-2023-008338,3,2023-07-22,2023-07-22,PL-WAW-01,C003611,VM-BIK-0012,1,11278.54,0.0,PLN
SO-2023-008338,4,2023-07-22,2023-07-22,PL-WAW-01,C003611,VM-APP-0001,2,439.29,0.0,PLN
SO-2023-008339,1,2023-07-22,2023-07-22,PL-WAW-01,C001315,VM-CMP-0007,1,601.64,0.05,PLN
SO-2023-008339,2,2023-07-22,2023-07-22,PL-WAW-01,C001315,VM-ACC-0006,1,907.24,0.05,PLN
SO-2023-008340,1,2023-07-22,2023-07-22,PL-WAW-01,C003135,VM-APP-0005,2,171.89,0.0,PLN
SO-2023-008341,1,2023-07-22,2023-07-22,PL-WAW-01,,VM-ACC-0008,1,381.99,0.0,PLN
SO-2023-008342,1,2023-07-22,2023-07-22,PL-WAW-02,C003612,VM-ACC-0017,3,55.38,0.0,PLN
SO-2023-008343,1,2023-07-22,2023-07-22,PL-WAW-02,,VM-ACC-0008,2,381.99,0.0,PLN
SO-2023-008343,2,2023-07-22,2023-07-22,PL-WAW-02,,VM-BIK-0011,1,8260.74,0.0,PLN
SO-2023-008343,3,2023-07-22,2023-07-22,PL-WAW-02,,VM-APP-0010,1,162.34,0.0,PLN
SO-2023-008344,1,2023-07-22,2023-07-22,PL-WAW-02,,VM-BIK-0007,1,6732.74,0.0,PLN
SO-2023-008345,1,2023-07-22,2023-07-22,PL-WAW-02,C002269,VM-CMP-0013,1,506.14,0.0,PLN
SO-2023-008345,2,2023-07-22,2023-07-22,PL-WAW-02,C002269,VM-APP-0006,3,296.04,0.0,PLN
SO-2023-008346,1,2023-07-22,2023-07-22,PL-WAW-02,C003613,VM-NUT-0001,5,8.59,0.0,PLN
SO-2023-008347,1,2023-07-22,2023-07-22,PL-WAW-02,C000292,VM-NUT-0009,3,81.17,0.08,PLN
SO-2023-008347,2,2023-07-22,2023-07-22,PL-WAW-02,C000292,VM-CMP-0015,10,878.59,0.08,PLN
SO-2023-008348,1,2023-07-22,2023-07-22,PL-KRK-01,C003614,VM-APP-0002,3,420.19,0.0,PLN
SO-2023-008349,1,2023-07-22,2023-07-22,PL-KRK-01,C003615,VM-ACC-0018,2,47.74,0.0,PLN
SO-2023-008349,2,2023-07-22,2023-07-22,PL-KRK-01,C003615,VM-CMP-0002,2,534.79,0.0,PLN
SO-2023-008350,1,2023-07-22,2023-07-22,PL-KRK-01,,VM-APP-0013,1,420.19,0.0,PLN
SO-2023-008351,1,2023-07-22,2023-07-22,PL-WRO-01,,VM-CMP-0001,1,381.99,0.0,PLN
SO-2023-008352,1,2023-07-22,2023-07-22,PL-WRO-01,C003501,VM-EBK-0003,1,8680.94,0.0,PLN
SO-2023-008353,1,2023-07-22,2023-07-22,PL-WRO-01,C003616,VM-NUT-0002,4,14.32,0.0,PLN
SO-2023-008354,1,2023-07-22,2023-07-22,PL-GDN-01,,VM-APP-0006,1,296.04,0.0,PLN
SO-2023-008355,1,2023-07-22,2023-07-22,PL-GDN-01,C003617,VM-BIK-0018,1,2291.99,0.0,PLN
SO-2023-008355,2,2023-07-22,2023-07-22,PL-GDN-01,C003617,VM-ACC-0010,1,238.74,0.0,PLN
SO-2023-008356,1,2023-07-22,2023-07-22,PL-GDN-01,, VM-CMP-0013 ,2,506.14,0.0,PLN
SO-2023-008357,1,2023-07-22,2023-07-22,PL-GDN-01,,VM-APP-0001,1,439.29,0.0,PLN
SO-2023-008357,2,2023-07-22,2023-07-22,PL-GDN-01,,VM-BIK-0012,1,11278.54,0.0,PLN
SO-2023-008358,1,2023-07-22,2023-07-22,PL-POZ-01,,VM-APP-0007,1,152.79,0.0,PLN
SO-2023-008358,2,2023-07-22,2023-07-22,PL-POZ-01,,VM-NUT-0010,1,33.42,0.0,PLN
SO-2023-008358,3,2023-07-22,2023-07-22,PL-POZ-01,,VM-CMP-0013,1,506.14,0.0,PLN
SO-2023-008358,4,2023-07-22,2023-07-22,PL-POZ-01,,VM-APP-0008,2,152.79,0.0,PLN
SO-2023-008359,1,2023-07-22,2023-07-22,PL-POZ-01,C001109,VM-NUT-0005,12,8.59,0.0,PLN
SO-2023-008360,1,2023-07-22,2023-07-22,PL-POZ-01,C003618,VM-ACC-0008,2,381.99,0.0,PLN
SO-2023-008361,1,2023-07-22,2023-07-25,PL-WEB-01,C003619,VM-APP-0013,1,420.19,0.0,PLN
SO-2023-008361,2,2023-07-22,2023-07-25,PL-WEB-01,C003619,VM-NUT-0005,9,8.59,0.0,PLN
SO-2023-008361,3,2023-07-22,2023-07-25,PL-WEB-01,C003619,VM-CMP-0009,2,334.24,0.0,PLN
SO-2023-008362,1,2023-07-22,2023-07-26,PL-WEB-01,C001919,VM-NUT-0002,9,14.32,0.05,PLN
SO-2023-008363,1,2023-07-22,2023-07-25,PL-WEB-01,C003620,VM-CMP-0015,2,878.59,0.05,PLN
SO-2023-008364,1,2023-07-22,2023-07-24,PL-WEB-01,C003621,VM-ACC-0009,2,381.99,0.05,PLN
SO-2023-008364,2,2023-07-22,2023-07-24,PL-WEB-01,C003621,VM-APP-0001,1,439.29,0.05,PLN
SO-2023-008364,3,2023-07-22,2023-07-24,PL-WEB-01,C003621,VM-APP-0006,3,296.04,0.05,PLN
SO-2023-008365,1,2023-07-22,2023-07-24,PL-WEB-01,C003622,VM-CMP-0015,2,878.59,0.0,PLN
SO-2023-008366,1,2023-07-22,2023-07-26,PL-WEB-01,C003623,VM-BIK-0021,1,1193.74,0.0,PLN
SO-2023-008366,2,2023-07-22,2023-07-26,PL-WEB-01,C003623,VM-BIK-0020,1,1155.54,0.0,PLN
SO-2023-008366,3,2023-07-22,2023-07-26,PL-WEB-01,C003623,VM-NUT-0001,15,8.59,0.0,PLN
SO-2023-008367,1,2023-07-22,2023-07-25,PL-WEB-01,C003624,VM-CMP-0013,1,506.14,0.05,PLN
SO-2023-008368,1,2023-07-22,2023-07-26,PL-WEB-01,C003092,VM-NUT-0001,18,8.59,0.12,PLN
SO-2023-008369,1,2023-07-22,2023-07-24,PL-WEB-01,C002121,VM-ACC-0013,1,162.34,0.0,PLN
SO-2023-008370,1,2023-07-22,2023-07-23,PL-WEB-01,C003625,VM-BIK-0002,1,9196.64,0.0,PLN
SO-2023-008370,2,2023-07-22,2023-07-23,PL-WEB-01,C003625,VM-ACC-0008,2,381.99,0.0,PLN
SO-2023-008371,1,2023-07-22,2023-07-26,PL-WEB-01,C003626,VM-BIK-0012,1,11278.54,0.05,PLN
SO-2023-008371,2,2023-07-22,2023-07-26,PL-WEB-01,C003626,VM-ACC-0008,1,381.99,0.05,PLN
SO-2023-008372,1,2023-07-22,2023-07-23,PL-WEB-01,C003160,VM-APP-0003,3,296.04,0.0,PLN
SO-2023-008372,2,2023-07-22,2023-07-23,PL-WEB-01,C003160,VM-NUT-0007,9,12.41,0.0,PLN
SO-2023-008373,1,2023-07-22,2023-07-23,PL-WEB-01,C001083,VM-EBK-0008,1,14420.49,0.05,PLN
SO-2023-008374,1,2023-07-22,2023-07-25,PL-WEB-01,C003627,VM-APP-0001,1,439.29,0.0,PLN
SO-2023-008374,2,2023-07-22,2023-07-25,PL-WEB-01,C003627,VM-APP-0010,1,162.34,0.0,PLN
SO-2023-008375,1,2023-07-22,2023-07-23,PL-WEB-01,C000366,VM-ACC-0008,2,381.99,0.0,PLN
SO-2023-008375,2,2023-07-22,2023-07-23,PL-WEB-01,C000366,VM-NUT-0006,11,9.54,0.0,PLN
SO-2023-008376,1,2023-07-22,2023-07-26,PL-MKT-01,C003306,VM-ACC-0001,1,362.89,0.05,PLN
SO-2023-008377,1,2023-07-22,2023-07-24,PL-MKT-01,C003628,VM-BIK-0013,1,4583.99,0.0,PLN
SO-2023-008377,2,2023-07-22,2023-07-24,PL-MKT-01,C003628,VM-NUT-0006,7,9.54,0.0,PLN
SO-2023-008378,1,2023-07-22,2023-07-25,PL-MKT-01,C003436,VM-NUT-0009,1,81.17,0.0,PLN
SO-2023-008378,2,2023-07-22,2023-07-25,PL-MKT-01,C003436,VM-BIK-0007,1,6732.74,0.0,PLN
SO-2023-008378,3,2023-07-22,2023-07-25,PL-MKT-01,C003436,VM-APP-0002,3,420.19,0.0,PLN
SO-2023-008379,1,2023-07-22,2023-07-24,PL-MKT-01,C001835,vm-acc-0008,1,381.99,0.0,PLN
SO-2023-008379,2,2023-07-22,2023-07-24,PL-MKT-01,C001835,VM-NUT-0009,1,81.17,0.0,PLN
SO-2023-008380,1,2023-07-22,2023-07-26,PL-MKT-01,C003300,VM-CMP-0002,2,534.79,0.0,PLN
SO-2023-008381,1,2023-07-22,2023-07-22,CZ-PRG-01,C003012,VM-NUT-0004,13,35.0,0.0,CZK
SO-2023-008382,1,2023-07-22,2023-07-22,CZ-PRG-01,,VM-APP-0001,1,2300.0,0.0,CZK
SO-2023-008383,1,2023-07-22,2023-07-22,CZ-PRG-01,C003629,VM-APP-0007,1,800.0,0.0,CZK
SO-2023-008383,2,2023-07-22,2023-07-22,CZ-PRG-01,C003629,VM-NUT-0011,4,270.0,0.0,CZK
SO-2023-008383,3,2023-07-22,2023-07-22,CZ-PRG-01,C003629,VM-APP-0010,1,850.0,0.0,CZK
SO-2023-008383,4,2023-07-22,2023-07-22,CZ-PRG-01,C003629,VM-BIK-0012,1,59050.0,0.1,CZK
SO-2023-008384,1,2023-07-22,2023-07-25,CZ-WEB-01,C003630,VM-CMP-0013,1,2650.0,0.0,CZK
SO-2023-008385,1,2023-07-22,2023-07-23,CZ-WEB-01,C001674,VM-APP-0004,3,1200.0,0.0,CZK
SO-2023-008386,1,2023-07-22,2023-07-25,CZ-WEB-01,C003631,VM-BIK-0008,1,26550.0,0.0,CZK
SO-2023-008387,1,2023-07-22,2023-07-24,CZ-WEB-01,C001863,VM-ACC-0007,3,1800.0,0.12,CZK
SO-2023-008387,2,2023-07-22,2023-07-24,CZ-WEB-01,C001863,VM-APP-0012,2,4350.0,0.1,CZK
SO-2023-008387,3,2023-07-22,2023-07-24,CZ-WEB-01,C001863,VM-CMP-0013,2,2650.0,0.12,CZK
SO-2023-008387,4,2023-07-22,2023-07-24,CZ-WEB-01,C001863,VM-ACC-0015,5,1750.0,0.08,CZK
SO-2023-008388,1,2023-07-22,2023-07-22,DE-BER-01,C002856,VM-ACC-0002,1,128.13,0.0,EUR
SO-2023-008388,2,2023-07-22,2023-07-22,DE-BER-01,C002856,VM-APP-0006,3,65.12,0.0,EUR
SO-2023-008389,1,2023-07-22,2023-07-22,DE-BER-01,C003632,VM-NUT-0004,9,1.47,0.0,EUR
SO-2023-008390,1,2023-07-22,2023-07-22,DE-BER-01,,VM-APP-0018,2,27.31,0.0,EUR
SO-2023-008391,1,2023-07-22,2023-07-26,DE-WEB-01,C000344,VM-ACC-0001,2,79.82,0.0,EUR
SO-2023-008392,1,2023-07-22,2023-07-23,DE-WEB-01,C003470,VM-BIK-0007,1,1480.89,0.0,EUR
SO-2023-008392,2,2023-07-22,2023-07-23,DE-WEB-01,C003470,VM-ACC-0013,1,35.71,0.0,EUR
SO-2023-008393,1,2023-07-22,2023-07-24,DE-WEB-01,C003633,VM-APP-0010,1,35.71,0.0,EUR
SO-2023-008394,1,2023-07-22,2023-07-23,DE-WEB-01,C000739,VM-ACC-0008,2,84.02,0.0,EUR
SO-2023-008395,1,2023-07-22,2023-07-24,DE-WEB-01,C000315,VM-CMP-0013,2,111.33,0.0,EUR
SO-2023-008396,1,2023-07-23,2023-07-26,PL-WEB-01,C003634,VM-NUT-0005,12,8.59,0.0,PLN
SO-2023-008397,1,2023-07-23,2023-07-26,PL-WEB-01,C003635,VM-APP-0011,2,391.54,0.0,PLN
SO-2023-008397,2,2023-07-23,2023-07-26,PL-WEB-01,C003635,VM-CMP-0006,2,190.99,0.0,PLN
SO-2023-008397,3,2023-07-23,2023-07-26,PL-WEB-01,C003635,VM-BIK-0013,1,4583.99,0.0,PLN
SO-2023-008398,1,2023-07-23,2023-07-26,PL-WEB-01,C003636,VM-CMP-0012,1,515.69,0.05,PLN
SO-2023-008398,2,2023-07-23,2023-07-26,PL-WEB-01,C003636,VM-BIK-0020,1,1155.54,0.05,PLN
SO-2023-008398,3,2023-07-23,2023-07-26,PL-WEB-01,C003636,VM-NUT-0005,6,8.59,0.05,PLN
SO-2023-008399,1,2023-07-23,2023-07-25,PL-WEB-01,C003637,VM-CMP-0012,2,515.69,0.0,PLN
SO-2023-008399,2,2023-07-23,2023-07-25,PL-WEB-01,C003637,VM-BIK-0007,1,6732.74,0.0,PLN
SO-2023-008400,1,2023-07-23,2023-07-26,PL-WEB-01,C002471,VM-ACC-0008,2,381.99,0.0,PLN
SO-2023-008400,2,2023-07-23,2023-07-26,PL-WEB-01,C002471,VM-BIK-0005,1,7076.54,0.0,PLN
SO-2023-008401,1,2023-07-23,2023-07-26,PL-WEB-01,C003638,VM-NUT-0011,2,51.56,0.0,PLN
SO-2023-008402,1,2023-07-23,2023-07-26,PL-WEB-01,C003639,VM-BIK-0017,1,1824.04,0.0,PLN
SO-2023-008403,1,2023-07-23,2023-07-26,PL-WEB-01,C003640,VM-BIK-0005,1,7076.54,0.0,PLN
SO-2023-008403,2,2023-07-23,2023-07-26,PL-WEB-01,C003640,VM-CMP-0013,2,506.14,0.0,PLN
SO-2023-008403,3,2023-07-23,2023-07-26,PL-WEB-01,C003640,VM-NUT-0009,2,81.17,0.0,PLN
SO-2023-008403,4,2023-07-23,2023-07-26,PL-WEB-01,C003640,VM-NUT-0004,8,6.68,0.0,PLN
SO-2023-008404,1,2023-07-23,2023-07-24,PL-WEB-01,C003641,VM-ACC-0008,2,381.99,0.05,PLN
SO-2023-008405,1,2023-07-23,2023-07-25,PL-WEB-01,C003642,VM-EBK-0008,1,14420.49,0.0,PLN
SO-2023-008405,2,2023-07-23,2023-07-25,PL-WEB-01,C003642,VM-BIK-0006,1,6293.44,0.0,PLN
SO-2023-008405,3,2023-07-23,2023-07-25,PL-WEB-01,C003642,VM-CMP-0010,2,372.44,0.0,PLN
SO-2023-008405,4,2023-07-23,2023-07-25,PL-WEB-01,C003642,VM-NUT-0010,4,33.42,0.0,PLN
SO-2023-008406,1,2023-07-23,2023-07-27,PL-WEB-01,C000366,VM-CMP-0013,2,506.14,0.0,PLN
SO-2023-008407,1,2023-07-23,2023-07-27,PL-WEB-01,C003355,VM-BIK-0016,1,3428.44,0.05,PLN
SO-2023-008407,2,2023-07-23,2023-07-27,PL-WEB-01,C003355,VM-ACC-0014,1,105.04,0.05,PLN
SO-2023-008408,1,2023-07-23,2023-07-24,PL-WEB-01,C003354,vm-ebk-0003,1,8680.94,0.0,PLN
SO-2023-008409,1,2023-07-23,2023-07-27,PL-WEB-01,C003643,VM-ACC-0014,1,105.04,0.0,PLN
SO-2023-008409,2,2023-07-23,2023-07-27,PL-WEB-01,C003643,VM-ACC-0018,3,47.74,0.0,PLN
SO-2023-008410,1,2023-07-23,2023-07-24,PL-MKT-01,C003644,VM-BIK-0020,1,1155.54,0.0,PLN
SO-2023-008411,1,2023-07-23,2023-07-26,PL-MKT-01,C003645,VM-APP-0014,1,467.94,0.0,PLN
SO-2023-008412,1,2023-07-23,2023-07-26,PL-MKT-01,C003646,VM-BIK-0007,1,6732.74,0.0,PLN
SO-2023-008413,1,2023-07-23,2023-07-26,PL-MKT-01,C003647,VM-BIK-0012,1,11278.54,0.0,PLN
SO-2023-008414,1,2023-07-23,2023-07-24,PL-MKT-01,C002848,VM-NUT-0003,7,10.5,0.0,PLN
SO-2023-008414,2,2023-07-23,2023-07-24,PL-MKT-01,C002848,VM-APP-0006,1,296.04,0.0,PLN
SO-2023-008415,1,2023-07-23,2023-07-26,PL-MKT-01,C003109,VM-ACC-0008,2,381.99,0.0,PLN
SO-2023-008416,1,2023-07-23,2023-07-24,PL-MKT-01,C003648,VM-ACC-0015,1,334.24,0.05,PLN
SO-2023-008417,1,2023-07-23,2023-07-23,CZ-PRG-01,C003347,VM-EBK-0003,1,45450.0,0.0,CZK
SO-2023-008418,1,2023-07-23,2023-07-23,CZ-PRG-01,,VM-NUT-0009,4,425.0,0.0,CZK
SO-2023-008419,1,2023-07-23,2023-07-23,CZ-PRG-01,C002614,VM-CMP-0001,2,2000.0,0.0,CZK
SO-2023-008419,2,2023-07-23,2023-07-23,CZ-PRG-01,C002614, VM-ACC-0008 ,2,2000.0,0.0,CZK
SO-2023-008419,3,2023-07-23,2023-07-23,CZ-PRG-01,C002614,VM-BIK-0007,1,35250.0,0.0,CZK
SO-2023-008420,1,2023-07-23,2023-07-23,CZ-PRG-01,,VM-EBK-0007,1,73500.0,0.0,CZK
SO-2023-008421,1,2023-07-23,2023-07-23,CZ-PRG-01,C003649,VM-CMP-0017,2,2500.0,0.05,CZK
SO-2023-008422,1,2023-07-23,2023-07-24,CZ-WEB-01,C003444,VM-ACC-0011,2,360.0,0.0,CZK
SO-2023-008422,2,2023-07-23,2023-07-24,CZ-WEB-01,C003444,VM-CMP-0013,2,2650.0,0.0,CZK
SO-2023-008423,1,2023-07-23,2023-07-27,CZ-WEB-01,C003650,VM-ACC-0020,1,4050.0,0.0,CZK
SO-2023-008423,2,2023-07-23,2023-07-27,CZ-WEB-01,C003650,VM-ACC-0011,1,360.0,0.05,CZK
SO-2023-008423,3,2023-07-23,2023-07-27,CZ-WEB-01,C003650,VM-BIK-0012,1,59050.0,0.0,CZK
SO-2023-008424,1,2023-07-23,2023-07-27,CZ-WEB-01,C001149,VM-APP-0002,12,2200.0,0.1,CZK
SO-2023-008424,2,2023-07-23,2023-07-27,CZ-WEB-01,C001149,VM-EBK-0008,2,75500.0,0.1,CZK
SO-2023-008424,3,2023-07-23,2023-07-27,CZ-WEB-01,C001149,VM-ACC-0020,4,4050.0,0.1,CZK
SO-2023-008425,1,2023-07-23,2023-07-25,CZ-WEB-01,C003651,VM-ACC-0021,1,3900.0,0.05,CZK
SO-2023-008425,2,2023-07-23,2023-07-25,CZ-WEB-01,C003651,VM-EBK-0002,1,49750.0,0.05,CZK
SO-2023-008426,1,2023-07-23,2023-07-26,DE-WEB-01,C001328,VM-EBK-0001,1,1611.13,0.05,EUR
SO-2023-008426,2,2023-07-23,2023-07-26,DE-WEB-01,C001328,VM-ACC-0009,1,84.02,0.1,EUR
SO-2023-008427,1,2023-07-23,2023-07-27,DE-WEB-01,C000676,VM-CMP-0006,6,42.01,0.12,EUR
SO-2023-008427,2,2023-07-23,2023-07-27,DE-WEB-01,C000676,VM-BIK-0007,2,1480.89,0.12,EUR
SO-2023-008427,3,2023-07-23,2023-07-27,DE-WEB-01,C000676,VM-CMP-0009,6,73.52,0.08,EUR
SO-2023-008427,4,2023-07-23,2023-07-27,DE-WEB-01,C000676,VM-BIK-0017,3,401.21,0.08,EUR
SO-2023-008428,1,2023-07-24,2023-07-24,PL-WAW-01,,VM-ACC-0008,2,381.99,0.0,PLN
SO-2023-008428,2,2023-07-24,2023-07-24,PL-WAW-01,,VM-EBK-0002,1,9502.24,0.0,PLN
SO-2023-008429,1,2023-07-24,2023-07-24,PL-WAW-01,C003652,VM-ACC-0008,2,381.99,0.0,PLN
SO-2023-008430,1,2023-07-24,2023-07-24,PL-WAW-01,,vm-acc-0008,2,381.99,0.0,PLN
SO-2023-008431,1,2023-07-24,2023-07-24,PL-WAW-01,,VM-NUT-0003,6,10.5,0.0,PLN
SO-2023-008432,1,2023-07-24,2023-07-24,PL-WAW-02,,VM-ACC-0005,1,171.89,0.0,PLN
SO-2023-008433,1,2023-07-24,2023-07-24,PL-KRK-01,C000456,VM-ACC-0008,1,381.99,0.0,PLN
SO-2023-008434,1,2023-07-24,2023-07-24,PL-KRK-01,,VM-CMP-0014,2,410.64,0.0,PLN
SO-2023-008434,2,2023-07-24,2023-07-24,PL-KRK-01,, VM-EBK-0009 ,1,9464.04,0.0,PLN
SO-2023-008435,1,2023-07-24,2023-07-24,PL-WRO-01,,VM-ACC-0008,2,381.99,0.0,PLN
SO-2023-008436,1,2023-07-24,2023-07-24,PL-WRO-01,C001981,VM-APP-0001,1,439.29,0.0,PLN
SO-2023-008437,1,2023-07-24,2023-07-24,PL-WRO-01,,VM-CMP-0013,2,506.14,0.0,PLN
SO-2023-008438,1,2023-07-24,2023-07-24,PL-WRO-01,C003653,VM-BIK-0011,1,8260.74,0.0,PLN
SO-2023-008439,1,2023-07-24,2023-07-24,PL-GDN-01,C003654,VM-BIK-0013,1,4583.99,0.05,PLN
SO-2023-008439,2,2023-07-24,2023-07-24,PL-GDN-01,C003654,VM-ACC-0003,2,276.94,0.05,PLN
SO-2023-008440,1,2023-07-24,2023-07-24,PL-POZ-01,C000794,VM-ACC-0015,1,334.24,0.0,PLN
SO-2023-008440,2,2023-07-24,2023-07-24,PL-POZ-01,C000794,VM-ACC-0007,2,343.79,0.0,PLN
SO-2023-008440,3,2023-07-24,2023-07-24,PL-POZ-01,C000794,VM-NUT-0009,1,81.17,0.0,PLN
SO-2023-008440,4,2023-07-24,2023-07-24,PL-POZ-01,C000794,VM-APP-0013,1,420.19,0.0,PLN
SO-2023-008441,1,2023-07-24,2023-07-26,PL-WEB-01,C003241,VM-NUT-0006,3,9.54,0.0,PLN
SO-2023-008441,2,2023-07-24,2023-07-26,PL-WEB-01,C003241,VM-CMP-0011,1,152.79,0.1,PLN
SO-2023-008441,3,2023-07-24,2023-07-26,PL-WEB-01,C003241,VM-NUT-0003,7,10.5,0.0,PLN
SO-2023-008442,1,2023-07-24,2023-07-27,PL-WEB-01,C003655,VM-BIK-0012,1,11278.54,0.05,PLN
SO-2023-008443,1,2023-07-24,2023-07-26,PL-WEB-01,C003656,VM-APP-0002,2,420.19,0.0,PLN
SO-2023-008444,1,2023-07-24,2023-07-27,PL-WEB-01,C003657,VM-CMP-0023,4,56.34,0.0,PLN
SO-2023-008444,2,2023-07-24,2023-07-27,PL-WEB-01,C003657,VM-APP-0010,2,162.34,0.0,PLN
SO-2023-008444,3,2023-07-24,2023-07-27,PL-WEB-01,C003657,VM-NUT-0007,8,12.41,0.0,PLN
SO-2023-008444,4,2023-07-24,2023-07-27,PL-WEB-01,C003657,VM-EBK-0001,1,7324.84,0.0,PLN
SO-2023-008445,1,2023-07-24,2023-07-27,PL-WEB-01,C000794,VM-APP-0005,1,171.89,0.0,PLN
SO-2023-008445,2,2023-07-24,2023-07-27,PL-WEB-01,C000794,VM-BIK-0003,1,6245.69,0.0,PLN
SO-2023-008446,1,2023-07-24,2023-07-25,PL-WEB-01,C000139,VM-NUT-0005,40,8.59,0.1,PLN
SO-2023-008446,2,2023-07-24,2023-07-25,PL-WEB-01,C000139,VM-BIK-0001,2,13073.94,0.12,PLN
SO-2023-008446,3,2023-07-24,2023-07-25,PL-WEB-01,C000139,VM-ACC-0011,8,68.75,0.1,PLN
SO-2023-008446,4,2023-07-24,2023-07-25,PL-WEB-01,C000139,VM-EBK-0007,4,14038.49,0.12,PLN
SO-2023-008447,1,2023-07-24,2023-07-25,PL-WEB-01,C003658,VM-ACC-0018,2,47.74,0.0,PLN
SO-2023-008447,2,2023-07-24,2023-07-25,PL-WEB-01,C003658,VM-CMP-0013,2,506.14,0.0,PLN
SO-2023-008447,3,2023-07-24,2023-07-25,PL-WEB-01,C003658,VM-APP-0006,1,296.04,0.0,PLN
SO-2023-008447,4,2023-07-24,2023-07-25,PL-WEB-01,C003658,VM-ACC-0014,1,105.04,0.0,PLN
SO-2023-008448,1,2023-07-24,2023-07-27,PL-WEB-01,C003659,VM-BIK-0012,1,11278.54,0.0,PLN
SO-2023-008448,2,2023-07-24,2023-07-27,PL-WEB-01,C003659,VM-NUT-0009,3,81.17,0.0,PLN
SO-2023-008448,3,2023-07-24,2023-07-27,PL-WEB-01,C003659,VM-ACC-0002,2,582.54,0.0,PLN
SO-2023-008448,4,2023-07-24,2023-07-27,PL-WEB-01,C003659,VM-ACC-0008,2,381.99,0.0,PLN
SO-2023-008449,1,2023-07-24,2023-07-25,PL-WEB-01,C003175,VM-NUT-0006,4,9.54,0.05,PLN
SO-2023-008450,1,2023-07-24,2023-07-26,PL-WEB-01,C002467,VM-BIK-0007,1,6732.74,0.05,PLN
SO-2023-008451,1,2023-07-24,2023-07-25,PL-WEB-01,C001897,VM-BIK-0002,1,9196.64,0.0,PLN
SO-2023-008451,2,2023-07-24,2023-07-25,PL-WEB-01,C001897,VM-ACC-0009,2,381.99,0.0,PLN
SO-2023-008452,1,2023-07-24,2023-07-28,PL-WEB-01,C000706,VM-NUT-0004,10,6.68,0.0,PLN
SO-2023-008453,1,2023-07-24,2023-07-28,PL-WEB-01,C000493,VM-APP-0013,4,420.19,0.1,PLN
SO-2023-008454,1,2023-07-24,2023-07-26,PL-WEB-01,C003660,vm-nut-0002,4,14.32,0.0,PLN
SO-2023-008454,2,2023-07-24,2023-07-26,PL-WEB-01,C003660,VM-APP-0010,2,162.34,0.0,PLN
SO-2023-008454,3,2023-07-24,2023-07-26,PL-WEB-01,C003660,VM-CMP-0012,1,515.69,0.0,PLN
SO-2023-008455,1,2023-07-24,2023-07-25,PL-WEB-01,C000041,VM-BIK-0003,1,6245.69,0.1,PLN
SO-2023-008455,2,2023-07-24,2023-07-25,PL-WEB-01,C000041,VM-APP-0002,1,420.19,0.0,PLN
SO-2023-008455,3,2023-07-24,2023-07-25,PL-WEB-01,C000041,VM-BIK-0013,1,4583.99,0.0,PLN
SO-2023-008456,1,2023-07-24,2023-07-26,PL-WEB-01,C000522,VM-BIK-0004,1,4077.84,0.05,PLN
SO-2023-008457,1,2023-07-24,2023-07-26,PL-WEB-01,C003661,VM-ACC-0018,3,47.74,0.05,PLN
SO-2023-008458,1,2023-07-24,2023-07-28,PL-MKT-01,C003451,VM-BIK-0002,1,9196.64,0.0,PLN
SO-2023-008458,2,2023-07-24,2023-07-28,PL-MKT-01,C003451,VM-ACC-0014,1,105.04,0.0,PLN
SO-2023-008458,3,2023-07-24,2023-07-28,PL-MKT-01,C003451,VM-ACC-0003,1,276.94,0.0,PLN
SO-2023-008458,4,2023-07-24,2023-07-28,PL-MKT-01,C003451,VM-ACC-0005,1,171.89,0.0,PLN
SO-2023-008459,1,2023-07-24,2023-07-27,PL-MKT-01,C001219,VM-BIK-0007,1,6732.74,0.0,PLN
SO-2023-008460,1,2023-07-24,2023-07-28,PL-MKT-01,C001986,VM-BIK-0017,1,1824.04,0.0,PLN
SO-2023-008460,2,2023-07-24,2023-07-28,PL-MKT-01,C001986,VM-BIK-0013,1,4583.99,0.0,PLN
SO-2023-008461,1,2023-07-24,2023-07-26,PL-MKT-01,C000319,VM-BIK-0021,1,1193.74,0.05,PLN
SO-2023-008461,2,2023-07-24,2023-07-26,PL-MKT-01,C000319,VM-NUT-0006,8,9.54,0.05,PLN
SO-2023-008462,1,2023-07-24,2023-07-24,CZ-PRG-01,C003662,VM-NUT-0011,12,270.0,0.12,CZK
SO-2023-008462,2,2023-07-24,2023-07-24,CZ-PRG-01,C003662,VM-NUT-0010,6,175.0,0.12,CZK
SO-2023-008463,1,2023-07-24,2023-07-24,CZ-PRG-01,C001884,VM-BIK-0019,1,6050.0,0.0,CZK
SO-2023-008464,1,2023-07-24,2023-07-24,CZ-PRG-01,C003663,VM-CMP-0017,2,2500.0,0.0,CZK
SO-2023-008464,2,2023-07-24,2023-07-24,CZ-PRG-01,C003663,VM-CMP-0015,2,4600.0,0.0,CZK
SO-2023-008465,1,2023-07-24,2023-07-27,CZ-WEB-01,C002097,VM-CMP-0006,2,1000.0,0.0,CZK
SO-2023-008465,2,2023-07-24,2023-07-27,CZ-WEB-01,C002097,VM-NUT-0006,10,50.0,0.0,CZK
SO-2023-008466,1,2023-07-24,2023-07-27,CZ-WEB-01,C003664,VM-APP-0006,3,1550.0,0.0,CZK
SO-2023-008466,2,2023-07-24,2023-07-27,CZ-WEB-01,C003664,VM-ACC-0008,2,2000.0,0.0,CZK
SO-2023-008467,1,2023-07-24,2023-07-28,CZ-WEB-01,C002893,VM-APP-0013,1,2200.0,0.0,CZK
SO-2023-008468,1,2023-07-24,2023-07-25,CZ-WEB-01,C003665,VM-ACC-0006,1,4750.0,0.0,CZK
SO-2023-008469,1,2023-07-24,2023-07-28,CZ-WEB-01,C003666,VM-NUT-0011,2,270.0,0.05,CZK
SO-2023-008469,2,2023-07-24,2023-07-28,CZ-WEB-01,C003666,VM-CMP-0001,2,2000.0,0.05,CZK
SO-2023-008470,1,2023-07-24,2023-07-25,CZ-WEB-01,C002453,VM-NUT-0009,4,425.0,0.0,CZK
SO-2023-008470,2,2023-07-24,2023-07-25,CZ-WEB-01,C002453,VM-APP-0002,1,2200.0,0.0,CZK
SO-2023-008470,3,2023-07-24,2023-07-25,CZ-WEB-01,C002453,VM-BIK-0012,1,59050.0,0.0,CZK
SO-2023-008471,1,2023-07-24,2023-07-24,DE-BER-01,,VM-CMP-0017,1,105.03,0.0,EUR
SO-2023-008472,1,2023-07-24,2023-07-24,DE-BER-01,,VM-EBK-0001,1,1611.13,0.0,EUR
SO-2023-008472,2,2023-07-24,2023-07-24,DE-BER-01,,VM-CMP-0006,1,42.01,0.0,EUR
SO-2023-008472,3,2023-07-24,2023-07-24,DE-BER-01,,VM-ACC-0018,3,10.5,0.0,EUR
SO-2023-008473,1,2023-07-24,2023-07-26,DE-WEB-01,C003667,VM-BIK-0009,1,1184.72,0.0,EUR
SO-2023-008473,2,2023-07-24,2023-07-26,DE-WEB-01,C003667,VM-BIK-0013,1,1008.27,0.0,EUR
SO-2023-008474,1,2023-07-24,2023-07-27,DE-WEB-01,C003668,VM-EBK-0009,1,2081.66,0.05,EUR
SO-2023-008475,1,2023-07-24,2023-07-25,DE-WEB-01,C000648,VM-ACC-0005,1,37.81,0.0,EUR
SO-2023-008476,1,2023-07-24,2023-07-25,DE-WEB-01,C001833,VM-CMP-0023,20,12.39,0.12,EUR
SO-2023-008476,2,2023-07-24,2023-07-25,DE-WEB-01,C001833,VM-EBK-0009,4,2081.66,0.1,EUR
SO-2023-008476,3,2023-07-24,2023-07-25,DE-WEB-01,C001833,VM-CMP-0016,6,516.74,0.1,EUR
SO-2023-008477,1,2023-07-25,2023-07-25,PL-WAW-01,C003669,VM-BIK-0002,1,9196.64,0.0,PLN
SO-2023-008477,2,2023-07-25,2023-07-25,PL-WAW-01,C003669,VM-ACC-0014,1,105.04,0.0,PLN
SO-2023-008478,1,2023-07-25,2023-07-25,PL-WAW-01,,VM-EBK-0002,1,9502.24,0.0,PLN
SO-2023-008479,1,2023-07-25,2023-07-25,PL-WAW-01,,VM-ACC-0006,2,907.24,0.0,PLN
SO-2023-008480,1,2023-07-25,2023-07-25,PL-WAW-01,C003670,VM-NUT-0004,10,6.68,0.0,PLN
SO-2023-008480,2,2023-07-25,2023-07-25,PL-WAW-01,C003670,VM-CMP-0018,3,59.2,0.0,PLN
SO-2023-008480,3,2023-07-25,2023-07-25,PL-WAW-01,C003670,VM-EBK-0011,1,13981.19,0.0,PLN
SO-2023-008480,4,2023-07-25,2023-07-25,PL-WAW-01,C003670,VM-ACC-0008,2,381.99,0.0,PLN
SO-2023-008481,1,2023-07-25,2023-07-25,PL-WAW-01,C000670,VM-BIK-0003,1,6245.69,0.0,PLN
SO-2023-008481,2,2023-07-25,2023-07-25,PL-WAW-01,C000670,vm-app-0018,1,124.14,0.0,PLN
SO-2023-008482,1,2023-07-25,2023-07-25,PL-WAW-02,C003374,VM-EBK-0008,1,14420.49,0.0,PLN
SO-2023-008482,2,2023-07-25,2023-07-25,PL-WAW-02,C003374,VM-ACC-0010,1,238.74,0.0,PLN
SO-2023-008483,1,2023-07-25,2023-07-25,PL-WAW-02,,VM-APP-0018,2,124.14,0.0,PLN
SO-2023-008484,1,2023-07-25,2023-07-25,PL-KRK-01,,VM-CMP-0022,2,34.37,0.0,PLN
SO-2023-008485,1,2023-07-25,2023-07-25,PL-KRK-01,C003671,VM-BIK-0022,1,1336.99,0.0,PLN
SO-2023-008485,2,2023-07-25,2023-07-25,PL-KRK-01,C003671,VM-ACC-0017,3,55.38,0.0,PLN
SO-2023-008485,3,2023-07-25,2023-07-25,PL-KRK-01,C003671,VM-NUT-0010,4,33.42,0.0,PLN
SO-2023-008486,1,2023-07-25,2023-07-25,PL-KRK-01,,VM-BIK-0011,1,8260.74,0.0,PLN
SO-2023-008486,2,2023-07-25,2023-07-25,PL-KRK-01,,VM-ACC-0008,1,381.99,0.05,PLN
SO-2023-008486,3,2023-07-25,2023-07-25,PL-KRK-01,,VM-ACC-0009,2,381.99,0.0,PLN
SO-2023-008487,1,2023-07-25,2023-07-25,PL-WRO-01,C001190,VM-NUT-0003,40,10.5,0.08,PLN
SO-2023-008488,1,2023-07-25,2023-07-25,PL-WRO-01,C002086,VM-BIK-0002,1,9196.64,0.05,PLN
SO-2023-008488,2,2023-07-25,2023-07-25,PL-WRO-01,C002086,VM-CMP-0009,2,334.24,0.05,PLN
SO-2023-008489,1,2023-07-25,2023-07-25,PL-WRO-01,C003672,VM-ACC-0014,1,105.04,0.0,PLN
SO-2023-008489,2,2023-07-25,2023-07-25,PL-WRO-01,C003672,VM-APP-0003,2,296.04,0.0,PLN
SO-2023-008490,1,2023-07-25,2023-07-25,PL-GDN-01,C002332,VM-EBK-0001,1,7324.84,0.0,PLN
SO-2023-008490,2,2023-07-25,2023-07-25,PL-GDN-01,C002332,VM-ACC-0003,2,276.94,0.0,PLN
SO-2023-008491,1,2023-07-25,2023-07-25,PL-POZ-01,,VM-ACC-0014,1,105.04,0.0,PLN
SO-2023-008491,2,2023-07-25,2023-07-25,PL-POZ-01,,VM-ACC-0002,2,582.54,0.0,PLN
SO-2023-008492,1,2023-07-25,2023-07-25,PL-POZ-01,C002177,VM-ACC-0007,2,343.79,0.0,PLN
SO-2023-008492,2,2023-07-25,2023-07-25,PL-POZ-01,C002177,VM-CMP-0016,1,2349.29,0.0,PLN
SO-2023-008493,1,2023-07-25,2023-07-25,PL-POZ-01,C000334,VM-BIK-0018,1,2291.99,0.0,PLN
SO-2023-008494,1,2023-07-25,2023-07-28,PL-WEB-01,C003673,VM-NUT-0005,6,8.59,0.0,PLN
SO-2023-008495,1,2023-07-25,2023-07-27,PL-WEB-01,C003674,VM-EBK-0010,1,12882.94,0.0,PLN
SO-2023-008496,1,2023-07-25,2023-07-27,PL-WEB-01,C001853,VM-APP-0013,1,420.19,0.0,PLN
SO-2023-008496,2,2023-07-25,2023-07-27,PL-WEB-01,C001853,vm-acc-0008,2,381.99,0.0,PLN
SO-2023-008497,1,2023-07-25,2023-07-29,PL-WEB-01,C003675,VM-APP-0001,2,439.29,0.0,PLN
SO-2023-008498,1,2023-07-25,2023-07-26,PL-WEB-01,C003676,VM-CMP-0002,1,534.79,0.0,PLN
SO-2023-008498,2,2023-07-25,2023-07-26,PL-WEB-01,C003676,VM-NUT-0002,6,14.32,0.0,PLN
SO-2023-008499,1,2023-07-25,2023-07-27,PL-WEB-01,C002325,VM-APP-0002,2,420.19,0.0,PLN
SO-2023-008499,2,2023-07-25,2023-07-27,PL-WEB-01,C002325,VM-APP-0008,2,152.79,0.0,PLN
SO-2023-008500,1,2023-07-25,2023-07-27,PL-WEB-01,C003067,VM-ACC-0004,2,744.89,0.0,PLN
SO-2023-008501,1,2023-07-25,2023-07-26,PL-WEB-01,C003677,VM-ACC-0008,2,381.99,0.0,PLN
SO-2023-008501,2,2023-07-25,2023-07-26,PL-WEB-01,C003677,VM-BIK-0004,1,4077.84,0.0,PLN
SO-2023-008502,1,2023-07-25,2023-07-28,PL-WEB-01,C003678,VM-EBK-0009,1,9464.04,0.0,PLN
SO-2023-008502,2,2023-07-25,2023-07-28,PL-WEB-01,C003678,VM-CMP-0011,2,152.79,0.0,PLN
SO-2023-008503,1,2023-07-25,2023-07-28,PL-WEB-01,C003679,VM-ACC-0008,2,381.99,0.0,PLN
SO-2023-008504,1,2023-07-25,2023-07-29,PL-WEB-01,C003680,VM-ACC-0018,1,47.74,0.0,PLN
SO-2023-008505,1,2023-07-25,2023-07-28,PL-WEB-01,C003681, VM-APP-0006 ,1,296.04,0.0,PLN
SO-2023-008506,1,2023-07-25,2023-07-28,PL-MKT-01,C003682,VM-ACC-0021,1,744.89,0.0,PLN
SO-2023-008507,1,2023-07-25,2023-07-26,PL-MKT-01,C001049,VM-BIK-0017,1,1824.04,0.0,PLN
SO-2023-008508,1,2023-07-25,2023-07-27,PL-MKT-01,C003683,VM-NUT-0009,3,81.17,0.0,PLN
SO-2023-008508,2,2023-07-25,2023-07-27,PL-MKT-01,C003683,VM-NUT-0011,3,51.56,0.0,PLN
SO-2023-008508,3,2023-07-25,2023-07-27,PL-MKT-01,C003683,VM-CMP-0010,2,372.44,0.0,PLN
SO-2023-008509,1,2023-07-25,2023-07-29,PL-MKT-01,C003684,VM-CMP-0013,1,506.14,0.0,PLN
SO-2023-008510,1,2023-07-25,2023-07-26,PL-MKT-01,C001707,VM-ACC-0003,1,276.94,0.0,PLN
SO-2023-008511,1,2023-07-25,2023-07-25,CZ-PRG-01,C001181,VM-NUT-0005,11,45.0,0.0,CZK
SO-2023-008511,2,2023-07-25,2023-07-25,CZ-PRG-01,C001181,VM-ACC-0018,1,250.0,0.05,CZK
SO-2023-008512,1,2023-07-25,2023-07-25,CZ-PRG-01,C003629,VM-NUT-0004,8,35.0,0.0,CZK
SO-2023-008512,2,2023-07-25,2023-07-25,CZ-PRG-01,C003629,VM-APP-0001,2,2300.0,0.0,CZK
SO-2023-008512,3,2023-07-25,2023-07-25,CZ-PRG-01,C003629,VM-CMP-0010,1,1950.0,0.0,CZK
SO-2023-008513,1,2023-07-25,2023-07-25,CZ-PRG-01,,VM-BIK-0004,1,21350.0,0.0,CZK
SO-2023-008514,1,2023-07-25,2023-07-25,CZ-PRG-01,,VM-APP-0008,2,800.0,0.0,CZK
SO-2023-008514,2,2023-07-25,2023-07-25,CZ-PRG-01,,VM-NUT-0004,15,35.0,0.0,CZK
SO-2023-008515,1,2023-07-25,2023-07-27,CZ-WEB-01,C002338,VM-APP-0011,1,2050.0,0.0,CZK
SO-2023-008516,1,2023-07-25,2023-07-28,CZ-WEB-01,C003685,VM-ACC-0014,1,550.0,0.0,CZK
SO-2023-008517,1,2023-07-25,2023-07-29,CZ-WEB-01,C001562,VM-CMP-0023,1,295.0,0.0,CZK
SO-2023-008518,1,2023-07-25,2023-07-27,CZ-WEB-01,C003686,VM-APP-0017,1,950.0,0.05,CZK
SO-2023-008518,2,2023-07-25,2023-07-27,CZ-WEB-01,C003686,VM-APP-0008,2,800.0,0.05,CZK
SO-2023-008519,1,2023-07-25,2023-07-25,DE-BER-01,C003687,VM-CMP-0002,1,117.63,0.05,EUR
SO-2023-008520,1,2023-07-25,2023-07-29,DE-WEB-01,C000123,VM-BIK-0003,1,1373.77,0.0,EUR
SO-2023-008520,2,2023-07-25,2023-07-29,DE-WEB-01,C000123,VM-ACC-0018,2,10.5,0.0,EUR
SO-2023-008520,3,2023-07-25,2023-07-29,DE-WEB-01,C000123,VM-APP-0019,2,13.86,0.0,EUR
SO-2023-008521,1,2023-07-25,2023-07-28,DE-WEB-01,C003688,VM-BIK-0007,1,1480.89,0.0,EUR
SO-2023-008521,2,2023-07-25,2023-07-28,DE-WEB-01,C003688, VM-ACC-0015 ,1,73.52,0.0,EUR
SO-2023-008522,1,2023-07-25,2023-07-26,DE-WEB-01,C003689,VM-BIK-0012,1,2480.76,0.05,EUR
SO-2023-008522,2,2023-07-25,2023-07-26,DE-WEB-01,C003689,VM-APP-0010,2,35.71,0.05,EUR
SO-2023-008523,1,2023-07-25,2023-07-29,DE-WEB-01,C003690,VM-CMP-0020,2,54.61,0.0,EUR
SO-2023-008523,2,2023-07-25,2023-07-29,DE-WEB-01,C003690,VM-CMP-0017,1,105.03,0.0,EUR
SO-2023-008524,1,2023-07-26,2023-07-26,PL-WAW-01,C003691,VM-ACC-0007,1,343.79,0.0,PLN
SO-2023-008524,2,2023-07-26,2023-07-26,PL-WAW-01,C003691,VM-CMP-0009,1,334.24,0.0,PLN
SO-2023-008525,1,2023-07-26,2023-07-26,PL-WAW-01,,VM-ACC-0018,1,47.74,0.0,PLN
SO-2023-008525,2,2023-07-26,2023-07-26,PL-WAW-01,,VM-ACC-0014,1,105.04,0.0,PLN
SO-2023-008525,3,2023-07-26,2023-07-26,PL-WAW-01,,VM-APP-0002,1,420.19,0.0,PLN
SO-2023-008526,1,2023-07-26,2023-07-26,PL-WAW-01,,VM-APP-0003,2,296.04,0.0,PLN
SO-2023-008527,1,2023-07-26,2023-07-26,PL-WAW-01,,VM-BIK-0012,1,11278.54,0.0,PLN
SO-2023-008527,2,2023-07-26,2023-07-26,PL-WAW-01,,VM-CMP-0020,1,248.29,0.0,PLN
SO-2023-008528,1,2023-07-26,2023-07-26,PL-WAW-02,C003618,VM-BIK-0007,1,6732.74,0.0,PLN
SO-2023-008528,2,2023-07-26,2023-07-26,PL-WAW-02,C003618,VM-BIK-0003,1,6245.69,0.0,PLN
SO-2023-008528,3,2023-07-26,2023-07-26,PL-WAW-02,C003618,VM-BIK-0011,1,8260.74,0.0,PLN
SO-2023-008529,1,2023-07-26,2023-07-26,PL-WAW-02,,VM-APP-0009,2,334.24,0.0,PLN
SO-2023-008529,2,2023-07-26,2023-07-26,PL-WAW-02,,vm-bik-0001,1,13073.94,0.05,PLN
SO-2023-008529,3,2023-07-26,2023-07-26,PL-WAW-02,,VM-EBK-0007,1,14038.49,0.0,PLN
SO-2023-008529,4,2023-07-26,2023-07-26,PL-WAW-02,,VM-BIK-0013,1,4583.99,0.0,PLN
SO-2023-008530,1,2023-07-26,2023-07-26,PL-WAW-02,,VM-BIK-0009,1,5386.19,0.0,PLN
SO-2023-008531,1,2023-07-26,2023-07-26,PL-WAW-02,C000397,VM-EBK-0003,1,8680.94,0.05,PLN
SO-2023-008531,2,2023-07-26,2023-07-26,PL-WAW-02,C000397,VM-BIK-0013,1,4583.99,0.05,PLN
SO-2023-008532,1,2023-07-26,2023-07-26,PL-WAW-02,C002325,VM-NUT-0004,12,6.68,0.0,PLN
SO-2023-008533,1,2023-07-26,2023-07-26,PL-KRK-01,,VM-BIK-0007,1,6732.74,0.0,PLN
SO-2023-008534,1,2023-07-26,2023-07-26,PL-KRK-01,C002979,VM-NUT-0002,3,14.32,0.1,PLN
SO-2023-008534,2,2023-07-26,2023-07-26,PL-KRK-01,C002979,VM-ACC-0010,2,238.74,0.0,PLN
SO-2023-008535,1,2023-07-26,2023-07-26,PL-KRK-01,,VM-BIK-0011,1,8260.74,0.0,PLN
SO-2023-008536,1,2023-07-26,2023-07-26,PL-KRK-01,,VM-EBK-0008,1,14420.49,0.0,PLN
SO-2023-008537,1,2023-07-26,2023-07-26,PL-KRK-01,C003692,VM-BIK-0007,1,6732.74,0.0,PLN
SO-2023-008538,1,2023-07-26,2023-07-26,PL-KRK-01,,VM-EBK-0001,1,7324.84,0.0,PLN
SO-2023-008539,1,2023-07-26,2023-07-26,PL-KRK-01,C003693,VM-BIK-0009,1,5386.19,0.0,PLN
SO-2023-008540,1,2023-07-26,2023-07-26,PL-WRO-01,C001680,VM-ACC-0018,3,47.74,0.0,PLN
SO-2023-008541,1,2023-07-26,2023-07-26,PL-WRO-01,,vm-bik-0007,1,6732.74,0.0,PLN
SO-2023-008541,2,2023-07-26,2023-07-26,PL-WRO-01,,VM-EBK-0008,1,14420.49,0.0,PLN
SO-2023-008542,1,2023-07-26,2023-07-26,PL-WRO-01,C003694,VM-BIK-0011,1,8260.74,0.05,PLN
SO-2023-008542,2,2023-07-26,2023-07-26,PL-WRO-01,C003694,VM-ACC-0008,2,381.99,0.05,PLN
SO-2023-008543,1,2023-07-26,2023-07-26,PL-WRO-01,,VM-EBK-0007,1,14038.49,0.0,PLN
SO-2023-008543,2,2023-07-26,2023-07-26,PL-WRO-01,,VM-ACC-0002,1,582.54,0.0,PLN
SO-2023-008544,1,2023-07-26,2023-07-26,PL-WRO-01,,VM-NUT-0003,8,10.5,0.0,PLN
SO-2023-008545,1,2023-07-26,2023-07-26,PL-WRO-01,C002757,VM-NUT-0006,4,9.54,0.0,PLN
SO-2023-008545,2,2023-07-26,2023-07-26,PL-WRO-01,C002757,VM-BIK-0009,1,5386.19,0.0,PLN
SO-2023-008546,1,2023-07-26,2023-07-26,PL-WRO-01,C002520,VM-APP-0001,3,439.29,0.0,PLN
SO-2023-008546,2,2023-07-26,2023-07-26,PL-WRO-01,C002520,VM-CMP-0022,3,34.37,0.0,PLN
SO-2023-008547,1,2023-07-26,2023-07-26,PL-WRO-01,C001463,VM-NUT-0003,14,10.5,0.0,PLN
SO-2023-008548,1,2023-07-26,2023-07-26,PL-GDN-01,C002772,VM-CMP-0010,1,372.44,0.0,PLN
SO-2023-008548,2,2023-07-26,2023-07-26,PL-GDN-01,C002772,VM-BIK-0017,1,1824.04,0.0,PLN
SO-2023-008548,3,2023-07-26,2023-07-26,PL-GDN-01,C002772,VM-NUT-0002,15,14.32,0.0,PLN
SO-2023-008548,4,2023-07-26,2023-07-26,PL-GDN-01,C002772,VM-ACC-0014,1,105.04,0.05,PLN
SO-2023-008549,1,2023-07-26,2023-07-26,PL-GDN-01,,VM-CMP-0001,2,381.99,0.0,PLN
SO-2023-008550,1,2023-07-26,2023-07-26,PL-GDN-01,C003695,VM-BIK-0020,1,1155.54,0.0,PLN
SO-2023-008550,2,2023-07-26,2023-07-26,PL-GDN-01,C003695,VM-ACC-0008,1,381.99,0.0,PLN
SO-2023-008551,1,2023-07-26,2023-07-26,PL-GDN-01,,VM-ACC-0004,2,744.89,0.0,PLN
SO-2023-008551,2,2023-07-26,2023-07-26,PL-GDN-01,,VM-NUT-0011,3,51.56,0.0,PLN
SO-2023-008552,1,2023-07-26,2023-07-26,PL-POZ-01,C003696,VM-APP-0010,1,162.34,0.0,PLN
SO-2023-008552,2,2023-07-26,2023-07-26,PL-POZ-01,C003696,VM-BIK-0006,1,6293.44,0.0,PLN
SO-2023-008553,1,2023-07-26,2023-07-26,PL-POZ-01,C003679,VM-ACC-0008,2,381.99,0.0,PLN
SO-2023-008554,1,2023-07-26,2023-07-27,PL-WEB-01,C003697,VM-EBK-0001,1,7324.84,0.0,PLN
SO-2023-008555,1,2023-07-26,2023-07-29,PL-WEB-01,C003698,VM-EBK-0001,1,7324.84,0.0,PLN
SO-2023-008555,2,2023-07-26,2023-07-29,PL-WEB-01,C003698,VM-NUT-0004,5,6.68,0.05,PLN
SO-2023-008556,1,2023-07-26,2023-07-30,PL-WEB-01,C003699,VM-CMP-0023,4,56.34,0.05,PLN
SO-2023-008557,1,2023-07-26,2023-07-29,PL-WEB-01,C000717,VM-ACC-0002,1,582.54,0.0,PLN
SO-2023-008557,2,2023-07-26,2023-07-29,PL-WEB-01,C000717,VM-ACC-0018,2,47.74,0.0,PLN
SO-2023-008557,3,2023-07-26,2023-07-29,PL-WEB-01,C000717,VM-BIK-0019,1,1155.54,0.0,PLN
SO-2023-008558,1,2023-07-26,2023-07-30,PL-WEB-01,C003700,VM-CMP-0002,2,534.79,0.0,PLN
SO-2023-008559,1,2023-07-26,2023-07-27,PL-WEB-01,C003701,VM-APP-0002,2,420.19,0.0,PLN
SO-2023-008559,2,2023-07-26,2023-07-27,PL-WEB-01,C003701,VM-ACC-0007,2,343.79,0.0,PLN
SO-2023-008560,1,2023-07-26,2023-07-28,PL-WEB-01,C003671,VM-ACC-0022,1,1499.34,0.0,PLN
SO-2023-008561,1,2023-07-26,2023-07-30,PL-WEB-01,C003702,VM-NUT-0004,5,6.68,0.0,PLN
SO-2023-008561,2,2023-07-26,2023-07-30,PL-WEB-01,C003702,VM-APP-0001,2,439.29,0.0,PLN
SO-2023-008562,1,2023-07-26,2023-07-27,PL-WEB-01,C002176,VM-ACC-0008,2,381.99,0.05,PLN
SO-2023-008562,2,2023-07-26,2023-07-27,PL-WEB-01,C002176,VM-NUT-0007,7,12.41,0.05,PLN
SO-2023-008562,3,2023-07-26,2023-07-27,PL-WEB-01,C002176,VM-ACC-0014,1,105.04,0.05,PLN
SO-2023-008563,1,2023-07-26,2023-07-28,PL-WEB-01,C003703,VM-ACC-0008,2,381.99,0.0,PLN
SO-2023-008563,2,2023-07-26,2023-07-28,PL-WEB-01,C003703,VM-CMP-0017,2,477.49,0.0,PLN
SO-2023-008563,3,2023-07-26,2023-07-28,PL-WEB-01,C003703,VM-NUT-0004,14,6.68,0.0,PLN
SO-2023-008564,1,2023-07-26,2023-07-28,PL-WEB-01,C003704,VM-BIK-0013,1,4583.99,0.0,PLN
SO-2023-008565,1,2023-07-26,2023-07-28,PL-WEB-01,C002633,VM-BIK-0003,1,6245.69,0.0,PLN
SO-2023-008565,2,2023-07-26,2023-07-28,PL-WEB-01,C002633,VM-ACC-0013,1,162.34,0.0,PLN
SO-2023-008565,3,2023-07-26,2023-07-28,PL-WEB-01,C002633,VM-NUT-0005,6,8.59,0.0,PLN
SO-2023-008566,1,2023-07-26,2023-07-27,PL-WEB-01,C002697,VM-ACC-0017,1,55.38,0.0,PLN
SO-2023-008566,2,2023-07-26,2023-07-27,PL-WEB-01,C002697,VM-ACC-0005,2,171.89,0.0,PLN
SO-2023-008566,3,2023-07-26,2023-07-27,PL-WEB-01,C002697,VM-EBK-0007,1,14038.49,0.05,PLN
SO-2023-008567,1,2023-07-26,2023-07-28,PL-WEB-01,C003705,VM-CMP-0017,1,477.49,0.05,PLN
SO-2023-008568,1,2023-07-26,2023-07-30,PL-WEB-01,C002447,VM-CMP-0016,2,2349.29,0.05,PLN
SO-2023-008569,1,2023-07-26,2023-07-28,PL-WEB-01,C000222,VM-NUT-0001,13,8.59,0.0,PLN
SO-2023-008570,1,2023-07-26,2023-07-30,PL-WEB-01,C003706,VM-CMP-0018,3,59.2,0.0,PLN
SO-2023-008570,2,2023-07-26,2023-07-30,PL-WEB-01,C003706,VM-ACC-0008,2,381.99,0.0,PLN
SO-2023-008571,1,2023-07-26,2023-07-29,PL-MKT-01,C003707,VM-ACC-0001,2,362.89,0.0,PLN
SO-2023-008571,2,2023-07-26,2023-07-29,PL-MKT-01,C003707,VM-NUT-0002,10,14.32,0.0,PLN
SO-2023-008571,3,2023-07-26,2023-07-29,PL-MKT-01,C003707,VM-ACC-0006,1,907.24,0.0,PLN
SO-2023-008572,1,2023-07-26,2023-07-29,PL-MKT-01,C003708,VM-ACC-0008,1,381.99,0.0,PLN
SO-2023-008573,1,2023-07-26,2023-07-30,PL-MKT-01,C003709,VM-NUT-0001,5,8.59,0.0,PLN
SO-2023-008574,1,2023-07-26,2023-07-28,PL-MKT-01,C003710,VM-APP-0007,1,152.79,0.0,PLN
SO-2023-008575,1,2023-07-26,2023-07-26,CZ-PRG-01,C003711,VM-APP-0013,1,2200.0,0.0,CZK
SO-2023-008576,1,2023-07-26,2023-07-26,CZ-PRG-01,C002709,VM-ACC-0008,1,2000.0,0.0,CZK
SO-2023-008576,2,2023-07-26,2023-07-26,CZ-PRG-01,C002709,VM-NUT-0006,6,50.0,0.0,CZK
SO-2023-008576,3,2023-07-26,2023-07-26,CZ-PRG-01,C002709,VM-ACC-0018,1,250.0,0.0,CZK
SO-2023-008577,1,2023-07-26,2023-07-29,CZ-WEB-01,C002948,VM-EBK-0001,1,38350.0,0.0,CZK
SO-2023-008578,1,2023-07-26,2023-07-30,CZ-WEB-01,C003712,VM-APP-0015,1,2850.0,0.0,CZK
SO-2023-008579,1,2023-07-26,2023-07-28,CZ-WEB-01,C003713,VM-APP-0011,2,2050.0,0.0,CZK
SO-2023-008579,2,2023-07-26,2023-07-28,CZ-WEB-01,C003713,VM-ACC-0020,1,4050.0,0.0,CZK
SO-2023-008580,1,2023-07-26,2023-07-26,DE-BER-01,,VM-ACC-0004,1,163.84,0.05,EUR
SO-2023-008580,2,2023-07-26,2023-07-26,DE-BER-01,,VM-APP-0010,1,35.71,0.0,EUR
SO-2023-008580,3,2023-07-26,2023-07-26,DE-BER-01,,VM-BIK-0022,1,294.08,0.0,EUR
SO-2023-008581,1,2023-07-26,2023-07-26,DE-BER-01,,VM-BIK-0005,1,1556.52,0.0,EUR
SO-2023-008581,2,2023-07-26,2023-07-26,DE-BER-01,,VM-APP-0019,2,13.86,0.0,EUR
SO-2023-008582,1,2023-07-26,2023-07-26,DE-BER-01,C003714,VM-NUT-0001,12,1.89,0.0,EUR
SO-2023-008583,1,2023-07-26,2023-07-26,DE-BER-01,C003389,VM-NUT-0011,3,11.34,0.0,EUR
SO-2023-008583,2,2023-07-26,2023-07-26,DE-BER-01,C003389,VM-ACC-0008,1,84.02,0.0,EUR
SO-2023-008583,3,2023-07-26,2023-07-26,DE-BER-01,C003389,VM-APP-0008,1,33.61,0.0,EUR
SO-2023-008584,1,2023-07-26,2023-07-30,DE-WEB-01,C002790,VM-APP-0002,3,92.42,0.05,EUR
SO-2023-008585,1,2023-07-26,2023-07-28,DE-WEB-01,C000390,VM-NUT-0009,2,17.85,0.0,EUR
SO-2023-008586,1,2023-07-26,2023-07-27,DE-WEB-01,C000887,VM-NUT-0004,3,1.47,0.0,EUR
SO-2023-008587,1,2023-07-26,2023-07-28,DE-WEB-01,C003715,VM-CMP-0018,3,13.02,0.0,EUR
SO-2023-008587,2,2023-07-26,2023-07-28,DE-WEB-01,C003715,VM-NUT-0011,2,11.34,0.0,EUR
SO-2023-008587,3,2023-07-26,2023-07-28,DE-WEB-01,C003715,VM-NUT-0006,9,2.1,0.0,EUR
SO-2023-008588,1,2023-07-26,2023-07-30,DE-WEB-01,C000315,VM-BIK-0006,1,1384.27,0.0,EUR
SO-2023-008589,1,2023-07-26,2023-07-27,DE-WEB-01,C003609,VM-APP-0002,3,92.42,0.05,EUR
SO-2023-008590,1,2023-07-26,2023-07-27,DE-WEB-01,C003716,VM-ACC-0002,4,128.13,0.1,EUR
SO-2023-008591,1,2023-07-26,2023-07-28,DE-WEB-01,C002481,VM-ACC-0021,1,163.84,0.05,EUR
SO-2023-008591,2,2023-07-26,2023-07-28,DE-WEB-01,C002481,VM-ACC-0009,2,84.02,0.05,EUR
SO-2023-008592,1,2023-07-27,2023-07-27,PL-WAW-01,C003717,VM-CMP-0002,2,534.79,0.0,PLN
SO-2023-008593,1,2023-07-27,2023-07-27,PL-WAW-01,,VM-APP-0007,1,152.79,0.0,PLN
SO-2023-008594,1,2023-07-27,2023-07-27,PL-WAW-02,C002520,VM-CMP-0013,1,506.14,0.0,PLN
SO-2023-008595,1,2023-07-27,2023-07-27,PL-WAW-02,,VM-ACC-0021,1,744.89,0.0,PLN
SO-2023-008596,1,2023-07-27,2023-07-27,PL-WAW-02,C002121,VM-ACC-0001,1,362.89,0.0,PLN
SO-2023-008597,1,2023-07-27,2023-07-27,PL-WAW-02,C003718,VM-APP-0002,1,420.19,0.0,PLN
SO-2023-008598,1,2023-07-27,2023-07-27,PL-WAW-02,C003719,VM-CMP-0013,1,506.14,0.0,PLN
SO-2023-008599,1,2023-07-27,2023-07-27,PL-WAW-02,C001049,VM-NUT-0005,11,8.59,0.0,PLN
SO-2023-008600,1,2023-07-27,2023-07-27,PL-WAW-02,C002092,VM-APP-0010,1,162.34,0.0,PLN
SO-2023-008600,2,2023-07-27,2023-07-27,PL-WAW-02,C002092,vm-app-0011,1,391.54,0.0,PLN
SO-2023-008600,3,2023-07-27,2023-07-27,PL-WAW-02,C002092,VM-ACC-0008,2,381.99,0.0,PLN
SO-2023-008600,4,2023-07-27,2023-07-27,PL-WAW-02,C002092,VM-BIK-0007,1,6732.74,0.0,PLN
SO-2023-008601,1,2023-07-27,2023-07-27,PL-WAW-02,C003434,VM-ACC-0021,1,744.89,0.05,PLN
SO-2023-008602,1,2023-07-27,2023-07-27,PL-KRK-01,C003720,vm-acc-0021,1,744.89,0.05,PLN
SO-2023-008602,2,2023-07-27,2023-07-27,PL-KRK-01,C003720,VM-BIK-0021,1,1193.74,0.05,PLN
SO-2023-008603,1,2023-07-27,2023-07-27,PL-KRK-01,C003721,VM-ACC-0002,2,582.54,0.0,PLN
SO-2023-008603,2,2023-07-27,2023-07-27,PL-KRK-01,C003721,VM-NUT-0001,5,8.59,0.0,PLN
SO-2023-008604,1,2023-07-27,2023-07-27,PL-KRK-01,,VM-CMP-0016,1,2349.29,0.0,PLN
SO-2023-008605,1,2023-07-27,2023-07-27,PL-KRK-01,C001497,VM-NUT-0011,2,51.56,0.0,PLN
SO-2023-008606,1,2023-07-27,2023-07-27,PL-KRK-01,C002042,vm-cmp-0016,2,2349.29,0.0,PLN
SO-2023-008606,2,2023-07-27,2023-07-27,PL-KRK-01,C002042,VM-ACC-0008,1,381.99,0.0,PLN
SO-2023-008606,3,2023-07-27,2023-07-27,PL-KRK-01,C002042,VM-APP-0012,1,830.84,0.0,PLN
SO-2023-008607,1,2023-07-27,2023-07-27,PL-KRK-01,C003722,VM-BIK-0011,1,8260.74,0.0,PLN
SO-2023-008608,1,2023-07-27,2023-07-27,PL-WRO-01,C000441,VM-BIK-0011,4,8260.74,0.1,PLN
SO-2023-008608,2,2023-07-27,2023-07-27,PL-WRO-01,C000441,VM-ACC-0013,2,162.34,0.12,PLN
SO-2023-008609,1,2023-07-27,2023-07-27,PL-WRO-01,C003723,VM-ACC-0005,1,171.89,0.0,PLN
SO-2023-008609,2,2023-07-27,2023-07-27,PL-WRO-01,C003723,VM-BIK-0014,1,3657.64,0.0,PLN
SO-2023-008610,1,2023-07-27,2023-07-27,PL-WRO-01,,VM-ACC-0014,1,105.04,0.0,PLN
SO-2023-008611,1,2023-07-27,2023-07-27,PL-WRO-01,C003724,VM-CMP-0001,1,381.99,0.0,PLN
SO-2023-008612,1,2023-07-27,2023-07-27,PL-WRO-01,,VM-NUT-0010,1,33.42,0.0,PLN
SO-2023-008612,2,2023-07-27,2023-07-27,PL-WRO-01,,VM-NUT-0011,2,51.56,0.0,PLN
SO-2023-008612,3,2023-07-27,2023-07-27,PL-WRO-01,,VM-APP-0007,2,152.79,0.0,PLN
SO-2023-008613,1,2023-07-27,2023-07-27,PL-GDN-01,C000708,VM-ACC-0001,1,362.89,0.0,PLN
SO-2023-008613,2,2023-07-27,2023-07-27,PL-GDN-01,C000708,VM-NUT-0002,5,14.32,0.0,PLN
SO-2023-008614,1,2023-07-27,2023-07-27,PL-GDN-01,,VM-BIK-0013,1,4583.99,0.0,PLN
SO-2023-008615,1,2023-07-27,2023-07-30,PL-WEB-01,C002171,VM-ACC-0018,1,47.74,0.0,PLN
SO-2023-008616,1,2023-07-27,2023-07-31,PL-WEB-01,C001631,VM-BIK-0019,1,1155.54,0.0,PLN
SO-2023-008617,1,2023-07-27,2023-07-28,PL-WEB-01,C003725,VM-BIK-0001,1,13073.94,0.0,PLN
SO-2023-008618,1,2023-07-27,2023-07-30,PL-WEB-01,C003726,VM-NUT-0006,3,9.54,0.0,PLN
SO-2023-008619,1,2023-07-27,2023-07-29,PL-WEB-01,C003727,VM-APP-0020,2,171.89,0.0,PLN
SO-2023-008619,2,2023-07-27,2023-07-29,PL-WEB-01,C003727,VM-EBK-0003,1,8680.94,0.0,PLN
SO-2023-008620,1,2023-07-27,2023-07-28,PL-WEB-01,C003728,VM-ACC-0017,3,55.38,0.1,PLN
SO-2023-008620,2,2023-07-27,2023-07-28,PL-WEB-01,C003728,VM-ACC-0007,2,343.79,0.0,PLN
SO-2023-008620,3,2023-07-27,2023-07-28,PL-WEB-01,C003728,VM-ACC-0012,1,68.75,0.0,PLN
SO-2023-008621,1,2023-07-27,2023-07-31,PL-WEB-01,C002019,VM-NUT-0002,56,14.32,0.1,PLN
SO-2023-008621,2,2023-07-27,2023-07-31,PL-WEB-01,C002019,VM-ACC-0002,6,582.54,0.12,PLN
SO-2023-008621,3,2023-07-27,2023-07-31,PL-WEB-01,C002019,VM-APP-0002,4,420.19,0.12,PLN
SO-2023-008621,4,2023-07-27,2023-07-31,PL-WEB-01,C002019,VM-CMP-0017,4,477.49,0.12,PLN
SO-2023-008622,1,2023-07-27,2023-07-28,PL-WEB-01,C003172,VM-NUT-0009,1,81.17,0.0,PLN
SO-2023-008622,2,2023-07-27,2023-07-28,PL-WEB-01,C003172,VM-BIK-0018,1,2291.99,0.0,PLN
SO-2023-008623,1,2023-07-27,2023-07-30,PL-WEB-01,C000778,VM-BIK-0004,1,4077.84,0.0,PLN
SO-2023-008623,2,2023-07-27,2023-07-30,PL-WEB-01,C000778,VM-ACC-0014,1,105.04,0.0,PLN
SO-2023-008624,1,2023-07-27,2023-07-31,PL-WEB-01,C003085,VM-BIK-0011,1,8260.74,0.0,PLN
SO-2023-008625,1,2023-07-27,2023-07-30,PL-WEB-01,C001145,VM-ACC-0013,1,162.34,0.0,PLN
SO-2023-008626,1,2023-07-27,2023-07-28,PL-MKT-01,C003729,VM-CMP-0015,8,878.59,0.08,PLN
SO-2023-008627,1,2023-07-27,2023-07-28,PL-MKT-01,C000818,VM-CMP-0001,4,381.99,0.1,PLN
SO-2023-008628,1,2023-07-27,2023-07-31,PL-MKT-01,C003730,VM-APP-0018,1,124.14,0.0,PLN
SO-2023-008628,2,2023-07-27,2023-07-31,PL-MKT-01,C003730,VM-BIK-0018,1,2291.99,0.0,PLN
SO-2023-008628,3,2023-07-27,2023-07-31,PL-MKT-01,C003730,VM-BIK-0004,1,4077.84,0.0,PLN
SO-2023-008628,4,2023-07-27,2023-07-31,PL-MKT-01,C003730,VM-APP-0019,2,63.02,0.0,PLN
SO-2023-008629,1,2023-07-27,2023-07-31,PL-MKT-01,C001755,VM-CMP-0016,1,2349.29,0.0,PLN
SO-2023-008629,2,2023-07-27,2023-07-31,PL-MKT-01,C001755,VM-NUT-0009,4,81.17,0.0,PLN
SO-2023-008629,3,2023-07-27,2023-07-31,PL-MKT-01,C001755,VM-NUT-0004,15,6.68,0.0,PLN
SO-2023-008630,1,2023-07-27,2023-07-31,PL-MKT-01,C003009,VM-APP-0019,2,63.02,0.05,PLN
SO-2023-008630,2,2023-07-27,2023-07-31,PL-MKT-01,C003009,VM-ACC-0017,3,55.38,0.05,PLN
SO-2023-008630,3,2023-07-27,2023-07-31,PL-MKT-01,C003009,VM-APP-0004,1,229.19,0.05,PLN
SO-2023-008630,4,2023-07-27,2023-07-31,PL-MKT-01,C003009,VM-APP-0007,2,152.79,0.05,PLN
SO-2023-008631,1,2023-07-27,2023-07-27,CZ-PRG-01,C000768,VM-BIK-0012,1,59050.0,0.0,CZK
SO-2023-008631,2,2023-07-27,2023-07-27,CZ-PRG-01,C000768,VM-ACC-0018,3,250.0,0.0,CZK
SO-2023-008631,3,2023-07-27,2023-07-27,CZ-PRG-01,C000768,VM-ACC-0002,1,3050.0,0.0,CZK
SO-2023-008632,1,2023-07-27,2023-07-27,CZ-PRG-01,C002478,VM-CMP-0002,2,2800.0,0.0,CZK
SO-2023-008633,1,2023-07-27,2023-07-27,CZ-PRG-01,,VM-EBK-0011,1,73200.0,0.0,CZK
SO-2023-008634,1,2023-07-27,2023-07-27,CZ-PRG-01,C003143,VM-APP-0002,2,2200.0,0.0,CZK
SO-2023-008635,1,2023-07-27,2023-07-27,CZ-PRG-01,C003101,VM-APP-0010,1,850.0,0.0,CZK
SO-2023-008635,2,2023-07-27,2023-07-27,CZ-PRG-01,C003101,VM-NUT-0009,4,425.0,0.0,CZK
SO-2023-008635,3,2023-07-27,2023-07-27,CZ-PRG-01,C003101,VM-APP-0001,1,2300.0,0.0,CZK
SO-2023-008636,1,2023-07-27,2023-07-31,CZ-WEB-01,C000163,VM-ACC-0021,1,3900.0,0.0,CZK
SO-2023-008636,2,2023-07-27,2023-07-31,CZ-WEB-01,C000163,VM-BIK-0001,1,68450.0,0.0,CZK
SO-2023-008636,3,2023-07-27,2023-07-31,CZ-WEB-01,C000163,VM-NUT-0010,4,175.0,0.0,CZK
SO-2023-008637,1,2023-07-27,2023-07-27,DE-BER-01,,VM-BIK-0011,1,1816.98,0.0,EUR
SO-2023-008638,1,2023-07-27,2023-07-27,DE-BER-01,C003731,VM-APP-0001,3,96.62,0.05,EUR
SO-2023-008638,2,2023-07-27,2023-07-27,DE-BER-01,C003731,VM-ACC-0008,1,84.02,0.05,EUR
SO-2023-008638,3,2023-07-27,2023-07-27,DE-BER-01,C003731,VM-CMP-0013,2,111.33,0.05,EUR
SO-2023-008639,1,2023-07-27,2023-07-28,DE-WEB-01,C001370,VM-APP-0002,1,92.42,0.05,EUR
SO-2023-008640,1,2023-07-27,2023-07-28,DE-WEB-01,C003732,VM-BIK-0003,1,1373.77,0.05,EUR
SO-2023-008640,2,2023-07-27,2023-07-28,DE-WEB-01,C003732,VM-ACC-0022,1,329.79,0.05,EUR
SO-TEST-0016,1,2023-07-27,2023-07-27,TEST-01,TEST-QA,VM-CMP-0011,1,1.0,0.0,PLN
SO-2023-008641,1,2023-07-28,2023-07-28,PL-WAW-01,C002593,VM-ACC-0014,1,105.04,0.05,PLN
SO-2023-008642,1,2023-07-28,2023-07-28,PL-WAW-01,C003733,VM-CMP-0020,2,248.29,0.0,PLN
SO-2023-008642,2,2023-07-28,2023-07-28,PL-WAW-01,C003733,VM-NUT-0004,14,6.68,0.0,PLN
SO-2023-008642,3,2023-07-28,2023-07-28,PL-WAW-01,C003733,VM-APP-0012,1,830.84,0.0,PLN
SO-2023-008642,4,2023-07-28,2023-07-28,PL-WAW-01,C003733,VM-ACC-0007,2,343.79,0.0,PLN
SO-2023-008643,1,2023-07-28,2023-07-28,PL-WAW-02,,VM-APP-0004,1,229.19,0.0,PLN
SO-2023-008643,2,2023-07-28,2023-07-28,PL-WAW-02,,VM-ACC-0001,1,362.89,0.0,PLN
SO-2023-008644,1,2023-07-28,2023-07-28,PL-WAW-02,C001834,VM-BIK-0013,1,4583.99,0.0,PLN
SO-2023-008644,2,2023-07-28,2023-07-28,PL-WAW-02,C001834,VM-ACC-0011,2,68.75,0.0,PLN
SO-2023-008644,3,2023-07-28,2023-07-28,PL-WAW-02,C001834,VM-ACC-0014,1,105.04,0.0,PLN
SO-2023-008644,4,2023-07-28,2023-07-28,PL-WAW-02,C001834,VM-ACC-0008,1,381.99,0.0,PLN
SO-2023-008645,1,2023-07-28,2023-07-28,PL-WAW-02,C002837,VM-CMP-0009,1,334.24,0.0,PLN
SO-2023-008646,1,2023-07-28,2023-07-28,PL-WAW-02,C003734,VM-ACC-0008,2,381.99,0.0,PLN
SO-2023-008647,1,2023-07-28,2023-07-28,PL-WAW-02,,VM-CMP-0018,1,59.2,0.0,PLN
SO-2023-008648,1,2023-07-28,2023-07-28,PL-WAW-02,C003735,VM-BIK-0020,1,1155.54,0.0,PLN
SO-2023-008648,2,2023-07-28,2023-07-28,PL-WAW-02,C003735,VM-CMP-0008,2,420.19,0.0,PLN
SO-2023-008649,1,2023-07-28,2023-07-28,PL-WAW-02,,VM-CMP-0002,1,534.79,0.0,PLN
SO-2023-008649,2,2023-07-28,2023-07-28,PL-WAW-02,,VM-APP-0010,1,162.34,0.0,PLN
SO-2023-008649,3,2023-07-28,2023-07-28,PL-WAW-02,,VM-CMP-0015,1,878.59,0.0,PLN
SO-2023-008650,1,2023-07-28,2023-07-28,PL-KRK-01,,VM-APP-0019,2,63.02,0.0,PLN
SO-2023-008650,2,2023-07-28,2023-07-28,PL-KRK-01,,VM-ACC-0015,1,334.24,0.0,PLN
SO-2023-008651,1,2023-07-28,2023-07-28,PL-KRK-01,C003736,VM-BIK-0014,1,3657.64,0.0,PLN
SO-2023-008651,2,2023-07-28,2023-07-28,PL-KRK-01,C003736,VM-ACC-0020,1,773.54,0.0,PLN
SO-2023-008651,3,2023-07-28,2023-07-28,PL-KRK-01,C003736,VM-APP-0001,1,439.29,0.0,PLN
SO-2023-008651,4,2023-07-28,2023-07-28,PL-KRK-01,C003736,VM-ACC-0013,1,162.34,0.0,PLN
SO-2023-008652,1,2023-07-28,2023-07-28,PL-KRK-01,C003737,VM-ACC-0005,2,171.89,0.0,PLN
SO-2023-008652,2,2023-07-28,2023-07-28,PL-KRK-01,C003737,VM-ACC-0018,1,47.74,0.0,PLN
SO-2023-008653,1,2023-07-28,2023-07-28,PL-KRK-01,C000420,VM-APP-0013,1,420.19,0.05,PLN
SO-2023-008654,1,2023-07-28,2023-07-28,PL-WRO-01,C002703,VM-CMP-0004,2,687.59,0.05,PLN
SO-2023-008654,2,2023-07-28,2023-07-28,PL-WRO-01,C002703,VM-ACC-0019,2,47.74,0.05,PLN
SO-2023-008655,1,2023-07-28,2023-07-28,PL-WRO-01,,VM-ACC-0022,1,1499.34,0.0,PLN
SO-2023-008656,1,2023-07-28,2023-07-28,PL-WRO-01,,VM-EBK-0003,1,8680.94,0.0,PLN
SO-2023-008657,1,2023-07-28,2023-07-28,PL-GDN-01,C003738,VM-EBK-0001,1,7324.84,0.0,PLN
SO-2023-008658,1,2023-07-28,2023-07-28,PL-GDN-01,C003739,VM-APP-0001,1,439.29,0.0,PLN
SO-2023-008658,2,2023-07-28,2023-07-28,PL-GDN-01,C003739,VM-EBK-0008,1,14420.49,0.0,PLN
SO-2023-008659,1,2023-07-28,2023-07-28,PL-GDN-01,C000416,VM-CMP-0013,1,506.14,0.05,PLN
SO-2023-008660,1,2023-07-28,2023-07-28,PL-GDN-01,,VM-EBK-0008,1,14420.49,0.0,PLN
SO-2023-008661,1,2023-07-28,2023-07-28,PL-GDN-01,,VM-BIK-0004,1,4077.84,0.0,PLN
SO-2023-008661,2,2023-07-28,2023-07-28,PL-GDN-01,,VM-ACC-0014,1,105.04,0.0,PLN
SO-2023-008661,3,2023-07-28,2023-07-28,PL-GDN-01,,VM-NUT-0005,3,8.59,0.0,PLN
SO-2023-008662,1,2023-07-28,2023-07-28,PL-POZ-01,C002296,VM-APP-0015,1,544.34,0.0,PLN
SO-2023-008662,2,2023-07-28,2023-07-28,PL-POZ-01,C002296,VM-NUT-0005,4,8.59,0.0,PLN
SO-2023-008663,1,2023-07-28,2023-07-28,PL-POZ-01,C003109,VM-BIK-0005,1,7076.54,0.0,PLN
SO-2023-008663,2,2023-07-28,2023-07-28,PL-POZ-01,C003109,VM-CMP-0009,2,334.24,0.0,PLN
SO-2023-008664,1,2023-07-28,2023-07-29,PL-WEB-01,C002781,VM-ACC-0017,3,55.38,0.0,PLN
SO-2023-008665,1,2023-07-28,2023-08-01,PL-WEB-01,C000026,VM-NUT-0001,7,8.59,0.0,PLN
SO-2023-008665,2,2023-07-28,2023-08-01,PL-WEB-01,C000026,VM-CMP-0007,2,601.64,0.0,PLN
SO-2023-008665,3,2023-07-28,2023-08-01,PL-WEB-01,C000026,VM-EBK-0011,1,13981.19,0.0,PLN
SO-2023-008666,1,2023-07-28,2023-07-30,PL-WEB-01,C002129,VM-EBK-0010,1,12882.94,0.0,PLN
SO-2023-008667,1,2023-07-28,2023-07-29,PL-WEB-01,C003740,VM-ACC-0008,1,381.99,0.0,PLN
SO-2023-008667,2,2023-07-28,2023-07-29,PL-WEB-01,C003740,VM-BIK-0005,1,7076.54,0.0,PLN
SO-2023-008668,1,2023-07-28,2023-07-30,PL-WEB-01,C003741,VM-CMP-0014,2,410.64,0.0,PLN
SO-2023-008668,2,2023-07-28,2023-07-30,PL-WEB-01,C003741,VM-EBK-0009,1,9464.04,0.0,PLN
SO-2023-008668,3,2023-07-28,2023-07-30,PL-WEB-01,C003741,VM-EBK-0011,1,13981.19,0.0,PLN
SO-2023-008669,1,2023-07-28,2023-07-30,PL-WEB-01,C000225,VM-APP-0011,8,391.54,0.12,PLN
SO-2023-008669,2,2023-07-28,2023-07-30,PL-WEB-01,C000225,VM-ACC-0014,5,105.04,0.1,PLN
SO-2023-008669,3,2023-07-28,2023-07-30,PL-WEB-01,C000225,VM-APP-0003,12,296.04,0.08,PLN
SO-2023-008670,1,2023-07-28,2023-07-30,PL-WEB-01,C003742,vm-acc-0007,2,343.79,0.0,PLN
SO-2023-008671,1,2023-07-28,2023-07-30,PL-WEB-01,C003654,VM-BIK-0007,1,6732.74,0.05,PLN
SO-2023-008671,2,2023-07-28,2023-07-30,PL-WEB-01,C003654,VM-ACC-0008,1,381.99,0.05,PLN
SO-2023-008671,3,2023-07-28,2023-07-30,PL-WEB-01,C003654,VM-NUT-0001,14,8.59,0.05,PLN
SO-2023-008672,1,2023-07-28,2023-07-29,PL-WEB-01,C001835,VM-BIK-0009,1,5386.19,0.0,PLN
SO-2023-008672,2,2023-07-28,2023-07-29,PL-WEB-01,C001835,VM-CMP-0011,2,152.79,0.0,PLN
SO-2023-008673,1,2023-07-28,2023-08-01,PL-WEB-01,C002650,VM-APP-0003,1,296.04,0.0,PLN
SO-2023-008673,2,2023-07-28,2023-08-01,PL-WEB-01,C002650,VM-APP-0017,1,181.44,0.0,PLN
SO-2023-008673,3,2023-07-28,2023-08-01,PL-WEB-01,C002650,VM-CMP-0013,2,506.14,0.0,PLN
SO-2023-008674,1,2023-07-28,2023-07-30,PL-WEB-01,C003743,VM-BIK-0001,1,13073.94,0.0,PLN
SO-2023-008674,2,2023-07-28,2023-07-30,PL-WEB-01,C003743,VM-ACC-0014,1,105.04,0.0,PLN
SO-2023-008674,3,2023-07-28,2023-07-30,PL-WEB-01,C003743,VM-BIK-0022,1,1336.99,0.0,PLN
SO-2023-008675,1,2023-07-28,2023-07-30,PL-MKT-01,C003744,VM-APP-0020,1,171.89,0.05,PLN
SO-2023-008676,1,2023-07-28,2023-07-31,PL-MKT-01,C002367,VM-CMP-0012,1,515.69,0.0,PLN
SO-2023-008677,1,2023-07-28,2023-07-29,PL-MKT-01,C003745, VM-APP-0008 ,1,152.79,0.05,PLN
SO-2023-008678,1,2023-07-28,2023-07-29,PL-MKT-01,C001737,VM-BIK-0002,1,9196.64,0.05,PLN
SO-2023-008678,2,2023-07-28,2023-07-29,PL-MKT-01,C001737, VM-ACC-0007 ,1,343.79,0.05,PLN
SO-2023-008679,1,2023-07-28,2023-07-29,PL-MKT-01,C003746,vm-app-0020,1,171.89,0.0,PLN
SO-2023-008680,1,2023-07-28,2023-08-01,PL-MKT-01,C003747,VM-APP-0002,3,420.19,0.0,PLN
SO-2023-008681,1,2023-07-28,2023-07-29,PL-MKT-01,C001022,VM-NUT-0007,4,12.41,0.0,PLN
SO-2023-008682,1,2023-07-28,2023-07-31,PL-MKT-01,C003748,VM-BIK-0001,1,13073.94,0.0,PLN
SO-2023-008682,2,2023-07-28,2023-07-31,PL-MKT-01,C003748,VM-ACC-0009,1,381.99,0.0,PLN
SO-2023-008682,3,2023-07-28,2023-07-31,PL-MKT-01,C003748,VM-ACC-0008,1,381.99,0.0,PLN
SO-2023-008683,1,2023-07-28,2023-08-01,PL-MKT-01,C003749,VM-BIK-0009,1,5386.19,0.05,PLN
SO-2023-008683,2,2023-07-28,2023-08-01,PL-MKT-01,C003749,VM-CMP-0006,2,190.99,0.05,PLN
SO-2023-008683,3,2023-07-28,2023-08-01,PL-MKT-01,C003749,VM-APP-0001,2,439.29,0.05,PLN
SO-2023-008684,1,2023-07-28,2023-07-31,PL-MKT-01,C003640,VM-NUT-0010,3,33.42,0.0,PLN
SO-2023-008684,2,2023-07-28,2023-07-31,PL-MKT-01,C003640,VM-CMP-0011,2,152.79,0.0,PLN
SO-2023-008685,1,2023-07-28,2023-08-01,PL-MKT-01,C002091,VM-BIK-0022,1,1336.99,0.0,PLN
SO-2023-008686,1,2023-07-28,2023-07-29,PL-MKT-01,C003750,VM-APP-0008,1,152.79,0.0,PLN
SO-2023-008686,2,2023-07-28,2023-07-29,PL-MKT-01,C003750,VM-CMP-0002,1,534.79,0.0,PLN
SO-2023-008687,1,2023-07-28,2023-07-28,CZ-PRG-01,C002852,VM-BIK-0002,1,48150.0,0.0,CZK
SO-2023-008687,2,2023-07-28,2023-07-28,CZ-PRG-01,C002852,VM-ACC-0013,1,850.0,0.0,CZK
SO-2023-008688,1,2023-07-28,2023-07-28,CZ-PRG-01,,VM-CMP-0022,2,180.0,0.0,CZK
SO-2023-008688,2,2023-07-28,2023-07-28,CZ-PRG-01,,VM-CMP-0008,2,2200.0,0.0,CZK
SO-2023-008689,1,2023-07-28,2023-07-28,CZ-PRG-01,C000457,VM-CMP-0009,2,1750.0,0.05,CZK
SO-2023-008690,1,2023-07-28,2023-07-28,CZ-PRG-01,C002948,VM-ACC-0022,1,7850.0,0.0,CZK
SO-2023-008690,2,2023-07-28,2023-07-28,CZ-PRG-01,C002948,VM-ACC-0010,1,1250.0,0.0,CZK
SO-2023-008691,1,2023-07-28,2023-07-28,CZ-PRG-01,C000823,VM-ACC-0008,2,2000.0,0.0,CZK
SO-2023-008691,2,2023-07-28,2023-07-28,CZ-PRG-01,C000823,VM-CMP-0008,2,2200.0,0.0,CZK
SO-2023-008692,1,2023-07-28,2023-07-28,CZ-PRG-01,,VM-NUT-0004,9,35.0,0.0,CZK
SO-2023-008693,1,2023-07-28,2023-07-29,CZ-WEB-01,C003751,VM-CMP-0021,4,240.0,0.0,CZK
SO-2023-008694,1,2023-07-28,2023-07-29,CZ-WEB-01,C000527,VM-APP-0020,2,900.0,0.05,CZK
SO-2023-008695,1,2023-07-28,2023-07-30,CZ-WEB-01,C002680,VM-BIK-0014,1,19150.0,0.05,CZK
SO-2023-008695,2,2023-07-28,2023-07-30,CZ-WEB-01,C002680,VM-BIK-0001,1,68450.0,0.05,CZK
SO-2023-008695,3,2023-07-28,2023-07-30,CZ-WEB-01,C002680,VM-ACC-0008,2,2000.0,0.05,CZK
SO-2023-008696,1,2023-07-28,2023-07-28,DE-BER-01,,VM-CMP-0013,2,111.33,0.0,EUR
SO-2023-008696,2,2023-07-28,2023-07-28,DE-BER-01,,VM-CMP-0006,1,42.01,0.0,EUR
SO-2023-008696,3,2023-07-28,2023-07-28,DE-BER-01,,VM-ACC-0007,1,75.62,0.0,EUR
SO-2023-008696,4,2023-07-28,2023-07-28,DE-BER-01,,VM-NUT-0009,3,17.85,0.0,EUR
SO-2023-008697,1,2023-07-28,2023-07-28,DE-BER-01,C002482,VM-ACC-0007,1,75.62,0.05,EUR
SO-2023-008698,1,2023-07-28,2023-07-28,DE-BER-01,C003752,VM-ACC-0007,2,75.62,0.0,EUR
SO-2023-008699,1,2023-07-28,2023-07-28,DE-BER-01,C003753,vm-app-0017,1,39.91,0.05,EUR
SO-2023-008700,1,2023-07-28,2023-07-28,DE-BER-01,,VM-BIK-0018,1,504.13,0.0,EUR
SO-2023-008701,1,2023-07-28,2023-07-30,DE-WEB-01,C003754,VM-APP-0002,2,92.42,0.0,EUR
SO-2023-008702,1,2023-07-28,2023-08-01,DE-WEB-01,C003755,VM-BIK-0019,1,254.17,0.0,EUR
SO-2023-008703,1,2023-07-29,2023-07-29,PL-WAW-01,C003756,VM-APP-0015,1,544.34,0.0,PLN
SO-2023-008703,2,2023-07-29,2023-07-29,PL-WAW-01,C003756,VM-APP-0001,2,439.29,0.0,PLN
SO-2023-008704,1,2023-07-29,2023-07-29,PL-WAW-01,C002273,VM-BIK-0004,1,4077.84,0.1,PLN
SO-2023-008705,1,2023-07-29,2023-07-29,PL-WAW-01,C003757,VM-BIK-0012,1,11278.54,0.0,PLN
SO-2023-008705,2,2023-07-29,2023-07-29,PL-WAW-01,C003757,VM-APP-0020,2,171.89,0.0,PLN
SO-2023-008705,3,2023-07-29,2023-07-29,PL-WAW-01,C003757,VM-ACC-0017,3,55.38,0.0,PLN
SO-2023-008705,4,2023-07-29,2023-07-29,PL-WAW-01,C003757,VM-CMP-0023,1,56.34,0.0,PLN
SO-2023-008706,1,2023-07-29,2023-07-29,PL-WAW-01,C001219,VM-EBK-0002,1,9502.24,0.0,PLN
SO-2023-008706,2,2023-07-29,2023-07-29,PL-WAW-01,C001219,VM-ACC-0002,1,582.54,0.0,PLN
SO-2023-008707,1,2023-07-29,2023-07-29,PL-WAW-01,C003758,VM-EBK-0007,1,14038.49,0.0,PLN
SO-2023-008707,2,2023-07-29,2023-07-29,PL-WAW-01,C003758,VM-BIK-0020,1,1155.54,0.0,PLN
SO-2023-008707,3,2023-07-29,2023-07-29,PL-WAW-01,C003758,VM-NUT-0006,8,9.54,0.05,PLN
SO-2023-008708,1,2023-07-29,2023-07-29,PL-WAW-01,C003759,VM-EBK-0007,1,14038.49,0.0,PLN
SO-2023-008708,2,2023-07-29,2023-07-29,PL-WAW-01,C003759,VM-ACC-0007,1,343.79,0.0,PLN
SO-2023-008708,3,2023-07-29,2023-07-29,PL-WAW-01,C003759,VM-ACC-0014,1,105.04,0.0,PLN
SO-2023-008709,1,2023-07-29,2023-07-29,PL-WAW-01,,VM-CMP-0016,2,2349.29,0.0,PLN
SO-2023-008710,1,2023-07-29,2023-07-29,PL-WAW-01,,VM-BIK-0019,1,1155.54,0.0,PLN
SO-2023-008711,1,2023-07-29,2023-07-29,PL-WAW-01,C002640,VM-APP-0020,2,171.89,0.0,PLN
SO-2023-008711,2,2023-07-29,2023-07-29,PL-WAW-01,C002640,VM-BIK-0012,1,11278.54,0.0,PLN
SO-2023-008712,1,2023-07-29,2023-07-29,PL-WAW-01,,VM-NUT-0004,8,6.68,0.0,PLN
SO-2023-008712,2,2023-07-29,2023-07-29,PL-WAW-01,,VM-ACC-0008,2,381.99,0.0,PLN
SO-2023-008713,1,2023-07-29,2023-07-29,PL-WAW-01,C002086,VM-CMP-0006,2,190.99,0.05,PLN
SO-2023-008714,1,2023-07-29,2023-07-29,PL-WAW-01,C002815,VM-CMP-0013,2,506.14,0.0,PLN
SO-2023-008714,2,2023-07-29,2023-07-29,PL-WAW-01,C002815,VM-APP-0006,1,296.04,0.0,PLN
SO-2023-008715,1,2023-07-29,2023-07-29,PL-WAW-01,,VM-ACC-0008,1,381.99,0.0,PLN
SO-2023-008715,2,2023-07-29,2023-07-29,PL-WAW-01,,VM-CMP-0021,2,45.83,0.0,PLN
SO-2023-008716,1,2023-07-29,2023-07-29,PL-WAW-01,C000528, VM-BIK-0021 ,1,1193.74,0.0,PLN
SO-2023-008716,2,2023-07-29,2023-07-29,PL-WAW-01,C000528,VM-ACC-0008,2,381.99,0.0,PLN
SO-2023-008716,3,2023-07-29,2023-07-29,PL-WAW-01,C000528,VM-NUT-0009,1,81.17,0.0,PLN
SO-2023-008717,1,2023-07-29,2023-07-29,PL-WAW-02,C001309,VM-BIK-0020,1,1155.54,0.0,PLN
SO-2023-008717,2,2023-07-29,2023-07-29,PL-WAW-02,C001309,VM-ACC-0007,2,343.79,0.0,PLN
SO-2023-008718,1,2023-07-29,2023-07-29,PL-KRK-01,,VM-BIK-0020,1,1155.54,0.0,PLN
SO-2023-008718,2,2023-07-29,2023-07-29,PL-KRK-01,,vm-acc-0010,1,238.74,0.0,PLN
SO-2023-008719,1,2023-07-29,2023-07-29,PL-KRK-01,,VM-ACC-0020,1,773.54,0.0,PLN
SO-2023-008719,2,2023-07-29,2023-07-29,PL-KRK-01,,VM-ACC-0002,1,582.54,0.0,PLN
SO-2023-008720,1,2023-07-29,2023-07-29,PL-KRK-01,C002848,VM-BIK-0007,1,6732.74,0.0,PLN
SO-2023-008720,2,2023-07-29,2023-07-29,PL-KRK-01,C002848,VM-ACC-0018,3,47.74,0.0,PLN
SO-2023-008720,3,2023-07-29,2023-07-29,PL-KRK-01,C002848,VM-ACC-0008,1,381.99,0.0,PLN
SO-2023-008721,1,2023-07-29,2023-07-29,PL-KRK-01,,VM-APP-0008,2,152.79,0.0,PLN
SO-2023-008722,1,2023-07-29,2023-07-29,PL-KRK-01,,VM-NUT-0006,8,9.54,0.0,PLN
SO-2023-008723,1,2023-07-29,2023-07-29,PL-WRO-01,,VM-APP-0012,1,830.84,0.0,PLN
SO-2023-008724,1,2023-07-29,2023-07-29,PL-WRO-01,,VM-APP-0013,1,420.19,0.0,PLN
SO-2023-008725,1,2023-07-29,2023-07-29,PL-WRO-01,,VM-APP-0007,1,152.79,0.0,PLN
SO-2023-008725,2,2023-07-29,2023-07-29,PL-WRO-01,,VM-CMP-0020,3,248.29,0.0,PLN
SO-2023-008726,1,2023-07-29,2023-07-29,PL-WRO-01,C003760,VM-CMP-0016,4,2349.29,0.12,PLN
SO-2023-008726,2,2023-07-29,2023-07-29,PL-WRO-01,C003760,VM-NUT-0004,30,6.68,0.12,PLN
SO-2023-008726,3,2023-07-29,2023-07-29,PL-WRO-01,C003760,VM-EBK-0008,4,14420.49,0.12,PLN
SO-2023-008727,1,2023-07-29,2023-07-29,PL-GDN-01,C003761,VM-CMP-0011,2,152.79,0.0,PLN
SO-2023-008727,2,2023-07-29,2023-07-29,PL-GDN-01,C003761,VM-EBK-0002,1,9502.24,0.0,PLN
SO-2023-008728,1,2023-07-29,2023-07-29,PL-GDN-01,,VM-CMP-0013,1,506.14,0.0,PLN
SO-2023-008729,1,2023-07-29,2023-07-29,PL-GDN-01,C003762,VM-BIK-0015,1,2950.94,0.0,PLN
SO-2023-008730,1,2023-07-29,2023-07-29,PL-GDN-01,C003615,vm-cmp-0009,1,334.24,0.1,PLN
SO-2023-008731,1,2023-07-29,2023-07-29,PL-POZ-01,C003045,VM-BIK-0013,1,4583.99,0.0,PLN
SO-2023-008731,2,2023-07-29,2023-07-29,PL-POZ-01,C003045,VM-ACC-0008,2,381.99,0.0,PLN
SO-2023-008732,1,2023-07-29,2023-07-29,PL-POZ-01,,VM-CMP-0014,2,410.64,0.0,PLN
SO-2023-008732,2,2023-07-29,2023-07-29,PL-POZ-01,,VM-BIK-0020,1,1155.54,0.0,PLN
SO-2023-008733,1,2023-07-29,2023-07-29,PL-POZ-01,C000333,VM-NUT-0009,3,81.17,0.0,PLN
SO-2023-008734,1,2023-07-29,2023-07-29,PL-POZ-01,C002697,VM-ACC-0006,2,907.24,0.0,PLN
SO-2023-008735,1,2023-07-29,2023-08-01,PL-WEB-01,C002884,VM-BIK-0011,1,8260.74,0.0,PLN
SO-2023-008735,2,2023-07-29,2023-08-01,PL-WEB-01,C002884,VM-ACC-0008,1,381.99,0.0,PLN
SO-2023-008735,3,2023-07-29,2023-08-01,PL-WEB-01,C002884,VM-ACC-0012,1,68.75,0.0,PLN
SO-2023-008736,1,2023-07-29,2023-07-30,PL-WEB-01,C003763,VM-APP-0001,3,439.29,0.0,PLN
SO-2023-008736,2,2023-07-29,2023-07-30,PL-WEB-01,C003763,VM-CMP-0022,3,34.37,0.0,PLN
SO-2023-008736,3,2023-07-29,2023-07-30,PL-WEB-01,C003763,VM-APP-0020,2,171.89,0.0,PLN
SO-2023-008737,1,2023-07-29,2023-07-30,PL-WEB-01,C003764,VM-CMP-0002,2,534.79,0.05,PLN
SO-2023-008737,2,2023-07-29,2023-07-30,PL-WEB-01,C003764,VM-CMP-0003,2,229.19,0.05,PLN
SO-2023-008738,1,2023-07-29,2023-07-31,PL-WEB-01,C000747,VM-BIK-0018,1,2291.99,0.0,PLN
SO-2023-008738,2,2023-07-29,2023-07-31,PL-WEB-01,C000747,VM-ACC-0015,1,334.24,0.0,PLN
SO-2023-008738,3,2023-07-29,2023-07-31,PL-WEB-01,C000747,VM-ACC-0017,3,55.38,0.0,PLN
SO-2023-008739,1,2023-07-29,2023-08-02,PL-WEB-01,C000989,VM-ACC-0020,1,773.54,0.0,PLN
SO-2023-008740,1,2023-07-29,2023-08-02,PL-WEB-01,C001046,VM-APP-0009,2,334.24,0.08,PLN
SO-2023-008741,1,2023-07-29,2023-07-30,PL-WEB-01,C002010,VM-NUT-0009,4,81.17,0.0,PLN
SO-2023-008742,1,2023-07-29,2023-08-02,PL-WEB-01,C003765,VM-NUT-0004,10,6.68,0.0,PLN
SO-2023-008742,2,2023-07-29,2023-08-02,PL-WEB-01,C003765,VM-APP-0020,1,171.89,0.0,PLN
SO-2023-008743,1,2023-07-29,2023-08-01,PL-WEB-01,C003766,VM-ACC-0009,2,381.99,0.0,PLN
SO-2023-008744,1,2023-07-29,2023-08-01,PL-MKT-01,C001707,VM-ACC-0019,2,47.74,0.0,PLN
SO-2023-008745,1,2023-07-29,2023-07-30,PL-MKT-01,C003767,VM-NUT-0004,9,6.68,0.0,PLN
SO-2023-008745,2,2023-07-29,2023-07-30,PL-MKT-01,C003767,VM-ACC-0021,1,744.89,0.0,PLN
SO-2023-008745,3,2023-07-29,2023-07-30,PL-MKT-01,C003767,VM-ACC-0008,1,381.99,0.1,PLN
SO-2023-008745,4,2023-07-29,2023-07-30,PL-MKT-01,C003767,VM-CMP-0020,4,248.29,0.0,PLN
SO-2023-008746,1,2023-07-29,2023-07-31,PL-MKT-01,C002280,VM-APP-0020,2,171.89,0.0,PLN
SO-2023-008746,2,2023-07-29,2023-07-31,PL-MKT-01,C002280,VM-BIK-0017,1,1824.04,0.0,PLN
SO-2023-008746,3,2023-07-29,2023-07-31,PL-MKT-01,C002280,VM-ACC-0001,1,362.89,0.0,PLN
SO-2023-008747,1,2023-07-29,2023-07-29,CZ-PRG-01,C003768,VM-NUT-0011,4,270.0,0.0,CZK
SO-2023-008747,2,2023-07-29,2023-07-29,CZ-PRG-01,C003768,VM-ACC-0014,1,550.0,0.0,CZK
SO-2023-008747,3,2023-07-29,2023-07-29,CZ-PRG-01,C003768,VM-BIK-0004,1,21350.0,0.0,CZK
SO-2023-008747,4,2023-07-29,2023-07-29,CZ-PRG-01,C003768,VM-BIK-0007,1,35250.0,0.0,CZK
SO-2023-008748,1,2023-07-29,2023-07-29,CZ-PRG-01,C001159,VM-ACC-0018,2,250.0,0.0,CZK
SO-2023-008748,2,2023-07-29,2023-07-29,CZ-PRG-01,C001159,VM-EBK-0003,1,45450.0,0.0,CZK
SO-2023-008748,3,2023-07-29,2023-07-29,CZ-PRG-01,C001159,VM-NUT-0006,10,50.0,0.0,CZK
SO-2023-008749,1,2023-07-29,2023-07-29,CZ-PRG-01,,VM-ACC-0020,1,4050.0,0.0,CZK
SO-2023-008750,1,2023-07-29,2023-07-31,CZ-WEB-01,C002854,VM-CMP-0013,1,2650.0,0.0,CZK
SO-2023-008751,1,2023-07-29,2023-08-01,CZ-WEB-01,C001391,VM-BIK-0021,1,6250.0,0.0,CZK
SO-2023-008752,1,2023-07-29,2023-08-01,CZ-WEB-01,C003769,VM-CMP-0019,2,1050.0,0.0,CZK
SO-2023-008753,1,2023-07-29,2023-08-01,CZ-WEB-01,C003770,VM-APP-0008,2,800.0,0.05,CZK
SO-2023-008754,1,2023-07-29,2023-07-29,DE-BER-01,,VM-NUT-0002,3,3.15,0.0,EUR
SO-2023-008754,2,2023-07-29,2023-07-29,DE-BER-01,,VM-NUT-0009,3,17.85,0.0,EUR
SO-2023-008755,1,2023-07-29,2023-07-29,DE-BER-01,,VM-BIK-0003,1,1373.77,0.0,EUR
SO-2023-008755,2,2023-07-29,2023-07-29,DE-BER-01,,VM-NUT-0005,4,1.89,0.0,EUR
SO-2023-008756,1,2023-07-29,2023-07-29,DE-BER-01,C001163,VM-CMP-0017,1,105.03,0.0,EUR
SO-2023-008756,2,2023-07-29,2023-07-29,DE-BER-01,C001163,VM-NUT-0003,13,2.31,0.0,EUR
SO-2023-008756,3,2023-07-29,2023-07-29,DE-BER-01,C001163,VM-NUT-0006,3,2.1,0.0,EUR
SO-2023-008756,4,2023-07-29,2023-07-29,DE-BER-01,C001163,vm-acc-0022,1,329.79,0.0,EUR
SO-2023-008757,1,2023-07-29,2023-07-29,DE-BER-01,,VM-ACC-0018,3,10.5,0.0,EUR
SO-2023-008758,1,2023-07-29,2023-07-31,DE-WEB-01,C000695,VM-NUT-0010,4,7.35,0.0,EUR
SO-2023-008759,1,2023-07-29,2023-08-01,DE-WEB-01,C001967,VM-ACC-0021,1,163.84,0.0,EUR
SO-2023-008759,2,2023-07-29,2023-08-01,DE-WEB-01,C001967,VM-BIK-0001,1,2875.67,0.0,EUR
SO-2023-008759,3,2023-07-29,2023-08-01,DE-WEB-01,C001967,VM-ACC-0018,2,10.5,0.0,EUR
SO-2023-008760,1,2023-07-29,2023-08-01,DE-WEB-01,C002524,VM-BIK-0007,1,1480.89,0.0,EUR
SO-2023-008761,1,2023-07-29,2023-08-02,DE-WEB-01,C003771,VM-BIK-0013,1,1008.27,0.0,EUR
SO-2023-008762,1,2023-07-30,2023-08-03,PL-WEB-01,C003772,VM-CMP-0023,4,56.34,0.05,PLN
SO-2023-008762,2,2023-07-30,2023-08-03,PL-WEB-01,C003772,VM-CMP-0011,2,152.79,0.0,PLN
SO-2023-008762,3,2023-07-30,2023-08-03,PL-WEB-01,C003772,VM-ACC-0020,1,773.54,0.05,PLN
SO-2023-008763,1,2023-07-30,2023-08-02,PL-WEB-01,C002839,VM-NUT-0009,1,81.17,0.0,PLN
SO-2023-008763,2,2023-07-30,2023-08-02,PL-WEB-01,C002839,VM-APP-0014,1,467.94,0.0,PLN
SO-2023-008764,1,2023-07-30,2023-07-31,PL-WEB-01,C003773,VM-ACC-0006,2,907.24,0.05,PLN
SO-2023-008765,1,2023-07-30,2023-08-01,PL-WEB-01,C001560,VM-NUT-0009,1,81.17,0.05,PLN
SO-2023-008765,2,2023-07-30,2023-08-01,PL-WEB-01,C001560, VM-ACC-0008 ,1,381.99,0.05,PLN
SO-2023-008765,3,2023-07-30,2023-08-01,PL-WEB-01,C001560,VM-BIK-0003,1,6245.69,0.05,PLN
SO-2023-008765,4,2023-07-30,2023-08-01,PL-WEB-01,C001560,VM-CMP-0018,2,59.2,0.05,PLN
SO-2023-008766,1,2023-07-30,2023-07-31,PL-WEB-01,C003774,VM-NUT-0006,6,9.54,0.0,PLN
SO-2023-008766,2,2023-07-30,2023-07-31,PL-WEB-01,C003774,VM-CMP-0016,1,2349.29,0.0,PLN
SO-2023-008767,1,2023-07-30,2023-08-03,PL-WEB-01,C003775,VM-EBK-0008,1,14420.49,0.0,PLN
SO-2023-008768,1,2023-07-30,2023-08-02,PL-WEB-01,C001571,VM-ACC-0002,2,582.54,0.05,PLN
SO-2023-008769,1,2023-07-30,2023-08-03,PL-WEB-01,C000620,VM-CMP-0014,1,410.64,0.1,PLN
SO-2023-008770,1,2023-07-30,2023-07-31,PL-WEB-01,C001560,VM-NUT-0003,4,10.5,0.05,PLN
SO-2023-008770,2,2023-07-30,2023-07-31,PL-WEB-01,C001560,VM-ACC-0017,3,55.38,0.05,PLN
SO-2023-008770,3,2023-07-30,2023-07-31,PL-WEB-01,C001560,VM-BIK-0009,1,5386.19,0.05,PLN
SO-2023-008770,4,2023-07-30,2023-07-31,PL-WEB-01,C001560,vm-bik-0004,1,4077.84,0.05,PLN
SO-2023-008771,1,2023-07-30,2023-08-01,PL-WEB-01,C002273,VM-ACC-0011,2,68.75,0.0,PLN
SO-2023-008772,1,2023-07-30,2023-08-01,PL-WEB-01,C003776,VM-CMP-0023,4,56.34,0.0,PLN
SO-2023-008773,1,2023-07-30,2023-08-02,PL-WEB-01,C003777,VM-NUT-0006,4,9.54,0.0,PLN
SO-2023-008773,2,2023-07-30,2023-08-02,PL-WEB-01,C003777,VM-APP-0007,2,152.79,0.0,PLN
SO-2023-008773,3,2023-07-30,2023-08-02,PL-WEB-01,C003777,VM-CMP-0010,1,372.44,0.0,PLN
SO-2023-008773,4,2023-07-30,2023-08-02,PL-WEB-01,C003777,VM-ACC-0023,1,888.14,0.0,PLN
SO-2023-008774,1,2023-07-30,2023-08-03,PL-WEB-01,C001336,VM-ACC-0003,2,276.94,0.0,PLN
SO-2023-008774,2,2023-07-30,2023-08-03,PL-WEB-01,C001336,VM-NUT-0003,3,10.5,0.0,PLN
SO-2023-008774,3,2023-07-30,2023-08-03,PL-WEB-01,C001336,VM-CMP-0008,1,420.19,0.0,PLN
SO-2023-008774,4,2023-07-30,2023-08-03,PL-WEB-01,C001336,VM-BIK-0012,1,11278.54,0.0,PLN
SO-2023-008775,1,2023-07-30,2023-08-01,PL-WEB-01,C003778,VM-ACC-0019,2,47.74,0.05,PLN
SO-2023-008775,2,2023-07-30,2023-08-01,PL-WEB-01,C003778,VM-APP-0006,3,296.04,0.05,PLN
SO-2023-008776,1,2023-07-30,2023-08-02,PL-WEB-01,C001497,VM-EBK-0002,1,9502.24,0.0,PLN
SO-2023-008776,2,2023-07-30,2023-08-02,PL-WEB-01,C001497,VM-ACC-0018,1,47.74,0.0,PLN
SO-2023-008776,3,2023-07-30,2023-08-02,PL-WEB-01,C001497,VM-ACC-0008,1,381.99,0.0,PLN
SO-2023-008776,4,2023-07-30,2023-08-02,PL-WEB-01,C001497,VM-ACC-0005,2,171.89,0.0,PLN
SO-2023-008777,1,2023-07-30,2023-08-03,PL-MKT-01,C002650,VM-CMP-0015,2,878.59,0.0,PLN
SO-2023-008778,1,2023-07-30,2023-08-02,PL-MKT-01,C003779,VM-CMP-0017,1,477.49,0.0,PLN
SO-2023-008778,2,2023-07-30,2023-08-02,PL-MKT-01,C003779,VM-BIK-0021,1,1193.74,0.0,PLN
SO-2023-008779,1,2023-07-30,2023-08-03,PL-MKT-01,C000637,VM-BIK-0014,2,3657.64,0.08,PLN
SO-2023-008780,1,2023-07-30,2023-08-01,PL-MKT-01,C002842,VM-APP-0001,10,439.29,0.1,PLN
SO-2023-008780,2,2023-07-30,2023-08-01,PL-MKT-01,C002842,VM-NUT-0007,28,12.41,0.1,PLN
SO-2023-008781,1,2023-07-30,2023-07-31,PL-MKT-01,C002910,VM-ACC-0008,1,381.99,0.0,PLN
SO-2023-008782,1,2023-07-30,2023-08-03,PL-MKT-01,C002838,VM-BIK-0007,1,6732.74,0.0,PLN
SO-2023-008782,2,2023-07-30,2023-08-03,PL-MKT-01,C002838,VM-ACC-0018,1,47.74,0.0,PLN
SO-2023-008783,1,2023-07-30,2023-08-01,PL-MKT-01,C000239,VM-APP-0015,1,544.34,0.0,PLN
SO-2023-008784,1,2023-07-30,2023-07-30,CZ-PRG-01,,VM-ACC-0003,1,1450.0,0.0,CZK
SO-2023-008785,1,2023-07-30,2023-07-30,CZ-PRG-01,,VM-APP-0012,1,4350.0,0.0,CZK
SO-2023-008785,2,2023-07-30,2023-07-30,CZ-PRG-01,,VM-APP-0002,3,2200.0,0.0,CZK
SO-2023-008785,3,2023-07-30,2023-07-30,CZ-PRG-01,,VM-ACC-0021,1,3900.0,0.0,CZK
SO-2023-008785,4,2023-07-30,2023-07-30,CZ-PRG-01,,VM-EBK-0009,1,49550.0,0.0,CZK
SO-2023-008786,1,2023-07-30,2023-07-30,CZ-PRG-01,,VM-ACC-0014,1,550.0,0.0,CZK
SO-2023-008787,1,2023-07-30,2023-08-01,CZ-WEB-01,C003780,VM-NUT-0004,5,35.0,0.0,CZK
SO-2023-008788,1,2023-07-30,2023-08-02,CZ-WEB-01,C003781,VM-APP-0019,1,330.0,0.0,CZK
SO-2023-008788,2,2023-07-30,2023-08-02,CZ-WEB-01,C003781,VM-CMP-0002,1,2800.0,0.1,CZK
SO-2023-008789,1,2023-07-30,2023-08-01,CZ-WEB-01,C003782,VM-ACC-0013,1,850.0,0.0,CZK
SO-2023-008790,1,2023-07-30,2023-08-01,CZ-WEB-01,C003783,VM-EBK-0003,1,45450.0,0.0,CZK
SO-2023-008791,1,2023-07-30,2023-08-01,DE-WEB-01,C003784, VM-APP-0001 ,3,96.62,0.05,EUR
SO-2023-008791,2,2023-07-30,2023-08-01,DE-WEB-01,C003784,VM-NUT-0011,2,11.34,0.05,EUR
SO-2023-008791,3,2023-07-30,2023-08-01,DE-WEB-01,C003784,VM-NUT-0004,6,1.47,0.05,EUR
SO-2023-008792,1,2023-07-30,2023-08-02,DE-WEB-01,C003785,VM-NUT-0005,3,1.89,0.05,EUR
SO-2023-008793,1,2023-07-30,2023-08-01,DE-WEB-01,C000961,VM-ACC-0007,2,75.62,0.0,EUR
SO-2023-008794,1,2023-07-30,2023-08-03,DE-WEB-01,C000336,VM-CMP-0013,1,111.33,0.0,EUR
SO-2023-008794,2,2023-07-30,2023-08-03,DE-WEB-01,C000336,VM-BIK-0017,1,401.21,0.0,EUR
SO-2023-008795,1,2023-07-31,2023-07-31,PL-WAW-01,C003786,VM-APP-0001,2,439.29,0.05,PLN
SO-2023-008795,2,2023-07-31,2023-07-31,PL-WAW-01,C003786,VM-NUT-0001,12,8.59,0.0,PLN
SO-2023-008796,1,2023-07-31,2023-07-31,PL-WAW-01,C003787,VM-BIK-0004,1,4077.84,0.0,PLN
SO-2023-008796,2,2023-07-31,2023-07-31,PL-WAW-01,C003787,VM-NUT-0004,9,6.68,0.0,PLN
SO-2023-008796,3,2023-07-31,2023-07-31,PL-WAW-01,C003787,VM-CMP-0016,1,2349.29,0.0,PLN
SO-2023-008797,1,2023-07-31,2023-07-31,PL-WAW-01,C003788,VM-ACC-0012,1,68.75,0.0,PLN
SO-2023-008798,1,2023-07-31,2023-07-31,PL-WAW-01,C002589,VM-APP-0001,3,439.29,0.0,PLN
SO-2023-008798,2,2023-07-31,2023-07-31,PL-WAW-01,C002589,VM-CMP-0017,1,477.49,0.0,PLN
SO-2023-008799,1,2023-07-31,2023-07-31,PL-WAW-02,C001880,VM-APP-0010,1,162.34,0.0,PLN
SO-2023-008800,1,2023-07-31,2023-07-31,PL-WAW-02,C003789,VM-CMP-0015,2,878.59,0.0,PLN
SO-2023-008801,1,2023-07-31,2023-07-31,PL-WAW-02,C003790,VM-ACC-0008,1,381.99,0.0,PLN
SO-2023-008801,2,2023-07-31,2023-07-31,PL-WAW-02,C003790,VM-NUT-0009,3,81.17,0.0,PLN
SO-2023-008802,1,2023-07-31,2023-07-31,PL-WAW-02,C003699,VM-ACC-0008,2,381.99,0.05,PLN
SO-2023-008803,1,2023-07-31,2023-07-31,PL-KRK-01,C003791,VM-CMP-0016,2,2349.29,0.0,PLN
SO-2023-008803,2,2023-07-31,2023-07-31,PL-KRK-01,C003791,VM-CMP-0004,1,687.59,0.0,PLN
SO-2023-008804,1,2023-07-31,2023-07-31,PL-KRK-01,C002241,VM-ACC-0005,1,171.89,0.0,PLN
SO-2023-008804,2,2023-07-31,2023-07-31,PL-KRK-01,C002241,VM-ACC-0007,1,343.79,0.0,PLN
SO-2023-008804,3,2023-07-31,2023-07-31,PL-KRK-01,C002241,VM-EBK-0007,1,14038.49,0.0,PLN
SO-2023-008805,1,2023-07-31,2023-07-31,PL-KRK-01,C001058,VM-ACC-0022,1,1499.34,0.05,PLN
SO-2023-008805,2,2023-07-31,2023-07-31,PL-KRK-01,C001058,VM-ACC-0008,1,381.99,0.05,PLN
SO-2023-008806,1,2023-07-31,2023-07-31,PL-WRO-01,C002875,VM-APP-0006,1,296.04,0.0,PLN
SO-2023-008806,2,2023-07-31,2023-07-31,PL-WRO-01,C002875,VM-NUT-0011,2,51.56,0.0,PLN
SO-2023-008807,1,2023-07-31,2023-07-31,PL-WRO-01,,VM-CMP-0001,1,381.99,0.0,PLN
SO-2023-008808,1,2023-07-31,2023-07-31,PL-GDN-01,C003792,VM-ACC-0007,2,343.79,0.0,PLN
SO-2023-008809,1,2023-07-31,2023-07-31,PL-POZ-01,C002196,VM-ACC-0012,1,68.75,0.0,PLN
SO-2023-008810,1,2023-07-31,2023-07-31,PL-POZ-01,C003584,VM-NUT-0004,5,6.68,0.0,PLN
SO-2023-008810,2,2023-07-31,2023-07-31,PL-POZ-01,C003584,VM-CMP-0012,2,515.69,0.0,PLN
SO-2023-008811,1,2023-07-31,2023-08-02,PL-WEB-01,C003735,VM-ACC-0020,1,773.54,0.0,PLN
SO-2023-008811,2,2023-07-31,2023-08-02,PL-WEB-01,C003735,VM-ACC-0007,1,343.79,0.0,PLN
SO-2023-008811,3,2023-07-31,2023-08-02,PL-WEB-01,C003735,VM-EBK-0008,1,14420.49,0.0,PLN
SO-2023-008811,4,2023-07-31,2023-08-02,PL-WEB-01,C003735,VM-NUT-0006,6,9.54,0.0,PLN
SO-2023-008812,1,2023-07-31,2023-08-01,PL-WEB-01,C003793,VM-APP-0016,1,582.54,0.05,PLN
SO-2023-008812,2,2023-07-31,2023-08-01,PL-WEB-01,C003793,VM-BIK-0019,1,1155.54,0.05,PLN
SO-2023-008812,3,2023-07-31,2023-08-01,PL-WEB-01,C003793,VM-ACC-0019,1,47.74,0.05,PLN
SO-2023-008812,4,2023-07-31,2023-08-01,PL-WEB-01,C003793,VM-CMP-0015,2,878.59,0.05,PLN
SO-2023-008813,1,2023-07-31,2023-08-03,PL-WEB-01,C001686,VM-BIK-0007,1,6732.74,0.0,PLN
SO-2023-008814,1,2023-07-31,2023-08-02,PL-WEB-01,C003794,VM-NUT-0001,5,8.59,0.0,PLN
SO-2023-008815,1,2023-07-31,2023-08-03,PL-WEB-01,C000307,VM-ACC-0018,3,47.74,0.0,PLN
SO-2023-008815,2,2023-07-31,2023-08-03,PL-WEB-01,C000307,vm-nut-0011,4,51.56,0.0,PLN
SO-2023-008815,3,2023-07-31,2023-08-03,PL-WEB-01,C000307,VM-NUT-0010,1,33.42,0.0,PLN
SO-2023-008816,1,2023-07-31,2023-08-01,PL-WEB-01,C003795,VM-BIK-0002,3,9196.64,0.08,PLN
SO-2023-008816,2,2023-07-31,2023-08-01,PL-WEB-01,C003795,VM-ACC-0014,2,105.04,0.1,PLN
SO-2023-008817,1,2023-07-31,2023-08-01,PL-WEB-01,C000420,vm-acc-0008,2,381.99,0.05,PLN
SO-2023-008817,2,2023-07-31,2023-08-01,PL-WEB-01,C000420,VM-ACC-0018,1,47.74,0.05,PLN
SO-2023-008817,3,2023-07-31,2023-08-01,PL-WEB-01,C000420,VM-ACC-0011,2,68.75,0.05,PLN
SO-2023-008818,1,2023-07-31,2023-08-04,PL-WEB-01,C003796,VM-ACC-0008,2,381.99,0.0,PLN
SO-2023-008819,1,2023-07-31,2023-08-03,PL-WEB-01,C003797,VM-CMP-0013,2,506.14,0.0,PLN
SO-2023-008819,2,2023-07-31,2023-08-03,PL-WEB-01,C003797,VM-ACC-0007,1,343.79,0.0,PLN
SO-2023-008820,1,2023-07-31,2023-08-03,PL-WEB-01,C003798,VM-ACC-0014,1,105.04,0.0,PLN
SO-2023-008820,2,2023-07-31,2023-08-03,PL-WEB-01,C003798,VM-BIK-0009,1,5386.19,0.0,PLN
SO-2023-008820,3,2023-07-31,2023-08-03,PL-WEB-01,C003798,VM-NUT-0009,3,81.17,0.0,PLN
SO-2023-008821,1,2023-07-31,2023-08-02,PL-WEB-01,C003799,VM-ACC-0008,1,381.99,0.0,PLN
SO-2023-008821,2,2023-07-31,2023-08-02,PL-WEB-01,C003799,VM-CMP-0009,2,334.24,0.0,PLN
SO-2023-008821,3,2023-07-31,2023-08-02,PL-WEB-01,C003799,VM-BIK-0007,1,6732.74,0.0,PLN
SO-2023-008821,4,2023-07-31,2023-08-02,PL-WEB-01,C003799,VM-CMP-0017,2,477.49,0.0,PLN
SO-2023-008822,1,2023-07-31,2023-08-02,PL-WEB-01,C003034,VM-CMP-0013,1,506.14,0.0,PLN
SO-2023-008823,1,2023-07-31,2023-08-04,PL-WEB-01,C003800,VM-APP-0011,2,391.54,0.0,PLN
SO-2023-008824,1,2023-07-31,2023-08-02,PL-WEB-01,C003274,VM-NUT-0010,2,33.42,0.05,PLN
SO-2023-008824,2,2023-07-31,2023-08-02,PL-WEB-01,C003274,VM-ACC-0021,1,744.89,0.05,PLN
SO-2023-008825,1,2023-07-31,2023-08-03,PL-WEB-01,C003801,VM-ACC-0008,2,381.99,0.0,PLN
SO-2023-008825,2,2023-07-31,2023-08-03,PL-WEB-01,C003801,VM-BIK-0019,1,1155.54,0.0,PLN
SO-2023-008826,1,2023-07-31,2023-08-02,PL-WEB-01,C003802,VM-NUT-0011,1,51.56,0.05,PLN
SO-2023-008826,2,2023-07-31,2023-08-02,PL-WEB-01,C003802,VM-CMP-0013,2,506.14,0.05,PLN
SO-2023-008827,1,2023-07-31,2023-08-02,PL-MKT-01,C000129,VM-APP-0007,1,152.79,0.0,PLN
SO-2023-008827,2,2023-07-31,2023-08-02,PL-MKT-01,C000129,VM-CMP-0013,2,506.14,0.0,PLN
SO-2023-008828,1,2023-07-31,2023-08-04,PL-MKT-01,C002639,VM-CMP-0015,1,878.59,0.0,PLN
SO-2023-008829,1,2023-07-31,2023-08-01,PL-MKT-01,C003803,VM-CMP-0013,1,506.14,0.1,PLN
SO-2023-008830,1,2023-07-31,2023-08-03,PL-MKT-01,C003804,VM-ACC-0008,1,381.99,0.0,PLN
SO-2023-008830,2,2023-07-31,2023-08-03,PL-MKT-01,C003804,VM-BIK-0015,1,2950.94,0.0,PLN
SO-2023-008831,1,2023-07-31,2023-08-03,PL-MKT-01,C003805,VM-NUT-0002,11,14.32,0.0,PLN
SO-2023-008831,2,2023-07-31,2023-08-03,PL-MKT-01,C003805,VM-NUT-0004,14,6.68,0.0,PLN
SO-2023-008831,3,2023-07-31,2023-08-03,PL-MKT-01,C003805,VM-CMP-0015,1,878.59,0.1,PLN
SO-2023-008832,1,2023-07-31,2023-08-02,PL-MKT-01,C003074,VM-NUT-0002,15,14.32,0.0,PLN
SO-2023-008833,1,2023-07-31,2023-08-03,PL-MKT-01,C003806,VM-ACC-0022,1,1499.34,0.0,PLN
SO-2023-008834,1,2023-07-31,2023-07-31,CZ-PRG-01,,VM-BIK-0020,1,6050.0,0.0,CZK
SO-2023-008835,1,2023-07-31,2023-07-31,CZ-PRG-01,,VM-ACC-0001,1,1900.0,0.0,CZK
SO-2023-008836,1,2023-07-31,2023-07-31,CZ-PRG-01,C001886,VM-NUT-0004,13,35.0,0.0,CZK
SO-2023-008837,1,2023-07-31,2023-07-31,CZ-PRG-01,C003807,VM-APP-0002,1,2200.0,0.05,CZK
SO-2023-008838,1,2023-07-31,2023-08-02,CZ-WEB-01,C003808,VM-NUT-0004,9,35.0,0.05,CZK
SO-2023-008838,2,2023-07-31,2023-08-02,CZ-WEB-01,C003808,VM-CMP-0017,2,2500.0,0.05,CZK
SO-2023-008839,1,2023-07-31,2023-08-02,CZ-WEB-01,C000822,VM-CMP-0009,1,1750.0,0.0,CZK
SO-2023-008840,1,2023-07-31,2023-08-03,CZ-WEB-01,C003809,VM-CMP-0020,1,1300.0,0.0,CZK
SO-2023-008840,2,2023-07-31,2023-08-03,CZ-WEB-01,C003809,VM-ACC-0022,1,7850.0,0.0,CZK
SO-2023-008841,1,2023-07-31,2023-08-04,CZ-WEB-01,C002948,VM-BIK-0012,1,59050.0,0.0,CZK
SO-2023-008842,1,2023-07-31,2023-08-02,CZ-WEB-01,C003810,VM-CMP-0013,2,2650.0,0.0,CZK
SO-2023-008842,2,2023-07-31,2023-08-02,CZ-WEB-01,C003810,VM-CMP-0009,2,1750.0,0.0,CZK
SO-2023-008843,1,2023-07-31,2023-08-01,CZ-WEB-01,C001182,VM-APP-0014,1,2450.0,0.05,CZK
SO-2023-008843,2,2023-07-31,2023-08-01,CZ-WEB-01,C001182,VM-CMP-0010,1,1950.0,0.05,CZK
SO-2023-008843,3,2023-07-31,2023-08-01,CZ-WEB-01,C001182,VM-NUT-0006,4,50.0,0.05,CZK
SO-2023-008844,1,2023-07-31,2023-08-03,CZ-WEB-01,C003811,vm-cmp-0020,2,1300.0,0.0,CZK
SO-2023-008844,2,2023-07-31,2023-08-03,CZ-WEB-01,C003811,VM-BIK-0004,1,21350.0,0.0,CZK
SO-2023-008845,1,2023-07-31,2023-07-31,DE-BER-01,C000315,VM-CMP-0013,1,111.33,0.0,EUR
SO-2023-008846,1,2023-07-31,2023-08-04,DE-WEB-01,C000660,VM-APP-0008,2,33.61,0.0,EUR
SO-2023-008846,2,2023-07-31,2023-08-04,DE-WEB-01,C000660,VM-BIK-0004,1,896.94,0.0,EUR
SO-2023-008846,3,2023-07-31,2023-08-04,DE-WEB-01,C000660,VM-APP-0005,3,37.81,0.0,EUR
SO-2023-008846,4,2023-07-31,2023-08-04,DE-WEB-01,C000660,VM-APP-0006,2,65.12,0.0,EUR
SO-2023-008847,1,2023-07-31,2023-08-03,DE-WEB-01,C002857,VM-BIK-0009,1,1184.72,0.0,EUR
SO-2023-008847,2,2023-07-31,2023-08-03,DE-WEB-01,C002857,VM-ACC-0001,2,79.82,0.0,EUR
SO-2023-008848,1,2023-07-31,2023-08-01,DE-WEB-01,C003812,VM-BIK-0014,1,804.51,0.05,EUR
