OrderID,LineNo,OrderDate,ShipDate,StoreID,CustomerID,SKU,Quantity,UnitPrice,DiscountPct,Currency
SO-2024-013145,1,2024-10-05,2024-10-05,PL-WAW-02,,VM-CMP-0017,2,489.99,0.1,PLN
SO-2024-013280,1,2024-10-08,2024-10-12,PL-MKT-01,C008505,VM-BIK-0004,1,4184.59,0.0,PLN
SO-2024-013681,2,2024-10-19,2024-10-19,PL-WAW-02,C011550,VM-APP-0002,1,431.19,0.0,PLN
SO-2024-013819,1,2024-10-23,2024-10-23,PL-WAW-01,C011596,VM-ACC-0002,1,597.79,0.0,PLN
SO-2024-013831,1,2024-10-23,2024-10-23,PL-GDN-01,C011598,VM-EBK-0008,1,14797.99,0.0,PLN
SO-2024-013903,3,2024-10-25,2024-10-25,PL-LDZ-01,C011620,VM-ACC-0008,2,391.99,0.0,PLN
SO-2024-014014,1,2024-10-28,2024-10-31,PL-WEB-01,C011661,VM-CMP-0019,2,205.79,0.0,PLN
SO-2024-014027,2,2024-10-28,2024-10-28,CZ-PRG-01,C006338,VM-ACC-0001,1,2132.0,0.0,CZK
SO-2024-014030,2,2024-10-28,2024-10-29,CZ-WEB-01,C011622,VM-EBK-0009,1,55591.0,0.0,CZK
SO-2024-014047,2,2024-10-29,2024-10-29,PL-GDN-01,C004037,VM-CMP-0009,2,342.99,0.0,PLN
SO-2024-014141,1,2024-11-01,2024-11-01,PL-WAW-01,,VM-BIK-0013,1,4703.99,0.0,PLN
SO-2024-014142,1,2024-11-01,2024-11-01,PL-WAW-01,,VM-APP-0012,1,852.59,0.0,PLN
SO-2024-014143,1,2024-11-01,2024-11-01,PL-WAW-01,C004623,VM-APP-0012,1,852.59,0.0,PLN
SO-2024-014143,2,2024-11-01,2024-11-01,PL-WAW-01,C004623,VM-NUT-0001,10,8.81,0.0,PLN
SO-2024-014143,3,2024-11-01,2024-11-01,PL-WAW-01,C004623,VM-APP-0002,2,431.19,0.0,PLN
SO-2024-014144,1,2024-11-01,2024-11-01,PL-WAW-01,C009077,VM-APP-0005,3,176.39,0.0,PLN
SO-2024-014144,2,2024-11-01,2024-11-01,PL-WAW-01,C009077,VM-NUT-0009,1,83.29,0.0,PLN
SO-2024-014145,1,2024-11-01,2024-11-01,PL-WAW-02,C008013,VM-NUT-0004,10,6.85,0.08,PLN
SO-2024-014146,1,2024-11-01,2024-11-01,PL-WAW-02,,VM-BIK-0021,1,1224.99,0.0,PLN
SO-2024-014146,2,2024-11-01,2024-11-01,PL-WAW-02,,vm-nut-0007,12,12.73,0.0,PLN
SO-2024-014147,1,2024-11-01,2024-11-01,PL-KRK-01,,VM-ACC-0008,1,391.99,0.0,PLN
SO-2024-014148,1,2024-11-01,2024-11-01,PL-KRK-01,,VM-BIK-0021,1,1224.99,0.0,PLN
SO-2024-014149,1,2024-11-01,2024-11-01,PL-KRK-01,C007871,VM-CMP-0017,2,489.99,0.0,PLN
SO-2024-014149,2,2024-11-01,2024-11-01,PL-KRK-01,C007871,VM-CMP-0015,1,901.59,0.0,PLN
SO-2024-014150,1,2024-11-01,2024-11-01,PL-WRO-01,C011720,VM-NUT-0007,3,12.73,0.0,PLN
SO-2024-014151,1,2024-11-01,2024-11-01,PL-WRO-01,C011721,VM-ACC-0002,1,597.79,0.0,PLN
SO-2024-014152,1,2024-11-01,2024-11-01,PL-WRO-01,C011722,VM-NUT-0002,11,14.69,0.0,PLN
SO-2024-014152,2,2024-11-01,2024-11-01,PL-WRO-01,C011722,VM-APP-0011,1,401.79,0.0,PLN
SO-2024-014153,1,2024-11-01,2024-11-01,PL-WRO-01,C005290,VM-APP-0013,1,431.19,0.0,PLN
SO-2024-014153,2,2024-11-01,2024-11-01,PL-WRO-01,C005290,VM-APP-0019,2,64.67,0.0,PLN
SO-2024-014154,1,2024-11-01,2024-11-01,PL-WRO-01,C010889,VM-APP-0010,1,166.59,0.05,PLN
SO-2024-014154,2,2024-11-01,2024-11-01,PL-WRO-01,C010889,VM-BIK-0014,1,3753.39,0.05,PLN
SO-2024-014155,1,2024-11-01,2024-11-01,PL-WRO-01,C005075,VM-CMP-0010,2,382.19,0.0,PLN
SO-2024-014155,2,2024-11-01,2024-11-01,PL-WRO-01,C005075,VM-EBK-0002,1,9750.99,0.0,PLN
SO-2024-014156,1,2024-11-01,2024-11-01,PL-GDN-01,C005184,VM-BIK-0019,1,1185.79,0.0,PLN
SO-2024-014157,1,2024-11-01,2024-11-01,PL-GDN-01,C002367,VM-ACC-0008,1,391.99,0.0,PLN
SO-2024-014158,1,2024-11-01,2024-11-01,PL-GDN-01,,VM-BIK-0002,1,9437.39,0.0,PLN
SO-2024-014159,1,2024-11-01,2024-11-01,PL-GDN-01,C009338,VM-NUT-0007,9,12.73,0.0,PLN
SO-2024-014160,1,2024-11-01,2024-11-01,PL-GDN-01,C011554,VM-APP-0015,1,558.59,0.0,PLN
SO-2024-014161,1,2024-11-01,2024-11-01,PL-POZ-01,C004985,VM-APP-0008,4,156.79,0.12,PLN
SO-2024-014162,1,2024-11-01,2024-11-01,PL-POZ-01,C003186,VM-ACC-0005,1,176.39,0.0,PLN
SO-2024-014163,1,2024-11-01,2024-11-01,PL-POZ-01,,VM-NUT-0006,7,9.79,0.05,PLN
SO-2024-014163,2,2024-11-01,2024-11-01,PL-POZ-01,,VM-CMP-0022,2,35.27,0.05,PLN
SO-2024-014163,3,2024-11-01,2024-11-01,PL-POZ-01,,VM-APP-0005,3,176.39,0.0,PLN
SO-2024-014164,1,2024-11-01,2024-11-01,PL-POZ-01,,VM-APP-0006,3,303.79,0.0,PLN
SO-2024-014164,2,2024-11-01,2024-11-01,PL-POZ-01,,VM-ACC-0008,2,391.99,0.0,PLN
SO-2024-014165,1,2024-11-01,2024-11-01,PL-LDZ-01,,VM-NUT-0004,12,6.85,0.0,PLN
SO-2024-014166,1,2024-11-01,2024-11-02,PL-WEB-01,C004985,VM-NUT-0004,22,6.85,0.08,PLN
SO-2024-014166,2,2024-11-01,2024-11-02,PL-WEB-01,C004985,VM-ACC-0017,12,56.83,0.08,PLN
SO-2024-014166,3,2024-11-01,2024-11-02,PL-WEB-01,C004985,VM-ACC-0020,2,793.79,0.12,PLN
SO-2024-014167,1,2024-11-01,2024-11-04,PL-WEB-01,C008189,VM-ACC-0001,2,372.39,0.0,PLN
SO-2024-014167,2,2024-11-01,2024-11-04,PL-WEB-01,C008189,VM-ACC-0008,1,391.99,0.0,PLN
SO-2024-014168,1,2024-11-01,2024-11-02,PL-WEB-01,C011723,VM-ACC-0003,2,284.19,0.0,PLN
SO-2024-014168,2,2024-11-01,2024-11-02,PL-WEB-01,C011723,VM-CMP-0007,2,617.39,0.0,PLN
SO-2024-014169,1,2024-11-01,2024-11-05,PL-WEB-01,C010026,VM-EBK-0011,1,14347.19,0.0,PLN
SO-2024-014169,2,2024-11-01,2024-11-05,PL-WEB-01,C010026,VM-ACC-0021,1,764.39,0.0,PLN
SO-2024-014169,3,2024-11-01,2024-11-05,PL-WEB-01,C010026,VM-ACC-0006,1,930.99,0.0,PLN
SO-2024-014170,1,2024-11-01,2024-11-03,PL-WEB-01,C011724,VM-CMP-0008,1,431.19,0.0,PLN
SO-2024-014171,1,2024-11-01,2024-11-03,PL-WEB-01,C011725,VM-BIK-0012,1,11573.79,0.0,PLN
SO-2024-014172,1,2024-11-01,2024-11-04,PL-WEB-01,C011726,VM-CMP-0019,1,205.79,0.0,PLN
SO-2024-014172,2,2024-11-01,2024-11-04,PL-WEB-01,C011726,VM-APP-0007,1,156.79,0.0,PLN
SO-2024-014173,1,2024-11-01,2024-11-04,PL-WEB-01,C011727,VM-ACC-0007,1,352.79,0.0,PLN
SO-2024-014173,2,2024-11-01,2024-11-04,PL-WEB-01,C011727,VM-BIK-0002,1,9437.39,0.0,PLN
SO-2024-014173,3,2024-11-01,2024-11-04,PL-WEB-01,C011727,VM-CMP-0008,2,431.19,0.0,PLN
SO-2024-014173,4,2024-11-01,2024-11-04,PL-WEB-01,C011727,VM-ACC-0018,1,48.99,0.0,PLN
SO-2024-014174,1,2024-11-01,2024-11-05,PL-WEB-01,C011728,VM-ACC-0015,1,342.99,0.05,PLN
SO-2024-014175,1,2024-11-01,2024-11-05,PL-WEB-01,C006708,VM-ACC-0018,2,48.99,0.0,PLN
SO-2024-014175,2,2024-11-01,2024-11-05,PL-WEB-01,C006708,VM-CMP-0005,1,1450.39,0.0,PLN
SO-2024-014175,3,2024-11-01,2024-11-05,PL-WEB-01,C006708,VM-EBK-0009,1,9711.79,0.0,PLN
SO-2024-014176,1,2024-11-01,2024-11-02,PL-WEB-01,C000989,VM-CMP-0005,2,1450.39,0.0,PLN
SO-2024-014176,2,2024-11-01,2024-11-02,PL-WEB-01,C000989,VM-NUT-0004,8,6.85,0.0,PLN
SO-2024-014177,1,2024-11-01,2024-11-05,PL-WEB-01,C011729,VM-ACC-0008,2,391.99,0.1,PLN
SO-2024-014178,1,2024-11-01,2024-11-04,PL-WEB-01,C005370,VM-NUT-0009,4,83.29,0.05,PLN
SO-2024-014178,2,2024-11-01,2024-11-04,PL-WEB-01,C005370,VM-CMP-0009,2,342.99,0.0,PLN
SO-2024-014178,3,2024-11-01,2024-11-04,PL-WEB-01,C005370,VM-APP-0014,1,480.19,0.0,PLN
SO-2024-014179,1,2024-11-01,2024-11-04,PL-MKT-01,C011730,VM-NUT-0003,13,10.77,0.05,PLN
SO-2024-014180,1,2024-11-01,2024-11-05,PL-MKT-01,C011731,VM-ACC-0017,3,56.83,0.0,PLN
SO-2024-014181,1,2024-11-01,2024-11-04,PL-MKT-01,C003602,VM-APP-0009,1,342.99,0.05,PLN
SO-2024-014181,2,2024-11-01,2024-11-04,PL-MKT-01,C003602,VM-ACC-0002,1,597.79,0.05,PLN
SO-2024-014182,1,2024-11-01,2024-11-03,PL-MKT-01,C010466,VM-CMP-0001,2,391.99,0.0,PLN
SO-2024-014183,1,2024-11-01,2024-11-01,CZ-PRG-01,C011534,vm-acc-0003,2,1641.0,0.0,CZK
SO-2024-014183,2,2024-11-01,2024-11-01,CZ-PRG-01,C011534,VM-BIK-0009,1,31912.0,0.0,CZK
SO-2024-014183,3,2024-11-01,2024-11-01,CZ-PRG-01,C011534,VM-APP-0002,1,2490.0,0.0,CZK
SO-2024-014184,1,2024-11-01,2024-11-01,CZ-PRG-01,C011732,vm-ebk-0006,1,113956.0,0.05,CZK
SO-2024-014184,2,2024-11-01,2024-11-01,CZ-PRG-01,C011732,vm-acc-0004,1,4413.0,0.05,CZK
SO-2024-014185,1,2024-11-01,2024-11-01,CZ-PRG-01,C011733,VM-CMP-0009,1,1980.0,0.05,CZK
SO-2024-014186,1,2024-11-01,2024-11-01,CZ-BRN-01,,VM-APP-0002,3,2490.0,0.0,CZK
SO-2024-014187,1,2024-11-01,2024-11-01,CZ-BRN-01,,VM-CMP-0009,2,1980.0,0.0,CZK
SO-2024-014188,1,2024-11-01,2024-11-01,CZ-BRN-01,C007846,VM-ACC-0013,1,962.0,0.0,CZK
SO-2024-014188,2,2024-11-01,2024-11-01,CZ-BRN-01,C007846,VM-CMP-0012,1,3055.0,0.0,CZK
SO-2024-014189,1,2024-11-01,2024-11-01,CZ-BRN-01,C011734, vm-app-0018 ,1,736.0,0.0,CZK
SO-2024-014189,2,2024-11-01,2024-11-01,CZ-BRN-01,C011734,VM-BIK-0004,1,24160.0,0.0,CZK
SO-2024-014190,1,2024-11-01,2024-11-04,CZ-WEB-01,C011735,VM-ACC-0006,1,5375.0,0.05,CZK
SO-2024-014190,2,2024-11-01,2024-11-04,CZ-WEB-01,C011735,VM-ACC-0018,1,283.0,0.05,CZK
SO-2024-014191,1,2024-11-01,2024-11-03,CZ-WEB-01,C011736,VM-NUT-0007,12,74.0,0.05,CZK
SO-2024-014191,2,2024-11-01,2024-11-03,CZ-WEB-01,C011736,VM-CMP-0012,1,3055.0,0.05,CZK
SO-2024-014192,1,2024-11-01,2024-11-05,CZ-WEB-01,C005131,VM-NUT-0001,14,51.0,0.0,CZK
SO-2024-014193,1,2024-11-01,2024-11-05,CZ-WEB-01,C011737,VM-APP-0016,1,3451.0,0.0,CZK
SO-2024-014193,2,2024-11-01,2024-11-05,CZ-WEB-01,C011737,VM-CMP-0013,2,2999.0,0.0,CZK
SO-2024-014194,1,2024-11-01,2024-11-01,DE-BER-01,C011738,VM-ACC-0013,1,39.01,0.0,EUR
SO-2024-014195,1,2024-11-01,2024-11-01,DE-BER-01,C011739,VM-NUT-0006,9,2.29,0.05,EUR
SO-2024-014196,1,2024-11-01,2024-11-01,DE-BER-01,C000675,VM-APP-0017,2,43.6,0.05,EUR
SO-2024-014196,2,2024-11-01,2024-11-01,DE-BER-01,C000675,VM-NUT-0004,5,1.6,0.05,EUR
SO-2024-014197,1,2024-11-01,2024-11-01,DE-BER-01,C008222,VM-CMP-0017,2,114.74,0.0,EUR
SO-2024-014197,2,2024-11-01,2024-11-01,DE-BER-01,C008222,VM-APP-0002,3,100.97,0.0,EUR
SO-2024-014198,1,2024-11-01,2024-11-01,DE-BER-01,C011740,VM-CMP-0016,2,564.55,0.0,EUR
SO-2024-014198,2,2024-11-01,2024-11-01,DE-BER-01,C011740,VM-BIK-0007,1,1617.92,0.0,EUR
SO-2024-014199,1,2024-11-01,2024-11-04,DE-WEB-01,C011741,VM-ACC-0001,1,87.2,0.0,EUR
SO-2024-014200,1,2024-11-01,2024-11-03,DE-WEB-01,C011742,VM-ACC-0017,3,13.31,0.0,EUR
SO-2024-014200,2,2024-11-01,2024-11-03,DE-WEB-01,C011742,VM-APP-0013,1,100.97,0.0,EUR
SO-2024-014201,1,2024-11-01,2024-11-02,DE-WEB-01,C004760,VM-ACC-0013,1,39.01,0.0,EUR
SO-2024-014201,2,2024-11-01,2024-11-02,DE-WEB-01,C004760,VM-CMP-0011,1,36.72,0.0,EUR
SO-2024-014202,1,2024-11-01,2024-11-02,DE-WEB-01,C006759,VM-CMP-0017,2,114.74,0.05,EUR
SO-2024-014203,1,2024-11-01,2024-11-04,DE-WEB-01,C006676,VM-ACC-0003,1,66.55,0.0,EUR
SO-2024-014203,2,2024-11-01,2024-11-04,DE-WEB-01,C006676,VM-NUT-0001,7,2.06,0.0,EUR
SO-2024-014204,1,2024-11-01,2024-11-02,DE-WEB-01,C009367,VM-CMP-0016,3,564.55,0.08,EUR
SO-2024-014204,2,2024-11-01,2024-11-02,DE-WEB-01,C009367,VM-ACC-0023,4,213.43,0.08,EUR
SO-2024-014205,1,2024-11-02,2024-11-02,PL-WAW-01,,VM-ACC-0014,1,107.79,0.0,PLN
SO-2024-014205,2,2024-11-02,2024-11-02,PL-WAW-01,,VM-ACC-0002,2,597.79,0.1,PLN
SO-2024-014206,1,2024-11-02,2024-11-02,PL-WAW-01,C011743,VM-BIK-0019,1,1185.79,0.05,PLN
SO-2024-014207,1,2024-11-02,2024-11-02,PL-WAW-01,C010644,VM-APP-0013,1,431.19,0.0,PLN
SO-2024-014207,2,2024-11-02,2024-11-02,PL-WAW-01,C010644,VM-CMP-0023,3,57.81,0.0,PLN
SO-2024-014208,1,2024-11-02,2024-11-02,PL-WAW-01,C008193,VM-APP-0020,1,176.39,0.05,PLN
SO-2024-014208,2,2024-11-02,2024-11-02,PL-WAW-01,C008193,VM-APP-0002,2,431.19,0.05,PLN
SO-2024-014209,1,2024-11-02,2024-11-02,PL-WAW-02,,VM-APP-0006,3,303.79,0.0,PLN
SO-2024-014210,1,2024-11-02,2024-11-02,PL-WAW-02,C008826,VM-APP-0007,2,156.79,0.0,PLN
SO-2024-014211,1,2024-11-02,2024-11-02,PL-WAW-02,C006661,VM-BIK-0019,1,1185.79,0.05,PLN
SO-2024-014212,1,2024-11-02,2024-11-02,PL-KRK-01,,VM-APP-0002,3,431.19,0.0,PLN
SO-2024-014213,1,2024-11-02,2024-11-02,PL-KRK-01,C011744,VM-ACC-0007,2,352.79,0.0,PLN
SO-2024-014214,1,2024-11-02,2024-11-02,PL-KRK-01,C011745,VM-NUT-0011,3,52.91,0.0,PLN
SO-2024-014215,1,2024-11-02,2024-11-02,PL-KRK-01,C008096,VM-EBK-0007,1,14405.99,0.05,PLN
SO-2024-014215,2,2024-11-02,2024-11-02,PL-KRK-01,C008096,VM-ACC-0008,2,391.99,0.05,PLN
SO-2024-014215,3,2024-11-02,2024-11-02,PL-KRK-01,C008096,VM-ACC-0001,1,372.39,0.05,PLN
SO-2024-014216,1,2024-11-02,2024-11-02,PL-KRK-01,C011746,VM-NUT-0004,4,6.85,0.05,PLN
SO-2024-014216,2,2024-11-02,2024-11-02,PL-KRK-01,C011746, VM-ACC-0008 ,1,391.99,0.1,PLN
SO-2024-014216,3,2024-11-02,2024-11-02,PL-KRK-01,C011746,VM-EBK-0003,1,8908.19,0.05,PLN
SO-2024-014217,1,2024-11-02,2024-11-02,PL-KRK-01,C011713,VM-NUT-0004,7,6.85,0.0,PLN
SO-2024-014217,2,2024-11-02,2024-11-02,PL-KRK-01,C011713,VM-ACC-0008,2,391.99,0.0,PLN
SO-2024-014218,1,2024-11-02,2024-11-02,PL-KRK-01,C008210,VM-CMP-0005,1,1450.39,0.0,PLN
SO-2024-014219,1,2024-11-02,2024-11-02,PL-WRO-01,C004379,VM-APP-0012,1,852.59,0.05,PLN
SO-2024-014220,1,2024-11-02,2024-11-02,PL-WRO-01,,VM-NUT-0004,11,6.85,0.0,PLN
SO-2024-014220,2,2024-11-02,2024-11-02,PL-WRO-01,,VM-APP-0006,3,303.79,0.0,PLN
SO-2024-014221,1,2024-11-02,2024-11-02,PL-WRO-01,,VM-APP-0010,2,166.59,0.05,PLN
SO-2024-014222,1,2024-11-02,2024-11-02,PL-WRO-01,,VM-NUT-0002,10,14.69,0.0,PLN
SO-2024-014222,2,2024-11-02,2024-11-02,PL-WRO-01,,VM-NUT-0004,3,6.85,0.0,PLN
SO-2024-014223,1,2024-11-02,2024-11-02,PL-WRO-01,C005111,VM-APP-0019,2,64.67,0.05,PLN
SO-2024-014223,2,2024-11-02,2024-11-02,PL-WRO-01,C005111,VM-APP-0006,1,303.79,0.05,PLN
SO-2024-014224,1,2024-11-02,2024-11-02,PL-WRO-01,C007436,VM-ACC-0007,1,352.79,0.05,PLN
SO-2024-014225,1,2024-11-02,2024-11-02,PL-GDN-01,C011058,VM-NUT-0011,3,52.91,0.05,PLN
SO-2024-014226,1,2024-11-02,2024-11-02,PL-GDN-01,C011747,VM-BIK-0001,1,13416.19,0.05,PLN
SO-2024-014226,2,2024-11-02,2024-11-02,PL-GDN-01,C011747,VM-ACC-0008,1,391.99,0.1,PLN
SO-2024-014226,3,2024-11-02,2024-11-02,PL-GDN-01,C011747,VM-ACC-0014,1,107.79,0.0,PLN
SO-2024-014227,1,2024-11-02,2024-11-02,PL-GDN-01,C011748,VM-ACC-0018,3,48.99,0.0,PLN
SO-2024-014228,1,2024-11-02,2024-11-02,PL-GDN-01,C010542,VM-CMP-0012,1,529.19,0.0,PLN
SO-2024-014228,2,2024-11-02,2024-11-02,PL-GDN-01,C010542,VM-BIK-0014,1,3753.39,0.0,PLN
SO-2024-014228,3,2024-11-02,2024-11-02,PL-GDN-01,C010542,VM-NUT-0009,1,83.29,0.0,PLN
SO-2024-014229,1,2024-11-02,2024-11-02,PL-GDN-01,,VM-BIK-0013,1,4703.99,0.0,PLN
SO-2024-014230,1,2024-11-02,2024-11-02,PL-POZ-01,C004443,VM-APP-0008,1,156.79,0.0,PLN
SO-2024-014231,1,2024-11-02,2024-11-02,PL-POZ-01,,VM-ACC-0018,1,48.99,0.0,PLN
SO-2024-014232,1,2024-11-02,2024-11-02,PL-POZ-01,C004770,VM-APP-0010,2,166.59,0.0,PLN
SO-2024-014232,2,2024-11-02,2024-11-02,PL-POZ-01,C004770,VM-APP-0005,3,176.39,0.0,PLN
SO-2024-014233,1,2024-11-02,2024-11-02,PL-LDZ-01,C011749,VM-CMP-0010,1,382.19,0.05,PLN
SO-2024-014234,1,2024-11-02,2024-11-02,PL-LDZ-01,C011750,VM-APP-0006,2,303.79,0.0,PLN
SO-2024-014235,1,2024-11-02,2024-11-03,PL-WEB-01,C009878,VM-APP-0019,2,64.67,0.0,PLN
SO-2024-014236,1,2024-11-02,2024-11-03,PL-WEB-01,C008031,VM-APP-0012,1,852.59,0.0,PLN
SO-2024-014236,2,2024-11-02,2024-11-03,PL-WEB-01,C008031,VM-ACC-0001,2,372.39,0.0,PLN
SO-2024-014237,1,2024-11-02,2024-11-05,PL-WEB-01,C007511,VM-BIK-0009,1,5527.19,0.0,PLN
SO-2024-014237,2,2024-11-02,2024-11-05,PL-WEB-01,C007511,VM-ACC-0014,1,107.79,0.0,PLN
SO-2024-014237,3,2024-11-02,2024-11-05,PL-WEB-01,C007511,VM-APP-0008,1,156.79,0.0,PLN
SO-2024-014238,1,2024-11-02,2024-11-04,PL-WEB-01,C010706,VM-CMP-0015,2,901.59,0.0,PLN
SO-2024-014239,1,2024-11-02,2024-11-05,PL-WEB-01,C005614,VM-CMP-0013,2,519.39,0.0,PLN
SO-2024-014239,2,2024-11-02,2024-11-05,PL-WEB-01,C005614,VM-APP-0006,2,303.79,0.0,PLN
SO-2024-014239,3,2024-11-02,2024-11-05,PL-WEB-01,C005614,VM-APP-0008,1,156.79,0.0,PLN
SO-2024-014239,4,2024-11-02,2024-11-05,PL-WEB-01,C005614,vm-app-0010,1,166.59,0.0,PLN
SO-2024-014240,1,2024-11-02,2024-11-05,PL-WEB-01,C006429,VM-APP-0016,3,597.79,0.1,PLN
SO-2024-014241,1,2024-11-02,2024-11-06,PL-MKT-01,C011751,VM-APP-0002,3,431.19,0.05,PLN
SO-2024-014241,2,2024-11-02,2024-11-06,PL-MKT-01,C011751,VM-APP-0007,2,156.79,0.05,PLN
SO-2024-014241,3,2024-11-02,2024-11-06,PL-MKT-01,C011751,VM-ACC-0003,1,284.19,0.05,PLN
SO-2024-014242,1,2024-11-02,2024-11-05,PL-MKT-01,C006477,VM-ACC-0020,4,793.79,0.08,PLN
SO-2024-014242,2,2024-11-02,2024-11-05,PL-MKT-01,C006477,VM-APP-0016,3,597.79,0.12,PLN
SO-2024-014243,1,2024-11-02,2024-11-02,CZ-PRG-01,,VM-NUT-0004,5,40.0,0.0,CZK
SO-2024-014244,1,2024-11-02,2024-11-02,CZ-PRG-01,C006840,VM-APP-0005,1,1018.0,0.0,CZK
SO-2024-014244,2,2024-11-02,2024-11-02,CZ-PRG-01,C006840,VM-CMP-0017,2,2829.0,0.0,CZK
SO-2024-014244,3,2024-11-02,2024-11-02,CZ-PRG-01,C006840,VM-CMP-0013,2,2999.0,0.0,CZK
SO-2024-014245,1,2024-11-02,2024-11-02,CZ-PRG-01,C009296,VM-NUT-0002,7,85.0,0.0,CZK
SO-2024-014246,1,2024-11-02,2024-11-02,CZ-PRG-01,C011752,VM-APP-0011,2,2320.0,0.0,CZK
SO-2024-014247,1,2024-11-02,2024-11-02,CZ-PRG-01,C009982,VM-APP-0018,2,736.0,0.0,CZK
SO-2024-014248,1,2024-11-02,2024-11-02,CZ-PRG-01,C011670,VM-APP-0017,1,1075.0,0.05,CZK
SO-2024-014248,2,2024-11-02,2024-11-02,CZ-PRG-01,C011670,VM-EBK-0003,1,51433.0,0.05,CZK
SO-2024-014248,3,2024-11-02,2024-11-02,CZ-PRG-01,C011670,VM-BIK-0011,1,48943.0,0.05,CZK
SO-2024-014249,1,2024-11-02,2024-11-02,CZ-BRN-01,C011753,VM-ACC-0007,1,2037.0,0.05,CZK
SO-2024-014249,2,2024-11-02,2024-11-02,CZ-BRN-01,C011753,VM-BIK-0017,1,10807.0,0.05,CZK
SO-2024-014249,3,2024-11-02,2024-11-02,CZ-BRN-01,C011753,VM-ACC-0012,1,407.0,0.05,CZK
SO-2024-014250,1,2024-11-02,2024-11-04,CZ-WEB-01,C011754,vm-bik-0010,1,35760.0,0.05,CZK
SO-2024-014251,1,2024-11-02,2024-11-05,CZ-WEB-01,C009825,VM-ACC-0001,1,2150.0,0.0,CZK
SO-2024-014252,1,2024-11-02,2024-11-05,CZ-WEB-01,C011592,VM-APP-0007,1,905.0,0.05,CZK
SO-2024-014252,2,2024-11-02,2024-11-05,CZ-WEB-01,C011592,VM-NUT-0009,2,481.0,0.05,CZK
SO-2024-014253,1,2024-11-02,2024-11-05,CZ-WEB-01,C011755,VM-CMP-0017,2,2829.0,0.0,CZK
SO-2024-014253,2,2024-11-02,2024-11-05,CZ-WEB-01,C011755,VM-ACC-0007,1,2037.0,0.0,CZK
SO-2024-014254,1,2024-11-02,2024-11-05,CZ-WEB-01,C011756,VM-CMP-0017,1,2829.0,0.0,CZK
SO-2024-014255,1,2024-11-02,2024-11-02,DE-BER-01,,VM-APP-0013,1,100.97,0.0,EUR
SO-2024-014255,2,2024-11-02,2024-11-02,DE-BER-01,,VM-APP-0002,1,100.97,0.05,EUR
SO-2024-014255,3,2024-11-02,2024-11-02,DE-BER-01,,VM-APP-0012,1,199.66,0.05,EUR
SO-2024-014256,1,2024-11-02,2024-11-05,DE-WEB-01,C011757,VM-CMP-0006,2,45.9,0.0,EUR
SO-2024-014256,2,2024-11-02,2024-11-05,DE-WEB-01,C011757,VM-NUT-0009,1,19.5,0.0,EUR
SO-2024-014257,1,2024-11-03,2024-11-04,PL-WEB-01,C011758,VM-NUT-0004,8,6.85,0.0,PLN
SO-2024-014258,1,2024-11-03,2024-11-04,PL-WEB-01,C011759,VM-APP-0008,2,156.79,0.0,PLN
SO-2024-014259,1,2024-11-03,2024-11-07,PL-WEB-01,C011480,VM-NUT-0006,11,9.79,0.0,PLN
SO-2024-014260,1,2024-11-03,2024-11-06,PL-WEB-01,C011760,VM-EBK-0009,1,9711.79,0.0,PLN
SO-2024-014260,2,2024-11-03,2024-11-06,PL-WEB-01,C011760,VM-ACC-0014,1,107.79,0.0,PLN
SO-2024-014261,1,2024-11-03,2024-11-07,PL-WEB-01,C010409,VM-NUT-0006,8,9.79,0.0,PLN
SO-2024-014261,2,2024-11-03,2024-11-07,PL-WEB-01,C010409,VM-ACC-0014,1,107.79,0.0,PLN
SO-2024-014261,3,2024-11-03,2024-11-07,PL-WEB-01,C010409,VM-CMP-0017,1,489.99,0.0,PLN
SO-2024-014262,1,2024-11-03,2024-11-04,PL-WEB-01,C011761,VM-ACC-0015,1,342.99,0.0,PLN
SO-2024-014262,2,2024-11-03,2024-11-04,PL-WEB-01,C011761,VM-BIK-0020,1,1185.79,0.0,PLN
SO-2024-014262,3,2024-11-03,2024-11-04,PL-WEB-01,C011761,VM-CMP-0014,2,421.39,0.0,PLN
SO-2024-014263,1,2024-11-03,2024-11-04,PL-WEB-01,C011762,VM-BIK-0009,1,5527.19,0.0,PLN
SO-2024-014263,2,2024-11-03,2024-11-04,PL-WEB-01,C011762,VM-ACC-0014,1,107.79,0.0,PLN
SO-2024-014263,3,2024-11-03,2024-11-04,PL-WEB-01,C011762,VM-CMP-0013,1,519.39,0.0,PLN
SO-2024-014263,4,2024-11-03,2024-11-04,PL-WEB-01,C011762,VM-ACC-0013,1,166.59,0.0,PLN
SO-2024-014264,1,2024-11-03,2024-11-06,PL-WEB-01,C007651,VM-NUT-0011,3,52.91,0.0,PLN
SO-2024-014264,2,2024-11-03,2024-11-06,PL-WEB-01,C007651,VM-APP-0005,1,176.39,0.0,PLN
SO-2024-014264,3,2024-11-03,2024-11-06,PL-WEB-01,C007651,VM-EBK-0009,1,9711.79,0.0,PLN
SO-2024-014264,4,2024-11-03,2024-11-06,PL-WEB-01,C007651,VM-NUT-0006,12,9.79,0.0,PLN
SO-2024-014265,1,2024-11-03,2024-11-06,PL-WEB-01,C011763,VM-NUT-0004,12,6.85,0.05,PLN
SO-2024-014266,1,2024-11-03,2024-11-06,PL-WEB-01,C011326,VM-APP-0010,1,166.59,0.0,PLN
SO-2024-014266,2,2024-11-03,2024-11-06,PL-WEB-01,C011326,VM-NUT-0006,12,9.79,0.0,PLN
SO-2024-014267,1,2024-11-03,2024-11-06,PL-WEB-01,C007270,VM-ACC-0009,1,391.99,0.05,PLN
SO-2024-014268,1,2024-11-03,2024-11-07,PL-WEB-01,C011764,VM-NUT-0006,6,9.79,0.05,PLN
SO-2024-014268,2,2024-11-03,2024-11-07,PL-WEB-01,C011764,VM-CMP-0011,1,156.79,0.05,PLN
SO-2024-014269,1,2024-11-03,2024-11-07,PL-MKT-01,C011765,VM-ACC-0017,2,56.83,0.0,PLN
SO-2024-014270,1,2024-11-03,2024-11-05,PL-MKT-01,C011766,VM-NUT-0011,1,52.91,0.05,PLN
SO-2024-014270,2,2024-11-03,2024-11-05,PL-MKT-01,C011766,VM-ACC-0018,2,48.99,0.05,PLN
SO-2024-014271,1,2024-11-03,2024-11-07,PL-MKT-01,C011767,VM-NUT-0001,9,8.81,0.0,PLN
SO-2024-014272,1,2024-11-03,2024-11-06,PL-MKT-01,C001261,VM-NUT-0007,3,12.73,0.0,PLN
SO-2024-014272,2,2024-11-03,2024-11-06,PL-MKT-01,C001261,VM-CMP-0013,2,519.39,0.0,PLN
SO-2024-014273,1,2024-11-03,2024-11-06,PL-MKT-01,C011768,VM-BIK-0013,1,4703.99,0.05,PLN
SO-2024-014274,1,2024-11-03,2024-11-05,PL-MKT-01,C011769,VM-BIK-0008,1,5203.79,0.0,PLN
SO-2024-014275,1,2024-11-03,2024-11-04,PL-MKT-01,C011770,VM-NUT-0009,4,83.29,0.0,PLN
SO-2024-014275,2,2024-11-03,2024-11-04,PL-MKT-01,C011770,VM-APP-0003,3,303.79,0.0,PLN
SO-2024-014275,3,2024-11-03,2024-11-04,PL-MKT-01,C011770,VM-ACC-0013,1,166.59,0.0,PLN
SO-2024-014275,4,2024-11-03,2024-11-04,PL-MKT-01,C011770,VM-ACC-0020,1,793.79,0.0,PLN
SO-2024-014276,1,2024-11-03,2024-11-03,CZ-PRG-01,C009802,VM-APP-0007,1,905.0,0.0,CZK
SO-2024-014277,1,2024-11-03,2024-11-03,CZ-BRN-01,,VM-CMP-0017,2,2829.0,0.0,CZK
SO-2024-014277,2,2024-11-03,2024-11-03,CZ-BRN-01,,VM-ACC-0021,1,4413.0,0.0,CZK
SO-2024-014278,1,2024-11-03,2024-11-07,CZ-WEB-01,C011622,VM-APP-0008,2,905.0,0.0,CZK
SO-2024-014279,1,2024-11-03,2024-11-05,CZ-WEB-01,C002474,VM-EBK-0007,1,83175.0,0.0,CZK
SO-2024-014280,1,2024-11-03,2024-11-05,CZ-WEB-01,C011771,VM-BIK-0018,1,13580.0,0.05,CZK
SO-2024-014280,2,2024-11-03,2024-11-05,CZ-WEB-01,C011771,VM-CMP-0017,2,2829.0,0.05,CZK
SO-2024-014281,1,2024-11-03,2024-11-06,CZ-WEB-01,C011772,VM-NUT-0011,3,305.0,0.05,CZK
SO-2024-014281,2,2024-11-03,2024-11-06,CZ-WEB-01,C011772,VM-CMP-0015,2,5205.0,0.0,CZK
SO-2024-014282,1,2024-11-03,2024-11-07,CZ-WEB-01,C011773,VM-NUT-0002,12,85.0,0.05,CZK
SO-2024-014283,1,2024-11-03,2024-11-04,CZ-WEB-01,C002259,VM-ACC-0015,1,1980.0,0.0,CZK
SO-2024-014283,2,2024-11-03,2024-11-04,CZ-WEB-01,C002259,VM-APP-0011,2,2320.0,0.0,CZK
SO-2024-014284,1,2024-11-03,2024-11-06,DE-WEB-01,C011774,VM-APP-0005,2,41.31,0.0,EUR
SO-2024-014284,2,2024-11-03,2024-11-06,DE-WEB-01,C011774,VM-BIK-0004,1,979.93,0.0,EUR
SO-2024-014285,1,2024-11-03,2024-11-06,DE-WEB-01,C011775,VM-ACC-0014,1,25.24,0.0,EUR
SO-2024-014285,2,2024-11-03,2024-11-06,DE-WEB-01,C011775,VM-APP-0006,1,71.14,0.0,EUR
SO-2024-014285,3,2024-11-03,2024-11-06,DE-WEB-01,C011775,VM-ACC-0004,1,179.0,0.0,EUR
SO-2024-014286,1,2024-11-04,2024-11-04,PL-WAW-01,C011776,VM-APP-0010,1,166.59,0.05,PLN
SO-2024-014286,2,2024-11-04,2024-11-04,PL-WAW-01,C011776,VM-APP-0013,1,431.19,0.05,PLN
SO-2024-014286,3,2024-11-04,2024-11-04,PL-WAW-01,C011776,VM-ACC-0012,1,70.55,0.05,PLN
SO-2024-014287,1,2024-11-04,2024-11-04,PL-WAW-01,C011631,VM-ACC-0007,1,352.79,0.0,PLN
SO-2024-014288,1,2024-11-04,2024-11-04,PL-WAW-02,C005792,VM-BIK-0009,1,5527.19,0.0,PLN
SO-2024-014288,2,2024-11-04,2024-11-04,PL-WAW-02,C005792,VM-BIK-0002,1,9437.39,0.0,PLN
SO-2024-014289,1,2024-11-04,2024-11-04,PL-WAW-02,C011777,VM-NUT-0007,4,12.73,0.05,PLN
SO-2024-014289,2,2024-11-04,2024-11-04,PL-WAW-02,C011777,VM-CMP-0012,2,529.19,0.05,PLN
SO-2024-014290,1,2024-11-04,2024-11-04,PL-KRK-01,C007345,VM-ACC-0019,1,48.99,0.0,PLN
SO-2024-014290,2,2024-11-04,2024-11-04,PL-KRK-01,C007345,VM-BIK-0001,1,13416.19,0.0,PLN
SO-2024-014290,3,2024-11-04,2024-11-04,PL-KRK-01,C007345,VM-CMP-0021,1,47.03,0.0,PLN
SO-2024-014291,1,2024-11-04,2024-11-04,PL-KRK-01,C011778,VM-NUT-0002,13,14.69,0.0,PLN
SO-2024-014292,1,2024-11-04,2024-11-04,PL-WRO-01,,VM-NUT-0009,2,83.29,0.0,PLN
SO-2024-014293,1,2024-11-04,2024-11-04,PL-WRO-01,C005695,VM-ACC-0007,2,352.79,0.0,PLN
SO-2024-014293,2,2024-11-04,2024-11-04,PL-WRO-01,C005695,VM-APP-0002,3,431.19,0.0,PLN
SO-2024-014293,3,2024-11-04,2024-11-04,PL-WRO-01,C005695,VM-CMP-0009,1,342.99,0.0,PLN
SO-2024-014294,1,2024-11-04,2024-11-04,PL-WRO-01,C006650,VM-APP-0002,1,431.19,0.0,PLN
SO-2024-014295,1,2024-11-04,2024-11-04,PL-WRO-01,C008484,VM-EBK-0001,1,7516.59,0.05,PLN
SO-2024-014296,1,2024-11-04,2024-11-04,PL-WRO-01,,VM-EBK-0011,1,14347.19,0.0,PLN
SO-2024-014296,2,2024-11-04,2024-11-04,PL-WRO-01,,VM-ACC-0008,1,391.99,0.0,PLN
SO-2024-014296,3,2024-11-04,2024-11-04,PL-WRO-01,,VM-ACC-0018,3,48.99,0.0,PLN
SO-2024-014297,1,2024-11-04,2024-11-04,PL-GDN-01,C009381,VM-APP-0012,1,852.59,0.05,PLN
SO-2024-014298,1,2024-11-04,2024-11-04,PL-GDN-01,C011779,VM-ACC-0010,2,244.99,0.0,PLN
SO-2024-014298,2,2024-11-04,2024-11-04,PL-GDN-01,C011779,VM-ACC-0008,2,391.99,0.0,PLN
SO-2024-014298,3,2024-11-04,2024-11-04,PL-GDN-01,C011779,VM-BIK-0020,1,1185.79,0.0,PLN
SO-2024-014299,1,2024-11-04,2024-11-04,PL-GDN-01,C011780,VM-CMP-0013,4,519.39,0.12,PLN
SO-2024-014300,1,2024-11-04,2024-11-04,PL-LDZ-01,C011781,VM-ACC-0018,2,48.99,0.0,PLN
SO-2024-014301,1,2024-11-04,2024-11-08,PL-WEB-01,C011782,VM-BIK-0012,1,11573.79,0.0,PLN
SO-2024-014301,2,2024-11-04,2024-11-08,PL-WEB-01,C011782,VM-BIK-0019,1,1185.79,0.0,PLN
SO-2024-014302,1,2024-11-04,2024-11-07,PL-WEB-01,C011783,VM-APP-0012,1,852.59,0.05,PLN
SO-2024-014303,1,2024-11-04,2024-11-06,PL-WEB-01,C007287,VM-APP-0020,10,176.39,0.1,PLN
SO-2024-014304,1,2024-11-04,2024-11-05,PL-WEB-01,C008911,VM-APP-0008,1,156.79,0.0,PLN
SO-2024-014304,2,2024-11-04,2024-11-05,PL-WEB-01,C008911,VM-CMP-0011,1,156.79,0.0,PLN
SO-2024-014304,3,2024-11-04,2024-11-05,PL-WEB-01,C008911,VM-APP-0002,1,431.19,0.0,PLN
SO-2024-014305,1,2024-11-04,2024-11-06,PL-WEB-01,C010581,VM-CMP-0013,2,519.39,0.05,PLN
SO-2024-014305,2,2024-11-04,2024-11-06,PL-WEB-01,C010581,VM-NUT-0004,12,6.85,0.05,PLN
SO-2024-014306,1,2024-11-04,2024-11-07,PL-WEB-01,C006991,VM-BIK-0004,1,4184.59,0.0,PLN
SO-2024-014307,1,2024-11-04,2024-11-06,PL-WEB-01,C005619,VM-APP-0013,1,431.19,0.0,PLN
SO-2024-014308,1,2024-11-04,2024-11-08,PL-WEB-01,C011401,VM-EBK-0003,4,8908.19,0.1,PLN
SO-2024-014309,1,2024-11-04,2024-11-07,PL-WEB-01,C011784,VM-NUT-0009,2,83.29,0.0,PLN
SO-2024-014310,1,2024-11-04,2024-11-07,PL-WEB-01,C010541,VM-EBK-0009,1,9711.79,0.0,PLN
SO-2024-014310,2,2024-11-04,2024-11-07,PL-WEB-01,C010541,VM-ACC-0014,1,107.79,0.0,PLN
SO-2024-014311,1,2024-11-04,2024-11-07,PL-WEB-01,C003776,VM-EBK-0009,1,9711.79,0.0,PLN
SO-2024-014311,2,2024-11-04,2024-11-07,PL-WEB-01,C003776,VM-ACC-0008,2,391.99,0.0,PLN
SO-2024-014312,1,2024-11-04,2024-11-08,PL-WEB-01,C007919,VM-NUT-0001,10,8.81,0.0,PLN
SO-2024-014313,1,2024-11-04,2024-11-06,PL-WEB-01,C011256,VM-CMP-0013,2,519.39,0.0,PLN
SO-2024-014314,1,2024-11-04,2024-11-08,PL-WEB-01,C011785,VM-APP-0017,1,186.19,0.0,PLN
SO-2024-014315,1,2024-11-04,2024-11-06,PL-WEB-01,C011096,VM-ACC-0010,10,244.99,0.08,PLN
SO-2024-014316,1,2024-11-04,2024-11-08,PL-MKT-01,C011786,VM-BIK-0009,1,5527.19,0.0,PLN
SO-2024-014317,1,2024-11-04,2024-11-07,PL-MKT-01,C003149,VM-ACC-0005,5,176.39,0.1,PLN
SO-2024-014318,1,2024-11-04,2024-11-06,PL-MKT-01,C011787,VM-CMP-0006,2,195.99,0.05,PLN
SO-2024-014318,2,2024-11-04,2024-11-06,PL-MKT-01,C011787,VM-CMP-0005,2,1450.39,0.05,PLN
SO-2024-014319,1,2024-11-04,2024-11-05,PL-MKT-01,C007512,VM-CMP-0015,1,901.59,0.0,PLN
SO-2024-014320,1,2024-11-04,2024-11-05,PL-MKT-01,C011788,VM-APP-0002,1,431.19,0.05,PLN
SO-2024-014320,2,2024-11-04,2024-11-05,PL-MKT-01,C011788,VM-APP-0020,2,176.39,0.05,PLN
SO-2024-014321,1,2024-11-04,2024-11-06,PL-MKT-01,C011789,VM-NUT-0003,9,10.77,0.05,PLN
SO-2024-014322,1,2024-11-04,2024-11-07,PL-MKT-01,C006742,VM-ACC-0014,1,107.79,0.0,PLN
SO-2024-014323,1,2024-11-04,2024-11-04,CZ-PRG-01,C011773,VM-CMP-0010,2,2207.0,0.05,CZK
SO-2024-014324,1,2024-11-04,2024-11-04,CZ-BRN-01,C011389,VM-NUT-0009,4,481.0,0.0,CZK
SO-2024-014325,1,2024-11-04,2024-11-06,CZ-WEB-01,C008087,VM-ACC-0006,2,5375.0,0.0,CZK
SO-2024-014326,1,2024-11-04,2024-11-06,CZ-WEB-01,C011790,VM-EBK-0009,1,56073.0,0.0,CZK
SO-2024-014327,1,2024-11-04,2024-11-07,CZ-WEB-01,C011263,VM-NUT-0003,24,62.0,0.1,CZK
SO-2024-014328,1,2024-11-04,2024-11-06,DE-WEB-01,C010201,VM-NUT-0003,11,2.52,0.0,EUR
SO-2024-014328,2,2024-11-04,2024-11-06,DE-WEB-01,C010201,VM-APP-0016,1,139.99,0.0,EUR
SO-2024-014329,1,2024-11-04,2024-11-05,DE-WEB-01,C006802,VM-CMP-0010,1,89.5,0.0,EUR
SO-2024-014329,2,2024-11-04,2024-11-05,DE-WEB-01,C006802,VM-APP-0008,2,36.72,0.0,EUR
SO-2024-014329,3,2024-11-04,2024-11-05,DE-WEB-01,C006802,VM-ACC-0003,1,66.55,0.0,EUR
SO-2024-014329,4,2024-11-04,2024-11-05,DE-WEB-01,C006802,VM-CMP-0015,2,211.13,0.0,EUR
SO-2024-014330,1,2024-11-04,2024-11-07,DE-WEB-01,C011791,VM-NUT-0007,3,2.98,0.0,EUR
SO-2024-014331,1,2024-11-04,2024-11-05,DE-WEB-01,C008821,VM-APP-0007,1,36.72,0.0,EUR
SO-2024-014332,1,2024-11-04,2024-11-08,DE-WEB-01,C010257,VM-CMP-0001,1,91.79,0.05,EUR
SO-2024-014332,2,2024-11-04,2024-11-08,DE-WEB-01,C010257,VM-CMP-0014,1,98.68,0.05,EUR
SO-2024-014332,3,2024-11-04,2024-11-08,DE-WEB-01,C010257,VM-APP-0014,1,112.45,0.05,EUR
SO-2024-014332,4,2024-11-04,2024-11-08,DE-WEB-01,C010257,vm-bik-0009,1,1294.33,0.05,EUR
SO-2024-014333,1,2024-11-04,2024-11-06,DE-WEB-01,C010473,VM-ACC-0007,2,82.61,0.0,EUR
SO-2024-014334,1,2024-11-04,2024-11-08,DE-WEB-01,C008699,VM-CMP-0002,2,128.51,0.0,EUR
SO-2024-014335,1,2024-11-05,2024-11-05,PL-WAW-01,,VM-NUT-0001,6,8.81,0.0,PLN
SO-2024-014335,2,2024-11-05,2024-11-05,PL-WAW-01,,VM-CMP-0017,2,489.99,0.0,PLN
SO-2024-014336,1,2024-11-05,2024-11-05,PL-WAW-01,C011792,vm-ebk-0001,1,7516.59,0.05,PLN
SO-2024-014337,1,2024-11-05,2024-11-05,PL-WAW-02,C011793,VM-ACC-0007,1,352.79,0.0,PLN
SO-2024-014338,1,2024-11-05,2024-11-05,PL-WAW-02,C011794,VM-NUT-0002,6,14.69,0.0,PLN
SO-2024-014338,2,2024-11-05,2024-11-05,PL-WAW-02,C011794,VM-ACC-0017,3,56.83,0.0,PLN
SO-2024-014339,1,2024-11-05,2024-11-05,PL-KRK-01,C011301,VM-BIK-0011,1,8476.99,0.1,PLN
SO-2024-014339,2,2024-11-05,2024-11-05,PL-KRK-01,C011301,VM-ACC-0014,1,107.79,0.0,PLN
SO-2024-014340,1,2024-11-05,2024-11-05,PL-KRK-01,C011795,VM-APP-0005,2,176.39,0.0,PLN
SO-2024-014341,1,2024-11-05,2024-11-05,PL-KRK-01,C008441,VM-CMP-0009,2,342.99,0.0,PLN
SO-2024-014342,1,2024-11-05,2024-11-05,PL-KRK-01,C005728,VM-CMP-0001,1,391.99,0.0,PLN
SO-2024-014342,2,2024-11-05,2024-11-05,PL-KRK-01,C005728,VM-APP-0002,3,431.19,0.0,PLN
SO-2024-014343,1,2024-11-05,2024-11-05,PL-WRO-01,,VM-NUT-0001,3,8.81,0.0,PLN
SO-2024-014344,1,2024-11-05,2024-11-05,PL-WRO-01,C007239,VM-APP-0005,3,176.39,0.0,PLN
SO-2024-014344,2,2024-11-05,2024-11-05,PL-WRO-01,C007239,VM-CMP-0023,1,57.81,0.0,PLN
SO-2024-014344,3,2024-11-05,2024-11-05,PL-WRO-01,C007239,VM-APP-0018,1,127.39,0.0,PLN
SO-2024-014344,4,2024-11-05,2024-11-05,PL-WRO-01,C007239,VM-BIK-0007,1,6908.99,0.0,PLN
SO-2024-014345,1,2024-11-05,2024-11-05,PL-GDN-01,C011796,VM-EBK-0001,1,7516.59,0.0,PLN
SO-2024-014345,2,2024-11-05,2024-11-05,PL-GDN-01,C011796,VM-ACC-0008,1,391.99,0.0,PLN
SO-2024-014345,3,2024-11-05,2024-11-05,PL-GDN-01,C011796,VM-APP-0008,2,156.79,0.0,PLN
SO-2024-014345,4,2024-11-05,2024-11-05,PL-GDN-01,C011796,VM-ACC-0014,1,107.79,0.0,PLN
SO-2024-014346,1,2024-11-05,2024-11-05,PL-GDN-01,,VM-ACC-0015,1,342.99,0.0,PLN
SO-2024-014346,2,2024-11-05,2024-11-05,PL-GDN-01,,VM-ACC-0020,1,793.79,0.1,PLN
SO-2024-014346,3,2024-11-05,2024-11-05,PL-GDN-01,,VM-BIK-0022,1,1371.99,0.1,PLN
SO-2024-014347,1,2024-11-05,2024-11-05,PL-GDN-01,,VM-CMP-0017,2,489.99,0.0,PLN
SO-2024-014348,1,2024-11-05,2024-11-05,PL-POZ-01,,VM-APP-0013,1,431.19,0.0,PLN
SO-2024-014348,2,2024-11-05,2024-11-05,PL-POZ-01,,VM-APP-0018,1,127.39,0.0,PLN
SO-2024-014348,3,2024-11-05,2024-11-05,PL-POZ-01,,VM-ACC-0008,2,391.99,0.0,PLN
SO-2024-014349,1,2024-11-05,2024-11-05,PL-POZ-01,,VM-CMP-0015,1,901.59,0.0,PLN
SO-2024-014350,1,2024-11-05,2024-11-05,PL-LDZ-01,C011567,VM-NUT-0001,10,8.81,0.0,PLN
SO-2024-014351,1,2024-11-05,2024-11-05,PL-LDZ-01,C011797,VM-CMP-0008,2,431.19,0.0,PLN
SO-2024-014352,1,2024-11-05,2024-11-06,PL-WEB-01,C006748,VM-CMP-0011,2,156.79,0.0,PLN
SO-2024-014353,1,2024-11-05,2024-11-07,PL-WEB-01,C011798,VM-ACC-0014,1,107.79,0.0,PLN
SO-2024-014353,2,2024-11-05,2024-11-07,PL-WEB-01,C011798,VM-NUT-0009,4,83.29,0.0,PLN
SO-2024-014354,1,2024-11-05,2024-11-07,PL-WEB-01,C011799,VM-BIK-0004,1,4184.59,0.0,PLN
SO-2024-014355,1,2024-11-05,2024-11-07,PL-WEB-01,C010203,VM-APP-0018,1,127.39,0.05,PLN
SO-2024-014355,2,2024-11-05,2024-11-07,PL-WEB-01,C010203,VM-CMP-0022,4,35.27,0.05,PLN
SO-2024-014356,1,2024-11-05,2024-11-08,PL-WEB-01,C011430, VM-BIK-0020 ,1,1185.79,0.05,PLN
SO-2024-014357,1,2024-11-05,2024-11-06,PL-WEB-01,C011800,VM-ACC-0008,1,391.99,0.0,PLN
SO-2024-014358,1,2024-11-05,2024-11-09,PL-WEB-01,C011801,VM-NUT-0002,3,14.69,0.0,PLN
SO-2024-014358,2,2024-11-05,2024-11-09,PL-WEB-01,C011801,VM-ACC-0004,2,764.39,0.0,PLN
SO-2024-014359,1,2024-11-05,2024-11-09,PL-WEB-01,C011430,VM-NUT-0003,6,10.77,0.05,PLN
SO-2024-014360,1,2024-11-05,2024-11-08,PL-WEB-01,C011802,VM-ACC-0009,2,391.99,0.0,PLN
SO-2024-014361,1,2024-11-05,2024-11-09,PL-WEB-01,C011803,VM-EBK-0003,1,8908.19,0.0,PLN
SO-2024-014362,1,2024-11-05,2024-11-08,PL-WEB-01,C003375,VM-NUT-0003,6,10.77,0.0,PLN
SO-2024-014362,2,2024-11-05,2024-11-08,PL-WEB-01,C003375,VM-NUT-0004,12,6.85,0.0,PLN
SO-2024-014363,1,2024-11-05,2024-11-08,PL-WEB-01,C011804,VM-NUT-0004,6,6.85,0.05,PLN
SO-2024-014363,2,2024-11-05,2024-11-08,PL-WEB-01,C011804,VM-NUT-0011,3,52.91,0.05,PLN
SO-2024-014364,1,2024-11-05,2024-11-09,PL-WEB-01,C011805,VM-NUT-0009,1,83.29,0.0,PLN
SO-2024-014364,2,2024-11-05,2024-11-09,PL-WEB-01,C011805,VM-NUT-0004,11,6.85,0.0,PLN
SO-2024-014365,1,2024-11-05,2024-11-06,PL-WEB-01,C008114,VM-ACC-0013,1,166.59,0.1,PLN
SO-2024-014366,1,2024-11-05,2024-11-08,PL-WEB-01,C007384,VM-APP-0010,1,166.59,0.0,PLN
SO-2024-014366,2,2024-11-05,2024-11-08,PL-WEB-01,C007384,VM-APP-0013,1,431.19,0.05,PLN
SO-2024-014367,1,2024-11-05,2024-11-06,PL-WEB-01,C011806,VM-NUT-0006,8,9.79,0.05,PLN
SO-2024-014367,2,2024-11-05,2024-11-06,PL-WEB-01,C011806,VM-APP-0002,1,431.19,0.05,PLN
SO-2024-014368,1,2024-11-05,2024-11-06,PL-MKT-01,C005761,VM-APP-0020,2,176.39,0.05,PLN
SO-2024-014368,2,2024-11-05,2024-11-06,PL-MKT-01,C005761,VM-NUT-0009,4,83.29,0.05,PLN
SO-2024-014368,3,2024-11-05,2024-11-06,PL-MKT-01,C005761,VM-ACC-0017,1,56.83,0.05,PLN
SO-2024-014369,1,2024-11-05,2024-11-09,PL-MKT-01,C001944,VM-CMP-0009,1,342.99,0.0,PLN
SO-2024-014369,2,2024-11-05,2024-11-09,PL-MKT-01,C001944,VM-BIK-0019,1,1185.79,0.0,PLN
SO-2024-014370,1,2024-11-05,2024-11-07,PL-MKT-01,C011807,VM-CMP-0018,2,60.75,0.0,PLN
SO-2024-014370,2,2024-11-05,2024-11-07,PL-MKT-01,C011807,VM-APP-0012,1,852.59,0.0,PLN
SO-2024-014370,3,2024-11-05,2024-11-07,PL-MKT-01,C011807,VM-ACC-0014,1,107.79,0.0,PLN
SO-2024-014371,1,2024-11-05,2024-11-06,PL-MKT-01,C009427,VM-ACC-0007,2,352.79,0.1,PLN
SO-2024-014372,1,2024-11-05,2024-11-06,PL-MKT-01,C011808,VM-APP-0008,2,156.79,0.05,PLN
SO-2024-014373,1,2024-11-05,2024-11-07,PL-MKT-01,C011809,VM-APP-0006,1,303.79,0.0,PLN
SO-2024-014373,2,2024-11-05,2024-11-07,PL-MKT-01,C011809,VM-APP-0010,1,166.59,0.0,PLN
SO-2024-014374,1,2024-11-05,2024-11-07,PL-MKT-01,C005216,VM-APP-0002,2,431.19,0.0,PLN
SO-2024-014375,1,2024-11-05,2024-11-08,PL-MKT-01,C000051,VM-BIK-0012,1,11573.79,0.0,PLN
SO-2024-014376,1,2024-11-05,2024-11-08,PL-MKT-01,C006410,VM-APP-0013,1,431.19,0.05,PLN
SO-2024-014377,1,2024-11-05,2024-11-05,CZ-PRG-01,C011810,VM-APP-0019,2,373.0,0.05,CZK
SO-2024-014378,1,2024-11-05,2024-11-05,CZ-BRN-01,,VM-ACC-0005,1,1018.0,0.0,CZK
SO-2024-014379,1,2024-11-05,2024-11-06,CZ-WEB-01,C007809,VM-ACC-0006,1,5375.0,0.05,CZK
SO-2024-014380,1,2024-11-05,2024-11-06,CZ-WEB-01,C011811,VM-NUT-0007,8,74.0,0.0,CZK
SO-2024-014380,2,2024-11-05,2024-11-06,CZ-WEB-01,C011811,VM-ACC-0018,3,283.0,0.0,CZK
SO-2024-014381,1,2024-11-05,2024-11-06,CZ-WEB-01,C011771,VM-NUT-0006,3,57.0,0.05,CZK
SO-2024-014381,2,2024-11-05,2024-11-06,CZ-WEB-01,C011771,VM-ACC-0008,2,2263.0,0.05,CZK
SO-2024-014382,1,2024-11-05,2024-11-08,CZ-WEB-01,C007189,VM-CMP-0001,1,2263.0,0.0,CZK
SO-2024-014383,1,2024-11-05,2024-11-07,CZ-WEB-01,C003015,VM-NUT-0003,6,62.0,0.05,CZK
SO-2024-014384,1,2024-11-05,2024-11-05,DE-BER-01,C011812,VM-APP-0015,1,130.81,0.0,EUR
SO-2024-014384,2,2024-11-05,2024-11-05,DE-BER-01,C011812,VM-CMP-0001,2,91.79,0.0,EUR
SO-2024-014384,3,2024-11-05,2024-11-05,DE-BER-01,C011812,VM-APP-0010,1,39.01,0.0,EUR
SO-2024-014384,4,2024-11-05,2024-11-05,DE-BER-01,C011812,VM-CMP-0016,1,564.55,0.0,EUR
SO-2024-014385,1,2024-11-05,2024-11-05,DE-BER-01,C005042,VM-APP-0002,1,100.97,0.0,EUR
SO-2024-014385,2,2024-11-05,2024-11-05,DE-BER-01,C005042,VM-ACC-0019,3,11.47,0.0,EUR
SO-2024-014386,1,2024-11-05,2024-11-05,DE-BER-01,, VM-CMP-0010 ,2,89.5,0.0,EUR
SO-2024-014387,1,2024-11-05,2024-11-05,DE-BER-01,C011813,VM-ACC-0008,2,91.79,0.0,EUR
SO-2024-014388,1,2024-11-05,2024-11-07,DE-WEB-01,C000122,VM-APP-0013,5,100.97,0.1,EUR
SO-2024-014388,2,2024-11-05,2024-11-07,DE-WEB-01,C000122,VM-CMP-0001,8,91.79,0.1,EUR
SO-2024-014389,1,2024-11-05,2024-11-06,DE-WEB-01,C009691,VM-APP-0005,2,41.31,0.0,EUR
SO-2024-014389,2,2024-11-05,2024-11-06,DE-WEB-01,C009691,VM-CMP-0005,2,339.65,0.0,EUR
SO-2024-014390,1,2024-11-05,2024-11-06,DE-WEB-01,C000260,VM-BIK-0018,1,550.78,0.0,EUR
SO-2024-014390,2,2024-11-05,2024-11-06,DE-WEB-01,C000260,VM-CMP-0009,2,80.32,0.0,EUR
SO-2024-014390,3,2024-11-05,2024-11-06,DE-WEB-01,C000260,VM-APP-0011,2,94.09,0.0,EUR
SO-2024-014390,4,2024-11-05,2024-11-06,DE-WEB-01,C000260,VM-ACC-0013,1,39.01,0.0,EUR
SO-2024-014391,1,2024-11-05,2024-11-09,DE-WEB-01,C011814,VM-BIK-0006,1,1512.35,0.0,EUR
SO-2024-014392,1,2024-11-05,2024-11-07,DE-WEB-01,C004417,VM-EBK-0003,1,2086.08,0.0,EUR
SO-2024-014393,1,2024-11-05,2024-11-06,DE-WEB-01,C011642,VM-ACC-0020,1,185.89,0.0,EUR
SO-2024-014394,1,2024-11-06,2024-11-06,PL-WAW-01,C001495,VM-ACC-0014,1,107.79,0.05,PLN
SO-2024-014394,2,2024-11-06,2024-11-06,PL-WAW-01,C001495, VM-NUT-0003 ,7,10.77,0.05,PLN
SO-2024-014394,3,2024-11-06,2024-11-06,PL-WAW-01,C001495,VM-APP-0011,1,401.79,0.05,PLN
SO-2024-014394,4,2024-11-06,2024-11-06,PL-WAW-01,C001495,VM-CMP-0013,2,519.39,0.05,PLN
SO-2024-014395,1,2024-11-06,2024-11-06,PL-WAW-01,C010972,VM-ACC-0018,3,48.99,0.0,PLN
SO-2024-014396,1,2024-11-06,2024-11-06,PL-WAW-01,C011815,VM-NUT-0011,2,52.91,0.0,PLN
SO-2024-014396,2,2024-11-06,2024-11-06,PL-WAW-01,C011815,VM-ACC-0008,2,391.99,0.0,PLN
SO-2024-014397,1,2024-11-06,2024-11-06,PL-WAW-01,,VM-ACC-0017,1,56.83,0.0,PLN
SO-2024-014398,1,2024-11-06,2024-11-06,PL-WAW-02,C004109,VM-ACC-0008,2,391.99,0.05,PLN
SO-2024-014398,2,2024-11-06,2024-11-06,PL-WAW-02,C004109,VM-CMP-0018,3,60.75,0.0,PLN
SO-2024-014399,1,2024-11-06,2024-11-06,PL-WAW-02,C008313,VM-NUT-0009,1,83.29,0.05,PLN
SO-2024-014399,2,2024-11-06,2024-11-06,PL-WAW-02,C008313,VM-BIK-0021,1,1224.99,0.05,PLN
SO-2024-014400,1,2024-11-06,2024-11-06,PL-WAW-02,,VM-BIK-0007,1,6908.99,0.0,PLN
SO-2024-014401,1,2024-11-06,2024-11-06,PL-WAW-02,C011816,VM-APP-0010,2,166.59,0.0,PLN
SO-2024-014401,2,2024-11-06,2024-11-06,PL-WAW-02,C011816,VM-BIK-0011,1,8476.99,0.0,PLN
SO-2024-014402,1,2024-11-06,2024-11-06,PL-KRK-01,,VM-CMP-0010,1,382.19,0.0,PLN
SO-2024-014403,1,2024-11-06,2024-11-06,PL-KRK-01,C011817,VM-NUT-0006,4,9.79,0.0,PLN
SO-2024-014403,2,2024-11-06,2024-11-06,PL-KRK-01,C011817,VM-BIK-0014,1,3753.39,0.0,PLN
SO-2024-014403,3,2024-11-06,2024-11-06,PL-KRK-01,C011817,VM-CMP-0004,2,705.59,0.0,PLN
SO-2024-014404,1,2024-11-06,2024-11-06,PL-KRK-01,C011818,VM-BIK-0007,1,6908.99,0.0,PLN
SO-2024-014404,2,2024-11-06,2024-11-06,PL-KRK-01,C011818,VM-ACC-0007,1,352.79,0.0,PLN
SO-2024-014405,1,2024-11-06,2024-11-06,PL-KRK-01,C011729,VM-NUT-0004,13,6.85,0.05,PLN
SO-2024-014405,2,2024-11-06,2024-11-06,PL-KRK-01,C011729,VM-EBK-0003,1,8908.19,0.05,PLN
SO-2024-014406,1,2024-11-06,2024-11-06,PL-KRK-01,C011819,VM-BIK-0019,1,1185.79,0.0,PLN
SO-2024-014406,2,2024-11-06,2024-11-06,PL-KRK-01,C011819,VM-ACC-0008,2,391.99,0.0,PLN
SO-2024-014406,3,2024-11-06,2024-11-06,PL-KRK-01,C011819,VM-APP-0008,2,156.79,0.0,PLN
SO-2024-014406,4,2024-11-06,2024-11-06,PL-KRK-01,C011819,VM-ACC-0007,2,352.79,0.1,PLN
SO-2024-014407,1,2024-11-06,2024-11-06,PL-KRK-01,C003132,VM-APP-0012,1,852.59,0.0,PLN
SO-2024-014408,1,2024-11-06,2024-11-06,PL-KRK-01,C004528,VM-BIK-0019,1,1185.79,0.0,PLN
SO-2024-014408,2,2024-11-06,2024-11-06,PL-KRK-01,C004528,VM-APP-0013,1,431.19,0.0,PLN
SO-2024-014409,1,2024-11-06,2024-11-06,PL-WRO-01,,VM-BIK-0004,1,4184.59,0.0,PLN
SO-2024-014409,2,2024-11-06,2024-11-06,PL-WRO-01,,VM-APP-0005,2,176.39,0.0,PLN
SO-2024-014410,1,2024-11-06,2024-11-06,PL-WRO-01,C010250,VM-APP-0013,1,431.19,0.0,PLN
SO-2024-014411,1,2024-11-06,2024-11-06,PL-WRO-01,C009891,VM-ACC-0004,1,764.39,0.0,PLN
SO-2024-014411,2,2024-11-06,2024-11-06,PL-WRO-01,C009891,VM-ACC-0014,1,107.79,0.0,PLN
SO-2024-014412,1,2024-11-06,2024-11-06,PL-WRO-01,C011820,VM-BIK-0019,1,1185.79,0.0,PLN
SO-2024-014412,2,2024-11-06,2024-11-06,PL-WRO-01,C011820, VM-ACC-0003 ,2,284.19,0.0,PLN
SO-2024-014412,3,2024-11-06,2024-11-06,PL-WRO-01,C011820,VM-ACC-0015,1,342.99,0.0,PLN
SO-2024-014413,1,2024-11-06,2024-11-06,PL-WRO-01,C008247,VM-NUT-0002,8,14.69,0.0,PLN
SO-2024-014414,1,2024-11-06,2024-11-06,PL-WRO-01,C007016,VM-ACC-0010,1,244.99,0.05,PLN
SO-2024-014414,2,2024-11-06,2024-11-06,PL-WRO-01,C007016,VM-NUT-0004,14,6.85,0.05,PLN
SO-2024-014415,1,2024-11-06,2024-11-06,PL-GDN-01,C011821,VM-NUT-0007,12,12.73,0.0,PLN
SO-2024-014416,1,2024-11-06,2024-11-06,PL-POZ-01,C011518,VM-ACC-0007,1,352.79,0.0,PLN
SO-2024-014417,1,2024-11-06,2024-11-09,PL-WEB-01,C003617,VM-CMP-0006,1,195.99,0.0,PLN
SO-2024-014417,2,2024-11-06,2024-11-09,PL-WEB-01,C003617,VM-ACC-0011,2,70.55,0.0,PLN
SO-2024-014418,1,2024-11-06,2024-11-08,PL-WEB-01,C008114,VM-ACC-0008,1,391.99,0.05,PLN
SO-2024-014419,1,2024-11-06,2024-11-09,PL-WEB-01,C011743,VM-NUT-0006,6,9.79,0.05,PLN
SO-2024-014420,1,2024-11-06,2024-11-07,PL-WEB-01,C011822,VM-ACC-0008,5,391.99,0.1,PLN
SO-2024-014421,1,2024-11-06,2024-11-07,PL-WEB-01,C011823,VM-CMP-0019,3,205.79,0.0,PLN
SO-2024-014422,1,2024-11-06,2024-11-10,PL-WEB-01,C004857,VM-NUT-0002,7,14.69,0.05,PLN
SO-2024-014422,2,2024-11-06,2024-11-10,PL-WEB-01,C004857,VM-CMP-0020,1,254.79,0.05,PLN
SO-2024-014422,3,2024-11-06,2024-11-10,PL-WEB-01,C004857,VM-APP-0006,1,303.79,0.05,PLN
SO-2024-014423,1,2024-11-06,2024-11-07,PL-WEB-01,C001575,VM-NUT-0003,8,10.77,0.0,PLN
SO-2024-014424,1,2024-11-06,2024-11-08,PL-WEB-01,C007138,VM-ACC-0022,1,1538.59,0.05,PLN
SO-2024-014425,1,2024-11-06,2024-11-08,PL-WEB-01,C011824,VM-ACC-0012,1,70.55,0.0,PLN
SO-2024-014425,2,2024-11-06,2024-11-08,PL-WEB-01,C011824,VM-CMP-0002,2,548.79,0.0,PLN
SO-2024-014425,3,2024-11-06,2024-11-08,PL-WEB-01,C011824,VM-APP-0003,2,303.79,0.0,PLN
SO-2024-014426,1,2024-11-06,2024-11-09,PL-WEB-01,C011825,VM-ACC-0013,1,166.59,0.0,PLN
SO-2024-014426,2,2024-11-06,2024-11-09,PL-WEB-01,C011825,VM-APP-0020,2,176.39,0.0,PLN
SO-2024-014427,1,2024-11-06,2024-11-07,PL-MKT-01,C011826,VM-APP-0006,3,303.79,0.0,PLN
SO-2024-014427,2,2024-11-06,2024-11-07,PL-MKT-01,C011826,VM-CMP-0013,2,519.39,0.0,PLN
SO-2024-014428,1,2024-11-06,2024-11-07,PL-MKT-01,C002507,VM-ACC-0019,1,48.99,0.05,PLN
SO-2024-014428,2,2024-11-06,2024-11-07,PL-MKT-01,C002507,VM-EBK-0011,1,14347.19,0.05,PLN
SO-2024-014428,3,2024-11-06,2024-11-07,PL-MKT-01,C002507,VM-NUT-0007,12,12.73,0.05,PLN
SO-2024-014429,1,2024-11-06,2024-11-08,PL-MKT-01,C009929,VM-APP-0008,1,156.79,0.0,PLN
SO-2024-014430,1,2024-11-06,2024-11-08,PL-MKT-01,C011827,VM-APP-0020,2,176.39,0.0,PLN
SO-2024-014430,2,2024-11-06,2024-11-08,PL-MKT-01,C011827,VM-CMP-0023,2,57.81,0.0,PLN
SO-2024-014430,3,2024-11-06,2024-11-08,PL-MKT-01,C011827,VM-ACC-0008,2,391.99,0.0,PLN
SO-2024-014430,4,2024-11-06,2024-11-08,PL-MKT-01,C011827,VM-NUT-0006,4,9.79,0.0,PLN
SO-2024-014431,1,2024-11-06,2024-11-10,PL-MKT-01,C011405,VM-CMP-0011,1,156.79,0.0,PLN
SO-2024-014431,2,2024-11-06,2024-11-10,PL-MKT-01,C011405,VM-NUT-0003,12,10.77,0.0,PLN
SO-2024-014432,1,2024-11-06,2024-11-07,PL-MKT-01,C011828,VM-APP-0002,3,431.19,0.0,PLN
SO-2024-014432,2,2024-11-06,2024-11-07,PL-MKT-01,C011828,VM-APP-0020,2,176.39,0.0,PLN
SO-2024-014432,3,2024-11-06,2024-11-07,PL-MKT-01,C011828,VM-NUT-0004,6,6.85,0.0,PLN
SO-2024-014433,1,2024-11-06,2024-11-09,PL-MKT-01,C009204,VM-APP-0020,2,176.39,0.0,PLN
SO-2024-014433,2,2024-11-06,2024-11-09,PL-MKT-01,C009204,VM-ACC-0008,1,391.99,0.1,PLN
SO-2024-014434,1,2024-11-06,2024-11-09,PL-MKT-01,C009423,VM-CMP-0013,1,519.39,0.05,PLN
SO-2024-014434,2,2024-11-06,2024-11-09,PL-MKT-01,C009423,VM-NUT-0006,12,9.79,0.05,PLN
SO-2024-014434,3,2024-11-06,2024-11-09,PL-MKT-01,C009423,VM-ACC-0014,1,107.79,0.05,PLN
SO-2024-014435,1,2024-11-06,2024-11-10,PL-MKT-01,C007431,VM-NUT-0004,14,6.85,0.05,PLN
SO-2024-014436,1,2024-11-06,2024-11-07,PL-MKT-01,C011829,VM-APP-0010,2,166.59,0.0,PLN
SO-2024-014437,1,2024-11-06,2024-11-09,PL-MKT-01,C011830,VM-APP-0002,3,431.19,0.0,PLN
SO-2024-014438,1,2024-11-06,2024-11-06,CZ-PRG-01,C010876,VM-ACC-0020,1,4583.0,0.0,CZK
SO-2024-014439,1,2024-11-06,2024-11-06,CZ-PRG-01,C011831,VM-APP-0003,2,1754.0,0.0,CZK
SO-2024-014440,1,2024-11-06,2024-11-06,CZ-BRN-01,,VM-CMP-0016,1,13919.0,0.0,CZK
SO-2024-014440,2,2024-11-06,2024-11-06,CZ-BRN-01,,VM-BIK-0007,1,39890.0,0.0,CZK
SO-2024-014440,3,2024-11-06,2024-11-06,CZ-BRN-01,,VM-BIK-0012,1,66823.0,0.0,CZK
SO-2024-014440,4,2024-11-06,2024-11-06,CZ-BRN-01,, VM-APP-0018 ,1,736.0,0.0,CZK
SO-2024-014441,1,2024-11-06,2024-11-07,CZ-WEB-01,C006877,VM-EBK-0001,1,43398.0,0.05,CZK
SO-2024-014441,2,2024-11-06,2024-11-07,CZ-WEB-01,C006877,VM-ACC-0008,1,2263.0,0.05,CZK
SO-2024-014442,1,2024-11-06,2024-11-08,CZ-WEB-01,C011832,VM-APP-0008,2,905.0,0.0,CZK
SO-2024-014443,1,2024-11-06,2024-11-10,CZ-WEB-01,C011833,VM-NUT-0004,3,40.0,0.0,CZK
SO-2024-014444,1,2024-11-06,2024-11-07,CZ-WEB-01,C005235,VM-EBK-0003,1,51433.0,0.0,CZK
SO-2024-014445,1,2024-11-06,2024-11-06,DE-BER-01,,VM-BIK-0016,1,823.87,0.0,EUR
SO-2024-014445,2,2024-11-06,2024-11-06,DE-BER-01,,VM-APP-0013,1,100.97,0.0,EUR
SO-2024-014446,1,2024-11-06,2024-11-06,DE-BER-01,,VM-APP-0013,1,100.97,0.0,EUR
SO-2024-014447,1,2024-11-06,2024-11-08,DE-WEB-01,C011834,VM-NUT-0002,15,3.44,0.0,EUR
SO-2024-014447,2,2024-11-06,2024-11-08,DE-WEB-01,C011834,VM-EBK-0001,1,1760.2,0.0,EUR
SO-2024-014448,1,2024-11-06,2024-11-08,DE-WEB-01,C011641,VM-NUT-0002,15,3.44,0.0,EUR
SO-2024-014449,1,2024-11-06,2024-11-07,DE-WEB-01,C004943,VM-NUT-0006,8,2.29,0.0,EUR
SO-2024-014449,2,2024-11-06,2024-11-07,DE-WEB-01,C004943,VM-APP-0013,1,100.97,0.0,EUR
SO-2024-014450,1,2024-11-06,2024-11-09,DE-WEB-01,C004703,VM-NUT-0003,7,2.52,0.05,EUR
SO-2024-014451,1,2024-11-07,2024-11-07,PL-WAW-01,C011835,VM-CMP-0007,1,617.39,0.1,PLN
SO-2024-014451,2,2024-11-07,2024-11-07,PL-WAW-01,C011835,VM-ACC-0013,1,166.59,0.0,PLN
SO-2024-014451,3,2024-11-07,2024-11-07,PL-WAW-01,C011835,VM-CMP-0014,2,421.39,0.0,PLN
SO-2024-014452,1,2024-11-07,2024-11-07,PL-WAW-01,,VM-CMP-0022,1,35.27,0.0,PLN
SO-2024-014453,1,2024-11-07,2024-11-07,PL-WAW-01,C006202,VM-APP-0002,1,431.19,0.0,PLN
SO-2024-014454,1,2024-11-07,2024-11-07,PL-WAW-02,C011836,VM-CMP-0020,1,254.79,0.0,PLN
SO-2024-014454,2,2024-11-07,2024-11-07,PL-WAW-02,C011836,VM-ACC-0020,1,793.79,0.0,PLN
SO-2024-014454,3,2024-11-07,2024-11-07,PL-WAW-02,C011836,VM-CMP-0011,1,156.79,0.0,PLN
SO-2024-014455,1,2024-11-07,2024-11-07,PL-WAW-02,,VM-APP-0009,1,342.99,0.1,PLN
SO-2024-014455,2,2024-11-07,2024-11-07,PL-WAW-02,,VM-ACC-0003,2,284.19,0.0,PLN
SO-2024-014455,3,2024-11-07,2024-11-07,PL-WAW-02,,VM-EBK-0007,1,14405.99,0.0,PLN
SO-2024-014455,4,2024-11-07,2024-11-07,PL-WAW-02,,VM-APP-0013,1,431.19,0.0,PLN
SO-2024-014456,1,2024-11-07,2024-11-07,PL-WAW-02,C009444,VM-APP-0011,2,401.79,0.0,PLN
SO-2024-014456,2,2024-11-07,2024-11-07,PL-WAW-02,C009444,VM-APP-0019,2,64.67,0.0,PLN
SO-2024-014456,3,2024-11-07,2024-11-07,PL-WAW-02,C009444,VM-APP-0006,1,303.79,0.0,PLN
SO-2024-014456,4,2024-11-07,2024-11-07,PL-WAW-02,C009444,VM-ACC-0008,2,391.99,0.0,PLN
SO-2024-014457,1,2024-11-07,2024-11-07,PL-KRK-01,,VM-APP-0017,1,186.19,0.05,PLN
SO-2024-014458,1,2024-11-07,2024-11-07,PL-KRK-01,C010231,VM-ACC-0008,5,391.99,0.08,PLN
SO-2024-014458,2,2024-11-07,2024-11-07,PL-KRK-01,C010231,VM-BIK-0011,4,8476.99,0.1,PLN
SO-2024-014458,3,2024-11-07,2024-11-07,PL-KRK-01,C010231,VM-APP-0010,3,166.59,0.12,PLN
SO-2024-014459,1,2024-11-07,2024-11-07,PL-KRK-01,C000139,VM-ACC-0008,4,391.99,0.12,PLN
SO-2024-014459,2,2024-11-07,2024-11-07,PL-KRK-01,C000139,VM-APP-0006,8,303.79,0.12,PLN
SO-2024-014460,1,2024-11-07,2024-11-07,PL-KRK-01,C005686,VM-NUT-0002,4,14.69,0.0,PLN
SO-2024-014461,1,2024-11-07,2024-11-07,PL-WRO-01,C011837,VM-APP-0005,3,176.39,0.0,PLN
SO-2024-014462,1,2024-11-07,2024-11-07,PL-WRO-01,C011838,VM-ACC-0001,1,372.39,0.0,PLN
SO-2024-014463,1,2024-11-07,2024-11-07,PL-GDN-01,C011710,VM-CMP-0013,1,519.39,0.0,PLN
SO-2024-014464,1,2024-11-07,2024-11-07,PL-GDN-01,C005661,VM-CMP-0016,1,2410.79,0.05,PLN
SO-2024-014464,2,2024-11-07,2024-11-07,PL-GDN-01,C005661, VM-ACC-0008 ,2,391.99,0.05,PLN
SO-2024-014465,1,2024-11-07,2024-11-07,PL-GDN-01,C010377,VM-NUT-0004,10,6.85,0.08,PLN
SO-2024-014466,1,2024-11-07,2024-11-07,PL-POZ-01,C010174,VM-APP-0012,1,852.59,0.0,PLN
SO-2024-014467,1,2024-11-07,2024-11-07,PL-POZ-01,C011839,VM-ACC-0018,1,48.99,0.0,PLN
SO-2024-014467,2,2024-11-07,2024-11-07,PL-POZ-01,C011839,VM-ACC-0013,1,166.59,0.0,PLN
SO-2024-014468,1,2024-11-07,2024-11-07,PL-POZ-01,,VM-APP-0011,2,401.79,0.0,PLN
SO-2024-014468,2,2024-11-07,2024-11-07,PL-POZ-01,,VM-EBK-0008,1,14797.99,0.0,PLN
SO-2024-014468,3,2024-11-07,2024-11-07,PL-POZ-01,,VM-NUT-0006,3,9.79,0.0,PLN
SO-2024-014469,1,2024-11-07,2024-11-07,PL-LDZ-01,,VM-APP-0013,1,431.19,0.0,PLN
SO-2024-014469,2,2024-11-07,2024-11-07,PL-LDZ-01,,VM-ACC-0008,1,391.99,0.0,PLN
SO-2024-014469,3,2024-11-07,2024-11-07,PL-LDZ-01,,VM-APP-0002,2,431.19,0.0,PLN
SO-2024-014470,1,2024-11-07,2024-11-07,PL-LDZ-01,C007839,VM-APP-0006,3,303.79,0.0,PLN
SO-2024-014470,2,2024-11-07,2024-11-07,PL-LDZ-01,C007839,VM-ACC-0014,1,107.79,0.0,PLN
SO-2024-014471,1,2024-11-07,2024-11-07,PL-LDZ-01,C011840,VM-NUT-0002,15,14.69,0.0,PLN
SO-2024-014471,2,2024-11-07,2024-11-07,PL-LDZ-01,C011840,VM-ACC-0012,1,70.55,0.0,PLN
SO-2024-014471,3,2024-11-07,2024-11-07,PL-LDZ-01,C011840,VM-APP-0013,1,431.19,0.0,PLN
SO-2024-014471,4,2024-11-07,2024-11-07,PL-LDZ-01,C011840,VM-CMP-0022,1,35.27,0.0,PLN
SO-2024-014472,1,2024-11-07,2024-11-10,PL-WEB-01,C011841,VM-EBK-0007,1,14405.99,0.0,PLN
SO-2024-014472,2,2024-11-07,2024-11-10,PL-WEB-01,C011841,VM-ACC-0018,2,48.99,0.0,PLN
SO-2024-014472,3,2024-11-07,2024-11-10,PL-WEB-01,C011841,VM-CMP-0015,1,901.59,0.0,PLN
SO-2024-014472,4,2024-11-07,2024-11-10,PL-WEB-01,C011841,VM-APP-0006,2,303.79,0.0,PLN
SO-2024-014473,1,2024-11-07,2024-11-08,PL-WEB-01,C011156,VM-CMP-0023,2,57.81,0.0,PLN
SO-2024-014473,2,2024-11-07,2024-11-08,PL-WEB-01,C011156,VM-APP-0012,1,852.59,0.0,PLN
SO-2024-014473,3,2024-11-07,2024-11-08,PL-WEB-01,C011156,VM-APP-0008,1,156.79,0.0,PLN
SO-2024-014473,4,2024-11-07,2024-11-08,PL-WEB-01,C011156,VM-NUT-0002,11,14.69,0.0,PLN
SO-2024-014474,1,2024-11-07,2024-11-08,PL-WEB-01,C011842,VM-APP-0014,1,480.19,0.0,PLN
SO-2024-014475,1,2024-11-07,2024-11-08,PL-WEB-01,C011823,VM-APP-0002,1,431.19,0.0,PLN
SO-2024-014475,2,2024-11-07,2024-11-08,PL-WEB-01,C011823,VM-APP-0005,2,176.39,0.0,PLN
SO-2024-014475,3,2024-11-07,2024-11-08,PL-WEB-01,C011823,VM-NUT-0004,15,6.85,0.0,PLN
SO-2024-014475,4,2024-11-07,2024-11-08,PL-WEB-01,C011823,VM-APP-0003,2,303.79,0.0,PLN
SO-2024-014476,1,2024-11-07,2024-11-11,PL-WEB-01,C009980,VM-CMP-0004,2,705.59,0.0,PLN
SO-2024-014477,1,2024-11-07,2024-11-08,PL-WEB-01,C007119,VM-BIK-0017,3,1871.79,0.1,PLN
SO-2024-014477,2,2024-11-07,2024-11-08,PL-WEB-01,C007119,VM-NUT-0007,14,12.73,0.1,PLN
SO-2024-014478,1,2024-11-07,2024-11-10,PL-WEB-01,C011843,VM-BIK-0014,1,3753.39,0.0,PLN
SO-2024-014479,1,2024-11-07,2024-11-11,PL-WEB-01,C011844,VM-APP-0020,1,176.39,0.0,PLN
SO-2024-014480,1,2024-11-07,2024-11-11,PL-WEB-01,C011845,VM-NUT-0004,10,6.85,0.0,PLN
SO-2024-014480,2,2024-11-07,2024-11-11,PL-WEB-01,C011845,VM-APP-0013,1,431.19,0.0,PLN
SO-2024-014480,3,2024-11-07,2024-11-11,PL-WEB-01,C011845,VM-APP-0012,1,852.59,0.0,PLN
SO-2024-014481,1,2024-11-07,2024-11-10,PL-WEB-01,C011846,VM-CMP-0019,1,205.79,0.05,PLN
SO-2024-014482,1,2024-11-07,2024-11-09,PL-WEB-01,C000561,VM-NUT-0004,5,6.85,0.0,PLN
SO-2024-014482,2,2024-11-07,2024-11-09,PL-WEB-01,C000561,VM-APP-0002,1,431.19,0.0,PLN
SO-2024-014482,3,2024-11-07,2024-11-09,PL-WEB-01,C000561,VM-BIK-0002,1,9437.39,0.05,PLN
SO-2024-014482,4,2024-11-07,2024-11-09,PL-WEB-01,C000561,VM-ACC-0018,2,48.99,0.0,PLN
SO-2024-014483,1,2024-11-07,2024-11-10,PL-WEB-01,C011847,VM-APP-0012,1,852.59,0.0,PLN
SO-2024-014483,2,2024-11-07,2024-11-10,PL-WEB-01,C011847,VM-EBK-0002,1,9750.99,0.0,PLN
SO-2024-014483,3,2024-11-07,2024-11-10,PL-WEB-01,C011847,VM-APP-0010,1,166.59,0.0,PLN
SO-2024-014483,4,2024-11-07,2024-11-10,PL-WEB-01,C011847,VM-APP-0018,1,127.39,0.0,PLN
SO-2024-014484,1,2024-11-07,2024-11-10,PL-WEB-01,C011848,VM-CMP-0017,1,489.99,0.0,PLN
SO-2024-014485,1,2024-11-07,2024-11-08,PL-WEB-01,C009522,VM-BIK-0009,1,5527.19,0.0,PLN
SO-2024-014486,1,2024-11-07,2024-11-11,PL-WEB-01,C004939, VM-ACC-0017 ,3,56.83,0.0,PLN
SO-2024-014487,1,2024-11-07,2024-11-08,PL-WEB-01,C011849,VM-ACC-0007,1,352.79,0.0,PLN
SO-2024-014488,1,2024-11-07,2024-11-10,PL-WEB-01,C011850,VM-NUT-0009,3,83.29,0.0,PLN
SO-2024-014489,1,2024-11-07,2024-11-10,PL-WEB-01,C008259,VM-APP-0015,1,558.59,0.0,PLN
SO-2024-014490,1,2024-11-07,2024-11-09,PL-MKT-01,C011851,VM-BIK-0013,1,4703.99,0.0,PLN
SO-2024-014490,2,2024-11-07,2024-11-09,PL-MKT-01,C011851,VM-ACC-0008,2,391.99,0.05,PLN
SO-2024-014491,1,2024-11-07,2024-11-09,PL-MKT-01,C009980,VM-APP-0010,2,166.59,0.0,PLN
SO-2024-014491,2,2024-11-07,2024-11-09,PL-MKT-01,C009980,VM-APP-0012,1,852.59,0.0,PLN
SO-2024-014492,1,2024-11-07,2024-11-09,PL-MKT-01,C011852,VM-NUT-0011,3,52.91,0.0,PLN
SO-2024-014493,1,2024-11-07,2024-11-10,PL-MKT-01,C003355,VM-NUT-0002,10,14.69,0.05,PLN
SO-2024-014493,2,2024-11-07,2024-11-10,PL-MKT-01,C003355,VM-BIK-0004,1,4184.59,0.05,PLN
SO-2024-014494,1,2024-11-07,2024-11-08,PL-MKT-01,C010677,VM-ACC-0009,1,391.99,0.05,PLN
SO-2024-014494,2,2024-11-07,2024-11-08,PL-MKT-01,C010677,VM-ACC-0003,2,284.19,0.05,PLN
SO-2024-014495,1,2024-11-07,2024-11-10,PL-MKT-01,C009068,VM-EBK-0003,1,8908.19,0.0,PLN
SO-2024-014496,1,2024-11-07,2024-11-08,PL-MKT-01,C011133,VM-BIK-0022,1,1371.99,0.0,PLN
SO-2024-014496,2,2024-11-07,2024-11-08,PL-MKT-01,C011133,VM-CMP-0002,1,548.79,0.0,PLN
SO-2024-014497,1,2024-11-07,2024-11-09,PL-MKT-01,C005417,VM-NUT-0007,3,12.73,0.05,PLN
SO-2024-014497,2,2024-11-07,2024-11-09,PL-MKT-01,C005417,VM-ACC-0019,3,48.99,0.05,PLN
SO-2024-014498,1,2024-11-07,2024-11-07,CZ-PRG-01,C011452,VM-EBK-0011,1,82836.0,0.0,CZK
SO-2024-014499,1,2024-11-07,2024-11-07,CZ-PRG-01,,VM-APP-0012,1,4923.0,0.0,CZK
SO-2024-014500,1,2024-11-07,2024-11-07,CZ-BRN-01,,VM-ACC-0014,1,622.0,0.0,CZK
SO-2024-014501,1,2024-11-07,2024-11-08,CZ-WEB-01,C003200,VM-APP-0013,1,2490.0,0.0,CZK
SO-2024-014501,2,2024-11-07,2024-11-08,CZ-WEB-01,C003200,VM-ACC-0018,1,283.0,0.0,CZK
SO-2024-014502,1,2024-11-07,2024-11-10,CZ-WEB-01,C011853,VM-BIK-0019,1,6846.0,0.0,CZK
SO-2024-014503,1,2024-11-07,2024-11-07,DE-BER-01,,VM-APP-0007,2,36.72,0.0,EUR
SO-2024-014504,1,2024-11-07,2024-11-07,DE-BER-01,,VM-CMP-0009,1,80.32,0.0,EUR
SO-2024-014505,1,2024-11-07,2024-11-07,DE-BER-01,C011854,VM-ACC-0018,3,11.47,0.0,EUR
SO-2024-014505,2,2024-11-07,2024-11-07,DE-BER-01,C011854,VM-CMP-0017,1,114.74,0.0,EUR
SO-2024-014506,1,2024-11-07,2024-11-08,DE-WEB-01,C011855,VM-CMP-0019,4,48.19,0.0,EUR
SO-2024-014506,2,2024-11-07,2024-11-08,DE-WEB-01,C011855,VM-NUT-0001,13,2.06,0.0,EUR
SO-2024-014506,3,2024-11-07,2024-11-08,DE-WEB-01,C011855,VM-BIK-0004,1,979.93,0.0,EUR
SO-2024-014506,4,2024-11-07,2024-11-08,DE-WEB-01,C011855,VM-ACC-0014,1,25.24,0.0,EUR
SO-2024-014507,1,2024-11-07,2024-11-08,DE-WEB-01,C009311,VM-EBK-0002,1,2283.44,0.0,EUR
SO-2024-014508,1,2024-11-07,2024-11-11,DE-WEB-01,C011856,VM-NUT-0003,13,2.52,0.0,EUR
SO-2024-014508,2,2024-11-07,2024-11-11,DE-WEB-01,C011856,VM-ACC-0020,1,185.89,0.0,EUR
SO-2024-014509,1,2024-11-07,2024-11-08,DE-WEB-01,C011857,VM-NUT-0003,6,2.52,0.0,EUR
SO-2024-014509,2,2024-11-07,2024-11-08,DE-WEB-01,C011857,VM-ACC-0002,1,139.99,0.0,EUR
SO-2024-014510,1,2024-11-07,2024-11-08,DE-WEB-01,C006363,VM-CMP-0013,2,121.63,0.0,EUR
SO-2024-014511,1,2024-11-07,2024-11-10,DE-WEB-01,C011858,VM-ACC-0001,2,87.2,0.0,EUR
SO-2024-014511,2,2024-11-07,2024-11-10,DE-WEB-01,C011858,VM-ACC-0014,1,25.24,0.0,EUR
SO-2024-014511,3,2024-11-07,2024-11-10,DE-WEB-01,C011858,VM-CMP-0017,1,114.74,0.0,EUR
SO-2024-014512,1,2024-11-08,2024-11-08,PL-WAW-01,C011859,VM-ACC-0004,2,764.39,0.0,PLN
SO-2024-014513,1,2024-11-08,2024-11-08,PL-WAW-01,C007161,VM-CMP-0015,1,901.59,0.0,PLN
SO-2024-014514,1,2024-11-08,2024-11-08,PL-WAW-01,,VM-APP-0006,2,303.79,0.0,PLN
SO-2024-014515,1,2024-11-08,2024-11-08,PL-WAW-01,,VM-ACC-0017,3,56.83,0.0,PLN
SO-2024-014516,1,2024-11-08,2024-11-08,PL-WAW-01,C011860,VM-APP-0006,1,303.79,0.05,PLN
SO-2024-014516,2,2024-11-08,2024-11-08,PL-WAW-01,C011860,VM-ACC-0008,2,391.99,0.05,PLN
SO-2024-014517,1,2024-11-08,2024-11-08,PL-WAW-01,C011456,VM-NUT-0004,7,6.85,0.0,PLN
SO-2024-014518,1,2024-11-08,2024-11-08,PL-WAW-02,, VM-ACC-0019 ,3,48.99,0.0,PLN
SO-2024-014519,1,2024-11-08,2024-11-08,PL-WAW-02,,VM-EBK-0003,1,8908.19,0.0,PLN
SO-2024-014519,2,2024-11-08,2024-11-08,PL-WAW-02,,VM-ACC-0008,1,391.99,0.0,PLN
SO-2024-014519,3,2024-11-08,2024-11-08,PL-WAW-02,,VM-APP-0002,3,431.19,0.0,PLN
SO-2024-014519,4,2024-11-08,2024-11-08,PL-WAW-02,,VM-CMP-0013,2,519.39,0.05,PLN
SO-2024-014520,1,2024-11-08,2024-11-08,PL-WAW-02,,VM-ACC-0010,2,244.99,0.0,PLN
SO-2024-014520,2,2024-11-08,2024-11-08,PL-WAW-02,,VM-APP-0013,1,431.19,0.0,PLN
SO-2024-014521,1,2024-11-08,2024-11-08,PL-WAW-02,C011487,VM-APP-0006,2,303.79,0.0,PLN
SO-2024-014521,2,2024-11-08,2024-11-08,PL-WAW-02,C011487,VM-NUT-0004,12,6.85,0.0,PLN
SO-2024-014521,3,2024-11-08,2024-11-08,PL-WAW-02,C011487,VM-APP-0008,2,156.79,0.0,PLN
SO-2024-014522,1,2024-11-08,2024-11-08,PL-WAW-02,,VM-CMP-0013,2,519.39,0.0,PLN
SO-2024-014522,2,2024-11-08,2024-11-08,PL-WAW-02,,VM-APP-0009,1,342.99,0.0,PLN
SO-2024-014522,3,2024-11-08,2024-11-08,PL-WAW-02,,VM-APP-0006,3,303.79,0.0,PLN
SO-2024-014523,1,2024-11-08,2024-11-08,PL-KRK-01,C011861,VM-CMP-0004,3,705.59,0.12,PLN
SO-2024-014523,2,2024-11-08,2024-11-08,PL-KRK-01,C011861,VM-ACC-0002,3,597.79,0.1,PLN
SO-2024-014524,1,2024-11-08,2024-11-08,PL-KRK-01,,VM-APP-0006,3,303.79,0.0,PLN
SO-2024-014524,2,2024-11-08,2024-11-08,PL-KRK-01,,VM-CMP-0004,1,705.59,0.0,PLN
SO-2024-014524,3,2024-11-08,2024-11-08,PL-KRK-01,,VM-APP-0013,1,431.19,0.0,PLN
SO-2024-014525,1,2024-11-08,2024-11-08,PL-WRO-01,,VM-APP-0002,1,431.19,0.0,PLN
SO-2024-014525,2,2024-11-08,2024-11-08,PL-WRO-01,,VM-CMP-0006,2,195.99,0.0,PLN
SO-2024-014526,1,2024-11-08,2024-11-08,PL-WRO-01,C010580,VM-NUT-0009,2,83.29,0.0,PLN
SO-2024-014527,1,2024-11-08,2024-11-08,PL-WRO-01,C007369,VM-CMP-0005,1,1450.39,0.0,PLN
SO-2024-014528,1,2024-11-08,2024-11-08,PL-WRO-01,C004056,VM-APP-0006,1,303.79,0.0,PLN
SO-2024-014528,2,2024-11-08,2024-11-08,PL-WRO-01,C004056,VM-APP-0019,1,64.67,0.0,PLN
SO-2024-014529,1,2024-11-08,2024-11-08,PL-WRO-01,C008956,VM-NUT-0006,3,9.79,0.1,PLN
SO-2024-014529,2,2024-11-08,2024-11-08,PL-WRO-01,C008956,VM-APP-0013,1,431.19,0.0,PLN
SO-2024-014530,1,2024-11-08,2024-11-08,PL-WRO-01,,VM-CMP-0019,1,205.79,0.0,PLN
SO-2024-014531,1,2024-11-08,2024-11-08,PL-GDN-01,C001179,VM-APP-0010,2,166.59,0.0,PLN
SO-2024-014532,1,2024-11-08,2024-11-08,PL-GDN-01,,VM-APP-0004,2,235.19,0.0,PLN
SO-2024-014532,2,2024-11-08,2024-11-08,PL-GDN-01,,VM-ACC-0003,1,284.19,0.0,PLN
SO-2024-014532,3,2024-11-08,2024-11-08,PL-GDN-01,,VM-CMP-0021,4,47.03,0.0,PLN
SO-2024-014533,1,2024-11-08,2024-11-08,PL-POZ-01,C000255,VM-NUT-0007,12,12.73,0.05,PLN
SO-2024-014533,2,2024-11-08,2024-11-08,PL-POZ-01,C000255,VM-NUT-0004,12,6.85,0.05,PLN
SO-2024-014534,1,2024-11-08,2024-11-08,PL-POZ-01,C011862,VM-APP-0015,1,558.59,0.0,PLN
SO-2024-014535,1,2024-11-08,2024-11-08,PL-POZ-01,C010203,VM-APP-0009,2,342.99,0.05,PLN
SO-2024-014535,2,2024-11-08,2024-11-08,PL-POZ-01,C010203,VM-BIK-0013,1,4703.99,0.05,PLN
SO-2024-014536,1,2024-11-08,2024-11-08,PL-LDZ-01,,VM-APP-0007,2,156.79,0.0,PLN
SO-2024-014537,1,2024-11-08,2024-11-08,PL-LDZ-01,C011863,VM-NUT-0009,1,83.29,0.0,PLN
SO-2024-014537,2,2024-11-08,2024-11-08,PL-LDZ-01,C011863,VM-APP-0006,1,303.79,0.0,PLN
SO-2024-014538,1,2024-11-08,2024-11-10,PL-WEB-01,C011864,VM-BIK-0017,1,1871.79,0.1,PLN
SO-2024-014539,1,2024-11-08,2024-11-09,PL-WEB-01,C003301,VM-CMP-0011,2,156.79,0.0,PLN
SO-2024-014540,1,2024-11-08,2024-11-12,PL-WEB-01,C004672,VM-APP-0017,1,186.19,0.05,PLN
SO-2024-014541,1,2024-11-08,2024-11-09,PL-WEB-01,C007009,VM-ACC-0019,1,48.99,0.0,PLN
SO-2024-014542,1,2024-11-08,2024-11-12,PL-WEB-01,C002590,VM-BIK-0009,1,5527.19,0.0,PLN
SO-2024-014542,2,2024-11-08,2024-11-12,PL-WEB-01,C002590,VM-ACC-0008,2,391.99,0.0,PLN
SO-2024-014542,3,2024-11-08,2024-11-12,PL-WEB-01,C002590,VM-ACC-0014,1,107.79,0.0,PLN
SO-2024-014542,4,2024-11-08,2024-11-12,PL-WEB-01,C002590,VM-ACC-0002,1,597.79,0.0,PLN
SO-2024-014543,1,2024-11-08,2024-11-09,PL-WEB-01,C011865,VM-NUT-0004,12,6.85,0.0,PLN
SO-2024-014544,1,2024-11-08,2024-11-11,PL-WEB-01,C005633, VM-CMP-0019 ,3,205.79,0.05,PLN
SO-2024-014544,2,2024-11-08,2024-11-11,PL-WEB-01,C005633,VM-APP-0017,1,186.19,0.05,PLN
SO-2024-014544,3,2024-11-08,2024-11-11,PL-WEB-01,C005633,VM-ACC-0007,2,352.79,0.05,PLN
SO-2024-014545,1,2024-11-08,2024-11-09,PL-WEB-01,C011866,VM-CMP-0008,2,431.19,0.05,PLN
SO-2024-014546,1,2024-11-08,2024-11-09,PL-WEB-01,C011867,VM-NUT-0002,5,14.69,0.05,PLN
SO-2024-014546,2,2024-11-08,2024-11-09,PL-WEB-01,C011867,VM-NUT-0004,3,6.85,0.0,PLN
SO-2024-014547,1,2024-11-08,2024-11-09,PL-MKT-01,C007184,VM-ACC-0010,4,244.99,0.1,PLN
SO-2024-014547,2,2024-11-08,2024-11-09,PL-MKT-01,C007184,VM-BIK-0013,2,4703.99,0.12,PLN
SO-2024-014548,1,2024-11-08,2024-11-11,PL-MKT-01,C011868,VM-CMP-0009,1,342.99,0.0,PLN
SO-2024-014549,1,2024-11-08,2024-11-08,CZ-PRG-01,C006128,VM-EBK-0008,1,85439.0,0.0,CZK
SO-2024-014550,1,2024-11-08,2024-11-08,CZ-PRG-01,,VM-CMP-0011,2,905.0,0.0,CZK
SO-2024-014551,1,2024-11-08,2024-11-08,CZ-PRG-01,C011832,VM-APP-0007,2,905.0,0.0,CZK
SO-2024-014551,2,2024-11-08,2024-11-08,CZ-PRG-01,C011832,VM-EBK-0003,1,51433.0,0.0,CZK
SO-2024-014552,1,2024-11-08,2024-11-08,CZ-PRG-01,C011869,VM-ACC-0019,2,283.0,0.0,CZK
SO-2024-014552,2,2024-11-08,2024-11-08,CZ-PRG-01,C011869,VM-ACC-0008,1,2263.0,0.0,CZK
SO-2024-014553,1,2024-11-08,2024-11-08,CZ-PRG-01,,VM-APP-0002,2,2490.0,0.0,CZK
SO-2024-014554,1,2024-11-08,2024-11-11,CZ-WEB-01,C003496,VM-CMP-0017,1,2829.0,0.05,CZK
SO-2024-014555,1,2024-11-08,2024-11-12,CZ-WEB-01,C008846,VM-ACC-0014,1,622.0,0.05,CZK
SO-2024-014556,1,2024-11-08,2024-11-09,CZ-WEB-01,C009967,VM-ACC-0002,1,3451.0,0.0,CZK
SO-2024-014556,2,2024-11-08,2024-11-09,CZ-WEB-01,C009967,VM-NUT-0009,4,481.0,0.0,CZK
SO-2024-014557,1,2024-11-08,2024-11-09,CZ-WEB-01,C011870,VM-ACC-0020,4,4583.0,0.1,CZK
SO-2024-014557,2,2024-11-08,2024-11-09,CZ-WEB-01,C011870,VM-ACC-0005,2,1018.0,0.08,CZK
SO-2024-014557,3,2024-11-08,2024-11-09,CZ-WEB-01,C011870,VM-APP-0018,6,736.0,0.1,CZK
SO-2024-014557,4,2024-11-08,2024-11-09,CZ-WEB-01,C011870,VM-APP-0012,5,4923.0,0.1,CZK
SO-2024-014558,1,2024-11-08,2024-11-08,DE-BER-01,C006012,VM-APP-0006,1,71.14,0.0,EUR
SO-2024-014558,2,2024-11-08,2024-11-08,DE-BER-01,C006012,VM-CMP-0009,1,80.32,0.0,EUR
SO-2024-014559,1,2024-11-08,2024-11-09,DE-WEB-01,C011871,VM-ACC-0008,1,91.79,0.0,EUR
SO-2024-014560,1,2024-11-08,2024-11-12,DE-WEB-01,C011872,VM-BIK-0011,1,1985.1,0.0,EUR
SO-2024-014561,1,2024-11-08,2024-11-09,DE-WEB-01,C011216,VM-BIK-0012,1,2710.3,0.0,EUR
SO-2024-014561,2,2024-11-08,2024-11-09,DE-WEB-01,C011216,VM-ACC-0008,1,91.79,0.0,EUR
SO-2024-014561,3,2024-11-08,2024-11-09,DE-WEB-01,C011216,vm-acc-0012,1,16.52,0.0,EUR
SO-2024-014561,4,2024-11-08,2024-11-09,DE-WEB-01,C011216,VM-CMP-0013,1,121.63,0.0,EUR
SO-2024-014562,1,2024-11-08,2024-11-12,DE-WEB-01,C011814,VM-APP-0006,2,71.14,0.0,EUR
SO-2024-014563,1,2024-11-08,2024-11-09,DE-WEB-01,C006906,VM-APP-0008,1,36.72,0.0,EUR
SO-2024-014563,2,2024-11-08,2024-11-09,DE-WEB-01,C006906,VM-NUT-0009,4,19.5,0.0,EUR
SO-2024-014564,1,2024-11-08,2024-11-11,DE-WEB-01,C002138,VM-ACC-0022,1,360.3,0.0,EUR
SO-2024-014564,2,2024-11-08,2024-11-11,DE-WEB-01,C002138,VM-EBK-0009,1,2274.26,0.0,EUR
SO-2024-014564,3,2024-11-08,2024-11-11,DE-WEB-01,C002138,VM-NUT-0002,7,3.44,0.0,EUR
SO-2024-014565,1,2024-11-08,2024-11-12,DE-WEB-01,C008019,VM-ACC-0019,1,11.47,0.0,EUR
SO-2024-014565,2,2024-11-08,2024-11-12,DE-WEB-01,C008019,VM-CMP-0022,3,8.26,0.0,EUR
SO-2024-014565,3,2024-11-08,2024-11-12,DE-WEB-01,C008019,VM-APP-0015,1,130.81,0.0,EUR
SO-2024-014566,1,2024-11-09,2024-11-09,PL-WAW-01,C011873,VM-ACC-0008,1,391.99,0.0,PLN
SO-2024-014567,1,2024-11-09,2024-11-09,PL-WAW-01,C010996,VM-EBK-0008,1,14797.99,0.0,PLN
SO-2024-014567,2,2024-11-09,2024-11-09,PL-WAW-01,C010996,VM-ACC-0007,1,352.79,0.0,PLN
SO-2024-014567,3,2024-11-09,2024-11-09,PL-WAW-01,C010996,VM-ACC-0008,2,391.99,0.0,PLN
SO-2024-014568,1,2024-11-09,2024-11-09,PL-WAW-01,C011874,VM-EBK-0008,1,14797.99,0.0,PLN
SO-2024-014569,1,2024-11-09,2024-11-09,PL-WAW-01,C011875,VM-ACC-0002,2,597.79,0.0,PLN
SO-2024-014570,1,2024-11-09,2024-11-09,PL-WAW-01,C009333,VM-APP-0006,1,303.79,0.0,PLN
SO-2024-014570,2,2024-11-09,2024-11-09,PL-WAW-01,C009333,VM-NUT-0003,7,10.77,0.0,PLN
SO-2024-014570,3,2024-11-09,2024-11-09,PL-WAW-01,C009333,VM-APP-0002,2,431.19,0.1,PLN
SO-2024-014571,1,2024-11-09,2024-11-09,PL-WAW-01,C010660,VM-BIK-0017,1,1871.79,0.0,PLN
SO-2024-014572,1,2024-11-09,2024-11-09,PL-WAW-01,,VM-ACC-0001,2,372.39,0.0,PLN
SO-2024-014572,2,2024-11-09,2024-11-09,PL-WAW-01,,VM-CMP-0019,2,205.79,0.0,PLN
SO-2024-014573,1,2024-11-09,2024-11-09,PL-WAW-01,C006846,VM-APP-0006,2,303.79,0.0,PLN
SO-2024-014573,2,2024-11-09,2024-11-09,PL-WAW-01,C006846,VM-APP-0017,1,186.19,0.0,PLN
SO-2024-014574,1,2024-11-09,2024-11-09,PL-WAW-01,C005859,VM-CMP-0019,8,205.79,0.12,PLN
SO-2024-014575,1,2024-11-09,2024-11-09,PL-WAW-01,C011876,VM-BIK-0016,1,3518.19,0.0,PLN
SO-2024-014575,2,2024-11-09,2024-11-09,PL-WAW-01,C011876,VM-ACC-0007,1,352.79,0.0,PLN
SO-2024-014576,1,2024-11-09,2024-11-09,PL-WAW-02,C011877,VM-APP-0013,1,431.19,0.05,PLN
SO-2024-014576,2,2024-11-09,2024-11-09,PL-WAW-02,C011877,VM-CMP-0009,1,342.99,0.05,PLN
SO-2024-014576,3,2024-11-09,2024-11-09,PL-WAW-02,C011877,VM-APP-0003,3,303.79,0.05,PLN
SO-2024-014577,1,2024-11-09,2024-11-09,PL-WAW-02,C011878,VM-CMP-0006,1,195.99,0.0,PLN
SO-2024-014577,2,2024-11-09,2024-11-09,PL-WAW-02,C011878,VM-EBK-0007,1,14405.99,0.0,PLN
SO-2024-014578,1,2024-11-09,2024-11-09,PL-WAW-02,C011879,VM-CMP-0006,1,195.99,0.0,PLN
SO-2024-014579,1,2024-11-09,2024-11-09,PL-WAW-02,,VM-APP-0005,2,176.39,0.0,PLN
SO-2024-014580,1,2024-11-09,2024-11-09,PL-WAW-02,C011880,VM-ACC-0008,2,391.99,0.0,PLN
SO-2024-014580,2,2024-11-09,2024-11-09,PL-WAW-02,C011880,VM-CMP-0013,1,519.39,0.0,PLN
SO-2024-014581,1,2024-11-09,2024-11-09,PL-WAW-02,C003320,VM-BIK-0020,1,1185.79,0.0,PLN
SO-2024-014581,2,2024-11-09,2024-11-09,PL-WAW-02,C003320,VM-ACC-0008,2,391.99,0.0,PLN
SO-2024-014581,3,2024-11-09,2024-11-09,PL-WAW-02,C003320,VM-ACC-0018,1,48.99,0.0,PLN
SO-2024-014582,1,2024-11-09,2024-11-09,PL-WAW-02,C008180,VM-APP-0010,1,166.59,0.0,PLN
SO-2024-014582,2,2024-11-09,2024-11-09,PL-WAW-02,C008180,VM-APP-0006,2,303.79,0.0,PLN
SO-2024-014583,1,2024-11-09,2024-11-09,PL-WAW-02,,VM-BIK-0018,1,2351.99,0.0,PLN
SO-2024-014584,1,2024-11-09,2024-11-09,PL-KRK-01,C011881,VM-APP-0006,2,303.79,0.05,PLN
SO-2024-014584,2,2024-11-09,2024-11-09,PL-KRK-01,C011881, VM-ACC-0001 ,1,372.39,0.05,PLN
SO-2024-014585,1,2024-11-09,2024-11-09,PL-KRK-01,C001634,VM-APP-0003,1,303.79,0.0,PLN
SO-2024-014586,1,2024-11-09,2024-11-09,PL-KRK-01,,VM-APP-0013,1,431.19,0.0,PLN
SO-2024-014587,1,2024-11-09,2024-11-09,PL-WRO-01,,VM-ACC-0019,2,48.99,0.0,PLN
SO-2024-014588,1,2024-11-09,2024-11-09,PL-WRO-01,,VM-ACC-0019,1,48.99,0.0,PLN
SO-2024-014589,1,2024-11-09,2024-11-09,PL-WRO-01,C011882,VM-NUT-0004,4,6.85,0.0,PLN
SO-2024-014590,1,2024-11-09,2024-11-09,PL-WRO-01,,VM-EBK-0009,1,9711.79,0.0,PLN
SO-2024-014590,2,2024-11-09,2024-11-09,PL-WRO-01,,VM-NUT-0006,12,9.79,0.0,PLN
SO-2024-014590,3,2024-11-09,2024-11-09,PL-WRO-01,,VM-EBK-0007,1,14405.99,0.0,PLN
SO-2024-014590,4,2024-11-09,2024-11-09,PL-WRO-01,,VM-APP-0017,2,186.19,0.0,PLN
SO-2024-014591,1,2024-11-09,2024-11-09,PL-GDN-01,C007558,VM-CMP-0020,4,254.79,0.05,PLN
SO-2024-014591,2,2024-11-09,2024-11-09,PL-GDN-01,C007558,VM-APP-0010,1,166.59,0.05,PLN
SO-2024-014592,1,2024-11-09,2024-11-09,PL-GDN-01,C002985,VM-CMP-0005,1,1450.39,0.0,PLN
SO-2024-014592,2,2024-11-09,2024-11-09,PL-GDN-01,C002985,VM-APP-0008,1,156.79,0.0,PLN
SO-2024-014593,1,2024-11-09,2024-11-09,PL-GDN-01,C008782,VM-APP-0019,2,64.67,0.0,PLN
SO-2024-014594,1,2024-11-09,2024-11-09,PL-GDN-01,C004735,vm-acc-0006,10,930.99,0.08,PLN
SO-2024-014595,1,2024-11-09,2024-11-09,PL-GDN-01,,VM-APP-0005,1,176.39,0.0,PLN
SO-2024-014595,2,2024-11-09,2024-11-09,PL-GDN-01,,VM-APP-0002,2,431.19,0.0,PLN
SO-2024-014595,3,2024-11-09,2024-11-09,PL-GDN-01,,VM-NUT-0001,13,8.81,0.0,PLN
SO-2024-014595,4,2024-11-09,2024-11-09,PL-GDN-01,,VM-NUT-0009,3,83.29,0.0,PLN
SO-2024-014596,1,2024-11-09,2024-11-09,PL-GDN-01,,VM-BIK-0007,1,6908.99,0.0,PLN
SO-2024-014596,2,2024-11-09,2024-11-09,PL-GDN-01,,VM-APP-0006,2,303.79,0.0,PLN
SO-2024-014596,3,2024-11-09,2024-11-09,PL-GDN-01,,VM-ACC-0010,1,244.99,0.0,PLN
SO-2024-014597,1,2024-11-09,2024-11-09,PL-POZ-01,C007545,vm-nut-0002,6,14.69,0.0,PLN
SO-2024-014597,2,2024-11-09,2024-11-09,PL-POZ-01,C007545,VM-APP-0004,3,235.19,0.0,PLN
SO-2024-014597,3,2024-11-09,2024-11-09,PL-POZ-01,C007545,VM-ACC-0020,1,793.79,0.0,PLN
SO-2024-014597,4,2024-11-09,2024-11-09,PL-POZ-01,C007545, VM-APP-0002 ,1,431.19,0.0,PLN
SO-2024-014598,1,2024-11-09,2024-11-09,PL-POZ-01,,VM-BIK-0008,1,5203.79,0.0,PLN
SO-2024-014599,1,2024-11-09,2024-11-09,PL-POZ-01,C004985,VM-APP-0010,3,166.59,0.08,PLN
SO-2024-014599,2,2024-11-09,2024-11-09,PL-POZ-01,C004985,VM-CMP-0016,3,2410.79,0.12,PLN
SO-2024-014599,3,2024-11-09,2024-11-09,PL-POZ-01,C004985,VM-ACC-0002,3,597.79,0.12,PLN
SO-2024-014599,4,2024-11-09,2024-11-09,PL-POZ-01,C004985,VM-CMP-0014,4,421.39,0.08,PLN
SO-2024-014600,1,2024-11-09,2024-11-09,PL-POZ-01,C011883,VM-APP-0006,3,303.79,0.0,PLN
SO-2024-014600,2,2024-11-09,2024-11-09,PL-POZ-01,C011883,VM-NUT-0001,7,8.81,0.0,PLN
SO-2024-014601,1,2024-11-09,2024-11-09,PL-POZ-01,,VM-ACC-0021,1,764.39,0.0,PLN
SO-2024-014602,1,2024-11-09,2024-11-09,PL-POZ-01,C011884,VM-ACC-0022,1,1538.59,0.0,PLN
SO-2024-014602,2,2024-11-09,2024-11-09,PL-POZ-01,C011884,VM-CMP-0016,1,2410.79,0.0,PLN
SO-2024-014602,3,2024-11-09,2024-11-09,PL-POZ-01,C011884,VM-APP-0004,2,235.19,0.0,PLN
SO-2024-014602,4,2024-11-09,2024-11-09,PL-POZ-01,C011884,VM-ACC-0013,1,166.59,0.0,PLN
SO-2024-014603,1,2024-11-09,2024-11-09,PL-LDZ-01,,VM-ACC-0008,1,391.99,0.0,PLN
SO-2024-014604,1,2024-11-09,2024-11-09,PL-LDZ-01,,VM-APP-0010,1,166.59,0.0,PLN
SO-2024-014605,1,2024-11-09,2024-11-09,PL-LDZ-01,,VM-APP-0006,1,303.79,0.0,PLN
SO-2024-014606,1,2024-11-09,2024-11-09,PL-LDZ-01,,VM-APP-0010,1,166.59,0.0,PLN
SO-2024-014607,1,2024-11-09,2024-11-09,PL-LDZ-01,,VM-APP-0010,1,166.59,0.0,PLN
SO-2024-014608,1,2024-11-09,2024-11-12,PL-WEB-01,C011449,VM-APP-0012,3,852.59,0.08,PLN
SO-2024-014608,2,2024-11-09,2024-11-12,PL-WEB-01,C011449,VM-APP-0010,5,166.59,0.12,PLN
SO-2024-014608,3,2024-11-09,2024-11-12,PL-WEB-01,C011449,VM-NUT-0004,40,6.85,0.12,PLN
SO-2024-014608,4,2024-11-09,2024-11-12,PL-WEB-01,C011449,VM-APP-0013,4,431.19,0.12,PLN
SO-2024-014609,1,2024-11-09,2024-11-11,PL-WEB-01,C004772,VM-BIK-0009,1,5527.19,0.0,PLN
SO-2024-014609,2,2024-11-09,2024-11-11,PL-WEB-01,C004772,VM-ACC-0008,2,391.99,0.0,PLN
SO-2024-014610,1,2024-11-09,2024-11-11,PL-WEB-01,C008409,VM-APP-0020,2,176.39,0.0,PLN
SO-2024-014610,2,2024-11-09,2024-11-11,PL-WEB-01,C008409,VM-ACC-0014,1,107.79,0.0,PLN
SO-2024-014610,3,2024-11-09,2024-11-11,PL-WEB-01,C008409,VM-NUT-0001,12,8.81,0.0,PLN
SO-2024-014611,1,2024-11-09,2024-11-13,PL-WEB-01,C011885,VM-EBK-0003,1,8908.19,0.0,PLN
SO-2024-014611,2,2024-11-09,2024-11-13,PL-WEB-01,C011885,VM-ACC-0007,1,352.79,0.0,PLN
SO-2024-014612,1,2024-11-09,2024-11-13,PL-WEB-01,C006477,VM-APP-0002,15,431.19,0.08,PLN
SO-2024-014612,2,2024-11-09,2024-11-13,PL-WEB-01,C006477,VM-ACC-0020,5,793.79,0.08,PLN
SO-2024-014613,1,2024-11-09,2024-11-12,PL-WEB-01,C011886,VM-ACC-0013,1,166.59,0.0,PLN
SO-2024-014613,2,2024-11-09,2024-11-12,PL-WEB-01,C011886, VM-CMP-0010 ,2,382.19,0.0,PLN
SO-2024-014613,3,2024-11-09,2024-11-12,PL-WEB-01,C011886,VM-EBK-0011,1,14347.19,0.0,PLN
SO-2024-014614,1,2024-11-09,2024-11-10,PL-WEB-01,C002555,VM-ACC-0003,1,284.19,0.0,PLN
SO-2024-014615,1,2024-11-09,2024-11-10,PL-WEB-01,C011887,VM-ACC-0006,1,930.99,0.0,PLN
SO-2024-014616,1,2024-11-09,2024-11-11,PL-WEB-01,C011888,VM-CMP-0007,2,617.39,0.0,PLN
SO-2024-014616,2,2024-11-09,2024-11-11,PL-WEB-01,C011888,VM-APP-0016,1,597.79,0.0,PLN
SO-2024-014617,1,2024-11-09,2024-11-12,PL-WEB-01,C011889,vm-app-0004,2,235.19,0.0,PLN
SO-2024-014617,2,2024-11-09,2024-11-12,PL-WEB-01,C011889,VM-APP-0010,2,166.59,0.0,PLN
SO-2024-014618,1,2024-11-09,2024-11-11,PL-MKT-01,C011890,VM-CMP-0015,1,901.59,0.0,PLN
SO-2024-014619,1,2024-11-09,2024-11-12,PL-MKT-01,C002123,VM-CMP-0012,1,529.19,0.05,PLN
SO-2024-014620,1,2024-11-09,2024-11-11,PL-MKT-01,C011891,VM-CMP-0018,3,60.75,0.0,PLN
SO-2024-014620,2,2024-11-09,2024-11-11,PL-MKT-01,C011891,VM-CMP-0010,2,382.19,0.0,PLN
SO-2024-014621,1,2024-11-09,2024-11-13,PL-MKT-01,C008163,VM-BIK-0022,1,1371.99,0.0,PLN
SO-2024-014622,1,2024-11-09,2024-11-12,PL-MKT-01,C009281,VM-CMP-0013,2,519.39,0.0,PLN
SO-2024-014622,2,2024-11-09,2024-11-12,PL-MKT-01,C009281,VM-NUT-0002,10,14.69,0.0,PLN
SO-2024-014623,1,2024-11-09,2024-11-12,PL-MKT-01,C007974,VM-NUT-0006,7,9.79,0.0,PLN
SO-2024-014624,1,2024-11-09,2024-11-11,PL-MKT-01,C002985,VM-NUT-0001,3,8.81,0.0,PLN
SO-2024-014624,2,2024-11-09,2024-11-11,PL-MKT-01,C002985,VM-NUT-0007,5,12.73,0.0,PLN
SO-2024-014625,1,2024-11-09,2024-11-09,CZ-PRG-01,C009911,VM-ACC-0008,1,2263.0,0.05,CZK
SO-2024-014625,2,2024-11-09,2024-11-09,CZ-PRG-01,C009911,VM-APP-0002,3,2490.0,0.0,CZK
SO-2024-014626,1,2024-11-09,2024-11-09,CZ-PRG-01,C007739,VM-NUT-0004,70,40.0,0.12,CZK
SO-2024-014626,2,2024-11-09,2024-11-09,CZ-PRG-01,C007739,VM-ACC-0008,2,2263.0,0.12,CZK
SO-2024-014627,1,2024-11-09,2024-11-09,CZ-PRG-01,C011892,VM-CMP-0017,1,2829.0,0.0,CZK
SO-2024-014627,2,2024-11-09,2024-11-09,CZ-PRG-01,C011892,VM-ACC-0020,1,4583.0,0.0,CZK
SO-2024-014627,3,2024-11-09,2024-11-09,CZ-PRG-01,C011892,vm-app-0010,2,962.0,0.0,CZK
SO-2024-014628,1,2024-11-09,2024-11-12,CZ-WEB-01,C011893,VM-APP-0006,2,1754.0,0.0,CZK
SO-2024-014629,1,2024-11-09,2024-11-09,DE-BER-01,C011894,VM-BIK-0016,1,823.87,0.05,EUR
SO-2024-014629,2,2024-11-09,2024-11-09,DE-BER-01,C011894,vm-nut-0001,4,2.06,0.05,EUR
SO-2024-014630,1,2024-11-09,2024-11-09,DE-BER-01,C011067,VM-NUT-0002,7,3.44,0.0,EUR
SO-2024-014630,2,2024-11-09,2024-11-09,DE-BER-01,C011067,VM-BIK-0012,1,2710.3,0.0,EUR
SO-2024-014630,3,2024-11-09,2024-11-09,DE-BER-01,C011067,VM-CMP-0013,2,121.63,0.0,EUR
SO-2024-014630,4,2024-11-09,2024-11-09,DE-BER-01,C011067,VM-APP-0006,2,71.14,0.0,EUR
SO-2024-014631,1,2024-11-09,2024-11-09,DE-BER-01,C004048,VM-BIK-0012,1,2710.3,0.0,EUR
SO-2024-014631,2,2024-11-09,2024-11-09,DE-BER-01,C004048,VM-ACC-0008,1,91.79,0.0,EUR
SO-2024-014631,3,2024-11-09,2024-11-09,DE-BER-01,C004048,VM-ACC-0005,2,41.31,0.0,EUR
SO-2024-014632,1,2024-11-09,2024-11-09,DE-BER-01,,VM-NUT-0001,3,2.06,0.0,EUR
SO-2024-014632,2,2024-11-09,2024-11-09,DE-BER-01,,VM-ACC-0010,1,57.37,0.05,EUR
SO-2024-014632,3,2024-11-09,2024-11-09,DE-BER-01,,VM-APP-0018,1,29.83,0.0,EUR
SO-2024-014632,4,2024-11-09,2024-11-09,DE-BER-01,,VM-APP-0020,1,41.31,0.0,EUR
SO-2024-014633,1,2024-11-09,2024-11-09,DE-BER-01,C011895,VM-ACC-0008,1,91.79,0.0,EUR
SO-2024-014634,1,2024-11-09,2024-11-09,DE-BER-01,,VM-ACC-0003,2,66.55,0.0,EUR
SO-2024-014634,2,2024-11-09,2024-11-09,DE-BER-01,,VM-APP-0005,3,41.31,0.0,EUR
SO-2024-014635,1,2024-11-09,2024-11-10,DE-WEB-01,C011896,VM-APP-0013,2,100.97,0.08,EUR
SO-2024-014636,1,2024-11-09,2024-11-11,DE-WEB-01,C010275,VM-NUT-0003,6,2.52,0.0,EUR
SO-2024-014637,1,2024-11-10,2024-11-12,PL-WEB-01,C011897,VM-ACC-0005,1,176.39,0.0,PLN
SO-2024-014638,1,2024-11-10,2024-11-12,PL-WEB-01,C011898,VM-APP-0013,1,431.19,0.0,PLN
SO-2024-014638,2,2024-11-10,2024-11-12,PL-WEB-01,C011898,VM-NUT-0001,9,8.81,0.05,PLN
SO-2024-014639,1,2024-11-10,2024-11-12,PL-WEB-01,C011899,VM-APP-0002,2,431.19,0.1,PLN
SO-2024-014640,1,2024-11-10,2024-11-14,PL-WEB-01,C009430,VM-NUT-0006,7,9.79,0.0,PLN
SO-2024-014640,2,2024-11-10,2024-11-14,PL-WEB-01,C009430,VM-APP-0016,1,597.79,0.0,PLN
SO-2024-014641,1,2024-11-10,2024-11-14,PL-WEB-01,C009068,VM-NUT-0002,15,14.69,0.0,PLN
SO-2024-014641,2,2024-11-10,2024-11-14,PL-WEB-01,C009068,VM-CMP-0017,1,489.99,0.0,PLN
SO-2024-014641,3,2024-11-10,2024-11-14,PL-WEB-01,C009068,VM-ACC-0008,2,391.99,0.0,PLN
SO-2024-014642,1,2024-11-10,2024-11-14,PL-WEB-01,C010928,VM-APP-0017,1,186.19,0.0,PLN
SO-2024-014642,2,2024-11-10,2024-11-14,PL-WEB-01,C010928,VM-ACC-0007,2,352.79,0.0,PLN
SO-2024-014642,3,2024-11-10,2024-11-14,PL-WEB-01,C010928,VM-APP-0010,2,166.59,0.0,PLN
SO-2024-014642,4,2024-11-10,2024-11-14,PL-WEB-01,C010928,VM-NUT-0006,4,9.79,0.0,PLN
SO-2024-014643,1,2024-11-10,2024-11-14,PL-WEB-01,C008180,VM-ACC-0008,2,391.99,0.1,PLN
SO-2024-014644,1,2024-11-10,2024-11-12,PL-MKT-01,C000566,VM-APP-0008,1,156.79,0.0,PLN
SO-2024-014644,2,2024-11-10,2024-11-12,PL-MKT-01,C000566,VM-EBK-0009,1,9711.79,0.0,PLN
SO-2024-014644,3,2024-11-10,2024-11-12,PL-MKT-01,C000566,VM-APP-0010,1,166.59,0.0,PLN
SO-2024-014645,1,2024-11-10,2024-11-13,PL-MKT-01,C008545,VM-BIK-0009,1,5527.19,0.0,PLN
SO-2024-014645,2,2024-11-10,2024-11-13,PL-MKT-01,C008545,VM-ACC-0008,2,391.99,0.0,PLN
SO-2024-014646,1,2024-11-10,2024-11-11,PL-MKT-01,C011900,VM-BIK-0004,1,4184.59,0.1,PLN
SO-2024-014647,1,2024-11-10,2024-11-14,PL-MKT-01,C011901,VM-ACC-0006,1,930.99,0.0,PLN
SO-2024-014647,2,2024-11-10,2024-11-14,PL-MKT-01,C011901,VM-BIK-0006,1,6458.19,0.1,PLN
SO-2024-014648,1,2024-11-10,2024-11-13,PL-MKT-01,C011902,VM-APP-0019,2,64.67,0.0,PLN
SO-2024-014648,2,2024-11-10,2024-11-13,PL-MKT-01,C011902,VM-CMP-0022,3,35.27,0.0,PLN
SO-2024-014649,1,2024-11-10,2024-11-14,PL-MKT-01,C007820,VM-APP-0011,1,401.79,0.05,PLN
SO-2024-014649,2,2024-11-10,2024-11-14,PL-MKT-01,C007820,VM-APP-0012,1,852.59,0.05,PLN
SO-2024-014650,1,2024-11-10,2024-11-14,PL-MKT-01,C011903,VM-BIK-0004,1,4184.59,0.0,PLN
SO-2024-014650,2,2024-11-10,2024-11-14,PL-MKT-01,C011903,VM-ACC-0001,2,372.39,0.0,PLN
SO-2024-014650,3,2024-11-10,2024-11-14,PL-MKT-01,C011903,VM-EBK-0010,1,13220.19,0.0,PLN
SO-2024-014651,1,2024-11-10,2024-11-10,CZ-BRN-01,,VM-BIK-0009,1,31912.0,0.0,CZK
SO-2024-014652,1,2024-11-10,2024-11-10,CZ-BRN-01,C011810,VM-APP-0014,1,2772.0,0.05,CZK
SO-2024-014653,1,2024-11-10,2024-11-14,CZ-WEB-01,C011904,VM-ACC-0006,2,5375.0,0.05,CZK
SO-2024-014653,2,2024-11-10,2024-11-14,CZ-WEB-01,C011904,VM-EBK-0008,1,85439.0,0.05,CZK
SO-2024-014653,3,2024-11-10,2024-11-14,CZ-WEB-01,C011904,VM-NUT-0002,13,85.0,0.05,CZK
SO-2024-014654,1,2024-11-10,2024-11-11,CZ-WEB-01,C011905,VM-BIK-0003,1,37005.0,0.0,CZK
SO-2024-014654,2,2024-11-10,2024-11-11,CZ-WEB-01,C011905,VM-ACC-0007,2,2037.0,0.0,CZK
SO-2024-014655,1,2024-11-10,2024-11-11,CZ-WEB-01,C011906,VM-NUT-0003,5,62.0,0.0,CZK
SO-2024-014656,1,2024-11-10,2024-11-13,CZ-WEB-01,C009629,VM-NUT-0004,11,40.0,0.05,CZK
SO-2024-014657,1,2024-11-10,2024-11-12,DE-WEB-01,C008244,VM-ACC-0013,1,39.01,0.0,EUR
SO-2024-014657,2,2024-11-10,2024-11-12,DE-WEB-01,C008244,VM-CMP-0012,2,123.92,0.0,EUR
SO-2024-014658,1,2024-11-10,2024-11-14,DE-WEB-01,C011907,VM-APP-0015,1,130.81,0.0,EUR
SO-2024-014658,2,2024-11-10,2024-11-14,DE-WEB-01,C011907,VM-APP-0018,1,29.83,0.0,EUR
SO-2024-014659,1,2024-11-10,2024-11-13,DE-WEB-01,C011642,VM-NUT-0009,3,19.5,0.0,EUR
SO-2024-014659,2,2024-11-10,2024-11-13,DE-WEB-01,C011642,VM-NUT-0003,15,2.52,0.0,EUR
SO-2024-014659,3,2024-11-10,2024-11-13,DE-WEB-01,C011642,VM-ACC-0014,1,25.24,0.0,EUR
SO-2024-014660,1,2024-11-10,2024-11-11,DE-WEB-01,C005517,VM-APP-0012,1,199.66,0.0,EUR
SO-2024-014660,2,2024-11-10,2024-11-11,DE-WEB-01,C005517,VM-ACC-0006,1,218.02,0.0,EUR
SO-2024-014661,1,2024-11-10,2024-11-12,DE-WEB-01,C011908,VM-APP-0002,2,100.97,0.0,EUR
SO-2024-014662,1,2024-11-10,2024-11-13,DE-WEB-01,C011909,VM-APP-0006,1,71.14,0.0,EUR
SO-2024-014663,1,2024-11-10,2024-11-12,DE-WEB-01,C011013,VM-ACC-0018,2,11.47,0.0,EUR
SO-2024-014663,2,2024-11-10,2024-11-12,DE-WEB-01,C011013,VM-CMP-0008,1,100.97,0.0,EUR
SO-2024-014663,3,2024-11-10,2024-11-12,DE-WEB-01,C011013,VM-APP-0018,2,29.83,0.0,EUR
SO-2024-014664,1,2024-11-11,2024-11-11,PL-WAW-01,C010648,VM-ACC-0017,2,56.83,0.0,PLN
SO-2024-014665,1,2024-11-11,2024-11-11,PL-WAW-01,,VM-BIK-0012,1,11573.79,0.0,PLN
SO-2024-014665,2,2024-11-11,2024-11-11,PL-WAW-01,,VM-ACC-0013,1,166.59,0.0,PLN
SO-2024-014666,1,2024-11-11,2024-11-11,PL-WAW-01,,VM-ACC-0014,1,107.79,0.0,PLN
SO-2024-014667,1,2024-11-11,2024-11-11,PL-WAW-01,C011910,vm-acc-0014,1,107.79,0.0,PLN
SO-2024-014668,1,2024-11-11,2024-11-11,PL-WAW-01,C011911,VM-EBK-0008,1,14797.99,0.05,PLN
SO-2024-014669,1,2024-11-11,2024-11-11,PL-WAW-01,C011502,VM-ACC-0013,1,166.59,0.0,PLN
SO-2024-014670,1,2024-11-11,2024-11-11,PL-WAW-02,C009061,VM-ACC-0020,1,793.79,0.05,PLN
SO-2024-014671,1,2024-11-11,2024-11-11,PL-WAW-02,C011912,VM-CMP-0021,1,47.03,0.0,PLN
SO-2024-014671,2,2024-11-11,2024-11-11,PL-WAW-02,C011912,VM-APP-0020,1,176.39,0.0,PLN
SO-2024-014672,1,2024-11-11,2024-11-11,PL-WAW-02,,VM-ACC-0013,1,166.59,0.0,PLN
SO-2024-014673,1,2024-11-11,2024-11-11,PL-WAW-02,,VM-ACC-0008,2,391.99,0.0,PLN
SO-2024-014674,1,2024-11-11,2024-11-11,PL-WAW-02,C011385,VM-NUT-0003,5,10.77,0.0,PLN
SO-2024-014674,2,2024-11-11,2024-11-11,PL-WAW-02,C011385,VM-APP-0006,2,303.79,0.0,PLN
SO-2024-014675,1,2024-11-11,2024-11-11,PL-KRK-01,C009646,VM-BIK-0003,1,6409.19,0.0,PLN
SO-2024-014675,2,2024-11-11,2024-11-11,PL-KRK-01,C009646,VM-APP-0010,2,166.59,0.0,PLN
SO-2024-014675,3,2024-11-11,2024-11-11,PL-KRK-01,C009646,VM-ACC-0002,2,597.79,0.0,PLN
SO-2024-014675,4,2024-11-11,2024-11-11,PL-KRK-01,C009646,VM-ACC-0006,2,930.99,0.0,PLN
SO-2024-014676,1,2024-11-11,2024-11-11,PL-KRK-01,C009820,VM-APP-0015,1,558.59,0.0,PLN
SO-2024-014677,1,2024-11-11,2024-11-11,PL-GDN-01,C003376,VM-BIK-0005,1,7261.79,0.0,PLN
SO-2024-014678,1,2024-11-11,2024-11-11,PL-POZ-01,C003986,VM-BIK-0004,1,4184.59,0.0,PLN
SO-2024-014679,1,2024-11-11,2024-11-11,PL-POZ-01,,VM-NUT-0006,3,9.79,0.0,PLN
SO-2024-014680,1,2024-11-11,2024-11-13,PL-WEB-01,C010683,VM-ACC-0019,3,48.99,0.0,PLN
SO-2024-014681,1,2024-11-11,2024-11-14,PL-WEB-01,C009042,VM-BIK-0012,1,11573.79,0.0,PLN
SO-2024-014682,1,2024-11-11,2024-11-15,PL-WEB-01,C009552,VM-BIK-0017,2,1871.79,0.08,PLN
SO-2024-014682,2,2024-11-11,2024-11-15,PL-WEB-01,C009552,VM-APP-0009,10,342.99,0.08,PLN
SO-2024-014683,1,2024-11-11,2024-11-15,PL-WEB-01,C011913,VM-CMP-0017,2,489.99,0.0,PLN
SO-2024-014683,2,2024-11-11,2024-11-15,PL-WEB-01,C011913,VM-NUT-0004,15,6.85,0.0,PLN
SO-2024-014684,1,2024-11-11,2024-11-12,PL-WEB-01,C011914,vm-app-0014,1,480.19,0.0,PLN
SO-2024-014684,2,2024-11-11,2024-11-12,PL-WEB-01,C011914,VM-NUT-0002,6,14.69,0.05,PLN
SO-2024-014685,1,2024-11-11,2024-11-13,PL-WEB-01,C009553,VM-APP-0020,2,176.39,0.0,PLN
SO-2024-014685,2,2024-11-11,2024-11-13,PL-WEB-01,C009553,VM-APP-0012,1,852.59,0.1,PLN
SO-2024-014685,3,2024-11-11,2024-11-13,PL-WEB-01,C009553,VM-BIK-0008,1,5203.79,0.0,PLN
SO-2024-014686,1,2024-11-11,2024-11-13,PL-MKT-01,C011915,VM-APP-0002,1,431.19,0.0,PLN
SO-2024-014686,2,2024-11-11,2024-11-13,PL-MKT-01,C011915,VM-CMP-0008,1,431.19,0.0,PLN
SO-2024-014687,1,2024-11-11,2024-11-13,PL-MKT-01,C006081,VM-CMP-0005,1,1450.39,0.0,PLN
SO-2024-014687,2,2024-11-11,2024-11-13,PL-MKT-01,C006081,VM-EBK-0003,1,8908.19,0.0,PLN
SO-2024-014688,1,2024-11-11,2024-11-15,PL-MKT-01,C011916,VM-NUT-0004,10,6.85,0.0,PLN
SO-2024-014688,2,2024-11-11,2024-11-15,PL-MKT-01,C011916, VM-NUT-0007 ,5,12.73,0.0,PLN
SO-2024-014689,1,2024-11-11,2024-11-12,PL-MKT-01,C010387,VM-NUT-0004,11,6.85,0.0,PLN
SO-2024-014689,2,2024-11-11,2024-11-12,PL-MKT-01,C010387, VM-APP-0005 ,1,176.39,0.0,PLN
SO-2024-014690,1,2024-11-11,2024-11-12,PL-MKT-01,C011917,VM-ACC-0001,2,372.39,0.0,PLN
SO-2024-014691,1,2024-11-11,2024-11-15,PL-MKT-01,C011918,VM-EBK-0002,1,9750.99,0.0,PLN
SO-2024-014691,2,2024-11-11,2024-11-15,PL-MKT-01,C011918,VM-CMP-0005,1,1450.39,0.0,PLN
SO-2024-014692,1,2024-11-11,2024-11-13,PL-MKT-01,C010529,VM-APP-0010,2,166.59,0.1,PLN
SO-2024-014692,2,2024-11-11,2024-11-13,PL-MKT-01,C010529,VM-CMP-0006,6,195.99,0.1,PLN
SO-2024-014693,1,2024-11-11,2024-11-15,PL-MKT-01,C002536,VM-APP-0012,1,852.59,0.0,PLN
SO-2024-014694,1,2024-11-11,2024-11-12,PL-MKT-01,C011919,VM-APP-0002,3,431.19,0.0,PLN
SO-2024-014695,1,2024-11-11,2024-11-12,PL-MKT-01,C009046,VM-CMP-0021,4,47.03,0.0,PLN
SO-2024-014696,1,2024-11-11,2024-11-15,PL-MKT-01,C011920,VM-EBK-0003,1,8908.19,0.05,PLN
SO-2024-014697,1,2024-11-11,2024-11-11,CZ-PRG-01,C008817,VM-ACC-0015,1,1980.0,0.0,CZK
SO-2024-014698,1,2024-11-11,2024-11-11,CZ-PRG-01,C008846,VM-APP-0003,3,1754.0,0.05,CZK
SO-2024-014698,2,2024-11-11,2024-11-11,CZ-PRG-01,C008846,VM-CMP-0019,1,1188.0,0.05,CZK
SO-2024-014698,3,2024-11-11,2024-11-11,CZ-PRG-01,C008846,VM-APP-0018,2,736.0,0.05,CZK
SO-2024-014698,4,2024-11-11,2024-11-11,CZ-PRG-01,C008846,VM-ACC-0008,1,2263.0,0.05,CZK
SO-2024-014699,1,2024-11-11,2024-11-11,CZ-BRN-01,,VM-ACC-0012,1,407.0,0.0,CZK
SO-2024-014700,1,2024-11-11,2024-11-15,CZ-WEB-01,C005955,VM-NUT-0009,1,481.0,0.0,CZK
SO-2024-014701,1,2024-11-11,2024-11-13,CZ-WEB-01,C011921,VM-APP-0006,1,1754.0,0.0,CZK
SO-2024-014702,1,2024-11-11,2024-11-13,CZ-WEB-01,C011922,VM-NUT-0004,13,40.0,0.0,CZK
SO-2024-014702,2,2024-11-11,2024-11-13,CZ-WEB-01,C011922,VM-NUT-0006,9,57.0,0.0,CZK
SO-2024-014703,1,2024-11-11,2024-11-13,CZ-WEB-01,C006550,VM-BIK-0012,1,66823.0,0.0,CZK
SO-2024-014704,1,2024-11-11,2024-11-14,CZ-WEB-01,C008951,VM-ACC-0011,2,407.0,0.0,CZK
SO-2024-014704,2,2024-11-11,2024-11-14,CZ-WEB-01,C008951,VM-CMP-0023,4,334.0,0.0,CZK
SO-2024-014704,3,2024-11-11,2024-11-14,CZ-WEB-01,C008951,VM-EBK-0010,1,76329.0,0.0,CZK
SO-2024-014705,1,2024-11-11,2024-11-15,CZ-WEB-01,C006653,VM-CMP-0010,2,2207.0,0.0,CZK
SO-2024-014705,2,2024-11-11,2024-11-15,CZ-WEB-01,C006653,VM-APP-0005,3,1018.0,0.0,CZK
SO-2024-014705,3,2024-11-11,2024-11-15,CZ-WEB-01,C006653,VM-ACC-0020,1,4583.0,0.0,CZK
SO-2024-014706,1,2024-11-11,2024-11-12,CZ-WEB-01,C011923,VM-EBK-0002,1,56299.0,0.0,CZK
SO-2024-014706,2,2024-11-11,2024-11-12,CZ-WEB-01,C011923,VM-NUT-0004,9,40.0,0.0,CZK
SO-2024-014707,1,2024-11-11,2024-11-13,CZ-WEB-01,C007960,VM-NUT-0003,12,62.0,0.0,CZK
SO-2024-014707,2,2024-11-11,2024-11-13,CZ-WEB-01,C007960,VM-CMP-0019,1,1188.0,0.0,CZK
SO-2024-014708,1,2024-11-11,2024-11-11,DE-BER-01,C011924,VM-BIK-0007,1,1617.92,0.0,EUR
SO-2024-014708,2,2024-11-11,2024-11-11,DE-BER-01,C011924,VM-EBK-0011,1,3359.76,0.0,EUR
SO-2024-014709,1,2024-11-11,2024-11-15,DE-WEB-01,C011672,VM-APP-0002,1,100.97,0.0,EUR
SO-2024-014709,2,2024-11-11,2024-11-15,DE-WEB-01,C011672,VM-APP-0020,2,41.31,0.0,EUR
SO-2024-014710,1,2024-11-11,2024-11-14,DE-WEB-01,C011925,VM-ACC-0021,1,179.0,0.0,EUR
SO-2024-014710,2,2024-11-11,2024-11-14,DE-WEB-01,C011925,VM-APP-0002,3,100.97,0.0,EUR
SO-2024-014711,1,2024-11-11,2024-11-12,DE-WEB-01,C011926,VM-ACC-0014,1,25.24,0.0,EUR
SO-2024-014712,1,2024-11-11,2024-11-15,DE-WEB-01,C011927,VM-APP-0013,1,100.97,0.0,EUR
SO-2024-014713,1,2024-11-11,2024-11-12,DE-WEB-01,C010048,VM-CMP-0013,1,121.63,0.0,EUR
SO-2024-014714,1,2024-11-11,2024-11-12,DE-WEB-01,C008458,VM-BIK-0009,1,1294.33,0.05,EUR
SO-2024-014714,2,2024-11-11,2024-11-12,DE-WEB-01,C008458,VM-ACC-0018,3,11.47,0.05,EUR
SO-2024-014715,1,2024-11-11,2024-11-13,DE-WEB-01,C011928,VM-EBK-0007,1,3373.53,0.0,EUR
SO-2024-014715,2,2024-11-11,2024-11-13,DE-WEB-01,C011928,VM-ACC-0014,1,25.24,0.0,EUR
SO-2024-014716,1,2024-11-11,2024-11-14,DE-WEB-01,C011929,VM-APP-0009,2,80.32,0.0,EUR
SO-2024-014716,2,2024-11-11,2024-11-14,DE-WEB-01,C011929,VM-CMP-0001,1,91.79,0.0,EUR
SO-2024-014717,1,2024-11-11,2024-11-15,DE-WEB-01,C011930,VM-ACC-0008,1,91.79,0.0,EUR
SO-2024-014718,1,2024-11-12,2024-11-12,PL-WAW-01,C011931,VM-EBK-0003,1,8908.19,0.0,PLN
SO-2024-014719,1,2024-11-12,2024-11-12,PL-WAW-01,,VM-ACC-0018,3,48.99,0.0,PLN
SO-2024-014719,2,2024-11-12,2024-11-12,PL-WAW-01,,VM-BIK-0011,1,8476.99,0.0,PLN
SO-2024-014720,1,2024-11-12,2024-11-12,PL-WAW-01,C010071,VM-APP-0007,2,156.79,0.0,PLN
SO-2024-014720,2,2024-11-12,2024-11-12,PL-WAW-01,C010071,VM-ACC-0014,1,107.79,0.0,PLN
SO-2024-014721,1,2024-11-12,2024-11-12,PL-WAW-01,C010812,VM-EBK-0011,3,14347.19,0.1,PLN
SO-2024-014722,1,2024-11-12,2024-11-12,PL-WAW-01,,VM-APP-0006,3,303.79,0.0,PLN
SO-2024-014722,2,2024-11-12,2024-11-12,PL-WAW-01,,VM-NUT-0004,15,6.85,0.0,PLN
SO-2024-014723,1,2024-11-12,2024-11-12,PL-KRK-01,C009571,VM-CMP-0005,2,1450.39,0.0,PLN
SO-2024-014723,2,2024-11-12,2024-11-12,PL-KRK-01,C009571,VM-CMP-0009,1,342.99,0.0,PLN
SO-2024-014723,3,2024-11-12,2024-11-12,PL-KRK-01,C009571,VM-APP-0013,1,431.19,0.0,PLN
SO-2024-014724,1,2024-11-12,2024-11-12,PL-KRK-01,C011932,VM-NUT-0002,6,14.69,0.0,PLN
SO-2024-014725,1,2024-11-12,2024-11-12,PL-KRK-01,C002754,VM-NUT-0007,10,12.73,0.0,PLN
SO-2024-014725,2,2024-11-12,2024-11-12,PL-KRK-01,C002754,VM-CMP-0013,2,519.39,0.0,PLN
SO-2024-014725,3,2024-11-12,2024-11-12,PL-KRK-01,C002754,VM-ACC-0017,1,56.83,0.0,PLN
SO-2024-014725,4,2024-11-12,2024-11-12,PL-KRK-01,C002754,VM-BIK-0012,1,11573.79,0.0,PLN
SO-2024-014726,1,2024-11-12,2024-11-12,PL-KRK-01,C011323,VM-APP-0005,2,176.39,0.0,PLN
SO-2024-014727,1,2024-11-12,2024-11-12,PL-KRK-01,C006109,VM-CMP-0009,2,342.99,0.0,PLN
SO-2024-014728,1,2024-11-12,2024-11-12,PL-WRO-01,C009819,VM-APP-0003,1,303.79,0.0,PLN
SO-2024-014728,2,2024-11-12,2024-11-12,PL-WRO-01,C009819,VM-NUT-0002,14,14.69,0.0,PLN
SO-2024-014728,3,2024-11-12,2024-11-12,PL-WRO-01,C009819,VM-CMP-0017,1,489.99,0.1,PLN
SO-2024-014729,1,2024-11-12,2024-11-12,PL-WRO-01,C011933,VM-APP-0020,1,176.39,0.0,PLN
SO-2024-014729,2,2024-11-12,2024-11-12,PL-WRO-01,C011933,VM-EBK-0002,1,9750.99,0.0,PLN
SO-2024-014730,1,2024-11-12,2024-11-12,PL-WRO-01,C005290,VM-APP-0002,1,431.19,0.0,PLN
SO-2024-014731,1,2024-11-12,2024-11-12,PL-GDN-01,,VM-BIK-0012,1,11573.79,0.0,PLN
SO-2024-014731,2,2024-11-12,2024-11-12,PL-GDN-01,,VM-APP-0020,2,176.39,0.0,PLN
SO-2024-014732,1,2024-11-12,2024-11-12,PL-GDN-01,C011934,VM-BIK-0017,1,1871.79,0.0,PLN
SO-2024-014732,2,2024-11-12,2024-11-12,PL-GDN-01,C011934,VM-APP-0013,1,431.19,0.0,PLN
SO-2024-014733,1,2024-11-12,2024-11-12,PL-GDN-01,C007654,VM-BIK-0007,1,6908.99,0.0,PLN
SO-2024-014733,2,2024-11-12,2024-11-12,PL-GDN-01,C007654,VM-ACC-0008,2,391.99,0.0,PLN
SO-2024-014734,1,2024-11-12,2024-11-12,PL-POZ-01,C010262,vm-bik-0008,1,5203.79,0.0,PLN
SO-2024-014734,2,2024-11-12,2024-11-12,PL-POZ-01,C010262,VM-CMP-0013,1,519.39,0.0,PLN
SO-2024-014734,3,2024-11-12,2024-11-12,PL-POZ-01,C010262,VM-ACC-0008,2,391.99,0.0,PLN
SO-2024-014735,1,2024-11-12,2024-11-12,PL-POZ-01,,VM-APP-0002,1,431.19,0.0,PLN
SO-2024-014736,1,2024-11-12,2024-11-12,PL-POZ-01,C011935,VM-APP-0015,1,558.59,0.0,PLN
SO-2024-014737,1,2024-11-12,2024-11-12,PL-LDZ-01,,VM-CMP-0023,1,57.81,0.0,PLN
SO-2024-014737,2,2024-11-12,2024-11-12,PL-LDZ-01,,VM-NUT-0001,11,8.81,0.0,PLN
SO-2024-014737,3,2024-11-12,2024-11-12,PL-LDZ-01,,VM-ACC-0008,2,391.99,0.0,PLN
SO-2024-014738,1,2024-11-12,2024-11-12,PL-LDZ-01,,VM-NUT-0001,5,8.81,0.0,PLN
SO-2024-014739,1,2024-11-12,2024-11-16,PL-WEB-01,C011936,VM-BIK-0007,1,6908.99,0.0,PLN
SO-2024-014740,1,2024-11-12,2024-11-16,PL-WEB-01,C006694,VM-ACC-0021,1,764.39,0.05,PLN
SO-2024-014741,1,2024-11-12,2024-11-15,PL-WEB-01,C011651,VM-APP-0006,1,303.79,0.0,PLN
SO-2024-014741,2,2024-11-12,2024-11-15,PL-WEB-01,C011651,VM-BIK-0020,1,1185.79,0.0,PLN
SO-2024-014741,3,2024-11-12,2024-11-15,PL-WEB-01,C011651,VM-ACC-0014,1,107.79,0.0,PLN
SO-2024-014742,1,2024-11-12,2024-11-14,PL-WEB-01,C011937,VM-APP-0015,1,558.59,0.0,PLN
SO-2024-014743,1,2024-11-12,2024-11-14,PL-WEB-01,C010376,VM-BIK-0013,1,4703.99,0.05,PLN
SO-2024-014744,1,2024-11-12,2024-11-15,PL-WEB-01,C008411,VM-CMP-0017,2,489.99,0.05,PLN
SO-2024-014744,2,2024-11-12,2024-11-15,PL-WEB-01,C008411,VM-NUT-0001,6,8.81,0.05,PLN
SO-2024-014744,3,2024-11-12,2024-11-15,PL-WEB-01,C008411,VM-NUT-0009,4,83.29,0.05,PLN
SO-2024-014744,4,2024-11-12,2024-11-15,PL-WEB-01,C008411,VM-BIK-0012,1,11573.79,0.05,PLN
SO-2024-014745,1,2024-11-12,2024-11-16,PL-WEB-01,C008463,VM-ACC-0002,1,597.79,0.0,PLN
SO-2024-014746,1,2024-11-12,2024-11-16,PL-WEB-01,C011938,VM-ACC-0021,1,764.39,0.0,PLN
SO-2024-014747,1,2024-11-12,2024-11-15,PL-WEB-01,C011939,VM-EBK-0007,1,14405.99,0.0,PLN
SO-2024-014748,1,2024-11-12,2024-11-14,PL-WEB-01,C011337,VM-ACC-0007,1,352.79,0.0,PLN
SO-2024-014749,1,2024-11-12,2024-11-13,PL-WEB-01,C011940,VM-NUT-0006,10,9.79,0.05,PLN
SO-2024-014750,1,2024-11-12,2024-11-13,PL-WEB-01,C011941,VM-ACC-0009,1,391.99,0.0,PLN
SO-2024-014751,1,2024-11-12,2024-11-14,PL-MKT-01,C008469,VM-APP-0007,2,156.79,0.05,PLN
SO-2024-014751,2,2024-11-12,2024-11-14,PL-MKT-01,C008469,VM-NUT-0002,10,14.69,0.05,PLN
SO-2024-014751,3,2024-11-12,2024-11-14,PL-MKT-01,C008469,VM-APP-0008,2,156.79,0.05,PLN
SO-2024-014752,1,2024-11-12,2024-11-16,PL-MKT-01,C011062,VM-NUT-0002,3,14.69,0.05,PLN
SO-2024-014752,2,2024-11-12,2024-11-16,PL-MKT-01,C011062,VM-CMP-0010,2,382.19,0.05,PLN
SO-2024-014752,3,2024-11-12,2024-11-16,PL-MKT-01,C011062,VM-ACC-0013,1,166.59,0.05,PLN
SO-2024-014753,1,2024-11-12,2024-11-16,PL-MKT-01,C008825,VM-BIK-0007,1,6908.99,0.0,PLN
SO-2024-014754,1,2024-11-12,2024-11-15,PL-MKT-01,C008970,VM-NUT-0001,14,8.81,0.0,PLN
SO-2024-014754,2,2024-11-12,2024-11-15,PL-MKT-01,C008970,VM-BIK-0015,1,3028.19,0.0,PLN
SO-2024-014755,1,2024-11-12,2024-11-15,PL-MKT-01,C011809,VM-NUT-0003,10,10.77,0.0,PLN
SO-2024-014755,2,2024-11-12,2024-11-15,PL-MKT-01,C011809,VM-APP-0013,1,431.19,0.0,PLN
SO-2024-014755,3,2024-11-12,2024-11-15,PL-MKT-01,C011809,VM-NUT-0004,6,6.85,0.0,PLN
SO-2024-014756,1,2024-11-12,2024-11-16,PL-MKT-01,C011942,VM-APP-0007,2,156.79,0.0,PLN
SO-2024-014756,2,2024-11-12,2024-11-16,PL-MKT-01,C011942,VM-NUT-0007,5,12.73,0.0,PLN
SO-2024-014757,1,2024-11-12,2024-11-12,CZ-PRG-01,C009456,VM-ACC-0008,1,2263.0,0.0,CZK
SO-2024-014758,1,2024-11-12,2024-11-12,CZ-PRG-01,C001222,VM-ACC-0012,1,407.0,0.0,CZK
SO-2024-014759,1,2024-11-12,2024-11-12,CZ-BRN-01,C006538,VM-BIK-0013,1,27159.0,0.0,CZK
SO-2024-014760,1,2024-11-12,2024-11-15,CZ-WEB-01,C006933,VM-APP-0018,1,736.0,0.0,CZK
SO-2024-014761,1,2024-11-12,2024-11-15,CZ-WEB-01,C003957,VM-APP-0010,2,962.0,0.0,CZK
SO-2024-014761,2,2024-11-12,2024-11-15,CZ-WEB-01,C003957,VM-APP-0017,1,1075.0,0.0,CZK
SO-2024-014762,1,2024-11-12,2024-11-13,CZ-WEB-01,C008626,VM-ACC-0011,5,407.0,0.12,CZK
SO-2024-014763,1,2024-11-12,2024-11-13,CZ-WEB-01,C011943,VM-CMP-0006,1,1132.0,0.0,CZK
SO-2024-014763,2,2024-11-12,2024-11-13,CZ-WEB-01,C011943,VM-CMP-0015,2,5205.0,0.0,CZK
SO-2024-014763,3,2024-11-12,2024-11-13,CZ-WEB-01,C011943,VM-ACC-0008,1,2263.0,0.0,CZK
SO-2024-014764,1,2024-11-12,2024-11-13,CZ-WEB-01,C011944,VM-APP-0003,1,1754.0,0.0,CZK
SO-2024-014765,1,2024-11-12,2024-11-12,DE-BER-01,C011945,VM-NUT-0004,3,1.6,0.0,EUR
SO-2024-014766,1,2024-11-12,2024-11-12,DE-BER-01,C006416,VM-BIK-0013,2,1101.56,0.1,EUR
SO-2024-014767,1,2024-11-12,2024-11-12,DE-BER-01,C011946,VM-ACC-0008,2,91.79,0.0,EUR
SO-2024-014767,2,2024-11-12,2024-11-12,DE-BER-01,C011946,VM-APP-0010,2,39.01,0.0,EUR
SO-2024-014767,3,2024-11-12,2024-11-12,DE-BER-01,C011946,VM-APP-0004,3,55.08,0.0,EUR
SO-2024-014768,1,2024-11-12,2024-11-15,DE-WEB-01,C009367,VM-EBK-0008,3,3465.33,0.12,EUR
SO-2024-014769,1,2024-11-12,2024-11-14,DE-WEB-01,C011947,VM-CMP-0013,1,121.63,0.0,EUR
SO-2024-014769,2,2024-11-12,2024-11-14,DE-WEB-01,C011947,VM-CMP-0022,2,8.26,0.0,EUR
SO-2024-014770,1,2024-11-12,2024-11-16,DE-WEB-01,C011948,VM-ACC-0001,2,87.2,0.0,EUR
SO-2024-014770,2,2024-11-12,2024-11-16,DE-WEB-01,C011948,VM-CMP-0022,2,8.26,0.0,EUR
SO-2024-014770,3,2024-11-12,2024-11-16,DE-WEB-01,C011948,VM-EBK-0003,1,2086.08,0.0,EUR
SO-2024-014770,4,2024-11-12,2024-11-16,DE-WEB-01,C011948,VM-CMP-0013,1,121.63,0.0,EUR
SO-2024-014771,1,2024-11-12,2024-11-14,DE-WEB-01,C011949,VM-ACC-0010,2,57.37,0.1,EUR
SO-2024-014771,2,2024-11-12,2024-11-14,DE-WEB-01,C011949,VM-ACC-0011,1,16.52,0.0,EUR
SO-2024-014772,1,2024-11-12,2024-11-13,DE-WEB-01,C008820,VM-APP-0018,2,29.83,0.0,EUR
SO-2024-014773,1,2024-11-12,2024-11-13,DE-WEB-01,C011950,VM-APP-0020,1,41.31,0.0,EUR
SO-2024-014774,1,2024-11-13,2024-11-13,PL-WAW-01,C011951,VM-EBK-0009,5,9711.79,0.1,PLN
SO-2024-014774,2,2024-11-13,2024-11-13,PL-WAW-01,C011951,VM-BIK-0011,2,8476.99,0.1,PLN
SO-2024-014775,1,2024-11-13,2024-11-13,PL-WAW-01,C006030,VM-BIK-0013,1,4703.99,0.0,PLN
SO-2024-014776,1,2024-11-13,2024-11-13,PL-WAW-01,C011952,VM-APP-0018,2,127.39,0.0,PLN
SO-2024-014777,1,2024-11-13,2024-11-13,PL-WAW-01,C011953,VM-ACC-0019,3,48.99,0.05,PLN
SO-2024-014777,2,2024-11-13,2024-11-13,PL-WAW-01,C011953,VM-ACC-0008,2,391.99,0.05,PLN
SO-2024-014778,1,2024-11-13,2024-11-13,PL-WAW-01,C011954,VM-ACC-0014,1,107.79,0.0,PLN
SO-2024-014779,1,2024-11-13,2024-11-13,PL-WAW-01,C006227,VM-NUT-0009,4,83.29,0.1,PLN
SO-2024-014780,1,2024-11-13,2024-11-13,PL-WAW-01,,VM-APP-0006,2,303.79,0.0,PLN
SO-2024-014780,2,2024-11-13,2024-11-13,PL-WAW-01,,VM-ACC-0021,1,764.39,0.0,PLN
SO-2024-014781,1,2024-11-13,2024-11-13,PL-WAW-02,C011955,VM-ACC-0020,1,793.79,0.05,PLN
SO-2024-014781,2,2024-11-13,2024-11-13,PL-WAW-02,C011955,VM-APP-0005,3,176.39,0.05,PLN
SO-2024-014782,1,2024-11-13,2024-11-13,PL-WAW-02,C000963,VM-CMP-0021,1,47.03,0.1,PLN
SO-2024-014782,2,2024-11-13,2024-11-13,PL-WAW-02,C000963,VM-ACC-0021,1,764.39,0.0,PLN
SO-2024-014782,3,2024-11-13,2024-11-13,PL-WAW-02,C000963,VM-ACC-0005,2,176.39,0.0,PLN
SO-2024-014783,1,2024-11-13,2024-11-13,PL-WAW-02,C011956,VM-CMP-0008,1,431.19,0.0,PLN
SO-2024-014784,1,2024-11-13,2024-11-13,PL-WAW-02,C011957,VM-ACC-0003,2,284.19,0.0,PLN
SO-2024-014784,2,2024-11-13,2024-11-13,PL-WAW-02,C011957,VM-BIK-0006,1,6458.19,0.0,PLN
SO-2024-014784,3,2024-11-13,2024-11-13,PL-WAW-02,C011957,VM-CMP-0013,2,519.39,0.0,PLN
SO-2024-014785,1,2024-11-13,2024-11-13,PL-WAW-02,C011751,VM-EBK-0002,1,9750.99,0.05,PLN
SO-2024-014785,2,2024-11-13,2024-11-13,PL-WAW-02,C011751,VM-CMP-0017,1,489.99,0.05,PLN
SO-2024-014785,3,2024-11-13,2024-11-13,PL-WAW-02,C011751,VM-ACC-0007,1,352.79,0.05,PLN
SO-2024-014785,4,2024-11-13,2024-11-13,PL-WAW-02,C011751,VM-ACC-0004,2,764.39,0.05,PLN
SO-2024-014786,1,2024-11-13,2024-11-13,PL-WAW-02,C008706,VM-APP-0017,2,186.19,0.0,PLN
SO-2024-014786,2,2024-11-13,2024-11-13,PL-WAW-02,C008706,VM-APP-0006,2,303.79,0.0,PLN
SO-2024-014787,1,2024-11-13,2024-11-13,PL-KRK-01,,VM-ACC-0001,2,372.39,0.0,PLN
SO-2024-014788,1,2024-11-13,2024-11-13,PL-KRK-01,C009133,VM-ACC-0009,1,391.99,0.0,PLN
SO-2024-014789,1,2024-11-13,2024-11-13,PL-KRK-01,C002462,VM-BIK-0009,1,5527.19,0.0,PLN
SO-2024-014789,2,2024-11-13,2024-11-13,PL-KRK-01,C002462,VM-ACC-0008,1,391.99,0.0,PLN
SO-2024-014789,3,2024-11-13,2024-11-13,PL-KRK-01,C002462,VM-ACC-0005,2,176.39,0.0,PLN
SO-2024-014789,4,2024-11-13,2024-11-13,PL-KRK-01,C002462,VM-ACC-0002,2,597.79,0.05,PLN
SO-2024-014790,1,2024-11-13,2024-11-13,PL-WRO-01,C011601,VM-APP-0013,1,431.19,0.0,PLN
SO-2024-014791,1,2024-11-13,2024-11-13,PL-WRO-01,C004976,VM-EBK-0001,1,7516.59,0.0,PLN
SO-2024-014792,1,2024-11-13,2024-11-13,PL-WRO-01,C010229,VM-APP-0019,2,64.67,0.0,PLN
SO-2024-014793,1,2024-11-13,2024-11-13,PL-WRO-01,C010413,VM-CMP-0005,2,1450.39,0.0,PLN
SO-2024-014793,2,2024-11-13,2024-11-13,PL-WRO-01,C010413,VM-CMP-0008,1,431.19,0.0,PLN
SO-2024-014794,1,2024-11-13,2024-11-13,PL-WRO-01,C011148,VM-CMP-0016,2,2410.79,0.0,PLN
SO-2024-014795,1,2024-11-13,2024-11-13,PL-WRO-01,C011958,VM-APP-0002,3,431.19,0.0,PLN
SO-2024-014796,1,2024-11-13,2024-11-13,PL-WRO-01,C003186,VM-APP-0003,2,303.79,0.1,PLN
SO-2024-014796,2,2024-11-13,2024-11-13,PL-WRO-01,C003186,VM-BIK-0003,1,6409.19,0.0,PLN
SO-2024-014797,1,2024-11-13,2024-11-13,PL-GDN-01,C001897,VM-APP-0013,1,431.19,0.0,PLN
SO-2024-014797,2,2024-11-13,2024-11-13,PL-GDN-01,C001897,VM-BIK-0011,1,8476.99,0.0,PLN
SO-2024-014797,3,2024-11-13,2024-11-13,PL-GDN-01,C001897,VM-NUT-0009,2,83.29,0.0,PLN
SO-2024-014798,1,2024-11-13,2024-11-13,PL-GDN-01,,VM-NUT-0006,10,9.79,0.0,PLN
SO-2024-014798,2,2024-11-13,2024-11-13,PL-GDN-01,,VM-APP-0005,3,176.39,0.0,PLN
SO-2024-014799,1,2024-11-13,2024-11-13,PL-GDN-01,,VM-APP-0013,1,431.19,0.0,PLN
SO-2024-014800,1,2024-11-13,2024-11-13,PL-POZ-01,C011959,VM-ACC-0014,1,107.79,0.05,PLN
SO-2024-014801,1,2024-11-13,2024-11-13,PL-POZ-01,C011433,VM-CMP-0008,2,431.19,0.0,PLN
SO-2024-014802,1,2024-11-13,2024-11-13,PL-LDZ-01,, VM-ACC-0003 ,2,284.19,0.0,PLN
SO-2024-014802,2,2024-11-13,2024-11-13,PL-LDZ-01,,VM-CMP-0016,2,2410.79,0.0,PLN
SO-2024-014803,1,2024-11-13,2024-11-13,PL-LDZ-01,,VM-BIK-0021,1,1224.99,0.0,PLN
SO-2024-014804,1,2024-11-13,2024-11-15,PL-WEB-01,C007314,VM-ACC-0020,4,793.79,0.12,PLN
SO-2024-014804,2,2024-11-13,2024-11-15,PL-WEB-01,C007314,VM-APP-0007,10,156.79,0.08,PLN
SO-2024-014805,1,2024-11-13,2024-11-15,PL-WEB-01,C011960,VM-ACC-0014,1,107.79,0.0,PLN
SO-2024-014806,1,2024-11-13,2024-11-17,PL-WEB-01,C010542,VM-APP-0013,1,431.19,0.0,PLN
SO-2024-014807,1,2024-11-13,2024-11-14,PL-WEB-01,C006477,VM-CMP-0013,3,519.39,0.12,PLN
SO-2024-014808,1,2024-11-13,2024-11-14,PL-WEB-01,C011405,VM-EBK-0003,1,8908.19,0.0,PLN
SO-2024-014809,1,2024-11-13,2024-11-16,PL-WEB-01,C009248,VM-BIK-0004,1,4184.59,0.0,PLN
SO-2024-014810,1,2024-11-13,2024-11-17,PL-WEB-01,C009026,VM-CMP-0017,2,489.99,0.05,PLN
SO-2024-014810,2,2024-11-13,2024-11-17,PL-WEB-01,C009026,VM-NUT-0001,4,8.81,0.05,PLN
SO-2024-014811,1,2024-11-13,2024-11-17,PL-WEB-01,C007566,VM-CMP-0004,2,705.59,0.0,PLN
SO-2024-014812,1,2024-11-13,2024-11-14,PL-WEB-01,C011961,VM-APP-0020,2,176.39,0.05,PLN
SO-2024-014813,1,2024-11-13,2024-11-16,PL-WEB-01,C006890,VM-BIK-0021,1,1224.99,0.05,PLN
SO-2024-014813,2,2024-11-13,2024-11-16,PL-WEB-01,C006890,VM-ACC-0017,2,56.83,0.0,PLN
SO-2024-014814,1,2024-11-13,2024-11-16,PL-WEB-01,C011962,VM-APP-0020,1,176.39,0.05,PLN
SO-2024-014814,2,2024-11-13,2024-11-16,PL-WEB-01,C011962,VM-ACC-0022,1,1538.59,0.05,PLN
SO-2024-014814,3,2024-11-13,2024-11-16,PL-WEB-01,C011962,VM-NUT-0004,14,6.85,0.05,PLN
SO-2024-014815,1,2024-11-13,2024-11-17,PL-MKT-01,C007455,VM-APP-0018,1,127.39,0.0,PLN
SO-2024-014815,2,2024-11-13,2024-11-17,PL-MKT-01,C007455,VM-EBK-0003,1,8908.19,0.0,PLN
SO-2024-014816,1,2024-11-13,2024-11-14,PL-MKT-01,C011620,VM-ACC-0018,2,48.99,0.0,PLN
SO-2024-014817,1,2024-11-13,2024-11-17,PL-MKT-01,C000543,VM-BIK-0011,4,8476.99,0.08,PLN
SO-2024-014817,2,2024-11-13,2024-11-17,PL-MKT-01,C000543,VM-BIK-0004,2,4184.59,0.1,PLN
SO-2024-014818,1,2024-11-13,2024-11-15,PL-MKT-01,C005290,VM-ACC-0019,3,48.99,0.0,PLN
SO-2024-014818,2,2024-11-13,2024-11-15,PL-MKT-01,C005290,VM-CMP-0004,1,705.59,0.0,PLN
SO-2024-014819,1,2024-11-13,2024-11-16,PL-MKT-01,C001083, VM-BIK-0017 ,1,1871.79,0.05,PLN
SO-2024-014820,1,2024-11-13,2024-11-13,CZ-PRG-01,,VM-APP-0013,1,2490.0,0.0,CZK
SO-2024-014821,1,2024-11-13,2024-11-13,CZ-PRG-01,C011963,VM-CMP-0017,1,2829.0,0.0,CZK
SO-2024-014822,1,2024-11-13,2024-11-13,CZ-PRG-01,C008361,VM-APP-0006,1,1754.0,0.0,CZK
SO-2024-014823,1,2024-11-13,2024-11-17,CZ-WEB-01,C009480,VM-APP-0008,2,905.0,0.0,CZK
SO-2024-014823,2,2024-11-13,2024-11-17,CZ-WEB-01,C009480,VM-ACC-0008,2,2263.0,0.0,CZK
SO-2024-014823,3,2024-11-13,2024-11-17,CZ-WEB-01,C009480,VM-NUT-0002,7,85.0,0.0,CZK
SO-2024-014824,1,2024-11-13,2024-11-15,CZ-WEB-01,C010251,VM-APP-0012,1,4923.0,0.0,CZK
SO-2024-014825,1,2024-11-13,2024-11-16,CZ-WEB-01,C008557,VM-BIK-0011,1,48943.0,0.0,CZK
SO-2024-014826,1,2024-11-13,2024-11-15,CZ-WEB-01,C011964,VM-CMP-0013,1,2999.0,0.0,CZK
SO-2024-014826,2,2024-11-13,2024-11-15,CZ-WEB-01,C011964,VM-BIK-0020,1,6846.0,0.0,CZK
SO-2024-014826,3,2024-11-13,2024-11-15,CZ-WEB-01,C011964,VM-NUT-0001,13,51.0,0.0,CZK
SO-2024-014827,1,2024-11-13,2024-11-14,CZ-WEB-01,C011965,VM-APP-0012,1,4923.0,0.0,CZK
SO-2024-014828,1,2024-11-13,2024-11-13,DE-BER-01,C011966,VM-ACC-0002,1,139.99,0.0,EUR
SO-2024-014829,1,2024-11-13,2024-11-13,DE-BER-01,,VM-NUT-0006,9,2.29,0.0,EUR
SO-2024-014830,1,2024-11-13,2024-11-14,DE-WEB-01,C011967,VM-APP-0006,1,71.14,0.05,EUR
SO-2024-014830,2,2024-11-13,2024-11-14,DE-WEB-01,C011967,VM-APP-0005,1,41.31,0.0,EUR
SO-2024-014831,1,2024-11-13,2024-11-17,DE-WEB-01,C011968,VM-CMP-0002,1,128.51,0.0,EUR
SO-2024-014832,1,2024-11-13,2024-11-15,DE-WEB-01,C011376,VM-NUT-0003,45,2.52,0.12,EUR
SO-2024-014833,1,2024-11-13,2024-11-15,DE-WEB-01,C005462,VM-APP-0010,2,39.01,0.05,EUR
SO-TEST-0030,1,2024-11-13,2024-11-13,TEST-01,TEST-QA,VM-BIK-0011,1,1.0,0.0,PLN
SO-2024-014834,1,2024-11-14,2024-11-14,PL-WAW-01,, VM-ACC-0006 ,1,930.99,0.0,PLN
SO-2024-014835,1,2024-11-14,2024-11-14,PL-WAW-01,C011969,VM-ACC-0004,1,764.39,0.0,PLN
SO-2024-014835,2,2024-11-14,2024-11-14,PL-WAW-01,C011969,VM-CMP-0005,2,1450.39,0.0,PLN
SO-2024-014836,1,2024-11-14,2024-11-14,PL-WAW-01,,VM-ACC-0008,2,391.99,0.0,PLN
SO-2024-014837,1,2024-11-14,2024-11-14,PL-WAW-01,C008000,VM-NUT-0004,13,6.85,0.0,PLN
SO-2024-014837,2,2024-11-14,2024-11-14,PL-WAW-01,C008000,VM-ACC-0018,3,48.99,0.0,PLN
SO-2024-014838,1,2024-11-14,2024-11-14,PL-WAW-01,C011970,VM-NUT-0004,48,6.85,0.1,PLN
SO-2024-014838,2,2024-11-14,2024-11-14,PL-WAW-01,C011970,VM-ACC-0020,3,793.79,0.1,PLN
SO-2024-014839,1,2024-11-14,2024-11-14,PL-WAW-01,C011971,VM-APP-0002,3,431.19,0.0,PLN
SO-2024-014839,2,2024-11-14,2024-11-14,PL-WAW-01,C011971,VM-APP-0012,1,852.59,0.0,PLN
SO-2024-014840,1,2024-11-14,2024-11-14,PL-WAW-02,C006477,VM-EBK-0002,5,9750.99,0.12,PLN
SO-2024-014841,1,2024-11-14,2024-11-14,PL-WAW-02,C004043,VM-BIK-0007,1,6908.99,0.05,PLN
SO-2024-014841,2,2024-11-14,2024-11-14,PL-WAW-02,C004043,VM-APP-0015,1,558.59,0.05,PLN
SO-2024-014841,3,2024-11-14,2024-11-14,PL-WAW-02,C004043,VM-ACC-0018,1,48.99,0.05,PLN
SO-2024-014841,4,2024-11-14,2024-11-14,PL-WAW-02,C004043,VM-BIK-0011,1,8476.99,0.1,PLN
SO-2024-014842,1,2024-11-14,2024-11-14,PL-WAW-02,C004339,VM-APP-0007,1,156.79,0.0,PLN
SO-2024-014842,2,2024-11-14,2024-11-14,PL-WAW-02,C004339,VM-EBK-0009,1,9711.79,0.0,PLN
SO-2024-014843,1,2024-11-14,2024-11-14,PL-WAW-02,,VM-EBK-0008,1,14797.99,0.0,PLN
SO-2024-014843,2,2024-11-14,2024-11-14,PL-WAW-02,,VM-ACC-0014,1,107.79,0.0,PLN
SO-2024-014844,1,2024-11-14,2024-11-14,PL-WAW-02,C011267,VM-APP-0013,1,431.19,0.0,PLN
SO-2024-014844,2,2024-11-14,2024-11-14,PL-WAW-02,C011267,VM-ACC-0008,1,391.99,0.0,PLN
SO-2024-014845,1,2024-11-14,2024-11-14,PL-KRK-01,,VM-APP-0010,2,166.59,0.0,PLN
SO-2024-014845,2,2024-11-14,2024-11-14,PL-KRK-01,,VM-CMP-0022,4,35.27,0.05,PLN
SO-2024-014845,3,2024-11-14,2024-11-14,PL-KRK-01,,VM-CMP-0013,1,519.39,0.0,PLN
SO-2024-014845,4,2024-11-14,2024-11-14,PL-KRK-01,,VM-EBK-0010,1,13220.19,0.0,PLN
SO-2024-014846,1,2024-11-14,2024-11-14,PL-KRK-01,C011972,VM-APP-0009,1,342.99,0.0,PLN
SO-2024-014846,2,2024-11-14,2024-11-14,PL-KRK-01,C011972,VM-ACC-0005,1,176.39,0.0,PLN
SO-2024-014847,1,2024-11-14,2024-11-14,PL-KRK-01,C004963,VM-ACC-0008,1,391.99,0.0,PLN
SO-2024-014848,1,2024-11-14,2024-11-14,PL-GDN-01,C007259,VM-CMP-0004,2,705.59,0.05,PLN
SO-2024-014848,2,2024-11-14,2024-11-14,PL-GDN-01,C007259,VM-BIK-0020,1,1185.79,0.05,PLN
SO-2024-014849,1,2024-11-14,2024-11-14,PL-GDN-01,,VM-ACC-0008,2,391.99,0.0,PLN
SO-2024-014850,1,2024-11-14,2024-11-14,PL-POZ-01,C006984,VM-ACC-0008,1,391.99,0.05,PLN
SO-2024-014850,2,2024-11-14,2024-11-14,PL-POZ-01,C006984, VM-APP-0012 ,1,852.59,0.0,PLN
SO-2024-014851,1,2024-11-14,2024-11-14,PL-POZ-01,C011973,VM-BIK-0007,1,6908.99,0.0,PLN
SO-2024-014852,1,2024-11-14,2024-11-14,PL-POZ-01,C011974,VM-APP-0010,1,166.59,0.05,PLN
SO-2024-014852,2,2024-11-14,2024-11-14,PL-POZ-01,C011974,VM-APP-0013,1,431.19,0.1,PLN
SO-2024-014853,1,2024-11-14,2024-11-14,PL-POZ-01,C011975,VM-EBK-0007,5,14405.99,0.1,PLN
SO-2024-014853,2,2024-11-14,2024-11-14,PL-POZ-01,C011975,VM-ACC-0017,3,56.83,0.12,PLN
SO-2024-014853,3,2024-11-14,2024-11-14,PL-POZ-01,C011975,VM-ACC-0007,10,352.79,0.12,PLN
SO-2024-014853,4,2024-11-14,2024-11-14,PL-POZ-01,C011975,VM-ACC-0008,4,391.99,0.1,PLN
SO-2024-014854,1,2024-11-14,2024-11-14,PL-POZ-01,C011976,VM-ACC-0014,1,107.79,0.05,PLN
SO-2024-014854,2,2024-11-14,2024-11-14,PL-POZ-01,C011976,VM-NUT-0002,4,14.69,0.05,PLN
SO-2024-014855,1,2024-11-14,2024-11-14,PL-POZ-01,,VM-NUT-0007,5,12.73,0.0,PLN
SO-2024-014855,2,2024-11-14,2024-11-14,PL-POZ-01,,VM-NUT-0009,1,83.29,0.0,PLN
SO-2024-014855,3,2024-11-14,2024-11-14,PL-POZ-01,,VM-APP-0006,2,303.79,0.0,PLN
SO-2024-014856,1,2024-11-14,2024-11-14,PL-LDZ-01,,VM-EBK-0007,1,14405.99,0.0,PLN
SO-2024-014856,2,2024-11-14,2024-11-14,PL-LDZ-01,,VM-ACC-0014,1,107.79,0.0,PLN
SO-2024-014856,3,2024-11-14,2024-11-14,PL-LDZ-01,,VM-ACC-0008,1,391.99,0.0,PLN
SO-2024-014856,4,2024-11-14,2024-11-14,PL-LDZ-01,,VM-APP-0009,2,342.99,0.1,PLN
SO-2024-014857,1,2024-11-14,2024-11-14,PL-LDZ-01,C008569,VM-EBK-0002,1,9750.99,0.0,PLN
SO-2024-014857,2,2024-11-14,2024-11-14,PL-LDZ-01,C008569,VM-APP-0015,1,558.59,0.0,PLN
SO-2024-014858,1,2024-11-14,2024-11-14,PL-LDZ-01,C011977,VM-ACC-0009,1,391.99,0.0,PLN
SO-2024-014858,2,2024-11-14,2024-11-14,PL-LDZ-01,C011977,VM-APP-0007,2,156.79,0.0,PLN
SO-2024-014858,3,2024-11-14,2024-11-14,PL-LDZ-01,C011977,VM-APP-0010,2,166.59,0.0,PLN
SO-2024-014859,1,2024-11-14,2024-11-14,PL-LDZ-01,,VM-EBK-0009,1,9711.79,0.0,PLN
SO-2024-014860,1,2024-11-14,2024-11-16,PL-WEB-01,C010056,VM-CMP-0008,1,431.19,0.0,PLN
SO-2024-014860,2,2024-11-14,2024-11-16,PL-WEB-01,C010056,VM-APP-0007,1,156.79,0.0,PLN
SO-2024-014860,3,2024-11-14,2024-11-16,PL-WEB-01,C010056,VM-ACC-0017,2,56.83,0.0,PLN
SO-2024-014860,4,2024-11-14,2024-11-16,PL-WEB-01,C010056,VM-ACC-0015,1,342.99,0.0,PLN
SO-2024-014861,1,2024-11-14,2024-11-15,PL-WEB-01,C006271,VM-APP-0002,1,431.19,0.0,PLN
SO-2024-014862,1,2024-11-14,2024-11-15,PL-MKT-01,C000444,VM-APP-0016,1,597.79,0.05,PLN
SO-2024-014862,2,2024-11-14,2024-11-15,PL-MKT-01,C000444, VM-CMP-0008 ,2,431.19,0.05,PLN
SO-2024-014862,3,2024-11-14,2024-11-15,PL-MKT-01,C000444,VM-ACC-0008,2,391.99,0.05,PLN
SO-2024-014862,4,2024-11-14,2024-11-15,PL-MKT-01,C000444,VM-APP-0012,1,852.59,0.05,PLN
SO-2024-014863,1,2024-11-14,2024-11-16,PL-MKT-01,C011978,VM-APP-0019,2,64.67,0.0,PLN
SO-2024-014864,1,2024-11-14,2024-11-15,PL-MKT-01,C011979,VM-CMP-0015,1,901.59,0.0,PLN
SO-2024-014864,2,2024-11-14,2024-11-15,PL-MKT-01,C011979,VM-APP-0008,2,156.79,0.0,PLN
SO-2024-014864,3,2024-11-14,2024-11-15,PL-MKT-01,C011979,VM-CMP-0013,1,519.39,0.0,PLN
SO-2024-014864,4,2024-11-14,2024-11-15,PL-MKT-01,C011979,VM-APP-0014,1,480.19,0.0,PLN
SO-2024-014865,1,2024-11-14,2024-11-14,CZ-PRG-01,,VM-NUT-0009,1,481.0,0.0,CZK
SO-2024-014865,2,2024-11-14,2024-11-14,CZ-PRG-01,,VM-APP-0008,2,905.0,0.0,CZK
SO-2024-014866,1,2024-11-14,2024-11-14,CZ-PRG-01,,VM-ACC-0023,1,5262.0,0.0,CZK
SO-2024-014866,2,2024-11-14,2024-11-14,CZ-PRG-01,,VM-CMP-0021,2,272.0,0.0,CZK
SO-2024-014866,3,2024-11-14,2024-11-14,CZ-PRG-01,, VM-CMP-0012 ,2,3055.0,0.0,CZK
SO-2024-014866,4,2024-11-14,2024-11-14,CZ-PRG-01,,VM-APP-0014,1,2772.0,0.0,CZK
SO-2024-014867,1,2024-11-14,2024-11-18,CZ-WEB-01,C011980,VM-CMP-0001,1,2263.0,0.0,CZK
SO-2024-014868,1,2024-11-14,2024-11-16,CZ-WEB-01,C011981,VM-ACC-0008,2,2263.0,0.0,CZK
SO-2024-014869,1,2024-11-14,2024-11-17,CZ-WEB-01,C011982,VM-BIK-0022,1,7921.0,0.0,CZK
SO-2024-014869,2,2024-11-14,2024-11-17,CZ-WEB-01,C011982,VM-NUT-0004,4,40.0,0.0,CZK
SO-2024-014869,3,2024-11-14,2024-11-17,CZ-WEB-01,C011982,VM-ACC-0012,1,407.0,0.0,CZK
SO-2024-014869,4,2024-11-14,2024-11-17,CZ-WEB-01,C011982,VM-ACC-0019,2,283.0,0.0,CZK
SO-2024-014870,1,2024-11-14,2024-11-16,CZ-WEB-01,C011983,VM-BIK-0009,1,31912.0,0.0,CZK
SO-2024-014870,2,2024-11-14,2024-11-16,CZ-WEB-01,C011983,VM-APP-0020,2,1018.0,0.0,CZK
SO-2024-014870,3,2024-11-14,2024-11-16,CZ-WEB-01,C011983,VM-ACC-0018,1,283.0,0.0,CZK
SO-2024-014870,4,2024-11-14,2024-11-16,CZ-WEB-01,C011983,VM-APP-0010,2,962.0,0.0,CZK
SO-2024-014871,1,2024-11-14,2024-11-17,CZ-WEB-01,C009689,VM-APP-0002,3,2490.0,0.0,CZK
SO-2024-014872,1,2024-11-14,2024-11-17,CZ-WEB-01,C011984,VM-ACC-0021,1,4413.0,0.0,CZK
SO-2024-014873,1,2024-11-14,2024-11-14,DE-BER-01,C011985,VM-NUT-0006,11,2.29,0.0,EUR
SO-2024-014874,1,2024-11-14,2024-11-16,DE-WEB-01,C011986,VM-ACC-0001,1,87.2,0.0,EUR
SO-2024-014874,2,2024-11-14,2024-11-16,DE-WEB-01,C011986,VM-ACC-0014,1,25.24,0.0,EUR
SO-2024-014874,3,2024-11-14,2024-11-16,DE-WEB-01,C011986,VM-BIK-0005,1,1700.53,0.0,EUR
SO-2024-014875,1,2024-11-14,2024-11-17,DE-WEB-01,C009352,VM-ACC-0020,3,185.89,0.12,EUR
SO-2024-014875,2,2024-11-14,2024-11-17,DE-WEB-01,C009352,VM-BIK-0003,2,1500.88,0.12,EUR
SO-2024-014875,3,2024-11-14,2024-11-17,DE-WEB-01,C009352,VM-BIK-0004,4,979.93,0.12,EUR
SO-2024-014875,4,2024-11-14,2024-11-17,DE-WEB-01,C009352,VM-CMP-0010,2,89.5,0.1,EUR
SO-2024-014876,1,2024-11-15,2024-11-15,PL-WAW-01,C011987,VM-CMP-0009,2,342.99,0.0,PLN
SO-2024-014876,2,2024-11-15,2024-11-15,PL-WAW-01,C011987,VM-NUT-0006,5,9.79,0.0,PLN
SO-2024-014876,3,2024-11-15,2024-11-15,PL-WAW-01,C011987,VM-ACC-0019,2,48.99,0.0,PLN
SO-2024-014876,4,2024-11-15,2024-11-15,PL-WAW-01,C011987,VM-APP-0006,3,303.79,0.0,PLN
SO-2024-014877,1,2024-11-15,2024-11-15,PL-WAW-01,,VM-APP-0011,1,401.79,0.0,PLN
SO-2024-014877,2,2024-11-15,2024-11-15,PL-WAW-01,,VM-APP-0002,2,431.19,0.0,PLN
SO-2024-014877,3,2024-11-15,2024-11-15,PL-WAW-01,,VM-ACC-0020,1,793.79,0.0,PLN
SO-2024-014877,4,2024-11-15,2024-11-15,PL-WAW-01,,VM-NUT-0003,11,10.77,0.0,PLN
SO-2024-014878,1,2024-11-15,2024-11-15,PL-WAW-01,C007161,VM-APP-0014,1,480.19,0.0,PLN
SO-2024-014879,1,2024-11-15,2024-11-15,PL-WAW-01,C003710,VM-ACC-0008,2,391.99,0.0,PLN
SO-2024-014880,1,2024-11-15,2024-11-15,PL-WAW-01,C008966,VM-BIK-0004,1,4184.59,0.0,PLN
SO-2024-014881,1,2024-11-15,2024-11-15,PL-WAW-01,C008825,VM-BIK-0013,1,4703.99,0.0,PLN
SO-2024-014882,1,2024-11-15,2024-11-15,PL-WAW-02,C009182,VM-BIK-0019,1,1185.79,0.0,PLN
SO-2024-014882,2,2024-11-15,2024-11-15,PL-WAW-02,C009182,VM-ACC-0013,1,166.59,0.0,PLN
SO-2024-014883,1,2024-11-15,2024-11-15,PL-WAW-02,C007054,VM-BIK-0007,1,6908.99,0.05,PLN
SO-2024-014883,2,2024-11-15,2024-11-15,PL-WAW-02,C007054,VM-CMP-0013,1,519.39,0.05,PLN
SO-2024-014883,3,2024-11-15,2024-11-15,PL-WAW-02,C007054,VM-ACC-0006,2,930.99,0.05,PLN
SO-2024-014884,1,2024-11-15,2024-11-15,PL-WAW-02,C010353,VM-BIK-0012,4,11573.79,0.08,PLN
SO-2024-014884,2,2024-11-15,2024-11-15,PL-WAW-02,C010353,VM-ACC-0003,4,284.19,0.12,PLN
SO-2024-014884,3,2024-11-15,2024-11-15,PL-WAW-02,C010353,VM-ACC-0008,6,391.99,0.08,PLN
SO-2024-014885,1,2024-11-15,2024-11-15,PL-WAW-02,,VM-APP-0005,3,176.39,0.0,PLN
SO-2024-014886,1,2024-11-15,2024-11-15,PL-KRK-01,,vm-app-0005,2,176.39,0.0,PLN
SO-2024-014887,1,2024-11-15,2024-11-15,PL-KRK-01,C005706,VM-ACC-0008,1,391.99,0.0,PLN
SO-2024-014887,2,2024-11-15,2024-11-15,PL-KRK-01,C005706,VM-APP-0002,3,431.19,0.0,PLN
SO-2024-014888,1,2024-11-15,2024-11-15,PL-KRK-01,C004274,VM-APP-0007,2,156.79,0.0,PLN
SO-2024-014889,1,2024-11-15,2024-11-15,PL-KRK-01,C010984,VM-NUT-0004,6,6.85,0.0,PLN
SO-2024-014890,1,2024-11-15,2024-11-15,PL-KRK-01,C006951,VM-NUT-0001,14,8.81,0.0,PLN
SO-2024-014890,2,2024-11-15,2024-11-15,PL-KRK-01,C006951,VM-APP-0002,1,431.19,0.0,PLN
SO-2024-014891,1,2024-11-15,2024-11-15,PL-KRK-01,C009663,VM-APP-0002,1,431.19,0.0,PLN
SO-2024-014892,1,2024-11-15,2024-11-15,PL-WRO-01,C010793,VM-ACC-0014,1,107.79,0.0,PLN
SO-2024-014892,2,2024-11-15,2024-11-15,PL-WRO-01,C010793,VM-ACC-0007,2,352.79,0.0,PLN
SO-2024-014893,1,2024-11-15,2024-11-15,PL-GDN-01,C011988,VM-ACC-0008,2,391.99,0.1,PLN
SO-2024-014893,2,2024-11-15,2024-11-15,PL-GDN-01,C011988,VM-NUT-0009,1,83.29,0.0,PLN
SO-2024-014894,1,2024-11-15,2024-11-15,PL-GDN-01,,VM-APP-0010,2,166.59,0.0,PLN
SO-2024-014895,1,2024-11-15,2024-11-15,PL-GDN-01,C011989,VM-ACC-0009,2,391.99,0.05,PLN
SO-2024-014895,2,2024-11-15,2024-11-15,PL-GDN-01,C011989,VM-APP-0004,1,235.19,0.0,PLN
SO-2024-014895,3,2024-11-15,2024-11-15,PL-GDN-01,C011989,vm-app-0006,1,303.79,0.0,PLN
SO-2024-014896,1,2024-11-15,2024-11-15,PL-GDN-01,C011283,VM-ACC-0001,2,372.39,0.05,PLN
SO-2024-014896,2,2024-11-15,2024-11-15,PL-GDN-01,C011283,VM-ACC-0019,3,48.99,0.05,PLN
SO-2024-014896,3,2024-11-15,2024-11-15,PL-GDN-01,C011283,VM-CMP-0009,1,342.99,0.05,PLN
SO-2024-014896,4,2024-11-15,2024-11-15,PL-GDN-01,C011283,VM-EBK-0007,1,14405.99,0.05,PLN
SO-2024-014897,1,2024-11-15,2024-11-15,PL-GDN-01,C011460,VM-BIK-0002,3,9437.39,0.1,PLN
SO-2024-014897,2,2024-11-15,2024-11-15,PL-GDN-01,C011460,VM-ACC-0017,6,56.83,0.12,PLN
SO-2024-014898,1,2024-11-15,2024-11-15,PL-GDN-01,,VM-APP-0002,3,431.19,0.0,PLN
SO-2024-014898,2,2024-11-15,2024-11-15,PL-GDN-01,,VM-ACC-0008,1,391.99,0.0,PLN
SO-2024-014899,1,2024-11-15,2024-11-15,PL-POZ-01,C004074,VM-CMP-0008,1,431.19,0.0,PLN
SO-2024-014899,2,2024-11-15,2024-11-15,PL-POZ-01,C004074,VM-APP-0019,1,64.67,0.0,PLN
SO-2024-014899,3,2024-11-15,2024-11-15,PL-POZ-01,C004074,VM-BIK-0016,1,3518.19,0.0,PLN
SO-2024-014900,1,2024-11-15,2024-11-15,PL-POZ-01,C008899,VM-APP-0009,2,342.99,0.05,PLN
SO-2024-014900,2,2024-11-15,2024-11-15,PL-POZ-01,C008899,VM-NUT-0003,10,10.77,0.05,PLN
SO-2024-014901,1,2024-11-15,2024-11-15,PL-POZ-01,C011990,VM-ACC-0020,1,793.79,0.0,PLN
SO-2024-014901,2,2024-11-15,2024-11-15,PL-POZ-01,C011990,VM-APP-0013,1,431.19,0.0,PLN
SO-2024-014902,1,2024-11-15,2024-11-15,PL-LDZ-01,,VM-APP-0016,1,597.79,0.0,PLN
SO-2024-014902,2,2024-11-15,2024-11-15,PL-LDZ-01,,VM-APP-0013,1,431.19,0.05,PLN
SO-2024-014902,3,2024-11-15,2024-11-15,PL-LDZ-01,,VM-ACC-0001,2,372.39,0.0,PLN
SO-2024-014903,1,2024-11-15,2024-11-15,PL-LDZ-01,C011991,VM-ACC-0019,3,48.99,0.0,PLN
SO-2024-014904,1,2024-11-15,2024-11-15,PL-LDZ-01,,VM-ACC-0015,1,342.99,0.0,PLN
SO-2024-014905,1,2024-11-15,2024-11-15,PL-LDZ-01,C011992,VM-ACC-0022,1,1538.59,0.0,PLN
SO-2024-014905,2,2024-11-15,2024-11-15,PL-LDZ-01,C011992,VM-EBK-0001,1,7516.59,0.0,PLN
SO-2024-014905,3,2024-11-15,2024-11-15,PL-LDZ-01,C011992,VM-NUT-0004,9,6.85,0.0,PLN
SO-2024-014905,4,2024-11-15,2024-11-15,PL-LDZ-01,C011992,VM-APP-0007,1,156.79,0.0,PLN
SO-2024-014906,1,2024-11-15,2024-11-15,PL-LDZ-01,C011993,VM-CMP-0016,1,2410.79,0.0,PLN
SO-2024-014907,1,2024-11-15,2024-11-15,PL-LDZ-01,C011994,VM-CMP-0013,1,519.39,0.0,PLN
SO-2024-014907,2,2024-11-15,2024-11-15,PL-LDZ-01,C011994,VM-APP-0010,1,166.59,0.0,PLN
SO-2024-014908,1,2024-11-15,2024-11-15,PL-LDZ-01,C010791,VM-ACC-0012,1,70.55,0.0,PLN
SO-2024-014908,2,2024-11-15,2024-11-15,PL-LDZ-01,C010791,VM-ACC-0018,2,48.99,0.0,PLN
SO-2024-014908,3,2024-11-15,2024-11-15,PL-LDZ-01,C010791,VM-APP-0019,2,64.67,0.05,PLN
SO-2024-014909,1,2024-11-15,2024-11-16,PL-WEB-01,C000020,VM-ACC-0014,1,107.79,0.0,PLN
SO-2024-014910,1,2024-11-15,2024-11-18,PL-WEB-01,C011995,VM-NUT-0009,2,83.29,0.0,PLN
SO-2024-014911,1,2024-11-15,2024-11-17,PL-WEB-01,C010872,VM-APP-0010,2,166.59,0.0,PLN
SO-2024-014912,1,2024-11-15,2024-11-17,PL-WEB-01,C004794,VM-ACC-0004,2,764.39,0.0,PLN
SO-2024-014913,1,2024-11-15,2024-11-17,PL-WEB-01,C011996,VM-EBK-0001,1,7516.59,0.0,PLN
SO-2024-014913,2,2024-11-15,2024-11-17,PL-WEB-01,C011996,VM-ACC-0019,1,48.99,0.0,PLN
SO-2024-014914,1,2024-11-15,2024-11-19,PL-WEB-01,C011673,VM-APP-0013,1,431.19,0.0,PLN
SO-2024-014914,2,2024-11-15,2024-11-19,PL-WEB-01,C011673,vm-acc-0013,1,166.59,0.0,PLN
SO-2024-014915,1,2024-11-15,2024-11-17,PL-WEB-01,C007545,VM-CMP-0020,1,254.79,0.0,PLN
SO-2024-014915,2,2024-11-15,2024-11-17,PL-WEB-01,C007545,VM-CMP-0010,1,382.19,0.0,PLN
SO-2024-014916,1,2024-11-15,2024-11-18,PL-WEB-01,C011997,VM-APP-0010,2,166.59,0.1,PLN
SO-2024-014916,2,2024-11-15,2024-11-18,PL-WEB-01,C011997,VM-APP-0011,2,401.79,0.0,PLN
SO-2024-014916,3,2024-11-15,2024-11-18,PL-WEB-01,C011997,VM-CMP-0012,1,529.19,0.0,PLN
SO-2024-014917,1,2024-11-15,2024-11-18,PL-WEB-01,C011998,VM-ACC-0011,1,70.55,0.0,PLN
SO-2024-014917,2,2024-11-15,2024-11-18,PL-WEB-01,C011998,VM-ACC-0008,2,391.99,0.0,PLN
SO-2024-014918,1,2024-11-15,2024-11-16,PL-WEB-01,C007476,VM-CMP-0005,2,1450.39,0.0,PLN
SO-2024-014918,2,2024-11-15,2024-11-16,PL-WEB-01,C007476,VM-EBK-0003,1,8908.19,0.0,PLN
SO-2024-014919,1,2024-11-15,2024-11-16,PL-WEB-01,C004085,VM-ACC-0018,3,48.99,0.05,PLN
SO-2024-014920,1,2024-11-15,2024-11-17,PL-WEB-01,C003839,VM-CMP-0019,3,205.79,0.0,PLN
SO-2024-014921,1,2024-11-15,2024-11-18,PL-WEB-01,C008180,VM-APP-0016,1,597.79,0.0,PLN
SO-2024-014922,1,2024-11-15,2024-11-16,PL-WEB-01,C011999,VM-NUT-0002,10,14.69,0.0,PLN
SO-2024-014923,1,2024-11-15,2024-11-19,PL-MKT-01,C012000,VM-ACC-0008,1,391.99,0.05,PLN
SO-2024-014923,2,2024-11-15,2024-11-19,PL-MKT-01,C012000,VM-ACC-0022,1,1538.59,0.05,PLN
SO-2024-014924,1,2024-11-15,2024-11-16,PL-MKT-01,C012001,VM-APP-0019,1,64.67,0.05,PLN
SO-2024-014925,1,2024-11-15,2024-11-18,PL-MKT-01,C010965,VM-ACC-0008,1,391.99,0.0,PLN
SO-2024-014925,2,2024-11-15,2024-11-18,PL-MKT-01,C010965,VM-APP-0003,2,303.79,0.0,PLN
SO-2024-014925,3,2024-11-15,2024-11-18,PL-MKT-01,C010965,VM-CMP-0005,2,1450.39,0.0,PLN
SO-2024-014926,1,2024-11-15,2024-11-19,PL-MKT-01,C007730,VM-NUT-0004,15,6.85,0.0,PLN
SO-2024-014926,2,2024-11-15,2024-11-19,PL-MKT-01,C007730,VM-NUT-0002,3,14.69,0.0,PLN
SO-2024-014926,3,2024-11-15,2024-11-19,PL-MKT-01,C007730,VM-CMP-0014,2,421.39,0.0,PLN
SO-2024-014927,1,2024-11-15,2024-11-19,PL-MKT-01,C002094,VM-ACC-0010,2,244.99,0.0,PLN
SO-2024-014927,2,2024-11-15,2024-11-19,PL-MKT-01,C002094,VM-NUT-0003,13,10.77,0.0,PLN
SO-2024-014928,1,2024-11-15,2024-11-15,CZ-PRG-01,C007102,VM-APP-0005,3,1018.0,0.0,CZK
SO-2024-014928,2,2024-11-15,2024-11-15,CZ-PRG-01,C007102,VM-CMP-0023,1,334.0,0.0,CZK
SO-2024-014928,3,2024-11-15,2024-11-15,CZ-PRG-01,C007102,VM-CMP-0008,1,2490.0,0.0,CZK
SO-2024-014929,1,2024-11-15,2024-11-15,CZ-BRN-01,C012002,vm-ebk-0007,5,83175.0,0.08,CZK
SO-2024-014930,1,2024-11-15,2024-11-16,CZ-WEB-01,C012003,VM-EBK-0007,1,83175.0,0.0,CZK
SO-2024-014931,1,2024-11-15,2024-11-19,CZ-WEB-01,C010004,VM-APP-0004,3,1358.0,0.0,CZK
SO-2024-014932,1,2024-11-15,2024-11-17,CZ-WEB-01,C012004,VM-NUT-0006,4,57.0,0.0,CZK
SO-2024-014932,2,2024-11-15,2024-11-17,CZ-WEB-01,C012004,VM-NUT-0001,10,51.0,0.0,CZK
SO-2024-014932,3,2024-11-15,2024-11-17,CZ-WEB-01,C012004,VM-NUT-0004,5,40.0,0.0,CZK
SO-2024-014932,4,2024-11-15,2024-11-17,CZ-WEB-01,C012004,VM-APP-0010,2,962.0,0.0,CZK
SO-2024-014933,1,2024-11-15,2024-11-18,CZ-WEB-01,C012005,VM-ACC-0008,2,2263.0,0.1,CZK
SO-2024-014934,1,2024-11-15,2024-11-19,CZ-WEB-01,C012006,VM-CMP-0013,2,2999.0,0.0,CZK
SO-2024-014935,1,2024-11-15,2024-11-16,CZ-WEB-01,C010035,VM-EBK-0001,1,43398.0,0.0,CZK
SO-2024-014935,2,2024-11-15,2024-11-16,CZ-WEB-01,C010035,VM-APP-0015,1,3225.0,0.0,CZK
SO-2024-014935,3,2024-11-15,2024-11-16,CZ-WEB-01,C010035,VM-BIK-0001,1,77461.0,0.05,CZK
SO-2024-014936,1,2024-11-15,2024-11-15,DE-BER-01,C006211,VM-APP-0014,1,112.45,0.0,EUR
SO-2024-014936,2,2024-11-15,2024-11-15,DE-BER-01,C006211,vm-nut-0006,9,2.29,0.0,EUR
SO-2024-014937,1,2024-11-15,2024-11-15,DE-BER-01,,vm-bik-0007,1,1617.92,0.0,EUR
SO-2024-014938,1,2024-11-15,2024-11-19,DE-WEB-01,C010859,VM-APP-0011,2,94.09,0.0,EUR
SO-2024-014939,1,2024-11-15,2024-11-17,DE-WEB-01,C000675,vm-acc-0008,2,91.79,0.05,EUR
SO-2024-014940,1,2024-11-15,2024-11-18,DE-WEB-01,C011180,VM-NUT-0011,2,12.39,0.05,EUR
SO-2024-014941,1,2024-11-16,2024-11-16,PL-WAW-01,C008037,VM-NUT-0009,2,83.29,0.0,PLN
SO-2024-014942,1,2024-11-16,2024-11-16,PL-WAW-01,C012007,VM-APP-0002,1,431.19,0.0,PLN
SO-2024-014943,1,2024-11-16,2024-11-16,PL-WAW-01,C010227,VM-NUT-0007,12,12.73,0.0,PLN
SO-2024-014943,2,2024-11-16,2024-11-16,PL-WAW-01,C010227,VM-APP-0012,1,852.59,0.0,PLN
SO-2024-014944,1,2024-11-16,2024-11-16,PL-WAW-01,C012008,VM-NUT-0006,11,9.79,0.0,PLN
SO-2024-014944,2,2024-11-16,2024-11-16,PL-WAW-01,C012008,VM-ACC-0014,1,107.79,0.0,PLN
SO-2024-014945,1,2024-11-16,2024-11-16,PL-WAW-01,C012009,VM-ACC-0018,3,48.99,0.05,PLN
SO-2024-014945,2,2024-11-16,2024-11-16,PL-WAW-01,C012009,VM-CMP-0023,2,57.81,0.05,PLN
SO-2024-014946,1,2024-11-16,2024-11-16,PL-WAW-01,C000118,VM-APP-0011,2,401.79,0.0,PLN
SO-2024-014947,1,2024-11-16,2024-11-16,PL-WAW-01,,VM-NUT-0009,1,83.29,0.0,PLN
SO-2024-014948,1,2024-11-16,2024-11-16,PL-WAW-01,C004281,VM-EBK-0002,1,9750.99,0.0,PLN
SO-2024-014948,2,2024-11-16,2024-11-16,PL-WAW-01,C004281,VM-CMP-0022,4,35.27,0.0,PLN
SO-2024-014949,1,2024-11-16,2024-11-16,PL-WAW-01,C009117,VM-APP-0014,1,480.19,0.1,PLN
SO-2024-014949,2,2024-11-16,2024-11-16,PL-WAW-01,C009117,VM-ACC-0020,1,793.79,0.05,PLN
SO-2024-014950,1,2024-11-16,2024-11-16,PL-WAW-01,C012010, VM-APP-0013 ,1,431.19,0.0,PLN
SO-2024-014950,2,2024-11-16,2024-11-16,PL-WAW-01,C012010,VM-CMP-0010,1,382.19,0.0,PLN
SO-2024-014950,3,2024-11-16,2024-11-16,PL-WAW-01,C012010,VM-APP-0011,1,401.79,0.0,PLN
SO-2024-014950,4,2024-11-16,2024-11-16,PL-WAW-01,C012010,VM-APP-0005,1,176.39,0.0,PLN
SO-2024-014951,1,2024-11-16,2024-11-16,PL-WAW-01,,VM-EBK-0003,1,8908.19,0.0,PLN
SO-2024-014952,1,2024-11-16,2024-11-16,PL-WAW-01,,VM-ACC-0004,2,764.39,0.0,PLN
SO-2024-014953,1,2024-11-16,2024-11-16,PL-WAW-02,C008827,VM-ACC-0001,1,372.39,0.0,PLN
SO-2024-014953,2,2024-11-16,2024-11-16,PL-WAW-02,C008827,VM-NUT-0002,8,14.69,0.0,PLN
SO-2024-014954,1,2024-11-16,2024-11-16,PL-WAW-02,C006477,VM-ACC-0015,5,342.99,0.12,PLN
SO-2024-014955,1,2024-11-16,2024-11-16,PL-WAW-02,C001176,vm-app-0010,2,166.59,0.0,PLN
SO-2024-014956,1,2024-11-16,2024-11-16,PL-WAW-02,,VM-CMP-0006,1,195.99,0.0,PLN
SO-2024-014956,2,2024-11-16,2024-11-16,PL-WAW-02,,VM-APP-0017,2,186.19,0.0,PLN
SO-2024-014957,1,2024-11-16,2024-11-16,PL-WAW-02,,VM-CMP-0006,1,195.99,0.0,PLN
SO-2024-014957,2,2024-11-16,2024-11-16,PL-WAW-02,,VM-NUT-0006,10,9.79,0.0,PLN
SO-2024-014957,3,2024-11-16,2024-11-16,PL-WAW-02,,VM-NUT-0001,4,8.81,0.0,PLN
SO-2024-014958,1,2024-11-16,2024-11-16,PL-WAW-02,C011049,VM-ACC-0008,1,391.99,0.0,PLN
SO-2024-014959,1,2024-11-16,2024-11-16,PL-KRK-01,C006297,vm-acc-0008,1,391.99,0.05,PLN
SO-2024-014960,1,2024-11-16,2024-11-16,PL-KRK-01,,VM-NUT-0006,11,9.79,0.0,PLN
SO-2024-014960,2,2024-11-16,2024-11-16,PL-KRK-01,,VM-ACC-0020,1,793.79,0.0,PLN
SO-2024-014961,1,2024-11-16,2024-11-16,PL-WRO-01,,VM-APP-0010,1,166.59,0.0,PLN
SO-2024-014961,2,2024-11-16,2024-11-16,PL-WRO-01,,VM-NUT-0006,7,9.79,0.0,PLN
SO-2024-014961,3,2024-11-16,2024-11-16,PL-WRO-01,,VM-NUT-0001,14,8.81,0.0,PLN
SO-2024-014962,1,2024-11-16,2024-11-16,PL-WRO-01,,VM-EBK-0008,1,14797.99,0.0,PLN
SO-2024-014962,2,2024-11-16,2024-11-16,PL-WRO-01,,VM-ACC-0014,1,107.79,0.0,PLN
SO-2024-014962,3,2024-11-16,2024-11-16,PL-WRO-01,,VM-NUT-0009,2,83.29,0.0,PLN
SO-2024-014962,4,2024-11-16,2024-11-16,PL-WRO-01,,VM-ACC-0019,1,48.99,0.0,PLN
SO-2024-014963,1,2024-11-16,2024-11-16,PL-WRO-01,C012011,VM-ACC-0008,1,391.99,0.0,PLN
SO-2024-014963,2,2024-11-16,2024-11-16,PL-WRO-01,C012011,VM-ACC-0017,3,56.83,0.05,PLN
SO-2024-014963,3,2024-11-16,2024-11-16,PL-WRO-01,C012011,VM-APP-0014,1,480.19,0.1,PLN
SO-2024-014964,1,2024-11-16,2024-11-16,PL-GDN-01,C012012,VM-BIK-0001,1,13416.19,0.0,PLN
SO-2024-014964,2,2024-11-16,2024-11-16,PL-GDN-01,C012012,VM-CMP-0013,1,519.39,0.0,PLN
SO-2024-014964,3,2024-11-16,2024-11-16,PL-GDN-01,C012012,VM-ACC-0008,2,391.99,0.0,PLN
SO-2024-014965,1,2024-11-16,2024-11-16,PL-GDN-01,C012013,VM-ACC-0002,2,597.79,0.0,PLN
SO-2024-014965,2,2024-11-16,2024-11-16,PL-GDN-01,C012013,VM-APP-0002,1,431.19,0.0,PLN
SO-2024-014966,1,2024-11-16,2024-11-16,PL-GDN-01,C012014,VM-APP-0002,3,431.19,0.0,PLN
SO-2024-014967,1,2024-11-16,2024-11-16,PL-GDN-01,C012015,VM-NUT-0003,3,10.77,0.1,PLN
SO-2024-014968,1,2024-11-16,2024-11-16,PL-GDN-01,,VM-APP-0006,2,303.79,0.0,PLN
SO-2024-014969,1,2024-11-16,2024-11-16,PL-POZ-01,,VM-APP-0008,1,156.79,0.0,PLN
SO-2024-014970,1,2024-11-16,2024-11-16,PL-POZ-01,C010259,VM-APP-0009,2,342.99,0.0,PLN
SO-2024-014970,2,2024-11-16,2024-11-16,PL-POZ-01,C010259,VM-APP-0006,3,303.79,0.0,PLN
SO-2024-014970,3,2024-11-16,2024-11-16,PL-POZ-01,C010259,VM-ACC-0008,2,391.99,0.0,PLN
SO-2024-014971,1,2024-11-16,2024-11-16,PL-POZ-01,C012016,VM-BIK-0005,1,7261.79,0.05,PLN
SO-2024-014971,2,2024-11-16,2024-11-16,PL-POZ-01,C012016,VM-ACC-0018,2,48.99,0.05,PLN
SO-2024-014971,3,2024-11-16,2024-11-16,PL-POZ-01,C012016,VM-ACC-0014,1,107.79,0.05,PLN
SO-2024-014972,1,2024-11-16,2024-11-16,PL-LDZ-01,C012017,VM-ACC-0018,2,48.99,0.0,PLN
SO-2024-014973,1,2024-11-16,2024-11-16,PL-LDZ-01,,VM-APP-0016,1,597.79,0.0,PLN
SO-2024-014974,1,2024-11-16,2024-11-18,PL-WEB-01,C008037,VM-APP-0007,2,156.79,0.0,PLN
SO-2024-014974,2,2024-11-16,2024-11-18,PL-WEB-01,C008037,VM-ACC-0020,1,793.79,0.0,PLN
SO-2024-014975,1,2024-11-16,2024-11-17,PL-WEB-01,C011089,VM-NUT-0009,3,83.29,0.05,PLN
SO-2024-014976,1,2024-11-16,2024-11-18,PL-WEB-01,C007048,VM-ACC-0008,2,391.99,0.05,PLN
SO-2024-014976,2,2024-11-16,2024-11-18,PL-WEB-01,C007048,VM-CMP-0022,2,35.27,0.05,PLN
SO-2024-014977,1,2024-11-16,2024-11-18,PL-WEB-01,C012018,VM-APP-0006,3,303.79,0.0,PLN
SO-2024-014977,2,2024-11-16,2024-11-18,PL-WEB-01,C012018,VM-ACC-0004,1,764.39,0.0,PLN
SO-2024-014978,1,2024-11-16,2024-11-17,PL-WEB-01,C010270,VM-APP-0003,3,303.79,0.05,PLN
SO-2024-014978,2,2024-11-16,2024-11-17,PL-WEB-01,C010270,VM-APP-0006,2,303.79,0.05,PLN
SO-2024-014978,3,2024-11-16,2024-11-17,PL-WEB-01,C010270,VM-NUT-0001,13,8.81,0.05,PLN
SO-2024-014979,1,2024-11-16,2024-11-17,PL-WEB-01,C000255,VM-APP-0020,1,176.39,0.05,PLN
SO-2024-014979,2,2024-11-16,2024-11-17,PL-WEB-01,C000255,VM-ACC-0014,1,107.79,0.05,PLN
SO-2024-014979,3,2024-11-16,2024-11-17,PL-WEB-01,C000255,VM-CMP-0010,1,382.19,0.05,PLN
SO-2024-014980,1,2024-11-16,2024-11-20,PL-WEB-01,C002611,VM-NUT-0009,4,83.29,0.0,PLN
SO-2024-014980,2,2024-11-16,2024-11-20,PL-WEB-01,C002611,VM-ACC-0008,2,391.99,0.0,PLN
SO-2024-014981,1,2024-11-16,2024-11-20,PL-WEB-01,C012019,VM-APP-0006,2,303.79,0.0,PLN
SO-2024-014982,1,2024-11-16,2024-11-20,PL-WEB-01,C012020,VM-APP-0006,1,303.79,0.0,PLN
SO-2024-014982,2,2024-11-16,2024-11-20,PL-WEB-01,C012020,VM-EBK-0007,1,14405.99,0.0,PLN
SO-2024-014982,3,2024-11-16,2024-11-20,PL-WEB-01,C012020,VM-APP-0010,1,166.59,0.0,PLN
SO-2024-014982,4,2024-11-16,2024-11-20,PL-WEB-01,C012020,vm-nut-0004,7,6.85,0.0,PLN
SO-2024-014983,1,2024-11-16,2024-11-19,PL-WEB-01,C010250,VM-CMP-0015,2,901.59,0.0,PLN
SO-2024-014984,1,2024-11-16,2024-11-18,PL-WEB-01,C009564,VM-CMP-0005,1,1450.39,0.0,PLN
SO-2024-014984,2,2024-11-16,2024-11-18,PL-WEB-01,C009564,VM-ACC-0018,3,48.99,0.0,PLN
SO-2024-014985,1,2024-11-16,2024-11-18,PL-WEB-01,C008715,VM-EBK-0002,1,9750.99,0.05,PLN
SO-2024-014985,2,2024-11-16,2024-11-18,PL-WEB-01,C008715,VM-ACC-0012,1,70.55,0.05,PLN
SO-2024-014986,1,2024-11-16,2024-11-20,PL-MKT-01,C010248,VM-NUT-0006,7,9.79,0.1,PLN
SO-2024-014987,1,2024-11-16,2024-11-19,PL-MKT-01,C012021,VM-CMP-0017,1,489.99,0.0,PLN
SO-2024-014987,2,2024-11-16,2024-11-19,PL-MKT-01,C012021,VM-APP-0013,1,431.19,0.0,PLN
SO-2024-014987,3,2024-11-16,2024-11-19,PL-MKT-01,C012021,VM-ACC-0008,1,391.99,0.0,PLN
SO-2024-014987,4,2024-11-16,2024-11-19,PL-MKT-01,C012021,VM-NUT-0001,14,8.81,0.0,PLN
SO-2024-014988,1,2024-11-16,2024-11-19,PL-MKT-01,C005047,VM-ACC-0004,2,764.39,0.0,PLN
SO-2024-014989,1,2024-11-16,2024-11-19,PL-MKT-01,C010460,VM-CMP-0009,2,342.99,0.0,PLN
SO-2024-014989,2,2024-11-16,2024-11-19,PL-MKT-01,C010460,VM-ACC-0004,2,764.39,0.0,PLN
SO-2024-014990,1,2024-11-16,2024-11-19,PL-MKT-01,C003696,VM-BIK-0018,1,2351.99,0.1,PLN
SO-2024-014990,2,2024-11-16,2024-11-19,PL-MKT-01,C003696,VM-APP-0015,1,558.59,0.0,PLN
SO-2024-014990,3,2024-11-16,2024-11-19,PL-MKT-01,C003696,VM-ACC-0008,1,391.99,0.0,PLN
SO-2024-014991,1,2024-11-16,2024-11-17,PL-MKT-01,C005093,VM-NUT-0004,5,6.85,0.0,PLN
SO-2024-014991,2,2024-11-16,2024-11-17,PL-MKT-01,C005093,VM-ACC-0008,2,391.99,0.0,PLN
SO-2024-014992,1,2024-11-16,2024-11-16,CZ-PRG-01,C009167,VM-ACC-0008,2,2263.0,0.0,CZK
SO-2024-014993,1,2024-11-16,2024-11-16,CZ-PRG-01,C012022,VM-ACC-0008,1,2263.0,0.0,CZK
SO-2024-014993,2,2024-11-16,2024-11-16,CZ-PRG-01,C012022,VM-ACC-0002,1,3451.0,0.1,CZK
SO-2024-014994,1,2024-11-16,2024-11-16,CZ-PRG-01,,VM-NUT-0003,9,62.0,0.0,CZK
SO-2024-014995,1,2024-11-16,2024-11-16,CZ-PRG-01,C012023,VM-APP-0020,2,1018.0,0.1,CZK
SO-2024-014995,2,2024-11-16,2024-11-16,CZ-PRG-01,C012023,VM-APP-0017,2,1075.0,0.0,CZK
SO-2024-014996,1,2024-11-16,2024-11-16,CZ-PRG-01,,VM-ACC-0014,1,622.0,0.0,CZK
SO-2024-014996,2,2024-11-16,2024-11-16,CZ-PRG-01,,VM-APP-0013,1,2490.0,0.0,CZK
SO-2024-014997,1,2024-11-16,2024-11-16,CZ-PRG-01,,VM-APP-0008,1,905.0,0.0,CZK
SO-2024-014998,1,2024-11-16,2024-11-16,CZ-BRN-01,,VM-NUT-0004,3,40.0,0.0,CZK
SO-2024-014998,2,2024-11-16,2024-11-16,CZ-BRN-01,,VM-NUT-0007,6,74.0,0.0,CZK
SO-2024-014999,1,2024-11-16,2024-11-16,CZ-BRN-01,C012024,VM-APP-0013,1,2490.0,0.0,CZK
SO-2024-014999,2,2024-11-16,2024-11-16,CZ-BRN-01,C012024,VM-EBK-0001,1,43398.0,0.0,CZK
SO-2024-014999,3,2024-11-16,2024-11-16,CZ-BRN-01,C012024,VM-CMP-0013,1,2999.0,0.0,CZK
SO-2024-015000,1,2024-11-16,2024-11-18,CZ-WEB-01,C011716,VM-APP-0012,1,4923.0,0.0,CZK
SO-2024-015000,2,2024-11-16,2024-11-18,CZ-WEB-01,C011716,VM-CMP-0007,2,3565.0,0.0,CZK
SO-2024-015000,3,2024-11-16,2024-11-18,CZ-WEB-01,C011716,VM-ACC-0001,1,2150.0,0.0,CZK
SO-2024-015001,1,2024-11-16,2024-11-16,DE-BER-01,,VM-ACC-0004,2,179.0,0.0,EUR
SO-2024-015002,1,2024-11-16,2024-11-16,DE-BER-01,C005518,VM-APP-0007,2,36.72,0.0,EUR
SO-2024-015002,2,2024-11-16,2024-11-16,DE-BER-01,C005518,vm-cmp-0009,1,80.32,0.0,EUR
SO-2024-015003,1,2024-11-16,2024-11-16,DE-BER-01,C011945,VM-CMP-0017,1,114.74,0.0,EUR
SO-2024-015003,2,2024-11-16,2024-11-16,DE-BER-01,C011945,VM-CMP-0005,1,339.65,0.0,EUR
SO-2024-015003,3,2024-11-16,2024-11-16,DE-BER-01,C011945,VM-EBK-0007,1,3373.53,0.0,EUR
SO-2024-015004,1,2024-11-16,2024-11-19,DE-WEB-01,C006604,VM-CMP-0001,2,91.79,0.0,EUR
SO-2024-015004,2,2024-11-16,2024-11-19,DE-WEB-01,C006604,VM-NUT-0004,12,1.6,0.0,EUR
SO-2024-015005,1,2024-11-16,2024-11-17,DE-WEB-01,C009311,VM-BIK-0009,1,1294.33,0.0,EUR
SO-2024-015006,1,2024-11-16,2024-11-20,DE-WEB-01,C011654,VM-ACC-0008,2,91.79,0.0,EUR
SO-2024-015006,2,2024-11-16,2024-11-20,DE-WEB-01,C011654,VM-APP-0009,2,80.32,0.0,EUR
SO-2024-015006,3,2024-11-16,2024-11-20,DE-WEB-01,C011654,VM-ACC-0006,2,218.02,0.0,EUR
SO-2024-015006,4,2024-11-16,2024-11-20,DE-WEB-01,C011654,VM-CMP-0008,1,100.97,0.0,EUR
SO-2024-015007,1,2024-11-17,2024-11-21,PL-WEB-01,C011098,VM-NUT-0009,1,83.29,0.0,PLN
SO-2024-015008,1,2024-11-17,2024-11-19,PL-WEB-01,C012025,VM-CMP-0009,2,342.99,0.0,PLN
SO-2024-015009,1,2024-11-17,2024-11-19,PL-WEB-01,C012026,VM-CMP-0013,1,519.39,0.0,PLN
SO-2024-015010,1,2024-11-17,2024-11-18,PL-WEB-01,C012027,VM-BIK-0022,1,1371.99,0.05,PLN
SO-2024-015010,2,2024-11-17,2024-11-18,PL-WEB-01,C012027,VM-ACC-0008,2,391.99,0.05,PLN
SO-2024-015010,3,2024-11-17,2024-11-18,PL-WEB-01,C012027,VM-ACC-0001,1,372.39,0.05,PLN
SO-2024-015011,1,2024-11-17,2024-11-20,PL-WEB-01,C006748,VM-ACC-0008,1,391.99,0.0,PLN
SO-2024-015011,2,2024-11-17,2024-11-20,PL-WEB-01,C006748,VM-ACC-0018,2,48.99,0.0,PLN
SO-2024-015011,3,2024-11-17,2024-11-20,PL-WEB-01,C006748,VM-CMP-0002,1,548.79,0.0,PLN
SO-2024-015012,1,2024-11-17,2024-11-18,PL-WEB-01,C012028,VM-BIK-0002,1,9437.39,0.0,PLN
SO-2024-015012,2,2024-11-17,2024-11-18,PL-WEB-01,C012028,VM-ACC-0014,1,107.79,0.0,PLN
SO-2024-015013,1,2024-11-17,2024-11-21,PL-WEB-01,C012029,VM-ACC-0003,2,284.19,0.05,PLN
SO-2024-015014,1,2024-11-17,2024-11-18,PL-WEB-01,C001311,VM-NUT-0001,9,8.81,0.0,PLN
SO-2024-015015,1,2024-11-17,2024-11-20,PL-WEB-01,C012030,VM-APP-0002,6,431.19,0.12,PLN
SO-2024-015016,1,2024-11-17,2024-11-20,PL-WEB-01,C010096,VM-APP-0002,2,431.19,0.0,PLN
SO-2024-015017,1,2024-11-17,2024-11-18,PL-WEB-01,C012031,VM-CMP-0013,1,519.39,0.0,PLN
SO-2024-015017,2,2024-11-17,2024-11-18,PL-WEB-01,C012031, VM-APP-0020 ,1,176.39,0.0,PLN
SO-2024-015017,3,2024-11-17,2024-11-18,PL-WEB-01,C012031,VM-NUT-0002,11,14.69,0.0,PLN
SO-2024-015017,4,2024-11-17,2024-11-18,PL-WEB-01,C012031,VM-ACC-0003,2,284.19,0.0,PLN
SO-2024-015018,1,2024-11-17,2024-11-18,PL-WEB-01,C012032,VM-ACC-0008,1,391.99,0.0,PLN
SO-2024-015018,2,2024-11-17,2024-11-18,PL-WEB-01,C012032,VM-APP-0015,1,558.59,0.0,PLN
SO-2024-015019,1,2024-11-17,2024-11-21,PL-WEB-01,C012033,VM-BIK-0003,1,6409.19,0.0,PLN
SO-2024-015019,2,2024-11-17,2024-11-21,PL-WEB-01,C012033,VM-NUT-0009,1,83.29,0.0,PLN
SO-2024-015020,1,2024-11-17,2024-11-21,PL-WEB-01,C007237,VM-APP-0013,1,431.19,0.0,PLN
SO-2024-015020,2,2024-11-17,2024-11-21,PL-WEB-01,C007237,VM-NUT-0009,4,83.29,0.0,PLN
SO-2024-015020,3,2024-11-17,2024-11-21,PL-WEB-01,C007237,vm-cmp-0019,1,205.79,0.0,PLN
SO-2024-015021,1,2024-11-17,2024-11-18,PL-WEB-01,C009381,VM-BIK-0018,1,2351.99,0.05,PLN
SO-2024-015021,2,2024-11-17,2024-11-18,PL-WEB-01,C009381,VM-BIK-0007,1,6908.99,0.05,PLN
SO-2024-015022,1,2024-11-17,2024-11-19,PL-WEB-01,C012034,VM-BIK-0003,1,6409.19,0.0,PLN
SO-2024-015023,1,2024-11-17,2024-11-21,PL-MKT-01,C012035,VM-CMP-0018,1,60.75,0.0,PLN
SO-2024-015023,2,2024-11-17,2024-11-21,PL-MKT-01,C012035,VM-BIK-0020,1,1185.79,0.0,PLN
SO-2024-015024,1,2024-11-17,2024-11-21,PL-MKT-01,C012036,VM-CMP-0012,2,529.19,0.0,PLN
SO-2024-015025,1,2024-11-17,2024-11-20,PL-MKT-01,C011987, VM-CMP-0015 ,2,901.59,0.0,PLN
SO-2024-015025,2,2024-11-17,2024-11-20,PL-MKT-01,C011987,VM-ACC-0017,3,56.83,0.0,PLN
SO-2024-015025,3,2024-11-17,2024-11-20,PL-MKT-01,C011987,VM-CMP-0011,2,156.79,0.1,PLN
SO-2024-015026,1,2024-11-17,2024-11-18,PL-MKT-01,C012037,VM-CMP-0005,1,1450.39,0.0,PLN
SO-2024-015027,1,2024-11-17,2024-11-21,PL-MKT-01,C012038,VM-ACC-0004,2,764.39,0.0,PLN
SO-2024-015028,1,2024-11-17,2024-11-17,CZ-BRN-01,C008817,VM-CMP-0009,2,1980.0,0.0,CZK
SO-2024-015028,2,2024-11-17,2024-11-17,CZ-BRN-01,C008817,vm-cmp-0002,1,3169.0,0.0,CZK
SO-2024-015029,1,2024-11-17,2024-11-19,CZ-WEB-01,C007190,VM-CMP-0017,2,2829.0,0.0,CZK
SO-2024-015029,2,2024-11-17,2024-11-19,CZ-WEB-01,C007190,VM-BIK-0004,1,24160.0,0.0,CZK
SO-2024-015029,3,2024-11-17,2024-11-19,CZ-WEB-01,C007190,VM-CMP-0018,1,351.0,0.0,CZK
SO-2024-015030,1,2024-11-17,2024-11-20,CZ-WEB-01,C012039,VM-BIK-0004,1,24160.0,0.0,CZK
SO-2024-015030,2,2024-11-17,2024-11-20,CZ-WEB-01,C012039,VM-ACC-0007,2,2037.0,0.0,CZK
SO-2024-015031,1,2024-11-17,2024-11-19,CZ-WEB-01,C009747,VM-CMP-0009,1,1980.0,0.0,CZK
SO-2024-015032,1,2024-11-17,2024-11-18,CZ-WEB-01,C012040,VM-ACC-0008,2,2263.0,0.0,CZK
SO-2024-015033,1,2024-11-17,2024-11-19,CZ-WEB-01,C007189,VM-ACC-0011,1,407.0,0.0,CZK
SO-2024-015033,2,2024-11-17,2024-11-19,CZ-WEB-01,C007189,VM-EBK-0008,1,85439.0,0.0,CZK
SO-2024-015034,1,2024-11-17,2024-11-18,CZ-WEB-01,C005683,VM-ACC-0022,1,8883.0,0.1,CZK
SO-2024-015035,1,2024-11-17,2024-11-19,DE-WEB-01,C012041,VM-ACC-0001,2,87.2,0.0,EUR
SO-2024-015035,2,2024-11-17,2024-11-19,DE-WEB-01,C012041,VM-CMP-0004,2,165.23,0.0,EUR
SO-2024-015036,1,2024-11-17,2024-11-19,DE-WEB-01,C012042,VM-ACC-0022,1,360.3,0.0,EUR
SO-2024-015037,1,2024-11-17,2024-11-21,DE-WEB-01,C011642,VM-NUT-0002,9,3.44,0.0,EUR
SO-2024-015038,1,2024-11-17,2024-11-19,DE-WEB-01,C012043,VM-ACC-0017,2,13.31,0.0,EUR
SO-2024-015038,2,2024-11-17,2024-11-19,DE-WEB-01,C012043,VM-ACC-0018,1,11.47,0.0,EUR
SO-2024-015039,1,2024-11-17,2024-11-20,DE-WEB-01,C011654,VM-BIK-0012,1,2710.3,0.0,EUR
SO-2024-015039,2,2024-11-17,2024-11-20,DE-WEB-01,C011654,VM-ACC-0004,1,179.0,0.0,EUR
SO-2024-015039,3,2024-11-17,2024-11-20,DE-WEB-01,C011654,VM-ACC-0008,2,91.79,0.0,EUR
SO-2024-015040,1,2024-11-18,2024-11-18,PL-WAW-01,C009809,VM-CMP-0002,1,548.79,0.0,PLN
SO-2024-015040,2,2024-11-18,2024-11-18,PL-WAW-01,C009809,VM-NUT-0009,4,83.29,0.0,PLN
SO-2024-015040,3,2024-11-18,2024-11-18,PL-WAW-01,C009809,VM-CMP-0022,1,35.27,0.0,PLN
SO-2024-015040,4,2024-11-18,2024-11-18,PL-WAW-01,C009809,VM-CMP-0009,2,342.99,0.0,PLN
SO-2024-015041,1,2024-11-18,2024-11-18,PL-WAW-01,C003303,VM-EBK-0009,1,9711.79,0.05,PLN
SO-2024-015042,1,2024-11-18,2024-11-18,PL-WAW-01,,VM-EBK-0003,1,8908.19,0.0,PLN
SO-2024-015042,2,2024-11-18,2024-11-18,PL-WAW-01,,VM-ACC-0008,1,391.99,0.0,PLN
SO-2024-015043,1,2024-11-18,2024-11-18,PL-WAW-01,,VM-APP-0013,1,431.19,0.0,PLN
SO-2024-015044,1,2024-11-18,2024-11-18,PL-WAW-01,,VM-BIK-0022,1,1371.99,0.0,PLN
SO-2024-015044,2,2024-11-18,2024-11-18,PL-WAW-01,,VM-ACC-0018,3,48.99,0.0,PLN
SO-2024-015044,3,2024-11-18,2024-11-18,PL-WAW-01,, VM-ACC-0007 ,1,352.79,0.0,PLN
SO-2024-015045,1,2024-11-18,2024-11-18,PL-WAW-02,,VM-BIK-0019,1,1185.79,0.0,PLN
SO-2024-015046,1,2024-11-18,2024-11-18,PL-WAW-02,,VM-BIK-0004,1,4184.59,0.0,PLN
SO-2024-015046,2,2024-11-18,2024-11-18,PL-WAW-02,,VM-BIK-0011,1,8476.99,0.0,PLN
SO-2024-015046,3,2024-11-18,2024-11-18,PL-WAW-02,,VM-ACC-0004,2,764.39,0.0,PLN
SO-2024-015047,1,2024-11-18,2024-11-18,PL-WAW-02,,VM-ACC-0017,2,56.83,0.05,PLN
SO-2024-015048,1,2024-11-18,2024-11-18,PL-WAW-02,C012044,VM-BIK-0003,1,6409.19,0.05,PLN
SO-2024-015049,1,2024-11-18,2024-11-18,PL-KRK-01,C012045,VM-BIK-0009,1,5527.19,0.0,PLN
SO-2024-015049,2,2024-11-18,2024-11-18,PL-KRK-01,C012045,VM-ACC-0018,2,48.99,0.0,PLN
SO-2024-015049,3,2024-11-18,2024-11-18,PL-KRK-01,C012045,VM-CMP-0016,1,2410.79,0.0,PLN
SO-2024-015050,1,2024-11-18,2024-11-18,PL-KRK-01,C012028,VM-APP-0002,1,431.19,0.0,PLN
SO-2024-015051,1,2024-11-18,2024-11-18,PL-KRK-01,C010077,VM-ACC-0003,2,284.19,0.0,PLN
SO-2024-015051,2,2024-11-18,2024-11-18,PL-KRK-01,C010077,VM-APP-0013,1,431.19,0.0,PLN
SO-2024-015052,1,2024-11-18,2024-11-18,PL-KRK-01,,VM-NUT-0006,11,9.79,0.0,PLN
SO-2024-015052,2,2024-11-18,2024-11-18,PL-KRK-01,,VM-ACC-0021,1,764.39,0.0,PLN
SO-2024-015052,3,2024-11-18,2024-11-18,PL-KRK-01,,VM-CMP-0022,2,35.27,0.0,PLN
SO-2024-015053,1,2024-11-18,2024-11-18,PL-KRK-01,C012046,VM-APP-0008,1,156.79,0.0,PLN
SO-2024-015054,1,2024-11-18,2024-11-18,PL-WRO-01,,VM-APP-0016,1,597.79,0.0,PLN
SO-2024-015055,1,2024-11-18,2024-11-18,PL-WRO-01,C011805,VM-ACC-0008,2,391.99,0.0,PLN
SO-2024-015056,1,2024-11-18,2024-11-18,PL-WRO-01,C012047,VM-CMP-0005,1,1450.39,0.05,PLN
SO-2024-015057,1,2024-11-18,2024-11-18,PL-WRO-01,C012048,VM-ACC-0018,3,48.99,0.05,PLN
SO-2024-015058,1,2024-11-18,2024-11-18,PL-WRO-01,C012049,VM-NUT-0003,4,10.77,0.0,PLN
SO-2024-015058,2,2024-11-18,2024-11-18,PL-WRO-01,C012049,VM-ACC-0008,2,391.99,0.0,PLN
SO-2024-015058,3,2024-11-18,2024-11-18,PL-WRO-01,C012049,VM-APP-0013,1,431.19,0.1,PLN
SO-2024-015058,4,2024-11-18,2024-11-18,PL-WRO-01,C012049,VM-APP-0006,1,303.79,0.0,PLN
SO-2024-015059,1,2024-11-18,2024-11-18,PL-WRO-01,C012050,VM-BIK-0002,1,9437.39,0.05,PLN
SO-2024-015059,2,2024-11-18,2024-11-18,PL-WRO-01,C012050,VM-APP-0013,1,431.19,0.0,PLN
SO-2024-015059,3,2024-11-18,2024-11-18,PL-WRO-01,C012050,VM-CMP-0023,3,57.81,0.0,PLN
SO-2024-015059,4,2024-11-18,2024-11-18,PL-WRO-01,C012050,VM-ACC-0008,1,391.99,0.0,PLN
SO-2024-015060,1,2024-11-18,2024-11-18,PL-WRO-01,,VM-ACC-0008,2,391.99,0.0,PLN
SO-2024-015061,1,2024-11-18,2024-11-18,PL-WRO-01,,VM-NUT-0007,11,12.73,0.0,PLN
SO-2024-015062,1,2024-11-18,2024-11-18,PL-GDN-01,,VM-ACC-0018,1,48.99,0.0,PLN
SO-2024-015062,2,2024-11-18,2024-11-18,PL-GDN-01,,VM-ACC-0004,1,764.39,0.0,PLN
SO-2024-015063,1,2024-11-18,2024-11-18,PL-GDN-01,,VM-ACC-0020,1,793.79,0.0,PLN
SO-2024-015064,1,2024-11-18,2024-11-18,PL-GDN-01,C012051,VM-CMP-0015,2,901.59,0.0,PLN
SO-2024-015064,2,2024-11-18,2024-11-18,PL-GDN-01,C012051,VM-NUT-0007,6,12.73,0.0,PLN
SO-2024-015065,1,2024-11-18,2024-11-18,PL-POZ-01,,VM-BIK-0004,1,4184.59,0.0,PLN
SO-2024-015066,1,2024-11-18,2024-11-18,PL-POZ-01,,VM-ACC-0007,2,352.79,0.0,PLN
SO-2024-015067,1,2024-11-18,2024-11-18,PL-POZ-01,C000480,VM-APP-0006,2,303.79,0.0,PLN
SO-2024-015067,2,2024-11-18,2024-11-18,PL-POZ-01,C000480,VM-ACC-0008,2,391.99,0.0,PLN
SO-2024-015067,3,2024-11-18,2024-11-18,PL-POZ-01,C000480,VM-NUT-0003,6,10.77,0.0,PLN
SO-2024-015068,1,2024-11-18,2024-11-18,PL-LDZ-01,C012052,VM-APP-0016,1,597.79,0.05,PLN
SO-2024-015068,2,2024-11-18,2024-11-18,PL-LDZ-01,C012052,VM-APP-0002,3,431.19,0.05,PLN
SO-2024-015068,3,2024-11-18,2024-11-18,PL-LDZ-01,C012052,VM-APP-0020,1,176.39,0.05,PLN
SO-2024-015068,4,2024-11-18,2024-11-18,PL-LDZ-01,C012052,VM-ACC-0004,1,764.39,0.05,PLN
SO-2024-015069,1,2024-11-18,2024-11-19,PL-WEB-01,C012053,VM-NUT-0003,11,10.77,0.0,PLN
SO-2024-015069,2,2024-11-18,2024-11-19,PL-WEB-01,C012053,VM-CMP-0023,4,57.81,0.0,PLN
SO-2024-015069,3,2024-11-18,2024-11-19,PL-WEB-01,C012053,VM-CMP-0005,2,1450.39,0.0,PLN
SO-2024-015069,4,2024-11-18,2024-11-19,PL-WEB-01,C012053,VM-ACC-0008,1,391.99,0.0,PLN
SO-2024-015070,1,2024-11-18,2024-11-20,PL-WEB-01,C001319,VM-APP-0007,2,156.79,0.0,PLN
SO-2024-015070,2,2024-11-18,2024-11-20,PL-WEB-01,C001319,VM-APP-0019,1,64.67,0.0,PLN
SO-2024-015070,3,2024-11-18,2024-11-20,PL-WEB-01,C001319,VM-APP-0002,2,431.19,0.1,PLN
SO-2024-015071,1,2024-11-18,2024-11-22,PL-WEB-01,C008535,VM-BIK-0017,1,1871.79,0.0,PLN
SO-2024-015071,2,2024-11-18,2024-11-22,PL-WEB-01,C008535,VM-APP-0006,3,303.79,0.0,PLN
SO-2024-015072,1,2024-11-18,2024-11-19,PL-WEB-01,C012054,VM-NUT-0004,13,6.85,0.0,PLN
SO-2024-015073,1,2024-11-18,2024-11-20,PL-WEB-01,C012055,VM-APP-0013,1,431.19,0.05,PLN
SO-2024-015073,2,2024-11-18,2024-11-20,PL-WEB-01,C012055,VM-APP-0005,2,176.39,0.05,PLN
SO-2024-015073,3,2024-11-18,2024-11-20,PL-WEB-01,C012055,VM-EBK-0008,1,14797.99,0.05,PLN
SO-2024-015073,4,2024-11-18,2024-11-20,PL-WEB-01,C012055,VM-ACC-0007,1,352.79,0.05,PLN
SO-2024-015074,1,2024-11-18,2024-11-21,PL-WEB-01,C012056,VM-EBK-0011,1,14347.19,0.05,PLN
SO-2024-015074,2,2024-11-18,2024-11-21,PL-WEB-01,C012056,VM-ACC-0008,2,391.99,0.05,PLN
SO-2024-015075,1,2024-11-18,2024-11-19,PL-MKT-01,C008508,VM-BIK-0011,1,8476.99,0.0,PLN
SO-2024-015076,1,2024-11-18,2024-11-21,PL-MKT-01,C012057,VM-EBK-0010,1,13220.19,0.0,PLN
SO-2024-015076,2,2024-11-18,2024-11-21,PL-MKT-01,C012057,VM-APP-0008,2,156.79,0.0,PLN
SO-2024-015077,1,2024-11-18,2024-11-19,PL-MKT-01,C012058,VM-APP-0008,2,156.79,0.0,PLN
SO-2024-015078,1,2024-11-18,2024-11-22,PL-MKT-01,C012059,VM-APP-0002,2,431.19,0.0,PLN
SO-2024-015079,1,2024-11-18,2024-11-20,PL-MKT-01,C003634,VM-BIK-0007,1,6908.99,0.0,PLN
SO-2024-015079,2,2024-11-18,2024-11-20,PL-MKT-01,C003634,VM-ACC-0013,1,166.59,0.0,PLN
SO-2024-015080,1,2024-11-18,2024-11-21,PL-MKT-01,C012060,VM-CMP-0017,2,489.99,0.0,PLN
SO-2024-015080,2,2024-11-18,2024-11-21,PL-MKT-01,C012060,VM-APP-0007,2,156.79,0.0,PLN
SO-2024-015080,3,2024-11-18,2024-11-21,PL-MKT-01,C012060,VM-ACC-0018,1,48.99,0.0,PLN
SO-2024-015081,1,2024-11-18,2024-11-19,PL-MKT-01,C008923,VM-APP-0009,2,342.99,0.0,PLN
SO-2024-015082,1,2024-11-18,2024-11-18,CZ-PRG-01,C012061,VM-NUT-0009,1,481.0,0.0,CZK
SO-2024-015083,1,2024-11-18,2024-11-18,CZ-BRN-01,C012062,VM-APP-0015,1,3225.0,0.0,CZK
SO-2024-015083,2,2024-11-18,2024-11-18,CZ-BRN-01,C012062,VM-APP-0002,3,2490.0,0.0,CZK
SO-2024-015084,1,2024-11-18,2024-11-20,CZ-WEB-01,C012063,VM-NUT-0009,2,481.0,0.0,CZK
SO-2024-015085,1,2024-11-18,2024-11-21,CZ-WEB-01,C011773,VM-CMP-0015,2,5205.0,0.05,CZK
SO-2024-015086,1,2024-11-18,2024-11-21,CZ-WEB-01,C012064,VM-APP-0002,2,2490.0,0.0,CZK
SO-2024-015086,2,2024-11-18,2024-11-21,CZ-WEB-01,C012064,VM-ACC-0003,2,1641.0,0.0,CZK
SO-2024-015087,1,2024-11-18,2024-11-22,CZ-WEB-01,C012065,VM-CMP-0013,1,2999.0,0.0,CZK
SO-2024-015087,2,2024-11-18,2024-11-22,CZ-WEB-01,C012065,VM-NUT-0006,9,57.0,0.0,CZK
SO-2024-015087,3,2024-11-18,2024-11-22,CZ-WEB-01,C012065,VM-APP-0011,2,2320.0,0.0,CZK
SO-2024-015088,1,2024-11-18,2024-11-18,DE-BER-01,C012066,VM-ACC-0010,2,57.37,0.0,EUR
SO-2024-015088,2,2024-11-18,2024-11-18,DE-BER-01,C012066,VM-APP-0002,2,100.97,0.0,EUR
SO-2024-015088,3,2024-11-18,2024-11-18,DE-BER-01,C012066,VM-APP-0003,3,71.14,0.0,EUR
SO-2024-015089,1,2024-11-18,2024-11-18,DE-BER-01,C008583,VM-ACC-0011,2,16.52,0.0,EUR
SO-2024-015089,2,2024-11-18,2024-11-18,DE-BER-01,C008583,VM-CMP-0014,2,98.68,0.0,EUR
SO-2024-015089,3,2024-11-18,2024-11-18,DE-BER-01,C008583,VM-CMP-0013,2,121.63,0.0,EUR
SO-2024-015089,4,2024-11-18,2024-11-18,DE-BER-01,C008583,VM-ACC-0002,2,139.99,0.0,EUR
SO-2024-015090,1,2024-11-18,2024-11-18,DE-BER-01,,VM-ACC-0021,1,179.0,0.0,EUR
SO-2024-015091,1,2024-11-18,2024-11-21,DE-WEB-01,C012067,VM-EBK-0001,1,1760.2,0.0,EUR
SO-2024-015092,1,2024-11-18,2024-11-22,DE-WEB-01,C010069,VM-NUT-0001,12,2.06,0.0,EUR
SO-2024-015093,1,2024-11-18,2024-11-20,DE-WEB-01,C008818,VM-APP-0008,3,36.72,0.1,EUR
SO-2024-015094,1,2024-11-18,2024-11-22,DE-WEB-01,C012068,VM-BIK-0019,1,277.68,0.0,EUR
SO-2024-015094,2,2024-11-18,2024-11-22,DE-WEB-01,C012068,VM-CMP-0014,1,98.68,0.0,EUR
SO-TEST-0011,1,2024-11-18,2024-11-18,TEST-01,TEST-QA,VM-NUT-0008,1,1.0,0.0,PLN
SO-2024-015095,1,2024-11-19,2024-11-19,PL-WAW-01,C012069,VM-NUT-0004,7,6.85,0.05,PLN
SO-2024-015095,2,2024-11-19,2024-11-19,PL-WAW-01,C012069,vm-ebk-0003,1,8908.19,0.05,PLN
SO-2024-015096,1,2024-11-19,2024-11-19,PL-WAW-01,,VM-CMP-0003,1,235.19,0.0,PLN
SO-2024-015097,1,2024-11-19,2024-11-19,PL-WAW-01,C012070,VM-APP-0008,2,156.79,0.0,PLN
SO-2024-015098,1,2024-11-19,2024-11-19,PL-WAW-01,,VM-EBK-0008,1,14797.99,0.0,PLN
SO-2024-015099,1,2024-11-19,2024-11-19,PL-WAW-01,C005259,VM-NUT-0002,11,14.69,0.0,PLN
SO-2024-015099,2,2024-11-19,2024-11-19,PL-WAW-01,C005259,VM-APP-0002,1,431.19,0.0,PLN
SO-2024-015100,1,2024-11-19,2024-11-19,PL-WAW-01,C003222,VM-NUT-0006,24,9.79,0.08,PLN
SO-2024-015100,2,2024-11-19,2024-11-19,PL-WAW-01,C003222,VM-APP-0013,5,431.19,0.08,PLN
SO-2024-015101,1,2024-11-19,2024-11-19,PL-WAW-02,C012071,VM-CMP-0014,1,421.39,0.0,PLN
SO-2024-015102,1,2024-11-19,2024-11-19,PL-WAW-02,C009486,VM-APP-0017,2,186.19,0.05,PLN
SO-2024-015102,2,2024-11-19,2024-11-19,PL-WAW-02,C009486,VM-NUT-0009,3,83.29,0.05,PLN
SO-2024-015103,1,2024-11-19,2024-11-19,PL-WAW-02,C006490,VM-APP-0005,1,176.39,0.0,PLN
SO-2024-015104,1,2024-11-19,2024-11-19,PL-WAW-02,,VM-APP-0002,3,431.19,0.0,PLN
SO-2024-015104,2,2024-11-19,2024-11-19,PL-WAW-02,,VM-BIK-0003,1,6409.19,0.0,PLN
SO-2024-015104,3,2024-11-19,2024-11-19,PL-WAW-02,,VM-ACC-0008,1,391.99,0.0,PLN
SO-2024-015104,4,2024-11-19,2024-11-19,PL-WAW-02,,VM-CMP-0010,2,382.19,0.0,PLN
SO-2024-015105,1,2024-11-19,2024-11-19,PL-KRK-01,C012072,VM-EBK-0011,1,14347.19,0.0,PLN
SO-2024-015105,2,2024-11-19,2024-11-19,PL-KRK-01,C012072,VM-ACC-0009,1,391.99,0.0,PLN
SO-2024-015105,3,2024-11-19,2024-11-19,PL-KRK-01,C012072,VM-ACC-0014,1,107.79,0.0,PLN
SO-2024-015106,1,2024-11-19,2024-11-19,PL-KRK-01,C002018,VM-NUT-0009,2,83.29,0.0,PLN
SO-2024-015106,2,2024-11-19,2024-11-19,PL-KRK-01,C002018,VM-CMP-0017,2,489.99,0.0,PLN
SO-2024-015106,3,2024-11-19,2024-11-19,PL-KRK-01,C002018,VM-ACC-0008,1,391.99,0.0,PLN
SO-2024-015106,4,2024-11-19,2024-11-19,PL-KRK-01,C002018,VM-ACC-0007,2,352.79,0.1,PLN
SO-2024-015107,1,2024-11-19,2024-11-19,PL-KRK-01,C012073,VM-ACC-0008,2,391.99,0.1,PLN
SO-2024-015108,1,2024-11-19,2024-11-19,PL-KRK-01,C003955,VM-ACC-0021,5,764.39,0.12,PLN
SO-2024-015109,1,2024-11-19,2024-11-19,PL-KRK-01,C011212,VM-APP-0004,3,235.19,0.05,PLN
SO-2024-015110,1,2024-11-19,2024-11-19,PL-KRK-01,,VM-ACC-0018,2,48.99,0.0,PLN
SO-2024-015111,1,2024-11-19,2024-11-19,PL-WRO-01,,VM-ACC-0008,1,391.99,0.0,PLN
SO-2024-015111,2,2024-11-19,2024-11-19,PL-WRO-01,,VM-ACC-0012,1,70.55,0.0,PLN
SO-2024-015111,3,2024-11-19,2024-11-19,PL-WRO-01,,VM-CMP-0009,1,342.99,0.0,PLN
SO-2024-015112,1,2024-11-19,2024-11-19,PL-GDN-01,C004438,VM-NUT-0004,10,6.85,0.0,PLN
SO-2024-015112,2,2024-11-19,2024-11-19,PL-GDN-01,C004438,VM-ACC-0008,1,391.99,0.0,PLN
SO-2024-015113,1,2024-11-19,2024-11-19,PL-GDN-01,C009624,VM-ACC-0012,5,70.55,0.12,PLN
SO-2024-015113,2,2024-11-19,2024-11-19,PL-GDN-01,C009624,VM-NUT-0002,27,14.69,0.08,PLN
SO-2024-015113,3,2024-11-19,2024-11-19,PL-GDN-01,C009624,VM-APP-0012,4,852.59,0.1,PLN
SO-2024-015114,1,2024-11-19,2024-11-19,PL-GDN-01,,VM-NUT-0007,9,12.73,0.0,PLN
SO-2024-015114,2,2024-11-19,2024-11-19,PL-GDN-01,,VM-APP-0010,2,166.59,0.0,PLN
SO-2024-015115,1,2024-11-19,2024-11-19,PL-POZ-01,,VM-ACC-0010,1,244.99,0.0,PLN
SO-2024-015115,2,2024-11-19,2024-11-19,PL-POZ-01,,VM-NUT-0009,1,83.29,0.0,PLN
SO-2024-015116,1,2024-11-19,2024-11-19,PL-POZ-01,,VM-ACC-0013,1,166.59,0.0,PLN
SO-2024-015116,2,2024-11-19,2024-11-19,PL-POZ-01,,VM-BIK-0018,1,2351.99,0.0,PLN
SO-2024-015117,1,2024-11-19,2024-11-19,PL-POZ-01,C009552,VM-NUT-0007,30,12.73,0.08,PLN
SO-2024-015118,1,2024-11-19,2024-11-19,PL-POZ-01,,VM-APP-0007,1,156.79,0.0,PLN
SO-2024-015118,2,2024-11-19,2024-11-19,PL-POZ-01,,VM-ACC-0014,1,107.79,0.0,PLN
SO-2024-015119,1,2024-11-19,2024-11-19,PL-LDZ-01,C009317,VM-APP-0006,3,303.79,0.0,PLN
SO-2024-015120,1,2024-11-19,2024-11-19,PL-LDZ-01,,VM-CMP-0017,1,489.99,0.0,PLN
SO-2024-015120,2,2024-11-19,2024-11-19,PL-LDZ-01,,VM-APP-0014,1,480.19,0.0,PLN
SO-2024-015120,3,2024-11-19,2024-11-19,PL-LDZ-01,,VM-ACC-0008,1,391.99,0.0,PLN
SO-2024-015120,4,2024-11-19,2024-11-19,PL-LDZ-01,,VM-APP-0012,1,852.59,0.0,PLN
SO-2024-015121,1,2024-11-19,2024-11-22,PL-WEB-01,C012074,VM-CMP-0012,2,529.19,0.0,PLN
SO-2024-015122,1,2024-11-19,2024-11-20,PL-WEB-01,C012075,VM-ACC-0008,2,391.99,0.0,PLN
SO-2024-015123,1,2024-11-19,2024-11-21,PL-WEB-01,C007356,VM-APP-0010,2,166.59,0.05,PLN
SO-2024-015124,1,2024-11-19,2024-11-21,PL-WEB-01,C006688,VM-NUT-0001,12,8.81,0.0,PLN
SO-2024-015125,1,2024-11-19,2024-11-22,PL-WEB-01,C009849,VM-APP-0006,1,303.79,0.05,PLN
SO-2024-015125,2,2024-11-19,2024-11-22,PL-WEB-01,C009849,VM-ACC-0008,1,391.99,0.0,PLN
SO-2024-015126,1,2024-11-19,2024-11-23,PL-WEB-01,C011458,VM-CMP-0011,1,156.79,0.0,PLN
SO-2024-015126,2,2024-11-19,2024-11-23,PL-WEB-01,C011458,VM-NUT-0006,10,9.79,0.0,PLN
SO-2024-015127,1,2024-11-19,2024-11-22,PL-WEB-01,C012076,VM-ACC-0001,2,372.39,0.05,PLN
SO-2024-015127,2,2024-11-19,2024-11-22,PL-WEB-01,C012076,VM-ACC-0003,2,284.19,0.05,PLN
SO-2024-015128,1,2024-11-19,2024-11-23,PL-WEB-01,C004751,VM-NUT-0004,15,6.85,0.05,PLN
SO-2024-015128,2,2024-11-19,2024-11-23,PL-WEB-01,C004751,VM-APP-0015,1,558.59,0.05,PLN
SO-2024-015128,3,2024-11-19,2024-11-23,PL-WEB-01,C004751,vm-nut-0006,11,9.79,0.05,PLN
SO-2024-015129,1,2024-11-19,2024-11-22,PL-WEB-01,C006207,VM-APP-0002,1,431.19,0.05,PLN
SO-2024-015130,1,2024-11-19,2024-11-21,PL-WEB-01,C010026,VM-CMP-0020,4,254.79,0.0,PLN
SO-2024-015131,1,2024-11-19,2024-11-22,PL-WEB-01,C004535,VM-ACC-0008,1,391.99,0.0,PLN
SO-2024-015132,1,2024-11-19,2024-11-21,PL-WEB-01,C012077,VM-APP-0007,2,156.79,0.0,PLN
SO-2024-015133,1,2024-11-19,2024-11-22,PL-MKT-01,C008116,VM-APP-0017,1,186.19,0.0,PLN
SO-2024-015133,2,2024-11-19,2024-11-22,PL-MKT-01,C008116,VM-APP-0014,1,480.19,0.0,PLN
SO-2024-015133,3,2024-11-19,2024-11-22,PL-MKT-01,C008116,VM-CMP-0018,4,60.75,0.0,PLN
SO-2024-015134,1,2024-11-19,2024-11-23,PL-MKT-01,C009599,VM-APP-0006,2,303.79,0.0,PLN
SO-2024-015134,2,2024-11-19,2024-11-23,PL-MKT-01,C009599,VM-APP-0010,1,166.59,0.0,PLN
SO-2024-015135,1,2024-11-19,2024-11-20,PL-MKT-01,C010338,VM-APP-0010,1,166.59,0.0,PLN
SO-2024-015136,1,2024-11-19,2024-11-21,PL-MKT-01,C000339,VM-BIK-0002,1,9437.39,0.0,PLN
SO-2024-015136,2,2024-11-19,2024-11-21,PL-MKT-01,C000339,VM-ACC-0001,2,372.39,0.0,PLN
SO-2024-015136,3,2024-11-19,2024-11-21,PL-MKT-01,C000339,VM-ACC-0018,2,48.99,0.0,PLN
SO-2024-015137,1,2024-11-19,2024-11-22,PL-MKT-01,C010743,VM-APP-0008,1,156.79,0.0,PLN
SO-2024-015137,2,2024-11-19,2024-11-22,PL-MKT-01,C010743,VM-BIK-0014,1,3753.39,0.0,PLN
SO-2024-015138,1,2024-11-19,2024-11-23,PL-MKT-01,C007356,VM-APP-0004,2,235.19,0.05,PLN
SO-2024-015138,2,2024-11-19,2024-11-23,PL-MKT-01,C007356,VM-APP-0003,1,303.79,0.05,PLN
SO-2024-015139,1,2024-11-19,2024-11-23,CZ-WEB-01,C005670,VM-ACC-0010,2,1414.0,0.0,CZK
SO-2024-015139,2,2024-11-19,2024-11-23,CZ-WEB-01,C005670,VM-APP-0008,1,905.0,0.0,CZK
SO-2024-015140,1,2024-11-19,2024-11-23,CZ-WEB-01,C012078,VM-ACC-0020,1,4583.0,0.0,CZK
SO-2024-015141,1,2024-11-19,2024-11-19,DE-BER-01,C011654,VM-APP-0010,2,39.01,0.0,EUR
SO-2024-015141,2,2024-11-19,2024-11-19,DE-BER-01,C011654,VM-BIK-0006,1,1512.35,0.0,EUR
SO-2024-015142,1,2024-11-19,2024-11-21,DE-WEB-01,C005819,VM-APP-0020,2,41.31,0.0,EUR
SO-2024-015142,2,2024-11-19,2024-11-21,DE-WEB-01,C005819,VM-ACC-0008,1,91.79,0.0,EUR
SO-2024-015142,3,2024-11-19,2024-11-21,DE-WEB-01,C005819,vm-app-0002,2,100.97,0.0,EUR
SO-2024-015143,1,2024-11-19,2024-11-23,DE-WEB-01,C012079,VM-BIK-0008,1,1218.6,0.0,EUR
SO-2024-015144,1,2024-11-20,2024-11-20,PL-WAW-01,C010352,VM-ACC-0008,2,391.99,0.05,PLN
SO-2024-015144,2,2024-11-20,2024-11-20,PL-WAW-01,C010352,VM-APP-0006,3,303.79,0.05,PLN
SO-2024-015145,1,2024-11-20,2024-11-20,PL-WAW-01,C012080,VM-APP-0012,1,852.59,0.0,PLN
SO-2024-015146,1,2024-11-20,2024-11-20,PL-WAW-01,C012081,VM-CMP-0007,1,617.39,0.0,PLN
SO-2024-015146,2,2024-11-20,2024-11-20,PL-WAW-01,C012081,VM-CMP-0006,1,195.99,0.0,PLN
SO-2024-015147,1,2024-11-20,2024-11-20,PL-WAW-01,C012082,VM-NUT-0004,11,6.85,0.0,PLN
SO-2024-015148,1,2024-11-20,2024-11-20,PL-WAW-01,,VM-APP-0010,2,166.59,0.0,PLN
SO-2024-015149,1,2024-11-20,2024-11-20,PL-WAW-01,C012083,VM-APP-0009,1,342.99,0.0,PLN
SO-2024-015150,1,2024-11-20,2024-11-20,PL-WAW-01,,VM-NUT-0002,15,14.69,0.0,PLN
SO-2024-015151,1,2024-11-20,2024-11-20,PL-WAW-01,C012084,VM-ACC-0013,1,166.59,0.0,PLN
SO-2024-015152,1,2024-11-20,2024-11-20,PL-WAW-02,C012085,VM-APP-0013,1,431.19,0.0,PLN
SO-2024-015152,2,2024-11-20,2024-11-20,PL-WAW-02,C012085,VM-CMP-0017,2,489.99,0.0,PLN
SO-2024-015153,1,2024-11-20,2024-11-20,PL-KRK-01,C008569,VM-ACC-0004,2,764.39,0.0,PLN
SO-2024-015154,1,2024-11-20,2024-11-20,PL-KRK-01,C001737,VM-APP-0011,2,401.79,0.05,PLN
SO-2024-015155,1,2024-11-20,2024-11-20,PL-WRO-01,,VM-APP-0006,2,303.79,0.0,PLN
SO-2024-015155,2,2024-11-20,2024-11-20,PL-WRO-01,,VM-BIK-0018,1,2351.99,0.0,PLN
SO-2024-015155,3,2024-11-20,2024-11-20,PL-WRO-01,,VM-APP-0002,1,431.19,0.0,PLN
SO-2024-015156,1,2024-11-20,2024-11-20,PL-WRO-01,C008439,VM-BIK-0005,1,7261.79,0.1,PLN
SO-2024-015156,2,2024-11-20,2024-11-20,PL-WRO-01,C008439,VM-ACC-0019,1,48.99,0.05,PLN
SO-2024-015156,3,2024-11-20,2024-11-20,PL-WRO-01,C008439,VM-CMP-0017,2,489.99,0.05,PLN
SO-2024-015156,4,2024-11-20,2024-11-20,PL-WRO-01,C008439,VM-ACC-0008,2,391.99,0.05,PLN
SO-2024-015157,1,2024-11-20,2024-11-20,PL-GDN-01,,VM-CMP-0021,4,47.03,0.0,PLN
SO-2024-015157,2,2024-11-20,2024-11-20,PL-GDN-01,,vm-nut-0001,14,8.81,0.0,PLN
SO-2024-015157,3,2024-11-20,2024-11-20,PL-GDN-01,,VM-CMP-0004,2,705.59,0.0,PLN
SO-2024-015157,4,2024-11-20,2024-11-20,PL-GDN-01,,VM-BIK-0007,1,6908.99,0.0,PLN
SO-2024-015158,1,2024-11-20,2024-11-20,PL-GDN-01,C006742,VM-BIK-0007,1,6908.99,0.0,PLN
SO-2024-015158,2,2024-11-20,2024-11-20,PL-GDN-01,C006742,VM-ACC-0013,1,166.59,0.0,PLN
SO-2024-015158,3,2024-11-20,2024-11-20,PL-GDN-01,C006742,VM-ACC-0008,2,391.99,0.0,PLN
SO-2024-015159,1,2024-11-20,2024-11-20,PL-GDN-01,C008840,VM-BIK-0007,1,6908.99,0.0,PLN
SO-2024-015159,2,2024-11-20,2024-11-20,PL-GDN-01,C008840,VM-ACC-0008,2,391.99,0.0,PLN
SO-2024-015159,3,2024-11-20,2024-11-20,PL-GDN-01,C008840,VM-CMP-0001,1,391.99,0.05,PLN
SO-2024-015160,1,2024-11-20,2024-11-20,PL-GDN-01,C011806,VM-APP-0010,1,166.59,0.05,PLN
SO-2024-015160,2,2024-11-20,2024-11-20,PL-GDN-01,C011806, VM-APP-0005 ,2,176.39,0.05,PLN
SO-2024-015161,1,2024-11-20,2024-11-20,PL-POZ-01,C007301,VM-EBK-0010,1,13220.19,0.0,PLN
SO-2024-015162,1,2024-11-20,2024-11-20,PL-POZ-01,C001684,VM-ACC-0014,1,107.79,0.0,PLN
SO-2024-015163,1,2024-11-20,2024-11-20,PL-POZ-01,C012086, VM-NUT-0006 ,4,9.79,0.0,PLN
SO-2024-015164,1,2024-11-20,2024-11-20,PL-POZ-01,,VM-APP-0005,3,176.39,0.0,PLN
SO-2024-015165,1,2024-11-20,2024-11-20,PL-POZ-01,C002195,vm-app-0013,1,431.19,0.0,PLN
SO-2024-015166,1,2024-11-20,2024-11-20,PL-LDZ-01,C007633, VM-CMP-0005 ,2,1450.39,0.0,PLN
SO-2024-015166,2,2024-11-20,2024-11-20,PL-LDZ-01,C007633,VM-APP-0010,1,166.59,0.0,PLN
SO-2024-015167,1,2024-11-20,2024-11-20,PL-LDZ-01,C006779,VM-EBK-0008,1,14797.99,0.0,PLN
SO-2024-015168,1,2024-11-20,2024-11-22,PL-WEB-01,C007656,VM-ACC-0003,2,284.19,0.05,PLN
SO-2024-015169,1,2024-11-20,2024-11-22,PL-WEB-01,C011570,VM-APP-0005,1,176.39,0.0,PLN
SO-2024-015170,1,2024-11-20,2024-11-21,PL-WEB-01,C011300,VM-APP-0008,2,156.79,0.05,PLN
SO-2024-015171,1,2024-11-20,2024-11-24,PL-WEB-01,C010577,VM-EBK-0003,1,8908.19,0.0,PLN
SO-2024-015172,1,2024-11-20,2024-11-21,PL-WEB-01,C012087,VM-APP-0002,2,431.19,0.05,PLN
SO-2024-015173,1,2024-11-20,2024-11-22,PL-WEB-01,C012088,VM-NUT-0003,12,10.77,0.05,PLN
SO-2024-015173,2,2024-11-20,2024-11-22,PL-WEB-01,C012088,VM-ACC-0008,2,391.99,0.1,PLN
SO-2024-015174,1,2024-11-20,2024-11-23,PL-WEB-01,C010377,VM-APP-0004,2,235.19,0.08,PLN
SO-2024-015174,2,2024-11-20,2024-11-23,PL-WEB-01,C010377,VM-ACC-0010,4,244.99,0.08,PLN
SO-2024-015174,3,2024-11-20,2024-11-23,PL-WEB-01,C010377,VM-APP-0010,10,166.59,0.1,PLN
SO-2024-015175,1,2024-11-20,2024-11-23,PL-WEB-01,C011395,VM-ACC-0018,3,48.99,0.05,PLN
SO-2024-015175,2,2024-11-20,2024-11-23,PL-WEB-01,C011395,VM-BIK-0009,1,5527.19,0.05,PLN
SO-2024-015175,3,2024-11-20,2024-11-23,PL-WEB-01,C011395,VM-APP-0015,1,558.59,0.05,PLN
SO-2024-015175,4,2024-11-20,2024-11-23,PL-WEB-01,C011395,VM-APP-0005,3,176.39,0.05,PLN
SO-2024-015176,1,2024-11-20,2024-11-23,PL-WEB-01,C012089,VM-APP-0011,1,401.79,0.0,PLN
SO-2024-015177,1,2024-11-20,2024-11-24,PL-MKT-01,C001595,VM-CMP-0008,2,431.19,0.0,PLN
SO-2024-015178,1,2024-11-20,2024-11-24,PL-MKT-01,C003412,VM-ACC-0018,2,48.99,0.05,PLN
SO-2024-015178,2,2024-11-20,2024-11-24,PL-MKT-01,C003412,VM-ACC-0008,1,391.99,0.05,PLN
SO-2024-015178,3,2024-11-20,2024-11-24,PL-MKT-01,C003412,VM-NUT-0004,5,6.85,0.05,PLN
SO-2024-015179,1,2024-11-20,2024-11-24,PL-MKT-01,C012090,VM-EBK-0009,1,9711.79,0.0,PLN
SO-2024-015179,2,2024-11-20,2024-11-24,PL-MKT-01,C012090,VM-APP-0012,1,852.59,0.0,PLN
SO-2024-015180,1,2024-11-20,2024-11-24,PL-MKT-01,C012091,VM-APP-0002,2,431.19,0.0,PLN
SO-2024-015180,2,2024-11-20,2024-11-24,PL-MKT-01,C012091,VM-APP-0013,1,431.19,0.0,PLN
SO-2024-015181,1,2024-11-20,2024-11-24,PL-MKT-01,C012092,VM-APP-0011,1,401.79,0.05,PLN
SO-2024-015182,1,2024-11-20,2024-11-24,PL-MKT-01,C007650,VM-CMP-0005,2,1450.39,0.05,PLN
SO-2024-015183,1,2024-11-20,2024-11-20,CZ-PRG-01,C001052,VM-CMP-0008,1,2490.0,0.0,CZK
SO-2024-015184,1,2024-11-20,2024-11-23,CZ-WEB-01,C004000,VM-NUT-0001,5,51.0,0.05,CZK
SO-2024-015185,1,2024-11-20,2024-11-23,CZ-WEB-01,C012093,VM-CMP-0020,1,1471.0,0.0,CZK
SO-2024-015186,1,2024-11-20,2024-11-24,CZ-WEB-01,C012094,VM-APP-0017,1,1075.0,0.0,CZK
SO-2024-015187,1,2024-11-20,2024-11-24,CZ-WEB-01,C009591,VM-APP-0008,2,905.0,0.05,CZK
SO-2024-015187,2,2024-11-20,2024-11-24,CZ-WEB-01,C009591,VM-CMP-0017,1,2829.0,0.05,CZK
SO-2024-015187,3,2024-11-20,2024-11-24,CZ-WEB-01,C009591,VM-ACC-0018,2,283.0,0.05,CZK
SO-2024-015188,1,2024-11-20,2024-11-24,CZ-WEB-01,C005460,VM-APP-0011,3,2320.0,0.08,CZK
SO-2024-015188,2,2024-11-20,2024-11-24,CZ-WEB-01,C005460,VM-APP-0008,8,905.0,0.12,CZK
SO-2024-015188,3,2024-11-20,2024-11-24,CZ-WEB-01,C005460,VM-ACC-0007,3,2037.0,0.1,CZK
SO-2024-015189,1,2024-11-20,2024-11-20,DE-BER-01,C010554,VM-APP-0006,12,71.14,0.1,EUR
SO-2024-015190,1,2024-11-20,2024-11-23,DE-WEB-01,C000660,VM-BIK-0012,1,2710.3,0.0,EUR
SO-2024-015190,2,2024-11-20,2024-11-23,DE-WEB-01,C000660,VM-CMP-0001,1,91.79,0.0,EUR
SO-2024-015191,1,2024-11-20,2024-11-23,DE-WEB-01,C008820,VM-ACC-0010,1,57.37,0.0,EUR
SO-2024-015191,2,2024-11-20,2024-11-23,DE-WEB-01,C008820,VM-BIK-0007,1,1617.92,0.0,EUR
SO-2024-015192,1,2024-11-20,2024-11-23,DE-WEB-01,C010858,VM-ACC-0014,1,25.24,0.0,EUR
SO-2024-015193,1,2024-11-21,2024-11-21,PL-WAW-01,,VM-APP-0019,1,64.67,0.0,PLN
SO-2024-015194,1,2024-11-21,2024-11-21,PL-WAW-01,C012095,VM-ACC-0001,2,372.39,0.0,PLN
SO-2024-015195,1,2024-11-21,2024-11-21,PL-WAW-01,C012096,VM-APP-0012,1,852.59,0.0,PLN
SO-2024-015196,1,2024-11-21,2024-11-21,PL-WAW-01,C010114,VM-APP-0002,1,431.19,0.05,PLN
SO-2024-015197,1,2024-11-21,2024-11-21,PL-WAW-01,,VM-BIK-0007,1,6908.99,0.0,PLN
SO-2024-015197,2,2024-11-21,2024-11-21,PL-WAW-01,,VM-ACC-0014,1,107.79,0.0,PLN
SO-2024-015198,1,2024-11-21,2024-11-21,PL-WAW-01,,VM-BIK-0004,1,4184.59,0.0,PLN
SO-2024-015199,1,2024-11-21,2024-11-21,PL-WAW-01,C007476,VM-CMP-0004,1,705.59,0.0,PLN
SO-2024-015200,1,2024-11-21,2024-11-21,PL-WAW-01,C012097,VM-APP-0010,1,166.59,0.0,PLN
SO-2024-015200,2,2024-11-21,2024-11-21,PL-WAW-01,C012097,VM-CMP-0002,1,548.79,0.0,PLN
SO-2024-015201,1,2024-11-21,2024-11-21,PL-WAW-01,,VM-APP-0008,2,156.79,0.0,PLN
SO-2024-015201,2,2024-11-21,2024-11-21,PL-WAW-01,,VM-NUT-0004,5,6.85,0.0,PLN
SO-2024-015202,1,2024-11-21,2024-11-21,PL-WAW-02,C011225,VM-NUT-0004,6,6.85,0.0,PLN
SO-2024-015202,2,2024-11-21,2024-11-21,PL-WAW-02,C011225,VM-APP-0006,3,303.79,0.0,PLN
SO-2024-015202,3,2024-11-21,2024-11-21,PL-WAW-02,C011225,VM-APP-0016,1,597.79,0.0,PLN
SO-2024-015203,1,2024-11-21,2024-11-21,PL-WAW-02,,VM-APP-0009,2,342.99,0.0,PLN
SO-2024-015204,1,2024-11-21,2024-11-21,PL-WAW-02,,VM-NUT-0004,11,6.85,0.05,PLN
SO-2024-015205,1,2024-11-21,2024-11-21,PL-KRK-01,C004475,VM-ACC-0017,10,56.83,0.08,PLN
SO-2024-015206,1,2024-11-21,2024-11-21,PL-GDN-01,C011532,VM-NUT-0003,4,10.77,0.0,PLN
SO-2024-015206,2,2024-11-21,2024-11-21,PL-GDN-01,C011532,VM-BIK-0006,1,6458.19,0.0,PLN
SO-2024-015206,3,2024-11-21,2024-11-21,PL-GDN-01,C011532,vm-app-0006,2,303.79,0.0,PLN
SO-2024-015207,1,2024-11-21,2024-11-21,PL-POZ-01,C012098,VM-APP-0005,2,176.39,0.0,PLN
SO-2024-015208,1,2024-11-21,2024-11-21,PL-POZ-01,,VM-EBK-0007,1,14405.99,0.0,PLN
SO-2024-015208,2,2024-11-21,2024-11-21,PL-POZ-01,,VM-NUT-0006,12,9.79,0.0,PLN
SO-2024-015208,3,2024-11-21,2024-11-21,PL-POZ-01,,VM-APP-0013,1,431.19,0.0,PLN
SO-2024-015209,1,2024-11-21,2024-11-21,PL-POZ-01,C012099,VM-BIK-0017,1,1871.79,0.0,PLN
SO-2024-015210,1,2024-11-21,2024-11-21,PL-LDZ-01,C002367,VM-APP-0005,2,176.39,0.0,PLN
SO-2024-015210,2,2024-11-21,2024-11-21,PL-LDZ-01,C002367,VM-BIK-0014,1,3753.39,0.0,PLN
SO-2024-015210,3,2024-11-21,2024-11-21,PL-LDZ-01,C002367,VM-ACC-0017,2,56.83,0.0,PLN
SO-2024-015211,1,2024-11-21,2024-11-25,PL-WEB-01,C005172,VM-BIK-0007,1,6908.99,0.0,PLN
SO-2024-015212,1,2024-11-21,2024-11-23,PL-WEB-01,C012100,VM-ACC-0004,1,764.39,0.0,PLN
SO-2024-015213,1,2024-11-21,2024-11-22,PL-WEB-01,C005646,vm-acc-0020,1,793.79,0.05,PLN
SO-2024-015213,2,2024-11-21,2024-11-22,PL-WEB-01,C005646,VM-APP-0002,2,431.19,0.05,PLN
SO-2024-015213,3,2024-11-21,2024-11-22,PL-WEB-01,C005646,VM-NUT-0004,13,6.85,0.05,PLN
SO-2024-015214,1,2024-11-21,2024-11-23,PL-WEB-01,C012020,VM-BIK-0016,1,3518.19,0.0,PLN
SO-2024-015215,1,2024-11-21,2024-11-24,PL-WEB-01,C008943,VM-NUT-0009,3,83.29,0.0,PLN
SO-2024-015216,1,2024-11-21,2024-11-23,PL-WEB-01,C012101,VM-ACC-0007,1,352.79,0.0,PLN
SO-2024-015216,2,2024-11-21,2024-11-23,PL-WEB-01,C012101,VM-CMP-0013,1,519.39,0.0,PLN
SO-2024-015217,1,2024-11-21,2024-11-25,PL-WEB-01,C012102,VM-APP-0007,2,156.79,0.0,PLN
SO-2024-015217,2,2024-11-21,2024-11-25,PL-WEB-01,C012102,VM-CMP-0017,2,489.99,0.0,PLN
SO-2024-015217,3,2024-11-21,2024-11-25,PL-WEB-01,C012102,VM-APP-0016,1,597.79,0.0,PLN
SO-2024-015217,4,2024-11-21,2024-11-25,PL-WEB-01,C012102,VM-BIK-0021,1,1224.99,0.0,PLN
SO-2024-015218,1,2024-11-21,2024-11-22,PL-WEB-01,C005860,VM-ACC-0018,2,48.99,0.0,PLN
SO-2024-015219,1,2024-11-21,2024-11-23,PL-WEB-01,C012103,VM-NUT-0003,13,10.77,0.0,PLN
SO-2024-015220,1,2024-11-21,2024-11-23,PL-MKT-01,C012104,VM-APP-0006,3,303.79,0.0,PLN
SO-2024-015221,1,2024-11-21,2024-11-24,PL-MKT-01,C012105,VM-NUT-0001,14,8.81,0.0,PLN
SO-2024-015221,2,2024-11-21,2024-11-24,PL-MKT-01,C012105,VM-ACC-0018,1,48.99,0.0,PLN
SO-2024-015221,3,2024-11-21,2024-11-24,PL-MKT-01,C012105,VM-ACC-0008,2,391.99,0.0,PLN
SO-2024-015222,1,2024-11-21,2024-11-24,PL-MKT-01,C012106,VM-APP-0019,2,64.67,0.0,PLN
SO-2024-015222,2,2024-11-21,2024-11-24,PL-MKT-01,C012106,VM-ACC-0014,1,107.79,0.0,PLN
SO-2024-015223,1,2024-11-21,2024-11-24,PL-MKT-01,C012107,VM-NUT-0004,12,6.85,0.0,PLN
SO-2024-015224,1,2024-11-21,2024-11-24,PL-MKT-01,C009420,VM-CMP-0006,2,195.99,0.05,PLN
SO-2024-015224,2,2024-11-21,2024-11-24,PL-MKT-01,C009420,VM-APP-0008,1,156.79,0.05,PLN
SO-2024-015224,3,2024-11-21,2024-11-24,PL-MKT-01,C009420,VM-APP-0013,1,431.19,0.05,PLN
SO-2024-015225,1,2024-11-21,2024-11-24,PL-MKT-01,C012108,VM-CMP-0002,2,548.79,0.0,PLN
SO-2024-015226,1,2024-11-21,2024-11-22,PL-MKT-01,C012109,VM-BIK-0013,2,4703.99,0.12,PLN
SO-2024-015226,2,2024-11-21,2024-11-22,PL-MKT-01,C012109,VM-ACC-0001,8,372.39,0.1,PLN
SO-2024-015226,3,2024-11-21,2024-11-22,PL-MKT-01,C012109,VM-APP-0002,4,431.19,0.12,PLN
SO-2024-015227,1,2024-11-21,2024-11-21,CZ-PRG-01,,VM-ACC-0012,1,407.0,0.0,CZK
SO-2024-015228,1,2024-11-21,2024-11-21,CZ-BRN-01,C011905,VM-APP-0007,1,905.0,0.0,CZK
SO-2024-015229,1,2024-11-21,2024-11-21,CZ-BRN-01,C010959,VM-NUT-0009,3,481.0,0.0,CZK
SO-2024-015229,2,2024-11-21,2024-11-21,CZ-BRN-01,C010959,VM-APP-0015,1,3225.0,0.0,CZK
SO-2024-015230,1,2024-11-21,2024-11-23,CZ-WEB-01,C000101,VM-CMP-0013,1,2999.0,0.0,CZK
SO-2024-015231,1,2024-11-21,2024-11-22,CZ-WEB-01,C012002,VM-ACC-0009,2,2263.0,0.1,CZK
SO-2024-015231,2,2024-11-21,2024-11-22,CZ-WEB-01,C012002,VM-ACC-0002,5,3451.0,0.1,CZK
SO-2024-015231,3,2024-11-21,2024-11-22,CZ-WEB-01,C012002,VM-CMP-0017,10,2829.0,0.08,CZK
SO-2024-015231,4,2024-11-21,2024-11-22,CZ-WEB-01,C012002,VM-BIK-0007,3,39890.0,0.1,CZK
SO-2024-015232,1,2024-11-21,2024-11-22,CZ-WEB-01,C010153,VM-NUT-0011,4,305.0,0.0,CZK
SO-2024-015233,1,2024-11-21,2024-11-25,CZ-WEB-01,C012110,VM-ACC-0018,3,283.0,0.0,CZK
SO-2024-015233,2,2024-11-21,2024-11-25,CZ-WEB-01,C012110,VM-APP-0007,1,905.0,0.0,CZK
SO-2024-015233,3,2024-11-21,2024-11-25,CZ-WEB-01,C012110,VM-BIK-0007,1,39890.0,0.0,CZK
SO-2024-015234,1,2024-11-21,2024-11-23,CZ-WEB-01,C005212,VM-APP-0006,3,1754.0,0.0,CZK
SO-2024-015234,2,2024-11-21,2024-11-23,CZ-WEB-01,C005212,vm-cmp-0019,3,1188.0,0.0,CZK
SO-2024-015234,3,2024-11-21,2024-11-23,CZ-WEB-01,C005212,VM-ACC-0018,2,283.0,0.0,CZK
SO-2024-015234,4,2024-11-21,2024-11-23,CZ-WEB-01,C005212,VM-CMP-0010,2,2207.0,0.0,CZK
SO-2024-015235,1,2024-11-21,2024-11-21,DE-BER-01,C001437,VM-APP-0006,2,71.14,0.0,EUR
SO-2024-015235,2,2024-11-21,2024-11-21,DE-BER-01,C001437,VM-ACC-0014,1,25.24,0.0,EUR
SO-2024-015236,1,2024-11-21,2024-11-21,DE-BER-01,,VM-ACC-0014,1,25.24,0.0,EUR
SO-2024-015237,1,2024-11-21,2024-11-21,DE-BER-01,C009221,VM-NUT-0004,5,1.6,0.0,EUR
SO-2024-015238,1,2024-11-21,2024-11-24,DE-WEB-01,C012111,VM-APP-0010,2,39.01,0.0,EUR
SO-2024-015238,2,2024-11-21,2024-11-24,DE-WEB-01,C012111,VM-BIK-0018,1,550.78,0.0,EUR
SO-2024-015239,1,2024-11-21,2024-11-23,DE-WEB-01,C009311,VM-CMP-0012,2,123.92,0.0,EUR
SO-2024-015240,1,2024-11-21,2024-11-25,DE-WEB-01,C011814,VM-BIK-0006,1,1512.35,0.0,EUR
SO-2024-015240,2,2024-11-21,2024-11-25,DE-WEB-01,C011814,vm-acc-0006,1,218.02,0.0,EUR
SO-2024-015241,1,2024-11-21,2024-11-25,DE-WEB-01,C008110,VM-BIK-0011,1,1985.1,0.05,EUR
SO-2024-015242,1,2024-11-21,2024-11-23,DE-WEB-01,C005462,VM-NUT-0006,11,2.29,0.05,EUR
SO-2024-015243,1,2024-11-21,2024-11-23,DE-WEB-01,C007151,VM-APP-0006,2,71.14,0.0,EUR
SO-2024-015244,1,2024-11-21,2024-11-24,DE-WEB-01,C012112,VM-BIK-0019,1,277.68,0.05,EUR
SO-2024-015244,2,2024-11-21,2024-11-24,DE-WEB-01,C012112,VM-APP-0007,1,36.72,0.05,EUR
SO-2024-015244,3,2024-11-21,2024-11-24,DE-WEB-01,C012112,VM-ACC-0018,2,11.47,0.05,EUR
SO-2024-015245,1,2024-11-22,2024-11-22,PL-WAW-01,C010402,VM-APP-0006,3,303.79,0.0,PLN
SO-2024-015246,1,2024-11-22,2024-11-22,PL-WAW-01,C012113,VM-ACC-0020,2,793.79,0.08,PLN
SO-2024-015247,1,2024-11-22,2024-11-22,PL-WAW-01,C008675,VM-NUT-0004,3,6.85,0.0,PLN
SO-2024-015248,1,2024-11-22,2024-11-22,PL-WAW-02,C008320,VM-APP-0008,2,156.79,0.05,PLN
SO-2024-015248,2,2024-11-22,2024-11-22,PL-WAW-02,C008320,VM-CMP-0007,1,617.39,0.05,PLN
SO-2024-015249,1,2024-11-22,2024-11-22,PL-WAW-02,,VM-ACC-0002,1,597.79,0.05,PLN
SO-2024-015250,1,2024-11-22,2024-11-22,PL-WAW-02,C012114,VM-NUT-0006,12,9.79,0.05,PLN
SO-2024-015251,1,2024-11-22,2024-11-22,PL-WAW-02,,VM-APP-0005,2,176.39,0.0,PLN
SO-2024-015252,1,2024-11-22,2024-11-22,PL-WAW-02,C010489,VM-APP-0007,2,156.79,0.0,PLN
SO-2024-015253,1,2024-11-22,2024-11-22,PL-WAW-02,C012115,vm-app-0002,1,431.19,0.05,PLN
SO-2024-015254,1,2024-11-22,2024-11-22,PL-WAW-02,C010725,VM-NUT-0004,12,6.85,0.0,PLN
SO-2024-015255,1,2024-11-22,2024-11-22,PL-WRO-01,,VM-NUT-0009,4,83.29,0.0,PLN
SO-2024-015255,2,2024-11-22,2024-11-22,PL-WRO-01,,VM-APP-0002,1,431.19,0.0,PLN
SO-2024-015256,1,2024-11-22,2024-11-22,PL-WRO-01,C012116,VM-CMP-0001,2,391.99,0.0,PLN
SO-2024-015256,2,2024-11-22,2024-11-22,PL-WRO-01,C012116,VM-NUT-0009,1,83.29,0.0,PLN
SO-2024-015257,1,2024-11-22,2024-11-22,PL-WRO-01,C012117,VM-EBK-0011,1,14347.19,0.05,PLN
SO-2024-015258,1,2024-11-22,2024-11-22,PL-WRO-01,C011273,VM-ACC-0014,1,107.79,0.0,PLN
SO-2024-015259,1,2024-11-22,2024-11-22,PL-WRO-01,,VM-ACC-0011,1,70.55,0.0,PLN
SO-2024-015259,2,2024-11-22,2024-11-22,PL-WRO-01,, VM-NUT-0006 ,10,9.79,0.05,PLN
SO-2024-015260,1,2024-11-22,2024-11-22,PL-WRO-01,C003744,VM-ACC-0021,1,764.39,0.05,PLN
SO-2024-015261,1,2024-11-22,2024-11-22,PL-GDN-01,C007374,VM-ACC-0020,1,793.79,0.0,PLN
SO-2024-015261,2,2024-11-22,2024-11-22,PL-GDN-01,C007374,VM-CMP-0017,1,489.99,0.0,PLN
SO-2024-015262,1,2024-11-22,2024-11-22,PL-GDN-01,C008061,VM-ACC-0017,1,56.83,0.0,PLN
SO-2024-015263,1,2024-11-22,2024-11-22,PL-GDN-01,C010377,VM-ACC-0008,5,391.99,0.08,PLN
SO-2024-015263,2,2024-11-22,2024-11-22,PL-GDN-01,C010377,VM-CMP-0018,8,60.75,0.08,PLN
SO-2024-015264,1,2024-11-22,2024-11-22,PL-GDN-01,C012118,VM-ACC-0002,2,597.79,0.0,PLN
SO-2024-015264,2,2024-11-22,2024-11-22,PL-GDN-01,C012118,VM-EBK-0007,1,14405.99,0.0,PLN
SO-2024-015264,3,2024-11-22,2024-11-22,PL-GDN-01,C012118,VM-APP-0008,2,156.79,0.0,PLN
SO-2024-015264,4,2024-11-22,2024-11-22,PL-GDN-01,C012118,VM-NUT-0004,4,6.85,0.0,PLN
SO-2024-015265,1,2024-11-22,2024-11-22,PL-POZ-01,,VM-ACC-0008,2,391.99,0.0,PLN
SO-2024-015265,2,2024-11-22,2024-11-22,PL-POZ-01,,VM-ACC-0007,2,352.79,0.0,PLN
SO-2024-015265,3,2024-11-22,2024-11-22,PL-POZ-01,,VM-NUT-0001,10,8.81,0.0,PLN
SO-2024-015266,1,2024-11-22,2024-11-22,PL-POZ-01,,VM-BIK-0017,1,1871.79,0.0,PLN
SO-2024-015267,1,2024-11-22,2024-11-22,PL-POZ-01,C012119,VM-BIK-0018,1,2351.99,0.0,PLN
SO-2024-015268,1,2024-11-22,2024-11-22,PL-LDZ-01,C006674,VM-ACC-0004,1,764.39,0.1,PLN
SO-2024-015269,1,2024-11-22,2024-11-23,PL-WEB-01,C012120,VM-APP-0007,2,156.79,0.0,PLN
SO-2024-015269,2,2024-11-22,2024-11-23,PL-WEB-01,C012120,VM-BIK-0009,1,5527.19,0.0,PLN
SO-2024-015270,1,2024-11-22,2024-11-24,PL-WEB-01,C012121,VM-CMP-0009,1,342.99,0.0,PLN
SO-2024-015270,2,2024-11-22,2024-11-24,PL-WEB-01,C012121,VM-ACC-0008,2,391.99,0.0,PLN
SO-2024-015270,3,2024-11-22,2024-11-24,PL-WEB-01,C012121,VM-NUT-0007,3,12.73,0.0,PLN
SO-2024-015270,4,2024-11-22,2024-11-24,PL-WEB-01,C012121,VM-APP-0010,2,166.59,0.0,PLN
SO-2024-015271,1,2024-11-22,2024-11-26,PL-WEB-01,C012122,VM-ACC-0001,1,372.39,0.0,PLN
SO-2024-015271,2,2024-11-22,2024-11-26,PL-WEB-01,C012122,VM-NUT-0006,7,9.79,0.0,PLN
SO-2024-015272,1,2024-11-22,2024-11-25,PL-WEB-01,C001594,VM-NUT-0006,3,9.79,0.0,PLN
SO-2024-015273,1,2024-11-22,2024-11-26,PL-WEB-01,C002912,VM-ACC-0020,1,793.79,0.05,PLN
SO-2024-015274,1,2024-11-22,2024-11-23,PL-WEB-01,C004845,VM-CMP-0011,1,156.79,0.0,PLN
SO-2024-015275,1,2024-11-22,2024-11-23,PL-WEB-01,C003706,VM-APP-0014,1,480.19,0.0,PLN
SO-2024-015275,2,2024-11-22,2024-11-23,PL-WEB-01,C003706,VM-APP-0002,3,431.19,0.05,PLN
SO-2024-015275,3,2024-11-22,2024-11-23,PL-WEB-01,C003706,VM-NUT-0006,6,9.79,0.0,PLN
SO-2024-015276,1,2024-11-22,2024-11-23,PL-WEB-01,C012123,VM-ACC-0015,1,342.99,0.0,PLN
SO-2024-015277,1,2024-11-22,2024-11-24,PL-WEB-01,C008247,VM-ACC-0020,1,793.79,0.0,PLN
SO-2024-015277,2,2024-11-22,2024-11-24,PL-WEB-01,C008247,VM-APP-0010,2,166.59,0.0,PLN
SO-2024-015278,1,2024-11-22,2024-11-24,PL-WEB-01,C007356,VM-ACC-0007,1,352.79,0.05,PLN
SO-2024-015279,1,2024-11-22,2024-11-26,PL-WEB-01,C012124,VM-EBK-0002,1,9750.99,0.0,PLN
SO-2024-015280,1,2024-11-22,2024-11-26,PL-WEB-01,C005642,vm-bik-0012,1,11573.79,0.0,PLN
SO-2024-015280,2,2024-11-22,2024-11-26,PL-WEB-01,C005642,VM-ACC-0003,1,284.19,0.0,PLN
SO-2024-015281,1,2024-11-22,2024-11-24,PL-MKT-01,C012125,VM-APP-0017,2,186.19,0.0,PLN
SO-2024-015282,1,2024-11-22,2024-11-24,PL-MKT-01,C012126,VM-ACC-0010,2,244.99,0.0,PLN
SO-2024-015283,1,2024-11-22,2024-11-23,PL-MKT-01,C012127,VM-BIK-0012,1,11573.79,0.0,PLN
SO-2024-015283,2,2024-11-22,2024-11-23,PL-MKT-01,C012127,VM-EBK-0009,1,9711.79,0.0,PLN
SO-2024-015284,1,2024-11-22,2024-11-23,PL-MKT-01,C003735,VM-NUT-0004,5,6.85,0.0,PLN
SO-2024-015285,1,2024-11-22,2024-11-22,CZ-PRG-01,C012128,VM-BIK-0012,1,66823.0,0.0,CZK
SO-2024-015286,1,2024-11-22,2024-11-22,CZ-PRG-01,C012129,VM-BIK-0017,1,10807.0,0.1,CZK
SO-2024-015286,2,2024-11-22,2024-11-22,CZ-PRG-01,C012129,VM-ACC-0019,2,283.0,0.0,CZK
SO-2024-015287,1,2024-11-22,2024-11-22,CZ-PRG-01,C003345,VM-APP-0005,2,1018.0,0.05,CZK
SO-2024-015288,1,2024-11-22,2024-11-24,CZ-WEB-01,C012130,VM-CMP-0022,1,204.0,0.0,CZK
SO-2024-015289,1,2024-11-22,2024-11-23,CZ-WEB-01,C012131,VM-CMP-0018,3,351.0,0.0,CZK
SO-2024-015290,1,2024-11-22,2024-11-24,CZ-WEB-01,C012132,VM-CMP-0004,1,4074.0,0.05,CZK
SO-2024-015290,2,2024-11-22,2024-11-24,CZ-WEB-01,C012132,VM-NUT-0004,15,40.0,0.05,CZK
SO-2024-015291,1,2024-11-22,2024-11-24,CZ-WEB-01,C012133,VM-APP-0010,2,962.0,0.1,CZK
SO-2024-015291,2,2024-11-22,2024-11-24,CZ-WEB-01,C012133,VM-ACC-0008,4,2263.0,0.08,CZK
SO-2024-015292,1,2024-11-22,2024-11-25,CZ-WEB-01,C012134,VM-CMP-0017,1,2829.0,0.0,CZK
SO-2024-015292,2,2024-11-22,2024-11-25,CZ-WEB-01,C012134,VM-APP-0006,3,1754.0,0.0,CZK
SO-2024-015293,1,2024-11-22,2024-11-22,DE-BER-01,C012135,VM-APP-0013,1,100.97,0.0,EUR
SO-2024-015293,2,2024-11-22,2024-11-22,DE-BER-01,C012135,VM-CMP-0023,1,13.54,0.0,EUR
SO-2024-015293,3,2024-11-22,2024-11-22,DE-BER-01,C012135,VM-BIK-0017,1,438.33,0.0,EUR
SO-2024-015294,1,2024-11-22,2024-11-22,DE-BER-01,C012136,VM-ACC-0008,1,91.79,0.0,EUR
SO-2024-015295,1,2024-11-22,2024-11-22,DE-BER-01,C005988,VM-CMP-0004,1,165.23,0.0,EUR
SO-2024-015295,2,2024-11-22,2024-11-22,DE-BER-01,C005988,VM-CMP-0010,1,89.5,0.0,EUR
SO-2024-015295,3,2024-11-22,2024-11-22,DE-BER-01,C005988,VM-CMP-0023,1,13.54,0.0,EUR
SO-2024-015296,1,2024-11-22,2024-11-23,DE-WEB-01,C004135,VM-CMP-0005,1,339.65,0.0,EUR
SO-2024-015296,2,2024-11-22,2024-11-23,DE-WEB-01,C004135,VM-ACC-0008,2,91.79,0.0,EUR
SO-2024-015297,1,2024-11-23,2024-11-23,PL-WAW-01,,VM-CMP-0011,1,156.79,0.0,PLN
SO-2024-015298,1,2024-11-23,2024-11-23,PL-WAW-01,,VM-APP-0015,1,558.59,0.0,PLN
SO-2024-015298,2,2024-11-23,2024-11-23,PL-WAW-01,,VM-ACC-0014,1,107.79,0.0,PLN
SO-2024-015298,3,2024-11-23,2024-11-23,PL-WAW-01,,VM-NUT-0002,13,14.69,0.0,PLN
SO-2024-015299,1,2024-11-23,2024-11-23,PL-WAW-01,,VM-EBK-0003,1,8908.19,0.0,PLN
SO-2024-015299,2,2024-11-23,2024-11-23,PL-WAW-01,,VM-CMP-0021,1,47.03,0.0,PLN
SO-2024-015299,3,2024-11-23,2024-11-23,PL-WAW-01,,VM-ACC-0015,1,342.99,0.0,PLN
SO-2024-015299,4,2024-11-23,2024-11-23,PL-WAW-01,,VM-APP-0002,1,431.19,0.0,PLN
SO-2024-015300,1,2024-11-23,2024-11-23,PL-WAW-01,,VM-BIK-0007,1,6908.99,0.0,PLN
SO-2024-015301,1,2024-11-23,2024-11-23,PL-WAW-01,,VM-APP-0004,1,235.19,0.0,PLN
SO-2024-015302,1,2024-11-23,2024-11-23,PL-WAW-01,C012137,VM-BIK-0004,1,4184.59,0.0,PLN
SO-2024-015303,1,2024-11-23,2024-11-23,PL-WAW-01,C005269,VM-APP-0020,1,176.39,0.0,PLN
SO-2024-015303,2,2024-11-23,2024-11-23,PL-WAW-01,C005269,VM-CMP-0013,2,519.39,0.0,PLN
SO-2024-015304,1,2024-11-23,2024-11-23,PL-WAW-01,,VM-EBK-0001,1,7516.59,0.0,PLN
SO-2024-015305,1,2024-11-23,2024-11-23,PL-WAW-01,C012138,VM-NUT-0002,13,14.69,0.0,PLN
SO-2024-015305,2,2024-11-23,2024-11-23,PL-WAW-01,C012138,VM-NUT-0003,10,10.77,0.0,PLN
SO-2024-015306,1,2024-11-23,2024-11-23,PL-WAW-01,C010084,VM-APP-0016,1,597.79,0.0,PLN
SO-2024-015307,1,2024-11-23,2024-11-23,PL-WAW-01,C006297,VM-ACC-0020,1,793.79,0.05,PLN
SO-2024-015307,2,2024-11-23,2024-11-23,PL-WAW-01,C006297,VM-APP-0013,1,431.19,0.05,PLN
SO-2024-015308,1,2024-11-23,2024-11-23,PL-WAW-01,C012139,VM-EBK-0010,1,13220.19,0.0,PLN
SO-2024-015308,2,2024-11-23,2024-11-23,PL-WAW-01,C012139,VM-ACC-0014,1,107.79,0.0,PLN
SO-2024-015308,3,2024-11-23,2024-11-23,PL-WAW-01,C012139,VM-ACC-0011,1,70.55,0.0,PLN
SO-2024-015308,4,2024-11-23,2024-11-23,PL-WAW-01,C012139,VM-ACC-0003,1,284.19,0.0,PLN
SO-2024-015309,1,2024-11-23,2024-11-23,PL-WAW-01,C012140,VM-ACC-0021,1,764.39,0.05,PLN
SO-2024-015309,2,2024-11-23,2024-11-23,PL-WAW-01,C012140,VM-ACC-0007,2,352.79,0.05,PLN
SO-2024-015310,1,2024-11-23,2024-11-23,PL-WAW-01,C010203,VM-APP-0020,1,176.39,0.05,PLN
SO-2024-015311,1,2024-11-23,2024-11-23,PL-WAW-01,C012141,VM-APP-0010,2,166.59,0.0,PLN
SO-2024-015311,2,2024-11-23,2024-11-23,PL-WAW-01,C012141,VM-EBK-0011,1,14347.19,0.0,PLN
SO-2024-015311,3,2024-11-23,2024-11-23,PL-WAW-01,C012141,VM-EBK-0007,1,14405.99,0.0,PLN
SO-2024-015312,1,2024-11-23,2024-11-23,PL-WAW-02,C012142,VM-NUT-0009,1,83.29,0.05,PLN
SO-2024-015312,2,2024-11-23,2024-11-23,PL-WAW-02,C012142,VM-BIK-0012,1,11573.79,0.05,PLN
SO-2024-015313,1,2024-11-23,2024-11-23,PL-WAW-02,,VM-APP-0014,1,480.19,0.0,PLN
SO-2024-015314,1,2024-11-23,2024-11-23,PL-WAW-02,C009764,VM-NUT-0006,5,9.79,0.05,PLN
SO-2024-015314,2,2024-11-23,2024-11-23,PL-WAW-02,C009764,VM-CMP-0002,1,548.79,0.05,PLN
SO-2024-015315,1,2024-11-23,2024-11-23,PL-WAW-02,C012143, VM-APP-0019 ,2,64.67,0.0,PLN
SO-2024-015315,2,2024-11-23,2024-11-23,PL-WAW-02,C012143,VM-EBK-0010,1,13220.19,0.0,PLN
SO-2024-015316,1,2024-11-23,2024-11-23,PL-KRK-01,C012144,VM-NUT-0007,12,12.73,0.0,PLN
SO-2024-015317,1,2024-11-23,2024-11-23,PL-KRK-01,C010582,VM-NUT-0001,32,8.81,0.08,PLN
SO-2024-015318,1,2024-11-23,2024-11-23,PL-KRK-01,C012145,VM-BIK-0018,1,2351.99,0.0,PLN
SO-2024-015318,2,2024-11-23,2024-11-23,PL-KRK-01,C012145,VM-NUT-0009,3,83.29,0.0,PLN
SO-2024-015318,3,2024-11-23,2024-11-23,PL-KRK-01,C012145,VM-ACC-0005,2,176.39,0.0,PLN
SO-2024-015318,4,2024-11-23,2024-11-23,PL-KRK-01,C012145, VM-ACC-0007 ,1,352.79,0.1,PLN
SO-2024-015319,1,2024-11-23,2024-11-23,PL-KRK-01,C007455,VM-APP-0012,1,852.59,0.0,PLN
SO-2024-015319,2,2024-11-23,2024-11-23,PL-KRK-01,C007455,VM-APP-0003,2,303.79,0.0,PLN
SO-2024-015320,1,2024-11-23,2024-11-23,PL-KRK-01,C012146,VM-CMP-0010,1,382.19,0.0,PLN
SO-2024-015320,2,2024-11-23,2024-11-23,PL-KRK-01,C012146,VM-APP-0007,1,156.79,0.0,PLN
SO-2024-015321,1,2024-11-23,2024-11-23,PL-KRK-01,C009261,VM-APP-0020,2,176.39,0.05,PLN
SO-2024-015322,1,2024-11-23,2024-11-23,PL-KRK-01,C004945,VM-NUT-0004,12,6.85,0.0,PLN
SO-2024-015323,1,2024-11-23,2024-11-23,PL-KRK-01,C008096,VM-NUT-0009,4,83.29,0.05,PLN
SO-2024-015324,1,2024-11-23,2024-11-23,PL-KRK-01,C012147,VM-ACC-0003,1,284.19,0.0,PLN
SO-2024-015325,1,2024-11-23,2024-11-23,PL-WRO-01,C010998,VM-ACC-0014,1,107.79,0.1,PLN
SO-2024-015326,1,2024-11-23,2024-11-23,PL-WRO-01,C012148,VM-APP-0013,1,431.19,0.0,PLN
SO-2024-015327,1,2024-11-23,2024-11-23,PL-WRO-01,C008882,VM-APP-0013,1,431.19,0.0,PLN
SO-2024-015328,1,2024-11-23,2024-11-23,PL-WRO-01,C012149,VM-ACC-0018,1,48.99,0.0,PLN
SO-2024-015329,1,2024-11-23,2024-11-23,PL-WRO-01,,VM-ACC-0008,2,391.99,0.0,PLN
SO-2024-015330,1,2024-11-23,2024-11-23,PL-GDN-01,C012150,VM-CMP-0004,2,705.59,0.0,PLN
SO-2024-015331,1,2024-11-23,2024-11-23,PL-GDN-01,,VM-ACC-0019,2,48.99,0.0,PLN
SO-2024-015331,2,2024-11-23,2024-11-23,PL-GDN-01,,VM-APP-0010,2,166.59,0.0,PLN
SO-2024-015332,1,2024-11-23,2024-11-23,PL-GDN-01,C007918,VM-ACC-0008,2,391.99,0.0,PLN
SO-2024-015332,2,2024-11-23,2024-11-23,PL-GDN-01,C007918,VM-CMP-0014,1,421.39,0.0,PLN
SO-2024-015333,1,2024-11-23,2024-11-23,PL-GDN-01,C012151,VM-BIK-0007,1,6908.99,0.0,PLN
SO-2024-015334,1,2024-11-23,2024-11-23,PL-POZ-01,C005111,VM-BIK-0007,1,6908.99,0.05,PLN
SO-2024-015334,2,2024-11-23,2024-11-23,PL-POZ-01,C005111,VM-ACC-0008,1,391.99,0.05,PLN
SO-2024-015335,1,2024-11-23,2024-11-23,PL-POZ-01,C010519,VM-BIK-0018,1,2351.99,0.05,PLN
SO-2024-015336,1,2024-11-23,2024-11-23,PL-POZ-01,C003678,VM-CMP-0010,1,382.19,0.0,PLN
SO-2024-015337,1,2024-11-23,2024-11-23,PL-POZ-01,C007690,VM-APP-0019,2,64.67,0.0,PLN
SO-2024-015338,1,2024-11-23,2024-11-23,PL-LDZ-01,C012152,VM-APP-0013,1,431.19,0.0,PLN
SO-2024-015338,2,2024-11-23,2024-11-23,PL-LDZ-01,C012152,VM-ACC-0008,2,391.99,0.0,PLN
SO-2024-015338,3,2024-11-23,2024-11-23,PL-LDZ-01,C012152,VM-ACC-0014,1,107.79,0.0,PLN
SO-2024-015339,1,2024-11-23,2024-11-23,PL-LDZ-01,,VM-NUT-0003,10,10.77,0.0,PLN
SO-2024-015340,1,2024-11-23,2024-11-27,PL-WEB-01,C006266,VM-NUT-0004,3,6.85,0.0,PLN
SO-2024-015341,1,2024-11-23,2024-11-26,PL-WEB-01,C010177,VM-CMP-0005,1,1450.39,0.05,PLN
SO-2024-015341,2,2024-11-23,2024-11-26,PL-WEB-01,C010177,VM-APP-0018,1,127.39,0.05,PLN
SO-2024-015341,3,2024-11-23,2024-11-26,PL-WEB-01,C010177,VM-APP-0013,1,431.19,0.05,PLN
SO-2024-015342,1,2024-11-23,2024-11-26,PL-WEB-01,C012153,VM-APP-0006,1,303.79,0.0,PLN
SO-2024-015343,1,2024-11-23,2024-11-27,PL-WEB-01,C012154,VM-APP-0019,1,64.67,0.0,PLN
SO-2024-015344,1,2024-11-23,2024-11-25,PL-WEB-01,C012155,VM-ACC-0008,1,391.99,0.0,PLN
SO-2024-015344,2,2024-11-23,2024-11-25,PL-WEB-01,C012155,VM-APP-0008,2,156.79,0.0,PLN
SO-2024-015345,1,2024-11-23,2024-11-26,PL-WEB-01,C012156,VM-APP-0006,2,303.79,0.0,PLN
SO-2024-015345,2,2024-11-23,2024-11-26,PL-WEB-01,C012156,VM-ACC-0002,1,597.79,0.0,PLN
SO-2024-015346,1,2024-11-23,2024-11-25,PL-WEB-01,C008716,VM-CMP-0005,1,1450.39,0.0,PLN
SO-2024-015347,1,2024-11-23,2024-11-27,PL-WEB-01,C011544,VM-NUT-0011,4,52.91,0.0,PLN
SO-2024-015348,1,2024-11-23,2024-11-24,PL-WEB-01,C012157,VM-CMP-0013,2,519.39,0.0,PLN
SO-2024-015349,1,2024-11-23,2024-11-25,PL-WEB-01,C008189,VM-APP-0004,3,235.19,0.0,PLN
SO-2024-015349,2,2024-11-23,2024-11-25,PL-WEB-01,C008189,VM-EBK-0001,1,7516.59,0.0,PLN
SO-2024-015349,3,2024-11-23,2024-11-25,PL-WEB-01,C008189,VM-APP-0019,1,64.67,0.05,PLN
SO-2024-015350,1,2024-11-23,2024-11-26,PL-WEB-01,C002877,VM-NUT-0001,11,8.81,0.0,PLN
SO-2024-015351,1,2024-11-23,2024-11-25,PL-MKT-01,C007699,VM-BIK-0020,1,1185.79,0.0,PLN
SO-2024-015351,2,2024-11-23,2024-11-25,PL-MKT-01,C007699,VM-ACC-0008,1,391.99,0.0,PLN
SO-2024-015352,1,2024-11-23,2024-11-26,PL-MKT-01,C011770,VM-ACC-0015,1,342.99,0.0,PLN
SO-2024-015353,1,2024-11-23,2024-11-25,PL-MKT-01,C002541,VM-APP-0002,3,431.19,0.0,PLN
SO-2024-015353,2,2024-11-23,2024-11-25,PL-MKT-01,C002541,VM-CMP-0015,1,901.59,0.0,PLN
SO-2024-015353,3,2024-11-23,2024-11-25,PL-MKT-01,C002541,VM-APP-0010,2,166.59,0.0,PLN
SO-2024-015353,4,2024-11-23,2024-11-25,PL-MKT-01,C002541,VM-BIK-0007,1,6908.99,0.0,PLN
SO-2024-015354,1,2024-11-23,2024-11-26,PL-MKT-01,C006572,VM-APP-0008,8,156.79,0.1,PLN
SO-2024-015354,2,2024-11-23,2024-11-26,PL-MKT-01,C006572,VM-CMP-0009,2,342.99,0.1,PLN
SO-2024-015355,1,2024-11-23,2024-11-23,CZ-PRG-01,C012158,VM-BIK-0007,1,39890.0,0.0,CZK
SO-2024-015355,2,2024-11-23,2024-11-23,CZ-PRG-01,C012158,VM-ACC-0011,2,407.0,0.0,CZK
SO-2024-015356,1,2024-11-23,2024-11-23,CZ-PRG-01,,VM-APP-0016,1,3451.0,0.0,CZK
SO-2024-015356,2,2024-11-23,2024-11-23,CZ-PRG-01,,VM-ACC-0008,1,2263.0,0.1,CZK
SO-2024-015357,1,2024-11-23,2024-11-23,CZ-PRG-01,C012159,VM-APP-0002,3,2490.0,0.0,CZK
SO-2024-015358,1,2024-11-23,2024-11-23,CZ-PRG-01,,VM-BIK-0001,1,77461.0,0.0,CZK
SO-2024-015358,2,2024-11-23,2024-11-23,CZ-PRG-01,,VM-ACC-0014,1,622.0,0.0,CZK
SO-2024-015358,3,2024-11-23,2024-11-23,CZ-PRG-01,,VM-ACC-0002,2,3451.0,0.0,CZK
SO-2024-015358,4,2024-11-23,2024-11-23,CZ-PRG-01,,VM-ACC-0008,2,2263.0,0.0,CZK
SO-2024-015359,1,2024-11-23,2024-11-23,CZ-PRG-01,,VM-ACC-0014,1,622.0,0.0,CZK
SO-2024-015359,2,2024-11-23,2024-11-23,CZ-PRG-01,,VM-APP-0002,2,2490.0,0.1,CZK
SO-2024-015360,1,2024-11-23,2024-11-23,CZ-BRN-01,,VM-ACC-0018,2,283.0,0.0,CZK
SO-2024-015361,1,2024-11-23,2024-11-23,CZ-BRN-01,C008664,VM-APP-0007,2,905.0,0.0,CZK
SO-2024-015362,1,2024-11-23,2024-11-24,CZ-WEB-01,C000646,VM-ACC-0008,1,2263.0,0.05,CZK
SO-2024-015362,2,2024-11-23,2024-11-24,CZ-WEB-01,C000646,vm-bik-0011,1,48943.0,0.05,CZK
SO-2024-015363,1,2024-11-23,2024-11-23,DE-BER-01,,VM-APP-0019,2,15.14,0.0,EUR
SO-2024-015364,1,2024-11-23,2024-11-23,DE-BER-01,C008602,VM-BIK-0022,1,321.29,0.0,EUR
SO-2024-015365,1,2024-11-23,2024-11-23,DE-BER-01,C012160,VM-ACC-0001,2,87.2,0.0,EUR
SO-2024-015365,2,2024-11-23,2024-11-23,DE-BER-01,C012160,vm-acc-0008,2,91.79,0.0,EUR
SO-2024-015366,1,2024-11-23,2024-11-26,DE-WEB-01,C009144,VM-BIK-0019,1,277.68,0.05,EUR
SO-2024-015367,1,2024-11-23,2024-11-27,DE-WEB-01,C010696,VM-APP-0002,3,100.97,0.0,EUR
SO-2024-015368,1,2024-11-24,2024-11-25,PL-WEB-01,C012161,VM-BIK-0017,1,1871.79,0.0,PLN
SO-2024-015368,2,2024-11-24,2024-11-25,PL-WEB-01,C012161,VM-ACC-0001,1,372.39,0.0,PLN
SO-2024-015369,1,2024-11-24,2024-11-27,PL-WEB-01,C011485,VM-APP-0012,1,852.59,0.0,PLN
SO-2024-015370,1,2024-11-24,2024-11-28,PL-WEB-01,C012162,VM-EBK-0007,1,14405.99,0.05,PLN
SO-2024-015371,1,2024-11-24,2024-11-28,PL-WEB-01,C004586,VM-ACC-0002,2,597.79,0.0,PLN
SO-2024-015371,2,2024-11-24,2024-11-28,PL-WEB-01,C004586,VM-CMP-0013,2,519.39,0.0,PLN
SO-2024-015372,1,2024-11-24,2024-11-28,PL-WEB-01,C008013,VM-ACC-0017,10,56.83,0.08,PLN
SO-2024-015373,1,2024-11-24,2024-11-27,PL-WEB-01,C008985,VM-ACC-0008,2,391.99,0.12,PLN
SO-2024-015374,1,2024-11-24,2024-11-28,PL-WEB-01,C011550,VM-ACC-0021,1,764.39,0.0,PLN
SO-2024-015375,1,2024-11-24,2024-11-25,PL-WEB-01,C004985,VM-ACC-0008,8,391.99,0.12,PLN
SO-2024-015376,1,2024-11-24,2024-11-25,PL-MKT-01,C009932,VM-BIK-0001,1,13416.19,0.0,PLN
SO-2024-015376,2,2024-11-24,2024-11-25,PL-MKT-01,C009932,VM-APP-0003,3,303.79,0.0,PLN
SO-2024-015376,3,2024-11-24,2024-11-25,PL-MKT-01,C009932,VM-CMP-0019,3,205.79,0.0,PLN
SO-2024-015377,1,2024-11-24,2024-11-25,PL-MKT-01,C005172,VM-NUT-0004,6,6.85,0.0,PLN
SO-2024-015377,2,2024-11-24,2024-11-25,PL-MKT-01,C005172,vm-acc-0008,1,391.99,0.0,PLN
SO-2024-015378,1,2024-11-24,2024-11-27,PL-MKT-01,C012163,VM-BIK-0008,1,5203.79,0.0,PLN
SO-2024-015379,1,2024-11-24,2024-11-26,PL-MKT-01,C012164,VM-BIK-0001,5,13416.19,0.08,PLN
SO-2024-015380,1,2024-11-24,2024-11-25,PL-MKT-01,C009678,VM-ACC-0008,1,391.99,0.05,PLN
SO-2024-015380,2,2024-11-24,2024-11-25,PL-MKT-01,C009678,VM-NUT-0001,4,8.81,0.05,PLN
SO-2024-015380,3,2024-11-24,2024-11-25,PL-MKT-01,C009678,VM-APP-0002,1,431.19,0.05,PLN
SO-2024-015381,1,2024-11-24,2024-11-27,PL-MKT-01,C009399,VM-ACC-0022,4,1538.59,0.12,PLN
SO-2024-015382,1,2024-11-24,2024-11-27,PL-MKT-01,C009838,VM-ACC-0018,1,48.99,0.0,PLN
SO-2024-015383,1,2024-11-24,2024-11-27,PL-MKT-01,C011438,VM-ACC-0021,1,764.39,0.0,PLN
SO-2024-015384,1,2024-11-24,2024-11-25,PL-MKT-01,C012165,VM-CMP-0009,2,342.99,0.0,PLN
SO-2024-015385,1,2024-11-24,2024-11-24,CZ-PRG-01,C006978,VM-EBK-0002,1,56299.0,0.05,CZK
SO-2024-015385,2,2024-11-24,2024-11-24,CZ-PRG-01,C006978,VM-ACC-0011,2,407.0,0.05,CZK
SO-2024-015386,1,2024-11-24,2024-11-24,CZ-PRG-01,C012166,VM-BIK-0013,1,27159.0,0.0,CZK
SO-2024-015386,2,2024-11-24,2024-11-24,CZ-PRG-01,C012166,VM-ACC-0019,3,283.0,0.0,CZK
SO-2024-015386,3,2024-11-24,2024-11-24,CZ-PRG-01,C012166,VM-ACC-0010,2,1414.0,0.05,CZK
SO-2024-015387,1,2024-11-24,2024-11-24,CZ-PRG-01,,VM-APP-0019,2,373.0,0.0,CZK
SO-2024-015388,1,2024-11-24,2024-11-24,CZ-PRG-01,C011033,VM-ACC-0021,1,4413.0,0.0,CZK
SO-2024-015388,2,2024-11-24,2024-11-24,CZ-PRG-01,C011033,vm-app-0013,1,2490.0,0.0,CZK
SO-2024-015389,1,2024-11-24,2024-11-24,CZ-BRN-01,C005459,VM-NUT-0001,9,51.0,0.0,CZK
SO-2024-015389,2,2024-11-24,2024-11-24,CZ-BRN-01,C005459,VM-CMP-0017,1,2829.0,0.0,CZK
SO-2024-015390,1,2024-11-24,2024-11-25,CZ-WEB-01,C011009,VM-APP-0010,1,962.0,0.05,CZK
SO-2024-015391,1,2024-11-24,2024-11-26,CZ-WEB-01,C009707,VM-ACC-0010,1,1414.0,0.0,CZK
SO-2024-015392,1,2024-11-24,2024-11-25,CZ-WEB-01,C006830,VM-APP-0012,1,4923.0,0.05,CZK
SO-2024-015392,2,2024-11-24,2024-11-25,CZ-WEB-01,C006830,VM-APP-0007,2,905.0,0.0,CZK
SO-2024-015393,1,2024-11-24,2024-11-28,CZ-WEB-01,C010896,VM-ACC-0007,2,2037.0,0.0,CZK
SO-2024-015394,1,2024-11-24,2024-11-25,DE-WEB-01,C011308,VM-BIK-0013,1,1101.56,0.0,EUR
SO-2024-015394,2,2024-11-24,2024-11-25,DE-WEB-01,C011308,vm-acc-0001,1,87.2,0.0,EUR
SO-2024-015395,1,2024-11-24,2024-11-27,DE-WEB-01,C004943,VM-ACC-0012,1,16.52,0.0,EUR
SO-2024-015396,1,2024-11-24,2024-11-27,DE-WEB-01,C012167,VM-CMP-0013,1,121.63,0.0,EUR
SO-2024-015397,1,2024-11-25,2024-11-25,PL-WAW-01,C005149,VM-BIK-0006,1,6458.19,0.0,PLN
SO-2024-015398,1,2024-11-25,2024-11-25,PL-WAW-01,C012168,VM-EBK-0002,1,9750.99,0.0,PLN
SO-2024-015398,2,2024-11-25,2024-11-25,PL-WAW-01,C012168,VM-ACC-0012,1,70.55,0.0,PLN
SO-2024-015399,1,2024-11-25,2024-11-25,PL-WAW-01,C011026,VM-APP-0008,2,156.79,0.0,PLN
SO-2024-015400,1,2024-11-25,2024-11-25,PL-WAW-01,,VM-NUT-0009,2,83.29,0.0,PLN
SO-2024-015401,1,2024-11-25,2024-11-25,PL-WAW-01,C012169,VM-APP-0002,1,431.19,0.0,PLN
SO-2024-015402,1,2024-11-25,2024-11-25,PL-WAW-01,C009210,VM-NUT-0004,24,6.85,0.08,PLN
SO-2024-015403,1,2024-11-25,2024-11-25,PL-WAW-02,C008131,VM-APP-0002,4,431.19,0.08,PLN
SO-2024-015404,1,2024-11-25,2024-11-25,PL-WAW-02,C009380,VM-NUT-0006,11,9.79,0.0,PLN
SO-2024-015405,1,2024-11-25,2024-11-25,PL-WAW-02,C012170,VM-APP-0010,1,166.59,0.05,PLN
SO-2024-015405,2,2024-11-25,2024-11-25,PL-WAW-02,C012170,VM-CMP-0022,2,35.27,0.0,PLN
SO-2024-015405,3,2024-11-25,2024-11-25,PL-WAW-02,C012170, VM-CMP-0011 ,2,156.79,0.0,PLN
SO-2024-015405,4,2024-11-25,2024-11-25,PL-WAW-02,C012170,VM-ACC-0023,1,911.39,0.0,PLN
SO-2024-015406,1,2024-11-25,2024-11-25,PL-WAW-02,C012171, VM-CMP-0020 ,1,254.79,0.0,PLN
SO-2024-015406,2,2024-11-25,2024-11-25,PL-WAW-02,C012171,VM-NUT-0002,6,14.69,0.0,PLN
SO-2024-015407,1,2024-11-25,2024-11-25,PL-KRK-01,,VM-CMP-0004,1,705.59,0.0,PLN
SO-2024-015407,2,2024-11-25,2024-11-25,PL-KRK-01,,VM-APP-0020,2,176.39,0.0,PLN
SO-2024-015408,1,2024-11-25,2024-11-25,PL-KRK-01,,VM-APP-0013,1,431.19,0.0,PLN
SO-2024-015409,1,2024-11-25,2024-11-25,PL-KRK-01,C005229,VM-APP-0015,1,558.59,0.0,PLN
SO-2024-015410,1,2024-11-25,2024-11-25,PL-KRK-01,,VM-APP-0020,2,176.39,0.0,PLN
SO-2024-015411,1,2024-11-25,2024-11-25,PL-KRK-01,C010640,VM-NUT-0011,3,52.91,0.12,PLN
SO-2024-015411,2,2024-11-25,2024-11-25,PL-KRK-01,C010640,VM-NUT-0009,12,83.29,0.08,PLN
SO-2024-015411,3,2024-11-25,2024-11-25,PL-KRK-01,C010640,VM-APP-0011,6,401.79,0.12,PLN
SO-2024-015412,1,2024-11-25,2024-11-25,PL-WRO-01,C012172,VM-ACC-0008,1,391.99,0.0,PLN
SO-2024-015412,2,2024-11-25,2024-11-25,PL-WRO-01,C012172,VM-BIK-0018,1,2351.99,0.0,PLN
SO-2024-015412,3,2024-11-25,2024-11-25,PL-WRO-01,C012172,VM-ACC-0018,3,48.99,0.0,PLN
SO-2024-015413,1,2024-11-25,2024-11-25,PL-GDN-01,C011460,VM-CMP-0013,2,519.39,0.1,PLN
SO-2024-015413,2,2024-11-25,2024-11-25,PL-GDN-01,C011460,VM-APP-0002,4,431.19,0.1,PLN
SO-2024-015414,1,2024-11-25,2024-11-25,PL-POZ-01,,vm-acc-0008,1,391.99,0.0,PLN
SO-2024-015415,1,2024-11-25,2024-11-25,PL-POZ-01,C012173,VM-CMP-0001,2,391.99,0.05,PLN
SO-2024-015416,1,2024-11-25,2024-11-25,PL-POZ-01,C005835,VM-CMP-0013,2,519.39,0.0,PLN
SO-2024-015417,1,2024-11-25,2024-11-25,PL-LDZ-01,C011107,VM-APP-0007,2,156.79,0.0,PLN
SO-2024-015417,2,2024-11-25,2024-11-25,PL-LDZ-01,C011107,VM-NUT-0006,8,9.79,0.0,PLN
SO-2024-015418,1,2024-11-25,2024-11-25,PL-LDZ-01,,VM-ACC-0020,1,793.79,0.0,PLN
SO-2024-015418,2,2024-11-25,2024-11-25,PL-LDZ-01,,VM-APP-0011,2,401.79,0.0,PLN
SO-2024-015419,1,2024-11-25,2024-11-25,PL-LDZ-01,C012174,VM-NUT-0006,6,9.79,0.05,PLN
SO-2024-015419,2,2024-11-25,2024-11-25,PL-LDZ-01,C012174,VM-CMP-0005,1,1450.39,0.05,PLN
SO-2024-015420,1,2024-11-25,2024-11-28,PL-WEB-01,C010843,VM-BIK-0012,1,11573.79,0.0,PLN
SO-2024-015421,1,2024-11-25,2024-11-27,PL-WEB-01,C011400,VM-APP-0002,2,431.19,0.1,PLN
SO-2024-015422,1,2024-11-25,2024-11-29,PL-WEB-01,C008080,VM-APP-0002,3,431.19,0.0,PLN
SO-2024-015422,2,2024-11-25,2024-11-29,PL-WEB-01,C008080,VM-EBK-0003,1,8908.19,0.0,PLN
SO-2024-015423,1,2024-11-25,2024-11-27,PL-WEB-01,C012175,VM-BIK-0009,1,5527.19,0.0,PLN
SO-2024-015423,2,2024-11-25,2024-11-27,PL-WEB-01,C012175,VM-EBK-0001,1,7516.59,0.0,PLN
SO-2024-015423,3,2024-11-25,2024-11-27,PL-WEB-01,C012175,VM-ACC-0019,3,48.99,0.0,PLN
SO-2024-015424,1,2024-11-25,2024-11-26,PL-WEB-01,C008793,VM-APP-0006,2,303.79,0.0,PLN
SO-2024-015425,1,2024-11-25,2024-11-27,PL-WEB-01,C001428,VM-ACC-0005,5,176.39,0.1,PLN
SO-2024-015425,2,2024-11-25,2024-11-27,PL-WEB-01,C001428,VM-APP-0002,6,431.19,0.1,PLN
SO-2024-015426,1,2024-11-25,2024-11-29,PL-WEB-01,C003776,VM-EBK-0007,1,14405.99,0.0,PLN
SO-2024-015427,1,2024-11-25,2024-11-26,PL-WEB-01,C007054,VM-BIK-0005,1,7261.79,0.05,PLN
SO-2024-015428,1,2024-11-25,2024-11-26,PL-WEB-01,C005119,VM-ACC-0003,2,284.19,0.0,PLN
SO-2024-015429,1,2024-11-25,2024-11-29,PL-WEB-01,C010789,vm-app-0005,2,176.39,0.0,PLN
SO-2024-015430,1,2024-11-25,2024-11-26,PL-WEB-01,C012176,VM-BIK-0007,1,6908.99,0.0,PLN
SO-2024-015430,2,2024-11-25,2024-11-26,PL-WEB-01,C012176,VM-ACC-0004,1,764.39,0.0,PLN
SO-2024-015431,1,2024-11-25,2024-11-28,PL-WEB-01,C012177,VM-CMP-0005,1,1450.39,0.05,PLN
SO-2024-015432,1,2024-11-25,2024-11-28,PL-WEB-01,C000561,VM-ACC-0018,3,48.99,0.0,PLN
SO-2024-015433,1,2024-11-25,2024-11-28,PL-WEB-01,C012178,VM-CMP-0017,1,489.99,0.1,PLN
SO-2024-015434,1,2024-11-25,2024-11-27,PL-MKT-01,C012179,VM-ACC-0008,8,391.99,0.08,PLN
SO-2024-015435,1,2024-11-25,2024-11-26,PL-MKT-01,C010211,VM-APP-0002,2,431.19,0.0,PLN
SO-2024-015436,1,2024-11-25,2024-11-26,PL-MKT-01,C012180,VM-ACC-0014,1,107.79,0.0,PLN
SO-2024-015436,2,2024-11-25,2024-11-26,PL-MKT-01,C012180,VM-CMP-0010,1,382.19,0.0,PLN
SO-2024-015436,3,2024-11-25,2024-11-26,PL-MKT-01,C012180,VM-NUT-0009,2,83.29,0.0,PLN
SO-2024-015437,1,2024-11-25,2024-11-29,PL-MKT-01,C004866,VM-CMP-0005,1,1450.39,0.05,PLN
SO-2024-015438,1,2024-11-25,2024-11-27,PL-MKT-01,C012181,VM-ACC-0013,1,166.59,0.05,PLN
SO-2024-015438,2,2024-11-25,2024-11-27,PL-MKT-01,C012181,VM-CMP-0018,3,60.75,0.05,PLN
SO-2024-015439,1,2024-11-25,2024-11-25,CZ-PRG-01,C011347,VM-APP-0012,1,4923.0,0.0,CZK
SO-2024-015439,2,2024-11-25,2024-11-25,CZ-PRG-01,C011347,VM-APP-0002,3,2490.0,0.0,CZK
SO-2024-015440,1,2024-11-25,2024-11-25,CZ-PRG-01,C005786,VM-APP-0008,2,905.0,0.05,CZK
SO-2024-015441,1,2024-11-25,2024-11-25,CZ-PRG-01,C012182,VM-ACC-0008,1,2263.0,0.0,CZK
SO-2024-015442,1,2024-11-25,2024-11-25,CZ-PRG-01,C012094,VM-CMP-0020,1,1471.0,0.0,CZK
SO-2024-015443,1,2024-11-25,2024-11-25,CZ-BRN-01,C004370,VM-CMP-0012,2,3055.0,0.0,CZK
SO-2024-015443,2,2024-11-25,2024-11-25,CZ-BRN-01,C004370,VM-APP-0006,3,1754.0,0.0,CZK
SO-2024-015444,1,2024-11-25,2024-11-28,CZ-WEB-01,C012183,VM-NUT-0002,3,85.0,0.05,CZK
SO-2024-015444,2,2024-11-25,2024-11-28,CZ-WEB-01,C012183,VM-CMP-0005,1,8374.0,0.05,CZK
SO-2024-015445,1,2024-11-25,2024-11-25,DE-BER-01,,VM-APP-0013,1,100.97,0.0,EUR
SO-2024-015445,2,2024-11-25,2024-11-25,DE-BER-01,,VM-CMP-0014,1,98.68,0.0,EUR
SO-2024-015446,1,2024-11-25,2024-11-25,DE-BER-01,,VM-BIK-0019,1,277.68,0.0,EUR
SO-2024-015446,2,2024-11-25,2024-11-25,DE-BER-01,,VM-NUT-0001,12,2.06,0.0,EUR
SO-2024-015446,3,2024-11-25,2024-11-25,DE-BER-01,,VM-ACC-0018,2,11.47,0.0,EUR
SO-2024-015446,4,2024-11-25,2024-11-25,DE-BER-01,,VM-APP-0006,2,71.14,0.0,EUR
SO-2024-015447,1,2024-11-25,2024-11-25,DE-BER-01,C012079,VM-BIK-0013,1,1101.56,0.0,EUR
SO-2024-015448,1,2024-11-25,2024-11-25,DE-BER-01,C007414,VM-CMP-0003,2,55.08,0.0,EUR
SO-2024-015449,1,2024-11-25,2024-11-28,DE-WEB-01,C006132,vm-nut-0004,12,1.6,0.0,EUR
SO-2024-015450,1,2024-11-25,2024-11-27,DE-WEB-01,C012184,VM-NUT-0004,8,1.6,0.1,EUR
SO-2024-015450,2,2024-11-25,2024-11-27,DE-WEB-01,C012184,VM-BIK-0001,1,3141.74,0.0,EUR
SO-2024-015450,3,2024-11-25,2024-11-27,DE-WEB-01,C012184,VM-APP-0002,1,100.97,0.0,EUR
SO-2024-015451,1,2024-11-25,2024-11-29,DE-WEB-01,C012185,VM-NUT-0004,8,1.6,0.0,EUR
SO-2024-015452,1,2024-11-25,2024-11-27,DE-WEB-01,C012186,VM-APP-0010,1,39.01,0.0,EUR
SO-2024-015452,2,2024-11-25,2024-11-27,DE-WEB-01,C012186,VM-ACC-0013,1,39.01,0.0,EUR
SO-2024-015453,1,2024-11-25,2024-11-26,DE-WEB-01,C004880,VM-APP-0006,3,71.14,0.05,EUR
SO-2024-015453,2,2024-11-25,2024-11-26,DE-WEB-01,C004880,VM-NUT-0004,6,1.6,0.05,EUR
SO-2024-015454,1,2024-11-25,2024-11-28,DE-WEB-01,C004896,VM-BIK-0007,1,1617.92,0.0,EUR
SO-2024-015454,2,2024-11-25,2024-11-28,DE-WEB-01,C004896,vm-nut-0003,12,2.52,0.0,EUR
SO-2024-015454,3,2024-11-25,2024-11-28,DE-WEB-01,C004896,VM-ACC-0008,2,91.79,0.0,EUR
SO-2024-015455,1,2024-11-25,2024-11-29,DE-WEB-01,C008833,VM-NUT-0004,9,1.6,0.0,EUR
SO-2024-015456,1,2024-11-25,2024-11-26,DE-WEB-01,C009550,VM-ACC-0011,1,16.52,0.05,EUR
SO-2024-015456,2,2024-11-25,2024-11-26,DE-WEB-01,C009550,VM-APP-0006,2,71.14,0.05,EUR
SO-2024-015457,1,2024-11-25,2024-11-28,DE-WEB-01,C005186,VM-NUT-0004,12,1.6,0.0,EUR
SO-2024-015457,2,2024-11-25,2024-11-28,DE-WEB-01,C005186,VM-CMP-0019,2,48.19,0.0,EUR
SO-2024-015457,3,2024-11-25,2024-11-28,DE-WEB-01,C005186,VM-CMP-0006,2,45.9,0.1,EUR
SO-2024-015458,1,2024-11-26,2024-11-26,PL-WAW-01,C012187,VM-ACC-0006,1,930.99,0.0,PLN
SO-2024-015458,2,2024-11-26,2024-11-26,PL-WAW-01,C012187,VM-APP-0020,1,176.39,0.0,PLN
SO-2024-015459,1,2024-11-26,2024-11-26,PL-WAW-01,C010209,VM-BIK-0020,1,1185.79,0.0,PLN
SO-2024-015460,1,2024-11-26,2024-11-26,PL-WAW-01,C000748,VM-APP-0019,5,64.67,0.12,PLN
SO-2024-015460,2,2024-11-26,2024-11-26,PL-WAW-01,C000748,VM-EBK-0003,3,8908.19,0.1,PLN
SO-2024-015460,3,2024-11-26,2024-11-26,PL-WAW-01,C000748,VM-CMP-0004,4,705.59,0.08,PLN
SO-2024-015461,1,2024-11-26,2024-11-26,PL-WAW-01,C012188,VM-APP-0007,1,156.79,0.0,PLN
SO-2024-015461,2,2024-11-26,2024-11-26,PL-WAW-01,C012188,VM-NUT-0004,10,6.85,0.0,PLN
SO-2024-015461,3,2024-11-26,2024-11-26,PL-WAW-01,C012188,VM-APP-0012,1,852.59,0.0,PLN
SO-2024-015462,1,2024-11-26,2024-11-26,PL-WAW-01,C007867,VM-APP-0019,1,64.67,0.0,PLN
SO-2024-015463,1,2024-11-26,2024-11-26,PL-WAW-02,,VM-APP-0002,2,431.19,0.0,PLN
SO-2024-015463,2,2024-11-26,2024-11-26,PL-WAW-02,,VM-NUT-0007,7,12.73,0.0,PLN
SO-2024-015463,3,2024-11-26,2024-11-26,PL-WAW-02,,vm-cmp-0009,2,342.99,0.0,PLN
SO-2024-015464,1,2024-11-26,2024-11-26,PL-KRK-01,,VM-APP-0002,1,431.19,0.0,PLN
SO-2024-015464,2,2024-11-26,2024-11-26,PL-KRK-01,,VM-ACC-0004,1,764.39,0.1,PLN
SO-2024-015465,1,2024-11-26,2024-11-26,PL-KRK-01,,VM-APP-0017,1,186.19,0.0,PLN
SO-2024-015466,1,2024-11-26,2024-11-26,PL-KRK-01,,VM-BIK-0004,1,4184.59,0.0,PLN
SO-2024-015466,2,2024-11-26,2024-11-26,PL-KRK-01,,VM-ACC-0014,1,107.79,0.0,PLN
SO-2024-015467,1,2024-11-26,2024-11-26,PL-KRK-01,,VM-CMP-0013,1,519.39,0.0,PLN
SO-2024-015468,1,2024-11-26,2024-11-26,PL-KRK-01,C012189, vm-app-0009 ,2,342.99,0.0,PLN
SO-2024-015468,2,2024-11-26,2024-11-26,PL-KRK-01,C012189,VM-APP-0020,1,176.39,0.0,PLN
SO-2024-015469,1,2024-11-26,2024-11-26,PL-WRO-01,,VM-ACC-0008,2,391.99,0.0,PLN
SO-2024-015470,1,2024-11-26,2024-11-26,PL-WRO-01,C005676,VM-APP-0015,1,558.59,0.0,PLN
SO-2024-015471,1,2024-11-26,2024-11-26,PL-GDN-01,C010232,VM-EBK-0011,1,14347.19,0.1,PLN
SO-2024-015472,1,2024-11-26,2024-11-26,PL-GDN-01,C012190,VM-APP-0012,1,852.59,0.0,PLN
SO-2024-015473,1,2024-11-26,2024-11-26,PL-GDN-01,,VM-EBK-0009,1,9711.79,0.0,PLN
SO-2024-015473,2,2024-11-26,2024-11-26,PL-GDN-01,,VM-CMP-0005,2,1450.39,0.0,PLN
SO-2024-015473,3,2024-11-26,2024-11-26,PL-GDN-01,,VM-ACC-0018,1,48.99,0.0,PLN
SO-2024-015474,1,2024-11-26,2024-11-26,PL-GDN-01,C007403,VM-APP-0009,2,342.99,0.05,PLN
SO-2024-015474,2,2024-11-26,2024-11-26,PL-GDN-01,C007403,VM-ACC-0004,2,764.39,0.05,PLN
SO-2024-015475,1,2024-11-26,2024-11-26,PL-GDN-01,C007907,vm-nut-0011,3,52.91,0.0,PLN
SO-2024-015475,2,2024-11-26,2024-11-26,PL-GDN-01,C007907,VM-APP-0011,2,401.79,0.0,PLN
SO-2024-015475,3,2024-11-26,2024-11-26,PL-GDN-01,C007907,VM-CMP-0013,1,519.39,0.0,PLN
SO-2024-015475,4,2024-11-26,2024-11-26,PL-GDN-01,C007907,VM-BIK-0006,1,6458.19,0.0,PLN
SO-2024-015476,1,2024-11-26,2024-11-26,PL-POZ-01,,VM-ACC-0023,1,911.39,0.0,PLN
SO-2024-015476,2,2024-11-26,2024-11-26,PL-POZ-01,,VM-CMP-0006,1,195.99,0.0,PLN
SO-2024-015477,1,2024-11-26,2024-11-26,PL-POZ-01,C012191,VM-EBK-0007,1,14405.99,0.0,PLN
SO-2024-015477,2,2024-11-26,2024-11-26,PL-POZ-01,C012191,VM-NUT-0003,5,10.77,0.0,PLN
SO-2024-015477,3,2024-11-26,2024-11-26,PL-POZ-01,C012191,VM-BIK-0016,1,3518.19,0.0,PLN
SO-2024-015478,1,2024-11-26,2024-11-26,PL-POZ-01,C012192,VM-BIK-0005,1,7261.79,0.0,PLN
SO-2024-015478,2,2024-11-26,2024-11-26,PL-POZ-01,C012192,VM-ACC-0008,2,391.99,0.0,PLN
SO-2024-015479,1,2024-11-26,2024-11-26,PL-POZ-01,C009777,VM-APP-0008,2,156.79,0.0,PLN
SO-2024-015479,2,2024-11-26,2024-11-26,PL-POZ-01,C009777,VM-ACC-0002,2,597.79,0.0,PLN
SO-2024-015479,3,2024-11-26,2024-11-26,PL-POZ-01,C009777,VM-NUT-0004,3,6.85,0.0,PLN
SO-2024-015479,4,2024-11-26,2024-11-26,PL-POZ-01,C009777,VM-EBK-0009,1,9711.79,0.0,PLN
SO-2024-015480,1,2024-11-26,2024-11-26,PL-LDZ-01,C012193,VM-CMP-0016,2,2410.79,0.0,PLN
SO-2024-015481,1,2024-11-26,2024-11-28,PL-WEB-01,C012194,VM-CMP-0005,2,1450.39,0.0,PLN
SO-2024-015482,1,2024-11-26,2024-11-28,PL-WEB-01,C009333,VM-NUT-0001,14,8.81,0.0,PLN
SO-2024-015482,2,2024-11-26,2024-11-28,PL-WEB-01,C009333,VM-BIK-0013,1,4703.99,0.0,PLN
SO-2024-015483,1,2024-11-26,2024-11-27,PL-WEB-01,C004985,VM-NUT-0004,6,6.85,0.12,PLN
SO-2024-015484,1,2024-11-26,2024-11-29,PL-WEB-01,C010870,VM-APP-0014,1,480.19,0.0,PLN
SO-2024-015485,1,2024-11-26,2024-11-30,PL-WEB-01,C007061,VM-BIK-0005,1,7261.79,0.0,PLN
SO-2024-015485,2,2024-11-26,2024-11-30,PL-WEB-01,C007061,VM-ACC-0017,1,56.83,0.0,PLN
SO-2024-015486,1,2024-11-26,2024-11-28,PL-WEB-01,C012124,VM-APP-0008,1,156.79,0.0,PLN
SO-2024-015487,1,2024-11-26,2024-11-27,PL-WEB-01,C010910,VM-APP-0002,2,431.19,0.05,PLN
SO-2024-015487,2,2024-11-26,2024-11-27,PL-WEB-01,C010910,VM-CMP-0005,1,1450.39,0.05,PLN
SO-2024-015488,1,2024-11-26,2024-11-27,PL-WEB-01,C012195,VM-BIK-0001,1,13416.19,0.0,PLN
SO-2024-015488,2,2024-11-26,2024-11-27,PL-WEB-01,C012195,VM-ACC-0008,2,391.99,0.0,PLN
SO-2024-015488,3,2024-11-26,2024-11-27,PL-WEB-01,C012195,VM-ACC-0003,1,284.19,0.0,PLN
SO-2024-015489,1,2024-11-26,2024-11-30,PL-WEB-01,C009232,VM-BIK-0019,1,1185.79,0.0,PLN
SO-2024-015490,1,2024-11-26,2024-11-30,PL-WEB-01,C004191,VM-NUT-0002,6,14.69,0.0,PLN
SO-2024-015491,1,2024-11-26,2024-11-27,PL-WEB-01,C010321,VM-APP-0018,3,127.39,0.12,PLN
SO-2024-015492,1,2024-11-26,2024-11-30,PL-WEB-01,C012196,VM-NUT-0011,4,52.91,0.08,PLN
SO-2024-015493,1,2024-11-26,2024-11-27,PL-WEB-01,C004985,VM-ACC-0009,5,391.99,0.08,PLN
SO-2024-015494,1,2024-11-26,2024-11-27,PL-WEB-01,C012197,VM-APP-0015,1,558.59,0.0,PLN
SO-2024-015495,1,2024-11-26,2024-11-29,PL-MKT-01,C010591,VM-APP-0010,2,166.59,0.0,PLN
SO-2024-015495,2,2024-11-26,2024-11-29,PL-MKT-01,C010591,VM-CMP-0002,2,548.79,0.0,PLN
SO-2024-015495,3,2024-11-26,2024-11-29,PL-MKT-01,C010591,VM-CMP-0013,2,519.39,0.0,PLN
SO-2024-015496,1,2024-11-26,2024-11-30,PL-MKT-01,C010085,VM-APP-0007,1,156.79,0.0,PLN
SO-2024-015496,2,2024-11-26,2024-11-30,PL-MKT-01,C010085,VM-APP-0002,1,431.19,0.0,PLN
SO-2024-015496,3,2024-11-26,2024-11-30,PL-MKT-01,C010085,VM-APP-0005,1,176.39,0.0,PLN
SO-2024-015497,1,2024-11-26,2024-11-29,PL-MKT-01,C009980,VM-ACC-0008,1,391.99,0.0,PLN
SO-2024-015497,2,2024-11-26,2024-11-29,PL-MKT-01,C009980,VM-APP-0005,2,176.39,0.0,PLN
SO-2024-015497,3,2024-11-26,2024-11-29,PL-MKT-01,C009980,VM-ACC-0002,1,597.79,0.0,PLN
SO-2024-015497,4,2024-11-26,2024-11-29,PL-MKT-01,C009980,VM-NUT-0006,8,9.79,0.0,PLN
SO-2024-015498,1,2024-11-26,2024-11-29,PL-MKT-01,C009715,VM-CMP-0016,2,2410.79,0.0,PLN
SO-2024-015499,1,2024-11-26,2024-11-28,PL-MKT-01,C012198,VM-NUT-0006,11,9.79,0.0,PLN
SO-2024-015499,2,2024-11-26,2024-11-28,PL-MKT-01,C012198,VM-ACC-0021,1,764.39,0.0,PLN
SO-2024-015500,1,2024-11-26,2024-11-29,PL-MKT-01,C011533,VM-APP-0012,1,852.59,0.05,PLN
SO-2024-015500,2,2024-11-26,2024-11-29,PL-MKT-01,C011533,VM-NUT-0007,11,12.73,0.05,PLN
SO-2024-015501,1,2024-11-26,2024-11-29,PL-MKT-01,C007235,VM-NUT-0009,4,83.29,0.0,PLN
SO-2024-015501,2,2024-11-26,2024-11-29,PL-MKT-01,C007235,VM-NUT-0002,3,14.69,0.0,PLN
SO-2024-015502,1,2024-11-26,2024-11-30,PL-MKT-01,C012199,VM-APP-0017,1,186.19,0.0,PLN
SO-2024-015503,1,2024-11-26,2024-11-27,PL-MKT-01,C012014,VM-ACC-0014,1,107.79,0.0,PLN
SO-2024-015503,2,2024-11-26,2024-11-27,PL-MKT-01,C012014,VM-CMP-0009,1,342.99,0.0,PLN
SO-2024-015504,1,2024-11-26,2024-11-28,PL-MKT-01,C004985,VM-BIK-0013,4,4703.99,0.1,PLN
SO-2024-015505,1,2024-11-26,2024-11-30,PL-MKT-01,C008706,VM-ACC-0013,1,166.59,0.0,PLN
SO-2024-015505,2,2024-11-26,2024-11-30,PL-MKT-01,C008706,VM-NUT-0004,3,6.85,0.0,PLN
SO-2024-015506,1,2024-11-26,2024-11-26,CZ-PRG-01,,VM-CMP-0019,2,1188.0,0.0,CZK
SO-2024-015506,2,2024-11-26,2024-11-26,CZ-PRG-01,,VM-ACC-0020,1,4583.0,0.0,CZK
SO-2024-015507,1,2024-11-26,2024-11-26,CZ-PRG-01,C008626,VM-APP-0013,5,2490.0,0.1,CZK
SO-2024-015507,2,2024-11-26,2024-11-26,CZ-PRG-01,C008626,VM-CMP-0010,4,2207.0,0.08,CZK
SO-2024-015507,3,2024-11-26,2024-11-26,CZ-PRG-01,C008626,VM-ACC-0013,3,962.0,0.1,CZK
SO-2024-015508,1,2024-11-26,2024-11-26,CZ-BRN-01,C010236,VM-APP-0015,1,3225.0,0.05,CZK
SO-2024-015508,2,2024-11-26,2024-11-26,CZ-BRN-01,C010236,VM-BIK-0001,1,77461.0,0.05,CZK
SO-2024-015509,1,2024-11-26,2024-11-30,CZ-WEB-01,C012200,VM-APP-0007,1,905.0,0.0,CZK
SO-2024-015510,1,2024-11-26,2024-11-27,CZ-WEB-01,C012201,VM-NUT-0011,4,305.0,0.0,CZK
SO-2024-015510,2,2024-11-26,2024-11-27,CZ-WEB-01,C012201,VM-EBK-0003,1,51433.0,0.0,CZK
SO-2024-015511,1,2024-11-26,2024-11-26,DE-BER-01,,VM-ACC-0008,2,91.79,0.0,EUR
SO-2024-015511,2,2024-11-26,2024-11-26,DE-BER-01,,VM-APP-0002,2,100.97,0.0,EUR
SO-2024-015512,1,2024-11-26,2024-11-28,DE-WEB-01,C011757,VM-CMP-0012,2,123.92,0.0,EUR
SO-2024-015513,1,2024-11-26,2024-11-29,DE-WEB-01,C012202,VM-ACC-0001,2,87.2,0.05,EUR
SO-2024-015513,2,2024-11-26,2024-11-29,DE-WEB-01,C012202,VM-ACC-0007,2,82.61,0.05,EUR
SO-2024-015514,1,2024-11-26,2024-11-28,DE-WEB-01,C012203,VM-EBK-0007,1,3373.53,0.0,EUR
SO-2024-015514,2,2024-11-26,2024-11-28,DE-WEB-01,C012203,VM-APP-0006,3,71.14,0.0,EUR
SO-2024-015514,3,2024-11-26,2024-11-28,DE-WEB-01,C012203,VM-CMP-0016,1,564.55,0.1,EUR
SO-2024-015515,1,2024-11-26,2024-11-27,DE-WEB-01,C003292,VM-ACC-0008,1,91.79,0.0,EUR
SO-2024-015516,1,2024-11-26,2024-11-29,DE-WEB-01,C004943,VM-APP-0015,1,130.81,0.0,EUR
SO-2024-015517,1,2024-11-26,2024-11-28,DE-WEB-01,C007073,VM-CMP-0018,2,14.23,0.0,EUR
SO-2024-015518,1,2024-11-26,2024-11-28,DE-WEB-01,C008902,VM-BIK-0018,1,550.78,0.05,EUR
SO-2024-015519,1,2024-11-26,2024-11-29,DE-WEB-01,C003716,VM-CMP-0022,12,8.26,0.1,EUR
SO-2024-015520,1,2024-11-26,2024-11-30,DE-WEB-01,C007852,VM-APP-0012,1,199.66,0.0,EUR
SO-2024-015520,2,2024-11-26,2024-11-30,DE-WEB-01,C007852,VM-EBK-0009,1,2274.26,0.0,EUR
SO-2024-015520,3,2024-11-26,2024-11-30,DE-WEB-01,C007852,VM-BIK-0012,1,2710.3,0.0,EUR
SO-2024-015520,4,2024-11-26,2024-11-30,DE-WEB-01,C007852,VM-CMP-0013,2,121.63,0.0,EUR
SO-2024-015521,1,2024-11-27,2024-11-27,PL-WAW-01,C012204,VM-APP-0008,2,156.79,0.05,PLN
SO-2024-015522,1,2024-11-27,2024-11-27,PL-WAW-01,,VM-CMP-0015,2,901.59,0.0,PLN
SO-2024-015522,2,2024-11-27,2024-11-27,PL-WAW-01,,VM-BIK-0003,1,6409.19,0.0,PLN
SO-2024-015523,1,2024-11-27,2024-11-27,PL-WAW-01,C011651,VM-APP-0010,1,166.59,0.0,PLN
SO-2024-015524,1,2024-11-27,2024-11-27,PL-WAW-01,,VM-EBK-0007,1,14405.99,0.0,PLN
SO-2024-015525,1,2024-11-27,2024-11-27,PL-WAW-01,,VM-CMP-0006,1,195.99,0.0,PLN
SO-2024-015526,1,2024-11-27,2024-11-27,PL-WAW-02,C012205,VM-CMP-0013,2,519.39,0.0,PLN
SO-2024-015527,1,2024-11-27,2024-11-27,PL-WAW-02,C007804, VM-NUT-0006 ,6,9.79,0.0,PLN
SO-2024-015528,1,2024-11-27,2024-11-27,PL-KRK-01,C012206,VM-APP-0020,6,176.39,0.08,PLN
SO-2024-015529,1,2024-11-27,2024-11-27,PL-KRK-01,,VM-EBK-0003,1,8908.19,0.0,PLN
SO-2024-015530,1,2024-11-27,2024-11-27,PL-KRK-01,C011369,VM-APP-0005,2,176.39,0.05,PLN
SO-2024-015530,2,2024-11-27,2024-11-27,PL-KRK-01,C011369,VM-APP-0013,1,431.19,0.05,PLN
SO-2024-015531,1,2024-11-27,2024-11-27,PL-KRK-01,C012207,VM-APP-0020,2,176.39,0.0,PLN
SO-2024-015532,1,2024-11-27,2024-11-27,PL-KRK-01,C008059,vm-acc-0007,1,352.79,0.0,PLN
SO-2024-015532,2,2024-11-27,2024-11-27,PL-KRK-01,C008059,VM-CMP-0005,1,1450.39,0.0,PLN
SO-2024-015533,1,2024-11-27,2024-11-27,PL-WRO-01,C010190,VM-ACC-0006,5,930.99,0.08,PLN
SO-2024-015533,2,2024-11-27,2024-11-27,PL-WRO-01,C010190,VM-APP-0007,5,156.79,0.12,PLN
SO-2024-015534,1,2024-11-27,2024-11-27,PL-POZ-01,,VM-ACC-0012,1,70.55,0.0,PLN
SO-2024-015535,1,2024-11-27,2024-11-27,PL-POZ-01,C010463,VM-ACC-0014,1,107.79,0.0,PLN
SO-2024-015536,1,2024-11-27,2024-11-27,PL-POZ-01,,VM-CMP-0008,2,431.19,0.0,PLN
SO-2024-015537,1,2024-11-27,2024-11-27,PL-POZ-01,C011661,VM-NUT-0001,4,8.81,0.0,PLN
SO-2024-015538,1,2024-11-27,2024-11-27,PL-LDZ-01,,VM-APP-0002,3,431.19,0.0,PLN
SO-2024-015539,1,2024-11-27,2024-11-28,PL-WEB-01,C012172,VM-CMP-0006,2,195.99,0.0,PLN
SO-2024-015539,2,2024-11-27,2024-11-28,PL-WEB-01,C012172,VM-ACC-0020,1,793.79,0.0,PLN
SO-2024-015540,1,2024-11-27,2024-11-30,PL-WEB-01,C008233,VM-APP-0014,1,480.19,0.0,PLN
SO-2024-015540,2,2024-11-27,2024-11-30,PL-WEB-01,C008233,VM-ACC-0008,1,391.99,0.0,PLN
SO-2024-015541,1,2024-11-27,2024-11-30,PL-WEB-01,C010720,VM-NUT-0009,1,83.29,0.05,PLN
SO-2024-015541,2,2024-11-27,2024-11-30,PL-WEB-01,C010720,VM-APP-0007,2,156.79,0.05,PLN
SO-2024-015542,1,2024-11-27,2024-11-29,PL-WEB-01,C007946,VM-APP-0019,2,64.67,0.0,PLN
SO-2024-015542,2,2024-11-27,2024-11-29,PL-WEB-01,C007946,VM-APP-0005,2,176.39,0.0,PLN
SO-2024-015543,1,2024-11-27,2024-11-29,PL-WEB-01,C004985,VM-ACC-0008,3,391.99,0.1,PLN
SO-2024-015543,2,2024-11-27,2024-11-29,PL-WEB-01,C004985,VM-APP-0003,6,303.79,0.08,PLN
SO-2024-015543,3,2024-11-27,2024-11-29,PL-WEB-01,C004985,VM-CMP-0010,4,382.19,0.12,PLN
SO-2024-015544,1,2024-11-27,2024-12-01,PL-WEB-01,C000241,VM-ACC-0006,2,930.99,0.0,PLN
SO-2024-015545,1,2024-11-27,2024-12-01,PL-WEB-01,C012208,VM-BIK-0004,1,4184.59,0.05,PLN
SO-2024-015545,2,2024-11-27,2024-12-01,PL-WEB-01,C012208,VM-ACC-0006,2,930.99,0.0,PLN
SO-2024-015546,1,2024-11-27,2024-11-29,PL-WEB-01,C012209,VM-NUT-0003,12,10.77,0.0,PLN
SO-2024-015546,2,2024-11-27,2024-11-29,PL-WEB-01,C012209,VM-CMP-0005,1,1450.39,0.0,PLN
SO-2024-015547,1,2024-11-27,2024-12-01,PL-WEB-01,C012210,VM-ACC-0012,1,70.55,0.0,PLN
SO-2024-015547,2,2024-11-27,2024-12-01,PL-WEB-01,C012210,VM-BIK-0005,1,7261.79,0.0,PLN
SO-2024-015548,1,2024-11-27,2024-11-29,PL-WEB-01,C012211,VM-ACC-0002,1,597.79,0.0,PLN
SO-2024-015548,2,2024-11-27,2024-11-29,PL-WEB-01,C012211,vm-nut-0003,8,10.77,0.0,PLN
SO-2024-015548,3,2024-11-27,2024-11-29,PL-WEB-01,C012211,VM-CMP-0017,2,489.99,0.0,PLN
SO-2024-015549,1,2024-11-27,2024-11-29,PL-WEB-01,C012212, VM-APP-0004 ,1,235.19,0.0,PLN
SO-2024-015550,1,2024-11-27,2024-11-28,PL-WEB-01,C012055,VM-NUT-0002,8,14.69,0.05,PLN
SO-2024-015551,1,2024-11-27,2024-11-30,PL-WEB-01,C011044,VM-CMP-0012,2,529.19,0.0,PLN
SO-2024-015552,1,2024-11-27,2024-12-01,PL-WEB-01,C004271,VM-BIK-0007,1,6908.99,0.0,PLN
SO-2024-015553,1,2024-11-27,2024-11-29,PL-MKT-01,C010753,VM-APP-0004,3,235.19,0.05,PLN
SO-2024-015554,1,2024-11-27,2024-12-01,PL-MKT-01,C012213,VM-ACC-0014,1,107.79,0.0,PLN
SO-2024-015554,2,2024-11-27,2024-12-01,PL-MKT-01,C012213,VM-APP-0020,2,176.39,0.0,PLN
SO-2024-015555,1,2024-11-27,2024-11-29,PL-MKT-01,C011517,VM-BIK-0007,1,6908.99,0.0,PLN
SO-2024-015556,1,2024-11-27,2024-11-28,PL-MKT-01,C003352,VM-APP-0006,2,303.79,0.0,PLN
SO-2024-015557,1,2024-11-27,2024-11-29,PL-MKT-01,C011223,VM-CMP-0002,2,548.79,0.0,PLN
SO-2024-015557,2,2024-11-27,2024-11-29,PL-MKT-01,C011223,VM-ACC-0014,1,107.79,0.0,PLN
SO-2024-015558,1,2024-11-27,2024-12-01,PL-MKT-01,C012214,VM-APP-0013,1,431.19,0.0,PLN
SO-2024-015558,2,2024-11-27,2024-12-01,PL-MKT-01,C012214,VM-ACC-0008,2,391.99,0.0,PLN
SO-2024-015559,1,2024-11-27,2024-11-30,PL-MKT-01,C012215,VM-NUT-0006,8,9.79,0.0,PLN
SO-2024-015559,2,2024-11-27,2024-11-30,PL-MKT-01,C012215,VM-ACC-0015,1,342.99,0.0,PLN
SO-2024-015559,3,2024-11-27,2024-11-30,PL-MKT-01,C012215,VM-BIK-0020,1,1185.79,0.0,PLN
SO-2024-015559,4,2024-11-27,2024-11-30,PL-MKT-01,C012215,VM-NUT-0002,7,14.69,0.0,PLN
SO-2024-015560,1,2024-11-27,2024-11-30,PL-MKT-01,C012216,VM-NUT-0001,12,8.81,0.0,PLN
SO-2024-015561,1,2024-11-27,2024-11-27,CZ-PRG-01,C012217,VM-ACC-0014,1,622.0,0.05,CZK
SO-2024-015562,1,2024-11-27,2024-11-27,CZ-PRG-01,C012218,VM-APP-0012,1,4923.0,0.0,CZK
SO-2024-015562,2,2024-11-27,2024-11-27,CZ-PRG-01,C012218,VM-CMP-0005,1,8374.0,0.0,CZK
SO-2024-015563,1,2024-11-27,2024-11-27,CZ-PRG-01,C012219,VM-NUT-0006,6,57.0,0.0,CZK
SO-2024-015564,1,2024-11-27,2024-11-28,CZ-WEB-01,C005684,VM-APP-0013,1,2490.0,0.0,CZK
SO-2024-015565,1,2024-11-27,2024-11-27,DE-BER-01,,VM-BIK-0009,1,1294.33,0.0,EUR
SO-2024-015565,2,2024-11-27,2024-11-27,DE-BER-01,,VM-ACC-0018,3,11.47,0.0,EUR
SO-2024-015566,1,2024-11-27,2024-11-27,DE-BER-01,C012220,VM-ACC-0017,3,13.31,0.0,EUR
SO-2024-015566,2,2024-11-27,2024-11-27,DE-BER-01,C012220,VM-BIK-0016,1,823.87,0.0,EUR
SO-2024-015567,1,2024-11-27,2024-11-28,DE-WEB-01,C000039,VM-APP-0002,3,100.97,0.1,EUR
SO-2024-015568,1,2024-11-27,2024-11-28,DE-WEB-01,C011352,VM-NUT-0007,8,2.98,0.0,EUR
SO-2024-015569,1,2024-11-27,2024-11-28,DE-WEB-01,C012221,VM-ACC-0008,2,91.79,0.0,EUR
SO-2024-015570,1,2024-11-28,2024-11-28,PL-WAW-01,C009474,VM-ACC-0017,3,56.83,0.0,PLN
SO-2024-015570,2,2024-11-28,2024-11-28,PL-WAW-01,C009474,VM-CMP-0003,2,235.19,0.0,PLN
SO-2024-015571,1,2024-11-28,2024-11-28,PL-WAW-01,C012222,VM-APP-0008,2,156.79,0.0,PLN
SO-2024-015571,2,2024-11-28,2024-11-28,PL-WAW-01,C012222,vm-app-0020,1,176.39,0.0,PLN
SO-2024-015572,1,2024-11-28,2024-11-28,PL-WAW-01,C012223,VM-EBK-0001,1,7516.59,0.0,PLN
SO-2024-015572,2,2024-11-28,2024-11-28,PL-WAW-01,C012223,VM-ACC-0007,2,352.79,0.0,PLN
SO-2024-015572,3,2024-11-28,2024-11-28,PL-WAW-01,C012223,VM-APP-0002,1,431.19,0.0,PLN
SO-2024-015573,1,2024-11-28,2024-11-28,PL-WAW-01,C012224,VM-APP-0007,2,156.79,0.0,PLN
SO-2024-015573,2,2024-11-28,2024-11-28,PL-WAW-01,C012224,VM-ACC-0003,1,284.19,0.0,PLN
SO-2024-015574,1,2024-11-28,2024-11-28,PL-WAW-01,,VM-NUT-0006,12,9.79,0.0,PLN
SO-2024-015575,1,2024-11-28,2024-11-28,PL-WAW-02,C003717,VM-APP-0013,1,431.19,0.0,PLN
SO-2024-015575,2,2024-11-28,2024-11-28,PL-WAW-02,C003717,VM-APP-0008,1,156.79,0.0,PLN
SO-2024-015576,1,2024-11-28,2024-11-28,PL-WAW-02,C008770,VM-CMP-0015,1,901.59,0.0,PLN
SO-2024-015577,1,2024-11-28,2024-11-28,PL-WAW-02,C008605,VM-BIK-0016,1,3518.19,0.05,PLN
SO-2024-015577,2,2024-11-28,2024-11-28,PL-WAW-02,C008605,VM-ACC-0002,2,597.79,0.05,PLN
SO-2024-015577,3,2024-11-28,2024-11-28,PL-WAW-02,C008605,VM-BIK-0012,1,11573.79,0.05,PLN
SO-2024-015578,1,2024-11-28,2024-11-28,PL-KRK-01,,VM-ACC-0007,2,352.79,0.0,PLN
SO-2024-015578,2,2024-11-28,2024-11-28,PL-KRK-01,,VM-NUT-0002,11,14.69,0.0,PLN
SO-2024-015578,3,2024-11-28,2024-11-28,PL-KRK-01,,VM-NUT-0004,13,6.85,0.0,PLN
SO-2024-015579,1,2024-11-28,2024-11-28,PL-KRK-01,C004213,VM-ACC-0013,1,166.59,0.0,PLN
SO-2024-015580,1,2024-11-28,2024-11-28,PL-WRO-01,C007380,VM-BIK-0001,1,13416.19,0.0,PLN
SO-2024-015581,1,2024-11-28,2024-11-28,PL-WRO-01,C012225,VM-NUT-0007,7,12.73,0.0,PLN
SO-2024-015581,2,2024-11-28,2024-11-28,PL-WRO-01,C012225,VM-EBK-0008,1,14797.99,0.0,PLN
SO-2024-015582,1,2024-11-28,2024-11-28,PL-WRO-01,C008000,VM-ACC-0009,1,391.99,0.0,PLN
SO-2024-015582,2,2024-11-28,2024-11-28,PL-WRO-01,C008000,VM-NUT-0004,5,6.85,0.0,PLN
SO-2024-015583,1,2024-11-28,2024-11-28,PL-WRO-01,C012226,VM-ACC-0006,1,930.99,0.0,PLN
SO-2024-015583,2,2024-11-28,2024-11-28,PL-WRO-01,C012226,VM-CMP-0023,4,57.81,0.1,PLN
SO-2024-015583,3,2024-11-28,2024-11-28,PL-WRO-01,C012226,VM-ACC-0014,1,107.79,0.0,PLN
SO-2024-015584,1,2024-11-28,2024-11-28,PL-GDN-01,C008250,VM-APP-0013,1,431.19,0.05,PLN
SO-2024-015585,1,2024-11-28,2024-11-28,PL-POZ-01,C003002,VM-APP-0008,1,156.79,0.0,PLN
SO-2024-015585,2,2024-11-28,2024-11-28,PL-POZ-01,C003002,VM-APP-0016,1,597.79,0.0,PLN
SO-2024-015586,1,2024-11-28,2024-11-28,PL-LDZ-01,,VM-APP-0005,3,176.39,0.0,PLN
SO-2024-015587,1,2024-11-28,2024-11-28,PL-LDZ-01,C009087,VM-APP-0002,2,431.19,0.0,PLN
SO-2024-015588,1,2024-11-28,2024-11-28,PL-LDZ-01,,VM-APP-0002,2,431.19,0.0,PLN
SO-2024-015588,2,2024-11-28,2024-11-28,PL-LDZ-01,,VM-APP-0013,1,431.19,0.0,PLN
SO-2024-015589,1,2024-11-28,2024-12-02,PL-WEB-01,C012227,VM-NUT-0004,8,6.85,0.0,PLN
SO-2024-015589,2,2024-11-28,2024-12-02,PL-WEB-01,C012227,vm-acc-0017,3,56.83,0.0,PLN
SO-2024-015589,3,2024-11-28,2024-12-02,PL-WEB-01,C012227,VM-ACC-0008,1,391.99,0.0,PLN
SO-2024-015590,1,2024-11-28,2024-12-02,PL-WEB-01,C006912,VM-ACC-0008,1,391.99,0.0,PLN
SO-2024-015590,2,2024-11-28,2024-12-02,PL-WEB-01,C006912,VM-BIK-0021,1,1224.99,0.0,PLN
SO-2024-015590,3,2024-11-28,2024-12-02,PL-WEB-01,C006912,VM-ACC-0014,1,107.79,0.0,PLN
SO-2024-015591,1,2024-11-28,2024-12-01,PL-WEB-01,C012228,VM-NUT-0001,6,8.81,0.0,PLN
SO-2024-015591,2,2024-11-28,2024-12-01,PL-WEB-01,C012228,VM-APP-0013,1,431.19,0.0,PLN
SO-2024-015592,1,2024-11-28,2024-12-01,PL-WEB-01,C008549, VM-BIK-0017 ,1,1871.79,0.0,PLN
SO-2024-015593,1,2024-11-28,2024-12-01,PL-WEB-01,C010029,VM-APP-0010,1,166.59,0.05,PLN
SO-2024-015593,2,2024-11-28,2024-12-01,PL-WEB-01,C010029,VM-CMP-0014,1,421.39,0.05,PLN
SO-2024-015594,1,2024-11-28,2024-11-29,PL-WEB-01,C012229,VM-APP-0006,1,303.79,0.0,PLN
SO-2024-015595,1,2024-11-28,2024-11-30,PL-WEB-01,C012230,VM-BIK-0022,1,1371.99,0.0,PLN
SO-2024-015596,1,2024-11-28,2024-12-01,PL-WEB-01,C000633,VM-CMP-0009,2,342.99,0.0,PLN
SO-2024-015597,1,2024-11-28,2024-11-29,PL-WEB-01,C010114,VM-ACC-0001,1,372.39,0.05,PLN
SO-2024-015598,1,2024-11-28,2024-12-01,PL-WEB-01,C012231,VM-CMP-0023,1,57.81,0.05,PLN
SO-2024-015599,1,2024-11-28,2024-11-29,PL-MKT-01,C011430,VM-APP-0006,3,303.79,0.05,PLN
SO-2024-015600,1,2024-11-28,2024-12-01,PL-MKT-01,C012232,VM-CMP-0015,2,901.59,0.05,PLN
SO-2024-015600,2,2024-11-28,2024-12-01,PL-MKT-01,C012232,VM-NUT-0009,4,83.29,0.05,PLN
SO-2024-015601,1,2024-11-28,2024-11-28,CZ-PRG-01,C012233,VM-ACC-0007,2,2037.0,0.0,CZK
SO-2024-015601,2,2024-11-28,2024-11-28,CZ-PRG-01,C012233,VM-APP-0012,1,4923.0,0.0,CZK
SO-2024-015602,1,2024-11-28,2024-11-28,CZ-PRG-01,C007928,VM-APP-0002,1,2490.0,0.0,CZK
SO-2024-015603,1,2024-11-28,2024-11-29,CZ-WEB-01,C012234,VM-CMP-0005,1,8374.0,0.0,CZK
SO-2024-015604,1,2024-11-28,2024-11-30,CZ-WEB-01,C012235,VM-EBK-0008,1,85439.0,0.05,CZK
SO-2024-015604,2,2024-11-28,2024-11-30,CZ-WEB-01,C012235,VM-ACC-0018,3,283.0,0.05,CZK
SO-2024-015604,3,2024-11-28,2024-11-30,CZ-WEB-01,C012235,VM-ACC-0008,1,2263.0,0.05,CZK
SO-2024-015605,1,2024-11-28,2024-11-28,DE-BER-01,C012236,VM-APP-0010,2,39.01,0.0,EUR
SO-2024-015605,2,2024-11-28,2024-11-28,DE-BER-01,C012236,vm-acc-0007,1,82.61,0.0,EUR
SO-2024-015605,3,2024-11-28,2024-11-28,DE-BER-01,C012236,VM-APP-0004,2,55.08,0.0,EUR
SO-2024-015606,1,2024-11-28,2024-12-02,DE-WEB-01,C012237,VM-NUT-0004,11,1.6,0.05,EUR
SO-2024-015607,1,2024-11-28,2024-12-01,DE-WEB-01,C012238,VM-BIK-0012,1,2710.3,0.0,EUR
SO-2024-015608,1,2024-11-28,2024-12-02,DE-WEB-01,C009039,VM-APP-0003,3,71.14,0.0,EUR
SO-2024-015608,2,2024-11-28,2024-12-02,DE-WEB-01,C009039,VM-APP-0007,1,36.72,0.0,EUR
SO-2024-015609,1,2024-11-28,2024-11-29,DE-WEB-01,C011654,VM-BIK-0007,1,1617.92,0.0,EUR
SO-2024-015610,1,2024-11-29,2024-11-29,PL-WAW-01,C012239,VM-APP-0003,2,303.79,0.15,PLN
SO-2024-015610,2,2024-11-29,2024-11-29,PL-WAW-01,C012239,VM-BIK-0009,1,5527.19,0.15,PLN
SO-2024-015610,3,2024-11-29,2024-11-29,PL-WAW-01,C012239,VM-APP-0013,1,431.19,0.15,PLN
SO-2024-015611,1,2024-11-29,2024-11-29,PL-WAW-01,C012240,VM-CMP-0010,1,382.19,0.15,PLN
SO-2024-015611,2,2024-11-29,2024-11-29,PL-WAW-01,C012240,VM-CMP-0015,1,901.59,0.15,PLN
SO-2024-015611,3,2024-11-29,2024-11-29,PL-WAW-01,C012240,VM-CMP-0017,1,489.99,0.15,PLN
SO-2024-015612,1,2024-11-29,2024-11-29,PL-WAW-01,C012241,VM-NUT-0004,14,6.85,0.15,PLN
SO-2024-015612,2,2024-11-29,2024-11-29,PL-WAW-01,C012241,VM-ACC-0008,4,391.99,0.15,PLN
SO-2024-015612,3,2024-11-29,2024-11-29,PL-WAW-01,C012241,VM-APP-0006,4,303.79,0.15,PLN
SO-2024-015613,1,2024-11-29,2024-11-29,PL-WAW-01,C011148,VM-NUT-0004,14,6.85,0.15,PLN
SO-2024-015614,1,2024-11-29,2024-11-29,PL-WAW-01,C012242,VM-APP-0010,1,166.59,0.15,PLN
SO-2024-015614,2,2024-11-29,2024-11-29,PL-WAW-01,C012242,VM-CMP-0021,4,47.03,0.15,PLN
SO-2024-015615,1,2024-11-29,2024-11-29,PL-WAW-01,C008131,VM-ACC-0018,4,48.99,0.15,PLN
SO-2024-015615,2,2024-11-29,2024-11-29,PL-WAW-01,C008131,VM-ACC-0003,2,284.19,0.15,PLN
SO-2024-015615,3,2024-11-29,2024-11-29,PL-WAW-01,C008131,VM-APP-0002,3,431.19,0.15,PLN
SO-2024-015616,1,2024-11-29,2024-11-29,PL-WAW-01,C004146,VM-CMP-0017,1,489.99,0.15,PLN
SO-2024-015616,2,2024-11-29,2024-11-29,PL-WAW-01,C004146,VM-APP-0020,1,176.39,0.15,PLN
SO-2024-015616,3,2024-11-29,2024-11-29,PL-WAW-01,C004146,VM-NUT-0001,3,8.81,0.15,PLN
SO-2024-015617,1,2024-11-29,2024-11-29,PL-WAW-01,,VM-CMP-0010,2,382.19,0.15,PLN
SO-2024-015618,1,2024-11-29,2024-11-29,PL-WAW-01,C011005,VM-NUT-0004,9,6.85,0.15,PLN
SO-2024-015618,2,2024-11-29,2024-11-29,PL-WAW-01,C011005,VM-CMP-0010,1,382.19,0.15,PLN
SO-2024-015618,3,2024-11-29,2024-11-29,PL-WAW-01,C011005,VM-APP-0004,2,235.19,0.15,PLN
SO-2024-015619,1,2024-11-29,2024-11-29,PL-WAW-01,,VM-APP-0010,1,166.59,0.15,PLN
SO-2024-015620,1,2024-11-29,2024-11-29,PL-WAW-01,C011311,VM-APP-0002,2,431.19,0.15,PLN
SO-2024-015620,2,2024-11-29,2024-11-29,PL-WAW-01,C011311,VM-NUT-0003,11,10.77,0.15,PLN
SO-2024-015621,1,2024-11-29,2024-11-29,PL-WAW-01,C012243,VM-NUT-0007,9,12.73,0.15,PLN
SO-2024-015622,1,2024-11-29,2024-11-29,PL-WAW-01,,VM-APP-0014,1,480.19,0.15,PLN
SO-2024-015623,1,2024-11-29,2024-11-29,PL-WAW-01,,VM-APP-0002,1,431.19,0.15,PLN
SO-2024-015624,1,2024-11-29,2024-11-29,PL-WAW-02,C012244,VM-ACC-0020,1,793.79,0.15,PLN
SO-2024-015624,2,2024-11-29,2024-11-29,PL-WAW-02,C012244,VM-APP-0013,1,431.19,0.15,PLN
SO-2024-015624,3,2024-11-29,2024-11-29,PL-WAW-02,C012244,VM-ACC-0013,1,166.59,0.15,PLN
SO-2024-015624,4,2024-11-29,2024-11-29,PL-WAW-02,C012244,VM-NUT-0007,7,12.73,0.15,PLN
SO-2024-015625,1,2024-11-29,2024-11-29,PL-WAW-02,,VM-CMP-0009,1,342.99,0.15,PLN
SO-2024-015626,1,2024-11-29,2024-11-29,PL-WAW-02,C012245,VM-ACC-0002,1,597.79,0.15,PLN
SO-2024-015627,1,2024-11-29,2024-11-29,PL-WAW-02,,VM-NUT-0004,13,6.85,0.15,PLN
SO-2024-015627,2,2024-11-29,2024-11-29,PL-WAW-02,,VM-ACC-0020,1,793.79,0.15,PLN
SO-2024-015628,1,2024-11-29,2024-11-29,PL-KRK-01,C012246,vm-bik-0009,1,5527.19,0.15,PLN
SO-2024-015629,1,2024-11-29,2024-11-29,PL-KRK-01,C009253,VM-CMP-0005,1,1450.39,0.15,PLN
SO-2024-015629,2,2024-11-29,2024-11-29,PL-KRK-01,C009253,VM-ACC-0014,1,107.79,0.15,PLN
SO-2024-015629,3,2024-11-29,2024-11-29,PL-KRK-01,C009253,VM-NUT-0009,3,83.29,0.15,PLN
SO-2024-015629,4,2024-11-29,2024-11-29,PL-KRK-01,C009253,VM-CMP-0001,1,391.99,0.15,PLN
SO-2024-015630,1,2024-11-29,2024-11-29,PL-KRK-01,,VM-ACC-0007,2,352.79,0.15,PLN
SO-2024-015630,2,2024-11-29,2024-11-29,PL-KRK-01,,VM-APP-0008,2,156.79,0.15,PLN
SO-2024-015630,3,2024-11-29,2024-11-29,PL-KRK-01,,VM-APP-0010,1,166.59,0.15,PLN
SO-2024-015631,1,2024-11-29,2024-11-29,PL-KRK-01,C002005,VM-APP-0002,2,431.19,0.15,PLN
SO-2024-015631,2,2024-11-29,2024-11-29,PL-KRK-01,C002005,VM-ACC-0007,2,352.79,0.15,PLN
SO-2024-015631,3,2024-11-29,2024-11-29,PL-KRK-01,C002005,VM-ACC-0001,1,372.39,0.15,PLN
SO-2024-015632,1,2024-11-29,2024-11-29,PL-KRK-01,C012247,VM-NUT-0004,5,6.85,0.15,PLN
SO-2024-015632,2,2024-11-29,2024-11-29,PL-KRK-01,C012247,VM-APP-0005,1,176.39,0.15,PLN
SO-2024-015633,1,2024-11-29,2024-11-29,PL-KRK-01,,VM-CMP-0016,2,2410.79,0.15,PLN
SO-2024-015633,2,2024-11-29,2024-11-29,PL-KRK-01,,VM-APP-0003,1,303.79,0.15,PLN
SO-2024-015634,1,2024-11-29,2024-11-29,PL-WRO-01,C007559,VM-BIK-0012,1,11573.79,0.15,PLN
SO-2024-015634,2,2024-11-29,2024-11-29,PL-WRO-01,C007559,VM-BIK-0007,1,6908.99,0.15,PLN
SO-2024-015635,1,2024-11-29,2024-11-29,PL-WRO-01,C011582,VM-NUT-0002,6,14.69,0.15,PLN
SO-2024-015636,1,2024-11-29,2024-11-29,PL-WRO-01,,VM-CMP-0015,1,901.59,0.15,PLN
SO-2024-015636,2,2024-11-29,2024-11-29,PL-WRO-01,,vm-cmp-0010,1,382.19,0.15,PLN
SO-2024-015636,3,2024-11-29,2024-11-29,PL-WRO-01,,VM-APP-0008,1,156.79,0.15,PLN
SO-2024-015636,4,2024-11-29,2024-11-29,PL-WRO-01,,VM-NUT-0009,3,83.29,0.15,PLN
SO-2024-015637,1,2024-11-29,2024-11-29,PL-WRO-01,,VM-CMP-0009,1,342.99,0.15,PLN
SO-2024-015637,2,2024-11-29,2024-11-29,PL-WRO-01,,VM-BIK-0012,1,11573.79,0.15,PLN
SO-2024-015638,1,2024-11-29,2024-11-29,PL-GDN-01,C008794,VM-CMP-0013,1,519.39,0.15,PLN
SO-2024-015638,2,2024-11-29,2024-11-29,PL-GDN-01,C008794,VM-NUT-0009,1,83.29,0.15,PLN
SO-2024-015638,3,2024-11-29,2024-11-29,PL-GDN-01,C008794,VM-CMP-0002,1,548.79,0.15,PLN
SO-2024-015639,1,2024-11-29,2024-11-29,PL-GDN-01,C012248,VM-APP-0018,2,127.39,0.15,PLN
SO-2024-015640,1,2024-11-29,2024-11-29,PL-GDN-01,,VM-ACC-0022,1,1538.59,0.15,PLN
SO-2024-015640,2,2024-11-29,2024-11-29,PL-GDN-01,,VM-CMP-0009,1,342.99,0.15,PLN
SO-2024-015640,3,2024-11-29,2024-11-29,PL-GDN-01,,VM-ACC-0008,2,391.99,0.15,PLN
SO-2024-015641,1,2024-11-29,2024-11-29,PL-GDN-01,C012249,VM-ACC-0014,1,107.79,0.15,PLN
SO-2024-015641,2,2024-11-29,2024-11-29,PL-GDN-01,C012249,VM-CMP-0008,2,431.19,0.15,PLN
SO-2024-015642,1,2024-11-29,2024-11-29,PL-GDN-01,C004827,VM-CMP-0004,1,705.59,0.15,PLN
SO-2024-015643,1,2024-11-29,2024-11-29,PL-GDN-01,, VM-CMP-0006 ,2,195.99,0.15,PLN
SO-2024-015643,2,2024-11-29,2024-11-29,PL-GDN-01,,VM-APP-0007,2,156.79,0.15,PLN
SO-2024-015644,1,2024-11-29,2024-11-29,PL-POZ-01,C010405,VM-APP-0002,3,431.19,0.15,PLN
SO-2024-015645,1,2024-11-29,2024-11-29,PL-POZ-01,,VM-CMP-0002,1,548.79,0.15,PLN
SO-2024-015646,1,2024-11-29,2024-11-29,PL-POZ-01,C012250,VM-APP-0010,1,166.59,0.15,PLN
SO-2024-015647,1,2024-11-29,2024-11-29,PL-POZ-01,,VM-NUT-0009,4,83.29,0.15,PLN
SO-2024-015647,2,2024-11-29,2024-11-29,PL-POZ-01,,VM-ACC-0007,1,352.79,0.15,PLN
SO-2024-015647,3,2024-11-29,2024-11-29,PL-POZ-01,,VM-NUT-0002,9,14.69,0.15,PLN
SO-2024-015647,4,2024-11-29,2024-11-29,PL-POZ-01,,VM-CMP-0010,2,382.19,0.15,PLN
SO-2024-015648,1,2024-11-29,2024-11-29,PL-LDZ-01,,VM-BIK-0005,1,7261.79,0.15,PLN
SO-2024-015649,1,2024-11-29,2024-11-29,PL-LDZ-01,,VM-ACC-0008,1,391.99,0.15,PLN
SO-2024-015649,2,2024-11-29,2024-11-29,PL-LDZ-01,,VM-APP-0005,3,176.39,0.15,PLN
SO-2024-015649,3,2024-11-29,2024-11-29,PL-LDZ-01,,VM-CMP-0013,2,519.39,0.15,PLN
SO-2024-015650,1,2024-11-29,2024-12-02,PL-WEB-01,C010706,VM-EBK-0008,1,14797.99,0.15,PLN
SO-2024-015650,2,2024-11-29,2024-12-02,PL-WEB-01,C010706,VM-ACC-0010,2,244.99,0.25,PLN
SO-2024-015650,3,2024-11-29,2024-12-02,PL-WEB-01,C010706,VM-APP-0002,1,431.19,0.2,PLN
SO-2024-015650,4,2024-11-29,2024-12-02,PL-WEB-01,C010706,VM-ACC-0008,2,391.99,0.2,PLN
SO-2024-015651,1,2024-11-29,2024-12-03,PL-WEB-01,C008169,VM-APP-0008,1,156.79,0.2,PLN
SO-2024-015651,2,2024-11-29,2024-12-03,PL-WEB-01,C008169,VM-BIK-0007,1,6908.99,0.25,PLN
SO-2024-015652,1,2024-11-29,2024-12-02,PL-WEB-01,C010119,VM-APP-0010,2,166.59,0.15,PLN
SO-2024-015653,1,2024-11-29,2024-12-01,PL-WEB-01,C002014,VM-NUT-0002,11,14.69,0.25,PLN
SO-2024-015653,2,2024-11-29,2024-12-01,PL-WEB-01,C002014,VM-APP-0013,1,431.19,0.3,PLN
SO-2024-015653,3,2024-11-29,2024-12-01,PL-WEB-01,C002014,VM-APP-0014,1,480.19,0.15,PLN
SO-2024-015654,1,2024-11-29,2024-12-02,PL-WEB-01,C001458,VM-APP-0008,1,156.79,0.15,PLN
SO-2024-015655,1,2024-11-29,2024-11-30,PL-WEB-01,C012121,VM-CMP-0012,2,529.19,0.2,PLN
SO-2024-015656,1,2024-11-29,2024-12-01,PL-WEB-01,C012251,VM-APP-0012,1,852.59,0.15,PLN
SO-2024-015656,2,2024-11-29,2024-12-01,PL-WEB-01,C012251,VM-ACC-0008,2,391.99,0.2,PLN
SO-2024-015657,1,2024-11-29,2024-12-01,PL-WEB-01,C005618,VM-NUT-0004,10,6.85,0.15,PLN
SO-2024-015657,2,2024-11-29,2024-12-01,PL-WEB-01,C005618,VM-CMP-0001,2,391.99,0.3,PLN
SO-2024-015657,3,2024-11-29,2024-12-01,PL-WEB-01,C005618,vm-cmp-0009,2,342.99,0.2,PLN
SO-2024-015657,4,2024-11-29,2024-12-01,PL-WEB-01,C005618,VM-ACC-0019,1,48.99,0.15,PLN
SO-2024-015658,1,2024-11-29,2024-12-03,PL-WEB-01,C003986,VM-ACC-0008,1,391.99,0.25,PLN
SO-2024-015659,1,2024-11-29,2024-12-01,PL-WEB-01,C012252,VM-APP-0006,2,303.79,0.25,PLN
SO-2024-015660,1,2024-11-29,2024-12-03,PL-WEB-01,C012253,VM-NUT-0011,1,52.91,0.2,PLN
SO-2024-015660,2,2024-11-29,2024-12-03,PL-WEB-01,C012253,VM-APP-0002,1,431.19,0.15,PLN
SO-2024-015661,1,2024-11-29,2024-12-03,PL-WEB-01,C011705,VM-APP-0002,2,431.19,0.2,PLN
SO-2024-015661,2,2024-11-29,2024-12-03,PL-WEB-01,C011705,VM-ACC-0008,2,391.99,0.15,PLN
SO-2024-015661,3,2024-11-29,2024-12-03,PL-WEB-01,C011705,VM-CMP-0005,1,1450.39,0.3,PLN
SO-2024-015662,1,2024-11-29,2024-12-02,PL-WEB-01,C008346,VM-APP-0003,1,303.79,0.15,PLN
SO-2024-015662,2,2024-11-29,2024-12-02,PL-WEB-01,C008346,VM-EBK-0002,1,9750.99,0.3,PLN
SO-2024-015662,3,2024-11-29,2024-12-02,PL-WEB-01,C008346,VM-ACC-0008,2,391.99,0.3,PLN
SO-2024-015663,1,2024-11-29,2024-11-30,PL-WEB-01,C007085,VM-ACC-0009,2,391.99,0.2,PLN
SO-2024-015663,2,2024-11-29,2024-11-30,PL-WEB-01,C007085,VM-NUT-0003,12,10.77,0.2,PLN
SO-2024-015663,3,2024-11-29,2024-11-30,PL-WEB-01,C007085,VM-EBK-0003,1,8908.19,0.15,PLN
SO-2024-015663,4,2024-11-29,2024-11-30,PL-WEB-01,C007085,VM-CMP-0017,1,489.99,0.15,PLN
SO-2024-015664,1,2024-11-29,2024-11-30,PL-WEB-01,C012254,VM-CMP-0023,1,57.81,0.2,PLN
SO-2024-015664,2,2024-11-29,2024-11-30,PL-WEB-01,C012254,VM-APP-0006,2,303.79,0.25,PLN
SO-2024-015665,1,2024-11-29,2024-12-01,PL-WEB-01,C012255,VM-ACC-0022,1,1538.59,0.3,PLN
SO-2024-015665,2,2024-11-29,2024-12-01,PL-WEB-01,C012255, VM-NUT-0003 ,8,10.77,0.3,PLN
SO-2024-015666,1,2024-11-29,2024-12-03,PL-WEB-01,C009135,VM-APP-0010,1,166.59,0.15,PLN
SO-2024-015666,2,2024-11-29,2024-12-03,PL-WEB-01,C009135,VM-ACC-0013,1,166.59,0.25,PLN
SO-2024-015667,1,2024-11-29,2024-12-02,PL-WEB-01,C012256,VM-APP-0018,1,127.39,0.2,PLN
SO-2024-015667,2,2024-11-29,2024-12-02,PL-WEB-01,C012256,VM-NUT-0004,15,6.85,0.15,PLN
SO-2024-015667,3,2024-11-29,2024-12-02,PL-WEB-01,C012256,VM-APP-0006,2,303.79,0.15,PLN
SO-2024-015668,1,2024-11-29,2024-12-01,PL-WEB-01,C008750,VM-APP-0002,1,431.19,0.2,PLN
SO-2024-015668,2,2024-11-29,2024-12-01,PL-WEB-01,C008750,VM-EBK-0003,1,8908.19,0.15,PLN
SO-2024-015669,1,2024-11-29,2024-11-30,PL-WEB-01,C012257,VM-APP-0013,1,431.19,0.3,PLN
SO-2024-015670,1,2024-11-29,2024-12-03,PL-WEB-01,C004424,VM-APP-0005,2,176.39,0.2,PLN
SO-2024-015671,1,2024-11-29,2024-12-02,PL-WEB-01,C009397,VM-ACC-0017,1,56.83,0.25,PLN
SO-2024-015672,1,2024-11-29,2024-12-03,PL-WEB-01,C006941,VM-EBK-0007,1,14405.99,0.2,PLN
SO-2024-015672,2,2024-11-29,2024-12-03,PL-WEB-01,C006941,VM-APP-0020,2,176.39,0.3,PLN
SO-2024-015673,1,2024-11-29,2024-12-03,PL-WEB-01,C011156,VM-APP-0015,1,558.59,0.25,PLN
SO-2024-015674,1,2024-11-29,2024-11-30,PL-WEB-01,C001151,VM-APP-0010,2,166.59,0.15,PLN
SO-2024-015675,1,2024-11-29,2024-12-03,PL-WEB-01,C012258,VM-NUT-0004,32,6.85,0.3,PLN
SO-2024-015675,2,2024-11-29,2024-12-03,PL-WEB-01,C012258,VM-APP-0005,8,176.39,0.2,PLN
SO-2024-015675,3,2024-11-29,2024-12-03,PL-WEB-01,C012258,VM-APP-0008,8,156.79,0.3,PLN
SO-2024-015675,4,2024-11-29,2024-12-03,PL-WEB-01,C012258,VM-BIK-0009,5,5527.19,0.2,PLN
SO-2024-015676,1,2024-11-29,2024-12-02,PL-MKT-01,C012259,VM-NUT-0004,12,6.85,0.2,PLN
SO-2024-015676,2,2024-11-29,2024-12-02,PL-MKT-01,C012259,VM-APP-0013,1,431.19,0.3,PLN
SO-2024-015676,3,2024-11-29,2024-12-02,PL-MKT-01,C012259,VM-CMP-0005,2,1450.39,0.15,PLN
SO-2024-015677,1,2024-11-29,2024-12-02,PL-MKT-01,C012260,VM-APP-0007,1,156.79,0.15,PLN
SO-2024-015678,1,2024-11-29,2024-12-02,PL-MKT-01,C006990,VM-APP-0013,1,431.19,0.2,PLN
SO-2024-015679,1,2024-11-29,2024-12-01,PL-MKT-01,C008323,VM-CMP-0004,2,705.59,0.25,PLN
SO-2024-015680,1,2024-11-29,2024-12-03,PL-MKT-01,C012261,VM-ACC-0008,2,391.99,0.3,PLN
SO-2024-015680,2,2024-11-29,2024-12-03,PL-MKT-01,C012261,VM-ACC-0001,2,372.39,0.2,PLN
SO-2024-015680,3,2024-11-29,2024-12-03,PL-MKT-01,C012261,VM-APP-0010,1,166.59,0.25,PLN
SO-2024-015681,1,2024-11-29,2024-12-03,PL-MKT-01,C012262,VM-NUT-0009,10,83.29,0.2,PLN
SO-2024-015681,2,2024-11-29,2024-12-03,PL-MKT-01,C012262,VM-CMP-0017,2,489.99,0.15,PLN
SO-2024-015682,1,2024-11-29,2024-12-02,PL-MKT-01,C012263,VM-CMP-0017,1,489.99,0.3,PLN
SO-2024-015682,2,2024-11-29,2024-12-02,PL-MKT-01,C012263,VM-APP-0002,3,431.19,0.15,PLN
SO-2024-015683,1,2024-11-29,2024-12-02,PL-MKT-01,C010316,VM-EBK-0003,1,8908.19,0.3,PLN
SO-2024-015683,2,2024-11-29,2024-12-02,PL-MKT-01,C010316,VM-APP-0006,3,303.79,0.15,PLN
SO-2024-015684,1,2024-11-29,2024-12-03,PL-MKT-01,C012264,VM-APP-0012,1,852.59,0.2,PLN
SO-2024-015684,2,2024-11-29,2024-12-03,PL-MKT-01,C012264,VM-APP-0008,1,156.79,0.3,PLN
SO-2024-015684,3,2024-11-29,2024-12-03,PL-MKT-01,C012264,VM-ACC-0004,2,764.39,0.2,PLN
SO-2024-015685,1,2024-11-29,2024-12-03,PL-MKT-01,C009619, VM-NUT-0004 ,13,6.85,0.2,PLN
SO-2024-015686,1,2024-11-29,2024-12-01,PL-MKT-01,C012265,VM-APP-0010,1,166.59,0.2,PLN
SO-2024-015687,1,2024-11-29,2024-12-02,PL-MKT-01,C005184,VM-ACC-0008,1,391.99,0.15,PLN
SO-2024-015688,1,2024-11-29,2024-11-29,CZ-PRG-01,C007960,VM-NUT-0011,4,305.0,0.15,CZK
SO-2024-015688,2,2024-11-29,2024-11-29,CZ-PRG-01,C007960,VM-ACC-0013,1,962.0,0.15,CZK
SO-2024-015688,3,2024-11-29,2024-11-29,CZ-PRG-01,C007960,VM-EBK-0007,1,83175.0,0.15,CZK
SO-2024-015688,4,2024-11-29,2024-11-29,CZ-PRG-01,C007960,VM-APP-0017,1,1075.0,0.15,CZK
SO-2024-015689,1,2024-11-29,2024-11-29,CZ-PRG-01,C011101,VM-EBK-0002,3,56299.0,0.15,CZK
SO-2024-015689,2,2024-11-29,2024-11-29,CZ-PRG-01,C011101,VM-ACC-0015,5,1980.0,0.15,CZK
SO-2024-015689,3,2024-11-29,2024-11-29,CZ-PRG-01,C011101,VM-ACC-0018,8,283.0,0.15,CZK
SO-2024-015690,1,2024-11-29,2024-11-29,CZ-PRG-01,,VM-NUT-0003,3,62.0,0.15,CZK
SO-2024-015690,2,2024-11-29,2024-11-29,CZ-PRG-01,,VM-APP-0005,1,1018.0,0.15,CZK
SO-2024-015691,1,2024-11-29,2024-11-29,CZ-PRG-01,C009165,VM-BIK-0007,1,39890.0,0.15,CZK
SO-2024-015691,2,2024-11-29,2024-11-29,CZ-PRG-01,C009165,VM-APP-0003,2,1754.0,0.15,CZK
SO-2024-015692,1,2024-11-29,2024-11-29,CZ-BRN-01,,VM-CMP-0009,1,1980.0,0.15,CZK
SO-2024-015693,1,2024-11-29,2024-11-29,CZ-BRN-01,C002867,VM-ACC-0014,1,622.0,0.15,CZK
SO-2024-015693,2,2024-11-29,2024-11-29,CZ-BRN-01,C002867,VM-APP-0019,2,373.0,0.15,CZK
SO-2024-015693,3,2024-11-29,2024-11-29,CZ-BRN-01,C002867, VM-CMP-0013 ,2,2999.0,0.15,CZK
SO-2024-015694,1,2024-11-29,2024-12-03,CZ-WEB-01,C012266,VM-CMP-0022,2,204.0,0.15,CZK
SO-2024-015695,1,2024-11-29,2024-12-03,CZ-WEB-01,C012267,VM-CMP-0002,2,3169.0,0.2,CZK
SO-2024-015695,2,2024-11-29,2024-12-03,CZ-WEB-01,C012267,VM-ACC-0001,2,2150.0,0.3,CZK
SO-2024-015695,3,2024-11-29,2024-12-03,CZ-WEB-01,C012267,VM-BIK-0018,1,13580.0,0.2,CZK
SO-2024-015696,1,2024-11-29,2024-12-02,CZ-WEB-01,C010570,VM-ACC-0007,1,2037.0,0.2,CZK
SO-2024-015696,2,2024-11-29,2024-12-02,CZ-WEB-01,C010570,VM-APP-0007,2,905.0,0.25,CZK
SO-2024-015696,3,2024-11-29,2024-12-02,CZ-WEB-01,C010570,VM-ACC-0003,2,1641.0,0.2,CZK
SO-2024-015696,4,2024-11-29,2024-12-02,CZ-WEB-01,C010570,VM-NUT-0002,15,85.0,0.15,CZK
SO-2024-015697,1,2024-11-29,2024-11-30,CZ-WEB-01,C012268,VM-APP-0019,1,373.0,0.15,CZK
SO-2024-015697,2,2024-11-29,2024-11-30,CZ-WEB-01,C012268,VM-APP-0009,2,1980.0,0.25,CZK
SO-2024-015698,1,2024-11-29,2024-12-01,CZ-WEB-01,C003345,VM-APP-0010,1,962.0,0.3,CZK
SO-2024-015698,2,2024-11-29,2024-12-01,CZ-WEB-01,C003345,VM-EBK-0006,1,113956.0,0.3,CZK
SO-2024-015699,1,2024-11-29,2024-12-01,CZ-WEB-01,C010746,VM-CMP-0011,1,905.0,0.3,CZK
SO-2024-015699,2,2024-11-29,2024-12-01,CZ-WEB-01,C010746,VM-APP-0008,1,905.0,0.15,CZK
SO-2024-015700,1,2024-11-29,2024-12-03,CZ-WEB-01,C012269,VM-NUT-0009,4,481.0,0.25,CZK
SO-2024-015700,2,2024-11-29,2024-12-03,CZ-WEB-01,C012269,VM-CMP-0006,2,1132.0,0.3,CZK
SO-2024-015700,3,2024-11-29,2024-12-03,CZ-WEB-01,C012269,VM-BIK-0013,1,27159.0,0.2,CZK
SO-2024-015700,4,2024-11-29,2024-12-03,CZ-WEB-01,C012269,VM-CMP-0001,1,2263.0,0.15,CZK
SO-2024-015701,1,2024-11-29,2024-12-01,CZ-WEB-01,C001436,VM-ACC-0008,2,2263.0,0.25,CZK
SO-2024-015702,1,2024-11-29,2024-11-29,DE-BER-01,C000675,VM-NUT-0009,3,19.5,0.15,EUR
SO-2024-015703,1,2024-11-29,2024-11-29,DE-BER-01,C012270,VM-ACC-0008,2,91.79,0.15,EUR
SO-2024-015703,2,2024-11-29,2024-11-29,DE-BER-01,C012270, VM-NUT-0003 ,10,2.52,0.15,EUR
SO-2024-015704,1,2024-11-29,2024-11-29,DE-BER-01,,VM-ACC-0001,2,87.2,0.15,EUR
SO-2024-015705,1,2024-11-29,2024-11-29,DE-BER-01,C012271,VM-APP-0017,2,43.6,0.15,EUR
SO-2024-015705,2,2024-11-29,2024-11-29,DE-BER-01,C012271,VM-APP-0010,2,39.01,0.15,EUR
SO-2024-015705,3,2024-11-29,2024-11-29,DE-BER-01,C012271,VM-APP-0008,1,36.72,0.15,EUR
SO-2024-015706,1,2024-11-29,2024-11-29,DE-BER-01,C012272,VM-CMP-0003,1,55.08,0.15,EUR
SO-2024-015707,1,2024-11-29,2024-11-29,DE-BER-01,C010595,VM-NUT-0007,6,2.98,0.15,EUR
SO-2024-015708,1,2024-11-29,2024-12-02,DE-WEB-01,C008983,VM-APP-0006,1,71.14,0.2,EUR
SO-2024-015708,2,2024-11-29,2024-12-02,DE-WEB-01,C008983,VM-APP-0002,1,100.97,0.2,EUR
SO-2024-015708,3,2024-11-29,2024-12-02,DE-WEB-01,C008983,VM-NUT-0002,3,3.44,0.25,EUR
SO-2024-015709,1,2024-11-29,2024-12-01,DE-WEB-01,C010068,VM-ACC-0008,1,91.79,0.15,EUR
SO-2024-015710,1,2024-11-29,2024-11-30,DE-WEB-01,C002424,VM-CMP-0009,1,80.32,0.25,EUR
SO-2024-015710,2,2024-11-29,2024-11-30,DE-WEB-01,C002424,VM-BIK-0009,1,1294.33,0.25,EUR
SO-2024-015711,1,2024-11-29,2024-12-01,DE-WEB-01,C001163,VM-APP-0007,1,36.72,0.3,EUR
SO-2024-015712,1,2024-11-29,2024-12-02,DE-WEB-01,C011011,VM-APP-0006,5,71.14,0.15,EUR
SO-2024-015713,1,2024-11-29,2024-12-01,DE-WEB-01,C012273,VM-CMP-0001,1,91.79,0.15,EUR
SO-2024-015714,1,2024-11-29,2024-12-02,DE-WEB-01,C008818,VM-NUT-0009,8,19.5,0.15,EUR
SO-2024-015714,2,2024-11-29,2024-12-02,DE-WEB-01,C008818,VM-EBK-0009,5,2274.26,0.3,EUR
SO-2024-015715,1,2024-11-29,2024-12-03,DE-WEB-01,C011894,VM-ACC-0008,1,91.79,0.15,EUR
SO-2024-015715,2,2024-11-29,2024-12-03,DE-WEB-01,C011894,VM-APP-0010,2,39.01,0.2,EUR
SO-2024-015716,1,2024-11-30,2024-11-30,PL-WAW-01,,VM-EBK-0001,1,7516.59,0.15,PLN
SO-2024-015716,2,2024-11-30,2024-11-30,PL-WAW-01,,VM-ACC-0014,1,107.79,0.15,PLN
SO-2024-015716,3,2024-11-30,2024-11-30,PL-WAW-01,,VM-ACC-0008,1,391.99,0.15,PLN
SO-2024-015717,1,2024-11-30,2024-11-30,PL-WAW-01,,VM-NUT-0004,14,6.85,0.15,PLN
SO-2024-015718,1,2024-11-30,2024-11-30,PL-WAW-01,C002562,VM-NUT-0009,2,83.29,0.15,PLN
SO-2024-015718,2,2024-11-30,2024-11-30,PL-WAW-01,C002562,VM-CMP-0012,1,529.19,0.15,PLN
SO-2024-015718,3,2024-11-30,2024-11-30,PL-WAW-01,C002562,VM-APP-0002,1,431.19,0.15,PLN
SO-2024-015718,4,2024-11-30,2024-11-30,PL-WAW-01,C002562,VM-NUT-0004,13,6.85,0.15,PLN
SO-2024-015719,1,2024-11-30,2024-11-30,PL-WAW-01,C001121,VM-CMP-0006,2,195.99,0.15,PLN
SO-2024-015719,2,2024-11-30,2024-11-30,PL-WAW-01,C001121,VM-CMP-0013,2,519.39,0.15,PLN
SO-2024-015719,3,2024-11-30,2024-11-30,PL-WAW-01,C001121,VM-APP-0008,1,156.79,0.15,PLN
SO-2024-015720,1,2024-11-30,2024-11-30,PL-WAW-01,C008646,VM-BIK-0013,1,4703.99,0.15,PLN
SO-2024-015720,2,2024-11-30,2024-11-30,PL-WAW-01,C008646,VM-CMP-0017,2,489.99,0.15,PLN
SO-2024-015721,1,2024-11-30,2024-11-30,PL-WAW-01,C003186,VM-BIK-0007,1,6908.99,0.15,PLN
SO-2024-015722,1,2024-11-30,2024-11-30,PL-WAW-01,C002555,VM-NUT-0009,4,83.29,0.15,PLN
SO-2024-015722,2,2024-11-30,2024-11-30,PL-WAW-01,C002555,VM-APP-0005,1,176.39,0.15,PLN
SO-2024-015722,3,2024-11-30,2024-11-30,PL-WAW-01,C002555,VM-CMP-0013,1,519.39,0.15,PLN
SO-2024-015723,1,2024-11-30,2024-11-30,PL-WAW-01,C002273,VM-APP-0011,2,401.79,0.15,PLN
SO-2024-015724,1,2024-11-30,2024-11-30,PL-WAW-01,C005661,VM-APP-0017,2,186.19,0.15,PLN
SO-2024-015725,1,2024-11-30,2024-11-30,PL-WAW-02,C012274,VM-APP-0010,2,166.59,0.15,PLN
SO-2024-015726,1,2024-11-30,2024-11-30,PL-WAW-02,C011055,VM-ACC-0014,1,107.79,0.15,PLN
SO-2024-015727,1,2024-11-30,2024-11-30,PL-WAW-02,C006661,vm-nut-0004,4,6.85,0.15,PLN
SO-2024-015728,1,2024-11-30,2024-11-30,PL-WAW-02,C012275,VM-NUT-0004,13,6.85,0.15,PLN
SO-2024-015728,2,2024-11-30,2024-11-30,PL-WAW-02,C012275,VM-NUT-0002,6,14.69,0.15,PLN
SO-2024-015729,1,2024-11-30,2024-11-30,PL-WAW-02,,VM-EBK-0008,1,14797.99,0.15,PLN
SO-2024-015729,2,2024-11-30,2024-11-30,PL-WAW-02,,VM-ACC-0014,1,107.79,0.15,PLN
SO-2024-015729,3,2024-11-30,2024-11-30,PL-WAW-02,,VM-ACC-0002,2,597.79,0.15,PLN
SO-2024-015729,4,2024-11-30,2024-11-30,PL-WAW-02,,VM-ACC-0004,1,764.39,0.15,PLN
SO-2024-015730,1,2024-11-30,2024-11-30,PL-WAW-02,C012276,VM-APP-0008,1,156.79,0.15,PLN
SO-2024-015731,1,2024-11-30,2024-11-30,PL-WAW-02,,VM-BIK-0009,1,5527.19,0.15,PLN
SO-2024-015732,1,2024-11-30,2024-11-30,PL-KRK-01,C011190,VM-APP-0011,1,401.79,0.15,PLN
SO-2024-015733,1,2024-11-30,2024-11-30,PL-KRK-01,C010928,VM-APP-0002,1,431.19,0.15,PLN
SO-2024-015734,1,2024-11-30,2024-11-30,PL-KRK-01,C010890,VM-BIK-0004,1,4184.59,0.15,PLN
SO-2024-015735,1,2024-11-30,2024-11-30,PL-KRK-01,,VM-ACC-0013,1,166.59,0.15,PLN
SO-2024-015735,2,2024-11-30,2024-11-30,PL-KRK-01,,VM-BIK-0012,1,11573.79,0.15,PLN
SO-2024-015736,1,2024-11-30,2024-11-30,PL-KRK-01,C012277,VM-ACC-0023,1,911.39,0.15,PLN
SO-2024-015736,2,2024-11-30,2024-11-30,PL-KRK-01,C012277,VM-APP-0004,3,235.19,0.15,PLN
SO-2024-015737,1,2024-11-30,2024-11-30,PL-KRK-01,C012278,VM-CMP-0013,2,519.39,0.15,PLN
SO-2024-015738,1,2024-11-30,2024-11-30,PL-KRK-01,C012279,VM-APP-0006,2,303.79,0.15,PLN
SO-2024-015738,2,2024-11-30,2024-11-30,PL-KRK-01,C012279,VM-APP-0002,2,431.19,0.15,PLN
SO-2024-015739,1,2024-11-30,2024-11-30,PL-KRK-01,,VM-CMP-0016,1,2410.79,0.15,PLN
SO-2024-015739,2,2024-11-30,2024-11-30,PL-KRK-01,,VM-CMP-0005,1,1450.39,0.15,PLN
SO-2024-015740,1,2024-11-30,2024-11-30,PL-KRK-01,C007974,VM-NUT-0011,3,52.91,0.15,PLN
SO-2024-015740,2,2024-11-30,2024-11-30,PL-KRK-01,C007974,VM-ACC-0006,1,930.99,0.15,PLN
SO-2024-015740,3,2024-11-30,2024-11-30,PL-KRK-01,C007974,VM-ACC-0011,1,70.55,0.15,PLN
SO-2024-015741,1,2024-11-30,2024-11-30,PL-KRK-01,C006743,VM-NUT-0006,4,9.79,0.15,PLN
SO-2024-015741,2,2024-11-30,2024-11-30,PL-KRK-01,C006743,VM-ACC-0020,1,793.79,0.15,PLN
SO-2024-015742,1,2024-11-30,2024-11-30,PL-KRK-01,C002792,VM-BIK-0012,1,11573.79,0.15,PLN
SO-2024-015742,2,2024-11-30,2024-11-30,PL-KRK-01,C002792,VM-CMP-0002,2,548.79,0.15,PLN
SO-2024-015743,1,2024-11-30,2024-11-30,PL-KRK-01,C012280,VM-ACC-0003,2,284.19,0.15,PLN
SO-2024-015743,2,2024-11-30,2024-11-30,PL-KRK-01,C012280,VM-NUT-0002,14,14.69,0.15,PLN
SO-2024-015744,1,2024-11-30,2024-11-30,PL-KRK-01,,VM-EBK-0009,1,9711.79,0.15,PLN
SO-2024-015745,1,2024-11-30,2024-11-30,PL-KRK-01,C002367,VM-BIK-0007,1,6908.99,0.15,PLN
SO-2024-015745,2,2024-11-30,2024-11-30,PL-KRK-01,C002367,VM-NUT-0007,12,12.73,0.15,PLN
SO-2024-015746,1,2024-11-30,2024-11-30,PL-KRK-01,C008812,VM-NUT-0004,14,6.85,0.15,PLN
SO-2024-015747,1,2024-11-30,2024-11-30,PL-WRO-01,,VM-APP-0020,1,176.39,0.15,PLN
SO-2024-015748,1,2024-11-30,2024-11-30,PL-WRO-01,C006202,VM-EBK-0006,1,19737.19,0.15,PLN
SO-2024-015748,2,2024-11-30,2024-11-30,PL-WRO-01,C006202,VM-ACC-0008,1,391.99,0.15,PLN
SO-2024-015748,3,2024-11-30,2024-11-30,PL-WRO-01,C006202,VM-APP-0005,1,176.39,0.15,PLN
SO-2024-015749,1,2024-11-30,2024-11-30,PL-WRO-01,,VM-CMP-0001,1,391.99,0.15,PLN
SO-2024-015749,2,2024-11-30,2024-11-30,PL-WRO-01,,VM-APP-0006,2,303.79,0.15,PLN
SO-2024-015749,3,2024-11-30,2024-11-30,PL-WRO-01,,VM-CMP-0013,2,519.39,0.15,PLN
SO-2024-015749,4,2024-11-30,2024-11-30,PL-WRO-01,,VM-APP-0002,2,431.19,0.15,PLN
SO-2024-015750,1,2024-11-30,2024-11-30,PL-GDN-01,C011544,VM-APP-0008,1,156.79,0.15,PLN
SO-2024-015751,1,2024-11-30,2024-11-30,PL-GDN-01,,VM-BIK-0017,1,1871.79,0.15,PLN
SO-2024-015752,1,2024-11-30,2024-11-30,PL-GDN-01,C009678,VM-APP-0017,2,186.19,0.15,PLN
SO-2024-015753,1,2024-11-30,2024-11-30,PL-GDN-01,C010332,VM-CMP-0019,2,205.79,0.15,PLN
SO-2024-015754,1,2024-11-30,2024-11-30,PL-GDN-01,C012281,VM-CMP-0016,1,2410.79,0.15,PLN
SO-2024-015755,1,2024-11-30,2024-11-30,PL-GDN-01,C002905,VM-APP-0007,1,156.79,0.15,PLN
SO-2024-015755,2,2024-11-30,2024-11-30,PL-GDN-01,C002905,VM-APP-0008,1,156.79,0.15,PLN
SO-2024-015755,3,2024-11-30,2024-11-30,PL-GDN-01,C002905,VM-CMP-0017,1,489.99,0.15,PLN
SO-2024-015755,4,2024-11-30,2024-11-30,PL-GDN-01,C002905,VM-BIK-0020,1,1185.79,0.15,PLN
SO-2024-015756,1,2024-11-30,2024-11-30,PL-GDN-01,C010942,VM-ACC-0008,2,391.99,0.15,PLN
SO-2024-015756,2,2024-11-30,2024-11-30,PL-GDN-01,C010942,VM-APP-0002,2,431.19,0.15,PLN
SO-2024-015757,1,2024-11-30,2024-11-30,PL-POZ-01,C006207,VM-NUT-0004,4,6.85,0.15,PLN
SO-2024-015758,1,2024-11-30,2024-11-30,PL-POZ-01,C012282,VM-ACC-0019,1,48.99,0.15,PLN
SO-2024-015758,2,2024-11-30,2024-11-30,PL-POZ-01,C012282,VM-ACC-0007,1,352.79,0.15,PLN
SO-2024-015759,1,2024-11-30,2024-11-30,PL-POZ-01,C003672,VM-ACC-0006,2,930.99,0.15,PLN
SO-2024-015759,2,2024-11-30,2024-11-30,PL-POZ-01,C003672,VM-CMP-0005,1,1450.39,0.15,PLN
SO-2024-015760,1,2024-11-30,2024-11-30,PL-POZ-01,,VM-NUT-0002,5,14.69,0.15,PLN
SO-2024-015760,2,2024-11-30,2024-11-30,PL-POZ-01,,VM-APP-0018,1,127.39,0.15,PLN
SO-2024-015761,1,2024-11-30,2024-11-30,PL-POZ-01,C010635,VM-BIK-0022,1,1371.99,0.15,PLN
SO-2024-015762,1,2024-11-30,2024-11-30,PL-POZ-01,C006661,VM-NUT-0001,3,8.81,0.15,PLN
SO-2024-015762,2,2024-11-30,2024-11-30,PL-POZ-01,C006661,VM-ACC-0008,1,391.99,0.15,PLN
SO-2024-015763,1,2024-11-30,2024-11-30,PL-POZ-01,C006941,VM-APP-0018,2,127.39,0.15,PLN
SO-2024-015763,2,2024-11-30,2024-11-30,PL-POZ-01,C006941,VM-ACC-0007,1,352.79,0.15,PLN
SO-2024-015764,1,2024-11-30,2024-11-30,PL-POZ-01,C004329,VM-ACC-0008,2,391.99,0.15,PLN
SO-2024-015764,2,2024-11-30,2024-11-30,PL-POZ-01,C004329,VM-BIK-0013,1,4703.99,0.15,PLN
SO-2024-015765,1,2024-11-30,2024-11-30,PL-LDZ-01,C008648,VM-ACC-0007,2,352.79,0.15,PLN
SO-2024-015765,2,2024-11-30,2024-11-30,PL-LDZ-01,C008648,VM-ACC-0008,2,391.99,0.15,PLN
SO-2024-015765,3,2024-11-30,2024-11-30,PL-LDZ-01,C008648,VM-APP-0010,2,166.59,0.15,PLN
SO-2024-015766,1,2024-11-30,2024-11-30,PL-LDZ-01,,VM-APP-0007,1,156.79,0.15,PLN
SO-2024-015766,2,2024-11-30,2024-11-30,PL-LDZ-01,,VM-ACC-0017,3,56.83,0.15,PLN
SO-2024-015767,1,2024-11-30,2024-12-04,PL-WEB-01,C012283,VM-ACC-0003,1,284.19,0.15,PLN
SO-2024-015768,1,2024-11-30,2024-12-04,PL-WEB-01,C011681,VM-BIK-0007,1,6908.99,0.3,PLN
SO-2024-015769,1,2024-11-30,2024-12-01,PL-WEB-01,C009251,VM-NUT-0001,15,8.81,0.2,PLN
SO-2024-015769,2,2024-11-30,2024-12-01,PL-WEB-01,C009251,VM-BIK-0009,1,5527.19,0.25,PLN
SO-2024-015769,3,2024-11-30,2024-12-01,PL-WEB-01,C009251,VM-APP-0013,1,431.19,0.3,PLN
SO-2024-015769,4,2024-11-30,2024-12-01,PL-WEB-01,C009251,VM-CMP-0005,2,1450.39,0.15,PLN
SO-2024-015770,1,2024-11-30,2024-12-02,PL-WEB-01,C011146,VM-CMP-0004,2,705.59,0.25,PLN
SO-2024-015771,1,2024-11-30,2024-12-03,PL-WEB-01,C012284,VM-NUT-0004,11,6.85,0.3,PLN
SO-2024-015772,1,2024-11-30,2024-12-01,PL-WEB-01,C012285,VM-CMP-0017,2,489.99,0.25,PLN
SO-2024-015773,1,2024-11-30,2024-12-04,PL-WEB-01,C008250,VM-ACC-0001,2,372.39,0.25,PLN
SO-2024-015774,1,2024-11-30,2024-12-01,PL-WEB-01,C012286,VM-BIK-0007,1,6908.99,0.2,PLN
SO-2024-015774,2,2024-11-30,2024-12-01,PL-WEB-01,C012286,VM-ACC-0017,3,56.83,0.25,PLN
SO-2024-015774,3,2024-11-30,2024-12-01,PL-WEB-01,C012286,VM-ACC-0003,2,284.19,0.3,PLN
SO-2024-015775,1,2024-11-30,2024-12-02,PL-WEB-01,C009034,VM-CMP-0019,4,205.79,0.3,PLN
SO-2024-015776,1,2024-11-30,2024-12-03,PL-WEB-01,C009619,VM-ACC-0008,2,391.99,0.2,PLN
SO-2024-015776,2,2024-11-30,2024-12-03,PL-WEB-01,C009619,VM-APP-0012,1,852.59,0.25,PLN
SO-2024-015776,3,2024-11-30,2024-12-03,PL-WEB-01,C009619,VM-APP-0010,2,166.59,0.2,PLN
SO-2024-015777,1,2024-11-30,2024-12-03,PL-WEB-01,C012287,VM-APP-0010,2,166.59,0.3,PLN
SO-2024-015777,2,2024-11-30,2024-12-03,PL-WEB-01,C012287, VM-EBK-0007 ,1,14405.99,0.3,PLN
SO-2024-015778,1,2024-11-30,2024-12-02,PL-WEB-01,C012288,VM-APP-0002,1,431.19,0.3,PLN
SO-2024-015779,1,2024-11-30,2024-12-04,PL-WEB-01,C003735,VM-APP-0002,2,431.19,0.2,PLN
SO-2024-015780,1,2024-11-30,2024-12-04,PL-WEB-01,C008061,VM-APP-0003,1,303.79,0.2,PLN
SO-2024-015781,1,2024-11-30,2024-12-01,PL-WEB-01,C012289,VM-NUT-0011,2,52.91,0.15,PLN
SO-2024-015781,2,2024-11-30,2024-12-01,PL-WEB-01,C012289,VM-APP-0002,2,431.19,0.15,PLN
SO-2024-015781,3,2024-11-30,2024-12-01,PL-WEB-01,C012289,VM-ACC-0018,2,48.99,0.2,PLN
SO-2024-015782,1,2024-11-30,2024-12-03,PL-WEB-01,C006920,VM-APP-0007,2,156.79,0.25,PLN
SO-2024-015783,1,2024-11-30,2024-12-01,PL-WEB-01,C008960,VM-NUT-0011,3,52.91,0.25,PLN
SO-2024-015784,1,2024-11-30,2024-12-04,PL-WEB-01,C002441,VM-CMP-0017,1,489.99,0.25,PLN
SO-2024-015785,1,2024-11-30,2024-12-04,PL-WEB-01,C007461,VM-CMP-0016,1,2410.79,0.25,PLN
SO-2024-015785,2,2024-11-30,2024-12-04,PL-WEB-01,C007461,vm-app-0014,1,480.19,0.2,PLN
SO-2024-015786,1,2024-11-30,2024-12-03,PL-WEB-01,C008374,vm-cmp-0013,8,519.39,0.25,PLN
SO-2024-015787,1,2024-11-30,2024-12-04,PL-WEB-01,C012290,VM-CMP-0012,1,529.19,0.15,PLN
SO-2024-015788,1,2024-11-30,2024-12-01,PL-WEB-01,C006722,VM-APP-0012,1,852.59,0.25,PLN
SO-2024-015789,1,2024-11-30,2024-12-04,PL-WEB-01,C012291,VM-CMP-0016,1,2410.79,0.25,PLN
SO-2024-015789,2,2024-11-30,2024-12-04,PL-WEB-01,C012291,VM-BIK-0012,1,11573.79,0.3,PLN
SO-2024-015789,3,2024-11-30,2024-12-04,PL-WEB-01,C012291,VM-NUT-0006,6,9.79,0.2,PLN
SO-2024-015789,4,2024-11-30,2024-12-04,PL-WEB-01,C012291,VM-CMP-0013,1,519.39,0.25,PLN
SO-2024-015790,1,2024-11-30,2024-12-04,PL-WEB-01,C007448,VM-NUT-0004,8,6.85,0.25,PLN
SO-2024-015790,2,2024-11-30,2024-12-04,PL-WEB-01,C007448,VM-EBK-0011,1,14347.19,0.25,PLN
SO-2024-015791,1,2024-11-30,2024-12-04,PL-MKT-01,C006071,VM-APP-0006,2,303.79,0.15,PLN
SO-2024-015792,1,2024-11-30,2024-12-01,PL-MKT-01,C012292,VM-ACC-0020,1,793.79,0.25,PLN
SO-2024-015793,1,2024-11-30,2024-12-01,PL-MKT-01,C010625,VM-APP-0010,1,166.59,0.15,PLN
SO-2024-015793,2,2024-11-30,2024-12-01,PL-MKT-01,C010625,VM-APP-0020,1,176.39,0.25,PLN
SO-2024-015794,1,2024-11-30,2024-12-02,PL-MKT-01,C007184,VM-APP-0007,2,156.79,0.2,PLN
SO-2024-015794,2,2024-11-30,2024-12-02,PL-MKT-01,C007184,VM-ACC-0003,10,284.19,0.2,PLN
SO-2024-015795,1,2024-11-30,2024-12-03,PL-MKT-01,C001701,VM-APP-0004,1,235.19,0.2,PLN
SO-2024-015795,2,2024-11-30,2024-12-03,PL-MKT-01,C001701,VM-NUT-0009,4,83.29,0.15,PLN
SO-2024-015796,1,2024-11-30,2024-12-01,PL-MKT-01,C012293,VM-ACC-0008,2,391.99,0.2,PLN
SO-2024-015796,2,2024-11-30,2024-12-01,PL-MKT-01,C012293,VM-NUT-0001,11,8.81,0.25,PLN
SO-2024-015797,1,2024-11-30,2024-12-01,PL-MKT-01,C007314,VM-APP-0010,5,166.59,0.25,PLN
SO-2024-015797,2,2024-11-30,2024-12-01,PL-MKT-01,C007314,VM-CMP-0019,8,205.79,0.15,PLN
SO-2024-015798,1,2024-11-30,2024-12-01,PL-MKT-01,C001721,VM-APP-0020,2,176.39,0.15,PLN
SO-2024-015798,2,2024-11-30,2024-12-01,PL-MKT-01,C001721,VM-NUT-0009,2,83.29,0.15,PLN
SO-2024-015798,3,2024-11-30,2024-12-01,PL-MKT-01,C001721,VM-ACC-0007,2,352.79,0.2,PLN
SO-2024-015798,4,2024-11-30,2024-12-01,PL-MKT-01,C001721,VM-ACC-0014,1,107.79,0.15,PLN
SO-2024-015799,1,2024-11-30,2024-12-03,PL-MKT-01,C009375,VM-NUT-0003,3,10.77,0.3,PLN
SO-2024-015800,1,2024-11-30,2024-12-03,PL-MKT-01,C002985,VM-BIK-0007,1,6908.99,0.25,PLN
SO-2024-015800,2,2024-11-30,2024-12-03,PL-MKT-01,C002985,VM-APP-0006,2,303.79,0.3,PLN
SO-2024-015800,3,2024-11-30,2024-12-03,PL-MKT-01,C002985,VM-APP-0010,1,166.59,0.25,PLN
SO-2024-015801,1,2024-11-30,2024-12-01,PL-MKT-01,C012294,VM-EBK-0002,1,9750.99,0.2,PLN
SO-2024-015802,1,2024-11-30,2024-12-01,PL-MKT-01,C008122,VM-ACC-0001,2,372.39,0.25,PLN
SO-2024-015803,1,2024-11-30,2024-12-02,PL-MKT-01,C012295,VM-APP-0015,1,558.59,0.25,PLN
SO-2024-015804,1,2024-11-30,2024-12-03,PL-MKT-01,C012296,VM-APP-0012,1,852.59,0.3,PLN
SO-2024-015805,1,2024-11-30,2024-11-30,CZ-PRG-01,C012297,VM-EBK-0010,1,76329.0,0.15,CZK
SO-2024-015806,1,2024-11-30,2024-11-30,CZ-BRN-01,C012298,VM-BIK-0013,1,27159.0,0.15,CZK
SO-2024-015807,1,2024-11-30,2024-11-30,CZ-BRN-01,,VM-BIK-0007,1,39890.0,0.15,CZK
SO-2024-015807,2,2024-11-30,2024-11-30,CZ-BRN-01,,VM-APP-0014,1,2772.0,0.15,CZK
SO-2024-015808,1,2024-11-30,2024-11-30,CZ-BRN-01,C012299,VM-APP-0003,2,1754.0,0.15,CZK
SO-2024-015808,2,2024-11-30,2024-11-30,CZ-BRN-01,C012299,VM-ACC-0018,2,283.0,0.15,CZK
SO-2024-015809,1,2024-11-30,2024-11-30,CZ-BRN-01,C012266,VM-ACC-0008,2,2263.0,0.15,CZK
SO-2024-015809,2,2024-11-30,2024-11-30,CZ-BRN-01,C012266,VM-APP-0020,1,1018.0,0.15,CZK
SO-2024-015810,1,2024-11-30,2024-11-30,CZ-BRN-01,C009389,VM-BIK-0018,1,13580.0,0.15,CZK
SO-2024-015811,1,2024-11-30,2024-12-02,CZ-WEB-01,C012300,VM-NUT-0007,7,74.0,0.2,CZK
SO-2024-015811,2,2024-11-30,2024-12-02,CZ-WEB-01,C012300,VM-BIK-0019,1,6846.0,0.25,CZK
SO-2024-015811,3,2024-11-30,2024-12-02,CZ-WEB-01,C012300,VM-NUT-0001,14,51.0,0.15,CZK
SO-2024-015812,1,2024-11-30,2024-12-03,CZ-WEB-01,C010253,VM-APP-0012,1,4923.0,0.25,CZK
SO-2024-015812,2,2024-11-30,2024-12-03,CZ-WEB-01,C010253,VM-APP-0008,1,905.0,0.15,CZK
SO-2024-015812,3,2024-11-30,2024-12-03,CZ-WEB-01,C010253,VM-ACC-0013,1,962.0,0.15,CZK
SO-2024-015813,1,2024-11-30,2024-12-02,CZ-WEB-01,C012301,VM-APP-0002,2,2490.0,0.15,CZK
SO-2024-015814,1,2024-11-30,2024-12-02,CZ-WEB-01,C012302,VM-NUT-0006,9,57.0,0.3,CZK
SO-2024-015815,1,2024-11-30,2024-12-03,CZ-WEB-01,C011771,VM-APP-0006,2,1754.0,0.2,CZK
SO-2024-015815,2,2024-11-30,2024-12-03,CZ-WEB-01,C011771,VM-BIK-0020,1,6846.0,0.2,CZK
SO-2024-015815,3,2024-11-30,2024-12-03,CZ-WEB-01,C011771,VM-ACC-0008,2,2263.0,0.3,CZK
SO-2024-015815,4,2024-11-30,2024-12-03,CZ-WEB-01,C011771,VM-APP-0007,2,905.0,0.15,CZK
SO-2024-015816,1,2024-11-30,2024-12-03,CZ-WEB-01,C006854,VM-BIK-0009,1,31912.0,0.15,CZK
SO-2024-015816,2,2024-11-30,2024-12-03,CZ-WEB-01,C006854,VM-APP-0018,2,736.0,0.3,CZK
SO-2024-015816,3,2024-11-30,2024-12-03,CZ-WEB-01,C006854,VM-ACC-0003,2,1641.0,0.15,CZK
SO-2024-015817,1,2024-11-30,2024-12-03,CZ-WEB-01,C012303,VM-APP-0008,1,905.0,0.25,CZK
SO-2024-015817,2,2024-11-30,2024-12-03,CZ-WEB-01,C012303,VM-NUT-0003,11,62.0,0.3,CZK
SO-2024-015818,1,2024-11-30,2024-11-30,DE-BER-01,C005042,VM-CMP-0021,2,11.01,0.15,EUR
SO-2024-015818,2,2024-11-30,2024-11-30,DE-BER-01,C005042,VM-ACC-0007,2,82.61,0.15,EUR
SO-2024-015818,3,2024-11-30,2024-11-30,DE-BER-01,C005042,VM-APP-0012,1,199.66,0.15,EUR
SO-2024-015819,1,2024-11-30,2024-11-30,DE-BER-01,C000824,VM-APP-0002,3,100.97,0.15,EUR
SO-2024-015820,1,2024-11-30,2024-11-30,DE-BER-01,C012304,VM-ACC-0017,3,13.31,0.15,EUR
SO-2024-015820,2,2024-11-30,2024-11-30,DE-BER-01,C012304,VM-CMP-0006,1,45.9,0.15,EUR
SO-2024-015821,1,2024-11-30,2024-11-30,DE-BER-01,,VM-ACC-0001,1,87.2,0.15,EUR
SO-2024-015821,2,2024-11-30,2024-11-30,DE-BER-01,,VM-ACC-0018,2,11.47,0.15,EUR
SO-2024-015822,1,2024-11-30,2024-11-30,DE-BER-01,C007667,VM-EBK-0008,1,3465.33,0.15,EUR
SO-2024-015822,2,2024-11-30,2024-11-30,DE-BER-01,C007667,VM-ACC-0004,2,179.0,0.15,EUR
SO-2024-015822,3,2024-11-30,2024-11-30,DE-BER-01,C007667,VM-ACC-0002,1,139.99,0.15,EUR
SO-2024-015822,4,2024-11-30,2024-11-30,DE-BER-01,C007667,VM-APP-0010,1,39.01,0.15,EUR
SO-2024-015823,1,2024-11-30,2024-11-30,DE-BER-01,C011688,VM-ACC-0003,1,66.55,0.15,EUR
SO-2024-015823,2,2024-11-30,2024-11-30,DE-BER-01,C011688,VM-BIK-0007,1,1617.92,0.15,EUR
SO-2024-015824,1,2024-11-30,2024-11-30,DE-BER-01,C005896,VM-ACC-0008,2,91.79,0.15,EUR
SO-2024-015825,1,2024-11-30,2024-11-30,DE-BER-01,C008833,VM-APP-0020,1,41.31,0.15,EUR
SO-2024-015826,1,2024-11-30,2024-11-30,DE-BER-01,C012305,VM-APP-0004,3,55.08,0.15,EUR
SO-2024-015826,2,2024-11-30,2024-11-30,DE-BER-01,C012305,VM-BIK-0003,1,1500.88,0.15,EUR
SO-2024-015827,1,2024-11-30,2024-12-03,DE-WEB-01,C007073,VM-NUT-0003,4,2.52,0.3,EUR
SO-2024-015827,2,2024-11-30,2024-12-03,DE-WEB-01,C007073,VM-APP-0013,1,100.97,0.2,EUR
SO-2024-015827,3,2024-11-30,2024-12-03,DE-WEB-01,C007073,VM-APP-0014,1,112.45,0.25,EUR
SO-2024-015828,1,2024-11-30,2024-12-03,DE-WEB-01,C010554,VM-ACC-0014,4,25.24,0.15,EUR
SO-2024-015828,2,2024-11-30,2024-12-03,DE-WEB-01,C010554,VM-CMP-0006,10,45.9,0.2,EUR
SO-2024-015828,3,2024-11-30,2024-12-03,DE-WEB-01,C010554,VM-APP-0011,4,94.09,0.2,EUR
SO-2024-015829,1,2024-11-30,2024-12-02,DE-WEB-01,C004972,VM-ACC-0019,3,11.47,0.25,EUR
SO-2024-015829,2,2024-11-30,2024-12-02,DE-WEB-01,C004972,VM-APP-0002,3,100.97,0.25,EUR
SO-2024-015830,1,2024-11-30,2024-12-01,DE-WEB-01,C012306,VM-BIK-0017,1,438.33,0.3,EUR
SO-2024-015830,2,2024-11-30,2024-12-01,DE-WEB-01,C012306,VM-ACC-0009,2,91.79,0.3,EUR
SO-2024-015831,1,2024-11-30,2024-12-04,DE-WEB-01,C000390,VM-APP-0010,1,39.01,0.15,EUR
SO-2024-015831,2,2024-11-30,2024-12-04,DE-WEB-01,C000390,VM-APP-0007,1,36.72,0.3,EUR
SO-2024-015831,3,2024-11-30,2024-12-04,DE-WEB-01,C000390,VM-NUT-0001,8,2.06,0.2,EUR
SO-2024-015832,1,2024-11-30,2024-12-03,DE-WEB-01,C011642,VM-ACC-0018,2,11.47,0.25,EUR
SO-2024-015833,1,2024-11-30,2024-12-03,DE-WEB-01,C011053, VM-ACC-0008 ,2,91.79,0.3,EUR
SO-2024-015834,1,2024-11-30,2024-12-04,DE-WEB-01,C012307,VM-EBK-0007,1,3373.53,0.3,EUR
SO-2024-015835,1,2024-11-30,2024-12-01,DE-WEB-01,C012308,VM-APP-0009,1,80.32,0.15,EUR
SO-2024-015836,1,2024-11-30,2024-12-02,DE-WEB-01,C011594,VM-ACC-0014,1,25.24,0.2,EUR
SO-2024-015837,1,2024-11-30,2024-12-03,DE-WEB-01,C006158,VM-CMP-0012,2,123.92,0.15,EUR
SO-2024-015837,2,2024-11-30,2024-12-03,DE-WEB-01,C006158,VM-APP-0010,2,39.01,0.15,EUR
SO-2024-015838,1,2024-11-30,2024-12-01,DE-WEB-01,C004135,VM-APP-0018,2,29.83,0.25,EUR
SO-2024-015839,1,2024-11-30,2024-12-01,DE-WEB-01,C001328,VM-APP-0012,1,199.66,0.15,EUR
SO-2024-015839,2,2024-11-30,2024-12-01,DE-WEB-01,C001328,VM-CMP-0010,1,89.5,0.3,EUR
