OrderID,LineNo,OrderDate,ShipDate,StoreID,CustomerID,SKU,Quantity,UnitPrice,DiscountPct,Currency
SO-2025-000043,2,2025-01-02,2025-01-04,PL-WEB-01,C008156,VM-ACC-0007,1,359.99,0.0,PLN
SO-2025-000114,1,2025-01-04,2025-01-08,DE-WEB-01,C007172,VM-APP-0003,3,72.49,0.1,EUR
SO-2025-000287,2,2025-01-10,2025-01-13,PL-MKT-01,C013081,VM-BIK-0012,1,11809.99,0.05,PLN
SO-2025-000289,2,2025-01-10,2025-01-12,CZ-WEB-01,C013082,VM-APP-0008,2,921.0,0.3,CZK
SO-2025-000391,2,2025-01-14,2025-01-17,PL-MKT-01,C013119,VM-ACC-0022,1,1569.99,0.0,PLN
SO-2025-000470,1,2025-01-17,2025-01-18,PL-WEB-01,C013142,VM-APP-0002,2,439.99,0.3,PLN
SO-2025-000598,3,2025-01-21,2025-01-21,CZ-BRN-01,,VM-CMP-0020,1,1496.0,0.0,CZK
SO-2025-000615,1,2025-01-22,2025-01-23,PL-WEB-01,C012263,VM-NUT-0007,3,12.99,0.0,PLN
SO-2025-000665,1,2025-01-24,2025-01-24,PL-WAW-01,C013210,VM-CMP-0012,2,539.99,0.0,PLN
SO-2025-000878,1,2025-02-01,2025-02-01,PL-WAW-01,C013288,VM-APP-0002,2,439.99,0.0,PLN
SO-2025-000878,2,2025-02-01,2025-02-01,PL-WAW-01,C013288,VM-CMP-0005,2,1479.99,0.0,PLN
SO-2025-000878,3,2025-02-01,2025-02-01,PL-WAW-01,C013288,VM-NUT-0011,4,53.99,0.0,PLN
SO-2025-000879,1,2025-02-01,2025-02-01,PL-WAW-01,,VM-CMP-0005,1,1479.99,0.0,PLN
SO-2025-000880,1,2025-02-01,2025-02-01,PL-WAW-01,,VM-NUT-0009,1,84.99,0.0,PLN
SO-2025-000881,1,2025-02-01,2025-02-01,PL-WAW-01,,VM-CMP-0014,2,429.99,0.0,PLN
SO-2025-000881,2,2025-02-01,2025-02-01,PL-WAW-01,,VM-CMP-0017,2,499.99,0.0,PLN
SO-2025-000881,3,2025-02-01,2025-02-01,PL-WAW-01,,VM-CMP-0013,1,529.99,0.0,PLN
SO-2025-000882,1,2025-02-01,2025-02-01,PL-WAW-02,C005209,VM-ACC-0008,1,399.99,0.0,PLN
SO-2025-000883,1,2025-02-01,2025-02-01,PL-WAW-02,C004751,VM-BIK-0020,1,1209.99,0.05,PLN
SO-2025-000884,1,2025-02-01,2025-02-01,PL-WAW-02,C013289, VM-APP-0011 ,1,409.99,0.0,PLN
SO-2025-000884,2,2025-02-01,2025-02-01,PL-WAW-02,C013289,VM-APP-0010,2,169.99,0.0,PLN
SO-2025-000884,3,2025-02-01,2025-02-01,PL-WAW-02,C013289,VM-APP-0014,1,489.99,0.0,PLN
SO-2025-000884,4,2025-02-01,2025-02-01,PL-WAW-02,C013289,VM-ACC-0002,1,609.99,0.0,PLN
SO-2025-000885,1,2025-02-01,2025-02-01,PL-KRK-01,C001462,VM-ACC-0007,2,359.99,0.0,PLN
SO-2025-000885,2,2025-02-01,2025-02-01,PL-KRK-01,C001462,VM-APP-0019,1,65.99,0.0,PLN
SO-2025-000886,1,2025-02-01,2025-02-01,PL-KRK-01,C013290,VM-APP-0009,2,349.99,0.0,PLN
SO-2025-000887,1,2025-02-01,2025-02-01,PL-KRK-01,,VM-BIK-0015,1,3089.99,0.0,PLN
SO-2025-000887,2,2025-02-01,2025-02-01,PL-KRK-01,,VM-ACC-0008,2,399.99,0.0,PLN
SO-2025-000888,1,2025-02-01,2025-02-01,PL-KRK-01,,VM-NUT-0001,3,8.99,0.0,PLN
SO-2025-000889,1,2025-02-01,2025-02-01,PL-WRO-01,C006708,VM-EBK-0001,1,7669.99,0.0,PLN
SO-2025-000889,2,2025-02-01,2025-02-01,PL-WRO-01,C006708,VM-APP-0010,1,169.99,0.05,PLN
SO-2025-000889,3,2025-02-01,2025-02-01,PL-WRO-01,C006708,VM-ACC-0017,3,57.99,0.0,PLN
SO-2025-000890,1,2025-02-01,2025-02-01,PL-WRO-01,,VM-CMP-0006,1,199.99,0.0,PLN
SO-2025-000891,1,2025-02-01,2025-02-01,PL-WRO-01,C013291,VM-ACC-0008,1,399.99,0.05,PLN
SO-2025-000892,1,2025-02-01,2025-02-01,PL-GDN-01,C013292,VM-APP-0010,1,169.99,0.05,PLN
SO-2025-000893,1,2025-02-01,2025-02-01,PL-POZ-01,C013293,VM-CMP-0019,1,209.99,0.0,PLN
SO-2025-000893,2,2025-02-01,2025-02-01,PL-POZ-01,C013293,VM-CMP-0013,1,529.99,0.0,PLN
SO-2025-000893,3,2025-02-01,2025-02-01,PL-POZ-01,C013293,VM-ACC-0014,1,109.99,0.0,PLN
SO-2025-000894,1,2025-02-01,2025-02-01,PL-LDZ-01,,VM-ACC-0010,1,249.99,0.0,PLN
SO-2025-000895,1,2025-02-01,2025-02-01,PL-LDZ-01,C013294,VM-CMP-0017,2,499.99,0.0,PLN
SO-2025-000896,1,2025-02-01,2025-02-03,PL-WEB-01,C010245,VM-CMP-0005,2,1479.99,0.0,PLN
SO-2025-000897,1,2025-02-01,2025-02-03,PL-WEB-01,C013295,VM-BIK-0007,1,7049.99,0.0,PLN
SO-2025-000898,1,2025-02-01,2025-02-04,PL-WEB-01,C013296,VM-EBK-0009,1,9909.99,0.0,PLN
SO-2025-000899,1,2025-02-01,2025-02-02,PL-MKT-01,C001777,VM-BIK-0019,1,1209.99,0.0,PLN
SO-2025-000900,1,2025-02-01,2025-02-02,PL-MKT-01,C013297,VM-CMP-0019,3,209.99,0.0,PLN
SO-2025-000900,2,2025-02-01,2025-02-02,PL-MKT-01,C013297,VM-BIK-0002,1,9629.99,0.0,PLN
SO-2025-000901,1,2025-02-01,2025-02-03,PL-MKT-01,C007071,VM-CMP-0020,2,259.99,0.05,PLN
SO-2025-000902,1,2025-02-01,2025-02-04,PL-MKT-01,C008442,VM-BIK-0012,5,11809.99,0.1,PLN
SO-2025-000903,1,2025-02-01,2025-02-04,PL-MKT-01,C012250,VM-CMP-0021,2,47.99,0.0,PLN
SO-2025-000903,2,2025-02-01,2025-02-04,PL-MKT-01,C012250,vm-acc-0010,2,249.99,0.0,PLN
SO-2025-000903,3,2025-02-01,2025-02-04,PL-MKT-01,C012250, VM-CMP-0006 ,2,199.99,0.0,PLN
SO-2025-000904,1,2025-02-01,2025-02-04,PL-MKT-01,C010178,VM-ACC-0001,1,379.99,0.0,PLN
SO-2025-000904,2,2025-02-01,2025-02-04,PL-MKT-01,C010178,VM-NUT-0004,6,6.99,0.0,PLN
SO-2025-000905,1,2025-02-01,2025-02-01,CZ-PRG-01,C000896,VM-APP-0002,2,2535.0,0.05,CZK
SO-2025-000906,1,2025-02-01,2025-02-01,CZ-PRG-01,C012065,VM-EBK-0007,1,84677.0,0.1,CZK
SO-2025-000907,1,2025-02-01,2025-02-01,CZ-PRG-01,C013298,VM-BIK-0013,1,27650.0,0.0,CZK
SO-2025-000907,2,2025-02-01,2025-02-01,CZ-PRG-01,C013298,VM-ACC-0009,1,2304.0,0.0,CZK
SO-2025-000908,1,2025-02-01,2025-02-01,CZ-BRN-01,,VM-BIK-0020,1,6970.0,0.0,CZK
SO-2025-000909,1,2025-02-01,2025-02-05,CZ-WEB-01,C011736,VM-BIK-0019,1,6970.0,0.05,CZK
SO-2025-000909,2,2025-02-01,2025-02-05,CZ-WEB-01,C011736,VM-ACC-0013,1,979.0,0.05,CZK
SO-2025-000909,3,2025-02-01,2025-02-05,CZ-WEB-01,C011736,VM-BIK-0012,1,68030.0,0.05,CZK
SO-2025-000909,4,2025-02-01,2025-02-05,CZ-WEB-01,C011736,VM-ACC-0003,1,1670.0,0.05,CZK
SO-2025-000910,1,2025-02-01,2025-02-03,CZ-WEB-01,C013299,VM-NUT-0001,6,52.0,0.0,CZK
SO-2025-000911,1,2025-02-01,2025-02-04,CZ-WEB-01,C013300,VM-CMP-0017,2,2880.0,0.0,CZK
SO-2025-000911,2,2025-02-01,2025-02-04,CZ-WEB-01,C013300,VM-CMP-0012,2,3111.0,0.0,CZK
SO-2025-000912,1,2025-02-01,2025-02-04,CZ-WEB-01,C013301,VM-APP-0004,1,1382.0,0.0,CZK
SO-2025-000913,1,2025-02-01,2025-02-01,DE-BER-01,C013302,VM-CMP-0013,2,123.96,0.0,EUR
SO-2025-000913,2,2025-02-01,2025-02-01,DE-BER-01,C013302,VM-NUT-0004,3,1.63,0.0,EUR
SO-2025-000914,1,2025-02-01,2025-02-01,DE-BER-01,,VM-EBK-0007,1,3438.27,0.0,EUR
SO-2025-000914,2,2025-02-01,2025-02-01,DE-BER-01,,VM-APP-0018,2,30.4,0.0,EUR
SO-2025-000915,1,2025-02-01,2025-02-04,DE-WEB-01,C013303,VM-ACC-0012,1,16.84,0.05,EUR
SO-2025-000915,2,2025-02-01,2025-02-04,DE-WEB-01,C013303,VM-BIK-0013,1,1122.7,0.05,EUR
SO-2025-000916,1,2025-02-01,2025-02-02,DE-WEB-01,C006604,VM-APP-0010,2,39.76,0.0,EUR
SO-2025-000917,1,2025-02-02,2025-02-05,PL-WEB-01,C001635,VM-ACC-0007,2,359.99,0.0,PLN
SO-2025-000917,2,2025-02-02,2025-02-05,PL-WEB-01,C001635,VM-NUT-0004,11,6.99,0.0,PLN
SO-2025-000918,1,2025-02-02,2025-02-06,PL-WEB-01,C008000,VM-NUT-0006,10,9.99,0.0,PLN
SO-2025-000919,1,2025-02-02,2025-02-04,PL-WEB-01,C013304,VM-APP-0002,1,439.99,0.0,PLN
SO-2025-000919,2,2025-02-02,2025-02-04,PL-WEB-01,C013304,VM-CMP-0005,1,1479.99,0.0,PLN
SO-2025-000919,3,2025-02-02,2025-02-04,PL-WEB-01,C013304,VM-EBK-0001,1,7669.99,0.0,PLN
SO-2025-000920,1,2025-02-02,2025-02-04,PL-WEB-01,C013305,VM-ACC-0002,2,609.99,0.0,PLN
SO-2025-000920,2,2025-02-02,2025-02-04,PL-WEB-01,C013305,VM-EBK-0001,1,7669.99,0.0,PLN
SO-2025-000921,1,2025-02-02,2025-02-03,PL-WEB-01,C011173,VM-BIK-0004,1,4269.99,0.0,PLN
SO-2025-000922,1,2025-02-02,2025-02-05,PL-WEB-01,C011089,VM-ACC-0008,2,399.99,0.05,PLN
SO-2025-000922,2,2025-02-02,2025-02-05,PL-WEB-01,C011089,VM-CMP-0005,1,1479.99,0.05,PLN
SO-2025-000923,1,2025-02-02,2025-02-04,PL-WEB-01,C007354,VM-ACC-0021,1,779.99,0.0,PLN
SO-2025-000923,2,2025-02-02,2025-02-04,PL-WEB-01,C007354,VM-NUT-0007,6,12.99,0.0,PLN
SO-2025-000924,1,2025-02-02,2025-02-04,PL-WEB-01,C013306,VM-APP-0005,3,179.99,0.0,PLN
SO-2025-000924,2,2025-02-02,2025-02-04,PL-WEB-01,C013306,VM-NUT-0001,14,8.99,0.0,PLN
SO-2025-000924,3,2025-02-02,2025-02-04,PL-WEB-01,C013306,VM-ACC-0008,2,399.99,0.0,PLN
SO-2025-000925,1,2025-02-02,2025-02-04,PL-WEB-01,C012741,VM-NUT-0002,24,14.99,0.12,PLN
SO-2025-000926,1,2025-02-02,2025-02-05,PL-MKT-01,C013307,VM-ACC-0008,2,399.99,0.0,PLN
SO-2025-000927,1,2025-02-02,2025-02-03,PL-MKT-01,C011354,VM-ACC-0018,2,49.99,0.1,PLN
SO-2025-000927,2,2025-02-02,2025-02-03,PL-MKT-01,C011354,VM-CMP-0017,2,499.99,0.0,PLN
SO-2025-000927,3,2025-02-02,2025-02-03,PL-MKT-01,C011354,VM-ACC-0008,1,399.99,0.0,PLN
SO-2025-000928,1,2025-02-02,2025-02-06,PL-MKT-01,C013107,VM-CMP-0018,4,61.99,0.0,PLN
SO-2025-000928,2,2025-02-02,2025-02-06,PL-MKT-01,C013107,VM-NUT-0003,4,10.99,0.0,PLN
SO-2025-000929,1,2025-02-02,2025-02-02,CZ-PRG-01,,VM-APP-0006,2,1786.0,0.0,CZK
SO-2025-000930,1,2025-02-02,2025-02-05,CZ-WEB-01,C013308,VM-APP-0018,2,749.0,0.0,CZK
SO-2025-000930,2,2025-02-02,2025-02-05,CZ-WEB-01,C013308,VM-CMP-0013,1,3053.0,0.0,CZK
SO-2025-000931,1,2025-02-02,2025-02-03,CZ-WEB-01,C013309,VM-CMP-0009,2,2016.0,0.0,CZK
SO-2025-000932,1,2025-02-02,2025-02-04,DE-WEB-01,C012273,VM-NUT-0003,9,2.57,0.0,EUR
SO-2025-000933,1,2025-02-03,2025-02-03,PL-WAW-01,C013310,VM-CMP-0017,2,499.99,0.0,PLN
SO-2025-000933,2,2025-02-03,2025-02-03,PL-WAW-01,C013310,VM-NUT-0009,3,84.99,0.0,PLN
SO-2025-000934,1,2025-02-03,2025-02-03,PL-WAW-01,C013311,VM-BIK-0007,1,7049.99,0.0,PLN
SO-2025-000935,1,2025-02-03,2025-02-03,PL-WAW-02,C010786,VM-CMP-0019,3,209.99,0.0,PLN
SO-2025-000935,2,2025-02-03,2025-02-03,PL-WAW-02,C010786,VM-BIK-0007,1,7049.99,0.0,PLN
SO-2025-000936,1,2025-02-03,2025-02-03,PL-KRK-01,C010794,VM-ACC-0007,1,359.99,0.0,PLN
SO-2025-000936,2,2025-02-03,2025-02-03,PL-KRK-01,C010794,VM-BIK-0012,1,11809.99,0.0,PLN
SO-2025-000936,3,2025-02-03,2025-02-03,PL-KRK-01,C010794,VM-APP-0006,3,309.99,0.0,PLN
SO-2025-000937,1,2025-02-03,2025-02-03,PL-WRO-01,C004594,VM-ACC-0021,1,779.99,0.0,PLN
SO-2025-000937,2,2025-02-03,2025-02-03,PL-WRO-01,C004594,VM-APP-0018,1,129.99,0.0,PLN
SO-2025-000938,1,2025-02-03,2025-02-03,PL-GDN-01,C008985,VM-NUT-0004,32,6.99,0.08,PLN
SO-2025-000938,2,2025-02-03,2025-02-03,PL-GDN-01,C008985,VM-ACC-0008,4,399.99,0.08,PLN
SO-2025-000939,1,2025-02-03,2025-02-03,PL-POZ-01,C013312,VM-ACC-0019,1,49.99,0.05,PLN
SO-2025-000940,1,2025-02-03,2025-02-06,PL-WEB-01,C013313,VM-ACC-0014,1,109.99,0.0,PLN
SO-2025-000941,1,2025-02-03,2025-02-04,PL-WEB-01,C013314,vm-acc-0014,1,109.99,0.0,PLN
SO-2025-000942,1,2025-02-03,2025-02-06,PL-WEB-01,C007682,VM-CMP-0006,2,199.99,0.0,PLN
SO-2025-000942,2,2025-02-03,2025-02-06,PL-WEB-01,C007682,VM-NUT-0009,1,84.99,0.0,PLN
SO-2025-000943,1,2025-02-03,2025-02-04,PL-WEB-01,C013315,VM-NUT-0007,4,12.99,0.05,PLN
SO-2025-000944,1,2025-02-03,2025-02-04,PL-WEB-01,C007706,VM-NUT-0002,11,14.99,0.0,PLN
SO-2025-000944,2,2025-02-03,2025-02-04,PL-WEB-01,C007706,vm-acc-0022,1,1569.99,0.0,PLN
SO-2025-000945,1,2025-02-03,2025-02-05,PL-WEB-01,C013316,VM-APP-0003,3,309.99,0.0,PLN
SO-2025-000946,1,2025-02-03,2025-02-05,PL-WEB-01,C013317,VM-APP-0020,1,179.99,0.0,PLN
SO-2025-000946,2,2025-02-03,2025-02-05,PL-WEB-01,C013317,VM-APP-0013,1,439.99,0.0,PLN
SO-2025-000947,1,2025-02-03,2025-02-07,PL-MKT-01,C013318,VM-EBK-0007,1,14699.99,0.0,PLN
SO-2025-000947,2,2025-02-03,2025-02-07,PL-MKT-01,C013318,VM-ACC-0008,1,399.99,0.0,PLN
SO-2025-000947,3,2025-02-03,2025-02-07,PL-MKT-01,C013318,VM-ACC-0019,1,49.99,0.0,PLN
SO-2025-000948,1,2025-02-03,2025-02-05,PL-MKT-01,C009676,VM-CMP-0006,2,199.99,0.1,PLN
SO-2025-000948,2,2025-02-03,2025-02-05,PL-MKT-01,C009676,VM-NUT-0001,24,8.99,0.12,PLN
SO-2025-000949,1,2025-02-03,2025-02-04,PL-MKT-01,C012088,VM-NUT-0006,3,9.99,0.05,PLN
SO-2025-000950,1,2025-02-03,2025-02-04,PL-MKT-01,C005434,VM-NUT-0001,8,8.99,0.1,PLN
SO-2025-000950,2,2025-02-03,2025-02-04,PL-MKT-01,C005434,VM-NUT-0004,6,6.99,0.0,PLN
SO-2025-000950,3,2025-02-03,2025-02-04,PL-MKT-01,C005434,VM-APP-0002,2,439.99,0.0,PLN
SO-2025-000950,4,2025-02-03,2025-02-04,PL-MKT-01,C005434, VM-NUT-0009 ,4,84.99,0.0,PLN
SO-2025-000951,1,2025-02-03,2025-02-07,PL-MKT-01,C013319,vm-cmp-0011,2,159.99,0.0,PLN
SO-2025-000951,2,2025-02-03,2025-02-07,PL-MKT-01,C013319,VM-CMP-0017,1,499.99,0.0,PLN
SO-2025-000951,3,2025-02-03,2025-02-07,PL-MKT-01,C013319,VM-ACC-0014,1,109.99,0.0,PLN
SO-2025-000952,1,2025-02-03,2025-02-05,PL-MKT-01,C008274,VM-ACC-0008,1,399.99,0.0,PLN
SO-2025-000952,2,2025-02-03,2025-02-05,PL-MKT-01,C008274,VM-ACC-0010,1,249.99,0.0,PLN
SO-2025-000952,3,2025-02-03,2025-02-05,PL-MKT-01,C008274,VM-NUT-0001,13,8.99,0.1,PLN
SO-2025-000953,1,2025-02-03,2025-02-07,PL-MKT-01,C013320,VM-ACC-0021,1,779.99,0.0,PLN
SO-2025-000953,2,2025-02-03,2025-02-07,PL-MKT-01,C013320,VM-ACC-0008,2,399.99,0.0,PLN
SO-2025-000953,3,2025-02-03,2025-02-07,PL-MKT-01,C013320,VM-CMP-0013,1,529.99,0.1,PLN
SO-2025-000954,1,2025-02-03,2025-02-05,PL-MKT-01,C013321,VM-ACC-0001,2,379.99,0.0,PLN
SO-2025-000955,1,2025-02-03,2025-02-06,CZ-WEB-01,C001220,VM-APP-0013,1,2535.0,0.0,CZK
SO-2025-000956,1,2025-02-03,2025-02-03,DE-BER-01,C013125,VM-APP-0010,1,39.76,0.0,EUR
SO-2025-000956,2,2025-02-03,2025-02-03,DE-BER-01,C013125,VM-APP-0014,1,114.61,0.1,EUR
SO-2025-000956,3,2025-02-03,2025-02-03,DE-BER-01,C013125,VM-ACC-0008,2,93.56,0.0,EUR
SO-2025-000956,4,2025-02-03,2025-02-03,DE-BER-01,C013125,VM-BIK-0007,1,1648.97,0.0,EUR
SO-2025-000957,1,2025-02-03,2025-02-05,DE-WEB-01,C013322,VM-NUT-0006,4,2.34,0.05,EUR
SO-2025-000958,1,2025-02-04,2025-02-04,PL-WAW-01,,VM-APP-0002,3,439.99,0.0,PLN
SO-2025-000959,1,2025-02-04,2025-02-04,PL-WAW-01,,VM-ACC-0007,2,359.99,0.0,PLN
SO-2025-000959,2,2025-02-04,2025-02-04,PL-WAW-01,,VM-ACC-0012,1,71.99,0.0,PLN
SO-2025-000959,3,2025-02-04,2025-02-04,PL-WAW-01,,VM-BIK-0012,1,11809.99,0.0,PLN
SO-2025-000959,4,2025-02-04,2025-02-04,PL-WAW-01,,VM-NUT-0004,7,6.99,0.0,PLN
SO-2025-000960,1,2025-02-04,2025-02-04,PL-WAW-01,, VM-NUT-0003 ,5,10.99,0.0,PLN
SO-2025-000961,1,2025-02-04,2025-02-04,PL-WAW-01,C005362,VM-BIK-0007,1,7049.99,0.0,PLN
SO-2025-000961,2,2025-02-04,2025-02-04,PL-WAW-01,C005362,VM-APP-0002,1,439.99,0.0,PLN
SO-2025-000962,1,2025-02-04,2025-02-04,PL-WAW-02,C013323,VM-CMP-0013,1,529.99,0.0,PLN
SO-2025-000963,1,2025-02-04,2025-02-04,PL-WAW-02,C013324,VM-APP-0007,1,159.99,0.0,PLN
SO-2025-000964,1,2025-02-04,2025-02-04,PL-KRK-01,,VM-CMP-0005,2,1479.99,0.0,PLN
SO-2025-000965,1,2025-02-04,2025-02-04,PL-WRO-01,,VM-NUT-0004,13,6.99,0.0,PLN
SO-2025-000965,2,2025-02-04,2025-02-04,PL-WRO-01,,VM-APP-0012,1,869.99,0.0,PLN
SO-2025-000966,1,2025-02-04,2025-02-04,PL-WRO-01,C013325,VM-APP-0002,1,439.99,0.0,PLN
SO-2025-000967,1,2025-02-04,2025-02-04,PL-WRO-01,C000725,VM-ACC-0003,2,289.99,0.05,PLN
SO-2025-000968,1,2025-02-04,2025-02-04,PL-POZ-01,,VM-NUT-0009,3,84.99,0.0,PLN
SO-2025-000969,1,2025-02-04,2025-02-04,PL-POZ-01,,VM-CMP-0013,1,529.99,0.0,PLN
SO-2025-000969,2,2025-02-04,2025-02-04,PL-POZ-01,,vm-app-0002,2,439.99,0.0,PLN
SO-2025-000970,1,2025-02-04,2025-02-04,PL-POZ-01,C013326,VM-NUT-0011,1,53.99,0.0,PLN
SO-2025-000971,1,2025-02-04,2025-02-04,PL-LDZ-01,,VM-CMP-0017,2,499.99,0.1,PLN
SO-2025-000971,2,2025-02-04,2025-02-04,PL-LDZ-01,,VM-ACC-0008,1,399.99,0.0,PLN
SO-2025-000972,1,2025-02-04,2025-02-04,PL-LDZ-01,C012430,VM-BIK-0014,1,3829.99,0.0,PLN
SO-2025-000972,2,2025-02-04,2025-02-04,PL-LDZ-01,C012430,VM-ACC-0008,1,399.99,0.0,PLN
SO-2025-000973,1,2025-02-04,2025-02-06,PL-WEB-01,C012983,VM-EBK-0004,1,11079.99,0.0,PLN
SO-2025-000974,1,2025-02-04,2025-02-05,PL-WEB-01,C009043,VM-ACC-0018,2,49.99,0.0,PLN
SO-2025-000974,2,2025-02-04,2025-02-05,PL-WEB-01,C009043,VM-CMP-0015,2,919.99,0.0,PLN
SO-2025-000975,1,2025-02-04,2025-02-05,PL-WEB-01,C009455,VM-CMP-0009,1,349.99,0.0,PLN
SO-2025-000975,2,2025-02-04,2025-02-05,PL-WEB-01,C009455,VM-CMP-0013,1,529.99,0.0,PLN
SO-2025-000975,3,2025-02-04,2025-02-05,PL-WEB-01,C009455,VM-NUT-0002,4,14.99,0.0,PLN
SO-2025-000976,1,2025-02-04,2025-02-05,PL-WEB-01,C013327,VM-CMP-0013,1,529.99,0.05,PLN
SO-2025-000977,1,2025-02-04,2025-02-08,PL-WEB-01,C004985,VM-BIK-0013,2,4799.99,0.12,PLN
SO-2025-000978,1,2025-02-04,2025-02-08,PL-WEB-01,C013328,VM-BIK-0012,1,11809.99,0.0,PLN
SO-2025-000978,2,2025-02-04,2025-02-08,PL-WEB-01,C013328,VM-ACC-0008,2,399.99,0.0,PLN
SO-2025-000979,1,2025-02-04,2025-02-08,PL-WEB-01,C012730,VM-ACC-0006,1,949.99,0.0,PLN
SO-2025-000980,1,2025-02-04,2025-02-06,PL-MKT-01,C013329,VM-CMP-0017,10,499.99,0.1,PLN
SO-2025-000980,2,2025-02-04,2025-02-06,PL-MKT-01,C013329,VM-ACC-0006,4,949.99,0.1,PLN
SO-2025-000981,1,2025-02-04,2025-02-04,CZ-PRG-01,C012378,VM-APP-0019,2,380.0,0.0,CZK
SO-2025-000982,1,2025-02-04,2025-02-08,CZ-WEB-01,C012634,VM-APP-0010,1,979.0,0.0,CZK
SO-2025-000983,1,2025-02-04,2025-02-07,CZ-WEB-01,C013330,VM-EBK-0004,1,63825.0,0.0,CZK
SO-2025-000984,1,2025-02-04,2025-02-05,DE-WEB-01,C013331,VM-CMP-0022,2,8.42,0.05,EUR
SO-2025-000985,1,2025-02-05,2025-02-05,PL-WAW-01,C013332,VM-NUT-0009,3,84.99,0.0,PLN
SO-2025-000985,2,2025-02-05,2025-02-05,PL-WAW-01,C013332,VM-ACC-0014,1,109.99,0.0,PLN
SO-2025-000986,1,2025-02-05,2025-02-05,PL-WAW-01,C013333,VM-ACC-0004,1,779.99,0.0,PLN
SO-2025-000987,1,2025-02-05,2025-02-05,PL-WAW-01,C013334,VM-APP-0006,2,309.99,0.0,PLN
SO-2025-000988,1,2025-02-05,2025-02-05,PL-WAW-02,C010409,VM-EBK-0004,1,11079.99,0.0,PLN
SO-2025-000988,2,2025-02-05,2025-02-05,PL-WAW-02,C010409,VM-CMP-0017,1,499.99,0.0,PLN
SO-2025-000989,1,2025-02-05,2025-02-05,PL-WAW-02,C013335,VM-BIK-0012,1,11809.99,0.0,PLN
SO-2025-000989,2,2025-02-05,2025-02-05,PL-WAW-02,C013335,VM-ACC-0008,1,399.99,0.0,PLN
SO-2025-000990,1,2025-02-05,2025-02-05,PL-KRK-01,C013336,VM-APP-0015,1,569.99,0.0,PLN
SO-2025-000990,2,2025-02-05,2025-02-05,PL-KRK-01,C013336,VM-APP-0019,1,65.99,0.0,PLN
SO-2025-000990,3,2025-02-05,2025-02-05,PL-KRK-01,C013336,VM-NUT-0009,2,84.99,0.0,PLN
SO-2025-000990,4,2025-02-05,2025-02-05,PL-KRK-01,C013336,VM-CMP-0001,1,399.99,0.0,PLN
SO-2025-000991,1,2025-02-05,2025-02-05,PL-KRK-01,C002611,VM-ACC-0014,1,109.99,0.0,PLN
SO-2025-000991,2,2025-02-05,2025-02-05,PL-KRK-01,C002611, VM-NUT-0009 ,4,84.99,0.0,PLN
SO-2025-000992,1,2025-02-05,2025-02-05,PL-WRO-01,C013337,VM-ACC-0013,1,169.99,0.0,PLN
SO-2025-000992,2,2025-02-05,2025-02-05,PL-WRO-01,C013337,VM-NUT-0004,4,6.99,0.0,PLN
SO-2025-000993,1,2025-02-05,2025-02-05,PL-WRO-01,C013338,VM-CMP-0022,4,35.99,0.0,PLN
SO-2025-000994,1,2025-02-05,2025-02-05,PL-GDN-01,C010231,VM-APP-0010,3,169.99,0.1,PLN
SO-2025-000994,2,2025-02-05,2025-02-05,PL-GDN-01,C010231,VM-CMP-0013,6,529.99,0.08,PLN
SO-2025-000995,1,2025-02-05,2025-02-05,PL-POZ-01,C010180,VM-CMP-0010,2,389.99,0.0,PLN
SO-2025-000996,1,2025-02-05,2025-02-05,PL-LDZ-01,C013339,VM-APP-0006,2,309.99,0.0,PLN
SO-2025-000996,2,2025-02-05,2025-02-05,PL-LDZ-01,C013339,VM-CMP-0016,2,2459.99,0.0,PLN
SO-2025-000996,3,2025-02-05,2025-02-05,PL-LDZ-01,C013339,VM-EBK-0010,1,13489.99,0.0,PLN
SO-2025-000997,1,2025-02-05,2025-02-05,PL-LDZ-01,,VM-APP-0009,2,349.99,0.0,PLN
SO-2025-000998,1,2025-02-05,2025-02-09,PL-WEB-01,C013340,VM-ACC-0008,1,399.99,0.0,PLN
SO-2025-000999,1,2025-02-05,2025-02-09,PL-WEB-01,C013341, VM-ACC-0014 ,1,109.99,0.0,PLN
SO-2025-001000,1,2025-02-05,2025-02-08,PL-WEB-01,C009603,VM-CMP-0001,1,399.99,0.0,PLN
SO-2025-001000,2,2025-02-05,2025-02-08,PL-WEB-01,C009603,VM-APP-0006,1,309.99,0.1,PLN
SO-2025-001000,3,2025-02-05,2025-02-08,PL-WEB-01,C009603,VM-NUT-0007,8,12.99,0.0,PLN
SO-2025-001001,1,2025-02-05,2025-02-08,PL-WEB-01,C013342,VM-CMP-0013,1,529.99,0.05,PLN
SO-2025-001002,1,2025-02-05,2025-02-06,PL-WEB-01,C013343,VM-CMP-0013,2,529.99,0.0,PLN
SO-2025-001003,1,2025-02-05,2025-02-08,PL-MKT-01,C011721,VM-APP-0006,2,309.99,0.0,PLN
SO-2025-001004,1,2025-02-05,2025-02-06,PL-MKT-01,C004985,VM-NUT-0004,30,6.99,0.1,PLN
SO-2025-001005,1,2025-02-05,2025-02-06,PL-MKT-01,C005355,VM-ACC-0008,1,399.99,0.05,PLN
SO-2025-001005,2,2025-02-05,2025-02-06,PL-MKT-01,C005355,VM-APP-0003,1,309.99,0.05,PLN
SO-2025-001005,3,2025-02-05,2025-02-06,PL-MKT-01,C005355,VM-BIK-0007,1,7049.99,0.05,PLN
SO-2025-001006,1,2025-02-05,2025-02-06,PL-MKT-01,C013127,VM-BIK-0005,1,7409.99,0.0,PLN
SO-2025-001006,2,2025-02-05,2025-02-06,PL-MKT-01,C013127,VM-APP-0010,2,169.99,0.0,PLN
SO-2025-001007,1,2025-02-05,2025-02-08,PL-MKT-01,C009105,VM-CMP-0019,1,209.99,0.0,PLN
SO-2025-001007,2,2025-02-05,2025-02-08,PL-MKT-01,C009105,VM-ACC-0007,1,359.99,0.0,PLN
SO-2025-001007,3,2025-02-05,2025-02-08,PL-MKT-01,C009105,VM-CMP-0001,1,399.99,0.0,PLN
SO-2025-001008,1,2025-02-05,2025-02-09,PL-MKT-01,C013344,VM-BIK-0001,1,13689.99,0.0,PLN
SO-2025-001008,2,2025-02-05,2025-02-09,PL-MKT-01,C013344,VM-ACC-0007,2,359.99,0.0,PLN
SO-2025-001008,3,2025-02-05,2025-02-09,PL-MKT-01,C013344,VM-BIK-0004,1,4269.99,0.0,PLN
SO-2025-001009,1,2025-02-05,2025-02-07,PL-MKT-01,C013345,VM-CMP-0008,1,439.99,0.05,PLN
SO-2025-001009,2,2025-02-05,2025-02-07,PL-MKT-01,C013345,VM-ACC-0001,1,379.99,0.05,PLN
SO-2025-001009,3,2025-02-05,2025-02-07,PL-MKT-01,C013345,VM-APP-0017,1,189.99,0.05,PLN
SO-2025-001010,1,2025-02-05,2025-02-09,PL-MKT-01,C005940,VM-NUT-0006,6,9.99,0.08,PLN
SO-2025-001010,2,2025-02-05,2025-02-09,PL-MKT-01,C005940,VM-APP-0011,4,409.99,0.08,PLN
SO-2025-001011,1,2025-02-05,2025-02-05,CZ-PRG-01,C013346,VM-EBK-0011,1,84332.0,0.0,CZK
SO-2025-001012,1,2025-02-05,2025-02-05,CZ-PRG-01,C004062,VM-EBK-0002,1,57316.0,0.0,CZK
SO-2025-001013,1,2025-02-05,2025-02-05,CZ-BRN-01,C003496,VM-NUT-0003,7,63.0,0.1,CZK
SO-2025-001013,2,2025-02-05,2025-02-05,CZ-BRN-01,C003496, VM-ACC-0018 ,2,288.0,0.05,CZK
SO-2025-001014,1,2025-02-05,2025-02-05,CZ-BRN-01,C012004,VM-APP-0020,1,1037.0,0.0,CZK
SO-2025-001015,1,2025-02-05,2025-02-05,CZ-BRN-01,,VM-ACC-0015,1,2016.0,0.0,CZK
SO-2025-001015,2,2025-02-05,2025-02-05,CZ-BRN-01,,VM-ACC-0019,1,288.0,0.0,CZK
SO-2025-001015,3,2025-02-05,2025-02-05,CZ-BRN-01,,VM-BIK-0019,1,6970.0,0.0,CZK
SO-2025-001016,1,2025-02-05,2025-02-05,CZ-BRN-01,,VM-NUT-0002,4,86.0,0.0,CZK
SO-2025-001016,2,2025-02-05,2025-02-05,CZ-BRN-01,,VM-CMP-0019,4,1210.0,0.0,CZK
SO-2025-001016,3,2025-02-05,2025-02-05,CZ-BRN-01,,VM-CMP-0005,1,8525.0,0.0,CZK
SO-2025-001016,4,2025-02-05,2025-02-05,CZ-BRN-01,,VM-ACC-0008,2,2304.0,0.0,CZK
SO-2025-001017,1,2025-02-05,2025-02-06,CZ-WEB-01,C000490,VM-CMP-0009,2,2016.0,0.05,CZK
SO-2025-001018,1,2025-02-05,2025-02-06,CZ-WEB-01,C013347,VM-APP-0010,1,979.0,0.0,CZK
SO-2025-001018,2,2025-02-05,2025-02-06,CZ-WEB-01,C013347,VM-NUT-0004,7,40.0,0.0,CZK
SO-2025-001019,1,2025-02-05,2025-02-07,CZ-WEB-01,C013348,VM-NUT-0006,8,58.0,0.0,CZK
SO-2025-001019,2,2025-02-05,2025-02-07,CZ-WEB-01,C013348,VM-BIK-0005,1,42684.0,0.0,CZK
SO-2025-001019,3,2025-02-05,2025-02-07,CZ-WEB-01,C013348,VM-CMP-0011,1,922.0,0.0,CZK
SO-2025-001020,1,2025-02-05,2025-02-08,DE-WEB-01,C012925,VM-ACC-0018,12,11.69,0.1,EUR
SO-2025-001021,1,2025-02-06,2025-02-06,PL-WAW-01,C011953,VM-CMP-0013,1,529.99,0.05,PLN
SO-2025-001022,1,2025-02-06,2025-02-06,PL-WAW-01,,VM-ACC-0011,1,71.99,0.0,PLN
SO-2025-001022,2,2025-02-06,2025-02-06,PL-WAW-01,,VM-BIK-0021,1,1249.99,0.0,PLN
SO-2025-001022,3,2025-02-06,2025-02-06,PL-WAW-01,,VM-ACC-0003,2,289.99,0.0,PLN
SO-2025-001023,1,2025-02-06,2025-02-06,PL-WAW-02,C011027,VM-ACC-0020,1,809.99,0.0,PLN
SO-2025-001024,1,2025-02-06,2025-02-06,PL-WAW-02,C002846,VM-EBK-0008,1,15099.99,0.0,PLN
SO-2025-001025,1,2025-02-06,2025-02-06,PL-WRO-01,C011314, VM-ACC-0013 ,1,169.99,0.0,PLN
SO-2025-001026,1,2025-02-06,2025-02-06,PL-WRO-01,C013349,VM-BIK-0020,1,1209.99,0.0,PLN
SO-2025-001026,2,2025-02-06,2025-02-06,PL-WRO-01,C013349,VM-ACC-0020,1,809.99,0.0,PLN
SO-2025-001027,1,2025-02-06,2025-02-06,PL-WRO-01,,VM-ACC-0007,1,359.99,0.0,PLN
SO-2025-001028,1,2025-02-06,2025-02-06,PL-POZ-01,C007061,VM-CMP-0006,1,199.99,0.0,PLN
SO-2025-001028,2,2025-02-06,2025-02-06,PL-POZ-01,C007061,VM-BIK-0005,1,7409.99,0.0,PLN
SO-2025-001028,3,2025-02-06,2025-02-06,PL-POZ-01,C007061,VM-ACC-0007,2,359.99,0.0,PLN
SO-2025-001029,1,2025-02-06,2025-02-06,PL-POZ-01,C010085,VM-APP-0008,1,159.99,0.0,PLN
SO-2025-001029,2,2025-02-06,2025-02-06,PL-POZ-01,C010085,VM-EBK-0001,1,7669.99,0.0,PLN
SO-2025-001029,3,2025-02-06,2025-02-06,PL-POZ-01,C010085,VM-ACC-0020,1,809.99,0.0,PLN
SO-2025-001029,4,2025-02-06,2025-02-06,PL-POZ-01,C010085,VM-EBK-0011,1,14639.99,0.0,PLN
SO-2025-001030,1,2025-02-06,2025-02-06,PL-POZ-01,C002281,VM-ACC-0001,2,379.99,0.05,PLN
SO-2025-001030,2,2025-02-06,2025-02-06,PL-POZ-01,C002281,VM-APP-0006,1,309.99,0.05,PLN
SO-2025-001031,1,2025-02-06,2025-02-06,PL-LDZ-01,C013350,VM-CMP-0005,2,1479.99,0.0,PLN
SO-2025-001032,1,2025-02-06,2025-02-08,PL-WEB-01,C007830,VM-ACC-0017,2,57.99,0.0,PLN
SO-2025-001033,1,2025-02-06,2025-02-10,PL-WEB-01,C013351,VM-NUT-0001,3,8.99,0.0,PLN
SO-2025-001034,1,2025-02-06,2025-02-07,PL-WEB-01,C002740,VM-NUT-0001,13,8.99,0.0,PLN
SO-2025-001035,1,2025-02-06,2025-02-07,PL-WEB-01,C000503,VM-CMP-0011,1,159.99,0.0,PLN
SO-2025-001035,2,2025-02-06,2025-02-07,PL-WEB-01,C000503,VM-BIK-0009,1,5639.99,0.0,PLN
SO-2025-001036,1,2025-02-06,2025-02-07,PL-WEB-01,C011868,VM-APP-0005,3,179.99,0.0,PLN
SO-2025-001036,2,2025-02-06,2025-02-07,PL-WEB-01,C011868,VM-CMP-0005,1,1479.99,0.0,PLN
SO-2025-001037,1,2025-02-06,2025-02-10,PL-WEB-01,C013329,VM-APP-0003,4,309.99,0.12,PLN
SO-2025-001038,1,2025-02-06,2025-02-08,PL-WEB-01,C013352,VM-NUT-0011,2,53.99,0.1,PLN
SO-2025-001038,2,2025-02-06,2025-02-08,PL-WEB-01,C013352,VM-ACC-0020,1,809.99,0.0,PLN
SO-2025-001039,1,2025-02-06,2025-02-07,PL-WEB-01,C005119,VM-CMP-0019,1,209.99,0.0,PLN
SO-2025-001040,1,2025-02-06,2025-02-07,PL-WEB-01,C013353,VM-NUT-0011,1,53.99,0.0,PLN
SO-2025-001040,2,2025-02-06,2025-02-07,PL-WEB-01,C013353,VM-APP-0005,2,179.99,0.0,PLN
SO-2025-001041,1,2025-02-06,2025-02-10,PL-WEB-01,C013354,VM-APP-0015,1,569.99,0.0,PLN
SO-2025-001041,2,2025-02-06,2025-02-10,PL-WEB-01,C013354,VM-BIK-0012,1,11809.99,0.0,PLN
SO-2025-001042,1,2025-02-06,2025-02-09,PL-WEB-01,C007630,VM-BIK-0013,1,4799.99,0.05,PLN
SO-2025-001043,1,2025-02-06,2025-02-08,PL-MKT-01,C000330,VM-ACC-0008,1,399.99,0.0,PLN
SO-2025-001044,1,2025-02-06,2025-02-09,PL-MKT-01,C013355,VM-ACC-0019,1,49.99,0.0,PLN
SO-2025-001044,2,2025-02-06,2025-02-09,PL-MKT-01,C013355,VM-NUT-0004,15,6.99,0.1,PLN
SO-2025-001045,1,2025-02-06,2025-02-08,PL-MKT-01,C013356,VM-CMP-0017,1,499.99,0.05,PLN
SO-2025-001046,1,2025-02-06,2025-02-06,CZ-PRG-01,C003496,VM-ACC-0008,2,2304.0,0.05,CZK
SO-2025-001047,1,2025-02-06,2025-02-06,CZ-PRG-01,C013357,VM-APP-0020,1,1037.0,0.05,CZK
SO-2025-001048,1,2025-02-06,2025-02-06,CZ-BRN-01,C013358,VM-CMP-0005,2,8525.0,0.0,CZK
SO-2025-001048,2,2025-02-06,2025-02-06,CZ-BRN-01,C013358,VM-CMP-0013,1,3053.0,0.0,CZK
SO-2025-001048,3,2025-02-06,2025-02-06,CZ-BRN-01,C013358,VM-ACC-0003,2,1670.0,0.0,CZK
SO-2025-001049,1,2025-02-06,2025-02-06,CZ-BRN-01,C013359,VM-NUT-0007,8,75.0,0.0,CZK
SO-2025-001050,1,2025-02-06,2025-02-06,CZ-BRN-01,C013360,VM-NUT-0009,2,490.0,0.0,CZK
SO-2025-001051,1,2025-02-06,2025-02-08,CZ-WEB-01,C013361,VM-APP-0012,1,5011.0,0.0,CZK
SO-2025-001052,1,2025-02-06,2025-02-07,CZ-WEB-01,C012734,VM-CMP-0009,2,2016.0,0.1,CZK
SO-2025-001053,1,2025-02-06,2025-02-06,DE-BER-01,,VM-NUT-0011,3,12.63,0.1,EUR
SO-2025-001054,1,2025-02-06,2025-02-06,DE-BER-01,C009099,VM-ACC-0021,1,182.44,0.0,EUR
SO-2025-001055,1,2025-02-06,2025-02-10,DE-WEB-01,C010941,VM-CMP-0014,1,100.57,0.0,EUR
SO-2025-001055,2,2025-02-06,2025-02-10,DE-WEB-01,C010941,VM-ACC-0008,1,93.56,0.0,EUR
SO-2025-001056,1,2025-02-06,2025-02-07,DE-WEB-01,C013362,VM-APP-0015,1,133.32,0.0,EUR
SO-2025-001057,1,2025-02-06,2025-02-10,DE-WEB-01,C008763,VM-APP-0010,2,39.76,0.05,EUR
SO-2025-001058,1,2025-02-06,2025-02-10,DE-WEB-01,C008066,VM-APP-0017,2,44.44,0.0,EUR
SO-2025-001058,2,2025-02-06,2025-02-10,DE-WEB-01,C008066,VM-NUT-0009,2,19.88,0.0,EUR
SO-2025-001059,1,2025-02-06,2025-02-09,DE-WEB-01,C013363,VM-ACC-0008,2,93.56,0.0,EUR
SO-2025-001060,1,2025-02-07,2025-02-07,PL-WAW-01,C003242,VM-NUT-0002,7,14.99,0.05,PLN
SO-2025-001060,2,2025-02-07,2025-02-07,PL-WAW-01,C003242,VM-BIK-0004,1,4269.99,0.05,PLN
SO-2025-001060,3,2025-02-07,2025-02-07,PL-WAW-01,C003242,VM-NUT-0004,4,6.99,0.05,PLN
SO-2025-001060,4,2025-02-07,2025-02-07,PL-WAW-01,C003242,VM-ACC-0001,2,379.99,0.05,PLN
SO-2025-001061,1,2025-02-07,2025-02-07,PL-WAW-01,C008000,VM-NUT-0006,11,9.99,0.0,PLN
SO-2025-001062,1,2025-02-07,2025-02-07,PL-WAW-01,C013364,VM-CMP-0005,10,1479.99,0.08,PLN
SO-2025-001062,2,2025-02-07,2025-02-07,PL-WAW-01,C013364,vm-bik-0009,2,5639.99,0.1,PLN
SO-2025-001062,3,2025-02-07,2025-02-07,PL-WAW-01,C013364,VM-NUT-0001,21,8.99,0.08,PLN
SO-2025-001063,1,2025-02-07,2025-02-07,PL-WAW-01,C010803,vm-app-0006,2,309.99,0.0,PLN
SO-2025-001064,1,2025-02-07,2025-02-07,PL-WAW-01,C013365,VM-NUT-0009,4,84.99,0.0,PLN
SO-2025-001064,2,2025-02-07,2025-02-07,PL-WAW-01,C013365,VM-NUT-0003,11,10.99,0.0,PLN
SO-2025-001065,1,2025-02-07,2025-02-07,PL-WAW-01,C012516,VM-CMP-0019,3,209.99,0.05,PLN
SO-2025-001065,2,2025-02-07,2025-02-07,PL-WAW-01,C012516,VM-CMP-0013,1,529.99,0.05,PLN
SO-2025-001066,1,2025-02-07,2025-02-07,PL-WAW-01,C010542,VM-NUT-0006,9,9.99,0.0,PLN
SO-2025-001067,1,2025-02-07,2025-02-07,PL-WAW-02,C013366,VM-CMP-0015,2,919.99,0.0,PLN
SO-2025-001068,1,2025-02-07,2025-02-07,PL-WAW-02,C006572,VM-BIK-0021,2,1249.99,0.1,PLN
SO-2025-001068,2,2025-02-07,2025-02-07,PL-WAW-02,C006572,VM-ACC-0008,10,399.99,0.08,PLN
SO-2025-001068,3,2025-02-07,2025-02-07,PL-WAW-02,C006572,VM-APP-0002,4,439.99,0.1,PLN
SO-2025-001069,1,2025-02-07,2025-02-07,PL-WAW-02,,VM-CMP-0005,2,1479.99,0.0,PLN
SO-2025-001070,1,2025-02-07,2025-02-07,PL-KRK-01,C013367,VM-APP-0013,1,439.99,0.0,PLN
SO-2025-001071,1,2025-02-07,2025-02-07,PL-KRK-01,C013368,VM-CMP-0023,3,58.99,0.0,PLN
SO-2025-001072,1,2025-02-07,2025-02-07,PL-KRK-01,C013369,VM-ACC-0003,1,289.99,0.0,PLN
SO-2025-001072,2,2025-02-07,2025-02-07,PL-KRK-01,C013369,VM-APP-0010,2,169.99,0.0,PLN
SO-2025-001072,3,2025-02-07,2025-02-07,PL-KRK-01,C013369,VM-NUT-0006,5,9.99,0.0,PLN
SO-2025-001073,1,2025-02-07,2025-02-07,PL-KRK-01,C013370,VM-BIK-0012,1,11809.99,0.0,PLN
SO-2025-001074,1,2025-02-07,2025-02-07,PL-WRO-01,C012343,VM-NUT-0006,4,9.99,0.0,PLN
SO-2025-001074,2,2025-02-07,2025-02-07,PL-WRO-01,C012343,vm-cmp-0009,2,349.99,0.0,PLN
SO-2025-001075,1,2025-02-07,2025-02-07,PL-GDN-01,C013371,VM-BIK-0007,1,7049.99,0.0,PLN
SO-2025-001075,2,2025-02-07,2025-02-07,PL-GDN-01,C013371,VM-BIK-0012,1,11809.99,0.0,PLN
SO-2025-001075,3,2025-02-07,2025-02-07,PL-GDN-01,C013371,VM-ACC-0007,2,359.99,0.0,PLN
SO-2025-001076,1,2025-02-07,2025-02-07,PL-LDZ-01,C010582,VM-BIK-0012,4,11809.99,0.1,PLN
SO-2025-001076,2,2025-02-07,2025-02-07,PL-LDZ-01,C010582,VM-ACC-0008,2,399.99,0.08,PLN
SO-2025-001076,3,2025-02-07,2025-02-07,PL-LDZ-01,C010582,VM-ACC-0001,4,379.99,0.12,PLN
SO-2025-001077,1,2025-02-07,2025-02-07,PL-LDZ-01,,VM-ACC-0008,2,399.99,0.0,PLN
SO-2025-001078,1,2025-02-07,2025-02-07,PL-LDZ-01,,VM-BIK-0008,1,5309.99,0.0,PLN
SO-2025-001079,1,2025-02-07,2025-02-08,PL-WEB-01,C000892,VM-NUT-0001,48,8.99,0.1,PLN
SO-2025-001079,2,2025-02-07,2025-02-08,PL-WEB-01,C000892,VM-ACC-0008,3,399.99,0.08,PLN
SO-2025-001079,3,2025-02-07,2025-02-08,PL-WEB-01,C000892,VM-BIK-0012,4,11809.99,0.1,PLN
SO-2025-001079,4,2025-02-07,2025-02-08,PL-WEB-01,C000892,VM-CMP-0013,2,529.99,0.08,PLN
SO-2025-001080,1,2025-02-07,2025-02-09,PL-WEB-01,C011954,VM-BIK-0019,1,1209.99,0.0,PLN
SO-2025-001080,2,2025-02-07,2025-02-09,PL-WEB-01,C011954,vm-acc-0003,1,289.99,0.0,PLN
SO-2025-001081,1,2025-02-07,2025-02-08,PL-WEB-01,C011435,VM-BIK-0021,1,1249.99,0.05,PLN
SO-2025-001082,1,2025-02-07,2025-02-11,PL-WEB-01,C013372,VM-BIK-0021,1,1249.99,0.0,PLN
SO-2025-001082,2,2025-02-07,2025-02-11,PL-WEB-01,C013372,VM-BIK-0012,1,11809.99,0.0,PLN
SO-2025-001083,1,2025-02-07,2025-02-10,PL-WEB-01,C006081,VM-APP-0005,2,179.99,0.0,PLN
SO-2025-001084,1,2025-02-07,2025-02-11,PL-WEB-01,C006931,VM-CMP-0016,1,2459.99,0.05,PLN
SO-2025-001084,2,2025-02-07,2025-02-11,PL-WEB-01,C006931,VM-APP-0009,1,349.99,0.05,PLN
SO-2025-001084,3,2025-02-07,2025-02-11,PL-WEB-01,C006931,VM-NUT-0011,4,53.99,0.05,PLN
SO-2025-001085,1,2025-02-07,2025-02-09,PL-WEB-01,C004833,VM-BIK-0011,1,8649.99,0.05,PLN
SO-2025-001086,1,2025-02-07,2025-02-08,PL-WEB-01,C009304,VM-ACC-0018,2,49.99,0.0,PLN
SO-2025-001086,2,2025-02-07,2025-02-08,PL-WEB-01,C009304,VM-CMP-0007,1,629.99,0.0,PLN
SO-2025-001087,1,2025-02-07,2025-02-08,PL-MKT-01,C010721,VM-APP-0008,1,159.99,0.0,PLN
SO-2025-001087,2,2025-02-07,2025-02-08,PL-MKT-01,C010721,VM-ACC-0002,1,609.99,0.0,PLN
SO-2025-001088,1,2025-02-07,2025-02-11,PL-MKT-01,C013373,VM-NUT-0004,8,6.99,0.0,PLN
SO-2025-001089,1,2025-02-07,2025-02-10,PL-MKT-01,C013374,VM-CMP-0013,1,529.99,0.05,PLN
SO-2025-001090,1,2025-02-07,2025-02-10,PL-MKT-01,C008131,VM-ACC-0017,4,57.99,0.08,PLN
SO-2025-001091,1,2025-02-07,2025-02-08,PL-MKT-01,C000453,VM-NUT-0007,4,12.99,0.0,PLN
SO-2025-001092,1,2025-02-07,2025-02-07,CZ-PRG-01,C010008,VM-APP-0008,1,922.0,0.0,CZK
SO-2025-001093,1,2025-02-07,2025-02-07,CZ-BRN-01,C007623,VM-NUT-0007,9,75.0,0.0,CZK
SO-2025-001093,2,2025-02-07,2025-02-07,CZ-BRN-01,C007623,VM-NUT-0009,3,490.0,0.0,CZK
SO-2025-001094,1,2025-02-07,2025-02-10,CZ-WEB-01,C013375,VM-NUT-0004,9,40.0,0.0,CZK
SO-2025-001095,1,2025-02-07,2025-02-08,CZ-WEB-01,C011736,VM-NUT-0004,9,40.0,0.05,CZK
SO-2025-001095,2,2025-02-07,2025-02-08,CZ-WEB-01,C011736,VM-ACC-0008,2,2304.0,0.05,CZK
SO-2025-001096,1,2025-02-07,2025-02-11,CZ-WEB-01,C008817,VM-CMP-0019,3,1210.0,0.0,CZK
SO-2025-001096,2,2025-02-07,2025-02-11,CZ-WEB-01,C008817,VM-EBK-0004,1,63825.0,0.0,CZK
SO-2025-001097,1,2025-02-07,2025-02-08,CZ-WEB-01,C013376,VM-ACC-0008,2,2304.0,0.0,CZK
SO-2025-001098,1,2025-02-07,2025-02-08,DE-WEB-01,C013051,VM-ACC-0001,2,88.88,0.1,EUR
SO-2025-001098,2,2025-02-07,2025-02-08,DE-WEB-01,C013051,VM-BIK-0011,1,2023.2,0.05,EUR
SO-2025-001099,1,2025-02-08,2025-02-08,PL-WAW-01,C012558,VM-APP-0013,1,439.99,0.0,PLN
SO-2025-001100,1,2025-02-08,2025-02-08,PL-WAW-01,C006493,VM-ACC-0008,2,399.99,0.0,PLN
SO-2025-001100,2,2025-02-08,2025-02-08,PL-WAW-01,C006493,VM-ACC-0014,1,109.99,0.0,PLN
SO-2025-001100,3,2025-02-08,2025-02-08,PL-WAW-01,C006493,VM-NUT-0006,8,9.99,0.0,PLN
SO-2025-001101,1,2025-02-08,2025-02-08,PL-WAW-01,,VM-APP-0007,2,159.99,0.0,PLN
SO-2025-001101,2,2025-02-08,2025-02-08,PL-WAW-01,,VM-APP-0008,1,159.99,0.0,PLN
SO-2025-001101,3,2025-02-08,2025-02-08,PL-WAW-01,,VM-NUT-0003,10,10.99,0.0,PLN
SO-2025-001102,1,2025-02-08,2025-02-08,PL-WAW-02,C001984,VM-CMP-0010,1,389.99,0.1,PLN
SO-2025-001102,2,2025-02-08,2025-02-08,PL-WAW-02,C001984,VM-CMP-0005,1,1479.99,0.05,PLN
SO-2025-001103,1,2025-02-08,2025-02-08,PL-WAW-02,C013377,VM-CMP-0005,1,1479.99,0.0,PLN
SO-2025-001104,1,2025-02-08,2025-02-08,PL-WAW-02,,vm-ebk-0004,1,11079.99,0.1,PLN
SO-2025-001105,1,2025-02-08,2025-02-08,PL-WAW-02,,VM-ACC-0020,1,809.99,0.0,PLN
SO-2025-001105,2,2025-02-08,2025-02-08,PL-WAW-02,,VM-CMP-0005,2,1479.99,0.0,PLN
SO-2025-001105,3,2025-02-08,2025-02-08,PL-WAW-02,,VM-NUT-0001,7,8.99,0.0,PLN
SO-2025-001106,1,2025-02-08,2025-02-08,PL-KRK-01,,VM-APP-0006,1,309.99,0.0,PLN
SO-2025-001107,1,2025-02-08,2025-02-08,PL-KRK-01,,VM-NUT-0001,5,8.99,0.0,PLN
SO-2025-001108,1,2025-02-08,2025-02-08,PL-WRO-01,C008716,VM-ACC-0014,1,109.99,0.0,PLN
SO-2025-001109,1,2025-02-08,2025-02-08,PL-GDN-01,C003833,VM-CMP-0012,1,539.99,0.0,PLN
SO-2025-001110,1,2025-02-08,2025-02-08,PL-GDN-01,C013378,VM-CMP-0009,1,349.99,0.0,PLN
SO-2025-001110,2,2025-02-08,2025-02-08,PL-GDN-01,C013378,VM-CMP-0002,1,559.99,0.0,PLN
SO-2025-001111,1,2025-02-08,2025-02-08,PL-LDZ-01,,VM-CMP-0013,1,529.99,0.0,PLN
SO-2025-001111,2,2025-02-08,2025-02-08,PL-LDZ-01,,vm-acc-0021,1,779.99,0.0,PLN
SO-2025-001112,1,2025-02-08,2025-02-08,PL-LDZ-01,C010178,VM-BIK-0019,1,1209.99,0.0,PLN
SO-2025-001112,2,2025-02-08,2025-02-08,PL-LDZ-01,C010178, VM-BIK-0002 ,1,9629.99,0.0,PLN
SO-2025-001112,3,2025-02-08,2025-02-08,PL-LDZ-01,C010178,VM-NUT-0002,4,14.99,0.0,PLN
SO-2025-001113,1,2025-02-08,2025-02-10,PL-WEB-01,C013090,VM-NUT-0001,9,8.99,0.0,PLN
SO-2025-001114,1,2025-02-08,2025-02-11,PL-WEB-01,C001976,VM-EBK-0008,1,15099.99,0.0,PLN
SO-2025-001115,1,2025-02-08,2025-02-10,PL-WEB-01,C012343,VM-NUT-0001,4,8.99,0.0,PLN
SO-2025-001116,1,2025-02-08,2025-02-11,PL-WEB-01,C012280,VM-CMP-0015,2,919.99,0.1,PLN
SO-2025-001116,2,2025-02-08,2025-02-11,PL-WEB-01,C012280,VM-NUT-0007,5,12.99,0.0,PLN
SO-2025-001116,3,2025-02-08,2025-02-11,PL-WEB-01,C012280,VM-EBK-0008,1,15099.99,0.0,PLN
SO-2025-001117,1,2025-02-08,2025-02-12,PL-WEB-01,C013379,VM-NUT-0006,12,9.99,0.0,PLN
SO-2025-001117,2,2025-02-08,2025-02-12,PL-WEB-01,C013379,VM-ACC-0008,2,399.99,0.0,PLN
SO-2025-001117,3,2025-02-08,2025-02-12,PL-WEB-01,C013379,VM-CMP-0005,2,1479.99,0.0,PLN
SO-2025-001118,1,2025-02-08,2025-02-11,PL-WEB-01,C013380,VM-NUT-0009,2,84.99,0.0,PLN
SO-2025-001118,2,2025-02-08,2025-02-11,PL-WEB-01,C013380,VM-ACC-0018,1,49.99,0.0,PLN
SO-2025-001118,3,2025-02-08,2025-02-11,PL-WEB-01,C013380,VM-APP-0008,2,159.99,0.0,PLN
SO-2025-001118,4,2025-02-08,2025-02-11,PL-WEB-01,C013380,VM-APP-0002,1,439.99,0.0,PLN
SO-2025-001119,1,2025-02-08,2025-02-11,PL-WEB-01,C010965,VM-NUT-0003,8,10.99,0.0,PLN
SO-2025-001120,1,2025-02-08,2025-02-12,PL-WEB-01,C009540,VM-CMP-0013,2,529.99,0.0,PLN
SO-2025-001120,2,2025-02-08,2025-02-12,PL-WEB-01,C009540,VM-NUT-0007,5,12.99,0.0,PLN
SO-2025-001120,3,2025-02-08,2025-02-12,PL-WEB-01,C009540,VM-APP-0014,1,489.99,0.0,PLN
SO-2025-001121,1,2025-02-08,2025-02-11,PL-WEB-01,C010162,VM-CMP-0009,1,349.99,0.0,PLN
SO-2025-001122,1,2025-02-08,2025-02-12,PL-MKT-01,C012874,VM-NUT-0004,8,6.99,0.0,PLN
SO-2025-001122,2,2025-02-08,2025-02-12,PL-MKT-01,C012874,VM-APP-0014,1,489.99,0.0,PLN
SO-2025-001122,3,2025-02-08,2025-02-12,PL-MKT-01,C012874,vm-ebk-0003,1,9089.99,0.0,PLN
SO-2025-001123,1,2025-02-08,2025-02-10,PL-MKT-01,C013381,VM-CMP-0004,1,719.99,0.0,PLN
SO-2025-001124,1,2025-02-08,2025-02-12,PL-MKT-01,C010942,VM-NUT-0011,2,53.99,0.05,PLN
SO-2025-001124,2,2025-02-08,2025-02-12,PL-MKT-01,C010942,VM-BIK-0012,1,11809.99,0.05,PLN
SO-2025-001125,1,2025-02-08,2025-02-10,PL-MKT-01,C007969,VM-NUT-0006,4,9.99,0.0,PLN
SO-2025-001126,1,2025-02-08,2025-02-10,PL-MKT-01,C013382,VM-CMP-0014,1,429.99,0.0,PLN
SO-2025-001127,1,2025-02-08,2025-02-08,CZ-PRG-01,,VM-NUT-0001,12,52.0,0.05,CZK
SO-2025-001127,2,2025-02-08,2025-02-08,CZ-PRG-01,,VM-ACC-0014,1,634.0,0.0,CZK
SO-2025-001127,3,2025-02-08,2025-02-08,CZ-PRG-01,,VM-ACC-0008,2,2304.0,0.0,CZK
SO-2025-001127,4,2025-02-08,2025-02-08,CZ-PRG-01,,VM-APP-0002,2,2535.0,0.0,CZK
SO-2025-001128,1,2025-02-08,2025-02-08,CZ-PRG-01,C013383,VM-CMP-0017,1,2880.0,0.0,CZK
SO-2025-001129,1,2025-02-08,2025-02-08,CZ-PRG-01,C012803,VM-APP-0008,1,922.0,0.0,CZK
SO-2025-001129,2,2025-02-08,2025-02-08,CZ-PRG-01,C012803,VM-APP-0005,1,1037.0,0.0,CZK
SO-2025-001130,1,2025-02-08,2025-02-08,CZ-PRG-01,C013384,VM-CMP-0008,1,2535.0,0.0,CZK
SO-2025-001130,2,2025-02-08,2025-02-08,CZ-PRG-01,C013384,vm-cmp-0020,2,1498.0,0.0,CZK
SO-2025-001131,1,2025-02-08,2025-02-08,CZ-BRN-01,C006176,VM-CMP-0002,2,3226.0,0.0,CZK
SO-2025-001132,1,2025-02-08,2025-02-08,CZ-BRN-01,C013385,VM-NUT-0002,5,86.0,0.1,CZK
SO-2025-001133,1,2025-02-08,2025-02-08,CZ-BRN-01,C013386,VM-APP-0007,1,922.0,0.0,CZK
SO-2025-001133,2,2025-02-08,2025-02-08,CZ-BRN-01,C013386,VM-ACC-0019,2,288.0,0.0,CZK
SO-2025-001134,1,2025-02-08,2025-02-11,CZ-WEB-01,C013387,VM-ACC-0008,1,2304.0,0.0,CZK
SO-2025-001135,1,2025-02-08,2025-02-10,CZ-WEB-01,C000518,VM-ACC-0013,1,979.0,0.0,CZK
SO-2025-001136,1,2025-02-08,2025-02-11,CZ-WEB-01,C000646,VM-NUT-0004,7,40.0,0.05,CZK
SO-2025-001136,2,2025-02-08,2025-02-11,CZ-WEB-01,C000646,VM-APP-0006,3,1786.0,0.05,CZK
SO-2025-001137,1,2025-02-08,2025-02-12,DE-WEB-01,C001587,VM-NUT-0004,6,1.63,0.0,EUR
SO-2025-001138,1,2025-02-08,2025-02-11,DE-WEB-01,C009099,VM-ACC-0014,1,25.73,0.0,EUR
SO-2025-001139,1,2025-02-09,2025-02-11,PL-WEB-01,C013388,VM-ACC-0004,1,779.99,0.0,PLN
SO-2025-001140,1,2025-02-09,2025-02-12,PL-WEB-01,C011099,VM-CMP-0015,2,919.99,0.05,PLN
SO-2025-001140,2,2025-02-09,2025-02-12,PL-WEB-01,C011099, VM-APP-0002 ,2,439.99,0.05,PLN
SO-2025-001141,1,2025-02-09,2025-02-10,PL-WEB-01,C013389,VM-CMP-0016,2,2459.99,0.0,PLN
SO-2025-001141,2,2025-02-09,2025-02-10,PL-WEB-01,C013389,VM-APP-0012,1,869.99,0.0,PLN
SO-2025-001141,3,2025-02-09,2025-02-10,PL-WEB-01,C013389,VM-CMP-0004,1,719.99,0.0,PLN
SO-2025-001142,1,2025-02-09,2025-02-12,PL-WEB-01,C008882,VM-ACC-0001,2,379.99,0.0,PLN
SO-2025-001143,1,2025-02-09,2025-02-11,PL-WEB-01,C009377,VM-ACC-0014,1,109.99,0.0,PLN
SO-2025-001143,2,2025-02-09,2025-02-11,PL-WEB-01,C009377,VM-CMP-0021,4,47.99,0.0,PLN
SO-2025-001144,1,2025-02-09,2025-02-10,PL-WEB-01,C013390,VM-NUT-0011,3,53.99,0.05,PLN
SO-2025-001144,2,2025-02-09,2025-02-10,PL-WEB-01,C013390,VM-NUT-0003,12,10.99,0.0,PLN
SO-2025-001145,1,2025-02-09,2025-02-12,PL-WEB-01,C013391,VM-ACC-0018,1,49.99,0.0,PLN
SO-2025-001145,2,2025-02-09,2025-02-12,PL-WEB-01,C013391,VM-BIK-0007,1,7049.99,0.0,PLN
SO-2025-001145,3,2025-02-09,2025-02-12,PL-WEB-01,C013391,VM-CMP-0012,1,539.99,0.0,PLN
SO-2025-001146,1,2025-02-09,2025-02-13,PL-WEB-01,C013392,VM-ACC-0005,2,179.99,0.0,PLN
SO-2025-001147,1,2025-02-09,2025-02-12,PL-WEB-01,C013393,VM-CMP-0013,1,529.99,0.0,PLN
SO-2025-001147,2,2025-02-09,2025-02-12,PL-WEB-01,C013393,VM-NUT-0009,3,84.99,0.0,PLN
SO-2025-001147,3,2025-02-09,2025-02-12,PL-WEB-01,C013393,VM-ACC-0014,1,109.99,0.0,PLN
SO-2025-001148,1,2025-02-09,2025-02-11,PL-WEB-01,C013394,VM-ACC-0008,2,399.99,0.05,PLN
SO-2025-001148,2,2025-02-09,2025-02-11,PL-WEB-01,C013394,VM-CMP-0004,2,719.99,0.05,PLN
SO-2025-001148,3,2025-02-09,2025-02-11,PL-WEB-01,C013394,VM-ACC-0020,1,809.99,0.05,PLN
SO-2025-001149,1,2025-02-09,2025-02-11,PL-MKT-01,C010341,VM-CMP-0016,2,2459.99,0.05,PLN
SO-2025-001149,2,2025-02-09,2025-02-11,PL-MKT-01,C010341,VM-ACC-0014,1,109.99,0.05,PLN
SO-2025-001149,3,2025-02-09,2025-02-11,PL-MKT-01,C010341,VM-NUT-0001,8,8.99,0.05,PLN
SO-2025-001150,1,2025-02-09,2025-02-11,PL-MKT-01,C013395,VM-EBK-0008,1,15099.99,0.0,PLN
SO-2025-001150,2,2025-02-09,2025-02-11,PL-MKT-01,C013395,VM-ACC-0003,2,289.99,0.0,PLN
SO-2025-001151,1,2025-02-09,2025-02-12,PL-MKT-01,C012462,VM-NUT-0004,15,6.99,0.0,PLN
SO-2025-001151,2,2025-02-09,2025-02-12,PL-MKT-01,C012462,vm-ebk-0009,1,9909.99,0.0,PLN
SO-2025-001152,1,2025-02-09,2025-02-12,PL-MKT-01,C000195,VM-APP-0015,1,569.99,0.0,PLN
SO-2025-001152,2,2025-02-09,2025-02-12,PL-MKT-01,C000195,VM-ACC-0005,2,179.99,0.0,PLN
SO-2025-001152,3,2025-02-09,2025-02-12,PL-MKT-01,C000195,VM-ACC-0014,1,109.99,0.0,PLN
SO-2025-001153,1,2025-02-09,2025-02-13,PL-MKT-01,C013396,VM-ACC-0004,2,779.99,0.0,PLN
SO-2025-001154,1,2025-02-09,2025-02-09,CZ-PRG-01,,VM-ACC-0006,1,5472.0,0.0,CZK
SO-2025-001154,2,2025-02-09,2025-02-09,CZ-PRG-01,,VM-ACC-0003,1,1670.0,0.0,CZK
SO-2025-001155,1,2025-02-09,2025-02-09,CZ-PRG-01,C000997,VM-APP-0013,1,2535.0,0.0,CZK
SO-2025-001155,2,2025-02-09,2025-02-09,CZ-PRG-01,C000997,VM-CMP-0013,2,3053.0,0.0,CZK
SO-2025-001155,3,2025-02-09,2025-02-09,CZ-PRG-01,C000997,VM-ACC-0007,1,2074.0,0.0,CZK
SO-2025-001156,1,2025-02-09,2025-02-13,CZ-WEB-01,C007189,VM-CMP-0005,1,8525.0,0.0,CZK
SO-2025-001156,2,2025-02-09,2025-02-13,CZ-WEB-01,C007189,VM-ACC-0008,1,2304.0,0.0,CZK
SO-2025-001157,1,2025-02-09,2025-02-13,CZ-WEB-01,C009626,VM-APP-0003,2,1786.0,0.0,CZK
SO-2025-001157,2,2025-02-09,2025-02-13,CZ-WEB-01,C009626,VM-ACC-0007,2,2074.0,0.0,CZK
SO-2025-001157,3,2025-02-09,2025-02-13,CZ-WEB-01,C009626,VM-EBK-0007,1,84677.0,0.0,CZK
SO-2025-001158,1,2025-02-09,2025-02-13,CZ-WEB-01,C011510,VM-CMP-0003,2,1382.0,0.0,CZK
SO-2025-001159,1,2025-02-09,2025-02-13,CZ-WEB-01,C003385,VM-ACC-0017,2,334.0,0.0,CZK
SO-2025-001159,2,2025-02-09,2025-02-13,CZ-WEB-01,C003385,VM-NUT-0007,3,75.0,0.0,CZK
SO-2025-001159,3,2025-02-09,2025-02-13,CZ-WEB-01,C003385,VM-NUT-0011,2,311.0,0.0,CZK
SO-2025-001160,1,2025-02-09,2025-02-10,DE-WEB-01,C010257,VM-NUT-0011,1,12.63,0.05,EUR
SO-2025-001161,1,2025-02-09,2025-02-11,DE-WEB-01,C001282,VM-ACC-0018,3,11.69,0.0,EUR
SO-2025-001161,2,2025-02-09,2025-02-11,DE-WEB-01,C001282,VM-BIK-0019,1,283.01,0.0,EUR
SO-2025-001161,3,2025-02-09,2025-02-11,DE-WEB-01,C001282,VM-CMP-0019,1,49.12,0.0,EUR
SO-2025-001162,1,2025-02-10,2025-02-10,PL-WAW-01,C010430,VM-CMP-0009,2,349.99,0.0,PLN
SO-2025-001162,2,2025-02-10,2025-02-10,PL-WAW-01,C010430,VM-BIK-0007,1,7049.99,0.0,PLN
SO-2025-001162,3,2025-02-10,2025-02-10,PL-WAW-01,C010430,VM-EBK-0001,1,7669.99,0.0,PLN
SO-2025-001163,1,2025-02-10,2025-02-10,PL-WAW-02,C013397,VM-APP-0010,1,169.99,0.05,PLN
SO-2025-001164,1,2025-02-10,2025-02-10,PL-WAW-02,,VM-ACC-0002,1,609.99,0.0,PLN
SO-2025-001165,1,2025-02-10,2025-02-10,PL-WAW-02,C010942,VM-NUT-0003,8,10.99,0.05,PLN
SO-2025-001165,2,2025-02-10,2025-02-10,PL-WAW-02,C010942,VM-EBK-0008,1,15099.99,0.05,PLN
SO-2025-001166,1,2025-02-10,2025-02-10,PL-WAW-02,C007706,VM-ACC-0018,2,49.99,0.0,PLN
SO-2025-001167,1,2025-02-10,2025-02-10,PL-KRK-01,,VM-ACC-0010,2,249.99,0.0,PLN
SO-2025-001168,1,2025-02-10,2025-02-10,PL-KRK-01,C013398,VM-APP-0007,2,159.99,0.0,PLN
SO-2025-001168,2,2025-02-10,2025-02-10,PL-KRK-01,C013398,VM-NUT-0006,5,9.99,0.0,PLN
SO-2025-001168,3,2025-02-10,2025-02-10,PL-KRK-01,C013398,VM-CMP-0016,2,2459.99,0.1,PLN
SO-2025-001168,4,2025-02-10,2025-02-10,PL-KRK-01,C013398,VM-BIK-0013,1,4799.99,0.0,PLN
SO-2025-001169,1,2025-02-10,2025-02-10,PL-KRK-01,C011515,VM-BIK-0012,1,11809.99,0.1,PLN
SO-2025-001170,1,2025-02-10,2025-02-10,PL-WRO-01,C006767,VM-APP-0002,6,439.99,0.12,PLN
SO-2025-001171,1,2025-02-10,2025-02-10,PL-WRO-01,C006483,VM-CMP-0023,12,58.99,0.1,PLN
SO-2025-001172,1,2025-02-10,2025-02-10,PL-WRO-01,C012059,VM-APP-0006,3,309.99,0.0,PLN
SO-2025-001172,2,2025-02-10,2025-02-10,PL-WRO-01,C012059,VM-ACC-0002,2,609.99,0.0,PLN
SO-2025-001172,3,2025-02-10,2025-02-10,PL-WRO-01,C012059,VM-ACC-0005,1,179.99,0.0,PLN
SO-2025-001173,1,2025-02-10,2025-02-10,PL-WRO-01,C006284,VM-CMP-0010,2,389.99,0.0,PLN
SO-2025-001173,2,2025-02-10,2025-02-10,PL-WRO-01,C006284,VM-NUT-0007,6,12.99,0.0,PLN
SO-2025-001173,3,2025-02-10,2025-02-10,PL-WRO-01,C006284,VM-EBK-0008,1,15099.99,0.0,PLN
SO-2025-001174,1,2025-02-10,2025-02-10,PL-GDN-01,C007115,VM-APP-0006,1,309.99,0.0,PLN
SO-2025-001175,1,2025-02-10,2025-02-10,PL-POZ-01,C007688,VM-NUT-0003,8,10.99,0.0,PLN
SO-2025-001176,1,2025-02-10,2025-02-11,PL-WEB-01,C006969,VM-CMP-0017,2,499.99,0.05,PLN
SO-2025-001177,1,2025-02-10,2025-02-12,PL-WEB-01,C009980,VM-APP-0002,1,439.99,0.0,PLN
SO-2025-001178,1,2025-02-10,2025-02-13,PL-WEB-01,C013399,VM-CMP-0019,1,209.99,0.0,PLN
SO-2025-001179,1,2025-02-10,2025-02-13,PL-WEB-01,C013326,VM-CMP-0020,4,259.99,0.0,PLN
SO-2025-001179,2,2025-02-10,2025-02-13,PL-WEB-01,C013326,VM-CMP-0017,2,499.99,0.0,PLN
SO-2025-001179,3,2025-02-10,2025-02-13,PL-WEB-01,C013326,VM-BIK-0002,1,9629.99,0.0,PLN
SO-2025-001180,1,2025-02-10,2025-02-14,PL-WEB-01,C013289,VM-CMP-0015,1,919.99,0.0,PLN
SO-2025-001180,2,2025-02-10,2025-02-14,PL-WEB-01,C013289,VM-APP-0002,3,439.99,0.0,PLN
SO-2025-001181,1,2025-02-10,2025-02-14,PL-WEB-01,C013400,VM-ACC-0002,1,609.99,0.0,PLN
SO-2025-001182,1,2025-02-10,2025-02-11,PL-WEB-01,C013401,VM-ACC-0017,1,57.99,0.05,PLN
SO-2025-001182,2,2025-02-10,2025-02-11,PL-WEB-01,C013401,VM-APP-0002,1,439.99,0.05,PLN
SO-2025-001182,3,2025-02-10,2025-02-11,PL-WEB-01,C013401,vm-acc-0013,1,169.99,0.05,PLN
SO-2025-001183,1,2025-02-10,2025-02-11,PL-WEB-01,C010591,VM-ACC-0001,1,379.99,0.0,PLN
SO-2025-001183,2,2025-02-10,2025-02-11,PL-WEB-01,C010591,VM-ACC-0008,2,399.99,0.0,PLN
SO-2025-001183,3,2025-02-10,2025-02-11,PL-WEB-01,C010591,VM-ACC-0021,1,779.99,0.0,PLN
SO-2025-001184,1,2025-02-10,2025-02-11,PL-WEB-01,C013115,VM-APP-0012,1,869.99,0.0,PLN
SO-2025-001185,1,2025-02-10,2025-02-12,PL-MKT-01,C013402,VM-ACC-0002,1,609.99,0.0,PLN
SO-2025-001186,1,2025-02-10,2025-02-12,PL-MKT-01,C013403,VM-CMP-0017,1,499.99,0.0,PLN
SO-2025-001187,1,2025-02-10,2025-02-14,PL-MKT-01,C010114,VM-CMP-0002,1,559.99,0.05,PLN
SO-2025-001187,2,2025-02-10,2025-02-14,PL-MKT-01,C010114,VM-NUT-0009,4,84.99,0.05,PLN
SO-2025-001187,3,2025-02-10,2025-02-14,PL-MKT-01,C010114,VM-ACC-0018,3,49.99,0.05,PLN
SO-2025-001188,1,2025-02-10,2025-02-11,PL-MKT-01,C013404,vm-cmp-0013,2,529.99,0.0,PLN
SO-2025-001189,1,2025-02-10,2025-02-13,PL-MKT-01,C011712,VM-CMP-0006,1,199.99,0.0,PLN
SO-2025-001189,2,2025-02-10,2025-02-13,PL-MKT-01,C011712,VM-CMP-0017,1,499.99,0.0,PLN
SO-2025-001190,1,2025-02-10,2025-02-14,PL-MKT-01,C005860,VM-CMP-0005,2,1479.99,0.0,PLN
SO-2025-001190,2,2025-02-10,2025-02-14,PL-MKT-01,C005860,VM-NUT-0003,4,10.99,0.0,PLN
SO-2025-001191,1,2025-02-10,2025-02-12,PL-MKT-01,C011244,VM-NUT-0003,4,10.99,0.0,PLN
SO-2025-001192,1,2025-02-10,2025-02-11,CZ-WEB-01,C000896,VM-APP-0007,2,922.0,0.05,CZK
SO-2025-001192,2,2025-02-10,2025-02-11,CZ-WEB-01,C000896,VM-ACC-0010,2,1440.0,0.05,CZK
SO-2025-001193,1,2025-02-10,2025-02-14,CZ-WEB-01,C011351,VM-APP-0010,2,979.0,0.0,CZK
SO-2025-001194,1,2025-02-10,2025-02-10,DE-BER-01,,VM-CMP-0013,2,123.96,0.0,EUR
SO-2025-001194,2,2025-02-10,2025-02-10,DE-BER-01,,VM-NUT-0001,10,2.1,0.0,EUR
SO-2025-001194,3,2025-02-10,2025-02-10,DE-BER-01,,VM-NUT-0009,4,19.88,0.0,EUR
SO-2025-001195,1,2025-02-10,2025-02-13,DE-WEB-01,C013405,VM-APP-0013,1,102.91,0.0,EUR
SO-2025-001195,2,2025-02-10,2025-02-13,DE-WEB-01,C013405,VM-ACC-0010,2,58.47,0.0,EUR
SO-2025-001196,1,2025-02-11,2025-02-11,PL-WAW-01,C006286,VM-EBK-0007,4,14699.99,0.1,PLN
SO-2025-001197,1,2025-02-11,2025-02-11,PL-WAW-01,C008992,VM-NUT-0007,8,12.99,0.0,PLN
SO-2025-001198,1,2025-02-11,2025-02-11,PL-WAW-02,C007804,VM-NUT-0009,1,84.99,0.05,PLN
SO-2025-001199,1,2025-02-11,2025-02-11,PL-KRK-01,,VM-NUT-0004,9,6.99,0.0,PLN
SO-2025-001199,2,2025-02-11,2025-02-11,PL-KRK-01,,VM-BIK-0012,1,11809.99,0.0,PLN
SO-2025-001200,1,2025-02-11,2025-02-11,PL-KRK-01,C013406,VM-ACC-0017,3,57.99,0.1,PLN
SO-2025-001201,1,2025-02-11,2025-02-11,PL-POZ-01,C001511,VM-EBK-0002,5,9949.99,0.12,PLN
SO-2025-001202,1,2025-02-11,2025-02-11,PL-POZ-01,C010114,VM-BIK-0017,1,1909.99,0.05,PLN
SO-2025-001203,1,2025-02-11,2025-02-11,PL-LDZ-01,,VM-CMP-0005,2,1479.99,0.0,PLN
SO-2025-001204,1,2025-02-11,2025-02-11,PL-LDZ-01,C000284,VM-CMP-0006,1,199.99,0.05,PLN
SO-2025-001204,2,2025-02-11,2025-02-11,PL-LDZ-01,C000284,VM-NUT-0004,9,6.99,0.05,PLN
SO-2025-001205,1,2025-02-11,2025-02-11,PL-LDZ-01,C013407,VM-APP-0002,1,439.99,0.0,PLN
SO-2025-001206,1,2025-02-11,2025-02-15,PL-WEB-01,C013408,VM-CMP-0009,1,349.99,0.0,PLN
SO-2025-001207,1,2025-02-11,2025-02-15,PL-WEB-01,C009552,VM-ACC-0021,2,779.99,0.08,PLN
SO-2025-001207,2,2025-02-11,2025-02-15,PL-WEB-01,C009552,VM-BIK-0022,4,1399.99,0.1,PLN
SO-2025-001208,1,2025-02-11,2025-02-12,PL-WEB-01,C013409,VM-NUT-0004,5,6.99,0.0,PLN
SO-2025-001209,1,2025-02-11,2025-02-13,PL-WEB-01,C011635,VM-CMP-0017,2,499.99,0.0,PLN
SO-2025-001209,2,2025-02-11,2025-02-13,PL-WEB-01,C011635,VM-ACC-0008,1,399.99,0.0,PLN
SO-2025-001209,3,2025-02-11,2025-02-13,PL-WEB-01,C011635,VM-APP-0013,1,439.99,0.05,PLN
SO-2025-001210,1,2025-02-11,2025-02-12,PL-WEB-01,C009806,VM-ACC-0002,1,609.99,0.0,PLN
SO-2025-001210,2,2025-02-11,2025-02-12,PL-WEB-01,C009806,vm-cmp-0021,1,47.99,0.0,PLN
SO-2025-001211,1,2025-02-11,2025-02-12,PL-MKT-01,C001083,VM-BIK-0012,1,11809.99,0.05,PLN
SO-2025-001212,1,2025-02-11,2025-02-15,PL-MKT-01,C001897,VM-NUT-0006,11,9.99,0.0,PLN
SO-2025-001213,1,2025-02-11,2025-02-15,PL-MKT-01,C000839,VM-ACC-0011,2,71.99,0.0,PLN
SO-2025-001213,2,2025-02-11,2025-02-15,PL-MKT-01,C000839,VM-CMP-0020,1,259.99,0.0,PLN
SO-2025-001214,1,2025-02-11,2025-02-11,CZ-PRG-01,C010034,VM-BIK-0020,1,6970.0,0.0,CZK
SO-2025-001215,1,2025-02-11,2025-02-12,CZ-WEB-01,C013410,VM-BIK-0022,1,8064.0,0.0,CZK
SO-2025-001215,2,2025-02-11,2025-02-12,CZ-WEB-01,C013410,VM-ACC-0008,1,2304.0,0.0,CZK
SO-2025-001216,1,2025-02-11,2025-02-12,CZ-WEB-01,C013411,VM-CMP-0012,1,3111.0,0.0,CZK
SO-2025-001217,1,2025-02-11,2025-02-11,DE-BER-01,C001076,VM-NUT-0009,1,19.88,0.0,EUR
SO-2025-001217,2,2025-02-11,2025-02-11,DE-BER-01,C001076,VM-ACC-0001,2,88.88,0.0,EUR
SO-2025-001218,1,2025-02-11,2025-02-15,DE-WEB-01,C008390,VM-APP-0004,1,56.13,0.0,EUR
SO-2025-001219,1,2025-02-11,2025-02-15,DE-WEB-01,C013412,VM-ACC-0002,2,142.67,0.05,EUR
SO-2025-001220,1,2025-02-11,2025-02-13,DE-WEB-01,C001587,VM-ACC-0014,1,25.73,0.0,EUR
SO-2025-001220,2,2025-02-11,2025-02-13,DE-WEB-01,C001587,VM-APP-0002,3,102.91,0.0,EUR
SO-2025-001221,1,2025-02-11,2025-02-13,DE-WEB-01,C012611,VM-BIK-0004,1,998.73,0.0,EUR
SO-2025-001221,2,2025-02-11,2025-02-13,DE-WEB-01,C012611,VM-ACC-0008,1,93.56,0.0,EUR
SO-2025-001222,1,2025-02-11,2025-02-15,DE-WEB-01,C005819,VM-BIK-0009,1,1319.17,0.0,EUR
SO-2025-001223,1,2025-02-12,2025-02-12,PL-WAW-01,C013413,VM-CMP-0005,2,1479.99,0.05,PLN
SO-2025-001224,1,2025-02-12,2025-02-12,PL-WAW-01,C009087,VM-BIK-0008,1,5309.99,0.0,PLN
SO-2025-001225,1,2025-02-12,2025-02-12,PL-WAW-02,C010074,VM-NUT-0001,7,8.99,0.0,PLN
SO-2025-001226,1,2025-02-12,2025-02-12,PL-WAW-02,,VM-CMP-0006,2,199.99,0.0,PLN
SO-2025-001226,2,2025-02-12,2025-02-12,PL-WAW-02,,VM-NUT-0009,1,84.99,0.0,PLN
SO-2025-001227,1,2025-02-12,2025-02-12,PL-WAW-02,,VM-CMP-0009,2,349.99,0.0,PLN
SO-2025-001228,1,2025-02-12,2025-02-12,PL-WAW-02,C006922,VM-ACC-0014,1,109.99,0.0,PLN
SO-2025-001229,1,2025-02-12,2025-02-12,PL-KRK-01,,VM-NUT-0009,1,84.99,0.0,PLN
SO-2025-001229,2,2025-02-12,2025-02-12,PL-KRK-01,,VM-ACC-0014,1,109.99,0.0,PLN
SO-2025-001229,3,2025-02-12,2025-02-12,PL-KRK-01,,VM-BIK-0009,1,5639.99,0.0,PLN
SO-2025-001229,4,2025-02-12,2025-02-12,PL-KRK-01,,VM-NUT-0002,8,14.99,0.0,PLN
SO-2025-001230,1,2025-02-12,2025-02-12,PL-KRK-01,,VM-APP-0010,1,169.99,0.0,PLN
SO-2025-001231,1,2025-02-12,2025-02-12,PL-KRK-01,C000567,VM-NUT-0011,4,53.99,0.0,PLN
SO-2025-001232,1,2025-02-12,2025-02-12,PL-WRO-01,C013414,VM-CMP-0009,1,349.99,0.0,PLN
SO-2025-001232,2,2025-02-12,2025-02-12,PL-WRO-01,C013414,VM-NUT-0004,13,6.99,0.0,PLN
SO-2025-001232,3,2025-02-12,2025-02-12,PL-WRO-01,C013414,VM-CMP-0005,2,1479.99,0.0,PLN
SO-2025-001232,4,2025-02-12,2025-02-12,PL-WRO-01,C013414,VM-BIK-0009,1,5639.99,0.0,PLN
SO-2025-001233,1,2025-02-12,2025-02-12,PL-GDN-01,C013415,VM-CMP-0009,1,349.99,0.0,PLN
SO-2025-001233,2,2025-02-12,2025-02-12,PL-GDN-01,C013415,VM-APP-0002,2,439.99,0.0,PLN
SO-2025-001234,1,2025-02-12,2025-02-14,PL-WEB-01,C011897,VM-APP-0002,2,439.99,0.0,PLN
SO-2025-001234,2,2025-02-12,2025-02-14,PL-WEB-01,C011897,VM-BIK-0019,1,1209.99,0.0,PLN
SO-2025-001235,1,2025-02-12,2025-02-15,PL-WEB-01,C001782,VM-APP-0013,1,439.99,0.0,PLN
SO-2025-001236,1,2025-02-12,2025-02-14,PL-WEB-01,C011190,VM-CMP-0016,2,2459.99,0.05,PLN
SO-2025-001237,1,2025-02-12,2025-02-15,PL-WEB-01,C013416,VM-CMP-0009,1,349.99,0.0,PLN
SO-2025-001238,1,2025-02-12,2025-02-14,PL-WEB-01,C010203,VM-BIK-0012,1,11809.99,0.05,PLN
SO-2025-001239,1,2025-02-12,2025-02-15,PL-MKT-01,C005165,VM-APP-0006,1,309.99,0.0,PLN
SO-2025-001239,2,2025-02-12,2025-02-15,PL-MKT-01,C005165,VM-NUT-0002,9,14.99,0.0,PLN
SO-2025-001240,1,2025-02-12,2025-02-13,PL-MKT-01,C009727,VM-EBK-0006,1,20139.99,0.0,PLN
SO-2025-001240,2,2025-02-12,2025-02-13,PL-MKT-01,C009727,VM-ACC-0002,2,609.99,0.0,PLN
SO-2025-001240,3,2025-02-12,2025-02-13,PL-MKT-01,C009727,VM-APP-0002,1,439.99,0.0,PLN
SO-2025-001240,4,2025-02-12,2025-02-13,PL-MKT-01,C009727,VM-ACC-0019,1,49.99,0.0,PLN
SO-2025-001241,1,2025-02-12,2025-02-14,PL-MKT-01,C013417,VM-APP-0002,2,439.99,0.05,PLN
SO-2025-001242,1,2025-02-12,2025-02-12,CZ-PRG-01,C013418,VM-CMP-0017,1,2880.0,0.0,CZK
SO-2025-001243,1,2025-02-12,2025-02-12,CZ-BRN-01,C006854,VM-EBK-0007,1,84677.0,0.0,CZK
SO-2025-001244,1,2025-02-13,2025-02-13,PL-WAW-01,,VM-BIK-0012,1,11809.99,0.0,PLN
SO-2025-001244,2,2025-02-13,2025-02-13,PL-WAW-01,,VM-APP-0002,2,439.99,0.0,PLN
SO-2025-001245,1,2025-02-13,2025-02-13,PL-WAW-01,,VM-ACC-0023,1,929.99,0.0,PLN
SO-2025-001245,2,2025-02-13,2025-02-13,PL-WAW-01,,VM-ACC-0018,3,49.99,0.1,PLN
SO-2025-001245,3,2025-02-13,2025-02-13,PL-WAW-01,,VM-CMP-0008,1,439.99,0.0,PLN
SO-2025-001246,1,2025-02-13,2025-02-13,PL-WAW-02,C007459,VM-APP-0003,2,309.99,0.0,PLN
SO-2025-001247,1,2025-02-13,2025-02-13,PL-WAW-02,,VM-EBK-0004,1,11079.99,0.0,PLN
SO-2025-001248,1,2025-02-13,2025-02-13,PL-KRK-01,,VM-APP-0018,2,129.99,0.0,PLN
SO-2025-001248,2,2025-02-13,2025-02-13,PL-KRK-01,,VM-ACC-0008,2,399.99,0.0,PLN
SO-2025-001249,1,2025-02-13,2025-02-13,PL-WRO-01,C005119,VM-BIK-0013,1,4799.99,0.0,PLN
SO-2025-001249,2,2025-02-13,2025-02-13,PL-WRO-01,C005119,VM-ACC-0007,2,359.99,0.0,PLN
SO-2025-001249,3,2025-02-13,2025-02-13,PL-WRO-01,C005119,VM-ACC-0008,1,399.99,0.0,PLN
SO-2025-001250,1,2025-02-13,2025-02-13,PL-GDN-01,C010942,VM-ACC-0020,1,809.99,0.05,PLN
SO-2025-001251,1,2025-02-13,2025-02-13,PL-GDN-01,,VM-APP-0010,1,169.99,0.0,PLN
SO-2025-001252,1,2025-02-13,2025-02-13,PL-POZ-01,C011395,VM-CMP-0013,2,529.99,0.05,PLN
SO-2025-001252,2,2025-02-13,2025-02-13,PL-POZ-01,C011395,VM-APP-0005,1,179.99,0.05,PLN
SO-2025-001252,3,2025-02-13,2025-02-13,PL-POZ-01,C011395, VM-BIK-0004 ,1,4269.99,0.05,PLN
SO-2025-001253,1,2025-02-13,2025-02-15,PL-WEB-01,C008286,VM-EBK-0006,1,20139.99,0.0,PLN
SO-2025-001253,2,2025-02-13,2025-02-15,PL-WEB-01,C008286,VM-APP-0010,1,169.99,0.0,PLN
SO-2025-001253,3,2025-02-13,2025-02-15,PL-WEB-01,C008286,VM-ACC-0014,1,109.99,0.0,PLN
SO-2025-001254,1,2025-02-13,2025-02-16,PL-WEB-01,C013419,VM-APP-0005,3,179.99,0.0,PLN
SO-2025-001254,2,2025-02-13,2025-02-16,PL-WEB-01,C013419,VM-NUT-0006,9,9.99,0.0,PLN
SO-2025-001254,3,2025-02-13,2025-02-16,PL-WEB-01,C013419,VM-ACC-0008,2,399.99,0.0,PLN
SO-2025-001255,1,2025-02-13,2025-02-17,PL-WEB-01,C013420,VM-APP-0020,2,179.99,0.0,PLN
SO-2025-001255,2,2025-02-13,2025-02-17,PL-WEB-01,C013420,VM-ACC-0019,1,49.99,0.0,PLN
SO-2025-001255,3,2025-02-13,2025-02-17,PL-WEB-01,C013420,VM-NUT-0001,7,8.99,0.0,PLN
SO-2025-001255,4,2025-02-13,2025-02-17,PL-WEB-01,C013420,VM-CMP-0005,1,1479.99,0.0,PLN
SO-2025-001256,1,2025-02-13,2025-02-15,PL-MKT-01,C013421,VM-ACC-0020,1,809.99,0.05,PLN
SO-2025-001256,2,2025-02-13,2025-02-15,PL-MKT-01,C013421,VM-NUT-0001,13,8.99,0.05,PLN
SO-2025-001257,1,2025-02-13,2025-02-16,PL-MKT-01,C006693,VM-BIK-0007,5,7049.99,0.08,PLN
SO-2025-001257,2,2025-02-13,2025-02-16,PL-MKT-01,C006693,VM-BIK-0009,4,5639.99,0.08,PLN
SO-2025-001258,1,2025-02-13,2025-02-13,CZ-PRG-01,C011905,VM-CMP-0005,1,8525.0,0.05,CZK
SO-2025-001258,2,2025-02-13,2025-02-13,CZ-PRG-01,C011905,VM-ACC-0001,1,2189.0,0.0,CZK
SO-2025-001258,3,2025-02-13,2025-02-13,CZ-PRG-01,C011905,VM-EBK-0011,1,84332.0,0.0,CZK
SO-2025-001258,4,2025-02-13,2025-02-13,CZ-PRG-01,C011905,VM-BIK-0001,1,78859.0,0.0,CZK
SO-2025-001259,1,2025-02-13,2025-02-13,CZ-BRN-01,,VM-NUT-0009,4,490.0,0.0,CZK
SO-2025-001259,2,2025-02-13,2025-02-13,CZ-BRN-01,,VM-ACC-0008,2,2304.0,0.0,CZK
SO-2025-001260,1,2025-02-13,2025-02-13,CZ-BRN-01,C012671,VM-EBK-0004,1,63825.0,0.0,CZK
SO-2025-001260,2,2025-02-13,2025-02-13,CZ-BRN-01,C012671,VM-ACC-0017,1,334.0,0.0,CZK
SO-2025-001261,1,2025-02-13,2025-02-13,CZ-BRN-01,C011078,VM-ACC-0008,1,2304.0,0.0,CZK
SO-2025-001261,2,2025-02-13,2025-02-13,CZ-BRN-01,C011078, VM-CMP-0001 ,1,2304.0,0.0,CZK
SO-2025-001262,1,2025-02-13,2025-02-17,CZ-WEB-01,C008950,VM-CMP-0019,1,1210.0,0.0,CZK
SO-2025-001262,2,2025-02-13,2025-02-17,CZ-WEB-01,C008950,VM-APP-0003,3,1786.0,0.0,CZK
SO-2025-001263,1,2025-02-13,2025-02-16,CZ-WEB-01,C000536,VM-NUT-0002,9,86.0,0.12,CZK
SO-2025-001264,1,2025-02-13,2025-02-13,DE-BER-01,,VM-NUT-0002,7,3.51,0.0,EUR
SO-2025-001265,1,2025-02-13,2025-02-14,DE-WEB-01,C010010,VM-ACC-0004,1,182.44,0.05,EUR
SO-2025-001266,1,2025-02-13,2025-02-14,DE-WEB-01,C011149,VM-BIK-0021,4,292.37,0.1,EUR
SO-2025-001266,2,2025-02-13,2025-02-14,DE-WEB-01,C011149,VM-BIK-0022,5,327.45,0.12,EUR
SO-2025-001267,1,2025-02-13,2025-02-17,DE-WEB-01,C013422,VM-NUT-0009,4,19.88,0.0,EUR
SO-2025-001268,1,2025-02-13,2025-02-15,DE-WEB-01,C007034,VM-ACC-0008,1,93.56,0.05,EUR
SO-2025-001269,1,2025-02-14,2025-02-14,PL-WAW-01,C013423,VM-APP-0004,2,239.99,0.0,PLN
SO-2025-001269,2,2025-02-14,2025-02-14,PL-WAW-01,C013423,VM-BIK-0007,1,7049.99,0.0,PLN
SO-2025-001269,3,2025-02-14,2025-02-14,PL-WAW-01,C013423,VM-APP-0011,2,409.99,0.0,PLN
SO-2025-001270,1,2025-02-14,2025-02-14,PL-WAW-01,,VM-CMP-0008,2,439.99,0.0,PLN
SO-2025-001271,1,2025-02-14,2025-02-14,PL-WAW-01,C006303,VM-EBK-0008,1,15099.99,0.0,PLN
SO-2025-001272,1,2025-02-14,2025-02-14,PL-WAW-01,C012596,VM-CMP-0002,1,559.99,0.0,PLN
SO-2025-001272,2,2025-02-14,2025-02-14,PL-WAW-01,C012596,VM-APP-0006,1,309.99,0.0,PLN
SO-2025-001273,1,2025-02-14,2025-02-14,PL-WAW-02,,VM-ACC-0020,1,809.99,0.0,PLN
SO-2025-001274,1,2025-02-14,2025-02-14,PL-WAW-02,C013041,VM-BIK-0009,4,5639.99,0.08,PLN
SO-2025-001275,1,2025-02-14,2025-02-14,PL-KRK-01,C004737,VM-APP-0007,1,159.99,0.0,PLN
SO-2025-001275,2,2025-02-14,2025-02-14,PL-KRK-01,C004737,VM-CMP-0019,4,209.99,0.0,PLN
SO-2025-001276,1,2025-02-14,2025-02-14,PL-KRK-01,C010650,VM-CMP-0013,1,529.99,0.0,PLN
SO-2025-001277,1,2025-02-14,2025-02-14,PL-KRK-01,C013424,VM-NUT-0002,7,14.99,0.0,PLN
SO-2025-001278,1,2025-02-14,2025-02-14,PL-WRO-01,,VM-ACC-0008,2,399.99,0.0,PLN
SO-2025-001278,2,2025-02-14,2025-02-14,PL-WRO-01,,VM-APP-0008,1,159.99,0.0,PLN
SO-2025-001278,3,2025-02-14,2025-02-14,PL-WRO-01,,vm-cmp-0006,1,199.99,0.0,PLN
SO-2025-001279,1,2025-02-14,2025-02-14,PL-WRO-01,C002508,VM-ACC-0008,2,399.99,0.0,PLN
SO-2025-001279,2,2025-02-14,2025-02-14,PL-WRO-01,C002508,VM-APP-0009,2,349.99,0.0,PLN
SO-2025-001279,3,2025-02-14,2025-02-14,PL-WRO-01,C002508,VM-APP-0005,1,179.99,0.0,PLN
SO-2025-001280,1,2025-02-14,2025-02-14,PL-GDN-01,C013425,VM-APP-0019,1,65.99,0.0,PLN
SO-2025-001280,2,2025-02-14,2025-02-14,PL-GDN-01,C013425,VM-CMP-0014,2,429.99,0.0,PLN
SO-2025-001281,1,2025-02-14,2025-02-14,PL-POZ-01,C010178,VM-BIK-0019,1,1209.99,0.0,PLN
SO-2025-001282,1,2025-02-14,2025-02-14,PL-LDZ-01,,VM-CMP-0005,2,1479.99,0.0,PLN
SO-2025-001283,1,2025-02-14,2025-02-15,PL-WEB-01,C004751,VM-ACC-0003,1,289.99,0.05,PLN
SO-2025-001283,2,2025-02-14,2025-02-15,PL-WEB-01,C004751,VM-CMP-0017,1,499.99,0.05,PLN
SO-2025-001284,1,2025-02-14,2025-02-15,PL-WEB-01,C013426,VM-NUT-0011,2,53.99,0.1,PLN
SO-2025-001284,2,2025-02-14,2025-02-15,PL-WEB-01,C013426,VM-BIK-0013,1,4799.99,0.0,PLN
SO-2025-001285,1,2025-02-14,2025-02-14,CZ-PRG-01,,VM-ACC-0008,1,2304.0,0.1,CZK
SO-2025-001285,2,2025-02-14,2025-02-14,CZ-PRG-01,,VM-APP-0002,3,2535.0,0.0,CZK
SO-2025-001285,3,2025-02-14,2025-02-14,CZ-PRG-01,,VM-ACC-0014,1,634.0,0.0,CZK
SO-2025-001286,1,2025-02-14,2025-02-14,CZ-PRG-01,,VM-ACC-0018,2,288.0,0.0,CZK
SO-2025-001287,1,2025-02-14,2025-02-14,CZ-PRG-01,,VM-ACC-0002,2,3514.0,0.0,CZK
SO-2025-001287,2,2025-02-14,2025-02-14,CZ-PRG-01,,VM-APP-0010,2,979.0,0.0,CZK
SO-2025-001287,3,2025-02-14,2025-02-14,CZ-PRG-01,,VM-APP-0002,2,2535.0,0.0,CZK
SO-2025-001288,1,2025-02-14,2025-02-14,CZ-PRG-01,C013427,VM-BIK-0020,1,6970.0,0.0,CZK
SO-2025-001288,2,2025-02-14,2025-02-14,CZ-PRG-01,C013427,VM-ACC-0008,2,2304.0,0.0,CZK
SO-2025-001288,3,2025-02-14,2025-02-14,CZ-PRG-01,C013427,VM-ACC-0018,2,288.0,0.0,CZK
SO-2025-001288,4,2025-02-14,2025-02-14,CZ-PRG-01,C013427,VM-ACC-0001,2,2189.0,0.0,CZK
SO-2025-001289,1,2025-02-14,2025-02-14,CZ-BRN-01,C009801,VM-CMP-0017,2,2880.0,0.0,CZK
SO-2025-001290,1,2025-02-14,2025-02-16,CZ-WEB-01,C013428,VM-CMP-0017,2,2880.0,0.0,CZK
SO-2025-001290,2,2025-02-14,2025-02-16,CZ-WEB-01,C013428,VM-ACC-0003,1,1670.0,0.0,CZK
SO-2025-001291,1,2025-02-14,2025-02-15,CZ-WEB-01,C013429,VM-CMP-0017,2,2880.0,0.0,CZK
SO-2025-001292,1,2025-02-14,2025-02-18,CZ-WEB-01,C013430,VM-CMP-0004,2,4147.0,0.05,CZK
SO-2025-001293,1,2025-02-14,2025-02-16,CZ-WEB-01,C011771,VM-BIK-0016,1,20680.0,0.05,CZK
SO-2025-001293,2,2025-02-14,2025-02-16,CZ-WEB-01,C011771,VM-ACC-0011,2,415.0,0.05,CZK
SO-2025-001294,1,2025-02-14,2025-02-14,DE-BER-01,C013431,VM-APP-0003,1,72.51,0.0,EUR
SO-2025-001295,1,2025-02-14,2025-02-14,DE-BER-01,,VM-CMP-0002,2,130.98,0.0,EUR
SO-2025-001295,2,2025-02-14,2025-02-14,DE-BER-01,,VM-CMP-0008,2,102.91,0.0,EUR
SO-2025-001296,1,2025-02-14,2025-02-18,DE-WEB-01,C001224,VM-CMP-0010,1,91.22,0.05,EUR
SO-2025-001296,2,2025-02-14,2025-02-18,DE-WEB-01,C001224,VM-ACC-0011,1,16.84,0.05,EUR
SO-2025-001297,1,2025-02-14,2025-02-16,DE-WEB-01,C010201,VM-ACC-0008,1,93.56,0.0,EUR
SO-2025-001298,1,2025-02-14,2025-02-15,DE-WEB-01,C011985,VM-NUT-0007,4,3.04,0.0,EUR
SO-2025-001299,1,2025-02-14,2025-02-18,DE-WEB-01,C012578,VM-CMP-0020,2,60.81,0.0,EUR
SO-2025-001300,1,2025-02-14,2025-02-17,DE-WEB-01,C004223,VM-EBK-0011,1,3424.24,0.05,EUR
SO-2025-001301,1,2025-02-14,2025-02-16,DE-WEB-01,C009750,vm-cmp-0019,3,49.12,0.0,EUR
SO-2025-001301,2,2025-02-14,2025-02-16,DE-WEB-01,C009750,VM-ACC-0013,1,39.76,0.0,EUR
SO-2025-001301,3,2025-02-14,2025-02-16,DE-WEB-01,C009750,VM-ACC-0018,1,11.69,0.0,EUR
SO-2025-001301,4,2025-02-14,2025-02-16,DE-WEB-01,C009750,VM-CMP-0013,2,123.96,0.0,EUR
SO-2025-001302,1,2025-02-15,2025-02-15,PL-WAW-01,,VM-APP-0010,1,169.99,0.0,PLN
SO-2025-001302,2,2025-02-15,2025-02-15,PL-WAW-01,,VM-CMP-0014,1,429.99,0.1,PLN
SO-2025-001302,3,2025-02-15,2025-02-15,PL-WAW-01,,VM-CMP-0017,2,499.99,0.0,PLN
SO-2025-001302,4,2025-02-15,2025-02-15,PL-WAW-01,,VM-NUT-0004,5,6.99,0.0,PLN
SO-2025-001303,1,2025-02-15,2025-02-15,PL-WAW-01,C011550,VM-BIK-0001,1,13689.99,0.0,PLN
SO-2025-001304,1,2025-02-15,2025-02-15,PL-WAW-01,C013432,VM-APP-0018,1,129.99,0.0,PLN
SO-2025-001305,1,2025-02-15,2025-02-15,PL-WAW-01,C013433,VM-CMP-0013,1,529.99,0.0,PLN
SO-2025-001305,2,2025-02-15,2025-02-15,PL-WAW-01,C013433,VM-CMP-0009,1,349.99,0.0,PLN
SO-2025-001306,1,2025-02-15,2025-02-15,PL-WAW-01,C012121,VM-NUT-0009,3,84.99,0.0,PLN
SO-2025-001306,2,2025-02-15,2025-02-15,PL-WAW-01,C012121,VM-ACC-0008,2,399.99,0.0,PLN
SO-2025-001306,3,2025-02-15,2025-02-15,PL-WAW-01,C012121,VM-CMP-0013,2,529.99,0.0,PLN
SO-2025-001306,4,2025-02-15,2025-02-15,PL-WAW-01,C012121,VM-APP-0002,1,439.99,0.0,PLN
SO-2025-001307,1,2025-02-15,2025-02-15,PL-WAW-01,,VM-BIK-0001,1,13689.99,0.0,PLN
SO-2025-001307,2,2025-02-15,2025-02-15,PL-WAW-01,,VM-ACC-0003,2,289.99,0.0,PLN
SO-2025-001308,1,2025-02-15,2025-02-15,PL-WAW-02,C010744,VM-BIK-0013,1,4799.99,0.0,PLN
SO-2025-001309,1,2025-02-15,2025-02-15,PL-WAW-02,C012227,VM-CMP-0021,3,47.99,0.0,PLN
SO-2025-001310,1,2025-02-15,2025-02-15,PL-KRK-01,C013434,VM-NUT-0009,5,84.99,0.1,PLN
SO-2025-001311,1,2025-02-15,2025-02-15,PL-KRK-01,C004985,VM-NUT-0004,20,6.99,0.08,PLN
SO-2025-001312,1,2025-02-15,2025-02-15,PL-WRO-01,C013435,VM-CMP-0017,1,499.99,0.0,PLN
SO-2025-001313,1,2025-02-15,2025-02-15,PL-WRO-01,,VM-ACC-0014,1,109.99,0.0,PLN
SO-2025-001313,2,2025-02-15,2025-02-15,PL-WRO-01,,VM-EBK-0008,1,15099.99,0.0,PLN
SO-2025-001313,3,2025-02-15,2025-02-15,PL-WRO-01,,VM-NUT-0006,4,9.99,0.0,PLN
SO-2025-001314,1,2025-02-15,2025-02-15,PL-GDN-01,C013436,VM-NUT-0004,10,6.99,0.05,PLN
SO-2025-001315,1,2025-02-15,2025-02-15,PL-GDN-01,C013437,VM-APP-0019,2,65.99,0.0,PLN
SO-2025-001315,2,2025-02-15,2025-02-15,PL-GDN-01,C013437,VM-APP-0006,1,309.99,0.0,PLN
SO-2025-001315,3,2025-02-15,2025-02-15,PL-GDN-01,C013437,VM-NUT-0001,3,8.99,0.0,PLN
SO-2025-001316,1,2025-02-15,2025-02-15,PL-POZ-01,C012055,VM-ACC-0014,1,109.99,0.05,PLN
SO-2025-001316,2,2025-02-15,2025-02-15,PL-POZ-01,C012055,VM-APP-0009,2,349.99,0.05,PLN
SO-2025-001316,3,2025-02-15,2025-02-15,PL-POZ-01,C012055,VM-APP-0010,2,169.99,0.05,PLN
SO-2025-001317,1,2025-02-15,2025-02-15,PL-LDZ-01,C011046,VM-NUT-0004,13,6.99,0.0,PLN
SO-2025-001317,2,2025-02-15,2025-02-15,PL-LDZ-01,C011046,VM-APP-0008,1,159.99,0.05,PLN
SO-2025-001317,3,2025-02-15,2025-02-15,PL-LDZ-01,C011046,VM-CMP-0015,1,919.99,0.0,PLN
SO-2025-001318,1,2025-02-15,2025-02-15,PL-LDZ-01,C005278,VM-CMP-0001,1,399.99,0.0,PLN
SO-2025-001318,2,2025-02-15,2025-02-15,PL-LDZ-01,C005278,VM-CMP-0005,1,1479.99,0.0,PLN
SO-2025-001319,1,2025-02-15,2025-02-18,PL-WEB-01,C013438,VM-ACC-0008,1,399.99,0.05,PLN
SO-2025-001320,1,2025-02-15,2025-02-18,PL-WEB-01,C013439,VM-ACC-0014,1,109.99,0.0,PLN
SO-2025-001321,1,2025-02-15,2025-02-19,PL-MKT-01,C006994,VM-APP-0007,2,159.99,0.0,PLN
SO-2025-001321,2,2025-02-15,2025-02-19,PL-MKT-01,C006994,VM-ACC-0008,2,399.99,0.0,PLN
SO-2025-001321,3,2025-02-15,2025-02-19,PL-MKT-01,C006994,VM-CMP-0023,4,58.99,0.0,PLN
SO-2025-001322,1,2025-02-15,2025-02-18,PL-MKT-01,C013440,VM-ACC-0014,1,109.99,0.0,PLN
SO-2025-001322,2,2025-02-15,2025-02-18,PL-MKT-01,C013440,VM-CMP-0012,1,539.99,0.0,PLN
SO-2025-001322,3,2025-02-15,2025-02-18,PL-MKT-01,C013440,VM-ACC-0008,1,399.99,0.0,PLN
SO-2025-001323,1,2025-02-15,2025-02-17,PL-MKT-01,C004771,VM-ACC-0008,1,399.99,0.0,PLN
SO-2025-001324,1,2025-02-15,2025-02-19,PL-MKT-01,C011764,VM-CMP-0012,1,539.99,0.05,PLN
SO-2025-001325,1,2025-02-15,2025-02-16,PL-MKT-01,C004274,VM-ACC-0003,2,289.99,0.0,PLN
SO-2025-001325,2,2025-02-15,2025-02-16,PL-MKT-01,C004274,VM-ACC-0002,1,609.99,0.0,PLN
SO-2025-001326,1,2025-02-15,2025-02-15,CZ-PRG-01,C011773,VM-ACC-0013,1,979.0,0.05,CZK
SO-2025-001327,1,2025-02-15,2025-02-15,CZ-PRG-01,C012648,VM-ACC-0014,1,634.0,0.0,CZK
SO-2025-001328,1,2025-02-15,2025-02-15,CZ-PRG-01,C011716,VM-APP-0005,1,1037.0,0.0,CZK
SO-2025-001329,1,2025-02-15,2025-02-15,CZ-PRG-01,C013441,VM-ACC-0022,1,9044.0,0.0,CZK
SO-2025-001330,1,2025-02-15,2025-02-15,CZ-BRN-01,C005854,VM-CMP-0021,15,276.0,0.12,CZK
SO-2025-001331,1,2025-02-15,2025-02-16,CZ-WEB-01,C013442,VM-CMP-0016,2,14170.0,0.0,CZK
SO-2025-001331,2,2025-02-15,2025-02-16,CZ-WEB-01,C013442,VM-ACC-0008,1,2304.0,0.0,CZK
SO-2025-001331,3,2025-02-15,2025-02-16,CZ-WEB-01,C013442,VM-ACC-0021,1,4493.0,0.0,CZK
SO-2025-001331,4,2025-02-15,2025-02-16,CZ-WEB-01,C013442,vm-cmp-0005,1,8525.0,0.0,CZK
SO-2025-001332,1,2025-02-15,2025-02-19,CZ-WEB-01,C012065,VM-ACC-0003,2,1670.0,0.0,CZK
SO-2025-001332,2,2025-02-15,2025-02-19,CZ-WEB-01,C012065,VM-BIK-0020,1,6970.0,0.0,CZK
SO-2025-001333,1,2025-02-15,2025-02-19,CZ-WEB-01,C013443,VM-NUT-0009,2,490.0,0.05,CZK
SO-2025-001334,1,2025-02-15,2025-02-19,CZ-WEB-01,C013444,VM-APP-0019,2,380.0,0.0,CZK
SO-2025-001334,2,2025-02-15,2025-02-19,CZ-WEB-01,C013444,VM-APP-0005,3,1037.0,0.0,CZK
SO-2025-001334,3,2025-02-15,2025-02-19,CZ-WEB-01,C013444,VM-NUT-0009,2,490.0,0.0,CZK
SO-2025-001335,1,2025-02-15,2025-02-15,DE-BER-01,,VM-APP-0007,2,37.42,0.0,EUR
SO-2025-001336,1,2025-02-15,2025-02-15,DE-BER-01,C013017,VM-APP-0008,2,37.42,0.0,EUR
SO-2025-001336,2,2025-02-15,2025-02-15,DE-BER-01,C013017,VM-CMP-0022,4,8.42,0.0,EUR
SO-2025-001337,1,2025-02-15,2025-02-15,DE-BER-01,C011626,VM-NUT-0006,7,2.34,0.0,EUR
SO-2025-001338,1,2025-02-15,2025-02-15,DE-BER-01,,VM-ACC-0023,1,217.52,0.0,EUR
SO-2025-001339,1,2025-02-15,2025-02-19,DE-WEB-01,C011814,VM-ACC-0010,2,58.47,0.0,EUR
SO-2025-001339,2,2025-02-15,2025-02-19,DE-WEB-01,C011814,vm-app-0012,1,203.49,0.0,EUR
SO-2025-001339,3,2025-02-15,2025-02-19,DE-WEB-01,C011814,VM-ACC-0019,2,11.69,0.0,EUR
SO-2025-001340,1,2025-02-15,2025-02-17,DE-WEB-01,C010424,VM-ACC-0008,1,93.56,0.0,EUR
SO-2025-001341,1,2025-02-15,2025-02-16,DE-WEB-01,C008872,VM-APP-0004,3,56.13,0.0,EUR
SO-2025-001341,2,2025-02-15,2025-02-16,DE-WEB-01,C008872,VM-CMP-0021,4,11.22,0.0,EUR
SO-2025-001341,3,2025-02-15,2025-02-16,DE-WEB-01,C008872,VM-APP-0005,1,42.1,0.0,EUR
SO-2025-001342,1,2025-02-15,2025-02-16,DE-WEB-01,C013445,VM-NUT-0002,14,3.51,0.0,EUR
SO-2025-001342,2,2025-02-15,2025-02-16,DE-WEB-01,C013445,VM-APP-0011,1,95.9,0.0,EUR
SO-2025-001343,1,2025-02-16,2025-02-20,PL-WEB-01,C013446,VM-NUT-0011,3,53.99,0.0,PLN
SO-2025-001343,2,2025-02-16,2025-02-20,PL-WEB-01,C013446,VM-APP-0002,3,439.99,0.0,PLN
SO-2025-001343,3,2025-02-16,2025-02-20,PL-WEB-01,C013446,VM-NUT-0006,3,9.99,0.0,PLN
SO-2025-001344,1,2025-02-16,2025-02-20,PL-WEB-01,C004853,VM-CMP-0013,2,529.99,0.0,PLN
SO-2025-001345,1,2025-02-16,2025-02-17,PL-WEB-01,C010398,VM-NUT-0004,5,6.99,0.0,PLN
SO-2025-001345,2,2025-02-16,2025-02-17,PL-WEB-01,C010398,VM-APP-0005,1,179.99,0.05,PLN
SO-2025-001346,1,2025-02-16,2025-02-19,PL-WEB-01,C008342,VM-CMP-0017,2,499.99,0.05,PLN
SO-2025-001346,2,2025-02-16,2025-02-19,PL-WEB-01,C008342,VM-ACC-0007,2,359.99,0.05,PLN
SO-2025-001347,1,2025-02-16,2025-02-19,PL-WEB-01,C011481,VM-ACC-0003,2,289.99,0.0,PLN
SO-2025-001347,2,2025-02-16,2025-02-19,PL-WEB-01,C011481,VM-BIK-0007,1,7049.99,0.0,PLN
SO-2025-001348,1,2025-02-16,2025-02-17,PL-WEB-01,C013447,VM-BIK-0017,1,1909.99,0.0,PLN
SO-2025-001348,2,2025-02-16,2025-02-17,PL-WEB-01,C013447,VM-ACC-0018,1,49.99,0.0,PLN
SO-2025-001348,3,2025-02-16,2025-02-17,PL-WEB-01,C013447,VM-ACC-0008,1,399.99,0.0,PLN
SO-2025-001349,1,2025-02-16,2025-02-17,PL-WEB-01,C008519,VM-BIK-0016,1,3589.99,0.0,PLN
SO-2025-001350,1,2025-02-16,2025-02-19,PL-WEB-01,C013448,VM-ACC-0014,1,109.99,0.0,PLN
SO-2025-001351,1,2025-02-16,2025-02-17,PL-MKT-01,C013449,VM-NUT-0001,9,8.99,0.0,PLN
SO-2025-001352,1,2025-02-16,2025-02-17,PL-MKT-01,C006283,VM-CMP-0006,2,199.99,0.0,PLN
SO-2025-001352,2,2025-02-16,2025-02-17,PL-MKT-01,C006283,VM-CMP-0013,2,529.99,0.0,PLN
SO-2025-001352,3,2025-02-16,2025-02-17,PL-MKT-01,C006283,VM-CMP-0022,4,35.99,0.0,PLN
SO-2025-001352,4,2025-02-16,2025-02-17,PL-MKT-01,C006283,VM-ACC-0006,2,949.99,0.0,PLN
SO-2025-001353,1,2025-02-16,2025-02-20,PL-MKT-01,C013450,VM-APP-0003,3,309.99,0.0,PLN
SO-2025-001354,1,2025-02-16,2025-02-19,PL-MKT-01,C010412,VM-NUT-0002,6,14.99,0.0,PLN
SO-2025-001355,1,2025-02-16,2025-02-16,CZ-PRG-01,,VM-ACC-0021,1,4493.0,0.0,CZK
SO-2025-001356,1,2025-02-16,2025-02-16,CZ-BRN-01,C007823,VM-BIK-0009,1,32488.0,0.0,CZK
SO-2025-001356,2,2025-02-16,2025-02-16,CZ-BRN-01,C007823,VM-ACC-0008,2,2304.0,0.0,CZK
SO-2025-001357,1,2025-02-16,2025-02-16,CZ-BRN-01,C006357,VM-APP-0010,1,979.0,0.05,CZK
SO-2025-001358,1,2025-02-16,2025-02-16,CZ-BRN-01,C005738,VM-APP-0013,1,2535.0,0.0,CZK
SO-2025-001358,2,2025-02-16,2025-02-16,CZ-BRN-01,C005738,VM-ACC-0006,2,5472.0,0.05,CZK
SO-2025-001358,3,2025-02-16,2025-02-16,CZ-BRN-01,C005738,VM-ACC-0008,1,2304.0,0.0,CZK
SO-2025-001358,4,2025-02-16,2025-02-16,CZ-BRN-01,C005738, VM-NUT-0007 ,7,75.0,0.0,CZK
SO-2025-001359,1,2025-02-16,2025-02-19,CZ-WEB-01,C011535,VM-ACC-0001,1,2189.0,0.0,CZK
SO-2025-001360,1,2025-02-16,2025-02-20,CZ-WEB-01,C013451, VM-CMP-0006 ,1,1152.0,0.0,CZK
SO-2025-001361,1,2025-02-16,2025-02-17,DE-WEB-01,C007073,VM-ACC-0010,1,58.47,0.0,EUR
SO-2025-001361,2,2025-02-16,2025-02-17,DE-WEB-01,C007073,VM-CMP-0011,2,37.42,0.0,EUR
SO-2025-001361,3,2025-02-16,2025-02-17,DE-WEB-01,C007073,VM-NUT-0004,7,1.63,0.0,EUR
SO-2025-001362,1,2025-02-16,2025-02-18,DE-WEB-01,C013452,vm-acc-0004,2,182.44,0.0,EUR
SO-2025-001363,1,2025-02-16,2025-02-20,DE-WEB-01,C013453,VM-BIK-0020,1,283.01,0.0,EUR
SO-2025-001364,1,2025-02-16,2025-02-20,DE-WEB-01,C008334,vm-nut-0004,35,1.63,0.12,EUR
SO-2025-001365,1,2025-02-17,2025-02-17,PL-WAW-01,C013454,vm-bik-0012,2,11809.99,0.12,PLN
SO-2025-001365,2,2025-02-17,2025-02-17,PL-WAW-01,C013454,VM-CMP-0006,5,199.99,0.08,PLN
SO-2025-001365,3,2025-02-17,2025-02-17,PL-WAW-01,C013454,VM-BIK-0017,2,1909.99,0.1,PLN
SO-2025-001366,1,2025-02-17,2025-02-17,PL-WAW-01,C012521,VM-BIK-0020,4,1209.99,0.12,PLN
SO-2025-001366,2,2025-02-17,2025-02-17,PL-WAW-01,C012521,VM-ACC-0005,6,179.99,0.1,PLN
SO-2025-001367,1,2025-02-17,2025-02-17,PL-WAW-01,,VM-BIK-0017,1,1909.99,0.0,PLN
SO-2025-001368,1,2025-02-17,2025-02-17,PL-WAW-02,,VM-APP-0010,2,169.99,0.0,PLN
SO-2025-001369,1,2025-02-17,2025-02-17,PL-WAW-02,C004467,VM-APP-0005,1,179.99,0.0,PLN
SO-2025-001370,1,2025-02-17,2025-02-17,PL-KRK-01,,VM-ACC-0017,1,57.99,0.0,PLN
SO-2025-001370,2,2025-02-17,2025-02-17,PL-KRK-01,,VM-ACC-0014,1,109.99,0.0,PLN
SO-2025-001371,1,2025-02-17,2025-02-17,PL-KRK-01,C013455,VM-NUT-0002,12,14.99,0.0,PLN
SO-2025-001371,2,2025-02-17,2025-02-17,PL-KRK-01,C013455,VM-APP-0017,1,189.99,0.0,PLN
SO-2025-001371,3,2025-02-17,2025-02-17,PL-KRK-01,C013455,VM-NUT-0007,6,12.99,0.0,PLN
SO-2025-001372,1,2025-02-17,2025-02-17,PL-KRK-01,C003024,VM-NUT-0004,12,6.99,0.0,PLN
SO-2025-001372,2,2025-02-17,2025-02-17,PL-KRK-01,C003024,VM-NUT-0001,13,8.99,0.0,PLN
SO-2025-001373,1,2025-02-17,2025-02-17,PL-KRK-01,C010910,VM-NUT-0007,6,12.99,0.05,PLN
SO-2025-001373,2,2025-02-17,2025-02-17,PL-KRK-01,C010910,VM-EBK-0007,1,14699.99,0.05,PLN
SO-2025-001373,3,2025-02-17,2025-02-17,PL-KRK-01,C010910,VM-CMP-0006,1,199.99,0.05,PLN
SO-2025-001374,1,2025-02-17,2025-02-17,PL-KRK-01,,VM-EBK-0008,1,15099.99,0.0,PLN
SO-2025-001374,2,2025-02-17,2025-02-17,PL-KRK-01,,VM-CMP-0004,1,719.99,0.0,PLN
SO-2025-001374,3,2025-02-17,2025-02-17,PL-KRK-01,,VM-ACC-0008,2,399.99,0.0,PLN
SO-2025-001374,4,2025-02-17,2025-02-17,PL-KRK-01,,VM-ACC-0007,1,359.99,0.0,PLN
SO-2025-001375,1,2025-02-17,2025-02-17,PL-WRO-01,,VM-CMP-0006,1,199.99,0.0,PLN
SO-2025-001376,1,2025-02-17,2025-02-17,PL-WRO-01,C013456,VM-APP-0019,1,65.99,0.0,PLN
SO-2025-001376,2,2025-02-17,2025-02-17,PL-WRO-01,C013456,VM-APP-0010,1,169.99,0.0,PLN
SO-2025-001376,3,2025-02-17,2025-02-17,PL-WRO-01,C013456,VM-BIK-0011,1,8649.99,0.0,PLN
SO-2025-001377,1,2025-02-17,2025-02-17,PL-GDN-01,C008658,VM-NUT-0007,3,12.99,0.0,PLN
SO-2025-001378,1,2025-02-17,2025-02-18,PL-WEB-01,C013457,vm-cmp-0020,1,259.99,0.05,PLN
SO-2025-001379,1,2025-02-17,2025-02-19,PL-WEB-01,C013458,VM-APP-0012,1,869.99,0.0,PLN
SO-2025-001379,2,2025-02-17,2025-02-19,PL-WEB-01,C013458,VM-APP-0015,1,569.99,0.0,PLN
SO-2025-001379,3,2025-02-17,2025-02-19,PL-WEB-01,C013458,VM-CMP-0015,2,919.99,0.0,PLN
SO-2025-001380,1,2025-02-17,2025-02-20,PL-WEB-01,C001874,VM-ACC-0017,12,57.99,0.08,PLN
SO-2025-001380,2,2025-02-17,2025-02-20,PL-WEB-01,C001874,VM-NUT-0002,35,14.99,0.1,PLN
SO-2025-001381,1,2025-02-17,2025-02-18,PL-WEB-01,C013459,VM-APP-0008,1,159.99,0.0,PLN
SO-2025-001382,1,2025-02-17,2025-02-20,PL-WEB-01,C013460,VM-ACC-0014,1,109.99,0.05,PLN
SO-2025-001383,1,2025-02-17,2025-02-18,PL-WEB-01,C010816,VM-ACC-0019,2,49.99,0.05,PLN
SO-2025-001384,1,2025-02-17,2025-02-18,PL-WEB-01,C005355,VM-APP-0013,1,439.99,0.05,PLN
SO-2025-001384,2,2025-02-17,2025-02-18,PL-WEB-01,C005355,vm-nut-0003,5,10.99,0.05,PLN
SO-2025-001385,1,2025-02-17,2025-02-20,PL-WEB-01,C013461,VM-ACC-0008,1,399.99,0.0,PLN
SO-2025-001385,2,2025-02-17,2025-02-20,PL-WEB-01,C013461,VM-APP-0013,1,439.99,0.0,PLN
SO-2025-001386,1,2025-02-17,2025-02-21,PL-WEB-01,C002359,VM-ACC-0019,2,49.99,0.05,PLN
SO-2025-001386,2,2025-02-17,2025-02-21,PL-WEB-01,C002359,VM-CMP-0001,2,399.99,0.05,PLN
SO-2025-001386,3,2025-02-17,2025-02-21,PL-WEB-01,C002359,VM-NUT-0009,4,84.99,0.05,PLN
SO-2025-001387,1,2025-02-17,2025-02-20,PL-WEB-01,C013462,VM-ACC-0008,2,399.99,0.0,PLN
SO-2025-001388,1,2025-02-17,2025-02-21,PL-WEB-01,C012719,VM-BIK-0011,1,8649.99,0.0,PLN
SO-2025-001388,2,2025-02-17,2025-02-21,PL-WEB-01,C012719,VM-ACC-0019,1,49.99,0.0,PLN
SO-2025-001389,1,2025-02-17,2025-02-21,PL-MKT-01,C013463,VM-APP-0005,1,179.99,0.0,PLN
SO-2025-001389,2,2025-02-17,2025-02-21,PL-MKT-01,C013463,VM-CMP-0021,4,47.99,0.0,PLN
SO-2025-001390,1,2025-02-17,2025-02-19,PL-MKT-01,C013464,VM-BIK-0016,1,3589.99,0.0,PLN
SO-2025-001390,2,2025-02-17,2025-02-19,PL-MKT-01,C013464,VM-ACC-0001,2,379.99,0.0,PLN
SO-2025-001391,1,2025-02-17,2025-02-18,PL-MKT-01,C013465,vm-cmp-0017,2,499.99,0.0,PLN
SO-2025-001391,2,2025-02-17,2025-02-18,PL-MKT-01,C013465,VM-CMP-0013,2,529.99,0.0,PLN
SO-2025-001392,1,2025-02-17,2025-02-18,PL-MKT-01,C008044,VM-ACC-0007,1,359.99,0.0,PLN
SO-2025-001393,1,2025-02-17,2025-02-17,CZ-PRG-01,C013466,VM-CMP-0013,2,3053.0,0.0,CZK
SO-2025-001394,1,2025-02-17,2025-02-17,CZ-BRN-01,C013467,VM-CMP-0011,1,922.0,0.1,CZK
SO-2025-001394,2,2025-02-17,2025-02-17,CZ-BRN-01,C013467,VM-NUT-0001,6,52.0,0.0,CZK
SO-2025-001395,1,2025-02-17,2025-02-21,CZ-WEB-01,C010876,VM-ACC-0014,1,634.0,0.0,CZK
SO-2025-001395,2,2025-02-17,2025-02-21,CZ-WEB-01,C010876,VM-ACC-0002,1,3514.0,0.0,CZK
SO-2025-001395,3,2025-02-17,2025-02-21,CZ-WEB-01,C010876,VM-ACC-0008,1,2304.0,0.0,CZK
SO-2025-001396,1,2025-02-17,2025-02-17,DE-BER-01,C007035,VM-APP-0007,2,37.42,0.12,EUR
SO-2025-001396,2,2025-02-17,2025-02-17,DE-BER-01,C007035,VM-CMP-0008,4,102.91,0.1,EUR
SO-2025-001397,1,2025-02-17,2025-02-18,DE-WEB-01,C009329,VM-ACC-0008,2,93.56,0.05,EUR
SO-2025-001398,1,2025-02-18,2025-02-18,PL-WAW-01,,VM-APP-0010,1,169.99,0.0,PLN
SO-2025-001399,1,2025-02-18,2025-02-18,PL-WAW-01,,VM-CMP-0010,1,389.99,0.0,PLN
SO-2025-001399,2,2025-02-18,2025-02-18,PL-WAW-01,,VM-APP-0002,3,439.99,0.0,PLN
SO-2025-001400,1,2025-02-18,2025-02-18,PL-WAW-01,C012914,VM-NUT-0003,10,10.99,0.0,PLN
SO-2025-001401,1,2025-02-18,2025-02-18,PL-WAW-02,C011987,VM-ACC-0019,1,49.99,0.0,PLN
SO-2025-001401,2,2025-02-18,2025-02-18,PL-WAW-02,C011987,vm-nut-0002,8,14.99,0.0,PLN
SO-2025-001402,1,2025-02-18,2025-02-18,PL-KRK-01,C013468,VM-EBK-0007,1,14699.99,0.0,PLN
SO-2025-001402,2,2025-02-18,2025-02-18,PL-KRK-01,C013468,VM-NUT-0004,12,6.99,0.0,PLN
SO-2025-001402,3,2025-02-18,2025-02-18,PL-KRK-01,C013468,VM-ACC-0005,2,179.99,0.0,PLN
SO-2025-001402,4,2025-02-18,2025-02-18,PL-KRK-01,C013468,VM-ACC-0008,1,399.99,0.0,PLN
SO-2025-001403,1,2025-02-18,2025-02-18,PL-KRK-01,C013461,VM-NUT-0001,7,8.99,0.0,PLN
SO-2025-001403,2,2025-02-18,2025-02-18,PL-KRK-01,C013461,VM-CMP-0013,2,529.99,0.0,PLN
SO-2025-001403,3,2025-02-18,2025-02-18,PL-KRK-01,C013461,VM-APP-0006,2,309.99,0.0,PLN
SO-2025-001404,1,2025-02-18,2025-02-18,PL-WRO-01,,VM-BIK-0022,1,1399.99,0.0,PLN
SO-2025-001404,2,2025-02-18,2025-02-18,PL-WRO-01,,VM-ACC-0005,1,179.99,0.0,PLN
SO-2025-001404,3,2025-02-18,2025-02-18,PL-WRO-01,,VM-CMP-0006,2,199.99,0.0,PLN
SO-2025-001404,4,2025-02-18,2025-02-18,PL-WRO-01,,VM-ACC-0008,2,399.99,0.0,PLN
SO-2025-001405,1,2025-02-18,2025-02-18,PL-GDN-01,,VM-NUT-0004,9,6.99,0.0,PLN
SO-2025-001406,1,2025-02-18,2025-02-18,PL-POZ-01,C010228,VM-CMP-0020,12,259.99,0.08,PLN
SO-2025-001406,2,2025-02-18,2025-02-18,PL-POZ-01,C010228,VM-EBK-0004,3,11079.99,0.08,PLN
SO-2025-001407,1,2025-02-18,2025-02-18,PL-LDZ-01,C013340,VM-APP-0012,1,869.99,0.0,PLN
SO-2025-001408,1,2025-02-18,2025-02-19,PL-WEB-01,C009408,VM-CMP-0017,4,499.99,0.1,PLN
SO-2025-001409,1,2025-02-18,2025-02-20,PL-WEB-01,C013094,VM-ACC-0007,2,359.99,0.0,PLN
SO-2025-001409,2,2025-02-18,2025-02-20,PL-WEB-01,C013094,VM-ACC-0017,3,57.99,0.0,PLN
SO-2025-001409,3,2025-02-18,2025-02-20,PL-WEB-01,C013094,VM-ACC-0018,3,49.99,0.0,PLN
SO-2025-001410,1,2025-02-18,2025-02-22,PL-WEB-01,C012914,VM-CMP-0017,1,499.99,0.0,PLN
SO-2025-001411,1,2025-02-18,2025-02-22,PL-WEB-01,C009698,VM-NUT-0003,14,10.99,0.0,PLN
SO-2025-001412,1,2025-02-18,2025-02-22,PL-WEB-01,C013469,VM-APP-0015,1,569.99,0.0,PLN
SO-2025-001412,2,2025-02-18,2025-02-22,PL-WEB-01,C013469,VM-CMP-0002,1,559.99,0.0,PLN
SO-2025-001412,3,2025-02-18,2025-02-22,PL-WEB-01,C013469,VM-CMP-0001,1,399.99,0.0,PLN
SO-2025-001413,1,2025-02-18,2025-02-22,PL-WEB-01,C013470,vm-acc-0010,1,249.99,0.0,PLN
SO-2025-001414,1,2025-02-18,2025-02-19,PL-MKT-01,C013345,VM-NUT-0002,3,14.99,0.05,PLN
SO-2025-001415,1,2025-02-18,2025-02-18,CZ-PRG-01,C000536,VM-NUT-0004,36,40.0,0.08,CZK
SO-2025-001416,1,2025-02-18,2025-02-18,DE-BER-01,,VM-NUT-0006,10,2.34,0.0,EUR
SO-2025-001417,1,2025-02-18,2025-02-18,DE-BER-01,C005325,VM-BIK-0006,1,1541.37,0.0,EUR
SO-2025-001417,2,2025-02-18,2025-02-18,DE-BER-01,C005325,VM-ACC-0008,1,93.56,0.0,EUR
SO-2025-001418,1,2025-02-18,2025-02-19,DE-WEB-01,C012472,VM-APP-0006,2,72.51,0.0,EUR
SO-2025-001419,1,2025-02-18,2025-02-21,DE-WEB-01,C012383,VM-EBK-0003,1,2126.11,0.0,EUR
SO-2025-001419,2,2025-02-18,2025-02-21,DE-WEB-01,C012383,VM-ACC-0010,1,58.47,0.0,EUR
SO-2025-001419,3,2025-02-18,2025-02-21,DE-WEB-01,C012383,vm-acc-0014,1,25.73,0.0,EUR
SO-2025-001420,1,2025-02-18,2025-02-20,DE-WEB-01,C013471,VM-NUT-0009,4,19.88,0.0,EUR
SO-2025-001421,1,2025-02-18,2025-02-21,DE-WEB-01,C003017,VM-APP-0013,1,102.91,0.05,EUR
SO-2025-001422,1,2025-02-19,2025-02-19,PL-WAW-01,,VM-CMP-0015,2,919.99,0.0,PLN
SO-2025-001423,1,2025-02-19,2025-02-19,PL-WAW-01,C013472,VM-ACC-0007,1,359.99,0.0,PLN
SO-2025-001423,2,2025-02-19,2025-02-19,PL-WAW-01,C013472,VM-CMP-0007,1,629.99,0.0,PLN
SO-2025-001424,1,2025-02-19,2025-02-19,PL-WAW-01,C010321,VM-APP-0020,3,179.99,0.08,PLN
SO-2025-001425,1,2025-02-19,2025-02-19,PL-WAW-02,,VM-APP-0019,1,65.99,0.0,PLN
SO-2025-001426,1,2025-02-19,2025-02-19,PL-WAW-02,C011363,VM-CMP-0002,2,559.99,0.0,PLN
SO-2025-001427,1,2025-02-19,2025-02-19,PL-WAW-02,C013473,VM-APP-0003,1,309.99,0.05,PLN
SO-2025-001428,1,2025-02-19,2025-02-19,PL-KRK-01,C013474,VM-ACC-0003,1,289.99,0.0,PLN
SO-2025-001429,1,2025-02-19,2025-02-19,PL-KRK-01,C011086,VM-ACC-0011,1,71.99,0.0,PLN
SO-2025-001429,2,2025-02-19,2025-02-19,PL-KRK-01,C011086,VM-ACC-0004,2,779.99,0.0,PLN
SO-2025-001430,1,2025-02-19,2025-02-19,PL-GDN-01,C013475,VM-CMP-0009,2,349.99,0.05,PLN
SO-2025-001430,2,2025-02-19,2025-02-19,PL-GDN-01,C013475,VM-APP-0005,3,179.99,0.05,PLN
SO-2025-001431,1,2025-02-19,2025-02-19,PL-GDN-01,,VM-NUT-0011,2,53.99,0.0,PLN
SO-2025-001432,1,2025-02-19,2025-02-19,PL-GDN-01,,VM-APP-0010,2,169.99,0.0,PLN
SO-2025-001432,2,2025-02-19,2025-02-19,PL-GDN-01,,VM-BIK-0019,1,1209.99,0.0,PLN
SO-2025-001433,1,2025-02-19,2025-02-19,PL-POZ-01,C013476,VM-APP-0008,1,159.99,0.0,PLN
SO-2025-001434,1,2025-02-19,2025-02-19,PL-POZ-01,,VM-NUT-0003,5,10.99,0.0,PLN
SO-2025-001435,1,2025-02-19,2025-02-19,PL-POZ-01,C013477,VM-NUT-0002,11,14.99,0.0,PLN
SO-2025-001435,2,2025-02-19,2025-02-19,PL-POZ-01,C013477,VM-APP-0010,1,169.99,0.0,PLN
SO-2025-001435,3,2025-02-19,2025-02-19,PL-POZ-01,C013477,VM-APP-0013,1,439.99,0.0,PLN
SO-2025-001435,4,2025-02-19,2025-02-19,PL-POZ-01,C013477,VM-ACC-0015,1,349.99,0.0,PLN
SO-2025-001436,1,2025-02-19,2025-02-19,PL-LDZ-01,C013478,VM-ACC-0001,2,379.99,0.0,PLN
SO-2025-001436,2,2025-02-19,2025-02-19,PL-LDZ-01,C013478,VM-ACC-0020,1,809.99,0.0,PLN
SO-2025-001437,1,2025-02-19,2025-02-19,PL-LDZ-01,C013479,VM-NUT-0006,10,9.99,0.0,PLN
SO-2025-001437,2,2025-02-19,2025-02-19,PL-LDZ-01,C013479,VM-CMP-0015,2,919.99,0.0,PLN
SO-2025-001437,3,2025-02-19,2025-02-19,PL-LDZ-01,C013479,VM-ACC-0008,1,399.99,0.0,PLN
SO-2025-001438,1,2025-02-19,2025-02-19,PL-LDZ-01,C013480,VM-EBK-0007,1,14699.99,0.05,PLN
SO-2025-001439,1,2025-02-19,2025-02-22,PL-WEB-01,C012014,VM-APP-0002,3,439.99,0.0,PLN
SO-2025-001439,2,2025-02-19,2025-02-22,PL-WEB-01,C012014,VM-ACC-0018,2,49.99,0.0,PLN
SO-2025-001439,3,2025-02-19,2025-02-22,PL-WEB-01,C012014,VM-ACC-0003,1,289.99,0.0,PLN
SO-2025-001440,1,2025-02-19,2025-02-21,PL-WEB-01,C013481,VM-NUT-0006,4,9.99,0.0,PLN
SO-2025-001440,2,2025-02-19,2025-02-21,PL-WEB-01,C013481,VM-BIK-0007,1,7049.99,0.0,PLN
SO-2025-001441,1,2025-02-19,2025-02-22,PL-MKT-01,C012230,VM-BIK-0004,1,4269.99,0.0,PLN
SO-2025-001442,1,2025-02-19,2025-02-20,PL-MKT-01,C013482,VM-CMP-0001,2,399.99,0.0,PLN
SO-2025-001443,1,2025-02-19,2025-02-21,PL-MKT-01,C012030,VM-ACC-0017,2,57.99,0.08,PLN
SO-2025-001443,2,2025-02-19,2025-02-21,PL-MKT-01,C012030,vm-cmp-0018,2,61.99,0.12,PLN
SO-2025-001444,1,2025-02-19,2025-02-23,PL-MKT-01,C013483,VM-APP-0010,2,169.99,0.12,PLN
SO-2025-001444,2,2025-02-19,2025-02-23,PL-MKT-01,C013483,VM-CMP-0003,4,239.99,0.08,PLN
SO-2025-001445,1,2025-02-19,2025-02-22,CZ-WEB-01,C013484,VM-CMP-0009,1,2016.0,0.0,CZK
SO-2025-001446,1,2025-02-19,2025-02-20,CZ-WEB-01,C013485,VM-NUT-0004,3,40.0,0.0,CZK
SO-2025-001446,2,2025-02-19,2025-02-20,CZ-WEB-01,C013485,VM-APP-0010,2,979.0,0.0,CZK
SO-2025-001446,3,2025-02-19,2025-02-20,CZ-WEB-01,C013485,VM-ACC-0008,2,2304.0,0.0,CZK
SO-2025-001447,1,2025-02-19,2025-02-20,CZ-WEB-01,C013486,VM-ACC-0008,1,2304.0,0.0,CZK
SO-2025-001448,1,2025-02-19,2025-02-21,DE-WEB-01,C012678,VM-NUT-0006,12,2.34,0.0,EUR
SO-2025-001448,2,2025-02-19,2025-02-21,DE-WEB-01,C012678,VM-APP-0007,2,37.42,0.0,EUR
SO-2025-001449,1,2025-02-20,2025-02-20,PL-WAW-01,C001296,VM-NUT-0009,4,84.99,0.0,PLN
SO-2025-001449,2,2025-02-20,2025-02-20,PL-WAW-01,C001296,VM-CMP-0022,1,35.99,0.0,PLN
SO-2025-001450,1,2025-02-20,2025-02-20,PL-WAW-01,C013487,VM-BIK-0007,1,7049.99,0.0,PLN
SO-2025-001450,2,2025-02-20,2025-02-20,PL-WAW-01,C013487,VM-APP-0002,3,439.99,0.0,PLN
SO-2025-001450,3,2025-02-20,2025-02-20,PL-WAW-01,C013487,VM-ACC-0017,3,57.99,0.1,PLN
SO-2025-001450,4,2025-02-20,2025-02-20,PL-WAW-01,C013487,VM-BIK-0017,1,1909.99,0.0,PLN
SO-2025-001451,1,2025-02-20,2025-02-20,PL-KRK-01,C013488,VM-ACC-0008,1,399.99,0.0,PLN
SO-2025-001451,2,2025-02-20,2025-02-20,PL-KRK-01,C013488,VM-NUT-0002,5,14.99,0.0,PLN
SO-2025-001451,3,2025-02-20,2025-02-20,PL-KRK-01,C013488,VM-NUT-0004,15,6.99,0.0,PLN
SO-2025-001452,1,2025-02-20,2025-02-20,PL-WRO-01,C011144,VM-NUT-0006,11,9.99,0.0,PLN
SO-2025-001453,1,2025-02-20,2025-02-20,PL-WRO-01,C005941,VM-CMP-0015,2,919.99,0.05,PLN
SO-2025-001454,1,2025-02-20,2025-02-20,PL-WRO-01,C013489,VM-ACC-0013,1,169.99,0.1,PLN
SO-2025-001454,2,2025-02-20,2025-02-20,PL-WRO-01,C013489,VM-APP-0007,2,159.99,0.0,PLN
SO-2025-001454,3,2025-02-20,2025-02-20,PL-WRO-01,C013489,VM-CMP-0009,1,349.99,0.0,PLN
SO-2025-001455,1,2025-02-20,2025-02-20,PL-WRO-01,C013490,VM-BIK-0019,1,1209.99,0.0,PLN
SO-2025-001455,2,2025-02-20,2025-02-20,PL-WRO-01,C013490,VM-ACC-0015,1,349.99,0.0,PLN
SO-2025-001456,1,2025-02-20,2025-02-20,PL-WRO-01,C013491,VM-NUT-0004,8,6.99,0.0,PLN
SO-2025-001456,2,2025-02-20,2025-02-20,PL-WRO-01,C013491,VM-NUT-0006,6,9.99,0.0,PLN
SO-2025-001456,3,2025-02-20,2025-02-20,PL-WRO-01,C013491,VM-CMP-0006,2,199.99,0.0,PLN
SO-2025-001457,1,2025-02-20,2025-02-20,PL-GDN-01,C000420,VM-NUT-0004,11,6.99,0.05,PLN
SO-2025-001458,1,2025-02-20,2025-02-20,PL-GDN-01,C004443,VM-NUT-0006,5,9.99,0.0,PLN
SO-2025-001459,1,2025-02-20,2025-02-20,PL-POZ-01,C013492,VM-ACC-0008,2,399.99,0.0,PLN
SO-2025-001459,2,2025-02-20,2025-02-20,PL-POZ-01,C013492,VM-CMP-0010,1,389.99,0.0,PLN
SO-2025-001460,1,2025-02-20,2025-02-20,PL-LDZ-01,C012763,VM-CMP-0017,2,499.99,0.0,PLN
SO-2025-001460,2,2025-02-20,2025-02-20,PL-LDZ-01,C012763,VM-ACC-0008,2,399.99,0.0,PLN
SO-2025-001460,3,2025-02-20,2025-02-20,PL-LDZ-01,C012763,VM-APP-0020,1,179.99,0.0,PLN
SO-2025-001461,1,2025-02-20,2025-02-21,PL-WEB-01,C013493,VM-CMP-0020,3,259.99,0.05,PLN
SO-2025-001461,2,2025-02-20,2025-02-21,PL-WEB-01,C013493,VM-CMP-0008,1,439.99,0.05,PLN
SO-2025-001462,1,2025-02-20,2025-02-22,PL-WEB-01,C009979,VM-EBK-0006,1,20139.99,0.05,PLN
SO-2025-001463,1,2025-02-20,2025-02-22,PL-WEB-01,C011129,VM-NUT-0001,6,8.99,0.05,PLN
SO-2025-001463,2,2025-02-20,2025-02-22,PL-WEB-01,C011129,VM-BIK-0017,1,1909.99,0.05,PLN
SO-2025-001464,1,2025-02-20,2025-02-22,PL-WEB-01,C013494,VM-NUT-0004,6,6.99,0.05,PLN
SO-2025-001465,1,2025-02-20,2025-02-23,PL-WEB-01,C004594,VM-CMP-0005,2,1479.99,0.0,PLN
SO-2025-001466,1,2025-02-20,2025-02-21,PL-WEB-01,C004256,VM-CMP-0010,2,389.99,0.0,PLN
SO-2025-001466,2,2025-02-20,2025-02-21,PL-WEB-01,C004256,VM-APP-0010,1,169.99,0.0,PLN
SO-2025-001467,1,2025-02-20,2025-02-22,PL-MKT-01,C013495,VM-ACC-0020,1,809.99,0.0,PLN
SO-2025-001467,2,2025-02-20,2025-02-22,PL-MKT-01,C013495,VM-APP-0008,2,159.99,0.0,PLN
SO-2025-001468,1,2025-02-20,2025-02-24,PL-MKT-01,C013496,VM-CMP-0021,3,47.99,0.0,PLN
SO-2025-001469,1,2025-02-20,2025-02-21,PL-MKT-01,C013497,VM-CMP-0009,2,349.99,0.0,PLN
SO-2025-001469,2,2025-02-20,2025-02-21,PL-MKT-01,C013497,VM-EBK-0007,1,14699.99,0.0,PLN
SO-2025-001469,3,2025-02-20,2025-02-21,PL-MKT-01,C013497,VM-CMP-0010,2,389.99,0.0,PLN
SO-2025-001470,1,2025-02-20,2025-02-20,CZ-PRG-01,C007927,VM-APP-0006,3,1786.0,0.0,CZK
SO-2025-001470,2,2025-02-20,2025-02-20,CZ-PRG-01,C007927,VM-APP-0007,1,922.0,0.0,CZK
SO-2025-001470,3,2025-02-20,2025-02-20,CZ-PRG-01,C007927,VM-BIK-0007,1,40611.0,0.0,CZK
SO-2025-001470,4,2025-02-20,2025-02-20,CZ-PRG-01,C007927,VM-EBK-0011,1,84332.0,0.0,CZK
SO-2025-001471,1,2025-02-20,2025-02-21,CZ-WEB-01,C013498,VM-EBK-0003,1,52362.0,0.0,CZK
SO-2025-001472,1,2025-02-20,2025-02-21,CZ-WEB-01,C013183,VM-BIK-0017,1,11002.0,0.0,CZK
SO-2025-001472,2,2025-02-20,2025-02-21,CZ-WEB-01,C013183,VM-ACC-0017,3,334.0,0.0,CZK
SO-2025-001473,1,2025-02-20,2025-02-23,CZ-WEB-01,C013499,VM-CMP-0019,3,1210.0,0.0,CZK
SO-2025-001474,1,2025-02-20,2025-02-20,DE-BER-01,C013500,VM-CMP-0011,1,37.42,0.0,EUR
SO-2025-001474,2,2025-02-20,2025-02-20,DE-BER-01,C013500,VM-BIK-0021,1,292.37,0.0,EUR
SO-2025-001475,1,2025-02-20,2025-02-20,DE-BER-01,, VM-ACC-0007 ,2,84.2,0.0,EUR
SO-2025-001476,1,2025-02-20,2025-02-21,DE-WEB-01,C007398,VM-ACC-0018,3,11.69,0.05,EUR
SO-2025-001477,1,2025-02-20,2025-02-22,DE-WEB-01,C013501,VM-NUT-0004,10,1.63,0.0,EUR
SO-2025-001477,2,2025-02-20,2025-02-22,DE-WEB-01,C013501,VM-APP-0006,2,72.51,0.0,EUR
SO-2025-001478,1,2025-02-21,2025-02-21,PL-WAW-02,,VM-APP-0010,2,169.99,0.0,PLN
SO-2025-001479,1,2025-02-21,2025-02-21,PL-WAW-02,C002196,VM-NUT-0002,14,14.99,0.0,PLN
SO-2025-001479,2,2025-02-21,2025-02-21,PL-WAW-02,C002196,VM-ACC-0002,1,609.99,0.0,PLN
SO-2025-001480,1,2025-02-21,2025-02-21,PL-KRK-01,,VM-APP-0010,1,169.99,0.0,PLN
SO-2025-001480,2,2025-02-21,2025-02-21,PL-KRK-01,,VM-APP-0015,1,569.99,0.0,PLN
SO-2025-001481,1,2025-02-21,2025-02-21,PL-KRK-01,C013502,VM-APP-0007,2,159.99,0.0,PLN
SO-2025-001481,2,2025-02-21,2025-02-21,PL-KRK-01,C013502,VM-APP-0013,1,439.99,0.0,PLN
SO-2025-001482,1,2025-02-21,2025-02-21,PL-KRK-01,C009788,VM-APP-0006,3,309.99,0.0,PLN
SO-2025-001483,1,2025-02-21,2025-02-21,PL-WRO-01,,VM-CMP-0013,1,529.99,0.0,PLN
SO-2025-001483,2,2025-02-21,2025-02-21,PL-WRO-01,,VM-APP-0013,1,439.99,0.0,PLN
SO-2025-001483,3,2025-02-21,2025-02-21,PL-WRO-01,,VM-CMP-0015,1,919.99,0.0,PLN
SO-2025-001483,4,2025-02-21,2025-02-21,PL-WRO-01,,VM-BIK-0019,1,1209.99,0.0,PLN
SO-2025-001484,1,2025-02-21,2025-02-21,PL-WRO-01,,VM-APP-0013,1,439.99,0.0,PLN
SO-2025-001485,1,2025-02-21,2025-02-21,PL-GDN-01,C011763, VM-BIK-0013 ,1,4799.99,0.05,PLN
SO-2025-001485,2,2025-02-21,2025-02-21,PL-GDN-01,C011763,VM-ACC-0013,1,169.99,0.05,PLN
SO-2025-001486,1,2025-02-21,2025-02-21,PL-GDN-01,C012698,VM-APP-0007,1,159.99,0.0,PLN
SO-2025-001487,1,2025-02-21,2025-02-21,PL-GDN-01,C010730,VM-NUT-0002,4,14.99,0.0,PLN
SO-2025-001487,2,2025-02-21,2025-02-21,PL-GDN-01,C010730,VM-EBK-0008,1,15099.99,0.0,PLN
SO-2025-001488,1,2025-02-21,2025-02-21,PL-POZ-01,C013503,VM-ACC-0008,2,399.99,0.0,PLN
SO-2025-001488,2,2025-02-21,2025-02-21,PL-POZ-01,C013503,VM-EBK-0002,1,9949.99,0.0,PLN
SO-2025-001489,1,2025-02-21,2025-02-21,PL-LDZ-01,C013504,VM-ACC-0022,1,1569.99,0.05,PLN
SO-2025-001489,2,2025-02-21,2025-02-21,PL-LDZ-01,C013504,VM-CMP-0001,1,399.99,0.05,PLN
SO-2025-001490,1,2025-02-21,2025-02-22,PL-WEB-01,C011591,VM-APP-0008,2,159.99,0.0,PLN
SO-2025-001491,1,2025-02-21,2025-02-22,PL-WEB-01,C013505,VM-EBK-0010,1,13489.99,0.0,PLN
SO-2025-001492,1,2025-02-21,2025-02-24,PL-WEB-01,C013506,VM-CMP-0010,1,389.99,0.0,PLN
SO-2025-001493,1,2025-02-21,2025-02-23,PL-WEB-01,C005347,VM-ACC-0004,2,779.99,0.0,PLN
SO-2025-001494,1,2025-02-21,2025-02-25,PL-WEB-01,C013507,VM-EBK-0009,1,9909.99,0.0,PLN
SO-2025-001495,1,2025-02-21,2025-02-24,PL-WEB-01,C013508,VM-NUT-0002,44,14.99,0.08,PLN
SO-2025-001496,1,2025-02-21,2025-02-24,PL-MKT-01,C011058,VM-NUT-0009,4,84.99,0.05,PLN
SO-2025-001496,2,2025-02-21,2025-02-24,PL-MKT-01,C011058,VM-NUT-0003,15,10.99,0.05,PLN
SO-2025-001497,1,2025-02-21,2025-02-24,PL-MKT-01,C013509,VM-APP-0013,1,439.99,0.0,PLN
SO-2025-001498,1,2025-02-21,2025-02-25,PL-MKT-01,C002912,VM-EBK-0011,1,14639.99,0.05,PLN
SO-2025-001498,2,2025-02-21,2025-02-25,PL-MKT-01,C002912,VM-ACC-0017,1,57.99,0.05,PLN
SO-2025-001499,1,2025-02-21,2025-02-21,CZ-PRG-01,C009791,VM-BIK-0012,1,68030.0,0.05,CZK
SO-2025-001499,2,2025-02-21,2025-02-21,CZ-PRG-01,C009791,VM-ACC-0008,1,2304.0,0.0,CZK
SO-2025-001500,1,2025-02-21,2025-02-21,CZ-BRN-01,C006978,VM-NUT-0002,4,86.0,0.05,CZK
SO-2025-001500,2,2025-02-21,2025-02-21,CZ-BRN-01,C006978,VM-CMP-0006,2,1152.0,0.05,CZK
SO-2025-001501,1,2025-02-21,2025-02-21,CZ-BRN-01,C013510,VM-ACC-0003,2,1670.0,0.0,CZK
SO-2025-001502,1,2025-02-21,2025-02-21,CZ-BRN-01,C001965,VM-NUT-0007,6,75.0,0.0,CZK
SO-2025-001503,1,2025-02-21,2025-02-24,CZ-WEB-01,C008756,VM-CMP-0006,2,1152.0,0.08,CZK
SO-2025-001504,1,2025-02-21,2025-02-25,CZ-WEB-01,C009296,VM-CMP-0009,1,2016.0,0.0,CZK
SO-2025-001504,2,2025-02-21,2025-02-25,CZ-WEB-01,C009296, VM-ACC-0008 ,2,2304.0,0.0,CZK
SO-2025-001504,3,2025-02-21,2025-02-25,CZ-WEB-01,C009296,VM-NUT-0006,8,58.0,0.0,CZK
SO-2025-001505,1,2025-02-21,2025-02-24,CZ-WEB-01,C008556,VM-APP-0007,2,922.0,0.0,CZK
SO-2025-001505,2,2025-02-21,2025-02-24,CZ-WEB-01,C008556,VM-NUT-0004,5,40.0,0.0,CZK
SO-2025-001506,1,2025-02-21,2025-02-23,CZ-WEB-01,C011892,VM-NUT-0009,2,490.0,0.0,CZK
SO-2025-001506,2,2025-02-21,2025-02-23,CZ-WEB-01,C011892,VM-ACC-0004,2,4493.0,0.0,CZK
SO-2025-001507,1,2025-02-21,2025-02-21,DE-BER-01,C013511,VM-CMP-0013,1,123.96,0.0,EUR
SO-2025-001507,2,2025-02-21,2025-02-21,DE-BER-01,C013511,VM-NUT-0003,15,2.57,0.0,EUR
SO-2025-001508,1,2025-02-21,2025-02-21,DE-BER-01,C013512,VM-ACC-0008,1,93.56,0.0,EUR
SO-2025-001509,1,2025-02-21,2025-02-22,DE-WEB-01,C000308,VM-ACC-0003,2,67.83,0.0,EUR
SO-2025-001509,2,2025-02-21,2025-02-22,DE-WEB-01,C000308,VM-ACC-0006,1,222.2,0.0,EUR
SO-2025-001510,1,2025-02-22,2025-02-22,PL-WAW-01,C013133,VM-ACC-0008,1,399.99,0.0,PLN
SO-2025-001510,2,2025-02-22,2025-02-22,PL-WAW-01,C013133,VM-CMP-0013,1,529.99,0.0,PLN
SO-2025-001511,1,2025-02-22,2025-02-22,PL-WAW-01,C013513,VM-ACC-0008,1,399.99,0.0,PLN
SO-2025-001511,2,2025-02-22,2025-02-22,PL-WAW-01,C013513,VM-ACC-0009,2,399.99,0.0,PLN
SO-2025-001511,3,2025-02-22,2025-02-22,PL-WAW-01,C013513,VM-NUT-0004,12,6.99,0.1,PLN
SO-2025-001512,1,2025-02-22,2025-02-22,PL-WAW-02,C005915,VM-ACC-0008,2,399.99,0.05,PLN
SO-2025-001512,2,2025-02-22,2025-02-22,PL-WAW-02,C005915,VM-NUT-0004,4,6.99,0.05,PLN
SO-2025-001513,1,2025-02-22,2025-02-22,PL-WAW-02,C012030, VM-APP-0018 ,4,129.99,0.1,PLN
SO-2025-001513,2,2025-02-22,2025-02-22,PL-WAW-02,C012030,VM-APP-0013,4,439.99,0.1,PLN
SO-2025-001513,3,2025-02-22,2025-02-22,PL-WAW-02,C012030,VM-NUT-0003,65,10.99,0.12,PLN
SO-2025-001513,4,2025-02-22,2025-02-22,PL-WAW-02,C012030,VM-CMP-0015,3,919.99,0.12,PLN
SO-2025-001514,1,2025-02-22,2025-02-22,PL-WAW-02,,VM-ACC-0007,2,359.99,0.0,PLN
SO-2025-001515,1,2025-02-22,2025-02-22,PL-WAW-02,C013329,VM-CMP-0005,6,1479.99,0.12,PLN
SO-2025-001516,1,2025-02-22,2025-02-22,PL-KRK-01,C005779,VM-APP-0004,2,239.99,0.0,PLN
SO-2025-001516,2,2025-02-22,2025-02-22,PL-KRK-01,C005779,VM-APP-0002,3,439.99,0.0,PLN
SO-2025-001517,1,2025-02-22,2025-02-22,PL-KRK-01,,vm-acc-0008,2,399.99,0.0,PLN
SO-2025-001518,1,2025-02-22,2025-02-22,PL-KRK-01,C013514,VM-CMP-0017,2,499.99,0.0,PLN
SO-2025-001518,2,2025-02-22,2025-02-22,PL-KRK-01,C013514,VM-NUT-0011,4,53.99,0.0,PLN
SO-2025-001518,3,2025-02-22,2025-02-22,PL-KRK-01,C013514,VM-EBK-0004,1,11079.99,0.0,PLN
SO-2025-001519,1,2025-02-22,2025-02-22,PL-KRK-01,C011157,VM-CMP-0013,1,529.99,0.0,PLN
SO-2025-001519,2,2025-02-22,2025-02-22,PL-KRK-01,C011157,VM-CMP-0010,2,389.99,0.0,PLN
SO-2025-001519,3,2025-02-22,2025-02-22,PL-KRK-01,C011157,VM-CMP-0022,1,35.99,0.0,PLN
SO-2025-001520,1,2025-02-22,2025-02-22,PL-WRO-01,C010642,VM-NUT-0004,6,6.99,0.0,PLN
SO-2025-001520,2,2025-02-22,2025-02-22,PL-WRO-01,C010642,VM-APP-0009,1,349.99,0.0,PLN
SO-2025-001521,1,2025-02-22,2025-02-22,PL-WRO-01,C011430,VM-ACC-0014,1,109.99,0.05,PLN
SO-2025-001521,2,2025-02-22,2025-02-22,PL-WRO-01,C011430,VM-APP-0012,1,869.99,0.05,PLN
SO-2025-001522,1,2025-02-22,2025-02-22,PL-WRO-01,,VM-APP-0004,1,239.99,0.0,PLN
SO-2025-001522,2,2025-02-22,2025-02-22,PL-WRO-01,,VM-ACC-0020,1,809.99,0.0,PLN
SO-2025-001522,3,2025-02-22,2025-02-22,PL-WRO-01,,VM-EBK-0007,1,14699.99,0.0,PLN
SO-2025-001523,1,2025-02-22,2025-02-22,PL-WRO-01,C004357,VM-ACC-0014,1,109.99,0.05,PLN
SO-2025-001524,1,2025-02-22,2025-02-22,PL-WRO-01,C013166,VM-ACC-0020,1,809.99,0.05,PLN
SO-2025-001524,2,2025-02-22,2025-02-22,PL-WRO-01,C013166,VM-APP-0012,1,869.99,0.05,PLN
SO-2025-001524,3,2025-02-22,2025-02-22,PL-WRO-01,C013166,VM-ACC-0008,2,399.99,0.05,PLN
SO-2025-001524,4,2025-02-22,2025-02-22,PL-WRO-01,C013166,VM-NUT-0004,4,6.99,0.05,PLN
SO-2025-001525,1,2025-02-22,2025-02-22,PL-WRO-01,C013515,VM-BIK-0004,1,4269.99,0.0,PLN
SO-2025-001525,2,2025-02-22,2025-02-22,PL-WRO-01,C013515,VM-ACC-0008,1,399.99,0.0,PLN
SO-2025-001526,1,2025-02-22,2025-02-22,PL-GDN-01,C011075,VM-CMP-0008,2,439.99,0.0,PLN
SO-2025-001526,2,2025-02-22,2025-02-22,PL-GDN-01,C011075,VM-BIK-0019,1,1209.99,0.0,PLN
SO-2025-001526,3,2025-02-22,2025-02-22,PL-GDN-01,C011075,VM-BIK-0007,1,7049.99,0.0,PLN
SO-2025-001527,1,2025-02-22,2025-02-22,PL-GDN-01,C013516,VM-NUT-0003,12,10.99,0.1,PLN
SO-2025-001527,2,2025-02-22,2025-02-22,PL-GDN-01,C013516,VM-CMP-0018,4,61.99,0.0,PLN
SO-2025-001528,1,2025-02-22,2025-02-22,PL-POZ-01,C013517,VM-APP-0003,3,309.99,0.0,PLN
SO-2025-001528,2,2025-02-22,2025-02-22,PL-POZ-01,C013517,VM-ACC-0002,1,609.99,0.0,PLN
SO-2025-001528,3,2025-02-22,2025-02-22,PL-POZ-01,C013517,VM-ACC-0008,2,399.99,0.0,PLN
SO-2025-001529,1,2025-02-22,2025-02-22,PL-POZ-01,C010321,VM-APP-0006,4,309.99,0.1,PLN
SO-2025-001530,1,2025-02-22,2025-02-22,PL-POZ-01,C013518,vm-acc-0022,1,1569.99,0.0,PLN
SO-2025-001531,1,2025-02-22,2025-02-22,PL-LDZ-01,,VM-NUT-0009,1,84.99,0.0,PLN
SO-2025-001531,2,2025-02-22,2025-02-22,PL-LDZ-01,,VM-APP-0020,2,179.99,0.0,PLN
SO-2025-001532,1,2025-02-22,2025-02-22,PL-LDZ-01,C005761,VM-NUT-0006,3,9.99,0.05,PLN
SO-2025-001532,2,2025-02-22,2025-02-22,PL-LDZ-01,C005761,VM-EBK-0003,1,9089.99,0.05,PLN
SO-2025-001533,1,2025-02-22,2025-02-22,PL-LDZ-01,C008059,VM-CMP-0005,1,1479.99,0.0,PLN
SO-2025-001534,1,2025-02-22,2025-02-22,PL-LDZ-01,C013519,VM-APP-0005,2,179.99,0.0,PLN
SO-2025-001535,1,2025-02-22,2025-02-26,PL-WEB-01,C013455,VM-CMP-0006,2,199.99,0.0,PLN
SO-2025-001536,1,2025-02-22,2025-02-24,PL-WEB-01,C012606,VM-NUT-0004,10,6.99,0.05,PLN
SO-2025-001536,2,2025-02-22,2025-02-24,PL-WEB-01,C012606,VM-ACC-0002,1,609.99,0.05,PLN
SO-2025-001537,1,2025-02-22,2025-02-24,PL-MKT-01,C012557,VM-EBK-0011,1,14639.99,0.0,PLN
SO-2025-001538,1,2025-02-22,2025-02-25,PL-MKT-01,C012568,VM-EBK-0009,1,9909.99,0.05,PLN
SO-2025-001538,2,2025-02-22,2025-02-25,PL-MKT-01,C012568,VM-ACC-0005,2,179.99,0.05,PLN
SO-2025-001538,3,2025-02-22,2025-02-25,PL-MKT-01,C012568,VM-CMP-0002,1,559.99,0.05,PLN
SO-2025-001539,1,2025-02-22,2025-02-25,PL-MKT-01,C006880,VM-BIK-0022,3,1399.99,0.08,PLN
SO-2025-001539,2,2025-02-22,2025-02-25,PL-MKT-01,C006880,VM-ACC-0014,2,109.99,0.12,PLN
SO-2025-001539,3,2025-02-22,2025-02-25,PL-MKT-01,C006880,VM-CMP-0016,3,2459.99,0.12,PLN
SO-2025-001539,4,2025-02-22,2025-02-25,PL-MKT-01,C006880,VM-NUT-0006,24,9.99,0.12,PLN
SO-2025-001540,1,2025-02-22,2025-02-23,PL-MKT-01,C013520,VM-ACC-0013,1,169.99,0.0,PLN
SO-2025-001540,2,2025-02-22,2025-02-23,PL-MKT-01,C013520,VM-NUT-0007,5,12.99,0.0,PLN
SO-2025-001541,1,2025-02-22,2025-02-22,CZ-PRG-01,C010613,VM-APP-0019,2,380.0,0.0,CZK
SO-2025-001542,1,2025-02-22,2025-02-22,CZ-PRG-01,,VM-ACC-0014,1,634.0,0.0,CZK
SO-2025-001542,2,2025-02-22,2025-02-22,CZ-PRG-01,,VM-NUT-0006,9,58.0,0.0,CZK
SO-2025-001543,1,2025-02-22,2025-02-22,CZ-PRG-01,C010311, VM-BIK-0002 ,1,55472.0,0.0,CZK
SO-2025-001543,2,2025-02-22,2025-02-22,CZ-PRG-01,C010311,VM-NUT-0006,6,58.0,0.0,CZK
SO-2025-001544,1,2025-02-22,2025-02-22,CZ-PRG-01,,VM-NUT-0001,3,52.0,0.0,CZK
SO-2025-001544,2,2025-02-22,2025-02-22,CZ-PRG-01,,VM-BIK-0007,1,40611.0,0.0,CZK
SO-2025-001545,1,2025-02-22,2025-02-22,CZ-BRN-01,C012002,VM-ACC-0022,5,9044.0,0.1,CZK
SO-2025-001546,1,2025-02-22,2025-02-26,CZ-WEB-01,C013521,VM-APP-0013,1,2535.0,0.0,CZK
SO-2025-001546,2,2025-02-22,2025-02-26,CZ-WEB-01,C013521,VM-APP-0008,2,922.0,0.0,CZK
SO-2025-001547,1,2025-02-22,2025-02-24,CZ-WEB-01,C013522,VM-APP-0010,2,979.0,0.0,CZK
SO-2025-001548,1,2025-02-22,2025-02-26,CZ-WEB-01,C013523,VM-APP-0002,1,2535.0,0.0,CZK
SO-2025-001549,1,2025-02-22,2025-02-26,CZ-WEB-01,C013524,VM-ACC-0008,2,2304.0,0.0,CZK
SO-2025-001549,2,2025-02-22,2025-02-26,CZ-WEB-01,C013524,VM-ACC-0013,1,979.0,0.0,CZK
SO-2025-001550,1,2025-02-22,2025-02-22,DE-BER-01,C008833,VM-BIK-0009,1,1319.17,0.1,EUR
SO-2025-001551,1,2025-02-22,2025-02-22,DE-BER-01,C001426,VM-NUT-0011,1,12.63,0.0,EUR
SO-2025-001552,1,2025-02-22,2025-02-26,DE-WEB-01,C013525, VM-BIK-0013 ,5,1122.7,0.1,EUR
SO-2025-001552,2,2025-02-22,2025-02-26,DE-WEB-01,C013525,VM-NUT-0004,30,1.63,0.1,EUR
SO-2025-001552,3,2025-02-22,2025-02-26,DE-WEB-01,C013525,VM-ACC-0007,2,84.2,0.1,EUR
SO-2025-001553,1,2025-02-23,2025-02-24,PL-WEB-01,C013130,VM-CMP-0011,2,159.99,0.05,PLN
SO-2025-001554,1,2025-02-23,2025-02-25,PL-WEB-01,C013526,VM-BIK-0014,1,3829.99,0.1,PLN
SO-2025-001555,1,2025-02-23,2025-02-27,PL-WEB-01,C003024,VM-ACC-0007,2,359.99,0.0,PLN
SO-2025-001556,1,2025-02-23,2025-02-27,PL-WEB-01,C009203,vm-acc-0007,1,359.99,0.0,PLN
SO-2025-001556,2,2025-02-23,2025-02-27,PL-WEB-01,C009203,VM-NUT-0006,7,9.99,0.0,PLN
SO-2025-001556,3,2025-02-23,2025-02-27,PL-WEB-01,C009203,VM-BIK-0012,1,11809.99,0.0,PLN
SO-2025-001557,1,2025-02-23,2025-02-24,PL-WEB-01,C013094,VM-NUT-0004,8,6.99,0.0,PLN
SO-2025-001557,2,2025-02-23,2025-02-24,PL-WEB-01,C013094,VM-CMP-0001,2,399.99,0.0,PLN
SO-2025-001557,3,2025-02-23,2025-02-24,PL-WEB-01,C013094,VM-APP-0012,1,869.99,0.0,PLN
SO-2025-001558,1,2025-02-23,2025-02-27,PL-WEB-01,C007161,VM-ACC-0007,2,359.99,0.0,PLN
SO-2025-001558,2,2025-02-23,2025-02-27,PL-WEB-01,C007161,VM-CMP-0005,1,1479.99,0.0,PLN
SO-2025-001559,1,2025-02-23,2025-02-25,PL-MKT-01,C013527,VM-CMP-0015,2,919.99,0.0,PLN
SO-2025-001559,2,2025-02-23,2025-02-25,PL-MKT-01,C013527,VM-ACC-0017,1,57.99,0.0,PLN
SO-2025-001560,1,2025-02-23,2025-02-26,PL-MKT-01,C013528,VM-EBK-0001,1,7669.99,0.0,PLN
SO-2025-001561,1,2025-02-23,2025-02-25,PL-MKT-01,C003135,VM-CMP-0022,1,35.99,0.0,PLN
SO-2025-001561,2,2025-02-23,2025-02-25,PL-MKT-01,C003135,VM-ACC-0014,1,109.99,0.0,PLN
SO-2025-001561,3,2025-02-23,2025-02-25,PL-MKT-01,C003135,VM-CMP-0005,2,1479.99,0.0,PLN
SO-2025-001562,1,2025-02-23,2025-02-24,PL-MKT-01,C013529,VM-CMP-0011,2,159.99,0.0,PLN
SO-2025-001563,1,2025-02-23,2025-02-27,PL-MKT-01,C013530,VM-ACC-0020,1,809.99,0.0,PLN
SO-2025-001564,1,2025-02-23,2025-02-25,DE-WEB-01,C011654,VM-ACC-0008,2,93.56,0.0,EUR
SO-2025-001565,1,2025-02-24,2025-02-24,PL-WAW-01,C013041,VM-ACC-0008,2,399.99,0.12,PLN
SO-2025-001566,1,2025-02-24,2025-02-24,PL-WAW-01,C011987,VM-ACC-0014,1,109.99,0.0,PLN
SO-2025-001567,1,2025-02-24,2025-02-24,PL-WAW-01,C005695,VM-EBK-0001,1,7669.99,0.0,PLN
SO-2025-001567,2,2025-02-24,2025-02-24,PL-WAW-01,C005695,VM-ACC-0011,2,71.99,0.0,PLN
SO-2025-001568,1,2025-02-24,2025-02-24,PL-WAW-01,C013023,VM-CMP-0004,1,719.99,0.0,PLN
SO-2025-001569,1,2025-02-24,2025-02-24,PL-WAW-02,,VM-NUT-0007,9,12.99,0.0,PLN
SO-2025-001570,1,2025-02-24,2025-02-24,PL-KRK-01,,VM-ACC-0014,1,109.99,0.0,PLN
SO-2025-001570,2,2025-02-24,2025-02-24,PL-KRK-01,,VM-APP-0010,1,169.99,0.0,PLN
SO-2025-001571,1,2025-02-24,2025-02-24,PL-WRO-01,C013531,VM-EBK-0008,1,15099.99,0.05,PLN
SO-2025-001572,1,2025-02-24,2025-02-24,PL-GDN-01,C013532,VM-NUT-0001,7,8.99,0.0,PLN
SO-2025-001573,1,2025-02-24,2025-02-24,PL-GDN-01,C000229,VM-ACC-0008,5,399.99,0.12,PLN
SO-2025-001573,2,2025-02-24,2025-02-24,PL-GDN-01,C000229,VM-EBK-0009,5,9909.99,0.1,PLN
SO-2025-001574,1,2025-02-24,2025-02-24,PL-GDN-01,,VM-ACC-0007,2,359.99,0.0,PLN
SO-2025-001575,1,2025-02-24,2025-02-24,PL-GDN-01,C012243,VM-NUT-0004,5,6.99,0.0,PLN
SO-2025-001576,1,2025-02-24,2025-02-24,PL-GDN-01,,VM-APP-0010,2,169.99,0.0,PLN
SO-2025-001577,1,2025-02-24,2025-02-25,PL-WEB-01,C013533,VM-CMP-0019,1,209.99,0.0,PLN
SO-2025-001578,1,2025-02-24,2025-02-25,PL-WEB-01,C013534,VM-BIK-0013,1,4799.99,0.0,PLN
SO-2025-001579,1,2025-02-24,2025-02-28,PL-WEB-01,C010263,VM-CMP-0001,1,399.99,0.0,PLN
SO-2025-001579,2,2025-02-24,2025-02-28,PL-WEB-01,C010263,vm-app-0002,3,439.99,0.0,PLN
SO-2025-001580,1,2025-02-24,2025-02-26,PL-WEB-01,C012864,VM-ACC-0019,1,49.99,0.0,PLN
SO-2025-001580,2,2025-02-24,2025-02-26,PL-WEB-01,C012864,VM-ACC-0007,1,359.99,0.0,PLN
SO-2025-001581,1,2025-02-24,2025-02-28,PL-MKT-01,C009462,VM-NUT-0004,7,6.99,0.0,PLN
SO-2025-001581,2,2025-02-24,2025-02-28,PL-MKT-01,C009462,VM-CMP-0013,1,529.99,0.0,PLN
SO-2025-001582,1,2025-02-24,2025-02-27,PL-MKT-01,C013053,VM-APP-0013,1,439.99,0.0,PLN
SO-2025-001582,2,2025-02-24,2025-02-27,PL-MKT-01,C013053,VM-CMP-0017,2,499.99,0.0,PLN
SO-2025-001583,1,2025-02-24,2025-02-28,PL-MKT-01,C013535,VM-APP-0010,1,169.99,0.05,PLN
SO-2025-001584,1,2025-02-24,2025-02-25,PL-MKT-01,C013536,VM-APP-0013,1,439.99,0.0,PLN
SO-2025-001584,2,2025-02-24,2025-02-25,PL-MKT-01,C013536,VM-APP-0012,1,869.99,0.0,PLN
SO-2025-001585,1,2025-02-24,2025-02-26,PL-MKT-01,C013537,VM-BIK-0012,4,11809.99,0.1,PLN
SO-2025-001586,1,2025-02-24,2025-02-24,CZ-PRG-01,C011440,VM-NUT-0004,12,40.0,0.0,CZK
SO-2025-001586,2,2025-02-24,2025-02-24,CZ-PRG-01,C011440,VM-APP-0018,1,749.0,0.0,CZK
SO-2025-001587,1,2025-02-24,2025-02-24,CZ-PRG-01,,VM-BIK-0007,1,40611.0,0.0,CZK
SO-2025-001588,1,2025-02-24,2025-02-24,CZ-BRN-01,,VM-CMP-0001,2,2304.0,0.0,CZK
SO-2025-001589,1,2025-02-24,2025-02-25,CZ-WEB-01,C013538,VM-BIK-0004,1,24597.0,0.0,CZK
SO-2025-001589,2,2025-02-24,2025-02-25,CZ-WEB-01,C013538,VM-ACC-0004,1,4493.0,0.0,CZK
SO-2025-001590,1,2025-02-24,2025-02-25,CZ-WEB-01,C013347,VM-ACC-0020,1,4666.0,0.0,CZK
SO-2025-001590,2,2025-02-24,2025-02-25,CZ-WEB-01,C013347,VM-CMP-0020,4,1498.0,0.0,CZK
SO-2025-001591,1,2025-02-24,2025-02-28,CZ-WEB-01,C007663,VM-APP-0017,1,1094.0,0.0,CZK
SO-2025-001591,2,2025-02-24,2025-02-28,CZ-WEB-01,C007663,VM-NUT-0009,3,490.0,0.0,CZK
SO-2025-001591,3,2025-02-24,2025-02-28,CZ-WEB-01,C007663,VM-APP-0007,1,922.0,0.0,CZK
SO-2025-001591,4,2025-02-24,2025-02-28,CZ-WEB-01,C007663,VM-NUT-0004,5,40.0,0.0,CZK
SO-2025-001592,1,2025-02-24,2025-02-24,DE-BER-01,,VM-CMP-0007,2,147.35,0.0,EUR
SO-2025-001592,2,2025-02-24,2025-02-24,DE-BER-01,,VM-CMP-0005,1,346.16,0.0,EUR
SO-2025-001592,3,2025-02-24,2025-02-24,DE-BER-01,,VM-NUT-0009,2,19.88,0.0,EUR
SO-2025-001592,4,2025-02-24,2025-02-24,DE-BER-01,,VM-NUT-0006,12,2.34,0.0,EUR
SO-2025-001593,1,2025-02-24,2025-02-24,DE-BER-01,,VM-CMP-0002,1,130.98,0.0,EUR
SO-2025-001593,2,2025-02-24,2025-02-24,DE-BER-01,,VM-CMP-0022,4,8.42,0.1,EUR
SO-2025-001594,1,2025-02-24,2025-02-25,DE-WEB-01,C013539,VM-NUT-0009,1,19.88,0.0,EUR
SO-2025-001594,2,2025-02-24,2025-02-25,DE-WEB-01,C013539,VM-ACC-0009,2,93.56,0.0,EUR
SO-2025-001594,3,2025-02-24,2025-02-25,DE-WEB-01,C013539,VM-CMP-0006,1,46.78,0.0,EUR
SO-2025-001595,1,2025-02-24,2025-02-27,DE-WEB-01,C000675,VM-BIK-0012,1,2762.31,0.05,EUR
SO-2025-001595,2,2025-02-24,2025-02-27,DE-WEB-01,C000675,VM-NUT-0004,3,1.63,0.05,EUR
SO-2025-001596,1,2025-02-25,2025-02-25,PL-WAW-01,C008116,VM-APP-0019,1,65.99,0.0,PLN
SO-2025-001597,1,2025-02-25,2025-02-25,PL-WAW-01,C013540,VM-CMP-0017,1,499.99,0.0,PLN
SO-2025-001597,2,2025-02-25,2025-02-25,PL-WAW-01,C013540,VM-APP-0012,1,869.99,0.05,PLN
SO-2025-001598,1,2025-02-25,2025-02-25,PL-KRK-01,C006801,VM-ACC-0018,12,49.99,0.12,PLN
SO-2025-001598,2,2025-02-25,2025-02-25,PL-KRK-01,C006801,VM-ACC-0023,4,929.99,0.1,PLN
SO-2025-001599,1,2025-02-25,2025-02-25,PL-KRK-01,C010582,VM-ACC-0002,4,609.99,0.12,PLN
SO-2025-001600,1,2025-02-25,2025-02-25,PL-KRK-01,C013541,VM-BIK-0007,1,7049.99,0.05,PLN
SO-2025-001600,2,2025-02-25,2025-02-25,PL-KRK-01,C013541,VM-APP-0006,2,309.99,0.1,PLN
SO-2025-001601,1,2025-02-25,2025-02-25,PL-WRO-01,C013542,VM-BIK-0007,1,7049.99,0.0,PLN
SO-2025-001602,1,2025-02-25,2025-02-25,PL-GDN-01,,VM-NUT-0004,7,6.99,0.05,PLN
SO-2025-001602,2,2025-02-25,2025-02-25,PL-GDN-01,,VM-APP-0013,1,439.99,0.0,PLN
SO-2025-001603,1,2025-02-25,2025-02-25,PL-GDN-01,C013543,VM-EBK-0007,1,14699.99,0.0,PLN
SO-2025-001603,2,2025-02-25,2025-02-25,PL-GDN-01,C013543,VM-ACC-0019,3,49.99,0.0,PLN
SO-2025-001604,1,2025-02-25,2025-02-25,PL-GDN-01,C013544,VM-NUT-0001,13,8.99,0.0,PLN
SO-2025-001604,2,2025-02-25,2025-02-25,PL-GDN-01,C013544,VM-CMP-0015,2,919.99,0.0,PLN
SO-2025-001604,3,2025-02-25,2025-02-25,PL-GDN-01,C013544,VM-BIK-0009,1,5639.99,0.0,PLN
SO-2025-001605,1,2025-02-25,2025-02-25,PL-GDN-01,C012595,VM-CMP-0002,2,559.99,0.0,PLN
SO-2025-001606,1,2025-02-25,2025-02-25,PL-POZ-01,,VM-BIK-0007,1,7049.99,0.1,PLN
SO-2025-001607,1,2025-02-25,2025-02-25,PL-POZ-01,C009536,VM-EBK-0006,1,20139.99,0.05,PLN
SO-2025-001608,1,2025-02-25,2025-02-25,PL-POZ-01,C013527,VM-CMP-0020,4,259.99,0.0,PLN
SO-2025-001609,1,2025-02-25,2025-02-25,PL-LDZ-01,,VM-ACC-0008,2,399.99,0.0,PLN
SO-2025-001610,1,2025-02-25,2025-02-26,PL-WEB-01,C013545,VM-CMP-0002,2,559.99,0.0,PLN
SO-2025-001610,2,2025-02-25,2025-02-26,PL-WEB-01,C013545,VM-BIK-0007,1,7049.99,0.0,PLN
SO-2025-001610,3,2025-02-25,2025-02-26,PL-WEB-01,C013545,VM-APP-0007,1,159.99,0.0,PLN
SO-2025-001611,1,2025-02-25,2025-02-26,PL-WEB-01,C013546,VM-ACC-0008,2,399.99,0.0,PLN
SO-2025-001612,1,2025-02-25,2025-03-01,PL-WEB-01,C013547,VM-APP-0014,1,489.99,0.0,PLN
SO-2025-001613,1,2025-02-25,2025-02-26,PL-WEB-01,C003531,VM-CMP-0015,1,919.99,0.05,PLN
SO-2025-001614,1,2025-02-25,2025-02-27,PL-WEB-01,C006797,vm-acc-0014,1,109.99,0.0,PLN
SO-2025-001615,1,2025-02-25,2025-02-27,PL-WEB-01,C008275,VM-CMP-0013,2,529.99,0.0,PLN
SO-2025-001616,1,2025-02-25,2025-02-27,PL-WEB-01,C007270,VM-CMP-0011,1,159.99,0.05,PLN
SO-2025-001616,2,2025-02-25,2025-02-27,PL-WEB-01,C007270,VM-CMP-0005,2,1479.99,0.05,PLN
SO-2025-001617,1,2025-02-25,2025-02-28,PL-WEB-01,C013296,VM-CMP-0015,1,919.99,0.0,PLN
SO-2025-001618,1,2025-02-25,2025-02-27,PL-WEB-01,C013548,VM-CMP-0013,1,529.99,0.0,PLN
SO-2025-001618,2,2025-02-25,2025-02-27,PL-WEB-01,C013548,VM-ACC-0006,2,949.99,0.0,PLN
SO-2025-001618,3,2025-02-25,2025-02-27,PL-WEB-01,C013548,VM-CMP-0015,1,919.99,0.0,PLN
SO-2025-001619,1,2025-02-25,2025-02-27,PL-WEB-01,C013549,VM-CMP-0010,1,389.99,0.0,PLN
SO-2025-001620,1,2025-02-25,2025-03-01,PL-MKT-01,C013231,VM-CMP-0010,2,389.99,0.0,PLN
SO-2025-001621,1,2025-02-25,2025-02-27,PL-MKT-01,C013550,VM-ACC-0007,1,359.99,0.0,PLN
SO-2025-001621,2,2025-02-25,2025-02-27,PL-MKT-01,C013550,VM-APP-0017,1,189.99,0.0,PLN
SO-2025-001621,3,2025-02-25,2025-02-27,PL-MKT-01,C013550,VM-APP-0007,1,159.99,0.0,PLN
SO-2025-001621,4,2025-02-25,2025-02-27,PL-MKT-01,C013550,VM-NUT-0002,14,14.99,0.0,PLN
SO-2025-001622,1,2025-02-25,2025-02-25,CZ-PRG-01,,VM-ACC-0008,1,2304.0,0.0,CZK
SO-2025-001622,2,2025-02-25,2025-02-25,CZ-PRG-01,,VM-NUT-0004,9,40.0,0.0,CZK
SO-2025-001623,1,2025-02-25,2025-02-25,CZ-PRG-01,C013551,VM-CMP-0018,12,357.0,0.08,CZK
SO-2025-001623,2,2025-02-25,2025-02-25,CZ-PRG-01,C013551,VM-EBK-0006,3,116014.0,0.12,CZK
SO-2025-001624,1,2025-02-25,2025-02-25,CZ-BRN-01,,VM-ACC-0007,2,2074.0,0.0,CZK
SO-2025-001624,2,2025-02-25,2025-02-25,CZ-BRN-01,,vm-acc-0013,1,979.0,0.0,CZK
SO-2025-001624,3,2025-02-25,2025-02-25,CZ-BRN-01,,VM-ACC-0002,1,3514.0,0.0,CZK
SO-2025-001624,4,2025-02-25,2025-02-25,CZ-BRN-01,,VM-APP-0005,1,1037.0,0.0,CZK
SO-2025-001625,1,2025-02-25,2025-02-25,CZ-BRN-01,C013552,VM-CMP-0019,4,1210.0,0.0,CZK
SO-2025-001625,2,2025-02-25,2025-02-25,CZ-BRN-01,C013552,VM-BIK-0001,1,78859.0,0.0,CZK
SO-2025-001626,1,2025-02-25,2025-02-25,CZ-BRN-01,C009218,VM-APP-0012,1,5011.0,0.05,CZK
SO-2025-001626,2,2025-02-25,2025-02-25,CZ-BRN-01,C009218,VM-ACC-0023,1,5357.0,0.05,CZK
SO-2025-001627,1,2025-02-25,2025-02-25,CZ-BRN-01,C013444,VM-NUT-0011,2,311.0,0.0,CZK
SO-2025-001628,1,2025-02-25,2025-03-01,CZ-WEB-01,C013553,VM-APP-0002,3,2535.0,0.0,CZK
SO-2025-001628,2,2025-02-25,2025-03-01,CZ-WEB-01,C013553,VM-EBK-0010,1,77707.0,0.0,CZK
SO-2025-001628,3,2025-02-25,2025-03-01,CZ-WEB-01,C013553,VM-ACC-0008,2,2304.0,0.0,CZK
SO-2025-001629,1,2025-02-25,2025-02-26,CZ-WEB-01,C002382,VM-APP-0002,1,2535.0,0.0,CZK
SO-2025-001629,2,2025-02-25,2025-02-26,CZ-WEB-01,C002382,VM-CMP-0017,2,2880.0,0.0,CZK
SO-2025-001629,3,2025-02-25,2025-02-26,CZ-WEB-01,C002382,VM-BIK-0007,1,40611.0,0.0,CZK
SO-2025-001629,4,2025-02-25,2025-02-26,CZ-WEB-01,C002382,VM-EBK-0008,1,86982.0,0.0,CZK
SO-2025-001630,1,2025-02-25,2025-03-01,CZ-WEB-01,C011905,VM-BIK-0007,1,40611.0,0.0,CZK
SO-2025-001630,2,2025-02-25,2025-03-01,CZ-WEB-01,C011905,VM-ACC-0007,2,2074.0,0.0,CZK
SO-2025-001630,3,2025-02-25,2025-03-01,CZ-WEB-01,C011905, VM-NUT-0003 ,14,63.0,0.0,CZK
SO-2025-001631,1,2025-02-25,2025-03-01,CZ-WEB-01,C013554,VM-ACC-0004,2,4493.0,0.0,CZK
SO-2025-001631,2,2025-02-25,2025-03-01,CZ-WEB-01,C013554,VM-NUT-0004,12,40.0,0.0,CZK
SO-2025-001632,1,2025-02-25,2025-02-28,CZ-WEB-01,C013555,VM-BIK-0016,1,20680.0,0.0,CZK
SO-2025-001633,1,2025-02-25,2025-02-28,DE-WEB-01,C013556,VM-CMP-0019,1,49.12,0.0,EUR
SO-2025-001634,1,2025-02-25,2025-02-27,DE-WEB-01,C010880,VM-CMP-0001,2,93.56,0.0,EUR
SO-2025-001634,2,2025-02-25,2025-02-27,DE-WEB-01,C010880,VM-ACC-0014,1,25.73,0.0,EUR
SO-2025-001634,3,2025-02-25,2025-02-27,DE-WEB-01,C010880,VM-CMP-0013,1,123.96,0.0,EUR
SO-2025-001634,4,2025-02-25,2025-02-27,DE-WEB-01,C010880,VM-BIK-0003,1,1529.68,0.0,EUR
SO-2025-001635,1,2025-02-26,2025-02-26,PL-WAW-01,C008131,VM-NUT-0009,10,84.99,0.12,PLN
SO-2025-001635,2,2025-02-26,2025-02-26,PL-WAW-01,C008131,VM-CMP-0015,2,919.99,0.1,PLN
SO-2025-001636,1,2025-02-26,2025-02-26,PL-WAW-02,C013557,VM-CMP-0014,2,429.99,0.0,PLN
SO-2025-001637,1,2025-02-26,2025-02-26,PL-WAW-02,C010882, VM-ACC-0020 ,1,809.99,0.05,PLN
SO-2025-001638,1,2025-02-26,2025-02-26,PL-WAW-02,C013558,VM-CMP-0013,1,529.99,0.0,PLN
SO-2025-001638,2,2025-02-26,2025-02-26,PL-WAW-02,C013558,VM-ACC-0020,1,809.99,0.0,PLN
SO-2025-001639,1,2025-02-26,2025-02-26,PL-POZ-01,C007502,VM-NUT-0009,2,84.99,0.0,PLN
SO-2025-001639,2,2025-02-26,2025-02-26,PL-POZ-01,C007502,VM-CMP-0011,1,159.99,0.0,PLN
SO-2025-001640,1,2025-02-26,2025-03-02,PL-WEB-01,C009071,VM-APP-0010,2,169.99,0.0,PLN
SO-2025-001641,1,2025-02-26,2025-03-02,PL-WEB-01,C012727,VM-BIK-0021,1,1249.99,0.0,PLN
SO-2025-001642,1,2025-02-26,2025-03-02,PL-WEB-01,C013559,VM-APP-0010,1,169.99,0.05,PLN
SO-2025-001642,2,2025-02-26,2025-03-02,PL-WEB-01,C013559,VM-CMP-0017,2,499.99,0.0,PLN
SO-2025-001642,3,2025-02-26,2025-03-02,PL-WEB-01,C013559,VM-APP-0019,1,65.99,0.0,PLN
SO-2025-001643,1,2025-02-26,2025-02-28,PL-WEB-01,C013560,VM-NUT-0004,12,6.99,0.0,PLN
SO-2025-001644,1,2025-02-26,2025-03-02,PL-WEB-01,C013561,VM-ACC-0010,2,249.99,0.05,PLN
SO-2025-001645,1,2025-02-26,2025-02-28,PL-WEB-01,C013562,VM-APP-0010,2,169.99,0.0,PLN
SO-2025-001646,1,2025-02-26,2025-03-01,PL-WEB-01,C013563,VM-NUT-0002,5,14.99,0.0,PLN
SO-2025-001647,1,2025-02-26,2025-03-01,PL-WEB-01,C013564,VM-ACC-0021,1,779.99,0.0,PLN
SO-2025-001648,1,2025-02-26,2025-03-01,PL-WEB-01,C013565,VM-ACC-0008,2,399.99,0.0,PLN
SO-2025-001648,2,2025-02-26,2025-03-01,PL-WEB-01,C013565,VM-CMP-0009,2,349.99,0.0,PLN
SO-2025-001649,1,2025-02-26,2025-02-27,PL-MKT-01,C011279,VM-ACC-0008,1,399.99,0.0,PLN
SO-2025-001649,2,2025-02-26,2025-02-27,PL-MKT-01,C011279,VM-APP-0013,1,439.99,0.0,PLN
SO-2025-001649,3,2025-02-26,2025-02-27,PL-MKT-01,C011279,VM-CMP-0017,2,499.99,0.05,PLN
SO-2025-001649,4,2025-02-26,2025-02-27,PL-MKT-01,C011279,VM-BIK-0006,1,6589.99,0.0,PLN
SO-2025-001650,1,2025-02-26,2025-02-27,PL-MKT-01,C011613,VM-BIK-0020,1,1209.99,0.0,PLN
SO-2025-001651,1,2025-02-26,2025-02-28,PL-MKT-01,C000054,VM-ACC-0008,1,399.99,0.0,PLN
SO-2025-001652,1,2025-02-26,2025-02-27,PL-MKT-01,C012726,VM-CMP-0001,1,399.99,0.0,PLN
SO-2025-001652,2,2025-02-26,2025-02-27,PL-MKT-01,C012726,VM-APP-0018,1,129.99,0.0,PLN
SO-2025-001652,3,2025-02-26,2025-02-27,PL-MKT-01,C012726,vm-acc-0008,2,399.99,0.0,PLN
SO-2025-001653,1,2025-02-26,2025-03-01,PL-MKT-01,C010792,VM-BIK-0007,1,7049.99,0.0,PLN
SO-2025-001653,2,2025-02-26,2025-03-01,PL-MKT-01,C010792,VM-CMP-0023,1,58.99,0.0,PLN
SO-2025-001654,1,2025-02-26,2025-02-27,PL-MKT-01,C006694,VM-EBK-0007,1,14699.99,0.05,PLN
SO-2025-001654,2,2025-02-26,2025-02-27,PL-MKT-01,C006694,VM-ACC-0008,2,399.99,0.05,PLN
SO-2025-001655,1,2025-02-26,2025-02-26,CZ-PRG-01,C004924,VM-APP-0012,1,5011.0,0.0,CZK
SO-2025-001655,2,2025-02-26,2025-02-26,CZ-PRG-01,C004924,VM-ACC-0008,2,2304.0,0.0,CZK
SO-2025-001656,1,2025-02-26,2025-02-26,CZ-BRN-01,C013566,VM-BIK-0012,1,68030.0,0.0,CZK
SO-2025-001657,1,2025-02-26,2025-02-26,CZ-BRN-01,,VM-ACC-0008,2,2304.0,0.0,CZK
SO-2025-001658,1,2025-02-26,2025-03-01,CZ-WEB-01,C005855,VM-ACC-0008,1,2304.0,0.05,CZK
SO-2025-001659,1,2025-02-26,2025-03-02,CZ-WEB-01,C008624, VM-EBK-0004 ,1,63825.0,0.0,CZK
SO-2025-001659,2,2025-02-26,2025-03-02,CZ-WEB-01,C008624,VM-ACC-0008,2,2304.0,0.0,CZK
SO-2025-001659,3,2025-02-26,2025-03-02,CZ-WEB-01,C008624,VM-ACC-0007,1,2074.0,0.0,CZK
SO-2025-001659,4,2025-02-26,2025-03-02,CZ-WEB-01,C008624,VM-CMP-0015,2,5299.0,0.0,CZK
SO-2025-001660,1,2025-02-26,2025-02-26,DE-BER-01,C011688,VM-APP-0012,1,203.49,0.0,EUR
SO-2025-001661,1,2025-02-26,2025-03-01,DE-WEB-01,C000123,VM-CMP-0013,2,123.96,0.0,EUR
SO-2025-001661,2,2025-02-26,2025-03-01,DE-WEB-01,C000123,VM-APP-0010,1,39.76,0.0,EUR
SO-2025-001662,1,2025-02-26,2025-02-27,DE-WEB-01,C007363,VM-ACC-0007,2,84.2,0.0,EUR
SO-2025-001662,2,2025-02-26,2025-02-27,DE-WEB-01,C007363,VM-BIK-0012,1,2762.31,0.0,EUR
SO-2025-001662,3,2025-02-26,2025-02-27,DE-WEB-01,C007363,VM-NUT-0009,2,19.88,0.0,EUR
SO-2025-001663,1,2025-02-26,2025-02-28,DE-WEB-01,C001330,VM-ACC-0008,2,93.56,0.0,EUR
SO-2025-001663,2,2025-02-26,2025-02-28,DE-WEB-01,C001330,VM-ACC-0019,2,11.69,0.0,EUR
SO-2025-001663,3,2025-02-26,2025-02-28,DE-WEB-01,C001330,VM-NUT-0004,3,1.63,0.0,EUR
SO-2025-001664,1,2025-02-27,2025-02-27,PL-WAW-01,C009317,VM-CMP-0006,2,199.99,0.0,PLN
SO-2025-001664,2,2025-02-27,2025-02-27,PL-WAW-01,C009317,VM-APP-0004,1,239.99,0.0,PLN
SO-2025-001664,3,2025-02-27,2025-02-27,PL-WAW-01,C009317,VM-BIK-0011,1,8649.99,0.0,PLN
SO-2025-001664,4,2025-02-27,2025-02-27,PL-WAW-01,C009317,VM-CMP-0018,3,61.99,0.0,PLN
SO-2025-001665,1,2025-02-27,2025-02-27,PL-KRK-01,C012253,VM-BIK-0012,1,11809.99,0.0,PLN
SO-2025-001665,2,2025-02-27,2025-02-27,PL-KRK-01,C012253,VM-ACC-0003,2,289.99,0.1,PLN
SO-2025-001665,3,2025-02-27,2025-02-27,PL-KRK-01,C012253,VM-ACC-0008,2,399.99,0.0,PLN
SO-2025-001666,1,2025-02-27,2025-02-27,PL-GDN-01,C013567,VM-CMP-0020,3,259.99,0.05,PLN
SO-2025-001666,2,2025-02-27,2025-02-27,PL-GDN-01,C013567,VM-CMP-0005,2,1479.99,0.05,PLN
SO-2025-001667,1,2025-02-27,2025-02-27,PL-GDN-01,C013568,VM-NUT-0002,10,14.99,0.0,PLN
SO-2025-001668,1,2025-02-27,2025-02-27,PL-POZ-01,C013569,vm-acc-0014,1,109.99,0.05,PLN
SO-2025-001668,2,2025-02-27,2025-02-27,PL-POZ-01,C013569,VM-CMP-0018,2,61.99,0.05,PLN
SO-2025-001669,1,2025-02-27,2025-02-27,PL-POZ-01,C005184,VM-ACC-0008,1,399.99,0.0,PLN
SO-2025-001669,2,2025-02-27,2025-02-27,PL-POZ-01,C005184,VM-APP-0010,2,169.99,0.0,PLN
SO-2025-001669,3,2025-02-27,2025-02-27,PL-POZ-01,C005184,VM-CMP-0013,1,529.99,0.0,PLN
SO-2025-001670,1,2025-02-27,2025-02-27,PL-LDZ-01,C008148,VM-APP-0010,1,169.99,0.05,PLN
SO-2025-001671,1,2025-02-27,2025-03-01,PL-WEB-01,C009909,VM-APP-0019,1,65.99,0.0,PLN
SO-2025-001671,2,2025-02-27,2025-03-01,PL-WEB-01,C009909,VM-ACC-0023,1,929.99,0.0,PLN
SO-2025-001672,1,2025-02-27,2025-03-02,PL-WEB-01,C006477,VM-NUT-0011,6,53.99,0.08,PLN
SO-2025-001673,1,2025-02-27,2025-02-28,PL-WEB-01,C013570,VM-ACC-0008,1,399.99,0.0,PLN
SO-2025-001673,2,2025-02-27,2025-02-28,PL-WEB-01,C013570,VM-APP-0006,2,309.99,0.0,PLN
SO-2025-001673,3,2025-02-27,2025-02-28,PL-WEB-01,C013570,VM-BIK-0003,1,6539.99,0.0,PLN
SO-2025-001674,1,2025-02-27,2025-03-02,PL-WEB-01,C008096, VM-CMP-0022 ,2,35.99,0.05,PLN
SO-2025-001674,2,2025-02-27,2025-03-02,PL-WEB-01,C008096,VM-APP-0006,1,309.99,0.05,PLN
SO-2025-001675,1,2025-02-27,2025-02-28,PL-WEB-01,C010803,VM-APP-0007,1,159.99,0.0,PLN
SO-2025-001676,1,2025-02-27,2025-03-03,PL-WEB-01,C013571,VM-CMP-0013,2,529.99,0.0,PLN
SO-2025-001676,2,2025-02-27,2025-03-03,PL-WEB-01,C013571,VM-APP-0005,1,179.99,0.0,PLN
SO-2025-001677,1,2025-02-27,2025-03-02,PL-WEB-01,C013572,VM-BIK-0003,1,6539.99,0.0,PLN
SO-2025-001677,2,2025-02-27,2025-03-02,PL-WEB-01,C013572,VM-BIK-0012,1,11809.99,0.0,PLN
SO-2025-001677,3,2025-02-27,2025-03-02,PL-WEB-01,C013572,VM-EBK-0002,1,9949.99,0.0,PLN
SO-2025-001678,1,2025-02-27,2025-02-28,PL-WEB-01,C009839,VM-CMP-0012,2,539.99,0.05,PLN
SO-2025-001678,2,2025-02-27,2025-02-28,PL-WEB-01,C009839,VM-APP-0003,3,309.99,0.05,PLN
SO-2025-001679,1,2025-02-27,2025-03-01,PL-MKT-01,C013573,VM-NUT-0001,10,8.99,0.0,PLN
SO-2025-001680,1,2025-02-27,2025-02-28,PL-MKT-01,C013574,VM-NUT-0011,3,53.99,0.0,PLN
SO-2025-001681,1,2025-02-27,2025-03-03,PL-MKT-01,C013575,VM-ACC-0008,2,399.99,0.0,PLN
SO-2025-001682,1,2025-02-27,2025-02-27,CZ-PRG-01,,VM-CMP-0011,1,922.0,0.0,CZK
SO-2025-001683,1,2025-02-27,2025-02-27,CZ-PRG-01,C012691,VM-APP-0002,1,2535.0,0.05,CZK
SO-2025-001683,2,2025-02-27,2025-02-27,CZ-PRG-01,C012691,VM-BIK-0004,1,24597.0,0.05,CZK
SO-2025-001683,3,2025-02-27,2025-02-27,CZ-PRG-01,C012691,VM-NUT-0003,15,63.0,0.05,CZK
SO-2025-001684,1,2025-02-27,2025-02-27,CZ-PRG-01,C011719,VM-ACC-0018,3,288.0,0.0,CZK
SO-2025-001684,2,2025-02-27,2025-02-27,CZ-PRG-01,C011719,VM-ACC-0021,1,4493.0,0.0,CZK
SO-2025-001685,1,2025-02-27,2025-02-27,CZ-BRN-01,,VM-CMP-0011,2,922.0,0.0,CZK
SO-2025-001686,1,2025-02-27,2025-02-28,CZ-WEB-01,C008850,VM-ACC-0006,2,5472.0,0.0,CZK
SO-2025-001687,1,2025-02-27,2025-03-03,DE-WEB-01,C013576,VM-APP-0019,1,15.43,0.0,EUR
SO-2025-001687,2,2025-02-27,2025-03-03,DE-WEB-01,C013576,VM-ACC-0007,1,84.2,0.0,EUR
SO-2025-001687,3,2025-02-27,2025-03-03,DE-WEB-01,C013576,VM-BIK-0013,1,1122.7,0.0,EUR
SO-2025-001688,1,2025-02-27,2025-03-01,DE-WEB-01,C010010,VM-NUT-0004,10,1.63,0.05,EUR
SO-2025-001688,2,2025-02-27,2025-03-01,DE-WEB-01,C010010,VM-CMP-0004,2,168.4,0.05,EUR
SO-2025-001689,1,2025-02-27,2025-03-02,DE-WEB-01,C005518,VM-APP-0013,1,102.91,0.0,EUR
SO-2025-001689,2,2025-02-27,2025-03-02,DE-WEB-01,C005518,VM-CMP-0002,2,130.98,0.0,EUR
SO-2025-001689,3,2025-02-27,2025-03-02,DE-WEB-01,C005518,VM-ACC-0013,1,39.76,0.0,EUR
SO-2025-001690,1,2025-02-27,2025-03-03,DE-WEB-01,C011470,VM-CMP-0021,3,11.22,0.0,EUR
SO-2025-001691,1,2025-02-28,2025-02-28,PL-WAW-01,C013577,VM-BIK-0009,1,5639.99,0.05,PLN
SO-2025-001691,2,2025-02-28,2025-02-28,PL-WAW-01,C013577,VM-ACC-0007,1,359.99,0.05,PLN
SO-2025-001692,1,2025-02-28,2025-02-28,PL-WAW-02,,VM-ACC-0001,1,379.99,0.0,PLN
SO-2025-001692,2,2025-02-28,2025-02-28,PL-WAW-02,,VM-ACC-0021,1,779.99,0.0,PLN
SO-2025-001693,1,2025-02-28,2025-02-28,PL-KRK-01,C012253,VM-CMP-0001,1,399.99,0.0,PLN
SO-2025-001693,2,2025-02-28,2025-02-28,PL-KRK-01,C012253,VM-BIK-0016,1,3589.99,0.0,PLN
SO-2025-001694,1,2025-02-28,2025-02-28,PL-WRO-01,C006776,VM-BIK-0009,1,5639.99,0.0,PLN
SO-2025-001694,2,2025-02-28,2025-02-28,PL-WRO-01,C006776,VM-ACC-0008,1,399.99,0.0,PLN
SO-2025-001695,1,2025-02-28,2025-02-28,PL-WRO-01,C004277,VM-NUT-0004,13,6.99,0.0,PLN
SO-2025-001695,2,2025-02-28,2025-02-28,PL-WRO-01,C004277,VM-APP-0020,2,179.99,0.0,PLN
SO-2025-001695,3,2025-02-28,2025-02-28,PL-WRO-01,C004277,VM-CMP-0017,1,499.99,0.0,PLN
SO-2025-001696,1,2025-02-28,2025-02-28,PL-LDZ-01,C013578,VM-APP-0011,1,409.99,0.05,PLN
SO-2025-001696,2,2025-02-28,2025-02-28,PL-LDZ-01,C013578,VM-CMP-0005,1,1479.99,0.05,PLN
SO-2025-001697,1,2025-02-28,2025-03-01,PL-WEB-01,C013579,VM-ACC-0008,1,399.99,0.05,PLN
SO-2025-001697,2,2025-02-28,2025-03-01,PL-WEB-01,C013579,VM-NUT-0002,11,14.99,0.0,PLN
SO-2025-001697,3,2025-02-28,2025-03-01,PL-WEB-01,C013579, VM-NUT-0011 ,1,53.99,0.0,PLN
SO-2025-001697,4,2025-02-28,2025-03-01,PL-WEB-01,C013579,VM-EBK-0011,1,14639.99,0.0,PLN
SO-2025-001698,1,2025-02-28,2025-03-04,PL-WEB-01,C013580,VM-APP-0010,1,169.99,0.0,PLN
SO-2025-001699,1,2025-02-28,2025-03-01,PL-WEB-01,C013581,VM-NUT-0001,5,8.99,0.05,PLN
SO-2025-001699,2,2025-02-28,2025-03-01,PL-WEB-01,C013581,VM-APP-0002,3,439.99,0.05,PLN
SO-2025-001699,3,2025-02-28,2025-03-01,PL-WEB-01,C013581,VM-CMP-0017,1,499.99,0.05,PLN
SO-2025-001699,4,2025-02-28,2025-03-01,PL-WEB-01,C013581,VM-NUT-0006,11,9.99,0.05,PLN
SO-2025-001700,1,2025-02-28,2025-03-02,PL-WEB-01,C005254,VM-APP-0007,1,159.99,0.05,PLN
SO-2025-001700,2,2025-02-28,2025-03-02,PL-WEB-01,C005254,VM-CMP-0002,2,559.99,0.05,PLN
SO-2025-001701,1,2025-02-28,2025-03-01,PL-MKT-01,C013582, VM-ACC-0011 ,1,71.99,0.05,PLN
SO-2025-001702,1,2025-02-28,2025-03-03,PL-MKT-01,C013583,VM-APP-0012,1,869.99,0.0,PLN
SO-2025-001702,2,2025-02-28,2025-03-03,PL-MKT-01,C013583,VM-APP-0013,1,439.99,0.0,PLN
SO-2025-001703,1,2025-02-28,2025-02-28,CZ-PRG-01,C012133,VM-NUT-0006,60,58.0,0.1,CZK
SO-2025-001704,1,2025-02-28,2025-02-28,CZ-PRG-01,C010764,VM-EBK-0009,1,57085.0,0.0,CZK
SO-2025-001704,2,2025-02-28,2025-02-28,CZ-PRG-01,C010764,VM-ACC-0014,1,634.0,0.0,CZK
SO-2025-001704,3,2025-02-28,2025-02-28,CZ-PRG-01,C010764,VM-ACC-0005,1,1037.0,0.0,CZK
SO-2025-001704,4,2025-02-28,2025-02-28,CZ-PRG-01,C010764,VM-ACC-0008,2,2304.0,0.0,CZK
SO-2025-001705,1,2025-02-28,2025-02-28,CZ-BRN-01,,VM-ACC-0014,1,634.0,0.0,CZK
SO-2025-001706,1,2025-02-28,2025-02-28,CZ-BRN-01,,VM-CMP-0001,1,2304.0,0.0,CZK
SO-2025-001707,1,2025-02-28,2025-03-04,CZ-WEB-01,C000515,VM-BIK-0019,1,6970.0,0.0,CZK
SO-2025-001707,2,2025-02-28,2025-03-04,CZ-WEB-01,C000515,VM-ACC-0008,1,2304.0,0.0,CZK
SO-2025-001707,3,2025-02-28,2025-03-04,CZ-WEB-01,C000515,VM-ACC-0013,1,979.0,0.0,CZK
SO-2025-001708,1,2025-02-28,2025-03-02,CZ-WEB-01,C013584,VM-CMP-0012,2,3111.0,0.0,CZK
