OrderID,LineNo,OrderDate,ShipDate,StoreID,CustomerID,SKU,Quantity,UnitPrice,DiscountPct,Currency
SO-2024-010082,1,2024-08-01,2024-08-02,PL-WEB-01,C004528,VM-NUT-0006,8,9.79,0.0,PLN
SO-2024-010193,2,2024-08-04,2024-08-06,PL-WEB-01,C008614,VM-CMP-0002,4,548.79,0.08,PLN
SO-2024-010461,1,2024-08-09,2024-08-11,PL-WEB-01,C000068,VM-ACC-0009,2,391.99,0.0,PLN
SO-2024-010517,2,2024-08-10,2024-08-13,PL-MKT-01,C010420,VM-NUT-0004,7,6.85,0.0,PLN
SO-2024-010548,1,2024-08-11,2024-08-14,PL-MKT-01,C010432,VM-ACC-0008,1,391.99,0.05,PLN
SO-2024-010899,4,2024-08-18,2024-08-20,PL-WEB-01,C010556,VM-BIK-0002,1,9437.39,0.0,PLN
SO-2024-010927,2,2024-08-18,2024-08-19,CZ-WEB-01,C010571, VM-APP-0010 ,1,940.0,0.0,CZK
SO-2024-011004,2,2024-08-20,2024-08-22,PL-WEB-01,C010605,VM-CMP-0002,2,548.79,0.0,PLN
SO-2024-011102,1,2024-08-22,2024-08-22,PL-LDZ-01,,VM-APP-0013,1,431.19,0.0,PLN
SO-2024-011211,1,2024-08-24,2024-08-24,PL-WAW-01,C005483,VM-BIK-0018,1,2351.99,0.0,PLN
SO-2024-011472,1,2024-08-28,2024-08-30,PL-MKT-01,C010287,VM-ACC-0022,1,1538.59,0.0,PLN
SO-2024-011667,1,2024-09-01,2024-09-05,PL-WEB-01,C010826,VM-CMP-0011,1,156.79,0.0,PLN
SO-2024-011668,1,2024-09-01,2024-09-05,PL-WEB-01,C010827,VM-APP-0008,10,156.79,0.1,PLN
SO-2024-011668,2,2024-09-01,2024-09-05,PL-WEB-01,C010827,VM-CMP-0014,5,421.39,0.12,PLN
SO-2024-011669,1,2024-09-01,2024-09-05,PL-WEB-01,C009300,VM-NUT-0007,12,12.73,0.0,PLN
SO-2024-011670,1,2024-09-01,2024-09-05,PL-WEB-01,C009346,VM-BIK-0015,1,3028.19,0.0,PLN
SO-2024-011671,1,2024-09-01,2024-09-05,PL-WEB-01,C010828,VM-BIK-0020,1,1185.79,0.15,PLN
SO-2024-011672,1,2024-09-01,2024-09-02,PL-MKT-01,C006743,VM-ACC-0013,1,166.59,0.0,PLN
SO-2024-011672,2,2024-09-01,2024-09-02,PL-MKT-01,C006743,VM-APP-0001,3,450.79,0.0,PLN
SO-2024-011673,1,2024-09-01,2024-09-03,PL-MKT-01,C010829,VM-BIK-0019,1,1185.79,0.2,PLN
SO-2024-011674,1,2024-09-01,2024-09-04,PL-MKT-01,C008768,VM-APP-0019,4,64.67,0.1,PLN
SO-2024-011675,1,2024-09-01,2024-09-05,PL-MKT-01,C010830,VM-BIK-0006,1,6458.19,0.0,PLN
SO-2024-011676,1,2024-09-01,2024-09-04,PL-MKT-01,C010831,VM-APP-0002,2,431.19,0.0,PLN
SO-2024-011676,2,2024-09-01,2024-09-04,PL-MKT-01,C010831,VM-EBK-0003,1,8908.19,0.05,PLN
SO-2024-011676,3,2024-09-01,2024-09-04,PL-MKT-01,C010831,VM-APP-0008,2,156.79,0.0,PLN
SO-2024-011677,1,2024-09-01,2024-09-01,CZ-PRG-01,C010832,VM-APP-0010,2,945.0,0.0,CZK
SO-2024-011677,2,2024-09-01,2024-09-01,CZ-PRG-01,C010832,VM-CMP-0013,1,2946.0,0.0,CZK
SO-2024-011678,1,2024-09-01,2024-09-01,CZ-PRG-01,C010710,VM-BIK-0009,1,31351.0,0.0,CZK
SO-2024-011678,2,2024-09-01,2024-09-01,CZ-PRG-01,C010710,VM-BIK-0014,1,21290.0,0.1,CZK
SO-2024-011678,3,2024-09-01,2024-09-01,CZ-PRG-01,C010710,VM-ACC-0014,1,611.0,0.0,CZK
SO-2024-011679,1,2024-09-01,2024-09-05,CZ-WEB-01,C010833,VM-ACC-0001,1,2112.0,0.0,CZK
SO-2024-011679,2,2024-09-01,2024-09-05,CZ-WEB-01,C010833,VM-ACC-0004,2,4336.0,0.0,CZK
SO-2024-011680,1,2024-09-01,2024-09-05,CZ-WEB-01,C008331,VM-EBK-0010,4,74987.0,0.2,CZK
SO-2024-011680,2,2024-09-01,2024-09-05,CZ-WEB-01,C008331,VM-ACC-0002,4,3391.0,0.12,CZK
SO-2024-011680,3,2024-09-01,2024-09-05,CZ-WEB-01,C008331,VM-ACC-0018,6,278.0,0.08,CZK
SO-2024-011680,4,2024-09-01,2024-09-05,CZ-WEB-01,C008331,VM-BIK-0007,3,39189.0,0.1,CZK
SO-2024-011681,1,2024-09-01,2024-09-03,CZ-WEB-01,C010494,VM-BIK-0013,1,26682.0,0.0,CZK
SO-2024-011681,2,2024-09-01,2024-09-03,CZ-WEB-01,C010494,VM-ACC-0017,2,322.0,0.0,CZK
SO-2024-011681,3,2024-09-01,2024-09-03,CZ-WEB-01,C010494,VM-ACC-0015,1,1945.0,0.0,CZK
SO-2024-011682,1,2024-09-01,2024-09-05,CZ-WEB-01,C009349,VM-CMP-0009,1,1945.0,0.0,CZK
SO-2024-011683,1,2024-09-01,2024-09-04,DE-WEB-01,C008583,VM-ACC-0008,1,91.4,0.0,EUR
SO-2024-011684,1,2024-09-01,2024-09-03,DE-WEB-01,C010834,VM-BIK-0001,1,3128.27,0.2,EUR
SO-2024-011684,2,2024-09-01,2024-09-03,DE-WEB-01,C010834,VM-ACC-0017,1,13.25,0.05,EUR
SO-2024-011684,3,2024-09-01,2024-09-03,DE-WEB-01,C010834,VM-ACC-0001,1,86.83,0.0,EUR
SO-2024-011685,1,2024-09-01,2024-09-04,DE-WEB-01,C010835,VM-CMP-0023,2,13.48,0.0,EUR
SO-2024-011686,1,2024-09-01,2024-09-04,DE-WEB-01,C010836,VM-ACC-0014,1,25.13,0.0,EUR
SO-2024-011687,1,2024-09-01,2024-09-05,DE-WEB-01,C008833,VM-APP-0003,2,70.84,0.0,EUR
SO-2024-011688,1,2024-09-01,2024-09-04,DE-WEB-01,C010837,VM-CMP-0011,1,36.56,0.0,EUR
SO-2024-011688,2,2024-09-01,2024-09-04,DE-WEB-01,C010837,VM-EBK-0002,1,2273.65,0.0,EUR
SO-2024-011689,1,2024-09-01,2024-09-05,DE-WEB-01,C010838,VM-NUT-0002,7,3.43,0.0,EUR
SO-2024-011690,1,2024-09-02,2024-09-02,PL-WAW-01,C005457,VM-ACC-0023,1,911.39,0.0,PLN
SO-2024-011691,1,2024-09-02,2024-09-02,PL-WAW-01,,VM-NUT-0006,8,9.79,0.05,PLN
SO-2024-011692,1,2024-09-02,2024-09-02,PL-WAW-01,,VM-BIK-0007,1,6908.99,0.1,PLN
SO-2024-011692,2,2024-09-02,2024-09-02,PL-WAW-01,,VM-NUT-0010,3,34.29,0.0,PLN
SO-2024-011693,1,2024-09-02,2024-09-02,PL-WAW-02,C010644,VM-APP-0009,1,342.99,0.1,PLN
SO-2024-011693,2,2024-09-02,2024-09-02,PL-WAW-02,C010644,VM-ACC-0010,1,244.99,0.0,PLN
SO-2024-011694,1,2024-09-02,2024-09-02,PL-WAW-02,C010248,VM-NUT-0004,4,6.85,0.0,PLN
SO-2024-011695,1,2024-09-02,2024-09-02,PL-WAW-02,C000445,VM-CMP-0004,2,705.59,0.0,PLN
SO-2024-011696,1,2024-09-02,2024-09-02,PL-KRK-01,,VM-APP-0012,1,852.59,0.0,PLN
SO-2024-011696,2,2024-09-02,2024-09-02,PL-KRK-01,,VM-APP-0008,2,156.79,0.0,PLN
SO-2024-011696,3,2024-09-02,2024-09-02,PL-KRK-01,,VM-ACC-0008,2,391.99,0.0,PLN
SO-2024-011697,1,2024-09-02,2024-09-02,PL-KRK-01,C010839,VM-BIK-0009,1,5527.19,0.0,PLN
SO-2024-011698,1,2024-09-02,2024-09-02,PL-KRK-01,C010840,VM-BIK-0011,1,8476.99,0.0,PLN
SO-2024-011699,1,2024-09-02,2024-09-02,PL-KRK-01,C007268,VM-APP-0019,2,64.67,0.0,PLN
SO-2024-011699,2,2024-09-02,2024-09-02,PL-KRK-01,C007268,VM-APP-0020,1,176.39,0.0,PLN
SO-2024-011699,3,2024-09-02,2024-09-02,PL-KRK-01,C007268,VM-BIK-0007,1,6908.99,0.0,PLN
SO-2024-011699,4,2024-09-02,2024-09-02,PL-KRK-01,C007268,VM-ACC-0021,1,764.39,0.0,PLN
SO-2024-011700,1,2024-09-02,2024-09-02,PL-WRO-01,,VM-EBK-0010,1,13220.19,0.0,PLN
SO-2024-011700,2,2024-09-02,2024-09-02,PL-WRO-01,,VM-ACC-0008,2,391.99,0.0,PLN
SO-2024-011700,3,2024-09-02,2024-09-02,PL-WRO-01,,VM-APP-0004,1,235.19,0.0,PLN
SO-2024-011701,1,2024-09-02,2024-09-02,PL-WRO-01,,VM-APP-0006,1,303.79,0.0,PLN
SO-2024-011702,1,2024-09-02,2024-09-02,PL-WRO-01,C003070,VM-BIK-0003,3,6409.19,0.08,PLN
SO-2024-011703,1,2024-09-02,2024-09-02,PL-GDN-01,C003303,VM-ACC-0018,1,48.99,0.0,PLN
SO-2024-011703,2,2024-09-02,2024-09-02,PL-GDN-01,C003303,VM-CMP-0020,4,254.79,0.0,PLN
SO-2024-011704,1,2024-09-02,2024-09-02,PL-GDN-01,,VM-CMP-0017,2,489.99,0.1,PLN
SO-2024-011705,1,2024-09-02,2024-09-02,PL-GDN-01,C010579,VM-EBK-0006,1,19737.19,0.0,PLN
SO-2024-011705,2,2024-09-02,2024-09-02,PL-GDN-01,C010579,VM-ACC-0018,2,48.99,0.0,PLN
SO-2024-011705,3,2024-09-02,2024-09-02,PL-GDN-01,C010579,VM-ACC-0008,2,391.99,0.0,PLN
SO-2024-011706,1,2024-09-02,2024-09-02,PL-GDN-01,,VM-CMP-0020,4,254.79,0.1,PLN
SO-2024-011706,2,2024-09-02,2024-09-02,PL-GDN-01,,VM-NUT-0009,1,83.29,0.0,PLN
SO-2024-011707,1,2024-09-02,2024-09-02,PL-POZ-01,C010841,VM-ACC-0022,1,1538.59,0.0,PLN
SO-2024-011708,1,2024-09-02,2024-09-02,PL-POZ-01,,VM-ACC-0002,2,597.79,0.0,PLN
SO-2024-011709,1,2024-09-02,2024-09-04,PL-WEB-01,C004567,VM-APP-0018,1,127.39,0.0,PLN
SO-2024-011709,2,2024-09-02,2024-09-04,PL-WEB-01,C004567,VM-BIK-0021,1,1224.99,0.2,PLN
SO-2024-011710,1,2024-09-02,2024-09-06,PL-WEB-01,C010842,VM-NUT-0003,14,10.77,0.05,PLN
SO-2024-011711,1,2024-09-02,2024-09-06,PL-WEB-01,C001039,VM-NUT-0003,6,10.77,0.0,PLN
SO-2024-011711,2,2024-09-02,2024-09-06,PL-WEB-01,C001039,VM-ACC-0012,1,70.55,0.0,PLN
SO-2024-011712,1,2024-09-02,2024-09-04,PL-WEB-01,C010843,VM-NUT-0003,15,10.77,0.0,PLN
SO-2024-011712,2,2024-09-02,2024-09-04,PL-WEB-01,C010843,VM-BIK-0004,1,4184.59,0.1,PLN
SO-2024-011713,1,2024-09-02,2024-09-04,PL-WEB-01,C008942,VM-ACC-0022,1,1538.59,0.05,PLN
SO-2024-011713,2,2024-09-02,2024-09-04,PL-WEB-01,C008942,VM-NUT-0006,3,9.79,0.05,PLN
SO-2024-011713,3,2024-09-02,2024-09-04,PL-WEB-01,C008942,VM-APP-0010,1,166.59,0.05,PLN
SO-2024-011713,4,2024-09-02,2024-09-04,PL-WEB-01,C008942,VM-NUT-0003,7,10.77,0.05,PLN
SO-2024-011714,1,2024-09-02,2024-09-05,PL-WEB-01,C004282,VM-ACC-0019,2,48.99,0.1,PLN
SO-2024-011714,2,2024-09-02,2024-09-05,PL-WEB-01,C004282,VM-CMP-0005,1,1450.39,0.0,PLN
SO-2024-011714,3,2024-09-02,2024-09-05,PL-WEB-01,C004282,VM-BIK-0019,1,1185.79,0.05,PLN
SO-2024-011715,1,2024-09-02,2024-09-03,PL-WEB-01,C008208,VM-NUT-0006,7,9.79,0.0,PLN
SO-2024-011715,2,2024-09-02,2024-09-03,PL-WEB-01,C008208,VM-ACC-0017,3,56.83,0.0,PLN
SO-2024-011715,3,2024-09-02,2024-09-03,PL-WEB-01,C008208,VM-NUT-0001,8,8.81,0.0,PLN
SO-2024-011716,1,2024-09-02,2024-09-05,PL-WEB-01,C010844,VM-ACC-0008,2,391.99,0.0,PLN
SO-2024-011717,1,2024-09-02,2024-09-03,PL-WEB-01,C010845,VM-CMP-0020,2,254.79,0.0,PLN
SO-2024-011717,2,2024-09-02,2024-09-03,PL-WEB-01,C010845,VM-CMP-0013,1,519.39,0.0,PLN
SO-2024-011718,1,2024-09-02,2024-09-03,PL-MKT-01,C008378,VM-EBK-0001,1,7516.59,0.0,PLN
SO-2024-011719,1,2024-09-02,2024-09-04,PL-MKT-01,C006743,VM-CMP-0009,2,342.99,0.0,PLN
SO-2024-011719,2,2024-09-02,2024-09-04,PL-MKT-01,C006743,VM-CMP-0005,2,1450.39,0.0,PLN
SO-2024-011720,1,2024-09-02,2024-09-04,PL-MKT-01,C010846,VM-NUT-0009,3,83.29,0.0,PLN
SO-2024-011721,1,2024-09-02,2024-09-05,PL-MKT-01,C002021,VM-NUT-0004,6,6.85,0.0,PLN
SO-2024-011721,2,2024-09-02,2024-09-05,PL-MKT-01,C002021,VM-NUT-0006,10,9.79,0.05,PLN
SO-2024-011721,3,2024-09-02,2024-09-05,PL-MKT-01,C002021,VM-BIK-0007,1,6908.99,0.1,PLN
SO-2024-011721,4,2024-09-02,2024-09-05,PL-MKT-01,C002021,VM-CMP-0009,2,342.99,0.0,PLN
SO-2024-011722,1,2024-09-02,2024-09-05,PL-MKT-01,C010847,VM-ACC-0004,2,764.39,0.0,PLN
SO-2024-011723,1,2024-09-02,2024-09-06,PL-MKT-01,C010848,VM-ACC-0008,2,391.99,0.0,PLN
SO-2024-011724,1,2024-09-02,2024-09-06,PL-MKT-01,C010849,VM-NUT-0009,2,83.29,0.0,PLN
SO-2024-011724,2,2024-09-02,2024-09-06,PL-MKT-01,C010849,VM-BIK-0019,1,1185.79,0.2,PLN
SO-2024-011724,3,2024-09-02,2024-09-06,PL-MKT-01,C010849, VM-ACC-0008 ,1,391.99,0.0,PLN
SO-2024-011724,4,2024-09-02,2024-09-06,PL-MKT-01,C010849,VM-ACC-0018,1,48.99,0.0,PLN
SO-2024-011725,1,2024-09-02,2024-09-05,PL-MKT-01,C010850,VM-ACC-0012,1,70.55,0.0,PLN
SO-2024-011725,2,2024-09-02,2024-09-05,PL-MKT-01,C010850,VM-NUT-0002,5,14.69,0.0,PLN
SO-2024-011726,1,2024-09-02,2024-09-04,PL-MKT-01,C010851,VM-BIK-0003,1,6409.19,0.0,PLN
SO-2024-011726,2,2024-09-02,2024-09-04,PL-MKT-01,C010851,VM-CMP-0017,2,489.99,0.0,PLN
SO-2024-011727,1,2024-09-02,2024-09-04,PL-MKT-01,C002743,VM-CMP-0017,2,489.99,0.05,PLN
SO-2024-011728,1,2024-09-02,2024-09-03,PL-MKT-01,C010852,VM-ACC-0019,1,48.99,0.0,PLN
SO-2024-011728,2,2024-09-02,2024-09-03,PL-MKT-01,C010852,VM-ACC-0010,1,244.99,0.0,PLN
SO-2024-011729,1,2024-09-02,2024-09-04,PL-MKT-01,C010853,VM-CMP-0019,1,205.79,0.0,PLN
SO-2024-011729,2,2024-09-02,2024-09-04,PL-MKT-01,C010853,VM-APP-0012,1,852.59,0.0,PLN
SO-2024-011729,3,2024-09-02,2024-09-04,PL-MKT-01,C010853,VM-NUT-0003,5,10.77,0.0,PLN
SO-2024-011730,1,2024-09-02,2024-09-02,CZ-PRG-01,C009926,VM-APP-0001,3,2557.0,0.0,CZK
SO-2024-011731,1,2024-09-02,2024-09-02,CZ-PRG-01,,VM-ACC-0008,2,2223.0,0.05,CZK
SO-2024-011732,1,2024-09-02,2024-09-03,CZ-WEB-01,C010854,VM-ACC-0020,1,4502.0,0.0,CZK
SO-2024-011733,1,2024-09-02,2024-09-06,CZ-WEB-01,C002768,VM-CMP-0017,2,2779.0,0.1,CZK
SO-2024-011733,2,2024-09-02,2024-09-06,CZ-WEB-01,C002768,VM-ACC-0008,1,2223.0,0.05,CZK
SO-2024-011733,3,2024-09-02,2024-09-06,CZ-WEB-01,C002768,VM-APP-0006,2,1723.0,0.05,CZK
SO-2024-011734,1,2024-09-02,2024-09-04,CZ-WEB-01,C010855,VM-NUT-0010,2,194.0,0.05,CZK
SO-2024-011735,1,2024-09-02,2024-09-04,CZ-WEB-01,C000831,VM-APP-0001,2,2557.0,0.0,CZK
SO-2024-011735,2,2024-09-02,2024-09-04,CZ-WEB-01,C000831,VM-ACC-0008,2,2223.0,0.0,CZK
SO-2024-011736,1,2024-09-02,2024-09-04,CZ-WEB-01,C003385,VM-CMP-0009,2,1945.0,0.0,CZK
SO-2024-011737,1,2024-09-02,2024-09-02,DE-BER-01,C002732,VM-ACC-0008,2,91.4,0.0,EUR
SO-2024-011737,2,2024-09-02,2024-09-02,DE-BER-01,C002732,VM-EBK-0001,1,1752.65,0.0,EUR
SO-2024-011737,3,2024-09-02,2024-09-02,DE-BER-01,C002732,VM-NUT-0003,4,2.51,0.0,EUR
SO-2024-011738,1,2024-09-02,2024-09-02,DE-BER-01,C003389, VM-ACC-0021 ,1,178.23,0.0,EUR
SO-2024-011738,2,2024-09-02,2024-09-02,DE-BER-01,C003389,VM-APP-0006,2,70.84,0.0,EUR
SO-2024-011739,1,2024-09-02,2024-09-02,DE-BER-01,C007668,VM-BIK-0012,3,2698.67,0.1,EUR
SO-2024-011740,1,2024-09-02,2024-09-02,DE-BER-01,C010010,VM-APP-0013,1,100.54,0.05,EUR
SO-2024-011741,1,2024-09-02,2024-09-03,DE-WEB-01,C010856,VM-APP-0004,1,54.84,0.0,EUR
SO-2024-011741,2,2024-09-02,2024-09-03,DE-WEB-01,C010856,VM-BIK-0007,1,1610.98,0.0,EUR
SO-2024-011742,1,2024-09-02,2024-09-04,DE-WEB-01,C010857,VM-NUT-0002,15,3.43,0.0,EUR
SO-2024-011742,2,2024-09-02,2024-09-04,DE-WEB-01,C010857,VM-EBK-0003,1,2077.13,0.0,EUR
SO-2024-011742,3,2024-09-02,2024-09-04,DE-WEB-01,C010857,VM-ACC-0008,1,91.4,0.0,EUR
SO-2024-011743,1,2024-09-02,2024-09-06,DE-WEB-01,C010858,VM-ACC-0013,1,38.84,0.0,EUR
SO-2024-011743,2,2024-09-02,2024-09-06,DE-WEB-01,C010858,VM-ACC-0015,1,79.98,0.0,EUR
SO-2024-011743,3,2024-09-02,2024-09-06,DE-WEB-01,C010858,VM-CMP-0013,2,121.11,0.0,EUR
SO-2024-011744,1,2024-09-02,2024-09-04,DE-WEB-01,C010554,VM-EBK-0010,5,3082.56,0.2,EUR
SO-2024-011744,2,2024-09-02,2024-09-04,DE-WEB-01,C010554,VM-ACC-0008,5,91.4,0.12,EUR
SO-2024-011744,3,2024-09-02,2024-09-04,DE-WEB-01,C010554,VM-ACC-0007,4,82.26,0.12,EUR
SO-2024-011744,4,2024-09-02,2024-09-04,DE-WEB-01,C010554,VM-ACC-0012,2,16.45,0.12,EUR
SO-2024-011745,1,2024-09-02,2024-09-06,DE-WEB-01,C010859,VM-ACC-0017,3,13.25,0.0,EUR
SO-2024-011745,2,2024-09-02,2024-09-06,DE-WEB-01,C010859,VM-NUT-0010,1,8.0,0.0,EUR
SO-2024-011746,1,2024-09-02,2024-09-05,DE-WEB-01,C010860,VM-CMP-0020,3,59.41,0.0,EUR
SO-2024-011747,1,2024-09-03,2024-09-03,PL-WAW-01,,VM-BIK-0007,1,6908.99,0.0,PLN
SO-2024-011747,2,2024-09-03,2024-09-03,PL-WAW-01,,VM-ACC-0001,2,372.39,0.0,PLN
SO-2024-011748,1,2024-09-03,2024-09-03,PL-WAW-01,C010861,VM-APP-0013,1,431.19,0.0,PLN
SO-2024-011748,2,2024-09-03,2024-09-03,PL-WAW-01,C010861,VM-APP-0001,1,450.79,0.0,PLN
SO-2024-011749,1,2024-09-03,2024-09-03,PL-WAW-01,C010862,VM-APP-0015,1,558.59,0.1,PLN
SO-2024-011749,2,2024-09-03,2024-09-03,PL-WAW-01,C010862,VM-APP-0018,1,127.39,0.0,PLN
SO-2024-011750,1,2024-09-03,2024-09-03,PL-WAW-02,C010863,VM-EBK-0007,1,14405.99,0.15,PLN
SO-2024-011751,1,2024-09-03,2024-09-03,PL-WAW-02,,VM-ACC-0003,1,284.19,0.0,PLN
SO-2024-011752,1,2024-09-03,2024-09-03,PL-KRK-01,C010864,VM-ACC-0014,1,107.79,0.0,PLN
SO-2024-011753,1,2024-09-03,2024-09-03,PL-KRK-01,C008368,VM-BIK-0012,1,11573.79,0.0,PLN
SO-2024-011754,1,2024-09-03,2024-09-03,PL-KRK-01,C010865,VM-ACC-0008,1,391.99,0.0,PLN
SO-2024-011754,2,2024-09-03,2024-09-03,PL-KRK-01,C010865,VM-BIK-0013,1,4703.99,0.1,PLN
SO-2024-011755,1,2024-09-03,2024-09-03,PL-WRO-01,,VM-ACC-0020,1,793.79,0.0,PLN
SO-2024-011756,1,2024-09-03,2024-09-03,PL-WRO-01,C006375,VM-BIK-0013,2,4703.99,0.1,PLN
SO-2024-011757,1,2024-09-03,2024-09-03,PL-WRO-01,,VM-ACC-0003,2,284.19,0.0,PLN
SO-2024-011757,2,2024-09-03,2024-09-03,PL-WRO-01,,VM-ACC-0018,2,48.99,0.0,PLN
SO-2024-011758,1,2024-09-03,2024-09-03,PL-GDN-01,C010866,VM-APP-0011,2,401.79,0.0,PLN
SO-2024-011759,1,2024-09-03,2024-09-03,PL-GDN-01,C010867,VM-EBK-0003,1,8908.19,0.0,PLN
SO-2024-011760,1,2024-09-03,2024-09-03,PL-GDN-01,C007708,VM-BIK-0007,1,6908.99,0.15,PLN
SO-2024-011760,2,2024-09-03,2024-09-03,PL-GDN-01,C007708,VM-ACC-0002,2,597.79,0.0,PLN
SO-2024-011760,3,2024-09-03,2024-09-03,PL-GDN-01,C007708,VM-BIK-0019,1,1185.79,0.0,PLN
SO-2024-011760,4,2024-09-03,2024-09-03,PL-GDN-01,C007708,VM-ACC-0018,2,48.99,0.0,PLN
SO-2024-011761,1,2024-09-03,2024-09-03,PL-GDN-01,C010868,VM-APP-0010,1,166.59,0.0,PLN
SO-2024-011762,1,2024-09-03,2024-09-03,PL-POZ-01,C010869,VM-APP-0006,1,303.79,0.0,PLN
SO-2024-011763,1,2024-09-03,2024-09-03,PL-POZ-01,C009388,VM-APP-0006,3,303.79,0.0,PLN
SO-2024-011763,2,2024-09-03,2024-09-03,PL-POZ-01,C009388,vm-acc-0020,1,793.79,0.0,PLN
SO-2024-011764,1,2024-09-03,2024-09-03,PL-LDZ-01,C009579,VM-ACC-0004,3,764.39,0.12,PLN
SO-2024-011764,2,2024-09-03,2024-09-03,PL-LDZ-01,C009579,VM-BIK-0017,2,1871.79,0.12,PLN
SO-2024-011765,1,2024-09-03,2024-09-07,PL-WEB-01,C010592,VM-NUT-0009,20,83.29,0.1,PLN
SO-2024-011766,1,2024-09-03,2024-09-04,PL-WEB-01,C010870,VM-CMP-0007,2,617.39,0.0,PLN
SO-2024-011767,1,2024-09-03,2024-09-04,PL-WEB-01,C005493,VM-ACC-0014,1,107.79,0.0,PLN
SO-2024-011768,1,2024-09-03,2024-09-05,PL-WEB-01,C005362,VM-ACC-0013,1,166.59,0.0,PLN
SO-2024-011768,2,2024-09-03,2024-09-05,PL-WEB-01,C005362,VM-NUT-0006,8,9.79,0.05,PLN
SO-2024-011768,3,2024-09-03,2024-09-05,PL-WEB-01,C005362,VM-ACC-0017,1,56.83,0.0,PLN
SO-2024-011769,1,2024-09-03,2024-09-04,PL-WEB-01,C004465,VM-APP-0006,1,303.79,0.0,PLN
SO-2024-011770,1,2024-09-03,2024-09-04,PL-WEB-01,C010871,VM-ACC-0018,2,48.99,0.0,PLN
SO-2024-011771,1,2024-09-03,2024-09-04,PL-WEB-01,C007175,VM-BIK-0006,1,6458.19,0.1,PLN
SO-2024-011772,1,2024-09-03,2024-09-05,PL-WEB-01,C009024,VM-BIK-0007,1,6908.99,0.15,PLN
SO-2024-011773,1,2024-09-03,2024-09-06,PL-WEB-01,C005290,VM-ACC-0013,1,166.59,0.0,PLN
SO-2024-011773,2,2024-09-03,2024-09-06,PL-WEB-01,C005290,VM-NUT-0004,3,6.85,0.0,PLN
SO-2024-011773,3,2024-09-03,2024-09-06,PL-WEB-01,C005290,VM-ACC-0006,1,930.99,0.0,PLN
SO-2024-011774,1,2024-09-03,2024-09-07,PL-WEB-01,C010872,VM-ACC-0008,1,391.99,0.0,PLN
SO-2024-011775,1,2024-09-03,2024-09-04,PL-WEB-01,C010290,VM-BIK-0007,1,6908.99,0.05,PLN
SO-2024-011775,2,2024-09-03,2024-09-04,PL-WEB-01,C010290,VM-ACC-0001,2,372.39,0.05,PLN
SO-2024-011776,1,2024-09-03,2024-09-07,PL-WEB-01,C004772,VM-BIK-0012,1,11573.79,0.0,PLN
SO-2024-011776,2,2024-09-03,2024-09-07,PL-WEB-01,C004772,VM-ACC-0014,1,107.79,0.0,PLN
SO-2024-011776,3,2024-09-03,2024-09-07,PL-WEB-01,C004772,VM-ACC-0008,2,391.99,0.0,PLN
SO-2024-011777,1,2024-09-03,2024-09-06,PL-WEB-01,C007235,VM-APP-0002,2,431.19,0.0,PLN
SO-2024-011778,1,2024-09-03,2024-09-06,PL-WEB-01,C010873,VM-ACC-0021,1,764.39,0.05,PLN
SO-2024-011779,1,2024-09-03,2024-09-04,PL-MKT-01,C009177,VM-NUT-0002,5,14.69,0.05,PLN
SO-2024-011779,2,2024-09-03,2024-09-04,PL-MKT-01,C009177,VM-BIK-0019,1,1185.79,0.05,PLN
SO-2024-011780,1,2024-09-03,2024-09-04,PL-MKT-01,C006215,VM-NUT-0004,12,6.85,0.0,PLN
SO-2024-011780,2,2024-09-03,2024-09-04,PL-MKT-01,C006215,VM-CMP-0016,2,2410.79,0.0,PLN
SO-2024-011781,1,2024-09-03,2024-09-06,PL-MKT-01,C001882,VM-ACC-0002,2,597.79,0.0,PLN
SO-2024-011782,1,2024-09-03,2024-09-04,PL-MKT-01,C010874,VM-NUT-0011,2,52.91,0.0,PLN
SO-2024-011782,2,2024-09-03,2024-09-04,PL-MKT-01,C010874,VM-BIK-0012,1,11573.79,0.15,PLN
SO-2024-011782,3,2024-09-03,2024-09-04,PL-MKT-01,C010874,VM-NUT-0004,4,6.85,0.0,PLN
SO-2024-011783,1,2024-09-03,2024-09-06,PL-MKT-01,C009429,VM-BIK-0011,5,8476.99,0.15,PLN
SO-2024-011783,2,2024-09-03,2024-09-06,PL-MKT-01,C009429,VM-ACC-0014,4,107.79,0.08,PLN
SO-2024-011783,3,2024-09-03,2024-09-06,PL-MKT-01,C009429,VM-ACC-0012,5,70.55,0.12,PLN
SO-2024-011784,1,2024-09-03,2024-09-05,PL-MKT-01,C010875,VM-APP-0008,1,156.79,0.05,PLN
SO-2024-011784,2,2024-09-03,2024-09-05,PL-MKT-01,C010875,VM-EBK-0008,1,14797.99,0.1,PLN
SO-2024-011785,1,2024-09-03,2024-09-03,CZ-PRG-01,C010876,VM-CMP-0017,2,2779.0,0.0,CZK
SO-2024-011786,1,2024-09-03,2024-09-03,CZ-PRG-01,,VM-ACC-0008,1,2223.0,0.0,CZK
SO-2024-011786,2,2024-09-03,2024-09-03,CZ-PRG-01,,VM-EBK-0011,1,81379.0,0.0,CZK
SO-2024-011786,3,2024-09-03,2024-09-03,CZ-PRG-01,,VM-EBK-0006,1,111952.0,0.0,CZK
SO-2024-011787,1,2024-09-03,2024-09-03,CZ-PRG-01,,VM-BIK-0012,1,65648.0,0.1,CZK
SO-2024-011788,1,2024-09-03,2024-09-03,CZ-BRN-01,C008728,VM-ACC-0008,1,2223.0,0.0,CZK
SO-2024-011789,1,2024-09-03,2024-09-04,CZ-WEB-01,C010877,VM-ACC-0020,1,4502.0,0.0,CZK
SO-2024-011790,1,2024-09-03,2024-09-06,CZ-WEB-01,C010878,VM-NUT-0001,6,50.0,0.0,CZK
SO-2024-011791,1,2024-09-03,2024-09-05,CZ-WEB-01,C005304,VM-CMP-0002,2,3113.0,0.05,CZK
SO-2024-011791,2,2024-09-03,2024-09-05,CZ-WEB-01,C005304,VM-BIK-0020,1,6726.0,0.05,CZK
SO-2024-011792,1,2024-09-03,2024-09-03,DE-BER-01,,VM-ACC-0010,1,57.12,0.0,EUR
SO-2024-011793,1,2024-09-03,2024-09-03,DE-BER-01,C010879,VM-CMP-0014,2,98.26,0.1,EUR
SO-2024-011794,1,2024-09-03,2024-09-04,DE-WEB-01,C010880,VM-ACC-0018,3,11.42,0.0,EUR
SO-2024-011795,1,2024-09-03,2024-09-05,DE-WEB-01,C006860,VM-NUT-0009,2,19.42,0.0,EUR
SO-2024-011795,2,2024-09-03,2024-09-05,DE-WEB-01,C006860,VM-BIK-0021,1,285.63,0.0,EUR
SO-2024-011796,1,2024-09-03,2024-09-04,DE-WEB-01,C010881,VM-CMP-0013,2,121.11,0.0,EUR
SO-2024-011797,1,2024-09-03,2024-09-06,DE-WEB-01,C008871,VM-CMP-0002,1,127.96,0.0,EUR
SO-2024-011797,2,2024-09-03,2024-09-06,DE-WEB-01,C008871,vm-bik-0009,1,1288.78,0.0,EUR
SO-2024-011797,3,2024-09-03,2024-09-06,DE-WEB-01,C008871,vm-bik-0012,1,2698.67,0.0,EUR
SO-2024-011798,1,2024-09-04,2024-09-04,PL-WAW-01,C003024,VM-ACC-0013,1,166.59,0.0,PLN
SO-2024-011799,1,2024-09-04,2024-09-04,PL-WAW-01,,VM-APP-0009,2,342.99,0.0,PLN
SO-2024-011799,2,2024-09-04,2024-09-04,PL-WAW-01,,VM-NUT-0004,15,6.85,0.0,PLN
SO-2024-011799,3,2024-09-04,2024-09-04,PL-WAW-01,,VM-CMP-0020,2,254.79,0.0,PLN
SO-2024-011800,1,2024-09-04,2024-09-04,PL-WAW-01,,VM-NUT-0004,5,6.85,0.0,PLN
SO-2024-011801,1,2024-09-04,2024-09-04,PL-WAW-01,C010384,VM-NUT-0002,6,14.69,0.0,PLN
SO-2024-011802,1,2024-09-04,2024-09-04,PL-WAW-02,C007887,VM-CMP-0001,2,391.99,0.0,PLN
SO-2024-011803,1,2024-09-04,2024-09-04,PL-KRK-01,C007369,VM-ACC-0008,2,391.99,0.0,PLN
SO-2024-011804,1,2024-09-04,2024-09-04,PL-KRK-01,,VM-APP-0001,1,450.79,0.0,PLN
SO-2024-011804,2,2024-09-04,2024-09-04,PL-KRK-01,,VM-CMP-0007,2,617.39,0.0,PLN
SO-2024-011805,1,2024-09-04,2024-09-04,PL-KRK-01,,VM-NUT-0011,1,52.91,0.0,PLN
SO-2024-011805,2,2024-09-04,2024-09-04,PL-KRK-01,,VM-ACC-0011,2,70.55,0.0,PLN
SO-2024-011806,1,2024-09-04,2024-09-04,PL-KRK-01,C005940,VM-CMP-0023,8,57.81,0.08,PLN
SO-2024-011807,1,2024-09-04,2024-09-04,PL-WRO-01,C008397,VM-EBK-0009,1,9711.79,0.0,PLN
SO-2024-011807,2,2024-09-04,2024-09-04,PL-WRO-01,C008397,VM-ACC-0008,2,391.99,0.0,PLN
SO-2024-011808,1,2024-09-04,2024-09-04,PL-WRO-01,C010882,VM-APP-0011,1,401.79,0.05,PLN
SO-2024-011808,2,2024-09-04,2024-09-04,PL-WRO-01,C010882,vm-ebk-0009,1,9711.79,0.15,PLN
SO-2024-011809,1,2024-09-04,2024-09-04,PL-GDN-01,C010377,VM-BIK-0009,4,5527.19,0.08,PLN
SO-2024-011810,1,2024-09-04,2024-09-04,PL-GDN-01,C010883,VM-ACC-0008,1,391.99,0.0,PLN
SO-2024-011811,1,2024-09-04,2024-09-04,PL-GDN-01,C008096,VM-BIK-0006,1,6458.19,0.15,PLN
SO-2024-011812,1,2024-09-04,2024-09-04,PL-POZ-01,,VM-NUT-0003,7,10.77,0.0,PLN
SO-2024-011813,1,2024-09-04,2024-09-04,PL-POZ-01,,VM-ACC-0005,1,176.39,0.0,PLN
SO-2024-011814,1,2024-09-04,2024-09-04,PL-POZ-01,C007637,VM-ACC-0022,1,1538.59,0.0,PLN
SO-2024-011815,1,2024-09-04,2024-09-04,PL-POZ-01,,VM-BIK-0020,1,1185.79,0.0,PLN
SO-2024-011815,2,2024-09-04,2024-09-04,PL-POZ-01,,VM-ACC-0014,1,107.79,0.0,PLN
SO-2024-011815,3,2024-09-04,2024-09-04,PL-POZ-01,,VM-ACC-0008,2,391.99,0.0,PLN
SO-2024-011816,1,2024-09-04,2024-09-04,PL-LDZ-01,C001354,VM-APP-0010,1,166.59,0.0,PLN
SO-2024-011817,1,2024-09-04,2024-09-04,PL-LDZ-01,C004530,VM-ACC-0005,4,176.39,0.12,PLN
SO-2024-011817,2,2024-09-04,2024-09-04,PL-LDZ-01,C004530,VM-NUT-0004,21,6.85,0.12,PLN
SO-2024-011817,3,2024-09-04,2024-09-04,PL-LDZ-01,C004530,VM-CMP-0013,3,519.39,0.08,PLN
SO-2024-011817,4,2024-09-04,2024-09-04,PL-LDZ-01,C004530,VM-ACC-0007,8,352.79,0.12,PLN
SO-2024-011818,1,2024-09-04,2024-09-04,PL-LDZ-01,,VM-ACC-0008,2,391.99,0.0,PLN
SO-2024-011818,2,2024-09-04,2024-09-04,PL-LDZ-01,,VM-CMP-0005,1,1450.39,0.05,PLN
SO-2024-011819,1,2024-09-04,2024-09-04,PL-LDZ-01,C010884,VM-NUT-0006,3,9.79,0.0,PLN
SO-2024-011820,1,2024-09-04,2024-09-08,PL-WEB-01,C010885,VM-APP-0013,1,431.19,0.0,PLN
SO-2024-011820,2,2024-09-04,2024-09-08,PL-WEB-01,C010885,VM-ACC-0014,1,107.79,0.0,PLN
SO-2024-011820,3,2024-09-04,2024-09-08,PL-WEB-01,C010885,VM-NUT-0011,4,52.91,0.0,PLN
SO-2024-011821,1,2024-09-04,2024-09-08,PL-WEB-01,C010886,VM-EBK-0002,1,9750.99,0.0,PLN
SO-2024-011821,2,2024-09-04,2024-09-08,PL-WEB-01,C010886,VM-APP-0002,2,431.19,0.05,PLN
SO-2024-011821,3,2024-09-04,2024-09-08,PL-WEB-01,C010886,VM-ACC-0003,1,284.19,0.0,PLN
SO-2024-011821,4,2024-09-04,2024-09-08,PL-WEB-01,C010886,VM-ACC-0018,3,48.99,0.0,PLN
SO-2024-011822,1,2024-09-04,2024-09-06,PL-WEB-01,C005520,VM-APP-0001,3,450.79,0.0,PLN
SO-2024-011823,1,2024-09-04,2024-09-07,PL-WEB-01,C008145,VM-CMP-0011,2,156.79,0.0,PLN
SO-2024-011824,1,2024-09-04,2024-09-05,PL-WEB-01,C010887,VM-EBK-0003,1,8908.19,0.1,PLN
SO-2024-011825,1,2024-09-04,2024-09-06,PL-WEB-01,C007695,VM-BIK-0001,1,13416.19,0.05,PLN
SO-2024-011825,2,2024-09-04,2024-09-06,PL-WEB-01,C007695,VM-ACC-0011,1,70.55,0.05,PLN
SO-2024-011825,3,2024-09-04,2024-09-06,PL-WEB-01,C007695,VM-CMP-0006,2,195.99,0.05,PLN
SO-2024-011826,1,2024-09-04,2024-09-06,PL-WEB-01,C010247,VM-APP-0006,1,303.79,0.05,PLN
SO-2024-011827,1,2024-09-04,2024-09-05,PL-WEB-01,C005945,VM-APP-0006,3,303.79,0.0,PLN
SO-2024-011827,2,2024-09-04,2024-09-05,PL-WEB-01,C005945,VM-ACC-0008,2,391.99,0.0,PLN
SO-2024-011828,1,2024-09-04,2024-09-05,PL-WEB-01,C010888,VM-BIK-0007,1,6908.99,0.0,PLN
SO-2024-011829,1,2024-09-04,2024-09-06,PL-MKT-01,C010889,VM-NUT-0002,11,14.69,0.05,PLN
SO-2024-011829,2,2024-09-04,2024-09-06,PL-MKT-01,C010889,VM-APP-0002,1,431.19,0.05,PLN
SO-2024-011830,1,2024-09-04,2024-09-05,PL-MKT-01,C007078,VM-BIK-0007,1,6908.99,0.0,PLN
SO-2024-011831,1,2024-09-04,2024-09-05,PL-MKT-01,C010890,VM-BIK-0005,1,7261.79,0.0,PLN
SO-2024-011831,2,2024-09-04,2024-09-05,PL-MKT-01,C010890,VM-EBK-0002,1,9750.99,0.0,PLN
SO-2024-011831,3,2024-09-04,2024-09-05,PL-MKT-01,C010890,VM-ACC-0014,1,107.79,0.0,PLN
SO-2024-011831,4,2024-09-04,2024-09-05,PL-MKT-01,C010890,VM-CMP-0022,1,35.27,0.0,PLN
SO-2024-011832,1,2024-09-04,2024-09-06,PL-MKT-01,C003202,VM-APP-0019,1,64.67,0.1,PLN
SO-2024-011832,2,2024-09-04,2024-09-06,PL-MKT-01,C003202,VM-APP-0002,1,431.19,0.0,PLN
SO-2024-011832,3,2024-09-04,2024-09-06,PL-MKT-01,C003202,VM-ACC-0014,1,107.79,0.0,PLN
SO-2024-011833,1,2024-09-04,2024-09-08,PL-MKT-01,C008858,VM-EBK-0008,1,14797.99,0.0,PLN
SO-2024-011833,2,2024-09-04,2024-09-08,PL-MKT-01,C008858,VM-CMP-0005,1,1450.39,0.0,PLN
SO-2024-011834,1,2024-09-04,2024-09-08,PL-MKT-01,C010891,VM-ACC-0004,2,764.39,0.05,PLN
SO-2024-011835,1,2024-09-04,2024-09-08,PL-MKT-01,C010892,VM-APP-0014,1,480.19,0.0,PLN
SO-2024-011836,1,2024-09-04,2024-09-04,CZ-PRG-01,C010893,VM-BIK-0002,1,53530.0,0.05,CZK
SO-2024-011836,2,2024-09-04,2024-09-04,CZ-PRG-01,C010893,VM-ACC-0002,1,3391.0,0.05,CZK
SO-2024-011836,3,2024-09-04,2024-09-04,CZ-PRG-01,C010893,VM-BIK-0001,1,76099.0,0.05,CZK
SO-2024-011837,1,2024-09-04,2024-09-07,CZ-WEB-01,C010894,VM-ACC-0002,1,3391.0,0.05,CZK
SO-2024-011837,2,2024-09-04,2024-09-07,CZ-WEB-01,C010894,VM-BIK-0009,1,31351.0,0.05,CZK
SO-2024-011838,1,2024-09-04,2024-09-07,CZ-WEB-01,C008931,VM-BIK-0012,1,65648.0,0.0,CZK
SO-2024-011838,2,2024-09-04,2024-09-07,CZ-WEB-01,C008931,VM-ACC-0018,3,278.0,0.0,CZK
SO-2024-011839,1,2024-09-04,2024-09-05,CZ-WEB-01,C010895,VM-ACC-0020,1,4502.0,0.0,CZK
SO-2024-011839,2,2024-09-04,2024-09-05,CZ-WEB-01,C010895,VM-APP-0020,2,1001.0,0.0,CZK
SO-2024-011839,3,2024-09-04,2024-09-05,CZ-WEB-01,C010895,VM-ACC-0003,2,1612.0,0.0,CZK
SO-2024-011839,4,2024-09-04,2024-09-05,CZ-WEB-01,C010895,VM-NUT-0006,11,56.0,0.0,CZK
SO-2024-011840,1,2024-09-04,2024-09-05,CZ-WEB-01,C010896,VM-ACC-0007,1,2001.0,0.0,CZK
SO-2024-011841,1,2024-09-04,2024-09-05,CZ-WEB-01,C010110,VM-APP-0017,2,1056.0,0.0,CZK
SO-2024-011841,2,2024-09-04,2024-09-05,CZ-WEB-01,C010110,VM-NUT-0002,7,83.0,0.0,CZK
SO-2024-011842,1,2024-09-04,2024-09-07,CZ-WEB-01,C006978,VM-BIK-0001,1,76099.0,0.05,CZK
SO-2024-011842,2,2024-09-04,2024-09-07,CZ-WEB-01,C006978,VM-EBK-0002,1,55309.0,0.1,CZK
SO-2024-011843,1,2024-09-04,2024-09-04,DE-BER-01,C010897,VM-NUT-0011,4,12.34,0.0,EUR
SO-2024-011844,1,2024-09-04,2024-09-04,DE-BER-01,,VM-CMP-0010,2,89.12,0.05,EUR
SO-2024-011844,2,2024-09-04,2024-09-04,DE-BER-01,,VM-BIK-0014,1,875.18,0.15,EUR
SO-2024-011845,1,2024-09-04,2024-09-04,DE-BER-01,C008528,VM-BIK-0019,1,276.49,0.15,EUR
SO-2024-011846,1,2024-09-04,2024-09-04,DE-BER-01,C010898,vm-ebk-0007,1,3359.06,0.05,EUR
SO-2024-011846,2,2024-09-04,2024-09-04,DE-BER-01,C010898,VM-APP-0003,1,70.84,0.05,EUR
SO-2024-011847,1,2024-09-04,2024-09-07,DE-WEB-01,C007668,VM-NUT-0006,9,2.28,0.08,EUR
SO-2024-011848,1,2024-09-04,2024-09-05,DE-WEB-01,C004245,VM-BIK-0006,1,1505.86,0.2,EUR
SO-2024-011848,2,2024-09-04,2024-09-05,DE-WEB-01,C004245,VM-BIK-0003,1,1494.44,0.1,EUR
SO-2024-011848,3,2024-09-04,2024-09-05,DE-WEB-01,C004245,VM-ACC-0017,1,13.25,0.05,EUR
SO-2024-011849,1,2024-09-05,2024-09-05,PL-WAW-01,,VM-ACC-0007,1,352.79,0.0,PLN
SO-2024-011849,2,2024-09-05,2024-09-05,PL-WAW-01,,VM-APP-0006,3,303.79,0.0,PLN
SO-2024-011849,3,2024-09-05,2024-09-05,PL-WAW-01,,VM-NUT-0007,6,12.73,0.0,PLN
SO-2024-011850,1,2024-09-05,2024-09-05,PL-WAW-01,,VM-CMP-0013,1,519.39,0.0,PLN
SO-2024-011850,2,2024-09-05,2024-09-05,PL-WAW-01,,VM-NUT-0002,6,14.69,0.0,PLN
SO-2024-011851,1,2024-09-05,2024-09-05,PL-WAW-01,C010899,VM-EBK-0003,1,8908.19,0.15,PLN
SO-2024-011852,1,2024-09-05,2024-09-05,PL-WAW-01,C003355,VM-APP-0010,1,166.59,0.05,PLN
SO-2024-011852,2,2024-09-05,2024-09-05,PL-WAW-01,C003355,VM-APP-0019,2,64.67,0.05,PLN
SO-2024-011853,1,2024-09-05,2024-09-05,PL-WAW-01,,VM-NUT-0007,5,12.73,0.0,PLN
SO-2024-011853,2,2024-09-05,2024-09-05,PL-WAW-01,,VM-CMP-0003,2,235.19,0.0,PLN
SO-2024-011853,3,2024-09-05,2024-09-05,PL-WAW-01,, VM-ACC-0014 ,1,107.79,0.0,PLN
SO-2024-011854,1,2024-09-05,2024-09-05,PL-WAW-01,C010900,VM-ACC-0008,1,391.99,0.0,PLN
SO-2024-011855,1,2024-09-05,2024-09-05,PL-WAW-01,C010901,VM-APP-0016,1,597.79,0.05,PLN
SO-2024-011856,1,2024-09-05,2024-09-05,PL-WAW-01,C010902,VM-APP-0001,3,450.79,0.0,PLN
SO-2024-011856,2,2024-09-05,2024-09-05,PL-WAW-01,C010902,VM-CMP-0017,1,489.99,0.0,PLN
SO-2024-011856,3,2024-09-05,2024-09-05,PL-WAW-01,C010902,VM-EBK-0001,1,7516.59,0.05,PLN
SO-2024-011857,1,2024-09-05,2024-09-05,PL-WAW-02,,VM-ACC-0007,2,352.79,0.0,PLN
SO-2024-011858,1,2024-09-05,2024-09-05,PL-WAW-02,C010903,VM-EBK-0011,1,14347.19,0.1,PLN
SO-2024-011859,1,2024-09-05,2024-09-05,PL-WRO-01,C010904,VM-CMP-0013,1,519.39,0.0,PLN
SO-2024-011859,2,2024-09-05,2024-09-05,PL-WRO-01,C010904,VM-BIK-0011,1,8476.99,0.0,PLN
SO-2024-011859,3,2024-09-05,2024-09-05,PL-WRO-01,C010904,VM-CMP-0014,2,421.39,0.0,PLN
SO-2024-011859,4,2024-09-05,2024-09-05,PL-WRO-01,C010904,VM-CMP-0016,2,2410.79,0.0,PLN
SO-2024-011860,1,2024-09-05,2024-09-05,PL-WRO-01,C001491,VM-CMP-0015,2,901.59,0.05,PLN
SO-2024-011860,2,2024-09-05,2024-09-05,PL-WRO-01,C001491,VM-APP-0004,2,235.19,0.05,PLN
SO-2024-011861,1,2024-09-05,2024-09-05,PL-GDN-01,C008170,VM-BIK-0022,1,1371.99,0.0,PLN
SO-2024-011862,1,2024-09-05,2024-09-05,PL-GDN-01,,VM-ACC-0020,1,793.79,0.0,PLN
SO-2024-011862,2,2024-09-05,2024-09-05,PL-GDN-01,,VM-NUT-0010,2,34.29,0.0,PLN
SO-2024-011863,1,2024-09-05,2024-09-05,PL-GDN-01,C008256,VM-ACC-0018,2,48.99,0.05,PLN
SO-2024-011864,1,2024-09-05,2024-09-05,PL-GDN-01,,VM-APP-0019,2,64.67,0.0,PLN
SO-2024-011864,2,2024-09-05,2024-09-05,PL-GDN-01,,VM-APP-0009,1,342.99,0.0,PLN
SO-2024-011864,3,2024-09-05,2024-09-05,PL-GDN-01,,VM-BIK-0007,1,6908.99,0.0,PLN
SO-2024-011865,1,2024-09-05,2024-09-05,PL-POZ-01,C010905,VM-CMP-0009,2,342.99,0.0,PLN
SO-2024-011866,1,2024-09-05,2024-09-05,PL-LDZ-01,C010906,VM-BIK-0018,1,2351.99,0.0,PLN
SO-2024-011866,2,2024-09-05,2024-09-05,PL-LDZ-01,C010906,VM-BIK-0021,1,1224.99,0.2,PLN
SO-2024-011866,3,2024-09-05,2024-09-05,PL-LDZ-01,C010906,VM-ACC-0014,1,107.79,0.0,PLN
SO-2024-011866,4,2024-09-05,2024-09-05,PL-LDZ-01,C010906,VM-ACC-0017,1,56.83,0.0,PLN
SO-2024-011867,1,2024-09-05,2024-09-09,PL-WEB-01,C009408,VM-APP-0010,5,166.59,0.12,PLN
SO-2024-011868,1,2024-09-05,2024-09-09,PL-WEB-01,C010907,VM-NUT-0009,4,83.29,0.0,PLN
SO-2024-011869,1,2024-09-05,2024-09-07,PL-WEB-01,C010908,VM-APP-0010,1,166.59,0.0,PLN
SO-2024-011869,2,2024-09-05,2024-09-07,PL-WEB-01,C010908,VM-CMP-0021,1,47.03,0.0,PLN
SO-2024-011870,1,2024-09-05,2024-09-06,PL-WEB-01,C002798,VM-ACC-0009,1,391.99,0.0,PLN
SO-2024-011871,1,2024-09-05,2024-09-07,PL-WEB-01,C004985,VM-BIK-0003,5,6409.19,0.1,PLN
SO-2024-011871,2,2024-09-05,2024-09-07,PL-WEB-01,C004985,VM-ACC-0013,2,166.59,0.1,PLN
SO-2024-011871,3,2024-09-05,2024-09-07,PL-WEB-01,C004985,VM-BIK-0005,5,7261.79,0.08,PLN
SO-2024-011871,4,2024-09-05,2024-09-07,PL-WEB-01,C004985,VM-BIK-0021,2,1224.99,0.15,PLN
SO-2024-011872,1,2024-09-05,2024-09-06,PL-WEB-01,C010248,VM-CMP-0017,2,489.99,0.0,PLN
SO-2024-011873,1,2024-09-05,2024-09-08,PL-WEB-01,C009819,VM-APP-0010,2,166.59,0.0,PLN
SO-2024-011874,1,2024-09-05,2024-09-09,PL-WEB-01,C010909,VM-ACC-0022,1,1538.59,0.0,PLN
SO-2024-011874,2,2024-09-05,2024-09-09,PL-WEB-01,C010909,VM-CMP-0002,1,548.79,0.0,PLN
SO-2024-011875,1,2024-09-05,2024-09-08,PL-MKT-01,C010910,VM-CMP-0015,2,901.59,0.05,PLN
SO-2024-011875,2,2024-09-05,2024-09-08,PL-MKT-01,C010910,VM-NUT-0006,7,9.79,0.05,PLN
SO-2024-011876,1,2024-09-05,2024-09-07,PL-MKT-01,C004423,VM-ACC-0007,10,352.79,0.1,PLN
SO-2024-011877,1,2024-09-05,2024-09-06,PL-MKT-01,C007589,VM-CMP-0011,1,156.79,0.05,PLN
SO-2024-011878,1,2024-09-05,2024-09-06,PL-MKT-01,C010212,VM-CMP-0013,2,519.39,0.05,PLN
SO-2024-011878,2,2024-09-05,2024-09-06,PL-MKT-01,C010212,VM-APP-0008,2,156.79,0.0,PLN
SO-2024-011879,1,2024-09-05,2024-09-09,PL-MKT-01,C006167,VM-NUT-0007,7,12.73,0.05,PLN
SO-2024-011880,1,2024-09-05,2024-09-06,PL-MKT-01,C001573,VM-ACC-0008,1,391.99,0.0,PLN
SO-2024-011880,2,2024-09-05,2024-09-06,PL-MKT-01,C001573,VM-APP-0016,1,597.79,0.0,PLN
SO-2024-011881,1,2024-09-05,2024-09-07,PL-MKT-01,C007086,VM-NUT-0010,1,34.29,0.0,PLN
SO-2024-011882,1,2024-09-05,2024-09-08,PL-MKT-01,C010911,VM-EBK-0008,1,14797.99,0.1,PLN
SO-2024-011882,2,2024-09-05,2024-09-08,PL-MKT-01,C010911,VM-ACC-0001,1,372.39,0.0,PLN
SO-2024-011883,1,2024-09-05,2024-09-08,PL-MKT-01,C003766,VM-ACC-0008,2,391.99,0.0,PLN
SO-2024-011884,1,2024-09-05,2024-09-05,CZ-PRG-01,C010572,VM-NUT-0004,14,39.0,0.0,CZK
SO-2024-011884,2,2024-09-05,2024-09-05,CZ-PRG-01,C010572,VM-NUT-0007,5,72.0,0.0,CZK
SO-2024-011885,1,2024-09-05,2024-09-05,CZ-PRG-01,C001885,VM-APP-0001,1,2557.0,0.0,CZK
SO-2024-011885,2,2024-09-05,2024-09-05,CZ-PRG-01,C001885,VM-NUT-0002,8,83.0,0.0,CZK
SO-2024-011886,1,2024-09-05,2024-09-05,CZ-BRN-01,C010912,VM-CMP-0006,1,1112.0,0.0,CZK
SO-2024-011886,2,2024-09-05,2024-09-05,CZ-BRN-01,C010912, VM-CMP-0005 ,1,8227.0,0.0,CZK
SO-2024-011886,3,2024-09-05,2024-09-05,CZ-BRN-01,C010912,VM-BIK-0017,1,10617.0,0.0,CZK
SO-2024-011886,4,2024-09-05,2024-09-05,CZ-BRN-01,C010912,VM-APP-0013,1,2446.0,0.0,CZK
SO-2024-011887,1,2024-09-05,2024-09-05,CZ-BRN-01,C010913,VM-APP-0011,2,2279.0,0.0,CZK
SO-2024-011888,1,2024-09-05,2024-09-07,CZ-WEB-01,C010914,VM-ACC-0018,1,278.0,0.05,CZK
SO-2024-011888,2,2024-09-05,2024-09-07,CZ-WEB-01,C010914,VM-ACC-0001,1,2112.0,0.05,CZK
SO-2024-011889,1,2024-09-05,2024-09-06,CZ-WEB-01,C010915,VM-APP-0008,2,889.0,0.0,CZK
SO-2024-011889,2,2024-09-05,2024-09-06,CZ-WEB-01,C010915,VM-NUT-0004,7,39.0,0.0,CZK
SO-2024-011889,3,2024-09-05,2024-09-06,CZ-WEB-01,C010915,VM-ACC-0003,1,1612.0,0.0,CZK
SO-2024-011890,1,2024-09-05,2024-09-06,CZ-WEB-01,C010916,VM-ACC-0007,1,2001.0,0.0,CZK
SO-2024-011891,1,2024-09-05,2024-09-05,DE-BER-01,C010917,VM-CMP-0013,2,121.11,0.0,EUR
SO-2024-011892,1,2024-09-05,2024-09-05,DE-BER-01,C010918,VM-ACC-0003,2,66.26,0.0,EUR
SO-2024-011892,2,2024-09-05,2024-09-05,DE-BER-01,C010918,VM-APP-0001,1,105.11,0.0,EUR
SO-2024-011892,3,2024-09-05,2024-09-05,DE-BER-01,C010918,VM-ACC-0011,2,16.45,0.0,EUR
SO-2024-011893,1,2024-09-05,2024-09-08,DE-WEB-01,C006417,VM-BIK-0016,1,820.34,0.0,EUR
SO-2024-011894,1,2024-09-05,2024-09-07,DE-WEB-01,C007572,VM-APP-0020,1,41.13,0.05,EUR
SO-2024-011894,2,2024-09-05,2024-09-07,DE-WEB-01,C007572,VM-CMP-0009,2,79.98,0.05,EUR
SO-2024-011894,3,2024-09-05,2024-09-07,DE-WEB-01,C007572,VM-APP-0003,2,70.84,0.05,EUR
SO-2024-011895,1,2024-09-05,2024-09-06,DE-WEB-01,C010919,VM-APP-0007,1,36.56,0.05,EUR
SO-2024-011895,2,2024-09-05,2024-09-06,DE-WEB-01,C010919,VM-EBK-0011,1,3345.35,0.15,EUR
SO-2024-011895,3,2024-09-05,2024-09-06,DE-WEB-01,C010919,VM-BIK-0014,1,875.18,0.05,EUR
SO-2024-011896,1,2024-09-05,2024-09-08,DE-WEB-01,C008833,VM-CMP-0017,2,114.25,0.0,EUR
SO-2024-011896,2,2024-09-05,2024-09-08,DE-WEB-01,C008833,VM-CMP-0008,1,100.54,0.0,EUR
SO-2024-011896,3,2024-09-05,2024-09-08,DE-WEB-01,C008833,VM-APP-0020,1,41.13,0.0,EUR
SO-2024-011897,1,2024-09-05,2024-09-06,DE-WEB-01,C010920,VM-NUT-0003,12,2.51,0.05,EUR
SO-2024-011898,1,2024-09-05,2024-09-08,DE-WEB-01,C010921,VM-APP-0001,3,105.11,0.05,EUR
SO-2024-011898,2,2024-09-05,2024-09-08,DE-WEB-01,C010921,VM-NUT-0009,3,19.42,0.05,EUR
SO-2024-011899,1,2024-09-05,2024-09-08,DE-WEB-01,C010897,VM-APP-0004,3,54.84,0.0,EUR
SO-2024-011899,2,2024-09-05,2024-09-08,DE-WEB-01,C010897,VM-ACC-0008,2,91.4,0.0,EUR
SO-2024-011899,3,2024-09-05,2024-09-08,DE-WEB-01,C010897,VM-EBK-0007,1,3359.06,0.0,EUR
SO-2024-011899,4,2024-09-05,2024-09-08,DE-WEB-01,C010897,VM-BIK-0011,1,1976.59,0.0,EUR
SO-2024-011900,1,2024-09-06,2024-09-06,PL-WAW-01,C010922,VM-CMP-0018,4,60.75,0.0,PLN
SO-2024-011900,2,2024-09-06,2024-09-06,PL-WAW-01,C010922,VM-ACC-0017,2,56.83,0.0,PLN
SO-2024-011900,3,2024-09-06,2024-09-06,PL-WAW-01,C010922,VM-ACC-0007,1,352.79,0.0,PLN
SO-2024-011900,4,2024-09-06,2024-09-06,PL-WAW-01,C010922,VM-APP-0013,1,431.19,0.0,PLN
SO-2024-011901,1,2024-09-06,2024-09-06,PL-WAW-01,C006265,VM-CMP-0015,2,901.59,0.0,PLN
SO-2024-011901,2,2024-09-06,2024-09-06,PL-WAW-01,C006265,VM-ACC-0004,2,764.39,0.0,PLN
SO-2024-011902,1,2024-09-06,2024-09-06,PL-WAW-01,,VM-ACC-0013,1,166.59,0.0,PLN
SO-2024-011903,1,2024-09-06,2024-09-06,PL-WAW-01,C008811,VM-APP-0019,1,64.67,0.0,PLN
SO-2024-011903,2,2024-09-06,2024-09-06,PL-WAW-01,C008811,VM-ACC-0015,1,342.99,0.0,PLN
SO-2024-011903,3,2024-09-06,2024-09-06,PL-WAW-01,C008811,VM-BIK-0016,1,3518.19,0.0,PLN
SO-2024-011904,1,2024-09-06,2024-09-06,PL-WAW-01,,VM-CMP-0012,1,529.19,0.0,PLN
SO-2024-011904,2,2024-09-06,2024-09-06,PL-WAW-01,,VM-APP-0001,2,450.79,0.0,PLN
SO-2024-011904,3,2024-09-06,2024-09-06,PL-WAW-01,,VM-BIK-0009,1,5527.19,0.0,PLN
SO-2024-011904,4,2024-09-06,2024-09-06,PL-WAW-01,,VM-NUT-0002,4,14.69,0.0,PLN
SO-2024-011905,1,2024-09-06,2024-09-06,PL-WAW-01,C010923,VM-ACC-0014,1,107.79,0.0,PLN
SO-2024-011905,2,2024-09-06,2024-09-06,PL-WAW-01,C010923,VM-NUT-0002,6,14.69,0.05,PLN
SO-2024-011906,1,2024-09-06,2024-09-06,PL-WAW-02,C009069,VM-APP-0007,2,156.79,0.05,PLN
SO-2024-011907,1,2024-09-06,2024-09-06,PL-WAW-02,C010924,VM-ACC-0013,1,166.59,0.0,PLN
SO-2024-011908,1,2024-09-06,2024-09-06,PL-KRK-01,C007545,VM-APP-0005,3,176.39,0.0,PLN
SO-2024-011909,1,2024-09-06,2024-09-06,PL-KRK-01,,VM-ACC-0014,1,107.79,0.0,PLN
SO-2024-011909,2,2024-09-06,2024-09-06,PL-KRK-01,,VM-ACC-0003,2,284.19,0.1,PLN
SO-2024-011910,1,2024-09-06,2024-09-06,PL-KRK-01,C001374,VM-CMP-0010,1,382.19,0.0,PLN
SO-2024-011911,1,2024-09-06,2024-09-06,PL-KRK-01,,VM-ACC-0022,1,1538.59,0.0,PLN
SO-2024-011912,1,2024-09-06,2024-09-06,PL-KRK-01,,VM-ACC-0015,1,342.99,0.0,PLN
SO-2024-011913,1,2024-09-06,2024-09-06,PL-WRO-01,C010000,VM-APP-0015,1,558.59,0.0,PLN
SO-2024-011913,2,2024-09-06,2024-09-06,PL-WRO-01,C010000,VM-APP-0007,2,156.79,0.0,PLN
SO-2024-011914,1,2024-09-06,2024-09-06,PL-WRO-01,C006081,VM-ACC-0002,1,597.79,0.0,PLN
SO-2024-011914,2,2024-09-06,2024-09-06,PL-WRO-01,C006081,VM-CMP-0011,1,156.79,0.05,PLN
SO-2024-011915,1,2024-09-06,2024-09-06,PL-GDN-01,,VM-NUT-0004,9,6.85,0.0,PLN
SO-2024-011915,2,2024-09-06,2024-09-06,PL-GDN-01,,VM-BIK-0011,1,8476.99,0.2,PLN
SO-2024-011916,1,2024-09-06,2024-09-06,PL-GDN-01,,VM-NUT-0002,3,14.69,0.0,PLN
SO-2024-011916,2,2024-09-06,2024-09-06,PL-GDN-01,,VM-BIK-0022,1,1371.99,0.0,PLN
SO-2024-011917,1,2024-09-06,2024-09-06,PL-GDN-01,C010127,VM-NUT-0009,3,83.29,0.0,PLN
SO-2024-011918,1,2024-09-06,2024-09-06,PL-POZ-01,C010925,VM-ACC-0004,2,764.39,0.0,PLN
SO-2024-011918,2,2024-09-06,2024-09-06,PL-POZ-01,C010925,VM-ACC-0008,2,391.99,0.0,PLN
SO-2024-011919,1,2024-09-06,2024-09-06,PL-POZ-01,,VM-CMP-0006,1,195.99,0.0,PLN
SO-2024-011919,2,2024-09-06,2024-09-06,PL-POZ-01,,VM-BIK-0018,1,2351.99,0.0,PLN
SO-2024-011920,1,2024-09-06,2024-09-06,PL-LDZ-01,C007377,VM-APP-0001,1,450.79,0.0,PLN
SO-2024-011920,2,2024-09-06,2024-09-06,PL-LDZ-01,C007377,VM-EBK-0002,1,9750.99,0.0,PLN
SO-2024-011921,1,2024-09-06,2024-09-06,PL-LDZ-01,C006574,VM-CMP-0015,1,901.59,0.0,PLN
SO-2024-011922,1,2024-09-06,2024-09-08,PL-WEB-01,C008422,VM-CMP-0011,1,156.79,0.0,PLN
SO-2024-011923,1,2024-09-06,2024-09-07,PL-WEB-01,C006566,VM-NUT-0011,1,52.91,0.0,PLN
SO-2024-011924,1,2024-09-06,2024-09-10,PL-WEB-01,C003022,VM-CMP-0019,1,205.79,0.05,PLN
SO-2024-011924,2,2024-09-06,2024-09-10,PL-WEB-01,C003022,VM-APP-0017,2,186.19,0.05,PLN
SO-2024-011925,1,2024-09-06,2024-09-07,PL-WEB-01,C005365,VM-NUT-0004,7,6.85,0.0,PLN
SO-2024-011925,2,2024-09-06,2024-09-07,PL-WEB-01,C005365,VM-ACC-0007,2,352.79,0.0,PLN
SO-2024-011925,3,2024-09-06,2024-09-07,PL-WEB-01,C005365,VM-ACC-0008,1,391.99,0.0,PLN
SO-2024-011926,1,2024-09-06,2024-09-07,PL-WEB-01,C010869,VM-NUT-0004,5,6.85,0.0,PLN
SO-2024-011926,2,2024-09-06,2024-09-07,PL-WEB-01,C010869,VM-BIK-0010,1,6193.59,0.0,PLN
SO-2024-011927,1,2024-09-06,2024-09-10,PL-WEB-01,C010816,VM-APP-0010,2,166.59,0.05,PLN
SO-2024-011927,2,2024-09-06,2024-09-10,PL-WEB-01,C010816,VM-APP-0013,1,431.19,0.05,PLN
SO-2024-011928,1,2024-09-06,2024-09-10,PL-WEB-01,C002372,VM-APP-0006,3,303.79,0.0,PLN
SO-2024-011929,1,2024-09-06,2024-09-10,PL-WEB-01,C010926,VM-CMP-0010,2,382.19,0.0,PLN
SO-2024-011929,2,2024-09-06,2024-09-10,PL-WEB-01,C010926,VM-NUT-0004,10,6.85,0.0,PLN
SO-2024-011930,1,2024-09-06,2024-09-10,PL-MKT-01,C009343,VM-CMP-0010,1,382.19,0.0,PLN
SO-2024-011931,1,2024-09-06,2024-09-08,PL-MKT-01,C004656,VM-BIK-0012,1,11573.79,0.15,PLN
SO-2024-011932,1,2024-09-06,2024-09-08,PL-MKT-01,C010927,VM-ACC-0019,1,48.99,0.0,PLN
SO-2024-011933,1,2024-09-06,2024-09-08,PL-MKT-01,C010928,VM-APP-0008,2,156.79,0.0,PLN
SO-2024-011934,1,2024-09-06,2024-09-08,PL-MKT-01,C010929, VM-BIK-0013 ,1,4703.99,0.0,PLN
SO-2024-011935,1,2024-09-06,2024-09-06,CZ-PRG-01,,VM-NUT-0006,6,56.0,0.05,CZK
SO-2024-011936,1,2024-09-06,2024-09-06,CZ-PRG-01,C007011,VM-CMP-0013,6,2946.0,0.1,CZK
SO-2024-011936,2,2024-09-06,2024-09-06,CZ-PRG-01,C007011,VM-CMP-0005,3,8227.0,0.12,CZK
SO-2024-011937,1,2024-09-06,2024-09-06,CZ-PRG-01,C010930,VM-NUT-0004,14,39.0,0.0,CZK
SO-2024-011938,1,2024-09-06,2024-09-06,CZ-PRG-01,C010931,VM-BIK-0020,1,6726.0,0.0,CZK
SO-2024-011939,1,2024-09-06,2024-09-06,CZ-PRG-01,C003345,VM-APP-0012,1,4836.0,0.05,CZK
SO-2024-011940,1,2024-09-06,2024-09-06,CZ-BRN-01,C001436,VM-APP-0004,1,1334.0,0.05,CZK
SO-2024-011941,1,2024-09-06,2024-09-10,CZ-WEB-01,C010932,VM-APP-0012,1,4836.0,0.0,CZK
SO-2024-011941,2,2024-09-06,2024-09-10,CZ-WEB-01,C010932,VM-ACC-0009,2,2223.0,0.0,CZK
SO-2024-011942,1,2024-09-06,2024-09-08,CZ-WEB-01,C005248,VM-APP-0001,3,2557.0,0.0,CZK
SO-2024-011942,2,2024-09-06,2024-09-08,CZ-WEB-01,C005248,VM-CMP-0009,2,1945.0,0.0,CZK
SO-2024-011942,3,2024-09-06,2024-09-08,CZ-WEB-01,C005248,VM-ACC-0004,2,4336.0,0.0,CZK
SO-2024-011943,1,2024-09-06,2024-09-09,CZ-WEB-01,C008263,VM-NUT-0006,12,56.0,0.0,CZK
SO-2024-011944,1,2024-09-06,2024-09-10,CZ-WEB-01,C009631,VM-ACC-0008,2,2223.0,0.0,CZK
SO-2024-011944,2,2024-09-06,2024-09-10,CZ-WEB-01,C009631,VM-APP-0005,1,1001.0,0.0,CZK
SO-2024-011944,3,2024-09-06,2024-09-10,CZ-WEB-01,C009631,VM-CMP-0020,3,1445.0,0.0,CZK
SO-2024-011945,1,2024-09-06,2024-09-08,CZ-WEB-01,C007190,VM-APP-0010,2,945.0,0.0,CZK
SO-2024-011946,1,2024-09-06,2024-09-06,DE-BER-01,C008503,VM-APP-0001,1,105.11,0.0,EUR
SO-2024-011947,1,2024-09-06,2024-09-06,DE-BER-01,C007607,VM-NUT-0001,3,2.05,0.0,EUR
SO-2024-011948,1,2024-09-06,2024-09-06,DE-BER-01,C001967,VM-APP-0013,1,100.54,0.0,EUR
SO-2024-011949,1,2024-09-06,2024-09-07,DE-WEB-01,C008820,VM-ACC-0008,1,91.4,0.0,EUR
SO-2024-011950,1,2024-09-06,2024-09-09,DE-WEB-01,C010933,vm-cmp-0001,2,91.4,0.0,EUR
SO-2024-011950,2,2024-09-06,2024-09-09,DE-WEB-01,C010933,VM-APP-0010,1,38.84,0.0,EUR
SO-2024-011951,1,2024-09-06,2024-09-07,DE-WEB-01,C004852,VM-APP-0007,1,36.56,0.0,EUR
SO-2024-011952,1,2024-09-07,2024-09-07,PL-WAW-01,C010353,VM-ACC-0020,4,793.79,0.1,PLN
SO-2024-011952,2,2024-09-07,2024-09-07,PL-WAW-01,C010353,VM-ACC-0021,4,764.39,0.08,PLN
SO-2024-011953,1,2024-09-07,2024-09-07,PL-WAW-01,C009522,VM-BIK-0009,1,5527.19,0.15,PLN
SO-2024-011954,1,2024-09-07,2024-09-07,PL-WAW-01,,VM-NUT-0010,4,34.29,0.0,PLN
SO-2024-011954,2,2024-09-07,2024-09-07,PL-WAW-01,,VM-EBK-0008,1,14797.99,0.2,PLN
SO-2024-011954,3,2024-09-07,2024-09-07,PL-WAW-01,,VM-CMP-0006,2,195.99,0.0,PLN
SO-2024-011954,4,2024-09-07,2024-09-07,PL-WAW-01,,VM-CMP-0009,1,342.99,0.0,PLN
SO-2024-011955,1,2024-09-07,2024-09-07,PL-WAW-01,C007160,VM-NUT-0010,3,34.29,0.0,PLN
SO-2024-011955,2,2024-09-07,2024-09-07,PL-WAW-01,C007160,VM-APP-0001,2,450.79,0.0,PLN
SO-2024-011955,3,2024-09-07,2024-09-07,PL-WAW-01,C007160,VM-NUT-0007,11,12.73,0.0,PLN
SO-2024-011956,1,2024-09-07,2024-09-07,PL-WAW-01,C007839,VM-EBK-0006,1,19737.19,0.2,PLN
SO-2024-011956,2,2024-09-07,2024-09-07,PL-WAW-01,C007839,VM-ACC-0013,1,166.59,0.0,PLN
SO-2024-011957,1,2024-09-07,2024-09-07,PL-WAW-02,C010546,VM-BIK-0001,1,13416.19,0.1,PLN
SO-2024-011958,1,2024-09-07,2024-09-07,PL-WAW-02,C005664,VM-APP-0011,1,401.79,0.05,PLN
SO-2024-011958,2,2024-09-07,2024-09-07,PL-WAW-02,C005664,VM-BIK-0012,1,11573.79,0.05,PLN
SO-2024-011959,1,2024-09-07,2024-09-07,PL-WAW-02,C005501,VM-NUT-0006,11,9.79,0.0,PLN
SO-2024-011960,1,2024-09-07,2024-09-07,PL-KRK-01,C008070,VM-EBK-0008,1,14797.99,0.0,PLN
SO-2024-011960,2,2024-09-07,2024-09-07,PL-KRK-01,C008070, VM-ACC-0008 ,1,391.99,0.0,PLN
SO-2024-011961,1,2024-09-07,2024-09-07,PL-KRK-01,C010644,VM-APP-0010,2,166.59,0.0,PLN
SO-2024-011961,2,2024-09-07,2024-09-07,PL-KRK-01,C010644,VM-EBK-0011,1,14347.19,0.1,PLN
SO-2024-011961,3,2024-09-07,2024-09-07,PL-KRK-01,C010644,VM-ACC-0010,1,244.99,0.0,PLN
SO-2024-011961,4,2024-09-07,2024-09-07,PL-KRK-01,C010644,VM-ACC-0019,1,48.99,0.0,PLN
SO-2024-011962,1,2024-09-07,2024-09-07,PL-WRO-01,C005727,VM-BIK-0007,1,6908.99,0.0,PLN
SO-2024-011963,1,2024-09-07,2024-09-07,PL-WRO-01,C010934,VM-BIK-0019,1,1185.79,0.15,PLN
SO-2024-011964,1,2024-09-07,2024-09-07,PL-WRO-01,C010677,VM-NUT-0002,6,14.69,0.05,PLN
SO-2024-011964,2,2024-09-07,2024-09-07,PL-WRO-01,C010677,VM-APP-0007,2,156.79,0.05,PLN
SO-2024-011965,1,2024-09-07,2024-09-07,PL-WRO-01,,VM-NUT-0010,1,34.29,0.0,PLN
SO-2024-011966,1,2024-09-07,2024-09-07,PL-GDN-01,,VM-CMP-0016,1,2410.79,0.0,PLN
SO-2024-011967,1,2024-09-07,2024-09-07,PL-GDN-01,,VM-APP-0006,2,303.79,0.0,PLN
SO-2024-011968,1,2024-09-07,2024-09-07,PL-GDN-01,C010935,VM-ACC-0015,1,342.99,0.0,PLN
SO-2024-011969,1,2024-09-07,2024-09-07,PL-GDN-01,C009304,VM-BIK-0020,1,1185.79,0.2,PLN
SO-2024-011969,2,2024-09-07,2024-09-07,PL-GDN-01,C009304,VM-ACC-0007,2,352.79,0.05,PLN
SO-2024-011970,1,2024-09-07,2024-09-07,PL-POZ-01,C007211,VM-NUT-0009,1,83.29,0.05,PLN
SO-2024-011970,2,2024-09-07,2024-09-07,PL-POZ-01,C007211,VM-BIK-0007,1,6908.99,0.05,PLN
SO-2024-011970,3,2024-09-07,2024-09-07,PL-POZ-01,C007211,VM-APP-0005,3,176.39,0.05,PLN
SO-2024-011971,1,2024-09-07,2024-09-07,PL-POZ-01,C005355,VM-NUT-0003,6,10.77,0.05,PLN
SO-2024-011971,2,2024-09-07,2024-09-07,PL-POZ-01,C005355,VM-CMP-0009,2,342.99,0.05,PLN
SO-2024-011971,3,2024-09-07,2024-09-07,PL-POZ-01,C005355,VM-NUT-0006,11,9.79,0.05,PLN
SO-2024-011972,1,2024-09-07,2024-09-07,PL-POZ-01,,VM-NUT-0009,1,83.29,0.0,PLN
SO-2024-011973,1,2024-09-07,2024-09-07,PL-POZ-01,C010936,VM-CMP-0020,3,254.79,0.0,PLN
SO-2024-011974,1,2024-09-07,2024-09-07,PL-POZ-01,C001174,VM-APP-0002,2,431.19,0.12,PLN
SO-2024-011974,2,2024-09-07,2024-09-07,PL-POZ-01,C001174,VM-ACC-0004,4,764.39,0.12,PLN
SO-2024-011974,3,2024-09-07,2024-09-07,PL-POZ-01,C001174,VM-ACC-0014,2,107.79,0.08,PLN
SO-2024-011975,1,2024-09-07,2024-09-07,PL-POZ-01,,VM-CMP-0017,1,489.99,0.0,PLN
SO-2024-011976,1,2024-09-07,2024-09-07,PL-POZ-01,,VM-NUT-0006,12,9.79,0.0,PLN
SO-2024-011977,1,2024-09-07,2024-09-07,PL-LDZ-01,C009694,VM-EBK-0003,1,8908.19,0.15,PLN
SO-2024-011978,1,2024-09-07,2024-09-09,PL-WEB-01,C003776,VM-APP-0006,2,303.79,0.0,PLN
SO-2024-011979,1,2024-09-07,2024-09-10,PL-WEB-01,C010203,VM-ACC-0008,2,391.99,0.05,PLN
SO-2024-011979,2,2024-09-07,2024-09-10,PL-WEB-01,C010203,VM-EBK-0010,1,13220.19,0.05,PLN
SO-2024-011980,1,2024-09-07,2024-09-10,PL-WEB-01,C002985,VM-NUT-0006,10,9.79,0.0,PLN
SO-2024-011981,1,2024-09-07,2024-09-09,PL-WEB-01,C002754,VM-CMP-0007,2,617.39,0.0,PLN
SO-2024-011982,1,2024-09-07,2024-09-11,PL-WEB-01,C004938,VM-NUT-0003,8,10.77,0.0,PLN
SO-2024-011983,1,2024-09-07,2024-09-10,PL-WEB-01,C009668,VM-EBK-0003,1,8908.19,0.05,PLN
SO-2024-011984,1,2024-09-07,2024-09-09,PL-WEB-01,C002891,VM-CMP-0017,2,489.99,0.05,PLN
SO-2024-011984,2,2024-09-07,2024-09-09,PL-WEB-01,C002891,VM-BIK-0012,1,11573.79,0.05,PLN
SO-2024-011984,3,2024-09-07,2024-09-09,PL-WEB-01,C002891,VM-APP-0010,2,166.59,0.05,PLN
SO-2024-011985,1,2024-09-07,2024-09-10,PL-WEB-01,C002507,VM-APP-0011,2,401.79,0.05,PLN
SO-2024-011986,1,2024-09-07,2024-09-09,PL-WEB-01,C010937,VM-NUT-0004,9,6.85,0.05,PLN
SO-2024-011986,2,2024-09-07,2024-09-09,PL-WEB-01,C010937,VM-CMP-0013,2,519.39,0.05,PLN
SO-2024-011986,3,2024-09-07,2024-09-09,PL-WEB-01,C010937,VM-BIK-0013,1,4703.99,0.2,PLN
SO-2024-011987,1,2024-09-07,2024-09-07,CZ-PRG-01,C005508,VM-APP-0001,3,2557.0,0.0,CZK
SO-2024-011987,2,2024-09-07,2024-09-07,CZ-PRG-01,C005508,VM-ACC-0020,1,4502.0,0.0,CZK
SO-2024-011988,1,2024-09-07,2024-09-10,CZ-WEB-01,C007534,VM-CMP-0017,1,2779.0,0.1,CZK
SO-2024-011989,1,2024-09-07,2024-09-09,CZ-WEB-01,C010938,VM-CMP-0020,3,1445.0,0.05,CZK
SO-2024-011989,2,2024-09-07,2024-09-09,CZ-WEB-01,C010938,VM-BIK-0021,1,6948.0,0.05,CZK
SO-2024-011990,1,2024-09-07,2024-09-07,DE-BER-01,,VM-ACC-0004,1,178.23,0.0,EUR
SO-2024-011990,2,2024-09-07,2024-09-07,DE-BER-01,,VM-NUT-0010,2,8.0,0.0,EUR
SO-2024-011991,1,2024-09-07,2024-09-07,DE-BER-01,C010939,VM-ACC-0004,1,178.23,0.0,EUR
SO-2024-011991,2,2024-09-07,2024-09-07,DE-BER-01,C010939,VM-ACC-0021,1,178.23,0.0,EUR
SO-2024-011992,1,2024-09-07,2024-09-08,DE-WEB-01,C010940,VM-CMP-0007,2,143.96,0.0,EUR
SO-2024-011993,1,2024-09-07,2024-09-09,DE-WEB-01,C010941,VM-CMP-0013,2,121.11,0.0,EUR
SO-2024-011994,1,2024-09-07,2024-09-08,DE-WEB-01,C000660,VM-ACC-0023,1,212.51,0.0,EUR
SO-2024-011995,1,2024-09-08,2024-09-10,PL-WEB-01,C008796,VM-BIK-0007,1,6908.99,0.0,PLN
SO-2024-011995,2,2024-09-08,2024-09-10,PL-WEB-01,C008796,VM-NUT-0001,6,8.81,0.0,PLN
SO-2024-011996,1,2024-09-08,2024-09-11,PL-WEB-01,C007566,VM-CMP-0004,1,705.59,0.0,PLN
SO-2024-011997,1,2024-09-08,2024-09-12,PL-WEB-01,C010942,VM-CMP-0020,4,254.79,0.05,PLN
SO-2024-011998,1,2024-09-08,2024-09-12,PL-WEB-01,C008132,VM-APP-0006,1,303.79,0.0,PLN
SO-2024-011998,2,2024-09-08,2024-09-12,PL-WEB-01,C008132,VM-ACC-0020,1,793.79,0.0,PLN
SO-2024-011999,1,2024-09-08,2024-09-11,PL-WEB-01,C010943,VM-APP-0001,1,450.79,0.0,PLN
SO-2024-011999,2,2024-09-08,2024-09-11,PL-WEB-01,C010943,VM-CMP-0021,1,47.03,0.0,PLN
SO-2024-012000,1,2024-09-08,2024-09-09,PL-WEB-01,C005831,VM-APP-0008,1,156.79,0.0,PLN
SO-2024-012000,2,2024-09-08,2024-09-09,PL-WEB-01,C005831,VM-ACC-0007,2,352.79,0.0,PLN
SO-2024-012000,3,2024-09-08,2024-09-09,PL-WEB-01,C005831,VM-EBK-0009,1,9711.79,0.15,PLN
SO-2024-012000,4,2024-09-08,2024-09-09,PL-WEB-01,C005831,VM-ACC-0018,1,48.99,0.0,PLN
SO-2024-012001,1,2024-09-08,2024-09-12,PL-WEB-01,C007969,VM-APP-0013,1,431.19,0.0,PLN
SO-2024-012001,2,2024-09-08,2024-09-12,PL-WEB-01,C007969,VM-CMP-0019,1,205.79,0.0,PLN
SO-2024-012001,3,2024-09-08,2024-09-12,PL-WEB-01,C007969,VM-ACC-0002,1,597.79,0.1,PLN
SO-2024-012002,1,2024-09-08,2024-09-09,PL-WEB-01,C010944,VM-APP-0002,3,431.19,0.0,PLN
SO-2024-012003,1,2024-09-08,2024-09-11,PL-WEB-01,C004211,vm-cmp-0015,1,901.59,0.05,PLN
SO-2024-012004,1,2024-09-08,2024-09-12,PL-WEB-01,C010945,VM-APP-0002,1,431.19,0.0,PLN
SO-2024-012005,1,2024-09-08,2024-09-09,PL-WEB-01,C010946,VM-APP-0002,3,431.19,0.0,PLN
SO-2024-012005,2,2024-09-08,2024-09-09,PL-WEB-01,C010946,VM-BIK-0012,1,11573.79,0.0,PLN
SO-2024-012005,3,2024-09-08,2024-09-09,PL-WEB-01,C010946,VM-NUT-0007,7,12.73,0.0,PLN
SO-2024-012005,4,2024-09-08,2024-09-09,PL-WEB-01,C010946,VM-BIK-0007,1,6908.99,0.0,PLN
SO-2024-012006,1,2024-09-08,2024-09-10,PL-WEB-01,C010546,VM-BIK-0016,1,3518.19,0.1,PLN
SO-2024-012007,1,2024-09-08,2024-09-10,PL-WEB-01,C009210,VM-APP-0015,5,558.59,0.1,PLN
SO-2024-012008,1,2024-09-08,2024-09-12,PL-WEB-01,C010947,VM-CMP-0008,1,431.19,0.0,PLN
SO-2024-012009,1,2024-09-08,2024-09-12,PL-WEB-01,C005329,VM-APP-0006,3,303.79,0.0,PLN
SO-2024-012009,2,2024-09-08,2024-09-12,PL-WEB-01,C005329,VM-ACC-0014,1,107.79,0.0,PLN
SO-2024-012009,3,2024-09-08,2024-09-12,PL-WEB-01,C005329,VM-CMP-0017,2,489.99,0.0,PLN
SO-2024-012009,4,2024-09-08,2024-09-12,PL-WEB-01,C005329,VM-APP-0005,2,176.39,0.0,PLN
SO-2024-012010,1,2024-09-08,2024-09-12,PL-MKT-01,C002792,VM-BIK-0013,1,4703.99,0.0,PLN
SO-2024-012011,1,2024-09-08,2024-09-12,PL-MKT-01,C010948,VM-APP-0018,2,127.39,0.0,PLN
SO-2024-012011,2,2024-09-08,2024-09-12,PL-MKT-01,C010948,VM-CMP-0006,2,195.99,0.0,PLN
SO-2024-012011,3,2024-09-08,2024-09-12,PL-MKT-01,C010948,VM-CMP-0015,2,901.59,0.0,PLN
SO-2024-012011,4,2024-09-08,2024-09-12,PL-MKT-01,C010948,VM-BIK-0004,1,4184.59,0.0,PLN
SO-2024-012012,1,2024-09-08,2024-09-09,PL-MKT-01,C010353,VM-NUT-0001,65,8.81,0.1,PLN
SO-2024-012012,2,2024-09-08,2024-09-09,PL-MKT-01,C010353,VM-BIK-0016,5,3518.19,0.15,PLN
SO-2024-012013,1,2024-09-08,2024-09-10,PL-MKT-01,C010949,VM-BIK-0021,1,1224.99,0.1,PLN
SO-2024-012014,1,2024-09-08,2024-09-08,CZ-BRN-01,C006858,VM-ACC-0004,2,4336.0,0.0,CZK
SO-2024-012015,1,2024-09-08,2024-09-11,CZ-WEB-01,C010950,VM-APP-0005,3,1001.0,0.0,CZK
SO-2024-012015,2,2024-09-08,2024-09-11,CZ-WEB-01,C010950,VM-ACC-0014,1,611.0,0.0,CZK
SO-2024-012015,3,2024-09-08,2024-09-11,CZ-WEB-01,C010950,VM-ACC-0001,1,2112.0,0.0,CZK
SO-2024-012016,1,2024-09-08,2024-09-11,CZ-WEB-01,C009036,VM-CMP-0013,2,2946.0,0.05,CZK
SO-2024-012016,2,2024-09-08,2024-09-11,CZ-WEB-01,C009036,VM-BIK-0009,1,31351.0,0.0,CZK
SO-2024-012017,1,2024-09-08,2024-09-10,CZ-WEB-01,C006854,VM-ACC-0014,1,611.0,0.0,CZK
SO-2024-012018,1,2024-09-08,2024-09-12,DE-WEB-01,C010951,VM-NUT-0002,6,3.43,0.0,EUR
SO-2024-012018,2,2024-09-08,2024-09-12,DE-WEB-01,C010951,VM-CMP-0011,2,36.56,0.0,EUR
SO-2024-012019,1,2024-09-08,2024-09-11,DE-WEB-01,C006132,VM-ACC-0006,2,217.08,0.0,EUR
SO-2024-012019,2,2024-09-08,2024-09-11,DE-WEB-01,C006132,vm-cmp-0015,1,210.22,0.0,EUR
SO-2024-012020,1,2024-09-09,2024-09-09,PL-WAW-01,,VM-NUT-0004,7,6.85,0.0,PLN
SO-2024-012020,2,2024-09-09,2024-09-09,PL-WAW-01,,VM-APP-0010,2,166.59,0.0,PLN
SO-2024-012021,1,2024-09-09,2024-09-09,PL-WAW-01,,VM-NUT-0006,9,9.79,0.0,PLN
SO-2024-012022,1,2024-09-09,2024-09-09,PL-WAW-01,,VM-APP-0012,1,852.59,0.0,PLN
SO-2024-012022,2,2024-09-09,2024-09-09,PL-WAW-01,,VM-NUT-0010,4,34.29,0.0,PLN
SO-2024-012022,3,2024-09-09,2024-09-09,PL-WAW-01,,VM-ACC-0010,1,244.99,0.0,PLN
SO-2024-012023,1,2024-09-09,2024-09-09,PL-WAW-02,,VM-CMP-0015,2,901.59,0.0,PLN
SO-2024-012024,1,2024-09-09,2024-09-09,PL-WAW-02,C010770,VM-ACC-0009,2,391.99,0.05,PLN
SO-2024-012024,2,2024-09-09,2024-09-09,PL-WAW-02,C010770,VM-APP-0007,1,156.79,0.05,PLN
SO-2024-012024,3,2024-09-09,2024-09-09,PL-WAW-02,C010770,VM-ACC-0023,1,911.39,0.05,PLN
SO-2024-012024,4,2024-09-09,2024-09-09,PL-WAW-02,C010770,VM-BIK-0020,1,1185.79,0.15,PLN
SO-2024-012025,1,2024-09-09,2024-09-09,PL-WAW-02,,VM-APP-0002,1,431.19,0.0,PLN
SO-2024-012025,2,2024-09-09,2024-09-09,PL-WAW-02,,VM-APP-0001,1,450.79,0.1,PLN
SO-2024-012026,1,2024-09-09,2024-09-09,PL-KRK-01,,VM-APP-0002,2,431.19,0.0,PLN
SO-2024-012026,2,2024-09-09,2024-09-09,PL-KRK-01,,VM-CMP-0004,1,705.59,0.0,PLN
SO-2024-012026,3,2024-09-09,2024-09-09,PL-KRK-01,,VM-CMP-0012,2,529.19,0.0,PLN
SO-2024-012026,4,2024-09-09,2024-09-09,PL-KRK-01,,VM-NUT-0001,10,8.81,0.0,PLN
SO-2024-012027,1,2024-09-09,2024-09-09,PL-KRK-01,C008680,VM-NUT-0011,4,52.91,0.0,PLN
SO-2024-012027,2,2024-09-09,2024-09-09,PL-KRK-01,C008680,VM-APP-0018,1,127.39,0.0,PLN
SO-2024-012028,1,2024-09-09,2024-09-09,PL-KRK-01,,VM-CMP-0004,2,705.59,0.0,PLN
SO-2024-012029,1,2024-09-09,2024-09-09,PL-WRO-01,,VM-APP-0002,2,431.19,0.1,PLN
SO-2024-012030,1,2024-09-09,2024-09-09,PL-GDN-01,,VM-APP-0016,1,597.79,0.0,PLN
SO-2024-012030,2,2024-09-09,2024-09-09,PL-GDN-01,,VM-APP-0013,1,431.19,0.0,PLN
SO-2024-012031,1,2024-09-09,2024-09-09,PL-GDN-01,,VM-APP-0013,1,431.19,0.0,PLN
SO-2024-012032,1,2024-09-09,2024-09-09,PL-GDN-01,C009264,VM-NUT-0003,7,10.77,0.0,PLN
SO-2024-012032,2,2024-09-09,2024-09-09,PL-GDN-01,C009264,VM-NUT-0006,10,9.79,0.05,PLN
SO-2024-012033,1,2024-09-09,2024-09-09,PL-LDZ-01,C008193,VM-ACC-0006,2,930.99,0.05,PLN
SO-2024-012034,1,2024-09-09,2024-09-12,PL-WEB-01,C010952,VM-ACC-0012,1,70.55,0.0,PLN
SO-2024-012034,2,2024-09-09,2024-09-12,PL-WEB-01,C010952,VM-NUT-0003,4,10.77,0.0,PLN
SO-2024-012035,1,2024-09-09,2024-09-12,PL-WEB-01,C010953,VM-BIK-0020,1,1185.79,0.15,PLN
SO-2024-012036,1,2024-09-09,2024-09-12,PL-WEB-01,C000633,VM-ACC-0008,2,391.99,0.0,PLN
SO-2024-012036,2,2024-09-09,2024-09-12,PL-WEB-01,C000633,VM-BIK-0021,1,1224.99,0.2,PLN
SO-2024-012036,3,2024-09-09,2024-09-12,PL-WEB-01,C000633,VM-ACC-0010,2,244.99,0.0,PLN
SO-2024-012036,4,2024-09-09,2024-09-12,PL-WEB-01,C000633,VM-APP-0001,1,450.79,0.0,PLN
SO-2024-012037,1,2024-09-09,2024-09-10,PL-WEB-01,C010268,VM-ACC-0012,1,70.55,0.0,PLN
SO-2024-012038,1,2024-09-09,2024-09-13,PL-WEB-01,C010680,VM-NUT-0011,1,52.91,0.0,PLN
SO-2024-012039,1,2024-09-09,2024-09-11,PL-WEB-01,C010735,VM-CMP-0013,1,519.39,0.05,PLN
SO-2024-012039,2,2024-09-09,2024-09-11,PL-WEB-01,C010735,VM-APP-0001,2,450.79,0.05,PLN
SO-2024-012039,3,2024-09-09,2024-09-11,PL-WEB-01,C010735,VM-BIK-0007,1,6908.99,0.05,PLN
SO-2024-012040,1,2024-09-09,2024-09-13,PL-WEB-01,C004360,VM-ACC-0001,1,372.39,0.05,PLN
SO-2024-012041,1,2024-09-09,2024-09-13,PL-WEB-01,C010954,VM-BIK-0016,1,3518.19,0.2,PLN
SO-2024-012042,1,2024-09-09,2024-09-10,PL-WEB-01,C000574,VM-NUT-0002,8,14.69,0.0,PLN
SO-2024-012042,2,2024-09-09,2024-09-10,PL-WEB-01,C000574,VM-APP-0010,2,166.59,0.0,PLN
SO-2024-012043,1,2024-09-09,2024-09-12,PL-WEB-01,C008435,VM-CMP-0019,1,205.79,0.0,PLN
SO-2024-012044,1,2024-09-09,2024-09-11,PL-WEB-01,C010955,VM-APP-0001,1,450.79,0.0,PLN
SO-2024-012044,2,2024-09-09,2024-09-11,PL-WEB-01,C010955,VM-CMP-0005,1,1450.39,0.0,PLN
SO-2024-012045,1,2024-09-09,2024-09-11,PL-WEB-01,C000611,VM-NUT-0010,4,34.29,0.0,PLN
SO-2024-012045,2,2024-09-09,2024-09-11,PL-WEB-01,C000611,VM-ACC-0008,2,391.99,0.0,PLN
SO-2024-012045,3,2024-09-09,2024-09-11,PL-WEB-01,C000611,VM-NUT-0009,3,83.29,0.0,PLN
SO-2024-012046,1,2024-09-09,2024-09-13,PL-MKT-01,C010956,VM-APP-0001,2,450.79,0.05,PLN
SO-2024-012046,2,2024-09-09,2024-09-13,PL-MKT-01,C010956,VM-ACC-0020,1,793.79,0.0,PLN
SO-2024-012047,1,2024-09-09,2024-09-12,PL-MKT-01,C010957,VM-ACC-0007,2,352.79,0.0,PLN
SO-2024-012047,2,2024-09-09,2024-09-12,PL-MKT-01,C010957,VM-NUT-0002,9,14.69,0.0,PLN
SO-2024-012048,1,2024-09-09,2024-09-12,PL-MKT-01,C010958,VM-CMP-0015,1,901.59,0.0,PLN
SO-2024-012048,2,2024-09-09,2024-09-12,PL-MKT-01,C010958,VM-NUT-0001,5,8.81,0.0,PLN
SO-2024-012049,1,2024-09-09,2024-09-12,PL-MKT-01,C008808,VM-ACC-0008,1,391.99,0.0,PLN
SO-2024-012049,2,2024-09-09,2024-09-12,PL-MKT-01,C008808,VM-EBK-0007,1,14405.99,0.2,PLN
SO-2024-012050,1,2024-09-09,2024-09-12,CZ-WEB-01,C010959,VM-NUT-0006,10,56.0,0.0,CZK
SO-2024-012050,2,2024-09-09,2024-09-12,CZ-WEB-01,C010959, VM-BIK-0013 ,1,26682.0,0.1,CZK
SO-2024-012050,3,2024-09-09,2024-09-12,CZ-WEB-01,C010959,VM-NUT-0004,12,39.0,0.0,CZK
SO-2024-012051,1,2024-09-09,2024-09-10,CZ-WEB-01,C004658,VM-ACC-0022,1,8727.0,0.0,CZK
SO-2024-012051,2,2024-09-09,2024-09-10,CZ-WEB-01,C004658,VM-CMP-0002,1,3113.0,0.0,CZK
SO-2024-012052,1,2024-09-09,2024-09-09,DE-BER-01,C010960,VM-ACC-0008,2,91.4,0.0,EUR
SO-2024-012052,2,2024-09-09,2024-09-09,DE-BER-01,C010960,VM-APP-0007,1,36.56,0.0,EUR
SO-2024-012053,1,2024-09-09,2024-09-09,DE-BER-01,,VM-CMP-0021,2,10.97,0.0,EUR
SO-2024-012054,1,2024-09-09,2024-09-13,DE-WEB-01,C007173,VM-EBK-0011,1,3345.35,0.15,EUR
SO-2024-012054,2,2024-09-09,2024-09-13,DE-WEB-01,C007173,VM-ACC-0008,1,91.4,0.0,EUR
SO-2024-012055,1,2024-09-09,2024-09-10,DE-WEB-01,C010961,VM-ACC-0014,1,25.13,0.05,EUR
SO-2024-012056,1,2024-09-09,2024-09-13,DE-WEB-01,C010962,VM-BIK-0013,1,1096.83,0.0,EUR
SO-2024-012057,1,2024-09-09,2024-09-13,DE-WEB-01,C008089,VM-CMP-0006,1,45.7,0.0,EUR
SO-2024-012057,2,2024-09-09,2024-09-13,DE-WEB-01,C008089,VM-CMP-0008,2,100.54,0.0,EUR
SO-2024-012057,3,2024-09-09,2024-09-13,DE-WEB-01,C008089,VM-NUT-0009,3,19.42,0.0,EUR
SO-2024-012058,1,2024-09-09,2024-09-13,DE-WEB-01,C010963,VM-CMP-0017,1,114.25,0.0,EUR
SO-2024-012058,2,2024-09-09,2024-09-13,DE-WEB-01,C010963,VM-BIK-0007,1,1610.98,0.05,EUR
SO-2024-012058,3,2024-09-09,2024-09-13,DE-WEB-01,C010963,VM-APP-0010,1,38.84,0.0,EUR
SO-2024-012058,4,2024-09-09,2024-09-13,DE-WEB-01,C010963,VM-APP-0017,2,43.41,0.0,EUR
SO-2024-012059,1,2024-09-10,2024-09-10,PL-WAW-01,C006847,VM-BIK-0004,1,4184.59,0.15,PLN
SO-2024-012059,2,2024-09-10,2024-09-10,PL-WAW-01,C006847,VM-ACC-0014,1,107.79,0.0,PLN
SO-2024-012059,3,2024-09-10,2024-09-10,PL-WAW-01,C006847,VM-APP-0001,2,450.79,0.0,PLN
SO-2024-012060,1,2024-09-10,2024-09-10,PL-WAW-01,,VM-NUT-0002,14,14.69,0.0,PLN
SO-2024-012061,1,2024-09-10,2024-09-10,PL-WAW-01,C009319,VM-ACC-0008,1,391.99,0.0,PLN
SO-2024-012062,1,2024-09-10,2024-09-10,PL-WAW-02,C010964,VM-EBK-0003,1,8908.19,0.1,PLN
SO-2024-012063,1,2024-09-10,2024-09-10,PL-KRK-01,C010965,VM-CMP-0011,2,156.79,0.0,PLN
SO-2024-012064,1,2024-09-10,2024-09-10,PL-KRK-01,,VM-APP-0001,2,450.79,0.0,PLN
SO-2024-012064,2,2024-09-10,2024-09-10,PL-KRK-01,,VM-CMP-0009,1,342.99,0.0,PLN
SO-2024-012065,1,2024-09-10,2024-09-10,PL-KRK-01,C004688,VM-NUT-0004,11,6.85,0.05,PLN
SO-2024-012066,1,2024-09-10,2024-09-10,PL-WRO-01,C010942,VM-CMP-0008,1,431.19,0.05,PLN
SO-2024-012067,1,2024-09-10,2024-09-10,PL-GDN-01,C010966,VM-BIK-0012,1,11573.79,0.0,PLN
SO-2024-012068,1,2024-09-10,2024-09-10,PL-GDN-01,C010967,VM-CMP-0009,2,342.99,0.0,PLN
SO-2024-012068,2,2024-09-10,2024-09-10,PL-GDN-01,C010967,VM-BIK-0013,1,4703.99,0.2,PLN
SO-2024-012068,3,2024-09-10,2024-09-10,PL-GDN-01,C010967,VM-BIK-0001,1,13416.19,0.0,PLN
SO-2024-012068,4,2024-09-10,2024-09-10,PL-GDN-01,C010967,VM-BIK-0003,1,6409.19,0.0,PLN
SO-2024-012069,1,2024-09-10,2024-09-10,PL-POZ-01,C010968,VM-APP-0002,3,431.19,0.05,PLN
SO-2024-012070,1,2024-09-10,2024-09-10,PL-POZ-01,C008158,VM-NUT-0011,3,52.91,0.0,PLN
SO-2024-012070,2,2024-09-10,2024-09-10,PL-POZ-01,C008158,VM-CMP-0010,1,382.19,0.0,PLN
SO-2024-012071,1,2024-09-10,2024-09-10,PL-LDZ-01,C004670,VM-BIK-0019,1,1185.79,0.0,PLN
SO-2024-012071,2,2024-09-10,2024-09-10,PL-LDZ-01,C004670,VM-BIK-0007,1,6908.99,0.15,PLN
SO-2024-012072,1,2024-09-10,2024-09-11,PL-WEB-01,C003466,VM-CMP-0003,1,235.19,0.0,PLN
SO-2024-012072,2,2024-09-10,2024-09-11,PL-WEB-01,C003466,VM-CMP-0017,1,489.99,0.0,PLN
SO-2024-012072,3,2024-09-10,2024-09-11,PL-WEB-01,C003466,VM-ACC-0001,1,372.39,0.0,PLN
SO-2024-012073,1,2024-09-10,2024-09-12,PL-WEB-01,C010969,VM-BIK-0012,1,11573.79,0.1,PLN
SO-2024-012073,2,2024-09-10,2024-09-12,PL-WEB-01,C010969,VM-ACC-0007,1,352.79,0.1,PLN
SO-2024-012073,3,2024-09-10,2024-09-12,PL-WEB-01,C010969,VM-ACC-0019,2,48.99,0.05,PLN
SO-2024-012074,1,2024-09-10,2024-09-12,PL-WEB-01,C010970,vm-cmp-0020,3,254.79,0.0,PLN
SO-2024-012074,2,2024-09-10,2024-09-12,PL-WEB-01,C010970,VM-ACC-0008,2,391.99,0.0,PLN
SO-2024-012075,1,2024-09-10,2024-09-13,PL-WEB-01,C010971,VM-BIK-0007,1,6908.99,0.05,PLN
SO-2024-012075,2,2024-09-10,2024-09-13,PL-WEB-01,C010971,VM-ACC-0006,2,930.99,0.0,PLN
SO-2024-012076,1,2024-09-10,2024-09-13,PL-WEB-01,C002755,VM-ACC-0008,2,391.99,0.0,PLN
SO-2024-012076,2,2024-09-10,2024-09-13,PL-WEB-01,C002755,VM-CMP-0005,1,1450.39,0.0,PLN
SO-2024-012077,1,2024-09-10,2024-09-14,PL-WEB-01,C010972,VM-NUT-0007,9,12.73,0.0,PLN
SO-2024-012077,2,2024-09-10,2024-09-14,PL-WEB-01,C010972,VM-NUT-0009,2,83.29,0.0,PLN
SO-2024-012078,1,2024-09-10,2024-09-13,PL-WEB-01,C010085,VM-EBK-0009,1,9711.79,0.0,PLN
SO-2024-012078,2,2024-09-10,2024-09-13,PL-WEB-01,C010085,VM-ACC-0004,1,764.39,0.1,PLN
SO-2024-012079,1,2024-09-10,2024-09-13,PL-WEB-01,C010973,VM-APP-0001,3,450.79,0.0,PLN
SO-2024-012079,2,2024-09-10,2024-09-13,PL-WEB-01,C010973,VM-APP-0020,1,176.39,0.0,PLN
SO-2024-012080,1,2024-09-10,2024-09-11,PL-WEB-01,C010869,VM-CMP-0016,2,2410.79,0.0,PLN
SO-2024-012080,2,2024-09-10,2024-09-11,PL-WEB-01,C010869,VM-NUT-0006,9,9.79,0.0,PLN
SO-2024-012081,1,2024-09-10,2024-09-13,PL-WEB-01,C006330,VM-APP-0013,1,431.19,0.0,PLN
SO-2024-012082,1,2024-09-10,2024-09-14,PL-WEB-01,C002955,VM-APP-0019,2,64.67,0.0,PLN
SO-2024-012082,2,2024-09-10,2024-09-14,PL-WEB-01,C002955,VM-APP-0001,2,450.79,0.0,PLN
SO-2024-012082,3,2024-09-10,2024-09-14,PL-WEB-01,C002955,VM-NUT-0004,15,6.85,0.0,PLN
SO-2024-012083,1,2024-09-10,2024-09-14,PL-MKT-01,C010974,VM-ACC-0008,1,391.99,0.0,PLN
SO-2024-012084,1,2024-09-10,2024-09-13,PL-MKT-01,C009385,VM-EBK-0002,3,9750.99,0.15,PLN
SO-2024-012085,1,2024-09-10,2024-09-11,PL-MKT-01,C001121,VM-ACC-0021,1,764.39,0.0,PLN
SO-2024-012086,1,2024-09-10,2024-09-11,PL-MKT-01,C010975,VM-APP-0010,2,166.59,0.0,PLN
SO-2024-012086,2,2024-09-10,2024-09-11,PL-MKT-01,C010975,VM-CMP-0005,1,1450.39,0.0,PLN
SO-2024-012086,3,2024-09-10,2024-09-11,PL-MKT-01,C010975,VM-NUT-0004,10,6.85,0.0,PLN
SO-2024-012087,1,2024-09-10,2024-09-14,PL-MKT-01,C010786,VM-NUT-0009,3,83.29,0.0,PLN
SO-2024-012087,2,2024-09-10,2024-09-14,PL-MKT-01,C010786,VM-CMP-0023,2,57.81,0.0,PLN
SO-2024-012088,1,2024-09-10,2024-09-12,PL-MKT-01,C010976,VM-CMP-0006,2,195.99,0.0,PLN
SO-2024-012088,2,2024-09-10,2024-09-12,PL-MKT-01,C010976,VM-APP-0001,3,450.79,0.0,PLN
SO-2024-012089,1,2024-09-10,2024-09-14,PL-MKT-01,C006837,VM-APP-0019,2,64.67,0.05,PLN
SO-2024-012089,2,2024-09-10,2024-09-14,PL-MKT-01,C006837,VM-NUT-0003,4,10.77,0.05,PLN
SO-2024-012089,3,2024-09-10,2024-09-14,PL-MKT-01,C006837,VM-CMP-0005,2,1450.39,0.05,PLN
SO-2024-012090,1,2024-09-10,2024-09-10,CZ-PRG-01,,VM-ACC-0022,1,8727.0,0.0,CZK
SO-2024-012091,1,2024-09-10,2024-09-10,CZ-PRG-01,C010977,VM-BIK-0017,1,10617.0,0.15,CZK
SO-2024-012092,1,2024-09-10,2024-09-10,CZ-PRG-01,C009587,VM-CMP-0017,2,2779.0,0.0,CZK
SO-2024-012093,1,2024-09-10,2024-09-10,CZ-BRN-01,C009296,VM-ACC-0008,1,2223.0,0.0,CZK
SO-2024-012093,2,2024-09-10,2024-09-10,CZ-BRN-01,C009296,VM-ACC-0020,1,4502.0,0.0,CZK
SO-2024-012093,3,2024-09-10,2024-09-10,CZ-BRN-01,C009296,VM-EBK-0001,1,42635.0,0.0,CZK
SO-2024-012094,1,2024-09-10,2024-09-12,CZ-WEB-01,C010978,VM-BIK-0001,1,76099.0,0.2,CZK
SO-2024-012094,2,2024-09-10,2024-09-12,CZ-WEB-01,C010978,VM-ACC-0014,1,611.0,0.0,CZK
SO-2024-012095,1,2024-09-10,2024-09-10,DE-BER-01,,vm-app-0020,2,41.13,0.0,EUR
SO-2024-012095,2,2024-09-10,2024-09-10,DE-BER-01,, VM-BIK-0007 ,1,1610.98,0.0,EUR
SO-2024-012096,1,2024-09-10,2024-09-10,DE-BER-01,,VM-BIK-0020,1,276.49,0.0,EUR
SO-2024-012097,1,2024-09-10,2024-09-13,DE-WEB-01,C002621,VM-NUT-0004,15,1.6,0.05,EUR
SO-2024-012098,1,2024-09-10,2024-09-12,DE-WEB-01,C010979,VM-ACC-0006,1,217.08,0.0,EUR
SO-2024-012098,2,2024-09-10,2024-09-12,DE-WEB-01,C010979,VM-NUT-0011,3,12.34,0.0,EUR
SO-2024-012098,3,2024-09-10,2024-09-12,DE-WEB-01,C010979,VM-CMP-0005,2,338.19,0.0,EUR
SO-2024-012098,4,2024-09-10,2024-09-12,DE-WEB-01,C010979,VM-CMP-0017,2,114.25,0.0,EUR
SO-2024-012099,1,2024-09-11,2024-09-11,PL-WAW-01,C003024,VM-NUT-0009,3,83.29,0.1,PLN
SO-2024-012100,1,2024-09-11,2024-09-11,PL-WAW-01,C010980,VM-ACC-0020,1,793.79,0.05,PLN
SO-2024-012101,1,2024-09-11,2024-09-11,PL-WAW-01,C010981,VM-NUT-0004,8,6.85,0.05,PLN
SO-2024-012101,2,2024-09-11,2024-09-11,PL-WAW-01,C010981,VM-APP-0001,3,450.79,0.0,PLN
SO-2024-012101,3,2024-09-11,2024-09-11,PL-WAW-01,C010981,VM-APP-0002,3,431.19,0.0,PLN
SO-2024-012102,1,2024-09-11,2024-09-11,PL-WAW-02,,VM-CMP-0007,2,617.39,0.0,PLN
SO-2024-012103,1,2024-09-11,2024-09-11,PL-WAW-02,C010907,VM-NUT-0010,4,34.29,0.0,PLN
SO-2024-012104,1,2024-09-11,2024-09-11,PL-KRK-01,,VM-CMP-0005,1,1450.39,0.0,PLN
SO-2024-012104,2,2024-09-11,2024-09-11,PL-KRK-01,,VM-BIK-0009,1,5527.19,0.0,PLN
SO-2024-012105,1,2024-09-11,2024-09-11,PL-KRK-01,C010982,VM-CMP-0017,2,489.99,0.0,PLN
SO-2024-012105,2,2024-09-11,2024-09-11,PL-KRK-01,C010982,VM-APP-0012,1,852.59,0.0,PLN
SO-2024-012105,3,2024-09-11,2024-09-11,PL-KRK-01,C010982,VM-CMP-0001,2,391.99,0.0,PLN
SO-2024-012105,4,2024-09-11,2024-09-11,PL-KRK-01,C010982,VM-EBK-0007,1,14405.99,0.05,PLN
SO-2024-012106,1,2024-09-11,2024-09-11,PL-WRO-01,,vm-bik-0009,1,5527.19,0.0,PLN
SO-2024-012107,1,2024-09-11,2024-09-11,PL-WRO-01,,VM-APP-0008,2,156.79,0.0,PLN
SO-2024-012107,2,2024-09-11,2024-09-11,PL-WRO-01,,VM-NUT-0004,11,6.85,0.0,PLN
SO-2024-012107,3,2024-09-11,2024-09-11,PL-WRO-01,,VM-CMP-0001,2,391.99,0.1,PLN
SO-2024-012108,1,2024-09-11,2024-09-11,PL-WRO-01,C008724,VM-APP-0002,2,431.19,0.0,PLN
SO-2024-012108,2,2024-09-11,2024-09-11,PL-WRO-01,C008724,VM-BIK-0004,1,4184.59,0.0,PLN
SO-2024-012108,3,2024-09-11,2024-09-11,PL-WRO-01,C008724,VM-CMP-0015,2,901.59,0.05,PLN
SO-2024-012109,1,2024-09-11,2024-09-11,PL-WRO-01,C006608,VM-APP-0012,1,852.59,0.0,PLN
SO-2024-012110,1,2024-09-11,2024-09-11,PL-WRO-01,C009068,VM-EBK-0007,1,14405.99,0.0,PLN
SO-2024-012111,1,2024-09-11,2024-09-11,PL-GDN-01,C010983,VM-APP-0012,1,852.59,0.05,PLN
SO-2024-012111,2,2024-09-11,2024-09-11,PL-GDN-01,C010983,VM-CMP-0023,3,57.81,0.0,PLN
SO-2024-012112,1,2024-09-11,2024-09-11,PL-POZ-01,C009421,VM-APP-0008,2,156.79,0.05,PLN
SO-2024-012113,1,2024-09-11,2024-09-11,PL-POZ-01,C002273,VM-APP-0013,1,431.19,0.0,PLN
SO-2024-012114,1,2024-09-11,2024-09-11,PL-LDZ-01,,VM-NUT-0001,14,8.81,0.0,PLN
SO-2024-012115,1,2024-09-11,2024-09-11,PL-LDZ-01,C009943,VM-ACC-0008,2,391.99,0.0,PLN
SO-2024-012115,2,2024-09-11,2024-09-11,PL-LDZ-01,C009943,VM-NUT-0009,4,83.29,0.0,PLN
SO-2024-012115,3,2024-09-11,2024-09-11,PL-LDZ-01,C009943,VM-APP-0010,1,166.59,0.0,PLN
SO-2024-012116,1,2024-09-11,2024-09-12,PL-WEB-01,C010984,VM-EBK-0011,1,14347.19,0.0,PLN
SO-2024-012117,1,2024-09-11,2024-09-14,PL-WEB-01,C010455,VM-APP-0019,2,64.67,0.0,PLN
SO-2024-012118,1,2024-09-11,2024-09-15,PL-WEB-01,C004985,VM-APP-0013,4,431.19,0.08,PLN
SO-2024-012119,1,2024-09-11,2024-09-15,PL-WEB-01,C007874,VM-EBK-0009,1,9711.79,0.1,PLN
SO-2024-012120,1,2024-09-11,2024-09-15,PL-WEB-01,C005660,VM-CMP-0010,2,382.19,0.0,PLN
SO-2024-012120,2,2024-09-11,2024-09-15,PL-WEB-01,C005660,VM-CMP-0009,2,342.99,0.0,PLN
SO-2024-012121,1,2024-09-11,2024-09-15,PL-WEB-01,C010985,VM-BIK-0012,1,11573.79,0.0,PLN
SO-2024-012122,1,2024-09-11,2024-09-15,PL-WEB-01,C010986,VM-APP-0002,2,431.19,0.05,PLN
SO-2024-012122,2,2024-09-11,2024-09-15,PL-WEB-01,C010986,VM-APP-0008,2,156.79,0.05,PLN
SO-2024-012123,1,2024-09-11,2024-09-12,PL-WEB-01,C002637,VM-NUT-0006,6,9.79,0.05,PLN
SO-2024-012124,1,2024-09-11,2024-09-13,PL-WEB-01,C008677,VM-CMP-0023,2,57.81,0.0,PLN
SO-2024-012124,2,2024-09-11,2024-09-13,PL-WEB-01,C008677,VM-CMP-0018,1,60.75,0.0,PLN
SO-2024-012124,3,2024-09-11,2024-09-13,PL-WEB-01,C008677,VM-NUT-0006,7,9.79,0.1,PLN
SO-2024-012125,1,2024-09-11,2024-09-15,PL-WEB-01,C010987,VM-NUT-0003,4,10.77,0.0,PLN
SO-2024-012126,1,2024-09-11,2024-09-12,PL-WEB-01,C010988,VM-NUT-0006,24,9.79,0.12,PLN
SO-2024-012127,1,2024-09-11,2024-09-13,PL-WEB-01,C008128,VM-EBK-0001,1,7516.59,0.0,PLN
SO-2024-012128,1,2024-09-11,2024-09-15,PL-WEB-01,C001179,VM-ACC-0002,1,597.79,0.0,PLN
SO-2024-012129,1,2024-09-11,2024-09-12,PL-MKT-01,C009139,VM-BIK-0018,1,2351.99,0.05,PLN
SO-2024-012130,1,2024-09-11,2024-09-15,PL-MKT-01,C010989,vm-bik-0003,1,6409.19,0.0,PLN
SO-2024-012130,2,2024-09-11,2024-09-15,PL-MKT-01,C010989,VM-ACC-0019,1,48.99,0.0,PLN
SO-2024-012131,1,2024-09-11,2024-09-12,PL-MKT-01,C010990,VM-ACC-0008,1,391.99,0.0,PLN
SO-2024-012131,2,2024-09-11,2024-09-12,PL-MKT-01,C010990, VM-BIK-0019 ,1,1185.79,0.0,PLN
SO-2024-012132,1,2024-09-11,2024-09-12,PL-MKT-01,C010991,VM-BIK-0016,1,3518.19,0.2,PLN
SO-2024-012132,2,2024-09-11,2024-09-12,PL-MKT-01,C010991,VM-ACC-0008,2,391.99,0.0,PLN
SO-2024-012132,3,2024-09-11,2024-09-12,PL-MKT-01,C010991,VM-NUT-0003,8,10.77,0.0,PLN
SO-2024-012133,1,2024-09-11,2024-09-14,PL-MKT-01,C010992,VM-CMP-0009,2,342.99,0.0,PLN
SO-2024-012133,2,2024-09-11,2024-09-14,PL-MKT-01,C010992, VM-BIK-0007 ,1,6908.99,0.0,PLN
SO-2024-012134,1,2024-09-11,2024-09-12,PL-MKT-01,C004939,VM-BIK-0020,1,1185.79,0.1,PLN
SO-2024-012134,2,2024-09-11,2024-09-12,PL-MKT-01,C004939,VM-ACC-0003,1,284.19,0.0,PLN
SO-2024-012135,1,2024-09-11,2024-09-13,PL-MKT-01,C008619,VM-ACC-0001,1,372.39,0.05,PLN
SO-2024-012135,2,2024-09-11,2024-09-13,PL-MKT-01,C008619,VM-APP-0005,1,176.39,0.1,PLN
SO-2024-012136,1,2024-09-11,2024-09-11,CZ-PRG-01,, VM-ACC-0014 ,1,611.0,0.0,CZK
SO-2024-012137,1,2024-09-11,2024-09-13,CZ-WEB-01,C010993,VM-ACC-0021,1,4336.0,0.0,CZK
SO-2024-012137,2,2024-09-11,2024-09-13,CZ-WEB-01,C010993,VM-ACC-0018,2,278.0,0.0,CZK
SO-2024-012137,3,2024-09-11,2024-09-13,CZ-WEB-01,C010993,VM-BIK-0019,1,6726.0,0.1,CZK
SO-2024-012137,4,2024-09-11,2024-09-13,CZ-WEB-01,C010993,VM-EBK-0008,1,83936.0,0.1,CZK
SO-2024-012138,1,2024-09-11,2024-09-12,CZ-WEB-01,C006978,VM-CMP-0015,2,5114.0,0.05,CZK
SO-2024-012138,2,2024-09-11,2024-09-12,CZ-WEB-01,C006978,VM-NUT-0002,5,83.0,0.05,CZK
SO-2024-012139,1,2024-09-11,2024-09-15,CZ-WEB-01,C010034,VM-APP-0006,3,1723.0,0.0,CZK
SO-2024-012140,1,2024-09-11,2024-09-11,DE-BER-01,,VM-BIK-0006,1,1505.86,0.0,EUR
SO-2024-012141,1,2024-09-11,2024-09-11,DE-BER-01,C010158,VM-ACC-0014,1,25.13,0.0,EUR
SO-2024-012142,1,2024-09-11,2024-09-11,DE-BER-01,C010534,VM-CMP-0007,2,143.96,0.05,EUR
SO-2024-012142,2,2024-09-11,2024-09-11,DE-BER-01,C010534,VM-ACC-0012,1,16.45,0.1,EUR
SO-2024-012143,1,2024-09-11,2024-09-11,DE-BER-01,C000675,VM-ACC-0002,2,139.39,0.05,EUR
SO-2024-012144,1,2024-09-11,2024-09-12,DE-WEB-01,C008872,VM-CMP-0002,2,127.96,0.0,EUR
SO-2024-012144,2,2024-09-11,2024-09-12,DE-WEB-01,C008872,VM-CMP-0013,1,121.11,0.0,EUR
SO-2024-012144,3,2024-09-11,2024-09-12,DE-WEB-01,C008872,VM-ACC-0017,3,13.25,0.0,EUR
SO-2024-012145,1,2024-09-12,2024-09-12,PL-WAW-01,C006283,VM-APP-0007,1,156.79,0.0,PLN
SO-2024-012145,2,2024-09-12,2024-09-12,PL-WAW-01,C006283,VM-BIK-0019,1,1185.79,0.0,PLN
SO-2024-012146,1,2024-09-12,2024-09-12,PL-WAW-01,C005872,VM-BIK-0020,1,1185.79,0.15,PLN
SO-2024-012147,1,2024-09-12,2024-09-12,PL-WAW-01,C010994,VM-NUT-0009,2,83.29,0.1,PLN
SO-2024-012147,2,2024-09-12,2024-09-12,PL-WAW-01,C010994,VM-BIK-0001,1,13416.19,0.1,PLN
SO-2024-012147,3,2024-09-12,2024-09-12,PL-WAW-01,C010994,VM-ACC-0017,3,56.83,0.0,PLN
SO-2024-012148,1,2024-09-12,2024-09-12,PL-WAW-01,C010995,VM-BIK-0007,1,6908.99,0.15,PLN
SO-2024-012148,2,2024-09-12,2024-09-12,PL-WAW-01,C010995,VM-ACC-0008,2,391.99,0.05,PLN
SO-2024-012148,3,2024-09-12,2024-09-12,PL-WAW-01,C010995,vm-cmp-0009,1,342.99,0.0,PLN
SO-2024-012149,1,2024-09-12,2024-09-12,PL-WAW-01,C001176,VM-BIK-0001,1,13416.19,0.1,PLN
SO-2024-012149,2,2024-09-12,2024-09-12,PL-WAW-01,C001176,VM-ACC-0014,1,107.79,0.0,PLN
SO-2024-012150,1,2024-09-12,2024-09-12,PL-WAW-01,C004360,VM-BIK-0013,1,4703.99,0.05,PLN
SO-2024-012151,1,2024-09-12,2024-09-12,PL-WAW-01,C010996,VM-APP-0006,2,303.79,0.05,PLN
SO-2024-012152,1,2024-09-12,2024-09-12,PL-WAW-02,C006264,VM-BIK-0003,1,6409.19,0.0,PLN
SO-2024-012152,2,2024-09-12,2024-09-12,PL-WAW-02,C006264,VM-ACC-0014,1,107.79,0.0,PLN
SO-2024-012153,1,2024-09-12,2024-09-12,PL-WAW-02,C003803,VM-BIK-0009,1,5527.19,0.05,PLN
SO-2024-012153,2,2024-09-12,2024-09-12,PL-WAW-02,C003803,VM-ACC-0004,1,764.39,0.05,PLN
SO-2024-012154,1,2024-09-12,2024-09-12,PL-WAW-02,C008318,VM-APP-0010,1,166.59,0.0,PLN
SO-2024-012154,2,2024-09-12,2024-09-12,PL-WAW-02,C008318,VM-NUT-0001,11,8.81,0.0,PLN
SO-2024-012154,3,2024-09-12,2024-09-12,PL-WAW-02,C008318,VM-CMP-0023,4,57.81,0.0,PLN
SO-2024-012154,4,2024-09-12,2024-09-12,PL-WAW-02,C008318,VM-BIK-0020,1,1185.79,0.15,PLN
SO-2024-012155,1,2024-09-12,2024-09-12,PL-WAW-02,C010997,VM-ACC-0008,2,391.99,0.0,PLN
SO-2024-012156,1,2024-09-12,2024-09-12,PL-WAW-02,,VM-BIK-0019,1,1185.79,0.15,PLN
SO-2024-012157,1,2024-09-12,2024-09-12,PL-KRK-01,,VM-APP-0003,3,303.79,0.0,PLN
SO-2024-012157,2,2024-09-12,2024-09-12,PL-KRK-01,,VM-CMP-0009,2,342.99,0.0,PLN
SO-2024-012158,1,2024-09-12,2024-09-12,PL-WRO-01,C010998,VM-ACC-0021,1,764.39,0.0,PLN
SO-2024-012158,2,2024-09-12,2024-09-12,PL-WRO-01,C010998,VM-ACC-0008,1,391.99,0.0,PLN
SO-2024-012158,3,2024-09-12,2024-09-12,PL-WRO-01,C010998,VM-APP-0002,2,431.19,0.05,PLN
SO-2024-012159,1,2024-09-12,2024-09-12,PL-WRO-01,C010999,VM-BIK-0009,1,5527.19,0.0,PLN
SO-2024-012160,1,2024-09-12,2024-09-12,PL-GDN-01,C011000,VM-ACC-0005,1,176.39,0.0,PLN
SO-2024-012160,2,2024-09-12,2024-09-12,PL-GDN-01,C011000,VM-ACC-0003,2,284.19,0.0,PLN
SO-2024-012160,3,2024-09-12,2024-09-12,PL-GDN-01,C011000,VM-BIK-0012,1,11573.79,0.0,PLN
SO-2024-012160,4,2024-09-12,2024-09-12,PL-GDN-01,C011000,VM-APP-0008,2,156.79,0.0,PLN
SO-2024-012161,1,2024-09-12,2024-09-12,PL-GDN-01,,VM-ACC-0018,1,48.99,0.0,PLN
SO-2024-012161,2,2024-09-12,2024-09-12,PL-GDN-01,,VM-BIK-0009,1,5527.19,0.05,PLN
SO-2024-012162,1,2024-09-12,2024-09-12,PL-GDN-01,C009806,VM-BIK-0017,1,1871.79,0.1,PLN
SO-2024-012163,1,2024-09-12,2024-09-12,PL-LDZ-01,C011001,VM-ACC-0017,1,56.83,0.0,PLN
SO-2024-012164,1,2024-09-12,2024-09-12,PL-LDZ-01,C000080,VM-CMP-0007,4,617.39,0.1,PLN
SO-2024-012165,1,2024-09-12,2024-09-12,PL-LDZ-01,C003705,VM-NUT-0002,3,14.69,0.05,PLN
SO-2024-012166,1,2024-09-12,2024-09-13,PL-WEB-01,C010625,VM-NUT-0009,3,83.29,0.0,PLN
SO-2024-012167,1,2024-09-12,2024-09-14,PL-WEB-01,C011002,VM-APP-0003,3,303.79,0.0,PLN
SO-2024-012167,2,2024-09-12,2024-09-14,PL-WEB-01,C011002,VM-APP-0006,2,303.79,0.0,PLN
SO-2024-012168,1,2024-09-12,2024-09-14,PL-WEB-01,C011003,VM-EBK-0003,1,8908.19,0.0,PLN
SO-2024-012168,2,2024-09-12,2024-09-14,PL-WEB-01,C011003,VM-APP-0019,1,64.67,0.0,PLN
SO-2024-012168,3,2024-09-12,2024-09-14,PL-WEB-01,C011003,VM-BIK-0007,1,6908.99,0.0,PLN
SO-2024-012169,1,2024-09-12,2024-09-16,PL-WEB-01,C011004,VM-NUT-0011,3,52.91,0.0,PLN
SO-2024-012170,1,2024-09-12,2024-09-15,PL-WEB-01,C002535,VM-EBK-0011,5,14347.19,0.1,PLN
SO-2024-012170,2,2024-09-12,2024-09-15,PL-WEB-01,C002535,VM-ACC-0013,3,166.59,0.08,PLN
SO-2024-012170,3,2024-09-12,2024-09-15,PL-WEB-01,C002535,VM-ACC-0007,10,352.79,0.08,PLN
SO-2024-012171,1,2024-09-12,2024-09-16,PL-WEB-01,C001083,VM-ACC-0008,2,391.99,0.05,PLN
SO-2024-012171,2,2024-09-12,2024-09-16,PL-WEB-01,C001083,VM-BIK-0021,1,1224.99,0.05,PLN
SO-2024-012172,1,2024-09-12,2024-09-15,PL-WEB-01,C002001,VM-APP-0002,3,431.19,0.05,PLN
SO-2024-012172,2,2024-09-12,2024-09-15,PL-WEB-01,C002001,VM-BIK-0007,1,6908.99,0.0,PLN
SO-2024-012173,1,2024-09-12,2024-09-15,PL-MKT-01,C010209,VM-ACC-0008,2,391.99,0.0,PLN
SO-2024-012173,2,2024-09-12,2024-09-15,PL-MKT-01,C010209,VM-APP-0013,1,431.19,0.0,PLN
SO-2024-012174,1,2024-09-12,2024-09-15,PL-MKT-01,C008271,VM-NUT-0009,2,83.29,0.0,PLN
SO-2024-012175,1,2024-09-12,2024-09-13,PL-MKT-01,C011005,VM-CMP-0019,3,205.79,0.0,PLN
SO-2024-012175,2,2024-09-12,2024-09-13,PL-MKT-01,C011005,VM-EBK-0009,1,9711.79,0.2,PLN
SO-2024-012175,3,2024-09-12,2024-09-13,PL-MKT-01,C011005,vm-cmp-0017,1,489.99,0.0,PLN
SO-2024-012176,1,2024-09-12,2024-09-14,PL-MKT-01,C011006,VM-NUT-0004,39,6.85,0.1,PLN
SO-2024-012176,2,2024-09-12,2024-09-14,PL-MKT-01,C011006,VM-APP-0009,3,342.99,0.08,PLN
SO-2024-012177,1,2024-09-12,2024-09-13,PL-MKT-01,C011007,VM-CMP-0020,4,254.79,0.0,PLN
SO-2024-012178,1,2024-09-12,2024-09-14,PL-MKT-01,C007545,VM-NUT-0011,1,52.91,0.0,PLN
SO-2024-012179,1,2024-09-12,2024-09-13,PL-MKT-01,C011008,VM-CMP-0005,2,1450.39,0.0,PLN
SO-2024-012179,2,2024-09-12,2024-09-13,PL-MKT-01,C011008,VM-ACC-0014,1,107.79,0.0,PLN
SO-2024-012179,3,2024-09-12,2024-09-13,PL-MKT-01,C011008,VM-BIK-0003,1,6409.19,0.0,PLN
SO-2024-012180,1,2024-09-12,2024-09-12,CZ-PRG-01,C010421,VM-BIK-0014,1,21290.0,0.1,CZK
SO-2024-012181,1,2024-09-12,2024-09-12,CZ-BRN-01,C001863,VM-BIK-0019,4,6726.0,0.2,CZK
SO-2024-012182,1,2024-09-12,2024-09-16,CZ-WEB-01,C011009,VM-CMP-0019,4,1167.0,0.1,CZK
SO-2024-012182,2,2024-09-12,2024-09-16,CZ-WEB-01,C011009,vm-app-0001,3,2557.0,0.0,CZK
SO-2024-012183,1,2024-09-12,2024-09-15,CZ-WEB-01,C000101,VM-NUT-0002,10,83.0,0.0,CZK
SO-2024-012183,2,2024-09-12,2024-09-15,CZ-WEB-01,C000101,VM-APP-0017,1,1056.0,0.0,CZK
SO-2024-012183,3,2024-09-12,2024-09-15,CZ-WEB-01,C000101,VM-NUT-0004,3,39.0,0.0,CZK
SO-2024-012184,1,2024-09-12,2024-09-12,DE-BER-01,C011010, VM-CMP-0013 ,1,121.11,0.0,EUR
SO-2024-012185,1,2024-09-12,2024-09-12,DE-BER-01,C006860,VM-APP-0005,3,41.13,0.0,EUR
SO-2024-012186,1,2024-09-12,2024-09-16,DE-WEB-01,C003567,VM-NUT-0003,11,2.51,0.05,EUR
SO-2024-012186,2,2024-09-12,2024-09-16,DE-WEB-01,C003567,VM-BIK-0003,1,1494.44,0.05,EUR
SO-2024-012186,3,2024-09-12,2024-09-16,DE-WEB-01,C003567,VM-ACC-0003,2,66.26,0.05,EUR
SO-2024-012186,4,2024-09-12,2024-09-16,DE-WEB-01,C003567,VM-ACC-0007,2,82.26,0.05,EUR
SO-2024-012187,1,2024-09-12,2024-09-16,DE-WEB-01,C011011,VM-BIK-0009,4,1288.78,0.1,EUR
SO-2024-012188,1,2024-09-12,2024-09-15,DE-WEB-01,C011012,VM-APP-0007,2,36.56,0.0,EUR
SO-2024-012188,2,2024-09-12,2024-09-15,DE-WEB-01,C011012,VM-ACC-0007,2,82.26,0.0,EUR
SO-2024-012189,1,2024-09-12,2024-09-13,DE-WEB-01,C011013,VM-APP-0012,1,198.8,0.0,EUR
SO-2024-012189,2,2024-09-12,2024-09-13,DE-WEB-01,C011013,VM-BIK-0012,1,2698.67,0.15,EUR
SO-2024-012189,3,2024-09-12,2024-09-13,DE-WEB-01,C011013,VM-APP-0018,2,29.7,0.0,EUR
SO-2024-012189,4,2024-09-12,2024-09-13,DE-WEB-01,C011013,VM-APP-0020,1,41.13,0.0,EUR
SO-2024-012190,1,2024-09-13,2024-09-13,PL-WAW-01,C011014,VM-APP-0010,1,166.59,0.0,PLN
SO-2024-012191,1,2024-09-13,2024-09-13,PL-WAW-01,,VM-NUT-0004,13,6.85,0.0,PLN
SO-2024-012192,1,2024-09-13,2024-09-13,PL-WAW-01,C011015,VM-BIK-0019,1,1185.79,0.0,PLN
SO-2024-012193,1,2024-09-13,2024-09-13,PL-WAW-01,C011016,VM-BIK-0019,1,1185.79,0.1,PLN
SO-2024-012194,1,2024-09-13,2024-09-13,PL-WAW-02,,VM-NUT-0010,4,34.29,0.0,PLN
SO-2024-012194,2,2024-09-13,2024-09-13,PL-WAW-02,,VM-APP-0002,2,431.19,0.0,PLN
SO-2024-012195,1,2024-09-13,2024-09-13,PL-WAW-02,,VM-NUT-0007,11,12.73,0.0,PLN
SO-2024-012195,2,2024-09-13,2024-09-13,PL-WAW-02,,VM-APP-0012,1,852.59,0.0,PLN
SO-2024-012195,3,2024-09-13,2024-09-13,PL-WAW-02,,VM-CMP-0009,2,342.99,0.0,PLN
SO-2024-012196,1,2024-09-13,2024-09-13,PL-WAW-02,C005792,VM-CMP-0009,1,342.99,0.0,PLN
SO-2024-012197,1,2024-09-13,2024-09-13,PL-WAW-02,,VM-ACC-0020,1,793.79,0.0,PLN
SO-2024-012198,1,2024-09-13,2024-09-13,PL-WAW-02,C009360,VM-APP-0002,3,431.19,0.0,PLN
SO-2024-012199,1,2024-09-13,2024-09-13,PL-WAW-02,C011017,VM-ACC-0008,2,391.99,0.0,PLN
SO-2024-012200,1,2024-09-13,2024-09-13,PL-KRK-01,C011018,VM-ACC-0003,1,284.19,0.0,PLN
SO-2024-012201,1,2024-09-13,2024-09-13,PL-KRK-01,C006403,VM-CMP-0019,3,205.79,0.0,PLN
SO-2024-012201,2,2024-09-13,2024-09-13,PL-KRK-01,C006403,VM-APP-0018,1,127.39,0.0,PLN
SO-2024-012201,3,2024-09-13,2024-09-13,PL-KRK-01,C006403,VM-APP-0016,1,597.79,0.05,PLN
SO-2024-012202,1,2024-09-13,2024-09-13,PL-KRK-01,,VM-APP-0019,2,64.67,0.0,PLN
SO-2024-012203,1,2024-09-13,2024-09-13,PL-GDN-01,C011019,VM-APP-0002,2,431.19,0.0,PLN
SO-2024-012203,2,2024-09-13,2024-09-13,PL-GDN-01,C011019,VM-APP-0001,2,450.79,0.0,PLN
SO-2024-012203,3,2024-09-13,2024-09-13,PL-GDN-01,C011019,vm-nut-0004,4,6.85,0.0,PLN
SO-2024-012204,1,2024-09-13,2024-09-13,PL-POZ-01,,VM-ACC-0008,1,391.99,0.0,PLN
SO-2024-012204,2,2024-09-13,2024-09-13,PL-POZ-01,,VM-APP-0001,2,450.79,0.0,PLN
SO-2024-012205,1,2024-09-13,2024-09-13,PL-POZ-01,C009385,VM-APP-0001,4,450.79,0.12,PLN
SO-2024-012206,1,2024-09-13,2024-09-13,PL-POZ-01,C011020,VM-APP-0010,1,166.59,0.0,PLN
SO-2024-012206,2,2024-09-13,2024-09-13,PL-POZ-01,C011020,VM-EBK-0009,1,9711.79,0.0,PLN
SO-2024-012206,3,2024-09-13,2024-09-13,PL-POZ-01,C011020,VM-NUT-0010,2,34.29,0.05,PLN
SO-2024-012206,4,2024-09-13,2024-09-13,PL-POZ-01,C011020,VM-BIK-0010,1,6193.59,0.1,PLN
SO-2024-012207,1,2024-09-13,2024-09-13,PL-POZ-01,C011021,VM-ACC-0011,2,70.55,0.0,PLN
SO-2024-012207,2,2024-09-13,2024-09-13,PL-POZ-01,C011021,VM-CMP-0013,1,519.39,0.0,PLN
SO-2024-012208,1,2024-09-13,2024-09-13,PL-POZ-01,, VM-APP-0001 ,2,450.79,0.0,PLN
SO-2024-012208,2,2024-09-13,2024-09-13,PL-POZ-01,,VM-EBK-0001,1,7516.59,0.1,PLN
SO-2024-012209,1,2024-09-13,2024-09-13,PL-POZ-01,C011022,VM-CMP-0010,1,382.19,0.05,PLN
SO-2024-012210,1,2024-09-13,2024-09-13,PL-LDZ-01,C011023,VM-ACC-0012,1,70.55,0.0,PLN
SO-2024-012211,1,2024-09-13,2024-09-13,PL-LDZ-01,,VM-BIK-0007,1,6908.99,0.15,PLN
SO-2024-012212,1,2024-09-13,2024-09-15,PL-WEB-01,C002777,VM-ACC-0002,2,597.79,0.0,PLN
SO-2024-012213,1,2024-09-13,2024-09-15,PL-WEB-01,C011024,VM-BIK-0019,1,1185.79,0.1,PLN
SO-2024-012213,2,2024-09-13,2024-09-15,PL-WEB-01,C011024,VM-APP-0013,1,431.19,0.0,PLN
SO-2024-012214,1,2024-09-13,2024-09-15,PL-WEB-01,C011025,VM-BIK-0021,1,1224.99,0.0,PLN
SO-2024-012214,2,2024-09-13,2024-09-15,PL-WEB-01,C011025,VM-CMP-0001,2,391.99,0.0,PLN
SO-2024-012215,1,2024-09-13,2024-09-16,PL-WEB-01,C011026,VM-BIK-0003,1,6409.19,0.1,PLN
SO-2024-012215,2,2024-09-13,2024-09-16,PL-WEB-01,C011026,VM-BIK-0020,1,1185.79,0.0,PLN
SO-2024-012215,3,2024-09-13,2024-09-16,PL-WEB-01,C011026,VM-ACC-0014,1,107.79,0.0,PLN
SO-2024-012216,1,2024-09-13,2024-09-14,PL-WEB-01,C008426,VM-APP-0015,1,558.59,0.0,PLN
SO-2024-012216,2,2024-09-13,2024-09-14,PL-WEB-01,C008426,VM-BIK-0007,1,6908.99,0.0,PLN
SO-2024-012216,3,2024-09-13,2024-09-14,PL-WEB-01,C008426,VM-BIK-0012,1,11573.79,0.0,PLN
SO-2024-012217,1,2024-09-13,2024-09-16,PL-MKT-01,C001721,VM-ACC-0008,2,391.99,0.0,PLN
SO-2024-012218,1,2024-09-13,2024-09-17,PL-MKT-01,C011027,VM-ACC-0008,2,391.99,0.0,PLN
SO-2024-012218,2,2024-09-13,2024-09-17,PL-MKT-01,C011027,VM-BIK-0020,1,1185.79,0.1,PLN
SO-2024-012219,1,2024-09-13,2024-09-17,PL-MKT-01,C011028,VM-ACC-0019,3,48.99,0.0,PLN
SO-2024-012220,1,2024-09-13,2024-09-14,PL-MKT-01,C009317,VM-NUT-0003,5,10.77,0.0,PLN
SO-2024-012220,2,2024-09-13,2024-09-14,PL-MKT-01,C009317,VM-ACC-0021,1,764.39,0.0,PLN
SO-2024-012221,1,2024-09-13,2024-09-17,PL-MKT-01,C011029,VM-ACC-0008,2,391.99,0.0,PLN
SO-2024-012222,1,2024-09-13,2024-09-16,PL-MKT-01,C005270,VM-NUT-0002,15,14.69,0.0,PLN
SO-2024-012223,1,2024-09-13,2024-09-16,PL-MKT-01,C006294, VM-ACC-0002 ,1,597.79,0.0,PLN
SO-2024-012223,2,2024-09-13,2024-09-16,PL-MKT-01,C006294,VM-APP-0001,2,450.79,0.0,PLN
SO-2024-012224,1,2024-09-13,2024-09-16,PL-MKT-01,C011030,VM-ACC-0014,1,107.79,0.0,PLN
SO-2024-012224,2,2024-09-13,2024-09-16,PL-MKT-01,C011030,VM-ACC-0020,1,793.79,0.0,PLN
SO-2024-012225,1,2024-09-13,2024-09-13,CZ-PRG-01,,VM-ACC-0020,1,4502.0,0.05,CZK
SO-2024-012225,2,2024-09-13,2024-09-13,CZ-PRG-01,,VM-APP-0012,1,4836.0,0.0,CZK
SO-2024-012226,1,2024-09-13,2024-09-13,CZ-PRG-01,C005404,VM-ACC-0014,1,611.0,0.0,CZK
SO-2024-012227,1,2024-09-13,2024-09-13,CZ-PRG-01,C006438,VM-CMP-0002,10,3113.0,0.1,CZK
SO-2024-012227,2,2024-09-13,2024-09-13,CZ-PRG-01,C006438,VM-NUT-0003,15,61.0,0.08,CZK
SO-2024-012227,3,2024-09-13,2024-09-13,CZ-PRG-01,C006438,VM-APP-0008,6,889.0,0.08,CZK
SO-2024-012227,4,2024-09-13,2024-09-13,CZ-PRG-01,C006438,VM-CMP-0013,4,2946.0,0.12,CZK
SO-2024-012228,1,2024-09-13,2024-09-13,CZ-BRN-01,,VM-ACC-0013,1,945.0,0.0,CZK
SO-2024-012228,2,2024-09-13,2024-09-13,CZ-BRN-01,,VM-ACC-0012,1,400.0,0.0,CZK
SO-2024-012228,3,2024-09-13,2024-09-13,CZ-BRN-01,,VM-ACC-0006,1,5281.0,0.0,CZK
SO-2024-012229,1,2024-09-13,2024-09-17,CZ-WEB-01,C011031,VM-ACC-0018,1,278.0,0.0,CZK
SO-2024-012230,1,2024-09-13,2024-09-17,CZ-WEB-01,C008932,VM-CMP-0020,3,1445.0,0.05,CZK
SO-2024-012230,2,2024-09-13,2024-09-17,CZ-WEB-01,C008932,VM-APP-0020,1,1001.0,0.05,CZK
SO-2024-012230,3,2024-09-13,2024-09-17,CZ-WEB-01,C008932,VM-BIK-0007,1,39189.0,0.2,CZK
SO-2024-012231,1,2024-09-13,2024-09-14,CZ-WEB-01,C009631,VM-APP-0018,2,723.0,0.0,CZK
SO-2024-012232,1,2024-09-13,2024-09-16,CZ-WEB-01,C011032,VM-BIK-0007,1,39189.0,0.1,CZK
SO-2024-012233,1,2024-09-13,2024-09-14,CZ-WEB-01,C009480,VM-CMP-0017,1,2779.0,0.0,CZK
SO-2024-012234,1,2024-09-13,2024-09-17,CZ-WEB-01,C006858,VM-ACC-0001,1,2112.0,0.0,CZK
SO-2024-012234,2,2024-09-13,2024-09-17,CZ-WEB-01,C006858,VM-APP-0006,1,1723.0,0.0,CZK
SO-2024-012235,1,2024-09-13,2024-09-17,CZ-WEB-01,C001436,VM-CMP-0013,1,2946.0,0.05,CZK
SO-2024-012236,1,2024-09-13,2024-09-17,CZ-WEB-01,C011033,VM-ACC-0002,1,3391.0,0.0,CZK
SO-2024-012236,2,2024-09-13,2024-09-17,CZ-WEB-01,C011033,VM-BIK-0002,1,53530.0,0.0,CZK
SO-2024-012237,1,2024-09-13,2024-09-13,DE-BER-01,, VM-ACC-0014 ,1,25.13,0.0,EUR
SO-2024-012238,1,2024-09-13,2024-09-13,DE-BER-01,,VM-CMP-0012,1,123.39,0.0,EUR
SO-2024-012239,1,2024-09-13,2024-09-13,DE-BER-01,C007826,VM-BIK-0013,1,1096.83,0.1,EUR
SO-2024-012239,2,2024-09-13,2024-09-13,DE-BER-01,C007826,VM-APP-0009,2,79.98,0.05,EUR
SO-2024-012240,1,2024-09-13,2024-09-13,DE-BER-01,C001437,VM-ACC-0018,1,11.42,0.0,EUR
SO-2024-012240,2,2024-09-13,2024-09-13,DE-BER-01,C001437,VM-ACC-0008,2,91.4,0.0,EUR
SO-2024-012241,1,2024-09-13,2024-09-13,DE-BER-01,C008833,VM-BIK-0005,1,1693.24,0.0,EUR
SO-2024-012242,1,2024-09-13,2024-09-14,DE-WEB-01,C011034, VM-APP-0017 ,1,43.41,0.0,EUR
SO-2024-012242,2,2024-09-13,2024-09-14,DE-WEB-01,C011034,VM-CMP-0014,1,98.26,0.0,EUR
SO-2024-012242,3,2024-09-13,2024-09-14,DE-WEB-01,C011034,VM-NUT-0010,3,8.0,0.0,EUR
SO-2024-012242,4,2024-09-13,2024-09-14,DE-WEB-01,C011034,VM-NUT-0002,11,3.43,0.0,EUR
SO-2024-012243,1,2024-09-13,2024-09-14,DE-WEB-01,C001327,VM-BIK-0020,1,276.49,0.0,EUR
SO-2024-012244,1,2024-09-13,2024-09-17,DE-WEB-01,C009057,VM-ACC-0007,2,82.26,0.0,EUR
SO-2024-012245,1,2024-09-13,2024-09-17,DE-WEB-01,C001016,VM-ACC-0014,1,25.13,0.05,EUR
SO-2024-012246,1,2024-09-14,2024-09-14,PL-WAW-01,C011035,VM-APP-0019,1,64.67,0.0,PLN
SO-2024-012247,1,2024-09-14,2024-09-14,PL-WAW-01,,VM-APP-0008,2,156.79,0.0,PLN
SO-2024-012248,1,2024-09-14,2024-09-14,PL-WAW-01,,VM-CMP-0012,1,529.19,0.0,PLN
SO-2024-012248,2,2024-09-14,2024-09-14,PL-WAW-01,,VM-NUT-0009,2,83.29,0.0,PLN
SO-2024-012248,3,2024-09-14,2024-09-14,PL-WAW-01,,VM-APP-0012,1,852.59,0.0,PLN
SO-2024-012249,1,2024-09-14,2024-09-14,PL-WAW-01,C011036,VM-BIK-0010,1,6193.59,0.05,PLN
SO-2024-012250,1,2024-09-14,2024-09-14,PL-WAW-01,C011037, VM-EBK-0003 ,1,8908.19,0.15,PLN
SO-2024-012251,1,2024-09-14,2024-09-14,PL-WAW-01,C011038,VM-ACC-0007,1,352.79,0.0,PLN
SO-2024-012251,2,2024-09-14,2024-09-14,PL-WAW-01,C011038,VM-ACC-0014,1,107.79,0.0,PLN
SO-2024-012251,3,2024-09-14,2024-09-14,PL-WAW-01,C011038,VM-CMP-0019,3,205.79,0.0,PLN
SO-2024-012252,1,2024-09-14,2024-09-14,PL-WAW-01,,VM-APP-0002,3,431.19,0.0,PLN
SO-2024-012253,1,2024-09-14,2024-09-14,PL-WAW-02,C006801,VM-EBK-0003,3,8908.19,0.1,PLN
SO-2024-012254,1,2024-09-14,2024-09-14,PL-WAW-02,C006364,VM-CMP-0023,16,57.81,0.1,PLN
SO-2024-012255,1,2024-09-14,2024-09-14,PL-KRK-01,C002985,VM-ACC-0014,1,107.79,0.0,PLN
SO-2024-012256,1,2024-09-14,2024-09-14,PL-KRK-01,C005168,VM-APP-0002,3,431.19,0.0,PLN
SO-2024-012257,1,2024-09-14,2024-09-14,PL-WRO-01,C001790,VM-NUT-0003,9,10.77,0.0,PLN
SO-2024-012258,1,2024-09-14,2024-09-14,PL-WRO-01,,VM-EBK-0003,1,8908.19,0.0,PLN
SO-2024-012259,1,2024-09-14,2024-09-14,PL-WRO-01,C011039,VM-APP-0012,1,852.59,0.0,PLN
SO-2024-012260,1,2024-09-14,2024-09-14,PL-WRO-01,,VM-BIK-0008,1,5203.79,0.05,PLN
SO-2024-012261,1,2024-09-14,2024-09-14,PL-WRO-01,C011040,VM-ACC-0014,1,107.79,0.0,PLN
SO-2024-012261,2,2024-09-14,2024-09-14,PL-WRO-01,C011040,VM-APP-0002,3,431.19,0.0,PLN
SO-2024-012262,1,2024-09-14,2024-09-14,PL-GDN-01,C003848,VM-APP-0019,4,64.67,0.08,PLN
SO-2024-012262,2,2024-09-14,2024-09-14,PL-GDN-01,C003848,VM-APP-0006,2,303.79,0.08,PLN
SO-2024-012263,1,2024-09-14,2024-09-14,PL-POZ-01,,VM-CMP-0019,2,205.79,0.0,PLN
SO-2024-012264,1,2024-09-14,2024-09-14,PL-POZ-01,C011041,VM-ACC-0008,6,391.99,0.08,PLN
SO-2024-012265,1,2024-09-14,2024-09-14,PL-POZ-01,,VM-CMP-0006,1,195.99,0.0,PLN
SO-2024-012266,1,2024-09-14,2024-09-14,PL-POZ-01,C011042,VM-ACC-0008,1,391.99,0.0,PLN
SO-2024-012267,1,2024-09-14,2024-09-14,PL-LDZ-01,,VM-CMP-0018,1,60.75,0.0,PLN
SO-2024-012267,2,2024-09-14,2024-09-14,PL-LDZ-01,,VM-APP-0008,2,156.79,0.1,PLN
SO-2024-012267,3,2024-09-14,2024-09-14,PL-LDZ-01,,VM-EBK-0007,1,14405.99,0.2,PLN
SO-2024-012268,1,2024-09-14,2024-09-14,PL-LDZ-01,C008259,VM-ACC-0002,2,597.79,0.0,PLN
SO-2024-012268,2,2024-09-14,2024-09-14,PL-LDZ-01,C008259,VM-CMP-0017,1,489.99,0.1,PLN
SO-2024-012269,1,2024-09-14,2024-09-14,PL-LDZ-01,C008399,VM-CMP-0006,1,195.99,0.0,PLN
SO-2024-012269,2,2024-09-14,2024-09-14,PL-LDZ-01,C008399,VM-BIK-0018,1,2351.99,0.15,PLN
SO-2024-012269,3,2024-09-14,2024-09-14,PL-LDZ-01,C008399,VM-APP-0010,2,166.59,0.0,PLN
SO-2024-012270,1,2024-09-14,2024-09-14,PL-LDZ-01,C011043,VM-ACC-0006,2,930.99,0.0,PLN
SO-2024-012270,2,2024-09-14,2024-09-14,PL-LDZ-01,C011043,VM-NUT-0009,4,83.29,0.0,PLN
SO-2024-012270,3,2024-09-14,2024-09-14,PL-LDZ-01,C011043,VM-BIK-0020,1,1185.79,0.0,PLN
SO-2024-012271,1,2024-09-14,2024-09-18,PL-WEB-01,C011044,VM-ACC-0013,1,166.59,0.0,PLN
SO-2024-012271,2,2024-09-14,2024-09-18,PL-WEB-01,C011044,VM-BIK-0002,1,9437.39,0.1,PLN
SO-2024-012272,1,2024-09-14,2024-09-18,PL-WEB-01,C011045,VM-APP-0002,2,431.19,0.0,PLN
SO-2024-012272,2,2024-09-14,2024-09-18,PL-WEB-01,C011045,VM-ACC-0002,1,597.79,0.0,PLN
SO-2024-012272,3,2024-09-14,2024-09-18,PL-WEB-01,C011045,VM-NUT-0009,1,83.29,0.0,PLN
SO-2024-012273,1,2024-09-14,2024-09-18,PL-WEB-01,C006589,VM-NUT-0006,12,9.79,0.0,PLN
SO-2024-012274,1,2024-09-14,2024-09-15,PL-WEB-01,C011046,VM-CMP-0010,2,382.19,0.0,PLN
SO-2024-012274,2,2024-09-14,2024-09-15,PL-WEB-01,C011046,VM-EBK-0008,1,14797.99,0.0,PLN
SO-2024-012275,1,2024-09-14,2024-09-15,PL-WEB-01,C011047,VM-NUT-0003,13,10.77,0.0,PLN
SO-2024-012276,1,2024-09-14,2024-09-15,PL-WEB-01,C009254,VM-APP-0020,2,176.39,0.0,PLN
SO-2024-012277,1,2024-09-14,2024-09-15,PL-WEB-01,C009429,VM-CMP-0017,3,489.99,0.1,PLN
SO-2024-012278,1,2024-09-14,2024-09-18,PL-WEB-01,C011048,VM-ACC-0019,3,48.99,0.0,PLN
SO-2024-012278,2,2024-09-14,2024-09-18,PL-WEB-01,C011048,VM-APP-0008,2,156.79,0.0,PLN
SO-2024-012278,3,2024-09-14,2024-09-18,PL-WEB-01,C011048,VM-NUT-0006,3,9.79,0.0,PLN
SO-2024-012279,1,2024-09-14,2024-09-18,PL-MKT-01,C011049,VM-CMP-0005,1,1450.39,0.0,PLN
SO-2024-012280,1,2024-09-14,2024-09-15,PL-MKT-01,C011050,VM-ACC-0017,2,56.83,0.05,PLN
SO-2024-012280,2,2024-09-14,2024-09-15,PL-MKT-01,C011050,VM-ACC-0008,1,391.99,0.0,PLN
SO-2024-012281,1,2024-09-14,2024-09-14,CZ-PRG-01,C010437,vm-cmp-0021,4,267.0,0.0,CZK
SO-2024-012282,1,2024-09-14,2024-09-14,CZ-PRG-01,C011051,VM-APP-0006,3,1723.0,0.0,CZK
SO-2024-012282,2,2024-09-14,2024-09-14,CZ-PRG-01,C011051,VM-BIK-0008,1,29517.0,0.15,CZK
SO-2024-012283,1,2024-09-14,2024-09-14,CZ-PRG-01,C005670,VM-APP-0012,1,4836.0,0.0,CZK
SO-2024-012284,1,2024-09-14,2024-09-14,CZ-PRG-01,,VM-BIK-0004,1,23736.0,0.1,CZK
SO-2024-012285,1,2024-09-14,2024-09-14,CZ-PRG-01,C006891,VM-BIK-0007,1,39189.0,0.1,CZK
SO-2024-012285,2,2024-09-14,2024-09-14,CZ-PRG-01,C006891,VM-ACC-0012,1,400.0,0.05,CZK
SO-2024-012285,3,2024-09-14,2024-09-14,CZ-PRG-01,C006891,VM-NUT-0002,9,83.0,0.05,CZK
SO-2024-012286,1,2024-09-14,2024-09-14,CZ-BRN-01,C008756,VM-ACC-0020,3,4502.0,0.1,CZK
SO-2024-012286,2,2024-09-14,2024-09-14,CZ-BRN-01,C008756,VM-APP-0005,9,1001.0,0.08,CZK
SO-2024-012287,1,2024-09-14,2024-09-14,CZ-BRN-01,C011052,VM-BIK-0012,1,65648.0,0.1,CZK
SO-2024-012287,2,2024-09-14,2024-09-14,CZ-BRN-01,C011052,VM-BIK-0007,1,39189.0,0.15,CZK
SO-2024-012287,3,2024-09-14,2024-09-14,CZ-BRN-01,C011052,VM-BIK-0020,1,6726.0,0.2,CZK
SO-2024-012288,1,2024-09-14,2024-09-15,CZ-WEB-01,C005738,VM-BIK-0020,1,6726.0,0.15,CZK
SO-2024-012289,1,2024-09-14,2024-09-17,CZ-WEB-01,C005460,VM-ACC-0008,6,2223.0,0.1,CZK
SO-2024-012289,2,2024-09-14,2024-09-17,CZ-WEB-01,C005460,VM-BIK-0019,5,6726.0,0.12,CZK
SO-2024-012289,3,2024-09-14,2024-09-17,CZ-WEB-01,C005460,VM-APP-0002,6,2446.0,0.12,CZK
SO-2024-012290,1,2024-09-14,2024-09-14,DE-BER-01,C002424,VM-BIK-0012,1,2698.67,0.2,EUR
SO-2024-012291,1,2024-09-14,2024-09-14,DE-BER-01,C011053,VM-BIK-0013,1,1096.83,0.0,EUR
SO-2024-012292,1,2024-09-14,2024-09-14,DE-BER-01,C004838,VM-NUT-0011,2,12.34,0.0,EUR
SO-2024-012292,2,2024-09-14,2024-09-14,DE-BER-01,C004838,VM-NUT-0009,3,19.42,0.0,EUR
SO-2024-012292,3,2024-09-14,2024-09-14,DE-BER-01,C004838, VM-CMP-0004 ,2,164.52,0.0,EUR
SO-2024-012293,1,2024-09-15,2024-09-17,PL-WEB-01,C011054,VM-ACC-0013,1,166.59,0.0,PLN
SO-2024-012294,1,2024-09-15,2024-09-17,PL-WEB-01,C011055,VM-BIK-0011,1,8476.99,0.05,PLN
SO-2024-012295,1,2024-09-15,2024-09-18,PL-WEB-01,C007239, VM-NUT-0007 ,12,12.73,0.1,PLN
SO-2024-012296,1,2024-09-15,2024-09-16,PL-WEB-01,C011056,VM-ACC-0003,1,284.19,0.0,PLN
SO-2024-012296,2,2024-09-15,2024-09-16,PL-WEB-01,C011056,VM-ACC-0014,1,107.79,0.0,PLN
SO-2024-012297,1,2024-09-15,2024-09-19,PL-WEB-01,C009227,VM-NUT-0003,14,10.77,0.1,PLN
SO-2024-012298,1,2024-09-15,2024-09-18,PL-WEB-01,C011057,VM-ACC-0014,1,107.79,0.05,PLN
SO-2024-012298,2,2024-09-15,2024-09-18,PL-WEB-01,C011057,VM-ACC-0006,1,930.99,0.05,PLN
SO-2024-012299,1,2024-09-15,2024-09-16,PL-WEB-01,C009623,VM-EBK-0007,1,14405.99,0.05,PLN
SO-2024-012299,2,2024-09-15,2024-09-16,PL-WEB-01,C009623,VM-CMP-0013,2,519.39,0.05,PLN
SO-2024-012300,1,2024-09-15,2024-09-19,PL-WEB-01,C010742,VM-EBK-0009,1,9711.79,0.0,PLN
SO-2024-012301,1,2024-09-15,2024-09-19,PL-WEB-01,C011058,VM-ACC-0008,2,391.99,0.05,PLN
SO-2024-012302,1,2024-09-15,2024-09-17,PL-WEB-01,C006847,VM-NUT-0002,8,14.69,0.0,PLN
SO-2024-012302,2,2024-09-15,2024-09-17,PL-WEB-01,C006847,VM-NUT-0009,2,83.29,0.0,PLN
SO-2024-012303,1,2024-09-15,2024-09-16,PL-WEB-01,C010123,VM-APP-0006,2,303.79,0.0,PLN
SO-2024-012303,2,2024-09-15,2024-09-16,PL-WEB-01,C010123,VM-NUT-0004,6,6.85,0.0,PLN
SO-2024-012304,1,2024-09-15,2024-09-16,PL-WEB-01,C011059,VM-CMP-0005,1,1450.39,0.05,PLN
SO-2024-012304,2,2024-09-15,2024-09-16,PL-WEB-01,C011059,VM-ACC-0002,2,597.79,0.05,PLN
SO-2024-012305,1,2024-09-15,2024-09-18,PL-WEB-01,C011060,vm-acc-0006,2,930.99,0.0,PLN
SO-2024-012305,2,2024-09-15,2024-09-18,PL-WEB-01,C011060, VM-APP-0012 ,1,852.59,0.0,PLN
SO-2024-012305,3,2024-09-15,2024-09-18,PL-WEB-01,C011060,VM-APP-0004,3,235.19,0.0,PLN
SO-2024-012305,4,2024-09-15,2024-09-18,PL-WEB-01,C011060,VM-ACC-0008,2,391.99,0.0,PLN
SO-2024-012306,1,2024-09-15,2024-09-17,PL-MKT-01,C007163,VM-NUT-0004,3,6.85,0.0,PLN
SO-2024-012307,1,2024-09-15,2024-09-19,PL-MKT-01,C011061,VM-NUT-0010,4,34.29,0.0,PLN
SO-2024-012307,2,2024-09-15,2024-09-19,PL-MKT-01,C011061,VM-EBK-0007,1,14405.99,0.1,PLN
SO-2024-012307,3,2024-09-15,2024-09-19,PL-MKT-01,C011061,VM-ACC-0008,1,391.99,0.0,PLN
SO-2024-012308,1,2024-09-15,2024-09-19,PL-MKT-01,C011062,VM-CMP-0015,2,901.59,0.05,PLN
SO-2024-012308,2,2024-09-15,2024-09-19,PL-MKT-01,C011062,VM-ACC-0006,2,930.99,0.05,PLN
SO-2024-012309,1,2024-09-15,2024-09-17,PL-MKT-01,C011063,VM-NUT-0011,2,52.91,0.0,PLN
SO-2024-012310,1,2024-09-15,2024-09-19,PL-MKT-01,C010872,VM-EBK-0002,1,9750.99,0.2,PLN
SO-2024-012310,2,2024-09-15,2024-09-19,PL-MKT-01,C010872,VM-NUT-0004,13,6.85,0.05,PLN
SO-2024-012310,3,2024-09-15,2024-09-19,PL-MKT-01,C010872,VM-ACC-0008,1,391.99,0.0,PLN
SO-2024-012311,1,2024-09-15,2024-09-16,PL-MKT-01,C011064,VM-APP-0013,1,431.19,0.0,PLN
SO-2024-012311,2,2024-09-15,2024-09-16,PL-MKT-01,C011064,VM-EBK-0001,1,7516.59,0.0,PLN
SO-2024-012311,3,2024-09-15,2024-09-16,PL-MKT-01,C011064,VM-APP-0006,2,303.79,0.0,PLN
SO-2024-012311,4,2024-09-15,2024-09-16,PL-MKT-01,C011064,VM-ACC-0017,3,56.83,0.0,PLN
SO-2024-012312,1,2024-09-15,2024-09-15,CZ-PRG-01,,VM-ACC-0005,1,1001.0,0.0,CZK
SO-2024-012312,2,2024-09-15,2024-09-15,CZ-PRG-01,,VM-BIK-0002,1,53530.0,0.15,CZK
SO-2024-012312,3,2024-09-15,2024-09-15,CZ-PRG-01,,VM-CMP-0017,2,2779.0,0.0,CZK
SO-2024-012313,1,2024-09-15,2024-09-15,CZ-PRG-01,,VM-CMP-0017,2,2779.0,0.0,CZK
SO-2024-012313,2,2024-09-15,2024-09-15,CZ-PRG-01,,VM-APP-0002,3,2446.0,0.0,CZK
SO-2024-012314,1,2024-09-15,2024-09-15,CZ-PRG-01,C001160,VM-EBK-0009,1,55087.0,0.0,CZK
SO-2024-012314,2,2024-09-15,2024-09-15,CZ-PRG-01,C001160,VM-BIK-0013,1,26682.0,0.2,CZK
SO-2024-012314,3,2024-09-15,2024-09-15,CZ-PRG-01,C001160,VM-ACC-0014,1,611.0,0.0,CZK
SO-2024-012314,4,2024-09-15,2024-09-15,CZ-PRG-01,C001160,VM-EBK-0003,1,50529.0,0.0,CZK
SO-2024-012315,1,2024-09-15,2024-09-15,CZ-BRN-01,,VM-APP-0017,1,1056.0,0.0,CZK
SO-2024-012316,1,2024-09-15,2024-09-18,CZ-WEB-01,C011065, VM-ACC-0014 ,1,611.0,0.05,CZK
SO-2024-012316,2,2024-09-15,2024-09-18,CZ-WEB-01,C011065,VM-NUT-0009,3,472.0,0.05,CZK
SO-2024-012316,3,2024-09-15,2024-09-18,CZ-WEB-01,C011065,VM-APP-0007,2,889.0,0.05,CZK
SO-2024-012317,1,2024-09-15,2024-09-19,CZ-WEB-01,C003076,VM-CMP-0021,3,267.0,0.0,CZK
SO-2024-012317,2,2024-09-15,2024-09-19,CZ-WEB-01,C003076,VM-NUT-0007,8,72.0,0.0,CZK
SO-2024-012317,3,2024-09-15,2024-09-19,CZ-WEB-01,C003076,VM-APP-0001,1,2557.0,0.0,CZK
SO-2024-012317,4,2024-09-15,2024-09-19,CZ-WEB-01,C003076,VM-NUT-0004,15,39.0,0.0,CZK
SO-2024-012318,1,2024-09-15,2024-09-17,CZ-WEB-01,C009081,VM-CMP-0010,1,2168.0,0.0,CZK
SO-2024-012318,2,2024-09-15,2024-09-17,CZ-WEB-01,C009081,VM-BIK-0004,1,23736.0,0.15,CZK
SO-2024-012319,1,2024-09-15,2024-09-19,DE-WEB-01,C009594,VM-BIK-0004,1,975.72,0.05,EUR
SO-2024-012319,2,2024-09-15,2024-09-19,DE-WEB-01,C009594,VM-EBK-0009,1,2264.51,0.15,EUR
SO-2024-012320,1,2024-09-15,2024-09-16,DE-WEB-01,C006551,VM-NUT-0006,8,2.28,0.05,EUR
SO-2024-012321,1,2024-09-15,2024-09-17,DE-WEB-01,C005441,VM-APP-0006,3,70.84,0.0,EUR
SO-2024-012322,1,2024-09-15,2024-09-16,DE-WEB-01,C011066,VM-CMP-0010,1,89.12,0.0,EUR
SO-2024-012322,2,2024-09-15,2024-09-16,DE-WEB-01,C011066,VM-APP-0012,1,198.8,0.05,EUR
SO-2024-012322,3,2024-09-15,2024-09-16,DE-WEB-01,C011066,VM-NUT-0009,1,19.42,0.0,EUR
SO-2024-012323,1,2024-09-15,2024-09-16,DE-WEB-01,C011067,VM-BIK-0017,1,436.45,0.0,EUR
SO-2024-012324,1,2024-09-16,2024-09-16,PL-WAW-01,,VM-CMP-0013,2,519.39,0.0,PLN
SO-2024-012324,2,2024-09-16,2024-09-16,PL-WAW-01,,VM-NUT-0010,2,34.29,0.0,PLN
SO-2024-012325,1,2024-09-16,2024-09-16,PL-WAW-01,C006850,VM-BIK-0001,1,13416.19,0.0,PLN
SO-2024-012326,1,2024-09-16,2024-09-16,PL-WAW-01,,VM-ACC-0008,2,391.99,0.0,PLN
SO-2024-012326,2,2024-09-16,2024-09-16,PL-WAW-01,,VM-EBK-0002,1,9750.99,0.0,PLN
SO-2024-012326,3,2024-09-16,2024-09-16,PL-WAW-01,,VM-APP-0002,3,431.19,0.0,PLN
SO-2024-012327,1,2024-09-16,2024-09-16,PL-WAW-01,C000963,VM-EBK-0011,1,14347.19,0.0,PLN
SO-2024-012328,1,2024-09-16,2024-09-16,PL-WAW-02,C011068,VM-BIK-0016,1,3518.19,0.0,PLN
SO-2024-012328,2,2024-09-16,2024-09-16,PL-WAW-02,C011068,VM-APP-0010,1,166.59,0.0,PLN
SO-2024-012329,1,2024-09-16,2024-09-16,PL-WAW-02,,VM-APP-0007,2,156.79,0.0,PLN
SO-2024-012330,1,2024-09-16,2024-09-16,PL-KRK-01,,VM-CMP-0009,2,342.99,0.1,PLN
SO-2024-012330,2,2024-09-16,2024-09-16,PL-KRK-01,,VM-NUT-0004,3,6.85,0.0,PLN
SO-2024-012331,1,2024-09-16,2024-09-16,PL-KRK-01,C000080,VM-NUT-0009,5,83.29,0.12,PLN
SO-2024-012332,1,2024-09-16,2024-09-16,PL-KRK-01,,VM-CMP-0009,2,342.99,0.0,PLN
SO-2024-012332,2,2024-09-16,2024-09-16,PL-KRK-01,,VM-APP-0014,1,480.19,0.0,PLN
SO-2024-012333,1,2024-09-16,2024-09-16,PL-KRK-01,,VM-ACC-0008,2,391.99,0.0,PLN
SO-2024-012334,1,2024-09-16,2024-09-16,PL-GDN-01,C011069,VM-NUT-0003,9,10.77,0.0,PLN
SO-2024-012334,2,2024-09-16,2024-09-16,PL-GDN-01,C011069,VM-BIK-0005,1,7261.79,0.0,PLN
SO-2024-012335,1,2024-09-16,2024-09-16,PL-POZ-01,,VM-BIK-0012,1,11573.79,0.15,PLN
SO-2024-012335,2,2024-09-16,2024-09-16,PL-POZ-01,,VM-ACC-0008,1,391.99,0.0,PLN
SO-2024-012335,3,2024-09-16,2024-09-16,PL-POZ-01,,VM-ACC-0018,1,48.99,0.0,PLN
SO-2024-012336,1,2024-09-16,2024-09-16,PL-LDZ-01,C010181,VM-NUT-0004,5,6.85,0.05,PLN
SO-2024-012337,1,2024-09-16,2024-09-16,PL-LDZ-01,C010121,VM-APP-0020,1,176.39,0.0,PLN
SO-2024-012338,1,2024-09-16,2024-09-18,PL-WEB-01,C007971,VM-NUT-0003,14,10.77,0.0,PLN
SO-2024-012338,2,2024-09-16,2024-09-18,PL-WEB-01,C007971,VM-APP-0018,2,127.39,0.0,PLN
SO-2024-012339,1,2024-09-16,2024-09-19,PL-WEB-01,C000445,VM-NUT-0002,6,14.69,0.0,PLN
SO-2024-012340,1,2024-09-16,2024-09-20,PL-WEB-01,C011070,VM-NUT-0006,36,9.79,0.1,PLN
SO-2024-012341,1,2024-09-16,2024-09-19,PL-WEB-01,C009223,VM-NUT-0003,13,10.77,0.0,PLN
SO-2024-012341,2,2024-09-16,2024-09-19,PL-WEB-01,C009223,VM-BIK-0016,1,3518.19,0.0,PLN
SO-2024-012342,1,2024-09-16,2024-09-19,PL-WEB-01,C011071,VM-CMP-0002,1,548.79,0.05,PLN
SO-2024-012343,1,2024-09-16,2024-09-17,PL-WEB-01,C011072,VM-APP-0013,1,431.19,0.0,PLN
SO-2024-012343,2,2024-09-16,2024-09-17,PL-WEB-01,C011072,vm-acc-0014,1,107.79,0.0,PLN
SO-2024-012344,1,2024-09-16,2024-09-17,PL-WEB-01,C007449,VM-BIK-0012,1,11573.79,0.2,PLN
SO-2024-012345,1,2024-09-16,2024-09-17,PL-WEB-01,C009910,VM-CMP-0021,1,47.03,0.05,PLN
SO-2024-012346,1,2024-09-16,2024-09-18,PL-WEB-01,C010231,VM-CMP-0006,8,195.99,0.12,PLN
SO-2024-012346,2,2024-09-16,2024-09-18,PL-WEB-01,C010231,VM-BIK-0004,3,4184.59,0.1,PLN
SO-2024-012347,1,2024-09-16,2024-09-18,PL-WEB-01,C008593,VM-NUT-0011,1,52.91,0.0,PLN
SO-2024-012348,1,2024-09-16,2024-09-19,PL-WEB-01,C008519,VM-NUT-0007,12,12.73,0.0,PLN
SO-2024-012349,1,2024-09-16,2024-09-20,PL-WEB-01,C011073,VM-ACC-0008,1,391.99,0.05,PLN
SO-2024-012349,2,2024-09-16,2024-09-20,PL-WEB-01,C011073,VM-CMP-0007,1,617.39,0.05,PLN
SO-2024-012350,1,2024-09-16,2024-09-18,PL-WEB-01,C010193,VM-NUT-0006,3,9.79,0.0,PLN
SO-2024-012350,2,2024-09-16,2024-09-18,PL-WEB-01,C010193,VM-ACC-0002,2,597.79,0.0,PLN
SO-2024-012351,1,2024-09-16,2024-09-19,PL-WEB-01,C005397,VM-APP-0019,2,64.67,0.0,PLN
SO-2024-012352,1,2024-09-16,2024-09-19,PL-WEB-01,C011074,VM-APP-0008,1,156.79,0.05,PLN
SO-2024-012352,2,2024-09-16,2024-09-19,PL-WEB-01,C011074,VM-NUT-0010,3,34.29,0.05,PLN
SO-2024-012353,1,2024-09-16,2024-09-20,PL-MKT-01,C011075,VM-APP-0001,2,450.79,0.0,PLN
SO-2024-012354,1,2024-09-16,2024-09-20,PL-MKT-01,C011076,VM-CMP-0015,2,901.59,0.0,PLN
SO-2024-012354,2,2024-09-16,2024-09-20,PL-MKT-01,C011076,VM-NUT-0003,12,10.77,0.05,PLN
SO-2024-012355,1,2024-09-16,2024-09-19,PL-MKT-01,C004545,VM-NUT-0001,8,8.81,0.05,PLN
SO-2024-012356,1,2024-09-16,2024-09-16,CZ-PRG-01,C000646,VM-EBK-0001,1,42635.0,0.05,CZK
SO-2024-012357,1,2024-09-16,2024-09-16,CZ-PRG-01,C010034,VM-ACC-0022,1,8727.0,0.0,CZK
SO-2024-012357,2,2024-09-16,2024-09-16,CZ-PRG-01,C010034,VM-APP-0015,1,3168.0,0.0,CZK
SO-2024-012358,1,2024-09-16,2024-09-16,CZ-PRG-01,C009296,VM-ACC-0008,2,2223.0,0.05,CZK
SO-2024-012358,2,2024-09-16,2024-09-16,CZ-PRG-01,C009296,VM-BIK-0005,1,41190.0,0.1,CZK
SO-2024-012358,3,2024-09-16,2024-09-16,CZ-PRG-01,C009296,VM-EBK-0007,1,81713.0,0.0,CZK
SO-2024-012359,1,2024-09-16,2024-09-19,CZ-WEB-01,C008817,VM-EBK-0009,1,55087.0,0.0,CZK
SO-2024-012359,2,2024-09-16,2024-09-19,CZ-WEB-01,C008817,VM-ACC-0008,1,2223.0,0.0,CZK
SO-2024-012359,3,2024-09-16,2024-09-19,CZ-WEB-01,C008817,VM-ACC-0014,1,611.0,0.0,CZK
SO-2024-012360,1,2024-09-16,2024-09-20,CZ-WEB-01,C011077,VM-NUT-0009,3,472.0,0.0,CZK
SO-2024-012361,1,2024-09-16,2024-09-18,CZ-WEB-01,C009307,VM-APP-0001,1,2557.0,0.0,CZK
SO-2024-012362,1,2024-09-16,2024-09-18,CZ-WEB-01,C011078,VM-BIK-0009,1,31351.0,0.0,CZK
SO-2024-012362,2,2024-09-16,2024-09-18,CZ-WEB-01,C011078,VM-NUT-0007,10,72.0,0.0,CZK
SO-2024-012362,3,2024-09-16,2024-09-18,CZ-WEB-01,C011078,VM-ACC-0007,1,2001.0,0.0,CZK
SO-2024-012363,1,2024-09-16,2024-09-18,CZ-WEB-01,C011079,VM-ACC-0008,2,2223.0,0.0,CZK
SO-2024-012364,1,2024-09-16,2024-09-19,CZ-WEB-01,C009515,VM-ACC-0019,2,278.0,0.0,CZK
SO-2024-012364,2,2024-09-16,2024-09-19,CZ-WEB-01,C009515,VM-NUT-0004,5,39.0,0.0,CZK
SO-2024-012365,1,2024-09-16,2024-09-16,DE-BER-01,,VM-EBK-0007,1,3359.06,0.0,EUR
SO-2024-012365,2,2024-09-16,2024-09-16,DE-BER-01,,VM-ACC-0017,1,13.25,0.0,EUR
SO-2024-012365,3,2024-09-16,2024-09-16,DE-BER-01,,VM-CMP-0013,2,121.11,0.0,EUR
SO-2024-012366,1,2024-09-16,2024-09-16,DE-BER-01,,VM-CMP-0011,2,36.56,0.0,EUR
SO-2024-012367,1,2024-09-16,2024-09-16,DE-BER-01,C010135,VM-ACC-0007,1,82.26,0.05,EUR
SO-2024-012367,2,2024-09-16,2024-09-16,DE-BER-01,C010135,VM-BIK-0017,1,436.45,0.1,EUR
SO-2024-012368,1,2024-09-16,2024-09-18,DE-WEB-01,C008853,VM-APP-0010,2,38.84,0.05,EUR
SO-2024-012369,1,2024-09-16,2024-09-19,DE-WEB-01,C003716,VM-EBK-0008,4,3450.46,0.2,EUR
SO-2024-012369,2,2024-09-16,2024-09-19,DE-WEB-01,C003716,VM-NUT-0003,36,2.51,0.1,EUR
SO-2024-012369,3,2024-09-16,2024-09-19,DE-WEB-01,C003716,VM-ACC-0003,3,66.26,0.12,EUR
SO-2024-012369,4,2024-09-16,2024-09-19,DE-WEB-01,C003716,VM-ACC-0017,6,13.25,0.1,EUR
SO-2024-012370,1,2024-09-16,2024-09-17,DE-WEB-01,C011080,VM-EBK-0001,1,1752.65,0.0,EUR
SO-2024-012370,2,2024-09-16,2024-09-17,DE-WEB-01,C011080,VM-ACC-0008,2,91.4,0.0,EUR
SO-2024-012371,1,2024-09-17,2024-09-17,PL-WAW-01,,VM-APP-0006,3,303.79,0.0,PLN
SO-2024-012371,2,2024-09-17,2024-09-17,PL-WAW-01,,VM-NUT-0004,6,6.85,0.0,PLN
SO-2024-012371,3,2024-09-17,2024-09-17,PL-WAW-01,,VM-APP-0008,1,156.79,0.0,PLN
SO-2024-012372,1,2024-09-17,2024-09-17,PL-WAW-01,,VM-CMP-0013,1,519.39,0.0,PLN
SO-2024-012372,2,2024-09-17,2024-09-17,PL-WAW-01,,VM-CMP-0005,1,1450.39,0.0,PLN
SO-2024-012372,3,2024-09-17,2024-09-17,PL-WAW-01,,VM-ACC-0008,2,391.99,0.05,PLN
SO-2024-012373,1,2024-09-17,2024-09-17,PL-WAW-01,C011081,VM-CMP-0017,2,489.99,0.05,PLN
SO-2024-012374,1,2024-09-17,2024-09-17,PL-WAW-01,,VM-BIK-0002,1,9437.39,0.0,PLN
SO-2024-012375,1,2024-09-17,2024-09-17,PL-WAW-01,C010396,VM-CMP-0009,1,342.99,0.0,PLN
SO-2024-012375,2,2024-09-17,2024-09-17,PL-WAW-01,C010396,VM-APP-0013,1,431.19,0.0,PLN
SO-2024-012375,3,2024-09-17,2024-09-17,PL-WAW-01,C010396,VM-ACC-0014,1,107.79,0.0,PLN
SO-2024-012376,1,2024-09-17,2024-09-17,PL-WAW-02,C011082,VM-APP-0003,2,303.79,0.0,PLN
SO-2024-012377,1,2024-09-17,2024-09-17,PL-KRK-01,,VM-APP-0006,1,303.79,0.0,PLN
SO-2024-012378,1,2024-09-17,2024-09-17,PL-KRK-01,C002843,VM-APP-0019,8,64.67,0.1,PLN
SO-2024-012378,2,2024-09-17,2024-09-17,PL-KRK-01,C002843,VM-BIK-0001,4,13416.19,0.1,PLN
SO-2024-012378,3,2024-09-17,2024-09-17,PL-KRK-01,C002843,VM-ACC-0008,6,391.99,0.12,PLN
SO-2024-012378,4,2024-09-17,2024-09-17,PL-KRK-01,C002843,VM-ACC-0003,4,284.19,0.08,PLN
SO-2024-012379,1,2024-09-17,2024-09-17,PL-KRK-01,C005582,VM-ACC-0020,1,793.79,0.05,PLN
SO-2024-012380,1,2024-09-17,2024-09-17,PL-WRO-01,,VM-ACC-0005,2,176.39,0.0,PLN
SO-2024-012381,1,2024-09-17,2024-09-17,PL-GDN-01,C008565,VM-APP-0002,2,431.19,0.0,PLN
SO-2024-012382,1,2024-09-17,2024-09-17,PL-GDN-01,,VM-ACC-0014,1,107.79,0.0,PLN
SO-2024-012382,2,2024-09-17,2024-09-17,PL-GDN-01,,VM-APP-0006,3,303.79,0.0,PLN
SO-2024-012383,1,2024-09-17,2024-09-17,PL-GDN-01,C005918,VM-APP-0003,3,303.79,0.0,PLN
SO-2024-012383,2,2024-09-17,2024-09-17,PL-GDN-01,C005918,VM-CMP-0013,1,519.39,0.0,PLN
SO-2024-012383,3,2024-09-17,2024-09-17,PL-GDN-01,C005918,VM-ACC-0004,2,764.39,0.0,PLN
SO-2024-012383,4,2024-09-17,2024-09-17,PL-GDN-01,C005918,VM-CMP-0017,1,489.99,0.0,PLN
SO-2024-012384,1,2024-09-17,2024-09-17,PL-POZ-01,,VM-ACC-0022,1,1538.59,0.0,PLN
SO-2024-012384,2,2024-09-17,2024-09-17,PL-POZ-01,,VM-NUT-0010,4,34.29,0.0,PLN
SO-2024-012385,1,2024-09-17,2024-09-17,PL-POZ-01,C011083,VM-ACC-0009,1,391.99,0.0,PLN
SO-2024-012385,2,2024-09-17,2024-09-17,PL-POZ-01,C011083,VM-EBK-0002,1,9750.99,0.2,PLN
SO-2024-012385,3,2024-09-17,2024-09-17,PL-POZ-01,C011083,VM-NUT-0004,14,6.85,0.0,PLN
SO-2024-012385,4,2024-09-17,2024-09-17,PL-POZ-01,C011083,VM-CMP-0005,1,1450.39,0.0,PLN
SO-2024-012386,1,2024-09-17,2024-09-17,PL-POZ-01,C000340,VM-ACC-0020,1,793.79,0.1,PLN
SO-2024-012386,2,2024-09-17,2024-09-17,PL-POZ-01,C000340,VM-APP-0006,3,303.79,0.0,PLN
SO-2024-012386,3,2024-09-17,2024-09-17,PL-POZ-01,C000340,VM-ACC-0008,2,391.99,0.0,PLN
SO-2024-012387,1,2024-09-17,2024-09-17,PL-POZ-01,C006068,vm-acc-0017,3,56.83,0.05,PLN
SO-2024-012388,1,2024-09-17,2024-09-17,PL-LDZ-01,,VM-NUT-0003,6,10.77,0.0,PLN
SO-2024-012388,2,2024-09-17,2024-09-17,PL-LDZ-01,,VM-EBK-0007,1,14405.99,0.1,PLN
SO-2024-012388,3,2024-09-17,2024-09-17,PL-LDZ-01,,VM-EBK-0001,1,7516.59,0.05,PLN
SO-2024-012389,1,2024-09-17,2024-09-20,PL-WEB-01,C011084,VM-CMP-0014,1,421.39,0.0,PLN
SO-2024-012390,1,2024-09-17,2024-09-21,PL-WEB-01,C003355,VM-NUT-0001,3,8.81,0.05,PLN
SO-2024-012390,2,2024-09-17,2024-09-21,PL-WEB-01,C003355,VM-NUT-0004,6,6.85,0.05,PLN
SO-2024-012391,1,2024-09-17,2024-09-21,PL-WEB-01,C011085,VM-NUT-0001,6,8.81,0.0,PLN
SO-2024-012392,1,2024-09-17,2024-09-18,PL-WEB-01,C009520, VM-APP-0015 ,1,558.59,0.05,PLN
SO-2024-012392,2,2024-09-17,2024-09-18,PL-WEB-01,C009520,VM-CMP-0010,1,382.19,0.05,PLN
SO-2024-012393,1,2024-09-17,2024-09-18,PL-WEB-01,C007222,VM-APP-0010,2,166.59,0.0,PLN
SO-2024-012394,1,2024-09-17,2024-09-18,PL-WEB-01,C000420,vm-app-0020,1,176.39,0.05,PLN
SO-2024-012394,2,2024-09-17,2024-09-18,PL-WEB-01,C000420,VM-EBK-0009,1,9711.79,0.05,PLN
SO-2024-012394,3,2024-09-17,2024-09-18,PL-WEB-01,C000420,VM-CMP-0012,1,529.19,0.05,PLN
SO-2024-012394,4,2024-09-17,2024-09-18,PL-WEB-01,C000420,VM-CMP-0017,2,489.99,0.05,PLN
SO-2024-012395,1,2024-09-17,2024-09-20,PL-WEB-01,C011002,VM-CMP-0005,2,1450.39,0.0,PLN
SO-2024-012395,2,2024-09-17,2024-09-20,PL-WEB-01,C011002,VM-CMP-0008,1,431.19,0.0,PLN
SO-2024-012396,1,2024-09-17,2024-09-21,PL-WEB-01,C005769,VM-APP-0016,1,597.79,0.0,PLN
SO-2024-012397,1,2024-09-17,2024-09-18,PL-WEB-01,C010742,VM-EBK-0011,1,14347.19,0.0,PLN
SO-2024-012398,1,2024-09-17,2024-09-21,PL-WEB-01,C011086,VM-CMP-0001,2,391.99,0.0,PLN
SO-2024-012399,1,2024-09-17,2024-09-20,PL-MKT-01,C010671,VM-ACC-0017,2,56.83,0.0,PLN
SO-2024-012399,2,2024-09-17,2024-09-20,PL-MKT-01,C010671, VM-NUT-0006 ,9,9.79,0.0,PLN
SO-2024-012400,1,2024-09-17,2024-09-20,PL-MKT-01,C010988,VM-BIK-0013,2,4703.99,0.2,PLN
SO-2024-012401,1,2024-09-17,2024-09-21,PL-MKT-01,C011087,VM-BIK-0012,1,11573.79,0.0,PLN
SO-2024-012401,2,2024-09-17,2024-09-21,PL-MKT-01,C011087,VM-ACC-0008,1,391.99,0.0,PLN
SO-2024-012401,3,2024-09-17,2024-09-21,PL-MKT-01,C011087,VM-CMP-0013,2,519.39,0.0,PLN
SO-2024-012402,1,2024-09-17,2024-09-21,PL-MKT-01,C008798,VM-CMP-0008,4,431.19,0.12,PLN
SO-2024-012402,2,2024-09-17,2024-09-21,PL-MKT-01,C008798,VM-APP-0012,2,852.59,0.08,PLN
SO-2024-012402,3,2024-09-17,2024-09-21,PL-MKT-01,C008798,vm-app-0015,5,558.59,0.1,PLN
SO-2024-012402,4,2024-09-17,2024-09-21,PL-MKT-01,C008798,VM-EBK-0011,3,14347.19,0.08,PLN
SO-2024-012403,1,2024-09-17,2024-09-17,CZ-PRG-01,C009389,VM-EBK-0007,1,81713.0,0.0,CZK
SO-2024-012403,2,2024-09-17,2024-09-17,CZ-PRG-01,C009389,VM-ACC-0007,1,2001.0,0.0,CZK
SO-2024-012403,3,2024-09-17,2024-09-17,CZ-PRG-01,C009389,VM-CMP-0017,1,2779.0,0.0,CZK
SO-2024-012404,1,2024-09-17,2024-09-20,CZ-WEB-01,C008330,VM-ACC-0004,1,4336.0,0.05,CZK
SO-2024-012404,2,2024-09-17,2024-09-20,CZ-WEB-01,C008330,VM-CMP-0016,2,13674.0,0.05,CZK
SO-2024-012405,1,2024-09-17,2024-09-17,DE-BER-01,C007034,VM-ACC-0018,1,11.42,0.05,EUR
SO-2024-012406,1,2024-09-17,2024-09-17,DE-BER-01,C010424,VM-BIK-0012,1,2698.67,0.0,EUR
SO-2024-012407,1,2024-09-17,2024-09-18,DE-WEB-01,C001967,VM-NUT-0004,13,1.6,0.0,EUR
SO-2024-012408,1,2024-09-17,2024-09-18,DE-WEB-01,C011088,VM-APP-0006,2,70.84,0.0,EUR
SO-2024-012409,1,2024-09-17,2024-09-20,DE-WEB-01,C005562,VM-APP-0001,2,105.11,0.0,EUR
SO-2024-012409,2,2024-09-17,2024-09-20,DE-WEB-01,C005562,VM-BIK-0012,1,2698.67,0.0,EUR
SO-2024-012410,1,2024-09-17,2024-09-21,DE-WEB-01,C006699,VM-APP-0010,1,38.84,0.0,EUR
SO-2024-012410,2,2024-09-17,2024-09-21,DE-WEB-01,C006699,VM-APP-0002,3,100.54,0.0,EUR
SO-2024-012410,3,2024-09-17,2024-09-21,DE-WEB-01,C006699,VM-APP-0007,2,36.56,0.0,EUR
SO-2024-012411,1,2024-09-17,2024-09-18,DE-WEB-01,C008222,VM-BIK-0001,1,3128.27,0.0,EUR
SO-2024-012412,1,2024-09-17,2024-09-19,DE-WEB-01,C007006,VM-ACC-0015,4,79.98,0.08,EUR
SO-2024-012413,1,2024-09-18,2024-09-18,PL-WAW-01,C005254,VM-ACC-0014,1,107.79,0.05,PLN
SO-2024-012414,1,2024-09-18,2024-09-18,PL-WAW-01,C011089,VM-BIK-0003,1,6409.19,0.05,PLN
SO-2024-012414,2,2024-09-18,2024-09-18,PL-WAW-01,C011089,VM-EBK-0008,1,14797.99,0.1,PLN
SO-2024-012415,1,2024-09-18,2024-09-18,PL-WAW-01,C011090,VM-APP-0014,1,480.19,0.0,PLN
SO-2024-012416,1,2024-09-18,2024-09-18,PL-WAW-01,C011091,VM-ACC-0012,1,70.55,0.0,PLN
SO-2024-012416,2,2024-09-18,2024-09-18,PL-WAW-01,C011091,VM-EBK-0003,1,8908.19,0.1,PLN
SO-2024-012417,1,2024-09-18,2024-09-18,PL-WAW-01,C007242,VM-ACC-0002,2,597.79,0.0,PLN
SO-2024-012418,1,2024-09-18,2024-09-18,PL-WAW-01,C007776,VM-BIK-0012,1,11573.79,0.05,PLN
SO-2024-012419,1,2024-09-18,2024-09-18,PL-WAW-02,,VM-CMP-0009,1,342.99,0.0,PLN
SO-2024-012420,1,2024-09-18,2024-09-18,PL-WAW-02,,VM-CMP-0023,1,57.81,0.0,PLN
SO-2024-012421,1,2024-09-18,2024-09-18,PL-WAW-02,C009964,VM-NUT-0004,3,6.85,0.1,PLN
SO-2024-012422,1,2024-09-18,2024-09-18,PL-WAW-02,C009929,VM-EBK-0007,1,14405.99,0.2,PLN
SO-2024-012423,1,2024-09-18,2024-09-18,PL-KRK-01,,VM-CMP-0013,2,519.39,0.0,PLN
SO-2024-012424,1,2024-09-18,2024-09-18,PL-KRK-01,C002761,VM-CMP-0012,1,529.19,0.0,PLN
SO-2024-012424,2,2024-09-18,2024-09-18,PL-KRK-01,C002761,VM-NUT-0009,2,83.29,0.0,PLN
SO-2024-012425,1,2024-09-18,2024-09-18,PL-WRO-01,C008966,VM-NUT-0002,4,14.69,0.0,PLN
SO-2024-012426,1,2024-09-18,2024-09-18,PL-WRO-01,C011092,VM-BIK-0012,1,11573.79,0.0,PLN
SO-2024-012427,1,2024-09-18,2024-09-18,PL-WRO-01,C010530,VM-BIK-0013,1,4703.99,0.0,PLN
SO-2024-012428,1,2024-09-18,2024-09-18,PL-WRO-01,C011093,VM-APP-0019,4,64.67,0.08,PLN
SO-2024-012428,2,2024-09-18,2024-09-18,PL-WRO-01,C011093,VM-NUT-0007,18,12.73,0.1,PLN
SO-2024-012428,3,2024-09-18,2024-09-18,PL-WRO-01,C011093,VM-ACC-0008,5,391.99,0.08,PLN
SO-2024-012428,4,2024-09-18,2024-09-18,PL-WRO-01,C011093,VM-CMP-0004,5,705.59,0.08,PLN
SO-2024-012429,1,2024-09-18,2024-09-18,PL-GDN-01,C011094,VM-ACC-0014,1,107.79,0.0,PLN
SO-2024-012430,1,2024-09-18,2024-09-18,PL-POZ-01,C008320,VM-BIK-0013,1,4703.99,0.05,PLN
SO-2024-012430,2,2024-09-18,2024-09-18,PL-POZ-01,C008320,VM-ACC-0008,1,391.99,0.05,PLN
SO-2024-012430,3,2024-09-18,2024-09-18,PL-POZ-01,C008320,vm-nut-0011,2,52.91,0.05,PLN
SO-2024-012431,1,2024-09-18,2024-09-18,PL-POZ-01,,VM-BIK-0012,1,11573.79,0.0,PLN
SO-2024-012431,2,2024-09-18,2024-09-18,PL-POZ-01,,VM-ACC-0017,2,56.83,0.0,PLN
SO-2024-012432,1,2024-09-18,2024-09-18,PL-POZ-01,C006187,VM-ACC-0021,1,764.39,0.0,PLN
SO-2024-012432,2,2024-09-18,2024-09-18,PL-POZ-01,C006187,VM-NUT-0010,2,34.29,0.0,PLN
SO-2024-012433,1,2024-09-18,2024-09-22,PL-WEB-01,C011095,VM-APP-0007,1,156.79,0.0,PLN
SO-2024-012434,1,2024-09-18,2024-09-22,PL-WEB-01,C006307,VM-NUT-0004,7,6.85,0.0,PLN
SO-2024-012435,1,2024-09-18,2024-09-22,PL-WEB-01,C011096,VM-APP-0002,4,431.19,0.1,PLN
SO-2024-012435,2,2024-09-18,2024-09-22,PL-WEB-01,C011096,vm-ebk-0002,5,9750.99,0.1,PLN
SO-2024-012435,3,2024-09-18,2024-09-22,PL-WEB-01,C011096,VM-ACC-0021,4,764.39,0.08,PLN
SO-2024-012435,4,2024-09-18,2024-09-22,PL-WEB-01,C011096,VM-APP-0007,4,156.79,0.08,PLN
SO-2024-012436,1,2024-09-18,2024-09-19,PL-WEB-01,C010402,VM-APP-0017,1,186.19,0.0,PLN
SO-2024-012436,2,2024-09-18,2024-09-19,PL-WEB-01,C010402,VM-APP-0020,2,176.39,0.0,PLN
SO-2024-012437,1,2024-09-18,2024-09-19,PL-WEB-01,C009570,VM-ACC-0001,1,372.39,0.0,PLN
SO-2024-012437,2,2024-09-18,2024-09-19,PL-WEB-01,C009570,VM-APP-0008,2,156.79,0.0,PLN
SO-2024-012438,1,2024-09-18,2024-09-21,PL-MKT-01,C003002,vm-cmp-0020,4,254.79,0.0,PLN
SO-2024-012438,2,2024-09-18,2024-09-21,PL-MKT-01,C003002,VM-BIK-0021,1,1224.99,0.0,PLN
SO-2024-012438,3,2024-09-18,2024-09-21,PL-MKT-01,C003002,VM-APP-0006,2,303.79,0.0,PLN
SO-2024-012439,1,2024-09-18,2024-09-19,PL-MKT-01,C011097,VM-NUT-0011,2,52.91,0.0,PLN
SO-2024-012440,1,2024-09-18,2024-09-21,PL-MKT-01,C011098,VM-NUT-0002,5,14.69,0.0,PLN
SO-2024-012440,2,2024-09-18,2024-09-21,PL-MKT-01,C011098,VM-ACC-0022,1,1538.59,0.0,PLN
SO-2024-012441,1,2024-09-18,2024-09-20,PL-MKT-01,C010321,VM-APP-0002,4,431.19,0.12,PLN
SO-2024-012442,1,2024-09-18,2024-09-21,PL-MKT-01,C010377,VM-BIK-0017,3,1871.79,0.15,PLN
SO-2024-012443,1,2024-09-18,2024-09-20,PL-MKT-01,C008573,vm-ebk-0010,1,13220.19,0.0,PLN
SO-2024-012444,1,2024-09-18,2024-09-19,PL-MKT-01,C000284,VM-CMP-0013,2,519.39,0.05,PLN
SO-2024-012444,2,2024-09-18,2024-09-19,PL-MKT-01,C000284,VM-ACC-0014,1,107.79,0.05,PLN
SO-2024-012444,3,2024-09-18,2024-09-19,PL-MKT-01,C000284,VM-ACC-0008,1,391.99,0.05,PLN
SO-2024-012445,1,2024-09-18,2024-09-20,PL-MKT-01,C010640,VM-NUT-0009,9,83.29,0.1,PLN
SO-2024-012446,1,2024-09-18,2024-09-22,PL-MKT-01,C011099,VM-CMP-0022,4,35.27,0.05,PLN
SO-2024-012446,2,2024-09-18,2024-09-22,PL-MKT-01,C011099,VM-NUT-0007,8,12.73,0.05,PLN
SO-2024-012446,3,2024-09-18,2024-09-22,PL-MKT-01,C011099,VM-EBK-0007,1,14405.99,0.15,PLN
SO-2024-012447,1,2024-09-18,2024-09-19,PL-MKT-01,C011100,VM-CMP-0020,3,254.79,0.0,PLN
SO-2024-012447,2,2024-09-18,2024-09-19,PL-MKT-01,C011100,VM-BIK-0020,1,1185.79,0.15,PLN
SO-2024-012448,1,2024-09-18,2024-09-22,PL-MKT-01,C009177,VM-APP-0013,1,431.19,0.05,PLN
SO-2024-012449,1,2024-09-18,2024-09-18,CZ-PRG-01,C011101,VM-APP-0001,15,2557.0,0.08,CZK
SO-2024-012450,1,2024-09-18,2024-09-18,CZ-PRG-01,C010763,VM-CMP-0005,1,8227.0,0.0,CZK
SO-2024-012451,1,2024-09-18,2024-09-18,CZ-PRG-01,C011102,VM-NUT-0004,12,39.0,0.05,CZK
SO-2024-012452,1,2024-09-18,2024-09-18,CZ-BRN-01,,VM-NUT-0002,8,83.0,0.0,CZK
SO-2024-012452,2,2024-09-18,2024-09-18,CZ-BRN-01,,VM-NUT-0006,8,56.0,0.0,CZK
SO-2024-012453,1,2024-09-18,2024-09-20,CZ-WEB-01,C008726,VM-NUT-0006,10,56.0,0.0,CZK
SO-2024-012454,1,2024-09-18,2024-09-19,CZ-WEB-01,C011103,VM-APP-0010,1,945.0,0.05,CZK
SO-2024-012454,2,2024-09-18,2024-09-19,CZ-WEB-01,C011103,VM-CMP-0011,1,889.0,0.05,CZK
SO-2024-012454,3,2024-09-18,2024-09-19,CZ-WEB-01,C011103,VM-APP-0001,3,2557.0,0.05,CZK
SO-2024-012455,1,2024-09-18,2024-09-18,DE-BER-01,,vm-acc-0020,1,185.09,0.0,EUR
SO-2024-012455,2,2024-09-18,2024-09-18,DE-BER-01,,VM-APP-0008,2,36.56,0.0,EUR
SO-2024-012456,1,2024-09-18,2024-09-18,DE-BER-01,C008833,VM-CMP-0012,1,123.39,0.0,EUR
SO-2024-012456,2,2024-09-18,2024-09-18,DE-BER-01,C008833,VM-APP-0003,1,70.84,0.0,EUR
SO-2024-012457,1,2024-09-18,2024-09-21,DE-WEB-01,C005042,VM-APP-0013,1,100.54,0.0,EUR
SO-2024-012457,2,2024-09-18,2024-09-21,DE-WEB-01,C005042,VM-NUT-0004,14,1.6,0.0,EUR
SO-2024-012458,1,2024-09-18,2024-09-20,DE-WEB-01,C011104,VM-ACC-0007,2,82.26,0.0,EUR
SO-2024-012459,1,2024-09-19,2024-09-19,PL-WAW-01,C011105,VM-NUT-0010,3,34.29,0.0,PLN
SO-2024-012460,1,2024-09-19,2024-09-19,PL-WAW-01,C000503,VM-CMP-0007,2,617.39,0.05,PLN
SO-2024-012460,2,2024-09-19,2024-09-19,PL-WAW-01,C000503,VM-APP-0020,2,176.39,0.0,PLN
SO-2024-012461,1,2024-09-19,2024-09-19,PL-WAW-02,C011106,VM-ACC-0018,5,48.99,0.12,PLN
SO-2024-012462,1,2024-09-19,2024-09-19,PL-WAW-02,C011107,VM-NUT-0011,3,52.91,0.0,PLN
SO-2024-012463,1,2024-09-19,2024-09-19,PL-WAW-02,C011108,VM-EBK-0007,1,14405.99,0.15,PLN
SO-2024-012464,1,2024-09-19,2024-09-19,PL-WAW-02,C006613,VM-BIK-0017,1,1871.79,0.0,PLN
SO-2024-012465,1,2024-09-19,2024-09-19,PL-KRK-01,C004329,VM-BIK-0009,1,5527.19,0.05,PLN
SO-2024-012466,1,2024-09-19,2024-09-19,PL-KRK-01,C003396,VM-APP-0013,1,431.19,0.0,PLN
SO-2024-012466,2,2024-09-19,2024-09-19,PL-KRK-01,C003396,VM-ACC-0022,1,1538.59,0.0,PLN
SO-2024-012466,3,2024-09-19,2024-09-19,PL-KRK-01,C003396,VM-APP-0001,2,450.79,0.0,PLN
SO-2024-012467,1,2024-09-19,2024-09-19,PL-KRK-01,,VM-BIK-0018,1,2351.99,0.0,PLN
SO-2024-012468,1,2024-09-19,2024-09-19,PL-WRO-01,C007774,VM-ACC-0014,1,107.79,0.0,PLN
SO-2024-012468,2,2024-09-19,2024-09-19,PL-WRO-01,C007774,VM-ACC-0008,1,391.99,0.0,PLN
SO-2024-012468,3,2024-09-19,2024-09-19,PL-WRO-01,C007774,VM-NUT-0006,5,9.79,0.0,PLN
SO-2024-012469,1,2024-09-19,2024-09-19,PL-WRO-01,C009520,VM-APP-0015,1,558.59,0.05,PLN
SO-2024-012470,1,2024-09-19,2024-09-19,PL-WRO-01,,VM-BIK-0011,1,8476.99,0.1,PLN
SO-2024-012470,2,2024-09-19,2024-09-19,PL-WRO-01,,VM-CMP-0014,2,421.39,0.0,PLN
SO-2024-012471,1,2024-09-19,2024-09-19,PL-POZ-01,C011109,VM-ACC-0008,2,391.99,0.0,PLN
SO-2024-012472,1,2024-09-19,2024-09-19,PL-LDZ-01,C011110,VM-ACC-0017,1,56.83,0.0,PLN
SO-2024-012473,1,2024-09-19,2024-09-20,PL-WEB-01,C006902,VM-ACC-0001,1,372.39,0.0,PLN
SO-2024-012474,1,2024-09-19,2024-09-23,PL-WEB-01,C006799,VM-ACC-0008,2,391.99,0.0,PLN
SO-2024-012475,1,2024-09-19,2024-09-21,PL-WEB-01,C011111,VM-APP-0011,2,401.79,0.0,PLN
SO-2024-012476,1,2024-09-19,2024-09-23,PL-WEB-01,C010861,VM-NUT-0009,2,83.29,0.0,PLN
SO-2024-012477,1,2024-09-19,2024-09-23,PL-WEB-01,C010792,VM-NUT-0003,15,10.77,0.0,PLN
SO-2024-012478,1,2024-09-19,2024-09-22,PL-WEB-01,C004438,VM-APP-0008,1,156.79,0.0,PLN
SO-2024-012478,2,2024-09-19,2024-09-22,PL-WEB-01,C004438,VM-BIK-0008,1,5203.79,0.0,PLN
SO-2024-012479,1,2024-09-19,2024-09-23,PL-WEB-01,C010910,VM-EBK-0008,1,14797.99,0.05,PLN
SO-2024-012479,2,2024-09-19,2024-09-23,PL-WEB-01,C010910,VM-ACC-0001,2,372.39,0.05,PLN
SO-2024-012480,1,2024-09-19,2024-09-23,PL-WEB-01,C011112,VM-APP-0002,3,431.19,0.0,PLN
SO-2024-012480,2,2024-09-19,2024-09-23,PL-WEB-01,C011112,VM-BIK-0012,1,11573.79,0.15,PLN
SO-2024-012480,3,2024-09-19,2024-09-23,PL-WEB-01,C011112,VM-ACC-0008,1,391.99,0.0,PLN
SO-2024-012481,1,2024-09-19,2024-09-20,PL-WEB-01,C002740,VM-ACC-0008,1,391.99,0.05,PLN
SO-2024-012481,2,2024-09-19,2024-09-20,PL-WEB-01,C002740,VM-NUT-0004,11,6.85,0.0,PLN
SO-2024-012481,3,2024-09-19,2024-09-20,PL-WEB-01,C002740,VM-ACC-0005,1,176.39,0.0,PLN
SO-2024-012481,4,2024-09-19,2024-09-20,PL-WEB-01,C002740,VM-BIK-0007,1,6908.99,0.2,PLN
SO-2024-012482,1,2024-09-19,2024-09-20,PL-WEB-01,C011113,VM-APP-0010,1,166.59,0.1,PLN
SO-2024-012482,2,2024-09-19,2024-09-20,PL-WEB-01,C011113,vm-acc-0002,2,597.79,0.0,PLN
SO-2024-012483,1,2024-09-19,2024-09-21,PL-WEB-01,C010844,VM-APP-0007,2,156.79,0.0,PLN
SO-2024-012484,1,2024-09-19,2024-09-22,PL-WEB-01,C008270,VM-BIK-0006,1,6458.19,0.1,PLN
SO-2024-012484,2,2024-09-19,2024-09-22,PL-WEB-01,C008270,VM-ACC-0007,2,352.79,0.0,PLN
SO-2024-012485,1,2024-09-19,2024-09-21,PL-MKT-01,C009772,VM-ACC-0007,1,352.79,0.0,PLN
SO-2024-012486,1,2024-09-19,2024-09-20,PL-MKT-01,C009668,VM-ACC-0008,1,391.99,0.05,PLN
SO-2024-012487,1,2024-09-19,2024-09-20,PL-MKT-01,C010942,VM-CMP-0009,1,342.99,0.1,PLN
SO-2024-012487,2,2024-09-19,2024-09-20,PL-MKT-01,C010942,VM-APP-0003,1,303.79,0.05,PLN
SO-2024-012488,1,2024-09-19,2024-09-21,PL-MKT-01,C011114,VM-BIK-0020,1,1185.79,0.05,PLN
SO-2024-012488,2,2024-09-19,2024-09-21,PL-MKT-01,C011114,VM-ACC-0008,1,391.99,0.1,PLN
SO-2024-012488,3,2024-09-19,2024-09-21,PL-MKT-01,C011114,VM-EBK-0007,1,14405.99,0.2,PLN
SO-2024-012489,1,2024-09-19,2024-09-19,CZ-PRG-01,,VM-APP-0001,3,2557.0,0.0,CZK
SO-2024-012489,2,2024-09-19,2024-09-19,CZ-PRG-01,,VM-APP-0003,1,1723.0,0.0,CZK
SO-2024-012489,3,2024-09-19,2024-09-19,CZ-PRG-01,,VM-EBK-0011,1,81379.0,0.0,CZK
SO-2024-012490,1,2024-09-19,2024-09-19,CZ-PRG-01,C000599,VM-APP-0010,2,945.0,0.0,CZK
SO-2024-012490,2,2024-09-19,2024-09-19,CZ-PRG-01,C000599,VM-NUT-0007,8,72.0,0.0,CZK
SO-2024-012491,1,2024-09-19,2024-09-19,CZ-PRG-01,C011115,VM-CMP-0008,1,2446.0,0.1,CZK
SO-2024-012491,2,2024-09-19,2024-09-19,CZ-PRG-01,C011115,VM-ACC-0018,2,278.0,0.1,CZK
SO-2024-012491,3,2024-09-19,2024-09-19,CZ-PRG-01,C011115,VM-ACC-0014,1,611.0,0.0,CZK
SO-2024-012491,4,2024-09-19,2024-09-19,CZ-PRG-01,C011115,vm-cmp-0009,2,1945.0,0.0,CZK
SO-2024-012492,1,2024-09-19,2024-09-22,CZ-WEB-01,C007190,VM-APP-0012,1,4836.0,0.0,CZK
SO-2024-012492,2,2024-09-19,2024-09-22,CZ-WEB-01,C007190,VM-NUT-0003,6,61.0,0.0,CZK
SO-2024-012493,1,2024-09-19,2024-09-22,CZ-WEB-01,C008664,VM-APP-0002,1,2446.0,0.0,CZK
SO-2024-012494,1,2024-09-19,2024-09-20,CZ-WEB-01,C011116,VM-NUT-0004,13,39.0,0.05,CZK
SO-2024-012495,1,2024-09-19,2024-09-19,DE-BER-01,C011117,VM-CMP-0020,1,59.41,0.0,EUR
SO-2024-012496,1,2024-09-19,2024-09-19,DE-BER-01,,VM-BIK-0021,1,285.63,0.2,EUR
SO-2024-012497,1,2024-09-19,2024-09-23,DE-WEB-01,C008853,VM-CMP-0004,1,164.52,0.05,EUR
SO-2024-012498,1,2024-09-19,2024-09-23,DE-WEB-01,C011118,VM-CMP-0008,1,100.54,0.0,EUR
SO-2024-012498,2,2024-09-19,2024-09-23,DE-WEB-01,C011118,VM-ACC-0013,1,38.84,0.0,EUR
SO-2024-012499,1,2024-09-20,2024-09-20,PL-WAW-01,C001956,VM-APP-0013,1,431.19,0.0,PLN
SO-2024-012500,1,2024-09-20,2024-09-20,PL-WAW-01,C011119,VM-APP-0006,2,303.79,0.0,PLN
SO-2024-012500,2,2024-09-20,2024-09-20,PL-WAW-01,C011119,VM-NUT-0003,5,10.77,0.0,PLN
SO-2024-012501,1,2024-09-20,2024-09-20,PL-WAW-01,C010321,VM-NUT-0004,40,6.85,0.08,PLN
SO-2024-012502,1,2024-09-20,2024-09-20,PL-WAW-02,C006796,VM-BIK-0012,1,11573.79,0.05,PLN
SO-2024-012503,1,2024-09-20,2024-09-20,PL-WAW-02,C009117,VM-CMP-0015,2,901.59,0.05,PLN
SO-2024-012503,2,2024-09-20,2024-09-20,PL-WAW-02,C009117,VM-ACC-0013,1,166.59,0.05,PLN
SO-2024-012503,3,2024-09-20,2024-09-20,PL-WAW-02,C009117,VM-BIK-0017,1,1871.79,0.05,PLN
SO-2024-012504,1,2024-09-20,2024-09-20,PL-KRK-01,C008074,VM-BIK-0016,1,3518.19,0.0,PLN
SO-2024-012505,1,2024-09-20,2024-09-20,PL-WRO-01,C011120,VM-EBK-0006,1,19737.19,0.0,PLN
SO-2024-012506,1,2024-09-20,2024-09-20,PL-WRO-01,C011121,VM-NUT-0003,15,10.77,0.0,PLN
SO-2024-012507,1,2024-09-20,2024-09-20,PL-WRO-01,,VM-CMP-0005,2,1450.39,0.0,PLN
SO-2024-012507,2,2024-09-20,2024-09-20,PL-WRO-01,,VM-ACC-0017,2,56.83,0.0,PLN
SO-2024-012507,3,2024-09-20,2024-09-20,PL-WRO-01,,VM-CMP-0017,2,489.99,0.0,PLN
SO-2024-012507,4,2024-09-20,2024-09-20,PL-WRO-01,,VM-EBK-0002,1,9750.99,0.0,PLN
SO-2024-012508,1,2024-09-20,2024-09-20,PL-WRO-01,,VM-APP-0002,2,431.19,0.0,PLN
SO-2024-012509,1,2024-09-20,2024-09-20,PL-GDN-01,,VM-ACC-0008,1,391.99,0.0,PLN
SO-2024-012509,2,2024-09-20,2024-09-20,PL-GDN-01,,VM-NUT-0004,9,6.85,0.0,PLN
SO-2024-012509,3,2024-09-20,2024-09-20,PL-GDN-01,,VM-APP-0001,3,450.79,0.0,PLN
SO-2024-012510,1,2024-09-20,2024-09-20,PL-GDN-01,C011122,VM-APP-0020,2,176.39,0.0,PLN
SO-2024-012510,2,2024-09-20,2024-09-20,PL-GDN-01,C011122,VM-EBK-0008,1,14797.99,0.2,PLN
SO-2024-012510,3,2024-09-20,2024-09-20,PL-GDN-01,C011122,VM-NUT-0001,14,8.81,0.0,PLN
SO-2024-012511,1,2024-09-20,2024-09-20,PL-GDN-01,,VM-NUT-0002,14,14.69,0.0,PLN
SO-2024-012511,2,2024-09-20,2024-09-20,PL-GDN-01,,VM-CMP-0021,3,47.03,0.0,PLN
SO-2024-012512,1,2024-09-20,2024-09-20,PL-GDN-01,C005776,VM-NUT-0003,14,10.77,0.0,PLN
SO-2024-012513,1,2024-09-20,2024-09-23,PL-WEB-01,C000922,VM-ACC-0012,1,70.55,0.0,PLN
SO-2024-012513,2,2024-09-20,2024-09-23,PL-WEB-01,C000922,VM-CMP-0010,2,382.19,0.0,PLN
SO-2024-012513,3,2024-09-20,2024-09-23,PL-WEB-01,C000922,VM-BIK-0007,1,6908.99,0.0,PLN
SO-2024-012513,4,2024-09-20,2024-09-23,PL-WEB-01,C000922,VM-ACC-0008,2,391.99,0.05,PLN
SO-2024-012514,1,2024-09-20,2024-09-24,PL-WEB-01,C002875,VM-BIK-0011,1,8476.99,0.1,PLN
SO-2024-012515,1,2024-09-20,2024-09-21,PL-WEB-01,C006081,VM-ACC-0004,1,764.39,0.05,PLN
SO-2024-012516,1,2024-09-20,2024-09-23,PL-WEB-01,C011123,VM-APP-0001,2,450.79,0.0,PLN
SO-2024-012517,1,2024-09-20,2024-09-21,PL-WEB-01,C010523,VM-EBK-0003,1,8908.19,0.0,PLN
SO-2024-012518,1,2024-09-20,2024-09-23,PL-WEB-01,C007910,VM-NUT-0004,15,6.85,0.0,PLN
SO-2024-012519,1,2024-09-20,2024-09-22,PL-WEB-01,C011124,VM-EBK-0011,1,14347.19,0.0,PLN
SO-2024-012519,2,2024-09-20,2024-09-22,PL-WEB-01,C011124,VM-ACC-0001,1,372.39,0.0,PLN
SO-2024-012520,1,2024-09-20,2024-09-21,PL-MKT-01,C011125,VM-BIK-0011,1,8476.99,0.15,PLN
SO-2024-012520,2,2024-09-20,2024-09-21,PL-MKT-01,C011125,VM-ACC-0019,1,48.99,0.0,PLN
SO-2024-012520,3,2024-09-20,2024-09-21,PL-MKT-01,C011125,VM-ACC-0018,3,48.99,0.0,PLN
SO-2024-012520,4,2024-09-20,2024-09-21,PL-MKT-01,C011125,VM-BIK-0007,1,6908.99,0.0,PLN
SO-2024-012521,1,2024-09-20,2024-09-23,PL-MKT-01,C011060, VM-BIK-0002 ,1,9437.39,0.0,PLN
SO-2024-012521,2,2024-09-20,2024-09-23,PL-MKT-01,C011060,VM-BIK-0019,1,1185.79,0.1,PLN
SO-2024-012521,3,2024-09-20,2024-09-23,PL-MKT-01,C011060,VM-ACC-0008,1,391.99,0.0,PLN
SO-2024-012521,4,2024-09-20,2024-09-23,PL-MKT-01,C011060,VM-ACC-0013,1,166.59,0.0,PLN
SO-2024-012522,1,2024-09-20,2024-09-23,PL-MKT-01,C003848,VM-CMP-0017,8,489.99,0.12,PLN
SO-2024-012522,2,2024-09-20,2024-09-23,PL-MKT-01,C003848,VM-ACC-0021,5,764.39,0.08,PLN
SO-2024-012523,1,2024-09-20,2024-09-22,PL-MKT-01,C011126,VM-NUT-0001,4,8.81,0.0,PLN
SO-2024-012523,2,2024-09-20,2024-09-22,PL-MKT-01,C011126,VM-CMP-0005,1,1450.39,0.0,PLN
SO-2024-012523,3,2024-09-20,2024-09-22,PL-MKT-01,C011126,VM-ACC-0018,3,48.99,0.0,PLN
SO-2024-012524,1,2024-09-20,2024-09-24,PL-MKT-01,C004251,VM-CMP-0011,2,156.79,0.05,PLN
SO-2024-012524,2,2024-09-20,2024-09-24,PL-MKT-01,C004251,VM-NUT-0004,10,6.85,0.05,PLN
SO-2024-012524,3,2024-09-20,2024-09-24,PL-MKT-01,C004251,VM-APP-0018,1,127.39,0.05,PLN
SO-2024-012525,1,2024-09-20,2024-09-23,PL-MKT-01,C004985,VM-ACC-0001,3,372.39,0.1,PLN
SO-2024-012525,2,2024-09-20,2024-09-23,PL-MKT-01,C004985,VM-APP-0002,3,431.19,0.12,PLN
SO-2024-012526,1,2024-09-20,2024-09-22,PL-MKT-01,C011127,VM-ACC-0008,1,391.99,0.0,PLN
SO-2024-012526,2,2024-09-20,2024-09-22,PL-MKT-01,C011127,VM-APP-0016,1,597.79,0.0,PLN
SO-2024-012527,1,2024-09-20,2024-09-20,CZ-PRG-01,C001798,VM-EBK-0008,1,83936.0,0.1,CZK
SO-2024-012528,1,2024-09-20,2024-09-20,CZ-PRG-01,C010004,VM-NUT-0001,8,50.0,0.0,CZK
SO-2024-012528,2,2024-09-20,2024-09-20,CZ-PRG-01,C010004,VM-ACC-0021,1,4336.0,0.0,CZK
SO-2024-012528,3,2024-09-20,2024-09-20,CZ-PRG-01,C010004,VM-ACC-0007,1,2001.0,0.0,CZK
SO-2024-012528,4,2024-09-20,2024-09-20,CZ-PRG-01,C010004,VM-CMP-0017,2,2779.0,0.0,CZK
SO-2024-012529,1,2024-09-20,2024-09-20,CZ-PRG-01,,VM-NUT-0004,13,39.0,0.0,CZK
SO-2024-012529,2,2024-09-20,2024-09-20,CZ-PRG-01,,VM-APP-0010,2,945.0,0.0,CZK
SO-2024-012529,3,2024-09-20,2024-09-20,CZ-PRG-01,,VM-APP-0020,1,1001.0,0.0,CZK
SO-2024-012530,1,2024-09-20,2024-09-23,CZ-WEB-01,C000646,VM-ACC-0004,1,4336.0,0.05,CZK
SO-2024-012531,1,2024-09-20,2024-09-24,CZ-WEB-01,C007846,VM-CMP-0013,2,2946.0,0.0,CZK
SO-2024-012531,2,2024-09-20,2024-09-24,CZ-WEB-01,C007846,VM-BIK-0013,1,26682.0,0.15,CZK
SO-2024-012532,1,2024-09-20,2024-09-20,DE-BER-01,,VM-NUT-0010,2,8.0,0.0,EUR
SO-2024-012533,1,2024-09-20,2024-09-20,DE-BER-01,C011128, VM-BIK-0012 ,1,2698.67,0.05,EUR
SO-2024-012533,2,2024-09-20,2024-09-20,DE-BER-01,C011128,VM-ACC-0008,1,91.4,0.0,EUR
SO-2024-012534,1,2024-09-20,2024-09-22,DE-WEB-01,C007021,VM-BIK-0007,1,1610.98,0.05,EUR
SO-2024-012534,2,2024-09-20,2024-09-22,DE-WEB-01,C007021,VM-ACC-0017,2,13.25,0.05,EUR
SO-2024-012534,3,2024-09-20,2024-09-22,DE-WEB-01,C007021, VM-ACC-0007 ,2,82.26,0.05,EUR
SO-2024-012535,1,2024-09-20,2024-09-21,DE-WEB-01,C000273,VM-NUT-0011,1,12.34,0.0,EUR
SO-2024-012535,2,2024-09-20,2024-09-21,DE-WEB-01,C000273,VM-ACC-0008,1,91.4,0.0,EUR
SO-2024-012535,3,2024-09-20,2024-09-21,DE-WEB-01,C000273,VM-NUT-0004,12,1.6,0.0,EUR
SO-2024-012535,4,2024-09-20,2024-09-21,DE-WEB-01,C000273,VM-ACC-0004,1,178.23,0.0,EUR
SO-2024-012536,1,2024-09-20,2024-09-22,DE-WEB-01,C010858,VM-APP-0005,1,41.13,0.0,EUR
SO-2024-012536,2,2024-09-20,2024-09-22,DE-WEB-01,C010858,VM-EBK-0009,1,2264.51,0.1,EUR
SO-2024-012536,3,2024-09-20,2024-09-22,DE-WEB-01,C010858,VM-EBK-0006,1,4602.14,0.0,EUR
SO-2024-012537,1,2024-09-20,2024-09-22,DE-WEB-01,C000122,VM-NUT-0003,18,2.51,0.12,EUR
SO-2024-012537,2,2024-09-20,2024-09-22,DE-WEB-01,C000122,VM-BIK-0012,5,2698.67,0.08,EUR
SO-2024-012537,3,2024-09-20,2024-09-22,DE-WEB-01,C000122,VM-APP-0001,3,105.11,0.12,EUR
SO-2024-012538,1,2024-09-21,2024-09-21,PL-WAW-01,C006737,VM-NUT-0009,4,83.29,0.0,PLN
SO-2024-012539,1,2024-09-21,2024-09-21,PL-WAW-01,C011129,VM-NUT-0009,3,83.29,0.05,PLN
SO-2024-012539,2,2024-09-21,2024-09-21,PL-WAW-01,C011129,VM-ACC-0001,1,372.39,0.05,PLN
SO-2024-012540,1,2024-09-21,2024-09-21,PL-WAW-01,C011130,VM-ACC-0012,1,70.55,0.0,PLN
SO-2024-012540,2,2024-09-21,2024-09-21,PL-WAW-01,C011130,VM-BIK-0013,1,4703.99,0.0,PLN
SO-2024-012540,3,2024-09-21,2024-09-21,PL-WAW-01,C011130,VM-BIK-0004,1,4184.59,0.0,PLN
SO-2024-012541,1,2024-09-21,2024-09-21,PL-WAW-01,,vm-bik-0004,1,4184.59,0.2,PLN
SO-2024-012541,2,2024-09-21,2024-09-21,PL-WAW-01,, VM-ACC-0007 ,1,352.79,0.0,PLN
SO-2024-012542,1,2024-09-21,2024-09-21,PL-WAW-01,C011131,VM-BIK-0019,1,1185.79,0.1,PLN
SO-2024-012542,2,2024-09-21,2024-09-21,PL-WAW-01,C011131,VM-ACC-0010,2,244.99,0.0,PLN
SO-2024-012542,3,2024-09-21,2024-09-21,PL-WAW-01,C011131,VM-BIK-0008,1,5203.79,0.1,PLN
SO-2024-012543,1,2024-09-21,2024-09-21,PL-WAW-01,C001210,VM-NUT-0010,4,34.29,0.0,PLN
SO-2024-012543,2,2024-09-21,2024-09-21,PL-WAW-01,C001210,VM-CMP-0013,2,519.39,0.0,PLN
SO-2024-012543,3,2024-09-21,2024-09-21,PL-WAW-01,C001210,VM-EBK-0001,1,7516.59,0.1,PLN
SO-2024-012543,4,2024-09-21,2024-09-21,PL-WAW-01,C001210,VM-ACC-0017,3,56.83,0.0,PLN
SO-2024-012544,1,2024-09-21,2024-09-21,PL-WAW-01,C011132,vm-acc-0019,3,48.99,0.0,PLN
SO-2024-012544,2,2024-09-21,2024-09-21,PL-WAW-01,C011132,VM-ACC-0014,1,107.79,0.0,PLN
SO-2024-012544,3,2024-09-21,2024-09-21,PL-WAW-01,C011132,vm-cmp-0013,2,519.39,0.0,PLN
SO-2024-012545,1,2024-09-21,2024-09-21,PL-WAW-01,,VM-BIK-0004,1,4184.59,0.0,PLN
SO-2024-012546,1,2024-09-21,2024-09-21,PL-WAW-01,C010273,VM-EBK-0008,1,14797.99,0.0,PLN
SO-2024-012546,2,2024-09-21,2024-09-21,PL-WAW-01,C010273,VM-APP-0010,1,166.59,0.0,PLN
SO-2024-012547,1,2024-09-21,2024-09-21,PL-WAW-01,,VM-APP-0007,1,156.79,0.0,PLN
SO-2024-012548,1,2024-09-21,2024-09-21,PL-WAW-01,C011133,VM-NUT-0004,7,6.85,0.0,PLN
SO-2024-012548,2,2024-09-21,2024-09-21,PL-WAW-01,C011133,VM-ACC-0021,1,764.39,0.0,PLN
SO-2024-012549,1,2024-09-21,2024-09-21,PL-WAW-01,,VM-NUT-0004,9,6.85,0.0,PLN
SO-2024-012550,1,2024-09-21,2024-09-21,PL-WAW-01,C009052,VM-APP-0012,1,852.59,0.0,PLN
SO-2024-012550,2,2024-09-21,2024-09-21,PL-WAW-01,C009052,VM-ACC-0017,2,56.83,0.0,PLN
SO-2024-012550,3,2024-09-21,2024-09-21,PL-WAW-01,C009052,VM-NUT-0004,3,6.85,0.0,PLN
SO-2024-012551,1,2024-09-21,2024-09-21,PL-WAW-02,C005100,vm-nut-0004,8,6.85,0.0,PLN
SO-2024-012552,1,2024-09-21,2024-09-21,PL-WAW-02,C011134,VM-NUT-0010,1,34.29,0.05,PLN
SO-2024-012552,2,2024-09-21,2024-09-21,PL-WAW-02,C011134,VM-NUT-0006,6,9.79,0.05,PLN
SO-2024-012553,1,2024-09-21,2024-09-21,PL-WAW-02,,VM-BIK-0020,1,1185.79,0.15,PLN
SO-2024-012554,1,2024-09-21,2024-09-21,PL-KRK-01,,VM-BIK-0014,1,3753.39,0.0,PLN
SO-2024-012554,2,2024-09-21,2024-09-21,PL-KRK-01,,VM-ACC-0011,2,70.55,0.0,PLN
SO-2024-012555,1,2024-09-21,2024-09-21,PL-KRK-01,,VM-CMP-0019,3,205.79,0.0,PLN
SO-2024-012556,1,2024-09-21,2024-09-21,PL-KRK-01,C007308,VM-APP-0006,2,303.79,0.0,PLN
SO-2024-012556,2,2024-09-21,2024-09-21,PL-KRK-01,C007308,VM-NUT-0009,1,83.29,0.0,PLN
SO-2024-012556,3,2024-09-21,2024-09-21,PL-KRK-01,C007308,VM-BIK-0012,1,11573.79,0.1,PLN
SO-2024-012557,1,2024-09-21,2024-09-21,PL-KRK-01,C011135,VM-APP-0013,1,431.19,0.0,PLN
SO-2024-012558,1,2024-09-21,2024-09-21,PL-KRK-01,C011136,VM-BIK-0018,1,2351.99,0.0,PLN
SO-2024-012558,2,2024-09-21,2024-09-21,PL-KRK-01,C011136,VM-ACC-0003,2,284.19,0.0,PLN
SO-2024-012559,1,2024-09-21,2024-09-21,PL-KRK-01,,VM-NUT-0009,4,83.29,0.0,PLN
SO-2024-012560,1,2024-09-21,2024-09-21,PL-KRK-01,,VM-ACC-0019,2,48.99,0.0,PLN
SO-2024-012560,2,2024-09-21,2024-09-21,PL-KRK-01,,VM-CMP-0013,1,519.39,0.0,PLN
SO-2024-012561,1,2024-09-21,2024-09-21,PL-WRO-01,,VM-ACC-0021,1,764.39,0.0,PLN
SO-2024-012561,2,2024-09-21,2024-09-21,PL-WRO-01,,VM-BIK-0008,1,5203.79,0.0,PLN
SO-2024-012562,1,2024-09-21,2024-09-21,PL-WRO-01,,vm-cmp-0005,1,1450.39,0.0,PLN
SO-2024-012563,1,2024-09-21,2024-09-21,PL-GDN-01,C010391,VM-CMP-0020,2,254.79,0.0,PLN
SO-2024-012563,2,2024-09-21,2024-09-21,PL-GDN-01,C010391,VM-APP-0007,1,156.79,0.0,PLN
SO-2024-012563,3,2024-09-21,2024-09-21,PL-GDN-01,C010391,VM-ACC-0008,1,391.99,0.0,PLN
SO-2024-012564,1,2024-09-21,2024-09-21,PL-GDN-01,C011137,VM-APP-0002,2,431.19,0.0,PLN
SO-2024-012564,2,2024-09-21,2024-09-21,PL-GDN-01,C011137,VM-EBK-0010,1,13220.19,0.0,PLN
SO-2024-012565,1,2024-09-21,2024-09-21,PL-GDN-01,C011138,VM-ACC-0008,2,391.99,0.0,PLN
SO-2024-012566,1,2024-09-21,2024-09-21,PL-GDN-01,,VM-NUT-0006,4,9.79,0.0,PLN
SO-2024-012567,1,2024-09-21,2024-09-21,PL-POZ-01,,VM-ACC-0020,1,793.79,0.1,PLN
SO-2024-012567,2,2024-09-21,2024-09-21,PL-POZ-01,,VM-BIK-0007,1,6908.99,0.2,PLN
SO-2024-012567,3,2024-09-21,2024-09-21,PL-POZ-01,,VM-APP-0012,1,852.59,0.0,PLN
SO-2024-012568,1,2024-09-21,2024-09-21,PL-POZ-01,C011139,VM-NUT-0004,8,6.85,0.0,PLN
SO-2024-012569,1,2024-09-21,2024-09-21,PL-POZ-01,C011140,VM-ACC-0010,2,244.99,0.0,PLN
SO-2024-012570,1,2024-09-21,2024-09-21,PL-POZ-01,C011141,VM-CMP-0013,2,519.39,0.0,PLN
SO-2024-012571,1,2024-09-21,2024-09-21,PL-POZ-01,C005992,VM-ACC-0001,2,372.39,0.0,PLN
SO-2024-012571,2,2024-09-21,2024-09-21,PL-POZ-01,C005992,VM-ACC-0023,1,911.39,0.0,PLN
SO-2024-012571,3,2024-09-21,2024-09-21,PL-POZ-01,C005992,VM-EBK-0011,1,14347.19,0.15,PLN
SO-2024-012572,1,2024-09-21,2024-09-21,PL-LDZ-01,C003760,VM-BIK-0012,4,11573.79,0.1,PLN
SO-2024-012573,1,2024-09-21,2024-09-21,PL-LDZ-01,C011142,VM-CMP-0004,1,705.59,0.05,PLN
SO-2024-012574,1,2024-09-21,2024-09-21,PL-LDZ-01,C008216,VM-CMP-0007,2,617.39,0.05,PLN
SO-2024-012575,1,2024-09-21,2024-09-21,PL-LDZ-01,C000894,VM-NUT-0003,5,10.77,0.05,PLN
SO-2024-012575,2,2024-09-21,2024-09-21,PL-LDZ-01,C000894,VM-ACC-0001,1,372.39,0.05,PLN
SO-2024-012576,1,2024-09-21,2024-09-21,PL-LDZ-01,C009333,VM-NUT-0004,9,6.85,0.0,PLN
SO-2024-012576,2,2024-09-21,2024-09-21,PL-LDZ-01,C009333,VM-ACC-0008,1,391.99,0.0,PLN
SO-2024-012576,3,2024-09-21,2024-09-21,PL-LDZ-01,C009333,VM-CMP-0009,2,342.99,0.0,PLN
SO-2024-012577,1,2024-09-21,2024-09-23,PL-WEB-01,C006766,VM-APP-0003,3,303.79,0.0,PLN
SO-2024-012578,1,2024-09-21,2024-09-22,PL-WEB-01,C003528,VM-CMP-0013,2,519.39,0.0,PLN
SO-2024-012579,1,2024-09-21,2024-09-25,PL-WEB-01,C011143,VM-NUT-0003,13,10.77,0.0,PLN
SO-2024-012579,2,2024-09-21,2024-09-25,PL-WEB-01,C011143,VM-ACC-0020,1,793.79,0.0,PLN
SO-2024-012580,1,2024-09-21,2024-09-25,PL-WEB-01,C009385,VM-APP-0017,10,186.19,0.1,PLN
SO-2024-012581,1,2024-09-21,2024-09-25,PL-WEB-01,C011144,VM-ACC-0008,2,391.99,0.0,PLN
SO-2024-012582,1,2024-09-21,2024-09-25,PL-WEB-01,C010305,VM-APP-0006,1,303.79,0.0,PLN
SO-2024-012583,1,2024-09-21,2024-09-22,PL-WEB-01,C009664,VM-APP-0002,2,431.19,0.05,PLN
SO-2024-012584,1,2024-09-21,2024-09-24,PL-WEB-01,C010463,VM-NUT-0010,3,34.29,0.0,PLN
SO-2024-012584,2,2024-09-21,2024-09-24,PL-WEB-01,C010463,VM-EBK-0003,1,8908.19,0.0,PLN
SO-2024-012584,3,2024-09-21,2024-09-24,PL-WEB-01,C010463,VM-APP-0010,1,166.59,0.0,PLN
SO-2024-012585,1,2024-09-21,2024-09-23,PL-MKT-01,C011145,VM-NUT-0007,10,12.73,0.0,PLN
SO-2024-012586,1,2024-09-21,2024-09-22,PL-MKT-01,C010965,VM-ACC-0008,1,391.99,0.0,PLN
SO-2024-012586,2,2024-09-21,2024-09-22,PL-MKT-01,C010965,VM-ACC-0007,2,352.79,0.0,PLN
SO-2024-012587,1,2024-09-21,2024-09-22,PL-MKT-01,C008984,VM-BIK-0013,1,4703.99,0.0,PLN
SO-2024-012588,1,2024-09-21,2024-09-24,PL-MKT-01,C010843,VM-APP-0011,2,401.79,0.0,PLN
SO-2024-012588,2,2024-09-21,2024-09-24,PL-MKT-01,C010843,VM-ACC-0017,3,56.83,0.1,PLN
SO-2024-012588,3,2024-09-21,2024-09-24,PL-MKT-01,C010843,VM-BIK-0012,1,11573.79,0.2,PLN
SO-2024-012589,1,2024-09-21,2024-09-22,PL-MKT-01,C011146,VM-ACC-0019,1,48.99,0.05,PLN
SO-2024-012590,1,2024-09-21,2024-09-22,PL-MKT-01,C008202,VM-CMP-0017,2,489.99,0.05,PLN
SO-2024-012591,1,2024-09-21,2024-09-24,PL-MKT-01,C007609,VM-APP-0020,1,176.39,0.0,PLN
SO-2024-012591,2,2024-09-21,2024-09-24,PL-MKT-01,C007609,VM-EBK-0008,1,14797.99,0.15,PLN
SO-2024-012592,1,2024-09-21,2024-09-24,PL-MKT-01,C011147,VM-EBK-0003,1,8908.19,0.2,PLN
SO-2024-012592,2,2024-09-21,2024-09-24,PL-MKT-01,C011147,VM-ACC-0009,2,391.99,0.05,PLN
SO-2024-012593,1,2024-09-21,2024-09-23,PL-MKT-01,C011148,VM-NUT-0003,14,10.77,0.0,PLN
SO-2024-012593,2,2024-09-21,2024-09-23,PL-MKT-01,C011148,vm-app-0010,1,166.59,0.0,PLN
SO-2024-012593,3,2024-09-21,2024-09-23,PL-MKT-01,C011148,VM-CMP-0009,1,342.99,0.0,PLN
SO-2024-012593,4,2024-09-21,2024-09-23,PL-MKT-01,C011148,VM-ACC-0008,2,391.99,0.0,PLN
SO-2024-012594,1,2024-09-21,2024-09-21,CZ-PRG-01,C007189,VM-APP-0005,3,1001.0,0.0,CZK
SO-2024-012595,1,2024-09-21,2024-09-25,CZ-WEB-01,C006765,VM-EBK-0007,1,81713.0,0.15,CZK
SO-2024-012596,1,2024-09-21,2024-09-25,CZ-WEB-01,C010440,VM-ACC-0019,1,278.0,0.05,CZK
SO-2024-012597,1,2024-09-21,2024-09-23,CZ-WEB-01,C010087,VM-BIK-0001,1,76099.0,0.0,CZK
SO-2024-012598,1,2024-09-21,2024-09-21,DE-BER-01,C011149,VM-NUT-0004,21,1.6,0.12,EUR
SO-2024-012599,1,2024-09-21,2024-09-21,DE-BER-01,,VM-NUT-0004,15,1.6,0.0,EUR
SO-2024-012600,1,2024-09-21,2024-09-21,DE-BER-01,C011011,VM-BIK-0020,3,276.49,0.2,EUR
SO-2024-012601,1,2024-09-21,2024-09-21,DE-BER-01,,VM-NUT-0006,9,2.28,0.0,EUR
SO-2024-012602,1,2024-09-21,2024-09-21,DE-BER-01,,VM-APP-0007,1,36.56,0.0,EUR
SO-2024-012602,2,2024-09-21,2024-09-21,DE-BER-01,,VM-EBK-0001,1,1752.65,0.1,EUR
SO-2024-012603,1,2024-09-21,2024-09-21,DE-BER-01,C011150,VM-CMP-0022,1,8.22,0.0,EUR
SO-2024-012603,2,2024-09-21,2024-09-21,DE-BER-01,C011150,VM-BIK-0007,1,1610.98,0.0,EUR
SO-2024-012603,3,2024-09-21,2024-09-21,DE-BER-01,C011150,VM-CMP-0018,3,14.17,0.0,EUR
SO-2024-012604,1,2024-09-21,2024-09-25,DE-WEB-01,C007019,VM-CMP-0010,2,89.12,0.05,EUR
SO-2024-012605,1,2024-09-21,2024-09-25,DE-WEB-01,C011151,VM-NUT-0007,9,2.97,0.0,EUR
SO-2024-012606,1,2024-09-21,2024-09-25,DE-WEB-01,C011152, vm-nut-0006 ,3,2.28,0.0,EUR
SO-2024-012606,2,2024-09-21,2024-09-25,DE-WEB-01,C011152,VM-BIK-0015,1,706.09,0.15,EUR
SO-2024-012607,1,2024-09-21,2024-09-24,DE-WEB-01,C011153,VM-NUT-0006,9,2.28,0.0,EUR
SO-2024-012607,2,2024-09-21,2024-09-24,DE-WEB-01,C011153,VM-BIK-0007,1,1610.98,0.0,EUR
SO-2024-012607,3,2024-09-21,2024-09-24,DE-WEB-01,C011153,VM-APP-0013,1,100.54,0.0,EUR
SO-2024-012608,1,2024-09-22,2024-09-25,PL-WEB-01,C011154,VM-NUT-0006,4,9.79,0.0,PLN
SO-2024-012608,2,2024-09-22,2024-09-25,PL-WEB-01,C011154,VM-NUT-0002,8,14.69,0.0,PLN
SO-2024-012608,3,2024-09-22,2024-09-25,PL-WEB-01,C011154,VM-ACC-0008,1,391.99,0.0,PLN
SO-2024-012609,1,2024-09-22,2024-09-25,PL-WEB-01,C008554,VM-ACC-0022,1,1538.59,0.0,PLN
SO-2024-012609,2,2024-09-22,2024-09-25,PL-WEB-01,C008554,VM-CMP-0013,1,519.39,0.0,PLN
SO-2024-012610,1,2024-09-22,2024-09-26,PL-WEB-01,C011155,VM-ACC-0017,3,56.83,0.05,PLN
SO-2024-012610,2,2024-09-22,2024-09-26,PL-WEB-01,C011155,VM-NUT-0004,12,6.85,0.05,PLN
SO-2024-012611,1,2024-09-22,2024-09-25,PL-WEB-01,C009686,VM-BIK-0003,1,6409.19,0.0,PLN
SO-2024-012611,2,2024-09-22,2024-09-25,PL-WEB-01,C009686,VM-ACC-0018,2,48.99,0.0,PLN
SO-2024-012612,1,2024-09-22,2024-09-26,PL-WEB-01,C000284,VM-BIK-0007,1,6908.99,0.1,PLN
SO-2024-012612,2,2024-09-22,2024-09-26,PL-WEB-01,C000284,VM-ACC-0019,3,48.99,0.05,PLN
SO-2024-012613,1,2024-09-22,2024-09-25,PL-WEB-01,C011049,VM-ACC-0014,1,107.79,0.0,PLN
SO-2024-012614,1,2024-09-22,2024-09-23,PL-WEB-01,C011156,VM-NUT-0006,3,9.79,0.0,PLN
SO-2024-012615,1,2024-09-22,2024-09-23,PL-WEB-01,C005637,VM-ACC-0008,1,391.99,0.05,PLN
SO-2024-012615,2,2024-09-22,2024-09-23,PL-WEB-01,C005637,VM-NUT-0004,9,6.85,0.05,PLN
SO-2024-012616,1,2024-09-22,2024-09-25,PL-WEB-01,C011005,VM-ACC-0003,1,284.19,0.0,PLN
SO-2024-012616,2,2024-09-22,2024-09-25,PL-WEB-01,C011005,VM-ACC-0008,1,391.99,0.0,PLN
SO-2024-012617,1,2024-09-22,2024-09-23,PL-WEB-01,C011157,VM-ACC-0001,1,372.39,0.0,PLN
SO-2024-012617,2,2024-09-22,2024-09-23,PL-WEB-01,C011157,VM-CMP-0006,1,195.99,0.0,PLN
SO-2024-012617,3,2024-09-22,2024-09-23,PL-WEB-01,C011157,VM-ACC-0010,2,244.99,0.0,PLN
SO-2024-012618,1,2024-09-22,2024-09-26,PL-WEB-01,C011158,VM-EBK-0003,1,8908.19,0.05,PLN
SO-2024-012618,2,2024-09-22,2024-09-26,PL-WEB-01,C011158,VM-ACC-0001,2,372.39,0.0,PLN
SO-2024-012618,3,2024-09-22,2024-09-26,PL-WEB-01,C011158,VM-ACC-0008,2,391.99,0.0,PLN
SO-2024-012619,1,2024-09-22,2024-09-26,PL-MKT-01,C007385,VM-APP-0001,3,450.79,0.0,PLN
SO-2024-012620,1,2024-09-22,2024-09-24,PL-MKT-01,C007732,VM-CMP-0020,3,254.79,0.0,PLN
SO-2024-012621,1,2024-09-22,2024-09-24,PL-MKT-01,C011159,VM-APP-0001,2,450.79,0.05,PLN
SO-2024-012621,2,2024-09-22,2024-09-24,PL-MKT-01,C011159,VM-NUT-0009,2,83.29,0.0,PLN
SO-2024-012622,1,2024-09-22,2024-09-26,PL-MKT-01,C007292,VM-ACC-0014,1,107.79,0.0,PLN
SO-2024-012622,2,2024-09-22,2024-09-26,PL-MKT-01,C007292,VM-CMP-0013,1,519.39,0.0,PLN
SO-2024-012622,3,2024-09-22,2024-09-26,PL-MKT-01,C007292,VM-BIK-0008,1,5203.79,0.0,PLN
SO-2024-012623,1,2024-09-22,2024-09-26,PL-MKT-01,C006533,VM-ACC-0008,2,391.99,0.05,PLN
SO-2024-012623,2,2024-09-22,2024-09-26,PL-MKT-01,C006533,VM-BIK-0007,1,6908.99,0.15,PLN
SO-2024-012623,3,2024-09-22,2024-09-26,PL-MKT-01,C006533,VM-APP-0002,1,431.19,0.05,PLN
SO-2024-012623,4,2024-09-22,2024-09-26,PL-MKT-01,C006533,VM-CMP-0004,2,705.59,0.05,PLN
SO-2024-012624,1,2024-09-22,2024-09-22,CZ-PRG-01,,VM-NUT-0001,13,50.0,0.0,CZK
SO-2024-012625,1,2024-09-22,2024-09-23,CZ-WEB-01,C011160,VM-CMP-0017,1,2779.0,0.0,CZK
SO-2024-012625,2,2024-09-22,2024-09-23,CZ-WEB-01,C011160,VM-BIK-0007,1,39189.0,0.0,CZK
SO-2024-012626,1,2024-09-22,2024-09-23,DE-WEB-01,C003038,VM-ACC-0002,1,139.39,0.0,EUR
SO-2024-012626,2,2024-09-22,2024-09-23,DE-WEB-01,C003038,VM-NUT-0006,6,2.28,0.0,EUR
SO-2024-012627,1,2024-09-22,2024-09-25,DE-WEB-01,C008222,VM-BIK-0009,1,1288.78,0.1,EUR
SO-2024-012627,2,2024-09-22,2024-09-25,DE-WEB-01,C008222,VM-ACC-0007,1,82.26,0.0,EUR
SO-2024-012628,1,2024-09-23,2024-09-23,PL-WAW-01,C007706,VM-ACC-0021,1,764.39,0.0,PLN
SO-2024-012628,2,2024-09-23,2024-09-23,PL-WAW-01,C007706,VM-ACC-0004,1,764.39,0.1,PLN
SO-2024-012629,1,2024-09-23,2024-09-23,PL-WAW-01,,VM-ACC-0001,2,372.39,0.0,PLN
SO-2024-012629,2,2024-09-23,2024-09-23,PL-WAW-01,,VM-APP-0006,2,303.79,0.0,PLN
SO-2024-012629,3,2024-09-23,2024-09-23,PL-WAW-01,,VM-ACC-0020,1,793.79,0.0,PLN
SO-2024-012630,1,2024-09-23,2024-09-23,PL-WAW-01,,VM-CMP-0005,1,1450.39,0.0,PLN
SO-2024-012630,2,2024-09-23,2024-09-23,PL-WAW-01,,VM-ACC-0008,2,391.99,0.05,PLN
SO-2024-012630,3,2024-09-23,2024-09-23,PL-WAW-01,,VM-EBK-0009,1,9711.79,0.0,PLN
SO-2024-012631,1,2024-09-23,2024-09-23,PL-WAW-02,C011161,VM-APP-0001,3,450.79,0.0,PLN
SO-2024-012631,2,2024-09-23,2024-09-23,PL-WAW-02,C011161, VM-CMP-0019 ,3,205.79,0.0,PLN
SO-2024-012632,1,2024-09-23,2024-09-23,PL-WAW-02,C011162,VM-NUT-0010,4,34.29,0.0,PLN
SO-2024-012633,1,2024-09-23,2024-09-23,PL-WRO-01,C011163,VM-NUT-0006,11,9.79,0.0,PLN
SO-2024-012634,1,2024-09-23,2024-09-23,PL-WRO-01,C011164,VM-CMP-0015,1,901.59,0.0,PLN
SO-2024-012634,2,2024-09-23,2024-09-23,PL-WRO-01,C011164,VM-NUT-0004,8,6.85,0.0,PLN
SO-2024-012635,1,2024-09-23,2024-09-23,PL-GDN-01,,VM-APP-0003,3,303.79,0.0,PLN
SO-2024-012635,2,2024-09-23,2024-09-23,PL-GDN-01,,VM-ACC-0008,1,391.99,0.0,PLN
SO-2024-012636,1,2024-09-23,2024-09-23,PL-GDN-01,,VM-CMP-0003,2,235.19,0.1,PLN
SO-2024-012636,2,2024-09-23,2024-09-23,PL-GDN-01,,VM-BIK-0012,1,11573.79,0.0,PLN
SO-2024-012637,1,2024-09-23,2024-09-23,PL-POZ-01,C010774,VM-CMP-0001,2,391.99,0.0,PLN
SO-2024-012637,2,2024-09-23,2024-09-23,PL-POZ-01,C010774,VM-CMP-0017,2,489.99,0.0,PLN
SO-2024-012638,1,2024-09-23,2024-09-23,PL-LDZ-01,C009158,VM-CMP-0014,2,421.39,0.0,PLN
SO-2024-012638,2,2024-09-23,2024-09-23,PL-LDZ-01,C009158,VM-CMP-0020,1,254.79,0.0,PLN
SO-2024-012638,3,2024-09-23,2024-09-23,PL-LDZ-01,C009158,VM-APP-0019,2,64.67,0.0,PLN
SO-2024-012639,1,2024-09-23,2024-09-23,PL-LDZ-01,C011165,VM-ACC-0005,2,176.39,0.0,PLN
SO-2024-012639,2,2024-09-23,2024-09-23,PL-LDZ-01,C011165,VM-BIK-0019,1,1185.79,0.0,PLN
SO-2024-012640,1,2024-09-23,2024-09-26,PL-WEB-01,C007589,VM-CMP-0020,4,254.79,0.0,PLN
SO-2024-012641,1,2024-09-23,2024-09-25,PL-WEB-01,C011166,VM-BIK-0009,1,5527.19,0.05,PLN
SO-2024-012641,2,2024-09-23,2024-09-25,PL-WEB-01,C011166,VM-NUT-0001,10,8.81,0.05,PLN
SO-2024-012641,3,2024-09-23,2024-09-25,PL-WEB-01,C011166,VM-ACC-0002,1,597.79,0.05,PLN
SO-2024-012642,1,2024-09-23,2024-09-24,PL-WEB-01,C011167,VM-CMP-0006,1,195.99,0.0,PLN
SO-2024-012642,2,2024-09-23,2024-09-24,PL-WEB-01,C011167,VM-APP-0010,1,166.59,0.0,PLN
SO-2024-012642,3,2024-09-23,2024-09-24,PL-WEB-01,C011167,VM-CMP-0001,2,391.99,0.0,PLN
SO-2024-012642,4,2024-09-23,2024-09-24,PL-WEB-01,C011167,VM-CMP-0017,2,489.99,0.0,PLN
SO-2024-012643,1,2024-09-23,2024-09-25,PL-WEB-01,C011168,VM-BIK-0004,1,4184.59,0.2,PLN
SO-2024-012644,1,2024-09-23,2024-09-27,PL-WEB-01,C011169,VM-NUT-0001,3,8.81,0.0,PLN
SO-2024-012645,1,2024-09-23,2024-09-26,PL-WEB-01,C010291,VM-CMP-0017,2,489.99,0.0,PLN
SO-2024-012645,2,2024-09-23,2024-09-26,PL-WEB-01,C010291,VM-ACC-0023,1,911.39,0.0,PLN
SO-2024-012646,1,2024-09-23,2024-09-27,PL-WEB-01,C011170,VM-ACC-0002,1,597.79,0.0,PLN
SO-2024-012647,1,2024-09-23,2024-09-26,PL-WEB-01,C011171,VM-NUT-0002,20,14.69,0.12,PLN
SO-2024-012648,1,2024-09-23,2024-09-26,PL-WEB-01,C011172,VM-CMP-0012,1,529.19,0.0,PLN
SO-2024-012648,2,2024-09-23,2024-09-26,PL-WEB-01,C011172,VM-CMP-0008,2,431.19,0.0,PLN
SO-2024-012649,1,2024-09-23,2024-09-26,PL-WEB-01,C011173,VM-EBK-0009,1,9711.79,0.0,PLN
SO-2024-012650,1,2024-09-23,2024-09-25,PL-WEB-01,C002543,VM-APP-0007,1,156.79,0.0,PLN
SO-2024-012651,1,2024-09-23,2024-09-26,PL-WEB-01,C009232,VM-APP-0018,1,127.39,0.0,PLN
SO-2024-012652,1,2024-09-23,2024-09-25,PL-WEB-01,C006252,VM-CMP-0001,1,391.99,0.05,PLN
SO-2024-012653,1,2024-09-23,2024-09-24,PL-WEB-01,C011174,VM-NUT-0001,6,8.81,0.0,PLN
SO-2024-012654,1,2024-09-23,2024-09-26,PL-WEB-01,C011175,VM-ACC-0008,1,391.99,0.05,PLN
SO-2024-012654,2,2024-09-23,2024-09-26,PL-WEB-01,C011175,VM-NUT-0002,13,14.69,0.05,PLN
SO-2024-012655,1,2024-09-23,2024-09-24,PL-WEB-01,C009399,VM-APP-0001,4,450.79,0.08,PLN
SO-2024-012656,1,2024-09-23,2024-09-25,PL-WEB-01,C011176,VM-APP-0013,1,431.19,0.05,PLN
SO-2024-012656,2,2024-09-23,2024-09-25,PL-WEB-01,C011176,VM-EBK-0006,1,19737.19,0.0,PLN
SO-2024-012657,1,2024-09-23,2024-09-24,PL-MKT-01,C006074,VM-CMP-0009,1,342.99,0.0,PLN
SO-2024-012658,1,2024-09-23,2024-09-27,PL-MKT-01,C007771,VM-NUT-0009,4,83.29,0.0,PLN
SO-2024-012658,2,2024-09-23,2024-09-27,PL-MKT-01,C007771,VM-ACC-0008,1,391.99,0.0,PLN
SO-2024-012659,1,2024-09-23,2024-09-23,CZ-PRG-01,,VM-CMP-0022,2,200.0,0.0,CZK
SO-2024-012660,1,2024-09-23,2024-09-23,CZ-PRG-01,,VM-BIK-0009,1,31351.0,0.2,CZK
SO-2024-012661,1,2024-09-23,2024-09-23,CZ-PRG-01,C003591,VM-NUT-0001,15,50.0,0.0,CZK
SO-2024-012661,2,2024-09-23,2024-09-23,CZ-PRG-01,C003591,VM-EBK-0008,1,83936.0,0.15,CZK
SO-2024-012661,3,2024-09-23,2024-09-23,CZ-PRG-01,C003591,VM-ACC-0018,3,278.0,0.0,CZK
SO-2024-012661,4,2024-09-23,2024-09-23,CZ-PRG-01,C003591,VM-NUT-0010,4,194.0,0.0,CZK
SO-2024-012662,1,2024-09-23,2024-09-23,CZ-PRG-01,C011177,VM-NUT-0002,11,83.0,0.0,CZK
SO-2024-012663,1,2024-09-23,2024-09-23,CZ-PRG-01,C011178, VM-NUT-0003 ,13,61.0,0.0,CZK
SO-2024-012663,2,2024-09-23,2024-09-23,CZ-PRG-01,C011178,VM-NUT-0009,4,472.0,0.0,CZK
SO-2024-012664,1,2024-09-23,2024-09-27,CZ-WEB-01,C009591,VM-ACC-0003,2,1612.0,0.05,CZK
SO-2024-012665,1,2024-09-23,2024-09-27,CZ-WEB-01,C001753,VM-BIK-0009,1,31351.0,0.0,CZK
SO-2024-012665,2,2024-09-23,2024-09-27,CZ-WEB-01,C001753,VM-ACC-0019,2,278.0,0.0,CZK
SO-2024-012666,1,2024-09-23,2024-09-25,CZ-WEB-01,C005955,VM-ACC-0018,3,278.0,0.0,CZK
SO-2024-012667,1,2024-09-23,2024-09-27,CZ-WEB-01,C011179,VM-APP-0002,1,2446.0,0.0,CZK
SO-2024-012667,2,2024-09-23,2024-09-27,CZ-WEB-01,C011179,VM-ACC-0008,1,2223.0,0.0,CZK
SO-2024-012668,1,2024-09-23,2024-09-23,DE-BER-01,,VM-BIK-0012,1,2698.67,0.15,EUR
SO-2024-012668,2,2024-09-23,2024-09-23,DE-BER-01,,VM-ACC-0017,2,13.25,0.0,EUR
SO-2024-012669,1,2024-09-23,2024-09-23,DE-BER-01,,VM-APP-0013,1,100.54,0.0,EUR
SO-2024-012670,1,2024-09-23,2024-09-24,DE-WEB-01,C006892,VM-ACC-0014,1,25.13,0.0,EUR
SO-2024-012670,2,2024-09-23,2024-09-24,DE-WEB-01,C006892,VM-CMP-0013,1,121.11,0.0,EUR
SO-2024-012670,3,2024-09-23,2024-09-24,DE-WEB-01,C006892,VM-CMP-0005,1,338.19,0.0,EUR
SO-2024-012670,4,2024-09-23,2024-09-24,DE-WEB-01,C006892,VM-CMP-0001,1,91.4,0.0,EUR
SO-2024-012671,1,2024-09-23,2024-09-27,DE-WEB-01,C011180,VM-ACC-0011,1,16.45,0.05,EUR
SO-2024-012671,2,2024-09-23,2024-09-27,DE-WEB-01,C011180,VM-APP-0004,3,54.84,0.05,EUR
SO-2024-012671,3,2024-09-23,2024-09-27,DE-WEB-01,C011180,VM-NUT-0009,3,19.42,0.05,EUR
SO-2024-012672,1,2024-09-23,2024-09-26,DE-WEB-01,C001327,VM-NUT-0001,15,2.05,0.0,EUR
SO-2024-012673,1,2024-09-23,2024-09-24,DE-WEB-01,C004607,VM-BIK-0017,1,436.45,0.0,EUR
SO-2024-012674,1,2024-09-23,2024-09-26,DE-WEB-01,C011150,VM-ACC-0014,1,25.13,0.0,EUR
SO-2024-012675,1,2024-09-24,2024-09-24,PL-WAW-01,,VM-ACC-0018,1,48.99,0.0,PLN
SO-2024-012676,1,2024-09-24,2024-09-24,PL-WAW-01,C004598,VM-EBK-0006,1,19737.19,0.1,PLN
SO-2024-012677,1,2024-09-24,2024-09-24,PL-WAW-02,C011181,VM-BIK-0021,1,1224.99,0.0,PLN
SO-2024-012677,2,2024-09-24,2024-09-24,PL-WAW-02,C011181,VM-EBK-0009,1,9711.79,0.0,PLN
SO-2024-012677,3,2024-09-24,2024-09-24,PL-WAW-02,C011181,VM-ACC-0014,1,107.79,0.0,PLN
SO-2024-012678,1,2024-09-24,2024-09-24,PL-WAW-02,C011182,VM-ACC-0008,1,391.99,0.05,PLN
SO-2024-012678,2,2024-09-24,2024-09-24,PL-WAW-02,C011182,VM-CMP-0010,2,382.19,0.05,PLN
SO-2024-012679,1,2024-09-24,2024-09-24,PL-KRK-01,,VM-CMP-0012,1,529.19,0.0,PLN
SO-2024-012680,1,2024-09-24,2024-09-24,PL-KRK-01,C011183,VM-APP-0001,3,450.79,0.05,PLN
SO-2024-012681,1,2024-09-24,2024-09-24,PL-WRO-01,C011184,VM-ACC-0015,1,342.99,0.05,PLN
SO-2024-012682,1,2024-09-24,2024-09-24,PL-WRO-01,C001840,VM-NUT-0004,5,6.85,0.05,PLN
SO-2024-012683,1,2024-09-24,2024-09-24,PL-WRO-01,,VM-CMP-0005,1,1450.39,0.0,PLN
SO-2024-012683,2,2024-09-24,2024-09-24,PL-WRO-01,,VM-ACC-0014,1,107.79,0.0,PLN
SO-2024-012684,1,2024-09-24,2024-09-24,PL-GDN-01,C011185,VM-APP-0005,2,176.39,0.0,PLN
SO-2024-012684,2,2024-09-24,2024-09-24,PL-GDN-01,C011185,VM-APP-0010,2,166.59,0.0,PLN
SO-2024-012685,1,2024-09-24,2024-09-24,PL-POZ-01,,VM-BIK-0001,1,13416.19,0.2,PLN
SO-2024-012686,1,2024-09-24,2024-09-25,PL-WEB-01,C005111,VM-APP-0012,1,852.59,0.05,PLN
SO-2024-012687,1,2024-09-24,2024-09-27,PL-WEB-01,C006970,VM-CMP-0005,1,1450.39,0.0,PLN
SO-2024-012687,2,2024-09-24,2024-09-27,PL-WEB-01,C006970,VM-NUT-0010,1,34.29,0.0,PLN
SO-2024-012687,3,2024-09-24,2024-09-27,PL-WEB-01,C006970,VM-NUT-0001,13,8.81,0.0,PLN
SO-2024-012688,1,2024-09-24,2024-09-28,PL-WEB-01,C005631,VM-BIK-0005,1,7261.79,0.0,PLN
SO-2024-012688,2,2024-09-24,2024-09-28,PL-WEB-01,C005631,VM-ACC-0008,2,391.99,0.0,PLN
SO-2024-012688,3,2024-09-24,2024-09-28,PL-WEB-01,C005631,VM-ACC-0013,1,166.59,0.0,PLN
SO-2024-012689,1,2024-09-24,2024-09-25,PL-WEB-01,C005991,VM-ACC-0004,2,764.39,0.0,PLN
SO-2024-012689,2,2024-09-24,2024-09-25,PL-WEB-01,C005991,VM-BIK-0006,1,6458.19,0.1,PLN
SO-2024-012689,3,2024-09-24,2024-09-25,PL-WEB-01,C005991,VM-BIK-0005,1,7261.79,0.15,PLN
SO-2024-012690,1,2024-09-24,2024-09-25,PL-WEB-01,C006945,VM-ACC-0017,3,56.83,0.0,PLN
SO-2024-012690,2,2024-09-24,2024-09-25,PL-WEB-01,C006945,VM-EBK-0002,1,9750.99,0.15,PLN
SO-2024-012691,1,2024-09-24,2024-09-25,PL-MKT-01,C003684,VM-APP-0010,2,166.59,0.0,PLN
SO-2024-012691,2,2024-09-24,2024-09-25,PL-MKT-01,C003684,VM-NUT-0007,11,12.73,0.0,PLN
SO-2024-012692,1,2024-09-24,2024-09-24,CZ-PRG-01,C011186,VM-NUT-0001,8,50.0,0.0,CZK
SO-2024-012692,2,2024-09-24,2024-09-24,CZ-PRG-01,C011186,VM-APP-0020,2,1001.0,0.0,CZK
SO-2024-012693,1,2024-09-24,2024-09-24,CZ-PRG-01,,VM-APP-0003,3,1723.0,0.0,CZK
SO-2024-012693,2,2024-09-24,2024-09-24,CZ-PRG-01,,VM-APP-0010,1,945.0,0.0,CZK
SO-2024-012694,1,2024-09-24,2024-09-24,CZ-PRG-01,,VM-NUT-0007,4,72.0,0.0,CZK
SO-2024-012695,1,2024-09-24,2024-09-24,CZ-PRG-01,C011187,VM-NUT-0010,4,194.0,0.0,CZK
SO-2024-012696,1,2024-09-24,2024-09-24,CZ-PRG-01,,VM-APP-0010,1,945.0,0.0,CZK
SO-2024-012696,2,2024-09-24,2024-09-24,CZ-PRG-01,,VM-BIK-0012,1,65648.0,0.0,CZK
SO-2024-012697,1,2024-09-24,2024-09-27,CZ-WEB-01,C007011,VM-ACC-0019,3,278.0,0.1,CZK
SO-2024-012697,2,2024-09-24,2024-09-27,CZ-WEB-01,C007011,VM-CMP-0009,4,1945.0,0.1,CZK
SO-2024-012698,1,2024-09-24,2024-09-25,CZ-WEB-01,C007445,VM-NUT-0004,15,39.0,0.05,CZK
SO-2024-012698,2,2024-09-24,2024-09-25,CZ-WEB-01,C007445,VM-NUT-0010,4,194.0,0.0,CZK
SO-2024-012699,1,2024-09-24,2024-09-26,CZ-WEB-01,C010236,VM-APP-0007,1,889.0,0.05,CZK
SO-2024-012699,2,2024-09-24,2024-09-26,CZ-WEB-01,C010236,VM-APP-0005,2,1001.0,0.05,CZK
SO-2024-012699,3,2024-09-24,2024-09-26,CZ-WEB-01,C010236,VM-BIK-0020,1,6726.0,0.05,CZK
SO-2024-012700,1,2024-09-24,2024-09-24,DE-BER-01,C008700,VM-APP-0017,2,43.41,0.0,EUR
SO-2024-012700,2,2024-09-24,2024-09-24,DE-BER-01,C008700,VM-APP-0016,1,139.39,0.0,EUR
SO-2024-012700,3,2024-09-24,2024-09-24,DE-BER-01,C008700,VM-BIK-0007,1,1610.98,0.2,EUR
SO-2024-012700,4,2024-09-24,2024-09-24,DE-BER-01,C008700,VM-APP-0002,2,100.54,0.0,EUR
SO-2024-012701,1,2024-09-24,2024-09-26,DE-WEB-01,C008222,VM-NUT-0003,13,2.51,0.0,EUR
SO-2024-012702,1,2024-09-24,2024-09-26,DE-WEB-01,C011188,VM-NUT-0007,10,2.97,0.0,EUR
SO-2024-012702,2,2024-09-24,2024-09-26,DE-WEB-01,C011188,VM-BIK-0013,1,1096.83,0.0,EUR
SO-2024-012702,3,2024-09-24,2024-09-26,DE-WEB-01,C011188,VM-NUT-0006,3,2.28,0.0,EUR
SO-2024-012703,1,2024-09-24,2024-09-26,DE-WEB-01,C004516,VM-ACC-0007,1,82.26,0.0,EUR
SO-TEST-0023,1,2024-09-24,2024-09-24,TEST-01,TEST-QA,VM-CMP-0022,1,1.0,0.0,PLN
SO-2024-012704,1,2024-09-25,2024-09-25,PL-WAW-01,C008230,VM-APP-0008,2,156.79,0.0,PLN
SO-2024-012705,1,2024-09-25,2024-09-25,PL-WAW-02,C006745,VM-ACC-0014,1,107.79,0.0,PLN
SO-2024-012705,2,2024-09-25,2024-09-25,PL-WAW-02,C006745,VM-NUT-0009,2,83.29,0.0,PLN
SO-2024-012705,3,2024-09-25,2024-09-25,PL-WAW-02,C006745,VM-APP-0002,2,431.19,0.0,PLN
SO-2024-012706,1,2024-09-25,2024-09-25,PL-WAW-02,C009764,VM-BIK-0009,1,5527.19,0.05,PLN
SO-2024-012706,2,2024-09-25,2024-09-25,PL-WAW-02,C009764,VM-ACC-0008,2,391.99,0.05,PLN
SO-2024-012706,3,2024-09-25,2024-09-25,PL-WAW-02,C009764,VM-ACC-0007,1,352.79,0.05,PLN
SO-2024-012706,4,2024-09-25,2024-09-25,PL-WAW-02,C009764,VM-ACC-0002,2,597.79,0.05,PLN
SO-2024-012707,1,2024-09-25,2024-09-25,PL-WAW-02,C011189,VM-CMP-0002,10,548.79,0.08,PLN
SO-2024-012708,1,2024-09-25,2024-09-25,PL-KRK-01,C009578,VM-ACC-0008,2,391.99,0.05,PLN
SO-2024-012709,1,2024-09-25,2024-09-25,PL-WRO-01,,VM-BIK-0007,1,6908.99,0.0,PLN
SO-2024-012709,2,2024-09-25,2024-09-25,PL-WRO-01,,VM-EBK-0007,1,14405.99,0.0,PLN
SO-2024-012710,1,2024-09-25,2024-09-25,PL-LDZ-01,C011190,VM-CMP-0022,1,35.27,0.05,PLN
SO-2024-012711,1,2024-09-25,2024-09-25,PL-LDZ-01,,VM-ACC-0008,1,391.99,0.0,PLN
SO-2024-012711,2,2024-09-25,2024-09-25,PL-LDZ-01,,VM-ACC-0007,2,352.79,0.0,PLN
SO-2024-012712,1,2024-09-25,2024-09-27,PL-WEB-01,C010538,VM-APP-0008,1,156.79,0.05,PLN
SO-2024-012713,1,2024-09-25,2024-09-27,PL-WEB-01,C011191,VM-NUT-0004,15,6.85,0.0,PLN
SO-2024-012713,2,2024-09-25,2024-09-27,PL-WEB-01,C011191,VM-BIK-0012,1,11573.79,0.0,PLN
SO-2024-012713,3,2024-09-25,2024-09-27,PL-WEB-01,C011191,VM-ACC-0008,1,391.99,0.0,PLN
SO-2024-012714,1,2024-09-25,2024-09-28,PL-WEB-01,C011192,VM-APP-0013,1,431.19,0.0,PLN
SO-2024-012714,2,2024-09-25,2024-09-28,PL-WEB-01,C011192,VM-ACC-0014,1,107.79,0.0,PLN
SO-2024-012715,1,2024-09-25,2024-09-29,PL-WEB-01,C006046,VM-BIK-0004,1,4184.59,0.0,PLN
SO-2024-012715,2,2024-09-25,2024-09-29,PL-WEB-01,C006046,VM-ACC-0002,1,597.79,0.0,PLN
SO-2024-012715,3,2024-09-25,2024-09-29,PL-WEB-01,C006046,VM-APP-0006,2,303.79,0.0,PLN
SO-2024-012716,1,2024-09-25,2024-09-27,PL-WEB-01,C011193,vm-app-0007,2,156.79,0.0,PLN
SO-2024-012716,2,2024-09-25,2024-09-27,PL-WEB-01,C011193,VM-APP-0012,1,852.59,0.1,PLN
SO-2024-012717,1,2024-09-25,2024-09-26,PL-WEB-01,C002273,VM-CMP-0010,2,382.19,0.0,PLN
SO-2024-012717,2,2024-09-25,2024-09-26,PL-WEB-01,C002273,VM-APP-0009,1,342.99,0.0,PLN
SO-2024-012717,3,2024-09-25,2024-09-26,PL-WEB-01,C002273,VM-EBK-0009,1,9711.79,0.0,PLN
SO-2024-012718,1,2024-09-25,2024-09-27,PL-WEB-01,C009962,VM-APP-0002,3,431.19,0.0,PLN
SO-2024-012719,1,2024-09-25,2024-09-27,PL-WEB-01,C011194,VM-ACC-0008,1,391.99,0.0,PLN
SO-2024-012719,2,2024-09-25,2024-09-27,PL-WEB-01,C011194, VM-APP-0006 ,3,303.79,0.0,PLN
SO-2024-012720,1,2024-09-25,2024-09-27,PL-MKT-01,C009704,VM-APP-0010,2,166.59,0.05,PLN
SO-2024-012720,2,2024-09-25,2024-09-27,PL-MKT-01,C009704,VM-NUT-0009,3,83.29,0.05,PLN
SO-2024-012720,3,2024-09-25,2024-09-27,PL-MKT-01,C009704,VM-APP-0015,1,558.59,0.05,PLN
SO-2024-012720,4,2024-09-25,2024-09-27,PL-MKT-01,C009704,VM-NUT-0006,6,9.79,0.05,PLN
SO-2024-012721,1,2024-09-25,2024-09-29,PL-MKT-01,C011195,VM-BIK-0004,1,4184.59,0.15,PLN
SO-2024-012721,2,2024-09-25,2024-09-29,PL-MKT-01,C011195,VM-ACC-0004,2,764.39,0.0,PLN
SO-2024-012722,1,2024-09-25,2024-09-26,PL-MKT-01,C001079,VM-CMP-0013,1,519.39,0.0,PLN
SO-2024-012722,2,2024-09-25,2024-09-26,PL-MKT-01,C001079,VM-BIK-0007,1,6908.99,0.0,PLN
SO-2024-012723,1,2024-09-25,2024-09-29,PL-MKT-01,C006880,VM-CMP-0001,2,391.99,0.08,PLN
SO-2024-012724,1,2024-09-25,2024-09-26,PL-MKT-01,C009778,VM-ACC-0020,1,793.79,0.05,PLN
SO-2024-012725,1,2024-09-25,2024-09-26,PL-MKT-01,C005945,VM-BIK-0019,1,1185.79,0.05,PLN
SO-2024-012726,1,2024-09-25,2024-09-29,PL-MKT-01,C011196,VM-ACC-0011,2,70.55,0.08,PLN
SO-2024-012726,2,2024-09-25,2024-09-29,PL-MKT-01,C011196,VM-NUT-0003,16,10.77,0.12,PLN
SO-2024-012727,1,2024-09-25,2024-09-25,CZ-PRG-01,,VM-EBK-0011,1,81379.0,0.0,CZK
SO-2024-012727,2,2024-09-25,2024-09-25,CZ-PRG-01,,VM-ACC-0011,2,400.0,0.0,CZK
SO-2024-012727,3,2024-09-25,2024-09-25,CZ-PRG-01,,VM-APP-0002,3,2446.0,0.0,CZK
SO-2024-012727,4,2024-09-25,2024-09-25,CZ-PRG-01,,VM-ACC-0002,2,3391.0,0.0,CZK
SO-2024-012728,1,2024-09-25,2024-09-25,CZ-BRN-01,C008817,VM-APP-0002,1,2446.0,0.0,CZK
SO-2024-012729,1,2024-09-25,2024-09-25,CZ-BRN-01,,VM-CMP-0005,2,8227.0,0.0,CZK
SO-2024-012729,2,2024-09-25,2024-09-25,CZ-BRN-01,,VM-CMP-0004,1,4002.0,0.1,CZK
SO-2024-012729,3,2024-09-25,2024-09-25,CZ-BRN-01,,VM-CMP-0013,2,2946.0,0.0,CZK
SO-2024-012730,1,2024-09-25,2024-09-29,CZ-WEB-01,C011197,VM-BIK-0004,1,23736.0,0.0,CZK
SO-2024-012731,1,2024-09-25,2024-09-28,CZ-WEB-01,C011198,VM-APP-0004,1,1334.0,0.0,CZK
SO-2024-012731,2,2024-09-25,2024-09-28,CZ-WEB-01,C011198,VM-BIK-0017,1,10617.0,0.0,CZK
SO-2024-012732,1,2024-09-25,2024-09-25,DE-BER-01,,VM-CMP-0005,1,338.19,0.0,EUR
SO-2024-012733,1,2024-09-25,2024-09-28,DE-WEB-01,C008952,VM-CMP-0017,2,114.25,0.1,EUR
SO-2024-012734,1,2024-09-25,2024-09-27,DE-WEB-01,C011199,VM-ACC-0018,10,11.42,0.1,EUR
SO-2024-012735,1,2024-09-25,2024-09-28,DE-WEB-01,C005462,VM-NUT-0004,13,1.6,0.05,EUR
SO-2024-012735,2,2024-09-25,2024-09-28,DE-WEB-01,C005462,VM-CMP-0012,1,123.39,0.05,EUR
SO-2024-012736,1,2024-09-26,2024-09-26,PL-WAW-01,C010640,VM-ACC-0017,4,56.83,0.08,PLN
SO-2024-012736,2,2024-09-26,2024-09-26,PL-WAW-01,C010640,VM-NUT-0006,14,9.79,0.1,PLN
SO-2024-012736,3,2024-09-26,2024-09-26,PL-WAW-01,C010640,VM-APP-0013,3,431.19,0.12,PLN
SO-2024-012737,1,2024-09-26,2024-09-26,PL-WAW-01,C008896,VM-CMP-0013,1,519.39,0.0,PLN
SO-2024-012737,2,2024-09-26,2024-09-26,PL-WAW-01,C008896,VM-NUT-0009,4,83.29,0.0,PLN
SO-2024-012738,1,2024-09-26,2024-09-26,PL-WAW-02,,VM-CMP-0013,1,519.39,0.0,PLN
SO-2024-012738,2,2024-09-26,2024-09-26,PL-WAW-02,,VM-BIK-0007,1,6908.99,0.05,PLN
SO-2024-012738,3,2024-09-26,2024-09-26,PL-WAW-02,,VM-NUT-0003,3,10.77,0.0,PLN
SO-2024-012738,4,2024-09-26,2024-09-26,PL-WAW-02,,VM-ACC-0005,1,176.39,0.0,PLN
SO-2024-012739,1,2024-09-26,2024-09-26,PL-WAW-02,C011200,VM-ACC-0004,1,764.39,0.0,PLN
SO-2024-012739,2,2024-09-26,2024-09-26,PL-WAW-02,C011200,VM-ACC-0003,1,284.19,0.0,PLN
SO-2024-012740,1,2024-09-26,2024-09-26,PL-WAW-02,,VM-NUT-0011,3,52.91,0.0,PLN
SO-2024-012740,2,2024-09-26,2024-09-26,PL-WAW-02,,VM-NUT-0003,9,10.77,0.0,PLN
SO-2024-012740,3,2024-09-26,2024-09-26,PL-WAW-02,,VM-APP-0001,1,450.79,0.0,PLN
SO-2024-012741,1,2024-09-26,2024-09-26,PL-WAW-02,C008484,VM-NUT-0004,7,6.85,0.05,PLN
SO-2024-012742,1,2024-09-26,2024-09-26,PL-WAW-02,C009043,VM-APP-0010,1,166.59,0.0,PLN
SO-2024-012743,1,2024-09-26,2024-09-26,PL-KRK-01,,vm-bik-0007,1,6908.99,0.0,PLN
SO-2024-012744,1,2024-09-26,2024-09-26,PL-KRK-01,,VM-ACC-0018,2,48.99,0.0,PLN
SO-2024-012744,2,2024-09-26,2024-09-26,PL-KRK-01,,VM-BIK-0013,1,4703.99,0.15,PLN
SO-2024-012744,3,2024-09-26,2024-09-26,PL-KRK-01,,VM-BIK-0014,1,3753.39,0.0,PLN
SO-2024-012744,4,2024-09-26,2024-09-26,PL-KRK-01,,VM-BIK-0009,1,5527.19,0.15,PLN
SO-2024-012745,1,2024-09-26,2024-09-26,PL-KRK-01,C006477,VM-APP-0006,6,303.79,0.12,PLN
SO-2024-012745,2,2024-09-26,2024-09-26,PL-KRK-01,C006477,VM-CMP-0016,2,2410.79,0.1,PLN
SO-2024-012745,3,2024-09-26,2024-09-26,PL-KRK-01,C006477,VM-BIK-0012,4,11573.79,0.08,PLN
SO-2024-012746,1,2024-09-26,2024-09-26,PL-KRK-01,C011201,VM-BIK-0019,1,1185.79,0.15,PLN
SO-2024-012746,2,2024-09-26,2024-09-26,PL-KRK-01,C011201,VM-ACC-0008,1,391.99,0.0,PLN
SO-2024-012747,1,2024-09-26,2024-09-26,PL-KRK-01,C011202,VM-APP-0012,1,852.59,0.0,PLN
SO-2024-012748,1,2024-09-26,2024-09-26,PL-KRK-01,C001319,VM-BIK-0016,1,3518.19,0.0,PLN
SO-2024-012749,1,2024-09-26,2024-09-26,PL-KRK-01,,vm-ebk-0011,1,14347.19,0.0,PLN
SO-2024-012750,1,2024-09-26,2024-09-26,PL-WRO-01,,VM-APP-0002,2,431.19,0.0,PLN
SO-2024-012751,1,2024-09-26,2024-09-26,PL-WRO-01,C005515,VM-NUT-0004,14,6.85,0.0,PLN
SO-2024-012751,2,2024-09-26,2024-09-26,PL-WRO-01,C005515,VM-NUT-0002,9,14.69,0.0,PLN
SO-2024-012751,3,2024-09-26,2024-09-26,PL-WRO-01,C005515,vm-nut-0006,10,9.79,0.0,PLN
SO-2024-012752,1,2024-09-26,2024-09-26,PL-WRO-01,C008483,VM-NUT-0010,2,34.29,0.0,PLN
SO-2024-012753,1,2024-09-26,2024-09-26,PL-POZ-01,C011203,VM-CMP-0011,2,156.79,0.05,PLN
SO-2024-012754,1,2024-09-26,2024-09-26,PL-LDZ-01,C009604,VM-ACC-0007,4,352.79,0.12,PLN
SO-2024-012755,1,2024-09-26,2024-09-29,PL-WEB-01,C011204,VM-ACC-0021,1,764.39,0.05,PLN
SO-2024-012755,2,2024-09-26,2024-09-29,PL-WEB-01,C011204,VM-BIK-0018,1,2351.99,0.1,PLN
SO-2024-012756,1,2024-09-26,2024-09-28,PL-WEB-01,C004598,VM-APP-0008,2,156.79,0.0,PLN
SO-2024-012756,2,2024-09-26,2024-09-28,PL-WEB-01,C004598,VM-ACC-0014,1,107.79,0.0,PLN
SO-2024-012757,1,2024-09-26,2024-09-27,PL-WEB-01,C011205,VM-EBK-0006,1,19737.19,0.0,PLN
SO-2024-012757,2,2024-09-26,2024-09-27,PL-WEB-01,C011205,VM-APP-0013,1,431.19,0.0,PLN
SO-2024-012758,1,2024-09-26,2024-09-28,PL-WEB-01,C010460,VM-ACC-0008,1,391.99,0.0,PLN
SO-2024-012759,1,2024-09-26,2024-09-28,PL-WEB-01,C011206,VM-BIK-0009,1,5527.19,0.05,PLN
SO-2024-012759,2,2024-09-26,2024-09-28,PL-WEB-01,C011206,VM-APP-0001,3,450.79,0.05,PLN
SO-2024-012760,1,2024-09-26,2024-09-30,PL-WEB-01,C011207,VM-ACC-0022,1,1538.59,0.0,PLN
SO-2024-012760,2,2024-09-26,2024-09-30,PL-WEB-01,C011207,VM-NUT-0002,3,14.69,0.0,PLN
SO-2024-012761,1,2024-09-26,2024-09-30,PL-WEB-01,C010965,VM-CMP-0012,2,529.19,0.0,PLN
SO-2024-012761,2,2024-09-26,2024-09-30,PL-WEB-01,C010965,VM-APP-0011,2,401.79,0.0,PLN
SO-2024-012761,3,2024-09-26,2024-09-30,PL-WEB-01,C010965,VM-ACC-0020,1,793.79,0.0,PLN
SO-2024-012761,4,2024-09-26,2024-09-30,PL-WEB-01,C010965,VM-APP-0002,1,431.19,0.0,PLN
SO-2024-012762,1,2024-09-26,2024-09-27,PL-WEB-01,C011208,VM-APP-0002,3,431.19,0.0,PLN
SO-2024-012763,1,2024-09-26,2024-09-28,PL-WEB-01,C002280,VM-CMP-0016,1,2410.79,0.0,PLN
SO-2024-012763,2,2024-09-26,2024-09-28,PL-WEB-01,C002280,VM-NUT-0004,7,6.85,0.05,PLN
SO-2024-012764,1,2024-09-26,2024-09-27,PL-MKT-01,C011209,VM-CMP-0002,1,548.79,0.0,PLN
SO-2024-012765,1,2024-09-26,2024-09-29,PL-MKT-01,C011210,VM-APP-0009,1,342.99,0.0,PLN
SO-2024-012765,2,2024-09-26,2024-09-29,PL-MKT-01,C011210,VM-NUT-0001,8,8.81,0.0,PLN
SO-2024-012765,3,2024-09-26,2024-09-29,PL-MKT-01,C011210,VM-ACC-0012,1,70.55,0.0,PLN
SO-2024-012765,4,2024-09-26,2024-09-29,PL-MKT-01,C011210,VM-APP-0013,1,431.19,0.0,PLN
SO-2024-012766,1,2024-09-26,2024-09-27,PL-MKT-01,C006377,VM-ACC-0001,2,372.39,0.0,PLN
SO-2024-012766,2,2024-09-26,2024-09-27,PL-MKT-01,C006377,VM-CMP-0003,2,235.19,0.0,PLN
SO-2024-012767,1,2024-09-26,2024-09-29,PL-MKT-01,C005456,VM-NUT-0001,6,8.81,0.0,PLN
SO-2024-012768,1,2024-09-26,2024-09-28,PL-MKT-01,C011211,VM-BIK-0004,1,4184.59,0.1,PLN
SO-2024-012769,1,2024-09-26,2024-09-27,PL-MKT-01,C004043,VM-ACC-0020,1,793.79,0.05,PLN
SO-2024-012770,1,2024-09-26,2024-09-27,PL-MKT-01,C011212,VM-CMP-0009,2,342.99,0.05,PLN
SO-2024-012771,1,2024-09-26,2024-09-26,CZ-PRG-01,C003496,VM-ACC-0011,1,400.0,0.05,CZK
SO-2024-012771,2,2024-09-26,2024-09-26,CZ-PRG-01,C003496,VM-ACC-0008,2,2223.0,0.05,CZK
SO-2024-012771,3,2024-09-26,2024-09-26,CZ-PRG-01,C003496,VM-ACC-0020,1,4502.0,0.05,CZK
SO-2024-012772,1,2024-09-26,2024-09-26,CZ-PRG-01,C005984,VM-ACC-0008,1,2223.0,0.0,CZK
SO-2024-012773,1,2024-09-26,2024-09-29,CZ-WEB-01,C010435,VM-NUT-0009,2,472.0,0.0,CZK
SO-2024-012774,1,2024-09-26,2024-09-28,CZ-WEB-01,C011213,VM-APP-0015,5,3168.0,0.12,CZK
SO-2024-012775,1,2024-09-26,2024-09-28,CZ-WEB-01,C009767,VM-NUT-0011,2,300.0,0.0,CZK
SO-2024-012776,1,2024-09-26,2024-09-30,CZ-WEB-01,C007102,VM-NUT-0006,8,56.0,0.0,CZK
SO-2024-012776,2,2024-09-26,2024-09-30,CZ-WEB-01,C007102,VM-ACC-0020,1,4502.0,0.0,CZK
SO-2024-012777,1,2024-09-26,2024-09-27,CZ-WEB-01,C011214,VM-NUT-0002,12,83.0,0.0,CZK
SO-2024-012778,1,2024-09-26,2024-09-26,DE-BER-01,C011215,VM-NUT-0010,1,8.0,0.0,EUR
SO-2024-012779,1,2024-09-26,2024-09-26,DE-BER-01,C011216,VM-BIK-0012,1,2698.67,0.2,EUR
SO-2024-012779,2,2024-09-26,2024-09-26,DE-BER-01,C011216,VM-CMP-0010,2,89.12,0.0,EUR
SO-2024-012779,3,2024-09-26,2024-09-26,DE-BER-01,C011216,VM-ACC-0008,2,91.4,0.0,EUR
SO-2024-012780,1,2024-09-26,2024-09-26,DE-BER-01,,VM-APP-0010,1,38.84,0.0,EUR
SO-2024-012780,2,2024-09-26,2024-09-26,DE-BER-01,,VM-APP-0001,3,105.11,0.0,EUR
SO-2024-012781,1,2024-09-26,2024-09-26,DE-BER-01,C004453,VM-CMP-0004,1,164.52,0.1,EUR
SO-2024-012782,1,2024-09-26,2024-09-30,DE-WEB-01,C000308,VM-APP-0002,2,100.54,0.0,EUR
SO-2024-012783,1,2024-09-26,2024-09-27,DE-WEB-01,C010860,VM-ACC-0014,1,25.13,0.0,EUR
SO-2024-012784,1,2024-09-26,2024-09-27,DE-WEB-01,C005630,VM-CMP-0013,1,121.11,0.05,EUR
SO-2024-012785,1,2024-09-26,2024-09-30,DE-WEB-01,C008293,VM-NUT-0011,2,12.34,0.0,EUR
SO-2024-012786,1,2024-09-26,2024-09-29,DE-WEB-01,C011217,VM-APP-0010,1,38.84,0.0,EUR
SO-2024-012786,2,2024-09-26,2024-09-29,DE-WEB-01,C011217,VM-ACC-0018,2,11.42,0.0,EUR
SO-2024-012786,3,2024-09-26,2024-09-29,DE-WEB-01,C011217,VM-EBK-0011,1,3345.35,0.0,EUR
SO-2024-012787,1,2024-09-26,2024-09-28,DE-WEB-01,C011218,VM-ACC-0014,1,25.13,0.05,EUR
SO-2024-012787,2,2024-09-26,2024-09-28,DE-WEB-01,C011218,VM-BIK-0007,1,1610.98,0.1,EUR
SO-2024-012788,1,2024-09-26,2024-09-30,DE-WEB-01,C011219,VM-ACC-0017,3,13.25,0.05,EUR
SO-2024-012788,2,2024-09-26,2024-09-30,DE-WEB-01,C011219,VM-APP-0010,2,38.84,0.05,EUR
SO-2024-012789,1,2024-09-26,2024-09-28,DE-WEB-01,C011220,VM-NUT-0002,11,3.43,0.05,EUR
SO-2024-012790,1,2024-09-27,2024-09-27,PL-WAW-01,C011221,VM-ACC-0002,2,597.79,0.0,PLN
SO-2024-012791,1,2024-09-27,2024-09-27,PL-WAW-01,C001846,VM-ACC-0008,2,391.99,0.0,PLN
SO-2024-012792,1,2024-09-27,2024-09-27,PL-WAW-01,,VM-NUT-0004,10,6.85,0.0,PLN
SO-2024-012792,2,2024-09-27,2024-09-27,PL-WAW-01,,VM-ACC-0018,2,48.99,0.0,PLN
SO-2024-012792,3,2024-09-27,2024-09-27,PL-WAW-01,,VM-NUT-0001,3,8.81,0.0,PLN
SO-2024-012792,4,2024-09-27,2024-09-27,PL-WAW-01,,VM-NUT-0006,8,9.79,0.0,PLN
SO-2024-012793,1,2024-09-27,2024-09-27,PL-WAW-02,C011222,VM-ACC-0007,1,352.79,0.0,PLN
SO-2024-012793,2,2024-09-27,2024-09-27,PL-WAW-02,C011222,VM-CMP-0009,2,342.99,0.0,PLN
SO-2024-012794,1,2024-09-27,2024-09-27,PL-WAW-02,,vm-cmp-0017,2,489.99,0.0,PLN
SO-2024-012795,1,2024-09-27,2024-09-27,PL-WAW-02,C011073,VM-ACC-0008,1,391.99,0.05,PLN
SO-2024-012796,1,2024-09-27,2024-09-27,PL-WAW-02,,VM-CMP-0001,2,391.99,0.0,PLN
SO-2024-012797,1,2024-09-27,2024-09-27,PL-KRK-01,C011223,VM-NUT-0003,3,10.77,0.0,PLN
SO-2024-012797,2,2024-09-27,2024-09-27,PL-KRK-01,C011223,VM-APP-0005,3,176.39,0.0,PLN
SO-2024-012798,1,2024-09-27,2024-09-27,PL-KRK-01,,VM-CMP-0002,2,548.79,0.0,PLN
SO-2024-012798,2,2024-09-27,2024-09-27,PL-KRK-01,,VM-ACC-0010,2,244.99,0.1,PLN
SO-2024-012798,3,2024-09-27,2024-09-27,PL-KRK-01,,VM-CMP-0013,2,519.39,0.05,PLN
SO-2024-012798,4,2024-09-27,2024-09-27,PL-KRK-01,,VM-EBK-0001,1,7516.59,0.0,PLN
SO-2024-012799,1,2024-09-27,2024-09-27,PL-KRK-01,C009344,VM-CMP-0013,2,519.39,0.0,PLN
SO-2024-012799,2,2024-09-27,2024-09-27,PL-KRK-01,C009344,VM-APP-0008,1,156.79,0.0,PLN
SO-2024-012800,1,2024-09-27,2024-09-27,PL-KRK-01,C011224,VM-ACC-0012,1,70.55,0.0,PLN
SO-2024-012801,1,2024-09-27,2024-09-27,PL-KRK-01,C011225,vm-bik-0012,1,11573.79,0.0,PLN
SO-2024-012802,1,2024-09-27,2024-09-27,PL-KRK-01,,VM-ACC-0008,1,391.99,0.1,PLN
SO-2024-012802,2,2024-09-27,2024-09-27,PL-KRK-01,,VM-ACC-0002,1,597.79,0.0,PLN
SO-2024-012802,3,2024-09-27,2024-09-27,PL-KRK-01,,VM-ACC-0007,2,352.79,0.0,PLN
SO-2024-012803,1,2024-09-27,2024-09-27,PL-WRO-01,C011226,VM-APP-0013,1,431.19,0.0,PLN
SO-2024-012804,1,2024-09-27,2024-09-27,PL-WRO-01,C011227,VM-EBK-0007,1,14405.99,0.0,PLN
SO-2024-012804,2,2024-09-27,2024-09-27,PL-WRO-01,C011227,VM-ACC-0002,1,597.79,0.05,PLN
SO-2024-012805,1,2024-09-27,2024-09-27,PL-WRO-01,C011228,VM-NUT-0006,6,9.79,0.0,PLN
SO-2024-012806,1,2024-09-27,2024-09-27,PL-WRO-01,C011229,VM-BIK-0017,1,1871.79,0.2,PLN
SO-2024-012807,1,2024-09-27,2024-09-27,PL-WRO-01,,VM-APP-0007,1,156.79,0.0,PLN
SO-2024-012808,1,2024-09-27,2024-09-27,PL-GDN-01,C011230,VM-ACC-0019,3,48.99,0.0,PLN
SO-2024-012809,1,2024-09-27,2024-09-27,PL-GDN-01,C004672,VM-CMP-0007,2,617.39,0.05,PLN
SO-2024-012810,1,2024-09-27,2024-09-27,PL-GDN-01,C008521,VM-APP-0011,2,401.79,0.0,PLN
SO-2024-012811,1,2024-09-27,2024-09-27,PL-GDN-01,,VM-APP-0001,2,450.79,0.0,PLN
SO-2024-012811,2,2024-09-27,2024-09-27,PL-GDN-01,,VM-CMP-0005,2,1450.39,0.0,PLN
SO-2024-012812,1,2024-09-27,2024-09-27,PL-GDN-01,,VM-ACC-0008,2,391.99,0.0,PLN
SO-2024-012812,2,2024-09-27,2024-09-27,PL-GDN-01,,VM-BIK-0007,1,6908.99,0.15,PLN
SO-2024-012813,1,2024-09-27,2024-09-27,PL-POZ-01,C000989,VM-NUT-0003,11,10.77,0.0,PLN
SO-2024-012814,1,2024-09-27,2024-09-27,PL-POZ-01,C009880,VM-NUT-0007,4,12.73,0.0,PLN
SO-2024-012814,2,2024-09-27,2024-09-27,PL-POZ-01,C009880, VM-ACC-0013 ,1,166.59,0.0,PLN
SO-2024-012814,3,2024-09-27,2024-09-27,PL-POZ-01,C009880,VM-BIK-0009,1,5527.19,0.0,PLN
SO-2024-012814,4,2024-09-27,2024-09-27,PL-POZ-01,C009880,VM-EBK-0001,1,7516.59,0.2,PLN
SO-2024-012815,1,2024-09-27,2024-09-27,PL-LDZ-01,C011231,VM-EBK-0011,1,14347.19,0.1,PLN
SO-2024-012816,1,2024-09-27,2024-09-28,PL-WEB-01,C005184,VM-CMP-0013,1,519.39,0.0,PLN
SO-2024-012816,2,2024-09-27,2024-09-28,PL-WEB-01,C005184,VM-BIK-0010,1,6193.59,0.0,PLN
SO-2024-012816,3,2024-09-27,2024-09-28,PL-WEB-01,C005184,VM-CMP-0022,2,35.27,0.0,PLN
SO-2024-012817,1,2024-09-27,2024-09-28,PL-WEB-01,C011232,VM-ACC-0021,1,764.39,0.1,PLN
SO-2024-012818,1,2024-09-27,2024-09-30,PL-WEB-01,C011233,VM-APP-0003,9,303.79,0.1,PLN
SO-2024-012818,2,2024-09-27,2024-09-30,PL-WEB-01,C011233,VM-BIK-0004,3,4184.59,0.1,PLN
SO-2024-012819,1,2024-09-27,2024-09-29,PL-WEB-01,C001273,VM-CMP-0005,2,1450.39,0.0,PLN
SO-2024-012820,1,2024-09-27,2024-09-29,PL-WEB-01,C004648,VM-EBK-0010,1,13220.19,0.2,PLN
SO-2024-012821,1,2024-09-27,2024-09-30,PL-MKT-01,C011234,VM-NUT-0002,15,14.69,0.0,PLN
SO-2024-012821,2,2024-09-27,2024-09-30,PL-MKT-01,C011234,VM-ACC-0004,1,764.39,0.0,PLN
SO-2024-012822,1,2024-09-27,2024-09-29,PL-MKT-01,C008416,VM-ACC-0013,1,166.59,0.0,PLN
SO-2024-012822,2,2024-09-27,2024-09-29,PL-MKT-01,C008416,VM-NUT-0001,12,8.81,0.05,PLN
SO-2024-012823,1,2024-09-27,2024-09-29,PL-MKT-01,C006572,VM-ACC-0007,4,352.79,0.12,PLN
SO-2024-012823,2,2024-09-27,2024-09-29,PL-MKT-01,C006572,VM-EBK-0008,4,14797.99,0.15,PLN
SO-2024-012824,1,2024-09-27,2024-09-30,PL-MKT-01,C011235,VM-ACC-0008,1,391.99,0.0,PLN
SO-2024-012825,1,2024-09-27,2024-09-28,PL-MKT-01,C005047,VM-NUT-0006,8,9.79,0.0,PLN
SO-2024-012825,2,2024-09-27,2024-09-28,PL-MKT-01,C005047,VM-ACC-0008,2,391.99,0.0,PLN
SO-2024-012826,1,2024-09-27,2024-09-27,CZ-PRG-01,C011236,VM-NUT-0011,2,300.0,0.0,CZK
SO-2024-012826,2,2024-09-27,2024-09-27,CZ-PRG-01,C011236,VM-CMP-0015,2,5114.0,0.0,CZK
SO-2024-012826,3,2024-09-27,2024-09-27,CZ-PRG-01,C011236,VM-CMP-0001,2,2223.0,0.0,CZK
SO-2024-012827,1,2024-09-27,2024-09-27,CZ-PRG-01,C009296,VM-APP-0019,1,367.0,0.0,CZK
SO-2024-012828,1,2024-09-27,2024-09-27,CZ-PRG-01,C005404,VM-CMP-0005,2,8227.0,0.0,CZK
SO-2024-012828,2,2024-09-27,2024-09-27,CZ-PRG-01,C005404,VM-NUT-0004,13,39.0,0.0,CZK
SO-2024-012828,3,2024-09-27,2024-09-27,CZ-PRG-01,C005404,VM-CMP-0007,2,3502.0,0.1,CZK
SO-2024-012829,1,2024-09-27,2024-09-27,CZ-PRG-01,C008756,VM-EBK-0011,2,81379.0,0.1,CZK
SO-2024-012829,2,2024-09-27,2024-09-27,CZ-PRG-01,C008756,VM-NUT-0009,9,472.0,0.1,CZK
SO-2024-012830,1,2024-09-27,2024-09-27,CZ-BRN-01,C003385,VM-NUT-0006,5,56.0,0.0,CZK
SO-2024-012831,1,2024-09-27,2024-09-27,CZ-BRN-01,C004785,VM-APP-0002,1,2446.0,0.0,CZK
SO-2024-012832,1,2024-09-27,2024-09-29,CZ-WEB-01,C000490,VM-CMP-0002,2,3113.0,0.05,CZK
SO-2024-012833,1,2024-09-27,2024-09-29,CZ-WEB-01,C006812,VM-APP-0006,3,1723.0,0.05,CZK
SO-2024-012833,2,2024-09-27,2024-09-29,CZ-WEB-01,C006812,VM-BIK-0015,1,17176.0,0.05,CZK
SO-2024-012834,1,2024-09-27,2024-09-30,CZ-WEB-01,C010732,VM-NUT-0009,3,472.0,0.0,CZK
SO-2024-012835,1,2024-09-27,2024-09-27,DE-BER-01,C010158,VM-APP-0018,2,29.7,0.0,EUR
SO-2024-012835,2,2024-09-27,2024-09-27,DE-BER-01,C010158,VM-APP-0001,2,105.11,0.0,EUR
SO-2024-012836,1,2024-09-27,2024-09-27,DE-BER-01,,VM-ACC-0004,2,178.23,0.0,EUR
SO-2024-012837,1,2024-09-27,2024-09-29,DE-WEB-01,C011237,VM-BIK-0012,1,2698.67,0.0,EUR
SO-2024-012837,2,2024-09-27,2024-09-29,DE-WEB-01,C011237,VM-ACC-0005,2,41.13,0.0,EUR
SO-2024-012837,3,2024-09-27,2024-09-29,DE-WEB-01,C011237,VM-ACC-0002,1,139.39,0.0,EUR
SO-2024-012838,1,2024-09-27,2024-09-30,DE-WEB-01,C007554,VM-ACC-0017,2,13.25,0.0,EUR
SO-2024-012838,2,2024-09-27,2024-09-30,DE-WEB-01,C007554,VM-CMP-0002,1,127.96,0.0,EUR
SO-2024-012839,1,2024-09-28,2024-09-28,PL-WAW-01,C010193,VM-ACC-0003,1,284.19,0.0,PLN
SO-2024-012839,2,2024-09-28,2024-09-28,PL-WAW-01,C010193,VM-BIK-0003,1,6409.19,0.0,PLN
SO-2024-012839,3,2024-09-28,2024-09-28,PL-WAW-01,C010193,VM-ACC-0004,1,764.39,0.0,PLN
SO-2024-012840,1,2024-09-28,2024-09-28,PL-WAW-01,C011238,VM-CMP-0001,2,391.99,0.0,PLN
SO-2024-012841,1,2024-09-28,2024-09-28,PL-WAW-01,C002700,VM-ACC-0019,3,48.99,0.0,PLN
SO-2024-012841,2,2024-09-28,2024-09-28,PL-WAW-01,C002700,VM-ACC-0001,2,372.39,0.0,PLN
SO-2024-012841,3,2024-09-28,2024-09-28,PL-WAW-01,C002700,VM-APP-0007,2,156.79,0.0,PLN
SO-2024-012841,4,2024-09-28,2024-09-28,PL-WAW-01,C002700,VM-ACC-0006,1,930.99,0.0,PLN
SO-2024-012842,1,2024-09-28,2024-09-28,PL-WAW-01,C007540,VM-ACC-0017,1,56.83,0.05,PLN
SO-2024-012843,1,2024-09-28,2024-09-28,PL-WAW-01,C007652,VM-BIK-0009,1,5527.19,0.0,PLN
SO-2024-012844,1,2024-09-28,2024-09-28,PL-WAW-01,,VM-BIK-0002,1,9437.39,0.0,PLN
SO-2024-012845,1,2024-09-28,2024-09-28,PL-WAW-01,C010804,VM-NUT-0001,4,8.81,0.0,PLN
SO-2024-012845,2,2024-09-28,2024-09-28,PL-WAW-01,C010804,VM-EBK-0011,1,14347.19,0.0,PLN
SO-2024-012845,3,2024-09-28,2024-09-28,PL-WAW-01,C010804,VM-ACC-0008,2,391.99,0.0,PLN
SO-2024-012846,1,2024-09-28,2024-09-28,PL-WAW-02,,VM-APP-0010,1,166.59,0.0,PLN
SO-2024-012846,2,2024-09-28,2024-09-28,PL-WAW-02,,VM-APP-0001,3,450.79,0.0,PLN
SO-2024-012846,3,2024-09-28,2024-09-28,PL-WAW-02,,VM-EBK-0007,1,14405.99,0.0,PLN
SO-2024-012847,1,2024-09-28,2024-09-28,PL-WAW-02,C011239,VM-NUT-0010,2,34.29,0.0,PLN
SO-2024-012847,2,2024-09-28,2024-09-28,PL-WAW-02,C011239,VM-APP-0001,1,450.79,0.0,PLN
SO-2024-012847,3,2024-09-28,2024-09-28,PL-WAW-02,C011239,VM-ACC-0002,2,597.79,0.0,PLN
SO-2024-012847,4,2024-09-28,2024-09-28,PL-WAW-02,C011239,VM-CMP-0005,2,1450.39,0.0,PLN
SO-2024-012848,1,2024-09-28,2024-09-28,PL-WAW-02,C009117,VM-NUT-0011,2,52.91,0.05,PLN
SO-2024-012849,1,2024-09-28,2024-09-28,PL-WAW-02,C006801,VM-NUT-0010,10,34.29,0.1,PLN
SO-2024-012850,1,2024-09-28,2024-09-28,PL-WAW-02,,VM-APP-0005,2,176.39,0.0,PLN
SO-2024-012850,2,2024-09-28,2024-09-28,PL-WAW-02,,VM-ACC-0015,1,342.99,0.05,PLN
SO-2024-012851,1,2024-09-28,2024-09-28,PL-WAW-02,C007633,VM-BIK-0016,1,3518.19,0.0,PLN
SO-2024-012851,2,2024-09-28,2024-09-28,PL-WAW-02,C007633,VM-EBK-0008,1,14797.99,0.1,PLN
SO-2024-012851,3,2024-09-28,2024-09-28,PL-WAW-02,C007633,VM-ACC-0004,1,764.39,0.0,PLN
SO-2024-012852,1,2024-09-28,2024-09-28,PL-WAW-02,C010190,VM-ACC-0004,4,764.39,0.08,PLN
SO-2024-012853,1,2024-09-28,2024-09-28,PL-KRK-01,C005491,VM-BIK-0013,1,4703.99,0.05,PLN
SO-2024-012853,2,2024-09-28,2024-09-28,PL-KRK-01,C005491,VM-ACC-0008,1,391.99,0.05,PLN
SO-2024-012854,1,2024-09-28,2024-09-28,PL-KRK-01,C004361,VM-NUT-0010,2,34.29,0.0,PLN
SO-2024-012855,1,2024-09-28,2024-09-28,PL-KRK-01,C011240,VM-APP-0001,2,450.79,0.0,PLN
SO-2024-012856,1,2024-09-28,2024-09-28,PL-KRK-01,C004438,VM-APP-0008,2,156.79,0.0,PLN
SO-2024-012856,2,2024-09-28,2024-09-28,PL-KRK-01,C004438,VM-CMP-0013,2,519.39,0.0,PLN
SO-2024-012856,3,2024-09-28,2024-09-28,PL-KRK-01,C004438,vm-ebk-0002,1,9750.99,0.0,PLN
SO-2024-012856,4,2024-09-28,2024-09-28,PL-KRK-01,C004438,VM-NUT-0004,11,6.85,0.1,PLN
SO-2024-012857,1,2024-09-28,2024-09-28,PL-KRK-01,,VM-APP-0019,1,64.67,0.0,PLN
SO-2024-012857,2,2024-09-28,2024-09-28,PL-KRK-01,,VM-ACC-0005,2,176.39,0.0,PLN
SO-2024-012858,1,2024-09-28,2024-09-28,PL-KRK-01,,VM-NUT-0011,4,52.91,0.0,PLN
SO-2024-012858,2,2024-09-28,2024-09-28,PL-KRK-01,,VM-BIK-0017,1,1871.79,0.0,PLN
SO-2024-012859,1,2024-09-28,2024-09-28,PL-KRK-01,,VM-ACC-0008,2,391.99,0.0,PLN
SO-2024-012860,1,2024-09-28,2024-09-28,PL-GDN-01,,VM-ACC-0007,1,352.79,0.0,PLN
SO-2024-012861,1,2024-09-28,2024-09-28,PL-GDN-01,,VM-ACC-0013,1,166.59,0.0,PLN
SO-2024-012862,1,2024-09-28,2024-09-28,PL-GDN-01,C010607, VM-BIK-0008 ,1,5203.79,0.15,PLN
SO-2024-012862,2,2024-09-28,2024-09-28,PL-GDN-01,C010607,VM-EBK-0009,1,9711.79,0.0,PLN
SO-2024-012862,3,2024-09-28,2024-09-28,PL-GDN-01,C010607,VM-NUT-0010,1,34.29,0.0,PLN
SO-2024-012863,1,2024-09-28,2024-09-28,PL-POZ-01,C010848,VM-APP-0020,2,176.39,0.0,PLN
SO-2024-012863,2,2024-09-28,2024-09-28,PL-POZ-01,C010848,VM-BIK-0021,1,1224.99,0.0,PLN
SO-2024-012863,3,2024-09-28,2024-09-28,PL-POZ-01,C010848,VM-ACC-0008,2,391.99,0.0,PLN
SO-2024-012864,1,2024-09-28,2024-09-28,PL-LDZ-01,,VM-ACC-0014,1,107.79,0.0,PLN
SO-2024-012864,2,2024-09-28,2024-09-28,PL-LDZ-01,,VM-ACC-0012,1,70.55,0.0,PLN
SO-2024-012865,1,2024-09-28,2024-09-28,PL-LDZ-01,C004528,VM-CMP-0010,1,382.19,0.0,PLN
SO-2024-012865,2,2024-09-28,2024-09-28,PL-LDZ-01,C004528,VM-BIK-0006,1,6458.19,0.0,PLN
SO-2024-012865,3,2024-09-28,2024-09-28,PL-LDZ-01,C004528,VM-APP-0006,3,303.79,0.0,PLN
SO-2024-012865,4,2024-09-28,2024-09-28,PL-LDZ-01,C004528,VM-APP-0002,1,431.19,0.0,PLN
SO-2024-012866,1,2024-09-28,2024-09-29,PL-WEB-01,C006634,VM-ACC-0002,2,597.79,0.0,PLN
SO-2024-012867,1,2024-09-28,2024-10-01,PL-WEB-01,C008753,VM-APP-0011,1,401.79,0.0,PLN
SO-2024-012868,1,2024-09-28,2024-09-29,PL-WEB-01,C011241,VM-BIK-0012,1,11573.79,0.0,PLN
SO-2024-012869,1,2024-09-28,2024-09-29,PL-WEB-01,C009133,VM-APP-0006,2,303.79,0.0,PLN
SO-2024-012869,2,2024-09-28,2024-09-29,PL-WEB-01,C009133,VM-BIK-0002,1,9437.39,0.0,PLN
SO-2024-012869,3,2024-09-28,2024-09-29,PL-WEB-01,C009133,VM-BIK-0019,1,1185.79,0.0,PLN
SO-2024-012870,1,2024-09-28,2024-09-30,PL-WEB-01,C010687,VM-NUT-0004,9,6.85,0.05,PLN
SO-2024-012871,1,2024-09-28,2024-10-02,PL-WEB-01,C011242,VM-CMP-0013,2,519.39,0.0,PLN
SO-2024-012871,2,2024-09-28,2024-10-02,PL-WEB-01,C011242,VM-ACC-0015,1,342.99,0.0,PLN
SO-2024-012872,1,2024-09-28,2024-10-02,PL-WEB-01,C011243,VM-NUT-0009,4,83.29,0.0,PLN
SO-2024-012872,2,2024-09-28,2024-10-02,PL-WEB-01,C011243,VM-CMP-0017,1,489.99,0.0,PLN
SO-2024-012873,1,2024-09-28,2024-10-02,PL-WEB-01,C009424,VM-NUT-0010,6,34.29,0.08,PLN
SO-2024-012874,1,2024-09-28,2024-10-02,PL-MKT-01,C008828,VM-NUT-0002,7,14.69,0.0,PLN
SO-2024-012875,1,2024-09-28,2024-10-01,PL-MKT-01,C011244,VM-EBK-0010,1,13220.19,0.0,PLN
SO-2024-012875,2,2024-09-28,2024-10-01,PL-MKT-01,C011244,VM-ACC-0007,1,352.79,0.0,PLN
SO-2024-012875,3,2024-09-28,2024-10-01,PL-MKT-01,C011244,VM-ACC-0018,3,48.99,0.0,PLN
SO-2024-012876,1,2024-09-28,2024-10-02,PL-MKT-01,C008795,VM-NUT-0003,15,10.77,0.0,PLN
SO-2024-012876,2,2024-09-28,2024-10-02,PL-MKT-01,C008795,VM-NUT-0010,1,34.29,0.0,PLN
SO-2024-012877,1,2024-09-28,2024-10-02,PL-MKT-01,C011245,VM-NUT-0007,3,12.73,0.0,PLN
SO-2024-012878,1,2024-09-28,2024-09-28,CZ-PRG-01,C009947,VM-APP-0002,2,2446.0,0.0,CZK
SO-2024-012878,2,2024-09-28,2024-09-28,CZ-PRG-01,C009947,VM-APP-0012,1,4836.0,0.0,CZK
SO-2024-012879,1,2024-09-28,2024-09-28,CZ-PRG-01,C004785,VM-APP-0002,2,2446.0,0.0,CZK
SO-2024-012879,2,2024-09-28,2024-09-28,CZ-PRG-01,C004785,VM-EBK-0001,1,42635.0,0.15,CZK
SO-2024-012880,1,2024-09-28,2024-09-28,CZ-BRN-01,C010153,VM-NUT-0006,12,56.0,0.0,CZK
SO-2024-012880,2,2024-09-28,2024-09-28,CZ-BRN-01,C010153,VM-ACC-0011,1,400.0,0.0,CZK
SO-2024-012881,1,2024-09-28,2024-09-30,CZ-WEB-01,C011246,VM-ACC-0008,1,2223.0,0.05,CZK
SO-2024-012881,2,2024-09-28,2024-09-30,CZ-WEB-01,C011246,VM-EBK-0003,1,50529.0,0.05,CZK
SO-2024-012882,1,2024-09-28,2024-10-01,CZ-WEB-01,C006828,VM-APP-0018,2,723.0,0.0,CZK
SO-2024-012883,1,2024-09-28,2024-09-28,DE-BER-01,,VM-ACC-0008,1,91.4,0.0,EUR
SO-2024-012883,2,2024-09-28,2024-09-28,DE-BER-01,,VM-NUT-0006,11,2.28,0.0,EUR
SO-2024-012884,1,2024-09-28,2024-09-28,DE-BER-01,,VM-BIK-0008,1,1213.37,0.15,EUR
SO-2024-012885,1,2024-09-28,2024-09-28,DE-BER-01,,VM-ACC-0008,1,91.4,0.0,EUR
SO-2024-012885,2,2024-09-28,2024-09-28,DE-BER-01,,VM-NUT-0009,1,19.42,0.0,EUR
SO-2024-012886,1,2024-09-28,2024-09-30,DE-WEB-01,C011247,VM-APP-0001,1,105.11,0.0,EUR
SO-2024-012886,2,2024-09-28,2024-09-30,DE-WEB-01,C011247,VM-CMP-0016,1,562.13,0.0,EUR
SO-2024-012887,1,2024-09-28,2024-09-30,DE-WEB-01,C011248,vm-bik-0014,1,875.18,0.0,EUR
SO-2024-012887,2,2024-09-28,2024-09-30,DE-WEB-01,C011248,VM-ACC-0018,3,11.42,0.0,EUR
SO-2024-012888,1,2024-09-28,2024-10-01,DE-WEB-01,C008672,VM-ACC-0010,2,57.12,0.0,EUR
SO-2024-012889,1,2024-09-28,2024-10-01,DE-WEB-01,C003608,VM-EBK-0001,1,1752.65,0.15,EUR
SO-2024-012890,1,2024-09-28,2024-10-01,DE-WEB-01,C011249,VM-NUT-0006,9,2.28,0.0,EUR
SO-2024-012890,2,2024-09-28,2024-10-01,DE-WEB-01,C011249,VM-CMP-0019,1,47.98,0.0,EUR
SO-2024-012891,1,2024-09-29,2024-10-03,PL-WEB-01,C011250,VM-ACC-0003,1,284.19,0.0,PLN
SO-2024-012891,2,2024-09-29,2024-10-03,PL-WEB-01,C011250,VM-NUT-0009,1,83.29,0.0,PLN
SO-2024-012892,1,2024-09-29,2024-10-01,PL-WEB-01,C011251,VM-APP-0002,2,431.19,0.0,PLN
SO-2024-012893,1,2024-09-29,2024-10-01,PL-WEB-01,C011252,VM-BIK-0008,1,5203.79,0.1,PLN
SO-2024-012894,1,2024-09-29,2024-10-01,PL-WEB-01,C011253,VM-NUT-0002,11,14.69,0.0,PLN
SO-2024-012895,1,2024-09-29,2024-10-02,PL-WEB-01,C008650,VM-ACC-0008,1,391.99,0.0,PLN
SO-2024-012896,1,2024-09-29,2024-10-02,PL-WEB-01,C009735,VM-NUT-0004,8,6.85,0.0,PLN
SO-2024-012897,1,2024-09-29,2024-10-01,PL-WEB-01,C007296,VM-BIK-0017,1,1871.79,0.1,PLN
SO-2024-012897,2,2024-09-29,2024-10-01,PL-WEB-01,C007296,VM-ACC-0007,1,352.79,0.0,PLN
SO-2024-012898,1,2024-09-29,2024-09-30,PL-WEB-01,C011254,VM-APP-0001,3,450.79,0.12,PLN
SO-2024-012898,2,2024-09-29,2024-09-30,PL-WEB-01,C011254,VM-BIK-0011,3,8476.99,0.2,PLN
SO-2024-012899,1,2024-09-29,2024-10-03,PL-WEB-01,C011156,VM-NUT-0009,4,83.29,0.1,PLN
SO-2024-012899,2,2024-09-29,2024-10-03,PL-WEB-01,C011156,VM-BIK-0014,1,3753.39,0.0,PLN
SO-2024-012899,3,2024-09-29,2024-10-03,PL-WEB-01,C011156,VM-APP-0019,2,64.67,0.0,PLN
SO-2024-012900,1,2024-09-29,2024-10-01,PL-WEB-01,C011255,VM-EBK-0003,1,8908.19,0.0,PLN
SO-2024-012901,1,2024-09-29,2024-10-03,PL-WEB-01,C009647,VM-CMP-0009,1,342.99,0.0,PLN
SO-2024-012902,1,2024-09-29,2024-10-03,PL-WEB-01,C011256,VM-ACC-0014,1,107.79,0.0,PLN
SO-2024-012903,1,2024-09-29,2024-09-30,PL-WEB-01,C002831,VM-NUT-0011,3,52.91,0.0,PLN
SO-2024-012903,2,2024-09-29,2024-09-30,PL-WEB-01,C002831,VM-CMP-0015,2,901.59,0.0,PLN
SO-2024-012904,1,2024-09-29,2024-10-02,PL-MKT-01,C011257,VM-APP-0014,1,480.19,0.0,PLN
SO-2024-012904,2,2024-09-29,2024-10-02,PL-MKT-01,C011257,VM-CMP-0005,2,1450.39,0.0,PLN
SO-2024-012905,1,2024-09-29,2024-09-30,PL-MKT-01,C004985,VM-EBK-0007,5,14405.99,0.1,PLN
SO-2024-012906,1,2024-09-29,2024-10-03,PL-MKT-01,C005290,VM-NUT-0003,10,10.77,0.0,PLN
SO-2024-012907,1,2024-09-29,2024-10-02,PL-MKT-01,C009682,VM-CMP-0012,2,529.19,0.0,PLN
SO-2024-012908,1,2024-09-29,2024-10-01,PL-MKT-01,C011258,VM-BIK-0015,1,3028.19,0.0,PLN
SO-2024-012908,2,2024-09-29,2024-10-01,PL-MKT-01,C011258,VM-ACC-0001,1,372.39,0.0,PLN
SO-2024-012908,3,2024-09-29,2024-10-01,PL-MKT-01,C011258,VM-ACC-0017,2,56.83,0.0,PLN
SO-2024-012909,1,2024-09-29,2024-10-03,PL-MKT-01,C009959,VM-APP-0001,1,450.79,0.0,PLN
SO-2024-012909,2,2024-09-29,2024-10-03,PL-MKT-01,C009959,VM-CMP-0009,1,342.99,0.0,PLN
SO-2024-012909,3,2024-09-29,2024-10-03,PL-MKT-01,C009959,VM-CMP-0017,1,489.99,0.05,PLN
SO-2024-012910,1,2024-09-29,2024-10-01,PL-MKT-01,C011259,VM-ACC-0019,2,48.99,0.0,PLN
SO-2024-012910,2,2024-09-29,2024-10-01,PL-MKT-01,C011259,VM-BIK-0001,1,13416.19,0.0,PLN
SO-2024-012911,1,2024-09-29,2024-10-03,PL-MKT-01,C011260,VM-ACC-0010,1,244.99,0.05,PLN
SO-2024-012911,2,2024-09-29,2024-10-03,PL-MKT-01,C011260,VM-CMP-0023,2,57.81,0.05,PLN
SO-2024-012911,3,2024-09-29,2024-10-03,PL-MKT-01,C011260,VM-ACC-0007,2,352.79,0.05,PLN
SO-2024-012912,1,2024-09-29,2024-09-29,CZ-PRG-01,,VM-ACC-0014,1,611.0,0.0,CZK
SO-2024-012913,1,2024-09-29,2024-10-03,CZ-WEB-01,C011261,VM-ACC-0007,1,2001.0,0.0,CZK
SO-2024-012914,1,2024-09-29,2024-10-01,CZ-WEB-01,C011262,VM-ACC-0001,1,2112.0,0.0,CZK
SO-2024-012914,2,2024-09-29,2024-10-01,CZ-WEB-01,C011262,VM-APP-0002,2,2446.0,0.0,CZK
SO-2024-012915,1,2024-09-29,2024-10-01,CZ-WEB-01,C006811,VM-ACC-0008,2,2223.0,0.0,CZK
SO-2024-012915,2,2024-09-29,2024-10-01,CZ-WEB-01,C006811,VM-BIK-0013,1,26682.0,0.0,CZK
SO-2024-012915,3,2024-09-29,2024-10-01,CZ-WEB-01,C006811,VM-APP-0002,3,2446.0,0.0,CZK
SO-2024-012916,1,2024-09-29,2024-10-03,CZ-WEB-01,C011263,VM-BIK-0016,3,19956.0,0.2,CZK
SO-2024-012917,1,2024-09-29,2024-10-01,CZ-WEB-01,C009167,VM-APP-0001,1,2557.0,0.0,CZK
SO-2024-012918,1,2024-09-29,2024-10-03,CZ-WEB-01,C008817,VM-EBK-0008,1,83936.0,0.0,CZK
SO-2024-012919,1,2024-09-29,2024-10-01,DE-WEB-01,C009143,VM-NUT-0009,1,19.42,0.05,EUR
SO-2024-012920,1,2024-09-29,2024-10-03,DE-WEB-01,C006178,VM-NUT-0001,13,2.05,0.0,EUR
SO-2024-012920,2,2024-09-29,2024-10-03,DE-WEB-01,C006178,VM-APP-0002,3,100.54,0.0,EUR
SO-2024-012920,3,2024-09-29,2024-10-03,DE-WEB-01,C006178,VM-NUT-0009,4,19.42,0.0,EUR
SO-2024-012921,1,2024-09-29,2024-10-03,DE-WEB-01,C004135,VM-ACC-0008,1,91.4,0.1,EUR
SO-2024-012922,1,2024-09-29,2024-10-03,DE-WEB-01,C006907,VM-CMP-0010,1,89.12,0.0,EUR
SO-2024-012922,2,2024-09-29,2024-10-03,DE-WEB-01,C006907,VM-NUT-0010,2,8.0,0.0,EUR
SO-2024-012922,3,2024-09-29,2024-10-03,DE-WEB-01,C006907,VM-APP-0005,2,41.13,0.0,EUR
SO-2024-012923,1,2024-09-29,2024-10-02,DE-WEB-01,C007012,VM-BIK-0020,1,276.49,0.0,EUR
SO-2024-012924,1,2024-09-29,2024-10-03,DE-WEB-01,C000785,VM-EBK-0003,1,2077.13,0.2,EUR
SO-2024-012924,2,2024-09-29,2024-10-03,DE-WEB-01,C000785,VM-NUT-0004,6,1.6,0.0,EUR
SO-2024-012925,1,2024-09-29,2024-09-30,DE-WEB-01,C007640,VM-ACC-0008,2,91.4,0.0,EUR
SO-2024-012925,2,2024-09-29,2024-09-30,DE-WEB-01,C007640,VM-CMP-0006,1,45.7,0.0,EUR
SO-2024-012926,1,2024-09-30,2024-09-30,PL-WAW-01,C011264,VM-NUT-0007,8,12.73,0.0,PLN
SO-2024-012927,1,2024-09-30,2024-09-30,PL-WAW-01,C007202,VM-APP-0007,2,156.79,0.05,PLN
SO-2024-012927,2,2024-09-30,2024-09-30,PL-WAW-01,C007202,VM-NUT-0011,3,52.91,0.05,PLN
SO-2024-012928,1,2024-09-30,2024-09-30,PL-WAW-01,C011265,VM-ACC-0002,1,597.79,0.0,PLN
SO-2024-012928,2,2024-09-30,2024-09-30,PL-WAW-01,C011265,VM-NUT-0003,11,10.77,0.1,PLN
SO-2024-012929,1,2024-09-30,2024-09-30,PL-WAW-02,C007922,VM-CMP-0006,2,195.99,0.0,PLN
SO-2024-012930,1,2024-09-30,2024-09-30,PL-WAW-02,,VM-CMP-0001,2,391.99,0.0,PLN
SO-2024-012931,1,2024-09-30,2024-09-30,PL-WAW-02,C010322,VM-BIK-0009,1,5527.19,0.2,PLN
SO-2024-012932,1,2024-09-30,2024-09-30,PL-KRK-01,C011266,VM-CMP-0001,1,391.99,0.0,PLN
SO-2024-012933,1,2024-09-30,2024-09-30,PL-KRK-01,C011267,VM-APP-0002,2,431.19,0.0,PLN
SO-2024-012933,2,2024-09-30,2024-09-30,PL-KRK-01,C011267,VM-BIK-0009,1,5527.19,0.1,PLN
SO-2024-012934,1,2024-09-30,2024-09-30,PL-KRK-01,,VM-NUT-0003,9,10.77,0.0,PLN
SO-2024-012934,2,2024-09-30,2024-09-30,PL-KRK-01,,VM-ACC-0019,3,48.99,0.0,PLN
SO-2024-012935,1,2024-09-30,2024-09-30,PL-WRO-01,C011268,VM-APP-0008,2,156.79,0.0,PLN
SO-2024-012936,1,2024-09-30,2024-09-30,PL-WRO-01,C011269,VM-ACC-0004,2,764.39,0.0,PLN
SO-2024-012937,1,2024-09-30,2024-09-30,PL-GDN-01,C011270,VM-NUT-0002,6,14.69,0.0,PLN
SO-2024-012938,1,2024-09-30,2024-09-30,PL-GDN-01,C007459,VM-APP-0007,2,156.79,0.0,PLN
SO-2024-012938,2,2024-09-30,2024-09-30,PL-GDN-01,C007459,VM-ACC-0008,1,391.99,0.0,PLN
SO-2024-012939,1,2024-09-30,2024-09-30,PL-GDN-01,,VM-APP-0008,1,156.79,0.0,PLN
SO-2024-012939,2,2024-09-30,2024-09-30,PL-GDN-01,,VM-CMP-0017,2,489.99,0.0,PLN
SO-2024-012940,1,2024-09-30,2024-09-30,PL-GDN-01,C011099,VM-CMP-0020,4,254.79,0.05,PLN
SO-2024-012940,2,2024-09-30,2024-09-30,PL-GDN-01,C011099,VM-BIK-0001,1,13416.19,0.05,PLN
SO-2024-012941,1,2024-09-30,2024-09-30,PL-GDN-01,C008858,VM-BIK-0006,1,6458.19,0.0,PLN
SO-2024-012942,1,2024-09-30,2024-09-30,PL-POZ-01,C006248,VM-NUT-0001,18,8.81,0.1,PLN
SO-2024-012942,2,2024-09-30,2024-09-30,PL-POZ-01,C006248,VM-APP-0011,10,401.79,0.1,PLN
SO-2024-012942,3,2024-09-30,2024-09-30,PL-POZ-01,C006248,VM-EBK-0011,4,14347.19,0.15,PLN
SO-2024-012943,1,2024-09-30,2024-09-30,PL-LDZ-01,C009579,VM-CMP-0003,8,235.19,0.1,PLN
SO-2024-012943,2,2024-09-30,2024-09-30,PL-LDZ-01,C009579,VM-NUT-0009,4,83.29,0.1,PLN
SO-2024-012944,1,2024-09-30,2024-09-30,PL-LDZ-01,C011271,VM-BIK-0021,1,1224.99,0.0,PLN
SO-2024-012945,1,2024-09-30,2024-09-30,PL-LDZ-01,C011272,VM-BIK-0016,1,3518.19,0.0,PLN
SO-2024-012946,1,2024-09-30,2024-10-03,PL-WEB-01,C011273,VM-BIK-0004,1,4184.59,0.0,PLN
SO-2024-012947,1,2024-09-30,2024-10-02,PL-WEB-01,C011274,VM-NUT-0001,12,8.81,0.05,PLN
SO-2024-012948,1,2024-09-30,2024-10-02,PL-WEB-01,C001111,VM-ACC-0018,3,48.99,0.0,PLN
SO-2024-012949,1,2024-09-30,2024-10-04,PL-WEB-01,C011275,VM-ACC-0003,1,284.19,0.05,PLN
SO-2024-012949,2,2024-09-30,2024-10-04,PL-WEB-01,C011275,VM-APP-0008,2,156.79,0.05,PLN
SO-2024-012949,3,2024-09-30,2024-10-04,PL-WEB-01,C011275,VM-CMP-0005,2,1450.39,0.05,PLN
SO-2024-012949,4,2024-09-30,2024-10-04,PL-WEB-01,C011275,VM-BIK-0013,1,4703.99,0.1,PLN
SO-2024-012950,1,2024-09-30,2024-10-02,PL-WEB-01,C010942,VM-BIK-0008,1,5203.79,0.05,PLN
SO-2024-012951,1,2024-09-30,2024-10-02,PL-WEB-01,C011276,VM-APP-0010,2,166.59,0.05,PLN
SO-2024-012951,2,2024-09-30,2024-10-02,PL-WEB-01,C011276,VM-APP-0008,2,156.79,0.05,PLN
SO-2024-012952,1,2024-09-30,2024-10-01,PL-WEB-01,C011277,VM-ACC-0018,1,48.99,0.0,PLN
SO-2024-012953,1,2024-09-30,2024-10-01,PL-WEB-01,C005812,vm-acc-0008,2,391.99,0.0,PLN
SO-2024-012953,2,2024-09-30,2024-10-01,PL-WEB-01,C005812,VM-APP-0001,1,450.79,0.0,PLN
SO-2024-012953,3,2024-09-30,2024-10-01,PL-WEB-01,C005812,VM-APP-0008,2,156.79,0.0,PLN
SO-2024-012954,1,2024-09-30,2024-10-02,PL-WEB-01,C011278,VM-BIK-0006,1,6458.19,0.05,PLN
SO-2024-012954,2,2024-09-30,2024-10-02,PL-WEB-01,C011278,VM-ACC-0017,1,56.83,0.05,PLN
SO-2024-012954,3,2024-09-30,2024-10-02,PL-WEB-01,C011278,VM-APP-0010,1,166.59,0.05,PLN
SO-2024-012954,4,2024-09-30,2024-10-02,PL-WEB-01,C011278,VM-ACC-0003,2,284.19,0.05,PLN
SO-2024-012955,1,2024-09-30,2024-10-02,PL-WEB-01,C000901,VM-CMP-0013,2,519.39,0.0,PLN
SO-2024-012955,2,2024-09-30,2024-10-02,PL-WEB-01,C000901,VM-ACC-0008,2,391.99,0.0,PLN
SO-2024-012956,1,2024-09-30,2024-10-03,PL-WEB-01,C001083,VM-BIK-0002,1,9437.39,0.05,PLN
SO-2024-012956,2,2024-09-30,2024-10-03,PL-WEB-01,C001083,VM-APP-0014,1,480.19,0.05,PLN
SO-2024-012957,1,2024-09-30,2024-10-04,PL-WEB-01,C004448,VM-EBK-0001,1,7516.59,0.15,PLN
SO-2024-012957,2,2024-09-30,2024-10-04,PL-WEB-01,C004448,VM-NUT-0010,2,34.29,0.0,PLN
SO-2024-012958,1,2024-09-30,2024-10-02,PL-WEB-01,C009719,VM-NUT-0010,3,34.29,0.0,PLN
SO-2024-012959,1,2024-09-30,2024-10-02,PL-MKT-01,C011279,VM-ACC-0019,2,48.99,0.0,PLN
SO-2024-012959,2,2024-09-30,2024-10-02,PL-MKT-01,C011279,VM-ACC-0008,2,391.99,0.1,PLN
SO-2024-012960,1,2024-09-30,2024-10-02,PL-MKT-01,C007659,VM-ACC-0011,2,70.55,0.0,PLN
SO-2024-012961,1,2024-09-30,2024-10-03,PL-MKT-01,C009889,VM-APP-0001,3,450.79,0.0,PLN
SO-2024-012961,2,2024-09-30,2024-10-03,PL-MKT-01,C009889,VM-APP-0007,2,156.79,0.0,PLN
SO-2024-012962,1,2024-09-30,2024-09-30,CZ-PRG-01,,VM-CMP-0017,2,2779.0,0.0,CZK
SO-2024-012963,1,2024-09-30,2024-09-30,CZ-PRG-01,,VM-ACC-0001,1,2112.0,0.0,CZK
SO-2024-012964,1,2024-09-30,2024-09-30,CZ-PRG-01,C011280,VM-APP-0018,1,723.0,0.0,CZK
SO-2024-012965,1,2024-09-30,2024-09-30,CZ-PRG-01,C011281,VM-CMP-0012,1,3002.0,0.0,CZK
SO-2024-012965,2,2024-09-30,2024-09-30,CZ-PRG-01,C011281,VM-APP-0002,2,2446.0,0.0,CZK
SO-2024-012966,1,2024-09-30,2024-09-30,DE-BER-01,C006551,VM-NUT-0002,5,3.43,0.05,EUR
SO-2024-012966,2,2024-09-30,2024-09-30,DE-BER-01,C006551,VM-ACC-0008,2,91.4,0.05,EUR
SO-2024-012967,1,2024-09-30,2024-10-02,DE-WEB-01,C003690,VM-CMP-0013,1,121.11,0.0,EUR
SO-2024-012968,1,2024-09-30,2024-10-04,DE-WEB-01,C011282,VM-CMP-0006,2,45.7,0.0,EUR
SO-2024-012968,2,2024-09-30,2024-10-04,DE-WEB-01,C011282,VM-NUT-0011,4,12.34,0.0,EUR
