OrderID,LineNo,OrderDate,ShipDate,StoreID,CustomerID,SKU,Quantity,UnitPrice,DiscountPct,Currency
SO-2026-003390,1,2026-04-01,2026-04-01,PL-WAW-01,C020645,VM-CMP-0009,2,356.29,0.0,PLN
SO-2026-003400,2,2026-04-01,2026-04-01,PL-WRO-01,C020648,VM-ACC-0017,2,59.03,0.0,PLN
SO-2026-003606,1,2026-04-04,2026-04-04,PL-WRO-01,C018944,VM-APP-0012,1,885.65,0.05,PLN
SO-2026-003696,2,2026-04-05,2026-04-06,CZ-WEB-01,C020735,VM-ACC-0010,1,1468.0,0.0,CZK
SO-2026-003796,1,2026-04-07,2026-04-07,PL-WRO-01,C010393,VM-ACC-0004,1,794.03,0.0,PLN
SO-2026-003874,3,2026-04-08,2026-04-08,PL-KRK-01,C018460,VM-ACC-0008,4,407.19,0.08,PLN
SO-2026-003941,1,2026-04-09,2026-04-09,PL-WAW-01,C020807,VM-BIK-0001,1,13936.41,0.0,PLN
SO-2026-004106,2,2026-04-11,2026-04-11,PL-WAW-01,C007807,VM-CMP-0012,1,549.71,0.05,PLN
SO-2026-004261,1,2026-04-13,2026-04-13,PL-LDZ-01,C019646,VM-EBK-0002,1,10129.09,0.05,PLN
SO-2026-004685,3,2026-04-19,2026-04-21,CZ-WEB-01,C021060,VM-NUT-0002,10,88.0,0.0,CZK
SO-2026-004691,2,2026-04-20,2026-04-20,PL-WAW-01,,VM-ACC-0019,1,50.89,0.0,PLN
SO-2026-005058,3,2026-04-25,2026-04-25,PL-KRK-01,C021191,VM-CMP-0005,2,1506.63,0.0,PLN
SO-2026-005184,2,2026-04-27,2026-05-01,PL-WEB-01,C021234,VM-APP-0010,1,173.05,0.05,PLN
SO-2026-005279,1,2026-04-28,2026-04-29,CZ-WEB-01,C016681,VM-BIK-0006,1,38689.0,0.0,CZK
SO-2026-005432,1,2026-05-01,2026-05-01,PL-WAW-01,C021325, VM-ACC-0013 ,1,173.05,0.0,PLN
SO-2026-005433,1,2026-05-01,2026-05-01,PL-WAW-01,C008658,VM-BIK-0012,1,12022.57,0.0,PLN
SO-2026-005434,1,2026-05-01,2026-05-01,PL-WAW-01,C012545,VM-EBK-0008,1,15371.79,0.0,PLN
SO-2026-005434,2,2026-05-01,2026-05-01,PL-WAW-01,C012545,VM-ACC-0016,3,29.51,0.0,PLN
SO-2026-005435,1,2026-05-01,2026-05-01,PL-WAW-01,,VM-ACC-0001,1,386.83,0.0,PLN
SO-2026-005435,2,2026-05-01,2026-05-01,PL-WAW-01,,VM-CMP-0013,2,539.53,0.0,PLN
SO-2026-005436,1,2026-05-01,2026-05-01,PL-WAW-01,,VM-APP-0018,1,132.33,0.0,PLN
SO-2026-005437,1,2026-05-01,2026-05-01,PL-WAW-01,C020072,VM-BIK-0021,1,1272.49,0.1,PLN
SO-2026-005437,2,2026-05-01,2026-05-01,PL-WAW-01,C020072,VM-ACC-0008,1,407.19,0.0,PLN
SO-2026-005437,3,2026-05-01,2026-05-01,PL-WAW-01,C020072,VM-NUT-0008,11,10.17,0.0,PLN
SO-2026-005437,4,2026-05-01,2026-05-01,PL-WAW-01,C020072,VM-ACC-0014,1,111.97,0.0,PLN
SO-2026-005438,1,2026-05-01,2026-05-01,PL-WAW-01,C021326,VM-APP-0010,1,173.05,0.05,PLN
SO-2026-005439,1,2026-05-01,2026-05-01,PL-WAW-01,C021327,VM-ACC-0017,2,59.03,0.0,PLN
SO-2026-005439,2,2026-05-01,2026-05-01,PL-WAW-01,C021327,VM-BIK-0009,1,5741.51,0.0,PLN
SO-2026-005440,1,2026-05-01,2026-05-01,PL-WAW-01,,VM-ACC-0008,2,407.19,0.0,PLN
SO-2026-005440,2,2026-05-01,2026-05-01,PL-WAW-01,,VM-CMP-0006,2,203.59,0.0,PLN
SO-2026-005441,1,2026-05-01,2026-05-01,PL-WAW-01,C010542,VM-APP-0013,1,447.91,0.0,PLN
SO-2026-005441,2,2026-05-01,2026-05-01,PL-WAW-01,C010542,VM-ACC-0021,1,794.03,0.0,PLN
SO-2026-005442,1,2026-05-01,2026-05-01,PL-WAW-02,,VM-ACC-0007,1,366.47,0.0,PLN
SO-2026-005442,2,2026-05-01,2026-05-01,PL-WAW-02,,VM-BIK-0001,1,13936.41,0.0,PLN
SO-2026-005443,1,2026-05-01,2026-05-01,PL-WAW-02,C021328,VM-BIK-0021,1,1272.49,0.0,PLN
SO-2026-005444,1,2026-05-01,2026-05-01,PL-WAW-02,C021329,VM-EBK-0004,1,11279.43,0.0,PLN
SO-2026-005444,2,2026-05-01,2026-05-01,PL-WAW-02,C021329,VM-BIK-0007,1,7176.89,0.0,PLN
SO-2026-005445,1,2026-05-01,2026-05-01,PL-WAW-02,C021330,VM-APP-0013,1,447.91,0.0,PLN
SO-2026-005445,2,2026-05-01,2026-05-01,PL-WAW-02,C021330,VM-BIK-0003,1,6657.71,0.0,PLN
SO-2026-005446,1,2026-05-01,2026-05-01,PL-WAW-02,C010563,VM-ACC-0008,1,407.19,0.0,PLN
SO-2026-005447,1,2026-05-01,2026-05-01,PL-KRK-01,,VM-BIK-0004,1,4346.85,0.0,PLN
SO-2026-005447,2,2026-05-01,2026-05-01,PL-KRK-01,,VM-ACC-0004,2,794.03,0.0,PLN
SO-2026-005447,3,2026-05-01,2026-05-01,PL-KRK-01,,VM-ACC-0019,3,50.89,0.0,PLN
SO-2026-005447,4,2026-05-01,2026-05-01,PL-KRK-01,,VM-BIK-0019,1,1231.77,0.0,PLN
SO-2026-005448,1,2026-05-01,2026-05-01,PL-KRK-01,,VM-ACC-0005,2,183.23,0.0,PLN
SO-2026-005449,1,2026-05-01,2026-05-01,PL-KRK-01,C018141,VM-ACC-0018,6,50.89,0.08,PLN
SO-2026-005450,1,2026-05-01,2026-05-01,PL-KRK-01,C018852,VM-CMP-0009,1,356.29,0.1,PLN
SO-2026-005451,1,2026-05-01,2026-05-01,PL-KRK-01,,VM-NUT-0009,1,86.52,0.0,PLN
SO-2026-005452,1,2026-05-01,2026-05-01,PL-KRK-01,C021331,VM-NUT-0003,9,11.19,0.0,PLN
SO-2026-005453,1,2026-05-01,2026-05-01,PL-KRK-01,C014739,VM-APP-0008,1,162.87,0.05,PLN
SO-2026-005453,2,2026-05-01,2026-05-01,PL-KRK-01,C014739,VM-APP-0014,1,498.81,0.05,PLN
SO-2026-005454,1,2026-05-01,2026-05-01,PL-KRK-01,C019983,VM-APP-0018,1,132.33,0.0,PLN
SO-2026-005454,2,2026-05-01,2026-05-01,PL-KRK-01,C019983,VM-NUT-0008,3,10.17,0.0,PLN
SO-2026-005455,1,2026-05-01,2026-05-01,PL-KRK-01,,VM-EBK-0011,1,14903.51,0.0,PLN
SO-2026-005455,2,2026-05-01,2026-05-01,PL-KRK-01,,vm-acc-0007,1,366.47,0.0,PLN
SO-2026-005455,3,2026-05-01,2026-05-01,PL-KRK-01,,VM-ACC-0008,2,407.19,0.0,PLN
SO-2026-005456,1,2026-05-01,2026-05-01,PL-KRK-01,C021332,VM-EBK-0005,2,17764.09,0.12,PLN
SO-2026-005457,1,2026-05-01,2026-05-01,PL-KRK-01,C021333,VM-BIK-0012,1,12022.57,0.0,PLN
SO-2026-005458,1,2026-05-01,2026-05-01,PL-WRO-01,C013841,VM-CMP-0009,2,356.29,0.0,PLN
SO-2026-005458,2,2026-05-01,2026-05-01,PL-WRO-01,C013841,VM-APP-0002,1,447.91,0.0,PLN
SO-2026-005459,1,2026-05-01,2026-05-01,PL-WRO-01,C020646,VM-APP-0017,1,193.41,0.0,PLN
SO-2026-005459,2,2026-05-01,2026-05-01,PL-WRO-01,C020646,VM-ACC-0012,1,73.29,0.0,PLN
SO-2026-005459,3,2026-05-01,2026-05-01,PL-WRO-01,C020646,VM-APP-0002,3,447.91,0.0,PLN
SO-2026-005460,1,2026-05-01,2026-05-01,PL-WRO-01,C021334,VM-BIK-0009,1,5741.51,0.0,PLN
SO-2026-005461,1,2026-05-01,2026-05-01,PL-WRO-01,C020329,VM-EBK-0009,1,10088.37,0.0,PLN
SO-2026-005461,2,2026-05-01,2026-05-01,PL-WRO-01,C020329,VM-APP-0002,1,447.91,0.0,PLN
SO-2026-005462,1,2026-05-01,2026-05-01,PL-WRO-01,C011764,VM-BIK-0012,1,12022.57,0.05,PLN
SO-2026-005463,1,2026-05-01,2026-05-01,PL-WRO-01,C021335,VM-ACC-0008,1,407.19,0.0,PLN
SO-2026-005464,1,2026-05-01,2026-05-01,PL-WRO-01,C021336,VM-APP-0012,1,885.65,0.0,PLN
SO-2026-005464,2,2026-05-01,2026-05-01,PL-WRO-01,C021336,VM-ACC-0007,2,366.47,0.0,PLN
SO-2026-005465,1,2026-05-01,2026-05-01,PL-WRO-01,C021337,VM-ACC-0004,2,794.03,0.0,PLN
SO-2026-005465,2,2026-05-01,2026-05-01,PL-WRO-01,C021337,VM-BIK-0009,1,5741.51,0.0,PLN
SO-2026-005465,3,2026-05-01,2026-05-01,PL-WRO-01,C021337,VM-CMP-0020,3,264.67,0.0,PLN
SO-2026-005465,4,2026-05-01,2026-05-01,PL-WRO-01,C021337,VM-CMP-0013,2,539.53,0.1,PLN
SO-2026-005466,1,2026-05-01,2026-05-01,PL-GDN-01,,VM-APP-0008,2,162.87,0.0,PLN
SO-2026-005466,2,2026-05-01,2026-05-01,PL-GDN-01,,VM-CMP-0011,1,162.87,0.0,PLN
SO-2026-005467,1,2026-05-01,2026-05-01,PL-GDN-01,C018250,VM-APP-0002,3,447.91,0.0,PLN
SO-2026-005467,2,2026-05-01,2026-05-01,PL-GDN-01,C018250,VM-BIK-0009,1,5741.51,0.05,PLN
SO-2026-005468,1,2026-05-01,2026-05-01,PL-GDN-01,,VM-ACC-0008,1,407.19,0.0,PLN
SO-2026-005468,2,2026-05-01,2026-05-01,PL-GDN-01,,VM-APP-0015,1,580.25,0.0,PLN
SO-2026-005468,3,2026-05-01,2026-05-01,PL-GDN-01,,VM-ACC-0020,1,824.57,0.0,PLN
SO-2026-005469,1,2026-05-01,2026-05-01,PL-GDN-01,C021338,VM-NUT-0002,11,15.26,0.0,PLN
SO-2026-005469,2,2026-05-01,2026-05-01,PL-GDN-01,C021338,VM-NUT-0001,14,9.15,0.0,PLN
SO-2026-005469,3,2026-05-01,2026-05-01,PL-GDN-01,C021338,VM-EBK-0009,1,10088.37,0.0,PLN
SO-2026-005469,4,2026-05-01,2026-05-01,PL-GDN-01,C021338,VM-APP-0006,1,315.57,0.0,PLN
SO-2026-005470,1,2026-05-01,2026-05-01,PL-POZ-01,C016574,VM-APP-0008,2,162.87,0.0,PLN
SO-2026-005471,1,2026-05-01,2026-05-01,PL-POZ-01,C019312,VM-BIK-0007,1,7176.89,0.0,PLN
SO-2026-005471,2,2026-05-01,2026-05-01,PL-POZ-01,C019312,VM-ACC-0008,2,407.19,0.0,PLN
SO-2026-005472,1,2026-05-01,2026-05-01,PL-POZ-01,C021339,VM-ACC-0020,1,824.57,0.0,PLN
SO-2026-005472,2,2026-05-01,2026-05-01,PL-POZ-01,C021339,VM-BIK-0009,1,5741.51,0.0,PLN
SO-2026-005473,1,2026-05-01,2026-05-01,PL-LDZ-01,C018099,VM-CMP-0007,2,641.33,0.0,PLN
SO-2026-005474,1,2026-05-01,2026-05-03,PL-WEB-01,C019075,VM-BIK-0006,1,6708.61,0.05,PLN
SO-2026-005475,1,2026-05-01,2026-05-04,PL-WEB-01,C013126, VM-ACC-0007 ,1,366.47,0.05,PLN
SO-2026-005476,1,2026-05-01,2026-05-03,PL-WEB-01,C021340,VM-NUT-0008,6,10.17,0.0,PLN
SO-2026-005476,2,2026-05-01,2026-05-03,PL-WEB-01,C021340,VM-EBK-0008,1,15371.79,0.0,PLN
SO-2026-005477,1,2026-05-01,2026-05-02,PL-WEB-01,C009741,VM-BIK-0017,1,1944.37,0.0,PLN
SO-2026-005478,1,2026-05-01,2026-05-05,PL-WEB-01,C021341,VM-EBK-0008,1,15371.79,0.05,PLN
SO-2026-005479,1,2026-05-01,2026-05-03,PL-WEB-01,C005111,VM-APP-0004,1,244.31,0.05,PLN
SO-2026-005480,1,2026-05-01,2026-05-04,PL-WEB-01,C010341,VM-NUT-0004,7,7.12,0.05,PLN
SO-2026-005481,1,2026-05-01,2026-05-03,PL-WEB-01,C021342,VM-NUT-0008,3,10.17,0.05,PLN
SO-2026-005481,2,2026-05-01,2026-05-03,PL-WEB-01,C021342,VM-BIK-0007,1,7176.89,0.05,PLN
SO-2026-005482,1,2026-05-01,2026-05-04,PL-WEB-01,C012362,VM-CMP-0008,5,447.91,0.08,PLN
SO-2026-005482,2,2026-05-01,2026-05-04,PL-WEB-01,C012362,VM-APP-0008,10,162.87,0.08,PLN
SO-2026-005482,3,2026-05-01,2026-05-04,PL-WEB-01,C012362,VM-ACC-0013,2,173.05,0.12,PLN
SO-2026-005482,4,2026-05-01,2026-05-04,PL-WEB-01,C012362,VM-APP-0002,10,447.91,0.1,PLN
SO-2026-005483,1,2026-05-01,2026-05-04,PL-WEB-01,C014609,VM-APP-0013,1,447.91,0.0,PLN
SO-2026-005484,1,2026-05-01,2026-05-03,PL-WEB-01,C021343,VM-CMP-0015,10,936.55,0.1,PLN
SO-2026-005485,1,2026-05-01,2026-05-05,PL-WEB-01,C021344,VM-EBK-0008,1,15371.79,0.0,PLN
SO-2026-005485,2,2026-05-01,2026-05-05,PL-WEB-01,C021344,VM-BIK-0010,1,6433.75,0.0,PLN
SO-2026-005486,1,2026-05-01,2026-05-05,PL-WEB-01,C015571,VM-APP-0005,3,183.23,0.0,PLN
SO-2026-005487,1,2026-05-01,2026-05-02,PL-WEB-01,C005646,VM-NUT-0009,1,86.52,0.05,PLN
SO-2026-005487,2,2026-05-01,2026-05-02,PL-WEB-01,C005646,VM-BIK-0002,1,9803.33,0.05,PLN
SO-2026-005487,3,2026-05-01,2026-05-02,PL-WEB-01,C005646,VM-ACC-0022,1,1598.25,0.05,PLN
SO-2026-005487,4,2026-05-01,2026-05-02,PL-WEB-01,C005646,VM-CMP-0007,2,641.33,0.05,PLN
SO-2026-005488,1,2026-05-01,2026-05-05,PL-WEB-01,C021121,VM-NUT-0011,2,54.96,0.0,PLN
SO-2026-005489,1,2026-05-01,2026-05-02,PL-WEB-01,C021345,VM-BIK-0019,1,1231.77,0.0,PLN
SO-2026-005489,2,2026-05-01,2026-05-02,PL-WEB-01,C021345,VM-EBK-0005,1,17764.09,0.0,PLN
SO-2026-005490,1,2026-05-01,2026-05-03,PL-WEB-01,C018355,VM-ACC-0002,2,620.97,0.0,PLN
SO-2026-005490,2,2026-05-01,2026-05-03,PL-WEB-01,C018355,VM-NUT-0004,6,7.12,0.0,PLN
SO-2026-005491,1,2026-05-01,2026-05-02,PL-WEB-01,C007509,VM-BIK-0019,1,1231.77,0.0,PLN
SO-2026-005492,1,2026-05-01,2026-05-03,PL-MKT-01,C015338,VM-EBK-0011,1,14903.51,0.0,PLN
SO-2026-005492,2,2026-05-01,2026-05-03,PL-MKT-01,C015338,VM-EBK-0004,1,11279.43,0.0,PLN
SO-2026-005492,3,2026-05-01,2026-05-03,PL-MKT-01,C015338,VM-ACC-0014,1,111.97,0.0,PLN
SO-2026-005493,1,2026-05-01,2026-05-03,PL-MKT-01,C019078,VM-BIK-0010,1,6433.75,0.0,PLN
SO-2026-005494,1,2026-05-01,2026-05-02,PL-MKT-01,C021346,VM-APP-0010,2,173.05,0.0,PLN
SO-2026-005495,1,2026-05-01,2026-05-03,PL-MKT-01,C013497, VM-APP-0007 ,2,162.87,0.0,PLN
SO-2026-005495,2,2026-05-01,2026-05-03,PL-MKT-01,C013497,VM-NUT-0011,4,54.96,0.0,PLN
SO-2026-005496,1,2026-05-01,2026-05-05,PL-MKT-01,C020743,VM-BIK-0004,1,4346.85,0.05,PLN
SO-2026-005497,1,2026-05-01,2026-05-05,PL-MKT-01,C021347,VM-APP-0008,1,162.87,0.0,PLN
SO-2026-005498,1,2026-05-01,2026-05-02,PL-MKT-01,C019861,VM-BIK-0009,1,5741.51,0.0,PLN
SO-2026-005499,1,2026-05-01,2026-05-03,PL-MKT-01,C008889,VM-BIK-0013,1,4886.39,0.0,PLN
SO-2026-005499,2,2026-05-01,2026-05-03,PL-MKT-01,C008889,VM-BIK-0016,1,3654.61,0.0,PLN
SO-2026-005499,3,2026-05-01,2026-05-03,PL-MKT-01,C008889,VM-APP-0002,3,447.91,0.0,PLN
SO-2026-005499,4,2026-05-01,2026-05-03,PL-MKT-01,C008889,VM-ACC-0014,1,111.97,0.0,PLN
SO-2026-005500,1,2026-05-01,2026-05-01,CZ-PRG-01,C017768,VM-BIK-0012,4,69294.0,0.12,CZK
SO-2026-005501,1,2026-05-01,2026-05-01,CZ-PRG-01,C019417,VM-EBK-0009,1,58146.0,0.05,CZK
SO-2026-005501,2,2026-05-01,2026-05-01,CZ-PRG-01,C019417,VM-ACC-0017,3,340.0,0.0,CZK
SO-2026-005501,3,2026-05-01,2026-05-01,CZ-PRG-01,C019417,VM-ACC-0002,2,3579.0,0.0,CZK
SO-2026-005501,4,2026-05-01,2026-05-01,CZ-PRG-01,C019417,VM-ACC-0008,2,2347.0,0.0,CZK
SO-2026-005502,1,2026-05-01,2026-05-01,CZ-BRN-01,C021348,VM-BIK-0013,1,28164.0,0.0,CZK
SO-2026-005503,1,2026-05-01,2026-05-01,CZ-BRN-01,C021349,VM-BIK-0001,1,80325.0,0.0,CZK
SO-2026-005503,2,2026-05-01,2026-05-01,CZ-BRN-01,C021349,VM-ACC-0004,1,4577.0,0.0,CZK
SO-2026-005503,3,2026-05-01,2026-05-01,CZ-BRN-01,C021349,VM-ACC-0018,2,293.0,0.0,CZK
SO-2026-005503,4,2026-05-01,2026-05-01,CZ-BRN-01,C021349,VM-BIK-0009,1,33092.0,0.0,CZK
SO-2026-005504,1,2026-05-01,2026-05-02,CZ-WEB-01,C000518,VM-NUT-0009,1,499.0,0.0,CZK
SO-2026-005505,1,2026-05-01,2026-05-02,CZ-WEB-01,C020061,VM-BIK-0010,1,37082.0,0.1,CZK
SO-2026-005506,1,2026-05-01,2026-05-02,CZ-WEB-01,C021350,VM-EBK-0011,1,85899.0,0.05,CZK
SO-2026-005506,2,2026-05-01,2026-05-02,CZ-WEB-01,C021350,VM-ACC-0008,2,2347.0,0.05,CZK
SO-2026-005506,3,2026-05-01,2026-05-02,CZ-WEB-01,C021350,VM-CMP-0007,1,3696.0,0.05,CZK
SO-2026-005506,4,2026-05-01,2026-05-02,CZ-WEB-01,C021350,VM-ACC-0011,1,422.0,0.05,CZK
SO-2026-005507,1,2026-05-01,2026-05-05,CZ-WEB-01,C020660,VM-NUT-0006,9,59.0,0.0,CZK
SO-2026-005508,1,2026-05-01,2026-05-03,CZ-WEB-01,C017339,VM-ACC-0010,1,1467.0,0.0,CZK
SO-2026-005509,1,2026-05-01,2026-05-03,CZ-WEB-01,C021351,VM-APP-0012,1,5105.0,0.05,CZK
SO-2026-005510,1,2026-05-01,2026-05-04,CZ-WEB-01,C021352,VM-CMP-0007,1,3696.0,0.0,CZK
SO-2026-005510,2,2026-05-01,2026-05-04,CZ-WEB-01,C021352,VM-EBK-0003,1,53335.0,0.0,CZK
SO-2026-005511,1,2026-05-01,2026-05-05,CZ-WEB-01,C005786,VM-NUT-0002,9,88.0,0.05,CZK
SO-2026-005512,1,2026-05-01,2026-05-01,DE-BER-01,C001587,VM-BIK-0016,1,858.7,0.0,EUR
SO-2026-005512,2,2026-05-01,2026-05-01,DE-BER-01,C001587,VM-ACC-0007,1,86.11,0.0,EUR
SO-2026-005513,1,2026-05-01,2026-05-01,DE-BER-01,C016703,VM-APP-0018,2,31.09,0.0,EUR
SO-2026-005513,2,2026-05-01,2026-05-01,DE-BER-01,C016703,VM-BIK-0009,1,1349.04,0.0,EUR
SO-2026-005514,1,2026-05-01,2026-05-01,DE-BER-01,C020924,VM-CMP-0009,1,83.71,0.05,EUR
SO-2026-005514,2,2026-05-01,2026-05-01,DE-BER-01,C020924,VM-CMP-0013,2,126.77,0.05,EUR
SO-2026-005515,1,2026-05-01,2026-05-01,DE-BER-01,C014697,VM-APP-0002,3,105.24,0.0,EUR
SO-2026-005516,1,2026-05-01,2026-05-04,DE-WEB-01,C021353,VM-APP-0005,3,43.05,0.0,EUR
SO-2026-005516,2,2026-05-01,2026-05-04,DE-WEB-01,C021353,VM-BIK-0012,1,2824.85,0.0,EUR
SO-2026-005517,1,2026-05-01,2026-05-02,DE-WEB-01,C017318,VM-APP-0002,1,105.24,0.0,EUR
SO-2026-005517,2,2026-05-01,2026-05-02,DE-WEB-01,C017318,VM-CMP-0002,1,133.94,0.0,EUR
SO-2026-005517,3,2026-05-01,2026-05-02,DE-WEB-01,C017318,VM-EBK-0009,1,2370.39,0.0,EUR
SO-2026-005517,4,2026-05-01,2026-05-02,DE-WEB-01,C017318,VM-EBK-0003,1,2174.25,0.0,EUR
SO-2026-005518,1,2026-05-01,2026-05-03,DE-WEB-01,C012068,VM-BIK-0004,1,1021.35,0.0,EUR
SO-2026-005519,1,2026-05-01,2026-05-05,DE-WEB-01,C008904,VM-APP-0007,2,38.27,0.0,EUR
SO-2026-005520,1,2026-05-01,2026-05-05,DE-WEB-01,C020924,VM-CMP-0016,2,588.41,0.05,EUR
SO-2026-005521,1,2026-05-01,2026-05-03,DE-WEB-01,C012678,VM-EBK-0004,1,2650.24,0.0,EUR
SO-2026-005521,2,2026-05-01,2026-05-03,DE-WEB-01,C012678,VM-ACC-0009,1,95.67,0.0,EUR
SO-2026-005521,3,2026-05-01,2026-05-03,DE-WEB-01,C012678,VM-ACC-0013,1,40.66,0.0,EUR
SO-2026-005521,4,2026-05-01,2026-05-03,DE-WEB-01,C012678,VM-APP-0013,1,105.24,0.0,EUR
SO-2026-005522,1,2026-05-01,2026-05-03,DE-WEB-01,C019460,VM-APP-0006,3,74.15,0.05,EUR
SO-2026-005522,2,2026-05-01,2026-05-03,DE-WEB-01,C019460,VM-NUT-0004,5,1.67,0.05,EUR
SO-2026-005522,3,2026-05-01,2026-05-03,DE-WEB-01,C019460,VM-NUT-0006,8,2.39,0.05,EUR
SO-2026-005523,1,2026-05-02,2026-05-02,PL-WAW-01,C021354,VM-BIK-0007,1,7176.89,0.1,PLN
SO-2026-005523,2,2026-05-02,2026-05-02,PL-WAW-01,C021354,VM-NUT-0001,4,9.15,0.0,PLN
SO-2026-005524,1,2026-05-02,2026-05-02,PL-WAW-01,C006941,VM-BIK-0007,1,7176.89,0.05,PLN
SO-2026-005524,2,2026-05-02,2026-05-02,PL-WAW-01,C006941,VM-EBK-0009,1,10088.37,0.05,PLN
SO-2026-005524,3,2026-05-02,2026-05-02,PL-WAW-01,C006941, VM-ACC-0001 ,2,386.83,0.05,PLN
SO-2026-005525,1,2026-05-02,2026-05-02,PL-WAW-01,C002935,VM-EBK-0006,1,20502.51,0.05,PLN
SO-2026-005525,2,2026-05-02,2026-05-02,PL-WAW-01,C002935,VM-ACC-0008,2,407.19,0.1,PLN
SO-2026-005525,3,2026-05-02,2026-05-02,PL-WAW-01,C002935,VM-ACC-0006,1,967.09,0.0,PLN
SO-2026-005526,1,2026-05-02,2026-05-02,PL-WAW-01,C019766,VM-BIK-0004,1,4346.85,0.05,PLN
SO-2026-005527,1,2026-05-02,2026-05-02,PL-WAW-01,,VM-BIK-0020,1,1231.77,0.0,PLN
SO-2026-005528,1,2026-05-02,2026-05-02,PL-WAW-01,C021355,VM-CMP-0008,1,447.91,0.0,PLN
SO-2026-005528,2,2026-05-02,2026-05-02,PL-WAW-01,C021355,VM-ACC-0020,1,824.57,0.0,PLN
SO-2026-005529,1,2026-05-02,2026-05-02,PL-WAW-01,C021035, VM-NUT-0004 ,7,7.12,0.0,PLN
SO-2026-005529,2,2026-05-02,2026-05-02,PL-WAW-01,C021035,VM-NUT-0006,12,10.17,0.0,PLN
SO-2026-005529,3,2026-05-02,2026-05-02,PL-WAW-01,C021035,VM-ACC-0008,1,407.19,0.0,PLN
SO-2026-005529,4,2026-05-02,2026-05-02,PL-WAW-01,C021035,VM-ACC-0015,1,356.29,0.05,PLN
SO-2026-005530,1,2026-05-02,2026-05-02,PL-WAW-01,C019159,VM-NUT-0006,5,10.17,0.1,PLN
SO-2026-005530,2,2026-05-02,2026-05-02,PL-WAW-01,C019159,VM-BIK-0012,1,12022.57,0.05,PLN
SO-2026-005531,1,2026-05-02,2026-05-02,PL-WAW-01,C015620,VM-EBK-0008,4,15371.79,0.08,PLN
SO-2026-005532,1,2026-05-02,2026-05-02,PL-WAW-02,,VM-APP-0004,1,244.31,0.0,PLN
SO-2026-005532,2,2026-05-02,2026-05-02,PL-WAW-02,,VM-APP-0010,2,173.05,0.0,PLN
SO-2026-005533,1,2026-05-02,2026-05-02,PL-WAW-02,C013115,VM-ACC-0020,1,824.57,0.0,PLN
SO-2026-005534,1,2026-05-02,2026-05-02,PL-WAW-02,,VM-ACC-0008,2,407.19,0.0,PLN
SO-2026-005534,2,2026-05-02,2026-05-02,PL-WAW-02,,VM-ACC-0002,2,620.97,0.0,PLN
SO-2026-005534,3,2026-05-02,2026-05-02,PL-WAW-02,,VM-BIK-0008,1,5405.57,0.0,PLN
SO-2026-005534,4,2026-05-02,2026-05-02,PL-WAW-02,,VM-NUT-0006,4,10.17,0.0,PLN
SO-2026-005535,1,2026-05-02,2026-05-02,PL-WAW-02,C010776,VM-EBK-0008,2,15371.79,0.12,PLN
SO-2026-005536,1,2026-05-02,2026-05-02,PL-WAW-02,C018414,VM-EBK-0009,1,10088.37,0.0,PLN
SO-2026-005537,1,2026-05-02,2026-05-02,PL-WAW-02,C016188,VM-NUT-0004,11,7.12,0.0,PLN
SO-2026-005538,1,2026-05-02,2026-05-02,PL-WAW-02,C016423,VM-APP-0012,1,885.65,0.0,PLN
SO-2026-005538,2,2026-05-02,2026-05-02,PL-WAW-02,C016423,VM-EBK-0007,1,14964.59,0.0,PLN
SO-2026-005538,3,2026-05-02,2026-05-02,PL-WAW-02,C016423,VM-ACC-0022,1,1598.25,0.0,PLN
SO-2026-005538,4,2026-05-02,2026-05-02,PL-WAW-02,C016423,VM-BIK-0007,1,7176.89,0.0,PLN
SO-2026-005539,1,2026-05-02,2026-05-02,PL-KRK-01,,VM-ACC-0014,1,111.97,0.0,PLN
SO-2026-005540,1,2026-05-02,2026-05-02,PL-KRK-01,C021356, VM-CMP-0011 ,1,162.87,0.0,PLN
SO-2026-005540,2,2026-05-02,2026-05-02,PL-KRK-01,C021356,VM-BIK-0012,1,12022.57,0.0,PLN
SO-2026-005540,3,2026-05-02,2026-05-02,PL-KRK-01,C021356,VM-ACC-0017,3,59.03,0.0,PLN
SO-2026-005540,4,2026-05-02,2026-05-02,PL-KRK-01,C021356, VM-NUT-0003 ,14,11.19,0.0,PLN
SO-2026-005541,1,2026-05-02,2026-05-02,PL-KRK-01,,VM-ACC-0003,1,295.21,0.0,PLN
SO-2026-005542,1,2026-05-02,2026-05-02,PL-KRK-01,C006572,VM-ACC-0022,3,1598.25,0.1,PLN
SO-2026-005543,1,2026-05-02,2026-05-02,PL-KRK-01,,VM-APP-0017,2,193.41,0.0,PLN
SO-2026-005544,1,2026-05-02,2026-05-02,PL-KRK-01,,VM-APP-0002,1,447.91,0.0,PLN
SO-2026-005545,1,2026-05-02,2026-05-02,PL-KRK-01,C021357,VM-ACC-0018,1,50.89,0.0,PLN
SO-2026-005545,2,2026-05-02,2026-05-02,PL-KRK-01,C021357,VM-EBK-0005,1,17764.09,0.0,PLN
SO-2026-005546,1,2026-05-02,2026-05-02,PL-KRK-01,C018206,VM-NUT-0004,7,7.12,0.0,PLN
SO-2026-005547,1,2026-05-02,2026-05-02,PL-KRK-01,C010753,VM-NUT-0001,11,9.15,0.05,PLN
SO-2026-005547,2,2026-05-02,2026-05-02,PL-KRK-01,C010753,VM-BIK-0004,1,4346.85,0.05,PLN
SO-2026-005548,1,2026-05-02,2026-05-02,PL-KRK-01,, VM-CMP-0002 ,2,570.07,0.0,PLN
SO-2026-005548,2,2026-05-02,2026-05-02,PL-KRK-01,,VM-APP-0002,3,447.91,0.0,PLN
SO-2026-005549,1,2026-05-02,2026-05-02,PL-WRO-01,C012365,VM-NUT-0006,9,10.17,0.12,PLN
SO-2026-005549,2,2026-05-02,2026-05-02,PL-WRO-01,C012365,VM-NUT-0001,16,9.15,0.12,PLN
SO-2026-005550,1,2026-05-02,2026-05-02,PL-WRO-01,C009262,VM-BIK-0009,1,5741.51,0.0,PLN
SO-2026-005550,2,2026-05-02,2026-05-02,PL-WRO-01,C009262,VM-BIK-0007,1,7176.89,0.0,PLN
SO-2026-005551,1,2026-05-02,2026-05-02,PL-WRO-01,,VM-BIK-0011,1,8805.69,0.0,PLN
SO-2026-005551,2,2026-05-02,2026-05-02,PL-WRO-01,,VM-APP-0005,2,183.23,0.0,PLN
SO-2026-005552,1,2026-05-02,2026-05-02,PL-WRO-01,C019016,VM-APP-0007,2,162.87,0.05,PLN
SO-2026-005552,2,2026-05-02,2026-05-02,PL-WRO-01,C019016, VM-CMP-0008 ,1,447.91,0.1,PLN
SO-2026-005553,1,2026-05-02,2026-05-02,PL-WRO-01,C021358,VM-ACC-0018,2,50.89,0.0,PLN
SO-2026-005553,2,2026-05-02,2026-05-02,PL-WRO-01,C021358,VM-BIK-0007,1,7176.89,0.0,PLN
SO-2026-005554,1,2026-05-02,2026-05-02,PL-WRO-01,C015287,VM-BIK-0013,1,4886.39,0.0,PLN
SO-2026-005554,2,2026-05-02,2026-05-02,PL-WRO-01,C015287,VM-ACC-0002,2,620.97,0.0,PLN
SO-2026-005554,3,2026-05-02,2026-05-02,PL-WRO-01,C015287,VM-ACC-0019,1,50.89,0.0,PLN
SO-2026-005555,1,2026-05-02,2026-05-02,PL-WRO-01,C021359,VM-NUT-0002,7,15.26,0.0,PLN
SO-2026-005556,1,2026-05-02,2026-05-02,PL-WRO-01,C021360,VM-BIK-0013,1,4886.39,0.1,PLN
SO-2026-005556,2,2026-05-02,2026-05-02,PL-WRO-01,C021360,VM-ACC-0015,1,356.29,0.0,PLN
SO-2026-005557,1,2026-05-02,2026-05-02,PL-GDN-01,,VM-BIK-0011,1,8805.69,0.0,PLN
SO-2026-005558,1,2026-05-02,2026-05-02,PL-GDN-01,,VM-ACC-0021,1,794.03,0.0,PLN
SO-2026-005558,2,2026-05-02,2026-05-02,PL-GDN-01,,VM-EBK-0009,1,10088.37,0.0,PLN
SO-2026-005559,1,2026-05-02,2026-05-02,PL-GDN-01,,vm-acc-0001,2,386.83,0.0,PLN
SO-2026-005560,1,2026-05-02,2026-05-02,PL-POZ-01,C019041,VM-ACC-0015,1,356.29,0.0,PLN
SO-2026-005561,1,2026-05-02,2026-05-02,PL-POZ-01,C021361,VM-BIK-0019,3,1231.77,0.08,PLN
SO-2026-005562,1,2026-05-02,2026-05-02,PL-POZ-01,C020269,VM-APP-0006,1,315.57,0.05,PLN
SO-2026-005563,1,2026-05-02,2026-05-02,PL-POZ-01,C021362,VM-ACC-0006,2,967.09,0.05,PLN
SO-2026-005563,2,2026-05-02,2026-05-02,PL-POZ-01,C021362,VM-ACC-0014,1,111.97,0.05,PLN
SO-2026-005563,3,2026-05-02,2026-05-02,PL-POZ-01,C021362,VM-NUT-0004,11,7.12,0.05,PLN
SO-2026-005564,1,2026-05-02,2026-05-02,PL-POZ-01,C021363,VM-ACC-0005,2,183.23,0.0,PLN
SO-2026-005564,2,2026-05-02,2026-05-02,PL-POZ-01,C021363,VM-APP-0013,1,447.91,0.0,PLN
SO-2026-005564,3,2026-05-02,2026-05-02,PL-POZ-01,C021363,VM-BIK-0017,1,1944.37,0.0,PLN
SO-2026-005565,1,2026-05-02,2026-05-02,PL-POZ-01,C017068,VM-APP-0012,1,885.65,0.0,PLN
SO-2026-005565,2,2026-05-02,2026-05-02,PL-POZ-01,C017068,VM-CMP-0007,2,641.33,0.0,PLN
SO-2026-005566,1,2026-05-02,2026-05-02,PL-LDZ-01,C007750,VM-BIK-0014,1,3898.93,0.0,PLN
SO-2026-005566,2,2026-05-02,2026-05-02,PL-LDZ-01,C007750,VM-ACC-0008,1,407.19,0.0,PLN
SO-2026-005567,1,2026-05-02,2026-05-02,PL-LDZ-01,C021364,VM-BIK-0010,1,6433.75,0.0,PLN
SO-2026-005567,2,2026-05-02,2026-05-02,PL-LDZ-01,C021364,VM-ACC-0014,1,111.97,0.0,PLN
SO-2026-005568,1,2026-05-02,2026-05-02,PL-LDZ-01,C021365,VM-NUT-0004,14,7.12,0.0,PLN
SO-2026-005569,1,2026-05-02,2026-05-02,PL-LDZ-01,C021366,VM-APP-0017,2,193.41,0.0,PLN
SO-2026-005569,2,2026-05-02,2026-05-02,PL-LDZ-01,C021366,VM-APP-0011,2,417.37,0.0,PLN
SO-2026-005569,3,2026-05-02,2026-05-02,PL-LDZ-01,C021366,VM-EBK-0007,1,14964.59,0.0,PLN
SO-2026-005569,4,2026-05-02,2026-05-02,PL-LDZ-01,C021366,VM-NUT-0004,3,7.12,0.0,PLN
SO-2026-005570,1,2026-05-02,2026-05-02,PL-LDZ-01,C021367,VM-ACC-0008,2,407.19,0.0,PLN
SO-2026-005570,2,2026-05-02,2026-05-02,PL-LDZ-01,C021367, VM-ACC-0014 ,1,111.97,0.0,PLN
SO-2026-005570,3,2026-05-02,2026-05-02,PL-LDZ-01,C021367,VM-APP-0020,2,183.23,0.0,PLN
SO-2026-005570,4,2026-05-02,2026-05-02,PL-LDZ-01,C021367,VM-BIK-0010,1,6433.75,0.0,PLN
SO-2026-005571,1,2026-05-02,2026-05-02,PL-LDZ-01,C021368, VM-ACC-0018 ,1,50.89,0.0,PLN
SO-2026-005571,2,2026-05-02,2026-05-02,PL-LDZ-01,C021368,VM-NUT-0007,4,13.22,0.0,PLN
SO-2026-005572,1,2026-05-02,2026-05-03,PL-WEB-01,C011721,VM-APP-0015,1,580.25,0.0,PLN
SO-2026-005572,2,2026-05-02,2026-05-03,PL-WEB-01,C011721,VM-BIK-0014,1,3898.93,0.0,PLN
SO-2026-005573,1,2026-05-02,2026-05-03,PL-WEB-01,C020006,VM-ACC-0014,1,111.97,0.0,PLN
SO-2026-005574,1,2026-05-02,2026-05-06,PL-WEB-01,C019861,VM-EBK-0011,1,14903.51,0.0,PLN
SO-2026-005574,2,2026-05-02,2026-05-06,PL-WEB-01,C019861,VM-APP-0007,1,162.87,0.0,PLN
SO-2026-005575,1,2026-05-02,2026-05-03,PL-WEB-01,C001346,VM-NUT-0002,3,15.26,0.05,PLN
SO-2026-005575,2,2026-05-02,2026-05-03,PL-WEB-01,C001346,VM-CMP-0016,2,2504.27,0.05,PLN
SO-2026-005576,1,2026-05-02,2026-05-06,PL-WEB-01,C004281,VM-ACC-0014,1,111.97,0.0,PLN
SO-2026-005577,1,2026-05-02,2026-05-04,PL-WEB-01,C021369,VM-NUT-0004,6,7.12,0.0,PLN
SO-2026-005578,1,2026-05-02,2026-05-06,PL-WEB-01,C009578,VM-NUT-0001,3,9.15,0.05,PLN
SO-2026-005578,2,2026-05-02,2026-05-06,PL-WEB-01,C009578,VM-APP-0002,2,447.91,0.05,PLN
SO-2026-005579,1,2026-05-02,2026-05-05,PL-WEB-01,C021370,VM-NUT-0002,6,15.26,0.05,PLN
SO-2026-005580,1,2026-05-02,2026-05-04,PL-WEB-01,C021371,VM-NUT-0004,4,7.12,0.0,PLN
SO-2026-005580,2,2026-05-02,2026-05-04,PL-WEB-01,C021371,VM-APP-0019,1,67.18,0.0,PLN
SO-2026-005581,1,2026-05-02,2026-05-05,PL-WEB-01,C021372,VM-BIK-0017,1,1944.37,0.0,PLN
SO-2026-005581,2,2026-05-02,2026-05-05,PL-WEB-01,C021372,VM-ACC-0005,1,183.23,0.0,PLN
SO-2026-005582,1,2026-05-02,2026-05-05,PL-WEB-01,C012121,VM-CMP-0011,2,162.87,0.0,PLN
SO-2026-005583,1,2026-05-02,2026-05-03,PL-WEB-01,C020264,VM-ACC-0008,4,407.19,0.12,PLN
SO-2026-005584,1,2026-05-02,2026-05-03,PL-WEB-01,C017056,VM-BIK-0012,1,12022.57,0.05,PLN
SO-2026-005584,2,2026-05-02,2026-05-03,PL-WEB-01,C017056,VM-NUT-0006,10,10.17,0.05,PLN
SO-2026-005585,1,2026-05-02,2026-05-06,PL-WEB-01,C019331,VM-CMP-0015,1,936.55,0.0,PLN
SO-2026-005586,1,2026-05-02,2026-05-04,PL-WEB-01,C019879,VM-BIK-0017,1,1944.37,0.0,PLN
SO-2026-005587,1,2026-05-02,2026-05-04,PL-WEB-01,C021373,VM-CMP-0007,1,641.33,0.05,PLN
SO-2026-005588,1,2026-05-02,2026-05-05,PL-MKT-01,C018594,VM-APP-0005,2,183.23,0.0,PLN
SO-2026-005589,1,2026-05-02,2026-05-05,PL-MKT-01,C014198,VM-NUT-0006,3,10.17,0.05,PLN
SO-2026-005589,2,2026-05-02,2026-05-05,PL-MKT-01,C014198,VM-CMP-0001,1,407.19,0.05,PLN
SO-2026-005589,3,2026-05-02,2026-05-05,PL-MKT-01,C014198,VM-CMP-0013,1,539.53,0.05,PLN
SO-2026-005589,4,2026-05-02,2026-05-05,PL-MKT-01,C014198,VM-BIK-0017,1,1944.37,0.05,PLN
SO-2026-005590,1,2026-05-02,2026-05-04,PL-MKT-01,C021374,VM-BIK-0003,1,6657.71,0.05,PLN
SO-2026-005591,1,2026-05-02,2026-05-05,PL-MKT-01,C021375,VM-BIK-0014,1,3898.93,0.0,PLN
SO-2026-005591,2,2026-05-02,2026-05-05,PL-MKT-01,C021375,VM-ACC-0008,2,407.19,0.0,PLN
SO-2026-005592,1,2026-05-02,2026-05-03,PL-MKT-01,C021376,VM-CMP-0018,2,63.11,0.05,PLN
SO-2026-005593,1,2026-05-02,2026-05-03,PL-MKT-01,C021377,VM-EBK-0005,1,17764.09,0.0,PLN
SO-2026-005593,2,2026-05-02,2026-05-03,PL-MKT-01,C021377,VM-NUT-0009,3,86.52,0.0,PLN
SO-2026-005594,1,2026-05-02,2026-05-06,PL-MKT-01,C015889,VM-NUT-0002,10,15.26,0.05,PLN
SO-2026-005594,2,2026-05-02,2026-05-06,PL-MKT-01,C015889,VM-APP-0007,2,162.87,0.05,PLN
SO-2026-005594,3,2026-05-02,2026-05-06,PL-MKT-01,C015889,VM-EBK-0008,1,15371.79,0.05,PLN
SO-2026-005594,4,2026-05-02,2026-05-06,PL-MKT-01,C015889,VM-CMP-0019,3,213.77,0.05,PLN
SO-2026-005595,1,2026-05-02,2026-05-02,CZ-PRG-01,,VM-BIK-0016,1,21064.0,0.0,CZK
SO-2026-005596,1,2026-05-02,2026-05-02,CZ-PRG-01,C018622,VM-NUT-0004,15,41.0,0.0,CZK
SO-2026-005597,1,2026-05-02,2026-05-02,CZ-PRG-01,C013862,VM-EBK-0002,1,58381.0,0.05,CZK
SO-2026-005598,1,2026-05-02,2026-05-02,CZ-BRN-01,C019971,VM-APP-0013,1,2582.0,0.0,CZK
SO-2026-005599,1,2026-05-02,2026-05-02,CZ-BRN-01,C016501,VM-ACC-0016,2,170.0,0.12,CZK
SO-2026-005600,1,2026-05-02,2026-05-06,CZ-WEB-01,C021378,VM-CMP-0001,1,2347.0,0.05,CZK
SO-2026-005601,1,2026-05-02,2026-05-04,CZ-WEB-01,C021379,VM-APP-0010,1,997.0,0.0,CZK
SO-2026-005602,1,2026-05-02,2026-05-06,CZ-WEB-01,C021380,VM-BIK-0012,1,69294.0,0.05,CZK
SO-2026-005602,2,2026-05-02,2026-05-06,CZ-WEB-01,C021380,VM-BIK-0013,1,28164.0,0.05,CZK
SO-2026-005603,1,2026-05-02,2026-05-05,CZ-WEB-01,C021381,VM-ACC-0014,1,645.0,0.0,CZK
SO-2026-005604,1,2026-05-02,2026-05-03,CZ-WEB-01,C015721,VM-BIK-0009,1,33092.0,0.0,CZK
SO-2026-005605,1,2026-05-02,2026-05-03,CZ-WEB-01,C021382,VM-EBK-0008,1,88598.0,0.0,CZK
SO-2026-005606,1,2026-05-02,2026-05-02,DE-BER-01,,VM-ACC-0008,1,95.67,0.0,EUR
SO-2026-005606,2,2026-05-02,2026-05-02,DE-BER-01,,VM-BIK-0020,1,289.42,0.0,EUR
SO-2026-005607,1,2026-05-02,2026-05-02,DE-BER-01,C020374,VM-BIK-0014,1,916.1,0.0,EUR
SO-2026-005607,2,2026-05-02,2026-05-02,DE-BER-01,C020374,vm-nut-0008,5,2.39,0.0,EUR
SO-2026-005607,3,2026-05-02,2026-05-02,DE-BER-01,C020374,VM-ACC-0004,1,186.57,0.0,EUR
SO-2026-005607,4,2026-05-02,2026-05-02,DE-BER-01,C020374,VM-ACC-0018,2,11.96,0.0,EUR
SO-2026-005608,1,2026-05-02,2026-05-02,DE-BER-01,C010475,VM-EBK-0005,1,4173.89,0.0,EUR
SO-2026-005609,1,2026-05-02,2026-05-02,DE-BER-01,C011896,VM-ACC-0020,3,193.74,0.1,EUR
SO-2026-005610,1,2026-05-02,2026-05-05,DE-WEB-01,C021383,VM-NUT-0007,12,3.11,0.0,EUR
SO-2026-005610,2,2026-05-02,2026-05-05,DE-WEB-01,C021383,VM-EBK-0005,1,4173.89,0.0,EUR
SO-2026-005611,1,2026-05-02,2026-05-03,DE-WEB-01,C021384,VM-EBK-0005,1,4173.89,0.0,EUR
SO-2026-005612,1,2026-05-02,2026-05-06,DE-WEB-01,C021385,VM-NUT-0007,3,3.11,0.0,EUR
SO-2026-005613,1,2026-05-03,2026-05-06,PL-WEB-01,C015028,VM-BIK-0012,1,12022.57,0.0,PLN
SO-2026-005613,2,2026-05-03,2026-05-06,PL-WEB-01,C015028, VM-ACC-0018 ,3,50.89,0.0,PLN
SO-2026-005613,3,2026-05-03,2026-05-06,PL-WEB-01,C015028,VM-ACC-0008,1,407.19,0.0,PLN
SO-2026-005613,4,2026-05-03,2026-05-06,PL-WEB-01,C015028,VM-ACC-0014,1,111.97,0.0,PLN
SO-2026-005614,1,2026-05-03,2026-05-05,PL-WEB-01,C021386,VM-APP-0010,2,173.05,0.05,PLN
SO-2026-005615,1,2026-05-03,2026-05-07,PL-WEB-01,C015321,VM-ACC-0018,1,50.89,0.0,PLN
SO-2026-005615,2,2026-05-03,2026-05-07,PL-WEB-01,C015321,VM-ACC-0009,2,407.19,0.0,PLN
SO-2026-005615,3,2026-05-03,2026-05-07,PL-WEB-01,C015321,VM-BIK-0007,1,7176.89,0.0,PLN
SO-2026-005615,4,2026-05-03,2026-05-07,PL-WEB-01,C015321,VM-BIK-0011,1,8805.69,0.0,PLN
SO-2026-005616,1,2026-05-03,2026-05-07,PL-WEB-01,C021040,VM-APP-0002,2,447.91,0.0,PLN
SO-2026-005617,1,2026-05-03,2026-05-07,PL-WEB-01,C021387,VM-ACC-0002,1,620.97,0.0,PLN
SO-2026-005618,1,2026-05-03,2026-05-05,PL-WEB-01,C012887,VM-CMP-0017,2,508.99,0.05,PLN
SO-2026-005618,2,2026-05-03,2026-05-05,PL-WEB-01,C012887,VM-ACC-0017,2,59.03,0.05,PLN
SO-2026-005618,3,2026-05-03,2026-05-05,PL-WEB-01,C012887,VM-EBK-0008,1,15371.79,0.05,PLN
SO-2026-005618,4,2026-05-03,2026-05-05,PL-WEB-01,C012887,VM-ACC-0004,1,794.03,0.05,PLN
SO-2026-005619,1,2026-05-03,2026-05-07,PL-WEB-01,C021388,VM-APP-0005,3,183.23,0.0,PLN
SO-2026-005619,2,2026-05-03,2026-05-07,PL-WEB-01,C021388,VM-EBK-0008,1,15371.79,0.0,PLN
SO-2026-005619,3,2026-05-03,2026-05-07,PL-WEB-01,C021388,VM-ACC-0010,1,254.49,0.0,PLN
SO-2026-005620,1,2026-05-03,2026-05-07,PL-WEB-01,C021389,VM-BIK-0019,1,1231.77,0.0,PLN
SO-2026-005620,2,2026-05-03,2026-05-07,PL-WEB-01,C021389,VM-ACC-0002,2,620.97,0.0,PLN
SO-2026-005621,1,2026-05-03,2026-05-05,PL-WEB-01,C019522,VM-BIK-0012,1,12022.57,0.0,PLN
SO-2026-005622,1,2026-05-03,2026-05-07,PL-WEB-01,C015134,VM-EBK-0009,1,10088.37,0.0,PLN
SO-2026-005622,2,2026-05-03,2026-05-07,PL-WEB-01,C015134,VM-BIK-0008,1,5405.57,0.0,PLN
SO-2026-005623,1,2026-05-03,2026-05-06,PL-WEB-01,C017939,VM-BIK-0012,1,12022.57,0.05,PLN
SO-2026-005623,2,2026-05-03,2026-05-06,PL-WEB-01,C017939,VM-NUT-0001,14,9.15,0.05,PLN
SO-2026-005624,1,2026-05-03,2026-05-04,PL-WEB-01,C021390,vm-acc-0003,2,295.21,0.05,PLN
SO-2026-005624,2,2026-05-03,2026-05-04,PL-WEB-01,C021390,VM-BIK-0007,1,7176.89,0.0,PLN
SO-2026-005625,1,2026-05-03,2026-05-06,PL-WEB-01,C021391,VM-CMP-0023,1,60.05,0.0,PLN
SO-2026-005626,1,2026-05-03,2026-05-07,PL-WEB-01,C021392,VM-ACC-0017,3,59.03,0.0,PLN
SO-2026-005627,1,2026-05-03,2026-05-06,PL-WEB-01,C021393,VM-EBK-0004,1,11279.43,0.0,PLN
SO-2026-005628,1,2026-05-03,2026-05-06,PL-WEB-01,C020728,VM-EBK-0006,3,20502.51,0.12,PLN
SO-2026-005628,2,2026-05-03,2026-05-06,PL-WEB-01,C020728,VM-ACC-0001,4,386.83,0.1,PLN
SO-2026-005629,1,2026-05-03,2026-05-04,PL-WEB-01,C014533,VM-ACC-0017,8,59.03,0.1,PLN
SO-2026-005630,1,2026-05-03,2026-05-04,PL-WEB-01,C021394,VM-CMP-0001,1,407.19,0.0,PLN
SO-2026-005630,2,2026-05-03,2026-05-04,PL-WEB-01,C021394,VM-BIK-0022,1,1425.19,0.0,PLN
SO-2026-005630,3,2026-05-03,2026-05-04,PL-WEB-01,C021394,VM-NUT-0001,9,9.15,0.0,PLN
SO-2026-005630,4,2026-05-03,2026-05-04,PL-WEB-01,C021394,VM-APP-0013,1,447.91,0.0,PLN
SO-2026-005631,1,2026-05-03,2026-05-05,PL-WEB-01,C020184,VM-EBK-0011,1,14903.51,0.0,PLN
SO-2026-005631,2,2026-05-03,2026-05-05,PL-WEB-01,C020184,VM-ACC-0003,2,295.21,0.0,PLN
SO-2026-005632,1,2026-05-03,2026-05-07,PL-WEB-01,C015427,VM-BIK-0007,4,7176.89,0.1,PLN
SO-2026-005632,2,2026-05-03,2026-05-07,PL-WEB-01,C015427,VM-ACC-0014,2,111.97,0.1,PLN
SO-2026-005632,3,2026-05-03,2026-05-07,PL-WEB-01,C015427,VM-NUT-0004,20,7.12,0.1,PLN
SO-2026-005632,4,2026-05-03,2026-05-07,PL-WEB-01,C015427,VM-BIK-0002,3,9803.33,0.1,PLN
SO-2026-005633,1,2026-05-03,2026-05-06,PL-MKT-01,C016188,VM-BIK-0016,1,3654.61,0.0,PLN
SO-2026-005634,1,2026-05-03,2026-05-05,PL-MKT-01,C012705, VM-BIK-0016 ,1,3654.61,0.0,PLN
SO-2026-005635,1,2026-05-03,2026-05-06,PL-MKT-01,C021395,VM-CMP-0015,2,936.55,0.0,PLN
SO-2026-005635,2,2026-05-03,2026-05-06,PL-MKT-01,C021395,VM-NUT-0001,14,9.15,0.0,PLN
SO-2026-005635,3,2026-05-03,2026-05-06,PL-MKT-01,C021395,VM-EBK-0007,1,14964.59,0.0,PLN
SO-2026-005636,1,2026-05-03,2026-05-07,PL-MKT-01,C005883,VM-CMP-0001,1,407.19,0.0,PLN
SO-2026-005637,1,2026-05-03,2026-05-05,PL-MKT-01,C001346,VM-EBK-0004,1,11279.43,0.0,PLN
SO-2026-005638,1,2026-05-03,2026-05-07,PL-MKT-01,C021396,VM-BIK-0017,1,1944.37,0.0,PLN
SO-2026-005639,1,2026-05-03,2026-05-05,PL-MKT-01,C016156,VM-ACC-0010,2,254.49,0.0,PLN
SO-2026-005640,1,2026-05-03,2026-05-07,PL-MKT-01,C021397,VM-EBK-0007,1,14964.59,0.0,PLN
SO-2026-005641,1,2026-05-03,2026-05-05,PL-MKT-01,C009019,VM-BIK-0007,1,7176.89,0.05,PLN
SO-2026-005641,2,2026-05-03,2026-05-05,PL-MKT-01,C009019,VM-BIK-0004,1,4346.85,0.05,PLN
SO-2026-005642,1,2026-05-03,2026-05-07,PL-MKT-01,C021398,VM-BIK-0016,1,3654.61,0.0,PLN
SO-2026-005643,1,2026-05-03,2026-05-05,PL-MKT-01,C017823,VM-NUT-0004,11,7.12,0.0,PLN
SO-2026-005643,2,2026-05-03,2026-05-05,PL-MKT-01,C017823,VM-EBK-0004,1,11279.43,0.05,PLN
SO-2026-005644,1,2026-05-03,2026-05-04,PL-MKT-01,C015597,VM-BIK-0022,1,1425.19,0.1,PLN
SO-2026-005644,2,2026-05-03,2026-05-04,PL-MKT-01,C015597,VM-ACC-0002,2,620.97,0.0,PLN
SO-2026-005644,3,2026-05-03,2026-05-04,PL-MKT-01,C015597,VM-ACC-0008,1,407.19,0.0,PLN
SO-2026-005645,1,2026-05-03,2026-05-04,PL-MKT-01,C009765,VM-NUT-0006,6,10.17,0.1,PLN
SO-2026-005646,1,2026-05-03,2026-05-05,PL-MKT-01,C016738,VM-CMP-0016,2,2504.27,0.05,PLN
SO-2026-005647,1,2026-05-03,2026-05-06,PL-MKT-01,C021399,VM-ACC-0001,1,386.83,0.0,PLN
SO-2026-005648,1,2026-05-03,2026-05-07,PL-MKT-01,C004292,VM-NUT-0003,5,11.19,0.0,PLN
SO-2026-005648,2,2026-05-03,2026-05-07,PL-MKT-01,C004292,VM-BIK-0004,1,4346.85,0.0,PLN
SO-2026-005648,3,2026-05-03,2026-05-07,PL-MKT-01,C004292,VM-APP-0006,2,315.57,0.05,PLN
SO-2026-005649,1,2026-05-03,2026-05-05,PL-MKT-01,C020999,VM-APP-0020,2,183.23,0.0,PLN
SO-2026-005649,2,2026-05-03,2026-05-05,PL-MKT-01,C020999,VM-CMP-0011,2,162.87,0.0,PLN
SO-2026-005650,1,2026-05-03,2026-05-04,PL-MKT-01,C013103,VM-APP-0002,1,447.91,0.0,PLN
SO-2026-005650,2,2026-05-03,2026-05-04,PL-MKT-01,C013103,VM-ACC-0002,2,620.97,0.0,PLN
SO-2026-005651,1,2026-05-03,2026-05-07,PL-MKT-01,C021400,VM-NUT-0004,3,7.12,0.0,PLN
SO-2026-005651,2,2026-05-03,2026-05-07,PL-MKT-01,C021400,VM-CMP-0015,1,936.55,0.0,PLN
SO-2026-005652,1,2026-05-03,2026-05-04,PL-MKT-01,C021401,VM-BIK-0013,1,4886.39,0.0,PLN
SO-2026-005652,2,2026-05-03,2026-05-04,PL-MKT-01,C021401,VM-NUT-0006,9,10.17,0.0,PLN
SO-2026-005652,3,2026-05-03,2026-05-04,PL-MKT-01,C021401,VM-ACC-0014,1,111.97,0.0,PLN
SO-2026-005652,4,2026-05-03,2026-05-04,PL-MKT-01,C021401,VM-BIK-0012,1,12022.57,0.0,PLN
SO-2026-005653,1,2026-05-03,2026-05-03,CZ-PRG-01,C018596,VM-BIK-0007,4,41365.0,0.1,CZK
SO-2026-005654,1,2026-05-03,2026-05-03,CZ-PRG-01,,VM-ACC-0008,2,2347.0,0.0,CZK
SO-2026-005655,1,2026-05-03,2026-05-06,CZ-WEB-01,C021402,VM-ACC-0019,2,293.0,0.0,CZK
SO-2026-005656,1,2026-05-03,2026-05-06,CZ-WEB-01,C020876,VM-BIK-0011,1,50753.0,0.0,CZK
SO-2026-005656,2,2026-05-03,2026-05-06,CZ-WEB-01,C020876,VM-ACC-0013,1,997.0,0.0,CZK
SO-2026-005657,1,2026-05-03,2026-05-06,CZ-WEB-01,C020940,VM-BIK-0007,1,41365.0,0.0,CZK
SO-2026-005657,2,2026-05-03,2026-05-06,CZ-WEB-01,C020940,VM-ACC-0002,1,3579.0,0.0,CZK
SO-2026-005657,3,2026-05-03,2026-05-06,CZ-WEB-01,C020940,VM-EBK-0005,1,102387.0,0.0,CZK
SO-2026-005658,1,2026-05-03,2026-05-06,CZ-WEB-01,C021403,VM-APP-0008,2,939.0,0.05,CZK
SO-2026-005658,2,2026-05-03,2026-05-06,CZ-WEB-01,C021403,VM-NUT-0011,2,317.0,0.05,CZK
SO-2026-005658,3,2026-05-03,2026-05-06,CZ-WEB-01,C021403,VM-CMP-0013,2,3110.0,0.05,CZK
SO-2026-005659,1,2026-05-03,2026-05-07,CZ-WEB-01,C021404,VM-ACC-0021,1,4577.0,0.0,CZK
SO-2026-005660,1,2026-05-03,2026-05-06,CZ-WEB-01,C011870,VM-EBK-0006,3,118170.0,0.1,CZK
SO-2026-005660,2,2026-05-03,2026-05-06,CZ-WEB-01,C011870,VM-ACC-0008,4,2347.0,0.1,CZK
SO-2026-005661,1,2026-05-03,2026-05-07,DE-WEB-01,C021405,VM-APP-0002,2,105.24,0.1,EUR
SO-2026-005661,2,2026-05-03,2026-05-07,DE-WEB-01,C021405,VM-BIK-0001,1,3274.53,0.0,EUR
SO-2026-005662,1,2026-05-03,2026-05-07,DE-WEB-01,C020629,VM-BIK-0007,1,1686.3,0.0,EUR
SO-2026-005663,1,2026-05-03,2026-05-06,DE-WEB-01,C011199,VM-NUT-0002,40,3.59,0.12,EUR
SO-2026-005663,2,2026-05-03,2026-05-06,DE-WEB-01,C011199,VM-EBK-0003,5,2174.25,0.12,EUR
SO-2026-005664,1,2026-05-03,2026-05-07,DE-WEB-01,C009202,VM-APP-0007,1,38.27,0.05,EUR
SO-2026-005665,1,2026-05-03,2026-05-04,DE-WEB-01,C005640,VM-APP-0006,2,74.15,0.0,EUR
SO-2026-005666,1,2026-05-03,2026-05-05,DE-WEB-01,C021406,VM-APP-0010,2,40.66,0.05,EUR
SO-2026-005666,2,2026-05-03,2026-05-05,DE-WEB-01,C021406,VM-APP-0012,1,208.09,0.05,EUR
SO-2026-005667,1,2026-05-04,2026-05-04,PL-WAW-01,C019808,VM-NUT-0002,15,15.26,0.0,PLN
SO-2026-005667,2,2026-05-04,2026-05-04,PL-WAW-01,C019808,VM-EBK-0004,1,11279.43,0.0,PLN
SO-2026-005668,1,2026-05-04,2026-05-04,PL-WAW-01,C012014,VM-BIK-0007,1,7176.89,0.0,PLN
SO-2026-005668,2,2026-05-04,2026-05-04,PL-WAW-01,C012014,VM-ACC-0006,2,967.09,0.0,PLN
SO-2026-005669,1,2026-05-04,2026-05-04,PL-WAW-01,C021156,VM-ACC-0008,2,407.19,0.0,PLN
SO-2026-005669,2,2026-05-04,2026-05-04,PL-WAW-01,C021156,VM-EBK-0005,1,17764.09,0.0,PLN
SO-2026-005669,3,2026-05-04,2026-05-04,PL-WAW-01,C021156,VM-NUT-0001,10,9.15,0.0,PLN
SO-2026-005670,1,2026-05-04,2026-05-04,PL-WAW-01,C021407,VM-EBK-0009,1,10088.37,0.0,PLN
SO-2026-005671,1,2026-05-04,2026-05-04,PL-WAW-01,C019732,VM-NUT-0006,8,10.17,0.0,PLN
SO-2026-005671,2,2026-05-04,2026-05-04,PL-WAW-01,C019732,VM-ACC-0003,2,295.21,0.0,PLN
SO-2026-005671,3,2026-05-04,2026-05-04,PL-WAW-01,C019732,VM-BIK-0007,1,7176.89,0.0,PLN
SO-2026-005672,1,2026-05-04,2026-05-04,PL-WAW-01,C012797,VM-EBK-0003,4,9253.61,0.12,PLN
SO-2026-005672,2,2026-05-04,2026-05-04,PL-WAW-01,C012797,VM-ACC-0021,3,794.03,0.12,PLN
SO-2026-005673,1,2026-05-04,2026-05-04,PL-WAW-02,C019713,VM-ACC-0008,2,407.19,0.0,PLN
SO-2026-005673,2,2026-05-04,2026-05-04,PL-WAW-02,C019713,VM-BIK-0014,1,3898.93,0.0,PLN
SO-2026-005674,1,2026-05-04,2026-05-04,PL-WAW-02,,VM-NUT-0001,6,9.15,0.0,PLN
SO-2026-005675,1,2026-05-04,2026-05-04,PL-WAW-02,,VM-CMP-0011,2,162.87,0.0,PLN
SO-2026-005675,2,2026-05-04,2026-05-04,PL-WAW-02,,VM-BIK-0007,1,7176.89,0.1,PLN
SO-2026-005676,1,2026-05-04,2026-05-04,PL-KRK-01,C014406,vm-bik-0011,1,8805.69,0.0,PLN
SO-2026-005676,2,2026-05-04,2026-05-04,PL-KRK-01,C014406,VM-ACC-0018,2,50.89,0.0,PLN
SO-2026-005677,1,2026-05-04,2026-05-04,PL-WRO-01,C021408,VM-ACC-0014,1,111.97,0.0,PLN
SO-2026-005678,1,2026-05-04,2026-05-04,PL-WRO-01,C019522,VM-NUT-0011,3,54.96,0.0,PLN
SO-2026-005678,2,2026-05-04,2026-05-04,PL-WRO-01,C019522,VM-ACC-0008,2,407.19,0.0,PLN
SO-2026-005678,3,2026-05-04,2026-05-04,PL-WRO-01,C019522,VM-ACC-0007,1,366.47,0.0,PLN
SO-2026-005679,1,2026-05-04,2026-05-04,PL-WRO-01,C021409,VM-NUT-0004,3,7.12,0.0,PLN
SO-2026-005680,1,2026-05-04,2026-05-04,PL-WRO-01,,VM-CMP-0002,1,570.07,0.0,PLN
SO-2026-005681,1,2026-05-04,2026-05-04,PL-WRO-01,C012945,VM-ACC-0018,3,50.89,0.0,PLN
SO-2026-005681,2,2026-05-04,2026-05-04,PL-WRO-01,C012945,VM-CMP-0007,1,641.33,0.0,PLN
SO-2026-005681,3,2026-05-04,2026-05-04,PL-WRO-01,C012945,VM-CMP-0006,1,203.59,0.0,PLN
SO-2026-005682,1,2026-05-04,2026-05-04,PL-WRO-01,,VM-BIK-0017,1,1944.37,0.0,PLN
SO-2026-005682,2,2026-05-04,2026-05-04,PL-WRO-01,,VM-CMP-0005,2,1506.63,0.0,PLN
SO-2026-005683,1,2026-05-04,2026-05-04,PL-POZ-01,C018512,VM-BIK-0007,4,7176.89,0.1,PLN
SO-2026-005683,2,2026-05-04,2026-05-04,PL-POZ-01,C018512,VM-NUT-0003,55,11.19,0.08,PLN
SO-2026-005684,1,2026-05-04,2026-05-04,PL-POZ-01,C019489,VM-BIK-0014,1,3898.93,0.0,PLN
SO-2026-005684,2,2026-05-04,2026-05-04,PL-POZ-01,C019489,VM-CMP-0022,1,36.64,0.0,PLN
SO-2026-005685,1,2026-05-04,2026-05-04,PL-POZ-01,C016881,VM-APP-0020,1,183.23,0.05,PLN
SO-2026-005686,1,2026-05-04,2026-05-04,PL-POZ-01,,VM-EBK-0005,1,17764.09,0.0,PLN
SO-2026-005686,2,2026-05-04,2026-05-04,PL-POZ-01,,VM-ACC-0017,1,59.03,0.0,PLN
SO-2026-005686,3,2026-05-04,2026-05-04,PL-POZ-01,,VM-ACC-0007,1,366.47,0.0,PLN
SO-2026-005687,1,2026-05-04,2026-05-04,PL-LDZ-01,C007693,VM-BIK-0016,1,3654.61,0.05,PLN
SO-2026-005688,1,2026-05-04,2026-05-04,PL-LDZ-01,C003161,VM-EBK-0002,1,10129.09,0.05,PLN
SO-2026-005688,2,2026-05-04,2026-05-04,PL-LDZ-01,C003161,VM-ACC-0008,2,407.19,0.05,PLN
SO-2026-005689,1,2026-05-04,2026-05-08,PL-WEB-01,C011500,VM-ACC-0007,2,366.47,0.0,PLN
SO-2026-005690,1,2026-05-04,2026-05-05,PL-WEB-01,C007656,VM-BIK-0013,1,4886.39,0.05,PLN
SO-2026-005690,2,2026-05-04,2026-05-05,PL-WEB-01,C007656,VM-ACC-0002,1,620.97,0.05,PLN
SO-2026-005690,3,2026-05-04,2026-05-05,PL-WEB-01,C007656,VM-ACC-0008,1,407.19,0.05,PLN
SO-2026-005690,4,2026-05-04,2026-05-05,PL-WEB-01,C007656,VM-ACC-0010,2,254.49,0.05,PLN
SO-2026-005691,1,2026-05-04,2026-05-05,PL-WEB-01,C018797,VM-NUT-0001,15,9.15,0.05,PLN
SO-2026-005691,2,2026-05-04,2026-05-05,PL-WEB-01,C018797,VM-CMP-0012,2,549.71,0.05,PLN
SO-2026-005691,3,2026-05-04,2026-05-05,PL-WEB-01,C018797,VM-NUT-0006,11,10.17,0.05,PLN
SO-2026-005692,1,2026-05-04,2026-05-07,PL-WEB-01,C020109,VM-BIK-0017,1,1944.37,0.0,PLN
SO-2026-005692,2,2026-05-04,2026-05-07,PL-WEB-01,C020109,VM-BIK-0008,1,5405.57,0.0,PLN
SO-2026-005692,3,2026-05-04,2026-05-07,PL-WEB-01,C020109,VM-ACC-0001,2,386.83,0.0,PLN
SO-2026-005692,4,2026-05-04,2026-05-07,PL-WEB-01,C020109,VM-ACC-0008,2,407.19,0.0,PLN
SO-2026-005693,1,2026-05-04,2026-05-07,PL-WEB-01,C021410,VM-NUT-0008,7,10.17,0.0,PLN
SO-2026-005694,1,2026-05-04,2026-05-05,PL-WEB-01,C016465,VM-ACC-0001,1,386.83,0.0,PLN
SO-2026-005694,2,2026-05-04,2026-05-05,PL-WEB-01,C016465,VM-ACC-0014,1,111.97,0.0,PLN
SO-2026-005695,1,2026-05-04,2026-05-06,PL-WEB-01,C001874,VM-APP-0011,6,417.37,0.08,PLN
SO-2026-005696,1,2026-05-04,2026-05-07,PL-WEB-01,C021411,VM-CMP-0005,1,1506.63,0.0,PLN
SO-2026-005696,2,2026-05-04,2026-05-07,PL-WEB-01,C021411,VM-CMP-0009,1,356.29,0.0,PLN
SO-2026-005697,1,2026-05-04,2026-05-05,PL-WEB-01,C016158,VM-NUT-0011,3,54.96,0.05,PLN
SO-2026-005697,2,2026-05-04,2026-05-05,PL-WEB-01,C016158,VM-EBK-0005,1,17764.09,0.05,PLN
SO-2026-005697,3,2026-05-04,2026-05-05,PL-WEB-01,C016158,VM-BIK-0009,1,5741.51,0.05,PLN
SO-2026-005697,4,2026-05-04,2026-05-05,PL-WEB-01,C016158, VM-CMP-0001 ,1,407.19,0.05,PLN
SO-2026-005698,1,2026-05-04,2026-05-06,PL-WEB-01,C014667,VM-APP-0018,2,132.33,0.0,PLN
SO-2026-005699,1,2026-05-04,2026-05-07,PL-WEB-01,C001956,VM-EBK-0008,1,15371.79,0.0,PLN
SO-2026-005699,2,2026-05-04,2026-05-07,PL-WEB-01,C001956,VM-ACC-0018,3,50.89,0.0,PLN
SO-2026-005700,1,2026-05-04,2026-05-08,PL-WEB-01,C010361,VM-APP-0004,2,244.31,0.0,PLN
SO-2026-005700,2,2026-05-04,2026-05-08,PL-WEB-01,C010361,VM-CMP-0013,1,539.53,0.0,PLN
SO-2026-005700,3,2026-05-04,2026-05-08,PL-WEB-01,C010361, VM-NUT-0002 ,15,15.26,0.0,PLN
SO-2026-005701,1,2026-05-04,2026-05-05,PL-WEB-01,C021412,VM-BIK-0012,1,12022.57,0.0,PLN
SO-2026-005702,1,2026-05-04,2026-05-06,PL-WEB-01,C021413,VM-EBK-0005,1,17764.09,0.1,PLN
SO-2026-005702,2,2026-05-04,2026-05-06,PL-WEB-01,C021413,VM-ACC-0014,1,111.97,0.0,PLN
SO-2026-005702,3,2026-05-04,2026-05-06,PL-WEB-01,C021413,VM-APP-0013,1,447.91,0.0,PLN
SO-2026-005703,1,2026-05-04,2026-05-07,PL-WEB-01,C021414,VM-EBK-0005,1,17764.09,0.0,PLN
SO-2026-005704,1,2026-05-04,2026-05-08,PL-WEB-01,C021415,VM-BIK-0013,1,4886.39,0.0,PLN
SO-2026-005705,1,2026-05-04,2026-05-07,PL-WEB-01,C021416,VM-ACC-0007,1,366.47,0.0,PLN
SO-2026-005705,2,2026-05-04,2026-05-07,PL-WEB-01,C021416,VM-BIK-0014,1,3898.93,0.0,PLN
SO-2026-005705,3,2026-05-04,2026-05-07,PL-WEB-01,C021416,VM-EBK-0003,1,9253.61,0.0,PLN
SO-2026-005705,4,2026-05-04,2026-05-07,PL-WEB-01,C021416,VM-APP-0018,1,132.33,0.0,PLN
SO-2026-005706,1,2026-05-04,2026-05-06,PL-WEB-01,C021417,VM-NUT-0006,5,10.17,0.0,PLN
SO-2026-005707,1,2026-05-04,2026-05-08,PL-WEB-01,C019631, VM-CMP-0013 ,5,539.53,0.12,PLN
SO-2026-005708,1,2026-05-04,2026-05-07,PL-MKT-01,C020216,VM-ACC-0016,1,29.51,0.0,PLN
SO-2026-005708,2,2026-05-04,2026-05-07,PL-MKT-01,C020216,VM-EBK-0010,1,13732.81,0.0,PLN
SO-2026-005709,1,2026-05-04,2026-05-08,PL-MKT-01,C016823,VM-BIK-0009,1,5741.51,0.05,PLN
SO-2026-005709,2,2026-05-04,2026-05-08,PL-MKT-01,C016823,VM-ACC-0013,1,173.05,0.05,PLN
SO-2026-005710,1,2026-05-04,2026-05-07,PL-MKT-01,C021418,VM-BIK-0016,1,3654.61,0.0,PLN
SO-2026-005710,2,2026-05-04,2026-05-07,PL-MKT-01,C021418,VM-ACC-0007,2,366.47,0.0,PLN
SO-2026-005710,3,2026-05-04,2026-05-07,PL-MKT-01,C021418,VM-ACC-0008,2,407.19,0.0,PLN
SO-2026-005711,1,2026-05-04,2026-05-07,PL-MKT-01,C012364,VM-ACC-0003,1,295.21,0.0,PLN
SO-2026-005711,2,2026-05-04,2026-05-07,PL-MKT-01,C012364,VM-ACC-0008,2,407.19,0.0,PLN
SO-2026-005711,3,2026-05-04,2026-05-07,PL-MKT-01,C012364,VM-ACC-0007,2,366.47,0.0,PLN
SO-2026-005712,1,2026-05-04,2026-05-06,PL-MKT-01,C021419,VM-NUT-0002,15,15.26,0.0,PLN
SO-2026-005712,2,2026-05-04,2026-05-06,PL-MKT-01,C021419,VM-CMP-0020,2,264.67,0.0,PLN
SO-2026-005713,1,2026-05-04,2026-05-05,PL-MKT-01,C021420,VM-ACC-0010,2,254.49,0.0,PLN
SO-2026-005714,1,2026-05-04,2026-05-06,PL-MKT-01,C021421,VM-NUT-0001,13,9.15,0.0,PLN
SO-2026-005714,2,2026-05-04,2026-05-06,PL-MKT-01,C021421,VM-BIK-0001,1,13936.41,0.0,PLN
SO-2026-005715,1,2026-05-04,2026-05-05,PL-MKT-01,C021422,VM-APP-0018,2,132.33,0.0,PLN
SO-2026-005715,2,2026-05-04,2026-05-05,PL-MKT-01,C021422,VM-APP-0007,1,162.87,0.0,PLN
SO-2026-005716,1,2026-05-04,2026-05-05,PL-MKT-01,C021423,VM-BIK-0007,1,7176.89,0.0,PLN
SO-2026-005716,2,2026-05-04,2026-05-05,PL-MKT-01,C021423,VM-ACC-0008,2,407.19,0.0,PLN
SO-2026-005717,1,2026-05-04,2026-05-08,PL-MKT-01,C018156,VM-ACC-0014,1,111.97,0.0,PLN
SO-2026-005717,2,2026-05-04,2026-05-08,PL-MKT-01,C018156,VM-CMP-0019,3,213.77,0.0,PLN
SO-2026-005718,1,2026-05-04,2026-05-08,PL-MKT-01,C018669,VM-APP-0002,3,447.91,0.0,PLN
SO-2026-005719,1,2026-05-04,2026-05-07,PL-MKT-01,C021424,VM-APP-0006,2,315.57,0.05,PLN
SO-2026-005719,2,2026-05-04,2026-05-07,PL-MKT-01,C021424,VM-NUT-0009,4,86.52,0.05,PLN
SO-2026-005719,3,2026-05-04,2026-05-07,PL-MKT-01,C021424,VM-CMP-0005,2,1506.63,0.05,PLN
SO-2026-005720,1,2026-05-04,2026-05-05,PL-MKT-01,C021425,VM-BIK-0006,1,6708.61,0.0,PLN
SO-2026-005721,1,2026-05-04,2026-05-05,PL-MKT-01,C020998,VM-APP-0013,1,447.91,0.0,PLN
SO-2026-005722,1,2026-05-04,2026-05-08,PL-MKT-01,C016902,VM-BIK-0009,1,5741.51,0.05,PLN
SO-2026-005723,1,2026-05-04,2026-05-04,CZ-PRG-01,C020250,VM-ACC-0014,1,645.0,0.0,CZK
SO-2026-005723,2,2026-05-04,2026-05-04,CZ-PRG-01,C020250,VM-APP-0015,1,3344.0,0.0,CZK
SO-2026-005724,1,2026-05-04,2026-05-04,CZ-PRG-01,,VM-ACC-0005,2,1056.0,0.0,CZK
SO-2026-005725,1,2026-05-04,2026-05-04,CZ-PRG-01,,VM-NUT-0008,8,59.0,0.0,CZK
SO-2026-005726,1,2026-05-04,2026-05-04,CZ-PRG-01,C021426,VM-NUT-0008,11,59.0,0.0,CZK
SO-2026-005726,2,2026-05-04,2026-05-04,CZ-PRG-01,C021426,VM-CMP-0005,2,8684.0,0.0,CZK
SO-2026-005726,3,2026-05-04,2026-05-04,CZ-PRG-01,C021426,VM-APP-0020,1,1056.0,0.0,CZK
SO-2026-005726,4,2026-05-04,2026-05-04,CZ-PRG-01,C021426,VM-APP-0012,1,5105.0,0.0,CZK
SO-2026-005727,1,2026-05-04,2026-05-04,CZ-BRN-01,,VM-NUT-0002,5,88.0,0.0,CZK
SO-2026-005727,2,2026-05-04,2026-05-04,CZ-BRN-01,,VM-EBK-0008,1,88598.0,0.0,CZK
SO-2026-005727,3,2026-05-04,2026-05-04,CZ-BRN-01,,VM-NUT-0003,11,64.0,0.0,CZK
SO-2026-005728,1,2026-05-04,2026-05-06,CZ-WEB-01,C019575,VM-BIK-0012,1,69294.0,0.05,CZK
SO-2026-005728,2,2026-05-04,2026-05-06,CZ-WEB-01,C019575,VM-CMP-0015,1,5398.0,0.05,CZK
SO-2026-005729,1,2026-05-04,2026-05-08,CZ-WEB-01,C001436,VM-CMP-0020,3,1525.0,0.1,CZK
SO-2026-005730,1,2026-05-04,2026-05-07,CZ-WEB-01,C018595,VM-CMP-0019,4,1232.0,0.05,CZK
SO-2026-005730,2,2026-05-04,2026-05-07,CZ-WEB-01,C018595,VM-NUT-0002,13,88.0,0.05,CZK
SO-2026-005730,3,2026-05-04,2026-05-07,CZ-WEB-01,C018595,VM-EBK-0004,1,65011.0,0.05,CZK
SO-2026-005731,1,2026-05-04,2026-05-04,DE-BER-01,C010554,VM-CMP-0023,2,14.11,0.08,EUR
SO-2026-005731,2,2026-05-04,2026-05-04,DE-BER-01,C010554,VM-ACC-0010,2,59.8,0.1,EUR
SO-2026-005732,1,2026-05-04,2026-05-04,DE-BER-01,,VM-BIK-0012,1,2824.85,0.0,EUR
SO-2026-005733,1,2026-05-04,2026-05-04,DE-BER-01,,VM-ACC-0007,2,86.11,0.0,EUR
SO-2026-005734,1,2026-05-04,2026-05-07,DE-WEB-01,C011702,VM-ACC-0008,1,95.67,0.0,EUR
SO-2026-005735,1,2026-05-04,2026-05-06,DE-WEB-01,C014486,VM-BIK-0012,1,2824.85,0.0,EUR
SO-2026-005735,2,2026-05-04,2026-05-06,DE-WEB-01,C014486,VM-ACC-0019,1,11.96,0.0,EUR
SO-2026-005736,1,2026-05-04,2026-05-06,DE-WEB-01,C021427,VM-APP-0010,1,40.66,0.0,EUR
SO-2026-005737,1,2026-05-04,2026-05-05,DE-WEB-01,C021428, VM-BIK-0001 ,1,3274.53,0.0,EUR
SO-2026-005738,1,2026-05-04,2026-05-05,DE-WEB-01,C020946,VM-ACC-0002,10,145.9,0.1,EUR
SO-2026-005739,1,2026-05-04,2026-05-07,DE-WEB-01,C019829,VM-EBK-0004,1,2650.24,0.0,EUR
SO-2026-005739,2,2026-05-04,2026-05-07,DE-WEB-01,C019829,VM-BIK-0019,1,289.42,0.0,EUR
SO-2026-005740,1,2026-05-04,2026-05-06,DE-WEB-01,C015963,VM-CMP-0014,2,102.85,0.1,EUR
SO-2026-005741,1,2026-05-04,2026-05-07,DE-WEB-01,C021429,VM-BIK-0015,1,739.1,0.0,EUR
SO-2026-005741,2,2026-05-04,2026-05-07,DE-WEB-01,C021429,VM-ACC-0014,1,26.31,0.0,EUR
SO-2026-005742,1,2026-05-04,2026-05-08,DE-WEB-01,C013792,VM-EBK-0007,5,3516.12,0.12,EUR
SO-2026-005742,2,2026-05-04,2026-05-08,DE-WEB-01,C013792, VM-ACC-0007 ,8,86.11,0.08,EUR
SO-2026-005743,1,2026-05-04,2026-05-05,DE-WEB-01,C021430,VM-NUT-0004,6,1.67,0.0,EUR
SO-2026-005744,1,2026-05-04,2026-05-05,DE-WEB-01,C010112,VM-BIK-0012,1,2824.85,0.05,EUR
SO-2026-005744,2,2026-05-04,2026-05-05,DE-WEB-01,C010112,VM-ACC-0007,1,86.11,0.05,EUR
SO-2026-005745,1,2026-05-05,2026-05-05,PL-WAW-01,,VM-ACC-0004,2,794.03,0.0,PLN
SO-2026-005746,1,2026-05-05,2026-05-05,PL-WAW-01,C009317,VM-BIK-0006,1,6708.61,0.0,PLN
SO-2026-005747,1,2026-05-05,2026-05-05,PL-WAW-01,C020213,VM-NUT-0004,4,7.12,0.0,PLN
SO-2026-005747,2,2026-05-05,2026-05-05,PL-WAW-01,C020213,VM-NUT-0011,1,54.96,0.0,PLN
SO-2026-005747,3,2026-05-05,2026-05-05,PL-WAW-01,C020213,VM-BIK-0009,1,5741.51,0.0,PLN
SO-2026-005748,1,2026-05-05,2026-05-05,PL-WAW-01,C021431,VM-ACC-0017,2,59.03,0.0,PLN
SO-2026-005749,1,2026-05-05,2026-05-05,PL-WAW-01,,VM-ACC-0009,1,407.19,0.0,PLN
SO-2026-005750,1,2026-05-05,2026-05-05,PL-WAW-02,,VM-EBK-0005,1,17764.09,0.0,PLN
SO-2026-005751,1,2026-05-05,2026-05-05,PL-WAW-02,C021432,VM-NUT-0004,10,7.12,0.0,PLN
SO-2026-005751,2,2026-05-05,2026-05-05,PL-WAW-02,C021432,VM-BIK-0022,1,1425.19,0.0,PLN
SO-2026-005751,3,2026-05-05,2026-05-05,PL-WAW-02,C021432,VM-NUT-0002,14,15.26,0.0,PLN
SO-2026-005751,4,2026-05-05,2026-05-05,PL-WAW-02,C021432,VM-NUT-0001,15,9.15,0.0,PLN
SO-2026-005752,1,2026-05-05,2026-05-05,PL-KRK-01,C021433,VM-BIK-0011,1,8805.69,0.0,PLN
SO-2026-005752,2,2026-05-05,2026-05-05,PL-KRK-01,C021433,VM-ACC-0014,1,111.97,0.1,PLN
SO-2026-005752,3,2026-05-05,2026-05-05,PL-KRK-01,C021433,VM-ACC-0017,3,59.03,0.1,PLN
SO-2026-005753,1,2026-05-05,2026-05-05,PL-KRK-01,C021198,VM-EBK-0009,1,10088.37,0.0,PLN
SO-2026-005753,2,2026-05-05,2026-05-05,PL-KRK-01,C021198,VM-CMP-0005,2,1506.63,0.0,PLN
SO-2026-005753,3,2026-05-05,2026-05-05,PL-KRK-01,C021198,VM-ACC-0008,1,407.19,0.0,PLN
SO-2026-005754,1,2026-05-05,2026-05-05,PL-KRK-01,C018833,VM-NUT-0001,7,9.15,0.0,PLN
SO-2026-005755,1,2026-05-05,2026-05-05,PL-KRK-01,,VM-CMP-0022,1,36.64,0.0,PLN
SO-2026-005755,2,2026-05-05,2026-05-05,PL-KRK-01,,VM-EBK-0008,1,15371.79,0.0,PLN
SO-2026-005755,3,2026-05-05,2026-05-05,PL-KRK-01,,VM-BIK-0021,1,1272.49,0.0,PLN
SO-2026-005756,1,2026-05-05,2026-05-05,PL-WRO-01,,VM-ACC-0002,2,620.97,0.0,PLN
SO-2026-005756,2,2026-05-05,2026-05-05,PL-WRO-01,,VM-ACC-0001,1,386.83,0.0,PLN
SO-2026-005756,3,2026-05-05,2026-05-05,PL-WRO-01,,VM-NUT-0004,4,7.12,0.0,PLN
SO-2026-005757,1,2026-05-05,2026-05-05,PL-WRO-01,C021090,VM-ACC-0006,1,967.09,0.05,PLN
SO-2026-005757,2,2026-05-05,2026-05-05,PL-WRO-01,C021090, VM-APP-0004 ,1,244.31,0.0,PLN
SO-2026-005758,1,2026-05-05,2026-05-05,PL-WRO-01,,VM-BIK-0007,1,7176.89,0.0,PLN
SO-2026-005759,1,2026-05-05,2026-05-05,PL-GDN-01,C021434,VM-NUT-0011,1,54.96,0.0,PLN
SO-2026-005760,1,2026-05-05,2026-05-05,PL-POZ-01,,VM-ACC-0022,1,1598.25,0.0,PLN
SO-2026-005761,1,2026-05-05,2026-05-05,PL-POZ-01,C006776,VM-BIK-0017,1,1944.37,0.0,PLN
SO-2026-005762,1,2026-05-05,2026-05-05,PL-POZ-01,,VM-CMP-0005,1,1506.63,0.0,PLN
SO-2026-005762,2,2026-05-05,2026-05-05,PL-POZ-01,,VM-BIK-0013,1,4886.39,0.0,PLN
SO-2026-005763,1,2026-05-05,2026-05-05,PL-LDZ-01,,VM-NUT-0003,5,11.19,0.0,PLN
SO-2026-005763,2,2026-05-05,2026-05-05,PL-LDZ-01,,VM-BIK-0007,1,7176.89,0.0,PLN
SO-2026-005763,3,2026-05-05,2026-05-05,PL-LDZ-01,,VM-BIK-0009,1,5741.51,0.0,PLN
SO-2026-005764,1,2026-05-05,2026-05-05,PL-LDZ-01,,VM-EBK-0003,1,9253.61,0.0,PLN
SO-2026-005765,1,2026-05-05,2026-05-05,PL-LDZ-01,C021435,VM-CMP-0008,1,447.91,0.0,PLN
SO-2026-005766,1,2026-05-05,2026-05-05,PL-LDZ-01,C007593,VM-BIK-0012,1,12022.57,0.05,PLN
SO-2026-005767,1,2026-05-05,2026-05-06,PL-WEB-01,C016419,VM-BIK-0020,1,1231.77,0.0,PLN
SO-2026-005768,1,2026-05-05,2026-05-06,PL-WEB-01,C021436,VM-EBK-0002,1,10129.09,0.0,PLN
SO-2026-005769,1,2026-05-05,2026-05-08,PL-WEB-01,C020444,VM-CMP-0016,1,2504.27,0.05,PLN
SO-2026-005770,1,2026-05-05,2026-05-08,PL-WEB-01,C021437,VM-NUT-0008,11,10.17,0.0,PLN
SO-2026-005770,2,2026-05-05,2026-05-08,PL-WEB-01,C021437,VM-APP-0017,2,193.41,0.0,PLN
SO-2026-005770,3,2026-05-05,2026-05-08,PL-WEB-01,C021437,VM-BIK-0020,1,1231.77,0.0,PLN
SO-2026-005771,1,2026-05-05,2026-05-07,PL-WEB-01,C021438,VM-EBK-0002,1,10129.09,0.05,PLN
SO-2026-005771,2,2026-05-05,2026-05-07,PL-WEB-01,C021438,VM-BIK-0013,1,4886.39,0.05,PLN
SO-2026-005772,1,2026-05-05,2026-05-07,PL-WEB-01,C021439,VM-ACC-0020,1,824.57,0.05,PLN
SO-2026-005772,2,2026-05-05,2026-05-07,PL-WEB-01,C021439,VM-APP-0014,1,498.81,0.05,PLN
SO-2026-005773,1,2026-05-05,2026-05-08,PL-WEB-01,C016137,VM-NUT-0004,13,7.12,0.0,PLN
SO-2026-005773,2,2026-05-05,2026-05-08,PL-WEB-01,C016137,VM-EBK-0008,1,15371.79,0.0,PLN
SO-2026-005774,1,2026-05-05,2026-05-08,PL-WEB-01,C015444,VM-BIK-0019,1,1231.77,0.0,PLN
SO-2026-005775,1,2026-05-05,2026-05-06,PL-WEB-01,C016552,VM-ACC-0012,1,73.29,0.0,PLN
SO-2026-005775,2,2026-05-05,2026-05-06,PL-WEB-01,C016552,VM-CMP-0013,2,539.53,0.0,PLN
SO-2026-005775,3,2026-05-05,2026-05-06,PL-WEB-01,C016552,VM-ACC-0016,1,29.51,0.0,PLN
SO-2026-005776,1,2026-05-05,2026-05-07,PL-WEB-01,C017155,VM-NUT-0001,6,9.15,0.0,PLN
SO-2026-005777,1,2026-05-05,2026-05-09,PL-WEB-01,C019730,VM-CMP-0015,1,936.55,0.0,PLN
SO-2026-005778,1,2026-05-05,2026-05-06,PL-WEB-01,C019525,VM-BIK-0021,1,1272.49,0.05,PLN
SO-2026-005778,2,2026-05-05,2026-05-06,PL-WEB-01,C019525,VM-ACC-0003,1,295.21,0.05,PLN
SO-2026-005779,1,2026-05-05,2026-05-08,PL-WEB-01,C020837,VM-BIK-0013,1,4886.39,0.0,PLN
SO-2026-005780,1,2026-05-05,2026-05-08,PL-WEB-01,C021440,VM-BIK-0013,1,4886.39,0.0,PLN
SO-2026-005781,1,2026-05-05,2026-05-08,PL-WEB-01,C021441,VM-EBK-0003,1,9253.61,0.0,PLN
SO-2026-005782,1,2026-05-05,2026-05-09,PL-WEB-01,C021442,VM-ACC-0003,2,295.21,0.0,PLN
SO-2026-005782,2,2026-05-05,2026-05-09,PL-WEB-01,C021442,VM-BIK-0017,1,1944.37,0.1,PLN
SO-2026-005782,3,2026-05-05,2026-05-09,PL-WEB-01,C021442,VM-CMP-0013,2,539.53,0.1,PLN
SO-2026-005782,4,2026-05-05,2026-05-09,PL-WEB-01,C021442,VM-NUT-0009,4,86.52,0.0,PLN
SO-2026-005783,1,2026-05-05,2026-05-08,PL-WEB-01,C007163,VM-APP-0020,2,183.23,0.0,PLN
SO-2026-005784,1,2026-05-05,2026-05-08,PL-WEB-01,C021443,VM-APP-0002,3,447.91,0.0,PLN
SO-2026-005785,1,2026-05-05,2026-05-09,PL-MKT-01,C017295,VM-NUT-0011,2,54.96,0.05,PLN
SO-2026-005785,2,2026-05-05,2026-05-09,PL-MKT-01,C017295,VM-EBK-0008,1,15371.79,0.05,PLN
SO-2026-005786,1,2026-05-05,2026-05-06,PL-MKT-01,C021444,VM-NUT-0008,9,10.17,0.0,PLN
SO-2026-005786,2,2026-05-05,2026-05-06,PL-MKT-01,C021444,VM-NUT-0001,10,9.15,0.0,PLN
SO-2026-005787,1,2026-05-05,2026-05-06,PL-MKT-01,C013571,VM-NUT-0006,8,10.17,0.05,PLN
SO-2026-005788,1,2026-05-05,2026-05-08,PL-MKT-01,C021445,VM-APP-0006,10,315.57,0.08,PLN
SO-2026-005788,2,2026-05-05,2026-05-08,PL-MKT-01,C021445,VM-CMP-0003,5,244.31,0.08,PLN
SO-2026-005788,3,2026-05-05,2026-05-08,PL-MKT-01,C021445,VM-BIK-0022,4,1425.19,0.1,PLN
SO-2026-005789,1,2026-05-05,2026-05-08,PL-MKT-01,C021446,VM-APP-0010,1,173.05,0.0,PLN
SO-2026-005790,1,2026-05-05,2026-05-07,PL-MKT-01,C021447,VM-NUT-0002,14,15.26,0.0,PLN
SO-2026-005791,1,2026-05-05,2026-05-07,PL-MKT-01,C014257,VM-ACC-0007,1,366.47,0.05,PLN
SO-2026-005791,2,2026-05-05,2026-05-07,PL-MKT-01,C014257,VM-BIK-0013,1,4886.39,0.05,PLN
SO-2026-005792,1,2026-05-05,2026-05-09,PL-MKT-01,C014643,VM-ACC-0008,10,407.19,0.12,PLN
SO-2026-005793,1,2026-05-05,2026-05-09,PL-MKT-01,C021448,VM-APP-0008,1,162.87,0.05,PLN
SO-2026-005794,1,2026-05-05,2026-05-05,CZ-PRG-01,C021449,VM-ACC-0002,2,3579.0,0.0,CZK
SO-2026-005794,2,2026-05-05,2026-05-05,CZ-PRG-01,C021449,VM-CMP-0007,1,3696.0,0.0,CZK
SO-2026-005795,1,2026-05-05,2026-05-05,CZ-PRG-01,C019971,VM-NUT-0004,10,41.0,0.0,CZK
SO-2026-005796,1,2026-05-05,2026-05-05,CZ-BRN-01,,VM-APP-0003,3,1819.0,0.0,CZK
SO-2026-005797,1,2026-05-05,2026-05-05,CZ-BRN-01,, VM-ACC-0019 ,1,293.0,0.0,CZK
SO-2026-005798,1,2026-05-05,2026-05-05,CZ-BRN-01,,VM-NUT-0003,3,64.0,0.0,CZK
SO-2026-005798,2,2026-05-05,2026-05-05,CZ-BRN-01,,VM-EBK-0005,1,102387.0,0.0,CZK
SO-2026-005798,3,2026-05-05,2026-05-05,CZ-BRN-01,,VM-BIK-0013,1,28164.0,0.0,CZK
SO-2026-005798,4,2026-05-05,2026-05-05,CZ-BRN-01,,VM-NUT-0006,8,59.0,0.0,CZK
SO-2026-005799,1,2026-05-05,2026-05-09,CZ-WEB-01,C021450,VM-CMP-0005,1,8684.0,0.05,CZK
SO-2026-005800,1,2026-05-05,2026-05-07,CZ-WEB-01,C021451,VM-EBK-0005,1,102387.0,0.0,CZK
SO-2026-005801,1,2026-05-05,2026-05-07,CZ-WEB-01,C015517,VM-BIK-0017,1,11207.0,0.05,CZK
SO-2026-005801,2,2026-05-05,2026-05-07,CZ-WEB-01,C015517,VM-ACC-0005,2,1056.0,0.05,CZK
SO-2026-005801,3,2026-05-05,2026-05-07,CZ-WEB-01,C015517,VM-NUT-0002,4,88.0,0.05,CZK
SO-2026-005801,4,2026-05-05,2026-05-07,CZ-WEB-01,C015517,VM-ACC-0008,2,2347.0,0.05,CZK
SO-2026-005802,1,2026-05-05,2026-05-09,CZ-WEB-01,C021452,VM-EBK-0005,1,102387.0,0.0,CZK
SO-2026-005803,1,2026-05-05,2026-05-06,CZ-WEB-01,C021453,VM-APP-0002,3,2582.0,0.0,CZK
SO-2026-005804,1,2026-05-05,2026-05-08,CZ-WEB-01,C021454,VM-BIK-0012,1,69294.0,0.0,CZK
SO-2026-005805,1,2026-05-05,2026-05-06,CZ-WEB-01,C021455,VM-EBK-0008,1,88598.0,0.0,CZK
SO-2026-005806,1,2026-05-05,2026-05-09,CZ-WEB-01,C021456,VM-BIK-0008,1,31156.0,0.0,CZK
SO-2026-005806,2,2026-05-05,2026-05-09,CZ-WEB-01,C021456,VM-CMP-0017,2,2934.0,0.0,CZK
SO-2026-005807,1,2026-05-05,2026-05-08,CZ-WEB-01,C021457,VM-BIK-0017,1,11207.0,0.1,CZK
SO-2026-005807,2,2026-05-05,2026-05-08,CZ-WEB-01,C021457,VM-ACC-0014,1,645.0,0.0,CZK
SO-2026-005807,3,2026-05-05,2026-05-08,CZ-WEB-01,C021457,VM-ACC-0018,3,293.0,0.0,CZK
SO-2026-005808,1,2026-05-05,2026-05-05,DE-BER-01,,VM-ACC-0014,1,26.31,0.0,EUR
SO-2026-005809,1,2026-05-05,2026-05-05,DE-BER-01,C017692,VM-EBK-0009,1,2370.39,0.0,EUR
SO-2026-005810,1,2026-05-05,2026-05-05,DE-BER-01,C021458,VM-ACC-0018,2,11.96,0.0,EUR
SO-2026-005811,1,2026-05-05,2026-05-07,DE-WEB-01,C021459,VM-BIK-0007,1,1686.3,0.0,EUR
SO-2026-005812,1,2026-05-05,2026-05-09,DE-WEB-01,C021460,VM-NUT-0002,11,3.59,0.0,EUR
SO-2026-005812,2,2026-05-05,2026-05-09,DE-WEB-01,C021460, VM-NUT-0008 ,6,2.39,0.0,EUR
SO-2026-005812,3,2026-05-05,2026-05-09,DE-WEB-01,C021460,vm-bik-0005,1,1772.41,0.0,EUR
SO-2026-005813,1,2026-05-05,2026-05-08,DE-WEB-01,C016231,VM-CMP-0004,1,172.22,0.0,EUR
SO-2026-005814,1,2026-05-05,2026-05-09,DE-WEB-01,C021461,VM-CMP-0022,1,8.61,0.05,EUR
SO-2026-005814,2,2026-05-05,2026-05-09,DE-WEB-01,C021461,VM-ACC-0021,1,186.57,0.05,EUR
SO-2026-005814,3,2026-05-05,2026-05-09,DE-WEB-01,C021461,VM-BIK-0007,1,1686.3,0.05,EUR
SO-2026-005814,4,2026-05-05,2026-05-09,DE-WEB-01,C021461,VM-EBK-0003,1,2174.25,0.05,EUR
SO-2026-005815,1,2026-05-05,2026-05-06,DE-WEB-01,C019900,VM-EBK-0008,1,3611.79,0.0,EUR
SO-2026-005816,1,2026-05-05,2026-05-06,DE-WEB-01,C019704,VM-CMP-0015,2,220.05,0.0,EUR
SO-2026-005817,1,2026-05-06,2026-05-06,PL-WAW-01,C021462,VM-BIK-0007,1,7176.89,0.0,PLN
SO-2026-005818,1,2026-05-06,2026-05-06,PL-WAW-01,C021463,VM-CMP-0022,1,36.64,0.0,PLN
SO-2026-005819,1,2026-05-06,2026-05-06,PL-WAW-01,,VM-BIK-0022,1,1425.19,0.0,PLN
SO-2026-005819,2,2026-05-06,2026-05-06,PL-WAW-01,,VM-EBK-0003,1,9253.61,0.0,PLN
SO-2026-005819,3,2026-05-06,2026-05-06,PL-WAW-01,,VM-APP-0011,2,417.37,0.0,PLN
SO-2026-005819,4,2026-05-06,2026-05-06,PL-WAW-01,,VM-ACC-0018,2,50.89,0.0,PLN
SO-2026-005820,1,2026-05-06,2026-05-06,PL-WAW-01,C017291,VM-ACC-0018,3,50.89,0.0,PLN
SO-2026-005820,2,2026-05-06,2026-05-06,PL-WAW-01,C017291,VM-CMP-0020,3,264.67,0.0,PLN
SO-2026-005821,1,2026-05-06,2026-05-06,PL-WAW-02,C015183,VM-NUT-0008,6,10.17,0.0,PLN
SO-2026-005822,1,2026-05-06,2026-05-06,PL-WAW-02,C014988,VM-BIK-0011,3,8805.69,0.1,PLN
SO-2026-005823,1,2026-05-06,2026-05-06,PL-WAW-02,,VM-CMP-0016,2,2504.27,0.0,PLN
SO-2026-005823,2,2026-05-06,2026-05-06,PL-WAW-02,,VM-ACC-0003,1,295.21,0.0,PLN
SO-2026-005823,3,2026-05-06,2026-05-06,PL-WAW-02,,VM-CMP-0021,1,48.85,0.0,PLN
SO-2026-005824,1,2026-05-06,2026-05-06,PL-WAW-02,C012239,VM-BIK-0012,1,12022.57,0.0,PLN
SO-2026-005825,1,2026-05-06,2026-05-06,PL-KRK-01,,VM-ACC-0010,1,254.49,0.0,PLN
SO-2026-005826,1,2026-05-06,2026-05-06,PL-KRK-01,C008401,VM-BIK-0013,1,4886.39,0.05,PLN
SO-2026-005827,1,2026-05-06,2026-05-06,PL-KRK-01,,VM-NUT-0004,13,7.12,0.0,PLN
SO-2026-005828,1,2026-05-06,2026-05-06,PL-KRK-01,C010384,VM-NUT-0007,12,13.22,0.0,PLN
SO-2026-005829,1,2026-05-06,2026-05-06,PL-KRK-01,C020216,VM-CMP-0016,1,2504.27,0.0,PLN
SO-2026-005829,2,2026-05-06,2026-05-06,PL-KRK-01,C020216,VM-ACC-0003,1,295.21,0.05,PLN
SO-2026-005830,1,2026-05-06,2026-05-06,PL-WRO-01,C021464,VM-NUT-0007,11,13.22,0.0,PLN
SO-2026-005830,2,2026-05-06,2026-05-06,PL-WRO-01,C021464,VM-ACC-0004,2,794.03,0.0,PLN
SO-2026-005831,1,2026-05-06,2026-05-06,PL-WRO-01,C021465,vm-app-0002,2,447.91,0.0,PLN
SO-2026-005831,2,2026-05-06,2026-05-06,PL-WRO-01,C021465,VM-BIK-0017,1,1944.37,0.0,PLN
SO-2026-005831,3,2026-05-06,2026-05-06,PL-WRO-01,C021465,VM-EBK-0002,1,10129.09,0.0,PLN
SO-2026-005832,1,2026-05-06,2026-05-06,PL-WRO-01,C021466,VM-NUT-0006,9,10.17,0.0,PLN
SO-2026-005833,1,2026-05-06,2026-05-06,PL-WRO-01,C019015,VM-ACC-0014,1,111.97,0.0,PLN
SO-2026-005833,2,2026-05-06,2026-05-06,PL-WRO-01,C019015,VM-BIK-0020,1,1231.77,0.0,PLN
SO-2026-005834,1,2026-05-06,2026-05-06,PL-WRO-01,,VM-BIK-0012,1,12022.57,0.0,PLN
SO-2026-005834,2,2026-05-06,2026-05-06,PL-WRO-01,,VM-APP-0006,2,315.57,0.0,PLN
SO-2026-005834,3,2026-05-06,2026-05-06,PL-WRO-01,,VM-EBK-0006,1,20502.51,0.0,PLN
SO-2026-005835,1,2026-05-06,2026-05-06,PL-GDN-01,,VM-NUT-0004,10,7.12,0.0,PLN
SO-2026-005836,1,2026-05-06,2026-05-06,PL-POZ-01,C015977,VM-BIK-0020,1,1231.77,0.0,PLN
SO-2026-005836,2,2026-05-06,2026-05-06,PL-POZ-01,C015977,VM-BIK-0019,1,1231.77,0.0,PLN
SO-2026-005836,3,2026-05-06,2026-05-06,PL-POZ-01,C015977,VM-NUT-0007,9,13.22,0.0,PLN
SO-2026-005836,4,2026-05-06,2026-05-06,PL-POZ-01,C015977,VM-ACC-0014,1,111.97,0.0,PLN
SO-2026-005837,1,2026-05-06,2026-05-06,PL-POZ-01,,VM-CMP-0013,2,539.53,0.0,PLN
SO-2026-005837,2,2026-05-06,2026-05-06,PL-POZ-01,,VM-BIK-0020,1,1231.77,0.0,PLN
SO-2026-005838,1,2026-05-06,2026-05-06,PL-POZ-01,C015417,VM-NUT-0009,4,86.52,0.0,PLN
SO-2026-005839,1,2026-05-06,2026-05-06,PL-POZ-01,,VM-BIK-0004,1,4346.85,0.0,PLN
SO-2026-005840,1,2026-05-06,2026-05-06,PL-POZ-01,,VM-ACC-0019,1,50.89,0.0,PLN
SO-2026-005840,2,2026-05-06,2026-05-06,PL-POZ-01,,VM-APP-0019,1,67.18,0.0,PLN
SO-2026-005841,1,2026-05-06,2026-05-06,PL-LDZ-01,C018015,VM-BIK-0003,1,6657.71,0.0,PLN
SO-2026-005842,1,2026-05-06,2026-05-07,PL-WEB-01,C014436,VM-BIK-0022,1,1425.19,0.0,PLN
SO-2026-005842,2,2026-05-06,2026-05-07,PL-WEB-01,C014436,VM-ACC-0019,1,50.89,0.0,PLN
SO-2026-005843,1,2026-05-06,2026-05-07,PL-WEB-01,C013506,VM-BIK-0007,1,7176.89,0.0,PLN
SO-2026-005843,2,2026-05-06,2026-05-07,PL-WEB-01,C013506,VM-ACC-0014,1,111.97,0.0,PLN
SO-2026-005844,1,2026-05-06,2026-05-10,PL-WEB-01,C019721,VM-ACC-0014,4,111.97,0.12,PLN
SO-2026-005844,2,2026-05-06,2026-05-10,PL-WEB-01,C019721,VM-ACC-0002,4,620.97,0.1,PLN
SO-2026-005845,1,2026-05-06,2026-05-07,PL-WEB-01,C007656,VM-NUT-0002,12,15.26,0.05,PLN
SO-2026-005845,2,2026-05-06,2026-05-07,PL-WEB-01,C007656,VM-APP-0010,1,173.05,0.05,PLN
SO-2026-005845,3,2026-05-06,2026-05-07,PL-WEB-01,C007656,VM-APP-0007,2,162.87,0.05,PLN
SO-2026-005846,1,2026-05-06,2026-05-07,PL-WEB-01,C016742,VM-NUT-0006,60,10.17,0.08,PLN
SO-2026-005846,2,2026-05-06,2026-05-07,PL-WEB-01,C016742,VM-BIK-0007,3,7176.89,0.12,PLN
SO-2026-005846,3,2026-05-06,2026-05-07,PL-WEB-01,C016742,VM-BIK-0013,5,4886.39,0.08,PLN
SO-2026-005847,1,2026-05-06,2026-05-07,PL-WEB-01,C003986,VM-APP-0017,2,193.41,0.0,PLN
SO-2026-005847,2,2026-05-06,2026-05-07,PL-WEB-01,C003986,VM-ACC-0008,1,407.19,0.0,PLN
SO-2026-005848,1,2026-05-06,2026-05-07,PL-WEB-01,C016217,VM-ACC-0016,2,29.51,0.0,PLN
SO-2026-005848,2,2026-05-06,2026-05-07,PL-WEB-01,C016217,VM-APP-0008,1,162.87,0.05,PLN
SO-2026-005849,1,2026-05-06,2026-05-07,PL-WEB-01,C021226,VM-BIK-0002,1,9803.33,0.0,PLN
SO-2026-005849,2,2026-05-06,2026-05-07,PL-WEB-01,C021226,VM-ACC-0001,2,386.83,0.0,PLN
SO-2026-005849,3,2026-05-06,2026-05-07,PL-WEB-01,C021226,VM-ACC-0009,1,407.19,0.0,PLN
SO-2026-005850,1,2026-05-06,2026-05-07,PL-WEB-01,C019139,VM-CMP-0015,1,936.55,0.05,PLN
SO-2026-005851,1,2026-05-06,2026-05-08,PL-WEB-01,C013343,VM-EBK-0008,1,15371.79,0.0,PLN
SO-2026-005852,1,2026-05-06,2026-05-09,PL-WEB-01,C011726,VM-CMP-0009,2,356.29,0.0,PLN
SO-2026-005853,1,2026-05-06,2026-05-09,PL-WEB-01,C021199,VM-EBK-0008,1,15371.79,0.05,PLN
SO-2026-005853,2,2026-05-06,2026-05-09,PL-WEB-01,C021199,VM-ACC-0017,3,59.03,0.05,PLN
SO-2026-005853,3,2026-05-06,2026-05-09,PL-WEB-01,C021199,VM-BIK-0009,1,5741.51,0.05,PLN
SO-2026-005854,1,2026-05-06,2026-05-10,PL-WEB-01,C021467,VM-NUT-0009,3,86.52,0.05,PLN
SO-2026-005855,1,2026-05-06,2026-05-08,PL-WEB-01,C003582,VM-APP-0002,1,447.91,0.05,PLN
SO-2026-005855,2,2026-05-06,2026-05-08,PL-WEB-01,C003582,VM-CMP-0002,1,570.07,0.0,PLN
SO-2026-005856,1,2026-05-06,2026-05-08,PL-MKT-01,C014014,VM-ACC-0008,2,407.19,0.0,PLN
SO-2026-005856,2,2026-05-06,2026-05-08,PL-MKT-01,C014014,VM-EBK-0005,1,17764.09,0.1,PLN
SO-2026-005857,1,2026-05-06,2026-05-10,PL-MKT-01,C021468,VM-CMP-0009,1,356.29,0.0,PLN
SO-2026-005858,1,2026-05-06,2026-05-10,PL-MKT-01,C020145,VM-ACC-0019,2,50.89,0.0,PLN
SO-2026-005859,1,2026-05-06,2026-05-06,CZ-PRG-01,,VM-BIK-0009,1,33092.0,0.0,CZK
SO-2026-005859,2,2026-05-06,2026-05-06,CZ-PRG-01,,VM-ACC-0014,1,645.0,0.0,CZK
SO-2026-005860,1,2026-05-06,2026-05-06,CZ-PRG-01,,VM-APP-0002,2,2582.0,0.1,CZK
SO-2026-005861,1,2026-05-06,2026-05-06,CZ-PRG-01,C012297,VM-BIK-0006,1,38666.0,0.0,CZK
SO-2026-005862,1,2026-05-06,2026-05-06,CZ-BRN-01,,VM-ACC-0008,2,2347.0,0.0,CZK
SO-2026-005862,2,2026-05-06,2026-05-06,CZ-BRN-01,,VM-CMP-0021,3,282.0,0.0,CZK
SO-2026-005862,3,2026-05-06,2026-05-06,CZ-BRN-01,,VM-NUT-0009,2,499.0,0.0,CZK
SO-2026-005863,1,2026-05-06,2026-05-09,CZ-WEB-01,C014521,VM-ACC-0002,1,3579.0,0.0,CZK
SO-2026-005863,2,2026-05-06,2026-05-09,CZ-WEB-01,C014521,VM-APP-0009,2,2054.0,0.0,CZK
SO-2026-005864,1,2026-05-06,2026-05-10,CZ-WEB-01,C014324,VM-ACC-0008,1,2347.0,0.0,CZK
SO-2026-005864,2,2026-05-06,2026-05-10,CZ-WEB-01,C014324,VM-CMP-0013,2,3110.0,0.0,CZK
SO-2026-005864,3,2026-05-06,2026-05-10,CZ-WEB-01,C014324,VM-APP-0012,1,5105.0,0.0,CZK
SO-2026-005864,4,2026-05-06,2026-05-10,CZ-WEB-01,C014324,VM-NUT-0008,11,59.0,0.0,CZK
SO-2026-005865,1,2026-05-06,2026-05-07,CZ-WEB-01,C021469,VM-APP-0013,1,2582.0,0.0,CZK
SO-2026-005866,1,2026-05-06,2026-05-07,CZ-WEB-01,C015957,VM-NUT-0006,6,59.0,0.0,CZK
SO-2026-005867,1,2026-05-06,2026-05-08,CZ-WEB-01,C013887,VM-EBK-0009,1,58146.0,0.0,CZK
SO-2026-005867,2,2026-05-06,2026-05-08,CZ-WEB-01,C013887,VM-ACC-0008,2,2347.0,0.0,CZK
SO-2026-005868,1,2026-05-06,2026-05-09,CZ-WEB-01,C021470, VM-CMP-0016 ,1,14434.0,0.0,CZK
SO-2026-005869,1,2026-05-06,2026-05-06,DE-BER-01,,VM-NUT-0004,10,1.67,0.0,EUR
SO-2026-005870,1,2026-05-06,2026-05-06,DE-BER-01,,VM-BIK-0006,1,1576.27,0.0,EUR
SO-2026-005871,1,2026-05-06,2026-05-06,DE-BER-01,,VM-CMP-0013,1,126.77,0.0,EUR
SO-2026-005871,2,2026-05-06,2026-05-06,DE-BER-01,,VM-CMP-0007,1,150.69,0.0,EUR
SO-2026-005871,3,2026-05-06,2026-05-06,DE-BER-01,,VM-APP-0017,2,45.44,0.0,EUR
SO-2026-005872,1,2026-05-06,2026-05-07,DE-WEB-01,C014092,VM-CMP-0022,1,8.61,0.0,EUR
SO-2026-005873,1,2026-05-06,2026-05-09,DE-WEB-01,C019649,vm-bik-0005,1,1772.41,0.0,EUR
SO-2026-005873,2,2026-05-06,2026-05-09,DE-WEB-01,C019649,VM-ACC-0006,2,227.23,0.0,EUR
SO-2026-005874,1,2026-05-06,2026-05-10,DE-WEB-01,C021471,VM-ACC-0019,2,11.96,0.0,EUR
SO-2026-005874,2,2026-05-06,2026-05-10,DE-WEB-01,C021471,VM-CMP-0011,1,38.27,0.0,EUR
SO-2026-005874,3,2026-05-06,2026-05-10,DE-WEB-01,C021471,VM-BIK-0007,1,1686.3,0.0,EUR
SO-2026-005874,4,2026-05-06,2026-05-10,DE-WEB-01,C021471,VM-ACC-0012,1,17.22,0.0,EUR
SO-2026-005875,1,2026-05-06,2026-05-08,DE-WEB-01,C020853,VM-CMP-0006,2,47.84,0.0,EUR
SO-2026-005875,2,2026-05-06,2026-05-08,DE-WEB-01,C020853,VM-BIK-0005,1,1772.41,0.0,EUR
SO-2026-005876,1,2026-05-06,2026-05-09,DE-WEB-01,C020041,VM-BIK-0020,3,289.42,0.08,EUR
SO-2026-005877,1,2026-05-06,2026-05-10,DE-WEB-01,C008852,VM-NUT-0009,1,20.33,0.0,EUR
SO-2026-005878,1,2026-05-07,2026-05-07,PL-WAW-01,C003815,VM-EBK-0007,1,14964.59,0.0,PLN
SO-2026-005879,1,2026-05-07,2026-05-07,PL-WAW-01,,VM-EBK-0005,1,17764.09,0.0,PLN
SO-2026-005880,1,2026-05-07,2026-05-07,PL-WAW-01,C020968,VM-NUT-0003,10,11.19,0.0,PLN
SO-2026-005880,2,2026-05-07,2026-05-07,PL-WAW-01,C020968,VM-APP-0007,1,162.87,0.0,PLN
SO-2026-005881,1,2026-05-07,2026-05-07,PL-WAW-01,C021472,VM-CMP-0017,1,508.99,0.05,PLN
SO-2026-005882,1,2026-05-07,2026-05-07,PL-WAW-01,C018649,VM-EBK-0002,1,10129.09,0.0,PLN
SO-2026-005883,1,2026-05-07,2026-05-07,PL-WAW-01,C016784,VM-APP-0005,3,183.23,0.0,PLN
SO-2026-005883,2,2026-05-07,2026-05-07,PL-WAW-01,C016784,VM-ACC-0007,2,366.47,0.0,PLN
SO-2026-005884,1,2026-05-07,2026-05-07,PL-WAW-01,,VM-BIK-0004,1,4346.85,0.0,PLN
SO-2026-005885,1,2026-05-07,2026-05-07,PL-WAW-01,,VM-NUT-0004,3,7.12,0.0,PLN
SO-2026-005885,2,2026-05-07,2026-05-07,PL-WAW-01,,VM-NUT-0009,3,86.52,0.0,PLN
SO-2026-005885,3,2026-05-07,2026-05-07,PL-WAW-01,,VM-EBK-0008,1,15371.79,0.0,PLN
SO-2026-005885,4,2026-05-07,2026-05-07,PL-WAW-01,,VM-BIK-0011,1,8805.69,0.0,PLN
SO-2026-005886,1,2026-05-07,2026-05-07,PL-WAW-02,,VM-NUT-0004,7,7.12,0.1,PLN
SO-2026-005887,1,2026-05-07,2026-05-07,PL-WAW-02,C021473,VM-EBK-0002,1,10129.09,0.0,PLN
SO-2026-005887,2,2026-05-07,2026-05-07,PL-WAW-02,C021473,VM-ACC-0013,1,173.05,0.0,PLN
SO-2026-005887,3,2026-05-07,2026-05-07,PL-WAW-02,C021473,VM-ACC-0018,1,50.89,0.0,PLN
SO-2026-005888,1,2026-05-07,2026-05-07,PL-WAW-02,,VM-BIK-0006,1,6708.61,0.0,PLN
SO-2026-005888,2,2026-05-07,2026-05-07,PL-WAW-02,,VM-BIK-0021,1,1272.49,0.0,PLN
SO-2026-005888,3,2026-05-07,2026-05-07,PL-WAW-02,,VM-BIK-0009,1,5741.51,0.0,PLN
SO-2026-005889,1,2026-05-07,2026-05-07,PL-WAW-02,C012938,VM-CMP-0013,1,539.53,0.05,PLN
SO-2026-005889,2,2026-05-07,2026-05-07,PL-WAW-02,C012938,VM-BIK-0022,1,1425.19,0.05,PLN
SO-2026-005889,3,2026-05-07,2026-05-07,PL-WAW-02,C012938,VM-NUT-0002,9,15.26,0.05,PLN
SO-2026-005890,1,2026-05-07,2026-05-07,PL-KRK-01,C021474,VM-CMP-0015,2,936.55,0.0,PLN
SO-2026-005890,2,2026-05-07,2026-05-07,PL-KRK-01,C021474,VM-EBK-0011,1,14903.51,0.0,PLN
SO-2026-005891,1,2026-05-07,2026-05-07,PL-KRK-01,C019232,VM-ACC-0008,2,407.19,0.0,PLN
SO-2026-005891,2,2026-05-07,2026-05-07,PL-KRK-01,C019232,VM-EBK-0008,1,15371.79,0.0,PLN
SO-2026-005892,1,2026-05-07,2026-05-07,PL-KRK-01,C018343,VM-APP-0012,1,885.65,0.0,PLN
SO-2026-005892,2,2026-05-07,2026-05-07,PL-KRK-01,C018343,VM-CMP-0005,1,1506.63,0.0,PLN
SO-2026-005893,1,2026-05-07,2026-05-07,PL-KRK-01,C021475,VM-NUT-0006,10,10.17,0.0,PLN
SO-2026-005894,1,2026-05-07,2026-05-07,PL-KRK-01,C010058,VM-BIK-0007,1,7176.89,0.0,PLN
SO-2026-005894,2,2026-05-07,2026-05-07,PL-KRK-01,C010058,VM-ACC-0014,1,111.97,0.0,PLN
SO-2026-005894,3,2026-05-07,2026-05-07,PL-KRK-01,C010058,VM-ACC-0018,1,50.89,0.0,PLN
SO-2026-005895,1,2026-05-07,2026-05-07,PL-KRK-01,,VM-BIK-0016,1,3654.61,0.0,PLN
SO-2026-005895,2,2026-05-07,2026-05-07,PL-KRK-01,,VM-CMP-0016,2,2504.27,0.0,PLN
SO-2026-005896,1,2026-05-07,2026-05-07,PL-WRO-01,C021476,VM-APP-0002,1,447.91,0.05,PLN
SO-2026-005897,1,2026-05-07,2026-05-07,PL-WRO-01,C015287,VM-ACC-0008,1,407.19,0.0,PLN
SO-2026-005897,2,2026-05-07,2026-05-07,PL-WRO-01,C015287,VM-APP-0003,2,315.57,0.0,PLN
SO-2026-005898,1,2026-05-07,2026-05-07,PL-WRO-01,C021477,VM-APP-0011,1,417.37,0.0,PLN
SO-2026-005898,2,2026-05-07,2026-05-07,PL-WRO-01,C021477,VM-BIK-0021,1,1272.49,0.0,PLN
SO-2026-005899,1,2026-05-07,2026-05-07,PL-WRO-01,,VM-APP-0013,1,447.91,0.0,PLN
SO-2026-005900,1,2026-05-07,2026-05-07,PL-WRO-01,C012365,VM-ACC-0008,5,407.19,0.12,PLN
SO-2026-005901,1,2026-05-07,2026-05-07,PL-GDN-01,C014739,VM-CMP-0015,1,936.55,0.05,PLN
SO-2026-005901,2,2026-05-07,2026-05-07,PL-GDN-01,C014739,VM-ACC-0008,1,407.19,0.05,PLN
SO-2026-005902,1,2026-05-07,2026-05-07,PL-GDN-01,C021478,VM-EBK-0004,1,11279.43,0.0,PLN
SO-2026-005903,1,2026-05-07,2026-05-07,PL-POZ-01,C012616,VM-NUT-0004,4,7.12,0.0,PLN
SO-2026-005904,1,2026-05-07,2026-05-07,PL-LDZ-01,C010910,VM-NUT-0009,1,86.52,0.05,PLN
SO-2026-005905,1,2026-05-07,2026-05-07,PL-LDZ-01,C017756,VM-EBK-0004,1,11279.43,0.0,PLN
SO-2026-005905,2,2026-05-07,2026-05-07,PL-LDZ-01,C017756,VM-ACC-0018,2,50.89,0.0,PLN
SO-2026-005905,3,2026-05-07,2026-05-07,PL-LDZ-01,C017756,VM-ACC-0014,1,111.97,0.0,PLN
SO-2026-005905,4,2026-05-07,2026-05-07,PL-LDZ-01,C017756,VM-EBK-0011,1,14903.51,0.0,PLN
SO-2026-005906,1,2026-05-07,2026-05-07,PL-LDZ-01,C021479,VM-EBK-0009,1,10088.37,0.0,PLN
SO-2026-005906,2,2026-05-07,2026-05-07,PL-LDZ-01,C021479,VM-BIK-0011,1,8805.69,0.0,PLN
SO-2026-005907,1,2026-05-07,2026-05-10,PL-WEB-01,C021480,VM-APP-0002,3,447.91,0.0,PLN
SO-2026-005907,2,2026-05-07,2026-05-10,PL-WEB-01,C021480,VM-APP-0009,1,356.29,0.0,PLN
SO-2026-005908,1,2026-05-07,2026-05-08,PL-WEB-01,C013025,VM-CMP-0009,4,356.29,0.12,PLN
SO-2026-005909,1,2026-05-07,2026-05-09,PL-WEB-01,C010082,vm-app-0002,3,447.91,0.0,PLN
SO-2026-005910,1,2026-05-07,2026-05-08,PL-WEB-01,C020143,VM-APP-0008,1,162.87,0.0,PLN
SO-2026-005911,1,2026-05-07,2026-05-10,PL-WEB-01,C021481,VM-APP-0002,3,447.91,0.0,PLN
SO-2026-005912,1,2026-05-07,2026-05-10,PL-WEB-01,C021482,VM-APP-0007,1,162.87,0.0,PLN
SO-2026-005912,2,2026-05-07,2026-05-10,PL-WEB-01,C021482,VM-BIK-0007,1,7176.89,0.0,PLN
SO-2026-005912,3,2026-05-07,2026-05-10,PL-WEB-01,C021482,VM-CMP-0007,1,641.33,0.0,PLN
SO-2026-005912,4,2026-05-07,2026-05-10,PL-WEB-01,C021482,VM-ACC-0019,1,50.89,0.0,PLN
SO-2026-005913,1,2026-05-07,2026-05-09,PL-WEB-01,C021483,VM-BIK-0017,1,1944.37,0.0,PLN
SO-2026-005913,2,2026-05-07,2026-05-09,PL-WEB-01,C021483,VM-ACC-0008,2,407.19,0.0,PLN
SO-2026-005914,1,2026-05-07,2026-05-08,PL-WEB-01,C008915,VM-ACC-0008,2,407.19,0.0,PLN
SO-2026-005915,1,2026-05-07,2026-05-08,PL-WEB-01,C014376,VM-ACC-0008,3,407.19,0.12,PLN
SO-2026-005916,1,2026-05-07,2026-05-08,PL-WEB-01,C021484,VM-NUT-0004,7,7.12,0.0,PLN
SO-2026-005916,2,2026-05-07,2026-05-08,PL-WEB-01,C021484,VM-ACC-0007,1,366.47,0.0,PLN
SO-2026-005917,1,2026-05-07,2026-05-08,PL-MKT-01,C008798,VM-ACC-0001,6,386.83,0.1,PLN
SO-2026-005918,1,2026-05-07,2026-05-10,PL-MKT-01,C021485,VM-NUT-0003,13,11.19,0.0,PLN
SO-2026-005919,1,2026-05-07,2026-05-08,PL-MKT-01,C009520,VM-BIK-0008,1,5405.57,0.05,PLN
SO-2026-005919,2,2026-05-07,2026-05-08,PL-MKT-01,C009520,VM-ACC-0014,1,111.97,0.05,PLN
SO-2026-005920,1,2026-05-07,2026-05-10,PL-MKT-01,C019470,VM-ACC-0008,1,407.19,0.0,PLN
SO-2026-005921,1,2026-05-07,2026-05-11,PL-MKT-01,C012582,VM-BIK-0006,1,6708.61,0.0,PLN
SO-2026-005921,2,2026-05-07,2026-05-11,PL-MKT-01,C012582,VM-ACC-0016,2,29.51,0.0,PLN
SO-2026-005922,1,2026-05-07,2026-05-10,PL-MKT-01,C013312,VM-BIK-0002,1,9803.33,0.0,PLN
SO-2026-005923,1,2026-05-07,2026-05-09,PL-MKT-01,C021486,VM-EBK-0008,1,15371.79,0.0,PLN
SO-2026-005923,2,2026-05-07,2026-05-09,PL-MKT-01,C021486,VM-ACC-0008,1,407.19,0.0,PLN
SO-2026-005923,3,2026-05-07,2026-05-09,PL-MKT-01,C021486,VM-ACC-0014,1,111.97,0.0,PLN
SO-2026-005923,4,2026-05-07,2026-05-09,PL-MKT-01,C021486,VM-ACC-0019,2,50.89,0.0,PLN
SO-2026-005924,1,2026-05-07,2026-05-07,CZ-PRG-01,C019512,VM-NUT-0007,8,76.0,0.0,CZK
SO-2026-005924,2,2026-05-07,2026-05-07,CZ-PRG-01,C019512,VM-CMP-0017,1,2934.0,0.0,CZK
SO-2026-005925,1,2026-05-07,2026-05-07,CZ-BRN-01,C019962,VM-CMP-0013,2,3110.0,0.05,CZK
SO-2026-005925,2,2026-05-07,2026-05-07,CZ-BRN-01,C019962,VM-BIK-0017,1,11207.0,0.05,CZK
SO-2026-005925,3,2026-05-07,2026-05-07,CZ-BRN-01,C019962,VM-APP-0002,2,2582.0,0.05,CZK
SO-2026-005926,1,2026-05-07,2026-05-07,CZ-BRN-01,C017414,VM-ACC-0008,2,2347.0,0.0,CZK
SO-2026-005926,2,2026-05-07,2026-05-07,CZ-BRN-01,C017414,VM-BIK-0010,1,37082.0,0.0,CZK
SO-2026-005926,3,2026-05-07,2026-05-07,CZ-BRN-01,C017414,VM-BIK-0019,1,7100.0,0.0,CZK
SO-2026-005927,1,2026-05-07,2026-05-07,CZ-BRN-01,C011870,VM-ACC-0003,6,1701.0,0.1,CZK
SO-2026-005928,1,2026-05-07,2026-05-08,CZ-WEB-01,C019122,VM-BIK-0012,1,69294.0,0.0,CZK
SO-2026-005929,1,2026-05-07,2026-05-10,CZ-WEB-01,C015644,VM-ACC-0001,2,2230.0,0.05,CZK
SO-2026-005929,2,2026-05-07,2026-05-10,CZ-WEB-01,C015644,VM-ACC-0008,2,2347.0,0.05,CZK
SO-2026-005930,1,2026-05-07,2026-05-11,CZ-WEB-01,C021350,VM-CMP-0004,2,4224.0,0.05,CZK
SO-2026-005930,2,2026-05-07,2026-05-11,CZ-WEB-01,C021350,VM-NUT-0002,4,88.0,0.1,CZK
SO-2026-005931,1,2026-05-07,2026-05-11,CZ-WEB-01,C021487,VM-BIK-0012,1,69294.0,0.05,CZK
SO-2026-005932,1,2026-05-07,2026-05-08,CZ-WEB-01,C021488,VM-CMP-0013,2,3110.0,0.0,CZK
SO-2026-005932,2,2026-05-07,2026-05-08,CZ-WEB-01,C021488,VM-BIK-0011,1,50753.0,0.0,CZK
SO-2026-005932,3,2026-05-07,2026-05-08,CZ-WEB-01,C021488,VM-BIK-0016,1,21064.0,0.0,CZK
SO-2026-005933,1,2026-05-07,2026-05-11,CZ-WEB-01,C021489,VM-APP-0004,3,1408.0,0.0,CZK
SO-2026-005934,1,2026-05-07,2026-05-08,CZ-WEB-01,C021490,VM-EBK-0003,1,53335.0,0.05,CZK
SO-2026-005935,1,2026-05-07,2026-05-07,DE-BER-01,C019623,VM-NUT-0004,4,1.67,0.0,EUR
SO-2026-005936,1,2026-05-07,2026-05-07,DE-BER-01,C007035,VM-APP-0005,2,43.05,0.12,EUR
SO-2026-005937,1,2026-05-07,2026-05-07,DE-BER-01,C010068,VM-NUT-0001,15,2.15,0.0,EUR
SO-2026-005938,1,2026-05-07,2026-05-07,DE-BER-01,,VM-BIK-0017,1,456.85,0.0,EUR
SO-2026-005939,1,2026-05-07,2026-05-07,DE-BER-01,,VM-BIK-0012,1,2824.85,0.0,EUR
SO-2026-005940,1,2026-05-07,2026-05-07,DE-BER-01,C013039,VM-NUT-0007,6,3.11,0.0,EUR
SO-2026-005941,1,2026-05-07,2026-05-07,DE-BER-01,C020856,VM-BIK-0016,1,858.7,0.05,EUR
SO-2026-005942,1,2026-05-07,2026-05-09,DE-WEB-01,C017656,vm-acc-0003,5,69.36,0.1,EUR
SO-2026-005943,1,2026-05-07,2026-05-10,DE-WEB-01,C014344,VM-APP-0010,1,40.66,0.05,EUR
SO-2026-005944,1,2026-05-07,2026-05-11,DE-WEB-01,C021427,VM-ACC-0008,2,95.67,0.0,EUR
SO-2026-005945,1,2026-05-07,2026-05-09,DE-WEB-01,C021491,VM-APP-0011,2,98.07,0.0,EUR
SO-2026-005945,2,2026-05-07,2026-05-09,DE-WEB-01,C021491,VM-APP-0012,1,208.09,0.0,EUR
SO-2026-005945,3,2026-05-07,2026-05-09,DE-WEB-01,C021491,VM-BIK-0013,1,1148.12,0.0,EUR
SO-2026-005946,1,2026-05-07,2026-05-08,DE-WEB-01,C021492,VM-EBK-0003,1,2174.25,0.0,EUR
SO-2026-005946,2,2026-05-07,2026-05-08,DE-WEB-01,C021492,VM-BIK-0019,1,289.42,0.0,EUR
SO-2026-005946,3,2026-05-07,2026-05-08,DE-WEB-01,C021492,VM-ACC-0008,2,95.67,0.0,EUR
SO-2026-005947,1,2026-05-07,2026-05-11,DE-WEB-01,C000660,VM-BIK-0005,1,1772.41,0.0,EUR
SO-2026-005948,1,2026-05-07,2026-05-10,DE-WEB-01,C014174,VM-EBK-0007,1,3516.12,0.0,EUR
SO-2026-005948,2,2026-05-07,2026-05-10,DE-WEB-01,C014174,VM-ACC-0008,1,95.67,0.0,EUR
SO-2026-005949,1,2026-05-07,2026-05-11,DE-WEB-01,C019841,VM-EBK-0004,1,2650.24,0.0,EUR
SO-2026-005950,1,2026-05-08,2026-05-08,PL-WAW-01,,vm-cmp-0017,1,508.99,0.0,PLN
SO-2026-005950,2,2026-05-08,2026-05-08,PL-WAW-01,,VM-BIK-0011,1,8805.69,0.0,PLN
SO-2026-005950,3,2026-05-08,2026-05-08,PL-WAW-01,,VM-NUT-0009,2,86.52,0.0,PLN
SO-2026-005950,4,2026-05-08,2026-05-08,PL-WAW-01,,VM-ACC-0007,2,366.47,0.0,PLN
SO-2026-005951,1,2026-05-08,2026-05-08,PL-WAW-01,C021431,VM-NUT-0009,1,86.52,0.05,PLN
SO-2026-005952,1,2026-05-08,2026-05-08,PL-WAW-01,C021425,VM-ACC-0017,1,59.03,0.0,PLN
SO-2026-005952,2,2026-05-08,2026-05-08,PL-WAW-01,C021425,VM-BIK-0017,1,1944.37,0.0,PLN
SO-2026-005953,1,2026-05-08,2026-05-08,PL-WAW-01,C020249,VM-APP-0006,2,315.57,0.0,PLN
SO-2026-005953,2,2026-05-08,2026-05-08,PL-WAW-01,C020249,VM-BIK-0013,1,4886.39,0.0,PLN
SO-2026-005953,3,2026-05-08,2026-05-08,PL-WAW-01,C020249,VM-EBK-0004,1,11279.43,0.0,PLN
SO-2026-005954,1,2026-05-08,2026-05-08,PL-WAW-01,C021493,VM-ACC-0004,2,794.03,0.05,PLN
SO-2026-005954,2,2026-05-08,2026-05-08,PL-WAW-01,C021493,VM-ACC-0008,1,407.19,0.05,PLN
SO-2026-005954,3,2026-05-08,2026-05-08,PL-WAW-01,C021493,VM-ACC-0021,1,794.03,0.05,PLN
SO-2026-005955,1,2026-05-08,2026-05-08,PL-WAW-01,,VM-NUT-0003,8,11.19,0.0,PLN
SO-2026-005955,2,2026-05-08,2026-05-08,PL-WAW-01,,VM-ACC-0008,2,407.19,0.0,PLN
SO-2026-005956,1,2026-05-08,2026-05-08,PL-WAW-02,C021494,VM-EBK-0008,1,15371.79,0.0,PLN
SO-2026-005956,2,2026-05-08,2026-05-08,PL-WAW-02,C021494,VM-ACC-0008,2,407.19,0.0,PLN
SO-2026-005956,3,2026-05-08,2026-05-08,PL-WAW-02,C021494,VM-ACC-0010,2,254.49,0.05,PLN
SO-2026-005956,4,2026-05-08,2026-05-08,PL-WAW-02,C021494,VM-ACC-0003,2,295.21,0.0,PLN
SO-2026-005957,1,2026-05-08,2026-05-08,PL-WAW-02,,VM-EBK-0002,1,10129.09,0.0,PLN
SO-2026-005957,2,2026-05-08,2026-05-08,PL-WAW-02,,VM-ACC-0017,2,59.03,0.0,PLN
SO-2026-005957,3,2026-05-08,2026-05-08,PL-WAW-02,,VM-NUT-0001,9,9.15,0.0,PLN
SO-2026-005958,1,2026-05-08,2026-05-08,PL-WAW-02,C013765,VM-CMP-0009,2,356.29,0.05,PLN
SO-2026-005959,1,2026-05-08,2026-05-08,PL-WAW-02,C019560,VM-NUT-0004,3,7.12,0.0,PLN
SO-2026-005960,1,2026-05-08,2026-05-08,PL-WAW-02,C012599,VM-CMP-0017,1,508.99,0.0,PLN
SO-2026-005961,1,2026-05-08,2026-05-08,PL-KRK-01,C021495,VM-NUT-0008,12,10.17,0.0,PLN
SO-2026-005962,1,2026-05-08,2026-05-08,PL-KRK-01,C000653,VM-ACC-0002,2,620.97,0.0,PLN
SO-2026-005962,2,2026-05-08,2026-05-08,PL-KRK-01,C000653,VM-BIK-0007,1,7176.89,0.0,PLN
SO-2026-005963,1,2026-05-08,2026-05-08,PL-KRK-01,C014257,VM-ACC-0016,2,29.51,0.05,PLN
SO-2026-005964,1,2026-05-08,2026-05-08,PL-KRK-01,C021496,VM-ACC-0014,1,111.97,0.0,PLN
SO-2026-005964,2,2026-05-08,2026-05-08,PL-KRK-01,C021496,VM-CMP-0002,1,570.07,0.0,PLN
SO-2026-005965,1,2026-05-08,2026-05-08,PL-KRK-01,C011190,VM-APP-0013,1,447.91,0.05,PLN
SO-2026-005966,1,2026-05-08,2026-05-08,PL-KRK-01,C005254,VM-EBK-0003,1,9253.61,0.05,PLN
SO-2026-005966,2,2026-05-08,2026-05-08,PL-KRK-01,C005254,VM-ACC-0004,2,794.03,0.05,PLN
SO-2026-005966,3,2026-05-08,2026-05-08,PL-KRK-01,C005254,VM-EBK-0004,1,11279.43,0.05,PLN
SO-2026-005966,4,2026-05-08,2026-05-08,PL-KRK-01,C005254,VM-ACC-0017,3,59.03,0.05,PLN
SO-2026-005967,1,2026-05-08,2026-05-08,PL-KRK-01,C021497,VM-CMP-0015,1,936.55,0.0,PLN
SO-2026-005968,1,2026-05-08,2026-05-08,PL-WRO-01,C014515,VM-APP-0013,3,447.91,0.12,PLN
SO-2026-005969,1,2026-05-08,2026-05-08,PL-WRO-01,C015892,VM-ACC-0018,1,50.89,0.05,PLN
SO-2026-005969,2,2026-05-08,2026-05-08,PL-WRO-01,C015892,VM-APP-0018,2,132.33,0.0,PLN
SO-2026-005970,1,2026-05-08,2026-05-08,PL-WRO-01,,VM-NUT-0004,10,7.12,0.0,PLN
SO-2026-005971,1,2026-05-08,2026-05-08,PL-GDN-01,,VM-APP-0006,2,315.57,0.0,PLN
SO-2026-005972,1,2026-05-08,2026-05-08,PL-GDN-01,C006823,VM-APP-0005,1,183.23,0.0,PLN
SO-2026-005973,1,2026-05-08,2026-05-08,PL-GDN-01,C018521,VM-BIK-0017,1,1944.37,0.0,PLN
SO-2026-005973,2,2026-05-08,2026-05-08,PL-GDN-01,C018521,VM-APP-0010,2,173.05,0.0,PLN
SO-2026-005974,1,2026-05-08,2026-05-08,PL-GDN-01,C015711,VM-ACC-0021,3,794.03,0.1,PLN
SO-2026-005975,1,2026-05-08,2026-05-08,PL-GDN-01,C021498,VM-BIK-0012,1,12022.57,0.0,PLN
SO-2026-005975,2,2026-05-08,2026-05-08,PL-GDN-01,C021498,VM-ACC-0014,1,111.97,0.0,PLN
SO-2026-005976,1,2026-05-08,2026-05-08,PL-GDN-01,,VM-BIK-0016,1,3654.61,0.0,PLN
SO-2026-005977,1,2026-05-08,2026-05-08,PL-GDN-01,C021499, VM-CMP-0005 ,1,1506.63,0.05,PLN
SO-2026-005978,1,2026-05-08,2026-05-08,PL-POZ-01,,VM-BIK-0014,1,3898.93,0.0,PLN
SO-2026-005978,2,2026-05-08,2026-05-08,PL-POZ-01,,VM-ACC-0003,1,295.21,0.0,PLN
SO-2026-005979,1,2026-05-08,2026-05-08,PL-POZ-01,C010839,VM-EBK-0011,1,14903.51,0.0,PLN
SO-2026-005979,2,2026-05-08,2026-05-08,PL-POZ-01,C010839,VM-ACC-0007,2,366.47,0.0,PLN
SO-2026-005980,1,2026-05-08,2026-05-08,PL-POZ-01,C017793,VM-APP-0020,2,183.23,0.0,PLN
SO-2026-005981,1,2026-05-08,2026-05-08,PL-POZ-01,C015805,VM-BIK-0003,1,6657.71,0.05,PLN
SO-2026-005981,2,2026-05-08,2026-05-08,PL-POZ-01,C015805,VM-ACC-0008,1,407.19,0.05,PLN
SO-2026-005982,1,2026-05-08,2026-05-08,PL-POZ-01,,VM-APP-0019,1,67.18,0.0,PLN
SO-2026-005983,1,2026-05-08,2026-05-08,PL-LDZ-01,C021500,VM-APP-0008,1,162.87,0.0,PLN
SO-2026-005984,1,2026-05-08,2026-05-11,PL-WEB-01,C016480,VM-CMP-0002,2,570.07,0.0,PLN
SO-2026-005985,1,2026-05-08,2026-05-11,PL-WEB-01,C021501,VM-APP-0007,2,162.87,0.0,PLN
SO-2026-005986,1,2026-05-08,2026-05-12,PL-WEB-01,C019530,VM-NUT-0006,7,10.17,0.0,PLN
SO-2026-005986,2,2026-05-08,2026-05-12,PL-WEB-01,C019530,VM-NUT-0004,13,7.12,0.0,PLN
SO-2026-005987,1,2026-05-08,2026-05-11,PL-WEB-01,C021502,VM-BIK-0014,1,3898.93,0.0,PLN
SO-2026-005987,2,2026-05-08,2026-05-11,PL-WEB-01,C021502,VM-ACC-0002,1,620.97,0.0,PLN
SO-2026-005988,1,2026-05-08,2026-05-09,PL-WEB-01,C008298,VM-ACC-0019,2,50.89,0.0,PLN
SO-2026-005989,1,2026-05-08,2026-05-12,PL-WEB-01,C021503,VM-APP-0011,2,417.37,0.0,PLN
SO-2026-005990,1,2026-05-08,2026-05-12,PL-WEB-01,C019728,vm-cmp-0009,4,356.29,0.1,PLN
SO-2026-005990,2,2026-05-08,2026-05-12,PL-WEB-01,C019728,VM-EBK-0007,3,14964.59,0.1,PLN
SO-2026-005991,1,2026-05-08,2026-05-12,PL-WEB-01,C021143,VM-CMP-0005,1,1506.63,0.0,PLN
SO-2026-005992,1,2026-05-08,2026-05-10,PL-WEB-01,C019370,VM-BIK-0012,1,12022.57,0.0,PLN
SO-2026-005992,2,2026-05-08,2026-05-10,PL-WEB-01,C019370,VM-ACC-0018,2,50.89,0.0,PLN
SO-2026-005992,3,2026-05-08,2026-05-10,PL-WEB-01,C019370,VM-ACC-0008,2,407.19,0.0,PLN
SO-2026-005993,1,2026-05-08,2026-05-11,PL-WEB-01,C021504,VM-ACC-0003,1,295.21,0.0,PLN
SO-2026-005994,1,2026-05-08,2026-05-09,PL-WEB-01,C013337,VM-APP-0015,1,580.25,0.0,PLN
SO-2026-005994,2,2026-05-08,2026-05-09,PL-WEB-01,C013337,VM-ACC-0007,1,366.47,0.0,PLN
SO-2026-005995,1,2026-05-08,2026-05-12,PL-WEB-01,C020673,VM-NUT-0002,11,15.26,0.05,PLN
SO-2026-005996,1,2026-05-08,2026-05-09,PL-WEB-01,C013222,VM-APP-0004,3,244.31,0.05,PLN
SO-2026-005996,2,2026-05-08,2026-05-09,PL-WEB-01,C013222,VM-EBK-0011,1,14903.51,0.05,PLN
SO-2026-005996,3,2026-05-08,2026-05-09,PL-WEB-01,C013222,VM-ACC-0008,2,407.19,0.05,PLN
SO-2026-005996,4,2026-05-08,2026-05-09,PL-WEB-01,C013222,VM-APP-0010,1,173.05,0.05,PLN
SO-2026-005997,1,2026-05-08,2026-05-09,PL-WEB-01,C010759,VM-BIK-0012,1,12022.57,0.05,PLN
SO-2026-005997,2,2026-05-08,2026-05-09,PL-WEB-01,C010759,VM-APP-0015,1,580.25,0.05,PLN
SO-2026-005998,1,2026-05-08,2026-05-09,PL-WEB-01,C008990,VM-EBK-0007,1,14964.59,0.0,PLN
SO-2026-005998,2,2026-05-08,2026-05-09,PL-WEB-01,C008990,VM-ACC-0014,1,111.97,0.0,PLN
SO-2026-005999,1,2026-05-08,2026-05-12,PL-WEB-01,C012451,VM-NUT-0006,11,10.17,0.0,PLN
SO-2026-006000,1,2026-05-08,2026-05-10,PL-WEB-01,C021505,VM-APP-0010,1,173.05,0.05,PLN
SO-2026-006000,2,2026-05-08,2026-05-10,PL-WEB-01,C021505,VM-BIK-0012,1,12022.57,0.05,PLN
SO-2026-006001,1,2026-05-08,2026-05-12,PL-MKT-01,C015183,VM-CMP-0015,2,936.55,0.05,PLN
SO-2026-006001,2,2026-05-08,2026-05-12,PL-MKT-01,C015183,VM-BIK-0003,1,6657.71,0.0,PLN
SO-2026-006001,3,2026-05-08,2026-05-12,PL-MKT-01,C015183,VM-NUT-0006,12,10.17,0.0,PLN
SO-2026-006002,1,2026-05-08,2026-05-10,PL-MKT-01,C019614,VM-ACC-0006,5,967.09,0.1,PLN
SO-2026-006003,1,2026-05-08,2026-05-09,PL-MKT-01,C021506,VM-ACC-0014,1,111.97,0.05,PLN
SO-2026-006003,2,2026-05-08,2026-05-09,PL-MKT-01,C021506,VM-BIK-0012,1,12022.57,0.0,PLN
SO-2026-006004,1,2026-05-08,2026-05-10,PL-MKT-01,C010685,VM-CMP-0014,2,437.73,0.0,PLN
SO-2026-006005,1,2026-05-08,2026-05-10,PL-MKT-01,C021507,VM-BIK-0009,1,5741.51,0.0,PLN
SO-2026-006006,1,2026-05-08,2026-05-10,PL-MKT-01,C016890,VM-NUT-0007,9,13.22,0.0,PLN
SO-2026-006006,2,2026-05-08,2026-05-10,PL-MKT-01,C016890,VM-APP-0020,1,183.23,0.0,PLN
SO-2026-006007,1,2026-05-08,2026-05-11,PL-MKT-01,C020286,VM-NUT-0009,16,86.52,0.08,PLN
SO-2026-006007,2,2026-05-08,2026-05-11,PL-MKT-01,C020286,VM-BIK-0006,3,6708.61,0.12,PLN
SO-2026-006007,3,2026-05-08,2026-05-11,PL-MKT-01,C020286,VM-NUT-0003,50,11.19,0.1,PLN
SO-2026-006008,1,2026-05-08,2026-05-11,PL-MKT-01,C021508,VM-CMP-0019,4,213.77,0.0,PLN
SO-2026-006008,2,2026-05-08,2026-05-11,PL-MKT-01,C021508,VM-BIK-0017,1,1944.37,0.0,PLN
SO-2026-006009,1,2026-05-08,2026-05-10,PL-MKT-01,C014995,VM-ACC-0021,1,794.03,0.0,PLN
SO-2026-006009,2,2026-05-08,2026-05-10,PL-MKT-01,C014995,VM-ACC-0003,1,295.21,0.0,PLN
SO-2026-006010,1,2026-05-08,2026-05-08,CZ-PRG-01,C020566,VM-ACC-0005,1,1056.0,0.0,CZK
SO-2026-006010,2,2026-05-08,2026-05-08,CZ-PRG-01,C020566,VM-ACC-0022,1,9212.0,0.0,CZK
SO-2026-006010,3,2026-05-08,2026-05-08,CZ-PRG-01,C020566,VM-NUT-0008,12,59.0,0.0,CZK
SO-2026-006011,1,2026-05-08,2026-05-08,CZ-PRG-01,C011811,VM-EBK-0010,1,79152.0,0.1,CZK
SO-2026-006012,1,2026-05-08,2026-05-08,CZ-PRG-01,C016937,VM-CMP-0017,1,2934.0,0.0,CZK
SO-2026-006013,1,2026-05-08,2026-05-08,CZ-PRG-01,C019675,VM-ACC-0002,2,3579.0,0.0,CZK
SO-2026-006013,2,2026-05-08,2026-05-08,CZ-PRG-01,C019675,VM-APP-0003,2,1819.0,0.0,CZK
SO-2026-006013,3,2026-05-08,2026-05-08,CZ-PRG-01,C019675,VM-CMP-0014,2,2523.0,0.0,CZK
SO-2026-006013,4,2026-05-08,2026-05-08,CZ-PRG-01,C019675,VM-APP-0010,1,997.0,0.0,CZK
SO-2026-006014,1,2026-05-08,2026-05-08,CZ-PRG-01,,VM-ACC-0008,2,2347.0,0.0,CZK
SO-2026-006015,1,2026-05-08,2026-05-08,CZ-PRG-01,C019345,VM-APP-0013,1,2582.0,0.0,CZK
SO-2026-006016,1,2026-05-08,2026-05-08,CZ-PRG-01,C016093,VM-BIK-0009,3,33092.0,0.08,CZK
SO-2026-006016,2,2026-05-08,2026-05-08,CZ-PRG-01,C016093,VM-CMP-0013,2,3110.0,0.08,CZK
SO-2026-006017,1,2026-05-08,2026-05-08,CZ-BRN-01,,VM-BIK-0003,1,38373.0,0.0,CZK
SO-2026-006018,1,2026-05-08,2026-05-10,CZ-WEB-01,C021509,VM-CMP-0015,2,5398.0,0.0,CZK
SO-2026-006019,1,2026-05-08,2026-05-10,CZ-WEB-01,C011670,VM-BIK-0007,1,41365.0,0.05,CZK
SO-2026-006019,2,2026-05-08,2026-05-10,CZ-WEB-01,C011670,VM-NUT-0008,6,59.0,0.05,CZK
SO-2026-006020,1,2026-05-08,2026-05-09,CZ-WEB-01,C016668,VM-BIK-0013,1,28164.0,0.1,CZK
SO-2026-006021,1,2026-05-08,2026-05-11,CZ-WEB-01,C021510,VM-APP-0002,2,2582.0,0.0,CZK
SO-2026-006022,1,2026-05-08,2026-05-11,CZ-WEB-01,C021511,VM-CMP-0012,2,3168.0,0.0,CZK
SO-2026-006022,2,2026-05-08,2026-05-11,CZ-WEB-01,C021511,VM-BIK-0015,1,18130.0,0.0,CZK
SO-2026-006023,1,2026-05-08,2026-05-11,CZ-WEB-01,C001863,VM-ACC-0017,4,340.0,0.1,CZK
SO-2026-006024,1,2026-05-08,2026-05-09,CZ-WEB-01,C021512,VM-NUT-0006,6,59.0,0.0,CZK
SO-2026-006024,2,2026-05-08,2026-05-09,CZ-WEB-01,C021512,VM-NUT-0004,13,41.0,0.0,CZK
SO-2026-006025,1,2026-05-08,2026-05-10,CZ-WEB-01,C018111,VM-APP-0002,2,2582.0,0.0,CZK
SO-2026-006026,1,2026-05-08,2026-05-10,CZ-WEB-01,C012554,VM-ACC-0019,2,293.0,0.0,CZK
SO-2026-006027,1,2026-05-08,2026-05-08,DE-BER-01,C020176,VM-APP-0020,1,43.05,0.0,EUR
SO-2026-006028,1,2026-05-08,2026-05-08,DE-BER-01,C016898,VM-NUT-0006,3,2.39,0.0,EUR
SO-2026-006028,2,2026-05-08,2026-05-08,DE-BER-01,C016898,VM-EBK-0004,1,2650.24,0.0,EUR
SO-2026-006029,1,2026-05-08,2026-05-08,DE-BER-01,C021513,VM-ACC-0002,2,145.9,0.0,EUR
SO-2026-006030,1,2026-05-08,2026-05-08,DE-BER-01,C021514,vm-cmp-0009,2,83.71,0.05,EUR
SO-2026-006031,1,2026-05-08,2026-05-08,DE-BER-01,C021515,VM-CMP-0006,1,47.84,0.0,EUR
SO-2026-006031,2,2026-05-08,2026-05-08,DE-BER-01,C021515,VM-EBK-0007,1,3516.12,0.0,EUR
SO-2026-006032,1,2026-05-08,2026-05-10,DE-WEB-01,C021516,VM-ACC-0023,1,222.45,0.05,EUR
SO-2026-006032,2,2026-05-08,2026-05-10,DE-WEB-01,C021516,VM-BIK-0014,1,916.1,0.05,EUR
SO-2026-006032,3,2026-05-08,2026-05-10,DE-WEB-01,C021516,VM-ACC-0014,1,26.31,0.05,EUR
SO-2026-006033,1,2026-05-08,2026-05-11,DE-WEB-01,C013792,VM-CMP-0013,5,126.77,0.12,EUR
SO-2026-006033,2,2026-05-08,2026-05-11,DE-WEB-01,C013792,VM-APP-0017,5,45.44,0.12,EUR
SO-2026-006034,1,2026-05-08,2026-05-10,DE-WEB-01,C021517,VM-ACC-0008,2,95.67,0.05,EUR
SO-2026-006034,2,2026-05-08,2026-05-10,DE-WEB-01,C021517,VM-APP-0003,2,74.15,0.05,EUR
SO-2026-006034,3,2026-05-08,2026-05-10,DE-WEB-01,C021517,VM-BIK-0020,1,289.42,0.05,EUR
SO-2026-006034,4,2026-05-08,2026-05-10,DE-WEB-01,C021517,vm-app-0006,2,74.15,0.05,EUR
SO-2026-006035,1,2026-05-08,2026-05-10,DE-WEB-01,C004760,VM-ACC-0006,1,227.23,0.0,EUR
SO-2026-006036,1,2026-05-08,2026-05-12,DE-WEB-01,C012340,VM-BIK-0001,1,3274.53,0.0,EUR
SO-2026-006036,2,2026-05-08,2026-05-12,DE-WEB-01,C012340,VM-ACC-0003,2,69.36,0.0,EUR
SO-2026-006037,1,2026-05-08,2026-05-12,DE-WEB-01,C020753,VM-CMP-0017,1,119.59,0.0,EUR
SO-2026-006038,1,2026-05-08,2026-05-10,DE-WEB-01,C018247,VM-NUT-0008,4,2.39,0.05,EUR
SO-2026-006039,1,2026-05-08,2026-05-10,DE-WEB-01,C021353,VM-NUT-0001,4,2.15,0.0,EUR
SO-2026-006039,2,2026-05-08,2026-05-10,DE-WEB-01,C021353, VM-NUT-0008 ,9,2.39,0.0,EUR
SO-2026-006040,1,2026-05-08,2026-05-10,DE-WEB-01,C021518,VM-BIK-0009,2,1349.04,0.1,EUR
SO-2026-006040,2,2026-05-08,2026-05-10,DE-WEB-01,C021518,VM-APP-0011,2,98.07,0.08,EUR
SO-2026-006040,3,2026-05-08,2026-05-10,DE-WEB-01,C021518,VM-ACC-0013,5,40.66,0.1,EUR
SO-2026-006041,1,2026-05-08,2026-05-10,DE-WEB-01,C016430,VM-APP-0014,1,117.2,0.0,EUR
SO-2026-006041,2,2026-05-08,2026-05-10,DE-WEB-01,C016430,VM-BIK-0009,1,1349.04,0.0,EUR
SO-2026-006042,1,2026-05-08,2026-05-11,DE-WEB-01,C021519,VM-NUT-0004,6,1.67,0.1,EUR
SO-2026-006042,2,2026-05-08,2026-05-11,DE-WEB-01,C021519,VM-BIK-0012,1,2824.85,0.0,EUR
SO-2026-006043,1,2026-05-09,2026-05-09,PL-WAW-01,C003862,VM-CMP-0006,2,203.59,0.05,PLN
SO-2026-006044,1,2026-05-09,2026-05-09,PL-WAW-01,,VM-CMP-0006,1,203.59,0.0,PLN
SO-2026-006044,2,2026-05-09,2026-05-09,PL-WAW-01,,VM-NUT-0004,10,7.12,0.0,PLN
SO-2026-006044,3,2026-05-09,2026-05-09,PL-WAW-01,,VM-ACC-0008,2,407.19,0.0,PLN
SO-2026-006045,1,2026-05-09,2026-05-09,PL-WAW-01,,VM-ACC-0002,2,620.97,0.0,PLN
SO-2026-006046,1,2026-05-09,2026-05-09,PL-WAW-01,C021520,VM-BIK-0004,1,4346.85,0.0,PLN
SO-2026-006047,1,2026-05-09,2026-05-09,PL-WAW-01,C021521,VM-ACC-0008,1,407.19,0.0,PLN
SO-2026-006047,2,2026-05-09,2026-05-09,PL-WAW-01,C021521,VM-APP-0011,2,417.37,0.0,PLN
SO-2026-006047,3,2026-05-09,2026-05-09,PL-WAW-01,C021521,VM-NUT-0001,11,9.15,0.0,PLN
SO-2026-006048,1,2026-05-09,2026-05-09,PL-WAW-01,C021233,VM-BIK-0019,1,1231.77,0.05,PLN
SO-2026-006048,2,2026-05-09,2026-05-09,PL-WAW-01,C021233,VM-ACC-0018,2,50.89,0.05,PLN
SO-2026-006049,1,2026-05-09,2026-05-09,PL-WAW-01,,VM-ACC-0014,1,111.97,0.0,PLN
SO-2026-006049,2,2026-05-09,2026-05-09,PL-WAW-01,,VM-ACC-0008,1,407.19,0.0,PLN
SO-2026-006050,1,2026-05-09,2026-05-09,PL-WAW-01,,VM-ACC-0008,2,407.19,0.0,PLN
SO-2026-006050,2,2026-05-09,2026-05-09,PL-WAW-01,,VM-CMP-0021,3,48.85,0.0,PLN
SO-2026-006050,3,2026-05-09,2026-05-09,PL-WAW-01,, VM-EBK-0011 ,1,14903.51,0.0,PLN
SO-2026-006050,4,2026-05-09,2026-05-09,PL-WAW-01,,VM-CMP-0013,2,539.53,0.0,PLN
SO-2026-006051,1,2026-05-09,2026-05-09,PL-WAW-02,,VM-NUT-0001,6,9.15,0.0,PLN
SO-2026-006052,1,2026-05-09,2026-05-09,PL-WAW-02,C020846,VM-BIK-0019,1,1231.77,0.0,PLN
SO-2026-006053,1,2026-05-09,2026-05-09,PL-WAW-02,,VM-CMP-0013,2,539.53,0.0,PLN
SO-2026-006053,2,2026-05-09,2026-05-09,PL-WAW-02,,VM-NUT-0007,4,13.22,0.0,PLN
SO-2026-006054,1,2026-05-09,2026-05-09,PL-WAW-02,,VM-BIK-0016,1,3654.61,0.0,PLN
SO-2026-006054,2,2026-05-09,2026-05-09,PL-WAW-02,,VM-ACC-0004,1,794.03,0.1,PLN
SO-2026-006055,1,2026-05-09,2026-05-09,PL-WAW-02,C021522,VM-APP-0019,2,67.18,0.0,PLN
SO-2026-006056,1,2026-05-09,2026-05-09,PL-WAW-02,C018799,VM-ACC-0008,1,407.19,0.0,PLN
SO-2026-006056,2,2026-05-09,2026-05-09,PL-WAW-02,C018799,VM-NUT-0001,8,9.15,0.0,PLN
SO-2026-006057,1,2026-05-09,2026-05-09,PL-KRK-01,,VM-NUT-0006,6,10.17,0.0,PLN
SO-2026-006057,2,2026-05-09,2026-05-09,PL-KRK-01,,VM-BIK-0012,1,12022.57,0.0,PLN
SO-2026-006057,3,2026-05-09,2026-05-09,PL-KRK-01,,VM-BIK-0013,1,4886.39,0.0,PLN
SO-2026-006058,1,2026-05-09,2026-05-09,PL-KRK-01,,VM-EBK-0002,1,10129.09,0.0,PLN
SO-2026-006059,1,2026-05-09,2026-05-09,PL-KRK-01,C014442,VM-ACC-0008,2,407.19,0.0,PLN
SO-2026-006059,2,2026-05-09,2026-05-09,PL-KRK-01,C014442,VM-NUT-0004,15,7.12,0.0,PLN
SO-2026-006060,1,2026-05-09,2026-05-09,PL-KRK-01,,VM-CMP-0013,1,539.53,0.0,PLN
SO-2026-006061,1,2026-05-09,2026-05-09,PL-KRK-01,C018323,VM-ACC-0009,1,407.19,0.0,PLN
SO-2026-006062,1,2026-05-09,2026-05-09,PL-KRK-01,C021523,VM-APP-0010,1,173.05,0.0,PLN
SO-2026-006062,2,2026-05-09,2026-05-09,PL-KRK-01,C021523,VM-BIK-0013,1,4886.39,0.0,PLN
SO-2026-006063,1,2026-05-09,2026-05-09,PL-KRK-01,C019904,VM-BIK-0017,1,1944.37,0.05,PLN
SO-2026-006064,1,2026-05-09,2026-05-09,PL-KRK-01,C021497,VM-EBK-0009,1,10088.37,0.0,PLN
SO-2026-006065,1,2026-05-09,2026-05-09,PL-WRO-01,C014682, VM-ACC-0008 ,1,407.19,0.0,PLN
SO-2026-006066,1,2026-05-09,2026-05-09,PL-WRO-01,C017685, VM-APP-0013 ,1,447.91,0.05,PLN
SO-2026-006067,1,2026-05-09,2026-05-09,PL-WRO-01,C020100,VM-NUT-0001,3,9.15,0.0,PLN
SO-2026-006068,1,2026-05-09,2026-05-09,PL-WRO-01,C021524,VM-BIK-0007,1,7176.89,0.0,PLN
SO-2026-006069,1,2026-05-09,2026-05-09,PL-WRO-01,C017929,VM-APP-0020,1,183.23,0.1,PLN
SO-2026-006069,2,2026-05-09,2026-05-09,PL-WRO-01,C017929,VM-BIK-0016,1,3654.61,0.0,PLN
SO-2026-006070,1,2026-05-09,2026-05-09,PL-WRO-01,C020101,VM-EBK-0003,5,9253.61,0.08,PLN
SO-2026-006071,1,2026-05-09,2026-05-09,PL-WRO-01,C021525,VM-CMP-0009,1,356.29,0.0,PLN
SO-2026-006072,1,2026-05-09,2026-05-09,PL-GDN-01,,VM-NUT-0001,13,9.15,0.0,PLN
SO-2026-006072,2,2026-05-09,2026-05-09,PL-GDN-01,,VM-BIK-0007,1,7176.89,0.0,PLN
SO-2026-006072,3,2026-05-09,2026-05-09,PL-GDN-01,,VM-APP-0015,1,580.25,0.0,PLN
SO-2026-006073,1,2026-05-09,2026-05-09,PL-GDN-01,,VM-APP-0013,1,447.91,0.0,PLN
SO-2026-006074,1,2026-05-09,2026-05-09,PL-GDN-01,C017122,VM-ACC-0008,2,407.19,0.05,PLN
SO-2026-006074,2,2026-05-09,2026-05-09,PL-GDN-01,C017122,VM-NUT-0008,4,10.17,0.05,PLN
SO-2026-006075,1,2026-05-09,2026-05-09,PL-GDN-01,C016322,VM-ACC-0016,2,29.51,0.08,PLN
SO-2026-006075,2,2026-05-09,2026-05-09,PL-GDN-01,C016322,VM-BIK-0006,3,6708.61,0.08,PLN
SO-2026-006076,1,2026-05-09,2026-05-09,PL-GDN-01,C019915,VM-ACC-0006,1,967.09,0.0,PLN
SO-2026-006077,1,2026-05-09,2026-05-09,PL-POZ-01,C019323,VM-BIK-0001,1,13936.41,0.0,PLN
SO-2026-006077,2,2026-05-09,2026-05-09,PL-POZ-01,C019323,VM-ACC-0014,1,111.97,0.0,PLN
SO-2026-006078,1,2026-05-09,2026-05-09,PL-POZ-01,,VM-CMP-0008,2,447.91,0.05,PLN
SO-2026-006079,1,2026-05-09,2026-05-09,PL-POZ-01,,VM-BIK-0004,1,4346.85,0.1,PLN
SO-2026-006080,1,2026-05-09,2026-05-09,PL-POZ-01,C007854,VM-BIK-0011,1,8805.69,0.0,PLN
SO-2026-006081,1,2026-05-09,2026-05-09,PL-POZ-01,C012884,VM-NUT-0011,3,54.96,0.08,PLN
SO-2026-006081,2,2026-05-09,2026-05-09,PL-POZ-01,C012884,VM-CMP-0017,10,508.99,0.1,PLN
SO-2026-006081,3,2026-05-09,2026-05-09,PL-POZ-01,C012884,VM-EBK-0003,2,9253.61,0.08,PLN
SO-2026-006081,4,2026-05-09,2026-05-09,PL-POZ-01,C012884,VM-ACC-0022,4,1598.25,0.08,PLN
SO-2026-006082,1,2026-05-09,2026-05-09,PL-LDZ-01,C021526,VM-NUT-0008,8,10.17,0.0,PLN
SO-2026-006082,2,2026-05-09,2026-05-09,PL-LDZ-01,C021526,VM-BIK-0007,1,7176.89,0.0,PLN
SO-2026-006082,3,2026-05-09,2026-05-09,PL-LDZ-01,C021526,VM-CMP-0001,2,407.19,0.0,PLN
SO-2026-006082,4,2026-05-09,2026-05-09,PL-LDZ-01,C021526,VM-BIK-0009,1,5741.51,0.0,PLN
SO-2026-006083,1,2026-05-09,2026-05-09,PL-LDZ-01,C013593,VM-NUT-0008,10,10.17,0.0,PLN
SO-2026-006083,2,2026-05-09,2026-05-09,PL-LDZ-01,C013593,VM-EBK-0011,1,14903.51,0.0,PLN
SO-2026-006083,3,2026-05-09,2026-05-09,PL-LDZ-01,C013593,VM-APP-0003,3,315.57,0.0,PLN
SO-2026-006084,1,2026-05-09,2026-05-09,PL-LDZ-01,,VM-BIK-0020,1,1231.77,0.0,PLN
SO-2026-006084,2,2026-05-09,2026-05-09,PL-LDZ-01,,VM-ACC-0016,2,29.51,0.0,PLN
SO-2026-006085,1,2026-05-09,2026-05-09,PL-LDZ-01,C021527,VM-CMP-0011,1,162.87,0.0,PLN
SO-2026-006085,2,2026-05-09,2026-05-09,PL-LDZ-01,C021527,VM-APP-0013,1,447.91,0.0,PLN
SO-2026-006085,3,2026-05-09,2026-05-09,PL-LDZ-01,C021527,VM-BIK-0020,1,1231.77,0.0,PLN
SO-2026-006085,4,2026-05-09,2026-05-09,PL-LDZ-01,C021527,VM-APP-0006,1,315.57,0.0,PLN
SO-2026-006086,1,2026-05-09,2026-05-09,PL-LDZ-01,,VM-ACC-0014,1,111.97,0.0,PLN
SO-2026-006087,1,2026-05-09,2026-05-09,PL-LDZ-01,,VM-NUT-0008,12,10.17,0.05,PLN
SO-2026-006088,1,2026-05-09,2026-05-09,PL-LDZ-01,C014947,VM-BIK-0001,1,13936.41,0.0,PLN
SO-2026-006089,1,2026-05-09,2026-05-13,PL-WEB-01,C021528,VM-ACC-0020,1,824.57,0.0,PLN
SO-2026-006089,2,2026-05-09,2026-05-13,PL-WEB-01,C021528,VM-APP-0005,1,183.23,0.0,PLN
SO-2026-006089,3,2026-05-09,2026-05-13,PL-WEB-01,C021528,VM-NUT-0004,12,7.12,0.0,PLN
SO-2026-006090,1,2026-05-09,2026-05-10,PL-WEB-01,C021340,VM-BIK-0012,1,12022.57,0.0,PLN
SO-2026-006090,2,2026-05-09,2026-05-10,PL-WEB-01,C021340,VM-ACC-0015,1,356.29,0.0,PLN
SO-2026-006090,3,2026-05-09,2026-05-10,PL-WEB-01,C021340,vm-acc-0004,1,794.03,0.0,PLN
SO-2026-006090,4,2026-05-09,2026-05-10,PL-WEB-01,C021340, VM-ACC-0014 ,1,111.97,0.0,PLN
SO-2026-006091,1,2026-05-09,2026-05-12,PL-WEB-01,C021529,VM-ACC-0002,2,620.97,0.0,PLN
SO-2026-006091,2,2026-05-09,2026-05-12,PL-WEB-01,C021529,VM-CMP-0021,3,48.85,0.0,PLN
SO-2026-006091,3,2026-05-09,2026-05-12,PL-WEB-01,C021529,VM-APP-0004,2,244.31,0.0,PLN
SO-2026-006092,1,2026-05-09,2026-05-10,PL-WEB-01,C014228,VM-CMP-0023,3,60.05,0.0,PLN
SO-2026-006093,1,2026-05-09,2026-05-13,PL-WEB-01,C021530,VM-NUT-0006,3,10.17,0.0,PLN
SO-2026-006094,1,2026-05-09,2026-05-12,PL-WEB-01,C021531,vm-acc-0020,1,824.57,0.0,PLN
SO-2026-006095,1,2026-05-09,2026-05-12,PL-WEB-01,C021532,VM-BIK-0001,1,13936.41,0.0,PLN
SO-2026-006096,1,2026-05-09,2026-05-10,PL-WEB-01,C019757,VM-BIK-0016,1,3654.61,0.05,PLN
SO-2026-006096,2,2026-05-09,2026-05-10,PL-WEB-01,C019757,VM-ACC-0008,2,407.19,0.05,PLN
SO-2026-006097,1,2026-05-09,2026-05-12,PL-WEB-01,C021533,VM-APP-0002,3,447.91,0.05,PLN
SO-2026-006098,1,2026-05-09,2026-05-10,PL-WEB-01,C015678,VM-CMP-0009,2,356.29,0.0,PLN
SO-2026-006098,2,2026-05-09,2026-05-10,PL-WEB-01,C015678,VM-EBK-0003,1,9253.61,0.0,PLN
SO-2026-006098,3,2026-05-09,2026-05-10,PL-WEB-01,C015678,VM-BIK-0012,1,12022.57,0.0,PLN
SO-2026-006099,1,2026-05-09,2026-05-12,PL-WEB-01,C021090,VM-NUT-0011,3,54.96,0.0,PLN
SO-2026-006100,1,2026-05-09,2026-05-13,PL-WEB-01,C021232,VM-APP-0012,1,885.65,0.05,PLN
SO-2026-006100,2,2026-05-09,2026-05-13,PL-WEB-01,C021232,VM-BIK-0013,1,4886.39,0.05,PLN
SO-2026-006100,3,2026-05-09,2026-05-13,PL-WEB-01,C021232,VM-NUT-0009,1,86.52,0.05,PLN
SO-2026-006100,4,2026-05-09,2026-05-13,PL-WEB-01,C021232,VM-CMP-0013,2,539.53,0.1,PLN
SO-2026-006101,1,2026-05-09,2026-05-13,PL-WEB-01,C016653,VM-BIK-0020,1,1231.77,0.0,PLN
SO-2026-006101,2,2026-05-09,2026-05-13,PL-WEB-01,C016653,VM-ACC-0010,2,254.49,0.0,PLN
SO-2026-006102,1,2026-05-09,2026-05-12,PL-WEB-01,C021534,VM-CMP-0023,1,60.05,0.05,PLN
SO-2026-006103,1,2026-05-09,2026-05-10,PL-WEB-01,C017946,VM-BIK-0001,1,13936.41,0.0,PLN
SO-2026-006103,2,2026-05-09,2026-05-10,PL-WEB-01,C017946,VM-BIK-0007,1,7176.89,0.0,PLN
SO-2026-006104,1,2026-05-09,2026-05-11,PL-WEB-01,C021535,VM-BIK-0021,1,1272.49,0.1,PLN
SO-2026-006105,1,2026-05-09,2026-05-10,PL-WEB-01,C021536,VM-BIK-0016,1,3654.61,0.0,PLN
SO-2026-006106,1,2026-05-09,2026-05-12,PL-WEB-01,C019003,VM-APP-0017,1,193.41,0.0,PLN
SO-2026-006106,2,2026-05-09,2026-05-12,PL-WEB-01,C019003,VM-NUT-0009,3,86.52,0.0,PLN
SO-2026-006107,1,2026-05-09,2026-05-11,PL-MKT-01,C017822,VM-CMP-0016,2,2504.27,0.05,PLN
SO-2026-006107,2,2026-05-09,2026-05-11,PL-MKT-01,C017822,VM-ACC-0020,1,824.57,0.05,PLN
SO-2026-006108,1,2026-05-09,2026-05-12,PL-MKT-01,C021537,VM-EBK-0011,1,14903.51,0.05,PLN
SO-2026-006109,1,2026-05-09,2026-05-12,PL-MKT-01,C014381,VM-BIK-0017,1,1944.37,0.0,PLN
SO-2026-006110,1,2026-05-09,2026-05-11,PL-MKT-01,C019015,VM-EBK-0003,1,9253.61,0.0,PLN
SO-2026-006111,1,2026-05-09,2026-05-13,PL-MKT-01,C016088,VM-CMP-0001,2,407.19,0.0,PLN
SO-2026-006112,1,2026-05-09,2026-05-09,CZ-PRG-01,,VM-NUT-0004,11,41.0,0.0,CZK
SO-2026-006113,1,2026-05-09,2026-05-09,CZ-PRG-01,C018656,VM-CMP-0005,2,8684.0,0.1,CZK
SO-2026-006114,1,2026-05-09,2026-05-09,CZ-PRG-01,,VM-NUT-0008,6,59.0,0.0,CZK
SO-2026-006114,2,2026-05-09,2026-05-09,CZ-PRG-01,,VM-EBK-0007,1,86251.0,0.0,CZK
SO-2026-006115,1,2026-05-09,2026-05-09,CZ-PRG-01,C021538,VM-NUT-0004,12,41.0,0.0,CZK
SO-2026-006115,2,2026-05-09,2026-05-09,CZ-PRG-01,C021538,VM-BIK-0003,1,38373.0,0.0,CZK
SO-2026-006116,1,2026-05-09,2026-05-09,CZ-PRG-01,C018318,VM-ACC-0018,3,293.0,0.05,CZK
SO-2026-006117,1,2026-05-09,2026-05-09,CZ-PRG-01,C021130,VM-NUT-0002,9,88.0,0.0,CZK
SO-2026-006118,1,2026-05-09,2026-05-09,CZ-PRG-01,C021539,VM-BIK-0007,1,41365.0,0.05,CZK
SO-2026-006119,1,2026-05-09,2026-05-09,CZ-PRG-01,,vm-app-0011,2,2406.0,0.0,CZK
SO-2026-006119,2,2026-05-09,2026-05-09,CZ-PRG-01,,VM-ACC-0022,1,9212.0,0.05,CZK
SO-2026-006120,1,2026-05-09,2026-05-09,CZ-PRG-01,C021540,VM-NUT-0009,3,499.0,0.05,CZK
SO-2026-006121,1,2026-05-09,2026-05-09,CZ-PRG-01,C021541,VM-NUT-0002,5,88.0,0.0,CZK
SO-2026-006121,2,2026-05-09,2026-05-09,CZ-PRG-01,C021541,VM-NUT-0004,7,41.0,0.0,CZK
SO-2026-006122,1,2026-05-09,2026-05-09,CZ-PRG-01,C019484,VM-APP-0002,3,2582.0,0.05,CZK
SO-2026-006122,2,2026-05-09,2026-05-09,CZ-PRG-01,C019484,VM-ACC-0002,2,3579.0,0.05,CZK
SO-2026-006123,1,2026-05-09,2026-05-09,CZ-BRN-01,C020752,VM-CMP-0015,2,5398.0,0.05,CZK
SO-2026-006124,1,2026-05-09,2026-05-09,CZ-BRN-01,C021542,VM-APP-0004,2,1408.0,0.0,CZK
SO-2026-006124,2,2026-05-09,2026-05-09,CZ-BRN-01,C021542,VM-EBK-0008,1,88598.0,0.0,CZK
SO-2026-006124,3,2026-05-09,2026-05-09,CZ-BRN-01,C021542,VM-NUT-0009,2,499.0,0.0,CZK
SO-2026-006124,4,2026-05-09,2026-05-09,CZ-BRN-01,C021542,VM-CMP-0013,1,3110.0,0.05,CZK
SO-2026-006125,1,2026-05-09,2026-05-09,CZ-BRN-01,,VM-ACC-0001,2,2230.0,0.0,CZK
SO-2026-006126,1,2026-05-09,2026-05-09,CZ-BRN-01,C018859,VM-NUT-0008,5,59.0,0.0,CZK
SO-2026-006127,1,2026-05-09,2026-05-10,CZ-WEB-01,C021543,VM-CMP-0020,1,1525.0,0.05,CZK
SO-2026-006128,1,2026-05-09,2026-05-11,CZ-WEB-01,C021544,VM-CMP-0006,1,1173.0,0.0,CZK
SO-2026-006128,2,2026-05-09,2026-05-11,CZ-WEB-01,C021544,VM-BIK-0004,1,25054.0,0.0,CZK
SO-2026-006129,1,2026-05-09,2026-05-09,DE-BER-01,,VM-NUT-0009,3,20.33,0.1,EUR
SO-2026-006130,1,2026-05-09,2026-05-09,DE-BER-01,C021545,VM-EBK-0009,1,2370.39,0.0,EUR
SO-2026-006130,2,2026-05-09,2026-05-09,DE-BER-01,C021545,VM-ACC-0018,1,11.96,0.0,EUR
SO-2026-006131,1,2026-05-09,2026-05-09,DE-BER-01,C021546,VM-EBK-0008,1,3611.79,0.0,EUR
SO-2026-006132,1,2026-05-09,2026-05-12,DE-WEB-01,C019930,VM-BIK-0013,1,1148.12,0.05,EUR
SO-2026-006133,1,2026-05-09,2026-05-11,DE-WEB-01,C020643,VM-EBK-0011,4,3501.76,0.08,EUR
SO-2026-006134,1,2026-05-09,2026-05-11,DE-WEB-01,C020992,VM-BIK-0003,1,1564.31,0.0,EUR
SO-2026-006135,1,2026-05-09,2026-05-12,DE-WEB-01,C015858,VM-EBK-0002,1,2379.96,0.0,EUR
SO-2026-006136,1,2026-05-09,2026-05-13,DE-WEB-01,C009099,VM-BIK-0011,1,2069.01,0.1,EUR
SO-2026-006137,1,2026-05-09,2026-05-11,DE-WEB-01,C012871,VM-EBK-0007,1,3516.12,0.0,EUR
SO-2026-006137,2,2026-05-09,2026-05-11,DE-WEB-01,C012871,VM-ACC-0013,1,40.66,0.0,EUR
SO-2026-006137,3,2026-05-09,2026-05-11,DE-WEB-01,C012871,VM-ACC-0007,1,86.11,0.0,EUR
SO-2026-006137,4,2026-05-09,2026-05-11,DE-WEB-01,C012871,VM-BIK-0012,1,2824.85,0.0,EUR
SO-2026-006138,1,2026-05-09,2026-05-12,DE-WEB-01,C021547,VM-ACC-0008,1,95.67,0.0,EUR
SO-2026-006139,1,2026-05-10,2026-05-11,PL-WEB-01,C012123,VM-NUT-0008,7,10.17,0.0,PLN
SO-2026-006139,2,2026-05-10,2026-05-11,PL-WEB-01,C012123,VM-EBK-0003,1,9253.61,0.0,PLN
SO-2026-006140,1,2026-05-10,2026-05-13,PL-WEB-01,C009385,VM-APP-0006,15,315.57,0.08,PLN
SO-2026-006141,1,2026-05-10,2026-05-12,PL-WEB-01,C021548,VM-APP-0010,2,173.05,0.0,PLN
SO-2026-006142,1,2026-05-10,2026-05-13,PL-WEB-01,C021549,VM-NUT-0008,9,10.17,0.0,PLN
SO-2026-006142,2,2026-05-10,2026-05-13,PL-WEB-01,C021549,VM-NUT-0004,10,7.12,0.0,PLN
SO-2026-006142,3,2026-05-10,2026-05-13,PL-WEB-01,C021549,VM-CMP-0016,2,2504.27,0.0,PLN
SO-2026-006143,1,2026-05-10,2026-05-13,PL-WEB-01,C019565,VM-ACC-0018,3,50.89,0.0,PLN
SO-2026-006143,2,2026-05-10,2026-05-13,PL-WEB-01,C019565,VM-APP-0018,1,132.33,0.0,PLN
SO-2026-006143,3,2026-05-10,2026-05-13,PL-WEB-01,C019565,VM-CMP-0013,1,539.53,0.0,PLN
SO-2026-006144,1,2026-05-10,2026-05-14,PL-WEB-01,C015397,VM-ACC-0017,3,59.03,0.1,PLN
SO-2026-006145,1,2026-05-10,2026-05-13,PL-WEB-01,C017163, VM-ACC-0008 ,2,407.19,0.05,PLN
SO-2026-006146,1,2026-05-10,2026-05-14,PL-WEB-01,C021550,VM-APP-0009,1,356.29,0.0,PLN
SO-2026-006147,1,2026-05-10,2026-05-12,PL-WEB-01,C021551,VM-ACC-0006,1,967.09,0.0,PLN
SO-2026-006147,2,2026-05-10,2026-05-12,PL-WEB-01,C021551,VM-ACC-0003,1,295.21,0.0,PLN
SO-2026-006147,3,2026-05-10,2026-05-12,PL-WEB-01,C021551,VM-CMP-0019,2,213.77,0.0,PLN
SO-2026-006148,1,2026-05-10,2026-05-12,PL-WEB-01,C021552,VM-APP-0004,2,244.31,0.0,PLN
SO-2026-006149,1,2026-05-10,2026-05-13,PL-WEB-01,C019875,VM-APP-0002,2,447.91,0.0,PLN
SO-2026-006149,2,2026-05-10,2026-05-13,PL-WEB-01,C019875,VM-EBK-0005,1,17764.09,0.0,PLN
SO-2026-006150,1,2026-05-10,2026-05-14,PL-WEB-01,C020700,VM-APP-0010,1,173.05,0.0,PLN
SO-2026-006151,1,2026-05-10,2026-05-13,PL-WEB-01,C021553,VM-BIK-0007,2,7176.89,0.08,PLN
SO-2026-006152,1,2026-05-10,2026-05-14,PL-WEB-01,C015651,VM-ACC-0016,2,29.51,0.0,PLN
SO-2026-006152,2,2026-05-10,2026-05-14,PL-WEB-01,C015651,VM-EBK-0010,1,13732.81,0.0,PLN
SO-2026-006152,3,2026-05-10,2026-05-14,PL-WEB-01,C015651,VM-APP-0020,2,183.23,0.0,PLN
SO-2026-006152,4,2026-05-10,2026-05-14,PL-WEB-01,C015651,VM-ACC-0011,1,73.29,0.0,PLN
SO-2026-006153,1,2026-05-10,2026-05-11,PL-WEB-01,C021554,VM-NUT-0008,7,10.17,0.0,PLN
SO-2026-006154,1,2026-05-10,2026-05-13,PL-MKT-01,C014841,VM-BIK-0021,1,1272.49,0.0,PLN
SO-2026-006154,2,2026-05-10,2026-05-13,PL-MKT-01,C014841,VM-BIK-0013,1,4886.39,0.1,PLN
SO-2026-006155,1,2026-05-10,2026-05-11,PL-MKT-01,C015307,VM-APP-0008,1,162.87,0.0,PLN
SO-2026-006155,2,2026-05-10,2026-05-11,PL-MKT-01,C015307,VM-APP-0013,1,447.91,0.0,PLN
SO-2026-006156,1,2026-05-10,2026-05-13,PL-MKT-01,C015339,VM-APP-0006,2,315.57,0.0,PLN
SO-2026-006157,1,2026-05-10,2026-05-13,PL-MKT-01,C020904,VM-EBK-0008,1,15371.79,0.0,PLN
SO-2026-006158,1,2026-05-10,2026-05-12,PL-MKT-01,C018876,VM-ACC-0018,3,50.89,0.0,PLN
SO-2026-006158,2,2026-05-10,2026-05-12,PL-MKT-01,C018876,VM-BIK-0020,1,1231.77,0.0,PLN
SO-2026-006159,1,2026-05-10,2026-05-11,PL-MKT-01,C003096,VM-ACC-0020,1,824.57,0.05,PLN
SO-2026-006160,1,2026-05-10,2026-05-14,PL-MKT-01,C001721,VM-NUT-0002,13,15.26,0.0,PLN
SO-2026-006161,1,2026-05-10,2026-05-11,PL-MKT-01,C021555,VM-ACC-0001,2,386.83,0.0,PLN
SO-2026-006162,1,2026-05-10,2026-05-12,PL-MKT-01,C020842,VM-NUT-0004,12,7.12,0.08,PLN
SO-2026-006163,1,2026-05-10,2026-05-12,PL-MKT-01,C021556,VM-EBK-0006,1,20502.51,0.0,PLN
SO-2026-006164,1,2026-05-10,2026-05-10,CZ-PRG-01,C021557,VM-CMP-0013,1,3110.0,0.0,CZK
SO-2026-006165,1,2026-05-10,2026-05-10,CZ-BRN-01,C020829,VM-ACC-0002,2,3579.0,0.0,CZK
SO-2026-006165,2,2026-05-10,2026-05-10,CZ-BRN-01,C020829,VM-APP-0002,2,2582.0,0.0,CZK
SO-2026-006166,1,2026-05-10,2026-05-10,CZ-BRN-01,,VM-BIK-0001,1,80325.0,0.0,CZK
SO-2026-006167,1,2026-05-10,2026-05-10,CZ-BRN-01,C013806,VM-ACC-0021,1,4577.0,0.0,CZK
SO-2026-006167,2,2026-05-10,2026-05-10,CZ-BRN-01,C013806,VM-EBK-0007,1,86251.0,0.0,CZK
SO-2026-006168,1,2026-05-10,2026-05-11,CZ-WEB-01,C021558,VM-ACC-0002,1,3579.0,0.0,CZK
SO-2026-006168,2,2026-05-10,2026-05-11,CZ-WEB-01,C021558,VM-BIK-0012,1,69294.0,0.0,CZK
SO-2026-006168,3,2026-05-10,2026-05-11,CZ-WEB-01,C021558,VM-BIK-0007,1,41365.0,0.0,CZK
SO-2026-006169,1,2026-05-10,2026-05-13,CZ-WEB-01,C005984,VM-NUT-0009,2,499.0,0.0,CZK
SO-2026-006170,1,2026-05-10,2026-05-14,CZ-WEB-01,C005589,VM-ACC-0007,1,2112.0,0.0,CZK
SO-2026-006171,1,2026-05-10,2026-05-14,CZ-WEB-01,C021559,VM-EBK-0008,1,88598.0,0.0,CZK
SO-2026-006171,2,2026-05-10,2026-05-14,CZ-WEB-01,C021559,VM-ACC-0008,1,2347.0,0.05,CZK
SO-2026-006171,3,2026-05-10,2026-05-14,CZ-WEB-01,C021559,VM-ACC-0014,1,645.0,0.0,CZK
SO-2026-006172,1,2026-05-10,2026-05-11,CZ-WEB-01,C020052,VM-EBK-0005,1,102387.0,0.0,CZK
SO-2026-006173,1,2026-05-10,2026-05-13,CZ-WEB-01,C021560,VM-BIK-0012,1,69294.0,0.0,CZK
SO-2026-006174,1,2026-05-10,2026-05-11,CZ-WEB-01,C017768,VM-ACC-0004,4,4577.0,0.08,CZK
SO-2026-006174,2,2026-05-10,2026-05-11,CZ-WEB-01,C017768,VM-CMP-0023,10,346.0,0.1,CZK
SO-2026-006174,3,2026-05-10,2026-05-11,CZ-WEB-01,C017768,VM-BIK-0007,5,41365.0,0.08,CZK
SO-2026-006175,1,2026-05-10,2026-05-14,CZ-WEB-01,C019616,VM-BIK-0007,1,41365.0,0.0,CZK
SO-2026-006176,1,2026-05-10,2026-05-12,CZ-WEB-01,C018624,VM-APP-0006,3,1819.0,0.05,CZK
SO-2026-006177,1,2026-05-10,2026-05-12,CZ-WEB-01,C014170,VM-ACC-0018,1,293.0,0.0,CZK
SO-2026-006177,2,2026-05-10,2026-05-12,CZ-WEB-01,C014170,VM-BIK-0006,1,38666.0,0.1,CZK
SO-2026-006177,3,2026-05-10,2026-05-12,CZ-WEB-01,C014170,VM-CMP-0005,2,8684.0,0.0,CZK
SO-2026-006178,1,2026-05-10,2026-05-13,DE-WEB-01,C015150,VM-CMP-0022,12,8.61,0.08,EUR
SO-2026-006178,2,2026-05-10,2026-05-13,DE-WEB-01,C015150,VM-CMP-0013,3,126.77,0.1,EUR
SO-2026-006179,1,2026-05-10,2026-05-14,DE-WEB-01,C009329,VM-EBK-0005,1,4173.89,0.05,EUR
SO-2026-006179,2,2026-05-10,2026-05-14,DE-WEB-01,C009329,VM-ACC-0005,2,43.05,0.05,EUR
SO-2026-006180,1,2026-05-10,2026-05-14,DE-WEB-01,C015524,VM-APP-0019,2,15.78,0.0,EUR
SO-2026-006181,1,2026-05-10,2026-05-13,DE-WEB-01,C021561,VM-NUT-0002,13,3.59,0.0,EUR
SO-2026-006182,1,2026-05-10,2026-05-12,DE-WEB-01,C010458,VM-BIK-0004,1,1021.35,0.05,EUR
SO-2026-006182,2,2026-05-10,2026-05-12,DE-WEB-01,C010458,VM-ACC-0008,2,95.67,0.05,EUR
SO-2026-006183,1,2026-05-10,2026-05-11,DE-WEB-01,C013029,VM-APP-0008,2,38.27,0.0,EUR
SO-2026-006184,1,2026-05-11,2026-05-11,PL-WAW-01,C021562,VM-CMP-0001,2,407.19,0.0,PLN
SO-2026-006184,2,2026-05-11,2026-05-11,PL-WAW-01,C021562,VM-BIK-0005,1,7543.37,0.0,PLN
SO-2026-006185,1,2026-05-11,2026-05-11,PL-WAW-01,,VM-ACC-0001,1,386.83,0.0,PLN
SO-2026-006185,2,2026-05-11,2026-05-11,PL-WAW-01,,VM-BIK-0012,1,12022.57,0.0,PLN
SO-2026-006185,3,2026-05-11,2026-05-11,PL-WAW-01,,VM-NUT-0003,5,11.19,0.0,PLN
SO-2026-006186,1,2026-05-11,2026-05-11,PL-WAW-01,C020152,VM-CMP-0017,2,508.99,0.0,PLN
SO-2026-006187,1,2026-05-11,2026-05-11,PL-WAW-01,C012887,VM-BIK-0020,1,1231.77,0.05,PLN
SO-2026-006188,1,2026-05-11,2026-05-11,PL-WAW-01,,VM-CMP-0015,2,936.55,0.0,PLN
SO-2026-006188,2,2026-05-11,2026-05-11,PL-WAW-01,,VM-CMP-0003,1,244.31,0.05,PLN
SO-2026-006188,3,2026-05-11,2026-05-11,PL-WAW-01,,VM-BIK-0007,1,7176.89,0.0,PLN
SO-2026-006189,1,2026-05-11,2026-05-11,PL-WAW-01,,VM-NUT-0009,3,86.52,0.0,PLN
SO-2026-006189,2,2026-05-11,2026-05-11,PL-WAW-01,,VM-BIK-0017,1,1944.37,0.0,PLN
SO-2026-006190,1,2026-05-11,2026-05-11,PL-WAW-01,C021563,VM-APP-0017,2,193.41,0.0,PLN
SO-2026-006191,1,2026-05-11,2026-05-11,PL-WAW-01,,VM-APP-0010,1,173.05,0.0,PLN
SO-2026-006191,2,2026-05-11,2026-05-11,PL-WAW-01,,VM-EBK-0006,1,20502.51,0.0,PLN
SO-2026-006192,1,2026-05-11,2026-05-11,PL-WAW-02,C001737,VM-APP-0018,2,132.33,0.05,PLN
SO-2026-006192,2,2026-05-11,2026-05-11,PL-WAW-02,C001737,VM-CMP-0005,1,1506.63,0.05,PLN
SO-2026-006193,1,2026-05-11,2026-05-11,PL-WAW-02,C018702,VM-NUT-0001,14,9.15,0.05,PLN
SO-2026-006194,1,2026-05-11,2026-05-11,PL-KRK-01,C021279,VM-APP-0007,1,162.87,0.0,PLN
SO-2026-006195,1,2026-05-11,2026-05-11,PL-KRK-01,C019041,VM-NUT-0004,13,7.12,0.0,PLN
SO-2026-006195,2,2026-05-11,2026-05-11,PL-KRK-01,C019041,VM-EBK-0003,1,9253.61,0.0,PLN
SO-2026-006196,1,2026-05-11,2026-05-11,PL-KRK-01,C020038,VM-APP-0017,2,193.41,0.0,PLN
SO-2026-006197,1,2026-05-11,2026-05-11,PL-WRO-01,C021564,VM-APP-0010,2,173.05,0.0,PLN
SO-2026-006198,1,2026-05-11,2026-05-11,PL-WRO-01,C021565,VM-CMP-0014,1,437.73,0.0,PLN
SO-2026-006199,1,2026-05-11,2026-05-11,PL-WRO-01,,VM-ACC-0022,1,1598.25,0.0,PLN
SO-2026-006199,2,2026-05-11,2026-05-11,PL-WRO-01,,VM-APP-0010,2,173.05,0.05,PLN
SO-2026-006200,1,2026-05-11,2026-05-11,PL-GDN-01,C010356,VM-BIK-0007,1,7176.89,0.0,PLN
SO-2026-006201,1,2026-05-11,2026-05-11,PL-GDN-01,,VM-ACC-0017,3,59.03,0.0,PLN
SO-2026-006201,2,2026-05-11,2026-05-11,PL-GDN-01,,VM-ACC-0021,1,794.03,0.05,PLN
SO-2026-006202,1,2026-05-11,2026-05-11,PL-POZ-01,C021566,VM-CMP-0001,1,407.19,0.0,PLN
SO-2026-006202,2,2026-05-11,2026-05-11,PL-POZ-01,C021566,VM-ACC-0009,1,407.19,0.0,PLN
SO-2026-006202,3,2026-05-11,2026-05-11,PL-POZ-01,C021566,VM-NUT-0006,12,10.17,0.0,PLN
SO-2026-006202,4,2026-05-11,2026-05-11,PL-POZ-01,C021566,VM-APP-0007,2,162.87,0.0,PLN
SO-2026-006203,1,2026-05-11,2026-05-11,PL-POZ-01,C019771,VM-ACC-0006,1,967.09,0.05,PLN
SO-2026-006203,2,2026-05-11,2026-05-11,PL-POZ-01,C019771,VM-ACC-0020,1,824.57,0.05,PLN
SO-2026-006204,1,2026-05-11,2026-05-11,PL-LDZ-01,C018066,VM-CMP-0011,2,162.87,0.0,PLN
SO-2026-006204,2,2026-05-11,2026-05-11,PL-LDZ-01,C018066,VM-ACC-0021,1,794.03,0.0,PLN
SO-2026-006204,3,2026-05-11,2026-05-11,PL-LDZ-01,C018066,VM-CMP-0009,1,356.29,0.0,PLN
SO-2026-006205,1,2026-05-11,2026-05-11,PL-LDZ-01,C020859,VM-ACC-0008,3,407.19,0.12,PLN
SO-2026-006206,1,2026-05-11,2026-05-11,PL-LDZ-01,C020926,VM-ACC-0018,1,50.89,0.0,PLN
SO-2026-006207,1,2026-05-11,2026-05-13,PL-WEB-01,C021567,VM-APP-0014,1,498.81,0.0,PLN
SO-2026-006207,2,2026-05-11,2026-05-13,PL-WEB-01,C021567,VM-APP-0020,1,183.23,0.0,PLN
SO-2026-006208,1,2026-05-11,2026-05-12,PL-WEB-01,C020580,VM-CMP-0004,1,732.95,0.0,PLN
SO-2026-006209,1,2026-05-11,2026-05-15,PL-WEB-01,C020622,VM-BIK-0021,1,1272.49,0.0,PLN
SO-2026-006210,1,2026-05-11,2026-05-14,PL-WEB-01,C021568,VM-CMP-0013,2,539.53,0.0,PLN
SO-2026-006210,2,2026-05-11,2026-05-14,PL-WEB-01,C021568,VM-CMP-0012,2,549.71,0.0,PLN
SO-2026-006210,3,2026-05-11,2026-05-14,PL-WEB-01,C021568,VM-ACC-0009,1,407.19,0.0,PLN
SO-2026-006211,1,2026-05-11,2026-05-15,PL-WEB-01,C008009,VM-NUT-0009,2,86.52,0.0,PLN
SO-2026-006211,2,2026-05-11,2026-05-15,PL-WEB-01,C008009,VM-BIK-0012,1,12022.57,0.0,PLN
SO-2026-006212,1,2026-05-11,2026-05-14,PL-WEB-01,C012956,VM-BIK-0007,1,7176.89,0.0,PLN
SO-2026-006212,2,2026-05-11,2026-05-14,PL-WEB-01,C012956,VM-ACC-0008,1,407.19,0.0,PLN
SO-2026-006213,1,2026-05-11,2026-05-14,PL-WEB-01,C021239,VM-EBK-0004,1,11279.43,0.0,PLN
SO-2026-006214,1,2026-05-11,2026-05-12,PL-WEB-01,C019898,VM-NUT-0002,11,15.26,0.0,PLN
SO-2026-006214,2,2026-05-11,2026-05-12,PL-WEB-01,C019898,VM-NUT-0011,1,54.96,0.05,PLN
SO-2026-006215,1,2026-05-11,2026-05-15,PL-WEB-01,C005101,VM-EBK-0003,1,9253.61,0.05,PLN
SO-2026-006216,1,2026-05-11,2026-05-12,PL-WEB-01,C016358,VM-BIK-0017,1,1944.37,0.0,PLN
SO-2026-006217,1,2026-05-11,2026-05-13,PL-WEB-01,C021569,VM-EBK-0005,1,17764.09,0.0,PLN
SO-2026-006217,2,2026-05-11,2026-05-13,PL-WEB-01,C021569,VM-ACC-0014,1,111.97,0.0,PLN
SO-2026-006218,1,2026-05-11,2026-05-12,PL-WEB-01,C018162,VM-EBK-0011,1,14903.51,0.05,PLN
SO-2026-006219,1,2026-05-11,2026-05-15,PL-WEB-01,C015504,VM-APP-0009,1,356.29,0.05,PLN
SO-2026-006219,2,2026-05-11,2026-05-15,PL-WEB-01,C015504,VM-CMP-0002,1,570.07,0.05,PLN
SO-2026-006220,1,2026-05-11,2026-05-13,PL-WEB-01,C012528,VM-EBK-0002,1,10129.09,0.05,PLN
SO-2026-006220,2,2026-05-11,2026-05-13,PL-WEB-01,C012528,VM-NUT-0006,8,10.17,0.05,PLN
SO-2026-006220,3,2026-05-11,2026-05-13,PL-WEB-01,C012528,VM-ACC-0008,1,407.19,0.05,PLN
SO-2026-006220,4,2026-05-11,2026-05-13,PL-WEB-01,C012528,VM-ACC-0001,1,386.83,0.05,PLN
SO-2026-006221,1,2026-05-11,2026-05-12,PL-WEB-01,C016657,VM-ACC-0023,1,946.73,0.0,PLN
SO-2026-006221,2,2026-05-11,2026-05-12,PL-WEB-01,C016657,VM-NUT-0011,3,54.96,0.0,PLN
SO-2026-006221,3,2026-05-11,2026-05-12,PL-WEB-01,C016657,VM-ACC-0007,1,366.47,0.0,PLN
SO-2026-006221,4,2026-05-11,2026-05-12,PL-WEB-01,C016657,VM-NUT-0004,12,7.12,0.0,PLN
SO-2026-006222,1,2026-05-11,2026-05-14,PL-WEB-01,C021570,VM-BIK-0020,1,1231.77,0.0,PLN
SO-2026-006223,1,2026-05-11,2026-05-12,PL-WEB-01,C021571,VM-BIK-0013,1,4886.39,0.0,PLN
SO-2026-006223,2,2026-05-11,2026-05-12,PL-WEB-01,C021571,VM-ACC-0018,2,50.89,0.0,PLN
SO-2026-006224,1,2026-05-11,2026-05-12,PL-WEB-01,C021572,VM-APP-0015,1,580.25,0.0,PLN
SO-2026-006224,2,2026-05-11,2026-05-12,PL-WEB-01,C021572,VM-BIK-0019,1,1231.77,0.0,PLN
SO-2026-006225,1,2026-05-11,2026-05-14,PL-WEB-01,C021573,VM-EBK-0009,1,10088.37,0.0,PLN
SO-2026-006225,2,2026-05-11,2026-05-14,PL-WEB-01,C021573,VM-CMP-0005,2,1506.63,0.0,PLN
SO-2026-006225,3,2026-05-11,2026-05-14,PL-WEB-01,C021573,VM-ACC-0018,3,50.89,0.0,PLN
SO-2026-006226,1,2026-05-11,2026-05-14,PL-WEB-01,C021076,VM-BIK-0009,1,5741.51,0.0,PLN
SO-2026-006227,1,2026-05-11,2026-05-12,PL-MKT-01,C021574,VM-NUT-0011,6,54.96,0.12,PLN
SO-2026-006227,2,2026-05-11,2026-05-12,PL-MKT-01,C021574,VM-BIK-0007,3,7176.89,0.12,PLN
SO-2026-006228,1,2026-05-11,2026-05-13,PL-MKT-01,C021575,VM-APP-0020,2,183.23,0.0,PLN
SO-2026-006228,2,2026-05-11,2026-05-13,PL-MKT-01,C021575,VM-EBK-0011,1,14903.51,0.05,PLN
SO-2026-006228,3,2026-05-11,2026-05-13,PL-MKT-01,C021575,VM-ACC-0020,1,824.57,0.0,PLN
SO-2026-006229,1,2026-05-11,2026-05-15,PL-MKT-01,C021576,VM-ACC-0015,1,356.29,0.05,PLN
SO-2026-006230,1,2026-05-11,2026-05-15,PL-MKT-01,C007107,VM-BIK-0003,5,6657.71,0.1,PLN
SO-2026-006231,1,2026-05-11,2026-05-12,PL-MKT-01,C012666,VM-NUT-0007,12,13.22,0.05,PLN
SO-2026-006232,1,2026-05-11,2026-05-12,PL-MKT-01,C018120,VM-APP-0013,1,447.91,0.0,PLN
SO-2026-006232,2,2026-05-11,2026-05-12,PL-MKT-01,C018120,VM-APP-0012,1,885.65,0.0,PLN
SO-2026-006232,3,2026-05-11,2026-05-12,PL-MKT-01,C018120,VM-CMP-0013,1,539.53,0.0,PLN
SO-2026-006232,4,2026-05-11,2026-05-12,PL-MKT-01,C018120,VM-NUT-0001,10,9.15,0.0,PLN
SO-2026-006233,1,2026-05-11,2026-05-14,PL-MKT-01,C021577,VM-BIK-0012,1,12022.57,0.0,PLN
SO-2026-006234,1,2026-05-11,2026-05-13,PL-MKT-01,C009695,VM-BIK-0004,1,4346.85,0.05,PLN
SO-2026-006235,1,2026-05-11,2026-05-15,PL-MKT-01,C021578,VM-NUT-0006,9,10.17,0.0,PLN
SO-2026-006235,2,2026-05-11,2026-05-15,PL-MKT-01,C021578,VM-APP-0007,2,162.87,0.0,PLN
SO-2026-006235,3,2026-05-11,2026-05-15,PL-MKT-01,C021578,VM-BIK-0008,1,5405.57,0.0,PLN
SO-2026-006235,4,2026-05-11,2026-05-15,PL-MKT-01,C021578,VM-ACC-0007,2,366.47,0.0,PLN
SO-2026-006236,1,2026-05-11,2026-05-15,PL-MKT-01,C021579,VM-EBK-0005,1,17764.09,0.0,PLN
SO-2026-006237,1,2026-05-11,2026-05-11,CZ-PRG-01,,VM-CMP-0019,3,1232.0,0.0,CZK
SO-2026-006238,1,2026-05-11,2026-05-11,CZ-PRG-01,, VM-CMP-0011 ,2,939.0,0.0,CZK
SO-2026-006239,1,2026-05-11,2026-05-11,CZ-PRG-01,C021487,VM-BIK-0013,1,28164.0,0.0,CZK
SO-2026-006240,1,2026-05-11,2026-05-11,CZ-BRN-01,C021083,vm-acc-0018,3,293.0,0.0,CZK
SO-2026-006241,1,2026-05-11,2026-05-11,CZ-BRN-01,C021580,VM-BIK-0015,1,18130.0,0.05,CZK
SO-2026-006241,2,2026-05-11,2026-05-11,CZ-BRN-01,C021580,VM-ACC-0007,2,2112.0,0.05,CZK
SO-2026-006241,3,2026-05-11,2026-05-11,CZ-BRN-01,C021580,VM-ACC-0009,2,2347.0,0.05,CZK
SO-2026-006241,4,2026-05-11,2026-05-11,CZ-BRN-01,C021580,VM-BIK-0009,1,33092.0,0.05,CZK
SO-2026-006242,1,2026-05-11,2026-05-11,CZ-BRN-01,,VM-ACC-0016,2,170.0,0.0,CZK
SO-2026-006242,2,2026-05-11,2026-05-11,CZ-BRN-01,,VM-APP-0007,1,939.0,0.0,CZK
SO-2026-006243,1,2026-05-11,2026-05-11,CZ-BRN-01,,VM-BIK-0012,1,69294.0,0.0,CZK
SO-2026-006243,2,2026-05-11,2026-05-11,CZ-BRN-01,,VM-ACC-0001,2,2230.0,0.0,CZK
SO-2026-006244,1,2026-05-11,2026-05-12,CZ-WEB-01,C021581,VM-ACC-0007,1,2112.0,0.0,CZK
SO-2026-006244,2,2026-05-11,2026-05-12,CZ-WEB-01,C021581,VM-NUT-0003,12,64.0,0.0,CZK
SO-2026-006245,1,2026-05-11,2026-05-13,CZ-WEB-01,C021582,VM-ACC-0004,5,4577.0,0.08,CZK
SO-2026-006245,2,2026-05-11,2026-05-13,CZ-WEB-01,C021582,VM-EBK-0004,2,65011.0,0.08,CZK
SO-2026-006245,3,2026-05-11,2026-05-13,CZ-WEB-01,C021582,VM-NUT-0008,20,59.0,0.12,CZK
SO-2026-006246,1,2026-05-11,2026-05-12,CZ-WEB-01,C017237,VM-APP-0020,1,1056.0,0.0,CZK
SO-2026-006247,1,2026-05-11,2026-05-14,CZ-WEB-01,C016298,VM-APP-0012,1,5105.0,0.0,CZK
SO-2026-006248,1,2026-05-11,2026-05-11,DE-BER-01,C019098,VM-APP-0002,1,105.24,0.0,EUR
SO-2026-006248,2,2026-05-11,2026-05-11,DE-BER-01,C019098,VM-EBK-0002,1,2379.96,0.0,EUR
SO-2026-006249,1,2026-05-11,2026-05-11,DE-BER-01,,VM-APP-0012,1,208.09,0.0,EUR
SO-2026-006249,2,2026-05-11,2026-05-11,DE-BER-01,,VM-ACC-0011,2,17.22,0.0,EUR
SO-2026-006250,1,2026-05-11,2026-05-14,DE-WEB-01,C021583,VM-EBK-0008,1,3611.79,0.0,EUR
SO-2026-006250,2,2026-05-11,2026-05-14,DE-WEB-01,C021583,VM-ACC-0018,2,11.96,0.0,EUR
SO-2026-006250,3,2026-05-11,2026-05-14,DE-WEB-01,C021583,VM-ACC-0002,2,145.9,0.0,EUR
SO-2026-006250,4,2026-05-11,2026-05-14,DE-WEB-01,C021583,VM-NUT-0001,7,2.15,0.0,EUR
SO-2026-006251,1,2026-05-11,2026-05-13,DE-WEB-01,C017431,VM-ACC-0013,1,40.66,0.0,EUR
SO-2026-006252,1,2026-05-11,2026-05-12,DE-WEB-01,C018245,VM-EBK-0003,1,2174.25,0.0,EUR
SO-2026-006253,1,2026-05-11,2026-05-13,DE-WEB-01,C019254,VM-ACC-0023,1,222.45,0.0,EUR
SO-2026-006254,1,2026-05-11,2026-05-12,DE-WEB-01,C021584,VM-NUT-0004,3,1.67,0.0,EUR
SO-2026-006254,2,2026-05-11,2026-05-12,DE-WEB-01,C021584,VM-NUT-0002,13,3.59,0.05,EUR
SO-2026-006255,1,2026-05-11,2026-05-14,DE-WEB-01,C021585,VM-ACC-0008,1,95.67,0.0,EUR
SO-2026-006256,1,2026-05-11,2026-05-14,DE-WEB-01,C005462,VM-NUT-0009,3,20.33,0.05,EUR
SO-2026-006257,1,2026-05-11,2026-05-13,DE-WEB-01,C015917,VM-ACC-0019,15,11.96,0.08,EUR
SO-2026-006257,2,2026-05-11,2026-05-13,DE-WEB-01,C015917,VM-CMP-0018,16,14.83,0.08,EUR
SO-2026-006258,1,2026-05-11,2026-05-15,DE-WEB-01,C014092,VM-EBK-0008,1,3611.79,0.0,EUR
SO-2026-006259,1,2026-05-12,2026-05-12,PL-WAW-01,C016181,VM-ACC-0008,2,407.19,0.0,PLN
SO-2026-006259,2,2026-05-12,2026-05-12,PL-WAW-01,C016181,VM-CMP-0022,2,36.64,0.0,PLN
SO-2026-006260,1,2026-05-12,2026-05-12,PL-WAW-01,C016643,VM-ACC-0018,6,50.89,0.12,PLN
SO-2026-006260,2,2026-05-12,2026-05-12,PL-WAW-01,C016643,VM-EBK-0003,5,9253.61,0.12,PLN
SO-2026-006260,3,2026-05-12,2026-05-12,PL-WAW-01,C016643,VM-NUT-0011,4,54.96,0.1,PLN
SO-2026-006261,1,2026-05-12,2026-05-12,PL-WAW-01,C021586,VM-CMP-0023,2,60.05,0.0,PLN
SO-2026-006261,2,2026-05-12,2026-05-12,PL-WAW-01,C021586,VM-ACC-0016,3,29.51,0.0,PLN
SO-2026-006262,1,2026-05-12,2026-05-12,PL-WAW-01,,VM-CMP-0023,2,60.05,0.0,PLN
SO-2026-006262,2,2026-05-12,2026-05-12,PL-WAW-01,,VM-APP-0010,2,173.05,0.0,PLN
SO-2026-006263,1,2026-05-12,2026-05-12,PL-WAW-01,,VM-EBK-0011,1,14903.51,0.0,PLN
SO-2026-006263,2,2026-05-12,2026-05-12,PL-WAW-01,,VM-ACC-0007,2,366.47,0.0,PLN
SO-2026-006263,3,2026-05-12,2026-05-12,PL-WAW-01,,VM-CMP-0019,1,213.77,0.05,PLN
SO-2026-006264,1,2026-05-12,2026-05-12,PL-WAW-01,C018679,VM-BIK-0008,1,5405.57,0.0,PLN
SO-2026-006265,1,2026-05-12,2026-05-12,PL-WAW-01,C019217,VM-BIK-0012,1,12022.57,0.05,PLN
SO-2026-006266,1,2026-05-12,2026-05-12,PL-WAW-01,C016158,VM-BIK-0004,1,4346.85,0.05,PLN
SO-2026-006266,2,2026-05-12,2026-05-12,PL-WAW-01,C016158,VM-EBK-0002,1,10129.09,0.05,PLN
SO-2026-006266,3,2026-05-12,2026-05-12,PL-WAW-01,C016158,VM-ACC-0015,1,356.29,0.05,PLN
SO-2026-006267,1,2026-05-12,2026-05-12,PL-WAW-01,C010582,VM-BIK-0011,3,8805.69,0.08,PLN
SO-2026-006267,2,2026-05-12,2026-05-12,PL-WAW-01,C010582,VM-ACC-0017,9,59.03,0.12,PLN
SO-2026-006268,1,2026-05-12,2026-05-12,PL-WAW-01,,VM-BIK-0014,1,3898.93,0.0,PLN
SO-2026-006268,2,2026-05-12,2026-05-12,PL-WAW-01,,VM-CMP-0013,1,539.53,0.0,PLN
SO-2026-006269,1,2026-05-12,2026-05-12,PL-WAW-01,C021587,vm-bik-0010,1,6433.75,0.0,PLN
SO-2026-006270,1,2026-05-12,2026-05-12,PL-WAW-02,,VM-APP-0006,3,315.57,0.0,PLN
SO-2026-006271,1,2026-05-12,2026-05-12,PL-WAW-02,C021588,VM-ACC-0008,1,407.19,0.0,PLN
SO-2026-006272,1,2026-05-12,2026-05-12,PL-WAW-02,C021589,VM-ACC-0008,2,407.19,0.0,PLN
SO-2026-006272,2,2026-05-12,2026-05-12,PL-WAW-02,C021589,VM-ACC-0003,2,295.21,0.0,PLN
SO-2026-006272,3,2026-05-12,2026-05-12,PL-WAW-02,C021589,VM-NUT-0009,4,86.52,0.0,PLN
SO-2026-006273,1,2026-05-12,2026-05-12,PL-KRK-01,C013992,VM-APP-0002,1,447.91,0.0,PLN
SO-2026-006274,1,2026-05-12,2026-05-12,PL-KRK-01,,VM-APP-0012,1,885.65,0.0,PLN
SO-2026-006274,2,2026-05-12,2026-05-12,PL-KRK-01,,VM-NUT-0008,9,10.17,0.0,PLN
SO-2026-006275,1,2026-05-12,2026-05-12,PL-KRK-01,C018865,VM-ACC-0008,1,407.19,0.0,PLN
SO-2026-006275,2,2026-05-12,2026-05-12,PL-KRK-01,C018865,VM-ACC-0011,1,73.29,0.0,PLN
SO-2026-006276,1,2026-05-12,2026-05-12,PL-WRO-01,,VM-ACC-0014,1,111.97,0.0,PLN
SO-2026-006276,2,2026-05-12,2026-05-12,PL-WRO-01,,VM-EBK-0003,1,9253.61,0.0,PLN
SO-2026-006277,1,2026-05-12,2026-05-12,PL-WRO-01,C021590,VM-BIK-0005,1,7543.37,0.1,PLN
SO-2026-006278,1,2026-05-12,2026-05-12,PL-WRO-01,,VM-ACC-0021,1,794.03,0.0,PLN
SO-2026-006279,1,2026-05-12,2026-05-12,PL-WRO-01,C021591, VM-ACC-0008 ,2,407.19,0.0,PLN
SO-2026-006280,1,2026-05-12,2026-05-12,PL-GDN-01,C021592,VM-BIK-0022,5,1425.19,0.1,PLN
SO-2026-006280,2,2026-05-12,2026-05-12,PL-GDN-01,C021592,VM-ACC-0008,5,407.19,0.1,PLN
SO-2026-006281,1,2026-05-12,2026-05-12,PL-POZ-01,C021593,vm-app-0002,1,447.91,0.05,PLN
SO-2026-006281,2,2026-05-12,2026-05-12,PL-POZ-01,C021593,VM-EBK-0006,1,20502.51,0.05,PLN
SO-2026-006281,3,2026-05-12,2026-05-12,PL-POZ-01,C021593,VM-APP-0012,1,885.65,0.05,PLN
SO-2026-006282,1,2026-05-12,2026-05-12,PL-LDZ-01,C021594,VM-BIK-0011,1,8805.69,0.0,PLN
SO-2026-006282,2,2026-05-12,2026-05-12,PL-LDZ-01,C021594,VM-ACC-0016,1,29.51,0.0,PLN
SO-2026-006283,1,2026-05-12,2026-05-12,PL-LDZ-01,,VM-APP-0010,1,173.05,0.0,PLN
SO-2026-006284,1,2026-05-12,2026-05-13,PL-WEB-01,C020580,VM-EBK-0009,1,10088.37,0.0,PLN
SO-2026-006285,1,2026-05-12,2026-05-15,PL-WEB-01,C019041,VM-APP-0012,1,885.65,0.0,PLN
SO-2026-006285,2,2026-05-12,2026-05-15,PL-WEB-01,C019041,VM-EBK-0009,1,10088.37,0.0,PLN
SO-2026-006286,1,2026-05-12,2026-05-15,PL-WEB-01,C021595,VM-ACC-0013,1,173.05,0.0,PLN
SO-2026-006287,1,2026-05-12,2026-05-15,PL-WEB-01,C021596,VM-ACC-0014,1,111.97,0.0,PLN
SO-2026-006287,2,2026-05-12,2026-05-15,PL-WEB-01,C021596,VM-EBK-0005,1,17764.09,0.0,PLN
SO-2026-006287,3,2026-05-12,2026-05-15,PL-WEB-01,C021596,vm-ebk-0002,1,10129.09,0.0,PLN
SO-2026-006287,4,2026-05-12,2026-05-15,PL-WEB-01,C021596,VM-BIK-0021,1,1272.49,0.0,PLN
SO-2026-006288,1,2026-05-12,2026-05-14,PL-WEB-01,C020811,VM-APP-0015,1,580.25,0.05,PLN
SO-2026-006289,1,2026-05-12,2026-05-14,PL-WEB-01,C021597,VM-APP-0008,1,162.87,0.0,PLN
SO-2026-006290,1,2026-05-12,2026-05-13,PL-WEB-01,C020212,VM-NUT-0001,8,9.15,0.05,PLN
SO-2026-006291,1,2026-05-12,2026-05-13,PL-WEB-01,C019222,VM-CMP-0009,1,356.29,0.0,PLN
SO-2026-006292,1,2026-05-12,2026-05-16,PL-WEB-01,C015179,VM-NUT-0008,18,10.17,0.12,PLN
SO-2026-006292,2,2026-05-12,2026-05-16,PL-WEB-01,C015179,VM-ACC-0001,5,386.83,0.12,PLN
SO-2026-006293,1,2026-05-12,2026-05-13,PL-WEB-01,C014162,VM-APP-0009,2,356.29,0.0,PLN
SO-2026-006294,1,2026-05-12,2026-05-15,PL-WEB-01,C015183,VM-NUT-0009,3,86.52,0.0,PLN
SO-2026-006295,1,2026-05-12,2026-05-15,PL-WEB-01,C021598,VM-CMP-0004,1,732.95,0.0,PLN
SO-2026-006295,2,2026-05-12,2026-05-15,PL-WEB-01,C021598,VM-BIK-0017,1,1944.37,0.0,PLN
SO-2026-006296,1,2026-05-12,2026-05-14,PL-WEB-01,C021599,VM-CMP-0017,1,508.99,0.0,PLN
SO-2026-006296,2,2026-05-12,2026-05-14,PL-WEB-01,C021599,VM-CMP-0009,2,356.29,0.0,PLN
SO-2026-006296,3,2026-05-12,2026-05-14,PL-WEB-01,C021599,VM-ACC-0016,2,29.51,0.0,PLN
SO-2026-006297,1,2026-05-12,2026-05-13,PL-WEB-01,C014583,VM-NUT-0002,6,15.26,0.0,PLN
SO-2026-006297,2,2026-05-12,2026-05-13,PL-WEB-01,C014583,VM-BIK-0019,1,1231.77,0.0,PLN
SO-2026-006298,1,2026-05-12,2026-05-13,PL-WEB-01,C019313,VM-ACC-0023,1,946.73,0.0,PLN
SO-2026-006298,2,2026-05-12,2026-05-13,PL-WEB-01,C019313,VM-BIK-0008,1,5405.57,0.0,PLN
SO-2026-006298,3,2026-05-12,2026-05-13,PL-WEB-01,C019313,vm-cmp-0019,3,213.77,0.0,PLN
SO-2026-006299,1,2026-05-12,2026-05-16,PL-WEB-01,C021600,VM-ACC-0008,2,407.19,0.0,PLN
SO-2026-006299,2,2026-05-12,2026-05-16,PL-WEB-01,C021600,vm-ebk-0003,1,9253.61,0.0,PLN
SO-2026-006299,3,2026-05-12,2026-05-16,PL-WEB-01,C021600,VM-ACC-0013,1,173.05,0.0,PLN
SO-2026-006300,1,2026-05-12,2026-05-13,PL-WEB-01,C021601,VM-CMP-0001,1,407.19,0.0,PLN
SO-2026-006300,2,2026-05-12,2026-05-13,PL-WEB-01,C021601,VM-BIK-0007,1,7176.89,0.0,PLN
SO-2026-006301,1,2026-05-12,2026-05-14,PL-WEB-01,C021602,VM-BIK-0009,1,5741.51,0.0,PLN
SO-2026-006301,2,2026-05-12,2026-05-14,PL-WEB-01,C021602,VM-ACC-0001,2,386.83,0.0,PLN
SO-2026-006301,3,2026-05-12,2026-05-14,PL-WEB-01,C021602,VM-ACC-0020,1,824.57,0.0,PLN
SO-2026-006302,1,2026-05-12,2026-05-13,PL-WEB-01,C021396,VM-NUT-0004,11,7.12,0.0,PLN
SO-2026-006303,1,2026-05-12,2026-05-13,PL-WEB-01,C021603,VM-ACC-0008,1,407.19,0.0,PLN
SO-2026-006304,1,2026-05-12,2026-05-16,PL-WEB-01,C013323,VM-BIK-0007,1,7176.89,0.0,PLN
SO-2026-006305,1,2026-05-12,2026-05-13,PL-WEB-01,C010606,VM-APP-0012,1,885.65,0.0,PLN
SO-2026-006305,2,2026-05-12,2026-05-13,PL-WEB-01,C010606,VM-CMP-0023,4,60.05,0.0,PLN
SO-2026-006305,3,2026-05-12,2026-05-13,PL-WEB-01,C010606,VM-EBK-0005,1,17764.09,0.0,PLN
SO-2026-006306,1,2026-05-12,2026-05-14,PL-WEB-01,C017359,VM-APP-0007,2,162.87,0.0,PLN
SO-2026-006306,2,2026-05-12,2026-05-14,PL-WEB-01,C017359,VM-NUT-0001,15,9.15,0.0,PLN
SO-2026-006307,1,2026-05-12,2026-05-13,PL-WEB-01,C021604,VM-ACC-0005,2,183.23,0.0,PLN
SO-2026-006308,1,2026-05-12,2026-05-15,PL-MKT-01,C021605,VM-BIK-0014,1,3898.93,0.0,PLN
SO-2026-006309,1,2026-05-12,2026-05-15,PL-MKT-01,C016785,VM-NUT-0009,2,86.52,0.05,PLN
SO-2026-006310,1,2026-05-12,2026-05-16,PL-MKT-01,C019140,VM-APP-0007,2,162.87,0.0,PLN
SO-2026-006311,1,2026-05-12,2026-05-16,PL-MKT-01,C021606,VM-ACC-0021,1,794.03,0.0,PLN
SO-2026-006312,1,2026-05-12,2026-05-15,PL-MKT-01,C019268,VM-BIK-0007,1,7176.89,0.05,PLN
SO-2026-006312,2,2026-05-12,2026-05-15,PL-MKT-01,C019268,VM-ACC-0008,2,407.19,0.05,PLN
SO-2026-006313,1,2026-05-12,2026-05-14,PL-MKT-01,C021607,VM-NUT-0002,25,15.26,0.08,PLN
SO-2026-006313,2,2026-05-12,2026-05-14,PL-MKT-01,C021607,VM-ACC-0003,10,295.21,0.12,PLN
SO-2026-006314,1,2026-05-12,2026-05-15,PL-MKT-01,C019834,VM-CMP-0019,2,213.77,0.0,PLN
SO-2026-006314,2,2026-05-12,2026-05-15,PL-MKT-01,C019834,VM-NUT-0006,4,10.17,0.0,PLN
SO-2026-006314,3,2026-05-12,2026-05-15,PL-MKT-01,C019834,VM-EBK-0011,1,14903.51,0.05,PLN
SO-2026-006315,1,2026-05-12,2026-05-15,PL-MKT-01,C017926,VM-NUT-0008,11,10.17,0.05,PLN
SO-2026-006315,2,2026-05-12,2026-05-15,PL-MKT-01,C017926,VM-CMP-0015,2,936.55,0.05,PLN
SO-2026-006316,1,2026-05-12,2026-05-14,PL-MKT-01,C019837,VM-APP-0007,2,162.87,0.0,PLN
SO-2026-006316,2,2026-05-12,2026-05-14,PL-MKT-01,C019837,VM-CMP-0005,1,1506.63,0.0,PLN
SO-2026-006317,1,2026-05-12,2026-05-16,PL-MKT-01,C021608,VM-ACC-0017,3,59.03,0.0,PLN
SO-2026-006318,1,2026-05-12,2026-05-16,PL-MKT-01,C021609,VM-NUT-0008,10,10.17,0.0,PLN
SO-2026-006318,2,2026-05-12,2026-05-16,PL-MKT-01,C021609,VM-ACC-0014,1,111.97,0.0,PLN
SO-2026-006319,1,2026-05-12,2026-05-15,PL-MKT-01,C015888,VM-APP-0007,10,162.87,0.12,PLN
SO-2026-006320,1,2026-05-12,2026-05-15,PL-MKT-01,C017156,VM-CMP-0001,1,407.19,0.0,PLN
SO-2026-006321,1,2026-05-12,2026-05-16,PL-MKT-01,C009681,VM-NUT-0009,3,86.52,0.0,PLN
SO-2026-006321,2,2026-05-12,2026-05-16,PL-MKT-01,C009681,VM-EBK-0005,1,17764.09,0.0,PLN
SO-2026-006321,3,2026-05-12,2026-05-16,PL-MKT-01,C009681,VM-NUT-0011,4,54.96,0.0,PLN
SO-2026-006322,1,2026-05-12,2026-05-12,CZ-PRG-01,C014519,VM-NUT-0001,6,53.0,0.0,CZK
SO-2026-006323,1,2026-05-12,2026-05-12,CZ-PRG-01,C017237,VM-EBK-0007,1,86251.0,0.0,CZK
SO-2026-006323,2,2026-05-12,2026-05-12,CZ-PRG-01,C017237,VM-ACC-0008,2,2347.0,0.0,CZK
SO-2026-006323,3,2026-05-12,2026-05-12,CZ-PRG-01,C017237,VM-ACC-0003,1,1701.0,0.0,CZK
SO-2026-006323,4,2026-05-12,2026-05-12,CZ-PRG-01,C017237,VM-CMP-0014,1,2523.0,0.0,CZK
SO-2026-006324,1,2026-05-12,2026-05-12,CZ-PRG-01,,VM-CMP-0015,1,5398.0,0.0,CZK
SO-2026-006324,2,2026-05-12,2026-05-12,CZ-PRG-01,,VM-EBK-0011,1,85899.0,0.0,CZK
SO-2026-006325,1,2026-05-12,2026-05-12,CZ-PRG-01,,VM-APP-0002,1,2582.0,0.0,CZK
SO-2026-006326,1,2026-05-12,2026-05-12,CZ-BRN-01,C013806,VM-BIK-0007,1,41365.0,0.0,CZK
SO-2026-006327,1,2026-05-12,2026-05-12,CZ-BRN-01,C017809,VM-EBK-0009,1,58146.0,0.0,CZK
SO-2026-006328,1,2026-05-12,2026-05-16,CZ-WEB-01,C021610,VM-NUT-0011,4,317.0,0.0,CZK
SO-2026-006329,1,2026-05-12,2026-05-15,CZ-WEB-01,C021611,VM-EBK-0008,1,88598.0,0.05,CZK
SO-2026-006329,2,2026-05-12,2026-05-15,CZ-WEB-01,C021611,vm-acc-0008,2,2347.0,0.05,CZK
SO-2026-006330,1,2026-05-12,2026-05-14,CZ-WEB-01,C016114,VM-BIK-0007,1,41365.0,0.0,CZK
SO-2026-006330,2,2026-05-12,2026-05-14,CZ-WEB-01,C016114,VM-ACC-0008,2,2347.0,0.0,CZK
SO-2026-006330,3,2026-05-12,2026-05-14,CZ-WEB-01,C016114,VM-ACC-0017,2,340.0,0.0,CZK
SO-2026-006331,1,2026-05-12,2026-05-16,CZ-WEB-01,C019435,VM-NUT-0004,5,41.0,0.0,CZK
SO-2026-006331,2,2026-05-12,2026-05-16,CZ-WEB-01,C019435,VM-APP-0013,1,2582.0,0.0,CZK
SO-2026-006332,1,2026-05-12,2026-05-13,CZ-WEB-01,C017364,VM-NUT-0006,3,59.0,0.0,CZK
SO-2026-006333,1,2026-05-12,2026-05-12,DE-BER-01,,VM-BIK-0017,1,456.85,0.0,EUR
SO-2026-006334,1,2026-05-12,2026-05-12,DE-BER-01,C019256,VM-APP-0002,2,105.24,0.0,EUR
SO-2026-006335,1,2026-05-12,2026-05-15,DE-WEB-01,C015150,VM-APP-0006,3,74.15,0.08,EUR
SO-2026-006335,2,2026-05-12,2026-05-15,DE-WEB-01,C015150,VM-EBK-0002,3,2379.96,0.1,EUR
SO-2026-006335,3,2026-05-12,2026-05-15,DE-WEB-01,C015150,VM-BIK-0012,4,2824.85,0.1,EUR
SO-2026-006335,4,2026-05-12,2026-05-15,DE-WEB-01,C015150,VM-CMP-0023,20,14.11,0.1,EUR
SO-2026-006336,1,2026-05-12,2026-05-15,DE-WEB-01,C016703,VM-BIK-0007,1,1686.3,0.0,EUR
SO-2026-006337,1,2026-05-12,2026-05-15,DE-WEB-01,C020087,VM-NUT-0004,16,1.67,0.08,EUR
SO-2026-006338,1,2026-05-12,2026-05-16,DE-WEB-01,C021547,VM-CMP-0013,1,126.77,0.0,EUR
SO-2026-006338,2,2026-05-12,2026-05-16,DE-WEB-01,C021547,VM-BIK-0013,1,1148.12,0.0,EUR
SO-2026-006338,3,2026-05-12,2026-05-16,DE-WEB-01,C021547,VM-ACC-0020,1,193.74,0.0,EUR
SO-2026-006339,1,2026-05-12,2026-05-14,DE-WEB-01,C010378,VM-EBK-0002,1,2379.96,0.0,EUR
SO-2026-006340,1,2026-05-12,2026-05-13,DE-WEB-01,C018334,VM-APP-0007,2,38.27,0.0,EUR
SO-2026-006340,2,2026-05-12,2026-05-13,DE-WEB-01,C018334,VM-ACC-0014,1,26.31,0.0,EUR
SO-2026-006341,1,2026-05-12,2026-05-16,DE-WEB-01,C020853,VM-ACC-0008,1,95.67,0.0,EUR
SO-2026-006342,1,2026-05-12,2026-05-15,DE-WEB-01,C014344,VM-CMP-0014,1,102.85,0.0,EUR
SO-2026-006342,2,2026-05-12,2026-05-15,DE-WEB-01,C014344,VM-ACC-0023,1,222.45,0.0,EUR
SO-2026-006342,3,2026-05-12,2026-05-15,DE-WEB-01,C014344,VM-ACC-0008,1,95.67,0.0,EUR
SO-2026-006343,1,2026-05-12,2026-05-14,DE-WEB-01,C015760,VM-NUT-0001,4,2.15,0.0,EUR
SO-2026-006344,1,2026-05-13,2026-05-13,PL-WAW-01,C004361,VM-APP-0007,1,162.87,0.0,PLN
SO-2026-006345,1,2026-05-13,2026-05-13,PL-WAW-01,C017937,VM-BIK-0009,1,5741.51,0.0,PLN
SO-2026-006346,1,2026-05-13,2026-05-13,PL-WAW-01,C015678,VM-APP-0005,2,183.23,0.0,PLN
SO-2026-006346,2,2026-05-13,2026-05-13,PL-WAW-01,C015678,VM-ACC-0014,1,111.97,0.0,PLN
SO-2026-006347,1,2026-05-13,2026-05-13,PL-WAW-01,,VM-ACC-0003,2,295.21,0.0,PLN
SO-2026-006347,2,2026-05-13,2026-05-13,PL-WAW-01,,VM-EBK-0003,1,9253.61,0.0,PLN
SO-2026-006348,1,2026-05-13,2026-05-13,PL-WAW-01,C016477,VM-BIK-0013,1,4886.39,0.0,PLN
SO-2026-006348,2,2026-05-13,2026-05-13,PL-WAW-01,C016477,VM-ACC-0014,1,111.97,0.0,PLN
SO-2026-006349,1,2026-05-13,2026-05-13,PL-WAW-01,C013517,VM-NUT-0007,9,13.22,0.0,PLN
SO-2026-006350,1,2026-05-13,2026-05-13,PL-WAW-02,,VM-BIK-0012,1,12022.57,0.0,PLN
SO-2026-006351,1,2026-05-13,2026-05-13,PL-WAW-02,C021303,VM-BIK-0014,1,3898.93,0.05,PLN
SO-2026-006351,2,2026-05-13,2026-05-13,PL-WAW-02,C021303,VM-BIK-0019,1,1231.77,0.0,PLN
SO-2026-006352,1,2026-05-13,2026-05-13,PL-WAW-02,,VM-ACC-0021,1,794.03,0.0,PLN
SO-2026-006353,1,2026-05-13,2026-05-13,PL-WAW-02,,VM-BIK-0021,1,1272.49,0.0,PLN
SO-2026-006354,1,2026-05-13,2026-05-13,PL-WAW-02,,VM-NUT-0011,2,54.96,0.0,PLN
SO-2026-006355,1,2026-05-13,2026-05-13,PL-WAW-02,,VM-BIK-0012,1,12022.57,0.0,PLN
SO-2026-006356,1,2026-05-13,2026-05-13,PL-WAW-02,C021612,VM-BIK-0006,1,6708.61,0.05,PLN
SO-2026-006356,2,2026-05-13,2026-05-13,PL-WAW-02,C021612,VM-ACC-0014,1,111.97,0.1,PLN
SO-2026-006356,3,2026-05-13,2026-05-13,PL-WAW-02,C021612,VM-ACC-0002,1,620.97,0.05,PLN
SO-2026-006357,1,2026-05-13,2026-05-13,PL-WAW-02,C007184,VM-BIK-0007,2,7176.89,0.1,PLN
SO-2026-006358,1,2026-05-13,2026-05-13,PL-KRK-01,C008507,VM-BIK-0012,1,12022.57,0.0,PLN
SO-2026-006358,2,2026-05-13,2026-05-13,PL-KRK-01,C008507,VM-BIK-0006,1,6708.61,0.0,PLN
SO-2026-006359,1,2026-05-13,2026-05-13,PL-KRK-01,C021074,VM-NUT-0004,8,7.12,0.0,PLN
SO-2026-006359,2,2026-05-13,2026-05-13,PL-KRK-01,C021074,VM-APP-0017,1,193.41,0.0,PLN
SO-2026-006360,1,2026-05-13,2026-05-13,PL-KRK-01,,VM-BIK-0019,1,1231.77,0.0,PLN
SO-2026-006360,2,2026-05-13,2026-05-13,PL-KRK-01,,VM-EBK-0004,1,11279.43,0.0,PLN
SO-2026-006360,3,2026-05-13,2026-05-13,PL-KRK-01,,VM-BIK-0016,1,3654.61,0.0,PLN
SO-2026-006361,1,2026-05-13,2026-05-13,PL-KRK-01,C021392,VM-ACC-0011,2,73.29,0.0,PLN
SO-2026-006362,1,2026-05-13,2026-05-13,PL-KRK-01,C021613,VM-NUT-0008,10,10.17,0.0,PLN
SO-2026-006363,1,2026-05-13,2026-05-13,PL-KRK-01,C021614,VM-APP-0020,1,183.23,0.0,PLN
SO-2026-006363,2,2026-05-13,2026-05-13,PL-KRK-01,C021614,VM-BIK-0017,1,1944.37,0.0,PLN
SO-2026-006364,1,2026-05-13,2026-05-13,PL-KRK-01,C014786,VM-ACC-0020,1,824.57,0.05,PLN
SO-2026-006364,2,2026-05-13,2026-05-13,PL-KRK-01,C014786,VM-EBK-0005,1,17764.09,0.05,PLN
SO-2026-006365,1,2026-05-13,2026-05-13,PL-KRK-01,C006230,VM-EBK-0010,1,13732.81,0.0,PLN
SO-2026-006365,2,2026-05-13,2026-05-13,PL-KRK-01,C006230,VM-CMP-0004,1,732.95,0.0,PLN
SO-2026-006366,1,2026-05-13,2026-05-13,PL-WRO-01,,VM-BIK-0004,1,4346.85,0.0,PLN
SO-2026-006366,2,2026-05-13,2026-05-13,PL-WRO-01,,VM-ACC-0007,1,366.47,0.0,PLN
SO-2026-006366,3,2026-05-13,2026-05-13,PL-WRO-01,,VM-ACC-0008,1,407.19,0.05,PLN
SO-2026-006367,1,2026-05-13,2026-05-13,PL-GDN-01,C021615,VM-ACC-0020,1,824.57,0.0,PLN
SO-2026-006367,2,2026-05-13,2026-05-13,PL-GDN-01,C021615,VM-APP-0010,1,173.05,0.0,PLN
SO-2026-006367,3,2026-05-13,2026-05-13,PL-GDN-01,C021615,VM-ACC-0019,2,50.89,0.0,PLN
SO-2026-006367,4,2026-05-13,2026-05-13,PL-GDN-01,C021615,VM-EBK-0009,1,10088.37,0.0,PLN
SO-2026-006368,1,2026-05-13,2026-05-13,PL-GDN-01,,VM-NUT-0004,4,7.12,0.0,PLN
SO-2026-006369,1,2026-05-13,2026-05-13,PL-POZ-01,,VM-ACC-0019,2,50.89,0.0,PLN
SO-2026-006370,1,2026-05-13,2026-05-13,PL-POZ-01,C013398,VM-NUT-0009,3,86.52,0.0,PLN
SO-2026-006371,1,2026-05-13,2026-05-13,PL-POZ-01,,VM-BIK-0020,1,1231.77,0.0,PLN
SO-2026-006372,1,2026-05-13,2026-05-13,PL-POZ-01,,VM-EBK-0010,1,13732.81,0.0,PLN
SO-2026-006372,2,2026-05-13,2026-05-13,PL-POZ-01,,VM-ACC-0003,1,295.21,0.0,PLN
SO-2026-006373,1,2026-05-13,2026-05-13,PL-LDZ-01,C020537,VM-CMP-0003,1,244.31,0.0,PLN
SO-2026-006374,1,2026-05-13,2026-05-13,PL-LDZ-01,C012443,VM-CMP-0019,2,213.77,0.0,PLN
SO-2026-006374,2,2026-05-13,2026-05-13,PL-LDZ-01,C012443,VM-BIK-0009,1,5741.51,0.0,PLN
SO-2026-006374,3,2026-05-13,2026-05-13,PL-LDZ-01,C012443,VM-ACC-0013,1,173.05,0.0,PLN
SO-2026-006374,4,2026-05-13,2026-05-13,PL-LDZ-01,C012443,VM-NUT-0004,4,7.12,0.0,PLN
SO-2026-006375,1,2026-05-13,2026-05-13,PL-LDZ-01,,VM-CMP-0015,2,936.55,0.0,PLN
SO-2026-006375,2,2026-05-13,2026-05-13,PL-LDZ-01,,VM-NUT-0011,2,54.96,0.0,PLN
SO-2026-006376,1,2026-05-13,2026-05-17,PL-WEB-01,C021616,VM-APP-0017,1,193.41,0.0,PLN
SO-2026-006377,1,2026-05-13,2026-05-17,PL-WEB-01,C014838,VM-NUT-0004,4,7.12,0.0,PLN
SO-2026-006378,1,2026-05-13,2026-05-15,PL-WEB-01,C021617,VM-APP-0019,2,67.18,0.0,PLN
SO-2026-006379,1,2026-05-13,2026-05-15,PL-WEB-01,C005269,VM-BIK-0012,1,12022.57,0.0,PLN
SO-2026-006380,1,2026-05-13,2026-05-15,PL-WEB-01,C014138,VM-APP-0010,2,173.05,0.0,PLN
SO-2026-006380,2,2026-05-13,2026-05-15,PL-WEB-01,C014138,vm-ebk-0005,1,17764.09,0.0,PLN
SO-2026-006380,3,2026-05-13,2026-05-15,PL-WEB-01,C014138,VM-NUT-0004,3,7.12,0.0,PLN
SO-2026-006381,1,2026-05-13,2026-05-14,PL-WEB-01,C021618,VM-ACC-0018,3,50.89,0.0,PLN
SO-2026-006382,1,2026-05-13,2026-05-14,PL-WEB-01,C007776,VM-EBK-0007,1,14964.59,0.05,PLN
SO-2026-006382,2,2026-05-13,2026-05-14,PL-WEB-01,C007776, VM-BIK-0007 ,1,7176.89,0.05,PLN
SO-2026-006382,3,2026-05-13,2026-05-14,PL-WEB-01,C007776,VM-ACC-0014,1,111.97,0.05,PLN
SO-2026-006383,1,2026-05-13,2026-05-17,PL-WEB-01,C018697,vm-acc-0017,1,59.03,0.0,PLN
SO-2026-006384,1,2026-05-13,2026-05-16,PL-WEB-01,C008259,VM-NUT-0004,7,7.12,0.0,PLN
SO-2026-006385,1,2026-05-13,2026-05-17,PL-WEB-01,C020524,VM-CMP-0008,1,447.91,0.05,PLN
SO-2026-006385,2,2026-05-13,2026-05-17,PL-WEB-01,C020524,VM-ACC-0020,1,824.57,0.05,PLN
SO-2026-006385,3,2026-05-13,2026-05-17,PL-WEB-01,C020524,VM-BIK-0003,1,6657.71,0.05,PLN
SO-2026-006386,1,2026-05-13,2026-05-17,PL-WEB-01,C021619,VM-BIK-0009,1,5741.51,0.0,PLN
SO-2026-006386,2,2026-05-13,2026-05-17,PL-WEB-01,C021619,VM-NUT-0008,4,10.17,0.0,PLN
SO-2026-006387,1,2026-05-13,2026-05-16,PL-WEB-01,C021620,VM-APP-0008,1,162.87,0.0,PLN
SO-2026-006387,2,2026-05-13,2026-05-16,PL-WEB-01,C021620,VM-BIK-0013,1,4886.39,0.0,PLN
SO-2026-006387,3,2026-05-13,2026-05-16,PL-WEB-01,C021620,VM-BIK-0007,1,7176.89,0.0,PLN
SO-2026-006388,1,2026-05-13,2026-05-17,PL-WEB-01,C021621,VM-APP-0018,1,132.33,0.0,PLN
SO-2026-006389,1,2026-05-13,2026-05-17,PL-WEB-01,C018137,VM-EBK-0007,1,14964.59,0.0,PLN
SO-2026-006389,2,2026-05-13,2026-05-17,PL-WEB-01,C018137,VM-ACC-0008,2,407.19,0.0,PLN
SO-2026-006390,1,2026-05-13,2026-05-14,PL-MKT-01,C019270,VM-NUT-0009,2,86.52,0.0,PLN
SO-2026-006391,1,2026-05-13,2026-05-17,PL-MKT-01,C021226,VM-NUT-0007,4,13.22,0.0,PLN
SO-2026-006391,2,2026-05-13,2026-05-17,PL-MKT-01,C021226,VM-NUT-0004,4,7.12,0.0,PLN
SO-2026-006392,1,2026-05-13,2026-05-16,PL-MKT-01,C010356,VM-BIK-0012,1,12022.57,0.0,PLN
SO-2026-006392,2,2026-05-13,2026-05-16,PL-MKT-01,C010356,VM-NUT-0001,6,9.15,0.0,PLN
SO-2026-006392,3,2026-05-13,2026-05-16,PL-MKT-01,C010356,VM-NUT-0008,12,10.17,0.0,PLN
SO-2026-006393,1,2026-05-13,2026-05-15,PL-MKT-01,C021622,VM-APP-0008,5,162.87,0.1,PLN
SO-2026-006394,1,2026-05-13,2026-05-17,PL-MKT-01,C021623,VM-EBK-0009,1,10088.37,0.0,PLN
SO-2026-006395,1,2026-05-13,2026-05-16,PL-MKT-01,C005718,VM-BIK-0012,1,12022.57,0.0,PLN
SO-2026-006395,2,2026-05-13,2026-05-16,PL-MKT-01,C005718,VM-BIK-0003,1,6657.71,0.0,PLN
SO-2026-006395,3,2026-05-13,2026-05-16,PL-MKT-01,C005718,VM-ACC-0006,1,967.09,0.05,PLN
SO-2026-006396,1,2026-05-13,2026-05-16,PL-MKT-01,C018815,VM-ACC-0020,1,824.57,0.0,PLN
SO-2026-006396,2,2026-05-13,2026-05-16,PL-MKT-01,C018815,VM-APP-0008,2,162.87,0.0,PLN
SO-2026-006397,1,2026-05-13,2026-05-15,PL-MKT-01,C015968,VM-BIK-0020,1,1231.77,0.1,PLN
SO-2026-006398,1,2026-05-13,2026-05-13,CZ-PRG-01,C021624,VM-EBK-0004,1,65011.0,0.0,CZK
SO-2026-006399,1,2026-05-13,2026-05-13,CZ-PRG-01,C021625,VM-EBK-0011,1,85899.0,0.0,CZK
SO-2026-006399,2,2026-05-13,2026-05-13,CZ-PRG-01,C021625,VM-ACC-0008,2,2347.0,0.0,CZK
SO-2026-006399,3,2026-05-13,2026-05-13,CZ-PRG-01,C021625,VM-CMP-0015,2,5398.0,0.0,CZK
SO-2026-006399,4,2026-05-13,2026-05-13,CZ-PRG-01,C021625,VM-ACC-0002,1,3579.0,0.0,CZK
SO-2026-006400,1,2026-05-13,2026-05-13,CZ-PRG-01,C021626,VM-APP-0010,8,997.0,0.1,CZK
SO-2026-006401,1,2026-05-13,2026-05-13,CZ-BRN-01,,VM-CMP-0017,1,2934.0,0.0,CZK
SO-2026-006402,1,2026-05-13,2026-05-16,CZ-WEB-01,C021627,VM-CMP-0011,1,939.0,0.0,CZK
SO-2026-006403,1,2026-05-13,2026-05-17,CZ-WEB-01,C021628,VM-BIK-0008,1,31156.0,0.0,CZK
SO-2026-006404,1,2026-05-13,2026-05-14,CZ-WEB-01,C019538,VM-EBK-0002,1,58381.0,0.05,CZK
SO-2026-006404,2,2026-05-13,2026-05-14,CZ-WEB-01,C019538,VM-BIK-0020,1,7100.0,0.0,CZK
SO-2026-006405,1,2026-05-13,2026-05-17,CZ-WEB-01,C021629,VM-EBK-0002,1,58381.0,0.0,CZK
SO-2026-006406,1,2026-05-13,2026-05-17,CZ-WEB-01,C021630,VM-ACC-0018,3,293.0,0.0,CZK
SO-2026-006406,2,2026-05-13,2026-05-17,CZ-WEB-01,C021630,VM-EBK-0002,1,58381.0,0.0,CZK
SO-2026-006407,1,2026-05-13,2026-05-14,CZ-WEB-01,C020275,VM-ACC-0004,2,4577.0,0.05,CZK
SO-2026-006408,1,2026-05-13,2026-05-15,CZ-WEB-01,C013824,VM-APP-0017,2,1115.0,0.0,CZK
SO-2026-006409,1,2026-05-13,2026-05-15,CZ-WEB-01,C021631,VM-APP-0013,1,2582.0,0.0,CZK
SO-2026-006410,1,2026-05-13,2026-05-13,DE-BER-01,C021632,VM-APP-0008,1,38.27,0.0,EUR
SO-2026-006411,1,2026-05-13,2026-05-13,DE-BER-01,C021633,VM-APP-0002,1,105.24,0.05,EUR
SO-2026-006411,2,2026-05-13,2026-05-13,DE-BER-01,C021633,VM-CMP-0002,1,133.94,0.05,EUR
SO-2026-006411,3,2026-05-13,2026-05-13,DE-BER-01,C021633,VM-BIK-0007,1,1686.3,0.05,EUR
SO-2026-006412,1,2026-05-13,2026-05-13,DE-BER-01,,VM-CMP-0007,2,150.69,0.05,EUR
SO-2026-006413,1,2026-05-13,2026-05-13,DE-BER-01,C017790, vm-nut-0002 ,3,3.59,0.0,EUR
SO-2026-006414,1,2026-05-13,2026-05-15,DE-WEB-01,C016519,VM-CMP-0013,2,126.77,0.05,EUR
SO-2026-006415,1,2026-05-13,2026-05-15,DE-WEB-01,C016292,VM-NUT-0004,10,1.67,0.0,EUR
SO-2026-006415,2,2026-05-13,2026-05-15,DE-WEB-01,C016292, VM-NUT-0006 ,4,2.39,0.0,EUR
SO-2026-006416,1,2026-05-13,2026-05-15,DE-WEB-01,C009099,VM-ACC-0008,1,95.67,0.0,EUR
SO-2026-006417,1,2026-05-13,2026-05-14,DE-WEB-01,C018755,VM-EBK-0006,1,4817.32,0.05,EUR
SO-2026-006417,2,2026-05-13,2026-05-14,DE-WEB-01,C018755,VM-ACC-0013,1,40.66,0.0,EUR
SO-2026-006418,1,2026-05-14,2026-05-14,PL-WAW-01,C019693,VM-NUT-0003,10,11.19,0.0,PLN
SO-2026-006418,2,2026-05-14,2026-05-14,PL-WAW-01,C019693,VM-ACC-0014,1,111.97,0.0,PLN
SO-2026-006418,3,2026-05-14,2026-05-14,PL-WAW-01,C019693,VM-NUT-0008,3,10.17,0.0,PLN
SO-2026-006418,4,2026-05-14,2026-05-14,PL-WAW-01,C019693,VM-APP-0012,1,885.65,0.0,PLN
SO-2026-006419,1,2026-05-14,2026-05-14,PL-WAW-01,C009732,VM-NUT-0004,10,7.12,0.05,PLN
SO-2026-006420,1,2026-05-14,2026-05-14,PL-WAW-01,,VM-APP-0012,1,885.65,0.0,PLN
SO-2026-006421,1,2026-05-14,2026-05-14,PL-WAW-01,C020710,VM-APP-0013,1,447.91,0.0,PLN
SO-2026-006422,1,2026-05-14,2026-05-14,PL-WAW-01,C014164,VM-ACC-0008,2,407.19,0.0,PLN
SO-2026-006423,1,2026-05-14,2026-05-14,PL-WAW-02,C020611,VM-EBK-0011,1,14903.51,0.0,PLN
SO-2026-006423,2,2026-05-14,2026-05-14,PL-WAW-02,C020611,VM-CMP-0013,1,539.53,0.0,PLN
SO-2026-006424,1,2026-05-14,2026-05-14,PL-WAW-02,C021634,VM-APP-0005,2,183.23,0.0,PLN
SO-2026-006424,2,2026-05-14,2026-05-14,PL-WAW-02,C021634,VM-CMP-0009,2,356.29,0.0,PLN
SO-2026-006425,1,2026-05-14,2026-05-14,PL-WAW-02,C007455,VM-APP-0020,1,183.23,0.05,PLN
SO-2026-006426,1,2026-05-14,2026-05-14,PL-WAW-02,,VM-BIK-0016,1,3654.61,0.0,PLN
SO-2026-006427,1,2026-05-14,2026-05-14,PL-WAW-02,C021635,VM-ACC-0021,1,794.03,0.05,PLN
SO-2026-006428,1,2026-05-14,2026-05-14,PL-WAW-02,C021636,VM-NUT-0009,3,86.52,0.05,PLN
SO-2026-006429,1,2026-05-14,2026-05-14,PL-WAW-02,C021637,VM-CMP-0022,2,36.64,0.0,PLN
SO-2026-006429,2,2026-05-14,2026-05-14,PL-WAW-02,C021637,VM-APP-0010,1,173.05,0.0,PLN
SO-2026-006429,3,2026-05-14,2026-05-14,PL-WAW-02,C021637,VM-NUT-0004,10,7.12,0.0,PLN
SO-2026-006430,1,2026-05-14,2026-05-14,PL-KRK-01,C017845,VM-EBK-0007,1,14964.59,0.0,PLN
SO-2026-006430,2,2026-05-14,2026-05-14,PL-KRK-01,C017845,VM-ACC-0006,1,967.09,0.0,PLN
SO-2026-006430,3,2026-05-14,2026-05-14,PL-KRK-01,C017845,VM-ACC-0008,2,407.19,0.0,PLN
SO-2026-006431,1,2026-05-14,2026-05-14,PL-WRO-01,C015408,VM-ACC-0021,1,794.03,0.05,PLN
SO-2026-006431,2,2026-05-14,2026-05-14,PL-WRO-01,C015408,VM-ACC-0007,1,366.47,0.05,PLN
SO-2026-006432,1,2026-05-14,2026-05-14,PL-WRO-01,C021638,VM-ACC-0008,2,407.19,0.0,PLN
SO-2026-006433,1,2026-05-14,2026-05-14,PL-WRO-01,,VM-NUT-0004,13,7.12,0.0,PLN
SO-2026-006433,2,2026-05-14,2026-05-14,PL-WRO-01,,VM-BIK-0006,1,6708.61,0.0,PLN
SO-2026-006433,3,2026-05-14,2026-05-14,PL-WRO-01,,VM-CMP-0001,2,407.19,0.0,PLN
SO-2026-006433,4,2026-05-14,2026-05-14,PL-WRO-01,,VM-EBK-0008,1,15371.79,0.0,PLN
SO-2026-006434,1,2026-05-14,2026-05-14,PL-WRO-01,C021089,VM-BIK-0001,1,13936.41,0.05,PLN
SO-2026-006435,1,2026-05-14,2026-05-14,PL-WRO-01,C021639,VM-ACC-0012,1,73.29,0.0,PLN
SO-2026-006435,2,2026-05-14,2026-05-14,PL-WRO-01,C021639,VM-EBK-0002,1,10129.09,0.0,PLN
SO-2026-006436,1,2026-05-14,2026-05-14,PL-WRO-01,C019861,VM-APP-0002,3,447.91,0.0,PLN
SO-2026-006437,1,2026-05-14,2026-05-14,PL-WRO-01,,VM-BIK-0017,1,1944.37,0.0,PLN
SO-2026-006438,1,2026-05-14,2026-05-14,PL-GDN-01,C001897,VM-BIK-0004,1,4346.85,0.0,PLN
SO-2026-006439,1,2026-05-14,2026-05-14,PL-GDN-01,C021313,VM-ACC-0018,1,50.89,0.05,PLN
SO-2026-006439,2,2026-05-14,2026-05-14,PL-GDN-01,C021313,VM-APP-0013,1,447.91,0.05,PLN
SO-2026-006440,1,2026-05-14,2026-05-14,PL-GDN-01,C013152,VM-ACC-0013,1,173.05,0.05,PLN
SO-2026-006440,2,2026-05-14,2026-05-14,PL-GDN-01,C013152,VM-ACC-0003,1,295.21,0.05,PLN
SO-2026-006441,1,2026-05-14,2026-05-14,PL-POZ-01,C019799,VM-NUT-0006,10,10.17,0.05,PLN
SO-2026-006442,1,2026-05-14,2026-05-14,PL-POZ-01,C019874,VM-BIK-0012,1,12022.57,0.0,PLN
SO-2026-006443,1,2026-05-14,2026-05-14,PL-LDZ-01,C018614,VM-NUT-0007,8,13.22,0.0,PLN
SO-2026-006444,1,2026-05-14,2026-05-15,PL-WEB-01,C017354,VM-APP-0010,2,173.05,0.0,PLN
SO-2026-006445,1,2026-05-14,2026-05-18,PL-WEB-01,C021640,VM-NUT-0003,15,11.19,0.0,PLN
SO-2026-006446,1,2026-05-14,2026-05-16,PL-WEB-01,C004985,VM-ACC-0018,12,50.89,0.12,PLN
SO-2026-006447,1,2026-05-14,2026-05-17,PL-WEB-01,C009068,VM-CMP-0002,2,570.07,0.0,PLN
SO-2026-006447,2,2026-05-14,2026-05-17,PL-WEB-01,C009068,VM-BIK-0017,1,1944.37,0.0,PLN
SO-2026-006447,3,2026-05-14,2026-05-17,PL-WEB-01,C009068,VM-CMP-0013,1,539.53,0.0,PLN
SO-2026-006447,4,2026-05-14,2026-05-17,PL-WEB-01,C009068,VM-BIK-0004,1,4346.85,0.0,PLN
SO-2026-006448,1,2026-05-14,2026-05-18,PL-WEB-01,C021641,VM-EBK-0009,1,10088.37,0.0,PLN
SO-2026-006448,2,2026-05-14,2026-05-18,PL-WEB-01,C021641,VM-APP-0012,1,885.65,0.0,PLN
SO-2026-006448,3,2026-05-14,2026-05-18,PL-WEB-01,C021641,VM-BIK-0013,1,4886.39,0.0,PLN
SO-2026-006448,4,2026-05-14,2026-05-18,PL-WEB-01,C021641,VM-EBK-0002,1,10129.09,0.0,PLN
SO-2026-006449,1,2026-05-14,2026-05-15,PL-WEB-01,C021642,VM-ACC-0008,1,407.19,0.05,PLN
SO-2026-006449,2,2026-05-14,2026-05-15,PL-WEB-01,C021642,VM-NUT-0001,11,9.15,0.05,PLN
SO-2026-006450,1,2026-05-14,2026-05-18,PL-WEB-01,C021643,VM-EBK-0008,1,15371.79,0.0,PLN
SO-2026-006451,1,2026-05-14,2026-05-16,PL-WEB-01,C019075,VM-CMP-0008,2,447.91,0.05,PLN
SO-2026-006452,1,2026-05-14,2026-05-18,PL-WEB-01,C021480,VM-APP-0012,1,885.65,0.0,PLN
SO-2026-006453,1,2026-05-14,2026-05-15,PL-WEB-01,C021644,VM-EBK-0003,1,9253.61,0.0,PLN
SO-2026-006453,2,2026-05-14,2026-05-15,PL-WEB-01,C021644,VM-ACC-0014,1,111.97,0.0,PLN
SO-2026-006453,3,2026-05-14,2026-05-15,PL-WEB-01,C021644,VM-APP-0019,2,67.18,0.0,PLN
SO-2026-006454,1,2026-05-14,2026-05-17,PL-WEB-01,C007722,VM-APP-0017,1,193.41,0.05,PLN
SO-2026-006454,2,2026-05-14,2026-05-17,PL-WEB-01,C007722,VM-ACC-0018,2,50.89,0.05,PLN
SO-2026-006454,3,2026-05-14,2026-05-17,PL-WEB-01,C007722,VM-ACC-0010,1,254.49,0.05,PLN
SO-2026-006455,1,2026-05-14,2026-05-15,PL-WEB-01,C021645,VM-NUT-0009,2,86.52,0.0,PLN
SO-2026-006456,1,2026-05-14,2026-05-18,PL-WEB-01,C021646,VM-BIK-0016,1,3654.61,0.0,PLN
SO-2026-006456,2,2026-05-14,2026-05-18,PL-WEB-01,C021646,VM-EBK-0003,1,9253.61,0.1,PLN
SO-2026-006457,1,2026-05-14,2026-05-15,PL-WEB-01,C020514,VM-ACC-0014,1,111.97,0.05,PLN
SO-2026-006458,1,2026-05-14,2026-05-17,PL-WEB-01,C021647,VM-BIK-0013,1,4886.39,0.0,PLN
SO-2026-006458,2,2026-05-14,2026-05-17,PL-WEB-01,C021647,VM-ACC-0013,1,173.05,0.0,PLN
SO-2026-006459,1,2026-05-14,2026-05-18,PL-WEB-01,C015498,VM-NUT-0003,12,11.19,0.0,PLN
SO-2026-006460,1,2026-05-14,2026-05-16,PL-WEB-01,C021648,VM-BIK-0004,1,4346.85,0.0,PLN
SO-2026-006460,2,2026-05-14,2026-05-16,PL-WEB-01,C021648,VM-EBK-0008,1,15371.79,0.05,PLN
SO-2026-006461,1,2026-05-14,2026-05-18,PL-WEB-01,C012072,VM-ACC-0008,1,407.19,0.0,PLN
SO-2026-006461,2,2026-05-14,2026-05-18,PL-WEB-01,C012072,VM-BIK-0002,1,9803.33,0.0,PLN
SO-2026-006462,1,2026-05-14,2026-05-18,PL-WEB-01,C018122,VM-NUT-0007,24,13.22,0.12,PLN
SO-2026-006463,1,2026-05-14,2026-05-17,PL-WEB-01,C008250,VM-ACC-0014,1,111.97,0.0,PLN
SO-2026-006464,1,2026-05-14,2026-05-16,PL-WEB-01,C021376,VM-BIK-0001,1,13936.41,0.05,PLN
SO-2026-006464,2,2026-05-14,2026-05-16,PL-WEB-01,C021376,VM-BIK-0014,1,3898.93,0.05,PLN
SO-2026-006465,1,2026-05-14,2026-05-16,PL-WEB-01,C021649,VM-NUT-0006,12,10.17,0.0,PLN
SO-2026-006465,2,2026-05-14,2026-05-16,PL-WEB-01,C021649,VM-CMP-0001,2,407.19,0.0,PLN
SO-2026-006466,1,2026-05-14,2026-05-17,PL-MKT-01,C021650,vm-app-0003,2,315.57,0.0,PLN
SO-2026-006466,2,2026-05-14,2026-05-17,PL-MKT-01,C021650,VM-CMP-0011,1,162.87,0.0,PLN
SO-2026-006467,1,2026-05-14,2026-05-16,PL-MKT-01,C021651,VM-ACC-0021,1,794.03,0.0,PLN
SO-2026-006467,2,2026-05-14,2026-05-16,PL-MKT-01,C021651,VM-ACC-0003,1,295.21,0.0,PLN
SO-2026-006467,3,2026-05-14,2026-05-16,PL-MKT-01,C021651,VM-EBK-0011,1,14903.51,0.0,PLN
SO-2026-006468,1,2026-05-14,2026-05-15,PL-MKT-01,C018614,VM-BIK-0007,1,7176.89,0.0,PLN
SO-2026-006468,2,2026-05-14,2026-05-15,PL-MKT-01,C018614,VM-ACC-0018,3,50.89,0.0,PLN
SO-2026-006469,1,2026-05-14,2026-05-15,PL-MKT-01,C015678,VM-BIK-0022,1,1425.19,0.0,PLN
SO-2026-006469,2,2026-05-14,2026-05-15,PL-MKT-01,C015678,VM-EBK-0003,1,9253.61,0.0,PLN
SO-2026-006469,3,2026-05-14,2026-05-15,PL-MKT-01,C015678,VM-NUT-0003,6,11.19,0.0,PLN
SO-2026-006470,1,2026-05-14,2026-05-16,PL-MKT-01,C013765, VM-BIK-0020 ,1,1231.77,0.05,PLN
SO-2026-006471,1,2026-05-14,2026-05-15,PL-MKT-01,C014892,VM-EBK-0008,1,15371.79,0.0,PLN
SO-2026-006471,2,2026-05-14,2026-05-15,PL-MKT-01,C014892,VM-ACC-0014,1,111.97,0.0,PLN
SO-2026-006471,3,2026-05-14,2026-05-15,PL-MKT-01,C014892,VM-ACC-0008,1,407.19,0.0,PLN
SO-2026-006472,1,2026-05-14,2026-05-16,PL-MKT-01,C014647,VM-BIK-0007,1,7176.89,0.0,PLN
SO-2026-006472,2,2026-05-14,2026-05-16,PL-MKT-01,C014647,VM-BIK-0019,1,1231.77,0.0,PLN
SO-2026-006472,3,2026-05-14,2026-05-16,PL-MKT-01,C014647,VM-ACC-0008,2,407.19,0.0,PLN
SO-2026-006473,1,2026-05-14,2026-05-17,PL-MKT-01,C018219,VM-EBK-0009,1,10088.37,0.0,PLN
SO-2026-006474,1,2026-05-14,2026-05-18,PL-MKT-01,C019319,VM-APP-0002,3,447.91,0.1,PLN
SO-2026-006475,1,2026-05-14,2026-05-16,PL-MKT-01,C021652,VM-BIK-0015,1,3145.61,0.0,PLN
SO-2026-006475,2,2026-05-14,2026-05-16,PL-MKT-01,C021652, VM-BIK-0004 ,1,4346.85,0.0,PLN
SO-2026-006475,3,2026-05-14,2026-05-16,PL-MKT-01,C021652,VM-NUT-0002,5,15.26,0.0,PLN
SO-2026-006476,1,2026-05-14,2026-05-16,PL-MKT-01,C019791,VM-CMP-0002,2,570.07,0.0,PLN
SO-2026-006477,1,2026-05-14,2026-05-14,CZ-PRG-01,,VM-CMP-0011,2,939.0,0.0,CZK
SO-2026-006477,2,2026-05-14,2026-05-14,CZ-PRG-01,,VM-BIK-0008,1,31156.0,0.0,CZK
SO-2026-006477,3,2026-05-14,2026-05-14,CZ-PRG-01,,VM-NUT-0007,5,76.0,0.0,CZK
SO-2026-006478,1,2026-05-14,2026-05-14,CZ-PRG-01,C021653,VM-ACC-0007,1,2112.0,0.0,CZK
SO-2026-006478,2,2026-05-14,2026-05-14,CZ-PRG-01,C021653,VM-ACC-0020,1,4753.0,0.0,CZK
SO-2026-006478,3,2026-05-14,2026-05-14,CZ-PRG-01,C021653,VM-BIK-0007,1,41365.0,0.0,CZK
SO-2026-006479,1,2026-05-14,2026-05-14,CZ-BRN-01,C021018,VM-CMP-0009,1,2054.0,0.05,CZK
SO-2026-006480,1,2026-05-14,2026-05-14,CZ-BRN-01,C021654,VM-APP-0012,1,5105.0,0.0,CZK
SO-2026-006480,2,2026-05-14,2026-05-14,CZ-BRN-01,C021654,VM-BIK-0013,1,28164.0,0.0,CZK
SO-2026-006481,1,2026-05-14,2026-05-14,CZ-BRN-01,,VM-APP-0018,1,763.0,0.0,CZK
SO-2026-006482,1,2026-05-14,2026-05-14,CZ-BRN-01,C014672,VM-CMP-0023,1,346.0,0.0,CZK
SO-2026-006482,2,2026-05-14,2026-05-14,CZ-BRN-01,C014672,VM-ACC-0014,1,645.0,0.0,CZK
SO-2026-006482,3,2026-05-14,2026-05-14,CZ-BRN-01,C014672,VM-CMP-0004,2,4224.0,0.0,CZK
SO-2026-006483,1,2026-05-14,2026-05-14,CZ-BRN-01,C015550,VM-CMP-0012,2,3168.0,0.05,CZK
SO-2026-006484,1,2026-05-14,2026-05-16,CZ-WEB-01,C021655,VM-NUT-0006,9,59.0,0.0,CZK
SO-2026-006485,1,2026-05-14,2026-05-17,CZ-WEB-01,C020585,VM-APP-0007,2,939.0,0.0,CZK
SO-2026-006486,1,2026-05-14,2026-05-15,CZ-WEB-01,C021656,VM-NUT-0002,9,88.0,0.0,CZK
SO-2026-006486,2,2026-05-14,2026-05-15,CZ-WEB-01,C021656,VM-APP-0006,1,1819.0,0.0,CZK
SO-2026-006487,1,2026-05-14,2026-05-18,CZ-WEB-01,C020440,VM-NUT-0002,4,88.0,0.0,CZK
SO-2026-006487,2,2026-05-14,2026-05-18,CZ-WEB-01,C020440,VM-ACC-0008,1,2347.0,0.0,CZK
SO-2026-006488,1,2026-05-14,2026-05-15,CZ-WEB-01,C018356,VM-ACC-0018,1,293.0,0.0,CZK
SO-2026-006489,1,2026-05-14,2026-05-16,CZ-WEB-01,C013714,VM-BIK-0005,1,43478.0,0.0,CZK
SO-2026-006489,2,2026-05-14,2026-05-16,CZ-WEB-01,C013714,VM-BIK-0007,1,41365.0,0.0,CZK
SO-2026-006490,1,2026-05-14,2026-05-14,DE-BER-01,C021657,VM-EBK-0004,1,2650.24,0.0,EUR
SO-2026-006490,2,2026-05-14,2026-05-14,DE-BER-01,C021657,VM-ACC-0013,1,40.66,0.0,EUR
SO-2026-006490,3,2026-05-14,2026-05-14,DE-BER-01,C021657,VM-BIK-0004,1,1021.35,0.0,EUR
SO-2026-006491,1,2026-05-14,2026-05-14,DE-BER-01,,VM-ACC-0018,3,11.96,0.0,EUR
SO-2026-006491,2,2026-05-14,2026-05-14,DE-BER-01,,VM-ACC-0002,1,145.9,0.0,EUR
SO-2026-006492,1,2026-05-14,2026-05-14,DE-BER-01,C017934,VM-EBK-0004,1,2650.24,0.05,EUR
SO-2026-006492,2,2026-05-14,2026-05-14,DE-BER-01,C017934,VM-CMP-0009,1,83.71,0.05,EUR
SO-2026-006493,1,2026-05-14,2026-05-18,DE-WEB-01,C019085,VM-EBK-0008,1,3611.79,0.0,EUR
SO-2026-006494,1,2026-05-14,2026-05-15,DE-WEB-01,C011118,VM-EBK-0009,1,2370.39,0.0,EUR
SO-2026-006494,2,2026-05-14,2026-05-15,DE-WEB-01,C011118,VM-ACC-0009,1,95.67,0.0,EUR
SO-2026-006495,1,2026-05-14,2026-05-15,DE-WEB-01,C015036,VM-NUT-0004,8,1.67,0.0,EUR
SO-2026-006496,1,2026-05-14,2026-05-16,DE-WEB-01,C005462,VM-BIK-0004,1,1021.35,0.05,EUR
SO-2026-006496,2,2026-05-14,2026-05-16,DE-WEB-01,C005462,VM-APP-0012,1,208.09,0.05,EUR
SO-2026-006497,1,2026-05-14,2026-05-18,DE-WEB-01,C021658,VM-APP-0020,2,43.05,0.0,EUR
SO-2026-006498,1,2026-05-14,2026-05-18,DE-WEB-01,C021323,VM-ACC-0014,2,26.31,0.12,EUR
SO-2026-006498,2,2026-05-14,2026-05-18,DE-WEB-01,C021323,VM-BIK-0016,3,858.7,0.1,EUR
SO-2026-006499,1,2026-05-14,2026-05-15,DE-WEB-01,C021659,VM-BIK-0004,1,1021.35,0.0,EUR
SO-2026-006500,1,2026-05-14,2026-05-16,DE-WEB-01,C021660,VM-EBK-0005,1,4173.89,0.0,EUR
SO-2026-006500,2,2026-05-14,2026-05-16,DE-WEB-01,C021660,VM-ACC-0008,1,95.67,0.0,EUR
SO-2026-006500,3,2026-05-14,2026-05-16,DE-WEB-01,C021660,VM-ACC-0017,2,13.87,0.0,EUR
SO-2026-006501,1,2026-05-15,2026-05-15,PL-WAW-01,C019161,VM-BIK-0007,1,7176.89,0.05,PLN
SO-2026-006501,2,2026-05-15,2026-05-15,PL-WAW-01,C019161,VM-ACC-0013,1,173.05,0.05,PLN
SO-2026-006502,1,2026-05-15,2026-05-15,PL-WAW-01,C021661,VM-EBK-0009,1,10088.37,0.05,PLN
SO-2026-006502,2,2026-05-15,2026-05-15,PL-WAW-01,C021661,VM-ACC-0018,2,50.89,0.05,PLN
SO-2026-006502,3,2026-05-15,2026-05-15,PL-WAW-01,C021661,VM-BIK-0020,1,1231.77,0.05,PLN
SO-2026-006503,1,2026-05-15,2026-05-15,PL-WAW-01,C019000,VM-EBK-0008,1,15371.79,0.0,PLN
SO-2026-006504,1,2026-05-15,2026-05-15,PL-WAW-01,C021662,VM-BIK-0021,1,1272.49,0.0,PLN
SO-2026-006505,1,2026-05-15,2026-05-15,PL-WAW-01,C018385,VM-ACC-0009,2,407.19,0.05,PLN
SO-2026-006506,1,2026-05-15,2026-05-15,PL-WAW-01,,VM-APP-0012,1,885.65,0.0,PLN
SO-2026-006506,2,2026-05-15,2026-05-15,PL-WAW-01,,VM-APP-0006,1,315.57,0.0,PLN
SO-2026-006507,1,2026-05-15,2026-05-15,PL-WAW-02,C021663,VM-CMP-0003,1,244.31,0.0,PLN
SO-2026-006507,2,2026-05-15,2026-05-15,PL-WAW-02,C021663,VM-BIK-0006,1,6708.61,0.0,PLN
SO-2026-006507,3,2026-05-15,2026-05-15,PL-WAW-02,C021663,VM-ACC-0021,1,794.03,0.0,PLN
SO-2026-006508,1,2026-05-15,2026-05-15,PL-WAW-02,C021664,VM-BIK-0021,1,1272.49,0.0,PLN
SO-2026-006509,1,2026-05-15,2026-05-15,PL-WAW-02,C021665,VM-ACC-0007,2,366.47,0.05,PLN
SO-2026-006509,2,2026-05-15,2026-05-15,PL-WAW-02,C021665,VM-APP-0008,1,162.87,0.05,PLN
SO-2026-006509,3,2026-05-15,2026-05-15,PL-WAW-02,C021665,VM-ACC-0019,1,50.89,0.05,PLN
SO-2026-006510,1,2026-05-15,2026-05-15,PL-WAW-02,C013152,VM-CMP-0017,2,508.99,0.05,PLN
SO-2026-006510,2,2026-05-15,2026-05-15,PL-WAW-02,C013152,VM-APP-0006,2,315.57,0.05,PLN
SO-2026-006511,1,2026-05-15,2026-05-15,PL-WAW-02,C019015,VM-BIK-0019,1,1231.77,0.0,PLN
SO-2026-006511,2,2026-05-15,2026-05-15,PL-WAW-02,C019015,VM-CMP-0021,3,48.85,0.0,PLN
SO-2026-006511,3,2026-05-15,2026-05-15,PL-WAW-02,C019015,VM-APP-0008,1,162.87,0.0,PLN
SO-2026-006512,1,2026-05-15,2026-05-15,PL-WAW-02,,VM-APP-0013,1,447.91,0.0,PLN
SO-2026-006512,2,2026-05-15,2026-05-15,PL-WAW-02,,VM-BIK-0021,1,1272.49,0.0,PLN
SO-2026-006512,3,2026-05-15,2026-05-15,PL-WAW-02,,VM-EBK-0004,1,11279.43,0.0,PLN
SO-2026-006512,4,2026-05-15,2026-05-15,PL-WAW-02,,VM-ACC-0008,2,407.19,0.0,PLN
SO-2026-006513,1,2026-05-15,2026-05-15,PL-WAW-02,C013856,VM-BIK-0013,1,4886.39,0.0,PLN
SO-2026-006514,1,2026-05-15,2026-05-15,PL-WAW-02,C020450,VM-BIK-0020,1,1231.77,0.0,PLN
SO-2026-006514,2,2026-05-15,2026-05-15,PL-WAW-02,C020450,VM-ACC-0003,2,295.21,0.0,PLN
SO-2026-006514,3,2026-05-15,2026-05-15,PL-WAW-02,C020450,VM-ACC-0018,3,50.89,0.0,PLN
SO-2026-006515,1,2026-05-15,2026-05-15,PL-KRK-01,C018873,VM-NUT-0011,1,54.96,0.0,PLN
SO-2026-006516,1,2026-05-15,2026-05-15,PL-KRK-01,C019265,vm-cmp-0007,2,641.33,0.0,PLN
SO-2026-006517,1,2026-05-15,2026-05-15,PL-KRK-01,,VM-NUT-0011,1,54.96,0.0,PLN
SO-2026-006518,1,2026-05-15,2026-05-15,PL-KRK-01,C019143,VM-ACC-0008,1,407.19,0.0,PLN
SO-2026-006518,2,2026-05-15,2026-05-15,PL-KRK-01,C019143,VM-BIK-0019,1,1231.77,0.05,PLN
SO-2026-006519,1,2026-05-15,2026-05-15,PL-KRK-01,,VM-APP-0005,3,183.23,0.0,PLN
SO-2026-006519,2,2026-05-15,2026-05-15,PL-KRK-01,,VM-BIK-0010,1,6433.75,0.0,PLN
SO-2026-006520,1,2026-05-15,2026-05-15,PL-KRK-01,C021666,VM-APP-0010,2,173.05,0.0,PLN
SO-2026-006520,2,2026-05-15,2026-05-15,PL-KRK-01,C021666,VM-CMP-0006,2,203.59,0.0,PLN
SO-2026-006520,3,2026-05-15,2026-05-15,PL-KRK-01,C021666,VM-BIK-0009,1,5741.51,0.0,PLN
SO-2026-006521,1,2026-05-15,2026-05-15,PL-KRK-01,C021521,VM-BIK-0008,1,5405.57,0.0,PLN
SO-2026-006521,2,2026-05-15,2026-05-15,PL-KRK-01,C021521,VM-CMP-0013,2,539.53,0.0,PLN
SO-2026-006521,3,2026-05-15,2026-05-15,PL-KRK-01,C021521,VM-ACC-0019,2,50.89,0.0,PLN
SO-2026-006522,1,2026-05-15,2026-05-15,PL-KRK-01,C021667,VM-CMP-0006,1,203.59,0.0,PLN
SO-2026-006522,2,2026-05-15,2026-05-15,PL-KRK-01,C021667,VM-EBK-0004,1,11279.43,0.0,PLN
SO-2026-006523,1,2026-05-15,2026-05-15,PL-WRO-01,,VM-CMP-0020,2,264.67,0.0,PLN
SO-2026-006524,1,2026-05-15,2026-05-15,PL-WRO-01,,VM-NUT-0006,6,10.17,0.0,PLN
SO-2026-006524,2,2026-05-15,2026-05-15,PL-WRO-01,,VM-APP-0010,2,173.05,0.0,PLN
SO-2026-006524,3,2026-05-15,2026-05-15,PL-WRO-01,,VM-ACC-0019,2,50.89,0.0,PLN
SO-2026-006525,1,2026-05-15,2026-05-15,PL-WRO-01,C021668,VM-NUT-0004,8,7.12,0.0,PLN
SO-2026-006525,2,2026-05-15,2026-05-15,PL-WRO-01,C021668,VM-EBK-0011,1,14903.51,0.0,PLN
SO-2026-006525,3,2026-05-15,2026-05-15,PL-WRO-01,C021668,VM-APP-0002,1,447.91,0.0,PLN
SO-2026-006526,1,2026-05-15,2026-05-15,PL-WRO-01,C021669,VM-CMP-0009,2,356.29,0.0,PLN
SO-2026-006527,1,2026-05-15,2026-05-15,PL-GDN-01,,VM-EBK-0002,1,10129.09,0.1,PLN
SO-2026-006528,1,2026-05-15,2026-05-15,PL-POZ-01,C021670,VM-APP-0005,2,183.23,0.0,PLN
SO-2026-006529,1,2026-05-15,2026-05-15,PL-POZ-01,C016088,VM-CMP-0009,2,356.29,0.0,PLN
SO-2026-006530,1,2026-05-15,2026-05-15,PL-POZ-01,,VM-ACC-0007,1,366.47,0.0,PLN
SO-2026-006531,1,2026-05-15,2026-05-15,PL-POZ-01,C019525,VM-BIK-0012,1,12022.57,0.1,PLN
SO-2026-006531,2,2026-05-15,2026-05-15,PL-POZ-01,C019525,VM-ACC-0010,1,254.49,0.05,PLN
SO-2026-006532,1,2026-05-15,2026-05-15,PL-POZ-01,C010322,VM-ACC-0007,1,366.47,0.05,PLN
SO-2026-006532,2,2026-05-15,2026-05-15,PL-POZ-01,C010322,VM-ACC-0008,1,407.19,0.05,PLN
SO-2026-006533,1,2026-05-15,2026-05-15,PL-POZ-01,C010581,VM-CMP-0009,1,356.29,0.05,PLN
SO-2026-006533,2,2026-05-15,2026-05-15,PL-POZ-01,C010581,VM-ACC-0007,2,366.47,0.05,PLN
SO-2026-006534,1,2026-05-15,2026-05-15,PL-LDZ-01,,VM-EBK-0011,1,14903.51,0.0,PLN
SO-2026-006534,2,2026-05-15,2026-05-15,PL-LDZ-01,,VM-BIK-0020,1,1231.77,0.0,PLN
SO-2026-006534,3,2026-05-15,2026-05-15,PL-LDZ-01,,VM-ACC-0002,1,620.97,0.0,PLN
SO-2026-006534,4,2026-05-15,2026-05-15,PL-LDZ-01,,VM-NUT-0006,11,10.17,0.0,PLN
SO-2026-006535,1,2026-05-15,2026-05-15,PL-LDZ-01,,VM-EBK-0009,1,10088.37,0.0,PLN
SO-2026-006535,2,2026-05-15,2026-05-15,PL-LDZ-01,,VM-ACC-0013,1,173.05,0.0,PLN
SO-2026-006536,1,2026-05-15,2026-05-15,PL-LDZ-01,C021671,vm-acc-0023,1,946.73,0.05,PLN
SO-2026-006536,2,2026-05-15,2026-05-15,PL-LDZ-01,C021671,VM-NUT-0003,13,11.19,0.05,PLN
SO-2026-006536,3,2026-05-15,2026-05-15,PL-LDZ-01,C021671,VM-BIK-0004,1,4346.85,0.05,PLN
SO-2026-006537,1,2026-05-15,2026-05-15,PL-LDZ-01,C016437,VM-ACC-0013,1,173.05,0.05,PLN
SO-2026-006538,1,2026-05-15,2026-05-15,PL-LDZ-01,C018178,VM-CMP-0005,2,1506.63,0.0,PLN
SO-2026-006539,1,2026-05-15,2026-05-18,PL-WEB-01,C020306,VM-CMP-0006,1,203.59,0.0,PLN
SO-2026-006540,1,2026-05-15,2026-05-17,PL-WEB-01,C019267,VM-APP-0017,2,193.41,0.0,PLN
SO-2026-006541,1,2026-05-15,2026-05-17,PL-WEB-01,C017359,VM-ACC-0001,1,386.83,0.0,PLN
SO-2026-006542,1,2026-05-15,2026-05-17,PL-WEB-01,C021672,VM-BIK-0007,1,7176.89,0.0,PLN
SO-2026-006543,1,2026-05-15,2026-05-18,PL-WEB-01,C021673,VM-ACC-0008,2,407.19,0.05,PLN
SO-2026-006543,2,2026-05-15,2026-05-18,PL-WEB-01,C021673,VM-APP-0008,2,162.87,0.05,PLN
SO-2026-006543,3,2026-05-15,2026-05-18,PL-WEB-01,C021673,VM-EBK-0003,1,9253.61,0.05,PLN
SO-2026-006543,4,2026-05-15,2026-05-18,PL-WEB-01,C021673,VM-EBK-0004,1,11279.43,0.05,PLN
SO-2026-006544,1,2026-05-15,2026-05-19,PL-WEB-01,C020129,VM-ACC-0002,2,620.97,0.0,PLN
SO-2026-006545,1,2026-05-15,2026-05-19,PL-WEB-01,C021674,VM-EBK-0008,1,15371.79,0.0,PLN
SO-2026-006545,2,2026-05-15,2026-05-19,PL-WEB-01,C021674,VM-ACC-0014,1,111.97,0.0,PLN
SO-2026-006546,1,2026-05-15,2026-05-16,PL-WEB-01,C021675,VM-NUT-0003,13,11.19,0.0,PLN
SO-2026-006547,1,2026-05-15,2026-05-19,PL-WEB-01,C021676,vm-cmp-0013,2,539.53,0.0,PLN
SO-2026-006547,2,2026-05-15,2026-05-19,PL-WEB-01,C021676,VM-BIK-0003,1,6657.71,0.0,PLN
SO-2026-006548,1,2026-05-15,2026-05-17,PL-WEB-01,C021677,VM-APP-0017,2,193.41,0.0,PLN
SO-2026-006548,2,2026-05-15,2026-05-17,PL-WEB-01,C021677,VM-CMP-0006,1,203.59,0.0,PLN
SO-2026-006548,3,2026-05-15,2026-05-17,PL-WEB-01,C021677,VM-APP-0012,1,885.65,0.0,PLN
SO-2026-006549,1,2026-05-15,2026-05-16,PL-WEB-01,C020025,VM-APP-0010,2,173.05,0.0,PLN
SO-2026-006550,1,2026-05-15,2026-05-16,PL-WEB-01,C001737,VM-BIK-0019,1,1231.77,0.05,PLN
SO-2026-006551,1,2026-05-15,2026-05-16,PL-WEB-01,C021678,VM-ACC-0003,2,295.21,0.0,PLN
SO-2026-006552,1,2026-05-15,2026-05-16,PL-WEB-01,C013913,VM-EBK-0003,5,9253.61,0.12,PLN
SO-2026-006552,2,2026-05-15,2026-05-16,PL-WEB-01,C013913,VM-BIK-0013,3,4886.39,0.1,PLN
SO-2026-006553,1,2026-05-15,2026-05-17,PL-WEB-01,C013025,VM-CMP-0009,2,356.29,0.08,PLN
SO-2026-006553,2,2026-05-15,2026-05-17,PL-WEB-01,C013025,VM-ACC-0018,4,50.89,0.12,PLN
SO-2026-006554,1,2026-05-15,2026-05-18,PL-WEB-01,C021679,VM-ACC-0016,1,29.51,0.0,PLN
SO-2026-006555,1,2026-05-15,2026-05-18,PL-MKT-01,C014734,VM-ACC-0014,1,111.97,0.0,PLN
SO-2026-006555,2,2026-05-15,2026-05-18,PL-MKT-01,C014734,VM-BIK-0007,1,7176.89,0.0,PLN
SO-2026-006556,1,2026-05-15,2026-05-19,PL-MKT-01,C018812,VM-APP-0018,2,132.33,0.0,PLN
SO-2026-006556,2,2026-05-15,2026-05-19,PL-MKT-01,C018812,VM-BIK-0003,1,6657.71,0.0,PLN
SO-2026-006556,3,2026-05-15,2026-05-19,PL-MKT-01,C018812,VM-NUT-0008,4,10.17,0.0,PLN
SO-2026-006557,1,2026-05-15,2026-05-17,PL-MKT-01,C015485,VM-APP-0002,2,447.91,0.0,PLN
SO-2026-006558,1,2026-05-15,2026-05-18,PL-MKT-01,C014163,VM-BIK-0012,1,12022.57,0.0,PLN
SO-2026-006558,2,2026-05-15,2026-05-18,PL-MKT-01,C014163,VM-NUT-0001,12,9.15,0.0,PLN
SO-2026-006559,1,2026-05-15,2026-05-18,PL-MKT-01,C021680,VM-ACC-0004,2,794.03,0.0,PLN
SO-2026-006560,1,2026-05-15,2026-05-18,PL-MKT-01,C021681,VM-ACC-0019,2,50.89,0.0,PLN
SO-2026-006561,1,2026-05-15,2026-05-19,PL-MKT-01,C021682,VM-BIK-0021,1,1272.49,0.0,PLN
SO-2026-006561,2,2026-05-15,2026-05-19,PL-MKT-01,C021682,VM-ACC-0008,2,407.19,0.0,PLN
SO-2026-006562,1,2026-05-15,2026-05-18,PL-MKT-01,C021683,VM-APP-0008,2,162.87,0.0,PLN
SO-2026-006563,1,2026-05-15,2026-05-19,PL-MKT-01,C021684,VM-APP-0010,2,173.05,0.0,PLN
SO-2026-006564,1,2026-05-15,2026-05-16,PL-MKT-01,C021685,VM-NUT-0006,7,10.17,0.0,PLN
SO-2026-006564,2,2026-05-15,2026-05-16,PL-MKT-01,C021685,VM-BIK-0007,1,7176.89,0.0,PLN
SO-2026-006565,1,2026-05-15,2026-05-15,CZ-PRG-01,C018104,VM-BIK-0009,1,33092.0,0.1,CZK
SO-2026-006566,1,2026-05-15,2026-05-15,CZ-PRG-01,C014847,VM-CMP-0009,2,2054.0,0.05,CZK
SO-2026-006566,2,2026-05-15,2026-05-15,CZ-PRG-01,C014847,VM-BIK-0012,1,69294.0,0.05,CZK
SO-2026-006567,1,2026-05-15,2026-05-15,CZ-PRG-01,C021686,VM-BIK-0013,1,28164.0,0.0,CZK
SO-2026-006568,1,2026-05-15,2026-05-15,CZ-PRG-01,C016631, VM-NUT-0008 ,8,59.0,0.0,CZK
SO-2026-006569,1,2026-05-15,2026-05-15,CZ-BRN-01,C019607,VM-NUT-0008,7,59.0,0.0,CZK
SO-2026-006570,1,2026-05-15,2026-05-15,CZ-BRN-01,C016486,VM-NUT-0009,6,499.0,0.1,CZK
SO-2026-006571,1,2026-05-15,2026-05-17,CZ-WEB-01,C021687,VM-APP-0004,2,1408.0,0.0,CZK
SO-2026-006571,2,2026-05-15,2026-05-17,CZ-WEB-01,C021687,VM-BIK-0001,1,80325.0,0.0,CZK
SO-2026-006572,1,2026-05-15,2026-05-18,CZ-WEB-01,C021631,VM-APP-0012,1,5105.0,0.0,CZK
SO-2026-006573,1,2026-05-15,2026-05-18,CZ-WEB-01,C018959,VM-NUT-0002,14,88.0,0.0,CZK
SO-2026-006574,1,2026-05-15,2026-05-16,CZ-WEB-01,C021688,VM-EBK-0007,1,86251.0,0.0,CZK
SO-2026-006574,2,2026-05-15,2026-05-16,CZ-WEB-01,C021688,VM-ACC-0014,1,645.0,0.0,CZK
SO-2026-006574,3,2026-05-15,2026-05-16,CZ-WEB-01,C021688,VM-ACC-0017,2,340.0,0.0,CZK
SO-2026-006575,1,2026-05-15,2026-05-15,DE-BER-01,C021689,VM-CMP-0012,2,129.16,0.0,EUR
SO-2026-006576,1,2026-05-15,2026-05-15,DE-BER-01,C009518, VM-ACC-0008 ,2,95.67,0.0,EUR
SO-2026-006576,2,2026-05-15,2026-05-15,DE-BER-01,C009518,VM-CMP-0006,2,47.84,0.0,EUR
SO-2026-006576,3,2026-05-15,2026-05-15,DE-BER-01,C009518,VM-BIK-0004,1,1021.35,0.0,EUR
SO-2026-006577,1,2026-05-15,2026-05-15,DE-BER-01,C021690,VM-ACC-0020,1,193.74,0.0,EUR
SO-2026-006577,2,2026-05-15,2026-05-15,DE-BER-01,C021690,VM-EBK-0011,1,3501.76,0.0,EUR
SO-2026-006578,1,2026-05-15,2026-05-17,DE-WEB-01,C018245,VM-BIK-0012,1,2824.85,0.0,EUR
SO-2026-006578,2,2026-05-15,2026-05-17,DE-WEB-01,C018245,VM-ACC-0008,2,95.67,0.0,EUR
SO-2026-006578,3,2026-05-15,2026-05-17,DE-WEB-01,C018245,VM-ACC-0015,1,83.71,0.0,EUR
SO-2026-006579,1,2026-05-15,2026-05-17,DE-WEB-01,C021691,VM-BIK-0007,1,1686.3,0.0,EUR
SO-2026-006579,2,2026-05-15,2026-05-17,DE-WEB-01,C021691,VM-ACC-0008,2,95.67,0.0,EUR
SO-2026-006580,1,2026-05-15,2026-05-18,DE-WEB-01,C015858,VM-NUT-0011,3,12.91,0.0,EUR
SO-2026-006581,1,2026-05-15,2026-05-18,DE-WEB-01,C016855,VM-ACC-0023,1,222.45,0.0,EUR
SO-2026-006582,1,2026-05-15,2026-05-16,DE-WEB-01,C021692,VM-BIK-0021,1,298.99,0.05,EUR
SO-2026-006582,2,2026-05-15,2026-05-16,DE-WEB-01,C021692,VM-ACC-0014,1,26.31,0.05,EUR
SO-2026-006582,3,2026-05-15,2026-05-16,DE-WEB-01,C021692,VM-CMP-0001,2,95.67,0.05,EUR
SO-2026-006583,1,2026-05-15,2026-05-17,DE-WEB-01,C021693,VM-NUT-0004,10,1.67,0.0,EUR
SO-2026-006584,1,2026-05-15,2026-05-19,DE-WEB-01,C001076,VM-NUT-0002,13,3.59,0.0,EUR
SO-2026-006584,2,2026-05-15,2026-05-19,DE-WEB-01,C001076,VM-APP-0002,1,105.24,0.0,EUR
SO-2026-006585,1,2026-05-15,2026-05-17,DE-WEB-01,C017962,VM-ACC-0008,2,95.67,0.05,EUR
SO-2026-006585,2,2026-05-15,2026-05-17,DE-WEB-01,C017962,VM-BIK-0014,1,916.1,0.05,EUR
SO-2026-006585,3,2026-05-15,2026-05-17,DE-WEB-01,C017962,VM-NUT-0002,11,3.59,0.05,EUR
SO-2026-006585,4,2026-05-15,2026-05-17,DE-WEB-01,C017962,VM-ACC-0021,1,186.57,0.05,EUR
SO-2026-006586,1,2026-05-16,2026-05-16,PL-WAW-01,C018719,VM-BIK-0013,1,4886.39,0.0,PLN
SO-2026-006586,2,2026-05-16,2026-05-16,PL-WAW-01,C018719,VM-ACC-0007,1,366.47,0.0,PLN
SO-2026-006586,3,2026-05-16,2026-05-16,PL-WAW-01,C018719,VM-ACC-0008,2,407.19,0.0,PLN
SO-2026-006586,4,2026-05-16,2026-05-16,PL-WAW-01,C018719,VM-ACC-0001,2,386.83,0.0,PLN
SO-2026-006587,1,2026-05-16,2026-05-16,PL-WAW-01,,VM-CMP-0009,1,356.29,0.0,PLN
SO-2026-006588,1,2026-05-16,2026-05-16,PL-WAW-01,C021694,VM-BIK-0004,1,4346.85,0.0,PLN
SO-2026-006588,2,2026-05-16,2026-05-16,PL-WAW-01,C021694,VM-ACC-0018,3,50.89,0.0,PLN
SO-2026-006589,1,2026-05-16,2026-05-16,PL-WAW-01,,VM-NUT-0011,2,54.96,0.0,PLN
SO-2026-006589,2,2026-05-16,2026-05-16,PL-WAW-01,,VM-BIK-0007,1,7176.89,0.1,PLN
SO-2026-006589,3,2026-05-16,2026-05-16,PL-WAW-01,,VM-BIK-0009,1,5741.51,0.0,PLN
SO-2026-006590,1,2026-05-16,2026-05-16,PL-WAW-01,,VM-EBK-0005,1,17764.09,0.0,PLN
SO-2026-006591,1,2026-05-16,2026-05-16,PL-WAW-01,,VM-ACC-0009,2,407.19,0.1,PLN
SO-2026-006591,2,2026-05-16,2026-05-16,PL-WAW-01,,VM-NUT-0006,3,10.17,0.05,PLN
SO-2026-006592,1,2026-05-16,2026-05-16,PL-WAW-01,C021695,VM-ACC-0008,2,407.19,0.0,PLN
SO-2026-006593,1,2026-05-16,2026-05-16,PL-WAW-01,C004827,VM-CMP-0008,2,447.91,0.0,PLN
SO-2026-006593,2,2026-05-16,2026-05-16,PL-WAW-01,C004827,VM-APP-0007,2,162.87,0.0,PLN
SO-2026-006594,1,2026-05-16,2026-05-16,PL-WAW-01,,VM-BIK-0002,1,9803.33,0.0,PLN
SO-2026-006594,2,2026-05-16,2026-05-16,PL-WAW-01,,VM-BIK-0009,1,5741.51,0.0,PLN
SO-2026-006594,3,2026-05-16,2026-05-16,PL-WAW-01,,VM-NUT-0004,4,7.12,0.0,PLN
SO-2026-006595,1,2026-05-16,2026-05-16,PL-WAW-01,C017347,VM-NUT-0001,12,9.15,0.0,PLN
SO-2026-006595,2,2026-05-16,2026-05-16,PL-WAW-01,C017347,VM-CMP-0005,1,1506.63,0.0,PLN
SO-2026-006596,1,2026-05-16,2026-05-16,PL-WAW-01,,VM-ACC-0020,1,824.57,0.0,PLN
SO-2026-006596,2,2026-05-16,2026-05-16,PL-WAW-01,,VM-BIK-0001,1,13936.41,0.0,PLN
SO-2026-006596,3,2026-05-16,2026-05-16,PL-WAW-01,,VM-CMP-0005,1,1506.63,0.0,PLN
SO-2026-006597,1,2026-05-16,2026-05-16,PL-WAW-02,C017822,VM-NUT-0002,5,15.26,0.05,PLN
SO-2026-006598,1,2026-05-16,2026-05-16,PL-WAW-02,C021696,VM-BIK-0002,1,9803.33,0.0,PLN
SO-2026-006599,1,2026-05-16,2026-05-16,PL-WAW-02,,VM-EBK-0003,1,9253.61,0.0,PLN
SO-2026-006600,1,2026-05-16,2026-05-16,PL-WAW-02,C021697,VM-EBK-0003,1,9253.61,0.0,PLN
SO-2026-006601,1,2026-05-16,2026-05-16,PL-WAW-02,C012364,VM-BIK-0009,1,5741.51,0.0,PLN
SO-2026-006601,2,2026-05-16,2026-05-16,PL-WAW-02,C012364,VM-ACC-0014,1,111.97,0.0,PLN
SO-2026-006601,3,2026-05-16,2026-05-16,PL-WAW-02,C012364,VM-ACC-0018,3,50.89,0.0,PLN
SO-2026-006601,4,2026-05-16,2026-05-16,PL-WAW-02,C012364,VM-ACC-0007,2,366.47,0.0,PLN
SO-2026-006602,1,2026-05-16,2026-05-16,PL-WAW-02,,VM-NUT-0009,1,86.52,0.0,PLN
SO-2026-006602,2,2026-05-16,2026-05-16,PL-WAW-02,,VM-NUT-0006,5,10.17,0.0,PLN
SO-2026-006602,3,2026-05-16,2026-05-16,PL-WAW-02,,VM-NUT-0004,13,7.12,0.0,PLN
SO-2026-006602,4,2026-05-16,2026-05-16,PL-WAW-02,,VM-NUT-0007,6,13.22,0.0,PLN
SO-2026-006603,1,2026-05-16,2026-05-16,PL-WAW-02,,VM-ACC-0011,1,73.29,0.0,PLN
SO-2026-006603,2,2026-05-16,2026-05-16,PL-WAW-02,,VM-ACC-0008,1,407.19,0.0,PLN
SO-2026-006603,3,2026-05-16,2026-05-16,PL-WAW-02,,VM-APP-0010,2,173.05,0.0,PLN
SO-2026-006604,1,2026-05-16,2026-05-16,PL-KRK-01,,VM-ACC-0007,1,366.47,0.0,PLN
SO-2026-006604,2,2026-05-16,2026-05-16,PL-KRK-01,,VM-APP-0002,2,447.91,0.0,PLN
SO-2026-006604,3,2026-05-16,2026-05-16,PL-KRK-01,,VM-CMP-0009,1,356.29,0.0,PLN
SO-2026-006605,1,2026-05-16,2026-05-16,PL-KRK-01,C016125,VM-ACC-0017,1,59.03,0.0,PLN
SO-2026-006605,2,2026-05-16,2026-05-16,PL-KRK-01,C016125,VM-ACC-0007,1,366.47,0.0,PLN
SO-2026-006605,3,2026-05-16,2026-05-16,PL-KRK-01,C016125,vm-acc-0016,2,29.51,0.0,PLN
SO-2026-006605,4,2026-05-16,2026-05-16,PL-KRK-01,C016125, VM-NUT-0009 ,1,86.52,0.0,PLN
SO-2026-006606,1,2026-05-16,2026-05-16,PL-KRK-01,C014861,VM-ACC-0007,2,366.47,0.0,PLN
SO-2026-006606,2,2026-05-16,2026-05-16,PL-KRK-01,C014861,VM-EBK-0007,1,14964.59,0.0,PLN
SO-2026-006606,3,2026-05-16,2026-05-16,PL-KRK-01,C014861,VM-ACC-0014,1,111.97,0.0,PLN
SO-2026-006607,1,2026-05-16,2026-05-16,PL-KRK-01,C021698,VM-EBK-0006,1,20502.51,0.0,PLN
SO-2026-006608,1,2026-05-16,2026-05-16,PL-KRK-01,C017253,VM-ACC-0002,2,620.97,0.05,PLN
SO-2026-006608,2,2026-05-16,2026-05-16,PL-KRK-01,C017253,VM-BIK-0007,1,7176.89,0.05,PLN
SO-2026-006609,1,2026-05-16,2026-05-16,PL-KRK-01,C021699,VM-EBK-0011,1,14903.51,0.0,PLN
SO-2026-006610,1,2026-05-16,2026-05-16,PL-KRK-01,C021700,VM-CMP-0013,1,539.53,0.0,PLN
SO-2026-006610,2,2026-05-16,2026-05-16,PL-KRK-01,C021700,VM-CMP-0014,1,437.73,0.0,PLN
SO-2026-006610,3,2026-05-16,2026-05-16,PL-KRK-01,C021700,VM-BIK-0017,1,1944.37,0.0,PLN
SO-2026-006610,4,2026-05-16,2026-05-16,PL-KRK-01,C021700,VM-ACC-0010,2,254.49,0.0,PLN
SO-2026-006611,1,2026-05-16,2026-05-16,PL-KRK-01,C014480,VM-BIK-0007,1,7176.89,0.0,PLN
SO-2026-006611,2,2026-05-16,2026-05-16,PL-KRK-01,C014480,vm-acc-0006,1,967.09,0.0,PLN
SO-2026-006612,1,2026-05-16,2026-05-16,PL-KRK-01,C014513,VM-ACC-0014,1,111.97,0.0,PLN
SO-2026-006612,2,2026-05-16,2026-05-16,PL-KRK-01,C014513,VM-ACC-0003,2,295.21,0.0,PLN
SO-2026-006612,3,2026-05-16,2026-05-16,PL-KRK-01,C014513,VM-EBK-0008,1,15371.79,0.0,PLN
SO-2026-006613,1,2026-05-16,2026-05-16,PL-KRK-01,,VM-CMP-0011,1,162.87,0.0,PLN
SO-2026-006614,1,2026-05-16,2026-05-16,PL-KRK-01,,VM-APP-0015,1,580.25,0.0,PLN
SO-2026-006614,2,2026-05-16,2026-05-16,PL-KRK-01,,VM-APP-0006,1,315.57,0.0,PLN
SO-2026-006615,1,2026-05-16,2026-05-16,PL-KRK-01,,VM-APP-0013,1,447.91,0.0,PLN
SO-2026-006616,1,2026-05-16,2026-05-16,PL-KRK-01,,VM-CMP-0005,1,1506.63,0.0,PLN
SO-2026-006617,1,2026-05-16,2026-05-16,PL-WRO-01,,VM-CMP-0002,2,570.07,0.0,PLN
SO-2026-006618,1,2026-05-16,2026-05-16,PL-WRO-01,,VM-NUT-0001,6,9.15,0.0,PLN
SO-2026-006619,1,2026-05-16,2026-05-16,PL-WRO-01,,VM-CMP-0018,1,63.11,0.0,PLN
SO-2026-006619,2,2026-05-16,2026-05-16,PL-WRO-01,,VM-BIK-0011,1,8805.69,0.0,PLN
SO-2026-006620,1,2026-05-16,2026-05-16,PL-WRO-01,C012027,VM-CMP-0009,2,356.29,0.05,PLN
SO-2026-006620,2,2026-05-16,2026-05-16,PL-WRO-01,C012027,VM-NUT-0004,4,7.12,0.05,PLN
SO-2026-006620,3,2026-05-16,2026-05-16,PL-WRO-01,C012027,VM-BIK-0001,1,13936.41,0.05,PLN
SO-2026-006621,1,2026-05-16,2026-05-16,PL-WRO-01,C021076,VM-CMP-0015,2,936.55,0.0,PLN
SO-2026-006622,1,2026-05-16,2026-05-16,PL-GDN-01,,VM-APP-0006,2,315.57,0.0,PLN
SO-2026-006622,2,2026-05-16,2026-05-16,PL-GDN-01,, VM-APP-0017 ,2,193.41,0.0,PLN
SO-2026-006622,3,2026-05-16,2026-05-16,PL-GDN-01,,VM-ACC-0018,3,50.89,0.0,PLN
SO-2026-006622,4,2026-05-16,2026-05-16,PL-GDN-01,,VM-CMP-0013,1,539.53,0.0,PLN
SO-2026-006623,1,2026-05-16,2026-05-16,PL-GDN-01,,VM-APP-0013,1,447.91,0.0,PLN
SO-2026-006624,1,2026-05-16,2026-05-16,PL-GDN-01,C021701,VM-CMP-0005,2,1506.63,0.0,PLN
SO-2026-006625,1,2026-05-16,2026-05-16,PL-GDN-01,,VM-BIK-0016,1,3654.61,0.0,PLN
SO-2026-006626,1,2026-05-16,2026-05-16,PL-GDN-01,C021702,VM-NUT-0004,11,7.12,0.0,PLN
SO-2026-006627,1,2026-05-16,2026-05-16,PL-POZ-01,,VM-ACC-0008,2,407.19,0.0,PLN
SO-2026-006628,1,2026-05-16,2026-05-16,PL-POZ-01,C021703,VM-APP-0015,1,580.25,0.0,PLN
SO-2026-006628,2,2026-05-16,2026-05-16,PL-POZ-01,C021703,VM-BIK-0004,1,4346.85,0.0,PLN
SO-2026-006629,1,2026-05-16,2026-05-16,PL-POZ-01,,VM-BIK-0021,1,1272.49,0.0,PLN
SO-2026-006629,2,2026-05-16,2026-05-16,PL-POZ-01,,VM-CMP-0013,1,539.53,0.0,PLN
SO-2026-006630,1,2026-05-16,2026-05-16,PL-POZ-01,C017016,VM-APP-0015,1,580.25,0.1,PLN
SO-2026-006631,1,2026-05-16,2026-05-16,PL-POZ-01,,VM-NUT-0009,1,86.52,0.0,PLN
SO-2026-006632,1,2026-05-16,2026-05-16,PL-POZ-01,C021704,VM-EBK-0009,1,10088.37,0.0,PLN
SO-2026-006633,1,2026-05-16,2026-05-16,PL-POZ-01,,VM-NUT-0001,3,9.15,0.0,PLN
SO-2026-006633,2,2026-05-16,2026-05-16,PL-POZ-01,,VM-ACC-0003,1,295.21,0.0,PLN
SO-2026-006634,1,2026-05-16,2026-05-16,PL-LDZ-01,C016784,VM-APP-0013,1,447.91,0.0,PLN
SO-2026-006635,1,2026-05-16,2026-05-20,PL-WEB-01,C013508,vm-bik-0020,4,1231.77,0.12,PLN
SO-2026-006636,1,2026-05-16,2026-05-19,PL-WEB-01,C014515,VM-CMP-0017,8,508.99,0.12,PLN
SO-2026-006637,1,2026-05-16,2026-05-17,PL-WEB-01,C020423,VM-BIK-0009,1,5741.51,0.05,PLN
SO-2026-006638,1,2026-05-16,2026-05-18,PL-WEB-01,C013545,VM-ACC-0001,2,386.83,0.1,PLN
SO-2026-006638,2,2026-05-16,2026-05-18,PL-WEB-01,C013545,VM-EBK-0007,1,14964.59,0.0,PLN
SO-2026-006638,3,2026-05-16,2026-05-18,PL-WEB-01,C013545,VM-BIK-0007,1,7176.89,0.0,PLN
SO-2026-006639,1,2026-05-16,2026-05-20,PL-WEB-01,C019603,VM-APP-0019,2,67.18,0.0,PLN
SO-2026-006640,1,2026-05-16,2026-05-20,PL-WEB-01,C020264,VM-EBK-0002,5,10129.09,0.12,PLN
SO-2026-006640,2,2026-05-16,2026-05-20,PL-WEB-01,C020264,VM-ACC-0008,4,407.19,0.08,PLN
SO-2026-006640,3,2026-05-16,2026-05-20,PL-WEB-01,C020264,VM-ACC-0001,8,386.83,0.12,PLN
SO-2026-006641,1,2026-05-16,2026-05-19,PL-WEB-01,C021705,VM-APP-0013,1,447.91,0.0,PLN
SO-2026-006641,2,2026-05-16,2026-05-19,PL-WEB-01,C021705,VM-ACC-0008,2,407.19,0.0,PLN
SO-2026-006641,3,2026-05-16,2026-05-19,PL-WEB-01,C021705,VM-EBK-0007,1,14964.59,0.0,PLN
SO-2026-006642,1,2026-05-16,2026-05-17,PL-WEB-01,C015427,VM-APP-0006,4,315.57,0.1,PLN
SO-2026-006642,2,2026-05-16,2026-05-17,PL-WEB-01,C015427,VM-CMP-0011,2,162.87,0.12,PLN
SO-2026-006643,1,2026-05-16,2026-05-17,PL-WEB-01,C020444,VM-ACC-0007,2,366.47,0.05,PLN
SO-2026-006644,1,2026-05-16,2026-05-20,PL-WEB-01,C021706,VM-BIK-0007,1,7176.89,0.0,PLN
SO-2026-006644,2,2026-05-16,2026-05-20,PL-WEB-01,C021706,VM-ACC-0004,1,794.03,0.0,PLN
SO-2026-006645,1,2026-05-16,2026-05-18,PL-WEB-01,C019079,VM-ACC-0008,2,407.19,0.0,PLN
SO-2026-006645,2,2026-05-16,2026-05-18,PL-WEB-01,C019079,VM-BIK-0012,1,12022.57,0.0,PLN
SO-2026-006646,1,2026-05-16,2026-05-19,PL-WEB-01,C021707, VM-NUT-0008 ,8,10.17,0.05,PLN
SO-2026-006647,1,2026-05-16,2026-05-20,PL-WEB-01,C015485,VM-BIK-0012,1,12022.57,0.0,PLN
SO-2026-006648,1,2026-05-16,2026-05-19,PL-WEB-01,C021093,VM-EBK-0007,1,14964.59,0.05,PLN
SO-2026-006649,1,2026-05-16,2026-05-18,PL-WEB-01,C018667,VM-APP-0003,15,315.57,0.12,PLN
SO-2026-006650,1,2026-05-16,2026-05-18,PL-WEB-01,C019777,VM-EBK-0002,1,10129.09,0.0,PLN
SO-2026-006650,2,2026-05-16,2026-05-18,PL-WEB-01,C019777,VM-ACC-0008,1,407.19,0.0,PLN
SO-2026-006651,1,2026-05-16,2026-05-18,PL-WEB-01,C021425,VM-APP-0008,1,162.87,0.0,PLN
SO-2026-006651,2,2026-05-16,2026-05-18,PL-WEB-01,C021425,VM-EBK-0007,1,14964.59,0.0,PLN
SO-2026-006652,1,2026-05-16,2026-05-18,PL-WEB-01,C020080,VM-APP-0007,1,162.87,0.0,PLN
SO-2026-006653,1,2026-05-16,2026-05-19,PL-WEB-01,C010792,VM-BIK-0020,1,1231.77,0.0,PLN
SO-2026-006654,1,2026-05-16,2026-05-19,PL-MKT-01,C021708,VM-CMP-0001,2,407.19,0.0,PLN
SO-2026-006655,1,2026-05-16,2026-05-18,PL-MKT-01,C021709,VM-ACC-0007,2,366.47,0.0,PLN
SO-2026-006655,2,2026-05-16,2026-05-18,PL-MKT-01,C021709,VM-CMP-0005,1,1506.63,0.0,PLN
SO-2026-006655,3,2026-05-16,2026-05-18,PL-MKT-01,C021709,VM-APP-0010,1,173.05,0.0,PLN
SO-2026-006656,1,2026-05-16,2026-05-19,PL-MKT-01,C021169,VM-NUT-0009,3,86.52,0.0,PLN
SO-2026-006656,2,2026-05-16,2026-05-19,PL-MKT-01,C021169,VM-BIK-0020,1,1231.77,0.05,PLN
SO-2026-006656,3,2026-05-16,2026-05-19,PL-MKT-01,C021169,VM-NUT-0003,8,11.19,0.0,PLN
SO-2026-006657,1,2026-05-16,2026-05-19,PL-MKT-01,C016282, VM-NUT-0009 ,1,86.52,0.0,PLN
SO-2026-006657,2,2026-05-16,2026-05-19,PL-MKT-01,C016282,VM-CMP-0014,2,437.73,0.0,PLN
SO-2026-006657,3,2026-05-16,2026-05-19,PL-MKT-01,C016282,vm-acc-0013,1,173.05,0.0,PLN
SO-2026-006658,1,2026-05-16,2026-05-18,PL-MKT-01,C007418,VM-ACC-0001,2,386.83,0.0,PLN
SO-2026-006659,1,2026-05-16,2026-05-18,PL-MKT-01,C018790,VM-BIK-0017,1,1944.37,0.0,PLN
SO-2026-006659,2,2026-05-16,2026-05-18,PL-MKT-01,C018790,VM-EBK-0005,1,17764.09,0.0,PLN
SO-2026-006659,3,2026-05-16,2026-05-18,PL-MKT-01,C018790,VM-NUT-0006,10,10.17,0.0,PLN
SO-2026-006660,1,2026-05-16,2026-05-17,PL-MKT-01,C013364,VM-NUT-0003,39,11.19,0.08,PLN
SO-2026-006661,1,2026-05-16,2026-05-18,PL-MKT-01,C014583,VM-NUT-0004,15,7.12,0.0,PLN
SO-2026-006662,1,2026-05-16,2026-05-16,CZ-PRG-01,C018858,VM-APP-0010,2,997.0,0.0,CZK
SO-2026-006662,2,2026-05-16,2026-05-16,CZ-PRG-01,C018858,VM-BIK-0020,1,7100.0,0.0,CZK
SO-2026-006662,3,2026-05-16,2026-05-16,CZ-PRG-01,C018858,VM-BIK-0003,1,38373.0,0.0,CZK
SO-2026-006663,1,2026-05-16,2026-05-16,CZ-PRG-01,C009947,VM-EBK-0008,1,88598.0,0.0,CZK
SO-2026-006664,1,2026-05-16,2026-05-16,CZ-PRG-01,C014266,VM-NUT-0004,12,41.0,0.0,CZK
SO-2026-006664,2,2026-05-16,2026-05-16,CZ-PRG-01,C014266,VM-EBK-0011,1,85899.0,0.0,CZK
SO-2026-006665,1,2026-05-16,2026-05-16,CZ-BRN-01,,VM-NUT-0008,4,59.0,0.0,CZK
SO-2026-006665,2,2026-05-16,2026-05-16,CZ-BRN-01,,VM-APP-0004,2,1408.0,0.0,CZK
SO-2026-006666,1,2026-05-16,2026-05-16,CZ-BRN-01,,VM-APP-0008,2,939.0,0.1,CZK
SO-2026-006666,2,2026-05-16,2026-05-16,CZ-BRN-01,,VM-EBK-0004,1,65011.0,0.0,CZK
SO-2026-006667,1,2026-05-16,2026-05-16,CZ-BRN-01,C016896,VM-EBK-0005,1,102387.0,0.0,CZK
SO-2026-006668,1,2026-05-16,2026-05-20,CZ-WEB-01,C021710,VM-NUT-0008,12,59.0,0.0,CZK
SO-2026-006668,2,2026-05-16,2026-05-20,CZ-WEB-01,C021710,VM-BIK-0017,1,11207.0,0.0,CZK
SO-2026-006669,1,2026-05-16,2026-05-19,CZ-WEB-01,C021711,VM-NUT-0003,13,64.0,0.0,CZK
SO-2026-006670,1,2026-05-16,2026-05-20,CZ-WEB-01,C021712,VM-ACC-0018,2,293.0,0.0,CZK
SO-2026-006670,2,2026-05-16,2026-05-20,CZ-WEB-01,C021712,VM-ACC-0001,2,2230.0,0.0,CZK
SO-2026-006671,1,2026-05-16,2026-05-18,CZ-WEB-01,C021713,VM-APP-0010,1,997.0,0.0,CZK
SO-2026-006672,1,2026-05-16,2026-05-19,CZ-WEB-01,C021714,VM-NUT-0006,10,59.0,0.1,CZK
SO-2026-006673,1,2026-05-16,2026-05-18,CZ-WEB-01,C021715,VM-BIK-0007,1,41365.0,0.05,CZK
SO-2026-006673,2,2026-05-16,2026-05-18,CZ-WEB-01,C021715, VM-ACC-0007 ,1,2112.0,0.05,CZK
SO-2026-006674,1,2026-05-16,2026-05-16,DE-BER-01,C018674,VM-EBK-0007,1,3516.12,0.0,EUR
SO-2026-006675,1,2026-05-16,2026-05-16,DE-BER-01,C017502,VM-ACC-0006,1,227.23,0.0,EUR
SO-2026-006676,1,2026-05-16,2026-05-16,DE-BER-01,C017738,VM-BIK-0013,1,1148.12,0.0,EUR
SO-2026-006677,1,2026-05-16,2026-05-16,DE-BER-01,,VM-BIK-0013,1,1148.12,0.0,EUR
SO-2026-006678,1,2026-05-16,2026-05-16,DE-BER-01,,VM-EBK-0008,1,3611.79,0.0,EUR
SO-2026-006678,2,2026-05-16,2026-05-16,DE-BER-01,,VM-BIK-0007,1,1686.3,0.0,EUR
SO-2026-006678,3,2026-05-16,2026-05-16,DE-BER-01,,VM-EBK-0004,1,2650.24,0.0,EUR
SO-2026-006679,1,2026-05-16,2026-05-16,DE-BER-01,C008334,VM-BIK-0017,4,456.85,0.12,EUR
SO-2026-006679,2,2026-05-16,2026-05-16,DE-BER-01,C008334,VM-ACC-0021,5,186.57,0.08,EUR
SO-2026-006679,3,2026-05-16,2026-05-16,DE-BER-01,C008334,VM-BIK-0020,3,289.42,0.08,EUR
SO-2026-006680,1,2026-05-16,2026-05-19,DE-WEB-01,C013923,VM-BIK-0005,1,1772.41,0.0,EUR
SO-2026-006680,2,2026-05-16,2026-05-19,DE-WEB-01,C013923,VM-ACC-0009,2,95.67,0.0,EUR
SO-2026-006680,3,2026-05-16,2026-05-19,DE-WEB-01,C013923,VM-ACC-0007,1,86.11,0.0,EUR
SO-2026-006681,1,2026-05-16,2026-05-17,DE-WEB-01,C020015,VM-NUT-0011,4,12.91,0.0,EUR
SO-2026-006682,1,2026-05-16,2026-05-17,DE-WEB-01,C009099,vm-acc-0009,2,95.67,0.0,EUR
SO-2026-006683,1,2026-05-16,2026-05-20,DE-WEB-01,C017984,VM-APP-0010,1,40.66,0.0,EUR
SO-2026-006683,2,2026-05-16,2026-05-20,DE-WEB-01,C017984,VM-APP-0002,1,105.24,0.0,EUR
SO-2026-006684,1,2026-05-16,2026-05-17,DE-WEB-01,C021716,VM-ACC-0009,2,95.67,0.0,EUR
SO-2026-006685,1,2026-05-16,2026-05-20,DE-WEB-01,C021717,VM-APP-0010,1,40.66,0.0,EUR
SO-2026-006685,2,2026-05-16,2026-05-20,DE-WEB-01,C021717,VM-ACC-0013,1,40.66,0.0,EUR
SO-2026-006686,1,2026-05-17,2026-05-20,PL-WEB-01,C021718,VM-CMP-0002,2,570.07,0.0,PLN
SO-2026-006687,1,2026-05-17,2026-05-20,PL-WEB-01,C016505,VM-ACC-0022,1,1598.25,0.0,PLN
SO-2026-006687,2,2026-05-17,2026-05-20,PL-WEB-01,C016505,VM-CMP-0013,1,539.53,0.0,PLN
SO-2026-006688,1,2026-05-17,2026-05-20,PL-WEB-01,C021719, VM-EBK-0009 ,1,10088.37,0.0,PLN
SO-2026-006688,2,2026-05-17,2026-05-20,PL-WEB-01,C021719,VM-BIK-0008,1,5405.57,0.0,PLN
SO-2026-006689,1,2026-05-17,2026-05-19,PL-WEB-01,C012121,VM-CMP-0012,1,549.71,0.0,PLN
SO-2026-006689,2,2026-05-17,2026-05-19,PL-WEB-01,C012121,VM-CMP-0009,2,356.29,0.0,PLN
SO-2026-006690,1,2026-05-17,2026-05-18,PL-WEB-01,C007946,VM-NUT-0007,12,13.22,0.0,PLN
SO-2026-006690,2,2026-05-17,2026-05-18,PL-WEB-01,C007946,VM-ACC-0017,1,59.03,0.0,PLN
SO-2026-006691,1,2026-05-17,2026-05-18,PL-WEB-01,C021720,VM-CMP-0013,2,539.53,0.0,PLN
SO-2026-006692,1,2026-05-17,2026-05-19,PL-WEB-01,C013100,VM-BIK-0004,1,4346.85,0.0,PLN
SO-2026-006693,1,2026-05-17,2026-05-20,PL-WEB-01,C006880,VM-NUT-0004,9,7.12,0.08,PLN
SO-2026-006693,2,2026-05-17,2026-05-20,PL-WEB-01,C006880,VM-CMP-0011,2,162.87,0.08,PLN
SO-2026-006694,1,2026-05-17,2026-05-21,PL-WEB-01,C018696,VM-APP-0010,1,173.05,0.0,PLN
SO-2026-006694,2,2026-05-17,2026-05-21,PL-WEB-01,C018696,VM-ACC-0004,2,794.03,0.0,PLN
SO-2026-006695,1,2026-05-17,2026-05-21,PL-WEB-01,C013223,VM-CMP-0018,1,63.11,0.0,PLN
SO-2026-006696,1,2026-05-17,2026-05-19,PL-WEB-01,C021721,VM-ACC-0004,2,794.03,0.0,PLN
SO-2026-006696,2,2026-05-17,2026-05-19,PL-WEB-01,C021721,VM-BIK-0012,1,12022.57,0.0,PLN
SO-2026-006697,1,2026-05-17,2026-05-21,PL-WEB-01,C021722,VM-ACC-0008,2,407.19,0.0,PLN
SO-2026-006698,1,2026-05-17,2026-05-18,PL-WEB-01,C011764,VM-NUT-0003,14,11.19,0.05,PLN
SO-2026-006698,2,2026-05-17,2026-05-18,PL-WEB-01,C011764,VM-APP-0005,2,183.23,0.05,PLN
SO-2026-006698,3,2026-05-17,2026-05-18,PL-WEB-01,C011764,VM-APP-0014,1,498.81,0.05,PLN
SO-2026-006698,4,2026-05-17,2026-05-18,PL-WEB-01,C011764,VM-EBK-0008,1,15371.79,0.05,PLN
SO-2026-006699,1,2026-05-17,2026-05-20,PL-WEB-01,C021723,VM-NUT-0003,12,11.19,0.1,PLN
SO-2026-006699,2,2026-05-17,2026-05-20,PL-WEB-01,C021723,VM-CMP-0008,4,447.91,0.08,PLN
SO-2026-006700,1,2026-05-17,2026-05-20,PL-MKT-01,C021724,VM-ACC-0014,1,111.97,0.0,PLN
SO-2026-006700,2,2026-05-17,2026-05-20,PL-MKT-01,C021724,vm-nut-0009,2,86.52,0.0,PLN
SO-2026-006701,1,2026-05-17,2026-05-21,PL-MKT-01,C017685,VM-APP-0012,1,885.65,0.05,PLN
SO-2026-006702,1,2026-05-17,2026-05-20,PL-MKT-01,C010657, VM-CMP-0012 ,1,549.71,0.0,PLN
SO-2026-006702,2,2026-05-17,2026-05-20,PL-MKT-01,C010657,VM-EBK-0004,1,11279.43,0.0,PLN
SO-2026-006702,3,2026-05-17,2026-05-20,PL-MKT-01,C010657,VM-BIK-0008,1,5405.57,0.0,PLN
SO-2026-006702,4,2026-05-17,2026-05-20,PL-MKT-01,C010657,VM-CMP-0015,1,936.55,0.0,PLN
SO-2026-006703,1,2026-05-17,2026-05-18,PL-MKT-01,C019853,VM-BIK-0006,1,6708.61,0.0,PLN
SO-2026-006703,2,2026-05-17,2026-05-18,PL-MKT-01,C019853,VM-CMP-0022,4,36.64,0.0,PLN
SO-2026-006704,1,2026-05-17,2026-05-18,PL-MKT-01,C021725,VM-EBK-0003,1,9253.61,0.0,PLN
SO-2026-006705,1,2026-05-17,2026-05-20,PL-MKT-01,C021726,VM-APP-0015,1,580.25,0.0,PLN
SO-2026-006705,2,2026-05-17,2026-05-20,PL-MKT-01,C021726,VM-NUT-0006,3,10.17,0.0,PLN
SO-2026-006706,1,2026-05-17,2026-05-21,PL-MKT-01,C012914,VM-ACC-0010,1,254.49,0.0,PLN
SO-2026-006706,2,2026-05-17,2026-05-21,PL-MKT-01,C012914,VM-ACC-0020,1,824.57,0.0,PLN
SO-2026-006706,3,2026-05-17,2026-05-21,PL-MKT-01,C012914,VM-CMP-0009,2,356.29,0.0,PLN
SO-2026-006707,1,2026-05-17,2026-05-19,PL-MKT-01,C019318,VM-NUT-0008,6,10.17,0.05,PLN
SO-2026-006707,2,2026-05-17,2026-05-19,PL-MKT-01,C019318,VM-ACC-0006,1,967.09,0.05,PLN
SO-2026-006708,1,2026-05-17,2026-05-20,PL-MKT-01,C019667,VM-ACC-0008,2,407.19,0.0,PLN
SO-2026-006709,1,2026-05-17,2026-05-18,PL-MKT-01,C018944,vm-bik-0021,1,1272.49,0.05,PLN
SO-2026-006710,1,2026-05-17,2026-05-18,PL-MKT-01,C013690,VM-APP-0017,1,193.41,0.0,PLN
SO-2026-006711,1,2026-05-17,2026-05-17,CZ-PRG-01,C009982,VM-ACC-0002,2,3579.0,0.0,CZK
SO-2026-006712,1,2026-05-17,2026-05-17,CZ-BRN-01,C015855,VM-BIK-0012,1,69294.0,0.1,CZK
SO-2026-006713,1,2026-05-17,2026-05-21,CZ-WEB-01,C020897,VM-NUT-0011,1,317.0,0.0,CZK
SO-2026-006714,1,2026-05-17,2026-05-20,CZ-WEB-01,C020940,VM-CMP-0013,1,3110.0,0.0,CZK
SO-2026-006714,2,2026-05-17,2026-05-20,CZ-WEB-01,C020940,VM-NUT-0003,11,64.0,0.0,CZK
SO-2026-006715,1,2026-05-17,2026-05-18,CZ-WEB-01,C013727,VM-CMP-0013,2,3110.0,0.0,CZK
SO-2026-006716,1,2026-05-17,2026-05-20,CZ-WEB-01,C021727,VM-CMP-0022,1,211.0,0.0,CZK
SO-2026-006716,2,2026-05-17,2026-05-20,CZ-WEB-01,C021727,VM-ACC-0021,1,4577.0,0.0,CZK
SO-2026-006717,1,2026-05-17,2026-05-18,CZ-WEB-01,C021728,VM-EBK-0004,1,65011.0,0.0,CZK
SO-2026-006718,1,2026-05-17,2026-05-18,CZ-WEB-01,C019971,VM-ACC-0014,1,645.0,0.0,CZK
SO-2026-006719,1,2026-05-17,2026-05-18,CZ-WEB-01,C021487,VM-NUT-0009,4,499.0,0.0,CZK
SO-2026-006720,1,2026-05-17,2026-05-21,CZ-WEB-01,C018356,VM-APP-0018,2,763.0,0.0,CZK
SO-2026-006720,2,2026-05-17,2026-05-21,CZ-WEB-01,C018356,VM-CMP-0022,3,211.0,0.0,CZK
SO-2026-006720,3,2026-05-17,2026-05-21,CZ-WEB-01,C018356,VM-CMP-0015,1,5398.0,0.0,CZK
SO-2026-006721,1,2026-05-17,2026-05-20,DE-WEB-01,C020667,VM-APP-0006,1,74.15,0.0,EUR
SO-2026-006721,2,2026-05-17,2026-05-20,DE-WEB-01,C020667,VM-EBK-0005,1,4173.89,0.0,EUR
SO-2026-006721,3,2026-05-17,2026-05-20,DE-WEB-01,C020667,VM-ACC-0020,1,193.74,0.0,EUR
SO-2026-006722,1,2026-05-17,2026-05-19,DE-WEB-01,C021729,VM-CMP-0005,2,354.0,0.0,EUR
SO-2026-006723,1,2026-05-17,2026-05-19,DE-WEB-01,C020338,VM-BIK-0012,1,2824.85,0.0,EUR
SO-2026-006724,1,2026-05-17,2026-05-20,DE-WEB-01,C016857,VM-APP-0012,1,208.09,0.0,EUR
SO-2026-006724,2,2026-05-17,2026-05-20,DE-WEB-01,C016857,VM-CMP-0019,2,50.23,0.0,EUR
SO-2026-006725,1,2026-05-17,2026-05-20,DE-WEB-01,C021730,VM-BIK-0013,1,1148.12,0.0,EUR
SO-2026-006725,2,2026-05-17,2026-05-20,DE-WEB-01,C021730,VM-ACC-0008,1,95.67,0.0,EUR
SO-2026-006726,1,2026-05-17,2026-05-21,DE-WEB-01,C005147,VM-EBK-0007,1,3516.12,0.05,EUR
SO-2026-006727,1,2026-05-17,2026-05-20,DE-WEB-01,C021019,VM-ACC-0005,1,43.05,0.0,EUR
SO-2026-006728,1,2026-05-18,2026-05-18,PL-WAW-01,C021262,VM-APP-0020,1,183.23,0.05,PLN
SO-2026-006728,2,2026-05-18,2026-05-18,PL-WAW-01,C021262,VM-APP-0018,1,132.33,0.05,PLN
SO-2026-006729,1,2026-05-18,2026-05-18,PL-WAW-01,,VM-APP-0013,1,447.91,0.0,PLN
SO-2026-006729,2,2026-05-18,2026-05-18,PL-WAW-01,,VM-EBK-0007,1,14964.59,0.0,PLN
SO-2026-006729,3,2026-05-18,2026-05-18,PL-WAW-01,,VM-BIK-0013,1,4886.39,0.0,PLN
SO-2026-006730,1,2026-05-18,2026-05-18,PL-WAW-01,C006179,VM-NUT-0004,7,7.12,0.0,PLN
SO-2026-006731,1,2026-05-18,2026-05-18,PL-WAW-01,,VM-BIK-0016,1,3654.61,0.0,PLN
SO-2026-006732,1,2026-05-18,2026-05-18,PL-WAW-01,C018542,VM-APP-0002,3,447.91,0.0,PLN
SO-2026-006732,2,2026-05-18,2026-05-18,PL-WAW-01,C018542,VM-ACC-0020,1,824.57,0.0,PLN
SO-2026-006733,1,2026-05-18,2026-05-18,PL-WAW-01,,VM-BIK-0020,1,1231.77,0.0,PLN
SO-2026-006733,2,2026-05-18,2026-05-18,PL-WAW-01,,VM-NUT-0008,12,10.17,0.0,PLN
SO-2026-006734,1,2026-05-18,2026-05-18,PL-WAW-02,C000543,VM-NUT-0004,28,7.12,0.1,PLN
SO-2026-006735,1,2026-05-18,2026-05-18,PL-WAW-02,C007807,VM-ACC-0008,2,407.19,0.0,PLN
SO-2026-006736,1,2026-05-18,2026-05-18,PL-WAW-02,,VM-BIK-0019,1,1231.77,0.0,PLN
SO-2026-006736,2,2026-05-18,2026-05-18,PL-WAW-02,,VM-ACC-0006,1,967.09,0.0,PLN
SO-2026-006736,3,2026-05-18,2026-05-18,PL-WAW-02,,VM-BIK-0001,1,13936.41,0.0,PLN
SO-2026-006737,1,2026-05-18,2026-05-18,PL-WAW-02,C021731,VM-CMP-0009,2,356.29,0.0,PLN
SO-2026-006737,2,2026-05-18,2026-05-18,PL-WAW-02,C021731,VM-EBK-0002,1,10129.09,0.0,PLN
SO-2026-006738,1,2026-05-18,2026-05-18,PL-WAW-02,C012371,VM-NUT-0001,13,9.15,0.0,PLN
SO-2026-006738,2,2026-05-18,2026-05-18,PL-WAW-02,C012371,VM-APP-0002,3,447.91,0.0,PLN
SO-2026-006738,3,2026-05-18,2026-05-18,PL-WAW-02,C012371,VM-ACC-0008,2,407.19,0.0,PLN
SO-2026-006738,4,2026-05-18,2026-05-18,PL-WAW-02,C012371,VM-APP-0008,2,162.87,0.0,PLN
SO-2026-006739,1,2026-05-18,2026-05-18,PL-WAW-02,C021732,VM-APP-0009,1,356.29,0.0,PLN
SO-2026-006739,2,2026-05-18,2026-05-18,PL-WAW-02,C021732,VM-BIK-0007,1,7176.89,0.0,PLN
SO-2026-006739,3,2026-05-18,2026-05-18,PL-WAW-02,C021732,VM-EBK-0005,1,17764.09,0.0,PLN
SO-2026-006739,4,2026-05-18,2026-05-18,PL-WAW-02,C021732,VM-APP-0005,1,183.23,0.0,PLN
SO-2026-006740,1,2026-05-18,2026-05-18,PL-WAW-02,C017056,VM-NUT-0001,8,9.15,0.05,PLN
SO-2026-006741,1,2026-05-18,2026-05-18,PL-KRK-01,,VM-APP-0002,1,447.91,0.0,PLN
SO-2026-006741,2,2026-05-18,2026-05-18,PL-KRK-01,,VM-EBK-0002,1,10129.09,0.0,PLN
SO-2026-006742,1,2026-05-18,2026-05-18,PL-KRK-01,C021733,VM-APP-0008,1,162.87,0.0,PLN
SO-2026-006742,2,2026-05-18,2026-05-18,PL-KRK-01,C021733,VM-APP-0006,3,315.57,0.0,PLN
SO-2026-006743,1,2026-05-18,2026-05-18,PL-KRK-01,,VM-BIK-0004,1,4346.85,0.0,PLN
SO-2026-006744,1,2026-05-18,2026-05-18,PL-KRK-01,C021734,VM-BIK-0012,1,12022.57,0.05,PLN
SO-2026-006745,1,2026-05-18,2026-05-18,PL-KRK-01,,VM-BIK-0020,1,1231.77,0.1,PLN
SO-2026-006745,2,2026-05-18,2026-05-18,PL-KRK-01,,VM-ACC-0001,1,386.83,0.0,PLN
SO-2026-006746,1,2026-05-18,2026-05-18,PL-KRK-01,C021735,vm-bik-0013,1,4886.39,0.0,PLN
SO-2026-006746,2,2026-05-18,2026-05-18,PL-KRK-01,C021735,VM-ACC-0008,1,407.19,0.0,PLN
SO-2026-006746,3,2026-05-18,2026-05-18,PL-KRK-01,C021735,VM-ACC-0017,1,59.03,0.1,PLN
SO-2026-006746,4,2026-05-18,2026-05-18,PL-KRK-01,C021735,VM-ACC-0013,1,173.05,0.0,PLN
SO-2026-006747,1,2026-05-18,2026-05-18,PL-KRK-01,C018481,VM-BIK-0014,1,3898.93,0.05,PLN
SO-2026-006748,1,2026-05-18,2026-05-18,PL-KRK-01,C021736,VM-APP-0020,2,183.23,0.05,PLN
SO-2026-006749,1,2026-05-18,2026-05-18,PL-WRO-01,C021737,VM-ACC-0017,3,59.03,0.0,PLN
SO-2026-006749,2,2026-05-18,2026-05-18,PL-WRO-01,C021737, VM-BIK-0008 ,1,5405.57,0.0,PLN
SO-2026-006749,3,2026-05-18,2026-05-18,PL-WRO-01,C021737,VM-ACC-0002,1,620.97,0.0,PLN
SO-2026-006750,1,2026-05-18,2026-05-18,PL-WRO-01,C021738,VM-BIK-0022,1,1425.19,0.0,PLN
SO-2026-006751,1,2026-05-18,2026-05-18,PL-GDN-01,C021739,VM-ACC-0014,1,111.97,0.0,PLN
SO-2026-006752,1,2026-05-18,2026-05-18,PL-GDN-01,C020167,VM-ACC-0018,3,50.89,0.0,PLN
SO-2026-006752,2,2026-05-18,2026-05-18,PL-GDN-01,C020167,VM-CMP-0005,2,1506.63,0.0,PLN
SO-2026-006753,1,2026-05-18,2026-05-18,PL-GDN-01,C021740,VM-CMP-0015,2,936.55,0.0,PLN
SO-2026-006753,2,2026-05-18,2026-05-18,PL-GDN-01,C021740,VM-BIK-0007,1,7176.89,0.0,PLN
SO-2026-006754,1,2026-05-18,2026-05-18,PL-GDN-01,C018490,VM-NUT-0009,4,86.52,0.0,PLN
SO-2026-006754,2,2026-05-18,2026-05-18,PL-GDN-01,C018490,VM-APP-0006,3,315.57,0.0,PLN
SO-2026-006754,3,2026-05-18,2026-05-18,PL-GDN-01,C018490,VM-BIK-0006,1,6708.61,0.0,PLN
SO-2026-006755,1,2026-05-18,2026-05-18,PL-GDN-01,C008096,VM-ACC-0010,2,254.49,0.05,PLN
SO-2026-006755,2,2026-05-18,2026-05-18,PL-GDN-01,C008096,VM-NUT-0004,4,7.12,0.05,PLN
SO-2026-006755,3,2026-05-18,2026-05-18,PL-GDN-01,C008096,VM-ACC-0007,2,366.47,0.05,PLN
SO-2026-006756,1,2026-05-18,2026-05-18,PL-POZ-01,C009697,VM-EBK-0008,1,15371.79,0.0,PLN
SO-2026-006756,2,2026-05-18,2026-05-18,PL-POZ-01,C009697,VM-ACC-0018,1,50.89,0.0,PLN
SO-2026-006757,1,2026-05-18,2026-05-18,PL-POZ-01,,VM-NUT-0008,11,10.17,0.0,PLN
SO-2026-006758,1,2026-05-18,2026-05-18,PL-POZ-01,C021741,VM-EBK-0011,1,14903.51,0.0,PLN
SO-2026-006759,1,2026-05-18,2026-05-18,PL-POZ-01,C021226,VM-EBK-0009,1,10088.37,0.0,PLN
SO-2026-006760,1,2026-05-18,2026-05-18,PL-LDZ-01,C016812,VM-ACC-0002,1,620.97,0.0,PLN
SO-2026-006761,1,2026-05-18,2026-05-18,PL-LDZ-01,,VM-EBK-0011,1,14903.51,0.0,PLN
SO-2026-006761,2,2026-05-18,2026-05-18,PL-LDZ-01,,VM-BIK-0007,1,7176.89,0.0,PLN
SO-2026-006761,3,2026-05-18,2026-05-18,PL-LDZ-01,,VM-ACC-0021,1,794.03,0.0,PLN
SO-2026-006762,1,2026-05-18,2026-05-18,PL-LDZ-01,C021742,VM-CMP-0013,1,539.53,0.0,PLN
SO-2026-006762,2,2026-05-18,2026-05-18,PL-LDZ-01,C021742,VM-ACC-0008,2,407.19,0.0,PLN
SO-2026-006762,3,2026-05-18,2026-05-18,PL-LDZ-01,C021742,VM-ACC-0018,3,50.89,0.0,PLN
SO-2026-006763,1,2026-05-18,2026-05-21,PL-WEB-01,C019079,VM-ACC-0001,1,386.83,0.0,PLN
SO-2026-006764,1,2026-05-18,2026-05-22,PL-WEB-01,C021743,VM-ACC-0008,1,407.19,0.0,PLN
SO-2026-006765,1,2026-05-18,2026-05-19,PL-WEB-01,C009839,VM-APP-0020,2,183.23,0.05,PLN
SO-2026-006766,1,2026-05-18,2026-05-20,PL-WEB-01,C015733,VM-ACC-0014,1,111.97,0.0,PLN
SO-2026-006767,1,2026-05-18,2026-05-20,PL-WEB-01,C021744,VM-APP-0007,2,162.87,0.0,PLN
SO-2026-006767,2,2026-05-18,2026-05-20,PL-WEB-01,C021744,VM-ACC-0015,1,356.29,0.0,PLN
SO-2026-006767,3,2026-05-18,2026-05-20,PL-WEB-01,C021744,VM-NUT-0003,7,11.19,0.0,PLN
SO-2026-006768,1,2026-05-18,2026-05-19,PL-WEB-01,C019363,VM-CMP-0013,2,539.53,0.0,PLN
SO-2026-006769,1,2026-05-18,2026-05-20,PL-WEB-01,C011490,VM-APP-0002,1,447.91,0.0,PLN
SO-2026-006769,2,2026-05-18,2026-05-20,PL-WEB-01,C011490,VM-APP-0014,1,498.81,0.0,PLN
SO-2026-006769,3,2026-05-18,2026-05-20,PL-WEB-01,C011490,VM-NUT-0009,2,86.52,0.0,PLN
SO-2026-006770,1,2026-05-18,2026-05-19,PL-WEB-01,C021745,VM-BIK-0014,1,3898.93,0.0,PLN
SO-2026-006771,1,2026-05-18,2026-05-22,PL-WEB-01,C018855,VM-BIK-0007,1,7176.89,0.0,PLN
SO-2026-006772,1,2026-05-18,2026-05-19,PL-WEB-01,C021746,VM-BIK-0020,1,1231.77,0.0,PLN
SO-2026-006772,2,2026-05-18,2026-05-19,PL-WEB-01,C021746,VM-ACC-0008,2,407.19,0.0,PLN
SO-2026-006772,3,2026-05-18,2026-05-19,PL-WEB-01,C021746,VM-ACC-0007,2,366.47,0.0,PLN
SO-2026-006773,1,2026-05-18,2026-05-20,PL-WEB-01,C021747,VM-ACC-0022,1,1598.25,0.0,PLN
SO-2026-006773,2,2026-05-18,2026-05-20,PL-WEB-01,C021747,VM-CMP-0020,1,264.67,0.0,PLN
SO-2026-006773,3,2026-05-18,2026-05-20,PL-WEB-01,C021747,VM-ACC-0014,1,111.97,0.0,PLN
SO-2026-006773,4,2026-05-18,2026-05-20,PL-WEB-01,C021747,VM-EBK-0004,1,11279.43,0.0,PLN
SO-2026-006774,1,2026-05-18,2026-05-19,PL-WEB-01,C013251,VM-APP-0008,6,162.87,0.08,PLN
SO-2026-006775,1,2026-05-18,2026-05-20,PL-WEB-01,C021748,VM-ACC-0014,1,111.97,0.0,PLN
SO-2026-006776,1,2026-05-18,2026-05-21,PL-WEB-01,C021749,VM-ACC-0008,3,407.19,0.1,PLN
SO-2026-006776,2,2026-05-18,2026-05-21,PL-WEB-01,C021749,VM-CMP-0003,4,244.31,0.08,PLN
SO-2026-006777,1,2026-05-18,2026-05-19,PL-WEB-01,C021750,VM-CMP-0018,2,63.11,0.0,PLN
SO-2026-006777,2,2026-05-18,2026-05-19,PL-WEB-01,C021750,VM-BIK-0017,1,1944.37,0.0,PLN
SO-2026-006777,3,2026-05-18,2026-05-19,PL-WEB-01,C021750,VM-APP-0014,1,498.81,0.0,PLN
SO-2026-006778,1,2026-05-18,2026-05-20,PL-MKT-01,C021751,VM-BIK-0001,1,13936.41,0.0,PLN
SO-2026-006778,2,2026-05-18,2026-05-20,PL-MKT-01,C021751,VM-ACC-0008,1,407.19,0.0,PLN
SO-2026-006778,3,2026-05-18,2026-05-20,PL-MKT-01,C021751,VM-BIK-0004,1,4346.85,0.0,PLN
SO-2026-006779,1,2026-05-18,2026-05-20,PL-MKT-01,C021752,VM-NUT-0011,2,54.96,0.0,PLN
SO-2026-006780,1,2026-05-18,2026-05-21,PL-MKT-01,C018679,VM-BIK-0004,1,4346.85,0.0,PLN
SO-2026-006780,2,2026-05-18,2026-05-21,PL-MKT-01,C018679,VM-NUT-0004,6,7.12,0.0,PLN
SO-2026-006781,1,2026-05-18,2026-05-22,PL-MKT-01,C012155,VM-CMP-0015,1,936.55,0.0,PLN
SO-2026-006781,2,2026-05-18,2026-05-22,PL-MKT-01,C012155,VM-APP-0014,1,498.81,0.0,PLN
SO-2026-006782,1,2026-05-18,2026-05-21,PL-MKT-01,C013089,VM-NUT-0001,15,9.15,0.0,PLN
SO-2026-006782,2,2026-05-18,2026-05-21,PL-MKT-01,C013089,VM-CMP-0005,1,1506.63,0.0,PLN
SO-2026-006782,3,2026-05-18,2026-05-21,PL-MKT-01,C013089,VM-ACC-0008,1,407.19,0.0,PLN
SO-2026-006783,1,2026-05-18,2026-05-19,PL-MKT-01,C021753,VM-CMP-0013,1,539.53,0.05,PLN
SO-2026-006784,1,2026-05-18,2026-05-19,PL-MKT-01,C020820,VM-BIK-0021,5,1272.49,0.1,PLN
SO-2026-006785,1,2026-05-18,2026-05-22,PL-MKT-01,C013272,VM-NUT-0004,12,7.12,0.05,PLN
SO-2026-006785,2,2026-05-18,2026-05-22,PL-MKT-01,C013272,VM-BIK-0005,1,7543.37,0.05,PLN
SO-2026-006786,1,2026-05-18,2026-05-21,PL-MKT-01,C019667,VM-CMP-0011,2,162.87,0.0,PLN
SO-2026-006787,1,2026-05-18,2026-05-20,PL-MKT-01,C017820,VM-BIK-0019,1,1231.77,0.1,PLN
SO-2026-006787,2,2026-05-18,2026-05-20,PL-MKT-01,C017820,VM-ACC-0019,1,50.89,0.0,PLN
SO-2026-006788,1,2026-05-18,2026-05-20,PL-MKT-01,C021754,VM-ACC-0014,1,111.97,0.0,PLN
SO-2026-006789,1,2026-05-18,2026-05-20,PL-MKT-01,C021755,VM-EBK-0011,1,14903.51,0.0,PLN
SO-2026-006789,2,2026-05-18,2026-05-20,PL-MKT-01,C021755,VM-ACC-0008,2,407.19,0.0,PLN
SO-2026-006790,1,2026-05-18,2026-05-19,PL-MKT-01,C021756,VM-EBK-0006,1,20502.51,0.0,PLN
SO-2026-006790,2,2026-05-18,2026-05-19,PL-MKT-01,C021756,VM-BIK-0007,1,7176.89,0.0,PLN
SO-2026-006790,3,2026-05-18,2026-05-19,PL-MKT-01,C021756,VM-ACC-0018,3,50.89,0.0,PLN
SO-2026-006791,1,2026-05-18,2026-05-18,CZ-PRG-01,,VM-BIK-0006,1,38666.0,0.0,CZK
SO-2026-006792,1,2026-05-18,2026-05-18,CZ-PRG-01,,VM-CMP-0005,1,8684.0,0.0,CZK
SO-2026-006793,1,2026-05-18,2026-05-18,CZ-PRG-01,,VM-BIK-0007,1,41365.0,0.0,CZK
SO-2026-006793,2,2026-05-18,2026-05-18,CZ-PRG-01,,VM-ACC-0010,2,1467.0,0.0,CZK
SO-2026-006793,3,2026-05-18,2026-05-18,CZ-PRG-01,,VM-ACC-0018,1,293.0,0.0,CZK
SO-2026-006794,1,2026-05-18,2026-05-18,CZ-PRG-01,C021757,VM-CMP-0009,1,2054.0,0.0,CZK
SO-2026-006794,2,2026-05-18,2026-05-18,CZ-PRG-01,C021757,VM-APP-0013,1,2582.0,0.0,CZK
SO-2026-006795,1,2026-05-18,2026-05-18,CZ-BRN-01,C013197,VM-CMP-0017,2,2934.0,0.0,CZK
SO-2026-006795,2,2026-05-18,2026-05-18,CZ-BRN-01,C013197,VM-CMP-0001,2,2347.0,0.0,CZK
SO-2026-006796,1,2026-05-18,2026-05-18,CZ-BRN-01,C021758,VM-EBK-0010,1,79152.0,0.0,CZK
SO-2026-006797,1,2026-05-18,2026-05-18,CZ-BRN-01,C021058,VM-NUT-0008,11,59.0,0.0,CZK
SO-2026-006798,1,2026-05-18,2026-05-19,CZ-WEB-01,C021759,VM-EBK-0005,1,102387.0,0.1,CZK
SO-2026-006798,2,2026-05-18,2026-05-19,CZ-WEB-01,C021759,VM-NUT-0001,3,53.0,0.0,CZK
SO-2026-006799,1,2026-05-18,2026-05-19,CZ-WEB-01,C015372,VM-BIK-0017,1,11207.0,0.0,CZK
SO-2026-006800,1,2026-05-18,2026-05-22,CZ-WEB-01,C016500,VM-CMP-0013,2,3110.0,0.0,CZK
SO-2026-006801,1,2026-05-18,2026-05-21,CZ-WEB-01,C021760,VM-BIK-0017,1,11207.0,0.0,CZK
SO-2026-006802,1,2026-05-18,2026-05-19,CZ-WEB-01,C021761,VM-ACC-0008,2,2347.0,0.0,CZK
SO-2026-006803,1,2026-05-18,2026-05-20,CZ-WEB-01,C015169,VM-APP-0020,2,1056.0,0.0,CZK
SO-2026-006804,1,2026-05-18,2026-05-20,CZ-WEB-01,C021762,VM-CMP-0020,4,1525.0,0.0,CZK
SO-2026-006804,2,2026-05-18,2026-05-20,CZ-WEB-01,C021762,VM-APP-0007,2,939.0,0.0,CZK
SO-2026-006804,3,2026-05-18,2026-05-20,CZ-WEB-01,C021762,VM-ACC-0020,1,4753.0,0.0,CZK
SO-2026-006804,4,2026-05-18,2026-05-20,CZ-WEB-01,C021762,VM-ACC-0021,1,4577.0,0.0,CZK
SO-2026-006805,1,2026-05-18,2026-05-22,CZ-WEB-01,C021763,VM-BIK-0008,1,31156.0,0.0,CZK
SO-2026-006805,2,2026-05-18,2026-05-22,CZ-WEB-01,C021763,VM-BIK-0020,1,7100.0,0.0,CZK
SO-2026-006806,1,2026-05-18,2026-05-18,DE-BER-01,C020880,VM-ACC-0010,1,59.8,0.05,EUR
SO-2026-006807,1,2026-05-18,2026-05-18,DE-BER-01,,VM-NUT-0004,12,1.67,0.0,EUR
SO-2026-006808,1,2026-05-18,2026-05-18,DE-BER-01,C021764,VM-APP-0014,1,117.2,0.0,EUR
SO-2026-006808,2,2026-05-18,2026-05-18,DE-BER-01,C021764,VM-NUT-0003,4,2.63,0.0,EUR
SO-2026-006809,1,2026-05-18,2026-05-21,DE-WEB-01,C021765,VM-APP-0008,2,38.27,0.0,EUR
SO-2026-006810,1,2026-05-18,2026-05-20,DE-WEB-01,C021766,VM-BIK-0012,1,2824.85,0.0,EUR
SO-2026-006811,1,2026-05-18,2026-05-21,DE-WEB-01,C018245,VM-ACC-0007,1,86.11,0.1,EUR
SO-2026-006811,2,2026-05-18,2026-05-21,DE-WEB-01,C018245,VM-BIK-0013,1,1148.12,0.0,EUR
SO-2026-006811,3,2026-05-18,2026-05-21,DE-WEB-01,C018245,VM-NUT-0008,6,2.39,0.0,EUR
SO-2026-006812,1,2026-05-18,2026-05-21,DE-WEB-01,C014783,VM-CMP-0023,3,14.11,0.0,EUR
SO-2026-006813,1,2026-05-18,2026-05-22,DE-WEB-01,C008903,VM-NUT-0008,4,2.39,0.0,EUR
SO-2026-006814,1,2026-05-18,2026-05-22,DE-WEB-01,C017476,VM-NUT-0003,5,2.63,0.0,EUR
SO-2026-006814,2,2026-05-18,2026-05-22,DE-WEB-01,C017476,VM-NUT-0004,10,1.67,0.0,EUR
SO-2026-006815,1,2026-05-18,2026-05-20,DE-WEB-01,C021767,VM-BIK-0007,1,1686.3,0.0,EUR
SO-2026-006815,2,2026-05-18,2026-05-20,DE-WEB-01,C021767,VM-ACC-0008,2,95.67,0.0,EUR
SO-2026-006816,1,2026-05-18,2026-05-19,DE-WEB-01,C020350,VM-BIK-0019,1,289.42,0.0,EUR
SO-2026-006816,2,2026-05-18,2026-05-19,DE-WEB-01,C020350,VM-BIK-0012,1,2824.85,0.0,EUR
SO-2026-006817,1,2026-05-18,2026-05-20,DE-WEB-01,C021519,VM-NUT-0009,4,20.33,0.0,EUR
SO-2026-006817,2,2026-05-18,2026-05-20,DE-WEB-01,C021519,VM-CMP-0021,2,11.48,0.0,EUR
SO-2026-006818,1,2026-05-18,2026-05-20,DE-WEB-01,C021768,VM-ACC-0018,3,11.96,0.0,EUR
SO-2026-006818,2,2026-05-18,2026-05-20,DE-WEB-01,C021768,VM-ACC-0020,1,193.74,0.0,EUR
SO-2026-006819,1,2026-05-18,2026-05-21,DE-WEB-01,C005462,VM-BIK-0016,1,858.7,0.05,EUR
SO-2026-006820,1,2026-05-19,2026-05-19,PL-WAW-01,C021769,VM-CMP-0022,1,36.64,0.0,PLN
SO-2026-006820,2,2026-05-19,2026-05-19,PL-WAW-01,C021769,VM-NUT-0001,10,9.15,0.1,PLN
SO-2026-006820,3,2026-05-19,2026-05-19,PL-WAW-01,C021769,VM-BIK-0004,1,4346.85,0.0,PLN
SO-2026-006821,1,2026-05-19,2026-05-19,PL-WAW-01,C021770,VM-NUT-0006,12,10.17,0.0,PLN
SO-2026-006822,1,2026-05-19,2026-05-19,PL-WAW-01,C021771,VM-ACC-0007,1,366.47,0.05,PLN
SO-2026-006823,1,2026-05-19,2026-05-19,PL-WAW-01,C020358,VM-CMP-0005,2,1506.63,0.0,PLN
SO-2026-006823,2,2026-05-19,2026-05-19,PL-WAW-01,C020358,VM-NUT-0001,9,9.15,0.0,PLN
SO-2026-006824,1,2026-05-19,2026-05-19,PL-WAW-01,C019740,VM-NUT-0004,3,7.12,0.0,PLN
SO-2026-006825,1,2026-05-19,2026-05-19,PL-WAW-01,,vm-acc-0016,1,29.51,0.0,PLN
SO-2026-006825,2,2026-05-19,2026-05-19,PL-WAW-01,, VM-BIK-0020 ,1,1231.77,0.0,PLN
SO-2026-006825,3,2026-05-19,2026-05-19,PL-WAW-01,,VM-CMP-0015,1,936.55,0.0,PLN
SO-2026-006826,1,2026-05-19,2026-05-19,PL-WAW-02,,VM-APP-0012,1,885.65,0.0,PLN
SO-2026-006826,2,2026-05-19,2026-05-19,PL-WAW-02,,VM-NUT-0004,3,7.12,0.0,PLN
SO-2026-006827,1,2026-05-19,2026-05-19,PL-WAW-02,C019286,VM-ACC-0019,3,50.89,0.0,PLN
SO-2026-006828,1,2026-05-19,2026-05-19,PL-WAW-02,,VM-CMP-0009,2,356.29,0.0,PLN
SO-2026-006828,2,2026-05-19,2026-05-19,PL-WAW-02,,VM-CMP-0006,2,203.59,0.0,PLN
SO-2026-006828,3,2026-05-19,2026-05-19,PL-WAW-02,,VM-BIK-0007,1,7176.89,0.0,PLN
SO-2026-006829,1,2026-05-19,2026-05-19,PL-WAW-02,,VM-CMP-0009,1,356.29,0.0,PLN
SO-2026-006829,2,2026-05-19,2026-05-19,PL-WAW-02,,vm-app-0006,2,315.57,0.0,PLN
SO-2026-006830,1,2026-05-19,2026-05-19,PL-WAW-02,C021772,VM-ACC-0021,1,794.03,0.0,PLN
SO-2026-006831,1,2026-05-19,2026-05-19,PL-WAW-02,C015076,VM-APP-0003,1,315.57,0.0,PLN
SO-2026-006832,1,2026-05-19,2026-05-19,PL-KRK-01,C021773,VM-APP-0013,1,447.91,0.05,PLN
SO-2026-006832,2,2026-05-19,2026-05-19,PL-KRK-01,C021773,VM-ACC-0021,1,794.03,0.05,PLN
SO-2026-006832,3,2026-05-19,2026-05-19,PL-KRK-01,C021773,VM-EBK-0005,1,17764.09,0.05,PLN
SO-2026-006833,1,2026-05-19,2026-05-19,PL-KRK-01,C000139,VM-ACC-0004,10,794.03,0.08,PLN
SO-2026-006834,1,2026-05-19,2026-05-19,PL-KRK-01,,VM-EBK-0008,1,15371.79,0.0,PLN
SO-2026-006834,2,2026-05-19,2026-05-19,PL-KRK-01,,VM-NUT-0007,8,13.22,0.0,PLN
SO-2026-006834,3,2026-05-19,2026-05-19,PL-KRK-01,,VM-BIK-0019,1,1231.77,0.1,PLN
SO-2026-006835,1,2026-05-19,2026-05-19,PL-KRK-01,C021774,VM-APP-0002,2,447.91,0.1,PLN
SO-2026-006835,2,2026-05-19,2026-05-19,PL-KRK-01,C021774,VM-EBK-0004,1,11279.43,0.0,PLN
SO-2026-006836,1,2026-05-19,2026-05-19,PL-KRK-01,C021696,VM-CMP-0021,4,48.85,0.0,PLN
SO-2026-006836,2,2026-05-19,2026-05-19,PL-KRK-01,C021696,VM-APP-0010,1,173.05,0.0,PLN
SO-2026-006837,1,2026-05-19,2026-05-19,PL-KRK-01,,VM-BIK-0006,1,6708.61,0.0,PLN
SO-2026-006838,1,2026-05-19,2026-05-19,PL-KRK-01,C015839,VM-BIK-0007,1,7176.89,0.0,PLN
SO-2026-006838,2,2026-05-19,2026-05-19,PL-KRK-01,C015839,VM-ACC-0008,1,407.19,0.0,PLN
SO-2026-006838,3,2026-05-19,2026-05-19,PL-KRK-01,C015839,VM-APP-0004,2,244.31,0.0,PLN
SO-2026-006839,1,2026-05-19,2026-05-19,PL-WRO-01,C021775,VM-ACC-0002,1,620.97,0.0,PLN
SO-2026-006840,1,2026-05-19,2026-05-19,PL-GDN-01,C021776, VM-NUT-0009 ,3,86.52,0.0,PLN
SO-2026-006841,1,2026-05-19,2026-05-19,PL-GDN-01,,VM-APP-0010,1,173.05,0.0,PLN
SO-2026-006841,2,2026-05-19,2026-05-19,PL-GDN-01,,VM-ACC-0006,2,967.09,0.0,PLN
SO-2026-006842,1,2026-05-19,2026-05-19,PL-GDN-01,,VM-ACC-0008,1,407.19,0.0,PLN
SO-2026-006842,2,2026-05-19,2026-05-19,PL-GDN-01,,VM-BIK-0012,1,12022.57,0.0,PLN
SO-2026-006842,3,2026-05-19,2026-05-19,PL-GDN-01,,VM-ACC-0007,2,366.47,0.0,PLN
SO-2026-006843,1,2026-05-19,2026-05-19,PL-POZ-01,C021777,VM-EBK-0007,3,14964.59,0.12,PLN
SO-2026-006844,1,2026-05-19,2026-05-19,PL-POZ-01,,VM-NUT-0002,8,15.26,0.0,PLN
SO-2026-006844,2,2026-05-19,2026-05-19,PL-POZ-01,,VM-BIK-0007,1,7176.89,0.0,PLN
SO-2026-006844,3,2026-05-19,2026-05-19,PL-POZ-01,,VM-ACC-0003,1,295.21,0.0,PLN
SO-2026-006844,4,2026-05-19,2026-05-19,PL-POZ-01,,VM-APP-0002,1,447.91,0.0,PLN
SO-2026-006845,1,2026-05-19,2026-05-19,PL-POZ-01,C021778,VM-ACC-0014,1,111.97,0.0,PLN
SO-2026-006845,2,2026-05-19,2026-05-19,PL-POZ-01,C021778,VM-EBK-0008,1,15371.79,0.0,PLN
SO-2026-006845,3,2026-05-19,2026-05-19,PL-POZ-01,C021778,VM-APP-0020,2,183.23,0.0,PLN
SO-2026-006846,1,2026-05-19,2026-05-19,PL-POZ-01,C021028,VM-APP-0002,1,447.91,0.0,PLN
SO-2026-006846,2,2026-05-19,2026-05-19,PL-POZ-01,C021028,VM-APP-0006,1,315.57,0.0,PLN
SO-2026-006847,1,2026-05-19,2026-05-19,PL-POZ-01,C017996,VM-CMP-0012,2,549.71,0.05,PLN
SO-2026-006847,2,2026-05-19,2026-05-19,PL-POZ-01,C017996,VM-APP-0008,1,162.87,0.05,PLN
SO-2026-006848,1,2026-05-19,2026-05-19,PL-LDZ-01,C019218,VM-NUT-0004,4,7.12,0.0,PLN
SO-2026-006848,2,2026-05-19,2026-05-19,PL-LDZ-01,C019218,VM-CMP-0009,1,356.29,0.05,PLN
SO-2026-006849,1,2026-05-19,2026-05-22,PL-WEB-01,C017263,VM-APP-0008,2,162.87,0.0,PLN
SO-2026-006849,2,2026-05-19,2026-05-22,PL-WEB-01,C017263,VM-BIK-0019,1,1231.77,0.0,PLN
SO-2026-006850,1,2026-05-19,2026-05-20,PL-WEB-01,C021779,VM-CMP-0002,1,570.07,0.0,PLN
SO-2026-006850,2,2026-05-19,2026-05-20,PL-WEB-01,C021779,VM-APP-0008,1,162.87,0.0,PLN
SO-2026-006850,3,2026-05-19,2026-05-20,PL-WEB-01,C021779,VM-BIK-0003,1,6657.71,0.0,PLN
SO-2026-006850,4,2026-05-19,2026-05-20,PL-WEB-01,C021779,VM-NUT-0008,4,10.17,0.0,PLN
SO-2026-006851,1,2026-05-19,2026-05-20,PL-WEB-01,C015183,VM-APP-0002,2,447.91,0.0,PLN
SO-2026-006852,1,2026-05-19,2026-05-20,PL-WEB-01,C021564,VM-BIK-0002,1,9803.33,0.0,PLN
SO-2026-006852,2,2026-05-19,2026-05-20,PL-WEB-01,C021564,VM-ACC-0008,1,407.19,0.0,PLN
SO-2026-006853,1,2026-05-19,2026-05-21,PL-WEB-01,C021780,VM-ACC-0002,2,620.97,0.0,PLN
SO-2026-006853,2,2026-05-19,2026-05-21,PL-WEB-01,C021780,VM-EBK-0007,1,14964.59,0.0,PLN
SO-2026-006854,1,2026-05-19,2026-05-21,PL-WEB-01,C021781,VM-NUT-0008,12,10.17,0.0,PLN
SO-2026-006854,2,2026-05-19,2026-05-21,PL-WEB-01,C021781,VM-BIK-0003,1,6657.71,0.0,PLN
SO-2026-006855,1,2026-05-19,2026-05-22,PL-WEB-01,C021782,VM-NUT-0002,9,15.26,0.0,PLN
SO-2026-006855,2,2026-05-19,2026-05-22,PL-WEB-01,C021782,VM-BIK-0017,1,1944.37,0.0,PLN
SO-2026-006856,1,2026-05-19,2026-05-23,PL-WEB-01,C016323,VM-BIK-0021,1,1272.49,0.0,PLN
SO-2026-006856,2,2026-05-19,2026-05-23,PL-WEB-01,C016323,VM-BIK-0017,1,1944.37,0.0,PLN
SO-2026-006856,3,2026-05-19,2026-05-23,PL-WEB-01,C016323,VM-ACC-0008,2,407.19,0.0,PLN
SO-2026-006856,4,2026-05-19,2026-05-23,PL-WEB-01,C016323,VM-APP-0005,1,183.23,0.0,PLN
SO-2026-006857,1,2026-05-19,2026-05-23,PL-WEB-01,C019712,VM-BIK-0012,1,12022.57,0.0,PLN
SO-2026-006857,2,2026-05-19,2026-05-23,PL-WEB-01,C019712,VM-ACC-0017,3,59.03,0.0,PLN
SO-2026-006858,1,2026-05-19,2026-05-20,PL-WEB-01,C002290,VM-BIK-0010,1,6433.75,0.0,PLN
SO-2026-006859,1,2026-05-19,2026-05-21,PL-WEB-01,C019179,VM-ACC-0011,2,73.29,0.1,PLN
SO-2026-006860,1,2026-05-19,2026-05-20,PL-WEB-01,C006740,VM-ACC-0020,1,824.57,0.0,PLN
SO-2026-006861,1,2026-05-19,2026-05-20,PL-WEB-01,C021783,VM-NUT-0008,11,10.17,0.1,PLN
SO-2026-006861,2,2026-05-19,2026-05-20,PL-WEB-01,C021783,VM-EBK-0005,1,17764.09,0.0,PLN
SO-2026-006862,1,2026-05-19,2026-05-20,PL-WEB-01,C018970,VM-ACC-0008,2,407.19,0.0,PLN
SO-2026-006862,2,2026-05-19,2026-05-20,PL-WEB-01,C018970,VM-BIK-0002,1,9803.33,0.0,PLN
SO-2026-006863,1,2026-05-19,2026-05-21,PL-WEB-01,C021784,VM-BIK-0021,1,1272.49,0.0,PLN
SO-2026-006864,1,2026-05-19,2026-05-22,PL-WEB-01,C021785,VM-APP-0010,2,173.05,0.0,PLN
SO-2026-006865,1,2026-05-19,2026-05-21,PL-WEB-01,C021786,VM-NUT-0003,10,11.19,0.05,PLN
SO-2026-006865,2,2026-05-19,2026-05-21,PL-WEB-01,C021786,VM-NUT-0006,6,10.17,0.05,PLN
SO-2026-006866,1,2026-05-19,2026-05-23,PL-WEB-01,C021787,VM-BIK-0012,1,12022.57,0.0,PLN
SO-2026-006867,1,2026-05-19,2026-05-20,PL-MKT-01,C011550,VM-APP-0002,3,447.91,0.0,PLN
SO-2026-006868,1,2026-05-19,2026-05-20,PL-MKT-01,C021788,VM-CMP-0014,2,437.73,0.05,PLN
SO-2026-006869,1,2026-05-19,2026-05-22,PL-MKT-01,C016627,VM-NUT-0008,11,10.17,0.05,PLN
SO-2026-006870,1,2026-05-19,2026-05-21,PL-MKT-01,C021789,VM-BIK-0004,1,4346.85,0.0,PLN
SO-2026-006870,2,2026-05-19,2026-05-21,PL-MKT-01,C021789,VM-ACC-0014,1,111.97,0.0,PLN
SO-2026-006870,3,2026-05-19,2026-05-21,PL-MKT-01,C021789, VM-ACC-0008 ,2,407.19,0.0,PLN
SO-2026-006871,1,2026-05-19,2026-05-20,PL-MKT-01,C021790,VM-NUT-0008,5,10.17,0.05,PLN
SO-2026-006871,2,2026-05-19,2026-05-20,PL-MKT-01,C021790,VM-EBK-0003,1,9253.61,0.05,PLN
SO-2026-006872,1,2026-05-19,2026-05-21,PL-MKT-01,C020971,VM-BIK-0021,1,1272.49,0.0,PLN
SO-2026-006872,2,2026-05-19,2026-05-21,PL-MKT-01,C020971,VM-NUT-0001,6,9.15,0.0,PLN
SO-2026-006872,3,2026-05-19,2026-05-21,PL-MKT-01,C020971,VM-ACC-0001,1,386.83,0.0,PLN
SO-2026-006873,1,2026-05-19,2026-05-23,PL-MKT-01,C021791,VM-BIK-0012,1,12022.57,0.0,PLN
SO-2026-006874,1,2026-05-19,2026-05-23,PL-MKT-01,C010581,VM-NUT-0004,8,7.12,0.05,PLN
SO-2026-006874,2,2026-05-19,2026-05-23,PL-MKT-01,C010581,VM-APP-0012,1,885.65,0.05,PLN
SO-2026-006875,1,2026-05-19,2026-05-22,PL-MKT-01,C012913,VM-EBK-0008,1,15371.79,0.0,PLN
SO-2026-006875,2,2026-05-19,2026-05-22,PL-MKT-01,C012913,VM-ACC-0004,2,794.03,0.0,PLN
SO-2026-006875,3,2026-05-19,2026-05-22,PL-MKT-01,C012913,VM-ACC-0003,1,295.21,0.0,PLN
SO-2026-006876,1,2026-05-19,2026-05-19,CZ-PRG-01,C017026,VM-EBK-0007,1,86251.0,0.0,CZK
SO-2026-006877,1,2026-05-19,2026-05-19,CZ-PRG-01,C017004,VM-APP-0017,1,1115.0,0.0,CZK
SO-2026-006877,2,2026-05-19,2026-05-19,CZ-PRG-01,C017004,VM-CMP-0005,1,8684.0,0.0,CZK
SO-2026-006878,1,2026-05-19,2026-05-19,CZ-PRG-01,,VM-ACC-0019,1,293.0,0.0,CZK
SO-2026-006879,1,2026-05-19,2026-05-19,CZ-PRG-01,C021792,VM-APP-0007,1,939.0,0.0,CZK
SO-2026-006879,2,2026-05-19,2026-05-19,CZ-PRG-01,C021792,VM-CMP-0004,2,4224.0,0.0,CZK
SO-2026-006880,1,2026-05-19,2026-05-19,CZ-BRN-01,,VM-ACC-0018,2,293.0,0.0,CZK
SO-2026-006881,1,2026-05-19,2026-05-20,CZ-WEB-01,C009162,VM-CMP-0013,2,3110.0,0.0,CZK
SO-2026-006881,2,2026-05-19,2026-05-20,CZ-WEB-01,C009162,VM-NUT-0001,10,53.0,0.0,CZK
SO-2026-006882,1,2026-05-19,2026-05-23,CZ-WEB-01,C018985,VM-APP-0002,2,2582.0,0.0,CZK
SO-2026-006883,1,2026-05-19,2026-05-20,CZ-WEB-01,C019207,VM-CMP-0013,1,3110.0,0.0,CZK
SO-2026-006884,1,2026-05-19,2026-05-20,CZ-WEB-01,C015456,VM-APP-0002,3,2582.0,0.0,CZK
SO-2026-006885,1,2026-05-19,2026-05-23,CZ-WEB-01,C020278,VM-EBK-0002,1,58381.0,0.0,CZK
SO-2026-006885,2,2026-05-19,2026-05-23,CZ-WEB-01,C020278,VM-ACC-0003,2,1701.0,0.0,CZK
SO-2026-006886,1,2026-05-19,2026-05-19,DE-BER-01,C010921,VM-NUT-0004,15,1.67,0.05,EUR
SO-2026-006886,2,2026-05-19,2026-05-19,DE-BER-01,C010921,VM-APP-0002,3,105.24,0.05,EUR
SO-2026-006887,1,2026-05-19,2026-05-19,DE-BER-01,,VM-EBK-0002,1,2379.96,0.0,EUR
SO-2026-006887,2,2026-05-19,2026-05-19,DE-BER-01,,VM-CMP-0017,1,119.59,0.0,EUR
SO-2026-006887,3,2026-05-19,2026-05-19,DE-BER-01,,VM-EBK-0005,1,4173.89,0.0,EUR
SO-2026-006888,1,2026-05-19,2026-05-19,DE-BER-01,C021793,VM-NUT-0008,8,2.39,0.0,EUR
SO-2026-006888,2,2026-05-19,2026-05-19,DE-BER-01,C021793,VM-CMP-0005,2,354.0,0.0,EUR
SO-2026-006889,1,2026-05-19,2026-05-19,DE-BER-01,,VM-NUT-0009,3,20.33,0.0,EUR
SO-2026-006889,2,2026-05-19,2026-05-19,DE-BER-01,,VM-APP-0006,2,74.15,0.0,EUR
SO-2026-006890,1,2026-05-19,2026-05-19,DE-BER-01,C020684,VM-ACC-0007,2,86.11,0.0,EUR
SO-2026-006890,2,2026-05-19,2026-05-19,DE-BER-01,C020684,VM-NUT-0002,8,3.59,0.0,EUR
SO-2026-006891,1,2026-05-19,2026-05-20,DE-WEB-01,C021794,VM-CMP-0018,1,14.83,0.0,EUR
SO-2026-006892,1,2026-05-19,2026-05-21,DE-WEB-01,C021795,VM-APP-0015,1,136.34,0.0,EUR
SO-2026-006892,2,2026-05-19,2026-05-21,DE-WEB-01,C021795,VM-ACC-0017,2,13.87,0.0,EUR
SO-2026-006892,3,2026-05-19,2026-05-21,DE-WEB-01,C021795,VM-CMP-0019,4,50.23,0.0,EUR
SO-2026-006893,1,2026-05-19,2026-05-22,DE-WEB-01,C021796,VM-NUT-0006,11,2.39,0.05,EUR
SO-2026-006894,1,2026-05-19,2026-05-20,DE-WEB-01,C021797,VM-BIK-0007,1,1686.3,0.0,EUR
SO-2026-006895,1,2026-05-19,2026-05-21,DE-WEB-01,C021798,VM-CMP-0004,1,172.22,0.0,EUR
SO-2026-006895,2,2026-05-19,2026-05-21,DE-WEB-01,C021798,VM-EBK-0011,1,3501.76,0.0,EUR
SO-2026-006896,1,2026-05-19,2026-05-22,DE-WEB-01,C019502,VM-NUT-0004,10,1.67,0.0,EUR
SO-2026-006897,1,2026-05-19,2026-05-23,DE-WEB-01,C007020,VM-ACC-0018,12,11.96,0.12,EUR
SO-2026-006897,2,2026-05-19,2026-05-23,DE-WEB-01,C007020,VM-CMP-0017,3,119.59,0.12,EUR
SO-2026-006898,1,2026-05-19,2026-05-23,DE-WEB-01,C021799,VM-NUT-0004,12,1.67,0.0,EUR
SO-2026-006898,2,2026-05-19,2026-05-23,DE-WEB-01,C021799,VM-ACC-0023,1,222.45,0.0,EUR
SO-2026-006899,1,2026-05-19,2026-05-21,DE-WEB-01,C014123,VM-BIK-0004,1,1021.35,0.05,EUR
SO-2026-006900,1,2026-05-20,2026-05-20,PL-WAW-01,,VM-BIK-0014,1,3898.93,0.0,PLN
SO-2026-006901,1,2026-05-20,2026-05-20,PL-WAW-01,C019222,VM-NUT-0008,10,10.17,0.0,PLN
SO-2026-006902,1,2026-05-20,2026-05-20,PL-WAW-01,C021800,VM-APP-0020,2,183.23,0.05,PLN
SO-2026-006902,2,2026-05-20,2026-05-20,PL-WAW-01,C021800,VM-APP-0007,1,162.87,0.05,PLN
SO-2026-006902,3,2026-05-20,2026-05-20,PL-WAW-01,C021800,VM-NUT-0004,8,7.12,0.05,PLN
SO-2026-006902,4,2026-05-20,2026-05-20,PL-WAW-01,C021800,VM-NUT-0001,4,9.15,0.05,PLN
SO-2026-006903,1,2026-05-20,2026-05-20,PL-WAW-01,C007540,VM-APP-0006,1,315.57,0.0,PLN
SO-2026-006903,2,2026-05-20,2026-05-20,PL-WAW-01,C007540,VM-CMP-0002,2,570.07,0.0,PLN
SO-2026-006904,1,2026-05-20,2026-05-20,PL-WAW-01,C021801,VM-BIK-0009,1,5741.51,0.0,PLN
SO-2026-006905,1,2026-05-20,2026-05-20,PL-WAW-01,,VM-APP-0010,1,173.05,0.0,PLN
SO-2026-006905,2,2026-05-20,2026-05-20,PL-WAW-01,,VM-BIK-0007,1,7176.89,0.0,PLN
SO-2026-006906,1,2026-05-20,2026-05-20,PL-WAW-02,C014413,VM-NUT-0004,5,7.12,0.0,PLN
SO-2026-006906,2,2026-05-20,2026-05-20,PL-WAW-02,C014413,VM-APP-0013,1,447.91,0.0,PLN
SO-2026-006906,3,2026-05-20,2026-05-20,PL-WAW-02,C014413,VM-APP-0008,2,162.87,0.0,PLN
SO-2026-006907,1,2026-05-20,2026-05-20,PL-KRK-01,,VM-NUT-0011,4,54.96,0.0,PLN
SO-2026-006908,1,2026-05-20,2026-05-20,PL-WRO-01,C010980,VM-BIK-0012,1,12022.57,0.05,PLN
SO-2026-006909,1,2026-05-20,2026-05-20,PL-WRO-01,C021802,VM-CMP-0006,2,203.59,0.05,PLN
SO-2026-006909,2,2026-05-20,2026-05-20,PL-WRO-01,C021802,VM-ACC-0001,2,386.83,0.05,PLN
SO-2026-006910,1,2026-05-20,2026-05-20,PL-GDN-01,C018970,VM-ACC-0012,1,73.29,0.0,PLN
SO-2026-006910,2,2026-05-20,2026-05-20,PL-GDN-01,C018970,VM-ACC-0008,1,407.19,0.0,PLN
SO-2026-006910,3,2026-05-20,2026-05-20,PL-GDN-01,C018970,VM-BIK-0007,1,7176.89,0.0,PLN
SO-2026-006910,4,2026-05-20,2026-05-20,PL-GDN-01,C018970,VM-ACC-0017,3,59.03,0.0,PLN
SO-2026-006911,1,2026-05-20,2026-05-20,PL-GDN-01,,VM-NUT-0008,9,10.17,0.0,PLN
SO-2026-006911,2,2026-05-20,2026-05-20,PL-GDN-01,,VM-NUT-0003,6,11.19,0.0,PLN
SO-2026-006911,3,2026-05-20,2026-05-20,PL-GDN-01,,VM-BIK-0007,1,7176.89,0.0,PLN
SO-2026-006911,4,2026-05-20,2026-05-20,PL-GDN-01,,VM-ACC-0013,1,173.05,0.0,PLN
SO-2026-006912,1,2026-05-20,2026-05-20,PL-POZ-01,C021803,VM-EBK-0008,1,15371.79,0.0,PLN
SO-2026-006912,2,2026-05-20,2026-05-20,PL-POZ-01,C021803,VM-ACC-0008,1,407.19,0.0,PLN
SO-2026-006912,3,2026-05-20,2026-05-20,PL-POZ-01,C021803,vm-acc-0007,1,366.47,0.0,PLN
SO-2026-006913,1,2026-05-20,2026-05-20,PL-POZ-01,C021804,VM-APP-0006,3,315.57,0.05,PLN
SO-2026-006914,1,2026-05-20,2026-05-20,PL-LDZ-01,C007776,VM-BIK-0017,1,1944.37,0.05,PLN
SO-2026-006914,2,2026-05-20,2026-05-20,PL-LDZ-01,C007776,VM-ACC-0008,1,407.19,0.05,PLN
SO-2026-006915,1,2026-05-20,2026-05-24,PL-WEB-01,C017155,VM-APP-0009,1,356.29,0.0,PLN
SO-2026-006915,2,2026-05-20,2026-05-24,PL-WEB-01,C017155,VM-ACC-0001,1,386.83,0.1,PLN
SO-2026-006916,1,2026-05-20,2026-05-21,PL-WEB-01,C021805,VM-BIK-0013,1,4886.39,0.0,PLN
SO-2026-006916,2,2026-05-20,2026-05-21,PL-WEB-01,C021805,VM-ACC-0014,1,111.97,0.0,PLN
SO-2026-006917,1,2026-05-20,2026-05-22,PL-WEB-01,C012983,VM-BIK-0019,1,1231.77,0.0,PLN
SO-2026-006918,1,2026-05-20,2026-05-24,PL-WEB-01,C020496,VM-EBK-0008,4,15371.79,0.1,PLN
SO-2026-006919,1,2026-05-20,2026-05-24,PL-WEB-01,C021806,VM-APP-0007,2,162.87,0.0,PLN
SO-2026-006919,2,2026-05-20,2026-05-24,PL-WEB-01,C021806,VM-EBK-0006,1,20502.51,0.0,PLN
SO-2026-006919,3,2026-05-20,2026-05-24,PL-WEB-01,C021806,VM-NUT-0002,7,15.26,0.0,PLN
SO-2026-006920,1,2026-05-20,2026-05-21,PL-WEB-01,C021807,VM-NUT-0004,15,7.12,0.0,PLN
SO-2026-006921,1,2026-05-20,2026-05-22,PL-WEB-01,C021748,VM-APP-0007,2,162.87,0.0,PLN
SO-2026-006922,1,2026-05-20,2026-05-21,PL-WEB-01,C021808,VM-APP-0008,1,162.87,0.0,PLN
SO-2026-006923,1,2026-05-20,2026-05-24,PL-WEB-01,C000476,VM-EBK-0008,1,15371.79,0.0,PLN
SO-2026-006924,1,2026-05-20,2026-05-22,PL-WEB-01,C012251,VM-APP-0012,1,885.65,0.05,PLN
SO-2026-006924,2,2026-05-20,2026-05-22,PL-WEB-01,C012251,VM-NUT-0006,7,10.17,0.0,PLN
SO-2026-006925,1,2026-05-20,2026-05-21,PL-WEB-01,C012945,VM-APP-0002,3,447.91,0.05,PLN
SO-2026-006926,1,2026-05-20,2026-05-23,PL-WEB-01,C012352,VM-CMP-0002,1,570.07,0.0,PLN
SO-2026-006927,1,2026-05-20,2026-05-21,PL-WEB-01,C021809,VM-EBK-0003,1,9253.61,0.0,PLN
SO-2026-006928,1,2026-05-20,2026-05-22,PL-WEB-01,C014515,VM-APP-0003,5,315.57,0.08,PLN
SO-2026-006929,1,2026-05-20,2026-05-21,PL-WEB-01,C020243,VM-ACC-0008,1,407.19,0.0,PLN
SO-2026-006929,2,2026-05-20,2026-05-21,PL-WEB-01,C020243,VM-NUT-0004,11,7.12,0.0,PLN
SO-2026-006930,1,2026-05-20,2026-05-23,PL-WEB-01,C017354,VM-BIK-0006,1,6708.61,0.0,PLN
SO-2026-006931,1,2026-05-20,2026-05-22,PL-WEB-01,C021810,VM-ACC-0008,1,407.19,0.0,PLN
SO-2026-006931,2,2026-05-20,2026-05-22,PL-WEB-01,C021810,VM-BIK-0014,1,3898.93,0.0,PLN
SO-2026-006932,1,2026-05-20,2026-05-23,PL-WEB-01,C015346,VM-APP-0020,1,183.23,0.0,PLN
SO-2026-006933,1,2026-05-20,2026-05-24,PL-WEB-01,C014947,VM-CMP-0016,2,2504.27,0.0,PLN
SO-2026-006934,1,2026-05-20,2026-05-23,PL-WEB-01,C018156,VM-BIK-0009,1,5741.51,0.0,PLN
SO-2026-006935,1,2026-05-20,2026-05-24,PL-MKT-01,C018935,VM-NUT-0002,5,15.26,0.05,PLN
SO-2026-006936,1,2026-05-20,2026-05-22,PL-MKT-01,C014452,VM-BIK-0010,1,6433.75,0.0,PLN
SO-2026-006936,2,2026-05-20,2026-05-22,PL-MKT-01,C014452,VM-ACC-0007,1,366.47,0.0,PLN
SO-2026-006936,3,2026-05-20,2026-05-22,PL-MKT-01,C014452,VM-EBK-0004,1,11279.43,0.0,PLN
SO-2026-006937,1,2026-05-20,2026-05-21,PL-MKT-01,C021811, VM-ACC-0008 ,1,407.19,0.0,PLN
SO-2026-006937,2,2026-05-20,2026-05-21,PL-MKT-01,C021811,VM-ACC-0010,1,254.49,0.0,PLN
SO-2026-006938,1,2026-05-20,2026-05-22,PL-MKT-01,C021812,VM-BIK-0007,1,7176.89,0.0,PLN
SO-2026-006939,1,2026-05-20,2026-05-21,PL-MKT-01,C014378,VM-CMP-0020,1,264.67,0.0,PLN
SO-2026-006940,1,2026-05-20,2026-05-24,PL-MKT-01,C019031,VM-BIK-0007,1,7176.89,0.0,PLN
SO-2026-006941,1,2026-05-20,2026-05-22,PL-MKT-01,C019553,VM-EBK-0011,3,14903.51,0.08,PLN
SO-2026-006942,1,2026-05-20,2026-05-22,PL-MKT-01,C021813,VM-CMP-0017,1,508.99,0.0,PLN
SO-2026-006943,1,2026-05-20,2026-05-20,CZ-PRG-01,,VM-APP-0006,1,1819.0,0.0,CZK
SO-2026-006943,2,2026-05-20,2026-05-20,CZ-PRG-01,,VM-ACC-0005,2,1056.0,0.0,CZK
SO-2026-006943,3,2026-05-20,2026-05-20,CZ-PRG-01,,VM-ACC-0002,2,3579.0,0.0,CZK
SO-2026-006944,1,2026-05-20,2026-05-20,CZ-PRG-01,,VM-CMP-0013,1,3110.0,0.0,CZK
SO-2026-006945,1,2026-05-20,2026-05-20,CZ-PRG-01,,VM-APP-0006,3,1819.0,0.0,CZK
SO-2026-006945,2,2026-05-20,2026-05-20,CZ-PRG-01,,VM-EBK-0011,1,85899.0,0.0,CZK
SO-2026-006945,3,2026-05-20,2026-05-20,CZ-PRG-01,,VM-BIK-0007,1,41365.0,0.0,CZK
SO-2026-006945,4,2026-05-20,2026-05-20,CZ-PRG-01,,VM-NUT-0002,12,88.0,0.0,CZK
SO-2026-006946,1,2026-05-20,2026-05-20,CZ-PRG-01,C008641,VM-EBK-0004,1,65011.0,0.05,CZK
SO-2026-006946,2,2026-05-20,2026-05-20,CZ-PRG-01,C008641,VM-ACC-0021,1,4577.0,0.05,CZK
SO-2026-006947,1,2026-05-20,2026-05-20,CZ-PRG-01,,VM-NUT-0003,7,64.0,0.0,CZK
SO-2026-006947,2,2026-05-20,2026-05-20,CZ-PRG-01,,VM-BIK-0004,1,25054.0,0.0,CZK
SO-2026-006947,3,2026-05-20,2026-05-20,CZ-PRG-01,,VM-EBK-0005,1,102387.0,0.0,CZK
SO-2026-006948,1,2026-05-20,2026-05-20,CZ-PRG-01,C017443,VM-BIK-0011,1,50753.0,0.0,CZK
SO-2026-006948,2,2026-05-20,2026-05-20,CZ-PRG-01,C017443,VM-APP-0019,2,387.0,0.0,CZK
SO-2026-006949,1,2026-05-20,2026-05-20,CZ-PRG-01,C020546,VM-ACC-0004,2,4577.0,0.0,CZK
SO-2026-006950,1,2026-05-20,2026-05-20,CZ-PRG-01,C021221,VM-ACC-0001,2,2230.0,0.05,CZK
SO-2026-006950,2,2026-05-20,2026-05-20,CZ-PRG-01,C021221,VM-BIK-0001,1,80325.0,0.05,CZK
SO-2026-006950,3,2026-05-20,2026-05-20,CZ-PRG-01,C021221,VM-BIK-0012,1,69294.0,0.05,CZK
SO-2026-006951,1,2026-05-20,2026-05-20,CZ-PRG-01,,VM-NUT-0008,11,59.0,0.0,CZK
SO-2026-006951,2,2026-05-20,2026-05-20,CZ-PRG-01,,VM-ACC-0014,1,645.0,0.0,CZK
SO-2026-006951,3,2026-05-20,2026-05-20,CZ-PRG-01,,VM-CMP-0017,2,2934.0,0.0,CZK
SO-2026-006952,1,2026-05-20,2026-05-20,CZ-BRN-01,C017875,VM-ACC-0018,3,293.0,0.0,CZK
SO-2026-006952,2,2026-05-20,2026-05-20,CZ-BRN-01,C017875,VM-APP-0003,3,1819.0,0.1,CZK
SO-2026-006953,1,2026-05-20,2026-05-20,CZ-BRN-01,C019601,VM-BIK-0011,2,50753.0,0.1,CZK
SO-2026-006953,2,2026-05-20,2026-05-20,CZ-BRN-01,C019601,VM-ACC-0008,3,2347.0,0.08,CZK
SO-2026-006954,1,2026-05-20,2026-05-20,CZ-BRN-01,C021814,VM-APP-0002,2,2582.0,0.0,CZK
SO-2026-006955,1,2026-05-20,2026-05-24,CZ-WEB-01,C014172,VM-APP-0002,2,2582.0,0.05,CZK
SO-2026-006956,1,2026-05-20,2026-05-21,CZ-WEB-01,C020034,VM-BIK-0001,1,80325.0,0.0,CZK
SO-2026-006956,2,2026-05-20,2026-05-21,CZ-WEB-01,C020034,VM-ACC-0018,2,293.0,0.0,CZK
SO-2026-006956,3,2026-05-20,2026-05-21,CZ-WEB-01,C020034,VM-APP-0011,2,2406.0,0.0,CZK
SO-2026-006957,1,2026-05-20,2026-05-24,CZ-WEB-01,C021815,VM-CMP-0001,2,2347.0,0.0,CZK
SO-2026-006958,1,2026-05-20,2026-05-20,DE-BER-01,,VM-EBK-0010,1,3226.69,0.0,EUR
SO-2026-006959,1,2026-05-20,2026-05-20,DE-BER-01,C021816,VM-EBK-0005,1,4173.89,0.0,EUR
SO-2026-006960,1,2026-05-20,2026-05-20,DE-BER-01,C021817,VM-ACC-0008,2,95.67,0.0,EUR
SO-2026-006961,1,2026-05-20,2026-05-21,DE-WEB-01,C013601,VM-CMP-0014,2,102.85,0.0,EUR
SO-2026-006962,1,2026-05-20,2026-05-23,DE-WEB-01,C007034,VM-APP-0011,2,98.07,0.05,EUR
SO-2026-006963,1,2026-05-20,2026-05-22,DE-WEB-01,C020684,VM-APP-0006,2,74.15,0.0,EUR
SO-2026-006964,1,2026-05-20,2026-05-24,DE-WEB-01,C021818,VM-EBK-0009,1,2370.39,0.0,EUR
SO-2026-006964,2,2026-05-20,2026-05-24,DE-WEB-01,C021818,VM-ACC-0003,2,69.36,0.0,EUR
SO-2026-006964,3,2026-05-20,2026-05-24,DE-WEB-01,C021818,VM-ACC-0008,1,95.67,0.0,EUR
SO-2026-006965,1,2026-05-20,2026-05-22,DE-WEB-01,C020684,VM-BIK-0016,1,858.7,0.0,EUR
SO-2026-006965,2,2026-05-20,2026-05-22,DE-WEB-01,C020684,VM-CMP-0008,1,105.24,0.0,EUR
SO-2026-006965,3,2026-05-20,2026-05-22,DE-WEB-01,C020684,VM-ACC-0008,1,95.67,0.0,EUR
SO-2026-006966,1,2026-05-21,2026-05-21,PL-WAW-01,C021819,VM-BIK-0011,1,8805.69,0.0,PLN
SO-2026-006967,1,2026-05-21,2026-05-21,PL-WAW-01,C020868,VM-BIK-0009,1,5741.51,0.05,PLN
SO-2026-006968,1,2026-05-21,2026-05-21,PL-WAW-01,,VM-BIK-0013,1,4886.39,0.0,PLN
SO-2026-006968,2,2026-05-21,2026-05-21,PL-WAW-01,, VM-APP-0010 ,2,173.05,0.0,PLN
SO-2026-006969,1,2026-05-21,2026-05-21,PL-WAW-01,C016074,VM-BIK-0001,1,13936.41,0.0,PLN
SO-2026-006969,2,2026-05-21,2026-05-21,PL-WAW-01,C016074,VM-ACC-0008,1,407.19,0.0,PLN
SO-2026-006970,1,2026-05-21,2026-05-21,PL-WAW-01,,VM-NUT-0004,4,7.12,0.0,PLN
SO-2026-006970,2,2026-05-21,2026-05-21,PL-WAW-01,,VM-EBK-0008,1,15371.79,0.0,PLN
SO-2026-006971,1,2026-05-21,2026-05-21,PL-WAW-02,C006309,VM-NUT-0011,2,54.96,0.0,PLN
SO-2026-006971,2,2026-05-21,2026-05-21,PL-WAW-02,C006309,VM-BIK-0007,1,7176.89,0.0,PLN
SO-2026-006972,1,2026-05-21,2026-05-21,PL-WAW-02,C021732,VM-BIK-0009,1,5741.51,0.0,PLN
SO-2026-006972,2,2026-05-21,2026-05-21,PL-WAW-02,C021732,VM-APP-0014,1,498.81,0.1,PLN
SO-2026-006973,1,2026-05-21,2026-05-21,PL-WAW-02,C017807,VM-EBK-0004,1,11279.43,0.0,PLN
SO-2026-006974,1,2026-05-21,2026-05-21,PL-WAW-02,,vm-bik-0011,1,8805.69,0.0,PLN
SO-2026-006974,2,2026-05-21,2026-05-21,PL-WAW-02,,VM-ACC-0010,2,254.49,0.0,PLN
SO-2026-006975,1,2026-05-21,2026-05-21,PL-WAW-02,,VM-APP-0020,1,183.23,0.0,PLN
SO-2026-006975,2,2026-05-21,2026-05-21,PL-WAW-02,,VM-BIK-0007,1,7176.89,0.0,PLN
SO-2026-006975,3,2026-05-21,2026-05-21,PL-WAW-02,,VM-APP-0015,1,580.25,0.0,PLN
SO-2026-006975,4,2026-05-21,2026-05-21,PL-WAW-02,,VM-EBK-0004,1,11279.43,0.0,PLN
SO-2026-006976,1,2026-05-21,2026-05-21,PL-KRK-01,C021604,VM-APP-0020,2,183.23,0.0,PLN
SO-2026-006976,2,2026-05-21,2026-05-21,PL-KRK-01,C021604,VM-ACC-0021,1,794.03,0.0,PLN
SO-2026-006976,3,2026-05-21,2026-05-21,PL-KRK-01,C021604,VM-APP-0018,1,132.33,0.0,PLN
SO-2026-006977,1,2026-05-21,2026-05-21,PL-KRK-01,C016845,VM-CMP-0013,2,539.53,0.08,PLN
SO-2026-006977,2,2026-05-21,2026-05-21,PL-KRK-01,C016845,VM-ACC-0009,6,407.19,0.1,PLN
SO-2026-006978,1,2026-05-21,2026-05-21,PL-KRK-01,C021636,VM-BIK-0016,1,3654.61,0.05,PLN
SO-2026-006979,1,2026-05-21,2026-05-21,PL-KRK-01,,VM-BIK-0012,1,12022.57,0.0,PLN
SO-2026-006980,1,2026-05-21,2026-05-21,PL-KRK-01,,VM-ACC-0023,1,946.73,0.0,PLN
SO-2026-006980,2,2026-05-21,2026-05-21,PL-KRK-01,,VM-BIK-0013,1,4886.39,0.0,PLN
SO-2026-006981,1,2026-05-21,2026-05-21,PL-KRK-01,C018843,VM-NUT-0004,14,7.12,0.0,PLN
SO-2026-006981,2,2026-05-21,2026-05-21,PL-KRK-01,C018843, VM-APP-0014 ,1,498.81,0.1,PLN
SO-2026-006982,1,2026-05-21,2026-05-21,PL-WRO-01,C009558,VM-BIK-0009,1,5741.51,0.0,PLN
SO-2026-006982,2,2026-05-21,2026-05-21,PL-WRO-01,C009558,VM-ACC-0018,1,50.89,0.0,PLN
SO-2026-006983,1,2026-05-21,2026-05-21,PL-WRO-01,C019101,VM-NUT-0007,11,13.22,0.0,PLN
SO-2026-006984,1,2026-05-21,2026-05-21,PL-WRO-01,C021620,vm-acc-0020,1,824.57,0.0,PLN
SO-2026-006984,2,2026-05-21,2026-05-21,PL-WRO-01,C021620,VM-NUT-0001,3,9.15,0.0,PLN
SO-2026-006984,3,2026-05-21,2026-05-21,PL-WRO-01,C021620,VM-EBK-0007,1,14964.59,0.0,PLN
SO-2026-006985,1,2026-05-21,2026-05-21,PL-WRO-01,C009697, VM-ACC-0004 ,1,794.03,0.0,PLN
SO-2026-006986,1,2026-05-21,2026-05-21,PL-WRO-01,C007515,VM-APP-0010,1,173.05,0.0,PLN
SO-2026-006987,1,2026-05-21,2026-05-21,PL-GDN-01,C021033,VM-CMP-0013,1,539.53,0.0,PLN
SO-2026-006987,2,2026-05-21,2026-05-21,PL-GDN-01,C021033,VM-APP-0009,1,356.29,0.05,PLN
SO-2026-006988,1,2026-05-21,2026-05-21,PL-GDN-01,C020496,VM-NUT-0011,12,54.96,0.1,PLN
SO-2026-006988,2,2026-05-21,2026-05-21,PL-GDN-01,C020496,VM-EBK-0004,3,11279.43,0.12,PLN
SO-2026-006989,1,2026-05-21,2026-05-21,PL-GDN-01,C021820,VM-NUT-0007,6,13.22,0.0,PLN
SO-2026-006989,2,2026-05-21,2026-05-21,PL-GDN-01,C021820,VM-EBK-0003,1,9253.61,0.0,PLN
SO-2026-006989,3,2026-05-21,2026-05-21,PL-GDN-01,C021820,VM-CMP-0020,4,264.67,0.0,PLN
SO-2026-006989,4,2026-05-21,2026-05-21,PL-GDN-01,C021820,VM-ACC-0014,1,111.97,0.05,PLN
SO-2026-006990,1,2026-05-21,2026-05-21,PL-GDN-01,C019906,VM-EBK-0011,1,14903.51,0.0,PLN
SO-2026-006990,2,2026-05-21,2026-05-21,PL-GDN-01,C019906,VM-APP-0007,2,162.87,0.1,PLN
SO-2026-006990,3,2026-05-21,2026-05-21,PL-GDN-01,C019906,VM-ACC-0013,1,173.05,0.0,PLN
SO-2026-006990,4,2026-05-21,2026-05-21,PL-GDN-01,C019906,VM-BIK-0010,1,6433.75,0.0,PLN
SO-2026-006991,1,2026-05-21,2026-05-21,PL-POZ-01,,VM-BIK-0012,1,12022.57,0.0,PLN
SO-2026-006992,1,2026-05-21,2026-05-21,PL-POZ-01,C018611,VM-CMP-0008,2,447.91,0.0,PLN
SO-2026-006993,1,2026-05-21,2026-05-21,PL-POZ-01,C018739,VM-ACC-0018,10,50.89,0.1,PLN
SO-2026-006994,1,2026-05-21,2026-05-21,PL-POZ-01,C014973,VM-BIK-0004,1,4346.85,0.0,PLN
SO-2026-006994,2,2026-05-21,2026-05-21,PL-POZ-01,C014973,VM-NUT-0009,1,86.52,0.05,PLN
SO-2026-006995,1,2026-05-21,2026-05-21,PL-POZ-01,,VM-ACC-0006,1,967.09,0.0,PLN
SO-2026-006996,1,2026-05-21,2026-05-21,PL-LDZ-01,C011477,VM-EBK-0004,1,11279.43,0.0,PLN
SO-2026-006996,2,2026-05-21,2026-05-21,PL-LDZ-01,C011477,VM-ACC-0015,1,356.29,0.0,PLN
SO-2026-006996,3,2026-05-21,2026-05-21,PL-LDZ-01,C011477,VM-ACC-0012,1,73.29,0.0,PLN
SO-2026-006996,4,2026-05-21,2026-05-21,PL-LDZ-01,C011477,VM-BIK-0007,1,7176.89,0.0,PLN
SO-2026-006997,1,2026-05-21,2026-05-21,PL-LDZ-01,,VM-ACC-0017,3,59.03,0.0,PLN
SO-2026-006997,2,2026-05-21,2026-05-21,PL-LDZ-01,,VM-APP-0014,1,498.81,0.0,PLN
SO-2026-006998,1,2026-05-21,2026-05-24,PL-WEB-01,C001634,VM-ACC-0022,1,1598.25,0.0,PLN
SO-2026-006999,1,2026-05-21,2026-05-24,PL-WEB-01,C021821,VM-EBK-0008,1,15371.79,0.0,PLN
SO-2026-006999,2,2026-05-21,2026-05-24,PL-WEB-01,C021821,VM-ACC-0014,1,111.97,0.0,PLN
SO-2026-007000,1,2026-05-21,2026-05-24,PL-WEB-01,C021822,VM-BIK-0013,1,4886.39,0.0,PLN
SO-2026-007000,2,2026-05-21,2026-05-24,PL-WEB-01,C021822,VM-NUT-0001,9,9.15,0.0,PLN
SO-2026-007001,1,2026-05-21,2026-05-25,PL-WEB-01,C019721,VM-ACC-0008,5,407.19,0.12,PLN
SO-2026-007001,2,2026-05-21,2026-05-25,PL-WEB-01,C019721,VM-APP-0010,4,173.05,0.12,PLN
SO-2026-007002,1,2026-05-21,2026-05-24,PL-WEB-01,C019070,VM-NUT-0004,4,7.12,0.0,PLN
SO-2026-007002,2,2026-05-21,2026-05-24,PL-WEB-01,C019070,VM-ACC-0004,1,794.03,0.0,PLN
SO-2026-007003,1,2026-05-21,2026-05-24,PL-WEB-01,C012357,VM-EBK-0004,1,11279.43,0.0,PLN
SO-2026-007004,1,2026-05-21,2026-05-24,PL-WEB-01,C021823,VM-NUT-0003,15,11.19,0.0,PLN
SO-2026-007004,2,2026-05-21,2026-05-24,PL-WEB-01,C021823,VM-BIK-0019,1,1231.77,0.0,PLN
SO-2026-007005,1,2026-05-21,2026-05-24,PL-WEB-01,C021824,VM-NUT-0006,3,10.17,0.0,PLN
SO-2026-007006,1,2026-05-21,2026-05-23,PL-WEB-01,C014838,VM-APP-0002,2,447.91,0.0,PLN
SO-2026-007006,2,2026-05-21,2026-05-23,PL-WEB-01,C014838,VM-CMP-0005,2,1506.63,0.0,PLN
SO-2026-007006,3,2026-05-21,2026-05-23,PL-WEB-01,C014838,VM-CMP-0023,2,60.05,0.05,PLN
SO-2026-007006,4,2026-05-21,2026-05-23,PL-WEB-01,C014838,VM-ACC-0014,1,111.97,0.05,PLN
SO-2026-007007,1,2026-05-21,2026-05-22,PL-WEB-01,C021825,VM-BIK-0012,1,12022.57,0.0,PLN
SO-2026-007007,2,2026-05-21,2026-05-22,PL-WEB-01,C021825,VM-EBK-0009,1,10088.37,0.0,PLN
SO-2026-007008,1,2026-05-21,2026-05-23,PL-WEB-01,C021826,VM-BIK-0007,1,7176.89,0.0,PLN
SO-2026-007009,1,2026-05-21,2026-05-25,PL-MKT-01,C021827,VM-BIK-0009,1,5741.51,0.0,PLN
SO-2026-007009,2,2026-05-21,2026-05-25,PL-MKT-01,C021827,VM-ACC-0009,2,407.19,0.0,PLN
SO-2026-007009,3,2026-05-21,2026-05-25,PL-MKT-01,C021827,VM-EBK-0011,1,14903.51,0.0,PLN
SO-2026-007009,4,2026-05-21,2026-05-25,PL-MKT-01,C021827,VM-APP-0013,1,447.91,0.0,PLN
SO-2026-007010,1,2026-05-21,2026-05-25,PL-MKT-01,C021828,VM-APP-0010,2,173.05,0.0,PLN
SO-2026-007011,1,2026-05-21,2026-05-23,PL-MKT-01,C021829,VM-CMP-0012,2,549.71,0.0,PLN
SO-2026-007011,2,2026-05-21,2026-05-23,PL-MKT-01,C021829,VM-NUT-0011,4,54.96,0.0,PLN
SO-2026-007012,1,2026-05-21,2026-05-24,PL-MKT-01,C010830,VM-BIK-0012,1,12022.57,0.0,PLN
SO-2026-007012,2,2026-05-21,2026-05-24,PL-MKT-01,C010830,VM-ACC-0007,1,366.47,0.0,PLN
SO-2026-007012,3,2026-05-21,2026-05-24,PL-MKT-01,C010830,VM-ACC-0019,2,50.89,0.0,PLN
SO-2026-007013,1,2026-05-21,2026-05-24,PL-MKT-01,C017163,VM-BIK-0004,1,4346.85,0.05,PLN
SO-2026-007013,2,2026-05-21,2026-05-24,PL-MKT-01,C017163,VM-ACC-0008,1,407.19,0.05,PLN
SO-2026-007014,1,2026-05-21,2026-05-25,PL-MKT-01,C005718,VM-BIK-0012,1,12022.57,0.0,PLN
SO-2026-007014,2,2026-05-21,2026-05-25,PL-MKT-01,C005718,VM-ACC-0007,1,366.47,0.0,PLN
SO-2026-007014,3,2026-05-21,2026-05-25,PL-MKT-01,C005718,VM-ACC-0004,1,794.03,0.0,PLN
SO-2026-007015,1,2026-05-21,2026-05-22,PL-MKT-01,C021830,VM-BIK-0010,1,6433.75,0.0,PLN
SO-2026-007016,1,2026-05-21,2026-05-23,PL-MKT-01,C021831,VM-BIK-0007,1,7176.89,0.0,PLN
SO-2026-007017,1,2026-05-21,2026-05-25,PL-MKT-01,C021832,VM-BIK-0012,1,12022.57,0.0,PLN
SO-2026-007018,1,2026-05-21,2026-05-21,CZ-PRG-01,,VM-NUT-0003,15,64.0,0.0,CZK
SO-2026-007018,2,2026-05-21,2026-05-21,CZ-PRG-01,,VM-APP-0018,2,763.0,0.0,CZK
SO-2026-007018,3,2026-05-21,2026-05-21,CZ-PRG-01,,VM-CMP-0009,2,2054.0,0.0,CZK
SO-2026-007018,4,2026-05-21,2026-05-21,CZ-PRG-01,,VM-NUT-0002,14,88.0,0.0,CZK
SO-2026-007019,1,2026-05-21,2026-05-21,CZ-PRG-01,C016699,VM-BIK-0012,1,69294.0,0.05,CZK
SO-2026-007019,2,2026-05-21,2026-05-21,CZ-PRG-01,C016699,VM-BIK-0010,1,37082.0,0.05,CZK
SO-2026-007020,1,2026-05-21,2026-05-24,CZ-WEB-01,C019377,VM-BIK-0004,1,25054.0,0.0,CZK
SO-2026-007020,2,2026-05-21,2026-05-24,CZ-WEB-01,C019377,VM-ACC-0007,2,2112.0,0.0,CZK
SO-2026-007021,1,2026-05-21,2026-05-23,CZ-WEB-01,C021833,VM-BIK-0019,1,7100.0,0.05,CZK
SO-2026-007022,1,2026-05-21,2026-05-23,CZ-WEB-01,C013986,VM-NUT-0011,4,317.0,0.0,CZK
SO-2026-007023,1,2026-05-21,2026-05-25,CZ-WEB-01,C020547,VM-NUT-0004,5,41.0,0.0,CZK
SO-2026-007024,1,2026-05-21,2026-05-21,DE-BER-01,C020255,VM-APP-0002,3,105.24,0.0,EUR
SO-2026-007025,1,2026-05-21,2026-05-21,DE-BER-01,C000675,VM-NUT-0004,3,1.67,0.05,EUR
SO-2026-007025,2,2026-05-21,2026-05-21,DE-BER-01,C000675,VM-BIK-0014,1,916.1,0.05,EUR
SO-2026-007026,1,2026-05-21,2026-05-21,DE-BER-01,C021834,VM-ACC-0014,1,26.31,0.0,EUR
SO-2026-007027,1,2026-05-21,2026-05-21,DE-BER-01,C019306,VM-APP-0010,1,40.66,0.0,EUR
SO-2026-007028,1,2026-05-21,2026-05-21,DE-BER-01,C021835,VM-BIK-0009,1,1349.04,0.0,EUR
SO-2026-007029,1,2026-05-21,2026-05-21,DE-BER-01,C021836,VM-ACC-0015,1,83.71,0.0,EUR
SO-2026-007029,2,2026-05-21,2026-05-21,DE-BER-01,C021836,VM-APP-0012,1,208.09,0.05,EUR
SO-2026-007029,3,2026-05-21,2026-05-21,DE-BER-01,C021836,VM-ACC-0019,2,11.96,0.0,EUR
SO-2026-007030,1,2026-05-21,2026-05-22,DE-WEB-01,C015669,VM-CMP-0001,2,95.67,0.0,EUR
SO-2026-007030,2,2026-05-21,2026-05-22,DE-WEB-01,C015669,VM-BIK-0012,1,2824.85,0.0,EUR
SO-2026-007031,1,2026-05-21,2026-05-24,DE-WEB-01,C019549,VM-ACC-0007,1,86.11,0.0,EUR
SO-2026-007032,1,2026-05-21,2026-05-24,DE-WEB-01,C021837,VM-BIK-0005,1,1772.41,0.0,EUR
SO-2026-007032,2,2026-05-21,2026-05-24,DE-WEB-01,C021837,VM-ACC-0015,1,83.71,0.0,EUR
SO-2026-007033,1,2026-05-21,2026-05-22,DE-WEB-01,C015833,VM-NUT-0006,10,2.39,0.0,EUR
SO-2026-007033,2,2026-05-21,2026-05-22,DE-WEB-01,C015833,VM-CMP-0014,1,102.85,0.0,EUR
SO-2026-007034,1,2026-05-21,2026-05-22,DE-WEB-01,C021838,VM-ACC-0005,2,43.05,0.0,EUR
SO-2026-007035,1,2026-05-21,2026-05-25,DE-WEB-01,C020350,VM-EBK-0006,1,4817.32,0.0,EUR
SO-2026-007036,1,2026-05-21,2026-05-23,DE-WEB-01,C014325,VM-CMP-0001,2,95.67,0.0,EUR
SO-2026-007036,2,2026-05-21,2026-05-23,DE-WEB-01,C014325,VM-BIK-0009,1,1349.04,0.0,EUR
SO-2026-007037,1,2026-05-21,2026-05-22,DE-WEB-01,C021839,VM-ACC-0014,1,26.31,0.0,EUR
SO-2026-007038,1,2026-05-21,2026-05-25,DE-WEB-01,C018962,VM-ACC-0004,2,186.57,0.0,EUR
SO-2026-007038,2,2026-05-21,2026-05-25,DE-WEB-01,C018962,VM-APP-0013,1,105.24,0.0,EUR
SO-2026-007039,1,2026-05-22,2026-05-22,PL-WAW-01,,VM-APP-0006,3,315.57,0.0,PLN
SO-2026-007040,1,2026-05-22,2026-05-22,PL-WAW-01,C018741,VM-CMP-0009,1,356.29,0.0,PLN
SO-2026-007040,2,2026-05-22,2026-05-22,PL-WAW-01,C018741,VM-CMP-0012,2,549.71,0.0,PLN
SO-2026-007041,1,2026-05-22,2026-05-22,PL-WAW-01,,VM-ACC-0018,1,50.89,0.0,PLN
SO-2026-007041,2,2026-05-22,2026-05-22,PL-WAW-01,,VM-ACC-0014,1,111.97,0.0,PLN
SO-2026-007042,1,2026-05-22,2026-05-22,PL-WAW-01,C004672,VM-CMP-0021,4,48.85,0.05,PLN
SO-2026-007043,1,2026-05-22,2026-05-22,PL-WAW-01,,VM-CMP-0023,3,60.05,0.0,PLN
SO-2026-007044,1,2026-05-22,2026-05-22,PL-WAW-01,C021840,VM-CMP-0017,2,508.99,0.0,PLN
SO-2026-007044,2,2026-05-22,2026-05-22,PL-WAW-01,C021840,VM-BIK-0019,1,1231.77,0.0,PLN
SO-2026-007045,1,2026-05-22,2026-05-22,PL-WAW-01,C000476,VM-NUT-0002,15,15.26,0.0,PLN
SO-2026-007046,1,2026-05-22,2026-05-22,PL-WAW-02,, VM-APP-0007 ,1,162.87,0.0,PLN
SO-2026-007046,2,2026-05-22,2026-05-22,PL-WAW-02,,VM-APP-0002,1,447.91,0.0,PLN
SO-2026-007046,3,2026-05-22,2026-05-22,PL-WAW-02,,VM-NUT-0002,14,15.26,0.0,PLN
SO-2026-007047,1,2026-05-22,2026-05-22,PL-WAW-02,,VM-BIK-0009,1,5741.51,0.0,PLN
SO-2026-007047,2,2026-05-22,2026-05-22,PL-WAW-02,,VM-ACC-0017,1,59.03,0.0,PLN
SO-2026-007047,3,2026-05-22,2026-05-22,PL-WAW-02,,VM-CMP-0009,2,356.29,0.0,PLN
SO-2026-007048,1,2026-05-22,2026-05-22,PL-WAW-02,C019261,VM-APP-0002,1,447.91,0.0,PLN
SO-2026-007048,2,2026-05-22,2026-05-22,PL-WAW-02,C019261,VM-APP-0013,1,447.91,0.0,PLN
SO-2026-007049,1,2026-05-22,2026-05-22,PL-WAW-02,C021841,VM-NUT-0003,14,11.19,0.05,PLN
SO-2026-007050,1,2026-05-22,2026-05-22,PL-WAW-02,C021842,VM-CMP-0004,2,732.95,0.0,PLN
SO-2026-007051,1,2026-05-22,2026-05-22,PL-KRK-01,C012955,VM-ACC-0005,1,183.23,0.0,PLN
SO-2026-007052,1,2026-05-22,2026-05-22,PL-KRK-01,C021843,VM-APP-0006,12,315.57,0.12,PLN
SO-2026-007052,2,2026-05-22,2026-05-22,PL-KRK-01,C021843,VM-BIK-0003,2,6657.71,0.12,PLN
SO-2026-007052,3,2026-05-22,2026-05-22,PL-KRK-01,C021843,VM-CMP-0011,3,162.87,0.1,PLN
SO-2026-007053,1,2026-05-22,2026-05-22,PL-KRK-01,,VM-CMP-0023,1,60.05,0.0,PLN
SO-2026-007054,1,2026-05-22,2026-05-22,PL-WRO-01,C021844,VM-APP-0019,4,67.18,0.1,PLN
SO-2026-007055,1,2026-05-22,2026-05-22,PL-WRO-01,C021845,VM-ACC-0021,1,794.03,0.0,PLN
SO-2026-007055,2,2026-05-22,2026-05-22,PL-WRO-01,C021845,VM-BIK-0004,1,4346.85,0.0,PLN
SO-2026-007056,1,2026-05-22,2026-05-22,PL-WRO-01,,VM-ACC-0014,1,111.97,0.0,PLN
SO-2026-007056,2,2026-05-22,2026-05-22,PL-WRO-01,,VM-ACC-0018,1,50.89,0.0,PLN
SO-2026-007057,1,2026-05-22,2026-05-22,PL-WRO-01,C019626,VM-NUT-0002,4,15.26,0.0,PLN
SO-2026-007058,1,2026-05-22,2026-05-22,PL-WRO-01,,VM-CMP-0001,1,407.19,0.0,PLN
SO-2026-007059,1,2026-05-22,2026-05-22,PL-WRO-01,,VM-CMP-0013,2,539.53,0.0,PLN
SO-2026-007059,2,2026-05-22,2026-05-22,PL-WRO-01,,VM-ACC-0003,2,295.21,0.0,PLN
SO-2026-007060,1,2026-05-22,2026-05-22,PL-WRO-01,C021846,VM-CMP-0023,1,60.05,0.1,PLN
SO-2026-007060,2,2026-05-22,2026-05-22,PL-WRO-01,C021846,VM-ACC-0007,1,366.47,0.0,PLN
SO-2026-007060,3,2026-05-22,2026-05-22,PL-WRO-01,C021846,VM-BIK-0004,1,4346.85,0.0,PLN
SO-2026-007060,4,2026-05-22,2026-05-22,PL-WRO-01,C021846,VM-BIK-0007,1,7176.89,0.0,PLN
SO-2026-007061,1,2026-05-22,2026-05-22,PL-GDN-01,,VM-BIK-0004,1,4346.85,0.0,PLN
SO-2026-007061,2,2026-05-22,2026-05-22,PL-GDN-01,,VM-ACC-0016,1,29.51,0.0,PLN
SO-2026-007062,1,2026-05-22,2026-05-22,PL-GDN-01,C019745,VM-ACC-0008,2,407.19,0.0,PLN
SO-2026-007062,2,2026-05-22,2026-05-22,PL-GDN-01,C019745,VM-ACC-0006,2,967.09,0.0,PLN
SO-2026-007063,1,2026-05-22,2026-05-22,PL-POZ-01,C009399,VM-CMP-0013,4,539.53,0.1,PLN
SO-2026-007063,2,2026-05-22,2026-05-22,PL-POZ-01,C009399,VM-ACC-0012,5,73.29,0.08,PLN
SO-2026-007064,1,2026-05-22,2026-05-22,PL-POZ-01,C021847,VM-CMP-0020,2,264.67,0.0,PLN
SO-2026-007065,1,2026-05-22,2026-05-22,PL-POZ-01,,VM-NUT-0008,7,10.17,0.0,PLN
SO-2026-007065,2,2026-05-22,2026-05-22,PL-POZ-01,,VM-CMP-0015,1,936.55,0.0,PLN
SO-2026-007066,1,2026-05-22,2026-05-22,PL-LDZ-01,C017554,VM-BIK-0007,1,7176.89,0.0,PLN
SO-2026-007067,1,2026-05-22,2026-05-22,PL-LDZ-01,,VM-ACC-0008,1,407.19,0.0,PLN
SO-2026-007068,1,2026-05-22,2026-05-22,PL-LDZ-01,C015381,VM-BIK-0003,1,6657.71,0.0,PLN
SO-2026-007068,2,2026-05-22,2026-05-22,PL-LDZ-01,C015381,VM-ACC-0008,2,407.19,0.0,PLN
SO-2026-007068,3,2026-05-22,2026-05-22,PL-LDZ-01,C015381,VM-CMP-0016,2,2504.27,0.0,PLN
SO-2026-007069,1,2026-05-22,2026-05-22,PL-LDZ-01,C019628,VM-BIK-0009,2,5741.51,0.1,PLN
SO-2026-007070,1,2026-05-22,2026-05-26,PL-WEB-01,C021848,VM-BIK-0012,1,12022.57,0.0,PLN
SO-2026-007071,1,2026-05-22,2026-05-26,PL-WEB-01,C014533,VM-BIK-0013,4,4886.39,0.12,PLN
SO-2026-007071,2,2026-05-22,2026-05-26,PL-WEB-01,C014533,VM-ACC-0020,3,824.57,0.1,PLN
SO-2026-007072,1,2026-05-22,2026-05-24,PL-WEB-01,C021849,VM-ACC-0014,1,111.97,0.0,PLN
SO-2026-007073,1,2026-05-22,2026-05-25,PL-WEB-01,C021850,VM-EBK-0008,1,15371.79,0.0,PLN
SO-2026-007074,1,2026-05-22,2026-05-26,PL-WEB-01,C013350,VM-NUT-0003,11,11.19,0.0,PLN
SO-2026-007074,2,2026-05-22,2026-05-26,PL-WEB-01,C013350,VM-ACC-0003,2,295.21,0.0,PLN
SO-2026-007075,1,2026-05-22,2026-05-23,PL-WEB-01,C019640,VM-CMP-0009,1,356.29,0.0,PLN
SO-2026-007076,1,2026-05-22,2026-05-25,PL-WEB-01,C018588,VM-BIK-0009,1,5741.51,0.0,PLN
SO-2026-007076,2,2026-05-22,2026-05-25,PL-WEB-01,C018588,VM-APP-0008,2,162.87,0.0,PLN
SO-2026-007076,3,2026-05-22,2026-05-25,PL-WEB-01,C018588,VM-ACC-0012,1,73.29,0.0,PLN
SO-2026-007076,4,2026-05-22,2026-05-25,PL-WEB-01,C018588,VM-ACC-0010,1,254.49,0.05,PLN
SO-2026-007077,1,2026-05-22,2026-05-23,PL-WEB-01,C021851,VM-BIK-0020,3,1231.77,0.12,PLN
SO-2026-007077,2,2026-05-22,2026-05-23,PL-WEB-01,C021851,VM-ACC-0018,8,50.89,0.12,PLN
SO-2026-007078,1,2026-05-22,2026-05-26,PL-WEB-01,C021852,VM-APP-0013,1,447.91,0.0,PLN
SO-2026-007078,2,2026-05-22,2026-05-26,PL-WEB-01,C021852,VM-NUT-0006,11,10.17,0.0,PLN
SO-2026-007079,1,2026-05-22,2026-05-23,PL-WEB-01,C014662,VM-CMP-0012,1,549.71,0.0,PLN
SO-2026-007080,1,2026-05-22,2026-05-23,PL-WEB-01,C013526,VM-EBK-0008,1,15371.79,0.05,PLN
SO-2026-007081,1,2026-05-22,2026-05-23,PL-WEB-01,C010409,VM-CMP-0022,4,36.64,0.0,PLN
SO-2026-007082,1,2026-05-22,2026-05-23,PL-WEB-01,C018206,VM-BIK-0012,1,12022.57,0.0,PLN
SO-2026-007083,1,2026-05-22,2026-05-25,PL-WEB-01,C014817,VM-ACC-0023,1,946.73,0.0,PLN
SO-2026-007083,2,2026-05-22,2026-05-25,PL-WEB-01,C014817,VM-EBK-0008,1,15371.79,0.0,PLN
SO-2026-007083,3,2026-05-22,2026-05-25,PL-WEB-01,C014817,VM-APP-0012,1,885.65,0.0,PLN
SO-2026-007083,4,2026-05-22,2026-05-25,PL-WEB-01,C014817,VM-CMP-0017,2,508.99,0.0,PLN
SO-2026-007084,1,2026-05-22,2026-05-25,PL-WEB-01,C012027,VM-EBK-0008,1,15371.79,0.05,PLN
SO-2026-007084,2,2026-05-22,2026-05-25,PL-WEB-01,C012027,VM-ACC-0007,1,366.47,0.05,PLN
SO-2026-007084,3,2026-05-22,2026-05-25,PL-WEB-01,C012027,VM-BIK-0006,1,6708.61,0.05,PLN
SO-2026-007085,1,2026-05-22,2026-05-26,PL-WEB-01,C004866,VM-BIK-0013,1,4886.39,0.05,PLN
SO-2026-007086,1,2026-05-22,2026-05-23,PL-WEB-01,C019062,VM-NUT-0011,3,54.96,0.05,PLN
SO-2026-007086,2,2026-05-22,2026-05-23,PL-WEB-01,C019062,VM-APP-0010,2,173.05,0.05,PLN
SO-2026-007086,3,2026-05-22,2026-05-23,PL-WEB-01,C019062,VM-BIK-0007,1,7176.89,0.05,PLN
SO-2026-007087,1,2026-05-22,2026-05-25,PL-WEB-01,C007314,VM-APP-0008,10,162.87,0.12,PLN
SO-2026-007087,2,2026-05-22,2026-05-25,PL-WEB-01,C007314,VM-CMP-0001,8,407.19,0.12,PLN
SO-2026-007088,1,2026-05-22,2026-05-26,PL-WEB-01,C010698,VM-NUT-0008,20,10.17,0.12,PLN
SO-2026-007088,2,2026-05-22,2026-05-26,PL-WEB-01,C010698,VM-CMP-0008,6,447.91,0.1,PLN
SO-2026-007089,1,2026-05-22,2026-05-26,PL-WEB-01,C006572,VM-NUT-0001,16,9.15,0.08,PLN
SO-2026-007089,2,2026-05-22,2026-05-26,PL-WEB-01,C006572,VM-CMP-0005,4,1506.63,0.08,PLN
SO-2026-007090,1,2026-05-22,2026-05-26,PL-WEB-01,C021724,VM-NUT-0007,12,13.22,0.0,PLN
SO-2026-007091,1,2026-05-22,2026-05-25,PL-WEB-01,C021853,VM-BIK-0007,1,7176.89,0.0,PLN
SO-2026-007091,2,2026-05-22,2026-05-25,PL-WEB-01,C021853,VM-ACC-0010,1,254.49,0.05,PLN
SO-2026-007092,1,2026-05-22,2026-05-24,PL-MKT-01,C021854,VM-CMP-0009,1,356.29,0.0,PLN
SO-2026-007092,2,2026-05-22,2026-05-24,PL-MKT-01,C021854,VM-NUT-0007,5,13.22,0.0,PLN
SO-2026-007093,1,2026-05-22,2026-05-23,PL-MKT-01,C018851,VM-BIK-0020,2,1231.77,0.1,PLN
SO-2026-007094,1,2026-05-22,2026-05-23,PL-MKT-01,C016263,VM-NUT-0007,12,13.22,0.0,PLN
SO-2026-007094,2,2026-05-22,2026-05-23,PL-MKT-01,C016263,VM-ACC-0014,1,111.97,0.0,PLN
SO-2026-007094,3,2026-05-22,2026-05-23,PL-MKT-01,C016263,VM-CMP-0008,1,447.91,0.0,PLN
SO-2026-007095,1,2026-05-22,2026-05-26,PL-MKT-01,C009420,VM-EBK-0011,1,14903.51,0.05,PLN
SO-2026-007095,2,2026-05-22,2026-05-26,PL-MKT-01,C009420,VM-CMP-0020,2,264.67,0.05,PLN
SO-2026-007096,1,2026-05-22,2026-05-23,PL-MKT-01,C008646,VM-EBK-0009,1,10088.37,0.05,PLN
SO-2026-007096,2,2026-05-22,2026-05-23,PL-MKT-01,C008646,VM-BIK-0013,1,4886.39,0.05,PLN
SO-2026-007097,1,2026-05-22,2026-05-23,PL-MKT-01,C010753,VM-BIK-0013,1,4886.39,0.05,PLN
SO-2026-007097,2,2026-05-22,2026-05-23,PL-MKT-01,C010753,VM-ACC-0006,1,967.09,0.05,PLN
SO-2026-007097,3,2026-05-22,2026-05-23,PL-MKT-01,C010753,VM-APP-0012,1,885.65,0.05,PLN
SO-2026-007098,1,2026-05-22,2026-05-26,PL-MKT-01,C009294,VM-ACC-0010,2,254.49,0.0,PLN
SO-2026-007098,2,2026-05-22,2026-05-26,PL-MKT-01,C009294,vm-acc-0008,2,407.19,0.0,PLN
SO-2026-007098,3,2026-05-22,2026-05-26,PL-MKT-01,C009294,VM-NUT-0003,15,11.19,0.0,PLN
SO-2026-007099,1,2026-05-22,2026-05-24,PL-MKT-01,C021855,VM-CMP-0017,2,508.99,0.0,PLN
SO-2026-007100,1,2026-05-22,2026-05-23,PL-MKT-01,C019444,VM-APP-0006,2,315.57,0.0,PLN
SO-2026-007100,2,2026-05-22,2026-05-23,PL-MKT-01,C019444,VM-BIK-0017,1,1944.37,0.0,PLN
SO-2026-007101,1,2026-05-22,2026-05-24,PL-MKT-01,C019397,VM-APP-0014,1,498.81,0.0,PLN
SO-2026-007102,1,2026-05-22,2026-05-25,PL-MKT-01,C019413,VM-NUT-0002,13,15.26,0.0,PLN
SO-2026-007103,1,2026-05-22,2026-05-24,PL-MKT-01,C016584,VM-BIK-0001,1,13936.41,0.0,PLN
SO-2026-007104,1,2026-05-22,2026-05-25,PL-MKT-01,C021856,VM-APP-0007,1,162.87,0.0,PLN
SO-2026-007105,1,2026-05-22,2026-05-24,PL-MKT-01,C021857,VM-BIK-0009,1,5741.51,0.05,PLN
SO-2026-007106,1,2026-05-22,2026-05-25,PL-MKT-01,C021858,VM-APP-0010,1,173.05,0.05,PLN
SO-2026-007107,1,2026-05-22,2026-05-22,CZ-PRG-01,C021160,VM-APP-0004,2,1408.0,0.0,CZK
SO-2026-007108,1,2026-05-22,2026-05-22,CZ-PRG-01,C017202,VM-BIK-0008,1,31156.0,0.0,CZK
SO-2026-007109,1,2026-05-22,2026-05-22,CZ-PRG-01,C013887,VM-BIK-0010,1,37082.0,0.0,CZK
SO-2026-007110,1,2026-05-22,2026-05-22,CZ-PRG-01,C020628,VM-BIK-0013,1,28164.0,0.0,CZK
SO-2026-007111,1,2026-05-22,2026-05-22,CZ-PRG-01,C021859,VM-CMP-0017,2,2934.0,0.0,CZK
SO-2026-007112,1,2026-05-22,2026-05-22,CZ-BRN-01,C021860,VM-EBK-0007,1,86251.0,0.0,CZK
SO-2026-007113,1,2026-05-22,2026-05-22,CZ-BRN-01,C021861,VM-NUT-0004,11,41.0,0.0,CZK
SO-2026-007113,2,2026-05-22,2026-05-22,CZ-BRN-01,C021861,VM-CMP-0003,2,1408.0,0.0,CZK
SO-2026-007113,3,2026-05-22,2026-05-22,CZ-BRN-01,C021861,VM-BIK-0012,1,69294.0,0.0,CZK
SO-2026-007113,4,2026-05-22,2026-05-22,CZ-BRN-01,C021861,VM-ACC-0008,2,2347.0,0.0,CZK
SO-2026-007114,1,2026-05-22,2026-05-22,CZ-BRN-01,,VM-EBK-0008,1,88598.0,0.0,CZK
SO-2026-007115,1,2026-05-22,2026-05-22,CZ-BRN-01,C012485,VM-EBK-0005,3,102387.0,0.1,CZK
SO-2026-007116,1,2026-05-22,2026-05-24,CZ-WEB-01,C007849,VM-ACC-0008,2,2347.0,0.0,CZK
SO-2026-007116,2,2026-05-22,2026-05-24,CZ-WEB-01,C007849,VM-APP-0006,1,1819.0,0.0,CZK
SO-2026-007117,1,2026-05-22,2026-05-24,CZ-WEB-01,C017856,VM-NUT-0008,6,59.0,0.05,CZK
SO-2026-007117,2,2026-05-22,2026-05-24,CZ-WEB-01,C017856,VM-ACC-0021,1,4577.0,0.05,CZK
SO-2026-007117,3,2026-05-22,2026-05-24,CZ-WEB-01,C017856,VM-BIK-0019,1,7100.0,0.05,CZK
SO-2026-007118,1,2026-05-22,2026-05-24,CZ-WEB-01,C013301,VM-BIK-0007,1,41365.0,0.1,CZK
SO-2026-007118,2,2026-05-22,2026-05-24,CZ-WEB-01,C013301,vm-acc-0003,1,1701.0,0.0,CZK
SO-2026-007119,1,2026-05-22,2026-05-26,CZ-WEB-01,C013430,VM-EBK-0003,1,53335.0,0.05,CZK
SO-2026-007119,2,2026-05-22,2026-05-26,CZ-WEB-01,C013430,VM-ACC-0013,1,997.0,0.05,CZK
SO-2026-007120,1,2026-05-22,2026-05-26,CZ-WEB-01,C015550,VM-EBK-0009,1,58146.0,0.05,CZK
SO-2026-007120,2,2026-05-22,2026-05-26,CZ-WEB-01,C015550,VM-ACC-0004,2,4577.0,0.05,CZK
SO-2026-007121,1,2026-05-22,2026-05-25,CZ-WEB-01,C016485,VM-NUT-0002,8,88.0,0.05,CZK
SO-2026-007121,2,2026-05-22,2026-05-25,CZ-WEB-01,C016485,VM-ACC-0003,2,1701.0,0.05,CZK
SO-2026-007122,1,2026-05-22,2026-05-25,CZ-WEB-01,C016699,VM-EBK-0003,1,53335.0,0.05,CZK
SO-2026-007123,1,2026-05-22,2026-05-24,CZ-WEB-01,C010134,VM-EBK-0004,1,65011.0,0.0,CZK
SO-2026-007123,2,2026-05-22,2026-05-24,CZ-WEB-01,C010134,VM-BIK-0013,1,28164.0,0.0,CZK
SO-2026-007124,1,2026-05-22,2026-05-22,DE-BER-01,,VM-NUT-0004,14,1.67,0.0,EUR
SO-2026-007124,2,2026-05-22,2026-05-22,DE-BER-01,,VM-ACC-0020,1,193.74,0.0,EUR
SO-2026-007124,3,2026-05-22,2026-05-22,DE-BER-01,,VM-BIK-0017,1,456.85,0.05,EUR
SO-2026-007124,4,2026-05-22,2026-05-22,DE-BER-01,,VM-ACC-0009,1,95.67,0.0,EUR
SO-2026-007125,1,2026-05-22,2026-05-22,DE-BER-01,C021862,VM-NUT-0009,1,20.33,0.0,EUR
SO-2026-007125,2,2026-05-22,2026-05-22,DE-BER-01,C021862,VM-BIK-0013,1,1148.12,0.0,EUR
SO-2026-007126,1,2026-05-22,2026-05-26,DE-WEB-01,C017562, VM-ACC-0008 ,1,95.67,0.0,EUR
SO-2026-007126,2,2026-05-22,2026-05-26,DE-WEB-01,C017562,VM-ACC-0009,2,95.67,0.0,EUR
SO-2026-007126,3,2026-05-22,2026-05-26,DE-WEB-01,C017562,VM-BIK-0004,1,1021.35,0.0,EUR
SO-2026-007126,4,2026-05-22,2026-05-26,DE-WEB-01,C017562,VM-NUT-0001,6,2.15,0.0,EUR
SO-2026-007127,1,2026-05-22,2026-05-23,DE-WEB-01,C021863,VM-EBK-0006,1,4817.32,0.0,EUR
SO-2026-007128,1,2026-05-22,2026-05-23,DE-WEB-01,C002732,VM-NUT-0002,5,3.59,0.0,EUR
SO-2026-007129,1,2026-05-23,2026-05-23,PL-WAW-01,C021864,VM-ACC-0008,1,407.19,0.0,PLN
SO-2026-007130,1,2026-05-23,2026-05-23,PL-WAW-01,C020295,VM-CMP-0013,2,539.53,0.05,PLN
SO-2026-007130,2,2026-05-23,2026-05-23,PL-WAW-01,C020295,VM-BIK-0016,1,3654.61,0.05,PLN
SO-2026-007131,1,2026-05-23,2026-05-23,PL-WAW-01,,VM-APP-0002,2,447.91,0.0,PLN
SO-2026-007131,2,2026-05-23,2026-05-23,PL-WAW-01,,VM-APP-0007,2,162.87,0.0,PLN
SO-2026-007132,1,2026-05-23,2026-05-23,PL-WAW-01,C011721,VM-APP-0010,1,173.05,0.0,PLN
SO-2026-007132,2,2026-05-23,2026-05-23,PL-WAW-01,C011721,VM-NUT-0006,5,10.17,0.0,PLN
SO-2026-007132,3,2026-05-23,2026-05-23,PL-WAW-01,C011721,VM-BIK-0006,1,6708.61,0.0,PLN
SO-2026-007133,1,2026-05-23,2026-05-23,PL-WAW-01,C019000,VM-APP-0002,1,447.91,0.0,PLN
SO-2026-007133,2,2026-05-23,2026-05-23,PL-WAW-01,C019000,VM-EBK-0003,1,9253.61,0.0,PLN
SO-2026-007134,1,2026-05-23,2026-05-23,PL-WAW-01,C021865,VM-ACC-0008,2,407.19,0.0,PLN
SO-2026-007134,2,2026-05-23,2026-05-23,PL-WAW-01,C021865,VM-BIK-0004,1,4346.85,0.0,PLN
SO-2026-007135,1,2026-05-23,2026-05-23,PL-WAW-02,C017347,VM-CMP-0017,1,508.99,0.0,PLN
SO-2026-007135,2,2026-05-23,2026-05-23,PL-WAW-02,C017347,VM-APP-0009,1,356.29,0.0,PLN
SO-2026-007136,1,2026-05-23,2026-05-23,PL-WAW-02,C015030,VM-EBK-0010,1,13732.81,0.0,PLN
SO-2026-007137,1,2026-05-23,2026-05-23,PL-WAW-02,C018190,VM-APP-0010,2,173.05,0.1,PLN
SO-2026-007138,1,2026-05-23,2026-05-23,PL-WAW-02,,VM-APP-0002,2,447.91,0.0,PLN
SO-2026-007139,1,2026-05-23,2026-05-23,PL-WAW-02,C021866,VM-ACC-0007,2,366.47,0.0,PLN
SO-2026-007140,1,2026-05-23,2026-05-23,PL-WAW-02,C021867,VM-NUT-0004,5,7.12,0.0,PLN
SO-2026-007141,1,2026-05-23,2026-05-23,PL-WAW-02,C018492,VM-BIK-0006,1,6708.61,0.0,PLN
SO-2026-007141,2,2026-05-23,2026-05-23,PL-WAW-02,C018492,VM-ACC-0008,2,407.19,0.0,PLN
SO-2026-007142,1,2026-05-23,2026-05-23,PL-WAW-02,,VM-EBK-0004,1,11279.43,0.0,PLN
SO-2026-007143,1,2026-05-23,2026-05-23,PL-WAW-02,,VM-APP-0015,1,580.25,0.0,PLN
SO-2026-007143,2,2026-05-23,2026-05-23,PL-WAW-02,,VM-CMP-0020,2,264.67,0.0,PLN
SO-2026-007144,1,2026-05-23,2026-05-23,PL-KRK-01,C021868,VM-CMP-0001,1,407.19,0.0,PLN
SO-2026-007144,2,2026-05-23,2026-05-23,PL-KRK-01,C021868,VM-NUT-0011,1,54.96,0.0,PLN
SO-2026-007145,1,2026-05-23,2026-05-23,PL-KRK-01,,VM-BIK-0014,1,3898.93,0.0,PLN
SO-2026-007145,2,2026-05-23,2026-05-23,PL-KRK-01,,VM-BIK-0013,1,4886.39,0.0,PLN
SO-2026-007146,1,2026-05-23,2026-05-23,PL-KRK-01,C021869,VM-BIK-0012,1,12022.57,0.0,PLN
SO-2026-007147,1,2026-05-23,2026-05-23,PL-KRK-01,C021870,VM-APP-0006,2,315.57,0.0,PLN
SO-2026-007148,1,2026-05-23,2026-05-23,PL-KRK-01,C021871,VM-CMP-0009,1,356.29,0.0,PLN
SO-2026-007149,1,2026-05-23,2026-05-23,PL-KRK-01,,VM-NUT-0008,10,10.17,0.0,PLN
SO-2026-007149,2,2026-05-23,2026-05-23,PL-KRK-01,,VM-EBK-0003,1,9253.61,0.0,PLN
SO-2026-007150,1,2026-05-23,2026-05-23,PL-KRK-01,,VM-ACC-0005,2,183.23,0.0,PLN
SO-2026-007150,2,2026-05-23,2026-05-23,PL-KRK-01,,VM-ACC-0020,1,824.57,0.0,PLN
SO-2026-007150,3,2026-05-23,2026-05-23,PL-KRK-01,,VM-BIK-0004,1,4346.85,0.0,PLN
SO-2026-007150,4,2026-05-23,2026-05-23,PL-KRK-01,,VM-BIK-0012,1,12022.57,0.0,PLN
SO-2026-007151,1,2026-05-23,2026-05-23,PL-KRK-01,C013126,VM-EBK-0007,1,14964.59,0.05,PLN
SO-2026-007151,2,2026-05-23,2026-05-23,PL-KRK-01,C013126,VM-BIK-0003,1,6657.71,0.05,PLN
SO-2026-007151,3,2026-05-23,2026-05-23,PL-KRK-01,C013126,VM-BIK-0007,1,7176.89,0.05,PLN
SO-2026-007152,1,2026-05-23,2026-05-23,PL-KRK-01,,VM-BIK-0017,1,1944.37,0.0,PLN
SO-2026-007153,1,2026-05-23,2026-05-23,PL-WRO-01,,VM-CMP-0008,1,447.91,0.0,PLN
SO-2026-007153,2,2026-05-23,2026-05-23,PL-WRO-01,,VM-ACC-0009,1,407.19,0.0,PLN
SO-2026-007154,1,2026-05-23,2026-05-23,PL-WRO-01,C016769,VM-ACC-0008,2,407.19,0.05,PLN
SO-2026-007155,1,2026-05-23,2026-05-23,PL-WRO-01,,VM-CMP-0013,1,539.53,0.0,PLN
SO-2026-007155,2,2026-05-23,2026-05-23,PL-WRO-01,,VM-APP-0005,3,183.23,0.0,PLN
SO-2026-007156,1,2026-05-23,2026-05-23,PL-WRO-01,C021199,VM-BIK-0012,1,12022.57,0.05,PLN
SO-2026-007157,1,2026-05-23,2026-05-23,PL-WRO-01,C021872,VM-CMP-0013,2,539.53,0.0,PLN
SO-2026-007157,2,2026-05-23,2026-05-23,PL-WRO-01,C021872,VM-BIK-0013,1,4886.39,0.0,PLN
SO-2026-007158,1,2026-05-23,2026-05-23,PL-GDN-01,,VM-ACC-0010,2,254.49,0.0,PLN
SO-2026-007159,1,2026-05-23,2026-05-23,PL-GDN-01,C007807,VM-BIK-0011,1,8805.69,0.0,PLN
SO-2026-007160,1,2026-05-23,2026-05-23,PL-GDN-01,C021873,VM-APP-0013,1,447.91,0.0,PLN
SO-2026-007161,1,2026-05-23,2026-05-23,PL-GDN-01,,VM-ACC-0010,2,254.49,0.0,PLN
SO-2026-007161,2,2026-05-23,2026-05-23,PL-GDN-01,,VM-APP-0015,1,580.25,0.0,PLN
SO-2026-007161,3,2026-05-23,2026-05-23,PL-GDN-01,,VM-BIK-0009,1,5741.51,0.0,PLN
SO-2026-007162,1,2026-05-23,2026-05-23,PL-GDN-01,,VM-BIK-0012,1,12022.57,0.0,PLN
SO-2026-007162,2,2026-05-23,2026-05-23,PL-GDN-01,,VM-ACC-0014,1,111.97,0.0,PLN
SO-2026-007163,1,2026-05-23,2026-05-23,PL-POZ-01,C016929,VM-EBK-0007,1,14964.59,0.0,PLN
SO-2026-007164,1,2026-05-23,2026-05-23,PL-POZ-01,,VM-CMP-0009,1,356.29,0.0,PLN
SO-2026-007165,1,2026-05-23,2026-05-23,PL-POZ-01,C021874,VM-BIK-0007,1,7176.89,0.0,PLN
SO-2026-007165,2,2026-05-23,2026-05-23,PL-POZ-01,C021874,VM-CMP-0013,1,539.53,0.0,PLN
SO-2026-007165,3,2026-05-23,2026-05-23,PL-POZ-01,C021874,VM-ACC-0016,3,29.51,0.1,PLN
SO-2026-007166,1,2026-05-23,2026-05-23,PL-POZ-01,,VM-NUT-0008,11,10.17,0.0,PLN
SO-2026-007167,1,2026-05-23,2026-05-23,PL-POZ-01,C021875,VM-CMP-0017,1,508.99,0.0,PLN
SO-2026-007168,1,2026-05-23,2026-05-23,PL-POZ-01,C015565,VM-NUT-0008,15,10.17,0.12,PLN
SO-2026-007169,1,2026-05-23,2026-05-23,PL-POZ-01,C021876,VM-BIK-0007,5,7176.89,0.08,PLN
SO-2026-007169,2,2026-05-23,2026-05-23,PL-POZ-01,C021876,VM-ACC-0007,4,366.47,0.1,PLN
SO-2026-007169,3,2026-05-23,2026-05-23,PL-POZ-01,C021876,VM-ACC-0008,6,407.19,0.08,PLN
SO-2026-007170,1,2026-05-23,2026-05-23,PL-POZ-01,C013402,VM-ACC-0006,2,967.09,0.0,PLN
SO-2026-007171,1,2026-05-23,2026-05-23,PL-POZ-01,C017929,VM-CMP-0013,1,539.53,0.0,PLN
SO-2026-007172,1,2026-05-23,2026-05-23,PL-LDZ-01,C020067,VM-EBK-0008,1,15371.79,0.0,PLN
SO-2026-007173,1,2026-05-23,2026-05-23,PL-LDZ-01,C014832,VM-APP-0002,6,447.91,0.1,PLN
SO-2026-007173,2,2026-05-23,2026-05-23,PL-LDZ-01,C014832,VM-CMP-0005,3,1506.63,0.12,PLN
SO-2026-007173,3,2026-05-23,2026-05-23,PL-LDZ-01,C014832,VM-ACC-0020,5,824.57,0.12,PLN
SO-2026-007174,1,2026-05-23,2026-05-23,PL-LDZ-01,,VM-BIK-0001,1,13936.41,0.0,PLN
SO-2026-007174,2,2026-05-23,2026-05-23,PL-LDZ-01,,VM-ACC-0021,1,794.03,0.0,PLN
SO-2026-007174,3,2026-05-23,2026-05-23,PL-LDZ-01,,VM-ACC-0008,2,407.19,0.0,PLN
SO-2026-007175,1,2026-05-23,2026-05-23,PL-LDZ-01,C021877,VM-ACC-0014,1,111.97,0.05,PLN
SO-2026-007175,2,2026-05-23,2026-05-23,PL-LDZ-01,C021877,VM-CMP-0021,2,48.85,0.05,PLN
SO-2026-007176,1,2026-05-23,2026-05-25,PL-WEB-01,C015482,VM-ACC-0013,1,173.05,0.0,PLN
SO-2026-007177,1,2026-05-23,2026-05-25,PL-WEB-01,C012884,VM-NUT-0009,8,86.52,0.08,PLN
SO-2026-007178,1,2026-05-23,2026-05-24,PL-WEB-01,C019273,VM-CMP-0004,2,732.95,0.0,PLN
SO-2026-007178,2,2026-05-23,2026-05-24,PL-WEB-01,C019273,VM-BIK-0007,1,7176.89,0.0,PLN
SO-2026-007179,1,2026-05-23,2026-05-27,PL-WEB-01,C021878,VM-APP-0015,1,580.25,0.0,PLN
SO-2026-007180,1,2026-05-23,2026-05-26,PL-WEB-01,C010734,VM-EBK-0004,1,11279.43,0.0,PLN
SO-2026-007181,1,2026-05-23,2026-05-26,PL-WEB-01,C021879,VM-EBK-0007,1,14964.59,0.0,PLN
SO-2026-007182,1,2026-05-23,2026-05-25,PL-WEB-01,C021880,vm-ebk-0010,1,13732.81,0.0,PLN
SO-2026-007183,1,2026-05-23,2026-05-27,PL-WEB-01,C021881,VM-BIK-0019,1,1231.77,0.0,PLN
SO-2026-007184,1,2026-05-23,2026-05-24,PL-WEB-01,C016675,VM-APP-0005,3,183.23,0.0,PLN
SO-2026-007184,2,2026-05-23,2026-05-24,PL-WEB-01,C016675,VM-APP-0002,3,447.91,0.0,PLN
SO-2026-007184,3,2026-05-23,2026-05-24,PL-WEB-01,C016675,VM-NUT-0004,7,7.12,0.0,PLN
SO-2026-007185,1,2026-05-23,2026-05-25,PL-WEB-01,C021882,VM-BIK-0016,1,3654.61,0.0,PLN
SO-2026-007185,2,2026-05-23,2026-05-25,PL-WEB-01,C021882,VM-ACC-0005,2,183.23,0.0,PLN
SO-2026-007186,1,2026-05-23,2026-05-24,PL-WEB-01,C013425,VM-NUT-0008,9,10.17,0.0,PLN
SO-2026-007187,1,2026-05-23,2026-05-26,PL-WEB-01,C021883,VM-APP-0006,1,315.57,0.0,PLN
SO-2026-007188,1,2026-05-23,2026-05-26,PL-WEB-01,C014142,VM-ACC-0003,4,295.21,0.08,PLN
SO-2026-007188,2,2026-05-23,2026-05-26,PL-WEB-01,C014142,VM-EBK-0007,3,14964.59,0.08,PLN
SO-2026-007188,3,2026-05-23,2026-05-26,PL-WEB-01,C014142,VM-APP-0010,6,173.05,0.08,PLN
SO-2026-007189,1,2026-05-23,2026-05-27,PL-WEB-01,C015888,VM-BIK-0001,5,13936.41,0.1,PLN
SO-2026-007190,1,2026-05-23,2026-05-25,PL-WEB-01,C019175,VM-NUT-0003,10,11.19,0.05,PLN
SO-2026-007191,1,2026-05-23,2026-05-27,PL-MKT-01,C021884,VM-APP-0003,1,315.57,0.0,PLN
SO-2026-007192,1,2026-05-23,2026-05-27,PL-MKT-01,C018270,VM-CMP-0012,2,549.71,0.0,PLN
SO-2026-007192,2,2026-05-23,2026-05-27,PL-MKT-01,C018270,VM-BIK-0007,1,7176.89,0.0,PLN
SO-2026-007193,1,2026-05-23,2026-05-26,PL-MKT-01,C017699,VM-APP-0005,1,183.23,0.05,PLN
SO-2026-007194,1,2026-05-23,2026-05-26,PL-MKT-01,C021885,VM-BIK-0012,1,12022.57,0.0,PLN
SO-2026-007195,1,2026-05-23,2026-05-27,PL-MKT-01,C021886,VM-APP-0010,2,173.05,0.0,PLN
SO-2026-007195,2,2026-05-23,2026-05-27,PL-MKT-01,C021886,VM-CMP-0012,1,549.71,0.0,PLN
SO-2026-007196,1,2026-05-23,2026-05-27,PL-MKT-01,C016790,VM-CMP-0002,1,570.07,0.0,PLN
SO-2026-007196,2,2026-05-23,2026-05-27,PL-MKT-01,C016790,VM-NUT-0003,5,11.19,0.0,PLN
SO-2026-007197,1,2026-05-23,2026-05-27,PL-MKT-01,C021887,VM-BIK-0008,1,5405.57,0.05,PLN
SO-2026-007197,2,2026-05-23,2026-05-27,PL-MKT-01,C021887,VM-ACC-0015,1,356.29,0.05,PLN
SO-2026-007197,3,2026-05-23,2026-05-27,PL-MKT-01,C021887,VM-ACC-0004,1,794.03,0.05,PLN
SO-2026-007197,4,2026-05-23,2026-05-27,PL-MKT-01,C021887,VM-ACC-0007,2,366.47,0.05,PLN
SO-2026-007198,1,2026-05-23,2026-05-27,PL-MKT-01,C021888,VM-EBK-0002,1,10129.09,0.0,PLN
SO-2026-007199,1,2026-05-23,2026-05-25,PL-MKT-01,C021889,VM-NUT-0011,1,54.96,0.05,PLN
SO-2026-007199,2,2026-05-23,2026-05-25,PL-MKT-01,C021889,VM-ACC-0008,1,407.19,0.0,PLN
SO-2026-007199,3,2026-05-23,2026-05-25,PL-MKT-01,C021889,VM-ACC-0021,1,794.03,0.0,PLN
SO-2026-007199,4,2026-05-23,2026-05-25,PL-MKT-01,C021889,VM-EBK-0004,1,11279.43,0.0,PLN
SO-2026-007200,1,2026-05-23,2026-05-25,PL-MKT-01,C011201,VM-NUT-0006,5,10.17,0.0,PLN
SO-2026-007200,2,2026-05-23,2026-05-25,PL-MKT-01,C011201,VM-APP-0008,1,162.87,0.0,PLN
SO-2026-007200,3,2026-05-23,2026-05-25,PL-MKT-01,C011201,VM-BIK-0017,1,1944.37,0.0,PLN
SO-2026-007200,4,2026-05-23,2026-05-25,PL-MKT-01,C011201,VM-BIK-0013,1,4886.39,0.0,PLN
SO-2026-007201,1,2026-05-23,2026-05-27,PL-MKT-01,C021890,VM-ACC-0012,1,73.29,0.0,PLN
SO-2026-007201,2,2026-05-23,2026-05-27,PL-MKT-01,C021890,VM-ACC-0015,1,356.29,0.0,PLN
SO-2026-007201,3,2026-05-23,2026-05-27,PL-MKT-01,C021890,VM-NUT-0008,8,10.17,0.0,PLN
SO-2026-007201,4,2026-05-23,2026-05-27,PL-MKT-01,C021890,VM-ACC-0004,1,794.03,0.0,PLN
SO-2026-007202,1,2026-05-23,2026-05-23,CZ-PRG-01,,VM-NUT-0006,10,59.0,0.0,CZK
SO-2026-007202,2,2026-05-23,2026-05-23,CZ-PRG-01,,VM-BIK-0013,1,28164.0,0.0,CZK
SO-2026-007202,3,2026-05-23,2026-05-23,CZ-PRG-01,,VM-ACC-0007,1,2112.0,0.0,CZK
SO-2026-007202,4,2026-05-23,2026-05-23,CZ-PRG-01,,VM-APP-0010,1,997.0,0.05,CZK
SO-2026-007203,1,2026-05-23,2026-05-23,CZ-PRG-01,C021891,VM-ACC-0005,2,1056.0,0.0,CZK
SO-2026-007203,2,2026-05-23,2026-05-23,CZ-PRG-01,C021891, VM-CMP-0013 ,2,3110.0,0.0,CZK
SO-2026-007204,1,2026-05-23,2026-05-23,CZ-PRG-01,,VM-ACC-0009,2,2347.0,0.0,CZK
SO-2026-007205,1,2026-05-23,2026-05-23,CZ-PRG-01,C021892,VM-APP-0004,1,1408.0,0.0,CZK
SO-2026-007206,1,2026-05-23,2026-05-23,CZ-PRG-01,,VM-BIK-0011,1,50753.0,0.0,CZK
SO-2026-007207,1,2026-05-23,2026-05-23,CZ-BRN-01,C011717,VM-APP-0010,2,997.0,0.0,CZK
SO-2026-007208,1,2026-05-23,2026-05-23,CZ-BRN-01,,VM-CMP-0001,1,2347.0,0.0,CZK
SO-2026-007209,1,2026-05-23,2026-05-23,CZ-BRN-01,,VM-ACC-0020,1,4753.0,0.0,CZK
SO-2026-007210,1,2026-05-23,2026-05-23,CZ-BRN-01,C021893,VM-CMP-0005,2,8684.0,0.0,CZK
SO-2026-007211,1,2026-05-23,2026-05-26,CZ-WEB-01,C021894,VM-BIK-0017,1,11207.0,0.0,CZK
SO-2026-007211,2,2026-05-23,2026-05-26,CZ-WEB-01,C021894,VM-NUT-0002,11,88.0,0.0,CZK
SO-2026-007211,3,2026-05-23,2026-05-26,CZ-WEB-01,C021894,VM-ACC-0017,1,340.0,0.0,CZK
SO-2026-007212,1,2026-05-23,2026-05-26,CZ-WEB-01,C021895,VM-BIK-0012,1,69294.0,0.0,CZK
SO-2026-007213,1,2026-05-23,2026-05-24,CZ-WEB-01,C013375,VM-CMP-0016,2,14434.0,0.0,CZK
SO-2026-007214,1,2026-05-23,2026-05-24,CZ-WEB-01,C021896,VM-ACC-0015,1,2054.0,0.0,CZK
SO-2026-007214,2,2026-05-23,2026-05-24,CZ-WEB-01,C021896,VM-ACC-0010,1,1467.0,0.0,CZK
SO-2026-007214,3,2026-05-23,2026-05-24,CZ-WEB-01,C021896,VM-BIK-0017,1,11207.0,0.0,CZK
SO-2026-007215,1,2026-05-23,2026-05-23,DE-BER-01,,VM-ACC-0018,1,11.96,0.0,EUR
SO-2026-007216,1,2026-05-23,2026-05-23,DE-BER-01,,VM-NUT-0004,4,1.67,0.0,EUR
SO-2026-007216,2,2026-05-23,2026-05-23,DE-BER-01,,VM-APP-0007,2,38.27,0.0,EUR
SO-2026-007216,3,2026-05-23,2026-05-23,DE-BER-01,,VM-ACC-0018,1,11.96,0.0,EUR
SO-2026-007217,1,2026-05-23,2026-05-23,DE-BER-01,C015330,VM-BIK-0007,1,1686.3,0.05,EUR
SO-2026-007218,1,2026-05-23,2026-05-23,DE-BER-01,C021897,VM-BIK-0009,1,1349.04,0.0,EUR
SO-2026-007218,2,2026-05-23,2026-05-23,DE-BER-01,C021897,vm-acc-0008,2,95.67,0.0,EUR
SO-2026-007219,1,2026-05-23,2026-05-23,DE-BER-01,,VM-BIK-0007,1,1686.3,0.0,EUR
SO-2026-007220,1,2026-05-23,2026-05-24,DE-WEB-01,C021898,VM-NUT-0006,9,2.39,0.0,EUR
SO-2026-007220,2,2026-05-23,2026-05-24,DE-WEB-01,C021898,VM-EBK-0006,1,4817.32,0.0,EUR
SO-2026-007220,3,2026-05-23,2026-05-24,DE-WEB-01,C021898,VM-NUT-0009,4,20.33,0.0,EUR
SO-2026-007221,1,2026-05-23,2026-05-26,DE-WEB-01,C019841,VM-ACC-0019,1,11.96,0.0,EUR
SO-2026-007221,2,2026-05-23,2026-05-26,DE-WEB-01,C019841,VM-EBK-0008,1,3611.79,0.0,EUR
SO-2026-007222,1,2026-05-23,2026-05-25,DE-WEB-01,C019760,VM-BIK-0004,1,1021.35,0.05,EUR
SO-2026-007223,1,2026-05-23,2026-05-26,DE-WEB-01,C021385,VM-NUT-0004,4,1.67,0.0,EUR
SO-2026-007223,2,2026-05-23,2026-05-26,DE-WEB-01,C021385,VM-ACC-0011,1,17.22,0.0,EUR
SO-2026-007224,1,2026-05-23,2026-05-26,DE-WEB-01,C020176,VM-CMP-0013,2,126.77,0.0,EUR
SO-2026-007224,2,2026-05-23,2026-05-26,DE-WEB-01,C020176,VM-CMP-0015,1,220.05,0.0,EUR
SO-2026-007224,3,2026-05-23,2026-05-26,DE-WEB-01,C020176,VM-BIK-0007,1,1686.3,0.0,EUR
SO-2026-007225,1,2026-05-23,2026-05-25,DE-WEB-01,C018628,VM-BIK-0020,1,289.42,0.0,EUR
SO-2026-007225,2,2026-05-23,2026-05-25,DE-WEB-01,C018628,VM-ACC-0008,1,95.67,0.0,EUR
SO-2026-007226,1,2026-05-23,2026-05-25,DE-WEB-01,C015005,VM-ACC-0014,1,26.31,0.0,EUR
SO-2026-007227,1,2026-05-23,2026-05-26,DE-WEB-01,C013146,VM-NUT-0001,5,2.15,0.0,EUR
SO-2026-007228,1,2026-05-24,2026-05-27,PL-WEB-01,C020859,VM-ACC-0001,5,386.83,0.08,PLN
SO-2026-007229,1,2026-05-24,2026-05-27,PL-WEB-01,C021899,VM-NUT-0001,15,9.15,0.05,PLN
SO-2026-007229,2,2026-05-24,2026-05-27,PL-WEB-01,C021899,VM-NUT-0008,11,10.17,0.05,PLN
SO-2026-007229,3,2026-05-24,2026-05-27,PL-WEB-01,C021899,VM-ACC-0008,1,407.19,0.05,PLN
SO-2026-007229,4,2026-05-24,2026-05-27,PL-WEB-01,C021899,VM-ACC-0020,1,824.57,0.05,PLN
SO-2026-007230,1,2026-05-24,2026-05-28,PL-WEB-01,C021900,VM-NUT-0003,12,11.19,0.05,PLN
SO-2026-007231,1,2026-05-24,2026-05-27,PL-WEB-01,C004043,VM-NUT-0009,3,86.52,0.05,PLN
SO-2026-007232,1,2026-05-24,2026-05-28,PL-WEB-01,C019296,VM-APP-0006,2,315.57,0.1,PLN
SO-2026-007233,1,2026-05-24,2026-05-27,PL-WEB-01,C016295,VM-ACC-0007,1,366.47,0.0,PLN
SO-2026-007234,1,2026-05-24,2026-05-27,PL-WEB-01,C012174,VM-EBK-0002,1,10129.09,0.05,PLN
SO-2026-007235,1,2026-05-24,2026-05-26,PL-WEB-01,C014200,VM-ACC-0004,1,794.03,0.0,PLN
SO-2026-007236,1,2026-05-24,2026-05-26,PL-WEB-01,C021901,VM-ACC-0008,2,407.19,0.0,PLN
SO-2026-007236,2,2026-05-24,2026-05-26,PL-WEB-01,C021901,VM-CMP-0017,2,508.99,0.0,PLN
SO-2026-007237,1,2026-05-24,2026-05-28,PL-WEB-01,C017360,VM-ACC-0008,1,407.19,0.0,PLN
SO-2026-007238,1,2026-05-24,2026-05-26,PL-WEB-01,C021902,VM-BIK-0007,1,7176.89,0.0,PLN
SO-2026-007239,1,2026-05-24,2026-05-26,PL-WEB-01,C021903,VM-BIK-0017,1,1944.37,0.0,PLN
SO-2026-007240,1,2026-05-24,2026-05-26,PL-WEB-01,C021904,VM-EBK-0003,1,9253.61,0.0,PLN
SO-2026-007241,1,2026-05-24,2026-05-28,PL-WEB-01,C021905,VM-NUT-0007,5,13.22,0.0,PLN
SO-2026-007242,1,2026-05-24,2026-05-25,PL-WEB-01,C016437,VM-EBK-0007,1,14964.59,0.05,PLN
SO-2026-007242,2,2026-05-24,2026-05-25,PL-WEB-01,C016437,VM-ACC-0008,2,407.19,0.05,PLN
SO-2026-007243,1,2026-05-24,2026-05-25,PL-WEB-01,C021414,VM-EBK-0006,1,20502.51,0.0,PLN
SO-2026-007243,2,2026-05-24,2026-05-25,PL-WEB-01,C021414,VM-ACC-0016,3,29.51,0.0,PLN
SO-2026-007243,3,2026-05-24,2026-05-25,PL-WEB-01,C021414,VM-ACC-0014,1,111.97,0.0,PLN
SO-2026-007244,1,2026-05-24,2026-05-28,PL-WEB-01,C021906,VM-EBK-0009,1,10088.37,0.0,PLN
SO-2026-007245,1,2026-05-24,2026-05-25,PL-WEB-01,C021907,VM-ACC-0018,2,50.89,0.0,PLN
SO-2026-007245,2,2026-05-24,2026-05-25,PL-WEB-01,C021907,VM-CMP-0015,2,936.55,0.0,PLN
SO-2026-007246,1,2026-05-24,2026-05-26,PL-WEB-01,C019038,VM-BIK-0004,1,4346.85,0.0,PLN
SO-2026-007247,1,2026-05-24,2026-05-27,PL-MKT-01,C010996,VM-BIK-0013,1,4886.39,0.0,PLN
SO-2026-007248,1,2026-05-24,2026-05-28,PL-MKT-01,C018774,VM-NUT-0004,8,7.12,0.0,PLN
SO-2026-007249,1,2026-05-24,2026-05-28,PL-MKT-01,C012027,VM-ACC-0008,2,407.19,0.05,PLN
SO-2026-007249,2,2026-05-24,2026-05-28,PL-MKT-01,C012027,VM-NUT-0006,5,10.17,0.05,PLN
SO-2026-007250,1,2026-05-24,2026-05-26,PL-MKT-01,C020272, VM-ACC-0008 ,1,407.19,0.05,PLN
SO-2026-007251,1,2026-05-24,2026-05-25,PL-MKT-01,C003046,VM-APP-0012,1,885.65,0.0,PLN
SO-2026-007252,1,2026-05-24,2026-05-26,PL-MKT-01,C007722,VM-NUT-0006,8,10.17,0.05,PLN
SO-2026-007253,1,2026-05-24,2026-05-25,PL-MKT-01,C021908,VM-APP-0002,1,447.91,0.0,PLN
SO-2026-007254,1,2026-05-24,2026-05-26,PL-MKT-01,C021909,VM-BIK-0017,1,1944.37,0.0,PLN
SO-2026-007254,2,2026-05-24,2026-05-26,PL-MKT-01,C021909,VM-ACC-0022,1,1598.25,0.05,PLN
SO-2026-007254,3,2026-05-24,2026-05-26,PL-MKT-01,C021909,vm-acc-0003,1,295.21,0.0,PLN
SO-2026-007255,1,2026-05-24,2026-05-24,CZ-PRG-01,,VM-BIK-0003,1,38373.0,0.0,CZK
SO-2026-007255,2,2026-05-24,2026-05-24,CZ-PRG-01,,VM-ACC-0008,2,2347.0,0.0,CZK
SO-2026-007255,3,2026-05-24,2026-05-24,CZ-PRG-01,,VM-ACC-0004,2,4577.0,0.0,CZK
SO-2026-007255,4,2026-05-24,2026-05-24,CZ-PRG-01,,VM-BIK-0019,1,7100.0,0.0,CZK
SO-2026-007256,1,2026-05-24,2026-05-24,CZ-PRG-01,C021910,VM-CMP-0009,1,2054.0,0.0,CZK
SO-2026-007257,1,2026-05-24,2026-05-24,CZ-PRG-01,,VM-BIK-0001,1,80325.0,0.1,CZK
SO-2026-007258,1,2026-05-24,2026-05-24,CZ-BRN-01,C020986,VM-APP-0006,1,1819.0,0.0,CZK
SO-2026-007259,1,2026-05-24,2026-05-24,CZ-BRN-01,C021715,VM-BIK-0013,1,28164.0,0.05,CZK
SO-2026-007259,2,2026-05-24,2026-05-24,CZ-BRN-01,C021715,VM-ACC-0001,1,2230.0,0.05,CZK
SO-2026-007260,1,2026-05-24,2026-05-26,CZ-WEB-01,C017036,VM-ACC-0010,1,1467.0,0.0,CZK
SO-2026-007261,1,2026-05-24,2026-05-25,CZ-WEB-01,C020898,VM-NUT-0002,13,88.0,0.05,CZK
SO-2026-007262,1,2026-05-24,2026-05-25,CZ-WEB-01,C021762,VM-BIK-0004,1,25054.0,0.0,CZK
SO-2026-007262,2,2026-05-24,2026-05-25,CZ-WEB-01,C021762,VM-ACC-0019,1,293.0,0.0,CZK
SO-2026-007262,3,2026-05-24,2026-05-25,CZ-WEB-01,C021762,VM-BIK-0013,1,28164.0,0.0,CZK
SO-2026-007262,4,2026-05-24,2026-05-25,CZ-WEB-01,C021762,VM-ACC-0007,2,2112.0,0.0,CZK
SO-2026-007263,1,2026-05-24,2026-05-28,DE-WEB-01,C018928,VM-NUT-0011,2,12.91,0.0,EUR
SO-2026-007263,2,2026-05-24,2026-05-28,DE-WEB-01,C018928,VM-APP-0020,2,43.05,0.0,EUR
SO-2026-007263,3,2026-05-24,2026-05-28,DE-WEB-01,C018928,VM-NUT-0003,9,2.63,0.0,EUR
SO-2026-007264,1,2026-05-24,2026-05-27,DE-WEB-01,C018412,VM-BIK-0012,1,2824.85,0.0,EUR
SO-2026-007264,2,2026-05-24,2026-05-27,DE-WEB-01,C018412,VM-EBK-0004,1,2650.24,0.0,EUR
SO-2026-007264,3,2026-05-24,2026-05-27,DE-WEB-01,C018412,VM-ACC-0008,2,95.67,0.0,EUR
SO-2026-007265,1,2026-05-24,2026-05-25,DE-WEB-01,C021911,VM-CMP-0003,2,57.4,0.0,EUR
SO-2026-007266,1,2026-05-24,2026-05-25,DE-WEB-01,C018246,VM-APP-0014,1,117.2,0.0,EUR
SO-2026-007266,2,2026-05-24,2026-05-25,DE-WEB-01,C018246,VM-BIK-0001,1,3274.53,0.0,EUR
SO-2026-007267,1,2026-05-24,2026-05-25,DE-WEB-01,C021912,VM-APP-0018,2,31.09,0.0,EUR
SO-2026-007268,1,2026-05-24,2026-05-26,DE-WEB-01,C021913,VM-NUT-0004,11,1.67,0.0,EUR
SO-2026-007269,1,2026-05-24,2026-05-26,DE-WEB-01,C021717,VM-NUT-0004,7,1.67,0.0,EUR
SO-2026-007269,2,2026-05-24,2026-05-26,DE-WEB-01,C021717,VM-EBK-0007,1,3516.12,0.0,EUR
SO-2026-007270,1,2026-05-24,2026-05-27,DE-WEB-01,C016856,VM-ACC-0007,1,86.11,0.0,EUR
SO-2026-007270,2,2026-05-24,2026-05-27,DE-WEB-01,C016856,VM-CMP-0013,2,126.77,0.0,EUR
SO-2026-007271,1,2026-05-24,2026-05-28,DE-WEB-01,C019383,VM-APP-0009,6,83.71,0.08,EUR
SO-2026-007271,2,2026-05-24,2026-05-28,DE-WEB-01,C019383,VM-BIK-0004,2,1021.35,0.12,EUR
SO-2026-007271,3,2026-05-24,2026-05-28,DE-WEB-01,C019383,VM-NUT-0003,40,2.63,0.08,EUR
SO-2026-007271,4,2026-05-24,2026-05-28,DE-WEB-01,C019383,VM-BIK-0013,4,1148.12,0.12,EUR
SO-2026-007272,1,2026-05-25,2026-05-25,PL-WAW-01,C020732,VM-CMP-0012,2,549.71,0.05,PLN
SO-2026-007273,1,2026-05-25,2026-05-25,PL-WAW-01,C012294,VM-ACC-0001,2,386.83,0.0,PLN
SO-2026-007273,2,2026-05-25,2026-05-25,PL-WAW-01,C012294,VM-ACC-0008,2,407.19,0.0,PLN
SO-2026-007274,1,2026-05-25,2026-05-25,PL-WAW-01,C021914,VM-ACC-0013,1,173.05,0.0,PLN
SO-2026-007275,1,2026-05-25,2026-05-25,PL-WAW-01,C021915,VM-ACC-0018,1,50.89,0.0,PLN
SO-2026-007276,1,2026-05-25,2026-05-25,PL-WAW-01,C021103,VM-CMP-0008,2,447.91,0.0,PLN
SO-2026-007277,1,2026-05-25,2026-05-25,PL-WAW-02,C021916,VM-ACC-0018,3,50.89,0.0,PLN
SO-2026-007277,2,2026-05-25,2026-05-25,PL-WAW-02,C021916,VM-CMP-0012,1,549.71,0.0,PLN
SO-2026-007277,3,2026-05-25,2026-05-25,PL-WAW-02,C021916,VM-BIK-0001,1,13936.41,0.0,PLN
SO-2026-007278,1,2026-05-25,2026-05-25,PL-WAW-02,,VM-BIK-0012,1,12022.57,0.0,PLN
SO-2026-007278,2,2026-05-25,2026-05-25,PL-WAW-02,,VM-ACC-0014,1,111.97,0.0,PLN
SO-2026-007279,1,2026-05-25,2026-05-25,PL-WAW-02,,VM-CMP-0018,1,63.11,0.0,PLN
SO-2026-007280,1,2026-05-25,2026-05-25,PL-KRK-01,C021621,VM-BIK-0005,1,7543.37,0.0,PLN
SO-2026-007280,2,2026-05-25,2026-05-25,PL-KRK-01,C021621,VM-ACC-0017,3,59.03,0.0,PLN
SO-2026-007280,3,2026-05-25,2026-05-25,PL-KRK-01,C021621,VM-ACC-0010,2,254.49,0.0,PLN
SO-2026-007280,4,2026-05-25,2026-05-25,PL-KRK-01,C021621,VM-ACC-0014,1,111.97,0.0,PLN
SO-2026-007281,1,2026-05-25,2026-05-25,PL-KRK-01,,VM-ACC-0014,1,111.97,0.0,PLN
SO-2026-007282,1,2026-05-25,2026-05-25,PL-KRK-01,,VM-BIK-0008,1,5405.57,0.0,PLN
SO-2026-007283,1,2026-05-25,2026-05-25,PL-KRK-01,C005165,VM-CMP-0023,4,60.05,0.0,PLN
SO-2026-007284,1,2026-05-25,2026-05-25,PL-KRK-01,C019944,VM-ACC-0013,4,173.05,0.1,PLN
SO-2026-007285,1,2026-05-25,2026-05-25,PL-WRO-01,,VM-APP-0008,2,162.87,0.1,PLN
SO-2026-007286,1,2026-05-25,2026-05-25,PL-WRO-01,C021917,VM-BIK-0007,1,7176.89,0.0,PLN
SO-2026-007286,2,2026-05-25,2026-05-25,PL-WRO-01,C021917,VM-ACC-0014,1,111.97,0.0,PLN
SO-2026-007287,1,2026-05-25,2026-05-25,PL-WRO-01,C021918,VM-BIK-0012,1,12022.57,0.0,PLN
SO-2026-007288,1,2026-05-25,2026-05-25,PL-GDN-01,C021919,VM-BIK-0003,1,6657.71,0.0,PLN
SO-2026-007288,2,2026-05-25,2026-05-25,PL-GDN-01,C021919,VM-EBK-0010,1,13732.81,0.0,PLN
SO-2026-007288,3,2026-05-25,2026-05-25,PL-GDN-01,C021919,VM-BIK-0012,1,12022.57,0.0,PLN
SO-2026-007289,1,2026-05-25,2026-05-25,PL-GDN-01,C021920,VM-ACC-0012,1,73.29,0.0,PLN
SO-2026-007290,1,2026-05-25,2026-05-25,PL-GDN-01,C019755,VM-BIK-0012,1,12022.57,0.0,PLN
SO-2026-007291,1,2026-05-25,2026-05-25,PL-GDN-01,C010721,VM-BIK-0021,1,1272.49,0.0,PLN
SO-2026-007291,2,2026-05-25,2026-05-25,PL-GDN-01,C010721,VM-APP-0008,1,162.87,0.0,PLN
SO-2026-007292,1,2026-05-25,2026-05-25,PL-POZ-01,C021921,VM-NUT-0002,7,15.26,0.0,PLN
SO-2026-007293,1,2026-05-25,2026-05-25,PL-POZ-01,,VM-NUT-0001,4,9.15,0.0,PLN
SO-2026-007294,1,2026-05-25,2026-05-25,PL-POZ-01,C020481,VM-BIK-0004,1,4346.85,0.0,PLN
SO-2026-007294,2,2026-05-25,2026-05-25,PL-POZ-01,C020481,VM-ACC-0007,2,366.47,0.0,PLN
SO-2026-007295,1,2026-05-25,2026-05-25,PL-POZ-01,C021922,VM-EBK-0003,1,9253.61,0.0,PLN
SO-2026-007296,1,2026-05-25,2026-05-25,PL-POZ-01,C012846,VM-BIK-0009,1,5741.51,0.0,PLN
SO-2026-007296,2,2026-05-25,2026-05-25,PL-POZ-01,C012846,VM-ACC-0018,1,50.89,0.0,PLN
SO-2026-007297,1,2026-05-25,2026-05-25,PL-LDZ-01,C021923,VM-BIK-0011,1,8805.69,0.0,PLN
SO-2026-007298,1,2026-05-25,2026-05-25,PL-LDZ-01,C021924,VM-NUT-0008,24,10.17,0.1,PLN
SO-2026-007299,1,2026-05-25,2026-05-25,PL-LDZ-01,C018538,VM-ACC-0020,1,824.57,0.0,PLN
SO-2026-007300,1,2026-05-25,2026-05-26,PL-WEB-01,C021925,VM-APP-0018,2,132.33,0.0,PLN
SO-2026-007301,1,2026-05-25,2026-05-26,PL-WEB-01,C021926,VM-APP-0007,2,162.87,0.0,PLN
SO-2026-007301,2,2026-05-25,2026-05-26,PL-WEB-01,C021926,VM-BIK-0007,1,7176.89,0.0,PLN
SO-2026-007301,3,2026-05-25,2026-05-26,PL-WEB-01,C021926,VM-BIK-0003,1,6657.71,0.0,PLN
SO-2026-007302,1,2026-05-25,2026-05-29,PL-WEB-01,C004985,VM-APP-0020,10,183.23,0.1,PLN
SO-2026-007303,1,2026-05-25,2026-05-28,PL-WEB-01,C021927,VM-ACC-0013,1,173.05,0.0,PLN
SO-2026-007304,1,2026-05-25,2026-05-29,PL-WEB-01,C018156,VM-ACC-0007,2,366.47,0.0,PLN
SO-2026-007305,1,2026-05-25,2026-05-28,PL-WEB-01,C020101,VM-ACC-0004,8,794.03,0.1,PLN
SO-2026-007306,1,2026-05-25,2026-05-27,PL-WEB-01,C007990,VM-NUT-0009,3,86.52,0.0,PLN
SO-2026-007307,1,2026-05-25,2026-05-29,PL-WEB-01,C013222,VM-ACC-0008,2,407.19,0.05,PLN
SO-2026-007308,1,2026-05-25,2026-05-29,PL-WEB-01,C021842,VM-EBK-0005,1,17764.09,0.0,PLN
SO-2026-007308,2,2026-05-25,2026-05-29,PL-WEB-01,C021842,VM-ACC-0014,1,111.97,0.0,PLN
SO-2026-007308,3,2026-05-25,2026-05-29,PL-WEB-01,C021842,VM-ACC-0008,2,407.19,0.0,PLN
SO-2026-007308,4,2026-05-25,2026-05-29,PL-WEB-01,C021842,VM-ACC-0002,2,620.97,0.0,PLN
SO-2026-007309,1,2026-05-25,2026-05-28,PL-WEB-01,C021928,VM-BIK-0012,1,12022.57,0.05,PLN
SO-2026-007310,1,2026-05-25,2026-05-27,PL-WEB-01,C007693,VM-CMP-0012,2,549.71,0.05,PLN
SO-2026-007311,1,2026-05-25,2026-05-29,PL-WEB-01,C017954,VM-ACC-0018,3,50.89,0.0,PLN
SO-2026-007311,2,2026-05-25,2026-05-29,PL-WEB-01,C017954,VM-APP-0010,1,173.05,0.0,PLN
SO-2026-007311,3,2026-05-25,2026-05-29,PL-WEB-01,C017954,VM-ACC-0023,1,946.73,0.0,PLN
SO-2026-007311,4,2026-05-25,2026-05-29,PL-WEB-01,C017954,VM-BIK-0007,1,7176.89,0.0,PLN
SO-2026-007312,1,2026-05-25,2026-05-26,PL-WEB-01,C021929,VM-ACC-0018,2,50.89,0.0,PLN
SO-2026-007313,1,2026-05-25,2026-05-28,PL-WEB-01,C021930,VM-CMP-0009,2,356.29,0.12,PLN
SO-2026-007313,2,2026-05-25,2026-05-28,PL-WEB-01,C021930,VM-EBK-0008,3,15371.79,0.12,PLN
SO-2026-007314,1,2026-05-25,2026-05-28,PL-WEB-01,C019261,VM-CMP-0005,2,1506.63,0.0,PLN
SO-2026-007315,1,2026-05-25,2026-05-26,PL-WEB-01,C018156,VM-NUT-0003,13,11.19,0.0,PLN
SO-2026-007316,1,2026-05-25,2026-05-26,PL-WEB-01,C021931,VM-ACC-0006,5,967.09,0.08,PLN
SO-2026-007316,2,2026-05-25,2026-05-26,PL-WEB-01,C021931,VM-NUT-0004,20,7.12,0.1,PLN
SO-2026-007316,3,2026-05-25,2026-05-26,PL-WEB-01,C021931,VM-BIK-0008,4,5405.57,0.12,PLN
SO-2026-007317,1,2026-05-25,2026-05-29,PL-WEB-01,C021932,VM-BIK-0013,1,4886.39,0.0,PLN
SO-2026-007317,2,2026-05-25,2026-05-29,PL-WEB-01,C021932,VM-ACC-0008,1,407.19,0.0,PLN
SO-2026-007318,1,2026-05-25,2026-05-27,PL-WEB-01,C021933,VM-CMP-0013,2,539.53,0.0,PLN
SO-2026-007318,2,2026-05-25,2026-05-27,PL-WEB-01,C021933,VM-NUT-0004,13,7.12,0.0,PLN
SO-2026-007319,1,2026-05-25,2026-05-29,PL-WEB-01,C019804,VM-EBK-0007,1,14964.59,0.0,PLN
SO-2026-007320,1,2026-05-25,2026-05-28,PL-WEB-01,C021934,VM-BIK-0001,1,13936.41,0.05,PLN
SO-2026-007321,1,2026-05-25,2026-05-27,PL-WEB-01,C021935,VM-ACC-0008,1,407.19,0.0,PLN
SO-2026-007322,1,2026-05-25,2026-05-28,PL-WEB-01,C021936,VM-ACC-0018,2,50.89,0.0,PLN
SO-2026-007322,2,2026-05-25,2026-05-28,PL-WEB-01,C021936,VM-BIK-0012,1,12022.57,0.0,PLN
SO-2026-007323,1,2026-05-25,2026-05-27,PL-WEB-01,C010581,VM-APP-0002,3,447.91,0.05,PLN
SO-2026-007323,2,2026-05-25,2026-05-27,PL-WEB-01,C010581,VM-BIK-0017,1,1944.37,0.05,PLN
SO-2026-007323,3,2026-05-25,2026-05-27,PL-WEB-01,C010581,VM-BIK-0012,1,12022.57,0.05,PLN
SO-2026-007323,4,2026-05-25,2026-05-27,PL-WEB-01,C010581,VM-EBK-0003,1,9253.61,0.05,PLN
SO-2026-007324,1,2026-05-25,2026-05-26,PL-MKT-01,C021937,VM-EBK-0002,1,10129.09,0.0,PLN
SO-2026-007324,2,2026-05-25,2026-05-26,PL-MKT-01,C021937,VM-ACC-0008,1,407.19,0.0,PLN
SO-2026-007325,1,2026-05-25,2026-05-28,PL-MKT-01,C021938, VM-APP-0007 ,1,162.87,0.0,PLN
SO-2026-007326,1,2026-05-25,2026-05-28,PL-MKT-01,C021331,VM-ACC-0004,1,794.03,0.0,PLN
SO-2026-007327,1,2026-05-25,2026-05-29,PL-MKT-01,C021939,VM-APP-0009,2,356.29,0.0,PLN
SO-2026-007327,2,2026-05-25,2026-05-29,PL-MKT-01,C021939,VM-BIK-0012,1,12022.57,0.0,PLN
SO-2026-007327,3,2026-05-25,2026-05-29,PL-MKT-01,C021939,VM-APP-0006,2,315.57,0.0,PLN
SO-2026-007328,1,2026-05-25,2026-05-28,PL-MKT-01,C015734,VM-NUT-0008,11,10.17,0.0,PLN
SO-2026-007329,1,2026-05-25,2026-05-27,PL-MKT-01,C019271,VM-BIK-0011,1,8805.69,0.0,PLN
SO-2026-007330,1,2026-05-25,2026-05-28,PL-MKT-01,C021940,VM-BIK-0002,1,9803.33,0.0,PLN
SO-2026-007330,2,2026-05-25,2026-05-28,PL-MKT-01,C021940,VM-ACC-0013,1,173.05,0.0,PLN
SO-2026-007331,1,2026-05-25,2026-05-29,PL-MKT-01,C001721,VM-APP-0019,1,67.18,0.0,PLN
SO-2026-007331,2,2026-05-25,2026-05-29,PL-MKT-01,C001721,VM-NUT-0004,5,7.12,0.0,PLN
SO-2026-007331,3,2026-05-25,2026-05-29,PL-MKT-01,C001721,VM-BIK-0007,1,7176.89,0.0,PLN
SO-2026-007331,4,2026-05-25,2026-05-29,PL-MKT-01,C001721,VM-ACC-0008,2,407.19,0.0,PLN
SO-2026-007332,1,2026-05-25,2026-05-29,PL-MKT-01,C019038,VM-NUT-0004,7,7.12,0.0,PLN
SO-2026-007333,1,2026-05-25,2026-05-28,PL-MKT-01,C021941,VM-NUT-0004,6,7.12,0.0,PLN
SO-2026-007334,1,2026-05-25,2026-05-28,PL-MKT-01,C021942,VM-EBK-0007,1,14964.59,0.0,PLN
SO-2026-007335,1,2026-05-25,2026-05-25,CZ-PRG-01,C005351,VM-BIK-0012,1,69294.0,0.0,CZK
SO-2026-007335,2,2026-05-25,2026-05-25,CZ-PRG-01,C005351,VM-CMP-0022,1,211.0,0.0,CZK
SO-2026-007336,1,2026-05-25,2026-05-25,CZ-PRG-01,C021943,VM-NUT-0006,4,59.0,0.0,CZK
SO-2026-007336,2,2026-05-25,2026-05-25,CZ-PRG-01,C021943,VM-ACC-0013,1,997.0,0.0,CZK
SO-2026-007336,3,2026-05-25,2026-05-25,CZ-PRG-01,C021943,VM-APP-0010,2,997.0,0.0,CZK
SO-2026-007337,1,2026-05-25,2026-05-25,CZ-PRG-01,C021944,VM-BIK-0001,1,80325.0,0.05,CZK
SO-2026-007338,1,2026-05-25,2026-05-25,CZ-PRG-01,,VM-ACC-0018,1,293.0,0.0,CZK
SO-2026-007338,2,2026-05-25,2026-05-25,CZ-PRG-01,,VM-CMP-0021,3,282.0,0.0,CZK
SO-2026-007338,3,2026-05-25,2026-05-25,CZ-PRG-01,,VM-NUT-0008,12,59.0,0.0,CZK
SO-2026-007338,4,2026-05-25,2026-05-25,CZ-PRG-01,,VM-APP-0007,1,939.0,0.0,CZK
SO-2026-007339,1,2026-05-25,2026-05-25,CZ-BRN-01,,VM-APP-0009,1,2054.0,0.0,CZK
SO-2026-007340,1,2026-05-25,2026-05-25,CZ-BRN-01,,VM-EBK-0007,1,86251.0,0.05,CZK
SO-2026-007341,1,2026-05-25,2026-05-27,CZ-WEB-01,C021945,VM-ACC-0008,1,2347.0,0.05,CZK
SO-2026-007341,2,2026-05-25,2026-05-27,CZ-WEB-01,C021945,VM-ACC-0014,1,645.0,0.05,CZK
SO-2026-007342,1,2026-05-25,2026-05-29,CZ-WEB-01,C021946,VM-NUT-0002,6,88.0,0.0,CZK
SO-2026-007343,1,2026-05-25,2026-05-28,CZ-WEB-01,C021947,VM-CMP-0006,1,1173.0,0.05,CZK
SO-2026-007343,2,2026-05-25,2026-05-28,CZ-WEB-01,C021947,VM-EBK-0005,1,102387.0,0.05,CZK
SO-2026-007343,3,2026-05-25,2026-05-28,CZ-WEB-01,C021947,VM-NUT-0008,6,59.0,0.05,CZK
SO-2026-007344,1,2026-05-25,2026-05-27,CZ-WEB-01,C021487,VM-CMP-0009,2,2054.0,0.0,CZK
SO-2026-007344,2,2026-05-25,2026-05-27,CZ-WEB-01,C021487,VM-EBK-0003,1,53335.0,0.0,CZK
SO-2026-007345,1,2026-05-25,2026-05-28,CZ-WEB-01,C021948,VM-BIK-0013,1,28164.0,0.0,CZK
SO-2026-007345,2,2026-05-25,2026-05-28,CZ-WEB-01,C021948,VM-ACC-0014,1,645.0,0.0,CZK
SO-2026-007346,1,2026-05-25,2026-05-28,CZ-WEB-01,C016646,VM-APP-0011,1,2406.0,0.0,CZK
SO-2026-007347,1,2026-05-25,2026-05-28,CZ-WEB-01,C021949,VM-BIK-0013,1,28164.0,0.0,CZK
SO-2026-007347,2,2026-05-25,2026-05-28,CZ-WEB-01,C021949,VM-ACC-0007,1,2112.0,0.0,CZK
SO-2026-007348,1,2026-05-25,2026-05-25,DE-BER-01,C015149,VM-BIK-0007,1,1686.3,0.0,EUR
SO-2026-007349,1,2026-05-25,2026-05-25,DE-BER-01,,VM-APP-0006,1,74.15,0.0,EUR
SO-2026-007349,2,2026-05-25,2026-05-25,DE-BER-01,,VM-EBK-0004,1,2650.24,0.0,EUR
SO-2026-007350,1,2026-05-25,2026-05-25,DE-BER-01,C019406,VM-ACC-0022,1,375.53,0.0,EUR
SO-2026-007350,2,2026-05-25,2026-05-25,DE-BER-01,C019406,VM-APP-0008,1,38.27,0.0,EUR
SO-2026-007351,1,2026-05-25,2026-05-29,DE-WEB-01,C021950,VM-EBK-0005,1,4173.89,0.0,EUR
SO-2026-007352,1,2026-05-25,2026-05-28,DE-WEB-01,C021951,VM-NUT-0009,2,20.33,0.05,EUR
SO-2026-007352,2,2026-05-25,2026-05-28,DE-WEB-01,C021951,VM-NUT-0002,15,3.59,0.05,EUR
SO-2026-007352,3,2026-05-25,2026-05-28,DE-WEB-01,C021951,VM-EBK-0002,1,2379.96,0.05,EUR
SO-2026-007353,1,2026-05-25,2026-05-26,DE-WEB-01,C021952,VM-NUT-0006,10,2.39,0.0,EUR
SO-2026-007354,1,2026-05-25,2026-05-28,DE-WEB-01,C019649,VM-APP-0017,2,45.44,0.0,EUR
SO-2026-007355,1,2026-05-26,2026-05-26,PL-WAW-01,C011953,VM-ACC-0008,2,407.19,0.05,PLN
SO-2026-007356,1,2026-05-26,2026-05-26,PL-WAW-01,C013354,VM-CMP-0002,1,570.07,0.0,PLN
SO-2026-007357,1,2026-05-26,2026-05-26,PL-WAW-02,C012995,VM-ACC-0019,1,50.89,0.0,PLN
SO-2026-007358,1,2026-05-26,2026-05-26,PL-KRK-01,C014473,VM-BIK-0013,1,4886.39,0.05,PLN
SO-2026-007359,1,2026-05-26,2026-05-26,PL-KRK-01,C020496,VM-BIK-0012,2,12022.57,0.1,PLN
SO-2026-007360,1,2026-05-26,2026-05-26,PL-KRK-01,,VM-BIK-0020,1,1231.77,0.0,PLN
SO-2026-007360,2,2026-05-26,2026-05-26,PL-KRK-01,,VM-ACC-0008,1,407.19,0.0,PLN
SO-2026-007360,3,2026-05-26,2026-05-26,PL-KRK-01,,VM-ACC-0007,1,366.47,0.0,PLN
SO-2026-007360,4,2026-05-26,2026-05-26,PL-KRK-01,,VM-BIK-0003,1,6657.71,0.1,PLN
SO-2026-007361,1,2026-05-26,2026-05-26,PL-KRK-01,C016074,VM-NUT-0006,3,10.17,0.0,PLN
SO-2026-007361,2,2026-05-26,2026-05-26,PL-KRK-01,C016074,VM-APP-0010,1,173.05,0.0,PLN
SO-2026-007362,1,2026-05-26,2026-05-26,PL-WRO-01,,VM-ACC-0013,1,173.05,0.0,PLN
SO-2026-007362,2,2026-05-26,2026-05-26,PL-WRO-01,,VM-ACC-0019,1,50.89,0.0,PLN
SO-2026-007363,1,2026-05-26,2026-05-26,PL-WRO-01,C021953,VM-EBK-0008,1,15371.79,0.0,PLN
SO-2026-007364,1,2026-05-26,2026-05-26,PL-WRO-01,C014505,VM-NUT-0004,7,7.12,0.0,PLN
SO-2026-007365,1,2026-05-26,2026-05-26,PL-GDN-01,C018193,VM-APP-0004,1,244.31,0.05,PLN
SO-2026-007366,1,2026-05-26,2026-05-26,PL-GDN-01,C011876,VM-BIK-0002,1,9803.33,0.0,PLN
SO-2026-007366,2,2026-05-26,2026-05-26,PL-GDN-01,C011876,VM-ACC-0007,1,366.47,0.0,PLN
SO-2026-007366,3,2026-05-26,2026-05-26,PL-GDN-01,C011876,VM-ACC-0005,1,183.23,0.0,PLN
SO-2026-007366,4,2026-05-26,2026-05-26,PL-GDN-01,C011876,VM-APP-0007,2,162.87,0.0,PLN
SO-2026-007367,1,2026-05-26,2026-05-26,PL-GDN-01,,VM-ACC-0008,1,407.19,0.0,PLN
SO-2026-007368,1,2026-05-26,2026-05-26,PL-GDN-01,C021954,VM-ACC-0003,1,295.21,0.0,PLN
SO-2026-007369,1,2026-05-26,2026-05-26,PL-GDN-01,C003234,VM-APP-0010,1,173.05,0.0,PLN
SO-2026-007370,1,2026-05-26,2026-05-26,PL-GDN-01,C021955,VM-CMP-0006,2,203.59,0.05,PLN
SO-2026-007371,1,2026-05-26,2026-05-26,PL-LDZ-01,C009938,VM-NUT-0008,10,10.17,0.0,PLN
SO-2026-007371,2,2026-05-26,2026-05-26,PL-LDZ-01,C009938,VM-BIK-0022,1,1425.19,0.0,PLN
SO-2026-007371,3,2026-05-26,2026-05-26,PL-LDZ-01,C009938,VM-NUT-0004,3,7.12,0.0,PLN
SO-2026-007372,1,2026-05-26,2026-05-26,PL-LDZ-01,C020386, VM-EBK-0003 ,1,9253.61,0.0,PLN
SO-2026-007373,1,2026-05-26,2026-05-30,PL-WEB-01,C019138,VM-BIK-0020,1,1231.77,0.0,PLN
SO-2026-007374,1,2026-05-26,2026-05-30,PL-WEB-01,C006483,VM-ACC-0008,4,407.19,0.1,PLN
SO-2026-007375,1,2026-05-26,2026-05-28,PL-WEB-01,C021956,VM-EBK-0007,1,14964.59,0.0,PLN
SO-2026-007376,1,2026-05-26,2026-05-28,PL-WEB-01,C021957,VM-APP-0008,2,162.87,0.0,PLN
SO-2026-007377,1,2026-05-26,2026-05-29,PL-WEB-01,C019319,VM-APP-0006,2,315.57,0.0,PLN
SO-2026-007377,2,2026-05-26,2026-05-29,PL-WEB-01,C019319,VM-EBK-0004,1,11279.43,0.0,PLN
SO-2026-007378,1,2026-05-26,2026-05-28,PL-WEB-01,C018312, VM-EBK-0004 ,1,11279.43,0.0,PLN
SO-2026-007378,2,2026-05-26,2026-05-28,PL-WEB-01,C018312,VM-ACC-0015,1,356.29,0.0,PLN
SO-2026-007379,1,2026-05-26,2026-05-28,PL-WEB-01,C021958,VM-ACC-0002,1,620.97,0.0,PLN
SO-2026-007380,1,2026-05-26,2026-05-27,PL-WEB-01,C021959,VM-CMP-0005,2,1506.63,0.0,PLN
SO-2026-007380,2,2026-05-26,2026-05-27,PL-WEB-01,C021959,VM-NUT-0009,1,86.52,0.0,PLN
SO-2026-007381,1,2026-05-26,2026-05-29,PL-WEB-01,C014627,VM-EBK-0010,1,13732.81,0.0,PLN
SO-2026-007382,1,2026-05-26,2026-05-29,PL-WEB-01,C021960,VM-APP-0012,1,885.65,0.0,PLN
SO-2026-007382,2,2026-05-26,2026-05-29,PL-WEB-01,C021960,VM-APP-0004,2,244.31,0.0,PLN
SO-2026-007382,3,2026-05-26,2026-05-29,PL-WEB-01,C021960,VM-NUT-0004,4,7.12,0.0,PLN
SO-2026-007382,4,2026-05-26,2026-05-29,PL-WEB-01,C021960,VM-ACC-0014,1,111.97,0.0,PLN
SO-2026-007383,1,2026-05-26,2026-05-29,PL-WEB-01,C009360,VM-ACC-0020,1,824.57,0.0,PLN
SO-2026-007383,2,2026-05-26,2026-05-29,PL-WEB-01,C009360,VM-ACC-0002,2,620.97,0.0,PLN
SO-2026-007384,1,2026-05-26,2026-05-28,PL-WEB-01,C021961,VM-BIK-0002,1,9803.33,0.0,PLN
SO-2026-007385,1,2026-05-26,2026-05-27,PL-WEB-01,C021962,VM-EBK-0002,1,10129.09,0.0,PLN
SO-2026-007385,2,2026-05-26,2026-05-27,PL-WEB-01,C021962,VM-ACC-0014,1,111.97,0.0,PLN
SO-2026-007386,1,2026-05-26,2026-05-29,PL-MKT-01,C000128,VM-CMP-0019,3,213.77,0.0,PLN
SO-2026-007386,2,2026-05-26,2026-05-29,PL-MKT-01,C000128,VM-BIK-0009,1,5741.51,0.0,PLN
SO-2026-007387,1,2026-05-26,2026-05-30,PL-MKT-01,C015311,VM-BIK-0013,1,4886.39,0.0,PLN
SO-2026-007388,1,2026-05-26,2026-05-28,PL-MKT-01,C014407,VM-NUT-0001,15,9.15,0.0,PLN
SO-2026-007388,2,2026-05-26,2026-05-28,PL-MKT-01,C014407,VM-CMP-0015,1,936.55,0.0,PLN
SO-2026-007388,3,2026-05-26,2026-05-28,PL-MKT-01,C014407,VM-APP-0020,2,183.23,0.0,PLN
SO-2026-007389,1,2026-05-26,2026-05-29,PL-MKT-01,C018277,VM-BIK-0007,1,7176.89,0.0,PLN
SO-2026-007389,2,2026-05-26,2026-05-29,PL-MKT-01,C018277,VM-ACC-0007,1,366.47,0.0,PLN
SO-2026-007389,3,2026-05-26,2026-05-29,PL-MKT-01,C018277,VM-ACC-0014,1,111.97,0.0,PLN
SO-2026-007390,1,2026-05-26,2026-05-29,PL-MKT-01,C015586,VM-CMP-0015,2,936.55,0.0,PLN
SO-2026-007390,2,2026-05-26,2026-05-29,PL-MKT-01,C015586,VM-ACC-0008,2,407.19,0.0,PLN
SO-2026-007390,3,2026-05-26,2026-05-29,PL-MKT-01,C015586,VM-BIK-0001,1,13936.41,0.0,PLN
SO-2026-007390,4,2026-05-26,2026-05-29,PL-MKT-01,C015586,VM-BIK-0019,1,1231.77,0.0,PLN
SO-2026-007391,1,2026-05-26,2026-05-28,PL-MKT-01,C021963,VM-CMP-0001,2,407.19,0.0,PLN
SO-2026-007391,2,2026-05-26,2026-05-28,PL-MKT-01,C021963,VM-APP-0008,2,162.87,0.0,PLN
SO-2026-007391,3,2026-05-26,2026-05-28,PL-MKT-01,C021963,VM-APP-0019,2,67.18,0.0,PLN
SO-2026-007391,4,2026-05-26,2026-05-28,PL-MKT-01,C021963,VM-BIK-0016,1,3654.61,0.0,PLN
SO-2026-007392,1,2026-05-26,2026-05-27,PL-MKT-01,C021593,VM-NUT-0001,9,9.15,0.05,PLN
SO-2026-007393,1,2026-05-26,2026-05-27,PL-MKT-01,C021964,VM-EBK-0005,1,17764.09,0.0,PLN
SO-2026-007393,2,2026-05-26,2026-05-27,PL-MKT-01,C021964,VM-ACC-0013,1,173.05,0.0,PLN
SO-2026-007394,1,2026-05-26,2026-05-29,PL-MKT-01,C016316,VM-BIK-0001,1,13936.41,0.0,PLN
SO-2026-007394,2,2026-05-26,2026-05-29,PL-MKT-01,C016316,VM-ACC-0017,2,59.03,0.0,PLN
SO-2026-007395,1,2026-05-26,2026-05-26,CZ-PRG-01,,VM-BIK-0009,1,33092.0,0.0,CZK
SO-2026-007395,2,2026-05-26,2026-05-26,CZ-PRG-01,,VM-ACC-0007,1,2112.0,0.0,CZK
SO-2026-007395,3,2026-05-26,2026-05-26,CZ-PRG-01,,VM-NUT-0006,10,59.0,0.0,CZK
SO-2026-007395,4,2026-05-26,2026-05-26,CZ-PRG-01,,VM-ACC-0016,3,170.0,0.0,CZK
SO-2026-007396,1,2026-05-26,2026-05-26,CZ-BRN-01,,VM-BIK-0019,1,7100.0,0.0,CZK
SO-2026-007397,1,2026-05-26,2026-05-28,CZ-WEB-01,C016486,VM-ACC-0018,6,293.0,0.1,CZK
SO-2026-007397,2,2026-05-26,2026-05-28,CZ-WEB-01,C016486,VM-CMP-0009,4,2054.0,0.08,CZK
SO-2026-007398,1,2026-05-26,2026-05-27,CZ-WEB-01,C014847,VM-EBK-0008,1,88598.0,0.05,CZK
SO-2026-007398,2,2026-05-26,2026-05-27,CZ-WEB-01,C014847,VM-APP-0007,2,939.0,0.05,CZK
SO-2026-007398,3,2026-05-26,2026-05-27,CZ-WEB-01,C014847,VM-ACC-0014,1,645.0,0.05,CZK
SO-2026-007399,1,2026-05-26,2026-05-28,CZ-WEB-01,C017960,VM-CMP-0009,2,2054.0,0.05,CZK
SO-2026-007400,1,2026-05-26,2026-05-28,CZ-WEB-01,C013245,VM-NUT-0008,11,59.0,0.0,CZK
SO-2026-007400,2,2026-05-26,2026-05-28,CZ-WEB-01,C013245,VM-CMP-0014,1,2523.0,0.0,CZK
SO-2026-007400,3,2026-05-26,2026-05-28,CZ-WEB-01,C013245,VM-ACC-0002,2,3579.0,0.0,CZK
SO-2026-007400,4,2026-05-26,2026-05-28,CZ-WEB-01,C013245,VM-APP-0015,1,3344.0,0.0,CZK
SO-2026-007401,1,2026-05-26,2026-05-28,CZ-WEB-01,C018263,VM-APP-0004,3,1408.0,0.0,CZK
SO-2026-007401,2,2026-05-26,2026-05-28,CZ-WEB-01,C018263,VM-CMP-0002,2,3286.0,0.0,CZK
SO-2026-007402,1,2026-05-26,2026-05-27,CZ-WEB-01,C021965,VM-APP-0005,2,1056.0,0.05,CZK
SO-2026-007403,1,2026-05-26,2026-05-26,DE-BER-01,,VM-ACC-0008,2,95.67,0.0,EUR
SO-2026-007404,1,2026-05-26,2026-05-27,DE-WEB-01,C020208,VM-APP-0011,2,98.07,0.0,EUR
SO-2026-007405,1,2026-05-26,2026-05-27,DE-WEB-01,C004223,VM-BIK-0020,1,289.42,0.05,EUR
SO-2026-007406,1,2026-05-26,2026-05-28,DE-WEB-01,C021966,VM-APP-0003,1,74.15,0.05,EUR
SO-2026-007407,1,2026-05-26,2026-05-30,DE-WEB-01,C013630,VM-NUT-0002,12,3.59,0.0,EUR
SO-2026-007407,2,2026-05-26,2026-05-30,DE-WEB-01,C013630,VM-BIK-0006,1,1576.27,0.0,EUR
SO-2026-007408,1,2026-05-26,2026-05-30,DE-WEB-01,C020237,VM-APP-0013,1,105.24,0.0,EUR
SO-2026-007408,2,2026-05-26,2026-05-30,DE-WEB-01,C020237,VM-ACC-0014,1,26.31,0.0,EUR
SO-2026-007408,3,2026-05-26,2026-05-30,DE-WEB-01,C020237,VM-CMP-0013,2,126.77,0.0,EUR
SO-2026-007408,4,2026-05-26,2026-05-30,DE-WEB-01,C020237,VM-ACC-0017,1,13.87,0.0,EUR
SO-2026-007409,1,2026-05-26,2026-05-29,DE-WEB-01,C021967,VM-APP-0002,3,105.24,0.0,EUR
SO-2026-007409,2,2026-05-26,2026-05-29,DE-WEB-01,C021967,VM-CMP-0018,1,14.83,0.0,EUR
SO-2026-007410,1,2026-05-26,2026-05-27,DE-WEB-01,C021968,VM-BIK-0007,1,1686.3,0.05,EUR
SO-2026-007411,1,2026-05-26,2026-05-30,DE-WEB-01,C021969,VM-BIK-0013,1,1148.12,0.0,EUR
SO-2026-007411,2,2026-05-26,2026-05-30,DE-WEB-01,C021969,VM-APP-0005,1,43.05,0.0,EUR
SO-2026-007411,3,2026-05-26,2026-05-30,DE-WEB-01,C021969,VM-ACC-0008,2,95.67,0.0,EUR
SO-2026-007412,1,2026-05-26,2026-05-28,DE-WEB-01,C021970,VM-APP-0013,1,105.24,0.0,EUR
SO-2026-007412,2,2026-05-26,2026-05-28,DE-WEB-01,C021970,VM-CMP-0009,2,83.71,0.0,EUR
SO-2026-007412,3,2026-05-26,2026-05-28,DE-WEB-01,C021970,VM-EBK-0002,1,2379.96,0.0,EUR
SO-2026-007413,1,2026-05-26,2026-05-30,DE-WEB-01,C013511,VM-BIK-0009,1,1349.04,0.0,EUR
SO-2026-007413,2,2026-05-26,2026-05-30,DE-WEB-01,C013511,VM-APP-0013,1,105.24,0.0,EUR
SO-2026-007414,1,2026-05-26,2026-05-27,DE-WEB-01,C002829,VM-CMP-0002,2,133.94,0.0,EUR
SO-2026-007415,1,2026-05-27,2026-05-27,PL-WAW-01,C007750,VM-EBK-0002,1,10129.09,0.0,PLN
SO-2026-007415,2,2026-05-27,2026-05-27,PL-WAW-01,C007750,VM-ACC-0017,3,59.03,0.0,PLN
SO-2026-007415,3,2026-05-27,2026-05-27,PL-WAW-01,C007750,VM-ACC-0010,1,254.49,0.0,PLN
SO-2026-007416,1,2026-05-27,2026-05-27,PL-WAW-01,C020515,VM-ACC-0016,3,29.51,0.0,PLN
SO-2026-007416,2,2026-05-27,2026-05-27,PL-WAW-01,C020515,VM-NUT-0007,8,13.22,0.0,PLN
SO-2026-007416,3,2026-05-27,2026-05-27,PL-WAW-01,C020515,VM-EBK-0004,1,11279.43,0.0,PLN
SO-2026-007417,1,2026-05-27,2026-05-27,PL-WAW-01,C020079,VM-ACC-0010,2,254.49,0.0,PLN
SO-2026-007417,2,2026-05-27,2026-05-27,PL-WAW-01,C020079,VM-BIK-0016,1,3654.61,0.0,PLN
SO-2026-007417,3,2026-05-27,2026-05-27,PL-WAW-01,C020079,VM-BIK-0009,1,5741.51,0.0,PLN
SO-2026-007417,4,2026-05-27,2026-05-27,PL-WAW-01,C020079,VM-CMP-0005,2,1506.63,0.0,PLN
SO-2026-007418,1,2026-05-27,2026-05-27,PL-WAW-01,C010734,VM-ACC-0016,3,29.51,0.0,PLN
SO-2026-007419,1,2026-05-27,2026-05-27,PL-WAW-01,C021971,VM-BIK-0017,1,1944.37,0.0,PLN
SO-2026-007420,1,2026-05-27,2026-05-27,PL-WAW-01,,VM-BIK-0007,1,7176.89,0.0,PLN
SO-2026-007421,1,2026-05-27,2026-05-27,PL-WAW-01,C015922,VM-APP-0012,1,885.65,0.0,PLN
SO-2026-007422,1,2026-05-27,2026-05-27,PL-WAW-02,C021028,VM-APP-0012,1,885.65,0.0,PLN
SO-2026-007422,2,2026-05-27,2026-05-27,PL-WAW-02,C021028,VM-EBK-0010,1,13732.81,0.0,PLN
SO-2026-007422,3,2026-05-27,2026-05-27,PL-WAW-02,C021028,VM-ACC-0008,1,407.19,0.0,PLN
SO-2026-007423,1,2026-05-27,2026-05-27,PL-WAW-02,,VM-ACC-0008,1,407.19,0.0,PLN
SO-2026-007423,2,2026-05-27,2026-05-27,PL-WAW-02,,VM-CMP-0017,2,508.99,0.0,PLN
SO-2026-007424,1,2026-05-27,2026-05-27,PL-KRK-01,C021972,VM-APP-0002,3,447.91,0.0,PLN
SO-2026-007425,1,2026-05-27,2026-05-27,PL-KRK-01,C011864,VM-NUT-0002,3,15.26,0.0,PLN
SO-2026-007425,2,2026-05-27,2026-05-27,PL-KRK-01,C011864,VM-BIK-0007,1,7176.89,0.0,PLN
SO-2026-007426,1,2026-05-27,2026-05-27,PL-KRK-01,C021973,VM-NUT-0007,8,13.22,0.0,PLN
SO-2026-007427,1,2026-05-27,2026-05-27,PL-KRK-01,C015289,VM-APP-0005,3,183.23,0.0,PLN
SO-2026-007427,2,2026-05-27,2026-05-27,PL-KRK-01,C015289,vm-acc-0001,1,386.83,0.0,PLN
SO-2026-007427,3,2026-05-27,2026-05-27,PL-KRK-01,C015289,VM-EBK-0009,1,10088.37,0.0,PLN
SO-2026-007428,1,2026-05-27,2026-05-27,PL-KRK-01,C015472,VM-EBK-0004,1,11279.43,0.0,PLN
SO-2026-007429,1,2026-05-27,2026-05-27,PL-KRK-01,,VM-APP-0019,1,67.18,0.0,PLN
SO-2026-007430,1,2026-05-27,2026-05-27,PL-KRK-01,C016184,vm-ebk-0009,1,10088.37,0.0,PLN
SO-2026-007430,2,2026-05-27,2026-05-27,PL-KRK-01,C016184,VM-ACC-0008,1,407.19,0.0,PLN
SO-2026-007431,1,2026-05-27,2026-05-27,PL-KRK-01,C021974,VM-ACC-0014,1,111.97,0.05,PLN
SO-2026-007432,1,2026-05-27,2026-05-27,PL-WRO-01,C021975,VM-BIK-0010,1,6433.75,0.0,PLN
SO-2026-007433,1,2026-05-27,2026-05-27,PL-WRO-01,C018351,VM-ACC-0013,1,173.05,0.0,PLN
SO-2026-007434,1,2026-05-27,2026-05-27,PL-GDN-01,C021976,VM-EBK-0008,1,15371.79,0.0,PLN
SO-2026-007434,2,2026-05-27,2026-05-27,PL-GDN-01,C021976,VM-ACC-0008,2,407.19,0.0,PLN
SO-2026-007434,3,2026-05-27,2026-05-27,PL-GDN-01,C021976,VM-ACC-0005,1,183.23,0.0,PLN
SO-2026-007435,1,2026-05-27,2026-05-27,PL-GDN-01,C019979,VM-EBK-0010,1,13732.81,0.0,PLN
SO-2026-007435,2,2026-05-27,2026-05-27,PL-GDN-01,C019979, VM-ACC-0008 ,1,407.19,0.0,PLN
SO-2026-007436,1,2026-05-27,2026-05-27,PL-GDN-01,C006856,VM-EBK-0007,1,14964.59,0.0,PLN
SO-2026-007436,2,2026-05-27,2026-05-27,PL-GDN-01,C006856,VM-ACC-0008,2,407.19,0.0,PLN
SO-2026-007437,1,2026-05-27,2026-05-27,PL-GDN-01,C020267,VM-ACC-0002,2,620.97,0.0,PLN
SO-2026-007437,2,2026-05-27,2026-05-27,PL-GDN-01,C020267,VM-CMP-0011,2,162.87,0.0,PLN
SO-2026-007438,1,2026-05-27,2026-05-27,PL-GDN-01,C020750,VM-APP-0019,1,67.18,0.0,PLN
SO-2026-007439,1,2026-05-27,2026-05-27,PL-GDN-01,C016926,VM-NUT-0009,2,86.52,0.0,PLN
SO-2026-007440,1,2026-05-27,2026-05-27,PL-GDN-01,,VM-APP-0010,1,173.05,0.0,PLN
SO-2026-007441,1,2026-05-27,2026-05-27,PL-POZ-01,C006856,VM-APP-0020,2,183.23,0.0,PLN
SO-2026-007442,1,2026-05-27,2026-05-27,PL-POZ-01,,VM-CMP-0022,1,36.64,0.0,PLN
SO-2026-007442,2,2026-05-27,2026-05-27,PL-POZ-01,,VM-ACC-0007,2,366.47,0.0,PLN
SO-2026-007442,3,2026-05-27,2026-05-27,PL-POZ-01,,VM-APP-0006,3,315.57,0.0,PLN
SO-2026-007442,4,2026-05-27,2026-05-27,PL-POZ-01,,VM-ACC-0008,2,407.19,0.0,PLN
SO-2026-007443,1,2026-05-27,2026-05-27,PL-LDZ-01,C021977,VM-NUT-0003,6,11.19,0.0,PLN
SO-2026-007444,1,2026-05-27,2026-05-27,PL-LDZ-01,,VM-ACC-0017,3,59.03,0.0,PLN
SO-2026-007444,2,2026-05-27,2026-05-27,PL-LDZ-01,,VM-ACC-0013,1,173.05,0.0,PLN
SO-2026-007445,1,2026-05-27,2026-05-29,PL-WEB-01,C021978,VM-APP-0019,2,67.18,0.0,PLN
SO-2026-007446,1,2026-05-27,2026-05-30,PL-WEB-01,C021979,VM-CMP-0001,2,407.19,0.0,PLN
SO-2026-007446,2,2026-05-27,2026-05-30,PL-WEB-01,C021979,VM-EBK-0003,1,9253.61,0.0,PLN
SO-2026-007446,3,2026-05-27,2026-05-30,PL-WEB-01,C021979,VM-BIK-0008,1,5405.57,0.0,PLN
SO-2026-007447,1,2026-05-27,2026-05-30,PL-WEB-01,C021980,VM-APP-0010,1,173.05,0.05,PLN
SO-2026-007447,2,2026-05-27,2026-05-30,PL-WEB-01,C021980,VM-BIK-0016,1,3654.61,0.05,PLN
SO-2026-007447,3,2026-05-27,2026-05-30,PL-WEB-01,C021980,VM-APP-0006,1,315.57,0.05,PLN
SO-2026-007447,4,2026-05-27,2026-05-30,PL-WEB-01,C021980,VM-EBK-0003,1,9253.61,0.05,PLN
SO-2026-007448,1,2026-05-27,2026-05-30,PL-WEB-01,C021981,VM-EBK-0008,1,15371.79,0.0,PLN
SO-2026-007449,1,2026-05-27,2026-05-28,PL-WEB-01,C015922, VM-ACC-0002 ,1,620.97,0.0,PLN
SO-2026-007449,2,2026-05-27,2026-05-28,PL-WEB-01,C015922,VM-NUT-0009,1,86.52,0.0,PLN
SO-2026-007449,3,2026-05-27,2026-05-28,PL-WEB-01,C015922,VM-BIK-0009,1,5741.51,0.0,PLN
SO-2026-007449,4,2026-05-27,2026-05-28,PL-WEB-01,C015922,VM-ACC-0019,3,50.89,0.0,PLN
SO-2026-007450,1,2026-05-27,2026-05-29,PL-WEB-01,C017507,VM-APP-0002,2,447.91,0.0,PLN
SO-2026-007450,2,2026-05-27,2026-05-29,PL-WEB-01,C017507,VM-BIK-0004,1,4346.85,0.0,PLN
SO-2026-007451,1,2026-05-27,2026-05-30,PL-WEB-01,C020982,VM-APP-0004,1,244.31,0.0,PLN
SO-2026-007451,2,2026-05-27,2026-05-30,PL-WEB-01,C020982,VM-APP-0003,2,315.57,0.0,PLN
SO-2026-007451,3,2026-05-27,2026-05-30,PL-WEB-01,C020982,VM-ACC-0015,1,356.29,0.0,PLN
SO-2026-007452,1,2026-05-27,2026-05-30,PL-WEB-01,C018429,VM-EBK-0005,1,17764.09,0.05,PLN
SO-2026-007452,2,2026-05-27,2026-05-30,PL-WEB-01,C018429,VM-BIK-0012,1,12022.57,0.05,PLN
SO-2026-007452,3,2026-05-27,2026-05-30,PL-WEB-01,C018429,VM-ACC-0020,1,824.57,0.05,PLN
SO-2026-007453,1,2026-05-27,2026-05-28,PL-WEB-01,C021982,VM-APP-0009,1,356.29,0.0,PLN
SO-2026-007454,1,2026-05-27,2026-05-29,PL-WEB-01,C018156,VM-BIK-0008,1,5405.57,0.0,PLN
SO-2026-007455,1,2026-05-27,2026-05-28,PL-WEB-01,C021983,VM-APP-0018,2,132.33,0.05,PLN
SO-2026-007456,1,2026-05-27,2026-05-31,PL-WEB-01,C014200,VM-NUT-0006,7,10.17,0.0,PLN
SO-2026-007457,1,2026-05-27,2026-05-30,PL-WEB-01,C017796,VM-APP-0020,2,183.23,0.05,PLN
SO-2026-007457,2,2026-05-27,2026-05-30,PL-WEB-01,C017796,vm-nut-0011,1,54.96,0.05,PLN
SO-2026-007457,3,2026-05-27,2026-05-30,PL-WEB-01,C017796,VM-BIK-0021,1,1272.49,0.05,PLN
SO-2026-007457,4,2026-05-27,2026-05-30,PL-WEB-01,C017796,VM-EBK-0007,1,14964.59,0.05,PLN
SO-2026-007458,1,2026-05-27,2026-05-28,PL-WEB-01,C021984,VM-NUT-0006,3,10.17,0.0,PLN
SO-2026-007458,2,2026-05-27,2026-05-28,PL-WEB-01,C021984,VM-NUT-0008,12,10.17,0.0,PLN
SO-2026-007458,3,2026-05-27,2026-05-28,PL-WEB-01,C021984,VM-CMP-0009,2,356.29,0.0,PLN
SO-2026-007459,1,2026-05-27,2026-05-31,PL-WEB-01,C013508,VM-APP-0012,2,885.65,0.08,PLN
SO-2026-007460,1,2026-05-27,2026-05-31,PL-WEB-01,C021985,VM-BIK-0012,1,12022.57,0.05,PLN
SO-2026-007460,2,2026-05-27,2026-05-31,PL-WEB-01,C021985,VM-ACC-0007,1,366.47,0.05,PLN
SO-2026-007461,1,2026-05-27,2026-05-29,PL-WEB-01,C021698,VM-BIK-0017,1,1944.37,0.0,PLN
SO-2026-007462,1,2026-05-27,2026-05-30,PL-MKT-01,C015183,VM-EBK-0003,1,9253.61,0.0,PLN
SO-2026-007463,1,2026-05-27,2026-05-31,PL-MKT-01,C021699,VM-EBK-0009,1,10088.37,0.0,PLN
SO-2026-007463,2,2026-05-27,2026-05-31,PL-MKT-01,C021699,VM-ACC-0014,1,111.97,0.0,PLN
SO-2026-007464,1,2026-05-27,2026-05-29,PL-MKT-01,C008970,VM-APP-0008,1,162.87,0.0,PLN
SO-2026-007464,2,2026-05-27,2026-05-29,PL-MKT-01,C008970,VM-BIK-0003,1,6657.71,0.0,PLN
SO-2026-007465,1,2026-05-27,2026-05-29,PL-MKT-01,C011864,VM-NUT-0001,5,9.15,0.0,PLN
SO-2026-007466,1,2026-05-27,2026-05-29,PL-MKT-01,C021986,VM-APP-0017,2,193.41,0.0,PLN
SO-2026-007466,2,2026-05-27,2026-05-29,PL-MKT-01,C021986,VM-CMP-0015,1,936.55,0.0,PLN
SO-2026-007467,1,2026-05-27,2026-05-27,CZ-PRG-01,,VM-NUT-0001,10,53.0,0.0,CZK
SO-2026-007467,2,2026-05-27,2026-05-27,CZ-PRG-01,,VM-ACC-0013,1,997.0,0.0,CZK
SO-2026-007468,1,2026-05-27,2026-05-27,CZ-PRG-01,C021987,VM-BIK-0004,1,25054.0,0.0,CZK
SO-2026-007468,2,2026-05-27,2026-05-27,CZ-PRG-01,C021987,VM-ACC-0009,2,2347.0,0.0,CZK
SO-2026-007468,3,2026-05-27,2026-05-27,CZ-PRG-01,C021987,VM-CMP-0005,1,8684.0,0.0,CZK
SO-2026-007469,1,2026-05-27,2026-05-27,CZ-PRG-01,C020898,VM-NUT-0004,3,41.0,0.05,CZK
SO-2026-007470,1,2026-05-27,2026-05-27,CZ-PRG-01,C021132,VM-BIK-0020,1,7100.0,0.0,CZK
SO-2026-007471,1,2026-05-27,2026-05-27,CZ-PRG-01,,VM-BIK-0019,1,7100.0,0.0,CZK
SO-2026-007471,2,2026-05-27,2026-05-27,CZ-PRG-01,,VM-ACC-0007,2,2112.0,0.0,CZK
SO-2026-007471,3,2026-05-27,2026-05-27,CZ-PRG-01,,VM-APP-0010,2,997.0,0.0,CZK
SO-2026-007471,4,2026-05-27,2026-05-27,CZ-PRG-01,,VM-ACC-0016,3,170.0,0.0,CZK
SO-2026-007472,1,2026-05-27,2026-05-27,CZ-BRN-01,C020920,VM-CMP-0018,2,364.0,0.08,CZK
SO-2026-007472,2,2026-05-27,2026-05-27,CZ-BRN-01,C020920,VM-APP-0007,4,939.0,0.1,CZK
SO-2026-007472,3,2026-05-27,2026-05-27,CZ-BRN-01,C020920,VM-APP-0002,9,2582.0,0.1,CZK
SO-2026-007473,1,2026-05-27,2026-05-27,CZ-BRN-01,C021988,VM-BIK-0004,1,25054.0,0.0,CZK
SO-2026-007473,2,2026-05-27,2026-05-27,CZ-BRN-01,C021988,VM-ACC-0010,2,1467.0,0.0,CZK
SO-2026-007474,1,2026-05-27,2026-05-31,CZ-WEB-01,C009626,VM-BIK-0006,1,38666.0,0.0,CZK
SO-2026-007475,1,2026-05-27,2026-05-31,CZ-WEB-01,C012485,VM-ACC-0013,5,997.0,0.1,CZK
SO-2026-007476,1,2026-05-27,2026-05-29,CZ-WEB-01,C012648,VM-BIK-0001,1,80325.0,0.0,CZK
SO-2026-007476,2,2026-05-27,2026-05-29,CZ-WEB-01,C012648,vm-acc-0014,1,645.0,0.0,CZK
SO-2026-007476,3,2026-05-27,2026-05-29,CZ-WEB-01,C012648,VM-ACC-0003,1,1701.0,0.0,CZK
SO-2026-007477,1,2026-05-27,2026-05-29,CZ-WEB-01,C021208,VM-CMP-0023,3,346.0,0.1,CZK
SO-2026-007478,1,2026-05-27,2026-05-30,CZ-WEB-01,C013466,VM-APP-0020,1,1056.0,0.0,CZK
SO-2026-007478,2,2026-05-27,2026-05-30,CZ-WEB-01,C013466,VM-APP-0010,2,997.0,0.0,CZK
SO-2026-007479,1,2026-05-27,2026-05-31,CZ-WEB-01,C016486,VM-APP-0002,4,2582.0,0.08,CZK
SO-2026-007479,2,2026-05-27,2026-05-31,CZ-WEB-01,C016486,VM-ACC-0017,2,340.0,0.12,CZK
SO-2026-007480,1,2026-05-27,2026-05-27,DE-BER-01,C021989,VM-CMP-0005,1,354.0,0.05,EUR
SO-2026-007481,1,2026-05-27,2026-05-27,DE-BER-01,C021990,VM-ACC-0008,2,95.67,0.0,EUR
SO-2026-007481,2,2026-05-27,2026-05-27,DE-BER-01,C021990,VM-EBK-0010,1,3226.69,0.0,EUR
SO-2026-007481,3,2026-05-27,2026-05-27,DE-BER-01,C021990,VM-CMP-0005,2,354.0,0.0,EUR
SO-2026-007481,4,2026-05-27,2026-05-27,DE-BER-01,C021990,VM-NUT-0002,6,3.59,0.0,EUR
SO-2026-007482,1,2026-05-27,2026-05-27,DE-BER-01,,VM-APP-0008,1,38.27,0.0,EUR
SO-2026-007483,1,2026-05-27,2026-05-27,DE-BER-01,C017883,VM-BIK-0019,1,289.42,0.0,EUR
SO-2026-007483,2,2026-05-27,2026-05-27,DE-BER-01,C017883,VM-CMP-0009,1,83.71,0.0,EUR
SO-2026-007484,1,2026-05-27,2026-05-27,DE-BER-01,C015963,VM-NUT-0004,6,1.67,0.05,EUR
SO-2026-007484,2,2026-05-27,2026-05-27,DE-BER-01,C015963,VM-EBK-0009,1,2370.39,0.05,EUR
SO-2026-007485,1,2026-05-27,2026-05-27,DE-BER-01,,VM-NUT-0007,6,3.11,0.0,EUR
SO-2026-007485,2,2026-05-27,2026-05-27,DE-BER-01,,VM-ACC-0007,2,86.11,0.0,EUR
SO-2026-007485,3,2026-05-27,2026-05-27,DE-BER-01,,VM-ACC-0017,2,13.87,0.0,EUR
SO-2026-007486,1,2026-05-27,2026-05-31,DE-WEB-01,C021991,VM-EBK-0007,1,3516.12,0.0,EUR
SO-2026-007486,2,2026-05-27,2026-05-31,DE-WEB-01,C021991,VM-ACC-0008,2,95.67,0.0,EUR
SO-2026-007487,1,2026-05-27,2026-05-28,DE-WEB-01,C015089,VM-CMP-0017,1,119.59,0.0,EUR
SO-2026-007488,1,2026-05-27,2026-05-28,DE-WEB-01,C021992,VM-CMP-0016,1,588.41,0.0,EUR
SO-2026-007489,1,2026-05-27,2026-05-31,DE-WEB-01,C021993,VM-APP-0010,2,40.66,0.05,EUR
SO-2026-007490,1,2026-05-27,2026-05-31,DE-WEB-01,C021994,VM-BIK-0007,1,1686.3,0.0,EUR
SO-2026-007490,2,2026-05-27,2026-05-31,DE-WEB-01,C021994,VM-APP-0003,2,74.15,0.0,EUR
SO-2026-007490,3,2026-05-27,2026-05-31,DE-WEB-01,C021994,VM-ACC-0001,2,90.89,0.0,EUR
SO-2026-007490,4,2026-05-27,2026-05-31,DE-WEB-01,C021994,VM-CMP-0008,2,105.24,0.0,EUR
SO-2026-007491,1,2026-05-27,2026-05-31,DE-WEB-01,C021995,VM-APP-0017,1,45.44,0.0,EUR
SO-2026-007491,2,2026-05-27,2026-05-31,DE-WEB-01,C021995,VM-APP-0012,1,208.09,0.0,EUR
SO-2026-007491,3,2026-05-27,2026-05-31,DE-WEB-01,C021995,VM-BIK-0001,1,3274.53,0.0,EUR
SO-2026-007491,4,2026-05-27,2026-05-31,DE-WEB-01,C021995,VM-ACC-0007,1,86.11,0.0,EUR
SO-2026-007492,1,2026-05-27,2026-05-28,DE-WEB-01,C010475,VM-NUT-0006,4,2.39,0.0,EUR
SO-2026-007493,1,2026-05-27,2026-05-29,DE-WEB-01,C017962,VM-APP-0014,1,117.2,0.05,EUR
SO-2026-007493,2,2026-05-27,2026-05-29,DE-WEB-01,C017962,VM-APP-0008,2,38.27,0.05,EUR
SO-2026-007494,1,2026-05-28,2026-05-28,PL-WAW-01,C019267,VM-CMP-0001,2,407.19,0.0,PLN
SO-2026-007495,1,2026-05-28,2026-05-28,PL-WAW-01,C017220,VM-BIK-0022,1,1425.19,0.0,PLN
SO-2026-007495,2,2026-05-28,2026-05-28,PL-WAW-01,C017220,VM-ACC-0018,2,50.89,0.0,PLN
SO-2026-007495,3,2026-05-28,2026-05-28,PL-WAW-01,C017220,VM-BIK-0012,1,12022.57,0.0,PLN
SO-2026-007495,4,2026-05-28,2026-05-28,PL-WAW-01,C017220,VM-NUT-0004,5,7.12,0.0,PLN
SO-2026-007496,1,2026-05-28,2026-05-28,PL-WAW-01,,VM-ACC-0013,1,173.05,0.0,PLN
SO-2026-007497,1,2026-05-28,2026-05-28,PL-WAW-01,C021788,VM-BIK-0004,1,4346.85,0.05,PLN
SO-2026-007498,1,2026-05-28,2026-05-28,PL-WAW-02,,VM-APP-0006,3,315.57,0.0,PLN
SO-2026-007499,1,2026-05-28,2026-05-28,PL-WAW-02,,VM-ACC-0008,1,407.19,0.0,PLN
SO-2026-007500,1,2026-05-28,2026-05-28,PL-WAW-02,,VM-APP-0006,1,315.57,0.1,PLN
SO-2026-007500,2,2026-05-28,2026-05-28,PL-WAW-02,,VM-BIK-0007,1,7176.89,0.0,PLN
SO-2026-007500,3,2026-05-28,2026-05-28,PL-WAW-02,,VM-ACC-0013,1,173.05,0.0,PLN
SO-2026-007501,1,2026-05-28,2026-05-28,PL-WAW-02,C012945,VM-BIK-0013,1,4886.39,0.0,PLN
SO-2026-007502,1,2026-05-28,2026-05-28,PL-KRK-01,C015619,VM-APP-0005,2,183.23,0.1,PLN
SO-2026-007503,1,2026-05-28,2026-05-28,PL-KRK-01,,VM-NUT-0002,9,15.26,0.0,PLN
SO-2026-007504,1,2026-05-28,2026-05-28,PL-KRK-01,C020574,vm-ebk-0006,1,20502.51,0.0,PLN
SO-2026-007504,2,2026-05-28,2026-05-28,PL-KRK-01,C020574,VM-EBK-0011,1,14903.51,0.0,PLN
SO-2026-007504,3,2026-05-28,2026-05-28,PL-KRK-01,C020574,VM-ACC-0004,1,794.03,0.0,PLN
SO-2026-007504,4,2026-05-28,2026-05-28,PL-KRK-01,C020574,VM-ACC-0018,2,50.89,0.0,PLN
SO-2026-007505,1,2026-05-28,2026-05-28,PL-KRK-01,C021996,VM-BIK-0009,1,5741.51,0.1,PLN
SO-2026-007505,2,2026-05-28,2026-05-28,PL-KRK-01,C021996,VM-ACC-0018,2,50.89,0.0,PLN
SO-2026-007505,3,2026-05-28,2026-05-28,PL-KRK-01,C021996,VM-ACC-0017,1,59.03,0.0,PLN
SO-2026-007505,4,2026-05-28,2026-05-28,PL-KRK-01,C021996,VM-NUT-0006,9,10.17,0.0,PLN
SO-2026-007506,1,2026-05-28,2026-05-28,PL-KRK-01,,VM-BIK-0017,1,1944.37,0.0,PLN
SO-2026-007506,2,2026-05-28,2026-05-28,PL-KRK-01,,VM-CMP-0017,1,508.99,0.0,PLN
SO-2026-007507,1,2026-05-28,2026-05-28,PL-WRO-01,C021997,VM-ACC-0008,2,407.19,0.0,PLN
SO-2026-007508,1,2026-05-28,2026-05-28,PL-WRO-01,C021185, VM-EBK-0011 ,1,14903.51,0.0,PLN
SO-2026-007509,1,2026-05-28,2026-05-28,PL-WRO-01,C021998,VM-NUT-0004,4,7.12,0.05,PLN
SO-2026-007510,1,2026-05-28,2026-05-28,PL-WRO-01,C021999,VM-NUT-0006,5,10.17,0.0,PLN
SO-2026-007510,2,2026-05-28,2026-05-28,PL-WRO-01,C021999,VM-NUT-0001,8,9.15,0.0,PLN
SO-2026-007511,1,2026-05-28,2026-05-28,PL-WRO-01,C022000,VM-BIK-0014,4,3898.93,0.1,PLN
SO-2026-007512,1,2026-05-28,2026-05-28,PL-WRO-01,C021878,VM-NUT-0009,1,86.52,0.0,PLN
SO-2026-007513,1,2026-05-28,2026-05-28,PL-GDN-01,,VM-NUT-0006,10,10.17,0.0,PLN
SO-2026-007513,2,2026-05-28,2026-05-28,PL-GDN-01,,VM-NUT-0007,5,13.22,0.0,PLN
SO-2026-007514,1,2026-05-28,2026-05-28,PL-GDN-01,C021925,VM-ACC-0021,1,794.03,0.0,PLN
SO-2026-007514,2,2026-05-28,2026-05-28,PL-GDN-01,C021925,VM-EBK-0007,1,14964.59,0.0,PLN
SO-2026-007514,3,2026-05-28,2026-05-28,PL-GDN-01,C021925,VM-CMP-0002,1,570.07,0.0,PLN
SO-2026-007515,1,2026-05-28,2026-05-28,PL-GDN-01,C022001,VM-CMP-0021,2,48.85,0.0,PLN
SO-2026-007516,1,2026-05-28,2026-05-28,PL-GDN-01,C020561,VM-EBK-0005,1,17764.09,0.0,PLN
SO-2026-007517,1,2026-05-28,2026-05-28,PL-GDN-01,,VM-CMP-0006,1,203.59,0.1,PLN
SO-2026-007518,1,2026-05-28,2026-05-28,PL-POZ-01,C020859,vm-bik-0003,5,6657.71,0.12,PLN
SO-2026-007518,2,2026-05-28,2026-05-28,PL-POZ-01,C020859,VM-ACC-0004,4,794.03,0.1,PLN
SO-2026-007519,1,2026-05-28,2026-05-28,PL-POZ-01,C022002,VM-APP-0010,2,173.05,0.0,PLN
SO-2026-007519,2,2026-05-28,2026-05-28,PL-POZ-01,C022002,VM-BIK-0017,1,1944.37,0.0,PLN
SO-2026-007520,1,2026-05-28,2026-05-28,PL-POZ-01,C018553,VM-NUT-0003,14,11.19,0.0,PLN
SO-2026-007521,1,2026-05-28,2026-05-28,PL-LDZ-01,C000139,VM-NUT-0006,12,10.17,0.12,PLN
SO-2026-007522,1,2026-05-28,2026-05-28,PL-LDZ-01,C007184,VM-ACC-0016,5,29.51,0.12,PLN
SO-2026-007522,2,2026-05-28,2026-05-28,PL-LDZ-01,C007184,VM-APP-0007,3,162.87,0.12,PLN
SO-2026-007522,3,2026-05-28,2026-05-28,PL-LDZ-01,C007184,VM-BIK-0012,4,12022.57,0.08,PLN
SO-2026-007522,4,2026-05-28,2026-05-28,PL-LDZ-01,C007184,VM-NUT-0004,20,7.12,0.1,PLN
SO-2026-007523,1,2026-05-28,2026-05-29,PL-WEB-01,C022003,VM-ACC-0008,2,407.19,0.0,PLN
SO-2026-007524,1,2026-05-28,2026-05-30,PL-WEB-01,C016794,VM-NUT-0006,6,10.17,0.05,PLN
SO-2026-007524,2,2026-05-28,2026-05-30,PL-WEB-01,C016794,VM-EBK-0009,1,10088.37,0.05,PLN
SO-2026-007524,3,2026-05-28,2026-05-30,PL-WEB-01,C016794,VM-CMP-0007,1,641.33,0.05,PLN
SO-2026-007525,1,2026-05-28,2026-05-31,PL-WEB-01,C018756,VM-NUT-0003,13,11.19,0.0,PLN
SO-2026-007525,2,2026-05-28,2026-05-31,PL-WEB-01,C018756,VM-EBK-0003,1,9253.61,0.0,PLN
SO-2026-007526,1,2026-05-28,2026-05-30,PL-WEB-01,C015073,VM-BIK-0012,1,12022.57,0.0,PLN
SO-2026-007527,1,2026-05-28,2026-05-31,PL-WEB-01,C013527,VM-BIK-0008,1,5405.57,0.0,PLN
SO-2026-007528,1,2026-05-28,2026-05-29,PL-WEB-01,C019763,VM-BIK-0003,5,6657.71,0.08,PLN
SO-2026-007529,1,2026-05-28,2026-06-01,PL-WEB-01,C011673,VM-APP-0002,2,447.91,0.0,PLN
SO-2026-007529,2,2026-05-28,2026-06-01,PL-WEB-01,C011673,VM-CMP-0001,1,407.19,0.0,PLN
SO-2026-007530,1,2026-05-28,2026-05-29,PL-WEB-01,C022004,VM-NUT-0001,8,9.15,0.0,PLN
SO-2026-007530,2,2026-05-28,2026-05-29,PL-WEB-01,C022004,VM-ACC-0021,1,794.03,0.0,PLN
SO-2026-007531,1,2026-05-28,2026-06-01,PL-WEB-01,C012466,VM-CMP-0020,1,264.67,0.0,PLN
SO-2026-007531,2,2026-05-28,2026-06-01,PL-WEB-01,C012466,VM-BIK-0012,1,12022.57,0.0,PLN
SO-2026-007532,1,2026-05-28,2026-05-31,PL-WEB-01,C022005,VM-BIK-0022,1,1425.19,0.05,PLN
SO-2026-007532,2,2026-05-28,2026-05-31,PL-WEB-01,C022005,vm-acc-0002,1,620.97,0.05,PLN
SO-2026-007533,1,2026-05-28,2026-05-30,PL-WEB-01,C022006,VM-ACC-0007,2,366.47,0.0,PLN
SO-2026-007533,2,2026-05-28,2026-05-30,PL-WEB-01,C022006,VM-APP-0002,3,447.91,0.0,PLN
SO-2026-007534,1,2026-05-28,2026-05-31,PL-WEB-01,C022007,VM-ACC-0008,2,407.19,0.0,PLN
SO-2026-007534,2,2026-05-28,2026-05-31,PL-WEB-01,C022007,VM-APP-0010,2,173.05,0.0,PLN
SO-2026-007534,3,2026-05-28,2026-05-31,PL-WEB-01,C022007,VM-EBK-0008,1,15371.79,0.0,PLN
SO-2026-007535,1,2026-05-28,2026-05-31,PL-WEB-01,C022008,VM-BIK-0019,1,1231.77,0.1,PLN
SO-2026-007536,1,2026-05-28,2026-05-29,PL-WEB-01,C018482,VM-EBK-0008,1,15371.79,0.0,PLN
SO-2026-007537,1,2026-05-28,2026-06-01,PL-WEB-01,C016891,VM-EBK-0008,1,15371.79,0.0,PLN
SO-2026-007538,1,2026-05-28,2026-05-30,PL-WEB-01,C018415,VM-APP-0013,1,447.91,0.0,PLN
SO-2026-007538,2,2026-05-28,2026-05-30,PL-WEB-01,C018415,VM-APP-0005,1,183.23,0.0,PLN
SO-2026-007538,3,2026-05-28,2026-05-30,PL-WEB-01,C018415,VM-CMP-0019,4,213.77,0.0,PLN
SO-2026-007539,1,2026-05-28,2026-05-30,PL-WEB-01,C018445,VM-BIK-0012,1,12022.57,0.0,PLN
SO-2026-007540,1,2026-05-28,2026-05-29,PL-WEB-01,C022009,VM-EBK-0011,1,14903.51,0.05,PLN
SO-2026-007540,2,2026-05-28,2026-05-29,PL-WEB-01,C022009,VM-ACC-0018,1,50.89,0.05,PLN
SO-2026-007541,1,2026-05-28,2026-06-01,PL-WEB-01,C022010,VM-ACC-0014,1,111.97,0.0,PLN
SO-2026-007542,1,2026-05-28,2026-05-31,PL-WEB-01,C014057,VM-CMP-0001,2,407.19,0.0,PLN
SO-2026-007542,2,2026-05-28,2026-05-31,PL-WEB-01,C014057,VM-APP-0002,2,447.91,0.1,PLN
SO-2026-007543,1,2026-05-28,2026-06-01,PL-WEB-01,C014669,VM-ACC-0014,1,111.97,0.0,PLN
SO-2026-007543,2,2026-05-28,2026-06-01,PL-WEB-01,C014669,vm-acc-0009,1,407.19,0.0,PLN
SO-2026-007543,3,2026-05-28,2026-06-01,PL-WEB-01,C014669,VM-EBK-0010,1,13732.81,0.0,PLN
SO-2026-007544,1,2026-05-28,2026-05-31,PL-WEB-01,C015064,VM-BIK-0011,1,8805.69,0.0,PLN
SO-2026-007544,2,2026-05-28,2026-05-31,PL-WEB-01,C015064,VM-ACC-0014,1,111.97,0.0,PLN
SO-2026-007544,3,2026-05-28,2026-05-31,PL-WEB-01,C015064,VM-BIK-0022,1,1425.19,0.0,PLN
SO-2026-007544,4,2026-05-28,2026-05-31,PL-WEB-01,C015064,VM-ACC-0012,1,73.29,0.0,PLN
SO-2026-007545,1,2026-05-28,2026-06-01,PL-WEB-01,C022011,VM-APP-0006,1,315.57,0.0,PLN
SO-2026-007546,1,2026-05-28,2026-06-01,PL-WEB-01,C020746,VM-NUT-0007,3,13.22,0.0,PLN
SO-2026-007546,2,2026-05-28,2026-06-01,PL-WEB-01,C020746,VM-ACC-0020,1,824.57,0.0,PLN
SO-2026-007547,1,2026-05-28,2026-05-30,PL-WEB-01,C017845,VM-APP-0012,1,885.65,0.0,PLN
SO-2026-007547,2,2026-05-28,2026-05-30,PL-WEB-01,C017845,VM-BIK-0009,1,5741.51,0.0,PLN
SO-2026-007548,1,2026-05-28,2026-06-01,PL-WEB-01,C022012,VM-CMP-0006,1,203.59,0.0,PLN
SO-2026-007548,2,2026-05-28,2026-06-01,PL-WEB-01,C022012, VM-ACC-0002 ,1,620.97,0.1,PLN
SO-2026-007549,1,2026-05-28,2026-05-30,PL-WEB-01,C013740,VM-EBK-0005,1,17764.09,0.05,PLN
SO-2026-007550,1,2026-05-28,2026-05-31,PL-WEB-01,C022013,VM-BIK-0008,1,5405.57,0.0,PLN
SO-2026-007551,1,2026-05-28,2026-06-01,PL-WEB-01,C018851,VM-ACC-0020,2,824.57,0.12,PLN
SO-2026-007552,1,2026-05-28,2026-05-29,PL-WEB-01,C013905,vm-nut-0002,9,15.26,0.05,PLN
SO-2026-007552,2,2026-05-28,2026-05-29,PL-WEB-01,C013905,VM-BIK-0019,1,1231.77,0.05,PLN
SO-2026-007552,3,2026-05-28,2026-05-29,PL-WEB-01,C013905,VM-NUT-0004,4,7.12,0.05,PLN
SO-2026-007552,4,2026-05-28,2026-05-29,PL-WEB-01,C013905,VM-ACC-0007,2,366.47,0.05,PLN
SO-2026-007553,1,2026-05-28,2026-05-31,PL-MKT-01,C016419,VM-CMP-0023,4,60.05,0.0,PLN
SO-2026-007554,1,2026-05-28,2026-05-30,PL-MKT-01,C022014,VM-BIK-0021,1,1272.49,0.0,PLN
SO-2026-007555,1,2026-05-28,2026-05-29,PL-MKT-01,C022015,VM-APP-0008,2,162.87,0.0,PLN
SO-2026-007556,1,2026-05-28,2026-05-31,PL-MKT-01,C017911,VM-CMP-0017,1,508.99,0.0,PLN
SO-2026-007556,2,2026-05-28,2026-05-31,PL-MKT-01,C017911,VM-NUT-0004,13,7.12,0.0,PLN
SO-2026-007557,1,2026-05-28,2026-05-30,PL-MKT-01,C004955,VM-BIK-0003,1,6657.71,0.0,PLN
SO-2026-007557,2,2026-05-28,2026-05-30,PL-MKT-01,C004955,VM-ACC-0003,1,295.21,0.0,PLN
SO-2026-007558,1,2026-05-28,2026-05-31,PL-MKT-01,C010588,vm-acc-0009,1,407.19,0.0,PLN
SO-2026-007559,1,2026-05-28,2026-05-29,PL-MKT-01,C020330,vm-ebk-0008,1,15371.79,0.05,PLN
SO-2026-007560,1,2026-05-28,2026-05-31,PL-MKT-01,C022016,VM-CMP-0017,1,508.99,0.0,PLN
SO-2026-007560,2,2026-05-28,2026-05-31,PL-MKT-01,C022016,VM-ACC-0016,3,29.51,0.0,PLN
SO-2026-007560,3,2026-05-28,2026-05-31,PL-MKT-01,C022016,VM-EBK-0002,1,10129.09,0.0,PLN
SO-2026-007561,1,2026-05-28,2026-05-31,PL-MKT-01,C017359,VM-BIK-0019,1,1231.77,0.0,PLN
SO-2026-007562,1,2026-05-28,2026-06-01,PL-MKT-01,C022017,VM-NUT-0009,4,86.52,0.0,PLN
SO-2026-007562,2,2026-05-28,2026-06-01,PL-MKT-01,C022017,VM-ACC-0013,1,173.05,0.0,PLN
SO-2026-007562,3,2026-05-28,2026-06-01,PL-MKT-01,C022017,VM-APP-0007,2,162.87,0.0,PLN
SO-2026-007563,1,2026-05-28,2026-05-30,PL-MKT-01,C022018,VM-NUT-0007,4,13.22,0.0,PLN
SO-2026-007564,1,2026-05-28,2026-05-29,PL-MKT-01,C022019,VM-BIK-0017,1,1944.37,0.0,PLN
SO-2026-007565,1,2026-05-28,2026-05-29,PL-MKT-01,C013959,VM-ACC-0008,2,407.19,0.0,PLN
SO-2026-007566,1,2026-05-28,2026-05-29,PL-MKT-01,C022020,VM-CMP-0016,1,2504.27,0.0,PLN
SO-2026-007567,1,2026-05-28,2026-05-29,PL-MKT-01,C020282,VM-APP-0013,1,447.91,0.0,PLN
SO-2026-007568,1,2026-05-28,2026-05-30,PL-MKT-01,C010708,VM-ACC-0008,1,407.19,0.0,PLN
SO-2026-007569,1,2026-05-28,2026-06-01,PL-MKT-01,C022021,VM-APP-0010,1,173.05,0.0,PLN
SO-2026-007569,2,2026-05-28,2026-06-01,PL-MKT-01,C022021,VM-ACC-0009,1,407.19,0.0,PLN
SO-2026-007569,3,2026-05-28,2026-06-01,PL-MKT-01,C022021,VM-CMP-0009,2,356.29,0.0,PLN
SO-2026-007569,4,2026-05-28,2026-06-01,PL-MKT-01,C022021, VM-EBK-0009 ,1,10088.37,0.05,PLN
SO-2026-007570,1,2026-05-28,2026-06-01,PL-MKT-01,C019138,VM-APP-0002,3,447.91,0.0,PLN
SO-2026-007570,2,2026-05-28,2026-06-01,PL-MKT-01,C019138,VM-BIK-0022,1,1425.19,0.0,PLN
SO-2026-007571,1,2026-05-28,2026-06-01,PL-MKT-01,C022022,VM-ACC-0013,1,173.05,0.0,PLN
SO-2026-007571,2,2026-05-28,2026-06-01,PL-MKT-01,C022022,VM-APP-0007,1,162.87,0.0,PLN
SO-2026-007572,1,2026-05-28,2026-05-30,PL-MKT-01,C022023,VM-NUT-0004,4,7.12,0.0,PLN
SO-2026-007572,2,2026-05-28,2026-05-30,PL-MKT-01,C022023,VM-BIK-0004,1,4346.85,0.0,PLN
SO-2026-007573,1,2026-05-28,2026-05-28,CZ-PRG-01,C021511,VM-EBK-0008,1,88598.0,0.0,CZK
SO-2026-007573,2,2026-05-28,2026-05-28,CZ-PRG-01,C021511,vm-acc-0010,1,1467.0,0.0,CZK
SO-2026-007574,1,2026-05-28,2026-05-28,CZ-PRG-01,,VM-ACC-0008,2,2347.0,0.0,CZK
SO-2026-007575,1,2026-05-28,2026-05-28,CZ-PRG-01,C021487,VM-NUT-0011,4,317.0,0.0,CZK
SO-2026-007575,2,2026-05-28,2026-05-28,CZ-PRG-01,C021487,VM-EBK-0007,1,86251.0,0.0,CZK
SO-2026-007576,1,2026-05-28,2026-05-28,CZ-BRN-01,C016544,VM-NUT-0009,1,499.0,0.0,CZK
SO-2026-007576,2,2026-05-28,2026-05-28,CZ-BRN-01,C016544,VM-EBK-0007,1,86251.0,0.0,CZK
SO-2026-007576,3,2026-05-28,2026-05-28,CZ-BRN-01,C016544,VM-CMP-0004,1,4224.0,0.1,CZK
SO-2026-007577,1,2026-05-28,2026-05-30,CZ-WEB-01,C020664,VM-BIK-0019,2,7100.0,0.12,CZK
SO-2026-007577,2,2026-05-28,2026-05-30,CZ-WEB-01,C020664,VM-ACC-0004,6,4577.0,0.12,CZK
SO-2026-007577,3,2026-05-28,2026-05-30,CZ-WEB-01,C020664,VM-ACC-0001,4,2230.0,0.08,CZK
SO-2026-007578,1,2026-05-28,2026-06-01,CZ-WEB-01,C008003,VM-ACC-0008,1,2347.0,0.05,CZK
SO-2026-007579,1,2026-05-28,2026-05-29,CZ-WEB-01,C022024,VM-NUT-0004,15,41.0,0.0,CZK
SO-2026-007579,2,2026-05-28,2026-05-29,CZ-WEB-01,C022024,VM-ACC-0008,2,2347.0,0.0,CZK
SO-2026-007580,1,2026-05-28,2026-05-31,CZ-WEB-01,C012734,VM-NUT-0002,6,88.0,0.0,CZK
SO-2026-007581,1,2026-05-28,2026-05-31,CZ-WEB-01,C015200,VM-ACC-0018,1,293.0,0.0,CZK
SO-2026-007581,2,2026-05-28,2026-05-31,CZ-WEB-01,C015200,VM-ACC-0008,2,2347.0,0.0,CZK
SO-2026-007582,1,2026-05-28,2026-05-29,CZ-WEB-01,C021160,VM-APP-0020,1,1056.0,0.0,CZK
SO-2026-007583,1,2026-05-28,2026-05-28,DE-BER-01,C022025,VM-BIK-0013,4,1148.12,0.12,EUR
SO-2026-007583,2,2026-05-28,2026-05-28,DE-BER-01,C022025,VM-CMP-0022,6,8.61,0.12,EUR
SO-2026-007584,1,2026-05-28,2026-06-01,DE-WEB-01,C019841,VM-ACC-0002,2,145.9,0.0,EUR
SO-2026-007584,2,2026-05-28,2026-06-01,DE-WEB-01,C019841,VM-ACC-0008,2,95.67,0.0,EUR
SO-2026-007585,1,2026-05-28,2026-05-30,DE-WEB-01,C013539,VM-BIK-0017,1,456.85,0.0,EUR
SO-2026-007586,1,2026-05-28,2026-05-29,DE-WEB-01,C018754,VM-NUT-0003,3,2.63,0.05,EUR
SO-2026-007587,1,2026-05-29,2026-05-29,PL-WAW-01,,VM-ACC-0008,1,407.19,0.0,PLN
SO-2026-007587,2,2026-05-29,2026-05-29,PL-WAW-01,,VM-ACC-0017,2,59.03,0.0,PLN
SO-2026-007588,1,2026-05-29,2026-05-29,PL-WAW-01,,VM-EBK-0011,1,14903.51,0.0,PLN
SO-2026-007589,1,2026-05-29,2026-05-29,PL-WAW-01,C003365,VM-CMP-0003,2,244.31,0.0,PLN
SO-2026-007590,1,2026-05-29,2026-05-29,PL-WAW-01,C007584,VM-EBK-0002,1,10129.09,0.0,PLN
SO-2026-007591,1,2026-05-29,2026-05-29,PL-WAW-01,,VM-CMP-0015,2,936.55,0.0,PLN
SO-2026-007591,2,2026-05-29,2026-05-29,PL-WAW-01,,VM-NUT-0002,14,15.26,0.0,PLN
SO-2026-007592,1,2026-05-29,2026-05-29,PL-WAW-01,C021368,VM-APP-0002,2,447.91,0.0,PLN
SO-2026-007593,1,2026-05-29,2026-05-29,PL-WAW-01,,VM-CMP-0009,2,356.29,0.0,PLN
SO-2026-007593,2,2026-05-29,2026-05-29,PL-WAW-01,,VM-NUT-0001,11,9.15,0.0,PLN
SO-2026-007593,3,2026-05-29,2026-05-29,PL-WAW-01,,VM-BIK-0010,1,6433.75,0.0,PLN
SO-2026-007594,1,2026-05-29,2026-05-29,PL-WAW-01,,VM-EBK-0007,1,14964.59,0.0,PLN
SO-2026-007594,2,2026-05-29,2026-05-29,PL-WAW-01,,VM-ACC-0006,2,967.09,0.0,PLN
SO-2026-007594,3,2026-05-29,2026-05-29,PL-WAW-01,,VM-ACC-0017,1,59.03,0.0,PLN
SO-2026-007594,4,2026-05-29,2026-05-29,PL-WAW-01,,VM-NUT-0006,6,10.17,0.0,PLN
SO-2026-007595,1,2026-05-29,2026-05-29,PL-WAW-01,,VM-APP-0004,1,244.31,0.0,PLN
SO-2026-007596,1,2026-05-29,2026-05-29,PL-WAW-01,,VM-NUT-0011,3,54.96,0.05,PLN
SO-2026-007597,1,2026-05-29,2026-05-29,PL-WAW-01,,VM-NUT-0001,6,9.15,0.0,PLN
SO-2026-007598,1,2026-05-29,2026-05-29,PL-WAW-02,,VM-BIK-0004,1,4346.85,0.0,PLN
SO-2026-007599,1,2026-05-29,2026-05-29,PL-WAW-02,,VM-EBK-0011,1,14903.51,0.0,PLN
SO-2026-007599,2,2026-05-29,2026-05-29,PL-WAW-02,,VM-BIK-0017,1,1944.37,0.0,PLN
SO-2026-007599,3,2026-05-29,2026-05-29,PL-WAW-02,,VM-CMP-0020,2,264.67,0.0,PLN
SO-2026-007599,4,2026-05-29,2026-05-29,PL-WAW-02,,VM-BIK-0009,1,5741.51,0.0,PLN
SO-2026-007600,1,2026-05-29,2026-05-29,PL-WAW-02,C018397,VM-CMP-0007,1,641.33,0.0,PLN
SO-2026-007601,1,2026-05-29,2026-05-29,PL-WAW-02,C022021,VM-BIK-0017,1,1944.37,0.1,PLN
SO-2026-007602,1,2026-05-29,2026-05-29,PL-WAW-02,C015782,VM-NUT-0009,5,86.52,0.08,PLN
SO-2026-007603,1,2026-05-29,2026-05-29,PL-KRK-01,,VM-APP-0017,1,193.41,0.05,PLN
SO-2026-007603,2,2026-05-29,2026-05-29,PL-KRK-01,,VM-NUT-0004,9,7.12,0.0,PLN
SO-2026-007604,1,2026-05-29,2026-05-29,PL-KRK-01,,VM-ACC-0008,1,407.19,0.0,PLN
SO-2026-007604,2,2026-05-29,2026-05-29,PL-KRK-01,,VM-EBK-0004,1,11279.43,0.0,PLN
SO-2026-007605,1,2026-05-29,2026-05-29,PL-KRK-01,C022026,VM-ACC-0008,1,407.19,0.0,PLN
SO-2026-007605,2,2026-05-29,2026-05-29,PL-KRK-01,C022026,VM-EBK-0007,1,14964.59,0.0,PLN
SO-2026-007605,3,2026-05-29,2026-05-29,PL-KRK-01,C022026,VM-APP-0008,1,162.87,0.0,PLN
SO-2026-007606,1,2026-05-29,2026-05-29,PL-KRK-01,C013098,VM-CMP-0012,2,549.71,0.05,PLN
SO-2026-007606,2,2026-05-29,2026-05-29,PL-KRK-01,C013098,VM-CMP-0009,2,356.29,0.05,PLN
SO-2026-007606,3,2026-05-29,2026-05-29,PL-KRK-01,C013098,VM-EBK-0003,1,9253.61,0.05,PLN
SO-2026-007607,1,2026-05-29,2026-05-29,PL-KRK-01,C022027,VM-NUT-0007,11,13.22,0.0,PLN
SO-2026-007607,2,2026-05-29,2026-05-29,PL-KRK-01,C022027,VM-BIK-0008,1,5405.57,0.1,PLN
SO-2026-007608,1,2026-05-29,2026-05-29,PL-KRK-01,,VM-CMP-0017,2,508.99,0.0,PLN
SO-2026-007609,1,2026-05-29,2026-05-29,PL-KRK-01,,VM-APP-0003,1,315.57,0.0,PLN
SO-2026-007609,2,2026-05-29,2026-05-29,PL-KRK-01,,VM-ACC-0018,2,50.89,0.0,PLN
SO-2026-007610,1,2026-05-29,2026-05-29,PL-WRO-01,,VM-CMP-0016,2,2504.27,0.0,PLN
SO-2026-007611,1,2026-05-29,2026-05-29,PL-WRO-01,,VM-CMP-0017,1,508.99,0.0,PLN
SO-2026-007611,2,2026-05-29,2026-05-29,PL-WRO-01,, VM-BIK-0013 ,1,4886.39,0.05,PLN
SO-2026-007611,3,2026-05-29,2026-05-29,PL-WRO-01,,VM-APP-0020,2,183.23,0.0,PLN
SO-2026-007611,4,2026-05-29,2026-05-29,PL-WRO-01,,VM-ACC-0020,1,824.57,0.0,PLN
SO-2026-007612,1,2026-05-29,2026-05-29,PL-WRO-01,C019261,VM-APP-0020,1,183.23,0.0,PLN
SO-2026-007612,2,2026-05-29,2026-05-29,PL-WRO-01,C019261,VM-CMP-0009,1,356.29,0.0,PLN
SO-2026-007612,3,2026-05-29,2026-05-29,PL-WRO-01,C019261,VM-EBK-0002,1,10129.09,0.0,PLN
SO-2026-007612,4,2026-05-29,2026-05-29,PL-WRO-01,C019261,VM-APP-0003,2,315.57,0.0,PLN
SO-2026-007613,1,2026-05-29,2026-05-29,PL-WRO-01,,VM-BIK-0019,1,1231.77,0.0,PLN
SO-2026-007614,1,2026-05-29,2026-05-29,PL-WRO-01,,VM-EBK-0008,1,15371.79,0.0,PLN
SO-2026-007615,1,2026-05-29,2026-05-29,PL-GDN-01,C014011,VM-BIK-0017,1,1944.37,0.05,PLN
SO-2026-007615,2,2026-05-29,2026-05-29,PL-GDN-01,C014011,VM-BIK-0022,1,1425.19,0.05,PLN
SO-2026-007616,1,2026-05-29,2026-05-29,PL-GDN-01,C005203,VM-BIK-0013,1,4886.39,0.0,PLN
SO-2026-007617,1,2026-05-29,2026-05-29,PL-GDN-01,,VM-NUT-0008,8,10.17,0.0,PLN
SO-2026-007617,2,2026-05-29,2026-05-29,PL-GDN-01,,VM-ACC-0001,2,386.83,0.0,PLN
SO-2026-007618,1,2026-05-29,2026-05-29,PL-POZ-01,C012558,VM-EBK-0007,1,14964.59,0.0,PLN
SO-2026-007619,1,2026-05-29,2026-05-29,PL-POZ-01,C022028,VM-BIK-0015,1,3145.61,0.1,PLN
SO-2026-007619,2,2026-05-29,2026-05-29,PL-POZ-01,C022028,VM-ACC-0003,1,295.21,0.0,PLN
SO-2026-007620,1,2026-05-29,2026-05-29,PL-POZ-01,,VM-BIK-0007,1,7176.89,0.0,PLN
SO-2026-007621,1,2026-05-29,2026-05-29,PL-POZ-01,,VM-EBK-0003,1,9253.61,0.0,PLN
SO-2026-007621,2,2026-05-29,2026-05-29,PL-POZ-01,,VM-NUT-0004,14,7.12,0.05,PLN
SO-2026-007622,1,2026-05-29,2026-05-29,PL-LDZ-01,,VM-ACC-0008,2,407.19,0.0,PLN
SO-2026-007622,2,2026-05-29,2026-05-29,PL-LDZ-01,,VM-CMP-0013,2,539.53,0.0,PLN
SO-2026-007622,3,2026-05-29,2026-05-29,PL-LDZ-01,,VM-NUT-0011,2,54.96,0.0,PLN
SO-2026-007623,1,2026-05-29,2026-05-29,PL-LDZ-01,C022029,VM-ACC-0014,1,111.97,0.0,PLN
SO-2026-007624,1,2026-05-29,2026-05-29,PL-LDZ-01,C016033,VM-CMP-0023,1,60.05,0.0,PLN
SO-2026-007624,2,2026-05-29,2026-05-29,PL-LDZ-01,C016033,VM-NUT-0009,1,86.52,0.0,PLN
SO-2026-007624,3,2026-05-29,2026-05-29,PL-LDZ-01,C016033,VM-NUT-0008,8,10.17,0.0,PLN
SO-2026-007624,4,2026-05-29,2026-05-29,PL-LDZ-01,C016033,VM-ACC-0017,3,59.03,0.0,PLN
SO-2026-007625,1,2026-05-29,2026-05-29,PL-LDZ-01,C017107,VM-EBK-0005,1,17764.09,0.0,PLN
SO-2026-007625,2,2026-05-29,2026-05-29,PL-LDZ-01,C017107,VM-ACC-0009,1,407.19,0.0,PLN
SO-2026-007626,1,2026-05-29,2026-05-29,PL-LDZ-01,C016371,VM-APP-0017,2,193.41,0.05,PLN
SO-2026-007626,2,2026-05-29,2026-05-29,PL-LDZ-01,C016371,VM-NUT-0008,8,10.17,0.05,PLN
SO-2026-007627,1,2026-05-29,2026-05-29,PL-LDZ-01,,VM-ACC-0004,1,794.03,0.0,PLN
SO-2026-007628,1,2026-05-29,2026-05-29,PL-LDZ-01,C022030,VM-EBK-0004,1,11279.43,0.0,PLN
SO-2026-007628,2,2026-05-29,2026-05-29,PL-LDZ-01,C022030,VM-ACC-0018,3,50.89,0.0,PLN
SO-2026-007629,1,2026-05-29,2026-05-29,PL-LDZ-01,C018756,VM-CMP-0013,2,539.53,0.0,PLN
SO-2026-007629,2,2026-05-29,2026-05-29,PL-LDZ-01,C018756,VM-BIK-0020,1,1231.77,0.0,PLN
SO-2026-007630,1,2026-05-29,2026-06-01,PL-WEB-01,C017228,VM-NUT-0001,11,9.15,0.0,PLN
SO-2026-007630,2,2026-05-29,2026-06-01,PL-WEB-01,C017228,VM-BIK-0021,1,1272.49,0.0,PLN
SO-2026-007631,1,2026-05-29,2026-05-30,PL-WEB-01,C015888,vm-ebk-0004,2,11279.43,0.1,PLN
SO-2026-007632,1,2026-05-29,2026-06-02,PL-WEB-01,C021849,VM-EBK-0009,1,10088.37,0.0,PLN
SO-2026-007633,1,2026-05-29,2026-06-02,PL-WEB-01,C022031,VM-ACC-0005,1,183.23,0.0,PLN
SO-2026-007634,1,2026-05-29,2026-05-31,PL-WEB-01,C017228,VM-BIK-0002,1,9803.33,0.0,PLN
SO-2026-007634,2,2026-05-29,2026-05-31,PL-WEB-01,C017228,VM-NUT-0006,5,10.17,0.0,PLN
SO-2026-007634,3,2026-05-29,2026-05-31,PL-WEB-01,C017228,VM-ACC-0018,1,50.89,0.0,PLN
SO-2026-007635,1,2026-05-29,2026-05-31,PL-WEB-01,C017685,VM-ACC-0018,2,50.89,0.05,PLN
SO-2026-007635,2,2026-05-29,2026-05-31,PL-WEB-01,C017685,VM-APP-0019,2,67.18,0.05,PLN
SO-2026-007636,1,2026-05-29,2026-06-01,PL-WEB-01,C022032,VM-BIK-0013,1,4886.39,0.0,PLN
SO-2026-007636,2,2026-05-29,2026-06-01,PL-WEB-01,C022032, VM-ACC-0019 ,3,50.89,0.0,PLN
SO-2026-007637,1,2026-05-29,2026-06-01,PL-WEB-01,C010079,VM-ACC-0017,2,59.03,0.0,PLN
SO-2026-007637,2,2026-05-29,2026-06-01,PL-WEB-01,C010079,VM-APP-0002,3,447.91,0.0,PLN
SO-2026-007637,3,2026-05-29,2026-06-01,PL-WEB-01,C010079,VM-ACC-0008,1,407.19,0.0,PLN
SO-2026-007637,4,2026-05-29,2026-06-01,PL-WEB-01,C010079,VM-BIK-0007,1,7176.89,0.0,PLN
SO-2026-007638,1,2026-05-29,2026-05-30,PL-WEB-01,C002754,VM-ACC-0014,1,111.97,0.0,PLN
SO-2026-007638,2,2026-05-29,2026-05-30,PL-WEB-01,C002754,VM-APP-0017,1,193.41,0.0,PLN
SO-2026-007639,1,2026-05-29,2026-05-30,PL-WEB-01,C019268,VM-BIK-0009,1,5741.51,0.05,PLN
SO-2026-007640,1,2026-05-29,2026-06-01,PL-WEB-01,C022033,VM-APP-0010,1,173.05,0.0,PLN
SO-2026-007640,2,2026-05-29,2026-06-01,PL-WEB-01,C022033,VM-ACC-0007,2,366.47,0.0,PLN
SO-2026-007640,3,2026-05-29,2026-06-01,PL-WEB-01,C022033,VM-CMP-0009,1,356.29,0.0,PLN
SO-2026-007641,1,2026-05-29,2026-05-31,PL-WEB-01,C019746,VM-BIK-0007,1,7176.89,0.0,PLN
SO-2026-007641,2,2026-05-29,2026-05-31,PL-WEB-01,C019746,VM-ACC-0015,1,356.29,0.0,PLN
SO-2026-007642,1,2026-05-29,2026-05-31,PL-WEB-01,C018907,VM-ACC-0014,1,111.97,0.0,PLN
SO-2026-007643,1,2026-05-29,2026-05-31,PL-WEB-01,C020689,VM-CMP-0023,10,60.05,0.12,PLN
SO-2026-007644,1,2026-05-29,2026-05-31,PL-WEB-01,C017381,VM-ACC-0016,2,29.51,0.0,PLN
SO-2026-007645,1,2026-05-29,2026-05-30,PL-WEB-01,C021197,VM-CMP-0016,1,2504.27,0.0,PLN
SO-2026-007646,1,2026-05-29,2026-06-02,PL-WEB-01,C020577,VM-APP-0008,1,162.87,0.0,PLN
SO-2026-007646,2,2026-05-29,2026-06-02,PL-WEB-01,C020577,VM-BIK-0012,1,12022.57,0.0,PLN
SO-2026-007647,1,2026-05-29,2026-06-01,PL-WEB-01,C021695,VM-APP-0006,1,315.57,0.0,PLN
SO-2026-007647,2,2026-05-29,2026-06-01,PL-WEB-01,C021695,VM-BIK-0012,1,12022.57,0.0,PLN
SO-2026-007648,1,2026-05-29,2026-06-02,PL-WEB-01,C022034,VM-ACC-0018,1,50.89,0.0,PLN
SO-2026-007649,1,2026-05-29,2026-05-31,PL-WEB-01,C022035,VM-EBK-0003,1,9253.61,0.0,PLN
SO-2026-007649,2,2026-05-29,2026-05-31,PL-WEB-01,C022035,VM-ACC-0014,1,111.97,0.0,PLN
SO-2026-007650,1,2026-05-29,2026-06-02,PL-WEB-01,C018460,VM-BIK-0012,2,12022.57,0.08,PLN
SO-2026-007651,1,2026-05-29,2026-06-01,PL-WEB-01,C022036,VM-BIK-0006,1,6708.61,0.0,PLN
SO-2026-007652,1,2026-05-29,2026-05-31,PL-WEB-01,C022037,VM-EBK-0005,1,17764.09,0.0,PLN
SO-2026-007653,1,2026-05-29,2026-06-01,PL-WEB-01,C017281,VM-ACC-0015,5,356.29,0.1,PLN
SO-2026-007654,1,2026-05-29,2026-06-01,PL-WEB-01,C019233,VM-ACC-0021,1,794.03,0.0,PLN
SO-2026-007654,2,2026-05-29,2026-06-01,PL-WEB-01,C019233,VM-EBK-0008,1,15371.79,0.0,PLN
SO-2026-007654,3,2026-05-29,2026-06-01,PL-WEB-01,C019233,VM-ACC-0010,1,254.49,0.0,PLN
SO-2026-007655,1,2026-05-29,2026-05-30,PL-WEB-01,C012641,VM-ACC-0008,2,407.19,0.05,PLN
SO-2026-007656,1,2026-05-29,2026-05-30,PL-MKT-01,C001083,VM-CMP-0005,1,1506.63,0.05,PLN
SO-2026-007657,1,2026-05-29,2026-05-30,PL-MKT-01,C016322,VM-CMP-0008,6,447.91,0.12,PLN
SO-2026-007658,1,2026-05-29,2026-05-31,PL-MKT-01,C022038,VM-ACC-0007,1,366.47,0.0,PLN
SO-2026-007659,1,2026-05-29,2026-06-02,PL-MKT-01,C015708,VM-APP-0006,2,315.57,0.0,PLN
SO-2026-007660,1,2026-05-29,2026-05-30,PL-MKT-01,C015254,VM-APP-0004,3,244.31,0.0,PLN
SO-2026-007660,2,2026-05-29,2026-05-30,PL-MKT-01,C015254,VM-BIK-0002,1,9803.33,0.0,PLN
SO-2026-007661,1,2026-05-29,2026-05-31,PL-MKT-01,C005434,VM-BIK-0007,1,7176.89,0.0,PLN
SO-2026-007662,1,2026-05-29,2026-05-29,CZ-PRG-01,C020988,VM-BIK-0013,1,28164.0,0.0,CZK
SO-2026-007663,1,2026-05-29,2026-05-29,CZ-PRG-01,C022039,VM-APP-0006,2,1819.0,0.05,CZK
SO-2026-007664,1,2026-05-29,2026-05-29,CZ-PRG-01,C016486,VM-CMP-0013,10,3110.0,0.1,CZK
SO-2026-007664,2,2026-05-29,2026-05-29,CZ-PRG-01,C016486,VM-ACC-0023,5,5457.0,0.12,CZK
SO-2026-007664,3,2026-05-29,2026-05-29,CZ-PRG-01,C016486,VM-CMP-0020,9,1525.0,0.1,CZK
SO-2026-007664,4,2026-05-29,2026-05-29,CZ-PRG-01,C016486,VM-ACC-0008,5,2347.0,0.1,CZK
SO-2026-007665,1,2026-05-29,2026-05-29,CZ-PRG-01,C016486,VM-ACC-0005,4,1056.0,0.08,CZK
SO-2026-007666,1,2026-05-29,2026-05-29,CZ-PRG-01,,VM-EBK-0003,1,53335.0,0.05,CZK
SO-2026-007667,1,2026-05-29,2026-05-29,CZ-BRN-01,C009852,VM-NUT-0003,12,64.0,0.05,CZK
SO-2026-007668,1,2026-05-29,2026-05-29,CZ-BRN-01,C021487,VM-APP-0020,2,1056.0,0.0,CZK
SO-2026-007668,2,2026-05-29,2026-05-29,CZ-BRN-01,C021487,VM-BIK-0003,1,38373.0,0.0,CZK
SO-2026-007668,3,2026-05-29,2026-05-29,CZ-BRN-01,C021487,VM-CMP-0018,4,364.0,0.0,CZK
SO-2026-007669,1,2026-05-29,2026-05-30,CZ-WEB-01,C022040,VM-ACC-0008,1,2347.0,0.0,CZK
SO-2026-007670,1,2026-05-29,2026-05-31,CZ-WEB-01,C022041,VM-CMP-0018,2,364.0,0.0,CZK
SO-2026-007670,2,2026-05-29,2026-05-31,CZ-WEB-01,C022041,VM-BIK-0019,1,7100.0,0.0,CZK
SO-2026-007670,3,2026-05-29,2026-05-31,CZ-WEB-01,C022041,VM-APP-0015,1,3344.0,0.0,CZK
SO-2026-007670,4,2026-05-29,2026-05-31,CZ-WEB-01,C022041,VM-CMP-0004,2,4224.0,0.0,CZK
SO-2026-007671,1,2026-05-29,2026-05-30,CZ-WEB-01,C022042,VM-CMP-0015,2,5398.0,0.05,CZK
SO-2026-007672,1,2026-05-29,2026-05-30,CZ-WEB-01,C022024,VM-APP-0002,1,2582.0,0.0,CZK
SO-2026-007672,2,2026-05-29,2026-05-30,CZ-WEB-01,C022024,VM-CMP-0005,1,8684.0,0.0,CZK
SO-2026-007673,1,2026-05-29,2026-06-02,CZ-WEB-01,C022043,VM-CMP-0011,1,939.0,0.0,CZK
SO-2026-007673,2,2026-05-29,2026-06-02,CZ-WEB-01,C022043,VM-BIK-0017,1,11207.0,0.0,CZK
SO-2026-007673,3,2026-05-29,2026-06-02,CZ-WEB-01,C022043,VM-BIK-0002,1,56503.0,0.0,CZK
SO-2026-007673,4,2026-05-29,2026-06-02,CZ-WEB-01,C022043,VM-ACC-0002,1,3579.0,0.0,CZK
SO-2026-007674,1,2026-05-29,2026-06-02,CZ-WEB-01,C014324,VM-NUT-0008,9,59.0,0.0,CZK
SO-2026-007674,2,2026-05-29,2026-06-02,CZ-WEB-01,C014324,VM-BIK-0017,1,11207.0,0.0,CZK
SO-2026-007675,1,2026-05-29,2026-06-01,CZ-WEB-01,C015855, VM-NUT-0004 ,12,41.0,0.1,CZK
SO-2026-007676,1,2026-05-29,2026-05-30,CZ-WEB-01,C014943,VM-APP-0008,1,939.0,0.0,CZK
SO-2026-007677,1,2026-05-29,2026-05-29,DE-BER-01,,VM-ACC-0001,2,90.89,0.0,EUR
SO-2026-007677,2,2026-05-29,2026-05-29,DE-BER-01,,VM-ACC-0010,2,59.8,0.0,EUR
SO-2026-007678,1,2026-05-29,2026-05-29,DE-BER-01,C006551,VM-ACC-0007,1,86.11,0.05,EUR
SO-2026-007678,2,2026-05-29,2026-05-29,DE-BER-01,C006551,VM-EBK-0007,1,3516.12,0.05,EUR
SO-2026-007678,3,2026-05-29,2026-05-29,DE-BER-01,C006551,VM-CMP-0004,1,172.22,0.05,EUR
SO-2026-007678,4,2026-05-29,2026-05-29,DE-BER-01,C006551,VM-CMP-0005,1,354.0,0.05,EUR
SO-2026-007679,1,2026-05-29,2026-05-31,DE-WEB-01,C022044,VM-APP-0012,1,208.09,0.0,EUR
SO-2026-007680,1,2026-05-29,2026-05-31,DE-WEB-01,C011199,VM-BIK-0017,2,456.85,0.08,EUR
SO-2026-007681,1,2026-05-29,2026-05-31,DE-WEB-01,C017430,VM-ACC-0002,1,145.9,0.0,EUR
SO-2026-007681,2,2026-05-29,2026-05-31,DE-WEB-01,C017430,VM-EBK-0007,1,3516.12,0.0,EUR
SO-2026-007682,1,2026-05-29,2026-06-01,DE-WEB-01,C022045,VM-ACC-0020,1,193.74,0.0,EUR
SO-2026-007683,1,2026-05-29,2026-05-31,DE-WEB-01,C018441,VM-APP-0013,1,105.24,0.0,EUR
SO-2026-007683,2,2026-05-29,2026-05-31,DE-WEB-01,C018441,VM-ACC-0021,1,186.57,0.0,EUR
SO-2026-007684,1,2026-05-30,2026-05-30,PL-WAW-01,,VM-NUT-0003,3,11.19,0.0,PLN
SO-2026-007685,1,2026-05-30,2026-05-30,PL-WAW-01,C012032,VM-ACC-0008,1,407.19,0.0,PLN
SO-2026-007686,1,2026-05-30,2026-05-30,PL-WAW-01,C022046,VM-EBK-0003,1,9253.61,0.0,PLN
SO-2026-007687,1,2026-05-30,2026-05-30,PL-WAW-01,C000653,VM-BIK-0012,1,12022.57,0.0,PLN
SO-2026-007687,2,2026-05-30,2026-05-30,PL-WAW-01,C000653,VM-EBK-0003,1,9253.61,0.0,PLN
SO-2026-007688,1,2026-05-30,2026-05-30,PL-WAW-02,,VM-ACC-0020,1,824.57,0.0,PLN
SO-2026-007688,2,2026-05-30,2026-05-30,PL-WAW-02,,VM-BIK-0007,1,7176.89,0.0,PLN
SO-2026-007689,1,2026-05-30,2026-05-30,PL-WAW-02,C015411,VM-CMP-0013,2,539.53,0.0,PLN
SO-2026-007689,2,2026-05-30,2026-05-30,PL-WAW-02,C015411,VM-NUT-0011,4,54.96,0.0,PLN
SO-2026-007690,1,2026-05-30,2026-05-30,PL-WAW-02,C022047,VM-CMP-0019,1,213.77,0.0,PLN
SO-2026-007690,2,2026-05-30,2026-05-30,PL-WAW-02,C022047,VM-NUT-0009,1,86.52,0.0,PLN
SO-2026-007691,1,2026-05-30,2026-05-30,PL-WAW-02,C017122,VM-EBK-0007,1,14964.59,0.05,PLN
SO-2026-007692,1,2026-05-30,2026-05-30,PL-WAW-02,C022048,VM-ACC-0014,1,111.97,0.0,PLN
SO-2026-007692,2,2026-05-30,2026-05-30,PL-WAW-02,C022048, VM-NUT-0009 ,1,86.52,0.0,PLN
SO-2026-007692,3,2026-05-30,2026-05-30,PL-WAW-02,C022048,VM-CMP-0002,1,570.07,0.0,PLN
SO-2026-007692,4,2026-05-30,2026-05-30,PL-WAW-02,C022048,VM-ACC-0008,1,407.19,0.0,PLN
SO-2026-007693,1,2026-05-30,2026-05-30,PL-WAW-02,,VM-BIK-0017,1,1944.37,0.0,PLN
SO-2026-007693,2,2026-05-30,2026-05-30,PL-WAW-02,,VM-ACC-0008,2,407.19,0.0,PLN
SO-2026-007694,1,2026-05-30,2026-05-30,PL-WAW-02,C022049,VM-BIK-0007,1,7176.89,0.0,PLN
SO-2026-007695,1,2026-05-30,2026-05-30,PL-WAW-02,,VM-APP-0012,1,885.65,0.05,PLN
SO-2026-007696,1,2026-05-30,2026-05-30,PL-WAW-02,C011597,VM-EBK-0007,1,14964.59,0.0,PLN
SO-2026-007697,1,2026-05-30,2026-05-30,PL-WAW-02,,VM-NUT-0001,7,9.15,0.0,PLN
SO-2026-007698,1,2026-05-30,2026-05-30,PL-KRK-01,C022050,VM-ACC-0004,2,794.03,0.0,PLN
SO-2026-007699,1,2026-05-30,2026-05-30,PL-KRK-01,C021579,VM-EBK-0003,1,9253.61,0.0,PLN
SO-2026-007700,1,2026-05-30,2026-05-30,PL-KRK-01,C001332,VM-NUT-0009,1,86.52,0.0,PLN
SO-2026-007700,2,2026-05-30,2026-05-30,PL-KRK-01,C001332,VM-APP-0017,1,193.41,0.0,PLN
SO-2026-007700,3,2026-05-30,2026-05-30,PL-KRK-01,C001332,VM-BIK-0006,1,6708.61,0.0,PLN
SO-2026-007701,1,2026-05-30,2026-05-30,PL-KRK-01,C013820,VM-BIK-0002,1,9803.33,0.0,PLN
SO-2026-007702,1,2026-05-30,2026-05-30,PL-KRK-01,C022051,VM-ACC-0007,2,366.47,0.0,PLN
SO-2026-007703,1,2026-05-30,2026-05-30,PL-KRK-01,,VM-APP-0020,2,183.23,0.0,PLN
SO-2026-007704,1,2026-05-30,2026-05-30,PL-KRK-01,C022052,VM-CMP-0013,2,539.53,0.0,PLN
SO-2026-007705,1,2026-05-30,2026-05-30,PL-KRK-01,,VM-ACC-0013,1,173.05,0.0,PLN
SO-2026-007706,1,2026-05-30,2026-05-30,PL-KRK-01,C022053,VM-APP-0015,1,580.25,0.0,PLN
SO-2026-007706,2,2026-05-30,2026-05-30,PL-KRK-01,C022053,VM-BIK-0007,1,7176.89,0.0,PLN
SO-2026-007707,1,2026-05-30,2026-05-30,PL-WRO-01,,VM-BIK-0017,1,1944.37,0.0,PLN
SO-2026-007708,1,2026-05-30,2026-05-30,PL-WRO-01,,VM-BIK-0012,1,12022.57,0.0,PLN
SO-2026-007708,2,2026-05-30,2026-05-30,PL-WRO-01,,vm-acc-0010,2,254.49,0.0,PLN
SO-2026-007709,1,2026-05-30,2026-05-30,PL-WRO-01,C022054,VM-BIK-0008,1,5405.57,0.05,PLN
SO-2026-007710,1,2026-05-30,2026-05-30,PL-WRO-01,C019644,VM-BIK-0009,1,5741.51,0.0,PLN
SO-2026-007711,1,2026-05-30,2026-05-30,PL-GDN-01,C022055,VM-APP-0006,3,315.57,0.0,PLN
SO-2026-007712,1,2026-05-30,2026-05-30,PL-GDN-01,,VM-BIK-0009,1,5741.51,0.0,PLN
SO-2026-007713,1,2026-05-30,2026-05-30,PL-GDN-01,C008825,VM-NUT-0004,9,7.12,0.0,PLN
SO-2026-007713,2,2026-05-30,2026-05-30,PL-GDN-01,C008825,VM-ACC-0008,1,407.19,0.0,PLN
SO-2026-007714,1,2026-05-30,2026-05-30,PL-GDN-01,C010542,VM-CMP-0013,2,539.53,0.0,PLN
SO-2026-007714,2,2026-05-30,2026-05-30,PL-GDN-01,C010542,VM-BIK-0012,1,12022.57,0.0,PLN
SO-2026-007714,3,2026-05-30,2026-05-30,PL-GDN-01,C010542,VM-CMP-0020,1,264.67,0.0,PLN
SO-2026-007714,4,2026-05-30,2026-05-30,PL-GDN-01,C010542,VM-EBK-0007,1,14964.59,0.0,PLN
SO-2026-007715,1,2026-05-30,2026-05-30,PL-GDN-01,,VM-CMP-0013,1,539.53,0.0,PLN
SO-2026-007715,2,2026-05-30,2026-05-30,PL-GDN-01,,VM-EBK-0003,1,9253.61,0.0,PLN
SO-2026-007716,1,2026-05-30,2026-05-30,PL-GDN-01,C015937,VM-ACC-0003,1,295.21,0.0,PLN
SO-2026-007716,2,2026-05-30,2026-05-30,PL-GDN-01,C015937,VM-APP-0020,2,183.23,0.0,PLN
SO-2026-007717,1,2026-05-30,2026-05-30,PL-GDN-01,,VM-ACC-0014,1,111.97,0.0,PLN
SO-2026-007717,2,2026-05-30,2026-05-30,PL-GDN-01,,VM-BIK-0017,1,1944.37,0.0,PLN
SO-2026-007718,1,2026-05-30,2026-05-30,PL-POZ-01,C018756,VM-BIK-0009,1,5741.51,0.0,PLN
SO-2026-007718,2,2026-05-30,2026-05-30,PL-POZ-01,C018756,VM-CMP-0004,1,732.95,0.0,PLN
SO-2026-007719,1,2026-05-30,2026-05-30,PL-POZ-01,C022056,VM-ACC-0007,2,366.47,0.0,PLN
SO-2026-007720,1,2026-05-30,2026-05-30,PL-POZ-01,C017066,VM-ACC-0008,2,407.19,0.0,PLN
SO-2026-007720,2,2026-05-30,2026-05-30,PL-POZ-01,C017066,VM-CMP-0019,3,213.77,0.0,PLN
SO-2026-007720,3,2026-05-30,2026-05-30,PL-POZ-01,C017066,VM-ACC-0014,1,111.97,0.0,PLN
SO-2026-007721,1,2026-05-30,2026-05-30,PL-LDZ-01,,VM-NUT-0009,3,86.52,0.1,PLN
SO-2026-007721,2,2026-05-30,2026-05-30,PL-LDZ-01,,VM-NUT-0002,7,15.26,0.0,PLN
SO-2026-007722,1,2026-05-30,2026-05-30,PL-LDZ-01,C022057,VM-ACC-0019,2,50.89,0.0,PLN
SO-2026-007723,1,2026-05-30,2026-05-30,PL-LDZ-01,C016437,VM-BIK-0004,1,4346.85,0.05,PLN
SO-2026-007724,1,2026-05-30,2026-05-30,PL-LDZ-01,C021756,VM-EBK-0002,1,10129.09,0.0,PLN
SO-2026-007724,2,2026-05-30,2026-05-30,PL-LDZ-01,C021756,VM-ACC-0008,2,407.19,0.0,PLN
SO-2026-007725,1,2026-05-30,2026-06-03,PL-WEB-01,C019654,VM-NUT-0001,14,9.15,0.0,PLN
SO-2026-007726,1,2026-05-30,2026-06-03,PL-WEB-01,C019195,VM-APP-0014,1,498.81,0.0,PLN
SO-2026-007727,1,2026-05-30,2026-05-31,PL-WEB-01,C011819,VM-EBK-0004,1,11279.43,0.0,PLN
SO-2026-007728,1,2026-05-30,2026-06-01,PL-WEB-01,C009385,vm-ebk-0005,2,17764.09,0.12,PLN
SO-2026-007729,1,2026-05-30,2026-06-03,PL-WEB-01,C017596,VM-CMP-0009,1,356.29,0.0,PLN
SO-2026-007730,1,2026-05-30,2026-06-01,PL-WEB-01,C022058,VM-BIK-0007,1,7176.89,0.05,PLN
SO-2026-007731,1,2026-05-30,2026-06-02,PL-WEB-01,C018431,VM-ACC-0008,2,407.19,0.05,PLN
SO-2026-007732,1,2026-05-30,2026-06-01,PL-WEB-01,C014438,VM-BIK-0012,3,12022.57,0.1,PLN
SO-2026-007733,1,2026-05-30,2026-06-02,PL-WEB-01,C014817,VM-EBK-0003,1,9253.61,0.0,PLN
SO-2026-007733,2,2026-05-30,2026-06-02,PL-WEB-01,C014817,VM-ACC-0014,1,111.97,0.0,PLN
SO-2026-007733,3,2026-05-30,2026-06-02,PL-WEB-01,C014817,VM-ACC-0011,1,73.29,0.0,PLN
SO-2026-007734,1,2026-05-30,2026-05-31,PL-WEB-01,C022059,VM-CMP-0013,2,539.53,0.0,PLN
SO-2026-007735,1,2026-05-30,2026-06-02,PL-WEB-01,C001808,VM-APP-0012,1,885.65,0.0,PLN
SO-2026-007735,2,2026-05-30,2026-06-02,PL-WEB-01,C001808,VM-BIK-0019,1,1231.77,0.0,PLN
SO-2026-007735,3,2026-05-30,2026-06-02,PL-WEB-01,C001808,VM-BIK-0013,1,4886.39,0.0,PLN
SO-2026-007735,4,2026-05-30,2026-06-02,PL-WEB-01,C001808,VM-CMP-0020,4,264.67,0.0,PLN
SO-2026-007736,1,2026-05-30,2026-06-02,PL-WEB-01,C014605,VM-ACC-0008,1,407.19,0.0,PLN
SO-2026-007736,2,2026-05-30,2026-06-02,PL-WEB-01,C014605,VM-CMP-0012,2,549.71,0.0,PLN
SO-2026-007737,1,2026-05-30,2026-06-03,PL-MKT-01,C020768,VM-NUT-0001,12,9.15,0.0,PLN
SO-2026-007737,2,2026-05-30,2026-06-03,PL-MKT-01,C020768,VM-NUT-0004,5,7.12,0.0,PLN
SO-2026-007738,1,2026-05-30,2026-06-02,PL-MKT-01,C022060,VM-EBK-0009,1,10088.37,0.0,PLN
SO-2026-007739,1,2026-05-30,2026-06-03,PL-MKT-01,C022061,VM-NUT-0003,3,11.19,0.0,PLN
SO-2026-007740,1,2026-05-30,2026-06-01,PL-MKT-01,C011550,VM-BIK-0007,1,7176.89,0.0,PLN
SO-2026-007741,1,2026-05-30,2026-05-31,PL-MKT-01,C004866,VM-APP-0008,1,162.87,0.05,PLN
SO-2026-007741,2,2026-05-30,2026-05-31,PL-MKT-01,C004866,VM-APP-0005,1,183.23,0.05,PLN
SO-2026-007742,1,2026-05-30,2026-06-01,PL-MKT-01,C022062,VM-BIK-0017,1,1944.37,0.05,PLN
SO-2026-007742,2,2026-05-30,2026-06-01,PL-MKT-01,C022062,VM-ACC-0001,2,386.83,0.05,PLN
SO-2026-007742,3,2026-05-30,2026-06-01,PL-MKT-01,C022062,VM-ACC-0013,1,173.05,0.05,PLN
SO-2026-007743,1,2026-05-30,2026-06-01,PL-MKT-01,C019003,VM-NUT-0006,11,10.17,0.0,PLN
SO-2026-007743,2,2026-05-30,2026-06-01,PL-MKT-01,C019003,VM-BIK-0003,1,6657.71,0.0,PLN
SO-2026-007744,1,2026-05-30,2026-05-30,CZ-PRG-01,,VM-CMP-0006,1,1173.0,0.0,CZK
SO-2026-007745,1,2026-05-30,2026-05-30,CZ-PRG-01,C021078,VM-BIK-0017,1,11207.0,0.0,CZK
SO-2026-007746,1,2026-05-30,2026-05-30,CZ-PRG-01,,VM-NUT-0009,4,499.0,0.0,CZK
SO-2026-007747,1,2026-05-30,2026-05-30,CZ-PRG-01,C014324,VM-EBK-0011,1,85899.0,0.0,CZK
SO-2026-007747,2,2026-05-30,2026-05-30,CZ-PRG-01,C014324,VM-ACC-0014,1,645.0,0.0,CZK
SO-2026-007747,3,2026-05-30,2026-05-30,CZ-PRG-01,C014324,VM-ACC-0008,1,2347.0,0.0,CZK
SO-2026-007748,1,2026-05-30,2026-05-30,CZ-BRN-01,,VM-APP-0018,2,763.0,0.0,CZK
SO-2026-007749,1,2026-05-30,2026-05-30,CZ-BRN-01,,VM-APP-0020,1,1056.0,0.0,CZK
SO-2026-007750,1,2026-05-30,2026-05-30,CZ-BRN-01,C022063,VM-BIK-0012,1,69294.0,0.0,CZK
SO-2026-007751,1,2026-05-30,2026-05-30,CZ-BRN-01,,VM-EBK-0003,1,53335.0,0.0,CZK
SO-2026-007752,1,2026-05-30,2026-05-30,CZ-BRN-01,C022064,VM-BIK-0005,1,43478.0,0.0,CZK
SO-2026-007753,1,2026-05-30,2026-06-01,CZ-WEB-01,C022065,VM-APP-0014,1,2875.0,0.0,CZK
SO-2026-007753,2,2026-05-30,2026-06-01,CZ-WEB-01,C022065,VM-ACC-0020,1,4753.0,0.0,CZK
SO-2026-007753,3,2026-05-30,2026-06-01,CZ-WEB-01,C022065,VM-BIK-0003,1,38373.0,0.0,CZK
SO-2026-007753,4,2026-05-30,2026-06-01,CZ-WEB-01,C022065,VM-BIK-0009,1,33092.0,0.0,CZK
SO-2026-007754,1,2026-05-30,2026-05-31,CZ-WEB-01,C015296,VM-BIK-0007,1,41365.0,0.0,CZK
SO-2026-007755,1,2026-05-30,2026-05-31,CZ-WEB-01,C022066,VM-EBK-0002,1,58381.0,0.0,CZK
SO-2026-007755,2,2026-05-30,2026-05-31,CZ-WEB-01,C022066,VM-ACC-0008,1,2347.0,0.0,CZK
SO-2026-007755,3,2026-05-30,2026-05-31,CZ-WEB-01,C022066,VM-NUT-0009,3,499.0,0.0,CZK
SO-2026-007756,1,2026-05-30,2026-06-03,CZ-WEB-01,C020584,VM-BIK-0020,1,7100.0,0.0,CZK
SO-2026-007757,1,2026-05-30,2026-05-31,CZ-WEB-01,C022067,VM-EBK-0003,1,53335.0,0.05,CZK
SO-2026-007757,2,2026-05-30,2026-05-31,CZ-WEB-01,C022067,VM-ACC-0001,1,2230.0,0.0,CZK
SO-2026-007758,1,2026-05-30,2026-06-01,CZ-WEB-01,C022068,VM-BIK-0013,1,28164.0,0.0,CZK
SO-2026-007758,2,2026-05-30,2026-06-01,CZ-WEB-01,C022068,VM-BIK-0008,1,31156.0,0.0,CZK
SO-2026-007758,3,2026-05-30,2026-06-01,CZ-WEB-01,C022068,vm-acc-0008,2,2347.0,0.0,CZK
SO-2026-007759,1,2026-05-30,2026-06-03,CZ-WEB-01,C022069,VM-ACC-0008,1,2347.0,0.05,CZK
SO-2026-007760,1,2026-05-30,2026-06-03,CZ-WEB-01,C022070,VM-EBK-0010,1,79152.0,0.0,CZK
SO-2026-007761,1,2026-05-30,2026-06-03,CZ-WEB-01,C017114,VM-CMP-0009,1,2054.0,0.0,CZK
SO-2026-007762,1,2026-05-30,2026-05-30,DE-BER-01,,VM-ACC-0020,1,193.74,0.05,EUR
SO-2026-007763,1,2026-05-30,2026-05-30,DE-BER-01,C022071,VM-EBK-0002,1,2379.96,0.0,EUR
SO-2026-007764,1,2026-05-30,2026-05-30,DE-BER-01,C022072,VM-CMP-0014,1,102.85,0.0,EUR
SO-2026-007765,1,2026-05-30,2026-05-30,DE-BER-01,C022073,VM-NUT-0001,13,2.15,0.0,EUR
SO-2026-007766,1,2026-05-30,2026-05-30,DE-BER-01,C004396,VM-APP-0010,6,40.66,0.08,EUR
SO-2026-007766,2,2026-05-30,2026-05-30,DE-BER-01,C004396,VM-BIK-0012,5,2824.85,0.1,EUR
SO-2026-007767,1,2026-05-30,2026-05-30,DE-BER-01,C016855,VM-EBK-0003,1,2174.25,0.0,EUR
SO-2026-007767,2,2026-05-30,2026-05-30,DE-BER-01,C016855,VM-NUT-0002,6,3.59,0.0,EUR
SO-2026-007768,1,2026-05-30,2026-05-31,DE-WEB-01,C022074,VM-NUT-0003,12,2.63,0.0,EUR
SO-2026-007769,1,2026-05-30,2026-06-01,DE-WEB-01,C002424,VM-APP-0002,1,105.24,0.0,EUR
SO-2026-007769,2,2026-05-30,2026-06-01,DE-WEB-01,C002424,VM-ACC-0014,1,26.31,0.0,EUR
SO-2026-007769,3,2026-05-30,2026-06-01,DE-WEB-01,C002424,VM-EBK-0005,1,4173.89,0.0,EUR
SO-2026-007770,1,2026-05-30,2026-05-31,DE-WEB-01,C011012,VM-BIK-0002,1,2303.41,0.0,EUR
SO-2026-007771,1,2026-05-30,2026-05-31,DE-WEB-01,C020066,VM-NUT-0011,4,12.91,0.0,EUR
SO-2026-007772,1,2026-05-30,2026-06-02,DE-WEB-01,C020207,VM-APP-0006,3,74.15,0.0,EUR
SO-2026-007773,1,2026-05-30,2026-05-31,DE-WEB-01,C022075,VM-NUT-0001,12,2.15,0.0,EUR
SO-2026-007774,1,2026-05-30,2026-06-02,DE-WEB-01,C014594,VM-CMP-0017,2,119.59,0.0,EUR
SO-2026-007774,2,2026-05-30,2026-06-02,DE-WEB-01,C014594,VM-EBK-0003,1,2174.25,0.0,EUR
SO-2026-007774,3,2026-05-30,2026-06-02,DE-WEB-01,C014594,VM-NUT-0004,10,1.67,0.0,EUR
SO-2026-007774,4,2026-05-30,2026-06-02,DE-WEB-01,C014594,VM-ACC-0007,2,86.11,0.0,EUR
SO-2026-007775,1,2026-05-30,2026-05-31,DE-WEB-01,C012041,VM-ACC-0018,2,11.96,0.0,EUR
SO-2026-007776,1,2026-05-30,2026-06-03,DE-WEB-01,C020606,vm-cmp-0005,1,354.0,0.0,EUR
SO-2026-007776,2,2026-05-30,2026-06-03,DE-WEB-01,C020606,VM-NUT-0007,10,3.11,0.0,EUR
SO-2026-007776,3,2026-05-30,2026-06-03,DE-WEB-01,C020606,VM-ACC-0008,1,95.67,0.0,EUR
SO-2026-007777,1,2026-05-30,2026-06-01,DE-WEB-01,C007106,VM-BIK-0007,4,1686.3,0.08,EUR
SO-2026-007777,2,2026-05-30,2026-06-01,DE-WEB-01,C007106,VM-CMP-0005,4,354.0,0.08,EUR
SO-2026-007777,3,2026-05-30,2026-06-01,DE-WEB-01,C007106,VM-ACC-0008,3,95.67,0.08,EUR
SO-2026-007777,4,2026-05-30,2026-06-01,DE-WEB-01,C007106,vm-acc-0005,3,43.05,0.1,EUR
SO-2026-007778,1,2026-05-30,2026-06-02,DE-WEB-01,C022076,VM-EBK-0004,1,2650.24,0.0,EUR
SO-2026-007779,1,2026-05-30,2026-06-02,DE-WEB-01,C020805,VM-NUT-0004,9,1.67,0.0,EUR
SO-2026-007780,1,2026-05-30,2026-05-31,DE-WEB-01,C007035,VM-BIK-0003,4,1564.31,0.08,EUR
SO-2026-007781,1,2026-05-30,2026-06-03,DE-WEB-01,C014234,VM-APP-0008,2,38.27,0.05,EUR
SO-2026-007781,2,2026-05-30,2026-06-03,DE-WEB-01,C014234,VM-ACC-0016,3,6.93,0.05,EUR
SO-2026-007781,3,2026-05-30,2026-06-03,DE-WEB-01,C014234, VM-BIK-0003 ,1,1564.31,0.05,EUR
SO-2026-007782,1,2026-05-30,2026-06-01,DE-WEB-01,C021729,VM-NUT-0007,10,3.11,0.0,EUR
SO-2026-007782,2,2026-05-30,2026-06-01,DE-WEB-01,C021729,VM-ACC-0007,1,86.11,0.0,EUR
SO-2026-007783,1,2026-05-30,2026-06-02,DE-WEB-01,C022077,VM-EBK-0003,1,2174.25,0.0,EUR
SO-2026-007784,1,2026-05-31,2026-06-01,PL-WEB-01,C017102,VM-ACC-0003,2,295.21,0.05,PLN
SO-2026-007784,2,2026-05-31,2026-06-01,PL-WEB-01,C017102,VM-APP-0002,2,447.91,0.05,PLN
SO-2026-007784,3,2026-05-31,2026-06-01,PL-WEB-01,C017102,VM-APP-0008,2,162.87,0.05,PLN
SO-2026-007784,4,2026-05-31,2026-06-01,PL-WEB-01,C017102,VM-NUT-0006,7,10.17,0.1,PLN
SO-2026-007785,1,2026-05-31,2026-06-03,PL-WEB-01,C022078,VM-BIK-0012,1,12022.57,0.0,PLN
SO-2026-007786,1,2026-05-31,2026-06-03,PL-WEB-01,C021245,VM-BIK-0016,2,3654.61,0.12,PLN
SO-2026-007786,2,2026-05-31,2026-06-03,PL-WEB-01,C021245,VM-ACC-0017,4,59.03,0.12,PLN
SO-2026-007786,3,2026-05-31,2026-06-03,PL-WEB-01,C021245,VM-CMP-0016,6,2504.27,0.08,PLN
SO-2026-007787,1,2026-05-31,2026-06-02,PL-WEB-01,C010910,VM-NUT-0004,13,7.12,0.05,PLN
SO-2026-007788,1,2026-05-31,2026-06-02,PL-WEB-01,C020129,VM-NUT-0006,10,10.17,0.0,PLN
SO-2026-007789,1,2026-05-31,2026-06-02,PL-WEB-01,C011826,vm-bik-0014,1,3898.93,0.0,PLN
SO-2026-007789,2,2026-05-31,2026-06-02,PL-WEB-01,C011826,VM-ACC-0003,1,295.21,0.0,PLN
SO-2026-007790,1,2026-05-31,2026-06-03,PL-WEB-01,C019296,VM-CMP-0011,6,162.87,0.12,PLN
SO-2026-007791,1,2026-05-31,2026-06-04,PL-WEB-01,C021931,VM-EBK-0004,3,11279.43,0.12,PLN
SO-2026-007792,1,2026-05-31,2026-06-01,PL-WEB-01,C022079,VM-ACC-0005,1,183.23,0.05,PLN
SO-2026-007792,2,2026-05-31,2026-06-01,PL-WEB-01,C022079,VM-ACC-0003,1,295.21,0.05,PLN
SO-2026-007792,3,2026-05-31,2026-06-01,PL-WEB-01,C022079,VM-EBK-0008,1,15371.79,0.05,PLN
SO-2026-007792,4,2026-05-31,2026-06-01,PL-WEB-01,C022079,VM-BIK-0020,1,1231.77,0.05,PLN
SO-2026-007793,1,2026-05-31,2026-06-03,PL-WEB-01,C022080,vm-app-0002,3,447.91,0.0,PLN
SO-2026-007793,2,2026-05-31,2026-06-03,PL-WEB-01,C022080,VM-APP-0010,1,173.05,0.0,PLN
SO-2026-007793,3,2026-05-31,2026-06-03,PL-WEB-01,C022080,VM-CMP-0004,1,732.95,0.0,PLN
SO-2026-007793,4,2026-05-31,2026-06-03,PL-WEB-01,C022080, VM-CMP-0015 ,2,936.55,0.0,PLN
SO-2026-007794,1,2026-05-31,2026-06-04,PL-WEB-01,C010297,VM-EBK-0011,1,14903.51,0.05,PLN
SO-2026-007794,2,2026-05-31,2026-06-04,PL-WEB-01,C010297,VM-APP-0006,3,315.57,0.05,PLN
SO-2026-007795,1,2026-05-31,2026-06-04,PL-WEB-01,C013492,VM-ACC-0008,1,407.19,0.0,PLN
SO-2026-007795,2,2026-05-31,2026-06-04,PL-WEB-01,C013492,VM-APP-0008,2,162.87,0.0,PLN
SO-2026-007795,3,2026-05-31,2026-06-04,PL-WEB-01,C013492, VM-BIK-0007 ,1,7176.89,0.0,PLN
SO-2026-007796,1,2026-05-31,2026-06-01,PL-WEB-01,C012521,VM-BIK-0005,4,7543.37,0.12,PLN
SO-2026-007796,2,2026-05-31,2026-06-01,PL-WEB-01,C012521,VM-ACC-0022,4,1598.25,0.12,PLN
SO-2026-007797,1,2026-05-31,2026-06-01,PL-WEB-01,C018189,VM-CMP-0012,2,549.71,0.0,PLN
SO-2026-007797,2,2026-05-31,2026-06-01,PL-WEB-01,C018189,VM-ACC-0023,1,946.73,0.0,PLN
SO-2026-007798,1,2026-05-31,2026-06-04,PL-WEB-01,C011405,VM-ACC-0005,1,183.23,0.0,PLN
SO-2026-007798,2,2026-05-31,2026-06-04,PL-WEB-01,C011405,VM-BIK-0022,1,1425.19,0.0,PLN
SO-2026-007799,1,2026-05-31,2026-06-02,PL-WEB-01,C017350,VM-APP-0013,1,447.91,0.05,PLN
SO-2026-007800,1,2026-05-31,2026-06-03,PL-WEB-01,C004281,VM-ACC-0016,1,29.51,0.0,PLN
SO-2026-007801,1,2026-05-31,2026-06-04,PL-WEB-01,C017939,VM-CMP-0001,1,407.19,0.05,PLN
SO-2026-007802,1,2026-05-31,2026-06-02,PL-WEB-01,C022081,VM-NUT-0002,4,15.26,0.0,PLN
SO-2026-007803,1,2026-05-31,2026-06-02,PL-MKT-01,C022082,VM-APP-0010,2,173.05,0.0,PLN
SO-2026-007803,2,2026-05-31,2026-06-02,PL-MKT-01,C022082,VM-ACC-0021,1,794.03,0.0,PLN
SO-2026-007804,1,2026-05-31,2026-06-02,PL-MKT-01,C014406,VM-BIK-0009,1,5741.51,0.0,PLN
SO-2026-007804,2,2026-05-31,2026-06-02,PL-MKT-01,C014406,VM-CMP-0019,4,213.77,0.0,PLN
SO-2026-007805,1,2026-05-31,2026-06-01,PL-MKT-01,C017608,VM-BIK-0013,1,4886.39,0.0,PLN
SO-2026-007805,2,2026-05-31,2026-06-01,PL-MKT-01,C017608, VM-ACC-0008 ,1,407.19,0.0,PLN
SO-2026-007806,1,2026-05-31,2026-06-04,PL-MKT-01,C004670,VM-NUT-0002,15,15.26,0.0,PLN
SO-2026-007807,1,2026-05-31,2026-06-04,PL-MKT-01,C016252,VM-ACC-0007,2,366.47,0.0,PLN
SO-2026-007807,2,2026-05-31,2026-06-04,PL-MKT-01,C016252,VM-CMP-0017,2,508.99,0.0,PLN
SO-2026-007808,1,2026-05-31,2026-06-01,PL-MKT-01,C022083,VM-APP-0013,1,447.91,0.0,PLN
SO-2026-007809,1,2026-05-31,2026-06-02,PL-MKT-01,C015474,VM-BIK-0012,1,12022.57,0.05,PLN
SO-2026-007809,2,2026-05-31,2026-06-02,PL-MKT-01,C015474,VM-ACC-0007,1,366.47,0.05,PLN
SO-2026-007809,3,2026-05-31,2026-06-02,PL-MKT-01,C015474,VM-APP-0013,1,447.91,0.05,PLN
SO-2026-007810,1,2026-05-31,2026-06-02,PL-MKT-01,C014153,VM-APP-0009,1,356.29,0.0,PLN
SO-2026-007811,1,2026-05-31,2026-06-03,PL-MKT-01,C012564,VM-CMP-0017,1,508.99,0.0,PLN
SO-2026-007812,1,2026-05-31,2026-06-04,PL-MKT-01,C022084,VM-EBK-0003,1,9253.61,0.0,PLN
SO-2026-007812,2,2026-05-31,2026-06-04,PL-MKT-01,C022084,VM-ACC-0008,2,407.19,0.0,PLN
SO-2026-007813,1,2026-05-31,2026-06-01,PL-MKT-01,C004656, VM-ACC-0016 ,3,29.51,0.0,PLN
SO-2026-007814,1,2026-05-31,2026-06-02,PL-MKT-01,C022085,VM-APP-0009,2,356.29,0.0,PLN
SO-2026-007815,1,2026-05-31,2026-06-02,PL-MKT-01,C012044,VM-NUT-0002,9,15.26,0.05,PLN
SO-2026-007815,2,2026-05-31,2026-06-02,PL-MKT-01,C012044,VM-APP-0013,1,447.91,0.05,PLN
SO-2026-007815,3,2026-05-31,2026-06-02,PL-MKT-01,C012044,VM-CMP-0002,1,570.07,0.05,PLN
SO-2026-007815,4,2026-05-31,2026-06-02,PL-MKT-01,C012044,VM-NUT-0004,12,7.12,0.05,PLN
SO-2026-007816,1,2026-05-31,2026-06-01,PL-MKT-01,C019296,VM-BIK-0012,4,12022.57,0.12,PLN
SO-2026-007817,1,2026-05-31,2026-06-02,PL-MKT-01,C010706,VM-ACC-0013,1,173.05,0.0,PLN
SO-2026-007818,1,2026-05-31,2026-06-03,PL-MKT-01,C016954,VM-ACC-0018,3,50.89,0.0,PLN
SO-2026-007819,1,2026-05-31,2026-05-31,CZ-PRG-01,,VM-NUT-0001,10,53.0,0.0,CZK
SO-2026-007820,1,2026-05-31,2026-05-31,CZ-PRG-01,,VM-EBK-0009,1,58146.0,0.0,CZK
SO-2026-007821,1,2026-05-31,2026-05-31,CZ-PRG-01,C022086,VM-BIK-0007,3,41365.0,0.08,CZK
SO-2026-007822,1,2026-05-31,2026-05-31,CZ-PRG-01,,VM-ACC-0003,2,1701.0,0.0,CZK
SO-2026-007822,2,2026-05-31,2026-05-31,CZ-PRG-01,,VM-APP-0020,1,1056.0,0.0,CZK
SO-2026-007822,3,2026-05-31,2026-05-31,CZ-PRG-01,,VM-APP-0003,3,1819.0,0.0,CZK
SO-2026-007823,1,2026-05-31,2026-05-31,CZ-BRN-01,,VM-CMP-0014,2,2523.0,0.0,CZK
SO-2026-007824,1,2026-05-31,2026-05-31,CZ-BRN-01,C022087,VM-ACC-0008,2,2347.0,0.0,CZK
SO-2026-007824,2,2026-05-31,2026-05-31,CZ-BRN-01,C022087,VM-NUT-0002,11,88.0,0.0,CZK
SO-2026-007824,3,2026-05-31,2026-05-31,CZ-BRN-01,C022087,VM-NUT-0009,1,499.0,0.0,CZK
SO-2026-007825,1,2026-05-31,2026-05-31,CZ-BRN-01,,VM-NUT-0003,6,64.0,0.0,CZK
SO-2026-007825,2,2026-05-31,2026-05-31,CZ-BRN-01,,VM-CMP-0016,1,14434.0,0.0,CZK
SO-2026-007825,3,2026-05-31,2026-05-31,CZ-BRN-01,,VM-APP-0002,3,2582.0,0.0,CZK
SO-2026-007826,1,2026-05-31,2026-06-02,CZ-WEB-01,C010435,VM-APP-0002,1,2582.0,0.0,CZK
SO-2026-007826,2,2026-05-31,2026-06-02,CZ-WEB-01,C010435,VM-BIK-0004,1,25054.0,0.0,CZK
SO-2026-007826,3,2026-05-31,2026-06-02,CZ-WEB-01,C010435,VM-APP-0006,1,1819.0,0.0,CZK
SO-2026-007827,1,2026-05-31,2026-06-02,CZ-WEB-01,C017875,VM-NUT-0001,4,53.0,0.0,CZK
SO-2026-007828,1,2026-05-31,2026-06-04,CZ-WEB-01,C020546,VM-BIK-0009,1,33092.0,0.0,CZK
SO-2026-007828,2,2026-05-31,2026-06-04,CZ-WEB-01,C020546,VM-CMP-0005,1,8684.0,0.0,CZK
SO-2026-007829,1,2026-05-31,2026-06-03,DE-WEB-01,C020066,VM-NUT-0001,15,2.15,0.0,EUR
SO-2026-007830,1,2026-05-31,2026-06-02,DE-WEB-01,C011871,VM-CMP-0008,2,105.24,0.0,EUR
SO-2026-007831,1,2026-05-31,2026-06-02,DE-WEB-01,C022088,VM-APP-0012,1,208.09,0.0,EUR
SO-2026-007832,1,2026-05-31,2026-06-02,DE-WEB-01,C020064,VM-NUT-0009,3,20.33,0.0,EUR
SO-2026-007833,1,2026-05-31,2026-06-01,DE-WEB-01,C013602,VM-EBK-0009,1,2370.39,0.1,EUR
SO-2026-007833,2,2026-05-31,2026-06-01,DE-WEB-01,C013602,VM-ACC-0020,1,193.74,0.0,EUR
