OrderID,LineNo,OrderDate,ShipDate,StoreID,CustomerID,SKU,Quantity,UnitPrice,DiscountPct,Currency
SO-2026-001985,2,2026-03-04,2026-03-04,DE-BER-01,C018113,VM-CMP-0005,1,354.96,0.0,EUR
SO-2026-002105,2,2026-03-07,2026-03-07,PL-WRO-01,C019912,VM-BIK-0001,1,13936.41,0.0,PLN
SO-2026-002301,2,2026-03-11,2026-03-11,PL-LDZ-01,,VM-ACC-0010,1,254.49,0.0,PLN
SO-2026-002333,3,2026-03-11,2026-03-12,DE-WEB-01,C002424,VM-EBK-0004,1,2657.42,0.0,EUR
SO-2026-003039,1,2026-03-25,2026-03-27,PL-WEB-01,C020539,VM-CMP-0011,1,162.87,0.05,PLN
SO-2026-003118,2,2026-03-26,2026-03-27,DE-WEB-01,C020570,VM-NUT-0007,11,3.12,0.0,EUR
SO-2026-003229,1,2026-03-28,2026-04-01,PL-MKT-01,C017214,VM-BIK-0009,1,5741.51,0.05,PLN
SO-2026-003384,1,2026-04-01,2026-04-01,PL-WAW-01,C014494,VM-EBK-0005,3,17764.09,0.08,PLN
SO-2026-003385,1,2026-04-01,2026-04-01,PL-WAW-01,,VM-ACC-0004,1,794.03,0.0,PLN
SO-2026-003386,1,2026-04-01,2026-04-01,PL-WAW-01,C020644,VM-NUT-0003,4,11.19,0.0,PLN
SO-2026-003387,1,2026-04-01,2026-04-01,PL-WAW-01,C004944,VM-BIK-0009,1,5741.51,0.0,PLN
SO-2026-003388,1,2026-04-01,2026-04-01,PL-WAW-01,,VM-ACC-0008,2,407.19,0.0,PLN
SO-2026-003388,2,2026-04-01,2026-04-01,PL-WAW-01,,VM-APP-0002,1,447.91,0.0,PLN
SO-2026-003388,3,2026-04-01,2026-04-01,PL-WAW-01,,VM-BIK-0009,1,5741.51,0.0,PLN
SO-2026-003389,1,2026-04-01,2026-04-01,PL-WAW-01,C003375,VM-BIK-0020,1,1231.77,0.0,PLN
SO-2026-003390,1,2026-04-01,2026-04-01,PL-WAW-01,C020645,VM-CMP-0009,2,356.29,0.0,PLN
SO-2026-003390,2,2026-04-01,2026-04-01,PL-WAW-01,C020645,VM-APP-0003,1,315.57,0.0,PLN
SO-2026-003391,1,2026-04-01,2026-04-01,PL-WAW-02,,VM-APP-0008,2,162.87,0.0,PLN
SO-2026-003392,1,2026-04-01,2026-04-01,PL-WAW-02,C020646,VM-EBK-0009,1,10088.37,0.0,PLN
SO-2026-003392,2,2026-04-01,2026-04-01,PL-WAW-02,C020646,VM-ACC-0002,1,620.97,0.0,PLN
SO-2026-003393,1,2026-04-01,2026-04-01,PL-WAW-02,C016980,VM-APP-0007,2,162.87,0.0,PLN
SO-2026-003394,1,2026-04-01,2026-04-01,PL-KRK-01,,VM-CMP-0002,2,570.07,0.0,PLN
SO-2026-003394,2,2026-04-01,2026-04-01,PL-KRK-01,,VM-BIK-0001,1,13936.41,0.0,PLN
SO-2026-003395,1,2026-04-01,2026-04-01,PL-KRK-01,,VM-NUT-0004,8,7.12,0.0,PLN
SO-2026-003396,1,2026-04-01,2026-04-01,PL-KRK-01,C020647, VM-BIK-0013 ,1,4886.39,0.0,PLN
SO-2026-003396,2,2026-04-01,2026-04-01,PL-KRK-01,C020647,VM-EBK-0002,1,10129.09,0.0,PLN
SO-2026-003397,1,2026-04-01,2026-04-01,PL-WRO-01,,VM-APP-0017,2,193.41,0.0,PLN
SO-2026-003398,1,2026-04-01,2026-04-01,PL-WRO-01,,VM-APP-0006,2,315.57,0.0,PLN
SO-2026-003398,2,2026-04-01,2026-04-01,PL-WRO-01,,VM-APP-0015,1,580.25,0.1,PLN
SO-2026-003399,1,2026-04-01,2026-04-01,PL-WRO-01,C013742,VM-ACC-0013,1,173.05,0.0,PLN
SO-2026-003399,2,2026-04-01,2026-04-01,PL-WRO-01,C013742,VM-BIK-0007,1,7176.89,0.0,PLN
SO-2026-003400,1,2026-04-01,2026-04-01,PL-WRO-01,C020648,VM-BIK-0019,1,1231.77,0.0,PLN
SO-2026-003400,2,2026-04-01,2026-04-01,PL-WRO-01,C020648,VM-ACC-0017,2,59.03,0.0,PLN
SO-2026-003401,1,2026-04-01,2026-04-01,PL-GDN-01,,VM-EBK-0004,1,11279.43,0.0,PLN
SO-2026-003401,2,2026-04-01,2026-04-01,PL-GDN-01,,VM-ACC-0002,1,620.97,0.0,PLN
SO-2026-003401,3,2026-04-01,2026-04-01,PL-GDN-01,, VM-ACC-0009 ,1,407.19,0.0,PLN
SO-2026-003401,4,2026-04-01,2026-04-01,PL-GDN-01,,VM-CMP-0009,1,356.29,0.0,PLN
SO-2026-003402,1,2026-04-01,2026-04-01,PL-GDN-01,,VM-CMP-0016,1,2504.27,0.0,PLN
SO-2026-003402,2,2026-04-01,2026-04-01,PL-GDN-01,,VM-NUT-0002,8,15.26,0.0,PLN
SO-2026-003402,3,2026-04-01,2026-04-01,PL-GDN-01,,VM-CMP-0004,1,732.95,0.0,PLN
SO-2026-003402,4,2026-04-01,2026-04-01,PL-GDN-01,,VM-BIK-0013,1,4886.39,0.0,PLN
SO-2026-003403,1,2026-04-01,2026-04-01,PL-GDN-01,,VM-CMP-0020,4,264.67,0.0,PLN
SO-2026-003404,1,2026-04-01,2026-04-01,PL-POZ-01,,VM-BIK-0012,1,12022.57,0.0,PLN
SO-2026-003404,2,2026-04-01,2026-04-01,PL-POZ-01,,VM-ACC-0017,3,59.03,0.0,PLN
SO-2026-003405,1,2026-04-01,2026-04-01,PL-LDZ-01,C010812,VM-APP-0014,2,498.81,0.12,PLN
SO-2026-003405,2,2026-04-01,2026-04-01,PL-LDZ-01,C010812,VM-CMP-0018,9,63.11,0.12,PLN
SO-2026-003406,1,2026-04-01,2026-04-01,PL-LDZ-01,C018157,VM-ACC-0018,3,50.89,0.0,PLN
SO-2026-003406,2,2026-04-01,2026-04-01,PL-LDZ-01,C018157,VM-ACC-0007,1,366.47,0.0,PLN
SO-2026-003406,3,2026-04-01,2026-04-01,PL-LDZ-01,C018157,VM-APP-0012,1,885.65,0.0,PLN
SO-2026-003406,4,2026-04-01,2026-04-01,PL-LDZ-01,C018157,VM-APP-0015,1,580.25,0.0,PLN
SO-2026-003407,1,2026-04-01,2026-04-02,PL-WEB-01,C020649,VM-APP-0008,2,162.87,0.05,PLN
SO-2026-003407,2,2026-04-01,2026-04-02,PL-WEB-01,C020649,VM-BIK-0017,1,1944.37,0.05,PLN
SO-2026-003407,3,2026-04-01,2026-04-02,PL-WEB-01,C020649,VM-APP-0010,2,173.05,0.05,PLN
SO-2026-003408,1,2026-04-01,2026-04-05,PL-WEB-01,C020650,vm-acc-0008,2,407.19,0.0,PLN
SO-2026-003409,1,2026-04-01,2026-04-05,PL-WEB-01,C020651,VM-EBK-0010,1,13732.81,0.0,PLN
SO-2026-003410,1,2026-04-01,2026-04-05,PL-WEB-01,C018874,VM-BIK-0009,1,5741.51,0.0,PLN
SO-2026-003411,1,2026-04-01,2026-04-04,PL-WEB-01,C019240,VM-CMP-0013,2,539.53,0.1,PLN
SO-2026-003411,2,2026-04-01,2026-04-04,PL-WEB-01,C019240,VM-APP-0002,2,447.91,0.0,PLN
SO-2026-003412,1,2026-04-01,2026-04-02,PL-WEB-01,C015888,VM-NUT-0006,25,10.17,0.1,PLN
SO-2026-003413,1,2026-04-01,2026-04-04,PL-WEB-01,C020572,VM-APP-0002,1,447.91,0.0,PLN
SO-2026-003413,2,2026-04-01,2026-04-04,PL-WEB-01,C020572,VM-CMP-0008,2,447.91,0.0,PLN
SO-2026-003413,3,2026-04-01,2026-04-04,PL-WEB-01,C020572,VM-ACC-0014,1,111.97,0.1,PLN
SO-2026-003413,4,2026-04-01,2026-04-04,PL-WEB-01,C020572,VM-ACC-0008,2,407.19,0.0,PLN
SO-2026-003414,1,2026-04-01,2026-04-03,PL-WEB-01,C020652,VM-ACC-0008,1,407.19,0.05,PLN
SO-2026-003414,2,2026-04-01,2026-04-03,PL-WEB-01,C020652,VM-EBK-0011,1,14903.51,0.0,PLN
SO-2026-003414,3,2026-04-01,2026-04-03,PL-WEB-01,C020652,VM-BIK-0012,1,12022.57,0.0,PLN
SO-2026-003415,1,2026-04-01,2026-04-04,PL-WEB-01,C014099,VM-EBK-0006,1,20502.51,0.0,PLN
SO-2026-003415,2,2026-04-01,2026-04-04,PL-WEB-01,C014099,VM-ACC-0002,1,620.97,0.0,PLN
SO-2026-003416,1,2026-04-01,2026-04-05,PL-WEB-01,C020653,VM-BIK-0017,1,1944.37,0.0,PLN
SO-2026-003417,1,2026-04-01,2026-04-04,PL-WEB-01,C012365,VM-NUT-0011,3,54.96,0.12,PLN
SO-2026-003417,2,2026-04-01,2026-04-04,PL-WEB-01,C012365,VM-EBK-0011,3,14903.51,0.12,PLN
SO-2026-003417,3,2026-04-01,2026-04-04,PL-WEB-01,C012365,VM-BIK-0012,2,12022.57,0.1,PLN
SO-2026-003417,4,2026-04-01,2026-04-04,PL-WEB-01,C012365,VM-NUT-0006,55,10.17,0.12,PLN
SO-2026-003418,1,2026-04-01,2026-04-05,PL-WEB-01,C014774,VM-APP-0005,3,183.23,0.0,PLN
SO-2026-003419,1,2026-04-01,2026-04-03,PL-WEB-01,C020654,VM-CMP-0005,2,1506.63,0.05,PLN
SO-2026-003419,2,2026-04-01,2026-04-03,PL-WEB-01,C020654,VM-BIK-0019,1,1231.77,0.0,PLN
SO-2026-003420,1,2026-04-01,2026-04-05,PL-WEB-01,C007114,VM-APP-0010,2,173.05,0.0,PLN
SO-2026-003420,2,2026-04-01,2026-04-05,PL-WEB-01,C007114,VM-NUT-0004,8,7.12,0.0,PLN
SO-2026-003421,1,2026-04-01,2026-04-03,PL-MKT-01,C020655,VM-APP-0020,2,183.23,0.0,PLN
SO-2026-003422,1,2026-04-01,2026-04-03,PL-MKT-01,C020656,VM-APP-0020,1,183.23,0.0,PLN
SO-2026-003422,2,2026-04-01,2026-04-03,PL-MKT-01,C020656,VM-ACC-0011,1,73.29,0.0,PLN
SO-2026-003423,1,2026-04-01,2026-04-03,PL-MKT-01,C020657,VM-BIK-0007,1,7176.89,0.0,PLN
SO-2026-003423,2,2026-04-01,2026-04-03,PL-MKT-01,C020657,VM-ACC-0006,1,967.09,0.0,PLN
SO-2026-003424,1,2026-04-01,2026-04-02,PL-MKT-01,C015055,vm-cmp-0021,3,48.85,0.05,PLN
SO-2026-003425,1,2026-04-01,2026-04-02,PL-MKT-01,C016252,VM-CMP-0020,1,264.67,0.0,PLN
SO-2026-003426,1,2026-04-01,2026-04-03,PL-MKT-01,C020658,VM-NUT-0008,7,10.17,0.1,PLN
SO-2026-003426,2,2026-04-01,2026-04-03,PL-MKT-01,C020658,VM-CMP-0023,1,60.05,0.0,PLN
SO-2026-003427,1,2026-04-01,2026-04-01,CZ-PRG-01,,VM-CMP-0013,2,3111.0,0.0,CZK
SO-2026-003427,2,2026-04-01,2026-04-01,CZ-PRG-01,,VM-ACC-0001,1,2231.0,0.0,CZK
SO-2026-003428,1,2026-04-01,2026-04-01,CZ-PRG-01,C011736,VM-APP-0019,2,387.0,0.05,CZK
SO-2026-003429,1,2026-04-01,2026-04-01,CZ-PRG-01,C020333,VM-CMP-0009,2,2055.0,0.0,CZK
SO-2026-003429,2,2026-04-01,2026-04-01,CZ-PRG-01,C020333,VM-APP-0010,1,998.0,0.0,CZK
SO-2026-003430,1,2026-04-01,2026-04-01,CZ-PRG-01,C017734,VM-ACC-0018,1,293.0,0.05,CZK
SO-2026-003431,1,2026-04-01,2026-04-01,CZ-BRN-01,C020659,VM-NUT-0004,9,41.0,0.0,CZK
SO-2026-003431,2,2026-04-01,2026-04-01,CZ-BRN-01,C020659,VM-ACC-0001,2,2231.0,0.0,CZK
SO-2026-003432,1,2026-04-01,2026-04-01,CZ-BRN-01,C020660,VM-ACC-0008,1,2348.0,0.0,CZK
SO-2026-003432,2,2026-04-01,2026-04-01,CZ-BRN-01,C020660,VM-NUT-0006,3,59.0,0.0,CZK
SO-2026-003433,1,2026-04-01,2026-04-01,CZ-BRN-01,C020661, VM-EBK-0003 ,1,53366.0,0.0,CZK
SO-2026-003434,1,2026-04-01,2026-04-01,CZ-BRN-01,C020662,VM-NUT-0004,4,41.0,0.05,CZK
SO-2026-003435,1,2026-04-01,2026-04-03,CZ-WEB-01,C020663,VM-ACC-0017,2,340.0,0.0,CZK
SO-2026-003436,1,2026-04-01,2026-04-04,CZ-WEB-01,C015550,VM-BIK-0004,1,25068.0,0.05,CZK
SO-2026-003436,2,2026-04-01,2026-04-04,CZ-WEB-01,C015550,VM-ACC-0004,2,4579.0,0.05,CZK
SO-2026-003436,3,2026-04-01,2026-04-04,CZ-WEB-01,C015550,VM-APP-0018,1,763.0,0.05,CZK
SO-2026-003437,1,2026-04-01,2026-04-02,CZ-WEB-01,C011810,VM-BIK-0009,1,33111.0,0.05,CZK
SO-2026-003438,1,2026-04-01,2026-04-03,CZ-WEB-01,C020664,VM-APP-0012,3,5108.0,0.12,CZK
SO-2026-003439,1,2026-04-01,2026-04-04,CZ-WEB-01,C019476,VM-CMP-0005,1,8689.0,0.0,CZK
SO-2026-003439,2,2026-04-01,2026-04-04,CZ-WEB-01,C019476,VM-BIK-0007,1,41389.0,0.0,CZK
SO-2026-003439,3,2026-04-01,2026-04-04,CZ-WEB-01,C019476,VM-NUT-0008,4,59.0,0.0,CZK
SO-2026-003439,4,2026-04-01,2026-04-04,CZ-WEB-01,C019476,VM-BIK-0004,1,25068.0,0.0,CZK
SO-2026-003440,1,2026-04-01,2026-04-01,DE-BER-01,,VM-APP-0006,1,74.26,0.0,EUR
SO-2026-003441,1,2026-04-01,2026-04-01,DE-BER-01,C020665,VM-CMP-0023,1,14.13,0.05,EUR
SO-2026-003441,2,2026-04-01,2026-04-01,DE-BER-01,C020665,VM-BIK-0009,1,1351.1,0.05,EUR
SO-2026-003441,3,2026-04-01,2026-04-01,DE-BER-01,C020665,VM-BIK-0002,1,2306.94,0.05,EUR
SO-2026-003441,4,2026-04-01,2026-04-01,DE-BER-01,C020665,VM-APP-0003,1,74.26,0.05,EUR
SO-2026-003442,1,2026-04-01,2026-04-01,DE-BER-01,C020520,VM-BIK-0017,1,457.55,0.05,EUR
SO-2026-003442,2,2026-04-01,2026-04-01,DE-BER-01,C020520,VM-ACC-0015,1,83.84,0.05,EUR
SO-2026-003443,1,2026-04-01,2026-04-01,DE-BER-01,,VM-APP-0006,2,74.26,0.0,EUR
SO-2026-003444,1,2026-04-01,2026-04-02,DE-WEB-01,C018507,VM-ACC-0010,2,59.89,0.0,EUR
SO-2026-003445,1,2026-04-01,2026-04-02,DE-WEB-01,C020666,VM-BIK-0007,3,1688.88,0.12,EUR
SO-2026-003446,1,2026-04-01,2026-04-03,DE-WEB-01,C018456,VM-BIK-0012,1,2829.17,0.0,EUR
SO-2026-003446,2,2026-04-01,2026-04-03,DE-WEB-01,C018456,VM-BIK-0019,1,289.86,0.0,EUR
SO-2026-003447,1,2026-04-01,2026-04-04,DE-WEB-01,C002424,VM-ACC-0008,2,95.82,0.0,EUR
SO-2026-003448,1,2026-04-01,2026-04-05,DE-WEB-01,C017944,VM-NUT-0004,3,1.67,0.0,EUR
SO-2026-003449,1,2026-04-01,2026-04-02,DE-WEB-01,C020667,VM-ACC-0008,1,95.82,0.0,EUR
SO-2026-003450,1,2026-04-01,2026-04-04,DE-WEB-01,C010554,VM-ACC-0008,3,95.82,0.1,EUR
SO-2026-003451,1,2026-04-02,2026-04-02,PL-WAW-01,C010229,VM-ACC-0012,1,73.29,0.0,PLN
SO-2026-003451,2,2026-04-02,2026-04-02,PL-WAW-01,C010229,VM-ACC-0019,3,50.89,0.0,PLN
SO-2026-003452,1,2026-04-02,2026-04-02,PL-WAW-01,C020668,VM-APP-0010,2,173.05,0.05,PLN
SO-2026-003453,1,2026-04-02,2026-04-02,PL-WAW-01,C019631,vm-nut-0002,27,15.26,0.1,PLN
SO-2026-003453,2,2026-04-02,2026-04-02,PL-WAW-01,C019631,VM-BIK-0007,3,7176.89,0.1,PLN
SO-2026-003454,1,2026-04-02,2026-04-02,PL-WAW-01,,VM-BIK-0017,1,1944.37,0.0,PLN
SO-2026-003454,2,2026-04-02,2026-04-02,PL-WAW-01,,VM-ACC-0001,2,386.83,0.0,PLN
SO-2026-003454,3,2026-04-02,2026-04-02,PL-WAW-01,,VM-CMP-0011,2,162.87,0.0,PLN
SO-2026-003455,1,2026-04-02,2026-04-02,PL-WAW-01,C019628,VM-NUT-0006,22,10.17,0.12,PLN
SO-2026-003455,2,2026-04-02,2026-04-02,PL-WAW-01,C019628,VM-APP-0002,5,447.91,0.12,PLN
SO-2026-003456,1,2026-04-02,2026-04-02,PL-WAW-01,C016687,VM-NUT-0009,1,86.52,0.0,PLN
SO-2026-003456,2,2026-04-02,2026-04-02,PL-WAW-01,C016687,VM-ACC-0023,1,946.73,0.0,PLN
SO-2026-003456,3,2026-04-02,2026-04-02,PL-WAW-01,C016687,VM-ACC-0020,1,824.57,0.0,PLN
SO-2026-003456,4,2026-04-02,2026-04-02,PL-WAW-01,C016687,VM-APP-0002,1,447.91,0.0,PLN
SO-2026-003457,1,2026-04-02,2026-04-02,PL-WAW-01,C016480,VM-BIK-0004,1,4346.85,0.0,PLN
SO-2026-003458,1,2026-04-02,2026-04-02,PL-WAW-01,C020340,VM-CMP-0013,2,539.53,0.05,PLN
SO-2026-003458,2,2026-04-02,2026-04-02,PL-WAW-01,C020340,VM-ACC-0008,2,407.19,0.05,PLN
SO-2026-003458,3,2026-04-02,2026-04-02,PL-WAW-01,C020340,VM-ACC-0014,1,111.97,0.05,PLN
SO-2026-003458,4,2026-04-02,2026-04-02,PL-WAW-01,C020340,VM-NUT-0002,14,15.26,0.05,PLN
SO-2026-003459,1,2026-04-02,2026-04-02,PL-WAW-01,C020669,VM-APP-0002,4,447.91,0.1,PLN
SO-2026-003460,1,2026-04-02,2026-04-02,PL-WAW-02,C017149,VM-ACC-0003,2,295.21,0.0,PLN
SO-2026-003460,2,2026-04-02,2026-04-02,PL-WAW-02,C017149,VM-BIK-0021,1,1272.49,0.0,PLN
SO-2026-003461,1,2026-04-02,2026-04-02,PL-WAW-02,,VM-NUT-0002,13,15.26,0.0,PLN
SO-2026-003461,2,2026-04-02,2026-04-02,PL-WAW-02,,VM-CMP-0017,2,508.99,0.05,PLN
SO-2026-003462,1,2026-04-02,2026-04-02,PL-WAW-02,C013966,vm-cmp-0013,2,539.53,0.05,PLN
SO-2026-003462,2,2026-04-02,2026-04-02,PL-WAW-02,C013966,VM-BIK-0013,1,4886.39,0.05,PLN
SO-2026-003463,1,2026-04-02,2026-04-02,PL-WAW-02,C020670,VM-ACC-0005,2,183.23,0.0,PLN
SO-2026-003463,2,2026-04-02,2026-04-02,PL-WAW-02,C020670,VM-ACC-0022,1,1598.25,0.0,PLN
SO-2026-003464,1,2026-04-02,2026-04-02,PL-KRK-01,C015133,VM-CMP-0005,2,1506.63,0.05,PLN
SO-2026-003465,1,2026-04-02,2026-04-02,PL-WRO-01,C020671,VM-ACC-0007,1,366.47,0.0,PLN
SO-2026-003465,2,2026-04-02,2026-04-02,PL-WRO-01,C020671,VM-CMP-0002,1,570.07,0.0,PLN
SO-2026-003465,3,2026-04-02,2026-04-02,PL-WRO-01,C020671,VM-BIK-0019,1,1231.77,0.0,PLN
SO-2026-003466,1,2026-04-02,2026-04-02,PL-WRO-01,C010229,VM-CMP-0017,1,508.99,0.0,PLN
SO-2026-003466,2,2026-04-02,2026-04-02,PL-WRO-01,C010229,VM-ACC-0014,1,111.97,0.0,PLN
SO-2026-003467,1,2026-04-02,2026-04-02,PL-GDN-01,C016586,VM-ACC-0008,1,407.19,0.0,PLN
SO-2026-003467,2,2026-04-02,2026-04-02,PL-GDN-01,C016586,VM-APP-0008,2,162.87,0.0,PLN
SO-2026-003468,1,2026-04-02,2026-04-02,PL-GDN-01,C013595,VM-BIK-0007,1,7176.89,0.0,PLN
SO-2026-003468,2,2026-04-02,2026-04-02,PL-GDN-01,C013595,VM-ACC-0018,2,50.89,0.0,PLN
SO-2026-003468,3,2026-04-02,2026-04-02,PL-GDN-01,C013595,VM-ACC-0010,1,254.49,0.0,PLN
SO-2026-003469,1,2026-04-02,2026-04-02,PL-GDN-01,,VM-BIK-0009,1,5741.51,0.0,PLN
SO-2026-003470,1,2026-04-02,2026-04-02,PL-GDN-01,C019333,VM-NUT-0009,3,86.52,0.0,PLN
SO-2026-003470,2,2026-04-02,2026-04-02,PL-GDN-01,C019333,VM-CMP-0013,2,539.53,0.0,PLN
SO-2026-003471,1,2026-04-02,2026-04-02,PL-GDN-01,,VM-ACC-0022,1,1598.25,0.0,PLN
SO-2026-003471,2,2026-04-02,2026-04-02,PL-GDN-01,,VM-CMP-0006,1,203.59,0.0,PLN
SO-2026-003472,1,2026-04-02,2026-04-02,PL-POZ-01,C020672,VM-ACC-0014,1,111.97,0.0,PLN
SO-2026-003472,2,2026-04-02,2026-04-02,PL-POZ-01,C020672,VM-CMP-0018,1,63.11,0.05,PLN
SO-2026-003473,1,2026-04-02,2026-04-02,PL-POZ-01,C004985,VM-BIK-0009,4,5741.51,0.08,PLN
SO-2026-003473,2,2026-04-02,2026-04-02,PL-POZ-01,C004985,VM-CMP-0005,2,1506.63,0.08,PLN
SO-2026-003474,1,2026-04-02,2026-04-02,PL-POZ-01,C020673,VM-BIK-0012,1,12022.57,0.05,PLN
SO-2026-003475,1,2026-04-02,2026-04-02,PL-LDZ-01,C007722,VM-BIK-0002,1,9803.33,0.05,PLN
SO-2026-003475,2,2026-04-02,2026-04-02,PL-LDZ-01,C007722,VM-ACC-0017,1,59.03,0.05,PLN
SO-2026-003476,1,2026-04-02,2026-04-02,PL-LDZ-01,C019578,VM-NUT-0011,3,54.96,0.0,PLN
SO-2026-003477,1,2026-04-02,2026-04-02,PL-LDZ-01,C020674,VM-BIK-0003,1,6657.71,0.0,PLN
SO-2026-003477,2,2026-04-02,2026-04-02,PL-LDZ-01,C020674,VM-ACC-0021,1,794.03,0.0,PLN
SO-2026-003477,3,2026-04-02,2026-04-02,PL-LDZ-01,C020674,VM-ACC-0008,2,407.19,0.0,PLN
SO-2026-003477,4,2026-04-02,2026-04-02,PL-LDZ-01,C020674,VM-CMP-0019,3,213.77,0.0,PLN
SO-2026-003478,1,2026-04-02,2026-04-02,PL-LDZ-01,,VM-ACC-0019,1,50.89,0.0,PLN
SO-2026-003478,2,2026-04-02,2026-04-02,PL-LDZ-01,,VM-BIK-0020,1,1231.77,0.0,PLN
SO-2026-003478,3,2026-04-02,2026-04-02,PL-LDZ-01,,VM-NUT-0011,2,54.96,0.0,PLN
SO-2026-003478,4,2026-04-02,2026-04-02,PL-LDZ-01,,VM-EBK-0007,1,14964.59,0.0,PLN
SO-2026-003479,1,2026-04-02,2026-04-04,PL-WEB-01,C012365,VM-NUT-0007,21,13.22,0.08,PLN
SO-2026-003480,1,2026-04-02,2026-04-03,PL-WEB-01,C020675,VM-BIK-0001,1,13936.41,0.0,PLN
SO-2026-003480,2,2026-04-02,2026-04-03,PL-WEB-01,C020675,VM-ACC-0008,1,407.19,0.0,PLN
SO-2026-003481,1,2026-04-02,2026-04-06,PL-WEB-01,C014457,VM-BIK-0009,1,5741.51,0.05,PLN
SO-2026-003482,1,2026-04-02,2026-04-06,PL-WEB-01,C016798,VM-CMP-0009,1,356.29,0.0,PLN
SO-2026-003482,2,2026-04-02,2026-04-06,PL-WEB-01,C016798,VM-BIK-0016,1,3654.61,0.0,PLN
SO-2026-003482,3,2026-04-02,2026-04-06,PL-WEB-01,C016798,VM-BIK-0021,1,1272.49,0.0,PLN
SO-2026-003483,1,2026-04-02,2026-04-03,PL-WEB-01,C020676,VM-EBK-0010,1,13732.81,0.0,PLN
SO-2026-003483,2,2026-04-02,2026-04-03,PL-WEB-01,C020676,VM-ACC-0007,1,366.47,0.0,PLN
SO-2026-003483,3,2026-04-02,2026-04-03,PL-WEB-01,C020676,VM-ACC-0005,2,183.23,0.0,PLN
SO-2026-003484,1,2026-04-02,2026-04-04,PL-WEB-01,C014932,VM-NUT-0002,5,15.26,0.0,PLN
SO-2026-003484,2,2026-04-02,2026-04-04,PL-WEB-01,C014932,VM-BIK-0006,1,6708.61,0.0,PLN
SO-2026-003485,1,2026-04-02,2026-04-03,PL-WEB-01,C010602,VM-APP-0010,1,173.05,0.05,PLN
SO-2026-003485,2,2026-04-02,2026-04-03,PL-WEB-01,C010602,VM-NUT-0007,10,13.22,0.05,PLN
SO-2026-003486,1,2026-04-02,2026-04-05,PL-WEB-01,C005111,VM-APP-0002,2,447.91,0.05,PLN
SO-2026-003486,2,2026-04-02,2026-04-05,PL-WEB-01,C005111,VM-CMP-0001,2,407.19,0.05,PLN
SO-2026-003487,1,2026-04-02,2026-04-04,PL-WEB-01,C020296,VM-ACC-0006,1,967.09,0.0,PLN
SO-2026-003487,2,2026-04-02,2026-04-04,PL-WEB-01,C020296,VM-APP-0019,1,67.18,0.0,PLN
SO-2026-003487,3,2026-04-02,2026-04-04,PL-WEB-01,C020296,VM-ACC-0019,1,50.89,0.0,PLN
SO-2026-003488,1,2026-04-02,2026-04-06,PL-WEB-01,C009068,VM-NUT-0002,5,15.26,0.0,PLN
SO-2026-003488,2,2026-04-02,2026-04-06,PL-WEB-01,C009068,VM-BIK-0014,1,3898.93,0.0,PLN
SO-2026-003488,3,2026-04-02,2026-04-06,PL-WEB-01,C009068,VM-APP-0019,1,67.18,0.0,PLN
SO-2026-003489,1,2026-04-02,2026-04-04,PL-WEB-01,C014533,VM-ACC-0007,5,366.47,0.1,PLN
SO-2026-003490,1,2026-04-02,2026-04-03,PL-WEB-01,C008722,VM-BIK-0011,1,8805.69,0.0,PLN
SO-2026-003491,1,2026-04-02,2026-04-03,PL-WEB-01,C020677,VM-CMP-0016,1,2504.27,0.0,PLN
SO-2026-003492,1,2026-04-02,2026-04-03,PL-WEB-01,C018537,VM-BIK-0007,1,7176.89,0.0,PLN
SO-2026-003493,1,2026-04-02,2026-04-04,PL-WEB-01,C015888,VM-EBK-0008,4,15371.79,0.08,PLN
SO-2026-003494,1,2026-04-02,2026-04-06,PL-MKT-01,C020678,VM-APP-0007,2,162.87,0.0,PLN
SO-2026-003495,1,2026-04-02,2026-04-06,PL-MKT-01,C004109,VM-EBK-0003,1,9253.61,0.0,PLN
SO-2026-003495,2,2026-04-02,2026-04-06,PL-MKT-01,C004109,VM-ACC-0008,1,407.19,0.0,PLN
SO-2026-003495,3,2026-04-02,2026-04-06,PL-MKT-01,C004109,VM-ACC-0017,1,59.03,0.0,PLN
SO-2026-003496,1,2026-04-02,2026-04-03,PL-MKT-01,C015627,vm-nut-0004,13,7.12,0.0,PLN
SO-2026-003496,2,2026-04-02,2026-04-03,PL-MKT-01,C015627,VM-ACC-0001,2,386.83,0.0,PLN
SO-2026-003496,3,2026-04-02,2026-04-03,PL-MKT-01,C015627, VM-EBK-0002 ,1,10129.09,0.0,PLN
SO-2026-003497,1,2026-04-02,2026-04-05,PL-MKT-01,C018193,VM-NUT-0004,12,7.12,0.05,PLN
SO-2026-003498,1,2026-04-02,2026-04-04,PL-MKT-01,C006283,VM-ACC-0008,1,407.19,0.0,PLN
SO-2026-003498,2,2026-04-02,2026-04-04,PL-MKT-01,C006283,VM-EBK-0008,1,15371.79,0.0,PLN
SO-2026-003499,1,2026-04-02,2026-04-05,PL-MKT-01,C020679,vm-nut-0008,7,10.17,0.0,PLN
SO-2026-003499,2,2026-04-02,2026-04-05,PL-MKT-01,C020679,VM-EBK-0006,1,20502.51,0.0,PLN
SO-2026-003500,1,2026-04-02,2026-04-06,PL-MKT-01,C020680,VM-EBK-0007,1,14964.59,0.0,PLN
SO-2026-003500,2,2026-04-02,2026-04-06,PL-MKT-01,C020680,VM-APP-0005,3,183.23,0.0,PLN
SO-2026-003500,3,2026-04-02,2026-04-06,PL-MKT-01,C020680,VM-APP-0002,3,447.91,0.0,PLN
SO-2026-003501,1,2026-04-02,2026-04-02,CZ-BRN-01,C020681,VM-CMP-0001,2,2348.0,0.0,CZK
SO-2026-003502,1,2026-04-02,2026-04-04,CZ-WEB-01,C020682,VM-EBK-0004,1,65049.0,0.0,CZK
SO-2026-003503,1,2026-04-02,2026-04-02,DE-BER-01,,VM-ACC-0020,1,194.04,0.0,EUR
SO-2026-003503,2,2026-04-02,2026-04-02,DE-BER-01,,VM-APP-0009,2,83.84,0.0,EUR
SO-2026-003504,1,2026-04-02,2026-04-02,DE-BER-01,C005326,VM-ACC-0010,1,59.89,0.05,EUR
SO-2026-003504,2,2026-04-02,2026-04-02,DE-BER-01,C005326,VM-NUT-0007,11,3.11,0.05,EUR
SO-2026-003505,1,2026-04-02,2026-04-05,DE-WEB-01,C020683,VM-BIK-0005,1,1775.12,0.0,EUR
SO-2026-003506,1,2026-04-02,2026-04-05,DE-WEB-01,C010537,VM-NUT-0004,14,1.67,0.0,EUR
SO-2026-003507,1,2026-04-02,2026-04-03,DE-WEB-01,C014486,VM-NUT-0003,4,2.63,0.0,EUR
SO-2026-003507,2,2026-04-02,2026-04-03,DE-WEB-01,C014486,VM-NUT-0004,15,1.67,0.0,EUR
SO-2026-003507,3,2026-04-02,2026-04-03,DE-WEB-01,C014486,VM-CMP-0002,1,134.15,0.0,EUR
SO-2026-003507,4,2026-04-02,2026-04-03,DE-WEB-01,C014486,VM-EBK-0008,1,3617.32,0.05,EUR
SO-2026-003508,1,2026-04-02,2026-04-04,DE-WEB-01,C020684,VM-CMP-0017,2,119.78,0.0,EUR
SO-2026-003509,1,2026-04-02,2026-04-03,DE-WEB-01,C016504,VM-BIK-0003,1,1566.7,0.0,EUR
SO-2026-003509,2,2026-04-02,2026-04-03,DE-WEB-01,C016504,VM-ACC-0009,2,95.82,0.0,EUR
SO-2026-003510,1,2026-04-02,2026-04-05,DE-WEB-01,C004223,VM-APP-0007,2,38.33,0.05,EUR
SO-2026-003511,1,2026-04-03,2026-04-03,PL-WAW-01,,VM-EBK-0002,1,10129.09,0.0,PLN
SO-2026-003511,2,2026-04-03,2026-04-03,PL-WAW-01,,VM-NUT-0007,7,13.22,0.0,PLN
SO-2026-003511,3,2026-04-03,2026-04-03,PL-WAW-01,,VM-ACC-0008,1,407.19,0.0,PLN
SO-2026-003512,1,2026-04-03,2026-04-03,PL-WAW-01,,VM-NUT-0009,4,86.52,0.1,PLN
SO-2026-003512,2,2026-04-03,2026-04-03,PL-WAW-01,,VM-APP-0006,3,315.57,0.0,PLN
SO-2026-003513,1,2026-04-03,2026-04-03,PL-WAW-01,C020540,VM-CMP-0009,2,356.29,0.0,PLN
SO-2026-003513,2,2026-04-03,2026-04-03,PL-WAW-01,C020540,VM-APP-0013,1,447.91,0.1,PLN
SO-2026-003514,1,2026-04-03,2026-04-03,PL-WAW-01,C020685,VM-NUT-0004,11,7.12,0.0,PLN
SO-2026-003515,1,2026-04-03,2026-04-03,PL-WAW-01,,VM-EBK-0003,1,9253.61,0.0,PLN
SO-2026-003516,1,2026-04-03,2026-04-03,PL-WAW-01,C016527,VM-BIK-0017,1,1944.37,0.0,PLN
SO-2026-003516,2,2026-04-03,2026-04-03,PL-WAW-01,C016527,VM-ACC-0007,2,366.47,0.0,PLN
SO-2026-003516,3,2026-04-03,2026-04-03,PL-WAW-01,C016527,VM-BIK-0008,1,5405.57,0.0,PLN
SO-2026-003517,1,2026-04-03,2026-04-03,PL-WAW-02,,VM-NUT-0006,12,10.17,0.0,PLN
SO-2026-003517,2,2026-04-03,2026-04-03,PL-WAW-02,,VM-CMP-0019,3,213.77,0.0,PLN
SO-2026-003518,1,2026-04-03,2026-04-03,PL-WAW-02,,VM-ACC-0001,2,386.83,0.0,PLN
SO-2026-003518,2,2026-04-03,2026-04-03,PL-WAW-02,,VM-ACC-0018,1,50.89,0.0,PLN
SO-2026-003518,3,2026-04-03,2026-04-03,PL-WAW-02,,VM-ACC-0002,2,620.97,0.0,PLN
SO-2026-003519,1,2026-04-03,2026-04-03,PL-WAW-02,C000476,VM-ACC-0013,1,173.05,0.0,PLN
SO-2026-003520,1,2026-04-03,2026-04-03,PL-WAW-02,C017796,VM-BIK-0002,1,9803.33,0.05,PLN
SO-2026-003520,2,2026-04-03,2026-04-03,PL-WAW-02,C017796,VM-ACC-0018,2,50.89,0.05,PLN
SO-2026-003520,3,2026-04-03,2026-04-03,PL-WAW-02,C017796,VM-ACC-0017,3,59.03,0.05,PLN
SO-2026-003521,1,2026-04-03,2026-04-03,PL-WAW-02,C016839,VM-BIK-0017,1,1944.37,0.0,PLN
SO-2026-003522,1,2026-04-03,2026-04-03,PL-KRK-01,C018156,VM-NUT-0011,4,54.96,0.0,PLN
SO-2026-003523,1,2026-04-03,2026-04-03,PL-KRK-01,,VM-CMP-0011,1,162.87,0.0,PLN
SO-2026-003524,1,2026-04-03,2026-04-03,PL-KRK-01,C017967,VM-CMP-0016,1,2504.27,0.0,PLN
SO-2026-003524,2,2026-04-03,2026-04-03,PL-KRK-01,C017967,VM-APP-0020,2,183.23,0.0,PLN
SO-2026-003525,1,2026-04-03,2026-04-03,PL-KRK-01,,VM-NUT-0006,6,10.17,0.0,PLN
SO-2026-003526,1,2026-04-03,2026-04-03,PL-KRK-01,,VM-EBK-0004,1,11279.43,0.0,PLN
SO-2026-003527,1,2026-04-03,2026-04-03,PL-KRK-01,C018326,vm-bik-0005,1,7543.37,0.0,PLN
SO-2026-003528,1,2026-04-03,2026-04-03,PL-WRO-01,C013323,VM-BIK-0017,1,1944.37,0.0,PLN
SO-2026-003529,1,2026-04-03,2026-04-03,PL-WRO-01,,VM-BIK-0012,1,12022.57,0.0,PLN
SO-2026-003530,1,2026-04-03,2026-04-03,PL-WRO-01,C020686,VM-NUT-0004,9,7.12,0.0,PLN
SO-2026-003530,2,2026-04-03,2026-04-03,PL-WRO-01,C020686,VM-CMP-0006,2,203.59,0.0,PLN
SO-2026-003531,1,2026-04-03,2026-04-03,PL-WRO-01,C020024,VM-APP-0018,2,132.33,0.0,PLN
SO-2026-003532,1,2026-04-03,2026-04-03,PL-GDN-01,C020212,VM-BIK-0006,1,6708.61,0.05,PLN
SO-2026-003532,2,2026-04-03,2026-04-03,PL-GDN-01,C020212,VM-ACC-0008,2,407.19,0.05,PLN
SO-2026-003532,3,2026-04-03,2026-04-03,PL-GDN-01,C020212,vm-acc-0017,3,59.03,0.05,PLN
SO-2026-003533,1,2026-04-03,2026-04-03,PL-GDN-01,,VM-CMP-0015,2,936.55,0.0,PLN
SO-2026-003533,2,2026-04-03,2026-04-03,PL-GDN-01,,VM-APP-0013,1,447.91,0.0,PLN
SO-2026-003534,1,2026-04-03,2026-04-03,PL-GDN-01,,VM-EBK-0011,1,14903.51,0.0,PLN
SO-2026-003535,1,2026-04-03,2026-04-03,PL-GDN-01,C020687,VM-BIK-0016,1,3654.61,0.05,PLN
SO-2026-003536,1,2026-04-03,2026-04-03,PL-GDN-01,C020688,VM-ACC-0021,1,794.03,0.0,PLN
SO-2026-003536,2,2026-04-03,2026-04-03,PL-GDN-01,C020688,VM-APP-0013,1,447.91,0.0,PLN
SO-2026-003536,3,2026-04-03,2026-04-03,PL-GDN-01,C020688,VM-CMP-0007,2,641.33,0.1,PLN
SO-2026-003536,4,2026-04-03,2026-04-03,PL-GDN-01,C020688,VM-APP-0002,2,447.91,0.0,PLN
SO-2026-003537,1,2026-04-03,2026-04-03,PL-POZ-01,C020689,VM-ACC-0022,3,1598.25,0.08,PLN
SO-2026-003538,1,2026-04-03,2026-04-03,PL-POZ-01,C004207,VM-CMP-0001,1,407.19,0.0,PLN
SO-2026-003539,1,2026-04-03,2026-04-03,PL-POZ-01,C020690,VM-ACC-0008,1,407.19,0.0,PLN
SO-2026-003540,1,2026-04-03,2026-04-03,PL-LDZ-01,C004292,VM-BIK-0005,1,7543.37,0.0,PLN
SO-2026-003540,2,2026-04-03,2026-04-03,PL-LDZ-01,C004292,VM-ACC-0012,1,73.29,0.0,PLN
SO-2026-003541,1,2026-04-03,2026-04-03,PL-LDZ-01,C015950,VM-NUT-0009,3,86.52,0.0,PLN
SO-2026-003541,2,2026-04-03,2026-04-03,PL-LDZ-01,C015950,VM-CMP-0022,4,36.64,0.0,PLN
SO-2026-003541,3,2026-04-03,2026-04-03,PL-LDZ-01,C015950,VM-BIK-0021,1,1272.49,0.0,PLN
SO-2026-003542,1,2026-04-03,2026-04-03,PL-LDZ-01,C014411,VM-NUT-0001,4,9.15,0.0,PLN
SO-2026-003542,2,2026-04-03,2026-04-03,PL-LDZ-01,C014411,VM-CMP-0016,1,2504.27,0.0,PLN
SO-2026-003542,3,2026-04-03,2026-04-03,PL-LDZ-01,C014411,VM-EBK-0004,1,11279.43,0.0,PLN
SO-2026-003542,4,2026-04-03,2026-04-03,PL-LDZ-01,C014411,VM-EBK-0008,1,15371.79,0.0,PLN
SO-2026-003543,1,2026-04-03,2026-04-03,PL-LDZ-01,,VM-NUT-0003,8,11.19,0.0,PLN
SO-2026-003544,1,2026-04-03,2026-04-06,PL-WEB-01,C019925,VM-ACC-0005,1,183.23,0.0,PLN
SO-2026-003544,2,2026-04-03,2026-04-06,PL-WEB-01,C019925,VM-BIK-0004,1,4346.85,0.0,PLN
SO-2026-003545,1,2026-04-03,2026-04-07,PL-WEB-01,C017926,VM-ACC-0017,3,59.03,0.05,PLN
SO-2026-003545,2,2026-04-03,2026-04-07,PL-WEB-01,C017926,VM-CMP-0006,2,203.59,0.05,PLN
SO-2026-003546,1,2026-04-03,2026-04-04,PL-WEB-01,C005718,VM-APP-0008,2,162.87,0.1,PLN
SO-2026-003547,1,2026-04-03,2026-04-04,PL-WEB-01,C003862,VM-BIK-0009,1,5741.51,0.05,PLN
SO-2026-003547,2,2026-04-03,2026-04-04,PL-WEB-01,C003862,VM-NUT-0002,10,15.26,0.05,PLN
SO-2026-003547,3,2026-04-03,2026-04-04,PL-WEB-01,C003862,VM-ACC-0002,1,620.97,0.05,PLN
SO-2026-003547,4,2026-04-03,2026-04-04,PL-WEB-01,C003862,VM-ACC-0013,1,173.05,0.05,PLN
SO-2026-003548,1,2026-04-03,2026-04-05,PL-WEB-01,C017572,VM-BIK-0012,1,12022.57,0.0,PLN
SO-2026-003549,1,2026-04-03,2026-04-06,PL-WEB-01,C020691,VM-APP-0002,3,447.91,0.0,PLN
SO-2026-003549,2,2026-04-03,2026-04-06,PL-WEB-01,C020691,VM-EBK-0005,1,17764.09,0.0,PLN
SO-2026-003550,1,2026-04-03,2026-04-05,PL-WEB-01,C019762,VM-ACC-0006,2,967.09,0.05,PLN
SO-2026-003550,2,2026-04-03,2026-04-05,PL-WEB-01,C019762,VM-EBK-0010,1,13732.81,0.05,PLN
SO-2026-003551,1,2026-04-03,2026-04-04,PL-WEB-01,C017418,VM-NUT-0003,6,11.19,0.0,PLN
SO-2026-003552,1,2026-04-03,2026-04-05,PL-WEB-01,C017987,VM-BIK-0021,1,1272.49,0.0,PLN
SO-2026-003553,1,2026-04-03,2026-04-05,PL-WEB-01,C020692,VM-EBK-0007,1,14964.59,0.0,PLN
SO-2026-003553,2,2026-04-03,2026-04-05,PL-WEB-01,C020692,VM-ACC-0008,2,407.19,0.0,PLN
SO-2026-003554,1,2026-04-03,2026-04-07,PL-WEB-01,C016688,VM-BIK-0009,1,5741.51,0.0,PLN
SO-2026-003555,1,2026-04-03,2026-04-06,PL-WEB-01,C006615,VM-APP-0018,1,132.33,0.05,PLN
SO-2026-003555,2,2026-04-03,2026-04-06,PL-WEB-01,C006615,VM-APP-0010,2,173.05,0.05,PLN
SO-2026-003556,1,2026-04-03,2026-04-05,PL-WEB-01,C016738,VM-BIK-0007,1,7176.89,0.05,PLN
SO-2026-003557,1,2026-04-03,2026-04-06,PL-WEB-01,C019495,VM-ACC-0016,1,29.51,0.0,PLN
SO-2026-003558,1,2026-04-03,2026-04-04,PL-MKT-01,C013228,VM-BIK-0002,1,9803.33,0.05,PLN
SO-2026-003558,2,2026-04-03,2026-04-04,PL-MKT-01,C013228,VM-BIK-0009,1,5741.51,0.05,PLN
SO-2026-003559,1,2026-04-03,2026-04-05,PL-MKT-01,C017689,VM-APP-0002,2,447.91,0.0,PLN
SO-2026-003560,1,2026-04-03,2026-04-04,PL-MKT-01,C015767,VM-ACC-0021,1,794.03,0.0,PLN
SO-2026-003561,1,2026-04-03,2026-04-05,PL-MKT-01,C007969,VM-CMP-0019,1,213.77,0.0,PLN
SO-2026-003562,1,2026-04-03,2026-04-05,PL-MKT-01,C004985,VM-CMP-0011,3,162.87,0.12,PLN
SO-2026-003563,1,2026-04-03,2026-04-07,PL-MKT-01,C011550,VM-EBK-0004,1,11279.43,0.0,PLN
SO-2026-003564,1,2026-04-03,2026-04-03,CZ-PRG-01,C020334,VM-CMP-0009,1,2055.0,0.05,CZK
SO-2026-003564,2,2026-04-03,2026-04-03,CZ-PRG-01,C020334,VM-CMP-0018,1,364.0,0.0,CZK
SO-2026-003565,1,2026-04-03,2026-04-03,CZ-PRG-01,C015224,VM-NUT-0002,9,88.0,0.0,CZK
SO-2026-003565,2,2026-04-03,2026-04-03,CZ-PRG-01,C015224,VM-ACC-0003,2,1702.0,0.0,CZK
SO-2026-003566,1,2026-04-03,2026-04-03,CZ-BRN-01,C019675,VM-CMP-0006,1,1174.0,0.0,CZK
SO-2026-003566,2,2026-04-03,2026-04-03,CZ-BRN-01,C019675,VM-APP-0013,1,2583.0,0.0,CZK
SO-2026-003567,1,2026-04-03,2026-04-03,CZ-BRN-01,C020693,VM-BIK-0011,1,50783.0,0.0,CZK
SO-2026-003568,1,2026-04-03,2026-04-03,CZ-BRN-01,,VM-EBK-0003,1,53366.0,0.0,CZK
SO-2026-003569,1,2026-04-03,2026-04-03,CZ-BRN-01,C009165,VM-EBK-0011,1,85949.0,0.0,CZK
SO-2026-003570,1,2026-04-03,2026-04-05,CZ-WEB-01,C018859,VM-BIK-0012,1,69334.0,0.0,CZK
SO-2026-003570,2,2026-04-03,2026-04-05,CZ-WEB-01,C018859,VM-NUT-0011,2,317.0,0.0,CZK
SO-2026-003571,1,2026-04-03,2026-04-03,DE-BER-01,C007826,VM-ACC-0014,1,26.35,0.05,EUR
SO-2026-003572,1,2026-04-03,2026-04-03,DE-BER-01,,VM-NUT-0003,6,2.63,0.0,EUR
SO-2026-003572,2,2026-04-03,2026-04-03,DE-BER-01,,VM-NUT-0009,2,20.36,0.0,EUR
SO-2026-003573,1,2026-04-03,2026-04-06,DE-WEB-01,C020694,VM-NUT-0008,10,2.39,0.0,EUR
SO-2026-003574,1,2026-04-03,2026-04-04,DE-WEB-01,C013146,VM-CMP-0014,2,103.01,0.0,EUR
SO-2026-003574,2,2026-04-03,2026-04-04,DE-WEB-01,C013146,VM-APP-0011,2,98.22,0.0,EUR
SO-2026-003575,1,2026-04-03,2026-04-04,DE-WEB-01,C020695,VM-APP-0006,1,74.26,0.0,EUR
SO-2026-003575,2,2026-04-03,2026-04-04,DE-WEB-01,C020695,VM-CMP-0013,2,126.96,0.0,EUR
SO-2026-003576,1,2026-04-03,2026-04-04,DE-WEB-01,C020443,VM-ACC-0016,2,6.94,0.05,EUR
SO-2026-003576,2,2026-04-03,2026-04-04,DE-WEB-01,C020443,VM-ACC-0017,2,13.89,0.05,EUR
SO-2026-003577,1,2026-04-04,2026-04-04,PL-WAW-01,C009149,VM-CMP-0023,2,60.05,0.0,PLN
SO-2026-003578,1,2026-04-04,2026-04-04,PL-WAW-01,C008298,VM-ACC-0014,1,111.97,0.0,PLN
SO-2026-003579,1,2026-04-04,2026-04-04,PL-WAW-01,C020291,VM-BIK-0004,1,4346.85,0.0,PLN
SO-2026-003579,2,2026-04-04,2026-04-04,PL-WAW-01,C020291,VM-ACC-0004,2,794.03,0.0,PLN
SO-2026-003579,3,2026-04-04,2026-04-04,PL-WAW-01,C020291,VM-EBK-0010,1,13732.81,0.0,PLN
SO-2026-003579,4,2026-04-04,2026-04-04,PL-WAW-01,C020291,VM-CMP-0001,2,407.19,0.0,PLN
SO-2026-003580,1,2026-04-04,2026-04-04,PL-WAW-01,C020696,VM-CMP-0004,2,732.95,0.0,PLN
SO-2026-003580,2,2026-04-04,2026-04-04,PL-WAW-01,C020696,VM-ACC-0016,2,29.51,0.0,PLN
SO-2026-003580,3,2026-04-04,2026-04-04,PL-WAW-01,C020696,VM-APP-0008,1,162.87,0.0,PLN
SO-2026-003581,1,2026-04-04,2026-04-04,PL-WAW-01,C010966,VM-CMP-0009,1,356.29,0.0,PLN
SO-2026-003582,1,2026-04-04,2026-04-04,PL-WAW-01,,VM-APP-0007,2,162.87,0.0,PLN
SO-2026-003582,2,2026-04-04,2026-04-04,PL-WAW-01,,VM-NUT-0002,6,15.26,0.0,PLN
SO-2026-003583,1,2026-04-04,2026-04-04,PL-WAW-01,C020022,VM-CMP-0019,2,213.77,0.0,PLN
SO-2026-003584,1,2026-04-04,2026-04-04,PL-WAW-01,C020697,VM-EBK-0004,1,11279.43,0.0,PLN
SO-2026-003584,2,2026-04-04,2026-04-04,PL-WAW-01,C020697,VM-CMP-0006,1,203.59,0.0,PLN
SO-2026-003584,3,2026-04-04,2026-04-04,PL-WAW-01,C020697,VM-ACC-0018,1,50.89,0.0,PLN
SO-2026-003585,1,2026-04-04,2026-04-04,PL-WAW-01,C006615,VM-APP-0003,3,315.57,0.05,PLN
SO-2026-003586,1,2026-04-04,2026-04-04,PL-WAW-01,C019998,VM-CMP-0008,1,447.91,0.0,PLN
SO-2026-003587,1,2026-04-04,2026-04-04,PL-WAW-01,C020698,VM-NUT-0001,21,9.15,0.1,PLN
SO-2026-003588,1,2026-04-04,2026-04-04,PL-WAW-01,C020699,VM-CMP-0013,2,539.53,0.0,PLN
SO-2026-003588,2,2026-04-04,2026-04-04,PL-WAW-01,C020699,VM-NUT-0004,12,7.12,0.0,PLN
SO-2026-003589,1,2026-04-04,2026-04-04,PL-WAW-02,C020700,VM-NUT-0003,15,11.19,0.0,PLN
SO-2026-003589,2,2026-04-04,2026-04-04,PL-WAW-02,C020700,VM-CMP-0001,1,407.19,0.0,PLN
SO-2026-003589,3,2026-04-04,2026-04-04,PL-WAW-02,C020700,VM-ACC-0008,1,407.19,0.0,PLN
SO-2026-003589,4,2026-04-04,2026-04-04,PL-WAW-02,C020700, VM-EBK-0003 ,1,9253.61,0.0,PLN
SO-2026-003590,1,2026-04-04,2026-04-04,PL-WAW-02,C020701,VM-EBK-0011,1,14903.51,0.0,PLN
SO-2026-003591,1,2026-04-04,2026-04-04,PL-WAW-02,,VM-ACC-0007,1,366.47,0.1,PLN
SO-2026-003592,1,2026-04-04,2026-04-04,PL-WAW-02,C020091,VM-APP-0008,2,162.87,0.0,PLN
SO-2026-003593,1,2026-04-04,2026-04-04,PL-WAW-02,C007722,VM-CMP-0014,1,437.73,0.05,PLN
SO-2026-003594,1,2026-04-04,2026-04-04,PL-KRK-01,C019944,VM-EBK-0004,2,11279.43,0.08,PLN
SO-2026-003594,2,2026-04-04,2026-04-04,PL-KRK-01,C019944,VM-ACC-0017,6,59.03,0.12,PLN
SO-2026-003595,1,2026-04-04,2026-04-04,PL-KRK-01,C020702,VM-CMP-0009,2,356.29,0.0,PLN
SO-2026-003596,1,2026-04-04,2026-04-04,PL-KRK-01,C001669,VM-BIK-0009,1,5741.51,0.0,PLN
SO-2026-003597,1,2026-04-04,2026-04-04,PL-KRK-01,C006205,VM-BIK-0007,1,7176.89,0.05,PLN
SO-2026-003598,1,2026-04-04,2026-04-04,PL-KRK-01,C011721, VM-APP-0012 ,1,885.65,0.0,PLN
SO-2026-003599,1,2026-04-04,2026-04-04,PL-KRK-01,,VM-ACC-0006,2,967.09,0.0,PLN
SO-2026-003600,1,2026-04-04,2026-04-04,PL-WRO-01,C010664,VM-ACC-0021,4,794.03,0.08,PLN
SO-2026-003600,2,2026-04-04,2026-04-04,PL-WRO-01,C010664,VM-APP-0010,4,173.05,0.12,PLN
SO-2026-003601,1,2026-04-04,2026-04-04,PL-WRO-01,C011728,VM-CMP-0003,2,244.31,0.1,PLN
SO-2026-003602,1,2026-04-04,2026-04-04,PL-WRO-01,C014767,VM-APP-0010,1,173.05,0.0,PLN
SO-2026-003602,2,2026-04-04,2026-04-04,PL-WRO-01,C014767,VM-APP-0006,3,315.57,0.0,PLN
SO-2026-003603,1,2026-04-04,2026-04-04,PL-WRO-01,C020703,VM-EBK-0004,1,11279.43,0.0,PLN
SO-2026-003603,2,2026-04-04,2026-04-04,PL-WRO-01,C020703, VM-BIK-0003 ,1,6657.71,0.0,PLN
SO-2026-003603,3,2026-04-04,2026-04-04,PL-WRO-01,C020703,VM-ACC-0008,2,407.19,0.0,PLN
SO-2026-003603,4,2026-04-04,2026-04-04,PL-WRO-01,C020703,vm-acc-0007,1,366.47,0.0,PLN
SO-2026-003604,1,2026-04-04,2026-04-04,PL-WRO-01,C019518, VM-CMP-0018 ,4,63.11,0.0,PLN
SO-2026-003604,2,2026-04-04,2026-04-04,PL-WRO-01,C019518,vm-nut-0011,3,54.96,0.0,PLN
SO-2026-003605,1,2026-04-04,2026-04-04,PL-WRO-01,C009385,VM-EBK-0002,4,10129.09,0.1,PLN
SO-2026-003606,1,2026-04-04,2026-04-04,PL-WRO-01,C018944,VM-APP-0012,1,885.65,0.05,PLN
SO-2026-003607,1,2026-04-04,2026-04-04,PL-GDN-01,C020704,VM-BIK-0002,1,9803.33,0.0,PLN
SO-2026-003608,1,2026-04-04,2026-04-04,PL-GDN-01,C016243,VM-BIK-0011,1,8805.69,0.0,PLN
SO-2026-003608,2,2026-04-04,2026-04-04,PL-GDN-01,C016243,VM-BIK-0020,1,1231.77,0.0,PLN
SO-2026-003609,1,2026-04-04,2026-04-04,PL-GDN-01,,VM-ACC-0008,1,407.19,0.0,PLN
SO-2026-003609,2,2026-04-04,2026-04-04,PL-GDN-01,,VM-ACC-0003,2,295.21,0.0,PLN
SO-2026-003609,3,2026-04-04,2026-04-04,PL-GDN-01,,vm-ebk-0008,1,15371.79,0.0,PLN
SO-2026-003610,1,2026-04-04,2026-04-04,PL-GDN-01,C010664,VM-ACC-0013,2,173.05,0.1,PLN
SO-2026-003610,2,2026-04-04,2026-04-04,PL-GDN-01,C010664,VM-BIK-0004,5,4346.85,0.1,PLN
SO-2026-003611,1,2026-04-04,2026-04-04,PL-POZ-01,C015332,VM-BIK-0003,1,6657.71,0.0,PLN
SO-2026-003612,1,2026-04-04,2026-04-04,PL-POZ-01,,VM-EBK-0006,1,20502.51,0.0,PLN
SO-2026-003613,1,2026-04-04,2026-04-04,PL-POZ-01,,VM-APP-0010,1,173.05,0.0,PLN
SO-2026-003613,2,2026-04-04,2026-04-04,PL-POZ-01,,VM-BIK-0001,1,13936.41,0.0,PLN
SO-2026-003614,1,2026-04-04,2026-04-04,PL-POZ-01,C020051,VM-ACC-0014,1,111.97,0.0,PLN
SO-2026-003615,1,2026-04-04,2026-04-04,PL-POZ-01,C012582, VM-CMP-0013 ,2,539.53,0.0,PLN
SO-2026-003616,1,2026-04-04,2026-04-04,PL-LDZ-01,C010892,VM-NUT-0004,10,7.12,0.0,PLN
SO-2026-003617,1,2026-04-04,2026-04-04,PL-LDZ-01,C010910,VM-BIK-0007,1,7176.89,0.05,PLN
SO-2026-003618,1,2026-04-04,2026-04-04,PL-LDZ-01,C020705,VM-APP-0013,1,447.91,0.0,PLN
SO-2026-003619,1,2026-04-04,2026-04-04,PL-LDZ-01,C020706,VM-BIK-0013,1,4886.39,0.0,PLN
SO-2026-003620,1,2026-04-04,2026-04-08,PL-WEB-01,C019285,VM-APP-0006,1,315.57,0.0,PLN
SO-2026-003621,1,2026-04-04,2026-04-07,PL-WEB-01,C019733,VM-ACC-0008,1,407.19,0.05,PLN
SO-2026-003622,1,2026-04-04,2026-04-08,PL-WEB-01,C020707,VM-NUT-0011,3,54.96,0.0,PLN
SO-2026-003623,1,2026-04-04,2026-04-07,PL-WEB-01,C003677,vm-bik-0021,1,1272.49,0.0,PLN
SO-2026-003624,1,2026-04-04,2026-04-07,PL-WEB-01,C018545,VM-BIK-0007,1,7176.89,0.0,PLN
SO-2026-003625,1,2026-04-04,2026-04-06,PL-WEB-01,C020708,VM-ACC-0018,1,50.89,0.05,PLN
SO-2026-003625,2,2026-04-04,2026-04-06,PL-WEB-01,C020708,VM-CMP-0008,1,447.91,0.05,PLN
SO-2026-003626,1,2026-04-04,2026-04-07,PL-WEB-01,C017373, VM-EBK-0009 ,1,10088.37,0.0,PLN
SO-2026-003627,1,2026-04-04,2026-04-05,PL-WEB-01,C014347,VM-NUT-0008,6,10.17,0.0,PLN
SO-2026-003628,1,2026-04-04,2026-04-08,PL-WEB-01,C019258,VM-CMP-0019,4,213.77,0.0,PLN
SO-2026-003629,1,2026-04-04,2026-04-08,PL-WEB-01,C020709,VM-EBK-0009,1,10088.37,0.0,PLN
SO-2026-003630,1,2026-04-04,2026-04-08,PL-WEB-01,C020710,VM-APP-0002,3,447.91,0.0,PLN
SO-2026-003631,1,2026-04-04,2026-04-05,PL-WEB-01,C010720,VM-ACC-0003,2,295.21,0.05,PLN
SO-2026-003631,2,2026-04-04,2026-04-05,PL-WEB-01,C010720,VM-ACC-0018,1,50.89,0.05,PLN
SO-2026-003632,1,2026-04-04,2026-04-07,PL-WEB-01,C018363,VM-NUT-0003,12,11.19,0.1,PLN
SO-2026-003633,1,2026-04-04,2026-04-05,PL-WEB-01,C011789,VM-APP-0008,1,162.87,0.05,PLN
SO-2026-003633,2,2026-04-04,2026-04-05,PL-WEB-01,C011789,VM-BIK-0007,1,7176.89,0.05,PLN
SO-2026-003633,3,2026-04-04,2026-04-05,PL-WEB-01,C011789,VM-BIK-0003,1,6657.71,0.05,PLN
SO-2026-003634,1,2026-04-04,2026-04-07,PL-MKT-01,C016742,VM-ACC-0018,6,50.89,0.12,PLN
SO-2026-003634,2,2026-04-04,2026-04-07,PL-MKT-01,C016742,VM-ACC-0011,8,73.29,0.08,PLN
SO-2026-003635,1,2026-04-04,2026-04-08,PL-MKT-01,C020711,VM-APP-0008,1,162.87,0.0,PLN
SO-2026-003636,1,2026-04-04,2026-04-05,PL-MKT-01,C020712,VM-ACC-0020,1,824.57,0.0,PLN
SO-2026-003636,2,2026-04-04,2026-04-05,PL-MKT-01,C020712, VM-APP-0004 ,3,244.31,0.0,PLN
SO-2026-003637,1,2026-04-04,2026-04-07,PL-MKT-01,C020713,VM-EBK-0009,1,10088.37,0.0,PLN
SO-2026-003637,2,2026-04-04,2026-04-07,PL-MKT-01,C020713,VM-ACC-0018,1,50.89,0.0,PLN
SO-2026-003638,1,2026-04-04,2026-04-05,PL-MKT-01,C018559,VM-BIK-0013,1,4886.39,0.0,PLN
SO-2026-003638,2,2026-04-04,2026-04-05,PL-MKT-01,C018559,VM-ACC-0007,2,366.47,0.0,PLN
SO-2026-003638,3,2026-04-04,2026-04-05,PL-MKT-01,C018559,VM-BIK-0002,1,9803.33,0.0,PLN
SO-2026-003639,1,2026-04-04,2026-04-06,PL-MKT-01,C009230,VM-CMP-0005,2,1506.63,0.0,PLN
SO-2026-003639,2,2026-04-04,2026-04-06,PL-MKT-01,C009230,VM-BIK-0012,1,12022.57,0.0,PLN
SO-2026-003640,1,2026-04-04,2026-04-06,PL-MKT-01,C020714,VM-NUT-0003,12,11.19,0.0,PLN
SO-2026-003641,1,2026-04-04,2026-04-07,PL-MKT-01,C020715, VM-EBK-0009 ,1,10088.37,0.0,PLN
SO-2026-003642,1,2026-04-04,2026-04-05,PL-MKT-01,C018580,VM-CMP-0004,1,732.95,0.05,PLN
SO-2026-003642,2,2026-04-04,2026-04-05,PL-MKT-01,C018580, VM-APP-0006 ,3,315.57,0.05,PLN
SO-2026-003643,1,2026-04-04,2026-04-05,PL-MKT-01,C020716,VM-NUT-0006,12,10.17,0.0,PLN
SO-2026-003643,2,2026-04-04,2026-04-05,PL-MKT-01,C020716,VM-ACC-0008,1,407.19,0.0,PLN
SO-2026-003644,1,2026-04-04,2026-04-08,PL-MKT-01,C020717,VM-CMP-0014,1,437.73,0.05,PLN
SO-2026-003644,2,2026-04-04,2026-04-08,PL-MKT-01,C020717,VM-EBK-0011,1,14903.51,0.05,PLN
SO-2026-003645,1,2026-04-04,2026-04-04,CZ-PRG-01,C018959,VM-ACC-0004,1,4579.0,0.0,CZK
SO-2026-003645,2,2026-04-04,2026-04-04,CZ-PRG-01,C018959,VM-APP-0005,1,1057.0,0.0,CZK
SO-2026-003646,1,2026-04-04,2026-04-04,CZ-PRG-01,C020718,VM-APP-0012,1,5108.0,0.05,CZK
SO-2026-003647,1,2026-04-04,2026-04-04,CZ-PRG-01,,VM-APP-0019,2,387.0,0.0,CZK
SO-2026-003648,1,2026-04-04,2026-04-04,CZ-PRG-01,,VM-CMP-0013,2,3111.0,0.0,CZK
SO-2026-003649,1,2026-04-04,2026-04-04,CZ-PRG-01,C020628,VM-ACC-0014,1,646.0,0.0,CZK
SO-2026-003650,1,2026-04-04,2026-04-04,CZ-PRG-01,C017075,VM-NUT-0009,3,499.0,0.0,CZK
SO-2026-003651,1,2026-04-04,2026-04-04,CZ-BRN-01,C007849,VM-APP-0008,2,939.0,0.0,CZK
SO-2026-003652,1,2026-04-04,2026-04-04,CZ-BRN-01,C013385,VM-APP-0002,2,2583.0,0.0,CZK
SO-2026-003652,2,2026-04-04,2026-04-04,CZ-BRN-01,C013385,VM-NUT-0002,9,88.0,0.0,CZK
SO-2026-003652,3,2026-04-04,2026-04-04,CZ-BRN-01,C013385,VM-ACC-0008,2,2348.0,0.0,CZK
SO-2026-003653,1,2026-04-04,2026-04-07,CZ-WEB-01,C012734,VM-BIK-0012,1,69334.0,0.0,CZK
SO-2026-003654,1,2026-04-04,2026-04-06,CZ-WEB-01,C020719,VM-NUT-0004,11,41.0,0.0,CZK
SO-2026-003654,2,2026-04-04,2026-04-06,CZ-WEB-01,C020719,VM-APP-0019,2,387.0,0.0,CZK
SO-2026-003655,1,2026-04-04,2026-04-04,DE-BER-01,C005147,VM-NUT-0004,6,1.67,0.05,EUR
SO-2026-003655,2,2026-04-04,2026-04-04,DE-BER-01,C005147,VM-ACC-0002,1,146.13,0.05,EUR
SO-2026-003655,3,2026-04-04,2026-04-04,DE-BER-01,C005147,VM-APP-0004,1,57.49,0.05,EUR
SO-2026-003656,1,2026-04-04,2026-04-04,DE-BER-01,C013556,VM-EBK-0007,1,3521.49,0.1,EUR
SO-2026-003657,1,2026-04-04,2026-04-04,DE-BER-01,C014799,VM-NUT-0001,3,2.15,0.0,EUR
SO-2026-003657,2,2026-04-04,2026-04-04,DE-BER-01,C014799,VM-EBK-0007,1,3521.49,0.0,EUR
SO-2026-003658,1,2026-04-04,2026-04-06,DE-WEB-01,C019209,VM-NUT-0001,12,2.15,0.0,EUR
SO-2026-003659,1,2026-04-04,2026-04-07,DE-WEB-01,C020720,VM-BIK-0017,1,457.55,0.0,EUR
SO-2026-003660,1,2026-04-04,2026-04-06,DE-WEB-01,C020721,VM-CMP-0002,10,134.15,0.08,EUR
SO-2026-003661,1,2026-04-04,2026-04-06,DE-WEB-01,C020722,VM-NUT-0001,4,2.15,0.0,EUR
SO-2026-003661,2,2026-04-04,2026-04-06,DE-WEB-01,C020722,VM-BIK-0008,1,1272.05,0.0,EUR
SO-2026-003662,1,2026-04-04,2026-04-06,DE-WEB-01,C017280,VM-CMP-0005,1,354.54,0.05,EUR
SO-2026-003662,2,2026-04-04,2026-04-06,DE-WEB-01,C017280,VM-APP-0002,1,105.4,0.05,EUR
SO-2026-003663,1,2026-04-05,2026-04-08,PL-WEB-01,C020723,VM-BIK-0013,1,4886.39,0.0,PLN
SO-2026-003663,2,2026-04-05,2026-04-08,PL-WEB-01,C020723,VM-NUT-0006,7,10.17,0.0,PLN
SO-2026-003664,1,2026-04-05,2026-04-08,PL-WEB-01,C020724,VM-CMP-0022,3,36.64,0.0,PLN
SO-2026-003665,1,2026-04-05,2026-04-09,PL-WEB-01,C020725,VM-NUT-0002,10,15.26,0.0,PLN
SO-2026-003665,2,2026-04-05,2026-04-09,PL-WEB-01,C020725,VM-BIK-0001,1,13936.41,0.0,PLN
SO-2026-003666,1,2026-04-05,2026-04-06,PL-WEB-01,C007856,VM-NUT-0007,10,13.22,0.0,PLN
SO-2026-003667,1,2026-04-05,2026-04-08,PL-WEB-01,C014457,VM-NUT-0001,15,9.15,0.05,PLN
SO-2026-003668,1,2026-04-05,2026-04-06,PL-WEB-01,C020726,VM-NUT-0011,2,54.96,0.0,PLN
SO-2026-003668,2,2026-04-05,2026-04-06,PL-WEB-01,C020726,VM-BIK-0022,1,1425.19,0.0,PLN
SO-2026-003669,1,2026-04-05,2026-04-08,PL-WEB-01,C013251, VM-BIK-0020 ,4,1231.77,0.1,PLN
SO-2026-003670,1,2026-04-05,2026-04-07,PL-WEB-01,C006785,VM-APP-0012,1,885.65,0.05,PLN
SO-2026-003671,1,2026-04-05,2026-04-07,PL-WEB-01,C020727,VM-NUT-0004,10,7.12,0.0,PLN
SO-2026-003671,2,2026-04-05,2026-04-07,PL-WEB-01,C020727,VM-ACC-0019,3,50.89,0.0,PLN
SO-2026-003672,1,2026-04-05,2026-04-07,PL-WEB-01,C014376,VM-BIK-0009,4,5741.51,0.1,PLN
SO-2026-003673,1,2026-04-05,2026-04-09,PL-WEB-01,C020728,VM-BIK-0017,2,1944.37,0.08,PLN
SO-2026-003674,1,2026-04-05,2026-04-08,PL-WEB-01,C016377,VM-ACC-0007,1,366.47,0.0,PLN
SO-2026-003675,1,2026-04-05,2026-04-08,PL-WEB-01,C018580,VM-CMP-0019,2,213.77,0.05,PLN
SO-2026-003676,1,2026-04-05,2026-04-06,PL-WEB-01,C012248,VM-ACC-0005,2,183.23,0.0,PLN
SO-2026-003676,2,2026-04-05,2026-04-06,PL-WEB-01,C012248,VM-APP-0004,2,244.31,0.0,PLN
SO-2026-003676,3,2026-04-05,2026-04-06,PL-WEB-01,C012248,VM-BIK-0012,1,12022.57,0.0,PLN
SO-2026-003676,4,2026-04-05,2026-04-06,PL-WEB-01,C012248,VM-CMP-0005,1,1506.63,0.0,PLN
SO-2026-003677,1,2026-04-05,2026-04-07,PL-WEB-01,C012365,VM-EBK-0002,5,10129.09,0.12,PLN
SO-2026-003677,2,2026-04-05,2026-04-07,PL-WEB-01,C012365,VM-NUT-0003,30,11.19,0.12,PLN
SO-2026-003678,1,2026-04-05,2026-04-09,PL-WEB-01,C015194,VM-BIK-0010,2,6433.75,0.12,PLN
SO-2026-003679,1,2026-04-05,2026-04-08,PL-WEB-01,C020729,VM-BIK-0007,1,7176.89,0.0,PLN
SO-2026-003680,1,2026-04-05,2026-04-08,PL-WEB-01,C020730,VM-BIK-0009,1,5741.51,0.0,PLN
SO-2026-003681,1,2026-04-05,2026-04-07,PL-WEB-01,C015782,VM-ACC-0012,3,73.29,0.12,PLN
SO-2026-003681,2,2026-04-05,2026-04-07,PL-WEB-01,C015782,VM-CMP-0011,8,162.87,0.08,PLN
SO-2026-003681,3,2026-04-05,2026-04-07,PL-WEB-01,C015782,VM-EBK-0004,3,11279.43,0.08,PLN
SO-2026-003681,4,2026-04-05,2026-04-07,PL-WEB-01,C015782,VM-ACC-0008,2,407.19,0.1,PLN
SO-2026-003682,1,2026-04-05,2026-04-07,PL-WEB-01,C007969,VM-NUT-0004,13,7.12,0.0,PLN
SO-2026-003682,2,2026-04-05,2026-04-07,PL-WEB-01,C007969,VM-BIK-0021,1,1272.49,0.0,PLN
SO-2026-003683,1,2026-04-05,2026-04-09,PL-WEB-01,C014378,VM-NUT-0008,8,10.17,0.0,PLN
SO-2026-003684,1,2026-04-05,2026-04-06,PL-WEB-01,C010753,VM-EBK-0002,1,10129.09,0.05,PLN
SO-2026-003685,1,2026-04-05,2026-04-06,PL-MKT-01,C012027,VM-ACC-0018,1,50.89,0.05,PLN
SO-2026-003685,2,2026-04-05,2026-04-06,PL-MKT-01,C012027,VM-ACC-0001,2,386.83,0.05,PLN
SO-2026-003686,1,2026-04-05,2026-04-08,PL-MKT-01,C020309,VM-BIK-0019,2,1231.77,0.08,PLN
SO-2026-003687,1,2026-04-05,2026-04-06,PL-MKT-01,C010808,VM-ACC-0008,1,407.19,0.05,PLN
SO-2026-003688,1,2026-04-05,2026-04-07,PL-MKT-01,C020731,VM-CMP-0008,1,447.91,0.0,PLN
SO-2026-003689,1,2026-04-05,2026-04-09,PL-MKT-01,C020732,VM-ACC-0011,2,73.29,0.05,PLN
SO-2026-003690,1,2026-04-05,2026-04-05,CZ-PRG-01,C019476,VM-ACC-0021,1,4579.0,0.0,CZK
SO-2026-003690,2,2026-04-05,2026-04-05,CZ-PRG-01,C019476,VM-NUT-0004,14,41.0,0.0,CZK
SO-2026-003691,1,2026-04-05,2026-04-05,CZ-PRG-01,C020733,VM-EBK-0004,1,65049.0,0.05,CZK
SO-2026-003692,1,2026-04-05,2026-04-05,CZ-BRN-01,C017849,VM-EBK-0008,1,88649.0,0.0,CZK
SO-2026-003693,1,2026-04-05,2026-04-05,CZ-BRN-01,,VM-ACC-0004,1,4579.0,0.0,CZK
SO-2026-003693,2,2026-04-05,2026-04-05,CZ-BRN-01,,VM-ACC-0014,1,646.0,0.0,CZK
SO-2026-003694,1,2026-04-05,2026-04-07,CZ-WEB-01,C020734,VM-NUT-0004,13,41.0,0.0,CZK
SO-2026-003695,1,2026-04-05,2026-04-08,CZ-WEB-01,C015644,VM-BIK-0013,1,28180.0,0.05,CZK
SO-2026-003695,2,2026-04-05,2026-04-08,CZ-WEB-01,C015644,VM-APP-0011,1,2407.0,0.05,CZK
SO-2026-003695,3,2026-04-05,2026-04-08,CZ-WEB-01,C015644,VM-CMP-0019,3,1233.0,0.05,CZK
SO-2026-003695,4,2026-04-05,2026-04-08,CZ-WEB-01,C015644,VM-ACC-0014,1,646.0,0.05,CZK
SO-2026-003696,1,2026-04-05,2026-04-06,CZ-WEB-01,C020735,VM-CMP-0013,2,3111.0,0.0,CZK
SO-2026-003696,2,2026-04-05,2026-04-06,CZ-WEB-01,C020735,VM-ACC-0010,1,1468.0,0.0,CZK
SO-2026-003697,1,2026-04-05,2026-04-09,CZ-WEB-01,C020736,VM-EBK-0003,1,53366.0,0.05,CZK
SO-2026-003698,1,2026-04-05,2026-04-06,CZ-WEB-01,C018295,VM-APP-0013,1,2583.0,0.0,CZK
SO-2026-003698,2,2026-04-05,2026-04-06,CZ-WEB-01,C018295,VM-CMP-0008,1,2583.0,0.0,CZK
SO-2026-003699,1,2026-04-05,2026-04-08,CZ-WEB-01,C017809,VM-BIK-0007,1,41389.0,0.0,CZK
SO-2026-003699,2,2026-04-05,2026-04-08,CZ-WEB-01,C017809,VM-CMP-0007,2,3699.0,0.0,CZK
SO-2026-003699,3,2026-04-05,2026-04-08,CZ-WEB-01,C017809,VM-APP-0013,1,2583.0,0.0,CZK
SO-2026-003700,1,2026-04-05,2026-04-08,DE-WEB-01,C020737,VM-EBK-0005,1,4180.28,0.0,EUR
SO-2026-003701,1,2026-04-05,2026-04-08,DE-WEB-01,C020738,VM-EBK-0003,1,2177.58,0.0,EUR
SO-2026-003701,2,2026-04-05,2026-04-08,DE-WEB-01,C020738,VM-BIK-0007,1,1688.88,0.0,EUR
SO-2026-003702,1,2026-04-05,2026-04-09,DE-WEB-01,C018441,VM-EBK-0003,1,2177.58,0.0,EUR
SO-2026-003703,1,2026-04-05,2026-04-07,DE-WEB-01,C020739,VM-NUT-0004,5,1.67,0.0,EUR
SO-2026-003703,2,2026-04-05,2026-04-07,DE-WEB-01,C020739,VM-CMP-0007,2,150.92,0.05,EUR
SO-2026-003704,1,2026-04-06,2026-04-06,PL-WAW-01,C020740,VM-ACC-0012,1,73.29,0.05,PLN
SO-2026-003705,1,2026-04-06,2026-04-06,PL-WAW-01,,vm-app-0012,1,885.65,0.0,PLN
SO-2026-003706,1,2026-04-06,2026-04-06,PL-WAW-01,,VM-CMP-0013,2,539.53,0.1,PLN
SO-2026-003706,2,2026-04-06,2026-04-06,PL-WAW-01,,VM-NUT-0004,13,7.12,0.0,PLN
SO-2026-003707,1,2026-04-06,2026-04-06,PL-WAW-01,C014457,VM-CMP-0022,1,36.64,0.05,PLN
SO-2026-003707,2,2026-04-06,2026-04-06,PL-WAW-01,C014457,VM-BIK-0001,1,13936.41,0.05,PLN
SO-2026-003707,3,2026-04-06,2026-04-06,PL-WAW-01,C014457,VM-ACC-0018,3,50.89,0.1,PLN
SO-2026-003708,1,2026-04-06,2026-04-06,PL-WAW-02,,VM-APP-0013,1,447.91,0.0,PLN
SO-2026-003709,1,2026-04-06,2026-04-06,PL-WAW-02,,VM-EBK-0009,1,10088.37,0.0,PLN
SO-2026-003709,2,2026-04-06,2026-04-06,PL-WAW-02,,VM-CMP-0003,1,244.31,0.0,PLN
SO-2026-003710,1,2026-04-06,2026-04-06,PL-WAW-02,,VM-CMP-0005,1,1506.63,0.0,PLN
SO-2026-003710,2,2026-04-06,2026-04-06,PL-WAW-02,,VM-NUT-0009,4,86.52,0.05,PLN
SO-2026-003711,1,2026-04-06,2026-04-06,PL-KRK-01,C020741,VM-APP-0002,1,447.91,0.0,PLN
SO-2026-003712,1,2026-04-06,2026-04-06,PL-KRK-01,C020742,VM-BIK-0007,1,7176.89,0.0,PLN
SO-2026-003712,2,2026-04-06,2026-04-06,PL-KRK-01,C020742,vm-acc-0007,2,366.47,0.0,PLN
SO-2026-003713,1,2026-04-06,2026-04-06,PL-KRK-01,C013623,VM-BIK-0007,1,7176.89,0.05,PLN
SO-2026-003714,1,2026-04-06,2026-04-06,PL-KRK-01,,VM-CMP-0011,1,162.87,0.0,PLN
SO-2026-003715,1,2026-04-06,2026-04-06,PL-WRO-01,,VM-NUT-0004,13,7.12,0.0,PLN
SO-2026-003716,1,2026-04-06,2026-04-06,PL-WRO-01,C017796,VM-ACC-0011,2,73.29,0.05,PLN
SO-2026-003716,2,2026-04-06,2026-04-06,PL-WRO-01,C017796,VM-BIK-0019,1,1231.77,0.05,PLN
SO-2026-003717,1,2026-04-06,2026-04-06,PL-WRO-01,C013595,VM-NUT-0007,9,13.22,0.0,PLN
SO-2026-003718,1,2026-04-06,2026-04-06,PL-GDN-01,C019267,VM-BIK-0006,1,6708.61,0.0,PLN
SO-2026-003719,1,2026-04-06,2026-04-06,PL-GDN-01,,VM-CMP-0013,1,539.53,0.0,PLN
SO-2026-003720,1,2026-04-06,2026-04-06,PL-GDN-01,C015063,VM-NUT-0002,7,15.26,0.0,PLN
SO-2026-003721,1,2026-04-06,2026-04-06,PL-GDN-01,C017214,VM-ACC-0008,1,407.19,0.05,PLN
SO-2026-003721,2,2026-04-06,2026-04-06,PL-GDN-01,C017214,VM-BIK-0017,1,1944.37,0.05,PLN
SO-2026-003722,1,2026-04-06,2026-04-06,PL-GDN-01,,VM-ACC-0007,2,366.47,0.0,PLN
SO-2026-003723,1,2026-04-06,2026-04-06,PL-POZ-01,C016099,VM-BIK-0004,1,4346.85,0.0,PLN
SO-2026-003724,1,2026-04-06,2026-04-06,PL-LDZ-01,C020743,VM-NUT-0002,9,15.26,0.05,PLN
SO-2026-003724,2,2026-04-06,2026-04-06,PL-LDZ-01,C020743,VM-EBK-0009,1,10088.37,0.05,PLN
SO-2026-003725,1,2026-04-06,2026-04-06,PL-LDZ-01,,VM-APP-0019,1,67.18,0.1,PLN
SO-2026-003725,2,2026-04-06,2026-04-06,PL-LDZ-01,,VM-NUT-0006,12,10.17,0.0,PLN
SO-2026-003726,1,2026-04-06,2026-04-07,PL-WEB-01,C020045,VM-NUT-0006,10,10.17,0.0,PLN
SO-2026-003726,2,2026-04-06,2026-04-07,PL-WEB-01,C020045,VM-APP-0008,2,162.87,0.0,PLN
SO-2026-003727,1,2026-04-06,2026-04-10,PL-WEB-01,C020744,VM-NUT-0002,7,15.26,0.05,PLN
SO-2026-003727,2,2026-04-06,2026-04-10,PL-WEB-01,C020744,VM-BIK-0008,1,5405.57,0.05,PLN
SO-2026-003728,1,2026-04-06,2026-04-09,PL-WEB-01,C011519,VM-ACC-0019,2,50.89,0.0,PLN
SO-2026-003728,2,2026-04-06,2026-04-09,PL-WEB-01,C011519,VM-BIK-0016,1,3654.61,0.0,PLN
SO-2026-003729,1,2026-04-06,2026-04-10,PL-WEB-01,C020745,VM-ACC-0013,5,173.05,0.1,PLN
SO-2026-003729,2,2026-04-06,2026-04-10,PL-WEB-01,C020745,VM-ACC-0014,5,111.97,0.12,PLN
SO-2026-003729,3,2026-04-06,2026-04-10,PL-WEB-01,C020745,VM-BIK-0007,3,7176.89,0.12,PLN
SO-2026-003729,4,2026-04-06,2026-04-10,PL-WEB-01,C020745,VM-EBK-0004,4,11279.43,0.1,PLN
SO-2026-003730,1,2026-04-06,2026-04-10,PL-WEB-01,C020515,VM-BIK-0022,1,1425.19,0.0,PLN
SO-2026-003730,2,2026-04-06,2026-04-10,PL-WEB-01,C020515,VM-ACC-0007,1,366.47,0.0,PLN
SO-2026-003731,1,2026-04-06,2026-04-07,PL-WEB-01,C020272,VM-CMP-0008,1,447.91,0.05,PLN
SO-2026-003731,2,2026-04-06,2026-04-07,PL-WEB-01,C020272,VM-APP-0009,1,356.29,0.05,PLN
SO-2026-003731,3,2026-04-06,2026-04-07,PL-WEB-01,C020272,VM-BIK-0009,1,5741.51,0.05,PLN
SO-2026-003732,1,2026-04-06,2026-04-08,PL-WEB-01,C020746,VM-APP-0008,2,162.87,0.0,PLN
SO-2026-003733,1,2026-04-06,2026-04-09,PL-WEB-01,C005776,VM-CMP-0023,3,60.05,0.0,PLN
SO-2026-003734,1,2026-04-06,2026-04-07,PL-WEB-01,C011661,VM-CMP-0012,2,549.71,0.0,PLN
SO-2026-003734,2,2026-04-06,2026-04-07,PL-WEB-01,C011661,VM-APP-0011,2,417.37,0.0,PLN
SO-2026-003735,1,2026-04-06,2026-04-09,PL-WEB-01,C018414,VM-CMP-0006,2,203.59,0.0,PLN
SO-2026-003735,2,2026-04-06,2026-04-09,PL-WEB-01,C018414,VM-APP-0003,3,315.57,0.0,PLN
SO-2026-003735,3,2026-04-06,2026-04-09,PL-WEB-01,C018414,VM-CMP-0019,4,213.77,0.0,PLN
SO-2026-003736,1,2026-04-06,2026-04-10,PL-WEB-01,C005125,VM-EBK-0003,1,9253.61,0.0,PLN
SO-2026-003737,1,2026-04-06,2026-04-07,PL-WEB-01,C017403,VM-CMP-0017,1,508.99,0.05,PLN
SO-2026-003737,2,2026-04-06,2026-04-07,PL-WEB-01,C017403,VM-EBK-0002,1,10129.09,0.1,PLN
SO-2026-003737,3,2026-04-06,2026-04-07,PL-WEB-01,C017403,VM-CMP-0001,2,407.19,0.05,PLN
SO-2026-003738,1,2026-04-06,2026-04-07,PL-WEB-01,C017519,VM-CMP-0023,4,60.05,0.0,PLN
SO-2026-003739,1,2026-04-06,2026-04-09,PL-WEB-01,C016173,VM-BIK-0013,1,4886.39,0.0,PLN
SO-2026-003739,2,2026-04-06,2026-04-09,PL-WEB-01,C016173,VM-NUT-0007,12,13.22,0.0,PLN
SO-2026-003739,3,2026-04-06,2026-04-09,PL-WEB-01,C016173,VM-APP-0003,1,315.57,0.0,PLN
SO-2026-003740,1,2026-04-06,2026-04-10,PL-WEB-01,C016059,VM-CMP-0005,1,1506.63,0.0,PLN
SO-2026-003741,1,2026-04-06,2026-04-08,PL-WEB-01,C020747,VM-ACC-0006,2,967.09,0.0,PLN
SO-2026-003742,1,2026-04-06,2026-04-10,PL-WEB-01,C001973,VM-ACC-0008,2,407.19,0.0,PLN
SO-2026-003742,2,2026-04-06,2026-04-10,PL-WEB-01,C001973,VM-BIK-0013,1,4886.39,0.0,PLN
SO-2026-003743,1,2026-04-06,2026-04-09,PL-WEB-01,C016323,vm-cmp-0016,1,2504.27,0.0,PLN
SO-2026-003744,1,2026-04-06,2026-04-10,PL-WEB-01,C020748,VM-ACC-0007,2,366.47,0.0,PLN
SO-2026-003745,1,2026-04-06,2026-04-08,PL-WEB-01,C016559,VM-NUT-0011,3,54.96,0.0,PLN
SO-2026-003745,2,2026-04-06,2026-04-08,PL-WEB-01,C016559,VM-ACC-0022,1,1598.25,0.0,PLN
SO-2026-003746,1,2026-04-06,2026-04-08,PL-MKT-01,C015888,VM-ACC-0008,6,407.19,0.1,PLN
SO-2026-003746,2,2026-04-06,2026-04-08,PL-MKT-01,C015888,VM-CMP-0015,4,936.55,0.08,PLN
SO-2026-003746,3,2026-04-06,2026-04-08,PL-MKT-01,C015888,VM-CMP-0017,3,508.99,0.1,PLN
SO-2026-003747,1,2026-04-06,2026-04-09,PL-MKT-01,C020749,VM-APP-0006,2,315.57,0.05,PLN
SO-2026-003748,1,2026-04-06,2026-04-08,PL-MKT-01,C020750,VM-BIK-0002,1,9803.33,0.0,PLN
SO-2026-003748,2,2026-04-06,2026-04-08,PL-MKT-01,C020750,VM-ACC-0009,1,407.19,0.0,PLN
SO-2026-003748,3,2026-04-06,2026-04-08,PL-MKT-01,C020750,VM-ACC-0008,1,407.19,0.0,PLN
SO-2026-003749,1,2026-04-06,2026-04-07,PL-MKT-01,C018338,VM-BIK-0012,1,12022.57,0.0,PLN
SO-2026-003750,1,2026-04-06,2026-04-07,PL-MKT-01,C020540,VM-ACC-0023,1,946.73,0.0,PLN
SO-2026-003750,2,2026-04-06,2026-04-07,PL-MKT-01,C020540,VM-ACC-0017,2,59.03,0.0,PLN
SO-2026-003750,3,2026-04-06,2026-04-07,PL-MKT-01,C020540,VM-NUT-0011,2,54.96,0.0,PLN
SO-2026-003751,1,2026-04-06,2026-04-10,PL-MKT-01,C010706,VM-BIK-0005,1,7543.37,0.0,PLN
SO-2026-003751,2,2026-04-06,2026-04-10,PL-MKT-01,C010706,VM-BIK-0007,1,7176.89,0.0,PLN
SO-2026-003752,1,2026-04-06,2026-04-08,PL-MKT-01,C012027,VM-NUT-0006,3,10.17,0.05,PLN
SO-2026-003753,1,2026-04-06,2026-04-09,PL-MKT-01,C016437,VM-CMP-0021,4,48.85,0.05,PLN
SO-2026-003754,1,2026-04-06,2026-04-09,PL-MKT-01,C016560,VM-BIK-0017,1,1944.37,0.0,PLN
SO-2026-003755,1,2026-04-06,2026-04-09,PL-MKT-01,C020101,VM-CMP-0022,8,36.64,0.12,PLN
SO-2026-003755,2,2026-04-06,2026-04-09,PL-MKT-01,C020101, VM-APP-0002 ,4,447.91,0.12,PLN
SO-2026-003756,1,2026-04-06,2026-04-08,PL-MKT-01,C004329,VM-APP-0006,2,315.57,0.0,PLN
SO-2026-003757,1,2026-04-06,2026-04-09,PL-MKT-01,C018402,VM-BIK-0004,1,4346.85,0.0,PLN
SO-2026-003758,1,2026-04-06,2026-04-07,PL-MKT-01,C020296,VM-BIK-0017,1,1944.37,0.0,PLN
SO-2026-003758,2,2026-04-06,2026-04-07,PL-MKT-01,C020296,VM-ACC-0012,1,73.29,0.0,PLN
SO-2026-003758,3,2026-04-06,2026-04-07,PL-MKT-01,C020296,VM-ACC-0006,1,967.09,0.0,PLN
SO-2026-003759,1,2026-04-06,2026-04-08,PL-MKT-01,C011524,VM-NUT-0002,12,15.26,0.12,PLN
SO-2026-003760,1,2026-04-06,2026-04-07,PL-MKT-01,C018134,VM-ACC-0008,2,407.19,0.0,PLN
SO-2026-003760,2,2026-04-06,2026-04-07,PL-MKT-01,C018134,VM-APP-0011,2,417.37,0.0,PLN
SO-2026-003760,3,2026-04-06,2026-04-07,PL-MKT-01,C018134,VM-CMP-0007,2,641.33,0.0,PLN
SO-2026-003761,1,2026-04-06,2026-04-06,CZ-PRG-01,C010572,VM-EBK-0003,1,53366.0,0.0,CZK
SO-2026-003761,2,2026-04-06,2026-04-06,CZ-PRG-01,C010572,VM-ACC-0014,1,646.0,0.0,CZK
SO-2026-003761,3,2026-04-06,2026-04-06,CZ-PRG-01,C010572,VM-APP-0009,1,2055.0,0.0,CZK
SO-2026-003762,1,2026-04-06,2026-04-06,CZ-BRN-01,C019048,VM-EBK-0009,1,58180.0,0.0,CZK
SO-2026-003763,1,2026-04-06,2026-04-06,CZ-BRN-01,C015547,VM-APP-0008,1,939.0,0.05,CZK
SO-2026-003764,1,2026-04-06,2026-04-10,CZ-WEB-01,C020751,VM-ACC-0002,1,3581.0,0.0,CZK
SO-2026-003764,2,2026-04-06,2026-04-10,CZ-WEB-01,C020751,VM-EBK-0007,1,86301.0,0.0,CZK
SO-2026-003765,1,2026-04-06,2026-04-09,CZ-WEB-01,C020752,VM-ACC-0007,2,2113.0,0.05,CZK
SO-2026-003766,1,2026-04-06,2026-04-09,CZ-WEB-01,C017932,VM-ACC-0003,1,1702.0,0.0,CZK
SO-2026-003767,1,2026-04-06,2026-04-06,DE-BER-01,C019753,VM-APP-0006,1,74.26,0.0,EUR
SO-2026-003768,1,2026-04-06,2026-04-06,DE-BER-01,C004185,VM-ACC-0017,1,13.89,0.0,EUR
SO-2026-003768,2,2026-04-06,2026-04-06,DE-BER-01,C004185,VM-BIK-0004,1,1022.91,0.0,EUR
SO-2026-003768,3,2026-04-06,2026-04-06,DE-BER-01,C004185,VM-EBK-0002,1,2383.6,0.0,EUR
SO-2026-003769,1,2026-04-06,2026-04-06,DE-BER-01,,VM-APP-0014,1,117.38,0.0,EUR
SO-2026-003769,2,2026-04-06,2026-04-06,DE-BER-01,,VM-APP-0008,1,38.33,0.0,EUR
SO-2026-003769,3,2026-04-06,2026-04-06,DE-BER-01,,VM-NUT-0006,10,2.39,0.05,EUR
SO-2026-003770,1,2026-04-06,2026-04-06,DE-BER-01,,VM-BIK-0009,1,1351.1,0.0,EUR
SO-2026-003770,2,2026-04-06,2026-04-06,DE-BER-01,,VM-ACC-0008,2,95.82,0.0,EUR
SO-2026-003771,1,2026-04-06,2026-04-09,DE-WEB-01,C020753,VM-CMP-0013,2,126.96,0.0,EUR
SO-2026-003772,1,2026-04-06,2026-04-10,DE-WEB-01,C020754,VM-NUT-0009,12,20.36,0.12,EUR
SO-2026-003773,1,2026-04-07,2026-04-07,PL-WAW-01,C016033,VM-BIK-0013,1,4886.39,0.0,PLN
SO-2026-003774,1,2026-04-07,2026-04-07,PL-WAW-01,C012027,VM-BIK-0017,1,1944.37,0.05,PLN
SO-2026-003774,2,2026-04-07,2026-04-07,PL-WAW-01,C012027,VM-ACC-0004,1,794.03,0.05,PLN
SO-2026-003774,3,2026-04-07,2026-04-07,PL-WAW-01,C012027,VM-ACC-0008,1,407.19,0.05,PLN
SO-2026-003774,4,2026-04-07,2026-04-07,PL-WAW-01,C012027,VM-ACC-0007,2,366.47,0.05,PLN
SO-2026-003775,1,2026-04-07,2026-04-07,PL-WAW-01,,VM-NUT-0004,4,7.12,0.0,PLN
SO-2026-003776,1,2026-04-07,2026-04-07,PL-WAW-01,C014446,VM-ACC-0008,1,407.19,0.0,PLN
SO-2026-003777,1,2026-04-07,2026-04-07,PL-WAW-01,C014712,VM-EBK-0008,1,15371.79,0.05,PLN
SO-2026-003778,1,2026-04-07,2026-04-07,PL-WAW-01,,VM-NUT-0009,4,86.52,0.0,PLN
SO-2026-003779,1,2026-04-07,2026-04-07,PL-WAW-01,,VM-BIK-0011,1,8805.69,0.1,PLN
SO-2026-003779,2,2026-04-07,2026-04-07,PL-WAW-01,,VM-ACC-0001,2,386.83,0.0,PLN
SO-2026-003780,1,2026-04-07,2026-04-07,PL-WAW-01,,VM-ACC-0023,1,946.73,0.0,PLN
SO-2026-003781,1,2026-04-07,2026-04-07,PL-WAW-01,C018254,VM-APP-0007,2,162.87,0.0,PLN
SO-2026-003781,2,2026-04-07,2026-04-07,PL-WAW-01,C018254,VM-CMP-0002,1,570.07,0.0,PLN
SO-2026-003781,3,2026-04-07,2026-04-07,PL-WAW-01,C018254,VM-ACC-0007,2,366.47,0.0,PLN
SO-2026-003782,1,2026-04-07,2026-04-07,PL-WAW-01,C017605,VM-ACC-0019,2,50.89,0.0,PLN
SO-2026-003783,1,2026-04-07,2026-04-07,PL-WAW-01,,VM-BIK-0008,1,5405.57,0.0,PLN
SO-2026-003784,1,2026-04-07,2026-04-07,PL-WAW-01,,VM-NUT-0004,9,7.12,0.0,PLN
SO-2026-003784,2,2026-04-07,2026-04-07,PL-WAW-01,,VM-APP-0007,2,162.87,0.0,PLN
SO-2026-003785,1,2026-04-07,2026-04-07,PL-WAW-02,C020755,VM-ACC-0007,2,366.47,0.0,PLN
SO-2026-003786,1,2026-04-07,2026-04-07,PL-WAW-02,,VM-APP-0012,1,885.65,0.0,PLN
SO-2026-003787,1,2026-04-07,2026-04-07,PL-WAW-02,C020756,VM-ACC-0008,1,407.19,0.05,PLN
SO-2026-003788,1,2026-04-07,2026-04-07,PL-KRK-01,,VM-APP-0006,3,315.57,0.0,PLN
SO-2026-003789,1,2026-04-07,2026-04-07,PL-KRK-01,,VM-BIK-0009,1,5741.51,0.0,PLN
SO-2026-003789,2,2026-04-07,2026-04-07,PL-KRK-01,,VM-ACC-0003,1,295.21,0.0,PLN
SO-2026-003790,1,2026-04-07,2026-04-07,PL-KRK-01,C012956,VM-CMP-0002,2,570.07,0.0,PLN
SO-2026-003791,1,2026-04-07,2026-04-07,PL-KRK-01,C016948,VM-APP-0008,2,162.87,0.05,PLN
SO-2026-003792,1,2026-04-07,2026-04-07,PL-KRK-01,,VM-NUT-0006,12,10.17,0.0,PLN
SO-2026-003792,2,2026-04-07,2026-04-07,PL-KRK-01,,VM-EBK-0005,1,17764.09,0.0,PLN
SO-2026-003793,1,2026-04-07,2026-04-07,PL-KRK-01,C020757,VM-APP-0014,1,498.81,0.0,PLN
SO-2026-003794,1,2026-04-07,2026-04-07,PL-KRK-01,C020758,VM-ACC-0020,1,824.57,0.0,PLN
SO-2026-003794,2,2026-04-07,2026-04-07,PL-KRK-01,C020758,VM-CMP-0004,2,732.95,0.0,PLN
SO-2026-003794,3,2026-04-07,2026-04-07,PL-KRK-01,C020758,VM-BIK-0006,1,6708.61,0.0,PLN
SO-2026-003794,4,2026-04-07,2026-04-07,PL-KRK-01,C020758,VM-NUT-0002,14,15.26,0.0,PLN
SO-2026-003795,1,2026-04-07,2026-04-07,PL-WRO-01,C020759,VM-NUT-0004,10,7.12,0.05,PLN
SO-2026-003796,1,2026-04-07,2026-04-07,PL-WRO-01,C010393,VM-ACC-0004,1,794.03,0.0,PLN
SO-2026-003796,2,2026-04-07,2026-04-07,PL-WRO-01,C010393,VM-EBK-0007,1,14964.59,0.0,PLN
SO-2026-003797,1,2026-04-07,2026-04-07,PL-WRO-01,C020760,VM-BIK-0019,1,1231.77,0.05,PLN
SO-2026-003798,1,2026-04-07,2026-04-07,PL-WRO-01,C017311,VM-ACC-0003,1,295.21,0.0,PLN
SO-2026-003799,1,2026-04-07,2026-04-07,PL-WRO-01,,VM-CMP-0020,2,264.67,0.0,PLN
SO-2026-003799,2,2026-04-07,2026-04-07,PL-WRO-01,,VM-CMP-0005,2,1506.63,0.0,PLN
SO-2026-003800,1,2026-04-07,2026-04-07,PL-WRO-01,,VM-ACC-0007,1,366.47,0.0,PLN
SO-2026-003801,1,2026-04-07,2026-04-07,PL-GDN-01,C020761,VM-ACC-0012,1,73.29,0.1,PLN
SO-2026-003802,1,2026-04-07,2026-04-07,PL-GDN-01,,VM-ACC-0020,1,824.57,0.0,PLN
SO-2026-003802,2,2026-04-07,2026-04-07,PL-GDN-01,,VM-ACC-0008,2,407.19,0.0,PLN
SO-2026-003803,1,2026-04-07,2026-04-07,PL-GDN-01,C020762,VM-BIK-0014,1,3898.93,0.0,PLN
SO-2026-003803,2,2026-04-07,2026-04-07,PL-GDN-01,C020762,VM-ACC-0007,1,366.47,0.0,PLN
SO-2026-003804,1,2026-04-07,2026-04-07,PL-POZ-01,,VM-NUT-0002,4,15.26,0.0,PLN
SO-2026-003804,2,2026-04-07,2026-04-07,PL-POZ-01,,VM-NUT-0004,12,7.12,0.0,PLN
SO-2026-003804,3,2026-04-07,2026-04-07,PL-POZ-01,,VM-APP-0018,2,132.33,0.0,PLN
SO-2026-003805,1,2026-04-07,2026-04-07,PL-POZ-01,,VM-APP-0012,1,885.65,0.0,PLN
SO-2026-003806,1,2026-04-07,2026-04-07,PL-POZ-01,,VM-BIK-0012,1,12022.57,0.0,PLN
SO-2026-003807,1,2026-04-07,2026-04-07,PL-POZ-01,,VM-ACC-0007,1,366.47,0.0,PLN
SO-2026-003808,1,2026-04-07,2026-04-07,PL-LDZ-01,C003706,VM-ACC-0012,1,73.29,0.0,PLN
SO-2026-003809,1,2026-04-07,2026-04-07,PL-LDZ-01,C020467,VM-NUT-0004,9,7.12,0.0,PLN
SO-2026-003810,1,2026-04-07,2026-04-10,PL-WEB-01,C007163,VM-ACC-0008,1,407.19,0.0,PLN
SO-2026-003811,1,2026-04-07,2026-04-11,PL-WEB-01,C009210,VM-ACC-0023,2,946.73,0.1,PLN
SO-2026-003812,1,2026-04-07,2026-04-11,PL-WEB-01,C020763,VM-BIK-0012,1,12022.57,0.05,PLN
SO-2026-003813,1,2026-04-07,2026-04-08,PL-WEB-01,C016790,VM-NUT-0001,13,9.15,0.0,PLN
SO-2026-003813,2,2026-04-07,2026-04-08,PL-WEB-01,C016790,VM-EBK-0007,1,14964.59,0.0,PLN
SO-2026-003814,1,2026-04-07,2026-04-08,PL-WEB-01,C020167,VM-CMP-0015,2,936.55,0.0,PLN
SO-2026-003814,2,2026-04-07,2026-04-08,PL-WEB-01,C020167,VM-CMP-0005,1,1506.63,0.0,PLN
SO-2026-003815,1,2026-04-07,2026-04-10,PL-WEB-01,C016154,VM-EBK-0003,1,9253.61,0.05,PLN
SO-2026-003815,2,2026-04-07,2026-04-10,PL-WEB-01,C016154,VM-ACC-0014,1,111.97,0.05,PLN
SO-2026-003815,3,2026-04-07,2026-04-10,PL-WEB-01,C016154,VM-ACC-0004,1,794.03,0.05,PLN
SO-2026-003816,1,2026-04-07,2026-04-08,PL-WEB-01,C020764,VM-BIK-0004,1,4346.85,0.0,PLN
SO-2026-003817,1,2026-04-07,2026-04-09,PL-WEB-01,C020765,VM-BIK-0017,1,1944.37,0.0,PLN
SO-2026-003817,2,2026-04-07,2026-04-09,PL-WEB-01,C020765,VM-ACC-0008,2,407.19,0.0,PLN
SO-2026-003817,3,2026-04-07,2026-04-09,PL-WEB-01,C020765,VM-BIK-0002,1,9803.33,0.0,PLN
SO-2026-003818,1,2026-04-07,2026-04-11,PL-WEB-01,C020766,VM-APP-0012,1,885.65,0.0,PLN
SO-2026-003818,2,2026-04-07,2026-04-11,PL-WEB-01,C020766,vm-ebk-0005,1,17764.09,0.0,PLN
SO-2026-003818,3,2026-04-07,2026-04-11,PL-WEB-01,C020766,VM-CMP-0015,1,936.55,0.0,PLN
SO-2026-003819,1,2026-04-07,2026-04-08,PL-WEB-01,C020767,VM-ACC-0008,1,407.19,0.0,PLN
SO-2026-003820,1,2026-04-07,2026-04-09,PL-WEB-01,C020099,VM-CMP-0018,2,63.11,0.0,PLN
SO-2026-003820,2,2026-04-07,2026-04-09,PL-WEB-01,C020099,VM-BIK-0022,1,1425.19,0.05,PLN
SO-2026-003820,3,2026-04-07,2026-04-09,PL-WEB-01,C020099,VM-BIK-0001,1,13936.41,0.0,PLN
SO-2026-003821,1,2026-04-07,2026-04-09,PL-WEB-01,C013595,VM-CMP-0020,1,264.67,0.0,PLN
SO-2026-003822,1,2026-04-07,2026-04-11,PL-WEB-01,C017304,VM-APP-0008,2,162.87,0.0,PLN
SO-2026-003822,2,2026-04-07,2026-04-11,PL-WEB-01,C017304,VM-CMP-0005,2,1506.63,0.0,PLN
SO-2026-003823,1,2026-04-07,2026-04-09,PL-WEB-01,C018739,VM-CMP-0014,6,437.73,0.12,PLN
SO-2026-003823,2,2026-04-07,2026-04-09,PL-WEB-01,C018739,vm-cmp-0013,2,539.53,0.1,PLN
SO-2026-003824,1,2026-04-07,2026-04-09,PL-WEB-01,C020768,VM-APP-0013,1,447.91,0.0,PLN
SO-2026-003824,2,2026-04-07,2026-04-09,PL-WEB-01,C020768,vm-app-0017,1,193.41,0.0,PLN
SO-2026-003824,3,2026-04-07,2026-04-09,PL-WEB-01,C020768,VM-ACC-0014,1,111.97,0.0,PLN
SO-2026-003825,1,2026-04-07,2026-04-09,PL-WEB-01,C020769,VM-ACC-0002,2,620.97,0.0,PLN
SO-2026-003826,1,2026-04-07,2026-04-09,PL-WEB-01,C020273,VM-ACC-0004,2,794.03,0.1,PLN
SO-2026-003826,2,2026-04-07,2026-04-09,PL-WEB-01,C020273,VM-APP-0009,2,356.29,0.0,PLN
SO-2026-003827,1,2026-04-07,2026-04-11,PL-WEB-01,C019340,VM-ACC-0014,1,111.97,0.0,PLN
SO-2026-003827,2,2026-04-07,2026-04-11,PL-WEB-01,C019340,VM-BIK-0019,1,1231.77,0.0,PLN
SO-2026-003827,3,2026-04-07,2026-04-11,PL-WEB-01,C019340,VM-ACC-0022,1,1598.25,0.0,PLN
SO-2026-003828,1,2026-04-07,2026-04-11,PL-WEB-01,C015708,VM-APP-0019,1,67.18,0.0,PLN
SO-2026-003828,2,2026-04-07,2026-04-11,PL-WEB-01,C015708,VM-NUT-0001,13,9.15,0.0,PLN
SO-2026-003828,3,2026-04-07,2026-04-11,PL-WEB-01,C015708,VM-BIK-0019,1,1231.77,0.0,PLN
SO-2026-003828,4,2026-04-07,2026-04-11,PL-WEB-01,C015708,VM-BIK-0015,1,3145.61,0.0,PLN
SO-2026-003829,1,2026-04-07,2026-04-09,PL-WEB-01,C018250,VM-BIK-0004,1,4346.85,0.0,PLN
SO-2026-003830,1,2026-04-07,2026-04-11,PL-WEB-01,C020770,VM-NUT-0011,4,54.96,0.05,PLN
SO-2026-003830,2,2026-04-07,2026-04-11,PL-WEB-01,C020770,VM-APP-0019,2,67.18,0.05,PLN
SO-2026-003831,1,2026-04-07,2026-04-11,PL-MKT-01,C019721,VM-CMP-0017,8,508.99,0.1,PLN
SO-2026-003831,2,2026-04-07,2026-04-11,PL-MKT-01,C019721,VM-CMP-0019,15,213.77,0.08,PLN
SO-2026-003831,3,2026-04-07,2026-04-11,PL-MKT-01,C019721,VM-BIK-0010,2,6433.75,0.08,PLN
SO-2026-003832,1,2026-04-07,2026-04-11,PL-MKT-01,C020771,VM-BIK-0017,1,1944.37,0.0,PLN
SO-2026-003832,2,2026-04-07,2026-04-11,PL-MKT-01,C020771,VM-APP-0006,2,315.57,0.05,PLN
SO-2026-003833,1,2026-04-07,2026-04-08,PL-MKT-01,C016436,VM-BIK-0012,1,12022.57,0.0,PLN
SO-2026-003833,2,2026-04-07,2026-04-08,PL-MKT-01,C016436,VM-ACC-0014,1,111.97,0.0,PLN
SO-2026-003834,1,2026-04-07,2026-04-11,PL-MKT-01,C020515,VM-CMP-0017,2,508.99,0.0,PLN
SO-2026-003834,2,2026-04-07,2026-04-11,PL-MKT-01,C020515,VM-BIK-0006,1,6708.61,0.0,PLN
SO-2026-003834,3,2026-04-07,2026-04-11,PL-MKT-01,C020515,VM-APP-0020,1,183.23,0.05,PLN
SO-2026-003834,4,2026-04-07,2026-04-11,PL-MKT-01,C020515,VM-EBK-0002,1,10129.09,0.0,PLN
SO-2026-003835,1,2026-04-07,2026-04-09,PL-MKT-01,C017434,VM-APP-0017,2,193.41,0.0,PLN
SO-2026-003836,1,2026-04-07,2026-04-11,PL-MKT-01,C020772,VM-ACC-0016,3,29.51,0.0,PLN
SO-2026-003837,1,2026-04-07,2026-04-08,PL-MKT-01,C016798,VM-BIK-0004,1,4346.85,0.0,PLN
SO-2026-003838,1,2026-04-07,2026-04-09,PL-MKT-01,C018097,VM-ACC-0008,1,407.19,0.05,PLN
SO-2026-003839,1,2026-04-07,2026-04-10,PL-MKT-01,C001634,VM-ACC-0013,1,173.05,0.0,PLN
SO-2026-003839,2,2026-04-07,2026-04-10,PL-MKT-01,C001634,VM-NUT-0009,3,86.52,0.0,PLN
SO-2026-003840,1,2026-04-07,2026-04-10,PL-MKT-01,C004475,VM-EBK-0009,3,10088.37,0.12,PLN
SO-2026-003840,2,2026-04-07,2026-04-10,PL-MKT-01,C004475,VM-ACC-0004,4,794.03,0.08,PLN
SO-2026-003841,1,2026-04-07,2026-04-07,CZ-PRG-01,C009413,VM-NUT-0006,9,59.0,0.0,CZK
SO-2026-003842,1,2026-04-07,2026-04-07,CZ-PRG-01,C011213,VM-NUT-0006,16,59.0,0.1,CZK
SO-2026-003842,2,2026-04-07,2026-04-07,CZ-PRG-01,C011213,VM-BIK-0007,2,41389.0,0.08,CZK
SO-2026-003843,1,2026-04-07,2026-04-07,CZ-PRG-01,C014943,VM-NUT-0006,10,59.0,0.0,CZK
SO-2026-003844,1,2026-04-07,2026-04-07,CZ-PRG-01,C019475,VM-BIK-0007,1,41389.0,0.0,CZK
SO-2026-003844,2,2026-04-07,2026-04-07,CZ-PRG-01,C019475,VM-NUT-0004,12,41.0,0.0,CZK
SO-2026-003845,1,2026-04-07,2026-04-07,CZ-BRN-01,C020773,VM-BIK-0001,1,80371.0,0.05,CZK
SO-2026-003845,2,2026-04-07,2026-04-07,CZ-BRN-01,C020773,VM-CMP-0005,1,8689.0,0.05,CZK
SO-2026-003845,3,2026-04-07,2026-04-07,CZ-BRN-01,C020773,VM-ACC-0008,2,2348.0,0.05,CZK
SO-2026-003846,1,2026-04-07,2026-04-08,CZ-WEB-01,C020774,VM-NUT-0004,3,41.0,0.0,CZK
SO-2026-003847,1,2026-04-07,2026-04-10,CZ-WEB-01,C018503,VM-NUT-0008,5,59.0,0.0,CZK
SO-2026-003847,2,2026-04-07,2026-04-10,CZ-WEB-01,C018503,VM-BIK-0009,1,33111.0,0.0,CZK
SO-2026-003848,1,2026-04-07,2026-04-11,CZ-WEB-01,C020775,VM-NUT-0004,14,41.0,0.0,CZK
SO-2026-003848,2,2026-04-07,2026-04-11,CZ-WEB-01,C020775,VM-NUT-0003,12,65.0,0.0,CZK
SO-2026-003849,1,2026-04-07,2026-04-11,CZ-WEB-01,C017115,VM-NUT-0009,1,499.0,0.0,CZK
SO-2026-003849,2,2026-04-07,2026-04-11,CZ-WEB-01,C017115,VM-NUT-0008,8,59.0,0.0,CZK
SO-2026-003850,1,2026-04-07,2026-04-10,CZ-WEB-01,C020172,VM-NUT-0009,3,499.0,0.0,CZK
SO-2026-003851,1,2026-04-07,2026-04-09,CZ-WEB-01,C014169,VM-APP-0010,2,998.0,0.0,CZK
SO-2026-003852,1,2026-04-07,2026-04-11,CZ-WEB-01,C007011,VM-EBK-0004,2,65049.0,0.1,CZK
SO-2026-003853,1,2026-04-07,2026-04-08,CZ-WEB-01,C020776,VM-ACC-0008,1,2348.0,0.0,CZK
SO-2026-003854,1,2026-04-07,2026-04-07,DE-BER-01,C020441,VM-APP-0005,2,43.12,0.0,EUR
SO-2026-003854,2,2026-04-07,2026-04-07,DE-BER-01,C020441,VM-CMP-0015,2,220.39,0.0,EUR
SO-2026-003854,3,2026-04-07,2026-04-07,DE-BER-01,C020441,VM-ACC-0013,1,40.72,0.0,EUR
SO-2026-003855,1,2026-04-07,2026-04-07,DE-BER-01,C020777,VM-APP-0008,1,38.33,0.0,EUR
SO-2026-003856,1,2026-04-07,2026-04-07,DE-BER-01,,VM-APP-0002,2,105.4,0.0,EUR
SO-2026-003857,1,2026-04-07,2026-04-07,DE-BER-01,C020778,VM-BIK-0017,1,457.55,0.05,EUR
SO-2026-003858,1,2026-04-07,2026-04-09,DE-WEB-01,C020463,VM-CMP-0013,2,126.96,0.0,EUR
SO-2026-003858,2,2026-04-07,2026-04-09,DE-WEB-01,C020463,VM-BIK-0019,1,289.86,0.0,EUR
SO-2026-003859,1,2026-04-07,2026-04-09,DE-WEB-01,C002424,VM-CMP-0013,2,126.96,0.0,EUR
SO-2026-003859,2,2026-04-07,2026-04-09,DE-WEB-01,C002424,VM-ACC-0012,1,17.25,0.0,EUR
SO-2026-003859,3,2026-04-07,2026-04-09,DE-WEB-01,C002424,VM-ACC-0008,1,95.82,0.0,EUR
SO-2026-003860,1,2026-04-07,2026-04-09,DE-WEB-01,C020779,VM-ACC-0014,1,26.35,0.0,EUR
SO-2026-003860,2,2026-04-07,2026-04-09,DE-WEB-01,C020779,VM-EBK-0004,1,2654.3,0.0,EUR
SO-2026-003861,1,2026-04-07,2026-04-11,DE-WEB-01,C016212,VM-CMP-0009,2,83.84,0.05,EUR
SO-2026-003861,2,2026-04-07,2026-04-11,DE-WEB-01,C016212,VM-BIK-0012,1,2829.17,0.0,EUR
SO-2026-003862,1,2026-04-07,2026-04-11,DE-WEB-01,C011626,VM-BIK-0012,1,2829.17,0.0,EUR
SO-2026-003863,1,2026-04-07,2026-04-11,DE-WEB-01,C020780,VM-CMP-0019,3,50.3,0.05,EUR
SO-2026-003864,1,2026-04-07,2026-04-10,DE-WEB-01,C020781,VM-BIK-0009,1,1351.1,0.0,EUR
SO-TEST-0018,1,2026-04-07,2026-04-07,TEST-01,TEST-QA,VM-APP-0011,1,1.0,0.0,PLN
SO-2026-003865,1,2026-04-08,2026-04-08,PL-WAW-01,C019045,VM-EBK-0009,1,10088.37,0.1,PLN
SO-2026-003866,1,2026-04-08,2026-04-08,PL-WAW-01,C020782,VM-BIK-0003,1,6657.71,0.0,PLN
SO-2026-003866,2,2026-04-08,2026-04-08,PL-WAW-01,C020782,VM-ACC-0018,3,50.89,0.0,PLN
SO-2026-003866,3,2026-04-08,2026-04-08,PL-WAW-01,C020782,VM-ACC-0014,1,111.97,0.0,PLN
SO-2026-003866,4,2026-04-08,2026-04-08,PL-WAW-01,C020782,VM-BIK-0014,1,3898.93,0.0,PLN
SO-2026-003867,1,2026-04-08,2026-04-08,PL-WAW-01,C019682,VM-BIK-0017,1,1944.37,0.0,PLN
SO-2026-003868,1,2026-04-08,2026-04-08,PL-WAW-01,C020783,VM-APP-0019,2,67.18,0.0,PLN
SO-2026-003869,1,2026-04-08,2026-04-08,PL-WAW-01,C017418,VM-ACC-0008,1,407.19,0.0,PLN
SO-2026-003869,2,2026-04-08,2026-04-08,PL-WAW-01,C017418,VM-EBK-0009,1,10088.37,0.0,PLN
SO-2026-003870,1,2026-04-08,2026-04-08,PL-WAW-02,C016334, VM-EBK-0009 ,1,10088.37,0.0,PLN
SO-2026-003870,2,2026-04-08,2026-04-08,PL-WAW-02,C016334,VM-ACC-0005,1,183.23,0.0,PLN
SO-2026-003871,1,2026-04-08,2026-04-08,PL-WAW-02,,VM-NUT-0001,8,9.15,0.0,PLN
SO-2026-003872,1,2026-04-08,2026-04-08,PL-KRK-01,C014137,VM-EBK-0002,1,10129.09,0.0,PLN
SO-2026-003872,2,2026-04-08,2026-04-08,PL-KRK-01,C014137,VM-ACC-0014,1,111.97,0.0,PLN
SO-2026-003873,1,2026-04-08,2026-04-08,PL-KRK-01,,VM-NUT-0011,1,54.96,0.05,PLN
SO-2026-003873,2,2026-04-08,2026-04-08,PL-KRK-01,,VM-BIK-0014,1,3898.93,0.0,PLN
SO-2026-003874,1,2026-04-08,2026-04-08,PL-KRK-01,C018460,VM-CMP-0009,6,356.29,0.1,PLN
SO-2026-003874,2,2026-04-08,2026-04-08,PL-KRK-01,C018460,VM-ACC-0003,10,295.21,0.08,PLN
SO-2026-003874,3,2026-04-08,2026-04-08,PL-KRK-01,C018460,VM-ACC-0008,4,407.19,0.08,PLN
SO-2026-003874,4,2026-04-08,2026-04-08,PL-KRK-01,C018460,VM-NUT-0009,8,86.52,0.12,PLN
SO-2026-003875,1,2026-04-08,2026-04-08,PL-WRO-01,C019635,VM-ACC-0018,2,50.89,0.0,PLN
SO-2026-003875,2,2026-04-08,2026-04-08,PL-WRO-01,C019635,VM-APP-0007,1,162.87,0.0,PLN
SO-2026-003876,1,2026-04-08,2026-04-08,PL-WRO-01,C020784,VM-NUT-0004,10,7.12,0.0,PLN
SO-2026-003877,1,2026-04-08,2026-04-08,PL-WRO-01,C020785,VM-APP-0006,2,315.57,0.0,PLN
SO-2026-003877,2,2026-04-08,2026-04-08,PL-WRO-01,C020785,VM-APP-0002,1,447.91,0.0,PLN
SO-2026-003878,1,2026-04-08,2026-04-08,PL-WRO-01,C020786,VM-ACC-0021,1,794.03,0.0,PLN
SO-2026-003878,2,2026-04-08,2026-04-08,PL-WRO-01,C020786,VM-APP-0006,1,315.57,0.0,PLN
SO-2026-003879,1,2026-04-08,2026-04-08,PL-GDN-01,,VM-BIK-0002,1,9803.33,0.0,PLN
SO-2026-003879,2,2026-04-08,2026-04-08,PL-GDN-01,,VM-CMP-0016,1,2504.27,0.0,PLN
SO-2026-003879,3,2026-04-08,2026-04-08,PL-GDN-01,,VM-CMP-0009,1,356.29,0.0,PLN
SO-2026-003880,1,2026-04-08,2026-04-08,PL-GDN-01,C019225,VM-CMP-0011,2,162.87,0.0,PLN
SO-2026-003881,1,2026-04-08,2026-04-08,PL-GDN-01,C010706,VM-ACC-0011,2,73.29,0.0,PLN
SO-2026-003882,1,2026-04-08,2026-04-08,PL-GDN-01,C015431,VM-ACC-0013,1,173.05,0.0,PLN
SO-2026-003882,2,2026-04-08,2026-04-08,PL-GDN-01,C015431,VM-BIK-0002,1,9803.33,0.0,PLN
SO-2026-003883,1,2026-04-08,2026-04-08,PL-POZ-01,,VM-BIK-0019,1,1231.77,0.0,PLN
SO-2026-003884,1,2026-04-08,2026-04-08,PL-POZ-01,C020787,VM-EBK-0003,1,9253.61,0.0,PLN
SO-2026-003885,1,2026-04-08,2026-04-08,PL-POZ-01,C020380,VM-CMP-0006,2,203.59,0.0,PLN
SO-2026-003886,1,2026-04-08,2026-04-08,PL-LDZ-01,C019311,VM-NUT-0009,3,86.52,0.0,PLN
SO-2026-003887,1,2026-04-08,2026-04-08,PL-LDZ-01,,VM-APP-0014,1,498.81,0.0,PLN
SO-2026-003887,2,2026-04-08,2026-04-08,PL-LDZ-01,,VM-EBK-0002,1,10129.09,0.0,PLN
SO-2026-003888,1,2026-04-08,2026-04-08,PL-LDZ-01,,VM-CMP-0013,1,539.53,0.0,PLN
SO-2026-003889,1,2026-04-08,2026-04-08,PL-LDZ-01,,VM-APP-0008,2,162.87,0.0,PLN
SO-2026-003890,1,2026-04-08,2026-04-12,PL-WEB-01,C020788,VM-CMP-0008,2,447.91,0.0,PLN
SO-2026-003890,2,2026-04-08,2026-04-12,PL-WEB-01,C020788,VM-NUT-0008,9,10.17,0.0,PLN
SO-2026-003891,1,2026-04-08,2026-04-12,PL-WEB-01,C020789,VM-BIK-0003,1,6657.71,0.0,PLN
SO-2026-003891,2,2026-04-08,2026-04-12,PL-WEB-01,C020789,VM-ACC-0007,1,366.47,0.0,PLN
SO-2026-003892,1,2026-04-08,2026-04-12,PL-WEB-01,C013490,VM-CMP-0020,2,264.67,0.0,PLN
SO-2026-003893,1,2026-04-08,2026-04-12,PL-WEB-01,C020790,VM-ACC-0002,1,620.97,0.0,PLN
SO-2026-003894,1,2026-04-08,2026-04-09,PL-WEB-01,C008708,VM-EBK-0002,1,10129.09,0.0,PLN
SO-2026-003895,1,2026-04-08,2026-04-09,PL-WEB-01,C019240,VM-BIK-0003,1,6657.71,0.0,PLN
SO-2026-003895,2,2026-04-08,2026-04-09,PL-WEB-01,C019240,VM-ACC-0008,1,407.19,0.0,PLN
SO-2026-003896,1,2026-04-08,2026-04-09,PL-WEB-01,C020791,VM-ACC-0008,1,407.19,0.0,PLN
SO-2026-003896,2,2026-04-08,2026-04-09,PL-WEB-01,C020791,VM-BIK-0012,1,12022.57,0.0,PLN
SO-2026-003896,3,2026-04-08,2026-04-09,PL-WEB-01,C020791,VM-EBK-0003,1,9253.61,0.0,PLN
SO-2026-003897,1,2026-04-08,2026-04-11,PL-WEB-01,C020792,VM-NUT-0006,6,10.17,0.0,PLN
SO-2026-003897,2,2026-04-08,2026-04-11,PL-WEB-01,C020792,VM-APP-0008,1,162.87,0.0,PLN
SO-2026-003898,1,2026-04-08,2026-04-11,PL-WEB-01,C020793,VM-APP-0007,2,162.87,0.0,PLN
SO-2026-003899,1,2026-04-08,2026-04-09,PL-WEB-01,C020794,VM-BIK-0005,1,7543.37,0.05,PLN
SO-2026-003899,2,2026-04-08,2026-04-09,PL-WEB-01,C020794,VM-ACC-0013,1,173.05,0.05,PLN
SO-2026-003900,1,2026-04-08,2026-04-12,PL-WEB-01,C019134,VM-APP-0020,1,183.23,0.0,PLN
SO-2026-003901,1,2026-04-08,2026-04-11,PL-WEB-01,C020795,VM-ACC-0008,2,407.19,0.0,PLN
SO-2026-003901,2,2026-04-08,2026-04-11,PL-WEB-01,C020795,VM-CMP-0020,2,264.67,0.0,PLN
SO-2026-003902,1,2026-04-08,2026-04-12,PL-WEB-01,C004281,VM-CMP-0020,2,264.67,0.0,PLN
SO-2026-003902,2,2026-04-08,2026-04-12,PL-WEB-01,C004281,VM-BIK-0003,1,6657.71,0.05,PLN
SO-2026-003903,1,2026-04-08,2026-04-10,PL-WEB-01,C006286,VM-BIK-0004,5,4346.85,0.08,PLN
SO-2026-003904,1,2026-04-08,2026-04-09,PL-WEB-01,C020475,VM-ACC-0002,1,620.97,0.0,PLN
SO-2026-003905,1,2026-04-08,2026-04-09,PL-WEB-01,C018669,VM-NUT-0004,6,7.12,0.0,PLN
SO-2026-003905,2,2026-04-08,2026-04-09,PL-WEB-01,C018669,VM-APP-0010,2,173.05,0.0,PLN
SO-2026-003905,3,2026-04-08,2026-04-09,PL-WEB-01,C018669,VM-BIK-0004,1,4346.85,0.0,PLN
SO-2026-003905,4,2026-04-08,2026-04-09,PL-WEB-01,C018669,VM-APP-0011,2,417.37,0.0,PLN
SO-2026-003906,1,2026-04-08,2026-04-10,PL-WEB-01,C012365,VM-BIK-0012,2,12022.57,0.12,PLN
SO-2026-003907,1,2026-04-08,2026-04-09,PL-WEB-01,C009888,VM-EBK-0011,1,14903.51,0.0,PLN
SO-2026-003908,1,2026-04-08,2026-04-11,PL-WEB-01,C014759,VM-ACC-0021,1,794.03,0.0,PLN
SO-2026-003908,2,2026-04-08,2026-04-11,PL-WEB-01,C014759,VM-APP-0014,1,498.81,0.0,PLN
SO-2026-003909,1,2026-04-08,2026-04-12,PL-WEB-01,C014517,VM-BIK-0020,1,1231.77,0.0,PLN
SO-2026-003910,1,2026-04-08,2026-04-12,PL-WEB-01,C020796,VM-ACC-0023,1,946.73,0.0,PLN
SO-2026-003910,2,2026-04-08,2026-04-12,PL-WEB-01,C020796,VM-BIK-0007,1,7176.89,0.0,PLN
SO-2026-003911,1,2026-04-08,2026-04-12,PL-WEB-01,C017802,VM-BIK-0001,1,13936.41,0.05,PLN
SO-2026-003911,2,2026-04-08,2026-04-12,PL-WEB-01,C017802,VM-BIK-0012,1,12022.57,0.05,PLN
SO-2026-003911,3,2026-04-08,2026-04-12,PL-WEB-01,C017802,VM-ACC-0014,1,111.97,0.05,PLN
SO-2026-003912,1,2026-04-08,2026-04-10,PL-WEB-01,C013754,VM-ACC-0013,1,173.05,0.0,PLN
SO-2026-003913,1,2026-04-08,2026-04-09,PL-MKT-01,C020797,VM-NUT-0009,4,86.52,0.0,PLN
SO-2026-003913,2,2026-04-08,2026-04-09,PL-MKT-01,C020797,VM-ACC-0014,1,111.97,0.0,PLN
SO-2026-003913,3,2026-04-08,2026-04-09,PL-MKT-01,C020797,VM-ACC-0018,1,50.89,0.0,PLN
SO-2026-003914,1,2026-04-08,2026-04-09,PL-MKT-01,C018529,VM-BIK-0017,1,1944.37,0.0,PLN
SO-2026-003914,2,2026-04-08,2026-04-09,PL-MKT-01,C018529,VM-ACC-0017,3,59.03,0.0,PLN
SO-2026-003915,1,2026-04-08,2026-04-12,PL-MKT-01,C015321,VM-CMP-0013,2,539.53,0.0,PLN
SO-2026-003916,1,2026-04-08,2026-04-11,PL-MKT-01,C013609,VM-NUT-0007,6,13.22,0.05,PLN
SO-2026-003917,1,2026-04-08,2026-04-10,PL-MKT-01,C018766,VM-EBK-0008,1,15371.79,0.0,PLN
SO-2026-003917,2,2026-04-08,2026-04-10,PL-MKT-01,C018766,VM-EBK-0007,1,14964.59,0.0,PLN
SO-2026-003917,3,2026-04-08,2026-04-10,PL-MKT-01,C018766,VM-ACC-0008,2,407.19,0.0,PLN
SO-2026-003918,1,2026-04-08,2026-04-12,PL-MKT-01,C020743,VM-APP-0017,2,193.41,0.05,PLN
SO-2026-003918,2,2026-04-08,2026-04-12,PL-MKT-01,C020743,VM-CMP-0002,2,570.07,0.05,PLN
SO-2026-003919,1,2026-04-08,2026-04-10,PL-MKT-01,C020798,VM-APP-0005,1,183.23,0.0,PLN
SO-2026-003919,2,2026-04-08,2026-04-10,PL-MKT-01,C020798,VM-CMP-0002,1,570.07,0.0,PLN
SO-2026-003919,3,2026-04-08,2026-04-10,PL-MKT-01,C020798,VM-EBK-0011,1,14903.51,0.1,PLN
SO-2026-003919,4,2026-04-08,2026-04-10,PL-MKT-01,C020798,VM-NUT-0003,10,11.19,0.0,PLN
SO-2026-003920,1,2026-04-08,2026-04-10,PL-MKT-01,C020799,VM-BIK-0001,1,13936.41,0.0,PLN
SO-2026-003920,2,2026-04-08,2026-04-10,PL-MKT-01,C020799,VM-ACC-0008,1,407.19,0.0,PLN
SO-2026-003921,1,2026-04-08,2026-04-09,PL-MKT-01,C020800, VM-NUT-0003 ,7,11.19,0.0,PLN
SO-2026-003921,2,2026-04-08,2026-04-09,PL-MKT-01,C020800,VM-BIK-0007,1,7176.89,0.0,PLN
SO-2026-003921,3,2026-04-08,2026-04-09,PL-MKT-01,C020800,VM-BIK-0004,1,4346.85,0.0,PLN
SO-2026-003921,4,2026-04-08,2026-04-09,PL-MKT-01,C020800,VM-NUT-0004,13,7.12,0.0,PLN
SO-2026-003922,1,2026-04-08,2026-04-08,CZ-PRG-01,C011389,VM-CMP-0011,1,939.0,0.0,CZK
SO-2026-003922,2,2026-04-08,2026-04-08,CZ-PRG-01,C011389,VM-CMP-0017,1,2935.0,0.0,CZK
SO-2026-003922,3,2026-04-08,2026-04-08,CZ-PRG-01,C011389,VM-ACC-0022,1,9217.0,0.0,CZK
SO-2026-003922,4,2026-04-08,2026-04-08,CZ-PRG-01,C011389,VM-APP-0013,1,2583.0,0.0,CZK
SO-2026-003923,1,2026-04-08,2026-04-08,CZ-BRN-01,,VM-APP-0013,1,2583.0,0.0,CZK
SO-2026-003924,1,2026-04-08,2026-04-08,CZ-BRN-01,C010783,VM-CMP-0022,3,211.0,0.0,CZK
SO-2026-003924,2,2026-04-08,2026-04-08,CZ-BRN-01,C010783,VM-NUT-0011,4,317.0,0.0,CZK
SO-2026-003924,3,2026-04-08,2026-04-08,CZ-BRN-01,C010783,VM-BIK-0014,1,22485.0,0.0,CZK
SO-2026-003925,1,2026-04-08,2026-04-08,CZ-BRN-01,C019378,VM-NUT-0004,7,41.0,0.0,CZK
SO-2026-003925,2,2026-04-08,2026-04-08,CZ-BRN-01,C019378,VM-NUT-0009,4,499.0,0.0,CZK
SO-2026-003926,1,2026-04-08,2026-04-12,CZ-WEB-01,C017237,VM-APP-0005,3,1057.0,0.0,CZK
SO-2026-003927,1,2026-04-08,2026-04-11,CZ-WEB-01,C020801,VM-BIK-0013,1,28180.0,0.05,CZK
SO-2026-003927,2,2026-04-08,2026-04-11,CZ-WEB-01,C020801,VM-ACC-0019,3,293.0,0.05,CZK
SO-2026-003927,3,2026-04-08,2026-04-11,CZ-WEB-01,C020801,VM-ACC-0002,2,3581.0,0.05,CZK
SO-2026-003927,4,2026-04-08,2026-04-11,CZ-WEB-01,C020801,VM-EBK-0008,1,88649.0,0.05,CZK
SO-2026-003928,1,2026-04-08,2026-04-12,CZ-WEB-01,C017983,VM-ACC-0014,1,646.0,0.0,CZK
SO-2026-003928,2,2026-04-08,2026-04-12,CZ-WEB-01,C017983,VM-NUT-0002,8,88.0,0.05,CZK
SO-2026-003928,3,2026-04-08,2026-04-12,CZ-WEB-01,C017983,VM-BIK-0009,1,33111.0,0.0,CZK
SO-2026-003929,1,2026-04-08,2026-04-11,CZ-WEB-01,C012374,VM-NUT-0007,7,76.0,0.0,CZK
SO-2026-003930,1,2026-04-08,2026-04-09,CZ-WEB-01,C020802,VM-NUT-0003,5,65.0,0.0,CZK
SO-2026-003930,2,2026-04-08,2026-04-09,CZ-WEB-01,C020802,VM-APP-0006,3,1820.0,0.0,CZK
SO-2026-003930,3,2026-04-08,2026-04-09,CZ-WEB-01,C020802,VM-CMP-0015,1,5401.0,0.0,CZK
SO-2026-003931,1,2026-04-08,2026-04-09,CZ-WEB-01,C020803,VM-BIK-0013,1,28180.0,0.0,CZK
SO-2026-003931,2,2026-04-08,2026-04-09,CZ-WEB-01,C020803,VM-EBK-0003,1,53366.0,0.0,CZK
SO-2026-003932,1,2026-04-08,2026-04-08,DE-BER-01,C019761,VM-NUT-0004,35,1.67,0.08,EUR
SO-2026-003933,1,2026-04-08,2026-04-08,DE-BER-01,C020804,VM-ACC-0021,1,186.85,0.0,EUR
SO-2026-003934,1,2026-04-08,2026-04-08,DE-BER-01,C020805,VM-CMP-0006,2,47.91,0.0,EUR
SO-2026-003935,1,2026-04-08,2026-04-08,DE-BER-01,,VM-BIK-0020,1,289.86,0.0,EUR
SO-2026-003936,1,2026-04-08,2026-04-12,DE-WEB-01,C009875,VM-ACC-0016,2,6.94,0.0,EUR
SO-2026-003937,1,2026-04-08,2026-04-11,DE-WEB-01,C019633,VM-CMP-0015,1,220.39,0.0,EUR
SO-2026-003938,1,2026-04-08,2026-04-11,DE-WEB-01,C006551,VM-NUT-0006,4,2.39,0.05,EUR
SO-2026-003938,2,2026-04-08,2026-04-11,DE-WEB-01,C006551,VM-APP-0015,1,136.55,0.05,EUR
SO-2026-003938,3,2026-04-08,2026-04-11,DE-WEB-01,C006551,VM-CMP-0015,2,220.39,0.05,EUR
SO-2026-003939,1,2026-04-08,2026-04-12,DE-WEB-01,C020806,VM-CMP-0023,2,14.13,0.0,EUR
SO-2026-003940,1,2026-04-08,2026-04-11,DE-WEB-01,C013039,VM-BIK-0009,1,1351.1,0.0,EUR
SO-2026-003940,2,2026-04-08,2026-04-11,DE-WEB-01,C013039,VM-ACC-0012,1,17.25,0.0,EUR
SO-2026-003940,3,2026-04-08,2026-04-11,DE-WEB-01,C013039,VM-ACC-0009,1,95.82,0.0,EUR
SO-2026-003941,1,2026-04-09,2026-04-09,PL-WAW-01,C020807,VM-BIK-0001,1,13936.41,0.0,PLN
SO-2026-003941,2,2026-04-09,2026-04-09,PL-WAW-01,C020807,vm-cmp-0005,2,1506.63,0.0,PLN
SO-2026-003942,1,2026-04-09,2026-04-09,PL-WAW-01,C014129,VM-APP-0006,2,315.57,0.0,PLN
SO-2026-003943,1,2026-04-09,2026-04-09,PL-WAW-01,,VM-ACC-0015,1,356.29,0.0,PLN
SO-2026-003944,1,2026-04-09,2026-04-09,PL-WAW-01,C019017,VM-CMP-0015,2,936.55,0.0,PLN
SO-2026-003945,1,2026-04-09,2026-04-09,PL-WAW-02,,VM-BIK-0009,1,5741.51,0.0,PLN
SO-2026-003946,1,2026-04-09,2026-04-09,PL-WAW-02,C020264,VM-APP-0007,3,162.87,0.12,PLN
SO-2026-003947,1,2026-04-09,2026-04-09,PL-KRK-01,,VM-ACC-0004,1,794.03,0.0,PLN
SO-2026-003948,1,2026-04-09,2026-04-09,PL-KRK-01,C017357,VM-APP-0002,3,447.91,0.0,PLN
SO-2026-003949,1,2026-04-09,2026-04-09,PL-KRK-01,C017647,VM-CMP-0008,1,447.91,0.0,PLN
SO-2026-003949,2,2026-04-09,2026-04-09,PL-KRK-01,C017647,VM-NUT-0009,4,86.52,0.0,PLN
SO-2026-003950,1,2026-04-09,2026-04-09,PL-KRK-01,C020808,VM-ACC-0002,6,620.97,0.12,PLN
SO-2026-003950,2,2026-04-09,2026-04-09,PL-KRK-01,C020808,VM-NUT-0001,55,9.15,0.1,PLN
SO-2026-003950,3,2026-04-09,2026-04-09,PL-KRK-01,C020808,VM-CMP-0005,4,1506.63,0.1,PLN
SO-2026-003951,1,2026-04-09,2026-04-09,PL-WRO-01,C008597,VM-NUT-0004,6,7.12,0.0,PLN
SO-2026-003951,2,2026-04-09,2026-04-09,PL-WRO-01,C008597,VM-ACC-0017,3,59.03,0.1,PLN
SO-2026-003951,3,2026-04-09,2026-04-09,PL-WRO-01,C008597,VM-BIK-0012,1,12022.57,0.0,PLN
SO-2026-003951,4,2026-04-09,2026-04-09,PL-WRO-01,C008597,VM-CMP-0012,2,549.71,0.0,PLN
SO-2026-003952,1,2026-04-09,2026-04-09,PL-WRO-01,C020809,VM-EBK-0004,1,11279.43,0.0,PLN
SO-2026-003952,2,2026-04-09,2026-04-09,PL-WRO-01,C020809,VM-ACC-0008,1,407.19,0.0,PLN
SO-2026-003953,1,2026-04-09,2026-04-09,PL-WRO-01,C020810,VM-ACC-0022,1,1598.25,0.0,PLN
SO-2026-003953,2,2026-04-09,2026-04-09,PL-WRO-01,C020810,VM-BIK-0016,1,3654.61,0.0,PLN
SO-2026-003953,3,2026-04-09,2026-04-09,PL-WRO-01,C020810,VM-BIK-0007,1,7176.89,0.0,PLN
SO-2026-003954,1,2026-04-09,2026-04-09,PL-WRO-01,,VM-APP-0002,1,447.91,0.0,PLN
SO-2026-003954,2,2026-04-09,2026-04-09,PL-WRO-01,,VM-EBK-0003,1,9253.61,0.0,PLN
SO-2026-003954,3,2026-04-09,2026-04-09,PL-WRO-01,,VM-ACC-0011,2,73.29,0.0,PLN
SO-2026-003954,4,2026-04-09,2026-04-09,PL-WRO-01,,VM-APP-0012,1,885.65,0.0,PLN
SO-2026-003955,1,2026-04-09,2026-04-09,PL-WRO-01,C015254,VM-BIK-0016,1,3654.61,0.0,PLN
SO-2026-003955,2,2026-04-09,2026-04-09,PL-WRO-01,C015254,VM-ACC-0006,2,967.09,0.0,PLN
SO-2026-003956,1,2026-04-09,2026-04-09,PL-WRO-01,C019672,VM-BIK-0011,1,8805.69,0.0,PLN
SO-2026-003957,1,2026-04-09,2026-04-09,PL-GDN-01,C014829,VM-CMP-0002,1,570.07,0.0,PLN
SO-2026-003957,2,2026-04-09,2026-04-09,PL-GDN-01,C014829,VM-BIK-0012,1,12022.57,0.0,PLN
SO-2026-003957,3,2026-04-09,2026-04-09,PL-GDN-01,C014829,VM-APP-0012,1,885.65,0.0,PLN
SO-2026-003957,4,2026-04-09,2026-04-09,PL-GDN-01,C014829,VM-NUT-0007,3,13.22,0.0,PLN
SO-2026-003958,1,2026-04-09,2026-04-09,PL-POZ-01,C020811,VM-NUT-0001,4,9.15,0.05,PLN
SO-2026-003958,2,2026-04-09,2026-04-09,PL-POZ-01,C020811,VM-NUT-0007,12,13.22,0.05,PLN
SO-2026-003959,1,2026-04-09,2026-04-09,PL-POZ-01,C020812,VM-BIK-0019,1,1231.77,0.0,PLN
SO-2026-003960,1,2026-04-09,2026-04-09,PL-POZ-01,C017796,VM-NUT-0001,14,9.15,0.05,PLN
SO-2026-003961,1,2026-04-09,2026-04-09,PL-POZ-01,,VM-ACC-0004,2,794.03,0.0,PLN
SO-2026-003961,2,2026-04-09,2026-04-09,PL-POZ-01,,VM-NUT-0004,5,7.12,0.0,PLN
SO-2026-003961,3,2026-04-09,2026-04-09,PL-POZ-01,,VM-CMP-0005,2,1506.63,0.0,PLN
SO-2026-003961,4,2026-04-09,2026-04-09,PL-POZ-01,,VM-EBK-0007,1,14964.59,0.05,PLN
SO-2026-003962,1,2026-04-09,2026-04-09,PL-POZ-01,C017457,VM-BIK-0013,1,4886.39,0.0,PLN
SO-2026-003963,1,2026-04-09,2026-04-09,PL-POZ-01,C019889,VM-ACC-0014,1,111.97,0.0,PLN
SO-2026-003963,2,2026-04-09,2026-04-09,PL-POZ-01,C019889,VM-CMP-0017,1,508.99,0.0,PLN
SO-2026-003963,3,2026-04-09,2026-04-09,PL-POZ-01,C019889,VM-EBK-0007,1,14964.59,0.0,PLN
SO-2026-003964,1,2026-04-09,2026-04-09,PL-POZ-01,C015427,VM-CMP-0002,4,570.07,0.08,PLN
SO-2026-003964,2,2026-04-09,2026-04-09,PL-POZ-01,C015427,VM-CMP-0005,2,1506.63,0.1,PLN
SO-2026-003964,3,2026-04-09,2026-04-09,PL-POZ-01,C015427,VM-NUT-0002,45,15.26,0.12,PLN
SO-2026-003964,4,2026-04-09,2026-04-09,PL-POZ-01,C015427,VM-APP-0007,6,162.87,0.08,PLN
SO-2026-003965,1,2026-04-09,2026-04-09,PL-POZ-01,C018730,VM-CMP-0013,1,539.53,0.0,PLN
SO-2026-003966,1,2026-04-09,2026-04-09,PL-LDZ-01,C020813,VM-NUT-0003,9,11.19,0.0,PLN
SO-2026-003967,1,2026-04-09,2026-04-09,PL-LDZ-01,C020814,VM-CMP-0002,1,570.07,0.0,PLN
SO-2026-003968,1,2026-04-09,2026-04-09,PL-LDZ-01,C016074,VM-BIK-0009,1,5741.51,0.0,PLN
SO-2026-003969,1,2026-04-09,2026-04-12,PL-WEB-01,C007259,VM-CMP-0006,1,203.59,0.05,PLN
SO-2026-003970,1,2026-04-09,2026-04-11,PL-WEB-01,C020815,VM-BIK-0012,1,12022.57,0.05,PLN
SO-2026-003971,1,2026-04-09,2026-04-10,PL-WEB-01,C017900,VM-BIK-0013,4,4886.39,0.1,PLN
SO-2026-003972,1,2026-04-09,2026-04-11,PL-WEB-01,C020816,VM-ACC-0010,1,254.49,0.0,PLN
SO-2026-003972,2,2026-04-09,2026-04-11,PL-WEB-01,C020816,VM-ACC-0008,2,407.19,0.0,PLN
SO-2026-003973,1,2026-04-09,2026-04-12,PL-WEB-01,C020817,VM-NUT-0001,6,9.15,0.0,PLN
SO-2026-003974,1,2026-04-09,2026-04-13,PL-WEB-01,C020818,VM-EBK-0007,1,14964.59,0.0,PLN
SO-2026-003975,1,2026-04-09,2026-04-12,PL-WEB-01,C016154,VM-EBK-0008,1,15371.79,0.05,PLN
SO-2026-003976,1,2026-04-09,2026-04-10,PL-WEB-01,C010177,VM-BIK-0012,1,12022.57,0.05,PLN
SO-2026-003976,2,2026-04-09,2026-04-10,PL-WEB-01,C010177,VM-BIK-0017,1,1944.37,0.05,PLN
SO-2026-003976,3,2026-04-09,2026-04-10,PL-WEB-01,C010177,VM-CMP-0012,2,549.71,0.05,PLN
SO-2026-003977,1,2026-04-09,2026-04-12,PL-WEB-01,C020819,VM-CMP-0002,1,570.07,0.05,PLN
SO-2026-003978,1,2026-04-09,2026-04-12,PL-WEB-01,C014534,vm-acc-0019,6,50.89,0.1,PLN
SO-2026-003979,1,2026-04-09,2026-04-13,PL-WEB-01,C020820,VM-ACC-0018,10,50.89,0.08,PLN
SO-2026-003980,1,2026-04-09,2026-04-13,PL-WEB-01,C010247,VM-APP-0020,1,183.23,0.05,PLN
SO-2026-003980,2,2026-04-09,2026-04-13,PL-WEB-01,C010247,VM-EBK-0005,1,17764.09,0.1,PLN
SO-2026-003981,1,2026-04-09,2026-04-11,PL-WEB-01,C012254,VM-NUT-0004,6,7.12,0.05,PLN
SO-2026-003981,2,2026-04-09,2026-04-11,PL-WEB-01,C012254,VM-APP-0007,1,162.87,0.05,PLN
SO-2026-003981,3,2026-04-09,2026-04-11,PL-WEB-01,C012254,VM-CMP-0019,2,213.77,0.05,PLN
SO-2026-003982,1,2026-04-09,2026-04-11,PL-WEB-01,C020821,VM-ACC-0002,2,620.97,0.0,PLN
SO-2026-003982,2,2026-04-09,2026-04-11,PL-WEB-01,C020821,VM-APP-0008,1,162.87,0.0,PLN
SO-2026-003982,3,2026-04-09,2026-04-11,PL-WEB-01,C020821,VM-EBK-0011,1,14903.51,0.0,PLN
SO-2026-003983,1,2026-04-09,2026-04-10,PL-WEB-01,C010872,VM-EBK-0005,1,17764.09,0.0,PLN
SO-2026-003984,1,2026-04-09,2026-04-13,PL-WEB-01,C020822,VM-ACC-0021,1,794.03,0.0,PLN
SO-2026-003984,2,2026-04-09,2026-04-13,PL-WEB-01,C020822,VM-BIK-0011,1,8805.69,0.0,PLN
SO-2026-003985,1,2026-04-09,2026-04-12,PL-WEB-01,C020823,VM-BIK-0014,1,3898.93,0.0,PLN
SO-2026-003985,2,2026-04-09,2026-04-12,PL-WEB-01,C020823,VM-BIK-0016,1,3654.61,0.0,PLN
SO-2026-003985,3,2026-04-09,2026-04-12,PL-WEB-01,C020823,VM-CMP-0015,2,936.55,0.0,PLN
SO-2026-003985,4,2026-04-09,2026-04-12,PL-WEB-01,C020823,VM-ACC-0001,2,386.83,0.05,PLN
SO-2026-003986,1,2026-04-09,2026-04-10,PL-MKT-01,C016653,VM-CMP-0013,2,539.53,0.0,PLN
SO-2026-003987,1,2026-04-09,2026-04-10,PL-MKT-01,C018936,VM-CMP-0019,3,213.77,0.0,PLN
SO-2026-003987,2,2026-04-09,2026-04-10,PL-MKT-01,C018936,VM-APP-0006,2,315.57,0.0,PLN
SO-2026-003987,3,2026-04-09,2026-04-10,PL-MKT-01,C018936,VM-CMP-0017,1,508.99,0.0,PLN
SO-2026-003988,1,2026-04-09,2026-04-11,PL-MKT-01,C009512,VM-APP-0010,1,173.05,0.0,PLN
SO-2026-003988,2,2026-04-09,2026-04-11,PL-MKT-01,C009512,VM-ACC-0013,1,173.05,0.0,PLN
SO-2026-003988,3,2026-04-09,2026-04-11,PL-MKT-01,C009512,VM-APP-0007,1,162.87,0.0,PLN
SO-2026-003988,4,2026-04-09,2026-04-11,PL-MKT-01,C009512,VM-CMP-0009,2,356.29,0.0,PLN
SO-2026-003989,1,2026-04-09,2026-04-11,PL-MKT-01,C016383,VM-BIK-0007,1,7176.89,0.0,PLN
SO-2026-003990,1,2026-04-09,2026-04-10,PL-MKT-01,C020190,VM-BIK-0021,1,1272.49,0.1,PLN
SO-2026-003990,2,2026-04-09,2026-04-10,PL-MKT-01,C020190,VM-ACC-0004,1,794.03,0.0,PLN
SO-2026-003991,1,2026-04-09,2026-04-12,PL-MKT-01,C015772,VM-APP-0013,1,447.91,0.0,PLN
SO-2026-003991,2,2026-04-09,2026-04-12,PL-MKT-01,C015772,VM-EBK-0003,1,9253.61,0.0,PLN
SO-2026-003991,3,2026-04-09,2026-04-12,PL-MKT-01,C015772, VM-CMP-0019 ,4,213.77,0.0,PLN
SO-2026-003991,4,2026-04-09,2026-04-12,PL-MKT-01,C015772,VM-ACC-0009,1,407.19,0.0,PLN
SO-2026-003992,1,2026-04-09,2026-04-11,PL-MKT-01,C020746,VM-ACC-0017,2,59.03,0.0,PLN
SO-2026-003993,1,2026-04-09,2026-04-10,PL-MKT-01,C015920,VM-ACC-0017,3,59.03,0.0,PLN
SO-2026-003994,1,2026-04-09,2026-04-10,PL-MKT-01,C020824,VM-NUT-0001,14,9.15,0.0,PLN
SO-2026-003994,2,2026-04-09,2026-04-10,PL-MKT-01,C020824,VM-CMP-0023,2,60.05,0.0,PLN
SO-2026-003994,3,2026-04-09,2026-04-10,PL-MKT-01,C020824,VM-BIK-0012,1,12022.57,0.0,PLN
SO-2026-003995,1,2026-04-09,2026-04-12,PL-MKT-01,C020825,VM-APP-0020,1,183.23,0.0,PLN
SO-2026-003996,1,2026-04-09,2026-04-11,PL-MKT-01,C019976,VM-CMP-0007,1,641.33,0.1,PLN
SO-2026-003996,2,2026-04-09,2026-04-11,PL-MKT-01,C019976,VM-APP-0005,1,183.23,0.0,PLN
SO-2026-003996,3,2026-04-09,2026-04-11,PL-MKT-01,C019976,VM-APP-0002,2,447.91,0.0,PLN
SO-2026-003997,1,2026-04-09,2026-04-13,PL-MKT-01,C020826,VM-ACC-0008,1,407.19,0.05,PLN
SO-2026-003997,2,2026-04-09,2026-04-13,PL-MKT-01,C020826,VM-NUT-0007,10,13.22,0.05,PLN
SO-2026-003998,1,2026-04-09,2026-04-12,PL-MKT-01,C018122,VM-BIK-0019,4,1231.77,0.08,PLN
SO-2026-003999,1,2026-04-09,2026-04-09,CZ-PRG-01,,VM-ACC-0008,2,2348.0,0.0,CZK
SO-2026-003999,2,2026-04-09,2026-04-09,CZ-PRG-01,,VM-EBK-0004,1,65049.0,0.0,CZK
SO-2026-004000,1,2026-04-09,2026-04-09,CZ-PRG-01,C020827,VM-APP-0015,1,3346.0,0.0,CZK
SO-2026-004000,2,2026-04-09,2026-04-09,CZ-PRG-01,C020827,VM-EBK-0003,1,53366.0,0.0,CZK
SO-2026-004000,3,2026-04-09,2026-04-09,CZ-PRG-01,C020827,VM-BIK-0012,1,69334.0,0.0,CZK
SO-2026-004000,4,2026-04-09,2026-04-09,CZ-PRG-01,C020827,VM-ACC-0008,1,2348.0,0.0,CZK
SO-2026-004001,1,2026-04-09,2026-04-09,CZ-PRG-01,C008003,VM-BIK-0013,1,28180.0,0.05,CZK
SO-2026-004002,1,2026-04-09,2026-04-09,CZ-PRG-01,,VM-ACC-0020,1,4755.0,0.0,CZK
SO-2026-004002,2,2026-04-09,2026-04-09,CZ-PRG-01,,VM-APP-0006,3,1820.0,0.0,CZK
SO-2026-004003,1,2026-04-09,2026-04-09,CZ-BRN-01,C020828,VM-APP-0012,1,5108.0,0.0,CZK
SO-2026-004003,2,2026-04-09,2026-04-09,CZ-BRN-01,C020828,VM-CMP-0023,4,346.0,0.0,CZK
SO-2026-004003,3,2026-04-09,2026-04-09,CZ-BRN-01,C020828,VM-ACC-0002,2,3581.0,0.0,CZK
SO-2026-004004,1,2026-04-09,2026-04-09,CZ-BRN-01,,VM-ACC-0007,1,2113.0,0.0,CZK
SO-2026-004004,2,2026-04-09,2026-04-09,CZ-BRN-01,,VM-EBK-0008,1,88649.0,0.0,CZK
SO-2026-004004,3,2026-04-09,2026-04-09,CZ-BRN-01,,VM-APP-0006,1,1820.0,0.0,CZK
SO-2026-004004,4,2026-04-09,2026-04-09,CZ-BRN-01,,VM-ACC-0014,1,646.0,0.0,CZK
SO-2026-004005,1,2026-04-09,2026-04-09,CZ-BRN-01,,VM-NUT-0008,8,59.0,0.0,CZK
SO-2026-004006,1,2026-04-09,2026-04-09,CZ-BRN-01,C015326,VM-BIK-0007,1,41389.0,0.0,CZK
SO-2026-004007,1,2026-04-09,2026-04-12,CZ-WEB-01,C020829,VM-APP-0007,2,939.0,0.0,CZK
SO-2026-004007,2,2026-04-09,2026-04-12,CZ-WEB-01,C020829,VM-ACC-0002,2,3581.0,0.0,CZK
SO-2026-004007,3,2026-04-09,2026-04-12,CZ-WEB-01,C020829,VM-CMP-0009,1,2055.0,0.0,CZK
SO-2026-004007,4,2026-04-09,2026-04-12,CZ-WEB-01,C020829,VM-NUT-0006,4,59.0,0.0,CZK
SO-2026-004008,1,2026-04-09,2026-04-11,CZ-WEB-01,C020830,VM-NUT-0004,12,41.0,0.0,CZK
SO-2026-004009,1,2026-04-09,2026-04-10,CZ-WEB-01,C009218,VM-APP-0005,3,1057.0,0.05,CZK
SO-2026-004010,1,2026-04-09,2026-04-13,CZ-WEB-01,C019418,VM-CMP-0013,1,3111.0,0.0,CZK
SO-2026-004011,1,2026-04-09,2026-04-12,CZ-WEB-01,C020831,VM-CMP-0005,1,8689.0,0.05,CZK
SO-2026-004012,1,2026-04-09,2026-04-10,DE-WEB-01,C020832,VM-BIK-0001,1,3279.54,0.0,EUR
SO-2026-004012,2,2026-04-09,2026-04-10,DE-WEB-01,C020832,VM-EBK-0004,1,2654.3,0.0,EUR
SO-2026-004013,1,2026-04-09,2026-04-10,DE-WEB-01,C017007,VM-CMP-0023,3,14.13,0.0,EUR
SO-2026-004013,2,2026-04-09,2026-04-10,DE-WEB-01,C017007,VM-NUT-0004,9,1.67,0.0,EUR
SO-2026-004014,1,2026-04-09,2026-04-10,DE-WEB-01,C000675,VM-EBK-0003,1,2177.58,0.05,EUR
SO-2026-004014,2,2026-04-09,2026-04-10,DE-WEB-01,C000675,VM-ACC-0015,1,83.84,0.05,EUR
SO-2026-004015,1,2026-04-09,2026-04-10,DE-WEB-01,C020350,VM-APP-0015,1,136.55,0.0,EUR
SO-2026-004015,2,2026-04-09,2026-04-10,DE-WEB-01,C020350,VM-BIK-0002,1,2306.94,0.0,EUR
SO-2026-004016,1,2026-04-09,2026-04-11,DE-WEB-01,C004185,VM-BIK-0004,1,1022.91,0.0,EUR
SO-2026-004016,2,2026-04-09,2026-04-11,DE-WEB-01,C004185,VM-BIK-0012,1,2829.17,0.0,EUR
SO-2026-004017,1,2026-04-09,2026-04-12,DE-WEB-01,C018247,VM-NUT-0004,9,1.67,0.05,EUR
SO-2026-004018,1,2026-04-09,2026-04-13,DE-WEB-01,C020833,VM-BIK-0009,1,1351.1,0.0,EUR
SO-2026-004018,2,2026-04-09,2026-04-13,DE-WEB-01,C020833,VM-NUT-0006,6,2.39,0.0,EUR
SO-2026-004018,3,2026-04-09,2026-04-13,DE-WEB-01,C020833,VM-NUT-0009,2,20.36,0.0,EUR
SO-2026-004018,4,2026-04-09,2026-04-13,DE-WEB-01,C020833,VM-ACC-0008,2,95.82,0.0,EUR
SO-2026-004019,1,2026-04-09,2026-04-13,DE-WEB-01,C004561,VM-APP-0011,2,98.22,0.0,EUR
SO-2026-004019,2,2026-04-09,2026-04-13,DE-WEB-01,C004561,VM-BIK-0004,1,1022.91,0.0,EUR
SO-2026-004019,3,2026-04-09,2026-04-13,DE-WEB-01,C004561,VM-NUT-0008,8,2.39,0.0,EUR
SO-2026-004019,4,2026-04-09,2026-04-13,DE-WEB-01,C004561,VM-NUT-0003,12,2.63,0.0,EUR
SO-2026-004020,1,2026-04-09,2026-04-11,DE-WEB-01,C018626,VM-ACC-0008,1,95.82,0.0,EUR
SO-2026-004021,1,2026-04-10,2026-04-10,PL-WAW-01,C019042,VM-ACC-0013,1,173.05,0.05,PLN
SO-2026-004021,2,2026-04-10,2026-04-10,PL-WAW-01,C019042,VM-CMP-0013,2,539.53,0.05,PLN
SO-2026-004021,3,2026-04-10,2026-04-10,PL-WAW-01,C019042,VM-BIK-0012,1,12022.57,0.05,PLN
SO-2026-004022,1,2026-04-10,2026-04-10,PL-WAW-01,C010523,vm-acc-0019,1,50.89,0.05,PLN
SO-2026-004022,2,2026-04-10,2026-04-10,PL-WAW-01,C010523,VM-ACC-0018,1,50.89,0.0,PLN
SO-2026-004022,3,2026-04-10,2026-04-10,PL-WAW-01,C010523,VM-CMP-0009,2,356.29,0.0,PLN
SO-2026-004022,4,2026-04-10,2026-04-10,PL-WAW-01,C010523,VM-ACC-0007,1,366.47,0.0,PLN
SO-2026-004023,1,2026-04-10,2026-04-10,PL-WAW-01,C020834,VM-CMP-0001,1,407.19,0.05,PLN
SO-2026-004024,1,2026-04-10,2026-04-10,PL-WAW-01,C020835,VM-APP-0013,1,447.91,0.0,PLN
SO-2026-004024,2,2026-04-10,2026-04-10,PL-WAW-01,C020835,VM-CMP-0015,1,936.55,0.0,PLN
SO-2026-004025,1,2026-04-10,2026-04-10,PL-WAW-01,C002507,VM-ACC-0003,1,295.21,0.05,PLN
SO-2026-004025,2,2026-04-10,2026-04-10,PL-WAW-01,C002507,VM-EBK-0007,1,14964.59,0.05,PLN
SO-2026-004025,3,2026-04-10,2026-04-10,PL-WAW-01,C002507,VM-CMP-0009,2,356.29,0.05,PLN
SO-2026-004026,1,2026-04-10,2026-04-10,PL-WAW-01,C015565,VM-NUT-0011,9,54.96,0.08,PLN
SO-2026-004026,2,2026-04-10,2026-04-10,PL-WAW-01,C015565,VM-ACC-0008,2,407.19,0.12,PLN
SO-2026-004026,3,2026-04-10,2026-04-10,PL-WAW-01,C015565,VM-NUT-0003,8,11.19,0.08,PLN
SO-2026-004026,4,2026-04-10,2026-04-10,PL-WAW-01,C015565,VM-ACC-0023,5,946.73,0.1,PLN
SO-2026-004027,1,2026-04-10,2026-04-10,PL-WAW-01,C006851,VM-CMP-0005,2,1506.63,0.0,PLN
SO-2026-004027,2,2026-04-10,2026-04-10,PL-WAW-01,C006851,VM-CMP-0001,1,407.19,0.0,PLN
SO-2026-004027,3,2026-04-10,2026-04-10,PL-WAW-01,C006851,VM-BIK-0004,1,4346.85,0.0,PLN
SO-2026-004028,1,2026-04-10,2026-04-10,PL-WAW-01,C017019,VM-ACC-0003,2,295.21,0.0,PLN
SO-2026-004029,1,2026-04-10,2026-04-10,PL-WAW-01,,VM-APP-0006,2,315.57,0.0,PLN
SO-2026-004030,1,2026-04-10,2026-04-10,PL-WAW-02,,VM-CMP-0009,1,356.29,0.0,PLN
SO-2026-004030,2,2026-04-10,2026-04-10,PL-WAW-02,,VM-ACC-0016,1,29.51,0.0,PLN
SO-2026-004031,1,2026-04-10,2026-04-10,PL-WAW-02,,VM-ACC-0007,2,366.47,0.0,PLN
SO-2026-004031,2,2026-04-10,2026-04-10,PL-WAW-02,,VM-EBK-0003,1,9253.61,0.0,PLN
SO-2026-004032,1,2026-04-10,2026-04-10,PL-WAW-02,,VM-APP-0007,2,162.87,0.0,PLN
SO-2026-004032,2,2026-04-10,2026-04-10,PL-WAW-02,,VM-NUT-0004,14,7.12,0.0,PLN
SO-2026-004032,3,2026-04-10,2026-04-10,PL-WAW-02,,VM-EBK-0002,1,10129.09,0.0,PLN
SO-2026-004033,1,2026-04-10,2026-04-10,PL-WAW-02,,VM-CMP-0016,1,2504.27,0.0,PLN
SO-2026-004034,1,2026-04-10,2026-04-10,PL-WAW-02,,VM-BIK-0012,1,12022.57,0.0,PLN
SO-2026-004035,1,2026-04-10,2026-04-10,PL-KRK-01,,VM-BIK-0003,1,6657.71,0.0,PLN
SO-2026-004035,2,2026-04-10,2026-04-10,PL-KRK-01,,VM-ACC-0008,2,407.19,0.0,PLN
SO-2026-004035,3,2026-04-10,2026-04-10,PL-KRK-01,,VM-ACC-0004,2,794.03,0.0,PLN
SO-2026-004035,4,2026-04-10,2026-04-10,PL-KRK-01,,VM-ACC-0019,3,50.89,0.0,PLN
SO-2026-004036,1,2026-04-10,2026-04-10,PL-KRK-01,C020836,VM-NUT-0001,13,9.15,0.0,PLN
SO-2026-004036,2,2026-04-10,2026-04-10,PL-KRK-01,C020836,VM-EBK-0007,1,14964.59,0.0,PLN
SO-2026-004037,1,2026-04-10,2026-04-10,PL-KRK-01,C012536,VM-NUT-0004,9,7.12,0.0,PLN
SO-2026-004038,1,2026-04-10,2026-04-10,PL-KRK-01,,VM-BIK-0007,1,7176.89,0.0,PLN
SO-2026-004038,2,2026-04-10,2026-04-10,PL-KRK-01,,vm-acc-0008,1,407.19,0.0,PLN
SO-2026-004039,1,2026-04-10,2026-04-10,PL-KRK-01,,VM-BIK-0020,1,1231.77,0.0,PLN
SO-2026-004040,1,2026-04-10,2026-04-10,PL-WRO-01,C004985,VM-APP-0004,2,244.31,0.12,PLN
SO-2026-004041,1,2026-04-10,2026-04-10,PL-WRO-01,C020837,VM-APP-0013,1,447.91,0.0,PLN
SO-2026-004042,1,2026-04-10,2026-04-10,PL-WRO-01,C020838,VM-APP-0014,1,498.81,0.0,PLN
SO-2026-004042,2,2026-04-10,2026-04-10,PL-WRO-01,C020838,VM-NUT-0001,3,9.15,0.0,PLN
SO-2026-004042,3,2026-04-10,2026-04-10,PL-WRO-01,C020838,VM-NUT-0003,6,11.19,0.0,PLN
SO-2026-004042,4,2026-04-10,2026-04-10,PL-WRO-01,C020838,VM-BIK-0019,1,1231.77,0.0,PLN
SO-2026-004043,1,2026-04-10,2026-04-10,PL-WRO-01,,VM-APP-0008,1,162.87,0.0,PLN
SO-2026-004044,1,2026-04-10,2026-04-10,PL-WRO-01,C003677,VM-EBK-0011,1,14903.51,0.0,PLN
SO-2026-004044,2,2026-04-10,2026-04-10,PL-WRO-01,C003677,VM-ACC-0001,1,386.83,0.0,PLN
SO-2026-004045,1,2026-04-10,2026-04-10,PL-GDN-01,C009619,VM-EBK-0009,1,10088.37,0.0,PLN
SO-2026-004046,1,2026-04-10,2026-04-10,PL-GDN-01,C000511,VM-CMP-0017,2,508.99,0.0,PLN
SO-2026-004046,2,2026-04-10,2026-04-10,PL-GDN-01,C000511,VM-BIK-0021,1,1272.49,0.0,PLN
SO-2026-004047,1,2026-04-10,2026-04-10,PL-POZ-01,,VM-APP-0010,2,173.05,0.0,PLN
SO-2026-004047,2,2026-04-10,2026-04-10,PL-POZ-01,,VM-BIK-0009,1,5741.51,0.0,PLN
SO-2026-004047,3,2026-04-10,2026-04-10,PL-POZ-01,,VM-NUT-0004,14,7.12,0.0,PLN
SO-2026-004047,4,2026-04-10,2026-04-10,PL-POZ-01,,VM-BIK-0006,1,6708.61,0.0,PLN
SO-2026-004048,1,2026-04-10,2026-04-10,PL-POZ-01,,VM-CMP-0016,2,2504.27,0.0,PLN
SO-2026-004049,1,2026-04-10,2026-04-10,PL-POZ-01,,VM-BIK-0017,1,1944.37,0.0,PLN
SO-2026-004049,2,2026-04-10,2026-04-10,PL-POZ-01,,VM-APP-0002,2,447.91,0.0,PLN
SO-2026-004049,3,2026-04-10,2026-04-10,PL-POZ-01,,VM-ACC-0008,2,407.19,0.0,PLN
SO-2026-004050,1,2026-04-10,2026-04-10,PL-LDZ-01,C020839,VM-EBK-0007,1,14964.59,0.0,PLN
SO-2026-004051,1,2026-04-10,2026-04-10,PL-LDZ-01,,VM-CMP-0011,2,162.87,0.0,PLN
SO-2026-004052,1,2026-04-10,2026-04-12,PL-WEB-01,C020840,VM-NUT-0009,3,86.52,0.0,PLN
SO-2026-004053,1,2026-04-10,2026-04-12,PL-WEB-01,C020841,VM-APP-0012,1,885.65,0.0,PLN
SO-2026-004054,1,2026-04-10,2026-04-14,PL-WEB-01,C020842,VM-CMP-0001,4,407.19,0.1,PLN
SO-2026-004055,1,2026-04-10,2026-04-11,PL-WEB-01,C020843,VM-EBK-0010,1,13732.81,0.0,PLN
SO-2026-004055,2,2026-04-10,2026-04-11,PL-WEB-01,C020843,VM-ACC-0014,1,111.97,0.0,PLN
SO-2026-004055,3,2026-04-10,2026-04-11,PL-WEB-01,C020843,VM-ACC-0008,1,407.19,0.0,PLN
SO-2026-004055,4,2026-04-10,2026-04-11,PL-WEB-01,C020843,VM-ACC-0013,1,173.05,0.0,PLN
SO-2026-004056,1,2026-04-10,2026-04-13,PL-WEB-01,C020844,VM-BIK-0006,1,6708.61,0.0,PLN
SO-2026-004056,2,2026-04-10,2026-04-13,PL-WEB-01,C020844,VM-ACC-0008,2,407.19,0.0,PLN
SO-2026-004057,1,2026-04-10,2026-04-11,PL-WEB-01,C012389,VM-ACC-0008,1,407.19,0.0,PLN
SO-2026-004057,2,2026-04-10,2026-04-11,PL-WEB-01,C012389,VM-APP-0003,2,315.57,0.0,PLN
SO-2026-004057,3,2026-04-10,2026-04-11,PL-WEB-01,C012389,VM-APP-0004,2,244.31,0.0,PLN
SO-2026-004058,1,2026-04-10,2026-04-14,PL-WEB-01,C017360,VM-BIK-0017,1,1944.37,0.0,PLN
SO-2026-004059,1,2026-04-10,2026-04-11,PL-WEB-01,C019685,VM-BIK-0015,1,3145.61,0.05,PLN
SO-2026-004060,1,2026-04-10,2026-04-13,PL-WEB-01,C012471,VM-BIK-0004,1,4346.85,0.0,PLN
SO-2026-004061,1,2026-04-10,2026-04-13,PL-WEB-01,C014742,VM-EBK-0008,1,15371.79,0.0,PLN
SO-2026-004061,2,2026-04-10,2026-04-13,PL-WEB-01,C014742,VM-ACC-0009,2,407.19,0.0,PLN
SO-2026-004061,3,2026-04-10,2026-04-13,PL-WEB-01,C014742,VM-BIK-0007,1,7176.89,0.0,PLN
SO-2026-004061,4,2026-04-10,2026-04-13,PL-WEB-01,C014742,VM-ACC-0017,3,59.03,0.0,PLN
SO-2026-004062,1,2026-04-10,2026-04-14,PL-WEB-01,C020845,VM-APP-0013,1,447.91,0.0,PLN
SO-2026-004062,2,2026-04-10,2026-04-14,PL-WEB-01,C020845,VM-NUT-0008,4,10.17,0.0,PLN
SO-2026-004063,1,2026-04-10,2026-04-13,PL-WEB-01,C010671,VM-APP-0002,3,447.91,0.0,PLN
SO-2026-004063,2,2026-04-10,2026-04-13,PL-WEB-01,C010671,VM-ACC-0009,2,407.19,0.0,PLN
SO-2026-004063,3,2026-04-10,2026-04-13,PL-WEB-01,C010671,VM-EBK-0007,1,14964.59,0.0,PLN
SO-2026-004063,4,2026-04-10,2026-04-13,PL-WEB-01,C010671,VM-ACC-0014,1,111.97,0.0,PLN
SO-2026-004064,1,2026-04-10,2026-04-12,PL-WEB-01,C017329,VM-ACC-0023,1,946.73,0.0,PLN
SO-2026-004065,1,2026-04-10,2026-04-14,PL-MKT-01,C020846,VM-APP-0020,2,183.23,0.0,PLN
SO-2026-004065,2,2026-04-10,2026-04-14,PL-MKT-01,C020846,VM-NUT-0004,13,7.12,0.0,PLN
SO-2026-004065,3,2026-04-10,2026-04-14,PL-MKT-01,C020846,VM-CMP-0005,2,1506.63,0.0,PLN
SO-2026-004066,1,2026-04-10,2026-04-13,PL-MKT-01,C013143,VM-APP-0018,2,132.33,0.0,PLN
SO-2026-004066,2,2026-04-10,2026-04-13,PL-MKT-01,C013143,VM-APP-0008,2,162.87,0.0,PLN
SO-2026-004067,1,2026-04-10,2026-04-11,PL-MKT-01,C015565,VM-ACC-0010,4,254.49,0.08,PLN
SO-2026-004068,1,2026-04-10,2026-04-12,PL-MKT-01,C007016,VM-APP-0020,2,183.23,0.05,PLN
SO-2026-004068,2,2026-04-10,2026-04-12,PL-MKT-01,C007016,VM-BIK-0003,1,6657.71,0.05,PLN
SO-2026-004068,3,2026-04-10,2026-04-12,PL-MKT-01,C007016, VM-CMP-0005 ,2,1506.63,0.05,PLN
SO-2026-004069,1,2026-04-10,2026-04-13,PL-MKT-01,C020847,VM-APP-0008,1,162.87,0.05,PLN
SO-2026-004070,1,2026-04-10,2026-04-13,PL-MKT-01,C020848,vm-app-0013,1,447.91,0.05,PLN
SO-2026-004071,1,2026-04-10,2026-04-12,PL-MKT-01,C014907,VM-EBK-0004,1,11279.43,0.0,PLN
SO-2026-004072,1,2026-04-10,2026-04-10,CZ-PRG-01,C017131,VM-CMP-0005,2,8689.0,0.0,CZK
SO-2026-004072,2,2026-04-10,2026-04-10,CZ-PRG-01,C017131,VM-EBK-0008,1,88649.0,0.0,CZK
SO-2026-004072,3,2026-04-10,2026-04-10,CZ-PRG-01,C017131,VM-CMP-0007,1,3699.0,0.0,CZK
SO-2026-004073,1,2026-04-10,2026-04-10,CZ-PRG-01,C020849,VM-NUT-0001,15,53.0,0.0,CZK
SO-2026-004074,1,2026-04-10,2026-04-10,CZ-PRG-01,,VM-NUT-0004,4,41.0,0.0,CZK
SO-2026-004074,2,2026-04-10,2026-04-10,CZ-PRG-01,,VM-NUT-0001,12,53.0,0.0,CZK
SO-2026-004074,3,2026-04-10,2026-04-10,CZ-PRG-01,,VM-BIK-0008,1,31174.0,0.0,CZK
SO-2026-004075,1,2026-04-10,2026-04-10,CZ-PRG-01,,VM-EBK-0007,1,86301.0,0.0,CZK
SO-2026-004075,2,2026-04-10,2026-04-10,CZ-PRG-01,,VM-ACC-0018,3,293.0,0.0,CZK
SO-2026-004076,1,2026-04-10,2026-04-10,CZ-PRG-01,C017875,VM-EBK-0009,1,58180.0,0.0,CZK
SO-2026-004077,1,2026-04-10,2026-04-10,CZ-BRN-01,C016699,VM-CMP-0006,2,1174.0,0.05,CZK
SO-2026-004077,2,2026-04-10,2026-04-10,CZ-BRN-01,C016699,VM-CMP-0015,1,5401.0,0.05,CZK
SO-2026-004077,3,2026-04-10,2026-04-10,CZ-BRN-01,C016699,VM-BIK-0005,1,43503.0,0.05,CZK
SO-2026-004078,1,2026-04-10,2026-04-12,CZ-WEB-01,C018358,VM-BIK-0004,1,25068.0,0.05,CZK
SO-2026-004078,2,2026-04-10,2026-04-12,CZ-WEB-01,C018358,VM-ACC-0017,1,340.0,0.05,CZK
SO-2026-004079,1,2026-04-10,2026-04-13,CZ-WEB-01,C019484,VM-EBK-0004,1,65049.0,0.05,CZK
SO-2026-004080,1,2026-04-10,2026-04-14,CZ-WEB-01,C017036,VM-EBK-0008,1,88649.0,0.0,CZK
SO-2026-004080,2,2026-04-10,2026-04-14,CZ-WEB-01,C017036,VM-ACC-0019,3,293.0,0.0,CZK
SO-2026-004081,1,2026-04-10,2026-04-11,CZ-WEB-01,C017463,VM-CMP-0006,2,1174.0,0.0,CZK
SO-2026-004081,2,2026-04-10,2026-04-11,CZ-WEB-01,C017463,VM-BIK-0019,1,7104.0,0.0,CZK
SO-2026-004082,1,2026-04-10,2026-04-12,CZ-WEB-01,C016196,VM-ACC-0008,1,2348.0,0.05,CZK
SO-2026-004082,2,2026-04-10,2026-04-12,CZ-WEB-01,C016196,VM-EBK-0003,1,53366.0,0.0,CZK
SO-2026-004082,3,2026-04-10,2026-04-12,CZ-WEB-01,C016196,VM-CMP-0017,1,2935.0,0.0,CZK
SO-2026-004082,4,2026-04-10,2026-04-12,CZ-WEB-01,C016196,VM-NUT-0008,11,59.0,0.0,CZK
SO-2026-004083,1,2026-04-10,2026-04-14,CZ-WEB-01,C020850,VM-CMP-0020,4,1526.0,0.0,CZK
SO-2026-004084,1,2026-04-10,2026-04-11,CZ-WEB-01,C020851,VM-NUT-0003,8,65.0,0.0,CZK
SO-2026-004084,2,2026-04-10,2026-04-11,CZ-WEB-01,C020851,VM-NUT-0007,9,76.0,0.0,CZK
SO-2026-004084,3,2026-04-10,2026-04-11,CZ-WEB-01,C020851,VM-APP-0015,1,3346.0,0.0,CZK
SO-2026-004085,1,2026-04-10,2026-04-10,DE-BER-01,C020852,VM-CMP-0015,2,220.39,0.0,EUR
SO-2026-004085,2,2026-04-10,2026-04-10,DE-BER-01,C020852,VM-BIK-0003,1,1566.7,0.1,EUR
SO-2026-004085,3,2026-04-10,2026-04-10,DE-BER-01,C020852,VM-ACC-0008,1,95.82,0.0,EUR
SO-2026-004086,1,2026-04-10,2026-04-10,DE-BER-01,,VM-APP-0004,1,57.49,0.0,EUR
SO-2026-004086,2,2026-04-10,2026-04-10,DE-BER-01,,VM-ACC-0012,1,17.25,0.0,EUR
SO-2026-004086,3,2026-04-10,2026-04-10,DE-BER-01,,VM-EBK-0009,1,2374.01,0.0,EUR
SO-2026-004087,1,2026-04-10,2026-04-10,DE-BER-01,C019760,VM-NUT-0002,9,3.59,0.05,EUR
SO-2026-004087,2,2026-04-10,2026-04-10,DE-BER-01,C019760,VM-BIK-0003,1,1566.7,0.05,EUR
SO-2026-004087,3,2026-04-10,2026-04-10,DE-BER-01,C019760,VM-ACC-0013,1,40.72,0.05,EUR
SO-2026-004088,1,2026-04-10,2026-04-10,DE-BER-01,C005274,VM-CMP-0002,2,134.15,0.05,EUR
SO-2026-004088,2,2026-04-10,2026-04-10,DE-BER-01,C005274,VM-ACC-0003,2,69.47,0.05,EUR
SO-2026-004088,3,2026-04-10,2026-04-10,DE-BER-01,C005274,VM-NUT-0003,14,2.63,0.05,EUR
SO-2026-004088,4,2026-04-10,2026-04-10,DE-BER-01,C005274,VM-BIK-0004,1,1022.91,0.05,EUR
SO-2026-004089,1,2026-04-10,2026-04-10,DE-BER-01,C020853,VM-EBK-0002,1,2383.6,0.0,EUR
SO-2026-004089,2,2026-04-10,2026-04-10,DE-BER-01,C020853,VM-ACC-0012,1,17.25,0.0,EUR
SO-2026-004090,1,2026-04-10,2026-04-10,DE-BER-01,C018861,VM-ACC-0008,1,95.82,0.0,EUR
SO-2026-004090,2,2026-04-10,2026-04-10,DE-BER-01,C018861,VM-EBK-0003,1,2177.58,0.0,EUR
SO-2026-004091,1,2026-04-10,2026-04-10,DE-BER-01,,VM-ACC-0008,1,95.82,0.0,EUR
SO-2026-004092,1,2026-04-10,2026-04-10,DE-BER-01,,VM-CMP-0013,1,126.96,0.0,EUR
SO-2026-004092,2,2026-04-10,2026-04-10,DE-BER-01,,VM-ACC-0011,2,17.25,0.0,EUR
SO-2026-004092,3,2026-04-10,2026-04-10,DE-BER-01,,VM-APP-0020,2,43.12,0.0,EUR
SO-2026-004093,1,2026-04-10,2026-04-11,DE-WEB-01,C011946,VM-EBK-0008,1,3617.32,0.0,EUR
SO-2026-004094,1,2026-04-10,2026-04-14,DE-WEB-01,C020854,VM-BIK-0002,1,2306.94,0.0,EUR
SO-2026-004095,1,2026-04-10,2026-04-13,DE-WEB-01,C020855,VM-ACC-0019,3,11.98,0.0,EUR
SO-2026-004095,2,2026-04-10,2026-04-13,DE-WEB-01,C020855,VM-ACC-0007,1,86.24,0.0,EUR
SO-2026-004096,1,2026-04-10,2026-04-14,DE-WEB-01,C020856,VM-NUT-0008,7,2.39,0.05,EUR
SO-2026-004096,2,2026-04-10,2026-04-14,DE-WEB-01,C020856,VM-ACC-0014,1,26.35,0.05,EUR
SO-2026-004096,3,2026-04-10,2026-04-14,DE-WEB-01,C020856,VM-EBK-0008,1,3617.32,0.05,EUR
SO-2026-004097,1,2026-04-10,2026-04-13,DE-WEB-01,C020857,VM-NUT-0011,4,12.93,0.0,EUR
SO-2026-004098,1,2026-04-11,2026-04-11,PL-WAW-01,C008061,VM-APP-0007,1,162.87,0.0,PLN
SO-2026-004098,2,2026-04-11,2026-04-11,PL-WAW-01,C008061,VM-APP-0002,3,447.91,0.0,PLN
SO-2026-004098,3,2026-04-11,2026-04-11,PL-WAW-01,C008061,VM-APP-0008,2,162.87,0.0,PLN
SO-2026-004098,4,2026-04-11,2026-04-11,PL-WAW-01,C008061,VM-CMP-0022,3,36.64,0.0,PLN
SO-2026-004099,1,2026-04-11,2026-04-11,PL-WAW-01,,vm-nut-0004,13,7.12,0.05,PLN
SO-2026-004100,1,2026-04-11,2026-04-11,PL-WAW-01,,VM-EBK-0005,1,17764.09,0.0,PLN
SO-2026-004101,1,2026-04-11,2026-04-11,PL-WAW-01,C020212,VM-ACC-0007,1,366.47,0.05,PLN
SO-2026-004102,1,2026-04-11,2026-04-11,PL-WAW-01,,VM-NUT-0001,13,9.15,0.0,PLN
SO-2026-004103,1,2026-04-11,2026-04-11,PL-WAW-01,,VM-NUT-0004,13,7.12,0.0,PLN
SO-2026-004103,2,2026-04-11,2026-04-11,PL-WAW-01,,VM-NUT-0009,4,86.52,0.0,PLN
SO-2026-004103,3,2026-04-11,2026-04-11,PL-WAW-01,,VM-CMP-0005,1,1506.63,0.0,PLN
SO-2026-004104,1,2026-04-11,2026-04-11,PL-WAW-01,C012701,VM-EBK-0008,1,15371.79,0.0,PLN
SO-2026-004105,1,2026-04-11,2026-04-11,PL-WAW-01,,VM-BIK-0007,1,7176.89,0.0,PLN
SO-2026-004105,2,2026-04-11,2026-04-11,PL-WAW-01,,VM-ACC-0008,1,407.19,0.0,PLN
SO-2026-004105,3,2026-04-11,2026-04-11,PL-WAW-01,,VM-ACC-0004,2,794.03,0.0,PLN
SO-2026-004106,1,2026-04-11,2026-04-11,PL-WAW-01,C007807,VM-ACC-0008,1,407.19,0.0,PLN
SO-2026-004106,2,2026-04-11,2026-04-11,PL-WAW-01,C007807,VM-CMP-0012,1,549.71,0.05,PLN
SO-2026-004106,3,2026-04-11,2026-04-11,PL-WAW-01,C007807,VM-NUT-0011,4,54.96,0.0,PLN
SO-2026-004107,1,2026-04-11,2026-04-11,PL-WAW-01,C017275,VM-CMP-0013,1,539.53,0.0,PLN
SO-2026-004108,1,2026-04-11,2026-04-11,PL-WAW-01,C020858,VM-ACC-0014,1,111.97,0.0,PLN
SO-2026-004109,1,2026-04-11,2026-04-11,PL-WAW-01,C015381,VM-ACC-0014,1,111.97,0.0,PLN
SO-2026-004110,1,2026-04-11,2026-04-11,PL-WAW-01,,VM-APP-0019,1,67.18,0.0,PLN
SO-2026-004111,1,2026-04-11,2026-04-11,PL-WAW-01,,VM-EBK-0004,1,11279.43,0.0,PLN
SO-2026-004111,2,2026-04-11,2026-04-11,PL-WAW-01,,VM-APP-0006,2,315.57,0.0,PLN
SO-2026-004111,3,2026-04-11,2026-04-11,PL-WAW-01,,VM-APP-0015,1,580.25,0.0,PLN
SO-2026-004112,1,2026-04-11,2026-04-11,PL-WAW-02,C009266,VM-BIK-0019,1,1231.77,0.0,PLN
SO-2026-004113,1,2026-04-11,2026-04-11,PL-WAW-02,,VM-NUT-0004,5,7.12,0.0,PLN
SO-2026-004114,1,2026-04-11,2026-04-11,PL-WAW-02,,VM-EBK-0005,1,17764.09,0.0,PLN
SO-2026-004114,2,2026-04-11,2026-04-11,PL-WAW-02,,VM-ACC-0018,3,50.89,0.0,PLN
SO-2026-004115,1,2026-04-11,2026-04-11,PL-WAW-02,C000653,VM-EBK-0011,1,14903.51,0.0,PLN
SO-2026-004116,1,2026-04-11,2026-04-11,PL-WAW-02,,VM-APP-0005,2,183.23,0.0,PLN
SO-2026-004116,2,2026-04-11,2026-04-11,PL-WAW-02,,VM-ACC-0008,2,407.19,0.0,PLN
SO-2026-004116,3,2026-04-11,2026-04-11,PL-WAW-02,,VM-ACC-0002,1,620.97,0.0,PLN
SO-2026-004117,1,2026-04-11,2026-04-11,PL-WAW-02,C020859,VM-BIK-0020,4,1231.77,0.08,PLN
SO-2026-004117,2,2026-04-11,2026-04-11,PL-WAW-02,C020859,VM-BIK-0009,5,5741.51,0.1,PLN
SO-2026-004117,3,2026-04-11,2026-04-11,PL-WAW-02,C020859,VM-BIK-0001,4,13936.41,0.08,PLN
SO-2026-004118,1,2026-04-11,2026-04-11,PL-WAW-02,,VM-EBK-0003,1,9253.61,0.0,PLN
SO-2026-004119,1,2026-04-11,2026-04-11,PL-WAW-02,C010336,VM-CMP-0019,6,213.77,0.12,PLN
SO-2026-004119,2,2026-04-11,2026-04-11,PL-WAW-02,C010336,VM-ACC-0008,3,407.19,0.08,PLN
SO-2026-004120,1,2026-04-11,2026-04-11,PL-KRK-01,,VM-ACC-0018,2,50.89,0.0,PLN
SO-2026-004120,2,2026-04-11,2026-04-11,PL-KRK-01,,VM-ACC-0014,1,111.97,0.0,PLN
SO-2026-004121,1,2026-04-11,2026-04-11,PL-KRK-01,,VM-ACC-0014,1,111.97,0.0,PLN
SO-2026-004121,2,2026-04-11,2026-04-11,PL-KRK-01,,VM-BIK-0007,1,7176.89,0.0,PLN
SO-2026-004121,3,2026-04-11,2026-04-11,PL-KRK-01,,VM-EBK-0002,1,10129.09,0.0,PLN
SO-2026-004122,1,2026-04-11,2026-04-11,PL-KRK-01,,VM-CMP-0016,2,2504.27,0.0,PLN
SO-2026-004123,1,2026-04-11,2026-04-11,PL-KRK-01,C007163,VM-NUT-0009,3,86.52,0.0,PLN
SO-2026-004123,2,2026-04-11,2026-04-11,PL-KRK-01,C007163,VM-BIK-0013,1,4886.39,0.0,PLN
SO-2026-004124,1,2026-04-11,2026-04-11,PL-WRO-01,C020860,VM-NUT-0011,1,54.96,0.0,PLN
SO-2026-004124,2,2026-04-11,2026-04-11,PL-WRO-01,C020860,VM-APP-0013,1,447.91,0.0,PLN
SO-2026-004125,1,2026-04-11,2026-04-11,PL-WRO-01,C019411,VM-EBK-0002,1,10129.09,0.05,PLN
SO-2026-004125,2,2026-04-11,2026-04-11,PL-WRO-01,C019411,VM-ACC-0008,1,407.19,0.05,PLN
SO-2026-004126,1,2026-04-11,2026-04-11,PL-WRO-01,C013426,VM-APP-0014,1,498.81,0.1,PLN
SO-2026-004127,1,2026-04-11,2026-04-11,PL-WRO-01,C020861,VM-CMP-0012,1,549.71,0.0,PLN
SO-2026-004127,2,2026-04-11,2026-04-11,PL-WRO-01,C020861,VM-BIK-0007,1,7176.89,0.0,PLN
SO-2026-004127,3,2026-04-11,2026-04-11,PL-WRO-01,C020861,VM-NUT-0001,5,9.15,0.05,PLN
SO-2026-004128,1,2026-04-11,2026-04-11,PL-WRO-01,C020862,VM-EBK-0008,1,15371.79,0.0,PLN
SO-2026-004129,1,2026-04-11,2026-04-11,PL-WRO-01,,VM-APP-0005,2,183.23,0.0,PLN
SO-2026-004130,1,2026-04-11,2026-04-11,PL-WRO-01,C020431,VM-CMP-0011,2,162.87,0.0,PLN
SO-2026-004130,2,2026-04-11,2026-04-11,PL-WRO-01,C020431,VM-ACC-0010,2,254.49,0.0,PLN
SO-2026-004131,1,2026-04-11,2026-04-11,PL-WRO-01,C020863,VM-ACC-0017,3,59.03,0.0,PLN
SO-2026-004131,2,2026-04-11,2026-04-11,PL-WRO-01,C020863,VM-EBK-0011,1,14903.51,0.0,PLN
SO-2026-004132,1,2026-04-11,2026-04-11,PL-GDN-01,C009313,VM-APP-0010,1,173.05,0.0,PLN
SO-2026-004133,1,2026-04-11,2026-04-11,PL-GDN-01,C016053,VM-CMP-0017,1,508.99,0.0,PLN
SO-2026-004134,1,2026-04-11,2026-04-11,PL-GDN-01,,VM-APP-0012,1,885.65,0.0,PLN
SO-2026-004134,2,2026-04-11,2026-04-11,PL-GDN-01,, VM-CMP-0012 ,2,549.71,0.0,PLN
SO-2026-004135,1,2026-04-11,2026-04-11,PL-GDN-01,C014407,VM-BIK-0013,1,4886.39,0.0,PLN
SO-2026-004135,2,2026-04-11,2026-04-11,PL-GDN-01,C014407,VM-ACC-0017,2,59.03,0.0,PLN
SO-2026-004136,1,2026-04-11,2026-04-11,PL-GDN-01,C018589,vm-app-0013,1,447.91,0.0,PLN
SO-2026-004136,2,2026-04-11,2026-04-11,PL-GDN-01,C018589,VM-ACC-0015,1,356.29,0.0,PLN
SO-2026-004136,3,2026-04-11,2026-04-11,PL-GDN-01,C018589,VM-APP-0002,1,447.91,0.0,PLN
SO-2026-004136,4,2026-04-11,2026-04-11,PL-GDN-01,C018589,VM-ACC-0002,2,620.97,0.0,PLN
SO-2026-004137,1,2026-04-11,2026-04-11,PL-GDN-01,C008485,VM-BIK-0007,1,7176.89,0.0,PLN
SO-2026-004138,1,2026-04-11,2026-04-11,PL-POZ-01,C020864,VM-ACC-0008,1,407.19,0.0,PLN
SO-2026-004139,1,2026-04-11,2026-04-11,PL-POZ-01,C018917,VM-APP-0002,1,447.91,0.0,PLN
SO-2026-004139,2,2026-04-11,2026-04-11,PL-POZ-01,C018917,VM-NUT-0011,1,54.96,0.0,PLN
SO-2026-004140,1,2026-04-11,2026-04-11,PL-POZ-01,C016033,VM-NUT-0002,9,15.26,0.0,PLN
SO-2026-004141,1,2026-04-11,2026-04-11,PL-LDZ-01,C017057,VM-APP-0012,1,885.65,0.0,PLN
SO-2026-004141,2,2026-04-11,2026-04-11,PL-LDZ-01,C017057,VM-EBK-0008,1,15371.79,0.0,PLN
SO-2026-004142,1,2026-04-11,2026-04-11,PL-LDZ-01,,VM-NUT-0006,7,10.17,0.0,PLN
SO-2026-004142,2,2026-04-11,2026-04-11,PL-LDZ-01,,VM-ACC-0014,1,111.97,0.0,PLN
SO-2026-004142,3,2026-04-11,2026-04-11,PL-LDZ-01,,VM-BIK-0020,1,1231.77,0.0,PLN
SO-2026-004143,1,2026-04-11,2026-04-11,PL-LDZ-01,,VM-ACC-0013,1,173.05,0.0,PLN
SO-2026-004143,2,2026-04-11,2026-04-11,PL-LDZ-01,,VM-BIK-0005,1,7543.37,0.0,PLN
SO-2026-004144,1,2026-04-11,2026-04-11,PL-LDZ-01,,VM-CMP-0008,2,447.91,0.0,PLN
SO-2026-004144,2,2026-04-11,2026-04-11,PL-LDZ-01,,VM-BIK-0001,1,13936.41,0.0,PLN
SO-2026-004145,1,2026-04-11,2026-04-12,PL-WEB-01,C018414,VM-NUT-0001,15,9.15,0.0,PLN
SO-2026-004145,2,2026-04-11,2026-04-12,PL-WEB-01,C018414,VM-CMP-0008,2,447.91,0.0,PLN
SO-2026-004145,3,2026-04-11,2026-04-12,PL-WEB-01,C018414,VM-ACC-0004,2,794.03,0.0,PLN
SO-2026-004145,4,2026-04-11,2026-04-12,PL-WEB-01,C018414,VM-ACC-0021,1,794.03,0.0,PLN
SO-2026-004146,1,2026-04-11,2026-04-15,PL-WEB-01,C014407,VM-CMP-0011,2,162.87,0.0,PLN
SO-2026-004147,1,2026-04-11,2026-04-14,PL-WEB-01,C020865,VM-ACC-0018,1,50.89,0.0,PLN
SO-2026-004147,2,2026-04-11,2026-04-14,PL-WEB-01,C020865,vm-nut-0004,9,7.12,0.0,PLN
SO-2026-004148,1,2026-04-11,2026-04-12,PL-WEB-01,C020866,VM-EBK-0009,1,10088.37,0.05,PLN
SO-2026-004148,2,2026-04-11,2026-04-12,PL-WEB-01,C020866,VM-APP-0002,1,447.91,0.05,PLN
SO-2026-004149,1,2026-04-11,2026-04-14,PL-WEB-01,C020867,VM-BIK-0010,1,6433.75,0.0,PLN
SO-2026-004150,1,2026-04-11,2026-04-15,PL-WEB-01,C010322,VM-BIK-0007,1,7176.89,0.05,PLN
SO-2026-004151,1,2026-04-11,2026-04-14,PL-WEB-01,C016684,VM-CMP-0009,1,356.29,0.05,PLN
SO-2026-004152,1,2026-04-11,2026-04-15,PL-WEB-01,C017744,VM-CMP-0009,1,356.29,0.0,PLN
SO-2026-004153,1,2026-04-11,2026-04-15,PL-WEB-01,C020868,VM-EBK-0002,1,10129.09,0.05,PLN
SO-2026-004153,2,2026-04-11,2026-04-15,PL-WEB-01,C020868,VM-ACC-0001,2,386.83,0.1,PLN
SO-2026-004154,1,2026-04-11,2026-04-15,PL-WEB-01,C020262,VM-BIK-0001,1,13936.41,0.0,PLN
SO-2026-004154,2,2026-04-11,2026-04-15,PL-WEB-01,C020262, VM-ACC-0008 ,2,407.19,0.0,PLN
SO-2026-004154,3,2026-04-11,2026-04-15,PL-WEB-01,C020262,VM-ACC-0004,1,794.03,0.0,PLN
SO-2026-004154,4,2026-04-11,2026-04-15,PL-WEB-01,C020262,VM-NUT-0002,4,15.26,0.0,PLN
SO-2026-004155,1,2026-04-11,2026-04-15,PL-WEB-01,C017347,VM-NUT-0004,9,7.12,0.0,PLN
SO-2026-004155,2,2026-04-11,2026-04-15,PL-WEB-01,C017347, VM-EBK-0005 ,1,17764.09,0.0,PLN
SO-2026-004156,1,2026-04-11,2026-04-12,PL-MKT-01,C020869,VM-APP-0006,3,315.57,0.0,PLN
SO-2026-004156,2,2026-04-11,2026-04-12,PL-MKT-01,C020869,VM-ACC-0002,1,620.97,0.0,PLN
SO-2026-004156,3,2026-04-11,2026-04-12,PL-MKT-01,C020869,VM-NUT-0008,7,10.17,0.0,PLN
SO-2026-004156,4,2026-04-11,2026-04-12,PL-MKT-01,C020869,VM-BIK-0012,1,12022.57,0.0,PLN
SO-2026-004157,1,2026-04-11,2026-04-12,PL-MKT-01,C009034,vm-acc-0008,1,407.19,0.05,PLN
SO-2026-004158,1,2026-04-11,2026-04-13,PL-MKT-01,C020262,VM-APP-0010,1,173.05,0.0,PLN
SO-2026-004159,1,2026-04-11,2026-04-15,PL-MKT-01,C020870,VM-BIK-0002,1,9803.33,0.05,PLN
SO-2026-004160,1,2026-04-11,2026-04-11,CZ-PRG-01,,VM-NUT-0008,7,59.0,0.0,CZK
SO-2026-004161,1,2026-04-11,2026-04-11,CZ-PRG-01,C020871,VM-ACC-0008,2,2348.0,0.0,CZK
SO-2026-004162,1,2026-04-11,2026-04-11,CZ-PRG-01,C020872,VM-ACC-0009,1,2348.0,0.0,CZK
SO-2026-004163,1,2026-04-11,2026-04-11,CZ-PRG-01,C019575,VM-ACC-0012,1,423.0,0.05,CZK
SO-2026-004163,2,2026-04-11,2026-04-11,CZ-PRG-01,C019575, VM-CMP-0022 ,4,211.0,0.05,CZK
SO-2026-004164,1,2026-04-11,2026-04-11,CZ-PRG-01,,VM-CMP-0009,1,2055.0,0.0,CZK
SO-2026-004164,2,2026-04-11,2026-04-11,CZ-PRG-01,,VM-BIK-0004,1,25068.0,0.0,CZK
SO-2026-004165,1,2026-04-11,2026-04-11,CZ-PRG-01,C020234,VM-BIK-0007,1,41389.0,0.0,CZK
SO-2026-004166,1,2026-04-11,2026-04-11,CZ-PRG-01,C020873, VM-ACC-0006 ,2,5577.0,0.0,CZK
SO-2026-004166,2,2026-04-11,2026-04-11,CZ-PRG-01,C020873,VM-ACC-0023,1,5460.0,0.0,CZK
SO-2026-004167,1,2026-04-11,2026-04-11,CZ-PRG-01,,VM-ACC-0007,1,2113.0,0.0,CZK
SO-2026-004167,2,2026-04-11,2026-04-11,CZ-PRG-01,,VM-APP-0011,2,2407.0,0.0,CZK
SO-2026-004168,1,2026-04-11,2026-04-11,CZ-BRN-01,,VM-ACC-0003,1,1702.0,0.05,CZK
SO-2026-004168,2,2026-04-11,2026-04-11,CZ-BRN-01,,VM-BIK-0012,1,69334.0,0.0,CZK
SO-2026-004168,3,2026-04-11,2026-04-11,CZ-BRN-01,,VM-APP-0006,3,1820.0,0.1,CZK
SO-2026-004169,1,2026-04-11,2026-04-11,CZ-BRN-01,C019484,VM-NUT-0007,5,76.0,0.05,CZK
SO-2026-004170,1,2026-04-11,2026-04-13,CZ-WEB-01,C020874,VM-BIK-0020,1,7104.0,0.0,CZK
SO-2026-004170,2,2026-04-11,2026-04-13,CZ-WEB-01,C020874,VM-ACC-0018,3,293.0,0.0,CZK
SO-2026-004171,1,2026-04-11,2026-04-12,CZ-WEB-01,C009296,VM-ACC-0014,1,646.0,0.0,CZK
SO-2026-004171,2,2026-04-11,2026-04-12,CZ-WEB-01,C009296,vm-acc-0017,1,340.0,0.0,CZK
SO-2026-004171,3,2026-04-11,2026-04-12,CZ-WEB-01,C009296,VM-BIK-0014,1,22485.0,0.0,CZK
SO-2026-004172,1,2026-04-11,2026-04-12,CZ-WEB-01,C020875,VM-EBK-0002,1,58415.0,0.05,CZK
SO-2026-004173,1,2026-04-11,2026-04-15,CZ-WEB-01,C020876,VM-CMP-0005,2,8689.0,0.0,CZK
SO-2026-004173,2,2026-04-11,2026-04-15,CZ-WEB-01,C020876,VM-BIK-0022,1,8219.0,0.0,CZK
SO-2026-004174,1,2026-04-11,2026-04-15,CZ-WEB-01,C020877,VM-APP-0010,1,998.0,0.0,CZK
SO-2026-004175,1,2026-04-11,2026-04-12,CZ-WEB-01,C020827,VM-NUT-0003,8,65.0,0.0,CZK
SO-2026-004175,2,2026-04-11,2026-04-12,CZ-WEB-01,C020827,VM-CMP-0023,3,346.0,0.0,CZK
SO-2026-004175,3,2026-04-11,2026-04-12,CZ-WEB-01,C020827,VM-BIK-0004,1,25068.0,0.0,CZK
SO-2026-004175,4,2026-04-11,2026-04-12,CZ-WEB-01,C020827,VM-NUT-0004,3,41.0,0.0,CZK
SO-2026-004176,1,2026-04-11,2026-04-11,DE-BER-01,C020878,VM-NUT-0004,8,1.67,0.0,EUR
SO-2026-004177,1,2026-04-11,2026-04-11,DE-BER-01,,VM-EBK-0008,1,3617.32,0.0,EUR
SO-2026-004177,2,2026-04-11,2026-04-11,DE-BER-01,,VM-NUT-0004,12,1.67,0.0,EUR
SO-2026-004178,1,2026-04-11,2026-04-11,DE-BER-01,C020879,VM-NUT-0001,3,2.15,0.05,EUR
SO-2026-004179,1,2026-04-11,2026-04-14,DE-WEB-01,C020880,VM-APP-0005,3,43.12,0.05,EUR
SO-2026-004179,2,2026-04-11,2026-04-14,DE-WEB-01,C020880,VM-ACC-0002,1,146.13,0.05,EUR
SO-2026-004180,1,2026-04-11,2026-04-14,DE-WEB-01,C018113,VM-CMP-0012,2,129.36,0.0,EUR
SO-2026-004180,2,2026-04-11,2026-04-14,DE-WEB-01,C018113,VM-NUT-0002,5,3.59,0.0,EUR
SO-2026-004180,3,2026-04-11,2026-04-14,DE-WEB-01,C018113,VM-BIK-0009,1,1351.1,0.0,EUR
SO-2026-004180,4,2026-04-11,2026-04-14,DE-WEB-01,C018113,vm-acc-0021,1,186.85,0.0,EUR
SO-2026-004181,1,2026-04-11,2026-04-14,DE-WEB-01,C020881,VM-ACC-0019,2,11.98,0.0,EUR
SO-2026-004181,2,2026-04-11,2026-04-14,DE-WEB-01,C020881,VM-NUT-0009,1,20.36,0.0,EUR
SO-2026-004181,3,2026-04-11,2026-04-14,DE-WEB-01,C020881,VM-APP-0002,1,105.4,0.0,EUR
SO-2026-004182,1,2026-04-11,2026-04-15,DE-WEB-01,C019210,VM-ACC-0002,1,146.13,0.0,EUR
SO-2026-004182,2,2026-04-11,2026-04-15,DE-WEB-01,C019210, VM-NUT-0004 ,12,1.67,0.0,EUR
SO-2026-004182,3,2026-04-11,2026-04-15,DE-WEB-01,C019210,VM-NUT-0008,9,2.39,0.0,EUR
SO-2026-004183,1,2026-04-11,2026-04-12,DE-WEB-01,C020882,VM-CMP-0013,1,126.96,0.0,EUR
SO-2026-004183,2,2026-04-11,2026-04-12,DE-WEB-01,C020882,VM-APP-0004,2,57.49,0.0,EUR
SO-2026-004184,1,2026-04-11,2026-04-13,DE-WEB-01,C013146,VM-NUT-0008,12,2.39,0.0,EUR
SO-2026-004185,1,2026-04-12,2026-04-14,PL-WEB-01,C020883,VM-APP-0010,2,173.05,0.0,PLN
SO-2026-004186,1,2026-04-12,2026-04-14,PL-WEB-01,C011526,VM-CMP-0001,2,407.19,0.0,PLN
SO-2026-004187,1,2026-04-12,2026-04-16,PL-WEB-01,C020884,VM-EBK-0003,1,9253.61,0.0,PLN
SO-2026-004188,1,2026-04-12,2026-04-15,PL-WEB-01,C020885,VM-NUT-0009,4,86.52,0.0,PLN
SO-2026-004188,2,2026-04-12,2026-04-15,PL-WEB-01,C020885,VM-EBK-0011,1,14903.51,0.0,PLN
SO-2026-004189,1,2026-04-12,2026-04-15,PL-WEB-01,C013606,VM-CMP-0002,2,570.07,0.0,PLN
SO-2026-004190,1,2026-04-12,2026-04-16,PL-WEB-01,C017190,VM-ACC-0007,1,366.47,0.0,PLN
SO-2026-004191,1,2026-04-12,2026-04-13,PL-WEB-01,C020886,VM-EBK-0004,1,11279.43,0.0,PLN
SO-2026-004192,1,2026-04-12,2026-04-14,PL-WEB-01,C020887,VM-APP-0002,1,447.91,0.0,PLN
SO-2026-004192,2,2026-04-12,2026-04-14,PL-WEB-01,C020887,VM-CMP-0021,2,48.85,0.0,PLN
SO-2026-004193,1,2026-04-12,2026-04-15,PL-WEB-01,C020888,VM-APP-0012,1,885.65,0.0,PLN
SO-2026-004193,2,2026-04-12,2026-04-15,PL-WEB-01,C020888,VM-APP-0010,2,173.05,0.0,PLN
SO-2026-004193,3,2026-04-12,2026-04-15,PL-WEB-01,C020888,VM-CMP-0009,1,356.29,0.05,PLN
SO-2026-004194,1,2026-04-12,2026-04-13,PL-WEB-01,C020889,VM-CMP-0015,1,936.55,0.0,PLN
SO-2026-004194,2,2026-04-12,2026-04-13,PL-WEB-01,C020889,VM-NUT-0007,5,13.22,0.0,PLN
SO-2026-004195,1,2026-04-12,2026-04-14,PL-WEB-01,C020430,VM-EBK-0008,1,15371.79,0.0,PLN
SO-2026-004196,1,2026-04-12,2026-04-14,PL-WEB-01,C018381,VM-BIK-0012,1,12022.57,0.0,PLN
SO-2026-004196,2,2026-04-12,2026-04-14,PL-WEB-01,C018381,VM-ACC-0012,1,73.29,0.0,PLN
SO-2026-004197,1,2026-04-12,2026-04-15,PL-WEB-01,C005025,VM-ACC-0020,1,824.57,0.05,PLN
SO-2026-004197,2,2026-04-12,2026-04-15,PL-WEB-01,C005025,VM-ACC-0011,1,73.29,0.05,PLN
SO-2026-004198,1,2026-04-12,2026-04-13,PL-WEB-01,C020890,VM-CMP-0014,2,437.73,0.05,PLN
SO-2026-004198,2,2026-04-12,2026-04-13,PL-WEB-01,C020890,VM-ACC-0017,2,59.03,0.05,PLN
SO-2026-004198,3,2026-04-12,2026-04-13,PL-WEB-01,C020890,VM-CMP-0013,2,539.53,0.05,PLN
SO-2026-004199,1,2026-04-12,2026-04-14,PL-WEB-01,C008213,VM-ACC-0014,1,111.97,0.0,PLN
SO-2026-004200,1,2026-04-12,2026-04-15,PL-WEB-01,C020891,VM-APP-0007,2,162.87,0.0,PLN
SO-2026-004200,2,2026-04-12,2026-04-15,PL-WEB-01,C020891, VM-BIK-0021 ,1,1272.49,0.0,PLN
SO-2026-004200,3,2026-04-12,2026-04-15,PL-WEB-01,C020891,VM-NUT-0006,4,10.17,0.0,PLN
SO-2026-004201,1,2026-04-12,2026-04-16,PL-WEB-01,C019772,VM-CMP-0003,4,244.31,0.12,PLN
SO-2026-004201,2,2026-04-12,2026-04-16,PL-WEB-01,C019772,VM-NUT-0009,9,86.52,0.12,PLN
SO-2026-004202,1,2026-04-12,2026-04-13,PL-WEB-01,C020892, VM-BIK-0012 ,1,12022.57,0.0,PLN
SO-2026-004203,1,2026-04-12,2026-04-15,PL-WEB-01,C020321,VM-ACC-0008,2,407.19,0.05,PLN
SO-2026-004204,1,2026-04-12,2026-04-14,PL-WEB-01,C020893,VM-BIK-0010,1,6433.75,0.0,PLN
SO-2026-004205,1,2026-04-12,2026-04-13,PL-WEB-01,C016576,VM-NUT-0006,25,10.17,0.08,PLN
SO-2026-004206,1,2026-04-12,2026-04-16,PL-MKT-01,C017304,VM-ACC-0008,2,407.19,0.0,PLN
SO-2026-004207,1,2026-04-12,2026-04-13,PL-MKT-01,C016016,VM-NUT-0004,12,7.12,0.0,PLN
SO-2026-004208,1,2026-04-12,2026-04-14,PL-MKT-01,C020526,VM-APP-0002,2,447.91,0.0,PLN
SO-2026-004209,1,2026-04-12,2026-04-16,PL-MKT-01,C013607,VM-NUT-0006,6,10.17,0.0,PLN
SO-2026-004210,1,2026-04-12,2026-04-14,PL-MKT-01,C015397,VM-NUT-0006,12,10.17,0.12,PLN
SO-2026-004210,2,2026-04-12,2026-04-14,PL-MKT-01,C015397,VM-ACC-0001,10,386.83,0.1,PLN
SO-2026-004211,1,2026-04-12,2026-04-13,PL-MKT-01,C020894, VM-NUT-0004 ,13,7.12,0.0,PLN
SO-2026-004211,2,2026-04-12,2026-04-13,PL-MKT-01,C020894,VM-ACC-0011,1,73.29,0.0,PLN
SO-2026-004212,1,2026-04-12,2026-04-13,PL-MKT-01,C020895,VM-NUT-0004,5,7.12,0.0,PLN
SO-2026-004212,2,2026-04-12,2026-04-13,PL-MKT-01,C020895,VM-NUT-0009,2,86.52,0.0,PLN
SO-2026-004212,3,2026-04-12,2026-04-13,PL-MKT-01,C020895,VM-CMP-0019,3,213.77,0.0,PLN
SO-2026-004212,4,2026-04-12,2026-04-13,PL-MKT-01,C020895,VM-ACC-0018,1,50.89,0.0,PLN
SO-2026-004213,1,2026-04-12,2026-04-13,PL-MKT-01,C019159,VM-BIK-0020,1,1231.77,0.05,PLN
SO-2026-004213,2,2026-04-12,2026-04-13,PL-MKT-01,C019159,VM-BIK-0003,1,6657.71,0.05,PLN
SO-2026-004214,1,2026-04-12,2026-04-15,PL-MKT-01,C020896, VM-ACC-0008 ,1,407.19,0.05,PLN
SO-2026-004215,1,2026-04-12,2026-04-13,PL-MKT-01,C006572,VM-BIK-0007,3,7176.89,0.12,PLN
SO-2026-004216,1,2026-04-12,2026-04-12,CZ-PRG-01,,VM-BIK-0019,1,7104.0,0.0,CZK
SO-2026-004216,2,2026-04-12,2026-04-12,CZ-PRG-01,,VM-ACC-0018,2,293.0,0.0,CZK
SO-2026-004216,3,2026-04-12,2026-04-12,CZ-PRG-01,,VM-ACC-0008,2,2348.0,0.0,CZK
SO-2026-004217,1,2026-04-12,2026-04-12,CZ-PRG-01,,VM-BIK-0021,1,7338.0,0.0,CZK
SO-2026-004218,1,2026-04-12,2026-04-12,CZ-PRG-01,,VM-APP-0002,2,2583.0,0.0,CZK
SO-2026-004218,2,2026-04-12,2026-04-12,CZ-PRG-01,,VM-ACC-0001,2,2231.0,0.0,CZK
SO-2026-004219,1,2026-04-12,2026-04-12,CZ-PRG-01,,VM-NUT-0004,10,41.0,0.0,CZK
SO-2026-004219,2,2026-04-12,2026-04-12,CZ-PRG-01,,VM-CMP-0017,1,2935.0,0.0,CZK
SO-2026-004220,1,2026-04-12,2026-04-13,CZ-WEB-01,C020897,VM-BIK-0009,1,33111.0,0.0,CZK
SO-2026-004221,1,2026-04-12,2026-04-14,CZ-WEB-01,C018530,VM-NUT-0003,9,65.0,0.0,CZK
SO-2026-004221,2,2026-04-12,2026-04-14,CZ-WEB-01,C018530,VM-ACC-0017,2,340.0,0.0,CZK
SO-2026-004221,3,2026-04-12,2026-04-14,CZ-WEB-01,C018530,VM-ACC-0014,1,646.0,0.0,CZK
SO-2026-004221,4,2026-04-12,2026-04-14,CZ-WEB-01,C018530,VM-BIK-0001,1,80371.0,0.0,CZK
SO-2026-004222,1,2026-04-12,2026-04-13,CZ-WEB-01,C020898,VM-APP-0010,2,998.0,0.05,CZK
SO-2026-004222,2,2026-04-12,2026-04-13,CZ-WEB-01,C020898,VM-BIK-0015,1,18141.0,0.05,CZK
SO-2026-004223,1,2026-04-12,2026-04-16,CZ-WEB-01,C017875,VM-APP-0006,3,1820.0,0.0,CZK
SO-2026-004224,1,2026-04-12,2026-04-13,CZ-WEB-01,C014291,VM-BIK-0006,1,38689.0,0.0,CZK
SO-2026-004225,1,2026-04-12,2026-04-16,CZ-WEB-01,C009966,VM-BIK-0016,1,21076.0,0.0,CZK
SO-2026-004225,2,2026-04-12,2026-04-16,CZ-WEB-01,C009966,VM-ACC-0013,1,998.0,0.0,CZK
SO-2026-004226,1,2026-04-12,2026-04-16,CZ-WEB-01,C015274,VM-APP-0013,1,2583.0,0.0,CZK
SO-2026-004227,1,2026-04-12,2026-04-14,DE-WEB-01,C017945,VM-ACC-0018,2,11.98,0.0,EUR
SO-2026-004227,2,2026-04-12,2026-04-14,DE-WEB-01,C017945,VM-ACC-0008,2,95.82,0.0,EUR
SO-2026-004227,3,2026-04-12,2026-04-14,DE-WEB-01,C017945,VM-ACC-0020,1,194.04,0.0,EUR
SO-2026-004227,4,2026-04-12,2026-04-14,DE-WEB-01,C017945,VM-CMP-0002,2,134.15,0.0,EUR
SO-2026-004228,1,2026-04-12,2026-04-15,DE-WEB-01,C020899,VM-ACC-0004,1,186.85,0.0,EUR
SO-2026-004228,2,2026-04-12,2026-04-15,DE-WEB-01,C020899,VM-NUT-0008,7,2.39,0.0,EUR
SO-2026-004229,1,2026-04-12,2026-04-16,DE-WEB-01,C020900,VM-EBK-0005,1,4180.28,0.0,EUR
SO-2026-004229,2,2026-04-12,2026-04-16,DE-WEB-01,C020900,VM-ACC-0001,1,91.03,0.0,EUR
SO-2026-004230,1,2026-04-12,2026-04-16,DE-WEB-01,C016707, VM-CMP-0013 ,1,126.96,0.0,EUR
SO-2026-004230,2,2026-04-12,2026-04-16,DE-WEB-01,C016707,VM-CMP-0006,2,47.91,0.0,EUR
SO-2026-004231,1,2026-04-12,2026-04-14,DE-WEB-01,C012676,VM-ACC-0022,1,376.1,0.0,EUR
SO-2026-004232,1,2026-04-12,2026-04-16,DE-WEB-01,C012675,VM-APP-0019,2,15.81,0.05,EUR
SO-2026-004232,2,2026-04-12,2026-04-16,DE-WEB-01,C012675,VM-BIK-0011,1,2072.17,0.05,EUR
SO-2026-004233,1,2026-04-12,2026-04-16,DE-WEB-01,C020901,VM-APP-0020,10,43.12,0.08,EUR
SO-2026-004234,1,2026-04-12,2026-04-13,DE-WEB-01,C017136,VM-APP-0012,1,208.41,0.0,EUR
SO-2026-004234,2,2026-04-12,2026-04-13,DE-WEB-01,C017136,VM-ACC-0015,1,83.84,0.0,EUR
SO-2026-004235,1,2026-04-13,2026-04-13,PL-WAW-01,,VM-APP-0009,2,356.29,0.0,PLN
SO-2026-004235,2,2026-04-13,2026-04-13,PL-WAW-01,,VM-ACC-0018,1,50.89,0.0,PLN
SO-2026-004236,1,2026-04-13,2026-04-13,PL-WAW-01,C020902,VM-BIK-0016,1,3654.61,0.0,PLN
SO-2026-004237,1,2026-04-13,2026-04-13,PL-WAW-01,C008259,VM-CMP-0015,1,936.55,0.0,PLN
SO-2026-004238,1,2026-04-13,2026-04-13,PL-WAW-01,C013492,VM-BIK-0005,1,7543.37,0.0,PLN
SO-2026-004238,2,2026-04-13,2026-04-13,PL-WAW-01,C013492,VM-ACC-0008,1,407.19,0.0,PLN
SO-2026-004239,1,2026-04-13,2026-04-13,PL-WAW-02,C020903,VM-ACC-0020,1,824.57,0.0,PLN
SO-2026-004239,2,2026-04-13,2026-04-13,PL-WAW-02,C020903,VM-APP-0018,2,132.33,0.0,PLN
SO-2026-004239,3,2026-04-13,2026-04-13,PL-WAW-02,C020903,VM-CMP-0015,2,936.55,0.0,PLN
SO-2026-004239,4,2026-04-13,2026-04-13,PL-WAW-02,C020903,VM-BIK-0014,1,3898.93,0.0,PLN
SO-2026-004240,1,2026-04-13,2026-04-13,PL-WAW-02,C020423,VM-BIK-0016,1,3654.61,0.05,PLN
SO-2026-004241,1,2026-04-13,2026-04-13,PL-WAW-02,C020904,VM-BIK-0008,1,5405.57,0.0,PLN
SO-2026-004242,1,2026-04-13,2026-04-13,PL-WAW-02,,VM-ACC-0007,2,366.47,0.0,PLN
SO-2026-004242,2,2026-04-13,2026-04-13,PL-WAW-02,,VM-NUT-0007,10,13.22,0.1,PLN
SO-2026-004242,3,2026-04-13,2026-04-13,PL-WAW-02,,VM-BIK-0005,1,7543.37,0.0,PLN
SO-2026-004243,1,2026-04-13,2026-04-13,PL-WAW-02,,VM-NUT-0002,13,15.26,0.0,PLN
SO-2026-004243,2,2026-04-13,2026-04-13,PL-WAW-02,,VM-ACC-0014,1,111.97,0.0,PLN
SO-2026-004243,3,2026-04-13,2026-04-13,PL-WAW-02,,VM-ACC-0003,1,295.21,0.0,PLN
SO-2026-004243,4,2026-04-13,2026-04-13,PL-WAW-02,,VM-BIK-0019,1,1231.77,0.1,PLN
SO-2026-004244,1,2026-04-13,2026-04-13,PL-WAW-02,,VM-ACC-0007,2,366.47,0.0,PLN
SO-2026-004245,1,2026-04-13,2026-04-13,PL-WAW-02,C020905,VM-APP-0007,1,162.87,0.0,PLN
SO-2026-004246,1,2026-04-13,2026-04-13,PL-KRK-01,,VM-BIK-0016,1,3654.61,0.0,PLN
SO-2026-004247,1,2026-04-13,2026-04-13,PL-KRK-01,,VM-ACC-0008,2,407.19,0.0,PLN
SO-2026-004247,2,2026-04-13,2026-04-13,PL-KRK-01,,VM-CMP-0009,1,356.29,0.0,PLN
SO-2026-004248,1,2026-04-13,2026-04-13,PL-KRK-01,C015183,VM-EBK-0003,1,9253.61,0.0,PLN
SO-2026-004248,2,2026-04-13,2026-04-13,PL-KRK-01,C015183,VM-ACC-0004,1,794.03,0.0,PLN
SO-2026-004248,3,2026-04-13,2026-04-13,PL-KRK-01,C015183,VM-ACC-0018,2,50.89,0.0,PLN
SO-2026-004249,1,2026-04-13,2026-04-13,PL-WRO-01,C020906,VM-EBK-0003,1,9253.61,0.1,PLN
SO-2026-004250,1,2026-04-13,2026-04-13,PL-WRO-01,,VM-NUT-0008,12,10.17,0.0,PLN
SO-2026-004250,2,2026-04-13,2026-04-13,PL-WRO-01,,VM-BIK-0002,1,9803.33,0.0,PLN
SO-2026-004250,3,2026-04-13,2026-04-13,PL-WRO-01,,VM-BIK-0013,1,4886.39,0.0,PLN
SO-2026-004250,4,2026-04-13,2026-04-13,PL-WRO-01,,VM-ACC-0001,2,386.83,0.05,PLN
SO-2026-004251,1,2026-04-13,2026-04-13,PL-WRO-01,C020907,VM-EBK-0007,1,14964.59,0.0,PLN
SO-2026-004251,2,2026-04-13,2026-04-13,PL-WRO-01,C020907,VM-ACC-0011,1,73.29,0.0,PLN
SO-2026-004252,1,2026-04-13,2026-04-13,PL-WRO-01,,VM-CMP-0017,1,508.99,0.0,PLN
SO-2026-004253,1,2026-04-13,2026-04-13,PL-WRO-01,C020848,VM-NUT-0003,6,11.19,0.05,PLN
SO-2026-004253,2,2026-04-13,2026-04-13,PL-WRO-01,C020848,VM-BIK-0019,1,1231.77,0.05,PLN
SO-2026-004254,1,2026-04-13,2026-04-13,PL-WRO-01,C020908,VM-BIK-0007,1,7176.89,0.0,PLN
SO-2026-004254,2,2026-04-13,2026-04-13,PL-WRO-01,C020908,VM-ACC-0021,1,794.03,0.0,PLN
SO-2026-004255,1,2026-04-13,2026-04-13,PL-GDN-01,C017311,VM-APP-0002,1,447.91,0.0,PLN
SO-2026-004255,2,2026-04-13,2026-04-13,PL-GDN-01,C017311,vm-acc-0010,2,254.49,0.0,PLN
SO-2026-004256,1,2026-04-13,2026-04-13,PL-GDN-01,C011059,VM-EBK-0005,1,17764.09,0.05,PLN
SO-2026-004256,2,2026-04-13,2026-04-13,PL-GDN-01,C011059,VM-APP-0006,2,315.57,0.05,PLN
SO-2026-004257,1,2026-04-13,2026-04-13,PL-GDN-01,C020475,VM-NUT-0001,11,9.15,0.0,PLN
SO-2026-004257,2,2026-04-13,2026-04-13,PL-GDN-01,C020475,VM-EBK-0005,1,17764.09,0.0,PLN
SO-2026-004258,1,2026-04-13,2026-04-13,PL-GDN-01,C020909,VM-NUT-0009,4,86.52,0.0,PLN
SO-2026-004258,2,2026-04-13,2026-04-13,PL-GDN-01,C020909,VM-BIK-0003,1,6657.71,0.0,PLN
SO-2026-004259,1,2026-04-13,2026-04-13,PL-POZ-01,,VM-ACC-0003,2,295.21,0.0,PLN
SO-2026-004260,1,2026-04-13,2026-04-13,PL-POZ-01,C020910,VM-APP-0009,2,356.29,0.0,PLN
SO-2026-004261,1,2026-04-13,2026-04-13,PL-LDZ-01,C019646,VM-EBK-0002,1,10129.09,0.05,PLN
SO-2026-004262,1,2026-04-13,2026-04-17,PL-WEB-01,C020911,VM-NUT-0006,6,10.17,0.05,PLN
SO-2026-004263,1,2026-04-13,2026-04-17,PL-WEB-01,C008709,VM-APP-0020,1,183.23,0.05,PLN
SO-2026-004263,2,2026-04-13,2026-04-17,PL-WEB-01,C008709,VM-BIK-0007,1,7176.89,0.05,PLN
SO-2026-004263,3,2026-04-13,2026-04-17,PL-WEB-01,C008709,VM-ACC-0017,1,59.03,0.05,PLN
SO-2026-004263,4,2026-04-13,2026-04-17,PL-WEB-01,C008709,VM-ACC-0008,1,407.19,0.05,PLN
SO-2026-004264,1,2026-04-13,2026-04-16,PL-WEB-01,C015771,VM-ACC-0007,2,366.47,0.0,PLN
SO-2026-004265,1,2026-04-13,2026-04-15,PL-WEB-01,C020912,VM-ACC-0005,2,183.23,0.0,PLN
SO-2026-004266,1,2026-04-13,2026-04-16,PL-WEB-01,C016848,VM-CMP-0009,1,356.29,0.0,PLN
SO-2026-004267,1,2026-04-13,2026-04-17,PL-WEB-01,C020240,VM-APP-0007,1,162.87,0.0,PLN
SO-2026-004268,1,2026-04-13,2026-04-15,PL-WEB-01,C017513,VM-NUT-0004,14,7.12,0.0,PLN
SO-2026-004269,1,2026-04-13,2026-04-15,PL-WEB-01,C007969,VM-NUT-0006,11,10.17,0.0,PLN
SO-2026-004269,2,2026-04-13,2026-04-15,PL-WEB-01,C007969,VM-ACC-0002,1,620.97,0.0,PLN
SO-2026-004270,1,2026-04-13,2026-04-16,PL-WEB-01,C011550, VM-APP-0010 ,1,173.05,0.0,PLN
SO-2026-004271,1,2026-04-13,2026-04-16,PL-WEB-01,C015920,VM-APP-0010,1,173.05,0.0,PLN
SO-2026-004272,1,2026-04-13,2026-04-15,PL-WEB-01,C018033,VM-NUT-0001,11,9.15,0.0,PLN
SO-2026-004272,2,2026-04-13,2026-04-15,PL-WEB-01,C018033,VM-NUT-0006,4,10.17,0.0,PLN
SO-2026-004272,3,2026-04-13,2026-04-15,PL-WEB-01,C018033,VM-APP-0011,1,417.37,0.0,PLN
SO-2026-004273,1,2026-04-13,2026-04-15,PL-WEB-01,C020913,VM-BIK-0007,1,7176.89,0.0,PLN
SO-2026-004273,2,2026-04-13,2026-04-15,PL-WEB-01,C020913,VM-ACC-0013,1,173.05,0.0,PLN
SO-2026-004274,1,2026-04-13,2026-04-14,PL-WEB-01,C020914,VM-CMP-0020,3,264.67,0.0,PLN
SO-2026-004275,1,2026-04-13,2026-04-17,PL-WEB-01,C009839,VM-APP-0020,1,183.23,0.05,PLN
SO-2026-004276,1,2026-04-13,2026-04-17,PL-WEB-01,C020915,VM-BIK-0012,1,12022.57,0.0,PLN
SO-2026-004277,1,2026-04-13,2026-04-15,PL-WEB-01,C017154,VM-ACC-0018,2,50.89,0.05,PLN
SO-2026-004278,1,2026-04-13,2026-04-15,PL-MKT-01,C020916, VM-CMP-0013 ,2,539.53,0.0,PLN
SO-2026-004278,2,2026-04-13,2026-04-15,PL-MKT-01,C020916,VM-NUT-0009,1,86.52,0.05,PLN
SO-2026-004279,1,2026-04-13,2026-04-15,PL-MKT-01,C020184,VM-CMP-0017,1,508.99,0.0,PLN
SO-2026-004279,2,2026-04-13,2026-04-15,PL-MKT-01,C020184,VM-BIK-0020,1,1231.77,0.0,PLN
SO-2026-004280,1,2026-04-13,2026-04-14,PL-MKT-01,C014643,VM-BIK-0007,5,7176.89,0.12,PLN
SO-2026-004281,1,2026-04-13,2026-04-16,PL-MKT-01,C020917,VM-ACC-0011,2,73.29,0.0,PLN
SO-2026-004281,2,2026-04-13,2026-04-16,PL-MKT-01,C020917,VM-ACC-0008,1,407.19,0.0,PLN
SO-2026-004281,3,2026-04-13,2026-04-16,PL-MKT-01,C020917,VM-ACC-0003,2,295.21,0.0,PLN
SO-2026-004281,4,2026-04-13,2026-04-16,PL-MKT-01,C020917,VM-EBK-0007,1,14964.59,0.0,PLN
SO-2026-004282,1,2026-04-13,2026-04-17,PL-MKT-01,C010541, VM-APP-0008 ,2,162.87,0.0,PLN
SO-2026-004283,1,2026-04-13,2026-04-17,PL-MKT-01,C013742,VM-ACC-0020,1,824.57,0.0,PLN
SO-2026-004284,1,2026-04-13,2026-04-15,PL-MKT-01,C008597,VM-CMP-0015,2,936.55,0.0,PLN
SO-2026-004285,1,2026-04-13,2026-04-17,PL-MKT-01,C019522,VM-APP-0005,3,183.23,0.0,PLN
SO-2026-004286,1,2026-04-13,2026-04-13,CZ-PRG-01,C019601,VM-EBK-0011,4,85949.0,0.12,CZK
SO-2026-004286,2,2026-04-13,2026-04-13,CZ-PRG-01,C019601,VM-ACC-0018,4,293.0,0.12,CZK
SO-2026-004287,1,2026-04-13,2026-04-13,CZ-PRG-01,C017654,VM-EBK-0003,1,53366.0,0.0,CZK
SO-2026-004287,2,2026-04-13,2026-04-13,CZ-PRG-01,C017654,VM-ACC-0014,1,646.0,0.0,CZK
SO-2026-004287,3,2026-04-13,2026-04-13,CZ-PRG-01,C017654,VM-APP-0007,1,939.0,0.0,CZK
SO-2026-004288,1,2026-04-13,2026-04-13,CZ-PRG-01,C018111,VM-EBK-0009,1,58180.0,0.05,CZK
SO-2026-004288,2,2026-04-13,2026-04-13,CZ-PRG-01,C018111,VM-BIK-0007,1,41389.0,0.0,CZK
SO-2026-004289,1,2026-04-13,2026-04-13,CZ-PRG-01,C020918,VM-EBK-0004,1,65049.0,0.0,CZK
SO-2026-004289,2,2026-04-13,2026-04-13,CZ-PRG-01,C020918,VM-ACC-0007,2,2113.0,0.0,CZK
SO-2026-004290,1,2026-04-13,2026-04-16,CZ-WEB-01,C014173,VM-EBK-0009,1,58180.0,0.0,CZK
SO-2026-004291,1,2026-04-13,2026-04-14,CZ-WEB-01,C017959,VM-BIK-0013,1,28180.0,0.05,CZK
SO-2026-004291,2,2026-04-13,2026-04-14,CZ-WEB-01,C017959,VM-ACC-0018,3,293.0,0.05,CZK
SO-2026-004292,1,2026-04-13,2026-04-14,CZ-WEB-01,C020919,VM-BIK-0011,1,50783.0,0.0,CZK
SO-2026-004293,1,2026-04-13,2026-04-14,CZ-WEB-01,C020920,VM-APP-0008,4,939.0,0.12,CZK
SO-2026-004293,2,2026-04-13,2026-04-14,CZ-WEB-01,C020920,VM-EBK-0009,3,58180.0,0.08,CZK
SO-2026-004293,3,2026-04-13,2026-04-14,CZ-WEB-01,C020920,VM-BIK-0007,3,41389.0,0.12,CZK
SO-2026-004294,1,2026-04-13,2026-04-16,CZ-WEB-01,C005739,VM-NUT-0009,4,499.0,0.05,CZK
SO-2026-004294,2,2026-04-13,2026-04-16,CZ-WEB-01,C005739,VM-NUT-0004,9,41.0,0.05,CZK
SO-2026-004294,3,2026-04-13,2026-04-16,CZ-WEB-01,C005739,VM-BIK-0020,1,7104.0,0.05,CZK
SO-2026-004294,4,2026-04-13,2026-04-16,CZ-WEB-01,C005739,VM-ACC-0008,1,2348.0,0.05,CZK
SO-2026-004295,1,2026-04-13,2026-04-17,CZ-WEB-01,C017909,VM-APP-0014,1,2877.0,0.0,CZK
SO-2026-004296,1,2026-04-13,2026-04-15,CZ-WEB-01,C020921,VM-APP-0006,15,1820.0,0.1,CZK
SO-2026-004296,2,2026-04-13,2026-04-15,CZ-WEB-01,C020921,VM-NUT-0006,8,59.0,0.1,CZK
SO-2026-004297,1,2026-04-13,2026-04-17,CZ-WEB-01,C011810,VM-NUT-0003,7,65.0,0.05,CZK
SO-2026-004297,2,2026-04-13,2026-04-17,CZ-WEB-01,C011810,VM-APP-0018,1,763.0,0.05,CZK
SO-2026-004297,3,2026-04-13,2026-04-17,CZ-WEB-01,C011810,VM-CMP-0009,2,2055.0,0.05,CZK
SO-2026-004298,1,2026-04-13,2026-04-17,CZ-WEB-01,C019512,VM-APP-0020,2,1057.0,0.0,CZK
SO-2026-004299,1,2026-04-13,2026-04-15,CZ-WEB-01,C017909,VM-APP-0010,1,998.0,0.0,CZK
SO-2026-004300,1,2026-04-13,2026-04-13,DE-BER-01,C020922,VM-NUT-0009,2,20.36,0.0,EUR
SO-2026-004300,2,2026-04-13,2026-04-13,DE-BER-01,C020922,VM-NUT-0004,8,1.67,0.0,EUR
SO-2026-004301,1,2026-04-13,2026-04-13,DE-BER-01,C015228,VM-CMP-0013,1,126.96,0.0,EUR
SO-2026-004302,1,2026-04-13,2026-04-16,DE-WEB-01,C018246,VM-ACC-0011,2,17.25,0.0,EUR
SO-2026-004302,2,2026-04-13,2026-04-16,DE-WEB-01,C018246,VM-APP-0020,2,43.12,0.0,EUR
SO-2026-004303,1,2026-04-13,2026-04-15,DE-WEB-01,C015934,VM-NUT-0003,10,2.63,0.0,EUR
SO-2026-004304,1,2026-04-13,2026-04-15,DE-WEB-01,C015228,VM-APP-0010,2,40.72,0.0,EUR
SO-2026-004305,1,2026-04-13,2026-04-14,DE-WEB-01,C020923,VM-BIK-0011,5,2072.17,0.08,EUR
SO-2026-004305,2,2026-04-13,2026-04-14,DE-WEB-01,C020923,VM-ACC-0016,3,6.94,0.12,EUR
SO-2026-004305,3,2026-04-13,2026-04-14,DE-WEB-01,C020923,VM-ACC-0002,4,146.13,0.12,EUR
SO-2026-004306,1,2026-04-13,2026-04-17,DE-WEB-01,C020924,VM-APP-0002,1,105.4,0.1,EUR
SO-2026-004306,2,2026-04-13,2026-04-17,DE-WEB-01,C020924,VM-BIK-0002,1,2306.94,0.05,EUR
SO-2026-004306,3,2026-04-13,2026-04-17,DE-WEB-01,C020924,VM-BIK-0012,1,2829.17,0.05,EUR
SO-2026-004307,1,2026-04-13,2026-04-16,DE-WEB-01,C011908,VM-ACC-0007,2,86.24,0.0,EUR
SO-2026-004308,1,2026-04-14,2026-04-14,PL-WAW-01,C020678,VM-APP-0010,1,173.05,0.0,PLN
SO-2026-004309,1,2026-04-14,2026-04-14,PL-WAW-01,,VM-CMP-0006,2,203.59,0.0,PLN
SO-2026-004309,2,2026-04-14,2026-04-14,PL-WAW-01,,VM-BIK-0013,1,4886.39,0.0,PLN
SO-2026-004310,1,2026-04-14,2026-04-14,PL-WAW-01,,VM-EBK-0008,1,15371.79,0.0,PLN
SO-2026-004310,2,2026-04-14,2026-04-14,PL-WAW-01,,VM-BIK-0002,1,9803.33,0.0,PLN
SO-2026-004311,1,2026-04-14,2026-04-14,PL-WAW-01,C020925,VM-ACC-0018,3,50.89,0.0,PLN
SO-2026-004312,1,2026-04-14,2026-04-14,PL-WAW-01,,VM-APP-0004,1,244.31,0.1,PLN
SO-2026-004312,2,2026-04-14,2026-04-14,PL-WAW-01,,VM-EBK-0002,1,10129.09,0.0,PLN
SO-2026-004312,3,2026-04-14,2026-04-14,PL-WAW-01,,VM-CMP-0005,2,1506.63,0.0,PLN
SO-2026-004312,4,2026-04-14,2026-04-14,PL-WAW-01,,VM-ACC-0008,1,407.19,0.0,PLN
SO-2026-004313,1,2026-04-14,2026-04-14,PL-WAW-01,C003585,VM-NUT-0001,3,9.15,0.0,PLN
SO-2026-004313,2,2026-04-14,2026-04-14,PL-WAW-01,C003585,VM-APP-0012,1,885.65,0.0,PLN
SO-2026-004314,1,2026-04-14,2026-04-14,PL-WAW-01,C020926,VM-ACC-0001,2,386.83,0.0,PLN
SO-2026-004314,2,2026-04-14,2026-04-14,PL-WAW-01,C020926,VM-EBK-0003,1,9253.61,0.05,PLN
SO-2026-004315,1,2026-04-14,2026-04-14,PL-WAW-02,,VM-BIK-0019,1,1231.77,0.0,PLN
SO-2026-004315,2,2026-04-14,2026-04-14,PL-WAW-02,,VM-BIK-0012,1,12022.57,0.0,PLN
SO-2026-004315,3,2026-04-14,2026-04-14,PL-WAW-02,,VM-APP-0002,1,447.91,0.0,PLN
SO-2026-004316,1,2026-04-14,2026-04-14,PL-WAW-02,,VM-EBK-0003,1,9253.61,0.0,PLN
SO-2026-004316,2,2026-04-14,2026-04-14,PL-WAW-02,,VM-NUT-0009,2,86.52,0.0,PLN
SO-2026-004317,1,2026-04-14,2026-04-14,PL-WAW-02,C020927,VM-ACC-0017,1,59.03,0.0,PLN
SO-2026-004317,2,2026-04-14,2026-04-14,PL-WAW-02,C020927,VM-ACC-0003,2,295.21,0.0,PLN
SO-2026-004317,3,2026-04-14,2026-04-14,PL-WAW-02,C020927,VM-APP-0010,1,173.05,0.0,PLN
SO-2026-004318,1,2026-04-14,2026-04-14,PL-KRK-01,C018538,VM-APP-0004,1,244.31,0.0,PLN
SO-2026-004318,2,2026-04-14,2026-04-14,PL-KRK-01,C018538,VM-ACC-0018,3,50.89,0.0,PLN
SO-2026-004318,3,2026-04-14,2026-04-14,PL-KRK-01,C018538,VM-NUT-0002,9,15.26,0.0,PLN
SO-2026-004318,4,2026-04-14,2026-04-14,PL-KRK-01,C018538,VM-BIK-0004,1,4346.85,0.0,PLN
SO-2026-004319,1,2026-04-14,2026-04-14,PL-KRK-01,C018404,VM-EBK-0007,1,14964.59,0.0,PLN
SO-2026-004319,2,2026-04-14,2026-04-14,PL-KRK-01,C018404,VM-ACC-0014,1,111.97,0.05,PLN
SO-2026-004320,1,2026-04-14,2026-04-14,PL-KRK-01,C017293,VM-CMP-0012,1,549.71,0.0,PLN
SO-2026-004321,1,2026-04-14,2026-04-14,PL-KRK-01,,VM-BIK-0017,1,1944.37,0.0,PLN
SO-2026-004321,2,2026-04-14,2026-04-14,PL-KRK-01,,VM-EBK-0002,1,10129.09,0.1,PLN
SO-2026-004321,3,2026-04-14,2026-04-14,PL-KRK-01,,VM-APP-0002,2,447.91,0.0,PLN
SO-2026-004321,4,2026-04-14,2026-04-14,PL-KRK-01,,VM-ACC-0008,2,407.19,0.0,PLN
SO-2026-004322,1,2026-04-14,2026-04-14,PL-WRO-01,C020137,VM-APP-0010,2,173.05,0.05,PLN
SO-2026-004322,2,2026-04-14,2026-04-14,PL-WRO-01,C020137,VM-NUT-0006,8,10.17,0.05,PLN
SO-2026-004323,1,2026-04-14,2026-04-14,PL-WRO-01,C013915,VM-EBK-0003,1,9253.61,0.0,PLN
SO-2026-004323,2,2026-04-14,2026-04-14,PL-WRO-01,C013915,VM-ACC-0013,1,173.05,0.0,PLN
SO-2026-004323,3,2026-04-14,2026-04-14,PL-WRO-01,C013915,VM-NUT-0001,14,9.15,0.0,PLN
SO-2026-004324,1,2026-04-14,2026-04-14,PL-WRO-01,C020928,VM-APP-0005,2,183.23,0.0,PLN
SO-2026-004324,2,2026-04-14,2026-04-14,PL-WRO-01,C020928,VM-BIK-0002,1,9803.33,0.0,PLN
SO-2026-004324,3,2026-04-14,2026-04-14,PL-WRO-01,C020928,VM-APP-0008,1,162.87,0.0,PLN
SO-2026-004325,1,2026-04-14,2026-04-14,PL-WRO-01,,VM-ACC-0020,1,824.57,0.0,PLN
SO-2026-004326,1,2026-04-14,2026-04-14,PL-WRO-01,,VM-NUT-0001,6,9.15,0.0,PLN
SO-2026-004327,1,2026-04-14,2026-04-14,PL-GDN-01,C020929,VM-CMP-0006,2,203.59,0.0,PLN
SO-2026-004328,1,2026-04-14,2026-04-14,PL-GDN-01,,VM-EBK-0002,1,10129.09,0.0,PLN
SO-2026-004328,2,2026-04-14,2026-04-14,PL-GDN-01,,VM-CMP-0005,2,1506.63,0.0,PLN
SO-2026-004329,1,2026-04-14,2026-04-14,PL-GDN-01,C018073,vm-ebk-0008,1,15371.79,0.0,PLN
SO-2026-004329,2,2026-04-14,2026-04-14,PL-GDN-01,C018073,VM-APP-0007,1,162.87,0.0,PLN
SO-2026-004329,3,2026-04-14,2026-04-14,PL-GDN-01,C018073,vm-bik-0007,1,7176.89,0.0,PLN
SO-2026-004330,1,2026-04-14,2026-04-14,PL-GDN-01,C020930,VM-CMP-0005,1,1506.63,0.0,PLN
SO-2026-004331,1,2026-04-14,2026-04-14,PL-GDN-01,,VM-EBK-0007,1,14964.59,0.0,PLN
SO-2026-004332,1,2026-04-14,2026-04-14,PL-POZ-01,C018553,VM-EBK-0008,1,15371.79,0.0,PLN
SO-2026-004332,2,2026-04-14,2026-04-14,PL-POZ-01,C018553,VM-ACC-0008,2,407.19,0.0,PLN
SO-2026-004332,3,2026-04-14,2026-04-14,PL-POZ-01,C018553,VM-ACC-0010,1,254.49,0.0,PLN
SO-2026-004333,1,2026-04-14,2026-04-14,PL-POZ-01,C016202,VM-CMP-0023,2,60.05,0.0,PLN
SO-2026-004333,2,2026-04-14,2026-04-14,PL-POZ-01,C016202,VM-BIK-0013,1,4886.39,0.0,PLN
SO-2026-004333,3,2026-04-14,2026-04-14,PL-POZ-01,C016202,VM-NUT-0009,2,86.52,0.0,PLN
SO-2026-004333,4,2026-04-14,2026-04-14,PL-POZ-01,C016202,VM-BIK-0007,1,7176.89,0.0,PLN
SO-2026-004334,1,2026-04-14,2026-04-14,PL-POZ-01,C016026,VM-EBK-0002,1,10129.09,0.0,PLN
SO-2026-004335,1,2026-04-14,2026-04-16,PL-WEB-01,C014505,VM-CMP-0015,1,936.55,0.0,PLN
SO-2026-004335,2,2026-04-14,2026-04-16,PL-WEB-01,C014505,VM-CMP-0013,2,539.53,0.0,PLN
SO-2026-004336,1,2026-04-14,2026-04-15,PL-WEB-01,C020858,VM-ACC-0007,1,366.47,0.0,PLN
SO-2026-004337,1,2026-04-14,2026-04-17,PL-WEB-01,C020931,VM-APP-0007,1,162.87,0.0,PLN
SO-2026-004338,1,2026-04-14,2026-04-17,PL-WEB-01,C020932,VM-NUT-0006,9,10.17,0.0,PLN
SO-2026-004339,1,2026-04-14,2026-04-15,PL-WEB-01,C020933,VM-NUT-0007,9,13.22,0.0,PLN
SO-2026-004339,2,2026-04-14,2026-04-15,PL-WEB-01,C020933,VM-BIK-0012,1,12022.57,0.0,PLN
SO-2026-004340,1,2026-04-14,2026-04-17,PL-WEB-01,C020934,VM-BIK-0013,1,4886.39,0.0,PLN
SO-2026-004341,1,2026-04-14,2026-04-15,PL-WEB-01,C015629,VM-NUT-0004,14,7.12,0.0,PLN
SO-2026-004341,2,2026-04-14,2026-04-15,PL-WEB-01,C015629,VM-BIK-0007,1,7176.89,0.0,PLN
SO-2026-004342,1,2026-04-14,2026-04-18,PL-WEB-01,C020935,VM-EBK-0005,1,17764.09,0.0,PLN
SO-2026-004343,1,2026-04-14,2026-04-17,PL-WEB-01,C020936,VM-NUT-0004,6,7.12,0.0,PLN
SO-2026-004343,2,2026-04-14,2026-04-17,PL-WEB-01,C020936,VM-NUT-0011,4,54.96,0.0,PLN
SO-2026-004344,1,2026-04-14,2026-04-17,PL-WEB-01,C017250,VM-NUT-0007,11,13.22,0.0,PLN
SO-2026-004344,2,2026-04-14,2026-04-17,PL-WEB-01,C017250,VM-NUT-0001,8,9.15,0.0,PLN
SO-2026-004344,3,2026-04-14,2026-04-17,PL-WEB-01,C017250,VM-NUT-0004,3,7.12,0.0,PLN
SO-2026-004345,1,2026-04-14,2026-04-16,PL-WEB-01,C015307,VM-ACC-0019,2,50.89,0.0,PLN
SO-2026-004345,2,2026-04-14,2026-04-16,PL-WEB-01,C015307,VM-CMP-0005,1,1506.63,0.0,PLN
SO-2026-004345,3,2026-04-14,2026-04-16,PL-WEB-01,C015307,VM-ACC-0008,1,407.19,0.0,PLN
SO-2026-004345,4,2026-04-14,2026-04-16,PL-WEB-01,C015307,vm-nut-0006,8,10.17,0.0,PLN
SO-2026-004346,1,2026-04-14,2026-04-15,PL-WEB-01,C006483,VM-ACC-0009,4,407.19,0.12,PLN
SO-2026-004347,1,2026-04-14,2026-04-16,PL-WEB-01,C020937,VM-APP-0005,2,183.23,0.0,PLN
SO-2026-004347,2,2026-04-14,2026-04-16,PL-WEB-01,C020937,VM-APP-0010,2,173.05,0.0,PLN
SO-2026-004348,1,2026-04-14,2026-04-18,PL-WEB-01,C013025,VM-BIK-0012,2,12022.57,0.12,PLN
SO-2026-004349,1,2026-04-14,2026-04-17,PL-WEB-01,C009338,VM-CMP-0017,2,508.99,0.0,PLN
SO-2026-004350,1,2026-04-14,2026-04-17,PL-MKT-01,C012743,VM-CMP-0016,1,2504.27,0.0,PLN
SO-2026-004351,1,2026-04-14,2026-04-15,PL-MKT-01,C003096,VM-APP-0002,3,447.91,0.05,PLN
SO-2026-004352,1,2026-04-14,2026-04-17,PL-MKT-01,C020938,VM-ACC-0005,2,183.23,0.0,PLN
SO-2026-004353,1,2026-04-14,2026-04-15,PL-MKT-01,C020939,VM-NUT-0004,11,7.12,0.05,PLN
SO-2026-004353,2,2026-04-14,2026-04-15,PL-MKT-01,C020939,VM-BIK-0011,1,8805.69,0.05,PLN
SO-2026-004354,1,2026-04-14,2026-04-18,PL-MKT-01,C016137,VM-NUT-0004,9,7.12,0.0,PLN
SO-2026-004355,1,2026-04-14,2026-04-15,PL-MKT-01,C020843,VM-ACC-0023,1,946.73,0.1,PLN
SO-2026-004355,2,2026-04-14,2026-04-15,PL-MKT-01,C020843,VM-EBK-0002,1,10129.09,0.0,PLN
SO-2026-004356,1,2026-04-14,2026-04-14,CZ-PRG-01,C020920,VM-ACC-0008,3,2348.0,0.12,CZK
SO-2026-004357,1,2026-04-14,2026-04-14,CZ-PRG-01,,vm-ebk-0007,1,86301.0,0.0,CZK
SO-2026-004358,1,2026-04-14,2026-04-14,CZ-PRG-01,C020040,VM-CMP-0019,4,1233.0,0.0,CZK
SO-2026-004358,2,2026-04-14,2026-04-14,CZ-PRG-01,C020040,VM-ACC-0008,2,2348.0,0.0,CZK
SO-2026-004359,1,2026-04-14,2026-04-14,CZ-PRG-01,C020940,VM-CMP-0013,2,3111.0,0.0,CZK
SO-2026-004360,1,2026-04-14,2026-04-14,CZ-PRG-01,C015644,VM-BIK-0014,1,22485.0,0.05,CZK
SO-2026-004361,1,2026-04-14,2026-04-14,CZ-PRG-01,C013862,VM-ACC-0008,2,2348.0,0.05,CZK
SO-2026-004361,2,2026-04-14,2026-04-14,CZ-PRG-01,C013862,VM-CMP-0013,2,3111.0,0.05,CZK
SO-2026-004362,1,2026-04-14,2026-04-14,CZ-BRN-01,C020941,VM-CMP-0017,1,2935.0,0.0,CZK
SO-2026-004362,2,2026-04-14,2026-04-14,CZ-BRN-01,C020941,VM-EBK-0002,1,58415.0,0.0,CZK
SO-2026-004362,3,2026-04-14,2026-04-14,CZ-BRN-01,C020941,vm-bik-0012,1,69334.0,0.0,CZK
SO-2026-004363,1,2026-04-14,2026-04-14,CZ-BRN-01,,VM-NUT-0007,12,76.0,0.0,CZK
SO-2026-004363,2,2026-04-14,2026-04-14,CZ-BRN-01,,VM-NUT-0001,5,53.0,0.0,CZK
SO-2026-004364,1,2026-04-14,2026-04-17,CZ-WEB-01,C020942,VM-NUT-0002,13,88.0,0.0,CZK
SO-2026-004365,1,2026-04-14,2026-04-15,CZ-WEB-01,C020752,VM-APP-0015,1,3346.0,0.05,CZK
SO-2026-004366,1,2026-04-14,2026-04-15,CZ-WEB-01,C020943,VM-APP-0013,1,2583.0,0.0,CZK
SO-2026-004366,2,2026-04-14,2026-04-15,CZ-WEB-01,C020943,VM-EBK-0011,1,85949.0,0.0,CZK
SO-2026-004367,1,2026-04-14,2026-04-18,CZ-WEB-01,C020414,VM-BIK-0020,1,7104.0,0.05,CZK
SO-2026-004368,1,2026-04-14,2026-04-17,CZ-WEB-01,C010003,VM-APP-0002,3,2583.0,0.05,CZK
SO-2026-004368,2,2026-04-14,2026-04-17,CZ-WEB-01,C010003,VM-NUT-0001,11,53.0,0.05,CZK
SO-2026-004369,1,2026-04-14,2026-04-14,DE-BER-01,C020944,VM-APP-0014,1,117.38,0.0,EUR
SO-2026-004369,2,2026-04-14,2026-04-14,DE-BER-01,C020944,VM-ACC-0018,1,11.98,0.0,EUR
SO-2026-004370,1,2026-04-14,2026-04-14,DE-BER-01,C020945,VM-CMP-0015,1,220.39,0.0,EUR
SO-2026-004371,1,2026-04-14,2026-04-14,DE-BER-01,C017141,VM-BIK-0010,1,1514.0,0.0,EUR
SO-2026-004372,1,2026-04-14,2026-04-15,DE-WEB-01,C007106,VM-NUT-0009,4,20.36,0.12,EUR
SO-2026-004372,2,2026-04-14,2026-04-15,DE-WEB-01,C007106,VM-ACC-0007,6,86.24,0.1,EUR
SO-2026-004373,1,2026-04-14,2026-04-17,DE-WEB-01,C001624,VM-ACC-0006,2,227.58,0.0,EUR
SO-2026-004374,1,2026-04-14,2026-04-15,DE-WEB-01,C019347,VM-ACC-0008,1,95.82,0.0,EUR
SO-2026-004375,1,2026-04-14,2026-04-15,DE-WEB-01,C017377,VM-BIK-0020,1,289.86,0.0,EUR
SO-2026-004376,1,2026-04-14,2026-04-16,DE-WEB-01,C020946,VM-CMP-0021,20,11.5,0.08,EUR
SO-2026-004376,2,2026-04-14,2026-04-16,DE-WEB-01,C020946,VM-ACC-0017,6,13.89,0.08,EUR
SO-2026-004377,1,2026-04-15,2026-04-15,PL-WAW-01,C020947,VM-ACC-0006,2,967.09,0.0,PLN
SO-2026-004378,1,2026-04-15,2026-04-15,PL-WAW-01,C020948,VM-NUT-0004,8,7.12,0.0,PLN
SO-2026-004378,2,2026-04-15,2026-04-15,PL-WAW-01,C020948,VM-APP-0020,1,183.23,0.0,PLN
SO-2026-004379,1,2026-04-15,2026-04-15,PL-WAW-01,C020949,VM-APP-0018,1,132.33,0.05,PLN
SO-2026-004380,1,2026-04-15,2026-04-15,PL-WAW-01,C019265,VM-ACC-0008,1,407.19,0.0,PLN
SO-2026-004380,2,2026-04-15,2026-04-15,PL-WAW-01,C019265,VM-NUT-0009,4,86.52,0.05,PLN
SO-2026-004380,3,2026-04-15,2026-04-15,PL-WAW-01,C019265,VM-APP-0002,2,447.91,0.0,PLN
SO-2026-004381,1,2026-04-15,2026-04-15,PL-WAW-02,C020950,VM-ACC-0008,2,407.19,0.1,PLN
SO-2026-004382,1,2026-04-15,2026-04-15,PL-WAW-02,C019443,VM-ACC-0014,1,111.97,0.1,PLN
SO-2026-004382,2,2026-04-15,2026-04-15,PL-WAW-02,C019443,VM-CMP-0005,2,1506.63,0.0,PLN
SO-2026-004382,3,2026-04-15,2026-04-15,PL-WAW-02,C019443,VM-NUT-0009,2,86.52,0.0,PLN
SO-2026-004383,1,2026-04-15,2026-04-15,PL-KRK-01,C012164,VM-APP-0004,3,244.31,0.1,PLN
SO-2026-004383,2,2026-04-15,2026-04-15,PL-KRK-01,C012164,VM-BIK-0016,2,3654.61,0.1,PLN
SO-2026-004384,1,2026-04-15,2026-04-15,PL-KRK-01,,VM-ACC-0018,3,50.89,0.0,PLN
SO-2026-004384,2,2026-04-15,2026-04-15,PL-KRK-01,,VM-APP-0020,2,183.23,0.0,PLN
SO-2026-004384,3,2026-04-15,2026-04-15,PL-KRK-01,,VM-CMP-0013,1,539.53,0.0,PLN
SO-2026-004385,1,2026-04-15,2026-04-15,PL-KRK-01,C019213,VM-NUT-0001,5,9.15,0.0,PLN
SO-2026-004385,2,2026-04-15,2026-04-15,PL-KRK-01,C019213,VM-EBK-0008,1,15371.79,0.0,PLN
SO-2026-004385,3,2026-04-15,2026-04-15,PL-KRK-01,C019213,VM-EBK-0005,1,17764.09,0.0,PLN
SO-2026-004386,1,2026-04-15,2026-04-15,PL-KRK-01,C020951,VM-NUT-0004,7,7.12,0.05,PLN
SO-2026-004386,2,2026-04-15,2026-04-15,PL-KRK-01,C020951,VM-APP-0010,1,173.05,0.05,PLN
SO-2026-004387,1,2026-04-15,2026-04-15,PL-KRK-01,C018820,VM-BIK-0013,1,4886.39,0.1,PLN
SO-2026-004387,2,2026-04-15,2026-04-15,PL-KRK-01,C018820,VM-NUT-0008,12,10.17,0.0,PLN
SO-2026-004387,3,2026-04-15,2026-04-15,PL-KRK-01,C018820,VM-ACC-0014,1,111.97,0.0,PLN
SO-2026-004387,4,2026-04-15,2026-04-15,PL-KRK-01,C018820,VM-CMP-0019,3,213.77,0.0,PLN
SO-2026-004388,1,2026-04-15,2026-04-15,PL-WRO-01,C020189,VM-APP-0006,1,315.57,0.0,PLN
SO-2026-004388,2,2026-04-15,2026-04-15,PL-WRO-01,C020189,VM-ACC-0018,3,50.89,0.0,PLN
SO-2026-004389,1,2026-04-15,2026-04-15,PL-WRO-01,,VM-CMP-0019,2,213.77,0.0,PLN
SO-2026-004390,1,2026-04-15,2026-04-15,PL-WRO-01,C011609,VM-ACC-0008,2,407.19,0.0,PLN
SO-2026-004390,2,2026-04-15,2026-04-15,PL-WRO-01,C011609,VM-ACC-0001,1,386.83,0.0,PLN
SO-2026-004391,1,2026-04-15,2026-04-15,PL-WRO-01,C018648,VM-ACC-0007,2,366.47,0.05,PLN
SO-2026-004392,1,2026-04-15,2026-04-15,PL-WRO-01,C018015,VM-APP-0003,1,315.57,0.0,PLN
SO-2026-004392,2,2026-04-15,2026-04-15,PL-WRO-01,C018015,VM-BIK-0020,1,1231.77,0.0,PLN
SO-2026-004393,1,2026-04-15,2026-04-15,PL-WRO-01,C016128,VM-ACC-0011,2,73.29,0.0,PLN
SO-2026-004393,2,2026-04-15,2026-04-15,PL-WRO-01,C016128,VM-ACC-0014,1,111.97,0.0,PLN
SO-2026-004394,1,2026-04-15,2026-04-15,PL-GDN-01,,vm-bik-0007,1,7176.89,0.0,PLN
SO-2026-004394,2,2026-04-15,2026-04-15,PL-GDN-01,, VM-ACC-0001 ,1,386.83,0.0,PLN
SO-2026-004395,1,2026-04-15,2026-04-15,PL-GDN-01,C020952,VM-EBK-0008,1,15371.79,0.0,PLN
SO-2026-004395,2,2026-04-15,2026-04-15,PL-GDN-01,C020952,VM-EBK-0009,1,10088.37,0.05,PLN
SO-2026-004395,3,2026-04-15,2026-04-15,PL-GDN-01,C020952,VM-ACC-0008,2,407.19,0.0,PLN
SO-2026-004396,1,2026-04-15,2026-04-15,PL-POZ-01,,VM-EBK-0004,1,11279.43,0.0,PLN
SO-2026-004397,1,2026-04-15,2026-04-15,PL-POZ-01,C019138,VM-EBK-0007,1,14964.59,0.0,PLN
SO-2026-004397,2,2026-04-15,2026-04-15,PL-POZ-01,C019138,VM-BIK-0020,1,1231.77,0.0,PLN
SO-2026-004397,3,2026-04-15,2026-04-15,PL-POZ-01,C019138,VM-ACC-0010,1,254.49,0.0,PLN
SO-2026-004397,4,2026-04-15,2026-04-15,PL-POZ-01,C019138,VM-CMP-0008,1,447.91,0.0,PLN
SO-2026-004398,1,2026-04-15,2026-04-15,PL-LDZ-01,,VM-CMP-0005,2,1506.63,0.0,PLN
SO-2026-004399,1,2026-04-15,2026-04-15,PL-LDZ-01,C020953,VM-EBK-0007,1,14964.59,0.05,PLN
SO-2026-004399,2,2026-04-15,2026-04-15,PL-LDZ-01,C020953,VM-ACC-0018,1,50.89,0.05,PLN
SO-2026-004400,1,2026-04-15,2026-04-19,PL-WEB-01,C008899,VM-CMP-0021,3,48.85,0.05,PLN
SO-2026-004400,2,2026-04-15,2026-04-19,PL-WEB-01,C008899,VM-NUT-0007,4,13.22,0.05,PLN
SO-2026-004400,3,2026-04-15,2026-04-19,PL-WEB-01,C008899,VM-ACC-0008,2,407.19,0.05,PLN
SO-2026-004401,1,2026-04-15,2026-04-18,PL-WEB-01,C020954, VM-ACC-0005 ,2,183.23,0.05,PLN
SO-2026-004401,2,2026-04-15,2026-04-18,PL-WEB-01,C020954,VM-ACC-0002,1,620.97,0.05,PLN
SO-2026-004402,1,2026-04-15,2026-04-17,PL-WEB-01,C020955,VM-ACC-0008,1,407.19,0.0,PLN
SO-2026-004403,1,2026-04-15,2026-04-17,PL-WEB-01,C020956,VM-CMP-0013,1,539.53,0.0,PLN
SO-2026-004404,1,2026-04-15,2026-04-17,PL-WEB-01,C014533,VM-ACC-0014,4,111.97,0.08,PLN
SO-2026-004405,1,2026-04-15,2026-04-18,PL-WEB-01,C020957,VM-BIK-0007,1,7176.89,0.0,PLN
SO-2026-004406,1,2026-04-15,2026-04-17,PL-WEB-01,C018471,VM-BIK-0007,1,7176.89,0.0,PLN
SO-2026-004407,1,2026-04-15,2026-04-16,PL-WEB-01,C020958,VM-BIK-0020,1,1231.77,0.05,PLN
SO-2026-004408,1,2026-04-15,2026-04-16,PL-WEB-01,C015968,VM-CMP-0023,3,60.05,0.0,PLN
SO-2026-004409,1,2026-04-15,2026-04-16,PL-MKT-01,C020163,VM-APP-0019,1,67.18,0.05,PLN
SO-2026-004409,2,2026-04-15,2026-04-16,PL-MKT-01,C020163,VM-CMP-0019,4,213.77,0.05,PLN
SO-2026-004409,3,2026-04-15,2026-04-16,PL-MKT-01,C020163,VM-EBK-0004,1,11279.43,0.05,PLN
SO-2026-004409,4,2026-04-15,2026-04-16,PL-MKT-01,C020163,VM-APP-0014,1,498.81,0.05,PLN
SO-2026-004410,1,2026-04-15,2026-04-19,PL-MKT-01,C017926,VM-BIK-0013,1,4886.39,0.05,PLN
SO-2026-004410,2,2026-04-15,2026-04-19,PL-MKT-01,C017926,VM-BIK-0001,1,13936.41,0.05,PLN
SO-2026-004410,3,2026-04-15,2026-04-19,PL-MKT-01,C017926,VM-CMP-0014,1,437.73,0.05,PLN
SO-2026-004410,4,2026-04-15,2026-04-19,PL-MKT-01,C017926,VM-ACC-0013,1,173.05,0.05,PLN
SO-2026-004411,1,2026-04-15,2026-04-17,PL-MKT-01,C016205,VM-EBK-0008,1,15371.79,0.0,PLN
SO-2026-004412,1,2026-04-15,2026-04-17,PL-MKT-01,C020959,VM-EBK-0002,1,10129.09,0.0,PLN
SO-2026-004412,2,2026-04-15,2026-04-17,PL-MKT-01,C020959,VM-ACC-0002,1,620.97,0.0,PLN
SO-2026-004412,3,2026-04-15,2026-04-17,PL-MKT-01,C020959,VM-ACC-0008,1,407.19,0.0,PLN
SO-2026-004413,1,2026-04-15,2026-04-19,PL-MKT-01,C020960,VM-ACC-0003,2,295.21,0.0,PLN
SO-2026-004414,1,2026-04-15,2026-04-15,CZ-PRG-01,C004988,VM-ACC-0010,1,1468.0,0.0,CZK
SO-2026-004414,2,2026-04-15,2026-04-15,CZ-PRG-01,C004988,VM-BIK-0013,1,28180.0,0.0,CZK
SO-2026-004414,3,2026-04-15,2026-04-15,CZ-PRG-01,C004988,VM-EBK-0010,1,79197.0,0.0,CZK
SO-2026-004415,1,2026-04-15,2026-04-15,CZ-PRG-01,,VM-ACC-0008,1,2348.0,0.0,CZK
SO-2026-004415,2,2026-04-15,2026-04-15,CZ-PRG-01,,VM-EBK-0010,1,79197.0,0.0,CZK
SO-2026-004415,3,2026-04-15,2026-04-15,CZ-PRG-01,,VM-APP-0012,1,5108.0,0.0,CZK
SO-2026-004416,1,2026-04-15,2026-04-15,CZ-PRG-01,C005351,VM-ACC-0020,1,4755.0,0.0,CZK
SO-2026-004417,1,2026-04-15,2026-04-15,CZ-PRG-01,C019675,VM-CMP-0009,1,2055.0,0.0,CZK
SO-2026-004418,1,2026-04-15,2026-04-15,CZ-PRG-01,,VM-EBK-0009,1,58180.0,0.0,CZK
SO-2026-004419,1,2026-04-15,2026-04-15,CZ-PRG-01,C014324,VM-APP-0013,1,2583.0,0.0,CZK
SO-2026-004420,1,2026-04-15,2026-04-15,CZ-BRN-01,C016167,vm-acc-0007,2,2113.0,0.0,CZK
SO-2026-004421,1,2026-04-15,2026-04-15,CZ-BRN-01,C017983,VM-APP-0015,1,3346.0,0.0,CZK
SO-2026-004422,1,2026-04-15,2026-04-19,CZ-WEB-01,C020961,VM-ACC-0014,1,646.0,0.0,CZK
SO-2026-004423,1,2026-04-15,2026-04-18,CZ-WEB-01,C020962,VM-APP-0002,1,2583.0,0.0,CZK
SO-2026-004423,2,2026-04-15,2026-04-18,CZ-WEB-01,C020962,VM-NUT-0002,7,88.0,0.1,CZK
SO-2026-004424,1,2026-04-15,2026-04-16,CZ-WEB-01,C020963,VM-ACC-0008,2,2348.0,0.1,CZK
SO-2026-004424,2,2026-04-15,2026-04-16,CZ-WEB-01,C020963,VM-EBK-0003,1,53366.0,0.0,CZK
SO-2026-004424,3,2026-04-15,2026-04-16,CZ-WEB-01,C020963,VM-ACC-0014,1,646.0,0.0,CZK
SO-2026-004424,4,2026-04-15,2026-04-16,CZ-WEB-01,C020963,VM-APP-0015,1,3346.0,0.0,CZK
SO-2026-004425,1,2026-04-15,2026-04-17,CZ-WEB-01,C014039,VM-CMP-0002,2,3288.0,0.0,CZK
SO-2026-004426,1,2026-04-15,2026-04-15,DE-BER-01,,VM-ACC-0020,1,194.04,0.0,EUR
SO-2026-004427,1,2026-04-15,2026-04-17,DE-WEB-01,C020221,VM-CMP-0013,2,126.96,0.0,EUR
SO-2026-004427,2,2026-04-15,2026-04-17,DE-WEB-01,C020221,VM-CMP-0017,2,119.78,0.0,EUR
SO-2026-004428,1,2026-04-15,2026-04-17,DE-WEB-01,C013938,VM-BIK-0009,1,1351.1,0.0,EUR
SO-2026-004428,2,2026-04-15,2026-04-17,DE-WEB-01,C013938,VM-ACC-0008,2,95.82,0.1,EUR
SO-2026-004428,3,2026-04-15,2026-04-17,DE-WEB-01,C013938,VM-ACC-0011,2,17.25,0.0,EUR
SO-2026-004429,1,2026-04-15,2026-04-16,DE-WEB-01,C020964,VM-APP-0007,1,38.33,0.0,EUR
SO-2026-004429,2,2026-04-15,2026-04-16,DE-WEB-01,C020964,VM-BIK-0009,1,1351.1,0.0,EUR
SO-2026-004429,3,2026-04-15,2026-04-16,DE-WEB-01,C020964,VM-ACC-0021,1,186.85,0.0,EUR
SO-2026-004430,1,2026-04-15,2026-04-16,DE-WEB-01,C019858,VM-NUT-0002,10,3.59,0.0,EUR
SO-2026-004430,2,2026-04-15,2026-04-16,DE-WEB-01,C019858,VM-APP-0002,2,105.4,0.05,EUR
SO-2026-004431,1,2026-04-15,2026-04-17,DE-WEB-01,C020965,VM-CMP-0016,2,589.31,0.05,EUR
SO-2026-004432,1,2026-04-15,2026-04-17,DE-WEB-01,C020966,VM-BIK-0013,1,1149.87,0.0,EUR
SO-2026-004432,2,2026-04-15,2026-04-17,DE-WEB-01,C020966,VM-ACC-0003,1,69.47,0.0,EUR
SO-2026-004432,3,2026-04-15,2026-04-17,DE-WEB-01,C020966,VM-APP-0006,2,74.26,0.0,EUR
SO-2026-004433,1,2026-04-15,2026-04-16,DE-WEB-01,C016520,VM-APP-0019,2,15.81,0.0,EUR
SO-2026-004434,1,2026-04-15,2026-04-17,DE-WEB-01,C017377,VM-EBK-0007,1,3521.49,0.0,EUR
SO-2026-004435,1,2026-04-16,2026-04-16,PL-WAW-01,,VM-ACC-0019,1,50.89,0.0,PLN
SO-2026-004436,1,2026-04-16,2026-04-16,PL-WAW-01,C020967,VM-BIK-0019,1,1231.77,0.0,PLN
SO-2026-004436,2,2026-04-16,2026-04-16,PL-WAW-01,C020967,VM-EBK-0008,1,15371.79,0.0,PLN
SO-2026-004437,1,2026-04-16,2026-04-16,PL-WAW-01,C020968,VM-EBK-0007,1,14964.59,0.0,PLN
SO-2026-004438,1,2026-04-16,2026-04-16,PL-WAW-01,,VM-CMP-0013,1,539.53,0.0,PLN
SO-2026-004439,1,2026-04-16,2026-04-16,PL-WAW-02,C020969,VM-CMP-0005,1,1506.63,0.05,PLN
SO-2026-004439,2,2026-04-16,2026-04-16,PL-WAW-02,C020969,VM-APP-0010,2,173.05,0.05,PLN
SO-2026-004440,1,2026-04-16,2026-04-16,PL-WAW-02,C017755,VM-APP-0014,1,498.81,0.05,PLN
SO-2026-004441,1,2026-04-16,2026-04-16,PL-WAW-02,C010998,VM-BIK-0007,1,7176.89,0.0,PLN
SO-2026-004442,1,2026-04-16,2026-04-16,PL-WAW-02,C011547,VM-APP-0007,10,162.87,0.1,PLN
SO-2026-004442,2,2026-04-16,2026-04-16,PL-WAW-02,C011547,VM-BIK-0003,3,6657.71,0.12,PLN
SO-2026-004442,3,2026-04-16,2026-04-16,PL-WAW-02,C011547,VM-CMP-0011,5,162.87,0.08,PLN
SO-2026-004443,1,2026-04-16,2026-04-16,PL-KRK-01,C014407,VM-APP-0019,2,67.18,0.0,PLN
SO-2026-004443,2,2026-04-16,2026-04-16,PL-KRK-01,C014407,VM-ACC-0008,1,407.19,0.0,PLN
SO-2026-004444,1,2026-04-16,2026-04-16,PL-KRK-01,C006776,VM-BIK-0012,1,12022.57,0.05,PLN
SO-2026-004445,1,2026-04-16,2026-04-16,PL-KRK-01,C020970,VM-APP-0010,1,173.05,0.0,PLN
SO-2026-004445,2,2026-04-16,2026-04-16,PL-KRK-01,C020970,VM-BIK-0009,1,5741.51,0.0,PLN
SO-2026-004445,3,2026-04-16,2026-04-16,PL-KRK-01,C020970,VM-APP-0007,2,162.87,0.0,PLN
SO-2026-004445,4,2026-04-16,2026-04-16,PL-KRK-01,C020970,VM-ACC-0018,1,50.89,0.0,PLN
SO-2026-004446,1,2026-04-16,2026-04-16,PL-KRK-01,C012287,VM-NUT-0004,4,7.12,0.0,PLN
SO-2026-004447,1,2026-04-16,2026-04-16,PL-KRK-01,,VM-EBK-0003,1,9253.61,0.0,PLN
SO-2026-004448,1,2026-04-16,2026-04-16,PL-KRK-01,,VM-CMP-0013,2,539.53,0.05,PLN
SO-2026-004449,1,2026-04-16,2026-04-16,PL-WRO-01,C020971,VM-BIK-0013,1,4886.39,0.0,PLN
SO-2026-004450,1,2026-04-16,2026-04-16,PL-GDN-01,,VM-BIK-0013,1,4886.39,0.0,PLN
SO-2026-004451,1,2026-04-16,2026-04-16,PL-GDN-01,,VM-CMP-0017,1,508.99,0.0,PLN
SO-2026-004451,2,2026-04-16,2026-04-16,PL-GDN-01,,VM-ACC-0001,1,386.83,0.0,PLN
SO-2026-004452,1,2026-04-16,2026-04-16,PL-POZ-01,C020972,vm-nut-0004,5,7.12,0.0,PLN
SO-2026-004453,1,2026-04-16,2026-04-16,PL-POZ-01,,VM-APP-0013,1,447.91,0.0,PLN
SO-2026-004454,1,2026-04-16,2026-04-16,PL-POZ-01,C020973,VM-CMP-0013,1,539.53,0.05,PLN
SO-2026-004455,1,2026-04-16,2026-04-16,PL-POZ-01,C020974,VM-NUT-0004,3,7.12,0.0,PLN
SO-2026-004455,2,2026-04-16,2026-04-16,PL-POZ-01,C020974,VM-BIK-0021,1,1272.49,0.0,PLN
SO-2026-004456,1,2026-04-16,2026-04-16,PL-LDZ-01,C018907,VM-BIK-0019,1,1231.77,0.0,PLN
SO-2026-004456,2,2026-04-16,2026-04-16,PL-LDZ-01,C018907,VM-APP-0009,1,356.29,0.0,PLN
SO-2026-004457,1,2026-04-16,2026-04-16,PL-LDZ-01,C018055,VM-NUT-0004,9,7.12,0.1,PLN
SO-2026-004457,2,2026-04-16,2026-04-16,PL-LDZ-01,C018055,VM-APP-0009,1,356.29,0.0,PLN
SO-2026-004458,1,2026-04-16,2026-04-16,PL-LDZ-01,,VM-ACC-0019,2,50.89,0.0,PLN
SO-2026-004459,1,2026-04-16,2026-04-20,PL-WEB-01,C013607,VM-EBK-0011,1,14903.51,0.0,PLN
SO-2026-004459,2,2026-04-16,2026-04-20,PL-WEB-01,C013607,VM-ACC-0018,3,50.89,0.0,PLN
SO-2026-004460,1,2026-04-16,2026-04-20,PL-WEB-01,C020975,VM-BIK-0016,1,3654.61,0.0,PLN
SO-2026-004461,1,2026-04-16,2026-04-18,PL-WEB-01,C018776,VM-APP-0019,2,67.18,0.0,PLN
SO-2026-004462,1,2026-04-16,2026-04-19,PL-WEB-01,C020976,VM-APP-0013,1,447.91,0.0,PLN
SO-2026-004462,2,2026-04-16,2026-04-19,PL-WEB-01,C020976,VM-NUT-0004,13,7.12,0.0,PLN
SO-2026-004462,3,2026-04-16,2026-04-19,PL-WEB-01,C020976,VM-BIK-0012,1,12022.57,0.0,PLN
SO-2026-004463,1,2026-04-16,2026-04-19,PL-WEB-01,C020977,VM-EBK-0004,1,11279.43,0.0,PLN
SO-2026-004463,2,2026-04-16,2026-04-19,PL-WEB-01,C020977,VM-ACC-0004,2,794.03,0.0,PLN
SO-2026-004464,1,2026-04-16,2026-04-20,PL-WEB-01,C013402,VM-CMP-0013,1,539.53,0.0,PLN
SO-2026-004464,2,2026-04-16,2026-04-20,PL-WEB-01,C013402,VM-ACC-0008,2,407.19,0.0,PLN
SO-2026-004464,3,2026-04-16,2026-04-20,PL-WEB-01,C013402,vm-acc-0001,1,386.83,0.0,PLN
SO-2026-004465,1,2026-04-16,2026-04-18,PL-WEB-01,C020978,VM-CMP-0017,6,508.99,0.12,PLN
SO-2026-004466,1,2026-04-16,2026-04-18,PL-WEB-01,C007301,VM-BIK-0020,1,1231.77,0.0,PLN
SO-2026-004466,2,2026-04-16,2026-04-18,PL-WEB-01,C007301,VM-ACC-0007,2,366.47,0.0,PLN
SO-2026-004466,3,2026-04-16,2026-04-18,PL-WEB-01,C007301,VM-EBK-0005,1,17764.09,0.0,PLN
SO-2026-004466,4,2026-04-16,2026-04-18,PL-WEB-01,C007301,VM-NUT-0004,15,7.12,0.0,PLN
SO-2026-004467,1,2026-04-16,2026-04-17,PL-WEB-01,C015230,VM-NUT-0001,10,9.15,0.0,PLN
SO-2026-004467,2,2026-04-16,2026-04-17,PL-WEB-01,C015230,VM-APP-0003,2,315.57,0.0,PLN
SO-2026-004468,1,2026-04-16,2026-04-17,PL-WEB-01,C006506,VM-BIK-0016,2,3654.61,0.1,PLN
SO-2026-004468,2,2026-04-16,2026-04-17,PL-WEB-01,C006506,VM-APP-0010,4,173.05,0.08,PLN
SO-2026-004469,1,2026-04-16,2026-04-20,PL-WEB-01,C007163,VM-CMP-0016,1,2504.27,0.0,PLN
SO-2026-004470,1,2026-04-16,2026-04-20,PL-WEB-01,C020979,VM-EBK-0007,1,14964.59,0.0,PLN
SO-2026-004470,2,2026-04-16,2026-04-20,PL-WEB-01,C020979,VM-EBK-0008,1,15371.79,0.0,PLN
SO-2026-004471,1,2026-04-16,2026-04-20,PL-WEB-01,C014135,VM-CMP-0013,2,539.53,0.05,PLN
SO-2026-004471,2,2026-04-16,2026-04-20,PL-WEB-01,C014135,VM-APP-0002,3,447.91,0.1,PLN
SO-2026-004471,3,2026-04-16,2026-04-20,PL-WEB-01,C014135,VM-APP-0013,1,447.91,0.05,PLN
SO-2026-004471,4,2026-04-16,2026-04-20,PL-WEB-01,C014135,VM-EBK-0002,1,10129.09,0.05,PLN
SO-2026-004472,1,2026-04-16,2026-04-20,PL-WEB-01,C006572,VM-BIK-0002,3,9803.33,0.1,PLN
SO-2026-004472,2,2026-04-16,2026-04-20,PL-WEB-01,C006572,VM-ACC-0015,3,356.29,0.12,PLN
SO-2026-004472,3,2026-04-16,2026-04-20,PL-WEB-01,C006572,VM-ACC-0008,6,407.19,0.12,PLN
SO-2026-004473,1,2026-04-16,2026-04-19,PL-WEB-01,C008861,VM-EBK-0004,1,11279.43,0.05,PLN
SO-2026-004474,1,2026-04-16,2026-04-17,PL-WEB-01,C020980,VM-CMP-0016,2,2504.27,0.0,PLN
SO-2026-004474,2,2026-04-16,2026-04-17,PL-WEB-01,C020980,VM-NUT-0009,1,86.52,0.0,PLN
SO-2026-004475,1,2026-04-16,2026-04-20,PL-WEB-01,C020981,VM-BIK-0004,1,4346.85,0.0,PLN
SO-2026-004475,2,2026-04-16,2026-04-20,PL-WEB-01,C020981,VM-EBK-0010,1,13732.81,0.0,PLN
SO-2026-004476,1,2026-04-16,2026-04-17,PL-WEB-01,C019563,VM-NUT-0002,12,15.26,0.0,PLN
SO-2026-004476,2,2026-04-16,2026-04-17,PL-WEB-01,C019563,VM-BIK-0004,1,4346.85,0.0,PLN
SO-2026-004476,3,2026-04-16,2026-04-17,PL-WEB-01,C019563,VM-EBK-0011,1,14903.51,0.0,PLN
SO-2026-004476,4,2026-04-16,2026-04-17,PL-WEB-01,C019563,VM-ACC-0014,1,111.97,0.0,PLN
SO-2026-004477,1,2026-04-16,2026-04-19,PL-WEB-01,C020982,VM-CMP-0013,1,539.53,0.0,PLN
SO-2026-004477,2,2026-04-16,2026-04-19,PL-WEB-01,C020982,VM-BIK-0005,1,7543.37,0.0,PLN
SO-2026-004478,1,2026-04-16,2026-04-18,PL-MKT-01,C020983,VM-EBK-0011,1,14903.51,0.0,PLN
SO-2026-004479,1,2026-04-16,2026-04-20,PL-MKT-01,C011059,VM-ACC-0008,1,407.19,0.05,PLN
SO-2026-004480,1,2026-04-16,2026-04-20,PL-MKT-01,C019717,VM-NUT-0004,14,7.12,0.0,PLN
SO-2026-004480,2,2026-04-16,2026-04-20,PL-MKT-01,C019717,VM-CMP-0001,1,407.19,0.0,PLN
SO-2026-004480,3,2026-04-16,2026-04-20,PL-MKT-01,C019717,VM-CMP-0006,1,203.59,0.0,PLN
SO-2026-004481,1,2026-04-16,2026-04-16,CZ-PRG-01,C005477,VM-CMP-0015,1,5401.0,0.0,CZK
SO-2026-004482,1,2026-04-16,2026-04-16,CZ-PRG-01,C018279,vm-app-0014,1,2877.0,0.05,CZK
SO-2026-004483,1,2026-04-16,2026-04-16,CZ-PRG-01,,VM-CMP-0017,1,2935.0,0.0,CZK
SO-2026-004483,2,2026-04-16,2026-04-16,CZ-PRG-01,, VM-ACC-0018 ,1,293.0,0.0,CZK
SO-2026-004483,3,2026-04-16,2026-04-16,CZ-PRG-01,,VM-BIK-0011,1,50783.0,0.0,CZK
SO-2026-004483,4,2026-04-16,2026-04-16,CZ-PRG-01,,VM-BIK-0004,1,25068.0,0.0,CZK
SO-2026-004484,1,2026-04-16,2026-04-16,CZ-PRG-01,C020984,VM-BIK-0013,1,28180.0,0.0,CZK
SO-2026-004484,2,2026-04-16,2026-04-16,CZ-PRG-01,C020984,VM-ACC-0018,3,293.0,0.0,CZK
SO-2026-004485,1,2026-04-16,2026-04-16,CZ-PRG-01,C020985,VM-ACC-0020,1,4755.0,0.0,CZK
SO-2026-004485,2,2026-04-16,2026-04-16,CZ-PRG-01,C020985,VM-APP-0015,1,3346.0,0.0,CZK
SO-2026-004486,1,2026-04-16,2026-04-16,CZ-BRN-01,C020986,VM-NUT-0006,4,59.0,0.0,CZK
SO-2026-004486,2,2026-04-16,2026-04-16,CZ-BRN-01,C020986,VM-ACC-0006,2,5577.0,0.0,CZK
SO-2026-004487,1,2026-04-16,2026-04-18,CZ-WEB-01,C020987,VM-BIK-0001,1,80371.0,0.0,CZK
SO-2026-004488,1,2026-04-16,2026-04-17,CZ-WEB-01,C020988,VM-BIK-0020,1,7104.0,0.0,CZK
SO-2026-004489,1,2026-04-16,2026-04-19,CZ-WEB-01,C020989,VM-ACC-0008,1,2348.0,0.0,CZK
SO-2026-004490,1,2026-04-16,2026-04-18,CZ-WEB-01,C020990,VM-APP-0002,3,2583.0,0.0,CZK
SO-2026-004491,1,2026-04-16,2026-04-20,CZ-WEB-01,C016681,VM-APP-0015,1,3346.0,0.0,CZK
SO-2026-004492,1,2026-04-16,2026-04-18,DE-WEB-01,C019535,VM-CMP-0013,1,126.96,0.0,EUR
SO-2026-004492,2,2026-04-16,2026-04-18,DE-WEB-01,C019535,VM-ACC-0018,3,11.98,0.0,EUR
SO-2026-004492,3,2026-04-16,2026-04-18,DE-WEB-01,C019535,VM-APP-0015,1,136.55,0.0,EUR
SO-2026-004493,1,2026-04-16,2026-04-17,DE-WEB-01,C020991,VM-ACC-0021,1,186.85,0.05,EUR
SO-2026-004493,2,2026-04-16,2026-04-17,DE-WEB-01,C020991,VM-ACC-0013,1,40.72,0.05,EUR
SO-2026-004493,3,2026-04-16,2026-04-17,DE-WEB-01,C020991,VM-CMP-0005,1,354.54,0.05,EUR
SO-2026-004494,1,2026-04-16,2026-04-19,DE-WEB-01,C020992,VM-ACC-0014,1,26.35,0.0,EUR
SO-2026-004495,1,2026-04-16,2026-04-17,DE-WEB-01,C020993,VM-CMP-0013,2,126.96,0.0,EUR
SO-2026-004496,1,2026-04-16,2026-04-18,DE-WEB-01,C020994,VM-NUT-0003,6,2.63,0.0,EUR
SO-2026-004497,1,2026-04-16,2026-04-17,DE-WEB-01,C020441,vm-bik-0011,1,2072.17,0.0,EUR
SO-2026-004497,2,2026-04-16,2026-04-17,DE-WEB-01,C020441,VM-ACC-0017,1,13.89,0.0,EUR
SO-2026-004498,1,2026-04-17,2026-04-17,PL-WAW-01,,VM-EBK-0002,1,10129.09,0.0,PLN
SO-2026-004499,1,2026-04-17,2026-04-17,PL-WAW-01,C020995, VM-ACC-0008 ,2,407.19,0.0,PLN
SO-2026-004499,2,2026-04-17,2026-04-17,PL-WAW-01,C020995,VM-BIK-0009,1,5741.51,0.0,PLN
SO-2026-004499,3,2026-04-17,2026-04-17,PL-WAW-01,C020995,VM-EBK-0003,1,9253.61,0.0,PLN
SO-2026-004500,1,2026-04-17,2026-04-17,PL-WAW-01,C020996,VM-CMP-0022,2,36.64,0.0,PLN
SO-2026-004500,2,2026-04-17,2026-04-17,PL-WAW-01,C020996,VM-CMP-0011,2,162.87,0.0,PLN
SO-2026-004500,3,2026-04-17,2026-04-17,PL-WAW-01,C020996,VM-NUT-0003,11,11.19,0.0,PLN
SO-2026-004501,1,2026-04-17,2026-04-17,PL-WAW-01,C020997,VM-APP-0006,3,315.57,0.0,PLN
SO-2026-004501,2,2026-04-17,2026-04-17,PL-WAW-01,C020997,VM-NUT-0009,1,86.52,0.0,PLN
SO-2026-004501,3,2026-04-17,2026-04-17,PL-WAW-01,C020997,VM-NUT-0008,4,10.17,0.0,PLN
SO-2026-004501,4,2026-04-17,2026-04-17,PL-WAW-01,C020997,VM-APP-0017,2,193.41,0.0,PLN
SO-2026-004502,1,2026-04-17,2026-04-17,PL-WAW-01,C010863,VM-BIK-0020,1,1231.77,0.05,PLN
SO-2026-004502,2,2026-04-17,2026-04-17,PL-WAW-01,C010863,VM-ACC-0008,1,407.19,0.05,PLN
SO-2026-004502,3,2026-04-17,2026-04-17,PL-WAW-01,C010863,VM-ACC-0017,1,59.03,0.1,PLN
SO-2026-004503,1,2026-04-17,2026-04-17,PL-WAW-02,C020998,VM-CMP-0013,1,539.53,0.0,PLN
SO-2026-004504,1,2026-04-17,2026-04-17,PL-WAW-02,C017354,VM-NUT-0007,9,13.22,0.0,PLN
SO-2026-004505,1,2026-04-17,2026-04-17,PL-KRK-01,C012743,VM-BIK-0007,1,7176.89,0.0,PLN
SO-2026-004506,1,2026-04-17,2026-04-17,PL-KRK-01,C013765,VM-BIK-0006,1,6708.61,0.1,PLN
SO-2026-004507,1,2026-04-17,2026-04-17,PL-KRK-01,,VM-NUT-0004,10,7.12,0.0,PLN
SO-2026-004507,2,2026-04-17,2026-04-17,PL-KRK-01,,VM-NUT-0011,3,54.96,0.0,PLN
SO-2026-004508,1,2026-04-17,2026-04-17,PL-KRK-01,C018460,VM-BIK-0007,2,7176.89,0.12,PLN
SO-2026-004509,1,2026-04-17,2026-04-17,PL-KRK-01,,VM-ACC-0004,2,794.03,0.0,PLN
SO-2026-004510,1,2026-04-17,2026-04-17,PL-KRK-01,,VM-CMP-0013,2,539.53,0.0,PLN
SO-2026-004511,1,2026-04-17,2026-04-17,PL-KRK-01,C011435,VM-APP-0004,1,244.31,0.05,PLN
SO-2026-004511,2,2026-04-17,2026-04-17,PL-KRK-01,C011435,VM-BIK-0014,1,3898.93,0.05,PLN
SO-2026-004511,3,2026-04-17,2026-04-17,PL-KRK-01,C011435,VM-APP-0010,1,173.05,0.05,PLN
SO-2026-004512,1,2026-04-17,2026-04-17,PL-KRK-01,C020999,VM-BIK-0007,1,7176.89,0.0,PLN
SO-2026-004513,1,2026-04-17,2026-04-17,PL-WRO-01,C021000,VM-BIK-0013,1,4886.39,0.0,PLN
SO-2026-004514,1,2026-04-17,2026-04-17,PL-WRO-01,C014505,VM-NUT-0001,12,9.15,0.0,PLN
SO-2026-004515,1,2026-04-17,2026-04-17,PL-WRO-01,C013996,VM-ACC-0014,1,111.97,0.05,PLN
SO-2026-004516,1,2026-04-17,2026-04-17,PL-WRO-01,C010229,VM-APP-0004,3,244.31,0.0,PLN
SO-2026-004517,1,2026-04-17,2026-04-17,PL-GDN-01,C021001,VM-NUT-0004,12,7.12,0.1,PLN
SO-2026-004518,1,2026-04-17,2026-04-17,PL-GDN-01,C019232,VM-APP-0014,1,498.81,0.0,PLN
SO-2026-004518,2,2026-04-17,2026-04-17,PL-GDN-01,C019232,VM-BIK-0003,1,6657.71,0.0,PLN
SO-2026-004519,1,2026-04-17,2026-04-17,PL-GDN-01,C021002,VM-NUT-0008,4,10.17,0.1,PLN
SO-2026-004520,1,2026-04-17,2026-04-17,PL-GDN-01,C009869,VM-CMP-0011,2,162.87,0.0,PLN
SO-2026-004520,2,2026-04-17,2026-04-17,PL-GDN-01,C009869,VM-APP-0013,1,447.91,0.0,PLN
SO-2026-004520,3,2026-04-17,2026-04-17,PL-GDN-01,C009869,VM-EBK-0002,1,10129.09,0.0,PLN
SO-2026-004520,4,2026-04-17,2026-04-17,PL-GDN-01,C009869,VM-NUT-0006,3,10.17,0.0,PLN
SO-2026-004521,1,2026-04-17,2026-04-17,PL-POZ-01,,VM-NUT-0004,8,7.12,0.0,PLN
SO-2026-004521,2,2026-04-17,2026-04-17,PL-POZ-01,,VM-EBK-0007,1,14964.59,0.0,PLN
SO-2026-004522,1,2026-04-17,2026-04-17,PL-POZ-01,,VM-APP-0002,1,447.91,0.0,PLN
SO-2026-004523,1,2026-04-17,2026-04-17,PL-POZ-01,C021003,VM-EBK-0011,1,14903.51,0.0,PLN
SO-2026-004523,2,2026-04-17,2026-04-17,PL-POZ-01,C021003,VM-BIK-0006,1,6708.61,0.0,PLN
SO-2026-004523,3,2026-04-17,2026-04-17,PL-POZ-01,C021003,VM-APP-0013,1,447.91,0.0,PLN
SO-2026-004524,1,2026-04-17,2026-04-17,PL-POZ-01,C019003,VM-NUT-0009,2,86.52,0.0,PLN
SO-2026-004525,1,2026-04-17,2026-04-17,PL-LDZ-01,C012914,VM-CMP-0017,2,508.99,0.0,PLN
SO-2026-004525,2,2026-04-17,2026-04-17,PL-LDZ-01,C012914,VM-BIK-0020,1,1231.77,0.0,PLN
SO-2026-004525,3,2026-04-17,2026-04-17,PL-LDZ-01,C012914,VM-ACC-0017,2,59.03,0.0,PLN
SO-2026-004525,4,2026-04-17,2026-04-17,PL-LDZ-01,C012914,VM-NUT-0011,2,54.96,0.0,PLN
SO-2026-004526,1,2026-04-17,2026-04-17,PL-LDZ-01,, VM-EBK-0011 ,1,14903.51,0.0,PLN
SO-2026-004527,1,2026-04-17,2026-04-17,PL-LDZ-01,,VM-EBK-0011,1,14903.51,0.0,PLN
SO-2026-004528,1,2026-04-17,2026-04-18,PL-WEB-01,C021004,VM-CMP-0009,2,356.29,0.0,PLN
SO-2026-004528,2,2026-04-17,2026-04-18,PL-WEB-01,C021004,VM-CMP-0002,2,570.07,0.0,PLN
SO-2026-004528,3,2026-04-17,2026-04-18,PL-WEB-01,C021004,VM-APP-0010,2,173.05,0.0,PLN
SO-2026-004528,4,2026-04-17,2026-04-18,PL-WEB-01,C021004,VM-ACC-0013,1,173.05,0.0,PLN
SO-2026-004529,1,2026-04-17,2026-04-20,PL-WEB-01,C007734,VM-APP-0002,5,447.91,0.08,PLN
SO-2026-004529,2,2026-04-17,2026-04-20,PL-WEB-01,C007734,VM-BIK-0003,3,6657.71,0.1,PLN
SO-2026-004530,1,2026-04-17,2026-04-19,PL-WEB-01,C009667,VM-CMP-0023,2,60.05,0.05,PLN
SO-2026-004531,1,2026-04-17,2026-04-19,PL-WEB-01,C020436,VM-CMP-0005,2,1506.63,0.0,PLN
SO-2026-004532,1,2026-04-17,2026-04-18,PL-WEB-01,C021005,VM-NUT-0009,1,86.52,0.0,PLN
SO-2026-004532,2,2026-04-17,2026-04-18,PL-WEB-01,C021005,VM-BIK-0006,1,6708.61,0.0,PLN
SO-2026-004533,1,2026-04-17,2026-04-18,PL-WEB-01,C021006,VM-ACC-0010,1,254.49,0.0,PLN
SO-2026-004534,1,2026-04-17,2026-04-20,PL-WEB-01,C019471,VM-ACC-0020,1,824.57,0.05,PLN
SO-2026-004535,1,2026-04-17,2026-04-19,PL-WEB-01,C013434,VM-ACC-0008,5,407.19,0.1,PLN
SO-2026-004536,1,2026-04-17,2026-04-20,PL-WEB-01,C013725,VM-APP-0020,8,183.23,0.08,PLN
SO-2026-004537,1,2026-04-17,2026-04-21,PL-WEB-01,C003531,VM-NUT-0009,3,86.52,0.05,PLN
SO-2026-004538,1,2026-04-17,2026-04-19,PL-WEB-01,C021007,VM-CMP-0016,1,2504.27,0.0,PLN
SO-2026-004539,1,2026-04-17,2026-04-18,PL-WEB-01,C021008,VM-BIK-0009,1,5741.51,0.1,PLN
SO-2026-004539,2,2026-04-17,2026-04-18,PL-WEB-01,C021008,vm-acc-0019,1,50.89,0.05,PLN
SO-2026-004540,1,2026-04-17,2026-04-19,PL-WEB-01,C021009,VM-BIK-0007,1,7176.89,0.0,PLN
SO-2026-004540,2,2026-04-17,2026-04-19,PL-WEB-01,C021009,VM-ACC-0018,3,50.89,0.0,PLN
SO-2026-004541,1,2026-04-17,2026-04-20,PL-WEB-01,C012239,VM-BIK-0019,1,1231.77,0.0,PLN
SO-2026-004541,2,2026-04-17,2026-04-20,PL-WEB-01,C012239,VM-ACC-0002,1,620.97,0.0,PLN
SO-2026-004541,3,2026-04-17,2026-04-20,PL-WEB-01,C012239,VM-BIK-0010,1,6433.75,0.0,PLN
SO-2026-004542,1,2026-04-17,2026-04-21,PL-WEB-01,C011147,VM-APP-0019,2,67.18,0.05,PLN
SO-2026-004542,2,2026-04-17,2026-04-21,PL-WEB-01,C011147,VM-BIK-0017,1,1944.37,0.05,PLN
SO-2026-004543,1,2026-04-17,2026-04-19,PL-WEB-01,C020474,VM-BIK-0007,1,7176.89,0.0,PLN
SO-2026-004543,2,2026-04-17,2026-04-19,PL-WEB-01,C020474,VM-ACC-0001,2,386.83,0.0,PLN
SO-2026-004543,3,2026-04-17,2026-04-19,PL-WEB-01,C020474,VM-ACC-0006,2,967.09,0.0,PLN
SO-2026-004544,1,2026-04-17,2026-04-18,PL-WEB-01,C021010,VM-APP-0002,1,447.91,0.0,PLN
SO-2026-004545,1,2026-04-17,2026-04-18,PL-MKT-01,C018761,VM-BIK-0005,1,7543.37,0.0,PLN
SO-2026-004546,1,2026-04-17,2026-04-18,PL-MKT-01,C021011,VM-CMP-0019,2,213.77,0.0,PLN
SO-2026-004546,2,2026-04-17,2026-04-18,PL-MKT-01,C021011,VM-ACC-0022,1,1598.25,0.0,PLN
SO-2026-004546,3,2026-04-17,2026-04-18,PL-MKT-01,C021011,VM-APP-0019,1,67.18,0.0,PLN
SO-2026-004547,1,2026-04-17,2026-04-20,PL-MKT-01,C012365,VM-EBK-0002,5,10129.09,0.08,PLN
SO-2026-004548,1,2026-04-17,2026-04-21,PL-MKT-01,C020728,VM-CMP-0016,2,2504.27,0.12,PLN
SO-2026-004548,2,2026-04-17,2026-04-21,PL-MKT-01,C020728,VM-NUT-0011,12,54.96,0.08,PLN
SO-2026-004548,3,2026-04-17,2026-04-21,PL-MKT-01,C020728,VM-NUT-0006,27,10.17,0.12,PLN
SO-2026-004549,1,2026-04-17,2026-04-19,PL-MKT-01,C005835,VM-NUT-0007,8,13.22,0.05,PLN
SO-2026-004549,2,2026-04-17,2026-04-19,PL-MKT-01,C005835,VM-NUT-0008,9,10.17,0.0,PLN
SO-2026-004550,1,2026-04-17,2026-04-20,PL-MKT-01,C020837,VM-APP-0013,1,447.91,0.0,PLN
SO-2026-004551,1,2026-04-17,2026-04-20,PL-MKT-01,C020268,VM-NUT-0011,2,54.96,0.05,PLN
SO-2026-004552,1,2026-04-17,2026-04-17,CZ-PRG-01,C021012,vm-nut-0011,3,317.0,0.05,CZK
SO-2026-004553,1,2026-04-17,2026-04-17,CZ-PRG-01,C007011,VM-EBK-0004,5,65049.0,0.1,CZK
SO-2026-004554,1,2026-04-17,2026-04-17,CZ-PRG-01,,VM-EBK-0011,1,85949.0,0.0,CZK
SO-2026-004554,2,2026-04-17,2026-04-17,CZ-PRG-01,,VM-NUT-0011,2,317.0,0.0,CZK
SO-2026-004554,3,2026-04-17,2026-04-17,CZ-PRG-01,,VM-ACC-0018,1,293.0,0.0,CZK
SO-2026-004555,1,2026-04-17,2026-04-17,CZ-PRG-01,C021013,VM-NUT-0009,4,499.0,0.0,CZK
SO-2026-004556,1,2026-04-17,2026-04-17,CZ-PRG-01,C021014,VM-CMP-0009,2,2055.0,0.0,CZK
SO-2026-004556,2,2026-04-17,2026-04-17,CZ-PRG-01,C021014,VM-APP-0012,1,5108.0,0.0,CZK
SO-2026-004556,3,2026-04-17,2026-04-17,CZ-PRG-01,C021014,VM-BIK-0013,1,28180.0,0.0,CZK
SO-2026-004557,1,2026-04-17,2026-04-17,CZ-PRG-01,C019373,VM-BIK-0012,1,69334.0,0.0,CZK
SO-2026-004558,1,2026-04-17,2026-04-17,CZ-PRG-01,C021015,VM-BIK-0012,1,69334.0,0.0,CZK
SO-2026-004559,1,2026-04-17,2026-04-17,CZ-PRG-01,,VM-NUT-0007,4,76.0,0.0,CZK
SO-2026-004560,1,2026-04-17,2026-04-17,CZ-BRN-01,C011811,VM-NUT-0004,7,41.0,0.0,CZK
SO-2026-004561,1,2026-04-17,2026-04-20,CZ-WEB-01,C021016,VM-APP-0002,1,2583.0,0.0,CZK
SO-2026-004562,1,2026-04-17,2026-04-18,CZ-WEB-01,C018261,VM-EBK-0004,1,65049.0,0.05,CZK
SO-2026-004562,2,2026-04-17,2026-04-18,CZ-WEB-01,C018261,VM-ACC-0018,1,293.0,0.0,CZK
SO-2026-004563,1,2026-04-17,2026-04-18,CZ-WEB-01,C021017,VM-BIK-0001,1,80371.0,0.0,CZK
SO-2026-004563,2,2026-04-17,2026-04-18,CZ-WEB-01,C021017,VM-ACC-0018,1,293.0,0.0,CZK
SO-2026-004564,1,2026-04-17,2026-04-19,CZ-WEB-01,C021018,VM-EBK-0009,1,58180.0,0.05,CZK
SO-2026-004565,1,2026-04-17,2026-04-19,CZ-WEB-01,C015547,VM-APP-0002,2,2583.0,0.05,CZK
SO-2026-004565,2,2026-04-17,2026-04-19,CZ-WEB-01,C015547,VM-NUT-0008,8,59.0,0.05,CZK
SO-2026-004566,1,2026-04-17,2026-04-17,DE-BER-01,,VM-BIK-0012,1,2829.17,0.0,EUR
SO-2026-004566,2,2026-04-17,2026-04-17,DE-BER-01,,VM-ACC-0008,2,95.82,0.0,EUR
SO-2026-004567,1,2026-04-17,2026-04-17,DE-BER-01,C006551, VM-APP-0013 ,1,105.4,0.05,EUR
SO-2026-004567,2,2026-04-17,2026-04-17,DE-BER-01,C006551,VM-ACC-0008,2,95.82,0.05,EUR
SO-2026-004567,3,2026-04-17,2026-04-17,DE-BER-01,C006551,VM-APP-0019,2,15.81,0.05,EUR
SO-2026-004567,4,2026-04-17,2026-04-17,DE-BER-01,C006551,VM-APP-0012,1,208.41,0.05,EUR
SO-2026-004568,1,2026-04-17,2026-04-19,DE-WEB-01,C016707,VM-APP-0005,2,43.12,0.0,EUR
SO-2026-004568,2,2026-04-17,2026-04-19,DE-WEB-01,C016707,VM-BIK-0012,1,2829.17,0.0,EUR
SO-2026-004568,3,2026-04-17,2026-04-19,DE-WEB-01,C016707,VM-APP-0013,1,105.4,0.0,EUR
SO-2026-004568,4,2026-04-17,2026-04-19,DE-WEB-01,C016707,VM-ACC-0008,2,95.82,0.0,EUR
SO-2026-004569,1,2026-04-17,2026-04-20,DE-WEB-01,C021019,VM-APP-0002,1,105.4,0.0,EUR
SO-2026-004570,1,2026-04-17,2026-04-21,DE-WEB-01,C011896,VM-NUT-0006,24,2.39,0.12,EUR
SO-2026-004570,2,2026-04-17,2026-04-21,DE-WEB-01,C011896,VM-ACC-0016,6,6.94,0.08,EUR
SO-2026-004570,3,2026-04-17,2026-04-21,DE-WEB-01,C011896,VM-NUT-0008,30,2.39,0.1,EUR
SO-2026-004570,4,2026-04-17,2026-04-21,DE-WEB-01,C011896,VM-NUT-0003,52,2.63,0.1,EUR
SO-2026-004571,1,2026-04-17,2026-04-20,DE-WEB-01,C021020,VM-ACC-0008,2,95.82,0.0,EUR
SO-2026-004572,1,2026-04-17,2026-04-18,DE-WEB-01,C009099,VM-NUT-0007,11,3.11,0.0,EUR
SO-2026-004573,1,2026-04-17,2026-04-18,DE-WEB-01,C021021,VM-ACC-0017,1,13.89,0.0,EUR
SO-2026-004574,1,2026-04-17,2026-04-18,DE-WEB-01,C021022,VM-NUT-0004,10,1.67,0.0,EUR
SO-2026-004575,1,2026-04-17,2026-04-21,DE-WEB-01,C014874,VM-CMP-0009,1,83.84,0.0,EUR
SO-2026-004576,1,2026-04-17,2026-04-19,DE-WEB-01,C009202,VM-NUT-0003,14,2.63,0.05,EUR
SO-2026-004576,2,2026-04-17,2026-04-19,DE-WEB-01,C009202,VM-BIK-0013,1,1149.87,0.05,EUR
SO-2026-004577,1,2026-04-18,2026-04-18,PL-WAW-01,,VM-EBK-0009,1,10088.37,0.0,PLN
SO-2026-004578,1,2026-04-18,2026-04-18,PL-WAW-01,C021023,VM-BIK-0012,1,12022.57,0.0,PLN
SO-2026-004578,2,2026-04-18,2026-04-18,PL-WAW-01,C021023,VM-ACC-0005,2,183.23,0.1,PLN
SO-2026-004578,3,2026-04-18,2026-04-18,PL-WAW-01,C021023,VM-ACC-0018,1,50.89,0.0,PLN
SO-2026-004578,4,2026-04-18,2026-04-18,PL-WAW-01,C021023,VM-APP-0011,1,417.37,0.0,PLN
SO-2026-004579,1,2026-04-18,2026-04-18,PL-WAW-01,C021024,VM-APP-0008,1,162.87,0.0,PLN
SO-2026-004580,1,2026-04-18,2026-04-18,PL-WAW-01,,VM-NUT-0009,2,86.52,0.0,PLN
SO-2026-004581,1,2026-04-18,2026-04-18,PL-WAW-01,,VM-CMP-0013,1,539.53,0.0,PLN
SO-2026-004582,1,2026-04-18,2026-04-18,PL-WAW-01,C021025,VM-BIK-0011,1,8805.69,0.0,PLN
SO-2026-004583,1,2026-04-18,2026-04-18,PL-WAW-01,C021026,vm-ebk-0003,1,9253.61,0.0,PLN
SO-2026-004584,1,2026-04-18,2026-04-18,PL-WAW-01,C021027,VM-BIK-0004,1,4346.85,0.0,PLN
SO-2026-004585,1,2026-04-18,2026-04-18,PL-WAW-02,C020811,VM-BIK-0016,1,3654.61,0.05,PLN
SO-2026-004586,1,2026-04-18,2026-04-18,PL-WAW-02,C021028,VM-ACC-0008,1,407.19,0.0,PLN
SO-2026-004586,2,2026-04-18,2026-04-18,PL-WAW-02,C021028,VM-BIK-0006,1,6708.61,0.0,PLN
SO-2026-004586,3,2026-04-18,2026-04-18,PL-WAW-02,C021028,VM-CMP-0013,1,539.53,0.05,PLN
SO-2026-004586,4,2026-04-18,2026-04-18,PL-WAW-02,C021028,VM-EBK-0011,1,14903.51,0.0,PLN
SO-2026-004587,1,2026-04-18,2026-04-18,PL-WAW-02,C019889,VM-ACC-0016,1,29.51,0.0,PLN
SO-2026-004588,1,2026-04-18,2026-04-18,PL-WAW-02,,VM-APP-0011,1,417.37,0.0,PLN
SO-2026-004589,1,2026-04-18,2026-04-18,PL-WAW-02,C021029,VM-EBK-0009,1,10088.37,0.05,PLN
SO-2026-004590,1,2026-04-18,2026-04-18,PL-WAW-02,C021030,VM-BIK-0001,1,13936.41,0.0,PLN
SO-2026-004590,2,2026-04-18,2026-04-18,PL-WAW-02,C021030,VM-BIK-0007,1,7176.89,0.0,PLN
SO-2026-004591,1,2026-04-18,2026-04-18,PL-WAW-02,C021031,VM-APP-0012,1,885.65,0.0,PLN
SO-2026-004591,2,2026-04-18,2026-04-18,PL-WAW-02,C021031,VM-BIK-0003,1,6657.71,0.0,PLN
SO-2026-004592,1,2026-04-18,2026-04-18,PL-WAW-02,C005393,VM-ACC-0014,1,111.97,0.05,PLN
SO-2026-004592,2,2026-04-18,2026-04-18,PL-WAW-02,C005393,VM-NUT-0001,11,9.15,0.05,PLN
SO-2026-004593,1,2026-04-18,2026-04-18,PL-KRK-01,,VM-EBK-0009,1,10088.37,0.0,PLN
SO-2026-004594,1,2026-04-18,2026-04-18,PL-KRK-01,C019727,VM-NUT-0009,2,86.52,0.0,PLN
SO-2026-004595,1,2026-04-18,2026-04-18,PL-KRK-01,C021032,VM-APP-0020,2,183.23,0.0,PLN
SO-2026-004596,1,2026-04-18,2026-04-18,PL-KRK-01,C015844,VM-NUT-0004,10,7.12,0.0,PLN
SO-2026-004596,2,2026-04-18,2026-04-18,PL-KRK-01,C015844,VM-NUT-0009,1,86.52,0.0,PLN
SO-2026-004596,3,2026-04-18,2026-04-18,PL-KRK-01,C015844,VM-ACC-0011,2,73.29,0.0,PLN
SO-2026-004597,1,2026-04-18,2026-04-18,PL-KRK-01,,VM-EBK-0004,1,11279.43,0.0,PLN
SO-2026-004598,1,2026-04-18,2026-04-18,PL-KRK-01,C011055,VM-CMP-0013,2,539.53,0.0,PLN
SO-2026-004599,1,2026-04-18,2026-04-18,PL-WRO-01,C020815,VM-NUT-0003,8,11.19,0.05,PLN
SO-2026-004599,2,2026-04-18,2026-04-18,PL-WRO-01,C020815,VM-APP-0013,1,447.91,0.05,PLN
SO-2026-004599,3,2026-04-18,2026-04-18,PL-WRO-01,C020815,VM-ACC-0015,1,356.29,0.05,PLN
SO-2026-004600,1,2026-04-18,2026-04-18,PL-WRO-01,C020282,VM-CMP-0019,4,213.77,0.0,PLN
SO-2026-004600,2,2026-04-18,2026-04-18,PL-WRO-01,C020282,VM-CMP-0003,2,244.31,0.0,PLN
SO-2026-004600,3,2026-04-18,2026-04-18,PL-WRO-01,C020282,VM-APP-0008,1,162.87,0.1,PLN
SO-2026-004601,1,2026-04-18,2026-04-18,PL-WRO-01,,VM-ACC-0012,1,73.29,0.0,PLN
SO-2026-004601,2,2026-04-18,2026-04-18,PL-WRO-01,,VM-NUT-0006,7,10.17,0.0,PLN
SO-2026-004601,3,2026-04-18,2026-04-18,PL-WRO-01,,VM-ACC-0020,1,824.57,0.0,PLN
SO-2026-004602,1,2026-04-18,2026-04-18,PL-WRO-01,C021033,VM-ACC-0021,1,794.03,0.0,PLN
SO-2026-004602,2,2026-04-18,2026-04-18,PL-WRO-01,C021033,VM-EBK-0011,1,14903.51,0.05,PLN
SO-2026-004602,3,2026-04-18,2026-04-18,PL-WRO-01,C021033,VM-ACC-0016,1,29.51,0.0,PLN
SO-2026-004603,1,2026-04-18,2026-04-18,PL-WRO-01,C020181,VM-EBK-0005,1,17764.09,0.0,PLN
SO-2026-004603,2,2026-04-18,2026-04-18,PL-WRO-01,C020181,VM-ACC-0007,1,366.47,0.0,PLN
SO-2026-004603,3,2026-04-18,2026-04-18,PL-WRO-01,C020181,VM-APP-0002,1,447.91,0.0,PLN
SO-2026-004604,1,2026-04-18,2026-04-18,PL-GDN-01,C021034,VM-BIK-0004,1,4346.85,0.0,PLN
SO-2026-004605,1,2026-04-18,2026-04-18,PL-GDN-01,C020072,VM-ACC-0008,1,407.19,0.0,PLN
SO-2026-004605,2,2026-04-18,2026-04-18,PL-GDN-01,C020072,VM-APP-0007,1,162.87,0.0,PLN
SO-2026-004606,1,2026-04-18,2026-04-18,PL-GDN-01,,VM-BIK-0008,1,5405.57,0.0,PLN
SO-2026-004607,1,2026-04-18,2026-04-18,PL-GDN-01,C019711,VM-BIK-0017,1,1944.37,0.0,PLN
SO-2026-004607,2,2026-04-18,2026-04-18,PL-GDN-01,C019711,VM-ACC-0008,2,407.19,0.0,PLN
SO-2026-004608,1,2026-04-18,2026-04-18,PL-GDN-01,C021035,VM-CMP-0019,4,213.77,0.0,PLN
SO-2026-004609,1,2026-04-18,2026-04-18,PL-GDN-01,C015012,VM-NUT-0001,9,9.15,0.05,PLN
SO-2026-004609,2,2026-04-18,2026-04-18,PL-GDN-01,C015012,VM-APP-0006,1,315.57,0.05,PLN
SO-2026-004610,1,2026-04-18,2026-04-18,PL-POZ-01,C007584,VM-BIK-0009,1,5741.51,0.0,PLN
SO-2026-004611,1,2026-04-18,2026-04-18,PL-POZ-01,C003803,VM-EBK-0003,1,9253.61,0.05,PLN
SO-2026-004612,1,2026-04-18,2026-04-18,PL-POZ-01,C019852,VM-BIK-0011,1,8805.69,0.0,PLN
SO-2026-004612,2,2026-04-18,2026-04-18,PL-POZ-01,C019852,VM-ACC-0012,1,73.29,0.0,PLN
SO-2026-004613,1,2026-04-18,2026-04-18,PL-POZ-01,,VM-NUT-0004,7,7.12,0.0,PLN
SO-2026-004614,1,2026-04-18,2026-04-18,PL-POZ-01,C005835,VM-ACC-0001,2,386.83,0.0,PLN
SO-2026-004615,1,2026-04-18,2026-04-19,PL-WEB-01,C012727,VM-NUT-0009,2,86.52,0.0,PLN
SO-2026-004616,1,2026-04-18,2026-04-22,PL-WEB-01,C020745, VM-ACC-0003 ,10,295.21,0.12,PLN
SO-2026-004616,2,2026-04-18,2026-04-22,PL-WEB-01,C020745,VM-CMP-0002,6,570.07,0.08,PLN
SO-2026-004617,1,2026-04-18,2026-04-22,PL-WEB-01,C014786,VM-NUT-0011,3,54.96,0.05,PLN
SO-2026-004618,1,2026-04-18,2026-04-19,PL-WEB-01,C011726,VM-EBK-0002,1,10129.09,0.0,PLN
SO-2026-004618,2,2026-04-18,2026-04-19,PL-WEB-01,C011726,VM-ACC-0008,2,407.19,0.0,PLN
SO-2026-004618,3,2026-04-18,2026-04-19,PL-WEB-01,C011726,VM-ACC-0002,2,620.97,0.0,PLN
SO-2026-004619,1,2026-04-18,2026-04-19,PL-WEB-01,C020101,VM-EBK-0002,5,10129.09,0.08,PLN
SO-2026-004619,2,2026-04-18,2026-04-19,PL-WEB-01,C020101,VM-ACC-0008,10,407.19,0.12,PLN
SO-2026-004619,3,2026-04-18,2026-04-19,PL-WEB-01,C020101,VM-APP-0002,5,447.91,0.08,PLN
SO-2026-004620,1,2026-04-18,2026-04-19,PL-WEB-01,C020947,VM-NUT-0006,7,10.17,0.0,PLN
SO-2026-004621,1,2026-04-18,2026-04-21,PL-WEB-01,C021036,VM-ACC-0008,2,407.19,0.0,PLN
SO-2026-004622,1,2026-04-18,2026-04-21,PL-WEB-01,C021037,VM-APP-0020,1,183.23,0.0,PLN
SO-2026-004623,1,2026-04-18,2026-04-20,PL-WEB-01,C016322,VM-NUT-0003,14,11.19,0.1,PLN
SO-2026-004623,2,2026-04-18,2026-04-20,PL-WEB-01,C016322,VM-CMP-0009,4,356.29,0.1,PLN
SO-2026-004623,3,2026-04-18,2026-04-20,PL-WEB-01,C016322,VM-ACC-0017,6,59.03,0.1,PLN
SO-2026-004623,4,2026-04-18,2026-04-20,PL-WEB-01,C016322,VM-BIK-0001,4,13936.41,0.1,PLN
SO-2026-004624,1,2026-04-18,2026-04-22,PL-WEB-01,C012388,VM-NUT-0004,36,7.12,0.08,PLN
SO-2026-004625,1,2026-04-18,2026-04-20,PL-MKT-01,C013636,VM-CMP-0015,2,936.55,0.05,PLN
SO-2026-004626,1,2026-04-18,2026-04-20,PL-MKT-01,C013755,VM-ACC-0008,2,407.19,0.0,PLN
SO-2026-004627,1,2026-04-18,2026-04-19,PL-MKT-01,C021038,VM-NUT-0006,7,10.17,0.05,PLN
SO-2026-004627,2,2026-04-18,2026-04-19,PL-MKT-01,C021038,VM-ACC-0002,2,620.97,0.05,PLN
SO-2026-004628,1,2026-04-18,2026-04-22,PL-MKT-01,C008507,VM-ACC-0003,1,295.21,0.0,PLN
SO-2026-004628,2,2026-04-18,2026-04-22,PL-MKT-01,C008507,VM-BIK-0007,1,7176.89,0.0,PLN
SO-2026-004629,1,2026-04-18,2026-04-22,PL-MKT-01,C021039,VM-ACC-0023,1,946.73,0.05,PLN
SO-2026-004630,1,2026-04-18,2026-04-22,PL-MKT-01,C021040,VM-BIK-0017,1,1944.37,0.0,PLN
SO-2026-004630,2,2026-04-18,2026-04-22,PL-MKT-01,C021040,VM-EBK-0005,1,17764.09,0.0,PLN
SO-2026-004630,3,2026-04-18,2026-04-22,PL-MKT-01,C021040,VM-APP-0008,1,162.87,0.0,PLN
SO-2026-004630,4,2026-04-18,2026-04-22,PL-MKT-01,C021040,VM-EBK-0009,1,10088.37,0.0,PLN
SO-2026-004631,1,2026-04-18,2026-04-22,PL-MKT-01,C013397,VM-NUT-0004,7,7.12,0.05,PLN
SO-2026-004632,1,2026-04-18,2026-04-19,PL-MKT-01,C017519,VM-EBK-0003,1,9253.61,0.0,PLN
SO-2026-004632,2,2026-04-18,2026-04-19,PL-MKT-01,C017519,VM-ACC-0019,1,50.89,0.0,PLN
SO-2026-004632,3,2026-04-18,2026-04-19,PL-MKT-01,C017519,VM-BIK-0001,1,13936.41,0.0,PLN
SO-2026-004633,1,2026-04-18,2026-04-19,PL-MKT-01,C014598,VM-CMP-0001,1,407.19,0.0,PLN
SO-2026-004633,2,2026-04-18,2026-04-19,PL-MKT-01,C014598,VM-ACC-0022,1,1598.25,0.0,PLN
SO-2026-004633,3,2026-04-18,2026-04-19,PL-MKT-01,C014598,VM-EBK-0005,1,17764.09,0.0,PLN
SO-2026-004634,1,2026-04-18,2026-04-20,PL-MKT-01,C021041,VM-EBK-0007,1,14964.59,0.0,PLN
SO-2026-004635,1,2026-04-18,2026-04-21,PL-MKT-01,C021042,VM-BIK-0012,1,12022.57,0.05,PLN
SO-2026-004635,2,2026-04-18,2026-04-21,PL-MKT-01,C021042,VM-EBK-0011,1,14903.51,0.05,PLN
SO-2026-004636,1,2026-04-18,2026-04-19,PL-MKT-01,C011763,VM-CMP-0013,1,539.53,0.1,PLN
SO-2026-004637,1,2026-04-18,2026-04-18,CZ-PRG-01,,VM-BIK-0004,1,25068.0,0.0,CZK
SO-2026-004637,2,2026-04-18,2026-04-18,CZ-PRG-01,,VM-ACC-0007,1,2113.0,0.0,CZK
SO-2026-004638,1,2026-04-18,2026-04-18,CZ-PRG-01,C021043,VM-APP-0012,1,5108.0,0.0,CZK
SO-2026-004639,1,2026-04-18,2026-04-18,CZ-PRG-01,C019280,VM-BIK-0019,1,7104.0,0.0,CZK
SO-2026-004639,2,2026-04-18,2026-04-18,CZ-PRG-01,C019280,VM-EBK-0007,1,86301.0,0.0,CZK
SO-2026-004639,3,2026-04-18,2026-04-18,CZ-PRG-01,C019280,VM-BIK-0007,1,41389.0,0.0,CZK
SO-2026-004639,4,2026-04-18,2026-04-18,CZ-PRG-01,C019280,VM-ACC-0008,1,2348.0,0.0,CZK
SO-2026-004640,1,2026-04-18,2026-04-18,CZ-PRG-01,C021044,VM-NUT-0003,5,65.0,0.0,CZK
SO-2026-004640,2,2026-04-18,2026-04-18,CZ-PRG-01,C021044,VM-EBK-0003,1,53366.0,0.0,CZK
SO-2026-004640,3,2026-04-18,2026-04-18,CZ-PRG-01,C021044,VM-APP-0012,1,5108.0,0.0,CZK
SO-2026-004640,4,2026-04-18,2026-04-18,CZ-PRG-01,C021044,VM-ACC-0008,1,2348.0,0.0,CZK
SO-2026-004641,1,2026-04-18,2026-04-18,CZ-PRG-01,C020039,VM-BIK-0019,1,7104.0,0.0,CZK
SO-2026-004642,1,2026-04-18,2026-04-18,CZ-PRG-01,,VM-ACC-0018,2,293.0,0.0,CZK
SO-2026-004643,1,2026-04-18,2026-04-18,CZ-BRN-01,,VM-ACC-0014,1,646.0,0.0,CZK
SO-2026-004643,2,2026-04-18,2026-04-18,CZ-BRN-01,,VM-NUT-0007,10,76.0,0.0,CZK
SO-2026-004643,3,2026-04-18,2026-04-18,CZ-BRN-01,,VM-ACC-0010,2,1468.0,0.1,CZK
SO-2026-004644,1,2026-04-18,2026-04-22,CZ-WEB-01,C020803,VM-ACC-0003,1,1702.0,0.0,CZK
SO-2026-004645,1,2026-04-18,2026-04-21,CZ-WEB-01,C021045,VM-EBK-0005,1,102446.0,0.0,CZK
SO-2026-004645,2,2026-04-18,2026-04-21,CZ-WEB-01,C021045,VM-EBK-0008,1,88649.0,0.0,CZK
SO-2026-004645,3,2026-04-18,2026-04-21,CZ-WEB-01,C021045,VM-ACC-0018,1,293.0,0.0,CZK
SO-2026-004646,1,2026-04-18,2026-04-18,DE-BER-01,C021046,VM-EBK-0011,1,3507.12,0.0,EUR
SO-2026-004646,2,2026-04-18,2026-04-18,DE-BER-01,C021046,VM-EBK-0002,1,2383.6,0.0,EUR
SO-2026-004646,3,2026-04-18,2026-04-18,DE-BER-01,C021046,VM-EBK-0010,1,3231.63,0.0,EUR
SO-2026-004647,1,2026-04-18,2026-04-18,DE-BER-01,C020443,VM-ACC-0001,2,91.03,0.05,EUR
SO-2026-004647,2,2026-04-18,2026-04-18,DE-BER-01,C020443,VM-EBK-0008,1,3617.32,0.05,EUR
SO-2026-004648,1,2026-04-18,2026-04-18,DE-BER-01,C014565,VM-ACC-0009,1,95.82,0.0,EUR
SO-2026-004649,1,2026-04-18,2026-04-18,DE-BER-01,C021047,VM-CMP-0013,2,126.96,0.0,EUR
SO-2026-004649,2,2026-04-18,2026-04-18,DE-BER-01,C021047,VM-CMP-0015,2,220.39,0.0,EUR
SO-2026-004649,3,2026-04-18,2026-04-18,DE-BER-01,C021047,VM-BIK-0012,1,2829.17,0.0,EUR
SO-2026-004650,1,2026-04-18,2026-04-20,DE-WEB-01,C019307,VM-BIK-0009,1,1351.1,0.0,EUR
SO-2026-004651,1,2026-04-18,2026-04-21,DE-WEB-01,C010089,VM-APP-0010,8,40.72,0.1,EUR
SO-2026-004652,1,2026-04-18,2026-04-22,DE-WEB-01,C021048,VM-EBK-0008,1,3617.32,0.0,EUR
SO-2026-004653,1,2026-04-19,2026-04-23,PL-WEB-01,C016419,VM-CMP-0012,2,549.71,0.0,PLN
SO-2026-004654,1,2026-04-19,2026-04-21,PL-WEB-01,C012401,VM-EBK-0008,1,15371.79,0.0,PLN
SO-2026-004655,1,2026-04-19,2026-04-21,PL-WEB-01,C016900,VM-ACC-0007,2,366.47,0.0,PLN
SO-2026-004655,2,2026-04-19,2026-04-21,PL-WEB-01,C016900,VM-APP-0006,3,315.57,0.0,PLN
SO-2026-004656,1,2026-04-19,2026-04-20,PL-WEB-01,C021049,VM-APP-0012,1,885.65,0.0,PLN
SO-2026-004657,1,2026-04-19,2026-04-21,PL-WEB-01,C005646,VM-APP-0010,1,173.05,0.05,PLN
SO-2026-004658,1,2026-04-19,2026-04-20,PL-WEB-01,C021050,VM-APP-0003,5,315.57,0.12,PLN
SO-2026-004659,1,2026-04-19,2026-04-20,PL-WEB-01,C009520,VM-EBK-0002,1,10129.09,0.05,PLN
SO-2026-004659,2,2026-04-19,2026-04-20,PL-WEB-01,C009520,VM-CMP-0005,2,1506.63,0.05,PLN
SO-2026-004659,3,2026-04-19,2026-04-20,PL-WEB-01,C009520,VM-ACC-0002,1,620.97,0.05,PLN
SO-2026-004659,4,2026-04-19,2026-04-20,PL-WEB-01,C009520,VM-EBK-0009,1,10088.37,0.05,PLN
SO-2026-004660,1,2026-04-19,2026-04-20,PL-WEB-01,C019923,VM-APP-0007,2,162.87,0.0,PLN
SO-2026-004660,2,2026-04-19,2026-04-20,PL-WEB-01,C019923,VM-EBK-0002,1,10129.09,0.1,PLN
SO-2026-004661,1,2026-04-19,2026-04-21,PL-WEB-01,C020321,VM-NUT-0003,6,11.19,0.05,PLN
SO-2026-004662,1,2026-04-19,2026-04-23,PL-WEB-01,C020758,VM-ACC-0001,2,386.83,0.0,PLN
SO-2026-004662,2,2026-04-19,2026-04-23,PL-WEB-01,C020758,VM-CMP-0019,3,213.77,0.0,PLN
SO-2026-004663,1,2026-04-19,2026-04-21,PL-WEB-01,C014498,VM-ACC-0008,2,407.19,0.0,PLN
SO-2026-004663,2,2026-04-19,2026-04-21,PL-WEB-01,C014498,VM-NUT-0003,8,11.19,0.0,PLN
SO-2026-004664,1,2026-04-19,2026-04-22,PL-WEB-01,C012359,VM-ACC-0008,4,407.19,0.12,PLN
SO-2026-004665,1,2026-04-19,2026-04-22,PL-WEB-01,C021035,VM-APP-0012,1,885.65,0.0,PLN
SO-2026-004665,2,2026-04-19,2026-04-22,PL-WEB-01,C021035,VM-BIK-0017,1,1944.37,0.0,PLN
SO-2026-004665,3,2026-04-19,2026-04-22,PL-WEB-01,C021035,VM-NUT-0008,7,10.17,0.0,PLN
SO-2026-004665,4,2026-04-19,2026-04-22,PL-WEB-01,C021035,VM-EBK-0011,1,14903.51,0.0,PLN
SO-2026-004666,1,2026-04-19,2026-04-22,PL-WEB-01,C021051,VM-CMP-0017,2,508.99,0.0,PLN
SO-2026-004667,1,2026-04-19,2026-04-21,PL-WEB-01,C019948,VM-ACC-0018,1,50.89,0.0,PLN
SO-2026-004668,1,2026-04-19,2026-04-21,PL-WEB-01,C021052,VM-EBK-0003,1,9253.61,0.0,PLN
SO-2026-004668,2,2026-04-19,2026-04-21,PL-WEB-01,C021052,VM-ACC-0014,1,111.97,0.0,PLN
SO-2026-004669,1,2026-04-19,2026-04-21,PL-WEB-01,C021053,VM-BIK-0011,1,8805.69,0.0,PLN
SO-2026-004670,1,2026-04-19,2026-04-22,PL-WEB-01,C020996,VM-APP-0006,1,315.57,0.0,PLN
SO-2026-004670,2,2026-04-19,2026-04-22,PL-WEB-01,C020996,VM-BIK-0016,1,3654.61,0.0,PLN
SO-2026-004670,3,2026-04-19,2026-04-22,PL-WEB-01,C020996,VM-BIK-0020,1,1231.77,0.05,PLN
SO-2026-004670,4,2026-04-19,2026-04-22,PL-WEB-01,C020996,VM-EBK-0002,1,10129.09,0.0,PLN
SO-2026-004671,1,2026-04-19,2026-04-20,PL-WEB-01,C009210,VM-APP-0005,9,183.23,0.08,PLN
SO-2026-004671,2,2026-04-19,2026-04-20,PL-WEB-01,C009210,VM-EBK-0008,3,15371.79,0.08,PLN
SO-2026-004672,1,2026-04-19,2026-04-20,PL-WEB-01,C011745,VM-BIK-0007,1,7176.89,0.0,PLN
SO-2026-004672,2,2026-04-19,2026-04-20,PL-WEB-01,C011745,vm-bik-0012,1,12022.57,0.0,PLN
SO-2026-004672,3,2026-04-19,2026-04-20,PL-WEB-01,C011745,VM-NUT-0004,10,7.12,0.0,PLN
SO-2026-004672,4,2026-04-19,2026-04-20,PL-WEB-01,C011745,VM-ACC-0004,2,794.03,0.0,PLN
SO-2026-004673,1,2026-04-19,2026-04-21,PL-WEB-01,C016369,VM-BIK-0007,1,7176.89,0.0,PLN
SO-2026-004673,2,2026-04-19,2026-04-21,PL-WEB-01,C016369,VM-BIK-0017,1,1944.37,0.0,PLN
SO-2026-004673,3,2026-04-19,2026-04-21,PL-WEB-01,C016369,VM-ACC-0018,2,50.89,0.0,PLN
SO-2026-004674,1,2026-04-19,2026-04-22,PL-MKT-01,C020074,VM-CMP-0003,1,244.31,0.0,PLN
SO-2026-004675,1,2026-04-19,2026-04-23,PL-MKT-01,C021054,VM-APP-0007,1,162.87,0.0,PLN
SO-2026-004676,1,2026-04-19,2026-04-21,PL-MKT-01,C014200,VM-EBK-0004,1,11279.43,0.0,PLN
SO-2026-004676,2,2026-04-19,2026-04-21,PL-MKT-01,C014200,VM-NUT-0008,9,10.17,0.0,PLN
SO-2026-004677,1,2026-04-19,2026-04-22,PL-MKT-01,C019387,VM-BIK-0019,1,1231.77,0.0,PLN
SO-2026-004677,2,2026-04-19,2026-04-22,PL-MKT-01,C019387,VM-ACC-0009,1,407.19,0.0,PLN
SO-2026-004677,3,2026-04-19,2026-04-22,PL-MKT-01,C019387,VM-ACC-0012,1,73.29,0.0,PLN
SO-2026-004677,4,2026-04-19,2026-04-22,PL-MKT-01,C019387,VM-APP-0008,2,162.87,0.0,PLN
SO-2026-004678,1,2026-04-19,2026-04-22,PL-MKT-01,C021055,VM-APP-0008,2,162.87,0.0,PLN
SO-2026-004678,2,2026-04-19,2026-04-22,PL-MKT-01,C021055,VM-NUT-0006,12,10.17,0.0,PLN
SO-2026-004678,3,2026-04-19,2026-04-22,PL-MKT-01,C021055,VM-CMP-0016,2,2504.27,0.0,PLN
SO-2026-004679,1,2026-04-19,2026-04-20,PL-MKT-01,C008546,VM-CMP-0006,1,203.59,0.0,PLN
SO-2026-004679,2,2026-04-19,2026-04-20,PL-MKT-01,C008546,VM-BIK-0002,1,9803.33,0.0,PLN
SO-2026-004679,3,2026-04-19,2026-04-20,PL-MKT-01,C008546,VM-ACC-0010,2,254.49,0.0,PLN
SO-2026-004680,1,2026-04-19,2026-04-22,PL-MKT-01,C014816,VM-CMP-0005,2,1506.63,0.0,PLN
SO-2026-004680,2,2026-04-19,2026-04-22,PL-MKT-01,C014816,VM-APP-0012,1,885.65,0.0,PLN
SO-2026-004680,3,2026-04-19,2026-04-22,PL-MKT-01,C014816,VM-EBK-0010,1,13732.81,0.0,PLN
SO-2026-004680,4,2026-04-19,2026-04-22,PL-MKT-01,C014816,VM-NUT-0011,1,54.96,0.0,PLN
SO-2026-004681,1,2026-04-19,2026-04-19,CZ-BRN-01,C021056,VM-NUT-0006,11,59.0,0.0,CZK
SO-2026-004682,1,2026-04-19,2026-04-21,CZ-WEB-01,C021057,VM-BIK-0021,1,7338.0,0.0,CZK
SO-2026-004683,1,2026-04-19,2026-04-20,CZ-WEB-01,C021058,VM-ACC-0022,1,9217.0,0.0,CZK
SO-2026-004684,1,2026-04-19,2026-04-23,CZ-WEB-01,C021059,VM-APP-0006,3,1820.0,0.0,CZK
SO-2026-004684,2,2026-04-19,2026-04-23,CZ-WEB-01,C021059,VM-ACC-0019,2,293.0,0.0,CZK
SO-2026-004684,3,2026-04-19,2026-04-23,CZ-WEB-01,C021059,VM-BIK-0001,1,80371.0,0.0,CZK
SO-2026-004685,1,2026-04-19,2026-04-21,CZ-WEB-01,C021060,VM-NUT-0007,4,76.0,0.0,CZK
SO-2026-004685,2,2026-04-19,2026-04-21,CZ-WEB-01,C021060,VM-NUT-0001,11,53.0,0.0,CZK
SO-2026-004685,3,2026-04-19,2026-04-21,CZ-WEB-01,C021060,VM-NUT-0002,10,88.0,0.0,CZK
SO-2026-004686,1,2026-04-19,2026-04-23,DE-WEB-01,C021061,VM-EBK-0010,1,3231.63,0.0,EUR
SO-2026-004687,1,2026-04-19,2026-04-23,DE-WEB-01,C021062,VM-EBK-0005,1,4180.28,0.0,EUR
SO-2026-004688,1,2026-04-19,2026-04-22,DE-WEB-01,C021063,VM-BIK-0010,1,1514.0,0.0,EUR
SO-2026-004689,1,2026-04-19,2026-04-22,DE-WEB-01,C017962,VM-BIK-0007,1,1688.88,0.05,EUR
SO-2026-004689,2,2026-04-19,2026-04-22,DE-WEB-01,C017962,VM-ACC-0008,1,95.82,0.05,EUR
SO-2026-004690,1,2026-04-20,2026-04-20,PL-WAW-01,C021064,VM-EBK-0009,1,10088.37,0.0,PLN
SO-2026-004690,2,2026-04-20,2026-04-20,PL-WAW-01,C021064,VM-ACC-0001,1,386.83,0.05,PLN
SO-2026-004691,1,2026-04-20,2026-04-20,PL-WAW-01,,vm-cmp-0021,4,48.85,0.0,PLN
SO-2026-004691,2,2026-04-20,2026-04-20,PL-WAW-01,,VM-ACC-0019,1,50.89,0.0,PLN
SO-2026-004691,3,2026-04-20,2026-04-20,PL-WAW-01,,VM-CMP-0005,2,1506.63,0.0,PLN
SO-2026-004692,1,2026-04-20,2026-04-20,PL-WAW-01,C018936,VM-CMP-0017,2,508.99,0.0,PLN
SO-2026-004693,1,2026-04-20,2026-04-20,PL-WAW-01,C015850,VM-ACC-0007,1,366.47,0.0,PLN
SO-2026-004693,2,2026-04-20,2026-04-20,PL-WAW-01,C015850,VM-BIK-0022,1,1425.19,0.0,PLN
SO-2026-004693,3,2026-04-20,2026-04-20,PL-WAW-01,C015850,VM-EBK-0009,1,10088.37,0.0,PLN
SO-2026-004694,1,2026-04-20,2026-04-20,PL-WAW-01,,VM-CMP-0004,1,732.95,0.0,PLN
SO-2026-004695,1,2026-04-20,2026-04-20,PL-WAW-02,C006991,VM-CMP-0013,1,539.53,0.0,PLN
SO-2026-004696,1,2026-04-20,2026-04-20,PL-WAW-02,,VM-NUT-0006,9,10.17,0.0,PLN
SO-2026-004697,1,2026-04-20,2026-04-20,PL-WAW-02,C018581,vm-acc-0003,2,295.21,0.0,PLN
SO-2026-004698,1,2026-04-20,2026-04-20,PL-KRK-01,C020212,VM-CMP-0011,2,162.87,0.05,PLN
SO-2026-004699,1,2026-04-20,2026-04-20,PL-KRK-01,,VM-CMP-0011,2,162.87,0.0,PLN
SO-2026-004700,1,2026-04-20,2026-04-20,PL-KRK-01,,VM-BIK-0007,1,7176.89,0.0,PLN
SO-2026-004701,1,2026-04-20,2026-04-20,PL-KRK-01,C021065,VM-NUT-0006,5,10.17,0.0,PLN
SO-2026-004702,1,2026-04-20,2026-04-20,PL-KRK-01,C012027,VM-NUT-0009,1,86.52,0.05,PLN
SO-2026-004702,2,2026-04-20,2026-04-20,PL-KRK-01,C012027,VM-EBK-0004,1,11279.43,0.05,PLN
SO-2026-004703,1,2026-04-20,2026-04-20,PL-KRK-01,C019240,VM-NUT-0004,10,7.12,0.0,PLN
SO-2026-004704,1,2026-04-20,2026-04-20,PL-GDN-01,C021066,VM-ACC-0007,1,366.47,0.1,PLN
SO-2026-004704,2,2026-04-20,2026-04-20,PL-GDN-01,C021066,VM-ACC-0018,3,50.89,0.0,PLN
SO-2026-004704,3,2026-04-20,2026-04-20,PL-GDN-01,C021066,VM-ACC-0008,2,407.19,0.0,PLN
SO-2026-004705,1,2026-04-20,2026-04-20,PL-GDN-01,C020400,VM-ACC-0018,2,50.89,0.0,PLN
SO-2026-004705,2,2026-04-20,2026-04-20,PL-GDN-01,C020400,VM-NUT-0006,7,10.17,0.0,PLN
SO-2026-004705,3,2026-04-20,2026-04-20,PL-GDN-01,C020400,VM-NUT-0004,14,7.12,0.0,PLN
SO-2026-004705,4,2026-04-20,2026-04-20,PL-GDN-01,C020400,VM-BIK-0005,1,7543.37,0.0,PLN
SO-2026-004706,1,2026-04-20,2026-04-20,PL-GDN-01,C021067,VM-ACC-0008,2,407.19,0.0,PLN
SO-2026-004707,1,2026-04-20,2026-04-20,PL-GDN-01,,VM-BIK-0013,1,4886.39,0.0,PLN
SO-2026-004708,1,2026-04-20,2026-04-20,PL-LDZ-01,,VM-CMP-0016,1,2504.27,0.0,PLN
SO-2026-004709,1,2026-04-20,2026-04-20,PL-LDZ-01,C021068,VM-EBK-0004,1,11279.43,0.0,PLN
SO-2026-004710,1,2026-04-20,2026-04-20,PL-LDZ-01,,VM-ACC-0021,1,794.03,0.0,PLN
SO-2026-004710,2,2026-04-20,2026-04-20,PL-LDZ-01,,VM-EBK-0002,1,10129.09,0.0,PLN
SO-2026-004711,1,2026-04-20,2026-04-20,PL-LDZ-01,C008259,VM-ACC-0001,1,386.83,0.0,PLN
SO-2026-004712,1,2026-04-20,2026-04-23,PL-WEB-01,C021069,VM-ACC-0009,1,407.19,0.0,PLN
SO-2026-004712,2,2026-04-20,2026-04-23,PL-WEB-01,C021069,VM-ACC-0010,2,254.49,0.0,PLN
SO-2026-004712,3,2026-04-20,2026-04-23,PL-WEB-01,C021069,VM-APP-0010,2,173.05,0.0,PLN
SO-2026-004713,1,2026-04-20,2026-04-23,PL-WEB-01,C021070,VM-BIK-0012,1,12022.57,0.0,PLN
SO-2026-004713,2,2026-04-20,2026-04-23,PL-WEB-01,C021070,VM-ACC-0014,1,111.97,0.0,PLN
SO-2026-004714,1,2026-04-20,2026-04-24,PL-WEB-01,C012102,VM-ACC-0021,1,794.03,0.0,PLN
SO-2026-004715,1,2026-04-20,2026-04-21,PL-WEB-01,C021071,VM-APP-0010,1,173.05,0.05,PLN
SO-2026-004716,1,2026-04-20,2026-04-24,PL-WEB-01,C020145,VM-CMP-0005,2,1506.63,0.0,PLN
SO-2026-004717,1,2026-04-20,2026-04-23,PL-WEB-01,C014258,VM-BIK-0020,1,1231.77,0.0,PLN
SO-2026-004717,2,2026-04-20,2026-04-23,PL-WEB-01,C014258,VM-ACC-0019,3,50.89,0.0,PLN
SO-2026-004718,1,2026-04-20,2026-04-23,PL-WEB-01,C015609,VM-BIK-0019,1,1231.77,0.0,PLN
SO-2026-004719,1,2026-04-20,2026-04-23,PL-WEB-01,C019079,VM-CMP-0006,2,203.59,0.05,PLN
SO-2026-004720,1,2026-04-20,2026-04-23,PL-WEB-01,C009424,VM-NUT-0009,2,86.52,0.1,PLN
SO-2026-004721,1,2026-04-20,2026-04-24,PL-WEB-01,C018215,VM-BIK-0001,1,13936.41,0.0,PLN
SO-2026-004721,2,2026-04-20,2026-04-24,PL-WEB-01,C018215,VM-EBK-0002,1,10129.09,0.0,PLN
SO-2026-004721,3,2026-04-20,2026-04-24,PL-WEB-01,C018215,VM-BIK-0012,1,12022.57,0.0,PLN
SO-2026-004722,1,2026-04-20,2026-04-21,PL-WEB-01,C012956,VM-EBK-0009,1,10088.37,0.0,PLN
SO-2026-004722,2,2026-04-20,2026-04-21,PL-WEB-01,C012956,VM-ACC-0015,1,356.29,0.0,PLN
SO-2026-004722,3,2026-04-20,2026-04-21,PL-WEB-01,C012956,VM-ACC-0008,1,407.19,0.0,PLN
SO-2026-004723,1,2026-04-20,2026-04-24,PL-WEB-01,C021072,VM-NUT-0008,12,10.17,0.0,PLN
SO-2026-004723,2,2026-04-20,2026-04-24,PL-WEB-01,C021072,VM-BIK-0013,1,4886.39,0.0,PLN
SO-2026-004724,1,2026-04-20,2026-04-24,PL-WEB-01,C014660,VM-CMP-0017,2,508.99,0.0,PLN
SO-2026-004725,1,2026-04-20,2026-04-24,PL-MKT-01,C021073,VM-NUT-0004,11,7.12,0.0,PLN
SO-2026-004726,1,2026-04-20,2026-04-24,PL-MKT-01,C021074,VM-ACC-0013,1,173.05,0.0,PLN
SO-2026-004726,2,2026-04-20,2026-04-24,PL-MKT-01,C021074,VM-BIK-0019,1,1231.77,0.0,PLN
SO-2026-004727,1,2026-04-20,2026-04-23,PL-MKT-01,C021075,VM-BIK-0009,1,5741.51,0.0,PLN
SO-2026-004728,1,2026-04-20,2026-04-21,PL-MKT-01,C020213,VM-EBK-0005,1,17764.09,0.0,PLN
SO-2026-004729,1,2026-04-20,2026-04-24,PL-MKT-01,C004672,VM-CMP-0004,1,732.95,0.05,PLN
SO-2026-004729,2,2026-04-20,2026-04-24,PL-MKT-01,C004672,VM-EBK-0007,1,14964.59,0.05,PLN
SO-2026-004729,3,2026-04-20,2026-04-24,PL-MKT-01,C004672,VM-ACC-0021,1,794.03,0.05,PLN
SO-2026-004729,4,2026-04-20,2026-04-24,PL-MKT-01,C004672,VM-APP-0006,3,315.57,0.05,PLN
SO-2026-004730,1,2026-04-20,2026-04-21,PL-MKT-01,C021076,VM-CMP-0017,2,508.99,0.0,PLN
SO-2026-004731,1,2026-04-20,2026-04-24,PL-MKT-01,C020552,VM-BIK-0002,1,9803.33,0.0,PLN
SO-2026-004732,1,2026-04-20,2026-04-23,PL-MKT-01,C011550,VM-APP-0003,3,315.57,0.0,PLN
SO-2026-004732,2,2026-04-20,2026-04-23,PL-MKT-01,C011550,VM-ACC-0022,1,1598.25,0.0,PLN
SO-2026-004733,1,2026-04-20,2026-04-21,PL-MKT-01,C014856,VM-ACC-0006,2,967.09,0.0,PLN
SO-2026-004733,2,2026-04-20,2026-04-21,PL-MKT-01,C014856,VM-BIK-0013,1,4886.39,0.0,PLN
SO-2026-004734,1,2026-04-20,2026-04-21,PL-MKT-01,C019015,VM-BIK-0012,1,12022.57,0.0,PLN
SO-2026-004735,1,2026-04-20,2026-04-22,PL-MKT-01,C019038,VM-ACC-0008,1,407.19,0.0,PLN
SO-2026-004735,2,2026-04-20,2026-04-22,PL-MKT-01,C019038,VM-APP-0013,1,447.91,0.0,PLN
SO-2026-004735,3,2026-04-20,2026-04-22,PL-MKT-01,C019038,VM-EBK-0011,1,14903.51,0.0,PLN
SO-2026-004735,4,2026-04-20,2026-04-22,PL-MKT-01,C019038,VM-APP-0002,1,447.91,0.0,PLN
SO-2026-004736,1,2026-04-20,2026-04-21,PL-MKT-01,C021077,VM-NUT-0002,15,15.26,0.0,PLN
SO-2026-004737,1,2026-04-20,2026-04-20,CZ-PRG-01,C021078,VM-ACC-0010,2,1468.0,0.0,CZK
SO-2026-004738,1,2026-04-20,2026-04-20,CZ-PRG-01,C021079,VM-EBK-0005,1,102446.0,0.0,CZK
SO-2026-004738,2,2026-04-20,2026-04-20,CZ-PRG-01,C021079,VM-ACC-0018,3,293.0,0.0,CZK
SO-2026-004739,1,2026-04-20,2026-04-20,CZ-BRN-01,C018859,VM-CMP-0002,1,3288.0,0.0,CZK
SO-2026-004740,1,2026-04-20,2026-04-22,CZ-WEB-01,C021080,VM-CMP-0005,1,8689.0,0.0,CZK
SO-2026-004741,1,2026-04-20,2026-04-24,CZ-WEB-01,C021081,VM-APP-0006,1,1820.0,0.0,CZK
SO-2026-004741,2,2026-04-20,2026-04-24,CZ-WEB-01,C021081,VM-APP-0018,2,763.0,0.0,CZK
SO-2026-004742,1,2026-04-20,2026-04-22,CZ-WEB-01,C021082,VM-BIK-0001,1,80371.0,0.0,CZK
SO-2026-004742,2,2026-04-20,2026-04-22,CZ-WEB-01,C021082,VM-NUT-0004,6,41.0,0.0,CZK
SO-2026-004742,3,2026-04-20,2026-04-22,CZ-WEB-01,C021082,VM-ACC-0008,2,2348.0,0.0,CZK
SO-2026-004743,1,2026-04-20,2026-04-22,CZ-WEB-01,C007228,VM-ACC-0019,3,293.0,0.0,CZK
SO-2026-004744,1,2026-04-20,2026-04-24,CZ-WEB-01,C021083,VM-BIK-0012,1,69334.0,0.0,CZK
SO-2026-004744,2,2026-04-20,2026-04-24,CZ-WEB-01,C021083,VM-ACC-0004,1,4579.0,0.0,CZK
SO-2026-004745,1,2026-04-20,2026-04-22,CZ-WEB-01,C021084,VM-BIK-0020,1,7104.0,0.0,CZK
SO-2026-004746,1,2026-04-20,2026-04-20,DE-BER-01,C020106,VM-BIK-0007,1,1688.88,0.0,EUR
SO-2026-004747,1,2026-04-20,2026-04-22,DE-WEB-01,C021085,VM-CMP-0008,1,105.4,0.0,EUR
SO-2026-004747,2,2026-04-20,2026-04-22,DE-WEB-01,C021085,VM-ACC-0017,3,13.89,0.0,EUR
SO-2026-004748,1,2026-04-20,2026-04-24,DE-WEB-01,C019988,VM-NUT-0008,6,2.39,0.0,EUR
SO-2026-004748,2,2026-04-20,2026-04-24,DE-WEB-01,C019988,VM-CMP-0006,2,47.91,0.0,EUR
SO-2026-004748,3,2026-04-20,2026-04-24,DE-WEB-01,C019988,VM-ACC-0005,2,43.12,0.0,EUR
SO-2026-004749,1,2026-04-20,2026-04-23,DE-WEB-01,C021086,VM-BIK-0007,1,1688.88,0.0,EUR
SO-2026-004749,2,2026-04-20,2026-04-23,DE-WEB-01,C021086,VM-ACC-0009,1,95.82,0.1,EUR
SO-2026-004749,3,2026-04-20,2026-04-23,DE-WEB-01,C021086,VM-ACC-0015,1,83.84,0.0,EUR
SO-2026-004749,4,2026-04-20,2026-04-23,DE-WEB-01,C021086,VM-ACC-0010,2,59.89,0.0,EUR
SO-2026-004750,1,2026-04-20,2026-04-24,DE-WEB-01,C021087,VM-EBK-0003,1,2177.58,0.0,EUR
SO-2026-004751,1,2026-04-20,2026-04-22,DE-WEB-01,C021088,VM-CMP-0015,2,220.39,0.0,EUR
SO-2026-004751,2,2026-04-20,2026-04-22,DE-WEB-01,C021088,VM-EBK-0003,1,2177.58,0.0,EUR
SO-2026-004752,1,2026-04-20,2026-04-24,DE-WEB-01,C015704,VM-ACC-0020,1,194.04,0.05,EUR
SO-2026-004752,2,2026-04-20,2026-04-24,DE-WEB-01,C015704,VM-NUT-0004,10,1.67,0.05,EUR
SO-2026-004753,1,2026-04-20,2026-04-24,DE-WEB-01,C012307,VM-EBK-0008,1,3617.32,0.0,EUR
SO-2026-004754,1,2026-04-20,2026-04-22,DE-WEB-01,C007106,VM-CMP-0018,15,14.85,0.12,EUR
SO-2026-004754,2,2026-04-20,2026-04-22,DE-WEB-01,C007106,VM-NUT-0011,8,12.93,0.12,EUR
SO-2026-004755,1,2026-04-21,2026-04-21,PL-WAW-01,C021089,VM-EBK-0004,1,11279.43,0.1,PLN
SO-2026-004756,1,2026-04-21,2026-04-21,PL-WAW-01,C021090,VM-CMP-0012,2,549.71,0.0,PLN
SO-2026-004757,1,2026-04-21,2026-04-21,PL-WAW-01,,VM-ACC-0007,1,366.47,0.0,PLN
SO-2026-004758,1,2026-04-21,2026-04-21,PL-WAW-01,C020496,VM-EBK-0003,5,9253.61,0.08,PLN
SO-2026-004759,1,2026-04-21,2026-04-21,PL-WAW-01,,VM-BIK-0011,1,8805.69,0.0,PLN
SO-2026-004759,2,2026-04-21,2026-04-21,PL-WAW-01,,VM-ACC-0008,1,407.19,0.0,PLN
SO-2026-004760,1,2026-04-21,2026-04-21,PL-WAW-01,C019086,VM-APP-0010,2,173.05,0.0,PLN
SO-2026-004760,2,2026-04-21,2026-04-21,PL-WAW-01,C019086,VM-NUT-0006,3,10.17,0.0,PLN
SO-2026-004760,3,2026-04-21,2026-04-21,PL-WAW-01,C019086,VM-BIK-0003,1,6657.71,0.0,PLN
SO-2026-004761,1,2026-04-21,2026-04-21,PL-WAW-01,C021091,VM-NUT-0008,4,10.17,0.05,PLN
SO-2026-004761,2,2026-04-21,2026-04-21,PL-WAW-01,C021091,VM-BIK-0013,1,4886.39,0.0,PLN
SO-2026-004762,1,2026-04-21,2026-04-21,PL-WAW-01,C021092,VM-NUT-0004,14,7.12,0.0,PLN
SO-2026-004763,1,2026-04-21,2026-04-21,PL-WAW-02,C021093,VM-CMP-0012,1,549.71,0.05,PLN
SO-2026-004764,1,2026-04-21,2026-04-21,PL-WAW-02,C021094,VM-BIK-0012,4,12022.57,0.12,PLN
SO-2026-004764,2,2026-04-21,2026-04-21,PL-WAW-02,C021094,VM-BIK-0010,5,6433.75,0.08,PLN
SO-2026-004765,1,2026-04-21,2026-04-21,PL-KRK-01,C006776,VM-EBK-0011,1,14903.51,0.0,PLN
SO-2026-004765,2,2026-04-21,2026-04-21,PL-KRK-01,C006776,VM-ACC-0008,1,407.19,0.0,PLN
SO-2026-004765,3,2026-04-21,2026-04-21,PL-KRK-01,C006776,VM-ACC-0019,2,50.89,0.0,PLN
SO-2026-004765,4,2026-04-21,2026-04-21,PL-KRK-01,C006776,VM-ACC-0014,1,111.97,0.0,PLN
SO-2026-004766,1,2026-04-21,2026-04-21,PL-KRK-01,,VM-BIK-0003,1,6657.71,0.05,PLN
SO-2026-004767,1,2026-04-21,2026-04-21,PL-KRK-01,C021095,VM-ACC-0018,2,50.89,0.0,PLN
SO-2026-004768,1,2026-04-21,2026-04-21,PL-KRK-01,,VM-BIK-0002,1,9803.33,0.0,PLN
SO-2026-004769,1,2026-04-21,2026-04-21,PL-KRK-01,C015194,VM-CMP-0017,2,508.99,0.1,PLN
SO-2026-004770,1,2026-04-21,2026-04-21,PL-WRO-01,C021096, VM-NUT-0004 ,5,7.12,0.0,PLN
SO-2026-004771,1,2026-04-21,2026-04-21,PL-WRO-01,C013623,VM-APP-0011,2,417.37,0.1,PLN
SO-2026-004771,2,2026-04-21,2026-04-21,PL-WRO-01,C013623,VM-NUT-0009,3,86.52,0.0,PLN
SO-2026-004771,3,2026-04-21,2026-04-21,PL-WRO-01,C013623,VM-BIK-0008,1,5405.57,0.0,PLN
SO-2026-004772,1,2026-04-21,2026-04-21,PL-WRO-01,,VM-NUT-0003,8,11.19,0.0,PLN
SO-2026-004772,2,2026-04-21,2026-04-21,PL-WRO-01,,VM-BIK-0019,1,1231.77,0.0,PLN
SO-2026-004773,1,2026-04-21,2026-04-21,PL-GDN-01,,VM-BIK-0019,1,1231.77,0.0,PLN
SO-2026-004773,2,2026-04-21,2026-04-21,PL-GDN-01,,VM-CMP-0019,1,213.77,0.0,PLN
SO-2026-004774,1,2026-04-21,2026-04-21,PL-GDN-01,C017796,VM-BIK-0011,1,8805.69,0.05,PLN
SO-2026-004775,1,2026-04-21,2026-04-21,PL-GDN-01,,VM-EBK-0009,1,10088.37,0.1,PLN
SO-2026-004776,1,2026-04-21,2026-04-21,PL-POZ-01,C004985,VM-CMP-0015,5,936.55,0.1,PLN
SO-2026-004776,2,2026-04-21,2026-04-21,PL-POZ-01,C004985,vm-nut-0003,35,11.19,0.12,PLN
SO-2026-004776,3,2026-04-21,2026-04-21,PL-POZ-01,C004985,VM-BIK-0001,5,13936.41,0.08,PLN
SO-2026-004777,1,2026-04-21,2026-04-21,PL-POZ-01,C018770,VM-EBK-0011,1,14903.51,0.0,PLN
SO-2026-004777,2,2026-04-21,2026-04-21,PL-POZ-01,C018770,VM-BIK-0022,1,1425.19,0.0,PLN
SO-2026-004778,1,2026-04-21,2026-04-21,PL-LDZ-01,,VM-BIK-0020,1,1231.77,0.0,PLN
SO-2026-004779,1,2026-04-21,2026-04-21,PL-LDZ-01,C007356,VM-APP-0013,1,447.91,0.05,PLN
SO-2026-004779,2,2026-04-21,2026-04-21,PL-LDZ-01,C007356,VM-BIK-0019,1,1231.77,0.05,PLN
SO-2026-004779,3,2026-04-21,2026-04-21,PL-LDZ-01,C007356,VM-CMP-0001,2,407.19,0.05,PLN
SO-2026-004780,1,2026-04-21,2026-04-21,PL-LDZ-01,C006856,VM-NUT-0002,8,15.26,0.0,PLN
SO-2026-004781,1,2026-04-21,2026-04-23,PL-WEB-01,C021097,VM-ACC-0003,1,295.21,0.0,PLN
SO-2026-004781,2,2026-04-21,2026-04-23,PL-WEB-01,C021097,VM-BIK-0003,1,6657.71,0.0,PLN
SO-2026-004781,3,2026-04-21,2026-04-23,PL-WEB-01,C021097,VM-EBK-0004,1,11279.43,0.0,PLN
SO-2026-004782,1,2026-04-21,2026-04-25,PL-WEB-01,C021098,VM-ACC-0008,1,407.19,0.0,PLN
SO-2026-004783,1,2026-04-21,2026-04-23,PL-WEB-01,C020701,VM-BIK-0020,1,1231.77,0.0,PLN
SO-2026-004784,1,2026-04-21,2026-04-24,PL-WEB-01,C021099,VM-ACC-0018,3,50.89,0.0,PLN
SO-2026-004785,1,2026-04-21,2026-04-24,PL-WEB-01,C010910,VM-ACC-0022,1,1598.25,0.05,PLN
SO-2026-004785,2,2026-04-21,2026-04-24,PL-WEB-01,C010910,VM-CMP-0005,2,1506.63,0.05,PLN
SO-2026-004786,1,2026-04-21,2026-04-24,PL-WEB-01,C020286,VM-CMP-0018,8,63.11,0.12,PLN
SO-2026-004786,2,2026-04-21,2026-04-24,PL-WEB-01,C020286,VM-BIK-0003,2,6657.71,0.1,PLN
SO-2026-004787,1,2026-04-21,2026-04-22,PL-WEB-01,C015136,VM-ACC-0018,2,50.89,0.0,PLN
SO-2026-004787,2,2026-04-21,2026-04-22,PL-WEB-01,C015136,VM-NUT-0006,12,10.17,0.0,PLN
SO-2026-004788,1,2026-04-21,2026-04-22,PL-WEB-01,C021100,VM-APP-0006,1,315.57,0.0,PLN
SO-2026-004788,2,2026-04-21,2026-04-22,PL-WEB-01,C021100,VM-ACC-0014,1,111.97,0.0,PLN
SO-2026-004788,3,2026-04-21,2026-04-22,PL-WEB-01,C021100,VM-APP-0018,1,132.33,0.0,PLN
SO-2026-004788,4,2026-04-21,2026-04-22,PL-WEB-01,C021100,VM-BIK-0011,1,8805.69,0.0,PLN
SO-2026-004789,1,2026-04-21,2026-04-23,PL-WEB-01,C021101,VM-BIK-0007,1,7176.89,0.0,PLN
SO-2026-004789,2,2026-04-21,2026-04-23,PL-WEB-01,C021101,VM-NUT-0008,6,10.17,0.0,PLN
SO-2026-004789,3,2026-04-21,2026-04-23,PL-WEB-01,C021101,VM-ACC-0014,1,111.97,0.0,PLN
SO-2026-004790,1,2026-04-21,2026-04-23,PL-WEB-01,C021102,VM-EBK-0004,1,11279.43,0.0,PLN
SO-2026-004791,1,2026-04-21,2026-04-22,PL-WEB-01,C007721,VM-BIK-0007,1,7176.89,0.0,PLN
SO-2026-004791,2,2026-04-21,2026-04-22,PL-WEB-01,C007721,VM-ACC-0010,2,254.49,0.0,PLN
SO-2026-004792,1,2026-04-21,2026-04-24,PL-WEB-01,C013708,VM-APP-0010,2,173.05,0.0,PLN
SO-2026-004793,1,2026-04-21,2026-04-23,PL-MKT-01,C021103,VM-APP-0013,1,447.91,0.0,PLN
SO-2026-004793,2,2026-04-21,2026-04-23,PL-MKT-01,C021103,VM-EBK-0003,1,9253.61,0.0,PLN
SO-2026-004793,3,2026-04-21,2026-04-23,PL-MKT-01,C021103,VM-BIK-0012,1,12022.57,0.0,PLN
SO-2026-004794,1,2026-04-21,2026-04-25,PL-MKT-01,C021104,VM-BIK-0004,1,4346.85,0.0,PLN
SO-2026-004794,2,2026-04-21,2026-04-25,PL-MKT-01,C021104,VM-ACC-0019,1,50.89,0.0,PLN
SO-2026-004795,1,2026-04-21,2026-04-24,PL-MKT-01,C015076,VM-EBK-0005,1,17764.09,0.0,PLN
SO-2026-004796,1,2026-04-21,2026-04-25,PL-MKT-01,C021105,VM-CMP-0017,2,508.99,0.0,PLN
SO-2026-004796,2,2026-04-21,2026-04-25,PL-MKT-01,C021105,VM-BIK-0013,1,4886.39,0.0,PLN
SO-2026-004797,1,2026-04-21,2026-04-21,CZ-PRG-01,C016501,VM-NUT-0002,33,88.0,0.08,CZK
SO-2026-004798,1,2026-04-21,2026-04-21,CZ-BRN-01,,VM-EBK-0007,1,86301.0,0.0,CZK
SO-2026-004798,2,2026-04-21,2026-04-21,CZ-BRN-01,,VM-APP-0008,2,939.0,0.0,CZK
SO-2026-004798,3,2026-04-21,2026-04-21,CZ-BRN-01,,VM-ACC-0016,1,170.0,0.05,CZK
SO-2026-004799,1,2026-04-21,2026-04-21,CZ-BRN-01,C013906,VM-APP-0006,2,1820.0,0.0,CZK
SO-2026-004799,2,2026-04-21,2026-04-21,CZ-BRN-01,C013906,VM-EBK-0007,1,86301.0,0.0,CZK
SO-2026-004800,1,2026-04-21,2026-04-24,CZ-WEB-01,C012201,VM-BIK-0004,1,25068.0,0.0,CZK
SO-2026-004800,2,2026-04-21,2026-04-24,CZ-WEB-01,C012201,VM-APP-0010,1,998.0,0.0,CZK
SO-2026-004801,1,2026-04-21,2026-04-22,CZ-WEB-01,C021106,VM-NUT-0004,15,41.0,0.0,CZK
SO-2026-004801,2,2026-04-21,2026-04-22,CZ-WEB-01,C021106,VM-CMP-0007,1,3699.0,0.0,CZK
SO-2026-004802,1,2026-04-21,2026-04-23,CZ-WEB-01,C018956,VM-ACC-0013,1,998.0,0.0,CZK
SO-2026-004802,2,2026-04-21,2026-04-23,CZ-WEB-01,C018956,VM-EBK-0003,1,53366.0,0.0,CZK
SO-2026-004803,1,2026-04-21,2026-04-24,CZ-WEB-01,C021107,VM-BIK-0007,1,41389.0,0.0,CZK
SO-2026-004803,2,2026-04-21,2026-04-24,CZ-WEB-01,C021107,VM-ACC-0008,1,2348.0,0.0,CZK
SO-2026-004804,1,2026-04-21,2026-04-24,CZ-WEB-01,C019601,VM-BIK-0010,4,37104.0,0.08,CZK
SO-2026-004804,2,2026-04-21,2026-04-24,CZ-WEB-01,C019601,VM-APP-0003,2,1820.0,0.08,CZK
SO-2026-004805,1,2026-04-21,2026-04-21,DE-BER-01,,VM-CMP-0002,1,134.15,0.0,EUR
SO-2026-004805,2,2026-04-21,2026-04-21,DE-BER-01,,VM-ACC-0020,1,194.04,0.0,EUR
SO-2026-004806,1,2026-04-21,2026-04-21,DE-BER-01,C015706,vm-bik-0009,1,1351.1,0.05,EUR
SO-2026-004806,2,2026-04-21,2026-04-21,DE-BER-01,C015706,VM-ACC-0007,2,86.24,0.05,EUR
SO-2026-004807,1,2026-04-21,2026-04-21,DE-BER-01,C008334,VM-EBK-0011,4,3507.12,0.12,EUR
SO-2026-004807,2,2026-04-21,2026-04-21,DE-BER-01,C008334,VM-ACC-0007,8,86.24,0.12,EUR
SO-2026-004808,1,2026-04-21,2026-04-22,DE-WEB-01,C014593,VM-EBK-0005,1,4180.28,0.0,EUR
SO-2026-004808,2,2026-04-21,2026-04-22,DE-WEB-01,C014593,VM-NUT-0006,5,2.39,0.0,EUR
SO-2026-004808,3,2026-04-21,2026-04-22,DE-WEB-01,C014593,VM-EBK-0008,1,3617.32,0.0,EUR
SO-2026-004808,4,2026-04-21,2026-04-22,DE-WEB-01,C014593,VM-ACC-0008,1,95.82,0.0,EUR
SO-2026-004809,1,2026-04-21,2026-04-23,DE-WEB-01,C014325,VM-CMP-0020,3,62.28,0.0,EUR
SO-2026-004810,1,2026-04-21,2026-04-22,DE-WEB-01,C021108,VM-ACC-0008,1,95.82,0.0,EUR
SO-2026-004810,2,2026-04-21,2026-04-22,DE-WEB-01,C021108,VM-BIK-0001,1,3279.54,0.0,EUR
SO-2026-004811,1,2026-04-21,2026-04-25,DE-WEB-01,C016857,VM-APP-0002,2,105.4,0.0,EUR
SO-2026-004811,2,2026-04-21,2026-04-25,DE-WEB-01,C016857,VM-BIK-0013,1,1149.87,0.0,EUR
SO-2026-004811,3,2026-04-21,2026-04-25,DE-WEB-01,C016857,VM-BIK-0002,1,2306.94,0.0,EUR
SO-2026-004812,1,2026-04-21,2026-04-25,DE-WEB-01,C021109,VM-BIK-0007,1,1688.88,0.0,EUR
SO-2026-004812,2,2026-04-21,2026-04-25,DE-WEB-01,C021109,VM-CMP-0009,2,83.84,0.0,EUR
SO-2026-004813,1,2026-04-21,2026-04-24,DE-WEB-01,C021110,VM-EBK-0004,1,2654.3,0.0,EUR
SO-2026-004814,1,2026-04-21,2026-04-25,DE-WEB-01,C021111,VM-NUT-0008,7,2.39,0.0,EUR
SO-2026-004815,1,2026-04-21,2026-04-23,DE-WEB-01,C013630,VM-APP-0005,3,43.12,0.0,EUR
SO-2026-004815,2,2026-04-21,2026-04-23,DE-WEB-01,C013630,VM-ACC-0010,1,59.89,0.0,EUR
SO-2026-004816,1,2026-04-21,2026-04-25,DE-WEB-01,C015524,VM-ACC-0002,2,146.13,0.0,EUR
SO-2026-004817,1,2026-04-21,2026-04-22,DE-WEB-01,C015963,VM-BIK-0007,1,1688.88,0.05,EUR
SO-2026-004817,2,2026-04-21,2026-04-22,DE-WEB-01,C015963,vm-acc-0008,1,95.82,0.05,EUR
SO-2026-004818,1,2026-04-21,2026-04-24,DE-WEB-01,C021112,VM-BIK-0012,1,2829.17,0.0,EUR
SO-2026-004819,1,2026-04-21,2026-04-22,DE-WEB-01,C017225,VM-BIK-0016,1,860.01,0.0,EUR
SO-2026-004819,2,2026-04-21,2026-04-22,DE-WEB-01,C017225,VM-ACC-0008,1,95.82,0.0,EUR
SO-2026-004819,3,2026-04-21,2026-04-22,DE-WEB-01,C017225,VM-CMP-0008,1,105.4,0.0,EUR
SO-2026-004820,1,2026-04-21,2026-04-25,DE-WEB-01,C021113,VM-BIK-0007,1,1688.88,0.0,EUR
SO-2026-004821,1,2026-04-22,2026-04-22,PL-WAW-01,,VM-CMP-0001,2,407.19,0.0,PLN
SO-2026-004822,1,2026-04-22,2026-04-22,PL-WAW-01,,VM-NUT-0006,9,10.17,0.0,PLN
SO-2026-004822,2,2026-04-22,2026-04-22,PL-WAW-01,,VM-CMP-0005,1,1506.63,0.0,PLN
SO-2026-004823,1,2026-04-22,2026-04-22,PL-WAW-01,C007163,VM-CMP-0021,2,48.85,0.0,PLN
SO-2026-004824,1,2026-04-22,2026-04-22,PL-WAW-01,,VM-APP-0010,2,173.05,0.0,PLN
SO-2026-004825,1,2026-04-22,2026-04-22,PL-WAW-01,,VM-BIK-0007,1,7176.89,0.0,PLN
SO-2026-004826,1,2026-04-22,2026-04-22,PL-WAW-01,C007898,VM-NUT-0004,14,7.12,0.0,PLN
SO-2026-004826,2,2026-04-22,2026-04-22,PL-WAW-01,C007898,VM-APP-0010,1,173.05,0.0,PLN
SO-2026-004827,1,2026-04-22,2026-04-22,PL-WAW-01,C015690,VM-BIK-0013,1,4886.39,0.0,PLN
SO-2026-004828,1,2026-04-22,2026-04-22,PL-WAW-01,C021114,VM-ACC-0014,1,111.97,0.0,PLN
SO-2026-004829,1,2026-04-22,2026-04-22,PL-WAW-01,C020537,VM-CMP-0013,1,539.53,0.0,PLN
SO-2026-004830,1,2026-04-22,2026-04-22,PL-WAW-02,C013397,VM-EBK-0009,1,10088.37,0.05,PLN
SO-2026-004830,2,2026-04-22,2026-04-22,PL-WAW-02,C013397,VM-ACC-0008,1,407.19,0.05,PLN
SO-2026-004830,3,2026-04-22,2026-04-22,PL-WAW-02,C013397,VM-NUT-0008,9,10.17,0.05,PLN
SO-2026-004831,1,2026-04-22,2026-04-22,PL-WAW-02,C021115,VM-APP-0007,1,162.87,0.0,PLN
SO-2026-004832,1,2026-04-22,2026-04-22,PL-WAW-02,C004329,VM-ACC-0010,2,254.49,0.0,PLN
SO-2026-004832,2,2026-04-22,2026-04-22,PL-WAW-02,C004329,VM-ACC-0008,1,407.19,0.0,PLN
SO-2026-004832,3,2026-04-22,2026-04-22,PL-WAW-02,C004329,VM-CMP-0005,1,1506.63,0.0,PLN
SO-2026-004832,4,2026-04-22,2026-04-22,PL-WAW-02,C004329,VM-NUT-0003,4,11.19,0.0,PLN
SO-2026-004833,1,2026-04-22,2026-04-22,PL-WAW-02,C016961,VM-ACC-0003,1,295.21,0.0,PLN
SO-2026-004834,1,2026-04-22,2026-04-22,PL-WAW-02,,VM-APP-0005,1,183.23,0.0,PLN
SO-2026-004834,2,2026-04-22,2026-04-22,PL-WAW-02,,VM-EBK-0007,1,14964.59,0.0,PLN
SO-2026-004834,3,2026-04-22,2026-04-22,PL-WAW-02,,VM-APP-0010,2,173.05,0.0,PLN
SO-2026-004835,1,2026-04-22,2026-04-22,PL-WAW-02,C018696,VM-APP-0013,1,447.91,0.0,PLN
SO-2026-004835,2,2026-04-22,2026-04-22,PL-WAW-02,C018696,VM-CMP-0016,1,2504.27,0.0,PLN
SO-2026-004835,3,2026-04-22,2026-04-22,PL-WAW-02,C018696,VM-BIK-0004,1,4346.85,0.0,PLN
SO-2026-004836,1,2026-04-22,2026-04-22,PL-WAW-02,,VM-NUT-0006,4,10.17,0.0,PLN
SO-2026-004836,2,2026-04-22,2026-04-22,PL-WAW-02,,VM-APP-0013,1,447.91,0.0,PLN
SO-2026-004837,1,2026-04-22,2026-04-22,PL-KRK-01,C021116,VM-BIK-0004,1,4346.85,0.0,PLN
SO-2026-004837,2,2026-04-22,2026-04-22,PL-KRK-01,C021116,VM-NUT-0004,5,7.12,0.0,PLN
SO-2026-004838,1,2026-04-22,2026-04-22,PL-KRK-01,C021117,VM-ACC-0006,1,967.09,0.0,PLN
SO-2026-004839,1,2026-04-22,2026-04-22,PL-KRK-01,C019214,VM-NUT-0002,10,15.26,0.0,PLN
SO-2026-004839,2,2026-04-22,2026-04-22,PL-KRK-01,C019214,VM-BIK-0002,1,9803.33,0.0,PLN
SO-2026-004839,3,2026-04-22,2026-04-22,PL-KRK-01,C019214,VM-BIK-0011,1,8805.69,0.0,PLN
SO-2026-004840,1,2026-04-22,2026-04-22,PL-KRK-01,C021118,vm-bik-0008,1,5405.57,0.0,PLN
SO-2026-004841,1,2026-04-22,2026-04-22,PL-KRK-01,,VM-BIK-0001,1,13936.41,0.0,PLN
SO-2026-004842,1,2026-04-22,2026-04-22,PL-WRO-01,,VM-CMP-0019,2,213.77,0.0,PLN
SO-2026-004842,2,2026-04-22,2026-04-22,PL-WRO-01,,VM-CMP-0022,4,36.64,0.1,PLN
SO-2026-004842,3,2026-04-22,2026-04-22,PL-WRO-01,,VM-NUT-0009,1,86.52,0.0,PLN
SO-2026-004843,1,2026-04-22,2026-04-22,PL-WRO-01,C019721,VM-BIK-0007,3,7176.89,0.1,PLN
SO-2026-004843,2,2026-04-22,2026-04-22,PL-WRO-01,C019721,VM-ACC-0009,3,407.19,0.12,PLN
SO-2026-004843,3,2026-04-22,2026-04-22,PL-WRO-01,C019721,VM-NUT-0008,27,10.17,0.1,PLN
SO-2026-004843,4,2026-04-22,2026-04-22,PL-WRO-01,C019721,VM-ACC-0018,6,50.89,0.1,PLN
SO-2026-004844,1,2026-04-22,2026-04-22,PL-WRO-01,C019771,VM-APP-0013,1,447.91,0.05,PLN
SO-2026-004844,2,2026-04-22,2026-04-22,PL-WRO-01,C019771,VM-BIK-0019,1,1231.77,0.1,PLN
SO-2026-004844,3,2026-04-22,2026-04-22,PL-WRO-01,C019771,VM-NUT-0001,4,9.15,0.05,PLN
SO-2026-004844,4,2026-04-22,2026-04-22,PL-WRO-01,C019771,VM-ACC-0014,1,111.97,0.05,PLN
SO-2026-004845,1,2026-04-22,2026-04-22,PL-WRO-01,,VM-BIK-0017,1,1944.37,0.0,PLN
SO-2026-004845,2,2026-04-22,2026-04-22,PL-WRO-01,,VM-NUT-0004,8,7.12,0.0,PLN
SO-2026-004845,3,2026-04-22,2026-04-22,PL-WRO-01,,VM-ACC-0008,1,407.19,0.0,PLN
SO-2026-004845,4,2026-04-22,2026-04-22,PL-WRO-01,,VM-ACC-0018,3,50.89,0.0,PLN
SO-2026-004846,1,2026-04-22,2026-04-22,PL-WRO-01,C018803,VM-BIK-0020,1,1231.77,0.0,PLN
SO-2026-004847,1,2026-04-22,2026-04-22,PL-GDN-01,C021119,VM-CMP-0006,1,203.59,0.0,PLN
SO-2026-004847,2,2026-04-22,2026-04-22,PL-GDN-01,C021119,VM-ACC-0014,1,111.97,0.0,PLN
SO-2026-004848,1,2026-04-22,2026-04-22,PL-GDN-01,C004985,VM-BIK-0012,2,12022.57,0.12,PLN
SO-2026-004849,1,2026-04-22,2026-04-22,PL-GDN-01,C020837,VM-ACC-0005,1,183.23,0.0,PLN
SO-2026-004850,1,2026-04-22,2026-04-22,PL-POZ-01,C018305,vm-nut-0009,3,86.52,0.0,PLN
SO-2026-004851,1,2026-04-22,2026-04-22,PL-POZ-01,,VM-CMP-0014,2,437.73,0.0,PLN
SO-2026-004852,1,2026-04-22,2026-04-22,PL-POZ-01,C021120,VM-NUT-0002,15,15.26,0.0,PLN
SO-2026-004852,2,2026-04-22,2026-04-22,PL-POZ-01,C021120,VM-CMP-0005,2,1506.63,0.0,PLN
SO-2026-004852,3,2026-04-22,2026-04-22,PL-POZ-01,C021120,VM-ACC-0014,1,111.97,0.0,PLN
SO-2026-004853,1,2026-04-22,2026-04-22,PL-POZ-01,C018642,VM-EBK-0010,1,13732.81,0.0,PLN
SO-2026-004853,2,2026-04-22,2026-04-22,PL-POZ-01,C018642,VM-BIK-0020,1,1231.77,0.0,PLN
SO-2026-004853,3,2026-04-22,2026-04-22,PL-POZ-01,C018642,VM-EBK-0007,1,14964.59,0.0,PLN
SO-2026-004854,1,2026-04-22,2026-04-22,PL-POZ-01,C019316,VM-NUT-0006,10,10.17,0.0,PLN
SO-2026-004854,2,2026-04-22,2026-04-22,PL-POZ-01,C019316,VM-APP-0010,1,173.05,0.0,PLN
SO-2026-004855,1,2026-04-22,2026-04-22,PL-LDZ-01,C018995,VM-BIK-0021,1,1272.49,0.0,PLN
SO-2026-004855,2,2026-04-22,2026-04-22,PL-LDZ-01,C018995,VM-ACC-0004,1,794.03,0.0,PLN
SO-2026-004855,3,2026-04-22,2026-04-22,PL-LDZ-01,C018995,VM-ACC-0001,2,386.83,0.0,PLN
SO-2026-004855,4,2026-04-22,2026-04-22,PL-LDZ-01,C018995,VM-ACC-0019,1,50.89,0.0,PLN
SO-2026-004856,1,2026-04-22,2026-04-26,PL-WEB-01,C021121,VM-EBK-0003,1,9253.61,0.0,PLN
SO-2026-004857,1,2026-04-22,2026-04-25,PL-WEB-01,C021122,VM-BIK-0007,1,7176.89,0.0,PLN
SO-2026-004857,2,2026-04-22,2026-04-25,PL-WEB-01,C021122,VM-ACC-0014,1,111.97,0.0,PLN
SO-2026-004857,3,2026-04-22,2026-04-25,PL-WEB-01,C021122,VM-ACC-0008,2,407.19,0.0,PLN
SO-2026-004858,1,2026-04-22,2026-04-24,PL-WEB-01,C013721,VM-ACC-0003,2,295.21,0.0,PLN
SO-2026-004859,1,2026-04-22,2026-04-26,PL-WEB-01,C019711,VM-CMP-0009,1,356.29,0.0,PLN
SO-2026-004860,1,2026-04-22,2026-04-25,PL-WEB-01,C019799,VM-NUT-0001,15,9.15,0.05,PLN
SO-2026-004860,2,2026-04-22,2026-04-25,PL-WEB-01,C019799,VM-APP-0011,1,417.37,0.05,PLN
SO-2026-004861,1,2026-04-22,2026-04-25,PL-WEB-01,C020394,VM-ACC-0010,1,254.49,0.0,PLN
SO-2026-004862,1,2026-04-22,2026-04-24,PL-WEB-01,C021123,VM-NUT-0004,12,7.12,0.0,PLN
SO-2026-004862,2,2026-04-22,2026-04-24,PL-WEB-01,C021123,vm-cmp-0020,1,264.67,0.0,PLN
SO-2026-004863,1,2026-04-22,2026-04-25,PL-WEB-01,C021124,VM-APP-0018,2,132.33,0.05,PLN
SO-2026-004864,1,2026-04-22,2026-04-24,PL-WEB-01,C012196,VM-ACC-0008,2,407.19,0.08,PLN
SO-2026-004864,2,2026-04-22,2026-04-24,PL-WEB-01,C012196,VM-ACC-0018,5,50.89,0.12,PLN
SO-2026-004864,3,2026-04-22,2026-04-24,PL-WEB-01,C012196,VM-CMP-0009,3,356.29,0.1,PLN
SO-2026-004864,4,2026-04-22,2026-04-24,PL-WEB-01,C012196,VM-BIK-0007,2,7176.89,0.08,PLN
SO-2026-004865,1,2026-04-22,2026-04-23,PL-WEB-01,C007322,VM-BIK-0007,1,7176.89,0.0,PLN
SO-2026-004866,1,2026-04-22,2026-04-23,PL-WEB-01,C017220,VM-NUT-0008,3,10.17,0.0,PLN
SO-2026-004866,2,2026-04-22,2026-04-23,PL-WEB-01,C017220,VM-APP-0019,2,67.18,0.0,PLN
SO-2026-004866,3,2026-04-22,2026-04-23,PL-WEB-01,C017220,VM-BIK-0013,1,4886.39,0.0,PLN
SO-2026-004867,1,2026-04-22,2026-04-23,PL-WEB-01,C020216,VM-BIK-0003,1,6657.71,0.0,PLN
SO-2026-004868,1,2026-04-22,2026-04-25,PL-WEB-01,C021125,VM-APP-0002,2,447.91,0.0,PLN
SO-2026-004868,2,2026-04-22,2026-04-25,PL-WEB-01,C021125,VM-APP-0003,2,315.57,0.0,PLN
SO-2026-004869,1,2026-04-22,2026-04-24,PL-WEB-01,C010812,VM-EBK-0005,3,17764.09,0.12,PLN
SO-2026-004870,1,2026-04-22,2026-04-25,PL-WEB-01,C019861,VM-APP-0008,1,162.87,0.0,PLN
SO-2026-004871,1,2026-04-22,2026-04-26,PL-MKT-01,C021126,VM-ACC-0019,2,50.89,0.0,PLN
SO-2026-004872,1,2026-04-22,2026-04-23,PL-MKT-01,C013454,VM-BIK-0017,4,1944.37,0.12,PLN
SO-2026-004873,1,2026-04-22,2026-04-25,PL-MKT-01,C016280,VM-CMP-0014,2,437.73,0.05,PLN
SO-2026-004874,1,2026-04-22,2026-04-25,PL-MKT-01,C021127,VM-APP-0011,1,417.37,0.05,PLN
SO-2026-004874,2,2026-04-22,2026-04-25,PL-MKT-01,C021127,VM-CMP-0007,2,641.33,0.05,PLN
SO-2026-004875,1,2026-04-22,2026-04-26,PL-MKT-01,C021128,VM-EBK-0011,1,14903.51,0.05,PLN
SO-2026-004876,1,2026-04-22,2026-04-26,PL-MKT-01,C021129,VM-BIK-0019,1,1231.77,0.05,PLN
SO-2026-004877,1,2026-04-22,2026-04-22,CZ-PRG-01,C013375,VM-ACC-0001,1,2231.0,0.0,CZK
SO-2026-004877,2,2026-04-22,2026-04-22,CZ-PRG-01,C013375,VM-CMP-0002,1,3288.0,0.0,CZK
SO-2026-004877,3,2026-04-22,2026-04-22,CZ-PRG-01,C013375,VM-APP-0010,1,998.0,0.0,CZK
SO-2026-004878,1,2026-04-22,2026-04-22,CZ-PRG-01,C021130,VM-BIK-0007,1,41389.0,0.0,CZK
SO-2026-004878,2,2026-04-22,2026-04-22,CZ-PRG-01,C021130,VM-EBK-0002,1,58415.0,0.0,CZK
SO-2026-004879,1,2026-04-22,2026-04-22,CZ-PRG-01,C021131,VM-BIK-0017,1,11213.0,0.0,CZK
SO-2026-004880,1,2026-04-22,2026-04-22,CZ-PRG-01,C020829,VM-ACC-0013,1,998.0,0.0,CZK
SO-2026-004881,1,2026-04-22,2026-04-22,CZ-PRG-01,C017158,VM-NUT-0004,3,41.0,0.0,CZK
SO-2026-004882,1,2026-04-22,2026-04-22,CZ-BRN-01,C020253,VM-ACC-0017,2,340.0,0.0,CZK
SO-2026-004882,2,2026-04-22,2026-04-22,CZ-BRN-01,C020253,VM-NUT-0003,13,65.0,0.0,CZK
SO-2026-004882,3,2026-04-22,2026-04-22,CZ-BRN-01,C020253,VM-NUT-0006,4,59.0,0.0,CZK
SO-2026-004883,1,2026-04-22,2026-04-22,CZ-BRN-01,C019171,VM-CMP-0005,2,8689.0,0.05,CZK
SO-2026-004883,2,2026-04-22,2026-04-22,CZ-BRN-01,C019171,VM-BIK-0007,1,41389.0,0.05,CZK
SO-2026-004884,1,2026-04-22,2026-04-25,CZ-WEB-01,C020920,VM-NUT-0001,55,53.0,0.12,CZK
SO-2026-004884,2,2026-04-22,2026-04-25,CZ-WEB-01,C020920,VM-BIK-0007,5,41389.0,0.08,CZK
SO-2026-004885,1,2026-04-22,2026-04-24,CZ-WEB-01,C021132,VM-NUT-0006,11,59.0,0.0,CZK
SO-2026-004885,2,2026-04-22,2026-04-24,CZ-WEB-01,C021132,VM-BIK-0012,1,69334.0,0.0,CZK
SO-2026-004886,1,2026-04-22,2026-04-22,DE-BER-01,C021133,VM-ACC-0014,1,26.35,0.0,EUR
SO-2026-004887,1,2026-04-22,2026-04-22,DE-BER-01,C011896,VM-APP-0007,8,38.33,0.1,EUR
SO-2026-004887,2,2026-04-22,2026-04-22,DE-BER-01,C011896,VM-BIK-0007,3,1688.88,0.1,EUR
SO-2026-004888,1,2026-04-22,2026-04-22,DE-BER-01,,VM-ACC-0008,2,95.82,0.0,EUR
SO-2026-004888,2,2026-04-22,2026-04-22,DE-BER-01,,VM-NUT-0006,11,2.39,0.0,EUR
SO-2026-004888,3,2026-04-22,2026-04-22,DE-BER-01,,VM-ACC-0018,2,11.98,0.0,EUR
SO-2026-004889,1,2026-04-22,2026-04-22,DE-BER-01,C021134,VM-EBK-0003,1,2177.58,0.0,EUR
SO-2026-004890,1,2026-04-22,2026-04-22,DE-BER-01,C017280, VM-BIK-0012 ,1,2829.17,0.05,EUR
SO-2026-004890,2,2026-04-22,2026-04-22,DE-BER-01,C017280,VM-ACC-0008,2,95.82,0.05,EUR
SO-2026-004891,1,2026-04-22,2026-04-22,DE-BER-01,C019209,VM-NUT-0004,8,1.67,0.0,EUR
SO-2026-004892,1,2026-04-22,2026-04-24,DE-WEB-01,C021135,vm-cmp-0021,1,11.5,0.0,EUR
SO-2026-004893,1,2026-04-22,2026-04-23,DE-WEB-01,C018860,VM-ACC-0008,1,95.82,0.0,EUR
SO-2026-004893,2,2026-04-22,2026-04-23,DE-WEB-01,C018860,VM-CMP-0001,1,95.82,0.0,EUR
SO-2026-004893,3,2026-04-22,2026-04-23,DE-WEB-01,C018860,VM-CMP-0013,2,126.96,0.0,EUR
SO-2026-004893,4,2026-04-22,2026-04-23,DE-WEB-01,C018860,VM-APP-0008,1,38.33,0.0,EUR
SO-2026-004894,1,2026-04-23,2026-04-23,PL-WAW-01,,VM-APP-0004,1,244.31,0.0,PLN
SO-2026-004894,2,2026-04-23,2026-04-23,PL-WAW-01,,VM-NUT-0008,10,10.17,0.0,PLN
SO-2026-004894,3,2026-04-23,2026-04-23,PL-WAW-01,,VM-ACC-0008,1,407.19,0.0,PLN
SO-2026-004895,1,2026-04-23,2026-04-23,PL-WAW-01,,VM-APP-0010,2,173.05,0.0,PLN
SO-2026-004896,1,2026-04-23,2026-04-23,PL-WAW-01,,VM-ACC-0008,1,407.19,0.0,PLN
SO-2026-004896,2,2026-04-23,2026-04-23,PL-WAW-01,,VM-EBK-0002,1,10129.09,0.0,PLN
SO-2026-004896,3,2026-04-23,2026-04-23,PL-WAW-01,,VM-EBK-0009,1,10088.37,0.0,PLN
SO-2026-004897,1,2026-04-23,2026-04-23,PL-WAW-02,C018365,VM-ACC-0021,1,794.03,0.0,PLN
SO-2026-004897,2,2026-04-23,2026-04-23,PL-WAW-02,C018365,VM-APP-0015,1,580.25,0.0,PLN
SO-2026-004897,3,2026-04-23,2026-04-23,PL-WAW-02,C018365,VM-APP-0012,1,885.65,0.0,PLN
SO-2026-004898,1,2026-04-23,2026-04-23,PL-WAW-02,C021136,VM-CMP-0009,1,356.29,0.0,PLN
SO-2026-004899,1,2026-04-23,2026-04-23,PL-WAW-02,C018534,VM-BIK-0002,1,9803.33,0.05,PLN
SO-2026-004899,2,2026-04-23,2026-04-23,PL-WAW-02,C018534,VM-APP-0020,1,183.23,0.05,PLN
SO-2026-004900,1,2026-04-23,2026-04-23,PL-WAW-02,C005347,VM-CMP-0008,1,447.91,0.0,PLN
SO-2026-004900,2,2026-04-23,2026-04-23,PL-WAW-02,C005347,VM-ACC-0005,2,183.23,0.0,PLN
SO-2026-004900,3,2026-04-23,2026-04-23,PL-WAW-02,C005347,VM-ACC-0001,2,386.83,0.0,PLN
SO-2026-004900,4,2026-04-23,2026-04-23,PL-WAW-02,C005347,VM-NUT-0006,6,10.17,0.0,PLN
SO-2026-004901,1,2026-04-23,2026-04-23,PL-WAW-02,C021137,VM-CMP-0013,2,539.53,0.0,PLN
SO-2026-004902,1,2026-04-23,2026-04-23,PL-KRK-01,C020282,VM-BIK-0019,1,1231.77,0.1,PLN
SO-2026-004903,1,2026-04-23,2026-04-23,PL-KRK-01,, VM-CMP-0008 ,2,447.91,0.0,PLN
SO-2026-004903,2,2026-04-23,2026-04-23,PL-KRK-01,,VM-NUT-0006,10,10.17,0.0,PLN
SO-2026-004904,1,2026-04-23,2026-04-23,PL-KRK-01,C005189,VM-ACC-0015,1,356.29,0.0,PLN
SO-2026-004904,2,2026-04-23,2026-04-23,PL-KRK-01,C005189,VM-APP-0011,1,417.37,0.0,PLN
SO-2026-004904,3,2026-04-23,2026-04-23,PL-KRK-01,C005189,VM-BIK-0002,1,9803.33,0.0,PLN
SO-2026-004905,1,2026-04-23,2026-04-23,PL-KRK-01,,VM-ACC-0001,2,386.83,0.0,PLN
SO-2026-004905,2,2026-04-23,2026-04-23,PL-KRK-01,,VM-BIK-0007,1,7176.89,0.0,PLN
SO-2026-004906,1,2026-04-23,2026-04-23,PL-KRK-01,,VM-EBK-0005,1,17764.09,0.0,PLN
SO-2026-004907,1,2026-04-23,2026-04-23,PL-KRK-01,C015380,VM-APP-0017,2,193.41,0.0,PLN
SO-2026-004908,1,2026-04-23,2026-04-23,PL-KRK-01,,VM-BIK-0021,1,1272.49,0.0,PLN
SO-2026-004908,2,2026-04-23,2026-04-23,PL-KRK-01,,VM-BIK-0007,1,7176.89,0.0,PLN
SO-2026-004909,1,2026-04-23,2026-04-23,PL-KRK-01,C016005,VM-CMP-0002,2,570.07,0.05,PLN
SO-2026-004910,1,2026-04-23,2026-04-23,PL-KRK-01,C020055,VM-ACC-0008,1,407.19,0.0,PLN
SO-2026-004910,2,2026-04-23,2026-04-23,PL-KRK-01,C020055,VM-NUT-0008,9,10.17,0.0,PLN
SO-2026-004911,1,2026-04-23,2026-04-23,PL-KRK-01,C020689,VM-BIK-0019,3,1231.77,0.12,PLN
SO-2026-004911,2,2026-04-23,2026-04-23,PL-KRK-01,C020689,VM-APP-0006,10,315.57,0.12,PLN
SO-2026-004912,1,2026-04-23,2026-04-23,PL-KRK-01,C013689,VM-NUT-0003,4,11.19,0.0,PLN
SO-2026-004912,2,2026-04-23,2026-04-23,PL-KRK-01,C013689,VM-APP-0002,1,447.91,0.0,PLN
SO-2026-004913,1,2026-04-23,2026-04-23,PL-WRO-01,C018971,VM-CMP-0022,2,36.64,0.0,PLN
SO-2026-004913,2,2026-04-23,2026-04-23,PL-WRO-01,C018971,VM-NUT-0002,9,15.26,0.0,PLN
SO-2026-004913,3,2026-04-23,2026-04-23,PL-WRO-01,C018971,VM-BIK-0012,1,12022.57,0.0,PLN
SO-2026-004914,1,2026-04-23,2026-04-23,PL-WRO-01,,VM-CMP-0013,2,539.53,0.0,PLN
SO-2026-004915,1,2026-04-23,2026-04-23,PL-WRO-01,C010987,VM-BIK-0014,1,3898.93,0.0,PLN
SO-2026-004916,1,2026-04-23,2026-04-23,PL-WRO-01,C021138,VM-EBK-0007,1,14964.59,0.0,PLN
SO-2026-004917,1,2026-04-23,2026-04-23,PL-GDN-01,C021139,VM-APP-0005,3,183.23,0.05,PLN
SO-2026-004918,1,2026-04-23,2026-04-23,PL-GDN-01,C020698,VM-EBK-0005,3,17764.09,0.1,PLN
SO-2026-004918,2,2026-04-23,2026-04-23,PL-GDN-01,C020698,VM-NUT-0007,10,13.22,0.1,PLN
SO-2026-004918,3,2026-04-23,2026-04-23,PL-GDN-01,C020698,VM-NUT-0003,24,11.19,0.08,PLN
SO-2026-004919,1,2026-04-23,2026-04-23,PL-POZ-01,C021035,VM-NUT-0008,7,10.17,0.0,PLN
SO-2026-004920,1,2026-04-23,2026-04-23,PL-POZ-01,C004825,VM-ACC-0011,2,73.29,0.05,PLN
SO-2026-004921,1,2026-04-23,2026-04-23,PL-POZ-01,C019385,VM-CMP-0011,2,162.87,0.0,PLN
SO-2026-004921,2,2026-04-23,2026-04-23,PL-POZ-01,C019385,VM-EBK-0003,1,9253.61,0.0,PLN
SO-2026-004922,1,2026-04-23,2026-04-23,PL-POZ-01,C021140,VM-NUT-0004,7,7.12,0.0,PLN
SO-2026-004922,2,2026-04-23,2026-04-23,PL-POZ-01,C021140,VM-CMP-0005,2,1506.63,0.0,PLN
SO-2026-004922,3,2026-04-23,2026-04-23,PL-POZ-01,C021140,VM-APP-0010,1,173.05,0.0,PLN
SO-2026-004923,1,2026-04-23,2026-04-23,PL-POZ-01,C021039,VM-ACC-0014,1,111.97,0.05,PLN
SO-2026-004924,1,2026-04-23,2026-04-23,PL-POZ-01,C014137,VM-CMP-0006,2,203.59,0.0,PLN
SO-2026-004924,2,2026-04-23,2026-04-23,PL-POZ-01,C014137,VM-ACC-0014,1,111.97,0.0,PLN
SO-2026-004924,3,2026-04-23,2026-04-23,PL-POZ-01,C014137,VM-ACC-0008,2,407.19,0.0,PLN
SO-2026-004925,1,2026-04-23,2026-04-23,PL-POZ-01,C016880,VM-BIK-0013,1,4886.39,0.0,PLN
SO-2026-004926,1,2026-04-23,2026-04-23,PL-POZ-01,C019927,VM-BIK-0002,1,9803.33,0.0,PLN
SO-2026-004926,2,2026-04-23,2026-04-23,PL-POZ-01,C019927,VM-NUT-0009,3,86.52,0.0,PLN
SO-2026-004926,3,2026-04-23,2026-04-23,PL-POZ-01,C019927,VM-ACC-0008,1,407.19,0.0,PLN
SO-2026-004927,1,2026-04-23,2026-04-23,PL-LDZ-01,C021141,VM-APP-0005,2,183.23,0.0,PLN
SO-2026-004927,2,2026-04-23,2026-04-23,PL-LDZ-01,C021141,VM-NUT-0001,3,9.15,0.0,PLN
SO-2026-004927,3,2026-04-23,2026-04-23,PL-LDZ-01,C021141,VM-APP-0014,1,498.81,0.0,PLN
SO-2026-004928,1,2026-04-23,2026-04-26,PL-WEB-01,C013913,VM-ACC-0004,10,794.03,0.08,PLN
SO-2026-004929,1,2026-04-23,2026-04-26,PL-WEB-01,C004707,VM-APP-0015,1,580.25,0.0,PLN
SO-2026-004929,2,2026-04-23,2026-04-26,PL-WEB-01,C004707,VM-BIK-0004,1,4346.85,0.0,PLN
SO-2026-004930,1,2026-04-23,2026-04-27,PL-WEB-01,C021142,VM-ACC-0008,1,407.19,0.0,PLN
SO-2026-004931,1,2026-04-23,2026-04-26,PL-WEB-01,C021143,VM-ACC-0019,2,50.89,0.0,PLN
SO-2026-004932,1,2026-04-23,2026-04-24,PL-WEB-01,C018977,VM-BIK-0020,1,1231.77,0.0,PLN
SO-2026-004932,2,2026-04-23,2026-04-24,PL-WEB-01,C018977,VM-ACC-0008,1,407.19,0.1,PLN
SO-2026-004932,3,2026-04-23,2026-04-24,PL-WEB-01,C018977,VM-NUT-0008,5,10.17,0.0,PLN
SO-2026-004932,4,2026-04-23,2026-04-24,PL-WEB-01,C018977,VM-ACC-0001,1,386.83,0.0,PLN
SO-2026-004933,1,2026-04-23,2026-04-26,PL-WEB-01,C015179,VM-BIK-0002,2,9803.33,0.12,PLN
SO-2026-004934,1,2026-04-23,2026-04-27,PL-WEB-01,C021144,VM-ACC-0003,1,295.21,0.05,PLN
SO-2026-004934,2,2026-04-23,2026-04-27,PL-WEB-01,C021144,VM-EBK-0002,1,10129.09,0.05,PLN
SO-2026-004935,1,2026-04-23,2026-04-25,PL-WEB-01,C017792,VM-BIK-0003,1,6657.71,0.0,PLN
SO-2026-004936,1,2026-04-23,2026-04-27,PL-WEB-01,C021145,VM-BIK-0015,1,3145.61,0.0,PLN
SO-2026-004937,1,2026-04-23,2026-04-24,PL-WEB-01,C017802,VM-ACC-0008,1,407.19,0.05,PLN
SO-2026-004937,2,2026-04-23,2026-04-24,PL-WEB-01,C017802,VM-CMP-0013,2,539.53,0.05,PLN
SO-2026-004938,1,2026-04-23,2026-04-25,PL-WEB-01,C019717,VM-BIK-0019,1,1231.77,0.0,PLN
SO-2026-004939,1,2026-04-23,2026-04-27,PL-WEB-01,C011038,VM-APP-0008,1,162.87,0.0,PLN
SO-2026-004940,1,2026-04-23,2026-04-27,PL-WEB-01,C021146,VM-BIK-0009,1,5741.51,0.0,PLN
SO-2026-004941,1,2026-04-23,2026-04-25,PL-WEB-01,C021147,VM-NUT-0006,6,10.17,0.0,PLN
SO-2026-004941,2,2026-04-23,2026-04-25,PL-WEB-01,C021147,VM-EBK-0005,1,17764.09,0.0,PLN
SO-2026-004942,1,2026-04-23,2026-04-27,PL-WEB-01,C020162,VM-APP-0005,1,183.23,0.0,PLN
SO-2026-004942,2,2026-04-23,2026-04-27,PL-WEB-01,C020162,VM-APP-0014,1,498.81,0.0,PLN
SO-2026-004942,3,2026-04-23,2026-04-27,PL-WEB-01,C020162,VM-BIK-0007,1,7176.89,0.0,PLN
SO-2026-004943,1,2026-04-23,2026-04-27,PL-WEB-01,C012901,VM-APP-0002,1,447.91,0.0,PLN
SO-2026-004943,2,2026-04-23,2026-04-27,PL-WEB-01,C012901,VM-APP-0006,1,315.57,0.05,PLN
SO-2026-004944,1,2026-04-23,2026-04-25,PL-WEB-01,C021148,VM-EBK-0011,1,14903.51,0.0,PLN
SO-2026-004945,1,2026-04-23,2026-04-27,PL-WEB-01,C019015,VM-APP-0002,3,447.91,0.0,PLN
SO-2026-004945,2,2026-04-23,2026-04-27,PL-WEB-01,C019015,VM-CMP-0005,1,1506.63,0.0,PLN
SO-2026-004945,3,2026-04-23,2026-04-27,PL-WEB-01,C019015,VM-APP-0010,2,173.05,0.0,PLN
SO-2026-004946,1,2026-04-23,2026-04-27,PL-WEB-01,C021149,VM-BIK-0020,1,1231.77,0.0,PLN
SO-2026-004946,2,2026-04-23,2026-04-27,PL-WEB-01,C021149,VM-ACC-0009,2,407.19,0.0,PLN
SO-2026-004947,1,2026-04-23,2026-04-24,PL-MKT-01,C020496,VM-BIK-0019,2,1231.77,0.08,PLN
SO-2026-004948,1,2026-04-23,2026-04-26,PL-MKT-01,C011096,VM-APP-0004,4,244.31,0.12,PLN
SO-2026-004949,1,2026-04-23,2026-04-25,PL-MKT-01,C013527,VM-NUT-0001,11,9.15,0.0,PLN
SO-2026-004950,1,2026-04-23,2026-04-26,PL-MKT-01,C019628,VM-APP-0011,6,417.37,0.1,PLN
SO-2026-004951,1,2026-04-23,2026-04-25,PL-MKT-01,C021150,VM-ACC-0005,1,183.23,0.0,PLN
SO-2026-004952,1,2026-04-23,2026-04-25,PL-MKT-01,C021151,VM-BIK-0020,1,1231.77,0.0,PLN
SO-2026-004952,2,2026-04-23,2026-04-25,PL-MKT-01,C021151,VM-ACC-0008,1,407.19,0.0,PLN
SO-2026-004952,3,2026-04-23,2026-04-25,PL-MKT-01,C021151,VM-ACC-0001,2,386.83,0.0,PLN
SO-2026-004952,4,2026-04-23,2026-04-25,PL-MKT-01,C021151,VM-ACC-0020,1,824.57,0.05,PLN
SO-2026-004953,1,2026-04-23,2026-04-27,PL-MKT-01,C021152,VM-BIK-0001,1,13936.41,0.0,PLN
SO-2026-004953,2,2026-04-23,2026-04-27,PL-MKT-01,C021152,VM-EBK-0007,1,14964.59,0.0,PLN
SO-2026-004953,3,2026-04-23,2026-04-27,PL-MKT-01,C021152,VM-ACC-0019,2,50.89,0.0,PLN
SO-2026-004954,1,2026-04-23,2026-04-27,PL-MKT-01,C020360,VM-NUT-0004,7,7.12,0.0,PLN
SO-2026-004954,2,2026-04-23,2026-04-27,PL-MKT-01,C020360,VM-CMP-0005,2,1506.63,0.0,PLN
SO-2026-004955,1,2026-04-23,2026-04-25,PL-MKT-01,C021153,VM-CMP-0011,1,162.87,0.05,PLN
SO-2026-004955,2,2026-04-23,2026-04-25,PL-MKT-01,C021153,VM-BIK-0007,1,7176.89,0.05,PLN
SO-2026-004956,1,2026-04-23,2026-04-27,PL-MKT-01,C021154,VM-APP-0010,1,173.05,0.0,PLN
SO-2026-004956,2,2026-04-23,2026-04-27,PL-MKT-01,C021154,VM-APP-0003,1,315.57,0.0,PLN
SO-2026-004957,1,2026-04-23,2026-04-25,PL-MKT-01,C006101,VM-EBK-0008,1,15371.79,0.0,PLN
SO-2026-004958,1,2026-04-23,2026-04-24,PL-MKT-01,C021155,VM-ACC-0017,2,59.03,0.0,PLN
SO-2026-004959,1,2026-04-23,2026-04-25,PL-MKT-01,C021156,VM-CMP-0001,2,407.19,0.0,PLN
SO-2026-004959,2,2026-04-23,2026-04-25,PL-MKT-01,C021156,VM-ACC-0017,1,59.03,0.0,PLN
SO-2026-004959,3,2026-04-23,2026-04-25,PL-MKT-01,C021156,VM-BIK-0007,1,7176.89,0.0,PLN
SO-2026-004959,4,2026-04-23,2026-04-25,PL-MKT-01,C021156,VM-BIK-0017,1,1944.37,0.0,PLN
SO-2026-004960,1,2026-04-23,2026-04-25,PL-MKT-01,C016986,vm-bik-0009,1,5741.51,0.0,PLN
SO-2026-004960,2,2026-04-23,2026-04-25,PL-MKT-01,C016986,VM-ACC-0008,2,407.19,0.0,PLN
SO-2026-004960,3,2026-04-23,2026-04-25,PL-MKT-01,C016986,VM-ACC-0013,1,173.05,0.0,PLN
SO-2026-004961,1,2026-04-23,2026-04-24,PL-MKT-01,C012599,VM-BIK-0004,1,4346.85,0.0,PLN
SO-2026-004962,1,2026-04-23,2026-04-24,PL-MKT-01,C021157,VM-BIK-0003,1,6657.71,0.05,PLN
SO-2026-004963,1,2026-04-23,2026-04-24,PL-MKT-01,C013004,VM-APP-0006,1,315.57,0.0,PLN
SO-2026-004964,1,2026-04-23,2026-04-25,PL-MKT-01,C021158,VM-ACC-0013,1,173.05,0.0,PLN
SO-2026-004965,1,2026-04-23,2026-04-23,CZ-PRG-01,,VM-BIK-0004,1,25068.0,0.0,CZK
SO-2026-004966,1,2026-04-23,2026-04-23,CZ-BRN-01,,VM-EBK-0007,1,86301.0,0.0,CZK
SO-2026-004967,1,2026-04-23,2026-04-27,CZ-WEB-01,C017237,VM-BIK-0007,1,41389.0,0.0,CZK
SO-2026-004967,2,2026-04-23,2026-04-27,CZ-WEB-01,C017237,VM-ACC-0007,2,2113.0,0.0,CZK
SO-2026-004968,1,2026-04-23,2026-04-25,CZ-WEB-01,C021159,VM-CMP-0020,1,1526.0,0.0,CZK
SO-2026-004968,2,2026-04-23,2026-04-25,CZ-WEB-01,C021159,VM-ACC-0002,2,3581.0,0.1,CZK
SO-2026-004969,1,2026-04-23,2026-04-27,CZ-WEB-01,C021160,VM-EBK-0005,1,102446.0,0.0,CZK
SO-2026-004970,1,2026-04-23,2026-04-26,CZ-WEB-01,C017313,VM-BIK-0007,1,41389.0,0.05,CZK
SO-2026-004971,1,2026-04-23,2026-04-27,CZ-WEB-01,C020752,vm-bik-0007,1,41389.0,0.05,CZK
SO-2026-004971,2,2026-04-23,2026-04-27,CZ-WEB-01,C020752,VM-EBK-0008,1,88649.0,0.05,CZK
SO-2026-004972,1,2026-04-23,2026-04-23,DE-BER-01,C017376,VM-BIK-0004,1,1022.91,0.05,EUR
SO-2026-004973,1,2026-04-23,2026-04-23,DE-BER-01,C021161,VM-ACC-0008,1,95.82,0.0,EUR
SO-2026-004973,2,2026-04-23,2026-04-23,DE-BER-01,C021161,VM-ACC-0014,1,26.35,0.0,EUR
SO-2026-004974,1,2026-04-23,2026-04-24,DE-WEB-01,C018626,VM-BIK-0013,1,1149.87,0.0,EUR
SO-2026-004975,1,2026-04-23,2026-04-27,DE-WEB-01,C021162,VM-CMP-0015,2,220.39,0.05,EUR
SO-2026-004976,1,2026-04-23,2026-04-26,DE-WEB-01,C017642,VM-CMP-0011,2,38.33,0.0,EUR
SO-2026-004976,2,2026-04-23,2026-04-26,DE-WEB-01,C017642,VM-ACC-0002,2,146.13,0.0,EUR
SO-2026-004977,1,2026-04-23,2026-04-27,DE-WEB-01,C016857,VM-ACC-0004,1,186.85,0.0,EUR
SO-2026-004978,1,2026-04-23,2026-04-26,DE-WEB-01,C011199,VM-CMP-0003,4,57.49,0.1,EUR
SO-2026-004979,1,2026-04-23,2026-04-25,DE-WEB-01,C019383,VM-ACC-0012,2,17.25,0.08,EUR
SO-2026-004980,1,2026-04-24,2026-04-24,PL-WAW-01,C019296,VM-NUT-0009,6,86.52,0.1,PLN
SO-2026-004980,2,2026-04-24,2026-04-24,PL-WAW-01,C019296,VM-ACC-0009,10,407.19,0.08,PLN
SO-2026-004981,1,2026-04-24,2026-04-24,PL-WAW-01,C021163,VM-ACC-0004,2,794.03,0.0,PLN
SO-2026-004981,2,2026-04-24,2026-04-24,PL-WAW-01,C021163,VM-ACC-0020,1,824.57,0.0,PLN
SO-2026-004981,3,2026-04-24,2026-04-24,PL-WAW-01,C021163,VM-APP-0002,2,447.91,0.0,PLN
SO-2026-004981,4,2026-04-24,2026-04-24,PL-WAW-01,C021163,VM-BIK-0019,1,1231.77,0.0,PLN
SO-2026-004982,1,2026-04-24,2026-04-24,PL-WAW-02,,VM-APP-0002,2,447.91,0.0,PLN
SO-2026-004982,2,2026-04-24,2026-04-24,PL-WAW-02,,VM-CMP-0005,2,1506.63,0.0,PLN
SO-2026-004982,3,2026-04-24,2026-04-24,PL-WAW-02,,VM-CMP-0020,3,264.67,0.0,PLN
SO-2026-004982,4,2026-04-24,2026-04-24,PL-WAW-02,,VM-ACC-0014,1,111.97,0.0,PLN
SO-2026-004983,1,2026-04-24,2026-04-24,PL-WAW-02,,VM-APP-0011,1,417.37,0.0,PLN
SO-2026-004983,2,2026-04-24,2026-04-24,PL-WAW-02,,VM-NUT-0004,9,7.12,0.0,PLN
SO-2026-004983,3,2026-04-24,2026-04-24,PL-WAW-02,,VM-BIK-0009,1,5741.51,0.0,PLN
SO-2026-004984,1,2026-04-24,2026-04-24,PL-WAW-02,C015294,VM-APP-0007,2,162.87,0.0,PLN
SO-2026-004984,2,2026-04-24,2026-04-24,PL-WAW-02,C015294,VM-NUT-0008,4,10.17,0.0,PLN
SO-2026-004985,1,2026-04-24,2026-04-24,PL-WAW-02,C021164,VM-BIK-0001,1,13936.41,0.05,PLN
SO-2026-004986,1,2026-04-24,2026-04-24,PL-KRK-01,C013966,VM-EBK-0007,1,14964.59,0.05,PLN
SO-2026-004986,2,2026-04-24,2026-04-24,PL-KRK-01,C013966,VM-ACC-0014,1,111.97,0.05,PLN
SO-2026-004987,1,2026-04-24,2026-04-24,PL-KRK-01,C013770,VM-CMP-0007,1,641.33,0.0,PLN
SO-2026-004988,1,2026-04-24,2026-04-24,PL-KRK-01,C003626,VM-ACC-0017,2,59.03,0.05,PLN
SO-2026-004988,2,2026-04-24,2026-04-24,PL-KRK-01,C003626,VM-EBK-0003,1,9253.61,0.05,PLN
SO-2026-004989,1,2026-04-24,2026-04-24,PL-KRK-01,C021165,VM-NUT-0006,11,10.17,0.0,PLN
SO-2026-004989,2,2026-04-24,2026-04-24,PL-KRK-01,C021165,VM-EBK-0009,1,10088.37,0.0,PLN
SO-2026-004989,3,2026-04-24,2026-04-24,PL-KRK-01,C021165,VM-BIK-0020,1,1231.77,0.0,PLN
SO-2026-004989,4,2026-04-24,2026-04-24,PL-KRK-01,C021165,VM-APP-0012,1,885.65,0.0,PLN
SO-2026-004990,1,2026-04-24,2026-04-24,PL-WRO-01,C013833,VM-BIK-0009,1,5741.51,0.0,PLN
SO-2026-004990,2,2026-04-24,2026-04-24,PL-WRO-01,C013833,VM-ACC-0004,2,794.03,0.0,PLN
SO-2026-004991,1,2026-04-24,2026-04-24,PL-WRO-01,C016695,VM-NUT-0004,11,7.12,0.0,PLN
SO-2026-004992,1,2026-04-24,2026-04-24,PL-WRO-01,,VM-APP-0010,2,173.05,0.0,PLN
SO-2026-004993,1,2026-04-24,2026-04-24,PL-WRO-01,,VM-CMP-0016,2,2504.27,0.0,PLN
SO-2026-004993,2,2026-04-24,2026-04-24,PL-WRO-01,,VM-BIK-0022,1,1425.19,0.0,PLN
SO-2026-004993,3,2026-04-24,2026-04-24,PL-WRO-01,,VM-CMP-0009,1,356.29,0.0,PLN
SO-2026-004993,4,2026-04-24,2026-04-24,PL-WRO-01,,VM-CMP-0001,1,407.19,0.0,PLN
SO-2026-004994,1,2026-04-24,2026-04-24,PL-WRO-01,C007734,VM-ACC-0008,2,407.19,0.08,PLN
SO-2026-004994,2,2026-04-24,2026-04-24,PL-WRO-01,C007734,VM-CMP-0001,4,407.19,0.08,PLN
SO-2026-004994,3,2026-04-24,2026-04-24,PL-WRO-01,C007734,VM-EBK-0004,5,11279.43,0.08,PLN
SO-2026-004995,1,2026-04-24,2026-04-24,PL-WRO-01,C021166,VM-BIK-0005,5,7543.37,0.12,PLN
SO-2026-004995,2,2026-04-24,2026-04-24,PL-WRO-01,C021166,VM-ACC-0008,4,407.19,0.1,PLN
SO-2026-004996,1,2026-04-24,2026-04-24,PL-WRO-01,,VM-APP-0014,1,498.81,0.0,PLN
SO-2026-004996,2,2026-04-24,2026-04-24,PL-WRO-01,,VM-BIK-0012,1,12022.57,0.0,PLN
SO-2026-004996,3,2026-04-24,2026-04-24,PL-WRO-01,,VM-ACC-0010,2,254.49,0.0,PLN
SO-2026-004996,4,2026-04-24,2026-04-24,PL-WRO-01,,VM-NUT-0009,4,86.52,0.0,PLN
SO-2026-004997,1,2026-04-24,2026-04-24,PL-WRO-01,C007722,VM-ACC-0007,2,366.47,0.05,PLN
SO-2026-004998,1,2026-04-24,2026-04-24,PL-GDN-01,C021167,VM-APP-0013,1,447.91,0.0,PLN
SO-2026-004999,1,2026-04-24,2026-04-24,PL-GDN-01,C020303,VM-ACC-0014,1,111.97,0.0,PLN
SO-2026-005000,1,2026-04-24,2026-04-24,PL-GDN-01,,VM-CMP-0013,1,539.53,0.0,PLN
SO-2026-005001,1,2026-04-24,2026-04-24,PL-POZ-01,C018145,VM-NUT-0003,11,11.19,0.05,PLN
SO-2026-005001,2,2026-04-24,2026-04-24,PL-POZ-01,C018145,VM-BIK-0020,1,1231.77,0.0,PLN
SO-2026-005001,3,2026-04-24,2026-04-24,PL-POZ-01,C018145,VM-CMP-0021,2,48.85,0.0,PLN
SO-2026-005001,4,2026-04-24,2026-04-24,PL-POZ-01,C018145,VM-BIK-0003,1,6657.71,0.0,PLN
SO-2026-005002,1,2026-04-24,2026-04-24,PL-POZ-01,C021168,VM-BIK-0016,1,3654.61,0.0,PLN
SO-2026-005003,1,2026-04-24,2026-04-24,PL-POZ-01,C021169, VM-NUT-0001 ,5,9.15,0.0,PLN
SO-2026-005003,2,2026-04-24,2026-04-24,PL-POZ-01,C021169,VM-EBK-0003,1,9253.61,0.0,PLN
SO-2026-005003,3,2026-04-24,2026-04-24,PL-POZ-01,C021169,VM-APP-0011,2,417.37,0.0,PLN
SO-2026-005004,1,2026-04-24,2026-04-24,PL-LDZ-01,,VM-ACC-0008,2,407.19,0.0,PLN
SO-2026-005004,2,2026-04-24,2026-04-24,PL-LDZ-01,,VM-ACC-0011,2,73.29,0.0,PLN
SO-2026-005005,1,2026-04-24,2026-04-26,PL-WEB-01,C000653,VM-CMP-0019,4,213.77,0.0,PLN
SO-2026-005005,2,2026-04-24,2026-04-26,PL-WEB-01,C000653,VM-BIK-0022,1,1425.19,0.0,PLN
SO-2026-005006,1,2026-04-24,2026-04-28,PL-WEB-01,C021170,VM-APP-0014,1,498.81,0.0,PLN
SO-2026-005006,2,2026-04-24,2026-04-28,PL-WEB-01,C021170,VM-CMP-0023,1,60.05,0.0,PLN
SO-2026-005006,3,2026-04-24,2026-04-28,PL-WEB-01,C021170,VM-APP-0010,2,173.05,0.1,PLN
SO-2026-005007,1,2026-04-24,2026-04-28,PL-WEB-01,C001359,VM-CMP-0014,2,437.73,0.0,PLN
SO-2026-005008,1,2026-04-24,2026-04-26,PL-WEB-01,C021171,VM-ACC-0005,2,183.23,0.0,PLN
SO-2026-005008,2,2026-04-24,2026-04-26,PL-WEB-01,C021171,VM-ACC-0007,2,366.47,0.0,PLN
SO-2026-005008,3,2026-04-24,2026-04-26,PL-WEB-01,C021171,VM-NUT-0006,11,10.17,0.0,PLN
SO-2026-005008,4,2026-04-24,2026-04-26,PL-WEB-01,C021171,VM-BIK-0012,1,12022.57,0.0,PLN
SO-2026-005009,1,2026-04-24,2026-04-26,PL-WEB-01,C017250,VM-ACC-0003,2,295.21,0.0,PLN
SO-2026-005009,2,2026-04-24,2026-04-26,PL-WEB-01,C017250,VM-CMP-0005,1,1506.63,0.0,PLN
SO-2026-005010,1,2026-04-24,2026-04-26,PL-WEB-01,C021172,VM-BIK-0011,1,8805.69,0.0,PLN
SO-2026-005011,1,2026-04-24,2026-04-27,PL-WEB-01,C021173,VM-APP-0010,2,173.05,0.0,PLN
SO-2026-005011,2,2026-04-24,2026-04-27,PL-WEB-01,C021173,VM-EBK-0003,1,9253.61,0.0,PLN
SO-2026-005012,1,2026-04-24,2026-04-25,PL-WEB-01,C011290,VM-BIK-0012,1,12022.57,0.05,PLN
SO-2026-005013,1,2026-04-24,2026-04-28,PL-MKT-01,C020894,VM-NUT-0008,8,10.17,0.0,PLN
SO-2026-005013,2,2026-04-24,2026-04-28,PL-MKT-01,C020894,VM-ACC-0001,2,386.83,0.0,PLN
SO-2026-005013,3,2026-04-24,2026-04-28,PL-MKT-01,C020894,VM-CMP-0009,2,356.29,0.0,PLN
SO-2026-005014,1,2026-04-24,2026-04-28,PL-MKT-01,C021136,VM-EBK-0003,1,9253.61,0.0,PLN
SO-2026-005015,1,2026-04-24,2026-04-27,PL-MKT-01,C017248,VM-ACC-0020,1,824.57,0.0,PLN
SO-2026-005015,2,2026-04-24,2026-04-27,PL-MKT-01,C017248, VM-CMP-0005 ,1,1506.63,0.0,PLN
SO-2026-005015,3,2026-04-24,2026-04-27,PL-MKT-01,C017248,VM-APP-0002,3,447.91,0.0,PLN
SO-2026-005015,4,2026-04-24,2026-04-27,PL-MKT-01,C017248,VM-ACC-0014,1,111.97,0.0,PLN
SO-2026-005016,1,2026-04-24,2026-04-27,PL-MKT-01,C007540,VM-ACC-0014,1,111.97,0.0,PLN
SO-2026-005016,2,2026-04-24,2026-04-27,PL-MKT-01,C007540,VM-EBK-0004,1,11279.43,0.1,PLN
SO-2026-005016,3,2026-04-24,2026-04-27,PL-MKT-01,C007540,VM-CMP-0002,2,570.07,0.0,PLN
SO-2026-005017,1,2026-04-24,2026-04-28,PL-MKT-01,C019799,VM-NUT-0009,3,86.52,0.05,PLN
SO-2026-005018,1,2026-04-24,2026-04-28,PL-MKT-01,C021174,VM-CMP-0019,3,213.77,0.0,PLN
SO-2026-005018,2,2026-04-24,2026-04-28,PL-MKT-01,C021174,VM-APP-0002,2,447.91,0.05,PLN
SO-2026-005019,1,2026-04-24,2026-04-24,CZ-PRG-01,C021175,VM-APP-0002,2,2583.0,0.0,CZK
SO-2026-005019,2,2026-04-24,2026-04-24,CZ-PRG-01,C021175,VM-BIK-0016,1,21076.0,0.0,CZK
SO-2026-005020,1,2026-04-24,2026-04-24,CZ-PRG-01,C021176,VM-ACC-0013,1,998.0,0.0,CZK
SO-2026-005020,2,2026-04-24,2026-04-24,CZ-PRG-01,C021176,VM-BIK-0012,1,69334.0,0.0,CZK
SO-2026-005020,3,2026-04-24,2026-04-24,CZ-PRG-01,C021176,VM-BIK-0022,1,8219.0,0.0,CZK
SO-2026-005020,4,2026-04-24,2026-04-24,CZ-PRG-01,C021176,VM-CMP-0004,2,4227.0,0.0,CZK
SO-2026-005021,1,2026-04-24,2026-04-24,CZ-PRG-01,,VM-CMP-0002,1,3288.0,0.0,CZK
SO-2026-005022,1,2026-04-24,2026-04-24,CZ-PRG-01,,VM-APP-0002,2,2583.0,0.0,CZK
SO-2026-005022,2,2026-04-24,2026-04-24,CZ-PRG-01,,VM-BIK-0017,1,11213.0,0.0,CZK
SO-2026-005022,3,2026-04-24,2026-04-24,CZ-PRG-01,,VM-APP-0005,3,1057.0,0.0,CZK
SO-2026-005023,1,2026-04-24,2026-04-24,CZ-BRN-01,,VM-APP-0011,2,2407.0,0.0,CZK
SO-2026-005023,2,2026-04-24,2026-04-24,CZ-BRN-01,,VM-EBK-0010,1,79197.0,0.05,CZK
SO-2026-005024,1,2026-04-24,2026-04-28,CZ-WEB-01,C013862,VM-BIK-0009,1,33111.0,0.05,CZK
SO-2026-005024,2,2026-04-24,2026-04-28,CZ-WEB-01,C013862,VM-ACC-0010,1,1468.0,0.05,CZK
SO-2026-005025,1,2026-04-24,2026-04-27,CZ-WEB-01,C013348,VM-ACC-0019,1,293.0,0.0,CZK
SO-2026-005025,2,2026-04-24,2026-04-27,CZ-WEB-01,C013348,VM-ACC-0005,2,1057.0,0.0,CZK
SO-2026-005025,3,2026-04-24,2026-04-27,CZ-WEB-01,C013348,VM-NUT-0004,7,41.0,0.0,CZK
SO-2026-005025,4,2026-04-24,2026-04-27,CZ-WEB-01,C013348,VM-BIK-0007,1,41389.0,0.0,CZK
SO-2026-005026,1,2026-04-24,2026-04-28,CZ-WEB-01,C021177,VM-EBK-0005,1,102446.0,0.0,CZK
SO-2026-005027,1,2026-04-24,2026-04-26,CZ-WEB-01,C021178,VM-ACC-0018,4,293.0,0.08,CZK
SO-2026-005028,1,2026-04-24,2026-04-24,DE-BER-01,C016669,vm-bik-0012,1,2829.17,0.0,EUR
SO-2026-005029,1,2026-04-24,2026-04-24,DE-BER-01,,VM-EBK-0004,1,2654.3,0.0,EUR
SO-2026-005029,2,2026-04-24,2026-04-24,DE-BER-01,,VM-ACC-0019,2,11.98,0.0,EUR
SO-2026-005030,1,2026-04-24,2026-04-24,DE-BER-01,C015963,VM-CMP-0018,2,14.85,0.05,EUR
SO-2026-005030,2,2026-04-24,2026-04-24,DE-BER-01,C015963,VM-ACC-0008,1,95.82,0.05,EUR
SO-2026-005030,3,2026-04-24,2026-04-24,DE-BER-01,C015963,VM-ACC-0014,1,26.35,0.05,EUR
SO-2026-005031,1,2026-04-24,2026-04-24,DE-BER-01,,VM-BIK-0012,1,2829.17,0.0,EUR
SO-2026-005032,1,2026-04-24,2026-04-24,DE-BER-01,C021179,VM-ACC-0007,2,86.24,0.1,EUR
SO-2026-005032,2,2026-04-24,2026-04-24,DE-BER-01,C021179,VM-EBK-0005,1,4180.28,0.0,EUR
SO-2026-005033,1,2026-04-24,2026-04-24,DE-BER-01,C021180,VM-EBK-0004,1,2654.3,0.0,EUR
SO-2026-005034,1,2026-04-24,2026-04-24,DE-BER-01,C021181,VM-EBK-0008,1,3617.32,0.05,EUR
SO-2026-005034,2,2026-04-24,2026-04-24,DE-BER-01,C021181,VM-BIK-0013,1,1149.87,0.05,EUR
SO-2026-005035,1,2026-04-24,2026-04-25,DE-WEB-01,C018861,VM-BIK-0012,1,2829.17,0.0,EUR
SO-2026-005036,1,2026-04-24,2026-04-25,DE-WEB-01,C019192,VM-BIK-0015,1,740.23,0.0,EUR
SO-2026-005037,1,2026-04-24,2026-04-25,DE-WEB-01,C021182,VM-CMP-0013,1,126.96,0.0,EUR
SO-2026-005038,1,2026-04-24,2026-04-26,DE-WEB-01,C021183,VM-APP-0002,1,105.4,0.0,EUR
SO-2026-005039,1,2026-04-24,2026-04-26,DE-WEB-01,C021184,VM-EBK-0007,1,3521.49,0.05,EUR
SO-2026-005040,1,2026-04-25,2026-04-25,PL-WAW-01,C021185,VM-BIK-0007,1,7176.89,0.0,PLN
SO-2026-005041,1,2026-04-25,2026-04-25,PL-WAW-01,C018193,VM-CMP-0004,2,732.95,0.05,PLN
SO-2026-005042,1,2026-04-25,2026-04-25,PL-WAW-01,C021186,VM-ACC-0019,3,50.89,0.0,PLN
SO-2026-005043,1,2026-04-25,2026-04-25,PL-WAW-01,,VM-EBK-0002,1,10129.09,0.0,PLN
SO-2026-005043,2,2026-04-25,2026-04-25,PL-WAW-01,,VM-ACC-0004,1,794.03,0.0,PLN
SO-2026-005044,1,2026-04-25,2026-04-25,PL-WAW-01,C015822,VM-EBK-0005,1,17764.09,0.0,PLN
SO-2026-005045,1,2026-04-25,2026-04-25,PL-WAW-01,C021187,VM-NUT-0003,12,11.19,0.0,PLN
SO-2026-005045,2,2026-04-25,2026-04-25,PL-WAW-01,C021187,VM-BIK-0008,1,5405.57,0.0,PLN
SO-2026-005045,3,2026-04-25,2026-04-25,PL-WAW-01,C021187,VM-EBK-0007,1,14964.59,0.1,PLN
SO-2026-005046,1,2026-04-25,2026-04-25,PL-WAW-01,C021188,VM-CMP-0004,2,732.95,0.0,PLN
SO-2026-005047,1,2026-04-25,2026-04-25,PL-WAW-01,C002486,VM-CMP-0008,3,447.91,0.1,PLN
SO-2026-005047,2,2026-04-25,2026-04-25,PL-WAW-01,C002486, VM-CMP-0013 ,8,539.53,0.12,PLN
SO-2026-005048,1,2026-04-25,2026-04-25,PL-WAW-01,,VM-CMP-0022,1,36.64,0.0,PLN
SO-2026-005048,2,2026-04-25,2026-04-25,PL-WAW-01,,VM-APP-0012,1,885.65,0.0,PLN
SO-2026-005049,1,2026-04-25,2026-04-25,PL-WAW-02,C016790,VM-CMP-0015,2,936.55,0.0,PLN
SO-2026-005049,2,2026-04-25,2026-04-25,PL-WAW-02,C016790,VM-ACC-0012,1,73.29,0.0,PLN
SO-2026-005050,1,2026-04-25,2026-04-25,PL-WAW-02,,VM-BIK-0004,1,4346.85,0.0,PLN
SO-2026-005050,2,2026-04-25,2026-04-25,PL-WAW-02,,VM-ACC-0001,2,386.83,0.0,PLN
SO-2026-005050,3,2026-04-25,2026-04-25,PL-WAW-02,,VM-ACC-0007,1,366.47,0.0,PLN
SO-2026-005051,1,2026-04-25,2026-04-25,PL-WAW-02,C016005,VM-BIK-0020,1,1231.77,0.05,PLN
SO-2026-005052,1,2026-04-25,2026-04-25,PL-WAW-02,,VM-ACC-0007,1,366.47,0.0,PLN
SO-2026-005052,2,2026-04-25,2026-04-25,PL-WAW-02,,VM-CMP-0005,2,1506.63,0.0,PLN
SO-2026-005053,1,2026-04-25,2026-04-25,PL-WAW-02,C021189,VM-BIK-0007,1,7176.89,0.0,PLN
SO-2026-005053,2,2026-04-25,2026-04-25,PL-WAW-02,C021189,VM-ACC-0018,3,50.89,0.1,PLN
SO-2026-005053,3,2026-04-25,2026-04-25,PL-WAW-02,C021189,VM-ACC-0008,1,407.19,0.1,PLN
SO-2026-005053,4,2026-04-25,2026-04-25,PL-WAW-02,C021189,VM-ACC-0019,3,50.89,0.0,PLN
SO-2026-005054,1,2026-04-25,2026-04-25,PL-WAW-02,C021190,VM-EBK-0002,1,10129.09,0.0,PLN
SO-2026-005055,1,2026-04-25,2026-04-25,PL-WAW-02,C018291,VM-APP-0002,3,447.91,0.05,PLN
SO-2026-005056,1,2026-04-25,2026-04-25,PL-WAW-02,C016530,VM-ACC-0008,1,407.19,0.0,PLN
SO-2026-005057,1,2026-04-25,2026-04-25,PL-WAW-02,,VM-APP-0002,3,447.91,0.0,PLN
SO-2026-005057,2,2026-04-25,2026-04-25,PL-WAW-02,,VM-CMP-0009,2,356.29,0.0,PLN
SO-2026-005058,1,2026-04-25,2026-04-25,PL-KRK-01,C021191,VM-APP-0017,1,193.41,0.0,PLN
SO-2026-005058,2,2026-04-25,2026-04-25,PL-KRK-01,C021191,VM-ACC-0012,1,73.29,0.0,PLN
SO-2026-005058,3,2026-04-25,2026-04-25,PL-KRK-01,C021191,VM-CMP-0005,2,1506.63,0.0,PLN
SO-2026-005059,1,2026-04-25,2026-04-25,PL-KRK-01,C021141,VM-CMP-0013,2,539.53,0.0,PLN
SO-2026-005060,1,2026-04-25,2026-04-25,PL-KRK-01,C004699,VM-CMP-0005,2,1506.63,0.0,PLN
SO-2026-005061,1,2026-04-25,2026-04-25,PL-KRK-01,C011868,VM-CMP-0017,1,508.99,0.0,PLN
SO-2026-005061,2,2026-04-25,2026-04-25,PL-KRK-01,C011868,VM-APP-0019,1,67.18,0.0,PLN
SO-2026-005062,1,2026-04-25,2026-04-25,PL-KRK-01,C021192,VM-ACC-0003,2,295.21,0.0,PLN
SO-2026-005063,1,2026-04-25,2026-04-25,PL-KRK-01,C021193,VM-NUT-0006,6,10.17,0.05,PLN
SO-2026-005063,2,2026-04-25,2026-04-25,PL-KRK-01,C021193,VM-ACC-0018,1,50.89,0.05,PLN
SO-2026-005064,1,2026-04-25,2026-04-25,PL-KRK-01,C006800,VM-ACC-0008,1,407.19,0.0,PLN
SO-2026-005064,2,2026-04-25,2026-04-25,PL-KRK-01,C006800,VM-BIK-0004,1,4346.85,0.0,PLN
SO-2026-005065,1,2026-04-25,2026-04-25,PL-KRK-01,C021194,VM-ACC-0022,1,1598.25,0.0,PLN
SO-2026-005065,2,2026-04-25,2026-04-25,PL-KRK-01,C021194,VM-NUT-0006,9,10.17,0.0,PLN
SO-2026-005065,3,2026-04-25,2026-04-25,PL-KRK-01,C021194,VM-EBK-0006,1,20502.51,0.0,PLN
SO-2026-005066,1,2026-04-25,2026-04-25,PL-KRK-01,C021195,VM-CMP-0009,2,356.29,0.0,PLN
SO-2026-005066,2,2026-04-25,2026-04-25,PL-KRK-01,C021195,VM-NUT-0007,12,13.22,0.0,PLN
SO-2026-005067,1,2026-04-25,2026-04-25,PL-WRO-01,,VM-BIK-0009,1,5741.51,0.0,PLN
SO-2026-005067,2,2026-04-25,2026-04-25,PL-WRO-01,,VM-ACC-0001,1,386.83,0.0,PLN
SO-2026-005068,1,2026-04-25,2026-04-25,PL-WRO-01,C019290,VM-BIK-0006,1,6708.61,0.0,PLN
SO-2026-005068,2,2026-04-25,2026-04-25,PL-WRO-01,C019290,VM-NUT-0004,6,7.12,0.0,PLN
SO-2026-005068,3,2026-04-25,2026-04-25,PL-WRO-01,C019290,VM-BIK-0002,1,9803.33,0.0,PLN
SO-2026-005068,4,2026-04-25,2026-04-25,PL-WRO-01,C019290,VM-ACC-0018,1,50.89,0.0,PLN
SO-2026-005069,1,2026-04-25,2026-04-25,PL-WRO-01,C020465,VM-CMP-0018,1,63.11,0.0,PLN
SO-2026-005069,2,2026-04-25,2026-04-25,PL-WRO-01,C020465,VM-ACC-0008,2,407.19,0.0,PLN
SO-2026-005070,1,2026-04-25,2026-04-25,PL-WRO-01,C008013,VM-ACC-0008,4,407.19,0.12,PLN
SO-2026-005071,1,2026-04-25,2026-04-25,PL-WRO-01,,VM-APP-0018,1,132.33,0.0,PLN
SO-2026-005072,1,2026-04-25,2026-04-25,PL-WRO-01,C015432,VM-ACC-0005,2,183.23,0.0,PLN
SO-2026-005072,2,2026-04-25,2026-04-25,PL-WRO-01,C015432,VM-APP-0008,1,162.87,0.0,PLN
SO-2026-005072,3,2026-04-25,2026-04-25,PL-WRO-01,C015432,VM-ACC-0007,2,366.47,0.0,PLN
SO-2026-005073,1,2026-04-25,2026-04-25,PL-WRO-01,C014739,VM-CMP-0020,1,264.67,0.05,PLN
SO-2026-005073,2,2026-04-25,2026-04-25,PL-WRO-01,C014739,VM-APP-0002,1,447.91,0.05,PLN
SO-2026-005073,3,2026-04-25,2026-04-25,PL-WRO-01,C014739,VM-CMP-0023,3,60.05,0.05,PLN
SO-2026-005074,1,2026-04-25,2026-04-25,PL-WRO-01,C017384,VM-CMP-0011,2,162.87,0.0,PLN
SO-2026-005075,1,2026-04-25,2026-04-25,PL-WRO-01,,VM-BIK-0022,1,1425.19,0.0,PLN
SO-2026-005076,1,2026-04-25,2026-04-25,PL-WRO-01,C017778,VM-ACC-0007,2,366.47,0.0,PLN
SO-2026-005076,2,2026-04-25,2026-04-25,PL-WRO-01,C017778,VM-APP-0006,2,315.57,0.0,PLN
SO-2026-005077,1,2026-04-25,2026-04-25,PL-GDN-01,C021196,VM-ACC-0006,2,967.09,0.0,PLN
SO-2026-005078,1,2026-04-25,2026-04-25,PL-GDN-01,C021197,VM-APP-0002,1,447.91,0.0,PLN
SO-2026-005078,2,2026-04-25,2026-04-25,PL-GDN-01,C021197,VM-NUT-0002,15,15.26,0.0,PLN
SO-2026-005079,1,2026-04-25,2026-04-25,PL-GDN-01,,VM-CMP-0016,2,2504.27,0.0,PLN
SO-2026-005079,2,2026-04-25,2026-04-25,PL-GDN-01,,VM-ACC-0017,1,59.03,0.0,PLN
SO-2026-005079,3,2026-04-25,2026-04-25,PL-GDN-01,,VM-BIK-0009,1,5741.51,0.0,PLN
SO-2026-005080,1,2026-04-25,2026-04-25,PL-GDN-01,,VM-BIK-0004,1,4346.85,0.0,PLN
SO-2026-005080,2,2026-04-25,2026-04-25,PL-GDN-01,,VM-BIK-0021,1,1272.49,0.0,PLN
SO-2026-005081,1,2026-04-25,2026-04-25,PL-GDN-01,C020717,VM-ACC-0001,1,386.83,0.05,PLN
SO-2026-005081,2,2026-04-25,2026-04-25,PL-GDN-01,C020717,VM-NUT-0007,7,13.22,0.05,PLN
SO-2026-005081,3,2026-04-25,2026-04-25,PL-GDN-01,C020717,VM-ACC-0003,2,295.21,0.05,PLN
SO-2026-005082,1,2026-04-25,2026-04-25,PL-GDN-01,C016323,VM-APP-0019,1,67.18,0.0,PLN
SO-2026-005082,2,2026-04-25,2026-04-25,PL-GDN-01,C016323,VM-ACC-0008,2,407.19,0.0,PLN
SO-2026-005083,1,2026-04-25,2026-04-25,PL-GDN-01,C021036,VM-EBK-0007,1,14964.59,0.0,PLN
SO-2026-005083,2,2026-04-25,2026-04-25,PL-GDN-01,C021036,VM-ACC-0017,2,59.03,0.0,PLN
SO-2026-005083,3,2026-04-25,2026-04-25,PL-GDN-01,C021036,VM-ACC-0002,1,620.97,0.1,PLN
SO-2026-005083,4,2026-04-25,2026-04-25,PL-GDN-01,C021036,VM-NUT-0008,7,10.17,0.0,PLN
SO-2026-005084,1,2026-04-25,2026-04-25,PL-POZ-01,,VM-APP-0010,1,173.05,0.0,PLN
SO-2026-005084,2,2026-04-25,2026-04-25,PL-POZ-01,,VM-CMP-0001,2,407.19,0.0,PLN
SO-2026-005085,1,2026-04-25,2026-04-25,PL-POZ-01,C018944,VM-NUT-0004,4,7.12,0.05,PLN
SO-2026-005086,1,2026-04-25,2026-04-25,PL-POZ-01,C003031,VM-EBK-0010,1,13732.81,0.0,PLN
SO-2026-005087,1,2026-04-25,2026-04-25,PL-POZ-01,C019038,VM-EBK-0010,1,13732.81,0.0,PLN
SO-2026-005087,2,2026-04-25,2026-04-25,PL-POZ-01,C019038,VM-ACC-0014,1,111.97,0.0,PLN
SO-2026-005088,1,2026-04-25,2026-04-25,PL-LDZ-01,C011290,VM-BIK-0004,1,4346.85,0.05,PLN
SO-2026-005089,1,2026-04-25,2026-04-25,PL-LDZ-01,C021198,VM-ACC-0014,1,111.97,0.0,PLN
SO-2026-005089,2,2026-04-25,2026-04-25,PL-LDZ-01,C021198,VM-BIK-0012,1,12022.57,0.0,PLN
SO-2026-005090,1,2026-04-25,2026-04-25,PL-LDZ-01,C018544,VM-EBK-0010,1,13732.81,0.0,PLN
SO-2026-005090,2,2026-04-25,2026-04-25,PL-LDZ-01,C018544,VM-EBK-0004,1,11279.43,0.0,PLN
SO-2026-005091,1,2026-04-25,2026-04-29,PL-WEB-01,C018250,VM-APP-0002,1,447.91,0.0,PLN
SO-2026-005091,2,2026-04-25,2026-04-29,PL-WEB-01,C018250,VM-BIK-0017,1,1944.37,0.0,PLN
SO-2026-005092,1,2026-04-25,2026-04-27,PL-WEB-01,C021199,VM-BIK-0022,1,1425.19,0.05,PLN
SO-2026-005092,2,2026-04-25,2026-04-27,PL-WEB-01,C021199,VM-ACC-0021,1,794.03,0.05,PLN
SO-2026-005092,3,2026-04-25,2026-04-27,PL-WEB-01,C021199,VM-CMP-0005,2,1506.63,0.05,PLN
SO-2026-005092,4,2026-04-25,2026-04-27,PL-WEB-01,C021199,VM-ACC-0011,1,73.29,0.05,PLN
SO-2026-005093,1,2026-04-25,2026-04-27,PL-WEB-01,C021200,VM-EBK-0008,1,15371.79,0.0,PLN
SO-2026-005094,1,2026-04-25,2026-04-28,PL-WEB-01,C021201,VM-EBK-0004,1,11279.43,0.0,PLN
SO-2026-005094,2,2026-04-25,2026-04-28,PL-WEB-01,C021201,VM-ACC-0016,3,29.51,0.0,PLN
SO-2026-005094,3,2026-04-25,2026-04-28,PL-WEB-01,C021201,VM-ACC-0014,1,111.97,0.0,PLN
SO-2026-005095,1,2026-04-25,2026-04-26,PL-WEB-01,C007163,VM-EBK-0002,1,10129.09,0.0,PLN
SO-2026-005096,1,2026-04-25,2026-04-29,PL-WEB-01,C019651,VM-ACC-0008,3,407.19,0.12,PLN
SO-2026-005097,1,2026-04-25,2026-04-26,PL-WEB-01,C010681,VM-BIK-0009,1,5741.51,0.0,PLN
SO-2026-005097,2,2026-04-25,2026-04-26,PL-WEB-01,C010681,VM-ACC-0018,2,50.89,0.0,PLN
SO-2026-005097,3,2026-04-25,2026-04-26,PL-WEB-01,C010681,VM-ACC-0008,1,407.19,0.1,PLN
SO-2026-005098,1,2026-04-25,2026-04-26,PL-WEB-01,C021202,VM-ACC-0017,3,59.03,0.0,PLN
SO-2026-005099,1,2026-04-25,2026-04-26,PL-WEB-01,C020184,VM-ACC-0007,1,366.47,0.0,PLN
SO-2026-005100,1,2026-04-25,2026-04-28,PL-WEB-01,C016274,VM-BIK-0015,1,3145.61,0.0,PLN
SO-2026-005100,2,2026-04-25,2026-04-28,PL-WEB-01,C016274,VM-ACC-0002,2,620.97,0.0,PLN
SO-2026-005101,1,2026-04-25,2026-04-26,PL-WEB-01,C015044,VM-BIK-0010,1,6433.75,0.0,PLN
SO-2026-005102,1,2026-04-25,2026-04-28,PL-MKT-01,C021203,VM-BIK-0014,1,3898.93,0.0,PLN
SO-2026-005102,2,2026-04-25,2026-04-28,PL-MKT-01,C021203,VM-ACC-0008,2,407.19,0.0,PLN
SO-2026-005103,1,2026-04-25,2026-04-27,PL-MKT-01,C016241,VM-BIK-0016,1,3654.61,0.05,PLN
SO-2026-005103,2,2026-04-25,2026-04-27,PL-MKT-01,C016241,VM-ACC-0018,3,50.89,0.05,PLN
SO-2026-005104,1,2026-04-25,2026-04-29,PL-MKT-01,C012901,VM-APP-0002,3,447.91,0.0,PLN
SO-2026-005105,1,2026-04-25,2026-04-29,PL-MKT-01,C010582,VM-CMP-0015,6,936.55,0.12,PLN
SO-2026-005105,2,2026-04-25,2026-04-29,PL-MKT-01,C010582,VM-ACC-0021,3,794.03,0.08,PLN
SO-2026-005105,3,2026-04-25,2026-04-29,PL-MKT-01,C010582,VM-ACC-0005,3,183.23,0.08,PLN
SO-2026-005106,1,2026-04-25,2026-04-26,PL-MKT-01,C021204,VM-ACC-0003,2,295.21,0.1,PLN
SO-2026-005107,1,2026-04-25,2026-04-27,PL-MKT-01,C021205,VM-NUT-0003,10,11.19,0.0,PLN
SO-2026-005107,2,2026-04-25,2026-04-27,PL-MKT-01,C021205,VM-ACC-0023,1,946.73,0.0,PLN
SO-2026-005108,1,2026-04-25,2026-04-25,CZ-PRG-01,C021206,VM-APP-0012,1,5108.0,0.05,CZK
SO-2026-005109,1,2026-04-25,2026-04-25,CZ-PRG-01,C016486,VM-APP-0010,10,998.0,0.12,CZK
SO-2026-005109,2,2026-04-25,2026-04-25,CZ-PRG-01,C016486,VM-NUT-0006,25,59.0,0.12,CZK
SO-2026-005109,3,2026-04-25,2026-04-25,CZ-PRG-01,C016486,VM-BIK-0019,4,7104.0,0.12,CZK
SO-2026-005109,4,2026-04-25,2026-04-25,CZ-PRG-01,C016486,VM-BIK-0007,2,41389.0,0.08,CZK
SO-2026-005110,1,2026-04-25,2026-04-25,CZ-BRN-01,,VM-EBK-0008,1,88649.0,0.0,CZK
SO-2026-005111,1,2026-04-25,2026-04-25,CZ-BRN-01,C017918,VM-NUT-0001,10,53.0,0.0,CZK
SO-2026-005112,1,2026-04-25,2026-04-29,CZ-WEB-01,C021207,VM-CMP-0016,2,14442.0,0.0,CZK
SO-2026-005112,2,2026-04-25,2026-04-29,CZ-WEB-01,C021207,VM-APP-0010,2,998.0,0.0,CZK
SO-2026-005113,1,2026-04-25,2026-04-26,CZ-WEB-01,C021208,VM-NUT-0011,3,317.0,0.0,CZK
SO-2026-005113,2,2026-04-25,2026-04-26,CZ-WEB-01,C021208,VM-ACC-0020,1,4755.0,0.0,CZK
SO-2026-005113,3,2026-04-25,2026-04-26,CZ-WEB-01,C021208,VM-APP-0020,1,1057.0,0.0,CZK
SO-2026-005113,4,2026-04-25,2026-04-26,CZ-WEB-01,C021208,VM-CMP-0013,2,3111.0,0.0,CZK
SO-2026-005114,1,2026-04-25,2026-04-26,CZ-WEB-01,C021209,VM-BIK-0008,1,31174.0,0.05,CZK
SO-2026-005115,1,2026-04-25,2026-04-26,CZ-WEB-01,C021210,VM-BIK-0007,1,41389.0,0.05,CZK
SO-2026-005116,1,2026-04-25,2026-04-26,DE-WEB-01,C021211,VM-ACC-0019,2,11.98,0.0,EUR
SO-2026-005116,2,2026-04-25,2026-04-26,DE-WEB-01,C021211,VM-BIK-0012,1,2829.17,0.0,EUR
SO-2026-005117,1,2026-04-25,2026-04-27,DE-WEB-01,C021212,VM-ACC-0022,1,376.1,0.0,EUR
SO-2026-005118,1,2026-04-25,2026-04-28,DE-WEB-01,C014048,VM-APP-0012,1,208.41,0.0,EUR
SO-2026-005118,2,2026-04-25,2026-04-28,DE-WEB-01,C014048,VM-EBK-0005,1,4180.28,0.0,EUR
SO-2026-005119,1,2026-04-25,2026-04-27,DE-WEB-01,C021213,VM-ACC-0002,1,146.13,0.05,EUR
SO-2026-005120,1,2026-04-25,2026-04-29,DE-WEB-01,C018284,VM-ACC-0021,1,186.85,0.0,EUR
SO-2026-005120,2,2026-04-25,2026-04-29,DE-WEB-01,C018284,VM-BIK-0017,1,457.55,0.0,EUR
SO-2026-005120,3,2026-04-25,2026-04-29,DE-WEB-01,C018284,VM-NUT-0006,10,2.39,0.0,EUR
SO-2026-005121,1,2026-04-26,2026-04-28,PL-WEB-01,C019217,VM-CMP-0015,1,936.55,0.05,PLN
SO-2026-005121,2,2026-04-26,2026-04-28,PL-WEB-01,C019217,VM-CMP-0016,1,2504.27,0.05,PLN
SO-2026-005122,1,2026-04-26,2026-04-28,PL-WEB-01,C020456,VM-NUT-0009,2,86.52,0.0,PLN
SO-2026-005123,1,2026-04-26,2026-04-27,PL-WEB-01,C021214,VM-CMP-0006,2,203.59,0.0,PLN
SO-2026-005123,2,2026-04-26,2026-04-27,PL-WEB-01,C021214,vm-cmp-0008,2,447.91,0.0,PLN
SO-2026-005123,3,2026-04-26,2026-04-27,PL-WEB-01,C021214,VM-NUT-0006,5,10.17,0.0,PLN
SO-2026-005124,1,2026-04-26,2026-04-30,PL-WEB-01,C021215,VM-CMP-0008,1,447.91,0.0,PLN
SO-2026-005125,1,2026-04-26,2026-04-27,PL-WEB-01,C014681,VM-APP-0010,2,173.05,0.0,PLN
SO-2026-005125,2,2026-04-26,2026-04-27,PL-WEB-01,C014681,VM-NUT-0003,13,11.19,0.0,PLN
SO-2026-005125,3,2026-04-26,2026-04-27,PL-WEB-01,C014681,VM-NUT-0001,7,9.15,0.0,PLN
SO-2026-005126,1,2026-04-26,2026-04-28,PL-WEB-01,C016837,VM-BIK-0012,1,12022.57,0.0,PLN
SO-2026-005127,1,2026-04-26,2026-04-30,PL-WEB-01,C012582,VM-BIK-0020,1,1231.77,0.0,PLN
SO-2026-005127,2,2026-04-26,2026-04-30,PL-WEB-01,C012582,VM-APP-0015,1,580.25,0.0,PLN
SO-2026-005128,1,2026-04-26,2026-04-27,PL-WEB-01,C008882,VM-BIK-0014,1,3898.93,0.0,PLN
SO-2026-005128,2,2026-04-26,2026-04-27,PL-WEB-01,C008882,VM-NUT-0002,6,15.26,0.0,PLN
SO-2026-005128,3,2026-04-26,2026-04-27,PL-WEB-01,C008882,VM-CMP-0016,1,2504.27,0.0,PLN
SO-2026-005129,1,2026-04-26,2026-04-30,PL-WEB-01,C018018,VM-NUT-0008,5,10.17,0.0,PLN
SO-2026-005129,2,2026-04-26,2026-04-30,PL-WEB-01,C018018,vm-cmp-0001,2,407.19,0.0,PLN
SO-2026-005129,3,2026-04-26,2026-04-30,PL-WEB-01,C018018,vm-app-0008,2,162.87,0.0,PLN
SO-2026-005130,1,2026-04-26,2026-04-30,PL-WEB-01,C015208,VM-ACC-0001,1,386.83,0.0,PLN
SO-2026-005130,2,2026-04-26,2026-04-30,PL-WEB-01,C015208,VM-ACC-0007,2,366.47,0.0,PLN
SO-2026-005131,1,2026-04-26,2026-04-30,PL-WEB-01,C019296,VM-BIK-0003,2,6657.71,0.12,PLN
SO-2026-005132,1,2026-04-26,2026-04-29,PL-WEB-01,C021216,VM-ACC-0008,1,407.19,0.0,PLN
SO-2026-005133,1,2026-04-26,2026-04-29,PL-WEB-01,C019161,VM-NUT-0001,5,9.15,0.05,PLN
SO-2026-005133,2,2026-04-26,2026-04-29,PL-WEB-01,C019161,VM-CMP-0009,2,356.29,0.05,PLN
SO-2026-005134,1,2026-04-26,2026-04-29,PL-WEB-01,C021217,VM-BIK-0007,1,7176.89,0.0,PLN
SO-2026-005135,1,2026-04-26,2026-04-28,PL-WEB-01,C018250, VM-BIK-0007 ,1,7176.89,0.0,PLN
SO-2026-005135,2,2026-04-26,2026-04-28,PL-WEB-01,C018250,VM-BIK-0012,1,12022.57,0.0,PLN
SO-2026-005135,3,2026-04-26,2026-04-28,PL-WEB-01,C018250,VM-BIK-0004,1,4346.85,0.0,PLN
SO-2026-005135,4,2026-04-26,2026-04-28,PL-WEB-01,C018250,VM-ACC-0005,1,183.23,0.0,PLN
SO-2026-005136,1,2026-04-26,2026-04-27,PL-MKT-01,C021218,VM-NUT-0004,10,7.12,0.0,PLN
SO-2026-005137,1,2026-04-26,2026-04-27,PL-MKT-01,C010966,VM-NUT-0001,10,9.15,0.0,PLN
SO-2026-005137,2,2026-04-26,2026-04-27,PL-MKT-01,C010966,VM-NUT-0003,14,11.19,0.0,PLN
SO-2026-005138,1,2026-04-26,2026-04-30,PL-MKT-01,C015359,VM-APP-0014,1,498.81,0.0,PLN
SO-2026-005139,1,2026-04-26,2026-04-29,PL-MKT-01,C015393,VM-EBK-0003,1,9253.61,0.0,PLN
SO-2026-005140,1,2026-04-26,2026-04-30,PL-MKT-01,C004866,VM-CMP-0006,2,203.59,0.05,PLN
SO-2026-005141,1,2026-04-26,2026-04-30,PL-MKT-01,C017806,VM-BIK-0013,1,4886.39,0.0,PLN
SO-2026-005141,2,2026-04-26,2026-04-30,PL-MKT-01,C017806,VM-ACC-0008,1,407.19,0.0,PLN
SO-2026-005142,1,2026-04-26,2026-04-27,PL-MKT-01,C014533,VM-BIK-0012,4,12022.57,0.12,PLN
SO-2026-005143,1,2026-04-26,2026-04-30,PL-MKT-01,C017125,VM-BIK-0014,1,3898.93,0.0,PLN
SO-2026-005143,2,2026-04-26,2026-04-30,PL-MKT-01,C017125,VM-BIK-0003,1,6657.71,0.0,PLN
SO-2026-005143,3,2026-04-26,2026-04-30,PL-MKT-01,C017125,VM-ACC-0008,2,407.19,0.1,PLN
SO-2026-005144,1,2026-04-26,2026-04-26,CZ-PRG-01,C019379,VM-BIK-0014,1,22485.0,0.0,CZK
SO-2026-005144,2,2026-04-26,2026-04-26,CZ-PRG-01,C019379,VM-APP-0005,3,1057.0,0.0,CZK
SO-2026-005144,3,2026-04-26,2026-04-26,CZ-PRG-01,C019379,VM-ACC-0014,1,646.0,0.0,CZK
SO-2026-005145,1,2026-04-26,2026-04-26,CZ-PRG-01,C017768,VM-APP-0010,10,998.0,0.08,CZK
SO-2026-005145,2,2026-04-26,2026-04-26,CZ-PRG-01,C017768,VM-ACC-0018,15,293.0,0.1,CZK
SO-2026-005145,3,2026-04-26,2026-04-26,CZ-PRG-01,C017768,VM-ACC-0017,6,340.0,0.08,CZK
SO-2026-005146,1,2026-04-26,2026-04-26,CZ-PRG-01,C021219,VM-ACC-0001,1,2231.0,0.05,CZK
SO-2026-005147,1,2026-04-26,2026-04-26,CZ-PRG-01,,VM-NUT-0002,12,88.0,0.0,CZK
SO-2026-005148,1,2026-04-26,2026-04-26,CZ-PRG-01,C021220,VM-CMP-0011,2,939.0,0.0,CZK
SO-2026-005148,2,2026-04-26,2026-04-26,CZ-PRG-01,C021220,VM-EBK-0002,1,58415.0,0.0,CZK
SO-2026-005149,1,2026-04-26,2026-04-26,CZ-BRN-01,,VM-NUT-0004,11,41.0,0.0,CZK
SO-2026-005150,1,2026-04-26,2026-04-26,CZ-BRN-01,,VM-APP-0012,1,5108.0,0.0,CZK
SO-2026-005150,2,2026-04-26,2026-04-26,CZ-BRN-01,,VM-BIK-0001,1,80371.0,0.0,CZK
SO-2026-005151,1,2026-04-26,2026-04-28,CZ-WEB-01,C021178,VM-NUT-0008,50,59.0,0.12,CZK
SO-2026-005151,2,2026-04-26,2026-04-28,CZ-WEB-01,C021178,VM-ACC-0003,8,1702.0,0.12,CZK
SO-2026-005152,1,2026-04-26,2026-04-29,CZ-WEB-01,C021207,VM-ACC-0015,1,2055.0,0.0,CZK
SO-2026-005153,1,2026-04-26,2026-04-27,CZ-WEB-01,C021221,VM-BIK-0001,1,80371.0,0.05,CZK
SO-2026-005153,2,2026-04-26,2026-04-27,CZ-WEB-01,C021221,VM-BIK-0021,1,7338.0,0.05,CZK
SO-2026-005154,1,2026-04-26,2026-04-30,CZ-WEB-01,C021222,VM-CMP-0011,2,939.0,0.0,CZK
SO-2026-005154,2,2026-04-26,2026-04-30,CZ-WEB-01,C021222,VM-APP-0015,1,3346.0,0.0,CZK
SO-2026-005155,1,2026-04-26,2026-04-28,CZ-WEB-01,C020664,VM-EBK-0009,3,58180.0,0.08,CZK
SO-2026-005156,1,2026-04-26,2026-04-29,DE-WEB-01,C019549,VM-APP-0006,3,74.26,0.0,EUR
SO-2026-005157,1,2026-04-26,2026-04-27,DE-WEB-01,C017431,VM-BIK-0012,1,2829.17,0.0,EUR
SO-2026-005158,1,2026-04-26,2026-04-28,DE-WEB-01,C014799,VM-ACC-0017,1,13.89,0.05,EUR
SO-2026-005159,1,2026-04-26,2026-04-27,DE-WEB-01,C021223,VM-EBK-0008,1,3617.32,0.0,EUR
SO-2026-005160,1,2026-04-26,2026-04-27,DE-WEB-01,C015152,VM-ACC-0002,1,146.13,0.0,EUR
SO-2026-005161,1,2026-04-26,2026-04-28,DE-WEB-01,C018479,VM-CMP-0011,1,38.33,0.0,EUR
SO-2026-005161,2,2026-04-26,2026-04-28,DE-WEB-01,C018479,VM-EBK-0002,1,2383.6,0.0,EUR
SO-2026-005162,1,2026-04-26,2026-04-30,DE-WEB-01,C021224,VM-APP-0012,1,208.41,0.0,EUR
SO-2026-005163,1,2026-04-26,2026-04-29,DE-WEB-01,C012871, VM-BIK-0016 ,1,860.01,0.0,EUR
SO-2026-005163,2,2026-04-26,2026-04-29,DE-WEB-01,C012871,VM-ACC-0008,2,95.82,0.0,EUR
SO-2026-005163,3,2026-04-26,2026-04-29,DE-WEB-01,C012871,VM-APP-0003,3,74.26,0.0,EUR
SO-2026-005163,4,2026-04-26,2026-04-29,DE-WEB-01,C012871,VM-ACC-0003,1,69.47,0.0,EUR
SO-2026-005164,1,2026-04-26,2026-04-29,DE-WEB-01,C021225,VM-ACC-0018,2,11.98,0.0,EUR
SO-2026-005165,1,2026-04-27,2026-04-27,PL-WAW-01,C021226,VM-EBK-0006,1,20502.51,0.0,PLN
SO-2026-005166,1,2026-04-27,2026-04-27,PL-WAW-01,,VM-NUT-0011,4,54.96,0.1,PLN
SO-2026-005166,2,2026-04-27,2026-04-27,PL-WAW-01,,VM-BIK-0012,1,12022.57,0.0,PLN
SO-2026-005167,1,2026-04-27,2026-04-27,PL-WAW-01,C003574,VM-APP-0013,1,447.91,0.05,PLN
SO-2026-005168,1,2026-04-27,2026-04-27,PL-WAW-01,C021227,VM-EBK-0007,1,14964.59,0.0,PLN
SO-2026-005168,2,2026-04-27,2026-04-27,PL-WAW-01,C021227,VM-ACC-0016,3,29.51,0.0,PLN
SO-2026-005168,3,2026-04-27,2026-04-27,PL-WAW-01,C021227,VM-ACC-0003,1,295.21,0.0,PLN
SO-2026-005168,4,2026-04-27,2026-04-27,PL-WAW-01,C021227,VM-ACC-0004,1,794.03,0.0,PLN
SO-2026-005169,1,2026-04-27,2026-04-27,PL-WAW-02,C010721,VM-BIK-0012,1,12022.57,0.0,PLN
SO-2026-005170,1,2026-04-27,2026-04-27,PL-WAW-02,C021228,VM-APP-0008,2,162.87,0.0,PLN
SO-2026-005171,1,2026-04-27,2026-04-27,PL-KRK-01,C021229,VM-EBK-0005,1,17764.09,0.0,PLN
SO-2026-005172,1,2026-04-27,2026-04-27,PL-KRK-01,,VM-APP-0006,3,315.57,0.0,PLN
SO-2026-005172,2,2026-04-27,2026-04-27,PL-KRK-01,,VM-APP-0012,1,885.65,0.0,PLN
SO-2026-005172,3,2026-04-27,2026-04-27,PL-KRK-01,,VM-CMP-0021,2,48.85,0.0,PLN
SO-2026-005173,1,2026-04-27,2026-04-27,PL-KRK-01,C021230,VM-BIK-0012,1,12022.57,0.0,PLN
SO-2026-005173,2,2026-04-27,2026-04-27,PL-KRK-01,C021230,VM-ACC-0008,1,407.19,0.0,PLN
SO-2026-005173,3,2026-04-27,2026-04-27,PL-KRK-01,C021230,VM-EBK-0003,1,9253.61,0.0,PLN
SO-2026-005174,1,2026-04-27,2026-04-27,PL-KRK-01,C021231,VM-ACC-0021,1,794.03,0.0,PLN
SO-2026-005174,2,2026-04-27,2026-04-27,PL-KRK-01,C021231,VM-ACC-0008,2,407.19,0.0,PLN
SO-2026-005175,1,2026-04-27,2026-04-27,PL-KRK-01,C016313,VM-NUT-0001,14,9.15,0.0,PLN
SO-2026-005176,1,2026-04-27,2026-04-27,PL-WRO-01,,VM-ACC-0003,2,295.21,0.0,PLN
SO-2026-005177,1,2026-04-27,2026-04-27,PL-WRO-01,C017722,VM-EBK-0002,1,10129.09,0.0,PLN
SO-2026-005177,2,2026-04-27,2026-04-27,PL-WRO-01,C017722,VM-ACC-0008,1,407.19,0.0,PLN
SO-2026-005177,3,2026-04-27,2026-04-27,PL-WRO-01,C017722,VM-ACC-0013,1,173.05,0.0,PLN
SO-2026-005178,1,2026-04-27,2026-04-27,PL-GDN-01,C017256,VM-BIK-0005,1,7543.37,0.0,PLN
SO-2026-005179,1,2026-04-27,2026-04-27,PL-GDN-01,C018349,VM-NUT-0006,5,10.17,0.0,PLN
SO-2026-005179,2,2026-04-27,2026-04-27,PL-GDN-01,C018349,VM-EBK-0009,1,10088.37,0.0,PLN
SO-2026-005180,1,2026-04-27,2026-04-27,PL-GDN-01,,VM-EBK-0011,1,14903.51,0.0,PLN
SO-2026-005180,2,2026-04-27,2026-04-27,PL-GDN-01,,VM-ACC-0008,1,407.19,0.0,PLN
SO-2026-005180,3,2026-04-27,2026-04-27,PL-GDN-01,,VM-ACC-0018,3,50.89,0.0,PLN
SO-2026-005180,4,2026-04-27,2026-04-27,PL-GDN-01,,VM-ACC-0014,1,111.97,0.0,PLN
SO-2026-005181,1,2026-04-27,2026-04-27,PL-POZ-01,C021232,VM-ACC-0008,2,407.19,0.05,PLN
SO-2026-005181,2,2026-04-27,2026-04-27,PL-POZ-01,C021232,VM-APP-0002,2,447.91,0.05,PLN
SO-2026-005182,1,2026-04-27,2026-04-27,PL-POZ-01,C020577,VM-BIK-0016,1,3654.61,0.0,PLN
SO-2026-005182,2,2026-04-27,2026-04-27,PL-POZ-01,C020577,VM-ACC-0001,2,386.83,0.0,PLN
SO-2026-005182,3,2026-04-27,2026-04-27,PL-POZ-01,C020577,VM-ACC-0007,1,366.47,0.0,PLN
SO-2026-005183,1,2026-04-27,2026-04-29,PL-WEB-01,C021233,VM-NUT-0008,8,10.17,0.05,PLN
SO-2026-005183,2,2026-04-27,2026-04-29,PL-WEB-01,C021233,VM-CMP-0021,1,48.85,0.05,PLN
SO-2026-005183,3,2026-04-27,2026-04-29,PL-WEB-01,C021233,VM-EBK-0009,1,10088.37,0.05,PLN
SO-2026-005183,4,2026-04-27,2026-04-29,PL-WEB-01,C021233,VM-BIK-0007,1,7176.89,0.05,PLN
SO-2026-005184,1,2026-04-27,2026-05-01,PL-WEB-01,C021234,VM-ACC-0007,2,366.47,0.05,PLN
SO-2026-005184,2,2026-04-27,2026-05-01,PL-WEB-01,C021234,VM-APP-0010,1,173.05,0.05,PLN
SO-2026-005185,1,2026-04-27,2026-05-01,PL-WEB-01,C019156,VM-BIK-0012,1,12022.57,0.0,PLN
SO-2026-005186,1,2026-04-27,2026-04-29,PL-WEB-01,C021235,VM-ACC-0008,2,407.19,0.0,PLN
SO-2026-005187,1,2026-04-27,2026-04-30,PL-WEB-01,C021236,VM-EBK-0011,1,14903.51,0.0,PLN
SO-2026-005188,1,2026-04-27,2026-04-28,PL-WEB-01,C017349,VM-ACC-0008,1,407.19,0.0,PLN
SO-2026-005189,1,2026-04-27,2026-04-29,PL-WEB-01,C019740,VM-EBK-0003,1,9253.61,0.0,PLN
SO-2026-005190,1,2026-04-27,2026-04-29,PL-WEB-01,C021237,VM-BIK-0012,5,12022.57,0.08,PLN
SO-2026-005191,1,2026-04-27,2026-05-01,PL-WEB-01,C021238,VM-ACC-0015,1,356.29,0.0,PLN
SO-2026-005191,2,2026-04-27,2026-05-01,PL-WEB-01,C021238,VM-NUT-0002,11,15.26,0.0,PLN
SO-2026-005191,3,2026-04-27,2026-05-01,PL-WEB-01,C021238,vm-bik-0014,1,3898.93,0.0,PLN
SO-2026-005192,1,2026-04-27,2026-05-01,PL-WEB-01,C016161,VM-ACC-0003,1,295.21,0.0,PLN
SO-2026-005193,1,2026-04-27,2026-04-30,PL-WEB-01,C021239,VM-APP-0018,2,132.33,0.0,PLN
SO-2026-005194,1,2026-04-27,2026-05-01,PL-WEB-01,C014584,VM-CMP-0008,1,447.91,0.05,PLN
SO-2026-005194,2,2026-04-27,2026-05-01,PL-WEB-01,C014584,VM-BIK-0003,1,6657.71,0.05,PLN
SO-2026-005194,3,2026-04-27,2026-05-01,PL-WEB-01,C014584,VM-APP-0019,1,67.18,0.05,PLN
SO-2026-005194,4,2026-04-27,2026-05-01,PL-WEB-01,C014584,VM-ACC-0003,2,295.21,0.05,PLN
SO-2026-005195,1,2026-04-27,2026-05-01,PL-WEB-01,C021240,VM-EBK-0008,1,15371.79,0.0,PLN
SO-2026-005196,1,2026-04-27,2026-04-30,PL-WEB-01,C021241,VM-EBK-0011,1,14903.51,0.0,PLN
SO-2026-005196,2,2026-04-27,2026-04-30,PL-WEB-01,C021241,VM-APP-0011,1,417.37,0.0,PLN
SO-2026-005197,1,2026-04-27,2026-04-30,PL-WEB-01,C021242,VM-APP-0004,2,244.31,0.0,PLN
SO-2026-005198,1,2026-04-27,2026-04-29,PL-WEB-01,C014167,VM-ACC-0023,1,946.73,0.0,PLN
SO-2026-005198,2,2026-04-27,2026-04-29,PL-WEB-01,C014167, VM-CMP-0013 ,2,539.53,0.0,PLN
SO-2026-005199,1,2026-04-27,2026-04-29,PL-WEB-01,C021243,VM-NUT-0002,3,15.26,0.05,PLN
SO-2026-005200,1,2026-04-27,2026-04-28,PL-WEB-01,C021244,VM-NUT-0011,4,54.96,0.0,PLN
SO-2026-005200,2,2026-04-27,2026-04-28,PL-WEB-01,C021244,VM-APP-0011,2,417.37,0.0,PLN
SO-2026-005201,1,2026-04-27,2026-04-29,PL-WEB-01,C017741,VM-APP-0012,1,885.65,0.0,PLN
SO-2026-005201,2,2026-04-27,2026-04-29,PL-WEB-01,C017741,VM-ACC-0018,3,50.89,0.0,PLN
SO-2026-005202,1,2026-04-27,2026-05-01,PL-WEB-01,C014988,VM-APP-0010,10,173.05,0.12,PLN
SO-2026-005203,1,2026-04-27,2026-04-30,PL-MKT-01,C020143,VM-ACC-0017,3,59.03,0.0,PLN
SO-2026-005203,2,2026-04-27,2026-04-30,PL-MKT-01,C020143,VM-NUT-0007,8,13.22,0.0,PLN
SO-2026-005204,1,2026-04-27,2026-04-28,PL-MKT-01,C021245,vm-acc-0008,8,407.19,0.12,PLN
SO-2026-005204,2,2026-04-27,2026-04-28,PL-MKT-01,C021245,VM-APP-0002,9,447.91,0.1,PLN
SO-2026-005205,1,2026-04-27,2026-04-30,PL-MKT-01,C021246,VM-CMP-0016,1,2504.27,0.0,PLN
SO-2026-005206,1,2026-04-27,2026-04-30,PL-MKT-01,C021247,VM-BIK-0013,1,4886.39,0.0,PLN
SO-2026-005206,2,2026-04-27,2026-04-30,PL-MKT-01,C021247,VM-ACC-0002,2,620.97,0.0,PLN
SO-2026-005207,1,2026-04-27,2026-05-01,PL-MKT-01,C008739,VM-APP-0007,1,162.87,0.05,PLN
SO-2026-005207,2,2026-04-27,2026-05-01,PL-MKT-01,C008739,VM-CMP-0006,2,203.59,0.05,PLN
SO-2026-005207,3,2026-04-27,2026-05-01,PL-MKT-01,C008739,VM-BIK-0008,1,5405.57,0.05,PLN
SO-2026-005207,4,2026-04-27,2026-05-01,PL-MKT-01,C008739,VM-CMP-0022,3,36.64,0.05,PLN
SO-2026-005208,1,2026-04-27,2026-04-27,CZ-PRG-01,C019601,VM-EBK-0007,2,86301.0,0.1,CZK
SO-2026-005209,1,2026-04-27,2026-04-27,CZ-PRG-01,,VM-ACC-0003,1,1702.0,0.0,CZK
SO-2026-005210,1,2026-04-27,2026-04-27,CZ-PRG-01,C016681,VM-CMP-0002,1,3288.0,0.0,CZK
SO-2026-005211,1,2026-04-27,2026-04-27,CZ-BRN-01,C021248,VM-APP-0010,2,998.0,0.0,CZK
SO-2026-005212,1,2026-04-27,2026-05-01,CZ-WEB-01,C012004,VM-BIK-0013,1,28180.0,0.0,CZK
SO-2026-005213,1,2026-04-27,2026-04-30,CZ-WEB-01,C014519,VM-BIK-0007,1,41389.0,0.0,CZK
SO-2026-005213,2,2026-04-27,2026-04-30,CZ-WEB-01,C014519,VM-ACC-0008,2,2348.0,0.0,CZK
SO-2026-005213,3,2026-04-27,2026-04-30,CZ-WEB-01,C014519,VM-ACC-0014,1,646.0,0.0,CZK
SO-2026-005213,4,2026-04-27,2026-04-30,CZ-WEB-01,C014519,VM-APP-0002,2,2583.0,0.0,CZK
SO-2026-005214,1,2026-04-27,2026-04-29,CZ-WEB-01,C018037,VM-ACC-0010,1,1468.0,0.0,CZK
SO-2026-005214,2,2026-04-27,2026-04-29,CZ-WEB-01,C018037,VM-EBK-0009,1,58180.0,0.1,CZK
SO-2026-005214,3,2026-04-27,2026-04-29,CZ-WEB-01,C018037,VM-ACC-0002,2,3581.0,0.0,CZK
SO-2026-005215,1,2026-04-27,2026-04-27,DE-BER-01,C021249,VM-CMP-0002,2,134.15,0.0,EUR
SO-2026-005215,2,2026-04-27,2026-04-27,DE-BER-01,C021249,VM-ACC-0010,1,59.89,0.0,EUR
SO-2026-005216,1,2026-04-27,2026-04-27,DE-BER-01,C020354,VM-NUT-0006,7,2.39,0.0,EUR
SO-2026-005217,1,2026-04-27,2026-04-30,DE-WEB-01,C021250,VM-NUT-0011,3,12.93,0.0,EUR
SO-2026-005217,2,2026-04-27,2026-04-30,DE-WEB-01,C021250,VM-BIK-0007,1,1688.88,0.0,EUR
SO-2026-005218,1,2026-04-27,2026-05-01,DE-WEB-01,C017576,VM-NUT-0004,14,1.67,0.0,EUR
SO-2026-005219,1,2026-04-27,2026-05-01,DE-WEB-01,C021251,vm-ebk-0010,1,3231.63,0.05,EUR
SO-2026-005220,1,2026-04-27,2026-05-01,DE-WEB-01,C013184,VM-BIK-0002,1,2306.94,0.0,EUR
SO-2026-005221,1,2026-04-27,2026-04-29,DE-WEB-01,C017628,VM-APP-0010,2,40.72,0.0,EUR
SO-2026-005222,1,2026-04-27,2026-04-29,DE-WEB-01,C017390,VM-APP-0015,1,136.55,0.0,EUR
SO-2026-005222,2,2026-04-27,2026-04-29,DE-WEB-01,C017390,VM-EBK-0011,1,3507.12,0.0,EUR
SO-2026-005223,1,2026-04-27,2026-04-28,DE-WEB-01,C018753,VM-CMP-0004,1,172.48,0.0,EUR
SO-2026-005224,1,2026-04-27,2026-05-01,DE-WEB-01,C021252,VM-CMP-0023,2,14.13,0.0,EUR
SO-2026-005224,2,2026-04-27,2026-05-01,DE-WEB-01,C021252,VM-CMP-0006,2,47.91,0.0,EUR
SO-2026-005224,3,2026-04-27,2026-05-01,DE-WEB-01,C021252,VM-APP-0020,2,43.12,0.0,EUR
SO-2026-005225,1,2026-04-28,2026-04-28,PL-WAW-01,C021253,VM-ACC-0007,2,366.47,0.0,PLN
SO-2026-005225,2,2026-04-28,2026-04-28,PL-WAW-01,C021253,VM-BIK-0020,1,1231.77,0.0,PLN
SO-2026-005226,1,2026-04-28,2026-04-28,PL-WAW-01,,VM-ACC-0016,1,29.51,0.0,PLN
SO-2026-005226,2,2026-04-28,2026-04-28,PL-WAW-01,,VM-NUT-0007,7,13.22,0.0,PLN
SO-2026-005226,3,2026-04-28,2026-04-28,PL-WAW-01,,VM-ACC-0002,2,620.97,0.0,PLN
SO-2026-005227,1,2026-04-28,2026-04-28,PL-WAW-01,C019161,VM-NUT-0009,4,86.52,0.05,PLN
SO-2026-005227,2,2026-04-28,2026-04-28,PL-WAW-01,C019161,VM-ACC-0008,1,407.19,0.05,PLN
SO-2026-005227,3,2026-04-28,2026-04-28,PL-WAW-01,C019161,VM-APP-0002,3,447.91,0.05,PLN
SO-2026-005227,4,2026-04-28,2026-04-28,PL-WAW-01,C019161,VM-CMP-0013,1,539.53,0.05,PLN
SO-2026-005228,1,2026-04-28,2026-04-28,PL-WAW-01,,VM-BIK-0013,1,4886.39,0.0,PLN
SO-2026-005228,2,2026-04-28,2026-04-28,PL-WAW-01,,VM-NUT-0006,6,10.17,0.0,PLN
SO-2026-005229,1,2026-04-28,2026-04-28,PL-WAW-02,,VM-ACC-0003,1,295.21,0.0,PLN
SO-2026-005229,2,2026-04-28,2026-04-28,PL-WAW-02,,VM-BIK-0013,1,4886.39,0.0,PLN
SO-2026-005230,1,2026-04-28,2026-04-28,PL-WAW-02,,VM-CMP-0015,1,936.55,0.0,PLN
SO-2026-005231,1,2026-04-28,2026-04-28,PL-WAW-02,C019063,VM-NUT-0009,2,86.52,0.0,PLN
SO-2026-005231,2,2026-04-28,2026-04-28,PL-WAW-02,C019063,VM-ACC-0007,1,366.47,0.0,PLN
SO-2026-005232,1,2026-04-28,2026-04-28,PL-WAW-02,C014909,VM-CMP-0022,4,36.64,0.0,PLN
SO-2026-005233,1,2026-04-28,2026-04-28,PL-WAW-02,,VM-BIK-0019,1,1231.77,0.0,PLN
SO-2026-005233,2,2026-04-28,2026-04-28,PL-WAW-02,,VM-ACC-0013,1,173.05,0.0,PLN
SO-2026-005233,3,2026-04-28,2026-04-28,PL-WAW-02,,VM-ACC-0001,1,386.83,0.0,PLN
SO-2026-005233,4,2026-04-28,2026-04-28,PL-WAW-02,,VM-BIK-0022,1,1425.19,0.0,PLN
SO-2026-005234,1,2026-04-28,2026-04-28,PL-WAW-02,C021254,VM-APP-0005,3,183.23,0.0,PLN
SO-2026-005234,2,2026-04-28,2026-04-28,PL-WAW-02,C021254,VM-ACC-0017,2,59.03,0.0,PLN
SO-2026-005235,1,2026-04-28,2026-04-28,PL-KRK-01,C021255,VM-NUT-0004,11,7.12,0.0,PLN
SO-2026-005235,2,2026-04-28,2026-04-28,PL-KRK-01,C021255,VM-NUT-0001,5,9.15,0.0,PLN
SO-2026-005235,3,2026-04-28,2026-04-28,PL-KRK-01,C021255,VM-ACC-0013,1,173.05,0.0,PLN
SO-2026-005236,1,2026-04-28,2026-04-28,PL-KRK-01,C021256,VM-ACC-0014,1,111.97,0.0,PLN
SO-2026-005236,2,2026-04-28,2026-04-28,PL-KRK-01,C021256,VM-NUT-0001,5,9.15,0.0,PLN
SO-2026-005237,1,2026-04-28,2026-04-28,PL-KRK-01,C021257,VM-CMP-0023,1,60.05,0.05,PLN
SO-2026-005237,2,2026-04-28,2026-04-28,PL-KRK-01,C021257,VM-APP-0007,1,162.87,0.05,PLN
SO-2026-005238,1,2026-04-28,2026-04-28,PL-WRO-01,C020580,VM-ACC-0017,3,59.03,0.05,PLN
SO-2026-005239,1,2026-04-28,2026-04-28,PL-WRO-01,C021258,VM-ACC-0016,4,29.51,0.08,PLN
SO-2026-005240,1,2026-04-28,2026-04-28,PL-WRO-01,C016171,VM-EBK-0002,1,10129.09,0.0,PLN
SO-2026-005240,2,2026-04-28,2026-04-28,PL-WRO-01,C016171,VM-ACC-0018,2,50.89,0.0,PLN
SO-2026-005241,1,2026-04-28,2026-04-28,PL-POZ-01,,VM-BIK-0012,1,12022.57,0.0,PLN
SO-2026-005242,1,2026-04-28,2026-04-28,PL-POZ-01,C013401,VM-ACC-0017,1,59.03,0.05,PLN
SO-2026-005243,1,2026-04-28,2026-04-28,PL-POZ-01,C010812,VM-APP-0013,3,447.91,0.08,PLN
SO-2026-005244,1,2026-04-28,2026-05-02,PL-WEB-01,C021259,VM-BIK-0019,1,1231.77,0.0,PLN
SO-2026-005245,1,2026-04-28,2026-05-02,PL-WEB-01,C020678,VM-EBK-0010,1,13732.81,0.0,PLN
SO-2026-005245,2,2026-04-28,2026-05-02,PL-WEB-01,C020678,VM-ACC-0010,1,254.49,0.0,PLN
SO-2026-005245,3,2026-04-28,2026-05-02,PL-WEB-01,C020678,VM-EBK-0009,1,10088.37,0.0,PLN
SO-2026-005245,4,2026-04-28,2026-05-02,PL-WEB-01,C020678,VM-ACC-0012,1,73.29,0.1,PLN
SO-2026-005246,1,2026-04-28,2026-04-30,PL-WEB-01,C021260,VM-APP-0010,1,173.05,0.0,PLN
SO-2026-005247,1,2026-04-28,2026-04-30,PL-WEB-01,C011953,VM-BIK-0004,1,4346.85,0.05,PLN
SO-2026-005247,2,2026-04-28,2026-04-30,PL-WEB-01,C011953,VM-BIK-0013,1,4886.39,0.05,PLN
SO-2026-005247,3,2026-04-28,2026-04-30,PL-WEB-01,C011953,VM-ACC-0016,1,29.51,0.05,PLN
SO-2026-005248,1,2026-04-28,2026-05-01,PL-WEB-01,C021261,VM-ACC-0013,1,173.05,0.0,PLN
SO-2026-005248,2,2026-04-28,2026-05-01,PL-WEB-01,C021261,VM-EBK-0005,1,17764.09,0.0,PLN
SO-2026-005248,3,2026-04-28,2026-05-01,PL-WEB-01,C021261,VM-NUT-0001,15,9.15,0.0,PLN
SO-2026-005249,1,2026-04-28,2026-04-29,PL-WEB-01,C021262,VM-BIK-0003,1,6657.71,0.05,PLN
SO-2026-005250,1,2026-04-28,2026-04-29,PL-WEB-01,C016012,VM-CMP-0007,1,641.33,0.0,PLN
SO-2026-005251,1,2026-04-28,2026-04-29,PL-WEB-01,C021263,VM-NUT-0007,10,13.22,0.0,PLN
SO-2026-005251,2,2026-04-28,2026-04-29,PL-WEB-01,C021263,VM-BIK-0022,1,1425.19,0.0,PLN
SO-2026-005252,1,2026-04-28,2026-04-29,PL-WEB-01,C013180,VM-BIK-0022,1,1425.19,0.0,PLN
SO-2026-005252,2,2026-04-28,2026-04-29,PL-WEB-01,C013180,VM-CMP-0013,2,539.53,0.0,PLN
SO-2026-005252,3,2026-04-28,2026-04-29,PL-WEB-01,C013180,VM-EBK-0002,1,10129.09,0.0,PLN
SO-2026-005253,1,2026-04-28,2026-05-02,PL-WEB-01,C017637,VM-EBK-0005,1,17764.09,0.05,PLN
SO-2026-005254,1,2026-04-28,2026-05-01,PL-WEB-01,C016769,VM-BIK-0016,1,3654.61,0.05,PLN
SO-2026-005255,1,2026-04-28,2026-04-30,PL-WEB-01,C015158,VM-EBK-0002,1,10129.09,0.0,PLN
SO-2026-005256,1,2026-04-28,2026-04-29,PL-WEB-01,C004866,VM-ACC-0008,1,407.19,0.05,PLN
SO-2026-005256,2,2026-04-28,2026-04-29,PL-WEB-01,C004866,VM-BIK-0016,1,3654.61,0.05,PLN
SO-2026-005257,1,2026-04-28,2026-04-30,PL-WEB-01,C021264,VM-CMP-0013,1,539.53,0.0,PLN
SO-2026-005258,1,2026-04-28,2026-04-29,PL-WEB-01,C021265,VM-NUT-0004,12,7.12,0.0,PLN
SO-2026-005258,2,2026-04-28,2026-04-29,PL-WEB-01,C021265,VM-ACC-0008,2,407.19,0.0,PLN
SO-2026-005259,1,2026-04-28,2026-05-01,PL-WEB-01,C017347,VM-BIK-0013,1,4886.39,0.0,PLN
SO-2026-005259,2,2026-04-28,2026-05-01,PL-WEB-01,C017347,VM-APP-0010,2,173.05,0.0,PLN
SO-2026-005259,3,2026-04-28,2026-05-01,PL-WEB-01,C017347,VM-NUT-0002,7,15.26,0.0,PLN
SO-2026-005259,4,2026-04-28,2026-05-01,PL-WEB-01,C017347,VM-CMP-0015,2,936.55,0.0,PLN
SO-2026-005260,1,2026-04-28,2026-04-29,PL-WEB-01,C008131,VM-BIK-0003,4,6657.71,0.12,PLN
SO-2026-005260,2,2026-04-28,2026-04-29,PL-WEB-01,C008131,VM-ACC-0008,5,407.19,0.1,PLN
SO-2026-005260,3,2026-04-28,2026-04-29,PL-WEB-01,C008131,VM-ACC-0017,15,59.03,0.08,PLN
SO-2026-005261,1,2026-04-28,2026-05-01,PL-WEB-01,C021266,VM-EBK-0007,1,14964.59,0.05,PLN
SO-2026-005262,1,2026-04-28,2026-05-01,PL-WEB-01,C017611,VM-ACC-0021,1,794.03,0.0,PLN
SO-2026-005263,1,2026-04-28,2026-05-02,PL-MKT-01,C004985,VM-BIK-0022,5,1425.19,0.08,PLN
SO-2026-005264,1,2026-04-28,2026-04-29,PL-MKT-01,C021267,VM-BIK-0001,1,13936.41,0.0,PLN
SO-2026-005265,1,2026-04-28,2026-04-29,PL-MKT-01,C020977,VM-CMP-0002,2,570.07,0.0,PLN
SO-2026-005266,1,2026-04-28,2026-05-02,PL-MKT-01,C021268,VM-ACC-0007,2,366.47,0.0,PLN
SO-2026-005267,1,2026-04-28,2026-05-01,PL-MKT-01,C021269, VM-EBK-0007 ,1,14964.59,0.0,PLN
SO-2026-005267,2,2026-04-28,2026-05-01,PL-MKT-01,C021269,VM-CMP-0009,1,356.29,0.0,PLN
SO-2026-005268,1,2026-04-28,2026-05-02,PL-MKT-01,C021270,VM-NUT-0007,9,13.22,0.0,PLN
SO-2026-005269,1,2026-04-28,2026-05-02,PL-MKT-01,C021271,VM-APP-0002,1,447.91,0.05,PLN
SO-2026-005269,2,2026-04-28,2026-05-02,PL-MKT-01,C021271,VM-EBK-0003,1,9253.61,0.05,PLN
SO-2026-005270,1,2026-04-28,2026-04-29,PL-MKT-01,C021272,VM-ACC-0007,1,366.47,0.0,PLN
SO-2026-005270,2,2026-04-28,2026-04-29,PL-MKT-01,C021272,VM-CMP-0005,1,1506.63,0.0,PLN
SO-2026-005270,3,2026-04-28,2026-04-29,PL-MKT-01,C021272,VM-BIK-0003,1,6657.71,0.0,PLN
SO-2026-005271,1,2026-04-28,2026-04-29,PL-MKT-01,C006969,VM-ACC-0010,2,254.49,0.05,PLN
SO-2026-005271,2,2026-04-28,2026-04-29,PL-MKT-01,C006969,VM-BIK-0004,1,4346.85,0.05,PLN
SO-2026-005271,3,2026-04-28,2026-04-29,PL-MKT-01,C006969,VM-BIK-0012,1,12022.57,0.05,PLN
SO-2026-005272,1,2026-04-28,2026-04-28,CZ-PRG-01,C019094,VM-APP-0020,2,1057.0,0.0,CZK
SO-2026-005273,1,2026-04-28,2026-04-28,CZ-PRG-01,C014520,VM-EBK-0009,1,58180.0,0.0,CZK
SO-2026-005274,1,2026-04-28,2026-04-28,CZ-PRG-01,C020505,VM-BIK-0004,1,25068.0,0.0,CZK
SO-2026-005275,1,2026-04-28,2026-04-28,CZ-PRG-01,C019738,VM-ACC-0001,4,2231.0,0.08,CZK
SO-2026-005275,2,2026-04-28,2026-04-28,CZ-PRG-01,C019738,VM-EBK-0006,3,118238.0,0.12,CZK
SO-2026-005276,1,2026-04-28,2026-04-28,CZ-BRN-01,C021273,VM-ACC-0015,1,2055.0,0.0,CZK
SO-2026-005276,2,2026-04-28,2026-04-28,CZ-BRN-01,C021273,VM-APP-0019,1,387.0,0.0,CZK
SO-2026-005276,3,2026-04-28,2026-04-28,CZ-BRN-01,C021273,VM-CMP-0012,1,3170.0,0.0,CZK
SO-2026-005276,4,2026-04-28,2026-04-28,CZ-BRN-01,C021273,VM-APP-0002,2,2583.0,0.0,CZK
SO-2026-005277,1,2026-04-28,2026-04-28,CZ-BRN-01,C017875,VM-EBK-0002,1,58415.0,0.0,CZK
SO-2026-005278,1,2026-04-28,2026-04-30,CZ-WEB-01,C013806,VM-ACC-0008,2,2348.0,0.0,CZK
SO-2026-005279,1,2026-04-28,2026-04-29,CZ-WEB-01,C016681,VM-BIK-0006,1,38689.0,0.0,CZK
SO-2026-005279,2,2026-04-28,2026-04-29,CZ-WEB-01,C016681,VM-ACC-0008,1,2348.0,0.0,CZK
SO-2026-005280,1,2026-04-28,2026-04-29,CZ-WEB-01,C017425,VM-CMP-0017,1,2935.0,0.05,CZK
SO-2026-005281,1,2026-04-28,2026-05-01,CZ-WEB-01,C017464,VM-CMP-0018,4,364.0,0.1,CZK
SO-2026-005281,2,2026-04-28,2026-05-01,CZ-WEB-01,C017464,VM-APP-0020,2,1057.0,0.0,CZK
SO-2026-005282,1,2026-04-28,2026-05-02,CZ-WEB-01,C013676,VM-EBK-0011,4,85949.0,0.1,CZK
SO-2026-005282,2,2026-04-28,2026-05-02,CZ-WEB-01,C013676,VM-ACC-0004,6,4579.0,0.08,CZK
SO-2026-005283,1,2026-04-28,2026-04-28,DE-BER-01,C021274,VM-ACC-0008,2,95.82,0.0,EUR
SO-2026-005283,2,2026-04-28,2026-04-28,DE-BER-01,C021274,VM-BIK-0014,1,917.5,0.0,EUR
SO-2026-005283,3,2026-04-28,2026-04-28,DE-BER-01,C021274,VM-NUT-0002,14,3.59,0.1,EUR
SO-2026-005284,1,2026-04-28,2026-04-28,DE-BER-01,C014654,VM-BIK-0012,1,2829.17,0.1,EUR
SO-2026-005284,2,2026-04-28,2026-04-28,DE-BER-01,C014654,VM-ACC-0017,1,13.89,0.05,EUR
SO-2026-005285,1,2026-04-28,2026-04-29,DE-WEB-01,C021275,VM-ACC-0021,1,186.85,0.0,EUR
SO-2026-005285,2,2026-04-28,2026-04-29,DE-WEB-01,C021275,VM-BIK-0011,1,2072.17,0.0,EUR
SO-2026-005285,3,2026-04-28,2026-04-29,DE-WEB-01,C021275,VM-ACC-0008,1,95.82,0.0,EUR
SO-2026-005286,1,2026-04-28,2026-05-01,DE-WEB-01,C021276,VM-APP-0010,2,40.72,0.0,EUR
SO-2026-005287,1,2026-04-28,2026-04-29,DE-WEB-01,C020964,VM-NUT-0008,5,2.39,0.0,EUR
SO-2026-005287,2,2026-04-28,2026-04-29,DE-WEB-01,C020964,VM-NUT-0009,4,20.36,0.0,EUR
SO-2026-005288,1,2026-04-28,2026-04-29,DE-WEB-01,C013719,VM-BIK-0004,1,1022.91,0.05,EUR
SO-2026-005288,2,2026-04-28,2026-04-29,DE-WEB-01,C013719,VM-ACC-0017,1,13.89,0.05,EUR
SO-2026-005289,1,2026-04-28,2026-05-01,DE-WEB-01,C021277,VM-CMP-0017,2,119.78,0.0,EUR
SO-2026-005289,2,2026-04-28,2026-05-01,DE-WEB-01,C021277,VM-BIK-0013,1,1149.87,0.0,EUR
SO-2026-005289,3,2026-04-28,2026-05-01,DE-WEB-01,C021277,VM-APP-0014,1,117.38,0.0,EUR
SO-2026-005290,1,2026-04-28,2026-05-02,DE-WEB-01,C013261,VM-NUT-0001,9,2.15,0.05,EUR
SO-2026-005291,1,2026-04-29,2026-04-29,PL-WAW-01,C019090,VM-ACC-0011,1,73.29,0.05,PLN
SO-2026-005291,2,2026-04-29,2026-04-29,PL-WAW-01,C019090,VM-NUT-0003,6,11.19,0.05,PLN
SO-2026-005291,3,2026-04-29,2026-04-29,PL-WAW-01,C019090,VM-CMP-0013,2,539.53,0.05,PLN
SO-2026-005292,1,2026-04-29,2026-04-29,PL-WAW-01,C001537,VM-CMP-0014,2,437.73,0.05,PLN
SO-2026-005292,2,2026-04-29,2026-04-29,PL-WAW-01,C001537,VM-CMP-0016,1,2504.27,0.05,PLN
SO-2026-005292,3,2026-04-29,2026-04-29,PL-WAW-01,C001537,VM-ACC-0021,1,794.03,0.05,PLN
SO-2026-005292,4,2026-04-29,2026-04-29,PL-WAW-01,C001537,VM-APP-0007,1,162.87,0.05,PLN
SO-2026-005293,1,2026-04-29,2026-04-29,PL-WAW-01,C021278,VM-ACC-0008,2,407.19,0.0,PLN
SO-2026-005293,2,2026-04-29,2026-04-29,PL-WAW-01,C021278,VM-CMP-0005,2,1506.63,0.0,PLN
SO-2026-005293,3,2026-04-29,2026-04-29,PL-WAW-01,C021278,VM-APP-0020,1,183.23,0.0,PLN
SO-2026-005294,1,2026-04-29,2026-04-29,PL-WAW-01,,VM-NUT-0007,7,13.22,0.0,PLN
SO-2026-005294,2,2026-04-29,2026-04-29,PL-WAW-01,,VM-BIK-0016,1,3654.61,0.0,PLN
SO-2026-005294,3,2026-04-29,2026-04-29,PL-WAW-01,,VM-NUT-0008,6,10.17,0.0,PLN
SO-2026-005295,1,2026-04-29,2026-04-29,PL-WAW-02,,VM-BIK-0012,1,12022.57,0.0,PLN
SO-2026-005295,2,2026-04-29,2026-04-29,PL-WAW-02,,VM-EBK-0005,1,17764.09,0.0,PLN
SO-2026-005296,1,2026-04-29,2026-04-29,PL-WAW-02,C014829,VM-NUT-0001,12,9.15,0.0,PLN
SO-2026-005297,1,2026-04-29,2026-04-29,PL-WAW-02,,VM-NUT-0006,12,10.17,0.0,PLN
SO-2026-005298,1,2026-04-29,2026-04-29,PL-WAW-02,C018949,VM-EBK-0008,1,15371.79,0.0,PLN
SO-2026-005299,1,2026-04-29,2026-04-29,PL-WAW-02,C019106,VM-EBK-0011,1,14903.51,0.05,PLN
SO-2026-005299,2,2026-04-29,2026-04-29,PL-WAW-02,C019106,VM-ACC-0014,1,111.97,0.05,PLN
SO-2026-005300,1,2026-04-29,2026-04-29,PL-KRK-01,C021279,VM-ACC-0018,1,50.89,0.0,PLN
SO-2026-005300,2,2026-04-29,2026-04-29,PL-KRK-01,C021279,VM-BIK-0012,1,12022.57,0.0,PLN
SO-2026-005301,1,2026-04-29,2026-04-29,PL-KRK-01,C021090,VM-BIK-0022,1,1425.19,0.0,PLN
SO-2026-005302,1,2026-04-29,2026-04-29,PL-KRK-01,C021280,vm-app-0005,3,183.23,0.0,PLN
SO-2026-005303,1,2026-04-29,2026-04-29,PL-KRK-01,,VM-EBK-0002,1,10129.09,0.0,PLN
SO-2026-005304,1,2026-04-29,2026-04-29,PL-WRO-01,,VM-NUT-0006,10,10.17,0.0,PLN
SO-2026-005304,2,2026-04-29,2026-04-29,PL-WRO-01,,VM-CMP-0009,1,356.29,0.0,PLN
SO-2026-005305,1,2026-04-29,2026-04-29,PL-GDN-01,C020226,VM-BIK-0017,1,1944.37,0.05,PLN
SO-2026-005306,1,2026-04-29,2026-04-29,PL-GDN-01,,VM-APP-0010,2,173.05,0.0,PLN
SO-2026-005306,2,2026-04-29,2026-04-29,PL-GDN-01,,VM-ACC-0008,2,407.19,0.0,PLN
SO-2026-005307,1,2026-04-29,2026-04-29,PL-GDN-01,C021281,VM-NUT-0004,3,7.12,0.0,PLN
SO-2026-005308,1,2026-04-29,2026-04-29,PL-POZ-01,,VM-ACC-0014,1,111.97,0.0,PLN
SO-2026-005309,1,2026-04-29,2026-04-29,PL-POZ-01,C021282,VM-BIK-0009,1,5741.51,0.0,PLN
SO-2026-005309,2,2026-04-29,2026-04-29,PL-POZ-01,C021282,VM-CMP-0006,1,203.59,0.0,PLN
SO-2026-005309,3,2026-04-29,2026-04-29,PL-POZ-01,C021282,VM-APP-0019,1,67.18,0.0,PLN
SO-2026-005309,4,2026-04-29,2026-04-29,PL-POZ-01,C021282,VM-APP-0013,1,447.91,0.0,PLN
SO-2026-005310,1,2026-04-29,2026-04-29,PL-POZ-01,C018617,VM-APP-0011,2,417.37,0.05,PLN
SO-2026-005310,2,2026-04-29,2026-04-29,PL-POZ-01,C018617,VM-CMP-0009,1,356.29,0.05,PLN
SO-2026-005310,3,2026-04-29,2026-04-29,PL-POZ-01,C018617,VM-CMP-0020,2,264.67,0.05,PLN
SO-2026-005311,1,2026-04-29,2026-04-29,PL-POZ-01,,VM-EBK-0009,1,10088.37,0.0,PLN
SO-2026-005311,2,2026-04-29,2026-04-29,PL-POZ-01,,VM-ACC-0008,1,407.19,0.0,PLN
SO-2026-005312,1,2026-04-29,2026-04-29,PL-LDZ-01,C021283,VM-ACC-0017,3,59.03,0.0,PLN
SO-2026-005312,2,2026-04-29,2026-04-29,PL-LDZ-01,C021283,VM-APP-0010,1,173.05,0.0,PLN
SO-2026-005313,1,2026-04-29,2026-04-29,PL-LDZ-01,C020599,VM-NUT-0006,10,10.17,0.0,PLN
SO-2026-005314,1,2026-04-29,2026-05-03,PL-WEB-01,C018907,VM-APP-0017,1,193.41,0.1,PLN
SO-2026-005314,2,2026-04-29,2026-05-03,PL-WEB-01,C018907,VM-CMP-0017,2,508.99,0.0,PLN
SO-2026-005315,1,2026-04-29,2026-05-01,PL-WEB-01,C018765,VM-EBK-0002,1,10129.09,0.0,PLN
SO-2026-005315,2,2026-04-29,2026-05-01,PL-WEB-01,C018765,VM-NUT-0003,5,11.19,0.0,PLN
SO-2026-005316,1,2026-04-29,2026-05-03,PL-WEB-01,C014137,VM-ACC-0008,2,407.19,0.0,PLN
SO-2026-005317,1,2026-04-29,2026-05-01,PL-WEB-01,C019247,VM-CMP-0022,2,36.64,0.0,PLN
SO-2026-005317,2,2026-04-29,2026-05-01,PL-WEB-01,C019247,vm-bik-0002,1,9803.33,0.0,PLN
SO-2026-005317,3,2026-04-29,2026-05-01,PL-WEB-01,C019247,VM-NUT-0004,14,7.12,0.0,PLN
SO-2026-005318,1,2026-04-29,2026-05-01,PL-WEB-01,C010706,VM-CMP-0005,1,1506.63,0.0,PLN
SO-2026-005319,1,2026-04-29,2026-05-02,PL-WEB-01,C021284,VM-CMP-0013,1,539.53,0.05,PLN
SO-2026-005320,1,2026-04-29,2026-05-01,PL-WEB-01,C019159,VM-NUT-0006,6,10.17,0.05,PLN
SO-2026-005320,2,2026-04-29,2026-05-01,PL-WEB-01,C019159,VM-ACC-0021,1,794.03,0.05,PLN
SO-2026-005321,1,2026-04-29,2026-05-03,PL-WEB-01,C019293,VM-BIK-0001,1,13936.41,0.0,PLN
SO-2026-005321,2,2026-04-29,2026-05-03,PL-WEB-01,C019293,VM-CMP-0005,1,1506.63,0.0,PLN
SO-2026-005322,1,2026-04-29,2026-05-03,PL-WEB-01,C019322,VM-NUT-0009,1,86.52,0.0,PLN
SO-2026-005323,1,2026-04-29,2026-04-30,PL-WEB-01,C021285,VM-CMP-0013,2,539.53,0.0,PLN
SO-2026-005324,1,2026-04-29,2026-04-30,PL-WEB-01,C021286,VM-APP-0008,1,162.87,0.0,PLN
SO-2026-005324,2,2026-04-29,2026-04-30,PL-WEB-01,C021286,VM-ACC-0014,1,111.97,0.0,PLN
SO-2026-005325,1,2026-04-29,2026-05-02,PL-WEB-01,C018994,VM-BIK-0004,1,4346.85,0.0,PLN
SO-2026-005326,1,2026-04-29,2026-05-02,PL-WEB-01,C014954,VM-EBK-0006,1,20502.51,0.0,PLN
SO-2026-005326,2,2026-04-29,2026-05-02,PL-WEB-01,C014954,VM-BIK-0009,1,5741.51,0.0,PLN
SO-2026-005327,1,2026-04-29,2026-05-03,PL-MKT-01,C021287,VM-ACC-0008,1,407.19,0.0,PLN
SO-2026-005327,2,2026-04-29,2026-05-03,PL-MKT-01,C021287,VM-EBK-0005,1,17764.09,0.0,PLN
SO-2026-005328,1,2026-04-29,2026-04-30,PL-MKT-01,C016360,VM-CMP-0002,1,570.07,0.0,PLN
SO-2026-005328,2,2026-04-29,2026-04-30,PL-MKT-01,C016360,VM-BIK-0007,1,7176.89,0.0,PLN
SO-2026-005329,1,2026-04-29,2026-05-03,PL-MKT-01,C016275,VM-EBK-0002,1,10129.09,0.0,PLN
SO-2026-005330,1,2026-04-29,2026-04-30,PL-MKT-01,C021288,VM-EBK-0005,1,17764.09,0.0,PLN
SO-2026-005330,2,2026-04-29,2026-04-30,PL-MKT-01,C021288,VM-ACC-0008,1,407.19,0.0,PLN
SO-2026-005331,1,2026-04-29,2026-05-03,PL-MKT-01,C021289,VM-EBK-0004,1,11279.43,0.0,PLN
SO-2026-005331,2,2026-04-29,2026-05-03,PL-MKT-01,C021289,VM-ACC-0009,1,407.19,0.0,PLN
SO-2026-005332,1,2026-04-29,2026-04-30,PL-MKT-01,C021290,VM-ACC-0021,1,794.03,0.0,PLN
SO-2026-005333,1,2026-04-29,2026-05-01,PL-MKT-01,C013582,VM-ACC-0007,1,366.47,0.1,PLN
SO-2026-005334,1,2026-04-29,2026-05-02,PL-MKT-01,C013401,VM-CMP-0013,2,539.53,0.05,PLN
SO-2026-005334,2,2026-04-29,2026-05-02,PL-MKT-01,C013401,VM-NUT-0009,3,86.52,0.05,PLN
SO-2026-005335,1,2026-04-29,2026-05-01,PL-MKT-01,C021291,VM-NUT-0008,6,10.17,0.0,PLN
SO-2026-005336,1,2026-04-29,2026-04-30,PL-MKT-01,C021002, VM-ACC-0008 ,2,407.19,0.1,PLN
SO-2026-005337,1,2026-04-29,2026-04-29,CZ-PRG-01,C007825,VM-APP-0017,1,1115.0,0.0,CZK
SO-2026-005337,2,2026-04-29,2026-04-29,CZ-PRG-01,C007825,VM-EBK-0005,1,102446.0,0.0,CZK
SO-2026-005338,1,2026-04-29,2026-04-29,CZ-PRG-01,C021292,VM-APP-0010,2,998.0,0.1,CZK
SO-2026-005338,2,2026-04-29,2026-04-29,CZ-PRG-01,C021292,VM-CMP-0008,2,2583.0,0.0,CZK
SO-2026-005338,3,2026-04-29,2026-04-29,CZ-PRG-01,C021292,VM-BIK-0019,1,7104.0,0.1,CZK
SO-2026-005339,1,2026-04-29,2026-04-29,CZ-PRG-01,,VM-NUT-0006,10,59.0,0.0,CZK
SO-2026-005340,1,2026-04-29,2026-04-29,CZ-BRN-01,C021293,VM-CMP-0013,2,3111.0,0.05,CZK
SO-2026-005341,1,2026-04-29,2026-04-29,CZ-BRN-01,C010236,VM-BIK-0016,1,21076.0,0.05,CZK
SO-2026-005341,2,2026-04-29,2026-04-29,CZ-BRN-01,C010236,VM-ACC-0016,2,170.0,0.05,CZK
SO-2026-005341,3,2026-04-29,2026-04-29,CZ-BRN-01,C010236,VM-APP-0007,1,939.0,0.05,CZK
SO-2026-005341,4,2026-04-29,2026-04-29,CZ-BRN-01,C010236,VM-CMP-0013,1,3111.0,0.05,CZK
SO-2026-005342,1,2026-04-29,2026-04-29,CZ-BRN-01,,VM-BIK-0013,1,28180.0,0.0,CZK
SO-2026-005342,2,2026-04-29,2026-04-29,CZ-BRN-01,,VM-NUT-0009,2,499.0,0.0,CZK
SO-2026-005343,1,2026-04-29,2026-04-30,CZ-WEB-01,C015425,VM-NUT-0009,4,499.0,0.0,CZK
SO-2026-005343,2,2026-04-29,2026-04-30,CZ-WEB-01,C015425,VM-ACC-0020,1,4755.0,0.0,CZK
SO-2026-005344,1,2026-04-29,2026-04-30,CZ-WEB-01,C020278,VM-CMP-0005,2,8689.0,0.0,CZK
SO-2026-005345,1,2026-04-29,2026-05-03,CZ-WEB-01,C021294,VM-NUT-0004,11,41.0,0.0,CZK
SO-2026-005345,2,2026-04-29,2026-05-03,CZ-WEB-01,C021294,VM-BIK-0010,1,37104.0,0.0,CZK
SO-2026-005345,3,2026-04-29,2026-05-03,CZ-WEB-01,C021294,VM-APP-0010,1,998.0,0.0,CZK
SO-2026-005346,1,2026-04-29,2026-04-29,DE-BER-01,C021295,VM-NUT-0004,7,1.67,0.0,EUR
SO-2026-005347,1,2026-04-29,2026-04-29,DE-BER-01,C021296,vm-acc-0008,2,95.82,0.0,EUR
SO-2026-005348,1,2026-04-29,2026-05-03,DE-WEB-01,C019406,VM-BIK-0007,1,1688.88,0.0,EUR
SO-2026-005349,1,2026-04-29,2026-05-02,DE-WEB-01,C018360, VM-APP-0013 ,1,105.4,0.05,EUR
SO-2026-005349,2,2026-04-29,2026-05-02,DE-WEB-01,C018360,VM-NUT-0001,6,2.15,0.05,EUR
SO-2026-005350,1,2026-04-29,2026-05-03,DE-WEB-01,C018360,VM-ACC-0014,1,26.35,0.05,EUR
SO-2026-005350,2,2026-04-29,2026-05-03,DE-WEB-01,C018360, VM-CMP-0006 ,1,47.91,0.05,EUR
SO-2026-005351,1,2026-04-29,2026-05-01,DE-WEB-01,C019930,VM-NUT-0001,4,2.15,0.05,EUR
SO-2026-005351,2,2026-04-29,2026-05-01,DE-WEB-01,C019930,VM-EBK-0009,1,2374.01,0.05,EUR
SO-2026-005352,1,2026-04-29,2026-05-02,DE-WEB-01,C021297,VM-NUT-0003,14,2.63,0.0,EUR
SO-2026-005352,2,2026-04-29,2026-05-02,DE-WEB-01,C021297,VM-ACC-0015,1,83.84,0.0,EUR
SO-2026-005352,3,2026-04-29,2026-05-02,DE-WEB-01,C021297, VM-BIK-0012 ,1,2829.17,0.0,EUR
SO-2026-005353,1,2026-04-29,2026-05-02,DE-WEB-01,C017367,VM-BIK-0001,1,3279.54,0.0,EUR
SO-2026-005353,2,2026-04-29,2026-05-02,DE-WEB-01,C017367,VM-NUT-0002,15,3.59,0.0,EUR
SO-2026-005353,3,2026-04-29,2026-05-02,DE-WEB-01,C017367,VM-ACC-0002,1,146.13,0.0,EUR
SO-2026-005354,1,2026-04-29,2026-04-30,DE-WEB-01,C007398,VM-BIK-0011,1,2072.17,0.05,EUR
SO-2026-005355,1,2026-04-29,2026-05-03,DE-WEB-01,C020194,VM-NUT-0004,5,1.67,0.0,EUR
SO-2026-005355,2,2026-04-29,2026-05-03,DE-WEB-01,C020194,VM-NUT-0002,8,3.59,0.0,EUR
SO-2026-005356,1,2026-04-29,2026-05-03,DE-WEB-01,C014922,VM-EBK-0008,1,3617.32,0.0,EUR
SO-2026-005356,2,2026-04-29,2026-05-03,DE-WEB-01,C014922,VM-ACC-0001,2,91.03,0.0,EUR
SO-2026-005357,1,2026-04-29,2026-05-02,DE-WEB-01,C021298,VM-ACC-0015,1,83.84,0.0,EUR
SO-2026-005358,1,2026-04-29,2026-05-03,DE-WEB-01,C015747,VM-BIK-0007,1,1688.88,0.0,EUR
SO-2026-005358,2,2026-04-29,2026-05-03,DE-WEB-01,C015747,VM-NUT-0004,9,1.67,0.0,EUR
SO-2026-005358,3,2026-04-29,2026-05-03,DE-WEB-01,C015747,VM-ACC-0007,1,86.24,0.0,EUR
SO-2026-005359,1,2026-04-29,2026-05-03,DE-WEB-01,C000675,VM-BIK-0022,1,335.38,0.05,EUR
SO-2026-005360,1,2026-04-30,2026-04-30,PL-WAW-01,,VM-ACC-0008,2,407.19,0.0,PLN
SO-2026-005360,2,2026-04-30,2026-04-30,PL-WAW-01,,VM-BIK-0020,1,1231.77,0.0,PLN
SO-2026-005361,1,2026-04-30,2026-04-30,PL-WAW-02,C021299,VM-ACC-0006,1,967.09,0.0,PLN
SO-2026-005362,1,2026-04-30,2026-04-30,PL-WAW-02,,VM-NUT-0001,12,9.15,0.0,PLN
SO-2026-005362,2,2026-04-30,2026-04-30,PL-WAW-02,,VM-APP-0012,1,885.65,0.0,PLN
SO-2026-005363,1,2026-04-30,2026-04-30,PL-KRK-01,C021300,VM-APP-0005,2,183.23,0.05,PLN
SO-2026-005363,2,2026-04-30,2026-04-30,PL-KRK-01,C021300,VM-EBK-0003,1,9253.61,0.05,PLN
SO-2026-005364,1,2026-04-30,2026-04-30,PL-WRO-01,C006388,VM-ACC-0017,2,59.03,0.0,PLN
SO-2026-005365,1,2026-04-30,2026-04-30,PL-WRO-01,,VM-BIK-0017,1,1944.37,0.0,PLN
SO-2026-005365,2,2026-04-30,2026-04-30,PL-WRO-01,,VM-BIK-0012,1,12022.57,0.0,PLN
SO-2026-005366,1,2026-04-30,2026-04-30,PL-GDN-01,C017873,VM-CMP-0013,1,539.53,0.0,PLN
SO-2026-005367,1,2026-04-30,2026-04-30,PL-GDN-01,C015381,VM-CMP-0017,2,508.99,0.0,PLN
SO-2026-005367,2,2026-04-30,2026-04-30,PL-GDN-01,C015381,VM-CMP-0009,2,356.29,0.0,PLN
SO-2026-005367,3,2026-04-30,2026-04-30,PL-GDN-01,C015381,VM-CMP-0016,1,2504.27,0.0,PLN
SO-2026-005368,1,2026-04-30,2026-04-30,PL-GDN-01,C015145,VM-ACC-0008,1,407.19,0.0,PLN
SO-2026-005368,2,2026-04-30,2026-04-30,PL-GDN-01,C015145,VM-APP-0013,1,447.91,0.0,PLN
SO-2026-005369,1,2026-04-30,2026-04-30,PL-GDN-01,C004070,VM-EBK-0006,1,20502.51,0.0,PLN
SO-2026-005370,1,2026-04-30,2026-04-30,PL-GDN-01,C010889,VM-APP-0015,1,580.25,0.05,PLN
SO-2026-005371,1,2026-04-30,2026-04-30,PL-GDN-01,C021301,VM-BIK-0009,1,5741.51,0.05,PLN
SO-2026-005371,2,2026-04-30,2026-04-30,PL-GDN-01,C021301,VM-ACC-0018,1,50.89,0.05,PLN
SO-2026-005372,1,2026-04-30,2026-04-30,PL-POZ-01,,VM-APP-0006,3,315.57,0.0,PLN
SO-2026-005373,1,2026-04-30,2026-04-30,PL-POZ-01,C021302,VM-NUT-0001,15,9.15,0.0,PLN
SO-2026-005374,1,2026-04-30,2026-04-30,PL-LDZ-01,C009543,VM-CMP-0006,2,203.59,0.0,PLN
SO-2026-005375,1,2026-04-30,2026-04-30,PL-LDZ-01,C021303,VM-BIK-0001,1,13936.41,0.0,PLN
SO-2026-005375,2,2026-04-30,2026-04-30,PL-LDZ-01,C021303,VM-EBK-0008,1,15371.79,0.0,PLN
SO-2026-005375,3,2026-04-30,2026-04-30,PL-LDZ-01,C021303,VM-ACC-0002,2,620.97,0.1,PLN
SO-2026-005375,4,2026-04-30,2026-04-30,PL-LDZ-01,C021303,VM-ACC-0017,3,59.03,0.0,PLN
SO-2026-005376,1,2026-04-30,2026-04-30,PL-LDZ-01,C021304,VM-BIK-0016,1,3654.61,0.0,PLN
SO-2026-005377,1,2026-04-30,2026-05-02,PL-WEB-01,C021305,VM-ACC-0023,1,946.73,0.0,PLN
SO-2026-005378,1,2026-04-30,2026-05-02,PL-WEB-01,C021306,VM-BIK-0013,1,4886.39,0.0,PLN
SO-2026-005379,1,2026-04-30,2026-05-01,PL-WEB-01,C021171,VM-CMP-0012,1,549.71,0.0,PLN
SO-2026-005380,1,2026-04-30,2026-05-04,PL-WEB-01,C021307,VM-APP-0013,4,447.91,0.1,PLN
SO-2026-005381,1,2026-04-30,2026-05-01,PL-WEB-01,C021308,VM-ACC-0018,3,50.89,0.0,PLN
SO-2026-005382,1,2026-04-30,2026-05-03,PL-WEB-01,C021309,VM-EBK-0008,1,15371.79,0.1,PLN
SO-2026-005382,2,2026-04-30,2026-05-03,PL-WEB-01,C021309,VM-ACC-0011,2,73.29,0.05,PLN
SO-2026-005383,1,2026-04-30,2026-05-01,PL-WEB-01,C007645,VM-APP-0007,2,162.87,0.0,PLN
SO-2026-005383,2,2026-04-30,2026-05-01,PL-WEB-01,C007645,VM-NUT-0001,12,9.15,0.0,PLN
SO-2026-005384,1,2026-04-30,2026-05-03,PL-WEB-01,C021310,VM-EBK-0002,1,10129.09,0.0,PLN
SO-2026-005385,1,2026-04-30,2026-05-04,PL-WEB-01,C021311,VM-NUT-0008,10,10.17,0.0,PLN
SO-2026-005385,2,2026-04-30,2026-05-04,PL-WEB-01,C021311,VM-APP-0002,1,447.91,0.0,PLN
SO-2026-005386,1,2026-04-30,2026-05-04,PL-WEB-01,C016074,VM-BIK-0007,1,7176.89,0.0,PLN
SO-2026-005386,2,2026-04-30,2026-05-04,PL-WEB-01,C016074,VM-ACC-0002,2,620.97,0.05,PLN
SO-2026-005387,1,2026-04-30,2026-05-03,PL-WEB-01,C021312,VM-EBK-0007,1,14964.59,0.0,PLN
SO-2026-005387,2,2026-04-30,2026-05-03,PL-WEB-01,C021312,VM-ACC-0017,1,59.03,0.0,PLN
SO-2026-005387,3,2026-04-30,2026-05-03,PL-WEB-01,C021312,VM-ACC-0007,1,366.47,0.0,PLN
SO-2026-005388,1,2026-04-30,2026-05-01,PL-WEB-01,C021313,VM-CMP-0013,2,539.53,0.05,PLN
SO-2026-005389,1,2026-04-30,2026-05-02,PL-WEB-01,C020099,VM-ACC-0001,2,386.83,0.0,PLN
SO-2026-005390,1,2026-04-30,2026-05-02,PL-WEB-01,C013392,VM-APP-0008,2,162.87,0.0,PLN
SO-2026-005391,1,2026-04-30,2026-05-02,PL-WEB-01,C013474,VM-NUT-0009,2,86.52,0.0,PLN
SO-2026-005391,2,2026-04-30,2026-05-02,PL-WEB-01,C013474,VM-APP-0020,2,183.23,0.05,PLN
SO-2026-005391,3,2026-04-30,2026-05-02,PL-WEB-01,C013474,VM-ACC-0003,2,295.21,0.0,PLN
SO-2026-005391,4,2026-04-30,2026-05-02,PL-WEB-01,C013474,VM-BIK-0015,1,3145.61,0.0,PLN
SO-2026-005392,1,2026-04-30,2026-05-02,PL-WEB-01,C016491,VM-CMP-0021,3,48.85,0.0,PLN
SO-2026-005393,1,2026-04-30,2026-05-03,PL-WEB-01,C013708,VM-BIK-0005,1,7543.37,0.0,PLN
SO-2026-005393,2,2026-04-30,2026-05-03,PL-WEB-01,C013708,VM-ACC-0007,2,366.47,0.0,PLN
SO-2026-005393,3,2026-04-30,2026-05-03,PL-WEB-01,C013708,VM-ACC-0011,2,73.29,0.0,PLN
SO-2026-005394,1,2026-04-30,2026-05-02,PL-WEB-01,C021089,VM-CMP-0023,2,60.05,0.1,PLN
SO-2026-005395,1,2026-04-30,2026-05-04,PL-WEB-01,C018776,VM-NUT-0007,5,13.22,0.0,PLN
SO-2026-005395,2,2026-04-30,2026-05-04,PL-WEB-01,C018776,VM-APP-0006,1,315.57,0.0,PLN
SO-2026-005395,3,2026-04-30,2026-05-04,PL-WEB-01,C018776,VM-ACC-0021,1,794.03,0.0,PLN
SO-2026-005395,4,2026-04-30,2026-05-04,PL-WEB-01,C018776,VM-APP-0010,1,173.05,0.05,PLN
SO-2026-005396,1,2026-04-30,2026-05-03,PL-WEB-01,C021314,VM-APP-0019,1,67.18,0.0,PLN
SO-2026-005396,2,2026-04-30,2026-05-03,PL-WEB-01,C021314,VM-BIK-0007,1,7176.89,0.0,PLN
SO-2026-005397,1,2026-04-30,2026-05-02,PL-WEB-01,C021315,VM-APP-0006,1,315.57,0.0,PLN
SO-2026-005397,2,2026-04-30,2026-05-02,PL-WEB-01,C021315,VM-APP-0019,2,67.18,0.0,PLN
SO-2026-005398,1,2026-04-30,2026-05-04,PL-WEB-01,C013708,VM-BIK-0020,1,1231.77,0.0,PLN
SO-2026-005399,1,2026-04-30,2026-05-04,PL-MKT-01,C021316,vm-nut-0002,15,15.26,0.0,PLN
SO-2026-005400,1,2026-04-30,2026-05-02,PL-MKT-01,C020021,VM-CMP-0013,1,539.53,0.0,PLN
SO-2026-005401,1,2026-04-30,2026-05-03,PL-MKT-01,C016412,VM-BIK-0005,1,7543.37,0.05,PLN
SO-2026-005402,1,2026-04-30,2026-05-02,PL-MKT-01,C017600,VM-EBK-0007,5,14964.59,0.12,PLN
SO-2026-005403,1,2026-04-30,2026-05-04,PL-MKT-01,C018384,VM-EBK-0006,1,20502.51,0.0,PLN
SO-2026-005404,1,2026-04-30,2026-05-04,PL-MKT-01,C009843,VM-NUT-0009,2,86.52,0.05,PLN
SO-2026-005405,1,2026-04-30,2026-05-02,PL-MKT-01,C021317,VM-NUT-0001,15,9.15,0.0,PLN
SO-2026-005406,1,2026-04-30,2026-05-04,PL-MKT-01,C021318,VM-NUT-0004,8,7.12,0.0,PLN
SO-2026-005407,1,2026-04-30,2026-05-03,PL-MKT-01,C018051,VM-NUT-0011,1,54.96,0.0,PLN
SO-2026-005408,1,2026-04-30,2026-05-01,PL-MKT-01,C018346,VM-EBK-0003,1,9253.61,0.0,PLN
SO-2026-005408,2,2026-04-30,2026-05-01,PL-MKT-01,C018346,VM-ACC-0008,2,407.19,0.0,PLN
SO-2026-005409,1,2026-04-30,2026-05-01,PL-MKT-01,C007722,VM-EBK-0003,1,9253.61,0.05,PLN
SO-2026-005410,1,2026-04-30,2026-05-03,PL-MKT-01,C004985, VM-EBK-0006 ,2,20502.51,0.12,PLN
SO-2026-005411,1,2026-04-30,2026-04-30,CZ-PRG-01,C016024,VM-ACC-0020,1,4755.0,0.0,CZK
SO-2026-005411,2,2026-04-30,2026-04-30,CZ-PRG-01,C016024,VM-APP-0013,1,2583.0,0.0,CZK
SO-2026-005411,3,2026-04-30,2026-04-30,CZ-PRG-01,C016024,VM-ACC-0023,1,5460.0,0.0,CZK
SO-2026-005412,1,2026-04-30,2026-04-30,CZ-PRG-01,C021319,VM-NUT-0004,11,41.0,0.0,CZK
SO-2026-005412,2,2026-04-30,2026-04-30,CZ-PRG-01,C021319,VM-APP-0017,1,1115.0,0.0,CZK
SO-2026-005412,3,2026-04-30,2026-04-30,CZ-PRG-01,C021319,VM-NUT-0008,12,59.0,0.0,CZK
SO-2026-005412,4,2026-04-30,2026-04-30,CZ-PRG-01,C021319,VM-BIK-0005,1,43503.0,0.05,CZK
SO-2026-005413,1,2026-04-30,2026-04-30,CZ-PRG-01,,VM-EBK-0007,1,86301.0,0.0,CZK
SO-2026-005414,1,2026-04-30,2026-04-30,CZ-PRG-01,C021320,VM-NUT-0006,4,59.0,0.0,CZK
SO-2026-005415,1,2026-04-30,2026-04-30,CZ-PRG-01,C019359,VM-APP-0008,2,939.0,0.0,CZK
SO-2026-005415,2,2026-04-30,2026-04-30,CZ-PRG-01,C019359,VM-NUT-0004,3,41.0,0.0,CZK
SO-2026-005416,1,2026-04-30,2026-04-30,CZ-BRN-01,C013197,VM-BIK-0009,1,33111.0,0.0,CZK
SO-2026-005416,2,2026-04-30,2026-04-30,CZ-BRN-01,C013197,VM-CMP-0013,1,3111.0,0.0,CZK
SO-2026-005416,3,2026-04-30,2026-04-30,CZ-BRN-01,C013197,VM-NUT-0008,11,59.0,0.05,CZK
SO-2026-005417,1,2026-04-30,2026-05-03,CZ-WEB-01,C013726,VM-BIK-0019,2,7104.0,0.1,CZK
SO-2026-005418,1,2026-04-30,2026-05-03,CZ-WEB-01,C009822,VM-NUT-0001,9,53.0,0.05,CZK
SO-2026-005418,2,2026-04-30,2026-05-03,CZ-WEB-01,C009822,VM-BIK-0012,1,69334.0,0.05,CZK
SO-2026-005419,1,2026-04-30,2026-05-03,CZ-WEB-01,C021321,VM-ACC-0020,1,4755.0,0.05,CZK
SO-2026-005420,1,2026-04-30,2026-04-30,DE-BER-01,C021113,VM-CMP-0006,2,47.91,0.05,EUR
SO-2026-005420,2,2026-04-30,2026-04-30,DE-BER-01,C021113,VM-CMP-0005,2,354.54,0.0,EUR
SO-2026-005420,3,2026-04-30,2026-04-30,DE-BER-01,C021113,VM-BIK-0006,1,1578.68,0.0,EUR
SO-2026-005421,1,2026-04-30,2026-04-30,DE-BER-01,C015150,VM-APP-0006,12,74.26,0.1,EUR
SO-2026-005421,2,2026-04-30,2026-04-30,DE-BER-01,C015150,VM-BIK-0015,3,740.23,0.08,EUR
SO-2026-005422,1,2026-04-30,2026-04-30,DE-BER-01,C021322,VM-ACC-0008,2,95.82,0.0,EUR
SO-2026-005422,2,2026-04-30,2026-04-30,DE-BER-01,C021322,VM-BIK-0002,1,2306.94,0.0,EUR
SO-2026-005423,1,2026-04-30,2026-04-30,DE-BER-01,C021323,VM-ACC-0021,4,186.85,0.08,EUR
SO-2026-005423,2,2026-04-30,2026-04-30,DE-BER-01,C021323,VM-APP-0009,3,83.84,0.12,EUR
SO-2026-005423,3,2026-04-30,2026-04-30,DE-BER-01,C021323,VM-EBK-0005,2,4180.28,0.12,EUR
SO-2026-005423,4,2026-04-30,2026-04-30,DE-BER-01,C021323,VM-BIK-0008,2,1272.05,0.12,EUR
SO-2026-005424,1,2026-04-30,2026-05-04,DE-WEB-01,C018863,VM-BIK-0014,1,917.5,0.0,EUR
SO-2026-005424,2,2026-04-30,2026-05-04,DE-WEB-01,C018863,VM-ACC-0002,1,146.13,0.0,EUR
SO-2026-005424,3,2026-04-30,2026-05-04,DE-WEB-01,C018863,VM-ACC-0008,2,95.82,0.0,EUR
SO-2026-005424,4,2026-04-30,2026-05-04,DE-WEB-01,C018863,VM-ACC-0019,3,11.98,0.0,EUR
SO-2026-005425,1,2026-04-30,2026-05-01,DE-WEB-01,C018388,VM-ACC-0008,2,95.82,0.0,EUR
SO-2026-005426,1,2026-04-30,2026-05-01,DE-WEB-01,C021324,VM-BIK-0007,1,1688.88,0.0,EUR
SO-2026-005426,2,2026-04-30,2026-05-01,DE-WEB-01,C021324,vm-ebk-0008,1,3617.32,0.0,EUR
SO-2026-005426,3,2026-04-30,2026-05-01,DE-WEB-01,C021324,VM-NUT-0008,12,2.39,0.0,EUR
SO-2026-005427,1,2026-04-30,2026-05-01,DE-WEB-01,C006133,VM-EBK-0008,1,3617.32,0.0,EUR
SO-2026-005427,2,2026-04-30,2026-05-01,DE-WEB-01,C006133,VM-ACC-0013,1,40.72,0.0,EUR
SO-2026-005428,1,2026-04-30,2026-05-03,DE-WEB-01,C019209,VM-BIK-0019,1,289.86,0.0,EUR
SO-2026-005428,2,2026-04-30,2026-05-03,DE-WEB-01,C019209,VM-ACC-0004,1,186.85,0.0,EUR
SO-2026-005428,3,2026-04-30,2026-05-03,DE-WEB-01,C019209,VM-BIK-0007,1,1688.88,0.0,EUR
SO-2026-005428,4,2026-04-30,2026-05-03,DE-WEB-01,C019209,VM-ACC-0014,1,26.35,0.0,EUR
SO-2026-005429,1,2026-04-30,2026-05-03,DE-WEB-01,C017751,VM-APP-0020,2,43.12,0.0,EUR
SO-2026-005429,2,2026-04-30,2026-05-03,DE-WEB-01,C017751,VM-NUT-0001,12,2.15,0.0,EUR
SO-2026-005429,3,2026-04-30,2026-05-03,DE-WEB-01,C017751,VM-NUT-0004,8,1.67,0.0,EUR
SO-2026-005430,1,2026-04-30,2026-05-03,DE-WEB-01,C018754,VM-BIK-0004,1,1022.91,0.05,EUR
SO-2026-005430,2,2026-04-30,2026-05-03,DE-WEB-01,C018754,VM-ACC-0014,1,26.35,0.05,EUR
SO-2026-005430,3,2026-04-30,2026-05-03,DE-WEB-01,C018754,VM-CMP-0009,1,83.84,0.05,EUR
SO-2026-005431,1,2026-04-30,2026-05-02,DE-WEB-01,C011361,VM-EBK-0003,1,2177.58,0.0,EUR
