OrderID,LineNo,OrderDate,ShipDate,StoreID,CustomerID,SKU,Quantity,UnitPrice,DiscountPct,Currency
SO-2026-008078,2,2026-06-03,2026-06-07,CZ-WEB-01,C022165,VM-ACC-0018,2,293.0,0.0,CZK
SO-2026-008140,1,2026-06-04,2026-06-06,PL-WEB-01,C010812,VM-CMP-0014,4,437.73,0.1,PLN
SO-2026-008182,2,2026-06-04,2026-06-07,DE-WEB-01,C022206,VM-BIK-0015,1,739.62,0.0,EUR
SO-2026-008358,3,2026-06-07,2026-06-10,PL-WEB-01,C019316,VM-CMP-0014,2,437.73,0.0,PLN
SO-2026-008687,1,2026-06-11,2026-06-14,PL-WEB-01,C022138,VM-NUT-0002,10,15.26,0.0,PLN
SO-2026-008782,1,2026-06-12,2026-06-14,CZ-WEB-01,C005786,VM-BIK-0017,1,11181.0,0.05,CZK
SO-2026-008875,3,2026-06-13,2026-06-17,PL-MKT-01,C021345,VM-ACC-0004,1,794.03,0.0,PLN
SO-2026-008925,2,2026-06-14,2026-06-16,PL-MKT-01,C021214,VM-NUT-0007,10,13.22,0.0,PLN
SO-2026-009078,1,2026-06-16,2026-06-19,DE-WEB-01,C021516,VM-APP-0012,1,208.24,0.05,EUR
SO-2026-009266,2,2026-06-19,2026-06-23,PL-WEB-01,C022552,VM-ACC-0014,1,111.97,0.0,PLN
SO-2026-009766,2,2026-06-26,2026-06-26,PL-POZ-01,C008255,VM-APP-0006,3,315.57,0.1,PLN
SO-2026-009834,2,2026-06-27,2026-06-27,PL-WAW-02,C012582,VM-APP-0002,3,447.91,0.0,PLN
SO-2026-009871,1,2026-06-27,2026-06-28,PL-WEB-01,C021621,VM-ACC-0003,1,295.21,0.0,PLN
SO-2026-009916,1,2026-06-27,2026-06-27,DE-BER-01,C007320,VM-EBK-0005,1,4176.84,0.0,EUR
SO-2026-009979,1,2026-06-29,2026-06-29,PL-WAW-01,C022778,VM-BIK-0011,1,8805.69,0.0,PLN
SO-2026-010142,1,2026-07-01,2026-07-01,PL-WAW-01,C021803,VM-NUT-0004,6,7.12,0.0,PLN
SO-2026-010143,1,2026-07-01,2026-07-01,PL-WAW-01,C022837,VM-BIK-0003,1,6657.71,0.0,PLN
SO-2026-010144,1,2026-07-01,2026-07-01,PL-WAW-01,,VM-ACC-0007,2,366.47,0.0,PLN
SO-2026-010144,2,2026-07-01,2026-07-01,PL-WAW-01,,VM-EBK-0004,1,11279.43,0.0,PLN
SO-2026-010145,1,2026-07-01,2026-07-01,PL-WAW-01,C022838,VM-APP-0006,1,315.57,0.0,PLN
SO-2026-010145,2,2026-07-01,2026-07-01,PL-WAW-01,C022838,VM-BIK-0012,1,12022.57,0.0,PLN
SO-2026-010146,1,2026-07-01,2026-07-01,PL-WAW-01,,VM-NUT-0001,8,9.15,0.0,PLN
SO-2026-010146,2,2026-07-01,2026-07-01,PL-WAW-01,,VM-NUT-0008,9,10.17,0.05,PLN
SO-2026-010147,1,2026-07-01,2026-07-01,PL-WAW-01,C021606,VM-ACC-0007,1,366.47,0.05,PLN
SO-2026-010147,2,2026-07-01,2026-07-01,PL-WAW-01,C021606,VM-BIK-0017,1,1944.37,0.0,PLN
SO-2026-010147,3,2026-07-01,2026-07-01,PL-WAW-01,C021606,VM-NUT-0004,8,7.12,0.0,PLN
SO-2026-010148,1,2026-07-01,2026-07-01,PL-WAW-01,C022839,VM-CMP-0007,2,641.33,0.0,PLN
SO-2026-010148,2,2026-07-01,2026-07-01,PL-WAW-01,C022839,VM-BIK-0012,1,12022.57,0.0,PLN
SO-2026-010149,1,2026-07-01,2026-07-01,PL-WAW-01,C021955,VM-NUT-0006,5,10.17,0.05,PLN
SO-2026-010150,1,2026-07-01,2026-07-01,PL-WAW-01,C015143,VM-BIK-0017,1,1944.37,0.0,PLN
SO-2026-010150,2,2026-07-01,2026-07-01,PL-WAW-01,C015143,VM-EBK-0008,1,15371.79,0.0,PLN
SO-2026-010150,3,2026-07-01,2026-07-01,PL-WAW-01,C015143,VM-ACC-0001,2,386.83,0.0,PLN
SO-2026-010150,4,2026-07-01,2026-07-01,PL-WAW-01,C015143,VM-ACC-0010,1,254.49,0.0,PLN
SO-2026-010151,1,2026-07-01,2026-07-01,PL-WAW-02,C019200,VM-ACC-0008,2,407.19,0.0,PLN
SO-2026-010151,2,2026-07-01,2026-07-01,PL-WAW-02,C019200,VM-ACC-0010,1,254.49,0.0,PLN
SO-2026-010151,3,2026-07-01,2026-07-01,PL-WAW-02,C019200,VM-APP-0003,2,315.57,0.0,PLN
SO-2026-010152,1,2026-07-01,2026-07-01,PL-KRK-01,,VM-NUT-0008,12,10.17,0.0,PLN
SO-2026-010152,2,2026-07-01,2026-07-01,PL-KRK-01,,VM-BIK-0019,1,1231.77,0.0,PLN
SO-2026-010153,1,2026-07-01,2026-07-01,PL-WRO-01,,VM-BIK-0004,1,4346.85,0.0,PLN
SO-2026-010153,2,2026-07-01,2026-07-01,PL-WRO-01,,VM-ACC-0017,2,59.03,0.0,PLN
SO-2026-010154,1,2026-07-01,2026-07-01,PL-GDN-01,C022840,VM-ACC-0003,2,295.21,0.0,PLN
SO-2026-010155,1,2026-07-01,2026-07-01,PL-GDN-01,,VM-BIK-0017,1,1944.37,0.0,PLN
SO-2026-010155,2,2026-07-01,2026-07-01,PL-GDN-01,,VM-CMP-0021,1,48.85,0.05,PLN
SO-2026-010156,1,2026-07-01,2026-07-01,PL-POZ-01,C022841,VM-ACC-0008,1,407.19,0.0,PLN
SO-2026-010156,2,2026-07-01,2026-07-01,PL-POZ-01,C022841,VM-APP-0012,1,885.65,0.0,PLN
SO-2026-010157,1,2026-07-01,2026-07-01,PL-POZ-01,C021899,VM-NUT-0011,1,54.96,0.05,PLN
SO-2026-010158,1,2026-07-01,2026-07-01,PL-LDZ-01,,VM-APP-0006,3,315.57,0.0,PLN
SO-2026-010159,1,2026-07-01,2026-07-01,PL-LDZ-01,,VM-APP-0002,3,447.91,0.0,PLN
SO-2026-010159,2,2026-07-01,2026-07-01,PL-LDZ-01,,VM-EBK-0005,1,17764.09,0.0,PLN
SO-2026-010159,3,2026-07-01,2026-07-01,PL-LDZ-01,,VM-EBK-0009,1,10088.37,0.0,PLN
SO-2026-010160,1,2026-07-01,2026-07-01,PL-LDZ-01,,VM-NUT-0006,5,10.17,0.0,PLN
SO-2026-010161,1,2026-07-01,2026-07-01,PL-LDZ-01,C022842,VM-BIK-0009,1,5741.51,0.0,PLN
SO-2026-010162,1,2026-07-01,2026-07-01,PL-LDZ-01,,VM-EBK-0007,1,14964.59,0.0,PLN
SO-2026-010162,2,2026-07-01,2026-07-01,PL-LDZ-01,,VM-ACC-0008,2,407.19,0.0,PLN
SO-2026-010162,3,2026-07-01,2026-07-01,PL-LDZ-01,,VM-ACC-0013,1,173.05,0.05,PLN
SO-2026-010163,1,2026-07-01,2026-07-03,PL-WEB-01,C022843,VM-BIK-0003,1,6657.71,0.0,PLN
SO-2026-010163,2,2026-07-01,2026-07-03,PL-WEB-01,C022843,VM-ACC-0007,2,366.47,0.0,PLN
SO-2026-010164,1,2026-07-01,2026-07-05,PL-WEB-01,C009262,VM-NUT-0006,12,10.17,0.0,PLN
SO-2026-010165,1,2026-07-01,2026-07-04,PL-WEB-01,C022745,VM-BIK-0019,1,1231.77,0.0,PLN
SO-2026-010166,1,2026-07-01,2026-07-04,PL-WEB-01,C020998,VM-NUT-0004,4,7.12,0.0,PLN
SO-2026-010166,2,2026-07-01,2026-07-04,PL-WEB-01,C020998,VM-APP-0020,1,183.23,0.0,PLN
SO-2026-010166,3,2026-07-01,2026-07-04,PL-WEB-01,C020998,VM-BIK-0017,1,1944.37,0.0,PLN
SO-2026-010167,1,2026-07-01,2026-07-05,PL-WEB-01,C022844,VM-ACC-0020,1,824.57,0.0,PLN
SO-2026-010168,1,2026-07-01,2026-07-02,PL-WEB-01,C022845,VM-NUT-0004,4,7.12,0.0,PLN
SO-2026-010169,1,2026-07-01,2026-07-02,PL-WEB-01,C021496,VM-EBK-0008,1,15371.79,0.0,PLN
SO-2026-010169,2,2026-07-01,2026-07-02,PL-WEB-01,C021496,VM-ACC-0018,1,50.89,0.0,PLN
SO-2026-010170,1,2026-07-01,2026-07-04,PL-WEB-01,C014533, VM-CMP-0009 ,2,356.29,0.1,PLN
SO-2026-010170,2,2026-07-01,2026-07-04,PL-WEB-01,C014533,VM-ACC-0008,10,407.19,0.1,PLN
SO-2026-010171,1,2026-07-01,2026-07-02,PL-WEB-01,C011859,VM-APP-0012,1,885.65,0.0,PLN
SO-2026-010172,1,2026-07-01,2026-07-03,PL-WEB-01,C022846,VM-ACC-0002,1,620.97,0.0,PLN
SO-2026-010172,2,2026-07-01,2026-07-03,PL-WEB-01,C022846,VM-BIK-0012,1,12022.57,0.0,PLN
SO-2026-010172,3,2026-07-01,2026-07-03,PL-WEB-01,C022846,VM-BIK-0017,1,1944.37,0.0,PLN
SO-2026-010173,1,2026-07-01,2026-07-04,PL-WEB-01,C012684,VM-NUT-0008,10,10.17,0.0,PLN
SO-2026-010174,1,2026-07-01,2026-07-02,PL-WEB-01,C022209,VM-NUT-0011,1,54.96,0.0,PLN
SO-2026-010174,2,2026-07-01,2026-07-02,PL-WEB-01,C022209,VM-CMP-0017,2,508.99,0.0,PLN
SO-2026-010174,3,2026-07-01,2026-07-02,PL-WEB-01,C022209,VM-CMP-0019,1,213.77,0.0,PLN
SO-2026-010174,4,2026-07-01,2026-07-02,PL-WEB-01,C022209,VM-BIK-0001,1,13936.41,0.0,PLN
SO-2026-010175,1,2026-07-01,2026-07-05,PL-WEB-01,C013454,VM-EBK-0005,3,17764.09,0.08,PLN
SO-2026-010175,2,2026-07-01,2026-07-05,PL-WEB-01,C013454,VM-ACC-0011,4,73.29,0.08,PLN
SO-2026-010176,1,2026-07-01,2026-07-04,PL-WEB-01,C019135,VM-NUT-0003,11,11.19,0.0,PLN
SO-2026-010177,1,2026-07-01,2026-07-04,PL-WEB-01,C022847,VM-ACC-0002,1,620.97,0.0,PLN
SO-2026-010178,1,2026-07-01,2026-07-04,PL-WEB-01,C007016,VM-EBK-0002,1,10129.09,0.05,PLN
SO-2026-010178,2,2026-07-01,2026-07-04,PL-WEB-01,C007016,VM-ACC-0008,2,407.19,0.05,PLN
SO-2026-010179,1,2026-07-01,2026-07-05,PL-WEB-01,C002225,VM-NUT-0004,13,7.12,0.0,PLN
SO-2026-010179,2,2026-07-01,2026-07-05,PL-WEB-01,C002225,VM-ACC-0008,2,407.19,0.0,PLN
SO-2026-010180,1,2026-07-01,2026-07-02,PL-WEB-01,C022848,VM-NUT-0009,3,86.52,0.0,PLN
SO-2026-010181,1,2026-07-01,2026-07-04,PL-MKT-01,C022849,VM-BIK-0009,4,5741.51,0.1,PLN
SO-2026-010182,1,2026-07-01,2026-07-05,PL-MKT-01,C013606,VM-ACC-0008,1,407.19,0.0,PLN
SO-2026-010182,2,2026-07-01,2026-07-05,PL-MKT-01,C013606,VM-ACC-0014,1,111.97,0.0,PLN
SO-2026-010183,1,2026-07-01,2026-07-04,PL-MKT-01,C019677,VM-BIK-0022,1,1425.19,0.0,PLN
SO-2026-010183,2,2026-07-01,2026-07-04,PL-MKT-01,C019677,VM-ACC-0008,1,407.19,0.0,PLN
SO-2026-010183,3,2026-07-01,2026-07-04,PL-MKT-01,C019677,VM-ACC-0001,1,386.83,0.0,PLN
SO-2026-010184,1,2026-07-01,2026-07-05,PL-MKT-01,C011819,VM-BIK-0015,1,3145.61,0.0,PLN
SO-2026-010185,1,2026-07-01,2026-07-04,PL-MKT-01,C022850,vm-bik-0020,1,1231.77,0.0,PLN
SO-2026-010186,1,2026-07-01,2026-07-02,PL-MKT-01,C022851,VM-NUT-0002,12,15.26,0.0,PLN
SO-2026-010187,1,2026-07-01,2026-07-04,PL-MKT-01,C008708,VM-ACC-0016,2,29.51,0.0,PLN
SO-2026-010188,1,2026-07-01,2026-07-05,PL-MKT-01,C017965,VM-BIK-0003,1,6657.71,0.0,PLN
SO-2026-010188,2,2026-07-01,2026-07-05,PL-MKT-01,C017965,VM-APP-0003,2,315.57,0.0,PLN
SO-2026-010188,3,2026-07-01,2026-07-05,PL-MKT-01,C017965,VM-ACC-0017,2,59.03,0.0,PLN
SO-2026-010188,4,2026-07-01,2026-07-05,PL-MKT-01,C017965,VM-CMP-0015,1,936.55,0.0,PLN
SO-2026-010189,1,2026-07-01,2026-07-02,PL-MKT-01,C015950,VM-NUT-0001,8,9.15,0.0,PLN
SO-2026-010189,2,2026-07-01,2026-07-02,PL-MKT-01,C015950,VM-NUT-0003,8,11.19,0.0,PLN
SO-2026-010190,1,2026-07-01,2026-07-01,CZ-PRG-01,C022852,VM-BIK-0007,1,41557.0,0.0,CZK
SO-2026-010191,1,2026-07-01,2026-07-01,CZ-PRG-01,C021043,VM-ACC-0022,1,9254.0,0.0,CZK
SO-2026-010192,1,2026-07-01,2026-07-04,CZ-WEB-01,C022853,VM-CMP-0012,1,3183.0,0.0,CZK
SO-2026-010193,1,2026-07-01,2026-07-03,CZ-WEB-01,C022854,VM-APP-0013,1,2594.0,0.0,CZK
SO-2026-010194,1,2026-07-01,2026-07-02,CZ-WEB-01,C020940,VM-ACC-0015,1,2063.0,0.0,CZK
SO-2026-010195,1,2026-07-01,2026-07-02,CZ-WEB-01,C015987,VM-EBK-0008,1,89009.0,0.0,CZK
SO-2026-010196,1,2026-07-01,2026-07-03,CZ-WEB-01,C017133,VM-BIK-0009,1,33246.0,0.0,CZK
SO-2026-010196,2,2026-07-01,2026-07-03,CZ-WEB-01,C017133,VM-ACC-0023,1,5482.0,0.0,CZK
SO-2026-010196,3,2026-07-01,2026-07-03,CZ-WEB-01,C017133,VM-ACC-0007,2,2122.0,0.0,CZK
SO-2026-010196,4,2026-07-01,2026-07-03,CZ-WEB-01,C017133,VM-ACC-0005,2,1061.0,0.0,CZK
SO-2026-010197,1,2026-07-01,2026-07-01,DE-BER-01,C020256,VM-EBK-0007,1,3520.58,0.0,EUR
SO-2026-010198,1,2026-07-01,2026-07-01,DE-BER-01,C022855,VM-BIK-0004,1,1022.64,0.0,EUR
SO-2026-010198,2,2026-07-01,2026-07-01,DE-BER-01,C022855,VM-APP-0020,1,43.11,0.0,EUR
SO-2026-010198,3,2026-07-01,2026-07-01,DE-BER-01,C022855,VM-CMP-0006,1,47.9,0.0,EUR
SO-2026-010199,1,2026-07-01,2026-07-01,DE-BER-01,,VM-EBK-0010,1,3230.79,0.0,EUR
SO-2026-010199,2,2026-07-01,2026-07-01,DE-BER-01,,VM-ACC-0008,1,95.8,0.0,EUR
SO-2026-010200,1,2026-07-01,2026-07-04,DE-WEB-01,C022856,VM-NUT-0003,9,2.63,0.0,EUR
SO-2026-010200,2,2026-07-01,2026-07-04,DE-WEB-01,C022856,VM-ACC-0021,1,186.8,0.0,EUR
SO-2026-010201,1,2026-07-01,2026-07-04,DE-WEB-01,C018626,VM-BIK-0004,1,1022.64,0.0,EUR
SO-2026-010202,1,2026-07-01,2026-07-03,DE-WEB-01,C012716,VM-ACC-0016,1,6.94,0.0,EUR
SO-2026-010202,2,2026-07-01,2026-07-03,DE-WEB-01,C012716,VM-NUT-0003,6,2.63,0.0,EUR
SO-2026-010203,1,2026-07-01,2026-07-04,DE-WEB-01,C022326,VM-CMP-0001,2,95.8,0.0,EUR
SO-2026-010204,1,2026-07-01,2026-07-02,DE-WEB-01,C022857,VM-BIK-0004,1,1022.64,0.0,EUR
SO-2026-010204,2,2026-07-01,2026-07-02,DE-WEB-01,C022857,VM-ACC-0014,1,26.34,0.0,EUR
SO-2026-010205,1,2026-07-01,2026-07-02,DE-WEB-01,C022858,VM-APP-0015,1,136.51,0.0,EUR
SO-2026-010205,2,2026-07-01,2026-07-02,DE-WEB-01,C022858,VM-CMP-0008,1,105.38,0.0,EUR
SO-2026-010206,1,2026-07-01,2026-07-02,DE-WEB-01,C022859,VM-ACC-0004,2,186.8,0.0,EUR
SO-2026-010206,2,2026-07-01,2026-07-02,DE-WEB-01,C022859,VM-ACC-0022,1,376.01,0.0,EUR
SO-2026-010207,1,2026-07-01,2026-07-05,DE-WEB-01,C016620,VM-NUT-0009,3,20.35,0.0,EUR
SO-2026-010208,1,2026-07-02,2026-07-02,PL-WAW-01,C016193,VM-CMP-0015,1,936.55,0.0,PLN
SO-2026-010208,2,2026-07-02,2026-07-02,PL-WAW-01,C016193,VM-ACC-0019,3,50.89,0.0,PLN
SO-2026-010208,3,2026-07-02,2026-07-02,PL-WAW-01,C016193,VM-ACC-0010,1,254.49,0.0,PLN
SO-2026-010209,1,2026-07-02,2026-07-02,PL-WAW-01,C022860,VM-EBK-0011,1,14903.51,0.0,PLN
SO-2026-010210,1,2026-07-02,2026-07-02,PL-WAW-01,,VM-APP-0010,2,173.05,0.1,PLN
SO-2026-010210,2,2026-07-02,2026-07-02,PL-WAW-01,,VM-APP-0002,3,447.91,0.0,PLN
SO-2026-010210,3,2026-07-02,2026-07-02,PL-WAW-01,,VM-CMP-0004,2,732.95,0.0,PLN
SO-2026-010211,1,2026-07-02,2026-07-02,PL-WAW-01,C015459,VM-BIK-0004,1,4346.85,0.0,PLN
SO-2026-010211,2,2026-07-02,2026-07-02,PL-WAW-01,C015459,VM-CMP-0002,1,570.07,0.0,PLN
SO-2026-010212,1,2026-07-02,2026-07-02,PL-WAW-02,C003733,VM-APP-0017,2,193.41,0.0,PLN
SO-2026-010212,2,2026-07-02,2026-07-02,PL-WAW-02,C003733,VM-BIK-0009,1,5741.51,0.0,PLN
SO-2026-010212,3,2026-07-02,2026-07-02,PL-WAW-02,C003733,VM-BIK-0022,1,1425.19,0.0,PLN
SO-2026-010213,1,2026-07-02,2026-07-02,PL-KRK-01,C018158,VM-BIK-0020,1,1231.77,0.0,PLN
SO-2026-010213,2,2026-07-02,2026-07-02,PL-KRK-01,C018158,VM-ACC-0021,1,794.03,0.0,PLN
SO-2026-010214,1,2026-07-02,2026-07-02,PL-KRK-01,C015973,VM-NUT-0002,9,15.26,0.0,PLN
SO-2026-010215,1,2026-07-02,2026-07-02,PL-KRK-01,C005994,VM-CMP-0005,2,1506.63,0.0,PLN
SO-2026-010216,1,2026-07-02,2026-07-02,PL-KRK-01,C016431,VM-EBK-0008,1,15371.79,0.05,PLN
SO-2026-010216,2,2026-07-02,2026-07-02,PL-KRK-01,C016431,VM-BIK-0006,1,6708.61,0.1,PLN
SO-2026-010216,3,2026-07-02,2026-07-02,PL-KRK-01,C016431,VM-BIK-0007,1,7176.89,0.05,PLN
SO-2026-010217,1,2026-07-02,2026-07-02,PL-WRO-01,,VM-APP-0019,1,67.18,0.0,PLN
SO-2026-010218,1,2026-07-02,2026-07-02,PL-WRO-01,,VM-APP-0002,3,447.91,0.0,PLN
SO-2026-010218,2,2026-07-02,2026-07-02,PL-WRO-01,,VM-CMP-0011,1,162.87,0.0,PLN
SO-2026-010219,1,2026-07-02,2026-07-02,PL-GDN-01,C022861,VM-NUT-0004,7,7.12,0.0,PLN
SO-2026-010219,2,2026-07-02,2026-07-02,PL-GDN-01,C022861,VM-BIK-0003,1,6657.71,0.0,PLN
SO-2026-010220,1,2026-07-02,2026-07-02,PL-GDN-01,C022862,VM-BIK-0008,1,5405.57,0.0,PLN
SO-2026-010220,2,2026-07-02,2026-07-02,PL-GDN-01,C022862,VM-APP-0004,3,244.31,0.0,PLN
SO-2026-010221,1,2026-07-02,2026-07-02,PL-GDN-01,C014832,VM-ACC-0021,2,794.03,0.12,PLN
SO-2026-010221,2,2026-07-02,2026-07-02,PL-GDN-01,C014832,VM-CMP-0015,4,936.55,0.1,PLN
SO-2026-010221,3,2026-07-02,2026-07-02,PL-GDN-01,C014832,VM-BIK-0012,4,12022.57,0.1,PLN
SO-2026-010222,1,2026-07-02,2026-07-02,PL-GDN-01,C022863,VM-CMP-0005,1,1506.63,0.0,PLN
SO-2026-010222,2,2026-07-02,2026-07-02,PL-GDN-01,C022863,VM-ACC-0004,1,794.03,0.0,PLN
SO-2026-010222,3,2026-07-02,2026-07-02,PL-GDN-01,C022863,VM-BIK-0007,1,7176.89,0.0,PLN
SO-2026-010223,1,2026-07-02,2026-07-02,PL-POZ-01,C012699,VM-ACC-0020,1,824.57,0.0,PLN
SO-2026-010224,1,2026-07-02,2026-07-02,PL-POZ-01,,VM-APP-0010,1,173.05,0.0,PLN
SO-2026-010225,1,2026-07-02,2026-07-02,PL-LDZ-01,,VM-BIK-0012,1,12022.57,0.0,PLN
SO-2026-010225,2,2026-07-02,2026-07-02,PL-LDZ-01,,vm-acc-0008,1,407.19,0.0,PLN
SO-2026-010226,1,2026-07-02,2026-07-02,PL-LDZ-01,C013055,VM-CMP-0005,1,1506.63,0.05,PLN
SO-2026-010227,1,2026-07-02,2026-07-02,PL-LDZ-01,C022864,VM-NUT-0006,4,10.17,0.0,PLN
SO-2026-010228,1,2026-07-02,2026-07-02,PL-LDZ-01,,vm-nut-0004,13,7.12,0.0,PLN
SO-2026-010229,1,2026-07-02,2026-07-04,PL-WEB-01,C022865,VM-BIK-0012,1,12022.57,0.0,PLN
SO-2026-010230,1,2026-07-02,2026-07-04,PL-WEB-01,C019233,VM-CMP-0005,1,1506.63,0.0,PLN
SO-2026-010230,2,2026-07-02,2026-07-04,PL-WEB-01,C019233,VM-CMP-0006,1,203.59,0.0,PLN
SO-2026-010231,1,2026-07-02,2026-07-06,PL-WEB-01,C008575,VM-NUT-0009,2,86.52,0.0,PLN
SO-2026-010231,2,2026-07-02,2026-07-06,PL-WEB-01,C008575,VM-CMP-0019,4,213.77,0.0,PLN
SO-2026-010231,3,2026-07-02,2026-07-06,PL-WEB-01,C008575,VM-CMP-0016,2,2504.27,0.0,PLN
SO-2026-010232,1,2026-07-02,2026-07-04,PL-WEB-01,C005836,VM-APP-0003,1,315.57,0.0,PLN
SO-2026-010233,1,2026-07-02,2026-07-06,PL-WEB-01,C022798,VM-BIK-0009,1,5741.51,0.0,PLN
SO-2026-010233,2,2026-07-02,2026-07-06,PL-WEB-01,C022798,VM-BIK-0004,1,4346.85,0.0,PLN
SO-2026-010234,1,2026-07-02,2026-07-06,PL-WEB-01,C018544,VM-BIK-0012,1,12022.57,0.0,PLN
SO-2026-010235,1,2026-07-02,2026-07-05,PL-WEB-01,C022866,VM-CMP-0005,4,1506.63,0.08,PLN
SO-2026-010235,2,2026-07-02,2026-07-05,PL-WEB-01,C022866,VM-NUT-0003,45,11.19,0.1,PLN
SO-2026-010235,3,2026-07-02,2026-07-05,PL-WEB-01,C022866,VM-EBK-0002,4,10129.09,0.08,PLN
SO-2026-010236,1,2026-07-02,2026-07-03,PL-WEB-01,C019285,VM-APP-0008,1,162.87,0.0,PLN
SO-2026-010236,2,2026-07-02,2026-07-03,PL-WEB-01,C019285,VM-APP-0010,1,173.05,0.0,PLN
SO-2026-010237,1,2026-07-02,2026-07-05,PL-WEB-01,C006036,VM-NUT-0004,6,7.12,0.0,PLN
SO-2026-010237,2,2026-07-02,2026-07-05,PL-WEB-01,C006036,VM-NUT-0009,3,86.52,0.05,PLN
SO-2026-010237,3,2026-07-02,2026-07-05,PL-WEB-01,C006036,VM-BIK-0010,1,6433.75,0.0,PLN
SO-2026-010237,4,2026-07-02,2026-07-05,PL-WEB-01,C006036,VM-ACC-0008,2,407.19,0.0,PLN
SO-2026-010238,1,2026-07-02,2026-07-05,PL-WEB-01,C022867,VM-ACC-0022,1,1598.25,0.0,PLN
SO-2026-010239,1,2026-07-02,2026-07-04,PL-WEB-01,C015888,VM-NUT-0011,20,54.96,0.08,PLN
SO-2026-010239,2,2026-07-02,2026-07-04,PL-WEB-01,C015888,VM-BIK-0021,3,1272.49,0.1,PLN
SO-2026-010240,1,2026-07-02,2026-07-06,PL-WEB-01,C022868,VM-APP-0010,2,173.05,0.0,PLN
SO-2026-010241,1,2026-07-02,2026-07-04,PL-WEB-01,C018416,VM-BIK-0007,1,7176.89,0.0,PLN
SO-2026-010242,1,2026-07-02,2026-07-04,PL-WEB-01,C018068,VM-ACC-0020,1,824.57,0.0,PLN
SO-2026-010243,1,2026-07-02,2026-07-03,PL-MKT-01,C019824,VM-BIK-0012,1,12022.57,0.0,PLN
SO-2026-010243,2,2026-07-02,2026-07-03,PL-MKT-01,C019824,VM-APP-0020,2,183.23,0.0,PLN
SO-2026-010244,1,2026-07-02,2026-07-03,PL-MKT-01,C008660,VM-APP-0006,3,315.57,0.05,PLN
SO-2026-010245,1,2026-07-02,2026-07-05,PL-MKT-01,C022869,VM-APP-0017,1,193.41,0.05,PLN
SO-2026-010246,1,2026-07-02,2026-07-06,PL-MKT-01,C022870,VM-ACC-0008,1,407.19,0.0,PLN
SO-2026-010246,2,2026-07-02,2026-07-06,PL-MKT-01,C022870,VM-CMP-0017,2,508.99,0.0,PLN
SO-2026-010247,1,2026-07-02,2026-07-02,CZ-BRN-01,C022871,VM-EBK-0003,1,53582.0,0.0,CZK
SO-2026-010247,2,2026-07-02,2026-07-02,CZ-BRN-01,C022871,VM-BIK-0022,1,8252.0,0.0,CZK
SO-2026-010248,1,2026-07-02,2026-07-04,CZ-WEB-01,C011921,VM-NUT-0011,2,318.0,0.0,CZK
SO-2026-010248,2,2026-07-02,2026-07-04,CZ-WEB-01,C011921,VM-ACC-0002,1,3596.0,0.0,CZK
SO-2026-010248,3,2026-07-02,2026-07-04,CZ-WEB-01,C011921,VM-APP-0010,2,1002.0,0.0,CZK
SO-2026-010249,1,2026-07-02,2026-07-06,CZ-WEB-01,C017131,VM-ACC-0007,1,2122.0,0.0,CZK
SO-2026-010250,1,2026-07-02,2026-07-02,DE-BER-01,,VM-BIK-0012,1,2828.44,0.0,EUR
SO-2026-010250,2,2026-07-02,2026-07-02,DE-BER-01,,VM-ACC-0007,1,86.22,0.0,EUR
SO-2026-010250,3,2026-07-02,2026-07-02,DE-BER-01,,vm-cmp-0014,1,102.98,0.0,EUR
SO-2026-010250,4,2026-07-02,2026-07-02,DE-BER-01,,VM-CMP-0017,1,119.75,0.0,EUR
SO-2026-010251,1,2026-07-02,2026-07-04,DE-WEB-01,C022872,VM-APP-0012,1,208.36,0.0,EUR
SO-2026-010251,2,2026-07-02,2026-07-04,DE-WEB-01,C022872,VM-ACC-0013,1,40.71,0.0,EUR
SO-2026-010251,3,2026-07-02,2026-07-04,DE-WEB-01,C022872,VM-CMP-0005,1,354.45,0.0,EUR
SO-2026-010251,4,2026-07-02,2026-07-04,DE-WEB-01,C022872,VM-NUT-0001,3,2.15,0.0,EUR
SO-2026-010252,1,2026-07-02,2026-07-06,DE-WEB-01,C022873,VM-NUT-0011,2,12.93,0.0,EUR
SO-2026-010252,2,2026-07-02,2026-07-06,DE-WEB-01,C022873,VM-NUT-0008,7,2.39,0.0,EUR
SO-2026-010252,3,2026-07-02,2026-07-06,DE-WEB-01,C022873,VM-CMP-0017,2,119.75,0.0,EUR
SO-2026-010253,1,2026-07-02,2026-07-03,DE-WEB-01,C010554,VM-EBK-0007,3,3520.58,0.08,EUR
SO-2026-010254,1,2026-07-02,2026-07-06,DE-WEB-01,C022653,VM-BIK-0007,1,1688.44,0.1,EUR
SO-2026-010254,2,2026-07-02,2026-07-06,DE-WEB-01,C022653,VM-ACC-0008,2,95.8,0.0,EUR
SO-2026-010255,1,2026-07-02,2026-07-04,DE-WEB-01,C022874,VM-EBK-0008,1,3616.38,0.0,EUR
SO-2026-010255,2,2026-07-02,2026-07-04,DE-WEB-01,C022874,VM-ACC-0007,1,86.22,0.0,EUR
SO-2026-010255,3,2026-07-02,2026-07-04,DE-WEB-01,C022874,VM-EBK-0005,1,4179.2,0.0,EUR
SO-2026-010255,4,2026-07-02,2026-07-04,DE-WEB-01,C022874,VM-BIK-0012,1,2828.44,0.0,EUR
SO-2026-010256,1,2026-07-02,2026-07-04,DE-WEB-01,C007034,VM-NUT-0009,2,20.35,0.05,EUR
SO-2026-010257,1,2026-07-02,2026-07-03,DE-WEB-01,C022875,VM-NUT-0008,3,2.39,0.05,EUR
SO-2026-010257,2,2026-07-02,2026-07-03,DE-WEB-01,C022875,VM-ACC-0003,1,69.45,0.05,EUR
SO-2026-010257,3,2026-07-02,2026-07-03,DE-WEB-01,C022875,VM-BIK-0020,1,289.79,0.05,EUR
SO-2026-010258,1,2026-07-02,2026-07-04,DE-WEB-01,C022876,VM-CMP-0005,2,354.45,0.0,EUR
SO-2026-010259,1,2026-07-02,2026-07-05,DE-WEB-01,C020041,VM-NUT-0004,12,1.67,0.1,EUR
SO-2026-010260,1,2026-07-03,2026-07-03,PL-WAW-01,C022036,VM-NUT-0011,1,54.96,0.0,PLN
SO-2026-010261,1,2026-07-03,2026-07-03,PL-WAW-01,C013454,VM-BIK-0012,5,12022.57,0.1,PLN
SO-2026-010261,2,2026-07-03,2026-07-03,PL-WAW-01,C013454,VM-BIK-0016,3,3654.61,0.1,PLN
SO-2026-010262,1,2026-07-03,2026-07-03,PL-WAW-01,,VM-APP-0018,2,132.33,0.0,PLN
SO-2026-010263,1,2026-07-03,2026-07-03,PL-WAW-01,C022427,VM-CMP-0006,1,203.59,0.0,PLN
SO-2026-010264,1,2026-07-03,2026-07-03,PL-WAW-01,C019937,VM-APP-0002,1,447.91,0.0,PLN
SO-2026-010265,1,2026-07-03,2026-07-03,PL-WAW-02,C015015,VM-CMP-0023,1,60.05,0.0,PLN
SO-2026-010265,2,2026-07-03,2026-07-03,PL-WAW-02,C015015,VM-ACC-0008,2,407.19,0.0,PLN
SO-2026-010266,1,2026-07-03,2026-07-03,PL-WAW-02,C022877,VM-BIK-0004,1,4346.85,0.0,PLN
SO-2026-010267,1,2026-07-03,2026-07-03,PL-WAW-02,C021226,VM-ACC-0020,1,824.57,0.0,PLN
SO-2026-010267,2,2026-07-03,2026-07-03,PL-WAW-02,C021226,VM-ACC-0008,1,407.19,0.0,PLN
SO-2026-010268,1,2026-07-03,2026-07-03,PL-KRK-01,,VM-NUT-0009,3,86.52,0.0,PLN
SO-2026-010269,1,2026-07-03,2026-07-03,PL-KRK-01,C004359,VM-APP-0017,1,193.41,0.0,PLN
SO-2026-010269,2,2026-07-03,2026-07-03,PL-KRK-01,C004359,VM-NUT-0001,12,9.15,0.0,PLN
SO-2026-010270,1,2026-07-03,2026-07-03,PL-KRK-01,C021804,VM-BIK-0007,1,7176.89,0.05,PLN
SO-2026-010270,2,2026-07-03,2026-07-03,PL-KRK-01,C021804,VM-ACC-0004,1,794.03,0.05,PLN
SO-2026-010271,1,2026-07-03,2026-07-03,PL-KRK-01,C001402,VM-APP-0010,1,173.05,0.0,PLN
SO-2026-010271,2,2026-07-03,2026-07-03,PL-KRK-01,C001402,VM-ACC-0007,2,366.47,0.0,PLN
SO-2026-010272,1,2026-07-03,2026-07-03,PL-KRK-01,C016338,VM-NUT-0011,3,54.96,0.0,PLN
SO-2026-010273,1,2026-07-03,2026-07-03,PL-WRO-01,C022878,VM-APP-0002,3,447.91,0.0,PLN
SO-2026-010273,2,2026-07-03,2026-07-03,PL-WRO-01,C022878,VM-NUT-0006,11,10.17,0.0,PLN
SO-2026-010273,3,2026-07-03,2026-07-03,PL-WRO-01,C022878,VM-NUT-0002,14,15.26,0.0,PLN
SO-2026-010274,1,2026-07-03,2026-07-03,PL-WRO-01,C022879,VM-BIK-0007,1,7176.89,0.0,PLN
SO-2026-010274,2,2026-07-03,2026-07-03,PL-WRO-01,C022879,VM-ACC-0018,1,50.89,0.0,PLN
SO-2026-010275,1,2026-07-03,2026-07-03,PL-WRO-01,C022880,VM-CMP-0011,1,162.87,0.0,PLN
SO-2026-010275,2,2026-07-03,2026-07-03,PL-WRO-01,C022880,VM-EBK-0004,1,11279.43,0.1,PLN
SO-2026-010275,3,2026-07-03,2026-07-03,PL-WRO-01,C022880,VM-EBK-0010,1,13732.81,0.0,PLN
SO-2026-010275,4,2026-07-03,2026-07-03,PL-WRO-01,C022880,VM-ACC-0010,2,254.49,0.0,PLN
SO-2026-010276,1,2026-07-03,2026-07-03,PL-GDN-01,,VM-APP-0003,1,315.57,0.0,PLN
SO-2026-010277,1,2026-07-03,2026-07-03,PL-GDN-01,C022508,VM-CMP-0015,1,936.55,0.0,PLN
SO-2026-010278,1,2026-07-03,2026-07-03,PL-GDN-01,C022881,VM-ACC-0008,2,407.19,0.0,PLN
SO-2026-010278,2,2026-07-03,2026-07-03,PL-GDN-01,C022881,VM-APP-0010,1,173.05,0.0,PLN
SO-2026-010279,1,2026-07-03,2026-07-03,PL-GDN-01,C016437,VM-EBK-0007,1,14964.59,0.05,PLN
SO-2026-010280,1,2026-07-03,2026-07-03,PL-POZ-01,C022882,VM-ACC-0012,1,73.29,0.0,PLN
SO-2026-010281,1,2026-07-03,2026-07-03,PL-POZ-01,,VM-CMP-0005,2,1506.63,0.0,PLN
SO-2026-010281,2,2026-07-03,2026-07-03,PL-POZ-01,,VM-ACC-0008,1,407.19,0.0,PLN
SO-2026-010282,1,2026-07-03,2026-07-03,PL-POZ-01,,VM-ACC-0021,1,794.03,0.0,PLN
SO-2026-010282,2,2026-07-03,2026-07-03,PL-POZ-01,,VM-NUT-0004,9,7.12,0.0,PLN
SO-2026-010282,3,2026-07-03,2026-07-03,PL-POZ-01,,VM-BIK-0007,1,7176.89,0.0,PLN
SO-2026-010282,4,2026-07-03,2026-07-03,PL-POZ-01,,VM-EBK-0011,1,14903.51,0.0,PLN
SO-2026-010283,1,2026-07-03,2026-07-03,PL-POZ-01,C022883,VM-ACC-0007,1,366.47,0.0,PLN
SO-2026-010283,2,2026-07-03,2026-07-03,PL-POZ-01,C022883,VM-BIK-0007,1,7176.89,0.0,PLN
SO-2026-010283,3,2026-07-03,2026-07-03,PL-POZ-01,C022883,VM-ACC-0002,1,620.97,0.0,PLN
SO-2026-010284,1,2026-07-03,2026-07-03,PL-POZ-01,,VM-BIK-0019,1,1231.77,0.0,PLN
SO-2026-010285,1,2026-07-03,2026-07-03,PL-POZ-01,C020996,VM-BIK-0012,1,12022.57,0.0,PLN
SO-2026-010285,2,2026-07-03,2026-07-03,PL-POZ-01,C020996,VM-ACC-0011,2,73.29,0.0,PLN
SO-2026-010285,3,2026-07-03,2026-07-03,PL-POZ-01,C020996,VM-ACC-0017,3,59.03,0.0,PLN
SO-2026-010285,4,2026-07-03,2026-07-03,PL-POZ-01,C020996,VM-ACC-0008,1,407.19,0.0,PLN
SO-2026-010286,1,2026-07-03,2026-07-03,PL-LDZ-01,C022884,VM-NUT-0002,11,15.26,0.0,PLN
SO-2026-010286,2,2026-07-03,2026-07-03,PL-LDZ-01,C022884,VM-ACC-0013,1,173.05,0.0,PLN
SO-2026-010287,1,2026-07-03,2026-07-03,PL-LDZ-01,,VM-EBK-0008,1,15371.79,0.0,PLN
SO-2026-010287,2,2026-07-03,2026-07-03,PL-LDZ-01,,vm-acc-0016,1,29.51,0.0,PLN
SO-2026-010288,1,2026-07-03,2026-07-03,PL-LDZ-01,C022885,VM-ACC-0018,3,50.89,0.0,PLN
SO-2026-010289,1,2026-07-03,2026-07-03,PL-LDZ-01,C022886,VM-ACC-0014,1,111.97,0.0,PLN
SO-2026-010289,2,2026-07-03,2026-07-03,PL-LDZ-01,C022886,VM-CMP-0020,2,264.67,0.0,PLN
SO-2026-010290,1,2026-07-03,2026-07-06,PL-WEB-01,C017633,VM-APP-0013,1,447.91,0.0,PLN
SO-2026-010290,2,2026-07-03,2026-07-06,PL-WEB-01,C017633,VM-BIK-0006,1,6708.61,0.0,PLN
SO-2026-010291,1,2026-07-03,2026-07-05,PL-WEB-01,C015381,VM-APP-0002,2,447.91,0.0,PLN
SO-2026-010292,1,2026-07-03,2026-07-06,PL-WEB-01,C021105,vm-acc-0008,2,407.19,0.0,PLN
SO-2026-010293,1,2026-07-03,2026-07-05,PL-WEB-01,C022695,VM-NUT-0006,5,10.17,0.0,PLN
SO-2026-010293,2,2026-07-03,2026-07-05,PL-WEB-01,C022695,VM-BIK-0012,1,12022.57,0.05,PLN
SO-2026-010293,3,2026-07-03,2026-07-05,PL-WEB-01,C022695,VM-NUT-0004,15,7.12,0.05,PLN
SO-2026-010294,1,2026-07-03,2026-07-05,PL-WEB-01,C022564,VM-NUT-0004,12,7.12,0.0,PLN
SO-2026-010294,2,2026-07-03,2026-07-05,PL-WEB-01,C022564,VM-ACC-0004,1,794.03,0.0,PLN
SO-2026-010295,1,2026-07-03,2026-07-04,PL-WEB-01,C021955,VM-APP-0002,2,447.91,0.05,PLN
SO-2026-010295,2,2026-07-03,2026-07-04,PL-WEB-01,C021955,VM-BIK-0007,1,7176.89,0.05,PLN
SO-2026-010296,1,2026-07-03,2026-07-06,PL-WEB-01,C022887,VM-NUT-0001,11,9.15,0.0,PLN
SO-2026-010297,1,2026-07-03,2026-07-04,PL-WEB-01,C022888,VM-NUT-0008,7,10.17,0.0,PLN
SO-2026-010298,1,2026-07-03,2026-07-07,PL-WEB-01,C022687,VM-BIK-0007,1,7176.89,0.0,PLN
SO-2026-010298,2,2026-07-03,2026-07-07,PL-WEB-01,C022687,VM-NUT-0004,11,7.12,0.0,PLN
SO-2026-010299,1,2026-07-03,2026-07-04,PL-WEB-01,C022889,VM-ACC-0015,1,356.29,0.0,PLN
SO-2026-010300,1,2026-07-03,2026-07-07,PL-WEB-01,C022890,VM-NUT-0004,14,7.12,0.0,PLN
SO-2026-010300,2,2026-07-03,2026-07-07,PL-WEB-01,C022890,VM-ACC-0010,1,254.49,0.0,PLN
SO-2026-010301,1,2026-07-03,2026-07-07,PL-WEB-01,C022411,VM-EBK-0005,1,17764.09,0.0,PLN
SO-2026-010302,1,2026-07-03,2026-07-05,PL-WEB-01,C020757,VM-NUT-0008,6,10.17,0.0,PLN
SO-2026-010302,2,2026-07-03,2026-07-05,PL-WEB-01,C020757,VM-EBK-0009,1,10088.37,0.0,PLN
SO-2026-010303,1,2026-07-03,2026-07-06,PL-WEB-01,C012887,VM-BIK-0005,1,7543.37,0.05,PLN
SO-2026-010303,2,2026-07-03,2026-07-06,PL-WEB-01,C012887,VM-ACC-0013,1,173.05,0.05,PLN
SO-2026-010303,3,2026-07-03,2026-07-06,PL-WEB-01,C012887,VM-ACC-0015,1,356.29,0.05,PLN
SO-2026-010304,1,2026-07-03,2026-07-06,PL-WEB-01,C022891,VM-NUT-0004,20,7.12,0.08,PLN
SO-2026-010304,2,2026-07-03,2026-07-06,PL-WEB-01,C022891,VM-CMP-0001,10,407.19,0.1,PLN
SO-2026-010304,3,2026-07-03,2026-07-06,PL-WEB-01,C022891,VM-BIK-0004,3,4346.85,0.1,PLN
SO-2026-010305,1,2026-07-03,2026-07-06,PL-WEB-01,C022892,VM-BIK-0014,1,3898.93,0.05,PLN
SO-2026-010306,1,2026-07-03,2026-07-05,PL-WEB-01,C022893,VM-APP-0020,1,183.23,0.0,PLN
SO-2026-010307,1,2026-07-03,2026-07-04,PL-WEB-01,C022894,VM-CMP-0006,2,203.59,0.0,PLN
SO-2026-010307,2,2026-07-03,2026-07-04,PL-WEB-01,C022894,VM-APP-0006,2,315.57,0.0,PLN
SO-2026-010307,3,2026-07-03,2026-07-04,PL-WEB-01,C022894,VM-ACC-0014,1,111.97,0.0,PLN
SO-2026-010307,4,2026-07-03,2026-07-04,PL-WEB-01,C022894,VM-ACC-0023,1,946.73,0.0,PLN
SO-2026-010308,1,2026-07-03,2026-07-04,PL-MKT-01,C022895,VM-CMP-0022,3,36.64,0.0,PLN
SO-2026-010308,2,2026-07-03,2026-07-04,PL-MKT-01,C022895,VM-ACC-0015,1,356.29,0.0,PLN
SO-2026-010309,1,2026-07-03,2026-07-05,PL-MKT-01,C006209,VM-APP-0006,3,315.57,0.0,PLN
SO-2026-010310,1,2026-07-03,2026-07-06,PL-MKT-01,C016359,VM-CMP-0005,2,1506.63,0.05,PLN
SO-2026-010311,1,2026-07-03,2026-07-04,PL-MKT-01,C022896,VM-BIK-0007,1,7176.89,0.0,PLN
SO-2026-010311,2,2026-07-03,2026-07-04,PL-MKT-01,C022896, VM-BIK-0012 ,1,12022.57,0.0,PLN
SO-2026-010312,1,2026-07-03,2026-07-05,PL-MKT-01,C013833,VM-APP-0005,1,183.23,0.0,PLN
SO-2026-010312,2,2026-07-03,2026-07-05,PL-MKT-01,C013833,VM-CMP-0002,2,570.07,0.0,PLN
SO-2026-010313,1,2026-07-03,2026-07-04,PL-MKT-01,C022897,VM-CMP-0011,1,162.87,0.05,PLN
SO-2026-010313,2,2026-07-03,2026-07-04,PL-MKT-01,C022897,VM-NUT-0004,6,7.12,0.05,PLN
SO-2026-010313,3,2026-07-03,2026-07-04,PL-MKT-01,C022897,VM-CMP-0008,1,447.91,0.05,PLN
SO-2026-010313,4,2026-07-03,2026-07-04,PL-MKT-01,C022897,VM-CMP-0021,1,48.85,0.05,PLN
SO-2026-010314,1,2026-07-03,2026-07-05,PL-MKT-01,C004467,VM-ACC-0018,3,50.89,0.0,PLN
SO-2026-010314,2,2026-07-03,2026-07-05,PL-MKT-01,C004467,VM-EBK-0003,1,9253.61,0.0,PLN
SO-2026-010314,3,2026-07-03,2026-07-05,PL-MKT-01,C004467,VM-NUT-0004,11,7.12,0.0,PLN
SO-2026-010315,1,2026-07-03,2026-07-06,PL-MKT-01,C022898,VM-NUT-0011,2,54.96,0.0,PLN
SO-2026-010316,1,2026-07-03,2026-07-03,CZ-PRG-01,C017525,VM-ACC-0017,2,342.0,0.0,CZK
SO-2026-010317,1,2026-07-03,2026-07-03,CZ-PRG-01,C022899,VM-APP-0008,2,943.0,0.0,CZK
SO-2026-010317,2,2026-07-03,2026-07-03,CZ-PRG-01,C022899,VM-ACC-0019,3,295.0,0.0,CZK
SO-2026-010317,3,2026-07-03,2026-07-03,CZ-PRG-01,C022899,VM-APP-0018,2,766.0,0.0,CZK
SO-2026-010318,1,2026-07-03,2026-07-03,CZ-PRG-01,,VM-APP-0002,1,2594.0,0.0,CZK
SO-2026-010319,1,2026-07-03,2026-07-03,CZ-PRG-01,C021380,vm-app-0003,3,1827.0,0.05,CZK
SO-2026-010320,1,2026-07-03,2026-07-03,CZ-PRG-01,,VM-BIK-0008,1,31300.0,0.0,CZK
SO-2026-010320,2,2026-07-03,2026-07-03,CZ-PRG-01,,VM-ACC-0012,1,424.0,0.0,CZK
SO-2026-010321,1,2026-07-03,2026-07-03,CZ-BRN-01,C022900,VM-CMP-0013,1,3124.0,0.0,CZK
SO-2026-010321,2,2026-07-03,2026-07-03,CZ-BRN-01,C022900,VM-CMP-0002,1,3301.0,0.0,CZK
SO-2026-010322,1,2026-07-03,2026-07-03,CZ-BRN-01,,VM-CMP-0005,2,8724.0,0.0,CZK
SO-2026-010322,2,2026-07-03,2026-07-03,CZ-BRN-01,,VM-ACC-0008,2,2358.0,0.0,CZK
SO-2026-010322,3,2026-07-03,2026-07-03,CZ-BRN-01,,VM-EBK-0007,1,86651.0,0.0,CZK
SO-2026-010323,1,2026-07-03,2026-07-04,CZ-WEB-01,C022901,VM-NUT-0011,3,318.0,0.05,CZK
SO-2026-010324,1,2026-07-03,2026-07-04,CZ-WEB-01,C008477, VM-ACC-0011 ,2,424.0,0.0,CZK
SO-2026-010325,1,2026-07-03,2026-07-06,CZ-WEB-01,C020774,VM-ACC-0007,2,2122.0,0.05,CZK
SO-2026-010326,1,2026-07-03,2026-07-06,CZ-WEB-01,C022902,VM-ACC-0008,1,2358.0,0.0,CZK
SO-2026-010326,2,2026-07-03,2026-07-06,CZ-WEB-01,C022902,VM-ACC-0005,2,1061.0,0.0,CZK
SO-2026-010326,3,2026-07-03,2026-07-06,CZ-WEB-01,C022902, VM-CMP-0005 ,1,8724.0,0.0,CZK
SO-2026-010327,1,2026-07-03,2026-07-05,CZ-WEB-01,C020140,VM-NUT-0007,10,77.0,0.0,CZK
SO-2026-010327,2,2026-07-03,2026-07-05,CZ-WEB-01,C020140,VM-BIK-0011,1,50988.0,0.0,CZK
SO-2026-010327,3,2026-07-03,2026-07-05,CZ-WEB-01,C020140,VM-APP-0008,1,943.0,0.0,CZK
SO-2026-010328,1,2026-07-03,2026-07-05,CZ-WEB-01,C022903,VM-ACC-0020,1,4775.0,0.0,CZK
SO-2026-010329,1,2026-07-03,2026-07-06,CZ-WEB-01,C022438,VM-ACC-0004,2,4598.0,0.08,CZK
SO-2026-010330,1,2026-07-03,2026-07-06,CZ-WEB-01,C022904,VM-BIK-0021,1,7368.0,0.0,CZK
SO-2026-010331,1,2026-07-03,2026-07-03,DE-BER-01,C010444,VM-ACC-0008,2,95.8,0.0,EUR
SO-2026-010331,2,2026-07-03,2026-07-03,DE-BER-01,C010444,VM-APP-0004,1,57.48,0.0,EUR
SO-2026-010331,3,2026-07-03,2026-07-03,DE-BER-01,C010444,VM-ACC-0013,1,40.71,0.0,EUR
SO-2026-010332,1,2026-07-03,2026-07-03,DE-BER-01,,VM-ACC-0008,2,95.8,0.0,EUR
SO-2026-010333,1,2026-07-03,2026-07-04,DE-WEB-01,C022905,VM-ACC-0010,1,59.87,0.0,EUR
SO-2026-010334,1,2026-07-03,2026-07-05,DE-WEB-01,C022906,VM-NUT-0007,12,3.11,0.05,EUR
SO-2026-010334,2,2026-07-03,2026-07-05,DE-WEB-01,C022906,VM-CMP-0005,1,354.45,0.05,EUR
SO-2026-010334,3,2026-07-03,2026-07-05,DE-WEB-01,C022906,VM-APP-0002,3,105.38,0.05,EUR
SO-2026-010335,1,2026-07-03,2026-07-05,DE-WEB-01,C020176,VM-BIK-0012,1,2828.44,0.0,EUR
SO-2026-010335,2,2026-07-03,2026-07-05,DE-WEB-01,C020176,VM-APP-0002,3,105.38,0.0,EUR
SO-2026-010336,1,2026-07-03,2026-07-06,DE-WEB-01,C010824,VM-BIK-0016,1,859.79,0.0,EUR
SO-2026-010336,2,2026-07-03,2026-07-06,DE-WEB-01,C010824,VM-ACC-0008,2,95.8,0.1,EUR
SO-2026-010337,1,2026-07-03,2026-07-06,DE-WEB-01,C020195,VM-BIK-0003,1,1566.3,0.0,EUR
SO-2026-010338,1,2026-07-03,2026-07-07,DE-WEB-01,C017577,VM-APP-0008,1,38.32,0.0,EUR
SO-2026-010338,2,2026-07-03,2026-07-07,DE-WEB-01,C017577,VM-ACC-0021,1,186.8,0.0,EUR
SO-2026-010338,3,2026-07-03,2026-07-07,DE-WEB-01,C017577,VM-CMP-0017,1,119.75,0.0,EUR
SO-2026-010338,4,2026-07-03,2026-07-07,DE-WEB-01,C017577,VM-ACC-0010,1,59.87,0.05,EUR
SO-2026-010339,1,2026-07-04,2026-07-04,PL-WAW-01,C010542,VM-CMP-0013,2,539.53,0.0,PLN
SO-2026-010340,1,2026-07-04,2026-07-04,PL-WAW-01,C022123,VM-BIK-0014,1,3898.93,0.05,PLN
SO-2026-010341,1,2026-07-04,2026-07-04,PL-WAW-01,C022907,VM-NUT-0007,8,13.22,0.0,PLN
SO-2026-010342,1,2026-07-04,2026-07-04,PL-WAW-01,C003423,VM-NUT-0004,11,7.12,0.0,PLN
SO-2026-010343,1,2026-07-04,2026-07-04,PL-WAW-01,C020295,VM-NUT-0004,8,7.12,0.05,PLN
SO-2026-010344,1,2026-07-04,2026-07-04,PL-WAW-01,C022908,VM-BIK-0005,1,7543.37,0.0,PLN
SO-2026-010344,2,2026-07-04,2026-07-04,PL-WAW-01,C022908,VM-ACC-0018,3,50.89,0.0,PLN
SO-2026-010344,3,2026-07-04,2026-07-04,PL-WAW-01,C022908,vm-nut-0004,6,7.12,0.0,PLN
SO-2026-010344,4,2026-07-04,2026-07-04,PL-WAW-01,C022908,VM-ACC-0017,3,59.03,0.0,PLN
SO-2026-010345,1,2026-07-04,2026-07-04,PL-WAW-01,,VM-CMP-0005,1,1506.63,0.0,PLN
SO-2026-010345,2,2026-07-04,2026-07-04,PL-WAW-01,,VM-BIK-0005,1,7543.37,0.0,PLN
SO-2026-010346,1,2026-07-04,2026-07-04,PL-WAW-01,,VM-APP-0006,2,315.57,0.0,PLN
SO-2026-010347,1,2026-07-04,2026-07-04,PL-WAW-02,C022909,VM-CMP-0006,1,203.59,0.0,PLN
SO-2026-010347,2,2026-07-04,2026-07-04,PL-WAW-02,C022909,VM-CMP-0016,2,2504.27,0.0,PLN
SO-2026-010347,3,2026-07-04,2026-07-04,PL-WAW-02,C022909,VM-CMP-0008,2,447.91,0.0,PLN
SO-2026-010347,4,2026-07-04,2026-07-04,PL-WAW-02,C022909,VM-ACC-0017,1,59.03,0.0,PLN
SO-2026-010348,1,2026-07-04,2026-07-04,PL-WAW-02,,VM-NUT-0003,5,11.19,0.0,PLN
SO-2026-010349,1,2026-07-04,2026-07-04,PL-WAW-02,C013042,VM-EBK-0005,1,17764.09,0.05,PLN
SO-2026-010350,1,2026-07-04,2026-07-04,PL-WAW-02,C021644,VM-ACC-0020,1,824.57,0.0,PLN
SO-2026-010351,1,2026-07-04,2026-07-04,PL-WAW-02,,VM-NUT-0004,11,7.12,0.0,PLN
SO-2026-010352,1,2026-07-04,2026-07-04,PL-WAW-02,,VM-APP-0013,1,447.91,0.0,PLN
SO-2026-010353,1,2026-07-04,2026-07-04,PL-WAW-02,C022794,VM-NUT-0003,5,11.19,0.1,PLN
SO-2026-010353,2,2026-07-04,2026-07-04,PL-WAW-02,C022794,VM-EBK-0011,1,14903.51,0.05,PLN
SO-2026-010353,3,2026-07-04,2026-07-04,PL-WAW-02,C022794,VM-CMP-0005,1,1506.63,0.0,PLN
SO-2026-010354,1,2026-07-04,2026-07-04,PL-KRK-01,C022122,VM-ACC-0021,1,794.03,0.0,PLN
SO-2026-010355,1,2026-07-04,2026-07-04,PL-KRK-01,C020224,VM-ACC-0008,1,407.19,0.0,PLN
SO-2026-010356,1,2026-07-04,2026-07-04,PL-KRK-01,C022910,VM-ACC-0016,3,29.51,0.0,PLN
SO-2026-010357,1,2026-07-04,2026-07-04,PL-KRK-01,C021674,VM-EBK-0004,1,11279.43,0.0,PLN
SO-2026-010358,1,2026-07-04,2026-07-04,PL-KRK-01,C021409,VM-NUT-0006,6,10.17,0.0,PLN
SO-2026-010358,2,2026-07-04,2026-07-04,PL-KRK-01,C021409,VM-ACC-0016,2,29.51,0.0,PLN
SO-2026-010359,1,2026-07-04,2026-07-04,PL-KRK-01,,VM-APP-0014,1,498.81,0.0,PLN
SO-2026-010359,2,2026-07-04,2026-07-04,PL-KRK-01,,VM-CMP-0021,4,48.85,0.0,PLN
SO-2026-010360,1,2026-07-04,2026-07-04,PL-KRK-01,C005121,VM-ACC-0008,2,407.19,0.0,PLN
SO-2026-010361,1,2026-07-04,2026-07-04,PL-WRO-01,C022911,VM-NUT-0006,10,10.17,0.0,PLN
SO-2026-010361,2,2026-07-04,2026-07-04,PL-WRO-01,C022911,VM-ACC-0002,1,620.97,0.0,PLN
SO-2026-010361,3,2026-07-04,2026-07-04,PL-WRO-01,C022911,VM-BIK-0003,1,6657.71,0.0,PLN
SO-2026-010362,1,2026-07-04,2026-07-04,PL-WRO-01,C008080,VM-CMP-0015,2,936.55,0.0,PLN
SO-2026-010363,1,2026-07-04,2026-07-04,PL-WRO-01,, VM-BIK-0012 ,1,12022.57,0.0,PLN
SO-2026-010364,1,2026-07-04,2026-07-04,PL-WRO-01,C021566,VM-APP-0006,2,315.57,0.0,PLN
SO-2026-010365,1,2026-07-04,2026-07-04,PL-WRO-01,C019927,VM-ACC-0020,1,824.57,0.0,PLN
SO-2026-010365,2,2026-07-04,2026-07-04,PL-WRO-01,C019927,VM-NUT-0006,12,10.17,0.0,PLN
SO-2026-010365,3,2026-07-04,2026-07-04,PL-WRO-01,C019927,VM-CMP-0002,2,570.07,0.0,PLN
SO-2026-010365,4,2026-07-04,2026-07-04,PL-WRO-01,C019927,VM-BIK-0012,1,12022.57,0.0,PLN
SO-2026-010366,1,2026-07-04,2026-07-04,PL-GDN-01,C000476,VM-BIK-0003,1,6657.71,0.0,PLN
SO-2026-010367,1,2026-07-04,2026-07-04,PL-GDN-01,,VM-NUT-0008,12,10.17,0.0,PLN
SO-2026-010367,2,2026-07-04,2026-07-04,PL-GDN-01,,VM-BIK-0008,1,5405.57,0.0,PLN
SO-2026-010368,1,2026-07-04,2026-07-04,PL-GDN-01,C022912,VM-ACC-0019,1,50.89,0.0,PLN
SO-2026-010368,2,2026-07-04,2026-07-04,PL-GDN-01,C022912,VM-CMP-0002,1,570.07,0.0,PLN
SO-2026-010368,3,2026-07-04,2026-07-04,PL-GDN-01,C022912,VM-NUT-0009,1,86.52,0.0,PLN
SO-2026-010369,1,2026-07-04,2026-07-04,PL-GDN-01,C022913,VM-CMP-0006,2,203.59,0.0,PLN
SO-2026-010370,1,2026-07-04,2026-07-04,PL-GDN-01,C022914,VM-ACC-0010,1,254.49,0.0,PLN
SO-2026-010371,1,2026-07-04,2026-07-04,PL-POZ-01,C022915,VM-APP-0007,2,162.87,0.0,PLN
SO-2026-010372,1,2026-07-04,2026-07-04,PL-POZ-01,C020099,VM-NUT-0001,4,9.15,0.0,PLN
SO-2026-010373,1,2026-07-04,2026-07-04,PL-POZ-01,C016845,VM-ACC-0009,3,407.19,0.12,PLN
SO-2026-010374,1,2026-07-04,2026-07-04,PL-POZ-01,C017087,VM-EBK-0009,1,10088.37,0.0,PLN
SO-2026-010374,2,2026-07-04,2026-07-04,PL-POZ-01,C017087,VM-ACC-0014,1,111.97,0.0,PLN
SO-2026-010374,3,2026-07-04,2026-07-04,PL-POZ-01,C017087,VM-ACC-0022,1,1598.25,0.0,PLN
SO-2026-010375,1,2026-07-04,2026-07-04,PL-POZ-01,,VM-EBK-0009,1,10088.37,0.0,PLN
SO-2026-010376,1,2026-07-04,2026-07-04,PL-POZ-01,C018447,VM-CMP-0019,1,213.77,0.0,PLN
SO-2026-010377,1,2026-07-04,2026-07-04,PL-LDZ-01,C021985,VM-NUT-0009,4,86.52,0.05,PLN
SO-2026-010377,2,2026-07-04,2026-07-04,PL-LDZ-01,C021985,VM-BIK-0007,1,7176.89,0.05,PLN
SO-2026-010378,1,2026-07-04,2026-07-04,PL-LDZ-01,,VM-BIK-0017,1,1944.37,0.0,PLN
SO-2026-010379,1,2026-07-04,2026-07-04,PL-LDZ-01,C022916,VM-CMP-0006,1,203.59,0.0,PLN
SO-2026-010379,2,2026-07-04,2026-07-04,PL-LDZ-01,C022916,VM-APP-0019,2,67.18,0.05,PLN
SO-2026-010380,1,2026-07-04,2026-07-04,PL-LDZ-01,C011435,VM-CMP-0020,1,264.67,0.05,PLN
SO-2026-010381,1,2026-07-04,2026-07-04,PL-LDZ-01,,VM-APP-0012,1,885.65,0.0,PLN
SO-2026-010381,2,2026-07-04,2026-07-04,PL-LDZ-01,,VM-ACC-0022,1,1598.25,0.0,PLN
SO-2026-010381,3,2026-07-04,2026-07-04,PL-LDZ-01,,VM-BIK-0020,1,1231.77,0.0,PLN
SO-2026-010382,1,2026-07-04,2026-07-04,PL-LDZ-01,C016848,VM-EBK-0004,1,11279.43,0.0,PLN
SO-2026-010383,1,2026-07-04,2026-07-04,PL-LDZ-01,,VM-ACC-0013,1,173.05,0.0,PLN
SO-2026-010384,1,2026-07-04,2026-07-06,PL-WEB-01,C020656,vm-bik-0007,1,7176.89,0.0,PLN
SO-2026-010385,1,2026-07-04,2026-07-07,PL-WEB-01,C022696,VM-ACC-0008,1,407.19,0.0,PLN
SO-2026-010385,2,2026-07-04,2026-07-07,PL-WEB-01,C022696,VM-BIK-0022,1,1425.19,0.0,PLN
SO-2026-010386,1,2026-07-04,2026-07-05,PL-WEB-01,C011337,VM-ACC-0014,1,111.97,0.0,PLN
SO-2026-010387,1,2026-07-04,2026-07-07,PL-WEB-01,C014261,VM-APP-0008,2,162.87,0.0,PLN
SO-2026-010387,2,2026-07-04,2026-07-07,PL-WEB-01,C014261,VM-APP-0013,1,447.91,0.0,PLN
SO-2026-010388,1,2026-07-04,2026-07-08,PL-WEB-01,C017168,VM-NUT-0006,11,10.17,0.0,PLN
SO-2026-010389,1,2026-07-04,2026-07-07,PL-WEB-01,C022051,VM-EBK-0009,1,10088.37,0.0,PLN
SO-2026-010389,2,2026-07-04,2026-07-07,PL-WEB-01,C022051,VM-CMP-0001,2,407.19,0.0,PLN
SO-2026-010389,3,2026-07-04,2026-07-07,PL-WEB-01,C022051,VM-EBK-0005,1,17764.09,0.0,PLN
SO-2026-010389,4,2026-07-04,2026-07-07,PL-WEB-01,C022051,VM-ACC-0014,1,111.97,0.0,PLN
SO-2026-010390,1,2026-07-04,2026-07-08,PL-WEB-01,C018172,VM-APP-0007,2,162.87,0.0,PLN
SO-2026-010390,2,2026-07-04,2026-07-08,PL-WEB-01,C018172,VM-APP-0010,2,173.05,0.0,PLN
SO-2026-010391,1,2026-07-04,2026-07-06,PL-WEB-01,C010361,VM-NUT-0001,4,9.15,0.0,PLN
SO-2026-010392,1,2026-07-04,2026-07-06,PL-WEB-01,C022917,VM-ACC-0008,2,407.19,0.0,PLN
SO-2026-010392,2,2026-07-04,2026-07-06,PL-WEB-01,C022917,VM-BIK-0003,1,6657.71,0.0,PLN
SO-2026-010393,1,2026-07-04,2026-07-06,PL-WEB-01,C022918,VM-ACC-0018,1,50.89,0.05,PLN
SO-2026-010394,1,2026-07-04,2026-07-05,PL-WEB-01,C014150,VM-CMP-0001,1,407.19,0.0,PLN
SO-2026-010394,2,2026-07-04,2026-07-05,PL-WEB-01,C014150,VM-CMP-0015,1,936.55,0.0,PLN
SO-2026-010395,1,2026-07-04,2026-07-08,PL-WEB-01,C015444,VM-BIK-0020,1,1231.77,0.0,PLN
SO-2026-010396,1,2026-07-04,2026-07-06,PL-MKT-01,C006028,VM-EBK-0005,1,17764.09,0.0,PLN
SO-2026-010397,1,2026-07-04,2026-07-07,PL-MKT-01,C022919,VM-BIK-0004,1,4346.85,0.0,PLN
SO-2026-010397,2,2026-07-04,2026-07-07,PL-MKT-01,C022919,VM-ACC-0016,3,29.51,0.0,PLN
SO-2026-010398,1,2026-07-04,2026-07-07,PL-MKT-01,C022478,VM-APP-0007,2,162.87,0.0,PLN
SO-2026-010399,1,2026-07-04,2026-07-06,PL-MKT-01,C004985,VM-BIK-0009,5,5741.51,0.08,PLN
SO-2026-010400,1,2026-07-04,2026-07-04,CZ-PRG-01,C021106,VM-BIK-0019,1,7132.0,0.0,CZK
SO-2026-010400,2,2026-07-04,2026-07-04,CZ-PRG-01,C021106,VM-BIK-0013,1,28294.0,0.0,CZK
SO-2026-010400,3,2026-07-04,2026-07-04,CZ-PRG-01,C021106,VM-ACC-0017,2,342.0,0.0,CZK
SO-2026-010401,1,2026-07-04,2026-07-04,CZ-PRG-01,C022920,VM-APP-0013,1,2594.0,0.0,CZK
SO-2026-010402,1,2026-07-04,2026-07-04,CZ-PRG-01,,VM-ACC-0008,1,2358.0,0.0,CZK
SO-2026-010402,2,2026-07-04,2026-07-04,CZ-PRG-01,,VM-NUT-0009,2,501.0,0.0,CZK
SO-2026-010403,1,2026-07-04,2026-07-04,CZ-PRG-01,C021610,VM-BIK-0007,1,41557.0,0.0,CZK
SO-2026-010404,1,2026-07-04,2026-07-04,CZ-BRN-01,,VM-EBK-0002,1,58651.0,0.0,CZK
SO-2026-010405,1,2026-07-04,2026-07-04,CZ-BRN-01,C010435,VM-CMP-0005,2,8724.0,0.0,CZK
SO-2026-010406,1,2026-07-04,2026-07-04,CZ-BRN-01,C020347,VM-BIK-0019,1,7132.0,0.0,CZK
SO-2026-010407,1,2026-07-04,2026-07-04,CZ-BRN-01,C022921,VM-CMP-0011,2,943.0,0.05,CZK
SO-2026-010408,1,2026-07-04,2026-07-04,CZ-BRN-01,C008477,VM-NUT-0002,3,88.0,0.0,CZK
SO-2026-010408,2,2026-07-04,2026-07-04,CZ-BRN-01,C008477,VM-BIK-0012,1,69615.0,0.0,CZK
SO-2026-010409,1,2026-07-04,2026-07-08,CZ-WEB-01,C022922,VM-NUT-0006,3,59.0,0.0,CZK
SO-2026-010409,2,2026-07-04,2026-07-08,CZ-WEB-01,C022922,VM-APP-0015,1,3360.0,0.05,CZK
SO-2026-010410,1,2026-07-04,2026-07-05,CZ-WEB-01,C018749,VM-ACC-0002,1,3596.0,0.0,CZK
SO-2026-010410,2,2026-07-04,2026-07-05,CZ-WEB-01,C018749,VM-APP-0006,1,1827.0,0.0,CZK
SO-2026-010411,1,2026-07-04,2026-07-08,CZ-WEB-01,C022923,VM-CMP-0005,1,8724.0,0.0,CZK
SO-2026-010411,2,2026-07-04,2026-07-08,CZ-WEB-01,C022923,VM-CMP-0018,1,365.0,0.0,CZK
SO-2026-010411,3,2026-07-04,2026-07-08,CZ-WEB-01,C022923,VM-BIK-0022,1,8252.0,0.0,CZK
SO-2026-010412,1,2026-07-04,2026-07-07,CZ-WEB-01,C015703,VM-CMP-0023,3,348.0,0.05,CZK
SO-2026-010412,2,2026-07-04,2026-07-07,CZ-WEB-01,C015703,VM-BIK-0004,1,25170.0,0.05,CZK
SO-2026-010413,1,2026-07-04,2026-07-04,DE-BER-01,C022924,VM-BIK-0002,1,2306.34,0.05,EUR
SO-2026-010414,1,2026-07-04,2026-07-04,DE-BER-01,C020666,VM-ACC-0022,2,376.01,0.08,EUR
SO-2026-010415,1,2026-07-04,2026-07-08,DE-WEB-01,C022925,VM-ACC-0008,2,95.8,0.0,EUR
SO-2026-010416,1,2026-07-04,2026-07-07,DE-WEB-01,C020665,VM-APP-0006,2,74.24,0.05,EUR
SO-2026-010417,1,2026-07-04,2026-07-08,DE-WEB-01,C022926,VM-BIK-0006,1,1578.27,0.0,EUR
SO-2026-010418,1,2026-07-04,2026-07-06,DE-WEB-01,C013156,VM-NUT-0011,1,12.93,0.0,EUR
SO-2026-010419,1,2026-07-04,2026-07-08,DE-WEB-01,C022927,VM-BIK-0007,1,1688.44,0.0,EUR
SO-TEST-0033,1,2026-07-04,2026-07-04,TEST-01,TEST-QA,VM-CMP-0007,1,1.0,0.0,PLN
SO-2026-010420,1,2026-07-05,2026-07-07,PL-WEB-01,C022928,VM-BIK-0012,1,12022.57,0.0,PLN
SO-2026-010421,1,2026-07-05,2026-07-09,PL-WEB-01,C021552,VM-APP-0002,1,447.91,0.0,PLN
SO-2026-010421,2,2026-07-05,2026-07-09,PL-WEB-01,C021552,VM-EBK-0003,1,9253.61,0.0,PLN
SO-2026-010422,1,2026-07-05,2026-07-06,PL-WEB-01,C011661,VM-BIK-0019,1,1231.77,0.0,PLN
SO-2026-010422,2,2026-07-05,2026-07-06,PL-WEB-01,C011661,VM-BIK-0011,1,8805.69,0.0,PLN
SO-2026-010422,3,2026-07-05,2026-07-06,PL-WEB-01,C011661,VM-ACC-0003,1,295.21,0.0,PLN
SO-2026-010423,1,2026-07-05,2026-07-08,PL-WEB-01,C017840,vm-cmp-0020,3,264.67,0.05,PLN
SO-2026-010424,1,2026-07-05,2026-07-06,PL-WEB-01,C022929,VM-BIK-0012,3,12022.57,0.08,PLN
SO-2026-010424,2,2026-07-05,2026-07-06,PL-WEB-01,C022929,VM-ACC-0008,6,407.19,0.1,PLN
SO-2026-010425,1,2026-07-05,2026-07-08,PL-WEB-01,C022930,VM-CMP-0013,1,539.53,0.0,PLN
SO-2026-010425,2,2026-07-05,2026-07-08,PL-WEB-01,C022930,VM-ACC-0014,1,111.97,0.0,PLN
SO-2026-010425,3,2026-07-05,2026-07-08,PL-WEB-01,C022930,VM-ACC-0003,1,295.21,0.05,PLN
SO-2026-010426,1,2026-07-05,2026-07-09,PL-WEB-01,C013241,VM-APP-0017,1,193.41,0.0,PLN
SO-2026-010427,1,2026-07-05,2026-07-09,PL-WEB-01,C016322,VM-CMP-0006,8,203.59,0.12,PLN
SO-2026-010427,2,2026-07-05,2026-07-09,PL-WEB-01,C016322,VM-NUT-0002,60,15.26,0.1,PLN
SO-2026-010428,1,2026-07-05,2026-07-08,PL-WEB-01,C020843,VM-ACC-0014,1,111.97,0.0,PLN
SO-2026-010428,2,2026-07-05,2026-07-08,PL-WEB-01,C020843,VM-APP-0010,1,173.05,0.0,PLN
SO-2026-010428,3,2026-07-05,2026-07-08,PL-WEB-01,C020843,VM-CMP-0016,1,2504.27,0.0,PLN
SO-2026-010429,1,2026-07-05,2026-07-06,PL-WEB-01,C020018,VM-CMP-0013,1,539.53,0.0,PLN
SO-2026-010430,1,2026-07-05,2026-07-06,PL-WEB-01,C022215,VM-ACC-0018,3,50.89,0.0,PLN
SO-2026-010430,2,2026-07-05,2026-07-06,PL-WEB-01,C022215,VM-EBK-0009,1,10088.37,0.05,PLN
SO-2026-010431,1,2026-07-05,2026-07-07,PL-WEB-01,C022860,VM-ACC-0010,2,254.49,0.0,PLN
SO-2026-010431,2,2026-07-05,2026-07-07,PL-WEB-01,C022860,VM-ACC-0001,2,386.83,0.0,PLN
SO-2026-010431,3,2026-07-05,2026-07-07,PL-WEB-01,C022860,VM-NUT-0009,2,86.52,0.0,PLN
SO-2026-010431,4,2026-07-05,2026-07-07,PL-WEB-01,C022860,VM-NUT-0002,12,15.26,0.0,PLN
SO-2026-010432,1,2026-07-05,2026-07-06,PL-WEB-01,C002496,VM-CMP-0019,2,213.77,0.0,PLN
SO-2026-010432,2,2026-07-05,2026-07-06,PL-WEB-01,C002496,VM-APP-0013,1,447.91,0.0,PLN
SO-2026-010432,3,2026-07-05,2026-07-06,PL-WEB-01,C002496,VM-ACC-0002,2,620.97,0.0,PLN
SO-2026-010433,1,2026-07-05,2026-07-09,PL-WEB-01,C021235,VM-NUT-0004,10,7.12,0.0,PLN
SO-2026-010434,1,2026-07-05,2026-07-08,PL-MKT-01,C022189,VM-BIK-0003,1,6657.71,0.0,PLN
SO-2026-010435,1,2026-07-05,2026-07-08,PL-MKT-01,C021958,VM-APP-0008,2,162.87,0.0,PLN
SO-2026-010436,1,2026-07-05,2026-07-09,PL-MKT-01,C021668,VM-CMP-0003,1,244.31,0.0,PLN
SO-2026-010437,1,2026-07-05,2026-07-08,PL-MKT-01,C022931,VM-APP-0018,4,132.33,0.12,PLN
SO-2026-010438,1,2026-07-05,2026-07-08,PL-MKT-01,C018433,VM-ACC-0008,1,407.19,0.0,PLN
SO-2026-010439,1,2026-07-05,2026-07-05,CZ-PRG-01,C005477,VM-CMP-0017,1,2947.0,0.0,CZK
SO-2026-010440,1,2026-07-05,2026-07-05,CZ-BRN-01,C017133, VM-APP-0020 ,2,1061.0,0.0,CZK
SO-2026-010441,1,2026-07-05,2026-07-05,CZ-BRN-01,C022932,VM-ACC-0014,1,648.0,0.0,CZK
SO-2026-010441,2,2026-07-05,2026-07-05,CZ-BRN-01,C022932,VM-NUT-0006,5,59.0,0.0,CZK
SO-2026-010442,1,2026-07-05,2026-07-05,CZ-BRN-01,C020349,vm-nut-0002,12,88.0,0.0,CZK
SO-2026-010442,2,2026-07-05,2026-07-05,CZ-BRN-01,C020349,VM-CMP-0006,1,1179.0,0.0,CZK
SO-2026-010443,1,2026-07-05,2026-07-07,CZ-WEB-01,C020920,VM-ACC-0011,10,424.0,0.08,CZK
SO-2026-010443,2,2026-07-05,2026-07-07,CZ-WEB-01,C020920,VM-ACC-0017,12,342.0,0.12,CZK
SO-2026-010443,3,2026-07-05,2026-07-07,CZ-WEB-01,C020920,VM-EBK-0005,2,102861.0,0.1,CZK
SO-2026-010444,1,2026-07-05,2026-07-08,CZ-WEB-01,C003200,VM-EBK-0007,1,86651.0,0.0,CZK
SO-2026-010444,2,2026-07-05,2026-07-08,CZ-WEB-01,C003200,VM-NUT-0003,13,65.0,0.0,CZK
SO-2026-010445,1,2026-07-05,2026-07-07,CZ-WEB-01,C021160,VM-ACC-0017,3,342.0,0.0,CZK
SO-2026-010445,2,2026-07-05,2026-07-07,CZ-WEB-01,C021160,VM-BIK-0007,1,41557.0,0.0,CZK
SO-2026-010446,1,2026-07-05,2026-07-09,CZ-WEB-01,C022237,VM-APP-0002,2,2594.0,0.0,CZK
SO-2026-010446,2,2026-07-05,2026-07-09,CZ-WEB-01,C022237,VM-ACC-0002,2,3596.0,0.0,CZK
SO-2026-010447,1,2026-07-05,2026-07-09,CZ-WEB-01,C021057,VM-APP-0005,1,1061.0,0.0,CZK
SO-2026-010447,2,2026-07-05,2026-07-09,CZ-WEB-01,C021057,VM-EBK-0005,1,102861.0,0.0,CZK
SO-2026-010448,1,2026-07-05,2026-07-08,CZ-WEB-01,C019512,VM-CMP-0012,2,3183.0,0.0,CZK
SO-2026-010448,2,2026-07-05,2026-07-08,CZ-WEB-01,C019512,VM-BIK-0009,1,33246.0,0.0,CZK
SO-2026-010448,3,2026-07-05,2026-07-08,CZ-WEB-01,C019512,VM-CMP-0017,1,2947.0,0.0,CZK
SO-2026-010448,4,2026-07-05,2026-07-08,CZ-WEB-01,C019512,VM-APP-0013,1,2594.0,0.0,CZK
SO-2026-010449,1,2026-07-05,2026-07-08,CZ-WEB-01,C022235,VM-BIK-0007,1,41557.0,0.0,CZK
SO-2026-010450,1,2026-07-05,2026-07-07,CZ-WEB-01,C022933,VM-CMP-0008,1,2594.0,0.0,CZK
SO-2026-010451,1,2026-07-05,2026-07-07,DE-WEB-01,C022934,VM-EBK-0008,1,3616.38,0.0,EUR
SO-2026-010452,1,2026-07-05,2026-07-08,DE-WEB-01,C022935,VM-NUT-0003,14,2.63,0.0,EUR
SO-2026-010452,2,2026-07-05,2026-07-08,DE-WEB-01,C022935,VM-BIK-0009,1,1350.75,0.0,EUR
SO-2026-010453,1,2026-07-05,2026-07-08,DE-WEB-01,C021046,VM-CMP-0017,1,119.75,0.0,EUR
SO-2026-010453,2,2026-07-05,2026-07-08,DE-WEB-01,C021046,VM-APP-0010,2,40.71,0.0,EUR
SO-2026-010453,3,2026-07-05,2026-07-08,DE-WEB-01,C021046,VM-BIK-0001,1,3278.69,0.0,EUR
SO-2026-010454,1,2026-07-05,2026-07-09,DE-WEB-01,C022836,VM-NUT-0007,5,3.11,0.0,EUR
SO-2026-010454,2,2026-07-05,2026-07-09,DE-WEB-01,C022836,VM-BIK-0001,1,3278.69,0.0,EUR
SO-2026-010455,1,2026-07-05,2026-07-09,DE-WEB-01,C007320,VM-ACC-0001,1,91.01,0.0,EUR
SO-2026-010456,1,2026-07-05,2026-07-08,DE-WEB-01,C008872,VM-NUT-0009,2,20.35,0.0,EUR
SO-2026-010456,2,2026-07-05,2026-07-08,DE-WEB-01,C008872,VM-NUT-0007,6,3.11,0.0,EUR
SO-2026-010457,1,2026-07-05,2026-07-07,DE-WEB-01,C002829,VM-NUT-0002,9,3.59,0.0,EUR
SO-2026-010457,2,2026-07-05,2026-07-07,DE-WEB-01,C002829, VM-APP-0020 ,1,43.11,0.0,EUR
SO-2026-010458,1,2026-07-05,2026-07-06,DE-WEB-01,C022936,VM-NUT-0001,3,2.15,0.0,EUR
SO-2026-010458,2,2026-07-05,2026-07-06,DE-WEB-01,C022936,VM-APP-0011,2,98.19,0.0,EUR
SO-2026-010459,1,2026-07-05,2026-07-08,DE-WEB-01,C020207,VM-BIK-0007,1,1688.44,0.0,EUR
SO-2026-010459,2,2026-07-05,2026-07-08,DE-WEB-01,C020207,VM-ACC-0008,1,95.8,0.0,EUR
SO-2026-010459,3,2026-07-05,2026-07-08,DE-WEB-01,C020207,VM-BIK-0011,1,2071.63,0.0,EUR
SO-2026-010460,1,2026-07-06,2026-07-06,PL-WAW-01,C021495,VM-ACC-0003,1,295.21,0.0,PLN
SO-2026-010461,1,2026-07-06,2026-07-06,PL-WAW-01,C022275,VM-NUT-0002,7,15.26,0.0,PLN
SO-2026-010461,2,2026-07-06,2026-07-06,PL-WAW-01,C022275,VM-NUT-0009,4,86.52,0.0,PLN
SO-2026-010461,3,2026-07-06,2026-07-06,PL-WAW-01,C022275,VM-CMP-0013,1,539.53,0.0,PLN
SO-2026-010462,1,2026-07-06,2026-07-06,PL-WAW-01,,VM-CMP-0021,3,48.85,0.0,PLN
SO-2026-010462,2,2026-07-06,2026-07-06,PL-WAW-01,,VM-CMP-0015,2,936.55,0.0,PLN
SO-2026-010462,3,2026-07-06,2026-07-06,PL-WAW-01,,vm-nut-0004,15,7.12,0.0,PLN
SO-2026-010463,1,2026-07-06,2026-07-06,PL-WAW-01,C022937,VM-NUT-0009,2,86.52,0.0,PLN
SO-2026-010463,2,2026-07-06,2026-07-06,PL-WAW-01,C022937,VM-CMP-0013,2,539.53,0.0,PLN
SO-2026-010464,1,2026-07-06,2026-07-06,PL-WAW-01,C022938,VM-BIK-0003,1,6657.71,0.0,PLN
SO-2026-010464,2,2026-07-06,2026-07-06,PL-WAW-01,C022938,VM-ACC-0020,1,824.57,0.0,PLN
SO-2026-010465,1,2026-07-06,2026-07-06,PL-WAW-02,C022939,VM-CMP-0015,2,936.55,0.05,PLN
SO-2026-010465,2,2026-07-06,2026-07-06,PL-WAW-02,C022939,VM-EBK-0004,1,11279.43,0.05,PLN
SO-2026-010466,1,2026-07-06,2026-07-06,PL-WAW-02,,VM-EBK-0004,1,11279.43,0.0,PLN
SO-2026-010467,1,2026-07-06,2026-07-06,PL-WAW-02,C020712,VM-ACC-0018,1,50.89,0.0,PLN
SO-2026-010468,1,2026-07-06,2026-07-06,PL-KRK-01,,VM-NUT-0001,4,9.15,0.0,PLN
SO-2026-010469,1,2026-07-06,2026-07-06,PL-KRK-01,C016154,VM-BIK-0004,1,4346.85,0.05,PLN
SO-2026-010469,2,2026-07-06,2026-07-06,PL-KRK-01,C016154, VM-CMP-0017 ,2,508.99,0.05,PLN
SO-2026-010470,1,2026-07-06,2026-07-06,PL-KRK-01,C017795,VM-NUT-0007,7,13.22,0.0,PLN
SO-2026-010471,1,2026-07-06,2026-07-06,PL-WRO-01,,VM-APP-0007,2,162.87,0.0,PLN
SO-2026-010471,2,2026-07-06,2026-07-06,PL-WRO-01,,VM-NUT-0006,7,10.17,0.0,PLN
SO-2026-010471,3,2026-07-06,2026-07-06,PL-WRO-01,,VM-ACC-0018,2,50.89,0.0,PLN
SO-2026-010471,4,2026-07-06,2026-07-06,PL-WRO-01,,VM-NUT-0007,8,13.22,0.0,PLN
SO-2026-010472,1,2026-07-06,2026-07-10,PL-WEB-01,C022940,vm-app-0007,2,162.87,0.05,PLN
SO-2026-010472,2,2026-07-06,2026-07-10,PL-WEB-01,C022940,VM-EBK-0004,1,11279.43,0.05,PLN
SO-2026-010472,3,2026-07-06,2026-07-10,PL-WEB-01,C022940,VM-BIK-0012,1,12022.57,0.05,PLN
SO-2026-010473,1,2026-07-06,2026-07-10,PL-WEB-01,C017214,VM-EBK-0011,1,14903.51,0.05,PLN
SO-2026-010474,1,2026-07-06,2026-07-10,PL-WEB-01,C019578,VM-NUT-0008,4,10.17,0.0,PLN
SO-2026-010475,1,2026-07-06,2026-07-07,PL-WEB-01,C013454,VM-NUT-0008,32,10.17,0.1,PLN
SO-2026-010476,1,2026-07-06,2026-07-09,PL-WEB-01,C020454,VM-ACC-0018,3,50.89,0.0,PLN
SO-2026-010477,1,2026-07-06,2026-07-10,PL-WEB-01,C019426,VM-APP-0012,1,885.65,0.0,PLN
SO-2026-010477,2,2026-07-06,2026-07-10,PL-WEB-01,C019426,VM-APP-0009,2,356.29,0.0,PLN
SO-2026-010477,3,2026-07-06,2026-07-10,PL-WEB-01,C019426,VM-ACC-0022,1,1598.25,0.0,PLN
SO-2026-010478,1,2026-07-06,2026-07-08,PL-WEB-01,C022941,VM-APP-0002,2,447.91,0.05,PLN
SO-2026-010479,1,2026-07-06,2026-07-10,PL-WEB-01,C022942,VM-CMP-0002,1,570.07,0.05,PLN
SO-2026-010479,2,2026-07-06,2026-07-10,PL-WEB-01,C022942,VM-ACC-0018,2,50.89,0.05,PLN
SO-2026-010480,1,2026-07-06,2026-07-09,PL-WEB-01,C022943,VM-CMP-0014,2,437.73,0.0,PLN
SO-2026-010480,2,2026-07-06,2026-07-09,PL-WEB-01,C022943,VM-NUT-0004,14,7.12,0.0,PLN
SO-2026-010481,1,2026-07-06,2026-07-08,PL-WEB-01,C021903,VM-NUT-0008,6,10.17,0.0,PLN
SO-2026-010481,2,2026-07-06,2026-07-08,PL-WEB-01,C021903,VM-APP-0008,1,162.87,0.0,PLN
SO-2026-010482,1,2026-07-06,2026-07-09,PL-WEB-01,C022944,VM-ACC-0015,1,356.29,0.05,PLN
SO-2026-010482,2,2026-07-06,2026-07-09,PL-WEB-01,C022944,VM-CMP-0022,4,36.64,0.05,PLN
SO-2026-010482,3,2026-07-06,2026-07-09,PL-WEB-01,C022944,VM-APP-0020,2,183.23,0.05,PLN
SO-2026-010483,1,2026-07-06,2026-07-08,PL-WEB-01,C022945,VM-APP-0002,1,447.91,0.0,PLN
SO-2026-010483,2,2026-07-06,2026-07-08,PL-WEB-01,C022945,vm-nut-0009,4,86.52,0.0,PLN
SO-2026-010483,3,2026-07-06,2026-07-08,PL-WEB-01,C022945,VM-CMP-0001,1,407.19,0.0,PLN
SO-2026-010483,4,2026-07-06,2026-07-08,PL-WEB-01,C022945,VM-NUT-0004,11,7.12,0.0,PLN
SO-2026-010484,1,2026-07-06,2026-07-10,PL-WEB-01,C022946,VM-NUT-0004,12,7.12,0.0,PLN
SO-2026-010485,1,2026-07-06,2026-07-07,PL-WEB-01,C022867,VM-NUT-0001,10,9.15,0.0,PLN
SO-2026-010485,2,2026-07-06,2026-07-07,PL-WEB-01,C022867,VM-NUT-0009,4,86.52,0.0,PLN
SO-2026-010486,1,2026-07-06,2026-07-08,PL-WEB-01,C022947,VM-ACC-0007,1,366.47,0.0,PLN
SO-2026-010486,2,2026-07-06,2026-07-08,PL-WEB-01,C022947,VM-ACC-0008,2,407.19,0.0,PLN
SO-2026-010487,1,2026-07-06,2026-07-09,PL-WEB-01,C021677,VM-CMP-0021,3,48.85,0.0,PLN
SO-2026-010487,2,2026-07-06,2026-07-09,PL-WEB-01,C021677,VM-ACC-0017,3,59.03,0.0,PLN
SO-2026-010487,3,2026-07-06,2026-07-09,PL-WEB-01,C021677,VM-ACC-0014,1,111.97,0.0,PLN
SO-2026-010488,1,2026-07-06,2026-07-09,PL-WEB-01,C022948,VM-NUT-0003,13,11.19,0.0,PLN
SO-2026-010488,2,2026-07-06,2026-07-09,PL-WEB-01,C022948,VM-EBK-0011,1,14903.51,0.0,PLN
SO-2026-010488,3,2026-07-06,2026-07-09,PL-WEB-01,C022948,VM-EBK-0003,1,9253.61,0.0,PLN
SO-2026-010488,4,2026-07-06,2026-07-09,PL-WEB-01,C022948,VM-CMP-0001,2,407.19,0.0,PLN
SO-2026-010489,1,2026-07-06,2026-07-09,PL-WEB-01,C019861,VM-APP-0010,1,173.05,0.0,PLN
SO-2026-010490,1,2026-07-06,2026-07-08,PL-WEB-01,C022949,VM-APP-0020,2,183.23,0.0,PLN
SO-2026-010491,1,2026-07-06,2026-07-09,PL-WEB-01,C010706,VM-NUT-0004,15,7.12,0.0,PLN
SO-2026-010492,1,2026-07-06,2026-07-09,PL-WEB-01,C016823,VM-EBK-0006,1,20502.51,0.05,PLN
SO-2026-010493,1,2026-07-06,2026-07-07,PL-MKT-01,C022648,VM-CMP-0002,2,570.07,0.0,PLN
SO-2026-010494,1,2026-07-06,2026-07-07,PL-MKT-01,C011751,VM-ACC-0007,1,366.47,0.05,PLN
SO-2026-010495,1,2026-07-06,2026-07-07,PL-MKT-01,C022950,VM-BIK-0007,1,7176.89,0.0,PLN
SO-2026-010496,1,2026-07-06,2026-07-08,PL-MKT-01,C012797,VM-APP-0002,4,447.91,0.1,PLN
SO-2026-010497,1,2026-07-06,2026-07-09,PL-MKT-01,C018355,VM-ACC-0008,1,407.19,0.0,PLN
SO-2026-010497,2,2026-07-06,2026-07-09,PL-MKT-01,C018355,VM-APP-0002,2,447.91,0.0,PLN
SO-2026-010498,1,2026-07-06,2026-07-10,PL-MKT-01,C022951,VM-APP-0003,1,315.57,0.0,PLN
SO-2026-010498,2,2026-07-06,2026-07-10,PL-MKT-01,C022951,VM-APP-0020,1,183.23,0.05,PLN
SO-2026-010498,3,2026-07-06,2026-07-10,PL-MKT-01,C022951,VM-ACC-0008,1,407.19,0.0,PLN
SO-2026-010498,4,2026-07-06,2026-07-10,PL-MKT-01,C022951,VM-ACC-0018,1,50.89,0.0,PLN
SO-2026-010499,1,2026-07-06,2026-07-08,PL-MKT-01,C022952,VM-NUT-0008,9,10.17,0.0,PLN
SO-2026-010500,1,2026-07-06,2026-07-10,PL-MKT-01,C022581,VM-CMP-0013,1,539.53,0.0,PLN
SO-2026-010501,1,2026-07-06,2026-07-09,PL-MKT-01,C017620,VM-EBK-0011,1,14903.51,0.05,PLN
SO-2026-010501,2,2026-07-06,2026-07-09,PL-MKT-01,C017620,VM-CMP-0001,1,407.19,0.05,PLN
SO-2026-010501,3,2026-07-06,2026-07-09,PL-MKT-01,C017620,VM-NUT-0004,3,7.12,0.05,PLN
SO-2026-010502,1,2026-07-06,2026-07-10,PL-MKT-01,C022953,VM-EBK-0003,1,9253.61,0.0,PLN
SO-2026-010502,2,2026-07-06,2026-07-10,PL-MKT-01,C022953,VM-APP-0013,1,447.91,0.0,PLN
SO-2026-010503,1,2026-07-06,2026-07-06,CZ-PRG-01,C005786,VM-NUT-0003,12,65.0,0.05,CZK
SO-2026-010504,1,2026-07-06,2026-07-06,CZ-PRG-01,C022954,VM-ACC-0020,1,4775.0,0.0,CZK
SO-2026-010504,2,2026-07-06,2026-07-06,CZ-PRG-01,C022954,VM-APP-0018,2,766.0,0.0,CZK
SO-2026-010505,1,2026-07-06,2026-07-06,CZ-PRG-01,C022955,VM-CMP-0017,2,2947.0,0.05,CZK
SO-2026-010506,1,2026-07-06,2026-07-06,CZ-BRN-01,C021544,VM-ACC-0008,2,2358.0,0.0,CZK
SO-2026-010506,2,2026-07-06,2026-07-06,CZ-BRN-01,C021544,VM-NUT-0004,10,41.0,0.0,CZK
SO-2026-010506,3,2026-07-06,2026-07-06,CZ-BRN-01,C021544,VM-NUT-0007,7,77.0,0.0,CZK
SO-2026-010507,1,2026-07-06,2026-07-06,CZ-BRN-01,C002163,VM-APP-0009,2,2063.0,0.05,CZK
SO-2026-010508,1,2026-07-06,2026-07-07,CZ-WEB-01,C022600,VM-APP-0005,3,1061.0,0.0,CZK
SO-2026-010509,1,2026-07-06,2026-07-08,CZ-WEB-01,C018903,vm-nut-0004,4,41.0,0.0,CZK
SO-2026-010509,2,2026-07-06,2026-07-08,CZ-WEB-01,C018903,VM-NUT-0002,13,88.0,0.0,CZK
SO-2026-010509,3,2026-07-06,2026-07-08,CZ-WEB-01,C018903,VM-NUT-0001,12,53.0,0.0,CZK
SO-2026-010509,4,2026-07-06,2026-07-08,CZ-WEB-01,C018903,VM-NUT-0007,4,77.0,0.0,CZK
SO-2026-010510,1,2026-07-06,2026-07-10,CZ-WEB-01,C022932,VM-APP-0013,1,2594.0,0.0,CZK
SO-2026-010511,1,2026-07-06,2026-07-09,CZ-WEB-01,C020086,VM-APP-0005,3,1061.0,0.0,CZK
SO-2026-010511,2,2026-07-06,2026-07-09,CZ-WEB-01,C020086,VM-CMP-0013,2,3124.0,0.0,CZK
SO-2026-010511,3,2026-07-06,2026-07-09,CZ-WEB-01,C020086,VM-EBK-0011,1,86297.0,0.0,CZK
SO-2026-010512,1,2026-07-06,2026-07-07,CZ-WEB-01,C022956,VM-NUT-0008,5,59.0,0.05,CZK
SO-2026-010512,2,2026-07-06,2026-07-07,CZ-WEB-01,C022956,VM-ACC-0020,1,4775.0,0.05,CZK
SO-2026-010513,1,2026-07-06,2026-07-08,CZ-WEB-01,C010328,VM-NUT-0009,3,501.0,0.0,CZK
SO-2026-010513,2,2026-07-06,2026-07-08,CZ-WEB-01,C010328,VM-BIK-0012,1,69615.0,0.0,CZK
SO-2026-010514,1,2026-07-06,2026-07-09,CZ-WEB-01,C022957,VM-BIK-0013,1,28294.0,0.0,CZK
SO-2026-010514,2,2026-07-06,2026-07-09,CZ-WEB-01,C022957,VM-BIK-0019,1,7132.0,0.0,CZK
SO-2026-010514,3,2026-07-06,2026-07-09,CZ-WEB-01,C022957,VM-BIK-0014,1,22576.0,0.0,CZK
SO-2026-010514,4,2026-07-06,2026-07-09,CZ-WEB-01,C022957,VM-APP-0010,2,1002.0,0.0,CZK
SO-2026-010515,1,2026-07-06,2026-07-10,CZ-WEB-01,C022958,VM-APP-0005,2,1061.0,0.0,CZK
SO-2026-010516,1,2026-07-06,2026-07-06,DE-BER-01,,VM-APP-0012,1,208.36,0.0,EUR
SO-2026-010516,2,2026-07-06,2026-07-06,DE-BER-01,,VM-ACC-0001,2,91.01,0.0,EUR
SO-2026-010516,3,2026-07-06,2026-07-06,DE-BER-01,,VM-EBK-0003,1,2177.01,0.0,EUR
SO-2026-010517,1,2026-07-06,2026-07-06,DE-BER-01,,VM-BIK-0004,1,1022.64,0.0,EUR
SO-2026-010517,2,2026-07-06,2026-07-06,DE-BER-01,,VM-ACC-0018,2,11.97,0.0,EUR
SO-2026-010518,1,2026-07-06,2026-07-09,DE-WEB-01,C019930,VM-EBK-0006,1,4823.44,0.05,EUR
SO-2026-010519,1,2026-07-06,2026-07-08,DE-WEB-01,C016487,VM-BIK-0005,1,1774.66,0.05,EUR
SO-2026-010519,2,2026-07-06,2026-07-08,DE-WEB-01,C016487,VM-ACC-0010,2,59.87,0.05,EUR
SO-2026-010519,3,2026-07-06,2026-07-08,DE-WEB-01,C016487,VM-ACC-0008,1,95.8,0.05,EUR
SO-2026-010520,1,2026-07-06,2026-07-07,DE-WEB-01,C022959,VM-NUT-0001,6,2.15,0.0,EUR
SO-2026-010520,2,2026-07-06,2026-07-07,DE-WEB-01,C022959,VM-CMP-0019,1,50.29,0.0,EUR
SO-2026-010520,3,2026-07-06,2026-07-07,DE-WEB-01,C022959,VM-APP-0020,1,43.11,0.0,EUR
SO-2026-010521,1,2026-07-06,2026-07-09,DE-WEB-01,C021658,VM-CMP-0006,2,47.9,0.0,EUR
SO-2026-010522,1,2026-07-06,2026-07-10,DE-WEB-01,C019053,VM-BIK-0022,2,335.29,0.1,EUR
SO-2026-010523,1,2026-07-07,2026-07-07,PL-WAW-01,C022687,VM-EBK-0004,1,11279.43,0.0,PLN
SO-2026-010523,2,2026-07-07,2026-07-07,PL-WAW-01,C022687,VM-ACC-0017,3,59.03,0.0,PLN
SO-2026-010524,1,2026-07-07,2026-07-07,PL-WAW-01,C016067,VM-ACC-0014,1,111.97,0.0,PLN
SO-2026-010524,2,2026-07-07,2026-07-07,PL-WAW-01,C016067,VM-CMP-0006,1,203.59,0.0,PLN
SO-2026-010525,1,2026-07-07,2026-07-07,PL-WAW-01,C020761,VM-EBK-0003,1,9253.61,0.0,PLN
SO-2026-010526,1,2026-07-07,2026-07-07,PL-WAW-01,,VM-BIK-0012,1,12022.57,0.1,PLN
SO-2026-010526,2,2026-07-07,2026-07-07,PL-WAW-01,,VM-NUT-0004,4,7.12,0.0,PLN
SO-2026-010527,1,2026-07-07,2026-07-07,PL-WAW-01,,VM-EBK-0003,1,9253.61,0.0,PLN
SO-2026-010527,2,2026-07-07,2026-07-07,PL-WAW-01,,VM-ACC-0008,2,407.19,0.0,PLN
SO-2026-010528,1,2026-07-07,2026-07-07,PL-WAW-02,,VM-CMP-0013,1,539.53,0.0,PLN
SO-2026-010528,2,2026-07-07,2026-07-07,PL-WAW-02,,VM-EBK-0002,1,10129.09,0.0,PLN
SO-2026-010528,3,2026-07-07,2026-07-07,PL-WAW-02,,VM-ACC-0007,1,366.47,0.0,PLN
SO-2026-010529,1,2026-07-07,2026-07-07,PL-WAW-02,,VM-ACC-0014,1,111.97,0.0,PLN
SO-2026-010529,2,2026-07-07,2026-07-07,PL-WAW-02,,VM-APP-0003,3,315.57,0.0,PLN
SO-2026-010530,1,2026-07-07,2026-07-07,PL-KRK-01,,VM-BIK-0009,1,5741.51,0.0,PLN
SO-2026-010531,1,2026-07-07,2026-07-07,PL-KRK-01,C019489,VM-ACC-0011,1,73.29,0.0,PLN
SO-2026-010531,2,2026-07-07,2026-07-07,PL-KRK-01,C019489,VM-CMP-0005,1,1506.63,0.0,PLN
SO-2026-010531,3,2026-07-07,2026-07-07,PL-KRK-01,C019489,VM-CMP-0002,2,570.07,0.0,PLN
SO-2026-010531,4,2026-07-07,2026-07-07,PL-KRK-01,C019489,VM-ACC-0007,2,366.47,0.0,PLN
SO-2026-010532,1,2026-07-07,2026-07-07,PL-KRK-01,C022960,VM-NUT-0002,13,15.26,0.0,PLN
SO-2026-010533,1,2026-07-07,2026-07-07,PL-KRK-01,,VM-BIK-0022,1,1425.19,0.0,PLN
SO-2026-010533,2,2026-07-07,2026-07-07,PL-KRK-01,,VM-ACC-0007,2,366.47,0.0,PLN
SO-2026-010533,3,2026-07-07,2026-07-07,PL-KRK-01,,VM-ACC-0014,1,111.97,0.0,PLN
SO-2026-010533,4,2026-07-07,2026-07-07,PL-KRK-01,,VM-ACC-0002,1,620.97,0.0,PLN
SO-2026-010534,1,2026-07-07,2026-07-07,PL-KRK-01,,VM-EBK-0004,1,11279.43,0.0,PLN
SO-2026-010535,1,2026-07-07,2026-07-07,PL-KRK-01,C022372,VM-CMP-0008,1,447.91,0.0,PLN
SO-2026-010536,1,2026-07-07,2026-07-07,PL-GDN-01,C022961,VM-APP-0018,2,132.33,0.0,PLN
SO-2026-010537,1,2026-07-07,2026-07-07,PL-GDN-01,C012027,VM-BIK-0013,1,4886.39,0.05,PLN
SO-2026-010538,1,2026-07-07,2026-07-07,PL-POZ-01,C022118,VM-ACC-0014,1,111.97,0.0,PLN
SO-2026-010538,2,2026-07-07,2026-07-07,PL-POZ-01,C022118,VM-APP-0015,1,580.25,0.0,PLN
SO-2026-010539,1,2026-07-07,2026-07-07,PL-LDZ-01,C022817,VM-ACC-0008,2,407.19,0.0,PLN
SO-2026-010539,2,2026-07-07,2026-07-07,PL-LDZ-01,C022817,VM-NUT-0002,4,15.26,0.0,PLN
SO-2026-010540,1,2026-07-07,2026-07-07,PL-LDZ-01,,VM-APP-0018,2,132.33,0.0,PLN
SO-2026-010540,2,2026-07-07,2026-07-07,PL-LDZ-01,,VM-APP-0008,1,162.87,0.0,PLN
SO-2026-010540,3,2026-07-07,2026-07-07,PL-LDZ-01,,vm-cmp-0008,1,447.91,0.0,PLN
SO-2026-010541,1,2026-07-07,2026-07-07,PL-LDZ-01,C017019,VM-EBK-0005,1,17764.09,0.0,PLN
SO-2026-010542,1,2026-07-07,2026-07-10,PL-WEB-01,C022962,VM-ACC-0008,2,407.19,0.0,PLN
SO-2026-010542,2,2026-07-07,2026-07-10,PL-WEB-01,C022962,VM-CMP-0013,2,539.53,0.0,PLN
SO-2026-010542,3,2026-07-07,2026-07-10,PL-WEB-01,C022962,VM-APP-0009,2,356.29,0.0,PLN
SO-2026-010542,4,2026-07-07,2026-07-10,PL-WEB-01,C022962,VM-ACC-0014,1,111.97,0.0,PLN
SO-2026-010543,1,2026-07-07,2026-07-11,PL-WEB-01,C022963,VM-ACC-0013,1,173.05,0.0,PLN
SO-2026-010543,2,2026-07-07,2026-07-11,PL-WEB-01,C022963,VM-NUT-0004,6,7.12,0.0,PLN
SO-2026-010544,1,2026-07-07,2026-07-11,PL-WEB-01,C008709,VM-ACC-0007,2,366.47,0.05,PLN
SO-2026-010544,2,2026-07-07,2026-07-11,PL-WEB-01,C008709,VM-ACC-0008,1,407.19,0.05,PLN
SO-2026-010545,1,2026-07-07,2026-07-11,PL-WEB-01,C021335,VM-ACC-0004,1,794.03,0.0,PLN
SO-2026-010545,2,2026-07-07,2026-07-11,PL-WEB-01,C021335,VM-NUT-0002,5,15.26,0.0,PLN
SO-2026-010546,1,2026-07-07,2026-07-10,PL-WEB-01,C011764,VM-NUT-0002,5,15.26,0.05,PLN
SO-2026-010547,1,2026-07-07,2026-07-08,PL-WEB-01,C018156,VM-BIK-0012,1,12022.57,0.0,PLN
SO-2026-010548,1,2026-07-07,2026-07-09,PL-WEB-01,C022964,VM-CMP-0006,2,203.59,0.0,PLN
SO-2026-010549,1,2026-07-07,2026-07-08,PL-WEB-01,C022965,VM-BIK-0019,1,1231.77,0.0,PLN
SO-2026-010549,2,2026-07-07,2026-07-08,PL-WEB-01,C022965,VM-BIK-0017,1,1944.37,0.0,PLN
SO-2026-010550,1,2026-07-07,2026-07-09,PL-WEB-01,C016263,VM-APP-0010,1,173.05,0.0,PLN
SO-2026-010551,1,2026-07-07,2026-07-10,PL-WEB-01,C000587,VM-NUT-0008,10,10.17,0.0,PLN
SO-2026-010551,2,2026-07-07,2026-07-10,PL-WEB-01,C000587,VM-BIK-0022,1,1425.19,0.0,PLN
SO-2026-010551,3,2026-07-07,2026-07-10,PL-WEB-01,C000587,VM-APP-0020,2,183.23,0.0,PLN
SO-2026-010551,4,2026-07-07,2026-07-10,PL-WEB-01,C000587,VM-NUT-0009,4,86.52,0.05,PLN
SO-2026-010552,1,2026-07-07,2026-07-10,PL-WEB-01,C015183,vm-acc-0020,1,824.57,0.0,PLN
SO-2026-010552,2,2026-07-07,2026-07-10,PL-WEB-01,C015183,VM-ACC-0007,1,366.47,0.0,PLN
SO-2026-010553,1,2026-07-07,2026-07-09,PL-WEB-01,C018729,VM-BIK-0004,1,4346.85,0.0,PLN
SO-2026-010553,2,2026-07-07,2026-07-09,PL-WEB-01,C018729,VM-ACC-0001,1,386.83,0.0,PLN
SO-2026-010553,3,2026-07-07,2026-07-09,PL-WEB-01,C018729,VM-ACC-0003,1,295.21,0.0,PLN
SO-2026-010553,4,2026-07-07,2026-07-09,PL-WEB-01,C018729,VM-APP-0002,2,447.91,0.0,PLN
SO-2026-010554,1,2026-07-07,2026-07-11,PL-MKT-01,C019806,VM-APP-0010,2,173.05,0.0,PLN
SO-2026-010555,1,2026-07-07,2026-07-08,PL-MKT-01,C022942,VM-NUT-0006,9,10.17,0.05,PLN
SO-2026-010556,1,2026-07-07,2026-07-08,PL-MKT-01,C022966,VM-EBK-0004,1,11279.43,0.0,PLN
SO-2026-010556,2,2026-07-07,2026-07-08,PL-MKT-01,C022966,VM-ACC-0007,2,366.47,0.0,PLN
SO-2026-010556,3,2026-07-07,2026-07-08,PL-MKT-01,C022966,VM-APP-0012,1,885.65,0.0,PLN
SO-2026-010557,1,2026-07-07,2026-07-11,PL-MKT-01,C018272,vm-acc-0021,1,794.03,0.0,PLN
SO-2026-010558,1,2026-07-07,2026-07-08,PL-MKT-01,C020240,VM-CMP-0013,1,539.53,0.0,PLN
SO-2026-010559,1,2026-07-07,2026-07-08,PL-MKT-01,C022967,VM-EBK-0003,4,9253.61,0.12,PLN
SO-2026-010560,1,2026-07-07,2026-07-09,PL-MKT-01,C022940,VM-BIK-0022,1,1425.19,0.05,PLN
SO-2026-010561,1,2026-07-07,2026-07-09,PL-MKT-01,C022968,VM-BIK-0013,1,4886.39,0.0,PLN
SO-2026-010562,1,2026-07-07,2026-07-09,PL-MKT-01,C022969,VM-NUT-0006,11,10.17,0.0,PLN
SO-2026-010563,1,2026-07-07,2026-07-08,PL-MKT-01,C017796,VM-EBK-0011,1,14903.51,0.05,PLN
SO-2026-010563,2,2026-07-07,2026-07-08,PL-MKT-01,C017796,VM-ACC-0006,1,967.09,0.05,PLN
SO-2026-010563,3,2026-07-07,2026-07-08,PL-MKT-01,C017796,VM-CMP-0008,2,447.91,0.05,PLN
SO-2026-010564,1,2026-07-07,2026-07-11,PL-MKT-01,C019631,VM-NUT-0011,4,54.96,0.1,PLN
SO-2026-010564,2,2026-07-07,2026-07-11,PL-MKT-01,C019631,VM-ACC-0020,4,824.57,0.1,PLN
SO-2026-010564,3,2026-07-07,2026-07-11,PL-MKT-01,C019631,VM-ACC-0021,3,794.03,0.12,PLN
SO-2026-010564,4,2026-07-07,2026-07-11,PL-MKT-01,C019631,VM-APP-0020,4,183.23,0.08,PLN
SO-2026-010565,1,2026-07-07,2026-07-10,PL-MKT-01,C020444,VM-EBK-0002,1,10129.09,0.05,PLN
SO-2026-010565,2,2026-07-07,2026-07-10,PL-MKT-01,C020444,VM-ACC-0008,1,407.19,0.05,PLN
SO-2026-010566,1,2026-07-07,2026-07-10,PL-MKT-01,C020883,VM-ACC-0008,1,407.19,0.0,PLN
SO-2026-010566,2,2026-07-07,2026-07-10,PL-MKT-01,C020883,VM-ACC-0014,1,111.97,0.0,PLN
SO-2026-010567,1,2026-07-07,2026-07-09,PL-MKT-01,C022970,VM-ACC-0008,1,407.19,0.0,PLN
SO-2026-010568,1,2026-07-07,2026-07-08,PL-MKT-01,C014454,VM-NUT-0009,1,86.52,0.0,PLN
SO-2026-010569,1,2026-07-07,2026-07-11,PL-MKT-01,C019242,VM-NUT-0006,7,10.17,0.0,PLN
SO-2026-010569,2,2026-07-07,2026-07-11,PL-MKT-01,C019242,VM-APP-0008,2,162.87,0.0,PLN
SO-2026-010570,1,2026-07-07,2026-07-08,PL-MKT-01,C017214,VM-CMP-0016,1,2504.27,0.05,PLN
SO-2026-010571,1,2026-07-07,2026-07-07,CZ-PRG-01,,vm-acc-0010,2,1474.0,0.0,CZK
SO-2026-010572,1,2026-07-07,2026-07-07,CZ-PRG-01,C017237,VM-ACC-0021,1,4598.0,0.0,CZK
SO-2026-010573,1,2026-07-07,2026-07-07,CZ-PRG-01,C022971,VM-CMP-0015,1,5423.0,0.0,CZK
SO-2026-010573,2,2026-07-07,2026-07-07,CZ-PRG-01,C022971,VM-CMP-0013,1,3124.0,0.0,CZK
SO-2026-010573,3,2026-07-07,2026-07-07,CZ-PRG-01,C022971,VM-BIK-0011,1,50988.0,0.0,CZK
SO-2026-010574,1,2026-07-07,2026-07-07,CZ-BRN-01,,VM-APP-0006,3,1827.0,0.0,CZK
SO-2026-010575,1,2026-07-07,2026-07-11,CZ-WEB-01,C022972,VM-NUT-0009,4,501.0,0.0,CZK
SO-2026-010576,1,2026-07-07,2026-07-11,CZ-WEB-01,C010746,VM-EBK-0003,1,53582.0,0.0,CZK
SO-2026-010576,2,2026-07-07,2026-07-11,CZ-WEB-01,C010746,VM-ACC-0019,3,295.0,0.0,CZK
SO-2026-010577,1,2026-07-07,2026-07-09,CZ-WEB-01,C020733,VM-NUT-0011,2,318.0,0.05,CZK
SO-2026-010577,2,2026-07-07,2026-07-09,CZ-WEB-01,C020733,VM-BIK-0003,1,38551.0,0.05,CZK
SO-2026-010578,1,2026-07-07,2026-07-10,CZ-WEB-01,C010764,VM-ACC-0008,1,2358.0,0.0,CZK
SO-2026-010579,1,2026-07-07,2026-07-10,CZ-WEB-01,C019575,VM-CMP-0003,2,1415.0,0.05,CZK
SO-2026-010580,1,2026-07-07,2026-07-07,DE-BER-01,C022973,VM-NUT-0008,4,2.39,0.0,EUR
SO-2026-010581,1,2026-07-07,2026-07-11,DE-WEB-01,C022974,VM-NUT-0001,7,2.15,0.0,EUR
SO-2026-010581,2,2026-07-07,2026-07-11,DE-WEB-01,C022974,VM-BIK-0016,1,859.79,0.0,EUR
SO-2026-010581,3,2026-07-07,2026-07-11,DE-WEB-01,C022974,VM-EBK-0007,1,3520.58,0.0,EUR
SO-2026-010582,1,2026-07-08,2026-07-08,PL-WAW-01,,VM-ACC-0021,1,794.03,0.0,PLN
SO-2026-010582,2,2026-07-08,2026-07-08,PL-WAW-01,,VM-NUT-0008,6,10.17,0.0,PLN
SO-2026-010582,3,2026-07-08,2026-07-08,PL-WAW-01,,VM-CMP-0009,1,356.29,0.0,PLN
SO-2026-010583,1,2026-07-08,2026-07-08,PL-WAW-01,C017774,VM-NUT-0001,13,9.15,0.0,PLN
SO-2026-010583,2,2026-07-08,2026-07-08,PL-WAW-01,C017774,VM-ACC-0018,1,50.89,0.0,PLN
SO-2026-010583,3,2026-07-08,2026-07-08,PL-WAW-01,C017774,VM-CMP-0002,2,570.07,0.0,PLN
SO-2026-010584,1,2026-07-08,2026-07-08,PL-WAW-01,,VM-BIK-0020,1,1231.77,0.05,PLN
SO-2026-010584,2,2026-07-08,2026-07-08,PL-WAW-01,,VM-ACC-0003,2,295.21,0.0,PLN
SO-2026-010585,1,2026-07-08,2026-07-08,PL-WAW-01,C019340,VM-ACC-0017,3,59.03,0.0,PLN
SO-2026-010586,1,2026-07-08,2026-07-08,PL-WAW-01,C020223,VM-ACC-0007,1,366.47,0.1,PLN
SO-2026-010586,2,2026-07-08,2026-07-08,PL-WAW-01,C020223,VM-CMP-0009,2,356.29,0.0,PLN
SO-2026-010586,3,2026-07-08,2026-07-08,PL-WAW-01,C020223,VM-NUT-0008,7,10.17,0.0,PLN
SO-2026-010587,1,2026-07-08,2026-07-08,PL-WAW-01,,VM-BIK-0004,1,4346.85,0.0,PLN
SO-2026-010587,2,2026-07-08,2026-07-08,PL-WAW-01,,VM-ACC-0014,1,111.97,0.0,PLN
SO-2026-010588,1,2026-07-08,2026-07-08,PL-WAW-01,C022975,VM-BIK-0004,1,4346.85,0.0,PLN
SO-2026-010588,2,2026-07-08,2026-07-08,PL-WAW-01,C022975,VM-APP-0018,2,132.33,0.0,PLN
SO-2026-010588,3,2026-07-08,2026-07-08,PL-WAW-01,C022975,VM-EBK-0008,1,15371.79,0.0,PLN
SO-2026-010589,1,2026-07-08,2026-07-08,PL-WAW-01,,VM-EBK-0003,1,9253.61,0.0,PLN
SO-2026-010589,2,2026-07-08,2026-07-08,PL-WAW-01,,VM-APP-0015,1,580.25,0.0,PLN
SO-2026-010590,1,2026-07-08,2026-07-08,PL-WAW-01,C022976,vm-bik-0017,1,1944.37,0.0,PLN
SO-2026-010590,2,2026-07-08,2026-07-08,PL-WAW-01,C022976,VM-ACC-0007,1,366.47,0.0,PLN
SO-2026-010590,3,2026-07-08,2026-07-08,PL-WAW-01,C022976,VM-NUT-0007,12,13.22,0.0,PLN
SO-2026-010591,1,2026-07-08,2026-07-08,PL-WAW-01,C022977,VM-APP-0010,1,173.05,0.0,PLN
SO-2026-010592,1,2026-07-08,2026-07-08,PL-WAW-02,C013650,VM-APP-0006,3,315.57,0.05,PLN
SO-2026-010593,1,2026-07-08,2026-07-08,PL-WAW-02,C022978,VM-APP-0010,1,173.05,0.0,PLN
SO-2026-010594,1,2026-07-08,2026-07-08,PL-WAW-02,C018214,VM-NUT-0001,6,9.15,0.05,PLN
SO-2026-010594,2,2026-07-08,2026-07-08,PL-WAW-02,C018214,VM-ACC-0003,1,295.21,0.05,PLN
SO-2026-010594,3,2026-07-08,2026-07-08,PL-WAW-02,C018214,VM-APP-0007,2,162.87,0.05,PLN
SO-2026-010594,4,2026-07-08,2026-07-08,PL-WAW-02,C018214,VM-BIK-0013,1,4886.39,0.05,PLN
SO-2026-010595,1,2026-07-08,2026-07-08,PL-WAW-02,,VM-NUT-0003,10,11.19,0.0,PLN
SO-2026-010596,1,2026-07-08,2026-07-08,PL-KRK-01,C018338,VM-CMP-0005,1,1506.63,0.0,PLN
SO-2026-010596,2,2026-07-08,2026-07-08,PL-KRK-01,C018338,VM-APP-0018,1,132.33,0.0,PLN
SO-2026-010597,1,2026-07-08,2026-07-08,PL-KRK-01,C020925,VM-CMP-0013,1,539.53,0.0,PLN
SO-2026-010598,1,2026-07-08,2026-07-08,PL-KRK-01,C022534,VM-BIK-0007,1,7176.89,0.0,PLN
SO-2026-010599,1,2026-07-08,2026-07-08,PL-KRK-01,C010863,VM-ACC-0008,2,407.19,0.05,PLN
SO-2026-010600,1,2026-07-08,2026-07-08,PL-KRK-01,,VM-ACC-0004,2,794.03,0.0,PLN
SO-2026-010600,2,2026-07-08,2026-07-08,PL-KRK-01,,VM-ACC-0023,1,946.73,0.0,PLN
SO-2026-010601,1,2026-07-08,2026-07-08,PL-KRK-01,C022979,VM-EBK-0003,1,9253.61,0.0,PLN
SO-2026-010602,1,2026-07-08,2026-07-08,PL-WRO-01,C021899,VM-APP-0006,2,315.57,0.05,PLN
SO-2026-010603,1,2026-07-08,2026-07-08,PL-WRO-01,C019354,VM-ACC-0018,1,50.89,0.0,PLN
SO-2026-010604,1,2026-07-08,2026-07-08,PL-WRO-01,C005111,VM-BIK-0016,1,3654.61,0.05,PLN
SO-2026-010604,2,2026-07-08,2026-07-08,PL-WRO-01,C005111,VM-APP-0005,1,183.23,0.05,PLN
SO-2026-010605,1,2026-07-08,2026-07-08,PL-WRO-01,,VM-ACC-0007,1,366.47,0.0,PLN
SO-2026-010606,1,2026-07-08,2026-07-08,PL-GDN-01,C013833,VM-APP-0002,2,447.91,0.0,PLN
SO-2026-010606,2,2026-07-08,2026-07-08,PL-GDN-01,C013833,VM-NUT-0003,9,11.19,0.0,PLN
SO-2026-010607,1,2026-07-08,2026-07-08,PL-GDN-01,,VM-BIK-0019,1,1231.77,0.0,PLN
SO-2026-010607,2,2026-07-08,2026-07-08,PL-GDN-01,,VM-NUT-0002,8,15.26,0.0,PLN
SO-2026-010607,3,2026-07-08,2026-07-08,PL-GDN-01,,VM-ACC-0008,1,407.19,0.0,PLN
SO-2026-010608,1,2026-07-08,2026-07-08,PL-GDN-01,C014643,VM-BIK-0001,3,13936.41,0.12,PLN
SO-2026-010609,1,2026-07-08,2026-07-08,PL-GDN-01,C020444, VM-NUT-0008 ,11,10.17,0.05,PLN
SO-2026-010609,2,2026-07-08,2026-07-08,PL-GDN-01,C020444,VM-ACC-0020,1,824.57,0.05,PLN
SO-2026-010609,3,2026-07-08,2026-07-08,PL-GDN-01,C020444,VM-APP-0002,2,447.91,0.05,PLN
SO-2026-010610,1,2026-07-08,2026-07-08,PL-GDN-01,C022980,VM-BIK-0009,1,5741.51,0.0,PLN
SO-2026-010611,1,2026-07-08,2026-07-08,PL-POZ-01,,VM-NUT-0006,4,10.17,0.0,PLN
SO-2026-010612,1,2026-07-08,2026-07-08,PL-LDZ-01,C019195,VM-ACC-0012,1,73.29,0.0,PLN
SO-2026-010612,2,2026-07-08,2026-07-08,PL-LDZ-01,C019195,vm-nut-0003,6,11.19,0.0,PLN
SO-2026-010613,1,2026-07-08,2026-07-08,PL-LDZ-01,,VM-BIK-0021,1,1272.49,0.0,PLN
SO-2026-010613,2,2026-07-08,2026-07-08,PL-LDZ-01,,VM-ACC-0013,1,173.05,0.0,PLN
SO-2026-010613,3,2026-07-08,2026-07-08,PL-LDZ-01,,VM-ACC-0019,2,50.89,0.0,PLN
SO-2026-010614,1,2026-07-08,2026-07-09,PL-WEB-01,C009182, VM-ACC-0008 ,1,407.19,0.0,PLN
SO-2026-010614,2,2026-07-08,2026-07-09,PL-WEB-01,C009182,VM-ACC-0011,2,73.29,0.0,PLN
SO-2026-010615,1,2026-07-08,2026-07-09,PL-WEB-01,C014515,VM-ACC-0021,5,794.03,0.08,PLN
SO-2026-010616,1,2026-07-08,2026-07-10,PL-WEB-01,C022312,VM-CMP-0002,1,570.07,0.05,PLN
SO-2026-010616,2,2026-07-08,2026-07-10,PL-WEB-01,C022312,vm-bik-0012,1,12022.57,0.05,PLN
SO-2026-010617,1,2026-07-08,2026-07-10,PL-WEB-01,C022981,VM-APP-0010,2,173.05,0.0,PLN
SO-2026-010617,2,2026-07-08,2026-07-10,PL-WEB-01,C022981,VM-BIK-0019,1,1231.77,0.1,PLN
SO-2026-010618,1,2026-07-08,2026-07-12,PL-WEB-01,C014383,VM-APP-0002,2,447.91,0.0,PLN
SO-2026-010619,1,2026-07-08,2026-07-12,PL-WEB-01,C022982,VM-NUT-0006,3,10.17,0.0,PLN
SO-2026-010620,1,2026-07-08,2026-07-11,PL-WEB-01,C019614,VM-ACC-0001,4,386.83,0.1,PLN
SO-2026-010620,2,2026-07-08,2026-07-11,PL-WEB-01,C019614,VM-CMP-0018,4,63.11,0.1,PLN
SO-2026-010621,1,2026-07-08,2026-07-12,PL-WEB-01,C008250,VM-ACC-0002,1,620.97,0.0,PLN
SO-2026-010621,2,2026-07-08,2026-07-12,PL-WEB-01,C008250,VM-ACC-0014,1,111.97,0.0,PLN
SO-2026-010621,3,2026-07-08,2026-07-12,PL-WEB-01,C008250,VM-BIK-0013,1,4886.39,0.0,PLN
SO-2026-010622,1,2026-07-08,2026-07-12,PL-WEB-01,C019203,VM-BIK-0014,1,3898.93,0.0,PLN
SO-2026-010623,1,2026-07-08,2026-07-12,PL-WEB-01,C022983,VM-APP-0005,2,183.23,0.0,PLN
SO-2026-010624,1,2026-07-08,2026-07-10,PL-WEB-01,C022984,VM-BIK-0009,1,5741.51,0.0,PLN
SO-2026-010625,1,2026-07-08,2026-07-10,PL-WEB-01,C021188,VM-ACC-0003,2,295.21,0.0,PLN
SO-2026-010625,2,2026-07-08,2026-07-10,PL-WEB-01,C021188,VM-BIK-0013,1,4886.39,0.0,PLN
SO-2026-010626,1,2026-07-08,2026-07-11,PL-WEB-01,C005111,VM-ACC-0014,1,111.97,0.05,PLN
SO-2026-010627,1,2026-07-08,2026-07-10,PL-WEB-01,C020557,VM-CMP-0002,1,570.07,0.0,PLN
SO-2026-010627,2,2026-07-08,2026-07-10,PL-WEB-01,C020557,VM-APP-0013,1,447.91,0.0,PLN
SO-2026-010627,3,2026-07-08,2026-07-10,PL-WEB-01,C020557,VM-ACC-0008,2,407.19,0.0,PLN
SO-2026-010628,1,2026-07-08,2026-07-09,PL-WEB-01,C022985,VM-NUT-0008,48,10.17,0.1,PLN
SO-2026-010629,1,2026-07-08,2026-07-09,PL-WEB-01,C021780,VM-BIK-0001,1,13936.41,0.0,PLN
SO-2026-010630,1,2026-07-08,2026-07-11,PL-WEB-01,C017473,VM-NUT-0006,10,10.17,0.0,PLN
SO-2026-010630,2,2026-07-08,2026-07-11,PL-WEB-01,C017473,VM-CMP-0023,1,60.05,0.0,PLN
SO-2026-010631,1,2026-07-08,2026-07-10,PL-MKT-01,C019186,VM-NUT-0007,9,13.22,0.0,PLN
SO-2026-010632,1,2026-07-08,2026-07-11,PL-MKT-01,C017507,VM-EBK-0007,1,14964.59,0.0,PLN
SO-2026-010633,1,2026-07-08,2026-07-12,PL-MKT-01,C018428,VM-CMP-0015,1,936.55,0.0,PLN
SO-2026-010633,2,2026-07-08,2026-07-12,PL-MKT-01,C018428,VM-EBK-0011,1,14903.51,0.0,PLN
SO-2026-010633,3,2026-07-08,2026-07-12,PL-MKT-01,C018428,VM-NUT-0001,7,9.15,0.0,PLN
SO-2026-010634,1,2026-07-08,2026-07-11,PL-MKT-01,C022986,VM-ACC-0017,1,59.03,0.0,PLN
SO-2026-010635,1,2026-07-08,2026-07-11,PL-MKT-01,C020841,VM-CMP-0017,2,508.99,0.0,PLN
SO-2026-010636,1,2026-07-08,2026-07-08,CZ-PRG-01,C019716,VM-NUT-0004,15,41.0,0.0,CZK
SO-2026-010636,2,2026-07-08,2026-07-08,CZ-PRG-01,C019716,VM-CMP-0006,1,1179.0,0.0,CZK
SO-2026-010636,3,2026-07-08,2026-07-08,CZ-PRG-01,C019716,VM-ACC-0007,2,2122.0,0.0,CZK
SO-2026-010637,1,2026-07-08,2026-07-08,CZ-BRN-01,C022987,VM-NUT-0001,14,53.0,0.05,CZK
SO-2026-010638,1,2026-07-08,2026-07-10,CZ-WEB-01,C022988,VM-EBK-0003,1,53582.0,0.0,CZK
SO-2026-010638,2,2026-07-08,2026-07-10,CZ-WEB-01,C022988,VM-ACC-0010,1,1474.0,0.0,CZK
SO-2026-010639,1,2026-07-08,2026-07-11,CZ-WEB-01,C022989,VM-APP-0007,2,943.0,0.0,CZK
SO-2026-010640,1,2026-07-08,2026-07-09,CZ-WEB-01,C007960,VM-NUT-0002,14,88.0,0.0,CZK
SO-2026-010640,2,2026-07-08,2026-07-09,CZ-WEB-01,C007960,VM-APP-0006,2,1827.0,0.0,CZK
SO-2026-010640,3,2026-07-08,2026-07-09,CZ-WEB-01,C007960,VM-EBK-0002,1,58651.0,0.0,CZK
SO-2026-010641,1,2026-07-08,2026-07-11,CZ-WEB-01,C007859,VM-BIK-0013,1,28294.0,0.05,CZK
SO-2026-010641,2,2026-07-08,2026-07-11,CZ-WEB-01,C007859,VM-ACC-0008,1,2358.0,0.05,CZK
SO-2026-010641,3,2026-07-08,2026-07-11,CZ-WEB-01,C007859,VM-ACC-0002,2,3596.0,0.05,CZK
SO-2026-010642,1,2026-07-08,2026-07-10,CZ-WEB-01,C014208,VM-ACC-0018,4,295.0,0.1,CZK
SO-2026-010643,1,2026-07-08,2026-07-11,CZ-WEB-01,C022990,VM-EBK-0002,1,58651.0,0.05,CZK
SO-2026-010643,2,2026-07-08,2026-07-11,CZ-WEB-01,C022990,VM-APP-0002,3,2594.0,0.05,CZK
SO-2026-010643,3,2026-07-08,2026-07-11,CZ-WEB-01,C022990,VM-ACC-0007,1,2122.0,0.05,CZK
SO-2026-010643,4,2026-07-08,2026-07-11,CZ-WEB-01,C022990,VM-ACC-0023,1,5482.0,0.05,CZK
SO-2026-010644,1,2026-07-08,2026-07-08,DE-BER-01,,VM-APP-0013,1,105.38,0.0,EUR
SO-2026-010645,1,2026-07-08,2026-07-08,DE-BER-01,C022991,VM-APP-0003,2,74.24,0.0,EUR
SO-2026-010646,1,2026-07-08,2026-07-08,DE-BER-01,,VM-ACC-0003,2,69.45,0.05,EUR
SO-2026-010646,2,2026-07-08,2026-07-08,DE-BER-01,,VM-BIK-0020,1,289.79,0.0,EUR
SO-2026-010646,3,2026-07-08,2026-07-08,DE-BER-01,,VM-NUT-0001,13,2.15,0.0,EUR
SO-2026-010647,1,2026-07-08,2026-07-08,DE-BER-01,,VM-EBK-0004,1,2653.61,0.0,EUR
SO-2026-010647,2,2026-07-08,2026-07-08,DE-BER-01,,VM-ACC-0004,1,186.8,0.0,EUR
SO-2026-010648,1,2026-07-08,2026-07-08,DE-BER-01,C022992,VM-ACC-0008,1,95.8,0.0,EUR
SO-2026-010648,2,2026-07-08,2026-07-08,DE-BER-01,C022992,VM-EBK-0007,1,3520.58,0.0,EUR
SO-2026-010649,1,2026-07-08,2026-07-10,DE-WEB-01,C018962,VM-ACC-0014,1,26.34,0.0,EUR
SO-2026-010650,1,2026-07-08,2026-07-10,DE-WEB-01,C005988,VM-BIK-0001,1,3278.69,0.0,EUR
SO-2026-010650,2,2026-07-08,2026-07-10,DE-WEB-01,C005988,VM-EBK-0005,1,4179.2,0.0,EUR
SO-2026-010651,1,2026-07-09,2026-07-09,PL-WAW-01,,VM-CMP-0023,1,60.05,0.0,PLN
SO-2026-010652,1,2026-07-09,2026-07-09,PL-WAW-01,C022993,VM-NUT-0008,8,10.17,0.0,PLN
SO-2026-010652,2,2026-07-09,2026-07-09,PL-WAW-01,C022993,VM-ACC-0007,1,366.47,0.0,PLN
SO-2026-010653,1,2026-07-09,2026-07-09,PL-WAW-01,C015820,VM-ACC-0008,1,407.19,0.0,PLN
SO-2026-010653,2,2026-07-09,2026-07-09,PL-WAW-01,C015820,VM-BIK-0020,1,1231.77,0.0,PLN
SO-2026-010653,3,2026-07-09,2026-07-09,PL-WAW-01,C015820,VM-BIK-0012,1,12022.57,0.0,PLN
SO-2026-010654,1,2026-07-09,2026-07-09,PL-WAW-01,,VM-NUT-0011,2,54.96,0.0,PLN
SO-2026-010655,1,2026-07-09,2026-07-09,PL-WAW-01,,VM-NUT-0011,1,54.96,0.0,PLN
SO-2026-010656,1,2026-07-09,2026-07-09,PL-WAW-01,C022633,VM-CMP-0016,2,2504.27,0.05,PLN
SO-2026-010656,2,2026-07-09,2026-07-09,PL-WAW-01,C022633,VM-BIK-0005,1,7543.37,0.05,PLN
SO-2026-010657,1,2026-07-09,2026-07-09,PL-WAW-01,C022994,VM-EBK-0002,1,10129.09,0.0,PLN
SO-2026-010658,1,2026-07-09,2026-07-09,PL-WAW-01,C009067,VM-CMP-0017,2,508.99,0.05,PLN
SO-2026-010658,2,2026-07-09,2026-07-09,PL-WAW-01,C009067,VM-EBK-0010,1,13732.81,0.05,PLN
SO-2026-010659,1,2026-07-09,2026-07-09,PL-WAW-01,C020447,VM-NUT-0003,4,11.19,0.0,PLN
SO-2026-010660,1,2026-07-09,2026-07-09,PL-WAW-01,,VM-APP-0002,3,447.91,0.0,PLN
SO-2026-010661,1,2026-07-09,2026-07-09,PL-WAW-01,C022995,VM-BIK-0009,1,5741.51,0.0,PLN
SO-2026-010662,1,2026-07-09,2026-07-09,PL-WAW-02,C016885,VM-BIK-0016,1,3654.61,0.05,PLN
SO-2026-010662,2,2026-07-09,2026-07-09,PL-WAW-02,C016885,VM-ACC-0008,2,407.19,0.05,PLN
SO-2026-010663,1,2026-07-09,2026-07-09,PL-WAW-02,C012471,VM-APP-0003,3,315.57,0.0,PLN
SO-2026-010663,2,2026-07-09,2026-07-09,PL-WAW-02,C012471,VM-NUT-0004,10,7.12,0.0,PLN
SO-2026-010664,1,2026-07-09,2026-07-09,PL-WAW-02,C019791,VM-ACC-0008,1,407.19,0.0,PLN
SO-2026-010664,2,2026-07-09,2026-07-09,PL-WAW-02,C019791,VM-ACC-0005,2,183.23,0.0,PLN
SO-2026-010665,1,2026-07-09,2026-07-09,PL-KRK-01,C012981,VM-BIK-0019,1,1231.77,0.1,PLN
SO-2026-010665,2,2026-07-09,2026-07-09,PL-KRK-01,C012981,VM-APP-0006,1,315.57,0.05,PLN
SO-2026-010665,3,2026-07-09,2026-07-09,PL-KRK-01,C012981,VM-CMP-0018,3,63.11,0.05,PLN
SO-2026-010665,4,2026-07-09,2026-07-09,PL-KRK-01,C012981,VM-APP-0012,1,885.65,0.05,PLN
SO-2026-010666,1,2026-07-09,2026-07-09,PL-KRK-01,C019217,VM-CMP-0017,2,508.99,0.05,PLN
SO-2026-010666,2,2026-07-09,2026-07-09,PL-KRK-01,C019217,VM-ACC-0005,2,183.23,0.05,PLN
SO-2026-010666,3,2026-07-09,2026-07-09,PL-KRK-01,C019217,VM-CMP-0012,2,549.71,0.05,PLN
SO-2026-010667,1,2026-07-09,2026-07-09,PL-KRK-01,C010096,VM-NUT-0004,15,7.12,0.0,PLN
SO-2026-010668,1,2026-07-09,2026-07-09,PL-WRO-01,C022698,VM-ACC-0008,2,407.19,0.0,PLN
SO-2026-010669,1,2026-07-09,2026-07-09,PL-WRO-01,C022996,VM-NUT-0002,8,15.26,0.0,PLN
SO-2026-010669,2,2026-07-09,2026-07-09,PL-WRO-01,C022996,VM-ACC-0020,1,824.57,0.05,PLN
SO-2026-010670,1,2026-07-09,2026-07-09,PL-WRO-01,C022997,VM-APP-0007,1,162.87,0.0,PLN
SO-2026-010670,2,2026-07-09,2026-07-09,PL-WRO-01,C022997,vm-app-0006,1,315.57,0.0,PLN
SO-2026-010670,3,2026-07-09,2026-07-09,PL-WRO-01,C022997,VM-CMP-0009,2,356.29,0.0,PLN
SO-2026-010671,1,2026-07-09,2026-07-09,PL-WRO-01,C012631,VM-APP-0008,1,162.87,0.0,PLN
SO-2026-010672,1,2026-07-09,2026-07-09,PL-WRO-01,C022998,VM-ACC-0008,2,407.19,0.0,PLN
SO-2026-010672,2,2026-07-09,2026-07-09,PL-WRO-01,C022998,VM-BIK-0007,1,7176.89,0.0,PLN
SO-2026-010673,1,2026-07-09,2026-07-09,PL-WRO-01,,VM-CMP-0013,2,539.53,0.0,PLN
SO-2026-010674,1,2026-07-09,2026-07-09,PL-GDN-01,C022023,VM-BIK-0007,1,7176.89,0.0,PLN
SO-2026-010675,1,2026-07-09,2026-07-09,PL-GDN-01,C020018,VM-ACC-0011,1,73.29,0.0,PLN
SO-2026-010676,1,2026-07-09,2026-07-09,PL-POZ-01,C020925,VM-APP-0007,2,162.87,0.0,PLN
SO-2026-010677,1,2026-07-09,2026-07-09,PL-POZ-01,C022999,VM-NUT-0006,9,10.17,0.0,PLN
SO-2026-010677,2,2026-07-09,2026-07-09,PL-POZ-01,C022999,VM-BIK-0003,1,6657.71,0.0,PLN
SO-2026-010678,1,2026-07-09,2026-07-09,PL-POZ-01,C021802,VM-BIK-0009,1,5741.51,0.05,PLN
SO-2026-010678,2,2026-07-09,2026-07-09,PL-POZ-01,C021802,VM-ACC-0016,1,29.51,0.05,PLN
SO-2026-010679,1,2026-07-09,2026-07-09,PL-POZ-01,C022735,VM-ACC-0023,1,946.73,0.05,PLN
SO-2026-010680,1,2026-07-09,2026-07-09,PL-POZ-01,C019831,VM-ACC-0021,1,794.03,0.0,PLN
SO-2026-010681,1,2026-07-09,2026-07-09,PL-LDZ-01,C016743, VM-NUT-0008 ,7,10.17,0.0,PLN
SO-2026-010682,1,2026-07-09,2026-07-09,PL-LDZ-01,C021700,VM-APP-0008,2,162.87,0.0,PLN
SO-2026-010683,1,2026-07-09,2026-07-09,PL-LDZ-01,,VM-CMP-0009,1,356.29,0.0,PLN
SO-2026-010683,2,2026-07-09,2026-07-09,PL-LDZ-01,,VM-CMP-0013,1,539.53,0.0,PLN
SO-2026-010684,1,2026-07-09,2026-07-09,PL-LDZ-01,C023000,VM-EBK-0003,1,9253.61,0.05,PLN
SO-2026-010685,1,2026-07-09,2026-07-09,PL-LDZ-01,C023001,VM-CMP-0011,2,162.87,0.0,PLN
SO-2026-010686,1,2026-07-09,2026-07-10,PL-WEB-01,C022125,VM-BIK-0002,1,9803.33,0.05,PLN
SO-2026-010687,1,2026-07-09,2026-07-12,PL-WEB-01,C023002,VM-NUT-0003,8,11.19,0.0,PLN
SO-2026-010688,1,2026-07-09,2026-07-10,PL-WEB-01,C015921,VM-NUT-0003,10,11.19,0.0,PLN
SO-2026-010689,1,2026-07-09,2026-07-10,PL-WEB-01,C019056,VM-EBK-0004,1,11279.43,0.0,PLN
SO-2026-010690,1,2026-07-09,2026-07-11,PL-WEB-01,C006506,VM-EBK-0009,5,10088.37,0.12,PLN
SO-2026-010691,1,2026-07-09,2026-07-12,PL-WEB-01,C019632,VM-EBK-0004,1,11279.43,0.0,PLN
SO-2026-010692,1,2026-07-09,2026-07-12,PL-WEB-01,C023003,VM-NUT-0008,11,10.17,0.0,PLN
SO-2026-010693,1,2026-07-09,2026-07-12,PL-WEB-01,C023004,VM-CMP-0005,2,1506.63,0.0,PLN
SO-2026-010694,1,2026-07-09,2026-07-11,PL-WEB-01,C023005,VM-NUT-0008,10,10.17,0.0,PLN
SO-2026-010695,1,2026-07-09,2026-07-11,PL-WEB-01,C019018,VM-ACC-0021,1,794.03,0.0,PLN
SO-2026-010696,1,2026-07-09,2026-07-12,PL-WEB-01,C013337,VM-APP-0017,2,193.41,0.0,PLN
SO-2026-010696,2,2026-07-09,2026-07-12,PL-WEB-01,C013337,VM-ACC-0018,3,50.89,0.0,PLN
SO-2026-010697,1,2026-07-09,2026-07-12,PL-WEB-01,C023006,VM-BIK-0008,1,5405.57,0.0,PLN
SO-2026-010698,1,2026-07-09,2026-07-12,PL-WEB-01,C018041,VM-APP-0012,1,885.65,0.0,PLN
SO-2026-010698,2,2026-07-09,2026-07-12,PL-WEB-01,C018041,VM-ACC-0007,2,366.47,0.0,PLN
SO-2026-010698,3,2026-07-09,2026-07-12,PL-WEB-01,C018041,VM-NUT-0006,4,10.17,0.0,PLN
SO-2026-010698,4,2026-07-09,2026-07-12,PL-WEB-01,C018041,VM-EBK-0009,1,10088.37,0.0,PLN
SO-2026-010699,1,2026-07-09,2026-07-12,PL-WEB-01,C023007,VM-ACC-0012,1,73.29,0.0,PLN
SO-2026-010700,1,2026-07-09,2026-07-12,PL-MKT-01,C022358,VM-BIK-0008,1,5405.57,0.0,PLN
SO-2026-010700,2,2026-07-09,2026-07-12,PL-MKT-01,C022358,VM-ACC-0011,1,73.29,0.0,PLN
SO-2026-010701,1,2026-07-09,2026-07-10,PL-MKT-01,C020493,VM-ACC-0016,2,29.51,0.0,PLN
SO-2026-010701,2,2026-07-09,2026-07-10,PL-MKT-01,C020493,VM-APP-0017,2,193.41,0.0,PLN
SO-2026-010702,1,2026-07-09,2026-07-13,PL-MKT-01,C023008,VM-APP-0020,1,183.23,0.0,PLN
SO-2026-010702,2,2026-07-09,2026-07-13,PL-MKT-01,C023008,VM-EBK-0006,1,20502.51,0.0,PLN
SO-2026-010703,1,2026-07-09,2026-07-13,PL-MKT-01,C020676,VM-ACC-0008,2,407.19,0.0,PLN
SO-2026-010703,2,2026-07-09,2026-07-13,PL-MKT-01,C020676,VM-NUT-0002,10,15.26,0.0,PLN
SO-2026-010704,1,2026-07-09,2026-07-11,PL-MKT-01,C017796,VM-CMP-0013,1,539.53,0.05,PLN
SO-2026-010704,2,2026-07-09,2026-07-11,PL-MKT-01,C017796,VM-BIK-0022,1,1425.19,0.05,PLN
SO-2026-010704,3,2026-07-09,2026-07-11,PL-MKT-01,C017796,VM-ACC-0008,1,407.19,0.05,PLN
SO-2026-010704,4,2026-07-09,2026-07-11,PL-MKT-01,C017796,VM-CMP-0005,2,1506.63,0.05,PLN
SO-2026-010705,1,2026-07-09,2026-07-09,CZ-PRG-01,,VM-EBK-0005,1,102861.0,0.0,CZK
SO-2026-010705,2,2026-07-09,2026-07-09,CZ-PRG-01,,VM-ACC-0016,3,171.0,0.0,CZK
SO-2026-010706,1,2026-07-09,2026-07-09,CZ-PRG-01,C020733,VM-CMP-0008,1,2594.0,0.05,CZK
SO-2026-010707,1,2026-07-09,2026-07-09,CZ-PRG-01,C023009,VM-CMP-0008,1,2594.0,0.0,CZK
SO-2026-010707,2,2026-07-09,2026-07-09,CZ-PRG-01,C023009,VM-APP-0002,2,2594.0,0.0,CZK
SO-2026-010708,1,2026-07-09,2026-07-09,CZ-BRN-01,,VM-NUT-0002,13,88.0,0.0,CZK
SO-2026-010708,2,2026-07-09,2026-07-09,CZ-BRN-01,,VM-BIK-0006,1,38845.0,0.0,CZK
SO-2026-010708,3,2026-07-09,2026-07-09,CZ-BRN-01,,VM-ACC-0008,1,2358.0,0.05,CZK
SO-2026-010708,4,2026-07-09,2026-07-09,CZ-BRN-01,,VM-CMP-0002,2,3301.0,0.0,CZK
SO-2026-010709,1,2026-07-09,2026-07-09,CZ-BRN-01,,VM-ACC-0002,1,3596.0,0.0,CZK
SO-2026-010709,2,2026-07-09,2026-07-09,CZ-BRN-01,,VM-ACC-0014,1,648.0,0.0,CZK
SO-2026-010709,3,2026-07-09,2026-07-09,CZ-BRN-01,,VM-BIK-0001,1,80697.0,0.0,CZK
SO-2026-010710,1,2026-07-09,2026-07-09,CZ-BRN-01,C001863,VM-CMP-0005,6,8724.0,0.08,CZK
SO-2026-010711,1,2026-07-09,2026-07-12,CZ-WEB-01,C021965,VM-BIK-0001,1,80697.0,0.05,CZK
SO-2026-010712,1,2026-07-09,2026-07-11,CZ-WEB-01,C011717,VM-BIK-0015,1,18214.0,0.0,CZK
SO-2026-010712,2,2026-07-09,2026-07-11,CZ-WEB-01,C011717,VM-ACC-0008,2,2358.0,0.0,CZK
SO-2026-010713,1,2026-07-09,2026-07-13,CZ-WEB-01,C021402,VM-BIK-0012,1,69615.0,0.0,CZK
SO-2026-010713,2,2026-07-09,2026-07-13,CZ-WEB-01,C021402,VM-ACC-0007,2,2122.0,0.0,CZK
SO-2026-010714,1,2026-07-09,2026-07-09,DE-BER-01,,VM-NUT-0009,3,20.35,0.0,EUR
SO-2026-010714,2,2026-07-09,2026-07-09,DE-BER-01,,VM-CMP-0002,2,134.12,0.1,EUR
SO-2026-010714,3,2026-07-09,2026-07-09,DE-BER-01,,VM-ACC-0008,1,95.8,0.0,EUR
SO-2026-010714,4,2026-07-09,2026-07-09,DE-BER-01,,VM-BIK-0009,1,1350.75,0.0,EUR
SO-2026-010715,1,2026-07-09,2026-07-09,DE-BER-01,,VM-BIK-0017,1,457.43,0.0,EUR
SO-2026-010715,2,2026-07-09,2026-07-09,DE-BER-01,,VM-NUT-0008,7,2.39,0.0,EUR
SO-2026-010716,1,2026-07-09,2026-07-09,DE-BER-01,C013601,VM-APP-0002,2,105.38,0.0,EUR
SO-2026-010717,1,2026-07-09,2026-07-09,DE-BER-01,C021799,vm-ebk-0011,1,3506.21,0.0,EUR
SO-2026-010718,1,2026-07-09,2026-07-11,DE-WEB-01,C022285,VM-ACC-0018,2,11.97,0.0,EUR
SO-2026-010718,2,2026-07-09,2026-07-11,DE-WEB-01,C022285,VM-ACC-0020,1,193.99,0.0,EUR
SO-2026-010719,1,2026-07-09,2026-07-11,DE-WEB-01,C023010,VM-CMP-0016,1,589.16,0.0,EUR
SO-2026-010719,2,2026-07-09,2026-07-11,DE-WEB-01,C023010,VM-APP-0020,1,43.11,0.0,EUR
SO-2026-010719,3,2026-07-09,2026-07-11,DE-WEB-01,C023010,VM-APP-0008,2,38.32,0.0,EUR
SO-2026-010720,1,2026-07-09,2026-07-13,DE-WEB-01,C015917,VM-ACC-0021,4,186.8,0.12,EUR
SO-2026-010721,1,2026-07-09,2026-07-12,DE-WEB-01,C004396,VM-ACC-0008,2,95.8,0.12,EUR
SO-2026-010722,1,2026-07-10,2026-07-10,PL-WAW-01,C023011,VM-NUT-0004,6,7.12,0.0,PLN
SO-2026-010723,1,2026-07-10,2026-07-10,PL-WAW-01,C016364,VM-EBK-0004,1,11279.43,0.0,PLN
SO-2026-010723,2,2026-07-10,2026-07-10,PL-WAW-01,C016364,VM-NUT-0011,1,54.96,0.0,PLN
SO-2026-010723,3,2026-07-10,2026-07-10,PL-WAW-01,C016364,VM-ACC-0003,2,295.21,0.0,PLN
SO-2026-010724,1,2026-07-10,2026-07-10,PL-WAW-01,C021747,VM-APP-0010,2,173.05,0.0,PLN
SO-2026-010724,2,2026-07-10,2026-07-10,PL-WAW-01,C021747,VM-NUT-0006,5,10.17,0.0,PLN
SO-2026-010724,3,2026-07-10,2026-07-10,PL-WAW-01,C021747,VM-APP-0006,2,315.57,0.0,PLN
SO-2026-010725,1,2026-07-10,2026-07-10,PL-WAW-01,,VM-ACC-0017,2,59.03,0.0,PLN
SO-2026-010725,2,2026-07-10,2026-07-10,PL-WAW-01,,VM-ACC-0021,1,794.03,0.0,PLN
SO-2026-010726,1,2026-07-10,2026-07-10,PL-WAW-01,C018241,VM-EBK-0005,1,17764.09,0.0,PLN
SO-2026-010727,1,2026-07-10,2026-07-10,PL-WAW-01,,VM-CMP-0016,2,2504.27,0.0,PLN
SO-2026-010728,1,2026-07-10,2026-07-10,PL-WAW-01,C023012,VM-BIK-0003,1,6657.71,0.0,PLN
SO-2026-010729,1,2026-07-10,2026-07-10,PL-WAW-01,C023013,VM-CMP-0005,1,1506.63,0.0,PLN
SO-2026-010729,2,2026-07-10,2026-07-10,PL-WAW-01,C023013,VM-BIK-0004,1,4346.85,0.0,PLN
SO-2026-010729,3,2026-07-10,2026-07-10,PL-WAW-01,C023013,VM-ACC-0004,1,794.03,0.0,PLN
SO-2026-010730,1,2026-07-10,2026-07-10,PL-WAW-02,C007259,VM-CMP-0004,2,732.95,0.05,PLN
SO-2026-010730,2,2026-07-10,2026-07-10,PL-WAW-02,C007259,VM-EBK-0008,1,15371.79,0.05,PLN
SO-2026-010731,1,2026-07-10,2026-07-10,PL-KRK-01,C020782,VM-NUT-0002,8,15.26,0.0,PLN
SO-2026-010731,2,2026-07-10,2026-07-10,PL-KRK-01,C020782,VM-ACC-0008,2,407.19,0.0,PLN
SO-2026-010732,1,2026-07-10,2026-07-10,PL-KRK-01,,VM-CMP-0013,1,539.53,0.0,PLN
SO-2026-010733,1,2026-07-10,2026-07-10,PL-KRK-01,,VM-NUT-0009,2,86.52,0.0,PLN
SO-2026-010734,1,2026-07-10,2026-07-10,PL-KRK-01,C000989,VM-CMP-0002,2,570.07,0.0,PLN
SO-2026-010735,1,2026-07-10,2026-07-10,PL-KRK-01,C022478,VM-APP-0006,2,315.57,0.0,PLN
SO-2026-010735,2,2026-07-10,2026-07-10,PL-KRK-01,C022478,VM-NUT-0001,12,9.15,0.0,PLN
SO-2026-010736,1,2026-07-10,2026-07-10,PL-KRK-01,,VM-CMP-0006,2,203.59,0.0,PLN
SO-2026-010736,2,2026-07-10,2026-07-10,PL-KRK-01,,VM-CMP-0005,2,1506.63,0.0,PLN
SO-2026-010736,3,2026-07-10,2026-07-10,PL-KRK-01,,VM-ACC-0016,2,29.51,0.0,PLN
SO-2026-010736,4,2026-07-10,2026-07-10,PL-KRK-01,,VM-ACC-0014,1,111.97,0.0,PLN
SO-2026-010737,1,2026-07-10,2026-07-10,PL-WRO-01,C021903,VM-APP-0002,1,447.91,0.0,PLN
SO-2026-010737,2,2026-07-10,2026-07-10,PL-WRO-01,C021903,VM-ACC-0020,1,824.57,0.0,PLN
SO-2026-010738,1,2026-07-10,2026-07-10,PL-WRO-01,,VM-EBK-0003,1,9253.61,0.0,PLN
SO-2026-010738,2,2026-07-10,2026-07-10,PL-WRO-01,,VM-BIK-0004,1,4346.85,0.0,PLN
SO-2026-010739,1,2026-07-10,2026-07-10,PL-WRO-01,C020673,VM-NUT-0004,8,7.12,0.05,PLN
SO-2026-010739,2,2026-07-10,2026-07-10,PL-WRO-01,C020673,VM-NUT-0006,4,10.17,0.05,PLN
SO-2026-010739,3,2026-07-10,2026-07-10,PL-WRO-01,C020673,VM-BIK-0012,1,12022.57,0.05,PLN
SO-2026-010740,1,2026-07-10,2026-07-10,PL-WRO-01,C015888,VM-CMP-0014,5,437.73,0.08,PLN
SO-2026-010741,1,2026-07-10,2026-07-10,PL-WRO-01,C023014,VM-CMP-0011,1,162.87,0.0,PLN
SO-2026-010741,2,2026-07-10,2026-07-10,PL-WRO-01,C023014,VM-APP-0006,1,315.57,0.0,PLN
SO-2026-010741,3,2026-07-10,2026-07-10,PL-WRO-01,C023014,VM-EBK-0009,1,10088.37,0.0,PLN
SO-2026-010741,4,2026-07-10,2026-07-10,PL-WRO-01,C023014,VM-ACC-0004,1,794.03,0.0,PLN
SO-2026-010742,1,2026-07-10,2026-07-10,PL-WRO-01,C019553,VM-CMP-0012,4,549.71,0.12,PLN
SO-2026-010742,2,2026-07-10,2026-07-10,PL-WRO-01,C019553,VM-CMP-0013,5,539.53,0.08,PLN
SO-2026-010743,1,2026-07-10,2026-07-10,PL-GDN-01,,VM-ACC-0008,2,407.19,0.0,PLN
SO-2026-010744,1,2026-07-10,2026-07-10,PL-GDN-01,,VM-BIK-0017,1,1944.37,0.0,PLN
SO-2026-010745,1,2026-07-10,2026-07-10,PL-POZ-01,C006856,VM-CMP-0018,3,63.11,0.0,PLN
SO-2026-010746,1,2026-07-10,2026-07-10,PL-POZ-01,,VM-BIK-0007,1,7176.89,0.0,PLN
SO-2026-010746,2,2026-07-10,2026-07-10,PL-POZ-01,,VM-APP-0002,1,447.91,0.0,PLN
SO-2026-010747,1,2026-07-10,2026-07-10,PL-POZ-01,C023015,VM-EBK-0002,1,10129.09,0.0,PLN
SO-2026-010747,2,2026-07-10,2026-07-10,PL-POZ-01,C023015,VM-BIK-0014,1,3898.93,0.0,PLN
SO-2026-010748,1,2026-07-10,2026-07-10,PL-LDZ-01,C023016,VM-NUT-0007,12,13.22,0.05,PLN
SO-2026-010748,2,2026-07-10,2026-07-10,PL-LDZ-01,C023016,VM-NUT-0011,4,54.96,0.0,PLN
SO-2026-010749,1,2026-07-10,2026-07-10,PL-LDZ-01,,VM-CMP-0006,1,203.59,0.0,PLN
SO-2026-010749,2,2026-07-10,2026-07-10,PL-LDZ-01,,VM-BIK-0016,1,3654.61,0.0,PLN
SO-2026-010750,1,2026-07-10,2026-07-10,PL-LDZ-01,C014805,VM-BIK-0007,1,7176.89,0.0,PLN
SO-2026-010751,1,2026-07-10,2026-07-10,PL-LDZ-01,C020147,VM-CMP-0017,2,508.99,0.05,PLN
SO-2026-010752,1,2026-07-10,2026-07-13,PL-WEB-01,C023017,vm-ebk-0007,1,14964.59,0.0,PLN
SO-2026-010752,2,2026-07-10,2026-07-13,PL-WEB-01,C023017,VM-ACC-0003,2,295.21,0.0,PLN
SO-2026-010753,1,2026-07-10,2026-07-14,PL-WEB-01,C023018,VM-APP-0010,1,173.05,0.0,PLN
SO-2026-010754,1,2026-07-10,2026-07-12,PL-WEB-01,C021258,VM-BIK-0012,5,12022.57,0.08,PLN
SO-2026-010755,1,2026-07-10,2026-07-12,PL-WEB-01,C016033,VM-APP-0014,1,498.81,0.0,PLN
SO-2026-010755,2,2026-07-10,2026-07-12,PL-WEB-01,C016033,VM-APP-0013,1,447.91,0.0,PLN
SO-2026-010755,3,2026-07-10,2026-07-12,PL-WEB-01,C016033,VM-CMP-0019,1,213.77,0.0,PLN
SO-2026-010755,4,2026-07-10,2026-07-12,PL-WEB-01,C016033,vm-acc-0008,1,407.19,0.0,PLN
SO-2026-010756,1,2026-07-10,2026-07-13,PL-WEB-01,C019596,VM-NUT-0007,9,13.22,0.0,PLN
SO-2026-010757,1,2026-07-10,2026-07-14,PL-WEB-01,C023019,VM-APP-0006,3,315.57,0.0,PLN
SO-2026-010757,2,2026-07-10,2026-07-14,PL-WEB-01,C023019,VM-ACC-0008,2,407.19,0.0,PLN
SO-2026-010757,3,2026-07-10,2026-07-14,PL-WEB-01,C023019,VM-BIK-0019,1,1231.77,0.0,PLN
SO-2026-010757,4,2026-07-10,2026-07-14,PL-WEB-01,C023019,VM-CMP-0009,1,356.29,0.0,PLN
SO-2026-010758,1,2026-07-10,2026-07-14,PL-WEB-01,C018206,VM-BIK-0014,1,3898.93,0.0,PLN
SO-2026-010759,1,2026-07-10,2026-07-12,PL-WEB-01,C022940,VM-CMP-0006,1,203.59,0.05,PLN
SO-2026-010759,2,2026-07-10,2026-07-12,PL-WEB-01,C022940,VM-BIK-0007,1,7176.89,0.05,PLN
SO-2026-010760,1,2026-07-10,2026-07-14,PL-WEB-01,C023020,VM-ACC-0014,1,111.97,0.0,PLN
SO-2026-010761,1,2026-07-10,2026-07-13,PL-WEB-01,C006572,VM-EBK-0003,5,9253.61,0.08,PLN
SO-2026-010761,2,2026-07-10,2026-07-13,PL-WEB-01,C006572,VM-NUT-0008,27,10.17,0.08,PLN
SO-2026-010761,3,2026-07-10,2026-07-13,PL-WEB-01,C006572,VM-ACC-0010,8,254.49,0.12,PLN
SO-2026-010761,4,2026-07-10,2026-07-13,PL-WEB-01,C006572,VM-ACC-0014,2,111.97,0.12,PLN
SO-2026-010762,1,2026-07-10,2026-07-13,PL-WEB-01,C022160,VM-APP-0014,1,498.81,0.0,PLN
SO-2026-010763,1,2026-07-10,2026-07-13,PL-WEB-01,C021645,VM-ACC-0014,1,111.97,0.0,PLN
SO-2026-010764,1,2026-07-10,2026-07-12,PL-WEB-01,C023021,VM-ACC-0004,1,794.03,0.0,PLN
SO-2026-010764,2,2026-07-10,2026-07-12,PL-WEB-01,C023021,VM-BIK-0007,1,7176.89,0.0,PLN
SO-2026-010764,3,2026-07-10,2026-07-12,PL-WEB-01,C023021,VM-BIK-0002,1,9803.33,0.0,PLN
SO-2026-010765,1,2026-07-10,2026-07-14,PL-WEB-01,C023022,VM-CMP-0004,1,732.95,0.0,PLN
SO-2026-010766,1,2026-07-10,2026-07-11,PL-WEB-01,C023023,VM-NUT-0004,14,7.12,0.05,PLN
SO-2026-010767,1,2026-07-10,2026-07-13,PL-WEB-01,C013042,VM-ACC-0008,1,407.19,0.05,PLN
SO-2026-010767,2,2026-07-10,2026-07-13,PL-WEB-01,C013042,VM-APP-0002,2,447.91,0.05,PLN
SO-2026-010768,1,2026-07-10,2026-07-14,PL-WEB-01,C023024,VM-CMP-0019,1,213.77,0.0,PLN
SO-2026-010768,2,2026-07-10,2026-07-14,PL-WEB-01,C023024,VM-ACC-0002,2,620.97,0.0,PLN
SO-2026-010768,3,2026-07-10,2026-07-14,PL-WEB-01,C023024,VM-APP-0008,2,162.87,0.0,PLN
SO-2026-010769,1,2026-07-10,2026-07-11,PL-WEB-01,C007009,VM-CMP-0005,1,1506.63,0.0,PLN
SO-2026-010770,1,2026-07-10,2026-07-11,PL-WEB-01,C017283,VM-NUT-0001,8,9.15,0.0,PLN
SO-2026-010770,2,2026-07-10,2026-07-11,PL-WEB-01,C017283,VM-APP-0011,2,417.37,0.0,PLN
SO-2026-010771,1,2026-07-10,2026-07-11,PL-MKT-01,C016931,VM-ACC-0021,1,794.03,0.0,PLN
SO-2026-010772,1,2026-07-10,2026-07-13,PL-MKT-01,C021887,VM-EBK-0007,1,14964.59,0.05,PLN
SO-2026-010772,2,2026-07-10,2026-07-13,PL-MKT-01,C021887,VM-ACC-0007,1,366.47,0.05,PLN
SO-2026-010772,3,2026-07-10,2026-07-13,PL-MKT-01,C021887,VM-ACC-0014,1,111.97,0.05,PLN
SO-2026-010773,1,2026-07-10,2026-07-11,PL-MKT-01,C015191,VM-APP-0020,1,183.23,0.0,PLN
SO-2026-010773,2,2026-07-10,2026-07-11,PL-MKT-01,C015191,VM-BIK-0015,1,3145.61,0.0,PLN
SO-2026-010774,1,2026-07-10,2026-07-11,PL-MKT-01,C015397,VM-ACC-0013,5,173.05,0.12,PLN
SO-2026-010775,1,2026-07-10,2026-07-14,PL-MKT-01,C023025,VM-CMP-0008,2,447.91,0.0,PLN
SO-2026-010775,2,2026-07-10,2026-07-14,PL-MKT-01,C023025,VM-CMP-0013,1,539.53,0.0,PLN
SO-2026-010776,1,2026-07-10,2026-07-12,PL-MKT-01,C010381,VM-NUT-0004,5,7.12,0.1,PLN
SO-2026-010777,1,2026-07-10,2026-07-10,CZ-PRG-01,,VM-NUT-0001,6,53.0,0.0,CZK
SO-2026-010777,2,2026-07-10,2026-07-10,CZ-PRG-01,,VM-EBK-0011,1,86297.0,0.0,CZK
SO-2026-010778,1,2026-07-10,2026-07-10,CZ-PRG-01,,VM-CMP-0011,1,943.0,0.1,CZK
SO-2026-010778,2,2026-07-10,2026-07-10,CZ-PRG-01,,VM-BIK-0003,1,38551.0,0.0,CZK
SO-2026-010779,1,2026-07-10,2026-07-10,CZ-PRG-01,,VM-CMP-0015,2,5423.0,0.0,CZK
SO-2026-010780,1,2026-07-10,2026-07-10,CZ-PRG-01,C022086,VM-APP-0015,4,3360.0,0.12,CZK
SO-2026-010780,2,2026-07-10,2026-07-10,CZ-PRG-01,C022086,VM-BIK-0009,5,33246.0,0.1,CZK
SO-2026-010780,3,2026-07-10,2026-07-10,CZ-PRG-01,C022086,VM-BIK-0022,3,8252.0,0.08,CZK
SO-2026-010781,1,2026-07-10,2026-07-10,CZ-BRN-01,,VM-CMP-0015,2,5423.0,0.0,CZK
SO-2026-010781,2,2026-07-10,2026-07-10,CZ-BRN-01,,VM-ACC-0020,1,4775.0,0.0,CZK
SO-2026-010782,1,2026-07-10,2026-07-10,CZ-BRN-01,C023026,VM-ACC-0016,3,171.0,0.0,CZK
SO-2026-010783,1,2026-07-10,2026-07-11,CZ-WEB-01,C023027,VM-NUT-0004,14,41.0,0.0,CZK
SO-2026-010784,1,2026-07-10,2026-07-12,CZ-WEB-01,C019122,VM-APP-0013,1,2594.0,0.0,CZK
SO-2026-010784,2,2026-07-10,2026-07-12,CZ-WEB-01,C019122,VM-APP-0004,3,1415.0,0.1,CZK
SO-2026-010785,1,2026-07-10,2026-07-13,CZ-WEB-01,C018151,VM-APP-0003,3,1827.0,0.05,CZK
SO-2026-010786,1,2026-07-10,2026-07-12,CZ-WEB-01,C021949,VM-ACC-0014,1,648.0,0.0,CZK
SO-2026-010786,2,2026-07-10,2026-07-12,CZ-WEB-01,C021949,VM-APP-0012,1,5128.0,0.0,CZK
SO-2026-010786,3,2026-07-10,2026-07-12,CZ-WEB-01,C021949,VM-CMP-0018,1,365.0,0.0,CZK
SO-2026-010787,1,2026-07-10,2026-07-11,CZ-WEB-01,C019373,VM-APP-0019,2,389.0,0.0,CZK
SO-2026-010787,2,2026-07-10,2026-07-11,CZ-WEB-01,C019373,VM-BIK-0017,1,11259.0,0.0,CZK
SO-2026-010787,3,2026-07-10,2026-07-11,CZ-WEB-01,C019373, VM-BIK-0011 ,1,50988.0,0.0,CZK
SO-2026-010788,1,2026-07-10,2026-07-10,DE-BER-01,C020753,VM-NUT-0011,4,12.93,0.0,EUR
SO-2026-010789,1,2026-07-10,2026-07-10,DE-BER-01,C023028,VM-CMP-0006,1,47.9,0.0,EUR
SO-2026-010789,2,2026-07-10,2026-07-10,DE-BER-01,C023028,VM-BIK-0019,1,289.79,0.0,EUR
SO-2026-010790,1,2026-07-10,2026-07-11,DE-WEB-01,C021133,VM-CMP-0019,3,50.29,0.0,EUR
SO-2026-010791,1,2026-07-10,2026-07-12,DE-WEB-01,C014268,VM-APP-0004,3,57.48,0.0,EUR
SO-2026-010791,2,2026-07-10,2026-07-12,DE-WEB-01,C014268,VM-BIK-0008,1,1271.72,0.0,EUR
SO-2026-010792,1,2026-07-10,2026-07-13,DE-WEB-01,C018246,VM-NUT-0004,9,1.67,0.0,EUR
SO-2026-010793,1,2026-07-10,2026-07-11,DE-WEB-01,C018904,VM-APP-0002,1,105.38,0.0,EUR
SO-2026-010794,1,2026-07-10,2026-07-13,DE-WEB-01,C004396,VM-CMP-0007,8,150.88,0.12,EUR
SO-2026-010795,1,2026-07-10,2026-07-11,DE-WEB-01,C019547,VM-BIK-0022,1,335.29,0.05,EUR
SO-2026-010796,1,2026-07-11,2026-07-11,PL-WAW-01,C011751,VM-BIK-0002,1,9803.33,0.05,PLN
SO-2026-010797,1,2026-07-11,2026-07-11,PL-WAW-01,C013272,VM-BIK-0007,1,7176.89,0.05,PLN
SO-2026-010798,1,2026-07-11,2026-07-11,PL-WAW-01,,VM-APP-0008,1,162.87,0.0,PLN
SO-2026-010798,2,2026-07-11,2026-07-11,PL-WAW-01,,VM-CMP-0015,1,936.55,0.0,PLN
SO-2026-010798,3,2026-07-11,2026-07-11,PL-WAW-01,,VM-BIK-0014,1,3898.93,0.0,PLN
SO-2026-010799,1,2026-07-11,2026-07-11,PL-WAW-01,C016852,VM-ACC-0004,2,794.03,0.05,PLN
SO-2026-010799,2,2026-07-11,2026-07-11,PL-WAW-01,C016852,VM-BIK-0013,1,4886.39,0.05,PLN
SO-2026-010800,1,2026-07-11,2026-07-11,PL-WAW-01,C022214,VM-NUT-0002,6,15.26,0.0,PLN
SO-2026-010800,2,2026-07-11,2026-07-11,PL-WAW-01,C022214,VM-APP-0007,2,162.87,0.0,PLN
SO-2026-010800,3,2026-07-11,2026-07-11,PL-WAW-01,C022214,VM-APP-0008,2,162.87,0.0,PLN
SO-2026-010800,4,2026-07-11,2026-07-11,PL-WAW-01,C022214,VM-NUT-0008,11,10.17,0.0,PLN
SO-2026-010801,1,2026-07-11,2026-07-11,PL-WAW-01,,VM-EBK-0005,1,17764.09,0.0,PLN
SO-2026-010802,1,2026-07-11,2026-07-11,PL-WAW-01,C023029,VM-ACC-0023,1,946.73,0.05,PLN
SO-2026-010802,2,2026-07-11,2026-07-11,PL-WAW-01,C023029,VM-ACC-0014,1,111.97,0.05,PLN
SO-2026-010803,1,2026-07-11,2026-07-11,PL-WAW-01,C015338,VM-CMP-0016,1,2504.27,0.0,PLN
SO-2026-010803,2,2026-07-11,2026-07-11,PL-WAW-01,C015338,VM-NUT-0003,7,11.19,0.0,PLN
SO-2026-010803,3,2026-07-11,2026-07-11,PL-WAW-01,C015338,VM-NUT-0011,1,54.96,0.0,PLN
SO-2026-010804,1,2026-07-11,2026-07-11,PL-WAW-01,C023030,VM-APP-0006,1,315.57,0.0,PLN
SO-2026-010804,2,2026-07-11,2026-07-11,PL-WAW-01,C023030,VM-CMP-0017,2,508.99,0.0,PLN
SO-2026-010805,1,2026-07-11,2026-07-11,PL-WAW-01,,VM-BIK-0006,1,6708.61,0.0,PLN
SO-2026-010805,2,2026-07-11,2026-07-11,PL-WAW-01,,VM-BIK-0008,1,5405.57,0.0,PLN
SO-2026-010806,1,2026-07-11,2026-07-11,PL-WAW-01,C009051,VM-NUT-0001,15,9.15,0.05,PLN
SO-2026-010807,1,2026-07-11,2026-07-11,PL-WAW-01,C023031,VM-NUT-0009,1,86.52,0.0,PLN
SO-2026-010807,2,2026-07-11,2026-07-11,PL-WAW-01,C023031,VM-CMP-0013,1,539.53,0.0,PLN
SO-2026-010808,1,2026-07-11,2026-07-11,PL-WAW-01,C016001,vm-cmp-0005,2,1506.63,0.0,PLN
SO-2026-010809,1,2026-07-11,2026-07-11,PL-WAW-01,,VM-CMP-0014,1,437.73,0.0,PLN
SO-2026-010810,1,2026-07-11,2026-07-11,PL-WAW-01,C023032,VM-NUT-0006,9,10.17,0.0,PLN
SO-2026-010810,2,2026-07-11,2026-07-11,PL-WAW-01,C023032,VM-CMP-0013,2,539.53,0.0,PLN
SO-2026-010811,1,2026-07-11,2026-07-11,PL-WAW-01,,VM-ACC-0008,1,407.19,0.0,PLN
SO-2026-010811,2,2026-07-11,2026-07-11,PL-WAW-01,,VM-APP-0003,1,315.57,0.0,PLN
SO-2026-010811,3,2026-07-11,2026-07-11,PL-WAW-01,,VM-NUT-0004,10,7.12,0.05,PLN
SO-2026-010812,1,2026-07-11,2026-07-11,PL-WAW-02,C018612,VM-NUT-0006,6,10.17,0.05,PLN
SO-2026-010813,1,2026-07-11,2026-07-11,PL-WAW-02,C023033,VM-ACC-0008,2,407.19,0.0,PLN
SO-2026-010814,1,2026-07-11,2026-07-11,PL-WAW-02,C022762,VM-ACC-0008,1,407.19,0.05,PLN
SO-2026-010815,1,2026-07-11,2026-07-11,PL-WAW-02,C007016,VM-APP-0002,1,447.91,0.05,PLN
SO-2026-010815,2,2026-07-11,2026-07-11,PL-WAW-02,C007016,VM-NUT-0008,11,10.17,0.05,PLN
SO-2026-010816,1,2026-07-11,2026-07-11,PL-WAW-02,,VM-CMP-0005,2,1506.63,0.0,PLN
SO-2026-010817,1,2026-07-11,2026-07-11,PL-WAW-02,C022822,VM-BIK-0007,1,7176.89,0.0,PLN
SO-2026-010817,2,2026-07-11,2026-07-11,PL-WAW-02,C022822,VM-BIK-0012,1,12022.57,0.0,PLN
SO-2026-010817,3,2026-07-11,2026-07-11,PL-WAW-02,C022822,VM-ACC-0008,1,407.19,0.0,PLN
SO-2026-010818,1,2026-07-11,2026-07-11,PL-WAW-02,,VM-APP-0002,1,447.91,0.0,PLN
SO-2026-010819,1,2026-07-11,2026-07-11,PL-WAW-02,C023034,VM-BIK-0004,1,4346.85,0.0,PLN
SO-2026-010820,1,2026-07-11,2026-07-11,PL-KRK-01,,VM-NUT-0008,3,10.17,0.0,PLN
SO-2026-010821,1,2026-07-11,2026-07-11,PL-KRK-01,,VM-NUT-0008,10,10.17,0.0,PLN
SO-2026-010821,2,2026-07-11,2026-07-11,PL-KRK-01,,VM-NUT-0003,6,11.19,0.0,PLN
SO-2026-010822,1,2026-07-11,2026-07-11,PL-KRK-01,,VM-NUT-0008,9,10.17,0.0,PLN
SO-2026-010823,1,2026-07-11,2026-07-11,PL-KRK-01,C023035,VM-EBK-0002,1,10129.09,0.0,PLN
SO-2026-010823,2,2026-07-11,2026-07-11,PL-KRK-01,C023035,VM-ACC-0002,2,620.97,0.0,PLN
SO-2026-010824,1,2026-07-11,2026-07-11,PL-KRK-01,C023036,VM-BIK-0007,1,7176.89,0.0,PLN
SO-2026-010825,1,2026-07-11,2026-07-11,PL-KRK-01,C016848,VM-ACC-0008,2,407.19,0.0,PLN
SO-2026-010825,2,2026-07-11,2026-07-11,PL-KRK-01,C016848,VM-BIK-0007,1,7176.89,0.0,PLN
SO-2026-010825,3,2026-07-11,2026-07-11,PL-KRK-01,C016848,VM-APP-0010,2,173.05,0.0,PLN
SO-2026-010826,1,2026-07-11,2026-07-11,PL-KRK-01,,VM-CMP-0009,2,356.29,0.0,PLN
SO-2026-010826,2,2026-07-11,2026-07-11,PL-KRK-01,,VM-BIK-0002,1,9803.33,0.0,PLN
SO-2026-010827,1,2026-07-11,2026-07-11,PL-KRK-01,C009520,VM-BIK-0013,1,4886.39,0.05,PLN
SO-2026-010827,2,2026-07-11,2026-07-11,PL-KRK-01,C009520,VM-NUT-0004,4,7.12,0.05,PLN
SO-2026-010827,3,2026-07-11,2026-07-11,PL-KRK-01,C009520,VM-APP-0017,1,193.41,0.05,PLN
SO-2026-010828,1,2026-07-11,2026-07-11,PL-KRK-01,C010582,VM-BIK-0012,5,12022.57,0.12,PLN
SO-2026-010828,2,2026-07-11,2026-07-11,PL-KRK-01,C010582,VM-ACC-0008,8,407.19,0.08,PLN
SO-2026-010829,1,2026-07-11,2026-07-11,PL-KRK-01,C023037,VM-ACC-0014,1,111.97,0.05,PLN
SO-2026-010829,2,2026-07-11,2026-07-11,PL-KRK-01,C023037,VM-CMP-0021,3,48.85,0.05,PLN
SO-2026-010829,3,2026-07-11,2026-07-11,PL-KRK-01,C023037,VM-EBK-0008,1,15371.79,0.05,PLN
SO-2026-010830,1,2026-07-11,2026-07-11,PL-WRO-01,C023038,VM-CMP-0022,3,36.64,0.0,PLN
SO-2026-010831,1,2026-07-11,2026-07-11,PL-WRO-01,C023039,VM-CMP-0021,4,48.85,0.0,PLN
SO-2026-010832,1,2026-07-11,2026-07-11,PL-WRO-01,,VM-BIK-0003,1,6657.71,0.0,PLN
SO-2026-010832,2,2026-07-11,2026-07-11,PL-WRO-01,,VM-ACC-0008,1,407.19,0.0,PLN
SO-2026-010833,1,2026-07-11,2026-07-11,PL-WRO-01,C020690,VM-ACC-0007,2,366.47,0.0,PLN
SO-2026-010833,2,2026-07-11,2026-07-11,PL-WRO-01,C020690,VM-CMP-0021,4,48.85,0.0,PLN
SO-2026-010834,1,2026-07-11,2026-07-11,PL-WRO-01,C015235,VM-NUT-0006,7,10.17,0.0,PLN
SO-2026-010835,1,2026-07-11,2026-07-11,PL-GDN-01,C020537,VM-APP-0003,1,315.57,0.05,PLN
SO-2026-010836,1,2026-07-11,2026-07-11,PL-GDN-01,,VM-CMP-0001,1,407.19,0.0,PLN
SO-2026-010837,1,2026-07-11,2026-07-11,PL-GDN-01,,VM-ACC-0008,2,407.19,0.0,PLN
SO-2026-010838,1,2026-07-11,2026-07-11,PL-GDN-01,C022564,VM-APP-0007,2,162.87,0.0,PLN
SO-2026-010838,2,2026-07-11,2026-07-11,PL-GDN-01,C022564,VM-ACC-0014,1,111.97,0.0,PLN
SO-2026-010839,1,2026-07-11,2026-07-11,PL-GDN-01,C021842,VM-NUT-0006,10,10.17,0.0,PLN
SO-2026-010839,2,2026-07-11,2026-07-11,PL-GDN-01,C021842,VM-NUT-0011,4,54.96,0.0,PLN
SO-2026-010839,3,2026-07-11,2026-07-11,PL-GDN-01,C021842,VM-BIK-0012,1,12022.57,0.0,PLN
SO-2026-010840,1,2026-07-11,2026-07-11,PL-POZ-01,C015888,VM-ACC-0003,4,295.21,0.12,PLN
SO-2026-010840,2,2026-07-11,2026-07-11,PL-POZ-01,C015888,VM-APP-0012,5,885.65,0.08,PLN
SO-2026-010840,3,2026-07-11,2026-07-11,PL-POZ-01,C015888,VM-APP-0010,4,173.05,0.08,PLN
SO-2026-010840,4,2026-07-11,2026-07-11,PL-POZ-01,C015888, VM-ACC-0008 ,3,407.19,0.12,PLN
SO-2026-010841,1,2026-07-11,2026-07-11,PL-POZ-01,C008120,VM-CMP-0003,1,244.31,0.05,PLN
SO-2026-010841,2,2026-07-11,2026-07-11,PL-POZ-01,C008120,VM-NUT-0004,7,7.12,0.05,PLN
SO-2026-010842,1,2026-07-11,2026-07-11,PL-POZ-01,C023040,VM-EBK-0008,1,15371.79,0.0,PLN
SO-2026-010842,2,2026-07-11,2026-07-11,PL-POZ-01,C023040,VM-APP-0003,3,315.57,0.0,PLN
SO-2026-010843,1,2026-07-11,2026-07-11,PL-POZ-01,C012027,VM-ACC-0017,1,59.03,0.05,PLN
SO-2026-010843,2,2026-07-11,2026-07-11,PL-POZ-01,C012027,VM-NUT-0003,10,11.19,0.05,PLN
SO-2026-010843,3,2026-07-11,2026-07-11,PL-POZ-01,C012027,VM-ACC-0008,2,407.19,0.05,PLN
SO-2026-010843,4,2026-07-11,2026-07-11,PL-POZ-01,C012027,VM-BIK-0008,1,5405.57,0.05,PLN
SO-2026-010844,1,2026-07-11,2026-07-11,PL-POZ-01,C022642,VM-CMP-0013,2,539.53,0.0,PLN
SO-2026-010845,1,2026-07-11,2026-07-11,PL-LDZ-01,C016614,VM-BIK-0007,1,7176.89,0.0,PLN
SO-2026-010846,1,2026-07-11,2026-07-11,PL-LDZ-01,C010370,VM-ACC-0006,2,967.09,0.0,PLN
SO-2026-010847,1,2026-07-11,2026-07-11,PL-LDZ-01,,VM-ACC-0002,1,620.97,0.0,PLN
SO-2026-010847,2,2026-07-11,2026-07-11,PL-LDZ-01,,VM-BIK-0015,1,3145.61,0.0,PLN
SO-2026-010848,1,2026-07-11,2026-07-11,PL-LDZ-01,C023041,VM-NUT-0007,5,13.22,0.0,PLN
SO-2026-010849,1,2026-07-11,2026-07-14,PL-WEB-01,C014643,VM-NUT-0004,70,7.12,0.12,PLN
SO-2026-010850,1,2026-07-11,2026-07-15,PL-WEB-01,C022766,vm-cmp-0017,2,508.99,0.05,PLN
SO-2026-010850,2,2026-07-11,2026-07-15,PL-WEB-01,C022766,VM-APP-0019,2,67.18,0.05,PLN
SO-2026-010851,1,2026-07-11,2026-07-14,PL-WEB-01,C023042,VM-APP-0002,3,447.91,0.0,PLN
SO-2026-010852,1,2026-07-11,2026-07-13,PL-WEB-01,C011661,VM-BIK-0009,1,5741.51,0.0,PLN
SO-2026-010852,2,2026-07-11,2026-07-13,PL-WEB-01,C011661,VM-ACC-0013,1,173.05,0.0,PLN
SO-2026-010852,3,2026-07-11,2026-07-13,PL-WEB-01,C011661,VM-ACC-0017,3,59.03,0.0,PLN
SO-2026-010853,1,2026-07-11,2026-07-14,PL-WEB-01,C023043,VM-ACC-0021,1,794.03,0.05,PLN
SO-2026-010853,2,2026-07-11,2026-07-14,PL-WEB-01,C023043,VM-BIK-0020,1,1231.77,0.05,PLN
SO-2026-010854,1,2026-07-11,2026-07-14,PL-WEB-01,C007016,VM-CMP-0008,1,447.91,0.05,PLN
SO-2026-010855,1,2026-07-11,2026-07-13,PL-WEB-01,C022862,VM-EBK-0004,1,11279.43,0.0,PLN
SO-2026-010855,2,2026-07-11,2026-07-13,PL-WEB-01,C022862,VM-ACC-0001,2,386.83,0.0,PLN
SO-2026-010856,1,2026-07-11,2026-07-13,PL-WEB-01,C019471,VM-APP-0017,1,193.41,0.05,PLN
SO-2026-010857,1,2026-07-11,2026-07-12,PL-WEB-01,C020267,VM-NUT-0008,12,10.17,0.0,PLN
SO-2026-010857,2,2026-07-11,2026-07-12,PL-WEB-01,C020267,VM-EBK-0006,1,20502.51,0.0,PLN
SO-2026-010857,3,2026-07-11,2026-07-12,PL-WEB-01,C020267,VM-CMP-0005,2,1506.63,0.0,PLN
SO-2026-010858,1,2026-07-11,2026-07-12,PL-WEB-01,C007158,VM-ACC-0013,1,173.05,0.0,PLN
SO-2026-010858,2,2026-07-11,2026-07-12,PL-WEB-01,C007158,VM-APP-0014,1,498.81,0.0,PLN
SO-2026-010859,1,2026-07-11,2026-07-12,PL-WEB-01,C023044,VM-BIK-0006,1,6708.61,0.0,PLN
SO-2026-010859,2,2026-07-11,2026-07-12,PL-WEB-01,C023044,VM-ACC-0004,1,794.03,0.0,PLN
SO-2026-010860,1,2026-07-11,2026-07-15,PL-WEB-01,C023045,VM-BIK-0013,1,4886.39,0.0,PLN
SO-2026-010860,2,2026-07-11,2026-07-15,PL-WEB-01,C023045,VM-BIK-0004,1,4346.85,0.0,PLN
SO-2026-010860,3,2026-07-11,2026-07-15,PL-WEB-01,C023045,VM-ACC-0002,1,620.97,0.1,PLN
SO-2026-010861,1,2026-07-11,2026-07-12,PL-WEB-01,C014753,VM-ACC-0008,1,407.19,0.0,PLN
SO-2026-010862,1,2026-07-11,2026-07-15,PL-WEB-01,C008325,VM-NUT-0004,4,7.12,0.05,PLN
SO-2026-010863,1,2026-07-11,2026-07-13,PL-WEB-01,C016491,VM-ACC-0014,1,111.97,0.0,PLN
SO-2026-010863,2,2026-07-11,2026-07-13,PL-WEB-01,C016491,VM-APP-0020,2,183.23,0.0,PLN
SO-2026-010863,3,2026-07-11,2026-07-13,PL-WEB-01,C016491,VM-ACC-0017,2,59.03,0.0,PLN
SO-2026-010864,1,2026-07-11,2026-07-13,PL-WEB-01,C014376,VM-EBK-0008,2,15371.79,0.12,PLN
SO-2026-010864,2,2026-07-11,2026-07-13,PL-WEB-01,C014376,VM-NUT-0009,20,86.52,0.1,PLN
SO-2026-010864,3,2026-07-11,2026-07-13,PL-WEB-01,C014376,VM-ACC-0004,4,794.03,0.08,PLN
SO-2026-010865,1,2026-07-11,2026-07-14,PL-WEB-01,C015485,VM-APP-0010,1,173.05,0.0,PLN
SO-2026-010865,2,2026-07-11,2026-07-14,PL-WEB-01,C015485,VM-APP-0004,2,244.31,0.0,PLN
SO-2026-010866,1,2026-07-11,2026-07-15,PL-WEB-01,C011616,VM-NUT-0006,8,10.17,0.0,PLN
SO-2026-010866,2,2026-07-11,2026-07-15,PL-WEB-01,C011616,VM-EBK-0008,1,15371.79,0.0,PLN
SO-2026-010866,3,2026-07-11,2026-07-15,PL-WEB-01,C011616,VM-EBK-0010,1,13732.81,0.0,PLN
SO-2026-010867,1,2026-07-11,2026-07-12,PL-MKT-01,C020322,VM-ACC-0008,1,407.19,0.05,PLN
SO-2026-010868,1,2026-07-11,2026-07-14,PL-MKT-01,C012599,VM-APP-0002,2,447.91,0.0,PLN
SO-2026-010868,2,2026-07-11,2026-07-14,PL-MKT-01,C012599,VM-NUT-0006,11,10.17,0.0,PLN
SO-2026-010869,1,2026-07-11,2026-07-15,PL-MKT-01,C014553,VM-ACC-0021,1,794.03,0.0,PLN
SO-2026-010870,1,2026-07-11,2026-07-14,PL-MKT-01,C023046,VM-ACC-0003,1,295.21,0.0,PLN
SO-2026-010871,1,2026-07-11,2026-07-15,PL-MKT-01,C023047,VM-EBK-0005,1,17764.09,0.0,PLN
SO-2026-010871,2,2026-07-11,2026-07-15,PL-MKT-01,C023047,VM-EBK-0009,1,10088.37,0.0,PLN
SO-2026-010871,3,2026-07-11,2026-07-15,PL-MKT-01,C023047,VM-EBK-0004,1,11279.43,0.0,PLN
SO-2026-010871,4,2026-07-11,2026-07-15,PL-MKT-01,C023047,VM-ACC-0019,2,50.89,0.0,PLN
SO-2026-010872,1,2026-07-11,2026-07-13,PL-MKT-01,C021844,VM-CMP-0020,20,264.67,0.12,PLN
SO-2026-010873,1,2026-07-11,2026-07-13,PL-MKT-01,C023048,VM-APP-0007,2,162.87,0.0,PLN
SO-2026-010873,2,2026-07-11,2026-07-13,PL-MKT-01,C023048,VM-CMP-0004,2,732.95,0.0,PLN
SO-2026-010874,1,2026-07-11,2026-07-11,CZ-PRG-01,,VM-CMP-0005,2,8724.0,0.0,CZK
SO-2026-010875,1,2026-07-11,2026-07-11,CZ-PRG-01,C023049,VM-NUT-0001,7,53.0,0.0,CZK
SO-2026-010876,1,2026-07-11,2026-07-11,CZ-PRG-01,,VM-CMP-0009,1,2063.0,0.0,CZK
SO-2026-010877,1,2026-07-11,2026-07-11,CZ-PRG-01,,VM-APP-0010,2,1002.0,0.0,CZK
SO-2026-010878,1,2026-07-11,2026-07-11,CZ-PRG-01,C021560,VM-CMP-0013,1,3124.0,0.0,CZK
SO-2026-010878,2,2026-07-11,2026-07-11,CZ-PRG-01,C021560,VM-CMP-0018,1,365.0,0.0,CZK
SO-2026-010878,3,2026-07-11,2026-07-11,CZ-PRG-01,C021560,VM-BIK-0012,1,69615.0,0.0,CZK
SO-2026-010879,1,2026-07-11,2026-07-11,CZ-PRG-01,C023050,VM-EBK-0008,1,89009.0,0.0,CZK
SO-2026-010880,1,2026-07-11,2026-07-11,CZ-PRG-01,,VM-NUT-0011,3,318.0,0.05,CZK
SO-2026-010881,1,2026-07-11,2026-07-11,CZ-PRG-01,C023051,VM-ACC-0014,1,648.0,0.0,CZK
SO-2026-010882,1,2026-07-11,2026-07-12,CZ-WEB-01,C020831,VM-ACC-0018,1,295.0,0.05,CZK
SO-2026-010882,2,2026-07-11,2026-07-12,CZ-WEB-01,C020831,VM-EBK-0008,1,89009.0,0.05,CZK
SO-2026-010882,3,2026-07-11,2026-07-12,CZ-WEB-01,C020831,VM-CMP-0022,2,212.0,0.05,CZK
SO-2026-010883,1,2026-07-11,2026-07-14,CZ-WEB-01,C023052,VM-BIK-0011,1,50988.0,0.0,CZK
SO-2026-010883,2,2026-07-11,2026-07-14,CZ-WEB-01,C023052,VM-ACC-0013,1,1002.0,0.0,CZK
SO-2026-010884,1,2026-07-11,2026-07-13,CZ-WEB-01,C023053,VM-BIK-0005,4,43679.0,0.12,CZK
SO-2026-010885,1,2026-07-11,2026-07-14,CZ-WEB-01,C023054, VM-ACC-0008 ,2,2358.0,0.05,CZK
SO-2026-010886,1,2026-07-11,2026-07-11,DE-BER-01,C023055,VM-EBK-0011,1,3506.21,0.0,EUR
SO-2026-010886,2,2026-07-11,2026-07-11,DE-BER-01,C023055,VM-NUT-0004,7,1.67,0.0,EUR
SO-2026-010887,1,2026-07-11,2026-07-11,DE-BER-01,C013146,vm-bik-0017,1,457.43,0.0,EUR
SO-2026-010888,1,2026-07-11,2026-07-11,DE-BER-01,,VM-CMP-0013,2,126.93,0.0,EUR
SO-2026-010888,2,2026-07-11,2026-07-11,DE-BER-01,,VM-APP-0009,2,83.82,0.0,EUR
SO-2026-010889,1,2026-07-11,2026-07-11,DE-BER-01,C023056,VM-BIK-0004,1,1022.64,0.0,EUR
SO-2026-010890,1,2026-07-11,2026-07-11,DE-BER-01,,VM-BIK-0012,1,2828.44,0.0,EUR
SO-2026-010891,1,2026-07-11,2026-07-11,DE-BER-01,,VM-APP-0002,3,105.38,0.0,EUR
SO-2026-010891,2,2026-07-11,2026-07-11,DE-BER-01,,VM-BIK-0017,1,457.43,0.0,EUR
SO-2026-010891,3,2026-07-11,2026-07-11,DE-BER-01,,VM-NUT-0001,7,2.15,0.0,EUR
SO-2026-010892,1,2026-07-11,2026-07-14,DE-WEB-01,C014697,VM-ACC-0014,1,26.34,0.0,EUR
SO-2026-010892,2,2026-07-11,2026-07-14,DE-WEB-01,C014697,VM-ACC-0007,2,86.22,0.0,EUR
SO-2026-010892,3,2026-07-11,2026-07-14,DE-WEB-01,C014697,VM-CMP-0002,1,134.12,0.0,EUR
SO-2026-010893,1,2026-07-11,2026-07-13,DE-WEB-01,C019535,VM-CMP-0015,2,220.33,0.0,EUR
SO-2026-010894,1,2026-07-11,2026-07-15,DE-WEB-01,C021966,VM-BIK-0021,1,299.37,0.05,EUR
SO-2026-010895,1,2026-07-11,2026-07-14,DE-WEB-01,C018829,VM-NUT-0006,7,2.39,0.0,EUR
SO-2026-010896,1,2026-07-11,2026-07-15,DE-WEB-01,C000675,VM-ACC-0007,2,86.22,0.05,EUR
SO-2026-010896,2,2026-07-11,2026-07-15,DE-WEB-01,C000675,VM-CMP-0005,1,354.45,0.05,EUR
SO-2026-010897,1,2026-07-11,2026-07-15,DE-WEB-01,C019547,VM-EBK-0011,1,3506.21,0.05,EUR
SO-2026-010897,2,2026-07-11,2026-07-15,DE-WEB-01,C019547,VM-CMP-0016,1,589.16,0.05,EUR
SO-2026-010898,1,2026-07-11,2026-07-14,DE-WEB-01,C009436,VM-EBK-0004,1,2653.61,0.05,EUR
SO-2026-010899,1,2026-07-11,2026-07-13,DE-WEB-01,C008872,VM-APP-0008,2,38.32,0.0,EUR
SO-2026-010899,2,2026-07-11,2026-07-13,DE-WEB-01,C008872,VM-APP-0007,1,38.32,0.0,EUR
SO-2026-010899,3,2026-07-11,2026-07-13,DE-WEB-01,C008872,VM-BIK-0012,1,2828.44,0.0,EUR
SO-2026-010900,1,2026-07-12,2026-07-13,PL-WEB-01,C023057,VM-EBK-0011,1,14903.51,0.0,PLN
SO-2026-010900,2,2026-07-12,2026-07-13,PL-WEB-01,C023057,VM-ACC-0006,1,967.09,0.0,PLN
SO-2026-010900,3,2026-07-12,2026-07-13,PL-WEB-01,C023057,VM-ACC-0013,1,173.05,0.0,PLN
SO-2026-010901,1,2026-07-12,2026-07-15,PL-WEB-01,C023058,VM-CMP-0017,2,508.99,0.0,PLN
SO-2026-010901,2,2026-07-12,2026-07-15,PL-WEB-01,C023058,VM-ACC-0008,2,407.19,0.0,PLN
SO-2026-010901,3,2026-07-12,2026-07-15,PL-WEB-01,C023058,VM-EBK-0008,1,15371.79,0.0,PLN
SO-2026-010902,1,2026-07-12,2026-07-16,PL-WEB-01,C021008,VM-ACC-0008,1,407.19,0.05,PLN
SO-2026-010902,2,2026-07-12,2026-07-16,PL-WEB-01,C021008,VM-NUT-0004,8,7.12,0.05,PLN
SO-2026-010903,1,2026-07-12,2026-07-15,PL-WEB-01,C012072,VM-ACC-0021,1,794.03,0.0,PLN
SO-2026-010903,2,2026-07-12,2026-07-15,PL-WEB-01,C012072,VM-CMP-0017,2,508.99,0.0,PLN
SO-2026-010904,1,2026-07-12,2026-07-13,PL-WEB-01,C018446,VM-ACC-0008,2,407.19,0.0,PLN
SO-2026-010905,1,2026-07-12,2026-07-16,PL-WEB-01,C022770,VM-EBK-0008,1,15371.79,0.05,PLN
SO-2026-010906,1,2026-07-12,2026-07-14,PL-WEB-01,C015432,VM-CMP-0015,2,936.55,0.0,PLN
SO-2026-010907,1,2026-07-12,2026-07-15,PL-WEB-01,C015892,VM-NUT-0008,6,10.17,0.0,PLN
SO-2026-010908,1,2026-07-12,2026-07-13,PL-WEB-01,C020484,VM-ACC-0014,1,111.97,0.0,PLN
SO-2026-010909,1,2026-07-12,2026-07-13,PL-WEB-01,C021786,VM-NUT-0006,7,10.17,0.05,PLN
SO-2026-010909,2,2026-07-12,2026-07-13,PL-WEB-01,C021786,VM-EBK-0010,1,13732.81,0.05,PLN
SO-2026-010910,1,2026-07-12,2026-07-15,PL-WEB-01,C019149,VM-NUT-0001,7,9.15,0.0,PLN
SO-2026-010911,1,2026-07-12,2026-07-15,PL-WEB-01,C023059,VM-APP-0012,1,885.65,0.0,PLN
SO-2026-010912,1,2026-07-12,2026-07-15,PL-WEB-01,C023060,VM-ACC-0008,2,407.19,0.0,PLN
SO-2026-010912,2,2026-07-12,2026-07-15,PL-WEB-01,C023060,VM-APP-0008,1,162.87,0.0,PLN
SO-2026-010913,1,2026-07-12,2026-07-15,PL-WEB-01,C011157,VM-APP-0017,1,193.41,0.0,PLN
SO-2026-010913,2,2026-07-12,2026-07-15,PL-WEB-01,C011157,VM-APP-0006,3,315.57,0.0,PLN
SO-2026-010914,1,2026-07-12,2026-07-14,PL-MKT-01,C015711,VM-CMP-0012,3,549.71,0.08,PLN
SO-2026-010915,1,2026-07-12,2026-07-15,PL-MKT-01,C010852,VM-EBK-0006,1,20502.51,0.0,PLN
SO-2026-010915,2,2026-07-12,2026-07-15,PL-MKT-01,C010852,VM-BIK-0007,1,7176.89,0.05,PLN
SO-2026-010915,3,2026-07-12,2026-07-15,PL-MKT-01,C010852,VM-ACC-0008,2,407.19,0.0,PLN
SO-2026-010916,1,2026-07-12,2026-07-14,PL-MKT-01,C023061,VM-APP-0006,3,315.57,0.0,PLN
SO-2026-010916,2,2026-07-12,2026-07-14,PL-MKT-01,C023061,VM-BIK-0019,1,1231.77,0.0,PLN
SO-2026-010917,1,2026-07-12,2026-07-13,PL-MKT-01,C021901,VM-APP-0013,1,447.91,0.0,PLN
SO-2026-010918,1,2026-07-12,2026-07-13,PL-MKT-01,C023062,VM-NUT-0011,3,54.96,0.0,PLN
SO-2026-010919,1,2026-07-12,2026-07-12,CZ-PRG-01,C021965,VM-CMP-0007,1,3714.0,0.05,CZK
SO-2026-010919,2,2026-07-12,2026-07-12,CZ-PRG-01,C021965,VM-APP-0007,2,943.0,0.05,CZK
SO-2026-010919,3,2026-07-12,2026-07-12,CZ-PRG-01,C021965,VM-BIK-0006,1,38845.0,0.05,CZK
SO-2026-010920,1,2026-07-12,2026-07-12,CZ-PRG-01,C022237,VM-EBK-0004,1,65312.0,0.0,CZK
SO-2026-010920,2,2026-07-12,2026-07-12,CZ-PRG-01,C022237,VM-ACC-0011,2,424.0,0.0,CZK
SO-2026-010921,1,2026-07-12,2026-07-12,CZ-BRN-01,C023063,VM-NUT-0006,4,59.0,0.0,CZK
SO-2026-010921,2,2026-07-12,2026-07-12,CZ-BRN-01,C023063,VM-APP-0010,1,1002.0,0.0,CZK
SO-2026-010921,3,2026-07-12,2026-07-12,CZ-BRN-01,C023063,VM-CMP-0002,2,3301.0,0.0,CZK
SO-2026-010922,1,2026-07-12,2026-07-16,CZ-WEB-01,C015324,VM-BIK-0012,1,69615.0,0.0,CZK
SO-2026-010923,1,2026-07-12,2026-07-15,CZ-WEB-01,C016588,VM-BIK-0012,1,69615.0,0.0,CZK
SO-2026-010924,1,2026-07-12,2026-07-16,CZ-WEB-01,C020773,VM-EBK-0005,1,102861.0,0.05,CZK
SO-2026-010925,1,2026-07-12,2026-07-15,DE-WEB-01,C002424,VM-CMP-0011,2,38.32,0.0,EUR
SO-2026-010925,2,2026-07-12,2026-07-15,DE-WEB-01,C002424,VM-NUT-0008,3,2.39,0.0,EUR
SO-2026-010925,3,2026-07-12,2026-07-15,DE-WEB-01,C002424,VM-EBK-0005,1,4179.2,0.0,EUR
SO-2026-010925,4,2026-07-12,2026-07-15,DE-WEB-01,C002424,VM-NUT-0011,2,12.93,0.0,EUR
SO-2026-010926,1,2026-07-12,2026-07-15,DE-WEB-01,C023064,VM-ACC-0013,1,40.71,0.0,EUR
SO-2026-010926,2,2026-07-12,2026-07-15,DE-WEB-01,C023064,VM-APP-0011,2,98.19,0.0,EUR
SO-2026-010926,3,2026-07-12,2026-07-15,DE-WEB-01,C023064,vm-bik-0002,1,2306.34,0.0,EUR
SO-2026-010926,4,2026-07-12,2026-07-15,DE-WEB-01,C023064,VM-ACC-0008,1,95.8,0.0,EUR
SO-2026-010927,1,2026-07-12,2026-07-16,DE-WEB-01,C021994,VM-NUT-0004,7,1.67,0.0,EUR
SO-2026-010927,2,2026-07-12,2026-07-16,DE-WEB-01,C021994,VM-ACC-0010,2,59.87,0.05,EUR
SO-2026-010927,3,2026-07-12,2026-07-16,DE-WEB-01,C021994,VM-NUT-0006,11,2.39,0.0,EUR
SO-2026-010928,1,2026-07-12,2026-07-13,DE-WEB-01,C023065,VM-NUT-0004,6,1.67,0.0,EUR
SO-2026-010928,2,2026-07-12,2026-07-13,DE-WEB-01,C023065,VM-CMP-0009,2,83.82,0.0,EUR
SO-2026-010929,1,2026-07-12,2026-07-16,DE-WEB-01,C000676,VM-NUT-0009,8,20.35,0.12,EUR
SO-2026-010929,2,2026-07-12,2026-07-16,DE-WEB-01,C000676,VM-CMP-0012,3,129.33,0.08,EUR
SO-2026-010929,3,2026-07-12,2026-07-16,DE-WEB-01,C000676,VM-APP-0010,5,40.71,0.1,EUR
SO-2026-010930,1,2026-07-12,2026-07-13,DE-WEB-01,C023066,VM-EBK-0007,1,3520.58,0.0,EUR
SO-2026-010931,1,2026-07-12,2026-07-14,DE-WEB-01,C000676,VM-NUT-0004,16,1.67,0.12,EUR
SO-2026-010932,1,2026-07-12,2026-07-13,DE-WEB-01,C019211,VM-APP-0007,1,38.32,0.0,EUR
SO-2026-010932,2,2026-07-12,2026-07-13,DE-WEB-01,C019211,VM-BIK-0008,1,1271.72,0.0,EUR
SO-2026-010932,3,2026-07-12,2026-07-13,DE-WEB-01,C019211,VM-ACC-0020,1,193.99,0.0,EUR
SO-2026-010932,4,2026-07-12,2026-07-13,DE-WEB-01,C019211,VM-BIK-0012,1,2828.44,0.0,EUR
SO-2026-010933,1,2026-07-12,2026-07-15,DE-WEB-01,C023067,VM-ACC-0018,3,11.97,0.0,EUR
SO-2026-010933,2,2026-07-12,2026-07-15,DE-WEB-01,C023067,VM-CMP-0005,1,354.45,0.0,EUR
SO-2026-010934,1,2026-07-12,2026-07-14,DE-WEB-01,C023068,VM-BIK-0004,1,1022.64,0.0,EUR
SO-2026-010935,1,2026-07-12,2026-07-15,DE-WEB-01,C018754,VM-APP-0020,1,43.11,0.05,EUR
SO-2026-010936,1,2026-07-13,2026-07-13,PL-WAW-01,C013609,VM-ACC-0002,1,620.97,0.05,PLN
SO-2026-010937,1,2026-07-13,2026-07-13,PL-WAW-01,C017926,VM-APP-0002,1,447.91,0.05,PLN
SO-2026-010937,2,2026-07-13,2026-07-13,PL-WAW-01,C017926,VM-ACC-0018,1,50.89,0.05,PLN
SO-2026-010937,3,2026-07-13,2026-07-13,PL-WAW-01,C017926,VM-CMP-0005,2,1506.63,0.05,PLN
SO-2026-010937,4,2026-07-13,2026-07-13,PL-WAW-01,C017926,VM-NUT-0001,3,9.15,0.05,PLN
SO-2026-010938,1,2026-07-13,2026-07-13,PL-WAW-01,C016151,VM-CMP-0004,2,732.95,0.0,PLN
SO-2026-010939,1,2026-07-13,2026-07-13,PL-WAW-01,C011096,VM-EBK-0007,2,14964.59,0.1,PLN
SO-2026-010939,2,2026-07-13,2026-07-13,PL-WAW-01,C011096,VM-ACC-0007,8,366.47,0.1,PLN
SO-2026-010940,1,2026-07-13,2026-07-13,PL-WAW-01,C018350,VM-EBK-0003,1,9253.61,0.0,PLN
SO-2026-010940,2,2026-07-13,2026-07-13,PL-WAW-01,C018350,VM-ACC-0008,1,407.19,0.0,PLN
SO-2026-010941,1,2026-07-13,2026-07-13,PL-WAW-01,C023069,VM-EBK-0011,1,14903.51,0.0,PLN
SO-2026-010941,2,2026-07-13,2026-07-13,PL-WAW-01,C023069,VM-CMP-0001,1,407.19,0.0,PLN
SO-2026-010941,3,2026-07-13,2026-07-13,PL-WAW-01,C023069,VM-CMP-0023,4,60.05,0.0,PLN
SO-2026-010942,1,2026-07-13,2026-07-13,PL-WAW-01,C005121,VM-APP-0008,2,162.87,0.0,PLN
SO-2026-010943,1,2026-07-13,2026-07-13,PL-WAW-02,C022733,VM-CMP-0013,2,539.53,0.0,PLN
SO-2026-010944,1,2026-07-13,2026-07-13,PL-KRK-01,C023012,VM-APP-0019,1,67.18,0.0,PLN
SO-2026-010945,1,2026-07-13,2026-07-13,PL-WRO-01,C023070,VM-APP-0002,1,447.91,0.05,PLN
SO-2026-010945,2,2026-07-13,2026-07-13,PL-WRO-01,C023070,VM-NUT-0004,8,7.12,0.05,PLN
SO-2026-010946,1,2026-07-13,2026-07-13,PL-WRO-01,C023071,VM-CMP-0017,1,508.99,0.0,PLN
SO-2026-010946,2,2026-07-13,2026-07-13,PL-WRO-01,C023071,VM-APP-0006,1,315.57,0.0,PLN
SO-2026-010947,1,2026-07-13,2026-07-13,PL-WRO-01,C019267,VM-EBK-0003,1,9253.61,0.0,PLN
SO-2026-010948,1,2026-07-13,2026-07-13,PL-GDN-01,C000757,VM-BIK-0004,3,4346.85,0.1,PLN
SO-2026-010948,2,2026-07-13,2026-07-13,PL-GDN-01,C000757,VM-ACC-0013,4,173.05,0.1,PLN
SO-2026-010948,3,2026-07-13,2026-07-13,PL-GDN-01,C000757,VM-ACC-0005,4,183.23,0.12,PLN
SO-2026-010948,4,2026-07-13,2026-07-13,PL-GDN-01,C000757,VM-APP-0004,3,244.31,0.12,PLN
SO-2026-010949,1,2026-07-13,2026-07-13,PL-GDN-01,C019161,VM-BIK-0008,1,5405.57,0.05,PLN
SO-2026-010950,1,2026-07-13,2026-07-13,PL-GDN-01,C022837,VM-BIK-0020,1,1231.77,0.0,PLN
SO-2026-010951,1,2026-07-13,2026-07-13,PL-GDN-01,C020549,VM-CMP-0009,2,356.29,0.0,PLN
SO-2026-010951,2,2026-07-13,2026-07-13,PL-GDN-01,C020549,VM-ACC-0014,1,111.97,0.0,PLN
SO-2026-010951,3,2026-07-13,2026-07-13,PL-GDN-01,C020549,VM-ACC-0020,1,824.57,0.0,PLN
SO-2026-010951,4,2026-07-13,2026-07-13,PL-GDN-01,C020549,VM-ACC-0013,1,173.05,0.0,PLN
SO-2026-010952,1,2026-07-13,2026-07-13,PL-POZ-01,C008096,VM-ACC-0002,2,620.97,0.05,PLN
SO-2026-010952,2,2026-07-13,2026-07-13,PL-POZ-01,C008096,VM-NUT-0001,11,9.15,0.05,PLN
SO-2026-010952,3,2026-07-13,2026-07-13,PL-POZ-01,C008096,VM-ACC-0014,1,111.97,0.05,PLN
SO-2026-010953,1,2026-07-13,2026-07-13,PL-POZ-01,,VM-ACC-0008,1,407.19,0.0,PLN
SO-2026-010954,1,2026-07-13,2026-07-13,PL-LDZ-01,C009380, VM-EBK-0008 ,1,15371.79,0.0,PLN
SO-2026-010954,2,2026-07-13,2026-07-13,PL-LDZ-01,C009380,VM-APP-0006,2,315.57,0.0,PLN
SO-2026-010955,1,2026-07-13,2026-07-16,PL-WEB-01,C015302,VM-CMP-0006,1,203.59,0.0,PLN
SO-2026-010956,1,2026-07-13,2026-07-15,PL-WEB-01,C021166,VM-CMP-0002,4,570.07,0.08,PLN
SO-2026-010956,2,2026-07-13,2026-07-15,PL-WEB-01,C021166,VM-APP-0012,4,885.65,0.08,PLN
SO-2026-010957,1,2026-07-13,2026-07-16,PL-WEB-01,C023072,VM-BIK-0005,2,7543.37,0.08,PLN
SO-2026-010957,2,2026-07-13,2026-07-16,PL-WEB-01,C023072,VM-ACC-0010,8,254.49,0.08,PLN
SO-2026-010957,3,2026-07-13,2026-07-16,PL-WEB-01,C023072,VM-ACC-0002,4,620.97,0.1,PLN
SO-2026-010957,4,2026-07-13,2026-07-16,PL-WEB-01,C023072,VM-NUT-0006,50,10.17,0.12,PLN
SO-2026-010958,1,2026-07-13,2026-07-17,PL-WEB-01,C015597,VM-ACC-0010,1,254.49,0.0,PLN
SO-2026-010959,1,2026-07-13,2026-07-14,PL-WEB-01,C017701,VM-ACC-0021,1,794.03,0.0,PLN
SO-2026-010960,1,2026-07-13,2026-07-14,PL-WEB-01,C009019,vm-cmp-0016,2,2504.27,0.05,PLN
SO-2026-010960,2,2026-07-13,2026-07-14,PL-WEB-01,C009019,VM-NUT-0009,1,86.52,0.05,PLN
SO-2026-010960,3,2026-07-13,2026-07-14,PL-WEB-01,C009019,vm-acc-0018,1,50.89,0.05,PLN
SO-2026-010961,1,2026-07-13,2026-07-14,PL-WEB-01,C013114,VM-BIK-0007,1,7176.89,0.05,PLN
SO-2026-010961,2,2026-07-13,2026-07-14,PL-WEB-01,C013114,VM-CMP-0013,2,539.53,0.05,PLN
SO-2026-010961,3,2026-07-13,2026-07-14,PL-WEB-01,C013114,VM-ACC-0016,3,29.51,0.05,PLN
SO-2026-010962,1,2026-07-13,2026-07-16,PL-WEB-01,C014828,VM-CMP-0006,1,203.59,0.0,PLN
SO-2026-010962,2,2026-07-13,2026-07-16,PL-WEB-01,C014828,VM-APP-0002,3,447.91,0.0,PLN
SO-2026-010963,1,2026-07-13,2026-07-14,PL-WEB-01,C020771,VM-BIK-0001,1,13936.41,0.1,PLN
SO-2026-010963,2,2026-07-13,2026-07-14,PL-WEB-01,C020771,vm-acc-0005,2,183.23,0.0,PLN
SO-2026-010963,3,2026-07-13,2026-07-14,PL-WEB-01,C020771,VM-BIK-0005,1,7543.37,0.0,PLN
SO-2026-010964,1,2026-07-13,2026-07-14,PL-WEB-01,C021420,VM-APP-0017,1,193.41,0.0,PLN
SO-2026-010964,2,2026-07-13,2026-07-14,PL-WEB-01,C021420,VM-EBK-0007,1,14964.59,0.0,PLN
SO-2026-010965,1,2026-07-13,2026-07-15,PL-WEB-01,C023073,VM-NUT-0006,12,10.17,0.0,PLN
SO-2026-010965,2,2026-07-13,2026-07-15,PL-WEB-01,C023073,VM-ACC-0007,2,366.47,0.0,PLN
SO-2026-010965,3,2026-07-13,2026-07-15,PL-WEB-01,C023073,VM-ACC-0021,1,794.03,0.0,PLN
SO-2026-010966,1,2026-07-13,2026-07-15,PL-WEB-01,C015782,VM-NUT-0011,5,54.96,0.1,PLN
SO-2026-010967,1,2026-07-13,2026-07-17,PL-WEB-01,C008084,VM-APP-0007,1,162.87,0.0,PLN
SO-2026-010967,2,2026-07-13,2026-07-17,PL-WEB-01,C008084,VM-ACC-0017,2,59.03,0.0,PLN
SO-2026-010967,3,2026-07-13,2026-07-17,PL-WEB-01,C008084,VM-NUT-0001,4,9.15,0.0,PLN
SO-2026-010968,1,2026-07-13,2026-07-17,PL-WEB-01,C023074,VM-CMP-0013,1,539.53,0.05,PLN
SO-2026-010969,1,2026-07-13,2026-07-17,PL-WEB-01,C018667,VM-ACC-0017,12,59.03,0.08,PLN
SO-2026-010969,2,2026-07-13,2026-07-17,PL-WEB-01,C018667,VM-ACC-0013,4,173.05,0.1,PLN
SO-2026-010970,1,2026-07-13,2026-07-16,PL-WEB-01,C023075,VM-APP-0005,2,183.23,0.0,PLN
SO-2026-010971,1,2026-07-13,2026-07-17,PL-WEB-01,C023076,VM-BIK-0001,1,13936.41,0.05,PLN
SO-2026-010971,2,2026-07-13,2026-07-17,PL-WEB-01,C023076,VM-ACC-0002,2,620.97,0.0,PLN
SO-2026-010972,1,2026-07-13,2026-07-16,PL-MKT-01,C020429,VM-BIK-0007,1,7176.89,0.05,PLN
SO-2026-010973,1,2026-07-13,2026-07-16,PL-MKT-01,C022228,VM-APP-0006,1,315.57,0.05,PLN
SO-2026-010974,1,2026-07-13,2026-07-16,PL-MKT-01,C023077,VM-APP-0012,1,885.65,0.05,PLN
SO-2026-010975,1,2026-07-13,2026-07-14,PL-MKT-01,C023078,VM-APP-0004,2,244.31,0.05,PLN
SO-2026-010975,2,2026-07-13,2026-07-14,PL-MKT-01,C023078,VM-ACC-0002,1,620.97,0.05,PLN
SO-2026-010975,3,2026-07-13,2026-07-14,PL-MKT-01,C023078,VM-NUT-0008,5,10.17,0.05,PLN
SO-2026-010976,1,2026-07-13,2026-07-16,PL-MKT-01,C012466,VM-APP-0007,1,162.87,0.0,PLN
SO-2026-010976,2,2026-07-13,2026-07-16,PL-MKT-01,C012466,VM-BIK-0007,1,7176.89,0.0,PLN
SO-2026-010977,1,2026-07-13,2026-07-15,PL-MKT-01,C009776,VM-APP-0005,1,183.23,0.0,PLN
SO-2026-010977,2,2026-07-13,2026-07-15,PL-MKT-01,C009776,VM-CMP-0015,2,936.55,0.0,PLN
SO-2026-010978,1,2026-07-13,2026-07-17,PL-MKT-01,C015772,VM-ACC-0003,2,295.21,0.0,PLN
SO-2026-010978,2,2026-07-13,2026-07-17,PL-MKT-01,C015772,VM-NUT-0002,10,15.26,0.0,PLN
SO-2026-010979,1,2026-07-13,2026-07-15,PL-MKT-01,C023079,VM-CMP-0015,2,936.55,0.0,PLN
SO-2026-010979,2,2026-07-13,2026-07-15,PL-MKT-01,C023079,VM-ACC-0007,2,366.47,0.0,PLN
SO-2026-010980,1,2026-07-13,2026-07-17,PL-MKT-01,C020423,VM-NUT-0008,6,10.17,0.05,PLN
SO-2026-010981,1,2026-07-13,2026-07-15,PL-MKT-01,C020306,VM-ACC-0021,1,794.03,0.0,PLN
SO-2026-010981,2,2026-07-13,2026-07-15,PL-MKT-01,C020306,VM-APP-0002,1,447.91,0.0,PLN
SO-2026-010981,3,2026-07-13,2026-07-15,PL-MKT-01,C020306,VM-ACC-0019,1,50.89,0.0,PLN
SO-2026-010982,1,2026-07-13,2026-07-13,CZ-PRG-01,C007533,VM-ACC-0008,3,2358.0,0.08,CZK
SO-2026-010982,2,2026-07-13,2026-07-13,CZ-PRG-01,C007533,VM-BIK-0003,5,38551.0,0.12,CZK
SO-2026-010983,1,2026-07-13,2026-07-13,CZ-PRG-01,,VM-APP-0007,1,943.0,0.0,CZK
SO-2026-010983,2,2026-07-13,2026-07-13,CZ-PRG-01,,VM-ACC-0018,3,295.0,0.0,CZK
SO-2026-010983,3,2026-07-13,2026-07-13,CZ-PRG-01,,VM-CMP-0017,2,2947.0,0.0,CZK
SO-2026-010983,4,2026-07-13,2026-07-13,CZ-PRG-01,,VM-BIK-0013,1,28294.0,0.0,CZK
SO-2026-010984,1,2026-07-13,2026-07-13,CZ-BRN-01,C023080,VM-NUT-0004,7,41.0,0.0,CZK
SO-2026-010985,1,2026-07-13,2026-07-13,CZ-BRN-01,C020920, VM-APP-0006 ,4,1827.0,0.12,CZK
SO-2026-010985,2,2026-07-13,2026-07-13,CZ-BRN-01,C020920,VM-CMP-0013,10,3124.0,0.12,CZK
SO-2026-010986,1,2026-07-13,2026-07-15,CZ-WEB-01,C023081,VM-ACC-0019,2,295.0,0.0,CZK
SO-2026-010987,1,2026-07-13,2026-07-17,CZ-WEB-01,C020347,VM-APP-0008,2,943.0,0.0,CZK
SO-2026-010988,1,2026-07-13,2026-07-16,CZ-WEB-01,C021656,VM-BIK-0002,1,56765.0,0.0,CZK
SO-2026-010989,1,2026-07-13,2026-07-17,CZ-WEB-01,C022754,VM-CMP-0013,1,3124.0,0.0,CZK
SO-2026-010990,1,2026-07-13,2026-07-13,DE-BER-01,C009202,VM-NUT-0008,10,2.39,0.05,EUR
SO-2026-010990,2,2026-07-13,2026-07-13,DE-BER-01,C009202,VM-NUT-0011,3,12.93,0.05,EUR
SO-2026-010990,3,2026-07-13,2026-07-13,DE-BER-01,C009202,VM-ACC-0007,1,86.22,0.05,EUR
SO-2026-010991,1,2026-07-13,2026-07-13,DE-BER-01,C017692,VM-CMP-0015,1,220.33,0.0,EUR
SO-2026-010992,1,2026-07-13,2026-07-17,DE-WEB-01,C014004,VM-CMP-0009,1,83.82,0.0,EUR
SO-2026-010992,2,2026-07-13,2026-07-17,DE-WEB-01,C014004, VM-EBK-0004 ,1,2653.61,0.0,EUR
SO-2026-010993,1,2026-07-13,2026-07-17,DE-WEB-01,C015150,VM-ACC-0021,5,186.8,0.12,EUR
SO-2026-010994,1,2026-07-13,2026-07-14,DE-WEB-01,C016855,VM-NUT-0004,11,1.67,0.0,EUR
SO-2026-010995,1,2026-07-13,2026-07-15,DE-WEB-01,C022991,VM-APP-0003,3,74.24,0.0,EUR
SO-2026-010996,1,2026-07-13,2026-07-17,DE-WEB-01,C023082,VM-ACC-0008,2,95.8,0.0,EUR
SO-2026-010996,2,2026-07-13,2026-07-17,DE-WEB-01,C023082,VM-EBK-0008,1,3616.38,0.0,EUR
SO-2026-010996,3,2026-07-13,2026-07-17,DE-WEB-01,C023082,VM-EBK-0004,1,2653.61,0.0,EUR
SO-2026-010996,4,2026-07-13,2026-07-17,DE-WEB-01,C023082,VM-CMP-0013,1,126.93,0.05,EUR
SO-2026-010997,1,2026-07-13,2026-07-14,DE-WEB-01,C023083,VM-CMP-0020,3,62.27,0.0,EUR
SO-2026-010998,1,2026-07-13,2026-07-15,DE-WEB-01,C011117,VM-EBK-0007,1,3520.58,0.0,EUR
SO-2026-010998,2,2026-07-13,2026-07-15,DE-WEB-01,C011117,VM-ACC-0014,1,26.34,0.0,EUR
SO-2026-010998,3,2026-07-13,2026-07-15,DE-WEB-01,C011117,VM-ACC-0008,1,95.8,0.0,EUR
SO-2026-010998,4,2026-07-13,2026-07-15,DE-WEB-01,C011117,VM-EBK-0003,1,2177.01,0.0,EUR
SO-2026-010999,1,2026-07-14,2026-07-14,PL-WAW-01,C019713,VM-ACC-0023,1,946.73,0.0,PLN
SO-2026-010999,2,2026-07-14,2026-07-14,PL-WAW-01,C019713,VM-ACC-0004,2,794.03,0.1,PLN
SO-2026-011000,1,2026-07-14,2026-07-14,PL-WAW-01,C019393,VM-ACC-0008,2,407.19,0.05,PLN
SO-2026-011001,1,2026-07-14,2026-07-14,PL-WAW-01,C023084,VM-ACC-0018,3,50.89,0.0,PLN
SO-2026-011002,1,2026-07-14,2026-07-14,PL-WAW-01,,VM-BIK-0016,1,3654.61,0.0,PLN
SO-2026-011002,2,2026-07-14,2026-07-14,PL-WAW-01,,VM-NUT-0006,6,10.17,0.0,PLN
SO-2026-011003,1,2026-07-14,2026-07-14,PL-WAW-01,,VM-BIK-0014,1,3898.93,0.0,PLN
SO-2026-011003,2,2026-07-14,2026-07-14,PL-WAW-01,,vm-app-0017,1,193.41,0.0,PLN
SO-2026-011003,3,2026-07-14,2026-07-14,PL-WAW-01,,VM-ACC-0018,1,50.89,0.0,PLN
SO-2026-011004,1,2026-07-14,2026-07-14,PL-WAW-02,C017212,VM-ACC-0020,1,824.57,0.1,PLN
SO-2026-011004,2,2026-07-14,2026-07-14,PL-WAW-02,C017212,VM-APP-0020,1,183.23,0.0,PLN
SO-2026-011005,1,2026-07-14,2026-07-14,PL-WAW-02,C011508,VM-ACC-0008,1,407.19,0.05,PLN
SO-2026-011006,1,2026-07-14,2026-07-14,PL-WAW-02,C023085,VM-CMP-0007,1,641.33,0.0,PLN
SO-2026-011006,2,2026-07-14,2026-07-14,PL-WAW-02,C023085,VM-BIK-0004,1,4346.85,0.0,PLN
SO-2026-011006,3,2026-07-14,2026-07-14,PL-WAW-02,C023085,VM-ACC-0009,1,407.19,0.0,PLN
SO-2026-011007,1,2026-07-14,2026-07-14,PL-WAW-02,C019015,VM-EBK-0007,1,14964.59,0.0,PLN
SO-2026-011008,1,2026-07-14,2026-07-14,PL-WAW-02,C023086,VM-APP-0006,1,315.57,0.0,PLN
SO-2026-011008,2,2026-07-14,2026-07-14,PL-WAW-02,C023086,VM-CMP-0011,2,162.87,0.0,PLN
SO-2026-011008,3,2026-07-14,2026-07-14,PL-WAW-02,C023086,VM-ACC-0003,1,295.21,0.0,PLN
SO-2026-011008,4,2026-07-14,2026-07-14,PL-WAW-02,C023086,VM-CMP-0013,1,539.53,0.0,PLN
SO-2026-011009,1,2026-07-14,2026-07-14,PL-KRK-01,,VM-NUT-0007,5,13.22,0.0,PLN
SO-2026-011009,2,2026-07-14,2026-07-14,PL-KRK-01,,VM-NUT-0002,4,15.26,0.0,PLN
SO-2026-011010,1,2026-07-14,2026-07-14,PL-KRK-01,,VM-EBK-0005,1,17764.09,0.05,PLN
SO-2026-011010,2,2026-07-14,2026-07-14,PL-KRK-01,,VM-CMP-0016,1,2504.27,0.0,PLN
SO-2026-011011,1,2026-07-14,2026-07-14,PL-KRK-01,C023087,VM-BIK-0010,1,6433.75,0.0,PLN
SO-2026-011012,1,2026-07-14,2026-07-14,PL-WRO-01,,VM-ACC-0013,1,173.05,0.0,PLN
SO-2026-011013,1,2026-07-14,2026-07-14,PL-WRO-01,C018658,VM-NUT-0009,3,86.52,0.05,PLN
SO-2026-011013,2,2026-07-14,2026-07-14,PL-WRO-01,C018658,VM-NUT-0003,6,11.19,0.05,PLN
SO-2026-011013,3,2026-07-14,2026-07-14,PL-WRO-01,C018658,VM-ACC-0002,2,620.97,0.05,PLN
SO-2026-011014,1,2026-07-14,2026-07-14,PL-WRO-01,,VM-NUT-0002,8,15.26,0.0,PLN
SO-2026-011015,1,2026-07-14,2026-07-14,PL-WRO-01,,VM-BIK-0012,1,12022.57,0.0,PLN
SO-2026-011015,2,2026-07-14,2026-07-14,PL-WRO-01,,VM-ACC-0017,2,59.03,0.0,PLN
SO-2026-011016,1,2026-07-14,2026-07-14,PL-WRO-01,C003241,VM-APP-0020,2,183.23,0.0,PLN
SO-2026-011017,1,2026-07-14,2026-07-14,PL-GDN-01,,VM-EBK-0006,1,20502.51,0.0,PLN
SO-2026-011018,1,2026-07-14,2026-07-14,PL-GDN-01,C023088,VM-CMP-0015,2,936.55,0.1,PLN
SO-2026-011018,2,2026-07-14,2026-07-14,PL-GDN-01,C023088,VM-ACC-0002,2,620.97,0.05,PLN
SO-2026-011019,1,2026-07-14,2026-07-14,PL-GDN-01,C021639,VM-APP-0012,1,885.65,0.0,PLN
SO-2026-011019,2,2026-07-14,2026-07-14,PL-GDN-01,C021639,VM-ACC-0012,1,73.29,0.0,PLN
SO-2026-011019,3,2026-07-14,2026-07-14,PL-GDN-01,C021639,VM-BIK-0007,1,7176.89,0.0,PLN
SO-2026-011020,1,2026-07-14,2026-07-14,PL-GDN-01,C020031,VM-APP-0012,1,885.65,0.0,PLN
SO-2026-011020,2,2026-07-14,2026-07-14,PL-GDN-01,C020031,VM-ACC-0019,1,50.89,0.0,PLN
SO-2026-011020,3,2026-07-14,2026-07-14,PL-GDN-01,C020031,VM-NUT-0004,13,7.12,0.0,PLN
SO-2026-011021,1,2026-07-14,2026-07-14,PL-POZ-01,C012972,VM-APP-0008,2,162.87,0.0,PLN
SO-2026-011022,1,2026-07-14,2026-07-14,PL-POZ-01,,VM-APP-0003,3,315.57,0.0,PLN
SO-2026-011023,1,2026-07-14,2026-07-14,PL-LDZ-01,C023089,VM-APP-0002,3,447.91,0.0,PLN
SO-2026-011023,2,2026-07-14,2026-07-14,PL-LDZ-01,C023089,VM-BIK-0020,1,1231.77,0.0,PLN
SO-2026-011023,3,2026-07-14,2026-07-14,PL-LDZ-01,C023089, VM-APP-0006 ,2,315.57,0.0,PLN
SO-2026-011024,1,2026-07-14,2026-07-14,PL-LDZ-01,C022825,VM-ACC-0014,1,111.97,0.0,PLN
SO-2026-011025,1,2026-07-14,2026-07-16,PL-WEB-01,C023090,VM-NUT-0007,7,13.22,0.0,PLN
SO-2026-011025,2,2026-07-14,2026-07-16,PL-WEB-01,C023090,VM-ACC-0020,1,824.57,0.0,PLN
SO-2026-011026,1,2026-07-14,2026-07-16,PL-WEB-01,C008131,VM-NUT-0002,30,15.26,0.08,PLN
SO-2026-011026,2,2026-07-14,2026-07-16,PL-WEB-01,C008131,VM-EBK-0007,3,14964.59,0.12,PLN
SO-2026-011027,1,2026-07-14,2026-07-16,PL-WEB-01,C015751,VM-APP-0010,1,173.05,0.0,PLN
SO-2026-011027,2,2026-07-14,2026-07-16,PL-WEB-01,C015751,VM-BIK-0013,1,4886.39,0.0,PLN
SO-2026-011027,3,2026-07-14,2026-07-16,PL-WEB-01,C015751,VM-CMP-0017,2,508.99,0.0,PLN
SO-2026-011028,1,2026-07-14,2026-07-16,PL-WEB-01,C011815,VM-NUT-0002,3,15.26,0.0,PLN
SO-2026-011028,2,2026-07-14,2026-07-16,PL-WEB-01,C011815,VM-BIK-0016,1,3654.61,0.0,PLN
SO-2026-011028,3,2026-07-14,2026-07-16,PL-WEB-01,C011815,VM-BIK-0004,1,4346.85,0.0,PLN
SO-2026-011029,1,2026-07-14,2026-07-16,PL-WEB-01,C023091,VM-CMP-0011,2,162.87,0.0,PLN
SO-2026-011030,1,2026-07-14,2026-07-16,PL-WEB-01,C023092,VM-ACC-0002,2,620.97,0.05,PLN
SO-2026-011030,2,2026-07-14,2026-07-16,PL-WEB-01,C023092,VM-BIK-0016,1,3654.61,0.05,PLN
SO-2026-011030,3,2026-07-14,2026-07-16,PL-WEB-01,C023092,VM-APP-0011,2,417.37,0.05,PLN
SO-2026-011031,1,2026-07-14,2026-07-18,PL-WEB-01,C023093,VM-APP-0015,1,580.25,0.0,PLN
SO-2026-011031,2,2026-07-14,2026-07-18,PL-WEB-01,C023093,VM-CMP-0002,1,570.07,0.0,PLN
SO-2026-011032,1,2026-07-14,2026-07-16,PL-WEB-01,C023094,VM-BIK-0020,1,1231.77,0.0,PLN
SO-2026-011033,1,2026-07-14,2026-07-17,PL-WEB-01,C014690,VM-NUT-0006,10,10.17,0.0,PLN
SO-2026-011033,2,2026-07-14,2026-07-17,PL-WEB-01,C014690,VM-BIK-0008,1,5405.57,0.0,PLN
SO-2026-011034,1,2026-07-14,2026-07-15,PL-WEB-01,C022736,VM-APP-0008,2,162.87,0.0,PLN
SO-2026-011035,1,2026-07-14,2026-07-16,PL-WEB-01,C023095,VM-NUT-0001,14,9.15,0.0,PLN
SO-2026-011035,2,2026-07-14,2026-07-16,PL-WEB-01,C023095,VM-ACC-0018,1,50.89,0.0,PLN
SO-2026-011036,1,2026-07-14,2026-07-16,PL-WEB-01,C023096,VM-BIK-0006,1,6708.61,0.05,PLN
SO-2026-011036,2,2026-07-14,2026-07-16,PL-WEB-01,C023096,VM-EBK-0005,1,17764.09,0.05,PLN
SO-2026-011037,1,2026-07-14,2026-07-16,PL-WEB-01,C018156,VM-CMP-0004,2,732.95,0.0,PLN
SO-2026-011037,2,2026-07-14,2026-07-16,PL-WEB-01,C018156,VM-CMP-0017,1,508.99,0.0,PLN
SO-2026-011038,1,2026-07-14,2026-07-18,PL-MKT-01,C022446,VM-EBK-0008,1,15371.79,0.0,PLN
SO-2026-011038,2,2026-07-14,2026-07-18,PL-MKT-01,C022446,VM-ACC-0002,1,620.97,0.0,PLN
SO-2026-011039,1,2026-07-14,2026-07-16,PL-MKT-01,C020113,VM-BIK-0003,1,6657.71,0.0,PLN
SO-2026-011039,2,2026-07-14,2026-07-16,PL-MKT-01,C020113,VM-APP-0008,2,162.87,0.0,PLN
SO-2026-011039,3,2026-07-14,2026-07-16,PL-MKT-01,C020113,VM-ACC-0008,2,407.19,0.0,PLN
SO-2026-011040,1,2026-07-14,2026-07-18,PL-MKT-01,C023097,VM-ACC-0008,1,407.19,0.0,PLN
SO-2026-011041,1,2026-07-14,2026-07-16,PL-MKT-01,C015308,VM-NUT-0009,3,86.52,0.0,PLN
SO-2026-011042,1,2026-07-14,2026-07-17,PL-MKT-01,C010698,VM-NUT-0008,18,10.17,0.1,PLN
SO-2026-011042,2,2026-07-14,2026-07-17,PL-MKT-01,C010698,VM-ACC-0008,6,407.19,0.08,PLN
SO-2026-011043,1,2026-07-14,2026-07-16,PL-MKT-01,C023098,VM-CMP-0001,1,407.19,0.0,PLN
SO-2026-011044,1,2026-07-14,2026-07-18,PL-MKT-01,C013901,VM-BIK-0007,1,7176.89,0.0,PLN
SO-2026-011045,1,2026-07-14,2026-07-16,PL-MKT-01,C023099,VM-BIK-0006,1,6708.61,0.0,PLN
SO-2026-011045,2,2026-07-14,2026-07-16,PL-MKT-01,C023099,VM-EBK-0003,1,9253.61,0.0,PLN
SO-2026-011046,1,2026-07-14,2026-07-17,PL-MKT-01,C023100,VM-ACC-0023,1,946.73,0.0,PLN
SO-2026-011047,1,2026-07-14,2026-07-15,PL-MKT-01,C023101,VM-NUT-0004,10,7.12,0.0,PLN
SO-2026-011048,1,2026-07-14,2026-07-16,PL-MKT-01,C021009,VM-ACC-0018,1,50.89,0.0,PLN
SO-2026-011048,2,2026-07-14,2026-07-16,PL-MKT-01,C021009,VM-NUT-0008,4,10.17,0.0,PLN
SO-2026-011049,1,2026-07-14,2026-07-18,PL-MKT-01,C012027,VM-EBK-0009,1,10088.37,0.05,PLN
SO-2026-011049,2,2026-07-14,2026-07-18,PL-MKT-01,C012027,VM-ACC-0018,1,50.89,0.05,PLN
SO-2026-011050,1,2026-07-14,2026-07-14,CZ-PRG-01,C021859,VM-EBK-0010,1,79518.0,0.0,CZK
SO-2026-011051,1,2026-07-14,2026-07-14,CZ-PRG-01,,VM-CMP-0017,2,2947.0,0.0,CZK
SO-2026-011052,1,2026-07-14,2026-07-14,CZ-BRN-01,C022597,VM-BIK-0008,1,31300.0,0.0,CZK
SO-2026-011053,1,2026-07-14,2026-07-16,CZ-WEB-01,C018532,VM-BIK-0019,1,7132.0,0.0,CZK
SO-2026-011054,1,2026-07-14,2026-07-16,CZ-WEB-01,C012374,VM-ACC-0002,1,3596.0,0.0,CZK
SO-2026-011054,2,2026-07-14,2026-07-16,CZ-WEB-01,C012374,VM-CMP-0002,1,3301.0,0.0,CZK
SO-2026-011054,3,2026-07-14,2026-07-16,CZ-WEB-01,C012374,VM-APP-0002,3,2594.0,0.0,CZK
SO-2026-011055,1,2026-07-14,2026-07-18,CZ-WEB-01,C020940,VM-ACC-0007,1,2122.0,0.0,CZK
SO-2026-011055,2,2026-07-14,2026-07-18,CZ-WEB-01,C020940,VM-APP-0003,2,1827.0,0.0,CZK
SO-2026-011055,3,2026-07-14,2026-07-18,CZ-WEB-01,C020940,VM-BIK-0022,1,8252.0,0.0,CZK
SO-2026-011056,1,2026-07-14,2026-07-17,CZ-WEB-01,C020693,VM-ACC-0008,2,2358.0,0.1,CZK
SO-2026-011057,1,2026-07-14,2026-07-16,CZ-WEB-01,C005132,VM-NUT-0009,2,501.0,0.0,CZK
SO-2026-011058,1,2026-07-14,2026-07-18,CZ-WEB-01,C020830,VM-CMP-0015,1,5423.0,0.1,CZK
SO-2026-011058,2,2026-07-14,2026-07-18,CZ-WEB-01,C020830,VM-CMP-0017,1,2947.0,0.0,CZK
SO-2026-011058,3,2026-07-14,2026-07-18,CZ-WEB-01,C020830,VM-APP-0002,1,2594.0,0.0,CZK
SO-2026-011058,4,2026-07-14,2026-07-18,CZ-WEB-01,C020830,VM-CMP-0019,3,1238.0,0.0,CZK
SO-2026-011059,1,2026-07-14,2026-07-14,DE-BER-01,C023102,VM-CMP-0013,2,126.93,0.05,EUR
SO-2026-011060,1,2026-07-14,2026-07-15,DE-WEB-01,C013923,VM-NUT-0006,12,2.39,0.0,EUR
SO-2026-011061,1,2026-07-14,2026-07-17,DE-WEB-01,C022874,VM-CMP-0001,2,95.8,0.0,EUR
SO-2026-011062,1,2026-07-14,2026-07-15,DE-WEB-01,C007106,VM-BIK-0019,4,289.79,0.08,EUR
SO-2026-011063,1,2026-07-14,2026-07-16,DE-WEB-01,C023103,VM-APP-0006,2,74.24,0.0,EUR
SO-2026-011064,1,2026-07-15,2026-07-15,PL-WAW-01,C012027,VM-APP-0006,2,315.57,0.05,PLN
SO-2026-011064,2,2026-07-15,2026-07-15,PL-WAW-01,C012027,VM-CMP-0019,3,213.77,0.05,PLN
SO-2026-011065,1,2026-07-15,2026-07-15,PL-WAW-01,C021985,VM-BIK-0009,1,5741.51,0.05,PLN
SO-2026-011065,2,2026-07-15,2026-07-15,PL-WAW-01,C021985,VM-CMP-0006,1,203.59,0.05,PLN
SO-2026-011065,3,2026-07-15,2026-07-15,PL-WAW-01,C021985,VM-ACC-0018,2,50.89,0.05,PLN
SO-2026-011066,1,2026-07-15,2026-07-15,PL-WAW-01,,VM-BIK-0012,1,12022.57,0.0,PLN
SO-2026-011066,2,2026-07-15,2026-07-15,PL-WAW-01,,VM-ACC-0004,1,794.03,0.0,PLN
SO-2026-011066,3,2026-07-15,2026-07-15,PL-WAW-01,,VM-APP-0006,1,315.57,0.0,PLN
SO-2026-011066,4,2026-07-15,2026-07-15,PL-WAW-01,,VM-ACC-0010,2,254.49,0.0,PLN
SO-2026-011067,1,2026-07-15,2026-07-15,PL-WAW-01,C023104,VM-ACC-0005,1,183.23,0.0,PLN
SO-2026-011068,1,2026-07-15,2026-07-15,PL-WAW-01,C010341,VM-CMP-0011,1,162.87,0.05,PLN
SO-2026-011068,2,2026-07-15,2026-07-15,PL-WAW-01,C010341,VM-EBK-0002,1,10129.09,0.05,PLN
SO-2026-011069,1,2026-07-15,2026-07-15,PL-WAW-01,,VM-ACC-0008,2,407.19,0.0,PLN
SO-2026-011069,2,2026-07-15,2026-07-15,PL-WAW-01,,VM-APP-0020,1,183.23,0.0,PLN
SO-2026-011069,3,2026-07-15,2026-07-15,PL-WAW-01,,VM-APP-0012,1,885.65,0.0,PLN
SO-2026-011069,4,2026-07-15,2026-07-15,PL-WAW-01,,VM-NUT-0007,11,13.22,0.0,PLN
SO-2026-011070,1,2026-07-15,2026-07-15,PL-WAW-01,C023105,VM-EBK-0003,1,9253.61,0.0,PLN
SO-2026-011071,1,2026-07-15,2026-07-15,PL-WAW-01,C022554,VM-ACC-0001,1,386.83,0.0,PLN
SO-2026-011071,2,2026-07-15,2026-07-15,PL-WAW-01,C022554,VM-APP-0013,1,447.91,0.0,PLN
SO-2026-011072,1,2026-07-15,2026-07-15,PL-WAW-01,C016931,VM-ACC-0013,1,173.05,0.0,PLN
SO-2026-011072,2,2026-07-15,2026-07-15,PL-WAW-01,C016931,VM-NUT-0004,7,7.12,0.0,PLN
SO-2026-011073,1,2026-07-15,2026-07-15,PL-WAW-01,,VM-BIK-0020,1,1231.77,0.0,PLN
SO-2026-011074,1,2026-07-15,2026-07-15,PL-WAW-01,C023106,VM-APP-0013,1,447.91,0.0,PLN
SO-2026-011074,2,2026-07-15,2026-07-15,PL-WAW-01,C023106,VM-ACC-0004,2,794.03,0.0,PLN
SO-2026-011075,1,2026-07-15,2026-07-15,PL-WAW-02,C015848,vm-bik-0010,1,6433.75,0.05,PLN
SO-2026-011076,1,2026-07-15,2026-07-15,PL-KRK-01,C023107,VM-BIK-0022,1,1425.19,0.0,PLN
SO-2026-011076,2,2026-07-15,2026-07-15,PL-KRK-01,C023107,VM-ACC-0003,2,295.21,0.0,PLN
SO-2026-011077,1,2026-07-15,2026-07-15,PL-KRK-01,C003322,VM-ACC-0008,1,407.19,0.0,PLN
SO-2026-011077,2,2026-07-15,2026-07-15,PL-KRK-01,C003322,VM-ACC-0019,1,50.89,0.0,PLN
SO-2026-011077,3,2026-07-15,2026-07-15,PL-KRK-01,C003322,VM-EBK-0007,1,14964.59,0.0,PLN
SO-2026-011077,4,2026-07-15,2026-07-15,PL-KRK-01,C003322,VM-APP-0020,1,183.23,0.0,PLN
SO-2026-011078,1,2026-07-15,2026-07-15,PL-KRK-01,,VM-ACC-0014,1,111.97,0.0,PLN
SO-2026-011079,1,2026-07-15,2026-07-15,PL-KRK-01,C006616,VM-BIK-0016,1,3654.61,0.0,PLN
SO-2026-011079,2,2026-07-15,2026-07-15,PL-KRK-01,C006616,VM-ACC-0020,1,824.57,0.0,PLN
SO-2026-011080,1,2026-07-15,2026-07-15,PL-WRO-01,C018414,VM-CMP-0017,2,508.99,0.05,PLN
SO-2026-011080,2,2026-07-15,2026-07-15,PL-WRO-01,C018414,VM-NUT-0007,11,13.22,0.0,PLN
SO-2026-011081,1,2026-07-15,2026-07-15,PL-WRO-01,C023108,VM-ACC-0006,1,967.09,0.0,PLN
SO-2026-011082,1,2026-07-15,2026-07-15,PL-WRO-01,,VM-CMP-0009,2,356.29,0.0,PLN
SO-2026-011083,1,2026-07-15,2026-07-15,PL-WRO-01,,VM-APP-0002,3,447.91,0.0,PLN
SO-2026-011083,2,2026-07-15,2026-07-15,PL-WRO-01,,VM-NUT-0007,7,13.22,0.0,PLN
SO-2026-011083,3,2026-07-15,2026-07-15,PL-WRO-01,,VM-BIK-0012,1,12022.57,0.0,PLN
SO-2026-011083,4,2026-07-15,2026-07-15,PL-WRO-01,,VM-BIK-0019,1,1231.77,0.0,PLN
SO-2026-011084,1,2026-07-15,2026-07-15,PL-WRO-01,C023109,VM-EBK-0004,1,11279.43,0.0,PLN
SO-2026-011084,2,2026-07-15,2026-07-15,PL-WRO-01,C023109,VM-ACC-0008,1,407.19,0.0,PLN
SO-2026-011084,3,2026-07-15,2026-07-15,PL-WRO-01,C023109,VM-ACC-0018,3,50.89,0.0,PLN
SO-2026-011084,4,2026-07-15,2026-07-15,PL-WRO-01,C023109,VM-ACC-0016,3,29.51,0.0,PLN
SO-2026-011085,1,2026-07-15,2026-07-15,PL-GDN-01,C023110,VM-CMP-0020,1,264.67,0.0,PLN
SO-2026-011085,2,2026-07-15,2026-07-15,PL-GDN-01,C023110,VM-ACC-0008,1,407.19,0.0,PLN
SO-2026-011085,3,2026-07-15,2026-07-15,PL-GDN-01,C023110,VM-ACC-0007,2,366.47,0.0,PLN
SO-2026-011085,4,2026-07-15,2026-07-15,PL-GDN-01,C023110,VM-BIK-0013,1,4886.39,0.0,PLN
SO-2026-011086,1,2026-07-15,2026-07-15,PL-GDN-01,C009385,VM-NUT-0003,24,11.19,0.1,PLN
SO-2026-011086,2,2026-07-15,2026-07-15,PL-GDN-01,C009385,VM-ACC-0021,3,794.03,0.08,PLN
SO-2026-011087,1,2026-07-15,2026-07-15,PL-POZ-01,C021644,VM-BIK-0005,1,7543.37,0.0,PLN
SO-2026-011087,2,2026-07-15,2026-07-15,PL-POZ-01,C021644,VM-ACC-0017,3,59.03,0.0,PLN
SO-2026-011088,1,2026-07-15,2026-07-15,PL-LDZ-01,C022122, VM-APP-0010 ,1,173.05,0.0,PLN
SO-2026-011089,1,2026-07-15,2026-07-18,PL-WEB-01,C004532,VM-CMP-0017,1,508.99,0.0,PLN
SO-2026-011089,2,2026-07-15,2026-07-18,PL-WEB-01,C004532,VM-NUT-0011,1,54.96,0.0,PLN
SO-2026-011089,3,2026-07-15,2026-07-18,PL-WEB-01,C004532,VM-NUT-0006,4,10.17,0.0,PLN
SO-2026-011090,1,2026-07-15,2026-07-17,PL-WEB-01,C023111,VM-CMP-0015,2,936.55,0.0,PLN
SO-2026-011091,1,2026-07-15,2026-07-16,PL-WEB-01,C022564,VM-NUT-0004,13,7.12,0.0,PLN
SO-2026-011092,1,2026-07-15,2026-07-16,PL-WEB-01,C023112,VM-CMP-0013,1,539.53,0.0,PLN
SO-2026-011092,2,2026-07-15,2026-07-16,PL-WEB-01,C023112,VM-APP-0017,1,193.41,0.0,PLN
SO-2026-011092,3,2026-07-15,2026-07-16,PL-WEB-01,C023112,VM-CMP-0003,2,244.31,0.0,PLN
SO-2026-011092,4,2026-07-15,2026-07-16,PL-WEB-01,C023112,VM-CMP-0015,1,936.55,0.0,PLN
SO-2026-011093,1,2026-07-15,2026-07-16,PL-WEB-01,C022458,VM-APP-0010,1,173.05,0.0,PLN
SO-2026-011093,2,2026-07-15,2026-07-16,PL-WEB-01,C022458,VM-ACC-0008,2,407.19,0.0,PLN
SO-2026-011093,3,2026-07-15,2026-07-16,PL-WEB-01,C022458,VM-CMP-0001,1,407.19,0.0,PLN
SO-2026-011093,4,2026-07-15,2026-07-16,PL-WEB-01,C022458,VM-CMP-0013,1,539.53,0.0,PLN
SO-2026-011094,1,2026-07-15,2026-07-16,PL-WEB-01,C023113,VM-APP-0006,1,315.57,0.0,PLN
SO-2026-011095,1,2026-07-15,2026-07-16,PL-WEB-01,C019063,VM-APP-0002,3,447.91,0.0,PLN
SO-2026-011096,1,2026-07-15,2026-07-19,PL-WEB-01,C023114,VM-ACC-0001,1,386.83,0.0,PLN
SO-2026-011096,2,2026-07-15,2026-07-19,PL-WEB-01,C023114,VM-APP-0005,3,183.23,0.0,PLN
SO-2026-011096,3,2026-07-15,2026-07-19,PL-WEB-01,C023114,VM-EBK-0005,1,17764.09,0.0,PLN
SO-2026-011097,1,2026-07-15,2026-07-19,PL-WEB-01,C023115,VM-CMP-0009,1,356.29,0.0,PLN
SO-2026-011097,2,2026-07-15,2026-07-19,PL-WEB-01,C023115,VM-CMP-0001,2,407.19,0.0,PLN
SO-2026-011098,1,2026-07-15,2026-07-16,PL-WEB-01,C023116,VM-APP-0003,3,315.57,0.0,PLN
SO-2026-011099,1,2026-07-15,2026-07-17,PL-WEB-01,C023117,VM-APP-0009,1,356.29,0.0,PLN
SO-2026-011100,1,2026-07-15,2026-07-17,PL-WEB-01,C015304,VM-ACC-0005,3,183.23,0.1,PLN
SO-2026-011101,1,2026-07-15,2026-07-18,PL-MKT-01,C017811,VM-ACC-0015,1,356.29,0.05,PLN
SO-2026-011102,1,2026-07-15,2026-07-19,PL-MKT-01,C023118,VM-ACC-0018,1,50.89,0.0,PLN
SO-2026-011103,1,2026-07-15,2026-07-18,PL-MKT-01,C014786,VM-APP-0020,2,183.23,0.05,PLN
SO-2026-011103,2,2026-07-15,2026-07-18,PL-MKT-01,C014786,VM-NUT-0008,9,10.17,0.05,PLN
SO-2026-011104,1,2026-07-15,2026-07-16,PL-MKT-01,C021342,VM-NUT-0002,3,15.26,0.05,PLN
SO-2026-011105,1,2026-07-15,2026-07-17,PL-MKT-01,C018178,VM-CMP-0004,2,732.95,0.0,PLN
SO-2026-011105,2,2026-07-15,2026-07-17,PL-MKT-01,C018178,VM-CMP-0023,1,60.05,0.0,PLN
SO-2026-011106,1,2026-07-15,2026-07-16,PL-MKT-01,C011435,VM-BIK-0007,1,7176.89,0.05,PLN
SO-2026-011106,2,2026-07-15,2026-07-16,PL-MKT-01,C011435,VM-ACC-0018,3,50.89,0.05,PLN
SO-2026-011107,1,2026-07-15,2026-07-16,PL-MKT-01,C015888,VM-ACC-0003,4,295.21,0.1,PLN
SO-2026-011107,2,2026-07-15,2026-07-16,PL-MKT-01,C015888,VM-NUT-0004,30,7.12,0.08,PLN
SO-2026-011108,1,2026-07-15,2026-07-17,PL-MKT-01,C023119,VM-CMP-0019,4,213.77,0.0,PLN
SO-2026-011109,1,2026-07-15,2026-07-19,PL-MKT-01,C023120,VM-CMP-0015,1,936.55,0.0,PLN
SO-2026-011110,1,2026-07-15,2026-07-16,PL-MKT-01,C018883,VM-ACC-0006,1,967.09,0.0,PLN
SO-2026-011111,1,2026-07-15,2026-07-17,PL-MKT-01,C019231,VM-CMP-0013,2,539.53,0.0,PLN
SO-2026-011112,1,2026-07-15,2026-07-16,PL-MKT-01,C022549,VM-EBK-0003,1,9253.61,0.0,PLN
SO-2026-011112,2,2026-07-15,2026-07-16,PL-MKT-01,C022549,VM-ACC-0008,2,407.19,0.0,PLN
SO-2026-011113,1,2026-07-15,2026-07-16,PL-MKT-01,C023121,VM-BIK-0009,1,5741.51,0.0,PLN
SO-2026-011114,1,2026-07-15,2026-07-15,CZ-PRG-01,C019962,VM-BIK-0003,1,38551.0,0.05,CZK
SO-2026-011115,1,2026-07-15,2026-07-15,CZ-PRG-01,C015170,VM-APP-0013,1,2594.0,0.0,CZK
SO-2026-011116,1,2026-07-15,2026-07-19,CZ-WEB-01,C023122,VM-NUT-0003,6,65.0,0.0,CZK
SO-2026-011117,1,2026-07-15,2026-07-18,CZ-WEB-01,C019476,VM-NUT-0003,8,65.0,0.0,CZK
SO-2026-011118,1,2026-07-15,2026-07-17,CZ-WEB-01,C023123,VM-BIK-0005,1,43679.0,0.0,CZK
SO-2026-011118,2,2026-07-15,2026-07-17,CZ-WEB-01,C023123,VM-ACC-0014,1,648.0,0.1,CZK
SO-2026-011119,1,2026-07-15,2026-07-18,CZ-WEB-01,C023124,VM-EBK-0003,1,53582.0,0.05,CZK
SO-2026-011119,2,2026-07-15,2026-07-18,CZ-WEB-01,C023124,VM-ACC-0017,3,342.0,0.05,CZK
SO-2026-011119,3,2026-07-15,2026-07-18,CZ-WEB-01,C023124,VM-ACC-0008,2,2358.0,0.05,CZK
SO-2026-011120,1,2026-07-15,2026-07-18,CZ-WEB-01,C020002,VM-BIK-0009,1,33246.0,0.0,CZK
SO-2026-011120,2,2026-07-15,2026-07-18,CZ-WEB-01,C020002,VM-ACC-0022,1,9254.0,0.0,CZK
SO-2026-011121,1,2026-07-15,2026-07-18,CZ-WEB-01,C023125,VM-BIK-0009,1,33246.0,0.05,CZK
SO-2026-011121,2,2026-07-15,2026-07-18,CZ-WEB-01,C023125,VM-BIK-0019,1,7132.0,0.05,CZK
SO-2026-011121,3,2026-07-15,2026-07-18,CZ-WEB-01,C023125,VM-NUT-0002,7,88.0,0.05,CZK
SO-2026-011122,1,2026-07-15,2026-07-17,CZ-WEB-01,C023126,VM-APP-0007,1,943.0,0.0,CZK
SO-2026-011122,2,2026-07-15,2026-07-17,CZ-WEB-01,C023126,VM-CMP-0009,1,2063.0,0.0,CZK
SO-2026-011122,3,2026-07-15,2026-07-17,CZ-WEB-01,C023126,VM-ACC-0013,1,1002.0,0.0,CZK
SO-2026-011123,1,2026-07-15,2026-07-15,DE-BER-01,C023127,VM-BIK-0017,1,457.43,0.0,EUR
SO-2026-011124,1,2026-07-15,2026-07-15,DE-BER-01,C013146,VM-BIK-0007,1,1688.44,0.05,EUR
SO-2026-011125,1,2026-07-15,2026-07-19,DE-WEB-01,C023128,VM-CMP-0013,2,126.93,0.0,EUR
SO-2026-011125,2,2026-07-15,2026-07-19,DE-WEB-01,C023128,VM-BIK-0022,1,335.29,0.0,EUR
SO-2026-011126,1,2026-07-15,2026-07-19,DE-WEB-01,C014945,VM-ACC-0021,1,186.8,0.0,EUR
SO-2026-011127,1,2026-07-15,2026-07-18,DE-WEB-01,C018246,VM-NUT-0003,6,2.63,0.0,EUR
SO-2026-011128,1,2026-07-15,2026-07-19,DE-WEB-01,C023129,VM-ACC-0020,1,193.99,0.05,EUR
SO-2026-011129,1,2026-07-16,2026-07-16,PL-WAW-01,C006572,VM-ACC-0018,2,50.89,0.12,PLN
SO-2026-011129,2,2026-07-16,2026-07-16,PL-WAW-01,C006572,VM-APP-0010,6,173.05,0.08,PLN
SO-2026-011130,1,2026-07-16,2026-07-16,PL-WAW-01,C023130,VM-BIK-0007,1,7176.89,0.0,PLN
SO-2026-011131,1,2026-07-16,2026-07-16,PL-WAW-01,C021397,VM-NUT-0006,3,10.17,0.0,PLN
SO-2026-011132,1,2026-07-16,2026-07-16,PL-WAW-01,,vm-nut-0009,4,86.52,0.0,PLN
SO-2026-011133,1,2026-07-16,2026-07-16,PL-WAW-01,C004528,VM-NUT-0009,2,86.52,0.0,PLN
SO-2026-011134,1,2026-07-16,2026-07-16,PL-WAW-02,,VM-ACC-0008,1,407.19,0.0,PLN
SO-2026-011135,1,2026-07-16,2026-07-16,PL-KRK-01,C020044,VM-EBK-0009,1,10088.37,0.1,PLN
SO-2026-011136,1,2026-07-16,2026-07-16,PL-KRK-01,C023131,VM-APP-0010,2,173.05,0.0,PLN
SO-2026-011136,2,2026-07-16,2026-07-16,PL-KRK-01,C023131,VM-BIK-0006,1,6708.61,0.0,PLN
SO-2026-011137,1,2026-07-16,2026-07-16,PL-KRK-01,,VM-CMP-0008,1,447.91,0.0,PLN
SO-2026-011138,1,2026-07-16,2026-07-16,PL-KRK-01,C021234,VM-CMP-0011,2,162.87,0.05,PLN
SO-2026-011138,2,2026-07-16,2026-07-16,PL-KRK-01,C021234,VM-ACC-0020,1,824.57,0.05,PLN
SO-2026-011139,1,2026-07-16,2026-07-16,PL-KRK-01,,VM-NUT-0008,4,10.17,0.0,PLN
SO-2026-011139,2,2026-07-16,2026-07-16,PL-KRK-01,,VM-BIK-0015,1,3145.61,0.0,PLN
SO-2026-011139,3,2026-07-16,2026-07-16,PL-KRK-01,,VM-APP-0013,1,447.91,0.0,PLN
SO-2026-011139,4,2026-07-16,2026-07-16,PL-KRK-01,,VM-ACC-0008,1,407.19,0.0,PLN
SO-2026-011140,1,2026-07-16,2026-07-16,PL-KRK-01,C015236,VM-EBK-0003,1,9253.61,0.0,PLN
SO-2026-011140,2,2026-07-16,2026-07-16,PL-KRK-01,C015236,VM-ACC-0008,1,407.19,0.0,PLN
SO-2026-011140,3,2026-07-16,2026-07-16,PL-KRK-01,C015236,VM-APP-0020,1,183.23,0.0,PLN
SO-2026-011141,1,2026-07-16,2026-07-16,PL-KRK-01,C023132,VM-APP-0010,2,173.05,0.0,PLN
SO-2026-011142,1,2026-07-16,2026-07-16,PL-KRK-01,C023133,VM-CMP-0002,2,570.07,0.0,PLN
SO-2026-011143,1,2026-07-16,2026-07-16,PL-KRK-01,C023134,VM-EBK-0003,1,9253.61,0.0,PLN
SO-2026-011144,1,2026-07-16,2026-07-16,PL-WRO-01,C008096,VM-CMP-0017,2,508.99,0.05,PLN
SO-2026-011144,2,2026-07-16,2026-07-16,PL-WRO-01,C008096,VM-EBK-0007,1,14964.59,0.05,PLN
SO-2026-011145,1,2026-07-16,2026-07-16,PL-WRO-01,C017507,VM-ACC-0008,1,407.19,0.0,PLN
SO-2026-011145,2,2026-07-16,2026-07-16,PL-WRO-01,C017507,VM-ACC-0014,1,111.97,0.0,PLN
SO-2026-011146,1,2026-07-16,2026-07-16,PL-WRO-01,,VM-NUT-0004,14,7.12,0.0,PLN
SO-2026-011146,2,2026-07-16,2026-07-16,PL-WRO-01,,VM-CMP-0013,1,539.53,0.0,PLN
SO-2026-011146,3,2026-07-16,2026-07-16,PL-WRO-01,,VM-BIK-0004,1,4346.85,0.0,PLN
SO-2026-011147,1,2026-07-16,2026-07-16,PL-WRO-01,C023135,VM-APP-0013,1,447.91,0.0,PLN
SO-2026-011147,2,2026-07-16,2026-07-16,PL-WRO-01,C023135,VM-CMP-0013,2,539.53,0.0,PLN
SO-2026-011148,1,2026-07-16,2026-07-16,PL-WRO-01,C023136,VM-NUT-0003,15,11.19,0.0,PLN
SO-2026-011148,2,2026-07-16,2026-07-16,PL-WRO-01,C023136,VM-BIK-0011,1,8805.69,0.0,PLN
SO-2026-011149,1,2026-07-16,2026-07-16,PL-WRO-01,C021865,VM-CMP-0009,2,356.29,0.0,PLN
SO-2026-011149,2,2026-07-16,2026-07-16,PL-WRO-01,C021865,VM-CMP-0005,2,1506.63,0.0,PLN
SO-2026-011150,1,2026-07-16,2026-07-16,PL-WRO-01,,VM-APP-0010,1,173.05,0.0,PLN
SO-2026-011151,1,2026-07-16,2026-07-16,PL-WRO-01,,VM-ACC-0008,1,407.19,0.0,PLN
SO-2026-011151,2,2026-07-16,2026-07-16,PL-WRO-01,,VM-CMP-0012,2,549.71,0.0,PLN
SO-2026-011152,1,2026-07-16,2026-07-16,PL-GDN-01,C022033,VM-EBK-0008,1,15371.79,0.0,PLN
SO-2026-011153,1,2026-07-16,2026-07-16,PL-GDN-01,C023137,VM-BIK-0007,1,7176.89,0.0,PLN
SO-2026-011153,2,2026-07-16,2026-07-16,PL-GDN-01,C023137,VM-ACC-0008,1,407.19,0.0,PLN
SO-2026-011154,1,2026-07-16,2026-07-16,PL-GDN-01,,VM-CMP-0005,1,1506.63,0.0,PLN
SO-2026-011155,1,2026-07-16,2026-07-16,PL-POZ-01,C018739,VM-ACC-0014,2,111.97,0.08,PLN
SO-2026-011155,2,2026-07-16,2026-07-16,PL-POZ-01,C018739,VM-ACC-0001,10,386.83,0.08,PLN
SO-2026-011156,1,2026-07-16,2026-07-16,PL-POZ-01,C018643,VM-BIK-0012,1,12022.57,0.0,PLN
SO-2026-011157,1,2026-07-16,2026-07-16,PL-POZ-01,C023138,VM-CMP-0008,2,447.91,0.0,PLN
SO-2026-011158,1,2026-07-16,2026-07-16,PL-POZ-01,,VM-EBK-0007,1,14964.59,0.0,PLN
SO-2026-011159,1,2026-07-16,2026-07-16,PL-LDZ-01,C021145,VM-APP-0002,2,447.91,0.0,PLN
SO-2026-011159,2,2026-07-16,2026-07-16,PL-LDZ-01,C021145,VM-APP-0013,1,447.91,0.0,PLN
SO-2026-011159,3,2026-07-16,2026-07-16,PL-LDZ-01,C021145,VM-ACC-0018,3,50.89,0.0,PLN
SO-2026-011159,4,2026-07-16,2026-07-16,PL-LDZ-01,C021145,VM-BIK-0013,1,4886.39,0.0,PLN
SO-2026-011160,1,2026-07-16,2026-07-16,PL-LDZ-01,C018729,VM-NUT-0002,14,15.26,0.0,PLN
SO-2026-011160,2,2026-07-16,2026-07-16,PL-LDZ-01,C018729,VM-NUT-0007,7,13.22,0.0,PLN
SO-2026-011160,3,2026-07-16,2026-07-16,PL-LDZ-01,C018729,VM-EBK-0010,1,13732.81,0.0,PLN
SO-2026-011160,4,2026-07-16,2026-07-16,PL-LDZ-01,C018729,VM-NUT-0003,13,11.19,0.0,PLN
SO-2026-011161,1,2026-07-16,2026-07-17,PL-WEB-01,C015494,VM-BIK-0005,1,7543.37,0.05,PLN
SO-2026-011162,1,2026-07-16,2026-07-20,PL-WEB-01,C013131,VM-ACC-0017,3,59.03,0.0,PLN
SO-2026-011163,1,2026-07-16,2026-07-18,PL-WEB-01,C010062,VM-NUT-0008,5,10.17,0.0,PLN
SO-2026-011163,2,2026-07-16,2026-07-18,PL-WEB-01,C010062,VM-NUT-0003,15,11.19,0.0,PLN
SO-2026-011164,1,2026-07-16,2026-07-20,PL-WEB-01,C017682,VM-APP-0006,2,315.57,0.0,PLN
SO-2026-011164,2,2026-07-16,2026-07-20,PL-WEB-01,C017682,VM-NUT-0003,10,11.19,0.0,PLN
SO-2026-011164,3,2026-07-16,2026-07-20,PL-WEB-01,C017682,VM-BIK-0011,1,8805.69,0.0,PLN
SO-2026-011165,1,2026-07-16,2026-07-18,PL-WEB-01,C020476,VM-BIK-0017,3,1944.37,0.1,PLN
SO-2026-011166,1,2026-07-16,2026-07-17,PL-WEB-01,C023139,VM-BIK-0009,1,5741.51,0.0,PLN
SO-2026-011166,2,2026-07-16,2026-07-17,PL-WEB-01,C023139,VM-ACC-0003,2,295.21,0.0,PLN
SO-2026-011167,1,2026-07-16,2026-07-17,PL-WEB-01,C022940,VM-ACC-0014,1,111.97,0.05,PLN
SO-2026-011167,2,2026-07-16,2026-07-17,PL-WEB-01,C022940,VM-ACC-0006,1,967.09,0.05,PLN
SO-2026-011168,1,2026-07-16,2026-07-17,PL-WEB-01,C017939, VM-CMP-0009 ,2,356.29,0.05,PLN
SO-2026-011169,1,2026-07-16,2026-07-19,PL-WEB-01,C015381,VM-ACC-0020,1,824.57,0.0,PLN
SO-2026-011170,1,2026-07-16,2026-07-19,PL-WEB-01,C014241,VM-APP-0007,2,162.87,0.05,PLN
SO-2026-011171,1,2026-07-16,2026-07-17,PL-MKT-01,C001104,VM-NUT-0002,3,15.26,0.05,PLN
SO-2026-011171,2,2026-07-16,2026-07-17,PL-MKT-01,C001104,VM-CMP-0023,4,60.05,0.05,PLN
SO-2026-011171,3,2026-07-16,2026-07-17,PL-MKT-01,C001104,vm-nut-0004,12,7.12,0.05,PLN
SO-2026-011172,1,2026-07-16,2026-07-17,PL-MKT-01,C019321,VM-APP-0006,1,315.57,0.05,PLN
SO-2026-011172,2,2026-07-16,2026-07-17,PL-MKT-01,C019321,VM-CMP-0022,1,36.64,0.05,PLN
SO-2026-011173,1,2026-07-16,2026-07-19,PL-MKT-01,C023140,VM-APP-0002,2,447.91,0.0,PLN
SO-2026-011174,1,2026-07-16,2026-07-20,PL-MKT-01,C004985,VM-ACC-0002,6,620.97,0.12,PLN
SO-2026-011175,1,2026-07-16,2026-07-19,PL-MKT-01,C023141,VM-NUT-0003,12,11.19,0.0,PLN
SO-2026-011176,1,2026-07-16,2026-07-18,PL-MKT-01,C022259,VM-CMP-0009,1,356.29,0.0,PLN
SO-2026-011177,1,2026-07-16,2026-07-16,CZ-PRG-01,C023142,VM-EBK-0009,1,58416.0,0.0,CZK
SO-2026-011178,1,2026-07-16,2026-07-16,CZ-PRG-01,C016937,VM-ACC-0019,1,295.0,0.0,CZK
SO-2026-011179,1,2026-07-16,2026-07-16,CZ-PRG-01,C006355,VM-ACC-0016,2,171.0,0.0,CZK
SO-2026-011179,2,2026-07-16,2026-07-16,CZ-PRG-01,C006355,VM-ACC-0009,1,2358.0,0.0,CZK
SO-2026-011180,1,2026-07-16,2026-07-16,CZ-BRN-01,,VM-BIK-0013,1,28294.0,0.0,CZK
SO-2026-011180,2,2026-07-16,2026-07-16,CZ-BRN-01,,VM-EBK-0004,1,65312.0,0.0,CZK
SO-2026-011181,1,2026-07-16,2026-07-18,CZ-WEB-01,C014591,VM-ACC-0014,1,648.0,0.0,CZK
SO-2026-011182,1,2026-07-16,2026-07-18,CZ-WEB-01,C023143,VM-BIK-0007,1,41557.0,0.05,CZK
SO-2026-011183,1,2026-07-16,2026-07-19,CZ-WEB-01,C013806,VM-BIK-0003,1,38551.0,0.0,CZK
SO-2026-011183,2,2026-07-16,2026-07-19,CZ-WEB-01,C013806,VM-CMP-0012,2,3183.0,0.0,CZK
SO-2026-011184,1,2026-07-16,2026-07-19,CZ-WEB-01,C012333,VM-NUT-0011,1,318.0,0.0,CZK
SO-2026-011185,1,2026-07-16,2026-07-18,CZ-WEB-01,C015476,VM-ACC-0021,1,4598.0,0.0,CZK
SO-2026-011185,2,2026-07-16,2026-07-18,CZ-WEB-01,C015476,VM-APP-0020,1,1061.0,0.0,CZK
SO-2026-011186,1,2026-07-16,2026-07-17,CZ-WEB-01,C019280,VM-ACC-0020,1,4775.0,0.0,CZK
SO-2026-011186,2,2026-07-16,2026-07-17,CZ-WEB-01,C019280,VM-APP-0007,1,943.0,0.0,CZK
SO-2026-011187,1,2026-07-16,2026-07-16,DE-BER-01,C023144,VM-NUT-0008,9,2.39,0.0,EUR
SO-2026-011188,1,2026-07-16,2026-07-20,DE-WEB-01,C016878,VM-APP-0014,1,117.35,0.0,EUR
SO-2026-011189,1,2026-07-16,2026-07-19,DE-WEB-01,C019547,VM-ACC-0008,2,95.8,0.05,EUR
SO-2026-011189,2,2026-07-16,2026-07-19,DE-WEB-01,C019547,VM-ACC-0003,1,69.45,0.05,EUR
SO-2026-011189,3,2026-07-16,2026-07-19,DE-WEB-01,C019547,VM-ACC-0021,1,186.8,0.05,EUR
SO-2026-011189,4,2026-07-16,2026-07-19,DE-WEB-01,C019547,VM-APP-0015,1,136.51,0.05,EUR
SO-2026-011190,1,2026-07-16,2026-07-18,DE-WEB-01,C023145,VM-APP-0013,1,105.38,0.0,EUR
SO-2026-011190,2,2026-07-16,2026-07-18,DE-WEB-01,C023145,VM-BIK-0004,1,1022.64,0.0,EUR
SO-2026-011191,1,2026-07-16,2026-07-19,DE-WEB-01,C022926,VM-NUT-0006,6,2.39,0.0,EUR
SO-TEST-0001,1,2026-07-16,2026-07-16,TEST-01,TEST-QA,VM-APP-0018,1,1.0,0.0,PLN
SO-2026-011192,1,2026-07-17,2026-07-17,PL-WAW-01,,VM-EBK-0007,1,14964.59,0.0,PLN
SO-2026-011192,2,2026-07-17,2026-07-17,PL-WAW-01,,vm-acc-0018,1,50.89,0.0,PLN
SO-2026-011193,1,2026-07-17,2026-07-17,PL-WAW-01,C020575,VM-NUT-0004,12,7.12,0.0,PLN
SO-2026-011193,2,2026-07-17,2026-07-17,PL-WAW-01,C020575,VM-APP-0013,1,447.91,0.0,PLN
SO-2026-011193,3,2026-07-17,2026-07-17,PL-WAW-01,C020575,VM-NUT-0009,1,86.52,0.0,PLN
SO-2026-011194,1,2026-07-17,2026-07-17,PL-WAW-01,C023146,VM-EBK-0011,1,14903.51,0.0,PLN
SO-2026-011195,1,2026-07-17,2026-07-17,PL-WAW-01,C023147,VM-EBK-0007,1,14964.59,0.0,PLN
SO-2026-011196,1,2026-07-17,2026-07-17,PL-WAW-01,C023148,VM-BIK-0001,1,13936.41,0.0,PLN
SO-2026-011197,1,2026-07-17,2026-07-17,PL-WAW-01,C021709,VM-ACC-0003,1,295.21,0.0,PLN
SO-2026-011198,1,2026-07-17,2026-07-17,PL-WAW-01,,VM-ACC-0007,2,366.47,0.0,PLN
SO-2026-011199,1,2026-07-17,2026-07-17,PL-WAW-01,,VM-BIK-0021,1,1272.49,0.0,PLN
SO-2026-011199,2,2026-07-17,2026-07-17,PL-WAW-01,,VM-EBK-0005,1,17764.09,0.0,PLN
SO-2026-011200,1,2026-07-17,2026-07-17,PL-WAW-01,C015386,VM-NUT-0003,14,11.19,0.0,PLN
SO-2026-011201,1,2026-07-17,2026-07-17,PL-WAW-01,,VM-ACC-0001,1,386.83,0.0,PLN
SO-2026-011201,2,2026-07-17,2026-07-17,PL-WAW-01,,VM-NUT-0006,4,10.17,0.0,PLN
SO-2026-011202,1,2026-07-17,2026-07-17,PL-WAW-01,,VM-EBK-0009,1,10088.37,0.0,PLN
SO-2026-011203,1,2026-07-17,2026-07-17,PL-WAW-01,,VM-EBK-0004,1,11279.43,0.0,PLN
SO-2026-011203,2,2026-07-17,2026-07-17,PL-WAW-01,,VM-ACC-0017,2,59.03,0.0,PLN
SO-2026-011203,3,2026-07-17,2026-07-17,PL-WAW-01,,VM-CMP-0016,1,2504.27,0.0,PLN
SO-2026-011203,4,2026-07-17,2026-07-17,PL-WAW-01,,VM-NUT-0008,5,10.17,0.0,PLN
SO-2026-011204,1,2026-07-17,2026-07-17,PL-WAW-02,C016677,VM-NUT-0002,15,15.26,0.05,PLN
SO-2026-011205,1,2026-07-17,2026-07-17,PL-WAW-02,C023149,VM-ACC-0009,1,407.19,0.05,PLN
SO-2026-011206,1,2026-07-17,2026-07-17,PL-WAW-02,,VM-CMP-0016,2,2504.27,0.0,PLN
SO-2026-011206,2,2026-07-17,2026-07-17,PL-WAW-02,,VM-ACC-0008,2,407.19,0.0,PLN
SO-2026-011207,1,2026-07-17,2026-07-17,PL-KRK-01,,VM-EBK-0011,1,14903.51,0.0,PLN
SO-2026-011208,1,2026-07-17,2026-07-17,PL-KRK-01,C017898,VM-APP-0003,3,315.57,0.0,PLN
SO-2026-011208,2,2026-07-17,2026-07-17,PL-KRK-01,C017898,VM-CMP-0006,2,203.59,0.0,PLN
SO-2026-011209,1,2026-07-17,2026-07-17,PL-KRK-01,C016860,VM-ACC-0007,2,366.47,0.0,PLN
SO-2026-011210,1,2026-07-17,2026-07-17,PL-KRK-01,,VM-CMP-0003,2,244.31,0.0,PLN
SO-2026-011210,2,2026-07-17,2026-07-17,PL-KRK-01,,VM-ACC-0008,2,407.19,0.0,PLN
SO-2026-011211,1,2026-07-17,2026-07-17,PL-WRO-01,C019351,VM-ACC-0006,2,967.09,0.0,PLN
SO-2026-011211,2,2026-07-17,2026-07-17,PL-WRO-01,C019351,VM-ACC-0008,2,407.19,0.0,PLN
SO-2026-011211,3,2026-07-17,2026-07-17,PL-WRO-01,C019351,VM-EBK-0005,1,17764.09,0.0,PLN
SO-2026-011212,1,2026-07-17,2026-07-17,PL-WRO-01,C009182,VM-NUT-0007,9,13.22,0.0,PLN
SO-2026-011213,1,2026-07-17,2026-07-17,PL-WRO-01,,VM-BIK-0012,1,12022.57,0.0,PLN
SO-2026-011214,1,2026-07-17,2026-07-17,PL-WRO-01,C023150,VM-ACC-0023,1,946.73,0.0,PLN
SO-2026-011215,1,2026-07-17,2026-07-17,PL-WRO-01,C020245,VM-NUT-0004,15,7.12,0.0,PLN
SO-2026-011215,2,2026-07-17,2026-07-17,PL-WRO-01,C020245,VM-NUT-0003,8,11.19,0.0,PLN
SO-2026-011216,1,2026-07-17,2026-07-17,PL-GDN-01,C020758,VM-NUT-0002,12,15.26,0.0,PLN
SO-2026-011217,1,2026-07-17,2026-07-17,PL-GDN-01,C023151,VM-BIK-0020,1,1231.77,0.0,PLN
SO-2026-011217,2,2026-07-17,2026-07-17,PL-GDN-01,C023151,VM-ACC-0017,2,59.03,0.0,PLN
SO-2026-011218,1,2026-07-17,2026-07-17,PL-GDN-01,C015381,VM-ACC-0018,2,50.89,0.0,PLN
SO-2026-011219,1,2026-07-17,2026-07-17,PL-POZ-01,,VM-CMP-0023,2,60.05,0.0,PLN
SO-2026-011219,2,2026-07-17,2026-07-17,PL-POZ-01,,VM-BIK-0001,1,13936.41,0.0,PLN
SO-2026-011220,1,2026-07-17,2026-07-17,PL-POZ-01,C022694,VM-APP-0010,2,173.05,0.1,PLN
SO-2026-011220,2,2026-07-17,2026-07-17,PL-POZ-01,C022694,VM-ACC-0007,10,366.47,0.1,PLN
SO-2026-011220,3,2026-07-17,2026-07-17,PL-POZ-01,C022694,VM-NUT-0004,24,7.12,0.08,PLN
SO-2026-011220,4,2026-07-17,2026-07-17,PL-POZ-01,C022694,VM-APP-0004,3,244.31,0.08,PLN
SO-2026-011221,1,2026-07-17,2026-07-17,PL-POZ-01,,VM-NUT-0006,7,10.17,0.0,PLN
SO-2026-011222,1,2026-07-17,2026-07-17,PL-POZ-01,,VM-APP-0010,2,173.05,0.0,PLN
SO-2026-011223,1,2026-07-17,2026-07-17,PL-LDZ-01,C023152,VM-ACC-0003,2,295.21,0.0,PLN
SO-2026-011223,2,2026-07-17,2026-07-17,PL-LDZ-01,C023152,VM-EBK-0004,1,11279.43,0.0,PLN
SO-2026-011224,1,2026-07-17,2026-07-17,PL-LDZ-01,C016088,VM-BIK-0009,1,5741.51,0.0,PLN
SO-2026-011225,1,2026-07-17,2026-07-17,PL-LDZ-01,C019884,VM-NUT-0001,11,9.15,0.0,PLN
SO-2026-011226,1,2026-07-17,2026-07-17,PL-LDZ-01,C014643,VM-APP-0006,10,315.57,0.1,PLN
SO-2026-011226,2,2026-07-17,2026-07-17,PL-LDZ-01,C014643,VM-CMP-0016,8,2504.27,0.12,PLN
SO-2026-011226,3,2026-07-17,2026-07-17,PL-LDZ-01,C014643,VM-BIK-0004,2,4346.85,0.1,PLN
SO-2026-011226,4,2026-07-17,2026-07-17,PL-LDZ-01,C014643,VM-EBK-0007,3,14964.59,0.12,PLN
SO-2026-011227,1,2026-07-17,2026-07-18,PL-WEB-01,C023153,VM-APP-0018,2,132.33,0.0,PLN
SO-2026-011227,2,2026-07-17,2026-07-18,PL-WEB-01,C023153,VM-CMP-0013,1,539.53,0.0,PLN
SO-2026-011227,3,2026-07-17,2026-07-18,PL-WEB-01,C023153,VM-EBK-0002,1,10129.09,0.0,PLN
SO-2026-011228,1,2026-07-17,2026-07-19,PL-WEB-01,C018138,VM-CMP-0002,2,570.07,0.0,PLN
SO-2026-011228,2,2026-07-17,2026-07-19,PL-WEB-01,C018138,VM-CMP-0017,1,508.99,0.0,PLN
SO-2026-011228,3,2026-07-17,2026-07-19,PL-WEB-01,C018138,VM-APP-0018,1,132.33,0.0,PLN
SO-2026-011228,4,2026-07-17,2026-07-19,PL-WEB-01,C018138,VM-NUT-0008,8,10.17,0.0,PLN
SO-2026-011229,1,2026-07-17,2026-07-21,PL-WEB-01,C023154,VM-APP-0004,3,244.31,0.0,PLN
SO-2026-011230,1,2026-07-17,2026-07-20,PL-WEB-01,C018269,VM-ACC-0008,2,407.19,0.1,PLN
SO-2026-011231,1,2026-07-17,2026-07-19,PL-WEB-01,C023155,VM-CMP-0013,1,539.53,0.0,PLN
SO-2026-011231,2,2026-07-17,2026-07-19,PL-WEB-01,C023155,VM-CMP-0009,2,356.29,0.0,PLN
SO-2026-011232,1,2026-07-17,2026-07-20,PL-WEB-01,C020420,VM-BIK-0019,1,1231.77,0.0,PLN
SO-2026-011232,2,2026-07-17,2026-07-20,PL-WEB-01,C020420,VM-ACC-0008,1,407.19,0.0,PLN
SO-2026-011233,1,2026-07-17,2026-07-21,PL-WEB-01,C013454,VM-EBK-0002,3,10129.09,0.12,PLN
SO-2026-011234,1,2026-07-17,2026-07-19,PL-WEB-01,C021844,VM-NUT-0009,2,86.52,0.1,PLN
SO-2026-011234,2,2026-07-17,2026-07-19,PL-WEB-01,C021844,VM-ACC-0002,6,620.97,0.08,PLN
SO-2026-011235,1,2026-07-17,2026-07-20,PL-WEB-01,C023156,VM-APP-0009,1,356.29,0.0,PLN
SO-2026-011236,1,2026-07-17,2026-07-20,PL-WEB-01,C011340,VM-ACC-0014,1,111.97,0.0,PLN
SO-2026-011236,2,2026-07-17,2026-07-20,PL-WEB-01,C011340,VM-NUT-0003,10,11.19,0.0,PLN
SO-2026-011236,3,2026-07-17,2026-07-20,PL-WEB-01,C011340,VM-NUT-0008,11,10.17,0.0,PLN
SO-2026-011237,1,2026-07-17,2026-07-19,PL-WEB-01,C023157,VM-APP-0013,1,447.91,0.0,PLN
SO-2026-011237,2,2026-07-17,2026-07-19,PL-WEB-01,C023157,vm-nut-0011,2,54.96,0.0,PLN
SO-2026-011237,3,2026-07-17,2026-07-19,PL-WEB-01,C023157,VM-ACC-0007,2,366.47,0.0,PLN
SO-2026-011238,1,2026-07-17,2026-07-19,PL-MKT-01,C002776,VM-ACC-0008,2,407.19,0.05,PLN
SO-2026-011239,1,2026-07-17,2026-07-21,PL-MKT-01,C018838,VM-BIK-0012,1,12022.57,0.05,PLN
SO-2026-011239,2,2026-07-17,2026-07-21,PL-MKT-01,C018838,VM-ACC-0014,1,111.97,0.0,PLN
SO-2026-011239,3,2026-07-17,2026-07-21,PL-MKT-01,C018838,VM-BIK-0001,1,13936.41,0.0,PLN
SO-2026-011240,1,2026-07-17,2026-07-21,PL-MKT-01,C019934, VM-ACC-0022 ,1,1598.25,0.0,PLN
SO-2026-011240,2,2026-07-17,2026-07-21,PL-MKT-01,C019934,VM-BIK-0012,1,12022.57,0.0,PLN
SO-2026-011240,3,2026-07-17,2026-07-21,PL-MKT-01,C019934,VM-ACC-0008,2,407.19,0.0,PLN
SO-2026-011240,4,2026-07-17,2026-07-21,PL-MKT-01,C019934,VM-BIK-0011,1,8805.69,0.0,PLN
SO-2026-011241,1,2026-07-17,2026-07-19,PL-MKT-01,C013506,VM-CMP-0020,3,264.67,0.0,PLN
SO-2026-011242,1,2026-07-17,2026-07-18,PL-MKT-01,C015888,VM-NUT-0003,60,11.19,0.12,PLN
SO-2026-011243,1,2026-07-17,2026-07-19,PL-MKT-01,C003161,VM-CMP-0018,3,63.11,0.05,PLN
SO-2026-011243,2,2026-07-17,2026-07-19,PL-MKT-01,C003161,VM-ACC-0011,1,73.29,0.05,PLN
SO-2026-011244,1,2026-07-17,2026-07-21,PL-MKT-01,C023158,VM-BIK-0007,1,7176.89,0.0,PLN
SO-2026-011245,1,2026-07-17,2026-07-18,PL-MKT-01,C022694,VM-BIK-0016,4,3654.61,0.08,PLN
SO-2026-011245,2,2026-07-17,2026-07-18,PL-MKT-01,C022694,VM-NUT-0002,20,15.26,0.12,PLN
SO-2026-011245,3,2026-07-17,2026-07-18,PL-MKT-01,C022694,VM-ACC-0006,2,967.09,0.08,PLN
SO-2026-011246,1,2026-07-17,2026-07-20,PL-MKT-01,C022314,VM-BIK-0009,1,5741.51,0.0,PLN
SO-2026-011247,1,2026-07-17,2026-07-21,PL-MKT-01,C019705,VM-BIK-0008,1,5405.57,0.0,PLN
SO-2026-011247,2,2026-07-17,2026-07-21,PL-MKT-01,C019705,VM-ACC-0008,1,407.19,0.0,PLN
SO-2026-011248,1,2026-07-17,2026-07-20,PL-MKT-01,C023159, VM-ACC-0007 ,2,366.47,0.0,PLN
SO-2026-011248,2,2026-07-17,2026-07-20,PL-MKT-01,C023159,VM-BIK-0022,1,1425.19,0.0,PLN
SO-2026-011249,1,2026-07-17,2026-07-21,PL-MKT-01,C023160,VM-EBK-0004,1,11279.43,0.0,PLN
SO-2026-011249,2,2026-07-17,2026-07-21,PL-MKT-01,C023160,VM-BIK-0012,1,12022.57,0.0,PLN
SO-2026-011250,1,2026-07-17,2026-07-17,CZ-PRG-01,C016699,VM-CMP-0017,1,2947.0,0.05,CZK
SO-2026-011251,1,2026-07-17,2026-07-17,CZ-PRG-01,C022709,VM-CMP-0008,1,2594.0,0.0,CZK
SO-2026-011252,1,2026-07-17,2026-07-17,CZ-PRG-01,,VM-EBK-0003,1,53582.0,0.0,CZK
SO-2026-011253,1,2026-07-17,2026-07-17,CZ-BRN-01,C014324,VM-EBK-0008,1,89009.0,0.0,CZK
SO-2026-011253,2,2026-07-17,2026-07-17,CZ-BRN-01,C014324,VM-ACC-0017,2,342.0,0.0,CZK
SO-2026-011254,1,2026-07-17,2026-07-17,CZ-BRN-01,,VM-CMP-0009,1,2063.0,0.0,CZK
SO-2026-011255,1,2026-07-17,2026-07-19,CZ-WEB-01,C004285,VM-APP-0002,2,2594.0,0.0,CZK
SO-2026-011255,2,2026-07-17,2026-07-19,CZ-WEB-01,C004285,VM-ACC-0004,2,4598.0,0.05,CZK
SO-2026-011256,1,2026-07-17,2026-07-20,CZ-WEB-01,C016486,VM-BIK-0019,5,7132.0,0.12,CZK
SO-2026-011256,2,2026-07-17,2026-07-20,CZ-WEB-01,C016486,VM-ACC-0007,4,2122.0,0.12,CZK
SO-2026-011256,3,2026-07-17,2026-07-20,CZ-WEB-01,C016486,VM-ACC-0009,6,2358.0,0.08,CZK
SO-2026-011256,4,2026-07-17,2026-07-20,CZ-WEB-01,C016486,VM-NUT-0011,12,318.0,0.12,CZK
SO-2026-011257,1,2026-07-17,2026-07-20,CZ-WEB-01,C023161,VM-BIK-0017,1,11259.0,0.0,CZK
SO-2026-011257,2,2026-07-17,2026-07-20,CZ-WEB-01,C023161,VM-ACC-0007,1,2122.0,0.0,CZK
SO-2026-011258,1,2026-07-17,2026-07-17,DE-BER-01,,VM-CMP-0006,2,47.9,0.0,EUR
SO-2026-011259,1,2026-07-17,2026-07-17,DE-BER-01,,VM-ACC-0017,3,13.89,0.0,EUR
SO-2026-011259,2,2026-07-17,2026-07-17,DE-BER-01,,VM-EBK-0007,1,3520.58,0.0,EUR
SO-2026-011259,3,2026-07-17,2026-07-17,DE-BER-01,,VM-ACC-0001,1,91.01,0.0,EUR
SO-2026-011260,1,2026-07-17,2026-07-17,DE-BER-01,C011565,VM-EBK-0007,1,3520.58,0.05,EUR
SO-2026-011260,2,2026-07-17,2026-07-17,DE-BER-01,C011565,VM-ACC-0008,2,95.8,0.05,EUR
SO-2026-011261,1,2026-07-17,2026-07-17,DE-BER-01,,VM-NUT-0011,2,12.93,0.0,EUR
SO-2026-011262,1,2026-07-17,2026-07-17,DE-BER-01,C000824,VM-EBK-0002,1,2382.98,0.05,EUR
SO-2026-011262,2,2026-07-17,2026-07-17,DE-BER-01,C000824,VM-NUT-0004,10,1.67,0.05,EUR
SO-2026-011263,1,2026-07-17,2026-07-20,DE-WEB-01,C023162,VM-APP-0006,1,74.24,0.0,EUR
SO-2026-011263,2,2026-07-17,2026-07-20,DE-WEB-01,C023162,vm-acc-0020,1,193.99,0.0,EUR
SO-2026-011263,3,2026-07-17,2026-07-20,DE-WEB-01,C023162,VM-ACC-0014,1,26.34,0.0,EUR
SO-2026-011264,1,2026-07-17,2026-07-19,DE-WEB-01,C023163,VM-BIK-0013,1,1149.58,0.0,EUR
SO-2026-011264,2,2026-07-17,2026-07-19,DE-WEB-01,C023163, VM-CMP-0019 ,3,50.29,0.0,EUR
SO-2026-011264,3,2026-07-17,2026-07-19,DE-WEB-01,C023163,VM-BIK-0001,1,3278.69,0.0,EUR
SO-2026-011265,1,2026-07-17,2026-07-18,DE-WEB-01,C000234,VM-NUT-0008,11,2.39,0.0,EUR
SO-2026-011266,1,2026-07-17,2026-07-18,DE-WEB-01,C023164,VM-EBK-0007,1,3520.58,0.0,EUR
SO-2026-011267,1,2026-07-17,2026-07-20,DE-WEB-01,C022873,VM-NUT-0002,14,3.59,0.0,EUR
SO-2026-011267,2,2026-07-17,2026-07-20,DE-WEB-01,C022873,VM-CMP-0001,2,95.8,0.0,EUR
SO-2026-011268,1,2026-07-17,2026-07-19,DE-WEB-01,C023165,VM-BIK-0017,1,457.43,0.0,EUR
SO-2026-011268,2,2026-07-17,2026-07-19,DE-WEB-01,C023165,VM-EBK-0010,1,3230.79,0.0,EUR
SO-2026-011269,1,2026-07-17,2026-07-21,DE-WEB-01,C023166,VM-EBK-0008,1,3616.38,0.0,EUR
SO-2026-011270,1,2026-07-17,2026-07-18,DE-WEB-01,C023167,VM-BIK-0020,1,289.79,0.0,EUR
SO-2026-011270,2,2026-07-17,2026-07-18,DE-WEB-01,C023167,VM-ACC-0014,1,26.34,0.0,EUR
SO-2026-011271,1,2026-07-17,2026-07-18,DE-WEB-01,C023168,VM-CMP-0013,2,126.93,0.1,EUR
SO-2026-011272,1,2026-07-18,2026-07-18,PL-WAW-01,C000593,VM-CMP-0001,2,407.19,0.05,PLN
SO-2026-011272,2,2026-07-18,2026-07-18,PL-WAW-01,C000593,VM-ACC-0008,1,407.19,0.05,PLN
SO-2026-011273,1,2026-07-18,2026-07-18,PL-WAW-01,C018667,VM-APP-0002,6,447.91,0.08,PLN
SO-2026-011273,2,2026-07-18,2026-07-18,PL-WAW-01,C018667,VM-BIK-0004,2,4346.85,0.12,PLN
SO-2026-011274,1,2026-07-18,2026-07-18,PL-WAW-01,C023169,VM-CMP-0013,1,539.53,0.0,PLN
SO-2026-011275,1,2026-07-18,2026-07-18,PL-WAW-01,,VM-BIK-0020,1,1231.77,0.0,PLN
SO-2026-011275,2,2026-07-18,2026-07-18,PL-WAW-01,,VM-EBK-0004,1,11279.43,0.0,PLN
SO-2026-011275,3,2026-07-18,2026-07-18,PL-WAW-01,,VM-ACC-0008,1,407.19,0.0,PLN
SO-2026-011275,4,2026-07-18,2026-07-18,PL-WAW-01,,VM-ACC-0011,1,73.29,0.0,PLN
SO-2026-011276,1,2026-07-18,2026-07-18,PL-WAW-01,C023170,VM-ACC-0014,1,111.97,0.0,PLN
SO-2026-011277,1,2026-07-18,2026-07-18,PL-WAW-01,C023171,VM-BIK-0017,1,1944.37,0.05,PLN
SO-2026-011278,1,2026-07-18,2026-07-18,PL-WAW-02,C020917,VM-ACC-0007,1,366.47,0.0,PLN
SO-2026-011279,1,2026-07-18,2026-07-18,PL-WAW-02,,VM-CMP-0013,1,539.53,0.0,PLN
SO-2026-011280,1,2026-07-18,2026-07-18,PL-WAW-02,C023172,VM-EBK-0007,1,14964.59,0.0,PLN
SO-2026-011281,1,2026-07-18,2026-07-18,PL-WAW-02,C004985,VM-NUT-0008,50,10.17,0.12,PLN
SO-2026-011281,2,2026-07-18,2026-07-18,PL-WAW-02,C004985,VM-BIK-0017,5,1944.37,0.1,PLN
SO-2026-011281,3,2026-07-18,2026-07-18,PL-WAW-02,C004985,VM-EBK-0006,5,20502.51,0.08,PLN
SO-2026-011281,4,2026-07-18,2026-07-18,PL-WAW-02,C004985,VM-BIK-0012,2,12022.57,0.1,PLN
SO-2026-011282,1,2026-07-18,2026-07-18,PL-WAW-02,C013052,VM-ACC-0020,1,824.57,0.0,PLN
SO-2026-011282,2,2026-07-18,2026-07-18,PL-WAW-02,C013052,VM-APP-0013,1,447.91,0.0,PLN
SO-2026-011282,3,2026-07-18,2026-07-18,PL-WAW-02,C013052,VM-BIK-0013,1,4886.39,0.0,PLN
SO-2026-011283,1,2026-07-18,2026-07-18,PL-WAW-02,C023173,VM-BIK-0007,1,7176.89,0.0,PLN
SO-2026-011283,2,2026-07-18,2026-07-18,PL-WAW-02,C023173,VM-ACC-0002,1,620.97,0.0,PLN
SO-2026-011284,1,2026-07-18,2026-07-18,PL-WAW-02,C023174,VM-BIK-0001,1,13936.41,0.0,PLN
SO-2026-011284,2,2026-07-18,2026-07-18,PL-WAW-02,C023174,VM-ACC-0010,1,254.49,0.0,PLN
SO-2026-011284,3,2026-07-18,2026-07-18,PL-WAW-02,C023174,VM-ACC-0015,1,356.29,0.0,PLN
SO-2026-011285,1,2026-07-18,2026-07-18,PL-WAW-02,C016207,VM-ACC-0007,2,366.47,0.0,PLN
SO-2026-011285,2,2026-07-18,2026-07-18,PL-WAW-02,C016207,VM-ACC-0008,2,407.19,0.0,PLN
SO-2026-011286,1,2026-07-18,2026-07-18,PL-KRK-01,C013158,VM-EBK-0009,1,10088.37,0.0,PLN
SO-2026-011287,1,2026-07-18,2026-07-18,PL-KRK-01,,VM-ACC-0022,1,1598.25,0.0,PLN
SO-2026-011288,1,2026-07-18,2026-07-18,PL-KRK-01,C023175,VM-CMP-0014,2,437.73,0.0,PLN
SO-2026-011289,1,2026-07-18,2026-07-18,PL-KRK-01,C023176,VM-BIK-0017,1,1944.37,0.0,PLN
SO-2026-011290,1,2026-07-18,2026-07-18,PL-KRK-01,,VM-BIK-0011,1,8805.69,0.0,PLN
SO-2026-011290,2,2026-07-18,2026-07-18,PL-KRK-01,,VM-ACC-0004,2,794.03,0.0,PLN
SO-2026-011291,1,2026-07-18,2026-07-18,PL-KRK-01,C023177,VM-CMP-0016,1,2504.27,0.0,PLN
SO-2026-011292,1,2026-07-18,2026-07-18,PL-KRK-01,C018156,VM-BIK-0004,1,4346.85,0.0,PLN
SO-2026-011293,1,2026-07-18,2026-07-18,PL-WRO-01,,VM-NUT-0003,14,11.19,0.0,PLN
SO-2026-011293,2,2026-07-18,2026-07-18,PL-WRO-01,,VM-ACC-0003,2,295.21,0.0,PLN
SO-2026-011294,1,2026-07-18,2026-07-18,PL-WRO-01,C023178,VM-CMP-0020,2,264.67,0.0,PLN
SO-2026-011295,1,2026-07-18,2026-07-18,PL-WRO-01,,VM-BIK-0012,1,12022.57,0.0,PLN
SO-2026-011296,1,2026-07-18,2026-07-18,PL-WRO-01,C008920,VM-ACC-0020,1,824.57,0.05,PLN
SO-2026-011297,1,2026-07-18,2026-07-18,PL-WRO-01,C020468,VM-CMP-0019,4,213.77,0.0,PLN
SO-2026-011297,2,2026-07-18,2026-07-18,PL-WRO-01,C020468,VM-CMP-0004,1,732.95,0.1,PLN
SO-2026-011298,1,2026-07-18,2026-07-18,PL-WRO-01,C012882,VM-EBK-0005,1,17764.09,0.0,PLN
SO-2026-011299,1,2026-07-18,2026-07-18,PL-GDN-01,,VM-APP-0002,1,447.91,0.0,PLN
SO-2026-011299,2,2026-07-18,2026-07-18,PL-GDN-01,,VM-NUT-0008,6,10.17,0.0,PLN
SO-2026-011299,3,2026-07-18,2026-07-18,PL-GDN-01,,VM-CMP-0019,3,213.77,0.0,PLN
SO-2026-011300,1,2026-07-18,2026-07-18,PL-GDN-01,C019016,VM-BIK-0019,1,1231.77,0.05,PLN
SO-2026-011301,1,2026-07-18,2026-07-18,PL-GDN-01,C023179,VM-NUT-0007,11,13.22,0.0,PLN
SO-2026-011301,2,2026-07-18,2026-07-18,PL-GDN-01,C023179,VM-ACC-0010,2,254.49,0.0,PLN
SO-2026-011302,1,2026-07-18,2026-07-18,PL-GDN-01,,VM-CMP-0009,1,356.29,0.0,PLN
SO-2026-011302,2,2026-07-18,2026-07-18,PL-GDN-01,,VM-BIK-0005,1,7543.37,0.0,PLN
SO-2026-011303,1,2026-07-18,2026-07-18,PL-POZ-01,C003585,VM-ACC-0008,2,407.19,0.0,PLN
SO-2026-011303,2,2026-07-18,2026-07-18,PL-POZ-01,C003585,VM-ACC-0002,1,620.97,0.0,PLN
SO-2026-011303,3,2026-07-18,2026-07-18,PL-POZ-01,C003585,VM-NUT-0004,7,7.12,0.0,PLN
SO-2026-011304,1,2026-07-18,2026-07-18,PL-POZ-01,C023180,VM-APP-0010,1,173.05,0.0,PLN
SO-2026-011305,1,2026-07-18,2026-07-18,PL-LDZ-01,C011500,VM-CMP-0002,2,570.07,0.0,PLN
SO-2026-011306,1,2026-07-18,2026-07-20,PL-WEB-01,C021923,VM-NUT-0002,13,15.26,0.0,PLN
SO-2026-011307,1,2026-07-18,2026-07-19,PL-WEB-01,C000594,VM-EBK-0008,1,15371.79,0.0,PLN
SO-2026-011307,2,2026-07-18,2026-07-19,PL-WEB-01,C000594,VM-ACC-0001,1,386.83,0.0,PLN
SO-2026-011308,1,2026-07-18,2026-07-20,PL-WEB-01,C023181,VM-BIK-0019,1,1231.77,0.0,PLN
SO-2026-011309,1,2026-07-18,2026-07-19,PL-WEB-01,C019834,VM-ACC-0014,1,111.97,0.0,PLN
SO-2026-011310,1,2026-07-18,2026-07-22,PL-WEB-01,C020858,VM-NUT-0002,7,15.26,0.0,PLN
SO-2026-011310,2,2026-07-18,2026-07-22,PL-WEB-01,C020858,VM-NUT-0011,3,54.96,0.0,PLN
SO-2026-011310,3,2026-07-18,2026-07-22,PL-WEB-01,C020858,VM-NUT-0009,2,86.52,0.0,PLN
SO-2026-011311,1,2026-07-18,2026-07-19,PL-WEB-01,C021334,VM-BIK-0004,1,4346.85,0.0,PLN
SO-2026-011311,2,2026-07-18,2026-07-19,PL-WEB-01,C021334, VM-APP-0020 ,2,183.23,0.0,PLN
SO-2026-011312,1,2026-07-18,2026-07-21,PL-WEB-01,C001383,VM-ACC-0008,10,407.19,0.1,PLN
SO-2026-011312,2,2026-07-18,2026-07-21,PL-WEB-01,C001383,VM-EBK-0008,4,15371.79,0.1,PLN
SO-2026-011313,1,2026-07-18,2026-07-22,PL-WEB-01,C013016,VM-ACC-0018,3,50.89,0.0,PLN
SO-2026-011314,1,2026-07-18,2026-07-20,PL-WEB-01,C016576,VM-BIK-0002,3,9803.33,0.12,PLN
SO-2026-011314,2,2026-07-18,2026-07-20,PL-WEB-01,C016576,VM-BIK-0009,3,5741.51,0.12,PLN
SO-2026-011314,3,2026-07-18,2026-07-20,PL-WEB-01,C016576,VM-ACC-0008,4,407.19,0.08,PLN
SO-2026-011315,1,2026-07-18,2026-07-19,PL-WEB-01,C023182,VM-EBK-0007,1,14964.59,0.0,PLN
SO-2026-011315,2,2026-07-18,2026-07-19,PL-WEB-01,C023182,VM-ACC-0019,2,50.89,0.0,PLN
SO-2026-011316,1,2026-07-18,2026-07-22,PL-WEB-01,C019268,VM-NUT-0009,3,86.52,0.05,PLN
SO-2026-011317,1,2026-07-18,2026-07-19,PL-WEB-01,C018882,VM-NUT-0009,4,86.52,0.0,PLN
SO-2026-011318,1,2026-07-18,2026-07-19,PL-WEB-01,C023183,VM-APP-0018,2,132.33,0.0,PLN
SO-2026-011319,1,2026-07-18,2026-07-19,PL-WEB-01,C011457,VM-NUT-0004,10,7.12,0.0,PLN
SO-2026-011320,1,2026-07-18,2026-07-19,PL-WEB-01,C014767,VM-NUT-0004,12,7.12,0.0,PLN
SO-2026-011320,2,2026-07-18,2026-07-19,PL-WEB-01,C014767,VM-BIK-0009,1,5741.51,0.0,PLN
SO-2026-011321,1,2026-07-18,2026-07-19,PL-WEB-01,C016479,VM-BIK-0007,1,7176.89,0.0,PLN
SO-2026-011321,2,2026-07-18,2026-07-19,PL-WEB-01,C016479,VM-ACC-0007,2,366.47,0.0,PLN
SO-2026-011322,1,2026-07-18,2026-07-20,PL-WEB-01,C023184,VM-BIK-0012,1,12022.57,0.05,PLN
SO-2026-011323,1,2026-07-18,2026-07-20,PL-MKT-01,C022981,VM-CMP-0007,1,641.33,0.0,PLN
SO-2026-011324,1,2026-07-18,2026-07-20,PL-MKT-01,C019958,VM-CMP-0023,2,60.05,0.0,PLN
SO-2026-011325,1,2026-07-18,2026-07-20,PL-MKT-01,C020699,VM-ACC-0013,1,173.05,0.0,PLN
SO-2026-011326,1,2026-07-18,2026-07-19,PL-MKT-01,C011491,VM-CMP-0012,1,549.71,0.05,PLN
SO-2026-011326,2,2026-07-18,2026-07-19,PL-MKT-01,C011491,VM-BIK-0007,1,7176.89,0.05,PLN
SO-2026-011327,1,2026-07-18,2026-07-20,PL-MKT-01,C023185,VM-NUT-0004,7,7.12,0.0,PLN
SO-2026-011328,1,2026-07-18,2026-07-20,PL-MKT-01,C018729,VM-EBK-0008,1,15371.79,0.0,PLN
SO-2026-011329,1,2026-07-18,2026-07-19,PL-MKT-01,C012866,VM-EBK-0003,1,9253.61,0.0,PLN
SO-2026-011329,2,2026-07-18,2026-07-19,PL-MKT-01,C012866,VM-ACC-0014,1,111.97,0.0,PLN
SO-2026-011329,3,2026-07-18,2026-07-19,PL-MKT-01,C012866,VM-ACC-0008,2,407.19,0.05,PLN
SO-2026-011330,1,2026-07-18,2026-07-18,CZ-PRG-01,C020154, VM-ACC-0014 ,1,648.0,0.05,CZK
SO-2026-011330,2,2026-07-18,2026-07-18,CZ-PRG-01,C020154,VM-APP-0002,2,2594.0,0.05,CZK
SO-2026-011331,1,2026-07-18,2026-07-18,CZ-PRG-01,C012004,VM-BIK-0016,1,21162.0,0.0,CZK
SO-2026-011331,2,2026-07-18,2026-07-18,CZ-PRG-01,C012004,VM-ACC-0008,1,2358.0,0.0,CZK
SO-2026-011331,3,2026-07-18,2026-07-18,CZ-PRG-01,C012004,VM-ACC-0014,1,648.0,0.0,CZK
SO-2026-011332,1,2026-07-18,2026-07-18,CZ-BRN-01,C020171,VM-CMP-0017,1,2947.0,0.0,CZK
SO-2026-011332,2,2026-07-18,2026-07-18,CZ-BRN-01,C020171,VM-ACC-0008,2,2358.0,0.0,CZK
SO-2026-011332,3,2026-07-18,2026-07-18,CZ-BRN-01,C020171,VM-CMP-0005,2,8724.0,0.0,CZK
SO-2026-011332,4,2026-07-18,2026-07-18,CZ-BRN-01,C020171,VM-ACC-0009,1,2358.0,0.0,CZK
SO-2026-011333,1,2026-07-18,2026-07-18,CZ-BRN-01,C018595,VM-BIK-0014,1,22576.0,0.05,CZK
SO-2026-011334,1,2026-07-18,2026-07-18,CZ-BRN-01,C015348,VM-ACC-0016,1,171.0,0.05,CZK
SO-2026-011335,1,2026-07-18,2026-07-20,CZ-WEB-01,C004988,VM-NUT-0001,13,53.0,0.0,CZK
SO-2026-011335,2,2026-07-18,2026-07-20,CZ-WEB-01,C004988,VM-BIK-0013,1,28294.0,0.0,CZK
SO-2026-011335,3,2026-07-18,2026-07-20,CZ-WEB-01,C004988,VM-APP-0010,1,1002.0,0.0,CZK
SO-2026-011336,1,2026-07-18,2026-07-22,CZ-WEB-01,C016760,VM-ACC-0021,1,4598.0,0.05,CZK
SO-2026-011336,2,2026-07-18,2026-07-22,CZ-WEB-01,C016760,VM-NUT-0001,11,53.0,0.05,CZK
SO-2026-011336,3,2026-07-18,2026-07-22,CZ-WEB-01,C016760,VM-NUT-0004,14,41.0,0.05,CZK
SO-2026-011337,1,2026-07-18,2026-07-22,CZ-WEB-01,C015200,VM-NUT-0009,4,501.0,0.0,CZK
SO-2026-011338,1,2026-07-18,2026-07-22,CZ-WEB-01,C008850,VM-BIK-0009,1,33246.0,0.0,CZK
SO-2026-011338,2,2026-07-18,2026-07-22,CZ-WEB-01,C008850,VM-ACC-0017,1,342.0,0.0,CZK
SO-2026-011338,3,2026-07-18,2026-07-22,CZ-WEB-01,C008850,VM-BIK-0015,1,18214.0,0.0,CZK
SO-2026-011338,4,2026-07-18,2026-07-22,CZ-WEB-01,C008850,VM-ACC-0002,1,3596.0,0.0,CZK
SO-2026-011339,1,2026-07-18,2026-07-20,CZ-WEB-01,C018111,VM-ACC-0018,1,295.0,0.0,CZK
SO-2026-011339,2,2026-07-18,2026-07-20,CZ-WEB-01,C018111,VM-CMP-0022,2,212.0,0.1,CZK
SO-2026-011339,3,2026-07-18,2026-07-20,CZ-WEB-01,C018111,VM-BIK-0017,1,11259.0,0.0,CZK
SO-2026-011340,1,2026-07-18,2026-07-20,CZ-WEB-01,C016546,VM-ACC-0017,3,342.0,0.0,CZK
SO-2026-011340,2,2026-07-18,2026-07-20,CZ-WEB-01,C016546,VM-CMP-0023,2,348.0,0.0,CZK
SO-2026-011341,1,2026-07-18,2026-07-22,CZ-WEB-01,C023186,VM-ACC-0008,1,2358.0,0.0,CZK
SO-2026-011342,1,2026-07-18,2026-07-19,CZ-WEB-01,C000986,VM-EBK-0005,1,102861.0,0.05,CZK
SO-2026-011342,2,2026-07-18,2026-07-19,CZ-WEB-01,C000986,vm-acc-0008,2,2358.0,0.05,CZK
SO-2026-011343,1,2026-07-18,2026-07-19,CZ-WEB-01,C009744,VM-BIK-0019,1,7132.0,0.0,CZK
SO-2026-011344,1,2026-07-18,2026-07-22,CZ-WEB-01,C019404,VM-EBK-0007,1,86651.0,0.0,CZK
SO-2026-011345,1,2026-07-18,2026-07-18,DE-BER-01,,VM-BIK-0016,1,859.79,0.0,EUR
SO-2026-011345,2,2026-07-18,2026-07-18,DE-BER-01,,VM-ACC-0002,2,146.09,0.0,EUR
SO-2026-011346,1,2026-07-18,2026-07-18,DE-BER-01,,VM-NUT-0001,4,2.15,0.0,EUR
SO-2026-011346,2,2026-07-18,2026-07-18,DE-BER-01,,VM-EBK-0003,1,2177.01,0.0,EUR
SO-2026-011347,1,2026-07-18,2026-07-18,DE-BER-01,C020804,VM-ACC-0008,1,95.8,0.0,EUR
SO-2026-011348,1,2026-07-18,2026-07-18,DE-BER-01,C021323,VM-EBK-0003,2,2177.01,0.12,EUR
SO-2026-011349,1,2026-07-18,2026-07-18,DE-BER-01,C019210,VM-NUT-0006,9,2.39,0.0,EUR
SO-2026-011349,2,2026-07-18,2026-07-18,DE-BER-01,C019210,VM-NUT-0001,15,2.15,0.0,EUR
SO-2026-011350,1,2026-07-18,2026-07-20,DE-WEB-01,C022959,VM-NUT-0003,12,2.63,0.0,EUR
SO-2026-011350,2,2026-07-18,2026-07-20,DE-WEB-01,C022959,VM-ACC-0007,2,86.22,0.0,EUR
SO-2026-011351,1,2026-07-18,2026-07-19,DE-WEB-01,C023187,VM-CMP-0019,1,50.29,0.1,EUR
SO-2026-011352,1,2026-07-18,2026-07-22,DE-WEB-01,C023188,VM-BIK-0009,1,1350.75,0.0,EUR
SO-2026-011353,1,2026-07-18,2026-07-22,DE-WEB-01,C002829,VM-ACC-0011,2,17.24,0.0,EUR
SO-2026-011353,2,2026-07-18,2026-07-22,DE-WEB-01,C002829,VM-EBK-0011,1,3506.21,0.0,EUR
SO-2026-011354,1,2026-07-18,2026-07-19,DE-WEB-01,C023189,VM-NUT-0004,3,1.67,0.0,EUR
SO-2026-011355,1,2026-07-18,2026-07-22,DE-WEB-01,C014385,VM-NUT-0004,15,1.67,0.0,EUR
SO-2026-011356,1,2026-07-19,2026-07-22,PL-WEB-01,C023190,VM-EBK-0011,1,14903.51,0.0,PLN
SO-2026-011357,1,2026-07-19,2026-07-21,PL-WEB-01,C023191,VM-CMP-0006,1,203.59,0.0,PLN
SO-2026-011358,1,2026-07-19,2026-07-21,PL-WEB-01,C023192,VM-CMP-0004,1,732.95,0.05,PLN
SO-2026-011358,2,2026-07-19,2026-07-21,PL-WEB-01,C023192,VM-NUT-0001,4,9.15,0.05,PLN
SO-2026-011359,1,2026-07-19,2026-07-23,PL-WEB-01,C023193,VM-APP-0008,1,162.87,0.05,PLN
SO-2026-011360,1,2026-07-19,2026-07-22,PL-WEB-01,C012142,VM-EBK-0009,1,10088.37,0.05,PLN
SO-2026-011360,2,2026-07-19,2026-07-22,PL-WEB-01,C012142,VM-EBK-0004,1,11279.43,0.05,PLN
SO-2026-011361,1,2026-07-19,2026-07-23,PL-WEB-01,C021620,VM-CMP-0006,1,203.59,0.0,PLN
SO-2026-011361,2,2026-07-19,2026-07-23,PL-WEB-01,C021620,VM-ACC-0008,1,407.19,0.0,PLN
SO-2026-011362,1,2026-07-19,2026-07-23,PL-WEB-01,C021756,VM-CMP-0002,2,570.07,0.0,PLN
SO-2026-011362,2,2026-07-19,2026-07-23,PL-WEB-01,C021756,VM-APP-0007,2,162.87,0.0,PLN
SO-2026-011363,1,2026-07-19,2026-07-23,PL-WEB-01,C012569,VM-EBK-0003,1,9253.61,0.0,PLN
SO-2026-011363,2,2026-07-19,2026-07-23,PL-WEB-01,C012569,VM-ACC-0002,1,620.97,0.0,PLN
SO-2026-011364,1,2026-07-19,2026-07-20,PL-WEB-01,C023194,VM-ACC-0020,1,824.57,0.0,PLN
SO-2026-011364,2,2026-07-19,2026-07-20,PL-WEB-01,C023194,VM-APP-0004,3,244.31,0.0,PLN
SO-2026-011364,3,2026-07-19,2026-07-20,PL-WEB-01,C023194,VM-ACC-0018,2,50.89,0.0,PLN
SO-2026-011365,1,2026-07-19,2026-07-22,PL-MKT-01,C023195,VM-ACC-0023,1,946.73,0.0,PLN
SO-2026-011366,1,2026-07-19,2026-07-20,PL-MKT-01,C006026,VM-BIK-0020,1,1231.77,0.0,PLN
SO-2026-011367,1,2026-07-19,2026-07-20,PL-MKT-01,C018616,VM-ACC-0001,2,386.83,0.0,PLN
SO-2026-011367,2,2026-07-19,2026-07-20,PL-MKT-01,C018616,VM-CMP-0006,1,203.59,0.0,PLN
SO-2026-011368,1,2026-07-19,2026-07-23,PL-MKT-01,C008812,VM-CMP-0008,1,447.91,0.0,PLN
SO-2026-011368,2,2026-07-19,2026-07-23,PL-MKT-01,C008812,VM-ACC-0006,1,967.09,0.0,PLN
SO-2026-011368,3,2026-07-19,2026-07-23,PL-MKT-01,C008812,VM-ACC-0005,1,183.23,0.0,PLN
SO-2026-011369,1,2026-07-19,2026-07-21,PL-MKT-01,C019933,VM-BIK-0012,1,12022.57,0.0,PLN
SO-2026-011370,1,2026-07-19,2026-07-22,PL-MKT-01,C019615,VM-NUT-0001,11,9.15,0.05,PLN
SO-2026-011371,1,2026-07-19,2026-07-20,PL-MKT-01,C021246,VM-CMP-0004,1,732.95,0.0,PLN
SO-2026-011371,2,2026-07-19,2026-07-20,PL-MKT-01,C021246,VM-EBK-0005,1,17764.09,0.0,PLN
SO-2026-011371,3,2026-07-19,2026-07-20,PL-MKT-01,C021246,VM-BIK-0013,1,4886.39,0.0,PLN
SO-2026-011372,1,2026-07-19,2026-07-20,PL-MKT-01,C023196,VM-APP-0008,2,162.87,0.0,PLN
SO-2026-011372,2,2026-07-19,2026-07-20,PL-MKT-01,C023196,VM-NUT-0007,3,13.22,0.0,PLN
SO-2026-011372,3,2026-07-19,2026-07-20,PL-MKT-01,C023196,VM-ACC-0019,3,50.89,0.0,PLN
SO-2026-011373,1,2026-07-19,2026-07-22,PL-MKT-01,C023197,VM-ACC-0019,2,50.89,0.05,PLN
SO-2026-011374,1,2026-07-19,2026-07-19,CZ-PRG-01,C022362, VM-ACC-0022 ,1,9254.0,0.0,CZK
SO-2026-011375,1,2026-07-19,2026-07-19,CZ-PRG-01,C017414,VM-APP-0010,2,1002.0,0.0,CZK
SO-2026-011375,2,2026-07-19,2026-07-19,CZ-PRG-01,C017414,VM-BIK-0014,1,22576.0,0.0,CZK
SO-2026-011375,3,2026-07-19,2026-07-19,CZ-PRG-01,C017414,VM-BIK-0012,1,69615.0,0.0,CZK
SO-2026-011376,1,2026-07-19,2026-07-20,CZ-WEB-01,C013522,VM-BIK-0017,1,11259.0,0.0,CZK
SO-2026-011376,2,2026-07-19,2026-07-20,CZ-WEB-01,C013522,VM-ACC-0008,1,2358.0,0.0,CZK
SO-2026-011376,3,2026-07-19,2026-07-20,CZ-WEB-01,C013522,VM-ACC-0007,2,2122.0,0.0,CZK
SO-2026-011376,4,2026-07-19,2026-07-20,CZ-WEB-01,C013522,VM-BIK-0004,1,25170.0,0.05,CZK
SO-2026-011377,1,2026-07-19,2026-07-23,CZ-WEB-01,C021943,VM-NUT-0004,9,41.0,0.0,CZK
SO-2026-011378,1,2026-07-19,2026-07-22,CZ-WEB-01,C023198,VM-NUT-0006,5,59.0,0.0,CZK
SO-2026-011379,1,2026-07-19,2026-07-20,CZ-WEB-01,C022954,VM-BIK-0009,1,33246.0,0.0,CZK
SO-2026-011379,2,2026-07-19,2026-07-20,CZ-WEB-01,C022954,VM-CMP-0009,1,2063.0,0.0,CZK
SO-2026-011380,1,2026-07-19,2026-07-20,CZ-WEB-01,C020989,VM-APP-0020,2,1061.0,0.0,CZK
SO-2026-011380,2,2026-07-19,2026-07-20,CZ-WEB-01,C020989,VM-CMP-0013,2,3124.0,0.0,CZK
SO-2026-011380,3,2026-07-19,2026-07-20,CZ-WEB-01,C020989,VM-NUT-0011,2,318.0,0.0,CZK
SO-2026-011381,1,2026-07-19,2026-07-23,CZ-WEB-01,C018278,VM-CMP-0005,1,8724.0,0.0,CZK
SO-2026-011382,1,2026-07-19,2026-07-22,DE-WEB-01,C009202,VM-BIK-0020,1,289.79,0.05,EUR
SO-2026-011382,2,2026-07-19,2026-07-22,DE-WEB-01,C009202,VM-CMP-0015,1,220.33,0.05,EUR
SO-2026-011383,1,2026-07-19,2026-07-21,DE-WEB-01,C023199,VM-ACC-0008,2,95.8,0.0,EUR
SO-2026-011384,1,2026-07-19,2026-07-22,DE-WEB-01,C022934,VM-BIK-0017,1,457.43,0.0,EUR
SO-2026-011384,2,2026-07-19,2026-07-22,DE-WEB-01,C022934,VM-NUT-0003,4,2.63,0.0,EUR
SO-2026-011385,1,2026-07-19,2026-07-23,DE-WEB-01,C021966,VM-APP-0012,1,208.36,0.05,EUR
SO-2026-011386,1,2026-07-19,2026-07-21,DE-WEB-01,C019988,VM-CMP-0017,2,119.75,0.0,EUR
SO-2026-011387,1,2026-07-19,2026-07-22,DE-WEB-01,C015150,VM-BIK-0012,4,2828.44,0.1,EUR
SO-2026-011388,1,2026-07-19,2026-07-20,DE-WEB-01,C023200,VM-CMP-0009,1,83.82,0.0,EUR
SO-2026-011388,2,2026-07-19,2026-07-20,DE-WEB-01,C023200,VM-EBK-0002,1,2382.98,0.0,EUR
SO-2026-011389,1,2026-07-19,2026-07-22,DE-WEB-01,C020015,VM-BIK-0001,1,3278.69,0.0,EUR
SO-2026-011389,2,2026-07-19,2026-07-22,DE-WEB-01,C020015,VM-ACC-0014,1,26.34,0.0,EUR
SO-2026-011389,3,2026-07-19,2026-07-22,DE-WEB-01,C020015,VM-ACC-0015,1,83.82,0.0,EUR
SO-2026-011390,1,2026-07-20,2026-07-20,PL-WAW-01,C012681,VM-APP-0018,2,132.33,0.0,PLN
SO-2026-011391,1,2026-07-20,2026-07-20,PL-WAW-01,C014660,VM-CMP-0021,1,48.85,0.0,PLN
SO-2026-011391,2,2026-07-20,2026-07-20,PL-WAW-01,C014660,VM-CMP-0006,1,203.59,0.0,PLN
SO-2026-011391,3,2026-07-20,2026-07-20,PL-WAW-01,C014660,VM-NUT-0004,11,7.12,0.0,PLN
SO-2026-011392,1,2026-07-20,2026-07-20,PL-WAW-01,C023201,VM-ACC-0019,2,50.89,0.0,PLN
SO-2026-011393,1,2026-07-20,2026-07-20,PL-WAW-01,C023202,vm-bik-0012,1,12022.57,0.0,PLN
SO-2026-011393,2,2026-07-20,2026-07-20,PL-WAW-01,C023202,VM-ACC-0014,1,111.97,0.0,PLN
SO-2026-011393,3,2026-07-20,2026-07-20,PL-WAW-01,C023202,VM-APP-0002,1,447.91,0.0,PLN
SO-2026-011394,1,2026-07-20,2026-07-20,PL-WAW-01,,VM-ACC-0023,1,946.73,0.0,PLN
SO-2026-011394,2,2026-07-20,2026-07-20,PL-WAW-01,,VM-CMP-0012,1,549.71,0.0,PLN
SO-2026-011395,1,2026-07-20,2026-07-20,PL-WAW-01,C023203,VM-NUT-0004,11,7.12,0.0,PLN
SO-2026-011395,2,2026-07-20,2026-07-20,PL-WAW-01,C023203,VM-NUT-0002,9,15.26,0.0,PLN
SO-2026-011396,1,2026-07-20,2026-07-20,PL-WAW-01,C001634,VM-CMP-0017,2,508.99,0.0,PLN
SO-2026-011396,2,2026-07-20,2026-07-20,PL-WAW-01,C001634,VM-APP-0009,2,356.29,0.0,PLN
SO-2026-011397,1,2026-07-20,2026-07-20,PL-WAW-02,C009068,VM-ACC-0014,1,111.97,0.0,PLN
SO-2026-011397,2,2026-07-20,2026-07-20,PL-WAW-02,C009068,VM-BIK-0008,1,5405.57,0.0,PLN
SO-2026-011397,3,2026-07-20,2026-07-20,PL-WAW-02,C009068,VM-ACC-0008,1,407.19,0.0,PLN
SO-2026-011398,1,2026-07-20,2026-07-20,PL-KRK-01,C017349,VM-NUT-0006,3,10.17,0.0,PLN
SO-2026-011398,2,2026-07-20,2026-07-20,PL-KRK-01,C017349,VM-BIK-0005,1,7543.37,0.0,PLN
SO-2026-011399,1,2026-07-20,2026-07-20,PL-KRK-01,C018696,VM-CMP-0006,2,203.59,0.0,PLN
SO-2026-011399,2,2026-07-20,2026-07-20,PL-KRK-01,C018696,VM-CMP-0011,1,162.87,0.0,PLN
SO-2026-011399,3,2026-07-20,2026-07-20,PL-KRK-01,C018696,VM-NUT-0003,14,11.19,0.0,PLN
SO-2026-011400,1,2026-07-20,2026-07-20,PL-KRK-01,C023204,VM-ACC-0009,1,407.19,0.0,PLN
SO-2026-011401,1,2026-07-20,2026-07-20,PL-KRK-01,C023205,VM-EBK-0003,1,9253.61,0.05,PLN
SO-2026-011402,1,2026-07-20,2026-07-20,PL-KRK-01,C022142,VM-BIK-0012,1,12022.57,0.0,PLN
SO-2026-011402,2,2026-07-20,2026-07-20,PL-KRK-01,C022142,VM-ACC-0008,1,407.19,0.0,PLN
SO-2026-011402,3,2026-07-20,2026-07-20,PL-KRK-01,C022142,VM-EBK-0002,1,10129.09,0.0,PLN
SO-2026-011402,4,2026-07-20,2026-07-20,PL-KRK-01,C022142,VM-ACC-0004,2,794.03,0.0,PLN
SO-2026-011403,1,2026-07-20,2026-07-20,PL-WRO-01,,VM-BIK-0016,1,3654.61,0.0,PLN
SO-2026-011404,1,2026-07-20,2026-07-20,PL-WRO-01,,VM-NUT-0003,4,11.19,0.0,PLN
SO-2026-011405,1,2026-07-20,2026-07-20,PL-GDN-01,C007656,VM-CMP-0020,4,264.67,0.05,PLN
SO-2026-011405,2,2026-07-20,2026-07-20,PL-GDN-01,C007656,VM-CMP-0017,2,508.99,0.05,PLN
SO-2026-011406,1,2026-07-20,2026-07-20,PL-GDN-01,C019268,VM-APP-0005,1,183.23,0.05,PLN
SO-2026-011407,1,2026-07-20,2026-07-20,PL-GDN-01,C017796,VM-APP-0018,2,132.33,0.05,PLN
SO-2026-011407,2,2026-07-20,2026-07-20,PL-GDN-01,C017796,VM-BIK-0007,1,7176.89,0.05,PLN
SO-2026-011408,1,2026-07-20,2026-07-20,PL-POZ-01,C023206,VM-CMP-0001,2,407.19,0.0,PLN
SO-2026-011409,1,2026-07-20,2026-07-20,PL-POZ-01,,VM-CMP-0017,2,508.99,0.0,PLN
SO-2026-011409,2,2026-07-20,2026-07-20,PL-POZ-01,,VM-NUT-0008,12,10.17,0.0,PLN
SO-2026-011410,1,2026-07-20,2026-07-20,PL-POZ-01,C023207,VM-BIK-0007,1,7176.89,0.0,PLN
SO-2026-011410,2,2026-07-20,2026-07-20,PL-POZ-01,C023207,VM-ACC-0007,1,366.47,0.0,PLN
SO-2026-011411,1,2026-07-20,2026-07-20,PL-LDZ-01,C015304,VM-ACC-0005,10,183.23,0.1,PLN
SO-2026-011411,2,2026-07-20,2026-07-20,PL-LDZ-01,C015304,VM-CMP-0021,4,48.85,0.12,PLN
SO-2026-011411,3,2026-07-20,2026-07-20,PL-LDZ-01,C015304,VM-EBK-0002,5,10129.09,0.1,PLN
SO-2026-011411,4,2026-07-20,2026-07-20,PL-LDZ-01,C015304,VM-EBK-0005,2,17764.09,0.12,PLN
SO-2026-011412,1,2026-07-20,2026-07-20,PL-LDZ-01,C023208,VM-ACC-0021,1,794.03,0.0,PLN
SO-2026-011412,2,2026-07-20,2026-07-20,PL-LDZ-01,C023208,VM-CMP-0004,1,732.95,0.0,PLN
SO-2026-011413,1,2026-07-20,2026-07-20,PL-LDZ-01,C023209,VM-CMP-0008,1,447.91,0.0,PLN
SO-2026-011414,1,2026-07-20,2026-07-22,PL-WEB-01,C007184,VM-CMP-0019,15,213.77,0.12,PLN
SO-2026-011415,1,2026-07-20,2026-07-23,PL-WEB-01,C019071,VM-BIK-0022,1,1425.19,0.0,PLN
SO-2026-011416,1,2026-07-20,2026-07-22,PL-WEB-01,C023210,VM-CMP-0013,2,539.53,0.0,PLN
SO-2026-011417,1,2026-07-20,2026-07-23,PL-WEB-01,C018756,VM-CMP-0013,2,539.53,0.0,PLN
SO-2026-011418,1,2026-07-20,2026-07-24,PL-WEB-01,C023211,VM-ACC-0007,2,366.47,0.0,PLN
SO-2026-011418,2,2026-07-20,2026-07-24,PL-WEB-01,C023211,VM-CMP-0003,1,244.31,0.0,PLN
SO-2026-011418,3,2026-07-20,2026-07-24,PL-WEB-01,C023211,VM-NUT-0011,4,54.96,0.0,PLN
SO-2026-011419,1,2026-07-20,2026-07-22,PL-WEB-01,C019861,vm-cmp-0013,1,539.53,0.0,PLN
SO-2026-011420,1,2026-07-20,2026-07-23,PL-WEB-01,C015874,VM-BIK-0012,1,12022.57,0.0,PLN
SO-2026-011420,2,2026-07-20,2026-07-23,PL-WEB-01,C015874,VM-ACC-0021,1,794.03,0.0,PLN
SO-2026-011421,1,2026-07-20,2026-07-23,PL-WEB-01,C005290,VM-APP-0010,2,173.05,0.0,PLN
SO-2026-011421,2,2026-07-20,2026-07-23,PL-WEB-01,C005290,VM-CMP-0013,1,539.53,0.0,PLN
SO-2026-011422,1,2026-07-20,2026-07-21,PL-WEB-01,C023212,VM-EBK-0002,1,10129.09,0.0,PLN
SO-2026-011422,2,2026-07-20,2026-07-21,PL-WEB-01,C023212,VM-BIK-0022,1,1425.19,0.0,PLN
SO-2026-011423,1,2026-07-20,2026-07-21,PL-WEB-01,C016333,VM-ACC-0014,1,111.97,0.0,PLN
SO-2026-011423,2,2026-07-20,2026-07-21,PL-WEB-01,C016333,VM-CMP-0013,2,539.53,0.0,PLN
SO-2026-011424,1,2026-07-20,2026-07-21,PL-WEB-01,C023213,VM-NUT-0004,3,7.12,0.0,PLN
SO-2026-011425,1,2026-07-20,2026-07-21,PL-WEB-01,C012440,VM-NUT-0001,14,9.15,0.05,PLN
SO-2026-011426,1,2026-07-20,2026-07-23,PL-WEB-01,C018108,VM-BIK-0020,1,1231.77,0.0,PLN
SO-2026-011426,2,2026-07-20,2026-07-23,PL-WEB-01,C018108,VM-ACC-0014,1,111.97,0.0,PLN
SO-2026-011427,1,2026-07-20,2026-07-23,PL-WEB-01,C023214,VM-ACC-0013,1,173.05,0.0,PLN
SO-2026-011427,2,2026-07-20,2026-07-23,PL-WEB-01,C023214,VM-BIK-0007,1,7176.89,0.0,PLN
SO-2026-011428,1,2026-07-20,2026-07-21,PL-WEB-01,C017228, VM-BIK-0001 ,1,13936.41,0.0,PLN
SO-2026-011429,1,2026-07-20,2026-07-21,PL-WEB-01,C015651,VM-APP-0017,2,193.41,0.1,PLN
SO-2026-011429,2,2026-07-20,2026-07-21,PL-WEB-01,C015651,VM-CMP-0003,2,244.31,0.0,PLN
SO-2026-011429,3,2026-07-20,2026-07-21,PL-WEB-01,C015651,VM-ACC-0002,2,620.97,0.0,PLN
SO-2026-011430,1,2026-07-20,2026-07-22,PL-WEB-01,C013126,VM-CMP-0013,2,539.53,0.05,PLN
SO-2026-011430,2,2026-07-20,2026-07-22,PL-WEB-01,C013126,vm-acc-0018,1,50.89,0.05,PLN
SO-2026-011431,1,2026-07-20,2026-07-21,PL-WEB-01,C023215,VM-APP-0002,3,447.91,0.0,PLN
SO-2026-011431,2,2026-07-20,2026-07-21,PL-WEB-01,C023215,VM-BIK-0013,1,4886.39,0.0,PLN
SO-2026-011431,3,2026-07-20,2026-07-21,PL-WEB-01,C023215,VM-CMP-0007,1,641.33,0.0,PLN
SO-2026-011432,1,2026-07-20,2026-07-22,PL-WEB-01,C019631,VM-APP-0013,5,447.91,0.1,PLN
SO-2026-011432,2,2026-07-20,2026-07-22,PL-WEB-01,C019631,VM-NUT-0003,36,11.19,0.1,PLN
SO-2026-011433,1,2026-07-20,2026-07-22,PL-WEB-01,C020539,VM-ACC-0005,2,183.23,0.05,PLN
SO-2026-011433,2,2026-07-20,2026-07-22,PL-WEB-01,C020539,VM-NUT-0004,10,7.12,0.05,PLN
SO-2026-011433,3,2026-07-20,2026-07-22,PL-WEB-01,C020539,VM-NUT-0003,6,11.19,0.05,PLN
SO-2026-011434,1,2026-07-20,2026-07-24,PL-WEB-01,C023216,VM-ACC-0023,1,946.73,0.05,PLN
SO-2026-011435,1,2026-07-20,2026-07-21,PL-MKT-01,C023217,VM-NUT-0004,8,7.12,0.0,PLN
SO-2026-011435,2,2026-07-20,2026-07-21,PL-MKT-01,C023217,VM-BIK-0009,1,5741.51,0.0,PLN
SO-2026-011435,3,2026-07-20,2026-07-21,PL-MKT-01,C023217,VM-ACC-0012,1,73.29,0.0,PLN
SO-2026-011435,4,2026-07-20,2026-07-21,PL-MKT-01,C023217,VM-ACC-0010,1,254.49,0.0,PLN
SO-2026-011436,1,2026-07-20,2026-07-23,PL-MKT-01,C022062,VM-ACC-0023,1,946.73,0.05,PLN
SO-2026-011436,2,2026-07-20,2026-07-23,PL-MKT-01,C022062,VM-ACC-0008,1,407.19,0.05,PLN
SO-2026-011437,1,2026-07-20,2026-07-24,PL-MKT-01,C004231,VM-ACC-0011,1,73.29,0.0,PLN
SO-2026-011437,2,2026-07-20,2026-07-24,PL-MKT-01,C004231,VM-BIK-0007,1,7176.89,0.0,PLN
SO-2026-011438,1,2026-07-20,2026-07-21,PL-MKT-01,C023218,VM-BIK-0020,1,1231.77,0.0,PLN
SO-2026-011439,1,2026-07-20,2026-07-23,PL-MKT-01,C000511,VM-BIK-0007,1,7176.89,0.0,PLN
SO-2026-011440,1,2026-07-20,2026-07-22,PL-MKT-01,C011058,VM-BIK-0002,1,9803.33,0.05,PLN
SO-2026-011441,1,2026-07-20,2026-07-22,PL-MKT-01,C018741,VM-ACC-0008,2,407.19,0.0,PLN
SO-2026-011442,1,2026-07-20,2026-07-23,PL-MKT-01,C016434,VM-APP-0005,3,183.23,0.05,PLN
SO-2026-011443,1,2026-07-20,2026-07-20,CZ-PRG-01,C023219,VM-NUT-0011,1,318.0,0.0,CZK
SO-2026-011444,1,2026-07-20,2026-07-24,CZ-WEB-01,C023220,VM-EBK-0009,1,58416.0,0.0,CZK
SO-2026-011445,1,2026-07-20,2026-07-21,CZ-WEB-01,C023221,VM-APP-0017,2,1120.0,0.0,CZK
SO-2026-011446,1,2026-07-20,2026-07-22,CZ-WEB-01,C011717,VM-NUT-0003,12,65.0,0.0,CZK
SO-2026-011447,1,2026-07-20,2026-07-22,CZ-WEB-01,C020602,VM-EBK-0009,1,58416.0,0.0,CZK
SO-2026-011447,2,2026-07-20,2026-07-22,CZ-WEB-01,C020602,VM-ACC-0010,2,1474.0,0.0,CZK
SO-2026-011448,1,2026-07-20,2026-07-20,DE-BER-01,C023222,VM-BIK-0021,1,299.37,0.0,EUR
SO-2026-011449,1,2026-07-20,2026-07-23,DE-WEB-01,C002424,VM-APP-0008,2,38.32,0.0,EUR
SO-2026-011450,1,2026-07-20,2026-07-23,DE-WEB-01,C022454,VM-ACC-0007,1,86.22,0.05,EUR
SO-2026-011450,2,2026-07-20,2026-07-23,DE-WEB-01,C022454,VM-ACC-0021,1,186.8,0.05,EUR
SO-2026-011451,1,2026-07-20,2026-07-23,DE-WEB-01,C021048,vm-nut-0011,1,12.93,0.0,EUR
SO-2026-011451,2,2026-07-20,2026-07-23,DE-WEB-01,C021048,VM-ACC-0008,1,95.8,0.0,EUR
SO-2026-011451,3,2026-07-20,2026-07-23,DE-WEB-01,C021048,VM-NUT-0001,5,2.15,0.0,EUR
SO-2026-011452,1,2026-07-20,2026-07-21,DE-WEB-01,C023223,VM-ACC-0018,3,11.97,0.0,EUR
SO-2026-011452,2,2026-07-20,2026-07-21,DE-WEB-01,C023223,VM-CMP-0005,2,354.45,0.0,EUR
SO-2026-011453,1,2026-07-21,2026-07-21,PL-WAW-01,C023224,VM-ACC-0014,1,111.97,0.0,PLN
SO-2026-011453,2,2026-07-21,2026-07-21,PL-WAW-01,C023224,VM-BIK-0009,1,5741.51,0.0,PLN
SO-2026-011454,1,2026-07-21,2026-07-21,PL-WAW-01,,VM-NUT-0006,4,10.17,0.0,PLN
SO-2026-011454,2,2026-07-21,2026-07-21,PL-WAW-01,,VM-ACC-0013,1,173.05,0.0,PLN
SO-2026-011455,1,2026-07-21,2026-07-21,PL-WAW-01,,VM-APP-0020,2,183.23,0.0,PLN
SO-2026-011455,2,2026-07-21,2026-07-21,PL-WAW-01,,VM-CMP-0001,2,407.19,0.0,PLN
SO-2026-011455,3,2026-07-21,2026-07-21,PL-WAW-01,,VM-NUT-0007,4,13.22,0.0,PLN
SO-2026-011455,4,2026-07-21,2026-07-21,PL-WAW-01,,VM-ACC-0008,1,407.19,0.0,PLN
SO-2026-011456,1,2026-07-21,2026-07-21,PL-WAW-01,C011290,VM-APP-0006,1,315.57,0.05,PLN
SO-2026-011456,2,2026-07-21,2026-07-21,PL-WAW-01,C011290,VM-ACC-0004,1,794.03,0.05,PLN
SO-2026-011456,3,2026-07-21,2026-07-21,PL-WAW-01,C011290,VM-NUT-0007,4,13.22,0.05,PLN
SO-2026-011457,1,2026-07-21,2026-07-21,PL-WAW-01,C023225,VM-BIK-0012,1,12022.57,0.05,PLN
SO-2026-011458,1,2026-07-21,2026-07-21,PL-WAW-01,C007158,VM-APP-0012,1,885.65,0.0,PLN
SO-2026-011458,2,2026-07-21,2026-07-21,PL-WAW-01,C007158,VM-NUT-0007,12,13.22,0.0,PLN
SO-2026-011458,3,2026-07-21,2026-07-21,PL-WAW-01,C007158,VM-ACC-0023,1,946.73,0.0,PLN
SO-2026-011459,1,2026-07-21,2026-07-21,PL-WAW-01,,VM-CMP-0012,2,549.71,0.0,PLN
SO-2026-011460,1,2026-07-21,2026-07-21,PL-WAW-01,C009578,VM-NUT-0009,1,86.52,0.05,PLN
SO-2026-011460,2,2026-07-21,2026-07-21,PL-WAW-01,C009578,VM-BIK-0007,1,7176.89,0.05,PLN
SO-2026-011461,1,2026-07-21,2026-07-21,PL-WAW-01,C022969,VM-BIK-0002,1,9803.33,0.0,PLN
SO-2026-011462,1,2026-07-21,2026-07-21,PL-WAW-02,C023226,VM-EBK-0008,1,15371.79,0.0,PLN
SO-2026-011462,2,2026-07-21,2026-07-21,PL-WAW-02,C023226,VM-CMP-0001,1,407.19,0.0,PLN
SO-2026-011463,1,2026-07-21,2026-07-21,PL-WAW-02,C022159,VM-EBK-0002,1,10129.09,0.0,PLN
SO-2026-011464,1,2026-07-21,2026-07-21,PL-WAW-02,C017416,VM-EBK-0007,1,14964.59,0.0,PLN
SO-2026-011464,2,2026-07-21,2026-07-21,PL-WAW-02,C017416,VM-APP-0002,3,447.91,0.0,PLN
SO-2026-011465,1,2026-07-21,2026-07-21,PL-KRK-01,C010582,VM-ACC-0011,4,73.29,0.08,PLN
SO-2026-011466,1,2026-07-21,2026-07-21,PL-KRK-01,C011864,VM-CMP-0017,2,508.99,0.0,PLN
SO-2026-011466,2,2026-07-21,2026-07-21,PL-KRK-01,C011864,VM-BIK-0007,1,7176.89,0.0,PLN
SO-2026-011467,1,2026-07-21,2026-07-21,PL-KRK-01,C023227,VM-ACC-0007,2,366.47,0.0,PLN
SO-2026-011467,2,2026-07-21,2026-07-21,PL-KRK-01,C023227,VM-BIK-0007,1,7176.89,0.0,PLN
SO-2026-011468,1,2026-07-21,2026-07-21,PL-KRK-01,C023228,vm-bik-0007,1,7176.89,0.0,PLN
SO-2026-011469,1,2026-07-21,2026-07-21,PL-WRO-01,C015782,VM-CMP-0006,3,203.59,0.1,PLN
SO-2026-011470,1,2026-07-21,2026-07-21,PL-WRO-01,C012442,VM-CMP-0013,2,539.53,0.0,PLN
SO-2026-011471,1,2026-07-21,2026-07-21,PL-WRO-01,C018446,VM-APP-0017,1,193.41,0.0,PLN
SO-2026-011471,2,2026-07-21,2026-07-21,PL-WRO-01,C018446,VM-ACC-0005,1,183.23,0.0,PLN
SO-2026-011472,1,2026-07-21,2026-07-21,PL-WRO-01,C023229,VM-CMP-0004,2,732.95,0.0,PLN
SO-2026-011472,2,2026-07-21,2026-07-21,PL-WRO-01,C023229,VM-APP-0010,2,173.05,0.0,PLN
SO-2026-011473,1,2026-07-21,2026-07-21,PL-GDN-01,C023230,vm-bik-0006,5,6708.61,0.12,PLN
SO-2026-011474,1,2026-07-21,2026-07-21,PL-GDN-01,C023231,VM-BIK-0004,1,4346.85,0.0,PLN
SO-2026-011474,2,2026-07-21,2026-07-21,PL-GDN-01,C023231,VM-ACC-0015,1,356.29,0.0,PLN
SO-2026-011475,1,2026-07-21,2026-07-21,PL-GDN-01,,VM-BIK-0007,1,7176.89,0.0,PLN
SO-2026-011475,2,2026-07-21,2026-07-21,PL-GDN-01,,VM-ACC-0008,1,407.19,0.0,PLN
SO-2026-011476,1,2026-07-21,2026-07-21,PL-POZ-01,C013126,VM-EBK-0008,1,15371.79,0.1,PLN
SO-2026-011477,1,2026-07-21,2026-07-21,PL-POZ-01,C023232,VM-BIK-0012,1,12022.57,0.0,PLN
SO-2026-011478,1,2026-07-21,2026-07-21,PL-LDZ-01,C018792, VM-APP-0015 ,1,580.25,0.1,PLN
SO-2026-011479,1,2026-07-21,2026-07-21,PL-LDZ-01,,VM-EBK-0004,1,11279.43,0.05,PLN
SO-2026-011480,1,2026-07-21,2026-07-25,PL-WEB-01,C009067,VM-ACC-0017,2,59.03,0.05,PLN
SO-2026-011481,1,2026-07-21,2026-07-22,PL-WEB-01,C022805,VM-ACC-0015,1,356.29,0.0,PLN
SO-2026-011482,1,2026-07-21,2026-07-24,PL-WEB-01,C018794,VM-APP-0020,2,183.23,0.0,PLN
SO-2026-011483,1,2026-07-21,2026-07-24,PL-WEB-01,C018485,VM-NUT-0004,7,7.12,0.0,PLN
SO-2026-011484,1,2026-07-21,2026-07-22,PL-WEB-01,C015782,VM-APP-0013,3,447.91,0.08,PLN
SO-2026-011485,1,2026-07-21,2026-07-24,PL-WEB-01,C023233,VM-BIK-0001,1,13936.41,0.05,PLN
SO-2026-011485,2,2026-07-21,2026-07-24,PL-WEB-01,C023233,VM-CMP-0022,3,36.64,0.05,PLN
SO-2026-011486,1,2026-07-21,2026-07-24,PL-WEB-01,C020657,VM-CMP-0006,2,203.59,0.0,PLN
SO-2026-011487,1,2026-07-21,2026-07-23,PL-WEB-01,C023234,VM-CMP-0020,4,264.67,0.05,PLN
SO-2026-011487,2,2026-07-21,2026-07-23,PL-WEB-01,C023234,VM-BIK-0012,1,12022.57,0.05,PLN
SO-2026-011487,3,2026-07-21,2026-07-23,PL-WEB-01,C023234,VM-APP-0006,1,315.57,0.05,PLN
SO-2026-011488,1,2026-07-21,2026-07-23,PL-WEB-01,C011969,VM-EBK-0005,1,17764.09,0.0,PLN
SO-2026-011488,2,2026-07-21,2026-07-23,PL-WEB-01,C011969,VM-ACC-0008,2,407.19,0.0,PLN
SO-2026-011488,3,2026-07-21,2026-07-23,PL-WEB-01,C011969,VM-BIK-0017,1,1944.37,0.0,PLN
SO-2026-011489,1,2026-07-21,2026-07-23,PL-WEB-01,C001383,VM-NUT-0009,6,86.52,0.1,PLN
SO-2026-011489,2,2026-07-21,2026-07-23,PL-WEB-01,C001383,VM-NUT-0001,42,9.15,0.1,PLN
SO-2026-011490,1,2026-07-21,2026-07-24,PL-WEB-01,C023235,VM-CMP-0013,2,539.53,0.0,PLN
SO-2026-011490,2,2026-07-21,2026-07-24,PL-WEB-01,C023235,VM-APP-0018,1,132.33,0.0,PLN
SO-2026-011490,3,2026-07-21,2026-07-24,PL-WEB-01,C023235,VM-NUT-0004,12,7.12,0.0,PLN
SO-2026-011491,1,2026-07-21,2026-07-25,PL-WEB-01,C023236,VM-ACC-0014,1,111.97,0.0,PLN
SO-2026-011492,1,2026-07-21,2026-07-24,PL-WEB-01,C023237,VM-CMP-0013,2,539.53,0.0,PLN
SO-2026-011492,2,2026-07-21,2026-07-24,PL-WEB-01,C023237,VM-APP-0007,2,162.87,0.1,PLN
SO-2026-011493,1,2026-07-21,2026-07-25,PL-MKT-01,C015338,VM-ACC-0003,2,295.21,0.1,PLN
SO-2026-011493,2,2026-07-21,2026-07-25,PL-MKT-01,C015338,VM-NUT-0003,8,11.19,0.0,PLN
SO-2026-011493,3,2026-07-21,2026-07-25,PL-MKT-01,C015338,VM-EBK-0003,1,9253.61,0.0,PLN
SO-2026-011494,1,2026-07-21,2026-07-22,PL-MKT-01,C014428,VM-BIK-0009,1,5741.51,0.0,PLN
SO-2026-011495,1,2026-07-21,2026-07-25,PL-MKT-01,C005125,VM-BIK-0012,1,12022.57,0.0,PLN
SO-2026-011495,2,2026-07-21,2026-07-25,PL-MKT-01,C005125,VM-ACC-0011,2,73.29,0.0,PLN
SO-2026-011496,1,2026-07-21,2026-07-25,PL-MKT-01,C023238,VM-EBK-0003,1,9253.61,0.0,PLN
SO-2026-011496,2,2026-07-21,2026-07-25,PL-MKT-01,C023238,VM-BIK-0021,1,1272.49,0.0,PLN
SO-2026-011497,1,2026-07-21,2026-07-24,PL-MKT-01,C017228,VM-NUT-0006,12,10.17,0.0,PLN
SO-2026-011497,2,2026-07-21,2026-07-24,PL-MKT-01,C017228,VM-CMP-0012,2,549.71,0.0,PLN
SO-2026-011498,1,2026-07-21,2026-07-24,PL-MKT-01,C014416,VM-BIK-0020,1,1231.77,0.0,PLN
SO-2026-011499,1,2026-07-21,2026-07-24,PL-MKT-01,C021876,VM-APP-0018,4,132.33,0.12,PLN
SO-2026-011500,1,2026-07-21,2026-07-22,PL-MKT-01,C023239,VM-BIK-0003,1,6657.71,0.0,PLN
SO-2026-011500,2,2026-07-21,2026-07-22,PL-MKT-01,C023239,VM-ACC-0018,2,50.89,0.0,PLN
SO-2026-011500,3,2026-07-21,2026-07-22,PL-MKT-01,C023239,VM-ACC-0007,1,366.47,0.0,PLN
SO-2026-011501,1,2026-07-21,2026-07-24,PL-MKT-01,C018799,VM-BIK-0017,1,1944.37,0.0,PLN
SO-2026-011501,2,2026-07-21,2026-07-24,PL-MKT-01,C018799,VM-ACC-0008,1,407.19,0.0,PLN
SO-2026-011502,1,2026-07-21,2026-07-24,PL-MKT-01,C023240,VM-APP-0002,1,447.91,0.0,PLN
SO-2026-011502,2,2026-07-21,2026-07-24,PL-MKT-01,C023240,VM-BIK-0007,1,7176.89,0.0,PLN
SO-2026-011502,3,2026-07-21,2026-07-24,PL-MKT-01,C023240, VM-ACC-0021 ,1,794.03,0.05,PLN
SO-2026-011503,1,2026-07-21,2026-07-25,PL-MKT-01,C023241,VM-APP-0006,1,315.57,0.05,PLN
SO-2026-011503,2,2026-07-21,2026-07-25,PL-MKT-01,C023241,VM-BIK-0009,1,5741.51,0.05,PLN
SO-2026-011504,1,2026-07-21,2026-07-21,CZ-PRG-01,C023242,VM-ACC-0001,1,2240.0,0.0,CZK
SO-2026-011505,1,2026-07-21,2026-07-21,CZ-PRG-01,,VM-ACC-0016,2,171.0,0.0,CZK
SO-2026-011506,1,2026-07-21,2026-07-21,CZ-BRN-01,C023243,VM-EBK-0003,1,53582.0,0.0,CZK
SO-2026-011506,2,2026-07-21,2026-07-21,CZ-BRN-01,C023243,VM-ACC-0018,2,295.0,0.0,CZK
SO-2026-011506,3,2026-07-21,2026-07-21,CZ-BRN-01,C023243,VM-ACC-0007,2,2122.0,0.0,CZK
SO-2026-011506,4,2026-07-21,2026-07-21,CZ-BRN-01,C023243,VM-ACC-0008,2,2358.0,0.0,CZK
SO-2026-011507,1,2026-07-21,2026-07-21,CZ-BRN-01,C021715,VM-ACC-0018,2,295.0,0.05,CZK
SO-2026-011508,1,2026-07-21,2026-07-24,CZ-WEB-01,C015622,VM-CMP-0002,1,3301.0,0.0,CZK
SO-2026-011508,2,2026-07-21,2026-07-24,CZ-WEB-01,C015622,VM-APP-0010,2,1002.0,0.0,CZK
SO-2026-011508,3,2026-07-21,2026-07-24,CZ-WEB-01,C015622,VM-ACC-0013,1,1002.0,0.0,CZK
SO-2026-011509,1,2026-07-21,2026-07-22,CZ-WEB-01,C013361,VM-BIK-0012,1,69615.0,0.0,CZK
SO-2026-011509,2,2026-07-21,2026-07-22,CZ-WEB-01,C013361,VM-ACC-0004,1,4598.0,0.0,CZK
SO-2026-011510,1,2026-07-21,2026-07-21,DE-BER-01,C013029,VM-EBK-0002,1,2382.98,0.0,EUR
SO-2026-011510,2,2026-07-21,2026-07-21,DE-BER-01,C013029,VM-CMP-0004,1,172.43,0.0,EUR
SO-2026-011510,3,2026-07-21,2026-07-21,DE-BER-01,C013029,VM-ACC-0008,2,95.8,0.0,EUR
SO-2026-011511,1,2026-07-21,2026-07-21,DE-BER-01,,VM-BIK-0016,1,859.79,0.0,EUR
SO-2026-011511,2,2026-07-21,2026-07-21,DE-BER-01,,VM-BIK-0015,1,740.04,0.0,EUR
SO-2026-011512,1,2026-07-21,2026-07-21,DE-BER-01,,VM-EBK-0003,1,2177.01,0.0,EUR
SO-2026-011512,2,2026-07-21,2026-07-21,DE-BER-01,,VM-ACC-0013,1,40.71,0.0,EUR
SO-2026-011512,3,2026-07-21,2026-07-21,DE-BER-01,,VM-ACC-0012,1,17.24,0.0,EUR
SO-2026-011512,4,2026-07-21,2026-07-21,DE-BER-01,,VM-ACC-0008,1,95.8,0.1,EUR
SO-2026-011513,1,2026-07-21,2026-07-22,DE-WEB-01,C020176,VM-APP-0012,1,208.36,0.0,EUR
SO-2026-011513,2,2026-07-21,2026-07-22,DE-WEB-01,C020176,VM-BIK-0019,1,289.79,0.0,EUR
SO-2026-011513,3,2026-07-21,2026-07-22,DE-WEB-01,C020176,VM-APP-0014,1,117.35,0.0,EUR
SO-2026-011514,1,2026-07-21,2026-07-25,DE-WEB-01,C023244,VM-BIK-0020,1,289.79,0.05,EUR
SO-2026-011515,1,2026-07-21,2026-07-25,DE-WEB-01,C023245,VM-ACC-0017,1,13.89,0.0,EUR
SO-2026-011515,2,2026-07-21,2026-07-25,DE-WEB-01,C023245,VM-BIK-0021,1,299.37,0.0,EUR
SO-2026-011515,3,2026-07-21,2026-07-25,DE-WEB-01,C023245,VM-BIK-0010,1,1513.61,0.0,EUR
SO-2026-011516,1,2026-07-21,2026-07-23,DE-WEB-01,C016519,VM-ACC-0005,2,43.11,0.05,EUR
SO-2026-011517,1,2026-07-21,2026-07-22,DE-WEB-01,C023246,VM-NUT-0009,3,20.35,0.05,EUR
SO-2026-011517,2,2026-07-21,2026-07-22,DE-WEB-01,C023246,VM-APP-0013,1,105.38,0.05,EUR
SO-2026-011518,1,2026-07-21,2026-07-24,DE-WEB-01,C018626,VM-ACC-0019,3,11.97,0.0,EUR
SO-2026-011518,2,2026-07-21,2026-07-24,DE-WEB-01,C018626,VM-EBK-0011,1,3506.21,0.0,EUR
SO-2026-011519,1,2026-07-22,2026-07-22,PL-WAW-01,,VM-CMP-0009,1,356.29,0.0,PLN
SO-2026-011520,1,2026-07-22,2026-07-22,PL-WAW-01,C021033,VM-CMP-0004,2,732.95,0.0,PLN
SO-2026-011521,1,2026-07-22,2026-07-22,PL-WAW-01,C022401,VM-CMP-0017,2,508.99,0.0,PLN
SO-2026-011521,2,2026-07-22,2026-07-22,PL-WAW-01,C022401,VM-CMP-0013,2,539.53,0.0,PLN
SO-2026-011522,1,2026-07-22,2026-07-22,PL-WAW-01,,VM-ACC-0014,1,111.97,0.0,PLN
SO-2026-011522,2,2026-07-22,2026-07-22,PL-WAW-01,,VM-EBK-0005,1,17764.09,0.0,PLN
SO-2026-011523,1,2026-07-22,2026-07-22,PL-WAW-01,,VM-CMP-0008,1,447.91,0.0,PLN
SO-2026-011523,2,2026-07-22,2026-07-22,PL-WAW-01,,VM-CMP-0017,2,508.99,0.0,PLN
SO-2026-011524,1,2026-07-22,2026-07-22,PL-WAW-01,C023247,VM-CMP-0017,2,508.99,0.0,PLN
SO-2026-011525,1,2026-07-22,2026-07-22,PL-WAW-02,C023248,VM-ACC-0021,1,794.03,0.0,PLN
SO-2026-011525,2,2026-07-22,2026-07-22,PL-WAW-02,C023248,VM-APP-0005,1,183.23,0.0,PLN
SO-2026-011526,1,2026-07-22,2026-07-22,PL-WAW-02,C023249,VM-ACC-0007,1,366.47,0.0,PLN
SO-2026-011526,2,2026-07-22,2026-07-22,PL-WAW-02,C023249,VM-EBK-0005,1,17764.09,0.0,PLN
SO-2026-011527,1,2026-07-22,2026-07-22,PL-WAW-02,,VM-BIK-0015,1,3145.61,0.0,PLN
SO-2026-011528,1,2026-07-22,2026-07-22,PL-WAW-02,C023250,VM-CMP-0011,2,162.87,0.05,PLN
SO-2026-011528,2,2026-07-22,2026-07-22,PL-WAW-02,C023250,VM-EBK-0004,1,11279.43,0.05,PLN
SO-2026-011529,1,2026-07-22,2026-07-22,PL-KRK-01,C016188,VM-NUT-0002,15,15.26,0.0,PLN
SO-2026-011530,1,2026-07-22,2026-07-22,PL-KRK-01,C012564,VM-CMP-0018,2,63.11,0.0,PLN
SO-2026-011530,2,2026-07-22,2026-07-22,PL-KRK-01,C012564,VM-NUT-0003,12,11.19,0.0,PLN
SO-2026-011531,1,2026-07-22,2026-07-22,PL-KRK-01,,VM-CMP-0004,2,732.95,0.0,PLN
SO-2026-011532,1,2026-07-22,2026-07-22,PL-KRK-01,,VM-EBK-0007,1,14964.59,0.0,PLN
SO-2026-011533,1,2026-07-22,2026-07-22,PL-WRO-01,,VM-ACC-0008,2,407.19,0.0,PLN
SO-2026-011534,1,2026-07-22,2026-07-22,PL-WRO-01,C008180,VM-BIK-0006,1,6708.61,0.0,PLN
SO-2026-011535,1,2026-07-22,2026-07-22,PL-WRO-01,,VM-BIK-0006,1,6708.61,0.05,PLN
SO-2026-011536,1,2026-07-22,2026-07-22,PL-WRO-01,C023251,VM-BIK-0009,1,5741.51,0.1,PLN
SO-2026-011537,1,2026-07-22,2026-07-22,PL-WRO-01,,VM-APP-0003,3,315.57,0.0,PLN
SO-2026-011538,1,2026-07-22,2026-07-22,PL-WRO-01,C014138,VM-NUT-0001,10,9.15,0.0,PLN
SO-2026-011538,2,2026-07-22,2026-07-22,PL-WRO-01,C014138,VM-ACC-0013,1,173.05,0.0,PLN
SO-2026-011538,3,2026-07-22,2026-07-22,PL-WRO-01,C014138,VM-NUT-0003,15,11.19,0.0,PLN
SO-2026-011539,1,2026-07-22,2026-07-22,PL-GDN-01,,VM-ACC-0020,1,824.57,0.0,PLN
SO-2026-011539,2,2026-07-22,2026-07-22,PL-GDN-01,,VM-NUT-0004,13,7.12,0.0,PLN
SO-2026-011539,3,2026-07-22,2026-07-22,PL-GDN-01,,VM-BIK-0013,1,4886.39,0.0,PLN
SO-2026-011539,4,2026-07-22,2026-07-22,PL-GDN-01,,VM-BIK-0009,1,5741.51,0.0,PLN
SO-2026-011540,1,2026-07-22,2026-07-22,PL-GDN-01,,VM-EBK-0003,1,9253.61,0.0,PLN
SO-2026-011540,2,2026-07-22,2026-07-22,PL-GDN-01,,VM-ACC-0008,2,407.19,0.1,PLN
SO-2026-011541,1,2026-07-22,2026-07-22,PL-GDN-01,,VM-CMP-0008,1,447.91,0.0,PLN
SO-2026-011542,1,2026-07-22,2026-07-22,PL-GDN-01,C015751,vm-ebk-0002,1,10129.09,0.0,PLN
SO-2026-011543,1,2026-07-22,2026-07-22,PL-POZ-01,,VM-BIK-0008,1,5405.57,0.0,PLN
SO-2026-011544,1,2026-07-22,2026-07-22,PL-POZ-01,C021387,VM-NUT-0003,8,11.19,0.0,PLN
SO-2026-011545,1,2026-07-22,2026-07-22,PL-LDZ-01,,VM-ACC-0008,1,407.19,0.0,PLN
SO-2026-011546,1,2026-07-22,2026-07-22,PL-LDZ-01,,VM-ACC-0008,1,407.19,0.0,PLN
SO-2026-011547,1,2026-07-22,2026-07-26,PL-WEB-01,C022642,VM-NUT-0001,5,9.15,0.0,PLN
SO-2026-011548,1,2026-07-22,2026-07-24,PL-WEB-01,C010776,VM-NUT-0004,20,7.12,0.12,PLN
SO-2026-011549,1,2026-07-22,2026-07-25,PL-WEB-01,C004853,VM-CMP-0019,2,213.77,0.0,PLN
SO-2026-011549,2,2026-07-22,2026-07-25,PL-WEB-01,C004853,VM-BIK-0012,1,12022.57,0.0,PLN
SO-2026-011550,1,2026-07-22,2026-07-26,PL-WEB-01,C018044,VM-BIK-0012,1,12022.57,0.0,PLN
SO-2026-011550,2,2026-07-22,2026-07-26,PL-WEB-01,C018044,VM-NUT-0006,4,10.17,0.0,PLN
SO-2026-011551,1,2026-07-22,2026-07-23,PL-WEB-01,C023252,VM-CMP-0011,2,162.87,0.05,PLN
SO-2026-011552,1,2026-07-22,2026-07-25,PL-WEB-01,C023253,VM-CMP-0017,1,508.99,0.0,PLN
SO-2026-011552,2,2026-07-22,2026-07-25,PL-WEB-01,C023253,VM-ACC-0023,1,946.73,0.0,PLN
SO-2026-011552,3,2026-07-22,2026-07-25,PL-WEB-01,C023253,VM-EBK-0007,1,14964.59,0.0,PLN
SO-2026-011552,4,2026-07-22,2026-07-25,PL-WEB-01,C023253,VM-NUT-0008,11,10.17,0.0,PLN
SO-2026-011553,1,2026-07-22,2026-07-23,PL-WEB-01,C023254,VM-ACC-0014,1,111.97,0.0,PLN
SO-2026-011554,1,2026-07-22,2026-07-26,PL-WEB-01,C023255,VM-CMP-0022,2,36.64,0.0,PLN
SO-2026-011555,1,2026-07-22,2026-07-24,PL-WEB-01,C023256,VM-EBK-0005,1,17764.09,0.0,PLN
SO-2026-011556,1,2026-07-22,2026-07-23,PL-WEB-01,C021955,VM-ACC-0013,1,173.05,0.05,PLN
SO-2026-011557,1,2026-07-22,2026-07-23,PL-WEB-01,C022694,VM-EBK-0002,4,10129.09,0.08,PLN
SO-2026-011557,2,2026-07-22,2026-07-23,PL-WEB-01,C022694,VM-BIK-0002,4,9803.33,0.12,PLN
SO-2026-011557,3,2026-07-22,2026-07-23,PL-WEB-01,C022694,VM-ACC-0001,10,386.83,0.1,PLN
SO-2026-011558,1,2026-07-22,2026-07-26,PL-WEB-01,C023257,VM-APP-0004,5,244.31,0.12,PLN
SO-2026-011559,1,2026-07-22,2026-07-26,PL-WEB-01,C023258,VM-CMP-0005,2,1506.63,0.0,PLN
SO-2026-011560,1,2026-07-22,2026-07-26,PL-WEB-01,C023259,VM-ACC-0007,2,366.47,0.0,PLN
SO-2026-011560,2,2026-07-22,2026-07-26,PL-WEB-01,C023259,VM-EBK-0004,1,11279.43,0.0,PLN
SO-2026-011561,1,2026-07-22,2026-07-26,PL-WEB-01,C023260,VM-EBK-0002,1,10129.09,0.0,PLN
SO-2026-011561,2,2026-07-22,2026-07-26,PL-WEB-01,C023260,VM-CMP-0013,1,539.53,0.0,PLN
SO-2026-011562,1,2026-07-22,2026-07-26,PL-WEB-01,C021620,VM-CMP-0019,2,213.77,0.0,PLN
SO-2026-011562,2,2026-07-22,2026-07-26,PL-WEB-01,C021620,VM-BIK-0020,1,1231.77,0.0,PLN
SO-2026-011563,1,2026-07-22,2026-07-26,PL-WEB-01,C022887,VM-CMP-0001,2,407.19,0.0,PLN
SO-2026-011564,1,2026-07-22,2026-07-23,PL-WEB-01,C023261,VM-BIK-0007,1,7176.89,0.05,PLN
SO-2026-011565,1,2026-07-22,2026-07-25,PL-WEB-01,C023262,VM-ACC-0002,2,620.97,0.0,PLN
SO-2026-011566,1,2026-07-22,2026-07-25,PL-MKT-01,C014238,VM-ACC-0008,1,407.19,0.0,PLN
SO-2026-011566,2,2026-07-22,2026-07-25,PL-MKT-01,C014238,VM-CMP-0006,2,203.59,0.0,PLN
SO-2026-011566,3,2026-07-22,2026-07-25,PL-MKT-01,C014238,VM-ACC-0014,1,111.97,0.0,PLN
SO-2026-011566,4,2026-07-22,2026-07-25,PL-MKT-01,C014238,VM-NUT-0007,9,13.22,0.0,PLN
SO-2026-011567,1,2026-07-22,2026-07-26,PL-MKT-01,C022969,VM-BIK-0012,1,12022.57,0.0,PLN
SO-2026-011567,2,2026-07-22,2026-07-26,PL-MKT-01,C022969,VM-BIK-0007,1,7176.89,0.0,PLN
SO-2026-011568,1,2026-07-22,2026-07-23,PL-MKT-01,C019615,VM-BIK-0007,1,7176.89,0.05,PLN
SO-2026-011569,1,2026-07-22,2026-07-26,PL-MKT-01,C000128,VM-APP-0002,3,447.91,0.0,PLN
SO-2026-011569,2,2026-07-22,2026-07-26,PL-MKT-01,C000128,VM-ACC-0008,1,407.19,0.0,PLN
SO-2026-011570,1,2026-07-22,2026-07-23,PL-MKT-01,C018767, VM-APP-0002 ,3,447.91,0.0,PLN
SO-2026-011570,2,2026-07-22,2026-07-23,PL-MKT-01,C018767,VM-CMP-0019,2,213.77,0.0,PLN
SO-2026-011570,3,2026-07-22,2026-07-23,PL-MKT-01,C018767,VM-CMP-0008,1,447.91,0.05,PLN
SO-2026-011571,1,2026-07-22,2026-07-26,PL-MKT-01,C023263,VM-ACC-0021,1,794.03,0.0,PLN
SO-2026-011572,1,2026-07-22,2026-07-25,PL-MKT-01,C012571,VM-APP-0005,2,183.23,0.1,PLN
SO-2026-011573,1,2026-07-22,2026-07-26,PL-MKT-01,C023264,VM-ACC-0008,1,407.19,0.0,PLN
SO-2026-011574,1,2026-07-22,2026-07-25,PL-MKT-01,C015711,VM-BIK-0007,4,7176.89,0.12,PLN
SO-2026-011574,2,2026-07-22,2026-07-25,PL-MKT-01,C015711,VM-ACC-0002,8,620.97,0.08,PLN
SO-2026-011574,3,2026-07-22,2026-07-25,PL-MKT-01,C015711,VM-ACC-0008,4,407.19,0.08,PLN
SO-2026-011575,1,2026-07-22,2026-07-26,PL-MKT-01,C012027,VM-ACC-0008,1,407.19,0.05,PLN
SO-2026-011575,2,2026-07-22,2026-07-26,PL-MKT-01,C012027,VM-APP-0020,1,183.23,0.05,PLN
SO-2026-011576,1,2026-07-22,2026-07-26,PL-MKT-01,C016491,VM-APP-0010,2,173.05,0.0,PLN
SO-2026-011577,1,2026-07-22,2026-07-25,PL-MKT-01,C023154,VM-NUT-0004,12,7.12,0.0,PLN
SO-2026-011577,2,2026-07-22,2026-07-25,PL-MKT-01,C023154,VM-NUT-0009,3,86.52,0.0,PLN
SO-2026-011578,1,2026-07-22,2026-07-22,CZ-PRG-01,,VM-BIK-0002,1,56765.0,0.0,CZK
SO-2026-011578,2,2026-07-22,2026-07-22,CZ-PRG-01,,VM-APP-0007,2,943.0,0.1,CZK
SO-2026-011579,1,2026-07-22,2026-07-22,CZ-PRG-01,C002921,VM-BIK-0007,1,41557.0,0.05,CZK
SO-2026-011580,1,2026-07-22,2026-07-22,CZ-PRG-01,,VM-APP-0008,1,943.0,0.0,CZK
SO-2026-011581,1,2026-07-22,2026-07-22,CZ-BRN-01,C023265,VM-EBK-0003,5,53582.0,0.08,CZK
SO-2026-011582,1,2026-07-22,2026-07-22,CZ-BRN-01,C011833,VM-ACC-0008,2,2358.0,0.0,CZK
SO-2026-011582,2,2026-07-22,2026-07-22,CZ-BRN-01,C011833,VM-BIK-0001,1,80697.0,0.0,CZK
SO-2026-011583,1,2026-07-22,2026-07-24,CZ-WEB-01,C023266,VM-CMP-0020,4,1533.0,0.0,CZK
SO-2026-011583,2,2026-07-22,2026-07-24,CZ-WEB-01,C023266,VM-EBK-0003,1,53582.0,0.0,CZK
SO-2026-011583,3,2026-07-22,2026-07-24,CZ-WEB-01,C023266,VM-CMP-0019,1,1238.0,0.0,CZK
SO-2026-011584,1,2026-07-22,2026-07-23,CZ-WEB-01,C023267,VM-BIK-0012,1,69615.0,0.0,CZK
SO-2026-011585,1,2026-07-22,2026-07-24,CZ-WEB-01,C017625,VM-NUT-0003,75,65.0,0.08,CZK
SO-2026-011585,2,2026-07-22,2026-07-24,CZ-WEB-01,C017625,VM-EBK-0009,3,58416.0,0.08,CZK
SO-2026-011586,1,2026-07-22,2026-07-23,CZ-WEB-01,C020544,VM-ACC-0002,1,3596.0,0.0,CZK
SO-2026-011586,2,2026-07-22,2026-07-23,CZ-WEB-01,C020544,VM-APP-0002,2,2594.0,0.0,CZK
SO-2026-011586,3,2026-07-22,2026-07-23,CZ-WEB-01,C020544,VM-BIK-0003,1,38551.0,0.0,CZK
SO-2026-011587,1,2026-07-22,2026-07-25,CZ-WEB-01,C023268,VM-CMP-0003,2,1415.0,0.05,CZK
SO-2026-011587,2,2026-07-22,2026-07-25,CZ-WEB-01,C023268,VM-APP-0010,1,1002.0,0.05,CZK
SO-2026-011587,3,2026-07-22,2026-07-25,CZ-WEB-01,C023268,VM-BIK-0006,1,38845.0,0.05,CZK
SO-2026-011587,4,2026-07-22,2026-07-25,CZ-WEB-01,C023268,VM-CMP-0017,1,2947.0,0.05,CZK
SO-2026-011588,1,2026-07-22,2026-07-26,CZ-WEB-01,C021946, VM-CMP-0002 ,2,3301.0,0.0,CZK
SO-2026-011588,2,2026-07-22,2026-07-26,CZ-WEB-01,C021946,VM-CMP-0009,1,2063.0,0.0,CZK
SO-2026-011588,3,2026-07-22,2026-07-26,CZ-WEB-01,C021946,VM-CMP-0013,2,3124.0,0.0,CZK
SO-2026-011589,1,2026-07-22,2026-07-22,DE-BER-01,,VM-NUT-0004,8,1.67,0.0,EUR
SO-2026-011590,1,2026-07-22,2026-07-23,DE-WEB-01,C019381,VM-ACC-0006,1,227.52,0.1,EUR
SO-2026-011591,1,2026-07-22,2026-07-25,DE-WEB-01,C023269,VM-NUT-0001,13,2.15,0.0,EUR
SO-2026-011591,2,2026-07-22,2026-07-25,DE-WEB-01,C023269,VM-NUT-0006,6,2.39,0.0,EUR
SO-2026-011592,1,2026-07-22,2026-07-25,DE-WEB-01,C022286,VM-CMP-0005,2,354.45,0.05,EUR
SO-2026-011592,2,2026-07-22,2026-07-25,DE-WEB-01,C022286,VM-NUT-0002,8,3.59,0.05,EUR
SO-2026-011593,1,2026-07-22,2026-07-24,DE-WEB-01,C020124,VM-APP-0006,1,74.24,0.05,EUR
SO-2026-011593,2,2026-07-22,2026-07-24,DE-WEB-01,C020124,VM-ACC-0014,1,26.34,0.05,EUR
SO-2026-011593,3,2026-07-22,2026-07-24,DE-WEB-01,C020124,VM-NUT-0001,4,2.15,0.05,EUR
SO-2026-011594,1,2026-07-22,2026-07-25,DE-WEB-01,C022872,VM-NUT-0004,7,1.67,0.0,EUR
SO-2026-011594,2,2026-07-22,2026-07-25,DE-WEB-01,C022872,VM-NUT-0008,10,2.39,0.0,EUR
SO-2026-011595,1,2026-07-22,2026-07-26,DE-WEB-01,C014697,VM-APP-0008,2,38.32,0.0,EUR
SO-2026-011595,2,2026-07-22,2026-07-26,DE-WEB-01,C014697,VM-EBK-0003,1,2177.01,0.0,EUR
SO-2026-011596,1,2026-07-23,2026-07-23,PL-WAW-01,C007163,VM-ACC-0008,2,407.19,0.0,PLN
SO-2026-011597,1,2026-07-23,2026-07-23,PL-WAW-01,C023270,VM-BIK-0007,1,7176.89,0.0,PLN
SO-2026-011597,2,2026-07-23,2026-07-23,PL-WAW-01,C023270,VM-ACC-0008,2,407.19,0.0,PLN
SO-2026-011597,3,2026-07-23,2026-07-23,PL-WAW-01,C023270,VM-CMP-0013,2,539.53,0.0,PLN
SO-2026-011598,1,2026-07-23,2026-07-23,PL-WAW-01,C017699,VM-EBK-0008,1,15371.79,0.05,PLN
SO-2026-011599,1,2026-07-23,2026-07-23,PL-WAW-01,C021300,VM-APP-0006,1,315.57,0.05,PLN
SO-2026-011599,2,2026-07-23,2026-07-23,PL-WAW-01,C021300,VM-EBK-0003,1,9253.61,0.05,PLN
SO-2026-011600,1,2026-07-23,2026-07-23,PL-WAW-01,C023271,VM-CMP-0017,1,508.99,0.0,PLN
SO-2026-011601,1,2026-07-23,2026-07-23,PL-WAW-02,,VM-NUT-0009,3,86.52,0.0,PLN
SO-2026-011601,2,2026-07-23,2026-07-23,PL-WAW-02,,VM-BIK-0004,1,4346.85,0.1,PLN
SO-2026-011602,1,2026-07-23,2026-07-23,PL-WAW-02,C016641,VM-BIK-0009,1,5741.51,0.0,PLN
SO-2026-011602,2,2026-07-23,2026-07-23,PL-WAW-02,C016641,VM-ACC-0003,1,295.21,0.0,PLN
SO-2026-011602,3,2026-07-23,2026-07-23,PL-WAW-02,C016641,VM-ACC-0018,1,50.89,0.0,PLN
SO-2026-011603,1,2026-07-23,2026-07-23,PL-WAW-02,C013998,VM-CMP-0020,4,264.67,0.0,PLN
SO-2026-011603,2,2026-07-23,2026-07-23,PL-WAW-02,C013998,VM-ACC-0018,1,50.89,0.0,PLN
SO-2026-011603,3,2026-07-23,2026-07-23,PL-WAW-02,C013998,VM-CMP-0002,1,570.07,0.0,PLN
SO-2026-011604,1,2026-07-23,2026-07-23,PL-WAW-02,C023272,VM-CMP-0012,2,549.71,0.0,PLN
SO-2026-011604,2,2026-07-23,2026-07-23,PL-WAW-02,C023272,VM-ACC-0014,1,111.97,0.0,PLN
SO-2026-011605,1,2026-07-23,2026-07-23,PL-KRK-01,C020137,VM-EBK-0009,1,10088.37,0.05,PLN
SO-2026-011605,2,2026-07-23,2026-07-23,PL-KRK-01,C020137,VM-ACC-0019,1,50.89,0.05,PLN
SO-2026-011606,1,2026-07-23,2026-07-23,PL-KRK-01,C023273,VM-NUT-0004,13,7.12,0.0,PLN
SO-2026-011606,2,2026-07-23,2026-07-23,PL-KRK-01,C023273,VM-NUT-0006,12,10.17,0.0,PLN
SO-2026-011606,3,2026-07-23,2026-07-23,PL-KRK-01,C023273,VM-APP-0002,1,447.91,0.0,PLN
SO-2026-011607,1,2026-07-23,2026-07-23,PL-WRO-01,C021747,VM-NUT-0002,7,15.26,0.0,PLN
SO-2026-011608,1,2026-07-23,2026-07-23,PL-WRO-01,,VM-APP-0006,2,315.57,0.0,PLN
SO-2026-011608,2,2026-07-23,2026-07-23,PL-WRO-01,,VM-EBK-0008,1,15371.79,0.0,PLN
SO-2026-011609,1,2026-07-23,2026-07-23,PL-WRO-01,C023274,VM-ACC-0008,1,407.19,0.0,PLN
SO-2026-011609,2,2026-07-23,2026-07-23,PL-WRO-01,C023274,VM-NUT-0008,9,10.17,0.0,PLN
SO-2026-011610,1,2026-07-23,2026-07-23,PL-WRO-01,C022804,VM-CMP-0011,2,162.87,0.05,PLN
SO-2026-011610,2,2026-07-23,2026-07-23,PL-WRO-01,C022804,VM-BIK-0020,1,1231.77,0.05,PLN
SO-2026-011611,1,2026-07-23,2026-07-23,PL-GDN-01,,VM-APP-0006,2,315.57,0.0,PLN
SO-2026-011611,2,2026-07-23,2026-07-23,PL-GDN-01,,VM-EBK-0009,1,10088.37,0.0,PLN
SO-2026-011611,3,2026-07-23,2026-07-23,PL-GDN-01,,VM-APP-0002,3,447.91,0.0,PLN
SO-2026-011612,1,2026-07-23,2026-07-23,PL-POZ-01,C012582,VM-BIK-0012,1,12022.57,0.0,PLN
SO-2026-011612,2,2026-07-23,2026-07-23,PL-POZ-01,C012582,VM-ACC-0008,2,407.19,0.0,PLN
SO-2026-011612,3,2026-07-23,2026-07-23,PL-POZ-01,C012582,VM-ACC-0018,2,50.89,0.0,PLN
SO-2026-011613,1,2026-07-23,2026-07-23,PL-LDZ-01,C023275,VM-BIK-0004,1,4346.85,0.0,PLN
SO-2026-011614,1,2026-07-23,2026-07-23,PL-LDZ-01,C018885,VM-ACC-0018,2,50.89,0.05,PLN
SO-2026-011615,1,2026-07-23,2026-07-23,PL-LDZ-01,C023276,VM-CMP-0006,1,203.59,0.0,PLN
SO-2026-011615,2,2026-07-23,2026-07-23,PL-LDZ-01,C023276,VM-BIK-0012,1,12022.57,0.0,PLN
SO-2026-011615,3,2026-07-23,2026-07-23,PL-LDZ-01,C023276,VM-APP-0009,1,356.29,0.0,PLN
SO-2026-011615,4,2026-07-23,2026-07-23,PL-LDZ-01,C023276,VM-CMP-0022,2,36.64,0.0,PLN
SO-2026-011616,1,2026-07-23,2026-07-25,PL-WEB-01,C023277,VM-BIK-0004,1,4346.85,0.0,PLN
SO-2026-011616,2,2026-07-23,2026-07-25,PL-WEB-01,C023277,VM-ACC-0013,1,173.05,0.0,PLN
SO-2026-011616,3,2026-07-23,2026-07-25,PL-WEB-01,C023277,VM-NUT-0006,5,10.17,0.0,PLN
SO-2026-011617,1,2026-07-23,2026-07-25,PL-WEB-01,C022860,VM-CMP-0006,1,203.59,0.0,PLN
SO-2026-011618,1,2026-07-23,2026-07-24,PL-WEB-01,C006494,VM-CMP-0017,2,508.99,0.05,PLN
SO-2026-011619,1,2026-07-23,2026-07-27,PL-WEB-01,C019927,VM-ACC-0008,2,407.19,0.0,PLN
SO-2026-011620,1,2026-07-23,2026-07-24,PL-WEB-01,C002067,VM-EBK-0004,1,11279.43,0.0,PLN
SO-2026-011620,2,2026-07-23,2026-07-24,PL-WEB-01,C002067,VM-BIK-0010,1,6433.75,0.0,PLN
SO-2026-011620,3,2026-07-23,2026-07-24,PL-WEB-01,C002067,vm-cmp-0002,1,570.07,0.0,PLN
SO-2026-011621,1,2026-07-23,2026-07-26,PL-WEB-01,C015498,VM-CMP-0001,1,407.19,0.0,PLN
SO-2026-011622,1,2026-07-23,2026-07-26,PL-WEB-01,C009843,VM-ACC-0008,1,407.19,0.05,PLN
SO-2026-011623,1,2026-07-23,2026-07-25,PL-WEB-01,C023278,VM-BIK-0002,1,9803.33,0.0,PLN
SO-2026-011623,2,2026-07-23,2026-07-25,PL-WEB-01,C023278,VM-ACC-0008,2,407.19,0.0,PLN
SO-2026-011624,1,2026-07-23,2026-07-24,PL-WEB-01,C018544,VM-CMP-0017,1,508.99,0.0,PLN
SO-2026-011624,2,2026-07-23,2026-07-24,PL-WEB-01,C018544,VM-APP-0017,2,193.41,0.0,PLN
SO-2026-011624,3,2026-07-23,2026-07-24,PL-WEB-01,C018544,VM-APP-0020,2,183.23,0.0,PLN
SO-2026-011625,1,2026-07-23,2026-07-25,PL-WEB-01,C023279,VM-ACC-0007,1,366.47,0.0,PLN
SO-2026-011625,2,2026-07-23,2026-07-25,PL-WEB-01,C023279,VM-BIK-0007,1,7176.89,0.05,PLN
SO-2026-011625,3,2026-07-23,2026-07-25,PL-WEB-01,C023279,VM-CMP-0017,2,508.99,0.0,PLN
SO-2026-011626,1,2026-07-23,2026-07-24,PL-WEB-01,C015321,VM-ACC-0007,1,366.47,0.0,PLN
SO-2026-011627,1,2026-07-23,2026-07-25,PL-WEB-01,C023280,VM-BIK-0007,1,7176.89,0.0,PLN
SO-2026-011627,2,2026-07-23,2026-07-25,PL-WEB-01,C023280,VM-ACC-0017,3,59.03,0.0,PLN
SO-2026-011628,1,2026-07-23,2026-07-24,PL-WEB-01,C023281,VM-APP-0007,2,162.87,0.0,PLN
SO-2026-011628,2,2026-07-23,2026-07-24,PL-WEB-01,C023281,VM-ACC-0010,2,254.49,0.0,PLN
SO-2026-011629,1,2026-07-23,2026-07-27,PL-WEB-01,C023282,VM-NUT-0004,7,7.12,0.0,PLN
SO-2026-011630,1,2026-07-23,2026-07-27,PL-WEB-01,C023261,VM-ACC-0019,1,50.89,0.05,PLN
SO-2026-011631,1,2026-07-23,2026-07-25,PL-WEB-01,C023283,VM-NUT-0008,11,10.17,0.0,PLN
SO-2026-011632,1,2026-07-23,2026-07-25,PL-WEB-01,C023284,VM-ACC-0018,1,50.89,0.0,PLN
SO-2026-011632,2,2026-07-23,2026-07-25,PL-WEB-01,C023284,VM-APP-0012,1,885.65,0.0,PLN
SO-2026-011632,3,2026-07-23,2026-07-25,PL-WEB-01,C023284,VM-APP-0002,2,447.91,0.0,PLN
SO-2026-011632,4,2026-07-23,2026-07-25,PL-WEB-01,C023284,VM-CMP-0005,1,1506.63,0.0,PLN
SO-2026-011633,1,2026-07-23,2026-07-27,PL-WEB-01,C013735,VM-CMP-0017,1,508.99,0.0,PLN
SO-2026-011633,2,2026-07-23,2026-07-27,PL-WEB-01,C013735,VM-APP-0002,2,447.91,0.0,PLN
SO-2026-011634,1,2026-07-23,2026-07-24,PL-WEB-01,C021335,VM-APP-0005,3,183.23,0.0,PLN
SO-2026-011635,1,2026-07-23,2026-07-27,PL-MKT-01,C017516,VM-APP-0008,2,162.87,0.0,PLN
SO-2026-011635,2,2026-07-23,2026-07-27,PL-MKT-01,C017516,VM-ACC-0014,1,111.97,0.0,PLN
SO-2026-011636,1,2026-07-23,2026-07-27,PL-MKT-01,C017928,VM-ACC-0008,1,407.19,0.0,PLN
SO-2026-011637,1,2026-07-23,2026-07-26,PL-MKT-01,C022036,VM-APP-0004,2,244.31,0.0,PLN
SO-2026-011637,2,2026-07-23,2026-07-26,PL-MKT-01,C022036,VM-ACC-0008,1,407.19,0.0,PLN
SO-2026-011638,1,2026-07-23,2026-07-25,PL-MKT-01,C023285,vm-cmp-0020,4,264.67,0.0,PLN
SO-2026-011639,1,2026-07-23,2026-07-26,PL-MKT-01,C017439,vm-app-0008,1,162.87,0.0,PLN
SO-2026-011640,1,2026-07-23,2026-07-23,CZ-PRG-01,,VM-NUT-0004,10,41.0,0.0,CZK
SO-2026-011640,2,2026-07-23,2026-07-23,CZ-PRG-01,,VM-ACC-0023,1,5482.0,0.0,CZK
SO-2026-011641,1,2026-07-23,2026-07-23,CZ-PRG-01,,VM-APP-0020,2,1061.0,0.0,CZK
SO-2026-011641,2,2026-07-23,2026-07-23,CZ-PRG-01,,VM-APP-0002,3,2594.0,0.0,CZK
SO-2026-011642,1,2026-07-23,2026-07-23,CZ-PRG-01,,VM-APP-0012,1,5128.0,0.0,CZK
SO-2026-011643,1,2026-07-23,2026-07-23,CZ-PRG-01,C023286,VM-CMP-0002,1,3301.0,0.0,CZK
SO-2026-011643,2,2026-07-23,2026-07-23,CZ-PRG-01,C023286,VM-EBK-0003,1,53582.0,0.0,CZK
SO-2026-011644,1,2026-07-23,2026-07-23,CZ-BRN-01,C021450,VM-NUT-0008,3,59.0,0.05,CZK
SO-2026-011644,2,2026-07-23,2026-07-23,CZ-BRN-01,C021450,VM-EBK-0008,1,89009.0,0.05,CZK
SO-2026-011644,3,2026-07-23,2026-07-23,CZ-BRN-01,C021450,VM-CMP-0001,2,2358.0,0.05,CZK
SO-2026-011644,4,2026-07-23,2026-07-23,CZ-BRN-01,C021450,VM-CMP-0011,1,943.0,0.05,CZK
SO-2026-011645,1,2026-07-23,2026-07-23,CZ-BRN-01,C023287,VM-ACC-0008,1,2358.0,0.05,CZK
SO-2026-011645,2,2026-07-23,2026-07-23,CZ-BRN-01,C023287,VM-CMP-0013,2,3124.0,0.05,CZK
SO-2026-011645,3,2026-07-23,2026-07-23,CZ-BRN-01,C023287,VM-CMP-0016,1,14501.0,0.05,CZK
SO-2026-011646,1,2026-07-23,2026-07-25,CZ-WEB-01,C020139,VM-BIK-0007,1,41557.0,0.0,CZK
SO-2026-011647,1,2026-07-23,2026-07-25,CZ-WEB-01,C023288,VM-ACC-0017,3,342.0,0.0,CZK
SO-2026-011647,2,2026-07-23,2026-07-25,CZ-WEB-01,C023288,VM-ACC-0002,2,3596.0,0.0,CZK
SO-2026-011647,3,2026-07-23,2026-07-25,CZ-WEB-01,C023288,VM-ACC-0014,1,648.0,0.0,CZK
SO-2026-011647,4,2026-07-23,2026-07-25,CZ-WEB-01,C023288,VM-ACC-0008,2,2358.0,0.0,CZK
SO-2026-011648,1,2026-07-23,2026-07-26,CZ-WEB-01,C023289,VM-CMP-0013,2,3124.0,0.0,CZK
SO-2026-011648,2,2026-07-23,2026-07-26,CZ-WEB-01,C023289,VM-NUT-0009,4,501.0,0.0,CZK
SO-2026-011649,1,2026-07-23,2026-07-27,CZ-WEB-01,C023290,VM-ACC-0005,1,1061.0,0.05,CZK
SO-2026-011650,1,2026-07-23,2026-07-24,CZ-WEB-01,C019280,VM-ACC-0008,1,2358.0,0.0,CZK
SO-2026-011651,1,2026-07-23,2026-07-23,DE-BER-01,C019963,VM-NUT-0002,10,3.59,0.0,EUR
SO-2026-011651,2,2026-07-23,2026-07-23,DE-BER-01,C019963,VM-NUT-0004,6,1.67,0.0,EUR
SO-2026-011651,3,2026-07-23,2026-07-23,DE-BER-01,C019963,VM-CMP-0015,1,220.33,0.0,EUR
SO-2026-011652,1,2026-07-23,2026-07-23,DE-BER-01,C013146,VM-ACC-0021,1,186.8,0.0,EUR
SO-2026-011652,2,2026-07-23,2026-07-23,DE-BER-01,C013146,VM-BIK-0009,1,1350.75,0.0,EUR
SO-2026-011652,3,2026-07-23,2026-07-23,DE-BER-01,C013146,VM-BIK-0001,1,3278.69,0.0,EUR
SO-2026-011653,1,2026-07-23,2026-07-23,DE-BER-01,,VM-ACC-0008,1,95.8,0.0,EUR
SO-2026-011654,1,2026-07-23,2026-07-26,DE-WEB-01,C019704,VM-ACC-0008,1,95.8,0.0,EUR
SO-2026-011654,2,2026-07-23,2026-07-26,DE-WEB-01,C019704,VM-BIK-0005,1,1774.66,0.0,EUR
SO-2026-011654,3,2026-07-23,2026-07-26,DE-WEB-01,C019704,VM-CMP-0002,2,134.12,0.0,EUR
SO-2026-011655,1,2026-07-23,2026-07-25,DE-WEB-01,C022326,VM-BIK-0019,1,289.79,0.0,EUR
SO-2026-011655,2,2026-07-23,2026-07-25,DE-WEB-01,C022326,VM-ACC-0017,3,13.89,0.0,EUR
SO-2026-011655,3,2026-07-23,2026-07-25,DE-WEB-01,C022326,VM-ACC-0014,1,26.34,0.0,EUR
SO-2026-011655,4,2026-07-23,2026-07-25,DE-WEB-01,C022326,VM-BIK-0007,1,1688.44,0.0,EUR
SO-2026-011656,1,2026-07-23,2026-07-26,DE-WEB-01,C016504,VM-BIK-0004,1,1022.64,0.0,EUR
SO-2026-011656,2,2026-07-23,2026-07-26,DE-WEB-01,C016504,VM-ACC-0008,1,95.8,0.0,EUR
SO-2026-011656,3,2026-07-23,2026-07-26,DE-WEB-01,C016504,VM-APP-0007,2,38.32,0.0,EUR
SO-2026-011657,1,2026-07-23,2026-07-24,DE-WEB-01,C023291,VM-APP-0006,2,74.24,0.0,EUR
SO-2026-011657,2,2026-07-23,2026-07-24,DE-WEB-01,C023291,VM-BIK-0011,1,2071.63,0.0,EUR
SO-2026-011657,3,2026-07-23,2026-07-24,DE-WEB-01,C023291,VM-ACC-0014,1,26.34,0.0,EUR
SO-2026-011657,4,2026-07-23,2026-07-24,DE-WEB-01,C023291,VM-NUT-0001,11,2.15,0.0,EUR
SO-2026-011658,1,2026-07-23,2026-07-24,DE-WEB-01,C004417,VM-APP-0010,1,40.71,0.0,EUR
SO-2026-011658,2,2026-07-23,2026-07-24,DE-WEB-01,C004417,VM-BIK-0021,1,299.37,0.0,EUR
SO-2026-011659,1,2026-07-23,2026-07-26,DE-WEB-01,C021690,VM-CMP-0006,2,47.9,0.0,EUR
SO-2026-011659,2,2026-07-23,2026-07-26,DE-WEB-01,C021690,VM-NUT-0009,4,20.35,0.0,EUR
SO-2026-011660,1,2026-07-24,2026-07-24,PL-WAW-01,C023292,VM-APP-0004,2,244.31,0.0,PLN
SO-2026-011661,1,2026-07-24,2026-07-24,PL-WAW-01,C023293,VM-EBK-0003,1,9253.61,0.0,PLN
SO-2026-011661,2,2026-07-24,2026-07-24,PL-WAW-01,C023293,VM-ACC-0014,1,111.97,0.0,PLN
SO-2026-011661,3,2026-07-24,2026-07-24,PL-WAW-01,C023293,VM-ACC-0007,2,366.47,0.0,PLN
SO-2026-011662,1,2026-07-24,2026-07-24,PL-WAW-01,,VM-BIK-0019,1,1231.77,0.0,PLN
SO-2026-011662,2,2026-07-24,2026-07-24,PL-WAW-01,,VM-ACC-0014,1,111.97,0.0,PLN
SO-2026-011663,1,2026-07-24,2026-07-24,PL-WAW-01,C020654,VM-APP-0002,2,447.91,0.0,PLN
SO-2026-011663,2,2026-07-24,2026-07-24,PL-WAW-01,C020654,VM-NUT-0008,11,10.17,0.0,PLN
SO-2026-011663,3,2026-07-24,2026-07-24,PL-WAW-01,C020654,VM-EBK-0007,1,14964.59,0.0,PLN
SO-2026-011664,1,2026-07-24,2026-07-24,PL-WAW-01,C023294,VM-NUT-0002,14,15.26,0.0,PLN
SO-2026-011664,2,2026-07-24,2026-07-24,PL-WAW-01,C023294,VM-CMP-0017,2,508.99,0.0,PLN
SO-2026-011665,1,2026-07-24,2026-07-24,PL-WAW-02,C023295,VM-NUT-0002,6,15.26,0.05,PLN
SO-2026-011665,2,2026-07-24,2026-07-24,PL-WAW-02,C023295,VM-CMP-0013,2,539.53,0.05,PLN
SO-2026-011666,1,2026-07-24,2026-07-24,PL-WAW-02,C020535,VM-ACC-0005,2,183.23,0.0,PLN
SO-2026-011666,2,2026-07-24,2026-07-24,PL-WAW-02,C020535,VM-APP-0014,1,498.81,0.0,PLN
SO-2026-011667,1,2026-07-24,2026-07-24,PL-KRK-01,C023296,VM-BIK-0003,1,6657.71,0.0,PLN
SO-2026-011668,1,2026-07-24,2026-07-24,PL-KRK-01,,VM-BIK-0020,1,1231.77,0.0,PLN
SO-2026-011669,1,2026-07-24,2026-07-24,PL-KRK-01,C023297,vm-acc-0017,2,59.03,0.0,PLN
SO-2026-011670,1,2026-07-24,2026-07-24,PL-WRO-01,,VM-BIK-0016,1,3654.61,0.0,PLN
SO-2026-011670,2,2026-07-24,2026-07-24,PL-WRO-01,,VM-ACC-0002,2,620.97,0.0,PLN
SO-2026-011671,1,2026-07-24,2026-07-24,PL-WRO-01,C023298,VM-NUT-0002,10,15.26,0.05,PLN
SO-2026-011671,2,2026-07-24,2026-07-24,PL-WRO-01,C023298,VM-BIK-0011,1,8805.69,0.05,PLN
SO-2026-011671,3,2026-07-24,2026-07-24,PL-WRO-01,C023298,vm-acc-0008,2,407.19,0.05,PLN
SO-2026-011672,1,2026-07-24,2026-07-24,PL-WRO-01,C023299,VM-CMP-0005,2,1506.63,0.0,PLN
SO-2026-011673,1,2026-07-24,2026-07-24,PL-GDN-01,C019918,VM-BIK-0009,1,5741.51,0.0,PLN
SO-2026-011673,2,2026-07-24,2026-07-24,PL-GDN-01,C019918,VM-ACC-0005,1,183.23,0.0,PLN
SO-2026-011674,1,2026-07-24,2026-07-24,PL-GDN-01,,VM-NUT-0003,11,11.19,0.0,PLN
SO-2026-011675,1,2026-07-24,2026-07-24,PL-GDN-01,C023300,VM-EBK-0002,1,10129.09,0.0,PLN
SO-2026-011675,2,2026-07-24,2026-07-24,PL-GDN-01,C023300,VM-CMP-0013,2,539.53,0.0,PLN
SO-2026-011675,3,2026-07-24,2026-07-24,PL-GDN-01,C023300,VM-BIK-0007,1,7176.89,0.0,PLN
SO-2026-011676,1,2026-07-24,2026-07-24,PL-GDN-01,,VM-ACC-0008,1,407.19,0.0,PLN
SO-2026-011677,1,2026-07-24,2026-07-24,PL-GDN-01,C023301,VM-CMP-0021,2,48.85,0.0,PLN
SO-2026-011678,1,2026-07-24,2026-07-24,PL-POZ-01,,VM-APP-0020,1,183.23,0.0,PLN
SO-2026-011678,2,2026-07-24,2026-07-24,PL-POZ-01,,VM-ACC-0013,1,173.05,0.0,PLN
SO-2026-011679,1,2026-07-24,2026-07-24,PL-POZ-01,C023302,VM-BIK-0007,1,7176.89,0.05,PLN
SO-2026-011680,1,2026-07-24,2026-07-24,PL-LDZ-01,C020381,VM-BIK-0013,1,4886.39,0.0,PLN
SO-2026-011680,2,2026-07-24,2026-07-24,PL-LDZ-01,C020381,VM-BIK-0007,1,7176.89,0.0,PLN
SO-2026-011681,1,2026-07-24,2026-07-24,PL-LDZ-01,,VM-APP-0008,2,162.87,0.0,PLN
SO-2026-011681,2,2026-07-24,2026-07-24,PL-LDZ-01,,VM-BIK-0003,1,6657.71,0.0,PLN
SO-2026-011682,1,2026-07-24,2026-07-28,PL-WEB-01,C023303,VM-BIK-0007,1,7176.89,0.0,PLN
SO-2026-011682,2,2026-07-24,2026-07-28,PL-WEB-01,C023303,VM-CMP-0013,1,539.53,0.0,PLN
SO-2026-011682,3,2026-07-24,2026-07-28,PL-WEB-01,C023303,VM-ACC-0011,2,73.29,0.0,PLN
SO-2026-011683,1,2026-07-24,2026-07-27,PL-WEB-01,C023304,VM-ACC-0016,3,29.51,0.0,PLN
SO-2026-011683,2,2026-07-24,2026-07-27,PL-WEB-01,C023304,VM-APP-0002,1,447.91,0.0,PLN
SO-2026-011684,1,2026-07-24,2026-07-25,PL-WEB-01,C019142,VM-APP-0008,2,162.87,0.0,PLN
SO-2026-011685,1,2026-07-24,2026-07-26,PL-WEB-01,C023305,VM-BIK-0021,1,1272.49,0.0,PLN
SO-2026-011685,2,2026-07-24,2026-07-26,PL-WEB-01,C023305,VM-ACC-0018,3,50.89,0.0,PLN
SO-2026-011686,1,2026-07-24,2026-07-25,PL-WEB-01,C021241,VM-BIK-0007,1,7176.89,0.0,PLN
SO-2026-011686,2,2026-07-24,2026-07-25,PL-WEB-01,C021241,VM-CMP-0005,1,1506.63,0.0,PLN
SO-2026-011687,1,2026-07-24,2026-07-25,PL-WEB-01,C023306,VM-APP-0019,1,67.18,0.0,PLN
SO-2026-011687,2,2026-07-24,2026-07-25,PL-WEB-01,C023306,VM-APP-0012,1,885.65,0.0,PLN
SO-2026-011688,1,2026-07-24,2026-07-25,PL-WEB-01,C019015,VM-NUT-0003,10,11.19,0.0,PLN
SO-2026-011688,2,2026-07-24,2026-07-25,PL-WEB-01,C019015,VM-APP-0010,1,173.05,0.0,PLN
SO-2026-011688,3,2026-07-24,2026-07-25,PL-WEB-01,C019015,VM-NUT-0006,4,10.17,0.0,PLN
SO-2026-011689,1,2026-07-24,2026-07-25,PL-WEB-01,C013099,VM-NUT-0002,12,15.26,0.0,PLN
SO-2026-011689,2,2026-07-24,2026-07-25,PL-WEB-01,C013099,VM-ACC-0014,1,111.97,0.0,PLN
SO-2026-011690,1,2026-07-24,2026-07-25,PL-WEB-01,C023307,VM-BIK-0012,1,12022.57,0.0,PLN
SO-2026-011691,1,2026-07-24,2026-07-25,PL-WEB-01,C006751,VM-ACC-0003,1,295.21,0.0,PLN
SO-2026-011691,2,2026-07-24,2026-07-25,PL-WEB-01,C006751,VM-NUT-0006,9,10.17,0.0,PLN
SO-2026-011692,1,2026-07-24,2026-07-26,PL-WEB-01,C021998,VM-ACC-0008,2,407.19,0.05,PLN
SO-2026-011692,2,2026-07-24,2026-07-26,PL-WEB-01,C021998,VM-ACC-0022,1,1598.25,0.05,PLN
SO-2026-011693,1,2026-07-24,2026-07-27,PL-WEB-01,C015052,VM-NUT-0009,4,86.52,0.0,PLN
SO-2026-011693,2,2026-07-24,2026-07-27,PL-WEB-01,C015052,VM-CMP-0022,1,36.64,0.0,PLN
SO-2026-011694,1,2026-07-24,2026-07-26,PL-WEB-01,C021588,VM-CMP-0019,4,213.77,0.0,PLN
SO-2026-011695,1,2026-07-24,2026-07-28,PL-MKT-01,C017770,VM-EBK-0007,1,14964.59,0.05,PLN
SO-2026-011696,1,2026-07-24,2026-07-27,PL-MKT-01,C023308,VM-CMP-0014,2,437.73,0.0,PLN
SO-2026-011696,2,2026-07-24,2026-07-27,PL-MKT-01,C023308,VM-EBK-0008,1,15371.79,0.0,PLN
SO-2026-011697,1,2026-07-24,2026-07-25,PL-MKT-01,C023309,VM-BIK-0009,1,5741.51,0.0,PLN
SO-2026-011698,1,2026-07-24,2026-07-28,PL-MKT-01,C023310,VM-CMP-0011,1,162.87,0.0,PLN
SO-2026-011698,2,2026-07-24,2026-07-28,PL-MKT-01,C023310,VM-BIK-0012,1,12022.57,0.0,PLN
SO-2026-011699,1,2026-07-24,2026-07-25,PL-MKT-01,C023311,VM-ACC-0016,2,29.51,0.05,PLN
SO-2026-011699,2,2026-07-24,2026-07-25,PL-MKT-01,C023311,VM-ACC-0005,2,183.23,0.05,PLN
SO-2026-011699,3,2026-07-24,2026-07-25,PL-MKT-01,C023311,VM-NUT-0002,13,15.26,0.05,PLN
SO-2026-011700,1,2026-07-24,2026-07-25,PL-MKT-01,C012827,VM-ACC-0008,2,407.19,0.12,PLN
SO-2026-011700,2,2026-07-24,2026-07-25,PL-MKT-01,C012827,VM-APP-0003,4,315.57,0.12,PLN
SO-2026-011701,1,2026-07-24,2026-07-24,CZ-PRG-01,C021559,VM-ACC-0007,1,2122.0,0.0,CZK
SO-2026-011702,1,2026-07-24,2026-07-24,CZ-BRN-01,C015550,VM-BIK-0012,1,69615.0,0.05,CZK
SO-2026-011702,2,2026-07-24,2026-07-24,CZ-BRN-01,C015550,VM-BIK-0017,1,11259.0,0.05,CZK
SO-2026-011702,3,2026-07-24,2026-07-24,CZ-BRN-01,C015550,VM-ACC-0006,1,5600.0,0.05,CZK
SO-2026-011703,1,2026-07-24,2026-07-24,CZ-BRN-01,C023312,VM-BIK-0019,1,7132.0,0.05,CZK
SO-2026-011703,2,2026-07-24,2026-07-24,CZ-BRN-01,C023312,VM-ACC-0018,1,295.0,0.05,CZK
SO-2026-011704,1,2026-07-24,2026-07-27,CZ-WEB-01,C023313,VM-BIK-0017,1,11259.0,0.0,CZK
SO-2026-011704,2,2026-07-24,2026-07-27,CZ-WEB-01,C023313,VM-ACC-0007,2,2122.0,0.0,CZK
SO-2026-011704,3,2026-07-24,2026-07-27,CZ-WEB-01,C023313,VM-ACC-0014,1,648.0,0.0,CZK
SO-2026-011705,1,2026-07-24,2026-07-25,CZ-WEB-01,C023314, VM-ACC-0008 ,1,2358.0,0.0,CZK
SO-2026-011705,2,2026-07-24,2026-07-25,CZ-WEB-01,C023314,VM-NUT-0004,4,41.0,0.0,CZK
SO-2026-011706,1,2026-07-24,2026-07-28,CZ-WEB-01,C023315,VM-APP-0012,1,5128.0,0.0,CZK
SO-2026-011707,1,2026-07-24,2026-07-24,DE-BER-01,C023316,VM-CMP-0001,2,95.8,0.0,EUR
SO-2026-011707,2,2026-07-24,2026-07-24,DE-BER-01,C023316,VM-NUT-0001,12,2.15,0.0,EUR
SO-2026-011707,3,2026-07-24,2026-07-24,DE-BER-01,C023316,VM-APP-0012,1,208.36,0.0,EUR
SO-2026-011708,1,2026-07-24,2026-07-24,DE-BER-01,,VM-ACC-0014,1,26.34,0.0,EUR
SO-2026-011708,2,2026-07-24,2026-07-24,DE-BER-01,,VM-ACC-0008,1,95.8,0.0,EUR
SO-2026-011708,3,2026-07-24,2026-07-24,DE-BER-01,,VM-APP-0002,2,105.38,0.0,EUR
SO-2026-011709,1,2026-07-24,2026-07-24,DE-BER-01,C023317,VM-NUT-0003,4,2.63,0.0,EUR
SO-2026-011709,2,2026-07-24,2026-07-24,DE-BER-01,C023317,VM-ACC-0010,1,59.87,0.0,EUR
SO-2026-011710,1,2026-07-24,2026-07-24,DE-BER-01,C018479,VM-EBK-0002,1,2382.98,0.0,EUR
SO-2026-011711,1,2026-07-24,2026-07-27,DE-WEB-01,C021385,VM-ACC-0002,1,146.09,0.0,EUR
SO-2026-011711,2,2026-07-24,2026-07-27,DE-WEB-01,C021385,VM-EBK-0007,1,3520.58,0.0,EUR
SO-2026-011712,1,2026-07-24,2026-07-25,DE-WEB-01,C021516,VM-EBK-0011,1,3506.21,0.05,EUR
SO-2026-011713,1,2026-07-24,2026-07-28,DE-WEB-01,C017921,VM-CMP-0022,6,8.62,0.12,EUR
SO-2026-011713,2,2026-07-24,2026-07-28,DE-WEB-01,C017921,VM-EBK-0005,3,4179.2,0.12,EUR
SO-2026-011713,3,2026-07-24,2026-07-28,DE-WEB-01,C017921,VM-EBK-0009,3,2373.4,0.1,EUR
SO-2026-011714,1,2026-07-24,2026-07-27,DE-WEB-01,C009634,VM-APP-0015,1,136.51,0.0,EUR
SO-2026-011715,1,2026-07-25,2026-07-25,PL-WAW-01,,VM-CMP-0016,1,2504.27,0.0,PLN
SO-2026-011716,1,2026-07-25,2026-07-25,PL-WAW-01,C019966,VM-ACC-0014,1,111.97,0.0,PLN
SO-2026-011717,1,2026-07-25,2026-07-25,PL-WAW-01,C023318,VM-ACC-0008,2,407.19,0.0,PLN
SO-2026-011717,2,2026-07-25,2026-07-25,PL-WAW-01,C023318,VM-CMP-0016,2,2504.27,0.0,PLN
SO-2026-011718,1,2026-07-25,2026-07-25,PL-WAW-01,C021592,VM-CMP-0011,10,162.87,0.12,PLN
SO-2026-011719,1,2026-07-25,2026-07-25,PL-WAW-01,C023319,VM-CMP-0006,2,203.59,0.0,PLN
SO-2026-011720,1,2026-07-25,2026-07-25,PL-WAW-01,C016695,VM-NUT-0003,12,11.19,0.0,PLN
SO-2026-011721,1,2026-07-25,2026-07-25,PL-WAW-01,,VM-CMP-0015,2,936.55,0.1,PLN
SO-2026-011721,2,2026-07-25,2026-07-25,PL-WAW-01,,VM-ACC-0020,1,824.57,0.0,PLN
SO-2026-011721,3,2026-07-25,2026-07-25,PL-WAW-01,,VM-ACC-0007,2,366.47,0.0,PLN
SO-2026-011722,1,2026-07-25,2026-07-25,PL-WAW-01,C023320,VM-ACC-0001,1,386.83,0.0,PLN
SO-2026-011723,1,2026-07-25,2026-07-25,PL-WAW-01,C023191,VM-CMP-0011,1,162.87,0.0,PLN
SO-2026-011724,1,2026-07-25,2026-07-25,PL-WAW-02,C023321,VM-BIK-0013,1,4886.39,0.0,PLN
SO-2026-011725,1,2026-07-25,2026-07-25,PL-WAW-02,C023322,VM-EBK-0008,1,15371.79,0.0,PLN
SO-2026-011726,1,2026-07-25,2026-07-25,PL-WAW-02,,VM-APP-0002,3,447.91,0.0,PLN
SO-2026-011727,1,2026-07-25,2026-07-25,PL-WAW-02,C008051,VM-ACC-0018,3,50.89,0.0,PLN
SO-2026-011728,1,2026-07-25,2026-07-25,PL-WAW-02,,VM-ACC-0014,1,111.97,0.0,PLN
SO-2026-011728,2,2026-07-25,2026-07-25,PL-WAW-02,,VM-ACC-0008,1,407.19,0.0,PLN
SO-2026-011729,1,2026-07-25,2026-07-25,PL-WAW-02,,VM-APP-0010,1,173.05,0.0,PLN
SO-2026-011729,2,2026-07-25,2026-07-25,PL-WAW-02,,VM-BIK-0007,1,7176.89,0.0,PLN
SO-2026-011730,1,2026-07-25,2026-07-25,PL-KRK-01,C023323,VM-NUT-0009,4,86.52,0.0,PLN
SO-2026-011730,2,2026-07-25,2026-07-25,PL-KRK-01,C023323,VM-ACC-0010,1,254.49,0.0,PLN
SO-2026-011730,3,2026-07-25,2026-07-25,PL-KRK-01,C023323,VM-ACC-0013,1,173.05,0.0,PLN
SO-2026-011731,1,2026-07-25,2026-07-25,PL-KRK-01,C023324,VM-APP-0004,1,244.31,0.0,PLN
SO-2026-011731,2,2026-07-25,2026-07-25,PL-KRK-01,C023324,VM-CMP-0016,1,2504.27,0.0,PLN
SO-2026-011732,1,2026-07-25,2026-07-25,PL-KRK-01,C023325,VM-BIK-0019,4,1231.77,0.1,PLN
SO-2026-011732,2,2026-07-25,2026-07-25,PL-KRK-01,C023325,VM-ACC-0012,5,73.29,0.1,PLN
SO-2026-011732,3,2026-07-25,2026-07-25,PL-KRK-01,C023325,VM-ACC-0008,6,407.19,0.12,PLN
SO-2026-011733,1,2026-07-25,2026-07-25,PL-KRK-01,,VM-CMP-0009,2,356.29,0.0,PLN
SO-2026-011734,1,2026-07-25,2026-07-25,PL-KRK-01,C023326,VM-NUT-0004,75,7.12,0.1,PLN
SO-2026-011735,1,2026-07-25,2026-07-25,PL-KRK-01,,VM-BIK-0010,1,6433.75,0.0,PLN
SO-2026-011735,2,2026-07-25,2026-07-25,PL-KRK-01,,VM-APP-0008,1,162.87,0.0,PLN
SO-2026-011736,1,2026-07-25,2026-07-25,PL-WRO-01,C022682,VM-EBK-0003,1,9253.61,0.0,PLN
SO-2026-011736,2,2026-07-25,2026-07-25,PL-WRO-01,C022682,VM-ACC-0018,1,50.89,0.0,PLN
SO-2026-011736,3,2026-07-25,2026-07-25,PL-WRO-01,C022682,VM-ACC-0011,2,73.29,0.0,PLN
SO-2026-011736,4,2026-07-25,2026-07-25,PL-WRO-01,C022682,VM-EBK-0011,1,14903.51,0.0,PLN
SO-2026-011737,1,2026-07-25,2026-07-25,PL-WRO-01,,VM-APP-0018,2,132.33,0.0,PLN
SO-2026-011738,1,2026-07-25,2026-07-25,PL-WRO-01,C022372,VM-EBK-0007,1,14964.59,0.0,PLN
SO-2026-011738,2,2026-07-25,2026-07-25,PL-WRO-01,C022372,VM-NUT-0001,15,9.15,0.1,PLN
SO-2026-011739,1,2026-07-25,2026-07-25,PL-WRO-01,C004467,VM-NUT-0008,9,10.17,0.0,PLN
SO-2026-011739,2,2026-07-25,2026-07-25,PL-WRO-01,C004467,VM-EBK-0002,1,10129.09,0.0,PLN
SO-2026-011739,3,2026-07-25,2026-07-25,PL-WRO-01,C004467,VM-BIK-0003,1,6657.71,0.0,PLN
SO-2026-011739,4,2026-07-25,2026-07-25,PL-WRO-01,C004467,VM-EBK-0009,1,10088.37,0.0,PLN
SO-2026-011740,1,2026-07-25,2026-07-25,PL-WRO-01,C012819,VM-NUT-0006,3,10.17,0.0,PLN
SO-2026-011741,1,2026-07-25,2026-07-25,PL-WRO-01,,VM-ACC-0007,1,366.47,0.0,PLN
SO-2026-011741,2,2026-07-25,2026-07-25,PL-WRO-01,,VM-NUT-0004,11,7.12,0.0,PLN
SO-2026-011741,3,2026-07-25,2026-07-25,PL-WRO-01,,VM-NUT-0003,11,11.19,0.0,PLN
SO-2026-011742,1,2026-07-25,2026-07-25,PL-WRO-01,C017802,VM-CMP-0006,1,203.59,0.05,PLN
SO-2026-011743,1,2026-07-25,2026-07-25,PL-WRO-01,C022976,VM-NUT-0004,9,7.12,0.0,PLN
SO-2026-011743,2,2026-07-25,2026-07-25,PL-WRO-01,C022976,VM-NUT-0006,6,10.17,0.0,PLN
SO-2026-011744,1,2026-07-25,2026-07-25,PL-GDN-01,C023327,VM-ACC-0018,2,50.89,0.0,PLN
SO-2026-011744,2,2026-07-25,2026-07-25,PL-GDN-01,C023327,VM-BIK-0016,1,3654.61,0.0,PLN
SO-2026-011744,3,2026-07-25,2026-07-25,PL-GDN-01,C023327,VM-CMP-0013,1,539.53,0.0,PLN
SO-2026-011744,4,2026-07-25,2026-07-25,PL-GDN-01,C023327,VM-EBK-0003,1,9253.61,0.0,PLN
SO-2026-011745,1,2026-07-25,2026-07-25,PL-GDN-01,C022890,VM-NUT-0004,10,7.12,0.0,PLN
SO-2026-011746,1,2026-07-25,2026-07-25,PL-GDN-01,C023328,VM-NUT-0002,13,15.26,0.0,PLN
SO-2026-011747,1,2026-07-25,2026-07-25,PL-GDN-01,C021300,VM-BIK-0007,1,7176.89,0.05,PLN
SO-2026-011748,1,2026-07-25,2026-07-25,PL-GDN-01,,VM-EBK-0003,1,9253.61,0.0,PLN
SO-2026-011748,2,2026-07-25,2026-07-25,PL-GDN-01,,VM-ACC-0010,1,254.49,0.05,PLN
SO-2026-011748,3,2026-07-25,2026-07-25,PL-GDN-01,,VM-ACC-0001,2,386.83,0.0,PLN
SO-2026-011749,1,2026-07-25,2026-07-25,PL-GDN-01,C006740,VM-CMP-0001,1,407.19,0.0,PLN
SO-2026-011749,2,2026-07-25,2026-07-25,PL-GDN-01,C006740,VM-ACC-0017,2,59.03,0.0,PLN
SO-2026-011750,1,2026-07-25,2026-07-25,PL-GDN-01,C022312, VM-ACC-0014 ,1,111.97,0.05,PLN
SO-2026-011750,2,2026-07-25,2026-07-25,PL-GDN-01,C022312,VM-NUT-0004,11,7.12,0.05,PLN
SO-2026-011751,1,2026-07-25,2026-07-25,PL-POZ-01,,VM-ACC-0018,3,50.89,0.0,PLN
SO-2026-011751,2,2026-07-25,2026-07-25,PL-POZ-01,,VM-EBK-0007,1,14964.59,0.1,PLN
SO-2026-011752,1,2026-07-25,2026-07-25,PL-LDZ-01,C023329,VM-CMP-0004,1,732.95,0.0,PLN
SO-2026-011753,1,2026-07-25,2026-07-26,PL-WEB-01,C016953,VM-CMP-0013,2,539.53,0.0,PLN
SO-2026-011754,1,2026-07-25,2026-07-28,PL-WEB-01,C020080,VM-CMP-0013,1,539.53,0.0,PLN
SO-2026-011755,1,2026-07-25,2026-07-28,PL-WEB-01,C022878,VM-BIK-0012,1,12022.57,0.0,PLN
SO-2026-011755,2,2026-07-25,2026-07-28,PL-WEB-01,C022878,VM-ACC-0008,1,407.19,0.0,PLN
SO-2026-011756,1,2026-07-25,2026-07-28,PL-WEB-01,C023330,VM-APP-0004,3,244.31,0.0,PLN
SO-2026-011757,1,2026-07-25,2026-07-29,PL-WEB-01,C023331,VM-EBK-0005,1,17764.09,0.05,PLN
SO-2026-011758,1,2026-07-25,2026-07-26,PL-WEB-01,C023204,VM-ACC-0016,2,29.51,0.0,PLN
SO-2026-011758,2,2026-07-25,2026-07-26,PL-WEB-01,C023204,VM-ACC-0008,1,407.19,0.1,PLN
SO-2026-011759,1,2026-07-25,2026-07-27,PL-WEB-01,C003531,VM-NUT-0009,1,86.52,0.05,PLN
SO-2026-011760,1,2026-07-25,2026-07-28,PL-WEB-01,C023332,VM-BIK-0011,1,8805.69,0.0,PLN
SO-2026-011760,2,2026-07-25,2026-07-28,PL-WEB-01,C023332,VM-ACC-0008,2,407.19,0.0,PLN
SO-2026-011760,3,2026-07-25,2026-07-28,PL-WEB-01,C023332,VM-CMP-0023,4,60.05,0.0,PLN
SO-2026-011760,4,2026-07-25,2026-07-28,PL-WEB-01,C023332,vm-cmp-0005,2,1506.63,0.0,PLN
SO-2026-011761,1,2026-07-25,2026-07-28,PL-WEB-01,C023333,VM-ACC-0022,1,1598.25,0.05,PLN
SO-2026-011761,2,2026-07-25,2026-07-28,PL-WEB-01,C023333,VM-ACC-0007,1,366.47,0.05,PLN
SO-2026-011761,3,2026-07-25,2026-07-28,PL-WEB-01,C023333,VM-BIK-0017,1,1944.37,0.05,PLN
SO-2026-011761,4,2026-07-25,2026-07-28,PL-WEB-01,C023333,VM-ACC-0018,2,50.89,0.05,PLN
SO-2026-011762,1,2026-07-25,2026-07-29,PL-WEB-01,C023334,VM-ACC-0019,2,50.89,0.0,PLN
SO-2026-011762,2,2026-07-25,2026-07-29,PL-WEB-01,C023334,VM-NUT-0004,10,7.12,0.0,PLN
SO-2026-011762,3,2026-07-25,2026-07-29,PL-WEB-01,C023334,VM-BIK-0012,1,12022.57,0.0,PLN
SO-2026-011763,1,2026-07-25,2026-07-28,PL-WEB-01,C023335,VM-APP-0012,1,885.65,0.0,PLN
SO-2026-011763,2,2026-07-25,2026-07-28,PL-WEB-01,C023335,VM-APP-0008,2,162.87,0.0,PLN
SO-2026-011763,3,2026-07-25,2026-07-28,PL-WEB-01,C023335,VM-ACC-0019,1,50.89,0.0,PLN
SO-2026-011764,1,2026-07-25,2026-07-26,PL-WEB-01,C019491,VM-BIK-0012,1,12022.57,0.0,PLN
SO-2026-011764,2,2026-07-25,2026-07-26,PL-WEB-01,C019491,VM-BIK-0009,1,5741.51,0.0,PLN
SO-2026-011764,3,2026-07-25,2026-07-26,PL-WEB-01,C019491,VM-NUT-0001,4,9.15,0.0,PLN
SO-2026-011764,4,2026-07-25,2026-07-26,PL-WEB-01,C019491,VM-ACC-0018,2,50.89,0.0,PLN
SO-2026-011765,1,2026-07-25,2026-07-29,PL-WEB-01,C023336,VM-CMP-0013,1,539.53,0.0,PLN
SO-2026-011766,1,2026-07-25,2026-07-28,PL-WEB-01,C023337,VM-ACC-0014,1,111.97,0.0,PLN
SO-2026-011766,2,2026-07-25,2026-07-28,PL-WEB-01,C023337,VM-NUT-0002,7,15.26,0.0,PLN
SO-2026-011767,1,2026-07-25,2026-07-27,PL-WEB-01,C023338,VM-ACC-0008,1,407.19,0.0,PLN
SO-2026-011768,1,2026-07-25,2026-07-28,PL-WEB-01,C023339,VM-BIK-0007,1,7176.89,0.0,PLN
SO-2026-011769,1,2026-07-25,2026-07-29,PL-MKT-01,C023340,VM-BIK-0019,1,1231.77,0.0,PLN
SO-2026-011770,1,2026-07-25,2026-07-27,PL-MKT-01,C023341,VM-APP-0012,1,885.65,0.0,PLN
SO-2026-011770,2,2026-07-25,2026-07-27,PL-MKT-01,C023341,VM-NUT-0009,3,86.52,0.0,PLN
SO-2026-011771,1,2026-07-25,2026-07-26,PL-MKT-01,C023342,VM-ACC-0021,1,794.03,0.0,PLN
SO-2026-011771,2,2026-07-25,2026-07-26,PL-MKT-01,C023342,VM-NUT-0004,12,7.12,0.0,PLN
SO-2026-011771,3,2026-07-25,2026-07-26,PL-MKT-01,C023342,VM-ACC-0008,2,407.19,0.0,PLN
SO-2026-011771,4,2026-07-25,2026-07-26,PL-MKT-01,C023342,VM-ACC-0016,2,29.51,0.0,PLN
SO-2026-011772,1,2026-07-25,2026-07-27,PL-MKT-01,C021783,VM-NUT-0002,9,15.26,0.0,PLN
SO-2026-011772,2,2026-07-25,2026-07-27,PL-MKT-01,C021783,VM-NUT-0004,5,7.12,0.0,PLN
SO-2026-011773,1,2026-07-25,2026-07-27,PL-MKT-01,C000587,VM-CMP-0012,2,549.71,0.0,PLN
SO-2026-011774,1,2026-07-25,2026-07-27,PL-MKT-01,C014580,VM-CMP-0001,2,407.19,0.0,PLN
SO-2026-011774,2,2026-07-25,2026-07-27,PL-MKT-01,C014580,VM-BIK-0017,1,1944.37,0.0,PLN
SO-2026-011775,1,2026-07-25,2026-07-29,PL-MKT-01,C011209,VM-ACC-0004,2,794.03,0.0,PLN
SO-2026-011776,1,2026-07-25,2026-07-28,PL-MKT-01,C014349,VM-APP-0013,1,447.91,0.05,PLN
SO-2026-011777,1,2026-07-25,2026-07-28,PL-MKT-01,C022696,VM-ACC-0004,1,794.03,0.0,PLN
SO-2026-011778,1,2026-07-25,2026-07-25,CZ-PRG-01,C013862,VM-EBK-0010,1,79518.0,0.05,CZK
SO-2026-011779,1,2026-07-25,2026-07-25,CZ-PRG-01,C020919,VM-BIK-0004,1,25170.0,0.0,CZK
SO-2026-011779,2,2026-07-25,2026-07-25,CZ-PRG-01,C020919,VM-ACC-0017,3,342.0,0.0,CZK
SO-2026-011780,1,2026-07-25,2026-07-25,CZ-PRG-01,C019854,VM-ACC-0016,3,171.0,0.0,CZK
SO-2026-011780,2,2026-07-25,2026-07-25,CZ-PRG-01,C019854,VM-BIK-0012,1,69615.0,0.0,CZK
SO-2026-011781,1,2026-07-25,2026-07-25,CZ-PRG-01,C023343,VM-NUT-0004,13,41.0,0.0,CZK
SO-2026-011782,1,2026-07-25,2026-07-25,CZ-PRG-01,C012691,VM-APP-0006,3,1827.0,0.05,CZK
SO-2026-011783,1,2026-07-25,2026-07-25,CZ-PRG-01,,vm-nut-0006,8,59.0,0.0,CZK
SO-2026-011783,2,2026-07-25,2026-07-25,CZ-PRG-01,,VM-APP-0007,2,943.0,0.0,CZK
SO-2026-011784,1,2026-07-25,2026-07-25,CZ-PRG-01,C005855,VM-CMP-0013,1,3124.0,0.05,CZK
SO-2026-011785,1,2026-07-25,2026-07-25,CZ-BRN-01,C013806,VM-BIK-0007,1,41557.0,0.0,CZK
SO-2026-011786,1,2026-07-25,2026-07-25,CZ-BRN-01,,VM-BIK-0013,1,28294.0,0.0,CZK
SO-2026-011786,2,2026-07-25,2026-07-25,CZ-BRN-01,,VM-ACC-0015,1,2063.0,0.1,CZK
SO-2026-011787,1,2026-07-25,2026-07-25,CZ-BRN-01,C019512,VM-NUT-0008,4,59.0,0.0,CZK
SO-2026-011788,1,2026-07-25,2026-07-25,CZ-BRN-01,C021131,VM-ACC-0020,1,4775.0,0.0,CZK
SO-2026-011788,2,2026-07-25,2026-07-25,CZ-BRN-01,C021131,VM-NUT-0004,6,41.0,0.0,CZK
SO-2026-011788,3,2026-07-25,2026-07-25,CZ-BRN-01,C021131, VM-APP-0003 ,3,1827.0,0.0,CZK
SO-2026-011789,1,2026-07-25,2026-07-25,CZ-BRN-01,C023344,VM-NUT-0007,10,77.0,0.0,CZK
SO-2026-011790,1,2026-07-25,2026-07-27,CZ-WEB-01,C002259,VM-BIK-0003,1,38551.0,0.0,CZK
SO-2026-011791,1,2026-07-25,2026-07-25,DE-BER-01,C020992,VM-EBK-0003,1,2177.01,0.0,EUR
SO-2026-011792,1,2026-07-25,2026-07-25,DE-BER-01,,VM-CMP-0015,2,220.33,0.0,EUR
SO-2026-011793,1,2026-07-25,2026-07-25,DE-BER-01,C020643,VM-BIK-0009,4,1350.75,0.1,EUR
SO-2026-011794,1,2026-07-25,2026-07-25,DE-BER-01,C023345,VM-BIK-0005,1,1774.66,0.05,EUR
SO-2026-011794,2,2026-07-25,2026-07-25,DE-BER-01,C023345,VM-BIK-0020,1,289.79,0.05,EUR
SO-2026-011794,3,2026-07-25,2026-07-25,DE-BER-01,C023345,VM-CMP-0013,2,126.93,0.05,EUR
SO-2026-011795,1,2026-07-25,2026-07-25,DE-BER-01,,VM-ACC-0002,2,146.09,0.0,EUR
SO-2026-011796,1,2026-07-25,2026-07-25,DE-BER-01,C023346,VM-CMP-0017,1,119.75,0.0,EUR
SO-2026-011796,2,2026-07-25,2026-07-25,DE-BER-01,C023346,VM-BIK-0009,1,1350.75,0.0,EUR
SO-2026-011797,1,2026-07-25,2026-07-25,DE-BER-01,C023347,VM-BIK-0020,1,289.79,0.0,EUR
SO-2026-011797,2,2026-07-25,2026-07-25,DE-BER-01,C023347,VM-ACC-0008,1,95.8,0.1,EUR
SO-2026-011798,1,2026-07-25,2026-07-25,DE-BER-01,C015149,VM-NUT-0006,11,2.39,0.0,EUR
SO-2026-011798,2,2026-07-25,2026-07-25,DE-BER-01,C015149,VM-CMP-0001,2,95.8,0.0,EUR
SO-2026-011798,3,2026-07-25,2026-07-25,DE-BER-01,C015149,VM-BIK-0006,1,1578.27,0.0,EUR
SO-2026-011799,1,2026-07-25,2026-07-28,DE-WEB-01,C021250,VM-CMP-0005,1,354.45,0.0,EUR
SO-2026-011799,2,2026-07-25,2026-07-28,DE-WEB-01,C021250,VM-APP-0014,1,117.35,0.05,EUR
SO-2026-011799,3,2026-07-25,2026-07-28,DE-WEB-01,C021250,VM-NUT-0009,4,20.35,0.0,EUR
SO-2026-011800,1,2026-07-25,2026-07-27,DE-WEB-01,C013792,VM-APP-0013,4,105.38,0.12,EUR
SO-2026-011800,2,2026-07-25,2026-07-27,DE-WEB-01,C013792,VM-APP-0002,6,105.38,0.08,EUR
SO-2026-011801,1,2026-07-25,2026-07-26,DE-WEB-01,C017728,VM-BIK-0015,1,740.04,0.0,EUR
SO-2026-011801,2,2026-07-25,2026-07-26,DE-WEB-01,C017728,VM-EBK-0011,1,3506.21,0.0,EUR
SO-2026-011801,3,2026-07-25,2026-07-26,DE-WEB-01,C017728,VM-ACC-0018,2,11.97,0.0,EUR
SO-2026-011801,4,2026-07-25,2026-07-26,DE-WEB-01,C017728,VM-ACC-0007,2,86.22,0.0,EUR
SO-2026-011802,1,2026-07-25,2026-07-27,DE-WEB-01,C016624,VM-CMP-0006,2,47.9,0.0,EUR
SO-2026-011803,1,2026-07-25,2026-07-27,DE-WEB-01,C022814,VM-CMP-0013,1,126.93,0.0,EUR
SO-2026-011803,2,2026-07-25,2026-07-27,DE-WEB-01,C022814,VM-ACC-0014,1,26.34,0.0,EUR
SO-2026-011804,1,2026-07-25,2026-07-28,DE-WEB-01,C023348,VM-EBK-0003,1,2177.01,0.0,EUR
SO-2026-011805,1,2026-07-26,2026-07-28,PL-WEB-01,C020933,VM-ACC-0010,2,254.49,0.0,PLN
SO-2026-011805,2,2026-07-26,2026-07-28,PL-WEB-01,C020933, VM-ACC-0008 ,1,407.19,0.0,PLN
SO-2026-011806,1,2026-07-26,2026-07-27,PL-WEB-01,C023349,VM-CMP-0020,2,264.67,0.0,PLN
SO-2026-011806,2,2026-07-26,2026-07-27,PL-WEB-01,C023349,VM-NUT-0009,4,86.52,0.0,PLN
SO-2026-011807,1,2026-07-26,2026-07-28,PL-WEB-01,C023335,VM-ACC-0004,2,794.03,0.0,PLN
SO-2026-011807,2,2026-07-26,2026-07-28,PL-WEB-01,C023335,VM-ACC-0014,1,111.97,0.0,PLN
SO-2026-011808,1,2026-07-26,2026-07-30,PL-WEB-01,C014164,VM-CMP-0017,2,508.99,0.0,PLN
SO-2026-011808,2,2026-07-26,2026-07-30,PL-WEB-01,C014164,VM-BIK-0004,1,4346.85,0.0,PLN
SO-2026-011809,1,2026-07-26,2026-07-28,PL-WEB-01,C019644,VM-CMP-0017,1,508.99,0.0,PLN
SO-2026-011809,2,2026-07-26,2026-07-28,PL-WEB-01,C019644,VM-ACC-0008,1,407.19,0.0,PLN
SO-2026-011809,3,2026-07-26,2026-07-28,PL-WEB-01,C019644,VM-CMP-0003,2,244.31,0.05,PLN
SO-2026-011810,1,2026-07-26,2026-07-29,PL-WEB-01,C005101,VM-EBK-0002,1,10129.09,0.05,PLN
SO-2026-011811,1,2026-07-26,2026-07-28,PL-WEB-01,C023350,VM-ACC-0020,1,824.57,0.0,PLN
SO-2026-011811,2,2026-07-26,2026-07-28,PL-WEB-01,C023350,VM-ACC-0017,2,59.03,0.0,PLN
SO-2026-011812,1,2026-07-26,2026-07-29,PL-WEB-01,C023351,VM-CMP-0007,2,641.33,0.05,PLN
SO-2026-011812,2,2026-07-26,2026-07-29,PL-WEB-01,C023351,VM-ACC-0015,1,356.29,0.05,PLN
SO-2026-011812,3,2026-07-26,2026-07-29,PL-WEB-01,C023351,VM-BIK-0007,1,7176.89,0.05,PLN
SO-2026-011813,1,2026-07-26,2026-07-29,PL-WEB-01,C022295,VM-ACC-0023,1,946.73,0.05,PLN
SO-2026-011814,1,2026-07-26,2026-07-30,PL-WEB-01,C022589,VM-BIK-0004,1,4346.85,0.0,PLN
SO-2026-011815,1,2026-07-26,2026-07-28,PL-WEB-01,C017349,VM-NUT-0011,4,54.96,0.0,PLN
SO-2026-011816,1,2026-07-26,2026-07-27,PL-WEB-01,C022942,vm-bik-0012,1,12022.57,0.05,PLN
SO-2026-011817,1,2026-07-26,2026-07-28,PL-WEB-01,C023352,VM-APP-0003,2,315.57,0.0,PLN
SO-2026-011818,1,2026-07-26,2026-07-29,PL-MKT-01,C020264,VM-ACC-0008,3,407.19,0.12,PLN
SO-2026-011819,1,2026-07-26,2026-07-27,PL-MKT-01,C019247,VM-NUT-0001,5,9.15,0.0,PLN
SO-2026-011820,1,2026-07-26,2026-07-30,PL-MKT-01,C023353,VM-ACC-0007,2,366.47,0.0,PLN
SO-2026-011820,2,2026-07-26,2026-07-30,PL-MKT-01,C023353,VM-CMP-0006,2,203.59,0.0,PLN
SO-2026-011820,3,2026-07-26,2026-07-30,PL-MKT-01,C023353,VM-APP-0005,1,183.23,0.0,PLN
SO-2026-011821,1,2026-07-26,2026-07-27,PL-MKT-01,C023354,VM-CMP-0013,2,539.53,0.05,PLN
SO-2026-011821,2,2026-07-26,2026-07-27,PL-MKT-01,C023354,VM-BIK-0005,1,7543.37,0.05,PLN
SO-2026-011821,3,2026-07-26,2026-07-27,PL-MKT-01,C023354,VM-BIK-0007,1,7176.89,0.05,PLN
SO-2026-011821,4,2026-07-26,2026-07-27,PL-MKT-01,C023354,VM-APP-0010,1,173.05,0.05,PLN
SO-2026-011822,1,2026-07-26,2026-07-27,PL-MKT-01,C021942,VM-BIK-0001,1,13936.41,0.0,PLN
SO-2026-011822,2,2026-07-26,2026-07-27,PL-MKT-01,C021942,VM-ACC-0001,1,386.83,0.0,PLN
SO-2026-011823,1,2026-07-26,2026-07-27,PL-MKT-01,C017440,VM-ACC-0020,1,824.57,0.0,PLN
SO-2026-011823,2,2026-07-26,2026-07-27,PL-MKT-01,C017440,VM-NUT-0008,10,10.17,0.0,PLN
SO-2026-011824,1,2026-07-26,2026-07-29,PL-MKT-01,C021233,vm-acc-0008,2,407.19,0.05,PLN
SO-2026-011824,2,2026-07-26,2026-07-29,PL-MKT-01,C021233,VM-ACC-0017,1,59.03,0.05,PLN
SO-2026-011825,1,2026-07-26,2026-07-30,PL-MKT-01,C011976,VM-NUT-0004,13,7.12,0.05,PLN
SO-2026-011825,2,2026-07-26,2026-07-30,PL-MKT-01,C011976,VM-CMP-0015,1,936.55,0.05,PLN
SO-2026-011825,3,2026-07-26,2026-07-30,PL-MKT-01,C011976,VM-ACC-0008,1,407.19,0.05,PLN
SO-2026-011826,1,2026-07-26,2026-07-27,PL-MKT-01,C017156,VM-EBK-0011,1,14903.51,0.0,PLN
SO-2026-011827,1,2026-07-26,2026-07-26,CZ-PRG-01,C021656,VM-CMP-0004,1,4244.0,0.0,CZK
SO-2026-011827,2,2026-07-26,2026-07-26,CZ-PRG-01,C021656,VM-APP-0005,3,1061.0,0.0,CZK
SO-2026-011828,1,2026-07-26,2026-07-26,CZ-PRG-01,,VM-CMP-0016,1,14501.0,0.0,CZK
SO-2026-011829,1,2026-07-26,2026-07-26,CZ-PRG-01,C023355,VM-BIK-0007,1,41557.0,0.0,CZK
SO-2026-011830,1,2026-07-26,2026-07-26,CZ-PRG-01,,VM-APP-0002,1,2594.0,0.0,CZK
SO-2026-011831,1,2026-07-26,2026-07-26,CZ-BRN-01,,VM-BIK-0020,1,7132.0,0.0,CZK
SO-2026-011831,2,2026-07-26,2026-07-26,CZ-BRN-01,,VM-ACC-0014,1,648.0,0.0,CZK
SO-2026-011832,1,2026-07-26,2026-07-28,CZ-WEB-01,C018150,VM-EBK-0011,2,86297.0,0.1,CZK
SO-2026-011832,2,2026-07-26,2026-07-28,CZ-WEB-01,C018150,VM-ACC-0011,6,424.0,0.1,CZK
SO-2026-011833,1,2026-07-26,2026-07-29,CZ-WEB-01,C006237,VM-BIK-0013,2,28294.0,0.1,CZK
SO-2026-011833,2,2026-07-26,2026-07-29,CZ-WEB-01,C006237,VM-EBK-0004,4,65312.0,0.1,CZK
SO-2026-011834,1,2026-07-26,2026-07-27,CZ-WEB-01,C023356,VM-ACC-0008,2,2358.0,0.0,CZK
SO-2026-011835,1,2026-07-26,2026-07-29,CZ-WEB-01,C023357,VM-NUT-0004,5,41.0,0.0,CZK
SO-2026-011835,2,2026-07-26,2026-07-29,CZ-WEB-01,C023357,VM-ACC-0014,1,648.0,0.0,CZK
SO-2026-011836,1,2026-07-26,2026-07-27,CZ-WEB-01,C009296,VM-CMP-0007,1,3714.0,0.0,CZK
SO-2026-011836,2,2026-07-26,2026-07-27,CZ-WEB-01,C009296,VM-EBK-0008,1,89009.0,0.0,CZK
SO-2026-011837,1,2026-07-26,2026-07-30,CZ-WEB-01,C017114,VM-BIK-0013,1,28294.0,0.0,CZK
SO-2026-011838,1,2026-07-26,2026-07-29,DE-WEB-01,C014486,VM-NUT-0006,11,2.39,0.0,EUR
SO-2026-011839,1,2026-07-26,2026-07-30,DE-WEB-01,C017692,VM-NUT-0007,10,3.11,0.0,EUR
SO-2026-011840,1,2026-07-26,2026-07-29,DE-WEB-01,C019829,VM-NUT-0004,3,1.67,0.0,EUR
SO-2026-011840,2,2026-07-26,2026-07-29,DE-WEB-01,C019829,VM-APP-0014,1,117.35,0.0,EUR
SO-2026-011841,1,2026-07-27,2026-07-27,PL-WAW-01,C023358,VM-ACC-0020,1,824.57,0.0,PLN
SO-2026-011841,2,2026-07-27,2026-07-27,PL-WAW-01,C023358,VM-BIK-0015,1,3145.61,0.1,PLN
SO-2026-011841,3,2026-07-27,2026-07-27,PL-WAW-01,C023358,VM-EBK-0008,1,15371.79,0.0,PLN
SO-2026-011841,4,2026-07-27,2026-07-27,PL-WAW-01,C023358,VM-BIK-0017,1,1944.37,0.0,PLN
SO-2026-011842,1,2026-07-27,2026-07-27,PL-WAW-01,C022510,VM-NUT-0011,1,54.96,0.0,PLN
SO-2026-011843,1,2026-07-27,2026-07-27,PL-WAW-01,,VM-NUT-0009,2,86.52,0.0,PLN
SO-2026-011844,1,2026-07-27,2026-07-27,PL-WAW-01,C022866,VM-ACC-0014,4,111.97,0.08,PLN
SO-2026-011845,1,2026-07-27,2026-07-27,PL-WAW-01,C019413,VM-BIK-0013,1,4886.39,0.0,PLN
SO-2026-011846,1,2026-07-27,2026-07-27,PL-WAW-01,C023359,VM-BIK-0011,1,8805.69,0.0,PLN
SO-2026-011847,1,2026-07-27,2026-07-27,PL-WAW-02,C013684,VM-BIK-0020,1,1231.77,0.0,PLN
SO-2026-011848,1,2026-07-27,2026-07-27,PL-WAW-02,C023044,VM-ACC-0007,1,366.47,0.0,PLN
SO-2026-011849,1,2026-07-27,2026-07-27,PL-WRO-01,C015071,VM-CMP-0005,1,1506.63,0.05,PLN
SO-2026-011850,1,2026-07-27,2026-07-27,PL-WRO-01,C023360,vm-ebk-0004,1,11279.43,0.1,PLN
SO-2026-011851,1,2026-07-27,2026-07-27,PL-WRO-01,,VM-BIK-0003,1,6657.71,0.1,PLN
SO-2026-011851,2,2026-07-27,2026-07-27,PL-WRO-01,,VM-ACC-0001,1,386.83,0.0,PLN
SO-2026-011851,3,2026-07-27,2026-07-27,PL-WRO-01,,VM-BIK-0012,1,12022.57,0.0,PLN
SO-2026-011852,1,2026-07-27,2026-07-27,PL-WRO-01,C023361,VM-ACC-0007,2,366.47,0.0,PLN
SO-2026-011853,1,2026-07-27,2026-07-27,PL-GDN-01,C023362,VM-NUT-0008,8,10.17,0.1,PLN
SO-2026-011853,2,2026-07-27,2026-07-27,PL-GDN-01,C023362,VM-NUT-0003,10,11.19,0.05,PLN
SO-2026-011853,3,2026-07-27,2026-07-27,PL-GDN-01,C023362,VM-CMP-0022,3,36.64,0.05,PLN
SO-2026-011854,1,2026-07-27,2026-07-27,PL-GDN-01,C009869,VM-CMP-0013,1,539.53,0.0,PLN
SO-2026-011855,1,2026-07-27,2026-07-27,PL-GDN-01,,VM-NUT-0002,7,15.26,0.0,PLN
SO-2026-011855,2,2026-07-27,2026-07-27,PL-GDN-01,,VM-NUT-0004,8,7.12,0.0,PLN
SO-2026-011856,1,2026-07-27,2026-07-27,PL-POZ-01,,VM-CMP-0022,4,36.64,0.0,PLN
SO-2026-011857,1,2026-07-27,2026-07-27,PL-POZ-01,C023363,VM-BIK-0004,1,4346.85,0.05,PLN
SO-2026-011857,2,2026-07-27,2026-07-27,PL-POZ-01,C023363,VM-ACC-0013,1,173.05,0.05,PLN
SO-2026-011857,3,2026-07-27,2026-07-27,PL-POZ-01,C023363,VM-ACC-0005,1,183.23,0.05,PLN
SO-2026-011858,1,2026-07-27,2026-07-27,PL-POZ-01,C017633,VM-BIK-0013,1,4886.39,0.0,PLN
SO-2026-011859,1,2026-07-27,2026-07-27,PL-POZ-01,,VM-NUT-0008,3,10.17,0.0,PLN
SO-2026-011860,1,2026-07-27,2026-07-27,PL-LDZ-01,C022512,VM-EBK-0005,1,17764.09,0.0,PLN
SO-2026-011861,1,2026-07-27,2026-07-30,PL-WEB-01,C018667,VM-ACC-0007,4,366.47,0.12,PLN
SO-2026-011862,1,2026-07-27,2026-07-29,PL-WEB-01,C023364,VM-EBK-0005,1,17764.09,0.0,PLN
SO-2026-011862,2,2026-07-27,2026-07-29,PL-WEB-01,C023364,VM-ACC-0007,1,366.47,0.0,PLN
SO-2026-011863,1,2026-07-27,2026-07-28,PL-WEB-01,C014153,VM-ACC-0018,3,50.89,0.0,PLN
SO-2026-011863,2,2026-07-27,2026-07-28,PL-WEB-01,C014153,VM-APP-0010,1,173.05,0.0,PLN
SO-2026-011864,1,2026-07-27,2026-07-29,PL-WEB-01,C022617,VM-EBK-0011,1,14903.51,0.0,PLN
SO-2026-011865,1,2026-07-27,2026-07-30,PL-WEB-01,C014533,VM-ACC-0014,2,111.97,0.1,PLN
SO-2026-011866,1,2026-07-27,2026-07-29,PL-WEB-01,C021264,VM-BIK-0009,1,5741.51,0.0,PLN
SO-2026-011867,1,2026-07-27,2026-07-29,PL-WEB-01,C007979,VM-CMP-0009,2,356.29,0.0,PLN
SO-2026-011867,2,2026-07-27,2026-07-29,PL-WEB-01,C007979,VM-EBK-0008,1,15371.79,0.0,PLN
SO-2026-011867,3,2026-07-27,2026-07-29,PL-WEB-01,C007979,VM-ACC-0023,1,946.73,0.0,PLN
SO-2026-011868,1,2026-07-27,2026-07-29,PL-WEB-01,C023365,VM-BIK-0009,2,5741.51,0.1,PLN
SO-2026-011869,1,2026-07-27,2026-07-29,PL-WEB-01,C022448,VM-ACC-0019,1,50.89,0.0,PLN
SO-2026-011870,1,2026-07-27,2026-07-31,PL-WEB-01,C007028,VM-BIK-0004,1,4346.85,0.0,PLN
SO-2026-011870,2,2026-07-27,2026-07-31,PL-WEB-01,C007028,VM-ACC-0016,3,29.51,0.0,PLN
SO-2026-011871,1,2026-07-27,2026-07-30,PL-WEB-01,C012629,VM-BIK-0017,2,1944.37,0.1,PLN
SO-2026-011872,1,2026-07-27,2026-07-31,PL-WEB-01,C023366,VM-NUT-0006,8,10.17,0.0,PLN
SO-2026-011872,2,2026-07-27,2026-07-31,PL-WEB-01,C023366,VM-ACC-0012,1,73.29,0.0,PLN
SO-2026-011873,1,2026-07-27,2026-07-28,PL-WEB-01,C019317,VM-CMP-0005,5,1506.63,0.1,PLN
SO-2026-011874,1,2026-07-27,2026-07-29,PL-WEB-01,C023094,VM-BIK-0007,1,7176.89,0.0,PLN
SO-2026-011874,2,2026-07-27,2026-07-29,PL-WEB-01,C023094,VM-ACC-0009,1,407.19,0.0,PLN
SO-2026-011874,3,2026-07-27,2026-07-29,PL-WEB-01,C023094,VM-ACC-0018,3,50.89,0.0,PLN
SO-2026-011875,1,2026-07-27,2026-07-29,PL-WEB-01,C016923,VM-BIK-0020,1,1231.77,0.05,PLN
SO-2026-011875,2,2026-07-27,2026-07-29,PL-WEB-01,C016923,VM-ACC-0008,1,407.19,0.0,PLN
SO-2026-011876,1,2026-07-27,2026-07-30,PL-WEB-01,C015381,VM-APP-0006,1,315.57,0.0,PLN
SO-2026-011876,2,2026-07-27,2026-07-30,PL-WEB-01,C015381,VM-BIK-0009,1,5741.51,0.0,PLN
SO-2026-011877,1,2026-07-27,2026-07-30,PL-MKT-01,C014358,VM-BIK-0007,1,7176.89,0.05,PLN
SO-2026-011878,1,2026-07-27,2026-07-29,PL-MKT-01,C023367,VM-BIK-0007,1,7176.89,0.0,PLN
SO-2026-011878,2,2026-07-27,2026-07-29,PL-MKT-01,C023367,VM-ACC-0018,2,50.89,0.0,PLN
SO-2026-011879,1,2026-07-27,2026-07-30,PL-MKT-01,C023368,VM-APP-0002,2,447.91,0.1,PLN
SO-2026-011880,1,2026-07-27,2026-07-29,PL-MKT-01,C023369,VM-EBK-0005,1,17764.09,0.05,PLN
SO-2026-011881,1,2026-07-27,2026-07-29,PL-MKT-01,C023370,VM-CMP-0003,1,244.31,0.0,PLN
SO-2026-011881,2,2026-07-27,2026-07-29,PL-MKT-01,C023370,VM-BIK-0017,1,1944.37,0.0,PLN
SO-2026-011882,1,2026-07-27,2026-07-28,PL-MKT-01,C008259,VM-CMP-0018,3,63.11,0.1,PLN
SO-2026-011882,2,2026-07-27,2026-07-28,PL-MKT-01,C008259,VM-NUT-0004,12,7.12,0.0,PLN
SO-2026-011882,3,2026-07-27,2026-07-28,PL-MKT-01,C008259,VM-APP-0002,1,447.91,0.0,PLN
SO-2026-011882,4,2026-07-27,2026-07-28,PL-MKT-01,C008259,vm-bik-0010,1,6433.75,0.0,PLN
SO-2026-011883,1,2026-07-27,2026-07-28,PL-MKT-01,C015498,VM-ACC-0020,1,824.57,0.0,PLN
SO-2026-011883,2,2026-07-27,2026-07-28,PL-MKT-01,C015498,VM-CMP-0018,3,63.11,0.0,PLN
SO-2026-011883,3,2026-07-27,2026-07-28,PL-MKT-01,C015498,VM-APP-0007,1,162.87,0.0,PLN
SO-2026-011884,1,2026-07-27,2026-07-30,PL-MKT-01,C011764,VM-NUT-0008,6,10.17,0.05,PLN
SO-2026-011884,2,2026-07-27,2026-07-30,PL-MKT-01,C011764,VM-ACC-0008,2,407.19,0.05,PLN
SO-2026-011885,1,2026-07-27,2026-07-28,PL-MKT-01,C023371,VM-CMP-0009,2,356.29,0.0,PLN
SO-2026-011886,1,2026-07-27,2026-07-27,CZ-PRG-01,C023372,VM-BIK-0007,1,41557.0,0.0,CZK
SO-2026-011887,1,2026-07-27,2026-07-27,CZ-PRG-01,C023373,VM-NUT-0002,4,88.0,0.0,CZK
SO-2026-011888,1,2026-07-27,2026-07-27,CZ-BRN-01,C001160,VM-ACC-0006,2,5600.0,0.0,CZK
SO-2026-011889,1,2026-07-27,2026-07-27,CZ-BRN-01,C023374,VM-CMP-0021,3,283.0,0.0,CZK
SO-2026-011890,1,2026-07-27,2026-07-27,CZ-BRN-01,C023375,VM-EBK-0011,1,86297.0,0.0,CZK
SO-2026-011890,2,2026-07-27,2026-07-27,CZ-BRN-01,C023375,VM-CMP-0013,2,3124.0,0.0,CZK
SO-2026-011891,1,2026-07-27,2026-07-30,CZ-WEB-01,C023376,VM-NUT-0004,13,41.0,0.05,CZK
SO-2026-011892,1,2026-07-27,2026-07-28,CZ-WEB-01,C018748,VM-BIK-0012,1,69615.0,0.0,CZK
SO-2026-011893,1,2026-07-27,2026-07-29,CZ-WEB-01,C013906,VM-NUT-0001,6,53.0,0.0,CZK
SO-2026-011894,1,2026-07-27,2026-07-28,CZ-WEB-01,C023377,VM-BIK-0007,1,41557.0,0.0,CZK
SO-2026-011895,1,2026-07-27,2026-07-30,CZ-WEB-01,C023378,VM-ACC-0023,1,5482.0,0.0,CZK
SO-2026-011896,1,2026-07-27,2026-07-30,CZ-WEB-01,C023379,VM-BIK-0004,1,25170.0,0.0,CZK
SO-2026-011896,2,2026-07-27,2026-07-30,CZ-WEB-01,C023379,VM-ACC-0006,1,5600.0,0.0,CZK
SO-2026-011896,3,2026-07-27,2026-07-30,CZ-WEB-01,C023379,VM-BIK-0012,1,69615.0,0.0,CZK
SO-2026-011896,4,2026-07-27,2026-07-30,CZ-WEB-01,C023379,VM-ACC-0018,3,295.0,0.0,CZK
SO-2026-011897,1,2026-07-27,2026-07-29,CZ-WEB-01,C018436,VM-EBK-0008,1,89009.0,0.0,CZK
SO-2026-011897,2,2026-07-27,2026-07-29,CZ-WEB-01,C018436,VM-APP-0012,1,5128.0,0.0,CZK
SO-2026-011897,3,2026-07-27,2026-07-29,CZ-WEB-01,C018436,VM-EBK-0003,1,53582.0,0.0,CZK
SO-2026-011897,4,2026-07-27,2026-07-29,CZ-WEB-01,C018436,VM-ACC-0018,3,295.0,0.0,CZK
SO-2026-011898,1,2026-07-27,2026-07-27,DE-BER-01,C023380,VM-CMP-0017,2,119.75,0.0,EUR
SO-2026-011899,1,2026-07-27,2026-07-27,DE-BER-01,C023381,VM-CMP-0013,1,126.93,0.0,EUR
SO-2026-011900,1,2026-07-27,2026-07-27,DE-BER-01,,VM-BIK-0011,1,2071.63,0.0,EUR
SO-2026-011900,2,2026-07-27,2026-07-27,DE-BER-01,,VM-ACC-0013,1,40.71,0.0,EUR
SO-2026-011901,1,2026-07-27,2026-07-29,DE-WEB-01,C023382,VM-EBK-0002,1,2382.98,0.0,EUR
SO-2026-011901,2,2026-07-27,2026-07-29,DE-WEB-01,C023382,VM-EBK-0008,1,3616.38,0.0,EUR
SO-2026-011901,3,2026-07-27,2026-07-29,DE-WEB-01,C023382,VM-ACC-0009,1,95.8,0.0,EUR
SO-2026-011901,4,2026-07-27,2026-07-29,DE-WEB-01,C023382,VM-ACC-0008,1,95.8,0.0,EUR
SO-2026-011902,1,2026-07-27,2026-07-28,DE-WEB-01,C013810,VM-BIK-0012,1,2828.44,0.0,EUR
SO-2026-011903,1,2026-07-27,2026-07-29,DE-WEB-01,C015917,VM-BIK-0006,4,1578.27,0.1,EUR
SO-2026-011904,1,2026-07-28,2026-07-28,PL-WAW-01,C022090,VM-BIK-0013,1,4886.39,0.0,PLN
SO-2026-011904,2,2026-07-28,2026-07-28,PL-WAW-01,C022090,VM-ACC-0010,2,254.49,0.0,PLN
SO-2026-011905,1,2026-07-28,2026-07-28,PL-WAW-01,C023072,VM-NUT-0006,30,10.17,0.08,PLN
SO-2026-011905,2,2026-07-28,2026-07-28,PL-WAW-01,C023072,VM-BIK-0017,2,1944.37,0.12,PLN
SO-2026-011906,1,2026-07-28,2026-07-28,PL-WAW-01,C021871,VM-NUT-0007,6,13.22,0.0,PLN
SO-2026-011907,1,2026-07-28,2026-07-28,PL-WAW-01,,VM-CMP-0009,1,356.29,0.0,PLN
SO-2026-011907,2,2026-07-28,2026-07-28,PL-WAW-01,,VM-ACC-0008,1,407.19,0.0,PLN
SO-2026-011908,1,2026-07-28,2026-07-28,PL-WAW-01,C023383,VM-EBK-0009,1,10088.37,0.0,PLN
SO-2026-011908,2,2026-07-28,2026-07-28,PL-WAW-01,C023383,VM-ACC-0003,1,295.21,0.0,PLN
SO-2026-011908,3,2026-07-28,2026-07-28,PL-WAW-01,C023383,VM-ACC-0011,1,73.29,0.0,PLN
SO-2026-011908,4,2026-07-28,2026-07-28,PL-WAW-01,C023383,VM-ACC-0008,1,407.19,0.0,PLN
SO-2026-011909,1,2026-07-28,2026-07-28,PL-WAW-01,C023170,VM-APP-0015,1,580.25,0.0,PLN
SO-2026-011909,2,2026-07-28,2026-07-28,PL-WAW-01,C023170,VM-ACC-0007,1,366.47,0.0,PLN
SO-2026-011910,1,2026-07-28,2026-07-28,PL-WAW-01,C012027,vm-bik-0013,1,4886.39,0.05,PLN
SO-2026-011911,1,2026-07-28,2026-07-28,PL-WAW-02,C023384,VM-ACC-0005,1,183.23,0.1,PLN
SO-2026-011911,2,2026-07-28,2026-07-28,PL-WAW-02,C023384,VM-ACC-0002,1,620.97,0.0,PLN
SO-2026-011912,1,2026-07-28,2026-07-28,PL-WAW-02,C010683,VM-NUT-0003,9,11.19,0.0,PLN
SO-2026-011912,2,2026-07-28,2026-07-28,PL-WAW-02,C010683,VM-ACC-0020,1,824.57,0.0,PLN
SO-2026-011913,1,2026-07-28,2026-07-28,PL-KRK-01,C022005,VM-CMP-0007,2,641.33,0.05,PLN
SO-2026-011914,1,2026-07-28,2026-07-28,PL-KRK-01,,VM-BIK-0001,1,13936.41,0.0,PLN
SO-2026-011914,2,2026-07-28,2026-07-28,PL-KRK-01,,VM-ACC-0007,1,366.47,0.0,PLN
SO-2026-011914,3,2026-07-28,2026-07-28,PL-KRK-01,,VM-APP-0002,2,447.91,0.0,PLN
SO-2026-011915,1,2026-07-28,2026-07-28,PL-KRK-01,,VM-EBK-0004,1,11279.43,0.0,PLN
SO-2026-011915,2,2026-07-28,2026-07-28,PL-KRK-01,,VM-ACC-0013,1,173.05,0.0,PLN
SO-2026-011915,3,2026-07-28,2026-07-28,PL-KRK-01,,VM-CMP-0006,1,203.59,0.0,PLN
SO-2026-011916,1,2026-07-28,2026-07-28,PL-KRK-01,C023274,VM-NUT-0001,7,9.15,0.0,PLN
SO-2026-011916,2,2026-07-28,2026-07-28,PL-KRK-01,C023274,VM-NUT-0008,12,10.17,0.0,PLN
SO-2026-011917,1,2026-07-28,2026-07-28,PL-KRK-01,C023385,VM-NUT-0006,8,10.17,0.0,PLN
SO-2026-011917,2,2026-07-28,2026-07-28,PL-KRK-01,C023385,VM-BIK-0009,1,5741.51,0.0,PLN
SO-2026-011917,3,2026-07-28,2026-07-28,PL-KRK-01,C023385,VM-ACC-0019,3,50.89,0.0,PLN
SO-2026-011917,4,2026-07-28,2026-07-28,PL-KRK-01,C023385,VM-ACC-0007,1,366.47,0.0,PLN
SO-2026-011918,1,2026-07-28,2026-07-28,PL-WRO-01,C023386,VM-BIK-0012,1,12022.57,0.0,PLN
SO-2026-011918,2,2026-07-28,2026-07-28,PL-WRO-01,C023386,VM-ACC-0018,1,50.89,0.0,PLN
SO-2026-011919,1,2026-07-28,2026-07-28,PL-WRO-01,C017874,VM-EBK-0004,4,11279.43,0.08,PLN
SO-2026-011919,2,2026-07-28,2026-07-28,PL-WRO-01,C017874,VM-ACC-0013,2,173.05,0.08,PLN
SO-2026-011920,1,2026-07-28,2026-07-28,PL-WRO-01,C023387,VM-CMP-0005,2,1506.63,0.0,PLN
SO-2026-011920,2,2026-07-28,2026-07-28,PL-WRO-01,C023387,VM-APP-0005,3,183.23,0.0,PLN
SO-2026-011921,1,2026-07-28,2026-07-28,PL-GDN-01,,VM-ACC-0008,2,407.19,0.0,PLN
SO-2026-011922,1,2026-07-28,2026-07-28,PL-GDN-01,C022738,VM-BIK-0001,3,13936.41,0.12,PLN
SO-2026-011922,2,2026-07-28,2026-07-28,PL-GDN-01,C022738,VM-ACC-0015,2,356.29,0.12,PLN
SO-2026-011923,1,2026-07-28,2026-07-28,PL-GDN-01,C023388,VM-NUT-0009,1,86.52,0.0,PLN
SO-2026-011923,2,2026-07-28,2026-07-28,PL-GDN-01,C023388,VM-CMP-0005,2,1506.63,0.0,PLN
SO-2026-011923,3,2026-07-28,2026-07-28,PL-GDN-01,C023388,VM-CMP-0001,1,407.19,0.0,PLN
SO-2026-011924,1,2026-07-28,2026-07-28,PL-POZ-01,,VM-APP-0002,1,447.91,0.0,PLN
SO-2026-011925,1,2026-07-28,2026-07-28,PL-POZ-01,C018460,VM-ACC-0016,4,29.51,0.1,PLN
SO-2026-011925,2,2026-07-28,2026-07-28,PL-POZ-01,C018460,VM-BIK-0020,4,1231.77,0.12,PLN
SO-2026-011925,3,2026-07-28,2026-07-28,PL-POZ-01,C018460,VM-APP-0006,4,315.57,0.12,PLN
SO-2026-011925,4,2026-07-28,2026-07-28,PL-POZ-01,C018460,VM-NUT-0009,2,86.52,0.08,PLN
SO-2026-011926,1,2026-07-28,2026-07-28,PL-POZ-01,C020691,VM-EBK-0009,1,10088.37,0.0,PLN
SO-2026-011926,2,2026-07-28,2026-07-28,PL-POZ-01,C020691,VM-ACC-0018,2,50.89,0.0,PLN
SO-2026-011927,1,2026-07-28,2026-07-28,PL-POZ-01,C012362,VM-BIK-0007,5,7176.89,0.08,PLN
SO-2026-011927,2,2026-07-28,2026-07-28,PL-POZ-01,C012362,VM-ACC-0022,5,1598.25,0.1,PLN
SO-2026-011927,3,2026-07-28,2026-07-28,PL-POZ-01,C012362,VM-BIK-0013,4,4886.39,0.1,PLN
SO-2026-011928,1,2026-07-28,2026-07-28,PL-POZ-01,C023389,VM-ACC-0002,2,620.97,0.0,PLN
SO-2026-011929,1,2026-07-28,2026-07-28,PL-LDZ-01,,VM-BIK-0016,1,3654.61,0.0,PLN
SO-2026-011930,1,2026-07-28,2026-08-01,PL-WEB-01,C020496,VM-NUT-0006,10,10.17,0.08,PLN
SO-2026-011930,2,2026-07-28,2026-08-01,PL-WEB-01,C020496,VM-APP-0002,2,447.91,0.1,PLN
SO-2026-011930,3,2026-07-28,2026-08-01,PL-WEB-01,C020496,VM-ACC-0007,3,366.47,0.12,PLN
SO-2026-011931,1,2026-07-28,2026-07-29,PL-WEB-01,C023390,VM-CMP-0023,3,60.05,0.0,PLN
SO-2026-011932,1,2026-07-28,2026-08-01,PL-WEB-01,C022163,VM-APP-0007,1,162.87,0.05,PLN
SO-2026-011932,2,2026-07-28,2026-08-01,PL-WEB-01,C022163,VM-ACC-0014,1,111.97,0.05,PLN
SO-2026-011932,3,2026-07-28,2026-08-01,PL-WEB-01,C022163,VM-ACC-0016,1,29.51,0.05,PLN
SO-2026-011933,1,2026-07-28,2026-08-01,PL-WEB-01,C022929,VM-BIK-0021,4,1272.49,0.1,PLN
SO-2026-011933,2,2026-07-28,2026-08-01,PL-WEB-01,C022929,VM-ACC-0006,4,967.09,0.08,PLN
SO-2026-011933,3,2026-07-28,2026-08-01,PL-WEB-01,C022929,VM-ACC-0008,3,407.19,0.1,PLN
SO-2026-011934,1,2026-07-28,2026-07-29,PL-WEB-01,C018347,VM-ACC-0008,2,407.19,0.0,PLN
SO-2026-011935,1,2026-07-28,2026-08-01,PL-WEB-01,C023391,VM-CMP-0009,2,356.29,0.0,PLN
SO-2026-011935,2,2026-07-28,2026-08-01,PL-WEB-01,C023391,VM-BIK-0010,1,6433.75,0.0,PLN
SO-2026-011935,3,2026-07-28,2026-08-01,PL-WEB-01,C023391,VM-BIK-0017,1,1944.37,0.0,PLN
SO-2026-011936,1,2026-07-28,2026-07-31,PL-WEB-01,C023392,VM-EBK-0003,1,9253.61,0.0,PLN
SO-2026-011937,1,2026-07-28,2026-07-31,PL-WEB-01,C018414,VM-BIK-0001,1,13936.41,0.0,PLN
SO-2026-011938,1,2026-07-28,2026-07-29,PL-WEB-01,C021851,VM-APP-0010,2,173.05,0.12,PLN
SO-2026-011939,1,2026-07-28,2026-07-31,PL-WEB-01,C023393,VM-BIK-0007,1,7176.89,0.05,PLN
SO-2026-011940,1,2026-07-28,2026-07-31,PL-WEB-01,C008259,VM-ACC-0009,2,407.19,0.0,PLN
SO-2026-011940,2,2026-07-28,2026-07-31,PL-WEB-01,C008259,VM-BIK-0012,1,12022.57,0.0,PLN
SO-2026-011941,1,2026-07-28,2026-07-31,PL-WEB-01,C016171,VM-EBK-0011,1,14903.51,0.0,PLN
SO-2026-011942,1,2026-07-28,2026-07-29,PL-WEB-01,C022536,VM-EBK-0005,1,17764.09,0.05,PLN
SO-2026-011942,2,2026-07-28,2026-07-29,PL-WEB-01,C022536,VM-ACC-0015,1,356.29,0.05,PLN
SO-2026-011943,1,2026-07-28,2026-08-01,PL-WEB-01,C022696,VM-APP-0012,1,885.65,0.0,PLN
SO-2026-011944,1,2026-07-28,2026-07-30,PL-WEB-01,C023394,VM-CMP-0015,2,936.55,0.0,PLN
SO-2026-011944,2,2026-07-28,2026-07-30,PL-WEB-01,C023394,VM-ACC-0008,2,407.19,0.0,PLN
SO-2026-011945,1,2026-07-28,2026-07-29,PL-WEB-01,C022890,VM-ACC-0008,2,407.19,0.0,PLN
SO-2026-011946,1,2026-07-28,2026-08-01,PL-WEB-01,C019324,VM-BIK-0009,1,5741.51,0.0,PLN
SO-2026-011947,1,2026-07-28,2026-07-29,PL-WEB-01,C010736,vm-bik-0020,1,1231.77,0.0,PLN
SO-2026-011948,1,2026-07-28,2026-07-31,PL-WEB-01,C023395,VM-CMP-0018,1,63.11,0.0,PLN
SO-2026-011948,2,2026-07-28,2026-07-31,PL-WEB-01,C023395,VM-BIK-0007,1,7176.89,0.0,PLN
SO-2026-011949,1,2026-07-28,2026-07-29,PL-WEB-01,C023396,VM-BIK-0020,1,1231.77,0.0,PLN
SO-2026-011950,1,2026-07-28,2026-07-31,PL-WEB-01,C015158,VM-APP-0010,1,173.05,0.0,PLN
SO-2026-011950,2,2026-07-28,2026-07-31,PL-WEB-01,C015158,VM-NUT-0004,10,7.12,0.0,PLN
SO-2026-011951,1,2026-07-28,2026-07-31,PL-MKT-01,C023397,VM-NUT-0001,6,9.15,0.0,PLN
SO-2026-011952,1,2026-07-28,2026-07-31,PL-MKT-01,C002701,VM-ACC-0012,1,73.29,0.0,PLN
SO-2026-011953,1,2026-07-28,2026-08-01,PL-MKT-01,C023398,VM-APP-0006,3,315.57,0.0,PLN
SO-2026-011954,1,2026-07-28,2026-07-29,PL-MKT-01,C019231,vm-app-0007,1,162.87,0.0,PLN
SO-2026-011955,1,2026-07-28,2026-07-31,PL-MKT-01,C019902,VM-NUT-0004,9,7.12,0.1,PLN
SO-2026-011956,1,2026-07-28,2026-07-30,PL-MKT-01,C006047,VM-ACC-0006,2,967.09,0.0,PLN
SO-2026-011957,1,2026-07-28,2026-08-01,PL-MKT-01,C014515, VM-APP-0010 ,8,173.05,0.12,PLN
SO-2026-011957,2,2026-07-28,2026-08-01,PL-MKT-01,C014515,VM-NUT-0009,4,86.52,0.08,PLN
SO-2026-011957,3,2026-07-28,2026-08-01,PL-MKT-01,C014515,VM-APP-0013,4,447.91,0.12,PLN
SO-2026-011958,1,2026-07-28,2026-07-30,PL-MKT-01,C012263,VM-EBK-0003,1,9253.61,0.0,PLN
SO-2026-011958,2,2026-07-28,2026-07-30,PL-MKT-01,C012263,VM-ACC-0003,1,295.21,0.0,PLN
SO-2026-011958,3,2026-07-28,2026-07-30,PL-MKT-01,C012263,VM-ACC-0007,1,366.47,0.0,PLN
SO-2026-011959,1,2026-07-28,2026-07-28,CZ-PRG-01,C017131,VM-NUT-0004,3,41.0,0.0,CZK
SO-2026-011960,1,2026-07-28,2026-07-28,CZ-PRG-01,C017464,VM-APP-0010,2,1002.0,0.0,CZK
SO-2026-011961,1,2026-07-28,2026-07-28,CZ-BRN-01,C022747,VM-EBK-0004,1,65312.0,0.05,CZK
SO-2026-011962,1,2026-07-28,2026-07-28,CZ-BRN-01,C021653,VM-CMP-0009,1,2063.0,0.0,CZK
SO-2026-011963,1,2026-07-28,2026-07-28,CZ-BRN-01,C017589,VM-APP-0007,1,943.0,0.0,CZK
SO-2026-011963,2,2026-07-28,2026-07-28,CZ-BRN-01,C017589,VM-EBK-0003,1,53582.0,0.0,CZK
SO-2026-011963,3,2026-07-28,2026-07-28,CZ-BRN-01,C017589,VM-ACC-0005,1,1061.0,0.0,CZK
SO-2026-011963,4,2026-07-28,2026-07-28,CZ-BRN-01,C017589,VM-ACC-0008,2,2358.0,0.0,CZK
SO-2026-011964,1,2026-07-28,2026-07-30,CZ-WEB-01,C023399,VM-EBK-0007,1,86651.0,0.05,CZK
SO-2026-011964,2,2026-07-28,2026-07-30,CZ-WEB-01,C023399,VM-CMP-0015,2,5423.0,0.0,CZK
SO-2026-011965,1,2026-07-28,2026-08-01,CZ-WEB-01,C023400,VM-NUT-0011,6,318.0,0.12,CZK
SO-2026-011966,1,2026-07-28,2026-07-31,CZ-WEB-01,C020875,VM-BIK-0011,1,50988.0,0.05,CZK
SO-2026-011966,2,2026-07-28,2026-07-31,CZ-WEB-01,C020875,VM-ACC-0008,1,2358.0,0.05,CZK
SO-2026-011966,3,2026-07-28,2026-07-31,CZ-WEB-01,C020875,VM-CMP-0013,1,3124.0,0.05,CZK
SO-2026-011967,1,2026-07-28,2026-07-31,CZ-WEB-01,C022239,VM-ACC-0018,3,295.0,0.05,CZK
SO-2026-011967,2,2026-07-28,2026-07-31,CZ-WEB-01,C022239,VM-APP-0011,2,2417.0,0.05,CZK
SO-2026-011968,1,2026-07-28,2026-07-30,CZ-WEB-01,C018261,VM-APP-0010,1,1002.0,0.0,CZK
SO-2026-011969,1,2026-07-28,2026-07-31,CZ-WEB-01,C023401,VM-BIK-0004,1,25170.0,0.0,CZK
SO-2026-011969,2,2026-07-28,2026-07-31,CZ-WEB-01,C023401,VM-ACC-0008,1,2358.0,0.0,CZK
SO-2026-011970,1,2026-07-28,2026-07-30,CZ-WEB-01,C019601,VM-ACC-0001,4,2240.0,0.12,CZK
SO-2026-011971,1,2026-07-28,2026-07-30,CZ-WEB-01,C017237,VM-APP-0019,2,389.0,0.0,CZK
SO-2026-011972,1,2026-07-28,2026-07-31,CZ-WEB-01,C023402,VM-ACC-0007,2,2122.0,0.0,CZK
SO-2026-011972,2,2026-07-28,2026-07-31,CZ-WEB-01,C023402,VM-NUT-0002,11,88.0,0.0,CZK
SO-2026-011973,1,2026-07-28,2026-07-30,CZ-WEB-01,C008498,VM-ACC-0008,4,2358.0,0.12,CZK
SO-2026-011973,2,2026-07-28,2026-07-30,CZ-WEB-01,C008498,VM-BIK-0020,2,7132.0,0.1,CZK
SO-2026-011973,3,2026-07-28,2026-07-30,CZ-WEB-01,C008498,VM-CMP-0017,8,2947.0,0.12,CZK
SO-2026-011974,1,2026-07-28,2026-07-28,DE-BER-01,C018113, VM-CMP-0017 ,2,119.75,0.0,EUR
SO-2026-011975,1,2026-07-28,2026-07-31,DE-WEB-01,C023403,VM-NUT-0001,56,2.15,0.1,EUR
SO-2026-011975,2,2026-07-28,2026-07-31,DE-WEB-01,C023403,VM-BIK-0007,5,1688.44,0.12,EUR
SO-2026-011975,3,2026-07-28,2026-07-31,DE-WEB-01,C023403,VM-ACC-0014,4,26.34,0.12,EUR
SO-2026-011975,4,2026-07-28,2026-07-31,DE-WEB-01,C023403,VM-APP-0008,8,38.32,0.08,EUR
SO-2026-011976,1,2026-07-28,2026-08-01,DE-WEB-01,C023404,VM-CMP-0005,1,354.45,0.05,EUR
SO-2026-011977,1,2026-07-28,2026-08-01,DE-WEB-01,C015116,vm-bik-0012,3,2828.44,0.12,EUR
SO-2026-011978,1,2026-07-28,2026-07-31,DE-WEB-01,C023405,VM-CMP-0013,1,126.93,0.0,EUR
SO-2026-011978,2,2026-07-28,2026-07-31,DE-WEB-01,C023405,VM-NUT-0004,7,1.67,0.0,EUR
SO-2026-011979,1,2026-07-29,2026-07-29,PL-WAW-01,C017408,VM-NUT-0006,28,10.17,0.12,PLN
SO-2026-011980,1,2026-07-29,2026-07-29,PL-WAW-01,C018349,VM-EBK-0005,1,17764.09,0.0,PLN
SO-2026-011980,2,2026-07-29,2026-07-29,PL-WAW-01,C018349,VM-ACC-0018,2,50.89,0.0,PLN
SO-2026-011981,1,2026-07-29,2026-07-29,PL-WAW-01,C019467,VM-APP-0008,2,162.87,0.0,PLN
SO-2026-011982,1,2026-07-29,2026-07-29,PL-WAW-01,C013223,VM-CMP-0009,2,356.29,0.0,PLN
SO-2026-011982,2,2026-07-29,2026-07-29,PL-WAW-01,C013223,VM-CMP-0005,1,1506.63,0.0,PLN
SO-2026-011982,3,2026-07-29,2026-07-29,PL-WAW-01,C013223,vm-bik-0012,1,12022.57,0.0,PLN
SO-2026-011983,1,2026-07-29,2026-07-29,PL-WAW-01,C023406,VM-CMP-0019,4,213.77,0.05,PLN
SO-2026-011983,2,2026-07-29,2026-07-29,PL-WAW-01,C023406,VM-EBK-0008,1,15371.79,0.05,PLN
SO-2026-011984,1,2026-07-29,2026-07-29,PL-WAW-01,C023407,VM-EBK-0003,1,9253.61,0.0,PLN
SO-2026-011984,2,2026-07-29,2026-07-29,PL-WAW-01,C023407,VM-ACC-0018,1,50.89,0.0,PLN
SO-2026-011984,3,2026-07-29,2026-07-29,PL-WAW-01,C023407,VM-CMP-0016,1,2504.27,0.0,PLN
SO-2026-011985,1,2026-07-29,2026-07-29,PL-WAW-02,C023408,VM-CMP-0017,1,508.99,0.0,PLN
SO-2026-011986,1,2026-07-29,2026-07-29,PL-WAW-02,C020820,VM-APP-0006,3,315.57,0.08,PLN
SO-2026-011987,1,2026-07-29,2026-07-29,PL-WAW-02,,VM-APP-0005,2,183.23,0.0,PLN
SO-2026-011988,1,2026-07-29,2026-07-29,PL-KRK-01,C007061,VM-APP-0007,1,162.87,0.0,PLN
SO-2026-011989,1,2026-07-29,2026-07-29,PL-KRK-01,,VM-CMP-0001,1,407.19,0.0,PLN
SO-2026-011990,1,2026-07-29,2026-07-29,PL-KRK-01,,VM-BIK-0004,1,4346.85,0.0,PLN
SO-2026-011990,2,2026-07-29,2026-07-29,PL-KRK-01,,vm-nut-0006,8,10.17,0.0,PLN
SO-2026-011991,1,2026-07-29,2026-07-29,PL-KRK-01,,VM-APP-0002,3,447.91,0.0,PLN
SO-2026-011992,1,2026-07-29,2026-07-29,PL-GDN-01,,VM-ACC-0013,1,173.05,0.0,PLN
SO-2026-011993,1,2026-07-29,2026-07-29,PL-POZ-01,,VM-ACC-0014,1,111.97,0.0,PLN
SO-2026-011994,1,2026-07-29,2026-07-29,PL-POZ-01,C023409, VM-NUT-0001 ,9,9.15,0.0,PLN
SO-2026-011995,1,2026-07-29,2026-07-29,PL-LDZ-01,C023410,VM-CMP-0019,3,213.77,0.0,PLN
SO-2026-011996,1,2026-07-29,2026-07-29,PL-LDZ-01,C022656,VM-ACC-0018,6,50.89,0.12,PLN
SO-2026-011996,2,2026-07-29,2026-07-29,PL-LDZ-01,C022656,VM-ACC-0008,2,407.19,0.08,PLN
SO-2026-011997,1,2026-07-29,2026-07-31,PL-WEB-01,C019267,VM-BIK-0010,1,6433.75,0.0,PLN
SO-2026-011997,2,2026-07-29,2026-07-31,PL-WEB-01,C019267,VM-ACC-0013,1,173.05,0.0,PLN
SO-2026-011997,3,2026-07-29,2026-07-31,PL-WEB-01,C019267,VM-ACC-0003,1,295.21,0.05,PLN
SO-2026-011997,4,2026-07-29,2026-07-31,PL-WEB-01,C019267,VM-ACC-0008,1,407.19,0.0,PLN
SO-2026-011998,1,2026-07-29,2026-08-02,PL-WEB-01,C022376,VM-BIK-0019,1,1231.77,0.0,PLN
SO-2026-011999,1,2026-07-29,2026-08-01,PL-WEB-01,C001383,VM-NUT-0006,18,10.17,0.12,PLN
SO-2026-012000,1,2026-07-29,2026-08-02,PL-WEB-01,C018521,VM-NUT-0008,10,10.17,0.0,PLN
SO-2026-012001,1,2026-07-29,2026-08-01,PL-WEB-01,C004528,VM-EBK-0004,1,11279.43,0.0,PLN
SO-2026-012002,1,2026-07-29,2026-07-30,PL-WEB-01,C023411,VM-NUT-0008,5,10.17,0.1,PLN
SO-2026-012002,2,2026-07-29,2026-07-30,PL-WEB-01,C023411,VM-BIK-0012,1,12022.57,0.0,PLN
SO-2026-012003,1,2026-07-29,2026-08-01,PL-WEB-01,C023412,VM-ACC-0007,2,366.47,0.0,PLN
SO-2026-012004,1,2026-07-29,2026-07-31,PL-WEB-01,C014534,VM-CMP-0014,2,437.73,0.08,PLN
SO-2026-012004,2,2026-07-29,2026-07-31,PL-WEB-01,C014534,VM-BIK-0016,3,3654.61,0.12,PLN
SO-2026-012005,1,2026-07-29,2026-07-31,PL-WEB-01,C022910,VM-ACC-0005,1,183.23,0.0,PLN
SO-2026-012005,2,2026-07-29,2026-07-31,PL-WEB-01,C022910,VM-EBK-0011,1,14903.51,0.0,PLN
SO-2026-012006,1,2026-07-29,2026-07-30,PL-WEB-01,C023413,VM-CMP-0009,2,356.29,0.0,PLN
SO-2026-012006,2,2026-07-29,2026-07-30,PL-WEB-01,C023413,VM-CMP-0002,2,570.07,0.0,PLN
SO-2026-012007,1,2026-07-29,2026-07-31,PL-MKT-01,C003375,VM-NUT-0009,1,86.52,0.0,PLN
SO-2026-012007,2,2026-07-29,2026-07-31,PL-MKT-01,C003375,VM-BIK-0002,1,9803.33,0.0,PLN
SO-2026-012007,3,2026-07-29,2026-07-31,PL-MKT-01,C003375,VM-CMP-0013,1,539.53,0.0,PLN
SO-2026-012007,4,2026-07-29,2026-07-31,PL-MKT-01,C003375,VM-CMP-0001,1,407.19,0.0,PLN
SO-2026-012008,1,2026-07-29,2026-07-30,PL-MKT-01,C023414,VM-NUT-0001,10,9.15,0.0,PLN
SO-2026-012008,2,2026-07-29,2026-07-30,PL-MKT-01,C023414,VM-BIK-0002,1,9803.33,0.0,PLN
SO-2026-012008,3,2026-07-29,2026-07-30,PL-MKT-01,C023414,VM-CMP-0013,2,539.53,0.0,PLN
SO-2026-012009,1,2026-07-29,2026-08-02,PL-MKT-01,C014759,VM-CMP-0019,2,213.77,0.0,PLN
SO-2026-012010,1,2026-07-29,2026-07-31,PL-MKT-01,C022522,VM-ACC-0018,3,50.89,0.0,PLN
SO-2026-012010,2,2026-07-29,2026-07-31,PL-MKT-01,C022522,VM-CMP-0013,1,539.53,0.0,PLN
SO-2026-012010,3,2026-07-29,2026-07-31,PL-MKT-01,C022522,VM-APP-0007,1,162.87,0.0,PLN
SO-2026-012011,1,2026-07-29,2026-08-02,PL-MKT-01,C013402,VM-EBK-0005,1,17764.09,0.0,PLN
SO-2026-012012,1,2026-07-29,2026-08-02,PL-MKT-01,C009380,VM-BIK-0009,1,5741.51,0.0,PLN
SO-2026-012012,2,2026-07-29,2026-08-02,PL-MKT-01,C009380,VM-CMP-0015,1,936.55,0.0,PLN
SO-2026-012012,3,2026-07-29,2026-08-02,PL-MKT-01,C009380,VM-CMP-0019,4,213.77,0.0,PLN
SO-2026-012012,4,2026-07-29,2026-08-02,PL-MKT-01,C009380,VM-ACC-0003,1,295.21,0.0,PLN
SO-2026-012013,1,2026-07-29,2026-07-31,PL-MKT-01,C013770,VM-APP-0012,1,885.65,0.0,PLN
SO-2026-012014,1,2026-07-29,2026-08-01,PL-MKT-01,C020515,VM-BIK-0004,1,4346.85,0.0,PLN
SO-2026-012014,2,2026-07-29,2026-08-01,PL-MKT-01,C020515,VM-ACC-0008,1,407.19,0.0,PLN
SO-2026-012014,3,2026-07-29,2026-08-01,PL-MKT-01,C020515,VM-BIK-0003,1,6657.71,0.0,PLN
SO-2026-012014,4,2026-07-29,2026-08-01,PL-MKT-01,C020515,VM-ACC-0018,1,50.89,0.0,PLN
SO-2026-012015,1,2026-07-29,2026-08-02,PL-MKT-01,C023415,VM-ACC-0020,1,824.57,0.05,PLN
SO-2026-012015,2,2026-07-29,2026-08-02,PL-MKT-01,C023415,VM-NUT-0004,3,7.12,0.05,PLN
SO-2026-012015,3,2026-07-29,2026-08-02,PL-MKT-01,C023415,VM-ACC-0013,1,173.05,0.05,PLN
SO-2026-012016,1,2026-07-29,2026-08-02,PL-MKT-01,C013272,VM-NUT-0004,3,7.12,0.05,PLN
SO-2026-012016,2,2026-07-29,2026-08-02,PL-MKT-01,C013272,VM-ACC-0008,1,407.19,0.05,PLN
SO-2026-012017,1,2026-07-29,2026-07-29,CZ-PRG-01,C019872,VM-EBK-0004,1,65312.0,0.0,CZK
SO-2026-012018,1,2026-07-29,2026-07-29,CZ-BRN-01,C011715,VM-NUT-0004,15,41.0,0.0,CZK
SO-2026-012019,1,2026-07-29,2026-08-02,CZ-WEB-01,C021220,VM-ACC-0005,2,1061.0,0.0,CZK
SO-2026-012020,1,2026-07-29,2026-08-02,CZ-WEB-01,C020052,VM-APP-0015,1,3360.0,0.0,CZK
SO-2026-012021,1,2026-07-29,2026-08-02,CZ-WEB-01,C020253,VM-NUT-0003,9,65.0,0.0,CZK
SO-2026-012021,2,2026-07-29,2026-08-02,CZ-WEB-01,C020253,VM-BIK-0009,1,33246.0,0.0,CZK
SO-2026-012022,1,2026-07-29,2026-08-01,CZ-WEB-01,C022516,VM-ACC-0015,1,2063.0,0.0,CZK
SO-2026-012023,1,2026-07-29,2026-08-02,CZ-WEB-01,C023416, VM-APP-0013 ,1,2594.0,0.0,CZK
SO-2026-012024,1,2026-07-29,2026-07-29,DE-BER-01,C017449,VM-NUT-0003,13,2.63,0.05,EUR
SO-2026-012024,2,2026-07-29,2026-07-29,DE-BER-01,C017449,VM-EBK-0007,1,3520.58,0.05,EUR
SO-2026-012024,3,2026-07-29,2026-07-29,DE-BER-01,C017449,VM-CMP-0009,2,83.82,0.05,EUR
SO-2026-012025,1,2026-07-29,2026-07-29,DE-BER-01,C009273,VM-APP-0010,3,40.71,0.12,EUR
SO-2026-012025,2,2026-07-29,2026-07-29,DE-BER-01,C009273,VM-ACC-0006,3,227.52,0.12,EUR
SO-2026-012026,1,2026-07-29,2026-07-29,DE-BER-01,,VM-NUT-0009,1,20.35,0.0,EUR
SO-2026-012027,1,2026-07-29,2026-07-31,DE-WEB-01,C006551,VM-ACC-0008,1,95.8,0.05,EUR
SO-2026-012027,2,2026-07-29,2026-07-31,DE-WEB-01,C006551,VM-CMP-0009,1,83.82,0.05,EUR
SO-2026-012028,1,2026-07-29,2026-08-01,DE-WEB-01,C018441,VM-BIK-0008,1,1271.72,0.0,EUR
SO-2026-012028,2,2026-07-29,2026-08-01,DE-WEB-01,C018441,VM-ACC-0021,1,186.8,0.0,EUR
SO-2026-012029,1,2026-07-29,2026-07-30,DE-WEB-01,C023417,vm-acc-0021,1,186.8,0.0,EUR
SO-2026-012030,1,2026-07-29,2026-07-30,DE-WEB-01,C017204,VM-NUT-0006,11,2.39,0.0,EUR
SO-2026-012030,2,2026-07-29,2026-07-30,DE-WEB-01,C017204,VM-CMP-0021,4,11.49,0.0,EUR
SO-2026-012031,1,2026-07-29,2026-08-01,DE-WEB-01,C018441,VM-CMP-0013,2,126.93,0.0,EUR
SO-2026-012032,1,2026-07-29,2026-08-02,DE-WEB-01,C021406,VM-NUT-0011,2,12.93,0.05,EUR
SO-2026-012033,1,2026-07-29,2026-08-01,DE-WEB-01,C019173,VM-APP-0002,2,105.38,0.0,EUR
SO-2026-012034,1,2026-07-30,2026-07-30,PL-WAW-01,C017220,VM-NUT-0011,3,54.96,0.0,PLN
SO-2026-012035,1,2026-07-30,2026-07-30,PL-WAW-01,C023241,VM-ACC-0003,2,295.21,0.05,PLN
SO-2026-012035,2,2026-07-30,2026-07-30,PL-WAW-01,C023241,VM-ACC-0008,2,407.19,0.05,PLN
SO-2026-012035,3,2026-07-30,2026-07-30,PL-WAW-01,C023241,VM-BIK-0009,1,5741.51,0.05,PLN
SO-2026-012036,1,2026-07-30,2026-07-30,PL-WAW-01,,VM-BIK-0008,1,5405.57,0.0,PLN
SO-2026-012037,1,2026-07-30,2026-07-30,PL-WAW-01,,VM-BIK-0016,1,3654.61,0.0,PLN
SO-2026-012037,2,2026-07-30,2026-07-30,PL-WAW-01,,VM-ACC-0012,1,73.29,0.0,PLN
SO-2026-012038,1,2026-07-30,2026-07-30,PL-WAW-01,,VM-NUT-0004,8,7.12,0.0,PLN
SO-2026-012038,2,2026-07-30,2026-07-30,PL-WAW-01,,VM-EBK-0007,1,14964.59,0.0,PLN
SO-2026-012038,3,2026-07-30,2026-07-30,PL-WAW-01,,VM-APP-0002,3,447.91,0.0,PLN
SO-2026-012039,1,2026-07-30,2026-07-30,PL-WAW-01,,VM-NUT-0002,4,15.26,0.0,PLN
SO-2026-012039,2,2026-07-30,2026-07-30,PL-WAW-01,,VM-ACC-0008,1,407.19,0.0,PLN
SO-2026-012039,3,2026-07-30,2026-07-30,PL-WAW-01,,VM-BIK-0004,1,4346.85,0.0,PLN
SO-2026-012040,1,2026-07-30,2026-07-30,PL-WAW-01,C009551,VM-ACC-0014,1,111.97,0.0,PLN
SO-2026-012040,2,2026-07-30,2026-07-30,PL-WAW-01,C009551,VM-ACC-0005,2,183.23,0.0,PLN
SO-2026-012040,3,2026-07-30,2026-07-30,PL-WAW-01,C009551,VM-EBK-0009,1,10088.37,0.0,PLN
SO-2026-012040,4,2026-07-30,2026-07-30,PL-WAW-01,C009551,VM-BIK-0004,1,4346.85,0.0,PLN
SO-2026-012041,1,2026-07-30,2026-07-30,PL-WAW-02,C023418,VM-APP-0011,1,417.37,0.0,PLN
SO-2026-012042,1,2026-07-30,2026-07-30,PL-WAW-02,,VM-EBK-0004,1,11279.43,0.1,PLN
SO-2026-012043,1,2026-07-30,2026-07-30,PL-WAW-02,C011515,VM-BIK-0004,1,4346.85,0.0,PLN
SO-2026-012043,2,2026-07-30,2026-07-30,PL-WAW-02,C011515,VM-ACC-0008,2,407.19,0.0,PLN
SO-2026-012044,1,2026-07-30,2026-07-30,PL-KRK-01,C023419,VM-APP-0005,3,183.23,0.0,PLN
SO-2026-012045,1,2026-07-30,2026-07-30,PL-KRK-01,C023420,VM-CMP-0005,2,1506.63,0.0,PLN
SO-2026-012046,1,2026-07-30,2026-07-30,PL-KRK-01,C023421,VM-ACC-0018,1,50.89,0.0,PLN
SO-2026-012046,2,2026-07-30,2026-07-30,PL-KRK-01,C023421,VM-CMP-0013,1,539.53,0.0,PLN
SO-2026-012046,3,2026-07-30,2026-07-30,PL-KRK-01,C023421,VM-NUT-0009,1,86.52,0.0,PLN
SO-2026-012046,4,2026-07-30,2026-07-30,PL-KRK-01,C023421,VM-BIK-0007,1,7176.89,0.0,PLN
SO-2026-012047,1,2026-07-30,2026-07-30,PL-KRK-01,C022883,VM-APP-0010,2,173.05,0.0,PLN
SO-2026-012047,2,2026-07-30,2026-07-30,PL-KRK-01,C022883,VM-CMP-0009,2,356.29,0.0,PLN
SO-2026-012047,3,2026-07-30,2026-07-30,PL-KRK-01,C022883,VM-CMP-0005,1,1506.63,0.0,PLN
SO-2026-012048,1,2026-07-30,2026-07-30,PL-WRO-01,C019161,VM-CMP-0016,2,2504.27,0.05,PLN
SO-2026-012049,1,2026-07-30,2026-07-30,PL-WRO-01,C009512,VM-APP-0002,1,447.91,0.0,PLN
SO-2026-012049,2,2026-07-30,2026-07-30,PL-WRO-01,C009512,VM-APP-0006,3,315.57,0.0,PLN
SO-2026-012050,1,2026-07-30,2026-07-30,PL-WRO-01,,VM-APP-0007,2,162.87,0.0,PLN
SO-2026-012051,1,2026-07-30,2026-07-30,PL-WRO-01,,VM-ACC-0014,1,111.97,0.0,PLN
SO-2026-012051,2,2026-07-30,2026-07-30,PL-WRO-01,,VM-ACC-0019,3,50.89,0.0,PLN
SO-2026-012051,3,2026-07-30,2026-07-30,PL-WRO-01,,VM-APP-0005,2,183.23,0.0,PLN
SO-2026-012052,1,2026-07-30,2026-07-30,PL-WRO-01,,VM-ACC-0004,2,794.03,0.0,PLN
SO-2026-012053,1,2026-07-30,2026-07-30,PL-GDN-01,C023422,VM-CMP-0013,2,539.53,0.1,PLN
SO-2026-012053,2,2026-07-30,2026-07-30,PL-GDN-01,C023422, VM-ACC-0012 ,5,73.29,0.12,PLN
SO-2026-012053,3,2026-07-30,2026-07-30,PL-GDN-01,C023422,VM-ACC-0013,4,173.05,0.1,PLN
SO-2026-012053,4,2026-07-30,2026-07-30,PL-GDN-01,C023422,VM-BIK-0007,3,7176.89,0.12,PLN
SO-2026-012054,1,2026-07-30,2026-07-30,PL-GDN-01,C020101,VM-NUT-0011,4,54.96,0.1,PLN
SO-2026-012055,1,2026-07-30,2026-07-30,PL-POZ-01,C007163,VM-NUT-0011,4,54.96,0.0,PLN
SO-2026-012056,1,2026-07-30,2026-07-30,PL-POZ-01,,VM-ACC-0004,1,794.03,0.05,PLN
SO-2026-012056,2,2026-07-30,2026-07-30,PL-POZ-01,,VM-BIK-0013,1,4886.39,0.0,PLN
SO-2026-012056,3,2026-07-30,2026-07-30,PL-POZ-01,,VM-BIK-0007,1,7176.89,0.0,PLN
SO-2026-012057,1,2026-07-30,2026-07-30,PL-POZ-01,C002067,VM-ACC-0018,1,50.89,0.0,PLN
SO-2026-012058,1,2026-07-30,2026-07-30,PL-LDZ-01,C022670,VM-APP-0010,2,173.05,0.0,PLN
SO-2026-012058,2,2026-07-30,2026-07-30,PL-LDZ-01,C022670, VM-ACC-0003 ,2,295.21,0.0,PLN
SO-2026-012059,1,2026-07-30,2026-07-30,PL-LDZ-01,,VM-EBK-0009,1,10088.37,0.0,PLN
SO-2026-012060,1,2026-07-30,2026-08-02,PL-WEB-01,C023423,VM-CMP-0013,1,539.53,0.0,PLN
SO-2026-012060,2,2026-07-30,2026-08-02,PL-WEB-01,C023423,VM-NUT-0001,13,9.15,0.0,PLN
SO-2026-012061,1,2026-07-30,2026-07-31,PL-WEB-01,C023424,VM-EBK-0011,1,14903.51,0.0,PLN
SO-2026-012062,1,2026-07-30,2026-08-02,PL-WEB-01,C016926,VM-BIK-0003,1,6657.71,0.0,PLN
SO-2026-012063,1,2026-07-30,2026-07-31,PL-WEB-01,C013579,VM-CMP-0017,1,508.99,0.0,PLN
SO-2026-012063,2,2026-07-30,2026-07-31,PL-WEB-01,C013579,VM-ACC-0008,2,407.19,0.0,PLN
SO-2026-012063,3,2026-07-30,2026-07-31,PL-WEB-01,C013579,VM-ACC-0021,1,794.03,0.0,PLN
SO-2026-012064,1,2026-07-30,2026-07-31,PL-WEB-01,C021229,VM-EBK-0004,1,11279.43,0.0,PLN
SO-2026-012064,2,2026-07-30,2026-07-31,PL-WEB-01,C021229,VM-ACC-0002,2,620.97,0.0,PLN
SO-2026-012065,1,2026-07-30,2026-08-02,PL-WEB-01,C018051,VM-NUT-0006,7,10.17,0.0,PLN
SO-2026-012066,1,2026-07-30,2026-08-02,PL-WEB-01,C023425,VM-CMP-0015,2,936.55,0.05,PLN
SO-2026-012067,1,2026-07-30,2026-08-03,PL-WEB-01,C023426,VM-ACC-0020,1,824.57,0.1,PLN
SO-2026-012068,1,2026-07-30,2026-08-01,PL-WEB-01,C020362,VM-NUT-0003,4,11.19,0.0,PLN
SO-2026-012069,1,2026-07-30,2026-08-02,PL-WEB-01,C023427,VM-APP-0013,1,447.91,0.0,PLN
SO-2026-012070,1,2026-07-30,2026-07-31,PL-WEB-01,C020848,VM-NUT-0006,11,10.17,0.05,PLN
SO-2026-012071,1,2026-07-30,2026-07-31,PL-WEB-01,C012027,VM-CMP-0017,1,508.99,0.05,PLN
SO-2026-012071,2,2026-07-30,2026-07-31,PL-WEB-01,C012027,VM-NUT-0008,5,10.17,0.05,PLN
SO-2026-012071,3,2026-07-30,2026-07-31,PL-WEB-01,C012027,VM-BIK-0001,1,13936.41,0.05,PLN
SO-2026-012072,1,2026-07-30,2026-08-01,PL-WEB-01,C021789,VM-CMP-0016,1,2504.27,0.0,PLN
SO-2026-012072,2,2026-07-30,2026-08-01,PL-WEB-01,C021789,VM-ACC-0013,1,173.05,0.0,PLN
SO-2026-012073,1,2026-07-30,2026-08-03,PL-WEB-01,C023428,VM-BIK-0013,1,4886.39,0.0,PLN
SO-2026-012073,2,2026-07-30,2026-08-03,PL-WEB-01,C023428,VM-ACC-0008,1,407.19,0.0,PLN
SO-2026-012074,1,2026-07-30,2026-08-02,PL-MKT-01,C022723,VM-CMP-0016,1,2504.27,0.0,PLN
SO-2026-012074,2,2026-07-30,2026-08-02,PL-MKT-01,C022723,VM-NUT-0002,15,15.26,0.0,PLN
SO-2026-012074,3,2026-07-30,2026-08-02,PL-MKT-01,C022723,VM-ACC-0011,2,73.29,0.0,PLN
SO-2026-012075,1,2026-07-30,2026-07-31,PL-MKT-01,C019075,VM-BIK-0012,1,12022.57,0.05,PLN
SO-2026-012075,2,2026-07-30,2026-07-31,PL-MKT-01,C019075,VM-CMP-0004,2,732.95,0.05,PLN
SO-2026-012075,3,2026-07-30,2026-07-31,PL-MKT-01,C019075,VM-APP-0008,2,162.87,0.05,PLN
SO-2026-012076,1,2026-07-30,2026-08-03,PL-MKT-01,C015708,VM-EBK-0006,1,20502.51,0.0,PLN
SO-2026-012077,1,2026-07-30,2026-08-02,PL-MKT-01,C020705,VM-NUT-0006,6,10.17,0.0,PLN
SO-2026-012078,1,2026-07-30,2026-08-01,PL-MKT-01,C019335,VM-BIK-0010,1,6433.75,0.0,PLN
SO-2026-012079,1,2026-07-30,2026-08-02,PL-MKT-01,C011206,VM-ACC-0018,2,50.89,0.05,PLN
SO-2026-012079,2,2026-07-30,2026-08-02,PL-MKT-01,C011206,VM-CMP-0013,1,539.53,0.05,PLN
SO-2026-012079,3,2026-07-30,2026-08-02,PL-MKT-01,C011206,VM-EBK-0007,1,14964.59,0.05,PLN
SO-2026-012080,1,2026-07-30,2026-08-03,PL-MKT-01,C022304,VM-BIK-0007,1,7176.89,0.0,PLN
SO-2026-012081,1,2026-07-30,2026-08-03,PL-MKT-01,C023429,VM-BIK-0006,1,6708.61,0.0,PLN
SO-2026-012081,2,2026-07-30,2026-08-03,PL-MKT-01,C023429,VM-APP-0014,1,498.81,0.1,PLN
SO-2026-012082,1,2026-07-30,2026-07-30,CZ-PRG-01,C023430,VM-BIK-0020,1,7132.0,0.0,CZK
SO-2026-012083,1,2026-07-30,2026-07-30,CZ-PRG-01,C017983,VM-NUT-0001,8,53.0,0.0,CZK
SO-2026-012083,2,2026-07-30,2026-07-30,CZ-PRG-01,C017983,VM-BIK-0007,1,41557.0,0.0,CZK
SO-2026-012084,1,2026-07-30,2026-07-30,CZ-PRG-01,C008498,VM-CMP-0002,10,3301.0,0.08,CZK
SO-2026-012085,1,2026-07-30,2026-07-30,CZ-PRG-01,,VM-EBK-0011,1,86297.0,0.0,CZK
SO-2026-012086,1,2026-07-30,2026-07-30,CZ-BRN-01,C022652,VM-NUT-0003,7,65.0,0.0,CZK
SO-2026-012087,1,2026-07-30,2026-07-31,CZ-WEB-01,C022318,VM-CMP-0013,1,3124.0,0.0,CZK
SO-2026-012087,2,2026-07-30,2026-07-31,CZ-WEB-01,C022318,VM-ACC-0008,1,2358.0,0.0,CZK
SO-2026-012087,3,2026-07-30,2026-07-31,CZ-WEB-01,C022318,VM-CMP-0009,2,2063.0,0.0,CZK
SO-2026-012087,4,2026-07-30,2026-07-31,CZ-WEB-01,C022318,VM-APP-0005,3,1061.0,0.0,CZK
SO-2026-012088,1,2026-07-30,2026-08-01,CZ-WEB-01,C023431,VM-NUT-0009,1,501.0,0.0,CZK
SO-2026-012089,1,2026-07-30,2026-08-01,CZ-WEB-01,C023432,VM-ACC-0002,2,3596.0,0.0,CZK
SO-2026-012090,1,2026-07-30,2026-07-31,CZ-WEB-01,C023268,VM-ACC-0018,2,295.0,0.05,CZK
SO-2026-012090,2,2026-07-30,2026-07-31,CZ-WEB-01,C023268,VM-APP-0013,1,2594.0,0.05,CZK
SO-2026-012090,3,2026-07-30,2026-07-31,CZ-WEB-01,C023268,VM-EBK-0008,1,89009.0,0.05,CZK
SO-2026-012091,1,2026-07-30,2026-07-31,CZ-WEB-01,C018825,VM-APP-0010,1,1002.0,0.0,CZK
SO-2026-012091,2,2026-07-30,2026-07-31,CZ-WEB-01,C018825,VM-ACC-0008,2,2358.0,0.0,CZK
SO-2026-012092,1,2026-07-30,2026-08-03,CZ-WEB-01,C019081,VM-ACC-0004,1,4598.0,0.0,CZK
SO-2026-012093,1,2026-07-30,2026-07-31,CZ-WEB-01,C019601,VM-CMP-0011,4,943.0,0.1,CZK
SO-2026-012093,2,2026-07-30,2026-07-31,CZ-WEB-01,C019601,VM-APP-0006,3,1827.0,0.1,CZK
SO-2026-012094,1,2026-07-30,2026-08-03,CZ-WEB-01,C021815,VM-NUT-0004,13,41.0,0.0,CZK
SO-2026-012094,2,2026-07-30,2026-08-03,CZ-WEB-01,C021815,VM-ACC-0022,1,9254.0,0.0,CZK
SO-2026-012095,1,2026-07-30,2026-07-30,DE-BER-01,,VM-CMP-0017,1,119.75,0.0,EUR
SO-2026-012095,2,2026-07-30,2026-07-30,DE-BER-01,,vm-nut-0007,9,3.11,0.0,EUR
SO-2026-012096,1,2026-07-30,2026-07-30,DE-BER-01,,VM-NUT-0009,2,20.35,0.0,EUR
SO-2026-012097,1,2026-07-30,2026-07-30,DE-BER-01,C011218,VM-ACC-0010,2,59.87,0.05,EUR
SO-2026-012098,1,2026-07-30,2026-07-30,DE-BER-01,C019406,VM-NUT-0006,11,2.39,0.0,EUR
SO-2026-012098,2,2026-07-30,2026-07-30,DE-BER-01,C019406,VM-ACC-0004,2,186.8,0.0,EUR
SO-2026-012099,1,2026-07-30,2026-07-31,DE-WEB-01,C023433,VM-ACC-0006,2,227.52,0.05,EUR
SO-2026-012099,2,2026-07-30,2026-07-31,DE-WEB-01,C023433,VM-CMP-0013,1,126.93,0.05,EUR
SO-2026-012099,3,2026-07-30,2026-07-31,DE-WEB-01,C023433,VM-ACC-0008,1,95.8,0.05,EUR
SO-2026-012099,4,2026-07-30,2026-07-31,DE-WEB-01,C023433,VM-ACC-0018,3,11.97,0.05,EUR
SO-2026-012100,1,2026-07-30,2026-07-31,DE-WEB-01,C019547,VM-EBK-0003,1,2177.01,0.05,EUR
SO-2026-012100,2,2026-07-30,2026-07-31,DE-WEB-01,C019547,VM-CMP-0017,1,119.75,0.05,EUR
SO-2026-012101,1,2026-07-30,2026-08-03,DE-WEB-01,C013146,VM-ACC-0020,1,193.99,0.0,EUR
SO-2026-012101,2,2026-07-30,2026-08-03,DE-WEB-01,C013146,VM-BIK-0021,1,299.37,0.0,EUR
SO-2026-012102,1,2026-07-30,2026-08-02,DE-WEB-01,C020665,VM-NUT-0002,13,3.59,0.05,EUR
SO-2026-012103,1,2026-07-30,2026-08-01,DE-WEB-01,C023434,VM-EBK-0008,1,3616.38,0.0,EUR
SO-2026-012103,2,2026-07-30,2026-08-01,DE-WEB-01,C023434,VM-ACC-0008,1,95.8,0.0,EUR
SO-2026-012104,1,2026-07-31,2026-07-31,PL-WAW-01,C021752,VM-EBK-0003,1,9253.61,0.0,PLN
SO-2026-012105,1,2026-07-31,2026-07-31,PL-WAW-01,C021301,VM-ACC-0012,1,73.29,0.05,PLN
SO-2026-012106,1,2026-07-31,2026-07-31,PL-WAW-01,C023435,VM-BIK-0021,1,1272.49,0.0,PLN
SO-2026-012106,2,2026-07-31,2026-07-31,PL-WAW-01,C023435,VM-BIK-0020,1,1231.77,0.0,PLN
SO-2026-012106,3,2026-07-31,2026-07-31,PL-WAW-01,C023435,VM-ACC-0018,2,50.89,0.0,PLN
SO-2026-012107,1,2026-07-31,2026-07-31,PL-WAW-01,,VM-EBK-0004,1,11279.43,0.05,PLN
SO-2026-012108,1,2026-07-31,2026-07-31,PL-WAW-02,C023436,VM-ACC-0010,1,254.49,0.0,PLN
SO-2026-012109,1,2026-07-31,2026-07-31,PL-WAW-02,C022037,VM-ACC-0018,2,50.89,0.0,PLN
SO-2026-012109,2,2026-07-31,2026-07-31,PL-WAW-02,C022037,VM-ACC-0016,3,29.51,0.0,PLN
SO-2026-012110,1,2026-07-31,2026-07-31,PL-WAW-02,C023437,vm-acc-0007,1,366.47,0.0,PLN
SO-2026-012111,1,2026-07-31,2026-07-31,PL-WAW-02,,VM-ACC-0008,1,407.19,0.0,PLN
SO-2026-012111,2,2026-07-31,2026-07-31,PL-WAW-02,,vm-cmp-0008,2,447.91,0.0,PLN
SO-2026-012112,1,2026-07-31,2026-07-31,PL-KRK-01,,VM-BIK-0009,1,5741.51,0.0,PLN
SO-2026-012112,2,2026-07-31,2026-07-31,PL-KRK-01,,VM-ACC-0014,1,111.97,0.0,PLN
SO-2026-012112,3,2026-07-31,2026-07-31,PL-KRK-01,,VM-ACC-0008,2,407.19,0.0,PLN
SO-2026-012112,4,2026-07-31,2026-07-31,PL-KRK-01,, VM-ACC-0019 ,1,50.89,0.0,PLN
SO-2026-012113,1,2026-07-31,2026-07-31,PL-KRK-01,C008423,VM-CMP-0005,2,1506.63,0.0,PLN
SO-2026-012113,2,2026-07-31,2026-07-31,PL-KRK-01,C008423,VM-EBK-0007,1,14964.59,0.0,PLN
SO-2026-012114,1,2026-07-31,2026-07-31,PL-KRK-01,,VM-BIK-0016,1,3654.61,0.0,PLN
SO-2026-012114,2,2026-07-31,2026-07-31,PL-KRK-01,,VM-APP-0014,1,498.81,0.0,PLN
SO-2026-012115,1,2026-07-31,2026-07-31,PL-WRO-01,C019628,VM-ACC-0002,4,620.97,0.1,PLN
SO-2026-012115,2,2026-07-31,2026-07-31,PL-WRO-01,C019628,VM-CMP-0017,5,508.99,0.08,PLN
SO-2026-012115,3,2026-07-31,2026-07-31,PL-WRO-01,C019628,VM-APP-0014,3,498.81,0.08,PLN
SO-2026-012116,1,2026-07-31,2026-07-31,PL-WRO-01,C023438,VM-ACC-0001,2,386.83,0.05,PLN
SO-2026-012117,1,2026-07-31,2026-07-31,PL-WRO-01,,VM-ACC-0012,1,73.29,0.0,PLN
SO-2026-012117,2,2026-07-31,2026-07-31,PL-WRO-01,,VM-NUT-0004,8,7.12,0.0,PLN
SO-2026-012117,3,2026-07-31,2026-07-31,PL-WRO-01,,VM-CMP-0013,1,539.53,0.0,PLN
SO-2026-012117,4,2026-07-31,2026-07-31,PL-WRO-01,,VM-ACC-0008,2,407.19,0.0,PLN
SO-2026-012118,1,2026-07-31,2026-07-31,PL-WRO-01,C023439,VM-APP-0006,3,315.57,0.0,PLN
SO-2026-012118,2,2026-07-31,2026-07-31,PL-WRO-01,C023439,VM-BIK-0003,1,6657.71,0.0,PLN
SO-2026-012119,1,2026-07-31,2026-07-31,PL-WRO-01,C023440,VM-BIK-0009,1,5741.51,0.0,PLN
SO-2026-012119,2,2026-07-31,2026-07-31,PL-WRO-01,C023440,vm-app-0014,1,498.81,0.0,PLN
SO-2026-012120,1,2026-07-31,2026-07-31,PL-GDN-01,,VM-ACC-0014,1,111.97,0.0,PLN
SO-2026-012120,2,2026-07-31,2026-07-31,PL-GDN-01,,VM-BIK-0012,1,12022.57,0.0,PLN
SO-2026-012121,1,2026-07-31,2026-07-31,PL-POZ-01,,VM-BIK-0012,1,12022.57,0.0,PLN
SO-2026-012121,2,2026-07-31,2026-07-31,PL-POZ-01,,VM-ACC-0007,1,366.47,0.0,PLN
SO-2026-012122,1,2026-07-31,2026-07-31,PL-POZ-01,C012797,VM-ACC-0014,2,111.97,0.12,PLN
SO-2026-012123,1,2026-07-31,2026-07-31,PL-LDZ-01,C023441,VM-EBK-0009,1,10088.37,0.0,PLN
SO-2026-012123,2,2026-07-31,2026-07-31,PL-LDZ-01,C023441,VM-NUT-0007,8,13.22,0.0,PLN
SO-2026-012123,3,2026-07-31,2026-07-31,PL-LDZ-01,C023441,vm-acc-0014,1,111.97,0.0,PLN
SO-2026-012124,1,2026-07-31,2026-07-31,PL-LDZ-01,,VM-ACC-0003,1,295.21,0.0,PLN
SO-2026-012125,1,2026-07-31,2026-07-31,PL-LDZ-01,,VM-EBK-0007,1,14964.59,0.0,PLN
SO-2026-012125,2,2026-07-31,2026-07-31,PL-LDZ-01,,VM-NUT-0008,12,10.17,0.0,PLN
SO-2026-012125,3,2026-07-31,2026-07-31,PL-LDZ-01,,VM-ACC-0019,1,50.89,0.0,PLN
SO-2026-012126,1,2026-07-31,2026-08-04,PL-WEB-01,C023442,VM-EBK-0002,1,10129.09,0.0,PLN
SO-2026-012126,2,2026-07-31,2026-08-04,PL-WEB-01,C023442,VM-ACC-0007,2,366.47,0.0,PLN
SO-2026-012127,1,2026-07-31,2026-08-02,PL-WEB-01,C018350,VM-BIK-0003,1,6657.71,0.0,PLN
SO-2026-012127,2,2026-07-31,2026-08-02,PL-WEB-01,C018350,VM-ACC-0008,1,407.19,0.0,PLN
SO-2026-012128,1,2026-07-31,2026-08-01,PL-WEB-01,C016653,VM-CMP-0015,1,936.55,0.0,PLN
SO-2026-012129,1,2026-07-31,2026-08-02,PL-WEB-01,C012883,VM-ACC-0018,1,50.89,0.05,PLN
SO-2026-012129,2,2026-07-31,2026-08-02,PL-WEB-01,C012883,VM-NUT-0007,5,13.22,0.05,PLN
SO-2026-012130,1,2026-07-31,2026-08-03,PL-WEB-01,C014345,VM-ACC-0021,1,794.03,0.05,PLN
SO-2026-012130,2,2026-07-31,2026-08-03,PL-WEB-01,C014345,VM-BIK-0013,1,4886.39,0.05,PLN
SO-2026-012130,3,2026-07-31,2026-08-03,PL-WEB-01,C014345,VM-EBK-0003,1,9253.61,0.05,PLN
SO-2026-012131,1,2026-07-31,2026-08-02,PL-WEB-01,C023135,VM-NUT-0009,2,86.52,0.0,PLN
SO-2026-012132,1,2026-07-31,2026-08-01,PL-WEB-01,C018017,VM-NUT-0003,15,11.19,0.0,PLN
SO-2026-012132,2,2026-07-31,2026-08-01,PL-WEB-01,C018017,VM-BIK-0017,1,1944.37,0.0,PLN
SO-2026-012133,1,2026-07-31,2026-08-01,PL-WEB-01,C020184,VM-EBK-0009,1,10088.37,0.0,PLN
SO-2026-012133,2,2026-07-31,2026-08-01,PL-WEB-01,C020184,vm-cmp-0023,2,60.05,0.0,PLN
SO-2026-012133,3,2026-07-31,2026-08-01,PL-WEB-01,C020184,VM-ACC-0018,2,50.89,0.0,PLN
SO-2026-012133,4,2026-07-31,2026-08-01,PL-WEB-01,C020184,VM-EBK-0005,1,17764.09,0.0,PLN
SO-2026-012134,1,2026-07-31,2026-08-04,PL-WEB-01,C003574,VM-ACC-0023,1,946.73,0.05,PLN
SO-2026-012135,1,2026-07-31,2026-08-03,PL-WEB-01,C016376,VM-BIK-0013,1,4886.39,0.0,PLN
SO-2026-012135,2,2026-07-31,2026-08-03,PL-WEB-01,C016376,VM-ACC-0008,2,407.19,0.0,PLN
SO-2026-012135,3,2026-07-31,2026-08-03,PL-WEB-01,C016376,VM-APP-0006,3,315.57,0.0,PLN
SO-2026-012136,1,2026-07-31,2026-08-04,PL-MKT-01,C023443,VM-NUT-0008,7,10.17,0.0,PLN
SO-2026-012136,2,2026-07-31,2026-08-04,PL-MKT-01,C023443,VM-ACC-0010,2,254.49,0.0,PLN
SO-2026-012137,1,2026-07-31,2026-08-03,PL-MKT-01,C020657,VM-EBK-0008,1,15371.79,0.0,PLN
SO-2026-012138,1,2026-07-31,2026-08-02,PL-MKT-01,C017701,VM-ACC-0008,2,407.19,0.0,PLN
SO-2026-012138,2,2026-07-31,2026-08-02,PL-MKT-01,C017701,VM-BIK-0007,1,7176.89,0.0,PLN
SO-2026-012138,3,2026-07-31,2026-08-02,PL-MKT-01,C017701,VM-EBK-0003,1,9253.61,0.0,PLN
SO-2026-012138,4,2026-07-31,2026-08-02,PL-MKT-01,C017701,VM-ACC-0007,1,366.47,0.0,PLN
SO-2026-012139,1,2026-07-31,2026-08-03,PL-MKT-01,C020699,VM-ACC-0008,1,407.19,0.0,PLN
SO-2026-012140,1,2026-07-31,2026-07-31,CZ-PRG-01,C016760,VM-CMP-0006,2,1179.0,0.05,CZK
SO-2026-012140,2,2026-07-31,2026-07-31,CZ-PRG-01,C016760,VM-CMP-0014,1,2535.0,0.05,CZK
SO-2026-012141,1,2026-07-31,2026-07-31,CZ-PRG-01,,VM-ACC-0008,1,2358.0,0.0,CZK
SO-2026-012141,2,2026-07-31,2026-07-31,CZ-PRG-01,,VM-ACC-0001,2,2240.0,0.0,CZK
SO-2026-012142,1,2026-07-31,2026-07-31,CZ-PRG-01,C023444,VM-EBK-0007,1,86651.0,0.0,CZK
SO-2026-012142,2,2026-07-31,2026-07-31,CZ-PRG-01,C023444,VM-ACC-0003,2,1709.0,0.0,CZK
SO-2026-012142,3,2026-07-31,2026-07-31,CZ-PRG-01,C023444,VM-ACC-0008,2,2358.0,0.0,CZK
SO-2026-012142,4,2026-07-31,2026-07-31,CZ-PRG-01,C023444,VM-CMP-0023,3,348.0,0.0,CZK
SO-2026-012143,1,2026-07-31,2026-07-31,CZ-PRG-01,C023445,VM-APP-0006,2,1827.0,0.0,CZK
SO-2026-012143,2,2026-07-31,2026-07-31,CZ-PRG-01,C023445,VM-ACC-0004,2,4598.0,0.0,CZK
SO-2026-012144,1,2026-07-31,2026-07-31,CZ-BRN-01,,VM-ACC-0014,1,648.0,0.0,CZK
SO-2026-012145,1,2026-07-31,2026-07-31,DE-BER-01,C007106,VM-APP-0008,10,38.32,0.08,EUR
SO-2026-012145,2,2026-07-31,2026-07-31,DE-BER-01,C007106,VM-APP-0010,10,40.71,0.08,EUR
SO-2026-012145,3,2026-07-31,2026-07-31,DE-BER-01,C007106,VM-CMP-0005,3,354.45,0.1,EUR
SO-2026-012145,4,2026-07-31,2026-07-31,DE-BER-01,C007106,VM-CMP-0017,5,119.75,0.12,EUR
SO-2026-012146,1,2026-07-31,2026-07-31,DE-BER-01,,VM-APP-0002,2,105.38,0.0,EUR
SO-2026-012147,1,2026-07-31,2026-07-31,DE-BER-01,,VM-NUT-0004,11,1.67,0.0,EUR
SO-2026-012148,1,2026-07-31,2026-07-31,DE-BER-01,,VM-EBK-0004,1,2653.61,0.0,EUR
SO-2026-012149,1,2026-07-31,2026-08-03,DE-WEB-01,C014385,VM-NUT-0011,1,12.93,0.0,EUR
SO-2026-012149,2,2026-07-31,2026-08-03,DE-WEB-01,C014385,VM-APP-0012,1,208.36,0.0,EUR
SO-2026-012150,1,2026-07-31,2026-08-04,DE-WEB-01,C023317,VM-ACC-0010,2,59.87,0.1,EUR
SO-2026-012151,1,2026-07-31,2026-08-02,DE-WEB-01,C023446,VM-BIK-0022,1,335.29,0.0,EUR
SO-2026-012151,2,2026-07-31,2026-08-02,DE-WEB-01,C023446,VM-NUT-0007,8,3.11,0.0,EUR
SO-2026-012152,1,2026-07-31,2026-08-04,DE-WEB-01,C023447,VM-ACC-0008,1,95.8,0.0,EUR
SO-2026-012153,1,2026-07-31,2026-08-01,DE-WEB-01,C023448,VM-NUT-0007,7,3.11,0.0,EUR
SO-2026-012154,1,2026-07-31,2026-08-03,DE-WEB-01,C020806,VM-CMP-0023,2,14.13,0.0,EUR
SO-2026-012154,2,2026-07-31,2026-08-03,DE-WEB-01,C020806,VM-EBK-0010,1,3230.79,0.0,EUR
SO-2026-012154,3,2026-07-31,2026-08-03,DE-WEB-01,C020806,VM-BIK-0004,1,1022.64,0.0,EUR
SO-2026-012154,4,2026-07-31,2026-08-03,DE-WEB-01,C020806,VM-APP-0008,2,38.32,0.0,EUR
SO-2026-012155,1,2026-07-31,2026-08-01,DE-WEB-01,C022973,VM-BIK-0007,1,1688.44,0.0,EUR
