ReturnID,OrderID,LineNo,ReturnDate,ReturnQty,Reason
RT-000001,SO-2023-000015,1,2023-01-03,1,Wrong size
RT-000002,SO-2023-000002,2,2023-01-04,1,Damaged in transit
RT-000003,SO-2023-000024,1,2023-01-05,1,Changed mind
RT-000004,SO-2023-000065,1,2023-01-06,1,Changed mind
RT-000005,SO-2023-000074,1,2023-01-07,1,Wrong size
RT-000006,SO-2023-000002,1,2023-01-08,2,Defective
RT-000007,SO-2023-000042,1,2023-01-08,1,Changed mind
RT-000008,SO-2023-000138,2,2023-01-12,1,Wrong size
RT-000009,SO-2023-000165,3,2023-01-12,1,Wrong size
RT-000010,SO-2023-000075,1,2023-01-13,1,Defective
RT-000011,SO-2023-000033,2,2023-01-17,1,Changed mind
RT-000012,SO-2023-000067,1,2023-01-17,1,Defective
RT-000013,SO-2023-000126,2,2023-01-17,1,Not as described
RT-000014,SO-2023-000321,2,2023-01-17,1,Wrong size
RT-000015,SO-2023-000100,1,2023-01-18,1,Changed mind
RT-000016,SO-2023-000207,1,2023-01-19,1,Wrong size
RT-000017,SO-2023-000211,2,2023-01-22,2,Wrong size
RT-000018,SO-2023-000078,1,2023-01-23,1,Damaged in transit
RT-000019,SO-2023-000026,1,2023-01-24,1,Defective
RT-000020,SO-2023-000150,1,2023-01-25,1,Wrong size
RT-000021,SO-2023-000085,1,2023-01-26,1,Not as described
RT-000022,SO-2023-000354,1,2023-01-26,2,Wrong size
RT-000023,SO-2023-000410,3,2023-01-26,1,Wrong size
RT-000024,SO-2023-000047,1,2023-01-28,1,Wrong size
RT-000025,SO-2023-000301,1,2023-01-28,7,Wrong size
RT-000026,SO-2023-000044,2,2023-01-29,3,Defective
RT-000027,SO-2023-000077,2,2023-01-29,2,Wrong size
RT-000028,SO-2023-000306,1,2023-01-29,1,Changed mind
RT-000029,SO-2023-000099,1,2023-01-30,1,Damaged in transit
RT-000030,SO-2023-000121,3,2023-01-30,1,Changed mind
RT-000031,SO-2023-000315,3,2023-01-30,1,Wrong size
RT-000032,SO-2023-000025,1,2023-01-31,1,Changed mind
RT-000033,SO-2023-000117,2,2023-01-31,1,Defective
RT-000034,SO-2023-000176,1,2023-01-31,10,Wrong size
RT-000035,SO-2023-000222,1,2023-02-02,1,Defective
RT-000036,SO-2023-000252,1,2023-02-02,1,Wrong size
RT-000037,SO-2023-000342,2,2023-02-02,1,Damaged in transit
RT-000038,SO-2023-000171,2,2023-02-03,2,Defective
RT-000039,SO-2023-000535,1,2023-02-03,1,Defective
RT-000040,SO-2023-000201,2,2023-02-04,1,Changed mind
RT-000041,SO-2023-000349,4,2023-02-04,1,Wrong size
RT-000042,SO-2023-000668,3,2023-02-04,1,Not as described
RT-000043,SO-2023-000419,2,2023-02-05,3,Not as described
RT-000044,SO-2023-000175,1,2023-02-06,1,Not as described
RT-000045,SO-2023-000296,2,2023-02-06,1,Changed mind
RT-000046,SO-2023-000315,4,2023-02-06,2,Not as described
RT-000047,SO-2023-000353,2,2023-02-06,1,Defective
RT-000048,SO-2023-000653,2,2023-02-06,1,Not as described
RT-000049,SO-2023-000351,1,2023-02-07,1,Wrong size
RT-000050,SO-2023-000607,1,2023-02-07,2,Changed mind
RT-000051,SO-2023-000380,1,2023-02-08,1,Defective
RT-000052,SO-2023-000512,1,2023-02-08,2,Changed mind
RT-000053,SO-2023-000336,3,2023-02-09,3,Defective
RT-000054,SO-2023-000444,1,2023-02-09,2,Defective
RT-000055,SO-2023-000325,2,2023-02-10,1,Wrong size
RT-000056,SO-2023-000753,1,2023-02-10,1,Damaged in transit
RT-000057,SO-2023-000345,3,2023-02-11,1,Not as described
RT-000058,SO-2023-000537,1,2023-02-12,1,Changed mind
RT-000059,SO-2023-000632,2,2023-02-12,1,Defective
RT-000060,SO-2023-000683,1,2023-02-12,1,Changed mind
RT-000061,SO-2023-000385,1,2023-02-13,1,Changed mind
RT-000062,SO-2023-000808,3,2023-02-13,3,Defective
RT-000063,SO-2023-000619,1,2023-02-15,1,Changed mind
RT-000064,SO-2023-000636,2,2023-02-15,2,Not as described
RT-000065,SO-2023-000752,1,2023-02-15,1,Not as described
RT-000066,SO-2023-000669,2,2023-02-16,2,Defective
RT-000067,SO-2023-000486,1,2023-02-17,1,Wrong size
RT-000068,SO-2023-000632,1,2023-02-17,2,Defective
RT-000069,SO-2023-000923,1,2023-02-17,3,Defective
RT-000070,SO-2023-000944,1,2023-02-17,2,Not as described
RT-000071,SO-2023-000990,3,2023-02-17,1,Changed mind
RT-000072,SO-2023-000549,1,2023-02-18,1,Wrong size
RT-000073,SO-2023-000781,1,2023-02-18,1,Not as described
RT-000074,SO-2023-000945,3,2023-02-18,1,Wrong size
RT-000075,SO-2023-000478,1,2023-02-20,1,Wrong size
RT-000076,SO-2023-000702,1,2023-02-20,1,Changed mind
RT-000077,SO-2023-000600,1,2023-02-21,1,Wrong size
RT-000078,SO-2023-000939,1,2023-02-21,1,Wrong size
RT-000079,SO-2023-001017,2,2023-02-21,3,Changed mind
RT-000080,SO-2023-000499,1,2023-02-22,1,Defective
RT-000081,SO-2023-000622,3,2023-02-22,1,Wrong size
RT-000082,SO-2023-000787,1,2023-02-22,2,Wrong size
RT-000083,SO-2023-000818,2,2023-02-22,1,Changed mind
RT-000084,SO-2023-000978,1,2023-02-22,1,Wrong size
RT-000085,SO-2023-001113,2,2023-02-22,1,Changed mind
RT-000086,SO-2023-000553,1,2023-02-23,1,Not as described
RT-000087,SO-2023-001001,1,2023-02-24,1,Defective
RT-000088,SO-2023-001008,1,2023-02-24,1,Not as described
RT-000089,SO-2023-000935,1,2023-02-25,1,Changed mind
RT-000090,SO-2023-001108,1,2023-02-25,2,Changed mind
RT-000091,SO-2023-000693,1,2023-02-26,1,Wrong size
RT-000092,SO-2023-000975,3,2023-02-26,3,Wrong size
RT-000093,SO-2023-001090,1,2023-02-26,2,Not as described
RT-000094,SO-2023-000731,1,2023-02-27,1,Changed mind
RT-000095,SO-2023-000766,2,2023-02-28,1,Not as described
RT-000096,SO-2023-000792,1,2023-02-28,5,Wrong size
RT-000097,SO-2023-001276,2,2023-02-28,2,Not as described
RT-000098,SO-2023-000606,1,2023-03-01,1,Defective
RT-000099,SO-2023-001196,2,2023-03-01,1,Wrong size
RT-000100,SO-2023-000762,1,2023-03-02,1,Damaged in transit
RT-000101,SO-2023-000835,1,2023-03-02,1,Damaged in transit
RT-000102,SO-2023-000957,1,2023-03-02,1,Changed mind
RT-000103,SO-2023-001113,1,2023-03-02,1,Damaged in transit
RT-000104,SO-2023-000647,2,2023-03-03,1,Changed mind
RT-000105,SO-2023-001269,3,2023-03-03,1,Damaged in transit
RT-000106,SO-2023-001317,1,2023-03-03,1,Wrong size
RT-000107,SO-2023-000670,2,2023-03-04,1,Changed mind
RT-000108,SO-2023-000851,2,2023-03-04,1,Defective
RT-000109,SO-2023-000894,2,2023-03-04,3,Wrong size
RT-000110,SO-2023-001224,1,2023-03-04,2,Changed mind
RT-000111,SO-2023-001377,2,2023-03-04,7,Changed mind
RT-000112,SO-2023-000820,1,2023-03-05,1,Defective
RT-000113,SO-2023-000849,2,2023-03-05,1,Not as described
RT-000114,SO-2023-000989,4,2023-03-05,1,Wrong size
RT-000115,SO-2023-001259,1,2023-03-05,1,Changed mind
RT-000116,SO-2023-000929,1,2023-03-06,1,Changed mind
RT-000117,SO-2023-001279,2,2023-03-06,1,Changed mind
RT-000118,SO-2023-000786,1,2023-03-07,1,Defective
RT-000119,SO-2023-001127,1,2023-03-07,2,Changed mind
RT-000120,SO-2023-000756,1,2023-03-08,1,Wrong size
RT-000121,SO-2023-000763,1,2023-03-08,1,Changed mind
RT-000122,SO-2023-001319,2,2023-03-09,1,Defective
RT-000123,SO-2023-001583,2,2023-03-09,1,Changed mind
RT-000124,SO-2023-001206,2,2023-03-10,1,Changed mind
RT-000125,SO-2023-001463,3,2023-03-10,2,Changed mind
RT-000126,SO-2023-001229,3,2023-03-12,2,Wrong size
RT-000127,SO-2023-001394,1,2023-03-12,1,Not as described
RT-000128,SO-2023-001505,3,2023-03-12,1,Defective
RT-000129,SO-2023-001059,2,2023-03-13,1,Not as described
RT-000130,SO-2023-001191,2,2023-03-13,2,Wrong size
RT-000131,SO-2023-001504,3,2023-03-13,1,Damaged in transit
RT-000132,SO-2023-001642,1,2023-03-13,2,Changed mind
RT-000133,SO-2023-000906,1,2023-03-14,2,Damaged in transit
RT-000134,SO-2023-001368,3,2023-03-14,1,Changed mind
RT-000135,SO-2023-001697,2,2023-03-14,1,Damaged in transit
RT-000136,SO-2023-001749,3,2023-03-14,1,Wrong size
RT-000137,SO-2023-001766,1,2023-03-14,1,Wrong size
RT-000138,SO-2023-000954,1,2023-03-15,1,Not as described
RT-000139,SO-2023-001491,1,2023-03-15,2,Defective
RT-000140,SO-2023-001603,1,2023-03-15,1,Changed mind
RT-000141,SO-2023-001269,1,2023-03-16,1,Wrong size
RT-000142,SO-2023-001441,2,2023-03-16,1,Damaged in transit
RT-000143,SO-2023-001737,1,2023-03-16,3,Wrong size
RT-000144,SO-2023-001564,3,2023-03-17,1,Not as described
RT-000145,SO-2023-001647,2,2023-03-17,1,Damaged in transit
RT-000146,SO-2023-001742,1,2023-03-17,1,Changed mind
RT-000147,SO-2023-001031,1,2023-03-18,1,Changed mind
RT-000148,SO-2023-001558,2,2023-03-18,1,Not as described
RT-000149,SO-2023-001632,1,2023-03-18,1,Wrong size
RT-000150,SO-2023-001396,3,2023-03-19,1,Changed mind
RT-000151,SO-2023-001789,1,2023-03-19,7,Damaged in transit
RT-000152,SO-2023-001262,1,2023-03-20,1,Wrong size
RT-000153,SO-2023-001582,1,2023-03-20,4,Damaged in transit
RT-000154,SO-2023-001757,3,2023-03-20,1,Not as described
RT-000155,SO-2023-001205,1,2023-03-21,2,Not as described
RT-000156,SO-2023-001760,1,2023-03-21,1,Changed mind
RT-000157,SO-2023-001767,1,2023-03-21,1,Defective
RT-000158,SO-2023-001196,3,2023-03-22,1,Changed mind
RT-000159,SO-2023-001265,4,2023-03-22,1,Wrong size
RT-000160,SO-2023-001989,1,2023-03-22,2,Changed mind
RT-000161,SO-2023-001246,1,2023-03-23,1,Changed mind
RT-000162,SO-2023-001581,1,2023-03-23,1,Defective
RT-000163,SO-2023-001678,3,2023-03-23,1,Defective
RT-000164,SO-2023-001793,3,2023-03-23,1,Not as described
RT-000165,SO-2023-001249,2,2023-03-24,1,Wrong size
RT-000166,SO-2023-001511,1,2023-03-24,1,Wrong size
RT-000167,SO-2023-001630,1,2023-03-24,1,Not as described
RT-000168,SO-2023-001412,1,2023-03-25,1,Defective
RT-000169,SO-2023-001882,3,2023-03-25,1,Wrong size
RT-000170,SO-2023-002159,1,2023-03-25,1,Damaged in transit
RT-000171,SO-2023-001461,1,2023-03-26,2,Wrong size
RT-000172,SO-2023-001634,1,2023-03-26,2,Changed mind
RT-000173,SO-2023-001460,1,2023-03-27,1,Defective
RT-000174,SO-2023-001601,2,2023-03-28,1,Changed mind
RT-000175,SO-2023-002154,1,2023-03-28,1,Defective
RT-000176,SO-2023-002158,1,2023-03-28,1,Wrong size
RT-000177,SO-2023-002128,2,2023-03-29,1,Defective
RT-000178,SO-2023-001374,3,2023-03-30,1,Defective
RT-000179,SO-2023-001721,2,2023-03-30,2,Not as described
RT-000180,SO-2023-001777,1,2023-03-30,2,Not as described
RT-000181,SO-2023-001822,1,2023-03-30,1,Changed mind
RT-000182,SO-2023-002242,1,2023-03-30,1,Wrong size
RT-000183,SO-2023-001502,1,2023-04-01,1,Changed mind
RT-000184,SO-2023-001903,2,2023-04-01,2,Changed mind
RT-000185,SO-2023-002263,2,2023-04-01,1,Wrong size
RT-000186,SO-2023-002355,1,2023-04-01,1,Changed mind
RT-000187,SO-2023-001666,2,2023-04-02,1,Wrong size
RT-000188,SO-2023-002072,2,2023-04-02,1,Wrong size
RT-000189,SO-2023-002284,1,2023-04-02,1,Wrong size
RT-000190,SO-2023-001904,2,2023-04-03,1,Wrong size
RT-000191,SO-2023-001958,3,2023-04-03,2,Wrong size
RT-000192,SO-2023-001588,1,2023-04-04,1,Wrong size
RT-000193,SO-2023-001773,2,2023-04-04,1,Wrong size
RT-000194,SO-2023-001789,2,2023-04-04,1,Wrong size
RT-000195,SO-2023-001990,1,2023-04-04,1,Changed mind
RT-000196,SO-2023-002175,3,2023-04-04,1,Wrong size
RT-000197,SO-2023-001683,1,2023-04-05,1,Wrong size
RT-000198,SO-2023-002039,1,2023-04-05,5,Not as described
RT-000199,SO-2023-002047,2,2023-04-05,1,Wrong size
RT-000200,SO-2023-002188,2,2023-04-05,1,Changed mind
RT-000201,SO-2023-002231,2,2023-04-05,1,Wrong size
RT-000202,SO-2023-002486,3,2023-04-05,1,Changed mind
RT-000203,SO-2023-001888,1,2023-04-06,1,Defective
RT-000204,SO-2023-002228,2,2023-04-06,1,Defective
RT-000205,SO-2023-001877,1,2023-04-07,1,Wrong size
RT-000206,SO-2023-002223,1,2023-04-07,1,Not as described
RT-000207,SO-2023-002227,1,2023-04-07,1,Not as described
RT-000208,SO-2023-002311,1,2023-04-07,1,Defective
RT-000209,SO-2023-001985,1,2023-04-08,1,Wrong size
RT-000210,SO-2023-002675,1,2023-04-08,1,Damaged in transit
RT-000211,SO-2023-001849,1,2023-04-09,1,Changed mind
RT-000212,SO-2023-002068,2,2023-04-09,1,Defective
RT-000213,SO-2023-002072,1,2023-04-10,3,Wrong size
RT-000214,SO-2023-002161,1,2023-04-10,3,Wrong size
RT-000215,SO-2023-002285,1,2023-04-10,2,Defective
RT-000216,SO-2023-002804,1,2023-04-10,1,Changed mind
RT-000217,SO-2023-001947,3,2023-04-11,1,Changed mind
RT-000218,SO-2023-002185,2,2023-04-11,1,Not as described
RT-000219,SO-2023-002217,1,2023-04-11,1,Wrong size
RT-000220,SO-2023-002318,3,2023-04-11,1,Wrong size
RT-000221,SO-2023-002479,1,2023-04-11,2,Wrong size
RT-000222,SO-2023-001793,2,2023-04-12,3,Defective
RT-000223,SO-2023-001878,2,2023-04-12,1,Defective
RT-000224,SO-2023-002356,1,2023-04-13,1,Defective
RT-000225,SO-2023-002527,1,2023-04-13,2,Not as described
RT-000226,SO-2023-002833,1,2023-04-13,2,Wrong size
RT-000227,SO-2023-001855,1,2023-04-14,1,Not as described
RT-000228,SO-2023-002442,2,2023-04-14,1,Defective
RT-000229,SO-2023-002736,1,2023-04-14,1,Changed mind
RT-000230,SO-2023-002873,1,2023-04-14,1,Wrong size
RT-000231,SO-2023-002962,1,2023-04-14,1,Changed mind
RT-000232,SO-2023-002188,1,2023-04-15,2,Wrong size
RT-000233,SO-2023-002758,1,2023-04-15,1,Wrong size
RT-000234,SO-2023-002699,1,2023-04-16,4,Defective
RT-000235,SO-2023-001952,1,2023-04-17,1,Wrong size
RT-000236,SO-2023-002139,1,2023-04-17,1,Changed mind
RT-000237,SO-2023-002811,1,2023-04-17,1,Wrong size
RT-000238,SO-2023-002933,1,2023-04-17,1,Wrong size
RT-000239,SO-2023-003046,1,2023-04-17,1,Changed mind
RT-000240,SO-2023-003069,1,2023-04-17,1,Changed mind
RT-000241,SO-2023-003100,4,2023-04-17,1,Wrong size
RT-000242,SO-2023-002412,2,2023-04-18,2,Changed mind
RT-000243,SO-2023-002413,1,2023-04-18,1,Defective
RT-000244,SO-2023-002586,1,2023-04-18,1,Changed mind
RT-000245,SO-2023-003209,2,2023-04-18,1,Wrong size
RT-000246,SO-2023-002398,2,2023-04-19,1,Wrong size
RT-000247,SO-2023-002247,2,2023-04-20,2,Changed mind
RT-000248,SO-2023-002397,2,2023-04-20,2,Defective
RT-000249,SO-2023-002557,1,2023-04-20,2,Changed mind
RT-000250,SO-2023-002843,3,2023-04-20,1,Damaged in transit
RT-000251,SO-2023-003160,2,2023-04-20,1,Wrong size
RT-000252,SO-2023-002581,1,2023-04-21,1,Changed mind
RT-000253,SO-2023-002858,1,2023-04-21,4,Damaged in transit
RT-000254,SO-2023-002522,2,2023-04-22,1,Defective
RT-000255,SO-2023-002800,1,2023-04-22,1,Defective
RT-000256,SO-2023-003099,1,2023-04-22,2,Changed mind
RT-000257,SO-2023-003410,3,2023-04-22,1,Changed mind
RT-000258,SO-2023-002440,2,2023-04-23,2,Wrong size
RT-000259,SO-2023-002924,1,2023-04-23,1,Wrong size
RT-000260,SO-2023-003122,1,2023-04-23,1,Defective
RT-000261,SO-2023-003292,1,2023-04-23,2,Wrong size
RT-000262,SO-2023-003309,2,2023-04-23,1,Wrong size
RT-000263,SO-2023-002262,1,2023-04-24,1,Defective
RT-000264,SO-2023-002569,2,2023-04-24,2,Not as described
RT-000265,SO-2023-002849,1,2023-04-24,1,Damaged in transit
RT-000266,SO-2023-002931,1,2023-04-24,1,Defective
RT-000267,SO-2023-003148,1,2023-04-24,1,Defective
RT-000268,SO-2023-003213,1,2023-04-24,1,Defective
RT-000269,SO-2023-003258,1,2023-04-24,1,Wrong size
RT-000270,SO-2023-002404,1,2023-04-25,1,Not as described
RT-000271,SO-2023-002440,4,2023-04-25,1,Damaged in transit
RT-000272,SO-2023-002590,1,2023-04-25,1,Wrong size
RT-000273,SO-2023-003041,1,2023-04-25,1,Defective
RT-000274,SO-2023-002642,1,2023-04-26,1,Defective
RT-000275,SO-2023-003202,1,2023-04-26,1,Wrong size
RT-000276,SO-2023-003280,2,2023-04-26,1,Wrong size
RT-000277,SO-2023-003370,3,2023-04-26,1,Not as described
RT-000278,SO-2023-003562,1,2023-04-26,1,Damaged in transit
RT-000279,SO-2023-002545,2,2023-04-27,1,Damaged in transit
RT-000280,SO-2023-002677,1,2023-04-27,1,Changed mind
RT-000281,SO-2023-002744,3,2023-04-27,1,Damaged in transit
RT-000282,SO-2023-002755,1,2023-04-27,1,Wrong size
RT-000283,SO-2023-002911,1,2023-04-27,1,Defective
RT-000284,SO-2023-003068,1,2023-04-27,1,Defective
RT-000285,SO-2023-003388,1,2023-04-27,1,Changed mind
RT-000286,SO-2023-002379,2,2023-04-28,1,Changed mind
RT-000287,SO-2023-002410,4,2023-04-28,1,Wrong size
RT-000288,SO-2023-002667,1,2023-04-28,1,Changed mind
RT-000289,SO-2023-002777,1,2023-04-28,1,Defective
RT-000290,SO-2023-002788,2,2023-04-28,2,Changed mind
RT-000291,SO-2023-002553,2,2023-04-29,1,Defective
RT-000292,SO-2023-002648,2,2023-04-29,1,Defective
RT-000293,SO-2023-002831,1,2023-04-29,1,Damaged in transit
RT-000294,SO-2023-003021,1,2023-04-29,2,Damaged in transit
RT-000295,SO-2023-003266,1,2023-04-29,1,Defective
RT-000296,SO-2023-002441,1,2023-04-30,1,Wrong size
RT-000297,SO-2023-002884,1,2023-04-30,1,Defective
RT-000298,SO-2023-003256,1,2023-04-30,2,Wrong size
RT-000299,SO-2023-003496,1,2023-04-30,1,Not as described
RT-000300,SO-2023-002908,1,2023-05-01,1,Changed mind
RT-000301,SO-2023-003389,2,2023-05-01,1,Wrong size
RT-000302,SO-2023-003011,2,2023-05-02,1,Wrong size
RT-000303,SO-2023-003033,2,2023-05-02,1,Defective
RT-000304,SO-2023-003058,1,2023-05-02,1,Wrong size
RT-000305,SO-2023-003241,2,2023-05-02,1,Changed mind
RT-000306,SO-2023-003450,1,2023-05-02,2,Wrong size
RT-000307,SO-2023-003493,3,2023-05-02,1,Wrong size
RT-000308,SO-2023-002765,2,2023-05-03,2,Damaged in transit
RT-000309,SO-2023-003136,1,2023-05-03,1,Changed mind
RT-000310,SO-2023-003343,1,2023-05-03,1,Wrong size
RT-000311,SO-2023-003852,4,2023-05-03,1,Defective
RT-000312,SO-2023-002856,4,2023-05-04,2,Wrong size
RT-000313,SO-2023-002875,1,2023-05-04,1,Defective
RT-000314,SO-2023-003323,3,2023-05-04,3,Defective
RT-000315,SO-2023-003367,2,2023-05-04,1,Defective
RT-000316,SO-2023-002638,2,2023-05-05,1,Wrong size
RT-000317,SO-2023-002910,1,2023-05-05,1,Wrong size
RT-000318,SO-2023-002998,4,2023-05-05,1,Changed mind
RT-000319,SO-2023-003510,2,2023-05-05,1,Wrong size
RT-000320,SO-2023-003512,1,2023-05-05,2,Not as described
RT-000321,SO-2023-003711,2,2023-05-05,1,Changed mind
RT-000322,SO-2023-003816,2,2023-05-05,1,Changed mind
RT-000323,SO-2023-003833,1,2023-05-05,1,Changed mind
RT-000324,SO-2023-003013,1,2023-05-06,3,Changed mind
RT-000325,SO-2023-003131,1,2023-05-06,3,Wrong size
RT-000326,SO-2023-003641,3,2023-05-06,1,Not as described
RT-000327,SO-2023-003008,4,2023-05-07,1,Changed mind
RT-000328,SO-2023-003203,2,2023-05-07,1,Damaged in transit
RT-000329,SO-2023-003259,1,2023-05-08,1,Defective
RT-000330,SO-2023-003600,1,2023-05-08,3,Wrong size
RT-000331,SO-2023-003764,1,2023-05-08,1,Changed mind
RT-000332,SO-2023-003955,2,2023-05-08,1,Defective
RT-000333,SO-2023-003995,2,2023-05-08,1,Changed mind
RT-000334,SO-2023-004047,2,2023-05-08,2,Damaged in transit
RT-000335,SO-2023-004056,2,2023-05-08,1,Not as described
RT-000336,SO-2023-003358,2,2023-05-09,1,Changed mind
RT-000337,SO-2023-003676,1,2023-05-09,1,Defective
RT-000338,SO-2023-003879,1,2023-05-09,1,Not as described
RT-000339,SO-2023-003171,2,2023-05-10,1,Wrong size
RT-000340,SO-2023-003302,1,2023-05-10,1,Damaged in transit
RT-000341,SO-2023-003401,2,2023-05-10,1,Wrong size
RT-000342,SO-2023-003524,1,2023-05-10,2,Damaged in transit
RT-000343,SO-2023-003814,3,2023-05-10,1,Defective
RT-000344,SO-2023-003938,3,2023-05-10,1,Changed mind
RT-000345,SO-2023-003994,1,2023-05-10,5,Not as described
RT-000346,SO-2023-002941,1,2023-05-11,1,Defective
RT-000347,SO-2023-003084,1,2023-05-11,1,Defective
RT-000348,SO-2023-003260,1,2023-05-11,2,Wrong size
RT-000349,SO-2023-003318,2,2023-05-11,1,Not as described
RT-000350,SO-2023-003489,1,2023-05-11,1,Not as described
RT-000351,SO-2023-004287,1,2023-05-11,1,Wrong size
RT-000352,SO-2023-003102,2,2023-05-12,3,Wrong size
RT-000353,SO-2023-003120,1,2023-05-12,2,Not as described
RT-000354,SO-2023-003293,2,2023-05-12,1,Damaged in transit
RT-000355,SO-2023-003414,1,2023-05-12,2,Wrong size
RT-000356,SO-2023-003651,1,2023-05-12,9,Defective
RT-000357,SO-2023-003962,2,2023-05-12,1,Defective
RT-000358,SO-2023-004074,3,2023-05-12,1,Wrong size
RT-000359,SO-2023-004410,1,2023-05-12,5,Damaged in transit
RT-000360,SO-2023-003473,1,2023-05-13,1,Changed mind
RT-000361,SO-2023-003239,1,2023-05-14,2,Defective
RT-000362,SO-2023-003383,3,2023-05-14,1,Changed mind
RT-000363,SO-2023-003424,1,2023-05-14,3,Wrong size
RT-000364,SO-2023-003747,1,2023-05-14,1,Wrong size
RT-000365,SO-2023-003822,2,2023-05-14,1,Not as described
RT-000366,SO-2023-003898,1,2023-05-14,1,Changed mind
RT-000367,SO-2023-003935,3,2023-05-14,1,Defective
RT-000368,SO-2023-004256,2,2023-05-14,1,Not as described
RT-000369,SO-2023-004269,2,2023-05-14,1,Changed mind
RT-000370,SO-2023-004469,1,2023-05-14,2,Changed mind
RT-000371,SO-2023-004517,1,2023-05-14,2,Not as described
RT-000372,SO-2023-003198,3,2023-05-15,1,Changed mind
RT-000373,SO-2023-003455,1,2023-05-15,1,Defective
RT-000374,SO-2023-003929,2,2023-05-15,1,Changed mind
RT-000375,SO-2023-004316,1,2023-05-15,1,Not as described
RT-000376,SO-2023-004377,3,2023-05-15,1,Changed mind
RT-000377,SO-2023-003579,1,2023-05-16,1,Damaged in transit
RT-000378,SO-2023-003861,1,2023-05-16,1,Defective
RT-000379,SO-2023-003898,3,2023-05-16,1,Wrong size
RT-000380,SO-2023-004107,2,2023-05-16,1,Changed mind
RT-000381,SO-2023-003311,1,2023-05-17,1,Changed mind
RT-000382,SO-2023-003598,1,2023-05-17,1,Changed mind
RT-000383,SO-2023-004473,1,2023-05-18,3,Wrong size
RT-000384,SO-2023-004597,4,2023-05-18,1,Changed mind
RT-000385,SO-2023-003389,1,2023-05-19,1,Wrong size
RT-000386,SO-2023-004058,1,2023-05-19,1,Changed mind
RT-000387,SO-2023-004190,3,2023-05-19,1,Defective
RT-000388,SO-2023-004209,1,2023-05-19,2,Defective
RT-000389,SO-2023-004245,1,2023-05-19,1,Wrong size
RT-000390,SO-2023-004307,3,2023-05-19,1,Wrong size
RT-000391,SO-2023-004446,1,2023-05-19,1,Defective
RT-000392,SO-2023-004516,1,2023-05-19,1,Damaged in transit
RT-000393,SO-2023-003474,1,2023-05-20,1,Defective
RT-000394,SO-2023-003673,3,2023-05-20,1,Changed mind
RT-000395,SO-2023-004642,1,2023-05-20,1,Changed mind
RT-000396,SO-2023-004730,1,2023-05-20,1,Damaged in transit
RT-000397,SO-2023-003477,2,2023-05-21,1,Defective
RT-000398,SO-2023-003743,3,2023-05-21,1,Changed mind
RT-000399,SO-2023-003922,2,2023-05-21,1,Defective
RT-000400,SO-2023-003961,1,2023-05-21,1,Not as described
RT-000401,SO-2023-004249,1,2023-05-21,2,Wrong size
RT-000402,SO-2023-004324,1,2023-05-21,3,Defective
RT-000403,SO-2023-004447,2,2023-05-21,1,Not as described
RT-000404,SO-2023-004672,2,2023-05-21,2,Defective
RT-000405,SO-2023-003523,1,2023-05-22,1,Changed mind
RT-000406,SO-2023-003885,2,2023-05-22,1,Defective
RT-000407,SO-2023-003955,1,2023-05-22,1,Wrong size
RT-000408,SO-2023-004767,1,2023-05-23,1,Defective
RT-000409,SO-2023-004102,2,2023-05-24,1,Wrong size
RT-000410,SO-2023-004195,2,2023-05-24,1,Defective
RT-000411,SO-2023-004236,1,2023-05-24,1,Defective
RT-000412,SO-2023-004367,1,2023-05-24,1,Wrong size
RT-000413,SO-2023-004648,2,2023-05-24,2,Wrong size
RT-000414,SO-2023-004933,1,2023-05-24,1,Defective
RT-000415,SO-2023-003660,2,2023-05-25,1,Changed mind
RT-000416,SO-2023-003903,4,2023-05-25,1,Changed mind
RT-000417,SO-2023-004542,3,2023-05-25,1,Changed mind
RT-000418,SO-2023-004975,3,2023-05-25,1,Changed mind
RT-000419,SO-2023-005052,1,2023-05-25,1,Wrong size
RT-000420,SO-2023-005120,2,2023-05-25,1,Changed mind
RT-000421,SO-2023-003871,1,2023-05-26,1,Changed mind
RT-000422,SO-2023-003947,2,2023-05-26,1,Damaged in transit
RT-000423,SO-2023-004119,1,2023-05-26,1,Defective
RT-000424,SO-2023-004280,1,2023-05-26,1,Defective
RT-000425,SO-2023-004050,2,2023-05-27,1,Damaged in transit
RT-000426,SO-2023-004476,2,2023-05-27,1,Changed mind
RT-000427,SO-2023-004692,1,2023-05-27,1,Changed mind
RT-000428,SO-2023-005066,2,2023-05-27,3,Damaged in transit
RT-000429,SO-2023-004293,2,2023-05-28,1,Defective
RT-000430,SO-2023-004356,1,2023-05-28,1,Changed mind
RT-000431,SO-2023-004808,2,2023-05-28,1,Changed mind
RT-000432,SO-2023-005256,2,2023-05-28,1,Defective
RT-000433,SO-2023-003920,2,2023-05-29,1,Wrong size
RT-000434,SO-2023-004221,2,2023-05-29,1,Changed mind
RT-000435,SO-2023-004327,1,2023-05-29,1,Defective
RT-000436,SO-2023-004452,1,2023-05-29,1,Not as described
RT-000437,SO-2023-004045,2,2023-05-30,5,Defective
RT-000438,SO-2023-004663,1,2023-05-30,1,Defective
RT-000439,SO-2023-004780,3,2023-05-30,1,Wrong size
RT-000440,SO-2023-004786,1,2023-05-30,1,Defective
RT-000441,SO-2023-004987,3,2023-05-30,1,Defective
RT-000442,SO-2023-004997,2,2023-05-30,2,Defective
RT-000443,SO-2023-004118,1,2023-05-31,2,Wrong size
RT-000444,SO-2023-004263,2,2023-05-31,1,Wrong size
RT-000445,SO-2023-004302,2,2023-05-31,2,Wrong size
RT-000446,SO-2023-004415,1,2023-05-31,1,Not as described
RT-000447,SO-2023-004772,2,2023-05-31,1,Damaged in transit
RT-000448,SO-2023-004932,1,2023-05-31,1,Wrong size
RT-000449,SO-2023-005010,1,2023-05-31,1,Wrong size
RT-000450,SO-2023-005450,2,2023-05-31,1,Not as described
RT-000451,SO-2023-005488,2,2023-05-31,1,Changed mind
RT-000452,SO-2023-004137,1,2023-06-01,1,Wrong size
RT-000453,SO-2023-004195,1,2023-06-01,1,Changed mind
RT-000454,SO-2023-004269,3,2023-06-01,1,Changed mind
RT-000455,SO-2023-004432,1,2023-06-01,1,Wrong size
RT-000456,SO-2023-004555,1,2023-06-01,1,Defective
RT-000457,SO-2023-004763,1,2023-06-01,2,Wrong size
RT-000458,SO-2023-005238,1,2023-06-01,2,Damaged in transit
RT-000459,SO-2023-004498,1,2023-06-02,1,Wrong size
RT-000460,SO-2023-004937,1,2023-06-02,1,Wrong size
RT-000461,SO-2023-004180,3,2023-06-03,1,Defective
RT-000462,SO-2023-004289,1,2023-06-03,1,Defective
RT-000463,SO-2023-004783,1,2023-06-03,1,Defective
RT-000464,SO-2023-004882,1,2023-06-03,1,Defective
RT-000465,SO-2023-004936,2,2023-06-03,1,Defective
RT-000466,SO-2023-005279,2,2023-06-03,1,Changed mind
RT-000467,SO-2023-005286,1,2023-06-03,1,Not as described
RT-000468,SO-2023-004430,1,2023-06-04,1,Not as described
RT-000469,SO-2023-004624,3,2023-06-04,3,Changed mind
RT-000470,SO-2023-004798,2,2023-06-04,1,Defective
RT-000471,SO-2023-005267,1,2023-06-04,1,Changed mind
RT-000472,SO-2023-005481,1,2023-06-04,2,Defective
RT-000473,SO-2023-005511,2,2023-06-04,1,Not as described
RT-000474,SO-2023-005719,2,2023-06-04,1,Wrong size
RT-000475,SO-2023-004510,1,2023-06-05,1,Defective
RT-000476,SO-2023-004519,3,2023-06-05,1,Damaged in transit
RT-000477,SO-2023-004705,1,2023-06-05,2,Wrong size
RT-000478,SO-2023-004841,1,2023-06-05,1,Damaged in transit
RT-000479,SO-2023-004851,1,2023-06-05,1,Changed mind
RT-000480,SO-2023-004988,1,2023-06-05,1,Changed mind
RT-000481,SO-2023-005177,4,2023-06-05,12,Defective
RT-000482,SO-2023-005596,2,2023-06-05,1,Not as described
RT-000483,SO-2023-004338,1,2023-06-06,1,Wrong size
RT-000484,SO-2023-004502,2,2023-06-06,2,Not as described
RT-000485,SO-2023-004975,1,2023-06-06,1,Defective
RT-000486,SO-2023-004977,1,2023-06-06,3,Wrong size
RT-000487,SO-2023-005396,2,2023-06-06,1,Wrong size
RT-000488,SO-2023-005660,1,2023-06-06,1,Wrong size
RT-000489,SO-2023-005708,3,2023-06-06,1,Wrong size
RT-000490,SO-2023-005743,1,2023-06-06,1,Wrong size
RT-000491,SO-2023-005145,1,2023-06-07,1,Not as described
RT-000492,SO-2023-005194,2,2023-06-07,1,Damaged in transit
RT-000493,SO-2023-005204,1,2023-06-07,1,Changed mind
RT-000494,SO-2023-005367,1,2023-06-07,1,Wrong size
RT-000495,SO-2023-005373,3,2023-06-07,1,Damaged in transit
RT-000496,SO-2023-005619,3,2023-06-07,1,Wrong size
RT-000497,SO-2023-005698,2,2023-06-07,2,Changed mind
RT-000498,SO-2023-005733,1,2023-06-07,1,Changed mind
RT-000499,SO-2023-005788,2,2023-06-08,2,Wrong size
RT-000500,SO-2023-004629,1,2023-06-09,2,Not as described
RT-000501,SO-2023-005286,2,2023-06-09,1,Damaged in transit
RT-000502,SO-2023-005407,1,2023-06-09,1,Not as described
RT-000503,SO-2023-005581,1,2023-06-09,1,Changed mind
RT-000504,SO-2023-005615,1,2023-06-09,1,Defective
RT-000505,SO-2023-005644,2,2023-06-09,2,Changed mind
RT-000506,SO-2023-004818,1,2023-06-10,1,Changed mind
RT-000507,SO-2023-005000,2,2023-06-11,1,Not as described
RT-000508,SO-2023-005986,3,2023-06-11,1,Wrong size
RT-000509,SO-2023-006111,2,2023-06-11,1,Changed mind
RT-000510,SO-2023-005475,4,2023-06-12,1,Changed mind
RT-000511,SO-2023-005646,1,2023-06-12,1,Wrong size
RT-000512,SO-2023-006008,2,2023-06-12,2,Changed mind
RT-000513,SO-2023-006083,1,2023-06-12,1,Changed mind
RT-000514,SO-2023-006127,1,2023-06-12,1,Defective
RT-000515,SO-2023-004871,1,2023-06-13,1,Wrong size
RT-000516,SO-2023-005086,2,2023-06-13,1,Changed mind
RT-000517,SO-2023-005227,2,2023-06-13,1,Defective
RT-000518,SO-2023-005734,2,2023-06-13,2,Changed mind
RT-000519,SO-2023-004649,1,2023-06-14,3,Defective
RT-000520,SO-2023-004675,2,2023-06-14,1,Defective
RT-000521,SO-2023-005268,1,2023-06-14,1,Changed mind
RT-000522,SO-2023-005309,2,2023-06-14,1,Wrong size
RT-000523,SO-2023-005412,1,2023-06-14,3,Not as described
RT-000524,SO-2023-005522,3,2023-06-14,1,Wrong size
RT-000525,SO-2023-005957,2,2023-06-14,1,Defective
RT-000526,SO-2023-006039,2,2023-06-14,1,Damaged in transit
RT-000527,SO-2023-006124,1,2023-06-14,2,Wrong size
RT-000528,SO-2023-006248,2,2023-06-14,1,Changed mind
RT-000529,SO-2023-004835,2,2023-06-15,1,Wrong size
RT-000530,SO-2023-005203,1,2023-06-15,1,Wrong size
RT-000531,SO-2023-005355,1,2023-06-15,1,Defective
RT-000532,SO-2023-005724,1,2023-06-16,1,Defective
RT-000533,SO-2023-006258,2,2023-06-16,1,Wrong size
RT-000534,SO-2023-004915,1,2023-06-17,1,Defective
RT-000535,SO-2023-004974,1,2023-06-17,1,Defective
RT-000536,SO-2023-005073,4,2023-06-17,1,Wrong size
RT-000537,SO-2023-005869,1,2023-06-17,1,Damaged in transit
RT-000538,SO-2023-005883,1,2023-06-17,1,Changed mind
RT-000539,SO-2023-006081,2,2023-06-17,1,Changed mind
RT-000540,SO-2023-006180,1,2023-06-17,1,Not as described
RT-000541,SO-2023-006276,1,2023-06-17,2,Not as described
RT-000542,SO-2023-004947,1,2023-06-18,1,Wrong size
RT-000543,SO-2023-005238,2,2023-06-18,1,Changed mind
RT-000544,SO-2023-005491,1,2023-06-18,1,Defective
RT-000545,SO-2023-006010,2,2023-06-18,1,Defective
RT-000546,SO-2023-006254,2,2023-06-18,1,Damaged in transit
RT-000547,SO-2023-005436,2,2023-06-19,1,Changed mind
RT-000548,SO-2023-006187,2,2023-06-19,2,Changed mind
RT-000549,SO-2023-006476,1,2023-06-19,1,Not as described
RT-000550,SO-2023-006482,1,2023-06-19,1,Defective
RT-000551,SO-2023-005178,1,2023-06-20,1,Wrong size
RT-000552,SO-2023-005527,2,2023-06-20,1,Defective
RT-000553,SO-2023-005557,1,2023-06-20,1,Defective
RT-000554,SO-2023-005810,2,2023-06-20,2,Wrong size
RT-000555,SO-2023-005989,2,2023-06-20,1,Damaged in transit
RT-000556,SO-2023-006110,2,2023-06-20,1,Defective
RT-000557,SO-2023-006283,1,2023-06-20,1,Changed mind
RT-000558,SO-2023-006419,2,2023-06-20,1,Damaged in transit
RT-000559,SO-2023-006595,1,2023-06-20,2,Defective
RT-000560,SO-2023-005480,1,2023-06-21,3,Changed mind
RT-000561,SO-2023-005631,3,2023-06-21,2,Changed mind
RT-000562,SO-2023-005992,2,2023-06-21,1,Wrong size
RT-000563,SO-2023-005993,3,2023-06-21,2,Damaged in transit
RT-000564,SO-2023-006080,1,2023-06-21,1,Changed mind
RT-000565,SO-2023-005332,1,2023-06-22,1,Defective
RT-000566,SO-2023-005498,1,2023-06-22,1,Wrong size
RT-000567,SO-2023-005608,1,2023-06-22,1,Not as described
RT-000568,SO-2023-006009,2,2023-06-22,1,Not as described
RT-000569,SO-2023-006025,3,2023-06-22,2,Defective
RT-000570,SO-2023-006491,1,2023-06-22,2,Changed mind
RT-000571,SO-2023-005171,1,2023-06-23,1,Wrong size
RT-000572,SO-2023-005287,1,2023-06-23,1,Defective
RT-000573,SO-2023-006002,1,2023-06-23,1,Defective
RT-000574,SO-2023-005442,1,2023-06-24,1,Wrong size
RT-000575,SO-2023-005526,2,2023-06-24,1,Damaged in transit
RT-000576,SO-2023-005725,1,2023-06-24,2,Changed mind
RT-000577,SO-2023-005858,3,2023-06-24,1,Wrong size
RT-000578,SO-2023-006109,1,2023-06-24,1,Damaged in transit
RT-000579,SO-2023-006115,1,2023-06-24,1,Changed mind
RT-000580,SO-2023-006834,1,2023-06-24,2,Defective
RT-000581,SO-2023-005834,1,2023-06-25,2,Wrong size
RT-000582,SO-2023-006092,1,2023-06-25,1,Not as described
RT-000583,SO-2023-006272,1,2023-06-25,1,Defective
RT-000584,SO-2023-006835,3,2023-06-25,2,Changed mind
RT-000585,SO-2023-006842,4,2023-06-25,1,Wrong size
RT-000586,SO-2023-005370,1,2023-06-26,2,Not as described
RT-000587,SO-2023-005413,1,2023-06-27,1,Not as described
RT-000588,SO-2023-005759,4,2023-06-27,1,Changed mind
RT-000589,SO-2023-006096,1,2023-06-27,1,Changed mind
RT-000590,SO-2023-006754,1,2023-06-27,1,Wrong size
RT-000591,SO-2023-006835,1,2023-06-27,3,Wrong size
RT-000592,SO-2023-005775,1,2023-06-28,1,Changed mind
RT-000593,SO-2023-006055,1,2023-06-28,2,Changed mind
RT-000594,SO-2023-006162,3,2023-06-28,2,Defective
RT-000595,SO-2023-006370,1,2023-06-28,1,Defective
RT-000596,SO-2023-005784,1,2023-06-29,1,Defective
RT-000597,SO-2023-005858,2,2023-06-29,1,Wrong size
RT-000598,SO-2023-005876,1,2023-06-29,1,Changed mind
RT-000599,SO-2023-006188,2,2023-06-29,1,Not as described
RT-000600,SO-2023-006456,1,2023-06-29,1,Changed mind
RT-000601,SO-2023-006604,1,2023-06-29,1,Changed mind
RT-000602,SO-2023-006669,2,2023-06-29,3,Changed mind
RT-000603,SO-2023-006728,4,2023-06-30,1,Wrong size
RT-000604,SO-2023-006988,1,2023-06-30,1,Wrong size
RT-000605,SO-2023-007069,1,2023-06-30,1,Changed mind
RT-000606,SO-2023-005954,1,2023-07-01,1,Changed mind
RT-000607,SO-2023-005990,1,2023-07-01,1,Wrong size
RT-000608,SO-2023-005999,3,2023-07-01,1,Damaged in transit
RT-000609,SO-2023-006026,1,2023-07-01,3,Wrong size
RT-000610,SO-2023-007133,1,2023-07-01,1,Wrong size
RT-000611,SO-2023-006103,1,2023-07-02,1,Changed mind
RT-000612,SO-2023-006105,2,2023-07-02,9,Wrong size
RT-000613,SO-2023-006311,2,2023-07-02,1,Damaged in transit
RT-000614,SO-2023-006813,1,2023-07-02,1,Defective
RT-000615,SO-2023-007030,1,2023-07-02,1,Not as described
RT-000616,SO-2023-007033,1,2023-07-02,1,Changed mind
RT-000617,SO-2023-007140,2,2023-07-02,2,Defective
RT-000618,SO-2023-005875,1,2023-07-03,1,Not as described
RT-000619,SO-2023-005926,2,2023-07-03,1,Defective
RT-000620,SO-2023-006663,2,2023-07-03,1,Changed mind
RT-000621,SO-2023-006986,2,2023-07-03,7,Not as described
RT-000622,SO-2023-006084,1,2023-07-04,1,Wrong size
RT-000623,SO-2023-006580,1,2023-07-04,1,Damaged in transit
RT-000624,SO-2023-006872,1,2023-07-04,2,Wrong size
RT-000625,SO-2023-007009,2,2023-07-04,2,Changed mind
RT-000626,SO-2023-007049,3,2023-07-04,1,Wrong size
RT-000627,SO-2023-005924,3,2023-07-05,2,Defective
RT-000628,SO-2023-006098,1,2023-07-05,2,Changed mind
RT-000629,SO-2023-006379,1,2023-07-05,1,Defective
RT-000630,SO-2023-006817,2,2023-07-05,2,Not as described
RT-000631,SO-2023-006881,1,2023-07-05,1,Defective
RT-000632,SO-2023-007367,1,2023-07-05,1,Wrong size
RT-000633,SO-2023-006546,1,2023-07-06,1,Defective
RT-000634,SO-2023-007077,1,2023-07-06,1,Defective
RT-000635,SO-2023-006164,2,2023-07-07,1,Not as described
RT-000636,SO-2023-006335,1,2023-07-07,2,Changed mind
RT-000637,SO-2023-006760,1,2023-07-07,1,Wrong size
RT-000638,SO-2023-007528,3,2023-07-07,2,Wrong size
RT-000639,SO-2023-006075,1,2023-07-08,1,Changed mind
RT-000640,SO-2023-006380,2,2023-07-09,1,Changed mind
RT-000641,SO-2023-006688,1,2023-07-09,1,Wrong size
RT-000642,SO-2023-006928,1,2023-07-09,1,Not as described
RT-000643,SO-2023-007014,1,2023-07-09,2,Wrong size
RT-000644,SO-2023-006145,1,2023-07-10,1,Defective
RT-000645,SO-2023-006227,3,2023-07-10,1,Wrong size
RT-000646,SO-2023-006276,2,2023-07-10,1,Defective
RT-000647,SO-2023-006340,2,2023-07-10,2,Wrong size
RT-000648,SO-2023-006481,2,2023-07-10,1,Wrong size
RT-000649,SO-2023-006588,3,2023-07-10,1,Defective
RT-000650,SO-2023-006624,2,2023-07-10,1,Changed mind
RT-000651,SO-2023-007266,2,2023-07-10,1,Defective
RT-000652,SO-2023-007364,2,2023-07-10,2,Changed mind
RT-000653,SO-2023-007456,1,2023-07-10,1,Changed mind
RT-000654,SO-2023-006635,2,2023-07-11,1,Damaged in transit
RT-000655,SO-2023-006694,1,2023-07-11,2,Damaged in transit
RT-000656,SO-2023-006866,1,2023-07-11,1,Changed mind
RT-000657,SO-2023-007120,1,2023-07-11,1,Not as described
RT-000658,SO-2023-007358,2,2023-07-11,2,Wrong size
RT-000659,SO-2023-007426,3,2023-07-11,1,Defective
RT-000660,SO-2023-007476,2,2023-07-11,1,Defective
RT-000661,SO-2023-007602,4,2023-07-11,1,Damaged in transit
RT-000662,SO-2023-006340,1,2023-07-12,1,Wrong size
RT-000663,SO-2023-007324,2,2023-07-12,3,Changed mind
RT-000664,SO-2023-007327,3,2023-07-12,1,Defective
RT-000665,SO-2023-007612,1,2023-07-12,1,Wrong size
RT-000666,SO-2023-006419,1,2023-07-13,1,Defective
RT-000667,SO-2023-006487,2,2023-07-13,1,Changed mind
RT-000668,SO-2023-006875,3,2023-07-13,1,Defective
RT-000669,SO-2023-006970,1,2023-07-13,3,Wrong size
RT-000670,SO-2023-007446,1,2023-07-13,1,Changed mind
RT-000671,SO-2023-007711,1,2023-07-13,2,Changed mind
RT-000672,SO-2023-007070,2,2023-07-14,1,Not as described
RT-000673,SO-2023-007110,2,2023-07-14,1,Changed mind
RT-000674,SO-2023-007257,1,2023-07-14,1,Defective
RT-000675,SO-2023-006900,1,2023-07-15,1,Changed mind
RT-000676,SO-2023-007437,1,2023-07-15,3,Changed mind
RT-000677,SO-2023-007851,1,2023-07-15,1,Wrong size
RT-000678,SO-2023-007866,1,2023-07-15,2,Wrong size
RT-000679,SO-2023-007868,2,2023-07-15,1,Changed mind
RT-000680,SO-2023-006915,1,2023-07-16,1,Defective
RT-000681,SO-2023-006982,2,2023-07-16,1,Defective
RT-000682,SO-2023-007100,1,2023-07-16,1,Not as described
RT-000683,SO-2023-007860,1,2023-07-16,1,Changed mind
RT-000684,SO-2023-006547,1,2023-07-17,1,Wrong size
RT-000685,SO-2023-006573,3,2023-07-17,1,Damaged in transit
RT-000686,SO-2023-006606,1,2023-07-17,1,Changed mind
RT-000687,SO-2023-006954,2,2023-07-17,1,Changed mind
RT-000688,SO-2023-007226,2,2023-07-17,1,Defective
RT-000689,SO-2023-007522,1,2023-07-17,2,Not as described
RT-000690,SO-2023-007773,2,2023-07-17,1,Wrong size
RT-000691,SO-2023-006868,1,2023-07-18,2,Wrong size
RT-000692,SO-2023-006990,1,2023-07-18,1,Changed mind
RT-000693,SO-2023-007533,1,2023-07-18,1,Not as described
RT-000694,SO-2023-007584,1,2023-07-18,1,Defective
RT-000695,SO-2023-007850,3,2023-07-18,1,Damaged in transit
RT-000696,SO-2023-006740,1,2023-07-19,1,Not as described
RT-000697,SO-2023-006820,3,2023-07-19,1,Defective
RT-000698,SO-2023-006892,3,2023-07-19,2,Defective
RT-000699,SO-2023-007098,3,2023-07-19,1,Wrong size
RT-000700,SO-2023-007211,4,2023-07-19,1,Defective
RT-000701,SO-2023-007266,1,2023-07-19,1,Changed mind
RT-000702,SO-2023-007355,2,2023-07-19,9,Damaged in transit
RT-000703,SO-2023-007420,2,2023-07-19,2,Defective
RT-000704,SO-2023-007951,2,2023-07-19,1,Wrong size
RT-000705,SO-2023-006836,1,2023-07-20,1,Not as described
RT-000706,SO-2023-007679,2,2023-07-20,1,Changed mind
RT-000707,SO-2023-008126,1,2023-07-20,1,Not as described
RT-000708,SO-2023-006949,1,2023-07-21,1,Wrong size
RT-000709,SO-2023-007890,2,2023-07-21,1,Not as described
RT-000710,SO-2023-007906,4,2023-07-21,1,Changed mind
RT-000711,SO-2023-007212,2,2023-07-22,1,Defective
RT-000712,SO-2023-007616,2,2023-07-22,2,Defective
RT-000713,SO-2023-007627,1,2023-07-22,1,Not as described
RT-000714,SO-2023-008007,3,2023-07-22,1,Changed mind
RT-000715,SO-2023-007070,3,2023-07-23,1,Defective
RT-000716,SO-2023-007948,1,2023-07-23,1,Not as described
RT-000717,SO-2023-008244,1,2023-07-23,1,Changed mind
RT-000718,SO-2023-006972,1,2023-07-24,1,Wrong size
RT-000719,SO-2023-007401,3,2023-07-24,1,Wrong size
RT-000720,SO-2023-007673,1,2023-07-24,2,Wrong size
RT-000721,SO-2023-007737,2,2023-07-24,1,Damaged in transit
RT-000722,SO-2023-007746,1,2023-07-24,2,Wrong size
RT-000723,SO-2023-008120,1,2023-07-24,1,Wrong size
RT-000724,SO-2023-007003,1,2023-07-25,1,Changed mind
RT-000725,SO-2023-007046,2,2023-07-25,1,Defective
RT-000726,SO-2023-007465,1,2023-07-25,1,Defective
RT-000727,SO-2023-007727,1,2023-07-25,1,Wrong size
RT-000728,SO-2023-007728,1,2023-07-25,2,Not as described
RT-000729,SO-2023-007821,1,2023-07-25,1,Not as described
RT-000730,SO-2023-008021,1,2023-07-25,2,Not as described
RT-000731,SO-2023-007971,3,2023-07-26,1,Defective
RT-000732,SO-2023-008391,1,2023-07-26,1,Defective
RT-000733,SO-2023-008403,2,2023-07-26,2,Defective
RT-000734,SO-2023-007452,3,2023-07-27,1,Defective
RT-000735,SO-2023-007591,1,2023-07-27,2,Not as described
RT-000736,SO-2023-007871,2,2023-07-27,1,Wrong size
RT-000737,SO-2023-007917,3,2023-07-27,1,Damaged in transit
RT-000738,SO-2023-008151,1,2023-07-27,1,Changed mind
RT-000739,SO-2023-008332,2,2023-07-27,1,Defective
RT-000740,SO-2023-007421,1,2023-07-28,2,Not as described
RT-000741,SO-2023-007490,2,2023-07-28,1,Changed mind
RT-000742,SO-2023-007696,1,2023-07-28,1,Changed mind
RT-000743,SO-2023-008060,1,2023-07-28,1,Defective
RT-000744,SO-2023-008074,1,2023-07-28,1,Defective
RT-000745,SO-2023-008166,2,2023-07-28,1,Changed mind
RT-000746,SO-2023-008388,2,2023-07-28,1,Changed mind
RT-000747,SO-2023-007334,2,2023-07-29,1,Defective
RT-000748,SO-2023-007406,1,2023-07-29,1,Damaged in transit
RT-000749,SO-2023-008070,1,2023-07-29,2,Defective
RT-000750,SO-2023-008153,2,2023-07-29,1,Defective
RT-000751,SO-2023-008445,1,2023-07-29,1,Wrong size
RT-000752,SO-2023-008513,1,2023-07-30,1,Changed mind
RT-000753,SO-2023-007713,2,2023-07-31,2,Defective
RT-000754,SO-2023-007813,1,2023-07-31,1,Defective
RT-000755,SO-2023-008223,1,2023-07-31,1,Defective
RT-000756,SO-2023-008321,1,2023-07-31,1,Damaged in transit
RT-000757,SO-2023-008358,1,2023-07-31,1,Wrong size
RT-000758,SO-2023-008488,2,2023-07-31,2,Changed mind
RT-000759,SO-2023-007625,1,2023-08-01,1,Defective
RT-000760,SO-2023-007753,1,2023-08-01,1,Changed mind
RT-000761,SO-2023-008549,1,2023-08-01,2,Not as described
RT-000762,SO-2023-008065,1,2023-08-02,1,Wrong size
RT-000763,SO-2023-008265,1,2023-08-02,1,Damaged in transit
RT-000764,SO-2023-008440,4,2023-08-02,1,Changed mind
RT-000765,SO-2023-008597,1,2023-08-02,1,Wrong size
RT-000766,SO-2023-008736,2,2023-08-02,2,Changed mind
RT-000767,SO-2023-007676,2,2023-08-03,2,Changed mind
RT-000768,SO-2023-007819,1,2023-08-03,1,Changed mind
RT-000769,SO-2023-008557,1,2023-08-04,1,Changed mind
RT-000770,SO-2023-007738,2,2023-08-05,2,Damaged in transit
RT-000771,SO-2023-008073,2,2023-08-05,1,Wrong size
RT-000772,SO-2023-008208,1,2023-08-05,2,Wrong size
RT-000773,SO-2023-007623,1,2023-08-06,2,Not as described
RT-000774,SO-2023-007835,2,2023-08-06,1,Defective
RT-000775,SO-2023-007898,1,2023-08-06,1,Not as described
RT-000776,SO-2023-008414,2,2023-08-06,1,Wrong size
RT-000777,SO-2023-008736,1,2023-08-06,3,Changed mind
RT-000778,SO-2023-008748,3,2023-08-06,9,Not as described
RT-000779,SO-2023-008765,3,2023-08-06,1,Not as described
RT-000780,SO-2023-008857,1,2023-08-06,1,Not as described
RT-000781,SO-2023-007682,1,2023-08-07,1,Wrong size
RT-000782,SO-2023-007708,3,2023-08-07,1,Damaged in transit
RT-000783,SO-2023-008006,1,2023-08-07,2,Defective
RT-000784,SO-2023-008056,3,2023-08-07,1,Changed mind
RT-000785,SO-2023-008392,2,2023-08-07,1,Defective
RT-000786,SO-2023-008652,2,2023-08-07,1,Changed mind
RT-000787,SO-2023-008774,4,2023-08-07,1,Defective
RT-000788,SO-2023-008046,1,2023-08-08,1,Wrong size
RT-000789,SO-2023-008074,2,2023-08-08,1,Wrong size
RT-000790,SO-2023-008224,2,2023-08-08,2,Defective
RT-000791,SO-2023-008443,1,2023-08-08,1,Wrong size
RT-000792,SO-2023-008868,1,2023-08-08,2,Defective
RT-000793,SO-2023-009064,1,2023-08-08,1,Changed mind
RT-000794,SO-2023-009092,1,2023-08-08,1,Defective
RT-000795,SO-2023-007824,1,2023-08-09,1,Defective
RT-000796,SO-2023-007843,4,2023-08-09,1,Wrong size
RT-000797,SO-2023-008071,4,2023-08-09,1,Changed mind
RT-000798,SO-2023-008135,1,2023-08-09,1,Wrong size
RT-000799,SO-2023-008646,1,2023-08-09,1,Not as described
RT-000800,SO-2023-007907,1,2023-08-10,1,Changed mind
RT-000801,SO-2023-008166,1,2023-08-10,1,Wrong size
RT-000802,SO-2023-008444,4,2023-08-10,1,Not as described
RT-000803,SO-2023-007828,3,2023-08-11,1,Not as described
RT-000804,SO-2023-008042,1,2023-08-11,1,Defective
RT-000805,SO-2023-008163,2,2023-08-11,1,Changed mind
RT-000806,SO-2023-008237,3,2023-08-11,1,Changed mind
RT-000807,SO-2023-008239,1,2023-08-11,2,Changed mind
RT-000808,SO-2023-008462,1,2023-08-11,7,Defective
RT-000809,SO-2023-008634,1,2023-08-11,2,Wrong size
RT-000810,SO-2023-009157,1,2023-08-11,1,Changed mind
RT-000811,SO-2023-009252,3,2023-08-11,1,Wrong size
RT-000812,SO-2023-007896,1,2023-08-12,3,Changed mind
RT-000813,SO-2023-008056,1,2023-08-12,1,Damaged in transit
RT-000814,SO-2023-008081,1,2023-08-12,1,Changed mind
RT-000815,SO-2023-008106,2,2023-08-12,2,Wrong size
RT-000816,SO-2023-008343,3,2023-08-12,1,Changed mind
RT-000817,SO-2023-008380,1,2023-08-12,2,Changed mind
RT-000818,SO-2023-008866,4,2023-08-12,1,Defective
RT-000819,SO-2023-009095,1,2023-08-12,1,Changed mind
RT-000820,SO-2023-009213,2,2023-08-12,1,Not as described
RT-000821,SO-2023-008107,1,2023-08-13,1,Changed mind
RT-000822,SO-2023-008134,2,2023-08-13,2,Wrong size
RT-000823,SO-2023-008842,1,2023-08-13,2,Changed mind
RT-000824,SO-2023-008027,1,2023-08-14,1,Changed mind
RT-000825,SO-2023-008184,1,2023-08-14,1,Changed mind
RT-000826,SO-2023-008888,1,2023-08-14,2,Wrong size
RT-000827,SO-2023-009261,1,2023-08-14,1,Changed mind
RT-000828,SO-2023-008210,1,2023-08-15,2,Wrong size
RT-000829,SO-2023-008630,1,2023-08-15,2,Changed mind
RT-000830,SO-2023-009086,2,2023-08-15,1,Defective
RT-000831,SO-2023-009134,1,2023-08-15,1,Changed mind
RT-000832,SO-2023-008183,1,2023-08-16,1,Wrong size
RT-000833,SO-2023-008261,2,2023-08-16,1,Wrong size
RT-000834,SO-2023-008453,1,2023-08-16,4,Changed mind
RT-000835,SO-2023-008556,1,2023-08-16,1,Defective
RT-000836,SO-2023-008932,3,2023-08-16,6,Not as described
RT-000837,SO-2023-008954,1,2023-08-16,1,Wrong size
RT-000838,SO-2023-009432,1,2023-08-16,1,Not as described
RT-000839,SO-2023-008157,2,2023-08-17,2,Not as described
RT-000840,SO-2023-008751,1,2023-08-17,1,Changed mind
RT-000841,SO-2023-009502,2,2023-08-17,1,Wrong size
RT-000842,SO-2023-008186,2,2023-08-18,1,Wrong size
RT-000843,SO-2023-008529,4,2023-08-18,1,Changed mind
RT-000844,SO-2023-008944,1,2023-08-18,1,Damaged in transit
RT-000845,SO-2023-008288,1,2023-08-19,1,Changed mind
RT-000846,SO-2023-008475,1,2023-08-19,1,Not as described
RT-000847,SO-2023-008518,1,2023-08-19,1,Wrong size
RT-000848,SO-2023-008673,1,2023-08-19,1,Wrong size
RT-000849,SO-2023-008808,1,2023-08-19,2,Defective
RT-000850,SO-2023-009019,2,2023-08-19,1,Wrong size
RT-000851,SO-2023-009411,2,2023-08-19,1,Wrong size
RT-000852,SO-2023-009482,2,2023-08-19,1,Defective
RT-000853,SO-2023-009589,1,2023-08-19,1,Changed mind
RT-000854,SO-2023-008542,2,2023-08-20,2,Changed mind
RT-000855,SO-2023-008738,3,2023-08-20,2,Defective
RT-000856,SO-2023-008957,1,2023-08-20,1,Wrong size
RT-000857,SO-2023-009023,2,2023-08-20,1,Defective
RT-000858,SO-2023-008447,3,2023-08-21,1,Wrong size
RT-000859,SO-2023-008680,1,2023-08-21,3,Wrong size
RT-000860,SO-2023-008696,2,2023-08-21,1,Defective
RT-000861,SO-2023-009593,2,2023-08-21,1,Changed mind
RT-000862,SO-2023-008619,1,2023-08-22,1,Not as described
RT-000863,SO-2023-008628,1,2023-08-22,1,Wrong size
RT-000864,SO-2023-009347,1,2023-08-22,1,Changed mind
RT-000865,SO-2023-009381,1,2023-08-22,2,Changed mind
RT-000866,SO-2023-009616,3,2023-08-22,1,Defective
RT-000867,SO-2023-008683,3,2023-08-23,2,Changed mind
RT-000868,SO-2023-009134,2,2023-08-23,1,Defective
RT-000869,SO-2023-009420,3,2023-08-23,1,Changed mind
RT-000870,SO-2023-009475,3,2023-08-23,1,Defective
RT-000871,SO-2023-009607,2,2023-08-23,1,Not as described
RT-000872,SO-2023-009618,2,2023-08-23,1,Wrong size
RT-000873,SO-2023-008600,1,2023-08-24,1,Not as described
RT-000874,SO-2023-009084,1,2023-08-25,1,Changed mind
RT-000875,SO-2023-009203,1,2023-08-25,1,Wrong size
RT-000876,SO-2023-009572,1,2023-08-25,1,Wrong size
RT-000877,SO-2023-009612,1,2023-08-25,1,Changed mind
RT-000878,SO-2023-009249,4,2023-08-26,2,Not as described
RT-000879,SO-2023-009786,1,2023-08-26,1,Wrong size
RT-000880,SO-2023-009952,2,2023-08-26,1,Changed mind
RT-000881,SO-2023-008695,2,2023-08-27,1,Damaged in transit
RT-000882,SO-2023-009289,1,2023-08-27,1,Defective
RT-000883,SO-2023-008804,3,2023-08-28,1,Changed mind
RT-000884,SO-2023-009228,2,2023-08-28,1,Changed mind
RT-000885,SO-2023-009372,2,2023-08-28,1,Wrong size
RT-000886,SO-2023-008847,2,2023-08-29,2,Damaged in transit
RT-000887,SO-2023-009242,1,2023-08-29,1,Wrong size
RT-000888,SO-2023-009785,2,2023-08-29,1,Changed mind
RT-000889,SO-2023-009187,2,2023-08-30,1,Defective
RT-000890,SO-2023-009404,2,2023-08-30,3,Wrong size
RT-000891,SO-2023-010116,3,2023-08-30,1,Changed mind
RT-000892,SO-2023-008909,2,2023-08-31,2,Changed mind
RT-000893,SO-2023-009308,1,2023-08-31,1,Not as described
RT-000894,SO-2023-009438,1,2023-08-31,1,Wrong size
RT-000895,SO-2023-009882,2,2023-08-31,1,Wrong size
RT-000896,SO-2023-009957,1,2023-08-31,1,Damaged in transit
RT-000897,SO-2023-009637,3,2023-09-01,1,Changed mind
RT-000898,SO-2023-009701,1,2023-09-01,1,Changed mind
RT-000899,SO-2023-009874,1,2023-09-01,1,Changed mind
RT-000900,SO-2023-009955,1,2023-09-01,1,Defective
RT-000901,SO-2023-010077,1,2023-09-01,1,Wrong size
RT-000902,SO-2023-009087,3,2023-09-02,1,Defective
RT-000903,SO-2023-009187,1,2023-09-02,1,Not as described
RT-000904,SO-2023-009248,1,2023-09-02,1,Wrong size
RT-000905,SO-2023-009718,1,2023-09-02,1,Defective
RT-000906,SO-2023-009198,1,2023-09-03,1,Defective
RT-000907,SO-2023-009390,1,2023-09-03,1,Not as described
RT-000908,SO-2023-009751,1,2023-09-03,1,Wrong size
RT-000909,SO-2023-009269,2,2023-09-04,2,Defective
RT-000910,SO-2023-009402,1,2023-09-04,1,Not as described
RT-000911,SO-2023-009725,1,2023-09-04,3,Changed mind
RT-000912,SO-2023-009891,2,2023-09-04,2,Wrong size
RT-000913,SO-2023-010178,3,2023-09-04,1,Not as described
RT-000914,SO-2023-010194,2,2023-09-04,1,Changed mind
RT-000915,SO-2023-009333,2,2023-09-05,1,Changed mind
RT-000916,SO-2023-009406,1,2023-09-05,1,Damaged in transit
RT-000917,SO-2023-009418,1,2023-09-05,1,Changed mind
RT-000918,SO-2023-009397,2,2023-09-06,1,Not as described
RT-000919,SO-2023-009833,2,2023-09-06,1,Defective
RT-000920,SO-2023-010059,1,2023-09-06,1,Damaged in transit
RT-000921,SO-2023-009329,1,2023-09-07,1,Changed mind
RT-000922,SO-2023-009895,3,2023-09-07,3,Changed mind
RT-000923,SO-2023-009286,2,2023-09-08,2,Changed mind
RT-000924,SO-2023-009323,2,2023-09-08,1,Defective
RT-000925,SO-2023-009379,2,2023-09-08,1,Wrong size
RT-000926,SO-2023-009465,4,2023-09-08,1,Changed mind
RT-000927,SO-2023-009581,1,2023-09-08,4,Defective
RT-000928,SO-2023-009899,2,2023-09-08,1,Changed mind
RT-000929,SO-2023-010455,1,2023-09-08,1,Wrong size
RT-000930,SO-2023-009411,1,2023-09-09,1,Not as described
RT-000931,SO-2023-009856,2,2023-09-09,1,Changed mind
RT-000932,SO-2023-010009,1,2023-09-09,1,Wrong size
RT-000933,SO-2023-010015,2,2023-09-09,1,Defective
RT-000934,SO-2023-010368,1,2023-09-09,1,Defective
RT-000935,SO-2023-010547,1,2023-09-09,2,Changed mind
RT-000936,SO-2023-009317,1,2023-09-10,1,Wrong size
RT-000937,SO-2023-009420,1,2023-09-10,2,Changed mind
RT-000938,SO-2023-009825,2,2023-09-10,1,Changed mind
RT-000939,SO-2023-010080,1,2023-09-10,1,Defective
RT-000940,SO-2023-010272,1,2023-09-10,1,Defective
RT-000941,SO-2023-009454,1,2023-09-11,1,Defective
RT-000942,SO-2023-009468,1,2023-09-11,2,Defective
RT-000943,SO-2023-009474,1,2023-09-11,1,Wrong size
RT-000944,SO-2023-009561,1,2023-09-11,1,Not as described
RT-000945,SO-2023-009651,2,2023-09-11,2,Defective
RT-000946,SO-2023-009657,3,2023-09-11,1,Defective
RT-000947,SO-2023-009989,1,2023-09-11,1,Wrong size
RT-000948,SO-2023-010140,2,2023-09-11,1,Wrong size
RT-000949,SO-2023-009541,1,2023-09-12,1,Defective
RT-000950,SO-2023-010088,4,2023-09-12,1,Damaged in transit
RT-000951,SO-2023-010390,1,2023-09-12,1,Wrong size
RT-000952,SO-2023-010595,2,2023-09-12,2,Wrong size
RT-000953,SO-2023-010185,1,2023-09-13,1,Defective
RT-000954,SO-2023-010689,2,2023-09-14,2,Defective
RT-000955,SO-2023-010748,1,2023-09-14,1,Wrong size
RT-000956,SO-2023-009566,1,2023-09-15,1,Changed mind
RT-000957,SO-2023-010208,3,2023-09-16,1,Wrong size
RT-000958,SO-2023-010223,1,2023-09-16,1,Defective
RT-000959,SO-2023-010305,2,2023-09-16,2,Wrong size
RT-000960,SO-2023-010442,1,2023-09-16,2,Damaged in transit
RT-000961,SO-2023-010723,1,2023-09-16,1,Wrong size
RT-000962,SO-2023-009823,1,2023-09-17,1,Defective
RT-000963,SO-2023-009953,2,2023-09-17,1,Changed mind
RT-000964,SO-2023-010013,1,2023-09-17,2,Defective
RT-000965,SO-2023-010755,1,2023-09-17,1,Changed mind
RT-000966,SO-2023-009715,3,2023-09-18,3,Wrong size
RT-000967,SO-2023-009774,3,2023-09-18,3,Changed mind
RT-000968,SO-2023-009907,1,2023-09-18,1,Defective
RT-000969,SO-2023-010099,1,2023-09-18,3,Defective
RT-000970,SO-2023-010524,1,2023-09-18,1,Wrong size
RT-000971,SO-2023-009980,2,2023-09-19,12,Defective
RT-000972,SO-2023-010108,1,2023-09-19,1,Wrong size
RT-000973,SO-2023-010126,1,2023-09-19,1,Wrong size
RT-000974,SO-2023-010205,2,2023-09-19,1,Defective
RT-000975,SO-2023-010382,2,2023-09-19,2,Defective
RT-000976,SO-2023-010559,3,2023-09-19,1,Not as described
RT-000977,SO-2023-010658,1,2023-09-19,1,Damaged in transit
RT-000978,SO-2023-010734,2,2023-09-19,3,Not as described
RT-000979,SO-2023-010803,1,2023-09-19,1,Not as described
RT-000980,SO-2023-010901,1,2023-09-19,2,Not as described
RT-000981,SO-2023-010522,1,2023-09-21,1,Changed mind
RT-000982,SO-2023-010699,3,2023-09-21,1,Changed mind
RT-000983,SO-2023-010704,1,2023-09-21,1,Not as described
RT-000984,SO-2023-009985,1,2023-09-22,1,Defective
RT-000985,SO-2023-010391,2,2023-09-22,1,Changed mind
RT-000986,SO-2023-010619,4,2023-09-22,1,Changed mind
RT-000987,SO-2023-011005,2,2023-09-22,1,Defective
RT-000988,SO-2023-010231,1,2023-09-23,1,Wrong size
RT-000989,SO-2023-010632,1,2023-09-23,1,Defective
RT-000990,SO-2023-011056,2,2023-09-23,1,Defective
RT-000991,SO-2023-010412,1,2023-09-24,2,Wrong size
RT-000992,SO-2023-010887,2,2023-09-24,1,Defective
RT-000993,SO-2023-011060,2,2023-09-24,1,Defective
RT-000994,SO-2023-011088,1,2023-09-24,1,Defective
RT-000995,SO-2023-010515,1,2023-09-25,1,Defective
RT-000996,SO-2023-010645,2,2023-09-25,1,Damaged in transit
RT-000997,SO-2023-010933,1,2023-09-25,2,Wrong size
RT-000998,SO-2023-010334,1,2023-09-26,1,Wrong size
RT-000999,SO-2023-010453,3,2023-09-26,1,Not as described
RT-001000,SO-2023-010781,1,2023-09-26,1,Wrong size
RT-001001,SO-2023-011154,1,2023-09-26,1,Wrong size
RT-001002,SO-2023-010248,2,2023-09-27,1,Wrong size
RT-001003,SO-2023-010264,1,2023-09-27,2,Defective
RT-001004,SO-2023-010341,4,2023-09-27,1,Wrong size
RT-001005,SO-2023-010538,1,2023-09-27,1,Defective
RT-001006,SO-2023-010873,1,2023-09-27,2,Wrong size
RT-001007,SO-2023-010984,1,2023-09-27,1,Defective
RT-001008,SO-2023-011146,3,2023-09-27,1,Changed mind
RT-001009,SO-2023-011056,3,2023-09-28,1,Changed mind
RT-001010,SO-2023-010634,1,2023-09-29,1,Not as described
RT-001011,SO-2023-010682,3,2023-09-29,1,Not as described
RT-001012,SO-2023-011132,1,2023-09-29,1,Defective
RT-001013,SO-2023-010717,3,2023-09-30,1,Changed mind
RT-001014,SO-2023-010846,1,2023-09-30,2,Changed mind
RT-001015,SO-2023-010935,2,2023-09-30,1,Wrong size
RT-001016,SO-2023-011193,1,2023-09-30,1,Defective
RT-001017,SO-2023-011219,4,2023-09-30,1,Changed mind
RT-001018,SO-2023-011251,1,2023-09-30,1,Wrong size
RT-001019,SO-2023-011346,1,2023-09-30,15,Not as described
RT-001020,SO-2023-010420,1,2023-10-01,1,Wrong size
RT-001021,SO-2023-010454,2,2023-10-01,1,Changed mind
RT-001022,SO-2023-010745,1,2023-10-01,1,Not as described
RT-001023,SO-2023-010934,1,2023-10-01,1,Defective
RT-001024,SO-2023-010611,1,2023-10-02,1,Defective
RT-001025,SO-2023-010678,1,2023-10-02,1,Changed mind
RT-001026,SO-2023-011029,1,2023-10-02,3,Wrong size
RT-001027,SO-2023-011115,1,2023-10-02,1,Damaged in transit
RT-001028,SO-2023-011262,3,2023-10-02,1,Defective
RT-001029,SO-2023-011305,2,2023-10-02,2,Wrong size
RT-001030,SO-2023-011352,2,2023-10-02,2,Changed mind
RT-001031,SO-2023-010416,1,2023-10-03,5,Defective
RT-001032,SO-2023-010940,1,2023-10-03,1,Wrong size
RT-001033,SO-2023-010975,1,2023-10-03,1,Not as described
RT-001034,SO-2023-010497,2,2023-10-04,1,Wrong size
RT-001035,SO-2023-010521,1,2023-10-04,1,Damaged in transit
RT-001036,SO-2023-011137,1,2023-10-04,1,Defective
RT-001037,SO-2023-011338,1,2023-10-04,1,Defective
RT-001038,SO-2023-010819,4,2023-10-05,1,Wrong size
RT-001039,SO-2023-010660,3,2023-10-06,2,Wrong size
RT-001040,SO-2023-010970,3,2023-10-06,1,Not as described
RT-001041,SO-2023-011034,2,2023-10-06,1,Changed mind
RT-001042,SO-2023-011321,2,2023-10-06,2,Wrong size
RT-001043,SO-2023-010928,1,2023-10-07,1,Changed mind
RT-001044,SO-2023-011354,2,2023-10-07,1,Changed mind
RT-001045,SO-2023-011555,1,2023-10-07,1,Wrong size
RT-001046,SO-2023-010883,1,2023-10-08,1,Not as described
RT-001047,SO-2023-011345,1,2023-10-08,1,Wrong size
RT-001048,SO-2023-011489,3,2023-10-08,1,Damaged in transit
RT-001049,SO-2023-010641,1,2023-10-09,1,Wrong size
RT-001050,SO-2023-010926,2,2023-10-09,1,Wrong size
RT-001051,SO-2023-010934,3,2023-10-09,1,Defective
RT-001052,SO-2023-010976,4,2023-10-09,1,Wrong size
RT-001053,SO-2023-011639,1,2023-10-09,1,Wrong size
RT-001054,SO-2023-011348,3,2023-10-10,4,Damaged in transit
RT-001055,SO-2023-011437,2,2023-10-10,2,Wrong size
RT-001056,SO-2023-010753,2,2023-10-11,1,Defective
RT-001057,SO-2023-011032,1,2023-10-11,1,Wrong size
RT-001058,SO-2023-011122,1,2023-10-11,1,Damaged in transit
RT-001059,SO-2023-011171,2,2023-10-11,1,Damaged in transit
RT-001060,SO-2023-011289,1,2023-10-11,1,Wrong size
RT-001061,SO-2023-011387,1,2023-10-11,2,Changed mind
RT-001062,SO-2023-010809,1,2023-10-12,1,Wrong size
RT-001063,SO-2023-011009,1,2023-10-12,1,Damaged in transit
RT-001064,SO-2023-011523,3,2023-10-12,1,Damaged in transit
RT-001065,SO-2023-011260,1,2023-10-13,1,Not as described
RT-001066,SO-2023-011270,1,2023-10-13,1,Damaged in transit
RT-001067,SO-2023-011325,3,2023-10-13,2,Defective
RT-001068,SO-2023-011567,2,2023-10-13,2,Changed mind
RT-001069,SO-2023-011655,3,2023-10-13,8,Defective
RT-001070,SO-2023-010962,1,2023-10-14,1,Not as described
RT-001071,SO-2023-011015,1,2023-10-14,2,Wrong size
RT-001072,SO-2023-010902,1,2023-10-15,1,Defective
RT-001073,SO-2023-011132,3,2023-10-16,1,Wrong size
RT-001074,SO-2023-011165,1,2023-10-16,2,Changed mind
RT-001075,SO-2023-011563,2,2023-10-16,2,Changed mind
RT-001076,SO-2023-011768,4,2023-10-16,2,Wrong size
RT-001077,SO-2023-010954,1,2023-10-17,1,Defective
RT-001078,SO-2023-011013,1,2023-10-17,1,Defective
RT-001079,SO-2023-011273,1,2023-10-18,1,Not as described
RT-001080,SO-2023-011364,3,2023-10-18,3,Defective
RT-001081,SO-2023-011779,1,2023-10-18,1,Defective
RT-001082,SO-2023-011081,2,2023-10-19,2,Changed mind
RT-001083,SO-2023-011155,1,2023-10-19,1,Not as described
RT-001084,SO-2023-011508,1,2023-10-19,2,Defective
RT-001085,SO-2023-011660,1,2023-10-19,1,Wrong size
RT-001086,SO-2023-011114,1,2023-10-20,1,Changed mind
RT-001087,SO-2023-011340,1,2023-10-20,1,Changed mind
RT-001088,SO-2023-011514,1,2023-10-20,1,Not as described
RT-001089,SO-2023-011641,1,2023-10-20,1,Changed mind
RT-001090,SO-2023-011783,1,2023-10-20,1,Wrong size
RT-001091,SO-2023-011876,1,2023-10-20,2,Defective
RT-001092,SO-2023-011919,1,2023-10-20,3,Wrong size
RT-001093,SO-2023-011920,2,2023-10-20,1,Changed mind
RT-001094,SO-2023-011119,3,2023-10-21,1,Defective
RT-001095,SO-2023-011497,4,2023-10-21,1,Changed mind
RT-001096,SO-2023-011649,2,2023-10-21,2,Changed mind
RT-001097,SO-2023-011677,1,2023-10-21,1,Wrong size
RT-001098,SO-2023-011712,1,2023-10-21,1,Changed mind
RT-001099,SO-2023-011118,4,2023-10-22,1,Not as described
RT-001100,SO-2023-011325,4,2023-10-22,1,Not as described
RT-001101,SO-2023-011548,3,2023-10-22,1,Defective
RT-001102,SO-2023-011596,3,2023-10-22,1,Wrong size
RT-001103,SO-2023-011225,1,2023-10-23,1,Wrong size
RT-001104,SO-2023-011845,1,2023-10-23,1,Defective
RT-001105,SO-2023-011180,1,2023-10-24,1,Changed mind
RT-001106,SO-2023-011245,1,2023-10-24,1,Defective
RT-001107,SO-2023-011359,1,2023-10-24,1,Wrong size
RT-001108,SO-2023-011640,1,2023-10-24,1,Changed mind
RT-001109,SO-2023-011486,2,2023-10-25,1,Defective
RT-001110,SO-2023-011647,1,2023-10-25,1,Defective
RT-001111,SO-2023-012110,1,2023-10-25,1,Defective
RT-001112,SO-2023-011569,1,2023-10-26,1,Not as described
RT-001113,SO-2023-011689,2,2023-10-26,1,Changed mind
RT-001114,SO-2023-011769,2,2023-10-26,2,Not as described
RT-001115,SO-2023-012000,1,2023-10-26,1,Defective
RT-001116,SO-2023-011348,2,2023-10-28,4,Not as described
RT-001117,SO-2023-011508,2,2023-10-28,2,Wrong size
RT-001118,SO-2023-011372,1,2023-10-29,1,Changed mind
RT-001119,SO-2023-011980,1,2023-10-29,2,Not as described
RT-001120,SO-2023-012169,1,2023-10-29,1,Changed mind
RT-001121,SO-2023-012180,2,2023-10-29,1,Wrong size
RT-001122,SO-2023-012219,2,2023-10-29,2,Wrong size
RT-001123,SO-2023-011722,1,2023-10-30,2,Wrong size
RT-001124,SO-2023-011803,1,2023-10-30,2,Not as described
RT-001125,SO-2023-011804,4,2023-10-30,1,Wrong size
RT-001126,SO-2023-012173,1,2023-10-30,1,Defective
RT-001127,SO-2023-011449,3,2023-10-31,1,Wrong size
RT-001128,SO-2023-011687,1,2023-10-31,2,Changed mind
RT-001129,SO-2023-011706,1,2023-10-31,1,Wrong size
RT-001130,SO-2023-012144,1,2023-10-31,1,Not as described
RT-001131,SO-2023-011882,2,2023-11-01,1,Defective
RT-001132,SO-2023-012061,2,2023-11-01,1,Wrong size
RT-001133,SO-2023-012164,1,2023-11-01,1,Defective
RT-001134,SO-2023-012203,1,2023-11-01,1,Wrong size
RT-001135,SO-2023-012215,2,2023-11-01,1,Damaged in transit
RT-001136,SO-2023-012332,2,2023-11-01,1,Wrong size
RT-001137,SO-2023-011522,2,2023-11-02,2,Changed mind
RT-001138,SO-2023-011622,2,2023-11-02,1,Wrong size
RT-001139,SO-2023-011721,2,2023-11-02,2,Changed mind
RT-001140,SO-2023-011936,1,2023-11-03,1,Changed mind
RT-001141,SO-2023-012019,2,2023-11-03,1,Defective
RT-001142,SO-2023-012129,2,2023-11-03,1,Wrong size
RT-001143,SO-2023-012418,1,2023-11-03,2,Defective
RT-001144,SO-2023-011609,1,2023-11-04,1,Changed mind
RT-001145,SO-2023-011675,2,2023-11-04,1,Defective
RT-001146,SO-2023-011733,4,2023-11-04,1,Changed mind
RT-001147,SO-2023-011913,2,2023-11-04,3,Wrong size
RT-001148,SO-2023-012149,1,2023-11-04,1,Wrong size
RT-001149,SO-2023-011646,2,2023-11-05,1,Changed mind
RT-001150,SO-2023-011905,1,2023-11-05,1,Not as described
RT-001151,SO-2023-011961,1,2023-11-05,1,Wrong size
RT-001152,SO-2023-012234,1,2023-11-05,1,Not as described
RT-001153,SO-2023-012256,1,2023-11-05,1,Changed mind
RT-001154,SO-2023-011771,3,2023-11-06,1,Wrong size
RT-001155,SO-2023-012051,3,2023-11-06,1,Wrong size
RT-001156,SO-2023-011681,1,2023-11-07,1,Defective
RT-001157,SO-2023-011771,1,2023-11-07,1,Damaged in transit
RT-001158,SO-2023-011785,1,2023-11-07,1,Changed mind
RT-001159,SO-2023-012010,4,2023-11-07,2,Wrong size
RT-001160,SO-2023-012090,1,2023-11-07,1,Defective
RT-001161,SO-2023-012507,3,2023-11-07,1,Defective
RT-001162,SO-2023-012414,2,2023-11-08,1,Defective
RT-001163,SO-2023-012593,1,2023-11-08,2,Changed mind
RT-001164,SO-2023-011899,2,2023-11-09,1,Not as described
RT-001165,SO-2023-012142,1,2023-11-09,2,Damaged in transit
RT-001166,SO-2023-012145,3,2023-11-09,1,Wrong size
RT-001167,SO-2023-012248,1,2023-11-09,14,Defective
RT-001168,SO-2023-012255,1,2023-11-09,2,Wrong size
RT-001169,SO-2023-012274,1,2023-11-09,1,Wrong size
RT-001170,SO-2023-012278,2,2023-11-09,1,Wrong size
RT-001171,SO-2023-011779,2,2023-11-10,1,Not as described
RT-001172,SO-2023-011803,2,2023-11-10,2,Changed mind
RT-001173,SO-2023-012064,2,2023-11-10,1,Defective
RT-001174,SO-2023-011966,2,2023-11-11,2,Changed mind
RT-001175,SO-2023-011967,2,2023-11-11,1,Wrong size
RT-001176,SO-2023-012273,3,2023-11-11,2,Changed mind
RT-001177,SO-2023-012611,2,2023-11-11,1,Wrong size
RT-001178,SO-2023-012827,3,2023-11-11,2,Not as described
RT-001179,SO-2023-012224,2,2023-11-12,1,Wrong size
RT-001180,SO-2023-011956,3,2023-11-13,1,Not as described
RT-001181,SO-2023-012386,2,2023-11-13,1,Defective
RT-001182,SO-2023-012805,2,2023-11-13,1,Not as described
RT-001183,SO-2023-012809,2,2023-11-13,1,Wrong size
RT-001184,SO-2023-011890,2,2023-11-14,1,Changed mind
RT-001185,SO-2023-012754,2,2023-11-14,1,Changed mind
RT-001186,SO-2023-011972,1,2023-11-15,2,Wrong size
RT-001187,SO-2023-012603,3,2023-11-15,1,Changed mind
RT-001188,SO-2023-012004,1,2023-11-16,3,Not as described
RT-001189,SO-2023-012468,1,2023-11-16,1,Defective
RT-001190,SO-2023-012518,3,2023-11-16,1,Wrong size
RT-001191,SO-2023-012553,1,2023-11-16,1,Wrong size
RT-001192,SO-2023-012577,1,2023-11-16,1,Wrong size
RT-001193,SO-2023-012197,1,2023-11-17,1,Damaged in transit
RT-001194,SO-2023-012312,1,2023-11-17,1,Wrong size
RT-001195,SO-2023-012381,2,2023-11-17,1,Defective
RT-001196,SO-2023-012771,3,2023-11-17,1,Wrong size
RT-001197,SO-2023-013019,2,2023-11-17,1,Wrong size
RT-001198,SO-2023-012103,1,2023-11-18,1,Defective
RT-001199,SO-2023-012236,1,2023-11-18,3,Wrong size
RT-001200,SO-2023-012830,3,2023-11-18,1,Defective
RT-001201,SO-2023-012183,1,2023-11-19,5,Defective
RT-001202,SO-2023-012325,1,2023-11-19,1,Wrong size
RT-001203,SO-2023-012410,1,2023-11-19,1,Damaged in transit
RT-001204,SO-2023-012974,1,2023-11-19,1,Damaged in transit
RT-001205,SO-2023-013097,2,2023-11-19,1,Changed mind
RT-001206,SO-2023-012251,1,2023-11-20,2,Wrong size
RT-001207,SO-2023-012841,2,2023-11-20,2,Wrong size
RT-001208,SO-2023-012893,1,2023-11-20,1,Not as described
RT-001209,SO-2023-012114,1,2023-11-21,1,Not as described
RT-001210,SO-2023-012151,2,2023-11-21,3,Wrong size
RT-001211,SO-2023-012232,1,2023-11-21,2,Changed mind
RT-001212,SO-2023-012250,1,2023-11-21,1,Wrong size
RT-001213,SO-2023-012516,1,2023-11-21,1,Wrong size
RT-001214,SO-2023-013089,1,2023-11-21,1,Not as described
RT-001215,SO-2023-012194,1,2023-11-22,1,Changed mind
RT-001216,SO-2023-012226,2,2023-11-22,3,Changed mind
RT-001217,SO-2023-012385,2,2023-11-22,1,Not as described
RT-001218,SO-2023-012548,3,2023-11-22,1,Defective
RT-001219,SO-2023-012623,1,2023-11-23,21,Damaged in transit
RT-001220,SO-2023-012954,1,2023-11-23,1,Wrong size
RT-001221,SO-2023-013307,1,2023-11-23,3,Wrong size
RT-001222,SO-2023-012715,1,2023-11-24,1,Wrong size
RT-001223,SO-2023-013015,1,2023-11-24,1,Wrong size
RT-001224,SO-2023-013140,2,2023-11-24,2,Wrong size
RT-001225,SO-2023-013390,2,2023-11-24,1,Defective
RT-001226,SO-2023-012475,1,2023-11-25,1,Wrong size
RT-001227,SO-2023-012991,2,2023-11-25,1,Not as described
RT-001228,SO-2023-013034,1,2023-11-25,1,Defective
RT-001229,SO-2023-013280,4,2023-11-25,1,Not as described
RT-001230,SO-2023-013442,4,2023-11-25,1,Defective
RT-001231,SO-2023-012381,1,2023-11-26,3,Wrong size
RT-001232,SO-2023-013233,1,2023-11-26,1,Defective
RT-001233,SO-2023-013267,2,2023-11-26,1,Wrong size
RT-001234,SO-2023-013436,3,2023-11-26,1,Damaged in transit
RT-001235,SO-2023-012558,2,2023-11-27,2,Wrong size
RT-001236,SO-2023-012648,1,2023-11-27,1,Defective
RT-001237,SO-2023-013317,4,2023-11-27,1,Wrong size
RT-001238,SO-2023-013439,2,2023-11-27,1,Not as described
RT-001239,SO-2023-012635,1,2023-11-28,1,Wrong size
RT-001240,SO-2023-012641,3,2023-11-28,1,Changed mind
RT-001241,SO-2023-013129,1,2023-11-28,1,Not as described
RT-001242,SO-2023-013248,1,2023-11-28,3,Wrong size
RT-001243,SO-2023-013276,2,2023-11-28,1,Damaged in transit
RT-001244,SO-2023-013694,1,2023-11-28,2,Wrong size
RT-001245,SO-2023-012619,1,2023-11-29,2,Damaged in transit
RT-001246,SO-2023-013140,3,2023-11-29,1,Wrong size
RT-001247,SO-2023-012459,3,2023-11-30,1,Wrong size
RT-001248,SO-2023-012720,1,2023-11-30,1,Defective
RT-001249,SO-2023-013270,2,2023-11-30,1,Defective
RT-001250,SO-2023-013405,3,2023-11-30,1,Wrong size
RT-001251,SO-2023-013595,4,2023-11-30,1,Changed mind
RT-001252,SO-2023-013643,1,2023-11-30,1,Defective
RT-001253,SO-2023-012494,2,2023-12-01,1,Changed mind
RT-001254,SO-2023-012770,1,2023-12-01,3,Wrong size
RT-001255,SO-2023-013001,3,2023-12-01,1,Wrong size
RT-001256,SO-2023-013061,1,2023-12-01,3,Wrong size
RT-001257,SO-2023-013334,1,2023-12-01,1,Wrong size
RT-001258,SO-2023-013684,1,2023-12-01,1,Changed mind
RT-001259,SO-2023-013785,1,2023-12-01,1,Defective
RT-001260,SO-2023-012628,1,2023-12-02,1,Damaged in transit
RT-001261,SO-2023-012694,2,2023-12-03,1,Not as described
RT-001262,SO-2023-012745,1,2023-12-03,1,Wrong size
RT-001263,SO-2023-013234,4,2023-12-03,1,Defective
RT-001264,SO-2023-013311,1,2023-12-03,1,Changed mind
RT-001265,SO-2023-013699,1,2023-12-03,1,Wrong size
RT-001266,SO-2023-013756,2,2023-12-03,1,Wrong size
RT-001267,SO-2023-013918,1,2023-12-03,2,Defective
RT-001268,SO-2023-013976,2,2023-12-03,1,Damaged in transit
RT-001269,SO-2023-012601,2,2023-12-04,3,Changed mind
RT-001270,SO-2023-013045,2,2023-12-04,1,Defective
RT-001271,SO-2023-013150,1,2023-12-04,1,Changed mind
RT-001272,SO-2023-013160,1,2023-12-04,3,Not as described
RT-001273,SO-2023-013561,2,2023-12-04,1,Wrong size
RT-001274,SO-2023-014063,1,2023-12-04,1,Wrong size
RT-001275,SO-2023-012986,1,2023-12-05,1,Wrong size
RT-001276,SO-2023-013754,3,2023-12-05,1,Wrong size
RT-001277,SO-2023-013855,1,2023-12-05,2,Changed mind
RT-001278,SO-2023-013324,1,2023-12-06,1,Wrong size
RT-001279,SO-2023-013440,1,2023-12-06,1,Defective
RT-001280,SO-2023-012726,4,2023-12-07,1,Wrong size
RT-001281,SO-2023-012871,1,2023-12-07,1,Wrong size
RT-001282,SO-2023-013272,2,2023-12-07,2,Wrong size
RT-001283,SO-2023-013628,1,2023-12-07,1,Defective
RT-001284,SO-2023-013740,3,2023-12-07,1,Wrong size
RT-001285,SO-2023-014157,1,2023-12-07,1,Not as described
RT-001286,SO-2023-013620,1,2023-12-08,2,Wrong size
RT-001287,SO-2023-013660,1,2023-12-08,1,Wrong size
RT-001288,SO-2023-013678,1,2023-12-08,2,Wrong size
RT-001289,SO-2023-013814,1,2023-12-08,1,Changed mind
RT-001290,SO-2023-014247,1,2023-12-08,1,Defective
RT-001291,SO-2023-013621,1,2023-12-09,1,Wrong size
RT-001292,SO-2023-013854,1,2023-12-09,1,Defective
RT-001293,SO-2023-013940,1,2023-12-09,1,Damaged in transit
RT-001294,SO-2023-013005,2,2023-12-10,1,Wrong size
RT-001295,SO-2023-013462,1,2023-12-10,1,Damaged in transit
RT-001296,SO-2023-013564,1,2023-12-10,1,Not as described
RT-001297,SO-2023-013737,1,2023-12-10,1,Wrong size
RT-001298,SO-2023-013781,1,2023-12-10,1,Changed mind
RT-001299,SO-2023-013843,1,2023-12-10,2,Wrong size
RT-001300,SO-2023-014099,1,2023-12-10,1,Not as described
RT-001301,SO-2023-014132,2,2023-12-10,3,Changed mind
RT-001302,SO-2023-013460,1,2023-12-11,1,Changed mind
RT-001303,SO-2023-013733,2,2023-12-11,1,Changed mind
RT-001304,SO-2023-013808,1,2023-12-11,1,Wrong size
RT-001305,SO-2023-014419,2,2023-12-11,2,Wrong size
RT-001306,SO-2023-013391,1,2023-12-12,1,Changed mind
RT-001307,SO-2023-013690,3,2023-12-12,1,Changed mind
RT-001308,SO-2023-013896,4,2023-12-12,1,Wrong size
RT-001309,SO-2023-013922,2,2023-12-12,1,Changed mind
RT-001310,SO-2023-014069,1,2023-12-12,1,Defective
RT-001311,SO-2023-014410,3,2023-12-12,1,Changed mind
RT-001312,SO-2023-013135,1,2023-12-13,5,Changed mind
RT-001313,SO-2023-013355,2,2023-12-13,1,Changed mind
RT-001314,SO-2023-013396,2,2023-12-13,2,Defective
RT-001315,SO-2023-013482,4,2023-12-13,1,Defective
RT-001316,SO-2023-013531,3,2023-12-13,3,Wrong size
RT-001317,SO-2023-013542,1,2023-12-13,1,Defective
RT-001318,SO-2023-013882,3,2023-12-13,2,Wrong size
RT-001319,SO-2023-013950,2,2023-12-13,1,Changed mind
RT-001320,SO-2023-013999,1,2023-12-13,1,Wrong size
RT-001321,SO-2023-014205,2,2023-12-13,1,Not as described
RT-001322,SO-2023-014226,1,2023-12-13,1,Changed mind
RT-001323,SO-2023-013091,1,2023-12-14,1,Wrong size
RT-001324,SO-2023-013182,1,2023-12-14,2,Changed mind
RT-001325,SO-2023-013623,2,2023-12-14,3,Wrong size
RT-001326,SO-2023-014043,4,2023-12-14,1,Changed mind
RT-001327,SO-2023-014211,3,2023-12-14,2,Wrong size
RT-001328,SO-2023-014382,1,2023-12-14,1,Changed mind
RT-001329,SO-2023-013171,1,2023-12-15,2,Wrong size
RT-001330,SO-2023-013647,2,2023-12-15,1,Defective
RT-001331,SO-2023-013805,1,2023-12-15,1,Wrong size
RT-001332,SO-2023-014043,3,2023-12-15,1,Changed mind
RT-001333,SO-2023-014224,2,2023-12-15,5,Changed mind
RT-001334,SO-2023-014287,1,2023-12-15,2,Wrong size
RT-001335,SO-2023-014410,1,2023-12-15,2,Defective
RT-001336,SO-2023-013167,1,2023-12-16,1,Wrong size
RT-001337,SO-2023-013757,2,2023-12-16,1,Defective
RT-001338,SO-2023-013897,1,2023-12-16,1,Damaged in transit
RT-001339,SO-2023-013935,3,2023-12-16,1,Changed mind
RT-001340,SO-2023-014140,3,2023-12-16,1,Wrong size
RT-001341,SO-2023-014521,1,2023-12-16,2,Changed mind
RT-001342,SO-2023-014641,1,2023-12-16,1,Wrong size
RT-001343,SO-2023-014667,2,2023-12-16,1,Changed mind
RT-001344,SO-2023-013305,2,2023-12-17,2,Wrong size
RT-001345,SO-2023-013410,2,2023-12-17,2,Wrong size
RT-001346,SO-2023-013446,2,2023-12-17,1,Changed mind
RT-001347,SO-2023-013560,3,2023-12-17,5,Wrong size
RT-001348,SO-2023-013646,2,2023-12-17,2,Damaged in transit
RT-001349,SO-2023-013691,1,2023-12-17,1,Not as described
RT-001350,SO-2023-013935,1,2023-12-17,2,Wrong size
RT-001351,SO-2023-013952,1,2023-12-17,2,Defective
RT-001352,SO-2023-014149,2,2023-12-17,2,Changed mind
RT-001353,SO-2023-014211,2,2023-12-17,1,Changed mind
RT-001354,SO-2023-013300,1,2023-12-18,1,Wrong size
RT-001355,SO-2023-013333,1,2023-12-18,1,Changed mind
RT-001356,SO-2023-013448,1,2023-12-18,1,Wrong size
RT-001357,SO-2023-013497,1,2023-12-18,1,Wrong size
RT-001358,SO-2023-013560,1,2023-12-18,2,Changed mind
RT-001359,SO-2023-013576,3,2023-12-18,2,Defective
RT-001360,SO-2023-013614,1,2023-12-18,1,Defective
RT-001361,SO-2023-014045,1,2023-12-18,1,Defective
RT-001362,SO-2023-014218,1,2023-12-18,1,Not as described
RT-001363,SO-2023-014240,1,2023-12-18,1,Wrong size
RT-001364,SO-2023-014507,1,2023-12-18,1,Defective
RT-001365,SO-2023-013456,1,2023-12-19,1,Changed mind
RT-001366,SO-2023-014161,1,2023-12-19,3,Not as described
RT-001367,SO-2023-014300,1,2023-12-19,2,Not as described
RT-001368,SO-2023-014502,1,2023-12-19,1,Wrong size
RT-001369,SO-2023-014549,2,2023-12-19,2,Changed mind
RT-001370,SO-2023-014797,1,2023-12-19,1,Wrong size
RT-001371,SO-2023-013555,1,2023-12-20,1,Wrong size
RT-001372,SO-2023-013565,2,2023-12-20,2,Defective
RT-001373,SO-2023-013642,1,2023-12-20,7,Damaged in transit
RT-001374,SO-2023-014268,2,2023-12-20,1,Changed mind
RT-001375,SO-2023-014504,1,2023-12-20,1,Defective
RT-001376,SO-2023-014506,1,2023-12-20,3,Defective
RT-001377,SO-2023-014551,2,2023-12-20,1,Defective
RT-001378,SO-2023-013742,1,2023-12-21,1,Wrong size
RT-001379,SO-2023-014842,3,2023-12-21,1,Wrong size
RT-001380,SO-2023-013433,1,2023-12-22,1,Damaged in transit
RT-001381,SO-2023-013508,1,2023-12-22,1,Wrong size
RT-001382,SO-2023-013735,2,2023-12-22,2,Defective
RT-001383,SO-2023-013762,1,2023-12-22,1,Defective
RT-001384,SO-2023-014743,2,2023-12-22,1,Not as described
RT-001385,SO-2023-013731,2,2023-12-23,1,Wrong size
RT-001386,SO-2023-014006,3,2023-12-23,1,Changed mind
RT-001387,SO-2023-014125,1,2023-12-23,2,Defective
RT-001388,SO-2023-014193,3,2023-12-23,3,Changed mind
RT-001389,SO-2023-014251,1,2023-12-23,1,Changed mind
RT-001390,SO-2023-014357,2,2023-12-23,2,Defective
RT-001391,SO-2023-014442,1,2023-12-23,3,Wrong size
RT-001392,SO-2023-013844,1,2023-12-24,2,Defective
RT-001393,SO-2023-014175,1,2023-12-24,1,Wrong size
RT-001394,SO-2023-014199,1,2023-12-24,1,Damaged in transit
RT-001395,SO-2023-014339,1,2023-12-24,1,Damaged in transit
RT-001396,SO-2023-014441,1,2023-12-24,1,Damaged in transit
RT-001397,SO-2023-015154,1,2023-12-24,1,Damaged in transit
RT-001398,SO-2023-013683,1,2023-12-25,2,Wrong size
RT-001399,SO-2023-013719,2,2023-12-25,1,Damaged in transit
RT-001400,SO-2023-013824,1,2023-12-25,2,Changed mind
RT-001401,SO-2023-014037,1,2023-12-25,2,Defective
RT-001402,SO-2023-014162,1,2023-12-25,1,Changed mind
RT-001403,SO-2023-014173,1,2023-12-25,1,Changed mind
RT-001404,SO-2023-014698,2,2023-12-25,2,Not as described
RT-001405,SO-2023-015100,1,2023-12-25,2,Damaged in transit
RT-001406,SO-2023-014141,2,2023-12-26,2,Defective
RT-001407,SO-2023-014252,1,2023-12-26,1,Changed mind
RT-001408,SO-2023-014292,1,2023-12-26,1,Defective
RT-001409,SO-2023-014600,1,2023-12-26,1,Wrong size
RT-001410,SO-2023-014697,1,2023-12-26,1,Changed mind
RT-001411,SO-2023-014729,3,2023-12-26,1,Changed mind
RT-001412,SO-2023-014779,1,2023-12-26,1,Wrong size
RT-001413,SO-2023-014021,1,2023-12-27,1,Changed mind
RT-001414,SO-2023-014163,4,2023-12-27,1,Not as described
RT-001415,SO-2023-014179,3,2023-12-27,1,Changed mind
RT-001416,SO-2023-014525,1,2023-12-27,1,Damaged in transit
RT-001417,SO-2023-014706,1,2023-12-27,1,Defective
RT-001418,SO-2023-014850,1,2023-12-27,2,Changed mind
RT-001419,SO-2023-014981,4,2023-12-27,1,Changed mind
RT-001420,SO-2023-013876,1,2023-12-28,2,Defective
RT-001421,SO-2023-013932,1,2023-12-28,1,Changed mind
RT-001422,SO-2023-014134,1,2023-12-28,1,Wrong size
RT-001423,SO-2023-014590,1,2023-12-28,1,Changed mind
RT-001424,SO-2023-014979,1,2023-12-28,2,Wrong size
RT-001425,SO-2023-015232,1,2023-12-28,1,Wrong size
RT-001426,SO-2023-014084,1,2023-12-29,9,Defective
RT-001427,SO-2023-014669,2,2023-12-29,1,Defective
RT-001428,SO-2023-014234,2,2023-12-30,2,Changed mind
RT-001429,SO-2023-014744,3,2023-12-30,1,Wrong size
RT-001430,SO-2023-014868,2,2023-12-30,1,Changed mind
RT-001431,SO-2023-014895,1,2023-12-30,1,Wrong size
RT-001432,SO-2023-015063,1,2023-12-30,1,Defective
RT-001433,SO-2023-015067,1,2023-12-30,1,Changed mind
RT-001434,SO-2023-015119,2,2023-12-30,1,Defective
RT-001435,SO-2023-015186,1,2023-12-30,1,Changed mind
RT-001436,SO-2023-015238,1,2023-12-30,1,Not as described
RT-001437,SO-2023-015251,1,2023-12-30,1,Not as described
RT-001438,SO-2023-015388,1,2023-12-30,1,Wrong size
RT-001439,SO-2023-014355,1,2023-12-31,1,Wrong size
RT-001440,SO-2023-014429,1,2023-12-31,3,Wrong size
RT-001441,SO-2023-015473,2,2023-12-31,2,Wrong size
RT-001442,SO-2023-014121,2,2024-01-01,1,Changed mind
RT-001443,SO-2023-014163,2,2024-01-01,1,Not as described
RT-001444,SO-2023-014255,1,2024-01-01,1,Defective
RT-001445,SO-2023-014442,3,2024-01-01,1,Wrong size
RT-001446,SO-2023-014501,1,2024-01-01,1,Defective
RT-001447,SO-2023-014640,2,2024-01-01,7,Damaged in transit
RT-001448,SO-2023-014949,2,2024-01-01,1,Not as described
RT-001449,SO-2023-014690,2,2024-01-02,1,Changed mind
RT-001450,SO-2023-014912,1,2024-01-02,1,Changed mind
RT-001451,SO-2023-015486,2,2024-01-02,1,Changed mind
RT-001452,SO-2023-014211,4,2024-01-03,1,Wrong size
RT-001453,SO-2023-014888,1,2024-01-03,1,Defective
RT-001454,SO-2023-014931,1,2024-01-03,1,Wrong size
RT-001455,SO-2023-014985,1,2024-01-03,1,Changed mind
RT-001456,SO-2023-015023,1,2024-01-03,1,Changed mind
RT-001457,SO-2023-015104,2,2024-01-03,1,Wrong size
RT-001458,SO-2023-015448,3,2024-01-03,2,Not as described
RT-001459,SO-2023-015546,1,2024-01-03,1,Wrong size
RT-001460,SO-2023-014497,2,2024-01-04,1,Changed mind
RT-001461,SO-2023-014983,2,2024-01-04,1,Defective
RT-001462,SO-2023-015175,1,2024-01-04,1,Wrong size
RT-001463,SO-2023-015343,1,2024-01-04,1,Wrong size
RT-001464,SO-2023-015468,2,2024-01-04,3,Wrong size
RT-001465,SO-2023-015473,1,2024-01-04,1,Defective
RT-001466,SO-2023-015580,2,2024-01-04,1,Changed mind
RT-001467,SO-2023-014883,1,2024-01-05,2,Defective
RT-001468,SO-2023-014314,1,2024-01-07,1,Not as described
RT-001469,SO-2023-014325,2,2024-01-07,1,Wrong size
RT-001470,SO-2023-014337,1,2024-01-07,1,Damaged in transit
RT-001471,SO-2023-014420,1,2024-01-07,1,Wrong size
RT-001472,SO-2023-014827,1,2024-01-07,1,Not as described
RT-001473,SO-2023-015333,2,2024-01-07,1,Changed mind
RT-001474,SO-2023-015337,1,2024-01-07,1,Changed mind
RT-001475,SO-2024-000049,1,2024-01-07,1,Wrong size
RT-001476,SO-2024-000074,3,2024-01-07,2,Changed mind
RT-001477,SO-2023-014578,2,2024-01-08,1,Wrong size
RT-001478,SO-2023-014804,1,2024-01-08,1,Wrong size
RT-001479,SO-2023-015373,3,2024-01-08,1,Defective
RT-001480,SO-2023-015484,1,2024-01-08,1,Wrong size
RT-001481,SO-2023-014508,4,2024-01-09,2,Defective
RT-001482,SO-2023-014941,1,2024-01-09,1,Defective
RT-001483,SO-2023-015167,1,2024-01-09,1,Wrong size
RT-001484,SO-2023-015359,1,2024-01-09,1,Wrong size
RT-001485,SO-2023-015381,1,2024-01-09,1,Damaged in transit
RT-001486,SO-2023-014664,3,2024-01-10,1,Changed mind
RT-001487,SO-2023-014692,3,2024-01-10,1,Changed mind
RT-001488,SO-2023-014947,2,2024-01-10,1,Changed mind
RT-001489,SO-2023-015045,2,2024-01-10,1,Damaged in transit
RT-001490,SO-2023-015168,1,2024-01-10,2,Wrong size
RT-001491,SO-2023-015479,2,2024-01-10,2,Defective
RT-001492,SO-2023-015135,1,2024-01-11,1,Damaged in transit
RT-001493,SO-2023-015149,1,2024-01-11,1,Wrong size
RT-001494,SO-2023-015326,1,2024-01-11,1,Damaged in transit
RT-001495,SO-2023-015357,2,2024-01-11,4,Damaged in transit
RT-001496,SO-2024-000021,1,2024-01-11,1,Changed mind
RT-001497,SO-2023-014644,2,2024-01-12,2,Damaged in transit
RT-001498,SO-2023-014984,3,2024-01-12,1,Defective
RT-001499,SO-2023-015471,1,2024-01-12,1,Changed mind
RT-001500,SO-2023-015574,3,2024-01-12,1,Defective
RT-001501,SO-2024-000243,1,2024-01-12,1,Defective
RT-001502,SO-2023-014746,1,2024-01-13,2,Changed mind
RT-001503,SO-2023-015476,1,2024-01-13,1,Changed mind
RT-001504,SO-2023-015538,1,2024-01-13,1,Changed mind
RT-001505,SO-2023-015560,1,2024-01-13,2,Defective
RT-001506,SO-2023-015187,1,2024-01-14,2,Damaged in transit
RT-001507,SO-2023-015312,4,2024-01-14,1,Wrong size
RT-001508,SO-2023-015422,2,2024-01-14,1,Changed mind
RT-001509,SO-2023-015566,3,2024-01-14,1,Defective
RT-001510,SO-2024-000080,1,2024-01-14,1,Changed mind
RT-001511,SO-2024-000276,1,2024-01-14,1,Wrong size
RT-001512,SO-2023-014873,4,2024-01-15,1,Wrong size
RT-001513,SO-2023-015001,1,2024-01-15,1,Defective
RT-001514,SO-2023-015189,1,2024-01-15,1,Defective
RT-001515,SO-2023-015563,1,2024-01-15,4,Wrong size
RT-001516,SO-2024-000138,1,2024-01-15,2,Wrong size
RT-001517,SO-2023-014853,1,2024-01-16,1,Not as described
RT-001518,SO-2023-014987,2,2024-01-17,1,Changed mind
RT-001519,SO-2023-015362,1,2024-01-17,1,Defective
RT-001520,SO-2023-015556,1,2024-01-17,1,Changed mind
RT-001521,SO-2024-000004,2,2024-01-17,1,Changed mind
RT-001522,SO-2024-000090,1,2024-01-17,1,Defective
RT-001523,SO-2024-000247,1,2024-01-17,3,Changed mind
RT-001524,SO-2023-014959,2,2024-01-18,2,Wrong size
RT-001525,SO-2023-015196,2,2024-01-18,1,Changed mind
RT-001526,SO-2024-000073,1,2024-01-18,1,Defective
RT-001527,SO-2023-015083,1,2024-01-20,1,Changed mind
RT-001528,SO-2023-015295,1,2024-01-20,1,Wrong size
RT-001529,SO-2023-015419,4,2024-01-20,1,Defective
RT-001530,SO-2024-000212,4,2024-01-20,1,Changed mind
RT-001531,SO-2024-000290,1,2024-01-20,3,Not as described
RT-001532,SO-2023-015138,1,2024-01-21,1,Wrong size
RT-001533,SO-2023-015308,3,2024-01-21,1,Wrong size
RT-001534,SO-2023-015570,2,2024-01-21,1,Not as described
RT-001535,SO-2024-000015,2,2024-01-21,1,Wrong size
RT-001536,SO-2024-000058,2,2024-01-21,1,Wrong size
RT-001537,SO-2024-000232,1,2024-01-21,1,Changed mind
RT-001538,SO-2024-000253,1,2024-01-21,1,Wrong size
RT-001539,SO-2024-000352,3,2024-01-21,1,Changed mind
RT-001540,SO-2023-015245,2,2024-01-23,1,Changed mind
RT-001541,SO-2023-015470,1,2024-01-23,1,Changed mind
RT-001542,SO-2024-000044,3,2024-01-23,1,Not as described
RT-001543,SO-2024-000283,1,2024-01-23,1,Not as described
RT-001544,SO-2024-000111,1,2024-01-24,2,Changed mind
RT-001545,SO-2024-000215,1,2024-01-24,1,Wrong size
RT-001546,SO-2023-015455,1,2024-01-26,1,Changed mind
RT-001547,SO-2024-000255,1,2024-01-27,1,Wrong size
RT-001548,SO-2024-000386,2,2024-01-27,1,Changed mind
RT-001549,SO-2024-000425,1,2024-01-27,2,Defective
RT-001550,SO-2023-015490,1,2024-01-28,2,Not as described
RT-001551,SO-2024-000429,3,2024-01-28,1,Wrong size
RT-001552,SO-2024-000592,3,2024-01-28,1,Wrong size
RT-001553,SO-2024-000220,1,2024-01-29,1,Wrong size
RT-001554,SO-2024-000164,2,2024-01-30,1,Wrong size
RT-001555,SO-2024-000245,1,2024-01-30,2,Not as described
RT-001556,SO-2024-000616,1,2024-01-30,2,Defective
RT-001557,SO-2024-000143,1,2024-01-31,2,Wrong size
RT-001558,SO-2024-000169,1,2024-01-31,2,Changed mind
RT-001559,SO-2024-000346,1,2024-01-31,2,Wrong size
RT-001560,SO-2024-000578,3,2024-01-31,1,Changed mind
RT-001561,SO-2024-000506,1,2024-02-01,1,Not as described
RT-001562,SO-2024-000104,1,2024-02-02,1,Wrong size
RT-001563,SO-2024-000236,1,2024-02-02,2,Defective
RT-001564,SO-2024-000439,1,2024-02-02,1,Wrong size
RT-001565,SO-2024-000602,2,2024-02-02,1,Changed mind
RT-001566,SO-2024-000537,1,2024-02-03,1,Changed mind
RT-001567,SO-2024-000580,2,2024-02-03,1,Defective
RT-001568,SO-2024-000716,3,2024-02-03,1,Not as described
RT-001569,SO-2024-000488,2,2024-02-04,1,Changed mind
RT-001570,SO-2024-000737,1,2024-02-04,1,Defective
RT-001571,SO-2024-000252,1,2024-02-05,2,Changed mind
RT-001572,SO-2024-000331,1,2024-02-05,1,Not as described
RT-001573,SO-2024-000552,2,2024-02-05,1,Wrong size
RT-001574,SO-2024-000552,3,2024-02-05,1,Wrong size
RT-001575,SO-2024-000685,1,2024-02-05,1,Defective
RT-001576,SO-2024-000352,1,2024-02-06,2,Wrong size
RT-001577,SO-2024-000360,3,2024-02-06,1,Wrong size
RT-001578,SO-2024-000427,3,2024-02-06,1,Not as described
RT-001579,SO-2024-000577,3,2024-02-06,1,Not as described
RT-001580,SO-2024-000810,3,2024-02-06,1,Wrong size
RT-001581,SO-2024-000194,1,2024-02-07,2,Changed mind
RT-001582,SO-2024-000374,1,2024-02-07,1,Changed mind
RT-001583,SO-2024-000385,1,2024-02-08,1,Defective
RT-001584,SO-2024-000795,1,2024-02-08,1,Wrong size
RT-001585,SO-2024-000270,1,2024-02-10,1,Wrong size
RT-001586,SO-2024-000294,1,2024-02-11,1,Wrong size
RT-001587,SO-2024-000300,1,2024-02-11,1,Defective
RT-001588,SO-2024-000401,1,2024-02-11,1,Wrong size
RT-001589,SO-2024-000408,1,2024-02-11,1,Wrong size
RT-001590,SO-2024-000717,3,2024-02-11,1,Changed mind
RT-001591,SO-2024-000826,2,2024-02-11,2,Defective
RT-001592,SO-2024-000431,2,2024-02-12,1,Changed mind
RT-001593,SO-2024-000535,3,2024-02-12,1,Wrong size
RT-001594,SO-2024-000544,1,2024-02-12,1,Wrong size
RT-001595,SO-2024-000640,2,2024-02-12,1,Changed mind
RT-001596,SO-2024-000834,2,2024-02-12,4,Defective
RT-001597,SO-2024-000978,1,2024-02-12,1,Wrong size
RT-001598,SO-2024-001004,1,2024-02-13,1,Damaged in transit
RT-001599,SO-2024-000383,1,2024-02-14,1,Defective
RT-001600,SO-2024-000555,2,2024-02-14,1,Changed mind
RT-001601,SO-2024-000634,3,2024-02-14,1,Changed mind
RT-001602,SO-2024-000928,2,2024-02-14,1,Wrong size
RT-001603,SO-2024-000995,2,2024-02-15,2,Defective
RT-001604,SO-2024-000610,1,2024-02-16,1,Defective
RT-001605,SO-2024-000687,1,2024-02-17,1,Changed mind
RT-001606,SO-2024-000947,3,2024-02-17,2,Defective
RT-001607,SO-2024-000631,1,2024-02-18,1,Changed mind
RT-001608,SO-2024-000646,2,2024-02-18,4,Wrong size
RT-001609,SO-2024-000723,2,2024-02-18,1,Wrong size
RT-001610,SO-2024-000562,2,2024-02-19,2,Changed mind
RT-001611,SO-2024-000796,2,2024-02-19,1,Defective
RT-001612,SO-2024-000972,2,2024-02-19,1,Defective
RT-001613,SO-2024-001025,1,2024-02-19,1,Changed mind
RT-001614,SO-2024-000776,3,2024-02-20,1,Changed mind
RT-001615,SO-2024-000988,1,2024-02-20,2,Changed mind
RT-001616,SO-2024-000766,3,2024-02-21,1,Defective
RT-001617,SO-2024-000585,1,2024-02-22,1,Defective
RT-001618,SO-2024-000662,2,2024-02-22,1,Changed mind
RT-001619,SO-2024-001020,2,2024-02-22,2,Wrong size
RT-001620,SO-2024-001067,1,2024-02-22,2,Damaged in transit
RT-001621,SO-2024-000814,4,2024-02-23,4,Damaged in transit
RT-001622,SO-2024-000847,1,2024-02-23,1,Defective
RT-001623,SO-2024-001181,2,2024-02-23,1,Wrong size
RT-001624,SO-2024-000805,1,2024-02-24,2,Wrong size
RT-001625,SO-2024-000952,1,2024-02-24,2,Defective
RT-001626,SO-2024-000628,2,2024-02-25,1,Defective
RT-001627,SO-2024-000860,1,2024-02-25,1,Wrong size
RT-001628,SO-2024-001190,1,2024-02-25,1,Not as described
RT-001629,SO-2024-000633,2,2024-02-26,2,Changed mind
RT-001630,SO-2024-001010,1,2024-02-26,1,Changed mind
RT-001631,SO-2024-001112,1,2024-02-27,1,Wrong size
RT-001632,SO-2024-000761,4,2024-02-28,2,Wrong size
RT-001633,SO-2024-001354,2,2024-02-28,1,Not as described
RT-001634,SO-2024-001059,2,2024-02-29,1,Not as described
RT-001635,SO-2024-001069,1,2024-03-01,1,Defective
RT-001636,SO-2024-001317,1,2024-03-01,5,Wrong size
RT-001637,SO-2024-001325,2,2024-03-02,1,Not as described
RT-001638,SO-2024-001231,1,2024-03-03,1,Defective
RT-001639,SO-2024-001473,1,2024-03-03,1,Damaged in transit
RT-001640,SO-2024-000890,1,2024-03-04,1,Defective
RT-001641,SO-2024-000869,1,2024-03-06,1,Changed mind
RT-001642,SO-2024-000881,2,2024-03-06,1,Defective
RT-001643,SO-2024-001378,2,2024-03-06,1,Damaged in transit
RT-001644,SO-2024-001586,2,2024-03-06,1,Wrong size
RT-001645,SO-2024-001338,1,2024-03-07,2,Wrong size
RT-001646,SO-2024-001648,1,2024-03-07,1,Not as described
RT-001647,SO-2024-000966,1,2024-03-08,1,Changed mind
RT-001648,SO-2024-001398,1,2024-03-08,2,Changed mind
RT-001649,SO-2024-001469,2,2024-03-08,1,Wrong size
RT-001650,SO-2024-001537,3,2024-03-08,2,Wrong size
RT-001651,SO-2024-000925,2,2024-03-09,1,Wrong size
RT-001652,SO-2024-001017,1,2024-03-09,1,Not as described
RT-001653,SO-2024-001054,1,2024-03-10,1,Changed mind
RT-001654,SO-2024-001129,2,2024-03-10,3,Wrong size
RT-001655,SO-2024-001347,2,2024-03-10,1,Defective
RT-001656,SO-2024-001301,2,2024-03-11,1,Changed mind
RT-001657,SO-2024-001382,1,2024-03-11,1,Not as described
RT-001658,SO-2024-001197,2,2024-03-12,1,Not as described
RT-001659,SO-2024-001395,2,2024-03-12,2,Wrong size
RT-001660,SO-2024-001713,1,2024-03-12,1,Wrong size
RT-001661,SO-2024-001590,2,2024-03-13,2,Defective
RT-001662,SO-2024-001232,1,2024-03-14,1,Not as described
RT-001663,SO-2024-001709,1,2024-03-14,1,Not as described
RT-001664,SO-2024-001134,2,2024-03-15,1,Wrong size
RT-001665,SO-2024-001248,2,2024-03-15,2,Wrong size
RT-001666,SO-2024-001494,1,2024-03-15,1,Changed mind
RT-001667,SO-2024-001245,3,2024-03-16,1,Wrong size
RT-001668,SO-2024-001255,1,2024-03-16,1,Wrong size
RT-001669,SO-2024-001354,1,2024-03-16,2,Defective
RT-001670,SO-2024-001362,1,2024-03-16,1,Defective
RT-001671,SO-2024-001573,1,2024-03-16,1,Changed mind
RT-001672,SO-2024-001656,2,2024-03-16,1,Defective
RT-001673,SO-2024-001754,3,2024-03-16,1,Changed mind
RT-001674,SO-2024-001823,1,2024-03-16,1,Wrong size
RT-001675,SO-2024-001882,2,2024-03-16,1,Damaged in transit
RT-001676,SO-2024-001915,2,2024-03-16,1,Defective
RT-001677,SO-2024-001966,2,2024-03-16,3,Not as described
RT-001678,SO-2024-001202,1,2024-03-17,1,Damaged in transit
RT-001679,SO-2024-001356,3,2024-03-18,6,Damaged in transit
RT-001680,SO-2024-001411,2,2024-03-18,1,Defective
RT-001681,SO-2024-002040,2,2024-03-18,2,Damaged in transit
RT-001682,SO-2024-001516,1,2024-03-19,1,Defective
RT-001683,SO-2024-001684,1,2024-03-19,1,Defective
RT-001684,SO-2024-001747,1,2024-03-19,2,Changed mind
RT-001685,SO-2024-001826,3,2024-03-19,2,Changed mind
RT-001686,SO-2024-001987,1,2024-03-19,3,Defective
RT-001687,SO-2024-002119,3,2024-03-19,1,Defective
RT-001688,SO-2024-001318,2,2024-03-20,1,Changed mind
RT-001689,SO-2024-001668,1,2024-03-20,1,Damaged in transit
RT-001690,SO-2024-001913,1,2024-03-20,2,Changed mind
RT-001691,SO-2024-001413,1,2024-03-21,1,Changed mind
RT-001692,SO-2024-001522,2,2024-03-21,1,Defective
RT-001693,SO-2024-001927,2,2024-03-21,1,Wrong size
RT-001694,SO-2024-002177,1,2024-03-21,1,Changed mind
RT-001695,SO-2024-001981,1,2024-03-22,1,Changed mind
RT-001696,SO-2024-001647,4,2024-03-24,2,Wrong size
RT-001697,SO-2024-001685,1,2024-03-24,1,Defective
RT-001698,SO-2024-001808,2,2024-03-24,3,Defective
RT-001699,SO-2024-001908,1,2024-03-24,1,Defective
RT-001700,SO-2024-001794,1,2024-03-25,2,Wrong size
RT-001701,SO-2024-002083,3,2024-03-25,1,Wrong size
RT-001702,SO-2024-002174,2,2024-03-25,1,Defective
RT-001703,SO-2024-001409,2,2024-03-26,1,Changed mind
RT-001704,SO-2024-001528,1,2024-03-26,1,Changed mind
RT-001705,SO-2024-001624,1,2024-03-26,1,Changed mind
RT-001706,SO-2024-001909,1,2024-03-26,2,Changed mind
RT-001707,SO-2024-002025,2,2024-03-26,1,Changed mind
RT-001708,SO-2024-002260,1,2024-03-26,2,Changed mind
RT-001709,SO-2024-001914,1,2024-03-27,1,Changed mind
RT-001710,SO-2024-001967,1,2024-03-27,3,Not as described
RT-001711,SO-2024-002118,3,2024-03-27,1,Wrong size
RT-001712,SO-2024-001550,2,2024-03-28,2,Damaged in transit
RT-001713,SO-2024-001605,2,2024-03-28,3,Changed mind
RT-001714,SO-2024-001759,1,2024-03-28,1,Changed mind
RT-001715,SO-2024-001878,1,2024-03-28,1,Wrong size
RT-001716,SO-2024-002023,2,2024-03-28,1,Not as described
RT-001717,SO-2024-002037,1,2024-03-28,1,Not as described
RT-001718,SO-2024-002440,2,2024-03-28,1,Defective
RT-001719,SO-2024-001401,1,2024-03-29,1,Not as described
RT-001720,SO-2024-001540,2,2024-03-29,1,Changed mind
RT-001721,SO-2024-001774,1,2024-03-29,2,Wrong size
RT-001722,SO-2024-001806,1,2024-03-29,1,Not as described
RT-001723,SO-2024-002062,3,2024-03-29,1,Defective
RT-001724,SO-2024-001563,1,2024-03-30,1,Defective
RT-001725,SO-2024-002423,1,2024-03-30,1,Changed mind
RT-001726,SO-2024-001605,3,2024-03-31,1,Changed mind
RT-001727,SO-2024-001838,1,2024-03-31,1,Not as described
RT-001728,SO-2024-001990,2,2024-03-31,2,Changed mind
RT-001729,SO-2024-002128,2,2024-03-31,1,Wrong size
RT-001730,SO-2024-001846,2,2024-04-01,1,Wrong size
RT-001731,SO-2024-002210,2,2024-04-01,1,Wrong size
RT-001732,SO-2024-002401,3,2024-04-01,1,Defective
RT-001733,SO-2024-002477,4,2024-04-01,1,Changed mind
RT-001734,SO-2024-002586,1,2024-04-01,1,Damaged in transit
RT-001735,SO-2024-001578,2,2024-04-02,1,Wrong size
RT-001736,SO-2024-001868,4,2024-04-02,2,Defective
RT-001737,SO-2024-002165,1,2024-04-02,1,Changed mind
RT-001738,SO-2024-001731,1,2024-04-03,1,Defective
RT-001739,SO-2024-002088,2,2024-04-03,1,Wrong size
RT-001740,SO-2024-002376,2,2024-04-03,1,Changed mind
RT-001741,SO-2024-002378,2,2024-04-03,1,Damaged in transit
RT-001742,SO-2024-002410,3,2024-04-03,1,Changed mind
RT-001743,SO-2024-002483,1,2024-04-03,2,Wrong size
RT-001744,SO-2024-002550,1,2024-04-03,1,Not as described
RT-001745,SO-2024-001726,2,2024-04-04,1,Changed mind
RT-001746,SO-2024-001793,2,2024-04-04,2,Defective
RT-001747,SO-2024-001807,1,2024-04-04,1,Wrong size
RT-001748,SO-2024-001925,1,2024-04-04,2,Wrong size
RT-001749,SO-2024-002049,1,2024-04-04,1,Wrong size
RT-001750,SO-2024-002129,1,2024-04-04,1,Not as described
RT-001751,SO-2024-002214,1,2024-04-04,1,Changed mind
RT-001752,SO-2024-002230,1,2024-04-04,1,Not as described
RT-001753,SO-2024-001792,1,2024-04-05,1,Defective
RT-001754,SO-2024-002038,1,2024-04-05,1,Changed mind
RT-001755,SO-2024-002457,1,2024-04-05,2,Wrong size
RT-001756,SO-2024-002630,2,2024-04-05,1,Defective
RT-001757,SO-2024-002699,1,2024-04-05,1,Defective
RT-001758,SO-2024-002769,1,2024-04-05,1,Wrong size
RT-001759,SO-2024-001829,2,2024-04-06,1,Not as described
RT-001760,SO-2024-001951,1,2024-04-06,1,Damaged in transit
RT-001761,SO-2024-002163,1,2024-04-06,1,Changed mind
RT-001762,SO-2024-002409,1,2024-04-06,4,Defective
RT-001763,SO-2024-002615,2,2024-04-06,1,Changed mind
RT-001764,SO-2024-002764,2,2024-04-06,10,Damaged in transit
RT-001765,SO-2024-002835,1,2024-04-06,1,Defective
RT-001766,SO-2024-001806,2,2024-04-07,1,Changed mind
RT-001767,SO-2024-002238,1,2024-04-07,1,Not as described
RT-001768,SO-2024-002837,1,2024-04-07,2,Defective
RT-001769,SO-2024-002152,1,2024-04-08,1,Defective
RT-001770,SO-2024-002223,1,2024-04-08,1,Defective
RT-001771,SO-2024-002830,1,2024-04-08,3,Changed mind
RT-001772,SO-2024-002917,1,2024-04-08,7,Defective
RT-001773,SO-2024-003013,4,2024-04-08,1,Not as described
RT-001774,SO-2024-002115,2,2024-04-09,1,Not as described
RT-001775,SO-2024-002464,2,2024-04-10,1,Defective
RT-001776,SO-2024-002138,1,2024-04-11,1,Not as described
RT-001777,SO-2024-002246,1,2024-04-11,1,Changed mind
RT-001778,SO-2024-002289,1,2024-04-11,2,Defective
RT-001779,SO-2024-002410,2,2024-04-11,1,Wrong size
RT-001780,SO-2024-002500,4,2024-04-11,2,Changed mind
RT-001781,SO-2024-002580,2,2024-04-11,1,Not as described
RT-001782,SO-2024-002632,2,2024-04-11,1,Changed mind
RT-001783,SO-2024-002855,4,2024-04-11,1,Defective
RT-001784,SO-2024-002980,1,2024-04-11,1,Wrong size
RT-001785,SO-2024-003044,2,2024-04-11,1,Defective
RT-001786,SO-2024-003077,1,2024-04-11,1,Damaged in transit
RT-001787,SO-2024-002297,1,2024-04-12,1,Changed mind
RT-001788,SO-2024-002314,1,2024-04-12,1,Wrong size
RT-001789,SO-2024-002485,1,2024-04-12,1,Changed mind
RT-001790,SO-2024-002539,1,2024-04-12,1,Changed mind
RT-001791,SO-2024-002692,2,2024-04-12,1,Changed mind
RT-001792,SO-2024-003061,1,2024-04-12,1,Changed mind
RT-001793,SO-2024-002178,1,2024-04-13,1,Not as described
RT-001794,SO-2024-002269,1,2024-04-13,2,Wrong size
RT-001795,SO-2024-002350,1,2024-04-13,1,Defective
RT-001796,SO-2024-002775,1,2024-04-13,3,Not as described
RT-001797,SO-2024-002987,4,2024-04-13,2,Not as described
RT-001798,SO-2024-003180,1,2024-04-13,1,Changed mind
RT-001799,SO-2024-002042,2,2024-04-14,1,Damaged in transit
RT-001800,SO-2024-002374,1,2024-04-14,1,Defective
RT-001801,SO-2024-002402,1,2024-04-14,1,Not as described
RT-001802,SO-2024-002602,4,2024-04-14,1,Defective
RT-001803,SO-2024-003103,1,2024-04-14,1,Defective
RT-001804,SO-2024-002203,2,2024-04-15,1,Not as described
RT-001805,SO-2024-002257,2,2024-04-15,1,Changed mind
RT-001806,SO-2024-002432,1,2024-04-15,1,Not as described
RT-001807,SO-2024-002728,1,2024-04-15,1,Damaged in transit
RT-001808,SO-2024-002861,1,2024-04-15,2,Damaged in transit
RT-001809,SO-2024-002861,2,2024-04-15,1,Damaged in transit
RT-001810,SO-2024-003418,2,2024-04-15,1,Wrong size
RT-001811,SO-2024-002535,1,2024-04-16,3,Damaged in transit
RT-001812,SO-2024-002584,4,2024-04-16,1,Changed mind
RT-001813,SO-2024-002813,1,2024-04-16,1,Not as described
RT-001814,SO-2024-003051,3,2024-04-16,2,Not as described
RT-001815,SO-2024-003135,2,2024-04-16,1,Damaged in transit
RT-001816,SO-2024-003160,3,2024-04-16,1,Damaged in transit
RT-001817,SO-2024-003244,2,2024-04-16,1,Wrong size
RT-001818,SO-2024-003258,1,2024-04-16,1,Wrong size
RT-001819,SO-2024-002149,1,2024-04-17,1,Defective
RT-001820,SO-2024-002252,2,2024-04-17,1,Damaged in transit
RT-001821,SO-2024-002295,1,2024-04-17,2,Wrong size
RT-001822,SO-2024-002554,1,2024-04-17,1,Changed mind
RT-001823,SO-2024-002555,3,2024-04-17,1,Not as described
RT-001824,SO-2024-002766,1,2024-04-17,1,Not as described
RT-001825,SO-2024-002817,3,2024-04-17,1,Defective
RT-001826,SO-2024-003053,1,2024-04-17,1,Defective
RT-001827,SO-2024-002822,1,2024-04-18,1,Defective
RT-001828,SO-2024-003244,3,2024-04-18,1,Defective
RT-001829,SO-2024-003263,1,2024-04-18,1,Changed mind
RT-001830,SO-2024-002611,2,2024-04-19,1,Defective
RT-001831,SO-2024-002933,1,2024-04-19,1,Changed mind
RT-001832,SO-2024-003594,3,2024-04-19,2,Not as described
RT-001833,SO-2024-002287,1,2024-04-20,1,Wrong size
RT-001834,SO-2024-002326,2,2024-04-20,1,Changed mind
RT-001835,SO-2024-002549,1,2024-04-20,1,Defective
RT-001836,SO-2024-003455,2,2024-04-20,1,Defective
RT-001837,SO-2024-003510,2,2024-04-20,1,Wrong size
RT-001838,SO-2024-003711,2,2024-04-20,1,Changed mind
RT-001839,SO-2024-002590,1,2024-04-21,2,Wrong size
RT-001840,SO-2024-003065,1,2024-04-21,1,Not as described
RT-001841,SO-2024-003310,1,2024-04-21,1,Defective
RT-001842,SO-2024-003355,1,2024-04-21,2,Changed mind
RT-001843,SO-2024-003779,1,2024-04-21,1,Changed mind
RT-001844,SO-2024-002863,4,2024-04-23,1,Damaged in transit
RT-001845,SO-2024-003092,2,2024-04-23,2,Wrong size
RT-001846,SO-2024-003412,3,2024-04-23,1,Defective
RT-001847,SO-2024-003754,2,2024-04-23,1,Changed mind
RT-001848,SO-2024-002487,1,2024-04-24,1,Changed mind
RT-001849,SO-2024-003071,1,2024-04-24,1,Defective
RT-001850,SO-2024-003239,2,2024-04-24,1,Defective
RT-001851,SO-2024-003768,4,2024-04-24,1,Damaged in transit
RT-001852,SO-2024-002756,2,2024-04-25,1,Defective
RT-001853,SO-2024-003086,1,2024-04-25,1,Defective
RT-001854,SO-2024-003157,1,2024-04-25,1,Defective
RT-001855,SO-2024-003378,3,2024-04-25,1,Not as described
RT-001856,SO-2024-003498,1,2024-04-25,2,Wrong size
RT-001857,SO-2024-003755,2,2024-04-25,1,Changed mind
RT-001858,SO-2024-002652,3,2024-04-26,1,Changed mind
RT-001859,SO-2024-002703,2,2024-04-26,1,Not as described
RT-001860,SO-2024-003036,1,2024-04-26,1,Not as described
RT-001861,SO-2024-003462,1,2024-04-26,2,Changed mind
RT-001862,SO-2024-002567,1,2024-04-27,1,Changed mind
RT-001863,SO-2024-003053,2,2024-04-27,2,Not as described
RT-001864,SO-2024-003463,1,2024-04-27,1,Changed mind
RT-001865,SO-2024-003588,3,2024-04-27,2,Changed mind
RT-001866,SO-2024-003594,2,2024-04-27,1,Defective
RT-001867,SO-2024-003993,1,2024-04-27,1,Changed mind
RT-001868,SO-2024-004127,1,2024-04-27,1,Changed mind
RT-001869,SO-2024-003040,1,2024-04-28,1,Defective
RT-001870,SO-2024-003238,1,2024-04-28,1,Not as described
RT-001871,SO-2024-003320,1,2024-04-28,1,Changed mind
RT-001872,SO-2024-002692,1,2024-04-29,1,Changed mind
RT-001873,SO-2024-002885,2,2024-04-29,1,Changed mind
RT-001874,SO-2024-003047,2,2024-04-29,1,Changed mind
RT-001875,SO-2024-003311,1,2024-04-29,3,Wrong size
RT-001876,SO-2024-002789,2,2024-04-30,1,Wrong size
RT-001877,SO-2024-003082,1,2024-04-30,1,Defective
RT-001878,SO-2024-003194,2,2024-04-30,1,Wrong size
RT-001879,SO-2024-003511,1,2024-04-30,2,Changed mind
RT-001880,SO-2024-003864,2,2024-04-30,1,Defective
RT-001881,SO-2024-003881,1,2024-04-30,1,Defective
RT-001882,SO-2024-003720,2,2024-05-01,1,Damaged in transit
RT-001883,SO-2024-004085,1,2024-05-01,1,Not as described
RT-001884,SO-2024-004144,1,2024-05-01,2,Changed mind
RT-001885,SO-2024-004289,1,2024-05-01,1,Wrong size
RT-001886,SO-2024-002821,1,2024-05-02,1,Changed mind
RT-001887,SO-2024-002971,1,2024-05-02,3,Wrong size
RT-001888,SO-2024-004089,1,2024-05-02,2,Wrong size
RT-001889,SO-2024-002885,1,2024-05-03,1,Not as described
RT-001890,SO-2024-002903,3,2024-05-03,1,Changed mind
RT-001891,SO-2024-003419,1,2024-05-03,1,Changed mind
RT-001892,SO-2024-003435,4,2024-05-03,1,Wrong size
RT-001893,SO-2024-003797,2,2024-05-03,1,Defective
RT-001894,SO-2024-004040,1,2024-05-03,7,Wrong size
RT-001895,SO-2024-004465,1,2024-05-03,12,Changed mind
RT-001896,SO-2024-003195,2,2024-05-04,1,Changed mind
RT-001897,SO-2024-003519,3,2024-05-04,1,Not as described
RT-001898,SO-2024-003729,1,2024-05-04,1,Changed mind
RT-001899,SO-2024-003920,1,2024-05-04,1,Defective
RT-001900,SO-2024-004454,1,2024-05-04,1,Wrong size
RT-001901,SO-2024-003241,1,2024-05-05,1,Damaged in transit
RT-001902,SO-2024-003588,2,2024-05-05,1,Changed mind
RT-001903,SO-2024-004606,1,2024-05-05,1,Damaged in transit
RT-001904,SO-2024-003049,1,2024-05-06,1,Defective
RT-001905,SO-2024-003728,2,2024-05-06,1,Wrong size
RT-001906,SO-2024-003138,3,2024-05-07,2,Not as described
RT-001907,SO-2024-003512,2,2024-05-07,1,Damaged in transit
RT-001908,SO-2024-004304,2,2024-05-07,1,Defective
RT-001909,SO-2024-004359,3,2024-05-07,1,Wrong size
RT-001910,SO-2024-004560,4,2024-05-07,1,Defective
RT-001911,SO-2024-003194,1,2024-05-08,2,Wrong size
RT-001912,SO-2024-003487,1,2024-05-08,2,Defective
RT-001913,SO-2024-003703,3,2024-05-08,1,Defective
RT-001914,SO-2024-003883,1,2024-05-08,1,Wrong size
RT-001915,SO-2024-004474,1,2024-05-08,1,Damaged in transit
RT-001916,SO-2024-003233,3,2024-05-09,1,Wrong size
RT-001917,SO-2024-003837,1,2024-05-09,1,Defective
RT-001918,SO-2024-004271,1,2024-05-09,1,Changed mind
RT-001919,SO-2024-004680,2,2024-05-09,1,Defective
RT-001920,SO-2024-003369,2,2024-05-10,1,Changed mind
RT-001921,SO-2024-003933,1,2024-05-10,1,Wrong size
RT-001922,SO-2024-004033,1,2024-05-10,1,Wrong size
RT-001923,SO-2024-004092,2,2024-05-10,1,Changed mind
RT-001924,SO-2024-004406,2,2024-05-10,1,Changed mind
RT-001925,SO-2024-004762,1,2024-05-10,1,Wrong size
RT-001926,SO-2024-004850,1,2024-05-10,1,Not as described
RT-001927,SO-2024-004647,3,2024-05-11,2,Not as described
RT-001928,SO-2024-003374,2,2024-05-12,1,Changed mind
RT-001929,SO-2024-003537,1,2024-05-12,2,Defective
RT-001930,SO-2024-004096,1,2024-05-12,1,Defective
RT-001931,SO-2024-004257,3,2024-05-12,4,Changed mind
RT-001932,SO-2024-004790,2,2024-05-12,1,Damaged in transit
RT-001933,SO-2024-003490,4,2024-05-13,2,Not as described
RT-001934,SO-2024-003636,1,2024-05-13,1,Wrong size
RT-001935,SO-2024-003743,2,2024-05-13,1,Wrong size
RT-001936,SO-2024-004170,1,2024-05-13,1,Wrong size
RT-001937,SO-2024-004615,1,2024-05-13,1,Changed mind
RT-001938,SO-2024-004707,1,2024-05-13,2,Not as described
RT-001939,SO-2024-005053,1,2024-05-13,1,Damaged in transit
RT-001940,SO-2024-003460,2,2024-05-14,1,Changed mind
RT-001941,SO-2024-003749,1,2024-05-14,1,Changed mind
RT-001942,SO-2024-004033,3,2024-05-14,2,Damaged in transit
RT-001943,SO-2024-004100,2,2024-05-14,1,Changed mind
RT-001944,SO-2024-004938,1,2024-05-14,1,Defective
RT-001945,SO-2024-003697,2,2024-05-15,11,Changed mind
RT-001946,SO-2024-003932,3,2024-05-15,3,Damaged in transit
RT-001947,SO-2024-004070,1,2024-05-15,2,Changed mind
RT-001948,SO-2024-004091,2,2024-05-15,7,Changed mind
RT-001949,SO-2024-004402,1,2024-05-15,1,Defective
RT-001950,SO-2024-004746,2,2024-05-15,1,Wrong size
RT-001951,SO-2024-005033,1,2024-05-15,1,Damaged in transit
RT-001952,SO-2024-003812,2,2024-05-16,1,Wrong size
RT-001953,SO-2024-004152,2,2024-05-16,2,Not as described
RT-001954,SO-2024-004160,2,2024-05-16,2,Changed mind
RT-001955,SO-2024-004596,3,2024-05-16,1,Changed mind
RT-001956,SO-2024-004733,3,2024-05-16,2,Wrong size
RT-001957,SO-2024-003587,1,2024-05-17,1,Defective
RT-001958,SO-2024-003939,1,2024-05-17,1,Changed mind
RT-001959,SO-2024-003942,1,2024-05-17,1,Wrong size
RT-001960,SO-2024-004518,4,2024-05-17,2,Defective
RT-001961,SO-2024-004570,1,2024-05-17,1,Changed mind
RT-001962,SO-2024-005125,2,2024-05-17,1,Defective
RT-001963,SO-2024-005253,3,2024-05-17,1,Defective
RT-001964,SO-2024-003719,1,2024-05-18,1,Wrong size
RT-001965,SO-2024-004440,1,2024-05-18,1,Not as described
RT-001966,SO-2024-004455,2,2024-05-18,1,Changed mind
RT-001967,SO-2024-005249,3,2024-05-18,1,Wrong size
RT-001968,SO-2024-003850,1,2024-05-19,1,Damaged in transit
RT-001969,SO-2024-004090,2,2024-05-19,1,Wrong size
RT-001970,SO-2024-004320,1,2024-05-19,1,Defective
RT-001971,SO-2024-004678,1,2024-05-19,2,Not as described
RT-001972,SO-2024-004933,1,2024-05-19,1,Wrong size
RT-001973,SO-2024-005380,1,2024-05-19,2,Changed mind
RT-001974,SO-2024-005479,1,2024-05-19,1,Not as described
RT-001975,SO-2024-004200,3,2024-05-20,1,Defective
RT-001976,SO-2024-004338,2,2024-05-20,1,Not as described
RT-001977,SO-2024-004410,3,2024-05-20,1,Wrong size
RT-001978,SO-2024-004457,2,2024-05-20,1,Wrong size
RT-001979,SO-2024-004912,1,2024-05-20,1,Defective
RT-001980,SO-2024-004952,2,2024-05-20,1,Wrong size
RT-001981,SO-2024-005148,1,2024-05-20,2,Changed mind
RT-001982,SO-2024-005357,2,2024-05-20,1,Wrong size
RT-001983,SO-2024-004760,2,2024-05-21,1,Defective
RT-001984,SO-2024-005143,1,2024-05-21,2,Wrong size
RT-001985,SO-2024-005191,3,2024-05-21,3,Wrong size
RT-001986,SO-2024-005363,2,2024-05-21,2,Changed mind
RT-001987,SO-2024-003938,1,2024-05-22,2,Defective
RT-001988,SO-2024-004237,1,2024-05-22,2,Defective
RT-001989,SO-2024-004443,2,2024-05-22,1,Damaged in transit
RT-001990,SO-2024-005296,2,2024-05-22,2,Defective
RT-001991,SO-2024-004372,1,2024-05-23,2,Defective
RT-001992,SO-2024-005124,1,2024-05-23,1,Changed mind
RT-001993,SO-2024-005484,1,2024-05-23,1,Damaged in transit
RT-001994,SO-2024-004050,1,2024-05-24,1,Defective
RT-001995,SO-2024-004404,1,2024-05-24,1,Defective
RT-001996,SO-2024-004787,1,2024-05-24,2,Changed mind
RT-001997,SO-2024-004968,1,2024-05-24,2,Changed mind
RT-001998,SO-2024-004972,1,2024-05-24,2,Defective
RT-001999,SO-2024-005004,1,2024-05-24,1,Wrong size
RT-002000,SO-2024-005218,3,2024-05-24,1,Changed mind
RT-002001,SO-2024-005538,3,2024-05-24,1,Defective
RT-002002,SO-2024-004249,4,2024-05-25,1,Defective
RT-002003,SO-2024-004598,2,2024-05-25,1,Wrong size
RT-002004,SO-2024-004777,2,2024-05-25,1,Wrong size
RT-002005,SO-2024-004898,1,2024-05-25,1,Wrong size
RT-002006,SO-2024-004986,2,2024-05-25,2,Not as described
RT-002007,SO-2024-004480,1,2024-05-26,1,Changed mind
RT-002008,SO-2024-004690,2,2024-05-26,2,Not as described
RT-002009,SO-2024-004821,1,2024-05-26,1,Defective
RT-002010,SO-2024-004951,1,2024-05-26,1,Defective
RT-002011,SO-2024-005377,4,2024-05-26,1,Changed mind
RT-002012,SO-2024-005459,2,2024-05-26,2,Wrong size
RT-002013,SO-2024-005675,1,2024-05-26,1,Damaged in transit
RT-002014,SO-2024-005003,2,2024-05-27,1,Defective
RT-002015,SO-2024-005658,1,2024-05-27,1,Wrong size
RT-002016,SO-2024-004428,2,2024-05-28,1,Changed mind
RT-002017,SO-2024-005134,2,2024-05-28,2,Wrong size
RT-002018,SO-2024-005682,4,2024-05-28,4,Defective
RT-002019,SO-2024-005909,2,2024-05-28,1,Defective
RT-002020,SO-2024-005083,2,2024-05-29,1,Changed mind
RT-002021,SO-2024-005102,1,2024-05-29,1,Changed mind
RT-002022,SO-2024-005655,1,2024-05-29,1,Not as described
RT-002023,SO-2024-005674,1,2024-05-29,1,Damaged in transit
RT-002024,SO-2024-006123,1,2024-05-29,2,Not as described
RT-002025,SO-2024-004705,1,2024-05-30,1,Defective
RT-002026,SO-2024-005550,1,2024-05-30,2,Changed mind
RT-002027,SO-2024-006127,1,2024-05-30,1,Changed mind
RT-002028,SO-2024-004683,1,2024-05-31,1,Defective
RT-002029,SO-2024-004960,2,2024-05-31,1,Wrong size
RT-002030,SO-2024-005009,3,2024-05-31,2,Not as described
RT-002031,SO-2024-005166,1,2024-05-31,2,Wrong size
RT-002032,SO-2024-005608,1,2024-05-31,1,Defective
RT-002033,SO-2024-005647,1,2024-05-31,1,Not as described
RT-002034,SO-2024-005402,1,2024-06-01,1,Damaged in transit
RT-002035,SO-2024-005685,2,2024-06-01,1,Defective
RT-002036,SO-2024-004756,3,2024-06-02,2,Changed mind
RT-002037,SO-2024-004857,3,2024-06-02,1,Not as described
RT-002038,SO-2024-004988,1,2024-06-02,1,Defective
RT-002039,SO-2024-005038,3,2024-06-02,1,Wrong size
RT-002040,SO-2024-005648,1,2024-06-02,5,Not as described
RT-002041,SO-2024-005754,1,2024-06-02,1,Defective
RT-002042,SO-2024-005850,1,2024-06-02,1,Damaged in transit
RT-002043,SO-2024-006079,1,2024-06-02,2,Changed mind
RT-002044,SO-2024-005100,3,2024-06-03,1,Defective
RT-002045,SO-2024-005612,2,2024-06-03,1,Damaged in transit
RT-002046,SO-2024-006038,1,2024-06-03,1,Changed mind
RT-002047,SO-2024-006200,1,2024-06-03,1,Defective
RT-002048,SO-2024-004774,2,2024-06-04,1,Wrong size
RT-002049,SO-2024-004790,3,2024-06-04,1,Not as described
RT-002050,SO-2024-004977,1,2024-06-04,1,Damaged in transit
RT-002051,SO-2024-005136,2,2024-06-04,2,Defective
RT-002052,SO-2024-005802,1,2024-06-04,2,Wrong size
RT-002053,SO-2024-006078,3,2024-06-04,1,Defective
RT-002054,SO-2024-006297,4,2024-06-04,13,Changed mind
RT-002055,SO-2024-004865,1,2024-06-05,1,Defective
RT-002056,SO-2024-005853,4,2024-06-05,1,Wrong size
RT-002057,SO-2024-006182,1,2024-06-05,1,Defective
RT-002058,SO-2024-006582,1,2024-06-05,1,Not as described
RT-002059,SO-2024-004850,2,2024-06-06,1,Changed mind
RT-002060,SO-2024-005483,2,2024-06-06,1,Changed mind
RT-002061,SO-2024-005876,3,2024-06-06,1,Changed mind
RT-002062,SO-2024-005969,1,2024-06-06,1,Defective
RT-002063,SO-2024-005229,2,2024-06-07,1,Wrong size
RT-002064,SO-2024-005374,1,2024-06-07,1,Wrong size
RT-002065,SO-2024-006386,1,2024-06-07,1,Wrong size
RT-002066,SO-2024-006617,2,2024-06-07,1,Wrong size
RT-002067,SO-2024-006728,1,2024-06-07,1,Defective
RT-002068,SO-2024-005132,3,2024-06-08,2,Changed mind
RT-002069,SO-2024-005708,1,2024-06-08,1,Defective
RT-002070,SO-2024-005854,3,2024-06-08,1,Not as described
RT-002071,SO-2024-006029,1,2024-06-08,1,Changed mind
RT-002072,SO-2024-006067,2,2024-06-08,1,Changed mind
RT-002073,SO-2024-006783,1,2024-06-08,1,Damaged in transit
RT-002074,SO-2024-005460,1,2024-06-09,2,Changed mind
RT-002075,SO-2024-005526,1,2024-06-09,1,Changed mind
RT-002076,SO-2024-005528,2,2024-06-09,1,Wrong size
RT-002077,SO-2024-005572,1,2024-06-09,1,Changed mind
RT-002078,SO-2024-005575,3,2024-06-09,1,Wrong size
RT-002079,SO-2024-006477,2,2024-06-09,1,Defective
RT-002080,SO-2024-006545,1,2024-06-09,2,Wrong size
RT-002081,SO-2024-005155,2,2024-06-10,1,Wrong size
RT-002082,SO-2024-005274,1,2024-06-10,2,Wrong size
RT-002083,SO-2024-005522,2,2024-06-10,1,Wrong size
RT-002084,SO-2024-006167,3,2024-06-10,2,Defective
RT-002085,SO-2024-006393,1,2024-06-10,1,Wrong size
RT-002086,SO-2024-005350,1,2024-06-11,1,Wrong size
RT-002087,SO-2024-005452,2,2024-06-11,1,Not as described
RT-002088,SO-2024-005467,1,2024-06-11,1,Changed mind
RT-002089,SO-2024-005742,1,2024-06-11,1,Changed mind
RT-002090,SO-2024-005925,1,2024-06-11,1,Changed mind
RT-002091,SO-2024-006823,2,2024-06-11,1,Wrong size
RT-002092,SO-2024-005195,1,2024-06-12,1,Changed mind
RT-002093,SO-2024-005465,1,2024-06-12,5,Wrong size
RT-002094,SO-2024-006140,3,2024-06-12,1,Wrong size
RT-002095,SO-2024-006235,1,2024-06-12,1,Wrong size
RT-002096,SO-2024-006244,2,2024-06-12,2,Not as described
RT-002097,SO-2024-006154,1,2024-06-13,1,Changed mind
RT-002098,SO-2024-006303,1,2024-06-13,1,Wrong size
RT-002099,SO-2024-006636,1,2024-06-13,1,Changed mind
RT-002100,SO-2024-006741,2,2024-06-13,1,Wrong size
RT-002101,SO-2024-006791,1,2024-06-13,1,Changed mind
RT-002102,SO-2024-006798,2,2024-06-13,1,Changed mind
RT-002103,SO-2024-005481,1,2024-06-14,1,Wrong size
RT-002104,SO-2024-005601,2,2024-06-14,1,Damaged in transit
RT-002105,SO-2024-005623,2,2024-06-14,1,Defective
RT-002106,SO-2024-006088,2,2024-06-14,1,Wrong size
RT-002107,SO-2024-006484,2,2024-06-14,1,Changed mind
RT-002108,SO-2024-006636,2,2024-06-14,1,Defective
RT-002109,SO-2024-007032,4,2024-06-14,1,Wrong size
RT-002110,SO-2024-007041,1,2024-06-14,1,Wrong size
RT-002111,SO-2024-005427,1,2024-06-15,1,Changed mind
RT-002112,SO-2024-005464,2,2024-06-15,1,Damaged in transit
RT-002113,SO-2024-005595,1,2024-06-15,2,Not as described
RT-002114,SO-2024-005598,2,2024-06-15,4,Defective
RT-002115,SO-2024-005726,4,2024-06-15,1,Not as described
RT-002116,SO-2024-006013,2,2024-06-15,1,Changed mind
RT-002117,SO-2024-006274,4,2024-06-15,1,Not as described
RT-002118,SO-2024-006450,2,2024-06-15,1,Damaged in transit
RT-002119,SO-2024-007097,3,2024-06-15,2,Wrong size
RT-002120,SO-2024-007236,2,2024-06-15,1,Changed mind
RT-002121,SO-2024-005757,1,2024-06-16,1,Wrong size
RT-002122,SO-2024-005787,1,2024-06-16,1,Changed mind
RT-002123,SO-2024-006028,1,2024-06-16,1,Wrong size
RT-002124,SO-2024-005890,1,2024-06-17,1,Wrong size
RT-002125,SO-2024-006129,2,2024-06-17,2,Damaged in transit
RT-002126,SO-2024-006195,2,2024-06-17,1,Damaged in transit
RT-002127,SO-2024-006290,1,2024-06-17,1,Not as described
RT-002128,SO-2024-006440,3,2024-06-17,1,Wrong size
RT-002129,SO-2024-006734,2,2024-06-17,1,Changed mind
RT-002130,SO-2024-006926,1,2024-06-17,1,Damaged in transit
RT-002131,SO-2024-007100,1,2024-06-17,1,Defective
RT-002132,SO-2024-005809,1,2024-06-18,1,Not as described
RT-002133,SO-2024-005958,1,2024-06-18,1,Defective
RT-002134,SO-2024-006195,1,2024-06-18,2,Defective
RT-002135,SO-2024-006235,2,2024-06-18,1,Defective
RT-002136,SO-2024-006384,1,2024-06-18,1,Defective
RT-002137,SO-2024-007119,1,2024-06-18,1,Wrong size
RT-002138,SO-2024-007352,1,2024-06-18,1,Changed mind
RT-002139,SO-2024-005871,2,2024-06-19,1,Damaged in transit
RT-002140,SO-2024-006059,2,2024-06-19,1,Damaged in transit
RT-002141,SO-2024-006356,4,2024-06-19,2,Wrong size
RT-002142,SO-2024-006530,1,2024-06-19,2,Defective
RT-002143,SO-2024-006658,2,2024-06-19,2,Changed mind
RT-002144,SO-2024-006960,1,2024-06-19,1,Changed mind
RT-002145,SO-2024-005884,2,2024-06-20,3,Wrong size
RT-002146,SO-2024-006331,2,2024-06-20,3,Wrong size
RT-002147,SO-2024-007285,1,2024-06-20,2,Defective
RT-002148,SO-2024-007357,1,2024-06-20,1,Changed mind
RT-002149,SO-2024-005778,1,2024-06-21,4,Changed mind
RT-002150,SO-2024-006126,1,2024-06-21,1,Changed mind
RT-002151,SO-2024-006633,3,2024-06-21,1,Changed mind
RT-002152,SO-2024-006917,1,2024-06-21,2,Defective
RT-002153,SO-2024-007318,4,2024-06-21,3,Changed mind
RT-002154,SO-2024-005950,1,2024-06-22,1,Wrong size
RT-002155,SO-2024-006526,2,2024-06-22,4,Not as described
RT-002156,SO-2024-006993,2,2024-06-22,1,Defective
RT-002157,SO-2024-007283,1,2024-06-22,2,Defective
RT-002158,SO-2024-007293,1,2024-06-22,2,Wrong size
RT-002159,SO-2024-006023,1,2024-06-23,1,Changed mind
RT-002160,SO-2024-006896,1,2024-06-23,1,Changed mind
RT-002161,SO-2024-007023,1,2024-06-23,1,Damaged in transit
RT-002162,SO-2024-007381,1,2024-06-23,9,Defective
RT-002163,SO-2024-007676,3,2024-06-23,1,Changed mind
RT-002164,SO-2024-006226,2,2024-06-24,1,Not as described
RT-002165,SO-2024-006868,3,2024-06-24,1,Changed mind
RT-002166,SO-2024-007534,3,2024-06-24,1,Changed mind
RT-002167,SO-2024-007557,1,2024-06-24,1,Not as described
RT-002168,SO-2024-006449,1,2024-06-25,1,Defective
RT-002169,SO-2024-006778,1,2024-06-25,2,Wrong size
RT-002170,SO-2024-006798,1,2024-06-25,1,Defective
RT-002171,SO-2024-007380,1,2024-06-25,1,Wrong size
RT-002172,SO-2024-007631,1,2024-06-25,1,Changed mind
RT-002173,SO-2024-006245,1,2024-06-26,1,Damaged in transit
RT-002174,SO-2024-006486,1,2024-06-26,1,Wrong size
RT-002175,SO-2024-006891,1,2024-06-26,1,Wrong size
RT-002176,SO-2024-006892,1,2024-06-26,1,Changed mind
RT-002177,SO-2024-007299,1,2024-06-26,1,Not as described
RT-002178,SO-2024-007908,1,2024-06-26,1,Wrong size
RT-002179,SO-2024-006618,1,2024-06-27,1,Defective
RT-002180,SO-2024-006700,2,2024-06-27,1,Defective
RT-002181,SO-2024-007375,1,2024-06-27,1,Defective
RT-002182,SO-2024-007736,1,2024-06-27,1,Wrong size
RT-002183,SO-2024-007836,1,2024-06-27,1,Defective
RT-002184,SO-2024-006425,2,2024-06-28,1,Changed mind
RT-002185,SO-2024-006828,2,2024-06-28,1,Defective
RT-002186,SO-2024-007348,1,2024-06-28,1,Wrong size
RT-002187,SO-2024-007823,3,2024-06-28,1,Wrong size
RT-002188,SO-2024-006644,4,2024-06-29,1,Defective
RT-002189,SO-2024-006951,2,2024-06-29,2,Changed mind
RT-002190,SO-2024-007445,1,2024-06-29,1,Defective
RT-002191,SO-2024-007853,1,2024-06-29,1,Not as described
RT-002192,SO-2024-007959,1,2024-06-29,1,Defective
RT-002193,SO-2024-008105,1,2024-06-29,1,Changed mind
RT-002194,SO-2024-006707,1,2024-06-30,4,Defective
RT-002195,SO-2024-007002,2,2024-06-30,1,Changed mind
RT-002196,SO-2024-007081,1,2024-06-30,1,Wrong size
RT-002197,SO-2024-007130,1,2024-06-30,1,Changed mind
RT-002198,SO-2024-006749,2,2024-07-01,1,Defective
RT-002199,SO-2024-007131,1,2024-07-01,1,Not as described
RT-002200,SO-2024-007411,1,2024-07-01,1,Damaged in transit
RT-002201,SO-2024-007917,2,2024-07-01,1,Defective
RT-002202,SO-2024-006872,1,2024-07-02,1,Wrong size
RT-002203,SO-2024-007117,3,2024-07-02,1,Wrong size
RT-002204,SO-2024-007308,2,2024-07-02,1,Defective
RT-002205,SO-2024-007608,2,2024-07-02,1,Defective
RT-002206,SO-2024-007923,1,2024-07-02,1,Not as described
RT-002207,SO-2024-006790,4,2024-07-03,1,Not as described
RT-002208,SO-2024-007396,1,2024-07-03,2,Not as described
RT-002209,SO-2024-007860,1,2024-07-03,1,Wrong size
RT-002210,SO-2024-008063,1,2024-07-03,1,Defective
RT-002211,SO-2024-006888,1,2024-07-04,2,Changed mind
RT-002212,SO-2024-007300,1,2024-07-04,1,Not as described
RT-002213,SO-2024-007307,2,2024-07-04,2,Defective
RT-002214,SO-2024-007954,2,2024-07-04,1,Defective
RT-002215,SO-2024-008218,1,2024-07-04,1,Defective
RT-002216,SO-2024-007098,1,2024-07-05,1,Damaged in transit
RT-002217,SO-2024-007167,1,2024-07-05,1,Defective
RT-002218,SO-2024-007200,1,2024-07-05,1,Wrong size
RT-002219,SO-2024-007360,1,2024-07-05,2,Not as described
RT-002220,SO-2024-007874,1,2024-07-05,1,Wrong size
RT-002221,SO-2024-007893,3,2024-07-05,1,Defective
RT-002222,SO-2024-007511,1,2024-07-06,1,Damaged in transit
RT-002223,SO-2024-008024,2,2024-07-06,2,Wrong size
RT-002224,SO-2024-007146,2,2024-07-07,2,Wrong size
RT-002225,SO-2024-007248,1,2024-07-07,1,Changed mind
RT-002226,SO-2024-007524,1,2024-07-07,1,Defective
RT-002227,SO-2024-008067,1,2024-07-07,1,Defective
RT-002228,SO-2024-007188,1,2024-07-08,1,Changed mind
RT-002229,SO-2024-007537,2,2024-07-08,1,Not as described
RT-002230,SO-2024-007613,1,2024-07-08,1,Changed mind
RT-002231,SO-2024-007675,2,2024-07-08,1,Not as described
RT-002232,SO-2024-007756,1,2024-07-08,1,Defective
RT-002233,SO-2024-008342,4,2024-07-08,2,Changed mind
RT-002234,SO-2024-007639,2,2024-07-09,2,Wrong size
RT-002235,SO-2024-007884,2,2024-07-09,1,Defective
RT-002236,SO-2024-008158,3,2024-07-09,2,Wrong size
RT-002237,SO-2024-008425,3,2024-07-09,1,Wrong size
RT-002238,SO-2024-007011,1,2024-07-10,1,Wrong size
RT-002239,SO-2024-007277,1,2024-07-10,2,Not as described
RT-002240,SO-2024-008522,1,2024-07-10,1,Not as described
RT-002241,SO-2024-008544,1,2024-07-10,2,Damaged in transit
RT-002242,SO-2024-007205,3,2024-07-11,1,Defective
RT-002243,SO-2024-007465,1,2024-07-11,2,Changed mind
RT-002244,SO-2024-007582,3,2024-07-11,1,Not as described
RT-002245,SO-2024-007639,1,2024-07-11,1,Changed mind
RT-002246,SO-2024-007910,1,2024-07-11,5,Changed mind
RT-002247,SO-2024-008101,2,2024-07-11,1,Changed mind
RT-002248,SO-2024-008359,3,2024-07-11,1,Wrong size
RT-002249,SO-2024-008551,1,2024-07-11,1,Changed mind
RT-002250,SO-2024-007402,1,2024-07-12,1,Changed mind
RT-002251,SO-2024-007449,2,2024-07-12,1,Not as described
RT-002252,SO-2024-007651,1,2024-07-12,1,Changed mind
RT-002253,SO-2024-007692,1,2024-07-12,1,Damaged in transit
RT-002254,SO-2024-008586,1,2024-07-12,1,Changed mind
RT-002255,SO-2024-007686,1,2024-07-13,1,Not as described
RT-002256,SO-2024-008102,1,2024-07-13,1,Defective
RT-002257,SO-2024-008136,2,2024-07-13,1,Defective
RT-002258,SO-2024-008333,1,2024-07-13,4,Changed mind
RT-002259,SO-2024-008354,2,2024-07-13,1,Not as described
RT-002260,SO-2024-008463,1,2024-07-13,1,Defective
RT-002261,SO-2024-008579,1,2024-07-13,2,Defective
RT-002262,SO-2024-008796,1,2024-07-13,1,Changed mind
RT-002263,SO-2024-007394,1,2024-07-14,1,Defective
RT-002264,SO-2024-007417,1,2024-07-14,1,Changed mind
RT-002265,SO-2024-007844,3,2024-07-14,1,Not as described
RT-002266,SO-2024-007909,1,2024-07-14,1,Defective
RT-002267,SO-2024-008249,2,2024-07-14,1,Changed mind
RT-002268,SO-2024-008253,2,2024-07-14,1,Changed mind
RT-002269,SO-2024-008899,2,2024-07-14,1,Wrong size
RT-002270,SO-2024-008966,1,2024-07-14,1,Changed mind
RT-002271,SO-2024-007661,1,2024-07-15,1,Damaged in transit
RT-002272,SO-2024-008003,1,2024-07-15,1,Wrong size
RT-002273,SO-2024-008046,2,2024-07-15,1,Changed mind
RT-002274,SO-2024-007391,1,2024-07-16,1,Defective
RT-002275,SO-2024-007551,2,2024-07-16,1,Changed mind
RT-002276,SO-2024-007844,2,2024-07-16,1,Defective
RT-002277,SO-2024-007938,1,2024-07-16,1,Defective
RT-002278,SO-2024-008263,3,2024-07-16,2,Damaged in transit
RT-002279,SO-2024-008341,3,2024-07-16,1,Changed mind
RT-002280,SO-2024-008432,3,2024-07-16,2,Wrong size
RT-002281,SO-2024-008452,3,2024-07-16,2,Changed mind
RT-002282,SO-2024-008519,2,2024-07-16,1,Changed mind
RT-002283,SO-2024-008537,1,2024-07-16,1,Defective
RT-002284,SO-2024-007828,2,2024-07-17,1,Defective
RT-002285,SO-2024-008170,1,2024-07-17,3,Wrong size
RT-002286,SO-2024-008247,2,2024-07-17,1,Wrong size
RT-002287,SO-2024-008358,3,2024-07-17,1,Wrong size
RT-002288,SO-2024-008566,1,2024-07-17,1,Wrong size
RT-002289,SO-2024-008665,1,2024-07-17,1,Defective
RT-002290,SO-2024-008756,1,2024-07-17,2,Defective
RT-002291,SO-2024-007841,1,2024-07-18,2,Wrong size
RT-002292,SO-2024-007918,1,2024-07-18,2,Wrong size
RT-002293,SO-2024-008612,1,2024-07-18,1,Wrong size
RT-002294,SO-2024-008635,1,2024-07-18,1,Wrong size
RT-002295,SO-2024-009165,2,2024-07-18,1,Defective
RT-002296,SO-2024-007599,1,2024-07-19,1,Wrong size
RT-002297,SO-2024-007815,2,2024-07-19,1,Changed mind
RT-002298,SO-2024-007911,2,2024-07-19,1,Not as described
RT-002299,SO-2024-008045,2,2024-07-19,2,Defective
RT-002300,SO-2024-008276,1,2024-07-19,1,Changed mind
RT-002301,SO-2024-008328,1,2024-07-19,1,Changed mind
RT-002302,SO-2024-008514,1,2024-07-19,1,Damaged in transit
RT-002303,SO-2024-008631,1,2024-07-19,1,Changed mind
RT-002304,SO-2024-008960,1,2024-07-19,2,Not as described
RT-002305,SO-2024-008169,1,2024-07-20,1,Changed mind
RT-002306,SO-2024-008375,2,2024-07-20,1,Wrong size
RT-002307,SO-2024-009324,1,2024-07-20,1,Defective
RT-002308,SO-2024-007805,1,2024-07-21,2,Changed mind
RT-002309,SO-2024-007890,1,2024-07-21,5,Damaged in transit
RT-002310,SO-2024-008273,1,2024-07-21,2,Defective
RT-002311,SO-2024-008416,1,2024-07-21,1,Defective
RT-002312,SO-2024-009246,1,2024-07-21,1,Wrong size
RT-002313,SO-2024-007800,4,2024-07-22,1,Changed mind
RT-002314,SO-2024-008406,1,2024-07-22,1,Wrong size
RT-002315,SO-2024-009178,1,2024-07-22,2,Not as described
RT-002316,SO-2024-008317,2,2024-07-23,1,Wrong size
RT-002317,SO-2024-008891,1,2024-07-23,1,Not as described
RT-002318,SO-2024-008965,2,2024-07-23,2,Wrong size
RT-002319,SO-2024-009030,1,2024-07-23,1,Defective
RT-002320,SO-2024-009379,1,2024-07-23,2,Defective
RT-002321,SO-2024-009436,2,2024-07-23,1,Not as described
RT-002322,SO-2024-007968,2,2024-07-24,1,Damaged in transit
RT-002323,SO-2024-007999,1,2024-07-24,1,Changed mind
RT-002324,SO-2024-009357,3,2024-07-24,1,Defective
RT-002325,SO-2024-008335,2,2024-07-25,1,Changed mind
RT-002326,SO-2024-008496,2,2024-07-25,1,Not as described
RT-002327,SO-2024-008624,4,2024-07-25,2,Not as described
RT-002328,SO-2024-009112,1,2024-07-25,1,Not as described
RT-002329,SO-2024-009368,1,2024-07-25,1,Damaged in transit
RT-002330,SO-2024-009481,2,2024-07-25,1,Changed mind
RT-002331,SO-2024-008259,2,2024-07-26,1,Damaged in transit
RT-002332,SO-2024-008303,1,2024-07-26,1,Changed mind
RT-002333,SO-2024-008527,2,2024-07-26,1,Wrong size
RT-002334,SO-2024-008733,2,2024-07-26,1,Changed mind
RT-002335,SO-2024-008883,1,2024-07-26,2,Not as described
RT-002336,SO-2024-008985,1,2024-07-26,1,Not as described
RT-002337,SO-2024-008085,2,2024-07-27,1,Changed mind
RT-002338,SO-2024-008235,1,2024-07-27,1,Changed mind
RT-002339,SO-2024-008336,2,2024-07-27,1,Wrong size
RT-002340,SO-2024-008368,1,2024-07-27,1,Changed mind
RT-002341,SO-2024-008572,1,2024-07-27,2,Defective
RT-002342,SO-2024-008817,1,2024-07-27,3,Changed mind
RT-002343,SO-2024-009291,1,2024-07-27,1,Wrong size
RT-002344,SO-2024-009424,1,2024-07-27,1,Defective
RT-002345,SO-2024-009713,1,2024-07-27,1,Defective
RT-002346,SO-2024-008457,2,2024-07-28,1,Not as described
RT-002347,SO-2024-009216,2,2024-07-28,1,Changed mind
RT-002348,SO-2024-009247,1,2024-07-28,1,Defective
RT-002349,SO-2024-009389,1,2024-07-28,2,Changed mind
RT-002350,SO-2024-009463,1,2024-07-28,1,Wrong size
RT-002351,SO-2024-009631,1,2024-07-28,1,Changed mind
RT-002352,SO-2024-008194,2,2024-07-29,2,Wrong size
RT-002353,SO-2024-009412,1,2024-07-29,1,Changed mind
RT-002354,SO-2024-008263,2,2024-07-30,1,Wrong size
RT-002355,SO-2024-008351,2,2024-07-30,11,Not as described
RT-002356,SO-2024-008539,4,2024-07-30,1,Not as described
RT-002357,SO-2024-008542,1,2024-07-30,3,Changed mind
RT-002358,SO-2024-008864,1,2024-07-30,1,Wrong size
RT-002359,SO-2024-008906,3,2024-07-30,1,Damaged in transit
RT-002360,SO-2024-009405,1,2024-07-30,1,Not as described
RT-002361,SO-2024-009540,2,2024-07-30,1,Changed mind
RT-002362,SO-2024-009577,1,2024-07-30,1,Wrong size
RT-002363,SO-2024-009643,1,2024-07-30,1,Not as described
RT-002364,SO-2024-009845,1,2024-07-30,1,Not as described
RT-002365,SO-2024-009062,3,2024-07-31,2,Wrong size
RT-002366,SO-2024-009236,1,2024-07-31,1,Defective
RT-002367,SO-2024-009274,2,2024-07-31,1,Changed mind
RT-002368,SO-2024-009366,1,2024-07-31,1,Defective
RT-002369,SO-2024-009699,2,2024-07-31,1,Not as described
RT-002370,SO-2024-009935,1,2024-07-31,2,Wrong size
RT-002371,SO-2024-008879,2,2024-08-01,1,Wrong size
RT-002372,SO-2024-009364,1,2024-08-01,1,Wrong size
RT-002373,SO-2024-009540,1,2024-08-01,1,Not as described
RT-002374,SO-2024-009644,3,2024-08-01,1,Wrong size
RT-002375,SO-2024-009832,3,2024-08-01,1,Wrong size
RT-002376,SO-2024-008574,1,2024-08-02,1,Changed mind
RT-002377,SO-2024-008656,2,2024-08-02,3,Not as described
RT-002378,SO-2024-008922,1,2024-08-02,1,Wrong size
RT-002379,SO-2024-008552,2,2024-08-03,2,Damaged in transit
RT-002380,SO-2024-008959,1,2024-08-03,1,Changed mind
RT-002381,SO-2024-009966,1,2024-08-03,1,Defective
RT-002382,SO-2024-008911,2,2024-08-04,1,Defective
RT-002383,SO-2024-009108,1,2024-08-04,1,Not as described
RT-002384,SO-2024-009915,1,2024-08-04,1,Defective
RT-002385,SO-2024-010087,4,2024-08-04,1,Defective
RT-002386,SO-2024-008800,1,2024-08-05,1,Wrong size
RT-002387,SO-2024-009123,1,2024-08-05,1,Changed mind
RT-002388,SO-2024-009159,4,2024-08-05,1,Not as described
RT-002389,SO-2024-009575,1,2024-08-05,1,Changed mind
RT-002390,SO-2024-009657,1,2024-08-05,1,Defective
RT-002391,SO-2024-009314,4,2024-08-06,2,Wrong size
RT-002392,SO-2024-009443,1,2024-08-06,2,Changed mind
RT-002393,SO-2024-008758,1,2024-08-07,2,Changed mind
RT-002394,SO-2024-009043,3,2024-08-07,1,Damaged in transit
RT-002395,SO-2024-009046,1,2024-08-07,1,Defective
RT-002396,SO-2024-009830,1,2024-08-07,1,Defective
RT-002397,SO-2024-009868,3,2024-08-07,8,Defective
RT-002398,SO-2024-009889,1,2024-08-07,1,Changed mind
RT-002399,SO-2024-010225,4,2024-08-07,2,Changed mind
RT-002400,SO-2024-008794,2,2024-08-08,1,Not as described
RT-002401,SO-2024-008863,1,2024-08-08,1,Changed mind
RT-002402,SO-2024-008958,2,2024-08-08,2,Damaged in transit
RT-002403,SO-2024-009142,2,2024-08-08,1,Not as described
RT-002404,SO-2024-009190,3,2024-08-08,1,Changed mind
RT-002405,SO-2024-009216,1,2024-08-08,1,Damaged in transit
RT-002406,SO-2024-009662,1,2024-08-08,1,Damaged in transit
RT-002407,SO-2024-010187,1,2024-08-08,1,Not as described
RT-002408,SO-2024-009768,1,2024-08-09,1,Not as described
RT-002409,SO-2024-009872,3,2024-08-09,1,Damaged in transit
RT-002410,SO-2024-010367,1,2024-08-09,1,Defective
RT-002411,SO-2024-009122,1,2024-08-10,1,Defective
RT-002412,SO-2024-009488,2,2024-08-10,1,Changed mind
RT-002413,SO-2024-009978,1,2024-08-10,1,Not as described
RT-002414,SO-2024-010120,3,2024-08-10,2,Changed mind
RT-002415,SO-2024-010264,2,2024-08-10,1,Changed mind
RT-002416,SO-2024-009119,1,2024-08-11,2,Changed mind
RT-002417,SO-2024-009422,2,2024-08-11,1,Wrong size
RT-002418,SO-2024-009567,1,2024-08-11,1,Not as described
RT-002419,SO-2024-010309,1,2024-08-11,2,Not as described
RT-002420,SO-2024-009106,2,2024-08-12,1,Wrong size
RT-002421,SO-2024-009194,1,2024-08-12,1,Wrong size
RT-002422,SO-2024-009396,1,2024-08-12,2,Wrong size
RT-002423,SO-2024-010097,1,2024-08-12,1,Defective
RT-002424,SO-2024-010513,1,2024-08-12,2,Changed mind
RT-002425,SO-2024-009776,2,2024-08-13,1,Wrong size
RT-002426,SO-2024-010257,1,2024-08-13,1,Defective
RT-002427,SO-2024-009949,1,2024-08-14,1,Changed mind
RT-002428,SO-2024-010039,1,2024-08-14,1,Wrong size
RT-002429,SO-2024-010050,1,2024-08-14,2,Changed mind
RT-002430,SO-2024-010398,2,2024-08-15,1,Not as described
RT-002431,SO-2024-010400,2,2024-08-15,1,Defective
RT-002432,SO-2024-010550,3,2024-08-15,2,Wrong size
RT-002433,SO-2024-009372,1,2024-08-16,1,Defective
RT-002434,SO-2024-009646,2,2024-08-16,1,Wrong size
RT-002435,SO-2024-010525,1,2024-08-16,1,Defective
RT-002436,SO-2024-010614,4,2024-08-16,2,Damaged in transit
RT-002437,SO-2024-009445,4,2024-08-17,1,Changed mind
RT-002438,SO-2024-009777,2,2024-08-17,1,Wrong size
RT-002439,SO-2024-009980,2,2024-08-17,1,Changed mind
RT-002440,SO-2024-010297,1,2024-08-17,2,Not as described
RT-002441,SO-2024-010545,1,2024-08-17,1,Defective
RT-002442,SO-2024-009864,1,2024-08-18,3,Changed mind
RT-002443,SO-2024-010092,1,2024-08-18,1,Wrong size
RT-002444,SO-2024-010364,2,2024-08-18,1,Defective
RT-002445,SO-2024-009588,1,2024-08-19,5,Changed mind
RT-002446,SO-2024-009967,3,2024-08-19,1,Wrong size
RT-002447,SO-2024-010162,1,2024-08-19,1,Changed mind
RT-002448,SO-2024-010252,1,2024-08-19,1,Wrong size
RT-002449,SO-2024-010544,1,2024-08-19,5,Defective
RT-002450,SO-2024-009790,2,2024-08-20,2,Defective
RT-002451,SO-2024-010066,2,2024-08-20,1,Wrong size
RT-002452,SO-2024-010317,1,2024-08-20,1,Wrong size
RT-002453,SO-2024-010648,1,2024-08-20,1,Damaged in transit
RT-002454,SO-2024-010823,2,2024-08-20,2,Changed mind
RT-002455,SO-2024-010861,1,2024-08-20,2,Not as described
RT-002456,SO-2024-009684,1,2024-08-21,1,Not as described
RT-002457,SO-2024-009744,1,2024-08-21,1,Changed mind
RT-002458,SO-2024-009769,2,2024-08-21,2,Changed mind
RT-002459,SO-2024-010512,2,2024-08-21,2,Changed mind
RT-002460,SO-2024-010798,1,2024-08-21,1,Changed mind
RT-002461,SO-2024-010973,2,2024-08-21,1,Changed mind
RT-002462,SO-2024-009767,1,2024-08-22,1,Wrong size
RT-002463,SO-2024-009982,3,2024-08-22,2,Wrong size
RT-002464,SO-2024-010376,1,2024-08-22,1,Defective
RT-002465,SO-2024-010509,1,2024-08-22,2,Damaged in transit
RT-002466,SO-2024-010192,1,2024-08-23,4,Changed mind
RT-002467,SO-2024-010465,1,2024-08-23,1,Not as described
RT-002468,SO-2024-010702,2,2024-08-23,2,Changed mind
RT-002469,SO-2024-010739,1,2024-08-23,1,Wrong size
RT-002470,SO-2024-009759,1,2024-08-24,2,Wrong size
RT-002471,SO-2024-009764,2,2024-08-24,1,Changed mind
RT-002472,SO-2024-009766,1,2024-08-24,1,Defective
RT-002473,SO-2024-009929,1,2024-08-24,1,Changed mind
RT-002474,SO-2024-010337,1,2024-08-24,2,Changed mind
RT-002475,SO-2024-009782,3,2024-08-25,1,Changed mind
RT-002476,SO-2024-010298,2,2024-08-25,9,Defective
RT-002477,SO-2024-010215,1,2024-08-26,1,Not as described
RT-002478,SO-2024-010355,4,2024-08-26,1,Defective
RT-002479,SO-2024-010605,1,2024-08-26,1,Damaged in transit
RT-002480,SO-2024-010613,1,2024-08-26,1,Damaged in transit
RT-002481,SO-2024-010739,2,2024-08-26,1,Defective
RT-002482,SO-2024-010920,1,2024-08-26,2,Wrong size
RT-002483,SO-2024-010659,1,2024-08-27,1,Defective
RT-002484,SO-2024-011114,1,2024-08-27,1,Defective
RT-002485,SO-2024-011304,1,2024-08-27,1,Defective
RT-002486,SO-2024-009939,1,2024-08-28,1,Changed mind
RT-002487,SO-2024-010307,1,2024-08-28,1,Defective
RT-002488,SO-2024-011024,2,2024-08-28,2,Defective
RT-002489,SO-2024-010136,1,2024-08-29,1,Changed mind
RT-002490,SO-2024-010199,1,2024-08-29,2,Wrong size
RT-002491,SO-2024-010415,2,2024-08-29,1,Changed mind
RT-002492,SO-2024-010452,1,2024-08-29,1,Changed mind
RT-002493,SO-2024-010564,4,2024-08-29,1,Wrong size
RT-002494,SO-2024-010935,2,2024-08-29,2,Changed mind
RT-002495,SO-2024-010202,1,2024-08-30,1,Changed mind
RT-002496,SO-2024-010252,3,2024-08-30,2,Changed mind
RT-002497,SO-2024-010441,1,2024-08-30,2,Wrong size
RT-002498,SO-2024-010994,3,2024-08-30,1,Changed mind
RT-002499,SO-2024-010110,1,2024-08-31,1,Wrong size
RT-002500,SO-2024-010409,2,2024-08-31,1,Defective
RT-002501,SO-2024-010865,1,2024-08-31,1,Wrong size
RT-002502,SO-2024-011259,1,2024-08-31,1,Defective
RT-002503,SO-2024-011276,1,2024-08-31,1,Wrong size
RT-002504,SO-2024-011319,1,2024-08-31,1,Changed mind
RT-002505,SO-2024-010303,3,2024-09-01,1,Not as described
RT-002506,SO-2024-010553,1,2024-09-01,5,Defective
RT-002507,SO-2024-010569,1,2024-09-01,1,Defective
RT-002508,SO-2024-011202,2,2024-09-01,1,Damaged in transit
RT-002509,SO-2024-011555,1,2024-09-01,10,Changed mind
RT-002510,SO-2024-010145,1,2024-09-02,3,Defective
RT-002511,SO-2024-010240,4,2024-09-02,1,Defective
RT-002512,SO-2024-010775,2,2024-09-02,1,Defective
RT-002513,SO-2024-010952,1,2024-09-02,2,Damaged in transit
RT-002514,SO-2024-011348,1,2024-09-02,2,Not as described
RT-002515,SO-2024-011570,1,2024-09-02,1,Changed mind
RT-002516,SO-2024-010203,1,2024-09-03,1,Wrong size
RT-002517,SO-2024-010358,2,2024-09-03,1,Wrong size
RT-002518,SO-2024-010566,2,2024-09-03,3,Wrong size
RT-002519,SO-2024-011191,3,2024-09-03,1,Defective
RT-002520,SO-2024-011378,1,2024-09-03,1,Not as described
RT-002521,SO-2024-011482,1,2024-09-03,1,Wrong size
RT-002522,SO-2024-010632,1,2024-09-04,1,Changed mind
RT-002523,SO-2024-010951,2,2024-09-04,1,Defective
RT-002524,SO-2024-011128,2,2024-09-04,1,Defective
RT-002525,SO-2024-011364,1,2024-09-04,3,Changed mind
RT-002526,SO-2024-011478,1,2024-09-04,1,Wrong size
RT-002527,SO-2024-011514,2,2024-09-04,1,Changed mind
RT-002528,SO-2024-011543,2,2024-09-04,1,Wrong size
RT-002529,SO-2024-011014,1,2024-09-05,1,Damaged in transit
RT-002530,SO-2024-011071,1,2024-09-05,1,Defective
RT-002531,SO-2024-011087,2,2024-09-05,1,Not as described
RT-002532,SO-2024-011112,1,2024-09-05,1,Changed mind
RT-002533,SO-2024-011132,1,2024-09-05,2,Changed mind
RT-002534,SO-2024-011264,3,2024-09-05,1,Defective
RT-002535,SO-2024-010361,1,2024-09-06,1,Changed mind
RT-002536,SO-2024-010770,1,2024-09-06,1,Changed mind
RT-002537,SO-2024-010789,1,2024-09-06,1,Defective
RT-002538,SO-2024-011028,3,2024-09-06,1,Not as described
RT-002539,SO-2024-011062,1,2024-09-06,1,Damaged in transit
RT-002540,SO-2024-011359,1,2024-09-06,1,Changed mind
RT-002541,SO-2024-011459,1,2024-09-06,1,Damaged in transit
RT-002542,SO-2024-010647,1,2024-09-07,1,Damaged in transit
RT-002543,SO-2024-010704,2,2024-09-07,2,Wrong size
RT-002544,SO-2024-010899,1,2024-09-07,1,Defective
RT-002545,SO-2024-011150,1,2024-09-07,1,Wrong size
RT-002546,SO-2024-011562,2,2024-09-07,1,Wrong size
RT-002547,SO-2024-010649,1,2024-09-08,1,Not as described
RT-002548,SO-2024-010734,1,2024-09-08,2,Wrong size
RT-002549,SO-2024-010954,1,2024-09-08,1,Wrong size
RT-002550,SO-2024-011221,3,2024-09-08,1,Wrong size
RT-002551,SO-2024-011243,2,2024-09-08,1,Changed mind
RT-002552,SO-2024-011942,1,2024-09-08,3,Wrong size
RT-002553,SO-2024-010478,2,2024-09-09,3,Changed mind
RT-002554,SO-2024-010702,1,2024-09-09,1,Damaged in transit
RT-002555,SO-2024-010847,1,2024-09-09,1,Changed mind
RT-002556,SO-2024-010911,1,2024-09-09,1,Damaged in transit
RT-002557,SO-2024-010948,1,2024-09-09,1,Defective
RT-002558,SO-2024-011344,1,2024-09-09,1,Defective
RT-002559,SO-2024-011544,4,2024-09-09,1,Defective
RT-002560,SO-2024-011894,1,2024-09-09,1,Wrong size
RT-002561,SO-2024-010568,1,2024-09-10,1,Changed mind
RT-002562,SO-2024-010698,1,2024-09-10,1,Wrong size
RT-002563,SO-2024-010794,1,2024-09-10,1,Changed mind
RT-002564,SO-2024-010998,3,2024-09-10,2,Changed mind
RT-002565,SO-2024-011004,2,2024-09-10,1,Changed mind
RT-002566,SO-2024-011197,1,2024-09-10,1,Defective
RT-002567,SO-2024-011648,1,2024-09-10,3,Defective
RT-002568,SO-2024-011253,1,2024-09-11,3,Defective
RT-002569,SO-2024-011363,1,2024-09-11,1,Changed mind
RT-002570,SO-2024-011568,4,2024-09-11,1,Defective
RT-002571,SO-2024-011569,3,2024-09-11,1,Not as described
RT-002572,SO-2024-010808,1,2024-09-12,1,Defective
RT-002573,SO-2024-011709,1,2024-09-12,1,Wrong size
RT-002574,SO-2024-010699,4,2024-09-13,1,Defective
RT-002575,SO-2024-011641,3,2024-09-13,1,Changed mind
RT-002576,SO-2024-011787,1,2024-09-13,1,Not as described
RT-002577,SO-2024-012000,2,2024-09-13,2,Changed mind
RT-002578,SO-2024-012124,1,2024-09-13,1,Changed mind
RT-002579,SO-2024-011073,1,2024-09-14,1,Changed mind
RT-002580,SO-2024-011665,2,2024-09-14,1,Wrong size
RT-002581,SO-2024-011889,1,2024-09-14,2,Wrong size
RT-002582,SO-2024-011279,2,2024-09-15,1,Wrong size
RT-002583,SO-2024-011761,1,2024-09-15,1,Changed mind
RT-002584,SO-2024-011815,2,2024-09-15,1,Defective
RT-002585,SO-2024-011927,1,2024-09-15,2,Not as described
RT-002586,SO-2024-012045,3,2024-09-15,3,Defective
RT-002587,SO-2024-010862,3,2024-09-16,1,Defective
RT-002588,SO-2024-010881,1,2024-09-16,1,Wrong size
RT-002589,SO-2024-011115,3,2024-09-16,2,Defective
RT-002590,SO-2024-011347,1,2024-09-16,1,Wrong size
RT-002591,SO-2024-012158,1,2024-09-16,1,Changed mind
RT-002592,SO-2024-011192,1,2024-09-17,1,Not as described
RT-002593,SO-2024-011221,2,2024-09-17,1,Defective
RT-002594,SO-2024-011839,2,2024-09-17,1,Changed mind
RT-002595,SO-2024-011859,1,2024-09-17,1,Changed mind
RT-002596,SO-2024-011956,1,2024-09-17,1,Not as described
RT-002597,SO-2024-011893,1,2024-09-18,1,Damaged in transit
RT-002598,SO-2024-012009,3,2024-09-18,2,Not as described
RT-002599,SO-2024-011202,3,2024-09-19,1,Wrong size
RT-002600,SO-2024-011361,4,2024-09-19,1,Defective
RT-002601,SO-2024-011629,1,2024-09-19,1,Defective
RT-002602,SO-2024-011827,1,2024-09-19,3,Wrong size
RT-002603,SO-2024-012326,1,2024-09-19,1,Defective
RT-002604,SO-2024-011726,1,2024-09-20,1,Not as described
RT-002605,SO-2024-012137,2,2024-09-20,1,Damaged in transit
RT-002606,SO-2024-012375,2,2024-09-20,1,Wrong size
RT-002607,SO-2024-011155,2,2024-09-21,1,Changed mind
RT-002608,SO-2024-011643,1,2024-09-21,1,Damaged in transit
RT-002609,SO-2024-011782,2,2024-09-21,1,Changed mind
RT-002610,SO-2024-011795,2,2024-09-21,1,Defective
RT-002611,SO-2024-011504,2,2024-09-22,3,Wrong size
RT-002612,SO-2024-012242,1,2024-09-22,1,Not as described
RT-002613,SO-2024-012365,2,2024-09-22,1,Defective
RT-002614,SO-2024-012470,1,2024-09-22,1,Changed mind
RT-002615,SO-2024-011336,1,2024-09-23,1,Defective
RT-002616,SO-2024-011368,4,2024-09-23,1,Wrong size
RT-002617,SO-2024-011505,2,2024-09-23,1,Wrong size
RT-002618,SO-2024-011645,1,2024-09-23,2,Defective
RT-002619,SO-2024-012388,2,2024-09-23,1,Defective
RT-002620,SO-2024-011821,3,2024-09-24,1,Defective
RT-002621,SO-2024-012094,2,2024-09-24,1,Not as described
RT-002622,SO-2024-012157,1,2024-09-24,1,Wrong size
RT-002623,SO-2024-011520,1,2024-09-25,1,Wrong size
RT-002624,SO-2024-012016,2,2024-09-25,1,Defective
RT-002625,SO-2024-012482,1,2024-09-25,1,Wrong size
RT-002626,SO-2024-012636,1,2024-09-25,2,Defective
RT-002627,SO-2024-011384,2,2024-09-26,2,Wrong size
RT-002628,SO-2024-011667,1,2024-09-26,1,Defective
RT-002629,SO-2024-012415,1,2024-09-26,1,Wrong size
RT-002630,SO-2024-012489,3,2024-09-26,1,Defective
RT-002631,SO-2024-011583,1,2024-09-27,1,Wrong size
RT-002632,SO-2024-012454,2,2024-09-27,1,Damaged in transit
RT-002633,SO-2024-012460,2,2024-09-27,2,Changed mind
RT-002634,SO-2024-011494,1,2024-09-28,1,Changed mind
RT-002635,SO-2024-011569,1,2024-09-28,1,Changed mind
RT-002636,SO-2024-011588,2,2024-09-28,1,Wrong size
RT-002637,SO-2024-011689,1,2024-09-28,5,Damaged in transit
RT-002638,SO-2024-011913,2,2024-09-28,1,Wrong size
RT-002639,SO-2024-012715,2,2024-09-28,1,Not as described
RT-002640,SO-2024-012019,2,2024-09-29,1,Damaged in transit
RT-002641,SO-2024-012167,1,2024-09-29,3,Wrong size
RT-002642,SO-2024-012684,1,2024-09-29,1,Wrong size
RT-002643,SO-2024-012716,2,2024-09-29,1,Not as described
RT-002644,SO-2024-012803,1,2024-09-29,1,Changed mind
RT-002645,SO-2024-011659,1,2024-09-30,1,Changed mind
RT-002646,SO-2024-011880,2,2024-09-30,1,Wrong size
RT-002647,SO-2024-012851,2,2024-09-30,1,Not as described
RT-002648,SO-2024-012876,1,2024-09-30,7,Changed mind
RT-002649,SO-2024-011936,1,2024-10-01,6,Defective
RT-002650,SO-2024-011945,1,2024-10-01,2,Not as described
RT-002651,SO-2024-012055,1,2024-10-01,1,Changed mind
RT-002652,SO-2024-012147,2,2024-10-01,1,Changed mind
RT-002653,SO-2024-012207,2,2024-10-01,1,Defective
RT-002654,SO-2024-012712,1,2024-10-01,1,Changed mind
RT-002655,SO-2024-012856,1,2024-10-01,1,Wrong size
RT-002656,SO-2024-011799,1,2024-10-02,1,Not as described
RT-002657,SO-2024-011933,1,2024-10-02,1,Wrong size
RT-002658,SO-2024-012228,1,2024-10-02,1,Defective
RT-002659,SO-2024-012233,1,2024-10-02,1,Defective
RT-002660,SO-2024-012240,1,2024-10-02,1,Defective
RT-002661,SO-2024-012719,2,2024-10-02,2,Not as described
RT-002662,SO-2024-011784,2,2024-10-03,1,Defective
RT-002663,SO-2024-012667,1,2024-10-04,1,Wrong size
RT-002664,SO-2024-012745,1,2024-10-04,1,Wrong size
RT-002665,SO-2024-012831,1,2024-10-05,1,Wrong size
RT-002666,SO-2024-012891,1,2024-10-05,1,Defective
RT-002667,SO-2024-013019,2,2024-10-05,2,Not as described
RT-002668,SO-2024-012046,1,2024-10-06,2,Wrong size
RT-002669,SO-2024-012256,1,2024-10-06,2,Wrong size
RT-002670,SO-2024-012332,2,2024-10-06,1,Changed mind
RT-002671,SO-2024-012362,1,2024-10-06,1,Changed mind
RT-002672,SO-2024-012560,2,2024-10-06,1,Not as described
RT-002673,SO-2024-012818,2,2024-10-06,2,Changed mind
RT-002674,SO-2024-012872,2,2024-10-06,1,Defective
RT-002675,SO-2024-012357,2,2024-10-07,1,Wrong size
RT-002676,SO-2024-012787,2,2024-10-07,1,Damaged in transit
RT-002677,SO-2024-012826,1,2024-10-07,1,Defective
RT-002678,SO-2024-013019,1,2024-10-07,5,Wrong size
RT-002679,SO-2024-013060,1,2024-10-07,1,Changed mind
RT-002680,SO-2024-013127,1,2024-10-07,3,Changed mind
RT-002681,SO-2024-012201,2,2024-10-08,1,Not as described
RT-002682,SO-2024-012761,4,2024-10-08,1,Not as described
RT-002683,SO-2024-012082,1,2024-10-09,2,Wrong size
RT-002684,SO-2024-012276,1,2024-10-09,1,Wrong size
RT-002685,SO-2024-012638,3,2024-10-09,1,Wrong size
RT-002686,SO-2024-012911,3,2024-10-09,2,Defective
RT-002687,SO-2024-012947,1,2024-10-09,6,Changed mind
RT-002688,SO-2024-012949,1,2024-10-09,1,Defective
RT-002689,SO-2024-012235,1,2024-10-10,1,Changed mind
RT-002690,SO-2024-012379,1,2024-10-10,1,Defective
RT-002691,SO-2024-013071,1,2024-10-10,1,Wrong size
RT-002692,SO-2024-012160,3,2024-10-11,1,Defective
RT-002693,SO-2024-012366,1,2024-10-11,2,Not as described
RT-002694,SO-2024-012523,2,2024-10-11,1,Defective
RT-002695,SO-2024-012623,4,2024-10-11,1,Defective
RT-002696,SO-2024-012999,3,2024-10-11,1,Wrong size
RT-002697,SO-2024-013073,1,2024-10-11,2,Wrong size
RT-002698,SO-2024-013228,2,2024-10-11,1,Defective
RT-002699,SO-2024-012352,1,2024-10-12,1,Wrong size
RT-002700,SO-2024-012370,2,2024-10-12,1,Damaged in transit
RT-002701,SO-2024-012606,2,2024-10-12,1,Defective
RT-002702,SO-2024-012665,2,2024-10-12,1,Damaged in transit
RT-002703,SO-2024-012975,1,2024-10-12,1,Changed mind
RT-002704,SO-2024-013286,1,2024-10-12,1,Wrong size
RT-002705,SO-2024-013287,3,2024-10-12,2,Defective
RT-002706,SO-2024-012433,1,2024-10-13,1,Wrong size
RT-002707,SO-2024-012690,1,2024-10-13,3,Defective
RT-002708,SO-2024-012759,2,2024-10-13,3,Wrong size
RT-002709,SO-2024-012846,2,2024-10-13,3,Wrong size
RT-002710,SO-2024-012715,3,2024-10-14,1,Wrong size
RT-002711,SO-2024-013070,4,2024-10-14,1,Changed mind
RT-002712,SO-2024-013261,1,2024-10-14,1,Defective
RT-002713,SO-2024-012395,1,2024-10-15,2,Defective
RT-002714,SO-2024-012404,2,2024-10-15,2,Not as described
RT-002715,SO-2024-012724,1,2024-10-15,1,Not as described
RT-002716,SO-2024-012731,1,2024-10-15,1,Wrong size
RT-002717,SO-2024-012899,3,2024-10-15,1,Wrong size
RT-002718,SO-2024-013281,2,2024-10-15,1,Changed mind
RT-002719,SO-2024-012582,1,2024-10-16,1,Not as described
RT-002720,SO-2024-012402,2,2024-10-17,1,Not as described
RT-002721,SO-2024-012867,1,2024-10-17,1,Wrong size
RT-002722,SO-2024-013366,1,2024-10-17,1,Changed mind
RT-002723,SO-2024-013556,1,2024-10-18,2,Wrong size
RT-002724,SO-2024-012571,3,2024-10-19,1,Not as described
RT-002725,SO-2024-013189,1,2024-10-19,1,Damaged in transit
RT-002726,SO-2024-013247,1,2024-10-19,1,Wrong size
RT-002727,SO-2024-013396,3,2024-10-19,1,Defective
RT-002728,SO-2024-012765,4,2024-10-20,1,Wrong size
RT-002729,SO-2024-013092,2,2024-10-20,1,Not as described
RT-002730,SO-2024-013325,2,2024-10-20,2,Not as described
RT-002731,SO-2024-013436,2,2024-10-20,1,Changed mind
RT-002732,SO-2024-013119,1,2024-10-21,2,Not as described
RT-002733,SO-2024-013720,3,2024-10-21,1,Not as described
RT-002734,SO-2024-012677,3,2024-10-22,1,Not as described
RT-002735,SO-2024-013191,2,2024-10-22,1,Changed mind
RT-002736,SO-2024-013506,4,2024-10-22,1,Wrong size
RT-002737,SO-2024-013517,2,2024-10-22,1,Defective
RT-002738,SO-2024-013533,3,2024-10-22,1,Wrong size
RT-002739,SO-2024-012686,1,2024-10-23,1,Not as described
RT-002740,SO-2024-012954,4,2024-10-23,1,Damaged in transit
RT-002741,SO-2024-012994,1,2024-10-23,2,Defective
RT-002742,SO-2024-013583,1,2024-10-23,2,Wrong size
RT-002743,SO-2024-013655,3,2024-10-23,1,Changed mind
RT-002744,SO-2024-013771,2,2024-10-23,1,Wrong size
RT-002745,SO-2024-012887,1,2024-10-24,1,Defective
RT-002746,SO-2024-013176,1,2024-10-24,1,Defective
RT-002747,SO-2024-013190,1,2024-10-24,2,Changed mind
RT-002748,SO-2024-013451,3,2024-10-24,1,Wrong size
RT-002749,SO-2024-012951,2,2024-10-25,1,Not as described
RT-002750,SO-2024-013420,1,2024-10-25,2,Wrong size
RT-002751,SO-2024-013457,3,2024-10-25,1,Wrong size
RT-002752,SO-2024-013498,1,2024-10-25,1,Wrong size
RT-002753,SO-2024-013640,1,2024-10-25,1,Wrong size
RT-002754,SO-2024-013143,1,2024-10-26,2,Defective
RT-002755,SO-2024-013170,1,2024-10-26,1,Defective
RT-002756,SO-2024-013287,2,2024-10-26,1,Damaged in transit
RT-002757,SO-2024-013456,3,2024-10-26,2,Changed mind
RT-002758,SO-2024-013616,1,2024-10-26,1,Not as described
RT-002759,SO-2024-013655,2,2024-10-26,1,Wrong size
RT-002760,SO-2024-013724,3,2024-10-26,1,Wrong size
RT-002761,SO-2024-013305,4,2024-10-27,1,Damaged in transit
RT-002762,SO-2024-013820,1,2024-10-27,1,Wrong size
RT-002763,SO-2024-012882,1,2024-10-28,2,Wrong size
RT-002764,SO-2024-013201,1,2024-10-28,1,Changed mind
RT-002765,SO-2024-013426,1,2024-10-28,2,Wrong size
RT-002766,SO-2024-013595,1,2024-10-28,1,Wrong size
RT-002767,SO-2024-013836,1,2024-10-28,1,Wrong size
RT-002768,SO-2024-013870,2,2024-10-28,1,Wrong size
RT-002769,SO-2024-013001,3,2024-10-29,1,Defective
RT-002770,SO-2024-013707,1,2024-10-29,2,Changed mind
RT-002771,SO-2024-013750,1,2024-10-29,1,Defective
RT-002772,SO-2024-013346,2,2024-10-30,1,Wrong size
RT-002773,SO-2024-013479,3,2024-10-30,1,Defective
RT-002774,SO-2024-013590,1,2024-10-30,1,Wrong size
RT-002775,SO-2024-013995,4,2024-10-30,1,Wrong size
RT-002776,SO-2024-013105,2,2024-10-31,1,Wrong size
RT-002777,SO-2024-013434,1,2024-10-31,1,Wrong size
RT-002778,SO-2024-013650,1,2024-10-31,1,Changed mind
RT-002779,SO-2024-013710,3,2024-10-31,1,Wrong size
RT-002780,SO-2024-013342,2,2024-11-01,1,Wrong size
RT-002781,SO-2024-013351,1,2024-11-01,1,Wrong size
RT-002782,SO-2024-013925,2,2024-11-01,1,Changed mind
RT-002783,SO-2024-013933,2,2024-11-01,2,Changed mind
RT-002784,SO-2024-013952,1,2024-11-01,1,Changed mind
RT-002785,SO-2024-013050,2,2024-11-02,1,Wrong size
RT-002786,SO-2024-013069,1,2024-11-02,1,Wrong size
RT-002787,SO-2024-013455,1,2024-11-02,1,Changed mind
RT-002788,SO-2024-014004,1,2024-11-02,1,Not as described
RT-002789,SO-2024-013309,1,2024-11-03,1,Wrong size
RT-002790,SO-2024-013681,2,2024-11-03,1,Changed mind
RT-002791,SO-2024-014166,3,2024-11-03,1,Not as described
RT-002792,SO-2024-013638,1,2024-11-04,1,Changed mind
RT-002793,SO-2024-013528,1,2024-11-05,1,Defective
RT-002794,SO-2024-013782,1,2024-11-05,1,Damaged in transit
RT-002795,SO-2024-013800,1,2024-11-05,1,Wrong size
RT-002796,SO-2024-013829,2,2024-11-05,3,Changed mind
RT-002797,SO-2024-013942,1,2024-11-05,1,Changed mind
RT-002798,SO-2024-013290,1,2024-11-06,1,Wrong size
RT-002799,SO-2024-013425,2,2024-11-06,1,Changed mind
RT-002800,SO-2024-013443,3,2024-11-06,1,Not as described
RT-002801,SO-2024-013487,1,2024-11-06,1,Wrong size
RT-002802,SO-2024-013692,2,2024-11-06,2,Wrong size
RT-002803,SO-2024-013966,1,2024-11-06,2,Not as described
RT-002804,SO-2024-014206,1,2024-11-06,1,Not as described
RT-002805,SO-2024-014087,2,2024-11-07,1,Defective
RT-002806,SO-2024-014241,3,2024-11-07,1,Changed mind
RT-002807,SO-2024-014299,1,2024-11-07,2,Changed mind
RT-002808,SO-2024-013317,1,2024-11-08,1,Wrong size
RT-002809,SO-2024-013357,1,2024-11-08,1,Changed mind
RT-002810,SO-2024-013679,2,2024-11-08,1,Wrong size
RT-002811,SO-2024-013695,1,2024-11-08,1,Wrong size
RT-002812,SO-2024-014064,1,2024-11-08,1,Changed mind
RT-002813,SO-2024-014314,1,2024-11-08,1,Wrong size
RT-002814,SO-2024-014433,1,2024-11-08,1,Wrong size
RT-002815,SO-2024-013407,2,2024-11-09,1,Changed mind
RT-002816,SO-2024-014172,2,2024-11-09,1,Changed mind
RT-002817,SO-2024-014342,2,2024-11-09,1,Wrong size
RT-002818,SO-2024-014442,1,2024-11-09,2,Not as described
RT-002819,SO-2024-013486,2,2024-11-10,3,Changed mind
RT-002820,SO-2024-013739,2,2024-11-10,5,Wrong size
RT-002821,SO-2024-013871,1,2024-11-11,1,Damaged in transit
RT-002822,SO-2024-014052,1,2024-11-11,1,Wrong size
RT-002823,SO-2024-014074,2,2024-11-12,1,Wrong size
RT-002824,SO-2024-014403,3,2024-11-12,1,Not as described
RT-002825,SO-2024-014455,4,2024-11-12,1,Wrong size
RT-002826,SO-2024-014592,2,2024-11-12,1,Wrong size
RT-002827,SO-2024-014628,1,2024-11-12,2,Wrong size
RT-002828,SO-2024-013494,1,2024-11-13,1,Not as described
RT-002829,SO-2024-013633,1,2024-11-13,2,Changed mind
RT-002830,SO-2024-013774,2,2024-11-13,1,Changed mind
RT-002831,SO-2024-014241,1,2024-11-13,1,Not as described
RT-002832,SO-2024-014491,1,2024-11-13,2,Changed mind
RT-002833,SO-2024-014563,1,2024-11-13,1,Wrong size
RT-002834,SO-2024-014647,2,2024-11-13,1,Changed mind
RT-002835,SO-2024-013587,1,2024-11-14,2,Not as described
RT-002836,SO-2024-013682,1,2024-11-14,3,Wrong size
RT-002837,SO-2024-013789,1,2024-11-14,1,Defective
RT-002838,SO-2024-014472,4,2024-11-14,2,Wrong size
RT-002839,SO-2024-014502,1,2024-11-14,1,Damaged in transit
RT-002840,SO-2024-014559,1,2024-11-14,1,Defective
RT-002841,SO-2024-014663,3,2024-11-14,2,Not as described
RT-002842,SO-2024-013653,2,2024-11-15,2,Wrong size
RT-002843,SO-2024-013757,1,2024-11-15,2,Defective
RT-002844,SO-2024-013868,2,2024-11-15,2,Not as described
RT-002845,SO-2024-014430,4,2024-11-15,2,Changed mind
RT-002846,SO-2024-014475,4,2024-11-15,1,Wrong size
RT-002847,SO-2024-013598,1,2024-11-16,2,Wrong size
RT-002848,SO-2024-014039,3,2024-11-16,1,Wrong size
RT-002849,SO-2024-014077,1,2024-11-16,1,Changed mind
RT-002850,SO-2024-014380,1,2024-11-16,4,Defective
RT-002851,SO-2024-014432,1,2024-11-16,2,Not as described
RT-002852,SO-2024-014857,1,2024-11-16,1,Changed mind
RT-002853,SO-2024-014483,3,2024-11-17,1,Wrong size
RT-002854,SO-2024-014614,1,2024-11-17,1,Defective
RT-002855,SO-2024-014860,2,2024-11-17,1,Changed mind
RT-002856,SO-2024-014003,2,2024-11-18,2,Changed mind
RT-002857,SO-2024-014200,1,2024-11-18,3,Changed mind
RT-002858,SO-2024-014332,2,2024-11-18,1,Defective
RT-002859,SO-2024-014384,4,2024-11-18,1,Changed mind
RT-002860,SO-2024-014763,1,2024-11-19,1,Changed mind
RT-002861,SO-2024-015015,1,2024-11-19,5,Changed mind
RT-002862,SO-2024-013817,3,2024-11-20,2,Wrong size
RT-002863,SO-2024-014135,2,2024-11-21,1,Changed mind
RT-002864,SO-2024-014376,1,2024-11-21,1,Wrong size
RT-002865,SO-2024-014066,1,2024-11-22,1,Changed mind
RT-002866,SO-2024-014613,2,2024-11-22,2,Defective
RT-002867,SO-2024-014768,1,2024-11-22,3,Defective
RT-002868,SO-2024-014180,1,2024-11-23,3,Not as described
RT-002869,SO-2024-014334,1,2024-11-23,1,Damaged in transit
RT-002870,SO-2024-014395,1,2024-11-23,2,Changed mind
RT-002871,SO-2024-014422,3,2024-11-23,1,Changed mind
RT-002872,SO-2024-014456,1,2024-11-23,1,Wrong size
RT-002873,SO-2024-014493,2,2024-11-23,1,Changed mind
RT-002874,SO-2024-014564,2,2024-11-23,1,Changed mind
RT-002875,SO-2024-014790,1,2024-11-23,1,Not as described
RT-002876,SO-2024-015187,1,2024-11-23,2,Wrong size
RT-002877,SO-2024-014692,2,2024-11-24,1,Defective
RT-002878,SO-2024-014770,3,2024-11-24,1,Changed mind
RT-002879,SO-2024-014819,1,2024-11-24,1,Changed mind
RT-002880,SO-2024-013953,3,2024-11-25,1,Wrong size
RT-002881,SO-2024-014002,3,2024-11-25,1,Changed mind
RT-002882,SO-2024-014086,1,2024-11-25,1,Wrong size
RT-002883,SO-2024-014239,4,2024-11-25,1,Wrong size
RT-002884,SO-2024-014806,1,2024-11-25,1,Wrong size
RT-002885,SO-2024-014977,1,2024-11-25,3,Changed mind
RT-002886,SO-2024-015038,2,2024-11-25,1,Changed mind
RT-002887,SO-2024-015083,2,2024-11-25,3,Changed mind
RT-002888,SO-2024-015356,2,2024-11-25,1,Defective
RT-002889,SO-2024-013992,3,2024-11-26,1,Wrong size
RT-002890,SO-2024-014304,1,2024-11-26,1,Not as described
RT-002891,SO-2024-014741,1,2024-11-26,1,Changed mind
RT-002892,SO-2024-014763,2,2024-11-26,2,Damaged in transit
RT-002893,SO-2024-015105,2,2024-11-26,1,Defective
RT-002894,SO-2024-014931,1,2024-11-27,3,Changed mind
RT-002895,SO-2024-015222,2,2024-11-27,1,Damaged in transit
RT-002896,SO-2024-014053,1,2024-11-28,1,Wrong size
RT-002897,SO-2024-014581,1,2024-11-28,1,Not as described
RT-002898,SO-2024-015170,1,2024-11-28,2,Wrong size
RT-002899,SO-2024-015174,1,2024-11-28,2,Wrong size
RT-002900,SO-2024-015509,1,2024-11-28,1,Wrong size
RT-002901,SO-2024-014088,1,2024-11-29,1,Wrong size
RT-002902,SO-2024-014390,3,2024-11-29,1,Not as described
RT-002903,SO-2024-015145,1,2024-11-29,1,Wrong size
RT-002904,SO-2024-015241,1,2024-11-29,1,Defective
RT-002905,SO-2024-015401,1,2024-11-29,1,Wrong size
RT-002906,SO-2024-014115,1,2024-11-30,2,Wrong size
RT-002907,SO-2024-014220,2,2024-11-30,3,Not as described
RT-002908,SO-2024-014272,2,2024-11-30,2,Changed mind
RT-002909,SO-2024-014368,1,2024-11-30,1,Changed mind
RT-002910,SO-2024-014822,1,2024-11-30,1,Wrong size
RT-002911,SO-2024-014911,1,2024-11-30,2,Wrong size
RT-002912,SO-2024-015128,2,2024-11-30,1,Not as described
RT-002913,SO-2024-015189,1,2024-11-30,10,Wrong size
RT-002914,SO-2024-015405,3,2024-11-30,1,Defective
RT-002915,SO-2024-015584,1,2024-11-30,1,Wrong size
RT-002916,SO-2024-015593,1,2024-11-30,1,Changed mind
RT-002917,SO-2024-014772,1,2024-12-01,1,Wrong size
RT-002918,SO-2024-015590,1,2024-12-01,1,Defective
RT-002919,SO-2024-015680,1,2024-12-01,1,Changed mind
RT-002920,SO-2024-014562,1,2024-12-02,2,Wrong size
RT-002921,SO-2024-014818,2,2024-12-02,1,Defective
RT-002922,SO-2024-014938,1,2024-12-02,1,Changed mind
RT-002923,SO-2024-015073,1,2024-12-02,1,Changed mind
RT-002924,SO-2024-015132,1,2024-12-02,2,Wrong size
RT-002925,SO-2024-015541,2,2024-12-02,2,Changed mind
RT-002926,SO-2024-015542,2,2024-12-02,2,Not as described
RT-002927,SO-2024-014294,1,2024-12-03,1,Changed mind
RT-002928,SO-2024-014318,1,2024-12-03,2,Changed mind
RT-002929,SO-2024-014531,1,2024-12-03,1,Changed mind
RT-002930,SO-2024-014780,1,2024-12-03,1,Changed mind
RT-002931,SO-2024-014799,1,2024-12-03,1,Changed mind
RT-002932,SO-2024-014875,4,2024-12-03,1,Defective
RT-002933,SO-2024-015100,2,2024-12-03,4,Wrong size
RT-002934,SO-2024-015303,1,2024-12-03,1,Not as described
RT-002935,SO-2024-015411,1,2024-12-03,2,Defective
RT-002936,SO-2024-015600,1,2024-12-03,2,Changed mind
RT-002937,SO-2024-015629,4,2024-12-03,1,Defective
RT-002938,SO-2024-014412,2,2024-12-04,1,Not as described
RT-002939,SO-2024-014544,3,2024-12-04,2,Changed mind
RT-002940,SO-2024-014864,3,2024-12-04,1,Damaged in transit
RT-002941,SO-2024-015413,2,2024-12-04,4,Wrong size
RT-002942,SO-2024-015429,1,2024-12-04,1,Wrong size
RT-002943,SO-2024-015608,2,2024-12-04,1,Wrong size
RT-002944,SO-2024-015864,1,2024-12-04,3,Not as described
RT-002945,SO-2024-014647,1,2024-12-05,1,Defective
RT-002946,SO-2024-015409,1,2024-12-05,1,Wrong size
RT-002947,SO-2024-015766,1,2024-12-05,1,Wrong size
RT-002948,SO-2024-015959,1,2024-12-05,1,Changed mind
RT-002949,SO-2024-014751,1,2024-12-06,2,Wrong size
RT-002950,SO-2024-015070,1,2024-12-06,2,Wrong size
RT-002951,SO-2024-015087,3,2024-12-06,2,Wrong size
RT-002952,SO-2024-015174,3,2024-12-06,7,Not as described
RT-002953,SO-2024-015292,2,2024-12-06,1,Wrong size
RT-002954,SO-2024-015387,1,2024-12-06,1,Wrong size
RT-002955,SO-2024-015520,1,2024-12-06,1,Changed mind
RT-002956,SO-2024-015554,2,2024-12-06,1,Not as described
RT-002957,SO-2024-015684,2,2024-12-06,1,Not as described
RT-002958,SO-2024-015813,1,2024-12-06,1,Changed mind
RT-002959,SO-2024-016017,2,2024-12-06,1,Wrong size
RT-002960,SO-2024-014925,2,2024-12-07,2,Wrong size
RT-002961,SO-2024-015887,1,2024-12-07,1,Defective
RT-002962,SO-2024-016016,1,2024-12-07,1,Changed mind
RT-002963,SO-2024-014671,2,2024-12-08,1,Wrong size
RT-002964,SO-2024-015106,2,2024-12-08,2,Defective
RT-002965,SO-2024-015672,1,2024-12-08,1,Changed mind
RT-002966,SO-2024-015898,1,2024-12-08,1,Defective
RT-002967,SO-2024-015989,3,2024-12-08,2,Wrong size
RT-002968,SO-2024-015354,2,2024-12-09,1,Defective
RT-002969,SO-2024-015443,1,2024-12-09,2,Not as described
RT-002970,SO-2024-015649,2,2024-12-09,3,Wrong size
RT-002971,SO-2024-015888,2,2024-12-09,1,Changed mind
RT-002972,SO-2024-016010,1,2024-12-09,1,Defective
RT-002973,SO-2024-016068,1,2024-12-09,1,Wrong size
RT-002974,SO-2024-016169,2,2024-12-09,1,Defective
RT-002975,SO-2024-015802,1,2024-12-10,2,Damaged in transit
RT-002976,SO-2024-016070,2,2024-12-10,1,Not as described
RT-002977,SO-2024-014695,1,2024-12-11,4,Changed mind
RT-002978,SO-2024-014701,1,2024-12-11,1,Not as described
RT-002979,SO-2024-015530,2,2024-12-11,1,Not as described
RT-002980,SO-2024-015540,2,2024-12-11,1,Changed mind
RT-002981,SO-2024-015590,2,2024-12-11,1,Defective
RT-002982,SO-2024-015631,2,2024-12-11,2,Defective
RT-002983,SO-2024-015700,1,2024-12-11,4,Damaged in transit
RT-002984,SO-2024-016139,1,2024-12-11,1,Wrong size
RT-002985,SO-2024-015747,1,2024-12-12,1,Wrong size
RT-002986,SO-2024-016117,2,2024-12-12,1,Wrong size
RT-002987,SO-2024-016218,2,2024-12-12,1,Changed mind
RT-002988,SO-2024-014864,2,2024-12-13,1,Wrong size
RT-002989,SO-2024-015510,2,2024-12-13,1,Defective
RT-002990,SO-2024-015620,1,2024-12-13,2,Changed mind
RT-002991,SO-2024-016076,3,2024-12-13,1,Wrong size
RT-002992,SO-2024-016255,1,2024-12-13,3,Changed mind
RT-002993,SO-2024-014902,1,2024-12-14,1,Wrong size
RT-002994,SO-2024-014979,1,2024-12-14,1,Changed mind
RT-002995,SO-2024-015456,2,2024-12-14,2,Changed mind
RT-002996,SO-2024-015760,2,2024-12-14,1,Not as described
RT-002997,SO-2024-016322,2,2024-12-14,5,Not as described
RT-002998,SO-2024-015511,2,2024-12-15,1,Changed mind
RT-002999,SO-2024-015921,1,2024-12-15,1,Wrong size
RT-003000,SO-2024-016011,1,2024-12-15,1,Changed mind
RT-003001,SO-2024-016021,1,2024-12-15,1,Wrong size
RT-003002,SO-2024-016164,1,2024-12-15,2,Defective
RT-003003,SO-2024-016448,2,2024-12-15,1,Wrong size
RT-003004,SO-2024-014969,1,2024-12-16,1,Wrong size
RT-003005,SO-2024-015392,2,2024-12-16,2,Changed mind
RT-003006,SO-2024-015667,3,2024-12-16,2,Wrong size
RT-003007,SO-2024-015738,1,2024-12-16,1,Not as described
RT-003008,SO-2024-016129,3,2024-12-16,4,Wrong size
RT-003009,SO-2024-016247,1,2024-12-16,1,Wrong size
RT-003010,SO-2024-016339,1,2024-12-16,1,Defective
RT-003011,SO-2024-016352,3,2024-12-16,1,Damaged in transit
RT-003012,SO-2024-016455,2,2024-12-16,2,Changed mind
RT-003013,SO-2024-015011,3,2024-12-17,1,Defective
RT-003014,SO-2024-015073,3,2024-12-17,1,Changed mind
RT-003015,SO-2024-015078,1,2024-12-17,1,Wrong size
RT-003016,SO-2024-015226,2,2024-12-17,8,Damaged in transit
RT-003017,SO-2024-015430,1,2024-12-17,1,Defective
RT-003018,SO-2024-015704,1,2024-12-17,2,Not as described
RT-003019,SO-2024-015729,1,2024-12-17,1,Defective
RT-003020,SO-2024-015847,2,2024-12-17,1,Wrong size
RT-003021,SO-2024-015997,2,2024-12-17,1,Changed mind
RT-003022,SO-2024-016060,2,2024-12-17,1,Defective
RT-003023,SO-2024-016700,2,2024-12-17,2,Defective
RT-003024,SO-2024-016761,2,2024-12-17,2,Not as described
RT-003025,SO-2024-015847,1,2024-12-18,1,Wrong size
RT-003026,SO-2024-015952,1,2024-12-18,1,Defective
RT-003027,SO-2024-016013,2,2024-12-18,1,Wrong size
RT-003028,SO-2024-016013,3,2024-12-18,1,Defective
RT-003029,SO-2024-016337,4,2024-12-18,1,Wrong size
RT-003030,SO-2024-016502,2,2024-12-18,2,Wrong size
RT-003031,SO-2024-015245,1,2024-12-19,2,Wrong size
RT-003032,SO-2024-015246,1,2024-12-19,1,Changed mind
RT-003033,SO-2024-015376,2,2024-12-19,1,Wrong size
RT-003034,SO-2024-015622,1,2024-12-19,1,Changed mind
RT-003035,SO-2024-015699,2,2024-12-19,1,Wrong size
RT-003036,SO-2024-016071,3,2024-12-19,1,Defective
RT-003037,SO-2024-016524,3,2024-12-19,2,Not as described
RT-003038,SO-2024-016601,3,2024-12-19,1,Changed mind
RT-003039,SO-2024-016639,2,2024-12-19,1,Defective
RT-003040,SO-2024-015632,2,2024-12-20,1,Wrong size
RT-003041,SO-2024-015932,3,2024-12-20,1,Not as described
RT-003042,SO-2024-016017,1,2024-12-20,1,Wrong size
RT-003043,SO-2024-016399,1,2024-12-20,1,Changed mind
RT-003044,SO-2024-016632,2,2024-12-20,2,Damaged in transit
RT-003045,SO-2024-016799,1,2024-12-20,1,Changed mind
RT-003046,SO-2024-016845,1,2024-12-20,1,Wrong size
RT-003047,SO-2024-016908,1,2024-12-20,1,Wrong size
RT-003048,SO-2024-015280,1,2024-12-21,1,Changed mind
RT-003049,SO-2024-015698,1,2024-12-21,1,Wrong size
RT-003050,SO-2024-016089,2,2024-12-21,1,Changed mind
RT-003051,SO-2024-016149,1,2024-12-21,1,Changed mind
RT-003052,SO-2024-016462,1,2024-12-21,1,Defective
RT-003053,SO-2024-016689,1,2024-12-21,1,Defective
RT-003054,SO-2024-015255,2,2024-12-22,1,Wrong size
RT-003055,SO-2024-015459,1,2024-12-22,1,Defective
RT-003056,SO-2024-016002,1,2024-12-22,1,Changed mind
RT-003057,SO-2024-016165,1,2024-12-22,1,Not as described
RT-003058,SO-2024-016299,1,2024-12-22,1,Wrong size
RT-003059,SO-2024-016428,2,2024-12-22,1,Wrong size
RT-003060,SO-2024-016494,4,2024-12-22,1,Changed mind
RT-003061,SO-2024-017116,4,2024-12-22,3,Damaged in transit
RT-003062,SO-2024-017117,3,2024-12-22,1,Changed mind
RT-003063,SO-2024-015609,1,2024-12-23,1,Changed mind
RT-003064,SO-2024-016074,3,2024-12-23,1,Changed mind
RT-003065,SO-2024-016802,1,2024-12-23,1,Wrong size
RT-003066,SO-2024-017067,1,2024-12-23,7,Changed mind
RT-003067,SO-2024-015910,3,2024-12-24,1,Wrong size
RT-003068,SO-2024-016889,4,2024-12-24,2,Defective
RT-003069,SO-2024-016899,1,2024-12-24,1,Wrong size
RT-003070,SO-2024-015688,3,2024-12-25,1,Defective
RT-003071,SO-2024-016074,1,2024-12-25,2,Damaged in transit
RT-003072,SO-2024-016332,2,2024-12-25,2,Wrong size
RT-003073,SO-2024-016438,1,2024-12-25,1,Wrong size
RT-003074,SO-2024-015553,1,2024-12-26,2,Wrong size
RT-003075,SO-2024-015691,2,2024-12-26,2,Wrong size
RT-003076,SO-2024-016981,1,2024-12-26,1,Wrong size
RT-003077,SO-2024-017129,3,2024-12-26,1,Changed mind
RT-003078,SO-2024-017210,2,2024-12-26,1,Not as described
RT-003079,SO-2024-015538,1,2024-12-27,1,Not as described
RT-003080,SO-2024-015781,3,2024-12-27,2,Defective
RT-003081,SO-2024-015949,3,2024-12-27,1,Defective
RT-003082,SO-2024-016030,1,2024-12-27,1,Wrong size
RT-003083,SO-2024-016126,1,2024-12-27,1,Wrong size
RT-003084,SO-2024-016600,2,2024-12-27,1,Defective
RT-003085,SO-2024-017031,1,2024-12-27,1,Damaged in transit
RT-003086,SO-2024-017091,1,2024-12-27,2,Wrong size
RT-003087,SO-2024-017119,1,2024-12-27,1,Changed mind
RT-003088,SO-2024-015605,3,2024-12-28,1,Wrong size
RT-003089,SO-2024-015861,2,2024-12-28,1,Wrong size
RT-003090,SO-2024-015948,3,2024-12-28,1,Wrong size
RT-003091,SO-2024-015995,1,2024-12-28,1,Not as described
RT-003092,SO-2024-016019,1,2024-12-28,1,Changed mind
RT-003093,SO-2024-016049,2,2024-12-28,1,Changed mind
RT-003094,SO-2024-016448,3,2024-12-28,1,Changed mind
RT-003095,SO-2024-016585,1,2024-12-28,9,Wrong size
RT-003096,SO-2024-016965,3,2024-12-28,1,Defective
RT-003097,SO-2024-017182,1,2024-12-28,2,Wrong size
RT-003098,SO-2024-017270,1,2024-12-28,2,Changed mind
RT-003099,SO-2024-017360,1,2024-12-28,4,Not as described
RT-003100,SO-2024-017403,1,2024-12-28,1,Changed mind
RT-003101,SO-2024-017420,3,2024-12-28,1,Wrong size
RT-003102,SO-2024-015975,1,2024-12-29,4,Defective
RT-003103,SO-2024-016802,3,2024-12-29,2,Defective
RT-003104,SO-2024-017233,1,2024-12-29,1,Damaged in transit
RT-003105,SO-2024-017260,1,2024-12-29,1,Defective
RT-003106,SO-2024-017480,1,2024-12-29,1,Defective
RT-003107,SO-2024-016447,3,2024-12-30,2,Defective
RT-003108,SO-2024-016458,1,2024-12-30,1,Defective
RT-003109,SO-2024-016611,3,2024-12-30,2,Defective
RT-003110,SO-2024-016725,3,2024-12-30,1,Defective
RT-003111,SO-2024-016965,1,2024-12-30,1,Wrong size
RT-003112,SO-2024-017224,1,2024-12-30,1,Damaged in transit
RT-003113,SO-2024-017330,1,2024-12-30,1,Changed mind
RT-003114,SO-2024-017509,1,2024-12-30,1,Not as described
RT-003115,SO-2024-015860,1,2024-12-31,1,Defective
RT-003116,SO-2024-016397,1,2024-12-31,1,Defective
RT-003117,SO-2024-016580,2,2024-12-31,1,Damaged in transit
RT-003118,SO-2024-016587,2,2024-12-31,1,Defective
RT-003119,SO-2024-017088,2,2024-12-31,1,Wrong size
RT-003120,SO-2024-015969,2,2025-01-01,1,Defective
RT-003121,SO-2024-015992,1,2025-01-01,1,Wrong size
RT-003122,SO-2024-016124,3,2025-01-01,1,Changed mind
RT-003123,SO-2024-017024,2,2025-01-01,1,Defective
RT-003124,SO-2024-017517,2,2025-01-01,2,Changed mind
RT-003125,SO-2024-017635,2,2025-01-01,3,Damaged in transit
RT-003126,SO-2024-016160,3,2025-01-02,1,Defective
RT-003127,SO-2024-016309,2,2025-01-02,1,Wrong size
RT-003128,SO-2024-016488,3,2025-01-02,1,Wrong size
RT-003129,SO-2024-016780,1,2025-01-02,1,Changed mind
RT-003130,SO-2024-016834,1,2025-01-02,1,Changed mind
RT-003131,SO-2024-017606,2,2025-01-02,1,Changed mind
RT-003132,SO-2024-016120,1,2025-01-03,1,Wrong size
RT-003133,SO-2024-016150,1,2025-01-03,1,Changed mind
RT-003134,SO-2024-016166,3,2025-01-03,1,Damaged in transit
RT-003135,SO-2024-016523,1,2025-01-03,1,Changed mind
RT-003136,SO-2024-016280,2,2025-01-04,2,Wrong size
RT-003137,SO-2024-016313,2,2025-01-04,1,Damaged in transit
RT-003138,SO-2024-016674,1,2025-01-04,1,Changed mind
RT-003139,SO-2024-017033,1,2025-01-04,1,Changed mind
RT-003140,SO-2024-017150,1,2025-01-04,2,Wrong size
RT-003141,SO-2024-017170,1,2025-01-04,1,Wrong size
RT-003142,SO-2024-017648,2,2025-01-04,1,Defective
RT-003143,SO-2024-017723,1,2025-01-04,1,Wrong size
RT-003144,SO-2024-016328,4,2025-01-05,1,Wrong size
RT-003145,SO-2024-016485,1,2025-01-05,1,Not as described
RT-003146,SO-2024-016772,2,2025-01-05,2,Changed mind
RT-003147,SO-2024-016866,1,2025-01-05,1,Wrong size
RT-003148,SO-2024-016942,3,2025-01-05,1,Wrong size
RT-003149,SO-2024-016997,1,2025-01-05,1,Wrong size
RT-003150,SO-2024-017037,2,2025-01-05,2,Not as described
RT-003151,SO-2024-017060,1,2025-01-05,1,Changed mind
RT-003152,SO-2024-017126,1,2025-01-05,2,Wrong size
RT-003153,SO-2024-017220,2,2025-01-05,2,Wrong size
RT-003154,SO-2024-017462,3,2025-01-05,1,Changed mind
RT-003155,SO-2024-017592,2,2025-01-05,1,Changed mind
RT-003156,SO-2024-016525,2,2025-01-06,1,Changed mind
RT-003157,SO-2024-016833,1,2025-01-06,1,Wrong size
RT-003158,SO-2024-017240,1,2025-01-06,1,Wrong size
RT-003159,SO-2024-017422,2,2025-01-06,1,Wrong size
RT-003160,SO-2024-017536,4,2025-01-06,2,Defective
RT-003161,SO-2025-000006,2,2025-01-06,1,Changed mind
RT-003162,SO-2025-000103,2,2025-01-06,1,Changed mind
RT-003163,SO-2024-016358,1,2025-01-07,1,Damaged in transit
RT-003164,SO-2024-016514,3,2025-01-07,1,Wrong size
RT-003165,SO-2024-016634,3,2025-01-07,1,Changed mind
RT-003166,SO-2024-016961,1,2025-01-07,1,Changed mind
RT-003167,SO-2024-017703,3,2025-01-07,1,Changed mind
RT-003168,SO-2024-017728,1,2025-01-07,1,Wrong size
RT-003169,SO-2024-016406,1,2025-01-08,1,Wrong size
RT-003170,SO-2024-016772,3,2025-01-08,2,Changed mind
RT-003171,SO-2024-016952,3,2025-01-08,1,Changed mind
RT-003172,SO-2024-017062,2,2025-01-08,1,Wrong size
RT-003173,SO-2024-017110,2,2025-01-08,1,Defective
RT-003174,SO-2024-017168,1,2025-01-08,1,Damaged in transit
RT-003175,SO-2024-017337,1,2025-01-08,1,Damaged in transit
RT-003176,SO-2025-000151,3,2025-01-08,1,Wrong size
RT-003177,SO-2024-016626,3,2025-01-09,2,Wrong size
RT-003178,SO-2024-016929,1,2025-01-09,1,Changed mind
RT-003179,SO-2024-017318,1,2025-01-09,2,Changed mind
RT-003180,SO-2024-017612,3,2025-01-09,1,Changed mind
RT-003181,SO-2025-000037,1,2025-01-09,2,Defective
RT-003182,SO-2024-017294,1,2025-01-10,2,Changed mind
RT-003183,SO-2024-017508,1,2025-01-10,1,Wrong size
RT-003184,SO-2024-017589,2,2025-01-10,3,Not as described
RT-003185,SO-2024-016741,1,2025-01-11,2,Changed mind
RT-003186,SO-2024-016878,1,2025-01-11,1,Wrong size
RT-003187,SO-2024-017083,1,2025-01-11,1,Not as described
RT-003188,SO-2024-017371,1,2025-01-11,1,Wrong size
RT-003189,SO-2025-000140,1,2025-01-12,1,Wrong size
RT-003190,SO-2025-000163,4,2025-01-12,1,Wrong size
RT-003191,SO-2025-000245,4,2025-01-12,1,Wrong size
RT-003192,SO-2024-016783,1,2025-01-13,1,Wrong size
RT-003193,SO-2024-016805,1,2025-01-13,1,Defective
RT-003194,SO-2025-000326,1,2025-01-13,2,Wrong size
RT-003195,SO-2024-016876,1,2025-01-14,2,Defective
RT-003196,SO-2024-017037,1,2025-01-14,1,Not as described
RT-003197,SO-2024-017415,2,2025-01-14,2,Defective
RT-003198,SO-2024-017438,1,2025-01-14,1,Not as described
RT-003199,SO-2025-000104,2,2025-01-14,1,Not as described
RT-003200,SO-2024-016841,1,2025-01-15,1,Defective
RT-003201,SO-2024-017017,2,2025-01-15,1,Defective
RT-003202,SO-2024-017158,3,2025-01-15,1,Not as described
RT-003203,SO-2024-017264,1,2025-01-15,1,Damaged in transit
RT-003204,SO-2024-017437,2,2025-01-15,1,Changed mind
RT-003205,SO-2025-000297,1,2025-01-15,2,Defective
RT-003206,SO-2024-016890,1,2025-01-16,1,Wrong size
RT-003207,SO-2024-016962,1,2025-01-16,1,Defective
RT-003208,SO-2024-017027,1,2025-01-16,1,Changed mind
RT-003209,SO-2024-017317,3,2025-01-16,2,Changed mind
RT-003210,SO-2024-017485,1,2025-01-16,3,Damaged in transit
RT-003211,SO-2024-017602,2,2025-01-16,3,Not as described
RT-003212,SO-2025-000392,2,2025-01-16,1,Defective
RT-003213,SO-2024-016974,2,2025-01-17,1,Wrong size
RT-003214,SO-2024-017328,1,2025-01-17,1,Wrong size
RT-003215,SO-2024-017472,1,2025-01-17,2,Wrong size
RT-003216,SO-2024-017021,1,2025-01-18,1,Not as described
RT-003217,SO-2024-017404,1,2025-01-18,1,Defective
RT-003218,SO-2024-017492,1,2025-01-18,1,Defective
RT-003219,SO-2024-017587,1,2025-01-18,1,Wrong size
RT-003220,SO-2024-017595,1,2025-01-18,1,Wrong size
RT-003221,SO-2025-000130,1,2025-01-18,3,Wrong size
RT-003222,SO-2025-000195,1,2025-01-18,1,Changed mind
RT-003223,SO-2025-000162,1,2025-01-19,1,Defective
RT-003224,SO-2025-000270,2,2025-01-19,1,Wrong size
RT-003225,SO-2024-017215,4,2025-01-20,2,Defective
RT-003226,SO-2025-000010,4,2025-01-20,1,Wrong size
RT-003227,SO-2025-000373,1,2025-01-20,2,Defective
RT-003228,SO-2025-000470,1,2025-01-20,1,Not as described
RT-003229,SO-2025-000053,3,2025-01-21,1,Damaged in transit
RT-003230,SO-2025-000081,1,2025-01-21,1,Damaged in transit
RT-003231,SO-2025-000290,1,2025-01-21,1,Changed mind
RT-003232,SO-2025-000392,3,2025-01-21,1,Wrong size
RT-003233,SO-2025-000399,1,2025-01-21,1,Wrong size
RT-003234,SO-2024-017279,3,2025-01-22,1,Defective
RT-003235,SO-2024-017357,2,2025-01-22,1,Changed mind
RT-003236,SO-2024-017535,2,2025-01-22,1,Wrong size
RT-003237,SO-2024-017569,1,2025-01-22,1,Damaged in transit
RT-003238,SO-2024-017481,2,2025-01-23,12,Changed mind
RT-003239,SO-2024-017596,1,2025-01-23,2,Defective
RT-003240,SO-2025-000059,2,2025-01-23,1,Defective
RT-003241,SO-2025-000102,2,2025-01-23,1,Wrong size
RT-003242,SO-2025-000385,1,2025-01-23,1,Changed mind
RT-003243,SO-2024-017364,1,2025-01-24,1,Damaged in transit
RT-003244,SO-2025-000607,1,2025-01-24,1,Wrong size
RT-003245,SO-2025-000129,2,2025-01-25,1,Changed mind
RT-003246,SO-2025-000466,1,2025-01-25,1,Changed mind
RT-003247,SO-2025-000570,1,2025-01-25,1,Defective
RT-003248,SO-2024-017514,1,2025-01-26,1,Defective
RT-003249,SO-2024-017619,2,2025-01-26,1,Changed mind
RT-003250,SO-2025-000031,2,2025-01-26,1,Wrong size
RT-003251,SO-2025-000061,3,2025-01-26,1,Defective
RT-003252,SO-2025-000107,1,2025-01-26,1,Wrong size
RT-003253,SO-2025-000262,2,2025-01-26,1,Changed mind
RT-003254,SO-2024-017561,1,2025-01-27,1,Changed mind
RT-003255,SO-2025-000072,2,2025-01-27,1,Wrong size
RT-003256,SO-2025-000163,3,2025-01-27,1,Wrong size
RT-003257,SO-2025-000211,3,2025-01-27,1,Defective
RT-003258,SO-2025-000265,1,2025-01-27,1,Wrong size
RT-003259,SO-2025-000444,1,2025-01-27,1,Wrong size
RT-003260,SO-2025-000616,3,2025-01-27,1,Changed mind
RT-003261,SO-2024-017665,4,2025-01-28,2,Wrong size
RT-003262,SO-2025-000084,1,2025-01-28,2,Wrong size
RT-003263,SO-2025-000230,1,2025-01-28,1,Changed mind
RT-003264,SO-2025-000239,2,2025-01-28,2,Changed mind
RT-003265,SO-2025-000316,2,2025-01-28,1,Damaged in transit
RT-003266,SO-2025-000484,2,2025-01-28,1,Damaged in transit
RT-003267,SO-2025-000439,1,2025-01-29,1,Defective
RT-003268,SO-2025-000454,2,2025-01-29,7,Wrong size
RT-003269,SO-2025-000483,1,2025-01-29,2,Not as described
RT-003270,SO-2025-000532,1,2025-01-29,1,Defective
RT-003271,SO-2025-000749,1,2025-01-29,1,Changed mind
RT-003272,SO-2025-000012,2,2025-01-30,1,Changed mind
RT-003273,SO-2025-000095,3,2025-01-30,1,Wrong size
RT-003274,SO-2025-000347,1,2025-01-30,1,Changed mind
RT-003275,SO-2025-000349,3,2025-01-30,1,Wrong size
RT-003276,SO-2025-000698,1,2025-01-30,1,Defective
RT-003277,SO-2025-000708,1,2025-01-30,4,Changed mind
RT-003278,SO-2025-000756,2,2025-01-30,1,Changed mind
RT-003279,SO-2025-000055,1,2025-01-31,1,Wrong size
RT-003280,SO-2025-000289,1,2025-01-31,2,Not as described
RT-003281,SO-2025-000517,1,2025-01-31,1,Changed mind
RT-003282,SO-2025-000614,2,2025-01-31,1,Changed mind
RT-003283,SO-2025-000616,1,2025-02-01,1,Defective
RT-003284,SO-2025-000676,3,2025-02-01,4,Wrong size
RT-003285,SO-2025-000821,1,2025-02-01,3,Defective
RT-003286,SO-2025-000864,2,2025-02-02,1,Wrong size
RT-003287,SO-2025-000105,2,2025-02-03,1,Wrong size
RT-003288,SO-2025-000330,1,2025-02-03,1,Defective
RT-003289,SO-2025-000124,1,2025-02-04,1,Damaged in transit
RT-003290,SO-2025-000620,2,2025-02-04,1,Damaged in transit
RT-003291,SO-2025-000898,1,2025-02-04,1,Damaged in transit
RT-003292,SO-2025-000161,2,2025-02-05,1,Changed mind
RT-003293,SO-2025-000271,1,2025-02-05,1,Changed mind
RT-003294,SO-2025-000603,2,2025-02-05,1,Changed mind
RT-003295,SO-2025-000740,1,2025-02-05,1,Wrong size
RT-003296,SO-2025-000835,2,2025-02-05,1,Changed mind
RT-003297,SO-2025-000332,2,2025-02-06,1,Changed mind
RT-003298,SO-2025-000359,3,2025-02-06,2,Wrong size
RT-003299,SO-2025-000583,1,2025-02-06,1,Not as described
RT-003300,SO-2025-000946,2,2025-02-06,1,Changed mind
RT-003301,SO-2025-000401,2,2025-02-07,3,Wrong size
RT-003302,SO-2025-000539,1,2025-02-07,2,Damaged in transit
RT-003303,SO-2025-000679,3,2025-02-07,1,Defective
RT-003304,SO-2025-000854,1,2025-02-07,1,Defective
RT-003305,SO-2025-000862,1,2025-02-07,1,Changed mind
RT-003306,SO-2025-000258,2,2025-02-08,1,Defective
RT-003307,SO-2025-000755,1,2025-02-09,2,Damaged in transit
RT-003308,SO-2025-000967,1,2025-02-09,1,Defective
RT-003309,SO-2025-000434,3,2025-02-10,1,Damaged in transit
RT-003310,SO-2025-001080,2,2025-02-10,1,Changed mind
RT-003311,SO-2025-000586,1,2025-02-11,1,Defective
RT-003312,SO-2025-000715,2,2025-02-11,1,Wrong size
RT-003313,SO-2025-000779,1,2025-02-11,2,Not as described
RT-003314,SO-2025-000633,2,2025-02-12,1,Changed mind
RT-003315,SO-2025-000715,1,2025-02-12,1,Defective
RT-003316,SO-2025-000893,1,2025-02-12,1,Not as described
RT-003317,SO-2025-000555,1,2025-02-13,1,Wrong size
RT-003318,SO-2025-000764,1,2025-02-13,2,Changed mind
RT-003319,SO-2025-000912,1,2025-02-14,1,Changed mind
RT-003320,SO-2025-000958,1,2025-02-14,2,Changed mind
RT-003321,SO-2025-001055,1,2025-02-14,1,Changed mind
RT-003322,SO-2025-000747,1,2025-02-15,2,Wrong size
RT-003323,SO-2025-000775,2,2025-02-15,1,Defective
RT-003324,SO-2025-001075,1,2025-02-15,1,Defective
RT-003325,SO-2025-001239,1,2025-02-15,1,Wrong size
RT-003326,SO-2025-000516,1,2025-02-16,4,Changed mind
RT-003327,SO-2025-000954,1,2025-02-16,2,Defective
RT-003328,SO-2025-000977,1,2025-02-16,1,Defective
RT-003329,SO-2025-000619,1,2025-02-17,1,Changed mind
RT-003330,SO-2025-001118,4,2025-02-17,1,Wrong size
RT-003331,SO-2025-000788,2,2025-02-18,1,Wrong size
RT-003332,SO-2025-001156,2,2025-02-18,1,Changed mind
RT-003333,SO-2025-001192,2,2025-02-18,1,Defective
RT-003334,SO-2025-001268,1,2025-02-18,1,Damaged in transit
RT-003335,SO-2025-001150,2,2025-02-19,1,Defective
RT-003336,SO-2025-001165,2,2025-02-19,1,Defective
RT-003337,SO-2025-001334,1,2025-02-19,1,Wrong size
RT-003338,SO-2025-000786,2,2025-02-20,1,Wrong size
RT-003339,SO-2025-000790,1,2025-02-20,2,Changed mind
RT-003340,SO-2025-001039,1,2025-02-20,1,Not as described
RT-003341,SO-2025-000739,1,2025-02-21,1,Wrong size
RT-003342,SO-2025-001084,2,2025-02-21,1,Wrong size
RT-003343,SO-2025-001177,1,2025-02-21,1,Changed mind
RT-003344,SO-2025-001111,1,2025-02-22,1,Not as described
RT-003345,SO-2025-000884,3,2025-02-23,1,Wrong size
RT-003346,SO-2025-000964,1,2025-02-23,2,Defective
RT-003347,SO-2025-000956,4,2025-02-24,1,Defective
RT-003348,SO-2025-001045,1,2025-02-24,1,Damaged in transit
RT-003349,SO-2025-001240,3,2025-02-24,1,Wrong size
RT-003350,SO-2025-001312,1,2025-02-24,1,Changed mind
RT-003351,SO-2025-001315,2,2025-02-24,1,Wrong size
RT-003352,SO-2025-001423,1,2025-02-24,1,Changed mind
RT-003353,SO-2025-000881,2,2025-02-25,1,Defective
RT-003354,SO-2025-000903,1,2025-02-25,2,Not as described
RT-003355,SO-2025-000878,1,2025-02-26,2,Wrong size
RT-003356,SO-2025-001390,1,2025-02-26,1,Damaged in transit
RT-003357,SO-2025-001422,1,2025-02-26,2,Not as described
RT-003358,SO-2025-001490,1,2025-02-26,2,Changed mind
RT-003359,SO-2025-001155,1,2025-02-27,1,Wrong size
RT-003360,SO-2025-001493,1,2025-02-27,2,Damaged in transit
RT-003361,SO-2025-001148,2,2025-02-28,2,Not as described
RT-003362,SO-2025-001182,2,2025-02-28,1,Wrong size
RT-003363,SO-2025-001658,1,2025-02-28,1,Damaged in transit
RT-003364,SO-2025-001124,2,2025-03-01,1,Defective
RT-003365,SO-2025-001466,2,2025-03-01,1,Wrong size
RT-003366,SO-2025-001628,2,2025-03-01,1,Damaged in transit
RT-003367,SO-2025-000991,1,2025-03-02,1,Changed mind
RT-003368,SO-2025-001056,1,2025-03-02,1,Wrong size
RT-003369,SO-2025-001228,1,2025-03-02,1,Changed mind
RT-003370,SO-2025-001610,3,2025-03-02,1,Changed mind
RT-003371,SO-2025-001671,2,2025-03-02,1,Defective
RT-003372,SO-2025-001635,2,2025-03-03,2,Defective
RT-003373,SO-2025-001683,1,2025-03-03,1,Wrong size
RT-003374,SO-2025-001638,1,2025-03-05,1,Not as described
RT-003375,SO-2025-001661,1,2025-03-06,1,Defective
RT-003376,SO-2025-001676,1,2025-03-08,2,Defective
RT-003377,SO-2025-001100,1,2025-03-09,1,Defective
RT-003378,SO-2025-001547,1,2025-03-09,1,Wrong size
RT-003379,SO-2025-001716,1,2025-03-09,1,Defective
RT-003380,SO-2025-001244,2,2025-03-10,2,Wrong size
RT-003381,SO-2025-001591,3,2025-03-10,1,Wrong size
RT-003382,SO-2025-001525,1,2025-03-11,1,Changed mind
RT-003383,SO-2025-001776,1,2025-03-11,1,Wrong size
RT-003384,SO-2025-002030,2,2025-03-11,1,Changed mind
RT-003385,SO-2025-002108,2,2025-03-11,1,Defective
RT-003386,SO-2025-002115,1,2025-03-11,1,Wrong size
RT-003387,SO-2025-001301,3,2025-03-12,1,Damaged in transit
RT-003388,SO-2025-001469,1,2025-03-12,2,Damaged in transit
RT-003389,SO-2025-001542,1,2025-03-12,1,Defective
RT-003390,SO-2025-001583,1,2025-03-12,1,Wrong size
RT-003391,SO-2025-001856,1,2025-03-12,1,Wrong size
RT-003392,SO-2025-002121,1,2025-03-12,1,Changed mind
RT-003393,SO-2025-001612,1,2025-03-13,1,Wrong size
RT-003394,SO-2025-002026,1,2025-03-13,2,Wrong size
RT-003395,SO-2025-002035,1,2025-03-13,1,Defective
RT-003396,SO-2025-002205,1,2025-03-13,1,Wrong size
RT-003397,SO-2025-001287,1,2025-03-14,1,Not as described
RT-003398,SO-2025-001306,4,2025-03-14,1,Not as described
RT-003399,SO-2025-001439,1,2025-03-14,1,Wrong size
RT-003400,SO-2025-001784,1,2025-03-14,1,Changed mind
RT-003401,SO-2025-002179,2,2025-03-14,2,Defective
RT-003402,SO-2025-002272,1,2025-03-14,1,Defective
RT-003403,SO-2025-001379,2,2025-03-15,1,Not as described
RT-003404,SO-2025-001505,1,2025-03-15,2,Wrong size
RT-003405,SO-2025-001744,1,2025-03-15,1,Defective
RT-003406,SO-2025-001865,1,2025-03-15,1,Changed mind
RT-003407,SO-2025-001985,2,2025-03-15,1,Not as described
RT-003408,SO-2025-002018,3,2025-03-15,1,Changed mind
RT-003409,SO-2025-002092,1,2025-03-15,2,Wrong size
RT-003410,SO-2025-002120,3,2025-03-15,1,Damaged in transit
RT-003411,SO-2025-001786,2,2025-03-16,1,Wrong size
RT-003412,SO-2025-001820,1,2025-03-16,1,Wrong size
RT-003413,SO-2025-001862,1,2025-03-16,1,Changed mind
RT-003414,SO-2025-001873,1,2025-03-16,1,Wrong size
RT-003415,SO-2025-002225,2,2025-03-17,1,Defective
RT-003416,SO-2025-001391,2,2025-03-18,1,Damaged in transit
RT-003417,SO-2025-001743,1,2025-03-18,1,Not as described
RT-003418,SO-2025-001762,2,2025-03-18,1,Defective
RT-003419,SO-2025-002363,2,2025-03-18,2,Defective
RT-003420,SO-2025-002394,2,2025-03-18,2,Wrong size
RT-003421,SO-2025-001373,2,2025-03-19,1,Changed mind
RT-003422,SO-2025-001472,2,2025-03-19,1,Damaged in transit
RT-003423,SO-2025-001804,1,2025-03-19,1,Changed mind
RT-003424,SO-2025-002383,1,2025-03-19,1,Defective
RT-003425,SO-2025-001642,1,2025-03-20,1,Wrong size
RT-003426,SO-2025-001724,1,2025-03-20,1,Not as described
RT-003427,SO-2025-002375,2,2025-03-20,1,Defective
RT-003428,SO-2025-001584,2,2025-03-21,1,Wrong size
RT-003429,SO-2025-001632,1,2025-03-21,1,Damaged in transit
RT-003430,SO-2025-001593,2,2025-03-22,2,Not as described
RT-003431,SO-2025-001663,1,2025-03-22,1,Damaged in transit
RT-003432,SO-2025-001741,3,2025-03-22,1,Defective
RT-003433,SO-2025-001902,2,2025-03-22,1,Wrong size
RT-003434,SO-2025-002152,1,2025-03-22,1,Defective
RT-003435,SO-2025-002316,1,2025-03-22,1,Defective
RT-003436,SO-2025-002665,1,2025-03-22,3,Defective
RT-003437,SO-2025-001674,2,2025-03-23,1,Not as described
RT-003438,SO-2025-001677,2,2025-03-23,1,Damaged in transit
RT-003439,SO-2025-001771,3,2025-03-23,2,Wrong size
RT-003440,SO-2025-001733,1,2025-03-24,1,Defective
RT-003441,SO-2025-002475,1,2025-03-24,1,Damaged in transit
RT-003442,SO-2025-002595,3,2025-03-24,1,Damaged in transit
RT-003443,SO-2025-001831,1,2025-03-25,1,Defective
RT-003444,SO-2025-002069,1,2025-03-25,2,Not as described
RT-003445,SO-2025-002175,1,2025-03-25,1,Wrong size
RT-003446,SO-2025-002328,3,2025-03-25,1,Not as described
RT-003447,SO-2025-001634,3,2025-03-26,1,Changed mind
RT-003448,SO-2025-001850,1,2025-03-26,3,Wrong size
RT-003449,SO-2025-002358,3,2025-03-26,1,Wrong size
RT-003450,SO-2025-002532,1,2025-03-26,1,Changed mind
RT-003451,SO-2025-001722,2,2025-03-27,1,Defective
RT-003452,SO-2025-002036,3,2025-03-27,1,Defective
RT-003453,SO-2025-002456,1,2025-03-27,2,Wrong size
RT-003454,SO-2025-002511,3,2025-03-27,1,Wrong size
RT-003455,SO-2025-002707,2,2025-03-27,2,Changed mind
RT-003456,SO-2025-001920,3,2025-03-28,1,Wrong size
RT-003457,SO-2025-002027,3,2025-03-28,2,Changed mind
RT-003458,SO-2025-002207,1,2025-03-28,3,Not as described
RT-003459,SO-2025-002447,1,2025-03-28,1,Damaged in transit
RT-003460,SO-2025-002463,1,2025-03-28,1,Wrong size
RT-003461,SO-2025-002501,1,2025-03-28,1,Defective
RT-003462,SO-2025-002005,4,2025-03-29,1,Wrong size
RT-003463,SO-2025-002183,1,2025-03-29,3,Damaged in transit
RT-003464,SO-2025-002189,1,2025-03-29,1,Changed mind
RT-003465,SO-2025-002677,1,2025-03-29,1,Defective
RT-003466,SO-2025-002780,1,2025-03-29,2,Damaged in transit
RT-003467,SO-2025-002889,1,2025-03-29,1,Wrong size
RT-003468,SO-2025-002583,2,2025-03-30,1,Defective
RT-003469,SO-2025-002257,1,2025-03-31,8,Defective
RT-003470,SO-2025-002724,2,2025-03-31,1,Damaged in transit
RT-003471,SO-2025-001859,1,2025-04-01,3,Changed mind
RT-003472,SO-2025-001909,3,2025-04-01,1,Defective
RT-003473,SO-2025-002344,1,2025-04-01,1,Changed mind
RT-003474,SO-2025-002464,3,2025-04-01,1,Defective
RT-003475,SO-2025-002760,2,2025-04-01,1,Defective
RT-003476,SO-2025-002851,2,2025-04-01,1,Wrong size
RT-003477,SO-2025-003066,1,2025-04-01,1,Defective
RT-003478,SO-2025-001818,1,2025-04-02,1,Changed mind
RT-003479,SO-2025-002223,1,2025-04-02,2,Changed mind
RT-003480,SO-2025-002823,2,2025-04-02,1,Not as described
RT-003481,SO-2025-002951,3,2025-04-02,1,Not as described
RT-003482,SO-2025-001892,1,2025-04-03,1,Damaged in transit
RT-003483,SO-2025-003034,1,2025-04-03,2,Wrong size
RT-003484,SO-2025-002431,3,2025-04-04,1,Wrong size
RT-003485,SO-2025-002865,3,2025-04-04,1,Wrong size
RT-003486,SO-2025-003091,2,2025-04-04,1,Changed mind
RT-003487,SO-2025-002003,2,2025-04-05,1,Changed mind
RT-003488,SO-2025-002246,1,2025-04-05,1,Changed mind
RT-003489,SO-2025-002482,1,2025-04-05,1,Changed mind
RT-003490,SO-2025-002853,1,2025-04-05,1,Wrong size
RT-003491,SO-2025-002919,2,2025-04-05,1,Damaged in transit
RT-003492,SO-2025-003123,1,2025-04-05,1,Defective
RT-003493,SO-2025-003260,2,2025-04-05,1,Not as described
RT-003494,SO-2025-002157,3,2025-04-06,1,Damaged in transit
RT-003495,SO-2025-002402,2,2025-04-06,3,Defective
RT-003496,SO-2025-003120,1,2025-04-06,1,Damaged in transit
RT-003497,SO-2025-003432,1,2025-04-06,1,Damaged in transit
RT-003498,SO-2025-002499,3,2025-04-07,1,Wrong size
RT-003499,SO-2025-002364,3,2025-04-08,1,Damaged in transit
RT-003500,SO-2025-003275,3,2025-04-08,4,Changed mind
RT-003501,SO-2025-002323,2,2025-04-09,1,Damaged in transit
RT-003502,SO-2025-002718,1,2025-04-09,2,Wrong size
RT-003503,SO-2025-002809,3,2025-04-09,2,Wrong size
RT-003504,SO-2025-002983,1,2025-04-09,1,Not as described
RT-003505,SO-2025-003614,1,2025-04-09,2,Wrong size
RT-003506,SO-2025-002236,2,2025-04-10,2,Changed mind
RT-003507,SO-2025-002446,2,2025-04-10,1,Not as described
RT-003508,SO-2025-002611,1,2025-04-10,1,Changed mind
RT-003509,SO-2025-002612,2,2025-04-10,1,Not as described
RT-003510,SO-2025-002635,1,2025-04-10,1,Defective
RT-003511,SO-2025-002725,1,2025-04-10,1,Wrong size
RT-003512,SO-2025-003299,1,2025-04-10,3,Changed mind
RT-003513,SO-2025-003317,1,2025-04-10,1,Changed mind
RT-003514,SO-2025-002450,2,2025-04-11,1,Wrong size
RT-003515,SO-2025-002572,2,2025-04-11,1,Not as described
RT-003516,SO-2025-002583,1,2025-04-11,2,Wrong size
RT-003517,SO-2025-002659,2,2025-04-11,1,Wrong size
RT-003518,SO-2025-002692,1,2025-04-11,1,Changed mind
RT-003519,SO-2025-002936,1,2025-04-11,2,Changed mind
RT-003520,SO-2025-002950,2,2025-04-11,1,Wrong size
RT-003521,SO-2025-003042,2,2025-04-11,1,Defective
RT-003522,SO-2025-003223,2,2025-04-11,2,Damaged in transit
RT-003523,SO-2025-003467,2,2025-04-11,1,Changed mind
RT-003524,SO-2025-003735,3,2025-04-11,1,Changed mind
RT-003525,SO-2025-002758,1,2025-04-12,1,Defective
RT-003526,SO-2025-002867,2,2025-04-12,2,Wrong size
RT-003527,SO-2025-002948,2,2025-04-12,1,Changed mind
RT-003528,SO-2025-003098,2,2025-04-12,2,Changed mind
RT-003529,SO-2025-002777,1,2025-04-13,1,Wrong size
RT-003530,SO-2025-003458,1,2025-04-13,1,Not as described
RT-003531,SO-2025-003475,1,2025-04-13,1,Defective
RT-003532,SO-2025-003597,1,2025-04-13,1,Defective
RT-003533,SO-2025-002405,1,2025-04-14,1,Defective
RT-003534,SO-2025-002788,1,2025-04-14,1,Defective
RT-003535,SO-2025-002924,1,2025-04-14,1,Damaged in transit
RT-003536,SO-2025-003276,3,2025-04-14,1,Not as described
RT-003537,SO-2025-003709,2,2025-04-14,2,Wrong size
RT-003538,SO-2025-003786,1,2025-04-14,1,Not as described
RT-003539,SO-2025-003787,1,2025-04-14,2,Changed mind
RT-003540,SO-2025-003925,3,2025-04-14,1,Changed mind
RT-003541,SO-2025-002827,1,2025-04-15,1,Wrong size
RT-003542,SO-2025-002861,2,2025-04-15,1,Defective
RT-003543,SO-2025-003530,3,2025-04-15,2,Damaged in transit
RT-003544,SO-2025-003717,1,2025-04-15,1,Wrong size
RT-003545,SO-2025-003914,1,2025-04-15,1,Wrong size
RT-003546,SO-2025-002962,1,2025-04-16,1,Defective
RT-003547,SO-2025-003161,1,2025-04-16,1,Changed mind
RT-003548,SO-2025-003540,3,2025-04-16,1,Wrong size
RT-003549,SO-2025-003734,3,2025-04-16,1,Damaged in transit
RT-003550,SO-2025-003778,2,2025-04-16,2,Changed mind
RT-003551,SO-2025-003880,1,2025-04-16,1,Defective
RT-003552,SO-2025-003350,2,2025-04-17,1,Defective
RT-003553,SO-2025-003672,1,2025-04-17,1,Defective
RT-003554,SO-2025-003714,3,2025-04-17,1,Wrong size
RT-003555,SO-2025-002722,3,2025-04-18,1,Not as described
RT-003556,SO-2025-002749,1,2025-04-18,1,Changed mind
RT-003557,SO-2025-002990,2,2025-04-18,1,Changed mind
RT-003558,SO-2025-003099,2,2025-04-18,1,Changed mind
RT-003559,SO-2025-003253,2,2025-04-18,1,Defective
RT-003560,SO-2025-003394,2,2025-04-18,2,Defective
RT-003561,SO-2025-003682,2,2025-04-18,1,Wrong size
RT-003562,SO-2025-002809,2,2025-04-19,2,Damaged in transit
RT-003563,SO-2025-003118,1,2025-04-19,1,Not as described
RT-003564,SO-2025-003250,2,2025-04-19,1,Defective
RT-003565,SO-2025-003260,1,2025-04-19,2,Wrong size
RT-003566,SO-2025-003304,1,2025-04-19,1,Defective
RT-003567,SO-2025-003800,2,2025-04-19,1,Changed mind
RT-003568,SO-2025-004197,2,2025-04-19,1,Wrong size
RT-003569,SO-2025-002933,1,2025-04-20,1,Wrong size
RT-003570,SO-2025-003630,2,2025-04-20,1,Wrong size
RT-003571,SO-2025-004305,1,2025-04-20,1,Changed mind
RT-003572,SO-2025-003546,1,2025-04-21,1,Damaged in transit
RT-003573,SO-2025-003782,1,2025-04-21,1,Wrong size
RT-003574,SO-2025-004081,1,2025-04-21,1,Defective
RT-003575,SO-2025-002792,1,2025-04-22,1,Wrong size
RT-003576,SO-2025-003499,1,2025-04-22,1,Wrong size
RT-003577,SO-2025-003539,1,2025-04-22,1,Not as described
RT-003578,SO-2025-003642,2,2025-04-22,1,Defective
RT-003579,SO-2025-003761,3,2025-04-22,1,Defective
RT-003580,SO-2025-004150,3,2025-04-22,1,Defective
RT-003581,SO-2025-002881,3,2025-04-23,3,Wrong size
RT-003582,SO-2025-002972,1,2025-04-23,1,Defective
RT-003583,SO-2025-003267,1,2025-04-23,1,Not as described
RT-003584,SO-2025-003416,1,2025-04-23,1,Defective
RT-003585,SO-2025-003667,1,2025-04-23,1,Changed mind
RT-003586,SO-2025-003889,2,2025-04-23,1,Changed mind
RT-003587,SO-2025-004182,3,2025-04-23,1,Changed mind
RT-003588,SO-2025-004308,4,2025-04-23,2,Changed mind
RT-003589,SO-2025-004379,3,2025-04-23,1,Wrong size
RT-003590,SO-2025-003001,2,2025-04-24,3,Changed mind
RT-003591,SO-2025-003810,1,2025-04-24,1,Wrong size
RT-003592,SO-2025-003994,1,2025-04-24,1,Changed mind
RT-003593,SO-2025-004045,1,2025-04-24,1,Not as described
RT-003594,SO-2025-004052,2,2025-04-24,1,Wrong size
RT-003595,SO-2025-003132,2,2025-04-25,1,Changed mind
RT-003596,SO-2025-003181,1,2025-04-25,2,Defective
RT-003597,SO-2025-003226,3,2025-04-25,1,Defective
RT-003598,SO-2025-003247,1,2025-04-25,1,Changed mind
RT-003599,SO-2025-003266,1,2025-04-25,2,Wrong size
RT-003600,SO-2025-004445,2,2025-04-25,1,Not as described
RT-003601,SO-2025-004480,1,2025-04-25,1,Wrong size
RT-003602,SO-2025-004522,1,2025-04-25,1,Changed mind
RT-003603,SO-2025-004580,2,2025-04-25,1,Wrong size
RT-003604,SO-2025-003372,1,2025-04-26,2,Defective
RT-003605,SO-2025-003549,4,2025-04-26,1,Defective
RT-003606,SO-2025-003550,2,2025-04-26,1,Defective
RT-003607,SO-2025-003980,1,2025-04-26,2,Wrong size
RT-003608,SO-2025-004185,1,2025-04-26,1,Damaged in transit
RT-003609,SO-2025-003550,1,2025-04-27,1,Wrong size
RT-003610,SO-2025-004029,2,2025-04-27,1,Defective
RT-003611,SO-2025-004102,2,2025-04-27,1,Not as described
RT-003612,SO-2025-004164,2,2025-04-27,1,Damaged in transit
RT-003613,SO-2025-004172,1,2025-04-27,1,Wrong size
RT-003614,SO-2025-004309,2,2025-04-27,1,Wrong size
RT-003615,SO-2025-004373,1,2025-04-27,1,Wrong size
RT-003616,SO-2025-004434,1,2025-04-27,1,Changed mind
RT-003617,SO-2025-004434,2,2025-04-27,1,Changed mind
RT-003618,SO-2025-004579,3,2025-04-27,1,Defective
RT-003619,SO-2025-004605,1,2025-04-27,1,Not as described
RT-003620,SO-2025-003737,1,2025-04-28,1,Wrong size
RT-003621,SO-2025-004683,1,2025-04-28,1,Wrong size
RT-003622,SO-2025-004779,3,2025-04-28,1,Not as described
RT-003623,SO-2025-003325,2,2025-04-29,2,Damaged in transit
RT-003624,SO-2025-003398,1,2025-04-29,1,Wrong size
RT-003625,SO-2025-004188,2,2025-04-29,1,Defective
RT-003626,SO-2025-004354,1,2025-04-29,1,Defective
RT-003627,SO-2025-003278,3,2025-04-30,1,Defective
RT-003628,SO-2025-003685,1,2025-04-30,1,Damaged in transit
RT-003629,SO-2025-003740,1,2025-04-30,1,Changed mind
RT-003630,SO-2025-004104,1,2025-04-30,1,Damaged in transit
RT-003631,SO-2025-004160,1,2025-04-30,2,Not as described
RT-003632,SO-2025-004410,2,2025-04-30,1,Not as described
RT-003633,SO-2025-003307,4,2025-05-01,1,Wrong size
RT-003634,SO-2025-003368,1,2025-05-01,1,Wrong size
RT-003635,SO-2025-004170,1,2025-05-01,1,Wrong size
RT-003636,SO-2025-004758,1,2025-05-01,1,Defective
RT-003637,SO-2025-003499,2,2025-05-02,1,Damaged in transit
RT-003638,SO-2025-003524,3,2025-05-02,4,Defective
RT-003639,SO-2025-003814,1,2025-05-02,1,Changed mind
RT-003640,SO-2025-004345,3,2025-05-02,1,Not as described
RT-003641,SO-2025-004501,2,2025-05-02,1,Defective
RT-003642,SO-2025-004870,1,2025-05-02,2,Changed mind
RT-003643,SO-2025-003560,1,2025-05-03,1,Not as described
RT-003644,SO-2025-004383,1,2025-05-03,1,Wrong size
RT-003645,SO-2025-004566,1,2025-05-03,1,Changed mind
RT-003646,SO-2025-004586,1,2025-05-03,1,Defective
RT-003647,SO-2025-004962,1,2025-05-03,1,Defective
RT-003648,SO-2025-003447,2,2025-05-04,2,Changed mind
RT-003649,SO-2025-003639,1,2025-05-04,1,Changed mind
RT-003650,SO-2025-004166,1,2025-05-04,1,Damaged in transit
RT-003651,SO-2025-003556,2,2025-05-05,1,Changed mind
RT-003652,SO-2025-003657,1,2025-05-05,1,Wrong size
RT-003653,SO-2025-003692,1,2025-05-05,1,Wrong size
RT-003654,SO-2025-003986,2,2025-05-05,1,Changed mind
RT-003655,SO-2025-004070,1,2025-05-05,1,Defective
RT-003656,SO-2025-004189,1,2025-05-05,2,Wrong size
RT-003657,SO-2025-004421,1,2025-05-05,1,Defective
RT-003658,SO-2025-004099,1,2025-05-06,1,Damaged in transit
RT-003659,SO-2025-004141,1,2025-05-06,1,Wrong size
RT-003660,SO-2025-004146,1,2025-05-06,1,Not as described
RT-003661,SO-2025-004649,1,2025-05-06,1,Damaged in transit
RT-003662,SO-2025-005076,1,2025-05-06,1,Changed mind
RT-003663,SO-2025-004398,2,2025-05-07,2,Damaged in transit
RT-003664,SO-2025-004431,1,2025-05-07,1,Changed mind
RT-003665,SO-2025-004737,1,2025-05-07,1,Defective
RT-003666,SO-2025-004916,3,2025-05-07,1,Defective
RT-003667,SO-2025-004990,1,2025-05-07,1,Changed mind
RT-003668,SO-2025-005270,2,2025-05-07,2,Wrong size
RT-003669,SO-2025-003854,1,2025-05-08,1,Changed mind
RT-003670,SO-2025-003988,1,2025-05-08,1,Not as described
RT-003671,SO-2025-004263,1,2025-05-08,1,Changed mind
RT-003672,SO-2025-004406,1,2025-05-08,1,Changed mind
RT-003673,SO-2025-004729,2,2025-05-08,1,Defective
RT-003674,SO-2025-004958,1,2025-05-08,1,Wrong size
RT-003675,SO-2025-003793,1,2025-05-09,1,Wrong size
RT-003676,SO-2025-004372,2,2025-05-09,1,Changed mind
RT-003677,SO-2025-004423,1,2025-05-09,8,Changed mind
RT-003678,SO-2025-004478,1,2025-05-09,1,Wrong size
RT-003679,SO-2025-005087,1,2025-05-09,1,Damaged in transit
RT-003680,SO-2025-003812,2,2025-05-10,1,Wrong size
RT-003681,SO-2025-004009,1,2025-05-10,1,Defective
RT-003682,SO-2025-004218,3,2025-05-10,2,Changed mind
RT-003683,SO-2025-004395,1,2025-05-10,1,Defective
RT-003684,SO-2025-004710,1,2025-05-10,2,Not as described
RT-003685,SO-2025-005133,1,2025-05-10,1,Not as described
RT-003686,SO-2025-005446,2,2025-05-10,1,Defective
RT-003687,SO-2025-005622,1,2025-05-10,2,Damaged in transit
RT-003688,SO-2025-004393,3,2025-05-11,1,Defective
RT-003689,SO-2025-004465,2,2025-05-11,1,Changed mind
RT-003690,SO-2025-004922,3,2025-05-11,1,Changed mind
RT-003691,SO-2025-005065,2,2025-05-11,2,Changed mind
RT-003692,SO-2025-005388,2,2025-05-11,1,Not as described
RT-003693,SO-2025-005507,1,2025-05-11,1,Defective
RT-003694,SO-2025-004061,1,2025-05-12,1,Defective
RT-003695,SO-2025-004264,1,2025-05-12,1,Changed mind
RT-003696,SO-2025-004312,1,2025-05-12,1,Wrong size
RT-003697,SO-2025-004579,2,2025-05-12,1,Defective
RT-003698,SO-2025-004893,1,2025-05-12,8,Defective
RT-003699,SO-2025-005063,2,2025-05-12,1,Changed mind
RT-003700,SO-2025-005125,2,2025-05-12,1,Wrong size
RT-003701,SO-2025-005158,1,2025-05-12,4,Wrong size
RT-003702,SO-2025-005619,4,2025-05-12,2,Changed mind
RT-003703,SO-2025-004114,1,2025-05-13,1,Damaged in transit
RT-003704,SO-2025-004156,1,2025-05-14,1,Changed mind
RT-003705,SO-2025-004280,1,2025-05-14,1,Wrong size
RT-003706,SO-2025-004314,1,2025-05-14,2,Not as described
RT-003707,SO-2025-004584,2,2025-05-14,1,Changed mind
RT-003708,SO-2025-005329,1,2025-05-14,1,Not as described
RT-003709,SO-2025-005712,1,2025-05-14,1,Defective
RT-003710,SO-2025-005756,1,2025-05-14,1,Wrong size
RT-003711,SO-2025-004894,1,2025-05-15,5,Wrong size
RT-003712,SO-2025-004918,1,2025-05-15,2,Changed mind
RT-003713,SO-2025-005971,2,2025-05-15,1,Changed mind
RT-003714,SO-2025-004192,1,2025-05-16,1,Not as described
RT-003715,SO-2025-004314,2,2025-05-16,2,Wrong size
RT-003716,SO-2025-004441,1,2025-05-16,1,Changed mind
RT-003717,SO-2025-004802,2,2025-05-16,1,Defective
RT-003718,SO-2025-005033,2,2025-05-16,2,Changed mind
RT-003719,SO-2025-005534,1,2025-05-16,1,Defective
RT-003720,SO-2025-005567,1,2025-05-16,1,Defective
RT-003721,SO-2025-005843,2,2025-05-16,1,Changed mind
RT-003722,SO-2025-004956,1,2025-05-17,1,Wrong size
RT-003723,SO-2025-005107,1,2025-05-17,2,Damaged in transit
RT-003724,SO-2025-005254,2,2025-05-17,2,Changed mind
RT-003725,SO-2025-005810,1,2025-05-17,1,Wrong size
RT-003726,SO-2025-005966,1,2025-05-17,1,Wrong size
RT-003727,SO-2025-006095,2,2025-05-17,1,Changed mind
RT-003728,SO-2025-004282,1,2025-05-18,1,Wrong size
RT-003729,SO-2025-004609,4,2025-05-18,1,Changed mind
RT-003730,SO-2025-005496,1,2025-05-18,1,Wrong size
RT-003731,SO-2025-005497,1,2025-05-18,1,Wrong size
RT-003732,SO-2025-005556,2,2025-05-18,1,Damaged in transit
RT-003733,SO-2025-005640,1,2025-05-18,1,Wrong size
RT-003734,SO-2025-004335,1,2025-05-19,3,Changed mind
RT-003735,SO-2025-004923,1,2025-05-19,1,Changed mind
RT-003736,SO-2025-005001,1,2025-05-19,4,Wrong size
RT-003737,SO-2025-005048,1,2025-05-19,1,Not as described
RT-003738,SO-2025-005784,1,2025-05-19,1,Wrong size
RT-003739,SO-2025-004491,2,2025-05-20,3,Not as described
RT-003740,SO-2025-004508,1,2025-05-20,1,Changed mind
RT-003741,SO-2025-004575,2,2025-05-20,1,Defective
RT-003742,SO-2025-004814,2,2025-05-20,1,Changed mind
RT-003743,SO-2025-005461,1,2025-05-20,1,Wrong size
RT-003744,SO-2025-005775,1,2025-05-20,1,Changed mind
RT-003745,SO-2025-005999,1,2025-05-20,1,Changed mind
RT-003746,SO-2025-004847,1,2025-05-21,5,Changed mind
RT-003747,SO-2025-005150,1,2025-05-21,1,Wrong size
RT-003748,SO-2025-006064,1,2025-05-21,1,Defective
RT-003749,SO-2025-006228,1,2025-05-21,1,Not as described
RT-003750,SO-2025-004720,1,2025-05-22,11,Damaged in transit
RT-003751,SO-2025-005056,1,2025-05-22,1,Wrong size
RT-003752,SO-2025-005150,2,2025-05-22,2,Defective
RT-003753,SO-2025-005164,2,2025-05-22,1,Changed mind
RT-003754,SO-2025-005728,1,2025-05-22,1,Defective
RT-003755,SO-2025-006204,1,2025-05-22,2,Wrong size
RT-003756,SO-2025-006209,1,2025-05-22,1,Changed mind
RT-003757,SO-2025-006231,3,2025-05-22,1,Changed mind
RT-003758,SO-2025-005249,2,2025-05-23,1,Changed mind
RT-003759,SO-2025-005392,1,2025-05-23,1,Changed mind
RT-003760,SO-2025-005411,1,2025-05-23,1,Changed mind
RT-003761,SO-2025-005590,1,2025-05-23,1,Defective
RT-003762,SO-2025-005614,1,2025-05-23,1,Not as described
RT-003763,SO-2025-006069,1,2025-05-23,2,Not as described
RT-003764,SO-2025-006124,3,2025-05-23,2,Changed mind
RT-003765,SO-2025-006460,3,2025-05-23,3,Not as described
RT-003766,SO-2025-004673,2,2025-05-24,1,Changed mind
RT-003767,SO-2025-004817,1,2025-05-24,1,Changed mind
RT-003768,SO-2025-004871,2,2025-05-24,2,Changed mind
RT-003769,SO-2025-005100,2,2025-05-24,1,Changed mind
RT-003770,SO-2025-005166,1,2025-05-24,2,Wrong size
RT-003771,SO-2025-006041,1,2025-05-24,1,Changed mind
RT-003772,SO-2025-004755,2,2025-05-25,1,Wrong size
RT-003773,SO-2025-004939,1,2025-05-25,1,Wrong size
RT-003774,SO-2025-005158,4,2025-05-25,2,Damaged in transit
RT-003775,SO-2025-005863,1,2025-05-25,1,Damaged in transit
RT-003776,SO-2025-006079,1,2025-05-25,2,Defective
RT-003777,SO-2025-006401,4,2025-05-25,1,Not as described
RT-003778,SO-2025-006657,1,2025-05-25,2,Wrong size
RT-003779,SO-2025-004815,3,2025-05-26,1,Changed mind
RT-003780,SO-2025-005051,1,2025-05-26,1,Changed mind
RT-003781,SO-2025-005175,2,2025-05-26,1,Defective
RT-003782,SO-2025-005462,1,2025-05-26,1,Wrong size
RT-003783,SO-2025-005582,1,2025-05-26,2,Damaged in transit
RT-003784,SO-2025-006433,1,2025-05-26,1,Changed mind
RT-003785,SO-2025-006011,1,2025-05-27,1,Not as described
RT-003786,SO-2025-006583,1,2025-05-27,1,Defective
RT-003787,SO-2025-006638,3,2025-05-27,1,Defective
RT-003788,SO-2025-005202,2,2025-05-28,1,Changed mind
RT-003789,SO-2025-005472,1,2025-05-28,1,Wrong size
RT-003790,SO-2025-005702,4,2025-05-28,8,Damaged in transit
RT-003791,SO-2025-006586,1,2025-05-28,1,Defective
RT-003792,SO-2025-006864,3,2025-05-28,1,Wrong size
RT-003793,SO-2025-004978,2,2025-05-29,1,Wrong size
RT-003794,SO-2025-005020,1,2025-05-29,2,Wrong size
RT-003795,SO-2025-005187,2,2025-05-29,1,Wrong size
RT-003796,SO-2025-005545,1,2025-05-29,1,Wrong size
RT-003797,SO-2025-005561,1,2025-05-29,1,Wrong size
RT-003798,SO-2025-005954,1,2025-05-29,1,Damaged in transit
RT-003799,SO-2025-006222,3,2025-05-29,1,Defective
RT-003800,SO-2025-005077,4,2025-05-30,1,Changed mind
RT-003801,SO-2025-005255,1,2025-05-30,1,Defective
RT-003802,SO-2025-005506,2,2025-05-30,1,Changed mind
RT-003803,SO-2025-005733,3,2025-05-30,1,Changed mind
RT-003804,SO-2025-005957,1,2025-05-30,1,Damaged in transit
RT-003805,SO-2025-006194,2,2025-05-30,1,Changed mind
RT-003806,SO-2025-006459,2,2025-05-30,2,Changed mind
RT-003807,SO-2025-006620,1,2025-05-30,1,Defective
RT-003808,SO-2025-006642,1,2025-05-30,2,Wrong size
RT-003809,SO-2025-007050,1,2025-05-30,1,Not as described
RT-003810,SO-2025-005211,1,2025-05-31,2,Defective
RT-003811,SO-2025-005389,3,2025-05-31,1,Damaged in transit
RT-003812,SO-2025-005390,3,2025-05-31,1,Defective
RT-003813,SO-2025-005658,1,2025-05-31,1,Changed mind
RT-003814,SO-2025-005835,2,2025-05-31,1,Damaged in transit
RT-003815,SO-2025-005959,2,2025-05-31,2,Changed mind
RT-003816,SO-2025-006368,1,2025-05-31,1,Changed mind
RT-003817,SO-2025-006665,3,2025-05-31,1,Defective
RT-003818,SO-2025-006982,1,2025-05-31,1,Not as described
RT-003819,SO-2025-006416,1,2025-06-01,1,Defective
RT-003820,SO-2025-006496,2,2025-06-01,2,Not as described
RT-003821,SO-2025-006546,2,2025-06-01,1,Changed mind
RT-003822,SO-2025-006607,1,2025-06-01,1,Wrong size
RT-003823,SO-2025-006619,2,2025-06-01,2,Defective
RT-003824,SO-2025-007182,1,2025-06-01,1,Changed mind
RT-003825,SO-2025-007218,2,2025-06-01,1,Changed mind
RT-003826,SO-2025-005382,1,2025-06-02,1,Defective
RT-003827,SO-2025-005626,1,2025-06-02,3,Defective
RT-003828,SO-2025-006236,2,2025-06-02,2,Changed mind
RT-003829,SO-2025-006303,1,2025-06-02,1,Damaged in transit
RT-003830,SO-2025-006744,1,2025-06-02,1,Defective
RT-003831,SO-2025-007207,3,2025-06-02,1,Damaged in transit
RT-003832,SO-2025-005568,1,2025-06-03,2,Wrong size
RT-003833,SO-2025-005574,1,2025-06-03,1,Wrong size
RT-003834,SO-2025-005822,2,2025-06-03,4,Defective
RT-003835,SO-2025-005894,1,2025-06-03,1,Wrong size
RT-003836,SO-2025-006881,2,2025-06-03,1,Defective
RT-003837,SO-2025-007286,3,2025-06-03,1,Changed mind
RT-003838,SO-2025-007292,1,2025-06-03,1,Wrong size
RT-003839,SO-2025-005337,3,2025-06-04,1,Changed mind
RT-003840,SO-2025-005544,1,2025-06-04,1,Changed mind
RT-003841,SO-2025-005695,2,2025-06-04,2,Defective
RT-003842,SO-2025-005888,3,2025-06-04,1,Defective
RT-003843,SO-2025-006183,1,2025-06-04,1,Changed mind
RT-003844,SO-2025-006200,2,2025-06-04,1,Changed mind
RT-003845,SO-2025-006326,2,2025-06-04,2,Wrong size
RT-003846,SO-2025-006406,1,2025-06-04,2,Damaged in transit
RT-003847,SO-2025-007063,1,2025-06-04,1,Changed mind
RT-003848,SO-2025-007430,1,2025-06-04,2,Wrong size
RT-003849,SO-2025-005704,1,2025-06-05,1,Defective
RT-003850,SO-2025-005848,1,2025-06-05,1,Changed mind
RT-003851,SO-2025-005895,1,2025-06-05,1,Damaged in transit
RT-003852,SO-2025-005975,1,2025-06-05,1,Changed mind
RT-003853,SO-2025-006126,1,2025-06-05,1,Changed mind
RT-003854,SO-2025-006633,2,2025-06-05,1,Damaged in transit
RT-003855,SO-2025-006817,2,2025-06-05,1,Changed mind
RT-003856,SO-2025-007334,4,2025-06-05,1,Changed mind
RT-003857,SO-2025-007487,4,2025-06-05,2,Defective
RT-003858,SO-2025-005678,1,2025-06-06,1,Defective
RT-003859,SO-2025-006293,2,2025-06-06,2,Changed mind
RT-003860,SO-2025-006621,1,2025-06-06,1,Wrong size
RT-003861,SO-2025-006624,2,2025-06-06,1,Wrong size
RT-003862,SO-2025-006659,1,2025-06-06,1,Defective
RT-003863,SO-2025-006722,1,2025-06-06,1,Changed mind
RT-003864,SO-2025-007318,2,2025-06-06,2,Damaged in transit
RT-003865,SO-2025-005588,1,2025-06-07,1,Defective
RT-003866,SO-2025-006049,3,2025-06-07,1,Damaged in transit
RT-003867,SO-2025-006616,3,2025-06-07,2,Wrong size
RT-003868,SO-2025-007361,2,2025-06-07,2,Changed mind
RT-003869,SO-2025-007431,1,2025-06-07,2,Wrong size
RT-003870,SO-2025-007455,1,2025-06-07,1,Defective
RT-003871,SO-2025-005785,2,2025-06-08,1,Wrong size
RT-003872,SO-2025-006004,2,2025-06-08,1,Defective
RT-003873,SO-2025-006266,1,2025-06-08,1,Wrong size
RT-003874,SO-2025-006544,1,2025-06-08,1,Not as described
RT-003875,SO-2025-006672,1,2025-06-08,1,Not as described
RT-003876,SO-2025-006708,1,2025-06-08,1,Wrong size
RT-003877,SO-2025-006788,1,2025-06-08,1,Wrong size
RT-003878,SO-2025-007326,1,2025-06-08,3,Changed mind
RT-003879,SO-2025-007515,1,2025-06-08,1,Changed mind
RT-003880,SO-2025-006206,1,2025-06-09,1,Changed mind
RT-003881,SO-2025-006951,1,2025-06-09,1,Changed mind
RT-003882,SO-2025-007189,3,2025-06-09,2,Changed mind
RT-003883,SO-2025-007278,1,2025-06-09,1,Not as described
RT-003884,SO-2025-007516,1,2025-06-09,1,Wrong size
RT-003885,SO-2025-007567,1,2025-06-09,1,Changed mind
RT-003886,SO-2025-007740,2,2025-06-09,2,Not as described
RT-003887,SO-2025-007838,2,2025-06-09,1,Defective
RT-003888,SO-2025-005842,1,2025-06-10,1,Changed mind
RT-003889,SO-2025-005862,1,2025-06-10,1,Damaged in transit
RT-003890,SO-2025-006003,2,2025-06-10,3,Wrong size
RT-003891,SO-2025-006040,1,2025-06-10,1,Wrong size
RT-003892,SO-2025-006194,1,2025-06-10,1,Damaged in transit
RT-003893,SO-2025-006837,2,2025-06-10,1,Changed mind
RT-003894,SO-2025-006967,1,2025-06-10,2,Defective
RT-003895,SO-2025-007163,1,2025-06-10,3,Defective
RT-003896,SO-2025-007328,1,2025-06-10,1,Changed mind
RT-003897,SO-2025-007509,1,2025-06-10,2,Defective
RT-003898,SO-2025-007799,2,2025-06-10,1,Defective
RT-003899,SO-2025-006144,1,2025-06-11,1,Wrong size
RT-003900,SO-2025-006234,2,2025-06-11,1,Changed mind
RT-003901,SO-2025-006956,1,2025-06-11,2,Wrong size
RT-003902,SO-2025-007471,1,2025-06-11,2,Not as described
RT-003903,SO-2025-007887,4,2025-06-11,1,Wrong size
RT-003904,SO-2025-006441,1,2025-06-12,3,Defective
RT-003905,SO-2025-006676,1,2025-06-12,1,Changed mind
RT-003906,SO-2025-007978,2,2025-06-12,1,Defective
RT-003907,SO-2025-006531,1,2025-06-13,1,Changed mind
RT-003908,SO-2025-006556,1,2025-06-13,1,Damaged in transit
RT-003909,SO-2025-006626,2,2025-06-13,1,Wrong size
RT-003910,SO-2025-006715,1,2025-06-13,2,Changed mind
RT-003911,SO-2025-006978,1,2025-06-13,1,Defective
RT-003912,SO-2025-007349,1,2025-06-13,1,Defective
RT-003913,SO-2025-007663,3,2025-06-13,1,Damaged in transit
RT-003914,SO-2025-006292,1,2025-06-14,5,Wrong size
RT-003915,SO-2025-006594,1,2025-06-14,1,Defective
RT-003916,SO-2025-006733,1,2025-06-14,1,Changed mind
RT-003917,SO-2025-007244,1,2025-06-14,2,Wrong size
RT-003918,SO-2025-007361,4,2025-06-14,1,Defective
RT-003919,SO-2025-007490,2,2025-06-14,1,Changed mind
RT-003920,SO-2025-007520,1,2025-06-14,1,Changed mind
RT-003921,SO-2025-007542,1,2025-06-14,1,Changed mind
RT-003922,SO-2025-007844,3,2025-06-14,1,Defective
RT-003923,SO-2025-007968,1,2025-06-14,1,Changed mind
RT-003924,SO-2025-008060,1,2025-06-14,1,Defective
RT-003925,SO-2025-006243,1,2025-06-15,2,Changed mind
RT-003926,SO-2025-006852,3,2025-06-15,2,Defective
RT-003927,SO-2025-007503,1,2025-06-15,1,Damaged in transit
RT-003928,SO-2025-007561,2,2025-06-15,1,Changed mind
RT-003929,SO-2025-007888,1,2025-06-15,1,Not as described
RT-003930,SO-2025-008164,2,2025-06-15,1,Damaged in transit
RT-003931,SO-2025-006485,1,2025-06-16,1,Defective
RT-003932,SO-2025-006655,2,2025-06-16,1,Damaged in transit
RT-003933,SO-2025-007595,1,2025-06-16,3,Changed mind
RT-003934,SO-2025-007695,1,2025-06-16,1,Changed mind
RT-003935,SO-2025-007856,1,2025-06-16,1,Defective
RT-003936,SO-2025-006332,2,2025-06-17,1,Changed mind
RT-003937,SO-2025-006422,2,2025-06-17,1,Damaged in transit
RT-003938,SO-2025-007136,1,2025-06-17,3,Wrong size
RT-003939,SO-2025-007169,1,2025-06-17,1,Not as described
RT-003940,SO-2025-007343,1,2025-06-17,1,Defective
RT-003941,SO-2025-007347,1,2025-06-17,2,Wrong size
RT-003942,SO-2025-008285,1,2025-06-17,1,Defective
RT-003943,SO-2025-006496,3,2025-06-18,1,Wrong size
RT-003944,SO-2025-006588,1,2025-06-18,1,Defective
RT-003945,SO-2025-006622,2,2025-06-18,1,Defective
RT-003946,SO-2025-006884,2,2025-06-18,1,Changed mind
RT-003947,SO-2025-007142,1,2025-06-18,2,Defective
RT-003948,SO-2025-007508,1,2025-06-18,1,Defective
RT-003949,SO-2025-007564,1,2025-06-18,2,Not as described
RT-003950,SO-2025-007842,2,2025-06-18,1,Defective
RT-003951,SO-2025-006516,4,2025-06-19,2,Wrong size
RT-003952,SO-2025-006522,1,2025-06-19,1,Changed mind
RT-003953,SO-2025-006779,1,2025-06-19,1,Changed mind
RT-003954,SO-2025-006860,1,2025-06-19,1,Defective
RT-003955,SO-2025-007637,1,2025-06-19,1,Not as described
RT-003956,SO-2025-008363,2,2025-06-19,2,Changed mind
RT-003957,SO-2025-008466,1,2025-06-19,1,Defective
RT-003958,SO-2025-007731,2,2025-06-20,1,Changed mind
RT-003959,SO-2025-008206,3,2025-06-20,1,Wrong size
RT-003960,SO-2025-008496,2,2025-06-20,1,Defective
RT-003961,SO-2025-008499,1,2025-06-20,1,Defective
RT-003962,SO-2025-008507,1,2025-06-20,1,Not as described
RT-003963,SO-2025-006996,1,2025-06-21,1,Defective
RT-003964,SO-2025-007045,2,2025-06-21,1,Wrong size
RT-003965,SO-2025-007405,2,2025-06-21,1,Wrong size
RT-003966,SO-2025-007546,1,2025-06-21,1,Wrong size
RT-003967,SO-2025-007582,3,2025-06-21,1,Changed mind
RT-003968,SO-2025-007661,1,2025-06-21,1,Changed mind
RT-003969,SO-2025-007944,1,2025-06-21,1,Changed mind
RT-003970,SO-2025-008530,1,2025-06-21,1,Defective
RT-003971,SO-2025-007214,1,2025-06-22,1,Not as described
RT-003972,SO-2025-007224,2,2025-06-22,1,Not as described
RT-003973,SO-2025-008276,3,2025-06-22,1,Wrong size
RT-003974,SO-2025-008457,2,2025-06-22,1,Changed mind
RT-003975,SO-2025-008508,1,2025-06-22,1,Wrong size
RT-003976,SO-2025-006858,2,2025-06-23,1,Damaged in transit
RT-003977,SO-2025-006974,1,2025-06-23,1,Changed mind
RT-003978,SO-2025-007574,1,2025-06-23,1,Defective
RT-003979,SO-2025-007748,1,2025-06-23,1,Damaged in transit
RT-003980,SO-2025-007942,3,2025-06-23,1,Changed mind
RT-003981,SO-2025-007952,1,2025-06-23,1,Changed mind
RT-003982,SO-2025-008171,3,2025-06-23,1,Not as described
RT-003983,SO-2025-008292,1,2025-06-23,1,Wrong size
RT-003984,SO-2025-007011,1,2025-06-24,12,Defective
RT-003985,SO-2025-007015,1,2025-06-24,2,Defective
RT-003986,SO-2025-007624,3,2025-06-24,1,Wrong size
RT-003987,SO-2025-007894,1,2025-06-24,5,Wrong size
RT-003988,SO-2025-008160,3,2025-06-24,2,Wrong size
RT-003989,SO-2025-008532,3,2025-06-24,1,Not as described
RT-003990,SO-2025-007070,2,2025-06-25,2,Changed mind
RT-003991,SO-2025-008375,2,2025-06-25,2,Changed mind
RT-003992,SO-2025-008607,2,2025-06-25,1,Changed mind
RT-003993,SO-2025-008723,2,2025-06-25,1,Defective
RT-003994,SO-2025-007186,2,2025-06-26,1,Defective
RT-003995,SO-2025-007210,3,2025-06-26,2,Changed mind
RT-003996,SO-2025-007821,3,2025-06-26,2,Defective
RT-003997,SO-2025-007891,2,2025-06-26,1,Changed mind
RT-003998,SO-2025-008005,2,2025-06-26,3,Not as described
RT-003999,SO-2025-008487,2,2025-06-26,5,Changed mind
RT-004000,SO-2025-008489,1,2025-06-26,1,Damaged in transit
RT-004001,SO-2025-008729,1,2025-06-26,1,Not as described
RT-004002,SO-2025-007606,1,2025-06-27,1,Defective
RT-004003,SO-2025-007825,1,2025-06-27,1,Not as described
RT-004004,SO-2025-008115,2,2025-06-27,1,Changed mind
RT-004005,SO-2025-008664,1,2025-06-27,1,Changed mind
RT-004006,SO-2025-008696,2,2025-06-27,1,Changed mind
RT-004007,SO-2025-008947,1,2025-06-27,1,Changed mind
RT-004008,SO-2025-007130,1,2025-06-28,1,Wrong size
RT-004009,SO-2025-007372,1,2025-06-28,1,Changed mind
RT-004010,SO-2025-007528,1,2025-06-28,1,Defective
RT-004011,SO-2025-008042,2,2025-06-28,2,Wrong size
RT-004012,SO-2025-008816,1,2025-06-28,1,Changed mind
RT-004013,SO-2025-009061,2,2025-06-28,2,Not as described
RT-004014,SO-2025-009086,1,2025-06-28,4,Damaged in transit
RT-004015,SO-2025-007302,3,2025-06-29,1,Changed mind
RT-004016,SO-2025-007813,3,2025-06-29,1,Wrong size
RT-004017,SO-2025-008848,1,2025-06-30,1,Damaged in transit
RT-004018,SO-2025-008931,1,2025-06-30,1,Changed mind
RT-004019,SO-2025-007754,1,2025-07-01,1,Changed mind
RT-004020,SO-2025-008016,1,2025-07-01,2,Changed mind
RT-004021,SO-2025-008027,1,2025-07-01,3,Defective
RT-004022,SO-2025-008472,3,2025-07-01,1,Defective
RT-004023,SO-2025-008562,2,2025-07-01,1,Defective
RT-004024,SO-2025-008568,3,2025-07-01,1,Changed mind
RT-004025,SO-2025-008658,2,2025-07-01,1,Damaged in transit
RT-004026,SO-2025-008866,2,2025-07-01,1,Wrong size
RT-004027,SO-2025-009320,1,2025-07-01,2,Changed mind
RT-004028,SO-2025-007930,2,2025-07-02,1,Wrong size
RT-004029,SO-2025-007978,1,2025-07-02,1,Defective
RT-004030,SO-2025-008175,2,2025-07-02,1,Defective
RT-004031,SO-2025-008447,1,2025-07-02,2,Not as described
RT-004032,SO-2025-008730,2,2025-07-02,1,Not as described
RT-004033,SO-2025-008816,2,2025-07-02,1,Changed mind
RT-004034,SO-2025-009099,3,2025-07-02,1,Defective
RT-004035,SO-2025-008054,1,2025-07-03,1,Wrong size
RT-004036,SO-2025-008224,1,2025-07-03,1,Not as described
RT-004037,SO-2025-008295,3,2025-07-03,2,Wrong size
RT-004038,SO-2025-008326,2,2025-07-03,2,Defective
RT-004039,SO-2025-008788,1,2025-07-03,1,Changed mind
RT-004040,SO-2025-008918,1,2025-07-03,1,Changed mind
RT-004041,SO-2025-009023,1,2025-07-03,2,Wrong size
RT-004042,SO-2025-009316,1,2025-07-03,1,Changed mind
RT-004043,SO-2025-007627,1,2025-07-04,1,Not as described
RT-004044,SO-2025-007681,1,2025-07-04,1,Not as described
RT-004045,SO-2025-008080,1,2025-07-04,1,Defective
RT-004046,SO-2025-008902,2,2025-07-04,1,Changed mind
RT-004047,SO-2025-009308,1,2025-07-04,1,Defective
RT-004048,SO-2025-007726,1,2025-07-05,1,Changed mind
RT-004049,SO-2025-007772,1,2025-07-05,2,Defective
RT-004050,SO-2025-007889,1,2025-07-05,1,Changed mind
RT-004051,SO-2025-008516,1,2025-07-05,1,Wrong size
RT-004052,SO-2025-009073,2,2025-07-05,2,Damaged in transit
RT-004053,SO-2025-009394,1,2025-07-05,1,Changed mind
RT-004054,SO-2025-009405,1,2025-07-05,1,Defective
RT-004055,SO-2025-008091,2,2025-07-06,2,Not as described
RT-004056,SO-2025-008414,2,2025-07-06,2,Wrong size
RT-004057,SO-2025-008415,2,2025-07-06,1,Damaged in transit
RT-004058,SO-2025-008435,2,2025-07-06,1,Wrong size
RT-004059,SO-2025-008848,3,2025-07-06,1,Wrong size
RT-004060,SO-2025-009373,1,2025-07-06,1,Defective
RT-004061,SO-2025-009455,1,2025-07-06,1,Defective
RT-004062,SO-2025-009478,1,2025-07-06,2,Not as described
RT-004063,SO-2025-009610,2,2025-07-06,1,Not as described
RT-004064,SO-2025-007860,1,2025-07-07,1,Changed mind
RT-004065,SO-2025-007994,2,2025-07-07,1,Changed mind
RT-004066,SO-2025-008058,1,2025-07-07,1,Changed mind
RT-004067,SO-2025-008812,1,2025-07-07,1,Changed mind
RT-004068,SO-2025-009675,1,2025-07-07,1,Not as described
RT-004069,SO-2025-009771,1,2025-07-07,1,Damaged in transit
RT-004070,SO-2025-008916,1,2025-07-08,1,Wrong size
RT-004071,SO-2025-009079,2,2025-07-08,1,Defective
RT-004072,SO-2025-009210,1,2025-07-08,1,Changed mind
RT-004073,SO-2025-007995,2,2025-07-09,1,Damaged in transit
RT-004074,SO-2025-008340,1,2025-07-09,1,Not as described
RT-004075,SO-2025-008404,1,2025-07-09,1,Wrong size
RT-004076,SO-2025-008524,1,2025-07-09,1,Defective
RT-004077,SO-2025-008591,1,2025-07-09,1,Defective
RT-004078,SO-2025-009026,1,2025-07-09,1,Not as described
RT-004079,SO-2025-009318,1,2025-07-09,1,Defective
RT-004080,SO-2025-008030,1,2025-07-10,1,Not as described
RT-004081,SO-2025-008079,2,2025-07-10,1,Defective
RT-004082,SO-2025-008334,1,2025-07-10,2,Defective
RT-004083,SO-2025-008718,2,2025-07-10,1,Wrong size
RT-004084,SO-2025-008896,3,2025-07-10,1,Wrong size
RT-004085,SO-2025-009580,1,2025-07-10,1,Changed mind
RT-004086,SO-2025-008236,2,2025-07-11,1,Wrong size
RT-004087,SO-2025-009013,1,2025-07-11,2,Defective
RT-004088,SO-2025-009191,1,2025-07-11,7,Changed mind
RT-004089,SO-2025-009398,1,2025-07-11,1,Defective
RT-004090,SO-2025-009479,2,2025-07-11,2,Changed mind
RT-004091,SO-2025-009503,3,2025-07-11,1,Not as described
RT-004092,SO-2025-009982,3,2025-07-11,1,Defective
RT-004093,SO-2025-008372,2,2025-07-12,1,Not as described
RT-004094,SO-2025-008547,2,2025-07-12,1,Defective
RT-004095,SO-2025-008782,1,2025-07-12,2,Wrong size
RT-004096,SO-2025-008806,1,2025-07-12,2,Damaged in transit
RT-004097,SO-2025-008811,1,2025-07-12,1,Wrong size
RT-004098,SO-2025-010011,1,2025-07-12,1,Changed mind
RT-004099,SO-2025-008442,1,2025-07-13,3,Defective
RT-004100,SO-2025-008637,1,2025-07-13,1,Wrong size
RT-004101,SO-2025-008655,3,2025-07-13,1,Wrong size
RT-004102,SO-2025-008777,1,2025-07-13,1,Not as described
RT-004103,SO-2025-008821,4,2025-07-13,1,Defective
RT-004104,SO-2025-009154,1,2025-07-13,3,Wrong size
RT-004105,SO-2025-009789,1,2025-07-13,2,Defective
RT-004106,SO-2025-009798,2,2025-07-13,1,Changed mind
RT-004107,SO-2025-008315,3,2025-07-14,1,Changed mind
RT-004108,SO-2025-008320,2,2025-07-14,1,Wrong size
RT-004109,SO-2025-008567,3,2025-07-14,3,Changed mind
RT-004110,SO-2025-008572,4,2025-07-14,1,Changed mind
RT-004111,SO-2025-008626,1,2025-07-14,3,Changed mind
RT-004112,SO-2025-009096,3,2025-07-14,1,Not as described
RT-004113,SO-2025-009364,1,2025-07-14,2,Damaged in transit
RT-004114,SO-2025-009689,1,2025-07-14,1,Wrong size
RT-004115,SO-2025-009934,1,2025-07-14,2,Defective
RT-004116,SO-2025-008485,3,2025-07-15,1,Changed mind
RT-004117,SO-2025-008827,3,2025-07-15,1,Defective
RT-004118,SO-2025-008834,1,2025-07-15,1,Not as described
RT-004119,SO-2025-009205,2,2025-07-15,1,Defective
RT-004120,SO-2025-009503,1,2025-07-15,1,Damaged in transit
RT-004121,SO-2025-009805,3,2025-07-15,1,Wrong size
RT-004122,SO-2025-009307,4,2025-07-16,1,Changed mind
RT-004123,SO-2025-009645,1,2025-07-16,1,Not as described
RT-004124,SO-2025-009903,1,2025-07-16,1,Damaged in transit
RT-004125,SO-2025-010221,2,2025-07-16,1,Changed mind
RT-004126,SO-2025-010252,2,2025-07-16,1,Defective
RT-004127,SO-2025-009345,3,2025-07-18,1,Wrong size
RT-004128,SO-2025-009643,1,2025-07-18,1,Wrong size
RT-004129,SO-2025-009789,2,2025-07-18,1,Changed mind
RT-004130,SO-2025-009853,1,2025-07-18,1,Changed mind
RT-004131,SO-2025-010282,2,2025-07-18,1,Changed mind
RT-004132,SO-2025-010300,1,2025-07-18,1,Changed mind
RT-004133,SO-2025-010400,1,2025-07-18,1,Not as described
RT-004134,SO-2025-009351,1,2025-07-19,1,Changed mind
RT-004135,SO-2025-009807,1,2025-07-19,1,Defective
RT-004136,SO-2025-009928,1,2025-07-19,1,Wrong size
RT-004137,SO-2025-009018,4,2025-07-20,1,Not as described
RT-004138,SO-2025-009678,1,2025-07-20,1,Damaged in transit
RT-004139,SO-2025-009790,1,2025-07-20,1,Damaged in transit
RT-004140,SO-2025-009445,2,2025-07-21,1,Wrong size
RT-004141,SO-2025-008937,1,2025-07-22,1,Damaged in transit
RT-004142,SO-2025-009041,3,2025-07-22,1,Changed mind
RT-004143,SO-2025-009072,3,2025-07-22,1,Changed mind
RT-004144,SO-2025-009703,1,2025-07-22,1,Changed mind
RT-004145,SO-2025-010001,3,2025-07-22,1,Changed mind
RT-004146,SO-2025-010411,2,2025-07-22,1,Changed mind
RT-004147,SO-2025-010591,1,2025-07-22,2,Changed mind
RT-004148,SO-2025-008884,1,2025-07-23,1,Wrong size
RT-004149,SO-2025-009344,1,2025-07-23,1,Changed mind
RT-004150,SO-2025-009347,3,2025-07-23,2,Damaged in transit
RT-004151,SO-2025-010306,3,2025-07-23,1,Wrong size
RT-004152,SO-2025-009113,3,2025-07-24,3,Changed mind
RT-004153,SO-2025-009915,2,2025-07-24,1,Wrong size
RT-004154,SO-2025-010027,1,2025-07-24,1,Changed mind
RT-004155,SO-2025-010098,1,2025-07-24,1,Defective
RT-004156,SO-2025-010113,1,2025-07-24,1,Damaged in transit
RT-004157,SO-2025-009816,1,2025-07-25,1,Changed mind
RT-004158,SO-2025-010232,3,2025-07-25,1,Not as described
RT-004159,SO-2025-010417,2,2025-07-25,2,Defective
RT-004160,SO-2025-010625,1,2025-07-25,1,Defective
RT-004161,SO-2025-010666,1,2025-07-25,1,Defective
RT-004162,SO-2025-010856,2,2025-07-25,1,Defective
RT-004163,SO-2025-009124,2,2025-07-26,4,Defective
RT-004164,SO-2025-009152,1,2025-07-26,4,Defective
RT-004165,SO-2025-009281,1,2025-07-26,1,Defective
RT-004166,SO-2025-009750,2,2025-07-26,1,Changed mind
RT-004167,SO-2025-010307,3,2025-07-26,1,Defective
RT-004168,SO-2025-010437,1,2025-07-26,2,Changed mind
RT-004169,SO-2025-010790,1,2025-07-26,1,Defective
RT-004170,SO-2025-009470,1,2025-07-27,1,Wrong size
RT-004171,SO-2025-009894,1,2025-07-27,1,Wrong size
RT-004172,SO-2025-010052,2,2025-07-27,1,Wrong size
RT-004173,SO-2025-010189,1,2025-07-27,4,Not as described
RT-004174,SO-2025-010528,2,2025-07-27,3,Defective
RT-004175,SO-2025-010792,4,2025-07-27,1,Changed mind
RT-004176,SO-2025-009441,1,2025-07-28,1,Changed mind
RT-004177,SO-2025-009568,1,2025-07-28,1,Wrong size
RT-004178,SO-2025-009803,2,2025-07-28,1,Defective
RT-004179,SO-2025-009977,1,2025-07-28,2,Defective
RT-004180,SO-2025-010879,1,2025-07-28,1,Defective
RT-004181,SO-2025-010927,3,2025-07-28,2,Changed mind
RT-004182,SO-2025-009371,1,2025-07-29,1,Defective
RT-004183,SO-2025-009614,1,2025-07-29,1,Changed mind
RT-004184,SO-2025-010186,1,2025-07-29,1,Defective
RT-004185,SO-2025-010676,2,2025-07-29,1,Changed mind
RT-004186,SO-2025-010877,2,2025-07-29,1,Changed mind
RT-004187,SO-2025-010200,1,2025-07-30,1,Wrong size
RT-004188,SO-2025-011003,1,2025-07-30,1,Damaged in transit
RT-004189,SO-2025-011107,2,2025-07-30,1,Defective
RT-004190,SO-2025-011138,1,2025-07-30,1,Wrong size
RT-004191,SO-2025-009484,2,2025-07-31,2,Wrong size
RT-004192,SO-2025-009955,1,2025-07-31,1,Wrong size
RT-004193,SO-2025-010131,1,2025-07-31,1,Wrong size
RT-004194,SO-2025-010777,3,2025-07-31,1,Wrong size
RT-004195,SO-2025-010978,4,2025-07-31,1,Damaged in transit
RT-004196,SO-2025-011083,2,2025-07-31,1,Damaged in transit
RT-004197,SO-2025-011188,1,2025-07-31,2,Not as described
RT-004198,SO-2025-009597,1,2025-08-01,1,Defective
RT-004199,SO-2025-009747,1,2025-08-01,1,Changed mind
RT-004200,SO-2025-009820,1,2025-08-01,1,Changed mind
RT-004201,SO-2025-009970,2,2025-08-01,1,Wrong size
RT-004202,SO-2025-010212,3,2025-08-01,2,Defective
RT-004203,SO-2025-010213,1,2025-08-01,1,Not as described
RT-004204,SO-2025-010912,1,2025-08-01,2,Changed mind
RT-004205,SO-2025-011272,1,2025-08-01,1,Damaged in transit
RT-004206,SO-2025-009587,2,2025-08-02,2,Defective
RT-004207,SO-2025-010182,1,2025-08-02,1,Defective
RT-004208,SO-2025-010462,2,2025-08-02,1,Not as described
RT-004209,SO-2025-011086,2,2025-08-02,1,Changed mind
RT-004210,SO-2025-011159,1,2025-08-02,1,Not as described
RT-004211,SO-2025-009672,2,2025-08-03,1,Wrong size
RT-004212,SO-2025-010178,2,2025-08-03,1,Wrong size
RT-004213,SO-2025-010627,1,2025-08-03,1,Damaged in transit
RT-004214,SO-2025-010973,2,2025-08-03,1,Damaged in transit
RT-004215,SO-2025-011039,1,2025-08-03,1,Defective
RT-004216,SO-2025-011143,2,2025-08-03,1,Wrong size
RT-004217,SO-2025-009766,1,2025-08-04,2,Wrong size
RT-004218,SO-2025-010133,4,2025-08-04,2,Wrong size
RT-004219,SO-2025-010415,1,2025-08-04,1,Not as described
RT-004220,SO-2025-010915,1,2025-08-04,1,Wrong size
RT-004221,SO-2025-010969,4,2025-08-04,1,Damaged in transit
RT-004222,SO-2025-011080,2,2025-08-04,1,Defective
RT-004223,SO-2025-011382,1,2025-08-04,1,Wrong size
RT-004224,SO-2025-009875,1,2025-08-05,1,Not as described
RT-004225,SO-2025-010573,2,2025-08-05,1,Wrong size
RT-004226,SO-2025-010040,1,2025-08-06,2,Defective
RT-004227,SO-2025-010530,2,2025-08-06,1,Defective
RT-004228,SO-2025-010750,2,2025-08-06,1,Not as described
RT-004229,SO-2025-011028,4,2025-08-06,1,Defective
RT-004230,SO-2025-011206,1,2025-08-06,1,Changed mind
RT-004231,SO-2025-011524,3,2025-08-07,1,Wrong size
RT-004232,SO-2025-011529,2,2025-08-07,1,Wrong size
RT-004233,SO-2025-011661,3,2025-08-07,3,Wrong size
RT-004234,SO-2025-009952,1,2025-08-08,2,Defective
RT-004235,SO-2025-010141,1,2025-08-08,1,Changed mind
RT-004236,SO-2025-010204,1,2025-08-08,1,Defective
RT-004237,SO-2025-010582,1,2025-08-08,1,Defective
RT-004238,SO-2025-011230,1,2025-08-08,1,Defective
RT-004239,SO-2025-010369,3,2025-08-09,1,Defective
RT-004240,SO-2025-010555,1,2025-08-09,1,Wrong size
RT-004241,SO-2025-010708,2,2025-08-09,1,Defective
RT-004242,SO-2025-010886,1,2025-08-09,1,Wrong size
RT-004243,SO-2025-011143,1,2025-08-09,1,Changed mind
RT-004244,SO-2025-011269,2,2025-08-09,1,Changed mind
RT-004245,SO-2025-010409,1,2025-08-10,2,Changed mind
RT-004246,SO-2025-010413,1,2025-08-10,1,Damaged in transit
RT-004247,SO-2025-010480,1,2025-08-10,1,Not as described
RT-004248,SO-2025-011081,2,2025-08-10,1,Damaged in transit
RT-004249,SO-2025-011138,2,2025-08-10,1,Defective
RT-004250,SO-2025-011665,4,2025-08-10,1,Wrong size
RT-004251,SO-2025-010164,3,2025-08-11,1,Defective
RT-004252,SO-2025-010285,1,2025-08-11,1,Not as described
RT-004253,SO-2025-010463,1,2025-08-11,1,Wrong size
RT-004254,SO-2025-010780,2,2025-08-11,2,Wrong size
RT-004255,SO-2025-011083,1,2025-08-11,1,Wrong size
RT-004256,SO-2025-011161,2,2025-08-11,1,Defective
RT-004257,SO-2025-010363,2,2025-08-12,1,Wrong size
RT-004258,SO-2025-010579,1,2025-08-12,1,Changed mind
RT-004259,SO-2025-010763,1,2025-08-12,1,Defective
RT-004260,SO-2025-010792,3,2025-08-12,2,Wrong size
RT-004261,SO-2025-011310,1,2025-08-12,1,Wrong size
RT-004262,SO-2025-011521,2,2025-08-12,1,Defective
RT-004263,SO-2025-011771,1,2025-08-12,1,Wrong size
RT-004264,SO-2025-010650,1,2025-08-13,1,Changed mind
RT-004265,SO-2025-010856,1,2025-08-13,2,Wrong size
RT-004266,SO-2025-011178,1,2025-08-13,2,Wrong size
RT-004267,SO-2025-011577,2,2025-08-13,1,Damaged in transit
RT-004268,SO-2025-010704,2,2025-08-14,2,Wrong size
RT-004269,SO-2025-010788,2,2025-08-14,1,Not as described
RT-004270,SO-2025-011071,1,2025-08-14,1,Wrong size
RT-004271,SO-2025-011081,3,2025-08-14,1,Changed mind
RT-004272,SO-2025-011576,3,2025-08-14,1,Damaged in transit
RT-004273,SO-2025-011620,1,2025-08-14,2,Wrong size
RT-004274,SO-2025-011797,2,2025-08-14,1,Wrong size
RT-004275,SO-2025-011930,1,2025-08-14,1,Damaged in transit
RT-004276,SO-2025-012056,1,2025-08-14,1,Defective
RT-004277,SO-2025-012073,1,2025-08-14,1,Changed mind
RT-004278,SO-2025-012078,2,2025-08-14,1,Wrong size
RT-004279,SO-2025-010868,1,2025-08-15,1,Damaged in transit
RT-004280,SO-2025-011626,2,2025-08-15,1,Not as described
RT-004281,SO-2025-011669,4,2025-08-15,2,Defective
RT-004282,SO-2025-011710,1,2025-08-15,1,Defective
RT-004283,SO-2025-011957,1,2025-08-15,2,Wrong size
RT-004284,SO-2025-010538,1,2025-08-16,1,Changed mind
RT-004285,SO-2025-010741,3,2025-08-16,1,Damaged in transit
RT-004286,SO-2025-010766,1,2025-08-16,2,Wrong size
RT-004287,SO-2025-011682,3,2025-08-16,3,Changed mind
RT-004288,SO-2025-011716,1,2025-08-17,1,Changed mind
RT-004289,SO-2025-011875,1,2025-08-17,3,Wrong size
RT-004290,SO-2025-012002,1,2025-08-17,2,Wrong size
RT-004291,SO-2025-012009,2,2025-08-17,1,Defective
RT-004292,SO-2025-012047,3,2025-08-17,1,Damaged in transit
RT-004293,SO-2025-012070,1,2025-08-17,2,Wrong size
RT-004294,SO-2025-012086,1,2025-08-17,2,Defective
RT-004295,SO-2025-010892,3,2025-08-18,1,Changed mind
RT-004296,SO-2025-011473,1,2025-08-18,1,Changed mind
RT-004297,SO-2025-011586,2,2025-08-18,1,Defective
RT-004298,SO-2025-011955,2,2025-08-18,1,Wrong size
RT-004299,SO-2025-012187,2,2025-08-18,1,Changed mind
RT-004300,SO-2025-011204,2,2025-08-19,1,Defective
RT-004301,SO-2025-011738,2,2025-08-19,1,Wrong size
RT-004302,SO-2025-011842,1,2025-08-19,1,Defective
RT-004303,SO-2025-011842,2,2025-08-19,1,Defective
RT-004304,SO-2025-011258,1,2025-08-20,1,Damaged in transit
RT-004305,SO-2025-011438,1,2025-08-20,1,Wrong size
RT-004306,SO-2025-011468,3,2025-08-20,2,Changed mind
RT-004307,SO-2025-011717,2,2025-08-20,3,Defective
RT-004308,SO-2025-011944,1,2025-08-20,7,Changed mind
RT-004309,SO-2025-011952,2,2025-08-20,1,Changed mind
RT-004310,SO-2025-012063,2,2025-08-20,8,Not as described
RT-004311,SO-2025-012103,1,2025-08-20,1,Wrong size
RT-004312,SO-2025-012127,1,2025-08-20,1,Wrong size
RT-004313,SO-2025-012191,2,2025-08-20,1,Changed mind
RT-004314,SO-2025-011262,1,2025-08-21,1,Damaged in transit
RT-004315,SO-2025-011389,2,2025-08-21,1,Defective
RT-004316,SO-2025-011437,2,2025-08-21,2,Defective
RT-004317,SO-2025-011484,1,2025-08-21,1,Changed mind
RT-004318,SO-2025-012322,1,2025-08-21,1,Changed mind
RT-004319,SO-2025-011144,1,2025-08-22,1,Defective
RT-004320,SO-2025-012104,1,2025-08-22,1,Defective
RT-004321,SO-2025-011040,1,2025-08-23,1,Wrong size
RT-004322,SO-2025-011250,1,2025-08-23,2,Defective
RT-004323,SO-2025-011349,1,2025-08-23,1,Not as described
RT-004324,SO-2025-012117,1,2025-08-23,1,Changed mind
RT-004325,SO-2025-012164,1,2025-08-23,1,Defective
RT-004326,SO-2025-012218,1,2025-08-23,1,Defective
RT-004327,SO-2025-012375,2,2025-08-23,1,Changed mind
RT-004328,SO-2025-012507,2,2025-08-23,1,Defective
RT-004329,SO-2025-011384,1,2025-08-24,1,Wrong size
RT-004330,SO-2025-011855,1,2025-08-24,1,Defective
RT-004331,SO-2025-012078,1,2025-08-24,1,Not as described
RT-004332,SO-2025-012121,4,2025-08-24,2,Changed mind
RT-004333,SO-2025-012502,1,2025-08-24,1,Not as described
RT-004334,SO-2025-012558,1,2025-08-24,1,Wrong size
RT-004335,SO-2025-011382,3,2025-08-25,1,Changed mind
RT-004336,SO-2025-011508,1,2025-08-25,1,Defective
RT-004337,SO-2025-012206,3,2025-08-25,1,Changed mind
RT-004338,SO-2025-012233,3,2025-08-25,1,Wrong size
RT-004339,SO-2025-012307,1,2025-08-25,1,Damaged in transit
RT-004340,SO-2025-012488,1,2025-08-25,1,Not as described
RT-004341,SO-2025-012590,1,2025-08-25,1,Wrong size
RT-004342,SO-2025-011553,1,2025-08-26,1,Defective
RT-004343,SO-2025-011590,1,2025-08-26,1,Wrong size
RT-004344,SO-2025-011647,2,2025-08-26,1,Wrong size
RT-004345,SO-2025-012528,1,2025-08-26,1,Defective
RT-004346,SO-2025-011126,3,2025-08-27,2,Changed mind
RT-004347,SO-2025-011255,2,2025-08-27,1,Defective
RT-004348,SO-2025-011652,1,2025-08-27,1,Damaged in transit
RT-004349,SO-2025-012004,1,2025-08-27,1,Defective
RT-004350,SO-2025-012165,1,2025-08-27,1,Defective
RT-004351,SO-2025-011458,3,2025-08-28,1,Changed mind
RT-004352,SO-2025-012278,2,2025-08-28,1,Changed mind
RT-004353,SO-2025-012727,1,2025-08-28,1,Changed mind
RT-004354,SO-2025-011302,1,2025-08-29,1,Not as described
RT-004355,SO-2025-012626,2,2025-08-29,1,Defective
RT-004356,SO-2025-011522,2,2025-08-30,9,Defective
RT-004357,SO-2025-012110,2,2025-08-30,2,Changed mind
RT-004358,SO-2025-011700,1,2025-08-31,1,Changed mind
RT-004359,SO-2025-011909,1,2025-08-31,1,Defective
RT-004360,SO-2025-012192,1,2025-08-31,1,Wrong size
RT-004361,SO-2025-012390,3,2025-08-31,2,Not as described
RT-004362,SO-2025-012596,1,2025-08-31,2,Changed mind
RT-004363,SO-2025-012770,2,2025-08-31,2,Wrong size
RT-004364,SO-2025-012835,2,2025-08-31,1,Defective
RT-004365,SO-2025-011470,1,2025-09-01,1,Wrong size
RT-004366,SO-2025-011654,2,2025-09-01,1,Damaged in transit
RT-004367,SO-2025-012188,1,2025-09-01,2,Defective
RT-004368,SO-2025-013042,1,2025-09-01,1,Changed mind
RT-004369,SO-2025-013124,1,2025-09-01,1,Changed mind
RT-004370,SO-2025-012928,1,2025-09-02,1,Wrong size
RT-004371,SO-2025-013196,1,2025-09-02,1,Wrong size
RT-004372,SO-2025-012168,2,2025-09-03,1,Wrong size
RT-004373,SO-2025-012467,2,2025-09-03,3,Defective
RT-004374,SO-2025-011738,1,2025-09-04,1,Changed mind
RT-004375,SO-2025-011790,3,2025-09-04,1,Changed mind
RT-004376,SO-2025-011880,2,2025-09-04,1,Defective
RT-004377,SO-2025-012063,4,2025-09-04,5,Wrong size
RT-004378,SO-2025-012295,1,2025-09-04,1,Changed mind
RT-004379,SO-2025-012421,1,2025-09-04,1,Defective
RT-004380,SO-2025-012988,1,2025-09-04,2,Changed mind
RT-004381,SO-2025-011808,2,2025-09-05,1,Changed mind
RT-004382,SO-2025-011914,1,2025-09-05,1,Defective
RT-004383,SO-2025-012128,2,2025-09-05,7,Changed mind
RT-004384,SO-2025-012168,1,2025-09-05,1,Wrong size
RT-004385,SO-2025-012285,1,2025-09-05,1,Defective
RT-004386,SO-2025-012550,1,2025-09-05,2,Not as described
RT-004387,SO-2025-012694,3,2025-09-05,1,Not as described
RT-004388,SO-2025-013118,2,2025-09-05,1,Wrong size
RT-004389,SO-2025-011922,1,2025-09-06,1,Defective
RT-004390,SO-2025-012138,1,2025-09-06,1,Defective
RT-004391,SO-2025-012616,1,2025-09-06,1,Defective
RT-004392,SO-2025-013119,1,2025-09-06,1,Changed mind
RT-004393,SO-2025-011915,2,2025-09-07,1,Defective
RT-004394,SO-2025-012094,1,2025-09-07,1,Not as described
RT-004395,SO-2025-012396,1,2025-09-07,2,Wrong size
RT-004396,SO-2025-012406,1,2025-09-07,1,Defective
RT-004397,SO-2025-013308,3,2025-09-07,1,Damaged in transit
RT-004398,SO-2025-013438,3,2025-09-07,1,Damaged in transit
RT-004399,SO-2025-012353,3,2025-09-08,2,Changed mind
RT-004400,SO-2025-012456,2,2025-09-08,1,Damaged in transit
RT-004401,SO-2025-013008,1,2025-09-08,6,Wrong size
RT-004402,SO-2025-013028,1,2025-09-08,1,Defective
RT-004403,SO-2025-013276,3,2025-09-08,1,Wrong size
RT-004404,SO-2025-013373,1,2025-09-08,1,Not as described
RT-004405,SO-2025-013495,3,2025-09-08,1,Defective
RT-004406,SO-2025-011982,2,2025-09-09,1,Defective
RT-004407,SO-2025-012026,2,2025-09-09,2,Damaged in transit
RT-004408,SO-2025-012584,4,2025-09-09,2,Wrong size
RT-004409,SO-2025-012647,1,2025-09-09,2,Wrong size
RT-004410,SO-2025-013092,1,2025-09-09,2,Wrong size
RT-004411,SO-2025-013276,2,2025-09-09,1,Wrong size
RT-004412,SO-2025-013391,2,2025-09-09,1,Defective
RT-004413,SO-2025-013487,4,2025-09-09,1,Wrong size
RT-004414,SO-2025-013502,1,2025-09-09,2,Changed mind
RT-004415,SO-2025-012104,2,2025-09-10,1,Defective
RT-004416,SO-2025-012658,1,2025-09-10,1,Changed mind
RT-004417,SO-2025-012686,1,2025-09-10,1,Defective
RT-004418,SO-2025-012737,2,2025-09-10,1,Not as described
RT-004419,SO-2025-012887,1,2025-09-10,1,Changed mind
RT-004420,SO-2025-012970,1,2025-09-10,1,Wrong size
RT-004421,SO-2025-013076,3,2025-09-10,1,Changed mind
RT-004422,SO-2025-013363,3,2025-09-10,1,Wrong size
RT-004423,SO-2025-013397,1,2025-09-10,1,Wrong size
RT-004424,SO-2025-012315,1,2025-09-11,1,Changed mind
RT-004425,SO-2025-012544,1,2025-09-11,1,Wrong size
RT-004426,SO-2025-012407,1,2025-09-12,1,Not as described
RT-004427,SO-2025-012730,4,2025-09-12,1,Changed mind
RT-004428,SO-2025-013376,3,2025-09-12,1,Wrong size
RT-004429,SO-2025-013506,1,2025-09-12,2,Changed mind
RT-004430,SO-2025-013666,4,2025-09-12,1,Wrong size
RT-004431,SO-2025-012540,1,2025-09-13,1,Wrong size
RT-004432,SO-2025-012729,2,2025-09-13,1,Wrong size
RT-004433,SO-2025-013043,3,2025-09-13,1,Defective
RT-004434,SO-2025-013382,2,2025-09-13,1,Damaged in transit
RT-004435,SO-2025-013598,2,2025-09-13,1,Not as described
RT-004436,SO-2025-012298,2,2025-09-14,4,Damaged in transit
RT-004437,SO-2025-012463,1,2025-09-14,1,Defective
RT-004438,SO-2025-012969,3,2025-09-14,1,Damaged in transit
RT-004439,SO-2025-013242,3,2025-09-14,1,Defective
RT-004440,SO-2025-013677,1,2025-09-14,1,Defective
RT-004441,SO-2025-013760,1,2025-09-14,2,Defective
RT-004442,SO-2025-012637,1,2025-09-15,1,Changed mind
RT-004443,SO-2025-013132,1,2025-09-15,1,Wrong size
RT-004444,SO-2025-013713,3,2025-09-15,1,Damaged in transit
RT-004445,SO-2025-013819,1,2025-09-15,2,Wrong size
RT-004446,SO-2025-012478,2,2025-09-16,1,Not as described
RT-004447,SO-2025-013063,2,2025-09-16,6,Wrong size
RT-004448,SO-2025-013451,3,2025-09-16,2,Defective
RT-004449,SO-2025-013482,3,2025-09-16,1,Wrong size
RT-004450,SO-2025-013773,2,2025-09-16,1,Defective
RT-004451,SO-2025-013862,3,2025-09-16,1,Defective
RT-004452,SO-2025-012453,1,2025-09-17,1,Changed mind
RT-004453,SO-2025-012604,2,2025-09-17,1,Changed mind
RT-004454,SO-2025-012617,2,2025-09-17,1,Wrong size
RT-004455,SO-2025-012714,2,2025-09-17,1,Changed mind
RT-004456,SO-2025-013047,1,2025-09-17,1,Defective
RT-004457,SO-2025-013322,1,2025-09-18,2,Changed mind
RT-004458,SO-2025-013722,1,2025-09-18,2,Defective
RT-004459,SO-2025-013796,1,2025-09-18,1,Wrong size
RT-004460,SO-2025-013854,1,2025-09-18,1,Wrong size
RT-004461,SO-2025-013981,1,2025-09-18,1,Damaged in transit
RT-004462,SO-2025-012722,1,2025-09-19,1,Wrong size
RT-004463,SO-2025-013036,1,2025-09-19,3,Changed mind
RT-004464,SO-2025-013482,4,2025-09-19,1,Wrong size
RT-004465,SO-2025-013746,1,2025-09-19,1,Changed mind
RT-004466,SO-2025-012981,2,2025-09-20,1,Damaged in transit
RT-004467,SO-2025-013041,4,2025-09-20,1,Defective
RT-004468,SO-2025-013070,3,2025-09-20,1,Changed mind
RT-004469,SO-2025-012611,3,2025-09-21,3,Damaged in transit
RT-004470,SO-2025-012677,1,2025-09-21,1,Changed mind
RT-004471,SO-2025-012687,2,2025-09-21,1,Not as described
RT-004472,SO-2025-012792,1,2025-09-21,1,Defective
RT-004473,SO-2025-013488,1,2025-09-21,1,Not as described
RT-004474,SO-2025-013523,1,2025-09-21,1,Changed mind
RT-004475,SO-2025-013560,3,2025-09-21,2,Changed mind
RT-004476,SO-2025-014052,2,2025-09-21,1,Wrong size
RT-004477,SO-2025-012818,1,2025-09-22,2,Defective
RT-004478,SO-2025-012923,1,2025-09-22,2,Wrong size
RT-004479,SO-2025-013267,2,2025-09-22,1,Changed mind
RT-004480,SO-2025-014030,2,2025-09-22,1,Defective
RT-004481,SO-2025-012748,2,2025-09-23,2,Changed mind
RT-004482,SO-2025-013272,1,2025-09-23,1,Changed mind
RT-004483,SO-2025-013290,1,2025-09-23,1,Wrong size
RT-004484,SO-2025-013418,2,2025-09-23,1,Not as described
RT-004485,SO-2025-013447,1,2025-09-23,1,Defective
RT-004486,SO-2025-014002,1,2025-09-23,1,Wrong size
RT-004487,SO-2025-014024,3,2025-09-23,1,Changed mind
RT-004488,SO-2025-012938,2,2025-09-24,1,Defective
RT-004489,SO-2025-013039,1,2025-09-24,1,Not as described
RT-004490,SO-2025-013469,1,2025-09-24,3,Wrong size
RT-004491,SO-2025-013838,2,2025-09-24,1,Changed mind
RT-004492,SO-2025-013839,2,2025-09-24,3,Wrong size
RT-004493,SO-2025-014046,1,2025-09-24,1,Changed mind
RT-004494,SO-2025-014237,3,2025-09-24,1,Changed mind
RT-004495,SO-2025-013021,1,2025-09-25,2,Defective
RT-004496,SO-2025-013171,1,2025-09-25,2,Not as described
RT-004497,SO-2025-014236,1,2025-09-25,7,Wrong size
RT-004498,SO-2025-013294,3,2025-09-26,1,Changed mind
RT-004499,SO-2025-013538,3,2025-09-26,1,Wrong size
RT-004500,SO-2025-013667,1,2025-09-26,2,Damaged in transit
RT-004501,SO-2025-013870,1,2025-09-26,1,Defective
RT-004502,SO-2025-013995,1,2025-09-26,1,Wrong size
RT-004503,SO-2025-013983,1,2025-09-27,1,Wrong size
RT-004504,SO-2025-013177,2,2025-09-28,1,Wrong size
RT-004505,SO-2025-013943,1,2025-09-28,1,Changed mind
RT-004506,SO-2025-014034,1,2025-09-28,1,Changed mind
RT-004507,SO-2025-014134,1,2025-09-28,2,Damaged in transit
RT-004508,SO-2025-013121,1,2025-09-29,1,Defective
RT-004509,SO-2025-013519,1,2025-09-29,3,Wrong size
RT-004510,SO-2025-013732,1,2025-09-29,1,Defective
RT-004511,SO-2025-014062,2,2025-09-29,1,Damaged in transit
RT-004512,SO-2025-014128,2,2025-09-29,1,Changed mind
RT-004513,SO-2025-014213,1,2025-09-29,1,Wrong size
RT-004514,SO-2025-014222,1,2025-09-29,2,Changed mind
RT-004515,SO-2025-014342,1,2025-09-29,2,Changed mind
RT-004516,SO-2025-014363,1,2025-09-29,1,Wrong size
RT-004517,SO-2025-014430,2,2025-09-29,6,Damaged in transit
RT-004518,SO-2025-013336,1,2025-09-30,1,Damaged in transit
RT-004519,SO-2025-013466,2,2025-09-30,1,Defective
RT-004520,SO-2025-013703,3,2025-09-30,2,Wrong size
RT-004521,SO-2025-013762,1,2025-09-30,1,Defective
RT-004522,SO-2025-014370,2,2025-09-30,1,Defective
RT-004523,SO-2025-014532,2,2025-09-30,1,Wrong size
RT-004524,SO-2025-013982,2,2025-10-01,1,Changed mind
RT-004525,SO-2025-014305,3,2025-10-01,1,Damaged in transit
RT-004526,SO-2025-014443,1,2025-10-01,1,Defective
RT-004527,SO-2025-013273,2,2025-10-02,1,Defective
RT-004528,SO-2025-013486,3,2025-10-02,1,Defective
RT-004529,SO-2025-013615,1,2025-10-02,1,Changed mind
RT-004530,SO-2025-014031,1,2025-10-02,1,Not as described
RT-004531,SO-2025-014324,3,2025-10-02,1,Wrong size
RT-004532,SO-2025-014589,2,2025-10-02,3,Wrong size
RT-004533,SO-2025-013357,1,2025-10-03,1,Wrong size
RT-004534,SO-2025-013533,1,2025-10-03,1,Not as described
RT-004535,SO-2025-013706,4,2025-10-03,1,Changed mind
RT-004536,SO-2025-013786,1,2025-10-03,1,Wrong size
RT-004537,SO-2025-014131,1,2025-10-03,1,Defective
RT-004538,SO-2025-013437,3,2025-10-04,1,Wrong size
RT-004539,SO-2025-013506,2,2025-10-04,2,Changed mind
RT-004540,SO-2025-013862,4,2025-10-04,5,Changed mind
RT-004541,SO-2025-013883,3,2025-10-04,2,Defective
RT-004542,SO-2025-014012,1,2025-10-04,2,Not as described
RT-004543,SO-2025-014119,1,2025-10-04,1,Changed mind
RT-004544,SO-2025-014289,2,2025-10-04,1,Defective
RT-004545,SO-2025-014457,2,2025-10-04,2,Defective
RT-004546,SO-2025-013989,3,2025-10-05,3,Changed mind
RT-004547,SO-2025-014222,2,2025-10-05,1,Damaged in transit
RT-004548,SO-2025-014383,1,2025-10-05,2,Wrong size
RT-004549,SO-2025-014663,1,2025-10-05,1,Damaged in transit
RT-004550,SO-2025-014194,1,2025-10-06,1,Not as described
RT-004551,SO-2025-014525,2,2025-10-06,1,Damaged in transit
RT-004552,SO-2025-014719,3,2025-10-06,1,Wrong size
RT-004553,SO-2025-014123,3,2025-10-07,1,Defective
RT-004554,SO-2025-014856,2,2025-10-07,1,Wrong size
RT-004555,SO-2025-014361,1,2025-10-08,1,Wrong size
RT-004556,SO-2025-014483,2,2025-10-08,1,Changed mind
RT-004557,SO-2025-013625,2,2025-10-09,2,Wrong size
RT-004558,SO-2025-013824,1,2025-10-09,2,Changed mind
RT-004559,SO-2025-013993,1,2025-10-09,2,Not as described
RT-004560,SO-2025-014448,2,2025-10-09,1,Changed mind
RT-004561,SO-2025-014874,3,2025-10-09,1,Damaged in transit
RT-004562,SO-2025-014937,1,2025-10-09,1,Changed mind
RT-004563,SO-2025-014731,1,2025-10-10,1,Changed mind
RT-004564,SO-2025-014829,1,2025-10-10,1,Changed mind
RT-004565,SO-2025-014937,2,2025-10-10,1,Changed mind
RT-004566,SO-2025-014044,1,2025-10-11,1,Defective
RT-004567,SO-2025-013918,1,2025-10-12,1,Defective
RT-004568,SO-2025-013928,2,2025-10-12,1,Damaged in transit
RT-004569,SO-2025-014094,2,2025-10-12,1,Not as described
RT-004570,SO-2025-014269,4,2025-10-12,1,Defective
RT-004571,SO-2025-014836,2,2025-10-12,1,Not as described
RT-004572,SO-2025-014941,2,2025-10-12,1,Wrong size
RT-004573,SO-2025-014719,2,2025-10-13,1,Wrong size
RT-004574,SO-2025-015061,2,2025-10-13,1,Changed mind
RT-004575,SO-2025-013911,2,2025-10-14,1,Changed mind
RT-004576,SO-2025-014298,1,2025-10-14,1,Changed mind
RT-004577,SO-2025-014349,1,2025-10-14,1,Defective
RT-004578,SO-2025-014465,2,2025-10-14,1,Changed mind
RT-004579,SO-2025-014571,4,2025-10-14,1,Not as described
RT-004580,SO-2025-014621,1,2025-10-14,1,Defective
RT-004581,SO-2025-014776,1,2025-10-15,1,Changed mind
RT-004582,SO-2025-015183,4,2025-10-15,1,Not as described
RT-004583,SO-2025-014197,1,2025-10-16,1,Changed mind
RT-004584,SO-2025-014629,1,2025-10-16,1,Defective
RT-004585,SO-2025-014638,1,2025-10-16,1,Changed mind
RT-004586,SO-2025-014850,1,2025-10-16,1,Changed mind
RT-004587,SO-2025-015127,1,2025-10-16,1,Wrong size
RT-004588,SO-2025-015137,1,2025-10-16,1,Changed mind
RT-004589,SO-2025-015153,1,2025-10-16,1,Defective
RT-004590,SO-2025-014135,1,2025-10-17,1,Defective
RT-004591,SO-2025-014317,1,2025-10-17,1,Changed mind
RT-004592,SO-2025-014538,1,2025-10-17,1,Defective
RT-004593,SO-2025-014699,1,2025-10-17,1,Wrong size
RT-004594,SO-2025-014902,1,2025-10-17,1,Wrong size
RT-004595,SO-2025-014943,2,2025-10-17,1,Changed mind
RT-004596,SO-2025-014875,2,2025-10-18,3,Defective
RT-004597,SO-2025-015106,3,2025-10-18,2,Wrong size
RT-004598,SO-2025-014245,1,2025-10-19,1,Defective
RT-004599,SO-2025-014590,2,2025-10-19,1,Defective
RT-004600,SO-2025-014723,2,2025-10-19,1,Defective
RT-004601,SO-2025-014821,1,2025-10-19,1,Defective
RT-004602,SO-2025-015182,1,2025-10-19,1,Damaged in transit
RT-004603,SO-2025-014781,1,2025-10-20,4,Wrong size
RT-004604,SO-2025-014847,2,2025-10-20,2,Wrong size
RT-004605,SO-2025-014208,1,2025-10-21,1,Wrong size
RT-004606,SO-2025-014249,2,2025-10-21,1,Changed mind
RT-004607,SO-2025-014671,2,2025-10-21,1,Defective
RT-004608,SO-2025-014858,4,2025-10-21,4,Defective
RT-004609,SO-2025-014955,4,2025-10-21,2,Defective
RT-004610,SO-2025-015023,1,2025-10-21,1,Changed mind
RT-004611,SO-2025-015062,1,2025-10-21,1,Wrong size
RT-004612,SO-2025-015117,1,2025-10-21,1,Defective
RT-004613,SO-2025-015164,1,2025-10-21,1,Wrong size
RT-004614,SO-2025-015178,2,2025-10-21,1,Not as described
RT-004615,SO-2025-015283,3,2025-10-21,1,Changed mind
RT-004616,SO-2025-014419,1,2025-10-22,1,Wrong size
RT-004617,SO-2025-014424,1,2025-10-22,2,Defective
RT-004618,SO-2025-014487,1,2025-10-22,2,Defective
RT-004619,SO-2025-014565,2,2025-10-22,1,Changed mind
RT-004620,SO-2025-015280,1,2025-10-22,2,Defective
RT-004621,SO-2025-015483,2,2025-10-23,3,Not as described
RT-004622,SO-2025-014429,2,2025-10-24,1,Changed mind
RT-004623,SO-2025-014854,1,2025-10-24,1,Wrong size
RT-004624,SO-2025-015100,1,2025-10-24,2,Wrong size
RT-004625,SO-2025-015164,3,2025-10-24,1,Damaged in transit
RT-004626,SO-2025-015516,1,2025-10-24,1,Not as described
RT-004627,SO-2025-014742,3,2025-10-25,2,Changed mind
RT-004628,SO-2025-015134,2,2025-10-25,1,Not as described
RT-004629,SO-2025-015288,2,2025-10-25,1,Changed mind
RT-004630,SO-2025-015292,2,2025-10-25,1,Wrong size
RT-004631,SO-2025-014477,2,2025-10-26,1,Damaged in transit
RT-004632,SO-2025-014567,1,2025-10-26,1,Damaged in transit
RT-004633,SO-2025-014848,1,2025-10-26,1,Defective
RT-004634,SO-2025-014587,1,2025-10-27,2,Changed mind
RT-004635,SO-2025-014816,2,2025-10-27,1,Defective
RT-004636,SO-2025-015197,1,2025-10-27,2,Wrong size
RT-004637,SO-2025-015381,1,2025-10-27,1,Changed mind
RT-004638,SO-2025-015525,1,2025-10-27,2,Wrong size
RT-004639,SO-2025-014717,1,2025-10-28,1,Wrong size
RT-004640,SO-2025-014741,2,2025-10-28,1,Wrong size
RT-004641,SO-2025-014901,1,2025-10-28,1,Damaged in transit
RT-004642,SO-2025-015380,1,2025-10-28,1,Defective
RT-004643,SO-2025-015530,2,2025-10-28,1,Not as described
RT-004644,SO-2025-014666,1,2025-10-29,1,Defective
RT-004645,SO-2025-015026,4,2025-10-29,2,Defective
RT-004646,SO-2025-015115,3,2025-10-29,1,Defective
RT-004647,SO-2025-015134,1,2025-10-29,1,Not as described
RT-004648,SO-2025-015235,2,2025-10-29,1,Defective
RT-004649,SO-2025-015599,2,2025-10-29,2,Changed mind
RT-004650,SO-2025-015631,2,2025-10-29,1,Not as described
RT-004651,SO-2025-014789,2,2025-10-30,1,Changed mind
RT-004652,SO-2025-015666,1,2025-10-30,1,Wrong size
RT-004653,SO-2025-015083,1,2025-10-31,1,Wrong size
RT-004654,SO-2025-015183,2,2025-10-31,1,Defective
RT-004655,SO-2025-015231,2,2025-10-31,1,Changed mind
RT-004656,SO-2025-015651,1,2025-10-31,4,Changed mind
RT-004657,SO-2025-014977,4,2025-11-01,2,Defective
RT-004658,SO-2025-015012,2,2025-11-01,1,Not as described
RT-004659,SO-2025-015301,1,2025-11-01,1,Defective
RT-004660,SO-2025-015456,2,2025-11-01,1,Changed mind
RT-004661,SO-2025-014913,1,2025-11-02,1,Not as described
RT-004662,SO-2025-015270,3,2025-11-02,2,Wrong size
RT-004663,SO-2025-015310,1,2025-11-02,1,Wrong size
RT-004664,SO-2025-015439,3,2025-11-02,1,Damaged in transit
RT-004665,SO-2025-015475,1,2025-11-02,1,Wrong size
RT-004666,SO-2025-015859,1,2025-11-02,1,Damaged in transit
RT-004667,SO-2025-014955,1,2025-11-03,1,Not as described
RT-004668,SO-2025-015081,2,2025-11-03,1,Wrong size
RT-004669,SO-2025-015374,1,2025-11-03,1,Damaged in transit
RT-004670,SO-2025-015444,2,2025-11-03,1,Not as described
RT-004671,SO-2025-015526,2,2025-11-03,1,Wrong size
RT-004672,SO-2025-015678,1,2025-11-03,1,Not as described
RT-004673,SO-2025-014906,2,2025-11-04,1,Wrong size
RT-004674,SO-2025-015463,2,2025-11-04,1,Not as described
RT-004675,SO-2025-015525,4,2025-11-04,3,Not as described
RT-004676,SO-2025-015959,1,2025-11-04,1,Changed mind
RT-004677,SO-2025-015406,2,2025-11-05,1,Defective
RT-004678,SO-2025-015511,2,2025-11-05,3,Defective
RT-004679,SO-2025-015823,3,2025-11-05,3,Not as described
RT-004680,SO-2025-015268,1,2025-11-06,3,Wrong size
RT-004681,SO-2025-015274,3,2025-11-06,2,Wrong size
RT-004682,SO-2025-015344,2,2025-11-06,1,Not as described
RT-004683,SO-2025-015420,1,2025-11-06,1,Changed mind
RT-004684,SO-2025-015694,1,2025-11-06,1,Wrong size
RT-004685,SO-2025-015826,3,2025-11-06,1,Not as described
RT-004686,SO-2025-016011,2,2025-11-06,2,Changed mind
RT-004687,SO-2025-016014,3,2025-11-06,1,Wrong size
RT-004688,SO-2025-015030,1,2025-11-07,1,Defective
RT-004689,SO-2025-015335,1,2025-11-07,1,Wrong size
RT-004690,SO-2025-015507,2,2025-11-07,3,Defective
RT-004691,SO-2025-015844,2,2025-11-07,1,Changed mind
RT-004692,SO-2025-016052,1,2025-11-07,1,Defective
RT-004693,SO-2025-016067,1,2025-11-07,2,Not as described
RT-004694,SO-2025-015037,1,2025-11-08,1,Wrong size
RT-004695,SO-2025-015044,2,2025-11-08,1,Defective
RT-004696,SO-2025-015575,1,2025-11-08,1,Wrong size
RT-004697,SO-2025-015737,3,2025-11-08,1,Changed mind
RT-004698,SO-2025-015036,1,2025-11-09,1,Changed mind
RT-004699,SO-2025-015299,1,2025-11-09,1,Changed mind
RT-004700,SO-2025-015331,1,2025-11-09,1,Wrong size
RT-004701,SO-2025-015656,1,2025-11-09,1,Wrong size
RT-004702,SO-2025-015699,2,2025-11-09,1,Not as described
RT-004703,SO-2025-015708,2,2025-11-09,1,Wrong size
RT-004704,SO-2025-015750,1,2025-11-09,2,Not as described
RT-004705,SO-2025-015909,1,2025-11-09,1,Changed mind
RT-004706,SO-2025-016029,1,2025-11-09,4,Defective
RT-004707,SO-2025-016051,1,2025-11-09,1,Changed mind
RT-004708,SO-2025-015183,1,2025-11-10,1,Defective
RT-004709,SO-2025-015207,2,2025-11-10,1,Wrong size
RT-004710,SO-2025-015504,1,2025-11-10,2,Changed mind
RT-004711,SO-2025-015638,3,2025-11-10,1,Wrong size
RT-004712,SO-2025-016319,1,2025-11-10,1,Changed mind
RT-004713,SO-2025-015431,2,2025-11-11,2,Changed mind
RT-004714,SO-2025-015648,1,2025-11-11,1,Damaged in transit
RT-004715,SO-2025-016158,1,2025-11-12,1,Changed mind
RT-004716,SO-2025-016445,1,2025-11-12,1,Wrong size
RT-004717,SO-2025-015576,3,2025-11-14,1,Defective
RT-004718,SO-2025-015593,1,2025-11-14,2,Not as described
RT-004719,SO-2025-015732,1,2025-11-14,1,Damaged in transit
RT-004720,SO-2025-015891,1,2025-11-14,1,Wrong size
RT-004721,SO-2025-016072,2,2025-11-14,1,Changed mind
RT-004722,SO-2025-016415,1,2025-11-14,1,Defective
RT-004723,SO-2025-015375,3,2025-11-15,1,Wrong size
RT-004724,SO-2025-015689,3,2025-11-15,2,Wrong size
RT-004725,SO-2025-015955,1,2025-11-15,1,Damaged in transit
RT-004726,SO-2025-016069,1,2025-11-15,6,Damaged in transit
RT-004727,SO-2025-016092,3,2025-11-15,2,Defective
RT-004728,SO-2025-016150,1,2025-11-15,1,Defective
RT-004729,SO-2025-015499,1,2025-11-16,1,Not as described
RT-004730,SO-2025-015513,1,2025-11-16,1,Changed mind
RT-004731,SO-2025-015565,4,2025-11-16,1,Defective
RT-004732,SO-2025-015767,1,2025-11-16,1,Defective
RT-004733,SO-2025-015927,1,2025-11-16,1,Damaged in transit
RT-004734,SO-2025-016155,3,2025-11-16,2,Wrong size
RT-004735,SO-2025-016334,1,2025-11-16,1,Not as described
RT-004736,SO-2025-016357,2,2025-11-16,1,Changed mind
RT-004737,SO-2025-016174,2,2025-11-17,2,Wrong size
RT-004738,SO-2025-015699,3,2025-11-18,1,Not as described
RT-004739,SO-2025-016541,1,2025-11-18,2,Damaged in transit
RT-004740,SO-2025-015616,3,2025-11-20,1,Wrong size
RT-004741,SO-2025-015663,2,2025-11-20,2,Changed mind
RT-004742,SO-2025-015699,4,2025-11-20,2,Not as described
RT-004743,SO-2025-015950,2,2025-11-20,1,Changed mind
RT-004744,SO-2025-016148,3,2025-11-20,1,Wrong size
RT-004745,SO-2025-016393,3,2025-11-20,3,Defective
RT-004746,SO-2025-015951,1,2025-11-21,1,Wrong size
RT-004747,SO-2025-015973,2,2025-11-21,1,Wrong size
RT-004748,SO-2025-016248,1,2025-11-21,2,Not as described
RT-004749,SO-2025-016536,1,2025-11-21,1,Wrong size
RT-004750,SO-2025-016640,2,2025-11-21,6,Not as described
RT-004751,SO-2025-016832,3,2025-11-21,2,Not as described
RT-004752,SO-2025-016978,3,2025-11-21,1,Damaged in transit
RT-004753,SO-2025-016980,2,2025-11-21,1,Wrong size
RT-004754,SO-2025-015587,1,2025-11-22,1,Wrong size
RT-004755,SO-2025-016212,1,2025-11-22,1,Changed mind
RT-004756,SO-2025-016256,1,2025-11-22,1,Wrong size
RT-004757,SO-2025-016568,1,2025-11-22,2,Defective
RT-004758,SO-2025-016837,1,2025-11-22,2,Wrong size
RT-004759,SO-2025-017061,1,2025-11-22,1,Damaged in transit
RT-004760,SO-2025-015633,1,2025-11-23,1,Not as described
RT-004761,SO-2025-015807,3,2025-11-23,1,Wrong size
RT-004762,SO-2025-016494,2,2025-11-23,1,Wrong size
RT-004763,SO-2025-017130,2,2025-11-23,1,Defective
RT-004764,SO-2025-015660,2,2025-11-24,5,Damaged in transit
RT-004765,SO-2025-015827,1,2025-11-24,1,Wrong size
RT-004766,SO-2025-016198,1,2025-11-24,1,Wrong size
RT-004767,SO-2025-016238,1,2025-11-24,1,Not as described
RT-004768,SO-2025-016385,3,2025-11-24,1,Wrong size
RT-004769,SO-2025-016594,2,2025-11-24,2,Damaged in transit
RT-004770,SO-2025-016902,3,2025-11-24,1,Wrong size
RT-004771,SO-2025-017150,1,2025-11-24,1,Changed mind
RT-004772,SO-2025-015807,2,2025-11-25,1,Defective
RT-004773,SO-2025-016519,1,2025-11-25,2,Defective
RT-004774,SO-2025-016802,1,2025-11-25,1,Wrong size
RT-004775,SO-2025-017111,1,2025-11-25,1,Changed mind
RT-004776,SO-2025-017136,1,2025-11-25,1,Wrong size
RT-004777,SO-2025-017158,3,2025-11-25,1,Changed mind
RT-004778,SO-2025-016241,1,2025-11-26,1,Wrong size
RT-004779,SO-2025-016305,2,2025-11-26,1,Wrong size
RT-004780,SO-2025-016431,3,2025-11-26,2,Wrong size
RT-004781,SO-2025-016461,2,2025-11-26,1,Not as described
RT-004782,SO-2025-016611,1,2025-11-26,1,Defective
RT-004783,SO-2025-016826,2,2025-11-26,2,Wrong size
RT-004784,SO-2025-017073,2,2025-11-26,1,Wrong size
RT-004785,SO-2025-016142,1,2025-11-27,2,Defective
RT-004786,SO-2025-017360,1,2025-11-27,1,Wrong size
RT-004787,SO-2025-016045,1,2025-11-28,1,Defective
RT-004788,SO-2025-016619,1,2025-11-28,1,Defective
RT-004789,SO-2025-016988,1,2025-11-28,1,Wrong size
RT-004790,SO-2025-017041,1,2025-11-28,1,Damaged in transit
RT-004791,SO-2025-017284,1,2025-11-28,14,Changed mind
RT-004792,SO-2025-015785,4,2025-11-29,1,Wrong size
RT-004793,SO-2025-016398,1,2025-11-29,2,Not as described
RT-004794,SO-2025-016467,1,2025-11-29,1,Changed mind
RT-004795,SO-2025-016468,1,2025-11-29,2,Wrong size
RT-004796,SO-2025-016502,1,2025-11-29,1,Changed mind
RT-004797,SO-2025-017047,2,2025-11-29,1,Changed mind
RT-004798,SO-2025-017124,2,2025-11-29,1,Changed mind
RT-004799,SO-2025-016218,3,2025-11-30,1,Changed mind
RT-004800,SO-2025-016265,1,2025-11-30,1,Changed mind
RT-004801,SO-2025-016270,2,2025-11-30,1,Wrong size
RT-004802,SO-2025-016779,1,2025-11-30,1,Wrong size
RT-004803,SO-2025-017013,1,2025-11-30,1,Defective
RT-004804,SO-2025-017042,3,2025-11-30,3,Wrong size
RT-004805,SO-2025-017115,1,2025-11-30,3,Changed mind
RT-004806,SO-2025-017432,1,2025-11-30,1,Changed mind
RT-004807,SO-2025-016528,1,2025-12-01,1,Wrong size
RT-004808,SO-2025-017644,4,2025-12-01,1,Not as described
RT-004809,SO-2025-015957,1,2025-12-02,1,Wrong size
RT-004810,SO-2025-016148,1,2025-12-02,1,Wrong size
RT-004811,SO-2025-016483,3,2025-12-02,2,Wrong size
RT-004812,SO-2025-017458,2,2025-12-02,3,Defective
RT-004813,SO-2025-016006,2,2025-12-03,6,Wrong size
RT-004814,SO-2025-016038,2,2025-12-03,2,Wrong size
RT-004815,SO-2025-016461,1,2025-12-03,1,Wrong size
RT-004816,SO-2025-016486,2,2025-12-03,1,Defective
RT-004817,SO-2025-016521,1,2025-12-03,1,Damaged in transit
RT-004818,SO-2025-016618,1,2025-12-03,1,Changed mind
RT-004819,SO-2025-017472,3,2025-12-03,1,Defective
RT-004820,SO-2025-017535,1,2025-12-03,1,Not as described
RT-004821,SO-2025-017703,1,2025-12-03,1,Wrong size
RT-004822,SO-2025-016453,1,2025-12-04,1,Wrong size
RT-004823,SO-2025-017146,4,2025-12-04,1,Wrong size
RT-004824,SO-2025-017225,1,2025-12-04,1,Not as described
RT-004825,SO-2025-017304,1,2025-12-04,1,Defective
RT-004826,SO-2025-017721,4,2025-12-04,1,Damaged in transit
RT-004827,SO-2025-017768,1,2025-12-04,1,Damaged in transit
RT-004828,SO-2025-017953,3,2025-12-04,1,Changed mind
RT-004829,SO-2025-017966,1,2025-12-04,1,Wrong size
RT-004830,SO-2025-016225,3,2025-12-05,2,Defective
RT-004831,SO-2025-016357,3,2025-12-05,1,Changed mind
RT-004832,SO-2025-016659,1,2025-12-05,1,Damaged in transit
RT-004833,SO-2025-016804,2,2025-12-05,1,Defective
RT-004834,SO-2025-016958,1,2025-12-05,1,Changed mind
RT-004835,SO-2025-017037,2,2025-12-05,1,Wrong size
RT-004836,SO-2025-017095,1,2025-12-05,1,Changed mind
RT-004837,SO-2025-017121,2,2025-12-05,2,Wrong size
RT-004838,SO-2025-017175,3,2025-12-05,1,Changed mind
RT-004839,SO-2025-017282,1,2025-12-05,2,Not as described
RT-004840,SO-2025-017309,2,2025-12-05,1,Wrong size
RT-004841,SO-2025-017364,1,2025-12-05,1,Changed mind
RT-004842,SO-2025-018062,1,2025-12-05,1,Wrong size
RT-004843,SO-2025-016257,1,2025-12-06,3,Wrong size
RT-004844,SO-2025-016714,1,2025-12-06,1,Wrong size
RT-004845,SO-2025-016747,2,2025-12-06,1,Changed mind
RT-004846,SO-2025-016764,3,2025-12-06,1,Defective
RT-004847,SO-2025-016932,3,2025-12-06,1,Damaged in transit
RT-004848,SO-2025-017056,1,2025-12-06,1,Changed mind
RT-004849,SO-2025-017773,3,2025-12-06,1,Damaged in transit
RT-004850,SO-2025-017797,1,2025-12-06,1,Defective
RT-004851,SO-2025-017843,1,2025-12-06,1,Wrong size
RT-004852,SO-2025-016555,1,2025-12-07,1,Changed mind
RT-004853,SO-2025-016732,1,2025-12-07,2,Defective
RT-004854,SO-2025-016739,1,2025-12-07,1,Damaged in transit
RT-004855,SO-2025-017062,1,2025-12-07,1,Defective
RT-004856,SO-2025-017547,2,2025-12-07,2,Wrong size
RT-004857,SO-2025-017895,4,2025-12-07,1,Defective
RT-004858,SO-2025-017935,3,2025-12-07,1,Wrong size
RT-004859,SO-2025-016772,2,2025-12-08,1,Wrong size
RT-004860,SO-2025-017110,3,2025-12-08,2,Not as described
RT-004861,SO-2025-017750,1,2025-12-08,2,Damaged in transit
RT-004862,SO-2025-017900,3,2025-12-08,1,Wrong size
RT-004863,SO-2025-017909,2,2025-12-08,1,Changed mind
RT-004864,SO-2025-018035,2,2025-12-08,1,Wrong size
RT-004865,SO-2025-018048,2,2025-12-08,1,Defective
RT-004866,SO-2025-018079,1,2025-12-08,2,Changed mind
RT-004867,SO-2025-018143,1,2025-12-08,1,Wrong size
RT-004868,SO-2025-016490,1,2025-12-09,1,Wrong size
RT-004869,SO-2025-016692,2,2025-12-09,1,Defective
RT-004870,SO-2025-016827,3,2025-12-09,2,Defective
RT-004871,SO-2025-017001,1,2025-12-09,1,Defective
RT-004872,SO-2025-017446,2,2025-12-09,1,Damaged in transit
RT-004873,SO-2025-017556,1,2025-12-09,1,Wrong size
RT-004874,SO-2025-017682,4,2025-12-09,1,Not as described
RT-004875,SO-2025-017744,2,2025-12-09,1,Wrong size
RT-004876,SO-2025-017762,2,2025-12-09,1,Damaged in transit
RT-004877,SO-2025-018014,1,2025-12-09,1,Changed mind
RT-004878,SO-2025-018109,1,2025-12-09,1,Wrong size
RT-004879,SO-2025-018167,1,2025-12-09,1,Not as described
RT-004880,SO-2025-016416,2,2025-12-10,1,Damaged in transit
RT-004881,SO-2025-016629,3,2025-12-10,1,Wrong size
RT-004882,SO-2025-016667,1,2025-12-10,1,Changed mind
RT-004883,SO-2025-016743,1,2025-12-10,1,Changed mind
RT-004884,SO-2025-017063,3,2025-12-10,1,Not as described
RT-004885,SO-2025-017089,1,2025-12-10,1,Not as described
RT-004886,SO-2025-017243,2,2025-12-10,3,Wrong size
RT-004887,SO-2025-017911,1,2025-12-10,1,Wrong size
RT-004888,SO-2025-017911,3,2025-12-10,1,Wrong size
RT-004889,SO-2025-017968,3,2025-12-10,1,Wrong size
RT-004890,SO-2025-017613,1,2025-12-11,1,Wrong size
RT-004891,SO-2025-017892,2,2025-12-11,4,Not as described
RT-004892,SO-2025-018320,1,2025-12-11,1,Wrong size
RT-004893,SO-2025-018400,2,2025-12-11,1,Wrong size
RT-004894,SO-2025-017438,1,2025-12-12,1,Defective
RT-004895,SO-2025-017447,1,2025-12-12,2,Damaged in transit
RT-004896,SO-2025-017457,1,2025-12-12,1,Not as described
RT-004897,SO-2025-017526,1,2025-12-12,2,Wrong size
RT-004898,SO-2025-017721,3,2025-12-12,1,Defective
RT-004899,SO-2025-017754,1,2025-12-12,2,Changed mind
RT-004900,SO-2025-018336,2,2025-12-12,1,Changed mind
RT-004901,SO-2025-016577,1,2025-12-13,1,Wrong size
RT-004902,SO-2025-017067,2,2025-12-13,1,Defective
RT-004903,SO-2025-017217,2,2025-12-13,1,Wrong size
RT-004904,SO-2025-017436,2,2025-12-13,1,Defective
RT-004905,SO-2025-017728,4,2025-12-13,1,Defective
RT-004906,SO-2025-018025,1,2025-12-13,2,Changed mind
RT-004907,SO-2025-018581,2,2025-12-13,1,Defective
RT-004908,SO-2025-016679,1,2025-12-14,1,Changed mind
RT-004909,SO-2025-016849,1,2025-12-14,1,Defective
RT-004910,SO-2025-016876,3,2025-12-14,1,Defective
RT-004911,SO-2025-016922,2,2025-12-14,2,Damaged in transit
RT-004912,SO-2025-017200,1,2025-12-14,1,Changed mind
RT-004913,SO-2025-017800,2,2025-12-14,1,Damaged in transit
RT-004914,SO-2025-017962,1,2025-12-14,1,Defective
RT-004915,SO-2025-018189,1,2025-12-14,1,Changed mind
RT-004916,SO-2025-018474,1,2025-12-14,1,Wrong size
RT-004917,SO-2025-017049,1,2025-12-15,1,Damaged in transit
RT-004918,SO-2025-017301,1,2025-12-15,1,Changed mind
RT-004919,SO-2025-017565,2,2025-12-15,1,Defective
RT-004920,SO-2025-017855,3,2025-12-15,1,Damaged in transit
RT-004921,SO-2025-018087,2,2025-12-15,1,Wrong size
RT-004922,SO-2025-018703,1,2025-12-15,1,Wrong size
RT-004923,SO-2025-016856,1,2025-12-16,1,Wrong size
RT-004924,SO-2025-017368,1,2025-12-16,2,Defective
RT-004925,SO-2025-017510,2,2025-12-16,1,Not as described
RT-004926,SO-2025-017521,1,2025-12-16,2,Wrong size
RT-004927,SO-2025-018249,1,2025-12-16,1,Defective
RT-004928,SO-2025-018613,1,2025-12-16,2,Wrong size
RT-004929,SO-2025-017423,2,2025-12-17,1,Wrong size
RT-004930,SO-2025-017875,3,2025-12-17,1,Changed mind
RT-004931,SO-2025-017963,1,2025-12-17,2,Defective
RT-004932,SO-2025-018298,1,2025-12-17,1,Wrong size
RT-004933,SO-2025-018392,1,2025-12-17,1,Changed mind
RT-004934,SO-2025-017018,1,2025-12-18,2,Changed mind
RT-004935,SO-2025-017735,1,2025-12-18,1,Defective
RT-004936,SO-2025-017798,3,2025-12-18,3,Wrong size
RT-004937,SO-2025-017846,1,2025-12-18,1,Wrong size
RT-004938,SO-2025-017945,3,2025-12-18,3,Damaged in transit
RT-004939,SO-2025-017956,1,2025-12-18,2,Wrong size
RT-004940,SO-2025-018084,2,2025-12-18,1,Not as described
RT-004941,SO-2025-018125,3,2025-12-18,1,Changed mind
RT-004942,SO-2025-018145,1,2025-12-18,1,Wrong size
RT-004943,SO-2025-017084,1,2025-12-19,1,Wrong size
RT-004944,SO-2025-017417,1,2025-12-19,1,Wrong size
RT-004945,SO-2025-017466,2,2025-12-19,1,Defective
RT-004946,SO-2025-017607,1,2025-12-19,4,Changed mind
RT-004947,SO-2025-017926,2,2025-12-19,1,Wrong size
RT-004948,SO-2025-018480,3,2025-12-19,1,Defective
RT-004949,SO-2025-018526,1,2025-12-19,3,Wrong size
RT-004950,SO-2025-018582,2,2025-12-19,1,Changed mind
RT-004951,SO-2025-018691,2,2025-12-19,2,Defective
RT-004952,SO-2025-018882,3,2025-12-19,2,Not as described
RT-004953,SO-2025-017256,2,2025-12-20,1,Not as described
RT-004954,SO-2025-017555,2,2025-12-20,1,Changed mind
RT-004955,SO-2025-017718,1,2025-12-20,1,Not as described
RT-004956,SO-2025-018057,2,2025-12-20,1,Changed mind
RT-004957,SO-2025-017725,3,2025-12-21,2,Changed mind
RT-004958,SO-2025-018124,1,2025-12-21,1,Defective
RT-004959,SO-2025-018175,1,2025-12-21,1,Wrong size
RT-004960,SO-2025-018354,1,2025-12-21,1,Changed mind
RT-004961,SO-2025-018425,2,2025-12-21,1,Changed mind
RT-004962,SO-2025-018588,1,2025-12-21,1,Wrong size
RT-004963,SO-2025-018625,1,2025-12-21,1,Wrong size
RT-004964,SO-2025-018790,2,2025-12-21,1,Wrong size
RT-004965,SO-2025-018901,1,2025-12-21,2,Wrong size
RT-004966,SO-2025-019100,2,2025-12-21,1,Wrong size
RT-004967,SO-2025-017483,1,2025-12-22,2,Not as described
RT-004968,SO-2025-017579,2,2025-12-22,1,Defective
RT-004969,SO-2025-017693,1,2025-12-22,1,Wrong size
RT-004970,SO-2025-017792,2,2025-12-22,1,Defective
RT-004971,SO-2025-017845,2,2025-12-22,1,Wrong size
RT-004972,SO-2025-017861,1,2025-12-22,2,Not as described
RT-004973,SO-2025-017920,2,2025-12-22,1,Not as described
RT-004974,SO-2025-017928,2,2025-12-22,1,Not as described
RT-004975,SO-2025-018059,2,2025-12-22,1,Not as described
RT-004976,SO-2025-018090,2,2025-12-22,1,Changed mind
RT-004977,SO-2025-018170,2,2025-12-22,1,Damaged in transit
RT-004978,SO-2025-018281,3,2025-12-22,1,Changed mind
RT-004979,SO-2025-018283,2,2025-12-22,2,Changed mind
RT-004980,SO-2025-018740,1,2025-12-22,1,Defective
RT-004981,SO-2025-019093,1,2025-12-22,2,Changed mind
RT-004982,SO-2025-017313,1,2025-12-23,1,Defective
RT-004983,SO-2025-017655,1,2025-12-23,1,Wrong size
RT-004984,SO-2025-017993,1,2025-12-23,1,Changed mind
RT-004985,SO-2025-018023,2,2025-12-23,1,Not as described
RT-004986,SO-2025-018782,1,2025-12-23,3,Wrong size
RT-004987,SO-2025-018796,1,2025-12-23,1,Changed mind
RT-004988,SO-2025-018854,1,2025-12-23,1,Defective
RT-004989,SO-2025-019334,1,2025-12-23,1,Wrong size
RT-004990,SO-2025-017368,2,2025-12-24,5,Wrong size
RT-004991,SO-2025-017379,1,2025-12-24,1,Wrong size
RT-004992,SO-2025-017541,2,2025-12-24,1,Not as described
RT-004993,SO-2025-017677,2,2025-12-24,1,Not as described
RT-004994,SO-2025-018003,1,2025-12-24,1,Wrong size
RT-004995,SO-2025-018210,1,2025-12-24,1,Not as described
RT-004996,SO-2025-018226,1,2025-12-24,1,Defective
RT-004997,SO-2025-018295,4,2025-12-24,1,Not as described
RT-004998,SO-2025-018448,2,2025-12-24,1,Wrong size
RT-004999,SO-2025-019088,1,2025-12-24,1,Not as described
RT-005000,SO-2025-019266,1,2025-12-24,2,Changed mind
RT-005001,SO-2025-017350,1,2025-12-25,1,Not as described
RT-005002,SO-2025-017604,1,2025-12-25,1,Defective
RT-005003,SO-2025-017806,2,2025-12-25,1,Wrong size
RT-005004,SO-2025-017833,1,2025-12-25,1,Wrong size
RT-005005,SO-2025-017880,1,2025-12-25,1,Changed mind
RT-005006,SO-2025-018938,1,2025-12-25,1,Wrong size
RT-005007,SO-2025-018984,1,2025-12-25,2,Wrong size
RT-005008,SO-2025-017425,2,2025-12-26,3,Wrong size
RT-005009,SO-2025-017582,2,2025-12-26,1,Changed mind
RT-005010,SO-2025-017644,3,2025-12-26,2,Defective
RT-005011,SO-2025-017774,1,2025-12-26,2,Changed mind
RT-005012,SO-2025-018092,1,2025-12-26,1,Defective
RT-005013,SO-2025-018115,1,2025-12-26,1,Not as described
RT-005014,SO-2025-018209,1,2025-12-26,1,Not as described
RT-005015,SO-2025-018352,2,2025-12-26,1,Changed mind
RT-005016,SO-2025-018825,4,2025-12-26,1,Not as described
RT-005017,SO-2025-018899,1,2025-12-26,2,Changed mind
RT-005018,SO-2025-018954,1,2025-12-26,1,Defective
RT-005019,SO-2025-019147,1,2025-12-26,1,Changed mind
RT-005020,SO-2025-019172,1,2025-12-26,1,Changed mind
RT-005021,SO-2025-019501,1,2025-12-26,1,Wrong size
RT-005022,SO-2025-017443,1,2025-12-27,1,Damaged in transit
RT-005023,SO-2025-017592,2,2025-12-27,3,Changed mind
RT-005024,SO-2025-017662,2,2025-12-27,1,Defective
RT-005025,SO-2025-017782,2,2025-12-27,3,Changed mind
RT-005026,SO-2025-018104,1,2025-12-27,2,Not as described
RT-005027,SO-2025-018282,1,2025-12-27,2,Defective
RT-005028,SO-2025-018299,1,2025-12-27,2,Changed mind
RT-005029,SO-2025-018328,1,2025-12-27,1,Not as described
RT-005030,SO-2025-018385,1,2025-12-27,1,Damaged in transit
RT-005031,SO-2025-018438,1,2025-12-27,1,Wrong size
RT-005032,SO-2025-018795,1,2025-12-27,2,Damaged in transit
RT-005033,SO-2025-019034,3,2025-12-27,1,Defective
RT-005034,SO-2025-019146,1,2025-12-27,3,Not as described
RT-005035,SO-2025-019310,1,2025-12-27,1,Changed mind
RT-005036,SO-2025-017688,1,2025-12-28,1,Changed mind
RT-005037,SO-2025-018036,1,2025-12-28,1,Changed mind
RT-005038,SO-2025-018580,1,2025-12-28,1,Defective
RT-005039,SO-2025-018584,3,2025-12-28,1,Not as described
RT-005040,SO-2025-018748,1,2025-12-28,2,Changed mind
RT-005041,SO-2025-019314,1,2025-12-28,2,Damaged in transit
RT-005042,SO-2025-019607,1,2025-12-28,1,Defective
RT-005043,SO-2025-018332,1,2025-12-29,2,Wrong size
RT-005044,SO-2025-018597,1,2025-12-29,2,Changed mind
RT-005045,SO-2025-018866,1,2025-12-29,1,Wrong size
RT-005046,SO-2025-019098,2,2025-12-29,3,Wrong size
RT-005047,SO-2025-019221,2,2025-12-29,1,Defective
RT-005048,SO-2025-017891,1,2025-12-30,1,Wrong size
RT-005049,SO-2025-018010,1,2025-12-30,1,Changed mind
RT-005050,SO-2025-018210,2,2025-12-30,1,Wrong size
RT-005051,SO-2025-018598,1,2025-12-30,1,Wrong size
RT-005052,SO-2025-018638,3,2025-12-30,2,Wrong size
RT-005053,SO-2025-018798,1,2025-12-30,1,Changed mind
RT-005054,SO-2025-018830,2,2025-12-30,1,Changed mind
RT-005055,SO-2025-019270,3,2025-12-30,2,Wrong size
RT-005056,SO-2025-019434,2,2025-12-30,2,Changed mind
RT-005057,SO-2025-019722,2,2025-12-30,1,Changed mind
RT-005058,SO-2025-018644,1,2025-12-31,1,Not as described
RT-005059,SO-2025-018763,1,2025-12-31,4,Damaged in transit
RT-005060,SO-2025-018788,2,2025-12-31,2,Not as described
RT-005061,SO-2025-018956,1,2025-12-31,1,Wrong size
RT-005062,SO-2025-019033,3,2025-12-31,1,Changed mind
RT-005063,SO-2025-019222,1,2025-12-31,3,Defective
RT-005064,SO-2025-019251,2,2025-12-31,2,Changed mind
RT-005065,SO-2025-019510,1,2025-12-31,1,Wrong size
RT-005066,SO-2025-019515,1,2025-12-31,1,Wrong size
RT-005067,SO-2025-018036,3,2026-01-01,1,Damaged in transit
RT-005068,SO-2025-018219,1,2026-01-01,1,Damaged in transit
RT-005069,SO-2025-018319,1,2026-01-01,1,Defective
RT-005070,SO-2025-018337,1,2026-01-01,1,Changed mind
RT-005071,SO-2025-018657,2,2026-01-01,1,Not as described
RT-005072,SO-2025-018783,2,2026-01-01,2,Changed mind
RT-005073,SO-2025-018799,1,2026-01-01,1,Changed mind
RT-005074,SO-2025-019371,1,2026-01-01,1,Wrong size
RT-005075,SO-2025-019407,1,2026-01-01,1,Wrong size
RT-005076,SO-2025-019570,1,2026-01-01,1,Changed mind
RT-005077,SO-2025-019649,1,2026-01-01,1,Defective
RT-005078,SO-2025-018322,4,2026-01-02,1,Changed mind
RT-005079,SO-2025-018623,1,2026-01-02,1,Not as described
RT-005080,SO-2025-018647,1,2026-01-02,2,Wrong size
RT-005081,SO-2025-018847,1,2026-01-02,1,Defective
RT-005082,SO-2025-019092,2,2026-01-02,1,Wrong size
RT-005083,SO-2025-019103,2,2026-01-02,1,Changed mind
RT-005084,SO-2025-019171,2,2026-01-02,1,Wrong size
RT-005085,SO-2025-019383,1,2026-01-02,1,Wrong size
RT-005086,SO-2025-018173,2,2026-01-03,1,Not as described
RT-005087,SO-2025-018263,1,2026-01-03,1,Wrong size
RT-005088,SO-2025-019170,1,2026-01-03,2,Wrong size
RT-005089,SO-2025-019239,3,2026-01-03,1,Wrong size
RT-005090,SO-2025-019366,3,2026-01-03,2,Changed mind
RT-005091,SO-2025-019387,2,2026-01-03,2,Changed mind
RT-005092,SO-2025-018668,1,2026-01-04,1,Damaged in transit
RT-005093,SO-2025-018939,1,2026-01-04,2,Wrong size
RT-005094,SO-2025-019226,1,2026-01-04,2,Wrong size
RT-005095,SO-2025-019295,1,2026-01-04,1,Wrong size
RT-005096,SO-2025-019306,1,2026-01-04,1,Wrong size
RT-005097,SO-2026-000038,2,2026-01-04,1,Wrong size
RT-005098,SO-2025-018432,2,2026-01-05,1,Wrong size
RT-005099,SO-2025-018809,1,2026-01-05,1,Wrong size
RT-005100,SO-2025-019043,1,2026-01-05,1,Not as described
RT-005101,SO-2025-019400,3,2026-01-05,1,Changed mind
RT-005102,SO-2025-019552,1,2026-01-05,1,Not as described
RT-005103,SO-2025-019598,1,2026-01-05,2,Changed mind
RT-005104,SO-2025-019848,1,2026-01-05,1,Wrong size
RT-005105,SO-2025-019002,1,2026-01-06,1,Changed mind
RT-005106,SO-2025-019148,2,2026-01-06,1,Wrong size
RT-005107,SO-2025-019420,2,2026-01-06,1,Defective
RT-005108,SO-2025-019557,1,2026-01-06,1,Changed mind
RT-005109,SO-2025-019785,1,2026-01-06,2,Changed mind
RT-005110,SO-2025-019879,1,2026-01-06,2,Wrong size
RT-005111,SO-2026-000003,1,2026-01-06,1,Not as described
RT-005112,SO-2025-018447,1,2026-01-07,1,Not as described
RT-005113,SO-2025-018514,2,2026-01-07,1,Defective
RT-005114,SO-2025-018558,1,2026-01-07,2,Wrong size
RT-005115,SO-2025-018751,1,2026-01-07,2,Changed mind
RT-005116,SO-2025-018823,1,2026-01-07,1,Wrong size
RT-005117,SO-2025-019610,1,2026-01-07,1,Wrong size
RT-005118,SO-2025-019765,2,2026-01-07,1,Defective
RT-005119,SO-2025-019792,1,2026-01-07,1,Wrong size
RT-005120,SO-2025-018632,4,2026-01-08,2,Wrong size
RT-005121,SO-2025-018934,1,2026-01-08,2,Changed mind
RT-005122,SO-2025-019416,2,2026-01-08,2,Changed mind
RT-005123,SO-2025-019713,3,2026-01-08,2,Wrong size
RT-005124,SO-2025-018715,2,2026-01-09,2,Wrong size
RT-005125,SO-2025-019023,2,2026-01-09,1,Wrong size
RT-005126,SO-2025-019034,1,2026-01-09,1,Changed mind
RT-005127,SO-2025-019165,3,2026-01-09,1,Wrong size
RT-005128,SO-2025-019388,1,2026-01-09,1,Not as described
RT-005129,SO-2025-019547,2,2026-01-09,1,Wrong size
RT-005130,SO-2025-019666,3,2026-01-09,3,Changed mind
RT-005131,SO-2025-018794,2,2026-01-10,1,Defective
RT-005132,SO-2025-019079,1,2026-01-10,1,Wrong size
RT-005133,SO-2025-019175,1,2026-01-10,1,Wrong size
RT-005134,SO-2025-019609,1,2026-01-10,1,Wrong size
RT-005135,SO-2025-018703,3,2026-01-11,3,Wrong size
RT-005136,SO-2025-018771,1,2026-01-11,3,Defective
RT-005137,SO-2025-019754,1,2026-01-11,1,Changed mind
RT-005138,SO-2025-018743,3,2026-01-12,2,Defective
RT-005139,SO-2025-018861,2,2026-01-12,3,Damaged in transit
RT-005140,SO-2025-019072,1,2026-01-12,2,Wrong size
RT-005141,SO-2025-019481,1,2026-01-12,1,Changed mind
RT-005142,SO-2025-019730,1,2026-01-12,1,Wrong size
RT-005143,SO-2025-019082,4,2026-01-13,1,Damaged in transit
RT-005144,SO-2025-019284,1,2026-01-13,1,Changed mind
RT-005145,SO-2025-019508,2,2026-01-13,4,Damaged in transit
RT-005146,SO-2026-000021,2,2026-01-13,1,Wrong size
RT-005147,SO-2025-019440,1,2026-01-14,2,Damaged in transit
RT-005148,SO-2025-019626,1,2026-01-14,1,Changed mind
RT-005149,SO-2026-000050,1,2026-01-14,2,Damaged in transit
RT-005150,SO-2025-019854,1,2026-01-15,1,Changed mind
RT-005151,SO-2025-019167,1,2026-01-16,1,Defective
RT-005152,SO-2025-019895,1,2026-01-16,1,Not as described
RT-005153,SO-2026-000004,1,2026-01-16,1,Wrong size
RT-005154,SO-2026-000052,3,2026-01-16,1,Wrong size
RT-005155,SO-2026-000152,1,2026-01-16,1,Changed mind
RT-005156,SO-2025-019127,3,2026-01-17,1,Changed mind
RT-005157,SO-2025-019243,1,2026-01-17,2,Wrong size
RT-005158,SO-2025-019718,4,2026-01-17,1,Wrong size
RT-005159,SO-2025-019881,1,2026-01-17,2,Wrong size
RT-005160,SO-2026-000263,1,2026-01-17,1,Wrong size
RT-005161,SO-2025-019115,1,2026-01-18,2,Changed mind
RT-005162,SO-2025-019734,2,2026-01-18,2,Changed mind
RT-005163,SO-2025-019824,1,2026-01-18,1,Wrong size
RT-005164,SO-2026-000090,3,2026-01-18,1,Wrong size
RT-005165,SO-2026-000164,1,2026-01-19,1,Wrong size
RT-005166,SO-2026-000347,1,2026-01-19,1,Changed mind
RT-005167,SO-2026-000481,2,2026-01-19,1,Defective
RT-005168,SO-2025-019288,1,2026-01-20,1,Defective
RT-005169,SO-2025-019642,2,2026-01-20,2,Wrong size
RT-005170,SO-2026-000465,2,2026-01-20,1,Defective
RT-005171,SO-2025-019412,3,2026-01-21,1,Defective
RT-005172,SO-2025-019423,1,2026-01-21,1,Not as described
RT-005173,SO-2025-019497,1,2026-01-21,2,Changed mind
RT-005174,SO-2026-000030,1,2026-01-21,1,Changed mind
RT-005175,SO-2026-000171,1,2026-01-21,2,Defective
RT-005176,SO-2026-000199,2,2026-01-21,1,Changed mind
RT-005177,SO-2026-000356,3,2026-01-21,1,Defective
RT-005178,SO-2025-019435,2,2026-01-22,1,Wrong size
RT-005179,SO-2026-000195,4,2026-01-22,1,Changed mind
RT-005180,SO-2026-000377,3,2026-01-22,1,Changed mind
RT-005181,SO-2025-019679,1,2026-01-23,1,Wrong size
RT-005182,SO-2025-019864,1,2026-01-23,1,Defective
RT-005183,SO-2026-000104,1,2026-01-23,1,Defective
RT-005184,SO-2025-019889,1,2026-01-24,1,Defective
RT-005185,SO-2026-000052,2,2026-01-24,4,Changed mind
RT-005186,SO-2026-000369,1,2026-01-24,1,Wrong size
RT-005187,SO-2025-019729,2,2026-01-25,1,Defective
RT-005188,SO-2025-019751,1,2026-01-25,1,Damaged in transit
RT-005189,SO-2025-019776,1,2026-01-25,1,Not as described
RT-005190,SO-2025-019822,3,2026-01-25,1,Wrong size
RT-005191,SO-2026-000043,1,2026-01-25,1,Defective
RT-005192,SO-2026-000116,2,2026-01-26,1,Not as described
RT-005193,SO-2026-000368,2,2026-01-26,1,Wrong size
RT-005194,SO-2026-000518,3,2026-01-26,1,Wrong size
RT-005195,SO-2026-000569,1,2026-01-26,1,Not as described
RT-005196,SO-2026-000099,2,2026-01-27,1,Changed mind
RT-005197,SO-2026-000276,1,2026-01-27,1,Not as described
RT-005198,SO-2026-000598,1,2026-01-27,1,Wrong size
RT-005199,SO-2026-000056,1,2026-01-28,5,Damaged in transit
RT-005200,SO-2026-000696,1,2026-01-28,1,Wrong size
RT-005201,SO-2026-000147,1,2026-01-29,1,Defective
RT-005202,SO-2026-000196,1,2026-01-29,2,Wrong size
RT-005203,SO-2026-000287,1,2026-01-29,4,Changed mind
RT-005204,SO-2026-000422,3,2026-01-29,2,Wrong size
RT-005205,SO-2026-000689,1,2026-01-29,1,Not as described
RT-005206,SO-2025-019877,1,2026-01-30,1,Damaged in transit
RT-005207,SO-2026-000149,1,2026-01-30,1,Wrong size
RT-005208,SO-2026-000188,1,2026-01-30,1,Wrong size
RT-005209,SO-2026-000300,1,2026-01-30,1,Defective
RT-005210,SO-2026-000019,3,2026-01-31,2,Wrong size
RT-005211,SO-2026-000109,3,2026-02-01,2,Defective
RT-005212,SO-2026-000111,1,2026-02-01,3,Wrong size
RT-005213,SO-2026-000473,1,2026-02-02,1,Wrong size
RT-005214,SO-2026-000569,3,2026-02-02,1,Wrong size
RT-005215,SO-2026-000667,2,2026-02-02,1,Defective
RT-005216,SO-2026-000707,1,2026-02-02,2,Not as described
RT-005217,SO-2026-000778,1,2026-02-02,1,Wrong size
RT-005218,SO-2026-000595,2,2026-02-03,1,Damaged in transit
RT-005219,SO-2026-000700,1,2026-02-03,1,Defective
RT-005220,SO-2026-000258,1,2026-02-04,1,Wrong size
RT-005221,SO-2026-000453,1,2026-02-04,1,Not as described
RT-005222,SO-2026-000671,1,2026-02-05,3,Changed mind
RT-005223,SO-2026-000719,2,2026-02-05,1,Changed mind
RT-005224,SO-2026-000275,3,2026-02-06,1,Wrong size
RT-005225,SO-2026-000495,2,2026-02-06,1,Damaged in transit
RT-005226,SO-2026-000882,2,2026-02-06,1,Wrong size
RT-005227,SO-2026-000255,2,2026-02-07,1,Changed mind
RT-005228,SO-2026-000262,1,2026-02-07,1,Wrong size
RT-005229,SO-2026-000491,1,2026-02-07,1,Changed mind
RT-005230,SO-2026-000736,1,2026-02-07,21,Damaged in transit
RT-005231,SO-2026-000432,2,2026-02-08,2,Wrong size
RT-005232,SO-2026-000565,2,2026-02-08,1,Defective
RT-005233,SO-2026-000483,1,2026-02-09,1,Wrong size
RT-005234,SO-2026-000617,2,2026-02-09,3,Changed mind
RT-005235,SO-2026-000839,1,2026-02-09,2,Defective
RT-005236,SO-2026-000984,1,2026-02-09,1,Damaged in transit
RT-005237,SO-2026-000985,1,2026-02-09,1,Changed mind
RT-005238,SO-2026-000351,2,2026-02-10,1,Defective
RT-005239,SO-2026-000624,1,2026-02-10,1,Defective
RT-005240,SO-2026-000735,4,2026-02-10,2,Defective
RT-005241,SO-2026-000803,4,2026-02-10,1,Wrong size
RT-005242,SO-2026-000695,1,2026-02-11,3,Changed mind
RT-005243,SO-2026-001067,2,2026-02-11,1,Changed mind
RT-005244,SO-2026-000416,2,2026-02-12,1,Changed mind
RT-005245,SO-2026-000771,1,2026-02-12,1,Wrong size
RT-005246,SO-2026-001093,2,2026-02-12,1,Defective
RT-005247,SO-2026-000660,2,2026-02-13,1,Changed mind
RT-005248,SO-2026-000944,1,2026-02-13,1,Changed mind
RT-005249,SO-2026-000997,2,2026-02-13,1,Wrong size
RT-005250,SO-2026-001135,2,2026-02-13,4,Defective
RT-005251,SO-2026-001196,2,2026-02-13,8,Changed mind
RT-005252,SO-2026-000525,1,2026-02-14,1,Damaged in transit
RT-005253,SO-2026-000770,4,2026-02-14,2,Wrong size
RT-005254,SO-2026-000779,3,2026-02-14,2,Defective
RT-005255,SO-2026-000868,2,2026-02-14,1,Defective
RT-005256,SO-2026-000872,1,2026-02-14,1,Defective
RT-005257,SO-2026-000898,2,2026-02-14,1,Not as described
RT-005258,SO-2026-000914,2,2026-02-14,1,Wrong size
RT-005259,SO-2026-000987,1,2026-02-14,1,Changed mind
RT-005260,SO-2026-001091,1,2026-02-14,2,Wrong size
RT-005261,SO-2026-000730,1,2026-02-15,1,Damaged in transit
RT-005262,SO-2026-000735,3,2026-02-15,1,Wrong size
RT-005263,SO-2026-001156,2,2026-02-15,2,Defective
RT-005264,SO-2026-001231,1,2026-02-15,2,Changed mind
RT-005265,SO-2026-001265,3,2026-02-15,2,Defective
RT-005266,SO-2026-000490,3,2026-02-16,1,Wrong size
RT-005267,SO-2026-000621,1,2026-02-16,1,Defective
RT-005268,SO-2026-000778,2,2026-02-17,2,Changed mind
RT-005269,SO-2026-000939,1,2026-02-17,1,Not as described
RT-005270,SO-2026-001197,2,2026-02-17,1,Wrong size
RT-005271,SO-2026-001122,1,2026-02-18,1,Defective
RT-005272,SO-2026-000865,3,2026-02-19,1,Defective
RT-005273,SO-2026-001003,1,2026-02-19,1,Wrong size
RT-005274,SO-2026-001029,3,2026-02-19,1,Defective
RT-005275,SO-2026-001213,1,2026-02-19,1,Defective
RT-005276,SO-2026-000608,1,2026-02-20,2,Not as described
RT-005277,SO-2026-000876,1,2026-02-20,2,Damaged in transit
RT-005278,SO-2026-000910,2,2026-02-20,1,Wrong size
RT-005279,SO-2026-000936,1,2026-02-20,1,Changed mind
RT-005280,SO-2026-001333,1,2026-02-20,1,Defective
RT-005281,SO-2026-001400,2,2026-02-20,2,Damaged in transit
RT-005282,SO-2026-000611,1,2026-02-21,1,Defective
RT-005283,SO-2026-001431,2,2026-02-21,1,Changed mind
RT-005284,SO-2026-000742,1,2026-02-22,2,Defective
RT-005285,SO-2026-000756,1,2026-02-22,1,Wrong size
RT-005286,SO-2026-000759,1,2026-02-22,1,Changed mind
RT-005287,SO-2026-000854,1,2026-02-22,5,Damaged in transit
RT-005288,SO-2026-000913,1,2026-02-22,1,Wrong size
RT-005289,SO-2026-001272,2,2026-02-22,1,Damaged in transit
RT-005290,SO-2026-000854,2,2026-02-23,5,Wrong size
RT-005291,SO-2026-000679,2,2026-02-24,1,Defective
RT-005292,SO-2026-000831,3,2026-02-24,1,Changed mind
RT-005293,SO-2026-001358,3,2026-02-24,1,Changed mind
RT-005294,SO-2026-001216,1,2026-02-25,1,Changed mind
RT-005295,SO-2026-000875,1,2026-02-26,1,Wrong size
RT-005296,SO-2026-000963,3,2026-02-26,1,Changed mind
RT-005297,SO-2026-001169,3,2026-02-26,2,Defective
RT-005298,SO-2026-001504,1,2026-02-26,1,Changed mind
RT-005299,SO-2026-001564,1,2026-02-26,1,Not as described
RT-005300,SO-2026-000856,1,2026-02-27,1,Changed mind
RT-005301,SO-2026-001363,1,2026-02-27,1,Damaged in transit
RT-005302,SO-2026-001585,4,2026-02-27,1,Damaged in transit
RT-005303,SO-2026-001117,1,2026-02-28,1,Wrong size
RT-005304,SO-2026-001595,1,2026-02-28,1,Defective
RT-005305,SO-2026-001191,2,2026-03-01,1,Changed mind
RT-005306,SO-2026-001301,1,2026-03-01,1,Not as described
RT-005307,SO-2026-001441,2,2026-03-01,2,Wrong size
RT-005308,SO-2026-001520,2,2026-03-01,1,Changed mind
RT-005309,SO-2026-000891,1,2026-03-02,3,Wrong size
RT-005310,SO-2026-000957,3,2026-03-02,1,Wrong size
RT-005311,SO-2026-001113,1,2026-03-02,1,Wrong size
RT-005312,SO-2026-001489,2,2026-03-02,2,Changed mind
RT-005313,SO-2026-001533,1,2026-03-02,1,Changed mind
RT-005314,SO-2026-001596,1,2026-03-02,4,Not as described
RT-005315,SO-2026-001622,1,2026-03-02,1,Wrong size
RT-005316,SO-2026-001652,1,2026-03-02,2,Defective
RT-005317,SO-2026-001264,1,2026-03-03,2,Wrong size
RT-005318,SO-2026-000983,1,2026-03-04,3,Wrong size
RT-005319,SO-2026-001040,1,2026-03-04,1,Changed mind
RT-005320,SO-2026-001341,2,2026-03-04,1,Changed mind
RT-005321,SO-2026-001573,1,2026-03-04,1,Wrong size
RT-005322,SO-2026-001758,1,2026-03-05,1,Wrong size
RT-005323,SO-2026-001794,1,2026-03-05,4,Defective
RT-005324,SO-2026-001890,3,2026-03-05,1,Not as described
RT-005325,SO-2026-001135,3,2026-03-06,1,Changed mind
RT-005326,SO-2026-001135,4,2026-03-06,1,Changed mind
RT-005327,SO-2026-001426,1,2026-03-06,1,Wrong size
RT-005328,SO-2026-001529,1,2026-03-06,1,Changed mind
RT-005329,SO-2026-001810,1,2026-03-06,1,Defective
RT-005330,SO-2026-001854,1,2026-03-06,2,Wrong size
RT-005331,SO-2026-001194,2,2026-03-07,1,Not as described
RT-005332,SO-2026-001259,2,2026-03-07,2,Wrong size
RT-005333,SO-2026-001305,2,2026-03-07,1,Changed mind
RT-005334,SO-2026-001612,1,2026-03-07,3,Wrong size
RT-005335,SO-2026-001797,1,2026-03-07,1,Changed mind
RT-005336,SO-2026-001068,1,2026-03-08,1,Changed mind
RT-005337,SO-2026-001659,2,2026-03-08,1,Wrong size
RT-005338,SO-2026-001754,1,2026-03-08,2,Defective
RT-005339,SO-2026-001290,1,2026-03-09,1,Not as described
RT-005340,SO-2026-001734,1,2026-03-09,4,Wrong size
RT-005341,SO-2026-001954,1,2026-03-09,2,Changed mind
RT-005342,SO-2026-001613,1,2026-03-10,1,Not as described
RT-005343,SO-2026-001890,1,2026-03-10,1,Changed mind
RT-005344,SO-2026-002026,1,2026-03-10,1,Defective
RT-005345,SO-2026-002038,1,2026-03-10,1,Damaged in transit
RT-005346,SO-2026-001261,1,2026-03-11,1,Defective
RT-005347,SO-2026-001372,1,2026-03-11,1,Changed mind
RT-005348,SO-2026-001923,1,2026-03-11,1,Not as described
RT-005349,SO-2026-002119,1,2026-03-11,1,Wrong size
RT-005350,SO-2026-002200,1,2026-03-11,1,Changed mind
RT-005351,SO-2026-001378,1,2026-03-12,3,Wrong size
RT-005352,SO-2026-001862,2,2026-03-12,1,Not as described
RT-005353,SO-2026-001462,1,2026-03-13,1,Changed mind
RT-005354,SO-2026-001508,4,2026-03-13,1,Wrong size
RT-005355,SO-2026-001583,2,2026-03-13,1,Not as described
RT-005356,SO-2026-001319,4,2026-03-14,1,Wrong size
RT-005357,SO-2026-001818,3,2026-03-14,2,Not as described
RT-005358,SO-2026-002086,1,2026-03-14,2,Defective
RT-005359,SO-2026-002231,2,2026-03-15,2,Wrong size
RT-005360,SO-2026-001455,2,2026-03-16,1,Not as described
RT-005361,SO-2026-001723,1,2026-03-16,3,Wrong size
RT-005362,SO-2026-001999,1,2026-03-16,1,Changed mind
RT-005363,SO-2026-001336,3,2026-03-17,1,Wrong size
RT-005364,SO-2026-001590,1,2026-03-17,1,Wrong size
RT-005365,SO-2026-001786,1,2026-03-17,1,Damaged in transit
RT-005366,SO-2026-002045,1,2026-03-17,1,Wrong size
RT-005367,SO-2026-002194,1,2026-03-17,2,Damaged in transit
RT-005368,SO-2026-002309,1,2026-03-17,6,Changed mind
RT-005369,SO-2026-002355,2,2026-03-17,1,Not as described
RT-005370,SO-2026-001353,1,2026-03-18,2,Wrong size
RT-005371,SO-2026-001459,1,2026-03-18,1,Changed mind
RT-005372,SO-2026-001916,1,2026-03-18,1,Damaged in transit
RT-005373,SO-2026-002075,2,2026-03-18,1,Defective
RT-005374,SO-2026-002178,1,2026-03-18,1,Changed mind
RT-005375,SO-2026-002184,3,2026-03-18,3,Wrong size
RT-005376,SO-2026-002369,1,2026-03-18,1,Damaged in transit
RT-005377,SO-2026-002273,2,2026-03-19,2,Defective
RT-005378,SO-2026-002320,1,2026-03-19,1,Not as described
RT-005379,SO-2026-002512,1,2026-03-19,1,Not as described
RT-005380,SO-2026-001715,1,2026-03-20,3,Changed mind
RT-005381,SO-2026-002337,1,2026-03-20,3,Changed mind
RT-005382,SO-2026-002182,3,2026-03-21,1,Not as described
RT-005383,SO-2026-002513,2,2026-03-21,2,Defective
RT-005384,SO-2026-002651,1,2026-03-21,1,Wrong size
RT-005385,SO-2026-001820,1,2026-03-22,1,Defective
RT-005386,SO-2026-001875,4,2026-03-22,1,Defective
RT-005387,SO-2026-002008,2,2026-03-22,3,Wrong size
RT-005388,SO-2026-002016,1,2026-03-22,1,Defective
RT-005389,SO-2026-002103,1,2026-03-22,1,Changed mind
RT-005390,SO-2026-002117,1,2026-03-22,1,Damaged in transit
RT-005391,SO-2026-002533,1,2026-03-22,1,Not as described
RT-005392,SO-2026-002558,2,2026-03-22,1,Changed mind
RT-005393,SO-2026-002617,3,2026-03-22,1,Wrong size
RT-005394,SO-2026-002677,1,2026-03-22,2,Changed mind
RT-005395,SO-2026-001755,1,2026-03-23,1,Wrong size
RT-005396,SO-2026-001946,2,2026-03-23,2,Changed mind
RT-005397,SO-2026-002164,1,2026-03-23,1,Defective
RT-005398,SO-2026-001684,1,2026-03-24,1,Wrong size
RT-005399,SO-2026-001851,1,2026-03-24,1,Not as described
RT-005400,SO-2026-002685,2,2026-03-24,1,Wrong size
RT-005401,SO-2026-002697,2,2026-03-24,1,Wrong size
RT-005402,SO-2026-002711,1,2026-03-24,1,Wrong size
RT-005403,SO-2026-001821,1,2026-03-25,1,Changed mind
RT-005404,SO-2026-002066,1,2026-03-25,1,Changed mind
RT-005405,SO-2026-002282,1,2026-03-25,1,Defective
RT-005406,SO-2026-002471,1,2026-03-25,1,Changed mind
RT-005407,SO-2026-002758,3,2026-03-25,1,Not as described
RT-005408,SO-2026-001741,1,2026-03-26,1,Not as described
RT-005409,SO-2026-002339,1,2026-03-26,1,Changed mind
RT-005410,SO-2026-002449,1,2026-03-26,1,Defective
RT-005411,SO-2026-002562,1,2026-03-26,2,Wrong size
RT-005412,SO-2026-002876,3,2026-03-26,1,Changed mind
RT-005413,SO-2026-002976,1,2026-03-26,2,Changed mind
RT-005414,SO-2026-001875,1,2026-03-27,1,Damaged in transit
RT-005415,SO-2026-001982,2,2026-03-27,1,Defective
RT-005416,SO-2026-002007,3,2026-03-27,1,Changed mind
RT-005417,SO-2026-002478,1,2026-03-27,1,Wrong size
RT-005418,SO-2026-002717,1,2026-03-27,1,Not as described
RT-005419,SO-2026-001801,2,2026-03-28,1,Changed mind
RT-005420,SO-2026-002047,3,2026-03-28,1,Wrong size
RT-005421,SO-2026-002205,1,2026-03-28,3,Wrong size
RT-005422,SO-2026-002947,2,2026-03-28,1,Wrong size
RT-005423,SO-2026-002958,2,2026-03-28,1,Changed mind
RT-005424,SO-2026-002142,3,2026-03-29,1,Defective
RT-005425,SO-2026-002566,2,2026-03-29,2,Changed mind
RT-005426,SO-2026-002914,1,2026-03-29,1,Changed mind
RT-005427,SO-2026-003048,1,2026-03-29,2,Defective
RT-005428,SO-2026-002799,2,2026-03-30,1,Defective
RT-005429,SO-2026-002257,1,2026-03-31,1,Damaged in transit
RT-005430,SO-2026-002795,1,2026-03-31,1,Defective
RT-005431,SO-2026-003038,1,2026-03-31,1,Damaged in transit
RT-005432,SO-2026-002213,1,2026-04-01,1,Damaged in transit
RT-005433,SO-2026-002525,1,2026-04-01,1,Defective
RT-005434,SO-2026-002627,1,2026-04-01,1,Changed mind
RT-005435,SO-2026-001906,1,2026-04-02,1,Damaged in transit
RT-005436,SO-2026-002024,1,2026-04-02,1,Defective
RT-005437,SO-2026-002149,2,2026-04-02,1,Changed mind
RT-005438,SO-2026-002329,2,2026-04-02,1,Not as described
RT-005439,SO-2026-003018,1,2026-04-02,2,Damaged in transit
RT-005440,SO-2026-003171,2,2026-04-02,3,Not as described
RT-005441,SO-2026-002104,1,2026-04-03,1,Wrong size
RT-005442,SO-2026-002174,1,2026-04-03,1,Changed mind
RT-005443,SO-2026-002192,3,2026-04-03,2,Damaged in transit
RT-005444,SO-2026-002238,1,2026-04-03,1,Wrong size
RT-005445,SO-2026-002721,1,2026-04-03,1,Damaged in transit
RT-005446,SO-2026-002876,1,2026-04-03,1,Defective
RT-005447,SO-2026-003315,1,2026-04-03,2,Damaged in transit
RT-005448,SO-2026-003341,1,2026-04-03,1,Changed mind
RT-005449,SO-2026-002577,3,2026-04-04,1,Damaged in transit
RT-005450,SO-2026-002634,1,2026-04-04,1,Damaged in transit
RT-005451,SO-2026-002902,2,2026-04-04,1,Wrong size
RT-005452,SO-2026-003004,1,2026-04-04,8,Wrong size
RT-005453,SO-2026-003097,2,2026-04-04,1,Defective
RT-005454,SO-2026-003110,1,2026-04-04,1,Damaged in transit
RT-005455,SO-2026-003137,2,2026-04-04,1,Changed mind
RT-005456,SO-2026-003272,1,2026-04-04,2,Not as described
RT-005457,SO-2026-002190,1,2026-04-05,1,Damaged in transit
RT-005458,SO-2026-002334,1,2026-04-05,1,Defective
RT-005459,SO-2026-003229,3,2026-04-05,1,Defective
RT-005460,SO-2026-003407,3,2026-04-05,2,Not as described
RT-005461,SO-2026-002238,4,2026-04-06,2,Changed mind
RT-005462,SO-2026-002395,1,2026-04-06,1,Changed mind
RT-005463,SO-2026-002643,1,2026-04-06,1,Not as described
RT-005464,SO-2026-002681,1,2026-04-06,1,Defective
RT-005465,SO-2026-003218,3,2026-04-06,1,Changed mind
RT-005466,SO-2026-003473,1,2026-04-06,3,Changed mind
RT-005467,SO-2026-002298,1,2026-04-07,1,Defective
RT-005468,SO-2026-002382,4,2026-04-07,1,Defective
RT-005469,SO-2026-002404,2,2026-04-07,1,Not as described
RT-005470,SO-2026-002439,3,2026-04-07,1,Damaged in transit
RT-005471,SO-2026-002718,2,2026-04-07,3,Wrong size
RT-005472,SO-2026-002731,1,2026-04-07,3,Wrong size
RT-005473,SO-2026-003043,1,2026-04-07,1,Not as described
RT-005474,SO-2026-002217,1,2026-04-08,1,Wrong size
RT-005475,SO-2026-002227,2,2026-04-08,1,Wrong size
RT-005476,SO-2026-003066,1,2026-04-08,1,Defective
RT-005477,SO-2026-003258,2,2026-04-08,1,Wrong size
RT-005478,SO-2026-003685,2,2026-04-08,1,Changed mind
RT-005479,SO-2026-003083,1,2026-04-09,1,Changed mind
RT-005480,SO-2026-003091,1,2026-04-09,1,Changed mind
RT-005481,SO-2026-003311,2,2026-04-09,1,Changed mind
RT-005482,SO-2026-003774,3,2026-04-09,1,Not as described
RT-005483,SO-2026-002943,2,2026-04-10,2,Defective
RT-005484,SO-2026-003334,1,2026-04-10,2,Wrong size
RT-005485,SO-2026-003817,1,2026-04-10,1,Damaged in transit
RT-005486,SO-2026-002598,1,2026-04-11,1,Defective
RT-005487,SO-2026-003086,1,2026-04-11,1,Defective
RT-005488,SO-2026-003178,1,2026-04-11,1,Changed mind
RT-005489,SO-2026-003496,1,2026-04-11,5,Damaged in transit
RT-005490,SO-2026-003855,1,2026-04-11,1,Wrong size
RT-005491,SO-2026-003990,2,2026-04-11,1,Not as described
RT-005492,SO-2026-002952,2,2026-04-12,1,Not as described
RT-005493,SO-2026-003147,1,2026-04-12,1,Changed mind
RT-005494,SO-2026-003388,2,2026-04-12,1,Wrong size
RT-005495,SO-2026-003472,1,2026-04-12,1,Defective
RT-005496,SO-2026-003799,1,2026-04-12,1,Defective
RT-005497,SO-2026-003897,2,2026-04-12,1,Wrong size
RT-005498,SO-2026-003957,3,2026-04-12,1,Wrong size
RT-005499,SO-2026-002765,1,2026-04-13,1,Defective
RT-005500,SO-2026-002938,1,2026-04-13,1,Defective
RT-005501,SO-2026-003132,4,2026-04-13,2,Changed mind
RT-005502,SO-2026-003736,1,2026-04-13,1,Defective
RT-005503,SO-2026-003834,1,2026-04-13,1,Defective
RT-005504,SO-2026-003980,2,2026-04-13,1,Changed mind
RT-005505,SO-2026-003987,2,2026-04-13,2,Changed mind
RT-005506,SO-2026-002605,1,2026-04-14,2,Not as described
RT-005507,SO-2026-002626,1,2026-04-14,5,Damaged in transit
RT-005508,SO-2026-002920,2,2026-04-14,2,Damaged in transit
RT-005509,SO-2026-003155,1,2026-04-14,2,Changed mind
RT-005510,SO-2026-003393,1,2026-04-14,2,Changed mind
RT-005511,SO-2026-003760,3,2026-04-14,2,Changed mind
RT-005512,SO-2026-002592,1,2026-04-15,1,Changed mind
RT-005513,SO-2026-002728,1,2026-04-15,2,Wrong size
RT-005514,SO-2026-003127,2,2026-04-15,1,Not as described
RT-005515,SO-2026-004235,2,2026-04-15,1,Not as described
RT-005516,SO-2026-002946,1,2026-04-16,1,Defective
RT-005517,SO-2026-003084,1,2026-04-16,1,Changed mind
RT-005518,SO-2026-003930,2,2026-04-16,2,Wrong size
RT-005519,SO-2026-003971,1,2026-04-16,1,Defective
RT-005520,SO-2026-003536,2,2026-04-17,1,Wrong size
RT-005521,SO-2026-004019,2,2026-04-17,1,Damaged in transit
RT-005522,SO-2026-004247,1,2026-04-17,1,Defective
RT-005523,SO-2026-002907,2,2026-04-18,1,Defective
RT-005524,SO-2026-003570,1,2026-04-18,1,Defective
RT-005525,SO-2026-003684,1,2026-04-18,1,Damaged in transit
RT-005526,SO-2026-003854,2,2026-04-18,2,Defective
RT-005527,SO-2026-003104,3,2026-04-19,1,Not as described
RT-005528,SO-2026-003215,2,2026-04-19,1,Changed mind
RT-005529,SO-2026-004206,1,2026-04-19,2,Defective
RT-005530,SO-2026-004461,1,2026-04-19,2,Changed mind
RT-005531,SO-2026-002862,1,2026-04-20,2,Wrong size
RT-005532,SO-2026-002923,1,2026-04-20,1,Changed mind
RT-005533,SO-2026-003503,2,2026-04-20,2,Wrong size
RT-005534,SO-2026-003824,1,2026-04-20,1,Wrong size
RT-005535,SO-2026-003981,2,2026-04-20,1,Changed mind
RT-005536,SO-2026-004087,3,2026-04-20,1,Defective
RT-005537,SO-2026-004315,2,2026-04-20,1,Changed mind
RT-005538,SO-2026-004471,1,2026-04-20,2,Damaged in transit
RT-005539,SO-2026-003178,3,2026-04-21,1,Not as described
RT-005540,SO-2026-003180,1,2026-04-21,1,Changed mind
RT-005541,SO-2026-003313,1,2026-04-21,2,Changed mind
RT-005542,SO-2026-003336,1,2026-04-21,1,Wrong size
RT-005543,SO-2026-004271,1,2026-04-21,1,Wrong size
RT-005544,SO-2026-003485,1,2026-04-22,1,Wrong size
RT-005545,SO-2026-004213,2,2026-04-22,1,Changed mind
RT-005546,SO-2026-003191,1,2026-04-23,2,Wrong size
RT-005547,SO-2026-003346,1,2026-04-23,1,Changed mind
RT-005548,SO-2026-003529,1,2026-04-23,1,Changed mind
RT-005549,SO-2026-003438,1,2026-04-24,1,Not as described
RT-005550,SO-2026-003761,3,2026-04-24,1,Wrong size
RT-005551,SO-2026-004229,1,2026-04-24,1,Damaged in transit
RT-005552,SO-2026-004403,1,2026-04-24,1,Not as described
RT-005553,SO-2026-004595,1,2026-04-24,2,Wrong size
RT-005554,SO-2026-004788,1,2026-04-24,1,Wrong size
RT-005555,SO-2026-003174,2,2026-04-25,1,Damaged in transit
RT-005556,SO-2026-003274,3,2026-04-25,2,Defective
RT-005557,SO-2026-003363,3,2026-04-25,1,Defective
RT-005558,SO-2026-003710,1,2026-04-25,1,Not as described
RT-005559,SO-2026-004454,1,2026-04-25,1,Defective
RT-005560,SO-2026-003978,1,2026-04-26,1,Defective
RT-005561,SO-2026-004003,1,2026-04-26,1,Changed mind
RT-005562,SO-2026-004011,1,2026-04-26,1,Defective
RT-005563,SO-2026-004059,1,2026-04-26,1,Not as described
RT-005564,SO-2026-004160,1,2026-04-26,3,Defective
RT-005565,SO-2026-004181,1,2026-04-26,2,Defective
RT-005566,SO-2026-004254,1,2026-04-26,1,Defective
RT-005567,SO-2026-004294,4,2026-04-26,1,Changed mind
RT-005568,SO-2026-004322,1,2026-04-26,1,Wrong size
RT-005569,SO-2026-004325,1,2026-04-26,1,Defective
RT-005570,SO-2026-004587,1,2026-04-26,1,Not as described
RT-005571,SO-2026-004917,1,2026-04-26,2,Wrong size
RT-005572,SO-2026-004993,3,2026-04-26,1,Defective
RT-005573,SO-2026-005025,2,2026-04-26,2,Damaged in transit
RT-005574,SO-2026-004497,1,2026-04-27,1,Changed mind
RT-005575,SO-2026-004999,1,2026-04-27,1,Defective
RT-005576,SO-2026-003383,2,2026-04-28,1,Wrong size
RT-005577,SO-2026-003433,1,2026-04-28,1,Not as described
RT-005578,SO-2026-003436,1,2026-04-28,1,Defective
RT-005579,SO-2026-003574,1,2026-04-28,2,Defective
RT-005580,SO-2026-003699,3,2026-04-28,1,Wrong size
RT-005581,SO-2026-004042,4,2026-04-28,1,Not as described
RT-005582,SO-2026-004197,1,2026-04-28,1,Defective
RT-005583,SO-2026-004743,1,2026-04-28,2,Defective
RT-005584,SO-2026-003991,1,2026-04-29,1,Wrong size
RT-005585,SO-2026-003992,1,2026-04-29,2,Changed mind
RT-005586,SO-2026-004502,2,2026-04-29,1,Not as described
RT-005587,SO-2026-005091,1,2026-04-29,1,Wrong size
RT-005588,SO-2026-005099,1,2026-04-29,1,Defective
RT-005589,SO-2026-005133,2,2026-04-29,2,Changed mind
RT-005590,SO-2026-003477,3,2026-04-30,2,Defective
RT-005591,SO-2026-003492,1,2026-04-30,1,Damaged in transit
RT-005592,SO-2026-003963,2,2026-04-30,1,Not as described
RT-005593,SO-2026-004469,1,2026-04-30,1,Defective
RT-005594,SO-2026-003629,1,2026-05-01,1,Changed mind
RT-005595,SO-2026-003636,2,2026-05-01,2,Changed mind
RT-005596,SO-2026-004183,2,2026-05-01,1,Wrong size
RT-005597,SO-2026-004318,1,2026-05-01,1,Wrong size
RT-005598,SO-2026-004428,1,2026-05-01,1,Not as described
RT-005599,SO-2026-004101,1,2026-05-02,1,Changed mind
RT-005600,SO-2026-004546,2,2026-05-02,1,Damaged in transit
RT-005601,SO-2026-004550,1,2026-05-02,1,Wrong size
RT-005602,SO-2026-004839,2,2026-05-02,1,Defective
RT-005603,SO-2026-005429,1,2026-05-02,1,Wrong size
RT-005604,SO-2026-003544,1,2026-05-03,1,Changed mind
RT-005605,SO-2026-003706,1,2026-05-03,2,Defective
RT-005606,SO-2026-004065,3,2026-05-03,1,Changed mind
RT-005607,SO-2026-004708,1,2026-05-03,1,Changed mind
RT-005608,SO-2026-005123,2,2026-05-03,2,Damaged in transit
RT-005609,SO-2026-005482,1,2026-05-03,5,Not as described
RT-005610,SO-2026-004727,1,2026-05-04,1,Not as described
RT-005611,SO-2026-005207,1,2026-05-04,1,Not as described
RT-005612,SO-2026-005395,4,2026-05-04,1,Wrong size
RT-005613,SO-2026-005517,1,2026-05-04,1,Changed mind
RT-005614,SO-2026-005578,2,2026-05-04,1,Changed mind
RT-005615,SO-2026-003938,2,2026-05-05,1,Wrong size
RT-005616,SO-2026-004053,1,2026-05-05,1,Wrong size
RT-005617,SO-2026-004536,1,2026-05-05,5,Wrong size
RT-005618,SO-2026-004546,3,2026-05-05,1,Changed mind
RT-005619,SO-2026-004548,2,2026-05-05,2,Defective
RT-005620,SO-2026-004633,3,2026-05-05,1,Not as described
RT-005621,SO-2026-004808,1,2026-05-05,1,Defective
RT-005622,SO-2026-004959,4,2026-05-05,1,Defective
RT-005623,SO-2026-005202,1,2026-05-05,3,Changed mind
RT-005624,SO-2026-005222,2,2026-05-05,1,Defective
RT-005625,SO-2026-005362,2,2026-05-05,1,Wrong size
RT-005626,SO-2026-003726,2,2026-05-06,1,Not as described
RT-005627,SO-2026-003941,1,2026-05-06,1,Defective
RT-005628,SO-2026-004239,2,2026-05-06,2,Wrong size
RT-005629,SO-2026-004497,2,2026-05-06,1,Defective
RT-005630,SO-2026-004646,1,2026-05-06,1,Changed mind
RT-005631,SO-2026-004691,1,2026-05-06,3,Changed mind
RT-005632,SO-2026-004930,1,2026-05-06,1,Damaged in transit
RT-005633,SO-2026-004981,2,2026-05-06,1,Changed mind
RT-005634,SO-2026-005015,3,2026-05-06,3,Not as described
RT-005635,SO-2026-005061,2,2026-05-06,1,Wrong size
RT-005636,SO-2026-005150,1,2026-05-06,1,Not as described
RT-005637,SO-2026-005204,2,2026-05-06,8,Wrong size
RT-005638,SO-2026-005524,2,2026-05-06,1,Defective
RT-005639,SO-2026-003948,1,2026-05-07,1,Changed mind
RT-005640,SO-2026-004313,2,2026-05-07,1,Wrong size
RT-005641,SO-2026-004637,2,2026-05-07,1,Not as described
RT-005642,SO-2026-004781,2,2026-05-07,1,Defective
RT-005643,SO-2026-004887,1,2026-05-07,5,Wrong size
RT-005644,SO-2026-003949,1,2026-05-08,1,Defective
RT-005645,SO-2026-003984,2,2026-05-08,1,Changed mind
RT-005646,SO-2026-004817,1,2026-05-08,1,Defective
RT-005647,SO-2026-005138,1,2026-05-08,1,Wrong size
RT-005648,SO-2026-005538,1,2026-05-08,1,Wrong size
RT-005649,SO-2026-005722,1,2026-05-08,1,Changed mind
RT-005650,SO-2026-004295,1,2026-05-09,1,Wrong size
RT-005651,SO-2026-004888,1,2026-05-09,1,Changed mind
RT-005652,SO-2026-004953,3,2026-05-09,1,Defective
RT-005653,SO-2026-005499,2,2026-05-09,1,Defective
RT-005654,SO-2026-005638,1,2026-05-09,1,Changed mind
RT-005655,SO-2026-005844,1,2026-05-09,3,Damaged in transit
RT-005656,SO-2026-004066,2,2026-05-10,1,Changed mind
RT-005657,SO-2026-004207,1,2026-05-10,1,Changed mind
RT-005658,SO-2026-004355,2,2026-05-10,1,Changed mind
RT-005659,SO-2026-004419,1,2026-05-10,1,Wrong size
RT-005660,SO-2026-004735,2,2026-05-10,1,Wrong size
RT-005661,SO-2026-004924,3,2026-05-10,1,Not as described
RT-005662,SO-2026-005479,1,2026-05-10,1,Wrong size
RT-005663,SO-2026-005570,2,2026-05-10,1,Not as described
RT-005664,SO-2026-005932,3,2026-05-10,1,Damaged in transit
RT-005665,SO-2026-006000,2,2026-05-10,1,Changed mind
RT-005666,SO-2026-004123,2,2026-05-11,1,Defective
RT-005667,SO-2026-004180,1,2026-05-11,2,Damaged in transit
RT-005668,SO-2026-004216,1,2026-05-11,1,Defective
RT-005669,SO-2026-005281,2,2026-05-11,2,Changed mind
RT-005670,SO-2026-005500,1,2026-05-11,3,Not as described
RT-005671,SO-2026-006128,2,2026-05-11,1,Damaged in transit
RT-005672,SO-2026-004430,2,2026-05-12,2,Wrong size
RT-005673,SO-2026-004521,1,2026-05-12,5,Defective
RT-005674,SO-2026-004530,1,2026-05-12,1,Damaged in transit
RT-005675,SO-2026-004899,2,2026-05-12,1,Changed mind
RT-005676,SO-2026-005274,1,2026-05-12,1,Changed mind
RT-005677,SO-2026-005574,2,2026-05-12,1,Changed mind
RT-005678,SO-2026-005788,1,2026-05-12,7,Wrong size
RT-005679,SO-2026-005618,4,2026-05-13,1,Defective
RT-005680,SO-2026-005980,1,2026-05-13,1,Changed mind
RT-005681,SO-2026-006241,4,2026-05-13,1,Defective
RT-005682,SO-2026-004434,1,2026-05-14,1,Defective
RT-005683,SO-2026-004544,1,2026-05-14,1,Changed mind
RT-005684,SO-2026-004556,2,2026-05-14,1,Wrong size
RT-005685,SO-2026-005143,3,2026-05-14,2,Changed mind
RT-005686,SO-2026-005582,1,2026-05-14,1,Defective
RT-005687,SO-2026-004409,4,2026-05-15,1,Not as described
RT-005688,SO-2026-005194,3,2026-05-15,1,Changed mind
RT-005689,SO-2026-006288,1,2026-05-15,1,Wrong size
RT-005690,SO-2026-004635,2,2026-05-16,1,Damaged in transit
RT-005691,SO-2026-004722,2,2026-05-16,1,Changed mind
RT-005692,SO-2026-004801,2,2026-05-16,1,Not as described
RT-005693,SO-2026-004819,1,2026-05-16,1,Damaged in transit
RT-005694,SO-2026-005176,1,2026-05-16,1,Defective
RT-005695,SO-2026-005475,1,2026-05-16,1,Damaged in transit
RT-005696,SO-2026-005620,2,2026-05-16,2,Changed mind
RT-005697,SO-2026-005663,2,2026-05-16,5,Defective
RT-005698,SO-2026-005705,4,2026-05-16,1,Wrong size
RT-005699,SO-2026-006411,1,2026-05-16,1,Wrong size
RT-005700,SO-2026-004568,3,2026-05-17,1,Wrong size
RT-005701,SO-2026-004679,1,2026-05-17,1,Damaged in transit
RT-005702,SO-2026-004835,3,2026-05-17,1,Defective
RT-005703,SO-2026-004960,3,2026-05-17,1,Damaged in transit
RT-005704,SO-2026-004967,2,2026-05-17,1,Defective
RT-005705,SO-2026-005073,2,2026-05-17,1,Wrong size
RT-005706,SO-2026-005457,1,2026-05-17,1,Not as described
RT-005707,SO-2026-005487,2,2026-05-17,1,Not as described
RT-005708,SO-2026-005598,1,2026-05-17,1,Wrong size
RT-005709,SO-2026-004687,1,2026-05-18,1,Not as described
RT-005710,SO-2026-004880,1,2026-05-18,1,Changed mind
RT-005711,SO-2026-005126,1,2026-05-18,1,Defective
RT-005712,SO-2026-005251,2,2026-05-18,1,Changed mind
RT-005713,SO-2026-005476,1,2026-05-18,1,Damaged in transit
RT-005714,SO-2026-005644,1,2026-05-18,1,Not as described
RT-005715,SO-2026-005706,1,2026-05-18,1,Damaged in transit
RT-005716,SO-2026-006021,1,2026-05-18,1,Wrong size
RT-005717,SO-2026-006519,1,2026-05-18,2,Changed mind
RT-005718,SO-2026-004864,1,2026-05-19,2,Changed mind
RT-005719,SO-2026-005430,3,2026-05-19,1,Defective
RT-005720,SO-2026-005521,2,2026-05-19,1,Changed mind
RT-005721,SO-2026-005793,1,2026-05-19,1,Wrong size
RT-005722,SO-2026-006056,1,2026-05-19,1,Changed mind
RT-005723,SO-2026-006158,2,2026-05-19,1,Damaged in transit
RT-005724,SO-2026-004893,4,2026-05-20,1,Wrong size
RT-005725,SO-2026-005681,2,2026-05-20,1,Changed mind
RT-005726,SO-2026-006300,1,2026-05-20,1,Changed mind
RT-005727,SO-2026-006574,2,2026-05-20,1,Defective
RT-005728,SO-2026-006579,2,2026-05-20,2,Damaged in transit
RT-005729,SO-2026-004959,2,2026-05-21,1,Defective
RT-005730,SO-2026-005227,2,2026-05-21,1,Defective
RT-005731,SO-2026-005493,1,2026-05-21,1,Damaged in transit
RT-005732,SO-2026-005514,2,2026-05-21,1,Defective
RT-005733,SO-2026-005594,1,2026-05-21,6,Changed mind
RT-005734,SO-2026-006103,2,2026-05-21,1,Damaged in transit
RT-005735,SO-2026-006264,1,2026-05-21,1,Defective
RT-005736,SO-2026-006414,1,2026-05-21,2,Changed mind
RT-005737,SO-2026-006482,2,2026-05-21,1,Not as described
RT-005738,SO-2026-004956,2,2026-05-22,1,Wrong size
RT-005739,SO-2026-005233,1,2026-05-22,1,Defective
RT-005740,SO-2026-005352,2,2026-05-22,1,Changed mind
RT-005741,SO-2026-005919,1,2026-05-22,1,Not as described
RT-005742,SO-2026-006090,1,2026-05-22,1,Defective
RT-005743,SO-2026-005259,2,2026-05-23,2,Wrong size
RT-005744,SO-2026-005520,1,2026-05-23,2,Defective
RT-005745,SO-2026-005586,1,2026-05-23,1,Changed mind
RT-005746,SO-2026-005700,1,2026-05-23,2,Changed mind
RT-005747,SO-2026-005741,1,2026-05-23,1,Damaged in transit
RT-005748,SO-2026-005772,1,2026-05-23,1,Changed mind
RT-005749,SO-2026-005870,1,2026-05-23,1,Defective
RT-005750,SO-2026-006090,2,2026-05-23,1,Defective
RT-005751,SO-2026-006338,2,2026-05-23,1,Changed mind
RT-005752,SO-2026-005022,3,2026-05-24,1,Not as described
RT-005753,SO-2026-005163,3,2026-05-24,1,Changed mind
RT-005754,SO-2026-005403,1,2026-05-24,1,Defective
RT-005755,SO-2026-005891,1,2026-05-24,1,Defective
RT-005756,SO-2026-006915,1,2026-05-24,1,Changed mind
RT-005757,SO-2026-005074,1,2026-05-25,2,Changed mind
RT-005758,SO-2026-005112,1,2026-05-25,1,Damaged in transit
RT-005759,SO-2026-005151,2,2026-05-25,7,Changed mind
RT-005760,SO-2026-006794,2,2026-05-25,1,Wrong size
RT-005761,SO-2026-007071,1,2026-05-25,4,Damaged in transit
RT-005762,SO-2026-005726,2,2026-05-26,1,Changed mind
RT-005763,SO-2026-006100,2,2026-05-26,1,Defective
RT-005764,SO-2026-006463,1,2026-05-26,1,Not as described
RT-005765,SO-2026-006502,1,2026-05-26,1,Not as described
RT-005766,SO-2026-006842,2,2026-05-26,1,Defective
RT-005767,SO-2026-007134,2,2026-05-26,1,Changed mind
RT-005768,SO-2026-007141,2,2026-05-26,1,Defective
RT-005769,SO-2026-005276,2,2026-05-27,1,Wrong size
RT-005770,SO-2026-005395,2,2026-05-27,1,Wrong size
RT-005771,SO-2026-005664,1,2026-05-27,1,Wrong size
RT-005772,SO-2026-005908,1,2026-05-27,1,Defective
RT-005773,SO-2026-006032,1,2026-05-27,1,Defective
RT-005774,SO-2026-006216,1,2026-05-27,1,Defective
RT-005775,SO-2026-006457,1,2026-05-27,1,Changed mind
RT-005776,SO-2026-006832,1,2026-05-27,1,Wrong size
RT-005777,SO-2026-006886,2,2026-05-27,1,Wrong size
RT-005778,SO-2026-005350,2,2026-05-28,1,Damaged in transit
RT-005779,SO-2026-005424,4,2026-05-28,2,Not as described
RT-005780,SO-2026-005601,1,2026-05-28,1,Changed mind
RT-005781,SO-2026-006095,1,2026-05-28,1,Damaged in transit
RT-005782,SO-2026-006298,3,2026-05-28,3,Defective
RT-005783,SO-2026-006306,1,2026-05-28,1,Wrong size
RT-005784,SO-2026-006795,1,2026-05-28,1,Not as described
RT-005785,SO-2026-007412,3,2026-05-28,1,Changed mind
RT-005786,SO-2026-005424,2,2026-05-29,1,Defective
RT-005787,SO-2026-005459,3,2026-05-30,1,Wrong size
RT-005788,SO-2026-005494,1,2026-05-30,1,Wrong size
RT-005789,SO-2026-005701,1,2026-05-30,1,Defective
RT-005790,SO-2026-006022,2,2026-05-30,1,Not as described
RT-005791,SO-2026-006323,3,2026-05-30,1,Defective
RT-005792,SO-2026-006592,1,2026-05-30,2,Not as described
RT-005793,SO-2026-006911,3,2026-05-30,1,Defective
RT-005794,SO-2026-006938,1,2026-05-30,1,Defective
RT-005795,SO-2026-005453,2,2026-05-31,1,Changed mind
RT-005796,SO-2026-005650,1,2026-05-31,1,Wrong size
RT-005797,SO-2026-006275,1,2026-05-31,1,Not as described
RT-005798,SO-2026-006439,1,2026-05-31,1,Defective
RT-005799,SO-2026-006452,1,2026-05-31,1,Wrong size
RT-005800,SO-2026-006578,3,2026-05-31,1,Defective
RT-005801,SO-2026-006883,1,2026-05-31,1,Not as described
RT-005802,SO-2026-007612,2,2026-05-31,1,Defective
RT-005803,SO-2026-005665,1,2026-06-01,1,Changed mind
RT-005804,SO-2026-005730,1,2026-06-01,3,Changed mind
RT-005805,SO-2026-005936,1,2026-06-01,1,Wrong size
RT-005806,SO-2026-005956,4,2026-06-01,2,Defective
RT-005807,SO-2026-006242,2,2026-06-01,1,Wrong size
RT-005808,SO-2026-006767,2,2026-06-01,1,Defective
RT-005809,SO-2026-007129,1,2026-06-01,1,Not as described
RT-005810,SO-2026-007339,1,2026-06-01,1,Changed mind
RT-005811,SO-2026-007380,1,2026-06-01,2,Changed mind
RT-005812,SO-2026-007385,2,2026-06-01,1,Defective
RT-005813,SO-2026-007404,1,2026-06-01,2,Wrong size
RT-005814,SO-2026-007427,3,2026-06-01,1,Defective
RT-005815,SO-2026-007451,1,2026-06-01,1,Wrong size
RT-005816,SO-2026-007741,2,2026-06-01,1,Not as described
RT-005817,SO-2026-007266,2,2026-06-02,1,Defective
RT-005818,SO-2026-007326,1,2026-06-02,1,Damaged in transit
RT-005819,SO-2026-007398,2,2026-06-02,1,Wrong size
RT-005820,SO-2026-007431,1,2026-06-02,1,Not as described
RT-005821,SO-2026-007580,1,2026-06-02,5,Changed mind
RT-005822,SO-2026-007636,1,2026-06-02,1,Defective
RT-005823,SO-2026-005696,2,2026-06-03,1,Damaged in transit
RT-005824,SO-2026-005821,1,2026-06-03,3,Not as described
RT-005825,SO-2026-006176,1,2026-06-03,3,Wrong size
RT-005826,SO-2026-006549,1,2026-06-03,2,Changed mind
RT-005827,SO-2026-006614,2,2026-06-03,1,Wrong size
RT-005828,SO-2026-006679,1,2026-06-03,3,Defective
RT-005829,SO-2026-006714,1,2026-06-03,1,Changed mind
RT-005830,SO-2026-007106,1,2026-06-03,1,Wrong size
RT-005831,SO-2026-007603,1,2026-06-03,1,Wrong size
RT-005832,SO-2026-006512,1,2026-06-04,1,Wrong size
RT-005833,SO-2026-007391,3,2026-06-04,2,Wrong size
RT-005834,SO-2026-007464,1,2026-06-04,1,Changed mind
RT-005835,SO-2026-007489,1,2026-06-04,1,Wrong size
RT-005836,SO-2026-007908,1,2026-06-04,1,Defective
RT-005837,SO-2026-006395,1,2026-06-05,1,Defective
RT-005838,SO-2026-006942,1,2026-06-05,1,Damaged in transit
RT-005839,SO-2026-007460,2,2026-06-05,1,Damaged in transit
RT-005840,SO-2026-007638,1,2026-06-05,1,Changed mind
RT-005841,SO-2026-005996,1,2026-06-06,2,Wrong size
RT-005842,SO-2026-006360,3,2026-06-06,1,Defective
RT-005843,SO-2026-006861,2,2026-06-06,1,Not as described
RT-005844,SO-2026-006928,1,2026-06-06,1,Wrong size
RT-005845,SO-2026-006997,1,2026-06-06,1,Changed mind
RT-005846,SO-2026-007354,1,2026-06-06,2,Wrong size
RT-005847,SO-2026-007445,1,2026-06-06,2,Wrong size
RT-005848,SO-2026-008066,1,2026-06-06,2,Wrong size
RT-005849,SO-2026-006057,3,2026-06-07,1,Changed mind
RT-005850,SO-2026-006774,1,2026-06-07,2,Wrong size
RT-005851,SO-2026-006842,3,2026-06-07,1,Defective
RT-005852,SO-2026-007203,1,2026-06-07,1,Not as described
RT-005853,SO-2026-007225,1,2026-06-07,1,Defective
RT-005854,SO-2026-007364,1,2026-06-07,3,Defective
RT-005855,SO-2026-007531,2,2026-06-07,1,Defective
RT-005856,SO-2026-007734,1,2026-06-07,2,Damaged in transit
RT-005857,SO-2026-007831,1,2026-06-07,1,Changed mind
RT-005858,SO-2026-008077,1,2026-06-07,1,Not as described
RT-005859,SO-2026-006081,4,2026-06-08,3,Defective
RT-005860,SO-2026-006356,2,2026-06-08,1,Not as described
RT-005861,SO-2026-006769,2,2026-06-08,1,Changed mind
RT-005862,SO-2026-006838,1,2026-06-08,1,Defective
RT-005863,SO-2026-006970,2,2026-06-08,1,Changed mind
RT-005864,SO-2026-006993,1,2026-06-08,6,Defective
RT-005865,SO-2026-007076,2,2026-06-08,1,Changed mind
RT-005866,SO-2026-007113,4,2026-06-08,2,Changed mind
RT-005867,SO-2026-007742,3,2026-06-08,1,Not as described
RT-005868,SO-2026-007781,1,2026-06-08,1,Wrong size
RT-005869,SO-2026-007796,1,2026-06-08,1,Damaged in transit
RT-005870,SO-2026-007871,1,2026-06-08,2,Wrong size
RT-005871,SO-2026-006447,3,2026-06-09,1,Defective
RT-005872,SO-2026-006768,1,2026-06-09,2,Changed mind
RT-005873,SO-2026-007193,1,2026-06-09,1,Wrong size
RT-005874,SO-2026-007379,1,2026-06-09,1,Changed mind
RT-005875,SO-2026-007963,1,2026-06-09,1,Defective
RT-005876,SO-2026-007973,2,2026-06-09,1,Changed mind
RT-005877,SO-2026-008007,2,2026-06-09,2,Defective
RT-005878,SO-2026-008201,1,2026-06-09,3,Wrong size
RT-005879,SO-2026-006399,3,2026-06-10,2,Defective
RT-005880,SO-2026-006539,1,2026-06-10,1,Defective
RT-005881,SO-2026-007120,2,2026-06-10,1,Damaged in transit
RT-005882,SO-2026-007174,2,2026-06-10,1,Defective
RT-005883,SO-2026-007391,1,2026-06-10,2,Defective
RT-005884,SO-2026-007561,1,2026-06-10,1,Damaged in transit
RT-005885,SO-2026-007895,2,2026-06-10,1,Not as described
RT-005886,SO-2026-007911,2,2026-06-10,1,Damaged in transit
RT-005887,SO-2026-008057,3,2026-06-10,1,Not as described
RT-005888,SO-2026-008119,1,2026-06-10,1,Defective
RT-005889,SO-2026-008399,2,2026-06-10,3,Defective
RT-005890,SO-2026-006785,2,2026-06-11,1,Changed mind
RT-005891,SO-2026-006811,2,2026-06-11,1,Damaged in transit
RT-005892,SO-2026-007259,1,2026-06-11,1,Changed mind
RT-005893,SO-2026-007459,1,2026-06-11,2,Wrong size
RT-005894,SO-2026-007573,2,2026-06-11,1,Not as described
RT-005895,SO-2026-008129,2,2026-06-11,1,Defective
RT-005896,SO-2026-008244,3,2026-06-11,1,Changed mind
RT-005897,SO-2026-006486,2,2026-06-12,1,Not as described
RT-005898,SO-2026-007185,1,2026-06-12,1,Defective
RT-005899,SO-2026-007391,2,2026-06-12,2,Wrong size
RT-005900,SO-2026-007804,1,2026-06-12,1,Damaged in transit
RT-005901,SO-2026-008129,1,2026-06-12,1,Changed mind
RT-005902,SO-2026-008522,1,2026-06-12,1,Changed mind
RT-005903,SO-2026-008594,1,2026-06-12,1,Defective
RT-005904,SO-2026-006545,1,2026-06-13,1,Defective
RT-005905,SO-2026-006644,2,2026-06-13,1,Damaged in transit
RT-005906,SO-2026-008025,1,2026-06-13,1,Changed mind
RT-005907,SO-2026-008553,2,2026-06-13,1,Changed mind
RT-005908,SO-2026-006547,2,2026-06-14,1,Damaged in transit
RT-005909,SO-2026-006919,1,2026-06-14,2,Wrong size
RT-005910,SO-2026-006926,1,2026-06-14,1,Damaged in transit
RT-005911,SO-2026-007038,2,2026-06-14,1,Wrong size
RT-005912,SO-2026-007063,1,2026-06-14,1,Defective
RT-005913,SO-2026-008264,1,2026-06-14,1,Changed mind
RT-005914,SO-2026-008373,3,2026-06-14,1,Wrong size
RT-005915,SO-2026-008386,2,2026-06-14,1,Wrong size
RT-005916,SO-2026-008546,3,2026-06-14,2,Changed mind
RT-005917,SO-2026-008749,1,2026-06-14,1,Wrong size
RT-005918,SO-2026-007154,1,2026-06-15,1,Changed mind
RT-005919,SO-2026-007184,1,2026-06-15,3,Wrong size
RT-005920,SO-2026-007287,1,2026-06-15,1,Changed mind
RT-005921,SO-2026-007447,4,2026-06-15,1,Defective
RT-005922,SO-2026-007854,1,2026-06-15,2,Defective
RT-005923,SO-2026-008161,1,2026-06-15,1,Wrong size
RT-005924,SO-2026-008447,1,2026-06-15,2,Wrong size
RT-005925,SO-2026-008457,2,2026-06-15,1,Defective
RT-005926,SO-2026-007006,1,2026-06-16,1,Wrong size
RT-005927,SO-2026-007329,1,2026-06-16,1,Not as described
RT-005928,SO-2026-007382,1,2026-06-16,1,Wrong size
RT-005929,SO-2026-007815,2,2026-06-16,1,Wrong size
RT-005930,SO-2026-008078,2,2026-06-16,1,Damaged in transit
RT-005931,SO-2026-007320,1,2026-06-17,1,Damaged in transit
RT-005932,SO-2026-007733,3,2026-06-17,1,Changed mind
RT-005933,SO-2026-007902,1,2026-06-17,1,Changed mind
RT-005934,SO-2026-008058,3,2026-06-17,1,Wrong size
RT-005935,SO-2026-008139,3,2026-06-17,1,Defective
RT-005936,SO-2026-008312,2,2026-06-17,1,Changed mind
RT-005937,SO-2026-008371,1,2026-06-17,1,Wrong size
RT-005938,SO-2026-008653,3,2026-06-17,1,Not as described
RT-005939,SO-2026-008939,3,2026-06-17,1,Changed mind
RT-005940,SO-2026-006850,2,2026-06-18,1,Not as described
RT-005941,SO-2026-006862,1,2026-06-18,2,Defective
RT-005942,SO-2026-007059,2,2026-06-18,1,Defective
RT-005943,SO-2026-007311,2,2026-06-18,1,Wrong size
RT-005944,SO-2026-007446,2,2026-06-18,1,Defective
RT-005945,SO-2026-007493,2,2026-06-18,2,Changed mind
RT-005946,SO-2026-007601,1,2026-06-18,1,Changed mind
RT-005947,SO-2026-007618,1,2026-06-18,1,Not as described
RT-005948,SO-2026-008082,2,2026-06-18,1,Changed mind
RT-005949,SO-2026-008231,1,2026-06-18,1,Damaged in transit
RT-005950,SO-2026-008898,1,2026-06-18,1,Changed mind
RT-005951,SO-2026-007011,1,2026-06-19,2,Defective
RT-005952,SO-2026-008272,1,2026-06-19,5,Defective
RT-005953,SO-2026-008647,2,2026-06-19,2,Defective
RT-005954,SO-2026-007919,1,2026-06-20,1,Damaged in transit
RT-005955,SO-2026-008097,4,2026-06-20,1,Not as described
RT-005956,SO-2026-008317,2,2026-06-20,1,Damaged in transit
RT-005957,SO-2026-008551,1,2026-06-20,2,Defective
RT-005958,SO-2026-008684,3,2026-06-20,1,Defective
RT-005959,SO-2026-008706,2,2026-06-20,1,Defective
RT-005960,SO-2026-008778,1,2026-06-20,1,Defective
RT-005961,SO-2026-007377,1,2026-06-21,1,Changed mind
RT-005962,SO-2026-007635,2,2026-06-21,2,Changed mind
RT-005963,SO-2026-007872,1,2026-06-21,1,Wrong size
RT-005964,SO-2026-008143,1,2026-06-21,2,Damaged in transit
RT-005965,SO-2026-008717,1,2026-06-21,2,Changed mind
RT-005966,SO-2026-008794,1,2026-06-21,1,Not as described
RT-005967,SO-2026-008828,2,2026-06-21,1,Changed mind
RT-005968,SO-2026-008907,1,2026-06-21,1,Defective
RT-005969,SO-2026-008925,1,2026-06-21,1,Damaged in transit
RT-005970,SO-2026-009150,2,2026-06-21,1,Defective
RT-005971,SO-2026-008101,4,2026-06-22,1,Defective
RT-005972,SO-2026-008363,1,2026-06-22,1,Defective
RT-005973,SO-2026-008876,1,2026-06-22,1,Wrong size
RT-005974,SO-2026-008950,2,2026-06-22,1,Wrong size
RT-005975,SO-2026-008951,1,2026-06-22,1,Changed mind
RT-005976,SO-2026-008959,2,2026-06-22,1,Defective
RT-005977,SO-2026-009032,1,2026-06-22,3,Not as described
RT-005978,SO-2026-009214,2,2026-06-22,1,Defective
RT-005979,SO-2026-008680,1,2026-06-23,2,Not as described
RT-005980,SO-2026-009151,1,2026-06-23,1,Not as described
RT-005981,SO-2026-007331,1,2026-06-24,1,Wrong size
RT-005982,SO-2026-007534,1,2026-06-24,1,Defective
RT-005983,SO-2026-007647,1,2026-06-24,1,Changed mind
RT-005984,SO-2026-007977,1,2026-06-24,3,Changed mind
RT-005985,SO-2026-007986,1,2026-06-24,2,Defective
RT-005986,SO-2026-008132,1,2026-06-24,2,Changed mind
RT-005987,SO-2026-008872,1,2026-06-24,7,Defective
RT-005988,SO-2026-007400,4,2026-06-25,1,Changed mind
RT-005989,SO-2026-007435,2,2026-06-25,1,Defective
RT-005990,SO-2026-007571,2,2026-06-25,1,Not as described
RT-005991,SO-2026-007950,1,2026-06-25,2,Changed mind
RT-005992,SO-2026-008138,2,2026-06-25,1,Defective
RT-005993,SO-2026-008803,1,2026-06-25,1,Changed mind
RT-005994,SO-2026-009158,2,2026-06-25,2,Changed mind
RT-005995,SO-2026-009549,1,2026-06-25,1,Changed mind
RT-005996,SO-2026-007804,2,2026-06-26,4,Damaged in transit
RT-005997,SO-2026-008315,2,2026-06-26,1,Defective
RT-005998,SO-2026-008583,1,2026-06-26,1,Defective
RT-005999,SO-2026-008926,2,2026-06-26,2,Defective
RT-006000,SO-2026-009131,1,2026-06-26,1,Defective
RT-006001,SO-2026-009162,2,2026-06-26,1,Changed mind
RT-006002,SO-2026-009294,1,2026-06-26,1,Changed mind
RT-006003,SO-2026-009313,1,2026-06-26,1,Defective
RT-006004,SO-2026-009405,3,2026-06-26,2,Damaged in transit
RT-006005,SO-2026-009506,2,2026-06-26,1,Not as described
RT-006006,SO-2026-007794,2,2026-06-27,3,Changed mind
RT-006007,SO-2026-008706,1,2026-06-27,1,Not as described
RT-006008,SO-2026-009079,3,2026-06-27,2,Wrong size
RT-006009,SO-2026-009380,1,2026-06-27,1,Defective
RT-006010,SO-2026-009393,3,2026-06-27,1,Damaged in transit
RT-006011,SO-2026-009410,1,2026-06-27,1,Changed mind
RT-006012,SO-2026-009478,3,2026-06-27,1,Changed mind
RT-006013,SO-2026-009489,2,2026-06-27,1,Wrong size
RT-006014,SO-2026-009658,2,2026-06-27,2,Not as described
RT-006015,SO-2026-007867,2,2026-06-28,1,Wrong size
RT-006016,SO-2026-008633,2,2026-06-28,1,Defective
RT-006017,SO-2026-008879,2,2026-06-28,2,Not as described
RT-006018,SO-2026-009809,2,2026-06-28,1,Damaged in transit
RT-006019,SO-2026-008333,1,2026-06-29,1,Changed mind
RT-006020,SO-2026-008354,1,2026-06-29,1,Defective
RT-006021,SO-2026-008450,1,2026-06-29,1,Defective
RT-006022,SO-2026-008581,3,2026-06-29,1,Defective
RT-006023,SO-2026-008758,4,2026-06-29,5,Defective
RT-006024,SO-2026-009337,1,2026-06-29,3,Wrong size
RT-006025,SO-2026-009459,4,2026-06-29,1,Defective
RT-006026,SO-2026-009520,1,2026-06-29,1,Defective
RT-006027,SO-2026-009794,3,2026-06-29,1,Changed mind
RT-006028,SO-2026-007836,3,2026-06-30,1,Not as described
RT-006029,SO-2026-007888,3,2026-06-30,1,Defective
RT-006030,SO-2026-008561,1,2026-06-30,1,Wrong size
RT-006031,SO-2026-008602,1,2026-06-30,1,Defective
RT-006032,SO-2026-008886,1,2026-06-30,1,Not as described
RT-006033,SO-2026-009047,1,2026-06-30,1,Changed mind
RT-006034,SO-2026-009125,1,2026-06-30,2,Damaged in transit
RT-006035,SO-2026-009327,1,2026-06-30,1,Defective
RT-006036,SO-2026-009348,1,2026-06-30,1,Defective
RT-006037,SO-2026-009373,1,2026-06-30,2,Not as described
RT-006038,SO-2026-009378,2,2026-06-30,1,Defective
RT-006039,SO-2026-009394,2,2026-06-30,1,Wrong size
RT-006040,SO-2026-009578,1,2026-06-30,1,Defective
RT-006041,SO-2026-009642,1,2026-06-30,2,Damaged in transit
RT-006042,SO-2026-009721,1,2026-06-30,1,Damaged in transit
RT-006043,SO-2026-007899,2,2026-07-01,1,Defective
RT-006044,SO-2026-008601,2,2026-07-01,1,Not as described
RT-006045,SO-2026-009402,2,2026-07-01,1,Wrong size
RT-006046,SO-2026-009509,2,2026-07-01,1,Defective
RT-006047,SO-2026-009871,1,2026-07-01,1,Damaged in transit
RT-006048,SO-2026-009971,2,2026-07-01,1,Changed mind
RT-006049,SO-2026-008049,1,2026-07-02,1,Not as described
RT-006050,SO-2026-008503,1,2026-07-02,1,Changed mind
RT-006051,SO-2026-008817,1,2026-07-02,1,Changed mind
RT-006052,SO-2026-008885,1,2026-07-02,2,Wrong size
RT-006053,SO-2026-008980,1,2026-07-02,3,Changed mind
RT-006054,SO-2026-009254,2,2026-07-02,1,Not as described
RT-006055,SO-2026-009287,1,2026-07-02,3,Defective
RT-006056,SO-2026-009910,3,2026-07-02,1,Wrong size
RT-006057,SO-2026-009965,1,2026-07-02,1,Defective
RT-006058,SO-2026-010047,1,2026-07-02,2,Wrong size
RT-006059,SO-2026-007995,1,2026-07-03,1,Not as described
RT-006060,SO-2026-008568,2,2026-07-03,1,Defective
RT-006061,SO-2026-008660,3,2026-07-03,1,Changed mind
RT-006062,SO-2026-008888,3,2026-07-03,2,Changed mind
RT-006063,SO-2026-009333,3,2026-07-03,1,Not as described
RT-006064,SO-2026-009356,1,2026-07-03,1,Not as described
RT-006065,SO-2026-009551,1,2026-07-03,1,Changed mind
RT-006066,SO-2026-009711,1,2026-07-03,1,Changed mind
RT-006067,SO-2026-008530,1,2026-07-04,2,Damaged in transit
RT-006068,SO-2026-008345,2,2026-07-05,1,Damaged in transit
RT-006069,SO-2026-008379,1,2026-07-05,2,Wrong size
RT-006070,SO-2026-008521,1,2026-07-05,1,Defective
RT-006071,SO-2026-009187,1,2026-07-05,5,Defective
RT-006072,SO-2026-009331,1,2026-07-05,1,Defective
RT-006073,SO-2026-009699,1,2026-07-05,1,Defective
RT-006074,SO-2026-010320,2,2026-07-05,1,Defective
RT-006075,SO-2026-008547,1,2026-07-06,1,Defective
RT-006076,SO-2026-009429,3,2026-07-06,1,Not as described
RT-006077,SO-2026-010132,2,2026-07-06,1,Defective
RT-006078,SO-2026-008952,1,2026-07-07,1,Wrong size
RT-006079,SO-2026-009471,3,2026-07-07,1,Changed mind
RT-006080,SO-2026-009606,2,2026-07-07,1,Not as described
RT-006081,SO-2026-009607,1,2026-07-07,2,Wrong size
RT-006082,SO-2026-010360,1,2026-07-07,1,Defective
RT-006083,SO-2026-010448,1,2026-07-07,2,Defective
RT-006084,SO-2026-008707,1,2026-07-08,1,Changed mind
RT-006085,SO-2026-008899,4,2026-07-08,2,Not as described
RT-006086,SO-2026-009272,1,2026-07-08,5,Not as described
RT-006087,SO-2026-009423,3,2026-07-08,3,Defective
RT-006088,SO-2026-009970,1,2026-07-08,2,Defective
RT-006089,SO-2026-010183,1,2026-07-08,1,Changed mind
RT-006090,SO-2026-010424,2,2026-07-08,5,Damaged in transit
RT-006091,SO-2026-008670,2,2026-07-09,1,Defective
RT-006092,SO-2026-009307,2,2026-07-09,1,Defective
RT-006093,SO-2026-009381,2,2026-07-09,1,Changed mind
RT-006094,SO-2026-010035,2,2026-07-09,1,Changed mind
RT-006095,SO-2026-010548,1,2026-07-09,1,Changed mind
RT-006096,SO-2026-010576,1,2026-07-09,1,Changed mind
RT-006097,SO-2026-008816,3,2026-07-10,1,Changed mind
RT-006098,SO-2026-009116,3,2026-07-10,1,Changed mind
RT-006099,SO-2026-009351,1,2026-07-10,2,Wrong size
RT-006100,SO-2026-009696,1,2026-07-10,1,Changed mind
RT-006101,SO-2026-010138,2,2026-07-10,1,Changed mind
RT-006102,SO-2026-008927,1,2026-07-11,8,Defective
RT-006103,SO-2026-009191,2,2026-07-11,1,Damaged in transit
RT-006104,SO-2026-009629,2,2026-07-11,1,Defective
RT-006105,SO-2026-009647,1,2026-07-11,1,Wrong size
RT-006106,SO-2026-009777,1,2026-07-11,1,Defective
RT-006107,SO-2026-009804,1,2026-07-11,1,Defective
RT-006108,SO-2026-010428,2,2026-07-11,1,Wrong size
RT-006109,SO-2026-008908,1,2026-07-12,1,Defective
RT-006110,SO-2026-009082,1,2026-07-12,1,Wrong size
RT-006111,SO-2026-009417,2,2026-07-12,1,Defective
RT-006112,SO-2026-009570,4,2026-07-12,1,Wrong size
RT-006113,SO-2026-009579,2,2026-07-12,2,Defective
RT-006114,SO-2026-009715,1,2026-07-12,4,Damaged in transit
RT-006115,SO-2026-009896,2,2026-07-12,1,Defective
RT-006116,SO-2026-009941,3,2026-07-12,2,Changed mind
RT-006117,SO-2026-010067,2,2026-07-12,1,Defective
RT-006118,SO-2026-010716,1,2026-07-12,2,Not as described
RT-006119,SO-2026-009377,1,2026-07-13,2,Not as described
RT-006120,SO-2026-009480,1,2026-07-13,1,Defective
RT-006121,SO-2026-010188,4,2026-07-13,1,Defective
RT-006122,SO-2026-010793,1,2026-07-13,1,Wrong size
RT-006123,SO-2026-009019,3,2026-07-14,2,Changed mind
RT-006124,SO-2026-009149,1,2026-07-14,2,Wrong size
RT-006125,SO-2026-009409,3,2026-07-14,5,Not as described
RT-006126,SO-2026-009423,2,2026-07-14,2,Defective
RT-006127,SO-2026-009492,3,2026-07-14,2,Changed mind
RT-006128,SO-2026-009497,1,2026-07-14,1,Wrong size
RT-006129,SO-2026-009657,1,2026-07-14,1,Wrong size
RT-006130,SO-2026-009801,2,2026-07-14,1,Not as described
RT-006131,SO-2026-009890,1,2026-07-14,1,Not as described
RT-006132,SO-2026-010850,2,2026-07-14,1,Wrong size
RT-006133,SO-2026-009202,2,2026-07-15,1,Not as described
RT-006134,SO-2026-009563,1,2026-07-15,1,Defective
RT-006135,SO-2026-009914,1,2026-07-15,1,Wrong size
RT-006136,SO-2026-010192,1,2026-07-15,1,Changed mind
RT-006137,SO-2026-010254,1,2026-07-15,1,Damaged in transit
RT-006138,SO-2026-010472,1,2026-07-15,2,Wrong size
RT-006139,SO-2026-010665,2,2026-07-15,1,Wrong size
RT-006140,SO-2026-009219,1,2026-07-16,1,Defective
RT-006141,SO-2026-009243,1,2026-07-16,1,Defective
RT-006142,SO-2026-009364,2,2026-07-16,1,Damaged in transit
RT-006143,SO-2026-009695,1,2026-07-16,1,Not as described
RT-006144,SO-2026-009815,1,2026-07-16,1,Defective
RT-006145,SO-2026-010248,3,2026-07-16,2,Wrong size
RT-006146,SO-2026-010255,1,2026-07-16,1,Damaged in transit
RT-006147,SO-2026-010432,2,2026-07-16,1,Wrong size
RT-006148,SO-2026-010551,3,2026-07-16,1,Wrong size
RT-006149,SO-2026-010871,3,2026-07-16,1,Changed mind
RT-006150,SO-2026-009248,1,2026-07-17,1,Not as described
RT-006151,SO-2026-009501,2,2026-07-17,2,Changed mind
RT-006152,SO-2026-009628,3,2026-07-17,1,Damaged in transit
RT-006153,SO-2026-010057,1,2026-07-17,1,Damaged in transit
RT-006154,SO-2026-010289,1,2026-07-17,1,Defective
RT-006155,SO-2026-010335,2,2026-07-17,3,Changed mind
RT-006156,SO-2026-010415,1,2026-07-17,1,Damaged in transit
RT-006157,SO-2026-010515,1,2026-07-17,2,Wrong size
RT-006158,SO-2026-010516,1,2026-07-17,1,Wrong size
RT-006159,SO-2026-010752,2,2026-07-17,2,Changed mind
RT-006160,SO-2026-010773,2,2026-07-17,1,Damaged in transit
RT-006161,SO-2026-009170,2,2026-07-18,2,Changed mind
RT-006162,SO-2026-009661,2,2026-07-18,1,Wrong size
RT-006163,SO-2026-010269,1,2026-07-18,1,Wrong size
RT-006164,SO-2026-010387,1,2026-07-18,2,Changed mind
RT-006165,SO-2026-010397,2,2026-07-18,2,Defective
RT-006166,SO-2026-009319,3,2026-07-19,1,Changed mind
RT-006167,SO-2026-009628,1,2026-07-19,1,Defective
RT-006168,SO-2026-009766,2,2026-07-19,3,Changed mind
RT-006169,SO-2026-010461,1,2026-07-19,1,Changed mind
RT-006170,SO-2026-010702,1,2026-07-19,1,Wrong size
RT-006171,SO-2026-011019,2,2026-07-19,1,Defective
RT-006172,SO-2026-009555,3,2026-07-20,1,Wrong size
RT-006173,SO-2026-009819,1,2026-07-20,1,Damaged in transit
RT-006174,SO-2026-009978,1,2026-07-20,1,Wrong size
RT-006175,SO-2026-009980,1,2026-07-20,1,Wrong size
RT-006176,SO-2026-010044,3,2026-07-20,2,Changed mind
RT-006177,SO-2026-010553,1,2026-07-20,1,Defective
RT-006178,SO-2026-010713,1,2026-07-20,1,Damaged in transit
RT-006179,SO-2026-010735,1,2026-07-20,2,Changed mind
RT-006180,SO-2026-010807,2,2026-07-20,1,Defective
RT-006181,SO-2026-010829,3,2026-07-20,1,Not as described
RT-006182,SO-2026-009593,3,2026-07-21,1,Not as described
RT-006183,SO-2026-009895,1,2026-07-21,1,Wrong size
RT-006184,SO-2026-009931,1,2026-07-21,2,Not as described
RT-006185,SO-2026-010202,1,2026-07-21,1,Defective
RT-006186,SO-2026-010273,2,2026-07-21,2,Changed mind
RT-006187,SO-2026-011058,1,2026-07-21,1,Damaged in transit
RT-006188,SO-2026-011140,1,2026-07-21,1,Defective
RT-006189,SO-2026-010030,1,2026-07-22,2,Changed mind
RT-006190,SO-2026-010679,1,2026-07-22,1,Changed mind
RT-006191,SO-2026-011065,3,2026-07-22,2,Not as described
RT-006192,SO-2026-011186,2,2026-07-22,1,Changed mind
RT-006193,SO-2026-009794,2,2026-07-23,1,Wrong size
RT-006194,SO-2026-009807,2,2026-07-23,1,Defective
RT-006195,SO-2026-010582,3,2026-07-23,1,Changed mind
RT-006196,SO-2026-010791,1,2026-07-23,2,Wrong size
RT-006197,SO-2026-011053,1,2026-07-23,1,Damaged in transit
RT-006198,SO-2026-011419,1,2026-07-23,1,Damaged in transit
RT-006199,SO-2026-009745,1,2026-07-24,1,Not as described
RT-006200,SO-2026-009974,1,2026-07-24,1,Defective
RT-006201,SO-2026-010878,3,2026-07-24,1,Defective
RT-006202,SO-2026-011237,1,2026-07-24,1,Wrong size
RT-006203,SO-2026-011302,1,2026-07-24,1,Changed mind
RT-006204,SO-2026-009683,1,2026-07-25,1,Defective
RT-006205,SO-2026-010188,2,2026-07-25,2,Changed mind
RT-006206,SO-2026-010309,1,2026-07-25,3,Wrong size
RT-006207,SO-2026-010365,1,2026-07-25,1,Defective
RT-006208,SO-2026-010933,2,2026-07-25,1,Changed mind
RT-006209,SO-2026-011416,1,2026-07-25,2,Damaged in transit
RT-006210,SO-2026-010171,1,2026-07-26,1,Wrong size
RT-006211,SO-2026-010466,1,2026-07-26,1,Defective
RT-006212,SO-2026-010730,1,2026-07-26,1,Defective
RT-006213,SO-2026-010919,1,2026-07-26,1,Defective
RT-006214,SO-2026-010999,1,2026-07-26,1,Defective
RT-006215,SO-2026-011152,1,2026-07-26,1,Changed mind
RT-006216,SO-2026-011288,1,2026-07-26,1,Defective
RT-006217,SO-2026-011421,1,2026-07-26,1,Wrong size
RT-006218,SO-2026-011431,1,2026-07-26,3,Wrong size
RT-006219,SO-2026-009896,1,2026-07-27,1,Damaged in transit
RT-006220,SO-2026-009897,2,2026-07-27,1,Changed mind
RT-006221,SO-2026-009907,2,2026-07-27,1,Changed mind
RT-006222,SO-2026-010107,1,2026-07-27,1,Defective
RT-006223,SO-2026-010127,2,2026-07-27,1,Defective
RT-006224,SO-2026-010187,1,2026-07-27,2,Defective
RT-006225,SO-2026-010235,1,2026-07-27,4,Damaged in transit
RT-006226,SO-2026-010671,1,2026-07-27,1,Wrong size
RT-006227,SO-2026-011074,1,2026-07-27,1,Changed mind
RT-006228,SO-2026-011093,2,2026-07-27,1,Changed mind
RT-006229,SO-2026-011455,1,2026-07-27,2,Changed mind
RT-006230,SO-2026-011516,1,2026-07-27,1,Damaged in transit
RT-006231,SO-2026-011557,2,2026-07-27,3,Defective
RT-006232,SO-2026-011570,1,2026-07-27,1,Wrong size
RT-006233,SO-2026-011684,1,2026-07-27,2,Wrong size
RT-006234,SO-2026-010029,1,2026-07-28,1,Defective
RT-006235,SO-2026-010036,1,2026-07-28,1,Damaged in transit
RT-006236,SO-2026-010536,1,2026-07-28,1,Wrong size
RT-006237,SO-2026-011574,2,2026-07-28,4,Changed mind
RT-006238,SO-2026-011679,1,2026-07-28,1,Changed mind
RT-006239,SO-2026-010248,2,2026-07-29,1,Damaged in transit
RT-006240,SO-2026-010471,1,2026-07-29,1,Not as described
RT-006241,SO-2026-010995,1,2026-07-29,3,Changed mind
RT-006242,SO-2026-011638,1,2026-07-29,1,Changed mind
RT-006243,SO-2026-010663,1,2026-07-30,1,Wrong size
RT-006244,SO-2026-010871,1,2026-07-30,1,Damaged in transit
RT-006245,SO-2026-010882,3,2026-07-30,1,Not as described
RT-006246,SO-2026-011218,1,2026-07-30,2,Defective
RT-006247,SO-2026-011335,3,2026-07-30,1,Wrong size
RT-006248,SO-2026-011444,1,2026-07-30,1,Defective
RT-006249,SO-2026-011729,2,2026-07-30,1,Changed mind
RT-006250,SO-2026-011821,4,2026-07-30,1,Wrong size
RT-006251,SO-2026-011859,1,2026-07-30,1,Defective
RT-006252,SO-2026-010238,1,2026-07-31,1,Not as described
RT-006253,SO-2026-010623,1,2026-07-31,2,Wrong size
RT-006254,SO-2026-010915,3,2026-07-31,1,Defective
RT-006255,SO-2026-011170,1,2026-07-31,2,Wrong size
RT-006256,SO-2026-011235,1,2026-07-31,1,Changed mind
RT-006257,SO-2026-011287,1,2026-07-31,1,Changed mind
RT-006258,SO-2026-011790,1,2026-07-31,1,Changed mind
RT-006259,SO-2026-011874,2,2026-07-31,1,Damaged in transit
RT-006260,SO-2026-011882,3,2026-07-31,1,Wrong size
RT-006261,SO-2026-011924,1,2026-07-31,1,Changed mind
RT-006262,SO-2026-011938,1,2026-07-31,1,Wrong size
RT-006263,SO-2026-010381,1,2026-08-01,1,Changed mind
RT-006264,SO-2026-010556,2,2026-08-01,1,Defective
RT-006265,SO-2026-011503,1,2026-08-01,1,Changed mind
RT-006266,SO-2026-011563,1,2026-08-01,2,Defective
RT-006267,SO-2026-011929,1,2026-08-01,1,Defective
RT-006268,SO-2026-010490,1,2026-08-02,2,Wrong size
RT-006269,SO-2026-011109,1,2026-08-02,1,Changed mind
RT-006270,SO-2026-011226,1,2026-08-02,1,Changed mind
RT-006271,SO-2026-011325,1,2026-08-02,1,Damaged in transit
RT-006272,SO-2026-011920,2,2026-08-02,1,Changed mind
RT-006273,SO-2026-012062,1,2026-08-02,1,Defective
RT-006274,SO-2026-010380,1,2026-08-03,1,Defective
RT-006275,SO-2026-011513,1,2026-08-03,1,Wrong size
RT-006276,SO-2026-011567,2,2026-08-03,1,Damaged in transit
RT-006277,SO-2026-010780,3,2026-08-04,2,Changed mind
RT-006278,SO-2026-010815,1,2026-08-04,1,Wrong size
RT-006279,SO-2026-010630,2,2026-08-05,1,Defective
RT-006280,SO-2026-010818,1,2026-08-05,1,Not as described
RT-006281,SO-2026-011084,4,2026-08-05,3,Defective
RT-006282,SO-2026-011371,2,2026-08-05,1,Damaged in transit
RT-006283,SO-2026-011405,2,2026-08-05,1,Changed mind
RT-006284,SO-2026-011429,1,2026-08-05,2,Wrong size
RT-006285,SO-2026-011496,2,2026-08-05,1,Defective
RT-006286,SO-2026-012060,1,2026-08-05,1,Damaged in transit
RT-006287,SO-2026-010617,1,2026-08-06,2,Wrong size
RT-006288,SO-2026-010890,1,2026-08-06,1,Changed mind
RT-006289,SO-2026-011054,3,2026-08-06,1,Changed mind
RT-006290,SO-2026-011338,2,2026-08-06,1,Damaged in transit
RT-006291,SO-2026-011933,1,2026-08-06,4,Changed mind
RT-006292,SO-2026-011953,1,2026-08-06,1,Wrong size
RT-006293,SO-2026-012215,4,2026-08-06,1,Defective
RT-006294,SO-2026-010644,1,2026-08-07,1,Changed mind
RT-006295,SO-2026-010714,3,2026-08-07,1,Defective
RT-006296,SO-2026-011279,1,2026-08-07,1,Defective
RT-006297,SO-2026-012008,2,2026-08-07,1,Damaged in transit
RT-006298,SO-2026-012076,1,2026-08-07,1,Changed mind
RT-006299,SO-2026-012171,1,2026-08-07,1,Wrong size
RT-006300,SO-2026-011121,1,2026-08-08,1,Defective
RT-006301,SO-2026-011188,1,2026-08-08,1,Wrong size
RT-006302,SO-2026-011593,1,2026-08-08,1,Changed mind
RT-006303,SO-2026-012007,2,2026-08-08,1,Defective
RT-006304,SO-2026-012087,4,2026-08-08,2,Wrong size
RT-006305,SO-2026-012300,2,2026-08-08,2,Wrong size
RT-006306,SO-2026-010724,1,2026-08-09,1,Wrong size
RT-006307,SO-2026-011411,2,2026-08-09,4,Defective
RT-006308,SO-2026-011896,2,2026-08-09,1,Defective
RT-006309,SO-2026-012106,1,2026-08-09,1,Not as described
RT-006310,SO-2026-012156,3,2026-08-09,1,Wrong size
RT-006311,SO-2026-011065,2,2026-08-10,1,Defective
RT-006312,SO-2026-011245,1,2026-08-10,3,Defective
RT-006313,SO-2026-011332,2,2026-08-10,1,Defective
RT-006314,SO-2026-011483,1,2026-08-10,3,Defective
RT-006315,SO-2026-011550,1,2026-08-10,1,Defective
RT-006316,SO-2026-012423,2,2026-08-10,1,Wrong size
RT-006317,SO-2026-012618,2,2026-08-11,2,Defective
RT-006318,SO-2026-011190,1,2026-08-12,1,Wrong size
RT-006319,SO-2026-011661,3,2026-08-12,1,Defective
RT-006320,SO-2026-012189,1,2026-08-12,2,Changed mind
RT-006321,SO-2026-012322,4,2026-08-12,1,Not as described
RT-006322,SO-2026-012576,3,2026-08-12,1,Changed mind
RT-006323,SO-2026-012658,1,2026-08-12,1,Wrong size
RT-006324,SO-2026-011099,1,2026-08-13,1,Wrong size
RT-006325,SO-2026-011193,2,2026-08-13,1,Changed mind
RT-006326,SO-2026-011487,1,2026-08-13,1,Defective
RT-006327,SO-2026-011551,1,2026-08-13,2,Changed mind
RT-006328,SO-2026-011637,1,2026-08-13,2,Changed mind
RT-006329,SO-2026-012378,1,2026-08-13,5,Wrong size
RT-006330,SO-2026-012699,2,2026-08-13,2,Defective
RT-006331,SO-2026-011371,3,2026-08-14,1,Not as described
RT-006332,SO-2026-012366,1,2026-08-14,1,Wrong size
RT-006333,SO-2026-012741,1,2026-08-14,1,Wrong size
RT-006334,SO-2026-011339,1,2026-08-15,1,Defective
RT-006335,SO-2026-011502,3,2026-08-15,1,Damaged in transit
RT-006336,SO-2026-011675,3,2026-08-15,1,Defective
RT-006337,SO-2026-012229,4,2026-08-15,2,Damaged in transit
RT-006338,SO-2026-012272,1,2026-08-15,1,Not as described
RT-006339,SO-2026-012532,2,2026-08-15,2,Wrong size
RT-006340,SO-2026-011432,1,2026-08-16,1,Wrong size
RT-006341,SO-2026-011702,3,2026-08-16,1,Not as described
RT-006342,SO-2026-011976,1,2026-08-16,1,Damaged in transit
RT-006343,SO-2026-012129,1,2026-08-17,1,Damaged in transit
RT-006344,SO-2026-012763,1,2026-08-17,1,Wrong size
RT-006345,SO-2026-011765,1,2026-08-18,1,Defective
RT-006346,SO-2026-011914,3,2026-08-18,2,Changed mind
RT-006347,SO-2026-012388,2,2026-08-18,1,Not as described
RT-006348,SO-2026-012729,3,2026-08-18,2,Changed mind
RT-006349,SO-2026-011986,1,2026-08-19,1,Wrong size
RT-006350,SO-2026-011649,1,2026-08-20,1,Damaged in transit
RT-006351,SO-2026-011807,2,2026-08-20,1,Defective
RT-006352,SO-2026-012330,1,2026-08-20,1,Changed mind
RT-006353,SO-2026-012418,2,2026-08-20,1,Wrong size
RT-006354,SO-2026-012909,1,2026-08-20,1,Defective
RT-006355,SO-2026-012288,1,2026-08-21,1,Defective
RT-006356,SO-2026-012349,3,2026-08-21,1,Defective
RT-006357,SO-2026-012764,2,2026-08-21,1,Defective
RT-006358,SO-2026-012852,1,2026-08-21,1,Wrong size
RT-006359,SO-2026-013082,2,2026-08-21,2,Defective
RT-006360,SO-2026-011686,2,2026-08-22,1,Changed mind
RT-006361,SO-2026-011748,1,2026-08-22,1,Defective
RT-006362,SO-2026-012078,1,2026-08-22,1,Damaged in transit
RT-006363,SO-2026-012242,1,2026-08-22,1,Defective
RT-006364,SO-2026-012275,1,2026-08-22,1,Damaged in transit
RT-006365,SO-2026-012626,2,2026-08-22,1,Changed mind
RT-006366,SO-2026-012751,3,2026-08-22,1,Wrong size
RT-006367,SO-2026-012855,1,2026-08-22,1,Defective
RT-006368,SO-2026-012962,1,2026-08-22,3,Defective
RT-006369,SO-2026-012603,1,2026-08-23,1,Changed mind
RT-006370,SO-2026-012789,1,2026-08-23,1,Defective
RT-006371,SO-2026-011737,1,2026-08-24,2,Not as described
RT-006372,SO-2026-012012,4,2026-08-24,1,Defective
RT-006373,SO-2026-012075,3,2026-08-24,2,Wrong size
RT-006374,SO-2026-012267,2,2026-08-24,1,Wrong size
RT-006375,SO-2026-012283,1,2026-08-24,1,Damaged in transit
RT-006376,SO-2026-012381,1,2026-08-24,1,Damaged in transit
RT-006377,SO-2026-012781,3,2026-08-24,1,Changed mind
RT-006378,SO-2026-013300,2,2026-08-24,1,Defective
RT-006379,SO-2026-013340,3,2026-08-24,3,Defective
RT-006380,SO-2026-013452,3,2026-08-24,2,Changed mind
RT-006381,SO-2026-012250,2,2026-08-25,1,Defective
RT-006382,SO-2026-012351,2,2026-08-25,1,Wrong size
RT-006383,SO-2026-012398,1,2026-08-25,1,Defective
RT-006384,SO-2026-012720,2,2026-08-25,1,Damaged in transit
RT-006385,SO-2026-012758,1,2026-08-25,1,Wrong size
RT-006386,SO-2026-013002,1,2026-08-25,2,Wrong size
RT-006387,SO-2026-013222,1,2026-08-25,1,Not as described
RT-006388,SO-2026-013262,1,2026-08-25,1,Changed mind
RT-006389,SO-2026-012790,2,2026-08-26,1,Damaged in transit
RT-006390,SO-2026-012837,1,2026-08-26,1,Wrong size
RT-006391,SO-2026-013227,1,2026-08-26,1,Changed mind
RT-006392,SO-2026-013370,1,2026-08-26,1,Damaged in transit
RT-006393,SO-2026-013420,2,2026-08-26,2,Defective
RT-006394,SO-2026-013482,1,2026-08-26,2,Wrong size
RT-006395,SO-2026-013512,1,2026-08-26,2,Damaged in transit
RT-006396,SO-2026-012684,2,2026-08-27,1,Wrong size
RT-006397,SO-2026-012825,1,2026-08-27,1,Wrong size
RT-006398,SO-2026-012838,2,2026-08-27,1,Wrong size
RT-006399,SO-2026-012166,1,2026-08-28,1,Changed mind
RT-006400,SO-2026-012238,2,2026-08-28,1,Changed mind
RT-006401,SO-2026-012320,4,2026-08-28,1,Defective
RT-006402,SO-2026-012423,1,2026-08-28,2,Defective
RT-006403,SO-2026-013342,1,2026-08-28,1,Wrong size
RT-006404,SO-2026-013609,2,2026-08-28,1,Damaged in transit
RT-006405,SO-2026-013660,1,2026-08-28,2,Not as described
RT-006406,SO-2026-012581,3,2026-08-29,1,Not as described
RT-006407,SO-2026-012990,3,2026-08-29,2,Not as described
RT-006408,SO-2026-013072,3,2026-08-29,1,Damaged in transit
RT-006409,SO-2026-013232,1,2026-08-29,1,Changed mind
RT-006410,SO-2026-013281,1,2026-08-29,1,Changed mind
RT-006411,SO-2026-013722,2,2026-08-29,1,Changed mind
RT-006412,SO-2026-012155,1,2026-08-30,1,Defective
RT-006413,SO-2026-012759,2,2026-08-30,1,Changed mind
RT-006414,SO-2026-012922,1,2026-08-30,1,Not as described
RT-006415,SO-2026-013633,1,2026-08-30,1,Defective
RT-006416,SO-2026-012269,1,2026-08-31,1,Defective
RT-006417,SO-2026-012718,1,2026-08-31,1,Not as described
RT-006418,SO-2026-012801,2,2026-08-31,1,Changed mind
RT-006419,SO-2026-013061,1,2026-08-31,1,Damaged in transit
RT-006420,SO-2026-013339,2,2026-08-31,1,Wrong size
RT-006421,SO-2026-013458,1,2026-08-31,1,Not as described
RT-006422,SO-2026-013607,1,2026-08-31,1,Wrong size
RT-006423,SO-2026-013725,1,2026-08-31,1,Wrong size
RT-006424,SO-2026-013752,3,2026-08-31,1,Changed mind
RT-006425,SO-2026-012662,2,2026-09-01,1,Damaged in transit
RT-006426,SO-2026-012783,1,2026-09-01,1,Changed mind
RT-006427,SO-2026-012866,2,2026-09-01,1,Wrong size
RT-006428,SO-2026-013244,1,2026-09-01,1,Wrong size
RT-006429,SO-2026-013403,2,2026-09-01,1,Changed mind
RT-006430,SO-2026-013432,3,2026-09-01,1,Defective
RT-006431,SO-2026-013522,2,2026-09-01,1,Changed mind
RT-006432,SO-2026-012347,2,2026-09-02,1,Damaged in transit
RT-006433,SO-2026-012882,1,2026-09-02,2,Wrong size
RT-006434,SO-2026-013236,1,2026-09-02,1,Wrong size
RT-006435,SO-2026-012771,1,2026-09-03,2,Wrong size
RT-006436,SO-2026-013785,2,2026-09-03,1,Wrong size
RT-006437,SO-2026-013908,2,2026-09-03,1,Defective
RT-006438,SO-2026-013913,1,2026-09-03,1,Changed mind
RT-006439,SO-2026-012682,1,2026-09-04,1,Changed mind
RT-006440,SO-2026-012719,1,2026-09-04,2,Changed mind
RT-006441,SO-2026-013246,3,2026-09-04,2,Wrong size
RT-006442,SO-2026-013261,1,2026-09-04,1,Changed mind
RT-006443,SO-2026-013295,1,2026-09-04,1,Defective
RT-006444,SO-2026-013969,2,2026-09-04,1,Changed mind
RT-006445,SO-2026-012851,2,2026-09-05,1,Damaged in transit
RT-006446,SO-2026-012970,1,2026-09-05,2,Defective
RT-006447,SO-2026-013121,1,2026-09-05,1,Changed mind
RT-006448,SO-2026-013168,2,2026-09-05,1,Changed mind
RT-006449,SO-2026-013180,1,2026-09-05,2,Damaged in transit
RT-006450,SO-2026-014076,1,2026-09-05,1,Defective
RT-006451,SO-2026-013331,1,2026-09-06,1,Wrong size
RT-006452,SO-2026-013662,1,2026-09-06,2,Defective
RT-006453,SO-2026-013673,1,2026-09-06,2,Not as described
RT-006454,SO-2026-013742,2,2026-09-06,1,Wrong size
RT-006455,SO-2026-014176,1,2026-09-06,1,Defective
RT-006456,SO-2026-014177,1,2026-09-06,1,Defective
RT-006457,SO-2026-012977,1,2026-09-07,1,Wrong size
RT-006458,SO-2026-013610,3,2026-09-07,1,Wrong size
RT-006459,SO-2026-013883,1,2026-09-07,1,Not as described
RT-006460,SO-2026-013925,2,2026-09-07,2,Wrong size
RT-006461,SO-2026-014237,1,2026-09-07,1,Not as described
RT-006462,SO-2026-012708,2,2026-09-08,2,Changed mind
RT-006463,SO-2026-013486,1,2026-09-08,1,Defective
RT-006464,SO-2026-013819,2,2026-09-08,1,Wrong size
RT-006465,SO-2026-013904,1,2026-09-08,1,Defective
RT-006466,SO-2026-014140,1,2026-09-08,1,Changed mind
RT-006467,SO-2026-013002,3,2026-09-09,1,Damaged in transit
RT-006468,SO-2026-013281,2,2026-09-09,1,Defective
RT-006469,SO-2026-013288,1,2026-09-09,1,Wrong size
RT-006470,SO-2026-013439,2,2026-09-09,1,Defective
RT-006471,SO-2026-014015,2,2026-09-09,1,Defective
RT-006472,SO-2026-012789,4,2026-09-10,2,Changed mind
RT-006473,SO-2026-014056,3,2026-09-10,1,Defective
RT-006474,SO-2026-014374,4,2026-09-10,1,Changed mind
RT-006475,SO-2026-012919,2,2026-09-11,1,Defective
RT-006476,SO-2026-014458,2,2026-09-11,2,Changed mind
RT-006477,SO-2026-012927,2,2026-09-12,1,Wrong size
RT-006478,SO-2026-012963,1,2026-09-12,3,Wrong size
RT-006479,SO-2026-013097,1,2026-09-12,1,Wrong size
RT-006480,SO-2026-013612,1,2026-09-12,1,Wrong size
RT-006481,SO-2026-013695,2,2026-09-12,1,Damaged in transit
RT-006482,SO-2026-014013,4,2026-09-12,1,Wrong size
RT-006483,SO-2026-014278,1,2026-09-12,1,Not as described
RT-006484,SO-2026-013146,2,2026-09-13,1,Changed mind
RT-006485,SO-2026-013179,3,2026-09-13,1,Defective
RT-006486,SO-2026-014042,1,2026-09-13,1,Changed mind
RT-006487,SO-2026-014328,1,2026-09-13,2,Wrong size
RT-006488,SO-2026-013172,1,2026-09-14,1,Damaged in transit
RT-006489,SO-2026-013589,1,2026-09-14,1,Wrong size
RT-006490,SO-2026-013757,1,2026-09-14,1,Wrong size
RT-006491,SO-2026-014366,2,2026-09-14,1,Changed mind
RT-006492,SO-2026-013164,1,2026-09-15,1,Changed mind
RT-006493,SO-2026-013336,1,2026-09-15,1,Defective
RT-006494,SO-2026-013432,1,2026-09-15,1,Defective
RT-006495,SO-2026-014098,2,2026-09-15,1,Wrong size
RT-006496,SO-2026-014403,2,2026-09-15,1,Wrong size
RT-006497,SO-2026-014535,2,2026-09-15,1,Changed mind
RT-006498,SO-2026-013965,1,2026-09-16,2,Wrong size
RT-006499,SO-2026-014518,4,2026-09-16,1,Wrong size
RT-006500,SO-2026-014519,1,2026-09-16,2,Changed mind
RT-006501,SO-2026-013338,1,2026-09-17,1,Defective
RT-006502,SO-2026-013598,1,2026-09-17,1,Changed mind
RT-006503,SO-2026-013677,1,2026-09-17,1,Defective
RT-006504,SO-2026-013726,1,2026-09-17,1,Wrong size
RT-006505,SO-2026-013741,3,2026-09-17,1,Defective
RT-006506,SO-2026-013953,1,2026-09-17,2,Wrong size
RT-006507,SO-2026-014590,1,2026-09-17,1,Wrong size
RT-006508,SO-2026-014624,2,2026-09-17,1,Defective
RT-006509,SO-2026-013919,1,2026-09-18,2,Changed mind
RT-006510,SO-2026-013924,2,2026-09-18,1,Not as described
RT-006511,SO-2026-014272,1,2026-09-18,1,Damaged in transit
RT-006512,SO-2026-014302,2,2026-09-18,1,Wrong size
RT-006513,SO-2026-014812,1,2026-09-18,1,Not as described
RT-006514,SO-2026-013426,2,2026-09-19,1,Not as described
RT-006515,SO-2026-013463,1,2026-09-19,1,Changed mind
RT-006516,SO-2026-013706,3,2026-09-19,1,Changed mind
RT-006517,SO-2026-013843,1,2026-09-19,1,Not as described
RT-006518,SO-2026-014063,2,2026-09-19,1,Not as described
RT-006519,SO-2026-014101,1,2026-09-19,1,Not as described
RT-006520,SO-2026-014138,1,2026-09-19,1,Defective
RT-006521,SO-2026-014235,2,2026-09-19,2,Changed mind
RT-006522,SO-2026-014658,2,2026-09-19,1,Damaged in transit
RT-006523,SO-2026-013444,1,2026-09-20,1,Changed mind
RT-006524,SO-2026-013545,1,2026-09-20,2,Not as described
RT-006525,SO-2026-013633,2,2026-09-20,1,Defective
RT-006526,SO-2026-014167,1,2026-09-20,1,Wrong size
RT-006527,SO-2026-014182,2,2026-09-20,1,Defective
RT-006528,SO-2026-014582,4,2026-09-20,1,Defective
RT-006529,SO-2026-014666,2,2026-09-20,2,Wrong size
RT-006530,SO-2026-013414,2,2026-09-21,2,Changed mind
RT-006531,SO-2026-013734,3,2026-09-21,2,Damaged in transit
RT-006532,SO-2026-013755,2,2026-09-21,1,Changed mind
RT-006533,SO-2026-013943,3,2026-09-21,1,Defective
RT-006534,SO-2026-014511,3,2026-09-21,1,Not as described
RT-006535,SO-2026-014524,2,2026-09-21,1,Wrong size
RT-006536,SO-2026-014582,3,2026-09-21,2,Changed mind
RT-006537,SO-2026-014631,1,2026-09-21,1,Wrong size
RT-006538,SO-2026-014712,2,2026-09-21,2,Wrong size
RT-006539,SO-2026-014908,1,2026-09-21,1,Defective
RT-006540,SO-2026-013884,2,2026-09-22,1,Wrong size
RT-006541,SO-2026-014108,3,2026-09-22,2,Wrong size
RT-006542,SO-2026-014159,1,2026-09-22,2,Not as described
RT-006543,SO-2026-014190,2,2026-09-22,1,Wrong size
RT-006544,SO-2026-014284,1,2026-09-22,1,Changed mind
RT-006545,SO-2026-014472,1,2026-09-22,1,Defective
RT-006546,SO-2026-014740,1,2026-09-22,1,Not as described
RT-006547,SO-2026-013537,1,2026-09-23,2,Defective
RT-006548,SO-2026-013564,1,2026-09-23,1,Damaged in transit
RT-006549,SO-2026-013667,2,2026-09-23,1,Not as described
RT-006550,SO-2026-014147,2,2026-09-23,1,Changed mind
RT-006551,SO-2026-014627,2,2026-09-23,1,Not as described
RT-006552,SO-2026-014886,2,2026-09-23,1,Changed mind
RT-006553,SO-2026-013599,2,2026-09-24,2,Not as described
RT-006554,SO-2026-013632,2,2026-09-24,1,Defective
RT-006555,SO-2026-013727,1,2026-09-24,1,Damaged in transit
RT-006556,SO-2026-014105,1,2026-09-24,1,Changed mind
RT-006557,SO-2026-014186,1,2026-09-24,1,Defective
RT-006558,SO-2026-014473,2,2026-09-24,2,Wrong size
RT-006559,SO-2026-014522,1,2026-09-24,1,Damaged in transit
RT-006560,SO-2026-014062,1,2026-09-25,1,Damaged in transit
RT-006561,SO-2026-014508,2,2026-09-25,2,Wrong size
RT-006562,SO-2026-014534,3,2026-09-25,1,Wrong size
RT-006563,SO-2026-014562,1,2026-09-25,2,Changed mind
RT-006564,SO-2026-014962,1,2026-09-25,1,Wrong size
RT-006565,SO-2026-014933,1,2026-09-26,1,Not as described
RT-006566,SO-2026-013897,2,2026-09-27,1,Damaged in transit
RT-006567,SO-2026-013908,1,2026-09-27,1,Defective
RT-006568,SO-2026-013925,1,2026-09-27,2,Defective
RT-006569,SO-2026-014991,3,2026-09-27,2,Defective
RT-006570,SO-2026-015113,1,2026-09-27,2,Wrong size
RT-006571,SO-2026-014117,1,2026-09-28,1,Wrong size
RT-006572,SO-2026-014296,1,2026-09-28,1,Damaged in transit
RT-006573,SO-2026-014355,1,2026-09-28,1,Changed mind
RT-006574,SO-2026-014830,2,2026-09-28,1,Changed mind
RT-006575,SO-2026-014982,1,2026-09-28,1,Changed mind
RT-006576,SO-2026-015125,1,2026-09-28,2,Changed mind
RT-006577,SO-2026-015190,1,2026-09-28,1,Defective
RT-006578,SO-2026-014450,1,2026-09-29,1,Wrong size
RT-006579,SO-2026-014701,1,2026-09-29,1,Changed mind
RT-006580,SO-2026-015138,2,2026-09-29,1,Damaged in transit
RT-006581,SO-2026-013979,1,2026-09-30,1,Changed mind
RT-006582,SO-2026-014163,1,2026-09-30,2,Changed mind
RT-006583,SO-2026-014477,1,2026-09-30,1,Defective
RT-006584,SO-2026-014751,1,2026-09-30,1,Wrong size
RT-006585,SO-2026-014860,4,2026-09-30,1,Changed mind
RT-006586,SO-2026-015310,1,2026-09-30,1,Not as described
